region_bld,urt,mat,arch,year,value
C-EEU-BGR,rur,perm,mfh,2015,0.5867205463804286
C-EEU-BGR,rur,perm,mfh,2020,0.5887841170410215
C-EEU-BGR,rur,perm,mfh,2025,0.590510407845599
C-EEU-BGR,rur,perm,mfh,2030,0.5918664788742626
C-EEU-BGR,rur,perm,mfh,2035,0.5928365472172001
C-EEU-BGR,rur,perm,mfh,2040,0.5934245245552561
C-EEU-BGR,rur,perm,mfh,2045,0.5936548042025109
C-EEU-BGR,rur,perm,mfh,2050,0.5935712369266186
C-EEU-BGR,rur,perm,mfh,2055,0.5932345960055355
C-EEU-BGR,rur,perm,mfh,2060,0.592719121160562
C-EEU-BGR,rur,perm,mfh,2065,0.5921088814105315
C-EEU-BGR,rur,perm,mfh,2070,0.591494699157459
C-EEU-BGR,rur,perm,mfh,2075,0.5909722781984635
C-EEU-BGR,rur,perm,mfh,2080,0.5906420570892236
C-EEU-BGR,rur,perm,mfh,2085,0.5906112568836809
C-EEU-BGR,rur,perm,mfh,2090,0.5909987014084968
C-EEU-BGR,rur,perm,mfh,2095,0.5919433736334759
C-EEU-BGR,rur,perm,mfh,2100,0.5936185331892752
C-EEU-BGR,rur,perm,sfh,2015,0.4132794536195714
C-EEU-BGR,rur,perm,sfh,2020,0.41121588295897854
C-EEU-BGR,rur,perm,sfh,2025,0.40948959215440095
C-EEU-BGR,rur,perm,sfh,2030,0.40813352112573736
C-EEU-BGR,rur,perm,sfh,2035,0.4071634527827998
C-EEU-BGR,rur,perm,sfh,2040,0.406575475444744
C-EEU-BGR,rur,perm,sfh,2045,0.4063451957974891
C-EEU-BGR,rur,perm,sfh,2050,0.4064287630733813
C-EEU-BGR,rur,perm,sfh,2055,0.4067654039944644
C-EEU-BGR,rur,perm,sfh,2060,0.407280878839438
C-EEU-BGR,rur,perm,sfh,2065,0.40789111858946836
C-EEU-BGR,rur,perm,sfh,2070,0.40850530084254105
C-EEU-BGR,rur,perm,sfh,2075,0.4090277218015364
C-EEU-BGR,rur,perm,sfh,2080,0.4093579429107764
C-EEU-BGR,rur,perm,sfh,2085,0.4093887431163191
C-EEU-BGR,rur,perm,sfh,2090,0.4090012985915033
C-EEU-BGR,rur,perm,sfh,2095,0.408056626366524
C-EEU-BGR,rur,perm,sfh,2100,0.40638146681072485
C-EEU-BGR,sub,perm,mfh,2015,0.6045783398240241
C-EEU-BGR,sub,perm,mfh,2020,0.6048842074903031
C-EEU-BGR,sub,perm,mfh,2025,0.6051016581930299
C-EEU-BGR,sub,perm,mfh,2030,0.6052381875557376
C-EEU-BGR,sub,perm,mfh,2035,0.6053013158745343
C-EEU-BGR,sub,perm,mfh,2040,0.6052988918524419
C-EEU-BGR,sub,perm,mfh,2045,0.6052394020343113
C-EEU-BGR,sub,perm,mfh,2050,0.6051322860717248
C-EEU-BGR,sub,perm,mfh,2055,0.6049882523736467
C-EEU-BGR,sub,perm,mfh,2060,0.6048195814792796
C-EEU-BGR,sub,perm,mfh,2065,0.6046403954300116
C-EEU-BGR,sub,perm,mfh,2070,0.6044668607282234
C-EEU-BGR,sub,perm,mfh,2075,0.6043172810581483
C-EEU-BGR,sub,perm,mfh,2080,0.6042120257416431
C-EEU-BGR,sub,perm,mfh,2085,0.6041732341283597
C-EEU-BGR,sub,perm,mfh,2090,0.6042242392428034
C-EEU-BGR,sub,perm,mfh,2095,0.6043886711089718
C-EEU-BGR,sub,perm,mfh,2100,0.6046892354124008
C-EEU-BGR,sub,perm,sfh,2015,0.3954216601759758
C-EEU-BGR,sub,perm,sfh,2020,0.3951157925096968
C-EEU-BGR,sub,perm,sfh,2025,0.3948983418069701
C-EEU-BGR,sub,perm,sfh,2030,0.3947618124442624
C-EEU-BGR,sub,perm,sfh,2035,0.39469868412546577
C-EEU-BGR,sub,perm,sfh,2040,0.39470110814755804
C-EEU-BGR,sub,perm,sfh,2045,0.3947605979656887
C-EEU-BGR,sub,perm,sfh,2050,0.3948677139282753
C-EEU-BGR,sub,perm,sfh,2055,0.3950117476263533
C-EEU-BGR,sub,perm,sfh,2060,0.39518041852072044
C-EEU-BGR,sub,perm,sfh,2065,0.39535960456998837
C-EEU-BGR,sub,perm,sfh,2070,0.39553313927177663
C-EEU-BGR,sub,perm,sfh,2075,0.39568271894185175
C-EEU-BGR,sub,perm,sfh,2080,0.39578797425835677
C-EEU-BGR,sub,perm,sfh,2085,0.3958267658716403
C-EEU-BGR,sub,perm,sfh,2090,0.3957757607571965
C-EEU-BGR,sub,perm,sfh,2095,0.3956113288910282
C-EEU-BGR,sub,perm,sfh,2100,0.39531076458759923
C-EEU-BGR,urb,perm,mfh,2015,0.7821453820144385
C-EEU-BGR,urb,perm,mfh,2020,0.7816149812471019
C-EEU-BGR,urb,perm,mfh,2025,0.7809773120144521
C-EEU-BGR,urb,perm,mfh,2030,0.7802325402960446
C-EEU-BGR,urb,perm,mfh,2035,0.7793807998377116
C-EEU-BGR,urb,perm,mfh,2040,0.7784229809779564
C-EEU-BGR,urb,perm,mfh,2045,0.777361737091692
C-EEU-BGR,urb,perm,mfh,2050,0.7762027903519579
C-EEU-BGR,urb,perm,mfh,2055,0.774956611364756
C-EEU-BGR,urb,perm,mfh,2060,0.7736405161233005
C-EEU-BGR,urb,perm,mfh,2065,0.7722811474770247
C-EEU-BGR,urb,perm,mfh,2070,0.7709171594503316
C-EEU-BGR,urb,perm,mfh,2075,0.7696016759392356
C-EEU-BGR,urb,perm,mfh,2080,0.7684037504388402
C-EEU-BGR,urb,perm,mfh,2085,0.7674076785653903
C-EEU-BGR,urb,perm,mfh,2090,0.7667087988816885
C-EEU-BGR,urb,perm,mfh,2095,0.7664046827841421
C-EEU-BGR,urb,perm,mfh,2100,0.7665817005029526
C-EEU-BGR,urb,perm,sfh,2015,0.21785461798556136
C-EEU-BGR,urb,perm,sfh,2020,0.21838501875289806
C-EEU-BGR,urb,perm,sfh,2025,0.21902268798554783
C-EEU-BGR,urb,perm,sfh,2030,0.21976745970395542
C-EEU-BGR,urb,perm,sfh,2035,0.22061920016228842
C-EEU-BGR,urb,perm,sfh,2040,0.22157701902204358
C-EEU-BGR,urb,perm,sfh,2045,0.22263826290830804
C-EEU-BGR,urb,perm,sfh,2050,0.22379720964804212
C-EEU-BGR,urb,perm,sfh,2055,0.22504338863524403
C-EEU-BGR,urb,perm,sfh,2060,0.22635948387669944
C-EEU-BGR,urb,perm,sfh,2065,0.22771885252297533
C-EEU-BGR,urb,perm,sfh,2070,0.22908284054966835
C-EEU-BGR,urb,perm,sfh,2075,0.23039832406076433
C-EEU-BGR,urb,perm,sfh,2080,0.23159624956115968
C-EEU-BGR,urb,perm,sfh,2085,0.23259232143460973
C-EEU-BGR,urb,perm,sfh,2090,0.23329120111831148
C-EEU-BGR,urb,perm,sfh,2095,0.2335953172158579
C-EEU-BGR,urb,perm,sfh,2100,0.23341829949704734
C-EEU-CZE,rur,perm,mfh,2015,0.6756395827844822
C-EEU-CZE,rur,perm,mfh,2020,0.6755834027702977
C-EEU-CZE,rur,perm,mfh,2025,0.6754991014064679
C-EEU-CZE,rur,perm,mfh,2030,0.6753887630230113
C-EEU-CZE,rur,perm,mfh,2035,0.67525378215562
C-EEU-CZE,rur,perm,mfh,2040,0.675095181662463
C-EEU-CZE,rur,perm,mfh,2045,0.674913878000711
C-EEU-CZE,rur,perm,mfh,2050,0.6747109295431905
C-EEU-CZE,rur,perm,mfh,2055,0.6744877892831349
C-EEU-CZE,rur,perm,mfh,2060,0.6742465718748882
C-EEU-CZE,rur,perm,mfh,2065,0.6739903330171715
C-EEU-CZE,rur,perm,mfh,2070,0.6737233444788355
C-EEU-CZE,rur,perm,mfh,2075,0.6734513298870549
C-EEU-CZE,rur,perm,mfh,2080,0.6731816063838616
C-EEU-CZE,rur,perm,mfh,2085,0.6729230605401484
C-EEU-CZE,rur,perm,mfh,2090,0.6726858826495248
C-EEU-CZE,rur,perm,mfh,2095,0.6724810032600324
C-EEU-CZE,rur,perm,mfh,2100,0.6723192282538982
C-EEU-CZE,rur,perm,sfh,2015,0.32436041721551784
C-EEU-CZE,rur,perm,sfh,2020,0.3244165972297023
C-EEU-CZE,rur,perm,sfh,2025,0.32450089859353215
C-EEU-CZE,rur,perm,sfh,2030,0.3246112369769887
C-EEU-CZE,rur,perm,sfh,2035,0.32474621784438
C-EEU-CZE,rur,perm,sfh,2040,0.324904818337537
C-EEU-CZE,rur,perm,sfh,2045,0.32508612199928894
C-EEU-CZE,rur,perm,sfh,2050,0.32528907045680944
C-EEU-CZE,rur,perm,sfh,2055,0.3255122107168651
C-EEU-CZE,rur,perm,sfh,2060,0.3257534281251118
C-EEU-CZE,rur,perm,sfh,2065,0.3260096669828285
C-EEU-CZE,rur,perm,sfh,2070,0.32627665552116447
C-EEU-CZE,rur,perm,sfh,2075,0.32654867011294514
C-EEU-CZE,rur,perm,sfh,2080,0.32681839361613835
C-EEU-CZE,rur,perm,sfh,2085,0.32707693945985156
C-EEU-CZE,rur,perm,sfh,2090,0.3273141173504752
C-EEU-CZE,rur,perm,sfh,2095,0.32751899673996765
C-EEU-CZE,rur,perm,sfh,2100,0.3276807717461017
C-EEU-CZE,sub,perm,mfh,2015,0.6968383681758415
C-EEU-CZE,sub,perm,mfh,2020,0.696866388368767
C-EEU-CZE,sub,perm,mfh,2025,0.6968047798793069
C-EEU-CZE,sub,perm,mfh,2030,0.6966646646063941
C-EEU-CZE,sub,perm,mfh,2035,0.6964559445038819
C-EEU-CZE,sub,perm,mfh,2040,0.6961879024648207
C-EEU-CZE,sub,perm,mfh,2045,0.6958697093049286
C-EEU-CZE,sub,perm,mfh,2050,0.6955108664252374
C-EEU-CZE,sub,perm,mfh,2055,0.6951215988277568
C-EEU-CZE,sub,perm,mfh,2060,0.6947132005561687
C-EEU-CZE,sub,perm,mfh,2065,0.6942983229202055
C-EEU-CZE,sub,perm,mfh,2070,0.6938911845267066
C-EEU-CZE,sub,perm,mfh,2075,0.6935076715670999
C-EEU-CZE,sub,perm,mfh,2080,0.6931652883742693
C-EEU-CZE,sub,perm,mfh,2085,0.6928829143746698
C-EEU-CZE,sub,perm,mfh,2090,0.6926803274910144
C-EEU-CZE,sub,perm,mfh,2095,0.6925774692769313
C-EEU-CZE,sub,perm,mfh,2100,0.6925934560305244
C-EEU-CZE,sub,perm,sfh,2015,0.3031616318241584
C-EEU-CZE,sub,perm,sfh,2020,0.3031336116312329
C-EEU-CZE,sub,perm,sfh,2025,0.30319522012069305
C-EEU-CZE,sub,perm,sfh,2030,0.3033353353936059
C-EEU-CZE,sub,perm,sfh,2035,0.3035440554961181
C-EEU-CZE,sub,perm,sfh,2040,0.30381209753517924
C-EEU-CZE,sub,perm,sfh,2045,0.3041302906950713
C-EEU-CZE,sub,perm,sfh,2050,0.3044891335747626
C-EEU-CZE,sub,perm,sfh,2055,0.30487840117224313
C-EEU-CZE,sub,perm,sfh,2060,0.3052867994438313
C-EEU-CZE,sub,perm,sfh,2065,0.30570167707979434
C-EEU-CZE,sub,perm,sfh,2070,0.30610881547329344
C-EEU-CZE,sub,perm,sfh,2075,0.30649232843290014
C-EEU-CZE,sub,perm,sfh,2080,0.30683471162573084
C-EEU-CZE,sub,perm,sfh,2085,0.30711708562533024
C-EEU-CZE,sub,perm,sfh,2090,0.30731967250898573
C-EEU-CZE,sub,perm,sfh,2095,0.30742253072306863
C-EEU-CZE,sub,perm,sfh,2100,0.30740654396947564
C-EEU-CZE,urb,perm,mfh,2015,0.8274351990683374
C-EEU-CZE,urb,perm,mfh,2020,0.8274823349854711
C-EEU-CZE,urb,perm,mfh,2025,0.8274243748519496
C-EEU-CZE,urb,perm,mfh,2030,0.8272738655102739
C-EEU-CZE,urb,perm,mfh,2035,0.8270414001753857
C-EEU-CZE,urb,perm,mfh,2040,0.8267365546417521
C-EEU-CZE,urb,perm,mfh,2045,0.8263686793554388
C-EEU-CZE,urb,perm,mfh,2050,0.8259476121063245
C-EEU-CZE,urb,perm,mfh,2055,0.825484345973878
C-EEU-CZE,urb,perm,mfh,2060,0.8249916609893746
C-EEU-CZE,urb,perm,mfh,2065,0.8244847011719666
C-EEU-CZE,urb,perm,mfh,2070,0.823981448887593
C-EEU-CZE,urb,perm,mfh,2075,0.8235030163268852
C-EEU-CZE,urb,perm,mfh,2080,0.8230736435741075
C-EEU-CZE,urb,perm,mfh,2085,0.8227202734921595
C-EEU-CZE,urb,perm,mfh,2090,0.8224715797860898
C-EEU-CZE,urb,perm,mfh,2095,0.822356372783223
C-EEU-CZE,urb,perm,mfh,2100,0.8224014095946748
C-EEU-CZE,urb,perm,sfh,2015,0.17256480093166257
C-EEU-CZE,urb,perm,sfh,2020,0.17251766501452884
C-EEU-CZE,urb,perm,sfh,2025,0.17257562514805022
C-EEU-CZE,urb,perm,sfh,2030,0.172726134489726
C-EEU-CZE,urb,perm,sfh,2035,0.17295859982461434
C-EEU-CZE,urb,perm,sfh,2040,0.1732634453582479
C-EEU-CZE,urb,perm,sfh,2045,0.17363132064456116
C-EEU-CZE,urb,perm,sfh,2050,0.17405238789367555
C-EEU-CZE,urb,perm,sfh,2055,0.17451565402612204
C-EEU-CZE,urb,perm,sfh,2060,0.17500833901062546
C-EEU-CZE,urb,perm,sfh,2065,0.1755152988280334
C-EEU-CZE,urb,perm,sfh,2070,0.17601855111240705
C-EEU-CZE,urb,perm,sfh,2075,0.17649698367311492
C-EEU-CZE,urb,perm,sfh,2080,0.17692635642589247
C-EEU-CZE,urb,perm,sfh,2085,0.17727972650784052
C-EEU-CZE,urb,perm,sfh,2090,0.17752842021391013
C-EEU-CZE,urb,perm,sfh,2095,0.17764362721677698
C-EEU-CZE,urb,perm,sfh,2100,0.17759859040532527
C-EEU-EST,rur,perm,mfh,2015,0.67667901658889
C-EEU-EST,rur,perm,mfh,2020,0.6766391600831168
C-EEU-EST,rur,perm,mfh,2025,0.6762904274764272
C-EEU-EST,rur,perm,mfh,2030,0.6756777490729453
C-EEU-EST,rur,perm,mfh,2035,0.6748372167146615
C-EEU-EST,rur,perm,mfh,2040,0.6738026034341413
C-EEU-EST,rur,perm,mfh,2045,0.672611279266706
C-EEU-EST,rur,perm,mfh,2050,0.6713103171966427
C-EEU-EST,rur,perm,mfh,2055,0.669963163147433
C-EEU-EST,rur,perm,mfh,2060,0.6686567104884646
C-EEU-EST,rur,perm,mfh,2065,0.6675077650988144
C-EEU-EST,rur,perm,mfh,2070,0.6666665852796381
C-EEU-EST,rur,perm,mfh,2075,0.6663135970800602
C-EEU-EST,rur,perm,mfh,2080,0.666644354317177
C-EEU-EST,rur,perm,mfh,2085,0.6678390971988912
C-EEU-EST,rur,perm,mfh,2090,0.6700188760133344
C-EEU-EST,rur,perm,mfh,2095,0.6731999393557812
C-EEU-EST,rur,perm,mfh,2100,0.6772665347298961
C-EEU-EST,rur,perm,sfh,2015,0.32332098341111004
C-EEU-EST,rur,perm,sfh,2020,0.3233608399168832
C-EEU-EST,rur,perm,sfh,2025,0.32370957252357274
C-EEU-EST,rur,perm,sfh,2030,0.32432225092705474
C-EEU-EST,rur,perm,sfh,2035,0.3251627832853386
C-EEU-EST,rur,perm,sfh,2040,0.3261973965658587
C-EEU-EST,rur,perm,sfh,2045,0.32738872073329406
C-EEU-EST,rur,perm,sfh,2050,0.32868968280335736
C-EEU-EST,rur,perm,sfh,2055,0.33003683685256696
C-EEU-EST,rur,perm,sfh,2060,0.3313432895115354
C-EEU-EST,rur,perm,sfh,2065,0.3324922349011857
C-EEU-EST,rur,perm,sfh,2070,0.33333341472036193
C-EEU-EST,rur,perm,sfh,2075,0.33368640291993973
C-EEU-EST,rur,perm,sfh,2080,0.3333556456828232
C-EEU-EST,rur,perm,sfh,2085,0.3321609028011087
C-EEU-EST,rur,perm,sfh,2090,0.32998112398666557
C-EEU-EST,rur,perm,sfh,2095,0.3268000606442188
C-EEU-EST,rur,perm,sfh,2100,0.32273346527010405
C-EEU-EST,sub,perm,mfh,2015,0.6911509434533458
C-EEU-EST,sub,perm,mfh,2020,0.6912759748997698
C-EEU-EST,sub,perm,mfh,2025,0.691029749065991
C-EEU-EST,sub,perm,mfh,2030,0.6904688302933488
C-EEU-EST,sub,perm,mfh,2035,0.6896459038984164
C-EEU-EST,sub,perm,mfh,2040,0.6886124500367425
C-EEU-EST,sub,perm,mfh,2045,0.6874209666524377
C-EEU-EST,sub,perm,mfh,2050,0.6861268259542463
C-EEU-EST,sub,perm,mfh,2055,0.6847897772222751
C-EEU-EST,sub,perm,mfh,2060,0.6834750476474315
C-EEU-EST,sub,perm,mfh,2065,0.6822539400475885
C-EEU-EST,sub,perm,mfh,2070,0.6812037845640478
C-EEU-EST,sub,perm,mfh,2075,0.6804070785481936
C-EEU-EST,sub,perm,mfh,2080,0.6799496565665973
C-EEU-EST,sub,perm,mfh,2085,0.679917784297718
C-EEU-EST,sub,perm,mfh,2090,0.6803941768134214
C-EEU-EST,sub,perm,mfh,2095,0.6814531045709276
C-EEU-EST,sub,perm,mfh,2100,0.6831549536418389
C-EEU-EST,sub,perm,sfh,2015,0.30884905654665423
C-EEU-EST,sub,perm,sfh,2020,0.30872402510023017
C-EEU-EST,sub,perm,sfh,2025,0.30897025093400904
C-EEU-EST,sub,perm,sfh,2030,0.3095311697066511
C-EEU-EST,sub,perm,sfh,2035,0.31035409610158354
C-EEU-EST,sub,perm,sfh,2040,0.31138754996325746
C-EEU-EST,sub,perm,sfh,2045,0.3125790333475624
C-EEU-EST,sub,perm,sfh,2050,0.31387317404575366
C-EEU-EST,sub,perm,sfh,2055,0.315210222777725
C-EEU-EST,sub,perm,sfh,2060,0.3165249523525685
C-EEU-EST,sub,perm,sfh,2065,0.3177460599524114
C-EEU-EST,sub,perm,sfh,2070,0.31879621543595205
C-EEU-EST,sub,perm,sfh,2075,0.3195929214518063
C-EEU-EST,sub,perm,sfh,2080,0.3200503434334026
C-EEU-EST,sub,perm,sfh,2085,0.320082215702282
C-EEU-EST,sub,perm,sfh,2090,0.3196058231865786
C-EEU-EST,sub,perm,sfh,2095,0.3185468954290725
C-EEU-EST,sub,perm,sfh,2100,0.3168450463581612
C-EEU-EST,urb,perm,mfh,2015,0.7800875264540884
C-EEU-EST,urb,perm,mfh,2020,0.7800915692473454
C-EEU-EST,urb,perm,mfh,2025,0.7800830769261398
C-EEU-EST,urb,perm,mfh,2030,0.7800622291277712
C-EEU-EST,urb,perm,mfh,2035,0.7800291535894706
C-EEU-EST,urb,perm,mfh,2040,0.7799839263227492
C-EEU-EST,urb,perm,mfh,2045,0.7799265712423772
C-EEU-EST,urb,perm,mfh,2050,0.7798570592307554
C-EEU-EST,urb,perm,mfh,2055,0.779775306606529
C-EEU-EST,urb,perm,mfh,2060,0.7796811729530899
C-EEU-EST,urb,perm,mfh,2065,0.779574458247639
C-EEU-EST,urb,perm,mfh,2070,0.7794548992141588
C-EEU-EST,urb,perm,mfh,2075,0.7793221648032228
C-EEU-EST,urb,perm,mfh,2080,0.779175850677165
C-EEU-EST,urb,perm,mfh,2085,0.7790154725495742
C-EEU-EST,urb,perm,mfh,2090,0.778840458191912
C-EEU-EST,urb,perm,mfh,2095,0.7786501378753607
C-EEU-EST,urb,perm,mfh,2100,0.778443732960296
C-EEU-EST,urb,perm,sfh,2015,0.21991247354591156
C-EEU-EST,urb,perm,sfh,2020,0.2199084307526547
C-EEU-EST,urb,perm,sfh,2025,0.21991692307386035
C-EEU-EST,urb,perm,sfh,2030,0.21993777087222866
C-EEU-EST,urb,perm,sfh,2035,0.21997084641052947
C-EEU-EST,urb,perm,sfh,2040,0.2200160736772509
C-EEU-EST,urb,perm,sfh,2045,0.2200734287576228
C-EEU-EST,urb,perm,sfh,2050,0.22014294076924468
C-EEU-EST,urb,perm,sfh,2055,0.22022469339347098
C-EEU-EST,urb,perm,sfh,2060,0.22031882704691008
C-EEU-EST,urb,perm,sfh,2065,0.22042554175236095
C-EEU-EST,urb,perm,sfh,2070,0.22054510078584122
C-EEU-EST,urb,perm,sfh,2075,0.2206778351967772
C-EEU-EST,urb,perm,sfh,2080,0.220824149322835
C-EEU-EST,urb,perm,sfh,2085,0.2209845274504259
C-EEU-EST,urb,perm,sfh,2090,0.22115954180808794
C-EEU-EST,urb,perm,sfh,2095,0.22134986212463925
C-EEU-EST,urb,perm,sfh,2100,0.221556267039704
C-EEU-HRV,rur,perm,mfh,2015,0.41167563825991255
C-EEU-HRV,rur,perm,mfh,2020,0.4082582080375887
C-EEU-HRV,rur,perm,mfh,2025,0.4052083486475577
C-EEU-HRV,rur,perm,mfh,2030,0.40252646282921617
C-EEU-HRV,rur,perm,mfh,2035,0.40020685127119615
C-EEU-HRV,rur,perm,mfh,2040,0.39823720278881375
C-EEU-HRV,rur,perm,mfh,2045,0.39659818306591677
C-EEU-HRV,rur,perm,mfh,2050,0.3952631369078077
C-EEU-HRV,rur,perm,mfh,2055,0.3941979134431415
C-EEU-HRV,rur,perm,mfh,2060,0.39336081700082565
C-EEU-HRV,rur,perm,mfh,2065,0.3927026788406412
C-EEU-HRV,rur,perm,mfh,2070,0.3921670369854634
C-EEU-HRV,rur,perm,mfh,2075,0.391690403574312
C-EEU-HRV,rur,perm,mfh,2080,0.3912025918891938
C-EEU-HRV,rur,perm,mfh,2085,0.39062706887884774
C-EEU-HRV,rur,perm,mfh,2090,0.3898812938431806
C-EEU-HRV,rur,perm,mfh,2095,0.3888770000072834
C-EEU-HRV,rur,perm,mfh,2100,0.38752037285357754
C-EEU-HRV,rur,perm,sfh,2015,0.5883243617400875
C-EEU-HRV,rur,perm,sfh,2020,0.5917417919624113
C-EEU-HRV,rur,perm,sfh,2025,0.5947916513524423
C-EEU-HRV,rur,perm,sfh,2030,0.5974735371707838
C-EEU-HRV,rur,perm,sfh,2035,0.599793148728804
C-EEU-HRV,rur,perm,sfh,2040,0.6017627972111862
C-EEU-HRV,rur,perm,sfh,2045,0.6034018169340832
C-EEU-HRV,rur,perm,sfh,2050,0.6047368630921923
C-EEU-HRV,rur,perm,sfh,2055,0.6058020865568584
C-EEU-HRV,rur,perm,sfh,2060,0.6066391829991743
C-EEU-HRV,rur,perm,sfh,2065,0.6072973211593589
C-EEU-HRV,rur,perm,sfh,2070,0.6078329630145366
C-EEU-HRV,rur,perm,sfh,2075,0.6083095964256879
C-EEU-HRV,rur,perm,sfh,2080,0.6087974081108061
C-EEU-HRV,rur,perm,sfh,2085,0.6093729311211522
C-EEU-HRV,rur,perm,sfh,2090,0.6101187061568194
C-EEU-HRV,rur,perm,sfh,2095,0.6111229999927166
C-EEU-HRV,rur,perm,sfh,2100,0.6124796271464223
C-EEU-HRV,sub,perm,mfh,2015,0.47410402208273095
C-EEU-HRV,sub,perm,mfh,2020,0.47260583102997944
C-EEU-HRV,sub,perm,mfh,2025,0.4710198217249491
C-EEU-HRV,sub,perm,mfh,2030,0.4693508328798378
C-EEU-HRV,sub,perm,mfh,2035,0.4676065301299885
C-EEU-HRV,sub,perm,mfh,2040,0.46579838982114546
C-EEU-HRV,sub,perm,mfh,2045,0.4639428481339523
C-EEU-HRV,sub,perm,mfh,2050,0.4620625994657425
C-EEU-HRV,sub,perm,mfh,2055,0.46018798776856623
C-EEU-HRV,sub,perm,mfh,2060,0.45835837375984995
C-EEU-HRV,sub,perm,mfh,2065,0.45662327712498046
C-EEU-HRV,sub,perm,mfh,2070,0.4550429900209177
C-EEU-HRV,sub,perm,mfh,2075,0.4536882528197899
C-EEU-HRV,sub,perm,mfh,2080,0.4526385105275709
C-EEU-HRV,sub,perm,mfh,2085,0.4519782858917366
C-EEU-HRV,sub,perm,mfh,2090,0.45179138334327124
C-EEU-HRV,sub,perm,mfh,2095,0.45215303188384476
C-EEU-HRV,sub,perm,mfh,2100,0.4531206753483816
C-EEU-HRV,sub,perm,sfh,2015,0.525895977917269
C-EEU-HRV,sub,perm,sfh,2020,0.5273941689700206
C-EEU-HRV,sub,perm,sfh,2025,0.5289801782750508
C-EEU-HRV,sub,perm,sfh,2030,0.5306491671201622
C-EEU-HRV,sub,perm,sfh,2035,0.5323934698700115
C-EEU-HRV,sub,perm,sfh,2040,0.5342016101788546
C-EEU-HRV,sub,perm,sfh,2045,0.5360571518660476
C-EEU-HRV,sub,perm,sfh,2050,0.5379374005342574
C-EEU-HRV,sub,perm,sfh,2055,0.5398120122314337
C-EEU-HRV,sub,perm,sfh,2060,0.54164162624015
C-EEU-HRV,sub,perm,sfh,2065,0.5433767228750195
C-EEU-HRV,sub,perm,sfh,2070,0.5449570099790824
C-EEU-HRV,sub,perm,sfh,2075,0.5463117471802101
C-EEU-HRV,sub,perm,sfh,2080,0.547361489472429
C-EEU-HRV,sub,perm,sfh,2085,0.5480217141082634
C-EEU-HRV,sub,perm,sfh,2090,0.5482086166567288
C-EEU-HRV,sub,perm,sfh,2095,0.5478469681161552
C-EEU-HRV,sub,perm,sfh,2100,0.5468793246516183
C-EEU-HRV,urb,perm,mfh,2015,0.7553541246594243
C-EEU-HRV,urb,perm,mfh,2020,0.7550792913843909
C-EEU-HRV,urb,perm,mfh,2025,0.7547588847958028
C-EEU-HRV,urb,perm,mfh,2030,0.7543936439779374
C-EEU-HRV,urb,perm,mfh,2035,0.7539845760356534
C-EEU-HRV,urb,perm,mfh,2040,0.7535332663921441
C-EEU-HRV,urb,perm,mfh,2045,0.7530422498074181
C-EEU-HRV,urb,perm,mfh,2050,0.7525154517994779
C-EEU-HRV,urb,perm,mfh,2055,0.7519587009753395
C-EEU-HRV,urb,perm,mfh,2060,0.7513802966380551
C-EEU-HRV,urb,perm,mfh,2065,0.750791590406777
C-EEU-HRV,urb,perm,mfh,2070,0.750207504122321
C-EEU-HRV,urb,perm,mfh,2075,0.7496468610389262
C-EEU-HRV,urb,perm,mfh,2080,0.7491323618010751
C-EEU-HRV,urb,perm,mfh,2085,0.7486900091666238
C-EEU-HRV,urb,perm,mfh,2090,0.7483478038209169
C-EEU-HRV,urb,perm,mfh,2095,0.7481336284748235
C-EEU-HRV,urb,perm,mfh,2100,0.7480724240627797
C-EEU-HRV,urb,perm,sfh,2015,0.24464587534057566
C-EEU-HRV,urb,perm,sfh,2020,0.24492070861560913
C-EEU-HRV,urb,perm,sfh,2025,0.2452411152041973
C-EEU-HRV,urb,perm,sfh,2030,0.24560635602206243
C-EEU-HRV,urb,perm,sfh,2035,0.24601542396434645
C-EEU-HRV,urb,perm,sfh,2040,0.24646673360785584
C-EEU-HRV,urb,perm,sfh,2045,0.24695775019258193
C-EEU-HRV,urb,perm,sfh,2050,0.24748454820052213
C-EEU-HRV,urb,perm,sfh,2055,0.24804129902466063
C-EEU-HRV,urb,perm,sfh,2060,0.24861970336194483
C-EEU-HRV,urb,perm,sfh,2065,0.2492084095932229
C-EEU-HRV,urb,perm,sfh,2070,0.24979249587767915
C-EEU-HRV,urb,perm,sfh,2075,0.2503531389610738
C-EEU-HRV,urb,perm,sfh,2080,0.25086763819892477
C-EEU-HRV,urb,perm,sfh,2085,0.2513099908333763
C-EEU-HRV,urb,perm,sfh,2090,0.25165219617908297
C-EEU-HRV,urb,perm,sfh,2095,0.25186637152517655
C-EEU-HRV,urb,perm,sfh,2100,0.25192757593722015
C-EEU-HUN,rur,perm,mfh,2015,0.30145413302280183
C-EEU-HUN,rur,perm,mfh,2020,0.301783050353794
C-EEU-HUN,rur,perm,mfh,2025,0.3020712787214201
C-EEU-HUN,rur,perm,mfh,2030,0.3023235836619607
C-EEU-HUN,rur,perm,mfh,2035,0.3025441636462914
C-EEU-HUN,rur,perm,mfh,2040,0.30273686234640457
C-EEU-HUN,rur,perm,mfh,2045,0.3029053719774654
C-EEU-HUN,rur,perm,mfh,2050,0.3030534418642095
C-EEU-HUN,rur,perm,mfh,2055,0.3031851044218788
C-EEU-HUN,rur,perm,mfh,2060,0.3033049280346392
C-EEU-HUN,rur,perm,mfh,2065,0.3034183011249048
C-EEU-HUN,rur,perm,mfh,2070,0.30353174141275785
C-EEU-HUN,rur,perm,mfh,2075,0.3036532052680549
C-EEU-HUN,rur,perm,mfh,2080,0.3037923398344987
C-EEU-HUN,rur,perm,mfh,2085,0.3039605724080704
C-EEU-HUN,rur,perm,mfh,2090,0.30417087135478826
C-EEU-HUN,rur,perm,mfh,2095,0.3044369611796654
C-EEU-HUN,rur,perm,mfh,2100,0.3047717796380963
C-EEU-HUN,rur,perm,sfh,2015,0.6985458669771982
C-EEU-HUN,rur,perm,sfh,2020,0.698216949646206
C-EEU-HUN,rur,perm,sfh,2025,0.69792872127858
C-EEU-HUN,rur,perm,sfh,2030,0.6976764163380392
C-EEU-HUN,rur,perm,sfh,2035,0.6974558363537086
C-EEU-HUN,rur,perm,sfh,2040,0.6972631376535954
C-EEU-HUN,rur,perm,sfh,2045,0.6970946280225346
C-EEU-HUN,rur,perm,sfh,2050,0.6969465581357903
C-EEU-HUN,rur,perm,sfh,2055,0.6968148955781213
C-EEU-HUN,rur,perm,sfh,2060,0.6966950719653608
C-EEU-HUN,rur,perm,sfh,2065,0.6965816988750951
C-EEU-HUN,rur,perm,sfh,2070,0.6964682585872422
C-EEU-HUN,rur,perm,sfh,2075,0.696346794731945
C-EEU-HUN,rur,perm,sfh,2080,0.6962076601655013
C-EEU-HUN,rur,perm,sfh,2085,0.6960394275919295
C-EEU-HUN,rur,perm,sfh,2090,0.6958291286452117
C-EEU-HUN,rur,perm,sfh,2095,0.6955630388203347
C-EEU-HUN,rur,perm,sfh,2100,0.6952282203619036
C-EEU-HUN,sub,perm,mfh,2015,0.30296920119060855
C-EEU-HUN,sub,perm,mfh,2020,0.30297979167964445
C-EEU-HUN,sub,perm,mfh,2025,0.3029851641749532
C-EEU-HUN,sub,perm,mfh,2030,0.30298641478947763
C-EEU-HUN,sub,perm,mfh,2035,0.30298463589604796
C-EEU-HUN,sub,perm,mfh,2040,0.30298092700233753
C-EEU-HUN,sub,perm,mfh,2045,0.30297640505654233
C-EEU-HUN,sub,perm,mfh,2050,0.30297221432046134
C-EEU-HUN,sub,perm,mfh,2055,0.30296953591739717
C-EEU-HUN,sub,perm,mfh,2060,0.30296959713590577
C-EEU-HUN,sub,perm,mfh,2065,0.3029736805456327
C-EEU-HUN,sub,perm,mfh,2070,0.3029831329571981
C-EEU-HUN,sub,perm,mfh,2075,0.30299937423335854
C-EEU-HUN,sub,perm,mfh,2080,0.30302390593258605
C-EEU-HUN,sub,perm,mfh,2085,0.3030583197379523
C-EEU-HUN,sub,perm,mfh,2090,0.3031043055930055
C-EEU-HUN,sub,perm,mfh,2095,0.30316365943148804
C-EEU-HUN,sub,perm,mfh,2100,0.30323829034863425
C-EEU-HUN,sub,perm,sfh,2015,0.6970307988093914
C-EEU-HUN,sub,perm,sfh,2020,0.6970202083203555
C-EEU-HUN,sub,perm,sfh,2025,0.6970148358250468
C-EEU-HUN,sub,perm,sfh,2030,0.6970135852105224
C-EEU-HUN,sub,perm,sfh,2035,0.697015364103952
C-EEU-HUN,sub,perm,sfh,2040,0.6970190729976624
C-EEU-HUN,sub,perm,sfh,2045,0.6970235949434577
C-EEU-HUN,sub,perm,sfh,2050,0.6970277856795386
C-EEU-HUN,sub,perm,sfh,2055,0.6970304640826028
C-EEU-HUN,sub,perm,sfh,2060,0.6970304028640941
C-EEU-HUN,sub,perm,sfh,2065,0.6970263194543673
C-EEU-HUN,sub,perm,sfh,2070,0.6970168670428017
C-EEU-HUN,sub,perm,sfh,2075,0.6970006257666413
C-EEU-HUN,sub,perm,sfh,2080,0.6969760940674139
C-EEU-HUN,sub,perm,sfh,2085,0.6969416802620476
C-EEU-HUN,sub,perm,sfh,2090,0.6968956944069945
C-EEU-HUN,sub,perm,sfh,2095,0.6968363405685121
C-EEU-HUN,sub,perm,sfh,2100,0.6967617096513656
C-EEU-HUN,urb,perm,mfh,2015,0.6703177406524706
C-EEU-HUN,urb,perm,mfh,2020,0.6702230253956949
C-EEU-HUN,urb,perm,mfh,2025,0.6700981854105577
C-EEU-HUN,urb,perm,mfh,2030,0.6699454208638986
C-EEU-HUN,urb,perm,mfh,2035,0.6697668732631695
C-EEU-HUN,urb,perm,mfh,2040,0.6695646593848765
C-EEU-HUN,urb,perm,mfh,2045,0.6693409028244282
C-EEU-HUN,urb,perm,mfh,2050,0.6690977635659981
C-EEU-HUN,urb,perm,mfh,2055,0.6688374658273204
C-EEU-HUN,urb,perm,mfh,2060,0.6685623243005765
C-EEU-HUN,urb,perm,mfh,2065,0.6682747687820602
C-EEU-HUN,urb,perm,mfh,2070,0.6679773670568825
C-EEU-HUN,urb,perm,mfh,2075,0.6676728457788035
C-EEU-HUN,urb,perm,mfh,2080,0.6673641089589286
C-EEU-HUN,urb,perm,mfh,2085,0.6670542535516758
C-EEU-HUN,urb,perm,mfh,2090,0.6667465815049313
C-EEU-HUN,urb,perm,mfh,2095,0.666444607528458
C-EEU-HUN,urb,perm,mfh,2100,0.6661520617371328
C-EEU-HUN,urb,perm,sfh,2015,0.32968225934752937
C-EEU-HUN,urb,perm,sfh,2020,0.329776974604305
C-EEU-HUN,urb,perm,sfh,2025,0.3299018145894424
C-EEU-HUN,urb,perm,sfh,2030,0.33005457913610137
C-EEU-HUN,urb,perm,sfh,2035,0.3302331267368305
C-EEU-HUN,urb,perm,sfh,2040,0.3304353406151234
C-EEU-HUN,urb,perm,sfh,2045,0.3306590971755718
C-EEU-HUN,urb,perm,sfh,2050,0.33090223643400185
C-EEU-HUN,urb,perm,sfh,2055,0.3311625341726795
C-EEU-HUN,urb,perm,sfh,2060,0.33143767569942345
C-EEU-HUN,urb,perm,sfh,2065,0.33172523121793984
C-EEU-HUN,urb,perm,sfh,2070,0.3320226329431174
C-EEU-HUN,urb,perm,sfh,2075,0.3323271542211965
C-EEU-HUN,urb,perm,sfh,2080,0.33263589104107133
C-EEU-HUN,urb,perm,sfh,2085,0.3329457464483242
C-EEU-HUN,urb,perm,sfh,2090,0.33325341849506857
C-EEU-HUN,urb,perm,sfh,2095,0.33355539247154203
C-EEU-HUN,urb,perm,sfh,2100,0.3338479382628671
C-EEU-LTU,rur,perm,mfh,2015,0.6093912828837209
C-EEU-LTU,rur,perm,mfh,2020,0.6124752088940286
C-EEU-LTU,rur,perm,mfh,2025,0.6158015656064144
C-EEU-LTU,rur,perm,mfh,2030,0.6194412362901925
C-EEU-LTU,rur,perm,mfh,2035,0.6234849176352066
C-EEU-LTU,rur,perm,mfh,2040,0.6280488104753884
C-EEU-LTU,rur,perm,mfh,2045,0.6332806931210764
C-EEU-LTU,rur,perm,mfh,2050,0.6393640973914433
C-EEU-LTU,rur,perm,mfh,2055,0.6465141943651913
C-EEU-LTU,rur,perm,mfh,2060,0.6549495867879288
C-EEU-LTU,rur,perm,mfh,2065,0.6648053292863769
C-EEU-LTU,rur,perm,mfh,2070,0.675924803818717
C-EEU-LTU,rur,perm,mfh,2075,0.6874666691621505
C-EEU-LTU,rur,perm,mfh,2080,0.6974263269344227
C-EEU-LTU,rur,perm,mfh,2085,0.7026868587022741
C-EEU-LTU,rur,perm,mfh,2090,0.7005608204052641
C-EEU-LTU,rur,perm,mfh,2095,0.6911849038182691
C-EEU-LTU,rur,perm,mfh,2100,0.6777669307693901
C-EEU-LTU,rur,perm,sfh,2015,0.3906087171162791
C-EEU-LTU,rur,perm,sfh,2020,0.3875247911059714
C-EEU-LTU,rur,perm,sfh,2025,0.3841984343935856
C-EEU-LTU,rur,perm,sfh,2030,0.3805587637098074
C-EEU-LTU,rur,perm,sfh,2035,0.3765150823647935
C-EEU-LTU,rur,perm,sfh,2040,0.3719511895246115
C-EEU-LTU,rur,perm,sfh,2045,0.36671930687892357
C-EEU-LTU,rur,perm,sfh,2050,0.3606359026085567
C-EEU-LTU,rur,perm,sfh,2055,0.3534858056348087
C-EEU-LTU,rur,perm,sfh,2060,0.3450504132120711
C-EEU-LTU,rur,perm,sfh,2065,0.3351946707136231
C-EEU-LTU,rur,perm,sfh,2070,0.3240751961812829
C-EEU-LTU,rur,perm,sfh,2075,0.3125333308378494
C-EEU-LTU,rur,perm,sfh,2080,0.3025736730655772
C-EEU-LTU,rur,perm,sfh,2085,0.2973131412977258
C-EEU-LTU,rur,perm,sfh,2090,0.299439179594736
C-EEU-LTU,rur,perm,sfh,2095,0.3088150961817309
C-EEU-LTU,rur,perm,sfh,2100,0.32223306923060996
C-EEU-LTU,sub,perm,mfh,2015,0.6193162231396627
C-EEU-LTU,sub,perm,mfh,2020,0.6193454069956098
C-EEU-LTU,sub,perm,mfh,2025,0.6193723576210542
C-EEU-LTU,sub,perm,mfh,2030,0.6194078646867537
C-EEU-LTU,sub,perm,mfh,2035,0.6194629536110732
C-EEU-LTU,sub,perm,mfh,2040,0.6195491058604639
C-EEU-LTU,sub,perm,mfh,2045,0.6196785217911239
C-EEU-LTU,sub,perm,mfh,2050,0.6198644408556773
C-EEU-LTU,sub,perm,mfh,2055,0.620121539868037
C-EEU-LTU,sub,perm,mfh,2060,0.6204664385420693
C-EEU-LTU,sub,perm,mfh,2065,0.6209183541431971
C-EEU-LTU,sub,perm,mfh,2070,0.6214999661706636
C-EEU-LTU,sub,perm,mfh,2075,0.6222385814408898
C-EEU-LTU,sub,perm,mfh,2080,0.6231677364643128
C-EEU-LTU,sub,perm,mfh,2085,0.6243294493662158
C-EEU-LTU,sub,perm,mfh,2090,0.6257774591387523
C-EEU-LTU,sub,perm,mfh,2095,0.6275820058267322
C-EEU-LTU,sub,perm,mfh,2100,0.6298370897500778
C-EEU-LTU,sub,perm,sfh,2015,0.3806837768603373
C-EEU-LTU,sub,perm,sfh,2020,0.3806545930043902
C-EEU-LTU,sub,perm,sfh,2025,0.38062764237894575
C-EEU-LTU,sub,perm,sfh,2030,0.3805921353132463
C-EEU-LTU,sub,perm,sfh,2035,0.3805370463889268
C-EEU-LTU,sub,perm,sfh,2040,0.38045089413953603
C-EEU-LTU,sub,perm,sfh,2045,0.38032147820887596
C-EEU-LTU,sub,perm,sfh,2050,0.3801355591443227
C-EEU-LTU,sub,perm,sfh,2055,0.3798784601319631
C-EEU-LTU,sub,perm,sfh,2060,0.37953356145793066
C-EEU-LTU,sub,perm,sfh,2065,0.37908164585680293
C-EEU-LTU,sub,perm,sfh,2070,0.37850003382933645
C-EEU-LTU,sub,perm,sfh,2075,0.3777614185591102
C-EEU-LTU,sub,perm,sfh,2080,0.37683226353568716
C-EEU-LTU,sub,perm,sfh,2085,0.37567055063378424
C-EEU-LTU,sub,perm,sfh,2090,0.37422254086124773
C-EEU-LTU,sub,perm,sfh,2095,0.3724179941732678
C-EEU-LTU,sub,perm,sfh,2100,0.3701629102499221
C-EEU-LTU,urb,perm,mfh,2015,0.6919551744529885
C-EEU-LTU,urb,perm,mfh,2020,0.6919565974581908
C-EEU-LTU,urb,perm,mfh,2025,0.6919541124346598
C-EEU-LTU,urb,perm,mfh,2030,0.6919489645906707
C-EEU-LTU,urb,perm,mfh,2035,0.6919423981202178
C-EEU-LTU,urb,perm,mfh,2040,0.6919356597595624
C-EEU-LTU,urb,perm,mfh,2045,0.6919300020016096
C-EEU-LTU,urb,perm,mfh,2050,0.691926685980319
C-EEU-LTU,urb,perm,mfh,2055,0.6919269840326828
C-EEU-LTU,urb,perm,mfh,2060,0.6919321819415707
C-EEU-LTU,urb,perm,mfh,2065,0.6919435808588686
C-EEU-LTU,urb,perm,mfh,2070,0.6919624989048109
C-EEU-LTU,urb,perm,mfh,2075,0.691990272436201
C-EEU-LTU,urb,perm,mfh,2080,0.692028256973322
C-EEU-LTU,urb,perm,mfh,2085,0.6920778277727428
C-EEU-LTU,urb,perm,mfh,2090,0.692140380030976
C-EEU-LTU,urb,perm,mfh,2095,0.6922173287020016
C-EEU-LTU,urb,perm,mfh,2100,0.6923101079101283
C-EEU-LTU,urb,perm,sfh,2015,0.3080448255470114
C-EEU-LTU,urb,perm,sfh,2020,0.3080434025418092
C-EEU-LTU,urb,perm,sfh,2025,0.30804588756534024
C-EEU-LTU,urb,perm,sfh,2030,0.30805103540932915
C-EEU-LTU,urb,perm,sfh,2035,0.30805760187978204
C-EEU-LTU,urb,perm,sfh,2040,0.3080643402404376
C-EEU-LTU,urb,perm,sfh,2045,0.3080699979983903
C-EEU-LTU,urb,perm,sfh,2050,0.30807331401968086
C-EEU-LTU,urb,perm,sfh,2055,0.3080730159673172
C-EEU-LTU,urb,perm,sfh,2060,0.3080678180584292
C-EEU-LTU,urb,perm,sfh,2065,0.3080564191411313
C-EEU-LTU,urb,perm,sfh,2070,0.30803750109518924
C-EEU-LTU,urb,perm,sfh,2075,0.3080097275637989
C-EEU-LTU,urb,perm,sfh,2080,0.307971743026678
C-EEU-LTU,urb,perm,sfh,2085,0.307922172227257
C-EEU-LTU,urb,perm,sfh,2090,0.3078596199690239
C-EEU-LTU,urb,perm,sfh,2095,0.30778267129799836
C-EEU-LTU,urb,perm,sfh,2100,0.30768989208987174
C-EEU-LVA,rur,perm,mfh,2015,0.7316747719609864
C-EEU-LVA,rur,perm,mfh,2020,0.7377259469058861
C-EEU-LVA,rur,perm,mfh,2025,0.7443983408890344
C-EEU-LVA,rur,perm,mfh,2030,0.7517382327920203
C-EEU-LVA,rur,perm,mfh,2035,0.7597790513267701
C-EEU-LVA,rur,perm,mfh,2040,0.7685305961603062
C-EEU-LVA,rur,perm,mfh,2045,0.7779636992009715
C-EEU-LVA,rur,perm,mfh,2050,0.7879896831407353
C-EEU-LVA,rur,perm,mfh,2055,0.7984350477622654
C-EEU-LVA,rur,perm,mfh,2060,0.8090140950520084
C-EEU-LVA,rur,perm,mfh,2065,0.8193060242738917
C-EEU-LVA,rur,perm,mfh,2070,0.828747956199618
C-EEU-LVA,rur,perm,mfh,2075,0.8366592203375963
C-EEU-LVA,rur,perm,mfh,2080,0.8423106158880149
C-EEU-LVA,rur,perm,mfh,2085,0.8450401679200893
C-EEU-LVA,rur,perm,mfh,2090,0.8443937652390832
C-EEU-LVA,rur,perm,mfh,2095,0.8402453606055478
C-EEU-LVA,rur,perm,mfh,2100,0.8328461144649082
C-EEU-LVA,rur,perm,sfh,2015,0.26832522803901365
C-EEU-LVA,rur,perm,sfh,2020,0.26227405309411383
C-EEU-LVA,rur,perm,sfh,2025,0.25560165911096544
C-EEU-LVA,rur,perm,sfh,2030,0.2482617672079796
C-EEU-LVA,rur,perm,sfh,2035,0.2402209486732298
C-EEU-LVA,rur,perm,sfh,2040,0.23146940383969383
C-EEU-LVA,rur,perm,sfh,2045,0.22203630079902836
C-EEU-LVA,rur,perm,sfh,2050,0.21201031685926475
C-EEU-LVA,rur,perm,sfh,2055,0.20156495223773463
C-EEU-LVA,rur,perm,sfh,2060,0.1909859049479916
C-EEU-LVA,rur,perm,sfh,2065,0.18069397572610818
C-EEU-LVA,rur,perm,sfh,2070,0.1712520438003819
C-EEU-LVA,rur,perm,sfh,2075,0.16334077966240343
C-EEU-LVA,rur,perm,sfh,2080,0.15768938411198485
C-EEU-LVA,rur,perm,sfh,2085,0.1549598320799105
C-EEU-LVA,rur,perm,sfh,2090,0.1556062347609168
C-EEU-LVA,rur,perm,sfh,2095,0.15975463939445206
C-EEU-LVA,rur,perm,sfh,2100,0.16715388553509153
C-EEU-LVA,sub,perm,mfh,2015,0.7733657820736028
C-EEU-LVA,sub,perm,mfh,2020,0.7730616420177321
C-EEU-LVA,sub,perm,mfh,2025,0.7728084867805682
C-EEU-LVA,sub,perm,mfh,2030,0.7726096245401567
C-EEU-LVA,sub,perm,mfh,2035,0.7724692106742237
C-EEU-LVA,sub,perm,mfh,2040,0.7723922561330224
C-EEU-LVA,sub,perm,mfh,2045,0.7723846382140274
C-EEU-LVA,sub,perm,mfh,2050,0.7724531084093019
C-EEU-LVA,sub,perm,mfh,2055,0.772605291177252
C-EEU-LVA,sub,perm,mfh,2060,0.7728496663779966
C-EEU-LVA,sub,perm,mfh,2065,0.7731955267651284
C-EEU-LVA,sub,perm,mfh,2070,0.7736529004445075
C-EEU-LVA,sub,perm,mfh,2075,0.7742324267537911
C-EEU-LVA,sub,perm,mfh,2080,0.774945172833486
C-EEU-LVA,sub,perm,mfh,2085,0.7758023776122005
C-EEU-LVA,sub,perm,mfh,2090,0.7768151105030188
C-EEU-LVA,sub,perm,mfh,2095,0.7779938344125779
C-EEU-LVA,sub,perm,mfh,2100,0.77934786738358
C-EEU-LVA,sub,perm,sfh,2015,0.2266342179263971
C-EEU-LVA,sub,perm,sfh,2020,0.2269383579822678
C-EEU-LVA,sub,perm,sfh,2025,0.22719151321943162
C-EEU-LVA,sub,perm,sfh,2030,0.22739037545984322
C-EEU-LVA,sub,perm,sfh,2035,0.22753078932577617
C-EEU-LVA,sub,perm,sfh,2040,0.22760774386697746
C-EEU-LVA,sub,perm,sfh,2045,0.2276153617859726
C-EEU-LVA,sub,perm,sfh,2050,0.22754689159069796
C-EEU-LVA,sub,perm,sfh,2055,0.22739470882274795
C-EEU-LVA,sub,perm,sfh,2060,0.22715033362200338
C-EEU-LVA,sub,perm,sfh,2065,0.2268044732348716
C-EEU-LVA,sub,perm,sfh,2070,0.22634709955549248
C-EEU-LVA,sub,perm,sfh,2075,0.22576757324620877
C-EEU-LVA,sub,perm,sfh,2080,0.22505482716651395
C-EEU-LVA,sub,perm,sfh,2085,0.2241976223877994
C-EEU-LVA,sub,perm,sfh,2090,0.22318488949698123
C-EEU-LVA,sub,perm,sfh,2095,0.22200616558742195
C-EEU-LVA,sub,perm,sfh,2100,0.22065213261641994
C-EEU-LVA,urb,perm,mfh,2015,0.908808806443704
C-EEU-LVA,urb,perm,mfh,2020,0.908755792063352
C-EEU-LVA,urb,perm,mfh,2025,0.9086913120432986
C-EEU-LVA,urb,perm,mfh,2030,0.9086166571237265
C-EEU-LVA,urb,perm,mfh,2035,0.9085331596959355
C-EEU-LVA,urb,perm,mfh,2040,0.9084422287823821
C-EEU-LVA,urb,perm,mfh,2045,0.9083453840353495
C-EEU-LVA,urb,perm,mfh,2050,0.908244288726708
C-EEU-LVA,urb,perm,mfh,2055,0.9081407813130087
C-EEU-LVA,urb,perm,mfh,2060,0.9080369047252125
C-EEU-LVA,urb,perm,mfh,2065,0.9079349320441942
C-EEU-LVA,urb,perm,mfh,2070,0.9078373866875808
C-EEU-LVA,urb,perm,mfh,2075,0.9077470546737613
C-EEU-LVA,urb,perm,mfh,2080,0.9076669859914928
C-EEU-LVA,urb,perm,mfh,2085,0.9076004816637878
C-EEU-LVA,urb,perm,mfh,2090,0.9075510628599853
C-EEU-LVA,urb,perm,mfh,2095,0.9075224185171125
C-EEU-LVA,urb,perm,mfh,2100,0.907518328535967
C-EEU-LVA,urb,perm,sfh,2015,0.09119119355629589
C-EEU-LVA,urb,perm,sfh,2020,0.09124420793664789
C-EEU-LVA,urb,perm,sfh,2025,0.09130868795670133
C-EEU-LVA,urb,perm,sfh,2030,0.09138334287627317
C-EEU-LVA,urb,perm,sfh,2035,0.0914668403040643
C-EEU-LVA,urb,perm,sfh,2040,0.09155777121761773
C-EEU-LVA,urb,perm,sfh,2045,0.09165461596465038
C-EEU-LVA,urb,perm,sfh,2050,0.09175571127329181
C-EEU-LVA,urb,perm,sfh,2055,0.0918592186869912
C-EEU-LVA,urb,perm,sfh,2060,0.09196309527478737
C-EEU-LVA,urb,perm,sfh,2065,0.09206506795580567
C-EEU-LVA,urb,perm,sfh,2070,0.09216261331241893
C-EEU-LVA,urb,perm,sfh,2075,0.09225294532623857
C-EEU-LVA,urb,perm,sfh,2080,0.09233301400850727
C-EEU-LVA,urb,perm,sfh,2085,0.09239951833621209
C-EEU-LVA,urb,perm,sfh,2090,0.09244893714001459
C-EEU-LVA,urb,perm,sfh,2095,0.09247758148288733
C-EEU-LVA,urb,perm,sfh,2100,0.09248167146403297
C-EEU-POL,rur,perm,mfh,2015,0.49862930992088134
C-EEU-POL,rur,perm,mfh,2020,0.49864983919487105
C-EEU-POL,rur,perm,mfh,2025,0.498430503696212
C-EEU-POL,rur,perm,mfh,2030,0.4980026517456737
C-EEU-POL,rur,perm,mfh,2035,0.4973930658169454
C-EEU-POL,rur,perm,mfh,2040,0.49662634952613927
C-EEU-POL,rur,perm,mfh,2045,0.4957269804296496
C-EEU-POL,rur,perm,mfh,2050,0.49472121132791597
C-EEU-POL,rur,perm,mfh,2055,0.49363892846793334
C-EEU-POL,rur,perm,mfh,2060,0.49251550976651237
C-EEU-POL,rur,perm,mfh,2065,0.49139365421002584
C-EEU-POL,rur,perm,mfh,2070,0.4903250632670241
C-EEU-POL,rur,perm,mfh,2075,0.4893717399861898
C-EEU-POL,rur,perm,mfh,2080,0.4886065348307049
C-EEU-POL,rur,perm,mfh,2085,0.488112430697646
C-EEU-POL,rur,perm,mfh,2090,0.48797997216780364
C-EEU-POL,rur,perm,mfh,2095,0.4883022872002918
C-EEU-POL,rur,perm,mfh,2100,0.4891674237338327
C-EEU-POL,rur,perm,sfh,2015,0.5013706900791187
C-EEU-POL,rur,perm,sfh,2020,0.5013501608051288
C-EEU-POL,rur,perm,sfh,2025,0.5015694963037879
C-EEU-POL,rur,perm,sfh,2030,0.5019973482543263
C-EEU-POL,rur,perm,sfh,2035,0.5026069341830546
C-EEU-POL,rur,perm,sfh,2040,0.5033736504738607
C-EEU-POL,rur,perm,sfh,2045,0.5042730195703503
C-EEU-POL,rur,perm,sfh,2050,0.505278788672084
C-EEU-POL,rur,perm,sfh,2055,0.5063610715320667
C-EEU-POL,rur,perm,sfh,2060,0.5074844902334876
C-EEU-POL,rur,perm,sfh,2065,0.5086063457899741
C-EEU-POL,rur,perm,sfh,2070,0.5096749367329759
C-EEU-POL,rur,perm,sfh,2075,0.5106282600138101
C-EEU-POL,rur,perm,sfh,2080,0.5113934651692951
C-EEU-POL,rur,perm,sfh,2085,0.511887569302354
C-EEU-POL,rur,perm,sfh,2090,0.5120200278321964
C-EEU-POL,rur,perm,sfh,2095,0.5116977127997082
C-EEU-POL,rur,perm,sfh,2100,0.5108325762661673
C-EEU-POL,sub,perm,mfh,2015,0.5481183971418114
C-EEU-POL,sub,perm,mfh,2020,0.5481017651706537
C-EEU-POL,sub,perm,mfh,2025,0.5478847656644035
C-EEU-POL,sub,perm,mfh,2030,0.5474930060667335
C-EEU-POL,sub,perm,mfh,2035,0.546948543665567
C-EEU-POL,sub,perm,mfh,2040,0.5462720561337322
C-EEU-POL,sub,perm,mfh,2045,0.5454847305226248
C-EEU-POL,sub,perm,mfh,2050,0.5446100191169868
C-EEU-POL,sub,perm,mfh,2055,0.5436753280901335
C-EEU-POL,sub,perm,mfh,2060,0.5427136249786911
C-EEU-POL,sub,perm,mfh,2065,0.5417648601000552
C-EEU-POL,sub,perm,mfh,2070,0.5408769900393176
C-EEU-POL,sub,perm,mfh,2075,0.5401062756812637
C-EEU-POL,sub,perm,mfh,2080,0.5395164298548543
C-EEU-POL,sub,perm,mfh,2085,0.5391761623905984
C-EEU-POL,sub,perm,mfh,2090,0.539154786074001
C-EEU-POL,sub,perm,mfh,2095,0.5395158742641162
C-EEU-POL,sub,perm,mfh,2100,0.5403095123164166
C-EEU-POL,sub,perm,sfh,2015,0.4518816028581885
C-EEU-POL,sub,perm,sfh,2020,0.45189823482934627
C-EEU-POL,sub,perm,sfh,2025,0.45211523433559647
C-EEU-POL,sub,perm,sfh,2030,0.4525069939332665
C-EEU-POL,sub,perm,sfh,2035,0.4530514563344329
C-EEU-POL,sub,perm,sfh,2040,0.45372794386626775
C-EEU-POL,sub,perm,sfh,2045,0.4545152694773752
C-EEU-POL,sub,perm,sfh,2050,0.4553899808830132
C-EEU-POL,sub,perm,sfh,2055,0.4563246719098665
C-EEU-POL,sub,perm,sfh,2060,0.4572863750213088
C-EEU-POL,sub,perm,sfh,2065,0.4582351398999448
C-EEU-POL,sub,perm,sfh,2070,0.4591230099606825
C-EEU-POL,sub,perm,sfh,2075,0.4598937243187362
C-EEU-POL,sub,perm,sfh,2080,0.4604835701451457
C-EEU-POL,sub,perm,sfh,2085,0.4608238376094015
C-EEU-POL,sub,perm,sfh,2090,0.460845213925999
C-EEU-POL,sub,perm,sfh,2095,0.4604841257358837
C-EEU-POL,sub,perm,sfh,2100,0.4596904876835834
C-EEU-POL,urb,perm,mfh,2015,0.7724920836572327
C-EEU-POL,urb,perm,mfh,2020,0.7724751856187319
C-EEU-POL,urb,perm,mfh,2025,0.7721980917245499
C-EEU-POL,urb,perm,mfh,2030,0.7716881920880211
C-EEU-POL,urb,perm,mfh,2035,0.7709661301213031
C-EEU-POL,urb,perm,mfh,2040,0.7700492708808426
C-EEU-POL,urb,perm,mfh,2045,0.768954777149414
C-EEU-POL,urb,perm,mfh,2050,0.76770268700433
C-EEU-POL,urb,perm,mfh,2055,0.7663192383411913
C-EEU-POL,urb,perm,mfh,2060,0.764840531872346
C-EEU-POL,urb,perm,mfh,2065,0.7633164039744943
C-EEU-POL,urb,perm,mfh,2070,0.7618140443801342
C-EEU-POL,urb,perm,mfh,2075,0.7604204250924745
C-EEU-POL,urb,perm,mfh,2080,0.7592420792296404
C-EEU-POL,urb,perm,mfh,2085,0.7584004189633988
C-EEU-POL,urb,perm,mfh,2090,0.758021042815366
C-EEU-POL,urb,perm,mfh,2095,0.758216839007374
C-EEU-POL,urb,perm,mfh,2100,0.7590672514388874
C-EEU-POL,urb,perm,sfh,2015,0.22750791634276726
C-EEU-POL,urb,perm,sfh,2020,0.227524814381268
C-EEU-POL,urb,perm,sfh,2025,0.22780190827545002
C-EEU-POL,urb,perm,sfh,2030,0.2283118079119789
C-EEU-POL,urb,perm,sfh,2035,0.22903386987869684
C-EEU-POL,urb,perm,sfh,2040,0.22995072911915726
C-EEU-POL,urb,perm,sfh,2045,0.23104522285058593
C-EEU-POL,urb,perm,sfh,2050,0.23229731299566989
C-EEU-POL,urb,perm,sfh,2055,0.23368076165880858
C-EEU-POL,urb,perm,sfh,2060,0.23515946812765384
C-EEU-POL,urb,perm,sfh,2065,0.23668359602550557
C-EEU-POL,urb,perm,sfh,2070,0.23818595561986566
C-EEU-POL,urb,perm,sfh,2075,0.2395795749075254
C-EEU-POL,urb,perm,sfh,2080,0.24075792077035954
C-EEU-POL,urb,perm,sfh,2085,0.24159958103660106
C-EEU-POL,urb,perm,sfh,2090,0.24197895718463397
C-EEU-POL,urb,perm,sfh,2095,0.24178316099262584
C-EEU-POL,urb,perm,sfh,2100,0.24093274856111258
C-EEU-ROU,rur,perm,mfh,2015,0.40632818992639075
C-EEU-ROU,rur,perm,mfh,2020,0.40590812344546146
C-EEU-ROU,rur,perm,mfh,2025,0.4054597670609861
C-EEU-ROU,rur,perm,mfh,2030,0.404984247278503
C-EEU-ROU,rur,perm,mfh,2035,0.4044830620371946
C-EEU-ROU,rur,perm,mfh,2040,0.4039582267925033
C-EEU-ROU,rur,perm,mfh,2045,0.403412445758435
C-EEU-ROU,rur,perm,mfh,2050,0.4028493116720418
C-EEU-ROU,rur,perm,mfh,2055,0.4022735359576682
C-EEU-ROU,rur,perm,mfh,2060,0.4016912085186525
C-EEU-ROU,rur,perm,mfh,2065,0.4011100820461455
C-EEU-ROU,rur,perm,mfh,2070,0.4005398691124491
C-EEU-ROU,rur,perm,mfh,2075,0.39999253084216085
C-EEU-ROU,rur,perm,mfh,2080,0.39948252330331224
C-EEU-ROU,rur,perm,mfh,2085,0.39902695222387097
C-EEU-ROU,rur,perm,mfh,2090,0.3986455696810621
C-EEU-ROU,rur,perm,mfh,2095,0.39836053135368593
C-EEU-ROU,rur,perm,mfh,2100,0.398195825539196
C-EEU-ROU,rur,perm,sfh,2015,0.5936718100736093
C-EEU-ROU,rur,perm,sfh,2020,0.5940918765545385
C-EEU-ROU,rur,perm,sfh,2025,0.5945402329390139
C-EEU-ROU,rur,perm,sfh,2030,0.595015752721497
C-EEU-ROU,rur,perm,sfh,2035,0.5955169379628054
C-EEU-ROU,rur,perm,sfh,2040,0.5960417732074966
C-EEU-ROU,rur,perm,sfh,2045,0.596587554241565
C-EEU-ROU,rur,perm,sfh,2050,0.5971506883279581
C-EEU-ROU,rur,perm,sfh,2055,0.5977264640423319
C-EEU-ROU,rur,perm,sfh,2060,0.5983087914813475
C-EEU-ROU,rur,perm,sfh,2065,0.5988899179538544
C-EEU-ROU,rur,perm,sfh,2070,0.5994601308875508
C-EEU-ROU,rur,perm,sfh,2075,0.6000074691578391
C-EEU-ROU,rur,perm,sfh,2080,0.6005174766966876
C-EEU-ROU,rur,perm,sfh,2085,0.600973047776129
C-EEU-ROU,rur,perm,sfh,2090,0.6013544303189378
C-EEU-ROU,rur,perm,sfh,2095,0.601639468646314
C-EEU-ROU,rur,perm,sfh,2100,0.6018041744608039
C-EEU-ROU,sub,perm,mfh,2015,0.4329437181275036
C-EEU-ROU,sub,perm,mfh,2020,0.4327037422556482
C-EEU-ROU,sub,perm,mfh,2025,0.43246115113588
C-EEU-ROU,sub,perm,mfh,2030,0.432216035647451
C-EEU-ROU,sub,perm,mfh,2035,0.43196888891292945
C-EEU-ROU,sub,perm,mfh,2040,0.43172067780630213
C-EEU-ROU,sub,perm,mfh,2045,0.4314729322057455
C-EEU-ROU,sub,perm,mfh,2050,0.4312278499247773
C-EEU-ROU,sub,perm,mfh,2055,0.4309884127016325
C-EEU-ROU,sub,perm,mfh,2060,0.43075850457258025
C-EEU-ROU,sub,perm,mfh,2065,0.4305430181487702
C-EEU-ROU,sub,perm,mfh,2070,0.43034792678323064
C-EEU-ROU,sub,perm,mfh,2075,0.43018029198832863
C-EEU-ROU,sub,perm,mfh,2080,0.43004816742563595
C-EEU-ROU,sub,perm,mfh,2085,0.4299603564881745
C-EEU-ROU,sub,perm,mfh,2090,0.42992598462895937
C-EEU-ROU,sub,perm,mfh,2095,0.4299538656391922
C-EEU-ROU,sub,perm,mfh,2100,0.43005167713360676
C-EEU-ROU,sub,perm,sfh,2015,0.5670562818724963
C-EEU-ROU,sub,perm,sfh,2020,0.5672962577443518
C-EEU-ROU,sub,perm,sfh,2025,0.5675388488641199
C-EEU-ROU,sub,perm,sfh,2030,0.567783964352549
C-EEU-ROU,sub,perm,sfh,2035,0.5680311110870706
C-EEU-ROU,sub,perm,sfh,2040,0.5682793221936979
C-EEU-ROU,sub,perm,sfh,2045,0.5685270677942545
C-EEU-ROU,sub,perm,sfh,2050,0.5687721500752226
C-EEU-ROU,sub,perm,sfh,2055,0.5690115872983674
C-EEU-ROU,sub,perm,sfh,2060,0.5692414954274196
C-EEU-ROU,sub,perm,sfh,2065,0.5694569818512298
C-EEU-ROU,sub,perm,sfh,2070,0.5696520732167694
C-EEU-ROU,sub,perm,sfh,2075,0.5698197080116714
C-EEU-ROU,sub,perm,sfh,2080,0.569951832574364
C-EEU-ROU,sub,perm,sfh,2085,0.5700396435118253
C-EEU-ROU,sub,perm,sfh,2090,0.5700740153710405
C-EEU-ROU,sub,perm,sfh,2095,0.5700461343608078
C-EEU-ROU,sub,perm,sfh,2100,0.5699483228663933
C-EEU-ROU,urb,perm,mfh,2015,0.6316057712627337
C-EEU-ROU,urb,perm,mfh,2020,0.6302104946107229
C-EEU-ROU,urb,perm,mfh,2025,0.6287408063961611
C-EEU-ROU,urb,perm,mfh,2030,0.627191083380886
C-EEU-ROU,urb,perm,mfh,2035,0.6255571274893296
C-EEU-ROU,urb,perm,mfh,2040,0.6238368963125172
C-EEU-ROU,urb,perm,mfh,2045,0.6220315153727459
C-EEU-ROU,urb,perm,mfh,2050,0.6201466344821431
C-EEU-ROU,urb,perm,mfh,2055,0.6181941802502624
C-EEU-ROU,urb,perm,mfh,2060,0.6161945208224007
C-EEU-ROU,urb,perm,mfh,2065,0.6141789793262605
C-EEU-ROU,urb,perm,mfh,2070,0.6121924874936057
C-EEU-ROU,urb,perm,mfh,2075,0.610295942682728
C-EEU-ROU,urb,perm,mfh,2080,0.6085675248322426
C-EEU-ROU,urb,perm,mfh,2085,0.6071019043686569
C-EEU-ROU,urb,perm,mfh,2090,0.6060060800172913
C-EEU-ROU,urb,perm,mfh,2095,0.6053907822381105
C-EEU-ROU,urb,perm,mfh,2100,0.6053572442786868
C-EEU-ROU,urb,perm,sfh,2015,0.3683942287372662
C-EEU-ROU,urb,perm,sfh,2020,0.3697895053892772
C-EEU-ROU,urb,perm,sfh,2025,0.37125919360383886
C-EEU-ROU,urb,perm,sfh,2030,0.3728089166191139
C-EEU-ROU,urb,perm,sfh,2035,0.3744428725106703
C-EEU-ROU,urb,perm,sfh,2040,0.37616310368748285
C-EEU-ROU,urb,perm,sfh,2045,0.377968484627254
C-EEU-ROU,urb,perm,sfh,2050,0.37985336551785676
C-EEU-ROU,urb,perm,sfh,2055,0.38180581974973743
C-EEU-ROU,urb,perm,sfh,2060,0.3838054791775992
C-EEU-ROU,urb,perm,sfh,2065,0.3858210206737394
C-EEU-ROU,urb,perm,sfh,2070,0.38780751250639434
C-EEU-ROU,urb,perm,sfh,2075,0.38970405731727187
C-EEU-ROU,urb,perm,sfh,2080,0.3914324751677573
C-EEU-ROU,urb,perm,sfh,2085,0.39289809563134304
C-EEU-ROU,urb,perm,sfh,2090,0.3939939199827087
C-EEU-ROU,urb,perm,sfh,2095,0.39460921776188945
C-EEU-ROU,urb,perm,sfh,2100,0.3946427557213132
C-EEU-SVK,rur,perm,mfh,2015,0.4842951691021701
C-EEU-SVK,rur,perm,mfh,2020,0.48428462531217903
C-EEU-SVK,rur,perm,mfh,2025,0.4842606564202703
C-EEU-SVK,rur,perm,mfh,2030,0.4842242932296781
C-EEU-SVK,rur,perm,mfh,2035,0.48417619005109175
C-EEU-SVK,rur,perm,mfh,2040,0.4841167800721601
C-EEU-SVK,rur,perm,mfh,2045,0.48404640671680993
C-EEU-SVK,rur,perm,mfh,2050,0.48396545060172175
C-EEU-SVK,rur,perm,mfh,2055,0.4838744651287926
C-EEU-SVK,rur,perm,mfh,2060,0.4837743283735732
C-EEU-SVK,rur,perm,mfh,2065,0.4836664124351362
C-EEU-SVK,rur,perm,mfh,2070,0.48355276196192126
C-EEU-SVK,rur,perm,mfh,2075,0.48343626002693263
C-EEU-SVK,rur,perm,mfh,2080,0.48332074246493156
C-EEU-SVK,rur,perm,mfh,2085,0.4832110050956825
C-EEU-SVK,rur,perm,mfh,2090,0.4831126405494875
C-EEU-SVK,rur,perm,mfh,2095,0.4830316551793007
C-EEU-SVK,rur,perm,mfh,2100,0.48297386252800956
C-EEU-SVK,rur,perm,sfh,2015,0.5157048308978299
C-EEU-SVK,rur,perm,sfh,2020,0.515715374687821
C-EEU-SVK,rur,perm,sfh,2025,0.5157393435797297
C-EEU-SVK,rur,perm,sfh,2030,0.5157757067703218
C-EEU-SVK,rur,perm,sfh,2035,0.5158238099489083
C-EEU-SVK,rur,perm,sfh,2040,0.5158832199278398
C-EEU-SVK,rur,perm,sfh,2045,0.51595359328319
C-EEU-SVK,rur,perm,sfh,2050,0.5160345493982782
C-EEU-SVK,rur,perm,sfh,2055,0.5161255348712074
C-EEU-SVK,rur,perm,sfh,2060,0.5162256716264269
C-EEU-SVK,rur,perm,sfh,2065,0.5163335875648638
C-EEU-SVK,rur,perm,sfh,2070,0.5164472380380787
C-EEU-SVK,rur,perm,sfh,2075,0.5165637399730673
C-EEU-SVK,rur,perm,sfh,2080,0.5166792575350684
C-EEU-SVK,rur,perm,sfh,2085,0.5167889949043174
C-EEU-SVK,rur,perm,sfh,2090,0.5168873594505125
C-EEU-SVK,rur,perm,sfh,2095,0.5169683448206993
C-EEU-SVK,rur,perm,sfh,2100,0.5170261374719904
C-EEU-SVK,sub,perm,mfh,2015,0.5032362048519801
C-EEU-SVK,sub,perm,mfh,2020,0.5032399438198559
C-EEU-SVK,sub,perm,mfh,2025,0.5032306016885487
C-EEU-SVK,sub,perm,mfh,2030,0.5032083559216748
C-EEU-SVK,sub,perm,mfh,2035,0.503173232931814
C-EEU-SVK,sub,perm,mfh,2040,0.5031251244746328
C-EEU-SVK,sub,perm,mfh,2045,0.5030638004978082
C-EEU-SVK,sub,perm,mfh,2050,0.5029889194805796
C-EEU-SVK,sub,perm,mfh,2055,0.5029000371192912
C-EEU-SVK,sub,perm,mfh,2060,0.5027966141050039
C-EEU-SVK,sub,perm,mfh,2065,0.5026780236834439
C-EEU-SVK,sub,perm,mfh,2070,0.5025435596731102
C-EEU-SVK,sub,perm,mfh,2075,0.5023924456354016
C-EEU-SVK,sub,perm,mfh,2080,0.5022238459338286
C-EEU-SVK,sub,perm,mfh,2085,0.5020368794804282
C-EEU-SVK,sub,perm,mfh,2090,0.5018306370378844
C-EEU-SVK,sub,perm,mfh,2095,0.5016042030143051
C-EEU-SVK,sub,perm,mfh,2100,0.5013566827388446
C-EEU-SVK,sub,perm,sfh,2015,0.49676379514801994
C-EEU-SVK,sub,perm,sfh,2020,0.4967600561801441
C-EEU-SVK,sub,perm,sfh,2025,0.4967693983114513
C-EEU-SVK,sub,perm,sfh,2030,0.49679164407832516
C-EEU-SVK,sub,perm,sfh,2035,0.4968267670681859
C-EEU-SVK,sub,perm,sfh,2040,0.4968748755253672
C-EEU-SVK,sub,perm,sfh,2045,0.4969361995021918
C-EEU-SVK,sub,perm,sfh,2050,0.4970110805194204
C-EEU-SVK,sub,perm,sfh,2055,0.4970999628807088
C-EEU-SVK,sub,perm,sfh,2060,0.49720338589499613
C-EEU-SVK,sub,perm,sfh,2065,0.497321976316556
C-EEU-SVK,sub,perm,sfh,2070,0.4974564403268899
C-EEU-SVK,sub,perm,sfh,2075,0.49760755436459836
C-EEU-SVK,sub,perm,sfh,2080,0.4977761540661714
C-EEU-SVK,sub,perm,sfh,2085,0.49796312051957176
C-EEU-SVK,sub,perm,sfh,2090,0.49816936296211556
C-EEU-SVK,sub,perm,sfh,2095,0.498395796985695
C-EEU-SVK,sub,perm,sfh,2100,0.4986433172611553
C-EEU-SVK,urb,perm,mfh,2015,0.5758876216227843
C-EEU-SVK,urb,perm,mfh,2020,0.5759310698367588
C-EEU-SVK,urb,perm,mfh,2025,0.5758959977512256
C-EEU-SVK,urb,perm,mfh,2030,0.5757872637974966
C-EEU-SVK,urb,perm,mfh,2035,0.5756087103648165
C-EEU-SVK,urb,perm,mfh,2040,0.5753633021193458
C-EEU-SVK,urb,perm,mfh,2045,0.5750532304366837
C-EEU-SVK,urb,perm,mfh,2050,0.5746799903854043
C-EEU-SVK,urb,perm,mfh,2055,0.5742444347689821
C-EEU-SVK,urb,perm,mfh,2060,0.5737468082394059
C-EEU-SVK,urb,perm,mfh,2065,0.5731867632771197
C-EEU-SVK,urb,perm,mfh,2070,0.5725633587661931
C-EEU-SVK,urb,perm,mfh,2075,0.5718750408782382
C-EEU-SVK,urb,perm,mfh,2080,0.5711196049160021
C-EEU-SVK,urb,perm,mfh,2085,0.570294135551483
C-EEU-SVK,urb,perm,mfh,2090,0.569394921392552
C-EEU-SVK,urb,perm,mfh,2095,0.5684173378486944
C-EEU-SVK,urb,perm,mfh,2100,0.5673556895841916
C-EEU-SVK,urb,perm,sfh,2015,0.4241123783772157
C-EEU-SVK,urb,perm,sfh,2020,0.4240689301632412
C-EEU-SVK,urb,perm,sfh,2025,0.42410400224877437
C-EEU-SVK,urb,perm,sfh,2030,0.42421273620250344
C-EEU-SVK,urb,perm,sfh,2035,0.42439128963518347
C-EEU-SVK,urb,perm,sfh,2040,0.42463669788065406
C-EEU-SVK,urb,perm,sfh,2045,0.4249467695633163
C-EEU-SVK,urb,perm,sfh,2050,0.4253200096145957
C-EEU-SVK,urb,perm,sfh,2055,0.4257555652310179
C-EEU-SVK,urb,perm,sfh,2060,0.426253191760594
C-EEU-SVK,urb,perm,sfh,2065,0.42681323672288024
C-EEU-SVK,urb,perm,sfh,2070,0.4274366412338069
C-EEU-SVK,urb,perm,sfh,2075,0.42812495912176185
C-EEU-SVK,urb,perm,sfh,2080,0.42888039508399795
C-EEU-SVK,urb,perm,sfh,2085,0.42970586444851694
C-EEU-SVK,urb,perm,sfh,2090,0.430605078607448
C-EEU-SVK,urb,perm,sfh,2095,0.43158266215130553
C-EEU-SVK,urb,perm,sfh,2100,0.4326443104158084
C-EEU-SVN,rur,perm,mfh,2015,0.42327817834137765
C-EEU-SVN,rur,perm,mfh,2020,0.4232705796536438
C-EEU-SVN,rur,perm,mfh,2025,0.4231744468359316
C-EEU-SVN,rur,perm,mfh,2030,0.4229986467259896
C-EEU-SVN,rur,perm,mfh,2035,0.42275026800415394
C-EEU-SVN,rur,perm,mfh,2040,0.42243521227105063
C-EEU-SVN,rur,perm,mfh,2045,0.4220586676010252
C-EEU-SVN,rur,perm,mfh,2050,0.421625510966501
C-EEU-SVN,rur,perm,mfh,2055,0.4211406702165127
C-EEU-SVN,rur,perm,mfh,2060,0.4206094653794803
C-EEU-SVN,rur,perm,mfh,2065,0.4200379404725304
C-EEU-SVN,rur,perm,mfh,2070,0.4194331891459975
C-EEU-SVN,rur,perm,mfh,2075,0.4188036693240759
C-EEU-SVN,rur,perm,mfh,2080,0.4181594929122775
C-EEU-SVN,rur,perm,mfh,2085,0.4175126665176796
C-EEU-SVN,rur,perm,mfh,2090,0.41687724852667024
C-EEU-SVN,rur,perm,mfh,2095,0.4162693782609845
C-EEU-SVN,rur,perm,mfh,2100,0.41570712680659827
C-EEU-SVN,rur,perm,sfh,2015,0.5767218216586223
C-EEU-SVN,rur,perm,sfh,2020,0.5767294203463562
C-EEU-SVN,rur,perm,sfh,2025,0.5768255531640685
C-EEU-SVN,rur,perm,sfh,2030,0.5770013532740105
C-EEU-SVN,rur,perm,sfh,2035,0.5772497319958461
C-EEU-SVN,rur,perm,sfh,2040,0.5775647877289494
C-EEU-SVN,rur,perm,sfh,2045,0.5779413323989748
C-EEU-SVN,rur,perm,sfh,2050,0.578374489033499
C-EEU-SVN,rur,perm,sfh,2055,0.5788593297834873
C-EEU-SVN,rur,perm,sfh,2060,0.5793905346205197
C-EEU-SVN,rur,perm,sfh,2065,0.5799620595274697
C-EEU-SVN,rur,perm,sfh,2070,0.5805668108540024
C-EEU-SVN,rur,perm,sfh,2075,0.5811963306759241
C-EEU-SVN,rur,perm,sfh,2080,0.5818405070877224
C-EEU-SVN,rur,perm,sfh,2085,0.5824873334823204
C-EEU-SVN,rur,perm,sfh,2090,0.5831227514733298
C-EEU-SVN,rur,perm,sfh,2095,0.5837306217390156
C-EEU-SVN,rur,perm,sfh,2100,0.5842928731934017
C-EEU-SVN,sub,perm,mfh,2015,0.47246387799608175
C-EEU-SVN,sub,perm,mfh,2020,0.47239797668731665
C-EEU-SVN,sub,perm,mfh,2025,0.4722038591459202
C-EEU-SVN,sub,perm,mfh,2030,0.47189747225581063
C-EEU-SVN,sub,perm,mfh,2035,0.4714918822946461
C-EEU-SVN,sub,perm,mfh,2040,0.4709986390441404
C-EEU-SVN,sub,perm,mfh,2045,0.4704288797901432
C-EEU-SVN,sub,perm,mfh,2050,0.46979428783633415
C-EEU-SVN,sub,perm,mfh,2055,0.4691079671658982
C-EEU-SVN,sub,perm,mfh,2060,0.4683852537456595
C-EEU-SVN,sub,perm,mfh,2065,0.467644445832338
C-EEU-SVN,sub,perm,mfh,2070,0.466907396288804
C-EEU-SVN,sub,perm,mfh,2075,0.46619986942025865
C-EEU-SVN,sub,perm,mfh,2080,0.4655515284159714
C-EEU-SVN,sub,perm,mfh,2085,0.4649953984883394
C-EEU-SVN,sub,perm,mfh,2090,0.4645666623063498
C-EEU-SVN,sub,perm,mfh,2095,0.46430070723713646
C-EEU-SVN,sub,perm,mfh,2100,0.46423047011371277
C-EEU-SVN,sub,perm,sfh,2015,0.5275361220039183
C-EEU-SVN,sub,perm,sfh,2020,0.5276020233126835
C-EEU-SVN,sub,perm,sfh,2025,0.5277961408540798
C-EEU-SVN,sub,perm,sfh,2030,0.5281025277441893
C-EEU-SVN,sub,perm,sfh,2035,0.5285081177053539
C-EEU-SVN,sub,perm,sfh,2040,0.5290013609558596
C-EEU-SVN,sub,perm,sfh,2045,0.5295711202098569
C-EEU-SVN,sub,perm,sfh,2050,0.5302057121636659
C-EEU-SVN,sub,perm,sfh,2055,0.5308920328341018
C-EEU-SVN,sub,perm,sfh,2060,0.5316147462543405
C-EEU-SVN,sub,perm,sfh,2065,0.5323555541676619
C-EEU-SVN,sub,perm,sfh,2070,0.533092603711196
C-EEU-SVN,sub,perm,sfh,2075,0.5338001305797414
C-EEU-SVN,sub,perm,sfh,2080,0.5344484715840285
C-EEU-SVN,sub,perm,sfh,2085,0.5350046015116607
C-EEU-SVN,sub,perm,sfh,2090,0.5354333376936501
C-EEU-SVN,sub,perm,sfh,2095,0.5356992927628635
C-EEU-SVN,sub,perm,sfh,2100,0.5357695298862872
C-EEU-SVN,urb,perm,mfh,2015,0.5408746008623551
C-EEU-SVN,urb,perm,mfh,2020,0.540858252432106
C-EEU-SVN,urb,perm,mfh,2025,0.540811522116903
C-EEU-SVN,urb,perm,mfh,2030,0.5407387457419914
C-EEU-SVN,urb,perm,mfh,2035,0.5406435603127941
C-EEU-SVN,urb,perm,mfh,2040,0.5405292570157787
C-EEU-SVN,urb,perm,mfh,2045,0.5403990585900845
C-EEU-SVN,urb,perm,mfh,2050,0.5402563493999755
C-EEU-SVN,urb,perm,mfh,2055,0.5401048715892962
C-EEU-SVN,urb,perm,mfh,2060,0.5399488895247392
C-EEU-SVN,urb,perm,mfh,2065,0.5397933152741027
C-EEU-SVN,urb,perm,mfh,2070,0.5396437795042377
C-EEU-SVN,urb,perm,mfh,2075,0.5395066255091212
C-EEU-SVN,urb,perm,mfh,2080,0.5393888008028466
C-EEU-SVN,urb,perm,mfh,2085,0.5392976234248388
C-EEU-SVN,urb,perm,mfh,2090,0.5392404115456042
C-EEU-SVN,urb,perm,mfh,2095,0.5392239866237784
C-EEU-SVN,urb,perm,mfh,2100,0.5392540906257814
C-EEU-SVN,urb,perm,sfh,2015,0.45912539913764494
C-EEU-SVN,urb,perm,sfh,2020,0.4591417475678941
C-EEU-SVN,urb,perm,sfh,2025,0.45918847788309697
C-EEU-SVN,urb,perm,sfh,2030,0.4592612542580085
C-EEU-SVN,urb,perm,sfh,2035,0.4593564396872058
C-EEU-SVN,urb,perm,sfh,2040,0.4594707429842214
C-EEU-SVN,urb,perm,sfh,2045,0.4596009414099156
C-EEU-SVN,urb,perm,sfh,2050,0.4597436506000246
C-EEU-SVN,urb,perm,sfh,2055,0.4598951284107038
C-EEU-SVN,urb,perm,sfh,2060,0.4600511104752608
C-EEU-SVN,urb,perm,sfh,2065,0.4602066847258974
C-EEU-SVN,urb,perm,sfh,2070,0.46035622049576225
C-EEU-SVN,urb,perm,sfh,2075,0.46049337449087885
C-EEU-SVN,urb,perm,sfh,2080,0.46061119919715354
C-EEU-SVN,urb,perm,sfh,2085,0.4607023765751613
C-EEU-SVN,urb,perm,sfh,2090,0.4607595884543958
C-EEU-SVN,urb,perm,sfh,2095,0.4607760133762216
C-EEU-SVN,urb,perm,sfh,2100,0.46074590937421844
C-WEU-AUT,rur,perm,mfh,2015,0.5698359738251024
C-WEU-AUT,rur,perm,mfh,2020,0.5695905820907304
C-WEU-AUT,rur,perm,mfh,2025,0.5694254993153551
C-WEU-AUT,rur,perm,mfh,2030,0.5693224449132158
C-WEU-AUT,rur,perm,mfh,2035,0.5692672208458089
C-WEU-AUT,rur,perm,mfh,2040,0.5692482196958546
C-WEU-AUT,rur,perm,mfh,2045,0.5692554291625813
C-WEU-AUT,rur,perm,mfh,2050,0.5692797383962946
C-WEU-AUT,rur,perm,mfh,2055,0.5693124370175542
C-WEU-AUT,rur,perm,mfh,2060,0.5693448459528725
C-WEU-AUT,rur,perm,mfh,2065,0.5693680485208781
C-WEU-AUT,rur,perm,mfh,2070,0.5693727094419712
C-WEU-AUT,rur,perm,mfh,2075,0.5693489829816204
C-WEU-AUT,rur,perm,mfh,2080,0.5692865211227462
C-WEU-AUT,rur,perm,mfh,2085,0.569174598752852
C-WEU-AUT,rur,perm,mfh,2090,0.5690023744738704
C-WEU-AUT,rur,perm,mfh,2095,0.5687593011828954
C-WEU-AUT,rur,perm,mfh,2100,0.5684356882460577
C-WEU-AUT,rur,perm,sfh,2015,0.4301640261748975
C-WEU-AUT,rur,perm,sfh,2020,0.43040941790926956
C-WEU-AUT,rur,perm,sfh,2025,0.4305745006846449
C-WEU-AUT,rur,perm,sfh,2030,0.43067755508678424
C-WEU-AUT,rur,perm,sfh,2035,0.430732779154191
C-WEU-AUT,rur,perm,sfh,2040,0.43075178030414546
C-WEU-AUT,rur,perm,sfh,2045,0.43074457083741874
C-WEU-AUT,rur,perm,sfh,2050,0.43072026160370536
C-WEU-AUT,rur,perm,sfh,2055,0.4306875629824457
C-WEU-AUT,rur,perm,sfh,2060,0.43065515404712745
C-WEU-AUT,rur,perm,sfh,2065,0.430631951479122
C-WEU-AUT,rur,perm,sfh,2070,0.4306272905580289
C-WEU-AUT,rur,perm,sfh,2075,0.43065101701837954
C-WEU-AUT,rur,perm,sfh,2080,0.4307134788772538
C-WEU-AUT,rur,perm,sfh,2085,0.43082540124714797
C-WEU-AUT,rur,perm,sfh,2090,0.43099762552612964
C-WEU-AUT,rur,perm,sfh,2095,0.43124069881710453
C-WEU-AUT,rur,perm,sfh,2100,0.43156431175394216
C-WEU-AUT,sub,perm,mfh,2015,0.6354415708725266
C-WEU-AUT,sub,perm,mfh,2020,0.6350955568720495
C-WEU-AUT,sub,perm,mfh,2025,0.6348249150864296
C-WEU-AUT,sub,perm,mfh,2030,0.6346194831049508
C-WEU-AUT,sub,perm,mfh,2035,0.6344712715863922
C-WEU-AUT,sub,perm,mfh,2040,0.63437389467672
C-WEU-AUT,sub,perm,mfh,2045,0.6343221525211371
C-WEU-AUT,sub,perm,mfh,2050,0.6343117160481861
C-WEU-AUT,sub,perm,mfh,2055,0.6343388813556735
C-WEU-AUT,sub,perm,mfh,2060,0.6344003718962328
C-WEU-AUT,sub,perm,mfh,2065,0.6344931737998256
C-WEU-AUT,sub,perm,mfh,2070,0.6346143945744694
C-WEU-AUT,sub,perm,mfh,2075,0.6347611389925779
C-WEU-AUT,sub,perm,mfh,2080,0.6349303987478049
C-WEU-AUT,sub,perm,mfh,2085,0.6351189547882106
C-WEU-AUT,sub,perm,mfh,2090,0.6353232932781618
C-WEU-AUT,sub,perm,mfh,2095,0.6355395379779044
C-WEU-AUT,sub,perm,mfh,2100,0.6357634034159243
C-WEU-AUT,sub,perm,sfh,2015,0.36455842912747344
C-WEU-AUT,sub,perm,sfh,2020,0.36490444312795045
C-WEU-AUT,sub,perm,sfh,2025,0.3651750849135705
C-WEU-AUT,sub,perm,sfh,2030,0.3653805168950492
C-WEU-AUT,sub,perm,sfh,2035,0.36552872841360773
C-WEU-AUT,sub,perm,sfh,2040,0.36562610532328
C-WEU-AUT,sub,perm,sfh,2045,0.3656778474788627
C-WEU-AUT,sub,perm,sfh,2050,0.36568828395181385
C-WEU-AUT,sub,perm,sfh,2055,0.36566111864432643
C-WEU-AUT,sub,perm,sfh,2060,0.3655996281037672
C-WEU-AUT,sub,perm,sfh,2065,0.3655068262001744
C-WEU-AUT,sub,perm,sfh,2070,0.3653856054255306
C-WEU-AUT,sub,perm,sfh,2075,0.36523886100742203
C-WEU-AUT,sub,perm,sfh,2080,0.36506960125219506
C-WEU-AUT,sub,perm,sfh,2085,0.3648810452117894
C-WEU-AUT,sub,perm,sfh,2090,0.36467670672183816
C-WEU-AUT,sub,perm,sfh,2095,0.3644604620220954
C-WEU-AUT,sub,perm,sfh,2100,0.3642365965840757
C-WEU-AUT,urb,perm,mfh,2015,0.8537669438734747
C-WEU-AUT,urb,perm,mfh,2020,0.8534333789855039
C-WEU-AUT,urb,perm,mfh,2025,0.8531806564319522
C-WEU-AUT,urb,perm,mfh,2030,0.8529963144543619
C-WEU-AUT,urb,perm,mfh,2035,0.8528697901477386
C-WEU-AUT,urb,perm,mfh,2040,0.8527918789113722
C-WEU-AUT,urb,perm,mfh,2045,0.8527543246207966
C-WEU-AUT,urb,perm,mfh,2050,0.8527495028588655
C-WEU-AUT,urb,perm,mfh,2055,0.852770172720736
C-WEU-AUT,urb,perm,mfh,2060,0.8528092815814599
C-WEU-AUT,urb,perm,mfh,2065,0.8528598134156207
C-WEU-AUT,urb,perm,mfh,2070,0.8529146757383179
C-WEU-AUT,urb,perm,mfh,2075,0.8529666235352252
C-WEU-AUT,urb,perm,mfh,2080,0.8530082209393799
C-WEU-AUT,urb,perm,mfh,2085,0.8530318429852874
C-WEU-AUT,urb,perm,mfh,2090,0.8530297204931786
C-WEU-AUT,urb,perm,mfh,2095,0.8529940308969758
C-WEU-AUT,urb,perm,mfh,2100,0.8529170364930426
C-WEU-AUT,urb,perm,sfh,2015,0.1462330561265251
C-WEU-AUT,urb,perm,sfh,2020,0.14656662101449605
C-WEU-AUT,urb,perm,sfh,2025,0.14681934356804785
C-WEU-AUT,urb,perm,sfh,2030,0.14700368554563809
C-WEU-AUT,urb,perm,sfh,2035,0.14713020985226138
C-WEU-AUT,urb,perm,sfh,2040,0.14720812108862777
C-WEU-AUT,urb,perm,sfh,2045,0.14724567537920324
C-WEU-AUT,urb,perm,sfh,2050,0.14725049714113442
C-WEU-AUT,urb,perm,sfh,2055,0.14722982727926395
C-WEU-AUT,urb,perm,sfh,2060,0.14719071841854017
C-WEU-AUT,urb,perm,sfh,2065,0.14714018658437936
C-WEU-AUT,urb,perm,sfh,2070,0.14708532426168192
C-WEU-AUT,urb,perm,sfh,2075,0.14703337646477474
C-WEU-AUT,urb,perm,sfh,2080,0.1469917790606201
C-WEU-AUT,urb,perm,sfh,2085,0.14696815701471241
C-WEU-AUT,urb,perm,sfh,2090,0.14697027950682148
C-WEU-AUT,urb,perm,sfh,2095,0.1470059691030242
C-WEU-AUT,urb,perm,sfh,2100,0.1470829635069574
C-WEU-BEL,rur,perm,mfh,2015,0.2612929726051416
C-WEU-BEL,rur,perm,mfh,2020,0.2619121672658672
C-WEU-BEL,rur,perm,mfh,2025,0.2624324802693095
C-WEU-BEL,rur,perm,mfh,2030,0.26287134226887454
C-WEU-BEL,rur,perm,mfh,2035,0.2632419048811912
C-WEU-BEL,rur,perm,mfh,2040,0.26355424262737503
C-WEU-BEL,rur,perm,mfh,2045,0.26381617068343965
C-WEU-BEL,rur,perm,mfh,2050,0.2640338150713675
C-WEU-BEL,rur,perm,mfh,2055,0.2642120192625766
C-WEU-BEL,rur,perm,mfh,2060,0.2643546403229391
C-WEU-BEL,rur,perm,mfh,2065,0.26446476910355204
C-WEU-BEL,rur,perm,mfh,2070,0.26454489742328063
C-WEU-BEL,rur,perm,mfh,2075,0.26459704783651844
C-WEU-BEL,rur,perm,mfh,2080,0.26462287679292873
C-WEU-BEL,rur,perm,mfh,2085,0.2646237588081711
C-WEU-BEL,rur,perm,mfh,2090,0.2646008570900802
C-WEU-BEL,rur,perm,mfh,2095,0.26455518453958465
C-WEU-BEL,rur,perm,mfh,2100,0.2644876579382836
C-WEU-BEL,rur,perm,sfh,2015,0.7387070273948584
C-WEU-BEL,rur,perm,sfh,2020,0.7380878327341328
C-WEU-BEL,rur,perm,sfh,2025,0.7375675197306905
C-WEU-BEL,rur,perm,sfh,2030,0.7371286577311255
C-WEU-BEL,rur,perm,sfh,2035,0.7367580951188087
C-WEU-BEL,rur,perm,sfh,2040,0.736445757372625
C-WEU-BEL,rur,perm,sfh,2045,0.7361838293165602
C-WEU-BEL,rur,perm,sfh,2050,0.7359661849286324
C-WEU-BEL,rur,perm,sfh,2055,0.7357879807374234
C-WEU-BEL,rur,perm,sfh,2060,0.7356453596770608
C-WEU-BEL,rur,perm,sfh,2065,0.735535230896448
C-WEU-BEL,rur,perm,sfh,2070,0.7354551025767193
C-WEU-BEL,rur,perm,sfh,2075,0.7354029521634815
C-WEU-BEL,rur,perm,sfh,2080,0.7353771232070713
C-WEU-BEL,rur,perm,sfh,2085,0.7353762411918289
C-WEU-BEL,rur,perm,sfh,2090,0.7353991429099198
C-WEU-BEL,rur,perm,sfh,2095,0.7354448154604153
C-WEU-BEL,rur,perm,sfh,2100,0.7355123420617165
C-WEU-BEL,sub,perm,mfh,2015,0.26645840021564965
C-WEU-BEL,sub,perm,mfh,2020,0.2668848796250104
C-WEU-BEL,sub,perm,mfh,2025,0.26724703149502554
C-WEU-BEL,sub,perm,mfh,2030,0.26755342117208614
C-WEU-BEL,sub,perm,mfh,2035,0.2678111422183246
C-WEU-BEL,sub,perm,mfh,2040,0.2680261488356164
C-WEU-BEL,sub,perm,mfh,2045,0.26820350812114674
C-WEU-BEL,sub,perm,mfh,2050,0.268347594451089
C-WEU-BEL,sub,perm,mfh,2055,0.2684622414530209
C-WEU-BEL,sub,perm,mfh,2060,0.2685508624320601
C-WEU-BEL,sub,perm,mfh,2065,0.26861654696494214
C-WEU-BEL,sub,perm,mfh,2070,0.2686621391741865
C-WEU-BEL,sub,perm,mfh,2075,0.268690301625767
C-WEU-BEL,sub,perm,mfh,2080,0.2687035676548215
C-WEU-BEL,sub,perm,mfh,2085,0.26870438408218433
C-WEU-BEL,sub,perm,mfh,2090,0.26869514565296393
C-WEU-BEL,sub,perm,mfh,2095,0.2686782220505021
C-WEU-BEL,sub,perm,mfh,2100,0.26865597797894464
C-WEU-BEL,sub,perm,sfh,2015,0.7335415997843502
C-WEU-BEL,sub,perm,sfh,2020,0.7331151203749896
C-WEU-BEL,sub,perm,sfh,2025,0.7327529685049744
C-WEU-BEL,sub,perm,sfh,2030,0.7324465788279138
C-WEU-BEL,sub,perm,sfh,2035,0.7321888577816754
C-WEU-BEL,sub,perm,sfh,2040,0.7319738511643836
C-WEU-BEL,sub,perm,sfh,2045,0.7317964918788533
C-WEU-BEL,sub,perm,sfh,2050,0.731652405548911
C-WEU-BEL,sub,perm,sfh,2055,0.7315377585469791
C-WEU-BEL,sub,perm,sfh,2060,0.7314491375679398
C-WEU-BEL,sub,perm,sfh,2065,0.7313834530350578
C-WEU-BEL,sub,perm,sfh,2070,0.7313378608258135
C-WEU-BEL,sub,perm,sfh,2075,0.731309698374233
C-WEU-BEL,sub,perm,sfh,2080,0.7312964323451784
C-WEU-BEL,sub,perm,sfh,2085,0.7312956159178157
C-WEU-BEL,sub,perm,sfh,2090,0.731304854347036
C-WEU-BEL,sub,perm,sfh,2095,0.7313217779494978
C-WEU-BEL,sub,perm,sfh,2100,0.7313440220210554
C-WEU-BEL,urb,perm,mfh,2015,0.5088392507244353
C-WEU-BEL,urb,perm,mfh,2020,0.5084337776245371
C-WEU-BEL,urb,perm,mfh,2025,0.5080739405101685
C-WEU-BEL,urb,perm,mfh,2030,0.5077558398366633
C-WEU-BEL,urb,perm,mfh,2035,0.5074759377175152
C-WEU-BEL,urb,perm,mfh,2040,0.5072309994519807
C-WEU-BEL,urb,perm,mfh,2045,0.5070180438267554
C-WEU-BEL,urb,perm,mfh,2050,0.5068343006447039
C-WEU-BEL,urb,perm,mfh,2055,0.5066771742635748
C-WEU-BEL,urb,perm,mfh,2060,0.5065442121872166
C-WEU-BEL,urb,perm,mfh,2065,0.5064330779579399
C-WEU-BEL,urb,perm,mfh,2070,0.5063415277637908
C-WEU-BEL,urb,perm,mfh,2075,0.5062673903077802
C-WEU-BEL,urb,perm,mfh,2080,0.506208549594331
C-WEU-BEL,urb,perm,mfh,2085,0.5061629303763039
C-WEU-BEL,urb,perm,mfh,2090,0.5061284860775296
C-WEU-BEL,urb,perm,mfh,2095,0.5061031890633325
C-WEU-BEL,urb,perm,mfh,2100,0.5060850231768244
C-WEU-BEL,urb,perm,sfh,2015,0.49116074927556463
C-WEU-BEL,urb,perm,sfh,2020,0.4915662223754628
C-WEU-BEL,urb,perm,sfh,2025,0.4919260594898314
C-WEU-BEL,urb,perm,sfh,2030,0.4922441601633367
C-WEU-BEL,urb,perm,sfh,2035,0.49252406228248485
C-WEU-BEL,urb,perm,sfh,2040,0.49276900054801925
C-WEU-BEL,urb,perm,sfh,2045,0.49298195617324453
C-WEU-BEL,urb,perm,sfh,2050,0.49316569935529614
C-WEU-BEL,urb,perm,sfh,2055,0.49332282573642505
C-WEU-BEL,urb,perm,sfh,2060,0.49345578781278326
C-WEU-BEL,urb,perm,sfh,2065,0.49356692204206004
C-WEU-BEL,urb,perm,sfh,2070,0.4936584722362091
C-WEU-BEL,urb,perm,sfh,2075,0.49373260969221966
C-WEU-BEL,urb,perm,sfh,2080,0.49379145040566896
C-WEU-BEL,urb,perm,sfh,2085,0.49383706962369606
C-WEU-BEL,urb,perm,sfh,2090,0.4938715139224704
C-WEU-BEL,urb,perm,sfh,2095,0.4938968109366675
C-WEU-BEL,urb,perm,sfh,2100,0.49391497682317553
C-WEU-CYP,rur,perm,mfh,2015,0.5177601349057245
C-WEU-CYP,rur,perm,mfh,2020,0.5177601349057245
C-WEU-CYP,rur,perm,mfh,2025,0.5177601349057245
C-WEU-CYP,rur,perm,mfh,2030,0.5177601349057245
C-WEU-CYP,rur,perm,mfh,2035,0.5177601349057245
C-WEU-CYP,rur,perm,mfh,2040,0.5177601349057245
C-WEU-CYP,rur,perm,mfh,2045,0.5177601349057245
C-WEU-CYP,rur,perm,mfh,2050,0.5177601349057245
C-WEU-CYP,rur,perm,mfh,2055,0.5177601349057245
C-WEU-CYP,rur,perm,mfh,2060,0.5177601349057245
C-WEU-CYP,rur,perm,mfh,2065,0.5177601349057245
C-WEU-CYP,rur,perm,mfh,2070,0.5177601349057245
C-WEU-CYP,rur,perm,mfh,2075,0.5177601349057245
C-WEU-CYP,rur,perm,mfh,2080,0.5177601349057245
C-WEU-CYP,rur,perm,mfh,2085,0.5177601349057245
C-WEU-CYP,rur,perm,mfh,2090,0.5177601349057245
C-WEU-CYP,rur,perm,mfh,2095,0.5177601349057245
C-WEU-CYP,rur,perm,mfh,2100,0.5177601349057245
C-WEU-CYP,rur,perm,sfh,2015,0.4822398650942755
C-WEU-CYP,rur,perm,sfh,2020,0.4822398650942755
C-WEU-CYP,rur,perm,sfh,2025,0.4822398650942755
C-WEU-CYP,rur,perm,sfh,2030,0.4822398650942755
C-WEU-CYP,rur,perm,sfh,2035,0.4822398650942755
C-WEU-CYP,rur,perm,sfh,2040,0.4822398650942755
C-WEU-CYP,rur,perm,sfh,2045,0.4822398650942755
C-WEU-CYP,rur,perm,sfh,2050,0.4822398650942755
C-WEU-CYP,rur,perm,sfh,2055,0.4822398650942755
C-WEU-CYP,rur,perm,sfh,2060,0.4822398650942755
C-WEU-CYP,rur,perm,sfh,2065,0.4822398650942755
C-WEU-CYP,rur,perm,sfh,2070,0.4822398650942755
C-WEU-CYP,rur,perm,sfh,2075,0.4822398650942755
C-WEU-CYP,rur,perm,sfh,2080,0.4822398650942755
C-WEU-CYP,rur,perm,sfh,2085,0.4822398650942755
C-WEU-CYP,rur,perm,sfh,2090,0.4822398650942755
C-WEU-CYP,rur,perm,sfh,2095,0.4822398650942755
C-WEU-CYP,rur,perm,sfh,2100,0.4822398650942755
C-WEU-CYP,sub,perm,mfh,2015,0.5177601349057245
C-WEU-CYP,sub,perm,mfh,2020,0.5177601349057245
C-WEU-CYP,sub,perm,mfh,2025,0.5177601349057245
C-WEU-CYP,sub,perm,mfh,2030,0.5177601349057245
C-WEU-CYP,sub,perm,mfh,2035,0.5177601349057245
C-WEU-CYP,sub,perm,mfh,2040,0.5177601349057245
C-WEU-CYP,sub,perm,mfh,2045,0.5177601349057245
C-WEU-CYP,sub,perm,mfh,2050,0.5177601349057245
C-WEU-CYP,sub,perm,mfh,2055,0.5177601349057245
C-WEU-CYP,sub,perm,mfh,2060,0.5177601349057245
C-WEU-CYP,sub,perm,mfh,2065,0.5177601349057245
C-WEU-CYP,sub,perm,mfh,2070,0.5177601349057245
C-WEU-CYP,sub,perm,mfh,2075,0.5177601349057245
C-WEU-CYP,sub,perm,mfh,2080,0.5177601349057245
C-WEU-CYP,sub,perm,mfh,2085,0.5177601349057245
C-WEU-CYP,sub,perm,mfh,2090,0.5177601349057245
C-WEU-CYP,sub,perm,mfh,2095,0.5177601349057245
C-WEU-CYP,sub,perm,mfh,2100,0.5177601349057245
C-WEU-CYP,sub,perm,sfh,2015,0.4822398650942755
C-WEU-CYP,sub,perm,sfh,2020,0.4822398650942755
C-WEU-CYP,sub,perm,sfh,2025,0.4822398650942755
C-WEU-CYP,sub,perm,sfh,2030,0.4822398650942755
C-WEU-CYP,sub,perm,sfh,2035,0.4822398650942755
C-WEU-CYP,sub,perm,sfh,2040,0.4822398650942755
C-WEU-CYP,sub,perm,sfh,2045,0.4822398650942755
C-WEU-CYP,sub,perm,sfh,2050,0.4822398650942755
C-WEU-CYP,sub,perm,sfh,2055,0.4822398650942755
C-WEU-CYP,sub,perm,sfh,2060,0.4822398650942755
C-WEU-CYP,sub,perm,sfh,2065,0.4822398650942755
C-WEU-CYP,sub,perm,sfh,2070,0.4822398650942755
C-WEU-CYP,sub,perm,sfh,2075,0.4822398650942755
C-WEU-CYP,sub,perm,sfh,2080,0.4822398650942755
C-WEU-CYP,sub,perm,sfh,2085,0.4822398650942755
C-WEU-CYP,sub,perm,sfh,2090,0.4822398650942755
C-WEU-CYP,sub,perm,sfh,2095,0.4822398650942755
C-WEU-CYP,sub,perm,sfh,2100,0.4822398650942755
C-WEU-CYP,urb,perm,mfh,2015,0.5177601349057245
C-WEU-CYP,urb,perm,mfh,2020,0.5177601349057245
C-WEU-CYP,urb,perm,mfh,2025,0.5177601349057245
C-WEU-CYP,urb,perm,mfh,2030,0.5177601349057245
C-WEU-CYP,urb,perm,mfh,2035,0.5177601349057245
C-WEU-CYP,urb,perm,mfh,2040,0.5177601349057245
C-WEU-CYP,urb,perm,mfh,2045,0.5177601349057245
C-WEU-CYP,urb,perm,mfh,2050,0.5177601349057245
C-WEU-CYP,urb,perm,mfh,2055,0.5177601349057245
C-WEU-CYP,urb,perm,mfh,2060,0.5177601349057245
C-WEU-CYP,urb,perm,mfh,2065,0.5177601349057245
C-WEU-CYP,urb,perm,mfh,2070,0.5177601349057245
C-WEU-CYP,urb,perm,mfh,2075,0.5177601349057245
C-WEU-CYP,urb,perm,mfh,2080,0.5177601349057245
C-WEU-CYP,urb,perm,mfh,2085,0.5177601349057245
C-WEU-CYP,urb,perm,mfh,2090,0.5177601349057245
C-WEU-CYP,urb,perm,mfh,2095,0.5177601349057245
C-WEU-CYP,urb,perm,mfh,2100,0.5177601349057245
C-WEU-CYP,urb,perm,sfh,2015,0.4822398650942755
C-WEU-CYP,urb,perm,sfh,2020,0.4822398650942755
C-WEU-CYP,urb,perm,sfh,2025,0.4822398650942755
C-WEU-CYP,urb,perm,sfh,2030,0.4822398650942755
C-WEU-CYP,urb,perm,sfh,2035,0.4822398650942755
C-WEU-CYP,urb,perm,sfh,2040,0.4822398650942755
C-WEU-CYP,urb,perm,sfh,2045,0.4822398650942755
C-WEU-CYP,urb,perm,sfh,2050,0.4822398650942755
C-WEU-CYP,urb,perm,sfh,2055,0.4822398650942755
C-WEU-CYP,urb,perm,sfh,2060,0.4822398650942755
C-WEU-CYP,urb,perm,sfh,2065,0.4822398650942755
C-WEU-CYP,urb,perm,sfh,2070,0.4822398650942755
C-WEU-CYP,urb,perm,sfh,2075,0.4822398650942755
C-WEU-CYP,urb,perm,sfh,2080,0.4822398650942755
C-WEU-CYP,urb,perm,sfh,2085,0.4822398650942755
C-WEU-CYP,urb,perm,sfh,2090,0.4822398650942755
C-WEU-CYP,urb,perm,sfh,2095,0.4822398650942755
C-WEU-CYP,urb,perm,sfh,2100,0.4822398650942755
C-WEU-DEU,rur,perm,mfh,2015,0.5908348783868731
C-WEU-DEU,rur,perm,mfh,2020,0.5906631106706666
C-WEU-DEU,rur,perm,mfh,2025,0.5905068886911452
C-WEU-DEU,rur,perm,mfh,2030,0.5903613999817465
C-WEU-DEU,rur,perm,mfh,2035,0.5902226225677646
C-WEU-DEU,rur,perm,mfh,2040,0.5900870757061869
C-WEU-DEU,rur,perm,mfh,2045,0.5899516531099259
C-WEU-DEU,rur,perm,mfh,2050,0.5898135145981704
C-WEU-DEU,rur,perm,mfh,2055,0.5896700226913435
C-WEU-DEU,rur,perm,mfh,2060,0.5895187171052239
C-WEU-DEU,rur,perm,mfh,2065,0.5893573239534046
C-WEU-DEU,rur,perm,mfh,2070,0.5891837984270988
C-WEU-DEU,rur,perm,mfh,2075,0.5889963999811525
C-WEU-DEU,rur,perm,mfh,2080,0.588793797554282
C-WEU-DEU,rur,perm,mfh,2085,0.5885751989853143
C-WEU-DEU,rur,perm,mfh,2090,0.5883404936528217
C-WEU-DEU,rur,perm,mfh,2095,0.588090391044926
C-WEU-DEU,rur,perm,mfh,2100,0.5878265317716451
C-WEU-DEU,rur,perm,sfh,2015,0.40916512161312685
C-WEU-DEU,rur,perm,sfh,2020,0.40933688932933343
C-WEU-DEU,rur,perm,sfh,2025,0.40949311130885485
C-WEU-DEU,rur,perm,sfh,2030,0.40963860001825336
C-WEU-DEU,rur,perm,sfh,2035,0.40977737743223536
C-WEU-DEU,rur,perm,sfh,2040,0.4099129242938131
C-WEU-DEU,rur,perm,sfh,2045,0.41004834689007413
C-WEU-DEU,rur,perm,sfh,2050,0.4101864854018296
C-WEU-DEU,rur,perm,sfh,2055,0.4103299773086565
C-WEU-DEU,rur,perm,sfh,2060,0.41048128289477614
C-WEU-DEU,rur,perm,sfh,2065,0.41064267604659543
C-WEU-DEU,rur,perm,sfh,2070,0.4108162015729012
C-WEU-DEU,rur,perm,sfh,2075,0.41100360001884745
C-WEU-DEU,rur,perm,sfh,2080,0.4112062024457179
C-WEU-DEU,rur,perm,sfh,2085,0.41142480101468565
C-WEU-DEU,rur,perm,sfh,2090,0.41165950634717824
C-WEU-DEU,rur,perm,sfh,2095,0.41190960895507395
C-WEU-DEU,rur,perm,sfh,2100,0.4121734682283549
C-WEU-DEU,sub,perm,mfh,2015,0.6366807645873008
C-WEU-DEU,sub,perm,mfh,2020,0.6365211084834749
C-WEU-DEU,sub,perm,mfh,2025,0.636363692061694
C-WEU-DEU,sub,perm,mfh,2030,0.6362068884110672
C-WEU-DEU,sub,perm,mfh,2035,0.6360492299937455
C-WEU-DEU,sub,perm,mfh,2040,0.6358893816669593
C-WEU-DEU,sub,perm,mfh,2045,0.6357261239331913
C-WEU-DEU,sub,perm,mfh,2050,0.635558344939521
C-WEU-DEU,sub,perm,mfh,2055,0.6353850402699237
C-WEU-DEU,sub,perm,mfh,2060,0.6352053198889877
C-WEU-DEU,sub,perm,mfh,2065,0.6350184217362015
C-WEU-DEU,sub,perm,mfh,2070,0.634823731450977
C-WEU-DEU,sub,perm,mfh,2075,0.6346208075338375
C-WEU-DEU,sub,perm,mfh,2080,0.6344094109208456
C-WEU-DEU,sub,perm,mfh,2085,0.6341895374756271
C-WEU-DEU,sub,perm,mfh,2090,0.6339614513124459
C-WEU-DEU,sub,perm,mfh,2095,0.6337257162073607
C-WEU-DEU,sub,perm,mfh,2100,0.6334832217192466
C-WEU-DEU,sub,perm,sfh,2015,0.36331923541269906
C-WEU-DEU,sub,perm,sfh,2020,0.36347889151652507
C-WEU-DEU,sub,perm,sfh,2025,0.363636307938306
C-WEU-DEU,sub,perm,sfh,2030,0.3637931115889328
C-WEU-DEU,sub,perm,sfh,2035,0.3639507700062545
C-WEU-DEU,sub,perm,sfh,2040,0.36411061833304065
C-WEU-DEU,sub,perm,sfh,2045,0.3642738760668087
C-WEU-DEU,sub,perm,sfh,2050,0.36444165506047904
C-WEU-DEU,sub,perm,sfh,2055,0.36461495973007624
C-WEU-DEU,sub,perm,sfh,2060,0.36479468011101235
C-WEU-DEU,sub,perm,sfh,2065,0.3649815782637985
C-WEU-DEU,sub,perm,sfh,2070,0.36517626854902296
C-WEU-DEU,sub,perm,sfh,2075,0.36537919246616246
C-WEU-DEU,sub,perm,sfh,2080,0.3655905890791545
C-WEU-DEU,sub,perm,sfh,2085,0.3658104625243729
C-WEU-DEU,sub,perm,sfh,2090,0.366038548687554
C-WEU-DEU,sub,perm,sfh,2095,0.3662742837926393
C-WEU-DEU,sub,perm,sfh,2100,0.3665167782807533
C-WEU-DEU,urb,perm,mfh,2015,0.8184155051163985
C-WEU-DEU,urb,perm,mfh,2020,0.8182841271341539
C-WEU-DEU,urb,perm,mfh,2025,0.8181714013785196
C-WEU-DEU,urb,perm,mfh,2030,0.818074194344933
C-WEU-DEU,urb,perm,mfh,2035,0.8179897727811741
C-WEU-DEU,urb,perm,mfh,2040,0.8179156811038537
C-WEU-DEU,urb,perm,mfh,2045,0.8178496461953257
C-WEU-DEU,urb,perm,mfh,2050,0.8177895027368177
C-WEU-DEU,urb,perm,mfh,2055,0.8177331350540223
C-WEU-DEU,urb,perm,mfh,2060,0.817678433541814
C-WEU-DEU,urb,perm,mfh,2065,0.817623265357407
C-WEU-DEU,urb,perm,mfh,2070,0.8175654603423979
C-WEU-DEU,urb,perm,mfh,2075,0.8175028140564008
C-WEU-DEU,urb,perm,mfh,2080,0.8174331102849294
C-WEU-DEU,urb,perm,mfh,2085,0.817354165251378
C-WEU-DEU,urb,perm,mfh,2090,0.8172638948064168
C-WEU-DEU,urb,perm,mfh,2095,0.8171604039033343
C-WEU-DEU,urb,perm,mfh,2100,0.8170420946404415
C-WEU-DEU,urb,perm,sfh,2015,0.18158449488360143
C-WEU-DEU,urb,perm,sfh,2020,0.18171587286584603
C-WEU-DEU,urb,perm,sfh,2025,0.18182859862148035
C-WEU-DEU,urb,perm,sfh,2030,0.18192580565506697
C-WEU-DEU,urb,perm,sfh,2035,0.1820102272188258
C-WEU-DEU,urb,perm,sfh,2040,0.1820843188961462
C-WEU-DEU,urb,perm,sfh,2045,0.18215035380467431
C-WEU-DEU,urb,perm,sfh,2050,0.1822104972631822
C-WEU-DEU,urb,perm,sfh,2055,0.18226686494597757
C-WEU-DEU,urb,perm,sfh,2060,0.18232156645818598
C-WEU-DEU,urb,perm,sfh,2065,0.18237673464259288
C-WEU-DEU,urb,perm,sfh,2070,0.1824345396576021
C-WEU-DEU,urb,perm,sfh,2075,0.18249718594359918
C-WEU-DEU,urb,perm,sfh,2080,0.18256688971507057
C-WEU-DEU,urb,perm,sfh,2085,0.18264583474862178
C-WEU-DEU,urb,perm,sfh,2090,0.18273610519358316
C-WEU-DEU,urb,perm,sfh,2095,0.1828395960966656
C-WEU-DEU,urb,perm,sfh,2100,0.18295790535955836
C-WEU-DNK,rur,perm,mfh,2015,0.3813284078934065
C-WEU-DNK,rur,perm,mfh,2020,0.38134518082492863
C-WEU-DNK,rur,perm,mfh,2025,0.38136834595892055
C-WEU-DNK,rur,perm,mfh,2030,0.3813971007627199
C-WEU-DNK,rur,perm,mfh,2035,0.3814307161224096
C-WEU-DNK,rur,perm,mfh,2040,0.3814685042443099
C-WEU-DNK,rur,perm,mfh,2045,0.381509793092359
C-WEU-DNK,rur,perm,mfh,2050,0.38155390585541366
C-WEU-DNK,rur,perm,mfh,2055,0.3816001445885308
C-WEU-DNK,rur,perm,mfh,2060,0.3816477776389134
C-WEU-DNK,rur,perm,mfh,2065,0.3816960308074966
C-WEU-DNK,rur,perm,mfh,2070,0.3817440824389469
C-WEU-DNK,rur,perm,mfh,2075,0.3817910627849656
C-WEU-DNK,rur,perm,mfh,2080,0.3818360580449656
C-WEU-DNK,rur,perm,mfh,2085,0.3818781194448719
C-WEU-DNK,rur,perm,mfh,2090,0.381916277559077
C-WEU-DNK,rur,perm,mfh,2095,0.3819495618085958
C-WEU-DNK,rur,perm,mfh,2100,0.3819770246890192
C-WEU-DNK,rur,perm,sfh,2015,0.6186715921065935
C-WEU-DNK,rur,perm,sfh,2020,0.6186548191750714
C-WEU-DNK,rur,perm,sfh,2025,0.6186316540410794
C-WEU-DNK,rur,perm,sfh,2030,0.6186028992372801
C-WEU-DNK,rur,perm,sfh,2035,0.6185692838775905
C-WEU-DNK,rur,perm,sfh,2040,0.61853149575569
C-WEU-DNK,rur,perm,sfh,2045,0.618490206907641
C-WEU-DNK,rur,perm,sfh,2050,0.6184460941445864
C-WEU-DNK,rur,perm,sfh,2055,0.6183998554114691
C-WEU-DNK,rur,perm,sfh,2060,0.6183522223610867
C-WEU-DNK,rur,perm,sfh,2065,0.6183039691925034
C-WEU-DNK,rur,perm,sfh,2070,0.6182559175610531
C-WEU-DNK,rur,perm,sfh,2075,0.6182089372150343
C-WEU-DNK,rur,perm,sfh,2080,0.6181639419550344
C-WEU-DNK,rur,perm,sfh,2085,0.6181218805551281
C-WEU-DNK,rur,perm,sfh,2090,0.618083722440923
C-WEU-DNK,rur,perm,sfh,2095,0.6180504381914042
C-WEU-DNK,rur,perm,sfh,2100,0.6180229753109808
C-WEU-DNK,sub,perm,mfh,2015,0.39760189025446563
C-WEU-DNK,sub,perm,mfh,2020,0.3979109942224119
C-WEU-DNK,sub,perm,mfh,2025,0.3981747965573894
C-WEU-DNK,sub,perm,mfh,2030,0.3983992843285711
C-WEU-DNK,sub,perm,mfh,2035,0.39859013310153946
C-WEU-DNK,sub,perm,mfh,2040,0.3987527739583194
C-WEU-DNK,sub,perm,mfh,2045,0.3988924484368862
C-WEU-DNK,sub,perm,mfh,2050,0.39901425281137126
C-WEU-DNK,sub,perm,mfh,2055,0.39912317274724335
C-WEU-DNK,sub,perm,mfh,2060,0.3992241090707654
C-WEU-DNK,sub,perm,mfh,2065,0.39932189517338745
C-WEU-DNK,sub,perm,mfh,2070,0.3994213064189658
C-WEU-DNK,sub,perm,mfh,2075,0.3995270618278981
C-WEU-DNK,sub,perm,mfh,2080,0.3996438182728341
C-WEU-DNK,sub,perm,mfh,2085,0.39977615743219774
C-WEU-DNK,sub,perm,mfh,2090,0.39992856580725455
C-WEU-DNK,sub,perm,mfh,2095,0.40010540821222096
C-WEU-DNK,sub,perm,mfh,2100,0.4003108952899586
C-WEU-DNK,sub,perm,sfh,2015,0.6023981097455344
C-WEU-DNK,sub,perm,sfh,2020,0.6020890057775882
C-WEU-DNK,sub,perm,sfh,2025,0.6018252034426106
C-WEU-DNK,sub,perm,sfh,2030,0.6016007156714289
C-WEU-DNK,sub,perm,sfh,2035,0.6014098668984605
C-WEU-DNK,sub,perm,sfh,2040,0.6012472260416807
C-WEU-DNK,sub,perm,sfh,2045,0.6011075515631139
C-WEU-DNK,sub,perm,sfh,2050,0.6009857471886286
C-WEU-DNK,sub,perm,sfh,2055,0.6008768272527567
C-WEU-DNK,sub,perm,sfh,2060,0.6007758909292346
C-WEU-DNK,sub,perm,sfh,2065,0.6006781048266125
C-WEU-DNK,sub,perm,sfh,2070,0.6005786935810342
C-WEU-DNK,sub,perm,sfh,2075,0.6004729381721018
C-WEU-DNK,sub,perm,sfh,2080,0.6003561817271659
C-WEU-DNK,sub,perm,sfh,2085,0.6002238425678023
C-WEU-DNK,sub,perm,sfh,2090,0.6000714341927454
C-WEU-DNK,sub,perm,sfh,2095,0.5998945917877792
C-WEU-DNK,sub,perm,sfh,2100,0.5996891047100414
C-WEU-DNK,urb,perm,mfh,2015,0.6834911748612698
C-WEU-DNK,urb,perm,mfh,2020,0.6855813759004094
C-WEU-DNK,urb,perm,mfh,2025,0.6872444377079303
C-WEU-DNK,urb,perm,mfh,2030,0.6885812617997611
C-WEU-DNK,urb,perm,mfh,2035,0.6896660614473447
C-WEU-DNK,urb,perm,mfh,2040,0.6905555286947377
C-WEU-DNK,urb,perm,mfh,2045,0.6912945950754121
C-WEU-DNK,urb,perm,mfh,2050,0.6919201583935419
C-WEU-DNK,urb,perm,mfh,2055,0.6924635344871993
C-WEU-DNK,urb,perm,mfh,2060,0.6929520680847652
C-WEU-DNK,urb,perm,mfh,2065,0.6934101583914211
C-WEU-DNK,urb,perm,mfh,2070,0.6938598552046772
C-WEU-DNK,urb,perm,mfh,2075,0.694321126484744
C-WEU-DNK,urb,perm,mfh,2080,0.694811870786298
C-WEU-DNK,urb,perm,mfh,2085,0.6953477377429609
C-WEU-DNK,urb,perm,mfh,2090,0.6959418201337385
C-WEU-DNK,urb,perm,mfh,2095,0.6966042863670604
C-WEU-DNK,urb,perm,mfh,2100,0.6973420272380344
C-WEU-DNK,urb,perm,sfh,2015,0.31650882513873013
C-WEU-DNK,urb,perm,sfh,2020,0.3144186240995906
C-WEU-DNK,urb,perm,sfh,2025,0.3127555622920697
C-WEU-DNK,urb,perm,sfh,2030,0.31141873820023896
C-WEU-DNK,urb,perm,sfh,2035,0.3103339385526554
C-WEU-DNK,urb,perm,sfh,2040,0.30944447130526226
C-WEU-DNK,urb,perm,sfh,2045,0.30870540492458787
C-WEU-DNK,urb,perm,sfh,2050,0.30807984160645807
C-WEU-DNK,urb,perm,sfh,2055,0.30753646551280067
C-WEU-DNK,urb,perm,sfh,2060,0.3070479319152347
C-WEU-DNK,urb,perm,sfh,2065,0.306589841608579
C-WEU-DNK,urb,perm,sfh,2070,0.30614014479532287
C-WEU-DNK,urb,perm,sfh,2075,0.30567887351525597
C-WEU-DNK,urb,perm,sfh,2080,0.305188129213702
C-WEU-DNK,urb,perm,sfh,2085,0.3046522622570391
C-WEU-DNK,urb,perm,sfh,2090,0.3040581798662615
C-WEU-DNK,urb,perm,sfh,2095,0.3033957136329396
C-WEU-DNK,urb,perm,sfh,2100,0.3026579727619656
C-WEU-ESP,rur,perm,mfh,2015,0.6876890748971307
C-WEU-ESP,rur,perm,mfh,2020,0.6878569483208142
C-WEU-ESP,rur,perm,mfh,2025,0.688008379066553
C-WEU-ESP,rur,perm,mfh,2030,0.6881424816711488
C-WEU-ESP,rur,perm,mfh,2035,0.688258219701724
C-WEU-ESP,rur,perm,mfh,2040,0.6883543899554124
C-WEU-ESP,rur,perm,mfh,2045,0.6884296021521401
C-WEU-ESP,rur,perm,mfh,2050,0.6884822534343914
C-WEU-ESP,rur,perm,mfh,2055,0.6885104967130723
C-WEU-ESP,rur,perm,mfh,2060,0.6885122015620967
C-WEU-ESP,rur,perm,mfh,2065,0.6884849059361253
C-WEU-ESP,rur,perm,mfh,2070,0.6884257564261035
C-WEU-ESP,rur,perm,mfh,2075,0.6883314340203968
C-WEU-ESP,rur,perm,mfh,2080,0.6881980613263795
C-WEU-ESP,rur,perm,mfh,2085,0.6880210858130785
C-WEU-ESP,rur,perm,mfh,2090,0.6877951316891803
C-WEU-ESP,rur,perm,mfh,2095,0.6875138102748505
C-WEU-ESP,rur,perm,mfh,2100,0.687169474765314
C-WEU-ESP,rur,perm,sfh,2015,0.31231092510286934
C-WEU-ESP,rur,perm,sfh,2020,0.3121430516791858
C-WEU-ESP,rur,perm,sfh,2025,0.31199162093344696
C-WEU-ESP,rur,perm,sfh,2030,0.3118575183288512
C-WEU-ESP,rur,perm,sfh,2035,0.3117417802982759
C-WEU-ESP,rur,perm,sfh,2040,0.3116456100445876
C-WEU-ESP,rur,perm,sfh,2045,0.3115703978478598
C-WEU-ESP,rur,perm,sfh,2050,0.3115177465656086
C-WEU-ESP,rur,perm,sfh,2055,0.3114895032869276
C-WEU-ESP,rur,perm,sfh,2060,0.31148779843790336
C-WEU-ESP,rur,perm,sfh,2065,0.3115150940638746
C-WEU-ESP,rur,perm,sfh,2070,0.3115742435738965
C-WEU-ESP,rur,perm,sfh,2075,0.3116685659796032
C-WEU-ESP,rur,perm,sfh,2080,0.31180193867362044
C-WEU-ESP,rur,perm,sfh,2085,0.3119789141869215
C-WEU-ESP,rur,perm,sfh,2090,0.3122048683108198
C-WEU-ESP,rur,perm,sfh,2095,0.3124861897251495
C-WEU-ESP,rur,perm,sfh,2100,0.312830525234686
C-WEU-ESP,sub,perm,mfh,2015,0.710332219926525
C-WEU-ESP,sub,perm,mfh,2020,0.7105404765241966
C-WEU-ESP,sub,perm,mfh,2025,0.7107193104906743
C-WEU-ESP,sub,perm,mfh,2030,0.7108698993633475
C-WEU-ESP,sub,perm,mfh,2035,0.7109928619207394
C-WEU-ESP,sub,perm,mfh,2040,0.711088342983025
C-WEU-ESP,sub,perm,mfh,2045,0.7111560749715334
C-WEU-ESP,sub,perm,mfh,2050,0.7111954226846546
C-WEU-ESP,sub,perm,mfh,2055,0.7112054158788866
C-WEU-ESP,sub,perm,mfh,2060,0.7111847730116033
C-WEU-ESP,sub,perm,mfh,2065,0.7111319186875432
C-WEU-ESP,sub,perm,mfh,2070,0.711044996817182
C-WEU-ESP,sub,perm,mfh,2075,0.7109218811549386
C-WEU-ESP,sub,perm,mfh,2080,0.7107601846818363
C-WEU-ESP,sub,perm,mfh,2085,0.7105572691929071
C-WEU-ESP,sub,perm,mfh,2090,0.7103102564177923
C-WEU-ESP,sub,perm,mfh,2095,0.7100160420238634
C-WEU-ESP,sub,perm,mfh,2100,0.7096713139083028
C-WEU-ESP,sub,perm,sfh,2015,0.28966778007347516
C-WEU-ESP,sub,perm,sfh,2020,0.2894595234758032
C-WEU-ESP,sub,perm,sfh,2025,0.2892806895093257
C-WEU-ESP,sub,perm,sfh,2030,0.2891301006366524
C-WEU-ESP,sub,perm,sfh,2035,0.28900713807926065
C-WEU-ESP,sub,perm,sfh,2040,0.28891165701697485
C-WEU-ESP,sub,perm,sfh,2045,0.2888439250284665
C-WEU-ESP,sub,perm,sfh,2050,0.28880457731534526
C-WEU-ESP,sub,perm,sfh,2055,0.2887945841211133
C-WEU-ESP,sub,perm,sfh,2060,0.2888152269883966
C-WEU-ESP,sub,perm,sfh,2065,0.2888680813124569
C-WEU-ESP,sub,perm,sfh,2070,0.28895500318281797
C-WEU-ESP,sub,perm,sfh,2075,0.2890781188450613
C-WEU-ESP,sub,perm,sfh,2080,0.28923981531816373
C-WEU-ESP,sub,perm,sfh,2085,0.289442730807093
C-WEU-ESP,sub,perm,sfh,2090,0.28968974358220756
C-WEU-ESP,sub,perm,sfh,2095,0.28998395797613646
C-WEU-ESP,sub,perm,sfh,2100,0.29032868609169704
C-WEU-ESP,urb,perm,mfh,2015,0.7838671187557794
C-WEU-ESP,urb,perm,mfh,2020,0.7841773603327293
C-WEU-ESP,urb,perm,mfh,2025,0.7844373524666612
C-WEU-ESP,urb,perm,mfh,2030,0.7846519653231945
C-WEU-ESP,urb,perm,mfh,2035,0.7848249575873274
C-WEU-ESP,urb,perm,mfh,2040,0.7849592033970635
C-WEU-ESP,urb,perm,mfh,2045,0.785056862145697
C-WEU-ESP,urb,perm,mfh,2050,0.7851195075593689
C-WEU-ESP,urb,perm,mfh,2055,0.7851482274798143
C-WEU-ESP,urb,perm,mfh,2060,0.7851437024904538
C-WEU-ESP,urb,perm,mfh,2065,0.7851062693140736
C-WEU-ESP,urb,perm,mfh,2070,0.7850359734083623
C-WEU-ESP,urb,perm,mfh,2075,0.7849326141543128
C-WEU-ESP,urb,perm,mfh,2080,0.7847957853177643
C-WEU-ESP,urb,perm,mfh,2085,0.7846249129631478
C-WEU-ESP,urb,perm,mfh,2090,0.7844192926395366
C-WEU-ESP,urb,perm,mfh,2095,0.7841781273907521
C-WEU-ESP,urb,perm,mfh,2100,0.7839005679239891
C-WEU-ESP,urb,perm,sfh,2015,0.21613288124422064
C-WEU-ESP,urb,perm,sfh,2020,0.21582263966727072
C-WEU-ESP,urb,perm,sfh,2025,0.21556264753333867
C-WEU-ESP,urb,perm,sfh,2030,0.21534803467680555
C-WEU-ESP,urb,perm,sfh,2035,0.2151750424126726
C-WEU-ESP,urb,perm,sfh,2040,0.21504079660293643
C-WEU-ESP,urb,perm,sfh,2045,0.21494313785430297
C-WEU-ESP,urb,perm,sfh,2050,0.2148804924406311
C-WEU-ESP,urb,perm,sfh,2055,0.2148517725201857
C-WEU-ESP,urb,perm,sfh,2060,0.21485629750954607
C-WEU-ESP,urb,perm,sfh,2065,0.21489373068592638
C-WEU-ESP,urb,perm,sfh,2070,0.2149640265916378
C-WEU-ESP,urb,perm,sfh,2075,0.21506738584568713
C-WEU-ESP,urb,perm,sfh,2080,0.21520421468223572
C-WEU-ESP,urb,perm,sfh,2085,0.21537508703685218
C-WEU-ESP,urb,perm,sfh,2090,0.21558070736046345
C-WEU-ESP,urb,perm,sfh,2095,0.21582187260924796
C-WEU-ESP,urb,perm,sfh,2100,0.2160994320760108
C-WEU-FIN,rur,perm,mfh,2015,0.6153612096785577
C-WEU-FIN,rur,perm,mfh,2020,0.6153862718594674
C-WEU-FIN,rur,perm,mfh,2025,0.6153644185871732
C-WEU-FIN,rur,perm,mfh,2030,0.615303154373522
C-WEU-FIN,rur,perm,mfh,2035,0.6152090447557609
C-WEU-FIN,rur,perm,mfh,2040,0.6150881521478171
C-WEU-FIN,rur,perm,mfh,2045,0.6149463715088668
C-WEU-FIN,rur,perm,mfh,2050,0.6147896934407407
C-WEU-FIN,rur,perm,mfh,2055,0.6146244076801756
C-WEU-FIN,rur,perm,mfh,2060,0.6144572494766738
C-WEU-FIN,rur,perm,mfh,2065,0.6142954835895784
C-WEU-FIN,rur,perm,mfh,2070,0.6141469152388895
C-WEU-FIN,rur,perm,mfh,2075,0.6140198147015077
C-WEU-FIN,rur,perm,mfh,2080,0.6139227432423926
C-WEU-FIN,rur,perm,mfh,2085,0.6138642737200998
C-WEU-FIN,rur,perm,mfh,2090,0.6138526101234644
C-WEU-FIN,rur,perm,mfh,2095,0.6138951260452843
C-WEU-FIN,rur,perm,mfh,2100,0.6139978605965095
C-WEU-FIN,rur,perm,sfh,2015,0.3846387903214424
C-WEU-FIN,rur,perm,sfh,2020,0.38461372814053263
C-WEU-FIN,rur,perm,sfh,2025,0.38463558141282683
C-WEU-FIN,rur,perm,sfh,2030,0.38469684562647805
C-WEU-FIN,rur,perm,sfh,2035,0.384790955244239
C-WEU-FIN,rur,perm,sfh,2040,0.38491184785218285
C-WEU-FIN,rur,perm,sfh,2045,0.38505362849113317
C-WEU-FIN,rur,perm,sfh,2050,0.38521030655925914
C-WEU-FIN,rur,perm,sfh,2055,0.38537559231982454
C-WEU-FIN,rur,perm,sfh,2060,0.3855427505233262
C-WEU-FIN,rur,perm,sfh,2065,0.3857045164104215
C-WEU-FIN,rur,perm,sfh,2070,0.38585308476111035
C-WEU-FIN,rur,perm,sfh,2075,0.3859801852984923
C-WEU-FIN,rur,perm,sfh,2080,0.3860772567576075
C-WEU-FIN,rur,perm,sfh,2085,0.38613572627990017
C-WEU-FIN,rur,perm,sfh,2090,0.38614738987653563
C-WEU-FIN,rur,perm,sfh,2095,0.3861048739547156
C-WEU-FIN,rur,perm,sfh,2100,0.38600213940349043
C-WEU-FIN,sub,perm,mfh,2015,0.6440888725160683
C-WEU-FIN,sub,perm,mfh,2020,0.6441555076073082
C-WEU-FIN,sub,perm,mfh,2025,0.644175332106364
C-WEU-FIN,sub,perm,mfh,2030,0.644155897513134
C-WEU-FIN,sub,perm,mfh,2035,0.6441040504417245
C-WEU-FIN,sub,perm,mfh,2040,0.6440262284591124
C-WEU-FIN,sub,perm,mfh,2045,0.643928689873822
C-WEU-FIN,sub,perm,mfh,2050,0.6438176911344067
C-WEU-FIN,sub,perm,mfh,2055,0.6436996186804533
C-WEU-FIN,sub,perm,mfh,2060,0.6435810772118741
C-WEU-FIN,sub,perm,mfh,2065,0.6434689329121931
C-WEU-FIN,sub,perm,mfh,2070,0.6433703080316229
C-WEU-FIN,sub,perm,mfh,2075,0.643292522484057
C-WEU-FIN,sub,perm,mfh,2080,0.643242978936839
C-WEU-FIN,sub,perm,mfh,2085,0.6432289904748242
C-WEU-FIN,sub,perm,mfh,2090,0.643257554366096
C-WEU-FIN,sub,perm,mfh,2095,0.643335081523505
C-WEU-FIN,sub,perm,mfh,2100,0.643467098306559
C-WEU-FIN,sub,perm,sfh,2015,0.35591112748393167
C-WEU-FIN,sub,perm,sfh,2020,0.3558444923926917
C-WEU-FIN,sub,perm,sfh,2025,0.35582466789363604
C-WEU-FIN,sub,perm,sfh,2030,0.355844102486866
C-WEU-FIN,sub,perm,sfh,2035,0.3558959495582754
C-WEU-FIN,sub,perm,sfh,2040,0.35597377154088766
C-WEU-FIN,sub,perm,sfh,2045,0.356071310126178
C-WEU-FIN,sub,perm,sfh,2050,0.3561823088655933
C-WEU-FIN,sub,perm,sfh,2055,0.3563003813195467
C-WEU-FIN,sub,perm,sfh,2060,0.35641892278812587
C-WEU-FIN,sub,perm,sfh,2065,0.35653106708780685
C-WEU-FIN,sub,perm,sfh,2070,0.35662969196837707
C-WEU-FIN,sub,perm,sfh,2075,0.35670747751594295
C-WEU-FIN,sub,perm,sfh,2080,0.3567570210631609
C-WEU-FIN,sub,perm,sfh,2085,0.35677100952517576
C-WEU-FIN,sub,perm,sfh,2090,0.3567424456339039
C-WEU-FIN,sub,perm,sfh,2095,0.356664918476495
C-WEU-FIN,sub,perm,sfh,2100,0.35653290169344093
C-WEU-FIN,urb,perm,mfh,2015,0.759138633266261
C-WEU-FIN,urb,perm,mfh,2020,0.759175503696433
C-WEU-FIN,urb,perm,mfh,2025,0.7591825599819123
C-WEU-FIN,urb,perm,mfh,2030,0.7591645689207105
C-WEU-FIN,urb,perm,mfh,2035,0.7591258504319024
C-WEU-FIN,urb,perm,mfh,2040,0.7590704720821126
C-WEU-FIN,urb,perm,mfh,2045,0.7590024005890409
C-WEU-FIN,urb,perm,mfh,2050,0.7589256192690499
C-WEU-FIN,urb,perm,mfh,2055,0.7588442157539277
C-WEU-FIN,urb,perm,mfh,2060,0.7587624409585008
C-WEU-FIN,urb,perm,mfh,2065,0.758684737908227
C-WEU-FIN,urb,perm,mfh,2070,0.758615737552686
C-WEU-FIN,urb,perm,mfh,2075,0.7585602181774799
C-WEU-FIN,urb,perm,mfh,2080,0.7585230256510257
C-WEU-FIN,urb,perm,mfh,2085,0.7585089536712736
C-WEU-FIN,urb,perm,mfh,2090,0.7585225864697268
C-WEU-FIN,urb,perm,mfh,2095,0.7585681109187536
C-WEU-FIN,urb,perm,mfh,2100,0.7586491101793369
C-WEU-FIN,urb,perm,sfh,2015,0.24086136673373904
C-WEU-FIN,urb,perm,sfh,2020,0.24082449630356703
C-WEU-FIN,urb,perm,sfh,2025,0.2408174400180875
C-WEU-FIN,urb,perm,sfh,2030,0.24083543107928954
C-WEU-FIN,urb,perm,sfh,2035,0.24087414956809788
C-WEU-FIN,urb,perm,sfh,2040,0.24092952791788727
C-WEU-FIN,urb,perm,sfh,2045,0.24099759941095897
C-WEU-FIN,urb,perm,sfh,2050,0.24107438073095
C-WEU-FIN,urb,perm,sfh,2055,0.2411557842460723
C-WEU-FIN,urb,perm,sfh,2060,0.2412375590414993
C-WEU-FIN,urb,perm,sfh,2065,0.24131526209177295
C-WEU-FIN,urb,perm,sfh,2070,0.24138426244731412
C-WEU-FIN,urb,perm,sfh,2075,0.24143978182252024
C-WEU-FIN,urb,perm,sfh,2080,0.24147697434897425
C-WEU-FIN,urb,perm,sfh,2085,0.24149104632872637
C-WEU-FIN,urb,perm,sfh,2090,0.24147741353027322
C-WEU-FIN,urb,perm,sfh,2095,0.24143188908124624
C-WEU-FIN,urb,perm,sfh,2100,0.24135088982066316
C-WEU-FRA,rur,perm,mfh,2015,0.35560875111813683
C-WEU-FRA,rur,perm,mfh,2020,0.3555230151486039
C-WEU-FRA,rur,perm,mfh,2025,0.3554627496236394
C-WEU-FRA,rur,perm,mfh,2030,0.35542497067636825
C-WEU-FRA,rur,perm,mfh,2035,0.3554069024631328
C-WEU-FRA,rur,perm,mfh,2040,0.3554059445127486
C-WEU-FRA,rur,perm,mfh,2045,0.3554196437549517
C-WEU-FRA,rur,perm,mfh,2050,0.3554456704556205
C-WEU-FRA,rur,perm,mfh,2055,0.3554817974366259
C-WEU-FRA,rur,perm,mfh,2060,0.3555258820776986
C-WEU-FRA,rur,perm,mfh,2065,0.3555758506934377
C-WEU-FRA,rur,perm,mfh,2070,0.3556296849557852
C-WEU-FRA,rur,perm,mfh,2075,0.35568541009494886
C-WEU-FRA,rur,perm,mfh,2080,0.3557410846629453
C-WEU-FRA,rur,perm,mfh,2085,0.35579479168599437
C-WEU-FRA,rur,perm,mfh,2090,0.3558446310667637
C-WEU-FRA,rur,perm,mfh,2095,0.35588871312632714
C-WEU-FRA,rur,perm,mfh,2100,0.3559251531997641
C-WEU-FRA,rur,perm,sfh,2015,0.6443912488818632
C-WEU-FRA,rur,perm,sfh,2020,0.6444769848513962
C-WEU-FRA,rur,perm,sfh,2025,0.6445372503763607
C-WEU-FRA,rur,perm,sfh,2030,0.6445750293236318
C-WEU-FRA,rur,perm,sfh,2035,0.6445930975368671
C-WEU-FRA,rur,perm,sfh,2040,0.6445940554872515
C-WEU-FRA,rur,perm,sfh,2045,0.6445803562450483
C-WEU-FRA,rur,perm,sfh,2050,0.6445543295443794
C-WEU-FRA,rur,perm,sfh,2055,0.6445182025633741
C-WEU-FRA,rur,perm,sfh,2060,0.6444741179223015
C-WEU-FRA,rur,perm,sfh,2065,0.6444241493065622
C-WEU-FRA,rur,perm,sfh,2070,0.6443703150442148
C-WEU-FRA,rur,perm,sfh,2075,0.6443145899050511
C-WEU-FRA,rur,perm,sfh,2080,0.6442589153370547
C-WEU-FRA,rur,perm,sfh,2085,0.6442052083140056
C-WEU-FRA,rur,perm,sfh,2090,0.6441553689332362
C-WEU-FRA,rur,perm,sfh,2095,0.6441112868736729
C-WEU-FRA,rur,perm,sfh,2100,0.6440748468002359
C-WEU-FRA,sub,perm,mfh,2015,0.41233292911406055
C-WEU-FRA,sub,perm,mfh,2020,0.412373057462204
C-WEU-FRA,sub,perm,mfh,2025,0.4124094777711568
C-WEU-FRA,sub,perm,mfh,2030,0.41244246326935496
C-WEU-FRA,sub,perm,mfh,2035,0.4124722703928801
C-WEU-FRA,sub,perm,mfh,2040,0.4124991396616416
C-WEU-FRA,sub,perm,mfh,2045,0.4125232965691988
C-WEU-FRA,sub,perm,mfh,2050,0.4125449524741562
C-WEU-FRA,sub,perm,mfh,2055,0.4125643054838923
C-WEU-FRA,sub,perm,mfh,2060,0.4125815413237648
C-WEU-FRA,sub,perm,mfh,2065,0.41259683418695153
C-WEU-FRA,sub,perm,mfh,2070,0.41261034756178044
C-WEU-FRA,sub,perm,mfh,2075,0.4126222350348393
C-WEU-FRA,sub,perm,mfh,2080,0.41263264106937925
C-WEU-FRA,sub,perm,mfh,2085,0.41264170175957754
C-WEU-FRA,sub,perm,mfh,2090,0.4126495455621609
C-WEU-FRA,sub,perm,mfh,2095,0.4126562940077241
C-WEU-FRA,sub,perm,mfh,2100,0.412662062394879
C-WEU-FRA,sub,perm,sfh,2015,0.5876670708859394
C-WEU-FRA,sub,perm,sfh,2020,0.587626942537796
C-WEU-FRA,sub,perm,sfh,2025,0.5875905222288432
C-WEU-FRA,sub,perm,sfh,2030,0.587557536730645
C-WEU-FRA,sub,perm,sfh,2035,0.5875277296071199
C-WEU-FRA,sub,perm,sfh,2040,0.5875008603383584
C-WEU-FRA,sub,perm,sfh,2045,0.5874767034308013
C-WEU-FRA,sub,perm,sfh,2050,0.5874550475258438
C-WEU-FRA,sub,perm,sfh,2055,0.5874356945161078
C-WEU-FRA,sub,perm,sfh,2060,0.5874184586762352
C-WEU-FRA,sub,perm,sfh,2065,0.5874031658130485
C-WEU-FRA,sub,perm,sfh,2070,0.5873896524382196
C-WEU-FRA,sub,perm,sfh,2075,0.5873777649651606
C-WEU-FRA,sub,perm,sfh,2080,0.5873673589306209
C-WEU-FRA,sub,perm,sfh,2085,0.5873582982404224
C-WEU-FRA,sub,perm,sfh,2090,0.5873504544378391
C-WEU-FRA,sub,perm,sfh,2095,0.5873437059922759
C-WEU-FRA,sub,perm,sfh,2100,0.587337937605121
C-WEU-FRA,urb,perm,mfh,2015,0.6373616921026589
C-WEU-FRA,urb,perm,mfh,2020,0.6374185157700448
C-WEU-FRA,urb,perm,mfh,2025,0.637473069837314
C-WEU-FRA,urb,perm,mfh,2030,0.637525250597267
C-WEU-FRA,urb,perm,mfh,2035,0.6375749635180772
C-WEU-FRA,urb,perm,mfh,2040,0.6376221211390847
C-WEU-FRA,urb,perm,mfh,2045,0.6376666411206177
C-WEU-FRA,urb,perm,mfh,2050,0.6377084444221586
C-WEU-FRA,urb,perm,mfh,2055,0.637747453583436
C-WEU-FRA,urb,perm,mfh,2060,0.6377835910831954
C-WEU-FRA,urb,perm,mfh,2065,0.6378167777503558
C-WEU-FRA,urb,perm,mfh,2070,0.6378469312019115
C-WEU-FRA,urb,perm,mfh,2075,0.6378739642811951
C-WEU-FRA,urb,perm,mfh,2080,0.6378977834688814
C-WEU-FRA,urb,perm,mfh,2085,0.6379182872372604
C-WEU-FRA,urb,perm,mfh,2090,0.6379353643157344
C-WEU-FRA,urb,perm,mfh,2095,0.6379488918320029
C-WEU-FRA,urb,perm,mfh,2100,0.6379587332888236
C-WEU-FRA,urb,perm,sfh,2015,0.3626383078973411
C-WEU-FRA,urb,perm,sfh,2020,0.3625814842299551
C-WEU-FRA,urb,perm,sfh,2025,0.362526930162686
C-WEU-FRA,urb,perm,sfh,2030,0.36247474940273305
C-WEU-FRA,urb,perm,sfh,2035,0.36242503648192276
C-WEU-FRA,urb,perm,sfh,2040,0.3623778788609154
C-WEU-FRA,urb,perm,sfh,2045,0.3623333588793823
C-WEU-FRA,urb,perm,sfh,2050,0.3622915555778414
C-WEU-FRA,urb,perm,sfh,2055,0.362252546416564
C-WEU-FRA,urb,perm,sfh,2060,0.36221640891680457
C-WEU-FRA,urb,perm,sfh,2065,0.36218322224964417
C-WEU-FRA,urb,perm,sfh,2070,0.3621530687980885
C-WEU-FRA,urb,perm,sfh,2075,0.3621260357188048
C-WEU-FRA,urb,perm,sfh,2080,0.3621022165311186
C-WEU-FRA,urb,perm,sfh,2085,0.3620817127627396
C-WEU-FRA,urb,perm,sfh,2090,0.3620646356842656
C-WEU-FRA,urb,perm,sfh,2095,0.36205110816799707
C-WEU-FRA,urb,perm,sfh,2100,0.3620412667111764
C-WEU-GRC,rur,perm,mfh,2015,0.5730952603034886
C-WEU-GRC,rur,perm,mfh,2020,0.5734156527742502
C-WEU-GRC,rur,perm,mfh,2025,0.5736475218288005
C-WEU-GRC,rur,perm,mfh,2030,0.5737965460999285
C-WEU-GRC,rur,perm,mfh,2035,0.5738706012386755
C-WEU-GRC,rur,perm,mfh,2040,0.5738792995814257
C-WEU-GRC,rur,perm,mfh,2045,0.5738335197882454
C-WEU-GRC,rur,perm,mfh,2050,0.5737449749969754
C-WEU-GRC,rur,perm,mfh,2055,0.5736258572923034
C-WEU-GRC,rur,perm,mfh,2060,0.5734885846664068
C-WEU-GRC,rur,perm,mfh,2065,0.5733456668721979
C-WEU-GRC,rur,perm,mfh,2070,0.5732097006292518
C-WEU-GRC,rur,perm,mfh,2075,0.5730935039071543
C-WEU-GRC,rur,perm,mfh,2080,0.573010404674891
C-WEU-GRC,rur,perm,mfh,2085,0.5729747133009893
C-WEU-GRC,rur,perm,mfh,2090,0.5730024330840742
C-WEU-GRC,rur,perm,mfh,2095,0.5731123070462758
C-WEU-GRC,rur,perm,mfh,2100,0.5733273750852422
C-WEU-GRC,rur,perm,sfh,2015,0.4269047396965113
C-WEU-GRC,rur,perm,sfh,2020,0.4265843472257498
C-WEU-GRC,rur,perm,sfh,2025,0.4263524781711995
C-WEU-GRC,rur,perm,sfh,2030,0.4262034539000716
C-WEU-GRC,rur,perm,sfh,2035,0.4261293987613245
C-WEU-GRC,rur,perm,sfh,2040,0.4261207004185742
C-WEU-GRC,rur,perm,sfh,2045,0.42616648021175463
C-WEU-GRC,rur,perm,sfh,2050,0.4262550250030246
C-WEU-GRC,rur,perm,sfh,2055,0.4263741427076966
C-WEU-GRC,rur,perm,sfh,2060,0.42651141533359316
C-WEU-GRC,rur,perm,sfh,2065,0.42665433312780204
C-WEU-GRC,rur,perm,sfh,2070,0.426790299370748
C-WEU-GRC,rur,perm,sfh,2075,0.42690649609284564
C-WEU-GRC,rur,perm,sfh,2080,0.42698959532510894
C-WEU-GRC,rur,perm,sfh,2085,0.4270252866990107
C-WEU-GRC,rur,perm,sfh,2090,0.4269975669159258
C-WEU-GRC,rur,perm,sfh,2095,0.42688769295372414
C-WEU-GRC,rur,perm,sfh,2100,0.4266726249147577
C-WEU-GRC,sub,perm,mfh,2015,0.5907883708444764
C-WEU-GRC,sub,perm,mfh,2020,0.5905333539991543
C-WEU-GRC,sub,perm,mfh,2025,0.590291906663809
C-WEU-GRC,sub,perm,mfh,2030,0.5900614866786992
C-WEU-GRC,sub,perm,mfh,2035,0.5898393711595102
C-WEU-GRC,sub,perm,mfh,2040,0.5896226670593254
C-WEU-GRC,sub,perm,mfh,2045,0.5894083161587437
C-WEU-GRC,sub,perm,mfh,2050,0.5891930935835983
C-WEU-GRC,sub,perm,mfh,2055,0.5889735989214171
C-WEU-GRC,sub,perm,mfh,2060,0.5887462389102398
C-WEU-GRC,sub,perm,mfh,2065,0.5885072004883976
C-WEU-GRC,sub,perm,mfh,2070,0.5882524126983643
C-WEU-GRC,sub,perm,mfh,2075,0.5879774955008058
C-WEU-GRC,sub,perm,mfh,2080,0.5876776929328602
C-WEU-GRC,sub,perm,mfh,2085,0.5873477871744455
C-WEU-GRC,sub,perm,mfh,2090,0.5869819888755451
C-WEU-GRC,sub,perm,mfh,2095,0.5865737974085081
C-WEU-GRC,sub,perm,mfh,2100,0.5861158223358008
C-WEU-GRC,sub,perm,sfh,2015,0.40921162915552356
C-WEU-GRC,sub,perm,sfh,2020,0.40946664600084576
C-WEU-GRC,sub,perm,sfh,2025,0.40970809333619096
C-WEU-GRC,sub,perm,sfh,2030,0.40993851332130093
C-WEU-GRC,sub,perm,sfh,2035,0.41016062884048976
C-WEU-GRC,sub,perm,sfh,2040,0.4103773329406746
C-WEU-GRC,sub,perm,sfh,2045,0.4105916838412563
C-WEU-GRC,sub,perm,sfh,2050,0.4108069064164017
C-WEU-GRC,sub,perm,sfh,2055,0.411026401078583
C-WEU-GRC,sub,perm,sfh,2060,0.4112537610897603
C-WEU-GRC,sub,perm,sfh,2065,0.41149279951160245
C-WEU-GRC,sub,perm,sfh,2070,0.4117475873016358
C-WEU-GRC,sub,perm,sfh,2075,0.41202250449919425
C-WEU-GRC,sub,perm,sfh,2080,0.4123223070671399
C-WEU-GRC,sub,perm,sfh,2085,0.41265221282555453
C-WEU-GRC,sub,perm,sfh,2090,0.41301801112445485
C-WEU-GRC,sub,perm,sfh,2095,0.4134262025914918
C-WEU-GRC,sub,perm,sfh,2100,0.41388417766419916
C-WEU-GRC,urb,perm,mfh,2015,0.8577764259224773
C-WEU-GRC,urb,perm,mfh,2020,0.856790824643101
C-WEU-GRC,urb,perm,mfh,2025,0.8559356685695562
C-WEU-GRC,urb,perm,mfh,2030,0.8552094849101634
C-WEU-GRC,urb,perm,mfh,2035,0.8546050752497548
C-WEU-GRC,urb,perm,mfh,2040,0.8541099956698862
C-WEU-GRC,urb,perm,mfh,2045,0.8537072691101123
C-WEU-GRC,urb,perm,mfh,2050,0.8533761902136131
C-WEU-GRC,urb,perm,mfh,2055,0.8530930822168812
C-WEU-GRC,urb,perm,mfh,2060,0.8528318807739187
C-WEU-GRC,urb,perm,mfh,2065,0.8525644405274833
C-WEU-GRC,urb,perm,mfh,2070,0.8522604757280233
C-WEU-GRC,urb,perm,mfh,2075,0.8518870458981892
C-WEU-GRC,urb,perm,mfh,2080,0.851407470917256
C-WEU-GRC,urb,perm,mfh,2085,0.8507794928907619
C-WEU-GRC,urb,perm,mfh,2090,0.8499523702158744
C-WEU-GRC,urb,perm,mfh,2095,0.8488623433937351
C-WEU-GRC,urb,perm,mfh,2100,0.8474254490446766
C-WEU-GRC,urb,perm,sfh,2015,0.1422235740775226
C-WEU-GRC,urb,perm,sfh,2020,0.14320917535689887
C-WEU-GRC,urb,perm,sfh,2025,0.1440643314304438
C-WEU-GRC,urb,perm,sfh,2030,0.14479051508983667
C-WEU-GRC,urb,perm,sfh,2035,0.14539492475024518
C-WEU-GRC,urb,perm,sfh,2040,0.14589000433011381
C-WEU-GRC,urb,perm,sfh,2045,0.14629273088988776
C-WEU-GRC,urb,perm,sfh,2050,0.14662380978638684
C-WEU-GRC,urb,perm,sfh,2055,0.14690691778311876
C-WEU-GRC,urb,perm,sfh,2060,0.14716811922608117
C-WEU-GRC,urb,perm,sfh,2065,0.14743555947251677
C-WEU-GRC,urb,perm,sfh,2070,0.1477395242719766
C-WEU-GRC,urb,perm,sfh,2075,0.14811295410181072
C-WEU-GRC,urb,perm,sfh,2080,0.14859252908274398
C-WEU-GRC,urb,perm,sfh,2085,0.14922050710923804
C-WEU-GRC,urb,perm,sfh,2090,0.1500476297841254
C-WEU-GRC,urb,perm,sfh,2095,0.15113765660626485
C-WEU-GRC,urb,perm,sfh,2100,0.15257455095532327
C-WEU-IRL,rur,perm,mfh,2015,0.09161391631318262
C-WEU-IRL,rur,perm,mfh,2020,0.09158603135050611
C-WEU-IRL,rur,perm,mfh,2025,0.09156376190762851
C-WEU-IRL,rur,perm,mfh,2030,0.09154615207225136
C-WEU-IRL,rur,perm,mfh,2035,0.09153239596422667
C-WEU-IRL,rur,perm,mfh,2040,0.09152181181351081
C-WEU-IRL,rur,perm,mfh,2045,0.09151382034224513
C-WEU-IRL,rur,perm,mfh,2050,0.09150792672039831
C-WEU-IRL,rur,perm,mfh,2055,0.09150370545793418
C-WEU-IRL,rur,perm,mfh,2060,0.09150078768550003
C-WEU-IRL,rur,perm,mfh,2065,0.09149885035422682
C-WEU-IRL,rur,perm,mfh,2070,0.09149760695072764
C-WEU-IRL,rur,perm,mfh,2075,0.09149679937469812
C-WEU-IRL,rur,perm,mfh,2080,0.09149619066311646
C-WEU-IRL,rur,perm,mfh,2085,0.09149555826614532
C-WEU-IRL,rur,perm,mfh,2090,0.09149468758386434
C-WEU-IRL,rur,perm,mfh,2095,0.09149336545679916
C-WEU-IRL,rur,perm,mfh,2100,0.09149137326133004
C-WEU-IRL,rur,perm,sfh,2015,0.9083860836868174
C-WEU-IRL,rur,perm,sfh,2020,0.9084139686494936
C-WEU-IRL,rur,perm,sfh,2025,0.9084362380923714
C-WEU-IRL,rur,perm,sfh,2030,0.9084538479277485
C-WEU-IRL,rur,perm,sfh,2035,0.9084676040357732
C-WEU-IRL,rur,perm,sfh,2040,0.9084781881864891
C-WEU-IRL,rur,perm,sfh,2045,0.9084861796577548
C-WEU-IRL,rur,perm,sfh,2050,0.9084920732796017
C-WEU-IRL,rur,perm,sfh,2055,0.9084962945420657
C-WEU-IRL,rur,perm,sfh,2060,0.9084992123144999
C-WEU-IRL,rur,perm,sfh,2065,0.9085011496457731
C-WEU-IRL,rur,perm,sfh,2070,0.9085023930492723
C-WEU-IRL,rur,perm,sfh,2075,0.9085032006253017
C-WEU-IRL,rur,perm,sfh,2080,0.9085038093368835
C-WEU-IRL,rur,perm,sfh,2085,0.9085044417338546
C-WEU-IRL,rur,perm,sfh,2090,0.9085053124161355
C-WEU-IRL,rur,perm,sfh,2095,0.9085066345432007
C-WEU-IRL,rur,perm,sfh,2100,0.9085086267386698
C-WEU-IRL,sub,perm,mfh,2015,0.10405130356094094
C-WEU-IRL,sub,perm,mfh,2020,0.10404920441058545
C-WEU-IRL,sub,perm,mfh,2025,0.10404813330098386
C-WEU-IRL,sub,perm,mfh,2030,0.10404786832477168
C-WEU-IRL,sub,perm,mfh,2035,0.10404821893658704
C-WEU-IRL,sub,perm,mfh,2040,0.10404902117774856
C-WEU-IRL,sub,perm,mfh,2045,0.10405013334331889
C-WEU-IRL,sub,perm,mfh,2050,0.10405143209418227
C-WEU-IRL,sub,perm,mfh,2055,0.10405280898271345
C-WEU-IRL,sub,perm,mfh,2060,0.10405416734032058
C-WEU-IRL,sub,perm,mfh,2065,0.10405541946319172
C-WEU-IRL,sub,perm,mfh,2070,0.10405648402501134
C-WEU-IRL,sub,perm,mfh,2075,0.10405728363928163
C-WEU-IRL,sub,perm,mfh,2080,0.1040577424867927
C-WEU-IRL,sub,perm,mfh,2085,0.10405778391353675
C-WEU-IRL,sub,perm,mfh,2090,0.10405732788855532
C-WEU-IRL,sub,perm,mfh,2095,0.10405628818678998
C-WEU-IRL,sub,perm,mfh,2100,0.10405456912464453
C-WEU-IRL,sub,perm,sfh,2015,0.8959486964390591
C-WEU-IRL,sub,perm,sfh,2020,0.8959507955894144
C-WEU-IRL,sub,perm,sfh,2025,0.8959518666990159
C-WEU-IRL,sub,perm,sfh,2030,0.8959521316752281
C-WEU-IRL,sub,perm,sfh,2035,0.8959517810634129
C-WEU-IRL,sub,perm,sfh,2040,0.8959509788222513
C-WEU-IRL,sub,perm,sfh,2045,0.895949866656681
C-WEU-IRL,sub,perm,sfh,2050,0.8959485679058176
C-WEU-IRL,sub,perm,sfh,2055,0.8959471910172865
C-WEU-IRL,sub,perm,sfh,2060,0.8959458326596793
C-WEU-IRL,sub,perm,sfh,2065,0.8959445805368081
C-WEU-IRL,sub,perm,sfh,2070,0.8959435159749886
C-WEU-IRL,sub,perm,sfh,2075,0.8959427163607182
C-WEU-IRL,sub,perm,sfh,2080,0.8959422575132072
C-WEU-IRL,sub,perm,sfh,2085,0.8959422160864632
C-WEU-IRL,sub,perm,sfh,2090,0.8959426721114447
C-WEU-IRL,sub,perm,sfh,2095,0.8959437118132099
C-WEU-IRL,sub,perm,sfh,2100,0.8959454308753555
C-WEU-IRL,urb,perm,mfh,2015,0.23862802472866182
C-WEU-IRL,urb,perm,mfh,2020,0.2386572173085791
C-WEU-IRL,urb,perm,mfh,2025,0.23868426139387874
C-WEU-IRL,urb,perm,mfh,2030,0.2387092202314958
C-WEU-IRL,urb,perm,mfh,2035,0.23873216084112878
C-WEU-IRL,urb,perm,mfh,2040,0.23875314984971838
C-WEU-IRL,urb,perm,mfh,2045,0.23877225032499672
C-WEU-IRL,urb,perm,mfh,2050,0.23878951932997172
C-WEU-IRL,urb,perm,mfh,2055,0.23880500597262524
C-WEU-IRL,urb,perm,mfh,2060,0.23881874976542236
C-WEU-IRL,urb,perm,mfh,2065,0.23883077913819378
C-WEU-IRL,urb,perm,mfh,2070,0.23884110996630456
C-WEU-IRL,urb,perm,mfh,2075,0.23884974398418898
C-WEU-IRL,urb,perm,mfh,2080,0.23885666695210803
C-WEU-IRL,urb,perm,mfh,2085,0.23886184643031147
C-WEU-IRL,urb,perm,mfh,2090,0.2388652289873398
C-WEU-IRL,urb,perm,mfh,2095,0.23886673662387725
C-WEU-IRL,urb,perm,mfh,2100,0.238866262123555
C-WEU-IRL,urb,perm,sfh,2015,0.7613719752713382
C-WEU-IRL,urb,perm,sfh,2020,0.761342782691421
C-WEU-IRL,urb,perm,sfh,2025,0.7613157386061212
C-WEU-IRL,urb,perm,sfh,2030,0.7612907797685042
C-WEU-IRL,urb,perm,sfh,2035,0.7612678391588713
C-WEU-IRL,urb,perm,sfh,2040,0.7612468501502815
C-WEU-IRL,urb,perm,sfh,2045,0.7612277496750032
C-WEU-IRL,urb,perm,sfh,2050,0.7612104806700282
C-WEU-IRL,urb,perm,sfh,2055,0.7611949940273748
C-WEU-IRL,urb,perm,sfh,2060,0.7611812502345775
C-WEU-IRL,urb,perm,sfh,2065,0.7611692208618062
C-WEU-IRL,urb,perm,sfh,2070,0.7611588900336954
C-WEU-IRL,urb,perm,sfh,2075,0.761150256015811
C-WEU-IRL,urb,perm,sfh,2080,0.7611433330478918
C-WEU-IRL,urb,perm,sfh,2085,0.7611381535696885
C-WEU-IRL,urb,perm,sfh,2090,0.7611347710126601
C-WEU-IRL,urb,perm,sfh,2095,0.7611332633761226
C-WEU-IRL,urb,perm,sfh,2100,0.7611337378764449
C-WEU-ITA,rur,perm,mfh,2015,0.7866741713572546
C-WEU-ITA,rur,perm,mfh,2020,0.7865854297998259
C-WEU-ITA,rur,perm,mfh,2025,0.7864799705507953
C-WEU-ITA,rur,perm,mfh,2030,0.7863580386866692
C-WEU-ITA,rur,perm,mfh,2035,0.7862197941256835
C-WEU-ITA,rur,perm,mfh,2040,0.7860652992987639
C-WEU-ITA,rur,perm,mfh,2045,0.7858945058442308
C-WEU-ITA,rur,perm,mfh,2050,0.7857072398443815
C-WEU-ITA,rur,perm,mfh,2055,0.7855031850192302
C-WEU-ITA,rur,perm,mfh,2060,0.7852818631588886
C-WEU-ITA,rur,perm,mfh,2065,0.7850426108990706
C-WEU-ITA,rur,perm,mfh,2070,0.784784551707056
C-WEU-ITA,rur,perm,mfh,2075,0.7845065616242763
C-WEU-ITA,rur,perm,mfh,2080,0.7842072268723298
C-WEU-ITA,rur,perm,mfh,2085,0.7838847908220259
C-WEU-ITA,rur,perm,mfh,2090,0.7835370869766788
C-WEU-ITA,rur,perm,mfh,2095,0.783161453421337
C-WEU-ITA,rur,perm,mfh,2100,0.7827546224712876
C-WEU-ITA,rur,perm,sfh,2015,0.21332582864274544
C-WEU-ITA,rur,perm,sfh,2020,0.2134145702001741
C-WEU-ITA,rur,perm,sfh,2025,0.21352002944920473
C-WEU-ITA,rur,perm,sfh,2030,0.21364196131333074
C-WEU-ITA,rur,perm,sfh,2035,0.21378020587431645
C-WEU-ITA,rur,perm,sfh,2040,0.21393470070123605
C-WEU-ITA,rur,perm,sfh,2045,0.21410549415576913
C-WEU-ITA,rur,perm,sfh,2050,0.21429276015561843
C-WEU-ITA,rur,perm,sfh,2055,0.21449681498076978
C-WEU-ITA,rur,perm,sfh,2060,0.2147181368411114
C-WEU-ITA,rur,perm,sfh,2065,0.21495738910092943
C-WEU-ITA,rur,perm,sfh,2070,0.21521544829294398
C-WEU-ITA,rur,perm,sfh,2075,0.21549343837572366
C-WEU-ITA,rur,perm,sfh,2080,0.2157927731276702
C-WEU-ITA,rur,perm,sfh,2085,0.21611520917797414
C-WEU-ITA,rur,perm,sfh,2090,0.21646291302332124
C-WEU-ITA,rur,perm,sfh,2095,0.21683854657866297
C-WEU-ITA,rur,perm,sfh,2100,0.21724537752871237
C-WEU-ITA,sub,perm,mfh,2015,0.8106297438853244
C-WEU-ITA,sub,perm,mfh,2020,0.8103105338238029
C-WEU-ITA,sub,perm,mfh,2025,0.8099498314968411
C-WEU-ITA,sub,perm,mfh,2030,0.8095509669499604
C-WEU-ITA,sub,perm,mfh,2035,0.8091172172952211
C-WEU-ITA,sub,perm,mfh,2040,0.8086518511804307
C-WEU-ITA,sub,perm,mfh,2045,0.808158172923923
C-WEU-ITA,sub,perm,mfh,2050,0.8076395671545056
C-WEU-ITA,sub,perm,mfh,2055,0.8070995447744771
C-WEU-ITA,sub,perm,mfh,2060,0.8065417910640155
C-WEU-ITA,sub,perm,mfh,2065,0.805970216766004
C-WEU-ITA,sub,perm,mfh,2070,0.8053890130305504
C-WEU-ITA,sub,perm,mfh,2075,0.80480271115765
C-WEU-ITA,sub,perm,mfh,2080,0.8042162481547261
C-WEU-ITA,sub,perm,mfh,2085,0.8036350392235658
C-WEU-ITA,sub,perm,mfh,2090,0.8030650584091024
C-WEU-ITA,sub,perm,mfh,2095,0.8025129287813679
C-WEU-ITA,sub,perm,mfh,2100,0.801986023682431
C-WEU-ITA,sub,perm,sfh,2015,0.18937025611467556
C-WEU-ITA,sub,perm,sfh,2020,0.189689466176197
C-WEU-ITA,sub,perm,sfh,2025,0.19005016850315892
C-WEU-ITA,sub,perm,sfh,2030,0.1904490330500396
C-WEU-ITA,sub,perm,sfh,2035,0.19088278270477887
C-WEU-ITA,sub,perm,sfh,2040,0.19134814881956932
C-WEU-ITA,sub,perm,sfh,2045,0.19184182707607686
C-WEU-ITA,sub,perm,sfh,2050,0.1923604328454943
C-WEU-ITA,sub,perm,sfh,2055,0.1929004552255228
C-WEU-ITA,sub,perm,sfh,2060,0.19345820893598445
C-WEU-ITA,sub,perm,sfh,2065,0.19402978323399592
C-WEU-ITA,sub,perm,sfh,2070,0.19461098696944948
C-WEU-ITA,sub,perm,sfh,2075,0.19519728884235
C-WEU-ITA,sub,perm,sfh,2080,0.1957837518452738
C-WEU-ITA,sub,perm,sfh,2085,0.19636496077643417
C-WEU-ITA,sub,perm,sfh,2090,0.19693494159089756
C-WEU-ITA,sub,perm,sfh,2095,0.19748707121863193
C-WEU-ITA,sub,perm,sfh,2100,0.198013976317569
C-WEU-ITA,urb,perm,mfh,2015,0.8818716171612634
C-WEU-ITA,urb,perm,mfh,2020,0.8815657872729301
C-WEU-ITA,urb,perm,mfh,2025,0.8812396239714095
C-WEU-ITA,urb,perm,mfh,2030,0.8808945709705973
C-WEU-ITA,urb,perm,mfh,2035,0.8805321962762509
C-WEU-ITA,urb,perm,mfh,2040,0.8801542290275166
C-WEU-ITA,urb,perm,mfh,2045,0.8797625974972115
C-WEU-ITA,urb,perm,mfh,2050,0.8793594681841057
C-WEU-ITA,urb,perm,mfh,2055,0.8789472857126793
C-WEU-ITA,urb,perm,mfh,2060,0.8785288129953028
C-WEU-ITA,urb,perm,mfh,2065,0.8781071708020024
C-WEU-ITA,urb,perm,mfh,2070,0.8776858755204145
C-WEU-ITA,urb,perm,mfh,2075,0.8772688734743985
C-WEU-ITA,urb,perm,mfh,2080,0.8768605697122429
C-WEU-ITA,urb,perm,mfh,2085,0.8764658486923325
C-WEU-ITA,urb,perm,mfh,2090,0.8760900838160647
C-WEU-ITA,urb,perm,mfh,2095,0.8757391323306343
C-WEU-ITA,urb,perm,mfh,2100,0.8754193118112453
C-WEU-ITA,urb,perm,sfh,2015,0.11812838283873654
C-WEU-ITA,urb,perm,sfh,2020,0.11843421272706986
C-WEU-ITA,urb,perm,sfh,2025,0.11876037602859042
C-WEU-ITA,urb,perm,sfh,2030,0.11910542902940277
C-WEU-ITA,urb,perm,sfh,2035,0.11946780372374906
C-WEU-ITA,urb,perm,sfh,2040,0.11984577097248338
C-WEU-ITA,urb,perm,sfh,2045,0.12023740250278843
C-WEU-ITA,urb,perm,sfh,2050,0.12064053181589422
C-WEU-ITA,urb,perm,sfh,2055,0.12105271428732066
C-WEU-ITA,urb,perm,sfh,2060,0.12147118700469721
C-WEU-ITA,urb,perm,sfh,2065,0.12189282919799756
C-WEU-ITA,urb,perm,sfh,2070,0.12231412447958542
C-WEU-ITA,urb,perm,sfh,2075,0.12273112652560143
C-WEU-ITA,urb,perm,sfh,2080,0.12313943028775705
C-WEU-ITA,urb,perm,sfh,2085,0.12353415130766751
C-WEU-ITA,urb,perm,sfh,2090,0.12390991618393529
C-WEU-ITA,urb,perm,sfh,2095,0.1242608676693657
C-WEU-ITA,urb,perm,sfh,2100,0.12458068818875465
C-WEU-LUX,rur,perm,mfh,2015,0.5223430389432564
C-WEU-LUX,rur,perm,mfh,2020,0.5223430389432564
C-WEU-LUX,rur,perm,mfh,2025,0.5223430389432564
C-WEU-LUX,rur,perm,mfh,2030,0.5223430389432564
C-WEU-LUX,rur,perm,mfh,2035,0.5223430389432564
C-WEU-LUX,rur,perm,mfh,2040,0.5223430389432564
C-WEU-LUX,rur,perm,mfh,2045,0.5223430389432564
C-WEU-LUX,rur,perm,mfh,2050,0.5223430389432564
C-WEU-LUX,rur,perm,mfh,2055,0.5223430389432564
C-WEU-LUX,rur,perm,mfh,2060,0.5223430389432564
C-WEU-LUX,rur,perm,mfh,2065,0.5223430389432564
C-WEU-LUX,rur,perm,mfh,2070,0.5223430389432564
C-WEU-LUX,rur,perm,mfh,2075,0.5223430389432564
C-WEU-LUX,rur,perm,mfh,2080,0.5223430389432564
C-WEU-LUX,rur,perm,mfh,2085,0.5223430389432564
C-WEU-LUX,rur,perm,mfh,2090,0.5223430389432564
C-WEU-LUX,rur,perm,mfh,2095,0.5223430389432564
C-WEU-LUX,rur,perm,mfh,2100,0.5223430389432564
C-WEU-LUX,rur,perm,sfh,2015,0.4776569610567436
C-WEU-LUX,rur,perm,sfh,2020,0.4776569610567436
C-WEU-LUX,rur,perm,sfh,2025,0.4776569610567436
C-WEU-LUX,rur,perm,sfh,2030,0.4776569610567436
C-WEU-LUX,rur,perm,sfh,2035,0.4776569610567436
C-WEU-LUX,rur,perm,sfh,2040,0.4776569610567436
C-WEU-LUX,rur,perm,sfh,2045,0.4776569610567436
C-WEU-LUX,rur,perm,sfh,2050,0.4776569610567436
C-WEU-LUX,rur,perm,sfh,2055,0.4776569610567436
C-WEU-LUX,rur,perm,sfh,2060,0.4776569610567436
C-WEU-LUX,rur,perm,sfh,2065,0.4776569610567436
C-WEU-LUX,rur,perm,sfh,2070,0.4776569610567436
C-WEU-LUX,rur,perm,sfh,2075,0.4776569610567436
C-WEU-LUX,rur,perm,sfh,2080,0.4776569610567436
C-WEU-LUX,rur,perm,sfh,2085,0.4776569610567436
C-WEU-LUX,rur,perm,sfh,2090,0.4776569610567436
C-WEU-LUX,rur,perm,sfh,2095,0.4776569610567436
C-WEU-LUX,rur,perm,sfh,2100,0.4776569610567436
C-WEU-LUX,sub,perm,mfh,2015,0.5223430389432564
C-WEU-LUX,sub,perm,mfh,2020,0.5223430389432564
C-WEU-LUX,sub,perm,mfh,2025,0.5223430389432564
C-WEU-LUX,sub,perm,mfh,2030,0.5223430389432564
C-WEU-LUX,sub,perm,mfh,2035,0.5223430389432564
C-WEU-LUX,sub,perm,mfh,2040,0.5223430389432564
C-WEU-LUX,sub,perm,mfh,2045,0.5223430389432564
C-WEU-LUX,sub,perm,mfh,2050,0.5223430389432564
C-WEU-LUX,sub,perm,mfh,2055,0.5223430389432564
C-WEU-LUX,sub,perm,mfh,2060,0.5223430389432564
C-WEU-LUX,sub,perm,mfh,2065,0.5223430389432564
C-WEU-LUX,sub,perm,mfh,2070,0.5223430389432564
C-WEU-LUX,sub,perm,mfh,2075,0.5223430389432564
C-WEU-LUX,sub,perm,mfh,2080,0.5223430389432564
C-WEU-LUX,sub,perm,mfh,2085,0.5223430389432564
C-WEU-LUX,sub,perm,mfh,2090,0.5223430389432564
C-WEU-LUX,sub,perm,mfh,2095,0.5223430389432564
C-WEU-LUX,sub,perm,mfh,2100,0.5223430389432564
C-WEU-LUX,sub,perm,sfh,2015,0.4776569610567436
C-WEU-LUX,sub,perm,sfh,2020,0.4776569610567436
C-WEU-LUX,sub,perm,sfh,2025,0.4776569610567436
C-WEU-LUX,sub,perm,sfh,2030,0.4776569610567436
C-WEU-LUX,sub,perm,sfh,2035,0.4776569610567436
C-WEU-LUX,sub,perm,sfh,2040,0.4776569610567436
C-WEU-LUX,sub,perm,sfh,2045,0.4776569610567436
C-WEU-LUX,sub,perm,sfh,2050,0.4776569610567436
C-WEU-LUX,sub,perm,sfh,2055,0.4776569610567436
C-WEU-LUX,sub,perm,sfh,2060,0.4776569610567436
C-WEU-LUX,sub,perm,sfh,2065,0.4776569610567436
C-WEU-LUX,sub,perm,sfh,2070,0.4776569610567436
C-WEU-LUX,sub,perm,sfh,2075,0.4776569610567436
C-WEU-LUX,sub,perm,sfh,2080,0.4776569610567436
C-WEU-LUX,sub,perm,sfh,2085,0.4776569610567436
C-WEU-LUX,sub,perm,sfh,2090,0.4776569610567436
C-WEU-LUX,sub,perm,sfh,2095,0.4776569610567436
C-WEU-LUX,sub,perm,sfh,2100,0.4776569610567436
C-WEU-LUX,urb,perm,mfh,2015,0.5223430389432564
C-WEU-LUX,urb,perm,mfh,2020,0.5223430389432564
C-WEU-LUX,urb,perm,mfh,2025,0.5223430389432564
C-WEU-LUX,urb,perm,mfh,2030,0.5223430389432564
C-WEU-LUX,urb,perm,mfh,2035,0.5223430389432564
C-WEU-LUX,urb,perm,mfh,2040,0.5223430389432564
C-WEU-LUX,urb,perm,mfh,2045,0.5223430389432564
C-WEU-LUX,urb,perm,mfh,2050,0.5223430389432564
C-WEU-LUX,urb,perm,mfh,2055,0.5223430389432564
C-WEU-LUX,urb,perm,mfh,2060,0.5223430389432564
C-WEU-LUX,urb,perm,mfh,2065,0.5223430389432564
C-WEU-LUX,urb,perm,mfh,2070,0.5223430389432564
C-WEU-LUX,urb,perm,mfh,2075,0.5223430389432564
C-WEU-LUX,urb,perm,mfh,2080,0.5223430389432564
C-WEU-LUX,urb,perm,mfh,2085,0.5223430389432564
C-WEU-LUX,urb,perm,mfh,2090,0.5223430389432564
C-WEU-LUX,urb,perm,mfh,2095,0.5223430389432564
C-WEU-LUX,urb,perm,mfh,2100,0.5223430389432564
C-WEU-LUX,urb,perm,sfh,2015,0.4776569610567436
C-WEU-LUX,urb,perm,sfh,2020,0.4776569610567436
C-WEU-LUX,urb,perm,sfh,2025,0.4776569610567436
C-WEU-LUX,urb,perm,sfh,2030,0.4776569610567436
C-WEU-LUX,urb,perm,sfh,2035,0.4776569610567436
C-WEU-LUX,urb,perm,sfh,2040,0.4776569610567436
C-WEU-LUX,urb,perm,sfh,2045,0.4776569610567436
C-WEU-LUX,urb,perm,sfh,2050,0.4776569610567436
C-WEU-LUX,urb,perm,sfh,2055,0.4776569610567436
C-WEU-LUX,urb,perm,sfh,2060,0.4776569610567436
C-WEU-LUX,urb,perm,sfh,2065,0.4776569610567436
C-WEU-LUX,urb,perm,sfh,2070,0.4776569610567436
C-WEU-LUX,urb,perm,sfh,2075,0.4776569610567436
C-WEU-LUX,urb,perm,sfh,2080,0.4776569610567436
C-WEU-LUX,urb,perm,sfh,2085,0.4776569610567436
C-WEU-LUX,urb,perm,sfh,2090,0.4776569610567436
C-WEU-LUX,urb,perm,sfh,2095,0.4776569610567436
C-WEU-LUX,urb,perm,sfh,2100,0.4776569610567436
C-WEU-MLT,rur,perm,mfh,2015,0.6424805377716079
C-WEU-MLT,rur,perm,mfh,2020,0.6431819123263518
C-WEU-MLT,rur,perm,mfh,2025,0.643595214027773
C-WEU-MLT,rur,perm,mfh,2030,0.6438111385438767
C-WEU-MLT,rur,perm,mfh,2035,0.6438819866515233
C-WEU-MLT,rur,perm,mfh,2040,0.6438398291579354
C-WEU-MLT,rur,perm,mfh,2045,0.643705437750839
C-WEU-MLT,rur,perm,mfh,2050,0.6434931888217476
C-WEU-MLT,rur,perm,mfh,2055,0.6432141501044267
C-WEU-MLT,rur,perm,mfh,2060,0.6428784445604113
C-WEU-MLT,rur,perm,mfh,2065,0.6424975744381377
C-WEU-MLT,rur,perm,mfh,2070,0.6420872982681907
C-WEU-MLT,rur,perm,mfh,2075,0.6416717632201084
C-WEU-MLT,rur,perm,mfh,2080,0.6412898769404419
C-WEU-MLT,rur,perm,mfh,2085,0.6410053340935379
C-WEU-MLT,rur,perm,mfh,2090,0.6409221277952986
C-WEU-MLT,rur,perm,mfh,2095,0.6412070634517122
C-WEU-MLT,rur,perm,mfh,2100,0.642117483243095
C-WEU-MLT,rur,perm,sfh,2015,0.35751946222839215
C-WEU-MLT,rur,perm,sfh,2020,0.35681808767364814
C-WEU-MLT,rur,perm,sfh,2025,0.35640478597222686
C-WEU-MLT,rur,perm,sfh,2030,0.3561888614561231
C-WEU-MLT,rur,perm,sfh,2035,0.3561180133484766
C-WEU-MLT,rur,perm,sfh,2040,0.3561601708420645
C-WEU-MLT,rur,perm,sfh,2045,0.35629456224916095
C-WEU-MLT,rur,perm,sfh,2050,0.3565068111782522
C-WEU-MLT,rur,perm,sfh,2055,0.35678584989557327
C-WEU-MLT,rur,perm,sfh,2060,0.35712155543958857
C-WEU-MLT,rur,perm,sfh,2065,0.3575024255618623
C-WEU-MLT,rur,perm,sfh,2070,0.35791270173180934
C-WEU-MLT,rur,perm,sfh,2075,0.3583282367798916
C-WEU-MLT,rur,perm,sfh,2080,0.3587101230595581
C-WEU-MLT,rur,perm,sfh,2085,0.3589946659064622
C-WEU-MLT,rur,perm,sfh,2090,0.3590778722047015
C-WEU-MLT,rur,perm,sfh,2095,0.3587929365482878
C-WEU-MLT,rur,perm,sfh,2100,0.3578825167569049
C-WEU-MLT,sub,perm,mfh,2015,0.6135952194558179
C-WEU-MLT,sub,perm,mfh,2020,0.6151535890168751
C-WEU-MLT,sub,perm,mfh,2025,0.6161491257292229
C-WEU-MLT,sub,perm,mfh,2030,0.6167485671052557
C-WEU-MLT,sub,perm,mfh,2035,0.6170580710346943
C-WEU-MLT,sub,perm,mfh,2040,0.6171508626944876
C-WEU-MLT,sub,perm,mfh,2045,0.6170823084531122
C-WEU-MLT,sub,perm,mfh,2050,0.6168990770505645
C-WEU-MLT,sub,perm,mfh,2055,0.6166454148174503
C-WEU-MLT,sub,perm,mfh,2060,0.6163679893169205
C-WEU-MLT,sub,perm,mfh,2065,0.6161199598725691
C-WEU-MLT,sub,perm,mfh,2070,0.6159644076479148
C-WEU-MLT,sub,perm,mfh,2075,0.6159767736092651
C-WEU-MLT,sub,perm,mfh,2080,0.6162454157140571
C-WEU-MLT,sub,perm,mfh,2085,0.6168688470146223
C-WEU-MLT,sub,perm,mfh,2090,0.6179479004068639
C-WEU-MLT,sub,perm,mfh,2095,0.6195714967711367
C-WEU-MLT,sub,perm,mfh,2100,0.6217965141995792
C-WEU-MLT,sub,perm,sfh,2015,0.38640478054418215
C-WEU-MLT,sub,perm,sfh,2020,0.3848464109831248
C-WEU-MLT,sub,perm,sfh,2025,0.383850874270777
C-WEU-MLT,sub,perm,sfh,2030,0.38325143289474417
C-WEU-MLT,sub,perm,sfh,2035,0.3829419289653056
C-WEU-MLT,sub,perm,sfh,2040,0.3828491373055124
C-WEU-MLT,sub,perm,sfh,2045,0.38291769154688776
C-WEU-MLT,sub,perm,sfh,2050,0.38310092294943543
C-WEU-MLT,sub,perm,sfh,2055,0.3833545851825497
C-WEU-MLT,sub,perm,sfh,2060,0.3836320106830794
C-WEU-MLT,sub,perm,sfh,2065,0.3838800401274308
C-WEU-MLT,sub,perm,sfh,2070,0.38403559235208506
C-WEU-MLT,sub,perm,sfh,2075,0.38402322639073494
C-WEU-MLT,sub,perm,sfh,2080,0.38375458428594295
C-WEU-MLT,sub,perm,sfh,2085,0.3831311529853777
C-WEU-MLT,sub,perm,sfh,2090,0.38205209959313613
C-WEU-MLT,sub,perm,sfh,2095,0.38042850322886335
C-WEU-MLT,sub,perm,sfh,2100,0.37820348580042096
C-WEU-MLT,urb,perm,mfh,2015,0.6683405489196687
C-WEU-MLT,urb,perm,mfh,2020,0.6683405489196687
C-WEU-MLT,urb,perm,mfh,2025,0.6683405489196687
C-WEU-MLT,urb,perm,mfh,2030,0.6683405489196687
C-WEU-MLT,urb,perm,mfh,2035,0.6683405489196687
C-WEU-MLT,urb,perm,mfh,2040,0.6683405489196687
C-WEU-MLT,urb,perm,mfh,2045,0.6683405489196687
C-WEU-MLT,urb,perm,mfh,2050,0.6683405489196687
C-WEU-MLT,urb,perm,mfh,2055,0.6683405489196687
C-WEU-MLT,urb,perm,mfh,2060,0.6683405489196687
C-WEU-MLT,urb,perm,mfh,2065,0.6683405489196687
C-WEU-MLT,urb,perm,mfh,2070,0.6683405489196687
C-WEU-MLT,urb,perm,mfh,2075,0.6683405489196687
C-WEU-MLT,urb,perm,mfh,2080,0.6683405489196687
C-WEU-MLT,urb,perm,mfh,2085,0.6683405489196687
C-WEU-MLT,urb,perm,mfh,2090,0.6683405489196687
C-WEU-MLT,urb,perm,mfh,2095,0.6683405489196687
C-WEU-MLT,urb,perm,mfh,2100,0.6683405489196687
C-WEU-MLT,urb,perm,sfh,2015,0.3316594510803313
C-WEU-MLT,urb,perm,sfh,2020,0.3316594510803313
C-WEU-MLT,urb,perm,sfh,2025,0.3316594510803313
C-WEU-MLT,urb,perm,sfh,2030,0.3316594510803313
C-WEU-MLT,urb,perm,sfh,2035,0.3316594510803313
C-WEU-MLT,urb,perm,sfh,2040,0.3316594510803313
C-WEU-MLT,urb,perm,sfh,2045,0.3316594510803313
C-WEU-MLT,urb,perm,sfh,2050,0.3316594510803313
C-WEU-MLT,urb,perm,sfh,2055,0.3316594510803313
C-WEU-MLT,urb,perm,sfh,2060,0.3316594510803313
C-WEU-MLT,urb,perm,sfh,2065,0.3316594510803313
C-WEU-MLT,urb,perm,sfh,2070,0.3316594510803313
C-WEU-MLT,urb,perm,sfh,2075,0.3316594510803313
C-WEU-MLT,urb,perm,sfh,2080,0.3316594510803313
C-WEU-MLT,urb,perm,sfh,2085,0.3316594510803313
C-WEU-MLT,urb,perm,sfh,2090,0.3316594510803313
C-WEU-MLT,urb,perm,sfh,2095,0.3316594510803313
C-WEU-MLT,urb,perm,sfh,2100,0.3316594510803313
C-WEU-NLD,rur,perm,mfh,2015,0.2834384915701454
C-WEU-NLD,rur,perm,mfh,2020,0.28343466305066733
C-WEU-NLD,rur,perm,mfh,2025,0.2834642978593403
C-WEU-NLD,rur,perm,mfh,2030,0.28351662560751417
C-WEU-NLD,rur,perm,mfh,2035,0.28358269163758526
C-WEU-NLD,rur,perm,mfh,2040,0.2836544048645399
C-WEU-NLD,rur,perm,mfh,2045,0.2837239110626546
C-WEU-NLD,rur,perm,mfh,2050,0.2837831648575697
C-WEU-NLD,rur,perm,mfh,2055,0.283823642503214
C-WEU-NLD,rur,perm,mfh,2060,0.2838361770735843
C-WEU-NLD,rur,perm,mfh,2065,0.2838109228194351
C-WEU-NLD,rur,perm,mfh,2070,0.2837374716357537
C-WEU-NLD,rur,perm,mfh,2075,0.28360515237019424
C-WEU-NLD,rur,perm,mfh,2080,0.2834035405431376
C-WEU-NLD,rur,perm,mfh,2085,0.28312318795188474
C-WEU-NLD,rur,perm,mfh,2090,0.2827565454363475
C-WEU-NLD,rur,perm,mfh,2095,0.28229899885622967
C-WEU-NLD,rur,perm,mfh,2100,0.28174987708867527
C-WEU-NLD,rur,perm,sfh,2015,0.7165615084298547
C-WEU-NLD,rur,perm,sfh,2020,0.7165653369493326
C-WEU-NLD,rur,perm,sfh,2025,0.7165357021406598
C-WEU-NLD,rur,perm,sfh,2030,0.7164833743924859
C-WEU-NLD,rur,perm,sfh,2035,0.7164173083624147
C-WEU-NLD,rur,perm,sfh,2040,0.71634559513546
C-WEU-NLD,rur,perm,sfh,2045,0.7162760889373454
C-WEU-NLD,rur,perm,sfh,2050,0.7162168351424302
C-WEU-NLD,rur,perm,sfh,2055,0.716176357496786
C-WEU-NLD,rur,perm,sfh,2060,0.7161638229264157
C-WEU-NLD,rur,perm,sfh,2065,0.7161890771805648
C-WEU-NLD,rur,perm,sfh,2070,0.7162625283642463
C-WEU-NLD,rur,perm,sfh,2075,0.7163948476298058
C-WEU-NLD,rur,perm,sfh,2080,0.7165964594568623
C-WEU-NLD,rur,perm,sfh,2085,0.7168768120481153
C-WEU-NLD,rur,perm,sfh,2090,0.7172434545636525
C-WEU-NLD,rur,perm,sfh,2095,0.7177010011437703
C-WEU-NLD,rur,perm,sfh,2100,0.7182501229113247
C-WEU-NLD,sub,perm,mfh,2015,0.28381103702296373
C-WEU-NLD,sub,perm,mfh,2020,0.2846760974696559
C-WEU-NLD,sub,perm,mfh,2025,0.285320514330486
C-WEU-NLD,sub,perm,mfh,2030,0.28577740593750495
C-WEU-NLD,sub,perm,mfh,2035,0.28607495417177536
C-WEU-NLD,sub,perm,mfh,2040,0.28623787689478514
C-WEU-NLD,sub,perm,mfh,2045,0.2862885478433976
C-WEU-NLD,sub,perm,mfh,2050,0.28624786290155174
C-WEU-NLD,sub,perm,mfh,2055,0.2861359151946774
C-WEU-NLD,sub,perm,mfh,2060,0.28597251662534123
C-WEU-NLD,sub,perm,mfh,2065,0.2857775859864738
C-WEU-NLD,sub,perm,mfh,2070,0.28557141127306185
C-WEU-NLD,sub,perm,mfh,2075,0.28537478508119957
C-WEU-NLD,sub,perm,mfh,2080,0.2852090066306757
C-WEU-NLD,sub,perm,mfh,2085,0.28509574206843175
C-WEU-NLD,sub,perm,mfh,2090,0.28505673665628684
C-WEU-NLD,sub,perm,mfh,2095,0.285113378564391
C-WEU-NLD,sub,perm,mfh,2100,0.28528612432841327
C-WEU-NLD,sub,perm,sfh,2015,0.7161889629770364
C-WEU-NLD,sub,perm,sfh,2020,0.7153239025303441
C-WEU-NLD,sub,perm,sfh,2025,0.7146794856695139
C-WEU-NLD,sub,perm,sfh,2030,0.7142225940624951
C-WEU-NLD,sub,perm,sfh,2035,0.7139250458282245
C-WEU-NLD,sub,perm,sfh,2040,0.7137621231052148
C-WEU-NLD,sub,perm,sfh,2045,0.7137114521566024
C-WEU-NLD,sub,perm,sfh,2050,0.7137521370984483
C-WEU-NLD,sub,perm,sfh,2055,0.7138640848053225
C-WEU-NLD,sub,perm,sfh,2060,0.7140274833746587
C-WEU-NLD,sub,perm,sfh,2065,0.7142224140135262
C-WEU-NLD,sub,perm,sfh,2070,0.7144285887269382
C-WEU-NLD,sub,perm,sfh,2075,0.7146252149188005
C-WEU-NLD,sub,perm,sfh,2080,0.7147909933693244
C-WEU-NLD,sub,perm,sfh,2085,0.7149042579315682
C-WEU-NLD,sub,perm,sfh,2090,0.7149432633437132
C-WEU-NLD,sub,perm,sfh,2095,0.7148866214356089
C-WEU-NLD,sub,perm,sfh,2100,0.7147138756715866
C-WEU-NLD,urb,perm,mfh,2015,0.4212434483084736
C-WEU-NLD,urb,perm,mfh,2020,0.42206208996636757
C-WEU-NLD,urb,perm,mfh,2025,0.4226663599718785
C-WEU-NLD,urb,perm,mfh,2030,0.42308858306518904
C-WEU-NLD,urb,perm,mfh,2035,0.42335658258717557
C-WEU-NLD,urb,perm,mfh,2040,0.4234950444918769
C-WEU-NLD,urb,perm,mfh,2045,0.42352656072485306
C-WEU-NLD,urb,perm,mfh,2050,0.4234724380730114
C-WEU-NLD,urb,perm,mfh,2055,0.42335332644286744
C-WEU-NLD,urb,perm,mfh,2060,0.4231896983951843
C-WEU-NLD,urb,perm,mfh,2065,0.42300219609955564
C-WEU-NLD,urb,perm,mfh,2070,0.4228118507364352
C-WEU-NLD,urb,perm,mfh,2075,0.422640171853886
C-WEU-NLD,urb,perm,mfh,2080,0.42250910003513525
C-WEU-NLD,urb,perm,mfh,2085,0.42244081561133495
C-WEU-NLD,urb,perm,mfh,2090,0.42245739939056526
C-WEU-NLD,urb,perm,mfh,2095,0.42258034870510036
C-WEU-NLD,urb,perm,mfh,2100,0.422829963358965
C-WEU-NLD,urb,perm,sfh,2015,0.5787565516915264
C-WEU-NLD,urb,perm,sfh,2020,0.5779379100336325
C-WEU-NLD,urb,perm,sfh,2025,0.5773336400281215
C-WEU-NLD,urb,perm,sfh,2030,0.576911416934811
C-WEU-NLD,urb,perm,sfh,2035,0.5766434174128244
C-WEU-NLD,urb,perm,sfh,2040,0.5765049555081232
C-WEU-NLD,urb,perm,sfh,2045,0.5764734392751469
C-WEU-NLD,urb,perm,sfh,2050,0.5765275619269886
C-WEU-NLD,urb,perm,sfh,2055,0.5766466735571326
C-WEU-NLD,urb,perm,sfh,2060,0.5768103016048157
C-WEU-NLD,urb,perm,sfh,2065,0.5769978039004443
C-WEU-NLD,urb,perm,sfh,2070,0.5771881492635649
C-WEU-NLD,urb,perm,sfh,2075,0.577359828146114
C-WEU-NLD,urb,perm,sfh,2080,0.5774908999648647
C-WEU-NLD,urb,perm,sfh,2085,0.577559184388665
C-WEU-NLD,urb,perm,sfh,2090,0.5775426006094347
C-WEU-NLD,urb,perm,sfh,2095,0.5774196512948996
C-WEU-NLD,urb,perm,sfh,2100,0.5771700366410351
C-WEU-PRT,rur,perm,mfh,2015,0.353914173519871
C-WEU-PRT,rur,perm,mfh,2020,0.3539312984073668
C-WEU-PRT,rur,perm,mfh,2025,0.3538947099520536
C-WEU-PRT,rur,perm,mfh,2030,0.35380855378449955
C-WEU-PRT,rur,perm,mfh,2035,0.353676299353394
C-WEU-PRT,rur,perm,mfh,2040,0.35350095984175595
C-WEU-PRT,rur,perm,mfh,2045,0.3532852776749114
C-WEU-PRT,rur,perm,mfh,2050,0.353031886865289
C-WEU-PRT,rur,perm,mfh,2055,0.35274345948834185
C-WEU-PRT,rur,perm,mfh,2060,0.35242284051215816
C-WEU-PRT,rur,perm,mfh,2065,0.3520731726121724
C-WEU-PRT,rur,perm,mfh,2070,0.3516980102590055
C-WEU-PRT,rur,perm,mfh,2075,0.351301420166359
C-WEU-PRT,rur,perm,mfh,2080,0.35088806313468995
C-WEU-PRT,rur,perm,mfh,2085,0.3504632505421675
C-WEU-PRT,rur,perm,mfh,2090,0.35003296743873796
C-WEU-PRT,rur,perm,mfh,2095,0.3496038536998658
C-WEU-PRT,rur,perm,mfh,2100,0.3491831353450973
C-WEU-PRT,rur,perm,sfh,2015,0.6460858264801289
C-WEU-PRT,rur,perm,sfh,2020,0.6460687015926332
C-WEU-PRT,rur,perm,sfh,2025,0.6461052900479464
C-WEU-PRT,rur,perm,sfh,2030,0.6461914462155005
C-WEU-PRT,rur,perm,sfh,2035,0.6463237006466059
C-WEU-PRT,rur,perm,sfh,2040,0.6464990401582441
C-WEU-PRT,rur,perm,sfh,2045,0.6467147223250886
C-WEU-PRT,rur,perm,sfh,2050,0.6469681131347109
C-WEU-PRT,rur,perm,sfh,2055,0.6472565405116582
C-WEU-PRT,rur,perm,sfh,2060,0.6475771594878418
C-WEU-PRT,rur,perm,sfh,2065,0.6479268273878276
C-WEU-PRT,rur,perm,sfh,2070,0.6483019897409946
C-WEU-PRT,rur,perm,sfh,2075,0.648698579833641
C-WEU-PRT,rur,perm,sfh,2080,0.6491119368653101
C-WEU-PRT,rur,perm,sfh,2085,0.6495367494578325
C-WEU-PRT,rur,perm,sfh,2090,0.649967032561262
C-WEU-PRT,rur,perm,sfh,2095,0.6503961463001343
C-WEU-PRT,rur,perm,sfh,2100,0.6508168646549026
C-WEU-PRT,sub,perm,mfh,2015,0.4243704366668923
C-WEU-PRT,sub,perm,mfh,2020,0.4241978732359385
C-WEU-PRT,sub,perm,mfh,2025,0.42393742145882035
C-WEU-PRT,sub,perm,mfh,2030,0.4235945848503266
C-WEU-PRT,sub,perm,mfh,2035,0.42317395878999037
C-WEU-PRT,sub,perm,mfh,2040,0.42267963756663673
C-WEU-PRT,sub,perm,mfh,2045,0.4221155805618408
C-WEU-PRT,sub,perm,mfh,2050,0.4214859582737378
C-WEU-PRT,sub,perm,mfh,2055,0.42079549100869923
C-WEU-PRT,sub,perm,mfh,2060,0.42004978605913423
C-WEU-PRT,sub,perm,mfh,2065,0.41925567208516684
C-WEU-PRT,sub,perm,mfh,2070,0.4184215216393076
C-WEU-PRT,sub,perm,mfh,2075,0.41755754411659624
C-WEU-PRT,sub,perm,mfh,2080,0.4166760221709005
C-WEU-PRT,sub,perm,mfh,2085,0.4157914557462973
C-WEU-PRT,sub,perm,mfh,2090,0.414920571030183
C-WEU-PRT,sub,perm,mfh,2095,0.41408214928980014
C-WEU-PRT,sub,perm,mfh,2100,0.4132966356087664
C-WEU-PRT,sub,perm,sfh,2015,0.5756295633331077
C-WEU-PRT,sub,perm,sfh,2020,0.5758021267640614
C-WEU-PRT,sub,perm,sfh,2025,0.5760625785411797
C-WEU-PRT,sub,perm,sfh,2030,0.5764054151496734
C-WEU-PRT,sub,perm,sfh,2035,0.5768260412100096
C-WEU-PRT,sub,perm,sfh,2040,0.5773203624333633
C-WEU-PRT,sub,perm,sfh,2045,0.5778844194381592
C-WEU-PRT,sub,perm,sfh,2050,0.5785140417262622
C-WEU-PRT,sub,perm,sfh,2055,0.5792045089913007
C-WEU-PRT,sub,perm,sfh,2060,0.5799502139408657
C-WEU-PRT,sub,perm,sfh,2065,0.5807443279148331
C-WEU-PRT,sub,perm,sfh,2070,0.5815784783606923
C-WEU-PRT,sub,perm,sfh,2075,0.5824424558834037
C-WEU-PRT,sub,perm,sfh,2080,0.5833239778290995
C-WEU-PRT,sub,perm,sfh,2085,0.5842085442537027
C-WEU-PRT,sub,perm,sfh,2090,0.5850794289698171
C-WEU-PRT,sub,perm,sfh,2095,0.5859178507101999
C-WEU-PRT,sub,perm,sfh,2100,0.5867033643912337
C-WEU-PRT,urb,perm,mfh,2015,0.6138411143304126
C-WEU-PRT,urb,perm,mfh,2020,0.6141151696644562
C-WEU-PRT,urb,perm,mfh,2025,0.6143398181910511
C-WEU-PRT,urb,perm,mfh,2030,0.6145139371309102
C-WEU-PRT,urb,perm,mfh,2035,0.614635298498779
C-WEU-PRT,urb,perm,mfh,2040,0.6147006725776768
C-WEU-PRT,urb,perm,mfh,2045,0.6147059260628864
C-WEU-PRT,urb,perm,mfh,2050,0.6146461321173531
C-WEU-PRT,urb,perm,mfh,2055,0.6145157093741234
C-WEU-PRT,urb,perm,mfh,2060,0.6143086070032496
C-WEU-PRT,urb,perm,mfh,2065,0.6140185525028773
C-WEU-PRT,urb,perm,mfh,2070,0.6136393769028848
C-WEU-PRT,urb,perm,mfh,2075,0.6131654274674412
C-WEU-PRT,urb,perm,mfh,2080,0.612592069618075
C-WEU-PRT,urb,perm,mfh,2085,0.6119162668206629
C-WEU-PRT,urb,perm,mfh,2090,0.6111372095036144
C-WEU-PRT,urb,perm,mfh,2095,0.6102569429960412
C-WEU-PRT,urb,perm,mfh,2100,0.6092809232212675
C-WEU-PRT,urb,perm,sfh,2015,0.3861588856695872
C-WEU-PRT,urb,perm,sfh,2020,0.3858848303355439
C-WEU-PRT,urb,perm,sfh,2025,0.38566018180894884
C-WEU-PRT,urb,perm,sfh,2030,0.3854860628690899
C-WEU-PRT,urb,perm,sfh,2035,0.38536470150122104
C-WEU-PRT,urb,perm,sfh,2040,0.3852993274223232
C-WEU-PRT,urb,perm,sfh,2045,0.3852940739371135
C-WEU-PRT,urb,perm,sfh,2050,0.38535386788264686
C-WEU-PRT,urb,perm,sfh,2055,0.38548429062587664
C-WEU-PRT,urb,perm,sfh,2060,0.3856913929967505
C-WEU-PRT,urb,perm,sfh,2065,0.3859814474971226
C-WEU-PRT,urb,perm,sfh,2070,0.3863606230971151
C-WEU-PRT,urb,perm,sfh,2075,0.3868345725325589
C-WEU-PRT,urb,perm,sfh,2080,0.387407930381925
C-WEU-PRT,urb,perm,sfh,2085,0.38808373317933714
C-WEU-PRT,urb,perm,sfh,2090,0.3888627904963856
C-WEU-PRT,urb,perm,sfh,2095,0.3897430570039589
C-WEU-PRT,urb,perm,sfh,2100,0.3907190767787324
C-WEU-SWE,rur,perm,mfh,2015,0.4986051879004387
C-WEU-SWE,rur,perm,mfh,2020,0.49976383195510155
C-WEU-SWE,rur,perm,mfh,2025,0.5008440677649224
C-WEU-SWE,rur,perm,mfh,2030,0.5018578152465046
C-WEU-SWE,rur,perm,mfh,2035,0.5028143265842793
C-WEU-SWE,rur,perm,mfh,2040,0.5037207563713166
C-WEU-SWE,rur,perm,mfh,2045,0.5045825788823338
C-WEU-SWE,rur,perm,mfh,2050,0.5054038989988099
C-WEU-SWE,rur,perm,mfh,2055,0.506187688445794
C-WEU-SWE,rur,perm,mfh,2060,0.5069359693808896
C-WEU-SWE,rur,perm,mfh,2065,0.507649961008737
C-WEU-SWE,rur,perm,mfh,2070,0.5083302005783576
C-WEU-SWE,rur,perm,mfh,2075,0.5089766471127015
C-WEU-SWE,rur,perm,mfh,2080,0.5095887740491705
C-WEU-SWE,rur,perm,mfh,2085,0.5101656553336777
C-WEU-SWE,rur,perm,mfh,2090,0.5107060482123315
C-WEU-SWE,rur,perm,mfh,2095,0.5112084748781073
C-WEU-SWE,rur,perm,mfh,2100,0.5116713041783206
C-WEU-SWE,rur,perm,sfh,2015,0.5013948120995614
C-WEU-SWE,rur,perm,sfh,2020,0.5002361680448986
C-WEU-SWE,rur,perm,sfh,2025,0.49915593223507754
C-WEU-SWE,rur,perm,sfh,2030,0.4981421847534954
C-WEU-SWE,rur,perm,sfh,2035,0.49718567341572056
C-WEU-SWE,rur,perm,sfh,2040,0.49627924362868325
C-WEU-SWE,rur,perm,sfh,2045,0.4954174211176662
C-WEU-SWE,rur,perm,sfh,2050,0.49459610100119006
C-WEU-SWE,rur,perm,sfh,2055,0.4938123115542059
C-WEU-SWE,rur,perm,sfh,2060,0.4930640306191104
C-WEU-SWE,rur,perm,sfh,2065,0.49235003899126295
C-WEU-SWE,rur,perm,sfh,2070,0.4916697994216424
C-WEU-SWE,rur,perm,sfh,2075,0.4910233528872985
C-WEU-SWE,rur,perm,sfh,2080,0.4904112259508295
C-WEU-SWE,rur,perm,sfh,2085,0.48983434466632236
C-WEU-SWE,rur,perm,sfh,2090,0.4892939517876685
C-WEU-SWE,rur,perm,sfh,2095,0.48879152512189267
C-WEU-SWE,rur,perm,sfh,2100,0.48832869582167926
C-WEU-SWE,sub,perm,mfh,2015,0.5249837085425422
C-WEU-SWE,sub,perm,mfh,2020,0.5268945493563365
C-WEU-SWE,sub,perm,mfh,2025,0.5285353039089682
C-WEU-SWE,sub,perm,mfh,2030,0.5299560139572326
C-WEU-SWE,sub,perm,mfh,2035,0.5311957844032942
C-WEU-SWE,sub,perm,mfh,2040,0.5322857656262705
C-WEU-SWE,sub,perm,mfh,2045,0.5332512251334279
C-WEU-SWE,sub,perm,mfh,2050,0.5341130157336423
C-WEU-SWE,sub,perm,mfh,2055,0.5348886334472381
C-WEU-SWE,sub,perm,mfh,2060,0.5355929896630246
C-WEU-SWE,sub,perm,mfh,2065,0.5362389795098647
C-WEU-SWE,sub,perm,mfh,2070,0.5368379014500353
C-WEU-SWE,sub,perm,mfh,2075,0.5373997656974087
C-WEU-SWE,sub,perm,mfh,2080,0.5379335176862907
C-WEU-SWE,sub,perm,mfh,2085,0.5384471953482445
C-WEU-SWE,sub,perm,mfh,2090,0.538948034089346
C-WEU-SWE,sub,perm,mfh,2095,0.5394425302689609
C-WEU-SWE,sub,perm,mfh,2100,0.5399364721109219
C-WEU-SWE,sub,perm,sfh,2015,0.4750162914574577
C-WEU-SWE,sub,perm,sfh,2020,0.4731054506436635
C-WEU-SWE,sub,perm,sfh,2025,0.47146469609103187
C-WEU-SWE,sub,perm,sfh,2030,0.4700439860427675
C-WEU-SWE,sub,perm,sfh,2035,0.46880421559670576
C-WEU-SWE,sub,perm,sfh,2040,0.4677142343737294
C-WEU-SWE,sub,perm,sfh,2045,0.46674877486657207
C-WEU-SWE,sub,perm,sfh,2050,0.46588698426635766
C-WEU-SWE,sub,perm,sfh,2055,0.4651113665527618
C-WEU-SWE,sub,perm,sfh,2060,0.46440701033697535
C-WEU-SWE,sub,perm,sfh,2065,0.46376102049013523
C-WEU-SWE,sub,perm,sfh,2070,0.4631620985499647
C-WEU-SWE,sub,perm,sfh,2075,0.46260023430259123
C-WEU-SWE,sub,perm,sfh,2080,0.4620664823137091
C-WEU-SWE,sub,perm,sfh,2085,0.4615528046517555
C-WEU-SWE,sub,perm,sfh,2090,0.46105196591065395
C-WEU-SWE,sub,perm,sfh,2095,0.46055746973103895
C-WEU-SWE,sub,perm,sfh,2100,0.4600635278890782
C-WEU-SWE,urb,perm,mfh,2015,0.6228457070483576
C-WEU-SWE,urb,perm,mfh,2020,0.6237269981862743
C-WEU-SWE,urb,perm,mfh,2025,0.624466450432696
C-WEU-SWE,urb,perm,mfh,2030,0.6250955137496713
C-WEU-SWE,urb,perm,mfh,2035,0.6256372153471598
C-WEU-SWE,urb,perm,mfh,2040,0.626108845932875
C-WEU-SWE,urb,perm,mfh,2045,0.6265236829937487
C-WEU-SWE,urb,perm,mfh,2050,0.626892130394693
C-WEU-SWE,urb,perm,mfh,2055,0.6272224915707856
C-WEU-SWE,urb,perm,mfh,2060,0.6275215054246289
C-WEU-SWE,urb,perm,mfh,2065,0.6277947241387807
C-WEU-SWE,urb,perm,mfh,2070,0.6280467828958849
C-WEU-SWE,urb,perm,mfh,2075,0.6282815938939497
C-WEU-SWE,urb,perm,mfh,2080,0.6285024861843906
C-WEU-SWE,urb,perm,mfh,2085,0.6287123060429101
C-WEU-SWE,urb,perm,mfh,2090,0.6289134882561532
C-WEU-SWE,urb,perm,mfh,2095,0.6291081059480528
C-WEU-SWE,urb,perm,mfh,2100,0.6292979048083326
C-WEU-SWE,urb,perm,sfh,2015,0.3771542929516424
C-WEU-SWE,urb,perm,sfh,2020,0.3762730018137256
C-WEU-SWE,urb,perm,sfh,2025,0.37553354956730406
C-WEU-SWE,urb,perm,sfh,2030,0.37490448625032863
C-WEU-SWE,urb,perm,sfh,2035,0.3743627846528401
C-WEU-SWE,urb,perm,sfh,2040,0.37389115406712503
C-WEU-SWE,urb,perm,sfh,2045,0.3734763170062512
C-WEU-SWE,urb,perm,sfh,2050,0.37310786960530695
C-WEU-SWE,urb,perm,sfh,2055,0.37277750842921437
C-WEU-SWE,urb,perm,sfh,2060,0.3724784945753711
C-WEU-SWE,urb,perm,sfh,2065,0.3722052758612193
C-WEU-SWE,urb,perm,sfh,2070,0.3719532171041152
C-WEU-SWE,urb,perm,sfh,2075,0.3717184061060502
C-WEU-SWE,urb,perm,sfh,2080,0.37149751381560947
C-WEU-SWE,urb,perm,sfh,2085,0.3712876939570899
C-WEU-SWE,urb,perm,sfh,2090,0.3710865117438468
C-WEU-SWE,urb,perm,sfh,2095,0.3708918940519472
C-WEU-SWE,urb,perm,sfh,2100,0.37070209519166736
