region_bld,clim,urt,inc_cl,year,value
C-WEU-AUT,Zone_5A Cool Humid,rur,q1,2015,0.18455145189867006
C-WEU-AUT,Zone_5A Cool Humid,urb,q1,2015,0.18455145189867006
C-WEU-AUT,Zone_4A Mixed Humid,rur,q1,2015,0.18455145189867006
C-WEU-AUT,Zone_4A Mixed Humid,urb,q1,2015,0.18455145189867006
C-WEU-AUT,Zone_6A Cold Humid,rur,q1,2015,0.18455145189867006
C-WEU-AUT,Zone_6A Cold Humid,urb,q1,2015,0.18455145189867006
C-WEU-AUT,Zone_7A Very cold Humid,rur,q1,2015,0.18455145189867006
C-WEU-AUT,Zone_7A Very cold Humid,urb,q1,2015,0.18455145189867006
C-WEU-BEL,Zone_4A Mixed Humid,rur,q1,2015,0.16948037931600002
C-WEU-BEL,Zone_4A Mixed Humid,urb,q1,2015,0.16948037931600002
C-WEU-BEL,Zone_5A Cool Humid,rur,q1,2015,0.16948037931600002
C-WEU-BEL,Zone_5A Cool Humid,urb,q1,2015,0.16948037931600002
C-EEU-BGR,Zone_4A Mixed Humid,rur,q1,2015,0.0391253926218965
C-EEU-BGR,Zone_4A Mixed Humid,urb,q1,2015,0.0391253926218965
C-EEU-BGR,Zone_5A Cool Humid,rur,q1,2015,0.0391253926218965
C-EEU-BGR,Zone_5A Cool Humid,urb,q1,2015,0.0391253926218965
C-WEU-CYP,Zone_3A Warm Humid,rur,q1,2015,0.14676813972299999
C-WEU-CYP,Zone_3A Warm Humid,urb,q1,2015,0.14676813972299999
C-EEU-CZE,Zone_5A Cool Humid,rur,q1,2015,0.11020718008
C-EEU-CZE,Zone_5A Cool Humid,urb,q1,2015,0.11020718008
C-WEU-DEU,Zone_5A Cool Humid,rur,q1,2015,0.18115777977430877
C-WEU-DEU,Zone_5A Cool Humid,urb,q1,2015,0.18115777977430877
C-WEU-DEU,Zone_4A Mixed Humid,rur,q1,2015,0.18115777977430877
C-WEU-DEU,Zone_4A Mixed Humid,urb,q1,2015,0.18115777977430877
C-WEU-DEU,Zone_6A Cold Humid,rur,q1,2015,0.18115777977430877
C-WEU-DEU,Zone_6A Cold Humid,urb,q1,2015,0.18115777977430877
C-WEU-DNK,Zone_5A Cool Humid,rur,q1,2015,0.1002896528992
C-WEU-DNK,Zone_5A Cool Humid,urb,q1,2015,0.1002896528992
C-EEU-EST,Zone_6A Cold Humid,rur,q1,2015,0.022086300320000005
C-EEU-EST,Zone_6A Cold Humid,urb,q1,2015,0.022086300320000005
C-WEU-GRC,Zone_3A Warm Humid,rur,q1,2015,0.21007107712085227
C-WEU-GRC,Zone_3A Warm Humid,urb,q1,2015,0.21007107712085227
C-WEU-GRC,Zone_4A Mixed Humid,rur,q1,2015,0.21007107712085227
C-WEU-GRC,Zone_4A Mixed Humid,urb,q1,2015,0.21007107712085227
C-WEU-GRC,Zone_4C Mixed Marine,rur,q1,2015,0.21007107712085227
C-WEU-GRC,Zone_4C Mixed Marine,urb,q1,2015,0.21007107712085227
C-WEU-GRC,Zone_5C Cool Marine,rur,q1,2015,0.21007107712085227
C-WEU-GRC,Zone_5C Cool Marine,urb,q1,2015,0.21007107712085227
C-WEU-GRC,Zone_5A Cool Humid,rur,q1,2015,0.21007107712085227
C-WEU-GRC,Zone_5A Cool Humid,urb,q1,2015,0.21007107712085227
C-WEU-ESP,Zone_3C Warm Marine,rur,q1,2015,0.30966438318994627
C-WEU-ESP,Zone_3C Warm Marine,urb,q1,2015,0.30966438318994627
C-WEU-ESP,Zone_4C Mixed Marine,rur,q1,2015,0.30966438318994627
C-WEU-ESP,Zone_4C Mixed Marine,urb,q1,2015,0.30966438318994627
C-WEU-ESP,Zone_4A Mixed Humid,rur,q1,2015,0.30966438318994627
C-WEU-ESP,Zone_4A Mixed Humid,urb,q1,2015,0.30966438318994627
C-WEU-ESP,Zone_3A Warm Humid,rur,q1,2015,0.30966438318994627
C-WEU-ESP,Zone_3A Warm Humid,urb,q1,2015,0.30966438318994627
C-WEU-ESP,Zone_3B Warm Dry,rur,q1,2015,0.30966438318994627
C-WEU-ESP,Zone_3B Warm Dry,urb,q1,2015,0.30966438318994627
C-WEU-ESP,Zone_2B Hot Dry,rur,q1,2015,0.30966438318994627
C-WEU-ESP,Zone_2B Hot Dry,urb,q1,2015,0.30966438318994627
C-WEU-FIN,Zone_6A Cold Humid,rur,q1,2015,0.07423284104046642
C-WEU-FIN,Zone_6A Cold Humid,urb,q1,2015,0.07423284104046642
C-WEU-FIN,Zone_7A Very cold Humid,rur,q1,2015,0.07423284104046642
C-WEU-FIN,Zone_7A Very cold Humid,urb,q1,2015,0.07423284104046642
C-WEU-FRA,Zone_4A Mixed Humid,rur,q1,2015,0.06785519378287222
C-WEU-FRA,Zone_4A Mixed Humid,urb,q1,2015,0.06785519378287222
C-WEU-FRA,Zone_5A Cool Humid,rur,q1,2015,0.06785519378287222
C-WEU-FRA,Zone_5A Cool Humid,urb,q1,2015,0.06785519378287222
C-WEU-FRA,Zone_3A Warm Humid,rur,q1,2015,0.06785519378287222
C-WEU-FRA,Zone_3A Warm Humid,urb,q1,2015,0.06785519378287222
C-WEU-FRA,Zone_7A Very cold Humid,rur,q1,2015,0.06785519378287222
C-WEU-FRA,Zone_7A Very cold Humid,urb,q1,2015,0.06785519378287222
C-WEU-FRA,Zone_4C Mixed Marine,rur,q1,2015,0.06785519378287222
C-WEU-FRA,Zone_4C Mixed Marine,urb,q1,2015,0.06785519378287222
C-WEU-FRA,Zone_3C Warm Marine,rur,q1,2015,0.06785519378287222
C-WEU-FRA,Zone_3C Warm Marine,urb,q1,2015,0.06785519378287222
C-WEU-FRA,Zone_1A Very hot Humid,rur,q1,2015,0.06785519378287222
C-WEU-FRA,Zone_1A Very hot Humid,urb,q1,2015,0.06785519378287222
C-WEU-FRA,Zone_2A Hot Humid,rur,q1,2015,0.06785519378287222
C-WEU-FRA,Zone_2A Hot Humid,urb,q1,2015,0.06785519378287222
C-WEU-FRA,Zone_0A Extremely hot Humid,rur,q1,2015,0.06785519378287222
C-WEU-FRA,Zone_0A Extremely hot Humid,urb,q1,2015,0.06785519378287222
C-EEU-HRV,Zone_4A Mixed Humid,rur,q1,2015,0.16897898568104128
C-EEU-HRV,Zone_4A Mixed Humid,urb,q1,2015,0.16897898568104128
C-EEU-HRV,Zone_5A Cool Humid,rur,q1,2015,0.16897898568104128
C-EEU-HRV,Zone_5A Cool Humid,urb,q1,2015,0.16897898568104128
C-EEU-HRV,Zone_4C Mixed Marine,rur,q1,2015,0.16897898568104128
C-EEU-HRV,Zone_4C Mixed Marine,urb,q1,2015,0.16897898568104128
C-EEU-HRV,Zone_3A Warm Humid,rur,q1,2015,0.16897898568104128
C-EEU-HRV,Zone_3A Warm Humid,urb,q1,2015,0.16897898568104128
C-EEU-HUN,Zone_4A Mixed Humid,rur,q1,2015,0.09261967635916978
C-EEU-HUN,Zone_4A Mixed Humid,urb,q1,2015,0.09261967635916978
C-EEU-HUN,Zone_5A Cool Humid,rur,q1,2015,0.09261967635916978
C-EEU-HUN,Zone_5A Cool Humid,urb,q1,2015,0.09261967635916978
C-WEU-IRL,Zone_5A Cool Humid,rur,q1,2015,0.037024294708400005
C-WEU-IRL,Zone_5A Cool Humid,urb,q1,2015,0.037024294708400005
C-WEU-IRL,Zone_4A Mixed Humid,rur,q1,2015,0.037024294708400005
C-WEU-IRL,Zone_4A Mixed Humid,urb,q1,2015,0.037024294708400005
C-WEU-ITA,Zone_4A Mixed Humid,rur,q1,2015,0.21193598505884703
C-WEU-ITA,Zone_4A Mixed Humid,urb,q1,2015,0.21193598505884703
C-WEU-ITA,Zone_5A Cool Humid,rur,q1,2015,0.21193598505884703
C-WEU-ITA,Zone_5A Cool Humid,urb,q1,2015,0.21193598505884703
C-WEU-ITA,Zone_7A Very cold Humid,rur,q1,2015,0.21193598505884703
C-WEU-ITA,Zone_7A Very cold Humid,urb,q1,2015,0.21193598505884703
C-WEU-ITA,Zone_6A Cold Humid,rur,q1,2015,0.21193598505884703
C-WEU-ITA,Zone_6A Cold Humid,urb,q1,2015,0.21193598505884703
C-WEU-ITA,Zone_3A Warm Humid,rur,q1,2015,0.21193598505884703
C-WEU-ITA,Zone_3A Warm Humid,urb,q1,2015,0.21193598505884703
C-WEU-ITA,Zone_4C Mixed Marine,rur,q1,2015,0.21193598505884703
C-WEU-ITA,Zone_4C Mixed Marine,urb,q1,2015,0.21193598505884703
C-WEU-ITA,Zone_5C Cool Marine,rur,q1,2015,0.21193598505884703
C-WEU-ITA,Zone_5C Cool Marine,urb,q1,2015,0.21193598505884703
C-EEU-LTU,Zone_6A Cold Humid,rur,q1,2015,0.028558567463200003
C-EEU-LTU,Zone_6A Cold Humid,urb,q1,2015,0.028558567463200003
C-EEU-LTU,Zone_5A Cool Humid,rur,q1,2015,0.028558567463200003
C-EEU-LTU,Zone_5A Cool Humid,urb,q1,2015,0.028558567463200003
C-WEU-LUX,Zone_5A Cool Humid,rur,q1,2015,0.171941216454
C-WEU-LUX,Zone_5A Cool Humid,urb,q1,2015,0.171941216454
C-EEU-LVA,Zone_6A Cold Humid,rur,q1,2015,0.0175358488814
C-EEU-LVA,Zone_6A Cold Humid,urb,q1,2015,0.0175358488814
C-WEU-MLT,Zone_3A Warm Humid,rur,q1,2015,0.437733962396
C-WEU-MLT,Zone_3A Warm Humid,urb,q1,2015,0.437733962396
C-WEU-NLD,Zone_5A Cool Humid,rur,q1,2015,0.1392064834602095
C-WEU-NLD,Zone_5A Cool Humid,urb,q1,2015,0.1392064834602095
C-WEU-NLD,Zone_4A Mixed Humid,rur,q1,2015,0.1392064834602095
C-WEU-NLD,Zone_4A Mixed Humid,urb,q1,2015,0.1392064834602095
C-EEU-POL,Zone_5A Cool Humid,rur,q1,2015,0.040713502409
C-EEU-POL,Zone_5A Cool Humid,urb,q1,2015,0.040713502409
C-EEU-POL,Zone_6A Cold Humid,rur,q1,2015,0.040713502409
C-EEU-POL,Zone_6A Cold Humid,urb,q1,2015,0.040713502409
C-WEU-PRT,Zone_3C Warm Marine,rur,q1,2015,0.10936173786341498
C-WEU-PRT,Zone_3C Warm Marine,urb,q1,2015,0.10936173786341498
C-WEU-PRT,Zone_4C Mixed Marine,rur,q1,2015,0.10936173786341498
C-WEU-PRT,Zone_4C Mixed Marine,urb,q1,2015,0.10936173786341498
C-WEU-PRT,Zone_4A Mixed Humid,rur,q1,2015,0.10936173786341498
C-WEU-PRT,Zone_4A Mixed Humid,urb,q1,2015,0.10936173786341498
C-WEU-PRT,Zone_3A Warm Humid,rur,q1,2015,0.10936173786341498
C-WEU-PRT,Zone_3A Warm Humid,urb,q1,2015,0.10936173786341498
C-EEU-ROU,Zone_5A Cool Humid,rur,q1,2015,0.03341073853267927
C-EEU-ROU,Zone_5A Cool Humid,urb,q1,2015,0.03341073853267927
C-EEU-ROU,Zone_6A Cold Humid,rur,q1,2015,0.03341073853267927
C-EEU-ROU,Zone_6A Cold Humid,urb,q1,2015,0.03341073853267927
C-EEU-ROU,Zone_4A Mixed Humid,rur,q1,2015,0.03341073853267927
C-EEU-ROU,Zone_4A Mixed Humid,urb,q1,2015,0.03341073853267927
C-WEU-SWE,Zone_6A Cold Humid,rur,q1,2015,0.10107186482203244
C-WEU-SWE,Zone_6A Cold Humid,urb,q1,2015,0.10107186482203244
C-WEU-SWE,Zone_5A Cool Humid,rur,q1,2015,0.10107186482203244
C-WEU-SWE,Zone_5A Cool Humid,urb,q1,2015,0.10107186482203244
C-WEU-SWE,Zone_7A Very cold Humid,rur,q1,2015,0.10107186482203244
C-WEU-SWE,Zone_7A Very cold Humid,urb,q1,2015,0.10107186482203244
C-WEU-SWE,Zone_8A Subarctic/arctic Humid,rur,q1,2015,0.10107186482203244
C-WEU-SWE,Zone_8A Subarctic/arctic Humid,urb,q1,2015,0.10107186482203244
C-EEU-SVN,Zone_4A Mixed Humid,rur,q1,2015,0.07594545643892742
C-EEU-SVN,Zone_4A Mixed Humid,urb,q1,2015,0.07594545643892742
C-EEU-SVN,Zone_5A Cool Humid,rur,q1,2015,0.07594545643892742
C-EEU-SVN,Zone_5A Cool Humid,urb,q1,2015,0.07594545643892742
C-EEU-SVN,Zone_7A Very cold Humid,rur,q1,2015,0.07594545643892742
C-EEU-SVN,Zone_7A Very cold Humid,urb,q1,2015,0.07594545643892742
C-EEU-SVK,Zone_5A Cool Humid,rur,q1,2015,0.08281833140563527
C-EEU-SVK,Zone_5A Cool Humid,urb,q1,2015,0.08281833140563527
C-EEU-SVK,Zone_6A Cold Humid,rur,q1,2015,0.08281833140563527
C-EEU-SVK,Zone_6A Cold Humid,urb,q1,2015,0.08281833140563527
C-WEU-AUT,Zone_5A Cool Humid,rur,q2,2015,0.21733222695564874
C-WEU-AUT,Zone_5A Cool Humid,urb,q2,2015,0.21733222695564874
C-WEU-AUT,Zone_4A Mixed Humid,rur,q2,2015,0.21733222695564874
C-WEU-AUT,Zone_4A Mixed Humid,urb,q2,2015,0.21733222695564874
C-WEU-AUT,Zone_6A Cold Humid,rur,q2,2015,0.21733222695564874
C-WEU-AUT,Zone_6A Cold Humid,urb,q2,2015,0.21733222695564874
C-WEU-AUT,Zone_7A Very cold Humid,rur,q2,2015,0.21733222695564874
C-WEU-AUT,Zone_7A Very cold Humid,urb,q2,2015,0.21733222695564874
C-WEU-BEL,Zone_4A Mixed Humid,rur,q2,2015,0.1930891289577
C-WEU-BEL,Zone_4A Mixed Humid,urb,q2,2015,0.1930891289577
C-WEU-BEL,Zone_5A Cool Humid,rur,q2,2015,0.1930891289577
C-WEU-BEL,Zone_5A Cool Humid,urb,q2,2015,0.1930891289577
C-EEU-BGR,Zone_4A Mixed Humid,rur,q2,2015,0.15327110057042034
C-EEU-BGR,Zone_4A Mixed Humid,urb,q2,2015,0.15327110057042034
C-EEU-BGR,Zone_5A Cool Humid,rur,q2,2015,0.15327110057042034
C-EEU-BGR,Zone_5A Cool Humid,urb,q2,2015,0.15327110057042034
C-WEU-CYP,Zone_3A Warm Humid,rur,q2,2015,0.4967846517799999
C-WEU-CYP,Zone_3A Warm Humid,urb,q2,2015,0.4967846517799999
C-EEU-CZE,Zone_5A Cool Humid,rur,q2,2015,0.18679627999999998
C-EEU-CZE,Zone_5A Cool Humid,urb,q2,2015,0.18679627999999998
C-WEU-DEU,Zone_5A Cool Humid,rur,q2,2015,0.22727334089557646
C-WEU-DEU,Zone_5A Cool Humid,urb,q2,2015,0.22727334089557646
C-WEU-DEU,Zone_4A Mixed Humid,rur,q2,2015,0.22727334089557646
C-WEU-DEU,Zone_4A Mixed Humid,urb,q2,2015,0.22727334089557646
C-WEU-DEU,Zone_6A Cold Humid,rur,q2,2015,0.22727334089557646
C-WEU-DEU,Zone_6A Cold Humid,urb,q2,2015,0.22727334089557646
C-WEU-DNK,Zone_5A Cool Humid,rur,q2,2015,0.115893974368
C-WEU-DNK,Zone_5A Cool Humid,urb,q2,2015,0.115893974368
C-EEU-EST,Zone_6A Cold Humid,rur,q2,2015,0.07282539624000002
C-EEU-EST,Zone_6A Cold Humid,urb,q2,2015,0.07282539624000002
C-WEU-GRC,Zone_3A Warm Humid,rur,q2,2015,0.558918530401228
C-WEU-GRC,Zone_3A Warm Humid,urb,q2,2015,0.558918530401228
C-WEU-GRC,Zone_4A Mixed Humid,rur,q2,2015,0.558918530401228
C-WEU-GRC,Zone_4A Mixed Humid,urb,q2,2015,0.558918530401228
C-WEU-GRC,Zone_4C Mixed Marine,rur,q2,2015,0.558918530401228
C-WEU-GRC,Zone_4C Mixed Marine,urb,q2,2015,0.558918530401228
C-WEU-GRC,Zone_5C Cool Marine,rur,q2,2015,0.558918530401228
C-WEU-GRC,Zone_5C Cool Marine,urb,q2,2015,0.558918530401228
C-WEU-GRC,Zone_5A Cool Humid,rur,q2,2015,0.558918530401228
C-WEU-GRC,Zone_5A Cool Humid,urb,q2,2015,0.558918530401228
C-WEU-ESP,Zone_3C Warm Marine,rur,q2,2015,0.5741243676829058
C-WEU-ESP,Zone_3C Warm Marine,urb,q2,2015,0.5741243676829058
C-WEU-ESP,Zone_4C Mixed Marine,rur,q2,2015,0.5741243676829058
C-WEU-ESP,Zone_4C Mixed Marine,urb,q2,2015,0.5741243676829058
C-WEU-ESP,Zone_4A Mixed Humid,rur,q2,2015,0.5741243676829058
C-WEU-ESP,Zone_4A Mixed Humid,urb,q2,2015,0.5741243676829058
C-WEU-ESP,Zone_3A Warm Humid,rur,q2,2015,0.5741243676829058
C-WEU-ESP,Zone_3A Warm Humid,urb,q2,2015,0.5741243676829058
C-WEU-ESP,Zone_3B Warm Dry,rur,q2,2015,0.5741243676829058
C-WEU-ESP,Zone_3B Warm Dry,urb,q2,2015,0.5741243676829058
C-WEU-ESP,Zone_2B Hot Dry,rur,q2,2015,0.5741243676829058
C-WEU-ESP,Zone_2B Hot Dry,urb,q2,2015,0.5741243676829058
C-WEU-FIN,Zone_6A Cold Humid,rur,q2,2015,0.08807860953386185
C-WEU-FIN,Zone_6A Cold Humid,urb,q2,2015,0.08807860953386185
C-WEU-FIN,Zone_7A Very cold Humid,rur,q2,2015,0.08807860953386185
C-WEU-FIN,Zone_7A Very cold Humid,urb,q2,2015,0.08807860953386185
C-WEU-FRA,Zone_4A Mixed Humid,rur,q2,2015,0.09580166482064509
C-WEU-FRA,Zone_4A Mixed Humid,urb,q2,2015,0.09580166482064509
C-WEU-FRA,Zone_5A Cool Humid,rur,q2,2015,0.09580166482064509
C-WEU-FRA,Zone_5A Cool Humid,urb,q2,2015,0.09580166482064509
C-WEU-FRA,Zone_3A Warm Humid,rur,q2,2015,0.09580166482064509
C-WEU-FRA,Zone_3A Warm Humid,urb,q2,2015,0.09580166482064509
C-WEU-FRA,Zone_7A Very cold Humid,rur,q2,2015,0.09580166482064509
C-WEU-FRA,Zone_7A Very cold Humid,urb,q2,2015,0.09580166482064509
C-WEU-FRA,Zone_4C Mixed Marine,rur,q2,2015,0.09580166482064509
C-WEU-FRA,Zone_4C Mixed Marine,urb,q2,2015,0.09580166482064509
C-WEU-FRA,Zone_3C Warm Marine,rur,q2,2015,0.09580166482064509
C-WEU-FRA,Zone_3C Warm Marine,urb,q2,2015,0.09580166482064509
C-WEU-FRA,Zone_1A Very hot Humid,rur,q2,2015,0.09580166482064509
C-WEU-FRA,Zone_1A Very hot Humid,urb,q2,2015,0.09580166482064509
C-WEU-FRA,Zone_2A Hot Humid,rur,q2,2015,0.09580166482064509
C-WEU-FRA,Zone_2A Hot Humid,urb,q2,2015,0.09580166482064509
C-WEU-FRA,Zone_0A Extremely hot Humid,rur,q2,2015,0.09580166482064509
C-WEU-FRA,Zone_0A Extremely hot Humid,urb,q2,2015,0.09580166482064509
C-EEU-HRV,Zone_4A Mixed Humid,rur,q2,2015,0.29964053081146536
C-EEU-HRV,Zone_4A Mixed Humid,urb,q2,2015,0.29964053081146536
C-EEU-HRV,Zone_5A Cool Humid,rur,q2,2015,0.29964053081146536
C-EEU-HRV,Zone_5A Cool Humid,urb,q2,2015,0.29964053081146536
C-EEU-HRV,Zone_4C Mixed Marine,rur,q2,2015,0.29964053081146536
C-EEU-HRV,Zone_4C Mixed Marine,urb,q2,2015,0.29964053081146536
C-EEU-HRV,Zone_3A Warm Humid,rur,q2,2015,0.29964053081146536
C-EEU-HRV,Zone_3A Warm Humid,urb,q2,2015,0.29964053081146536
C-EEU-HUN,Zone_4A Mixed Humid,rur,q2,2015,0.2516286152426615
C-EEU-HUN,Zone_4A Mixed Humid,urb,q2,2015,0.2516286152426615
C-EEU-HUN,Zone_5A Cool Humid,rur,q2,2015,0.2516286152426615
C-EEU-HUN,Zone_5A Cool Humid,urb,q2,2015,0.2516286152426615
C-WEU-IRL,Zone_5A Cool Humid,rur,q2,2015,0.0498961766268
C-WEU-IRL,Zone_5A Cool Humid,urb,q2,2015,0.0498961766268
C-WEU-IRL,Zone_4A Mixed Humid,rur,q2,2015,0.0498961766268
C-WEU-IRL,Zone_4A Mixed Humid,urb,q2,2015,0.0498961766268
C-WEU-ITA,Zone_4A Mixed Humid,rur,q2,2015,0.3924387207552744
C-WEU-ITA,Zone_4A Mixed Humid,urb,q2,2015,0.3924387207552744
C-WEU-ITA,Zone_5A Cool Humid,rur,q2,2015,0.3924387207552744
C-WEU-ITA,Zone_5A Cool Humid,urb,q2,2015,0.3924387207552744
C-WEU-ITA,Zone_7A Very cold Humid,rur,q2,2015,0.3924387207552744
C-WEU-ITA,Zone_7A Very cold Humid,urb,q2,2015,0.3924387207552744
C-WEU-ITA,Zone_6A Cold Humid,rur,q2,2015,0.3924387207552744
C-WEU-ITA,Zone_6A Cold Humid,urb,q2,2015,0.3924387207552744
C-WEU-ITA,Zone_3A Warm Humid,rur,q2,2015,0.3924387207552744
C-WEU-ITA,Zone_3A Warm Humid,urb,q2,2015,0.3924387207552744
C-WEU-ITA,Zone_4C Mixed Marine,rur,q2,2015,0.3924387207552744
C-WEU-ITA,Zone_4C Mixed Marine,urb,q2,2015,0.3924387207552744
C-WEU-ITA,Zone_5C Cool Marine,rur,q2,2015,0.3924387207552744
C-WEU-ITA,Zone_5C Cool Marine,urb,q2,2015,0.3924387207552744
C-EEU-LTU,Zone_6A Cold Humid,rur,q2,2015,0.10823658493080002
C-EEU-LTU,Zone_6A Cold Humid,urb,q2,2015,0.10823658493080002
C-EEU-LTU,Zone_5A Cool Humid,rur,q2,2015,0.10823658493080002
C-EEU-LTU,Zone_5A Cool Humid,urb,q2,2015,0.10823658493080002
C-WEU-LUX,Zone_5A Cool Humid,rur,q2,2015,0.17272674911100003
C-WEU-LUX,Zone_5A Cool Humid,urb,q2,2015,0.17272674911100003
C-EEU-LVA,Zone_6A Cold Humid,rur,q2,2015,0.0705203233997
C-EEU-LVA,Zone_6A Cold Humid,urb,q2,2015,0.0705203233997
C-WEU-MLT,Zone_3A Warm Humid,rur,q2,2015,0.8162168132740001
C-WEU-MLT,Zone_3A Warm Humid,urb,q2,2015,0.8162168132740001
C-WEU-NLD,Zone_5A Cool Humid,rur,q2,2015,0.15503706439280648
C-WEU-NLD,Zone_5A Cool Humid,urb,q2,2015,0.15503706439280648
C-WEU-NLD,Zone_4A Mixed Humid,rur,q2,2015,0.15503706439280648
C-WEU-NLD,Zone_4A Mixed Humid,urb,q2,2015,0.15503706439280648
C-EEU-POL,Zone_5A Cool Humid,rur,q2,2015,0.149543616967
C-EEU-POL,Zone_5A Cool Humid,urb,q2,2015,0.149543616967
C-EEU-POL,Zone_6A Cold Humid,rur,q2,2015,0.149543616967
C-EEU-POL,Zone_6A Cold Humid,urb,q2,2015,0.149543616967
C-WEU-PRT,Zone_3C Warm Marine,rur,q2,2015,0.3691099200299945
C-WEU-PRT,Zone_3C Warm Marine,urb,q2,2015,0.3691099200299945
C-WEU-PRT,Zone_4C Mixed Marine,rur,q2,2015,0.3691099200299945
C-WEU-PRT,Zone_4C Mixed Marine,urb,q2,2015,0.3691099200299945
C-WEU-PRT,Zone_4A Mixed Humid,rur,q2,2015,0.3691099200299945
C-WEU-PRT,Zone_4A Mixed Humid,urb,q2,2015,0.3691099200299945
C-WEU-PRT,Zone_3A Warm Humid,rur,q2,2015,0.3691099200299945
C-WEU-PRT,Zone_3A Warm Humid,urb,q2,2015,0.3691099200299945
C-EEU-ROU,Zone_5A Cool Humid,rur,q2,2015,0.0887025297310034
C-EEU-ROU,Zone_5A Cool Humid,urb,q2,2015,0.0887025297310034
C-EEU-ROU,Zone_6A Cold Humid,rur,q2,2015,0.0887025297310034
C-EEU-ROU,Zone_6A Cold Humid,urb,q2,2015,0.0887025297310034
C-EEU-ROU,Zone_4A Mixed Humid,rur,q2,2015,0.0887025297310034
C-EEU-ROU,Zone_4A Mixed Humid,urb,q2,2015,0.0887025297310034
C-WEU-SWE,Zone_6A Cold Humid,rur,q2,2015,0.11679175253272332
C-WEU-SWE,Zone_6A Cold Humid,urb,q2,2015,0.11679175253272332
C-WEU-SWE,Zone_5A Cool Humid,rur,q2,2015,0.11679175253272332
C-WEU-SWE,Zone_5A Cool Humid,urb,q2,2015,0.11679175253272332
C-WEU-SWE,Zone_7A Very cold Humid,rur,q2,2015,0.11679175253272332
C-WEU-SWE,Zone_7A Very cold Humid,urb,q2,2015,0.11679175253272332
C-WEU-SWE,Zone_8A Subarctic/arctic Humid,rur,q2,2015,0.11679175253272332
C-WEU-SWE,Zone_8A Subarctic/arctic Humid,urb,q2,2015,0.11679175253272332
C-EEU-SVN,Zone_4A Mixed Humid,rur,q2,2015,0.1267917041683237
C-EEU-SVN,Zone_4A Mixed Humid,urb,q2,2015,0.1267917041683237
C-EEU-SVN,Zone_5A Cool Humid,rur,q2,2015,0.1267917041683237
C-EEU-SVN,Zone_5A Cool Humid,urb,q2,2015,0.1267917041683237
C-EEU-SVN,Zone_7A Very cold Humid,rur,q2,2015,0.1267917041683237
C-EEU-SVN,Zone_7A Very cold Humid,urb,q2,2015,0.1267917041683237
C-EEU-SVK,Zone_5A Cool Humid,rur,q2,2015,0.17996790171903732
C-EEU-SVK,Zone_5A Cool Humid,urb,q2,2015,0.17996790171903732
C-EEU-SVK,Zone_6A Cold Humid,rur,q2,2015,0.17996790171903732
C-EEU-SVK,Zone_6A Cold Humid,urb,q2,2015,0.17996790171903732
C-WEU-AUT,Zone_5A Cool Humid,rur,q3,2015,0.2218692405128942
C-WEU-AUT,Zone_5A Cool Humid,urb,q3,2015,0.2218692405128942
C-WEU-AUT,Zone_4A Mixed Humid,rur,q3,2015,0.2218692405128942
C-WEU-AUT,Zone_4A Mixed Humid,urb,q3,2015,0.2218692405128942
C-WEU-AUT,Zone_6A Cold Humid,rur,q3,2015,0.2218692405128942
C-WEU-AUT,Zone_6A Cold Humid,urb,q3,2015,0.2218692405128942
C-WEU-AUT,Zone_7A Very cold Humid,rur,q3,2015,0.2218692405128942
C-WEU-AUT,Zone_7A Very cold Humid,urb,q3,2015,0.2218692405128942
C-WEU-BEL,Zone_4A Mixed Humid,rur,q3,2015,0.1941783497085
C-WEU-BEL,Zone_4A Mixed Humid,urb,q3,2015,0.1941783497085
C-WEU-BEL,Zone_5A Cool Humid,rur,q3,2015,0.1941783497085
C-WEU-BEL,Zone_5A Cool Humid,urb,q3,2015,0.1941783497085
C-EEU-BGR,Zone_4A Mixed Humid,rur,q3,2015,0.4036473542038068
C-EEU-BGR,Zone_4A Mixed Humid,urb,q3,2015,0.4036473542038068
C-EEU-BGR,Zone_5A Cool Humid,rur,q3,2015,0.4036473542038068
C-EEU-BGR,Zone_5A Cool Humid,urb,q3,2015,0.4036473542038068
C-WEU-CYP,Zone_3A Warm Humid,rur,q3,2015,0.81967664855
C-WEU-CYP,Zone_3A Warm Humid,urb,q3,2015,0.81967664855
C-EEU-CZE,Zone_5A Cool Humid,rur,q3,2015,0.21132617039999999
C-EEU-CZE,Zone_5A Cool Humid,urb,q3,2015,0.21132617039999999
C-WEU-DEU,Zone_5A Cool Humid,rur,q3,2015,0.23375740989193397
C-WEU-DEU,Zone_5A Cool Humid,urb,q3,2015,0.23375740989193397
C-WEU-DEU,Zone_4A Mixed Humid,rur,q3,2015,0.23375740989193397
C-WEU-DEU,Zone_4A Mixed Humid,urb,q3,2015,0.23375740989193397
C-WEU-DEU,Zone_6A Cold Humid,rur,q3,2015,0.23375740989193397
C-WEU-DEU,Zone_6A Cold Humid,urb,q3,2015,0.23375740989193397
C-WEU-DNK,Zone_5A Cool Humid,rur,q3,2015,0.11833969273600001
C-WEU-DNK,Zone_5A Cool Humid,urb,q3,2015,0.11833969273600001
C-EEU-EST,Zone_6A Cold Humid,rur,q3,2015,0.10161365968000001
C-EEU-EST,Zone_6A Cold Humid,urb,q3,2015,0.10161365968000001
C-WEU-GRC,Zone_3A Warm Humid,rur,q3,2015,0.6912092751615107
C-WEU-GRC,Zone_3A Warm Humid,urb,q3,2015,0.6912092751615107
C-WEU-GRC,Zone_4A Mixed Humid,rur,q3,2015,0.6912092751615107
C-WEU-GRC,Zone_4A Mixed Humid,urb,q3,2015,0.6912092751615107
C-WEU-GRC,Zone_4C Mixed Marine,rur,q3,2015,0.6912092751615107
C-WEU-GRC,Zone_4C Mixed Marine,urb,q3,2015,0.6912092751615107
C-WEU-GRC,Zone_5C Cool Marine,rur,q3,2015,0.6912092751615107
C-WEU-GRC,Zone_5C Cool Marine,urb,q3,2015,0.6912092751615107
C-WEU-GRC,Zone_5A Cool Humid,rur,q3,2015,0.6912092751615107
C-WEU-GRC,Zone_5A Cool Humid,urb,q3,2015,0.6912092751615107
C-WEU-ESP,Zone_3C Warm Marine,rur,q3,2015,0.631446081244717
C-WEU-ESP,Zone_3C Warm Marine,urb,q3,2015,0.631446081244717
C-WEU-ESP,Zone_4C Mixed Marine,rur,q3,2015,0.631446081244717
C-WEU-ESP,Zone_4C Mixed Marine,urb,q3,2015,0.631446081244717
C-WEU-ESP,Zone_4A Mixed Humid,rur,q3,2015,0.631446081244717
C-WEU-ESP,Zone_4A Mixed Humid,urb,q3,2015,0.631446081244717
C-WEU-ESP,Zone_3A Warm Humid,rur,q3,2015,0.631446081244717
C-WEU-ESP,Zone_3A Warm Humid,urb,q3,2015,0.631446081244717
C-WEU-ESP,Zone_3B Warm Dry,rur,q3,2015,0.631446081244717
C-WEU-ESP,Zone_3B Warm Dry,urb,q3,2015,0.631446081244717
C-WEU-ESP,Zone_2B Hot Dry,rur,q3,2015,0.631446081244717
C-WEU-ESP,Zone_2B Hot Dry,urb,q3,2015,0.631446081244717
C-WEU-FIN,Zone_6A Cold Humid,rur,q3,2015,0.09025502694680165
C-WEU-FIN,Zone_6A Cold Humid,urb,q3,2015,0.09025502694680165
C-WEU-FIN,Zone_7A Very cold Humid,rur,q3,2015,0.09025502694680165
C-WEU-FIN,Zone_7A Very cold Humid,urb,q3,2015,0.09025502694680165
C-WEU-FRA,Zone_4A Mixed Humid,rur,q3,2015,0.1010145015912194
C-WEU-FRA,Zone_4A Mixed Humid,urb,q3,2015,0.1010145015912194
C-WEU-FRA,Zone_5A Cool Humid,rur,q3,2015,0.1010145015912194
C-WEU-FRA,Zone_5A Cool Humid,urb,q3,2015,0.1010145015912194
C-WEU-FRA,Zone_3A Warm Humid,rur,q3,2015,0.1010145015912194
C-WEU-FRA,Zone_3A Warm Humid,urb,q3,2015,0.1010145015912194
C-WEU-FRA,Zone_7A Very cold Humid,rur,q3,2015,0.1010145015912194
C-WEU-FRA,Zone_7A Very cold Humid,urb,q3,2015,0.1010145015912194
C-WEU-FRA,Zone_4C Mixed Marine,rur,q3,2015,0.1010145015912194
C-WEU-FRA,Zone_4C Mixed Marine,urb,q3,2015,0.1010145015912194
C-WEU-FRA,Zone_3C Warm Marine,rur,q3,2015,0.1010145015912194
C-WEU-FRA,Zone_3C Warm Marine,urb,q3,2015,0.1010145015912194
C-WEU-FRA,Zone_1A Very hot Humid,rur,q3,2015,0.1010145015912194
C-WEU-FRA,Zone_1A Very hot Humid,urb,q3,2015,0.1010145015912194
C-WEU-FRA,Zone_2A Hot Humid,rur,q3,2015,0.1010145015912194
C-WEU-FRA,Zone_2A Hot Humid,urb,q3,2015,0.1010145015912194
C-WEU-FRA,Zone_0A Extremely hot Humid,rur,q3,2015,0.1010145015912194
C-WEU-FRA,Zone_0A Extremely hot Humid,urb,q3,2015,0.1010145015912194
C-EEU-HRV,Zone_4A Mixed Humid,rur,q3,2015,0.3603679455175046
C-EEU-HRV,Zone_4A Mixed Humid,urb,q3,2015,0.3603679455175046
C-EEU-HRV,Zone_5A Cool Humid,rur,q3,2015,0.3603679455175046
C-EEU-HRV,Zone_5A Cool Humid,urb,q3,2015,0.3603679455175046
C-EEU-HRV,Zone_4C Mixed Marine,rur,q3,2015,0.3603679455175046
C-EEU-HRV,Zone_4C Mixed Marine,urb,q3,2015,0.3603679455175046
C-EEU-HRV,Zone_3A Warm Humid,rur,q3,2015,0.3603679455175046
C-EEU-HRV,Zone_3A Warm Humid,urb,q3,2015,0.3603679455175046
C-EEU-HUN,Zone_4A Mixed Humid,rur,q3,2015,0.3887050734029502
C-EEU-HUN,Zone_4A Mixed Humid,urb,q3,2015,0.3887050734029502
C-EEU-HUN,Zone_5A Cool Humid,rur,q3,2015,0.3887050734029502
C-EEU-HUN,Zone_5A Cool Humid,urb,q3,2015,0.3887050734029502
C-WEU-IRL,Zone_5A Cool Humid,rur,q3,2015,0.0518144741736
C-WEU-IRL,Zone_5A Cool Humid,urb,q3,2015,0.0518144741736
C-WEU-IRL,Zone_4A Mixed Humid,rur,q3,2015,0.0518144741736
C-WEU-IRL,Zone_4A Mixed Humid,urb,q3,2015,0.0518144741736
C-WEU-ITA,Zone_4A Mixed Humid,rur,q3,2015,0.44352778105361834
C-WEU-ITA,Zone_4A Mixed Humid,urb,q3,2015,0.44352778105361834
C-WEU-ITA,Zone_5A Cool Humid,rur,q3,2015,0.44352778105361834
C-WEU-ITA,Zone_5A Cool Humid,urb,q3,2015,0.44352778105361834
C-WEU-ITA,Zone_7A Very cold Humid,rur,q3,2015,0.44352778105361834
C-WEU-ITA,Zone_7A Very cold Humid,urb,q3,2015,0.44352778105361834
C-WEU-ITA,Zone_6A Cold Humid,rur,q3,2015,0.44352778105361834
C-WEU-ITA,Zone_6A Cold Humid,urb,q3,2015,0.44352778105361834
C-WEU-ITA,Zone_3A Warm Humid,rur,q3,2015,0.44352778105361834
C-WEU-ITA,Zone_3A Warm Humid,urb,q3,2015,0.44352778105361834
C-WEU-ITA,Zone_4C Mixed Marine,rur,q3,2015,0.44352778105361834
C-WEU-ITA,Zone_4C Mixed Marine,urb,q3,2015,0.44352778105361834
C-WEU-ITA,Zone_5C Cool Marine,rur,q3,2015,0.44352778105361834
C-WEU-ITA,Zone_5C Cool Marine,urb,q3,2015,0.44352778105361834
C-EEU-LTU,Zone_6A Cold Humid,rur,q3,2015,0.16881434261
C-EEU-LTU,Zone_6A Cold Humid,urb,q3,2015,0.16881434261
C-EEU-LTU,Zone_5A Cool Humid,rur,q3,2015,0.16881434261
C-EEU-LTU,Zone_5A Cool Humid,urb,q3,2015,0.16881434261
C-WEU-LUX,Zone_5A Cool Humid,rur,q3,2015,0.17273690000000003
C-WEU-LUX,Zone_5A Cool Humid,urb,q3,2015,0.17273690000000003
C-EEU-LVA,Zone_6A Cold Humid,rur,q3,2015,0.133567235279
C-EEU-LVA,Zone_6A Cold Humid,urb,q3,2015,0.133567235279
C-WEU-MLT,Zone_3A Warm Humid,rur,q3,2015,0.880893650702
C-WEU-MLT,Zone_3A Warm Humid,urb,q3,2015,0.880893650702
C-WEU-NLD,Zone_5A Cool Humid,rur,q3,2015,0.15660608057902595
C-WEU-NLD,Zone_5A Cool Humid,urb,q3,2015,0.15660608057902595
C-WEU-NLD,Zone_4A Mixed Humid,rur,q3,2015,0.15660608057902595
C-WEU-NLD,Zone_4A Mixed Humid,urb,q3,2015,0.15660608057902595
C-EEU-POL,Zone_5A Cool Humid,rur,q3,2015,0.22816900991000003
C-EEU-POL,Zone_5A Cool Humid,urb,q3,2015,0.22816900991000003
C-EEU-POL,Zone_6A Cold Humid,rur,q3,2015,0.22816900991000003
C-EEU-POL,Zone_6A Cold Humid,urb,q3,2015,0.22816900991000003
C-WEU-PRT,Zone_3C Warm Marine,rur,q3,2015,0.5179627673423635
C-WEU-PRT,Zone_3C Warm Marine,urb,q3,2015,0.5179627673423635
C-WEU-PRT,Zone_4C Mixed Marine,rur,q3,2015,0.5179627673423635
C-WEU-PRT,Zone_4C Mixed Marine,urb,q3,2015,0.5179627673423635
C-WEU-PRT,Zone_4A Mixed Humid,rur,q3,2015,0.5179627673423635
C-WEU-PRT,Zone_4A Mixed Humid,urb,q3,2015,0.5179627673423635
C-WEU-PRT,Zone_3A Warm Humid,rur,q3,2015,0.5179627673423635
C-WEU-PRT,Zone_3A Warm Humid,urb,q3,2015,0.5179627673423635
C-EEU-ROU,Zone_5A Cool Humid,rur,q3,2015,0.24266554878070518
C-EEU-ROU,Zone_5A Cool Humid,urb,q3,2015,0.24266554878070518
C-EEU-ROU,Zone_6A Cold Humid,rur,q3,2015,0.24266554878070518
C-EEU-ROU,Zone_6A Cold Humid,urb,q3,2015,0.24266554878070518
C-EEU-ROU,Zone_4A Mixed Humid,rur,q3,2015,0.24266554878070518
C-EEU-ROU,Zone_4A Mixed Humid,urb,q3,2015,0.24266554878070518
C-WEU-SWE,Zone_6A Cold Humid,rur,q3,2015,0.11866334030885417
C-WEU-SWE,Zone_6A Cold Humid,urb,q3,2015,0.11866334030885417
C-WEU-SWE,Zone_5A Cool Humid,rur,q3,2015,0.11866334030885417
C-WEU-SWE,Zone_5A Cool Humid,urb,q3,2015,0.11866334030885417
C-WEU-SWE,Zone_7A Very cold Humid,rur,q3,2015,0.11866334030885417
C-WEU-SWE,Zone_7A Very cold Humid,urb,q3,2015,0.11866334030885417
C-WEU-SWE,Zone_8A Subarctic/arctic Humid,rur,q3,2015,0.11866334030885417
C-WEU-SWE,Zone_8A Subarctic/arctic Humid,urb,q3,2015,0.11866334030885417
C-EEU-SVN,Zone_4A Mixed Humid,rur,q3,2015,0.15369342043003906
C-EEU-SVN,Zone_4A Mixed Humid,urb,q3,2015,0.15369342043003906
C-EEU-SVN,Zone_5A Cool Humid,rur,q3,2015,0.15369342043003906
C-EEU-SVN,Zone_5A Cool Humid,urb,q3,2015,0.15369342043003906
C-EEU-SVN,Zone_7A Very cold Humid,rur,q3,2015,0.15369342043003906
C-EEU-SVN,Zone_7A Very cold Humid,urb,q3,2015,0.15369342043003906
C-EEU-SVK,Zone_5A Cool Humid,rur,q3,2015,0.24092187079210664
C-EEU-SVK,Zone_5A Cool Humid,urb,q3,2015,0.24092187079210664
C-EEU-SVK,Zone_6A Cold Humid,rur,q3,2015,0.24092187079210664
C-EEU-SVK,Zone_6A Cold Humid,urb,q3,2015,0.24092187079210664
C-WEU-AUT,Zone_5A Cool Humid,rur,q1,2020,0.19179330746049042
C-WEU-AUT,Zone_5A Cool Humid,urb,q1,2020,0.19179330746049042
C-WEU-AUT,Zone_4A Mixed Humid,rur,q1,2020,0.19179330746049042
C-WEU-AUT,Zone_4A Mixed Humid,urb,q1,2020,0.19179330746049042
C-WEU-AUT,Zone_6A Cold Humid,rur,q1,2020,0.19179330746049042
C-WEU-AUT,Zone_6A Cold Humid,urb,q1,2020,0.19179330746049042
C-WEU-AUT,Zone_7A Very cold Humid,rur,q1,2020,0.19179330746049042
C-WEU-AUT,Zone_7A Very cold Humid,urb,q1,2020,0.19179330746049042
C-WEU-BEL,Zone_4A Mixed Humid,rur,q1,2020,0.1752827245175
C-WEU-BEL,Zone_4A Mixed Humid,urb,q1,2020,0.1752827245175
C-WEU-BEL,Zone_5A Cool Humid,rur,q1,2020,0.1752827245175
C-WEU-BEL,Zone_5A Cool Humid,urb,q1,2020,0.1752827245175
C-EEU-BGR,Zone_4A Mixed Humid,rur,q1,2020,0.05763151136512364
C-EEU-BGR,Zone_4A Mixed Humid,urb,q1,2020,0.05763151136512364
C-EEU-BGR,Zone_5A Cool Humid,rur,q1,2020,0.05763151136512364
C-EEU-BGR,Zone_5A Cool Humid,urb,q1,2020,0.05763151136512364
C-WEU-CYP,Zone_3A Warm Humid,rur,q1,2020,0.15808514591499997
C-WEU-CYP,Zone_3A Warm Humid,urb,q1,2020,0.15808514591499997
C-EEU-CZE,Zone_5A Cool Humid,rur,q1,2020,0.13572467652
C-EEU-CZE,Zone_5A Cool Humid,urb,q1,2020,0.13572467652
C-WEU-DEU,Zone_5A Cool Humid,rur,q1,2020,0.1885694960170676
C-WEU-DEU,Zone_5A Cool Humid,urb,q1,2020,0.1885694960170676
C-WEU-DEU,Zone_4A Mixed Humid,rur,q1,2020,0.1885694960170676
C-WEU-DEU,Zone_4A Mixed Humid,urb,q1,2020,0.1885694960170676
C-WEU-DEU,Zone_6A Cold Humid,rur,q1,2020,0.1885694960170676
C-WEU-DEU,Zone_6A Cold Humid,urb,q1,2020,0.1885694960170676
C-WEU-DNK,Zone_5A Cool Humid,rur,q1,2020,0.1038986805664
C-WEU-DNK,Zone_5A Cool Humid,urb,q1,2020,0.1038986805664
C-EEU-EST,Zone_6A Cold Humid,rur,q1,2020,0.033334051600000005
C-EEU-EST,Zone_6A Cold Humid,urb,q1,2020,0.033334051600000005
C-WEU-GRC,Zone_3A Warm Humid,rur,q1,2020,0.26669240316916343
C-WEU-GRC,Zone_3A Warm Humid,urb,q1,2020,0.26669240316916343
C-WEU-GRC,Zone_4A Mixed Humid,rur,q1,2020,0.26669240316916343
C-WEU-GRC,Zone_4A Mixed Humid,urb,q1,2020,0.26669240316916343
C-WEU-GRC,Zone_4C Mixed Marine,rur,q1,2020,0.26669240316916343
C-WEU-GRC,Zone_4C Mixed Marine,urb,q1,2020,0.26669240316916343
C-WEU-GRC,Zone_5C Cool Marine,rur,q1,2020,0.26669240316916343
C-WEU-GRC,Zone_5C Cool Marine,urb,q1,2020,0.26669240316916343
C-WEU-GRC,Zone_5A Cool Humid,rur,q1,2020,0.26669240316916343
C-WEU-GRC,Zone_5A Cool Humid,urb,q1,2020,0.26669240316916343
C-WEU-ESP,Zone_3C Warm Marine,rur,q1,2020,0.33011256206503947
C-WEU-ESP,Zone_3C Warm Marine,urb,q1,2020,0.33011256206503947
C-WEU-ESP,Zone_4C Mixed Marine,rur,q1,2020,0.33011256206503947
C-WEU-ESP,Zone_4C Mixed Marine,urb,q1,2020,0.33011256206503947
C-WEU-ESP,Zone_4A Mixed Humid,rur,q1,2020,0.33011256206503947
C-WEU-ESP,Zone_4A Mixed Humid,urb,q1,2020,0.33011256206503947
C-WEU-ESP,Zone_3A Warm Humid,rur,q1,2020,0.33011256206503947
C-WEU-ESP,Zone_3A Warm Humid,urb,q1,2020,0.33011256206503947
C-WEU-ESP,Zone_3B Warm Dry,rur,q1,2020,0.33011256206503947
C-WEU-ESP,Zone_3B Warm Dry,urb,q1,2020,0.33011256206503947
C-WEU-ESP,Zone_2B Hot Dry,rur,q1,2020,0.33011256206503947
C-WEU-ESP,Zone_2B Hot Dry,urb,q1,2020,0.33011256206503947
C-WEU-FIN,Zone_6A Cold Humid,rur,q1,2020,0.07725705037153109
C-WEU-FIN,Zone_6A Cold Humid,urb,q1,2020,0.07725705037153109
C-WEU-FIN,Zone_7A Very cold Humid,rur,q1,2020,0.07725705037153109
C-WEU-FIN,Zone_7A Very cold Humid,urb,q1,2020,0.07725705037153109
C-WEU-FRA,Zone_4A Mixed Humid,rur,q1,2020,0.11074696289932016
C-WEU-FRA,Zone_4A Mixed Humid,urb,q1,2020,0.11074696289932016
C-WEU-FRA,Zone_5A Cool Humid,rur,q1,2020,0.11074696289932016
C-WEU-FRA,Zone_5A Cool Humid,urb,q1,2020,0.11074696289932016
C-WEU-FRA,Zone_3A Warm Humid,rur,q1,2020,0.11074696289932016
C-WEU-FRA,Zone_3A Warm Humid,urb,q1,2020,0.11074696289932016
C-WEU-FRA,Zone_7A Very cold Humid,rur,q1,2020,0.11074696289932016
C-WEU-FRA,Zone_7A Very cold Humid,urb,q1,2020,0.11074696289932016
C-WEU-FRA,Zone_4C Mixed Marine,rur,q1,2020,0.11074696289932016
C-WEU-FRA,Zone_4C Mixed Marine,urb,q1,2020,0.11074696289932016
C-WEU-FRA,Zone_3C Warm Marine,rur,q1,2020,0.11074696289932016
C-WEU-FRA,Zone_3C Warm Marine,urb,q1,2020,0.11074696289932016
C-WEU-FRA,Zone_1A Very hot Humid,rur,q1,2020,0.11074696289932016
C-WEU-FRA,Zone_1A Very hot Humid,urb,q1,2020,0.11074696289932016
C-WEU-FRA,Zone_2A Hot Humid,rur,q1,2020,0.11074696289932016
C-WEU-FRA,Zone_2A Hot Humid,urb,q1,2020,0.11074696289932016
C-WEU-FRA,Zone_0A Extremely hot Humid,rur,q1,2020,0.11074696289932016
C-WEU-FRA,Zone_0A Extremely hot Humid,urb,q1,2020,0.11074696289932016
C-EEU-HRV,Zone_4A Mixed Humid,rur,q1,2020,0.1602232466885308
C-EEU-HRV,Zone_4A Mixed Humid,urb,q1,2020,0.1602232466885308
C-EEU-HRV,Zone_5A Cool Humid,rur,q1,2020,0.1602232466885308
C-EEU-HRV,Zone_5A Cool Humid,urb,q1,2020,0.1602232466885308
C-EEU-HRV,Zone_4C Mixed Marine,rur,q1,2020,0.1602232466885308
C-EEU-HRV,Zone_4C Mixed Marine,urb,q1,2020,0.1602232466885308
C-EEU-HRV,Zone_3A Warm Humid,rur,q1,2020,0.1602232466885308
C-EEU-HRV,Zone_3A Warm Humid,urb,q1,2020,0.1602232466885308
C-EEU-HUN,Zone_4A Mixed Humid,rur,q1,2020,0.111789175307075
C-EEU-HUN,Zone_4A Mixed Humid,urb,q1,2020,0.111789175307075
C-EEU-HUN,Zone_5A Cool Humid,rur,q1,2020,0.111789175307075
C-EEU-HUN,Zone_5A Cool Humid,urb,q1,2020,0.111789175307075
C-WEU-IRL,Zone_5A Cool Humid,rur,q1,2020,0.038504390613200004
C-WEU-IRL,Zone_5A Cool Humid,urb,q1,2020,0.038504390613200004
C-WEU-IRL,Zone_4A Mixed Humid,rur,q1,2020,0.038504390613200004
C-WEU-IRL,Zone_4A Mixed Humid,urb,q1,2020,0.038504390613200004
C-WEU-ITA,Zone_4A Mixed Humid,rur,q1,2020,0.2468381905764207
C-WEU-ITA,Zone_4A Mixed Humid,urb,q1,2020,0.2468381905764207
C-WEU-ITA,Zone_5A Cool Humid,rur,q1,2020,0.2468381905764207
C-WEU-ITA,Zone_5A Cool Humid,urb,q1,2020,0.2468381905764207
C-WEU-ITA,Zone_7A Very cold Humid,rur,q1,2020,0.2468381905764207
C-WEU-ITA,Zone_7A Very cold Humid,urb,q1,2020,0.2468381905764207
C-WEU-ITA,Zone_6A Cold Humid,rur,q1,2020,0.2468381905764207
C-WEU-ITA,Zone_6A Cold Humid,urb,q1,2020,0.2468381905764207
C-WEU-ITA,Zone_3A Warm Humid,rur,q1,2020,0.2468381905764207
C-WEU-ITA,Zone_3A Warm Humid,urb,q1,2020,0.2468381905764207
C-WEU-ITA,Zone_4C Mixed Marine,rur,q1,2020,0.2468381905764207
C-WEU-ITA,Zone_4C Mixed Marine,urb,q1,2020,0.2468381905764207
C-WEU-ITA,Zone_5C Cool Marine,rur,q1,2020,0.2468381905764207
C-WEU-ITA,Zone_5C Cool Marine,urb,q1,2020,0.2468381905764207
C-EEU-LTU,Zone_6A Cold Humid,rur,q1,2020,0.041173264765
C-EEU-LTU,Zone_6A Cold Humid,urb,q1,2020,0.041173264765
C-EEU-LTU,Zone_5A Cool Humid,rur,q1,2020,0.041173264765
C-EEU-LTU,Zone_5A Cool Humid,urb,q1,2020,0.041173264765
C-WEU-LUX,Zone_5A Cool Humid,rur,q1,2020,0.17220934307400002
C-WEU-LUX,Zone_5A Cool Humid,urb,q1,2020,0.17220934307400002
C-EEU-LVA,Zone_6A Cold Humid,rur,q1,2020,0.025629620197699998
C-EEU-LVA,Zone_6A Cold Humid,urb,q1,2020,0.025629620197699998
C-WEU-MLT,Zone_3A Warm Humid,rur,q1,2020,0.549762854006
C-WEU-MLT,Zone_3A Warm Humid,urb,q1,2020,0.549762854006
C-WEU-NLD,Zone_5A Cool Humid,rur,q1,2020,0.14364423120818712
C-WEU-NLD,Zone_5A Cool Humid,urb,q1,2020,0.14364423120818712
C-WEU-NLD,Zone_4A Mixed Humid,rur,q1,2020,0.14364423120818712
C-WEU-NLD,Zone_4A Mixed Humid,urb,q1,2020,0.14364423120818712
C-EEU-POL,Zone_5A Cool Humid,rur,q1,2020,0.055560569750000004
C-EEU-POL,Zone_5A Cool Humid,urb,q1,2020,0.055560569750000004
C-EEU-POL,Zone_6A Cold Humid,rur,q1,2020,0.055560569750000004
C-EEU-POL,Zone_6A Cold Humid,urb,q1,2020,0.055560569750000004
C-WEU-PRT,Zone_3C Warm Marine,rur,q1,2020,0.12953017488905783
C-WEU-PRT,Zone_3C Warm Marine,urb,q1,2020,0.12953017488905783
C-WEU-PRT,Zone_4C Mixed Marine,rur,q1,2020,0.12953017488905783
C-WEU-PRT,Zone_4C Mixed Marine,urb,q1,2020,0.12953017488905783
C-WEU-PRT,Zone_4A Mixed Humid,rur,q1,2020,0.12953017488905783
C-WEU-PRT,Zone_4A Mixed Humid,urb,q1,2020,0.12953017488905783
C-WEU-PRT,Zone_3A Warm Humid,rur,q1,2020,0.12953017488905783
C-WEU-PRT,Zone_3A Warm Humid,urb,q1,2020,0.12953017488905783
C-EEU-ROU,Zone_5A Cool Humid,rur,q1,2020,0.045190283491952414
C-EEU-ROU,Zone_5A Cool Humid,urb,q1,2020,0.045190283491952414
C-EEU-ROU,Zone_6A Cold Humid,rur,q1,2020,0.045190283491952414
C-EEU-ROU,Zone_6A Cold Humid,urb,q1,2020,0.045190283491952414
C-EEU-ROU,Zone_4A Mixed Humid,rur,q1,2020,0.045190283491952414
C-EEU-ROU,Zone_4A Mixed Humid,urb,q1,2020,0.045190283491952414
C-WEU-SWE,Zone_6A Cold Humid,rur,q1,2020,0.10544248387484646
C-WEU-SWE,Zone_6A Cold Humid,urb,q1,2020,0.10544248387484646
C-WEU-SWE,Zone_5A Cool Humid,rur,q1,2020,0.10544248387484646
C-WEU-SWE,Zone_5A Cool Humid,urb,q1,2020,0.10544248387484646
C-WEU-SWE,Zone_7A Very cold Humid,rur,q1,2020,0.10544248387484646
C-WEU-SWE,Zone_7A Very cold Humid,urb,q1,2020,0.10544248387484646
C-WEU-SWE,Zone_8A Subarctic/arctic Humid,rur,q1,2020,0.10544248387484646
C-WEU-SWE,Zone_8A Subarctic/arctic Humid,urb,q1,2020,0.10544248387484646
C-EEU-SVN,Zone_4A Mixed Humid,rur,q1,2020,0.08782169950484933
C-EEU-SVN,Zone_4A Mixed Humid,urb,q1,2020,0.08782169950484933
C-EEU-SVN,Zone_5A Cool Humid,rur,q1,2020,0.08782169950484933
C-EEU-SVN,Zone_5A Cool Humid,urb,q1,2020,0.08782169950484933
C-EEU-SVN,Zone_7A Very cold Humid,rur,q1,2020,0.08782169950484933
C-EEU-SVN,Zone_7A Very cold Humid,urb,q1,2020,0.08782169950484933
C-EEU-SVK,Zone_5A Cool Humid,rur,q1,2020,0.104493130257085
C-EEU-SVK,Zone_5A Cool Humid,urb,q1,2020,0.104493130257085
C-EEU-SVK,Zone_6A Cold Humid,rur,q1,2020,0.104493130257085
C-EEU-SVK,Zone_6A Cold Humid,urb,q1,2020,0.104493130257085
C-WEU-AUT,Zone_5A Cool Humid,rur,q2,2020,0.2190599962068968
C-WEU-AUT,Zone_5A Cool Humid,urb,q2,2020,0.2190599962068968
C-WEU-AUT,Zone_4A Mixed Humid,rur,q2,2020,0.2190599962068968
C-WEU-AUT,Zone_4A Mixed Humid,urb,q2,2020,0.2190599962068968
C-WEU-AUT,Zone_6A Cold Humid,rur,q2,2020,0.2190599962068968
C-WEU-AUT,Zone_6A Cold Humid,urb,q2,2020,0.2190599962068968
C-WEU-AUT,Zone_7A Very cold Humid,rur,q2,2020,0.2190599962068968
C-WEU-AUT,Zone_7A Very cold Humid,urb,q2,2020,0.2190599962068968
C-WEU-BEL,Zone_4A Mixed Humid,rur,q2,2020,0.1934464461952
C-WEU-BEL,Zone_4A Mixed Humid,urb,q2,2020,0.1934464461952
C-WEU-BEL,Zone_5A Cool Humid,rur,q2,2020,0.1934464461952
C-WEU-BEL,Zone_5A Cool Humid,urb,q2,2020,0.1934464461952
C-EEU-BGR,Zone_4A Mixed Humid,rur,q2,2020,0.2511372845810084
C-EEU-BGR,Zone_4A Mixed Humid,urb,q2,2020,0.2511372845810084
C-EEU-BGR,Zone_5A Cool Humid,rur,q2,2020,0.2511372845810084
C-EEU-BGR,Zone_5A Cool Humid,urb,q2,2020,0.2511372845810084
C-WEU-CYP,Zone_3A Warm Humid,rur,q2,2020,0.5267969332399999
C-WEU-CYP,Zone_3A Warm Humid,urb,q2,2020,0.5267969332399999
C-EEU-CZE,Zone_5A Cool Humid,rur,q2,2020,0.19814897999999997
C-EEU-CZE,Zone_5A Cool Humid,urb,q2,2020,0.19814897999999997
C-WEU-DEU,Zone_5A Cool Humid,rur,q2,2020,0.22965676203837243
C-WEU-DEU,Zone_5A Cool Humid,urb,q2,2020,0.22965676203837243
C-WEU-DEU,Zone_4A Mixed Humid,rur,q2,2020,0.22965676203837243
C-WEU-DEU,Zone_4A Mixed Humid,urb,q2,2020,0.22965676203837243
C-WEU-DEU,Zone_6A Cold Humid,rur,q2,2020,0.22965676203837243
C-WEU-DEU,Zone_6A Cold Humid,urb,q2,2020,0.22965676203837243
C-WEU-DNK,Zone_5A Cool Humid,rur,q2,2020,0.11663974512
C-WEU-DNK,Zone_5A Cool Humid,urb,q2,2020,0.11663974512
C-EEU-EST,Zone_6A Cold Humid,rur,q2,2020,0.08422692296
C-EEU-EST,Zone_6A Cold Humid,urb,q2,2020,0.08422692296
C-WEU-GRC,Zone_3A Warm Humid,rur,q2,2020,0.6026397890540829
C-WEU-GRC,Zone_3A Warm Humid,urb,q2,2020,0.6026397890540829
C-WEU-GRC,Zone_4A Mixed Humid,rur,q2,2020,0.6026397890540829
C-WEU-GRC,Zone_4A Mixed Humid,urb,q2,2020,0.6026397890540829
C-WEU-GRC,Zone_4C Mixed Marine,rur,q2,2020,0.6026397890540829
C-WEU-GRC,Zone_4C Mixed Marine,urb,q2,2020,0.6026397890540829
C-WEU-GRC,Zone_5C Cool Marine,rur,q2,2020,0.6026397890540829
C-WEU-GRC,Zone_5C Cool Marine,urb,q2,2020,0.6026397890540829
C-WEU-GRC,Zone_5A Cool Humid,rur,q2,2020,0.6026397890540829
C-WEU-GRC,Zone_5A Cool Humid,urb,q2,2020,0.6026397890540829
C-WEU-ESP,Zone_3C Warm Marine,rur,q2,2020,0.5820343877887886
C-WEU-ESP,Zone_3C Warm Marine,urb,q2,2020,0.5820343877887886
C-WEU-ESP,Zone_4C Mixed Marine,rur,q2,2020,0.5820343877887886
C-WEU-ESP,Zone_4C Mixed Marine,urb,q2,2020,0.5820343877887886
C-WEU-ESP,Zone_4A Mixed Humid,rur,q2,2020,0.5820343877887886
C-WEU-ESP,Zone_4A Mixed Humid,urb,q2,2020,0.5820343877887886
C-WEU-ESP,Zone_3A Warm Humid,rur,q2,2020,0.5820343877887886
C-WEU-ESP,Zone_3A Warm Humid,urb,q2,2020,0.5820343877887886
C-WEU-ESP,Zone_3B Warm Dry,rur,q2,2020,0.5820343877887886
C-WEU-ESP,Zone_3B Warm Dry,urb,q2,2020,0.5820343877887886
C-WEU-ESP,Zone_2B Hot Dry,rur,q2,2020,0.5820343877887886
C-WEU-ESP,Zone_2B Hot Dry,urb,q2,2020,0.5820343877887886
C-WEU-FIN,Zone_6A Cold Humid,rur,q2,2020,0.08871054336085911
C-WEU-FIN,Zone_6A Cold Humid,urb,q2,2020,0.08871054336085911
C-WEU-FIN,Zone_7A Very cold Humid,rur,q2,2020,0.08871054336085911
C-WEU-FIN,Zone_7A Very cold Humid,urb,q2,2020,0.08871054336085911
C-WEU-FRA,Zone_4A Mixed Humid,rur,q2,2020,0.14718767264084387
C-WEU-FRA,Zone_4A Mixed Humid,urb,q2,2020,0.14718767264084387
C-WEU-FRA,Zone_5A Cool Humid,rur,q2,2020,0.14718767264084387
C-WEU-FRA,Zone_5A Cool Humid,urb,q2,2020,0.14718767264084387
C-WEU-FRA,Zone_3A Warm Humid,rur,q2,2020,0.14718767264084387
C-WEU-FRA,Zone_3A Warm Humid,urb,q2,2020,0.14718767264084387
C-WEU-FRA,Zone_7A Very cold Humid,rur,q2,2020,0.14718767264084387
C-WEU-FRA,Zone_7A Very cold Humid,urb,q2,2020,0.14718767264084387
C-WEU-FRA,Zone_4C Mixed Marine,rur,q2,2020,0.14718767264084387
C-WEU-FRA,Zone_4C Mixed Marine,urb,q2,2020,0.14718767264084387
C-WEU-FRA,Zone_3C Warm Marine,rur,q2,2020,0.14718767264084387
C-WEU-FRA,Zone_3C Warm Marine,urb,q2,2020,0.14718767264084387
C-WEU-FRA,Zone_1A Very hot Humid,rur,q2,2020,0.14718767264084387
C-WEU-FRA,Zone_1A Very hot Humid,urb,q2,2020,0.14718767264084387
C-WEU-FRA,Zone_2A Hot Humid,rur,q2,2020,0.14718767264084387
C-WEU-FRA,Zone_2A Hot Humid,urb,q2,2020,0.14718767264084387
C-WEU-FRA,Zone_0A Extremely hot Humid,rur,q2,2020,0.14718767264084387
C-WEU-FRA,Zone_0A Extremely hot Humid,urb,q2,2020,0.14718767264084387
C-EEU-HRV,Zone_4A Mixed Humid,rur,q2,2020,0.3030152714721851
C-EEU-HRV,Zone_4A Mixed Humid,urb,q2,2020,0.3030152714721851
C-EEU-HRV,Zone_5A Cool Humid,rur,q2,2020,0.3030152714721851
C-EEU-HRV,Zone_5A Cool Humid,urb,q2,2020,0.3030152714721851
C-EEU-HRV,Zone_4C Mixed Marine,rur,q2,2020,0.3030152714721851
C-EEU-HRV,Zone_4C Mixed Marine,urb,q2,2020,0.3030152714721851
C-EEU-HRV,Zone_3A Warm Humid,rur,q2,2020,0.3030152714721851
C-EEU-HRV,Zone_3A Warm Humid,urb,q2,2020,0.3030152714721851
C-EEU-HUN,Zone_4A Mixed Humid,rur,q2,2020,0.28419753418128085
C-EEU-HUN,Zone_4A Mixed Humid,urb,q2,2020,0.28419753418128085
C-EEU-HUN,Zone_5A Cool Humid,rur,q2,2020,0.28419753418128085
C-EEU-HUN,Zone_5A Cool Humid,urb,q2,2020,0.28419753418128085
C-WEU-IRL,Zone_5A Cool Humid,rur,q2,2020,0.0504683990456
C-WEU-IRL,Zone_5A Cool Humid,urb,q2,2020,0.0504683990456
C-WEU-IRL,Zone_4A Mixed Humid,rur,q2,2020,0.0504683990456
C-WEU-IRL,Zone_4A Mixed Humid,urb,q2,2020,0.0504683990456
C-WEU-ITA,Zone_4A Mixed Humid,rur,q2,2020,0.42762836472405047
C-WEU-ITA,Zone_4A Mixed Humid,urb,q2,2020,0.42762836472405047
C-WEU-ITA,Zone_5A Cool Humid,rur,q2,2020,0.42762836472405047
C-WEU-ITA,Zone_5A Cool Humid,urb,q2,2020,0.42762836472405047
C-WEU-ITA,Zone_7A Very cold Humid,rur,q2,2020,0.42762836472405047
C-WEU-ITA,Zone_7A Very cold Humid,urb,q2,2020,0.42762836472405047
C-WEU-ITA,Zone_6A Cold Humid,rur,q2,2020,0.42762836472405047
C-WEU-ITA,Zone_6A Cold Humid,urb,q2,2020,0.42762836472405047
C-WEU-ITA,Zone_3A Warm Humid,rur,q2,2020,0.42762836472405047
C-WEU-ITA,Zone_3A Warm Humid,urb,q2,2020,0.42762836472405047
C-WEU-ITA,Zone_4C Mixed Marine,rur,q2,2020,0.42762836472405047
C-WEU-ITA,Zone_4C Mixed Marine,urb,q2,2020,0.42762836472405047
C-WEU-ITA,Zone_5C Cool Marine,rur,q2,2020,0.42762836472405047
C-WEU-ITA,Zone_5C Cool Marine,urb,q2,2020,0.42762836472405047
C-EEU-LTU,Zone_6A Cold Humid,rur,q2,2020,0.13112539206180002
C-EEU-LTU,Zone_6A Cold Humid,urb,q2,2020,0.13112539206180002
C-EEU-LTU,Zone_5A Cool Humid,rur,q2,2020,0.13112539206180002
C-EEU-LTU,Zone_5A Cool Humid,urb,q2,2020,0.13112539206180002
C-WEU-LUX,Zone_5A Cool Humid,rur,q2,2020,0.172732198346
C-WEU-LUX,Zone_5A Cool Humid,urb,q2,2020,0.172732198346
C-EEU-LVA,Zone_6A Cold Humid,rur,q2,2020,0.09489605559860001
C-EEU-LVA,Zone_6A Cold Humid,urb,q2,2020,0.09489605559860001
C-WEU-MLT,Zone_3A Warm Humid,rur,q2,2020,0.8443712682140001
C-WEU-MLT,Zone_3A Warm Humid,urb,q2,2020,0.8443712682140001
C-WEU-NLD,Zone_5A Cool Humid,rur,q2,2020,0.15561901227579272
C-WEU-NLD,Zone_5A Cool Humid,urb,q2,2020,0.15561901227579272
C-WEU-NLD,Zone_4A Mixed Humid,rur,q2,2020,0.15561901227579272
C-WEU-NLD,Zone_4A Mixed Humid,urb,q2,2020,0.15561901227579272
C-EEU-POL,Zone_5A Cool Humid,rur,q2,2020,0.17524527044000002
C-EEU-POL,Zone_5A Cool Humid,urb,q2,2020,0.17524527044000002
C-EEU-POL,Zone_6A Cold Humid,rur,q2,2020,0.17524527044000002
C-EEU-POL,Zone_6A Cold Humid,urb,q2,2020,0.17524527044000002
C-WEU-PRT,Zone_3C Warm Marine,rur,q2,2020,0.3972619135123525
C-WEU-PRT,Zone_3C Warm Marine,urb,q2,2020,0.3972619135123525
C-WEU-PRT,Zone_4C Mixed Marine,rur,q2,2020,0.3972619135123525
C-WEU-PRT,Zone_4C Mixed Marine,urb,q2,2020,0.3972619135123525
C-WEU-PRT,Zone_4A Mixed Humid,rur,q2,2020,0.3972619135123525
C-WEU-PRT,Zone_4A Mixed Humid,urb,q2,2020,0.3972619135123525
C-WEU-PRT,Zone_3A Warm Humid,rur,q2,2020,0.3972619135123525
C-WEU-PRT,Zone_3A Warm Humid,urb,q2,2020,0.3972619135123525
C-EEU-ROU,Zone_5A Cool Humid,rur,q2,2020,0.131513442954804
C-EEU-ROU,Zone_5A Cool Humid,urb,q2,2020,0.131513442954804
C-EEU-ROU,Zone_6A Cold Humid,rur,q2,2020,0.131513442954804
C-EEU-ROU,Zone_6A Cold Humid,urb,q2,2020,0.131513442954804
C-EEU-ROU,Zone_4A Mixed Humid,rur,q2,2020,0.131513442954804
C-EEU-ROU,Zone_4A Mixed Humid,urb,q2,2020,0.131513442954804
C-WEU-SWE,Zone_6A Cold Humid,rur,q2,2020,0.11750601099786886
C-WEU-SWE,Zone_6A Cold Humid,urb,q2,2020,0.11750601099786886
C-WEU-SWE,Zone_5A Cool Humid,rur,q2,2020,0.11750601099786886
C-WEU-SWE,Zone_5A Cool Humid,urb,q2,2020,0.11750601099786886
C-WEU-SWE,Zone_7A Very cold Humid,rur,q2,2020,0.11750601099786886
C-WEU-SWE,Zone_7A Very cold Humid,urb,q2,2020,0.11750601099786886
C-WEU-SWE,Zone_8A Subarctic/arctic Humid,rur,q2,2020,0.11750601099786886
C-WEU-SWE,Zone_8A Subarctic/arctic Humid,urb,q2,2020,0.11750601099786886
C-EEU-SVN,Zone_4A Mixed Humid,rur,q2,2020,0.1350875348927589
C-EEU-SVN,Zone_4A Mixed Humid,urb,q2,2020,0.1350875348927589
C-EEU-SVN,Zone_5A Cool Humid,rur,q2,2020,0.1350875348927589
C-EEU-SVN,Zone_5A Cool Humid,urb,q2,2020,0.1350875348927589
C-EEU-SVN,Zone_7A Very cold Humid,rur,q2,2020,0.1350875348927589
C-EEU-SVN,Zone_7A Very cold Humid,urb,q2,2020,0.1350875348927589
C-EEU-SVK,Zone_5A Cool Humid,rur,q2,2020,0.20309551317481572
C-EEU-SVK,Zone_5A Cool Humid,urb,q2,2020,0.20309551317481572
C-EEU-SVK,Zone_6A Cold Humid,rur,q2,2020,0.20309551317481572
C-EEU-SVK,Zone_6A Cold Humid,urb,q2,2020,0.20309551317481572
C-WEU-AUT,Zone_5A Cool Humid,rur,q3,2020,0.2219126685891424
C-WEU-AUT,Zone_5A Cool Humid,urb,q3,2020,0.2219126685891424
C-WEU-AUT,Zone_4A Mixed Humid,rur,q3,2020,0.2219126685891424
C-WEU-AUT,Zone_4A Mixed Humid,urb,q3,2020,0.2219126685891424
C-WEU-AUT,Zone_6A Cold Humid,rur,q3,2020,0.2219126685891424
C-WEU-AUT,Zone_6A Cold Humid,urb,q3,2020,0.2219126685891424
C-WEU-AUT,Zone_7A Very cold Humid,rur,q3,2020,0.2219126685891424
C-WEU-AUT,Zone_7A Very cold Humid,urb,q3,2020,0.2219126685891424
C-WEU-BEL,Zone_4A Mixed Humid,rur,q3,2020,0.1941837470783
C-WEU-BEL,Zone_4A Mixed Humid,urb,q3,2020,0.1941837470783
C-WEU-BEL,Zone_5A Cool Humid,rur,q3,2020,0.1941837470783
C-WEU-BEL,Zone_5A Cool Humid,urb,q3,2020,0.1941837470783
C-EEU-BGR,Zone_4A Mixed Humid,rur,q3,2020,0.4343105518153887
C-EEU-BGR,Zone_4A Mixed Humid,urb,q3,2020,0.4343105518153887
C-EEU-BGR,Zone_5A Cool Humid,rur,q3,2020,0.4343105518153887
C-EEU-BGR,Zone_5A Cool Humid,urb,q3,2020,0.4343105518153887
C-WEU-CYP,Zone_3A Warm Humid,rur,q3,2020,0.8236088065599999
C-WEU-CYP,Zone_3A Warm Humid,urb,q3,2020,0.8236088065599999
C-EEU-CZE,Zone_5A Cool Humid,rur,q3,2020,0.2126111024
C-EEU-CZE,Zone_5A Cool Humid,urb,q3,2020,0.2126111024
C-WEU-DEU,Zone_5A Cool Humid,rur,q3,2020,0.2338029652326708
C-WEU-DEU,Zone_5A Cool Humid,urb,q3,2020,0.2338029652326708
C-WEU-DEU,Zone_4A Mixed Humid,rur,q3,2020,0.2338029652326708
C-WEU-DEU,Zone_4A Mixed Humid,urb,q3,2020,0.2338029652326708
C-WEU-DEU,Zone_6A Cold Humid,rur,q3,2020,0.2338029652326708
C-WEU-DEU,Zone_6A Cold Humid,urb,q3,2020,0.2338029652326708
C-WEU-DNK,Zone_5A Cool Humid,rur,q3,2020,0.118386012224
C-WEU-DNK,Zone_5A Cool Humid,urb,q3,2020,0.118386012224
C-EEU-EST,Zone_6A Cold Humid,rur,q3,2020,0.102865736
C-EEU-EST,Zone_6A Cold Humid,urb,q3,2020,0.102865736
C-WEU-GRC,Zone_3A Warm Humid,rur,q3,2020,0.6961258439518248
C-WEU-GRC,Zone_3A Warm Humid,urb,q3,2020,0.6961258439518248
C-WEU-GRC,Zone_4A Mixed Humid,rur,q3,2020,0.6961258439518248
C-WEU-GRC,Zone_4A Mixed Humid,urb,q3,2020,0.6961258439518248
C-WEU-GRC,Zone_4C Mixed Marine,rur,q3,2020,0.6961258439518248
C-WEU-GRC,Zone_4C Mixed Marine,urb,q3,2020,0.6961258439518248
C-WEU-GRC,Zone_5C Cool Marine,rur,q3,2020,0.6961258439518248
C-WEU-GRC,Zone_5C Cool Marine,urb,q3,2020,0.6961258439518248
C-WEU-GRC,Zone_5A Cool Humid,rur,q3,2020,0.6961258439518248
C-WEU-GRC,Zone_5A Cool Humid,urb,q3,2020,0.6961258439518248
C-WEU-ESP,Zone_3C Warm Marine,rur,q3,2020,0.6318233708601947
C-WEU-ESP,Zone_3C Warm Marine,urb,q3,2020,0.6318233708601947
C-WEU-ESP,Zone_4C Mixed Marine,rur,q3,2020,0.6318233708601947
C-WEU-ESP,Zone_4C Mixed Marine,urb,q3,2020,0.6318233708601947
C-WEU-ESP,Zone_4A Mixed Humid,rur,q3,2020,0.6318233708601947
C-WEU-ESP,Zone_4A Mixed Humid,urb,q3,2020,0.6318233708601947
C-WEU-ESP,Zone_3A Warm Humid,rur,q3,2020,0.6318233708601947
C-WEU-ESP,Zone_3A Warm Humid,urb,q3,2020,0.6318233708601947
C-WEU-ESP,Zone_3B Warm Dry,rur,q3,2020,0.6318233708601947
C-WEU-ESP,Zone_3B Warm Dry,urb,q3,2020,0.6318233708601947
C-WEU-ESP,Zone_2B Hot Dry,rur,q3,2020,0.6318233708601947
C-WEU-ESP,Zone_2B Hot Dry,urb,q3,2020,0.6318233708601947
C-WEU-FIN,Zone_6A Cold Humid,rur,q3,2020,0.09029141381888953
C-WEU-FIN,Zone_6A Cold Humid,urb,q3,2020,0.09029141381888953
C-WEU-FIN,Zone_7A Very cold Humid,rur,q3,2020,0.09029141381888953
C-WEU-FIN,Zone_7A Very cold Humid,urb,q3,2020,0.09029141381888953
C-WEU-FRA,Zone_4A Mixed Humid,rur,q3,2020,0.1534881267863856
C-WEU-FRA,Zone_4A Mixed Humid,urb,q3,2020,0.1534881267863856
C-WEU-FRA,Zone_5A Cool Humid,rur,q3,2020,0.1534881267863856
C-WEU-FRA,Zone_5A Cool Humid,urb,q3,2020,0.1534881267863856
C-WEU-FRA,Zone_3A Warm Humid,rur,q3,2020,0.1534881267863856
C-WEU-FRA,Zone_3A Warm Humid,urb,q3,2020,0.1534881267863856
C-WEU-FRA,Zone_7A Very cold Humid,rur,q3,2020,0.1534881267863856
C-WEU-FRA,Zone_7A Very cold Humid,urb,q3,2020,0.1534881267863856
C-WEU-FRA,Zone_4C Mixed Marine,rur,q3,2020,0.1534881267863856
C-WEU-FRA,Zone_4C Mixed Marine,urb,q3,2020,0.1534881267863856
C-WEU-FRA,Zone_3C Warm Marine,rur,q3,2020,0.1534881267863856
C-WEU-FRA,Zone_3C Warm Marine,urb,q3,2020,0.1534881267863856
C-WEU-FRA,Zone_1A Very hot Humid,rur,q3,2020,0.1534881267863856
C-WEU-FRA,Zone_1A Very hot Humid,urb,q3,2020,0.1534881267863856
C-WEU-FRA,Zone_2A Hot Humid,rur,q3,2020,0.1534881267863856
C-WEU-FRA,Zone_2A Hot Humid,urb,q3,2020,0.1534881267863856
C-WEU-FRA,Zone_0A Extremely hot Humid,rur,q3,2020,0.1534881267863856
C-WEU-FRA,Zone_0A Extremely hot Humid,urb,q3,2020,0.1534881267863856
C-EEU-HRV,Zone_4A Mixed Humid,rur,q3,2020,0.3803056551375049
C-EEU-HRV,Zone_4A Mixed Humid,urb,q3,2020,0.3803056551375049
C-EEU-HRV,Zone_5A Cool Humid,rur,q3,2020,0.3803056551375049
C-EEU-HRV,Zone_5A Cool Humid,urb,q3,2020,0.3803056551375049
C-EEU-HRV,Zone_4C Mixed Marine,rur,q3,2020,0.3803056551375049
C-EEU-HRV,Zone_4C Mixed Marine,urb,q3,2020,0.3803056551375049
C-EEU-HRV,Zone_3A Warm Humid,rur,q3,2020,0.3803056551375049
C-EEU-HRV,Zone_3A Warm Humid,urb,q3,2020,0.3803056551375049
C-EEU-HUN,Zone_4A Mixed Humid,rur,q3,2020,0.40026886486232593
C-EEU-HUN,Zone_4A Mixed Humid,urb,q3,2020,0.40026886486232593
C-EEU-HUN,Zone_5A Cool Humid,rur,q3,2020,0.40026886486232593
C-EEU-HUN,Zone_5A Cool Humid,urb,q3,2020,0.40026886486232593
C-WEU-IRL,Zone_5A Cool Humid,rur,q3,2020,0.051821663278
C-WEU-IRL,Zone_5A Cool Humid,urb,q3,2020,0.051821663278
C-WEU-IRL,Zone_4A Mixed Humid,rur,q3,2020,0.051821663278
C-WEU-IRL,Zone_4A Mixed Humid,urb,q3,2020,0.051821663278
C-WEU-ITA,Zone_4A Mixed Humid,rur,q3,2020,0.4726582600118356
C-WEU-ITA,Zone_4A Mixed Humid,urb,q3,2020,0.4726582600118356
C-WEU-ITA,Zone_5A Cool Humid,rur,q3,2020,0.4726582600118356
C-WEU-ITA,Zone_5A Cool Humid,urb,q3,2020,0.4726582600118356
C-WEU-ITA,Zone_7A Very cold Humid,rur,q3,2020,0.4726582600118356
C-WEU-ITA,Zone_7A Very cold Humid,urb,q3,2020,0.4726582600118356
C-WEU-ITA,Zone_6A Cold Humid,rur,q3,2020,0.4726582600118356
C-WEU-ITA,Zone_6A Cold Humid,urb,q3,2020,0.4726582600118356
C-WEU-ITA,Zone_3A Warm Humid,rur,q3,2020,0.4726582600118356
C-WEU-ITA,Zone_3A Warm Humid,urb,q3,2020,0.4726582600118356
C-WEU-ITA,Zone_4C Mixed Marine,rur,q3,2020,0.4726582600118356
C-WEU-ITA,Zone_4C Mixed Marine,urb,q3,2020,0.4726582600118356
C-WEU-ITA,Zone_5C Cool Marine,rur,q3,2020,0.4726582600118356
C-WEU-ITA,Zone_5C Cool Marine,urb,q3,2020,0.4726582600118356
C-EEU-LTU,Zone_6A Cold Humid,rur,q3,2020,0.17153623432600001
C-EEU-LTU,Zone_6A Cold Humid,urb,q3,2020,0.17153623432600001
C-EEU-LTU,Zone_5A Cool Humid,rur,q3,2020,0.17153623432600001
C-EEU-LTU,Zone_5A Cool Humid,urb,q3,2020,0.17153623432600001
C-WEU-LUX,Zone_5A Cool Humid,rur,q3,2020,0.17273690000000003
C-WEU-LUX,Zone_5A Cool Humid,urb,q3,2020,0.17273690000000003
C-EEU-LVA,Zone_6A Cold Humid,rur,q3,2020,0.139265987223
C-EEU-LVA,Zone_6A Cold Humid,urb,q3,2020,0.139265987223
C-WEU-MLT,Zone_3A Warm Humid,rur,q3,2020,0.8822503406340001
C-WEU-MLT,Zone_3A Warm Humid,urb,q3,2020,0.8822503406340001
C-WEU-NLD,Zone_5A Cool Humid,rur,q3,2020,0.15661733755858864
C-WEU-NLD,Zone_5A Cool Humid,urb,q3,2020,0.15661733755858864
C-WEU-NLD,Zone_4A Mixed Humid,rur,q3,2020,0.15661733755858864
C-WEU-NLD,Zone_4A Mixed Humid,urb,q3,2020,0.15661733755858864
C-EEU-POL,Zone_5A Cool Humid,rur,q3,2020,0.23088047124000002
C-EEU-POL,Zone_5A Cool Humid,urb,q3,2020,0.23088047124000002
C-EEU-POL,Zone_6A Cold Humid,rur,q3,2020,0.23088047124000002
C-EEU-POL,Zone_6A Cold Humid,urb,q3,2020,0.23088047124000002
C-WEU-PRT,Zone_3C Warm Marine,rur,q3,2020,0.5210343992915815
C-WEU-PRT,Zone_3C Warm Marine,urb,q3,2020,0.5210343992915815
C-WEU-PRT,Zone_4C Mixed Marine,rur,q3,2020,0.5210343992915815
C-WEU-PRT,Zone_4C Mixed Marine,urb,q3,2020,0.5210343992915815
C-WEU-PRT,Zone_4A Mixed Humid,rur,q3,2020,0.5210343992915815
C-WEU-PRT,Zone_4A Mixed Humid,urb,q3,2020,0.5210343992915815
C-WEU-PRT,Zone_3A Warm Humid,rur,q3,2020,0.5210343992915815
C-WEU-PRT,Zone_3A Warm Humid,urb,q3,2020,0.5210343992915815
C-EEU-ROU,Zone_5A Cool Humid,rur,q3,2020,0.2907892621580753
C-EEU-ROU,Zone_5A Cool Humid,urb,q3,2020,0.2907892621580753
C-EEU-ROU,Zone_6A Cold Humid,rur,q3,2020,0.2907892621580753
C-EEU-ROU,Zone_6A Cold Humid,urb,q3,2020,0.2907892621580753
C-EEU-ROU,Zone_4A Mixed Humid,rur,q3,2020,0.2907892621580753
C-EEU-ROU,Zone_4A Mixed Humid,urb,q3,2020,0.2907892621580753
C-WEU-SWE,Zone_6A Cold Humid,rur,q3,2020,0.11868090263782685
C-WEU-SWE,Zone_6A Cold Humid,urb,q3,2020,0.11868090263782685
C-WEU-SWE,Zone_5A Cool Humid,rur,q3,2020,0.11868090263782685
C-WEU-SWE,Zone_5A Cool Humid,urb,q3,2020,0.11868090263782685
C-WEU-SWE,Zone_7A Very cold Humid,rur,q3,2020,0.11868090263782685
C-WEU-SWE,Zone_7A Very cold Humid,urb,q3,2020,0.11868090263782685
C-WEU-SWE,Zone_8A Subarctic/arctic Humid,rur,q3,2020,0.11868090263782685
C-WEU-SWE,Zone_8A Subarctic/arctic Humid,urb,q3,2020,0.11868090263782685
C-EEU-SVN,Zone_4A Mixed Humid,rur,q3,2020,0.15516674752978737
C-EEU-SVN,Zone_4A Mixed Humid,urb,q3,2020,0.15516674752978737
C-EEU-SVN,Zone_5A Cool Humid,rur,q3,2020,0.15516674752978737
C-EEU-SVN,Zone_5A Cool Humid,urb,q3,2020,0.15516674752978737
C-EEU-SVN,Zone_7A Very cold Humid,rur,q3,2020,0.15516674752978737
C-EEU-SVN,Zone_7A Very cold Humid,urb,q3,2020,0.15516674752978737
C-EEU-SVK,Zone_5A Cool Humid,rur,q3,2020,0.2459242854169971
C-EEU-SVK,Zone_5A Cool Humid,urb,q3,2020,0.2459242854169971
C-EEU-SVK,Zone_6A Cold Humid,rur,q3,2020,0.2459242854169971
C-EEU-SVK,Zone_6A Cold Humid,urb,q3,2020,0.2459242854169971
C-WEU-AUT,Zone_5A Cool Humid,rur,q1,2025,0.19863906708358914
C-WEU-AUT,Zone_5A Cool Humid,urb,q1,2025,0.19863906708358914
C-WEU-AUT,Zone_4A Mixed Humid,rur,q1,2025,0.19863906708358914
C-WEU-AUT,Zone_4A Mixed Humid,urb,q1,2025,0.19863906708358914
C-WEU-AUT,Zone_6A Cold Humid,rur,q1,2025,0.19863906708358914
C-WEU-AUT,Zone_6A Cold Humid,urb,q1,2025,0.19863906708358914
C-WEU-AUT,Zone_7A Very cold Humid,rur,q1,2025,0.19863906708358914
C-WEU-AUT,Zone_7A Very cold Humid,urb,q1,2025,0.19863906708358914
C-WEU-BEL,Zone_4A Mixed Humid,rur,q1,2025,0.18044673202000003
C-WEU-BEL,Zone_4A Mixed Humid,urb,q1,2025,0.18044673202000003
C-WEU-BEL,Zone_5A Cool Humid,rur,q1,2025,0.18044673202000003
C-WEU-BEL,Zone_5A Cool Humid,urb,q1,2025,0.18044673202000003
C-EEU-BGR,Zone_4A Mixed Humid,rur,q1,2025,0.08071020955884418
C-EEU-BGR,Zone_4A Mixed Humid,urb,q1,2025,0.08071020955884418
C-EEU-BGR,Zone_5A Cool Humid,rur,q1,2025,0.08071020955884418
C-EEU-BGR,Zone_5A Cool Humid,urb,q1,2025,0.08071020955884418
C-WEU-CYP,Zone_3A Warm Humid,rur,q1,2025,0.17586828691249998
C-WEU-CYP,Zone_3A Warm Humid,urb,q1,2025,0.17586828691249998
C-EEU-CZE,Zone_5A Cool Humid,rur,q1,2025,0.1591752594488
C-EEU-CZE,Zone_5A Cool Humid,urb,q1,2025,0.1591752594488
C-WEU-DEU,Zone_5A Cool Humid,rur,q1,2025,0.19715364279978864
C-WEU-DEU,Zone_5A Cool Humid,urb,q1,2025,0.19715364279978864
C-WEU-DEU,Zone_4A Mixed Humid,rur,q1,2025,0.19715364279978864
C-WEU-DEU,Zone_4A Mixed Humid,urb,q1,2025,0.19715364279978864
C-WEU-DEU,Zone_6A Cold Humid,rur,q1,2025,0.19715364279978864
C-WEU-DEU,Zone_6A Cold Humid,urb,q1,2025,0.19715364279978864
C-WEU-DNK,Zone_5A Cool Humid,rur,q1,2025,0.1066300684008
C-WEU-DNK,Zone_5A Cool Humid,urb,q1,2025,0.1066300684008
C-EEU-EST,Zone_6A Cold Humid,rur,q1,2025,0.045000783291400004
C-EEU-EST,Zone_6A Cold Humid,urb,q1,2025,0.045000783291400004
C-WEU-GRC,Zone_3A Warm Humid,rur,q1,2025,0.32905550526301985
C-WEU-GRC,Zone_3A Warm Humid,urb,q1,2025,0.32905550526301985
C-WEU-GRC,Zone_4A Mixed Humid,rur,q1,2025,0.32905550526301985
C-WEU-GRC,Zone_4A Mixed Humid,urb,q1,2025,0.32905550526301985
C-WEU-GRC,Zone_4C Mixed Marine,rur,q1,2025,0.32905550526301985
C-WEU-GRC,Zone_4C Mixed Marine,urb,q1,2025,0.32905550526301985
C-WEU-GRC,Zone_5C Cool Marine,rur,q1,2025,0.32905550526301985
C-WEU-GRC,Zone_5C Cool Marine,urb,q1,2025,0.32905550526301985
C-WEU-GRC,Zone_5A Cool Humid,rur,q1,2025,0.32905550526301985
C-WEU-GRC,Zone_5A Cool Humid,urb,q1,2025,0.32905550526301985
C-WEU-ESP,Zone_3C Warm Marine,rur,q1,2025,0.35821710375530724
C-WEU-ESP,Zone_3C Warm Marine,urb,q1,2025,0.35821710375530724
C-WEU-ESP,Zone_4C Mixed Marine,rur,q1,2025,0.35821710375530724
C-WEU-ESP,Zone_4C Mixed Marine,urb,q1,2025,0.35821710375530724
C-WEU-ESP,Zone_4A Mixed Humid,rur,q1,2025,0.35821710375530724
C-WEU-ESP,Zone_4A Mixed Humid,urb,q1,2025,0.35821710375530724
C-WEU-ESP,Zone_3A Warm Humid,rur,q1,2025,0.35821710375530724
C-WEU-ESP,Zone_3A Warm Humid,urb,q1,2025,0.35821710375530724
C-WEU-ESP,Zone_3B Warm Dry,rur,q1,2025,0.35821710375530724
C-WEU-ESP,Zone_3B Warm Dry,urb,q1,2025,0.35821710375530724
C-WEU-ESP,Zone_2B Hot Dry,rur,q1,2025,0.35821710375530724
C-WEU-ESP,Zone_2B Hot Dry,urb,q1,2025,0.35821710375530724
C-WEU-FIN,Zone_6A Cold Humid,rur,q1,2025,0.07994942826398443
C-WEU-FIN,Zone_6A Cold Humid,urb,q1,2025,0.07994942826398443
C-WEU-FIN,Zone_7A Very cold Humid,rur,q1,2025,0.07994942826398443
C-WEU-FIN,Zone_7A Very cold Humid,urb,q1,2025,0.07994942826398443
C-WEU-FRA,Zone_4A Mixed Humid,rur,q1,2025,0.16262380192750217
C-WEU-FRA,Zone_4A Mixed Humid,urb,q1,2025,0.16262380192750217
C-WEU-FRA,Zone_5A Cool Humid,rur,q1,2025,0.16262380192750217
C-WEU-FRA,Zone_5A Cool Humid,urb,q1,2025,0.16262380192750217
C-WEU-FRA,Zone_3A Warm Humid,rur,q1,2025,0.16262380192750217
C-WEU-FRA,Zone_3A Warm Humid,urb,q1,2025,0.16262380192750217
C-WEU-FRA,Zone_7A Very cold Humid,rur,q1,2025,0.16262380192750217
C-WEU-FRA,Zone_7A Very cold Humid,urb,q1,2025,0.16262380192750217
C-WEU-FRA,Zone_4C Mixed Marine,rur,q1,2025,0.16262380192750217
C-WEU-FRA,Zone_4C Mixed Marine,urb,q1,2025,0.16262380192750217
C-WEU-FRA,Zone_3C Warm Marine,rur,q1,2025,0.16262380192750217
C-WEU-FRA,Zone_3C Warm Marine,urb,q1,2025,0.16262380192750217
C-WEU-FRA,Zone_1A Very hot Humid,rur,q1,2025,0.16262380192750217
C-WEU-FRA,Zone_1A Very hot Humid,urb,q1,2025,0.16262380192750217
C-WEU-FRA,Zone_2A Hot Humid,rur,q1,2025,0.16262380192750217
C-WEU-FRA,Zone_2A Hot Humid,urb,q1,2025,0.16262380192750217
C-WEU-FRA,Zone_0A Extremely hot Humid,rur,q1,2025,0.16262380192750217
C-WEU-FRA,Zone_0A Extremely hot Humid,urb,q1,2025,0.16262380192750217
C-EEU-HRV,Zone_4A Mixed Humid,rur,q1,2025,0.15938203189168068
C-EEU-HRV,Zone_4A Mixed Humid,urb,q1,2025,0.15938203189168068
C-EEU-HRV,Zone_5A Cool Humid,rur,q1,2025,0.15938203189168068
C-EEU-HRV,Zone_5A Cool Humid,urb,q1,2025,0.15938203189168068
C-EEU-HRV,Zone_4C Mixed Marine,rur,q1,2025,0.15938203189168068
C-EEU-HRV,Zone_4C Mixed Marine,urb,q1,2025,0.15938203189168068
C-EEU-HRV,Zone_3A Warm Humid,rur,q1,2025,0.15938203189168068
C-EEU-HRV,Zone_3A Warm Humid,urb,q1,2025,0.15938203189168068
C-EEU-HUN,Zone_4A Mixed Humid,rur,q1,2025,0.14500735854324567
C-EEU-HUN,Zone_4A Mixed Humid,urb,q1,2025,0.14500735854324567
C-EEU-HUN,Zone_5A Cool Humid,rur,q1,2025,0.14500735854324567
C-EEU-HUN,Zone_5A Cool Humid,urb,q1,2025,0.14500735854324567
C-WEU-IRL,Zone_5A Cool Humid,rur,q1,2025,0.0407485964359
C-WEU-IRL,Zone_5A Cool Humid,urb,q1,2025,0.0407485964359
C-WEU-IRL,Zone_4A Mixed Humid,rur,q1,2025,0.0407485964359
C-WEU-IRL,Zone_4A Mixed Humid,urb,q1,2025,0.0407485964359
C-WEU-ITA,Zone_4A Mixed Humid,rur,q1,2025,0.294303818296026
C-WEU-ITA,Zone_4A Mixed Humid,urb,q1,2025,0.294303818296026
C-WEU-ITA,Zone_5A Cool Humid,rur,q1,2025,0.294303818296026
C-WEU-ITA,Zone_5A Cool Humid,urb,q1,2025,0.294303818296026
C-WEU-ITA,Zone_7A Very cold Humid,rur,q1,2025,0.294303818296026
C-WEU-ITA,Zone_7A Very cold Humid,urb,q1,2025,0.294303818296026
C-WEU-ITA,Zone_6A Cold Humid,rur,q1,2025,0.294303818296026
C-WEU-ITA,Zone_6A Cold Humid,urb,q1,2025,0.294303818296026
C-WEU-ITA,Zone_3A Warm Humid,rur,q1,2025,0.294303818296026
C-WEU-ITA,Zone_3A Warm Humid,urb,q1,2025,0.294303818296026
C-WEU-ITA,Zone_4C Mixed Marine,rur,q1,2025,0.294303818296026
C-WEU-ITA,Zone_4C Mixed Marine,urb,q1,2025,0.294303818296026
C-WEU-ITA,Zone_5C Cool Marine,rur,q1,2025,0.294303818296026
C-WEU-ITA,Zone_5C Cool Marine,urb,q1,2025,0.294303818296026
C-EEU-LTU,Zone_6A Cold Humid,rur,q1,2025,0.05021695454000001
C-EEU-LTU,Zone_6A Cold Humid,urb,q1,2025,0.05021695454000001
C-EEU-LTU,Zone_5A Cool Humid,rur,q1,2025,0.05021695454000001
C-EEU-LTU,Zone_5A Cool Humid,urb,q1,2025,0.05021695454000001
C-WEU-LUX,Zone_5A Cool Humid,rur,q1,2025,0.172391255374
C-WEU-LUX,Zone_5A Cool Humid,urb,q1,2025,0.172391255374
C-EEU-LVA,Zone_6A Cold Humid,rur,q1,2025,0.035662934337000005
C-EEU-LVA,Zone_6A Cold Humid,urb,q1,2025,0.035662934337000005
C-WEU-MLT,Zone_3A Warm Humid,rur,q1,2025,0.6356365988080003
C-WEU-MLT,Zone_3A Warm Humid,urb,q1,2025,0.6356365988080003
C-WEU-NLD,Zone_5A Cool Humid,rur,q1,2025,0.14678638107483694
C-WEU-NLD,Zone_5A Cool Humid,urb,q1,2025,0.14678638107483694
C-WEU-NLD,Zone_4A Mixed Humid,rur,q1,2025,0.14678638107483694
C-WEU-NLD,Zone_4A Mixed Humid,urb,q1,2025,0.14678638107483694
C-EEU-POL,Zone_5A Cool Humid,rur,q1,2025,0.0770171646656
C-EEU-POL,Zone_5A Cool Humid,urb,q1,2025,0.0770171646656
C-EEU-POL,Zone_6A Cold Humid,rur,q1,2025,0.0770171646656
C-EEU-POL,Zone_6A Cold Humid,urb,q1,2025,0.0770171646656
C-WEU-PRT,Zone_3C Warm Marine,rur,q1,2025,0.16463643831924635
C-WEU-PRT,Zone_3C Warm Marine,urb,q1,2025,0.16463643831924635
C-WEU-PRT,Zone_4C Mixed Marine,rur,q1,2025,0.16463643831924635
C-WEU-PRT,Zone_4C Mixed Marine,urb,q1,2025,0.16463643831924635
C-WEU-PRT,Zone_4A Mixed Humid,rur,q1,2025,0.16463643831924635
C-WEU-PRT,Zone_4A Mixed Humid,urb,q1,2025,0.16463643831924635
C-WEU-PRT,Zone_3A Warm Humid,rur,q1,2025,0.16463643831924635
C-WEU-PRT,Zone_3A Warm Humid,urb,q1,2025,0.16463643831924635
C-EEU-ROU,Zone_5A Cool Humid,rur,q1,2025,0.06741155661869805
C-EEU-ROU,Zone_5A Cool Humid,urb,q1,2025,0.06741155661869805
C-EEU-ROU,Zone_6A Cold Humid,rur,q1,2025,0.06741155661869805
C-EEU-ROU,Zone_6A Cold Humid,urb,q1,2025,0.06741155661869805
C-EEU-ROU,Zone_4A Mixed Humid,rur,q1,2025,0.06741155661869805
C-EEU-ROU,Zone_4A Mixed Humid,urb,q1,2025,0.06741155661869805
C-WEU-SWE,Zone_6A Cold Humid,rur,q1,2025,0.10895806967315108
C-WEU-SWE,Zone_6A Cold Humid,urb,q1,2025,0.10895806967315108
C-WEU-SWE,Zone_5A Cool Humid,rur,q1,2025,0.10895806967315108
C-WEU-SWE,Zone_5A Cool Humid,urb,q1,2025,0.10895806967315108
C-WEU-SWE,Zone_7A Very cold Humid,rur,q1,2025,0.10895806967315108
C-WEU-SWE,Zone_7A Very cold Humid,urb,q1,2025,0.10895806967315108
C-WEU-SWE,Zone_8A Subarctic/arctic Humid,rur,q1,2025,0.10895806967315108
C-WEU-SWE,Zone_8A Subarctic/arctic Humid,urb,q1,2025,0.10895806967315108
C-EEU-SVN,Zone_4A Mixed Humid,rur,q1,2025,0.09949595287856663
C-EEU-SVN,Zone_4A Mixed Humid,urb,q1,2025,0.09949595287856663
C-EEU-SVN,Zone_5A Cool Humid,rur,q1,2025,0.09949595287856663
C-EEU-SVN,Zone_5A Cool Humid,urb,q1,2025,0.09949595287856663
C-EEU-SVN,Zone_7A Very cold Humid,rur,q1,2025,0.09949595287856663
C-EEU-SVN,Zone_7A Very cold Humid,urb,q1,2025,0.09949595287856663
C-EEU-SVK,Zone_5A Cool Humid,rur,q1,2025,0.12608068837851666
C-EEU-SVK,Zone_5A Cool Humid,urb,q1,2025,0.12608068837851666
C-EEU-SVK,Zone_6A Cold Humid,rur,q1,2025,0.12608068837851666
C-EEU-SVK,Zone_6A Cold Humid,urb,q1,2025,0.12608068837851666
C-WEU-AUT,Zone_5A Cool Humid,rur,q2,2025,0.22065022996822947
C-WEU-AUT,Zone_5A Cool Humid,urb,q2,2025,0.22065022996822947
C-WEU-AUT,Zone_4A Mixed Humid,rur,q2,2025,0.22065022996822947
C-WEU-AUT,Zone_4A Mixed Humid,urb,q2,2025,0.22065022996822947
C-WEU-AUT,Zone_6A Cold Humid,rur,q2,2025,0.22065022996822947
C-WEU-AUT,Zone_6A Cold Humid,urb,q2,2025,0.22065022996822947
C-WEU-AUT,Zone_7A Very cold Humid,rur,q2,2025,0.22065022996822947
C-WEU-AUT,Zone_7A Very cold Humid,urb,q2,2025,0.22065022996822947
C-WEU-BEL,Zone_4A Mixed Humid,rur,q2,2025,0.19372104388400002
C-WEU-BEL,Zone_4A Mixed Humid,urb,q2,2025,0.19372104388400002
C-WEU-BEL,Zone_5A Cool Humid,rur,q2,2025,0.19372104388400002
C-WEU-BEL,Zone_5A Cool Humid,urb,q2,2025,0.19372104388400002
C-EEU-BGR,Zone_4A Mixed Humid,rur,q2,2025,0.33092422395953436
C-EEU-BGR,Zone_4A Mixed Humid,urb,q2,2025,0.33092422395953436
C-EEU-BGR,Zone_5A Cool Humid,rur,q2,2025,0.33092422395953436
C-EEU-BGR,Zone_5A Cool Humid,urb,q2,2025,0.33092422395953436
C-WEU-CYP,Zone_3A Warm Humid,rur,q2,2025,0.5620202987749999
C-WEU-CYP,Zone_3A Warm Humid,urb,q2,2025,0.5620202987749999
C-EEU-CZE,Zone_5A Cool Humid,rur,q2,2025,0.205726592724
C-EEU-CZE,Zone_5A Cool Humid,urb,q2,2025,0.205726592724
C-WEU-DEU,Zone_5A Cool Humid,rur,q2,2025,0.2310071316602656
C-WEU-DEU,Zone_5A Cool Humid,urb,q2,2025,0.2310071316602656
C-WEU-DEU,Zone_4A Mixed Humid,rur,q2,2025,0.2310071316602656
C-WEU-DEU,Zone_4A Mixed Humid,urb,q2,2025,0.2310071316602656
C-WEU-DEU,Zone_6A Cold Humid,rur,q2,2025,0.2310071316602656
C-WEU-DEU,Zone_6A Cold Humid,urb,q2,2025,0.2310071316602656
C-WEU-DNK,Zone_5A Cool Humid,rur,q2,2025,0.117155094944
C-WEU-DNK,Zone_5A Cool Humid,urb,q2,2025,0.117155094944
C-EEU-EST,Zone_6A Cold Humid,rur,q2,2025,0.0923698029085
C-EEU-EST,Zone_6A Cold Humid,urb,q2,2025,0.0923698029085
C-WEU-GRC,Zone_3A Warm Humid,rur,q2,2025,0.6354139755191563
C-WEU-GRC,Zone_3A Warm Humid,urb,q2,2025,0.6354139755191563
C-WEU-GRC,Zone_4A Mixed Humid,rur,q2,2025,0.6354139755191563
C-WEU-GRC,Zone_4A Mixed Humid,urb,q2,2025,0.6354139755191563
C-WEU-GRC,Zone_4C Mixed Marine,rur,q2,2025,0.6354139755191563
C-WEU-GRC,Zone_4C Mixed Marine,urb,q2,2025,0.6354139755191563
C-WEU-GRC,Zone_5C Cool Marine,rur,q2,2025,0.6354139755191563
C-WEU-GRC,Zone_5C Cool Marine,urb,q2,2025,0.6354139755191563
C-WEU-GRC,Zone_5A Cool Humid,rur,q2,2025,0.6354139755191563
C-WEU-GRC,Zone_5A Cool Humid,urb,q2,2025,0.6354139755191563
C-WEU-ESP,Zone_3C Warm Marine,rur,q2,2025,0.5957290381087961
C-WEU-ESP,Zone_3C Warm Marine,urb,q2,2025,0.5957290381087961
C-WEU-ESP,Zone_4C Mixed Marine,rur,q2,2025,0.5957290381087961
C-WEU-ESP,Zone_4C Mixed Marine,urb,q2,2025,0.5957290381087961
C-WEU-ESP,Zone_4A Mixed Humid,rur,q2,2025,0.5957290381087961
C-WEU-ESP,Zone_4A Mixed Humid,urb,q2,2025,0.5957290381087961
C-WEU-ESP,Zone_3A Warm Humid,rur,q2,2025,0.5957290381087961
C-WEU-ESP,Zone_3A Warm Humid,urb,q2,2025,0.5957290381087961
C-WEU-ESP,Zone_3B Warm Dry,rur,q2,2025,0.5957290381087961
C-WEU-ESP,Zone_3B Warm Dry,urb,q2,2025,0.5957290381087961
C-WEU-ESP,Zone_2B Hot Dry,rur,q2,2025,0.5957290381087961
C-WEU-ESP,Zone_2B Hot Dry,urb,q2,2025,0.5957290381087961
C-WEU-FIN,Zone_6A Cold Humid,rur,q2,2025,0.08935395002217116
C-WEU-FIN,Zone_6A Cold Humid,urb,q2,2025,0.08935395002217116
C-WEU-FIN,Zone_7A Very cold Humid,rur,q2,2025,0.08935395002217116
C-WEU-FIN,Zone_7A Very cold Humid,urb,q2,2025,0.08935395002217116
C-WEU-FRA,Zone_4A Mixed Humid,rur,q2,2025,0.204382899788072
C-WEU-FRA,Zone_4A Mixed Humid,urb,q2,2025,0.204382899788072
C-WEU-FRA,Zone_5A Cool Humid,rur,q2,2025,0.204382899788072
C-WEU-FRA,Zone_5A Cool Humid,urb,q2,2025,0.204382899788072
C-WEU-FRA,Zone_3A Warm Humid,rur,q2,2025,0.204382899788072
C-WEU-FRA,Zone_3A Warm Humid,urb,q2,2025,0.204382899788072
C-WEU-FRA,Zone_7A Very cold Humid,rur,q2,2025,0.204382899788072
C-WEU-FRA,Zone_7A Very cold Humid,urb,q2,2025,0.204382899788072
C-WEU-FRA,Zone_4C Mixed Marine,rur,q2,2025,0.204382899788072
C-WEU-FRA,Zone_4C Mixed Marine,urb,q2,2025,0.204382899788072
C-WEU-FRA,Zone_3C Warm Marine,rur,q2,2025,0.204382899788072
C-WEU-FRA,Zone_3C Warm Marine,urb,q2,2025,0.204382899788072
C-WEU-FRA,Zone_1A Very hot Humid,rur,q2,2025,0.204382899788072
C-WEU-FRA,Zone_1A Very hot Humid,urb,q2,2025,0.204382899788072
C-WEU-FRA,Zone_2A Hot Humid,rur,q2,2025,0.204382899788072
C-WEU-FRA,Zone_2A Hot Humid,urb,q2,2025,0.204382899788072
C-WEU-FRA,Zone_0A Extremely hot Humid,rur,q2,2025,0.204382899788072
C-WEU-FRA,Zone_0A Extremely hot Humid,urb,q2,2025,0.204382899788072
C-EEU-HRV,Zone_4A Mixed Humid,rur,q2,2025,0.32373659694620804
C-EEU-HRV,Zone_4A Mixed Humid,urb,q2,2025,0.32373659694620804
C-EEU-HRV,Zone_5A Cool Humid,rur,q2,2025,0.32373659694620804
C-EEU-HRV,Zone_5A Cool Humid,urb,q2,2025,0.32373659694620804
C-EEU-HRV,Zone_4C Mixed Marine,rur,q2,2025,0.32373659694620804
C-EEU-HRV,Zone_4C Mixed Marine,urb,q2,2025,0.32373659694620804
C-EEU-HRV,Zone_3A Warm Humid,rur,q2,2025,0.32373659694620804
C-EEU-HRV,Zone_3A Warm Humid,urb,q2,2025,0.32373659694620804
C-EEU-HUN,Zone_4A Mixed Humid,rur,q2,2025,0.326842890722429
C-EEU-HUN,Zone_4A Mixed Humid,urb,q2,2025,0.326842890722429
C-EEU-HUN,Zone_5A Cool Humid,rur,q2,2025,0.326842890722429
C-EEU-HUN,Zone_5A Cool Humid,urb,q2,2025,0.326842890722429
C-WEU-IRL,Zone_5A Cool Humid,rur,q2,2025,0.050964502459299996
C-WEU-IRL,Zone_5A Cool Humid,urb,q2,2025,0.050964502459299996
C-WEU-IRL,Zone_4A Mixed Humid,rur,q2,2025,0.050964502459299996
C-WEU-IRL,Zone_4A Mixed Humid,urb,q2,2025,0.050964502459299996
C-WEU-ITA,Zone_4A Mixed Humid,rur,q2,2025,0.46276100643836715
C-WEU-ITA,Zone_4A Mixed Humid,urb,q2,2025,0.46276100643836715
C-WEU-ITA,Zone_5A Cool Humid,rur,q2,2025,0.46276100643836715
C-WEU-ITA,Zone_5A Cool Humid,urb,q2,2025,0.46276100643836715
C-WEU-ITA,Zone_7A Very cold Humid,rur,q2,2025,0.46276100643836715
C-WEU-ITA,Zone_7A Very cold Humid,urb,q2,2025,0.46276100643836715
C-WEU-ITA,Zone_6A Cold Humid,rur,q2,2025,0.46276100643836715
C-WEU-ITA,Zone_6A Cold Humid,urb,q2,2025,0.46276100643836715
C-WEU-ITA,Zone_3A Warm Humid,rur,q2,2025,0.46276100643836715
C-WEU-ITA,Zone_3A Warm Humid,urb,q2,2025,0.46276100643836715
C-WEU-ITA,Zone_4C Mixed Marine,rur,q2,2025,0.46276100643836715
C-WEU-ITA,Zone_4C Mixed Marine,urb,q2,2025,0.46276100643836715
C-WEU-ITA,Zone_5C Cool Marine,rur,q2,2025,0.46276100643836715
C-WEU-ITA,Zone_5C Cool Marine,urb,q2,2025,0.46276100643836715
C-EEU-LTU,Zone_6A Cold Humid,rur,q2,2025,0.14557233541
C-EEU-LTU,Zone_6A Cold Humid,urb,q2,2025,0.14557233541
C-EEU-LTU,Zone_5A Cool Humid,rur,q2,2025,0.14557233541
C-EEU-LTU,Zone_5A Cool Humid,urb,q2,2025,0.14557233541
C-WEU-LUX,Zone_5A Cool Humid,rur,q2,2025,0.17273414639199997
C-WEU-LUX,Zone_5A Cool Humid,urb,q2,2025,0.17273414639199997
C-EEU-LVA,Zone_6A Cold Humid,rur,q2,2025,0.11041071275109998
C-EEU-LVA,Zone_6A Cold Humid,urb,q2,2025,0.11041071275109998
C-WEU-MLT,Zone_3A Warm Humid,rur,q2,2025,0.8630004534640001
C-WEU-MLT,Zone_3A Warm Humid,urb,q2,2025,0.8630004534640001
C-WEU-NLD,Zone_5A Cool Humid,rur,q2,2025,0.15600265795981202
C-WEU-NLD,Zone_5A Cool Humid,urb,q2,2025,0.15600265795981202
C-WEU-NLD,Zone_4A Mixed Humid,rur,q2,2025,0.15600265795981202
C-WEU-NLD,Zone_4A Mixed Humid,urb,q2,2025,0.15600265795981202
C-EEU-POL,Zone_5A Cool Humid,rur,q2,2025,0.196384614294
C-EEU-POL,Zone_5A Cool Humid,urb,q2,2025,0.196384614294
C-EEU-POL,Zone_6A Cold Humid,rur,q2,2025,0.196384614294
C-EEU-POL,Zone_6A Cold Humid,urb,q2,2025,0.196384614294
C-WEU-PRT,Zone_3C Warm Marine,rur,q2,2025,0.43183718500567675
C-WEU-PRT,Zone_3C Warm Marine,urb,q2,2025,0.43183718500567675
C-WEU-PRT,Zone_4C Mixed Marine,rur,q2,2025,0.43183718500567675
C-WEU-PRT,Zone_4C Mixed Marine,urb,q2,2025,0.43183718500567675
C-WEU-PRT,Zone_4A Mixed Humid,rur,q2,2025,0.43183718500567675
C-WEU-PRT,Zone_4A Mixed Humid,urb,q2,2025,0.43183718500567675
C-WEU-PRT,Zone_3A Warm Humid,rur,q2,2025,0.43183718500567675
C-WEU-PRT,Zone_3A Warm Humid,urb,q2,2025,0.43183718500567675
C-EEU-ROU,Zone_5A Cool Humid,rur,q2,2025,0.18908569332364322
C-EEU-ROU,Zone_5A Cool Humid,urb,q2,2025,0.18908569332364322
C-EEU-ROU,Zone_6A Cold Humid,rur,q2,2025,0.18908569332364322
C-EEU-ROU,Zone_6A Cold Humid,urb,q2,2025,0.18908569332364322
C-EEU-ROU,Zone_4A Mixed Humid,rur,q2,2025,0.18908569332364322
C-EEU-ROU,Zone_4A Mixed Humid,urb,q2,2025,0.18908569332364322
C-WEU-SWE,Zone_6A Cold Humid,rur,q2,2025,0.11805303708276456
C-WEU-SWE,Zone_6A Cold Humid,urb,q2,2025,0.11805303708276456
C-WEU-SWE,Zone_5A Cool Humid,rur,q2,2025,0.11805303708276456
C-WEU-SWE,Zone_5A Cool Humid,urb,q2,2025,0.11805303708276456
C-WEU-SWE,Zone_7A Very cold Humid,rur,q2,2025,0.11805303708276456
C-WEU-SWE,Zone_7A Very cold Humid,urb,q2,2025,0.11805303708276456
C-WEU-SWE,Zone_8A Subarctic/arctic Humid,rur,q2,2025,0.11805303708276456
C-WEU-SWE,Zone_8A Subarctic/arctic Humid,urb,q2,2025,0.11805303708276456
C-EEU-SVN,Zone_4A Mixed Humid,rur,q2,2025,0.14212231558731733
C-EEU-SVN,Zone_4A Mixed Humid,urb,q2,2025,0.14212231558731733
C-EEU-SVN,Zone_5A Cool Humid,rur,q2,2025,0.14212231558731733
C-EEU-SVN,Zone_5A Cool Humid,urb,q2,2025,0.14212231558731733
C-EEU-SVN,Zone_7A Very cold Humid,rur,q2,2025,0.14212231558731733
C-EEU-SVN,Zone_7A Very cold Humid,urb,q2,2025,0.14212231558731733
C-EEU-SVK,Zone_5A Cool Humid,rur,q2,2025,0.2209039921955039
C-EEU-SVK,Zone_5A Cool Humid,urb,q2,2025,0.2209039921955039
C-EEU-SVK,Zone_6A Cold Humid,rur,q2,2025,0.2209039921955039
C-EEU-SVK,Zone_6A Cold Humid,urb,q2,2025,0.2209039921955039
C-WEU-AUT,Zone_5A Cool Humid,rur,q3,2025,0.22251456280334217
C-WEU-AUT,Zone_5A Cool Humid,urb,q3,2025,0.22251456280334217
C-WEU-AUT,Zone_4A Mixed Humid,rur,q3,2025,0.22251456280334217
C-WEU-AUT,Zone_4A Mixed Humid,urb,q3,2025,0.22251456280334217
C-WEU-AUT,Zone_6A Cold Humid,rur,q3,2025,0.22251456280334217
C-WEU-AUT,Zone_6A Cold Humid,urb,q3,2025,0.22251456280334217
C-WEU-AUT,Zone_7A Very cold Humid,rur,q3,2025,0.22251456280334217
C-WEU-AUT,Zone_7A Very cold Humid,urb,q3,2025,0.22251456280334217
C-WEU-BEL,Zone_4A Mixed Humid,rur,q3,2025,0.19418779799000002
C-WEU-BEL,Zone_4A Mixed Humid,urb,q3,2025,0.19418779799000002
C-WEU-BEL,Zone_5A Cool Humid,rur,q3,2025,0.19418779799000002
C-WEU-BEL,Zone_5A Cool Humid,urb,q3,2025,0.19418779799000002
C-EEU-BGR,Zone_4A Mixed Humid,rur,q3,2025,0.4425735984247978
C-EEU-BGR,Zone_4A Mixed Humid,urb,q3,2025,0.4425735984247978
C-EEU-BGR,Zone_5A Cool Humid,rur,q3,2025,0.4425735984247978
C-EEU-BGR,Zone_5A Cool Humid,urb,q3,2025,0.4425735984247978
C-WEU-CYP,Zone_3A Warm Humid,rur,q3,2025,0.8367161931499999
C-WEU-CYP,Zone_3A Warm Humid,urb,q3,2025,0.8367161931499999
C-EEU-CZE,Zone_5A Cool Humid,rur,q3,2025,0.212955873334
C-EEU-CZE,Zone_5A Cool Humid,urb,q3,2025,0.212955873334
C-WEU-DEU,Zone_5A Cool Humid,rur,q3,2025,0.2338302891798243
C-WEU-DEU,Zone_5A Cool Humid,urb,q3,2025,0.2338302891798243
C-WEU-DEU,Zone_4A Mixed Humid,rur,q3,2025,0.2338302891798243
C-WEU-DEU,Zone_4A Mixed Humid,urb,q3,2025,0.2338302891798243
C-WEU-DEU,Zone_6A Cold Humid,rur,q3,2025,0.2338302891798243
C-WEU-DEU,Zone_6A Cold Humid,urb,q3,2025,0.2338302891798243
C-WEU-DNK,Zone_5A Cool Humid,rur,q3,2025,0.11840541826499999
C-WEU-DNK,Zone_5A Cool Humid,urb,q3,2025,0.11840541826499999
C-EEU-EST,Zone_6A Cold Humid,rur,q3,2025,0.103192650136
C-EEU-EST,Zone_6A Cold Humid,urb,q3,2025,0.103192650136
C-WEU-GRC,Zone_3A Warm Humid,rur,q3,2025,0.6979731198944668
C-WEU-GRC,Zone_3A Warm Humid,urb,q3,2025,0.6979731198944668
C-WEU-GRC,Zone_4A Mixed Humid,rur,q3,2025,0.6979731198944668
C-WEU-GRC,Zone_4A Mixed Humid,urb,q3,2025,0.6979731198944668
C-WEU-GRC,Zone_4C Mixed Marine,rur,q3,2025,0.6979731198944668
C-WEU-GRC,Zone_4C Mixed Marine,urb,q3,2025,0.6979731198944668
C-WEU-GRC,Zone_5C Cool Marine,rur,q3,2025,0.6979731198944668
C-WEU-GRC,Zone_5C Cool Marine,urb,q3,2025,0.6979731198944668
C-WEU-GRC,Zone_5A Cool Humid,rur,q3,2025,0.6979731198944668
C-WEU-GRC,Zone_5A Cool Humid,urb,q3,2025,0.6979731198944668
C-WEU-ESP,Zone_3C Warm Marine,rur,q3,2025,0.6345089721304051
C-WEU-ESP,Zone_3C Warm Marine,urb,q3,2025,0.6345089721304051
C-WEU-ESP,Zone_4C Mixed Marine,rur,q3,2025,0.6345089721304051
C-WEU-ESP,Zone_4C Mixed Marine,urb,q3,2025,0.6345089721304051
C-WEU-ESP,Zone_4A Mixed Humid,rur,q3,2025,0.6345089721304051
C-WEU-ESP,Zone_4A Mixed Humid,urb,q3,2025,0.6345089721304051
C-WEU-ESP,Zone_3A Warm Humid,rur,q3,2025,0.6345089721304051
C-WEU-ESP,Zone_3A Warm Humid,urb,q3,2025,0.6345089721304051
C-WEU-ESP,Zone_3B Warm Dry,rur,q3,2025,0.6345089721304051
C-WEU-ESP,Zone_3B Warm Dry,urb,q3,2025,0.6345089721304051
C-WEU-ESP,Zone_2B Hot Dry,rur,q3,2025,0.6345089721304051
C-WEU-ESP,Zone_2B Hot Dry,urb,q3,2025,0.6345089721304051
C-WEU-FIN,Zone_6A Cold Humid,rur,q3,2025,0.09036514437590855
C-WEU-FIN,Zone_6A Cold Humid,urb,q3,2025,0.09036514437590855
C-WEU-FIN,Zone_7A Very cold Humid,rur,q3,2025,0.09036514437590855
C-WEU-FIN,Zone_7A Very cold Humid,urb,q3,2025,0.09036514437590855
C-WEU-FRA,Zone_4A Mixed Humid,rur,q3,2025,0.21022677366253747
C-WEU-FRA,Zone_4A Mixed Humid,urb,q3,2025,0.21022677366253747
C-WEU-FRA,Zone_5A Cool Humid,rur,q3,2025,0.21022677366253747
C-WEU-FRA,Zone_5A Cool Humid,urb,q3,2025,0.21022677366253747
C-WEU-FRA,Zone_3A Warm Humid,rur,q3,2025,0.21022677366253747
C-WEU-FRA,Zone_3A Warm Humid,urb,q3,2025,0.21022677366253747
C-WEU-FRA,Zone_7A Very cold Humid,rur,q3,2025,0.21022677366253747
C-WEU-FRA,Zone_7A Very cold Humid,urb,q3,2025,0.21022677366253747
C-WEU-FRA,Zone_4C Mixed Marine,rur,q3,2025,0.21022677366253747
C-WEU-FRA,Zone_4C Mixed Marine,urb,q3,2025,0.21022677366253747
C-WEU-FRA,Zone_3C Warm Marine,rur,q3,2025,0.21022677366253747
C-WEU-FRA,Zone_3C Warm Marine,urb,q3,2025,0.21022677366253747
C-WEU-FRA,Zone_1A Very hot Humid,rur,q3,2025,0.21022677366253747
C-WEU-FRA,Zone_1A Very hot Humid,urb,q3,2025,0.21022677366253747
C-WEU-FRA,Zone_2A Hot Humid,rur,q3,2025,0.21022677366253747
C-WEU-FRA,Zone_2A Hot Humid,urb,q3,2025,0.21022677366253747
C-WEU-FRA,Zone_0A Extremely hot Humid,rur,q3,2025,0.21022677366253747
C-WEU-FRA,Zone_0A Extremely hot Humid,urb,q3,2025,0.21022677366253747
C-EEU-HRV,Zone_4A Mixed Humid,rur,q3,2025,0.399361263385552
C-EEU-HRV,Zone_4A Mixed Humid,urb,q3,2025,0.399361263385552
C-EEU-HRV,Zone_5A Cool Humid,rur,q3,2025,0.399361263385552
C-EEU-HRV,Zone_5A Cool Humid,urb,q3,2025,0.399361263385552
C-EEU-HRV,Zone_4C Mixed Marine,rur,q3,2025,0.399361263385552
C-EEU-HRV,Zone_4C Mixed Marine,urb,q3,2025,0.399361263385552
C-EEU-HRV,Zone_3A Warm Humid,rur,q3,2025,0.399361263385552
C-EEU-HRV,Zone_3A Warm Humid,urb,q3,2025,0.399361263385552
C-EEU-HUN,Zone_4A Mixed Humid,rur,q3,2025,0.4128816215467462
C-EEU-HUN,Zone_4A Mixed Humid,urb,q3,2025,0.4128816215467462
C-EEU-HUN,Zone_5A Cool Humid,rur,q3,2025,0.4128816215467462
C-EEU-HUN,Zone_5A Cool Humid,urb,q3,2025,0.4128816215467462
C-WEU-IRL,Zone_5A Cool Humid,rur,q3,2025,0.05182436518
C-WEU-IRL,Zone_5A Cool Humid,urb,q3,2025,0.05182436518
C-WEU-IRL,Zone_4A Mixed Humid,rur,q3,2025,0.05182436518
C-WEU-IRL,Zone_4A Mixed Humid,urb,q3,2025,0.05182436518
C-WEU-ITA,Zone_4A Mixed Humid,rur,q3,2025,0.49825085047382583
C-WEU-ITA,Zone_4A Mixed Humid,urb,q3,2025,0.49825085047382583
C-WEU-ITA,Zone_5A Cool Humid,rur,q3,2025,0.49825085047382583
C-WEU-ITA,Zone_5A Cool Humid,urb,q3,2025,0.49825085047382583
C-WEU-ITA,Zone_7A Very cold Humid,rur,q3,2025,0.49825085047382583
C-WEU-ITA,Zone_7A Very cold Humid,urb,q3,2025,0.49825085047382583
C-WEU-ITA,Zone_6A Cold Humid,rur,q3,2025,0.49825085047382583
C-WEU-ITA,Zone_6A Cold Humid,urb,q3,2025,0.49825085047382583
C-WEU-ITA,Zone_3A Warm Humid,rur,q3,2025,0.49825085047382583
C-WEU-ITA,Zone_3A Warm Humid,urb,q3,2025,0.49825085047382583
C-WEU-ITA,Zone_4C Mixed Marine,rur,q3,2025,0.49825085047382583
C-WEU-ITA,Zone_4C Mixed Marine,urb,q3,2025,0.49825085047382583
C-WEU-ITA,Zone_5C Cool Marine,rur,q3,2025,0.49825085047382583
C-WEU-ITA,Zone_5C Cool Marine,urb,q3,2025,0.49825085047382583
C-EEU-LTU,Zone_6A Cold Humid,rur,q3,2025,0.1723992829
C-EEU-LTU,Zone_6A Cold Humid,urb,q3,2025,0.1723992829
C-EEU-LTU,Zone_5A Cool Humid,rur,q3,2025,0.1723992829
C-EEU-LTU,Zone_5A Cool Humid,urb,q3,2025,0.1723992829
C-WEU-LUX,Zone_5A Cool Humid,rur,q3,2025,0.17273689999999997
C-WEU-LUX,Zone_5A Cool Humid,urb,q3,2025,0.17273689999999997
C-EEU-LVA,Zone_6A Cold Humid,rur,q3,2025,0.141098302228
C-EEU-LVA,Zone_6A Cold Humid,urb,q3,2025,0.141098302228
C-WEU-MLT,Zone_3A Warm Humid,rur,q3,2025,0.8829450003
C-WEU-MLT,Zone_3A Warm Humid,urb,q3,2025,0.8829450003
C-WEU-NLD,Zone_5A Cool Humid,rur,q3,2025,0.1566020360259338
C-WEU-NLD,Zone_5A Cool Humid,urb,q3,2025,0.1566020360259338
C-WEU-NLD,Zone_4A Mixed Humid,rur,q3,2025,0.1566020360259338
C-WEU-NLD,Zone_4A Mixed Humid,urb,q3,2025,0.1566020360259338
C-EEU-POL,Zone_5A Cool Humid,rur,q3,2025,0.231844390558
C-EEU-POL,Zone_5A Cool Humid,urb,q3,2025,0.231844390558
C-EEU-POL,Zone_6A Cold Humid,rur,q3,2025,0.231844390558
C-EEU-POL,Zone_6A Cold Humid,urb,q3,2025,0.231844390558
C-WEU-PRT,Zone_3C Warm Marine,rur,q3,2025,0.5232526814980654
C-WEU-PRT,Zone_3C Warm Marine,urb,q3,2025,0.5232526814980654
C-WEU-PRT,Zone_4C Mixed Marine,rur,q3,2025,0.5232526814980654
C-WEU-PRT,Zone_4C Mixed Marine,urb,q3,2025,0.5232526814980654
C-WEU-PRT,Zone_4A Mixed Humid,rur,q3,2025,0.5232526814980654
C-WEU-PRT,Zone_4A Mixed Humid,urb,q3,2025,0.5232526814980654
C-WEU-PRT,Zone_3A Warm Humid,rur,q3,2025,0.5232526814980654
C-WEU-PRT,Zone_3A Warm Humid,urb,q3,2025,0.5232526814980654
C-EEU-ROU,Zone_5A Cool Humid,rur,q3,2025,0.3296715981064829
C-EEU-ROU,Zone_5A Cool Humid,urb,q3,2025,0.3296715981064829
C-EEU-ROU,Zone_6A Cold Humid,rur,q3,2025,0.3296715981064829
C-EEU-ROU,Zone_6A Cold Humid,urb,q3,2025,0.3296715981064829
C-EEU-ROU,Zone_4A Mixed Humid,rur,q3,2025,0.3296715981064829
C-EEU-ROU,Zone_4A Mixed Humid,urb,q3,2025,0.3296715981064829
C-WEU-SWE,Zone_6A Cold Humid,rur,q3,2025,0.11874172487403879
C-WEU-SWE,Zone_6A Cold Humid,urb,q3,2025,0.11874172487403879
C-WEU-SWE,Zone_5A Cool Humid,rur,q3,2025,0.11874172487403879
C-WEU-SWE,Zone_5A Cool Humid,urb,q3,2025,0.11874172487403879
C-WEU-SWE,Zone_7A Very cold Humid,rur,q3,2025,0.11874172487403879
C-WEU-SWE,Zone_7A Very cold Humid,urb,q3,2025,0.11874172487403879
C-WEU-SWE,Zone_8A Subarctic/arctic Humid,rur,q3,2025,0.11874172487403879
C-WEU-SWE,Zone_8A Subarctic/arctic Humid,urb,q3,2025,0.11874172487403879
C-EEU-SVN,Zone_4A Mixed Humid,rur,q3,2025,0.15590107991937044
C-EEU-SVN,Zone_4A Mixed Humid,urb,q3,2025,0.15590107991937044
C-EEU-SVN,Zone_5A Cool Humid,rur,q3,2025,0.15590107991937044
C-EEU-SVN,Zone_5A Cool Humid,urb,q3,2025,0.15590107991937044
C-EEU-SVN,Zone_7A Very cold Humid,rur,q3,2025,0.15590107991937044
C-EEU-SVN,Zone_7A Very cold Humid,urb,q3,2025,0.15590107991937044
C-EEU-SVK,Zone_5A Cool Humid,rur,q3,2025,0.2473447981540895
C-EEU-SVK,Zone_5A Cool Humid,urb,q3,2025,0.2473447981540895
C-EEU-SVK,Zone_6A Cold Humid,rur,q3,2025,0.2473447981540895
C-EEU-SVK,Zone_6A Cold Humid,urb,q3,2025,0.2473447981540895
C-WEU-AUT,Zone_5A Cool Humid,rur,q1,2030,0.20403577073281814
C-WEU-AUT,Zone_5A Cool Humid,urb,q1,2030,0.20403577073281814
C-WEU-AUT,Zone_4A Mixed Humid,rur,q1,2030,0.20403577073281814
C-WEU-AUT,Zone_4A Mixed Humid,urb,q1,2030,0.20403577073281814
C-WEU-AUT,Zone_6A Cold Humid,rur,q1,2030,0.20403577073281814
C-WEU-AUT,Zone_6A Cold Humid,urb,q1,2030,0.20403577073281814
C-WEU-AUT,Zone_7A Very cold Humid,rur,q1,2030,0.20403577073281814
C-WEU-AUT,Zone_7A Very cold Humid,urb,q1,2030,0.20403577073281814
C-WEU-BEL,Zone_4A Mixed Humid,rur,q1,2030,0.186255550332
C-WEU-BEL,Zone_4A Mixed Humid,urb,q1,2030,0.186255550332
C-WEU-BEL,Zone_5A Cool Humid,rur,q1,2030,0.186255550332
C-WEU-BEL,Zone_5A Cool Humid,urb,q1,2030,0.186255550332
C-EEU-BGR,Zone_4A Mixed Humid,rur,q1,2030,0.11382686827143142
C-EEU-BGR,Zone_4A Mixed Humid,urb,q1,2030,0.11382686827143142
C-EEU-BGR,Zone_5A Cool Humid,rur,q1,2030,0.11382686827143142
C-EEU-BGR,Zone_5A Cool Humid,urb,q1,2030,0.11382686827143142
C-WEU-CYP,Zone_3A Warm Humid,rur,q1,2030,0.2005691012436
C-WEU-CYP,Zone_3A Warm Humid,urb,q1,2030,0.2005691012436
C-EEU-CZE,Zone_5A Cool Humid,rur,q1,2030,0.178966881852
C-EEU-CZE,Zone_5A Cool Humid,urb,q1,2030,0.178966881852
C-WEU-DEU,Zone_5A Cool Humid,rur,q1,2030,0.2039325065856036
C-WEU-DEU,Zone_5A Cool Humid,urb,q1,2030,0.2039325065856036
C-WEU-DEU,Zone_4A Mixed Humid,rur,q1,2030,0.2039325065856036
C-WEU-DEU,Zone_4A Mixed Humid,urb,q1,2030,0.2039325065856036
C-WEU-DEU,Zone_6A Cold Humid,rur,q1,2030,0.2039325065856036
C-WEU-DEU,Zone_6A Cold Humid,urb,q1,2030,0.2039325065856036
C-WEU-DNK,Zone_5A Cool Humid,rur,q1,2030,0.1090050852573
C-WEU-DNK,Zone_5A Cool Humid,urb,q1,2030,0.1090050852573
C-EEU-EST,Zone_6A Cold Humid,rur,q1,2030,0.06077056578880001
C-EEU-EST,Zone_6A Cold Humid,urb,q1,2030,0.06077056578880001
C-WEU-GRC,Zone_3A Warm Humid,rur,q1,2030,0.4073056939540071
C-WEU-GRC,Zone_3A Warm Humid,urb,q1,2030,0.4073056939540071
C-WEU-GRC,Zone_4A Mixed Humid,rur,q1,2030,0.4073056939540071
C-WEU-GRC,Zone_4A Mixed Humid,urb,q1,2030,0.4073056939540071
C-WEU-GRC,Zone_4C Mixed Marine,rur,q1,2030,0.4073056939540071
C-WEU-GRC,Zone_4C Mixed Marine,urb,q1,2030,0.4073056939540071
C-WEU-GRC,Zone_5C Cool Marine,rur,q1,2030,0.4073056939540071
C-WEU-GRC,Zone_5C Cool Marine,urb,q1,2030,0.4073056939540071
C-WEU-GRC,Zone_5A Cool Humid,rur,q1,2030,0.4073056939540071
C-WEU-GRC,Zone_5A Cool Humid,urb,q1,2030,0.4073056939540071
C-WEU-ESP,Zone_3C Warm Marine,rur,q1,2030,0.4036876157001351
C-WEU-ESP,Zone_3C Warm Marine,urb,q1,2030,0.4036876157001351
C-WEU-ESP,Zone_4C Mixed Marine,rur,q1,2030,0.4036876157001351
C-WEU-ESP,Zone_4C Mixed Marine,urb,q1,2030,0.4036876157001351
C-WEU-ESP,Zone_4A Mixed Humid,rur,q1,2030,0.4036876157001351
C-WEU-ESP,Zone_4A Mixed Humid,urb,q1,2030,0.4036876157001351
C-WEU-ESP,Zone_3A Warm Humid,rur,q1,2030,0.4036876157001351
C-WEU-ESP,Zone_3A Warm Humid,urb,q1,2030,0.4036876157001351
C-WEU-ESP,Zone_3B Warm Dry,rur,q1,2030,0.4036876157001351
C-WEU-ESP,Zone_3B Warm Dry,urb,q1,2030,0.4036876157001351
C-WEU-ESP,Zone_2B Hot Dry,rur,q1,2030,0.4036876157001351
C-WEU-ESP,Zone_2B Hot Dry,urb,q1,2030,0.4036876157001351
C-WEU-FIN,Zone_6A Cold Humid,rur,q1,2030,0.08228732180956111
C-WEU-FIN,Zone_6A Cold Humid,urb,q1,2030,0.08228732180956111
C-WEU-FIN,Zone_7A Very cold Humid,rur,q1,2030,0.08228732180956111
C-WEU-FIN,Zone_7A Very cold Humid,urb,q1,2030,0.08228732180956111
C-WEU-FRA,Zone_4A Mixed Humid,rur,q1,2030,0.21568535825001833
C-WEU-FRA,Zone_4A Mixed Humid,urb,q1,2030,0.21568535825001833
C-WEU-FRA,Zone_5A Cool Humid,rur,q1,2030,0.21568535825001833
C-WEU-FRA,Zone_5A Cool Humid,urb,q1,2030,0.21568535825001833
C-WEU-FRA,Zone_3A Warm Humid,rur,q1,2030,0.21568535825001833
C-WEU-FRA,Zone_3A Warm Humid,urb,q1,2030,0.21568535825001833
C-WEU-FRA,Zone_7A Very cold Humid,rur,q1,2030,0.21568535825001833
C-WEU-FRA,Zone_7A Very cold Humid,urb,q1,2030,0.21568535825001833
C-WEU-FRA,Zone_4C Mixed Marine,rur,q1,2030,0.21568535825001833
C-WEU-FRA,Zone_4C Mixed Marine,urb,q1,2030,0.21568535825001833
C-WEU-FRA,Zone_3C Warm Marine,rur,q1,2030,0.21568535825001833
C-WEU-FRA,Zone_3C Warm Marine,urb,q1,2030,0.21568535825001833
C-WEU-FRA,Zone_1A Very hot Humid,rur,q1,2030,0.21568535825001833
C-WEU-FRA,Zone_1A Very hot Humid,urb,q1,2030,0.21568535825001833
C-WEU-FRA,Zone_2A Hot Humid,rur,q1,2030,0.21568535825001833
C-WEU-FRA,Zone_2A Hot Humid,urb,q1,2030,0.21568535825001833
C-WEU-FRA,Zone_0A Extremely hot Humid,rur,q1,2030,0.21568535825001833
C-WEU-FRA,Zone_0A Extremely hot Humid,urb,q1,2030,0.21568535825001833
C-EEU-HRV,Zone_4A Mixed Humid,rur,q1,2030,0.16989356492443414
C-EEU-HRV,Zone_4A Mixed Humid,urb,q1,2030,0.16989356492443414
C-EEU-HRV,Zone_5A Cool Humid,rur,q1,2030,0.16989356492443414
C-EEU-HRV,Zone_5A Cool Humid,urb,q1,2030,0.16989356492443414
C-EEU-HRV,Zone_4C Mixed Marine,rur,q1,2030,0.16989356492443414
C-EEU-HRV,Zone_4C Mixed Marine,urb,q1,2030,0.16989356492443414
C-EEU-HRV,Zone_3A Warm Humid,rur,q1,2030,0.16989356492443414
C-EEU-HRV,Zone_3A Warm Humid,urb,q1,2030,0.16989356492443414
C-EEU-HUN,Zone_4A Mixed Humid,rur,q1,2030,0.18888392730235884
C-EEU-HUN,Zone_4A Mixed Humid,urb,q1,2030,0.18888392730235884
C-EEU-HUN,Zone_5A Cool Humid,rur,q1,2030,0.18888392730235884
C-EEU-HUN,Zone_5A Cool Humid,urb,q1,2030,0.18888392730235884
C-WEU-IRL,Zone_5A Cool Humid,rur,q1,2030,0.043218981589600004
C-WEU-IRL,Zone_5A Cool Humid,urb,q1,2030,0.043218981589600004
C-WEU-IRL,Zone_4A Mixed Humid,rur,q1,2030,0.043218981589600004
C-WEU-IRL,Zone_4A Mixed Humid,urb,q1,2030,0.043218981589600004
C-WEU-ITA,Zone_4A Mixed Humid,rur,q1,2030,0.3329167114032616
C-WEU-ITA,Zone_4A Mixed Humid,urb,q1,2030,0.3329167114032616
C-WEU-ITA,Zone_5A Cool Humid,rur,q1,2030,0.3329167114032616
C-WEU-ITA,Zone_5A Cool Humid,urb,q1,2030,0.3329167114032616
C-WEU-ITA,Zone_7A Very cold Humid,rur,q1,2030,0.3329167114032616
C-WEU-ITA,Zone_7A Very cold Humid,urb,q1,2030,0.3329167114032616
C-WEU-ITA,Zone_6A Cold Humid,rur,q1,2030,0.3329167114032616
C-WEU-ITA,Zone_6A Cold Humid,urb,q1,2030,0.3329167114032616
C-WEU-ITA,Zone_3A Warm Humid,rur,q1,2030,0.3329167114032616
C-WEU-ITA,Zone_3A Warm Humid,urb,q1,2030,0.3329167114032616
C-WEU-ITA,Zone_4C Mixed Marine,rur,q1,2030,0.3329167114032616
C-WEU-ITA,Zone_4C Mixed Marine,urb,q1,2030,0.3329167114032616
C-WEU-ITA,Zone_5C Cool Marine,rur,q1,2030,0.3329167114032616
C-WEU-ITA,Zone_5C Cool Marine,urb,q1,2030,0.3329167114032616
C-EEU-LTU,Zone_6A Cold Humid,rur,q1,2030,0.0624760511448
C-EEU-LTU,Zone_6A Cold Humid,urb,q1,2030,0.0624760511448
C-EEU-LTU,Zone_5A Cool Humid,rur,q1,2030,0.0624760511448
C-EEU-LTU,Zone_5A Cool Humid,urb,q1,2030,0.0624760511448
C-WEU-LUX,Zone_5A Cool Humid,rur,q1,2030,0.172465360195
C-WEU-LUX,Zone_5A Cool Humid,urb,q1,2030,0.172465360195
C-EEU-LVA,Zone_6A Cold Humid,rur,q1,2030,0.0479844244643
C-EEU-LVA,Zone_6A Cold Humid,urb,q1,2030,0.0479844244643
C-WEU-MLT,Zone_3A Warm Humid,rur,q1,2030,0.72026130828
C-WEU-MLT,Zone_3A Warm Humid,urb,q1,2030,0.72026130828
C-WEU-NLD,Zone_5A Cool Humid,rur,q1,2030,0.1495656446259173
C-WEU-NLD,Zone_5A Cool Humid,urb,q1,2030,0.1495656446259173
C-WEU-NLD,Zone_4A Mixed Humid,rur,q1,2030,0.1495656446259173
C-WEU-NLD,Zone_4A Mixed Humid,urb,q1,2030,0.1495656446259173
C-EEU-POL,Zone_5A Cool Humid,rur,q1,2030,0.09834624211210002
C-EEU-POL,Zone_5A Cool Humid,urb,q1,2030,0.09834624211210002
C-EEU-POL,Zone_6A Cold Humid,rur,q1,2030,0.09834624211210002
C-EEU-POL,Zone_6A Cold Humid,urb,q1,2030,0.09834624211210002
C-WEU-PRT,Zone_3C Warm Marine,rur,q1,2030,0.1999052899766517
C-WEU-PRT,Zone_3C Warm Marine,urb,q1,2030,0.1999052899766517
C-WEU-PRT,Zone_4C Mixed Marine,rur,q1,2030,0.1999052899766517
C-WEU-PRT,Zone_4C Mixed Marine,urb,q1,2030,0.1999052899766517
C-WEU-PRT,Zone_4A Mixed Humid,rur,q1,2030,0.1999052899766517
C-WEU-PRT,Zone_4A Mixed Humid,urb,q1,2030,0.1999052899766517
C-WEU-PRT,Zone_3A Warm Humid,rur,q1,2030,0.1999052899766517
C-WEU-PRT,Zone_3A Warm Humid,urb,q1,2030,0.1999052899766517
C-EEU-ROU,Zone_5A Cool Humid,rur,q1,2030,0.09159875720812825
C-EEU-ROU,Zone_5A Cool Humid,urb,q1,2030,0.09159875720812825
C-EEU-ROU,Zone_6A Cold Humid,rur,q1,2030,0.09159875720812825
C-EEU-ROU,Zone_6A Cold Humid,urb,q1,2030,0.09159875720812825
C-EEU-ROU,Zone_4A Mixed Humid,rur,q1,2030,0.09159875720812825
C-EEU-ROU,Zone_4A Mixed Humid,urb,q1,2030,0.09159875720812825
C-WEU-SWE,Zone_6A Cold Humid,rur,q1,2030,0.11181741509071041
C-WEU-SWE,Zone_6A Cold Humid,urb,q1,2030,0.11181741509071041
C-WEU-SWE,Zone_5A Cool Humid,rur,q1,2030,0.11181741509071041
C-WEU-SWE,Zone_5A Cool Humid,urb,q1,2030,0.11181741509071041
C-WEU-SWE,Zone_7A Very cold Humid,rur,q1,2030,0.11181741509071041
C-WEU-SWE,Zone_7A Very cold Humid,urb,q1,2030,0.11181741509071041
C-WEU-SWE,Zone_8A Subarctic/arctic Humid,rur,q1,2030,0.11181741509071041
C-WEU-SWE,Zone_8A Subarctic/arctic Humid,urb,q1,2030,0.11181741509071041
C-EEU-SVN,Zone_4A Mixed Humid,rur,q1,2030,0.11203615283492031
C-EEU-SVN,Zone_4A Mixed Humid,urb,q1,2030,0.11203615283492031
C-EEU-SVN,Zone_5A Cool Humid,rur,q1,2030,0.11203615283492031
C-EEU-SVN,Zone_5A Cool Humid,urb,q1,2030,0.11203615283492031
C-EEU-SVN,Zone_7A Very cold Humid,rur,q1,2030,0.11203615283492031
C-EEU-SVN,Zone_7A Very cold Humid,urb,q1,2030,0.11203615283492031
C-EEU-SVK,Zone_5A Cool Humid,rur,q1,2030,0.14718308500260385
C-EEU-SVK,Zone_5A Cool Humid,urb,q1,2030,0.14718308500260385
C-EEU-SVK,Zone_6A Cold Humid,rur,q1,2030,0.14718308500260385
C-EEU-SVK,Zone_6A Cold Humid,urb,q1,2030,0.14718308500260385
C-WEU-AUT,Zone_5A Cool Humid,rur,q2,2030,0.22206285800675635
C-WEU-AUT,Zone_5A Cool Humid,urb,q2,2030,0.22206285800675635
C-WEU-AUT,Zone_4A Mixed Humid,rur,q2,2030,0.22206285800675635
C-WEU-AUT,Zone_4A Mixed Humid,urb,q2,2030,0.22206285800675635
C-WEU-AUT,Zone_6A Cold Humid,rur,q2,2030,0.22206285800675635
C-WEU-AUT,Zone_6A Cold Humid,urb,q2,2030,0.22206285800675635
C-WEU-AUT,Zone_7A Very cold Humid,rur,q2,2030,0.22206285800675635
C-WEU-AUT,Zone_7A Very cold Humid,urb,q2,2030,0.22206285800675635
C-WEU-BEL,Zone_4A Mixed Humid,rur,q2,2030,0.1939447392466
C-WEU-BEL,Zone_4A Mixed Humid,urb,q2,2030,0.1939447392466
C-WEU-BEL,Zone_5A Cool Humid,rur,q2,2030,0.1939447392466
C-WEU-BEL,Zone_5A Cool Humid,urb,q2,2030,0.1939447392466
C-EEU-BGR,Zone_4A Mixed Humid,rur,q2,2030,0.38054831680835943
C-EEU-BGR,Zone_4A Mixed Humid,urb,q2,2030,0.38054831680835943
C-EEU-BGR,Zone_5A Cool Humid,rur,q2,2030,0.38054831680835943
C-EEU-BGR,Zone_5A Cool Humid,urb,q2,2030,0.38054831680835943
C-WEU-CYP,Zone_3A Warm Humid,rur,q2,2030,0.609444288056
C-WEU-CYP,Zone_3A Warm Humid,urb,q2,2030,0.609444288056
C-EEU-CZE,Zone_5A Cool Humid,rur,q2,2030,0.210126239274
C-EEU-CZE,Zone_5A Cool Humid,urb,q2,2030,0.210126239274
C-WEU-DEU,Zone_5A Cool Humid,rur,q2,2030,0.23184902943624305
C-WEU-DEU,Zone_5A Cool Humid,urb,q2,2030,0.23184902943624305
C-WEU-DEU,Zone_4A Mixed Humid,rur,q2,2030,0.23184902943624305
C-WEU-DEU,Zone_4A Mixed Humid,urb,q2,2030,0.23184902943624305
C-WEU-DEU,Zone_6A Cold Humid,rur,q2,2030,0.23184902943624305
C-WEU-DEU,Zone_6A Cold Humid,urb,q2,2030,0.23184902943624305
C-WEU-DNK,Zone_5A Cool Humid,rur,q2,2030,0.11753864650300001
C-WEU-DNK,Zone_5A Cool Humid,urb,q2,2030,0.11753864650300001
C-EEU-EST,Zone_6A Cold Humid,rur,q2,2030,0.0979820383104
C-EEU-EST,Zone_6A Cold Humid,urb,q2,2030,0.0979820383104
C-WEU-GRC,Zone_3A Warm Humid,rur,q2,2030,0.6598599187046353
C-WEU-GRC,Zone_3A Warm Humid,urb,q2,2030,0.6598599187046353
C-WEU-GRC,Zone_4A Mixed Humid,rur,q2,2030,0.6598599187046353
C-WEU-GRC,Zone_4A Mixed Humid,urb,q2,2030,0.6598599187046353
C-WEU-GRC,Zone_4C Mixed Marine,rur,q2,2030,0.6598599187046353
C-WEU-GRC,Zone_4C Mixed Marine,urb,q2,2030,0.6598599187046353
C-WEU-GRC,Zone_5C Cool Marine,rur,q2,2030,0.6598599187046353
C-WEU-GRC,Zone_5C Cool Marine,urb,q2,2030,0.6598599187046353
C-WEU-GRC,Zone_5A Cool Humid,rur,q2,2030,0.6598599187046353
C-WEU-GRC,Zone_5A Cool Humid,urb,q2,2030,0.6598599187046353
C-WEU-ESP,Zone_3C Warm Marine,rur,q2,2030,0.6055814701550656
C-WEU-ESP,Zone_3C Warm Marine,urb,q2,2030,0.6055814701550656
C-WEU-ESP,Zone_4C Mixed Marine,rur,q2,2030,0.6055814701550656
C-WEU-ESP,Zone_4C Mixed Marine,urb,q2,2030,0.6055814701550656
C-WEU-ESP,Zone_4A Mixed Humid,rur,q2,2030,0.6055814701550656
C-WEU-ESP,Zone_4A Mixed Humid,urb,q2,2030,0.6055814701550656
C-WEU-ESP,Zone_3A Warm Humid,rur,q2,2030,0.6055814701550656
C-WEU-ESP,Zone_3A Warm Humid,urb,q2,2030,0.6055814701550656
C-WEU-ESP,Zone_3B Warm Dry,rur,q2,2030,0.6055814701550656
C-WEU-ESP,Zone_3B Warm Dry,urb,q2,2030,0.6055814701550656
C-WEU-ESP,Zone_2B Hot Dry,rur,q2,2030,0.6055814701550656
C-WEU-ESP,Zone_2B Hot Dry,urb,q2,2030,0.6055814701550656
C-WEU-FIN,Zone_6A Cold Humid,rur,q2,2030,0.08984368500021445
C-WEU-FIN,Zone_6A Cold Humid,urb,q2,2030,0.08984368500021445
C-WEU-FIN,Zone_7A Very cold Humid,rur,q2,2030,0.08984368500021445
C-WEU-FIN,Zone_7A Very cold Humid,urb,q2,2030,0.08984368500021445
C-WEU-FRA,Zone_4A Mixed Humid,rur,q2,2030,0.2571749078564863
C-WEU-FRA,Zone_4A Mixed Humid,urb,q2,2030,0.2571749078564863
C-WEU-FRA,Zone_5A Cool Humid,rur,q2,2030,0.2571749078564863
C-WEU-FRA,Zone_5A Cool Humid,urb,q2,2030,0.2571749078564863
C-WEU-FRA,Zone_3A Warm Humid,rur,q2,2030,0.2571749078564863
C-WEU-FRA,Zone_3A Warm Humid,urb,q2,2030,0.2571749078564863
C-WEU-FRA,Zone_7A Very cold Humid,rur,q2,2030,0.2571749078564863
C-WEU-FRA,Zone_7A Very cold Humid,urb,q2,2030,0.2571749078564863
C-WEU-FRA,Zone_4C Mixed Marine,rur,q2,2030,0.2571749078564863
C-WEU-FRA,Zone_4C Mixed Marine,urb,q2,2030,0.2571749078564863
C-WEU-FRA,Zone_3C Warm Marine,rur,q2,2030,0.2571749078564863
C-WEU-FRA,Zone_3C Warm Marine,urb,q2,2030,0.2571749078564863
C-WEU-FRA,Zone_1A Very hot Humid,rur,q2,2030,0.2571749078564863
C-WEU-FRA,Zone_1A Very hot Humid,urb,q2,2030,0.2571749078564863
C-WEU-FRA,Zone_2A Hot Humid,rur,q2,2030,0.2571749078564863
C-WEU-FRA,Zone_2A Hot Humid,urb,q2,2030,0.2571749078564863
C-WEU-FRA,Zone_0A Extremely hot Humid,rur,q2,2030,0.2571749078564863
C-WEU-FRA,Zone_0A Extremely hot Humid,urb,q2,2030,0.2571749078564863
C-EEU-HRV,Zone_4A Mixed Humid,rur,q2,2030,0.35010599296223144
C-EEU-HRV,Zone_4A Mixed Humid,urb,q2,2030,0.35010599296223144
C-EEU-HRV,Zone_5A Cool Humid,rur,q2,2030,0.35010599296223144
C-EEU-HRV,Zone_5A Cool Humid,urb,q2,2030,0.35010599296223144
C-EEU-HRV,Zone_4C Mixed Marine,rur,q2,2030,0.35010599296223144
C-EEU-HRV,Zone_4C Mixed Marine,urb,q2,2030,0.35010599296223144
C-EEU-HRV,Zone_3A Warm Humid,rur,q2,2030,0.35010599296223144
C-EEU-HRV,Zone_3A Warm Humid,urb,q2,2030,0.35010599296223144
C-EEU-HUN,Zone_4A Mixed Humid,rur,q2,2030,0.3604716928571981
C-EEU-HUN,Zone_4A Mixed Humid,urb,q2,2030,0.3604716928571981
C-EEU-HUN,Zone_5A Cool Humid,rur,q2,2030,0.3604716928571981
C-EEU-HUN,Zone_5A Cool Humid,urb,q2,2030,0.3604716928571981
C-WEU-IRL,Zone_5A Cool Humid,rur,q2,2030,0.0513199530988
C-WEU-IRL,Zone_5A Cool Humid,urb,q2,2030,0.0513199530988
C-WEU-IRL,Zone_4A Mixed Humid,rur,q2,2030,0.0513199530988
C-WEU-IRL,Zone_4A Mixed Humid,urb,q2,2030,0.0513199530988
C-WEU-ITA,Zone_4A Mixed Humid,rur,q2,2030,0.49902660787802183
C-WEU-ITA,Zone_4A Mixed Humid,urb,q2,2030,0.49902660787802183
C-WEU-ITA,Zone_5A Cool Humid,rur,q2,2030,0.49902660787802183
C-WEU-ITA,Zone_5A Cool Humid,urb,q2,2030,0.49902660787802183
C-WEU-ITA,Zone_7A Very cold Humid,rur,q2,2030,0.49902660787802183
C-WEU-ITA,Zone_7A Very cold Humid,urb,q2,2030,0.49902660787802183
C-WEU-ITA,Zone_6A Cold Humid,rur,q2,2030,0.49902660787802183
C-WEU-ITA,Zone_6A Cold Humid,urb,q2,2030,0.49902660787802183
C-WEU-ITA,Zone_3A Warm Humid,rur,q2,2030,0.49902660787802183
C-WEU-ITA,Zone_3A Warm Humid,urb,q2,2030,0.49902660787802183
C-WEU-ITA,Zone_4C Mixed Marine,rur,q2,2030,0.49902660787802183
C-WEU-ITA,Zone_4C Mixed Marine,urb,q2,2030,0.49902660787802183
C-WEU-ITA,Zone_5C Cool Marine,rur,q2,2030,0.49902660787802183
C-WEU-ITA,Zone_5C Cool Marine,urb,q2,2030,0.49902660787802183
C-EEU-LTU,Zone_6A Cold Humid,rur,q2,2030,0.15411274433400002
C-EEU-LTU,Zone_6A Cold Humid,urb,q2,2030,0.15411274433400002
C-EEU-LTU,Zone_5A Cool Humid,rur,q2,2030,0.15411274433400002
C-EEU-LTU,Zone_5A Cool Humid,urb,q2,2030,0.15411274433400002
C-WEU-LUX,Zone_5A Cool Humid,rur,q2,2030,0.17273515238
C-WEU-LUX,Zone_5A Cool Humid,urb,q2,2030,0.17273515238
C-EEU-LVA,Zone_6A Cold Humid,rur,q2,2030,0.12210671290059999
C-EEU-LVA,Zone_6A Cold Humid,urb,q2,2030,0.12210671290059999
C-WEU-MLT,Zone_3A Warm Humid,rur,q2,2030,0.87280914788
C-WEU-MLT,Zone_3A Warm Humid,urb,q2,2030,0.87280914788
C-WEU-NLD,Zone_5A Cool Humid,rur,q2,2030,0.15624033301867235
C-WEU-NLD,Zone_5A Cool Humid,urb,q2,2030,0.15624033301867235
C-WEU-NLD,Zone_4A Mixed Humid,rur,q2,2030,0.15624033301867235
C-WEU-NLD,Zone_4A Mixed Humid,urb,q2,2030,0.15624033301867235
C-EEU-POL,Zone_5A Cool Humid,rur,q2,2030,0.21046678218
C-EEU-POL,Zone_5A Cool Humid,urb,q2,2030,0.21046678218
C-EEU-POL,Zone_6A Cold Humid,rur,q2,2030,0.21046678218
C-EEU-POL,Zone_6A Cold Humid,urb,q2,2030,0.21046678218
C-WEU-PRT,Zone_3C Warm Marine,rur,q2,2030,0.45972493085364585
C-WEU-PRT,Zone_3C Warm Marine,urb,q2,2030,0.45972493085364585
C-WEU-PRT,Zone_4C Mixed Marine,rur,q2,2030,0.45972493085364585
C-WEU-PRT,Zone_4C Mixed Marine,urb,q2,2030,0.45972493085364585
C-WEU-PRT,Zone_4A Mixed Humid,rur,q2,2030,0.45972493085364585
C-WEU-PRT,Zone_4A Mixed Humid,urb,q2,2030,0.45972493085364585
C-WEU-PRT,Zone_3A Warm Humid,rur,q2,2030,0.45972493085364585
C-WEU-PRT,Zone_3A Warm Humid,urb,q2,2030,0.45972493085364585
C-EEU-ROU,Zone_5A Cool Humid,rur,q2,2030,0.23796269217516797
C-EEU-ROU,Zone_5A Cool Humid,urb,q2,2030,0.23796269217516797
C-EEU-ROU,Zone_6A Cold Humid,rur,q2,2030,0.23796269217516797
C-EEU-ROU,Zone_6A Cold Humid,urb,q2,2030,0.23796269217516797
C-EEU-ROU,Zone_4A Mixed Humid,rur,q2,2030,0.23796269217516797
C-EEU-ROU,Zone_4A Mixed Humid,urb,q2,2030,0.23796269217516797
C-WEU-SWE,Zone_6A Cold Humid,rur,q2,2030,0.11838050854383267
C-WEU-SWE,Zone_6A Cold Humid,urb,q2,2030,0.11838050854383267
C-WEU-SWE,Zone_5A Cool Humid,rur,q2,2030,0.11838050854383267
C-WEU-SWE,Zone_5A Cool Humid,urb,q2,2030,0.11838050854383267
C-WEU-SWE,Zone_7A Very cold Humid,rur,q2,2030,0.11838050854383267
C-WEU-SWE,Zone_7A Very cold Humid,urb,q2,2030,0.11838050854383267
C-WEU-SWE,Zone_8A Subarctic/arctic Humid,rur,q2,2030,0.11838050854383267
C-WEU-SWE,Zone_8A Subarctic/arctic Humid,urb,q2,2030,0.11838050854383267
C-EEU-SVN,Zone_4A Mixed Humid,rur,q2,2030,0.14781938049032609
C-EEU-SVN,Zone_4A Mixed Humid,urb,q2,2030,0.14781938049032609
C-EEU-SVN,Zone_5A Cool Humid,rur,q2,2030,0.14781938049032609
C-EEU-SVN,Zone_5A Cool Humid,urb,q2,2030,0.14781938049032609
C-EEU-SVN,Zone_7A Very cold Humid,rur,q2,2030,0.14781938049032609
C-EEU-SVN,Zone_7A Very cold Humid,urb,q2,2030,0.14781938049032609
C-EEU-SVK,Zone_5A Cool Humid,rur,q2,2030,0.23261373819218742
C-EEU-SVK,Zone_5A Cool Humid,urb,q2,2030,0.23261373819218742
C-EEU-SVK,Zone_6A Cold Humid,rur,q2,2030,0.23261373819218742
C-EEU-SVK,Zone_6A Cold Humid,urb,q2,2030,0.23261373819218742
C-WEU-AUT,Zone_5A Cool Humid,rur,q3,2030,0.223166155121232
C-WEU-AUT,Zone_5A Cool Humid,urb,q3,2030,0.223166155121232
C-WEU-AUT,Zone_4A Mixed Humid,rur,q3,2030,0.223166155121232
C-WEU-AUT,Zone_4A Mixed Humid,urb,q3,2030,0.223166155121232
C-WEU-AUT,Zone_6A Cold Humid,rur,q3,2030,0.223166155121232
C-WEU-AUT,Zone_6A Cold Humid,urb,q3,2030,0.223166155121232
C-WEU-AUT,Zone_7A Very cold Humid,rur,q3,2030,0.223166155121232
C-WEU-AUT,Zone_7A Very cold Humid,urb,q3,2030,0.223166155121232
C-WEU-BEL,Zone_4A Mixed Humid,rur,q3,2030,0.19418991678929998
C-WEU-BEL,Zone_4A Mixed Humid,urb,q3,2030,0.19418991678929998
C-WEU-BEL,Zone_5A Cool Humid,rur,q3,2030,0.19418991678929998
C-WEU-BEL,Zone_5A Cool Humid,urb,q3,2030,0.19418991678929998
C-EEU-BGR,Zone_4A Mixed Humid,rur,q3,2030,0.4428739956071214
C-EEU-BGR,Zone_4A Mixed Humid,urb,q3,2030,0.4428739956071214
C-EEU-BGR,Zone_5A Cool Humid,rur,q3,2030,0.4428739956071214
C-EEU-BGR,Zone_5A Cool Humid,urb,q3,2030,0.4428739956071214
C-WEU-CYP,Zone_3A Warm Humid,rur,q3,2030,0.845221556457
C-WEU-CYP,Zone_3A Warm Humid,urb,q3,2030,0.845221556457
C-EEU-CZE,Zone_5A Cool Humid,rur,q3,2030,0.213041397498
C-EEU-CZE,Zone_5A Cool Humid,urb,q3,2030,0.213041397498
C-WEU-DEU,Zone_5A Cool Humid,rur,q3,2030,0.23385495619756982
C-WEU-DEU,Zone_5A Cool Humid,urb,q3,2030,0.23385495619756982
C-WEU-DEU,Zone_4A Mixed Humid,rur,q3,2030,0.23385495619756982
C-WEU-DEU,Zone_4A Mixed Humid,urb,q3,2030,0.23385495619756982
C-WEU-DEU,Zone_6A Cold Humid,rur,q3,2030,0.23385495619756982
C-WEU-DEU,Zone_6A Cold Humid,urb,q3,2030,0.23385495619756982
C-WEU-DNK,Zone_5A Cool Humid,rur,q3,2030,0.11841893366200001
C-WEU-DNK,Zone_5A Cool Humid,urb,q3,2030,0.11841893366200001
C-EEU-EST,Zone_6A Cold Humid,rur,q3,2030,0.103293516672
C-EEU-EST,Zone_6A Cold Humid,urb,q3,2030,0.103293516672
C-WEU-GRC,Zone_3A Warm Humid,rur,q3,2030,0.6991428730229421
C-WEU-GRC,Zone_3A Warm Humid,urb,q3,2030,0.6991428730229421
C-WEU-GRC,Zone_4A Mixed Humid,rur,q3,2030,0.6991428730229421
C-WEU-GRC,Zone_4A Mixed Humid,urb,q3,2030,0.6991428730229421
C-WEU-GRC,Zone_4C Mixed Marine,rur,q3,2030,0.6991428730229421
C-WEU-GRC,Zone_4C Mixed Marine,urb,q3,2030,0.6991428730229421
C-WEU-GRC,Zone_5C Cool Marine,rur,q3,2030,0.6991428730229421
C-WEU-GRC,Zone_5C Cool Marine,urb,q3,2030,0.6991428730229421
C-WEU-GRC,Zone_5A Cool Humid,rur,q3,2030,0.6991428730229421
C-WEU-GRC,Zone_5A Cool Humid,urb,q3,2030,0.6991428730229421
C-WEU-ESP,Zone_3C Warm Marine,rur,q3,2030,0.6365459700602561
C-WEU-ESP,Zone_3C Warm Marine,urb,q3,2030,0.6365459700602561
C-WEU-ESP,Zone_4C Mixed Marine,rur,q3,2030,0.6365459700602561
C-WEU-ESP,Zone_4C Mixed Marine,urb,q3,2030,0.6365459700602561
C-WEU-ESP,Zone_4A Mixed Humid,rur,q3,2030,0.6365459700602561
C-WEU-ESP,Zone_4A Mixed Humid,urb,q3,2030,0.6365459700602561
C-WEU-ESP,Zone_3A Warm Humid,rur,q3,2030,0.6365459700602561
C-WEU-ESP,Zone_3A Warm Humid,urb,q3,2030,0.6365459700602561
C-WEU-ESP,Zone_3B Warm Dry,rur,q3,2030,0.6365459700602561
C-WEU-ESP,Zone_3B Warm Dry,urb,q3,2030,0.6365459700602561
C-WEU-ESP,Zone_2B Hot Dry,rur,q3,2030,0.6365459700602561
C-WEU-ESP,Zone_2B Hot Dry,urb,q3,2030,0.6365459700602561
C-WEU-FIN,Zone_6A Cold Humid,rur,q3,2030,0.0904240552004565
C-WEU-FIN,Zone_6A Cold Humid,urb,q3,2030,0.0904240552004565
C-WEU-FIN,Zone_7A Very cold Humid,rur,q3,2030,0.0904240552004565
C-WEU-FIN,Zone_7A Very cold Humid,urb,q3,2030,0.0904240552004565
C-WEU-FRA,Zone_4A Mixed Humid,rur,q3,2030,0.2624939075086273
C-WEU-FRA,Zone_4A Mixed Humid,urb,q3,2030,0.2624939075086273
C-WEU-FRA,Zone_5A Cool Humid,rur,q3,2030,0.2624939075086273
C-WEU-FRA,Zone_5A Cool Humid,urb,q3,2030,0.2624939075086273
C-WEU-FRA,Zone_3A Warm Humid,rur,q3,2030,0.2624939075086273
C-WEU-FRA,Zone_3A Warm Humid,urb,q3,2030,0.2624939075086273
C-WEU-FRA,Zone_7A Very cold Humid,rur,q3,2030,0.2624939075086273
C-WEU-FRA,Zone_7A Very cold Humid,urb,q3,2030,0.2624939075086273
C-WEU-FRA,Zone_4C Mixed Marine,rur,q3,2030,0.2624939075086273
C-WEU-FRA,Zone_4C Mixed Marine,urb,q3,2030,0.2624939075086273
C-WEU-FRA,Zone_3C Warm Marine,rur,q3,2030,0.2624939075086273
C-WEU-FRA,Zone_3C Warm Marine,urb,q3,2030,0.2624939075086273
C-WEU-FRA,Zone_1A Very hot Humid,rur,q3,2030,0.2624939075086273
C-WEU-FRA,Zone_1A Very hot Humid,urb,q3,2030,0.2624939075086273
C-WEU-FRA,Zone_2A Hot Humid,rur,q3,2030,0.2624939075086273
C-WEU-FRA,Zone_2A Hot Humid,urb,q3,2030,0.2624939075086273
C-WEU-FRA,Zone_0A Extremely hot Humid,rur,q3,2030,0.2624939075086273
C-WEU-FRA,Zone_0A Extremely hot Humid,urb,q3,2030,0.2624939075086273
C-EEU-HRV,Zone_4A Mixed Humid,rur,q3,2030,0.4224213880836796
C-EEU-HRV,Zone_4A Mixed Humid,urb,q3,2030,0.4224213880836796
C-EEU-HRV,Zone_5A Cool Humid,rur,q3,2030,0.4224213880836796
C-EEU-HRV,Zone_5A Cool Humid,urb,q3,2030,0.4224213880836796
C-EEU-HRV,Zone_4C Mixed Marine,rur,q3,2030,0.4224213880836796
C-EEU-HRV,Zone_4C Mixed Marine,urb,q3,2030,0.4224213880836796
C-EEU-HRV,Zone_3A Warm Humid,rur,q3,2030,0.4224213880836796
C-EEU-HRV,Zone_3A Warm Humid,urb,q3,2030,0.4224213880836796
C-EEU-HUN,Zone_4A Mixed Humid,rur,q3,2030,0.41953443152797687
C-EEU-HUN,Zone_4A Mixed Humid,urb,q3,2030,0.41953443152797687
C-EEU-HUN,Zone_5A Cool Humid,rur,q3,2030,0.41953443152797687
C-EEU-HUN,Zone_5A Cool Humid,urb,q3,2030,0.41953443152797687
C-WEU-IRL,Zone_5A Cool Humid,rur,q3,2030,0.05182562527
C-WEU-IRL,Zone_5A Cool Humid,urb,q3,2030,0.05182562527
C-WEU-IRL,Zone_4A Mixed Humid,rur,q3,2030,0.05182562527
C-WEU-IRL,Zone_4A Mixed Humid,urb,q3,2030,0.05182562527
C-WEU-ITA,Zone_4A Mixed Humid,rur,q3,2030,0.5279463893886025
C-WEU-ITA,Zone_4A Mixed Humid,urb,q3,2030,0.5279463893886025
C-WEU-ITA,Zone_5A Cool Humid,rur,q3,2030,0.5279463893886025
C-WEU-ITA,Zone_5A Cool Humid,urb,q3,2030,0.5279463893886025
C-WEU-ITA,Zone_7A Very cold Humid,rur,q3,2030,0.5279463893886025
C-WEU-ITA,Zone_7A Very cold Humid,urb,q3,2030,0.5279463893886025
C-WEU-ITA,Zone_6A Cold Humid,rur,q3,2030,0.5279463893886025
C-WEU-ITA,Zone_6A Cold Humid,urb,q3,2030,0.5279463893886025
C-WEU-ITA,Zone_3A Warm Humid,rur,q3,2030,0.5279463893886025
C-WEU-ITA,Zone_3A Warm Humid,urb,q3,2030,0.5279463893886025
C-WEU-ITA,Zone_4C Mixed Marine,rur,q3,2030,0.5279463893886025
C-WEU-ITA,Zone_4C Mixed Marine,urb,q3,2030,0.5279463893886025
C-WEU-ITA,Zone_5C Cool Marine,rur,q3,2030,0.5279463893886025
C-WEU-ITA,Zone_5C Cool Marine,urb,q3,2030,0.5279463893886025
C-EEU-LTU,Zone_6A Cold Humid,rur,q3,2030,0.17253610764400001
C-EEU-LTU,Zone_6A Cold Humid,urb,q3,2030,0.17253610764400001
C-EEU-LTU,Zone_5A Cool Humid,rur,q3,2030,0.17253610764400001
C-EEU-LTU,Zone_5A Cool Humid,urb,q3,2030,0.17253610764400001
C-WEU-LUX,Zone_5A Cool Humid,rur,q3,2030,0.1727369
C-WEU-LUX,Zone_5A Cool Humid,urb,q3,2030,0.1727369
C-EEU-LVA,Zone_6A Cold Humid,rur,q3,2030,0.141699368172
C-EEU-LVA,Zone_6A Cold Humid,urb,q3,2030,0.141699368172
C-WEU-MLT,Zone_3A Warm Humid,rur,q3,2030,0.8832669015599999
C-WEU-MLT,Zone_3A Warm Humid,urb,q3,2030,0.8832669015599999
C-WEU-NLD,Zone_5A Cool Humid,rur,q3,2030,0.1565898591853309
C-WEU-NLD,Zone_5A Cool Humid,urb,q3,2030,0.1565898591853309
C-WEU-NLD,Zone_4A Mixed Humid,rur,q3,2030,0.1565898591853309
C-WEU-NLD,Zone_4A Mixed Humid,urb,q3,2030,0.1565898591853309
C-EEU-POL,Zone_5A Cool Humid,rur,q3,2030,0.232141097539
C-EEU-POL,Zone_5A Cool Humid,urb,q3,2030,0.232141097539
C-EEU-POL,Zone_6A Cold Humid,rur,q3,2030,0.232141097539
C-EEU-POL,Zone_6A Cold Humid,urb,q3,2030,0.232141097539
C-WEU-PRT,Zone_3C Warm Marine,rur,q3,2030,0.52473140877024
C-WEU-PRT,Zone_3C Warm Marine,urb,q3,2030,0.52473140877024
C-WEU-PRT,Zone_4C Mixed Marine,rur,q3,2030,0.52473140877024
C-WEU-PRT,Zone_4C Mixed Marine,urb,q3,2030,0.52473140877024
C-WEU-PRT,Zone_4A Mixed Humid,rur,q3,2030,0.52473140877024
C-WEU-PRT,Zone_4A Mixed Humid,urb,q3,2030,0.52473140877024
C-WEU-PRT,Zone_3A Warm Humid,rur,q3,2030,0.52473140877024
C-WEU-PRT,Zone_3A Warm Humid,urb,q3,2030,0.52473140877024
C-EEU-ROU,Zone_5A Cool Humid,rur,q3,2030,0.35278451701214414
C-EEU-ROU,Zone_5A Cool Humid,urb,q3,2030,0.35278451701214414
C-EEU-ROU,Zone_6A Cold Humid,rur,q3,2030,0.35278451701214414
C-EEU-ROU,Zone_6A Cold Humid,urb,q3,2030,0.35278451701214414
C-EEU-ROU,Zone_4A Mixed Humid,rur,q3,2030,0.35278451701214414
C-EEU-ROU,Zone_4A Mixed Humid,urb,q3,2030,0.35278451701214414
C-WEU-SWE,Zone_6A Cold Humid,rur,q3,2030,0.11878870241308136
C-WEU-SWE,Zone_6A Cold Humid,urb,q3,2030,0.11878870241308136
C-WEU-SWE,Zone_5A Cool Humid,rur,q3,2030,0.11878870241308136
C-WEU-SWE,Zone_5A Cool Humid,urb,q3,2030,0.11878870241308136
C-WEU-SWE,Zone_7A Very cold Humid,rur,q3,2030,0.11878870241308136
C-WEU-SWE,Zone_7A Very cold Humid,urb,q3,2030,0.11878870241308136
C-WEU-SWE,Zone_8A Subarctic/arctic Humid,rur,q3,2030,0.11878870241308136
C-WEU-SWE,Zone_8A Subarctic/arctic Humid,urb,q3,2030,0.11878870241308136
C-EEU-SVN,Zone_4A Mixed Humid,rur,q3,2030,0.15632680525931536
C-EEU-SVN,Zone_4A Mixed Humid,urb,q3,2030,0.15632680525931536
C-EEU-SVN,Zone_5A Cool Humid,rur,q3,2030,0.15632680525931536
C-EEU-SVN,Zone_5A Cool Humid,urb,q3,2030,0.15632680525931536
C-EEU-SVN,Zone_7A Very cold Humid,rur,q3,2030,0.15632680525931536
C-EEU-SVN,Zone_7A Very cold Humid,urb,q3,2030,0.15632680525931536
C-EEU-SVK,Zone_5A Cool Humid,rur,q3,2030,0.24763565227260378
C-EEU-SVK,Zone_5A Cool Humid,urb,q3,2030,0.24763565227260378
C-EEU-SVK,Zone_6A Cold Humid,rur,q3,2030,0.24763565227260378
C-EEU-SVK,Zone_6A Cold Humid,urb,q3,2030,0.24763565227260378
C-WEU-AUT,Zone_5A Cool Humid,rur,q1,2035,0.20997013419078353
C-WEU-AUT,Zone_5A Cool Humid,urb,q1,2035,0.20997013419078353
C-WEU-AUT,Zone_4A Mixed Humid,rur,q1,2035,0.20997013419078353
C-WEU-AUT,Zone_4A Mixed Humid,urb,q1,2035,0.20997013419078353
C-WEU-AUT,Zone_6A Cold Humid,rur,q1,2035,0.20997013419078353
C-WEU-AUT,Zone_6A Cold Humid,urb,q1,2035,0.20997013419078353
C-WEU-AUT,Zone_7A Very cold Humid,rur,q1,2035,0.20997013419078353
C-WEU-AUT,Zone_7A Very cold Humid,urb,q1,2035,0.20997013419078353
C-WEU-BEL,Zone_4A Mixed Humid,rur,q1,2035,0.1890883678784
C-WEU-BEL,Zone_4A Mixed Humid,urb,q1,2035,0.1890883678784
C-WEU-BEL,Zone_5A Cool Humid,rur,q1,2035,0.1890883678784
C-WEU-BEL,Zone_5A Cool Humid,urb,q1,2035,0.1890883678784
C-EEU-BGR,Zone_4A Mixed Humid,rur,q1,2035,0.14922305601396402
C-EEU-BGR,Zone_4A Mixed Humid,urb,q1,2035,0.14922305601396402
C-EEU-BGR,Zone_5A Cool Humid,rur,q1,2035,0.14922305601396402
C-EEU-BGR,Zone_5A Cool Humid,urb,q1,2035,0.14922305601396402
C-WEU-CYP,Zone_3A Warm Humid,rur,q1,2035,0.227521856623
C-WEU-CYP,Zone_3A Warm Humid,urb,q1,2035,0.227521856623
C-EEU-CZE,Zone_5A Cool Humid,rur,q1,2035,0.19064261119999998
C-EEU-CZE,Zone_5A Cool Humid,urb,q1,2035,0.19064261119999998
C-WEU-DEU,Zone_5A Cool Humid,rur,q1,2035,0.20937801719318092
C-WEU-DEU,Zone_5A Cool Humid,urb,q1,2035,0.20937801719318092
C-WEU-DEU,Zone_4A Mixed Humid,rur,q1,2035,0.20937801719318092
C-WEU-DEU,Zone_4A Mixed Humid,urb,q1,2035,0.20937801719318092
C-WEU-DEU,Zone_6A Cold Humid,rur,q1,2035,0.20937801719318092
C-WEU-DEU,Zone_6A Cold Humid,urb,q1,2035,0.20937801719318092
C-WEU-DNK,Zone_5A Cool Humid,rur,q1,2035,0.11116240172799999
C-WEU-DNK,Zone_5A Cool Humid,urb,q1,2035,0.11116240172799999
C-EEU-EST,Zone_6A Cold Humid,rur,q1,2035,0.07415978310730001
C-EEU-EST,Zone_6A Cold Humid,urb,q1,2035,0.07415978310730001
C-WEU-GRC,Zone_3A Warm Humid,rur,q1,2035,0.4695077945787488
C-WEU-GRC,Zone_3A Warm Humid,urb,q1,2035,0.4695077945787488
C-WEU-GRC,Zone_4A Mixed Humid,rur,q1,2035,0.4695077945787488
C-WEU-GRC,Zone_4A Mixed Humid,urb,q1,2035,0.4695077945787488
C-WEU-GRC,Zone_4C Mixed Marine,rur,q1,2035,0.4695077945787488
C-WEU-GRC,Zone_4C Mixed Marine,urb,q1,2035,0.4695077945787488
C-WEU-GRC,Zone_5C Cool Marine,rur,q1,2035,0.4695077945787488
C-WEU-GRC,Zone_5C Cool Marine,urb,q1,2035,0.4695077945787488
C-WEU-GRC,Zone_5A Cool Humid,rur,q1,2035,0.4695077945787488
C-WEU-GRC,Zone_5A Cool Humid,urb,q1,2035,0.4695077945787488
C-WEU-ESP,Zone_3C Warm Marine,rur,q1,2035,0.4357363389907032
C-WEU-ESP,Zone_3C Warm Marine,urb,q1,2035,0.4357363389907032
C-WEU-ESP,Zone_4C Mixed Marine,rur,q1,2035,0.4357363389907032
C-WEU-ESP,Zone_4C Mixed Marine,urb,q1,2035,0.4357363389907032
C-WEU-ESP,Zone_4A Mixed Humid,rur,q1,2035,0.4357363389907032
C-WEU-ESP,Zone_4A Mixed Humid,urb,q1,2035,0.4357363389907032
C-WEU-ESP,Zone_3A Warm Humid,rur,q1,2035,0.4357363389907032
C-WEU-ESP,Zone_3A Warm Humid,urb,q1,2035,0.4357363389907032
C-WEU-ESP,Zone_3B Warm Dry,rur,q1,2035,0.4357363389907032
C-WEU-ESP,Zone_3B Warm Dry,urb,q1,2035,0.4357363389907032
C-WEU-ESP,Zone_2B Hot Dry,rur,q1,2035,0.4357363389907032
C-WEU-ESP,Zone_2B Hot Dry,urb,q1,2035,0.4357363389907032
C-WEU-FIN,Zone_6A Cold Humid,rur,q1,2035,0.08471010085759378
C-WEU-FIN,Zone_6A Cold Humid,urb,q1,2035,0.08471010085759378
C-WEU-FIN,Zone_7A Very cold Humid,rur,q1,2035,0.08471010085759378
C-WEU-FIN,Zone_7A Very cold Humid,urb,q1,2035,0.08471010085759378
C-WEU-FRA,Zone_4A Mixed Humid,rur,q1,2035,0.2613759698302366
C-WEU-FRA,Zone_4A Mixed Humid,urb,q1,2035,0.2613759698302366
C-WEU-FRA,Zone_5A Cool Humid,rur,q1,2035,0.2613759698302366
C-WEU-FRA,Zone_5A Cool Humid,urb,q1,2035,0.2613759698302366
C-WEU-FRA,Zone_3A Warm Humid,rur,q1,2035,0.2613759698302366
C-WEU-FRA,Zone_3A Warm Humid,urb,q1,2035,0.2613759698302366
C-WEU-FRA,Zone_7A Very cold Humid,rur,q1,2035,0.2613759698302366
C-WEU-FRA,Zone_7A Very cold Humid,urb,q1,2035,0.2613759698302366
C-WEU-FRA,Zone_4C Mixed Marine,rur,q1,2035,0.2613759698302366
C-WEU-FRA,Zone_4C Mixed Marine,urb,q1,2035,0.2613759698302366
C-WEU-FRA,Zone_3C Warm Marine,rur,q1,2035,0.2613759698302366
C-WEU-FRA,Zone_3C Warm Marine,urb,q1,2035,0.2613759698302366
C-WEU-FRA,Zone_1A Very hot Humid,rur,q1,2035,0.2613759698302366
C-WEU-FRA,Zone_1A Very hot Humid,urb,q1,2035,0.2613759698302366
C-WEU-FRA,Zone_2A Hot Humid,rur,q1,2035,0.2613759698302366
C-WEU-FRA,Zone_2A Hot Humid,urb,q1,2035,0.2613759698302366
C-WEU-FRA,Zone_0A Extremely hot Humid,rur,q1,2035,0.2613759698302366
C-WEU-FRA,Zone_0A Extremely hot Humid,urb,q1,2035,0.2613759698302366
C-EEU-HRV,Zone_4A Mixed Humid,rur,q1,2035,0.1885535341926169
C-EEU-HRV,Zone_4A Mixed Humid,urb,q1,2035,0.1885535341926169
C-EEU-HRV,Zone_5A Cool Humid,rur,q1,2035,0.1885535341926169
C-EEU-HRV,Zone_5A Cool Humid,urb,q1,2035,0.1885535341926169
C-EEU-HRV,Zone_4C Mixed Marine,rur,q1,2035,0.1885535341926169
C-EEU-HRV,Zone_4C Mixed Marine,urb,q1,2035,0.1885535341926169
C-EEU-HRV,Zone_3A Warm Humid,rur,q1,2035,0.1885535341926169
C-EEU-HRV,Zone_3A Warm Humid,urb,q1,2035,0.1885535341926169
C-EEU-HUN,Zone_4A Mixed Humid,rur,q1,2035,0.240534890544518
C-EEU-HUN,Zone_4A Mixed Humid,urb,q1,2035,0.240534890544518
C-EEU-HUN,Zone_5A Cool Humid,rur,q1,2035,0.240534890544518
C-EEU-HUN,Zone_5A Cool Humid,urb,q1,2035,0.240534890544518
C-WEU-IRL,Zone_5A Cool Humid,rur,q1,2035,0.045225465838500005
C-WEU-IRL,Zone_5A Cool Humid,urb,q1,2035,0.045225465838500005
C-WEU-IRL,Zone_4A Mixed Humid,rur,q1,2035,0.045225465838500005
C-WEU-IRL,Zone_4A Mixed Humid,urb,q1,2035,0.045225465838500005
C-WEU-ITA,Zone_4A Mixed Humid,rur,q1,2035,0.38066543383301943
C-WEU-ITA,Zone_4A Mixed Humid,urb,q1,2035,0.38066543383301943
C-WEU-ITA,Zone_5A Cool Humid,rur,q1,2035,0.38066543383301943
C-WEU-ITA,Zone_5A Cool Humid,urb,q1,2035,0.38066543383301943
C-WEU-ITA,Zone_7A Very cold Humid,rur,q1,2035,0.38066543383301943
C-WEU-ITA,Zone_7A Very cold Humid,urb,q1,2035,0.38066543383301943
C-WEU-ITA,Zone_6A Cold Humid,rur,q1,2035,0.38066543383301943
C-WEU-ITA,Zone_6A Cold Humid,urb,q1,2035,0.38066543383301943
C-WEU-ITA,Zone_3A Warm Humid,rur,q1,2035,0.38066543383301943
C-WEU-ITA,Zone_3A Warm Humid,urb,q1,2035,0.38066543383301943
C-WEU-ITA,Zone_4C Mixed Marine,rur,q1,2035,0.38066543383301943
C-WEU-ITA,Zone_4C Mixed Marine,urb,q1,2035,0.38066543383301943
C-WEU-ITA,Zone_5C Cool Marine,rur,q1,2035,0.38066543383301943
C-WEU-ITA,Zone_5C Cool Marine,urb,q1,2035,0.38066543383301943
C-EEU-LTU,Zone_6A Cold Humid,rur,q1,2035,0.07526130557230001
C-EEU-LTU,Zone_6A Cold Humid,urb,q1,2035,0.07526130557230001
C-EEU-LTU,Zone_5A Cool Humid,rur,q1,2035,0.07526130557230001
C-EEU-LTU,Zone_5A Cool Humid,urb,q1,2035,0.07526130557230001
C-WEU-LUX,Zone_5A Cool Humid,rur,q1,2035,0.17253292790999997
C-WEU-LUX,Zone_5A Cool Humid,urb,q1,2035,0.17253292790999997
C-EEU-LVA,Zone_6A Cold Humid,rur,q1,2035,0.06286921892599999
C-EEU-LVA,Zone_6A Cold Humid,urb,q1,2035,0.06286921892599999
C-WEU-MLT,Zone_3A Warm Humid,rur,q1,2035,0.7840390958920003
C-WEU-MLT,Zone_3A Warm Humid,urb,q1,2035,0.7840390958920003
C-WEU-NLD,Zone_5A Cool Humid,rur,q1,2035,0.15155120344442258
C-WEU-NLD,Zone_5A Cool Humid,urb,q1,2035,0.15155120344442258
C-WEU-NLD,Zone_4A Mixed Humid,rur,q1,2035,0.15155120344442258
C-WEU-NLD,Zone_4A Mixed Humid,urb,q1,2035,0.15155120344442258
C-EEU-POL,Zone_5A Cool Humid,rur,q1,2035,0.12137846374760002
C-EEU-POL,Zone_5A Cool Humid,urb,q1,2035,0.12137846374760002
C-EEU-POL,Zone_6A Cold Humid,rur,q1,2035,0.12137846374760002
C-EEU-POL,Zone_6A Cold Humid,urb,q1,2035,0.12137846374760002
C-WEU-PRT,Zone_3C Warm Marine,rur,q1,2035,0.23873407028184582
C-WEU-PRT,Zone_3C Warm Marine,urb,q1,2035,0.23873407028184582
C-WEU-PRT,Zone_4C Mixed Marine,rur,q1,2035,0.23873407028184582
C-WEU-PRT,Zone_4C Mixed Marine,urb,q1,2035,0.23873407028184582
C-WEU-PRT,Zone_4A Mixed Humid,rur,q1,2035,0.23873407028184582
C-WEU-PRT,Zone_4A Mixed Humid,urb,q1,2035,0.23873407028184582
C-WEU-PRT,Zone_3A Warm Humid,rur,q1,2035,0.23873407028184582
C-WEU-PRT,Zone_3A Warm Humid,urb,q1,2035,0.23873407028184582
C-EEU-ROU,Zone_5A Cool Humid,rur,q1,2035,0.1266390820512377
C-EEU-ROU,Zone_5A Cool Humid,urb,q1,2035,0.1266390820512377
C-EEU-ROU,Zone_6A Cold Humid,rur,q1,2035,0.1266390820512377
C-EEU-ROU,Zone_6A Cold Humid,urb,q1,2035,0.1266390820512377
C-EEU-ROU,Zone_4A Mixed Humid,rur,q1,2035,0.1266390820512377
C-EEU-ROU,Zone_4A Mixed Humid,urb,q1,2035,0.1266390820512377
C-WEU-SWE,Zone_6A Cold Humid,rur,q1,2035,0.11381128023371043
C-WEU-SWE,Zone_6A Cold Humid,urb,q1,2035,0.11381128023371043
C-WEU-SWE,Zone_5A Cool Humid,rur,q1,2035,0.11381128023371043
C-WEU-SWE,Zone_5A Cool Humid,urb,q1,2035,0.11381128023371043
C-WEU-SWE,Zone_7A Very cold Humid,rur,q1,2035,0.11381128023371043
C-WEU-SWE,Zone_7A Very cold Humid,urb,q1,2035,0.11381128023371043
C-WEU-SWE,Zone_8A Subarctic/arctic Humid,rur,q1,2035,0.11381128023371043
C-WEU-SWE,Zone_8A Subarctic/arctic Humid,urb,q1,2035,0.11381128023371043
C-EEU-SVN,Zone_4A Mixed Humid,rur,q1,2035,0.12279234354183627
C-EEU-SVN,Zone_4A Mixed Humid,urb,q1,2035,0.12279234354183627
C-EEU-SVN,Zone_5A Cool Humid,rur,q1,2035,0.12279234354183627
C-EEU-SVN,Zone_5A Cool Humid,urb,q1,2035,0.12279234354183627
C-EEU-SVN,Zone_7A Very cold Humid,rur,q1,2035,0.12279234354183627
C-EEU-SVN,Zone_7A Very cold Humid,urb,q1,2035,0.12279234354183627
C-EEU-SVK,Zone_5A Cool Humid,rur,q1,2035,0.16744741799995794
C-EEU-SVK,Zone_5A Cool Humid,urb,q1,2035,0.16744741799995794
C-EEU-SVK,Zone_6A Cold Humid,rur,q1,2035,0.16744741799995794
C-EEU-SVK,Zone_6A Cold Humid,urb,q1,2035,0.16744741799995794
C-WEU-AUT,Zone_5A Cool Humid,rur,q2,2035,0.2231343290037587
C-WEU-AUT,Zone_5A Cool Humid,urb,q2,2035,0.2231343290037587
C-WEU-AUT,Zone_4A Mixed Humid,rur,q2,2035,0.2231343290037587
C-WEU-AUT,Zone_4A Mixed Humid,urb,q2,2035,0.2231343290037587
C-WEU-AUT,Zone_6A Cold Humid,rur,q2,2035,0.2231343290037587
C-WEU-AUT,Zone_6A Cold Humid,urb,q2,2035,0.2231343290037587
C-WEU-AUT,Zone_7A Very cold Humid,rur,q2,2035,0.2231343290037587
C-WEU-AUT,Zone_7A Very cold Humid,urb,q2,2035,0.2231343290037587
C-WEU-BEL,Zone_4A Mixed Humid,rur,q2,2035,0.19405190393919997
C-WEU-BEL,Zone_4A Mixed Humid,urb,q2,2035,0.19405190393919997
C-WEU-BEL,Zone_5A Cool Humid,rur,q2,2035,0.19405190393919997
C-WEU-BEL,Zone_5A Cool Humid,urb,q2,2035,0.19405190393919997
C-EEU-BGR,Zone_4A Mixed Humid,rur,q2,2035,0.4082718585733913
C-EEU-BGR,Zone_4A Mixed Humid,urb,q2,2035,0.4082718585733913
C-EEU-BGR,Zone_5A Cool Humid,rur,q2,2035,0.4082718585733913
C-EEU-BGR,Zone_5A Cool Humid,urb,q2,2035,0.4082718585733913
C-WEU-CYP,Zone_3A Warm Humid,rur,q2,2035,0.6544498900070002
C-WEU-CYP,Zone_3A Warm Humid,urb,q2,2035,0.6544498900070002
C-EEU-CZE,Zone_5A Cool Humid,rur,q2,2035,0.21172838249999998
C-EEU-CZE,Zone_5A Cool Humid,urb,q2,2035,0.21172838249999998
C-WEU-DEU,Zone_5A Cool Humid,rur,q2,2035,0.2326560378480897
C-WEU-DEU,Zone_5A Cool Humid,urb,q2,2035,0.2326560378480897
C-WEU-DEU,Zone_4A Mixed Humid,rur,q2,2035,0.2326560378480897
C-WEU-DEU,Zone_4A Mixed Humid,urb,q2,2035,0.2326560378480897
C-WEU-DEU,Zone_6A Cold Humid,rur,q2,2035,0.2326560378480897
C-WEU-DEU,Zone_6A Cold Humid,urb,q2,2035,0.2326560378480897
C-WEU-DNK,Zone_5A Cool Humid,rur,q2,2035,0.117862733984
C-WEU-DNK,Zone_5A Cool Humid,urb,q2,2035,0.117862733984
C-EEU-EST,Zone_6A Cold Humid,rur,q2,2035,0.10061224375170001
C-EEU-EST,Zone_6A Cold Humid,urb,q2,2035,0.10061224375170001
C-WEU-GRC,Zone_3A Warm Humid,rur,q2,2035,0.6750613350612691
C-WEU-GRC,Zone_3A Warm Humid,urb,q2,2035,0.6750613350612691
C-WEU-GRC,Zone_4A Mixed Humid,rur,q2,2035,0.6750613350612691
C-WEU-GRC,Zone_4A Mixed Humid,urb,q2,2035,0.6750613350612691
C-WEU-GRC,Zone_4C Mixed Marine,rur,q2,2035,0.6750613350612691
C-WEU-GRC,Zone_4C Mixed Marine,urb,q2,2035,0.6750613350612691
C-WEU-GRC,Zone_5C Cool Marine,rur,q2,2035,0.6750613350612691
C-WEU-GRC,Zone_5C Cool Marine,urb,q2,2035,0.6750613350612691
C-WEU-GRC,Zone_5A Cool Humid,rur,q2,2035,0.6750613350612691
C-WEU-GRC,Zone_5A Cool Humid,urb,q2,2035,0.6750613350612691
C-WEU-ESP,Zone_3C Warm Marine,rur,q2,2035,0.6159984162917849
C-WEU-ESP,Zone_3C Warm Marine,urb,q2,2035,0.6159984162917849
C-WEU-ESP,Zone_4C Mixed Marine,rur,q2,2035,0.6159984162917849
C-WEU-ESP,Zone_4C Mixed Marine,urb,q2,2035,0.6159984162917849
C-WEU-ESP,Zone_4A Mixed Humid,rur,q2,2035,0.6159984162917849
C-WEU-ESP,Zone_4A Mixed Humid,urb,q2,2035,0.6159984162917849
C-WEU-ESP,Zone_3A Warm Humid,rur,q2,2035,0.6159984162917849
C-WEU-ESP,Zone_3A Warm Humid,urb,q2,2035,0.6159984162917849
C-WEU-ESP,Zone_3B Warm Dry,rur,q2,2035,0.6159984162917849
C-WEU-ESP,Zone_3B Warm Dry,urb,q2,2035,0.6159984162917849
C-WEU-ESP,Zone_2B Hot Dry,rur,q2,2035,0.6159984162917849
C-WEU-ESP,Zone_2B Hot Dry,urb,q2,2035,0.6159984162917849
C-WEU-FIN,Zone_6A Cold Humid,rur,q2,2035,0.09008838254437235
C-WEU-FIN,Zone_6A Cold Humid,urb,q2,2035,0.09008838254437235
C-WEU-FIN,Zone_7A Very cold Humid,rur,q2,2035,0.09008838254437235
C-WEU-FIN,Zone_7A Very cold Humid,urb,q2,2035,0.09008838254437235
C-WEU-FRA,Zone_4A Mixed Humid,rur,q2,2035,0.2983369090977884
C-WEU-FRA,Zone_4A Mixed Humid,urb,q2,2035,0.2983369090977884
C-WEU-FRA,Zone_5A Cool Humid,rur,q2,2035,0.2983369090977884
C-WEU-FRA,Zone_5A Cool Humid,urb,q2,2035,0.2983369090977884
C-WEU-FRA,Zone_3A Warm Humid,rur,q2,2035,0.2983369090977884
C-WEU-FRA,Zone_3A Warm Humid,urb,q2,2035,0.2983369090977884
C-WEU-FRA,Zone_7A Very cold Humid,rur,q2,2035,0.2983369090977884
C-WEU-FRA,Zone_7A Very cold Humid,urb,q2,2035,0.2983369090977884
C-WEU-FRA,Zone_4C Mixed Marine,rur,q2,2035,0.2983369090977884
C-WEU-FRA,Zone_4C Mixed Marine,urb,q2,2035,0.2983369090977884
C-WEU-FRA,Zone_3C Warm Marine,rur,q2,2035,0.2983369090977884
C-WEU-FRA,Zone_3C Warm Marine,urb,q2,2035,0.2983369090977884
C-WEU-FRA,Zone_1A Very hot Humid,rur,q2,2035,0.2983369090977884
C-WEU-FRA,Zone_1A Very hot Humid,urb,q2,2035,0.2983369090977884
C-WEU-FRA,Zone_2A Hot Humid,rur,q2,2035,0.2983369090977884
C-WEU-FRA,Zone_2A Hot Humid,urb,q2,2035,0.2983369090977884
C-WEU-FRA,Zone_0A Extremely hot Humid,rur,q2,2035,0.2983369090977884
C-WEU-FRA,Zone_0A Extremely hot Humid,urb,q2,2035,0.2983369090977884
C-EEU-HRV,Zone_4A Mixed Humid,rur,q2,2035,0.3738681266840128
C-EEU-HRV,Zone_4A Mixed Humid,urb,q2,2035,0.3738681266840128
C-EEU-HRV,Zone_5A Cool Humid,rur,q2,2035,0.3738681266840128
C-EEU-HRV,Zone_5A Cool Humid,urb,q2,2035,0.3738681266840128
C-EEU-HRV,Zone_4C Mixed Marine,rur,q2,2035,0.3738681266840128
C-EEU-HRV,Zone_4C Mixed Marine,urb,q2,2035,0.3738681266840128
C-EEU-HRV,Zone_3A Warm Humid,rur,q2,2035,0.3738681266840128
C-EEU-HRV,Zone_3A Warm Humid,urb,q2,2035,0.3738681266840128
C-EEU-HUN,Zone_4A Mixed Humid,rur,q2,2035,0.3849829429745588
C-EEU-HUN,Zone_4A Mixed Humid,urb,q2,2035,0.3849829429745588
C-EEU-HUN,Zone_5A Cool Humid,rur,q2,2035,0.3849829429745588
C-EEU-HUN,Zone_5A Cool Humid,urb,q2,2035,0.3849829429745588
C-WEU-IRL,Zone_5A Cool Humid,rur,q2,2035,0.051531881273
C-WEU-IRL,Zone_5A Cool Humid,urb,q2,2035,0.051531881273
C-WEU-IRL,Zone_4A Mixed Humid,rur,q2,2035,0.051531881273
C-WEU-IRL,Zone_4A Mixed Humid,urb,q2,2035,0.051531881273
C-WEU-ITA,Zone_4A Mixed Humid,rur,q2,2035,0.5261093516249868
C-WEU-ITA,Zone_4A Mixed Humid,urb,q2,2035,0.5261093516249868
C-WEU-ITA,Zone_5A Cool Humid,rur,q2,2035,0.5261093516249868
C-WEU-ITA,Zone_5A Cool Humid,urb,q2,2035,0.5261093516249868
C-WEU-ITA,Zone_7A Very cold Humid,rur,q2,2035,0.5261093516249868
C-WEU-ITA,Zone_7A Very cold Humid,urb,q2,2035,0.5261093516249868
C-WEU-ITA,Zone_6A Cold Humid,rur,q2,2035,0.5261093516249868
C-WEU-ITA,Zone_6A Cold Humid,urb,q2,2035,0.5261093516249868
C-WEU-ITA,Zone_3A Warm Humid,rur,q2,2035,0.5261093516249868
C-WEU-ITA,Zone_3A Warm Humid,urb,q2,2035,0.5261093516249868
C-WEU-ITA,Zone_4C Mixed Marine,rur,q2,2035,0.5261093516249868
C-WEU-ITA,Zone_4C Mixed Marine,urb,q2,2035,0.5261093516249868
C-WEU-ITA,Zone_5C Cool Marine,rur,q2,2035,0.5261093516249868
C-WEU-ITA,Zone_5C Cool Marine,urb,q2,2035,0.5261093516249868
C-EEU-LTU,Zone_6A Cold Humid,rur,q2,2035,0.161162003212
C-EEU-LTU,Zone_6A Cold Humid,urb,q2,2035,0.161162003212
C-EEU-LTU,Zone_5A Cool Humid,rur,q2,2035,0.161162003212
C-EEU-LTU,Zone_5A Cool Humid,urb,q2,2035,0.161162003212
C-WEU-LUX,Zone_5A Cool Humid,rur,q2,2035,0.17273572734499998
C-WEU-LUX,Zone_5A Cool Humid,urb,q2,2035,0.17273572734499998
C-EEU-LVA,Zone_6A Cold Humid,rur,q2,2035,0.12988179069329997
C-EEU-LVA,Zone_6A Cold Humid,urb,q2,2035,0.12988179069329997
C-WEU-MLT,Zone_3A Warm Humid,rur,q2,2035,0.8781785850380001
C-WEU-MLT,Zone_3A Warm Humid,urb,q2,2035,0.8781785850380001
C-WEU-NLD,Zone_5A Cool Humid,rur,q2,2035,0.15635387665979822
C-WEU-NLD,Zone_5A Cool Humid,urb,q2,2035,0.15635387665979822
C-WEU-NLD,Zone_4A Mixed Humid,rur,q2,2035,0.15635387665979822
C-WEU-NLD,Zone_4A Mixed Humid,urb,q2,2035,0.15635387665979822
C-EEU-POL,Zone_5A Cool Humid,rur,q2,2035,0.21828765729100003
C-EEU-POL,Zone_5A Cool Humid,urb,q2,2035,0.21828765729100003
C-EEU-POL,Zone_6A Cold Humid,rur,q2,2035,0.21828765729100003
C-EEU-POL,Zone_6A Cold Humid,urb,q2,2035,0.21828765729100003
C-WEU-PRT,Zone_3C Warm Marine,rur,q2,2035,0.47702833550504015
C-WEU-PRT,Zone_3C Warm Marine,urb,q2,2035,0.47702833550504015
C-WEU-PRT,Zone_4C Mixed Marine,rur,q2,2035,0.47702833550504015
C-WEU-PRT,Zone_4C Mixed Marine,urb,q2,2035,0.47702833550504015
C-WEU-PRT,Zone_4A Mixed Humid,rur,q2,2035,0.47702833550504015
C-WEU-PRT,Zone_4A Mixed Humid,urb,q2,2035,0.47702833550504015
C-WEU-PRT,Zone_3A Warm Humid,rur,q2,2035,0.47702833550504015
C-WEU-PRT,Zone_3A Warm Humid,urb,q2,2035,0.47702833550504015
C-EEU-ROU,Zone_5A Cool Humid,rur,q2,2035,0.2786846087313365
C-EEU-ROU,Zone_5A Cool Humid,urb,q2,2035,0.2786846087313365
C-EEU-ROU,Zone_6A Cold Humid,rur,q2,2035,0.2786846087313365
C-EEU-ROU,Zone_6A Cold Humid,urb,q2,2035,0.2786846087313365
C-EEU-ROU,Zone_4A Mixed Humid,rur,q2,2035,0.2786846087313365
C-EEU-ROU,Zone_4A Mixed Humid,urb,q2,2035,0.2786846087313365
C-WEU-SWE,Zone_6A Cold Humid,rur,q2,2035,0.11860474436802072
C-WEU-SWE,Zone_6A Cold Humid,urb,q2,2035,0.11860474436802072
C-WEU-SWE,Zone_5A Cool Humid,rur,q2,2035,0.11860474436802072
C-WEU-SWE,Zone_5A Cool Humid,urb,q2,2035,0.11860474436802072
C-WEU-SWE,Zone_7A Very cold Humid,rur,q2,2035,0.11860474436802072
C-WEU-SWE,Zone_7A Very cold Humid,urb,q2,2035,0.11860474436802072
C-WEU-SWE,Zone_8A Subarctic/arctic Humid,rur,q2,2035,0.11860474436802072
C-WEU-SWE,Zone_8A Subarctic/arctic Humid,urb,q2,2035,0.11860474436802072
C-EEU-SVN,Zone_4A Mixed Humid,rur,q2,2035,0.15106143411612488
C-EEU-SVN,Zone_4A Mixed Humid,urb,q2,2035,0.15106143411612488
C-EEU-SVN,Zone_5A Cool Humid,rur,q2,2035,0.15106143411612488
C-EEU-SVN,Zone_5A Cool Humid,urb,q2,2035,0.15106143411612488
C-EEU-SVN,Zone_7A Very cold Humid,rur,q2,2035,0.15106143411612488
C-EEU-SVN,Zone_7A Very cold Humid,urb,q2,2035,0.15106143411612488
C-EEU-SVK,Zone_5A Cool Humid,rur,q2,2035,0.23951399277618224
C-EEU-SVK,Zone_5A Cool Humid,urb,q2,2035,0.23951399277618224
C-EEU-SVK,Zone_6A Cold Humid,rur,q2,2035,0.23951399277618224
C-EEU-SVK,Zone_6A Cold Humid,urb,q2,2035,0.23951399277618224
C-WEU-AUT,Zone_5A Cool Humid,rur,q3,2035,0.22377053751058007
C-WEU-AUT,Zone_5A Cool Humid,urb,q3,2035,0.22377053751058007
C-WEU-AUT,Zone_4A Mixed Humid,rur,q3,2035,0.22377053751058007
C-WEU-AUT,Zone_4A Mixed Humid,urb,q3,2035,0.22377053751058007
C-WEU-AUT,Zone_6A Cold Humid,rur,q3,2035,0.22377053751058007
C-WEU-AUT,Zone_6A Cold Humid,urb,q3,2035,0.22377053751058007
C-WEU-AUT,Zone_7A Very cold Humid,rur,q3,2035,0.22377053751058007
C-WEU-AUT,Zone_7A Very cold Humid,urb,q3,2035,0.22377053751058007
C-WEU-BEL,Zone_4A Mixed Humid,rur,q3,2035,0.19419107701439997
C-WEU-BEL,Zone_4A Mixed Humid,urb,q3,2035,0.19419107701439997
C-WEU-BEL,Zone_5A Cool Humid,rur,q3,2035,0.19419107701439997
C-WEU-BEL,Zone_5A Cool Humid,urb,q3,2035,0.19419107701439997
C-EEU-BGR,Zone_4A Mixed Humid,rur,q3,2035,0.4422024735218073
C-EEU-BGR,Zone_4A Mixed Humid,urb,q3,2035,0.4422024735218073
C-EEU-BGR,Zone_5A Cool Humid,rur,q3,2035,0.4422024735218073
C-EEU-BGR,Zone_5A Cool Humid,urb,q3,2035,0.4422024735218073
C-WEU-CYP,Zone_3A Warm Humid,rur,q3,2035,0.852910112533
C-WEU-CYP,Zone_3A Warm Humid,urb,q3,2035,0.852910112533
C-EEU-CZE,Zone_5A Cool Humid,rur,q3,2035,0.21305591962499998
C-EEU-CZE,Zone_5A Cool Humid,urb,q3,2035,0.21305591962499998
C-WEU-DEU,Zone_5A Cool Humid,rur,q3,2035,0.23387252559798144
C-WEU-DEU,Zone_5A Cool Humid,urb,q3,2035,0.23387252559798144
C-WEU-DEU,Zone_4A Mixed Humid,rur,q3,2035,0.23387252559798144
C-WEU-DEU,Zone_4A Mixed Humid,urb,q3,2035,0.23387252559798144
C-WEU-DEU,Zone_6A Cold Humid,rur,q3,2035,0.23387252559798144
C-WEU-DEU,Zone_6A Cold Humid,urb,q3,2035,0.23387252559798144
C-WEU-DNK,Zone_5A Cool Humid,rur,q3,2035,0.11842634022800001
C-WEU-DNK,Zone_5A Cool Humid,urb,q3,2035,0.11842634022800001
C-EEU-EST,Zone_6A Cold Humid,rur,q3,2035,0.10331310921100001
C-EEU-EST,Zone_6A Cold Humid,urb,q3,2035,0.10331310921100001
C-WEU-GRC,Zone_3A Warm Humid,rur,q3,2035,0.699422423877836
C-WEU-GRC,Zone_3A Warm Humid,urb,q3,2035,0.699422423877836
C-WEU-GRC,Zone_4A Mixed Humid,rur,q3,2035,0.699422423877836
C-WEU-GRC,Zone_4A Mixed Humid,urb,q3,2035,0.699422423877836
C-WEU-GRC,Zone_4C Mixed Marine,rur,q3,2035,0.699422423877836
C-WEU-GRC,Zone_4C Mixed Marine,urb,q3,2035,0.699422423877836
C-WEU-GRC,Zone_5C Cool Marine,rur,q3,2035,0.699422423877836
C-WEU-GRC,Zone_5C Cool Marine,urb,q3,2035,0.699422423877836
C-WEU-GRC,Zone_5A Cool Humid,rur,q3,2035,0.699422423877836
C-WEU-GRC,Zone_5A Cool Humid,urb,q3,2035,0.699422423877836
C-WEU-ESP,Zone_3C Warm Marine,rur,q3,2035,0.6384078503995692
C-WEU-ESP,Zone_3C Warm Marine,urb,q3,2035,0.6384078503995692
C-WEU-ESP,Zone_4C Mixed Marine,rur,q3,2035,0.6384078503995692
C-WEU-ESP,Zone_4C Mixed Marine,urb,q3,2035,0.6384078503995692
C-WEU-ESP,Zone_4A Mixed Humid,rur,q3,2035,0.6384078503995692
C-WEU-ESP,Zone_4A Mixed Humid,urb,q3,2035,0.6384078503995692
C-WEU-ESP,Zone_3A Warm Humid,rur,q3,2035,0.6384078503995692
C-WEU-ESP,Zone_3A Warm Humid,urb,q3,2035,0.6384078503995692
C-WEU-ESP,Zone_3B Warm Dry,rur,q3,2035,0.6384078503995692
C-WEU-ESP,Zone_3B Warm Dry,urb,q3,2035,0.6384078503995692
C-WEU-ESP,Zone_2B Hot Dry,rur,q3,2035,0.6384078503995692
C-WEU-ESP,Zone_2B Hot Dry,urb,q3,2035,0.6384078503995692
C-WEU-FIN,Zone_6A Cold Humid,rur,q3,2035,0.09047426973856083
C-WEU-FIN,Zone_6A Cold Humid,urb,q3,2035,0.09047426973856083
C-WEU-FIN,Zone_7A Very cold Humid,rur,q3,2035,0.09047426973856083
C-WEU-FIN,Zone_7A Very cold Humid,urb,q3,2035,0.09047426973856083
C-WEU-FRA,Zone_4A Mixed Humid,rur,q3,2035,0.3019282831662024
C-WEU-FRA,Zone_4A Mixed Humid,urb,q3,2035,0.3019282831662024
C-WEU-FRA,Zone_5A Cool Humid,rur,q3,2035,0.3019282831662024
C-WEU-FRA,Zone_5A Cool Humid,urb,q3,2035,0.3019282831662024
C-WEU-FRA,Zone_3A Warm Humid,rur,q3,2035,0.3019282831662024
C-WEU-FRA,Zone_3A Warm Humid,urb,q3,2035,0.3019282831662024
C-WEU-FRA,Zone_7A Very cold Humid,rur,q3,2035,0.3019282831662024
C-WEU-FRA,Zone_7A Very cold Humid,urb,q3,2035,0.3019282831662024
C-WEU-FRA,Zone_4C Mixed Marine,rur,q3,2035,0.3019282831662024
C-WEU-FRA,Zone_4C Mixed Marine,urb,q3,2035,0.3019282831662024
C-WEU-FRA,Zone_3C Warm Marine,rur,q3,2035,0.3019282831662024
C-WEU-FRA,Zone_3C Warm Marine,urb,q3,2035,0.3019282831662024
C-WEU-FRA,Zone_1A Very hot Humid,rur,q3,2035,0.3019282831662024
C-WEU-FRA,Zone_1A Very hot Humid,urb,q3,2035,0.3019282831662024
C-WEU-FRA,Zone_2A Hot Humid,rur,q3,2035,0.3019282831662024
C-WEU-FRA,Zone_2A Hot Humid,urb,q3,2035,0.3019282831662024
C-WEU-FRA,Zone_0A Extremely hot Humid,rur,q3,2035,0.3019282831662024
C-WEU-FRA,Zone_0A Extremely hot Humid,urb,q3,2035,0.3019282831662024
C-EEU-HRV,Zone_4A Mixed Humid,rur,q3,2035,0.4361096719340411
C-EEU-HRV,Zone_4A Mixed Humid,urb,q3,2035,0.4361096719340411
C-EEU-HRV,Zone_5A Cool Humid,rur,q3,2035,0.4361096719340411
C-EEU-HRV,Zone_5A Cool Humid,urb,q3,2035,0.4361096719340411
C-EEU-HRV,Zone_4C Mixed Marine,rur,q3,2035,0.4361096719340411
C-EEU-HRV,Zone_4C Mixed Marine,urb,q3,2035,0.4361096719340411
C-EEU-HRV,Zone_3A Warm Humid,rur,q3,2035,0.4361096719340411
C-EEU-HRV,Zone_3A Warm Humid,urb,q3,2035,0.4361096719340411
C-EEU-HUN,Zone_4A Mixed Humid,rur,q3,2035,0.4224564352460835
C-EEU-HUN,Zone_4A Mixed Humid,urb,q3,2035,0.4224564352460835
C-EEU-HUN,Zone_5A Cool Humid,rur,q3,2035,0.4224564352460835
C-EEU-HUN,Zone_5A Cool Humid,urb,q3,2035,0.4224564352460835
C-WEU-IRL,Zone_5A Cool Humid,rur,q3,2035,0.051826093281000005
C-WEU-IRL,Zone_5A Cool Humid,urb,q3,2035,0.051826093281000005
C-WEU-IRL,Zone_4A Mixed Humid,rur,q3,2035,0.051826093281000005
C-WEU-IRL,Zone_4A Mixed Humid,urb,q3,2035,0.051826093281000005
C-WEU-ITA,Zone_4A Mixed Humid,rur,q3,2035,0.5460086549966809
C-WEU-ITA,Zone_4A Mixed Humid,urb,q3,2035,0.5460086549966809
C-WEU-ITA,Zone_5A Cool Humid,rur,q3,2035,0.5460086549966809
C-WEU-ITA,Zone_5A Cool Humid,urb,q3,2035,0.5460086549966809
C-WEU-ITA,Zone_7A Very cold Humid,rur,q3,2035,0.5460086549966809
C-WEU-ITA,Zone_7A Very cold Humid,urb,q3,2035,0.5460086549966809
C-WEU-ITA,Zone_6A Cold Humid,rur,q3,2035,0.5460086549966809
C-WEU-ITA,Zone_6A Cold Humid,urb,q3,2035,0.5460086549966809
C-WEU-ITA,Zone_3A Warm Humid,rur,q3,2035,0.5460086549966809
C-WEU-ITA,Zone_3A Warm Humid,urb,q3,2035,0.5460086549966809
C-WEU-ITA,Zone_4C Mixed Marine,rur,q3,2035,0.5460086549966809
C-WEU-ITA,Zone_4C Mixed Marine,urb,q3,2035,0.5460086549966809
C-WEU-ITA,Zone_5C Cool Marine,rur,q3,2035,0.5460086549966809
C-WEU-ITA,Zone_5C Cool Marine,urb,q3,2035,0.5460086549966809
C-EEU-LTU,Zone_6A Cold Humid,rur,q3,2035,0.17258988794199998
C-EEU-LTU,Zone_6A Cold Humid,urb,q3,2035,0.17258988794199998
C-EEU-LTU,Zone_5A Cool Humid,rur,q3,2035,0.17258988794199998
C-EEU-LTU,Zone_5A Cool Humid,urb,q3,2035,0.17258988794199998
C-WEU-LUX,Zone_5A Cool Humid,rur,q3,2035,0.17273689999999997
C-WEU-LUX,Zone_5A Cool Humid,urb,q3,2035,0.17273689999999997
C-EEU-LVA,Zone_6A Cold Humid,rur,q3,2035,0.14181977089199999
C-EEU-LVA,Zone_6A Cold Humid,urb,q3,2035,0.14181977089199999
C-WEU-MLT,Zone_3A Warm Humid,rur,q3,2035,0.8833649726860001
C-WEU-MLT,Zone_3A Warm Humid,urb,q3,2035,0.8833649726860001
C-WEU-NLD,Zone_5A Cool Humid,rur,q3,2035,0.15657903873844772
C-WEU-NLD,Zone_5A Cool Humid,urb,q3,2035,0.15657903873844772
C-WEU-NLD,Zone_4A Mixed Humid,rur,q3,2035,0.15657903873844772
C-WEU-NLD,Zone_4A Mixed Humid,urb,q3,2035,0.15657903873844772
C-EEU-POL,Zone_5A Cool Humid,rur,q3,2035,0.23219203993100002
C-EEU-POL,Zone_5A Cool Humid,urb,q3,2035,0.23219203993100002
C-EEU-POL,Zone_6A Cold Humid,rur,q3,2035,0.23219203993100002
C-EEU-POL,Zone_6A Cold Humid,urb,q3,2035,0.23219203993100002
C-WEU-PRT,Zone_3C Warm Marine,rur,q3,2035,0.5259245800164962
C-WEU-PRT,Zone_3C Warm Marine,urb,q3,2035,0.5259245800164962
C-WEU-PRT,Zone_4C Mixed Marine,rur,q3,2035,0.5259245800164962
C-WEU-PRT,Zone_4C Mixed Marine,urb,q3,2035,0.5259245800164962
C-WEU-PRT,Zone_4A Mixed Humid,rur,q3,2035,0.5259245800164962
C-WEU-PRT,Zone_4A Mixed Humid,urb,q3,2035,0.5259245800164962
C-WEU-PRT,Zone_3A Warm Humid,rur,q3,2035,0.5259245800164962
C-WEU-PRT,Zone_3A Warm Humid,urb,q3,2035,0.5259245800164962
C-EEU-ROU,Zone_5A Cool Humid,rur,q3,2035,0.3645324203764323
C-EEU-ROU,Zone_5A Cool Humid,urb,q3,2035,0.3645324203764323
C-EEU-ROU,Zone_6A Cold Humid,rur,q3,2035,0.3645324203764323
C-EEU-ROU,Zone_6A Cold Humid,urb,q3,2035,0.3645324203764323
C-EEU-ROU,Zone_4A Mixed Humid,rur,q3,2035,0.3645324203764323
C-EEU-ROU,Zone_4A Mixed Humid,urb,q3,2035,0.3645324203764323
C-WEU-SWE,Zone_6A Cold Humid,rur,q3,2035,0.11882618681425612
C-WEU-SWE,Zone_6A Cold Humid,urb,q3,2035,0.11882618681425612
C-WEU-SWE,Zone_5A Cool Humid,rur,q3,2035,0.11882618681425612
C-WEU-SWE,Zone_5A Cool Humid,urb,q3,2035,0.11882618681425612
C-WEU-SWE,Zone_7A Very cold Humid,rur,q3,2035,0.11882618681425612
C-WEU-SWE,Zone_7A Very cold Humid,urb,q3,2035,0.11882618681425612
C-WEU-SWE,Zone_8A Subarctic/arctic Humid,rur,q3,2035,0.11882618681425612
C-WEU-SWE,Zone_8A Subarctic/arctic Humid,urb,q3,2035,0.11882618681425612
C-EEU-SVN,Zone_4A Mixed Humid,rur,q3,2035,0.15651976408472965
C-EEU-SVN,Zone_4A Mixed Humid,urb,q3,2035,0.15651976408472965
C-EEU-SVN,Zone_5A Cool Humid,rur,q3,2035,0.15651976408472965
C-EEU-SVN,Zone_5A Cool Humid,urb,q3,2035,0.15651976408472965
C-EEU-SVN,Zone_7A Very cold Humid,rur,q3,2035,0.15651976408472965
C-EEU-SVN,Zone_7A Very cold Humid,urb,q3,2035,0.15651976408472965
C-EEU-SVK,Zone_5A Cool Humid,rur,q3,2035,0.24760243430216045
C-EEU-SVK,Zone_5A Cool Humid,urb,q3,2035,0.24760243430216045
C-EEU-SVK,Zone_6A Cold Humid,rur,q3,2035,0.24760243430216045
C-EEU-SVK,Zone_6A Cold Humid,urb,q3,2035,0.24760243430216045
C-WEU-AUT,Zone_5A Cool Humid,rur,q1,2040,0.21454813613733054
C-WEU-AUT,Zone_5A Cool Humid,urb,q1,2040,0.21454813613733054
C-WEU-AUT,Zone_4A Mixed Humid,rur,q1,2040,0.21454813613733054
C-WEU-AUT,Zone_4A Mixed Humid,urb,q1,2040,0.21454813613733054
C-WEU-AUT,Zone_6A Cold Humid,rur,q1,2040,0.21454813613733054
C-WEU-AUT,Zone_6A Cold Humid,urb,q1,2040,0.21454813613733054
C-WEU-AUT,Zone_7A Very cold Humid,rur,q1,2040,0.21454813613733054
C-WEU-AUT,Zone_7A Very cold Humid,urb,q1,2040,0.21454813613733054
C-WEU-BEL,Zone_4A Mixed Humid,rur,q1,2040,0.19107332985800002
C-WEU-BEL,Zone_4A Mixed Humid,urb,q1,2040,0.19107332985800002
C-WEU-BEL,Zone_5A Cool Humid,rur,q1,2040,0.19107332985800002
C-WEU-BEL,Zone_5A Cool Humid,urb,q1,2040,0.19107332985800002
C-EEU-BGR,Zone_4A Mixed Humid,rur,q1,2040,0.1956194648593229
C-EEU-BGR,Zone_4A Mixed Humid,urb,q1,2040,0.1956194648593229
C-EEU-BGR,Zone_5A Cool Humid,rur,q1,2040,0.1956194648593229
C-EEU-BGR,Zone_5A Cool Humid,urb,q1,2040,0.1956194648593229
C-WEU-CYP,Zone_3A Warm Humid,rur,q1,2040,0.2659509828
C-WEU-CYP,Zone_3A Warm Humid,urb,q1,2040,0.2659509828
C-EEU-CZE,Zone_5A Cool Humid,rur,q1,2040,0.199033650795
C-EEU-CZE,Zone_5A Cool Humid,urb,q1,2040,0.199033650795
C-WEU-DEU,Zone_5A Cool Humid,rur,q1,2040,0.21580374269699065
C-WEU-DEU,Zone_5A Cool Humid,urb,q1,2040,0.21580374269699065
C-WEU-DEU,Zone_4A Mixed Humid,rur,q1,2040,0.21580374269699065
C-WEU-DEU,Zone_4A Mixed Humid,urb,q1,2040,0.21580374269699065
C-WEU-DEU,Zone_6A Cold Humid,rur,q1,2040,0.21580374269699065
C-WEU-DEU,Zone_6A Cold Humid,urb,q1,2040,0.21580374269699065
C-WEU-DNK,Zone_5A Cool Humid,rur,q1,2040,0.11294321698280002
C-WEU-DNK,Zone_5A Cool Humid,urb,q1,2040,0.11294321698280002
C-EEU-EST,Zone_6A Cold Humid,rur,q1,2040,0.0834333772222
C-EEU-EST,Zone_6A Cold Humid,urb,q1,2040,0.0834333772222
C-WEU-GRC,Zone_3A Warm Humid,rur,q1,2040,0.5263361767445762
C-WEU-GRC,Zone_3A Warm Humid,urb,q1,2040,0.5263361767445762
C-WEU-GRC,Zone_4A Mixed Humid,rur,q1,2040,0.5263361767445762
C-WEU-GRC,Zone_4A Mixed Humid,urb,q1,2040,0.5263361767445762
C-WEU-GRC,Zone_4C Mixed Marine,rur,q1,2040,0.5263361767445762
C-WEU-GRC,Zone_4C Mixed Marine,urb,q1,2040,0.5263361767445762
C-WEU-GRC,Zone_5C Cool Marine,rur,q1,2040,0.5263361767445762
C-WEU-GRC,Zone_5C Cool Marine,urb,q1,2040,0.5263361767445762
C-WEU-GRC,Zone_5A Cool Humid,rur,q1,2040,0.5263361767445762
C-WEU-GRC,Zone_5A Cool Humid,urb,q1,2040,0.5263361767445762
C-WEU-ESP,Zone_3C Warm Marine,rur,q1,2040,0.4665007611355328
C-WEU-ESP,Zone_3C Warm Marine,urb,q1,2040,0.4665007611355328
C-WEU-ESP,Zone_4C Mixed Marine,rur,q1,2040,0.4665007611355328
C-WEU-ESP,Zone_4C Mixed Marine,urb,q1,2040,0.4665007611355328
C-WEU-ESP,Zone_4A Mixed Humid,rur,q1,2040,0.4665007611355328
C-WEU-ESP,Zone_4A Mixed Humid,urb,q1,2040,0.4665007611355328
C-WEU-ESP,Zone_3A Warm Humid,rur,q1,2040,0.4665007611355328
C-WEU-ESP,Zone_3A Warm Humid,urb,q1,2040,0.4665007611355328
C-WEU-ESP,Zone_3B Warm Dry,rur,q1,2040,0.4665007611355328
C-WEU-ESP,Zone_3B Warm Dry,urb,q1,2040,0.4665007611355328
C-WEU-ESP,Zone_2B Hot Dry,rur,q1,2040,0.4665007611355328
C-WEU-ESP,Zone_2B Hot Dry,urb,q1,2040,0.4665007611355328
C-WEU-FIN,Zone_6A Cold Humid,rur,q1,2040,0.08631661144969303
C-WEU-FIN,Zone_6A Cold Humid,urb,q1,2040,0.08631661144969303
C-WEU-FIN,Zone_7A Very cold Humid,rur,q1,2040,0.08631661144969303
C-WEU-FIN,Zone_7A Very cold Humid,urb,q1,2040,0.08631661144969303
C-WEU-FRA,Zone_4A Mixed Humid,rur,q1,2040,0.2887285893056353
C-WEU-FRA,Zone_4A Mixed Humid,urb,q1,2040,0.2887285893056353
C-WEU-FRA,Zone_5A Cool Humid,rur,q1,2040,0.2887285893056353
C-WEU-FRA,Zone_5A Cool Humid,urb,q1,2040,0.2887285893056353
C-WEU-FRA,Zone_3A Warm Humid,rur,q1,2040,0.2887285893056353
C-WEU-FRA,Zone_3A Warm Humid,urb,q1,2040,0.2887285893056353
C-WEU-FRA,Zone_7A Very cold Humid,rur,q1,2040,0.2887285893056353
C-WEU-FRA,Zone_7A Very cold Humid,urb,q1,2040,0.2887285893056353
C-WEU-FRA,Zone_4C Mixed Marine,rur,q1,2040,0.2887285893056353
C-WEU-FRA,Zone_4C Mixed Marine,urb,q1,2040,0.2887285893056353
C-WEU-FRA,Zone_3C Warm Marine,rur,q1,2040,0.2887285893056353
C-WEU-FRA,Zone_3C Warm Marine,urb,q1,2040,0.2887285893056353
C-WEU-FRA,Zone_1A Very hot Humid,rur,q1,2040,0.2887285893056353
C-WEU-FRA,Zone_1A Very hot Humid,urb,q1,2040,0.2887285893056353
C-WEU-FRA,Zone_2A Hot Humid,rur,q1,2040,0.2887285893056353
C-WEU-FRA,Zone_2A Hot Humid,urb,q1,2040,0.2887285893056353
C-WEU-FRA,Zone_0A Extremely hot Humid,rur,q1,2040,0.2887285893056353
C-WEU-FRA,Zone_0A Extremely hot Humid,urb,q1,2040,0.2887285893056353
C-EEU-HRV,Zone_4A Mixed Humid,rur,q1,2040,0.20842479550364562
C-EEU-HRV,Zone_4A Mixed Humid,urb,q1,2040,0.20842479550364562
C-EEU-HRV,Zone_5A Cool Humid,rur,q1,2040,0.20842479550364562
C-EEU-HRV,Zone_5A Cool Humid,urb,q1,2040,0.20842479550364562
C-EEU-HRV,Zone_4C Mixed Marine,rur,q1,2040,0.20842479550364562
C-EEU-HRV,Zone_4C Mixed Marine,urb,q1,2040,0.20842479550364562
C-EEU-HRV,Zone_3A Warm Humid,rur,q1,2040,0.20842479550364562
C-EEU-HRV,Zone_3A Warm Humid,urb,q1,2040,0.20842479550364562
C-EEU-HUN,Zone_4A Mixed Humid,rur,q1,2040,0.27909886611477724
C-EEU-HUN,Zone_4A Mixed Humid,urb,q1,2040,0.27909886611477724
C-EEU-HUN,Zone_5A Cool Humid,rur,q1,2040,0.27909886611477724
C-EEU-HUN,Zone_5A Cool Humid,urb,q1,2040,0.27909886611477724
C-WEU-IRL,Zone_5A Cool Humid,rur,q1,2040,0.0466276067614
C-WEU-IRL,Zone_5A Cool Humid,urb,q1,2040,0.0466276067614
C-WEU-IRL,Zone_4A Mixed Humid,rur,q1,2040,0.0466276067614
C-WEU-IRL,Zone_4A Mixed Humid,urb,q1,2040,0.0466276067614
C-WEU-ITA,Zone_4A Mixed Humid,rur,q1,2040,0.4215739196376172
C-WEU-ITA,Zone_4A Mixed Humid,urb,q1,2040,0.4215739196376172
C-WEU-ITA,Zone_5A Cool Humid,rur,q1,2040,0.4215739196376172
C-WEU-ITA,Zone_5A Cool Humid,urb,q1,2040,0.4215739196376172
C-WEU-ITA,Zone_7A Very cold Humid,rur,q1,2040,0.4215739196376172
C-WEU-ITA,Zone_7A Very cold Humid,urb,q1,2040,0.4215739196376172
C-WEU-ITA,Zone_6A Cold Humid,rur,q1,2040,0.4215739196376172
C-WEU-ITA,Zone_6A Cold Humid,urb,q1,2040,0.4215739196376172
C-WEU-ITA,Zone_3A Warm Humid,rur,q1,2040,0.4215739196376172
C-WEU-ITA,Zone_3A Warm Humid,urb,q1,2040,0.4215739196376172
C-WEU-ITA,Zone_4C Mixed Marine,rur,q1,2040,0.4215739196376172
C-WEU-ITA,Zone_4C Mixed Marine,urb,q1,2040,0.4215739196376172
C-WEU-ITA,Zone_5C Cool Marine,rur,q1,2040,0.4215739196376172
C-WEU-ITA,Zone_5C Cool Marine,urb,q1,2040,0.4215739196376172
C-EEU-LTU,Zone_6A Cold Humid,rur,q1,2040,0.0900768935816
C-EEU-LTU,Zone_6A Cold Humid,urb,q1,2040,0.0900768935816
C-EEU-LTU,Zone_5A Cool Humid,rur,q1,2040,0.0900768935816
C-EEU-LTU,Zone_5A Cool Humid,urb,q1,2040,0.0900768935816
C-WEU-LUX,Zone_5A Cool Humid,rur,q1,2040,0.17260265989700002
C-WEU-LUX,Zone_5A Cool Humid,urb,q1,2040,0.17260265989700002
C-EEU-LVA,Zone_6A Cold Humid,rur,q1,2040,0.07431484742720001
C-EEU-LVA,Zone_6A Cold Humid,urb,q1,2040,0.07431484742720001
C-WEU-MLT,Zone_3A Warm Humid,rur,q1,2040,0.829623120022
C-WEU-MLT,Zone_3A Warm Humid,urb,q1,2040,0.829623120022
C-WEU-NLD,Zone_5A Cool Humid,rur,q1,2040,0.1531237136063636
C-WEU-NLD,Zone_5A Cool Humid,urb,q1,2040,0.1531237136063636
C-WEU-NLD,Zone_4A Mixed Humid,rur,q1,2040,0.1531237136063636
C-WEU-NLD,Zone_4A Mixed Humid,urb,q1,2040,0.1531237136063636
C-EEU-POL,Zone_5A Cool Humid,rur,q1,2040,0.1425866600384
C-EEU-POL,Zone_5A Cool Humid,urb,q1,2040,0.1425866600384
C-EEU-POL,Zone_6A Cold Humid,rur,q1,2040,0.1425866600384
C-EEU-POL,Zone_6A Cold Humid,urb,q1,2040,0.1425866600384
C-WEU-PRT,Zone_3C Warm Marine,rur,q1,2040,0.2725008971762884
C-WEU-PRT,Zone_3C Warm Marine,urb,q1,2040,0.2725008971762884
C-WEU-PRT,Zone_4C Mixed Marine,rur,q1,2040,0.2725008971762884
C-WEU-PRT,Zone_4C Mixed Marine,urb,q1,2040,0.2725008971762884
C-WEU-PRT,Zone_4A Mixed Humid,rur,q1,2040,0.2725008971762884
C-WEU-PRT,Zone_4A Mixed Humid,urb,q1,2040,0.2725008971762884
C-WEU-PRT,Zone_3A Warm Humid,rur,q1,2040,0.2725008971762884
C-WEU-PRT,Zone_3A Warm Humid,urb,q1,2040,0.2725008971762884
C-EEU-ROU,Zone_5A Cool Humid,rur,q1,2040,0.15498301633114317
C-EEU-ROU,Zone_5A Cool Humid,urb,q1,2040,0.15498301633114317
C-EEU-ROU,Zone_6A Cold Humid,rur,q1,2040,0.15498301633114317
C-EEU-ROU,Zone_6A Cold Humid,urb,q1,2040,0.15498301633114317
C-EEU-ROU,Zone_4A Mixed Humid,rur,q1,2040,0.15498301633114317
C-EEU-ROU,Zone_4A Mixed Humid,urb,q1,2040,0.15498301633114317
C-WEU-SWE,Zone_6A Cold Humid,rur,q1,2040,0.11550658010247773
C-WEU-SWE,Zone_6A Cold Humid,urb,q1,2040,0.11550658010247773
C-WEU-SWE,Zone_5A Cool Humid,rur,q1,2040,0.11550658010247773
C-WEU-SWE,Zone_5A Cool Humid,urb,q1,2040,0.11550658010247773
C-WEU-SWE,Zone_7A Very cold Humid,rur,q1,2040,0.11550658010247773
C-WEU-SWE,Zone_7A Very cold Humid,urb,q1,2040,0.11550658010247773
C-WEU-SWE,Zone_8A Subarctic/arctic Humid,rur,q1,2040,0.11550658010247773
C-WEU-SWE,Zone_8A Subarctic/arctic Humid,urb,q1,2040,0.11550658010247773
C-EEU-SVN,Zone_4A Mixed Humid,rur,q1,2040,0.1315968699943425
C-EEU-SVN,Zone_4A Mixed Humid,urb,q1,2040,0.1315968699943425
C-EEU-SVN,Zone_5A Cool Humid,rur,q1,2040,0.1315968699943425
C-EEU-SVN,Zone_5A Cool Humid,urb,q1,2040,0.1315968699943425
C-EEU-SVN,Zone_7A Very cold Humid,rur,q1,2040,0.1315968699943425
C-EEU-SVN,Zone_7A Very cold Humid,urb,q1,2040,0.1315968699943425
C-EEU-SVK,Zone_5A Cool Humid,rur,q1,2040,0.18212759068751
C-EEU-SVK,Zone_5A Cool Humid,urb,q1,2040,0.18212759068751
C-EEU-SVK,Zone_6A Cold Humid,rur,q1,2040,0.18212759068751
C-EEU-SVK,Zone_6A Cold Humid,urb,q1,2040,0.18212759068751
C-WEU-AUT,Zone_5A Cool Humid,rur,q2,2040,0.22403241706176946
C-WEU-AUT,Zone_5A Cool Humid,urb,q2,2040,0.22403241706176946
C-WEU-AUT,Zone_4A Mixed Humid,rur,q2,2040,0.22403241706176946
C-WEU-AUT,Zone_4A Mixed Humid,urb,q2,2040,0.22403241706176946
C-WEU-AUT,Zone_6A Cold Humid,rur,q2,2040,0.22403241706176946
C-WEU-AUT,Zone_6A Cold Humid,urb,q2,2040,0.22403241706176946
C-WEU-AUT,Zone_7A Very cold Humid,rur,q2,2040,0.22403241706176946
C-WEU-AUT,Zone_7A Very cold Humid,urb,q2,2040,0.22403241706176946
C-WEU-BEL,Zone_4A Mixed Humid,rur,q2,2040,0.1941171662
C-WEU-BEL,Zone_4A Mixed Humid,urb,q2,2040,0.1941171662
C-WEU-BEL,Zone_5A Cool Humid,rur,q2,2040,0.1941171662
C-WEU-BEL,Zone_5A Cool Humid,urb,q2,2040,0.1941171662
C-EEU-BGR,Zone_4A Mixed Humid,rur,q2,2040,0.42254778944602955
C-EEU-BGR,Zone_4A Mixed Humid,urb,q2,2040,0.42254778944602955
C-EEU-BGR,Zone_5A Cool Humid,rur,q2,2040,0.42254778944602955
C-EEU-BGR,Zone_5A Cool Humid,urb,q2,2040,0.42254778944602955
C-WEU-CYP,Zone_3A Warm Humid,rur,q2,2040,0.6995094449999999
C-WEU-CYP,Zone_3A Warm Humid,urb,q2,2040,0.6995094449999999
C-EEU-CZE,Zone_5A Cool Humid,rur,q2,2040,0.21255367754499999
C-EEU-CZE,Zone_5A Cool Humid,urb,q2,2040,0.21255367754499999
C-WEU-DEU,Zone_5A Cool Humid,rur,q2,2040,0.2332524826453802
C-WEU-DEU,Zone_5A Cool Humid,urb,q2,2040,0.2332524826453802
C-WEU-DEU,Zone_4A Mixed Humid,rur,q2,2040,0.2332524826453802
C-WEU-DEU,Zone_4A Mixed Humid,urb,q2,2040,0.2332524826453802
C-WEU-DEU,Zone_6A Cold Humid,rur,q2,2040,0.2332524826453802
C-WEU-DEU,Zone_6A Cold Humid,urb,q2,2040,0.2332524826453802
C-WEU-DNK,Zone_5A Cool Humid,rur,q2,2040,0.118092966088
C-WEU-DNK,Zone_5A Cool Humid,urb,q2,2040,0.118092966088
C-EEU-EST,Zone_6A Cold Humid,rur,q2,2040,0.1021447604805
C-EEU-EST,Zone_6A Cold Humid,urb,q2,2040,0.1021447604805
C-WEU-GRC,Zone_3A Warm Humid,rur,q2,2040,0.6891014263472022
C-WEU-GRC,Zone_3A Warm Humid,urb,q2,2040,0.6891014263472022
C-WEU-GRC,Zone_4A Mixed Humid,rur,q2,2040,0.6891014263472022
C-WEU-GRC,Zone_4A Mixed Humid,urb,q2,2040,0.6891014263472022
C-WEU-GRC,Zone_4C Mixed Marine,rur,q2,2040,0.6891014263472022
C-WEU-GRC,Zone_4C Mixed Marine,urb,q2,2040,0.6891014263472022
C-WEU-GRC,Zone_5C Cool Marine,rur,q2,2040,0.6891014263472022
C-WEU-GRC,Zone_5C Cool Marine,urb,q2,2040,0.6891014263472022
C-WEU-GRC,Zone_5A Cool Humid,rur,q2,2040,0.6891014263472022
C-WEU-GRC,Zone_5A Cool Humid,urb,q2,2040,0.6891014263472022
C-WEU-ESP,Zone_3C Warm Marine,rur,q2,2040,0.6244343180923331
C-WEU-ESP,Zone_3C Warm Marine,urb,q2,2040,0.6244343180923331
C-WEU-ESP,Zone_4C Mixed Marine,rur,q2,2040,0.6244343180923331
C-WEU-ESP,Zone_4C Mixed Marine,urb,q2,2040,0.6244343180923331
C-WEU-ESP,Zone_4A Mixed Humid,rur,q2,2040,0.6244343180923331
C-WEU-ESP,Zone_4A Mixed Humid,urb,q2,2040,0.6244343180923331
C-WEU-ESP,Zone_3A Warm Humid,rur,q2,2040,0.6244343180923331
C-WEU-ESP,Zone_3A Warm Humid,urb,q2,2040,0.6244343180923331
C-WEU-ESP,Zone_3B Warm Dry,rur,q2,2040,0.6244343180923331
C-WEU-ESP,Zone_3B Warm Dry,urb,q2,2040,0.6244343180923331
C-WEU-ESP,Zone_2B Hot Dry,rur,q2,2040,0.6244343180923331
C-WEU-ESP,Zone_2B Hot Dry,urb,q2,2040,0.6244343180923331
C-WEU-FIN,Zone_6A Cold Humid,rur,q2,2040,0.09031488948361892
C-WEU-FIN,Zone_6A Cold Humid,urb,q2,2040,0.09031488948361892
C-WEU-FIN,Zone_7A Very cold Humid,rur,q2,2040,0.09031488948361892
C-WEU-FIN,Zone_7A Very cold Humid,urb,q2,2040,0.09031488948361892
C-WEU-FRA,Zone_4A Mixed Humid,rur,q2,2040,0.31929250834053974
C-WEU-FRA,Zone_4A Mixed Humid,urb,q2,2040,0.31929250834053974
C-WEU-FRA,Zone_5A Cool Humid,rur,q2,2040,0.31929250834053974
C-WEU-FRA,Zone_5A Cool Humid,urb,q2,2040,0.31929250834053974
C-WEU-FRA,Zone_3A Warm Humid,rur,q2,2040,0.31929250834053974
C-WEU-FRA,Zone_3A Warm Humid,urb,q2,2040,0.31929250834053974
C-WEU-FRA,Zone_7A Very cold Humid,rur,q2,2040,0.31929250834053974
C-WEU-FRA,Zone_7A Very cold Humid,urb,q2,2040,0.31929250834053974
C-WEU-FRA,Zone_4C Mixed Marine,rur,q2,2040,0.31929250834053974
C-WEU-FRA,Zone_4C Mixed Marine,urb,q2,2040,0.31929250834053974
C-WEU-FRA,Zone_3C Warm Marine,rur,q2,2040,0.31929250834053974
C-WEU-FRA,Zone_3C Warm Marine,urb,q2,2040,0.31929250834053974
C-WEU-FRA,Zone_1A Very hot Humid,rur,q2,2040,0.31929250834053974
C-WEU-FRA,Zone_1A Very hot Humid,urb,q2,2040,0.31929250834053974
C-WEU-FRA,Zone_2A Hot Humid,rur,q2,2040,0.31929250834053974
C-WEU-FRA,Zone_2A Hot Humid,urb,q2,2040,0.31929250834053974
C-WEU-FRA,Zone_0A Extremely hot Humid,rur,q2,2040,0.31929250834053974
C-WEU-FRA,Zone_0A Extremely hot Humid,urb,q2,2040,0.31929250834053974
C-EEU-HRV,Zone_4A Mixed Humid,rur,q2,2040,0.40175034144537475
C-EEU-HRV,Zone_4A Mixed Humid,urb,q2,2040,0.40175034144537475
C-EEU-HRV,Zone_5A Cool Humid,rur,q2,2040,0.40175034144537475
C-EEU-HRV,Zone_5A Cool Humid,urb,q2,2040,0.40175034144537475
C-EEU-HRV,Zone_4C Mixed Marine,rur,q2,2040,0.40175034144537475
C-EEU-HRV,Zone_4C Mixed Marine,urb,q2,2040,0.40175034144537475
C-EEU-HRV,Zone_3A Warm Humid,rur,q2,2040,0.40175034144537475
C-EEU-HRV,Zone_3A Warm Humid,urb,q2,2040,0.40175034144537475
C-EEU-HUN,Zone_4A Mixed Humid,rur,q2,2040,0.40035210397686294
C-EEU-HUN,Zone_4A Mixed Humid,urb,q2,2040,0.40035210397686294
C-EEU-HUN,Zone_5A Cool Humid,rur,q2,2040,0.40035210397686294
C-EEU-HUN,Zone_5A Cool Humid,urb,q2,2040,0.40035210397686294
C-WEU-IRL,Zone_5A Cool Humid,rur,q2,2040,0.051656435363
C-WEU-IRL,Zone_5A Cool Humid,urb,q2,2040,0.051656435363
C-WEU-IRL,Zone_4A Mixed Humid,rur,q2,2040,0.051656435363
C-WEU-IRL,Zone_4A Mixed Humid,urb,q2,2040,0.051656435363
C-WEU-ITA,Zone_4A Mixed Humid,rur,q2,2040,0.5451964118548062
C-WEU-ITA,Zone_4A Mixed Humid,urb,q2,2040,0.5451964118548062
C-WEU-ITA,Zone_5A Cool Humid,rur,q2,2040,0.5451964118548062
C-WEU-ITA,Zone_5A Cool Humid,urb,q2,2040,0.5451964118548062
C-WEU-ITA,Zone_7A Very cold Humid,rur,q2,2040,0.5451964118548062
C-WEU-ITA,Zone_7A Very cold Humid,urb,q2,2040,0.5451964118548062
C-WEU-ITA,Zone_6A Cold Humid,rur,q2,2040,0.5451964118548062
C-WEU-ITA,Zone_6A Cold Humid,urb,q2,2040,0.5451964118548062
C-WEU-ITA,Zone_3A Warm Humid,rur,q2,2040,0.5451964118548062
C-WEU-ITA,Zone_3A Warm Humid,urb,q2,2040,0.5451964118548062
C-WEU-ITA,Zone_4C Mixed Marine,rur,q2,2040,0.5451964118548062
C-WEU-ITA,Zone_4C Mixed Marine,urb,q2,2040,0.5451964118548062
C-WEU-ITA,Zone_5C Cool Marine,rur,q2,2040,0.5451964118548062
C-WEU-ITA,Zone_5C Cool Marine,urb,q2,2040,0.5451964118548062
C-EEU-LTU,Zone_6A Cold Humid,rur,q2,2040,0.16592308021599997
C-EEU-LTU,Zone_6A Cold Humid,urb,q2,2040,0.16592308021599997
C-EEU-LTU,Zone_5A Cool Humid,rur,q2,2040,0.16592308021599997
C-EEU-LTU,Zone_5A Cool Humid,urb,q2,2040,0.16592308021599997
C-WEU-LUX,Zone_5A Cool Humid,rur,q2,2040,0.17273612674700003
C-WEU-LUX,Zone_5A Cool Humid,urb,q2,2040,0.17273612674700003
C-EEU-LVA,Zone_6A Cold Humid,rur,q2,2040,0.13405358802300002
C-EEU-LVA,Zone_6A Cold Humid,urb,q2,2040,0.13405358802300002
C-WEU-MLT,Zone_3A Warm Humid,rur,q2,2040,0.8810276018179999
C-WEU-MLT,Zone_3A Warm Humid,urb,q2,2040,0.8810276018179999
C-WEU-NLD,Zone_5A Cool Humid,rur,q2,2040,0.15646220892739668
C-WEU-NLD,Zone_5A Cool Humid,urb,q2,2040,0.15646220892739668
C-WEU-NLD,Zone_4A Mixed Humid,rur,q2,2040,0.15646220892739668
C-WEU-NLD,Zone_4A Mixed Humid,urb,q2,2040,0.15646220892739668
C-EEU-POL,Zone_5A Cool Humid,rur,q2,2040,0.22456853682
C-EEU-POL,Zone_5A Cool Humid,urb,q2,2040,0.22456853682
C-EEU-POL,Zone_6A Cold Humid,rur,q2,2040,0.22456853682
C-EEU-POL,Zone_6A Cold Humid,urb,q2,2040,0.22456853682
C-WEU-PRT,Zone_3C Warm Marine,rur,q2,2040,0.4933580933415121
C-WEU-PRT,Zone_3C Warm Marine,urb,q2,2040,0.4933580933415121
C-WEU-PRT,Zone_4C Mixed Marine,rur,q2,2040,0.4933580933415121
C-WEU-PRT,Zone_4C Mixed Marine,urb,q2,2040,0.4933580933415121
C-WEU-PRT,Zone_4A Mixed Humid,rur,q2,2040,0.4933580933415121
C-WEU-PRT,Zone_4A Mixed Humid,urb,q2,2040,0.4933580933415121
C-WEU-PRT,Zone_3A Warm Humid,rur,q2,2040,0.4933580933415121
C-WEU-PRT,Zone_3A Warm Humid,urb,q2,2040,0.4933580933415121
C-EEU-ROU,Zone_5A Cool Humid,rur,q2,2040,0.3054219764053523
C-EEU-ROU,Zone_5A Cool Humid,urb,q2,2040,0.3054219764053523
C-EEU-ROU,Zone_6A Cold Humid,rur,q2,2040,0.3054219764053523
C-EEU-ROU,Zone_6A Cold Humid,urb,q2,2040,0.3054219764053523
C-EEU-ROU,Zone_4A Mixed Humid,rur,q2,2040,0.3054219764053523
C-EEU-ROU,Zone_4A Mixed Humid,urb,q2,2040,0.3054219764053523
C-WEU-SWE,Zone_6A Cold Humid,rur,q2,2040,0.11873802279736194
C-WEU-SWE,Zone_6A Cold Humid,urb,q2,2040,0.11873802279736194
C-WEU-SWE,Zone_5A Cool Humid,rur,q2,2040,0.11873802279736194
C-WEU-SWE,Zone_5A Cool Humid,urb,q2,2040,0.11873802279736194
C-WEU-SWE,Zone_7A Very cold Humid,rur,q2,2040,0.11873802279736194
C-WEU-SWE,Zone_7A Very cold Humid,urb,q2,2040,0.11873802279736194
C-WEU-SWE,Zone_8A Subarctic/arctic Humid,rur,q2,2040,0.11873802279736194
C-WEU-SWE,Zone_8A Subarctic/arctic Humid,urb,q2,2040,0.11873802279736194
C-EEU-SVN,Zone_4A Mixed Humid,rur,q2,2040,0.15374645679627705
C-EEU-SVN,Zone_4A Mixed Humid,urb,q2,2040,0.15374645679627705
C-EEU-SVN,Zone_5A Cool Humid,rur,q2,2040,0.15374645679627705
C-EEU-SVN,Zone_5A Cool Humid,urb,q2,2040,0.15374645679627705
C-EEU-SVN,Zone_7A Very cold Humid,rur,q2,2040,0.15374645679627705
C-EEU-SVN,Zone_7A Very cold Humid,urb,q2,2040,0.15374645679627705
C-EEU-SVK,Zone_5A Cool Humid,rur,q2,2040,0.243739582813069
C-EEU-SVK,Zone_5A Cool Humid,urb,q2,2040,0.243739582813069
C-EEU-SVK,Zone_6A Cold Humid,rur,q2,2040,0.243739582813069
C-EEU-SVK,Zone_6A Cold Humid,urb,q2,2040,0.243739582813069
C-WEU-AUT,Zone_5A Cool Humid,rur,q3,2040,0.2243607557066878
C-WEU-AUT,Zone_5A Cool Humid,urb,q3,2040,0.2243607557066878
C-WEU-AUT,Zone_4A Mixed Humid,rur,q3,2040,0.2243607557066878
C-WEU-AUT,Zone_4A Mixed Humid,urb,q3,2040,0.2243607557066878
C-WEU-AUT,Zone_6A Cold Humid,rur,q3,2040,0.2243607557066878
C-WEU-AUT,Zone_6A Cold Humid,urb,q3,2040,0.2243607557066878
C-WEU-AUT,Zone_7A Very cold Humid,rur,q3,2040,0.2243607557066878
C-WEU-AUT,Zone_7A Very cold Humid,urb,q3,2040,0.2243607557066878
C-WEU-BEL,Zone_4A Mixed Humid,rur,q3,2040,0.1941913965424
C-WEU-BEL,Zone_4A Mixed Humid,urb,q3,2040,0.1941913965424
C-WEU-BEL,Zone_5A Cool Humid,rur,q3,2040,0.1941913965424
C-WEU-BEL,Zone_5A Cool Humid,urb,q3,2040,0.1941913965424
C-EEU-BGR,Zone_4A Mixed Humid,rur,q3,2040,0.44137629554661784
C-EEU-BGR,Zone_4A Mixed Humid,urb,q3,2040,0.44137629554661784
C-EEU-BGR,Zone_5A Cool Humid,rur,q3,2040,0.44137629554661784
C-EEU-BGR,Zone_5A Cool Humid,urb,q3,2040,0.44137629554661784
C-WEU-CYP,Zone_3A Warm Humid,rur,q3,2040,0.8580732511999999
C-WEU-CYP,Zone_3A Warm Humid,urb,q3,2040,0.8580732511999999
C-EEU-CZE,Zone_5A Cool Humid,rur,q3,2040,0.21305850926699998
C-EEU-CZE,Zone_5A Cool Humid,urb,q3,2040,0.21305850926699998
C-WEU-DEU,Zone_5A Cool Humid,rur,q3,2040,0.2338849180076597
C-WEU-DEU,Zone_5A Cool Humid,urb,q3,2040,0.2338849180076597
C-WEU-DEU,Zone_4A Mixed Humid,rur,q3,2040,0.2338849180076597
C-WEU-DEU,Zone_4A Mixed Humid,urb,q3,2040,0.2338849180076597
C-WEU-DEU,Zone_6A Cold Humid,rur,q3,2040,0.2338849180076597
C-WEU-DEU,Zone_6A Cold Humid,urb,q3,2040,0.2338849180076597
C-WEU-DNK,Zone_5A Cool Humid,rur,q3,2040,0.11843041870000001
C-WEU-DNK,Zone_5A Cool Humid,urb,q3,2040,0.11843041870000001
C-EEU-EST,Zone_6A Cold Humid,rur,q3,2040,0.103317843649
C-EEU-EST,Zone_6A Cold Humid,urb,q3,2040,0.103317843649
C-WEU-GRC,Zone_3A Warm Humid,rur,q3,2040,0.7001099401265666
C-WEU-GRC,Zone_3A Warm Humid,urb,q3,2040,0.7001099401265666
C-WEU-GRC,Zone_4A Mixed Humid,rur,q3,2040,0.7001099401265666
C-WEU-GRC,Zone_4A Mixed Humid,urb,q3,2040,0.7001099401265666
C-WEU-GRC,Zone_4C Mixed Marine,rur,q3,2040,0.7001099401265666
C-WEU-GRC,Zone_4C Mixed Marine,urb,q3,2040,0.7001099401265666
C-WEU-GRC,Zone_5C Cool Marine,rur,q3,2040,0.7001099401265666
C-WEU-GRC,Zone_5C Cool Marine,urb,q3,2040,0.7001099401265666
C-WEU-GRC,Zone_5A Cool Humid,rur,q3,2040,0.7001099401265666
C-WEU-GRC,Zone_5A Cool Humid,urb,q3,2040,0.7001099401265666
C-WEU-ESP,Zone_3C Warm Marine,rur,q3,2040,0.6400511459605591
C-WEU-ESP,Zone_3C Warm Marine,urb,q3,2040,0.6400511459605591
C-WEU-ESP,Zone_4C Mixed Marine,rur,q3,2040,0.6400511459605591
C-WEU-ESP,Zone_4C Mixed Marine,urb,q3,2040,0.6400511459605591
C-WEU-ESP,Zone_4A Mixed Humid,rur,q3,2040,0.6400511459605591
C-WEU-ESP,Zone_4A Mixed Humid,urb,q3,2040,0.6400511459605591
C-WEU-ESP,Zone_3A Warm Humid,rur,q3,2040,0.6400511459605591
C-WEU-ESP,Zone_3A Warm Humid,urb,q3,2040,0.6400511459605591
C-WEU-ESP,Zone_3B Warm Dry,rur,q3,2040,0.6400511459605591
C-WEU-ESP,Zone_3B Warm Dry,urb,q3,2040,0.6400511459605591
C-WEU-ESP,Zone_2B Hot Dry,rur,q3,2040,0.6400511459605591
C-WEU-ESP,Zone_2B Hot Dry,urb,q3,2040,0.6400511459605591
C-WEU-FIN,Zone_6A Cold Humid,rur,q3,2040,0.09052025271243978
C-WEU-FIN,Zone_6A Cold Humid,urb,q3,2040,0.09052025271243978
C-WEU-FIN,Zone_7A Very cold Humid,rur,q3,2040,0.09052025271243978
C-WEU-FIN,Zone_7A Very cold Humid,urb,q3,2040,0.09052025271243978
C-WEU-FRA,Zone_4A Mixed Humid,rur,q3,2040,0.3215645926313685
C-WEU-FRA,Zone_4A Mixed Humid,urb,q3,2040,0.3215645926313685
C-WEU-FRA,Zone_5A Cool Humid,rur,q3,2040,0.3215645926313685
C-WEU-FRA,Zone_5A Cool Humid,urb,q3,2040,0.3215645926313685
C-WEU-FRA,Zone_3A Warm Humid,rur,q3,2040,0.3215645926313685
C-WEU-FRA,Zone_3A Warm Humid,urb,q3,2040,0.3215645926313685
C-WEU-FRA,Zone_7A Very cold Humid,rur,q3,2040,0.3215645926313685
C-WEU-FRA,Zone_7A Very cold Humid,urb,q3,2040,0.3215645926313685
C-WEU-FRA,Zone_4C Mixed Marine,rur,q3,2040,0.3215645926313685
C-WEU-FRA,Zone_4C Mixed Marine,urb,q3,2040,0.3215645926313685
C-WEU-FRA,Zone_3C Warm Marine,rur,q3,2040,0.3215645926313685
C-WEU-FRA,Zone_3C Warm Marine,urb,q3,2040,0.3215645926313685
C-WEU-FRA,Zone_1A Very hot Humid,rur,q3,2040,0.3215645926313685
C-WEU-FRA,Zone_1A Very hot Humid,urb,q3,2040,0.3215645926313685
C-WEU-FRA,Zone_2A Hot Humid,rur,q3,2040,0.3215645926313685
C-WEU-FRA,Zone_2A Hot Humid,urb,q3,2040,0.3215645926313685
C-WEU-FRA,Zone_0A Extremely hot Humid,rur,q3,2040,0.3215645926313685
C-WEU-FRA,Zone_0A Extremely hot Humid,urb,q3,2040,0.3215645926313685
C-EEU-HRV,Zone_4A Mixed Humid,rur,q3,2040,0.44470979714960746
C-EEU-HRV,Zone_4A Mixed Humid,urb,q3,2040,0.44470979714960746
C-EEU-HRV,Zone_5A Cool Humid,rur,q3,2040,0.44470979714960746
C-EEU-HRV,Zone_5A Cool Humid,urb,q3,2040,0.44470979714960746
C-EEU-HRV,Zone_4C Mixed Marine,rur,q3,2040,0.44470979714960746
C-EEU-HRV,Zone_4C Mixed Marine,urb,q3,2040,0.44470979714960746
C-EEU-HRV,Zone_3A Warm Humid,rur,q3,2040,0.44470979714960746
C-EEU-HRV,Zone_3A Warm Humid,urb,q3,2040,0.44470979714960746
C-EEU-HUN,Zone_4A Mixed Humid,rur,q3,2040,0.423498500269223
C-EEU-HUN,Zone_4A Mixed Humid,urb,q3,2040,0.423498500269223
C-EEU-HUN,Zone_5A Cool Humid,rur,q3,2040,0.423498500269223
C-EEU-HUN,Zone_5A Cool Humid,urb,q3,2040,0.423498500269223
C-WEU-IRL,Zone_5A Cool Humid,rur,q3,2040,0.05182620093779999
C-WEU-IRL,Zone_5A Cool Humid,urb,q3,2040,0.05182620093779999
C-WEU-IRL,Zone_4A Mixed Humid,rur,q3,2040,0.05182620093779999
C-WEU-IRL,Zone_4A Mixed Humid,urb,q3,2040,0.05182620093779999
C-WEU-ITA,Zone_4A Mixed Humid,rur,q3,2040,0.5588537626198163
C-WEU-ITA,Zone_4A Mixed Humid,urb,q3,2040,0.5588537626198163
C-WEU-ITA,Zone_5A Cool Humid,rur,q3,2040,0.5588537626198163
C-WEU-ITA,Zone_5A Cool Humid,urb,q3,2040,0.5588537626198163
C-WEU-ITA,Zone_7A Very cold Humid,rur,q3,2040,0.5588537626198163
C-WEU-ITA,Zone_7A Very cold Humid,urb,q3,2040,0.5588537626198163
C-WEU-ITA,Zone_6A Cold Humid,rur,q3,2040,0.5588537626198163
C-WEU-ITA,Zone_6A Cold Humid,urb,q3,2040,0.5588537626198163
C-WEU-ITA,Zone_3A Warm Humid,rur,q3,2040,0.5588537626198163
C-WEU-ITA,Zone_3A Warm Humid,urb,q3,2040,0.5588537626198163
C-WEU-ITA,Zone_4C Mixed Marine,rur,q3,2040,0.5588537626198163
C-WEU-ITA,Zone_4C Mixed Marine,urb,q3,2040,0.5588537626198163
C-WEU-ITA,Zone_5C Cool Marine,rur,q3,2040,0.5588537626198163
C-WEU-ITA,Zone_5C Cool Marine,urb,q3,2040,0.5588537626198163
C-EEU-LTU,Zone_6A Cold Humid,rur,q3,2040,0.17260157289599998
C-EEU-LTU,Zone_6A Cold Humid,urb,q3,2040,0.17260157289599998
C-EEU-LTU,Zone_5A Cool Humid,rur,q3,2040,0.17260157289599998
C-EEU-LTU,Zone_5A Cool Humid,urb,q3,2040,0.17260157289599998
C-WEU-LUX,Zone_5A Cool Humid,rur,q3,2040,0.17273690000000003
C-WEU-LUX,Zone_5A Cool Humid,urb,q3,2040,0.17273690000000003
C-EEU-LVA,Zone_6A Cold Humid,rur,q3,2040,0.141868840099
C-EEU-LVA,Zone_6A Cold Humid,urb,q3,2040,0.141868840099
C-WEU-MLT,Zone_3A Warm Humid,rur,q3,2040,0.88339836073
C-WEU-MLT,Zone_3A Warm Humid,urb,q3,2040,0.88339836073
C-WEU-NLD,Zone_5A Cool Humid,rur,q3,2040,0.15656978575259073
C-WEU-NLD,Zone_5A Cool Humid,urb,q3,2040,0.15656978575259073
C-WEU-NLD,Zone_4A Mixed Humid,rur,q3,2040,0.15656978575259073
C-WEU-NLD,Zone_4A Mixed Humid,urb,q3,2040,0.15656978575259073
C-EEU-POL,Zone_5A Cool Humid,rur,q3,2040,0.232207727528
C-EEU-POL,Zone_5A Cool Humid,urb,q3,2040,0.232207727528
C-EEU-POL,Zone_6A Cold Humid,rur,q3,2040,0.232207727528
C-EEU-POL,Zone_6A Cold Humid,urb,q3,2040,0.232207727528
C-WEU-PRT,Zone_3C Warm Marine,rur,q3,2040,0.5269880200005922
C-WEU-PRT,Zone_3C Warm Marine,urb,q3,2040,0.5269880200005922
C-WEU-PRT,Zone_4C Mixed Marine,rur,q3,2040,0.5269880200005922
C-WEU-PRT,Zone_4C Mixed Marine,urb,q3,2040,0.5269880200005922
C-WEU-PRT,Zone_4A Mixed Humid,rur,q3,2040,0.5269880200005922
C-WEU-PRT,Zone_4A Mixed Humid,urb,q3,2040,0.5269880200005922
C-WEU-PRT,Zone_3A Warm Humid,rur,q3,2040,0.5269880200005922
C-WEU-PRT,Zone_3A Warm Humid,urb,q3,2040,0.5269880200005922
C-EEU-ROU,Zone_5A Cool Humid,rur,q3,2040,0.36961095437611374
C-EEU-ROU,Zone_5A Cool Humid,urb,q3,2040,0.36961095437611374
C-EEU-ROU,Zone_6A Cold Humid,rur,q3,2040,0.36961095437611374
C-EEU-ROU,Zone_6A Cold Humid,urb,q3,2040,0.36961095437611374
C-EEU-ROU,Zone_4A Mixed Humid,rur,q3,2040,0.36961095437611374
C-EEU-ROU,Zone_4A Mixed Humid,urb,q3,2040,0.36961095437611374
C-WEU-SWE,Zone_6A Cold Humid,rur,q3,2040,0.11885871231008684
C-WEU-SWE,Zone_6A Cold Humid,urb,q3,2040,0.11885871231008684
C-WEU-SWE,Zone_5A Cool Humid,rur,q3,2040,0.11885871231008684
C-WEU-SWE,Zone_5A Cool Humid,urb,q3,2040,0.11885871231008684
C-WEU-SWE,Zone_7A Very cold Humid,rur,q3,2040,0.11885871231008684
C-WEU-SWE,Zone_7A Very cold Humid,urb,q3,2040,0.11885871231008684
C-WEU-SWE,Zone_8A Subarctic/arctic Humid,rur,q3,2040,0.11885871231008684
C-WEU-SWE,Zone_8A Subarctic/arctic Humid,urb,q3,2040,0.11885871231008684
C-EEU-SVN,Zone_4A Mixed Humid,rur,q3,2040,0.15662343630484554
C-EEU-SVN,Zone_4A Mixed Humid,urb,q3,2040,0.15662343630484554
C-EEU-SVN,Zone_5A Cool Humid,rur,q3,2040,0.15662343630484554
C-EEU-SVN,Zone_5A Cool Humid,urb,q3,2040,0.15662343630484554
C-EEU-SVN,Zone_7A Very cold Humid,rur,q3,2040,0.15662343630484554
C-EEU-SVN,Zone_7A Very cold Humid,urb,q3,2040,0.15662343630484554
C-EEU-SVK,Zone_5A Cool Humid,rur,q3,2040,0.24753385943835113
C-EEU-SVK,Zone_5A Cool Humid,urb,q3,2040,0.24753385943835113
C-EEU-SVK,Zone_6A Cold Humid,rur,q3,2040,0.24753385943835113
C-EEU-SVK,Zone_6A Cold Humid,urb,q3,2040,0.24753385943835113
C-WEU-AUT,Zone_5A Cool Humid,rur,q1,2045,0.21790331246579092
C-WEU-AUT,Zone_5A Cool Humid,urb,q1,2045,0.21790331246579092
C-WEU-AUT,Zone_4A Mixed Humid,rur,q1,2045,0.21790331246579092
C-WEU-AUT,Zone_4A Mixed Humid,urb,q1,2045,0.21790331246579092
C-WEU-AUT,Zone_6A Cold Humid,rur,q1,2045,0.21790331246579092
C-WEU-AUT,Zone_6A Cold Humid,urb,q1,2045,0.21790331246579092
C-WEU-AUT,Zone_7A Very cold Humid,rur,q1,2045,0.21790331246579092
C-WEU-AUT,Zone_7A Very cold Humid,urb,q1,2045,0.21790331246579092
C-WEU-BEL,Zone_4A Mixed Humid,rur,q1,2045,0.1924389073437
C-WEU-BEL,Zone_4A Mixed Humid,urb,q1,2045,0.1924389073437
C-WEU-BEL,Zone_5A Cool Humid,rur,q1,2045,0.1924389073437
C-WEU-BEL,Zone_5A Cool Humid,urb,q1,2045,0.1924389073437
C-EEU-BGR,Zone_4A Mixed Humid,rur,q1,2045,0.22417067566704593
C-EEU-BGR,Zone_4A Mixed Humid,urb,q1,2045,0.22417067566704593
C-EEU-BGR,Zone_5A Cool Humid,rur,q1,2045,0.22417067566704593
C-EEU-BGR,Zone_5A Cool Humid,urb,q1,2045,0.22417067566704593
C-WEU-CYP,Zone_3A Warm Humid,rur,q1,2045,0.31629598956500005
C-WEU-CYP,Zone_3A Warm Humid,urb,q1,2045,0.31629598956500005
C-EEU-CZE,Zone_5A Cool Humid,rur,q1,2045,0.204029596386
C-EEU-CZE,Zone_5A Cool Humid,urb,q1,2045,0.204029596386
C-WEU-DEU,Zone_5A Cool Humid,rur,q1,2045,0.22103545466883415
C-WEU-DEU,Zone_5A Cool Humid,urb,q1,2045,0.22103545466883415
C-WEU-DEU,Zone_4A Mixed Humid,rur,q1,2045,0.22103545466883415
C-WEU-DEU,Zone_4A Mixed Humid,urb,q1,2045,0.22103545466883415
C-WEU-DEU,Zone_6A Cold Humid,rur,q1,2045,0.22103545466883415
C-WEU-DEU,Zone_6A Cold Humid,urb,q1,2045,0.22103545466883415
C-WEU-DNK,Zone_5A Cool Humid,rur,q1,2045,0.11496041699040001
C-WEU-DNK,Zone_5A Cool Humid,urb,q1,2045,0.11496041699040001
C-EEU-EST,Zone_6A Cold Humid,rur,q1,2045,0.0904155364122
C-EEU-EST,Zone_6A Cold Humid,urb,q1,2045,0.0904155364122
C-WEU-GRC,Zone_3A Warm Humid,rur,q1,2045,0.5642136805537197
C-WEU-GRC,Zone_3A Warm Humid,urb,q1,2045,0.5642136805537197
C-WEU-GRC,Zone_4A Mixed Humid,rur,q1,2045,0.5642136805537197
C-WEU-GRC,Zone_4A Mixed Humid,urb,q1,2045,0.5642136805537197
C-WEU-GRC,Zone_4C Mixed Marine,rur,q1,2045,0.5642136805537197
C-WEU-GRC,Zone_4C Mixed Marine,urb,q1,2045,0.5642136805537197
C-WEU-GRC,Zone_5C Cool Marine,rur,q1,2045,0.5642136805537197
C-WEU-GRC,Zone_5C Cool Marine,urb,q1,2045,0.5642136805537197
C-WEU-GRC,Zone_5A Cool Humid,rur,q1,2045,0.5642136805537197
C-WEU-GRC,Zone_5A Cool Humid,urb,q1,2045,0.5642136805537197
C-WEU-ESP,Zone_3C Warm Marine,rur,q1,2045,0.4953749439213912
C-WEU-ESP,Zone_3C Warm Marine,urb,q1,2045,0.4953749439213912
C-WEU-ESP,Zone_4C Mixed Marine,rur,q1,2045,0.4953749439213912
C-WEU-ESP,Zone_4C Mixed Marine,urb,q1,2045,0.4953749439213912
C-WEU-ESP,Zone_4A Mixed Humid,rur,q1,2045,0.4953749439213912
C-WEU-ESP,Zone_4A Mixed Humid,urb,q1,2045,0.4953749439213912
C-WEU-ESP,Zone_3A Warm Humid,rur,q1,2045,0.4953749439213912
C-WEU-ESP,Zone_3A Warm Humid,urb,q1,2045,0.4953749439213912
C-WEU-ESP,Zone_3B Warm Dry,rur,q1,2045,0.4953749439213912
C-WEU-ESP,Zone_3B Warm Dry,urb,q1,2045,0.4953749439213912
C-WEU-ESP,Zone_2B Hot Dry,rur,q1,2045,0.4953749439213912
C-WEU-ESP,Zone_2B Hot Dry,urb,q1,2045,0.4953749439213912
C-WEU-FIN,Zone_6A Cold Humid,rur,q1,2045,0.08775554518957933
C-WEU-FIN,Zone_6A Cold Humid,urb,q1,2045,0.08775554518957933
C-WEU-FIN,Zone_7A Very cold Humid,rur,q1,2045,0.08775554518957933
C-WEU-FIN,Zone_7A Very cold Humid,urb,q1,2045,0.08775554518957933
C-WEU-FRA,Zone_4A Mixed Humid,rur,q1,2045,0.2989703182071294
C-WEU-FRA,Zone_4A Mixed Humid,urb,q1,2045,0.2989703182071294
C-WEU-FRA,Zone_5A Cool Humid,rur,q1,2045,0.2989703182071294
C-WEU-FRA,Zone_5A Cool Humid,urb,q1,2045,0.2989703182071294
C-WEU-FRA,Zone_3A Warm Humid,rur,q1,2045,0.2989703182071294
C-WEU-FRA,Zone_3A Warm Humid,urb,q1,2045,0.2989703182071294
C-WEU-FRA,Zone_7A Very cold Humid,rur,q1,2045,0.2989703182071294
C-WEU-FRA,Zone_7A Very cold Humid,urb,q1,2045,0.2989703182071294
C-WEU-FRA,Zone_4C Mixed Marine,rur,q1,2045,0.2989703182071294
C-WEU-FRA,Zone_4C Mixed Marine,urb,q1,2045,0.2989703182071294
C-WEU-FRA,Zone_3C Warm Marine,rur,q1,2045,0.2989703182071294
C-WEU-FRA,Zone_3C Warm Marine,urb,q1,2045,0.2989703182071294
C-WEU-FRA,Zone_1A Very hot Humid,rur,q1,2045,0.2989703182071294
C-WEU-FRA,Zone_1A Very hot Humid,urb,q1,2045,0.2989703182071294
C-WEU-FRA,Zone_2A Hot Humid,rur,q1,2045,0.2989703182071294
C-WEU-FRA,Zone_2A Hot Humid,urb,q1,2045,0.2989703182071294
C-WEU-FRA,Zone_0A Extremely hot Humid,rur,q1,2045,0.2989703182071294
C-WEU-FRA,Zone_0A Extremely hot Humid,urb,q1,2045,0.2989703182071294
C-EEU-HRV,Zone_4A Mixed Humid,rur,q1,2045,0.23347570280309227
C-EEU-HRV,Zone_4A Mixed Humid,urb,q1,2045,0.23347570280309227
C-EEU-HRV,Zone_5A Cool Humid,rur,q1,2045,0.23347570280309227
C-EEU-HRV,Zone_5A Cool Humid,urb,q1,2045,0.23347570280309227
C-EEU-HRV,Zone_4C Mixed Marine,rur,q1,2045,0.23347570280309227
C-EEU-HRV,Zone_4C Mixed Marine,urb,q1,2045,0.23347570280309227
C-EEU-HRV,Zone_3A Warm Humid,rur,q1,2045,0.23347570280309227
C-EEU-HRV,Zone_3A Warm Humid,urb,q1,2045,0.23347570280309227
C-EEU-HUN,Zone_4A Mixed Humid,rur,q1,2045,0.31949592487265216
C-EEU-HUN,Zone_4A Mixed Humid,urb,q1,2045,0.31949592487265216
C-EEU-HUN,Zone_5A Cool Humid,rur,q1,2045,0.31949592487265216
C-EEU-HUN,Zone_5A Cool Humid,urb,q1,2045,0.31949592487265216
C-WEU-IRL,Zone_5A Cool Humid,rur,q1,2045,0.047860259832
C-WEU-IRL,Zone_5A Cool Humid,urb,q1,2045,0.047860259832
C-WEU-IRL,Zone_4A Mixed Humid,rur,q1,2045,0.047860259832
C-WEU-IRL,Zone_4A Mixed Humid,urb,q1,2045,0.047860259832
C-WEU-ITA,Zone_4A Mixed Humid,rur,q1,2045,0.4442147683372463
C-WEU-ITA,Zone_4A Mixed Humid,urb,q1,2045,0.4442147683372463
C-WEU-ITA,Zone_5A Cool Humid,rur,q1,2045,0.4442147683372463
C-WEU-ITA,Zone_5A Cool Humid,urb,q1,2045,0.4442147683372463
C-WEU-ITA,Zone_7A Very cold Humid,rur,q1,2045,0.4442147683372463
C-WEU-ITA,Zone_7A Very cold Humid,urb,q1,2045,0.4442147683372463
C-WEU-ITA,Zone_6A Cold Humid,rur,q1,2045,0.4442147683372463
C-WEU-ITA,Zone_6A Cold Humid,urb,q1,2045,0.4442147683372463
C-WEU-ITA,Zone_3A Warm Humid,rur,q1,2045,0.4442147683372463
C-WEU-ITA,Zone_3A Warm Humid,urb,q1,2045,0.4442147683372463
C-WEU-ITA,Zone_4C Mixed Marine,rur,q1,2045,0.4442147683372463
C-WEU-ITA,Zone_4C Mixed Marine,urb,q1,2045,0.4442147683372463
C-WEU-ITA,Zone_5C Cool Marine,rur,q1,2045,0.4442147683372463
C-WEU-ITA,Zone_5C Cool Marine,urb,q1,2045,0.4442147683372463
C-EEU-LTU,Zone_6A Cold Humid,rur,q1,2045,0.10065153634400001
C-EEU-LTU,Zone_6A Cold Humid,urb,q1,2045,0.10065153634400001
C-EEU-LTU,Zone_5A Cool Humid,rur,q1,2045,0.10065153634400001
C-EEU-LTU,Zone_5A Cool Humid,urb,q1,2045,0.10065153634400001
C-WEU-LUX,Zone_5A Cool Humid,rur,q1,2045,0.172625765348
C-WEU-LUX,Zone_5A Cool Humid,urb,q1,2045,0.172625765348
C-EEU-LVA,Zone_6A Cold Humid,rur,q1,2045,0.08643925742620001
C-EEU-LVA,Zone_6A Cold Humid,urb,q1,2045,0.08643925742620001
C-WEU-MLT,Zone_3A Warm Humid,rur,q1,2045,0.8517981412060001
C-WEU-MLT,Zone_3A Warm Humid,urb,q1,2045,0.8517981412060001
C-WEU-NLD,Zone_5A Cool Humid,rur,q1,2045,0.15432641140721068
C-WEU-NLD,Zone_5A Cool Humid,urb,q1,2045,0.15432641140721068
C-WEU-NLD,Zone_4A Mixed Humid,rur,q1,2045,0.15432641140721068
C-WEU-NLD,Zone_4A Mixed Humid,urb,q1,2045,0.15432641140721068
C-EEU-POL,Zone_5A Cool Humid,rur,q1,2045,0.1615265396739
C-EEU-POL,Zone_5A Cool Humid,urb,q1,2045,0.1615265396739
C-EEU-POL,Zone_6A Cold Humid,rur,q1,2045,0.1615265396739
C-EEU-POL,Zone_6A Cold Humid,urb,q1,2045,0.1615265396739
C-WEU-PRT,Zone_3C Warm Marine,rur,q1,2045,0.3302785513580262
C-WEU-PRT,Zone_3C Warm Marine,urb,q1,2045,0.3302785513580262
C-WEU-PRT,Zone_4C Mixed Marine,rur,q1,2045,0.3302785513580262
C-WEU-PRT,Zone_4C Mixed Marine,urb,q1,2045,0.3302785513580262
C-WEU-PRT,Zone_4A Mixed Humid,rur,q1,2045,0.3302785513580262
C-WEU-PRT,Zone_4A Mixed Humid,urb,q1,2045,0.3302785513580262
C-WEU-PRT,Zone_3A Warm Humid,rur,q1,2045,0.3302785513580262
C-WEU-PRT,Zone_3A Warm Humid,urb,q1,2045,0.3302785513580262
C-EEU-ROU,Zone_5A Cool Humid,rur,q1,2045,0.19476241254032653
C-EEU-ROU,Zone_5A Cool Humid,urb,q1,2045,0.19476241254032653
C-EEU-ROU,Zone_6A Cold Humid,rur,q1,2045,0.19476241254032653
C-EEU-ROU,Zone_6A Cold Humid,urb,q1,2045,0.19476241254032653
C-EEU-ROU,Zone_4A Mixed Humid,rur,q1,2045,0.19476241254032653
C-EEU-ROU,Zone_4A Mixed Humid,urb,q1,2045,0.19476241254032653
C-WEU-SWE,Zone_6A Cold Humid,rur,q1,2045,0.11665311808267438
C-WEU-SWE,Zone_6A Cold Humid,urb,q1,2045,0.11665311808267438
C-WEU-SWE,Zone_5A Cool Humid,rur,q1,2045,0.11665311808267438
C-WEU-SWE,Zone_5A Cool Humid,urb,q1,2045,0.11665311808267438
C-WEU-SWE,Zone_7A Very cold Humid,rur,q1,2045,0.11665311808267438
C-WEU-SWE,Zone_7A Very cold Humid,urb,q1,2045,0.11665311808267438
C-WEU-SWE,Zone_8A Subarctic/arctic Humid,rur,q1,2045,0.11665311808267438
C-WEU-SWE,Zone_8A Subarctic/arctic Humid,urb,q1,2045,0.11665311808267438
C-EEU-SVN,Zone_4A Mixed Humid,rur,q1,2045,0.13823793140902654
C-EEU-SVN,Zone_4A Mixed Humid,urb,q1,2045,0.13823793140902654
C-EEU-SVN,Zone_5A Cool Humid,rur,q1,2045,0.13823793140902654
C-EEU-SVN,Zone_5A Cool Humid,urb,q1,2045,0.13823793140902654
C-EEU-SVN,Zone_7A Very cold Humid,rur,q1,2045,0.13823793140902654
C-EEU-SVN,Zone_7A Very cold Humid,urb,q1,2045,0.13823793140902654
C-EEU-SVK,Zone_5A Cool Humid,rur,q1,2045,0.19464599042504577
C-EEU-SVK,Zone_5A Cool Humid,urb,q1,2045,0.19464599042504577
C-EEU-SVK,Zone_6A Cold Humid,rur,q1,2045,0.19464599042504577
C-EEU-SVK,Zone_6A Cold Humid,urb,q1,2045,0.19464599042504577
C-WEU-AUT,Zone_5A Cool Humid,rur,q2,2045,0.22475495814417243
C-WEU-AUT,Zone_5A Cool Humid,urb,q2,2045,0.22475495814417243
C-WEU-AUT,Zone_4A Mixed Humid,rur,q2,2045,0.22475495814417243
C-WEU-AUT,Zone_4A Mixed Humid,urb,q2,2045,0.22475495814417243
C-WEU-AUT,Zone_6A Cold Humid,rur,q2,2045,0.22475495814417243
C-WEU-AUT,Zone_6A Cold Humid,urb,q2,2045,0.22475495814417243
C-WEU-AUT,Zone_7A Very cold Humid,rur,q2,2045,0.22475495814417243
C-WEU-AUT,Zone_7A Very cold Humid,urb,q2,2045,0.22475495814417243
C-WEU-BEL,Zone_4A Mixed Humid,rur,q2,2045,0.19415146436340003
C-WEU-BEL,Zone_4A Mixed Humid,urb,q2,2045,0.19415146436340003
C-WEU-BEL,Zone_5A Cool Humid,rur,q2,2045,0.19415146436340003
C-WEU-BEL,Zone_5A Cool Humid,urb,q2,2045,0.19415146436340003
C-EEU-BGR,Zone_4A Mixed Humid,rur,q2,2045,0.43091732303471164
C-EEU-BGR,Zone_4A Mixed Humid,urb,q2,2045,0.43091732303471164
C-EEU-BGR,Zone_5A Cool Humid,rur,q2,2045,0.43091732303471164
C-EEU-BGR,Zone_5A Cool Humid,urb,q2,2045,0.43091732303471164
C-WEU-CYP,Zone_3A Warm Humid,rur,q2,2045,0.7338289693500001
C-WEU-CYP,Zone_3A Warm Humid,urb,q2,2045,0.7338289693500001
C-EEU-CZE,Zone_5A Cool Humid,rur,q2,2045,0.21283885080899997
C-EEU-CZE,Zone_5A Cool Humid,urb,q2,2045,0.21283885080899997
C-WEU-DEU,Zone_5A Cool Humid,rur,q2,2045,0.23355040988732825
C-WEU-DEU,Zone_5A Cool Humid,urb,q2,2045,0.23355040988732825
C-WEU-DEU,Zone_4A Mixed Humid,rur,q2,2045,0.23355040988732825
C-WEU-DEU,Zone_4A Mixed Humid,urb,q2,2045,0.23355040988732825
C-WEU-DEU,Zone_6A Cold Humid,rur,q2,2045,0.23355040988732825
C-WEU-DEU,Zone_6A Cold Humid,urb,q2,2045,0.23355040988732825
C-WEU-DNK,Zone_5A Cool Humid,rur,q2,2045,0.118249305072
C-WEU-DNK,Zone_5A Cool Humid,urb,q2,2045,0.118249305072
C-EEU-EST,Zone_6A Cold Humid,rur,q2,2045,0.102787723256
C-EEU-EST,Zone_6A Cold Humid,urb,q2,2045,0.102787723256
C-WEU-GRC,Zone_3A Warm Humid,rur,q2,2045,0.6911732557358208
C-WEU-GRC,Zone_3A Warm Humid,urb,q2,2045,0.6911732557358208
C-WEU-GRC,Zone_4A Mixed Humid,rur,q2,2045,0.6911732557358208
C-WEU-GRC,Zone_4A Mixed Humid,urb,q2,2045,0.6911732557358208
C-WEU-GRC,Zone_4C Mixed Marine,rur,q2,2045,0.6911732557358208
C-WEU-GRC,Zone_4C Mixed Marine,urb,q2,2045,0.6911732557358208
C-WEU-GRC,Zone_5C Cool Marine,rur,q2,2045,0.6911732557358208
C-WEU-GRC,Zone_5C Cool Marine,urb,q2,2045,0.6911732557358208
C-WEU-GRC,Zone_5A Cool Humid,rur,q2,2045,0.6911732557358208
C-WEU-GRC,Zone_5A Cool Humid,urb,q2,2045,0.6911732557358208
C-WEU-ESP,Zone_3C Warm Marine,rur,q2,2045,0.6298970299105753
C-WEU-ESP,Zone_3C Warm Marine,urb,q2,2045,0.6298970299105753
C-WEU-ESP,Zone_4C Mixed Marine,rur,q2,2045,0.6298970299105753
C-WEU-ESP,Zone_4C Mixed Marine,urb,q2,2045,0.6298970299105753
C-WEU-ESP,Zone_4A Mixed Humid,rur,q2,2045,0.6298970299105753
C-WEU-ESP,Zone_4A Mixed Humid,urb,q2,2045,0.6298970299105753
C-WEU-ESP,Zone_3A Warm Humid,rur,q2,2045,0.6298970299105753
C-WEU-ESP,Zone_3A Warm Humid,urb,q2,2045,0.6298970299105753
C-WEU-ESP,Zone_3B Warm Dry,rur,q2,2045,0.6298970299105753
C-WEU-ESP,Zone_3B Warm Dry,urb,q2,2045,0.6298970299105753
C-WEU-ESP,Zone_2B Hot Dry,rur,q2,2045,0.6298970299105753
C-WEU-ESP,Zone_2B Hot Dry,urb,q2,2045,0.6298970299105753
C-WEU-FIN,Zone_6A Cold Humid,rur,q2,2045,0.09045367308100694
C-WEU-FIN,Zone_6A Cold Humid,urb,q2,2045,0.09045367308100694
C-WEU-FIN,Zone_7A Very cold Humid,rur,q2,2045,0.09045367308100694
C-WEU-FIN,Zone_7A Very cold Humid,urb,q2,2045,0.09045367308100694
C-WEU-FRA,Zone_4A Mixed Humid,rur,q2,2045,0.3202563304033343
C-WEU-FRA,Zone_4A Mixed Humid,urb,q2,2045,0.3202563304033343
C-WEU-FRA,Zone_5A Cool Humid,rur,q2,2045,0.3202563304033343
C-WEU-FRA,Zone_5A Cool Humid,urb,q2,2045,0.3202563304033343
C-WEU-FRA,Zone_3A Warm Humid,rur,q2,2045,0.3202563304033343
C-WEU-FRA,Zone_3A Warm Humid,urb,q2,2045,0.3202563304033343
C-WEU-FRA,Zone_7A Very cold Humid,rur,q2,2045,0.3202563304033343
C-WEU-FRA,Zone_7A Very cold Humid,urb,q2,2045,0.3202563304033343
C-WEU-FRA,Zone_4C Mixed Marine,rur,q2,2045,0.3202563304033343
C-WEU-FRA,Zone_4C Mixed Marine,urb,q2,2045,0.3202563304033343
C-WEU-FRA,Zone_3C Warm Marine,rur,q2,2045,0.3202563304033343
C-WEU-FRA,Zone_3C Warm Marine,urb,q2,2045,0.3202563304033343
C-WEU-FRA,Zone_1A Very hot Humid,rur,q2,2045,0.3202563304033343
C-WEU-FRA,Zone_1A Very hot Humid,urb,q2,2045,0.3202563304033343
C-WEU-FRA,Zone_2A Hot Humid,rur,q2,2045,0.3202563304033343
C-WEU-FRA,Zone_2A Hot Humid,urb,q2,2045,0.3202563304033343
C-WEU-FRA,Zone_0A Extremely hot Humid,rur,q2,2045,0.3202563304033343
C-WEU-FRA,Zone_0A Extremely hot Humid,urb,q2,2045,0.3202563304033343
C-EEU-HRV,Zone_4A Mixed Humid,rur,q2,2045,0.42615334221005463
C-EEU-HRV,Zone_4A Mixed Humid,urb,q2,2045,0.42615334221005463
C-EEU-HRV,Zone_5A Cool Humid,rur,q2,2045,0.42615334221005463
C-EEU-HRV,Zone_5A Cool Humid,urb,q2,2045,0.42615334221005463
C-EEU-HRV,Zone_4C Mixed Marine,rur,q2,2045,0.42615334221005463
C-EEU-HRV,Zone_4C Mixed Marine,urb,q2,2045,0.42615334221005463
C-EEU-HRV,Zone_3A Warm Humid,rur,q2,2045,0.42615334221005463
C-EEU-HRV,Zone_3A Warm Humid,urb,q2,2045,0.42615334221005463
C-EEU-HUN,Zone_4A Mixed Humid,rur,q2,2045,0.4108202065461099
C-EEU-HUN,Zone_4A Mixed Humid,urb,q2,2045,0.4108202065461099
C-EEU-HUN,Zone_5A Cool Humid,rur,q2,2045,0.4108202065461099
C-EEU-HUN,Zone_5A Cool Humid,urb,q2,2045,0.4108202065461099
C-WEU-IRL,Zone_5A Cool Humid,rur,q2,2045,0.051723292217
C-WEU-IRL,Zone_5A Cool Humid,urb,q2,2045,0.051723292217
C-WEU-IRL,Zone_4A Mixed Humid,rur,q2,2045,0.051723292217
C-WEU-IRL,Zone_4A Mixed Humid,urb,q2,2045,0.051723292217
C-WEU-ITA,Zone_4A Mixed Humid,rur,q2,2045,0.5489385701188425
C-WEU-ITA,Zone_4A Mixed Humid,urb,q2,2045,0.5489385701188425
C-WEU-ITA,Zone_5A Cool Humid,rur,q2,2045,0.5489385701188425
C-WEU-ITA,Zone_5A Cool Humid,urb,q2,2045,0.5489385701188425
C-WEU-ITA,Zone_7A Very cold Humid,rur,q2,2045,0.5489385701188425
C-WEU-ITA,Zone_7A Very cold Humid,urb,q2,2045,0.5489385701188425
C-WEU-ITA,Zone_6A Cold Humid,rur,q2,2045,0.5489385701188425
C-WEU-ITA,Zone_6A Cold Humid,urb,q2,2045,0.5489385701188425
C-WEU-ITA,Zone_3A Warm Humid,rur,q2,2045,0.5489385701188425
C-WEU-ITA,Zone_3A Warm Humid,urb,q2,2045,0.5489385701188425
C-WEU-ITA,Zone_4C Mixed Marine,rur,q2,2045,0.5489385701188425
C-WEU-ITA,Zone_4C Mixed Marine,urb,q2,2045,0.5489385701188425
C-WEU-ITA,Zone_5C Cool Marine,rur,q2,2045,0.5489385701188425
C-WEU-ITA,Zone_5C Cool Marine,urb,q2,2045,0.5489385701188425
C-EEU-LTU,Zone_6A Cold Humid,rur,q2,2045,0.16842203443500003
C-EEU-LTU,Zone_6A Cold Humid,urb,q2,2045,0.16842203443500003
C-EEU-LTU,Zone_5A Cool Humid,rur,q2,2045,0.16842203443500003
C-EEU-LTU,Zone_5A Cool Humid,urb,q2,2045,0.16842203443500003
C-WEU-LUX,Zone_5A Cool Humid,rur,q2,2045,0.172736400878
C-WEU-LUX,Zone_5A Cool Humid,urb,q2,2045,0.172736400878
C-EEU-LVA,Zone_6A Cold Humid,rur,q2,2045,0.13716260597400004
C-EEU-LVA,Zone_6A Cold Humid,urb,q2,2045,0.13716260597400004
C-WEU-MLT,Zone_3A Warm Humid,rur,q2,2045,0.882208688738
C-WEU-MLT,Zone_3A Warm Humid,urb,q2,2045,0.882208688738
C-WEU-NLD,Zone_5A Cool Humid,rur,q2,2045,0.15650438844523973
C-WEU-NLD,Zone_5A Cool Humid,urb,q2,2045,0.15650438844523973
C-WEU-NLD,Zone_4A Mixed Humid,rur,q2,2045,0.15650438844523973
C-WEU-NLD,Zone_4A Mixed Humid,urb,q2,2045,0.15650438844523973
C-EEU-POL,Zone_5A Cool Humid,rur,q2,2045,0.22780626666800002
C-EEU-POL,Zone_5A Cool Humid,urb,q2,2045,0.22780626666800002
C-EEU-POL,Zone_6A Cold Humid,rur,q2,2045,0.22780626666800002
C-EEU-POL,Zone_6A Cold Humid,urb,q2,2045,0.22780626666800002
C-WEU-PRT,Zone_3C Warm Marine,rur,q2,2045,0.5060350117633595
C-WEU-PRT,Zone_3C Warm Marine,urb,q2,2045,0.5060350117633595
C-WEU-PRT,Zone_4C Mixed Marine,rur,q2,2045,0.5060350117633595
C-WEU-PRT,Zone_4C Mixed Marine,urb,q2,2045,0.5060350117633595
C-WEU-PRT,Zone_4A Mixed Humid,rur,q2,2045,0.5060350117633595
C-WEU-PRT,Zone_4A Mixed Humid,urb,q2,2045,0.5060350117633595
C-WEU-PRT,Zone_3A Warm Humid,rur,q2,2045,0.5060350117633595
C-WEU-PRT,Zone_3A Warm Humid,urb,q2,2045,0.5060350117633595
C-EEU-ROU,Zone_5A Cool Humid,rur,q2,2045,0.3270183479338263
C-EEU-ROU,Zone_5A Cool Humid,urb,q2,2045,0.3270183479338263
C-EEU-ROU,Zone_6A Cold Humid,rur,q2,2045,0.3270183479338263
C-EEU-ROU,Zone_6A Cold Humid,urb,q2,2045,0.3270183479338263
C-EEU-ROU,Zone_4A Mixed Humid,rur,q2,2045,0.3270183479338263
C-EEU-ROU,Zone_4A Mixed Humid,urb,q2,2045,0.3270183479338263
C-WEU-SWE,Zone_6A Cold Humid,rur,q2,2045,0.11882061005692844
C-WEU-SWE,Zone_6A Cold Humid,urb,q2,2045,0.11882061005692844
C-WEU-SWE,Zone_5A Cool Humid,rur,q2,2045,0.11882061005692844
C-WEU-SWE,Zone_5A Cool Humid,urb,q2,2045,0.11882061005692844
C-WEU-SWE,Zone_7A Very cold Humid,rur,q2,2045,0.11882061005692844
C-WEU-SWE,Zone_7A Very cold Humid,urb,q2,2045,0.11882061005692844
C-WEU-SWE,Zone_8A Subarctic/arctic Humid,rur,q2,2045,0.11882061005692844
C-WEU-SWE,Zone_8A Subarctic/arctic Humid,urb,q2,2045,0.11882061005692844
C-EEU-SVN,Zone_4A Mixed Humid,rur,q2,2045,0.1550229123457721
C-EEU-SVN,Zone_4A Mixed Humid,urb,q2,2045,0.1550229123457721
C-EEU-SVN,Zone_5A Cool Humid,rur,q2,2045,0.1550229123457721
C-EEU-SVN,Zone_5A Cool Humid,urb,q2,2045,0.1550229123457721
C-EEU-SVN,Zone_7A Very cold Humid,rur,q2,2045,0.1550229123457721
C-EEU-SVN,Zone_7A Very cold Humid,urb,q2,2045,0.1550229123457721
C-EEU-SVK,Zone_5A Cool Humid,rur,q2,2045,0.2457559003835231
C-EEU-SVK,Zone_5A Cool Humid,urb,q2,2045,0.2457559003835231
C-EEU-SVK,Zone_6A Cold Humid,rur,q2,2045,0.2457559003835231
C-EEU-SVK,Zone_6A Cold Humid,urb,q2,2045,0.2457559003835231
C-WEU-AUT,Zone_5A Cool Humid,rur,q3,2045,0.2249350248428987
C-WEU-AUT,Zone_5A Cool Humid,urb,q3,2045,0.2249350248428987
C-WEU-AUT,Zone_4A Mixed Humid,rur,q3,2045,0.2249350248428987
C-WEU-AUT,Zone_4A Mixed Humid,urb,q3,2045,0.2249350248428987
C-WEU-AUT,Zone_6A Cold Humid,rur,q3,2045,0.2249350248428987
C-WEU-AUT,Zone_6A Cold Humid,urb,q3,2045,0.2249350248428987
C-WEU-AUT,Zone_7A Very cold Humid,rur,q3,2045,0.2249350248428987
C-WEU-AUT,Zone_7A Very cold Humid,urb,q3,2045,0.2249350248428987
C-WEU-BEL,Zone_4A Mixed Humid,rur,q3,2045,0.19419152530540001
C-WEU-BEL,Zone_4A Mixed Humid,urb,q3,2045,0.19419152530540001
C-WEU-BEL,Zone_5A Cool Humid,rur,q3,2045,0.19419152530540001
C-WEU-BEL,Zone_5A Cool Humid,urb,q3,2045,0.19419152530540001
C-EEU-BGR,Zone_4A Mixed Humid,rur,q3,2045,0.4405975831904091
C-EEU-BGR,Zone_4A Mixed Humid,urb,q3,2045,0.4405975831904091
C-EEU-BGR,Zone_5A Cool Humid,rur,q3,2045,0.4405975831904091
C-EEU-BGR,Zone_5A Cool Humid,urb,q3,2045,0.4405975831904091
C-WEU-CYP,Zone_3A Warm Humid,rur,q3,2045,0.860954035975
C-WEU-CYP,Zone_3A Warm Humid,urb,q3,2045,0.860954035975
C-EEU-CZE,Zone_5A Cool Humid,rur,q3,2045,0.21305900004599998
C-EEU-CZE,Zone_5A Cool Humid,urb,q3,2045,0.21305900004599998
C-WEU-DEU,Zone_5A Cool Humid,rur,q3,2045,0.23389163904532514
C-WEU-DEU,Zone_5A Cool Humid,urb,q3,2045,0.23389163904532514
C-WEU-DEU,Zone_4A Mixed Humid,rur,q3,2045,0.23389163904532514
C-WEU-DEU,Zone_4A Mixed Humid,urb,q3,2045,0.23389163904532514
C-WEU-DEU,Zone_6A Cold Humid,rur,q3,2045,0.23389163904532514
C-WEU-DEU,Zone_6A Cold Humid,urb,q3,2045,0.23389163904532514
C-WEU-DNK,Zone_5A Cool Humid,rur,q3,2045,0.11843247808
C-WEU-DNK,Zone_5A Cool Humid,urb,q3,2045,0.11843247808
C-EEU-EST,Zone_6A Cold Humid,rur,q3,2045,0.103318832426
C-EEU-EST,Zone_6A Cold Humid,urb,q3,2045,0.103318832426
C-WEU-GRC,Zone_3A Warm Humid,rur,q3,2045,0.7002991726038469
C-WEU-GRC,Zone_3A Warm Humid,urb,q3,2045,0.7002991726038469
C-WEU-GRC,Zone_4A Mixed Humid,rur,q3,2045,0.7002991726038469
C-WEU-GRC,Zone_4A Mixed Humid,urb,q3,2045,0.7002991726038469
C-WEU-GRC,Zone_4C Mixed Marine,rur,q3,2045,0.7002991726038469
C-WEU-GRC,Zone_4C Mixed Marine,urb,q3,2045,0.7002991726038469
C-WEU-GRC,Zone_5C Cool Marine,rur,q3,2045,0.7002991726038469
C-WEU-GRC,Zone_5C Cool Marine,urb,q3,2045,0.7002991726038469
C-WEU-GRC,Zone_5A Cool Humid,rur,q3,2045,0.7002991726038469
C-WEU-GRC,Zone_5A Cool Humid,urb,q3,2045,0.7002991726038469
C-WEU-ESP,Zone_3C Warm Marine,rur,q3,2045,0.6415984870737187
C-WEU-ESP,Zone_3C Warm Marine,urb,q3,2045,0.6415984870737187
C-WEU-ESP,Zone_4C Mixed Marine,rur,q3,2045,0.6415984870737187
C-WEU-ESP,Zone_4C Mixed Marine,urb,q3,2045,0.6415984870737187
C-WEU-ESP,Zone_4A Mixed Humid,rur,q3,2045,0.6415984870737187
C-WEU-ESP,Zone_4A Mixed Humid,urb,q3,2045,0.6415984870737187
C-WEU-ESP,Zone_3A Warm Humid,rur,q3,2045,0.6415984870737187
C-WEU-ESP,Zone_3A Warm Humid,urb,q3,2045,0.6415984870737187
C-WEU-ESP,Zone_3B Warm Dry,rur,q3,2045,0.6415984870737187
C-WEU-ESP,Zone_3B Warm Dry,urb,q3,2045,0.6415984870737187
C-WEU-ESP,Zone_2B Hot Dry,rur,q3,2045,0.6415984870737187
C-WEU-ESP,Zone_2B Hot Dry,urb,q3,2045,0.6415984870737187
C-WEU-FIN,Zone_6A Cold Humid,rur,q3,2045,0.09056244266170208
C-WEU-FIN,Zone_6A Cold Humid,urb,q3,2045,0.09056244266170208
C-WEU-FIN,Zone_7A Very cold Humid,rur,q3,2045,0.09056244266170208
C-WEU-FIN,Zone_7A Very cold Humid,urb,q3,2045,0.09056244266170208
C-WEU-FRA,Zone_4A Mixed Humid,rur,q3,2045,0.3219216958219555
C-WEU-FRA,Zone_4A Mixed Humid,urb,q3,2045,0.3219216958219555
C-WEU-FRA,Zone_5A Cool Humid,rur,q3,2045,0.3219216958219555
C-WEU-FRA,Zone_5A Cool Humid,urb,q3,2045,0.3219216958219555
C-WEU-FRA,Zone_3A Warm Humid,rur,q3,2045,0.3219216958219555
C-WEU-FRA,Zone_3A Warm Humid,urb,q3,2045,0.3219216958219555
C-WEU-FRA,Zone_7A Very cold Humid,rur,q3,2045,0.3219216958219555
C-WEU-FRA,Zone_7A Very cold Humid,urb,q3,2045,0.3219216958219555
C-WEU-FRA,Zone_4C Mixed Marine,rur,q3,2045,0.3219216958219555
C-WEU-FRA,Zone_4C Mixed Marine,urb,q3,2045,0.3219216958219555
C-WEU-FRA,Zone_3C Warm Marine,rur,q3,2045,0.3219216958219555
C-WEU-FRA,Zone_3C Warm Marine,urb,q3,2045,0.3219216958219555
C-WEU-FRA,Zone_1A Very hot Humid,rur,q3,2045,0.3219216958219555
C-WEU-FRA,Zone_1A Very hot Humid,urb,q3,2045,0.3219216958219555
C-WEU-FRA,Zone_2A Hot Humid,rur,q3,2045,0.3219216958219555
C-WEU-FRA,Zone_2A Hot Humid,urb,q3,2045,0.3219216958219555
C-WEU-FRA,Zone_0A Extremely hot Humid,rur,q3,2045,0.3219216958219555
C-WEU-FRA,Zone_0A Extremely hot Humid,urb,q3,2045,0.3219216958219555
C-EEU-HRV,Zone_4A Mixed Humid,rur,q3,2045,0.4595464817075999
C-EEU-HRV,Zone_4A Mixed Humid,urb,q3,2045,0.4595464817075999
C-EEU-HRV,Zone_5A Cool Humid,rur,q3,2045,0.4595464817075999
C-EEU-HRV,Zone_5A Cool Humid,urb,q3,2045,0.4595464817075999
C-EEU-HRV,Zone_4C Mixed Marine,rur,q3,2045,0.4595464817075999
C-EEU-HRV,Zone_4C Mixed Marine,urb,q3,2045,0.4595464817075999
C-EEU-HRV,Zone_3A Warm Humid,rur,q3,2045,0.4595464817075999
C-EEU-HRV,Zone_3A Warm Humid,urb,q3,2045,0.4595464817075999
C-EEU-HUN,Zone_4A Mixed Humid,rur,q3,2045,0.423984956287377
C-EEU-HUN,Zone_4A Mixed Humid,urb,q3,2045,0.423984956287377
C-EEU-HUN,Zone_5A Cool Humid,rur,q3,2045,0.423984956287377
C-EEU-HUN,Zone_5A Cool Humid,urb,q3,2045,0.423984956287377
C-WEU-IRL,Zone_5A Cool Humid,rur,q3,2045,0.051826263445
C-WEU-IRL,Zone_5A Cool Humid,urb,q3,2045,0.051826263445
C-WEU-IRL,Zone_4A Mixed Humid,rur,q3,2045,0.051826263445
C-WEU-IRL,Zone_4A Mixed Humid,urb,q3,2045,0.051826263445
C-WEU-ITA,Zone_4A Mixed Humid,rur,q3,2045,0.5579189764065579
C-WEU-ITA,Zone_4A Mixed Humid,urb,q3,2045,0.5579189764065579
C-WEU-ITA,Zone_5A Cool Humid,rur,q3,2045,0.5579189764065579
C-WEU-ITA,Zone_5A Cool Humid,urb,q3,2045,0.5579189764065579
C-WEU-ITA,Zone_7A Very cold Humid,rur,q3,2045,0.5579189764065579
C-WEU-ITA,Zone_7A Very cold Humid,urb,q3,2045,0.5579189764065579
C-WEU-ITA,Zone_6A Cold Humid,rur,q3,2045,0.5579189764065579
C-WEU-ITA,Zone_6A Cold Humid,urb,q3,2045,0.5579189764065579
C-WEU-ITA,Zone_3A Warm Humid,rur,q3,2045,0.5579189764065579
C-WEU-ITA,Zone_3A Warm Humid,urb,q3,2045,0.5579189764065579
C-WEU-ITA,Zone_4C Mixed Marine,rur,q3,2045,0.5579189764065579
C-WEU-ITA,Zone_4C Mixed Marine,urb,q3,2045,0.5579189764065579
C-WEU-ITA,Zone_5C Cool Marine,rur,q3,2045,0.5579189764065579
C-WEU-ITA,Zone_5C Cool Marine,urb,q3,2045,0.5579189764065579
C-EEU-LTU,Zone_6A Cold Humid,rur,q3,2045,0.172604635075
C-EEU-LTU,Zone_6A Cold Humid,urb,q3,2045,0.172604635075
C-EEU-LTU,Zone_5A Cool Humid,rur,q3,2045,0.172604635075
C-EEU-LTU,Zone_5A Cool Humid,urb,q3,2045,0.172604635075
C-WEU-LUX,Zone_5A Cool Humid,rur,q3,2045,0.1727369
C-WEU-LUX,Zone_5A Cool Humid,urb,q3,2045,0.1727369
C-EEU-LVA,Zone_6A Cold Humid,rur,q3,2045,0.141880939382
C-EEU-LVA,Zone_6A Cold Humid,urb,q3,2045,0.141880939382
C-WEU-MLT,Zone_3A Warm Humid,rur,q3,2045,0.883408826522
C-WEU-MLT,Zone_3A Warm Humid,urb,q3,2045,0.883408826522
C-WEU-NLD,Zone_5A Cool Humid,rur,q3,2045,0.1565607621854685
C-WEU-NLD,Zone_5A Cool Humid,urb,q3,2045,0.1565607621854685
C-WEU-NLD,Zone_4A Mixed Humid,rur,q3,2045,0.1565607621854685
C-WEU-NLD,Zone_4A Mixed Humid,urb,q3,2045,0.1565607621854685
C-EEU-POL,Zone_5A Cool Humid,rur,q3,2045,0.23221322697500002
C-EEU-POL,Zone_5A Cool Humid,urb,q3,2045,0.23221322697500002
C-EEU-POL,Zone_6A Cold Humid,rur,q3,2045,0.23221322697500002
C-EEU-POL,Zone_6A Cold Humid,urb,q3,2045,0.23221322697500002
C-WEU-PRT,Zone_3C Warm Marine,rur,q3,2045,0.528241759739134
C-WEU-PRT,Zone_3C Warm Marine,urb,q3,2045,0.528241759739134
C-WEU-PRT,Zone_4C Mixed Marine,rur,q3,2045,0.528241759739134
C-WEU-PRT,Zone_4C Mixed Marine,urb,q3,2045,0.528241759739134
C-WEU-PRT,Zone_4A Mixed Humid,rur,q3,2045,0.528241759739134
C-WEU-PRT,Zone_4A Mixed Humid,urb,q3,2045,0.528241759739134
C-WEU-PRT,Zone_3A Warm Humid,rur,q3,2045,0.528241759739134
C-WEU-PRT,Zone_3A Warm Humid,urb,q3,2045,0.528241759739134
C-EEU-ROU,Zone_5A Cool Humid,rur,q3,2045,0.3720036889930928
C-EEU-ROU,Zone_5A Cool Humid,urb,q3,2045,0.3720036889930928
C-EEU-ROU,Zone_6A Cold Humid,rur,q3,2045,0.3720036889930928
C-EEU-ROU,Zone_6A Cold Humid,urb,q3,2045,0.3720036889930928
C-EEU-ROU,Zone_4A Mixed Humid,rur,q3,2045,0.3720036889930928
C-EEU-ROU,Zone_4A Mixed Humid,urb,q3,2045,0.3720036889930928
C-WEU-SWE,Zone_6A Cold Humid,rur,q3,2045,0.11888742200729005
C-WEU-SWE,Zone_6A Cold Humid,urb,q3,2045,0.11888742200729005
C-WEU-SWE,Zone_5A Cool Humid,rur,q3,2045,0.11888742200729005
C-WEU-SWE,Zone_5A Cool Humid,urb,q3,2045,0.11888742200729005
C-WEU-SWE,Zone_7A Very cold Humid,rur,q3,2045,0.11888742200729005
C-WEU-SWE,Zone_7A Very cold Humid,urb,q3,2045,0.11888742200729005
C-WEU-SWE,Zone_8A Subarctic/arctic Humid,rur,q3,2045,0.11888742200729005
C-WEU-SWE,Zone_8A Subarctic/arctic Humid,urb,q3,2045,0.11888742200729005
C-EEU-SVN,Zone_4A Mixed Humid,rur,q3,2045,0.15668125839494687
C-EEU-SVN,Zone_4A Mixed Humid,urb,q3,2045,0.15668125839494687
C-EEU-SVN,Zone_5A Cool Humid,rur,q3,2045,0.15668125839494687
C-EEU-SVN,Zone_5A Cool Humid,urb,q3,2045,0.15668125839494687
C-EEU-SVN,Zone_7A Very cold Humid,rur,q3,2045,0.15668125839494687
C-EEU-SVN,Zone_7A Very cold Humid,urb,q3,2045,0.15668125839494687
C-EEU-SVK,Zone_5A Cool Humid,rur,q3,2045,0.24750520537058676
C-EEU-SVK,Zone_5A Cool Humid,urb,q3,2045,0.24750520537058676
C-EEU-SVK,Zone_6A Cold Humid,rur,q3,2045,0.24750520537058676
C-EEU-SVK,Zone_6A Cold Humid,urb,q3,2045,0.24750520537058676
C-WEU-AUT,Zone_5A Cool Humid,rur,q1,2050,0.22051645375377507
C-WEU-AUT,Zone_5A Cool Humid,urb,q1,2050,0.22051645375377507
C-WEU-AUT,Zone_4A Mixed Humid,rur,q1,2050,0.22051645375377507
C-WEU-AUT,Zone_4A Mixed Humid,urb,q1,2050,0.22051645375377507
C-WEU-AUT,Zone_6A Cold Humid,rur,q1,2050,0.22051645375377507
C-WEU-AUT,Zone_6A Cold Humid,urb,q1,2050,0.22051645375377507
C-WEU-AUT,Zone_7A Very cold Humid,rur,q1,2050,0.22051645375377507
C-WEU-AUT,Zone_7A Very cold Humid,urb,q1,2050,0.22051645375377507
C-WEU-BEL,Zone_4A Mixed Humid,rur,q1,2050,0.193100874782
C-WEU-BEL,Zone_4A Mixed Humid,urb,q1,2050,0.193100874782
C-WEU-BEL,Zone_5A Cool Humid,rur,q1,2050,0.193100874782
C-WEU-BEL,Zone_5A Cool Humid,urb,q1,2050,0.193100874782
C-EEU-BGR,Zone_4A Mixed Humid,rur,q1,2050,0.2614847874518217
C-EEU-BGR,Zone_4A Mixed Humid,urb,q1,2050,0.2614847874518217
C-EEU-BGR,Zone_5A Cool Humid,rur,q1,2050,0.2614847874518217
C-EEU-BGR,Zone_5A Cool Humid,urb,q1,2050,0.2614847874518217
C-WEU-CYP,Zone_3A Warm Humid,rur,q1,2050,0.36380170566399994
C-WEU-CYP,Zone_3A Warm Humid,urb,q1,2050,0.36380170566399994
C-EEU-CZE,Zone_5A Cool Humid,rur,q1,2050,0.206948107764
C-EEU-CZE,Zone_5A Cool Humid,urb,q1,2050,0.206948107764
C-WEU-DEU,Zone_5A Cool Humid,rur,q1,2050,0.22463306294738328
C-WEU-DEU,Zone_5A Cool Humid,urb,q1,2050,0.22463306294738328
C-WEU-DEU,Zone_4A Mixed Humid,rur,q1,2050,0.22463306294738328
C-WEU-DEU,Zone_4A Mixed Humid,urb,q1,2050,0.22463306294738328
C-WEU-DEU,Zone_6A Cold Humid,rur,q1,2050,0.22463306294738328
C-WEU-DEU,Zone_6A Cold Humid,urb,q1,2050,0.22463306294738328
C-WEU-DNK,Zone_5A Cool Humid,rur,q1,2050,0.1161792507422
C-WEU-DNK,Zone_5A Cool Humid,urb,q1,2050,0.1161792507422
C-EEU-EST,Zone_6A Cold Humid,rur,q1,2050,0.09476641318260001
C-EEU-EST,Zone_6A Cold Humid,urb,q1,2050,0.09476641318260001
C-WEU-GRC,Zone_3A Warm Humid,rur,q1,2050,0.6056643500844046
C-WEU-GRC,Zone_3A Warm Humid,urb,q1,2050,0.6056643500844046
C-WEU-GRC,Zone_4A Mixed Humid,rur,q1,2050,0.6056643500844046
C-WEU-GRC,Zone_4A Mixed Humid,urb,q1,2050,0.6056643500844046
C-WEU-GRC,Zone_4C Mixed Marine,rur,q1,2050,0.6056643500844046
C-WEU-GRC,Zone_4C Mixed Marine,urb,q1,2050,0.6056643500844046
C-WEU-GRC,Zone_5C Cool Marine,rur,q1,2050,0.6056643500844046
C-WEU-GRC,Zone_5C Cool Marine,urb,q1,2050,0.6056643500844046
C-WEU-GRC,Zone_5A Cool Humid,rur,q1,2050,0.6056643500844046
C-WEU-GRC,Zone_5A Cool Humid,urb,q1,2050,0.6056643500844046
C-WEU-ESP,Zone_3C Warm Marine,rur,q1,2050,0.5261731111673474
C-WEU-ESP,Zone_3C Warm Marine,urb,q1,2050,0.5261731111673474
C-WEU-ESP,Zone_4C Mixed Marine,rur,q1,2050,0.5261731111673474
C-WEU-ESP,Zone_4C Mixed Marine,urb,q1,2050,0.5261731111673474
C-WEU-ESP,Zone_4A Mixed Humid,rur,q1,2050,0.5261731111673474
C-WEU-ESP,Zone_4A Mixed Humid,urb,q1,2050,0.5261731111673474
C-WEU-ESP,Zone_3A Warm Humid,rur,q1,2050,0.5261731111673474
C-WEU-ESP,Zone_3A Warm Humid,urb,q1,2050,0.5261731111673474
C-WEU-ESP,Zone_3B Warm Dry,rur,q1,2050,0.5261731111673474
C-WEU-ESP,Zone_3B Warm Dry,urb,q1,2050,0.5261731111673474
C-WEU-ESP,Zone_2B Hot Dry,rur,q1,2050,0.5261731111673474
C-WEU-ESP,Zone_2B Hot Dry,urb,q1,2050,0.5261731111673474
C-WEU-FIN,Zone_6A Cold Humid,rur,q1,2050,0.08860674627074447
C-WEU-FIN,Zone_6A Cold Humid,urb,q1,2050,0.08860674627074447
C-WEU-FIN,Zone_7A Very cold Humid,rur,q1,2050,0.08860674627074447
C-WEU-FIN,Zone_7A Very cold Humid,urb,q1,2050,0.08860674627074447
C-WEU-FRA,Zone_4A Mixed Humid,rur,q1,2050,0.30640287482796313
C-WEU-FRA,Zone_4A Mixed Humid,urb,q1,2050,0.30640287482796313
C-WEU-FRA,Zone_5A Cool Humid,rur,q1,2050,0.30640287482796313
C-WEU-FRA,Zone_5A Cool Humid,urb,q1,2050,0.30640287482796313
C-WEU-FRA,Zone_3A Warm Humid,rur,q1,2050,0.30640287482796313
C-WEU-FRA,Zone_3A Warm Humid,urb,q1,2050,0.30640287482796313
C-WEU-FRA,Zone_7A Very cold Humid,rur,q1,2050,0.30640287482796313
C-WEU-FRA,Zone_7A Very cold Humid,urb,q1,2050,0.30640287482796313
C-WEU-FRA,Zone_4C Mixed Marine,rur,q1,2050,0.30640287482796313
C-WEU-FRA,Zone_4C Mixed Marine,urb,q1,2050,0.30640287482796313
C-WEU-FRA,Zone_3C Warm Marine,rur,q1,2050,0.30640287482796313
C-WEU-FRA,Zone_3C Warm Marine,urb,q1,2050,0.30640287482796313
C-WEU-FRA,Zone_1A Very hot Humid,rur,q1,2050,0.30640287482796313
C-WEU-FRA,Zone_1A Very hot Humid,urb,q1,2050,0.30640287482796313
C-WEU-FRA,Zone_2A Hot Humid,rur,q1,2050,0.30640287482796313
C-WEU-FRA,Zone_2A Hot Humid,urb,q1,2050,0.30640287482796313
C-WEU-FRA,Zone_0A Extremely hot Humid,rur,q1,2050,0.30640287482796313
C-WEU-FRA,Zone_0A Extremely hot Humid,urb,q1,2050,0.30640287482796313
C-EEU-HRV,Zone_4A Mixed Humid,rur,q1,2050,0.25340025674997246
C-EEU-HRV,Zone_4A Mixed Humid,urb,q1,2050,0.25340025674997246
C-EEU-HRV,Zone_5A Cool Humid,rur,q1,2050,0.25340025674997246
C-EEU-HRV,Zone_5A Cool Humid,urb,q1,2050,0.25340025674997246
C-EEU-HRV,Zone_4C Mixed Marine,rur,q1,2050,0.25340025674997246
C-EEU-HRV,Zone_4C Mixed Marine,urb,q1,2050,0.25340025674997246
C-EEU-HRV,Zone_3A Warm Humid,rur,q1,2050,0.25340025674997246
C-EEU-HRV,Zone_3A Warm Humid,urb,q1,2050,0.25340025674997246
C-EEU-HUN,Zone_4A Mixed Humid,rur,q1,2050,0.34970169344083313
C-EEU-HUN,Zone_4A Mixed Humid,urb,q1,2050,0.34970169344083313
C-EEU-HUN,Zone_5A Cool Humid,rur,q1,2050,0.34970169344083313
C-EEU-HUN,Zone_5A Cool Humid,urb,q1,2050,0.34970169344083313
C-WEU-IRL,Zone_5A Cool Humid,rur,q1,2050,0.048763517880799995
C-WEU-IRL,Zone_5A Cool Humid,urb,q1,2050,0.048763517880799995
C-WEU-IRL,Zone_4A Mixed Humid,rur,q1,2050,0.048763517880799995
C-WEU-IRL,Zone_4A Mixed Humid,urb,q1,2050,0.048763517880799995
C-WEU-ITA,Zone_4A Mixed Humid,rur,q1,2050,0.46961133575300057
C-WEU-ITA,Zone_4A Mixed Humid,urb,q1,2050,0.46961133575300057
C-WEU-ITA,Zone_5A Cool Humid,rur,q1,2050,0.46961133575300057
C-WEU-ITA,Zone_5A Cool Humid,urb,q1,2050,0.46961133575300057
C-WEU-ITA,Zone_7A Very cold Humid,rur,q1,2050,0.46961133575300057
C-WEU-ITA,Zone_7A Very cold Humid,urb,q1,2050,0.46961133575300057
C-WEU-ITA,Zone_6A Cold Humid,rur,q1,2050,0.46961133575300057
C-WEU-ITA,Zone_6A Cold Humid,urb,q1,2050,0.46961133575300057
C-WEU-ITA,Zone_3A Warm Humid,rur,q1,2050,0.46961133575300057
C-WEU-ITA,Zone_3A Warm Humid,urb,q1,2050,0.46961133575300057
C-WEU-ITA,Zone_4C Mixed Marine,rur,q1,2050,0.46961133575300057
C-WEU-ITA,Zone_4C Mixed Marine,urb,q1,2050,0.46961133575300057
C-WEU-ITA,Zone_5C Cool Marine,rur,q1,2050,0.46961133575300057
C-WEU-ITA,Zone_5C Cool Marine,urb,q1,2050,0.46961133575300057
C-EEU-LTU,Zone_6A Cold Humid,rur,q1,2050,0.11214487332200002
C-EEU-LTU,Zone_6A Cold Humid,urb,q1,2050,0.11214487332200002
C-EEU-LTU,Zone_5A Cool Humid,rur,q1,2050,0.11214487332200002
C-EEU-LTU,Zone_5A Cool Humid,urb,q1,2050,0.11214487332200002
C-WEU-LUX,Zone_5A Cool Humid,rur,q1,2050,0.172657224705
C-WEU-LUX,Zone_5A Cool Humid,urb,q1,2050,0.172657224705
C-EEU-LVA,Zone_6A Cold Humid,rur,q1,2050,0.0965587902142
C-EEU-LVA,Zone_6A Cold Humid,urb,q1,2050,0.0965587902142
C-WEU-MLT,Zone_3A Warm Humid,rur,q1,2050,0.8639009475460002
C-WEU-MLT,Zone_3A Warm Humid,urb,q1,2050,0.8639009475460002
C-WEU-NLD,Zone_5A Cool Humid,rur,q1,2050,0.15519094838468905
C-WEU-NLD,Zone_5A Cool Humid,urb,q1,2050,0.15519094838468905
C-WEU-NLD,Zone_4A Mixed Humid,rur,q1,2050,0.15519094838468905
C-WEU-NLD,Zone_4A Mixed Humid,urb,q1,2050,0.15519094838468905
C-EEU-POL,Zone_5A Cool Humid,rur,q1,2050,0.175245684838
C-EEU-POL,Zone_5A Cool Humid,urb,q1,2050,0.175245684838
C-EEU-POL,Zone_6A Cold Humid,rur,q1,2050,0.175245684838
C-EEU-POL,Zone_6A Cold Humid,urb,q1,2050,0.175245684838
C-WEU-PRT,Zone_3C Warm Marine,rur,q1,2050,0.3665167903530335
C-WEU-PRT,Zone_3C Warm Marine,urb,q1,2050,0.3665167903530335
C-WEU-PRT,Zone_4C Mixed Marine,rur,q1,2050,0.3665167903530335
C-WEU-PRT,Zone_4C Mixed Marine,urb,q1,2050,0.3665167903530335
C-WEU-PRT,Zone_4A Mixed Humid,rur,q1,2050,0.3665167903530335
C-WEU-PRT,Zone_4A Mixed Humid,urb,q1,2050,0.3665167903530335
C-WEU-PRT,Zone_3A Warm Humid,rur,q1,2050,0.3665167903530335
C-WEU-PRT,Zone_3A Warm Humid,urb,q1,2050,0.3665167903530335
C-EEU-ROU,Zone_5A Cool Humid,rur,q1,2050,0.22868571686069294
C-EEU-ROU,Zone_5A Cool Humid,urb,q1,2050,0.22868571686069294
C-EEU-ROU,Zone_6A Cold Humid,rur,q1,2050,0.22868571686069294
C-EEU-ROU,Zone_6A Cold Humid,urb,q1,2050,0.22868571686069294
C-EEU-ROU,Zone_4A Mixed Humid,rur,q1,2050,0.22868571686069294
C-EEU-ROU,Zone_4A Mixed Humid,urb,q1,2050,0.22868571686069294
C-WEU-SWE,Zone_6A Cold Humid,rur,q1,2050,0.11735456983640773
C-WEU-SWE,Zone_6A Cold Humid,urb,q1,2050,0.11735456983640773
C-WEU-SWE,Zone_5A Cool Humid,rur,q1,2050,0.11735456983640773
C-WEU-SWE,Zone_5A Cool Humid,urb,q1,2050,0.11735456983640773
C-WEU-SWE,Zone_7A Very cold Humid,rur,q1,2050,0.11735456983640773
C-WEU-SWE,Zone_7A Very cold Humid,urb,q1,2050,0.11735456983640773
C-WEU-SWE,Zone_8A Subarctic/arctic Humid,rur,q1,2050,0.11735456983640773
C-WEU-SWE,Zone_8A Subarctic/arctic Humid,urb,q1,2050,0.11735456983640773
C-EEU-SVN,Zone_4A Mixed Humid,rur,q1,2050,0.1435916501134487
C-EEU-SVN,Zone_4A Mixed Humid,urb,q1,2050,0.1435916501134487
C-EEU-SVN,Zone_5A Cool Humid,rur,q1,2050,0.1435916501134487
C-EEU-SVN,Zone_5A Cool Humid,urb,q1,2050,0.1435916501134487
C-EEU-SVN,Zone_7A Very cold Humid,rur,q1,2050,0.1435916501134487
C-EEU-SVN,Zone_7A Very cold Humid,urb,q1,2050,0.1435916501134487
C-EEU-SVK,Zone_5A Cool Humid,rur,q1,2050,0.20348157131550734
C-EEU-SVK,Zone_5A Cool Humid,urb,q1,2050,0.20348157131550734
C-EEU-SVK,Zone_6A Cold Humid,rur,q1,2050,0.20348157131550734
C-EEU-SVK,Zone_6A Cold Humid,urb,q1,2050,0.20348157131550734
C-WEU-AUT,Zone_5A Cool Humid,rur,q2,2050,0.2253889250718482
C-WEU-AUT,Zone_5A Cool Humid,urb,q2,2050,0.2253889250718482
C-WEU-AUT,Zone_4A Mixed Humid,rur,q2,2050,0.2253889250718482
C-WEU-AUT,Zone_4A Mixed Humid,urb,q2,2050,0.2253889250718482
C-WEU-AUT,Zone_6A Cold Humid,rur,q2,2050,0.2253889250718482
C-WEU-AUT,Zone_6A Cold Humid,urb,q2,2050,0.2253889250718482
C-WEU-AUT,Zone_7A Very cold Humid,rur,q2,2050,0.2253889250718482
C-WEU-AUT,Zone_7A Very cold Humid,urb,q2,2050,0.2253889250718482
C-WEU-BEL,Zone_4A Mixed Humid,rur,q2,2050,0.1941708192463
C-WEU-BEL,Zone_4A Mixed Humid,urb,q2,2050,0.1941708192463
C-WEU-BEL,Zone_5A Cool Humid,rur,q2,2050,0.1941708192463
C-WEU-BEL,Zone_5A Cool Humid,urb,q2,2050,0.1941708192463
C-EEU-BGR,Zone_4A Mixed Humid,rur,q2,2050,0.43440085080007645
C-EEU-BGR,Zone_4A Mixed Humid,urb,q2,2050,0.43440085080007645
C-EEU-BGR,Zone_5A Cool Humid,rur,q2,2050,0.43440085080007645
C-EEU-BGR,Zone_5A Cool Humid,urb,q2,2050,0.43440085080007645
C-WEU-CYP,Zone_3A Warm Humid,rur,q2,2050,0.763290823376
C-WEU-CYP,Zone_3A Warm Humid,urb,q2,2050,0.763290823376
C-EEU-CZE,Zone_5A Cool Humid,rur,q2,2050,0.21296747561399998
C-EEU-CZE,Zone_5A Cool Humid,urb,q2,2050,0.21296747561399998
C-WEU-DEU,Zone_5A Cool Humid,rur,q2,2050,0.23369655321061988
C-WEU-DEU,Zone_5A Cool Humid,urb,q2,2050,0.23369655321061988
C-WEU-DEU,Zone_4A Mixed Humid,rur,q2,2050,0.23369655321061988
C-WEU-DEU,Zone_4A Mixed Humid,urb,q2,2050,0.23369655321061988
C-WEU-DEU,Zone_6A Cold Humid,rur,q2,2050,0.23369655321061988
C-WEU-DEU,Zone_6A Cold Humid,urb,q2,2050,0.23369655321061988
C-WEU-DNK,Zone_5A Cool Humid,rur,q2,2050,0.11833789851299999
C-WEU-DNK,Zone_5A Cool Humid,urb,q2,2050,0.11833789851299999
C-EEU-EST,Zone_6A Cold Humid,rur,q2,2050,0.103055404656
C-EEU-EST,Zone_6A Cold Humid,urb,q2,2050,0.103055404656
C-WEU-GRC,Zone_3A Warm Humid,rur,q2,2050,0.6955578859398908
C-WEU-GRC,Zone_3A Warm Humid,urb,q2,2050,0.6955578859398908
C-WEU-GRC,Zone_4A Mixed Humid,rur,q2,2050,0.6955578859398908
C-WEU-GRC,Zone_4A Mixed Humid,urb,q2,2050,0.6955578859398908
C-WEU-GRC,Zone_4C Mixed Marine,rur,q2,2050,0.6955578859398908
C-WEU-GRC,Zone_4C Mixed Marine,urb,q2,2050,0.6955578859398908
C-WEU-GRC,Zone_5C Cool Marine,rur,q2,2050,0.6955578859398908
C-WEU-GRC,Zone_5C Cool Marine,urb,q2,2050,0.6955578859398908
C-WEU-GRC,Zone_5A Cool Humid,rur,q2,2050,0.6955578859398908
C-WEU-GRC,Zone_5A Cool Humid,urb,q2,2050,0.6955578859398908
C-WEU-ESP,Zone_3C Warm Marine,rur,q2,2050,0.6348772153441755
C-WEU-ESP,Zone_3C Warm Marine,urb,q2,2050,0.6348772153441755
C-WEU-ESP,Zone_4C Mixed Marine,rur,q2,2050,0.6348772153441755
C-WEU-ESP,Zone_4C Mixed Marine,urb,q2,2050,0.6348772153441755
C-WEU-ESP,Zone_4A Mixed Humid,rur,q2,2050,0.6348772153441755
C-WEU-ESP,Zone_4A Mixed Humid,urb,q2,2050,0.6348772153441755
C-WEU-ESP,Zone_3A Warm Humid,rur,q2,2050,0.6348772153441755
C-WEU-ESP,Zone_3A Warm Humid,urb,q2,2050,0.6348772153441755
C-WEU-ESP,Zone_3B Warm Dry,rur,q2,2050,0.6348772153441755
C-WEU-ESP,Zone_3B Warm Dry,urb,q2,2050,0.6348772153441755
C-WEU-ESP,Zone_2B Hot Dry,rur,q2,2050,0.6348772153441755
C-WEU-ESP,Zone_2B Hot Dry,urb,q2,2050,0.6348772153441755
C-WEU-FIN,Zone_6A Cold Humid,rur,q2,2050,0.09053545293442973
C-WEU-FIN,Zone_6A Cold Humid,urb,q2,2050,0.09053545293442973
C-WEU-FIN,Zone_7A Very cold Humid,rur,q2,2050,0.09053545293442973
C-WEU-FIN,Zone_7A Very cold Humid,urb,q2,2050,0.09053545293442973
C-WEU-FRA,Zone_4A Mixed Humid,rur,q2,2050,0.3211361253893557
C-WEU-FRA,Zone_4A Mixed Humid,urb,q2,2050,0.3211361253893557
C-WEU-FRA,Zone_5A Cool Humid,rur,q2,2050,0.3211361253893557
C-WEU-FRA,Zone_5A Cool Humid,urb,q2,2050,0.3211361253893557
C-WEU-FRA,Zone_3A Warm Humid,rur,q2,2050,0.3211361253893557
C-WEU-FRA,Zone_3A Warm Humid,urb,q2,2050,0.3211361253893557
C-WEU-FRA,Zone_7A Very cold Humid,rur,q2,2050,0.3211361253893557
C-WEU-FRA,Zone_7A Very cold Humid,urb,q2,2050,0.3211361253893557
C-WEU-FRA,Zone_4C Mixed Marine,rur,q2,2050,0.3211361253893557
C-WEU-FRA,Zone_4C Mixed Marine,urb,q2,2050,0.3211361253893557
C-WEU-FRA,Zone_3C Warm Marine,rur,q2,2050,0.3211361253893557
C-WEU-FRA,Zone_3C Warm Marine,urb,q2,2050,0.3211361253893557
C-WEU-FRA,Zone_1A Very hot Humid,rur,q2,2050,0.3211361253893557
C-WEU-FRA,Zone_1A Very hot Humid,urb,q2,2050,0.3211361253893557
C-WEU-FRA,Zone_2A Hot Humid,rur,q2,2050,0.3211361253893557
C-WEU-FRA,Zone_2A Hot Humid,urb,q2,2050,0.3211361253893557
C-WEU-FRA,Zone_0A Extremely hot Humid,rur,q2,2050,0.3211361253893557
C-WEU-FRA,Zone_0A Extremely hot Humid,urb,q2,2050,0.3211361253893557
C-EEU-HRV,Zone_4A Mixed Humid,rur,q2,2050,0.3049734428344185
C-EEU-HRV,Zone_4A Mixed Humid,urb,q2,2050,0.3049734428344185
C-EEU-HRV,Zone_5A Cool Humid,rur,q2,2050,0.3049734428344185
C-EEU-HRV,Zone_5A Cool Humid,urb,q2,2050,0.3049734428344185
C-EEU-HRV,Zone_4C Mixed Marine,rur,q2,2050,0.3049734428344185
C-EEU-HRV,Zone_4C Mixed Marine,urb,q2,2050,0.3049734428344185
C-EEU-HRV,Zone_3A Warm Humid,rur,q2,2050,0.3049734428344185
C-EEU-HRV,Zone_3A Warm Humid,urb,q2,2050,0.3049734428344185
C-EEU-HUN,Zone_4A Mixed Humid,rur,q2,2050,0.41739116554863265
C-EEU-HUN,Zone_4A Mixed Humid,urb,q2,2050,0.41739116554863265
C-EEU-HUN,Zone_5A Cool Humid,rur,q2,2050,0.41739116554863265
C-EEU-HUN,Zone_5A Cool Humid,urb,q2,2050,0.41739116554863265
C-WEU-IRL,Zone_5A Cool Humid,rur,q2,2050,0.051770371375
C-WEU-IRL,Zone_5A Cool Humid,urb,q2,2050,0.051770371375
C-WEU-IRL,Zone_4A Mixed Humid,rur,q2,2050,0.051770371375
C-WEU-IRL,Zone_4A Mixed Humid,urb,q2,2050,0.051770371375
C-WEU-ITA,Zone_4A Mixed Humid,rur,q2,2050,0.5517046659515599
C-WEU-ITA,Zone_4A Mixed Humid,urb,q2,2050,0.5517046659515599
C-WEU-ITA,Zone_5A Cool Humid,rur,q2,2050,0.5517046659515599
C-WEU-ITA,Zone_5A Cool Humid,urb,q2,2050,0.5517046659515599
C-WEU-ITA,Zone_7A Very cold Humid,rur,q2,2050,0.5517046659515599
C-WEU-ITA,Zone_7A Very cold Humid,urb,q2,2050,0.5517046659515599
C-WEU-ITA,Zone_6A Cold Humid,rur,q2,2050,0.5517046659515599
C-WEU-ITA,Zone_6A Cold Humid,urb,q2,2050,0.5517046659515599
C-WEU-ITA,Zone_3A Warm Humid,rur,q2,2050,0.5517046659515599
C-WEU-ITA,Zone_3A Warm Humid,urb,q2,2050,0.5517046659515599
C-WEU-ITA,Zone_4C Mixed Marine,rur,q2,2050,0.5517046659515599
C-WEU-ITA,Zone_4C Mixed Marine,urb,q2,2050,0.5517046659515599
C-WEU-ITA,Zone_5C Cool Marine,rur,q2,2050,0.5517046659515599
C-WEU-ITA,Zone_5C Cool Marine,urb,q2,2050,0.5517046659515599
C-EEU-LTU,Zone_6A Cold Humid,rur,q2,2050,0.170044804276
C-EEU-LTU,Zone_6A Cold Humid,urb,q2,2050,0.170044804276
C-EEU-LTU,Zone_5A Cool Humid,rur,q2,2050,0.170044804276
C-EEU-LTU,Zone_5A Cool Humid,urb,q2,2050,0.170044804276
C-WEU-LUX,Zone_5A Cool Humid,rur,q2,2050,0.172736560219
C-WEU-LUX,Zone_5A Cool Humid,urb,q2,2050,0.172736560219
C-EEU-LVA,Zone_6A Cold Humid,rur,q2,2050,0.13875926265
C-EEU-LVA,Zone_6A Cold Humid,urb,q2,2050,0.13875926265
C-WEU-MLT,Zone_3A Warm Humid,rur,q2,2050,0.8828203556780001
C-WEU-MLT,Zone_3A Warm Humid,urb,q2,2050,0.8828203556780001
C-WEU-NLD,Zone_5A Cool Humid,rur,q2,2050,0.1565269413206089
C-WEU-NLD,Zone_5A Cool Humid,urb,q2,2050,0.1565269413206089
C-WEU-NLD,Zone_4A Mixed Humid,rur,q2,2050,0.1565269413206089
C-WEU-NLD,Zone_4A Mixed Humid,urb,q2,2050,0.1565269413206089
C-EEU-POL,Zone_5A Cool Humid,rur,q2,2050,0.229537489708
C-EEU-POL,Zone_5A Cool Humid,urb,q2,2050,0.229537489708
C-EEU-POL,Zone_6A Cold Humid,rur,q2,2050,0.229537489708
C-EEU-POL,Zone_6A Cold Humid,urb,q2,2050,0.229537489708
C-WEU-PRT,Zone_3C Warm Marine,rur,q2,2050,0.5159570444178452
C-WEU-PRT,Zone_3C Warm Marine,urb,q2,2050,0.5159570444178452
C-WEU-PRT,Zone_4C Mixed Marine,rur,q2,2050,0.5159570444178452
C-WEU-PRT,Zone_4C Mixed Marine,urb,q2,2050,0.5159570444178452
C-WEU-PRT,Zone_4A Mixed Humid,rur,q2,2050,0.5159570444178452
C-WEU-PRT,Zone_4A Mixed Humid,urb,q2,2050,0.5159570444178452
C-WEU-PRT,Zone_3A Warm Humid,rur,q2,2050,0.5159570444178452
C-WEU-PRT,Zone_3A Warm Humid,urb,q2,2050,0.5159570444178452
C-EEU-ROU,Zone_5A Cool Humid,rur,q2,2050,0.3418943600172123
C-EEU-ROU,Zone_5A Cool Humid,urb,q2,2050,0.3418943600172123
C-EEU-ROU,Zone_6A Cold Humid,rur,q2,2050,0.3418943600172123
C-EEU-ROU,Zone_6A Cold Humid,urb,q2,2050,0.3418943600172123
C-EEU-ROU,Zone_4A Mixed Humid,rur,q2,2050,0.3418943600172123
C-EEU-ROU,Zone_4A Mixed Humid,urb,q2,2050,0.3418943600172123
C-WEU-SWE,Zone_6A Cold Humid,rur,q2,2050,0.11887595616511203
C-WEU-SWE,Zone_6A Cold Humid,urb,q2,2050,0.11887595616511203
C-WEU-SWE,Zone_5A Cool Humid,rur,q2,2050,0.11887595616511203
C-WEU-SWE,Zone_5A Cool Humid,urb,q2,2050,0.11887595616511203
C-WEU-SWE,Zone_7A Very cold Humid,rur,q2,2050,0.11887595616511203
C-WEU-SWE,Zone_7A Very cold Humid,urb,q2,2050,0.11887595616511203
C-WEU-SWE,Zone_8A Subarctic/arctic Humid,rur,q2,2050,0.11887595616511203
C-WEU-SWE,Zone_8A Subarctic/arctic Humid,urb,q2,2050,0.11887595616511203
C-EEU-SVN,Zone_4A Mixed Humid,rur,q2,2050,0.15584563351586447
C-EEU-SVN,Zone_4A Mixed Humid,urb,q2,2050,0.15584563351586447
C-EEU-SVN,Zone_5A Cool Humid,rur,q2,2050,0.15584563351586447
C-EEU-SVN,Zone_5A Cool Humid,urb,q2,2050,0.15584563351586447
C-EEU-SVN,Zone_7A Very cold Humid,rur,q2,2050,0.15584563351586447
C-EEU-SVN,Zone_7A Very cold Humid,urb,q2,2050,0.15584563351586447
C-EEU-SVK,Zone_5A Cool Humid,rur,q2,2050,0.24652356101614387
C-EEU-SVK,Zone_5A Cool Humid,urb,q2,2050,0.24652356101614387
C-EEU-SVK,Zone_6A Cold Humid,rur,q2,2050,0.24652356101614387
C-EEU-SVK,Zone_6A Cold Humid,urb,q2,2050,0.24652356101614387
C-WEU-AUT,Zone_5A Cool Humid,rur,q3,2050,0.22549320043567717
C-WEU-AUT,Zone_5A Cool Humid,urb,q3,2050,0.22549320043567717
C-WEU-AUT,Zone_4A Mixed Humid,rur,q3,2050,0.22549320043567717
C-WEU-AUT,Zone_4A Mixed Humid,urb,q3,2050,0.22549320043567717
C-WEU-AUT,Zone_6A Cold Humid,rur,q3,2050,0.22549320043567717
C-WEU-AUT,Zone_6A Cold Humid,urb,q3,2050,0.22549320043567717
C-WEU-AUT,Zone_7A Very cold Humid,rur,q3,2050,0.22549320043567717
C-WEU-AUT,Zone_7A Very cold Humid,urb,q3,2050,0.22549320043567717
C-WEU-BEL,Zone_4A Mixed Humid,rur,q3,2050,0.1941915720784
C-WEU-BEL,Zone_4A Mixed Humid,urb,q3,2050,0.1941915720784
C-WEU-BEL,Zone_5A Cool Humid,rur,q3,2050,0.1941915720784
C-WEU-BEL,Zone_5A Cool Humid,urb,q3,2050,0.1941915720784
C-EEU-BGR,Zone_4A Mixed Humid,rur,q3,2050,0.43987966424106084
C-EEU-BGR,Zone_4A Mixed Humid,urb,q3,2050,0.43987966424106084
C-EEU-BGR,Zone_5A Cool Humid,rur,q3,2050,0.43987966424106084
C-EEU-BGR,Zone_5A Cool Humid,urb,q3,2050,0.43987966424106084
C-WEU-CYP,Zone_3A Warm Humid,rur,q3,2050,0.8626206059839999
C-WEU-CYP,Zone_3A Warm Humid,urb,q3,2050,0.8626206059839999
C-EEU-CZE,Zone_5A Cool Humid,rur,q3,2050,0.213059084466
C-EEU-CZE,Zone_5A Cool Humid,urb,q3,2050,0.213059084466
C-WEU-DEU,Zone_5A Cool Humid,rur,q3,2050,0.23389544968318932
C-WEU-DEU,Zone_5A Cool Humid,urb,q3,2050,0.23389544968318932
C-WEU-DEU,Zone_4A Mixed Humid,rur,q3,2050,0.23389544968318932
C-WEU-DEU,Zone_4A Mixed Humid,urb,q3,2050,0.23389544968318932
C-WEU-DEU,Zone_6A Cold Humid,rur,q3,2050,0.23389544968318932
C-WEU-DEU,Zone_6A Cold Humid,urb,q3,2050,0.23389544968318932
C-WEU-DNK,Zone_5A Cool Humid,rur,q3,2050,0.118433378586
C-WEU-DNK,Zone_5A Cool Humid,urb,q3,2050,0.118433378586
C-EEU-EST,Zone_6A Cold Humid,rur,q3,2050,0.103319098235
C-EEU-EST,Zone_6A Cold Humid,urb,q3,2050,0.103319098235
C-WEU-GRC,Zone_3A Warm Humid,rur,q3,2050,0.6983729586753019
C-WEU-GRC,Zone_3A Warm Humid,urb,q3,2050,0.6983729586753019
C-WEU-GRC,Zone_4A Mixed Humid,rur,q3,2050,0.6983729586753019
C-WEU-GRC,Zone_4A Mixed Humid,urb,q3,2050,0.6983729586753019
C-WEU-GRC,Zone_4C Mixed Marine,rur,q3,2050,0.6983729586753019
C-WEU-GRC,Zone_4C Mixed Marine,urb,q3,2050,0.6983729586753019
C-WEU-GRC,Zone_5C Cool Marine,rur,q3,2050,0.6983729586753019
C-WEU-GRC,Zone_5C Cool Marine,urb,q3,2050,0.6983729586753019
C-WEU-GRC,Zone_5A Cool Humid,rur,q3,2050,0.6983729586753019
C-WEU-GRC,Zone_5A Cool Humid,urb,q3,2050,0.6983729586753019
C-WEU-ESP,Zone_3C Warm Marine,rur,q3,2050,0.6430695198654949
C-WEU-ESP,Zone_3C Warm Marine,urb,q3,2050,0.6430695198654949
C-WEU-ESP,Zone_4C Mixed Marine,rur,q3,2050,0.6430695198654949
C-WEU-ESP,Zone_4C Mixed Marine,urb,q3,2050,0.6430695198654949
C-WEU-ESP,Zone_4A Mixed Humid,rur,q3,2050,0.6430695198654949
C-WEU-ESP,Zone_4A Mixed Humid,urb,q3,2050,0.6430695198654949
C-WEU-ESP,Zone_3A Warm Humid,rur,q3,2050,0.6430695198654949
C-WEU-ESP,Zone_3A Warm Humid,urb,q3,2050,0.6430695198654949
C-WEU-ESP,Zone_3B Warm Dry,rur,q3,2050,0.6430695198654949
C-WEU-ESP,Zone_3B Warm Dry,urb,q3,2050,0.6430695198654949
C-WEU-ESP,Zone_2B Hot Dry,rur,q3,2050,0.6430695198654949
C-WEU-ESP,Zone_2B Hot Dry,urb,q3,2050,0.6430695198654949
C-WEU-FIN,Zone_6A Cold Humid,rur,q3,2050,0.09060118329322268
C-WEU-FIN,Zone_6A Cold Humid,urb,q3,2050,0.09060118329322268
C-WEU-FIN,Zone_7A Very cold Humid,rur,q3,2050,0.09060118329322268
C-WEU-FIN,Zone_7A Very cold Humid,urb,q3,2050,0.09060118329322268
C-WEU-FRA,Zone_4A Mixed Humid,rur,q3,2050,0.32186620513209035
C-WEU-FRA,Zone_4A Mixed Humid,urb,q3,2050,0.32186620513209035
C-WEU-FRA,Zone_5A Cool Humid,rur,q3,2050,0.32186620513209035
C-WEU-FRA,Zone_5A Cool Humid,urb,q3,2050,0.32186620513209035
C-WEU-FRA,Zone_3A Warm Humid,rur,q3,2050,0.32186620513209035
C-WEU-FRA,Zone_3A Warm Humid,urb,q3,2050,0.32186620513209035
C-WEU-FRA,Zone_7A Very cold Humid,rur,q3,2050,0.32186620513209035
C-WEU-FRA,Zone_7A Very cold Humid,urb,q3,2050,0.32186620513209035
C-WEU-FRA,Zone_4C Mixed Marine,rur,q3,2050,0.32186620513209035
C-WEU-FRA,Zone_4C Mixed Marine,urb,q3,2050,0.32186620513209035
C-WEU-FRA,Zone_3C Warm Marine,rur,q3,2050,0.32186620513209035
C-WEU-FRA,Zone_3C Warm Marine,urb,q3,2050,0.32186620513209035
C-WEU-FRA,Zone_1A Very hot Humid,rur,q3,2050,0.32186620513209035
C-WEU-FRA,Zone_1A Very hot Humid,urb,q3,2050,0.32186620513209035
C-WEU-FRA,Zone_2A Hot Humid,rur,q3,2050,0.32186620513209035
C-WEU-FRA,Zone_2A Hot Humid,urb,q3,2050,0.32186620513209035
C-WEU-FRA,Zone_0A Extremely hot Humid,rur,q3,2050,0.32186620513209035
C-WEU-FRA,Zone_0A Extremely hot Humid,urb,q3,2050,0.32186620513209035
C-EEU-HRV,Zone_4A Mixed Humid,rur,q3,2050,0.5974292554325767
C-EEU-HRV,Zone_4A Mixed Humid,urb,q3,2050,0.5974292554325767
C-EEU-HRV,Zone_5A Cool Humid,rur,q3,2050,0.5974292554325767
C-EEU-HRV,Zone_5A Cool Humid,urb,q3,2050,0.5974292554325767
C-EEU-HRV,Zone_4C Mixed Marine,rur,q3,2050,0.5974292554325767
C-EEU-HRV,Zone_4C Mixed Marine,urb,q3,2050,0.5974292554325767
C-EEU-HRV,Zone_3A Warm Humid,rur,q3,2050,0.5974292554325767
C-EEU-HRV,Zone_3A Warm Humid,urb,q3,2050,0.5974292554325767
C-EEU-HUN,Zone_4A Mixed Humid,rur,q3,2050,0.42417493040474874
C-EEU-HUN,Zone_4A Mixed Humid,urb,q3,2050,0.42417493040474874
C-EEU-HUN,Zone_5A Cool Humid,rur,q3,2050,0.42417493040474874
C-EEU-HUN,Zone_5A Cool Humid,urb,q3,2050,0.42417493040474874
C-WEU-IRL,Zone_5A Cool Humid,rur,q3,2050,0.051826286306799994
C-WEU-IRL,Zone_5A Cool Humid,urb,q3,2050,0.051826286306799994
C-WEU-IRL,Zone_4A Mixed Humid,rur,q3,2050,0.051826286306799994
C-WEU-IRL,Zone_4A Mixed Humid,urb,q3,2050,0.051826286306799994
C-WEU-ITA,Zone_4A Mixed Humid,rur,q3,2050,0.5570375742214942
C-WEU-ITA,Zone_4A Mixed Humid,urb,q3,2050,0.5570375742214942
C-WEU-ITA,Zone_5A Cool Humid,rur,q3,2050,0.5570375742214942
C-WEU-ITA,Zone_5A Cool Humid,urb,q3,2050,0.5570375742214942
C-WEU-ITA,Zone_7A Very cold Humid,rur,q3,2050,0.5570375742214942
C-WEU-ITA,Zone_7A Very cold Humid,urb,q3,2050,0.5570375742214942
C-WEU-ITA,Zone_6A Cold Humid,rur,q3,2050,0.5570375742214942
C-WEU-ITA,Zone_6A Cold Humid,urb,q3,2050,0.5570375742214942
C-WEU-ITA,Zone_3A Warm Humid,rur,q3,2050,0.5570375742214942
C-WEU-ITA,Zone_3A Warm Humid,urb,q3,2050,0.5570375742214942
C-WEU-ITA,Zone_4C Mixed Marine,rur,q3,2050,0.5570375742214942
C-WEU-ITA,Zone_4C Mixed Marine,urb,q3,2050,0.5570375742214942
C-WEU-ITA,Zone_5C Cool Marine,rur,q3,2050,0.5570375742214942
C-WEU-ITA,Zone_5C Cool Marine,urb,q3,2050,0.5570375742214942
C-EEU-LTU,Zone_6A Cold Humid,rur,q3,2050,0.17260515419199998
C-EEU-LTU,Zone_6A Cold Humid,urb,q3,2050,0.17260515419199998
C-EEU-LTU,Zone_5A Cool Humid,rur,q3,2050,0.17260515419199998
C-EEU-LTU,Zone_5A Cool Humid,urb,q3,2050,0.17260515419199998
C-WEU-LUX,Zone_5A Cool Humid,rur,q3,2050,0.1727369
C-WEU-LUX,Zone_5A Cool Humid,urb,q3,2050,0.1727369
C-EEU-LVA,Zone_6A Cold Humid,rur,q3,2050,0.14188541493399998
C-EEU-LVA,Zone_6A Cold Humid,urb,q3,2050,0.14188541493399998
C-WEU-MLT,Zone_3A Warm Humid,rur,q3,2050,0.8834114607520002
C-WEU-MLT,Zone_3A Warm Humid,urb,q3,2050,0.8834114607520002
C-WEU-NLD,Zone_5A Cool Humid,rur,q3,2050,0.156551788684221
C-WEU-NLD,Zone_5A Cool Humid,urb,q3,2050,0.156551788684221
C-WEU-NLD,Zone_4A Mixed Humid,rur,q3,2050,0.156551788684221
C-WEU-NLD,Zone_4A Mixed Humid,urb,q3,2050,0.156551788684221
C-EEU-POL,Zone_5A Cool Humid,rur,q3,2050,0.2322145833
C-EEU-POL,Zone_5A Cool Humid,urb,q3,2050,0.2322145833
C-EEU-POL,Zone_6A Cold Humid,rur,q3,2050,0.2322145833
C-EEU-POL,Zone_6A Cold Humid,urb,q3,2050,0.2322145833
C-WEU-PRT,Zone_3C Warm Marine,rur,q3,2050,0.5296423431141738
C-WEU-PRT,Zone_3C Warm Marine,urb,q3,2050,0.5296423431141738
C-WEU-PRT,Zone_4C Mixed Marine,rur,q3,2050,0.5296423431141738
C-WEU-PRT,Zone_4C Mixed Marine,urb,q3,2050,0.5296423431141738
C-WEU-PRT,Zone_4A Mixed Humid,rur,q3,2050,0.5296423431141738
C-WEU-PRT,Zone_4A Mixed Humid,urb,q3,2050,0.5296423431141738
C-WEU-PRT,Zone_3A Warm Humid,rur,q3,2050,0.5296423431141738
C-WEU-PRT,Zone_3A Warm Humid,urb,q3,2050,0.5296423431141738
C-EEU-ROU,Zone_5A Cool Humid,rur,q3,2050,0.37286488466459444
C-EEU-ROU,Zone_5A Cool Humid,urb,q3,2050,0.37286488466459444
C-EEU-ROU,Zone_6A Cold Humid,rur,q3,2050,0.37286488466459444
C-EEU-ROU,Zone_6A Cold Humid,urb,q3,2050,0.37286488466459444
C-EEU-ROU,Zone_4A Mixed Humid,rur,q3,2050,0.37286488466459444
C-EEU-ROU,Zone_4A Mixed Humid,urb,q3,2050,0.37286488466459444
C-WEU-SWE,Zone_6A Cold Humid,rur,q3,2050,0.11891198977411606
C-WEU-SWE,Zone_6A Cold Humid,urb,q3,2050,0.11891198977411606
C-WEU-SWE,Zone_5A Cool Humid,rur,q3,2050,0.11891198977411606
C-WEU-SWE,Zone_5A Cool Humid,urb,q3,2050,0.11891198977411606
C-WEU-SWE,Zone_7A Very cold Humid,rur,q3,2050,0.11891198977411606
C-WEU-SWE,Zone_7A Very cold Humid,urb,q3,2050,0.11891198977411606
C-WEU-SWE,Zone_8A Subarctic/arctic Humid,rur,q3,2050,0.11891198977411606
C-WEU-SWE,Zone_8A Subarctic/arctic Humid,urb,q3,2050,0.11891198977411606
C-EEU-SVN,Zone_4A Mixed Humid,rur,q3,2050,0.15671827296974788
C-EEU-SVN,Zone_4A Mixed Humid,urb,q3,2050,0.15671827296974788
C-EEU-SVN,Zone_5A Cool Humid,rur,q3,2050,0.15671827296974788
C-EEU-SVN,Zone_5A Cool Humid,urb,q3,2050,0.15671827296974788
C-EEU-SVN,Zone_7A Very cold Humid,rur,q3,2050,0.15671827296974788
C-EEU-SVN,Zone_7A Very cold Humid,urb,q3,2050,0.15671827296974788
C-EEU-SVK,Zone_5A Cool Humid,rur,q3,2050,0.24751600682912758
C-EEU-SVK,Zone_5A Cool Humid,urb,q3,2050,0.24751600682912758
C-EEU-SVK,Zone_6A Cold Humid,rur,q3,2050,0.24751600682912758
C-EEU-SVK,Zone_6A Cold Humid,urb,q3,2050,0.24751600682912758
C-WEU-AUT,Zone_5A Cool Humid,rur,q1,2055,0.22312374826024406
C-WEU-AUT,Zone_5A Cool Humid,urb,q1,2055,0.22312374826024406
C-WEU-AUT,Zone_4A Mixed Humid,rur,q1,2055,0.22312374826024406
C-WEU-AUT,Zone_4A Mixed Humid,urb,q1,2055,0.22312374826024406
C-WEU-AUT,Zone_6A Cold Humid,rur,q1,2055,0.22312374826024406
C-WEU-AUT,Zone_6A Cold Humid,urb,q1,2055,0.22312374826024406
C-WEU-AUT,Zone_7A Very cold Humid,rur,q1,2055,0.22312374826024406
C-WEU-AUT,Zone_7A Very cold Humid,urb,q1,2055,0.22312374826024406
C-WEU-BEL,Zone_4A Mixed Humid,rur,q1,2055,0.19349203785480001
C-WEU-BEL,Zone_4A Mixed Humid,urb,q1,2055,0.19349203785480001
C-WEU-BEL,Zone_5A Cool Humid,rur,q1,2055,0.19349203785480001
C-WEU-BEL,Zone_5A Cool Humid,urb,q1,2055,0.19349203785480001
C-EEU-BGR,Zone_4A Mixed Humid,rur,q1,2055,0.2892473624232103
C-EEU-BGR,Zone_4A Mixed Humid,urb,q1,2055,0.2892473624232103
C-EEU-BGR,Zone_5A Cool Humid,rur,q1,2055,0.2892473624232103
C-EEU-BGR,Zone_5A Cool Humid,urb,q1,2055,0.2892473624232103
C-WEU-CYP,Zone_3A Warm Humid,rur,q1,2055,0.42004514872
C-WEU-CYP,Zone_3A Warm Humid,urb,q1,2055,0.42004514872
C-EEU-CZE,Zone_5A Cool Humid,rur,q1,2055,0.20906657669599998
C-EEU-CZE,Zone_5A Cool Humid,urb,q1,2055,0.20906657669599998
C-WEU-DEU,Zone_5A Cool Humid,rur,q1,2055,0.2272118434499162
C-WEU-DEU,Zone_5A Cool Humid,urb,q1,2055,0.2272118434499162
C-WEU-DEU,Zone_4A Mixed Humid,rur,q1,2055,0.2272118434499162
C-WEU-DEU,Zone_4A Mixed Humid,urb,q1,2055,0.2272118434499162
C-WEU-DEU,Zone_6A Cold Humid,rur,q1,2055,0.2272118434499162
C-WEU-DEU,Zone_6A Cold Humid,urb,q1,2055,0.2272118434499162
C-WEU-DNK,Zone_5A Cool Humid,rur,q1,2055,0.11709468707199999
C-WEU-DNK,Zone_5A Cool Humid,urb,q1,2055,0.11709468707199999
C-EEU-EST,Zone_6A Cold Humid,rur,q1,2055,0.0977393136784
C-EEU-EST,Zone_6A Cold Humid,urb,q1,2055,0.0977393136784
C-WEU-GRC,Zone_3A Warm Humid,rur,q1,2055,0.6344381222812923
C-WEU-GRC,Zone_3A Warm Humid,urb,q1,2055,0.6344381222812923
C-WEU-GRC,Zone_4A Mixed Humid,rur,q1,2055,0.6344381222812923
C-WEU-GRC,Zone_4A Mixed Humid,urb,q1,2055,0.6344381222812923
C-WEU-GRC,Zone_4C Mixed Marine,rur,q1,2055,0.6344381222812923
C-WEU-GRC,Zone_4C Mixed Marine,urb,q1,2055,0.6344381222812923
C-WEU-GRC,Zone_5C Cool Marine,rur,q1,2055,0.6344381222812923
C-WEU-GRC,Zone_5C Cool Marine,urb,q1,2055,0.6344381222812923
C-WEU-GRC,Zone_5A Cool Humid,rur,q1,2055,0.6344381222812923
C-WEU-GRC,Zone_5A Cool Humid,urb,q1,2055,0.6344381222812923
C-WEU-ESP,Zone_3C Warm Marine,rur,q1,2055,0.56047660609505
C-WEU-ESP,Zone_3C Warm Marine,urb,q1,2055,0.56047660609505
C-WEU-ESP,Zone_4C Mixed Marine,rur,q1,2055,0.56047660609505
C-WEU-ESP,Zone_4C Mixed Marine,urb,q1,2055,0.56047660609505
C-WEU-ESP,Zone_4A Mixed Humid,rur,q1,2055,0.56047660609505
C-WEU-ESP,Zone_4A Mixed Humid,urb,q1,2055,0.56047660609505
C-WEU-ESP,Zone_3A Warm Humid,rur,q1,2055,0.56047660609505
C-WEU-ESP,Zone_3A Warm Humid,urb,q1,2055,0.56047660609505
C-WEU-ESP,Zone_3B Warm Dry,rur,q1,2055,0.56047660609505
C-WEU-ESP,Zone_3B Warm Dry,urb,q1,2055,0.56047660609505
C-WEU-ESP,Zone_2B Hot Dry,rur,q1,2055,0.56047660609505
C-WEU-ESP,Zone_2B Hot Dry,urb,q1,2055,0.56047660609505
C-WEU-FIN,Zone_6A Cold Humid,rur,q1,2055,0.08928898327492285
C-WEU-FIN,Zone_6A Cold Humid,urb,q1,2055,0.08928898327492285
C-WEU-FIN,Zone_7A Very cold Humid,rur,q1,2055,0.08928898327492285
C-WEU-FIN,Zone_7A Very cold Humid,urb,q1,2055,0.08928898327492285
C-WEU-FRA,Zone_4A Mixed Humid,rur,q1,2055,0.31115333648730914
C-WEU-FRA,Zone_4A Mixed Humid,urb,q1,2055,0.31115333648730914
C-WEU-FRA,Zone_5A Cool Humid,rur,q1,2055,0.31115333648730914
C-WEU-FRA,Zone_5A Cool Humid,urb,q1,2055,0.31115333648730914
C-WEU-FRA,Zone_3A Warm Humid,rur,q1,2055,0.31115333648730914
C-WEU-FRA,Zone_3A Warm Humid,urb,q1,2055,0.31115333648730914
C-WEU-FRA,Zone_7A Very cold Humid,rur,q1,2055,0.31115333648730914
C-WEU-FRA,Zone_7A Very cold Humid,urb,q1,2055,0.31115333648730914
C-WEU-FRA,Zone_4C Mixed Marine,rur,q1,2055,0.31115333648730914
C-WEU-FRA,Zone_4C Mixed Marine,urb,q1,2055,0.31115333648730914
C-WEU-FRA,Zone_3C Warm Marine,rur,q1,2055,0.31115333648730914
C-WEU-FRA,Zone_3C Warm Marine,urb,q1,2055,0.31115333648730914
C-WEU-FRA,Zone_1A Very hot Humid,rur,q1,2055,0.31115333648730914
C-WEU-FRA,Zone_1A Very hot Humid,urb,q1,2055,0.31115333648730914
C-WEU-FRA,Zone_2A Hot Humid,rur,q1,2055,0.31115333648730914
C-WEU-FRA,Zone_2A Hot Humid,urb,q1,2055,0.31115333648730914
C-WEU-FRA,Zone_0A Extremely hot Humid,rur,q1,2055,0.31115333648730914
C-WEU-FRA,Zone_0A Extremely hot Humid,urb,q1,2055,0.31115333648730914
C-EEU-HRV,Zone_4A Mixed Humid,rur,q1,2055,0.28436415050461883
C-EEU-HRV,Zone_4A Mixed Humid,urb,q1,2055,0.28436415050461883
C-EEU-HRV,Zone_5A Cool Humid,rur,q1,2055,0.28436415050461883
C-EEU-HRV,Zone_5A Cool Humid,urb,q1,2055,0.28436415050461883
C-EEU-HRV,Zone_4C Mixed Marine,rur,q1,2055,0.28436415050461883
C-EEU-HRV,Zone_4C Mixed Marine,urb,q1,2055,0.28436415050461883
C-EEU-HRV,Zone_3A Warm Humid,rur,q1,2055,0.28436415050461883
C-EEU-HRV,Zone_3A Warm Humid,urb,q1,2055,0.28436415050461883
C-EEU-HUN,Zone_4A Mixed Humid,rur,q1,2055,0.3727251227687139
C-EEU-HUN,Zone_4A Mixed Humid,urb,q1,2055,0.3727251227687139
C-EEU-HUN,Zone_5A Cool Humid,rur,q1,2055,0.3727251227687139
C-EEU-HUN,Zone_5A Cool Humid,urb,q1,2055,0.3727251227687139
C-WEU-IRL,Zone_5A Cool Humid,rur,q1,2055,0.049712374308
C-WEU-IRL,Zone_5A Cool Humid,urb,q1,2055,0.049712374308
C-WEU-IRL,Zone_4A Mixed Humid,rur,q1,2055,0.049712374308
C-WEU-IRL,Zone_4A Mixed Humid,urb,q1,2055,0.049712374308
C-WEU-ITA,Zone_4A Mixed Humid,rur,q1,2055,0.4921380213710439
C-WEU-ITA,Zone_4A Mixed Humid,urb,q1,2055,0.4921380213710439
C-WEU-ITA,Zone_5A Cool Humid,rur,q1,2055,0.4921380213710439
C-WEU-ITA,Zone_5A Cool Humid,urb,q1,2055,0.4921380213710439
C-WEU-ITA,Zone_7A Very cold Humid,rur,q1,2055,0.4921380213710439
C-WEU-ITA,Zone_7A Very cold Humid,urb,q1,2055,0.4921380213710439
C-WEU-ITA,Zone_6A Cold Humid,rur,q1,2055,0.4921380213710439
C-WEU-ITA,Zone_6A Cold Humid,urb,q1,2055,0.4921380213710439
C-WEU-ITA,Zone_3A Warm Humid,rur,q1,2055,0.4921380213710439
C-WEU-ITA,Zone_3A Warm Humid,urb,q1,2055,0.4921380213710439
C-WEU-ITA,Zone_4C Mixed Marine,rur,q1,2055,0.4921380213710439
C-WEU-ITA,Zone_4C Mixed Marine,urb,q1,2055,0.4921380213710439
C-WEU-ITA,Zone_5C Cool Marine,rur,q1,2055,0.4921380213710439
C-WEU-ITA,Zone_5C Cool Marine,urb,q1,2055,0.4921380213710439
C-EEU-LTU,Zone_6A Cold Humid,rur,q1,2055,0.12161448044160005
C-EEU-LTU,Zone_6A Cold Humid,urb,q1,2055,0.12161448044160005
C-EEU-LTU,Zone_5A Cool Humid,rur,q1,2055,0.12161448044160005
C-EEU-LTU,Zone_5A Cool Humid,urb,q1,2055,0.12161448044160005
C-WEU-LUX,Zone_5A Cool Humid,rur,q1,2055,0.17267588023999997
C-WEU-LUX,Zone_5A Cool Humid,urb,q1,2055,0.17267588023999997
C-EEU-LVA,Zone_6A Cold Humid,rur,q1,2055,0.10454456153300001
C-EEU-LVA,Zone_6A Cold Humid,urb,q1,2055,0.10454456153300001
C-WEU-MLT,Zone_3A Warm Humid,rur,q1,2055,0.87176032864
C-WEU-MLT,Zone_3A Warm Humid,urb,q1,2055,0.87176032864
C-WEU-NLD,Zone_5A Cool Humid,rur,q1,2055,0.1557060975519123
C-WEU-NLD,Zone_5A Cool Humid,urb,q1,2055,0.1557060975519123
C-WEU-NLD,Zone_4A Mixed Humid,rur,q1,2055,0.1557060975519123
C-WEU-NLD,Zone_4A Mixed Humid,urb,q1,2055,0.1557060975519123
C-EEU-POL,Zone_5A Cool Humid,rur,q1,2055,0.185339104365
C-EEU-POL,Zone_5A Cool Humid,urb,q1,2055,0.185339104365
C-EEU-POL,Zone_6A Cold Humid,rur,q1,2055,0.185339104365
C-EEU-POL,Zone_6A Cold Humid,urb,q1,2055,0.185339104365
C-WEU-PRT,Zone_3C Warm Marine,rur,q1,2055,0.4111797403741192
C-WEU-PRT,Zone_3C Warm Marine,urb,q1,2055,0.4111797403741192
C-WEU-PRT,Zone_4C Mixed Marine,rur,q1,2055,0.4111797403741192
C-WEU-PRT,Zone_4C Mixed Marine,urb,q1,2055,0.4111797403741192
C-WEU-PRT,Zone_4A Mixed Humid,rur,q1,2055,0.4111797403741192
C-WEU-PRT,Zone_4A Mixed Humid,urb,q1,2055,0.4111797403741192
C-WEU-PRT,Zone_3A Warm Humid,rur,q1,2055,0.4111797403741192
C-WEU-PRT,Zone_3A Warm Humid,urb,q1,2055,0.4111797403741192
C-EEU-ROU,Zone_5A Cool Humid,rur,q1,2055,0.26101292905484996
C-EEU-ROU,Zone_5A Cool Humid,urb,q1,2055,0.26101292905484996
C-EEU-ROU,Zone_6A Cold Humid,rur,q1,2055,0.26101292905484996
C-EEU-ROU,Zone_6A Cold Humid,urb,q1,2055,0.26101292905484996
C-EEU-ROU,Zone_4A Mixed Humid,rur,q1,2055,0.26101292905484996
C-EEU-ROU,Zone_4A Mixed Humid,urb,q1,2055,0.26101292905484996
C-WEU-SWE,Zone_6A Cold Humid,rur,q1,2055,0.1178388497539015
C-WEU-SWE,Zone_6A Cold Humid,urb,q1,2055,0.1178388497539015
C-WEU-SWE,Zone_5A Cool Humid,rur,q1,2055,0.1178388497539015
C-WEU-SWE,Zone_5A Cool Humid,urb,q1,2055,0.1178388497539015
C-WEU-SWE,Zone_7A Very cold Humid,rur,q1,2055,0.1178388497539015
C-WEU-SWE,Zone_7A Very cold Humid,urb,q1,2055,0.1178388497539015
C-WEU-SWE,Zone_8A Subarctic/arctic Humid,rur,q1,2055,0.1178388497539015
C-WEU-SWE,Zone_8A Subarctic/arctic Humid,urb,q1,2055,0.1178388497539015
C-EEU-SVN,Zone_4A Mixed Humid,rur,q1,2055,0.14761075754869127
C-EEU-SVN,Zone_4A Mixed Humid,urb,q1,2055,0.14761075754869127
C-EEU-SVN,Zone_5A Cool Humid,rur,q1,2055,0.14761075754869127
C-EEU-SVN,Zone_5A Cool Humid,urb,q1,2055,0.14761075754869127
C-EEU-SVN,Zone_7A Very cold Humid,rur,q1,2055,0.14761075754869127
C-EEU-SVN,Zone_7A Very cold Humid,urb,q1,2055,0.14761075754869127
C-EEU-SVK,Zone_5A Cool Humid,rur,q1,2055,0.2125562332508356
C-EEU-SVK,Zone_5A Cool Humid,urb,q1,2055,0.2125562332508356
C-EEU-SVK,Zone_6A Cold Humid,rur,q1,2055,0.2125562332508356
C-EEU-SVK,Zone_6A Cold Humid,urb,q1,2055,0.2125562332508356
C-WEU-AUT,Zone_5A Cool Humid,rur,q2,2055,0.2259864334131639
C-WEU-AUT,Zone_5A Cool Humid,urb,q2,2055,0.2259864334131639
C-WEU-AUT,Zone_4A Mixed Humid,rur,q2,2055,0.2259864334131639
C-WEU-AUT,Zone_4A Mixed Humid,urb,q2,2055,0.2259864334131639
C-WEU-AUT,Zone_6A Cold Humid,rur,q2,2055,0.2259864334131639
C-WEU-AUT,Zone_6A Cold Humid,urb,q2,2055,0.2259864334131639
C-WEU-AUT,Zone_7A Very cold Humid,rur,q2,2055,0.2259864334131639
C-WEU-AUT,Zone_7A Very cold Humid,urb,q2,2055,0.2259864334131639
C-WEU-BEL,Zone_4A Mixed Humid,rur,q2,2055,0.1941801780664
C-WEU-BEL,Zone_4A Mixed Humid,urb,q2,2055,0.1941801780664
C-WEU-BEL,Zone_5A Cool Humid,rur,q2,2055,0.1941801780664
C-WEU-BEL,Zone_5A Cool Humid,urb,q2,2055,0.1941801780664
C-EEU-BGR,Zone_4A Mixed Humid,rur,q2,2055,0.43623021635198345
C-EEU-BGR,Zone_4A Mixed Humid,urb,q2,2055,0.43623021635198345
C-EEU-BGR,Zone_5A Cool Humid,rur,q2,2055,0.43623021635198345
C-EEU-BGR,Zone_5A Cool Humid,urb,q2,2055,0.43623021635198345
C-WEU-CYP,Zone_3A Warm Humid,rur,q2,2055,0.789142558576
C-WEU-CYP,Zone_3A Warm Humid,urb,q2,2055,0.789142558576
C-EEU-CZE,Zone_5A Cool Humid,rur,q2,2055,0.213016854248
C-EEU-CZE,Zone_5A Cool Humid,urb,q2,2055,0.213016854248
C-WEU-DEU,Zone_5A Cool Humid,rur,q2,2055,0.2338021516096076
C-WEU-DEU,Zone_5A Cool Humid,urb,q2,2055,0.2338021516096076
C-WEU-DEU,Zone_4A Mixed Humid,rur,q2,2055,0.2338021516096076
C-WEU-DEU,Zone_4A Mixed Humid,urb,q2,2055,0.2338021516096076
C-WEU-DEU,Zone_6A Cold Humid,rur,q2,2055,0.2338021516096076
C-WEU-DEU,Zone_6A Cold Humid,urb,q2,2055,0.2338021516096076
C-WEU-DNK,Zone_5A Cool Humid,rur,q2,2055,0.11838595955199999
C-WEU-DNK,Zone_5A Cool Humid,urb,q2,2055,0.11838595955199999
C-EEU-EST,Zone_6A Cold Humid,rur,q2,2055,0.103201485208
C-EEU-EST,Zone_6A Cold Humid,urb,q2,2055,0.103201485208
C-WEU-GRC,Zone_3A Warm Humid,rur,q2,2055,0.6986433743593519
C-WEU-GRC,Zone_3A Warm Humid,urb,q2,2055,0.6986433743593519
C-WEU-GRC,Zone_4A Mixed Humid,rur,q2,2055,0.6986433743593519
C-WEU-GRC,Zone_4A Mixed Humid,urb,q2,2055,0.6986433743593519
C-WEU-GRC,Zone_4C Mixed Marine,rur,q2,2055,0.6986433743593519
C-WEU-GRC,Zone_4C Mixed Marine,urb,q2,2055,0.6986433743593519
C-WEU-GRC,Zone_5C Cool Marine,rur,q2,2055,0.6986433743593519
C-WEU-GRC,Zone_5C Cool Marine,urb,q2,2055,0.6986433743593519
C-WEU-GRC,Zone_5A Cool Humid,rur,q2,2055,0.6986433743593519
C-WEU-GRC,Zone_5A Cool Humid,urb,q2,2055,0.6986433743593519
C-WEU-ESP,Zone_3C Warm Marine,rur,q2,2055,0.6394754971755785
C-WEU-ESP,Zone_3C Warm Marine,urb,q2,2055,0.6394754971755785
C-WEU-ESP,Zone_4C Mixed Marine,rur,q2,2055,0.6394754971755785
C-WEU-ESP,Zone_4C Mixed Marine,urb,q2,2055,0.6394754971755785
C-WEU-ESP,Zone_4A Mixed Humid,rur,q2,2055,0.6394754971755785
C-WEU-ESP,Zone_4A Mixed Humid,urb,q2,2055,0.6394754971755785
C-WEU-ESP,Zone_3A Warm Humid,rur,q2,2055,0.6394754971755785
C-WEU-ESP,Zone_3A Warm Humid,urb,q2,2055,0.6394754971755785
C-WEU-ESP,Zone_3B Warm Dry,rur,q2,2055,0.6394754971755785
C-WEU-ESP,Zone_3B Warm Dry,urb,q2,2055,0.6394754971755785
C-WEU-ESP,Zone_2B Hot Dry,rur,q2,2055,0.6394754971755785
C-WEU-ESP,Zone_2B Hot Dry,urb,q2,2055,0.6394754971755785
C-WEU-FIN,Zone_6A Cold Humid,rur,q2,2055,0.09060419264972601
C-WEU-FIN,Zone_6A Cold Humid,urb,q2,2055,0.09060419264972601
C-WEU-FIN,Zone_7A Very cold Humid,rur,q2,2055,0.09060419264972601
C-WEU-FIN,Zone_7A Very cold Humid,urb,q2,2055,0.09060419264972601
C-WEU-FRA,Zone_4A Mixed Humid,rur,q2,2055,0.3216642454589167
C-WEU-FRA,Zone_4A Mixed Humid,urb,q2,2055,0.3216642454589167
C-WEU-FRA,Zone_5A Cool Humid,rur,q2,2055,0.3216642454589167
C-WEU-FRA,Zone_5A Cool Humid,urb,q2,2055,0.3216642454589167
C-WEU-FRA,Zone_3A Warm Humid,rur,q2,2055,0.3216642454589167
C-WEU-FRA,Zone_3A Warm Humid,urb,q2,2055,0.3216642454589167
C-WEU-FRA,Zone_7A Very cold Humid,rur,q2,2055,0.3216642454589167
C-WEU-FRA,Zone_7A Very cold Humid,urb,q2,2055,0.3216642454589167
C-WEU-FRA,Zone_4C Mixed Marine,rur,q2,2055,0.3216642454589167
C-WEU-FRA,Zone_4C Mixed Marine,urb,q2,2055,0.3216642454589167
C-WEU-FRA,Zone_3C Warm Marine,rur,q2,2055,0.3216642454589167
C-WEU-FRA,Zone_3C Warm Marine,urb,q2,2055,0.3216642454589167
C-WEU-FRA,Zone_1A Very hot Humid,rur,q2,2055,0.3216642454589167
C-WEU-FRA,Zone_1A Very hot Humid,urb,q2,2055,0.3216642454589167
C-WEU-FRA,Zone_2A Hot Humid,rur,q2,2055,0.3216642454589167
C-WEU-FRA,Zone_2A Hot Humid,urb,q2,2055,0.3216642454589167
C-WEU-FRA,Zone_0A Extremely hot Humid,rur,q2,2055,0.3216642454589167
C-WEU-FRA,Zone_0A Extremely hot Humid,urb,q2,2055,0.3216642454589167
C-EEU-HRV,Zone_4A Mixed Humid,rur,q2,2055,0.3409732103671749
C-EEU-HRV,Zone_4A Mixed Humid,urb,q2,2055,0.3409732103671749
C-EEU-HRV,Zone_5A Cool Humid,rur,q2,2055,0.3409732103671749
C-EEU-HRV,Zone_5A Cool Humid,urb,q2,2055,0.3409732103671749
C-EEU-HRV,Zone_4C Mixed Marine,rur,q2,2055,0.3409732103671749
C-EEU-HRV,Zone_4C Mixed Marine,urb,q2,2055,0.3409732103671749
C-EEU-HRV,Zone_3A Warm Humid,rur,q2,2055,0.3409732103671749
C-EEU-HRV,Zone_3A Warm Humid,urb,q2,2055,0.3409732103671749
C-EEU-HUN,Zone_4A Mixed Humid,rur,q2,2055,0.4208436699502951
C-EEU-HUN,Zone_4A Mixed Humid,urb,q2,2055,0.4208436699502951
C-EEU-HUN,Zone_5A Cool Humid,rur,q2,2055,0.4208436699502951
C-EEU-HUN,Zone_5A Cool Humid,urb,q2,2055,0.4208436699502951
C-WEU-IRL,Zone_5A Cool Humid,rur,q2,2055,0.051794456828999996
C-WEU-IRL,Zone_5A Cool Humid,urb,q2,2055,0.051794456828999996
C-WEU-IRL,Zone_4A Mixed Humid,rur,q2,2055,0.051794456828999996
C-WEU-IRL,Zone_4A Mixed Humid,urb,q2,2055,0.051794456828999996
C-WEU-ITA,Zone_4A Mixed Humid,rur,q2,2055,0.5529632305578024
C-WEU-ITA,Zone_4A Mixed Humid,urb,q2,2055,0.5529632305578024
C-WEU-ITA,Zone_5A Cool Humid,rur,q2,2055,0.5529632305578024
C-WEU-ITA,Zone_5A Cool Humid,urb,q2,2055,0.5529632305578024
C-WEU-ITA,Zone_7A Very cold Humid,rur,q2,2055,0.5529632305578024
C-WEU-ITA,Zone_7A Very cold Humid,urb,q2,2055,0.5529632305578024
C-WEU-ITA,Zone_6A Cold Humid,rur,q2,2055,0.5529632305578024
C-WEU-ITA,Zone_6A Cold Humid,urb,q2,2055,0.5529632305578024
C-WEU-ITA,Zone_3A Warm Humid,rur,q2,2055,0.5529632305578024
C-WEU-ITA,Zone_3A Warm Humid,urb,q2,2055,0.5529632305578024
C-WEU-ITA,Zone_4C Mixed Marine,rur,q2,2055,0.5529632305578024
C-WEU-ITA,Zone_4C Mixed Marine,urb,q2,2055,0.5529632305578024
C-WEU-ITA,Zone_5C Cool Marine,rur,q2,2055,0.5529632305578024
C-WEU-ITA,Zone_5C Cool Marine,urb,q2,2055,0.5529632305578024
C-EEU-LTU,Zone_6A Cold Humid,rur,q2,2055,0.170903232304
C-EEU-LTU,Zone_6A Cold Humid,urb,q2,2055,0.170903232304
C-EEU-LTU,Zone_5A Cool Humid,rur,q2,2055,0.170903232304
C-EEU-LTU,Zone_5A Cool Humid,urb,q2,2055,0.170903232304
C-WEU-LUX,Zone_5A Cool Humid,rur,q2,2055,0.17273667340999999
C-WEU-LUX,Zone_5A Cool Humid,urb,q2,2055,0.17273667340999999
C-EEU-LVA,Zone_6A Cold Humid,rur,q2,2055,0.140134470745
C-EEU-LVA,Zone_6A Cold Humid,urb,q2,2055,0.140134470745
C-WEU-MLT,Zone_3A Warm Humid,rur,q2,2055,0.88312588968
C-WEU-MLT,Zone_3A Warm Humid,urb,q2,2055,0.88312588968
C-WEU-NLD,Zone_5A Cool Humid,rur,q2,2055,0.1565311647480865
C-WEU-NLD,Zone_5A Cool Humid,urb,q2,2055,0.1565311647480865
C-WEU-NLD,Zone_4A Mixed Humid,rur,q2,2055,0.1565311647480865
C-WEU-NLD,Zone_4A Mixed Humid,urb,q2,2055,0.1565311647480865
C-EEU-POL,Zone_5A Cool Humid,rur,q2,2055,0.23058125203
C-EEU-POL,Zone_5A Cool Humid,urb,q2,2055,0.23058125203
C-EEU-POL,Zone_6A Cold Humid,rur,q2,2055,0.23058125203
C-EEU-POL,Zone_6A Cold Humid,urb,q2,2055,0.23058125203
C-WEU-PRT,Zone_3C Warm Marine,rur,q2,2055,0.5229014326912451
C-WEU-PRT,Zone_3C Warm Marine,urb,q2,2055,0.5229014326912451
C-WEU-PRT,Zone_4C Mixed Marine,rur,q2,2055,0.5229014326912451
C-WEU-PRT,Zone_4C Mixed Marine,urb,q2,2055,0.5229014326912451
C-WEU-PRT,Zone_4A Mixed Humid,rur,q2,2055,0.5229014326912451
C-WEU-PRT,Zone_4A Mixed Humid,urb,q2,2055,0.5229014326912451
C-WEU-PRT,Zone_3A Warm Humid,rur,q2,2055,0.5229014326912451
C-WEU-PRT,Zone_3A Warm Humid,urb,q2,2055,0.5229014326912451
C-EEU-ROU,Zone_5A Cool Humid,rur,q2,2055,0.3531296565635373
C-EEU-ROU,Zone_5A Cool Humid,urb,q2,2055,0.3531296565635373
C-EEU-ROU,Zone_6A Cold Humid,rur,q2,2055,0.3531296565635373
C-EEU-ROU,Zone_6A Cold Humid,urb,q2,2055,0.3531296565635373
C-EEU-ROU,Zone_4A Mixed Humid,rur,q2,2055,0.3531296565635373
C-EEU-ROU,Zone_4A Mixed Humid,urb,q2,2055,0.3531296565635373
C-WEU-SWE,Zone_6A Cold Humid,rur,q2,2055,0.11891148378636095
C-WEU-SWE,Zone_6A Cold Humid,urb,q2,2055,0.11891148378636095
C-WEU-SWE,Zone_5A Cool Humid,rur,q2,2055,0.11891148378636095
C-WEU-SWE,Zone_5A Cool Humid,urb,q2,2055,0.11891148378636095
C-WEU-SWE,Zone_7A Very cold Humid,rur,q2,2055,0.11891148378636095
C-WEU-SWE,Zone_7A Very cold Humid,urb,q2,2055,0.11891148378636095
C-WEU-SWE,Zone_8A Subarctic/arctic Humid,rur,q2,2055,0.11891148378636095
C-WEU-SWE,Zone_8A Subarctic/arctic Humid,urb,q2,2055,0.11891148378636095
C-EEU-SVN,Zone_4A Mixed Humid,rur,q2,2055,0.1562525324330198
C-EEU-SVN,Zone_4A Mixed Humid,urb,q2,2055,0.1562525324330198
C-EEU-SVN,Zone_5A Cool Humid,rur,q2,2055,0.1562525324330198
C-EEU-SVN,Zone_5A Cool Humid,urb,q2,2055,0.1562525324330198
C-EEU-SVN,Zone_7A Very cold Humid,rur,q2,2055,0.1562525324330198
C-EEU-SVN,Zone_7A Very cold Humid,urb,q2,2055,0.1562525324330198
C-EEU-SVK,Zone_5A Cool Humid,rur,q2,2055,0.24716358228118102
C-EEU-SVK,Zone_5A Cool Humid,urb,q2,2055,0.24716358228118102
C-EEU-SVK,Zone_6A Cold Humid,rur,q2,2055,0.24716358228118102
C-EEU-SVK,Zone_6A Cold Humid,urb,q2,2055,0.24716358228118102
C-WEU-AUT,Zone_5A Cool Humid,rur,q3,2055,0.22602684664174333
C-WEU-AUT,Zone_5A Cool Humid,urb,q3,2055,0.22602684664174333
C-WEU-AUT,Zone_4A Mixed Humid,rur,q3,2055,0.22602684664174333
C-WEU-AUT,Zone_4A Mixed Humid,urb,q3,2055,0.22602684664174333
C-WEU-AUT,Zone_6A Cold Humid,rur,q3,2055,0.22602684664174333
C-WEU-AUT,Zone_6A Cold Humid,urb,q3,2055,0.22602684664174333
C-WEU-AUT,Zone_7A Very cold Humid,rur,q3,2055,0.22602684664174333
C-WEU-AUT,Zone_7A Very cold Humid,urb,q3,2055,0.22602684664174333
C-WEU-BEL,Zone_4A Mixed Humid,rur,q3,2055,0.1941915905798
C-WEU-BEL,Zone_4A Mixed Humid,urb,q3,2055,0.1941915905798
C-WEU-BEL,Zone_5A Cool Humid,rur,q3,2055,0.1941915905798
C-WEU-BEL,Zone_5A Cool Humid,urb,q3,2055,0.1941915905798
C-EEU-BGR,Zone_4A Mixed Humid,rur,q3,2055,0.43927498390069775
C-EEU-BGR,Zone_4A Mixed Humid,urb,q3,2055,0.43927498390069775
C-EEU-BGR,Zone_5A Cool Humid,rur,q3,2055,0.43927498390069775
C-EEU-BGR,Zone_5A Cool Humid,urb,q3,2055,0.43927498390069775
C-WEU-CYP,Zone_3A Warm Humid,rur,q3,2055,0.863829830258
C-WEU-CYP,Zone_3A Warm Humid,urb,q3,2055,0.863829830258
C-EEU-CZE,Zone_5A Cool Humid,rur,q3,2055,0.2130591
C-EEU-CZE,Zone_5A Cool Humid,urb,q3,2055,0.2130591
C-WEU-DEU,Zone_5A Cool Humid,rur,q3,2055,0.2338974626283013
C-WEU-DEU,Zone_5A Cool Humid,urb,q3,2055,0.2338974626283013
C-WEU-DEU,Zone_4A Mixed Humid,rur,q3,2055,0.2338974626283013
C-WEU-DEU,Zone_4A Mixed Humid,urb,q3,2055,0.2338974626283013
C-WEU-DEU,Zone_6A Cold Humid,rur,q3,2055,0.2338974626283013
C-WEU-DEU,Zone_6A Cold Humid,urb,q3,2055,0.2338974626283013
C-WEU-DNK,Zone_5A Cool Humid,rur,q3,2055,0.1184336424
C-WEU-DNK,Zone_5A Cool Humid,urb,q3,2055,0.1184336424
C-EEU-EST,Zone_6A Cold Humid,rur,q3,2055,0.103319180826
C-EEU-EST,Zone_6A Cold Humid,urb,q3,2055,0.103319180826
C-WEU-GRC,Zone_3A Warm Humid,rur,q3,2055,0.6992024637404297
C-WEU-GRC,Zone_3A Warm Humid,urb,q3,2055,0.6992024637404297
C-WEU-GRC,Zone_4A Mixed Humid,rur,q3,2055,0.6992024637404297
C-WEU-GRC,Zone_4A Mixed Humid,urb,q3,2055,0.6992024637404297
C-WEU-GRC,Zone_4C Mixed Marine,rur,q3,2055,0.6992024637404297
C-WEU-GRC,Zone_4C Mixed Marine,urb,q3,2055,0.6992024637404297
C-WEU-GRC,Zone_5C Cool Marine,rur,q3,2055,0.6992024637404297
C-WEU-GRC,Zone_5C Cool Marine,urb,q3,2055,0.6992024637404297
C-WEU-GRC,Zone_5A Cool Humid,rur,q3,2055,0.6992024637404297
C-WEU-GRC,Zone_5A Cool Humid,urb,q3,2055,0.6992024637404297
C-WEU-ESP,Zone_3C Warm Marine,rur,q3,2055,0.6444863549990192
C-WEU-ESP,Zone_3C Warm Marine,urb,q3,2055,0.6444863549990192
C-WEU-ESP,Zone_4C Mixed Marine,rur,q3,2055,0.6444863549990192
C-WEU-ESP,Zone_4C Mixed Marine,urb,q3,2055,0.6444863549990192
C-WEU-ESP,Zone_4A Mixed Humid,rur,q3,2055,0.6444863549990192
C-WEU-ESP,Zone_4A Mixed Humid,urb,q3,2055,0.6444863549990192
C-WEU-ESP,Zone_3A Warm Humid,rur,q3,2055,0.6444863549990192
C-WEU-ESP,Zone_3A Warm Humid,urb,q3,2055,0.6444863549990192
C-WEU-ESP,Zone_3B Warm Dry,rur,q3,2055,0.6444863549990192
C-WEU-ESP,Zone_3B Warm Dry,urb,q3,2055,0.6444863549990192
C-WEU-ESP,Zone_2B Hot Dry,rur,q3,2055,0.6444863549990192
C-WEU-ESP,Zone_2B Hot Dry,urb,q3,2055,0.6444863549990192
C-WEU-FIN,Zone_6A Cold Humid,rur,q3,2055,0.09063581200887126
C-WEU-FIN,Zone_6A Cold Humid,urb,q3,2055,0.09063581200887126
C-WEU-FIN,Zone_7A Very cold Humid,rur,q3,2055,0.09063581200887126
C-WEU-FIN,Zone_7A Very cold Humid,urb,q3,2055,0.09063581200887126
C-WEU-FRA,Zone_4A Mixed Humid,rur,q3,2055,0.32214961838205036
C-WEU-FRA,Zone_4A Mixed Humid,urb,q3,2055,0.32214961838205036
C-WEU-FRA,Zone_5A Cool Humid,rur,q3,2055,0.32214961838205036
C-WEU-FRA,Zone_5A Cool Humid,urb,q3,2055,0.32214961838205036
C-WEU-FRA,Zone_3A Warm Humid,rur,q3,2055,0.32214961838205036
C-WEU-FRA,Zone_3A Warm Humid,urb,q3,2055,0.32214961838205036
C-WEU-FRA,Zone_7A Very cold Humid,rur,q3,2055,0.32214961838205036
C-WEU-FRA,Zone_7A Very cold Humid,urb,q3,2055,0.32214961838205036
C-WEU-FRA,Zone_4C Mixed Marine,rur,q3,2055,0.32214961838205036
C-WEU-FRA,Zone_4C Mixed Marine,urb,q3,2055,0.32214961838205036
C-WEU-FRA,Zone_3C Warm Marine,rur,q3,2055,0.32214961838205036
C-WEU-FRA,Zone_3C Warm Marine,urb,q3,2055,0.32214961838205036
C-WEU-FRA,Zone_1A Very hot Humid,rur,q3,2055,0.32214961838205036
C-WEU-FRA,Zone_1A Very hot Humid,urb,q3,2055,0.32214961838205036
C-WEU-FRA,Zone_2A Hot Humid,rur,q3,2055,0.32214961838205036
C-WEU-FRA,Zone_2A Hot Humid,urb,q3,2055,0.32214961838205036
C-WEU-FRA,Zone_0A Extremely hot Humid,rur,q3,2055,0.32214961838205036
C-WEU-FRA,Zone_0A Extremely hot Humid,urb,q3,2055,0.32214961838205036
C-EEU-HRV,Zone_4A Mixed Humid,rur,q3,2055,0.5991903691668744
C-EEU-HRV,Zone_4A Mixed Humid,urb,q3,2055,0.5991903691668744
C-EEU-HRV,Zone_5A Cool Humid,rur,q3,2055,0.5991903691668744
C-EEU-HRV,Zone_5A Cool Humid,urb,q3,2055,0.5991903691668744
C-EEU-HRV,Zone_4C Mixed Marine,rur,q3,2055,0.5991903691668744
C-EEU-HRV,Zone_4C Mixed Marine,urb,q3,2055,0.5991903691668744
C-EEU-HRV,Zone_3A Warm Humid,rur,q3,2055,0.5991903691668744
C-EEU-HRV,Zone_3A Warm Humid,urb,q3,2055,0.5991903691668744
C-EEU-HUN,Zone_4A Mixed Humid,rur,q3,2055,0.4242538356795798
C-EEU-HUN,Zone_4A Mixed Humid,urb,q3,2055,0.4242538356795798
C-EEU-HUN,Zone_5A Cool Humid,rur,q3,2055,0.4242538356795798
C-EEU-HUN,Zone_5A Cool Humid,urb,q3,2055,0.4242538356795798
C-WEU-IRL,Zone_5A Cool Humid,rur,q3,2055,0.051826295717999994
C-WEU-IRL,Zone_5A Cool Humid,urb,q3,2055,0.051826295717999994
C-WEU-IRL,Zone_4A Mixed Humid,rur,q3,2055,0.051826295717999994
C-WEU-IRL,Zone_4A Mixed Humid,urb,q3,2055,0.051826295717999994
C-WEU-ITA,Zone_4A Mixed Humid,rur,q3,2055,0.5561817599929917
C-WEU-ITA,Zone_4A Mixed Humid,urb,q3,2055,0.5561817599929917
C-WEU-ITA,Zone_5A Cool Humid,rur,q3,2055,0.5561817599929917
C-WEU-ITA,Zone_5A Cool Humid,urb,q3,2055,0.5561817599929917
C-WEU-ITA,Zone_7A Very cold Humid,rur,q3,2055,0.5561817599929917
C-WEU-ITA,Zone_7A Very cold Humid,urb,q3,2055,0.5561817599929917
C-WEU-ITA,Zone_6A Cold Humid,rur,q3,2055,0.5561817599929917
C-WEU-ITA,Zone_6A Cold Humid,urb,q3,2055,0.5561817599929917
C-WEU-ITA,Zone_3A Warm Humid,rur,q3,2055,0.5561817599929917
C-WEU-ITA,Zone_3A Warm Humid,urb,q3,2055,0.5561817599929917
C-WEU-ITA,Zone_4C Mixed Marine,rur,q3,2055,0.5561817599929917
C-WEU-ITA,Zone_4C Mixed Marine,urb,q3,2055,0.5561817599929917
C-WEU-ITA,Zone_5C Cool Marine,rur,q3,2055,0.5561817599929917
C-WEU-ITA,Zone_5C Cool Marine,urb,q3,2055,0.5561817599929917
C-EEU-LTU,Zone_6A Cold Humid,rur,q3,2055,0.172605342352
C-EEU-LTU,Zone_6A Cold Humid,urb,q3,2055,0.172605342352
C-EEU-LTU,Zone_5A Cool Humid,rur,q3,2055,0.172605342352
C-EEU-LTU,Zone_5A Cool Humid,urb,q3,2055,0.172605342352
C-WEU-LUX,Zone_5A Cool Humid,rur,q3,2055,0.17273689999999997
C-WEU-LUX,Zone_5A Cool Humid,urb,q3,2055,0.17273689999999997
C-EEU-LVA,Zone_6A Cold Humid,rur,q3,2055,0.14188667849499997
C-EEU-LVA,Zone_6A Cold Humid,urb,q3,2055,0.14188667849499997
C-WEU-MLT,Zone_3A Warm Humid,rur,q3,2055,0.8834127307599999
C-WEU-MLT,Zone_3A Warm Humid,urb,q3,2055,0.8834127307599999
C-WEU-NLD,Zone_5A Cool Humid,rur,q3,2055,0.1565431468538298
C-WEU-NLD,Zone_5A Cool Humid,urb,q3,2055,0.1565431468538298
C-WEU-NLD,Zone_4A Mixed Humid,rur,q3,2055,0.1565431468538298
C-WEU-NLD,Zone_4A Mixed Humid,urb,q3,2055,0.1565431468538298
C-EEU-POL,Zone_5A Cool Humid,rur,q3,2055,0.232214922044
C-EEU-POL,Zone_5A Cool Humid,urb,q3,2055,0.232214922044
C-EEU-POL,Zone_6A Cold Humid,rur,q3,2055,0.232214922044
C-EEU-POL,Zone_6A Cold Humid,urb,q3,2055,0.232214922044
C-WEU-PRT,Zone_3C Warm Marine,rur,q3,2055,0.5311283881971284
C-WEU-PRT,Zone_3C Warm Marine,urb,q3,2055,0.5311283881971284
C-WEU-PRT,Zone_4C Mixed Marine,rur,q3,2055,0.5311283881971284
C-WEU-PRT,Zone_4C Mixed Marine,urb,q3,2055,0.5311283881971284
C-WEU-PRT,Zone_4A Mixed Humid,rur,q3,2055,0.5311283881971284
C-WEU-PRT,Zone_4A Mixed Humid,urb,q3,2055,0.5311283881971284
C-WEU-PRT,Zone_3A Warm Humid,rur,q3,2055,0.5311283881971284
C-WEU-PRT,Zone_3A Warm Humid,urb,q3,2055,0.5311283881971284
C-EEU-ROU,Zone_5A Cool Humid,rur,q3,2055,0.3729058878380829
C-EEU-ROU,Zone_5A Cool Humid,urb,q3,2055,0.3729058878380829
C-EEU-ROU,Zone_6A Cold Humid,rur,q3,2055,0.3729058878380829
C-EEU-ROU,Zone_6A Cold Humid,urb,q3,2055,0.3729058878380829
C-EEU-ROU,Zone_4A Mixed Humid,rur,q3,2055,0.3729058878380829
C-EEU-ROU,Zone_4A Mixed Humid,urb,q3,2055,0.3729058878380829
C-WEU-SWE,Zone_6A Cold Humid,rur,q3,2055,0.11893247155210486
C-WEU-SWE,Zone_6A Cold Humid,urb,q3,2055,0.11893247155210486
C-WEU-SWE,Zone_5A Cool Humid,rur,q3,2055,0.11893247155210486
C-WEU-SWE,Zone_5A Cool Humid,urb,q3,2055,0.11893247155210486
C-WEU-SWE,Zone_7A Very cold Humid,rur,q3,2055,0.11893247155210486
C-WEU-SWE,Zone_7A Very cold Humid,urb,q3,2055,0.11893247155210486
C-WEU-SWE,Zone_8A Subarctic/arctic Humid,rur,q3,2055,0.11893247155210486
C-WEU-SWE,Zone_8A Subarctic/arctic Humid,urb,q3,2055,0.11893247155210486
C-EEU-SVN,Zone_4A Mixed Humid,rur,q3,2055,0.15674674576624453
C-EEU-SVN,Zone_4A Mixed Humid,urb,q3,2055,0.15674674576624453
C-EEU-SVN,Zone_5A Cool Humid,rur,q3,2055,0.15674674576624453
C-EEU-SVN,Zone_5A Cool Humid,urb,q3,2055,0.15674674576624453
C-EEU-SVN,Zone_7A Very cold Humid,rur,q3,2055,0.15674674576624453
C-EEU-SVN,Zone_7A Very cold Humid,urb,q3,2055,0.15674674576624453
C-EEU-SVK,Zone_5A Cool Humid,rur,q3,2055,0.24753104190394498
C-EEU-SVK,Zone_5A Cool Humid,urb,q3,2055,0.24753104190394498
C-EEU-SVK,Zone_6A Cold Humid,rur,q3,2055,0.24753104190394498
C-EEU-SVK,Zone_6A Cold Humid,urb,q3,2055,0.24753104190394498
C-WEU-AUT,Zone_5A Cool Humid,rur,q1,2060,0.22461604877124883
C-WEU-AUT,Zone_5A Cool Humid,urb,q1,2060,0.22461604877124883
C-WEU-AUT,Zone_4A Mixed Humid,rur,q1,2060,0.22461604877124883
C-WEU-AUT,Zone_4A Mixed Humid,urb,q1,2060,0.22461604877124883
C-WEU-AUT,Zone_6A Cold Humid,rur,q1,2060,0.22461604877124883
C-WEU-AUT,Zone_6A Cold Humid,urb,q1,2060,0.22461604877124883
C-WEU-AUT,Zone_7A Very cold Humid,rur,q1,2060,0.22461604877124883
C-WEU-AUT,Zone_7A Very cold Humid,urb,q1,2060,0.22461604877124883
C-WEU-BEL,Zone_4A Mixed Humid,rur,q1,2060,0.19377992814140002
C-WEU-BEL,Zone_4A Mixed Humid,urb,q1,2060,0.19377992814140002
C-WEU-BEL,Zone_5A Cool Humid,rur,q1,2060,0.19377992814140002
C-WEU-BEL,Zone_5A Cool Humid,urb,q1,2060,0.19377992814140002
C-EEU-BGR,Zone_4A Mixed Humid,rur,q1,2060,0.31704368097355157
C-EEU-BGR,Zone_4A Mixed Humid,urb,q1,2060,0.31704368097355157
C-EEU-BGR,Zone_5A Cool Humid,rur,q1,2060,0.31704368097355157
C-EEU-BGR,Zone_5A Cool Humid,urb,q1,2060,0.31704368097355157
C-WEU-CYP,Zone_3A Warm Humid,rur,q1,2060,0.483529888706
C-WEU-CYP,Zone_3A Warm Humid,urb,q1,2060,0.483529888706
C-EEU-CZE,Zone_5A Cool Humid,rur,q1,2060,0.210858744143
C-EEU-CZE,Zone_5A Cool Humid,urb,q1,2060,0.210858744143
C-WEU-DEU,Zone_5A Cool Humid,rur,q1,2060,0.22961020991174894
C-WEU-DEU,Zone_5A Cool Humid,urb,q1,2060,0.22961020991174894
C-WEU-DEU,Zone_4A Mixed Humid,rur,q1,2060,0.22961020991174894
C-WEU-DEU,Zone_4A Mixed Humid,urb,q1,2060,0.22961020991174894
C-WEU-DEU,Zone_6A Cold Humid,rur,q1,2060,0.22961020991174894
C-WEU-DEU,Zone_6A Cold Humid,urb,q1,2060,0.22961020991174894
C-WEU-DNK,Zone_5A Cool Humid,rur,q1,2060,0.11761265752000001
C-WEU-DNK,Zone_5A Cool Humid,urb,q1,2060,0.11761265752000001
C-EEU-EST,Zone_6A Cold Humid,rur,q1,2060,0.09993892110080001
C-EEU-EST,Zone_6A Cold Humid,urb,q1,2060,0.09993892110080001
C-WEU-GRC,Zone_3A Warm Humid,rur,q1,2060,0.6554140180532538
C-WEU-GRC,Zone_3A Warm Humid,urb,q1,2060,0.6554140180532538
C-WEU-GRC,Zone_4A Mixed Humid,rur,q1,2060,0.6554140180532538
C-WEU-GRC,Zone_4A Mixed Humid,urb,q1,2060,0.6554140180532538
C-WEU-GRC,Zone_4C Mixed Marine,rur,q1,2060,0.6554140180532538
C-WEU-GRC,Zone_4C Mixed Marine,urb,q1,2060,0.6554140180532538
C-WEU-GRC,Zone_5C Cool Marine,rur,q1,2060,0.6554140180532538
C-WEU-GRC,Zone_5C Cool Marine,urb,q1,2060,0.6554140180532538
C-WEU-GRC,Zone_5A Cool Humid,rur,q1,2060,0.6554140180532538
C-WEU-GRC,Zone_5A Cool Humid,urb,q1,2060,0.6554140180532538
C-WEU-ESP,Zone_3C Warm Marine,rur,q1,2060,0.5843428032609786
C-WEU-ESP,Zone_3C Warm Marine,urb,q1,2060,0.5843428032609786
C-WEU-ESP,Zone_4C Mixed Marine,rur,q1,2060,0.5843428032609786
C-WEU-ESP,Zone_4C Mixed Marine,urb,q1,2060,0.5843428032609786
C-WEU-ESP,Zone_4A Mixed Humid,rur,q1,2060,0.5843428032609786
C-WEU-ESP,Zone_4A Mixed Humid,urb,q1,2060,0.5843428032609786
C-WEU-ESP,Zone_3A Warm Humid,rur,q1,2060,0.5843428032609786
C-WEU-ESP,Zone_3A Warm Humid,urb,q1,2060,0.5843428032609786
C-WEU-ESP,Zone_3B Warm Dry,rur,q1,2060,0.5843428032609786
C-WEU-ESP,Zone_3B Warm Dry,urb,q1,2060,0.5843428032609786
C-WEU-ESP,Zone_2B Hot Dry,rur,q1,2060,0.5843428032609786
C-WEU-ESP,Zone_2B Hot Dry,urb,q1,2060,0.5843428032609786
C-WEU-FIN,Zone_6A Cold Humid,rur,q1,2060,0.08971862985295398
C-WEU-FIN,Zone_6A Cold Humid,urb,q1,2060,0.08971862985295398
C-WEU-FIN,Zone_7A Very cold Humid,rur,q1,2060,0.08971862985295398
C-WEU-FIN,Zone_7A Very cold Humid,urb,q1,2060,0.08971862985295398
C-WEU-FRA,Zone_4A Mixed Humid,rur,q1,2060,0.3147051706267547
C-WEU-FRA,Zone_4A Mixed Humid,urb,q1,2060,0.3147051706267547
C-WEU-FRA,Zone_5A Cool Humid,rur,q1,2060,0.3147051706267547
C-WEU-FRA,Zone_5A Cool Humid,urb,q1,2060,0.3147051706267547
C-WEU-FRA,Zone_3A Warm Humid,rur,q1,2060,0.3147051706267547
C-WEU-FRA,Zone_3A Warm Humid,urb,q1,2060,0.3147051706267547
C-WEU-FRA,Zone_7A Very cold Humid,rur,q1,2060,0.3147051706267547
C-WEU-FRA,Zone_7A Very cold Humid,urb,q1,2060,0.3147051706267547
C-WEU-FRA,Zone_4C Mixed Marine,rur,q1,2060,0.3147051706267547
C-WEU-FRA,Zone_4C Mixed Marine,urb,q1,2060,0.3147051706267547
C-WEU-FRA,Zone_3C Warm Marine,rur,q1,2060,0.3147051706267547
C-WEU-FRA,Zone_3C Warm Marine,urb,q1,2060,0.3147051706267547
C-WEU-FRA,Zone_1A Very hot Humid,rur,q1,2060,0.3147051706267547
C-WEU-FRA,Zone_1A Very hot Humid,urb,q1,2060,0.3147051706267547
C-WEU-FRA,Zone_2A Hot Humid,rur,q1,2060,0.3147051706267547
C-WEU-FRA,Zone_2A Hot Humid,urb,q1,2060,0.3147051706267547
C-WEU-FRA,Zone_0A Extremely hot Humid,rur,q1,2060,0.3147051706267547
C-WEU-FRA,Zone_0A Extremely hot Humid,urb,q1,2060,0.3147051706267547
C-EEU-HRV,Zone_4A Mixed Humid,rur,q1,2060,0.22570965627433462
C-EEU-HRV,Zone_4A Mixed Humid,urb,q1,2060,0.22570965627433462
C-EEU-HRV,Zone_5A Cool Humid,rur,q1,2060,0.22570965627433462
C-EEU-HRV,Zone_5A Cool Humid,urb,q1,2060,0.22570965627433462
C-EEU-HRV,Zone_4C Mixed Marine,rur,q1,2060,0.22570965627433462
C-EEU-HRV,Zone_4C Mixed Marine,urb,q1,2060,0.22570965627433462
C-EEU-HRV,Zone_3A Warm Humid,rur,q1,2060,0.22570965627433462
C-EEU-HRV,Zone_3A Warm Humid,urb,q1,2060,0.22570965627433462
C-EEU-HUN,Zone_4A Mixed Humid,rur,q1,2060,0.39010040673471813
C-EEU-HUN,Zone_4A Mixed Humid,urb,q1,2060,0.39010040673471813
C-EEU-HUN,Zone_5A Cool Humid,rur,q1,2060,0.39010040673471813
C-EEU-HUN,Zone_5A Cool Humid,urb,q1,2060,0.39010040673471813
C-WEU-IRL,Zone_5A Cool Humid,rur,q1,2060,0.0504352984488
C-WEU-IRL,Zone_5A Cool Humid,urb,q1,2060,0.0504352984488
C-WEU-IRL,Zone_4A Mixed Humid,rur,q1,2060,0.0504352984488
C-WEU-IRL,Zone_4A Mixed Humid,urb,q1,2060,0.0504352984488
C-WEU-ITA,Zone_4A Mixed Humid,rur,q1,2060,0.5074783330511845
C-WEU-ITA,Zone_4A Mixed Humid,urb,q1,2060,0.5074783330511845
C-WEU-ITA,Zone_5A Cool Humid,rur,q1,2060,0.5074783330511845
C-WEU-ITA,Zone_5A Cool Humid,urb,q1,2060,0.5074783330511845
C-WEU-ITA,Zone_7A Very cold Humid,rur,q1,2060,0.5074783330511845
C-WEU-ITA,Zone_7A Very cold Humid,urb,q1,2060,0.5074783330511845
C-WEU-ITA,Zone_6A Cold Humid,rur,q1,2060,0.5074783330511845
C-WEU-ITA,Zone_6A Cold Humid,urb,q1,2060,0.5074783330511845
C-WEU-ITA,Zone_3A Warm Humid,rur,q1,2060,0.5074783330511845
C-WEU-ITA,Zone_3A Warm Humid,urb,q1,2060,0.5074783330511845
C-WEU-ITA,Zone_4C Mixed Marine,rur,q1,2060,0.5074783330511845
C-WEU-ITA,Zone_4C Mixed Marine,urb,q1,2060,0.5074783330511845
C-WEU-ITA,Zone_5C Cool Marine,rur,q1,2060,0.5074783330511845
C-WEU-ITA,Zone_5C Cool Marine,urb,q1,2060,0.5074783330511845
C-EEU-LTU,Zone_6A Cold Humid,rur,q1,2060,0.12938318796530002
C-EEU-LTU,Zone_6A Cold Humid,urb,q1,2060,0.12938318796530002
C-EEU-LTU,Zone_5A Cool Humid,rur,q1,2060,0.12938318796530002
C-EEU-LTU,Zone_5A Cool Humid,urb,q1,2060,0.12938318796530002
C-WEU-LUX,Zone_5A Cool Humid,rur,q1,2060,0.172685602898
C-WEU-LUX,Zone_5A Cool Humid,urb,q1,2060,0.172685602898
C-EEU-LVA,Zone_6A Cold Humid,rur,q1,2060,0.1119862177283
C-EEU-LVA,Zone_6A Cold Humid,urb,q1,2060,0.1119862177283
C-WEU-MLT,Zone_3A Warm Humid,rur,q1,2060,0.87626502847
C-WEU-MLT,Zone_3A Warm Humid,urb,q1,2060,0.87626502847
C-WEU-NLD,Zone_5A Cool Humid,rur,q1,2060,0.1560154160097841
C-WEU-NLD,Zone_5A Cool Humid,urb,q1,2060,0.1560154160097841
C-WEU-NLD,Zone_4A Mixed Humid,rur,q1,2060,0.1560154160097841
C-WEU-NLD,Zone_4A Mixed Humid,urb,q1,2060,0.1560154160097841
C-EEU-POL,Zone_5A Cool Humid,rur,q1,2060,0.19504190837600002
C-EEU-POL,Zone_5A Cool Humid,urb,q1,2060,0.19504190837600002
C-EEU-POL,Zone_6A Cold Humid,rur,q1,2060,0.19504190837600002
C-EEU-POL,Zone_6A Cold Humid,urb,q1,2060,0.19504190837600002
C-WEU-PRT,Zone_3C Warm Marine,rur,q1,2060,0.4476464899178888
C-WEU-PRT,Zone_3C Warm Marine,urb,q1,2060,0.4476464899178888
C-WEU-PRT,Zone_4C Mixed Marine,rur,q1,2060,0.4476464899178888
C-WEU-PRT,Zone_4C Mixed Marine,urb,q1,2060,0.4476464899178888
C-WEU-PRT,Zone_4A Mixed Humid,rur,q1,2060,0.4476464899178888
C-WEU-PRT,Zone_4A Mixed Humid,urb,q1,2060,0.4476464899178888
C-WEU-PRT,Zone_3A Warm Humid,rur,q1,2060,0.4476464899178888
C-WEU-PRT,Zone_3A Warm Humid,urb,q1,2060,0.4476464899178888
C-EEU-ROU,Zone_5A Cool Humid,rur,q1,2060,0.29027484445457397
C-EEU-ROU,Zone_5A Cool Humid,urb,q1,2060,0.29027484445457397
C-EEU-ROU,Zone_6A Cold Humid,rur,q1,2060,0.29027484445457397
C-EEU-ROU,Zone_6A Cold Humid,urb,q1,2060,0.29027484445457397
C-EEU-ROU,Zone_4A Mixed Humid,rur,q1,2060,0.29027484445457397
C-EEU-ROU,Zone_4A Mixed Humid,urb,q1,2060,0.29027484445457397
C-WEU-SWE,Zone_6A Cold Humid,rur,q1,2060,0.1181950028856928
C-WEU-SWE,Zone_6A Cold Humid,urb,q1,2060,0.1181950028856928
C-WEU-SWE,Zone_5A Cool Humid,rur,q1,2060,0.1181950028856928
C-WEU-SWE,Zone_5A Cool Humid,urb,q1,2060,0.1181950028856928
C-WEU-SWE,Zone_7A Very cold Humid,rur,q1,2060,0.1181950028856928
C-WEU-SWE,Zone_7A Very cold Humid,urb,q1,2060,0.1181950028856928
C-WEU-SWE,Zone_8A Subarctic/arctic Humid,rur,q1,2060,0.1181950028856928
C-WEU-SWE,Zone_8A Subarctic/arctic Humid,urb,q1,2060,0.1181950028856928
C-EEU-SVN,Zone_4A Mixed Humid,rur,q1,2060,0.15032638196223289
C-EEU-SVN,Zone_4A Mixed Humid,urb,q1,2060,0.15032638196223289
C-EEU-SVN,Zone_5A Cool Humid,rur,q1,2060,0.15032638196223289
C-EEU-SVN,Zone_5A Cool Humid,urb,q1,2060,0.15032638196223289
C-EEU-SVN,Zone_7A Very cold Humid,rur,q1,2060,0.15032638196223289
C-EEU-SVN,Zone_7A Very cold Humid,urb,q1,2060,0.15032638196223289
C-EEU-SVK,Zone_5A Cool Humid,rur,q1,2060,0.21840569992771108
C-EEU-SVK,Zone_5A Cool Humid,urb,q1,2060,0.21840569992771108
C-EEU-SVK,Zone_6A Cold Humid,rur,q1,2060,0.21840569992771108
C-EEU-SVK,Zone_6A Cold Humid,urb,q1,2060,0.21840569992771108
C-WEU-AUT,Zone_5A Cool Humid,rur,q2,2060,0.22650261732312688
C-WEU-AUT,Zone_5A Cool Humid,urb,q2,2060,0.22650261732312688
C-WEU-AUT,Zone_4A Mixed Humid,rur,q2,2060,0.22650261732312688
C-WEU-AUT,Zone_4A Mixed Humid,urb,q2,2060,0.22650261732312688
C-WEU-AUT,Zone_6A Cold Humid,rur,q2,2060,0.22650261732312688
C-WEU-AUT,Zone_6A Cold Humid,urb,q2,2060,0.22650261732312688
C-WEU-AUT,Zone_7A Very cold Humid,rur,q2,2060,0.22650261732312688
C-WEU-AUT,Zone_7A Very cold Humid,urb,q2,2060,0.22650261732312688
C-WEU-BEL,Zone_4A Mixed Humid,rur,q2,2060,0.1941857546414
C-WEU-BEL,Zone_4A Mixed Humid,urb,q2,2060,0.1941857546414
C-WEU-BEL,Zone_5A Cool Humid,rur,q2,2060,0.1941857546414
C-WEU-BEL,Zone_5A Cool Humid,urb,q2,2060,0.1941857546414
C-EEU-BGR,Zone_4A Mixed Humid,rur,q2,2060,0.4375754162903509
C-EEU-BGR,Zone_4A Mixed Humid,urb,q2,2060,0.4375754162903509
C-EEU-BGR,Zone_5A Cool Humid,rur,q2,2060,0.4375754162903509
C-EEU-BGR,Zone_5A Cool Humid,urb,q2,2060,0.4375754162903509
C-WEU-CYP,Zone_3A Warm Humid,rur,q2,2060,0.81172977522
C-WEU-CYP,Zone_3A Warm Humid,urb,q2,2060,0.81172977522
C-EEU-CZE,Zone_5A Cool Humid,rur,q2,2060,0.213044308113
C-EEU-CZE,Zone_5A Cool Humid,urb,q2,2060,0.213044308113
C-WEU-DEU,Zone_5A Cool Humid,rur,q2,2060,0.23385332420150942
C-WEU-DEU,Zone_5A Cool Humid,urb,q2,2060,0.23385332420150942
C-WEU-DEU,Zone_4A Mixed Humid,rur,q2,2060,0.23385332420150942
C-WEU-DEU,Zone_4A Mixed Humid,urb,q2,2060,0.23385332420150942
C-WEU-DEU,Zone_6A Cold Humid,rur,q2,2060,0.23385332420150942
C-WEU-DEU,Zone_6A Cold Humid,urb,q2,2060,0.23385332420150942
C-WEU-DNK,Zone_5A Cool Humid,rur,q2,2060,0.11841083976000001
C-WEU-DNK,Zone_5A Cool Humid,urb,q2,2060,0.11841083976000001
C-EEU-EST,Zone_6A Cold Humid,rur,q2,2060,0.103270671717
C-EEU-EST,Zone_6A Cold Humid,urb,q2,2060,0.103270671717
C-WEU-GRC,Zone_3A Warm Humid,rur,q2,2060,0.6994340003647055
C-WEU-GRC,Zone_3A Warm Humid,urb,q2,2060,0.6994340003647055
C-WEU-GRC,Zone_4A Mixed Humid,rur,q2,2060,0.6994340003647055
C-WEU-GRC,Zone_4A Mixed Humid,urb,q2,2060,0.6994340003647055
C-WEU-GRC,Zone_4C Mixed Marine,rur,q2,2060,0.6994340003647055
C-WEU-GRC,Zone_4C Mixed Marine,urb,q2,2060,0.6994340003647055
C-WEU-GRC,Zone_5C Cool Marine,rur,q2,2060,0.6994340003647055
C-WEU-GRC,Zone_5C Cool Marine,urb,q2,2060,0.6994340003647055
C-WEU-GRC,Zone_5A Cool Humid,rur,q2,2060,0.6994340003647055
C-WEU-GRC,Zone_5A Cool Humid,urb,q2,2060,0.6994340003647055
C-WEU-ESP,Zone_3C Warm Marine,rur,q2,2060,0.6432936163870068
C-WEU-ESP,Zone_3C Warm Marine,urb,q2,2060,0.6432936163870068
C-WEU-ESP,Zone_4C Mixed Marine,rur,q2,2060,0.6432936163870068
C-WEU-ESP,Zone_4C Mixed Marine,urb,q2,2060,0.6432936163870068
C-WEU-ESP,Zone_4A Mixed Humid,rur,q2,2060,0.6432936163870068
C-WEU-ESP,Zone_4A Mixed Humid,urb,q2,2060,0.6432936163870068
C-WEU-ESP,Zone_3A Warm Humid,rur,q2,2060,0.6432936163870068
C-WEU-ESP,Zone_3A Warm Humid,urb,q2,2060,0.6432936163870068
C-WEU-ESP,Zone_3B Warm Dry,rur,q2,2060,0.6432936163870068
C-WEU-ESP,Zone_3B Warm Dry,urb,q2,2060,0.6432936163870068
C-WEU-ESP,Zone_2B Hot Dry,rur,q2,2060,0.6432936163870068
C-WEU-ESP,Zone_2B Hot Dry,urb,q2,2060,0.6432936163870068
C-WEU-FIN,Zone_6A Cold Humid,rur,q2,2060,0.09064842976221538
C-WEU-FIN,Zone_6A Cold Humid,urb,q2,2060,0.09064842976221538
C-WEU-FIN,Zone_7A Very cold Humid,rur,q2,2060,0.09064842976221538
C-WEU-FIN,Zone_7A Very cold Humid,urb,q2,2060,0.09064842976221538
C-WEU-FRA,Zone_4A Mixed Humid,rur,q2,2060,0.32214667282590853
C-WEU-FRA,Zone_4A Mixed Humid,urb,q2,2060,0.32214667282590853
C-WEU-FRA,Zone_5A Cool Humid,rur,q2,2060,0.32214667282590853
C-WEU-FRA,Zone_5A Cool Humid,urb,q2,2060,0.32214667282590853
C-WEU-FRA,Zone_3A Warm Humid,rur,q2,2060,0.32214667282590853
C-WEU-FRA,Zone_3A Warm Humid,urb,q2,2060,0.32214667282590853
C-WEU-FRA,Zone_7A Very cold Humid,rur,q2,2060,0.32214667282590853
C-WEU-FRA,Zone_7A Very cold Humid,urb,q2,2060,0.32214667282590853
C-WEU-FRA,Zone_4C Mixed Marine,rur,q2,2060,0.32214667282590853
C-WEU-FRA,Zone_4C Mixed Marine,urb,q2,2060,0.32214667282590853
C-WEU-FRA,Zone_3C Warm Marine,rur,q2,2060,0.32214667282590853
C-WEU-FRA,Zone_3C Warm Marine,urb,q2,2060,0.32214667282590853
C-WEU-FRA,Zone_1A Very hot Humid,rur,q2,2060,0.32214667282590853
C-WEU-FRA,Zone_1A Very hot Humid,urb,q2,2060,0.32214667282590853
C-WEU-FRA,Zone_2A Hot Humid,rur,q2,2060,0.32214667282590853
C-WEU-FRA,Zone_2A Hot Humid,urb,q2,2060,0.32214667282590853
C-WEU-FRA,Zone_0A Extremely hot Humid,rur,q2,2060,0.32214667282590853
C-WEU-FRA,Zone_0A Extremely hot Humid,urb,q2,2060,0.32214667282590853
C-EEU-HRV,Zone_4A Mixed Humid,rur,q2,2060,0.4546723379590533
C-EEU-HRV,Zone_4A Mixed Humid,urb,q2,2060,0.4546723379590533
C-EEU-HRV,Zone_5A Cool Humid,rur,q2,2060,0.4546723379590533
C-EEU-HRV,Zone_5A Cool Humid,urb,q2,2060,0.4546723379590533
C-EEU-HRV,Zone_4C Mixed Marine,rur,q2,2060,0.4546723379590533
C-EEU-HRV,Zone_4C Mixed Marine,urb,q2,2060,0.4546723379590533
C-EEU-HRV,Zone_3A Warm Humid,rur,q2,2060,0.4546723379590533
C-EEU-HRV,Zone_3A Warm Humid,urb,q2,2060,0.4546723379590533
C-EEU-HUN,Zone_4A Mixed Humid,rur,q2,2060,0.4225270727252715
C-EEU-HUN,Zone_4A Mixed Humid,urb,q2,2060,0.4225270727252715
C-EEU-HUN,Zone_5A Cool Humid,rur,q2,2060,0.4225270727252715
C-EEU-HUN,Zone_5A Cool Humid,urb,q2,2060,0.4225270727252715
C-WEU-IRL,Zone_5A Cool Humid,rur,q2,2060,0.05181041701599999
C-WEU-IRL,Zone_5A Cool Humid,urb,q2,2060,0.05181041701599999
C-WEU-IRL,Zone_4A Mixed Humid,rur,q2,2060,0.05181041701599999
C-WEU-IRL,Zone_4A Mixed Humid,urb,q2,2060,0.05181041701599999
C-WEU-ITA,Zone_4A Mixed Humid,rur,q2,2060,0.5536491986504782
C-WEU-ITA,Zone_4A Mixed Humid,urb,q2,2060,0.5536491986504782
C-WEU-ITA,Zone_5A Cool Humid,rur,q2,2060,0.5536491986504782
C-WEU-ITA,Zone_5A Cool Humid,urb,q2,2060,0.5536491986504782
C-WEU-ITA,Zone_7A Very cold Humid,rur,q2,2060,0.5536491986504782
C-WEU-ITA,Zone_7A Very cold Humid,urb,q2,2060,0.5536491986504782
C-WEU-ITA,Zone_6A Cold Humid,rur,q2,2060,0.5536491986504782
C-WEU-ITA,Zone_6A Cold Humid,urb,q2,2060,0.5536491986504782
C-WEU-ITA,Zone_3A Warm Humid,rur,q2,2060,0.5536491986504782
C-WEU-ITA,Zone_3A Warm Humid,urb,q2,2060,0.5536491986504782
C-WEU-ITA,Zone_4C Mixed Marine,rur,q2,2060,0.5536491986504782
C-WEU-ITA,Zone_4C Mixed Marine,urb,q2,2060,0.5536491986504782
C-WEU-ITA,Zone_5C Cool Marine,rur,q2,2060,0.5536491986504782
C-WEU-ITA,Zone_5C Cool Marine,urb,q2,2060,0.5536491986504782
C-EEU-LTU,Zone_6A Cold Humid,rur,q2,2060,0.17151346200300002
C-EEU-LTU,Zone_6A Cold Humid,urb,q2,2060,0.17151346200300002
C-EEU-LTU,Zone_5A Cool Humid,rur,q2,2060,0.17151346200300002
C-EEU-LTU,Zone_5A Cool Humid,urb,q2,2060,0.17151346200300002
C-WEU-LUX,Zone_5A Cool Humid,rur,q2,2060,0.17273671773200003
C-WEU-LUX,Zone_5A Cool Humid,urb,q2,2060,0.17273671773200003
C-EEU-LVA,Zone_6A Cold Humid,rur,q2,2060,0.14079012024099996
C-EEU-LVA,Zone_6A Cold Humid,urb,q2,2060,0.14079012024099996
C-WEU-MLT,Zone_3A Warm Humid,rur,q2,2060,0.88324067924
C-WEU-MLT,Zone_3A Warm Humid,urb,q2,2060,0.88324067924
C-WEU-NLD,Zone_5A Cool Humid,rur,q2,2060,0.15652929081464273
C-WEU-NLD,Zone_5A Cool Humid,urb,q2,2060,0.15652929081464273
C-WEU-NLD,Zone_4A Mixed Humid,rur,q2,2060,0.15652929081464273
C-WEU-NLD,Zone_4A Mixed Humid,urb,q2,2060,0.15652929081464273
C-EEU-POL,Zone_5A Cool Humid,rur,q2,2060,0.231241270034
C-EEU-POL,Zone_5A Cool Humid,urb,q2,2060,0.231241270034
C-EEU-POL,Zone_6A Cold Humid,rur,q2,2060,0.231241270034
C-EEU-POL,Zone_6A Cold Humid,urb,q2,2060,0.231241270034
C-WEU-PRT,Zone_3C Warm Marine,rur,q2,2060,0.5286770551109393
C-WEU-PRT,Zone_3C Warm Marine,urb,q2,2060,0.5286770551109393
C-WEU-PRT,Zone_4C Mixed Marine,rur,q2,2060,0.5286770551109393
C-WEU-PRT,Zone_4C Mixed Marine,urb,q2,2060,0.5286770551109393
C-WEU-PRT,Zone_4A Mixed Humid,rur,q2,2060,0.5286770551109393
C-WEU-PRT,Zone_4A Mixed Humid,urb,q2,2060,0.5286770551109393
C-WEU-PRT,Zone_3A Warm Humid,rur,q2,2060,0.5286770551109393
C-WEU-PRT,Zone_3A Warm Humid,urb,q2,2060,0.5286770551109393
C-EEU-ROU,Zone_5A Cool Humid,rur,q2,2060,0.36143601293938743
C-EEU-ROU,Zone_5A Cool Humid,urb,q2,2060,0.36143601293938743
C-EEU-ROU,Zone_6A Cold Humid,rur,q2,2060,0.36143601293938743
C-EEU-ROU,Zone_6A Cold Humid,urb,q2,2060,0.36143601293938743
C-EEU-ROU,Zone_4A Mixed Humid,rur,q2,2060,0.36143601293938743
C-EEU-ROU,Zone_4A Mixed Humid,urb,q2,2060,0.36143601293938743
C-WEU-SWE,Zone_6A Cold Humid,rur,q2,2060,0.11893634637613558
C-WEU-SWE,Zone_6A Cold Humid,urb,q2,2060,0.11893634637613558
C-WEU-SWE,Zone_5A Cool Humid,rur,q2,2060,0.11893634637613558
C-WEU-SWE,Zone_5A Cool Humid,urb,q2,2060,0.11893634637613558
C-WEU-SWE,Zone_7A Very cold Humid,rur,q2,2060,0.11893634637613558
C-WEU-SWE,Zone_7A Very cold Humid,urb,q2,2060,0.11893634637613558
C-WEU-SWE,Zone_8A Subarctic/arctic Humid,rur,q2,2060,0.11893634637613558
C-WEU-SWE,Zone_8A Subarctic/arctic Humid,urb,q2,2060,0.11893634637613558
C-EEU-SVN,Zone_4A Mixed Humid,rur,q2,2060,0.15651789819397957
C-EEU-SVN,Zone_4A Mixed Humid,urb,q2,2060,0.15651789819397957
C-EEU-SVN,Zone_5A Cool Humid,rur,q2,2060,0.15651789819397957
C-EEU-SVN,Zone_5A Cool Humid,urb,q2,2060,0.15651789819397957
C-EEU-SVN,Zone_7A Very cold Humid,rur,q2,2060,0.15651789819397957
C-EEU-SVN,Zone_7A Very cold Humid,urb,q2,2060,0.15651789819397957
C-EEU-SVK,Zone_5A Cool Humid,rur,q2,2060,0.24733262854548105
C-EEU-SVK,Zone_5A Cool Humid,urb,q2,2060,0.24733262854548105
C-EEU-SVK,Zone_6A Cold Humid,rur,q2,2060,0.24733262854548105
C-EEU-SVK,Zone_6A Cold Humid,urb,q2,2060,0.24733262854548105
C-WEU-AUT,Zone_5A Cool Humid,rur,q3,2060,0.2265223335773487
C-WEU-AUT,Zone_5A Cool Humid,urb,q3,2060,0.2265223335773487
C-WEU-AUT,Zone_4A Mixed Humid,rur,q3,2060,0.2265223335773487
C-WEU-AUT,Zone_4A Mixed Humid,urb,q3,2060,0.2265223335773487
C-WEU-AUT,Zone_6A Cold Humid,rur,q3,2060,0.2265223335773487
C-WEU-AUT,Zone_6A Cold Humid,urb,q3,2060,0.2265223335773487
C-WEU-AUT,Zone_7A Very cold Humid,rur,q3,2060,0.2265223335773487
C-WEU-AUT,Zone_7A Very cold Humid,urb,q3,2060,0.2265223335773487
C-WEU-BEL,Zone_4A Mixed Humid,rur,q3,2060,0.194191596103
C-WEU-BEL,Zone_4A Mixed Humid,urb,q3,2060,0.194191596103
C-WEU-BEL,Zone_5A Cool Humid,rur,q3,2060,0.194191596103
C-WEU-BEL,Zone_5A Cool Humid,urb,q3,2060,0.194191596103
C-EEU-BGR,Zone_4A Mixed Humid,rur,q3,2060,0.43883494765302405
C-EEU-BGR,Zone_4A Mixed Humid,urb,q3,2060,0.43883494765302405
C-EEU-BGR,Zone_5A Cool Humid,rur,q3,2060,0.43883494765302405
C-EEU-BGR,Zone_5A Cool Humid,urb,q3,2060,0.43883494765302405
C-WEU-CYP,Zone_3A Warm Humid,rur,q3,2060,0.864395743732
C-WEU-CYP,Zone_3A Warm Humid,urb,q3,2060,0.864395743732
C-EEU-CZE,Zone_5A Cool Humid,rur,q3,2060,0.2130591
C-EEU-CZE,Zone_5A Cool Humid,urb,q3,2060,0.2130591
C-WEU-DEU,Zone_5A Cool Humid,rur,q3,2060,0.23389857028059938
C-WEU-DEU,Zone_5A Cool Humid,urb,q3,2060,0.23389857028059938
C-WEU-DEU,Zone_4A Mixed Humid,rur,q3,2060,0.23389857028059938
C-WEU-DEU,Zone_4A Mixed Humid,urb,q3,2060,0.23389857028059938
C-WEU-DEU,Zone_6A Cold Humid,rur,q3,2060,0.23389857028059938
C-WEU-DEU,Zone_6A Cold Humid,urb,q3,2060,0.23389857028059938
C-WEU-DNK,Zone_5A Cool Humid,rur,q3,2060,0.11843374726000001
C-WEU-DNK,Zone_5A Cool Humid,urb,q3,2060,0.11843374726000001
C-EEU-EST,Zone_6A Cold Humid,rur,q3,2060,0.1033192
C-EEU-EST,Zone_6A Cold Humid,urb,q3,2060,0.1033192
C-WEU-GRC,Zone_3A Warm Humid,rur,q3,2060,0.698243128453101
C-WEU-GRC,Zone_3A Warm Humid,urb,q3,2060,0.698243128453101
C-WEU-GRC,Zone_4A Mixed Humid,rur,q3,2060,0.698243128453101
C-WEU-GRC,Zone_4A Mixed Humid,urb,q3,2060,0.698243128453101
C-WEU-GRC,Zone_4C Mixed Marine,rur,q3,2060,0.698243128453101
C-WEU-GRC,Zone_4C Mixed Marine,urb,q3,2060,0.698243128453101
C-WEU-GRC,Zone_5C Cool Marine,rur,q3,2060,0.698243128453101
C-WEU-GRC,Zone_5C Cool Marine,urb,q3,2060,0.698243128453101
C-WEU-GRC,Zone_5A Cool Humid,rur,q3,2060,0.698243128453101
C-WEU-GRC,Zone_5A Cool Humid,urb,q3,2060,0.698243128453101
C-WEU-ESP,Zone_3C Warm Marine,rur,q3,2060,0.6458698779102825
C-WEU-ESP,Zone_3C Warm Marine,urb,q3,2060,0.6458698779102825
C-WEU-ESP,Zone_4C Mixed Marine,rur,q3,2060,0.6458698779102825
C-WEU-ESP,Zone_4C Mixed Marine,urb,q3,2060,0.6458698779102825
C-WEU-ESP,Zone_4A Mixed Humid,rur,q3,2060,0.6458698779102825
C-WEU-ESP,Zone_4A Mixed Humid,urb,q3,2060,0.6458698779102825
C-WEU-ESP,Zone_3A Warm Humid,rur,q3,2060,0.6458698779102825
C-WEU-ESP,Zone_3A Warm Humid,urb,q3,2060,0.6458698779102825
C-WEU-ESP,Zone_3B Warm Dry,rur,q3,2060,0.6458698779102825
C-WEU-ESP,Zone_3B Warm Dry,urb,q3,2060,0.6458698779102825
C-WEU-ESP,Zone_2B Hot Dry,rur,q3,2060,0.6458698779102825
C-WEU-ESP,Zone_2B Hot Dry,urb,q3,2060,0.6458698779102825
C-WEU-FIN,Zone_6A Cold Humid,rur,q3,2060,0.09066591970103006
C-WEU-FIN,Zone_6A Cold Humid,urb,q3,2060,0.09066591970103006
C-WEU-FIN,Zone_7A Very cold Humid,rur,q3,2060,0.09066591970103006
C-WEU-FIN,Zone_7A Very cold Humid,urb,q3,2060,0.09066591970103006
C-WEU-FRA,Zone_4A Mixed Humid,rur,q3,2060,0.3223838238045982
C-WEU-FRA,Zone_4A Mixed Humid,urb,q3,2060,0.3223838238045982
C-WEU-FRA,Zone_5A Cool Humid,rur,q3,2060,0.3223838238045982
C-WEU-FRA,Zone_5A Cool Humid,urb,q3,2060,0.3223838238045982
C-WEU-FRA,Zone_3A Warm Humid,rur,q3,2060,0.3223838238045982
C-WEU-FRA,Zone_3A Warm Humid,urb,q3,2060,0.3223838238045982
C-WEU-FRA,Zone_7A Very cold Humid,rur,q3,2060,0.3223838238045982
C-WEU-FRA,Zone_7A Very cold Humid,urb,q3,2060,0.3223838238045982
C-WEU-FRA,Zone_4C Mixed Marine,rur,q3,2060,0.3223838238045982
C-WEU-FRA,Zone_4C Mixed Marine,urb,q3,2060,0.3223838238045982
C-WEU-FRA,Zone_3C Warm Marine,rur,q3,2060,0.3223838238045982
C-WEU-FRA,Zone_3C Warm Marine,urb,q3,2060,0.3223838238045982
C-WEU-FRA,Zone_1A Very hot Humid,rur,q3,2060,0.3223838238045982
C-WEU-FRA,Zone_1A Very hot Humid,urb,q3,2060,0.3223838238045982
C-WEU-FRA,Zone_2A Hot Humid,rur,q3,2060,0.3223838238045982
C-WEU-FRA,Zone_2A Hot Humid,urb,q3,2060,0.3223838238045982
C-WEU-FRA,Zone_0A Extremely hot Humid,rur,q3,2060,0.3223838238045982
C-WEU-FRA,Zone_0A Extremely hot Humid,urb,q3,2060,0.3223838238045982
C-EEU-HRV,Zone_4A Mixed Humid,rur,q3,2060,0.586198701789189
C-EEU-HRV,Zone_4A Mixed Humid,urb,q3,2060,0.586198701789189
C-EEU-HRV,Zone_5A Cool Humid,rur,q3,2060,0.586198701789189
C-EEU-HRV,Zone_5A Cool Humid,urb,q3,2060,0.586198701789189
C-EEU-HRV,Zone_4C Mixed Marine,rur,q3,2060,0.586198701789189
C-EEU-HRV,Zone_4C Mixed Marine,urb,q3,2060,0.586198701789189
C-EEU-HRV,Zone_3A Warm Humid,rur,q3,2060,0.586198701789189
C-EEU-HRV,Zone_3A Warm Humid,urb,q3,2060,0.586198701789189
C-EEU-HUN,Zone_4A Mixed Humid,rur,q3,2060,0.4242674581710652
C-EEU-HUN,Zone_4A Mixed Humid,urb,q3,2060,0.4242674581710652
C-EEU-HUN,Zone_5A Cool Humid,rur,q3,2060,0.4242674581710652
C-EEU-HUN,Zone_5A Cool Humid,urb,q3,2060,0.4242674581710652
C-WEU-IRL,Zone_5A Cool Humid,rur,q3,2060,0.051826297988199994
C-WEU-IRL,Zone_5A Cool Humid,urb,q3,2060,0.051826297988199994
C-WEU-IRL,Zone_4A Mixed Humid,rur,q3,2060,0.051826297988199994
C-WEU-IRL,Zone_4A Mixed Humid,urb,q3,2060,0.051826297988199994
C-WEU-ITA,Zone_4A Mixed Humid,rur,q3,2060,0.5553257210824224
C-WEU-ITA,Zone_4A Mixed Humid,urb,q3,2060,0.5553257210824224
C-WEU-ITA,Zone_5A Cool Humid,rur,q3,2060,0.5553257210824224
C-WEU-ITA,Zone_5A Cool Humid,urb,q3,2060,0.5553257210824224
C-WEU-ITA,Zone_7A Very cold Humid,rur,q3,2060,0.5553257210824224
C-WEU-ITA,Zone_7A Very cold Humid,urb,q3,2060,0.5553257210824224
C-WEU-ITA,Zone_6A Cold Humid,rur,q3,2060,0.5553257210824224
C-WEU-ITA,Zone_6A Cold Humid,urb,q3,2060,0.5553257210824224
C-WEU-ITA,Zone_3A Warm Humid,rur,q3,2060,0.5553257210824224
C-WEU-ITA,Zone_3A Warm Humid,urb,q3,2060,0.5553257210824224
C-WEU-ITA,Zone_4C Mixed Marine,rur,q3,2060,0.5553257210824224
C-WEU-ITA,Zone_4C Mixed Marine,urb,q3,2060,0.5553257210824224
C-WEU-ITA,Zone_5C Cool Marine,rur,q3,2060,0.5553257210824224
C-WEU-ITA,Zone_5C Cool Marine,urb,q3,2060,0.5553257210824224
C-EEU-LTU,Zone_6A Cold Humid,rur,q3,2060,0.172605381959
C-EEU-LTU,Zone_6A Cold Humid,urb,q3,2060,0.172605381959
C-EEU-LTU,Zone_5A Cool Humid,rur,q3,2060,0.172605381959
C-EEU-LTU,Zone_5A Cool Humid,urb,q3,2060,0.172605381959
C-WEU-LUX,Zone_5A Cool Humid,rur,q3,2060,0.17273690000000003
C-WEU-LUX,Zone_5A Cool Humid,urb,q3,2060,0.17273690000000003
C-EEU-LVA,Zone_6A Cold Humid,rur,q3,2060,0.141887036227
C-EEU-LVA,Zone_6A Cold Humid,urb,q3,2060,0.141887036227
C-WEU-MLT,Zone_3A Warm Humid,rur,q3,2060,0.8834130971199999
C-WEU-MLT,Zone_3A Warm Humid,urb,q3,2060,0.8834130971199999
C-WEU-NLD,Zone_5A Cool Humid,rur,q3,2060,0.15653534814627632
C-WEU-NLD,Zone_5A Cool Humid,urb,q3,2060,0.15653534814627632
C-WEU-NLD,Zone_4A Mixed Humid,rur,q3,2060,0.15653534814627632
C-WEU-NLD,Zone_4A Mixed Humid,urb,q3,2060,0.15653534814627632
C-EEU-POL,Zone_5A Cool Humid,rur,q3,2060,0.232215134663
C-EEU-POL,Zone_5A Cool Humid,urb,q3,2060,0.232215134663
C-EEU-POL,Zone_6A Cold Humid,rur,q3,2060,0.232215134663
C-EEU-POL,Zone_6A Cold Humid,urb,q3,2060,0.232215134663
C-WEU-PRT,Zone_3C Warm Marine,rur,q3,2060,0.5326329819883395
C-WEU-PRT,Zone_3C Warm Marine,urb,q3,2060,0.5326329819883395
C-WEU-PRT,Zone_4C Mixed Marine,rur,q3,2060,0.5326329819883395
C-WEU-PRT,Zone_4C Mixed Marine,urb,q3,2060,0.5326329819883395
C-WEU-PRT,Zone_4A Mixed Humid,rur,q3,2060,0.5326329819883395
C-WEU-PRT,Zone_4A Mixed Humid,urb,q3,2060,0.5326329819883395
C-WEU-PRT,Zone_3A Warm Humid,rur,q3,2060,0.5326329819883395
C-WEU-PRT,Zone_3A Warm Humid,urb,q3,2060,0.5326329819883395
C-EEU-ROU,Zone_5A Cool Humid,rur,q3,2060,0.3724498840918868
C-EEU-ROU,Zone_5A Cool Humid,urb,q3,2060,0.3724498840918868
C-EEU-ROU,Zone_6A Cold Humid,rur,q3,2060,0.3724498840918868
C-EEU-ROU,Zone_6A Cold Humid,urb,q3,2060,0.3724498840918868
C-EEU-ROU,Zone_4A Mixed Humid,rur,q3,2060,0.3724498840918868
C-EEU-ROU,Zone_4A Mixed Humid,urb,q3,2060,0.3724498840918868
C-WEU-SWE,Zone_6A Cold Humid,rur,q3,2060,0.11894862972380187
C-WEU-SWE,Zone_6A Cold Humid,urb,q3,2060,0.11894862972380187
C-WEU-SWE,Zone_5A Cool Humid,rur,q3,2060,0.11894862972380187
C-WEU-SWE,Zone_5A Cool Humid,urb,q3,2060,0.11894862972380187
C-WEU-SWE,Zone_7A Very cold Humid,rur,q3,2060,0.11894862972380187
C-WEU-SWE,Zone_7A Very cold Humid,urb,q3,2060,0.11894862972380187
C-WEU-SWE,Zone_8A Subarctic/arctic Humid,rur,q3,2060,0.11894862972380187
C-WEU-SWE,Zone_8A Subarctic/arctic Humid,urb,q3,2060,0.11894862972380187
C-EEU-SVN,Zone_4A Mixed Humid,rur,q3,2060,0.15677413237119686
C-EEU-SVN,Zone_4A Mixed Humid,urb,q3,2060,0.15677413237119686
C-EEU-SVN,Zone_5A Cool Humid,rur,q3,2060,0.15677413237119686
C-EEU-SVN,Zone_5A Cool Humid,urb,q3,2060,0.15677413237119686
C-EEU-SVN,Zone_7A Very cold Humid,rur,q3,2060,0.15677413237119686
C-EEU-SVN,Zone_7A Very cold Humid,urb,q3,2060,0.15677413237119686
C-EEU-SVK,Zone_5A Cool Humid,rur,q3,2060,0.24752383729183364
C-EEU-SVK,Zone_5A Cool Humid,urb,q3,2060,0.24752383729183364
C-EEU-SVK,Zone_6A Cold Humid,rur,q3,2060,0.24752383729183364
C-EEU-SVK,Zone_6A Cold Humid,urb,q3,2060,0.24752383729183364
C-WEU-AUT,Zone_5A Cool Humid,rur,q1,2065,0.22576079533009177
C-WEU-AUT,Zone_5A Cool Humid,urb,q1,2065,0.22576079533009177
C-WEU-AUT,Zone_4A Mixed Humid,rur,q1,2065,0.22576079533009177
C-WEU-AUT,Zone_4A Mixed Humid,urb,q1,2065,0.22576079533009177
C-WEU-AUT,Zone_6A Cold Humid,rur,q1,2065,0.22576079533009177
C-WEU-AUT,Zone_6A Cold Humid,urb,q1,2065,0.22576079533009177
C-WEU-AUT,Zone_7A Very cold Humid,rur,q1,2065,0.22576079533009177
C-WEU-AUT,Zone_7A Very cold Humid,urb,q1,2065,0.22576079533009177
C-WEU-BEL,Zone_4A Mixed Humid,rur,q1,2065,0.193935782141
C-WEU-BEL,Zone_4A Mixed Humid,urb,q1,2065,0.193935782141
C-WEU-BEL,Zone_5A Cool Humid,rur,q1,2065,0.193935782141
C-WEU-BEL,Zone_5A Cool Humid,urb,q1,2065,0.193935782141
C-EEU-BGR,Zone_4A Mixed Humid,rur,q1,2065,0.3459116377839432
C-EEU-BGR,Zone_4A Mixed Humid,urb,q1,2065,0.3459116377839432
C-EEU-BGR,Zone_5A Cool Humid,rur,q1,2065,0.3459116377839432
C-EEU-BGR,Zone_5A Cool Humid,urb,q1,2065,0.3459116377839432
C-WEU-CYP,Zone_3A Warm Humid,rur,q1,2065,0.5530735690490001
C-WEU-CYP,Zone_3A Warm Humid,urb,q1,2065,0.5530735690490001
C-EEU-CZE,Zone_5A Cool Humid,rur,q1,2065,0.211989305098
C-EEU-CZE,Zone_5A Cool Humid,urb,q1,2065,0.211989305098
C-WEU-DEU,Zone_5A Cool Humid,rur,q1,2065,0.23087658051669327
C-WEU-DEU,Zone_5A Cool Humid,urb,q1,2065,0.23087658051669327
C-WEU-DEU,Zone_4A Mixed Humid,rur,q1,2065,0.23087658051669327
C-WEU-DEU,Zone_4A Mixed Humid,urb,q1,2065,0.23087658051669327
C-WEU-DEU,Zone_6A Cold Humid,rur,q1,2065,0.23087658051669327
C-WEU-DEU,Zone_6A Cold Humid,urb,q1,2065,0.23087658051669327
C-WEU-DNK,Zone_5A Cool Humid,rur,q1,2065,0.117940340736
C-WEU-DNK,Zone_5A Cool Humid,urb,q1,2065,0.117940340736
C-EEU-EST,Zone_6A Cold Humid,rur,q1,2065,0.10151130879359999
C-EEU-EST,Zone_6A Cold Humid,urb,q1,2065,0.10151130879359999
C-WEU-GRC,Zone_3A Warm Humid,rur,q1,2065,0.6723968761635774
C-WEU-GRC,Zone_3A Warm Humid,urb,q1,2065,0.6723968761635774
C-WEU-GRC,Zone_4A Mixed Humid,rur,q1,2065,0.6723968761635774
C-WEU-GRC,Zone_4A Mixed Humid,urb,q1,2065,0.6723968761635774
C-WEU-GRC,Zone_4C Mixed Marine,rur,q1,2065,0.6723968761635774
C-WEU-GRC,Zone_4C Mixed Marine,urb,q1,2065,0.6723968761635774
C-WEU-GRC,Zone_5C Cool Marine,rur,q1,2065,0.6723968761635774
C-WEU-GRC,Zone_5C Cool Marine,urb,q1,2065,0.6723968761635774
C-WEU-GRC,Zone_5A Cool Humid,rur,q1,2065,0.6723968761635774
C-WEU-GRC,Zone_5A Cool Humid,urb,q1,2065,0.6723968761635774
C-WEU-ESP,Zone_3C Warm Marine,rur,q1,2065,0.6070577347506882
C-WEU-ESP,Zone_3C Warm Marine,urb,q1,2065,0.6070577347506882
C-WEU-ESP,Zone_4C Mixed Marine,rur,q1,2065,0.6070577347506882
C-WEU-ESP,Zone_4C Mixed Marine,urb,q1,2065,0.6070577347506882
C-WEU-ESP,Zone_4A Mixed Humid,rur,q1,2065,0.6070577347506882
C-WEU-ESP,Zone_4A Mixed Humid,urb,q1,2065,0.6070577347506882
C-WEU-ESP,Zone_3A Warm Humid,rur,q1,2065,0.6070577347506882
C-WEU-ESP,Zone_3A Warm Humid,urb,q1,2065,0.6070577347506882
C-WEU-ESP,Zone_3B Warm Dry,rur,q1,2065,0.6070577347506882
C-WEU-ESP,Zone_3B Warm Dry,urb,q1,2065,0.6070577347506882
C-WEU-ESP,Zone_2B Hot Dry,rur,q1,2065,0.6070577347506882
C-WEU-ESP,Zone_2B Hot Dry,urb,q1,2065,0.6070577347506882
C-WEU-FIN,Zone_6A Cold Humid,rur,q1,2065,0.09012481054924795
C-WEU-FIN,Zone_6A Cold Humid,urb,q1,2065,0.09012481054924795
C-WEU-FIN,Zone_7A Very cold Humid,rur,q1,2065,0.09012481054924795
C-WEU-FIN,Zone_7A Very cold Humid,urb,q1,2065,0.09012481054924795
C-WEU-FRA,Zone_4A Mixed Humid,rur,q1,2065,0.31751113349116256
C-WEU-FRA,Zone_4A Mixed Humid,urb,q1,2065,0.31751113349116256
C-WEU-FRA,Zone_5A Cool Humid,rur,q1,2065,0.31751113349116256
C-WEU-FRA,Zone_5A Cool Humid,urb,q1,2065,0.31751113349116256
C-WEU-FRA,Zone_3A Warm Humid,rur,q1,2065,0.31751113349116256
C-WEU-FRA,Zone_3A Warm Humid,urb,q1,2065,0.31751113349116256
C-WEU-FRA,Zone_7A Very cold Humid,rur,q1,2065,0.31751113349116256
C-WEU-FRA,Zone_7A Very cold Humid,urb,q1,2065,0.31751113349116256
C-WEU-FRA,Zone_4C Mixed Marine,rur,q1,2065,0.31751113349116256
C-WEU-FRA,Zone_4C Mixed Marine,urb,q1,2065,0.31751113349116256
C-WEU-FRA,Zone_3C Warm Marine,rur,q1,2065,0.31751113349116256
C-WEU-FRA,Zone_3C Warm Marine,urb,q1,2065,0.31751113349116256
C-WEU-FRA,Zone_1A Very hot Humid,rur,q1,2065,0.31751113349116256
C-WEU-FRA,Zone_1A Very hot Humid,urb,q1,2065,0.31751113349116256
C-WEU-FRA,Zone_2A Hot Humid,rur,q1,2065,0.31751113349116256
C-WEU-FRA,Zone_2A Hot Humid,urb,q1,2065,0.31751113349116256
C-WEU-FRA,Zone_0A Extremely hot Humid,rur,q1,2065,0.31751113349116256
C-WEU-FRA,Zone_0A Extremely hot Humid,urb,q1,2065,0.31751113349116256
C-EEU-HRV,Zone_4A Mixed Humid,rur,q1,2065,0.25475438483076324
C-EEU-HRV,Zone_4A Mixed Humid,urb,q1,2065,0.25475438483076324
C-EEU-HRV,Zone_5A Cool Humid,rur,q1,2065,0.25475438483076324
C-EEU-HRV,Zone_5A Cool Humid,urb,q1,2065,0.25475438483076324
C-EEU-HRV,Zone_4C Mixed Marine,rur,q1,2065,0.25475438483076324
C-EEU-HRV,Zone_4C Mixed Marine,urb,q1,2065,0.25475438483076324
C-EEU-HRV,Zone_3A Warm Humid,rur,q1,2065,0.25475438483076324
C-EEU-HRV,Zone_3A Warm Humid,urb,q1,2065,0.25475438483076324
C-EEU-HUN,Zone_4A Mixed Humid,rur,q1,2065,0.40216992130763585
C-EEU-HUN,Zone_4A Mixed Humid,urb,q1,2065,0.40216992130763585
C-EEU-HUN,Zone_5A Cool Humid,rur,q1,2065,0.40216992130763585
C-EEU-HUN,Zone_5A Cool Humid,urb,q1,2065,0.40216992130763585
C-WEU-IRL,Zone_5A Cool Humid,rur,q1,2065,0.0507831294065
C-WEU-IRL,Zone_5A Cool Humid,urb,q1,2065,0.0507831294065
C-WEU-IRL,Zone_4A Mixed Humid,rur,q1,2065,0.0507831294065
C-WEU-IRL,Zone_4A Mixed Humid,urb,q1,2065,0.0507831294065
C-WEU-ITA,Zone_4A Mixed Humid,rur,q1,2065,0.5224317795010047
C-WEU-ITA,Zone_4A Mixed Humid,urb,q1,2065,0.5224317795010047
C-WEU-ITA,Zone_5A Cool Humid,rur,q1,2065,0.5224317795010047
C-WEU-ITA,Zone_5A Cool Humid,urb,q1,2065,0.5224317795010047
C-WEU-ITA,Zone_7A Very cold Humid,rur,q1,2065,0.5224317795010047
C-WEU-ITA,Zone_7A Very cold Humid,urb,q1,2065,0.5224317795010047
C-WEU-ITA,Zone_6A Cold Humid,rur,q1,2065,0.5224317795010047
C-WEU-ITA,Zone_6A Cold Humid,urb,q1,2065,0.5224317795010047
C-WEU-ITA,Zone_3A Warm Humid,rur,q1,2065,0.5224317795010047
C-WEU-ITA,Zone_3A Warm Humid,urb,q1,2065,0.5224317795010047
C-WEU-ITA,Zone_4C Mixed Marine,rur,q1,2065,0.5224317795010047
C-WEU-ITA,Zone_4C Mixed Marine,urb,q1,2065,0.5224317795010047
C-WEU-ITA,Zone_5C Cool Marine,rur,q1,2065,0.5224317795010047
C-WEU-ITA,Zone_5C Cool Marine,urb,q1,2065,0.5224317795010047
C-EEU-LTU,Zone_6A Cold Humid,rur,q1,2065,0.13857239582800002
C-EEU-LTU,Zone_6A Cold Humid,urb,q1,2065,0.13857239582800002
C-EEU-LTU,Zone_5A Cool Humid,rur,q1,2065,0.13857239582800002
C-EEU-LTU,Zone_5A Cool Humid,urb,q1,2065,0.13857239582800002
C-WEU-LUX,Zone_5A Cool Humid,rur,q1,2065,0.172705048815
C-WEU-LUX,Zone_5A Cool Humid,urb,q1,2065,0.172705048815
C-EEU-LVA,Zone_6A Cold Humid,rur,q1,2065,0.11950440430120003
C-EEU-LVA,Zone_6A Cold Humid,urb,q1,2065,0.11950440430120003
C-WEU-MLT,Zone_3A Warm Humid,rur,q1,2065,0.879009367659
C-WEU-MLT,Zone_3A Warm Humid,urb,q1,2065,0.879009367659
C-WEU-NLD,Zone_5A Cool Humid,rur,q1,2065,0.15622816925348093
C-WEU-NLD,Zone_5A Cool Humid,urb,q1,2065,0.15622816925348093
C-WEU-NLD,Zone_4A Mixed Humid,rur,q1,2065,0.15622816925348093
C-WEU-NLD,Zone_4A Mixed Humid,urb,q1,2065,0.15622816925348093
C-EEU-POL,Zone_5A Cool Humid,rur,q1,2065,0.205670520365
C-EEU-POL,Zone_5A Cool Humid,urb,q1,2065,0.205670520365
C-EEU-POL,Zone_6A Cold Humid,rur,q1,2065,0.205670520365
C-EEU-POL,Zone_6A Cold Humid,urb,q1,2065,0.205670520365
C-WEU-PRT,Zone_3C Warm Marine,rur,q1,2065,0.4756430808258242
C-WEU-PRT,Zone_3C Warm Marine,urb,q1,2065,0.4756430808258242
C-WEU-PRT,Zone_4C Mixed Marine,rur,q1,2065,0.4756430808258242
C-WEU-PRT,Zone_4C Mixed Marine,urb,q1,2065,0.4756430808258242
C-WEU-PRT,Zone_4A Mixed Humid,rur,q1,2065,0.4756430808258242
C-WEU-PRT,Zone_4A Mixed Humid,urb,q1,2065,0.4756430808258242
C-WEU-PRT,Zone_3A Warm Humid,rur,q1,2065,0.4756430808258242
C-WEU-PRT,Zone_3A Warm Humid,urb,q1,2065,0.4756430808258242
C-EEU-ROU,Zone_5A Cool Humid,rur,q1,2065,0.31235087285570956
C-EEU-ROU,Zone_5A Cool Humid,urb,q1,2065,0.31235087285570956
C-EEU-ROU,Zone_6A Cold Humid,rur,q1,2065,0.31235087285570956
C-EEU-ROU,Zone_6A Cold Humid,urb,q1,2065,0.31235087285570956
C-EEU-ROU,Zone_4A Mixed Humid,rur,q1,2065,0.31235087285570956
C-EEU-ROU,Zone_4A Mixed Humid,urb,q1,2065,0.31235087285570956
C-WEU-SWE,Zone_6A Cold Humid,rur,q1,2065,0.11844234387335364
C-WEU-SWE,Zone_6A Cold Humid,urb,q1,2065,0.11844234387335364
C-WEU-SWE,Zone_5A Cool Humid,rur,q1,2065,0.11844234387335364
C-WEU-SWE,Zone_5A Cool Humid,urb,q1,2065,0.11844234387335364
C-WEU-SWE,Zone_7A Very cold Humid,rur,q1,2065,0.11844234387335364
C-WEU-SWE,Zone_7A Very cold Humid,urb,q1,2065,0.11844234387335364
C-WEU-SWE,Zone_8A Subarctic/arctic Humid,rur,q1,2065,0.11844234387335364
C-WEU-SWE,Zone_8A Subarctic/arctic Humid,urb,q1,2065,0.11844234387335364
C-EEU-SVN,Zone_4A Mixed Humid,rur,q1,2065,0.15282681733559605
C-EEU-SVN,Zone_4A Mixed Humid,urb,q1,2065,0.15282681733559605
C-EEU-SVN,Zone_5A Cool Humid,rur,q1,2065,0.15282681733559605
C-EEU-SVN,Zone_5A Cool Humid,urb,q1,2065,0.15282681733559605
C-EEU-SVN,Zone_7A Very cold Humid,rur,q1,2065,0.15282681733559605
C-EEU-SVN,Zone_7A Very cold Humid,urb,q1,2065,0.15282681733559605
C-EEU-SVK,Zone_5A Cool Humid,rur,q1,2065,0.22472004729646258
C-EEU-SVK,Zone_5A Cool Humid,urb,q1,2065,0.22472004729646258
C-EEU-SVK,Zone_6A Cold Humid,rur,q1,2065,0.22472004729646258
C-EEU-SVK,Zone_6A Cold Humid,urb,q1,2065,0.22472004729646258
C-WEU-AUT,Zone_5A Cool Humid,rur,q2,2065,0.22693597909999685
C-WEU-AUT,Zone_5A Cool Humid,urb,q2,2065,0.22693597909999685
C-WEU-AUT,Zone_4A Mixed Humid,rur,q2,2065,0.22693597909999685
C-WEU-AUT,Zone_4A Mixed Humid,urb,q2,2065,0.22693597909999685
C-WEU-AUT,Zone_6A Cold Humid,rur,q2,2065,0.22693597909999685
C-WEU-AUT,Zone_6A Cold Humid,urb,q2,2065,0.22693597909999685
C-WEU-AUT,Zone_7A Very cold Humid,rur,q2,2065,0.22693597909999685
C-WEU-AUT,Zone_7A Very cold Humid,urb,q2,2065,0.22693597909999685
C-WEU-BEL,Zone_4A Mixed Humid,rur,q2,2065,0.1941888398744
C-WEU-BEL,Zone_4A Mixed Humid,urb,q2,2065,0.1941888398744
C-WEU-BEL,Zone_5A Cool Humid,rur,q2,2065,0.1941888398744
C-WEU-BEL,Zone_5A Cool Humid,urb,q2,2065,0.1941888398744
C-EEU-BGR,Zone_4A Mixed Humid,rur,q2,2065,0.4379576628903332
C-EEU-BGR,Zone_4A Mixed Humid,urb,q2,2065,0.4379576628903332
C-EEU-BGR,Zone_5A Cool Humid,rur,q2,2065,0.4379576628903332
C-EEU-BGR,Zone_5A Cool Humid,urb,q2,2065,0.4379576628903332
C-WEU-CYP,Zone_3A Warm Humid,rur,q2,2065,0.830310428657
C-WEU-CYP,Zone_3A Warm Humid,urb,q2,2065,0.830310428657
C-EEU-CZE,Zone_5A Cool Humid,rur,q2,2065,0.21305459216400002
C-EEU-CZE,Zone_5A Cool Humid,urb,q2,2065,0.21305459216400002
C-WEU-DEU,Zone_5A Cool Humid,rur,q2,2065,0.23387840265932136
C-WEU-DEU,Zone_5A Cool Humid,urb,q2,2065,0.23387840265932136
C-WEU-DEU,Zone_4A Mixed Humid,rur,q2,2065,0.23387840265932136
C-WEU-DEU,Zone_4A Mixed Humid,urb,q2,2065,0.23387840265932136
C-WEU-DEU,Zone_6A Cold Humid,rur,q2,2065,0.23387840265932136
C-WEU-DEU,Zone_6A Cold Humid,urb,q2,2065,0.23387840265932136
C-WEU-DNK,Zone_5A Cool Humid,rur,q2,2065,0.118422118124
C-WEU-DNK,Zone_5A Cool Humid,urb,q2,2065,0.118422118124
C-EEU-EST,Zone_6A Cold Humid,rur,q2,2065,0.10329905686399998
C-EEU-EST,Zone_6A Cold Humid,urb,q2,2065,0.10329905686399998
C-WEU-GRC,Zone_3A Warm Humid,rur,q2,2065,0.6976063972729978
C-WEU-GRC,Zone_3A Warm Humid,urb,q2,2065,0.6976063972729978
C-WEU-GRC,Zone_4A Mixed Humid,rur,q2,2065,0.6976063972729978
C-WEU-GRC,Zone_4A Mixed Humid,urb,q2,2065,0.6976063972729978
C-WEU-GRC,Zone_4C Mixed Marine,rur,q2,2065,0.6976063972729978
C-WEU-GRC,Zone_4C Mixed Marine,urb,q2,2065,0.6976063972729978
C-WEU-GRC,Zone_5C Cool Marine,rur,q2,2065,0.6976063972729978
C-WEU-GRC,Zone_5C Cool Marine,urb,q2,2065,0.6976063972729978
C-WEU-GRC,Zone_5A Cool Humid,rur,q2,2065,0.6976063972729978
C-WEU-GRC,Zone_5A Cool Humid,urb,q2,2065,0.6976063972729978
C-WEU-ESP,Zone_3C Warm Marine,rur,q2,2065,0.645779734407056
C-WEU-ESP,Zone_3C Warm Marine,urb,q2,2065,0.645779734407056
C-WEU-ESP,Zone_4C Mixed Marine,rur,q2,2065,0.645779734407056
C-WEU-ESP,Zone_4C Mixed Marine,urb,q2,2065,0.645779734407056
C-WEU-ESP,Zone_4A Mixed Humid,rur,q2,2065,0.645779734407056
C-WEU-ESP,Zone_4A Mixed Humid,urb,q2,2065,0.645779734407056
C-WEU-ESP,Zone_3A Warm Humid,rur,q2,2065,0.645779734407056
C-WEU-ESP,Zone_3A Warm Humid,urb,q2,2065,0.645779734407056
C-WEU-ESP,Zone_3B Warm Dry,rur,q2,2065,0.645779734407056
C-WEU-ESP,Zone_3B Warm Dry,urb,q2,2065,0.645779734407056
C-WEU-ESP,Zone_2B Hot Dry,rur,q2,2065,0.645779734407056
C-WEU-ESP,Zone_2B Hot Dry,urb,q2,2065,0.645779734407056
C-WEU-FIN,Zone_6A Cold Humid,rur,q2,2065,0.0906845773401561
C-WEU-FIN,Zone_6A Cold Humid,urb,q2,2065,0.0906845773401561
C-WEU-FIN,Zone_7A Very cold Humid,rur,q2,2065,0.0906845773401561
C-WEU-FIN,Zone_7A Very cold Humid,urb,q2,2065,0.0906845773401561
C-WEU-FRA,Zone_4A Mixed Humid,rur,q2,2065,0.3229527711944832
C-WEU-FRA,Zone_4A Mixed Humid,urb,q2,2065,0.3229527711944832
C-WEU-FRA,Zone_5A Cool Humid,rur,q2,2065,0.3229527711944832
C-WEU-FRA,Zone_5A Cool Humid,urb,q2,2065,0.3229527711944832
C-WEU-FRA,Zone_3A Warm Humid,rur,q2,2065,0.3229527711944832
C-WEU-FRA,Zone_3A Warm Humid,urb,q2,2065,0.3229527711944832
C-WEU-FRA,Zone_7A Very cold Humid,rur,q2,2065,0.3229527711944832
C-WEU-FRA,Zone_7A Very cold Humid,urb,q2,2065,0.3229527711944832
C-WEU-FRA,Zone_4C Mixed Marine,rur,q2,2065,0.3229527711944832
C-WEU-FRA,Zone_4C Mixed Marine,urb,q2,2065,0.3229527711944832
C-WEU-FRA,Zone_3C Warm Marine,rur,q2,2065,0.3229527711944832
C-WEU-FRA,Zone_3C Warm Marine,urb,q2,2065,0.3229527711944832
C-WEU-FRA,Zone_1A Very hot Humid,rur,q2,2065,0.3229527711944832
C-WEU-FRA,Zone_1A Very hot Humid,urb,q2,2065,0.3229527711944832
C-WEU-FRA,Zone_2A Hot Humid,rur,q2,2065,0.3229527711944832
C-WEU-FRA,Zone_2A Hot Humid,urb,q2,2065,0.3229527711944832
C-WEU-FRA,Zone_0A Extremely hot Humid,rur,q2,2065,0.3229527711944832
C-WEU-FRA,Zone_0A Extremely hot Humid,urb,q2,2065,0.3229527711944832
C-EEU-HRV,Zone_4A Mixed Humid,rur,q2,2065,0.4735714407311112
C-EEU-HRV,Zone_4A Mixed Humid,urb,q2,2065,0.4735714407311112
C-EEU-HRV,Zone_5A Cool Humid,rur,q2,2065,0.4735714407311112
C-EEU-HRV,Zone_5A Cool Humid,urb,q2,2065,0.4735714407311112
C-EEU-HRV,Zone_4C Mixed Marine,rur,q2,2065,0.4735714407311112
C-EEU-HRV,Zone_4C Mixed Marine,urb,q2,2065,0.4735714407311112
C-EEU-HRV,Zone_3A Warm Humid,rur,q2,2065,0.4735714407311112
C-EEU-HRV,Zone_3A Warm Humid,urb,q2,2065,0.4735714407311112
C-EEU-HUN,Zone_4A Mixed Humid,rur,q2,2065,0.4235782419559276
C-EEU-HUN,Zone_4A Mixed Humid,urb,q2,2065,0.4235782419559276
C-EEU-HUN,Zone_5A Cool Humid,rur,q2,2065,0.4235782419559276
C-EEU-HUN,Zone_5A Cool Humid,urb,q2,2065,0.4235782419559276
C-WEU-IRL,Zone_5A Cool Humid,rur,q2,2065,0.05181802487249999
C-WEU-IRL,Zone_5A Cool Humid,urb,q2,2065,0.05181802487249999
C-WEU-IRL,Zone_4A Mixed Humid,rur,q2,2065,0.05181802487249999
C-WEU-IRL,Zone_4A Mixed Humid,urb,q2,2065,0.05181802487249999
C-WEU-ITA,Zone_4A Mixed Humid,rur,q2,2065,0.5536515211356551
C-WEU-ITA,Zone_4A Mixed Humid,urb,q2,2065,0.5536515211356551
C-WEU-ITA,Zone_5A Cool Humid,rur,q2,2065,0.5536515211356551
C-WEU-ITA,Zone_5A Cool Humid,urb,q2,2065,0.5536515211356551
C-WEU-ITA,Zone_7A Very cold Humid,rur,q2,2065,0.5536515211356551
C-WEU-ITA,Zone_7A Very cold Humid,urb,q2,2065,0.5536515211356551
C-WEU-ITA,Zone_6A Cold Humid,rur,q2,2065,0.5536515211356551
C-WEU-ITA,Zone_6A Cold Humid,urb,q2,2065,0.5536515211356551
C-WEU-ITA,Zone_3A Warm Humid,rur,q2,2065,0.5536515211356551
C-WEU-ITA,Zone_3A Warm Humid,urb,q2,2065,0.5536515211356551
C-WEU-ITA,Zone_4C Mixed Marine,rur,q2,2065,0.5536515211356551
C-WEU-ITA,Zone_4C Mixed Marine,urb,q2,2065,0.5536515211356551
C-WEU-ITA,Zone_5C Cool Marine,rur,q2,2065,0.5536515211356551
C-WEU-ITA,Zone_5C Cool Marine,urb,q2,2065,0.5536515211356551
C-EEU-LTU,Zone_6A Cold Humid,rur,q2,2065,0.1720592502
C-EEU-LTU,Zone_6A Cold Humid,urb,q2,2065,0.1720592502
C-EEU-LTU,Zone_5A Cool Humid,rur,q2,2065,0.1720592502
C-EEU-LTU,Zone_5A Cool Humid,urb,q2,2065,0.1720592502
C-WEU-LUX,Zone_5A Cool Humid,rur,q2,2065,0.17273680478
C-WEU-LUX,Zone_5A Cool Humid,urb,q2,2065,0.17273680478
C-EEU-LVA,Zone_6A Cold Humid,rur,q2,2065,0.14134080471600002
C-EEU-LVA,Zone_6A Cold Humid,urb,q2,2065,0.14134080471600002
C-WEU-MLT,Zone_3A Warm Humid,rur,q2,2065,0.883325563992
C-WEU-MLT,Zone_3A Warm Humid,urb,q2,2065,0.883325563992
C-WEU-NLD,Zone_5A Cool Humid,rur,q2,2065,0.15652596091064735
C-WEU-NLD,Zone_5A Cool Humid,urb,q2,2065,0.15652596091064735
C-WEU-NLD,Zone_4A Mixed Humid,rur,q2,2065,0.15652596091064735
C-WEU-NLD,Zone_4A Mixed Humid,urb,q2,2065,0.15652596091064735
C-EEU-POL,Zone_5A Cool Humid,rur,q2,2065,0.23169161117999998
C-EEU-POL,Zone_5A Cool Humid,urb,q2,2065,0.23169161117999998
C-EEU-POL,Zone_6A Cold Humid,rur,q2,2065,0.23169161117999998
C-EEU-POL,Zone_6A Cold Humid,urb,q2,2065,0.23169161117999998
C-WEU-PRT,Zone_3C Warm Marine,rur,q2,2065,0.5321951083479668
C-WEU-PRT,Zone_3C Warm Marine,urb,q2,2065,0.5321951083479668
C-WEU-PRT,Zone_4C Mixed Marine,rur,q2,2065,0.5321951083479668
C-WEU-PRT,Zone_4C Mixed Marine,urb,q2,2065,0.5321951083479668
C-WEU-PRT,Zone_4A Mixed Humid,rur,q2,2065,0.5321951083479668
C-WEU-PRT,Zone_4A Mixed Humid,urb,q2,2065,0.5321951083479668
C-WEU-PRT,Zone_3A Warm Humid,rur,q2,2065,0.5321951083479668
C-WEU-PRT,Zone_3A Warm Humid,urb,q2,2065,0.5321951083479668
C-EEU-ROU,Zone_5A Cool Humid,rur,q2,2065,0.3655375987204885
C-EEU-ROU,Zone_5A Cool Humid,urb,q2,2065,0.3655375987204885
C-EEU-ROU,Zone_6A Cold Humid,rur,q2,2065,0.3655375987204885
C-EEU-ROU,Zone_6A Cold Humid,urb,q2,2065,0.3655375987204885
C-EEU-ROU,Zone_4A Mixed Humid,rur,q2,2065,0.3655375987204885
C-EEU-ROU,Zone_4A Mixed Humid,urb,q2,2065,0.3655375987204885
C-WEU-SWE,Zone_6A Cold Humid,rur,q2,2065,0.11895351060260259
C-WEU-SWE,Zone_6A Cold Humid,urb,q2,2065,0.11895351060260259
C-WEU-SWE,Zone_5A Cool Humid,rur,q2,2065,0.11895351060260259
C-WEU-SWE,Zone_5A Cool Humid,urb,q2,2065,0.11895351060260259
C-WEU-SWE,Zone_7A Very cold Humid,rur,q2,2065,0.11895351060260259
C-WEU-SWE,Zone_7A Very cold Humid,urb,q2,2065,0.11895351060260259
C-WEU-SWE,Zone_8A Subarctic/arctic Humid,rur,q2,2065,0.11895351060260259
C-WEU-SWE,Zone_8A Subarctic/arctic Humid,urb,q2,2065,0.11895351060260259
C-EEU-SVN,Zone_4A Mixed Humid,rur,q2,2065,0.156678866814062
C-EEU-SVN,Zone_4A Mixed Humid,urb,q2,2065,0.156678866814062
C-EEU-SVN,Zone_5A Cool Humid,rur,q2,2065,0.156678866814062
C-EEU-SVN,Zone_5A Cool Humid,urb,q2,2065,0.156678866814062
C-EEU-SVN,Zone_7A Very cold Humid,rur,q2,2065,0.156678866814062
C-EEU-SVN,Zone_7A Very cold Humid,urb,q2,2065,0.156678866814062
C-EEU-SVK,Zone_5A Cool Humid,rur,q2,2065,0.24742098893756972
C-EEU-SVK,Zone_5A Cool Humid,urb,q2,2065,0.24742098893756972
C-EEU-SVK,Zone_6A Cold Humid,rur,q2,2065,0.24742098893756972
C-EEU-SVK,Zone_6A Cold Humid,urb,q2,2065,0.24742098893756972
C-WEU-AUT,Zone_5A Cool Humid,rur,q3,2065,0.22694483216333397
C-WEU-AUT,Zone_5A Cool Humid,urb,q3,2065,0.22694483216333397
C-WEU-AUT,Zone_4A Mixed Humid,rur,q3,2065,0.22694483216333397
C-WEU-AUT,Zone_4A Mixed Humid,urb,q3,2065,0.22694483216333397
C-WEU-AUT,Zone_6A Cold Humid,rur,q3,2065,0.22694483216333397
C-WEU-AUT,Zone_6A Cold Humid,urb,q3,2065,0.22694483216333397
C-WEU-AUT,Zone_7A Very cold Humid,rur,q3,2065,0.22694483216333397
C-WEU-AUT,Zone_7A Very cold Humid,urb,q3,2065,0.22694483216333397
C-WEU-BEL,Zone_4A Mixed Humid,rur,q3,2065,0.1941915989404
C-WEU-BEL,Zone_4A Mixed Humid,urb,q3,2065,0.1941915989404
C-WEU-BEL,Zone_5A Cool Humid,rur,q3,2065,0.1941915989404
C-WEU-BEL,Zone_5A Cool Humid,urb,q3,2065,0.1941915989404
C-EEU-BGR,Zone_4A Mixed Humid,rur,q3,2065,0.43857317975085064
C-EEU-BGR,Zone_4A Mixed Humid,urb,q3,2065,0.43857317975085064
C-EEU-BGR,Zone_5A Cool Humid,rur,q3,2065,0.43857317975085064
C-EEU-BGR,Zone_5A Cool Humid,urb,q3,2065,0.43857317975085064
C-WEU-CYP,Zone_3A Warm Humid,rur,q3,2065,0.8648253697930001
C-WEU-CYP,Zone_3A Warm Humid,urb,q3,2065,0.8648253697930001
C-EEU-CZE,Zone_5A Cool Humid,rur,q3,2065,0.2130591
C-EEU-CZE,Zone_5A Cool Humid,urb,q3,2065,0.2130591
C-WEU-DEU,Zone_5A Cool Humid,rur,q3,2065,0.23389890315583572
C-WEU-DEU,Zone_5A Cool Humid,urb,q3,2065,0.23389890315583572
C-WEU-DEU,Zone_4A Mixed Humid,rur,q3,2065,0.23389890315583572
C-WEU-DEU,Zone_4A Mixed Humid,urb,q3,2065,0.23389890315583572
C-WEU-DEU,Zone_6A Cold Humid,rur,q3,2065,0.23389890315583572
C-WEU-DEU,Zone_6A Cold Humid,urb,q3,2065,0.23389890315583572
C-WEU-DNK,Zone_5A Cool Humid,rur,q3,2065,0.118433783626
C-WEU-DNK,Zone_5A Cool Humid,urb,q3,2065,0.118433783626
C-EEU-EST,Zone_6A Cold Humid,rur,q3,2065,0.10331919999999999
C-EEU-EST,Zone_6A Cold Humid,urb,q3,2065,0.10331919999999999
C-WEU-GRC,Zone_3A Warm Humid,rur,q3,2065,0.697998987315477
C-WEU-GRC,Zone_3A Warm Humid,urb,q3,2065,0.697998987315477
C-WEU-GRC,Zone_4A Mixed Humid,rur,q3,2065,0.697998987315477
C-WEU-GRC,Zone_4A Mixed Humid,urb,q3,2065,0.697998987315477
C-WEU-GRC,Zone_4C Mixed Marine,rur,q3,2065,0.697998987315477
C-WEU-GRC,Zone_4C Mixed Marine,urb,q3,2065,0.697998987315477
C-WEU-GRC,Zone_5C Cool Marine,rur,q3,2065,0.697998987315477
C-WEU-GRC,Zone_5C Cool Marine,urb,q3,2065,0.697998987315477
C-WEU-GRC,Zone_5A Cool Humid,rur,q3,2065,0.697998987315477
C-WEU-GRC,Zone_5A Cool Humid,urb,q3,2065,0.697998987315477
C-WEU-ESP,Zone_3C Warm Marine,rur,q3,2065,0.6472037625788037
C-WEU-ESP,Zone_3C Warm Marine,urb,q3,2065,0.6472037625788037
C-WEU-ESP,Zone_4C Mixed Marine,rur,q3,2065,0.6472037625788037
C-WEU-ESP,Zone_4C Mixed Marine,urb,q3,2065,0.6472037625788037
C-WEU-ESP,Zone_4A Mixed Humid,rur,q3,2065,0.6472037625788037
C-WEU-ESP,Zone_4A Mixed Humid,urb,q3,2065,0.6472037625788037
C-WEU-ESP,Zone_3A Warm Humid,rur,q3,2065,0.6472037625788037
C-WEU-ESP,Zone_3A Warm Humid,urb,q3,2065,0.6472037625788037
C-WEU-ESP,Zone_3B Warm Dry,rur,q3,2065,0.6472037625788037
C-WEU-ESP,Zone_3B Warm Dry,urb,q3,2065,0.6472037625788037
C-WEU-ESP,Zone_2B Hot Dry,rur,q3,2065,0.6472037625788037
C-WEU-ESP,Zone_2B Hot Dry,urb,q3,2065,0.6472037625788037
C-WEU-FIN,Zone_6A Cold Humid,rur,q3,2065,0.09069258480186465
C-WEU-FIN,Zone_6A Cold Humid,urb,q3,2065,0.09069258480186465
C-WEU-FIN,Zone_7A Very cold Humid,rur,q3,2065,0.09069258480186465
C-WEU-FIN,Zone_7A Very cold Humid,urb,q3,2065,0.09069258480186465
C-WEU-FRA,Zone_4A Mixed Humid,rur,q3,2065,0.3227084579796857
C-WEU-FRA,Zone_4A Mixed Humid,urb,q3,2065,0.3227084579796857
C-WEU-FRA,Zone_5A Cool Humid,rur,q3,2065,0.3227084579796857
C-WEU-FRA,Zone_5A Cool Humid,urb,q3,2065,0.3227084579796857
C-WEU-FRA,Zone_3A Warm Humid,rur,q3,2065,0.3227084579796857
C-WEU-FRA,Zone_3A Warm Humid,urb,q3,2065,0.3227084579796857
C-WEU-FRA,Zone_7A Very cold Humid,rur,q3,2065,0.3227084579796857
C-WEU-FRA,Zone_7A Very cold Humid,urb,q3,2065,0.3227084579796857
C-WEU-FRA,Zone_4C Mixed Marine,rur,q3,2065,0.3227084579796857
C-WEU-FRA,Zone_4C Mixed Marine,urb,q3,2065,0.3227084579796857
C-WEU-FRA,Zone_3C Warm Marine,rur,q3,2065,0.3227084579796857
C-WEU-FRA,Zone_3C Warm Marine,urb,q3,2065,0.3227084579796857
C-WEU-FRA,Zone_1A Very hot Humid,rur,q3,2065,0.3227084579796857
C-WEU-FRA,Zone_1A Very hot Humid,urb,q3,2065,0.3227084579796857
C-WEU-FRA,Zone_2A Hot Humid,rur,q3,2065,0.3227084579796857
C-WEU-FRA,Zone_2A Hot Humid,urb,q3,2065,0.3227084579796857
C-WEU-FRA,Zone_0A Extremely hot Humid,rur,q3,2065,0.3227084579796857
C-WEU-FRA,Zone_0A Extremely hot Humid,urb,q3,2065,0.3227084579796857
C-EEU-HRV,Zone_4A Mixed Humid,rur,q3,2065,0.5691089310474757
C-EEU-HRV,Zone_4A Mixed Humid,urb,q3,2065,0.5691089310474757
C-EEU-HRV,Zone_5A Cool Humid,rur,q3,2065,0.5691089310474757
C-EEU-HRV,Zone_5A Cool Humid,urb,q3,2065,0.5691089310474757
C-EEU-HRV,Zone_4C Mixed Marine,rur,q3,2065,0.5691089310474757
C-EEU-HRV,Zone_4C Mixed Marine,urb,q3,2065,0.5691089310474757
C-EEU-HRV,Zone_3A Warm Humid,rur,q3,2065,0.5691089310474757
C-EEU-HRV,Zone_3A Warm Humid,urb,q3,2065,0.5691089310474757
C-EEU-HUN,Zone_4A Mixed Humid,rur,q3,2065,0.42424114277468367
C-EEU-HUN,Zone_4A Mixed Humid,urb,q3,2065,0.42424114277468367
C-EEU-HUN,Zone_5A Cool Humid,rur,q3,2065,0.42424114277468367
C-EEU-HUN,Zone_5A Cool Humid,urb,q3,2065,0.42424114277468367
C-WEU-IRL,Zone_5A Cool Humid,rur,q3,2065,0.0518263
C-WEU-IRL,Zone_5A Cool Humid,urb,q3,2065,0.0518263
C-WEU-IRL,Zone_4A Mixed Humid,rur,q3,2065,0.0518263
C-WEU-IRL,Zone_4A Mixed Humid,urb,q3,2065,0.0518263
C-WEU-ITA,Zone_4A Mixed Humid,rur,q3,2065,0.5544102843316577
C-WEU-ITA,Zone_4A Mixed Humid,urb,q3,2065,0.5544102843316577
C-WEU-ITA,Zone_5A Cool Humid,rur,q3,2065,0.5544102843316577
C-WEU-ITA,Zone_5A Cool Humid,urb,q3,2065,0.5544102843316577
C-WEU-ITA,Zone_7A Very cold Humid,rur,q3,2065,0.5544102843316577
C-WEU-ITA,Zone_7A Very cold Humid,urb,q3,2065,0.5544102843316577
C-WEU-ITA,Zone_6A Cold Humid,rur,q3,2065,0.5544102843316577
C-WEU-ITA,Zone_6A Cold Humid,urb,q3,2065,0.5544102843316577
C-WEU-ITA,Zone_3A Warm Humid,rur,q3,2065,0.5544102843316577
C-WEU-ITA,Zone_3A Warm Humid,urb,q3,2065,0.5544102843316577
C-WEU-ITA,Zone_4C Mixed Marine,rur,q3,2065,0.5544102843316577
C-WEU-ITA,Zone_4C Mixed Marine,urb,q3,2065,0.5544102843316577
C-WEU-ITA,Zone_5C Cool Marine,rur,q3,2065,0.5544102843316577
C-WEU-ITA,Zone_5C Cool Marine,urb,q3,2065,0.5544102843316577
C-EEU-LTU,Zone_6A Cold Humid,rur,q3,2065,0.1726054
C-EEU-LTU,Zone_6A Cold Humid,urb,q3,2065,0.1726054
C-EEU-LTU,Zone_5A Cool Humid,rur,q3,2065,0.1726054
C-EEU-LTU,Zone_5A Cool Humid,urb,q3,2065,0.1726054
C-WEU-LUX,Zone_5A Cool Humid,rur,q3,2065,0.1727369
C-WEU-LUX,Zone_5A Cool Humid,urb,q3,2065,0.1727369
C-EEU-LVA,Zone_6A Cold Humid,rur,q3,2065,0.141887165684
C-EEU-LVA,Zone_6A Cold Humid,urb,q3,2065,0.141887165684
C-WEU-MLT,Zone_3A Warm Humid,rur,q3,2065,0.8834132882419999
C-WEU-MLT,Zone_3A Warm Humid,urb,q3,2065,0.8834132882419999
C-WEU-NLD,Zone_5A Cool Humid,rur,q3,2065,0.15652857723952718
C-WEU-NLD,Zone_5A Cool Humid,urb,q3,2065,0.15652857723952718
C-WEU-NLD,Zone_4A Mixed Humid,rur,q3,2065,0.15652857723952718
C-WEU-NLD,Zone_4A Mixed Humid,urb,q3,2065,0.15652857723952718
C-EEU-POL,Zone_5A Cool Humid,rur,q3,2065,0.232215179495
C-EEU-POL,Zone_5A Cool Humid,urb,q3,2065,0.232215179495
C-EEU-POL,Zone_6A Cold Humid,rur,q3,2065,0.232215179495
C-EEU-POL,Zone_6A Cold Humid,urb,q3,2065,0.232215179495
C-WEU-PRT,Zone_3C Warm Marine,rur,q3,2065,0.5341073109715476
C-WEU-PRT,Zone_3C Warm Marine,urb,q3,2065,0.5341073109715476
C-WEU-PRT,Zone_4C Mixed Marine,rur,q3,2065,0.5341073109715476
C-WEU-PRT,Zone_4C Mixed Marine,urb,q3,2065,0.5341073109715476
C-WEU-PRT,Zone_4A Mixed Humid,rur,q3,2065,0.5341073109715476
C-WEU-PRT,Zone_4A Mixed Humid,urb,q3,2065,0.5341073109715476
C-WEU-PRT,Zone_3A Warm Humid,rur,q3,2065,0.5341073109715476
C-WEU-PRT,Zone_3A Warm Humid,urb,q3,2065,0.5341073109715476
C-EEU-ROU,Zone_5A Cool Humid,rur,q3,2065,0.371612860321437
C-EEU-ROU,Zone_5A Cool Humid,urb,q3,2065,0.371612860321437
C-EEU-ROU,Zone_6A Cold Humid,rur,q3,2065,0.371612860321437
C-EEU-ROU,Zone_6A Cold Humid,urb,q3,2065,0.371612860321437
C-EEU-ROU,Zone_4A Mixed Humid,rur,q3,2065,0.371612860321437
C-EEU-ROU,Zone_4A Mixed Humid,urb,q3,2065,0.371612860321437
C-WEU-SWE,Zone_6A Cold Humid,rur,q3,2065,0.11896043462733638
C-WEU-SWE,Zone_6A Cold Humid,urb,q3,2065,0.11896043462733638
C-WEU-SWE,Zone_5A Cool Humid,rur,q3,2065,0.11896043462733638
C-WEU-SWE,Zone_5A Cool Humid,urb,q3,2065,0.11896043462733638
C-WEU-SWE,Zone_7A Very cold Humid,rur,q3,2065,0.11896043462733638
C-WEU-SWE,Zone_7A Very cold Humid,urb,q3,2065,0.11896043462733638
C-WEU-SWE,Zone_8A Subarctic/arctic Humid,rur,q3,2065,0.11896043462733638
C-WEU-SWE,Zone_8A Subarctic/arctic Humid,urb,q3,2065,0.11896043462733638
C-EEU-SVN,Zone_4A Mixed Humid,rur,q3,2065,0.15679779840314337
C-EEU-SVN,Zone_4A Mixed Humid,urb,q3,2065,0.15679779840314337
C-EEU-SVN,Zone_5A Cool Humid,rur,q3,2065,0.15679779840314337
C-EEU-SVN,Zone_5A Cool Humid,urb,q3,2065,0.15679779840314337
C-EEU-SVN,Zone_7A Very cold Humid,rur,q3,2065,0.15679779840314337
C-EEU-SVN,Zone_7A Very cold Humid,urb,q3,2065,0.15679779840314337
C-EEU-SVK,Zone_5A Cool Humid,rur,q3,2065,0.24749398542219578
C-EEU-SVK,Zone_5A Cool Humid,urb,q3,2065,0.24749398542219578
C-EEU-SVK,Zone_6A Cold Humid,rur,q3,2065,0.24749398542219578
C-EEU-SVK,Zone_6A Cold Humid,urb,q3,2065,0.24749398542219578
C-WEU-AUT,Zone_5A Cool Humid,rur,q1,2070,0.22658731142951136
C-WEU-AUT,Zone_5A Cool Humid,urb,q1,2070,0.22658731142951136
C-WEU-AUT,Zone_4A Mixed Humid,rur,q1,2070,0.22658731142951136
C-WEU-AUT,Zone_4A Mixed Humid,urb,q1,2070,0.22658731142951136
C-WEU-AUT,Zone_6A Cold Humid,rur,q1,2070,0.22658731142951136
C-WEU-AUT,Zone_6A Cold Humid,urb,q1,2070,0.22658731142951136
C-WEU-AUT,Zone_7A Very cold Humid,rur,q1,2070,0.22658731142951136
C-WEU-AUT,Zone_7A Very cold Humid,urb,q1,2070,0.22658731142951136
C-WEU-BEL,Zone_4A Mixed Humid,rur,q1,2070,0.19405193291000003
C-WEU-BEL,Zone_4A Mixed Humid,urb,q1,2070,0.19405193291000003
C-WEU-BEL,Zone_5A Cool Humid,rur,q1,2070,0.19405193291000003
C-WEU-BEL,Zone_5A Cool Humid,urb,q1,2070,0.19405193291000003
C-EEU-BGR,Zone_4A Mixed Humid,rur,q1,2070,0.3659745799419148
C-EEU-BGR,Zone_4A Mixed Humid,urb,q1,2070,0.3659745799419148
C-EEU-BGR,Zone_5A Cool Humid,rur,q1,2070,0.3659745799419148
C-EEU-BGR,Zone_5A Cool Humid,urb,q1,2070,0.3659745799419148
C-WEU-CYP,Zone_3A Warm Humid,rur,q1,2070,0.6199223
C-WEU-CYP,Zone_3A Warm Humid,urb,q1,2070,0.6199223
C-EEU-CZE,Zone_5A Cool Humid,rur,q1,2070,0.21246972711199996
C-EEU-CZE,Zone_5A Cool Humid,urb,q1,2070,0.21246972711199996
C-WEU-DEU,Zone_5A Cool Humid,rur,q1,2070,0.23208445865450272
C-WEU-DEU,Zone_5A Cool Humid,urb,q1,2070,0.23208445865450272
C-WEU-DEU,Zone_4A Mixed Humid,rur,q1,2070,0.23208445865450272
C-WEU-DEU,Zone_4A Mixed Humid,urb,q1,2070,0.23208445865450272
C-WEU-DEU,Zone_6A Cold Humid,rur,q1,2070,0.23208445865450272
C-WEU-DEU,Zone_6A Cold Humid,urb,q1,2070,0.23208445865450272
C-WEU-DNK,Zone_5A Cool Humid,rur,q1,2070,0.11817419243199999
C-WEU-DNK,Zone_5A Cool Humid,urb,q1,2070,0.11817419243199999
C-EEU-EST,Zone_6A Cold Humid,rur,q1,2070,0.1023179448472
C-EEU-EST,Zone_6A Cold Humid,urb,q1,2070,0.1023179448472
C-WEU-GRC,Zone_3A Warm Humid,rur,q1,2070,0.6791885811456146
C-WEU-GRC,Zone_3A Warm Humid,urb,q1,2070,0.6791885811456146
C-WEU-GRC,Zone_4A Mixed Humid,rur,q1,2070,0.6791885811456146
C-WEU-GRC,Zone_4A Mixed Humid,urb,q1,2070,0.6791885811456146
C-WEU-GRC,Zone_4C Mixed Marine,rur,q1,2070,0.6791885811456146
C-WEU-GRC,Zone_4C Mixed Marine,urb,q1,2070,0.6791885811456146
C-WEU-GRC,Zone_5C Cool Marine,rur,q1,2070,0.6791885811456146
C-WEU-GRC,Zone_5C Cool Marine,urb,q1,2070,0.6791885811456146
C-WEU-GRC,Zone_5A Cool Humid,rur,q1,2070,0.6791885811456146
C-WEU-GRC,Zone_5A Cool Humid,urb,q1,2070,0.6791885811456146
C-WEU-ESP,Zone_3C Warm Marine,rur,q1,2070,0.6227497238171124
C-WEU-ESP,Zone_3C Warm Marine,urb,q1,2070,0.6227497238171124
C-WEU-ESP,Zone_4C Mixed Marine,rur,q1,2070,0.6227497238171124
C-WEU-ESP,Zone_4C Mixed Marine,urb,q1,2070,0.6227497238171124
C-WEU-ESP,Zone_4A Mixed Humid,rur,q1,2070,0.6227497238171124
C-WEU-ESP,Zone_4A Mixed Humid,urb,q1,2070,0.6227497238171124
C-WEU-ESP,Zone_3A Warm Humid,rur,q1,2070,0.6227497238171124
C-WEU-ESP,Zone_3A Warm Humid,urb,q1,2070,0.6227497238171124
C-WEU-ESP,Zone_3B Warm Dry,rur,q1,2070,0.6227497238171124
C-WEU-ESP,Zone_3B Warm Dry,urb,q1,2070,0.6227497238171124
C-WEU-ESP,Zone_2B Hot Dry,rur,q1,2070,0.6227497238171124
C-WEU-ESP,Zone_2B Hot Dry,urb,q1,2070,0.6227497238171124
C-WEU-FIN,Zone_6A Cold Humid,rur,q1,2070,0.09035603943277659
C-WEU-FIN,Zone_6A Cold Humid,urb,q1,2070,0.09035603943277659
C-WEU-FIN,Zone_7A Very cold Humid,rur,q1,2070,0.09035603943277659
C-WEU-FIN,Zone_7A Very cold Humid,urb,q1,2070,0.09035603943277659
C-WEU-FRA,Zone_4A Mixed Humid,rur,q1,2070,0.31967299162930457
C-WEU-FRA,Zone_4A Mixed Humid,urb,q1,2070,0.31967299162930457
C-WEU-FRA,Zone_5A Cool Humid,rur,q1,2070,0.31967299162930457
C-WEU-FRA,Zone_5A Cool Humid,urb,q1,2070,0.31967299162930457
C-WEU-FRA,Zone_3A Warm Humid,rur,q1,2070,0.31967299162930457
C-WEU-FRA,Zone_3A Warm Humid,urb,q1,2070,0.31967299162930457
C-WEU-FRA,Zone_7A Very cold Humid,rur,q1,2070,0.31967299162930457
C-WEU-FRA,Zone_7A Very cold Humid,urb,q1,2070,0.31967299162930457
C-WEU-FRA,Zone_4C Mixed Marine,rur,q1,2070,0.31967299162930457
C-WEU-FRA,Zone_4C Mixed Marine,urb,q1,2070,0.31967299162930457
C-WEU-FRA,Zone_3C Warm Marine,rur,q1,2070,0.31967299162930457
C-WEU-FRA,Zone_3C Warm Marine,urb,q1,2070,0.31967299162930457
C-WEU-FRA,Zone_1A Very hot Humid,rur,q1,2070,0.31967299162930457
C-WEU-FRA,Zone_1A Very hot Humid,urb,q1,2070,0.31967299162930457
C-WEU-FRA,Zone_2A Hot Humid,rur,q1,2070,0.31967299162930457
C-WEU-FRA,Zone_2A Hot Humid,urb,q1,2070,0.31967299162930457
C-WEU-FRA,Zone_0A Extremely hot Humid,rur,q1,2070,0.31967299162930457
C-WEU-FRA,Zone_0A Extremely hot Humid,urb,q1,2070,0.31967299162930457
C-EEU-HRV,Zone_4A Mixed Humid,rur,q1,2070,0.2878748423719246
C-EEU-HRV,Zone_4A Mixed Humid,urb,q1,2070,0.2878748423719246
C-EEU-HRV,Zone_5A Cool Humid,rur,q1,2070,0.2878748423719246
C-EEU-HRV,Zone_5A Cool Humid,urb,q1,2070,0.2878748423719246
C-EEU-HRV,Zone_4C Mixed Marine,rur,q1,2070,0.2878748423719246
C-EEU-HRV,Zone_4C Mixed Marine,urb,q1,2070,0.2878748423719246
C-EEU-HRV,Zone_3A Warm Humid,rur,q1,2070,0.2878748423719246
C-EEU-HRV,Zone_3A Warm Humid,urb,q1,2070,0.2878748423719246
C-EEU-HUN,Zone_4A Mixed Humid,rur,q1,2070,0.41103416101504064
C-EEU-HUN,Zone_4A Mixed Humid,urb,q1,2070,0.41103416101504064
C-EEU-HUN,Zone_5A Cool Humid,rur,q1,2070,0.41103416101504064
C-EEU-HUN,Zone_5A Cool Humid,urb,q1,2070,0.41103416101504064
C-WEU-IRL,Zone_5A Cool Humid,rur,q1,2070,0.051207882726400006
C-WEU-IRL,Zone_5A Cool Humid,urb,q1,2070,0.051207882726400006
C-WEU-IRL,Zone_4A Mixed Humid,rur,q1,2070,0.051207882726400006
C-WEU-IRL,Zone_4A Mixed Humid,urb,q1,2070,0.051207882726400006
C-WEU-ITA,Zone_4A Mixed Humid,rur,q1,2070,0.5315154154781929
C-WEU-ITA,Zone_4A Mixed Humid,urb,q1,2070,0.5315154154781929
C-WEU-ITA,Zone_5A Cool Humid,rur,q1,2070,0.5315154154781929
C-WEU-ITA,Zone_5A Cool Humid,urb,q1,2070,0.5315154154781929
C-WEU-ITA,Zone_7A Very cold Humid,rur,q1,2070,0.5315154154781929
C-WEU-ITA,Zone_7A Very cold Humid,urb,q1,2070,0.5315154154781929
C-WEU-ITA,Zone_6A Cold Humid,rur,q1,2070,0.5315154154781929
C-WEU-ITA,Zone_6A Cold Humid,urb,q1,2070,0.5315154154781929
C-WEU-ITA,Zone_3A Warm Humid,rur,q1,2070,0.5315154154781929
C-WEU-ITA,Zone_3A Warm Humid,urb,q1,2070,0.5315154154781929
C-WEU-ITA,Zone_4C Mixed Marine,rur,q1,2070,0.5315154154781929
C-WEU-ITA,Zone_4C Mixed Marine,urb,q1,2070,0.5315154154781929
C-WEU-ITA,Zone_5C Cool Marine,rur,q1,2070,0.5315154154781929
C-WEU-ITA,Zone_5C Cool Marine,urb,q1,2070,0.5315154154781929
C-EEU-LTU,Zone_6A Cold Humid,rur,q1,2070,0.14477047746240002
C-EEU-LTU,Zone_6A Cold Humid,urb,q1,2070,0.14477047746240002
C-EEU-LTU,Zone_5A Cool Humid,rur,q1,2070,0.14477047746240002
C-EEU-LTU,Zone_5A Cool Humid,urb,q1,2070,0.14477047746240002
C-WEU-LUX,Zone_5A Cool Humid,rur,q1,2070,0.172710691448
C-WEU-LUX,Zone_5A Cool Humid,urb,q1,2070,0.172710691448
C-EEU-LVA,Zone_6A Cold Humid,rur,q1,2070,0.12591809681600002
C-EEU-LVA,Zone_6A Cold Humid,urb,q1,2070,0.12591809681600002
C-WEU-MLT,Zone_3A Warm Humid,rur,q1,2070,0.8808458379159999
C-WEU-MLT,Zone_3A Warm Humid,urb,q1,2070,0.8808458379159999
C-WEU-NLD,Zone_5A Cool Humid,rur,q1,2070,0.15634337684255983
C-WEU-NLD,Zone_5A Cool Humid,urb,q1,2070,0.15634337684255983
C-WEU-NLD,Zone_4A Mixed Humid,rur,q1,2070,0.15634337684255983
C-WEU-NLD,Zone_4A Mixed Humid,urb,q1,2070,0.15634337684255983
C-EEU-POL,Zone_5A Cool Humid,rur,q1,2070,0.21355490498000002
C-EEU-POL,Zone_5A Cool Humid,urb,q1,2070,0.21355490498000002
C-EEU-POL,Zone_6A Cold Humid,rur,q1,2070,0.21355490498000002
C-EEU-POL,Zone_6A Cold Humid,urb,q1,2070,0.21355490498000002
C-WEU-PRT,Zone_3C Warm Marine,rur,q1,2070,0.4970796520205271
C-WEU-PRT,Zone_3C Warm Marine,urb,q1,2070,0.4970796520205271
C-WEU-PRT,Zone_4C Mixed Marine,rur,q1,2070,0.4970796520205271
C-WEU-PRT,Zone_4C Mixed Marine,urb,q1,2070,0.4970796520205271
C-WEU-PRT,Zone_4A Mixed Humid,rur,q1,2070,0.4970796520205271
C-WEU-PRT,Zone_4A Mixed Humid,urb,q1,2070,0.4970796520205271
C-WEU-PRT,Zone_3A Warm Humid,rur,q1,2070,0.4970796520205271
C-WEU-PRT,Zone_3A Warm Humid,urb,q1,2070,0.4970796520205271
C-EEU-ROU,Zone_5A Cool Humid,rur,q1,2070,0.329917924905404
C-EEU-ROU,Zone_5A Cool Humid,urb,q1,2070,0.329917924905404
C-EEU-ROU,Zone_6A Cold Humid,rur,q1,2070,0.329917924905404
C-EEU-ROU,Zone_6A Cold Humid,urb,q1,2070,0.329917924905404
C-EEU-ROU,Zone_4A Mixed Humid,rur,q1,2070,0.329917924905404
C-EEU-ROU,Zone_4A Mixed Humid,urb,q1,2070,0.329917924905404
C-WEU-SWE,Zone_6A Cold Humid,rur,q1,2070,0.11867296600355505
C-WEU-SWE,Zone_6A Cold Humid,urb,q1,2070,0.11867296600355505
C-WEU-SWE,Zone_5A Cool Humid,rur,q1,2070,0.11867296600355505
C-WEU-SWE,Zone_5A Cool Humid,urb,q1,2070,0.11867296600355505
C-WEU-SWE,Zone_7A Very cold Humid,rur,q1,2070,0.11867296600355505
C-WEU-SWE,Zone_7A Very cold Humid,urb,q1,2070,0.11867296600355505
C-WEU-SWE,Zone_8A Subarctic/arctic Humid,rur,q1,2070,0.11867296600355505
C-WEU-SWE,Zone_8A Subarctic/arctic Humid,urb,q1,2070,0.11867296600355505
C-EEU-SVN,Zone_4A Mixed Humid,rur,q1,2070,0.15455232614571554
C-EEU-SVN,Zone_4A Mixed Humid,urb,q1,2070,0.15455232614571554
C-EEU-SVN,Zone_5A Cool Humid,rur,q1,2070,0.15455232614571554
C-EEU-SVN,Zone_5A Cool Humid,urb,q1,2070,0.15455232614571554
C-EEU-SVN,Zone_7A Very cold Humid,rur,q1,2070,0.15455232614571554
C-EEU-SVN,Zone_7A Very cold Humid,urb,q1,2070,0.15455232614571554
C-EEU-SVK,Zone_5A Cool Humid,rur,q1,2070,0.2291993998250562
C-EEU-SVK,Zone_5A Cool Humid,urb,q1,2070,0.2291993998250562
C-EEU-SVK,Zone_6A Cold Humid,rur,q1,2070,0.2291993998250562
C-EEU-SVK,Zone_6A Cold Humid,urb,q1,2070,0.2291993998250562
C-WEU-AUT,Zone_5A Cool Humid,rur,q2,2070,0.22726710616467483
C-WEU-AUT,Zone_5A Cool Humid,urb,q2,2070,0.22726710616467483
C-WEU-AUT,Zone_4A Mixed Humid,rur,q2,2070,0.22726710616467483
C-WEU-AUT,Zone_4A Mixed Humid,urb,q2,2070,0.22726710616467483
C-WEU-AUT,Zone_6A Cold Humid,rur,q2,2070,0.22726710616467483
C-WEU-AUT,Zone_6A Cold Humid,urb,q2,2070,0.22726710616467483
C-WEU-AUT,Zone_7A Very cold Humid,rur,q2,2070,0.22726710616467483
C-WEU-AUT,Zone_7A Very cold Humid,urb,q2,2070,0.22726710616467483
C-WEU-BEL,Zone_4A Mixed Humid,rur,q2,2070,0.19419035394
C-WEU-BEL,Zone_4A Mixed Humid,urb,q2,2070,0.19419035394
C-WEU-BEL,Zone_5A Cool Humid,rur,q2,2070,0.19419035394
C-WEU-BEL,Zone_5A Cool Humid,urb,q2,2070,0.19419035394
C-EEU-BGR,Zone_4A Mixed Humid,rur,q2,2070,0.43819295566050653
C-EEU-BGR,Zone_4A Mixed Humid,urb,q2,2070,0.43819295566050653
C-EEU-BGR,Zone_5A Cool Humid,rur,q2,2070,0.43819295566050653
C-EEU-BGR,Zone_5A Cool Humid,urb,q2,2070,0.43819295566050653
C-WEU-CYP,Zone_3A Warm Humid,rur,q2,2070,0.842750884
C-WEU-CYP,Zone_3A Warm Humid,urb,q2,2070,0.842750884
C-EEU-CZE,Zone_5A Cool Humid,rur,q2,2070,0.21305772505999998
C-EEU-CZE,Zone_5A Cool Humid,urb,q2,2070,0.21305772505999998
C-WEU-DEU,Zone_5A Cool Humid,rur,q2,2070,0.2338905844744544
C-WEU-DEU,Zone_5A Cool Humid,urb,q2,2070,0.2338905844744544
C-WEU-DEU,Zone_4A Mixed Humid,rur,q2,2070,0.2338905844744544
C-WEU-DEU,Zone_4A Mixed Humid,urb,q2,2070,0.2338905844744544
C-WEU-DEU,Zone_6A Cold Humid,rur,q2,2070,0.2338905844744544
C-WEU-DEU,Zone_6A Cold Humid,urb,q2,2070,0.2338905844744544
C-WEU-DNK,Zone_5A Cool Humid,rur,q2,2070,0.118428870944
C-WEU-DNK,Zone_5A Cool Humid,urb,q2,2070,0.118428870944
C-EEU-EST,Zone_6A Cold Humid,rur,q2,2070,0.10331122852
C-EEU-EST,Zone_6A Cold Humid,urb,q2,2070,0.10331122852
C-WEU-GRC,Zone_3A Warm Humid,rur,q2,2070,0.6978031523530915
C-WEU-GRC,Zone_3A Warm Humid,urb,q2,2070,0.6978031523530915
C-WEU-GRC,Zone_4A Mixed Humid,rur,q2,2070,0.6978031523530915
C-WEU-GRC,Zone_4A Mixed Humid,urb,q2,2070,0.6978031523530915
C-WEU-GRC,Zone_4C Mixed Marine,rur,q2,2070,0.6978031523530915
C-WEU-GRC,Zone_4C Mixed Marine,urb,q2,2070,0.6978031523530915
C-WEU-GRC,Zone_5C Cool Marine,rur,q2,2070,0.6978031523530915
C-WEU-GRC,Zone_5C Cool Marine,urb,q2,2070,0.6978031523530915
C-WEU-GRC,Zone_5A Cool Humid,rur,q2,2070,0.6978031523530915
C-WEU-GRC,Zone_5A Cool Humid,urb,q2,2070,0.6978031523530915
C-WEU-ESP,Zone_3C Warm Marine,rur,q2,2070,0.6477163642399528
C-WEU-ESP,Zone_3C Warm Marine,urb,q2,2070,0.6477163642399528
C-WEU-ESP,Zone_4C Mixed Marine,rur,q2,2070,0.6477163642399528
C-WEU-ESP,Zone_4C Mixed Marine,urb,q2,2070,0.6477163642399528
C-WEU-ESP,Zone_4A Mixed Humid,rur,q2,2070,0.6477163642399528
C-WEU-ESP,Zone_4A Mixed Humid,urb,q2,2070,0.6477163642399528
C-WEU-ESP,Zone_3A Warm Humid,rur,q2,2070,0.6477163642399528
C-WEU-ESP,Zone_3A Warm Humid,urb,q2,2070,0.6477163642399528
C-WEU-ESP,Zone_3B Warm Dry,rur,q2,2070,0.6477163642399528
C-WEU-ESP,Zone_3B Warm Dry,urb,q2,2070,0.6477163642399528
C-WEU-ESP,Zone_2B Hot Dry,rur,q2,2070,0.6477163642399528
C-WEU-ESP,Zone_2B Hot Dry,urb,q2,2070,0.6477163642399528
C-WEU-FIN,Zone_6A Cold Humid,rur,q2,2070,0.0907130268869791
C-WEU-FIN,Zone_6A Cold Humid,urb,q2,2070,0.0907130268869791
C-WEU-FIN,Zone_7A Very cold Humid,rur,q2,2070,0.0907130268869791
C-WEU-FIN,Zone_7A Very cold Humid,urb,q2,2070,0.0907130268869791
C-WEU-FRA,Zone_4A Mixed Humid,rur,q2,2070,0.3229022475965218
C-WEU-FRA,Zone_4A Mixed Humid,urb,q2,2070,0.3229022475965218
C-WEU-FRA,Zone_5A Cool Humid,rur,q2,2070,0.3229022475965218
C-WEU-FRA,Zone_5A Cool Humid,urb,q2,2070,0.3229022475965218
C-WEU-FRA,Zone_3A Warm Humid,rur,q2,2070,0.3229022475965218
C-WEU-FRA,Zone_3A Warm Humid,urb,q2,2070,0.3229022475965218
C-WEU-FRA,Zone_7A Very cold Humid,rur,q2,2070,0.3229022475965218
C-WEU-FRA,Zone_7A Very cold Humid,urb,q2,2070,0.3229022475965218
C-WEU-FRA,Zone_4C Mixed Marine,rur,q2,2070,0.3229022475965218
C-WEU-FRA,Zone_4C Mixed Marine,urb,q2,2070,0.3229022475965218
C-WEU-FRA,Zone_3C Warm Marine,rur,q2,2070,0.3229022475965218
C-WEU-FRA,Zone_3C Warm Marine,urb,q2,2070,0.3229022475965218
C-WEU-FRA,Zone_1A Very hot Humid,rur,q2,2070,0.3229022475965218
C-WEU-FRA,Zone_1A Very hot Humid,urb,q2,2070,0.3229022475965218
C-WEU-FRA,Zone_2A Hot Humid,rur,q2,2070,0.3229022475965218
C-WEU-FRA,Zone_2A Hot Humid,urb,q2,2070,0.3229022475965218
C-WEU-FRA,Zone_0A Extremely hot Humid,rur,q2,2070,0.3229022475965218
C-WEU-FRA,Zone_0A Extremely hot Humid,urb,q2,2070,0.3229022475965218
C-EEU-HRV,Zone_4A Mixed Humid,rur,q2,2070,0.4819500153014595
C-EEU-HRV,Zone_4A Mixed Humid,urb,q2,2070,0.4819500153014595
C-EEU-HRV,Zone_5A Cool Humid,rur,q2,2070,0.4819500153014595
C-EEU-HRV,Zone_5A Cool Humid,urb,q2,2070,0.4819500153014595
C-EEU-HRV,Zone_4C Mixed Marine,rur,q2,2070,0.4819500153014595
C-EEU-HRV,Zone_4C Mixed Marine,urb,q2,2070,0.4819500153014595
C-EEU-HRV,Zone_3A Warm Humid,rur,q2,2070,0.4819500153014595
C-EEU-HRV,Zone_3A Warm Humid,urb,q2,2070,0.4819500153014595
C-EEU-HUN,Zone_4A Mixed Humid,rur,q2,2070,0.4238991959564168
C-EEU-HUN,Zone_4A Mixed Humid,urb,q2,2070,0.4238991959564168
C-EEU-HUN,Zone_5A Cool Humid,rur,q2,2070,0.4238991959564168
C-EEU-HUN,Zone_5A Cool Humid,urb,q2,2070,0.4238991959564168
C-WEU-IRL,Zone_5A Cool Humid,rur,q2,2070,0.0518227451886
C-WEU-IRL,Zone_5A Cool Humid,urb,q2,2070,0.0518227451886
C-WEU-IRL,Zone_4A Mixed Humid,rur,q2,2070,0.0518227451886
C-WEU-IRL,Zone_4A Mixed Humid,urb,q2,2070,0.0518227451886
C-WEU-ITA,Zone_4A Mixed Humid,rur,q2,2070,0.5530596762281068
C-WEU-ITA,Zone_4A Mixed Humid,urb,q2,2070,0.5530596762281068
C-WEU-ITA,Zone_5A Cool Humid,rur,q2,2070,0.5530596762281068
C-WEU-ITA,Zone_5A Cool Humid,urb,q2,2070,0.5530596762281068
C-WEU-ITA,Zone_7A Very cold Humid,rur,q2,2070,0.5530596762281068
C-WEU-ITA,Zone_7A Very cold Humid,urb,q2,2070,0.5530596762281068
C-WEU-ITA,Zone_6A Cold Humid,rur,q2,2070,0.5530596762281068
C-WEU-ITA,Zone_6A Cold Humid,urb,q2,2070,0.5530596762281068
C-WEU-ITA,Zone_3A Warm Humid,rur,q2,2070,0.5530596762281068
C-WEU-ITA,Zone_3A Warm Humid,urb,q2,2070,0.5530596762281068
C-WEU-ITA,Zone_4C Mixed Marine,rur,q2,2070,0.5530596762281068
C-WEU-ITA,Zone_4C Mixed Marine,urb,q2,2070,0.5530596762281068
C-WEU-ITA,Zone_5C Cool Marine,rur,q2,2070,0.5530596762281068
C-WEU-ITA,Zone_5C Cool Marine,urb,q2,2070,0.5530596762281068
C-EEU-LTU,Zone_6A Cold Humid,rur,q2,2070,0.172329108971
C-EEU-LTU,Zone_6A Cold Humid,urb,q2,2070,0.172329108971
C-EEU-LTU,Zone_5A Cool Humid,rur,q2,2070,0.172329108971
C-EEU-LTU,Zone_5A Cool Humid,urb,q2,2070,0.172329108971
C-WEU-LUX,Zone_5A Cool Humid,rur,q2,2070,0.17273682377200003
C-WEU-LUX,Zone_5A Cool Humid,urb,q2,2070,0.17273682377200003
C-EEU-LVA,Zone_6A Cold Humid,rur,q2,2070,0.14156766645000002
C-EEU-LVA,Zone_6A Cold Humid,urb,q2,2070,0.14156766645000002
C-WEU-MLT,Zone_3A Warm Humid,rur,q2,2070,0.8833704542179999
C-WEU-MLT,Zone_3A Warm Humid,urb,q2,2070,0.8833704542179999
C-WEU-NLD,Zone_5A Cool Humid,rur,q2,2070,0.15652171270383142
C-WEU-NLD,Zone_5A Cool Humid,urb,q2,2070,0.15652171270383142
C-WEU-NLD,Zone_4A Mixed Humid,rur,q2,2070,0.15652171270383142
C-WEU-NLD,Zone_4A Mixed Humid,urb,q2,2070,0.15652171270383142
C-EEU-POL,Zone_5A Cool Humid,rur,q2,2070,0.23196405047
C-EEU-POL,Zone_5A Cool Humid,urb,q2,2070,0.23196405047
C-EEU-POL,Zone_6A Cold Humid,rur,q2,2070,0.23196405047
C-EEU-POL,Zone_6A Cold Humid,urb,q2,2070,0.23196405047
C-WEU-PRT,Zone_3C Warm Marine,rur,q2,2070,0.5347018535192264
C-WEU-PRT,Zone_3C Warm Marine,urb,q2,2070,0.5347018535192264
C-WEU-PRT,Zone_4C Mixed Marine,rur,q2,2070,0.5347018535192264
C-WEU-PRT,Zone_4C Mixed Marine,urb,q2,2070,0.5347018535192264
C-WEU-PRT,Zone_4A Mixed Humid,rur,q2,2070,0.5347018535192264
C-WEU-PRT,Zone_4A Mixed Humid,urb,q2,2070,0.5347018535192264
C-WEU-PRT,Zone_3A Warm Humid,rur,q2,2070,0.5347018535192264
C-WEU-PRT,Zone_3A Warm Humid,urb,q2,2070,0.5347018535192264
C-EEU-ROU,Zone_5A Cool Humid,rur,q2,2070,0.3674381650360084
C-EEU-ROU,Zone_5A Cool Humid,urb,q2,2070,0.3674381650360084
C-EEU-ROU,Zone_6A Cold Humid,rur,q2,2070,0.3674381650360084
C-EEU-ROU,Zone_6A Cold Humid,urb,q2,2070,0.3674381650360084
C-EEU-ROU,Zone_4A Mixed Humid,rur,q2,2070,0.3674381650360084
C-EEU-ROU,Zone_4A Mixed Humid,urb,q2,2070,0.3674381650360084
C-WEU-SWE,Zone_6A Cold Humid,rur,q2,2070,0.11896665311068412
C-WEU-SWE,Zone_6A Cold Humid,urb,q2,2070,0.11896665311068412
C-WEU-SWE,Zone_5A Cool Humid,rur,q2,2070,0.11896665311068412
C-WEU-SWE,Zone_5A Cool Humid,urb,q2,2070,0.11896665311068412
C-WEU-SWE,Zone_7A Very cold Humid,rur,q2,2070,0.11896665311068412
C-WEU-SWE,Zone_7A Very cold Humid,urb,q2,2070,0.11896665311068412
C-WEU-SWE,Zone_8A Subarctic/arctic Humid,rur,q2,2070,0.11896665311068412
C-WEU-SWE,Zone_8A Subarctic/arctic Humid,urb,q2,2070,0.11896665311068412
C-EEU-SVN,Zone_4A Mixed Humid,rur,q2,2070,0.15676480824482156
C-EEU-SVN,Zone_4A Mixed Humid,urb,q2,2070,0.15676480824482156
C-EEU-SVN,Zone_5A Cool Humid,rur,q2,2070,0.15676480824482156
C-EEU-SVN,Zone_5A Cool Humid,urb,q2,2070,0.15676480824482156
C-EEU-SVN,Zone_7A Very cold Humid,rur,q2,2070,0.15676480824482156
C-EEU-SVN,Zone_7A Very cold Humid,urb,q2,2070,0.15676480824482156
C-EEU-SVK,Zone_5A Cool Humid,rur,q2,2070,0.24743397132894906
C-EEU-SVK,Zone_5A Cool Humid,urb,q2,2070,0.24743397132894906
C-EEU-SVK,Zone_6A Cold Humid,rur,q2,2070,0.24743397132894906
C-EEU-SVK,Zone_6A Cold Humid,urb,q2,2070,0.24743397132894906
C-WEU-AUT,Zone_5A Cool Humid,rur,q3,2070,0.2272712333208088
C-WEU-AUT,Zone_5A Cool Humid,urb,q3,2070,0.2272712333208088
C-WEU-AUT,Zone_4A Mixed Humid,rur,q3,2070,0.2272712333208088
C-WEU-AUT,Zone_4A Mixed Humid,urb,q3,2070,0.2272712333208088
C-WEU-AUT,Zone_6A Cold Humid,rur,q3,2070,0.2272712333208088
C-WEU-AUT,Zone_6A Cold Humid,urb,q3,2070,0.2272712333208088
C-WEU-AUT,Zone_7A Very cold Humid,rur,q3,2070,0.2272712333208088
C-WEU-AUT,Zone_7A Very cold Humid,urb,q3,2070,0.2272712333208088
C-WEU-BEL,Zone_4A Mixed Humid,rur,q3,2070,0.19419159946
C-WEU-BEL,Zone_4A Mixed Humid,urb,q3,2070,0.19419159946
C-WEU-BEL,Zone_5A Cool Humid,rur,q3,2070,0.19419159946
C-WEU-BEL,Zone_5A Cool Humid,urb,q3,2070,0.19419159946
C-EEU-BGR,Zone_4A Mixed Humid,rur,q3,2070,0.4384798490179931
C-EEU-BGR,Zone_4A Mixed Humid,urb,q3,2070,0.4384798490179931
C-EEU-BGR,Zone_5A Cool Humid,rur,q3,2070,0.4384798490179931
C-EEU-BGR,Zone_5A Cool Humid,urb,q3,2070,0.4384798490179931
C-WEU-CYP,Zone_3A Warm Humid,rur,q3,2070,0.865026772
C-WEU-CYP,Zone_3A Warm Humid,urb,q3,2070,0.865026772
C-EEU-CZE,Zone_5A Cool Humid,rur,q3,2070,0.21305909999999997
C-EEU-CZE,Zone_5A Cool Humid,urb,q3,2070,0.21305909999999997
C-WEU-DEU,Zone_5A Cool Humid,rur,q3,2070,0.23389866042136853
C-WEU-DEU,Zone_5A Cool Humid,urb,q3,2070,0.23389866042136853
C-WEU-DEU,Zone_4A Mixed Humid,rur,q3,2070,0.23389866042136853
C-WEU-DEU,Zone_4A Mixed Humid,urb,q3,2070,0.23389866042136853
C-WEU-DEU,Zone_6A Cold Humid,rur,q3,2070,0.23389866042136853
C-WEU-DEU,Zone_6A Cold Humid,urb,q3,2070,0.23389866042136853
C-WEU-DNK,Zone_5A Cool Humid,rur,q3,2070,0.11843379490799999
C-WEU-DNK,Zone_5A Cool Humid,urb,q3,2070,0.11843379490799999
C-EEU-EST,Zone_6A Cold Humid,rur,q3,2070,0.10331920000000001
C-EEU-EST,Zone_6A Cold Humid,urb,q3,2070,0.10331920000000001
C-WEU-GRC,Zone_3A Warm Humid,rur,q3,2070,0.6979148437200936
C-WEU-GRC,Zone_3A Warm Humid,urb,q3,2070,0.6979148437200936
C-WEU-GRC,Zone_4A Mixed Humid,rur,q3,2070,0.6979148437200936
C-WEU-GRC,Zone_4A Mixed Humid,urb,q3,2070,0.6979148437200936
C-WEU-GRC,Zone_4C Mixed Marine,rur,q3,2070,0.6979148437200936
C-WEU-GRC,Zone_4C Mixed Marine,urb,q3,2070,0.6979148437200936
C-WEU-GRC,Zone_5C Cool Marine,rur,q3,2070,0.6979148437200936
C-WEU-GRC,Zone_5C Cool Marine,urb,q3,2070,0.6979148437200936
C-WEU-GRC,Zone_5A Cool Humid,rur,q3,2070,0.6979148437200936
C-WEU-GRC,Zone_5A Cool Humid,urb,q3,2070,0.6979148437200936
C-WEU-ESP,Zone_3C Warm Marine,rur,q3,2070,0.6484600512476847
C-WEU-ESP,Zone_3C Warm Marine,urb,q3,2070,0.6484600512476847
C-WEU-ESP,Zone_4C Mixed Marine,rur,q3,2070,0.6484600512476847
C-WEU-ESP,Zone_4C Mixed Marine,urb,q3,2070,0.6484600512476847
C-WEU-ESP,Zone_4A Mixed Humid,rur,q3,2070,0.6484600512476847
C-WEU-ESP,Zone_4A Mixed Humid,urb,q3,2070,0.6484600512476847
C-WEU-ESP,Zone_3A Warm Humid,rur,q3,2070,0.6484600512476847
C-WEU-ESP,Zone_3A Warm Humid,urb,q3,2070,0.6484600512476847
C-WEU-ESP,Zone_3B Warm Dry,rur,q3,2070,0.6484600512476847
C-WEU-ESP,Zone_3B Warm Dry,urb,q3,2070,0.6484600512476847
C-WEU-ESP,Zone_2B Hot Dry,rur,q3,2070,0.6484600512476847
C-WEU-ESP,Zone_2B Hot Dry,urb,q3,2070,0.6484600512476847
C-WEU-FIN,Zone_6A Cold Humid,rur,q3,2070,0.0907174440301731
C-WEU-FIN,Zone_6A Cold Humid,urb,q3,2070,0.0907174440301731
C-WEU-FIN,Zone_7A Very cold Humid,rur,q3,2070,0.0907174440301731
C-WEU-FIN,Zone_7A Very cold Humid,urb,q3,2070,0.0907174440301731
C-WEU-FRA,Zone_4A Mixed Humid,rur,q3,2070,0.32296725703846324
C-WEU-FRA,Zone_4A Mixed Humid,urb,q3,2070,0.32296725703846324
C-WEU-FRA,Zone_5A Cool Humid,rur,q3,2070,0.32296725703846324
C-WEU-FRA,Zone_5A Cool Humid,urb,q3,2070,0.32296725703846324
C-WEU-FRA,Zone_3A Warm Humid,rur,q3,2070,0.32296725703846324
C-WEU-FRA,Zone_3A Warm Humid,urb,q3,2070,0.32296725703846324
C-WEU-FRA,Zone_7A Very cold Humid,rur,q3,2070,0.32296725703846324
C-WEU-FRA,Zone_7A Very cold Humid,urb,q3,2070,0.32296725703846324
C-WEU-FRA,Zone_4C Mixed Marine,rur,q3,2070,0.32296725703846324
C-WEU-FRA,Zone_4C Mixed Marine,urb,q3,2070,0.32296725703846324
C-WEU-FRA,Zone_3C Warm Marine,rur,q3,2070,0.32296725703846324
C-WEU-FRA,Zone_3C Warm Marine,urb,q3,2070,0.32296725703846324
C-WEU-FRA,Zone_1A Very hot Humid,rur,q3,2070,0.32296725703846324
C-WEU-FRA,Zone_1A Very hot Humid,urb,q3,2070,0.32296725703846324
C-WEU-FRA,Zone_2A Hot Humid,rur,q3,2070,0.32296725703846324
C-WEU-FRA,Zone_2A Hot Humid,urb,q3,2070,0.32296725703846324
C-WEU-FRA,Zone_0A Extremely hot Humid,rur,q3,2070,0.32296725703846324
C-WEU-FRA,Zone_0A Extremely hot Humid,urb,q3,2070,0.32296725703846324
C-EEU-HRV,Zone_4A Mixed Humid,rur,q3,2070,0.5545861878685755
C-EEU-HRV,Zone_4A Mixed Humid,urb,q3,2070,0.5545861878685755
C-EEU-HRV,Zone_5A Cool Humid,rur,q3,2070,0.5545861878685755
C-EEU-HRV,Zone_5A Cool Humid,urb,q3,2070,0.5545861878685755
C-EEU-HRV,Zone_4C Mixed Marine,rur,q3,2070,0.5545861878685755
C-EEU-HRV,Zone_4C Mixed Marine,urb,q3,2070,0.5545861878685755
C-EEU-HRV,Zone_3A Warm Humid,rur,q3,2070,0.5545861878685755
C-EEU-HRV,Zone_3A Warm Humid,urb,q3,2070,0.5545861878685755
C-EEU-HUN,Zone_4A Mixed Humid,rur,q3,2070,0.42418589918428945
C-EEU-HUN,Zone_4A Mixed Humid,urb,q3,2070,0.42418589918428945
C-EEU-HUN,Zone_5A Cool Humid,rur,q3,2070,0.42418589918428945
C-EEU-HUN,Zone_5A Cool Humid,urb,q3,2070,0.42418589918428945
C-WEU-IRL,Zone_5A Cool Humid,rur,q3,2070,0.0518263
C-WEU-IRL,Zone_5A Cool Humid,urb,q3,2070,0.0518263
C-WEU-IRL,Zone_4A Mixed Humid,rur,q3,2070,0.0518263
C-WEU-IRL,Zone_4A Mixed Humid,urb,q3,2070,0.0518263
C-WEU-ITA,Zone_4A Mixed Humid,rur,q3,2070,0.5534138971796801
C-WEU-ITA,Zone_4A Mixed Humid,urb,q3,2070,0.5534138971796801
C-WEU-ITA,Zone_5A Cool Humid,rur,q3,2070,0.5534138971796801
C-WEU-ITA,Zone_5A Cool Humid,urb,q3,2070,0.5534138971796801
C-WEU-ITA,Zone_7A Very cold Humid,rur,q3,2070,0.5534138971796801
C-WEU-ITA,Zone_7A Very cold Humid,urb,q3,2070,0.5534138971796801
C-WEU-ITA,Zone_6A Cold Humid,rur,q3,2070,0.5534138971796801
C-WEU-ITA,Zone_6A Cold Humid,urb,q3,2070,0.5534138971796801
C-WEU-ITA,Zone_3A Warm Humid,rur,q3,2070,0.5534138971796801
C-WEU-ITA,Zone_3A Warm Humid,urb,q3,2070,0.5534138971796801
C-WEU-ITA,Zone_4C Mixed Marine,rur,q3,2070,0.5534138971796801
C-WEU-ITA,Zone_4C Mixed Marine,urb,q3,2070,0.5534138971796801
C-WEU-ITA,Zone_5C Cool Marine,rur,q3,2070,0.5534138971796801
C-WEU-ITA,Zone_5C Cool Marine,urb,q3,2070,0.5534138971796801
C-EEU-LTU,Zone_6A Cold Humid,rur,q3,2070,0.1726054
C-EEU-LTU,Zone_6A Cold Humid,urb,q3,2070,0.1726054
C-EEU-LTU,Zone_5A Cool Humid,rur,q3,2070,0.1726054
C-EEU-LTU,Zone_5A Cool Humid,urb,q3,2070,0.1726054
C-WEU-LUX,Zone_5A Cool Humid,rur,q3,2070,0.17273690000000003
C-WEU-LUX,Zone_5A Cool Humid,urb,q3,2070,0.17273690000000003
C-EEU-LVA,Zone_6A Cold Humid,rur,q3,2070,0.1418872
C-EEU-LVA,Zone_6A Cold Humid,urb,q3,2070,0.1418872
C-WEU-MLT,Zone_3A Warm Humid,rur,q3,2070,0.8834133644059999
C-WEU-MLT,Zone_3A Warm Humid,urb,q3,2070,0.8834133644059999
C-WEU-NLD,Zone_5A Cool Humid,rur,q3,2070,0.15652288875300766
C-WEU-NLD,Zone_5A Cool Humid,urb,q3,2070,0.15652288875300766
C-WEU-NLD,Zone_4A Mixed Humid,rur,q3,2070,0.15652288875300766
C-WEU-NLD,Zone_4A Mixed Humid,urb,q3,2070,0.15652288875300766
C-EEU-POL,Zone_5A Cool Humid,rur,q3,2070,0.2322152
C-EEU-POL,Zone_5A Cool Humid,urb,q3,2070,0.2322152
C-EEU-POL,Zone_6A Cold Humid,rur,q3,2070,0.2322152
C-EEU-POL,Zone_6A Cold Humid,urb,q3,2070,0.2322152
C-WEU-PRT,Zone_3C Warm Marine,rur,q3,2070,0.535559874154774
C-WEU-PRT,Zone_3C Warm Marine,urb,q3,2070,0.535559874154774
C-WEU-PRT,Zone_4C Mixed Marine,rur,q3,2070,0.535559874154774
C-WEU-PRT,Zone_4C Mixed Marine,urb,q3,2070,0.535559874154774
C-WEU-PRT,Zone_4A Mixed Humid,rur,q3,2070,0.535559874154774
C-WEU-PRT,Zone_4A Mixed Humid,urb,q3,2070,0.535559874154774
C-WEU-PRT,Zone_3A Warm Humid,rur,q3,2070,0.535559874154774
C-WEU-PRT,Zone_3A Warm Humid,urb,q3,2070,0.535559874154774
C-EEU-ROU,Zone_5A Cool Humid,rur,q3,2070,0.37056367465946793
C-EEU-ROU,Zone_5A Cool Humid,urb,q3,2070,0.37056367465946793
C-EEU-ROU,Zone_6A Cold Humid,rur,q3,2070,0.37056367465946793
C-EEU-ROU,Zone_6A Cold Humid,urb,q3,2070,0.37056367465946793
C-EEU-ROU,Zone_4A Mixed Humid,rur,q3,2070,0.37056367465946793
C-EEU-ROU,Zone_4A Mixed Humid,urb,q3,2070,0.37056367465946793
C-WEU-SWE,Zone_6A Cold Humid,rur,q3,2070,0.11896928877081811
C-WEU-SWE,Zone_6A Cold Humid,urb,q3,2070,0.11896928877081811
C-WEU-SWE,Zone_5A Cool Humid,rur,q3,2070,0.11896928877081811
C-WEU-SWE,Zone_5A Cool Humid,urb,q3,2070,0.11896928877081811
C-WEU-SWE,Zone_7A Very cold Humid,rur,q3,2070,0.11896928877081811
C-WEU-SWE,Zone_7A Very cold Humid,urb,q3,2070,0.11896928877081811
C-WEU-SWE,Zone_8A Subarctic/arctic Humid,rur,q3,2070,0.11896928877081811
C-WEU-SWE,Zone_8A Subarctic/arctic Humid,urb,q3,2070,0.11896928877081811
C-EEU-SVN,Zone_4A Mixed Humid,rur,q3,2070,0.15681811625170008
C-EEU-SVN,Zone_4A Mixed Humid,urb,q3,2070,0.15681811625170008
C-EEU-SVN,Zone_5A Cool Humid,rur,q3,2070,0.15681811625170008
C-EEU-SVN,Zone_5A Cool Humid,urb,q3,2070,0.15681811625170008
C-EEU-SVN,Zone_7A Very cold Humid,rur,q3,2070,0.15681811625170008
C-EEU-SVN,Zone_7A Very cold Humid,urb,q3,2070,0.15681811625170008
C-EEU-SVK,Zone_5A Cool Humid,rur,q3,2070,0.2474632546830924
C-EEU-SVK,Zone_5A Cool Humid,urb,q3,2070,0.2474632546830924
C-EEU-SVK,Zone_6A Cold Humid,rur,q3,2070,0.2474632546830924
C-EEU-SVK,Zone_6A Cold Humid,urb,q3,2070,0.2474632546830924
C-WEU-AUT,Zone_5A Cool Humid,rur,q1,2075,0.2271554183934466
C-WEU-AUT,Zone_5A Cool Humid,urb,q1,2075,0.2271554183934466
C-WEU-AUT,Zone_4A Mixed Humid,rur,q1,2075,0.2271554183934466
C-WEU-AUT,Zone_4A Mixed Humid,urb,q1,2075,0.2271554183934466
C-WEU-AUT,Zone_6A Cold Humid,rur,q1,2075,0.2271554183934466
C-WEU-AUT,Zone_6A Cold Humid,urb,q1,2075,0.2271554183934466
C-WEU-AUT,Zone_7A Very cold Humid,rur,q1,2075,0.2271554183934466
C-WEU-AUT,Zone_7A Very cold Humid,urb,q1,2075,0.2271554183934466
C-WEU-BEL,Zone_4A Mixed Humid,rur,q1,2075,0.1941054928126
C-WEU-BEL,Zone_4A Mixed Humid,urb,q1,2075,0.1941054928126
C-WEU-BEL,Zone_5A Cool Humid,rur,q1,2075,0.1941054928126
C-WEU-BEL,Zone_5A Cool Humid,urb,q1,2075,0.1941054928126
C-EEU-BGR,Zone_4A Mixed Humid,rur,q1,2075,0.3812801034975994
C-EEU-BGR,Zone_4A Mixed Humid,urb,q1,2075,0.3812801034975994
C-EEU-BGR,Zone_5A Cool Humid,rur,q1,2075,0.3812801034975994
C-EEU-BGR,Zone_5A Cool Humid,urb,q1,2075,0.3812801034975994
C-WEU-CYP,Zone_3A Warm Humid,rur,q1,2075,0.6845140705099999
C-WEU-CYP,Zone_3A Warm Humid,urb,q1,2075,0.6845140705099999
C-EEU-CZE,Zone_5A Cool Humid,rur,q1,2075,0.212787685906
C-EEU-CZE,Zone_5A Cool Humid,urb,q1,2075,0.212787685906
C-WEU-DEU,Zone_5A Cool Humid,rur,q1,2075,0.23267651196238143
C-WEU-DEU,Zone_5A Cool Humid,urb,q1,2075,0.23267651196238143
C-WEU-DEU,Zone_4A Mixed Humid,rur,q1,2075,0.23267651196238143
C-WEU-DEU,Zone_4A Mixed Humid,urb,q1,2075,0.23267651196238143
C-WEU-DEU,Zone_6A Cold Humid,rur,q1,2075,0.23267651196238143
C-WEU-DEU,Zone_6A Cold Humid,urb,q1,2075,0.23267651196238143
C-WEU-DNK,Zone_5A Cool Humid,rur,q1,2075,0.11828687050200001
C-WEU-DNK,Zone_5A Cool Humid,urb,q1,2075,0.11828687050200001
C-EEU-EST,Zone_6A Cold Humid,rur,q1,2075,0.10282834706800001
C-EEU-EST,Zone_6A Cold Humid,urb,q1,2075,0.10282834706800001
C-WEU-GRC,Zone_3A Warm Humid,rur,q1,2075,0.6932195335764297
C-WEU-GRC,Zone_3A Warm Humid,urb,q1,2075,0.6932195335764297
C-WEU-GRC,Zone_4A Mixed Humid,rur,q1,2075,0.6932195335764297
C-WEU-GRC,Zone_4A Mixed Humid,urb,q1,2075,0.6932195335764297
C-WEU-GRC,Zone_4C Mixed Marine,rur,q1,2075,0.6932195335764297
C-WEU-GRC,Zone_4C Mixed Marine,urb,q1,2075,0.6932195335764297
C-WEU-GRC,Zone_5C Cool Marine,rur,q1,2075,0.6932195335764297
C-WEU-GRC,Zone_5C Cool Marine,urb,q1,2075,0.6932195335764297
C-WEU-GRC,Zone_5A Cool Humid,rur,q1,2075,0.6932195335764297
C-WEU-GRC,Zone_5A Cool Humid,urb,q1,2075,0.6932195335764297
C-WEU-ESP,Zone_3C Warm Marine,rur,q1,2075,0.6316485356764923
C-WEU-ESP,Zone_3C Warm Marine,urb,q1,2075,0.6316485356764923
C-WEU-ESP,Zone_4C Mixed Marine,rur,q1,2075,0.6316485356764923
C-WEU-ESP,Zone_4C Mixed Marine,urb,q1,2075,0.6316485356764923
C-WEU-ESP,Zone_4A Mixed Humid,rur,q1,2075,0.6316485356764923
C-WEU-ESP,Zone_4A Mixed Humid,urb,q1,2075,0.6316485356764923
C-WEU-ESP,Zone_3A Warm Humid,rur,q1,2075,0.6316485356764923
C-WEU-ESP,Zone_3A Warm Humid,urb,q1,2075,0.6316485356764923
C-WEU-ESP,Zone_3B Warm Dry,rur,q1,2075,0.6316485356764923
C-WEU-ESP,Zone_3B Warm Dry,urb,q1,2075,0.6316485356764923
C-WEU-ESP,Zone_2B Hot Dry,rur,q1,2075,0.6316485356764923
C-WEU-ESP,Zone_2B Hot Dry,urb,q1,2075,0.6316485356764923
C-WEU-FIN,Zone_6A Cold Humid,rur,q1,2075,0.09052653759679022
C-WEU-FIN,Zone_6A Cold Humid,urb,q1,2075,0.09052653759679022
C-WEU-FIN,Zone_7A Very cold Humid,rur,q1,2075,0.09052653759679022
C-WEU-FIN,Zone_7A Very cold Humid,urb,q1,2075,0.09052653759679022
C-WEU-FRA,Zone_4A Mixed Humid,rur,q1,2075,0.3214772105095649
C-WEU-FRA,Zone_4A Mixed Humid,urb,q1,2075,0.3214772105095649
C-WEU-FRA,Zone_5A Cool Humid,rur,q1,2075,0.3214772105095649
C-WEU-FRA,Zone_5A Cool Humid,urb,q1,2075,0.3214772105095649
C-WEU-FRA,Zone_3A Warm Humid,rur,q1,2075,0.3214772105095649
C-WEU-FRA,Zone_3A Warm Humid,urb,q1,2075,0.3214772105095649
C-WEU-FRA,Zone_7A Very cold Humid,rur,q1,2075,0.3214772105095649
C-WEU-FRA,Zone_7A Very cold Humid,urb,q1,2075,0.3214772105095649
C-WEU-FRA,Zone_4C Mixed Marine,rur,q1,2075,0.3214772105095649
C-WEU-FRA,Zone_4C Mixed Marine,urb,q1,2075,0.3214772105095649
C-WEU-FRA,Zone_3C Warm Marine,rur,q1,2075,0.3214772105095649
C-WEU-FRA,Zone_3C Warm Marine,urb,q1,2075,0.3214772105095649
C-WEU-FRA,Zone_1A Very hot Humid,rur,q1,2075,0.3214772105095649
C-WEU-FRA,Zone_1A Very hot Humid,urb,q1,2075,0.3214772105095649
C-WEU-FRA,Zone_2A Hot Humid,rur,q1,2075,0.3214772105095649
C-WEU-FRA,Zone_2A Hot Humid,urb,q1,2075,0.3214772105095649
C-WEU-FRA,Zone_0A Extremely hot Humid,rur,q1,2075,0.3214772105095649
C-WEU-FRA,Zone_0A Extremely hot Humid,urb,q1,2075,0.3214772105095649
C-EEU-HRV,Zone_4A Mixed Humid,rur,q1,2075,0.31261943049334373
C-EEU-HRV,Zone_4A Mixed Humid,urb,q1,2075,0.31261943049334373
C-EEU-HRV,Zone_5A Cool Humid,rur,q1,2075,0.31261943049334373
C-EEU-HRV,Zone_5A Cool Humid,urb,q1,2075,0.31261943049334373
C-EEU-HRV,Zone_4C Mixed Marine,rur,q1,2075,0.31261943049334373
C-EEU-HRV,Zone_4C Mixed Marine,urb,q1,2075,0.31261943049334373
C-EEU-HRV,Zone_3A Warm Humid,rur,q1,2075,0.31261943049334373
C-EEU-HRV,Zone_3A Warm Humid,urb,q1,2075,0.31261943049334373
C-EEU-HUN,Zone_4A Mixed Humid,rur,q1,2075,0.41611925288456614
C-EEU-HUN,Zone_4A Mixed Humid,urb,q1,2075,0.41611925288456614
C-EEU-HUN,Zone_5A Cool Humid,rur,q1,2075,0.41611925288456614
C-EEU-HUN,Zone_5A Cool Humid,urb,q1,2075,0.41611925288456614
C-WEU-IRL,Zone_5A Cool Humid,rur,q1,2075,0.051407205330000004
C-WEU-IRL,Zone_5A Cool Humid,urb,q1,2075,0.051407205330000004
C-WEU-IRL,Zone_4A Mixed Humid,rur,q1,2075,0.051407205330000004
C-WEU-IRL,Zone_4A Mixed Humid,urb,q1,2075,0.051407205330000004
C-WEU-ITA,Zone_4A Mixed Humid,rur,q1,2075,0.5377427448687636
C-WEU-ITA,Zone_4A Mixed Humid,urb,q1,2075,0.5377427448687636
C-WEU-ITA,Zone_5A Cool Humid,rur,q1,2075,0.5377427448687636
C-WEU-ITA,Zone_5A Cool Humid,urb,q1,2075,0.5377427448687636
C-WEU-ITA,Zone_7A Very cold Humid,rur,q1,2075,0.5377427448687636
C-WEU-ITA,Zone_7A Very cold Humid,urb,q1,2075,0.5377427448687636
C-WEU-ITA,Zone_6A Cold Humid,rur,q1,2075,0.5377427448687636
C-WEU-ITA,Zone_6A Cold Humid,urb,q1,2075,0.5377427448687636
C-WEU-ITA,Zone_3A Warm Humid,rur,q1,2075,0.5377427448687636
C-WEU-ITA,Zone_3A Warm Humid,urb,q1,2075,0.5377427448687636
C-WEU-ITA,Zone_4C Mixed Marine,rur,q1,2075,0.5377427448687636
C-WEU-ITA,Zone_4C Mixed Marine,urb,q1,2075,0.5377427448687636
C-WEU-ITA,Zone_5C Cool Marine,rur,q1,2075,0.5377427448687636
C-WEU-ITA,Zone_5C Cool Marine,urb,q1,2075,0.5377427448687636
C-EEU-LTU,Zone_6A Cold Humid,rur,q1,2075,0.1513255960168
C-EEU-LTU,Zone_6A Cold Humid,urb,q1,2075,0.1513255960168
C-EEU-LTU,Zone_5A Cool Humid,rur,q1,2075,0.1513255960168
C-EEU-LTU,Zone_5A Cool Humid,urb,q1,2075,0.1513255960168
C-WEU-LUX,Zone_5A Cool Humid,rur,q1,2075,0.17272147047999997
C-WEU-LUX,Zone_5A Cool Humid,urb,q1,2075,0.17272147047999997
C-EEU-LVA,Zone_6A Cold Humid,rur,q1,2075,0.128813367029
C-EEU-LVA,Zone_6A Cold Humid,urb,q1,2075,0.128813367029
C-WEU-MLT,Zone_3A Warm Humid,rur,q1,2075,0.882077477486
C-WEU-MLT,Zone_3A Warm Humid,urb,q1,2075,0.882077477486
C-WEU-NLD,Zone_5A Cool Humid,rur,q1,2075,0.15641982092324652
C-WEU-NLD,Zone_5A Cool Humid,urb,q1,2075,0.15641982092324652
C-WEU-NLD,Zone_4A Mixed Humid,rur,q1,2075,0.15641982092324652
C-WEU-NLD,Zone_4A Mixed Humid,urb,q1,2075,0.15641982092324652
C-EEU-POL,Zone_5A Cool Humid,rur,q1,2075,0.21895806622600003
C-EEU-POL,Zone_5A Cool Humid,urb,q1,2075,0.21895806622600003
C-EEU-POL,Zone_6A Cold Humid,rur,q1,2075,0.21895806622600003
C-EEU-POL,Zone_6A Cold Humid,urb,q1,2075,0.21895806622600003
C-WEU-PRT,Zone_3C Warm Marine,rur,q1,2075,0.512429704071793
C-WEU-PRT,Zone_3C Warm Marine,urb,q1,2075,0.512429704071793
C-WEU-PRT,Zone_4C Mixed Marine,rur,q1,2075,0.512429704071793
C-WEU-PRT,Zone_4C Mixed Marine,urb,q1,2075,0.512429704071793
C-WEU-PRT,Zone_4A Mixed Humid,rur,q1,2075,0.512429704071793
C-WEU-PRT,Zone_4A Mixed Humid,urb,q1,2075,0.512429704071793
C-WEU-PRT,Zone_3A Warm Humid,rur,q1,2075,0.512429704071793
C-WEU-PRT,Zone_3A Warm Humid,urb,q1,2075,0.512429704071793
C-EEU-ROU,Zone_5A Cool Humid,rur,q1,2075,0.3420244699130684
C-EEU-ROU,Zone_5A Cool Humid,urb,q1,2075,0.3420244699130684
C-EEU-ROU,Zone_6A Cold Humid,rur,q1,2075,0.3420244699130684
C-EEU-ROU,Zone_6A Cold Humid,urb,q1,2075,0.3420244699130684
C-EEU-ROU,Zone_4A Mixed Humid,rur,q1,2075,0.3420244699130684
C-EEU-ROU,Zone_4A Mixed Humid,urb,q1,2075,0.3420244699130684
C-WEU-SWE,Zone_6A Cold Humid,rur,q1,2075,0.11878655340835834
C-WEU-SWE,Zone_6A Cold Humid,urb,q1,2075,0.11878655340835834
C-WEU-SWE,Zone_5A Cool Humid,rur,q1,2075,0.11878655340835834
C-WEU-SWE,Zone_5A Cool Humid,urb,q1,2075,0.11878655340835834
C-WEU-SWE,Zone_7A Very cold Humid,rur,q1,2075,0.11878655340835834
C-WEU-SWE,Zone_7A Very cold Humid,urb,q1,2075,0.11878655340835834
C-WEU-SWE,Zone_8A Subarctic/arctic Humid,rur,q1,2075,0.11878655340835834
C-WEU-SWE,Zone_8A Subarctic/arctic Humid,urb,q1,2075,0.11878655340835834
C-EEU-SVN,Zone_4A Mixed Humid,rur,q1,2075,0.15535002682929527
C-EEU-SVN,Zone_4A Mixed Humid,urb,q1,2075,0.15535002682929527
C-EEU-SVN,Zone_5A Cool Humid,rur,q1,2075,0.15535002682929527
C-EEU-SVN,Zone_5A Cool Humid,urb,q1,2075,0.15535002682929527
C-EEU-SVN,Zone_7A Very cold Humid,rur,q1,2075,0.15535002682929527
C-EEU-SVN,Zone_7A Very cold Humid,urb,q1,2075,0.15535002682929527
C-EEU-SVK,Zone_5A Cool Humid,rur,q1,2075,0.23420348654377485
C-EEU-SVK,Zone_5A Cool Humid,urb,q1,2075,0.23420348654377485
C-EEU-SVK,Zone_6A Cold Humid,rur,q1,2075,0.23420348654377485
C-EEU-SVK,Zone_6A Cold Humid,urb,q1,2075,0.23420348654377485
C-WEU-AUT,Zone_5A Cool Humid,rur,q2,2075,0.2275173541563498
C-WEU-AUT,Zone_5A Cool Humid,urb,q2,2075,0.2275173541563498
C-WEU-AUT,Zone_4A Mixed Humid,rur,q2,2075,0.2275173541563498
C-WEU-AUT,Zone_4A Mixed Humid,urb,q2,2075,0.2275173541563498
C-WEU-AUT,Zone_6A Cold Humid,rur,q2,2075,0.2275173541563498
C-WEU-AUT,Zone_6A Cold Humid,urb,q2,2075,0.2275173541563498
C-WEU-AUT,Zone_7A Very cold Humid,rur,q2,2075,0.2275173541563498
C-WEU-AUT,Zone_7A Very cold Humid,urb,q2,2075,0.2275173541563498
C-WEU-BEL,Zone_4A Mixed Humid,rur,q2,2075,0.194190968274
C-WEU-BEL,Zone_4A Mixed Humid,urb,q2,2075,0.194190968274
C-WEU-BEL,Zone_5A Cool Humid,rur,q2,2075,0.194190968274
C-WEU-BEL,Zone_5A Cool Humid,urb,q2,2075,0.194190968274
C-EEU-BGR,Zone_4A Mixed Humid,rur,q2,2075,0.4383632897218259
C-EEU-BGR,Zone_4A Mixed Humid,urb,q2,2075,0.4383632897218259
C-EEU-BGR,Zone_5A Cool Humid,rur,q2,2075,0.4383632897218259
C-EEU-BGR,Zone_5A Cool Humid,urb,q2,2075,0.4383632897218259
C-WEU-CYP,Zone_3A Warm Humid,rur,q2,2075,0.8523362620649999
C-WEU-CYP,Zone_3A Warm Humid,urb,q2,2075,0.8523362620649999
C-EEU-CZE,Zone_5A Cool Humid,rur,q2,2075,0.21305875149800002
C-EEU-CZE,Zone_5A Cool Humid,urb,q2,2075,0.21305875149800002
C-WEU-DEU,Zone_5A Cool Humid,rur,q2,2075,0.23389415347689033
C-WEU-DEU,Zone_5A Cool Humid,urb,q2,2075,0.23389415347689033
C-WEU-DEU,Zone_4A Mixed Humid,rur,q2,2075,0.23389415347689033
C-WEU-DEU,Zone_4A Mixed Humid,urb,q2,2075,0.23389415347689033
C-WEU-DEU,Zone_6A Cold Humid,rur,q2,2075,0.23389415347689033
C-WEU-DEU,Zone_6A Cold Humid,urb,q2,2075,0.23389415347689033
C-WEU-DNK,Zone_5A Cool Humid,rur,q2,2075,0.118431459064
C-WEU-DNK,Zone_5A Cool Humid,urb,q2,2075,0.118431459064
C-EEU-EST,Zone_6A Cold Humid,rur,q2,2075,0.103316095732
C-EEU-EST,Zone_6A Cold Humid,urb,q2,2075,0.103316095732
C-WEU-GRC,Zone_3A Warm Humid,rur,q2,2075,0.7006210155489123
C-WEU-GRC,Zone_3A Warm Humid,urb,q2,2075,0.7006210155489123
C-WEU-GRC,Zone_4A Mixed Humid,rur,q2,2075,0.7006210155489123
C-WEU-GRC,Zone_4A Mixed Humid,urb,q2,2075,0.7006210155489123
C-WEU-GRC,Zone_4C Mixed Marine,rur,q2,2075,0.7006210155489123
C-WEU-GRC,Zone_4C Mixed Marine,urb,q2,2075,0.7006210155489123
C-WEU-GRC,Zone_5C Cool Marine,rur,q2,2075,0.7006210155489123
C-WEU-GRC,Zone_5C Cool Marine,urb,q2,2075,0.7006210155489123
C-WEU-GRC,Zone_5A Cool Humid,rur,q2,2075,0.7006210155489123
C-WEU-GRC,Zone_5A Cool Humid,urb,q2,2075,0.7006210155489123
C-WEU-ESP,Zone_3C Warm Marine,rur,q2,2075,0.6492648495071277
C-WEU-ESP,Zone_3C Warm Marine,urb,q2,2075,0.6492648495071277
C-WEU-ESP,Zone_4C Mixed Marine,rur,q2,2075,0.6492648495071277
C-WEU-ESP,Zone_4C Mixed Marine,urb,q2,2075,0.6492648495071277
C-WEU-ESP,Zone_4A Mixed Humid,rur,q2,2075,0.6492648495071277
C-WEU-ESP,Zone_4A Mixed Humid,urb,q2,2075,0.6492648495071277
C-WEU-ESP,Zone_3A Warm Humid,rur,q2,2075,0.6492648495071277
C-WEU-ESP,Zone_3A Warm Humid,urb,q2,2075,0.6492648495071277
C-WEU-ESP,Zone_3B Warm Dry,rur,q2,2075,0.6492648495071277
C-WEU-ESP,Zone_3B Warm Dry,urb,q2,2075,0.6492648495071277
C-WEU-ESP,Zone_2B Hot Dry,rur,q2,2075,0.6492648495071277
C-WEU-ESP,Zone_2B Hot Dry,urb,q2,2075,0.6492648495071277
C-WEU-FIN,Zone_6A Cold Humid,rur,q2,2075,0.09074040718440617
C-WEU-FIN,Zone_6A Cold Humid,urb,q2,2075,0.09074040718440617
C-WEU-FIN,Zone_7A Very cold Humid,rur,q2,2075,0.09074040718440617
C-WEU-FIN,Zone_7A Very cold Humid,urb,q2,2075,0.09074040718440617
C-WEU-FRA,Zone_4A Mixed Humid,rur,q2,2075,0.323665728227708
C-WEU-FRA,Zone_4A Mixed Humid,urb,q2,2075,0.323665728227708
C-WEU-FRA,Zone_5A Cool Humid,rur,q2,2075,0.323665728227708
C-WEU-FRA,Zone_5A Cool Humid,urb,q2,2075,0.323665728227708
C-WEU-FRA,Zone_3A Warm Humid,rur,q2,2075,0.323665728227708
C-WEU-FRA,Zone_3A Warm Humid,urb,q2,2075,0.323665728227708
C-WEU-FRA,Zone_7A Very cold Humid,rur,q2,2075,0.323665728227708
C-WEU-FRA,Zone_7A Very cold Humid,urb,q2,2075,0.323665728227708
C-WEU-FRA,Zone_4C Mixed Marine,rur,q2,2075,0.323665728227708
C-WEU-FRA,Zone_4C Mixed Marine,urb,q2,2075,0.323665728227708
C-WEU-FRA,Zone_3C Warm Marine,rur,q2,2075,0.323665728227708
C-WEU-FRA,Zone_3C Warm Marine,urb,q2,2075,0.323665728227708
C-WEU-FRA,Zone_1A Very hot Humid,rur,q2,2075,0.323665728227708
C-WEU-FRA,Zone_1A Very hot Humid,urb,q2,2075,0.323665728227708
C-WEU-FRA,Zone_2A Hot Humid,rur,q2,2075,0.323665728227708
C-WEU-FRA,Zone_2A Hot Humid,urb,q2,2075,0.323665728227708
C-WEU-FRA,Zone_0A Extremely hot Humid,rur,q2,2075,0.323665728227708
C-WEU-FRA,Zone_0A Extremely hot Humid,urb,q2,2075,0.323665728227708
C-EEU-HRV,Zone_4A Mixed Humid,rur,q2,2075,0.49304992381514084
C-EEU-HRV,Zone_4A Mixed Humid,urb,q2,2075,0.49304992381514084
C-EEU-HRV,Zone_5A Cool Humid,rur,q2,2075,0.49304992381514084
C-EEU-HRV,Zone_5A Cool Humid,urb,q2,2075,0.49304992381514084
C-EEU-HRV,Zone_4C Mixed Marine,rur,q2,2075,0.49304992381514084
C-EEU-HRV,Zone_4C Mixed Marine,urb,q2,2075,0.49304992381514084
C-EEU-HRV,Zone_3A Warm Humid,rur,q2,2075,0.49304992381514084
C-EEU-HRV,Zone_3A Warm Humid,urb,q2,2075,0.49304992381514084
C-EEU-HUN,Zone_4A Mixed Humid,rur,q2,2075,0.42399575588363936
C-EEU-HUN,Zone_4A Mixed Humid,urb,q2,2075,0.42399575588363936
C-EEU-HUN,Zone_5A Cool Humid,rur,q2,2075,0.42399575588363936
C-EEU-HUN,Zone_5A Cool Humid,urb,q2,2075,0.42399575588363936
C-WEU-IRL,Zone_5A Cool Humid,rur,q2,2075,0.051824569505
C-WEU-IRL,Zone_5A Cool Humid,urb,q2,2075,0.051824569505
C-WEU-IRL,Zone_4A Mixed Humid,rur,q2,2075,0.051824569505
C-WEU-IRL,Zone_4A Mixed Humid,urb,q2,2075,0.051824569505
C-WEU-ITA,Zone_4A Mixed Humid,rur,q2,2075,0.5522107933228254
C-WEU-ITA,Zone_4A Mixed Humid,urb,q2,2075,0.5522107933228254
C-WEU-ITA,Zone_5A Cool Humid,rur,q2,2075,0.5522107933228254
C-WEU-ITA,Zone_5A Cool Humid,urb,q2,2075,0.5522107933228254
C-WEU-ITA,Zone_7A Very cold Humid,rur,q2,2075,0.5522107933228254
C-WEU-ITA,Zone_7A Very cold Humid,urb,q2,2075,0.5522107933228254
C-WEU-ITA,Zone_6A Cold Humid,rur,q2,2075,0.5522107933228254
C-WEU-ITA,Zone_6A Cold Humid,urb,q2,2075,0.5522107933228254
C-WEU-ITA,Zone_3A Warm Humid,rur,q2,2075,0.5522107933228254
C-WEU-ITA,Zone_3A Warm Humid,urb,q2,2075,0.5522107933228254
C-WEU-ITA,Zone_4C Mixed Marine,rur,q2,2075,0.5522107933228254
C-WEU-ITA,Zone_4C Mixed Marine,urb,q2,2075,0.5522107933228254
C-WEU-ITA,Zone_5C Cool Marine,rur,q2,2075,0.5522107933228254
C-WEU-ITA,Zone_5C Cool Marine,urb,q2,2075,0.5522107933228254
C-EEU-LTU,Zone_6A Cold Humid,rur,q2,2075,0.17246626731900003
C-EEU-LTU,Zone_6A Cold Humid,urb,q2,2075,0.17246626731900003
C-EEU-LTU,Zone_5A Cool Humid,rur,q2,2075,0.17246626731900003
C-EEU-LTU,Zone_5A Cool Humid,urb,q2,2075,0.17246626731900003
C-WEU-LUX,Zone_5A Cool Humid,rur,q2,2075,0.17273686192999999
C-WEU-LUX,Zone_5A Cool Humid,urb,q2,2075,0.17273686192999999
C-EEU-LVA,Zone_6A Cold Humid,rur,q2,2075,0.14172509154099996
C-EEU-LVA,Zone_6A Cold Humid,urb,q2,2075,0.14172509154099996
C-WEU-MLT,Zone_3A Warm Humid,rur,q2,2075,0.883394240644
C-WEU-MLT,Zone_3A Warm Humid,urb,q2,2075,0.883394240644
C-WEU-NLD,Zone_5A Cool Humid,rur,q2,2075,0.15651750506949513
C-WEU-NLD,Zone_5A Cool Humid,urb,q2,2075,0.15651750506949513
C-WEU-NLD,Zone_4A Mixed Humid,rur,q2,2075,0.15651750506949513
C-WEU-NLD,Zone_4A Mixed Humid,urb,q2,2075,0.15651750506949513
C-EEU-POL,Zone_5A Cool Humid,rur,q2,2075,0.23208664886600003
C-EEU-POL,Zone_5A Cool Humid,urb,q2,2075,0.23208664886600003
C-EEU-POL,Zone_6A Cold Humid,rur,q2,2075,0.23208664886600003
C-EEU-POL,Zone_6A Cold Humid,urb,q2,2075,0.23208664886600003
C-WEU-PRT,Zone_3C Warm Marine,rur,q2,2075,0.5366190848537273
C-WEU-PRT,Zone_3C Warm Marine,urb,q2,2075,0.5366190848537273
C-WEU-PRT,Zone_4C Mixed Marine,rur,q2,2075,0.5366190848537273
C-WEU-PRT,Zone_4C Mixed Marine,urb,q2,2075,0.5366190848537273
C-WEU-PRT,Zone_4A Mixed Humid,rur,q2,2075,0.5366190848537273
C-WEU-PRT,Zone_4A Mixed Humid,urb,q2,2075,0.5366190848537273
C-WEU-PRT,Zone_3A Warm Humid,rur,q2,2075,0.5366190848537273
C-WEU-PRT,Zone_3A Warm Humid,urb,q2,2075,0.5366190848537273
C-EEU-ROU,Zone_5A Cool Humid,rur,q2,2075,0.3678938499319563
C-EEU-ROU,Zone_5A Cool Humid,urb,q2,2075,0.3678938499319563
C-EEU-ROU,Zone_6A Cold Humid,rur,q2,2075,0.3678938499319563
C-EEU-ROU,Zone_6A Cold Humid,urb,q2,2075,0.3678938499319563
C-EEU-ROU,Zone_4A Mixed Humid,rur,q2,2075,0.3678938499319563
C-EEU-ROU,Zone_4A Mixed Humid,urb,q2,2075,0.3678938499319563
C-WEU-SWE,Zone_6A Cold Humid,rur,q2,2075,0.11897524745347032
C-WEU-SWE,Zone_6A Cold Humid,urb,q2,2075,0.11897524745347032
C-WEU-SWE,Zone_5A Cool Humid,rur,q2,2075,0.11897524745347032
C-WEU-SWE,Zone_5A Cool Humid,urb,q2,2075,0.11897524745347032
C-WEU-SWE,Zone_7A Very cold Humid,rur,q2,2075,0.11897524745347032
C-WEU-SWE,Zone_7A Very cold Humid,urb,q2,2075,0.11897524745347032
C-WEU-SWE,Zone_8A Subarctic/arctic Humid,rur,q2,2075,0.11897524745347032
C-WEU-SWE,Zone_8A Subarctic/arctic Humid,urb,q2,2075,0.11897524745347032
C-EEU-SVN,Zone_4A Mixed Humid,rur,q2,2075,0.15680455327883114
C-EEU-SVN,Zone_4A Mixed Humid,urb,q2,2075,0.15680455327883114
C-EEU-SVN,Zone_5A Cool Humid,rur,q2,2075,0.15680455327883114
C-EEU-SVN,Zone_5A Cool Humid,urb,q2,2075,0.15680455327883114
C-EEU-SVN,Zone_7A Very cold Humid,rur,q2,2075,0.15680455327883114
C-EEU-SVN,Zone_7A Very cold Humid,urb,q2,2075,0.15680455327883114
C-EEU-SVK,Zone_5A Cool Humid,rur,q2,2075,0.2474578613930764
C-EEU-SVK,Zone_5A Cool Humid,urb,q2,2075,0.2474578613930764
C-EEU-SVK,Zone_6A Cold Humid,rur,q2,2075,0.2474578613930764
C-EEU-SVK,Zone_6A Cold Humid,urb,q2,2075,0.2474578613930764
C-WEU-AUT,Zone_5A Cool Humid,rur,q3,2075,0.22751879270604777
C-WEU-AUT,Zone_5A Cool Humid,urb,q3,2075,0.22751879270604777
C-WEU-AUT,Zone_4A Mixed Humid,rur,q3,2075,0.22751879270604777
C-WEU-AUT,Zone_4A Mixed Humid,urb,q3,2075,0.22751879270604777
C-WEU-AUT,Zone_6A Cold Humid,rur,q3,2075,0.22751879270604777
C-WEU-AUT,Zone_6A Cold Humid,urb,q3,2075,0.22751879270604777
C-WEU-AUT,Zone_7A Very cold Humid,rur,q3,2075,0.22751879270604777
C-WEU-AUT,Zone_7A Very cold Humid,urb,q3,2075,0.22751879270604777
C-WEU-BEL,Zone_4A Mixed Humid,rur,q3,2075,0.1941915997249
C-WEU-BEL,Zone_4A Mixed Humid,urb,q3,2075,0.1941915997249
C-WEU-BEL,Zone_5A Cool Humid,rur,q3,2075,0.1941915997249
C-WEU-BEL,Zone_5A Cool Humid,urb,q3,2075,0.1941915997249
C-EEU-BGR,Zone_4A Mixed Humid,rur,q3,2075,0.4385241952599141
C-EEU-BGR,Zone_4A Mixed Humid,urb,q3,2075,0.4385241952599141
C-EEU-BGR,Zone_5A Cool Humid,rur,q3,2075,0.4385241952599141
C-EEU-BGR,Zone_5A Cool Humid,urb,q3,2075,0.4385241952599141
C-WEU-CYP,Zone_3A Warm Humid,rur,q3,2075,0.865105710408
C-WEU-CYP,Zone_3A Warm Humid,urb,q3,2075,0.865105710408
C-EEU-CZE,Zone_5A Cool Humid,rur,q3,2075,0.2130591
C-EEU-CZE,Zone_5A Cool Humid,urb,q3,2075,0.2130591
C-WEU-DEU,Zone_5A Cool Humid,rur,q3,2075,0.23389822406607663
C-WEU-DEU,Zone_5A Cool Humid,urb,q3,2075,0.23389822406607663
C-WEU-DEU,Zone_4A Mixed Humid,rur,q3,2075,0.23389822406607663
C-WEU-DEU,Zone_4A Mixed Humid,urb,q3,2075,0.23389822406607663
C-WEU-DEU,Zone_6A Cold Humid,rur,q3,2075,0.23389822406607663
C-WEU-DEU,Zone_6A Cold Humid,urb,q3,2075,0.23389822406607663
C-WEU-DNK,Zone_5A Cool Humid,rur,q3,2075,0.1184338
C-WEU-DNK,Zone_5A Cool Humid,urb,q3,2075,0.1184338
C-EEU-EST,Zone_6A Cold Humid,rur,q3,2075,0.1033192
C-EEU-EST,Zone_6A Cold Humid,urb,q3,2075,0.1033192
C-WEU-GRC,Zone_3A Warm Humid,rur,q3,2075,0.6977818926143347
C-WEU-GRC,Zone_3A Warm Humid,urb,q3,2075,0.6977818926143347
C-WEU-GRC,Zone_4A Mixed Humid,rur,q3,2075,0.6977818926143347
C-WEU-GRC,Zone_4A Mixed Humid,urb,q3,2075,0.6977818926143347
C-WEU-GRC,Zone_4C Mixed Marine,rur,q3,2075,0.6977818926143347
C-WEU-GRC,Zone_4C Mixed Marine,urb,q3,2075,0.6977818926143347
C-WEU-GRC,Zone_5C Cool Marine,rur,q3,2075,0.6977818926143347
C-WEU-GRC,Zone_5C Cool Marine,urb,q3,2075,0.6977818926143347
C-WEU-GRC,Zone_5A Cool Humid,rur,q3,2075,0.6977818926143347
C-WEU-GRC,Zone_5A Cool Humid,urb,q3,2075,0.6977818926143347
C-WEU-ESP,Zone_3C Warm Marine,rur,q3,2075,0.6495921663365717
C-WEU-ESP,Zone_3C Warm Marine,urb,q3,2075,0.6495921663365717
C-WEU-ESP,Zone_4C Mixed Marine,rur,q3,2075,0.6495921663365717
C-WEU-ESP,Zone_4C Mixed Marine,urb,q3,2075,0.6495921663365717
C-WEU-ESP,Zone_4A Mixed Humid,rur,q3,2075,0.6495921663365717
C-WEU-ESP,Zone_4A Mixed Humid,urb,q3,2075,0.6495921663365717
C-WEU-ESP,Zone_3A Warm Humid,rur,q3,2075,0.6495921663365717
C-WEU-ESP,Zone_3A Warm Humid,urb,q3,2075,0.6495921663365717
C-WEU-ESP,Zone_3B Warm Dry,rur,q3,2075,0.6495921663365717
C-WEU-ESP,Zone_3B Warm Dry,urb,q3,2075,0.6495921663365717
C-WEU-ESP,Zone_2B Hot Dry,rur,q3,2075,0.6495921663365717
C-WEU-ESP,Zone_2B Hot Dry,urb,q3,2075,0.6495921663365717
C-WEU-FIN,Zone_6A Cold Humid,rur,q3,2075,0.090742119577776
C-WEU-FIN,Zone_6A Cold Humid,urb,q3,2075,0.090742119577776
C-WEU-FIN,Zone_7A Very cold Humid,rur,q3,2075,0.090742119577776
C-WEU-FIN,Zone_7A Very cold Humid,urb,q3,2075,0.090742119577776
C-WEU-FRA,Zone_4A Mixed Humid,rur,q3,2075,0.3233113597224564
C-WEU-FRA,Zone_4A Mixed Humid,urb,q3,2075,0.3233113597224564
C-WEU-FRA,Zone_5A Cool Humid,rur,q3,2075,0.3233113597224564
C-WEU-FRA,Zone_5A Cool Humid,urb,q3,2075,0.3233113597224564
C-WEU-FRA,Zone_3A Warm Humid,rur,q3,2075,0.3233113597224564
C-WEU-FRA,Zone_3A Warm Humid,urb,q3,2075,0.3233113597224564
C-WEU-FRA,Zone_7A Very cold Humid,rur,q3,2075,0.3233113597224564
C-WEU-FRA,Zone_7A Very cold Humid,urb,q3,2075,0.3233113597224564
C-WEU-FRA,Zone_4C Mixed Marine,rur,q3,2075,0.3233113597224564
C-WEU-FRA,Zone_4C Mixed Marine,urb,q3,2075,0.3233113597224564
C-WEU-FRA,Zone_3C Warm Marine,rur,q3,2075,0.3233113597224564
C-WEU-FRA,Zone_3C Warm Marine,urb,q3,2075,0.3233113597224564
C-WEU-FRA,Zone_1A Very hot Humid,rur,q3,2075,0.3233113597224564
C-WEU-FRA,Zone_1A Very hot Humid,urb,q3,2075,0.3233113597224564
C-WEU-FRA,Zone_2A Hot Humid,rur,q3,2075,0.3233113597224564
C-WEU-FRA,Zone_2A Hot Humid,urb,q3,2075,0.3233113597224564
C-WEU-FRA,Zone_0A Extremely hot Humid,rur,q3,2075,0.3233113597224564
C-WEU-FRA,Zone_0A Extremely hot Humid,urb,q3,2075,0.3233113597224564
C-EEU-HRV,Zone_4A Mixed Humid,rur,q3,2075,0.5443492065938523
C-EEU-HRV,Zone_4A Mixed Humid,urb,q3,2075,0.5443492065938523
C-EEU-HRV,Zone_5A Cool Humid,rur,q3,2075,0.5443492065938523
C-EEU-HRV,Zone_5A Cool Humid,urb,q3,2075,0.5443492065938523
C-EEU-HRV,Zone_4C Mixed Marine,rur,q3,2075,0.5443492065938523
C-EEU-HRV,Zone_4C Mixed Marine,urb,q3,2075,0.5443492065938523
C-EEU-HRV,Zone_3A Warm Humid,rur,q3,2075,0.5443492065938523
C-EEU-HRV,Zone_3A Warm Humid,urb,q3,2075,0.5443492065938523
C-EEU-HUN,Zone_4A Mixed Humid,rur,q3,2075,0.4241110582888099
C-EEU-HUN,Zone_4A Mixed Humid,urb,q3,2075,0.4241110582888099
C-EEU-HUN,Zone_5A Cool Humid,rur,q3,2075,0.4241110582888099
C-EEU-HUN,Zone_5A Cool Humid,urb,q3,2075,0.4241110582888099
C-WEU-IRL,Zone_5A Cool Humid,rur,q3,2075,0.051826300000000006
C-WEU-IRL,Zone_5A Cool Humid,urb,q3,2075,0.051826300000000006
C-WEU-IRL,Zone_4A Mixed Humid,rur,q3,2075,0.051826300000000006
C-WEU-IRL,Zone_4A Mixed Humid,urb,q3,2075,0.051826300000000006
C-WEU-ITA,Zone_4A Mixed Humid,rur,q3,2075,0.5523696140933237
C-WEU-ITA,Zone_4A Mixed Humid,urb,q3,2075,0.5523696140933237
C-WEU-ITA,Zone_5A Cool Humid,rur,q3,2075,0.5523696140933237
C-WEU-ITA,Zone_5A Cool Humid,urb,q3,2075,0.5523696140933237
C-WEU-ITA,Zone_7A Very cold Humid,rur,q3,2075,0.5523696140933237
C-WEU-ITA,Zone_7A Very cold Humid,urb,q3,2075,0.5523696140933237
C-WEU-ITA,Zone_6A Cold Humid,rur,q3,2075,0.5523696140933237
C-WEU-ITA,Zone_6A Cold Humid,urb,q3,2075,0.5523696140933237
C-WEU-ITA,Zone_3A Warm Humid,rur,q3,2075,0.5523696140933237
C-WEU-ITA,Zone_3A Warm Humid,urb,q3,2075,0.5523696140933237
C-WEU-ITA,Zone_4C Mixed Marine,rur,q3,2075,0.5523696140933237
C-WEU-ITA,Zone_4C Mixed Marine,urb,q3,2075,0.5523696140933237
C-WEU-ITA,Zone_5C Cool Marine,rur,q3,2075,0.5523696140933237
C-WEU-ITA,Zone_5C Cool Marine,urb,q3,2075,0.5523696140933237
C-EEU-LTU,Zone_6A Cold Humid,rur,q3,2075,0.1726054
C-EEU-LTU,Zone_6A Cold Humid,urb,q3,2075,0.1726054
C-EEU-LTU,Zone_5A Cool Humid,rur,q3,2075,0.1726054
C-EEU-LTU,Zone_5A Cool Humid,urb,q3,2075,0.1726054
C-WEU-LUX,Zone_5A Cool Humid,rur,q3,2075,0.1727369
C-WEU-LUX,Zone_5A Cool Humid,urb,q3,2075,0.1727369
C-EEU-LVA,Zone_6A Cold Humid,rur,q3,2075,0.14188719999999996
C-EEU-LVA,Zone_6A Cold Humid,urb,q3,2075,0.14188719999999996
C-WEU-MLT,Zone_3A Warm Humid,rur,q3,2075,0.8834133898159999
C-WEU-MLT,Zone_3A Warm Humid,urb,q3,2075,0.8834133898159999
C-WEU-NLD,Zone_5A Cool Humid,rur,q3,2075,0.15651809986176068
C-WEU-NLD,Zone_5A Cool Humid,urb,q3,2075,0.15651809986176068
C-WEU-NLD,Zone_4A Mixed Humid,rur,q3,2075,0.15651809986176068
C-WEU-NLD,Zone_4A Mixed Humid,urb,q3,2075,0.15651809986176068
C-EEU-POL,Zone_5A Cool Humid,rur,q3,2075,0.23221520000000004
C-EEU-POL,Zone_5A Cool Humid,urb,q3,2075,0.23221520000000004
C-EEU-POL,Zone_6A Cold Humid,rur,q3,2075,0.23221520000000004
C-EEU-POL,Zone_6A Cold Humid,urb,q3,2075,0.23221520000000004
C-WEU-PRT,Zone_3C Warm Marine,rur,q3,2075,0.5370249601720627
C-WEU-PRT,Zone_3C Warm Marine,urb,q3,2075,0.5370249601720627
C-WEU-PRT,Zone_4C Mixed Marine,rur,q3,2075,0.5370249601720627
C-WEU-PRT,Zone_4C Mixed Marine,urb,q3,2075,0.5370249601720627
C-WEU-PRT,Zone_4A Mixed Humid,rur,q3,2075,0.5370249601720627
C-WEU-PRT,Zone_4A Mixed Humid,urb,q3,2075,0.5370249601720627
C-WEU-PRT,Zone_3A Warm Humid,rur,q3,2075,0.5370249601720627
C-WEU-PRT,Zone_3A Warm Humid,urb,q3,2075,0.5370249601720627
C-EEU-ROU,Zone_5A Cool Humid,rur,q3,2075,0.369391785410471
C-EEU-ROU,Zone_5A Cool Humid,urb,q3,2075,0.369391785410471
C-EEU-ROU,Zone_6A Cold Humid,rur,q3,2075,0.369391785410471
C-EEU-ROU,Zone_6A Cold Humid,urb,q3,2075,0.369391785410471
C-EEU-ROU,Zone_4A Mixed Humid,rur,q3,2075,0.369391785410471
C-EEU-ROU,Zone_4A Mixed Humid,urb,q3,2075,0.369391785410471
C-WEU-SWE,Zone_6A Cold Humid,rur,q3,2075,0.11897664207150459
C-WEU-SWE,Zone_6A Cold Humid,urb,q3,2075,0.11897664207150459
C-WEU-SWE,Zone_5A Cool Humid,rur,q3,2075,0.11897664207150459
C-WEU-SWE,Zone_5A Cool Humid,urb,q3,2075,0.11897664207150459
C-WEU-SWE,Zone_7A Very cold Humid,rur,q3,2075,0.11897664207150459
C-WEU-SWE,Zone_7A Very cold Humid,urb,q3,2075,0.11897664207150459
C-WEU-SWE,Zone_8A Subarctic/arctic Humid,rur,q3,2075,0.11897664207150459
C-WEU-SWE,Zone_8A Subarctic/arctic Humid,urb,q3,2075,0.11897664207150459
C-EEU-SVN,Zone_4A Mixed Humid,rur,q3,2075,0.15683148733002197
C-EEU-SVN,Zone_4A Mixed Humid,urb,q3,2075,0.15683148733002197
C-EEU-SVN,Zone_5A Cool Humid,rur,q3,2075,0.15683148733002197
C-EEU-SVN,Zone_5A Cool Humid,urb,q3,2075,0.15683148733002197
C-EEU-SVN,Zone_7A Very cold Humid,rur,q3,2075,0.15683148733002197
C-EEU-SVN,Zone_7A Very cold Humid,urb,q3,2075,0.15683148733002197
C-EEU-SVK,Zone_5A Cool Humid,rur,q3,2075,0.2474675039534864
C-EEU-SVK,Zone_5A Cool Humid,urb,q3,2075,0.2474675039534864
C-EEU-SVK,Zone_6A Cold Humid,rur,q3,2075,0.2474675039534864
C-EEU-SVK,Zone_6A Cold Humid,urb,q3,2075,0.2474675039534864
C-WEU-AUT,Zone_5A Cool Humid,rur,q1,2080,0.227500832500017
C-WEU-AUT,Zone_5A Cool Humid,urb,q1,2080,0.227500832500017
C-WEU-AUT,Zone_4A Mixed Humid,rur,q1,2080,0.227500832500017
C-WEU-AUT,Zone_4A Mixed Humid,urb,q1,2080,0.227500832500017
C-WEU-AUT,Zone_6A Cold Humid,rur,q1,2080,0.227500832500017
C-WEU-AUT,Zone_6A Cold Humid,urb,q1,2080,0.227500832500017
C-WEU-AUT,Zone_7A Very cold Humid,rur,q1,2080,0.227500832500017
C-WEU-AUT,Zone_7A Very cold Humid,urb,q1,2080,0.227500832500017
C-WEU-BEL,Zone_4A Mixed Humid,rur,q1,2080,0.1941349556961
C-WEU-BEL,Zone_4A Mixed Humid,urb,q1,2080,0.1941349556961
C-WEU-BEL,Zone_5A Cool Humid,rur,q1,2080,0.1941349556961
C-WEU-BEL,Zone_5A Cool Humid,urb,q1,2080,0.1941349556961
C-EEU-BGR,Zone_4A Mixed Humid,rur,q1,2080,0.3928376399067083
C-EEU-BGR,Zone_4A Mixed Humid,urb,q1,2080,0.3928376399067083
C-EEU-BGR,Zone_5A Cool Humid,rur,q1,2080,0.3928376399067083
C-EEU-BGR,Zone_5A Cool Humid,urb,q1,2080,0.3928376399067083
C-WEU-CYP,Zone_3A Warm Humid,rur,q1,2080,0.7367555402879999
C-WEU-CYP,Zone_3A Warm Humid,urb,q1,2080,0.7367555402879999
C-EEU-CZE,Zone_5A Cool Humid,rur,q1,2080,0.21287036193500003
C-EEU-CZE,Zone_5A Cool Humid,urb,q1,2080,0.21287036193500003
C-WEU-DEU,Zone_5A Cool Humid,rur,q1,2080,0.23314997846233765
C-WEU-DEU,Zone_5A Cool Humid,urb,q1,2080,0.23314997846233765
C-WEU-DEU,Zone_4A Mixed Humid,rur,q1,2080,0.23314997846233765
C-WEU-DEU,Zone_4A Mixed Humid,urb,q1,2080,0.23314997846233765
C-WEU-DEU,Zone_6A Cold Humid,rur,q1,2080,0.23314997846233765
C-WEU-DEU,Zone_6A Cold Humid,urb,q1,2080,0.23314997846233765
C-WEU-DNK,Zone_5A Cool Humid,rur,q1,2080,0.11835584787400001
C-WEU-DNK,Zone_5A Cool Humid,urb,q1,2080,0.11835584787400001
C-EEU-EST,Zone_6A Cold Humid,rur,q1,2080,0.10307302879199999
C-EEU-EST,Zone_6A Cold Humid,urb,q1,2080,0.10307302879199999
C-WEU-GRC,Zone_3A Warm Humid,rur,q1,2080,0.6927154250966566
C-WEU-GRC,Zone_3A Warm Humid,urb,q1,2080,0.6927154250966566
C-WEU-GRC,Zone_4A Mixed Humid,rur,q1,2080,0.6927154250966566
C-WEU-GRC,Zone_4A Mixed Humid,urb,q1,2080,0.6927154250966566
C-WEU-GRC,Zone_4C Mixed Marine,rur,q1,2080,0.6927154250966566
C-WEU-GRC,Zone_4C Mixed Marine,urb,q1,2080,0.6927154250966566
C-WEU-GRC,Zone_5C Cool Marine,rur,q1,2080,0.6927154250966566
C-WEU-GRC,Zone_5C Cool Marine,urb,q1,2080,0.6927154250966566
C-WEU-GRC,Zone_5A Cool Humid,rur,q1,2080,0.6927154250966566
C-WEU-GRC,Zone_5A Cool Humid,urb,q1,2080,0.6927154250966566
C-WEU-ESP,Zone_3C Warm Marine,rur,q1,2080,0.6389781843600622
C-WEU-ESP,Zone_3C Warm Marine,urb,q1,2080,0.6389781843600622
C-WEU-ESP,Zone_4C Mixed Marine,rur,q1,2080,0.6389781843600622
C-WEU-ESP,Zone_4C Mixed Marine,urb,q1,2080,0.6389781843600622
C-WEU-ESP,Zone_4A Mixed Humid,rur,q1,2080,0.6389781843600622
C-WEU-ESP,Zone_4A Mixed Humid,urb,q1,2080,0.6389781843600622
C-WEU-ESP,Zone_3A Warm Humid,rur,q1,2080,0.6389781843600622
C-WEU-ESP,Zone_3A Warm Humid,urb,q1,2080,0.6389781843600622
C-WEU-ESP,Zone_3B Warm Dry,rur,q1,2080,0.6389781843600622
C-WEU-ESP,Zone_3B Warm Dry,urb,q1,2080,0.6389781843600622
C-WEU-ESP,Zone_2B Hot Dry,rur,q1,2080,0.6389781843600622
C-WEU-ESP,Zone_2B Hot Dry,urb,q1,2080,0.6389781843600622
C-WEU-FIN,Zone_6A Cold Humid,rur,q1,2080,0.09064550974325217
C-WEU-FIN,Zone_6A Cold Humid,urb,q1,2080,0.09064550974325217
C-WEU-FIN,Zone_7A Very cold Humid,rur,q1,2080,0.09064550974325217
C-WEU-FIN,Zone_7A Very cold Humid,urb,q1,2080,0.09064550974325217
C-WEU-FRA,Zone_4A Mixed Humid,rur,q1,2080,0.3222002483063624
C-WEU-FRA,Zone_4A Mixed Humid,urb,q1,2080,0.3222002483063624
C-WEU-FRA,Zone_5A Cool Humid,rur,q1,2080,0.3222002483063624
C-WEU-FRA,Zone_5A Cool Humid,urb,q1,2080,0.3222002483063624
C-WEU-FRA,Zone_3A Warm Humid,rur,q1,2080,0.3222002483063624
C-WEU-FRA,Zone_3A Warm Humid,urb,q1,2080,0.3222002483063624
C-WEU-FRA,Zone_7A Very cold Humid,rur,q1,2080,0.3222002483063624
C-WEU-FRA,Zone_7A Very cold Humid,urb,q1,2080,0.3222002483063624
C-WEU-FRA,Zone_4C Mixed Marine,rur,q1,2080,0.3222002483063624
C-WEU-FRA,Zone_4C Mixed Marine,urb,q1,2080,0.3222002483063624
C-WEU-FRA,Zone_3C Warm Marine,rur,q1,2080,0.3222002483063624
C-WEU-FRA,Zone_3C Warm Marine,urb,q1,2080,0.3222002483063624
C-WEU-FRA,Zone_1A Very hot Humid,rur,q1,2080,0.3222002483063624
C-WEU-FRA,Zone_1A Very hot Humid,urb,q1,2080,0.3222002483063624
C-WEU-FRA,Zone_2A Hot Humid,rur,q1,2080,0.3222002483063624
C-WEU-FRA,Zone_2A Hot Humid,urb,q1,2080,0.3222002483063624
C-WEU-FRA,Zone_0A Extremely hot Humid,rur,q1,2080,0.3222002483063624
C-WEU-FRA,Zone_0A Extremely hot Humid,urb,q1,2080,0.3222002483063624
C-EEU-HRV,Zone_4A Mixed Humid,rur,q1,2080,0.3455399089735103
C-EEU-HRV,Zone_4A Mixed Humid,urb,q1,2080,0.3455399089735103
C-EEU-HRV,Zone_5A Cool Humid,rur,q1,2080,0.3455399089735103
C-EEU-HRV,Zone_5A Cool Humid,urb,q1,2080,0.3455399089735103
C-EEU-HRV,Zone_4C Mixed Marine,rur,q1,2080,0.3455399089735103
C-EEU-HRV,Zone_4C Mixed Marine,urb,q1,2080,0.3455399089735103
C-EEU-HRV,Zone_3A Warm Humid,rur,q1,2080,0.3455399089735103
C-EEU-HRV,Zone_3A Warm Humid,urb,q1,2080,0.3455399089735103
C-EEU-HUN,Zone_4A Mixed Humid,rur,q1,2080,0.4199690359071714
C-EEU-HUN,Zone_4A Mixed Humid,urb,q1,2080,0.4199690359071714
C-EEU-HUN,Zone_5A Cool Humid,rur,q1,2080,0.4199690359071714
C-EEU-HUN,Zone_5A Cool Humid,urb,q1,2080,0.4199690359071714
C-WEU-IRL,Zone_5A Cool Humid,rur,q1,2080,0.051579224220799996
C-WEU-IRL,Zone_5A Cool Humid,urb,q1,2080,0.051579224220799996
C-WEU-IRL,Zone_4A Mixed Humid,rur,q1,2080,0.051579224220799996
C-WEU-IRL,Zone_4A Mixed Humid,urb,q1,2080,0.051579224220799996
C-WEU-ITA,Zone_4A Mixed Humid,rur,q1,2080,0.5416449438804833
C-WEU-ITA,Zone_4A Mixed Humid,urb,q1,2080,0.5416449438804833
C-WEU-ITA,Zone_5A Cool Humid,rur,q1,2080,0.5416449438804833
C-WEU-ITA,Zone_5A Cool Humid,urb,q1,2080,0.5416449438804833
C-WEU-ITA,Zone_7A Very cold Humid,rur,q1,2080,0.5416449438804833
C-WEU-ITA,Zone_7A Very cold Humid,urb,q1,2080,0.5416449438804833
C-WEU-ITA,Zone_6A Cold Humid,rur,q1,2080,0.5416449438804833
C-WEU-ITA,Zone_6A Cold Humid,urb,q1,2080,0.5416449438804833
C-WEU-ITA,Zone_3A Warm Humid,rur,q1,2080,0.5416449438804833
C-WEU-ITA,Zone_3A Warm Humid,urb,q1,2080,0.5416449438804833
C-WEU-ITA,Zone_4C Mixed Marine,rur,q1,2080,0.5416449438804833
C-WEU-ITA,Zone_4C Mixed Marine,urb,q1,2080,0.5416449438804833
C-WEU-ITA,Zone_5C Cool Marine,rur,q1,2080,0.5416449438804833
C-WEU-ITA,Zone_5C Cool Marine,urb,q1,2080,0.5416449438804833
C-EEU-LTU,Zone_6A Cold Humid,rur,q1,2080,0.15531324266500002
C-EEU-LTU,Zone_6A Cold Humid,urb,q1,2080,0.15531324266500002
C-EEU-LTU,Zone_5A Cool Humid,rur,q1,2080,0.15531324266500002
C-EEU-LTU,Zone_5A Cool Humid,urb,q1,2080,0.15531324266500002
C-WEU-LUX,Zone_5A Cool Humid,rur,q1,2080,0.17272710813000003
C-WEU-LUX,Zone_5A Cool Humid,urb,q1,2080,0.17272710813000003
C-EEU-LVA,Zone_6A Cold Humid,rur,q1,2080,0.1326079005856
C-EEU-LVA,Zone_6A Cold Humid,urb,q1,2080,0.1326079005856
C-WEU-MLT,Zone_3A Warm Humid,rur,q1,2080,0.8826661872900001
C-WEU-MLT,Zone_3A Warm Humid,urb,q1,2080,0.8826661872900001
C-WEU-NLD,Zone_5A Cool Humid,rur,q1,2080,0.15646121227392612
C-WEU-NLD,Zone_5A Cool Humid,urb,q1,2080,0.15646121227392612
C-WEU-NLD,Zone_4A Mixed Humid,rur,q1,2080,0.15646121227392612
C-WEU-NLD,Zone_4A Mixed Humid,urb,q1,2080,0.15646121227392612
C-EEU-POL,Zone_5A Cool Humid,rur,q1,2080,0.2233992491
C-EEU-POL,Zone_5A Cool Humid,urb,q1,2080,0.2233992491
C-EEU-POL,Zone_6A Cold Humid,rur,q1,2080,0.2233992491
C-EEU-POL,Zone_6A Cold Humid,urb,q1,2080,0.2233992491
C-WEU-PRT,Zone_3C Warm Marine,rur,q1,2080,0.5220995120350784
C-WEU-PRT,Zone_3C Warm Marine,urb,q1,2080,0.5220995120350784
C-WEU-PRT,Zone_4C Mixed Marine,rur,q1,2080,0.5220995120350784
C-WEU-PRT,Zone_4C Mixed Marine,urb,q1,2080,0.5220995120350784
C-WEU-PRT,Zone_4A Mixed Humid,rur,q1,2080,0.5220995120350784
C-WEU-PRT,Zone_4A Mixed Humid,urb,q1,2080,0.5220995120350784
C-WEU-PRT,Zone_3A Warm Humid,rur,q1,2080,0.5220995120350784
C-WEU-PRT,Zone_3A Warm Humid,urb,q1,2080,0.5220995120350784
C-EEU-ROU,Zone_5A Cool Humid,rur,q1,2080,0.35079411523050963
C-EEU-ROU,Zone_5A Cool Humid,urb,q1,2080,0.35079411523050963
C-EEU-ROU,Zone_6A Cold Humid,rur,q1,2080,0.35079411523050963
C-EEU-ROU,Zone_6A Cold Humid,urb,q1,2080,0.35079411523050963
C-EEU-ROU,Zone_4A Mixed Humid,rur,q1,2080,0.35079411523050963
C-EEU-ROU,Zone_4A Mixed Humid,urb,q1,2080,0.35079411523050963
C-WEU-SWE,Zone_6A Cold Humid,rur,q1,2080,0.11887527700207227
C-WEU-SWE,Zone_6A Cold Humid,urb,q1,2080,0.11887527700207227
C-WEU-SWE,Zone_5A Cool Humid,rur,q1,2080,0.11887527700207227
C-WEU-SWE,Zone_5A Cool Humid,urb,q1,2080,0.11887527700207227
C-WEU-SWE,Zone_7A Very cold Humid,rur,q1,2080,0.11887527700207227
C-WEU-SWE,Zone_7A Very cold Humid,urb,q1,2080,0.11887527700207227
C-WEU-SWE,Zone_8A Subarctic/arctic Humid,rur,q1,2080,0.11887527700207227
C-WEU-SWE,Zone_8A Subarctic/arctic Humid,urb,q1,2080,0.11887527700207227
C-EEU-SVN,Zone_4A Mixed Humid,rur,q1,2080,0.1559625448787906
C-EEU-SVN,Zone_4A Mixed Humid,urb,q1,2080,0.1559625448787906
C-EEU-SVN,Zone_5A Cool Humid,rur,q1,2080,0.1559625448787906
C-EEU-SVN,Zone_5A Cool Humid,urb,q1,2080,0.1559625448787906
C-EEU-SVN,Zone_7A Very cold Humid,rur,q1,2080,0.1559625448787906
C-EEU-SVN,Zone_7A Very cold Humid,urb,q1,2080,0.1559625448787906
C-EEU-SVK,Zone_5A Cool Humid,rur,q1,2080,0.23619161312137701
C-EEU-SVK,Zone_5A Cool Humid,urb,q1,2080,0.23619161312137701
C-EEU-SVK,Zone_6A Cold Humid,rur,q1,2080,0.23619161312137701
C-EEU-SVK,Zone_6A Cold Humid,urb,q1,2080,0.23619161312137701
C-WEU-AUT,Zone_5A Cool Humid,rur,q2,2080,0.2277230480114953
C-WEU-AUT,Zone_5A Cool Humid,urb,q2,2080,0.2277230480114953
C-WEU-AUT,Zone_4A Mixed Humid,rur,q2,2080,0.2277230480114953
C-WEU-AUT,Zone_4A Mixed Humid,urb,q2,2080,0.2277230480114953
C-WEU-AUT,Zone_6A Cold Humid,rur,q2,2080,0.2277230480114953
C-WEU-AUT,Zone_6A Cold Humid,urb,q2,2080,0.2277230480114953
C-WEU-AUT,Zone_7A Very cold Humid,rur,q2,2080,0.2277230480114953
C-WEU-AUT,Zone_7A Very cold Humid,urb,q2,2080,0.2277230480114953
C-WEU-BEL,Zone_4A Mixed Humid,rur,q2,2080,0.19419128012579998
C-WEU-BEL,Zone_4A Mixed Humid,urb,q2,2080,0.19419128012579998
C-WEU-BEL,Zone_5A Cool Humid,rur,q2,2080,0.19419128012579998
C-WEU-BEL,Zone_5A Cool Humid,urb,q2,2080,0.19419128012579998
C-EEU-BGR,Zone_4A Mixed Humid,rur,q2,2080,0.43858398219578126
C-EEU-BGR,Zone_4A Mixed Humid,urb,q2,2080,0.43858398219578126
C-EEU-BGR,Zone_5A Cool Humid,rur,q2,2080,0.43858398219578126
C-EEU-BGR,Zone_5A Cool Humid,urb,q2,2080,0.43858398219578126
C-WEU-CYP,Zone_3A Warm Humid,rur,q2,2080,0.8580028803519999
C-WEU-CYP,Zone_3A Warm Humid,urb,q2,2080,0.8580028803519999
C-EEU-CZE,Zone_5A Cool Humid,rur,q2,2080,0.213058962395
C-EEU-CZE,Zone_5A Cool Humid,urb,q2,2080,0.213058962395
C-WEU-DEU,Zone_5A Cool Humid,rur,q2,2080,0.23389548889376127
C-WEU-DEU,Zone_5A Cool Humid,urb,q2,2080,0.23389548889376127
C-WEU-DEU,Zone_4A Mixed Humid,rur,q2,2080,0.23389548889376127
C-WEU-DEU,Zone_4A Mixed Humid,urb,q2,2080,0.23389548889376127
C-WEU-DEU,Zone_6A Cold Humid,rur,q2,2080,0.23389548889376127
C-WEU-DEU,Zone_6A Cold Humid,urb,q2,2080,0.23389548889376127
C-WEU-DNK,Zone_5A Cool Humid,rur,q2,2080,0.11843300291300002
C-WEU-DNK,Zone_5A Cool Humid,urb,q2,2080,0.11843300291300002
C-EEU-EST,Zone_6A Cold Humid,rur,q2,2080,0.10331787621199999
C-EEU-EST,Zone_6A Cold Humid,urb,q2,2080,0.10331787621199999
C-WEU-GRC,Zone_3A Warm Humid,rur,q2,2080,0.6976421831441048
C-WEU-GRC,Zone_3A Warm Humid,urb,q2,2080,0.6976421831441048
C-WEU-GRC,Zone_4A Mixed Humid,rur,q2,2080,0.6976421831441048
C-WEU-GRC,Zone_4A Mixed Humid,urb,q2,2080,0.6976421831441048
C-WEU-GRC,Zone_4C Mixed Marine,rur,q2,2080,0.6976421831441048
C-WEU-GRC,Zone_4C Mixed Marine,urb,q2,2080,0.6976421831441048
C-WEU-GRC,Zone_5C Cool Marine,rur,q2,2080,0.6976421831441048
C-WEU-GRC,Zone_5C Cool Marine,urb,q2,2080,0.6976421831441048
C-WEU-GRC,Zone_5A Cool Humid,rur,q2,2080,0.6976421831441048
C-WEU-GRC,Zone_5A Cool Humid,urb,q2,2080,0.6976421831441048
C-WEU-ESP,Zone_3C Warm Marine,rur,q2,2080,0.650393401813296
C-WEU-ESP,Zone_3C Warm Marine,urb,q2,2080,0.650393401813296
C-WEU-ESP,Zone_4C Mixed Marine,rur,q2,2080,0.650393401813296
C-WEU-ESP,Zone_4C Mixed Marine,urb,q2,2080,0.650393401813296
C-WEU-ESP,Zone_4A Mixed Humid,rur,q2,2080,0.650393401813296
C-WEU-ESP,Zone_4A Mixed Humid,urb,q2,2080,0.650393401813296
C-WEU-ESP,Zone_3A Warm Humid,rur,q2,2080,0.650393401813296
C-WEU-ESP,Zone_3A Warm Humid,urb,q2,2080,0.650393401813296
C-WEU-ESP,Zone_3B Warm Dry,rur,q2,2080,0.650393401813296
C-WEU-ESP,Zone_3B Warm Dry,urb,q2,2080,0.650393401813296
C-WEU-ESP,Zone_2B Hot Dry,rur,q2,2080,0.650393401813296
C-WEU-ESP,Zone_2B Hot Dry,urb,q2,2080,0.650393401813296
C-WEU-FIN,Zone_6A Cold Humid,rur,q2,2080,0.0907658683699768
C-WEU-FIN,Zone_6A Cold Humid,urb,q2,2080,0.0907658683699768
C-WEU-FIN,Zone_7A Very cold Humid,rur,q2,2080,0.0907658683699768
C-WEU-FIN,Zone_7A Very cold Humid,urb,q2,2080,0.0907658683699768
C-WEU-FRA,Zone_4A Mixed Humid,rur,q2,2080,0.3235985007705578
C-WEU-FRA,Zone_4A Mixed Humid,urb,q2,2080,0.3235985007705578
C-WEU-FRA,Zone_5A Cool Humid,rur,q2,2080,0.3235985007705578
C-WEU-FRA,Zone_5A Cool Humid,urb,q2,2080,0.3235985007705578
C-WEU-FRA,Zone_3A Warm Humid,rur,q2,2080,0.3235985007705578
C-WEU-FRA,Zone_3A Warm Humid,urb,q2,2080,0.3235985007705578
C-WEU-FRA,Zone_7A Very cold Humid,rur,q2,2080,0.3235985007705578
C-WEU-FRA,Zone_7A Very cold Humid,urb,q2,2080,0.3235985007705578
C-WEU-FRA,Zone_4C Mixed Marine,rur,q2,2080,0.3235985007705578
C-WEU-FRA,Zone_4C Mixed Marine,urb,q2,2080,0.3235985007705578
C-WEU-FRA,Zone_3C Warm Marine,rur,q2,2080,0.3235985007705578
C-WEU-FRA,Zone_3C Warm Marine,urb,q2,2080,0.3235985007705578
C-WEU-FRA,Zone_1A Very hot Humid,rur,q2,2080,0.3235985007705578
C-WEU-FRA,Zone_1A Very hot Humid,urb,q2,2080,0.3235985007705578
C-WEU-FRA,Zone_2A Hot Humid,rur,q2,2080,0.3235985007705578
C-WEU-FRA,Zone_2A Hot Humid,urb,q2,2080,0.3235985007705578
C-WEU-FRA,Zone_0A Extremely hot Humid,rur,q2,2080,0.3235985007705578
C-WEU-FRA,Zone_0A Extremely hot Humid,urb,q2,2080,0.3235985007705578
C-EEU-HRV,Zone_4A Mixed Humid,rur,q2,2080,0.4916785039488941
C-EEU-HRV,Zone_4A Mixed Humid,urb,q2,2080,0.4916785039488941
C-EEU-HRV,Zone_5A Cool Humid,rur,q2,2080,0.4916785039488941
C-EEU-HRV,Zone_5A Cool Humid,urb,q2,2080,0.4916785039488941
C-EEU-HRV,Zone_4C Mixed Marine,rur,q2,2080,0.4916785039488941
C-EEU-HRV,Zone_4C Mixed Marine,urb,q2,2080,0.4916785039488941
C-EEU-HRV,Zone_3A Warm Humid,rur,q2,2080,0.4916785039488941
C-EEU-HRV,Zone_3A Warm Humid,urb,q2,2080,0.4916785039488941
C-EEU-HUN,Zone_4A Mixed Humid,rur,q2,2080,0.42398322343557887
C-EEU-HUN,Zone_4A Mixed Humid,urb,q2,2080,0.42398322343557887
C-EEU-HUN,Zone_5A Cool Humid,rur,q2,2080,0.42398322343557887
C-EEU-HUN,Zone_5A Cool Humid,urb,q2,2080,0.42398322343557887
C-WEU-IRL,Zone_5A Cool Humid,rur,q2,2080,0.0518256007169
C-WEU-IRL,Zone_5A Cool Humid,urb,q2,2080,0.0518256007169
C-WEU-IRL,Zone_4A Mixed Humid,rur,q2,2080,0.0518256007169
C-WEU-IRL,Zone_4A Mixed Humid,urb,q2,2080,0.0518256007169
C-WEU-ITA,Zone_4A Mixed Humid,rur,q2,2080,0.5512648620568997
C-WEU-ITA,Zone_4A Mixed Humid,urb,q2,2080,0.5512648620568997
C-WEU-ITA,Zone_5A Cool Humid,rur,q2,2080,0.5512648620568997
C-WEU-ITA,Zone_5A Cool Humid,urb,q2,2080,0.5512648620568997
C-WEU-ITA,Zone_7A Very cold Humid,rur,q2,2080,0.5512648620568997
C-WEU-ITA,Zone_7A Very cold Humid,urb,q2,2080,0.5512648620568997
C-WEU-ITA,Zone_6A Cold Humid,rur,q2,2080,0.5512648620568997
C-WEU-ITA,Zone_6A Cold Humid,urb,q2,2080,0.5512648620568997
C-WEU-ITA,Zone_3A Warm Humid,rur,q2,2080,0.5512648620568997
C-WEU-ITA,Zone_3A Warm Humid,urb,q2,2080,0.5512648620568997
C-WEU-ITA,Zone_4C Mixed Marine,rur,q2,2080,0.5512648620568997
C-WEU-ITA,Zone_4C Mixed Marine,urb,q2,2080,0.5512648620568997
C-WEU-ITA,Zone_5C Cool Marine,rur,q2,2080,0.5512648620568997
C-WEU-ITA,Zone_5C Cool Marine,urb,q2,2080,0.5512648620568997
C-EEU-LTU,Zone_6A Cold Humid,rur,q2,2080,0.17252906647
C-EEU-LTU,Zone_6A Cold Humid,urb,q2,2080,0.17252906647
C-EEU-LTU,Zone_5A Cool Humid,rur,q2,2080,0.17252906647
C-EEU-LTU,Zone_5A Cool Humid,urb,q2,2080,0.17252906647
C-WEU-LUX,Zone_5A Cool Humid,rur,q2,2080,0.172736880025
C-WEU-LUX,Zone_5A Cool Humid,urb,q2,2080,0.172736880025
C-EEU-LVA,Zone_6A Cold Humid,rur,q2,2080,0.14181314296000003
C-EEU-LVA,Zone_6A Cold Humid,urb,q2,2080,0.14181314296000003
C-WEU-MLT,Zone_3A Warm Humid,rur,q2,2080,0.88340478194
C-WEU-MLT,Zone_3A Warm Humid,urb,q2,2080,0.88340478194
C-WEU-NLD,Zone_5A Cool Humid,rur,q2,2080,0.15651354196417536
C-WEU-NLD,Zone_5A Cool Humid,urb,q2,2080,0.15651354196417536
C-WEU-NLD,Zone_4A Mixed Humid,rur,q2,2080,0.15651354196417536
C-WEU-NLD,Zone_4A Mixed Humid,urb,q2,2080,0.15651354196417536
C-EEU-POL,Zone_5A Cool Humid,rur,q2,2080,0.232165284973
C-EEU-POL,Zone_5A Cool Humid,urb,q2,2080,0.232165284973
C-EEU-POL,Zone_6A Cold Humid,rur,q2,2080,0.232165284973
C-EEU-POL,Zone_6A Cold Humid,urb,q2,2080,0.232165284973
C-WEU-PRT,Zone_3C Warm Marine,rur,q2,2080,0.5382923740456559
C-WEU-PRT,Zone_3C Warm Marine,urb,q2,2080,0.5382923740456559
C-WEU-PRT,Zone_4C Mixed Marine,rur,q2,2080,0.5382923740456559
C-WEU-PRT,Zone_4C Mixed Marine,urb,q2,2080,0.5382923740456559
C-WEU-PRT,Zone_4A Mixed Humid,rur,q2,2080,0.5382923740456559
C-WEU-PRT,Zone_4A Mixed Humid,urb,q2,2080,0.5382923740456559
C-WEU-PRT,Zone_3A Warm Humid,rur,q2,2080,0.5382923740456559
C-WEU-PRT,Zone_3A Warm Humid,urb,q2,2080,0.5382923740456559
C-EEU-ROU,Zone_5A Cool Humid,rur,q2,2080,0.36751328975939795
C-EEU-ROU,Zone_5A Cool Humid,urb,q2,2080,0.36751328975939795
C-EEU-ROU,Zone_6A Cold Humid,rur,q2,2080,0.36751328975939795
C-EEU-ROU,Zone_6A Cold Humid,urb,q2,2080,0.36751328975939795
C-EEU-ROU,Zone_4A Mixed Humid,rur,q2,2080,0.36751328975939795
C-EEU-ROU,Zone_4A Mixed Humid,urb,q2,2080,0.36751328975939795
C-WEU-SWE,Zone_6A Cold Humid,rur,q2,2080,0.11898307905935873
C-WEU-SWE,Zone_6A Cold Humid,urb,q2,2080,0.11898307905935873
C-WEU-SWE,Zone_5A Cool Humid,rur,q2,2080,0.11898307905935873
C-WEU-SWE,Zone_5A Cool Humid,urb,q2,2080,0.11898307905935873
C-WEU-SWE,Zone_7A Very cold Humid,rur,q2,2080,0.11898307905935873
C-WEU-SWE,Zone_7A Very cold Humid,urb,q2,2080,0.11898307905935873
C-WEU-SWE,Zone_8A Subarctic/arctic Humid,rur,q2,2080,0.11898307905935873
C-WEU-SWE,Zone_8A Subarctic/arctic Humid,urb,q2,2080,0.11898307905935873
C-EEU-SVN,Zone_4A Mixed Humid,rur,q2,2080,0.1568268349175328
C-EEU-SVN,Zone_4A Mixed Humid,urb,q2,2080,0.1568268349175328
C-EEU-SVN,Zone_5A Cool Humid,rur,q2,2080,0.1568268349175328
C-EEU-SVN,Zone_5A Cool Humid,urb,q2,2080,0.1568268349175328
C-EEU-SVN,Zone_7A Very cold Humid,rur,q2,2080,0.1568268349175328
C-EEU-SVN,Zone_7A Very cold Humid,urb,q2,2080,0.1568268349175328
C-EEU-SVK,Zone_5A Cool Humid,rur,q2,2080,0.2475280069044141
C-EEU-SVK,Zone_5A Cool Humid,urb,q2,2080,0.2475280069044141
C-EEU-SVK,Zone_6A Cold Humid,rur,q2,2080,0.2475280069044141
C-EEU-SVK,Zone_6A Cold Humid,urb,q2,2080,0.2475280069044141
C-WEU-AUT,Zone_5A Cool Humid,rur,q3,2080,0.2277236875433946
C-WEU-AUT,Zone_5A Cool Humid,urb,q3,2080,0.2277236875433946
C-WEU-AUT,Zone_4A Mixed Humid,rur,q3,2080,0.2277236875433946
C-WEU-AUT,Zone_4A Mixed Humid,urb,q3,2080,0.2277236875433946
C-WEU-AUT,Zone_6A Cold Humid,rur,q3,2080,0.2277236875433946
C-WEU-AUT,Zone_6A Cold Humid,urb,q3,2080,0.2277236875433946
C-WEU-AUT,Zone_7A Very cold Humid,rur,q3,2080,0.2277236875433946
C-WEU-AUT,Zone_7A Very cold Humid,urb,q3,2080,0.2277236875433946
C-WEU-BEL,Zone_4A Mixed Humid,rur,q3,2080,0.1941915997199
C-WEU-BEL,Zone_4A Mixed Humid,urb,q3,2080,0.1941915997199
C-WEU-BEL,Zone_5A Cool Humid,rur,q3,2080,0.1941915997199
C-WEU-BEL,Zone_5A Cool Humid,urb,q3,2080,0.1941915997199
C-EEU-BGR,Zone_4A Mixed Humid,rur,q3,2080,0.4386582692478235
C-EEU-BGR,Zone_4A Mixed Humid,urb,q3,2080,0.4386582692478235
C-EEU-BGR,Zone_5A Cool Humid,rur,q3,2080,0.4386582692478235
C-EEU-BGR,Zone_5A Cool Humid,urb,q3,2080,0.4386582692478235
C-WEU-CYP,Zone_3A Warm Humid,rur,q3,2080,0.865133719264
C-WEU-CYP,Zone_3A Warm Humid,urb,q3,2080,0.865133719264
C-EEU-CZE,Zone_5A Cool Humid,rur,q3,2080,0.2130591
C-EEU-CZE,Zone_5A Cool Humid,urb,q3,2080,0.2130591
C-WEU-DEU,Zone_5A Cool Humid,rur,q3,2080,0.23389728550427868
C-WEU-DEU,Zone_5A Cool Humid,urb,q3,2080,0.23389728550427868
C-WEU-DEU,Zone_4A Mixed Humid,rur,q3,2080,0.23389728550427868
C-WEU-DEU,Zone_4A Mixed Humid,urb,q3,2080,0.23389728550427868
C-WEU-DEU,Zone_6A Cold Humid,rur,q3,2080,0.23389728550427868
C-WEU-DEU,Zone_6A Cold Humid,urb,q3,2080,0.23389728550427868
C-WEU-DNK,Zone_5A Cool Humid,rur,q3,2080,0.11843380000000002
C-WEU-DNK,Zone_5A Cool Humid,urb,q3,2080,0.11843380000000002
C-EEU-EST,Zone_6A Cold Humid,rur,q3,2080,0.1033192
C-EEU-EST,Zone_6A Cold Humid,urb,q3,2080,0.1033192
C-WEU-GRC,Zone_3A Warm Humid,rur,q3,2080,0.6976924209015415
C-WEU-GRC,Zone_3A Warm Humid,urb,q3,2080,0.6976924209015415
C-WEU-GRC,Zone_4A Mixed Humid,rur,q3,2080,0.6976924209015415
C-WEU-GRC,Zone_4A Mixed Humid,urb,q3,2080,0.6976924209015415
C-WEU-GRC,Zone_4C Mixed Marine,rur,q3,2080,0.6976924209015415
C-WEU-GRC,Zone_4C Mixed Marine,urb,q3,2080,0.6976924209015415
C-WEU-GRC,Zone_5C Cool Marine,rur,q3,2080,0.6976924209015415
C-WEU-GRC,Zone_5C Cool Marine,urb,q3,2080,0.6976924209015415
C-WEU-GRC,Zone_5A Cool Humid,rur,q3,2080,0.6976924209015415
C-WEU-GRC,Zone_5A Cool Humid,urb,q3,2080,0.6976924209015415
C-WEU-ESP,Zone_3C Warm Marine,rur,q3,2080,0.6505539200544367
C-WEU-ESP,Zone_3C Warm Marine,urb,q3,2080,0.6505539200544367
C-WEU-ESP,Zone_4C Mixed Marine,rur,q3,2080,0.6505539200544367
C-WEU-ESP,Zone_4C Mixed Marine,urb,q3,2080,0.6505539200544367
C-WEU-ESP,Zone_4A Mixed Humid,rur,q3,2080,0.6505539200544367
C-WEU-ESP,Zone_4A Mixed Humid,urb,q3,2080,0.6505539200544367
C-WEU-ESP,Zone_3A Warm Humid,rur,q3,2080,0.6505539200544367
C-WEU-ESP,Zone_3A Warm Humid,urb,q3,2080,0.6505539200544367
C-WEU-ESP,Zone_3B Warm Dry,rur,q3,2080,0.6505539200544367
C-WEU-ESP,Zone_3B Warm Dry,urb,q3,2080,0.6505539200544367
C-WEU-ESP,Zone_2B Hot Dry,rur,q3,2080,0.6505539200544367
C-WEU-ESP,Zone_2B Hot Dry,urb,q3,2080,0.6505539200544367
C-WEU-FIN,Zone_6A Cold Humid,rur,q3,2080,0.09076665575962829
C-WEU-FIN,Zone_6A Cold Humid,urb,q3,2080,0.09076665575962829
C-WEU-FIN,Zone_7A Very cold Humid,rur,q3,2080,0.09076665575962829
C-WEU-FIN,Zone_7A Very cold Humid,urb,q3,2080,0.09076665575962829
C-WEU-FRA,Zone_4A Mixed Humid,rur,q3,2080,0.3235832027005788
C-WEU-FRA,Zone_4A Mixed Humid,urb,q3,2080,0.3235832027005788
C-WEU-FRA,Zone_5A Cool Humid,rur,q3,2080,0.3235832027005788
C-WEU-FRA,Zone_5A Cool Humid,urb,q3,2080,0.3235832027005788
C-WEU-FRA,Zone_3A Warm Humid,rur,q3,2080,0.3235832027005788
C-WEU-FRA,Zone_3A Warm Humid,urb,q3,2080,0.3235832027005788
C-WEU-FRA,Zone_7A Very cold Humid,rur,q3,2080,0.3235832027005788
C-WEU-FRA,Zone_7A Very cold Humid,urb,q3,2080,0.3235832027005788
C-WEU-FRA,Zone_4C Mixed Marine,rur,q3,2080,0.3235832027005788
C-WEU-FRA,Zone_4C Mixed Marine,urb,q3,2080,0.3235832027005788
C-WEU-FRA,Zone_3C Warm Marine,rur,q3,2080,0.3235832027005788
C-WEU-FRA,Zone_3C Warm Marine,urb,q3,2080,0.3235832027005788
C-WEU-FRA,Zone_1A Very hot Humid,rur,q3,2080,0.3235832027005788
C-WEU-FRA,Zone_1A Very hot Humid,urb,q3,2080,0.3235832027005788
C-WEU-FRA,Zone_2A Hot Humid,rur,q3,2080,0.3235832027005788
C-WEU-FRA,Zone_2A Hot Humid,urb,q3,2080,0.3235832027005788
C-WEU-FRA,Zone_0A Extremely hot Humid,rur,q3,2080,0.3235832027005788
C-WEU-FRA,Zone_0A Extremely hot Humid,urb,q3,2080,0.3235832027005788
C-EEU-HRV,Zone_4A Mixed Humid,rur,q3,2080,0.5320269086853617
C-EEU-HRV,Zone_4A Mixed Humid,urb,q3,2080,0.5320269086853617
C-EEU-HRV,Zone_5A Cool Humid,rur,q3,2080,0.5320269086853617
C-EEU-HRV,Zone_5A Cool Humid,urb,q3,2080,0.5320269086853617
C-EEU-HRV,Zone_4C Mixed Marine,rur,q3,2080,0.5320269086853617
C-EEU-HRV,Zone_4C Mixed Marine,urb,q3,2080,0.5320269086853617
C-EEU-HRV,Zone_3A Warm Humid,rur,q3,2080,0.5320269086853617
C-EEU-HRV,Zone_3A Warm Humid,urb,q3,2080,0.5320269086853617
C-EEU-HUN,Zone_4A Mixed Humid,rur,q3,2080,0.4240235735064105
C-EEU-HUN,Zone_4A Mixed Humid,urb,q3,2080,0.4240235735064105
C-EEU-HUN,Zone_5A Cool Humid,rur,q3,2080,0.4240235735064105
C-EEU-HUN,Zone_5A Cool Humid,urb,q3,2080,0.4240235735064105
C-WEU-IRL,Zone_5A Cool Humid,rur,q3,2080,0.0518263
C-WEU-IRL,Zone_5A Cool Humid,urb,q3,2080,0.0518263
C-WEU-IRL,Zone_4A Mixed Humid,rur,q3,2080,0.0518263
C-WEU-IRL,Zone_4A Mixed Humid,urb,q3,2080,0.0518263
C-WEU-ITA,Zone_4A Mixed Humid,rur,q3,2080,0.5513437653793894
C-WEU-ITA,Zone_4A Mixed Humid,urb,q3,2080,0.5513437653793894
C-WEU-ITA,Zone_5A Cool Humid,rur,q3,2080,0.5513437653793894
C-WEU-ITA,Zone_5A Cool Humid,urb,q3,2080,0.5513437653793894
C-WEU-ITA,Zone_7A Very cold Humid,rur,q3,2080,0.5513437653793894
C-WEU-ITA,Zone_7A Very cold Humid,urb,q3,2080,0.5513437653793894
C-WEU-ITA,Zone_6A Cold Humid,rur,q3,2080,0.5513437653793894
C-WEU-ITA,Zone_6A Cold Humid,urb,q3,2080,0.5513437653793894
C-WEU-ITA,Zone_3A Warm Humid,rur,q3,2080,0.5513437653793894
C-WEU-ITA,Zone_3A Warm Humid,urb,q3,2080,0.5513437653793894
C-WEU-ITA,Zone_4C Mixed Marine,rur,q3,2080,0.5513437653793894
C-WEU-ITA,Zone_4C Mixed Marine,urb,q3,2080,0.5513437653793894
C-WEU-ITA,Zone_5C Cool Marine,rur,q3,2080,0.5513437653793894
C-WEU-ITA,Zone_5C Cool Marine,urb,q3,2080,0.5513437653793894
C-EEU-LTU,Zone_6A Cold Humid,rur,q3,2080,0.1726054
C-EEU-LTU,Zone_6A Cold Humid,urb,q3,2080,0.1726054
C-EEU-LTU,Zone_5A Cool Humid,rur,q3,2080,0.1726054
C-EEU-LTU,Zone_5A Cool Humid,urb,q3,2080,0.1726054
C-WEU-LUX,Zone_5A Cool Humid,rur,q3,2080,0.17273690000000003
C-WEU-LUX,Zone_5A Cool Humid,urb,q3,2080,0.17273690000000003
C-EEU-LVA,Zone_6A Cold Humid,rur,q3,2080,0.1418872
C-EEU-LVA,Zone_6A Cold Humid,urb,q3,2080,0.1418872
C-WEU-MLT,Zone_3A Warm Humid,rur,q3,2080,0.8834133976350002
C-WEU-MLT,Zone_3A Warm Humid,urb,q3,2080,0.8834133976350002
C-WEU-NLD,Zone_5A Cool Humid,rur,q3,2080,0.15651374220902847
C-WEU-NLD,Zone_5A Cool Humid,urb,q3,2080,0.15651374220902847
C-WEU-NLD,Zone_4A Mixed Humid,rur,q3,2080,0.15651374220902847
C-WEU-NLD,Zone_4A Mixed Humid,urb,q3,2080,0.15651374220902847
C-EEU-POL,Zone_5A Cool Humid,rur,q3,2080,0.2322152
C-EEU-POL,Zone_5A Cool Humid,urb,q3,2080,0.2322152
C-EEU-POL,Zone_6A Cold Humid,rur,q3,2080,0.2322152
C-EEU-POL,Zone_6A Cold Humid,urb,q3,2080,0.2322152
C-WEU-PRT,Zone_3C Warm Marine,rur,q3,2080,0.5385175133512906
C-WEU-PRT,Zone_3C Warm Marine,urb,q3,2080,0.5385175133512906
C-WEU-PRT,Zone_4C Mixed Marine,rur,q3,2080,0.5385175133512906
C-WEU-PRT,Zone_4C Mixed Marine,urb,q3,2080,0.5385175133512906
C-WEU-PRT,Zone_4A Mixed Humid,rur,q3,2080,0.5385175133512906
C-WEU-PRT,Zone_4A Mixed Humid,urb,q3,2080,0.5385175133512906
C-WEU-PRT,Zone_3A Warm Humid,rur,q3,2080,0.5385175133512906
C-WEU-PRT,Zone_3A Warm Humid,urb,q3,2080,0.5385175133512906
C-EEU-ROU,Zone_5A Cool Humid,rur,q3,2080,0.36820700605444606
C-EEU-ROU,Zone_5A Cool Humid,urb,q3,2080,0.36820700605444606
C-EEU-ROU,Zone_6A Cold Humid,rur,q3,2080,0.36820700605444606
C-EEU-ROU,Zone_6A Cold Humid,urb,q3,2080,0.36820700605444606
C-EEU-ROU,Zone_4A Mixed Humid,rur,q3,2080,0.36820700605444606
C-EEU-ROU,Zone_4A Mixed Humid,urb,q3,2080,0.36820700605444606
C-WEU-SWE,Zone_6A Cold Humid,rur,q3,2080,0.1189837430858463
C-WEU-SWE,Zone_6A Cold Humid,urb,q3,2080,0.1189837430858463
C-WEU-SWE,Zone_5A Cool Humid,rur,q3,2080,0.1189837430858463
C-WEU-SWE,Zone_5A Cool Humid,urb,q3,2080,0.1189837430858463
C-WEU-SWE,Zone_7A Very cold Humid,rur,q3,2080,0.1189837430858463
C-WEU-SWE,Zone_7A Very cold Humid,urb,q3,2080,0.1189837430858463
C-WEU-SWE,Zone_8A Subarctic/arctic Humid,rur,q3,2080,0.1189837430858463
C-WEU-SWE,Zone_8A Subarctic/arctic Humid,urb,q3,2080,0.1189837430858463
C-EEU-SVN,Zone_4A Mixed Humid,rur,q3,2080,0.15683919707838345
C-EEU-SVN,Zone_4A Mixed Humid,urb,q3,2080,0.15683919707838345
C-EEU-SVN,Zone_5A Cool Humid,rur,q3,2080,0.15683919707838345
C-EEU-SVN,Zone_5A Cool Humid,urb,q3,2080,0.15683919707838345
C-EEU-SVN,Zone_7A Very cold Humid,rur,q3,2080,0.15683919707838345
C-EEU-SVN,Zone_7A Very cold Humid,urb,q3,2080,0.15683919707838345
C-EEU-SVK,Zone_5A Cool Humid,rur,q3,2080,0.2475327476767607
C-EEU-SVK,Zone_5A Cool Humid,urb,q3,2080,0.2475327476767607
C-EEU-SVK,Zone_6A Cold Humid,rur,q3,2080,0.2475327476767607
C-EEU-SVK,Zone_6A Cold Humid,urb,q3,2080,0.2475327476767607
C-WEU-AUT,Zone_5A Cool Humid,rur,q1,2085,0.2277760581336043
C-WEU-AUT,Zone_5A Cool Humid,urb,q1,2085,0.2277760581336043
C-WEU-AUT,Zone_4A Mixed Humid,rur,q1,2085,0.2277760581336043
C-WEU-AUT,Zone_4A Mixed Humid,urb,q1,2085,0.2277760581336043
C-WEU-AUT,Zone_6A Cold Humid,rur,q1,2085,0.2277760581336043
C-WEU-AUT,Zone_6A Cold Humid,urb,q1,2085,0.2277760581336043
C-WEU-AUT,Zone_7A Very cold Humid,rur,q1,2085,0.2277760581336043
C-WEU-AUT,Zone_7A Very cold Humid,urb,q1,2085,0.2277760581336043
C-WEU-BEL,Zone_4A Mixed Humid,rur,q1,2085,0.194160417995
C-WEU-BEL,Zone_4A Mixed Humid,urb,q1,2085,0.194160417995
C-WEU-BEL,Zone_5A Cool Humid,rur,q1,2085,0.194160417995
C-WEU-BEL,Zone_5A Cool Humid,urb,q1,2085,0.194160417995
C-EEU-BGR,Zone_4A Mixed Humid,rur,q1,2085,0.4006127591765736
C-EEU-BGR,Zone_4A Mixed Humid,urb,q1,2085,0.4006127591765736
C-EEU-BGR,Zone_5A Cool Humid,rur,q1,2085,0.4006127591765736
C-EEU-BGR,Zone_5A Cool Humid,urb,q1,2085,0.4006127591765736
C-WEU-CYP,Zone_3A Warm Humid,rur,q1,2085,0.7747065324540001
C-WEU-CYP,Zone_3A Warm Humid,urb,q1,2085,0.7747065324540001
C-EEU-CZE,Zone_5A Cool Humid,rur,q1,2085,0.21297392968
C-EEU-CZE,Zone_5A Cool Humid,urb,q1,2085,0.21297392968
C-WEU-DEU,Zone_5A Cool Humid,rur,q1,2085,0.23345897931240864
C-WEU-DEU,Zone_5A Cool Humid,urb,q1,2085,0.23345897931240864
C-WEU-DEU,Zone_4A Mixed Humid,rur,q1,2085,0.23345897931240864
C-WEU-DEU,Zone_4A Mixed Humid,urb,q1,2085,0.23345897931240864
C-WEU-DEU,Zone_6A Cold Humid,rur,q1,2085,0.23345897931240864
C-WEU-DEU,Zone_6A Cold Humid,urb,q1,2085,0.23345897931240864
C-WEU-DNK,Zone_5A Cool Humid,rur,q1,2085,0.11839829748399998
C-WEU-DNK,Zone_5A Cool Humid,urb,q1,2085,0.11839829748399998
C-EEU-EST,Zone_6A Cold Humid,rur,q1,2085,0.10320225083199999
C-EEU-EST,Zone_6A Cold Humid,urb,q1,2085,0.10320225083199999
C-WEU-GRC,Zone_3A Warm Humid,rur,q1,2085,0.6938458124225468
C-WEU-GRC,Zone_3A Warm Humid,urb,q1,2085,0.6938458124225468
C-WEU-GRC,Zone_4A Mixed Humid,rur,q1,2085,0.6938458124225468
C-WEU-GRC,Zone_4A Mixed Humid,urb,q1,2085,0.6938458124225468
C-WEU-GRC,Zone_4C Mixed Marine,rur,q1,2085,0.6938458124225468
C-WEU-GRC,Zone_4C Mixed Marine,urb,q1,2085,0.6938458124225468
C-WEU-GRC,Zone_5C Cool Marine,rur,q1,2085,0.6938458124225468
C-WEU-GRC,Zone_5C Cool Marine,urb,q1,2085,0.6938458124225468
C-WEU-GRC,Zone_5A Cool Humid,rur,q1,2085,0.6938458124225468
C-WEU-GRC,Zone_5A Cool Humid,urb,q1,2085,0.6938458124225468
C-WEU-ESP,Zone_3C Warm Marine,rur,q1,2085,0.6444923925424806
C-WEU-ESP,Zone_3C Warm Marine,urb,q1,2085,0.6444923925424806
C-WEU-ESP,Zone_4C Mixed Marine,rur,q1,2085,0.6444923925424806
C-WEU-ESP,Zone_4C Mixed Marine,urb,q1,2085,0.6444923925424806
C-WEU-ESP,Zone_4A Mixed Humid,rur,q1,2085,0.6444923925424806
C-WEU-ESP,Zone_4A Mixed Humid,urb,q1,2085,0.6444923925424806
C-WEU-ESP,Zone_3A Warm Humid,rur,q1,2085,0.6444923925424806
C-WEU-ESP,Zone_3A Warm Humid,urb,q1,2085,0.6444923925424806
C-WEU-ESP,Zone_3B Warm Dry,rur,q1,2085,0.6444923925424806
C-WEU-ESP,Zone_3B Warm Dry,urb,q1,2085,0.6444923925424806
C-WEU-ESP,Zone_2B Hot Dry,rur,q1,2085,0.6444923925424806
C-WEU-ESP,Zone_2B Hot Dry,urb,q1,2085,0.6444923925424806
C-WEU-FIN,Zone_6A Cold Humid,rur,q1,2085,0.09071329287244241
C-WEU-FIN,Zone_6A Cold Humid,urb,q1,2085,0.09071329287244241
C-WEU-FIN,Zone_7A Very cold Humid,rur,q1,2085,0.09071329287244241
C-WEU-FIN,Zone_7A Very cold Humid,urb,q1,2085,0.09071329287244241
C-WEU-FRA,Zone_4A Mixed Humid,rur,q1,2085,0.32342814430839856
C-WEU-FRA,Zone_4A Mixed Humid,urb,q1,2085,0.32342814430839856
C-WEU-FRA,Zone_5A Cool Humid,rur,q1,2085,0.32342814430839856
C-WEU-FRA,Zone_5A Cool Humid,urb,q1,2085,0.32342814430839856
C-WEU-FRA,Zone_3A Warm Humid,rur,q1,2085,0.32342814430839856
C-WEU-FRA,Zone_3A Warm Humid,urb,q1,2085,0.32342814430839856
C-WEU-FRA,Zone_7A Very cold Humid,rur,q1,2085,0.32342814430839856
C-WEU-FRA,Zone_7A Very cold Humid,urb,q1,2085,0.32342814430839856
C-WEU-FRA,Zone_4C Mixed Marine,rur,q1,2085,0.32342814430839856
C-WEU-FRA,Zone_4C Mixed Marine,urb,q1,2085,0.32342814430839856
C-WEU-FRA,Zone_3C Warm Marine,rur,q1,2085,0.32342814430839856
C-WEU-FRA,Zone_3C Warm Marine,urb,q1,2085,0.32342814430839856
C-WEU-FRA,Zone_1A Very hot Humid,rur,q1,2085,0.32342814430839856
C-WEU-FRA,Zone_1A Very hot Humid,urb,q1,2085,0.32342814430839856
C-WEU-FRA,Zone_2A Hot Humid,rur,q1,2085,0.32342814430839856
C-WEU-FRA,Zone_2A Hot Humid,urb,q1,2085,0.32342814430839856
C-WEU-FRA,Zone_0A Extremely hot Humid,rur,q1,2085,0.32342814430839856
C-WEU-FRA,Zone_0A Extremely hot Humid,urb,q1,2085,0.32342814430839856
C-EEU-HRV,Zone_4A Mixed Humid,rur,q1,2085,0.37164065433177035
C-EEU-HRV,Zone_4A Mixed Humid,urb,q1,2085,0.37164065433177035
C-EEU-HRV,Zone_5A Cool Humid,rur,q1,2085,0.37164065433177035
C-EEU-HRV,Zone_5A Cool Humid,urb,q1,2085,0.37164065433177035
C-EEU-HRV,Zone_4C Mixed Marine,rur,q1,2085,0.37164065433177035
C-EEU-HRV,Zone_4C Mixed Marine,urb,q1,2085,0.37164065433177035
C-EEU-HRV,Zone_3A Warm Humid,rur,q1,2085,0.37164065433177035
C-EEU-HRV,Zone_3A Warm Humid,urb,q1,2085,0.37164065433177035
C-EEU-HUN,Zone_4A Mixed Humid,rur,q1,2085,0.42175330882792617
C-EEU-HUN,Zone_4A Mixed Humid,urb,q1,2085,0.42175330882792617
C-EEU-HUN,Zone_5A Cool Humid,rur,q1,2085,0.42175330882792617
C-EEU-HUN,Zone_5A Cool Humid,urb,q1,2085,0.42175330882792617
C-WEU-IRL,Zone_5A Cool Humid,rur,q1,2085,0.0516480740111
C-WEU-IRL,Zone_5A Cool Humid,urb,q1,2085,0.0516480740111
C-WEU-IRL,Zone_4A Mixed Humid,rur,q1,2085,0.0516480740111
C-WEU-IRL,Zone_4A Mixed Humid,urb,q1,2085,0.0516480740111
C-WEU-ITA,Zone_4A Mixed Humid,rur,q1,2085,0.5444853630429194
C-WEU-ITA,Zone_4A Mixed Humid,urb,q1,2085,0.5444853630429194
C-WEU-ITA,Zone_5A Cool Humid,rur,q1,2085,0.5444853630429194
C-WEU-ITA,Zone_5A Cool Humid,urb,q1,2085,0.5444853630429194
C-WEU-ITA,Zone_7A Very cold Humid,rur,q1,2085,0.5444853630429194
C-WEU-ITA,Zone_7A Very cold Humid,urb,q1,2085,0.5444853630429194
C-WEU-ITA,Zone_6A Cold Humid,rur,q1,2085,0.5444853630429194
C-WEU-ITA,Zone_6A Cold Humid,urb,q1,2085,0.5444853630429194
C-WEU-ITA,Zone_3A Warm Humid,rur,q1,2085,0.5444853630429194
C-WEU-ITA,Zone_3A Warm Humid,urb,q1,2085,0.5444853630429194
C-WEU-ITA,Zone_4C Mixed Marine,rur,q1,2085,0.5444853630429194
C-WEU-ITA,Zone_4C Mixed Marine,urb,q1,2085,0.5444853630429194
C-WEU-ITA,Zone_5C Cool Marine,rur,q1,2085,0.5444853630429194
C-WEU-ITA,Zone_5C Cool Marine,urb,q1,2085,0.5444853630429194
C-EEU-LTU,Zone_6A Cold Humid,rur,q1,2085,0.15778383540980004
C-EEU-LTU,Zone_6A Cold Humid,urb,q1,2085,0.15778383540980004
C-EEU-LTU,Zone_5A Cool Humid,rur,q1,2085,0.15778383540980004
C-EEU-LTU,Zone_5A Cool Humid,urb,q1,2085,0.15778383540980004
C-WEU-LUX,Zone_5A Cool Humid,rur,q1,2085,0.172730880053
C-WEU-LUX,Zone_5A Cool Humid,urb,q1,2085,0.172730880053
C-EEU-LVA,Zone_6A Cold Humid,rur,q1,2085,0.135105374576
C-EEU-LVA,Zone_6A Cold Humid,urb,q1,2085,0.135105374576
C-WEU-MLT,Zone_3A Warm Humid,rur,q1,2085,0.8829464474450001
C-WEU-MLT,Zone_3A Warm Humid,urb,q1,2085,0.8829464474450001
C-WEU-NLD,Zone_5A Cool Humid,rur,q1,2085,0.1564788425230075
C-WEU-NLD,Zone_5A Cool Humid,urb,q1,2085,0.1564788425230075
C-WEU-NLD,Zone_4A Mixed Humid,rur,q1,2085,0.1564788425230075
C-WEU-NLD,Zone_4A Mixed Humid,urb,q1,2085,0.1564788425230075
C-EEU-POL,Zone_5A Cool Humid,rur,q1,2085,0.22617509584800002
C-EEU-POL,Zone_5A Cool Humid,urb,q1,2085,0.22617509584800002
C-EEU-POL,Zone_6A Cold Humid,rur,q1,2085,0.22617509584800002
C-EEU-POL,Zone_6A Cold Humid,urb,q1,2085,0.22617509584800002
C-WEU-PRT,Zone_3C Warm Marine,rur,q1,2085,0.5307267390317575
C-WEU-PRT,Zone_3C Warm Marine,urb,q1,2085,0.5307267390317575
C-WEU-PRT,Zone_4C Mixed Marine,rur,q1,2085,0.5307267390317575
C-WEU-PRT,Zone_4C Mixed Marine,urb,q1,2085,0.5307267390317575
C-WEU-PRT,Zone_4A Mixed Humid,rur,q1,2085,0.5307267390317575
C-WEU-PRT,Zone_4A Mixed Humid,urb,q1,2085,0.5307267390317575
C-WEU-PRT,Zone_3A Warm Humid,rur,q1,2085,0.5307267390317575
C-WEU-PRT,Zone_3A Warm Humid,urb,q1,2085,0.5307267390317575
C-EEU-ROU,Zone_5A Cool Humid,rur,q1,2085,0.35583527742673865
C-EEU-ROU,Zone_5A Cool Humid,urb,q1,2085,0.35583527742673865
C-EEU-ROU,Zone_6A Cold Humid,rur,q1,2085,0.35583527742673865
C-EEU-ROU,Zone_6A Cold Humid,urb,q1,2085,0.35583527742673865
C-EEU-ROU,Zone_4A Mixed Humid,rur,q1,2085,0.35583527742673865
C-EEU-ROU,Zone_4A Mixed Humid,urb,q1,2085,0.35583527742673865
C-WEU-SWE,Zone_6A Cold Humid,rur,q1,2085,0.11892604337632884
C-WEU-SWE,Zone_6A Cold Humid,urb,q1,2085,0.11892604337632884
C-WEU-SWE,Zone_5A Cool Humid,rur,q1,2085,0.11892604337632884
C-WEU-SWE,Zone_5A Cool Humid,urb,q1,2085,0.11892604337632884
C-WEU-SWE,Zone_7A Very cold Humid,rur,q1,2085,0.11892604337632884
C-WEU-SWE,Zone_7A Very cold Humid,urb,q1,2085,0.11892604337632884
C-WEU-SWE,Zone_8A Subarctic/arctic Humid,rur,q1,2085,0.11892604337632884
C-WEU-SWE,Zone_8A Subarctic/arctic Humid,urb,q1,2085,0.11892604337632884
C-EEU-SVN,Zone_4A Mixed Humid,rur,q1,2085,0.15634872867439906
C-EEU-SVN,Zone_4A Mixed Humid,urb,q1,2085,0.15634872867439906
C-EEU-SVN,Zone_5A Cool Humid,rur,q1,2085,0.15634872867439906
C-EEU-SVN,Zone_5A Cool Humid,urb,q1,2085,0.15634872867439906
C-EEU-SVN,Zone_7A Very cold Humid,rur,q1,2085,0.15634872867439906
C-EEU-SVN,Zone_7A Very cold Humid,urb,q1,2085,0.15634872867439906
C-EEU-SVK,Zone_5A Cool Humid,rur,q1,2085,0.2380106781940738
C-EEU-SVK,Zone_5A Cool Humid,urb,q1,2085,0.2380106781940738
C-EEU-SVK,Zone_6A Cold Humid,rur,q1,2085,0.2380106781940738
C-EEU-SVK,Zone_6A Cold Humid,urb,q1,2085,0.2380106781940738
C-WEU-AUT,Zone_5A Cool Humid,rur,q2,2085,0.22789805641039737
C-WEU-AUT,Zone_5A Cool Humid,urb,q2,2085,0.22789805641039737
C-WEU-AUT,Zone_4A Mixed Humid,rur,q2,2085,0.22789805641039737
C-WEU-AUT,Zone_4A Mixed Humid,urb,q2,2085,0.22789805641039737
C-WEU-AUT,Zone_6A Cold Humid,rur,q2,2085,0.22789805641039737
C-WEU-AUT,Zone_6A Cold Humid,urb,q2,2085,0.22789805641039737
C-WEU-AUT,Zone_7A Very cold Humid,rur,q2,2085,0.22789805641039737
C-WEU-AUT,Zone_7A Very cold Humid,urb,q2,2085,0.22789805641039737
C-WEU-BEL,Zone_4A Mixed Humid,rur,q2,2085,0.19419146377
C-WEU-BEL,Zone_4A Mixed Humid,urb,q2,2085,0.19419146377
C-WEU-BEL,Zone_5A Cool Humid,rur,q2,2085,0.19419146377
C-WEU-BEL,Zone_5A Cool Humid,urb,q2,2085,0.19419146377
C-EEU-BGR,Zone_4A Mixed Humid,rur,q2,2085,0.4387971886215402
C-EEU-BGR,Zone_4A Mixed Humid,urb,q2,2085,0.4387971886215402
C-EEU-BGR,Zone_5A Cool Humid,rur,q2,2085,0.4387971886215402
C-EEU-BGR,Zone_5A Cool Humid,urb,q2,2085,0.4387971886215402
C-WEU-CYP,Zone_3A Warm Humid,rur,q2,2085,0.8609714676940001
C-WEU-CYP,Zone_3A Warm Humid,urb,q2,2085,0.8609714676940001
C-EEU-CZE,Zone_5A Cool Humid,rur,q2,2085,0.21305906008
C-EEU-CZE,Zone_5A Cool Humid,urb,q2,2085,0.21305906008
C-WEU-DEU,Zone_5A Cool Humid,rur,q2,2085,0.2338944719774186
C-WEU-DEU,Zone_5A Cool Humid,urb,q2,2085,0.2338944719774186
C-WEU-DEU,Zone_4A Mixed Humid,rur,q2,2085,0.2338944719774186
C-WEU-DEU,Zone_4A Mixed Humid,urb,q2,2085,0.2338944719774186
C-WEU-DEU,Zone_6A Cold Humid,rur,q2,2085,0.2338944719774186
C-WEU-DEU,Zone_6A Cold Humid,urb,q2,2085,0.2338944719774186
C-WEU-DNK,Zone_5A Cool Humid,rur,q2,2085,0.118433482852
C-WEU-DNK,Zone_5A Cool Humid,urb,q2,2085,0.118433482852
C-EEU-EST,Zone_6A Cold Humid,rur,q2,2085,0.103318682592
C-EEU-EST,Zone_6A Cold Humid,urb,q2,2085,0.103318682592
C-WEU-GRC,Zone_3A Warm Humid,rur,q2,2085,0.6985430599997738
C-WEU-GRC,Zone_3A Warm Humid,urb,q2,2085,0.6985430599997738
C-WEU-GRC,Zone_4A Mixed Humid,rur,q2,2085,0.6985430599997738
C-WEU-GRC,Zone_4A Mixed Humid,urb,q2,2085,0.6985430599997738
C-WEU-GRC,Zone_4C Mixed Marine,rur,q2,2085,0.6985430599997738
C-WEU-GRC,Zone_4C Mixed Marine,urb,q2,2085,0.6985430599997738
C-WEU-GRC,Zone_5C Cool Marine,rur,q2,2085,0.6985430599997738
C-WEU-GRC,Zone_5C Cool Marine,urb,q2,2085,0.6985430599997738
C-WEU-GRC,Zone_5A Cool Humid,rur,q2,2085,0.6985430599997738
C-WEU-GRC,Zone_5A Cool Humid,urb,q2,2085,0.6985430599997738
C-WEU-ESP,Zone_3C Warm Marine,rur,q2,2085,0.651264463138047
C-WEU-ESP,Zone_3C Warm Marine,urb,q2,2085,0.651264463138047
C-WEU-ESP,Zone_4C Mixed Marine,rur,q2,2085,0.651264463138047
C-WEU-ESP,Zone_4C Mixed Marine,urb,q2,2085,0.651264463138047
C-WEU-ESP,Zone_4A Mixed Humid,rur,q2,2085,0.651264463138047
C-WEU-ESP,Zone_4A Mixed Humid,urb,q2,2085,0.651264463138047
C-WEU-ESP,Zone_3A Warm Humid,rur,q2,2085,0.651264463138047
C-WEU-ESP,Zone_3A Warm Humid,urb,q2,2085,0.651264463138047
C-WEU-ESP,Zone_3B Warm Dry,rur,q2,2085,0.651264463138047
C-WEU-ESP,Zone_3B Warm Dry,urb,q2,2085,0.651264463138047
C-WEU-ESP,Zone_2B Hot Dry,rur,q2,2085,0.651264463138047
C-WEU-ESP,Zone_2B Hot Dry,urb,q2,2085,0.651264463138047
C-WEU-FIN,Zone_6A Cold Humid,rur,q2,2085,0.09079006874788476
C-WEU-FIN,Zone_6A Cold Humid,urb,q2,2085,0.09079006874788476
C-WEU-FIN,Zone_7A Very cold Humid,rur,q2,2085,0.09079006874788476
C-WEU-FIN,Zone_7A Very cold Humid,urb,q2,2085,0.09079006874788476
C-WEU-FRA,Zone_4A Mixed Humid,rur,q2,2085,0.32385940458152845
C-WEU-FRA,Zone_4A Mixed Humid,urb,q2,2085,0.32385940458152845
C-WEU-FRA,Zone_5A Cool Humid,rur,q2,2085,0.32385940458152845
C-WEU-FRA,Zone_5A Cool Humid,urb,q2,2085,0.32385940458152845
C-WEU-FRA,Zone_3A Warm Humid,rur,q2,2085,0.32385940458152845
C-WEU-FRA,Zone_3A Warm Humid,urb,q2,2085,0.32385940458152845
C-WEU-FRA,Zone_7A Very cold Humid,rur,q2,2085,0.32385940458152845
C-WEU-FRA,Zone_7A Very cold Humid,urb,q2,2085,0.32385940458152845
C-WEU-FRA,Zone_4C Mixed Marine,rur,q2,2085,0.32385940458152845
C-WEU-FRA,Zone_4C Mixed Marine,urb,q2,2085,0.32385940458152845
C-WEU-FRA,Zone_3C Warm Marine,rur,q2,2085,0.32385940458152845
C-WEU-FRA,Zone_3C Warm Marine,urb,q2,2085,0.32385940458152845
C-WEU-FRA,Zone_1A Very hot Humid,rur,q2,2085,0.32385940458152845
C-WEU-FRA,Zone_1A Very hot Humid,urb,q2,2085,0.32385940458152845
C-WEU-FRA,Zone_2A Hot Humid,rur,q2,2085,0.32385940458152845
C-WEU-FRA,Zone_2A Hot Humid,urb,q2,2085,0.32385940458152845
C-WEU-FRA,Zone_0A Extremely hot Humid,rur,q2,2085,0.32385940458152845
C-WEU-FRA,Zone_0A Extremely hot Humid,urb,q2,2085,0.32385940458152845
C-EEU-HRV,Zone_4A Mixed Humid,rur,q2,2085,0.49735023952970503
C-EEU-HRV,Zone_4A Mixed Humid,urb,q2,2085,0.49735023952970503
C-EEU-HRV,Zone_5A Cool Humid,rur,q2,2085,0.49735023952970503
C-EEU-HRV,Zone_5A Cool Humid,urb,q2,2085,0.49735023952970503
C-EEU-HRV,Zone_4C Mixed Marine,rur,q2,2085,0.49735023952970503
C-EEU-HRV,Zone_4C Mixed Marine,urb,q2,2085,0.49735023952970503
C-EEU-HRV,Zone_3A Warm Humid,rur,q2,2085,0.49735023952970503
C-EEU-HRV,Zone_3A Warm Humid,urb,q2,2085,0.49735023952970503
C-EEU-HUN,Zone_4A Mixed Humid,rur,q2,2085,0.42391317644153825
C-EEU-HUN,Zone_4A Mixed Humid,urb,q2,2085,0.42391317644153825
C-EEU-HUN,Zone_5A Cool Humid,rur,q2,2085,0.42391317644153825
C-EEU-HUN,Zone_5A Cool Humid,urb,q2,2085,0.42391317644153825
C-WEU-IRL,Zone_5A Cool Humid,rur,q2,2085,0.05182596675409999
C-WEU-IRL,Zone_5A Cool Humid,urb,q2,2085,0.05182596675409999
C-WEU-IRL,Zone_4A Mixed Humid,rur,q2,2085,0.05182596675409999
C-WEU-IRL,Zone_4A Mixed Humid,urb,q2,2085,0.05182596675409999
C-WEU-ITA,Zone_4A Mixed Humid,rur,q2,2085,0.5503623766365799
C-WEU-ITA,Zone_4A Mixed Humid,urb,q2,2085,0.5503623766365799
C-WEU-ITA,Zone_5A Cool Humid,rur,q2,2085,0.5503623766365799
C-WEU-ITA,Zone_5A Cool Humid,urb,q2,2085,0.5503623766365799
C-WEU-ITA,Zone_7A Very cold Humid,rur,q2,2085,0.5503623766365799
C-WEU-ITA,Zone_7A Very cold Humid,urb,q2,2085,0.5503623766365799
C-WEU-ITA,Zone_6A Cold Humid,rur,q2,2085,0.5503623766365799
C-WEU-ITA,Zone_6A Cold Humid,urb,q2,2085,0.5503623766365799
C-WEU-ITA,Zone_3A Warm Humid,rur,q2,2085,0.5503623766365799
C-WEU-ITA,Zone_3A Warm Humid,urb,q2,2085,0.5503623766365799
C-WEU-ITA,Zone_4C Mixed Marine,rur,q2,2085,0.5503623766365799
C-WEU-ITA,Zone_4C Mixed Marine,urb,q2,2085,0.5503623766365799
C-WEU-ITA,Zone_5C Cool Marine,rur,q2,2085,0.5503623766365799
C-WEU-ITA,Zone_5C Cool Marine,urb,q2,2085,0.5503623766365799
C-EEU-LTU,Zone_6A Cold Humid,rur,q2,2085,0.17255389251999997
C-EEU-LTU,Zone_6A Cold Humid,urb,q2,2085,0.17255389251999997
C-EEU-LTU,Zone_5A Cool Humid,rur,q2,2085,0.17255389251999997
C-EEU-LTU,Zone_5A Cool Humid,urb,q2,2085,0.17255389251999997
C-WEU-LUX,Zone_5A Cool Humid,rur,q2,2085,0.17273688866300002
C-WEU-LUX,Zone_5A Cool Humid,urb,q2,2085,0.17273688866300002
C-EEU-LVA,Zone_6A Cold Humid,rur,q2,2085,0.14184708107299998
C-EEU-LVA,Zone_6A Cold Humid,urb,q2,2085,0.14184708107299998
C-WEU-MLT,Zone_3A Warm Humid,rur,q2,2085,0.8834090451200001
C-WEU-MLT,Zone_3A Warm Humid,urb,q2,2085,0.8834090451200001
C-WEU-NLD,Zone_5A Cool Humid,rur,q2,2085,0.15650946547987632
C-WEU-NLD,Zone_5A Cool Humid,urb,q2,2085,0.15650946547987632
C-WEU-NLD,Zone_4A Mixed Humid,rur,q2,2085,0.15650946547987632
C-WEU-NLD,Zone_4A Mixed Humid,urb,q2,2085,0.15650946547987632
C-EEU-POL,Zone_5A Cool Humid,rur,q2,2085,0.23218844504000002
C-EEU-POL,Zone_5A Cool Humid,urb,q2,2085,0.23218844504000002
C-EEU-POL,Zone_6A Cold Humid,rur,q2,2085,0.23218844504000002
C-EEU-POL,Zone_6A Cold Humid,urb,q2,2085,0.23218844504000002
C-WEU-PRT,Zone_3C Warm Marine,rur,q2,2085,0.5399394383300515
C-WEU-PRT,Zone_3C Warm Marine,urb,q2,2085,0.5399394383300515
C-WEU-PRT,Zone_4C Mixed Marine,rur,q2,2085,0.5399394383300515
C-WEU-PRT,Zone_4C Mixed Marine,urb,q2,2085,0.5399394383300515
C-WEU-PRT,Zone_4A Mixed Humid,rur,q2,2085,0.5399394383300515
C-WEU-PRT,Zone_4A Mixed Humid,urb,q2,2085,0.5399394383300515
C-WEU-PRT,Zone_3A Warm Humid,rur,q2,2085,0.5399394383300515
C-WEU-PRT,Zone_3A Warm Humid,urb,q2,2085,0.5399394383300515
C-EEU-ROU,Zone_5A Cool Humid,rur,q2,2085,0.36680732647149733
C-EEU-ROU,Zone_5A Cool Humid,urb,q2,2085,0.36680732647149733
C-EEU-ROU,Zone_6A Cold Humid,rur,q2,2085,0.36680732647149733
C-EEU-ROU,Zone_6A Cold Humid,urb,q2,2085,0.36680732647149733
C-EEU-ROU,Zone_4A Mixed Humid,rur,q2,2085,0.36680732647149733
C-EEU-ROU,Zone_4A Mixed Humid,urb,q2,2085,0.36680732647149733
C-WEU-SWE,Zone_6A Cold Humid,rur,q2,2085,0.11899099233086566
C-WEU-SWE,Zone_6A Cold Humid,urb,q2,2085,0.11899099233086566
C-WEU-SWE,Zone_5A Cool Humid,rur,q2,2085,0.11899099233086566
C-WEU-SWE,Zone_5A Cool Humid,urb,q2,2085,0.11899099233086566
C-WEU-SWE,Zone_7A Very cold Humid,rur,q2,2085,0.11899099233086566
C-WEU-SWE,Zone_7A Very cold Humid,urb,q2,2085,0.11899099233086566
C-WEU-SWE,Zone_8A Subarctic/arctic Humid,rur,q2,2085,0.11899099233086566
C-WEU-SWE,Zone_8A Subarctic/arctic Humid,urb,q2,2085,0.11899099233086566
C-EEU-SVN,Zone_4A Mixed Humid,rur,q2,2085,0.15683743410097195
C-EEU-SVN,Zone_4A Mixed Humid,urb,q2,2085,0.15683743410097195
C-EEU-SVN,Zone_5A Cool Humid,rur,q2,2085,0.15683743410097195
C-EEU-SVN,Zone_5A Cool Humid,urb,q2,2085,0.15683743410097195
C-EEU-SVN,Zone_7A Very cold Humid,rur,q2,2085,0.15683743410097195
C-EEU-SVN,Zone_7A Very cold Humid,urb,q2,2085,0.15683743410097195
C-EEU-SVK,Zone_5A Cool Humid,rur,q2,2085,0.2476589615701266
C-EEU-SVK,Zone_5A Cool Humid,urb,q2,2085,0.2476589615701266
C-EEU-SVK,Zone_6A Cold Humid,rur,q2,2085,0.2476589615701266
C-EEU-SVK,Zone_6A Cold Humid,urb,q2,2085,0.2476589615701266
C-WEU-AUT,Zone_5A Cool Humid,rur,q3,2085,0.22789831802055907
C-WEU-AUT,Zone_5A Cool Humid,urb,q3,2085,0.22789831802055907
C-WEU-AUT,Zone_4A Mixed Humid,rur,q3,2085,0.22789831802055907
C-WEU-AUT,Zone_4A Mixed Humid,urb,q3,2085,0.22789831802055907
C-WEU-AUT,Zone_6A Cold Humid,rur,q3,2085,0.22789831802055907
C-WEU-AUT,Zone_6A Cold Humid,urb,q3,2085,0.22789831802055907
C-WEU-AUT,Zone_7A Very cold Humid,rur,q3,2085,0.22789831802055907
C-WEU-AUT,Zone_7A Very cold Humid,urb,q3,2085,0.22789831802055907
C-WEU-BEL,Zone_4A Mixed Humid,rur,q3,2085,0.1941916
C-WEU-BEL,Zone_4A Mixed Humid,urb,q3,2085,0.1941916
C-WEU-BEL,Zone_5A Cool Humid,rur,q3,2085,0.1941916
C-WEU-BEL,Zone_5A Cool Humid,urb,q3,2085,0.1941916
C-EEU-BGR,Zone_4A Mixed Humid,rur,q3,2085,0.4388406716465514
C-EEU-BGR,Zone_4A Mixed Humid,urb,q3,2085,0.4388406716465514
C-EEU-BGR,Zone_5A Cool Humid,rur,q3,2085,0.4388406716465514
C-EEU-BGR,Zone_5A Cool Humid,urb,q3,2085,0.4388406716465514
C-WEU-CYP,Zone_3A Warm Humid,rur,q3,2085,0.8651456611780001
C-WEU-CYP,Zone_3A Warm Humid,urb,q3,2085,0.8651456611780001
C-EEU-CZE,Zone_5A Cool Humid,rur,q3,2085,0.2130591
C-EEU-CZE,Zone_5A Cool Humid,urb,q3,2085,0.2130591
C-WEU-DEU,Zone_5A Cool Humid,rur,q3,2085,0.23389517910660212
C-WEU-DEU,Zone_5A Cool Humid,urb,q3,2085,0.23389517910660212
C-WEU-DEU,Zone_4A Mixed Humid,rur,q3,2085,0.23389517910660212
C-WEU-DEU,Zone_4A Mixed Humid,urb,q3,2085,0.23389517910660212
C-WEU-DEU,Zone_6A Cold Humid,rur,q3,2085,0.23389517910660212
C-WEU-DEU,Zone_6A Cold Humid,urb,q3,2085,0.23389517910660212
C-WEU-DNK,Zone_5A Cool Humid,rur,q3,2085,0.11843379999999999
C-WEU-DNK,Zone_5A Cool Humid,urb,q3,2085,0.11843379999999999
C-EEU-EST,Zone_6A Cold Humid,rur,q3,2085,0.1033192
C-EEU-EST,Zone_6A Cold Humid,urb,q3,2085,0.1033192
C-WEU-GRC,Zone_3A Warm Humid,rur,q3,2085,0.6977264972975151
C-WEU-GRC,Zone_3A Warm Humid,urb,q3,2085,0.6977264972975151
C-WEU-GRC,Zone_4A Mixed Humid,rur,q3,2085,0.6977264972975151
C-WEU-GRC,Zone_4A Mixed Humid,urb,q3,2085,0.6977264972975151
C-WEU-GRC,Zone_4C Mixed Marine,rur,q3,2085,0.6977264972975151
C-WEU-GRC,Zone_4C Mixed Marine,urb,q3,2085,0.6977264972975151
C-WEU-GRC,Zone_5C Cool Marine,rur,q3,2085,0.6977264972975151
C-WEU-GRC,Zone_5C Cool Marine,urb,q3,2085,0.6977264972975151
C-WEU-GRC,Zone_5A Cool Humid,rur,q3,2085,0.6977264972975151
C-WEU-GRC,Zone_5A Cool Humid,urb,q3,2085,0.6977264972975151
C-WEU-ESP,Zone_3C Warm Marine,rur,q3,2085,0.6513470404610237
C-WEU-ESP,Zone_3C Warm Marine,urb,q3,2085,0.6513470404610237
C-WEU-ESP,Zone_4C Mixed Marine,rur,q3,2085,0.6513470404610237
C-WEU-ESP,Zone_4C Mixed Marine,urb,q3,2085,0.6513470404610237
C-WEU-ESP,Zone_4A Mixed Humid,rur,q3,2085,0.6513470404610237
C-WEU-ESP,Zone_4A Mixed Humid,urb,q3,2085,0.6513470404610237
C-WEU-ESP,Zone_3A Warm Humid,rur,q3,2085,0.6513470404610237
C-WEU-ESP,Zone_3A Warm Humid,urb,q3,2085,0.6513470404610237
C-WEU-ESP,Zone_3B Warm Dry,rur,q3,2085,0.6513470404610237
C-WEU-ESP,Zone_3B Warm Dry,urb,q3,2085,0.6513470404610237
C-WEU-ESP,Zone_2B Hot Dry,rur,q3,2085,0.6513470404610237
C-WEU-ESP,Zone_2B Hot Dry,urb,q3,2085,0.6513470404610237
C-WEU-FIN,Zone_6A Cold Humid,rur,q3,2085,0.09079044870461679
C-WEU-FIN,Zone_6A Cold Humid,urb,q3,2085,0.09079044870461679
C-WEU-FIN,Zone_7A Very cold Humid,rur,q3,2085,0.09079044870461679
C-WEU-FIN,Zone_7A Very cold Humid,urb,q3,2085,0.09079044870461679
C-WEU-FRA,Zone_4A Mixed Humid,rur,q3,2085,0.3238676906701109
C-WEU-FRA,Zone_4A Mixed Humid,urb,q3,2085,0.3238676906701109
C-WEU-FRA,Zone_5A Cool Humid,rur,q3,2085,0.3238676906701109
C-WEU-FRA,Zone_5A Cool Humid,urb,q3,2085,0.3238676906701109
C-WEU-FRA,Zone_3A Warm Humid,rur,q3,2085,0.3238676906701109
C-WEU-FRA,Zone_3A Warm Humid,urb,q3,2085,0.3238676906701109
C-WEU-FRA,Zone_7A Very cold Humid,rur,q3,2085,0.3238676906701109
C-WEU-FRA,Zone_7A Very cold Humid,urb,q3,2085,0.3238676906701109
C-WEU-FRA,Zone_4C Mixed Marine,rur,q3,2085,0.3238676906701109
C-WEU-FRA,Zone_4C Mixed Marine,urb,q3,2085,0.3238676906701109
C-WEU-FRA,Zone_3C Warm Marine,rur,q3,2085,0.3238676906701109
C-WEU-FRA,Zone_3C Warm Marine,urb,q3,2085,0.3238676906701109
C-WEU-FRA,Zone_1A Very hot Humid,rur,q3,2085,0.3238676906701109
C-WEU-FRA,Zone_1A Very hot Humid,urb,q3,2085,0.3238676906701109
C-WEU-FRA,Zone_2A Hot Humid,rur,q3,2085,0.3238676906701109
C-WEU-FRA,Zone_2A Hot Humid,urb,q3,2085,0.3238676906701109
C-WEU-FRA,Zone_0A Extremely hot Humid,rur,q3,2085,0.3238676906701109
C-WEU-FRA,Zone_0A Extremely hot Humid,urb,q3,2085,0.3238676906701109
C-EEU-HRV,Zone_4A Mixed Humid,rur,q3,2085,0.5182436429960023
C-EEU-HRV,Zone_4A Mixed Humid,urb,q3,2085,0.5182436429960023
C-EEU-HRV,Zone_5A Cool Humid,rur,q3,2085,0.5182436429960023
C-EEU-HRV,Zone_5A Cool Humid,urb,q3,2085,0.5182436429960023
C-EEU-HRV,Zone_4C Mixed Marine,rur,q3,2085,0.5182436429960023
C-EEU-HRV,Zone_4C Mixed Marine,urb,q3,2085,0.5182436429960023
C-EEU-HRV,Zone_3A Warm Humid,rur,q3,2085,0.5182436429960023
C-EEU-HRV,Zone_3A Warm Humid,urb,q3,2085,0.5182436429960023
C-EEU-HUN,Zone_4A Mixed Humid,rur,q3,2085,0.4239281040497438
C-EEU-HUN,Zone_4A Mixed Humid,urb,q3,2085,0.4239281040497438
C-EEU-HUN,Zone_5A Cool Humid,rur,q3,2085,0.4239281040497438
C-EEU-HUN,Zone_5A Cool Humid,urb,q3,2085,0.4239281040497438
C-WEU-IRL,Zone_5A Cool Humid,rur,q3,2085,0.05182629999999999
C-WEU-IRL,Zone_5A Cool Humid,urb,q3,2085,0.05182629999999999
C-WEU-IRL,Zone_4A Mixed Humid,rur,q3,2085,0.05182629999999999
C-WEU-IRL,Zone_4A Mixed Humid,urb,q3,2085,0.05182629999999999
C-WEU-ITA,Zone_4A Mixed Humid,rur,q3,2085,0.5503937394397496
C-WEU-ITA,Zone_4A Mixed Humid,urb,q3,2085,0.5503937394397496
C-WEU-ITA,Zone_5A Cool Humid,rur,q3,2085,0.5503937394397496
C-WEU-ITA,Zone_5A Cool Humid,urb,q3,2085,0.5503937394397496
C-WEU-ITA,Zone_7A Very cold Humid,rur,q3,2085,0.5503937394397496
C-WEU-ITA,Zone_7A Very cold Humid,urb,q3,2085,0.5503937394397496
C-WEU-ITA,Zone_6A Cold Humid,rur,q3,2085,0.5503937394397496
C-WEU-ITA,Zone_6A Cold Humid,urb,q3,2085,0.5503937394397496
C-WEU-ITA,Zone_3A Warm Humid,rur,q3,2085,0.5503937394397496
C-WEU-ITA,Zone_3A Warm Humid,urb,q3,2085,0.5503937394397496
C-WEU-ITA,Zone_4C Mixed Marine,rur,q3,2085,0.5503937394397496
C-WEU-ITA,Zone_4C Mixed Marine,urb,q3,2085,0.5503937394397496
C-WEU-ITA,Zone_5C Cool Marine,rur,q3,2085,0.5503937394397496
C-WEU-ITA,Zone_5C Cool Marine,urb,q3,2085,0.5503937394397496
C-EEU-LTU,Zone_6A Cold Humid,rur,q3,2085,0.1726054
C-EEU-LTU,Zone_6A Cold Humid,urb,q3,2085,0.1726054
C-EEU-LTU,Zone_5A Cool Humid,rur,q3,2085,0.1726054
C-EEU-LTU,Zone_5A Cool Humid,urb,q3,2085,0.1726054
C-WEU-LUX,Zone_5A Cool Humid,rur,q3,2085,0.1727369
C-WEU-LUX,Zone_5A Cool Humid,urb,q3,2085,0.1727369
C-EEU-LVA,Zone_6A Cold Humid,rur,q3,2085,0.1418872
C-EEU-LVA,Zone_6A Cold Humid,urb,q3,2085,0.1418872
C-WEU-MLT,Zone_3A Warm Humid,rur,q3,2085,0.8834134000000001
C-WEU-MLT,Zone_3A Warm Humid,urb,q3,2085,0.8834134000000001
C-WEU-NLD,Zone_5A Cool Humid,rur,q3,2085,0.15650954823537586
C-WEU-NLD,Zone_5A Cool Humid,urb,q3,2085,0.15650954823537586
C-WEU-NLD,Zone_4A Mixed Humid,rur,q3,2085,0.15650954823537586
C-WEU-NLD,Zone_4A Mixed Humid,urb,q3,2085,0.15650954823537586
C-EEU-POL,Zone_5A Cool Humid,rur,q3,2085,0.23221520000000004
C-EEU-POL,Zone_5A Cool Humid,urb,q3,2085,0.23221520000000004
C-EEU-POL,Zone_6A Cold Humid,rur,q3,2085,0.23221520000000004
C-EEU-POL,Zone_6A Cold Humid,urb,q3,2085,0.23221520000000004
C-WEU-PRT,Zone_3C Warm Marine,rur,q3,2085,0.5400167374475345
C-WEU-PRT,Zone_3C Warm Marine,urb,q3,2085,0.5400167374475345
C-WEU-PRT,Zone_4C Mixed Marine,rur,q3,2085,0.5400167374475345
C-WEU-PRT,Zone_4C Mixed Marine,urb,q3,2085,0.5400167374475345
C-WEU-PRT,Zone_4A Mixed Humid,rur,q3,2085,0.5400167374475345
C-WEU-PRT,Zone_4A Mixed Humid,urb,q3,2085,0.5400167374475345
C-WEU-PRT,Zone_3A Warm Humid,rur,q3,2085,0.5400167374475345
C-WEU-PRT,Zone_3A Warm Humid,urb,q3,2085,0.5400167374475345
C-EEU-ROU,Zone_5A Cool Humid,rur,q3,2085,0.3671287484775033
C-EEU-ROU,Zone_5A Cool Humid,urb,q3,2085,0.3671287484775033
C-EEU-ROU,Zone_6A Cold Humid,rur,q3,2085,0.3671287484775033
C-EEU-ROU,Zone_6A Cold Humid,urb,q3,2085,0.3671287484775033
C-EEU-ROU,Zone_4A Mixed Humid,rur,q3,2085,0.3671287484775033
C-EEU-ROU,Zone_4A Mixed Humid,urb,q3,2085,0.3671287484775033
C-WEU-SWE,Zone_6A Cold Humid,rur,q3,2085,0.11899128104103825
C-WEU-SWE,Zone_6A Cold Humid,urb,q3,2085,0.11899128104103825
C-WEU-SWE,Zone_5A Cool Humid,rur,q3,2085,0.11899128104103825
C-WEU-SWE,Zone_5A Cool Humid,urb,q3,2085,0.11899128104103825
C-WEU-SWE,Zone_7A Very cold Humid,rur,q3,2085,0.11899128104103825
C-WEU-SWE,Zone_7A Very cold Humid,urb,q3,2085,0.11899128104103825
C-WEU-SWE,Zone_8A Subarctic/arctic Humid,rur,q3,2085,0.11899128104103825
C-WEU-SWE,Zone_8A Subarctic/arctic Humid,urb,q3,2085,0.11899128104103825
C-EEU-SVN,Zone_4A Mixed Humid,rur,q3,2085,0.1568431642533217
C-EEU-SVN,Zone_4A Mixed Humid,urb,q3,2085,0.1568431642533217
C-EEU-SVN,Zone_5A Cool Humid,rur,q3,2085,0.1568431642533217
C-EEU-SVN,Zone_5A Cool Humid,urb,q3,2085,0.1568431642533217
C-EEU-SVN,Zone_7A Very cold Humid,rur,q3,2085,0.1568431642533217
C-EEU-SVN,Zone_7A Very cold Humid,urb,q3,2085,0.1568431642533217
C-EEU-SVK,Zone_5A Cool Humid,rur,q3,2085,0.2476603671861158
C-EEU-SVK,Zone_5A Cool Humid,urb,q3,2085,0.2476603671861158
C-EEU-SVK,Zone_6A Cold Humid,rur,q3,2085,0.2476603671861158
C-EEU-SVK,Zone_6A Cold Humid,urb,q3,2085,0.2476603671861158
C-WEU-AUT,Zone_5A Cool Humid,rur,q1,2090,0.22797695167028237
C-WEU-AUT,Zone_5A Cool Humid,urb,q1,2090,0.22797695167028237
C-WEU-AUT,Zone_4A Mixed Humid,rur,q1,2090,0.22797695167028237
C-WEU-AUT,Zone_4A Mixed Humid,urb,q1,2090,0.22797695167028237
C-WEU-AUT,Zone_6A Cold Humid,rur,q1,2090,0.22797695167028237
C-WEU-AUT,Zone_6A Cold Humid,urb,q1,2090,0.22797695167028237
C-WEU-AUT,Zone_7A Very cold Humid,rur,q1,2090,0.22797695167028237
C-WEU-AUT,Zone_7A Very cold Humid,urb,q1,2090,0.22797695167028237
C-WEU-BEL,Zone_4A Mixed Humid,rur,q1,2090,0.1941741212492
C-WEU-BEL,Zone_4A Mixed Humid,urb,q1,2090,0.1941741212492
C-WEU-BEL,Zone_5A Cool Humid,rur,q1,2090,0.1941741212492
C-WEU-BEL,Zone_5A Cool Humid,urb,q1,2090,0.1941741212492
C-EEU-BGR,Zone_4A Mixed Humid,rur,q1,2090,0.40577822434597294
C-EEU-BGR,Zone_4A Mixed Humid,urb,q1,2090,0.40577822434597294
C-EEU-BGR,Zone_5A Cool Humid,rur,q1,2090,0.40577822434597294
C-EEU-BGR,Zone_5A Cool Humid,urb,q1,2090,0.40577822434597294
C-WEU-CYP,Zone_3A Warm Humid,rur,q1,2090,0.7987688983839999
C-WEU-CYP,Zone_3A Warm Humid,urb,q1,2090,0.7987688983839999
C-EEU-CZE,Zone_5A Cool Humid,rur,q1,2090,0.21301458831999998
C-EEU-CZE,Zone_5A Cool Humid,urb,q1,2090,0.21301458831999998
C-WEU-DEU,Zone_5A Cool Humid,rur,q1,2090,0.23362654017184026
C-WEU-DEU,Zone_5A Cool Humid,urb,q1,2090,0.23362654017184026
C-WEU-DEU,Zone_4A Mixed Humid,rur,q1,2090,0.23362654017184026
C-WEU-DEU,Zone_4A Mixed Humid,urb,q1,2090,0.23362654017184026
C-WEU-DEU,Zone_6A Cold Humid,rur,q1,2090,0.23362654017184026
C-WEU-DEU,Zone_6A Cold Humid,urb,q1,2090,0.23362654017184026
C-WEU-DNK,Zone_5A Cool Humid,rur,q1,2090,0.118416273516
C-WEU-DNK,Zone_5A Cool Humid,urb,q1,2090,0.118416273516
C-EEU-EST,Zone_6A Cold Humid,rur,q1,2090,0.10326785743599999
C-EEU-EST,Zone_6A Cold Humid,urb,q1,2090,0.10326785743599999
C-WEU-GRC,Zone_3A Warm Humid,rur,q1,2090,0.7015506418724283
C-WEU-GRC,Zone_3A Warm Humid,urb,q1,2090,0.7015506418724283
C-WEU-GRC,Zone_4A Mixed Humid,rur,q1,2090,0.7015506418724283
C-WEU-GRC,Zone_4A Mixed Humid,urb,q1,2090,0.7015506418724283
C-WEU-GRC,Zone_4C Mixed Marine,rur,q1,2090,0.7015506418724283
C-WEU-GRC,Zone_4C Mixed Marine,urb,q1,2090,0.7015506418724283
C-WEU-GRC,Zone_5C Cool Marine,rur,q1,2090,0.7015506418724283
C-WEU-GRC,Zone_5C Cool Marine,urb,q1,2090,0.7015506418724283
C-WEU-GRC,Zone_5A Cool Humid,rur,q1,2090,0.7015506418724283
C-WEU-GRC,Zone_5A Cool Humid,urb,q1,2090,0.7015506418724283
C-WEU-ESP,Zone_3C Warm Marine,rur,q1,2090,0.6484447332438157
C-WEU-ESP,Zone_3C Warm Marine,urb,q1,2090,0.6484447332438157
C-WEU-ESP,Zone_4C Mixed Marine,rur,q1,2090,0.6484447332438157
C-WEU-ESP,Zone_4C Mixed Marine,urb,q1,2090,0.6484447332438157
C-WEU-ESP,Zone_4A Mixed Humid,rur,q1,2090,0.6484447332438157
C-WEU-ESP,Zone_4A Mixed Humid,urb,q1,2090,0.6484447332438157
C-WEU-ESP,Zone_3A Warm Humid,rur,q1,2090,0.6484447332438157
C-WEU-ESP,Zone_3A Warm Humid,urb,q1,2090,0.6484447332438157
C-WEU-ESP,Zone_3B Warm Dry,rur,q1,2090,0.6484447332438157
C-WEU-ESP,Zone_3B Warm Dry,urb,q1,2090,0.6484447332438157
C-WEU-ESP,Zone_2B Hot Dry,rur,q1,2090,0.6484447332438157
C-WEU-ESP,Zone_2B Hot Dry,urb,q1,2090,0.6484447332438157
C-WEU-FIN,Zone_6A Cold Humid,rur,q1,2090,0.09077181604383201
C-WEU-FIN,Zone_6A Cold Humid,urb,q1,2090,0.09077181604383201
C-WEU-FIN,Zone_7A Very cold Humid,rur,q1,2090,0.09077181604383201
C-WEU-FIN,Zone_7A Very cold Humid,urb,q1,2090,0.09077181604383201
C-WEU-FRA,Zone_4A Mixed Humid,rur,q1,2090,0.3236440938985131
C-WEU-FRA,Zone_4A Mixed Humid,urb,q1,2090,0.3236440938985131
C-WEU-FRA,Zone_5A Cool Humid,rur,q1,2090,0.3236440938985131
C-WEU-FRA,Zone_5A Cool Humid,urb,q1,2090,0.3236440938985131
C-WEU-FRA,Zone_3A Warm Humid,rur,q1,2090,0.3236440938985131
C-WEU-FRA,Zone_3A Warm Humid,urb,q1,2090,0.3236440938985131
C-WEU-FRA,Zone_7A Very cold Humid,rur,q1,2090,0.3236440938985131
C-WEU-FRA,Zone_7A Very cold Humid,urb,q1,2090,0.3236440938985131
C-WEU-FRA,Zone_4C Mixed Marine,rur,q1,2090,0.3236440938985131
C-WEU-FRA,Zone_4C Mixed Marine,urb,q1,2090,0.3236440938985131
C-WEU-FRA,Zone_3C Warm Marine,rur,q1,2090,0.3236440938985131
C-WEU-FRA,Zone_3C Warm Marine,urb,q1,2090,0.3236440938985131
C-WEU-FRA,Zone_1A Very hot Humid,rur,q1,2090,0.3236440938985131
C-WEU-FRA,Zone_1A Very hot Humid,urb,q1,2090,0.3236440938985131
C-WEU-FRA,Zone_2A Hot Humid,rur,q1,2090,0.3236440938985131
C-WEU-FRA,Zone_2A Hot Humid,urb,q1,2090,0.3236440938985131
C-WEU-FRA,Zone_0A Extremely hot Humid,rur,q1,2090,0.3236440938985131
C-WEU-FRA,Zone_0A Extremely hot Humid,urb,q1,2090,0.3236440938985131
C-EEU-HRV,Zone_4A Mixed Humid,rur,q1,2090,0.391230570300153
C-EEU-HRV,Zone_4A Mixed Humid,urb,q1,2090,0.391230570300153
C-EEU-HRV,Zone_5A Cool Humid,rur,q1,2090,0.391230570300153
C-EEU-HRV,Zone_5A Cool Humid,urb,q1,2090,0.391230570300153
C-EEU-HRV,Zone_4C Mixed Marine,rur,q1,2090,0.391230570300153
C-EEU-HRV,Zone_4C Mixed Marine,urb,q1,2090,0.391230570300153
C-EEU-HRV,Zone_3A Warm Humid,rur,q1,2090,0.391230570300153
C-EEU-HRV,Zone_3A Warm Humid,urb,q1,2090,0.391230570300153
C-EEU-HUN,Zone_4A Mixed Humid,rur,q1,2090,0.4225910644578657
C-EEU-HUN,Zone_4A Mixed Humid,urb,q1,2090,0.4225910644578657
C-EEU-HUN,Zone_5A Cool Humid,rur,q1,2090,0.4225910644578657
C-EEU-HUN,Zone_5A Cool Humid,urb,q1,2090,0.4225910644578657
C-WEU-IRL,Zone_5A Cool Humid,rur,q1,2090,0.05173379278760001
C-WEU-IRL,Zone_5A Cool Humid,urb,q1,2090,0.05173379278760001
C-WEU-IRL,Zone_4A Mixed Humid,rur,q1,2090,0.05173379278760001
C-WEU-IRL,Zone_4A Mixed Humid,urb,q1,2090,0.05173379278760001
C-WEU-ITA,Zone_4A Mixed Humid,rur,q1,2090,0.5458257897021189
C-WEU-ITA,Zone_4A Mixed Humid,urb,q1,2090,0.5458257897021189
C-WEU-ITA,Zone_5A Cool Humid,rur,q1,2090,0.5458257897021189
C-WEU-ITA,Zone_5A Cool Humid,urb,q1,2090,0.5458257897021189
C-WEU-ITA,Zone_7A Very cold Humid,rur,q1,2090,0.5458257897021189
C-WEU-ITA,Zone_7A Very cold Humid,urb,q1,2090,0.5458257897021189
C-WEU-ITA,Zone_6A Cold Humid,rur,q1,2090,0.5458257897021189
C-WEU-ITA,Zone_6A Cold Humid,urb,q1,2090,0.5458257897021189
C-WEU-ITA,Zone_3A Warm Humid,rur,q1,2090,0.5458257897021189
C-WEU-ITA,Zone_3A Warm Humid,urb,q1,2090,0.5458257897021189
C-WEU-ITA,Zone_4C Mixed Marine,rur,q1,2090,0.5458257897021189
C-WEU-ITA,Zone_4C Mixed Marine,urb,q1,2090,0.5458257897021189
C-WEU-ITA,Zone_5C Cool Marine,rur,q1,2090,0.5458257897021189
C-WEU-ITA,Zone_5C Cool Marine,urb,q1,2090,0.5458257897021189
C-EEU-LTU,Zone_6A Cold Humid,rur,q1,2090,0.16102118046700004
C-EEU-LTU,Zone_6A Cold Humid,urb,q1,2090,0.16102118046700004
C-EEU-LTU,Zone_5A Cool Humid,rur,q1,2090,0.16102118046700004
C-EEU-LTU,Zone_5A Cool Humid,urb,q1,2090,0.16102118046700004
C-WEU-LUX,Zone_5A Cool Humid,rur,q1,2090,0.172733732585
C-WEU-LUX,Zone_5A Cool Humid,urb,q1,2090,0.172733732585
C-EEU-LVA,Zone_6A Cold Humid,rur,q1,2090,0.13694732923
C-EEU-LVA,Zone_6A Cold Humid,urb,q1,2090,0.13694732923
C-WEU-MLT,Zone_3A Warm Humid,rur,q1,2090,0.883147365935
C-WEU-MLT,Zone_3A Warm Humid,urb,q1,2090,0.883147365935
C-WEU-NLD,Zone_5A Cool Humid,rur,q1,2090,0.1564890179793036
C-WEU-NLD,Zone_5A Cool Humid,urb,q1,2090,0.1564890179793036
C-WEU-NLD,Zone_4A Mixed Humid,rur,q1,2090,0.1564890179793036
C-WEU-NLD,Zone_4A Mixed Humid,urb,q1,2090,0.1564890179793036
C-EEU-POL,Zone_5A Cool Humid,rur,q1,2090,0.22821765420000004
C-EEU-POL,Zone_5A Cool Humid,urb,q1,2090,0.22821765420000004
C-EEU-POL,Zone_6A Cold Humid,rur,q1,2090,0.22821765420000004
C-EEU-POL,Zone_6A Cold Humid,urb,q1,2090,0.22821765420000004
C-WEU-PRT,Zone_3C Warm Marine,rur,q1,2090,0.5363608131638465
C-WEU-PRT,Zone_3C Warm Marine,urb,q1,2090,0.5363608131638465
C-WEU-PRT,Zone_4C Mixed Marine,rur,q1,2090,0.5363608131638465
C-WEU-PRT,Zone_4C Mixed Marine,urb,q1,2090,0.5363608131638465
C-WEU-PRT,Zone_4A Mixed Humid,rur,q1,2090,0.5363608131638465
C-WEU-PRT,Zone_4A Mixed Humid,urb,q1,2090,0.5363608131638465
C-WEU-PRT,Zone_3A Warm Humid,rur,q1,2090,0.5363608131638465
C-WEU-PRT,Zone_3A Warm Humid,urb,q1,2090,0.5363608131638465
C-EEU-ROU,Zone_5A Cool Humid,rur,q1,2090,0.35966728073175674
C-EEU-ROU,Zone_5A Cool Humid,urb,q1,2090,0.35966728073175674
C-EEU-ROU,Zone_6A Cold Humid,rur,q1,2090,0.35966728073175674
C-EEU-ROU,Zone_6A Cold Humid,urb,q1,2090,0.35966728073175674
C-EEU-ROU,Zone_4A Mixed Humid,rur,q1,2090,0.35966728073175674
C-EEU-ROU,Zone_4A Mixed Humid,urb,q1,2090,0.35966728073175674
C-WEU-SWE,Zone_6A Cold Humid,rur,q1,2090,0.11895999532949196
C-WEU-SWE,Zone_6A Cold Humid,urb,q1,2090,0.11895999532949196
C-WEU-SWE,Zone_5A Cool Humid,rur,q1,2090,0.11895999532949196
C-WEU-SWE,Zone_5A Cool Humid,urb,q1,2090,0.11895999532949196
C-WEU-SWE,Zone_7A Very cold Humid,rur,q1,2090,0.11895999532949196
C-WEU-SWE,Zone_7A Very cold Humid,urb,q1,2090,0.11895999532949196
C-WEU-SWE,Zone_8A Subarctic/arctic Humid,rur,q1,2090,0.11895999532949196
C-WEU-SWE,Zone_8A Subarctic/arctic Humid,urb,q1,2090,0.11895999532949196
C-EEU-SVN,Zone_4A Mixed Humid,rur,q1,2090,0.1565761435065795
C-EEU-SVN,Zone_4A Mixed Humid,urb,q1,2090,0.1565761435065795
C-EEU-SVN,Zone_5A Cool Humid,rur,q1,2090,0.1565761435065795
C-EEU-SVN,Zone_5A Cool Humid,urb,q1,2090,0.1565761435065795
C-EEU-SVN,Zone_7A Very cold Humid,rur,q1,2090,0.1565761435065795
C-EEU-SVN,Zone_7A Very cold Humid,urb,q1,2090,0.1565761435065795
C-EEU-SVK,Zone_5A Cool Humid,rur,q1,2090,0.2397902773091564
C-EEU-SVK,Zone_5A Cool Humid,urb,q1,2090,0.2397902773091564
C-EEU-SVK,Zone_6A Cold Humid,rur,q1,2090,0.2397902773091564
C-EEU-SVK,Zone_6A Cold Humid,urb,q1,2090,0.2397902773091564
C-WEU-AUT,Zone_5A Cool Humid,rur,q2,2090,0.22803885558761422
C-WEU-AUT,Zone_5A Cool Humid,urb,q2,2090,0.22803885558761422
C-WEU-AUT,Zone_4A Mixed Humid,rur,q2,2090,0.22803885558761422
C-WEU-AUT,Zone_4A Mixed Humid,urb,q2,2090,0.22803885558761422
C-WEU-AUT,Zone_6A Cold Humid,rur,q2,2090,0.22803885558761422
C-WEU-AUT,Zone_6A Cold Humid,urb,q2,2090,0.22803885558761422
C-WEU-AUT,Zone_7A Very cold Humid,rur,q2,2090,0.22803885558761422
C-WEU-AUT,Zone_7A Very cold Humid,urb,q2,2090,0.22803885558761422
C-WEU-BEL,Zone_4A Mixed Humid,rur,q2,2090,0.19419154520889997
C-WEU-BEL,Zone_4A Mixed Humid,urb,q2,2090,0.19419154520889997
C-WEU-BEL,Zone_5A Cool Humid,rur,q2,2090,0.19419154520889997
C-WEU-BEL,Zone_5A Cool Humid,urb,q2,2090,0.19419154520889997
C-EEU-BGR,Zone_4A Mixed Humid,rur,q2,2090,0.43902906073168596
C-EEU-BGR,Zone_4A Mixed Humid,urb,q2,2090,0.43902906073168596
C-EEU-BGR,Zone_5A Cool Humid,rur,q2,2090,0.43902906073168596
C-EEU-BGR,Zone_5A Cool Humid,urb,q2,2090,0.43902906073168596
C-WEU-CYP,Zone_3A Warm Humid,rur,q2,2090,0.862964952612
C-WEU-CYP,Zone_3A Warm Humid,urb,q2,2090,0.862964952612
C-EEU-CZE,Zone_5A Cool Humid,rur,q2,2090,0.21305908116
C-EEU-CZE,Zone_5A Cool Humid,urb,q2,2090,0.21305908116
C-WEU-DEU,Zone_5A Cool Humid,rur,q2,2090,0.23389106029967682
C-WEU-DEU,Zone_5A Cool Humid,urb,q2,2090,0.23389106029967682
C-WEU-DEU,Zone_4A Mixed Humid,rur,q2,2090,0.23389106029967682
C-WEU-DEU,Zone_4A Mixed Humid,urb,q2,2090,0.23389106029967682
C-WEU-DEU,Zone_6A Cold Humid,rur,q2,2090,0.23389106029967682
C-WEU-DEU,Zone_6A Cold Humid,urb,q2,2090,0.23389106029967682
C-WEU-DNK,Zone_5A Cool Humid,rur,q2,2090,0.11843366294
C-WEU-DNK,Zone_5A Cool Humid,urb,q2,2090,0.11843366294
C-EEU-EST,Zone_6A Cold Humid,rur,q2,2090,0.10331900661999999
C-EEU-EST,Zone_6A Cold Humid,urb,q2,2090,0.10331900661999999
C-WEU-GRC,Zone_3A Warm Humid,rur,q2,2090,0.6978176494277816
C-WEU-GRC,Zone_3A Warm Humid,urb,q2,2090,0.6978176494277816
C-WEU-GRC,Zone_4A Mixed Humid,rur,q2,2090,0.6978176494277816
C-WEU-GRC,Zone_4A Mixed Humid,urb,q2,2090,0.6978176494277816
C-WEU-GRC,Zone_4C Mixed Marine,rur,q2,2090,0.6978176494277816
C-WEU-GRC,Zone_4C Mixed Marine,urb,q2,2090,0.6978176494277816
C-WEU-GRC,Zone_5C Cool Marine,rur,q2,2090,0.6978176494277816
C-WEU-GRC,Zone_5C Cool Marine,urb,q2,2090,0.6978176494277816
C-WEU-GRC,Zone_5A Cool Humid,rur,q2,2090,0.6978176494277816
C-WEU-GRC,Zone_5A Cool Humid,urb,q2,2090,0.6978176494277816
C-WEU-ESP,Zone_3C Warm Marine,rur,q2,2090,0.6520080590062248
C-WEU-ESP,Zone_3C Warm Marine,urb,q2,2090,0.6520080590062248
C-WEU-ESP,Zone_4C Mixed Marine,rur,q2,2090,0.6520080590062248
C-WEU-ESP,Zone_4C Mixed Marine,urb,q2,2090,0.6520080590062248
C-WEU-ESP,Zone_4A Mixed Humid,rur,q2,2090,0.6520080590062248
C-WEU-ESP,Zone_4A Mixed Humid,urb,q2,2090,0.6520080590062248
C-WEU-ESP,Zone_3A Warm Humid,rur,q2,2090,0.6520080590062248
C-WEU-ESP,Zone_3A Warm Humid,urb,q2,2090,0.6520080590062248
C-WEU-ESP,Zone_3B Warm Dry,rur,q2,2090,0.6520080590062248
C-WEU-ESP,Zone_3B Warm Dry,urb,q2,2090,0.6520080590062248
C-WEU-ESP,Zone_2B Hot Dry,rur,q2,2090,0.6520080590062248
C-WEU-ESP,Zone_2B Hot Dry,urb,q2,2090,0.6520080590062248
C-WEU-FIN,Zone_6A Cold Humid,rur,q2,2090,0.09081345944307036
C-WEU-FIN,Zone_6A Cold Humid,urb,q2,2090,0.09081345944307036
C-WEU-FIN,Zone_7A Very cold Humid,rur,q2,2090,0.09081345944307036
C-WEU-FIN,Zone_7A Very cold Humid,urb,q2,2090,0.09081345944307036
C-WEU-FRA,Zone_4A Mixed Humid,rur,q2,2090,0.3241289059942285
C-WEU-FRA,Zone_4A Mixed Humid,urb,q2,2090,0.3241289059942285
C-WEU-FRA,Zone_5A Cool Humid,rur,q2,2090,0.3241289059942285
C-WEU-FRA,Zone_5A Cool Humid,urb,q2,2090,0.3241289059942285
C-WEU-FRA,Zone_3A Warm Humid,rur,q2,2090,0.3241289059942285
C-WEU-FRA,Zone_3A Warm Humid,urb,q2,2090,0.3241289059942285
C-WEU-FRA,Zone_7A Very cold Humid,rur,q2,2090,0.3241289059942285
C-WEU-FRA,Zone_7A Very cold Humid,urb,q2,2090,0.3241289059942285
C-WEU-FRA,Zone_4C Mixed Marine,rur,q2,2090,0.3241289059942285
C-WEU-FRA,Zone_4C Mixed Marine,urb,q2,2090,0.3241289059942285
C-WEU-FRA,Zone_3C Warm Marine,rur,q2,2090,0.3241289059942285
C-WEU-FRA,Zone_3C Warm Marine,urb,q2,2090,0.3241289059942285
C-WEU-FRA,Zone_1A Very hot Humid,rur,q2,2090,0.3241289059942285
C-WEU-FRA,Zone_1A Very hot Humid,urb,q2,2090,0.3241289059942285
C-WEU-FRA,Zone_2A Hot Humid,rur,q2,2090,0.3241289059942285
C-WEU-FRA,Zone_2A Hot Humid,urb,q2,2090,0.3241289059942285
C-WEU-FRA,Zone_0A Extremely hot Humid,rur,q2,2090,0.3241289059942285
C-WEU-FRA,Zone_0A Extremely hot Humid,urb,q2,2090,0.3241289059942285
C-EEU-HRV,Zone_4A Mixed Humid,rur,q2,2090,0.49277628231209264
C-EEU-HRV,Zone_4A Mixed Humid,urb,q2,2090,0.49277628231209264
C-EEU-HRV,Zone_5A Cool Humid,rur,q2,2090,0.49277628231209264
C-EEU-HRV,Zone_5A Cool Humid,urb,q2,2090,0.49277628231209264
C-EEU-HRV,Zone_4C Mixed Marine,rur,q2,2090,0.49277628231209264
C-EEU-HRV,Zone_4C Mixed Marine,urb,q2,2090,0.49277628231209264
C-EEU-HRV,Zone_3A Warm Humid,rur,q2,2090,0.49277628231209264
C-EEU-HRV,Zone_3A Warm Humid,urb,q2,2090,0.49277628231209264
C-EEU-HUN,Zone_4A Mixed Humid,rur,q2,2090,0.42381933815920275
C-EEU-HUN,Zone_4A Mixed Humid,urb,q2,2090,0.42381933815920275
C-EEU-HUN,Zone_5A Cool Humid,rur,q2,2090,0.42381933815920275
C-EEU-HUN,Zone_5A Cool Humid,urb,q2,2090,0.42381933815920275
C-WEU-IRL,Zone_5A Cool Humid,rur,q2,2090,0.05182615279240001
C-WEU-IRL,Zone_5A Cool Humid,urb,q2,2090,0.05182615279240001
C-WEU-IRL,Zone_4A Mixed Humid,rur,q2,2090,0.05182615279240001
C-WEU-IRL,Zone_4A Mixed Humid,urb,q2,2090,0.05182615279240001
C-WEU-ITA,Zone_4A Mixed Humid,rur,q2,2090,0.5495196032099925
C-WEU-ITA,Zone_4A Mixed Humid,urb,q2,2090,0.5495196032099925
C-WEU-ITA,Zone_5A Cool Humid,rur,q2,2090,0.5495196032099925
C-WEU-ITA,Zone_5A Cool Humid,urb,q2,2090,0.5495196032099925
C-WEU-ITA,Zone_7A Very cold Humid,rur,q2,2090,0.5495196032099925
C-WEU-ITA,Zone_7A Very cold Humid,urb,q2,2090,0.5495196032099925
C-WEU-ITA,Zone_6A Cold Humid,rur,q2,2090,0.5495196032099925
C-WEU-ITA,Zone_6A Cold Humid,urb,q2,2090,0.5495196032099925
C-WEU-ITA,Zone_3A Warm Humid,rur,q2,2090,0.5495196032099925
C-WEU-ITA,Zone_3A Warm Humid,urb,q2,2090,0.5495196032099925
C-WEU-ITA,Zone_4C Mixed Marine,rur,q2,2090,0.5495196032099925
C-WEU-ITA,Zone_4C Mixed Marine,urb,q2,2090,0.5495196032099925
C-WEU-ITA,Zone_5C Cool Marine,rur,q2,2090,0.5495196032099925
C-WEU-ITA,Zone_5C Cool Marine,urb,q2,2090,0.5495196032099925
C-EEU-LTU,Zone_6A Cold Humid,rur,q2,2090,0.17258147129499998
C-EEU-LTU,Zone_6A Cold Humid,urb,q2,2090,0.17258147129499998
C-EEU-LTU,Zone_5A Cool Humid,rur,q2,2090,0.17258147129499998
C-EEU-LTU,Zone_5A Cool Humid,urb,q2,2090,0.17258147129499998
C-WEU-LUX,Zone_5A Cool Humid,rur,q2,2090,0.172736896421
C-WEU-LUX,Zone_5A Cool Humid,urb,q2,2090,0.172736896421
C-EEU-LVA,Zone_6A Cold Humid,rur,q2,2090,0.14186793579
C-EEU-LVA,Zone_6A Cold Humid,urb,q2,2090,0.14186793579
C-WEU-MLT,Zone_3A Warm Humid,rur,q2,2090,0.883411318195
C-WEU-MLT,Zone_3A Warm Humid,urb,q2,2090,0.883411318195
C-WEU-NLD,Zone_5A Cool Humid,rur,q2,2090,0.15650538667169492
C-WEU-NLD,Zone_5A Cool Humid,urb,q2,2090,0.15650538667169492
C-WEU-NLD,Zone_4A Mixed Humid,rur,q2,2090,0.15650538667169492
C-WEU-NLD,Zone_4A Mixed Humid,urb,q2,2090,0.15650538667169492
C-EEU-POL,Zone_5A Cool Humid,rur,q2,2090,0.23220160224000003
C-EEU-POL,Zone_5A Cool Humid,urb,q2,2090,0.23220160224000003
C-EEU-POL,Zone_6A Cold Humid,rur,q2,2090,0.23220160224000003
C-EEU-POL,Zone_6A Cold Humid,urb,q2,2090,0.23220160224000003
C-WEU-PRT,Zone_3C Warm Marine,rur,q2,2090,0.5414433956111872
C-WEU-PRT,Zone_3C Warm Marine,urb,q2,2090,0.5414433956111872
C-WEU-PRT,Zone_4C Mixed Marine,rur,q2,2090,0.5414433956111872
C-WEU-PRT,Zone_4C Mixed Marine,urb,q2,2090,0.5414433956111872
C-WEU-PRT,Zone_4A Mixed Humid,rur,q2,2090,0.5414433956111872
C-WEU-PRT,Zone_4A Mixed Humid,urb,q2,2090,0.5414433956111872
C-WEU-PRT,Zone_3A Warm Humid,rur,q2,2090,0.5414433956111872
C-WEU-PRT,Zone_3A Warm Humid,urb,q2,2090,0.5414433956111872
C-EEU-ROU,Zone_5A Cool Humid,rur,q2,2090,0.3660684549314058
C-EEU-ROU,Zone_5A Cool Humid,urb,q2,2090,0.3660684549314058
C-EEU-ROU,Zone_6A Cold Humid,rur,q2,2090,0.3660684549314058
C-EEU-ROU,Zone_6A Cold Humid,urb,q2,2090,0.3660684549314058
C-EEU-ROU,Zone_4A Mixed Humid,rur,q2,2090,0.3660684549314058
C-EEU-ROU,Zone_4A Mixed Humid,urb,q2,2090,0.3660684549314058
C-WEU-SWE,Zone_6A Cold Humid,rur,q2,2090,0.1189983344857011
C-WEU-SWE,Zone_6A Cold Humid,urb,q2,2090,0.1189983344857011
C-WEU-SWE,Zone_5A Cool Humid,rur,q2,2090,0.1189983344857011
C-WEU-SWE,Zone_5A Cool Humid,urb,q2,2090,0.1189983344857011
C-WEU-SWE,Zone_7A Very cold Humid,rur,q2,2090,0.1189983344857011
C-WEU-SWE,Zone_7A Very cold Humid,urb,q2,2090,0.1189983344857011
C-WEU-SWE,Zone_8A Subarctic/arctic Humid,rur,q2,2090,0.1189983344857011
C-WEU-SWE,Zone_8A Subarctic/arctic Humid,urb,q2,2090,0.1189983344857011
C-EEU-SVN,Zone_4A Mixed Humid,rur,q2,2090,0.15684442036249016
C-EEU-SVN,Zone_4A Mixed Humid,urb,q2,2090,0.15684442036249016
C-EEU-SVN,Zone_5A Cool Humid,rur,q2,2090,0.15684442036249016
C-EEU-SVN,Zone_5A Cool Humid,urb,q2,2090,0.15684442036249016
C-EEU-SVN,Zone_7A Very cold Humid,rur,q2,2090,0.15684442036249016
C-EEU-SVN,Zone_7A Very cold Humid,urb,q2,2090,0.15684442036249016
C-EEU-SVK,Zone_5A Cool Humid,rur,q2,2090,0.2478278933581222
C-EEU-SVK,Zone_5A Cool Humid,urb,q2,2090,0.2478278933581222
C-EEU-SVK,Zone_6A Cold Humid,rur,q2,2090,0.2478278933581222
C-EEU-SVK,Zone_6A Cold Humid,urb,q2,2090,0.2478278933581222
C-WEU-AUT,Zone_5A Cool Humid,rur,q3,2090,0.22803894228202035
C-WEU-AUT,Zone_5A Cool Humid,urb,q3,2090,0.22803894228202035
C-WEU-AUT,Zone_4A Mixed Humid,rur,q3,2090,0.22803894228202035
C-WEU-AUT,Zone_4A Mixed Humid,urb,q3,2090,0.22803894228202035
C-WEU-AUT,Zone_6A Cold Humid,rur,q3,2090,0.22803894228202035
C-WEU-AUT,Zone_6A Cold Humid,urb,q3,2090,0.22803894228202035
C-WEU-AUT,Zone_7A Very cold Humid,rur,q3,2090,0.22803894228202035
C-WEU-AUT,Zone_7A Very cold Humid,urb,q3,2090,0.22803894228202035
C-WEU-BEL,Zone_4A Mixed Humid,rur,q3,2090,0.1941916
C-WEU-BEL,Zone_4A Mixed Humid,urb,q3,2090,0.1941916
C-WEU-BEL,Zone_5A Cool Humid,rur,q3,2090,0.1941916
C-WEU-BEL,Zone_5A Cool Humid,urb,q3,2090,0.1941916
C-EEU-BGR,Zone_4A Mixed Humid,rur,q3,2090,0.4390450808458213
C-EEU-BGR,Zone_4A Mixed Humid,urb,q3,2090,0.4390450808458213
C-EEU-BGR,Zone_5A Cool Humid,rur,q3,2090,0.4390450808458213
C-EEU-BGR,Zone_5A Cool Humid,urb,q3,2090,0.4390450808458213
C-WEU-CYP,Zone_3A Warm Humid,rur,q3,2090,0.865148679264
C-WEU-CYP,Zone_3A Warm Humid,urb,q3,2090,0.865148679264
C-EEU-CZE,Zone_5A Cool Humid,rur,q3,2090,0.2130591
C-EEU-CZE,Zone_5A Cool Humid,urb,q3,2090,0.2130591
C-WEU-DEU,Zone_5A Cool Humid,rur,q3,2090,0.23389135026108246
C-WEU-DEU,Zone_5A Cool Humid,urb,q3,2090,0.23389135026108246
C-WEU-DEU,Zone_4A Mixed Humid,rur,q3,2090,0.23389135026108246
C-WEU-DEU,Zone_4A Mixed Humid,urb,q3,2090,0.23389135026108246
C-WEU-DEU,Zone_6A Cold Humid,rur,q3,2090,0.23389135026108246
C-WEU-DEU,Zone_6A Cold Humid,urb,q3,2090,0.23389135026108246
C-WEU-DNK,Zone_5A Cool Humid,rur,q3,2090,0.1184338
C-WEU-DNK,Zone_5A Cool Humid,urb,q3,2090,0.1184338
C-EEU-EST,Zone_6A Cold Humid,rur,q3,2090,0.1033192
C-EEU-EST,Zone_6A Cold Humid,urb,q3,2090,0.1033192
C-WEU-GRC,Zone_3A Warm Humid,rur,q3,2090,0.6977070501834857
C-WEU-GRC,Zone_3A Warm Humid,urb,q3,2090,0.6977070501834857
C-WEU-GRC,Zone_4A Mixed Humid,rur,q3,2090,0.6977070501834857
C-WEU-GRC,Zone_4A Mixed Humid,urb,q3,2090,0.6977070501834857
C-WEU-GRC,Zone_4C Mixed Marine,rur,q3,2090,0.6977070501834857
C-WEU-GRC,Zone_4C Mixed Marine,urb,q3,2090,0.6977070501834857
C-WEU-GRC,Zone_5C Cool Marine,rur,q3,2090,0.6977070501834857
C-WEU-GRC,Zone_5C Cool Marine,urb,q3,2090,0.6977070501834857
C-WEU-GRC,Zone_5A Cool Humid,rur,q3,2090,0.6977070501834857
C-WEU-GRC,Zone_5A Cool Humid,urb,q3,2090,0.6977070501834857
C-WEU-ESP,Zone_3C Warm Marine,rur,q3,2090,0.6520370836803309
C-WEU-ESP,Zone_3C Warm Marine,urb,q3,2090,0.6520370836803309
C-WEU-ESP,Zone_4C Mixed Marine,rur,q3,2090,0.6520370836803309
C-WEU-ESP,Zone_4C Mixed Marine,urb,q3,2090,0.6520370836803309
C-WEU-ESP,Zone_4A Mixed Humid,rur,q3,2090,0.6520370836803309
C-WEU-ESP,Zone_4A Mixed Humid,urb,q3,2090,0.6520370836803309
C-WEU-ESP,Zone_3A Warm Humid,rur,q3,2090,0.6520370836803309
C-WEU-ESP,Zone_3A Warm Humid,urb,q3,2090,0.6520370836803309
C-WEU-ESP,Zone_3B Warm Dry,rur,q3,2090,0.6520370836803309
C-WEU-ESP,Zone_3B Warm Dry,urb,q3,2090,0.6520370836803309
C-WEU-ESP,Zone_2B Hot Dry,rur,q3,2090,0.6520370836803309
C-WEU-ESP,Zone_2B Hot Dry,urb,q3,2090,0.6520370836803309
C-WEU-FIN,Zone_6A Cold Humid,rur,q3,2090,0.09081360812473899
C-WEU-FIN,Zone_6A Cold Humid,urb,q3,2090,0.09081360812473899
C-WEU-FIN,Zone_7A Very cold Humid,rur,q3,2090,0.09081360812473899
C-WEU-FIN,Zone_7A Very cold Humid,urb,q3,2090,0.09081360812473899
C-WEU-FRA,Zone_4A Mixed Humid,rur,q3,2090,0.32410400955007407
C-WEU-FRA,Zone_4A Mixed Humid,urb,q3,2090,0.32410400955007407
C-WEU-FRA,Zone_5A Cool Humid,rur,q3,2090,0.32410400955007407
C-WEU-FRA,Zone_5A Cool Humid,urb,q3,2090,0.32410400955007407
C-WEU-FRA,Zone_3A Warm Humid,rur,q3,2090,0.32410400955007407
C-WEU-FRA,Zone_3A Warm Humid,urb,q3,2090,0.32410400955007407
C-WEU-FRA,Zone_7A Very cold Humid,rur,q3,2090,0.32410400955007407
C-WEU-FRA,Zone_7A Very cold Humid,urb,q3,2090,0.32410400955007407
C-WEU-FRA,Zone_4C Mixed Marine,rur,q3,2090,0.32410400955007407
C-WEU-FRA,Zone_4C Mixed Marine,urb,q3,2090,0.32410400955007407
C-WEU-FRA,Zone_3C Warm Marine,rur,q3,2090,0.32410400955007407
C-WEU-FRA,Zone_3C Warm Marine,urb,q3,2090,0.32410400955007407
C-WEU-FRA,Zone_1A Very hot Humid,rur,q3,2090,0.32410400955007407
C-WEU-FRA,Zone_1A Very hot Humid,urb,q3,2090,0.32410400955007407
C-WEU-FRA,Zone_2A Hot Humid,rur,q3,2090,0.32410400955007407
C-WEU-FRA,Zone_2A Hot Humid,urb,q3,2090,0.32410400955007407
C-WEU-FRA,Zone_0A Extremely hot Humid,rur,q3,2090,0.32410400955007407
C-WEU-FRA,Zone_0A Extremely hot Humid,urb,q3,2090,0.32410400955007407
C-EEU-HRV,Zone_4A Mixed Humid,rur,q3,2090,0.5144802979258501
C-EEU-HRV,Zone_4A Mixed Humid,urb,q3,2090,0.5144802979258501
C-EEU-HRV,Zone_5A Cool Humid,rur,q3,2090,0.5144802979258501
C-EEU-HRV,Zone_5A Cool Humid,urb,q3,2090,0.5144802979258501
C-EEU-HRV,Zone_4C Mixed Marine,rur,q3,2090,0.5144802979258501
C-EEU-HRV,Zone_4C Mixed Marine,urb,q3,2090,0.5144802979258501
C-EEU-HRV,Zone_3A Warm Humid,rur,q3,2090,0.5144802979258501
C-EEU-HRV,Zone_3A Warm Humid,urb,q3,2090,0.5144802979258501
C-EEU-HUN,Zone_4A Mixed Humid,rur,q3,2090,0.4238261179652009
C-EEU-HUN,Zone_4A Mixed Humid,urb,q3,2090,0.4238261179652009
C-EEU-HUN,Zone_5A Cool Humid,rur,q3,2090,0.4238261179652009
C-EEU-HUN,Zone_5A Cool Humid,urb,q3,2090,0.4238261179652009
C-WEU-IRL,Zone_5A Cool Humid,rur,q3,2090,0.051826300000000006
C-WEU-IRL,Zone_5A Cool Humid,urb,q3,2090,0.051826300000000006
C-WEU-IRL,Zone_4A Mixed Humid,rur,q3,2090,0.051826300000000006
C-WEU-IRL,Zone_4A Mixed Humid,urb,q3,2090,0.051826300000000006
C-WEU-ITA,Zone_4A Mixed Humid,rur,q3,2090,0.5495328515010179
C-WEU-ITA,Zone_4A Mixed Humid,urb,q3,2090,0.5495328515010179
C-WEU-ITA,Zone_5A Cool Humid,rur,q3,2090,0.5495328515010179
C-WEU-ITA,Zone_5A Cool Humid,urb,q3,2090,0.5495328515010179
C-WEU-ITA,Zone_7A Very cold Humid,rur,q3,2090,0.5495328515010179
C-WEU-ITA,Zone_7A Very cold Humid,urb,q3,2090,0.5495328515010179
C-WEU-ITA,Zone_6A Cold Humid,rur,q3,2090,0.5495328515010179
C-WEU-ITA,Zone_6A Cold Humid,urb,q3,2090,0.5495328515010179
C-WEU-ITA,Zone_3A Warm Humid,rur,q3,2090,0.5495328515010179
C-WEU-ITA,Zone_3A Warm Humid,urb,q3,2090,0.5495328515010179
C-WEU-ITA,Zone_4C Mixed Marine,rur,q3,2090,0.5495328515010179
C-WEU-ITA,Zone_4C Mixed Marine,urb,q3,2090,0.5495328515010179
C-WEU-ITA,Zone_5C Cool Marine,rur,q3,2090,0.5495328515010179
C-WEU-ITA,Zone_5C Cool Marine,urb,q3,2090,0.5495328515010179
C-EEU-LTU,Zone_6A Cold Humid,rur,q3,2090,0.1726054
C-EEU-LTU,Zone_6A Cold Humid,urb,q3,2090,0.1726054
C-EEU-LTU,Zone_5A Cool Humid,rur,q3,2090,0.1726054
C-EEU-LTU,Zone_5A Cool Humid,urb,q3,2090,0.1726054
C-WEU-LUX,Zone_5A Cool Humid,rur,q3,2090,0.1727369
C-WEU-LUX,Zone_5A Cool Humid,urb,q3,2090,0.1727369
C-EEU-LVA,Zone_6A Cold Humid,rur,q3,2090,0.1418872
C-EEU-LVA,Zone_6A Cold Humid,urb,q3,2090,0.1418872
C-WEU-MLT,Zone_3A Warm Humid,rur,q3,2090,0.8834134
C-WEU-MLT,Zone_3A Warm Humid,urb,q3,2090,0.8834134
C-WEU-NLD,Zone_5A Cool Humid,rur,q3,2090,0.156505421722829
C-WEU-NLD,Zone_5A Cool Humid,urb,q3,2090,0.156505421722829
C-WEU-NLD,Zone_4A Mixed Humid,rur,q3,2090,0.156505421722829
C-WEU-NLD,Zone_4A Mixed Humid,urb,q3,2090,0.156505421722829
C-EEU-POL,Zone_5A Cool Humid,rur,q3,2090,0.23221520000000004
C-EEU-POL,Zone_5A Cool Humid,urb,q3,2090,0.23221520000000004
C-EEU-POL,Zone_6A Cold Humid,rur,q3,2090,0.23221520000000004
C-EEU-POL,Zone_6A Cold Humid,urb,q3,2090,0.23221520000000004
C-WEU-PRT,Zone_3C Warm Marine,rur,q3,2090,0.5414717159601424
C-WEU-PRT,Zone_3C Warm Marine,urb,q3,2090,0.5414717159601424
C-WEU-PRT,Zone_4C Mixed Marine,rur,q3,2090,0.5414717159601424
C-WEU-PRT,Zone_4C Mixed Marine,urb,q3,2090,0.5414717159601424
C-WEU-PRT,Zone_4A Mixed Humid,rur,q3,2090,0.5414717159601424
C-WEU-PRT,Zone_4A Mixed Humid,urb,q3,2090,0.5414717159601424
C-WEU-PRT,Zone_3A Warm Humid,rur,q3,2090,0.5414717159601424
C-WEU-PRT,Zone_3A Warm Humid,urb,q3,2090,0.5414717159601424
C-EEU-ROU,Zone_5A Cool Humid,rur,q3,2090,0.3662140912490431
C-EEU-ROU,Zone_5A Cool Humid,urb,q3,2090,0.3662140912490431
C-EEU-ROU,Zone_6A Cold Humid,rur,q3,2090,0.3662140912490431
C-EEU-ROU,Zone_6A Cold Humid,urb,q3,2090,0.3662140912490431
C-EEU-ROU,Zone_4A Mixed Humid,rur,q3,2090,0.3662140912490431
C-EEU-ROU,Zone_4A Mixed Humid,urb,q3,2090,0.3662140912490431
C-WEU-SWE,Zone_6A Cold Humid,rur,q3,2090,0.11899845819979345
C-WEU-SWE,Zone_6A Cold Humid,urb,q3,2090,0.11899845819979345
C-WEU-SWE,Zone_5A Cool Humid,rur,q3,2090,0.11899845819979345
C-WEU-SWE,Zone_5A Cool Humid,urb,q3,2090,0.11899845819979345
C-WEU-SWE,Zone_7A Very cold Humid,rur,q3,2090,0.11899845819979345
C-WEU-SWE,Zone_7A Very cold Humid,urb,q3,2090,0.11899845819979345
C-WEU-SWE,Zone_8A Subarctic/arctic Humid,rur,q3,2090,0.11899845819979345
C-WEU-SWE,Zone_8A Subarctic/arctic Humid,urb,q3,2090,0.11899845819979345
C-EEU-SVN,Zone_4A Mixed Humid,rur,q3,2090,0.1568469224283984
C-EEU-SVN,Zone_4A Mixed Humid,urb,q3,2090,0.1568469224283984
C-EEU-SVN,Zone_5A Cool Humid,rur,q3,2090,0.1568469224283984
C-EEU-SVN,Zone_5A Cool Humid,urb,q3,2090,0.1568469224283984
C-EEU-SVN,Zone_7A Very cold Humid,rur,q3,2090,0.1568469224283984
C-EEU-SVN,Zone_7A Very cold Humid,urb,q3,2090,0.1568469224283984
C-EEU-SVK,Zone_5A Cool Humid,rur,q3,2090,0.2478284932194727
C-EEU-SVK,Zone_5A Cool Humid,urb,q3,2090,0.2478284932194727
C-EEU-SVK,Zone_6A Cold Humid,rur,q3,2090,0.2478284932194727
C-EEU-SVK,Zone_6A Cold Humid,urb,q3,2090,0.2478284932194727
C-WEU-AUT,Zone_5A Cool Humid,rur,q1,2095,0.22810083921315066
C-WEU-AUT,Zone_5A Cool Humid,urb,q1,2095,0.22810083921315066
C-WEU-AUT,Zone_4A Mixed Humid,rur,q1,2095,0.22810083921315066
C-WEU-AUT,Zone_4A Mixed Humid,urb,q1,2095,0.22810083921315066
C-WEU-AUT,Zone_6A Cold Humid,rur,q1,2095,0.22810083921315066
C-WEU-AUT,Zone_6A Cold Humid,urb,q1,2095,0.22810083921315066
C-WEU-AUT,Zone_7A Very cold Humid,rur,q1,2095,0.22810083921315066
C-WEU-AUT,Zone_7A Very cold Humid,urb,q1,2095,0.22810083921315066
C-WEU-BEL,Zone_4A Mixed Humid,rur,q1,2095,0.1941824989383
C-WEU-BEL,Zone_4A Mixed Humid,urb,q1,2095,0.1941824989383
C-WEU-BEL,Zone_5A Cool Humid,rur,q1,2095,0.1941824989383
C-WEU-BEL,Zone_5A Cool Humid,urb,q1,2095,0.1941824989383
C-EEU-BGR,Zone_4A Mixed Humid,rur,q1,2095,0.41076881820915623
C-EEU-BGR,Zone_4A Mixed Humid,urb,q1,2095,0.41076881820915623
C-EEU-BGR,Zone_5A Cool Humid,rur,q1,2095,0.41076881820915623
C-EEU-BGR,Zone_5A Cool Humid,urb,q1,2095,0.41076881820915623
C-WEU-CYP,Zone_3A Warm Humid,rur,q1,2095,0.818487728512
C-WEU-CYP,Zone_3A Warm Humid,urb,q1,2095,0.818487728512
C-EEU-CZE,Zone_5A Cool Humid,rur,q1,2095,0.213041634276
C-EEU-CZE,Zone_5A Cool Humid,urb,q1,2095,0.213041634276
C-WEU-DEU,Zone_5A Cool Humid,rur,q1,2095,0.23373808732603296
C-WEU-DEU,Zone_5A Cool Humid,urb,q1,2095,0.23373808732603296
C-WEU-DEU,Zone_4A Mixed Humid,rur,q1,2095,0.23373808732603296
C-WEU-DEU,Zone_4A Mixed Humid,urb,q1,2095,0.23373808732603296
C-WEU-DEU,Zone_6A Cold Humid,rur,q1,2095,0.23373808732603296
C-WEU-DEU,Zone_6A Cold Humid,urb,q1,2095,0.23373808732603296
C-WEU-DNK,Zone_5A Cool Humid,rur,q1,2095,0.118425654027
C-WEU-DNK,Zone_5A Cool Humid,urb,q1,2095,0.118425654027
C-EEU-EST,Zone_6A Cold Humid,rur,q1,2095,0.103299059114
C-EEU-EST,Zone_6A Cold Humid,urb,q1,2095,0.103299059114
C-WEU-GRC,Zone_3A Warm Humid,rur,q1,2095,0.6984648112068279
C-WEU-GRC,Zone_3A Warm Humid,urb,q1,2095,0.6984648112068279
C-WEU-GRC,Zone_4A Mixed Humid,rur,q1,2095,0.6984648112068279
C-WEU-GRC,Zone_4A Mixed Humid,urb,q1,2095,0.6984648112068279
C-WEU-GRC,Zone_4C Mixed Marine,rur,q1,2095,0.6984648112068279
C-WEU-GRC,Zone_4C Mixed Marine,urb,q1,2095,0.6984648112068279
C-WEU-GRC,Zone_5C Cool Marine,rur,q1,2095,0.6984648112068279
C-WEU-GRC,Zone_5C Cool Marine,urb,q1,2095,0.6984648112068279
C-WEU-GRC,Zone_5A Cool Humid,rur,q1,2095,0.6984648112068279
C-WEU-GRC,Zone_5A Cool Humid,urb,q1,2095,0.6984648112068279
C-WEU-ESP,Zone_3C Warm Marine,rur,q1,2095,0.6505950919397615
C-WEU-ESP,Zone_3C Warm Marine,urb,q1,2095,0.6505950919397615
C-WEU-ESP,Zone_4C Mixed Marine,rur,q1,2095,0.6505950919397615
C-WEU-ESP,Zone_4C Mixed Marine,urb,q1,2095,0.6505950919397615
C-WEU-ESP,Zone_4A Mixed Humid,rur,q1,2095,0.6505950919397615
C-WEU-ESP,Zone_4A Mixed Humid,urb,q1,2095,0.6505950919397615
C-WEU-ESP,Zone_3A Warm Humid,rur,q1,2095,0.6505950919397615
C-WEU-ESP,Zone_3A Warm Humid,urb,q1,2095,0.6505950919397615
C-WEU-ESP,Zone_3B Warm Dry,rur,q1,2095,0.6505950919397615
C-WEU-ESP,Zone_3B Warm Dry,urb,q1,2095,0.6505950919397615
C-WEU-ESP,Zone_2B Hot Dry,rur,q1,2095,0.6505950919397615
C-WEU-ESP,Zone_2B Hot Dry,urb,q1,2095,0.6505950919397615
C-WEU-FIN,Zone_6A Cold Humid,rur,q1,2095,0.09081259817954118
C-WEU-FIN,Zone_6A Cold Humid,urb,q1,2095,0.09081259817954118
C-WEU-FIN,Zone_7A Very cold Humid,rur,q1,2095,0.09081259817954118
C-WEU-FIN,Zone_7A Very cold Humid,urb,q1,2095,0.09081259817954118
C-WEU-FRA,Zone_4A Mixed Humid,rur,q1,2095,0.3239355022008835
C-WEU-FRA,Zone_4A Mixed Humid,urb,q1,2095,0.3239355022008835
C-WEU-FRA,Zone_5A Cool Humid,rur,q1,2095,0.3239355022008835
C-WEU-FRA,Zone_5A Cool Humid,urb,q1,2095,0.3239355022008835
C-WEU-FRA,Zone_3A Warm Humid,rur,q1,2095,0.3239355022008835
C-WEU-FRA,Zone_3A Warm Humid,urb,q1,2095,0.3239355022008835
C-WEU-FRA,Zone_7A Very cold Humid,rur,q1,2095,0.3239355022008835
C-WEU-FRA,Zone_7A Very cold Humid,urb,q1,2095,0.3239355022008835
C-WEU-FRA,Zone_4C Mixed Marine,rur,q1,2095,0.3239355022008835
C-WEU-FRA,Zone_4C Mixed Marine,urb,q1,2095,0.3239355022008835
C-WEU-FRA,Zone_3C Warm Marine,rur,q1,2095,0.3239355022008835
C-WEU-FRA,Zone_3C Warm Marine,urb,q1,2095,0.3239355022008835
C-WEU-FRA,Zone_1A Very hot Humid,rur,q1,2095,0.3239355022008835
C-WEU-FRA,Zone_1A Very hot Humid,urb,q1,2095,0.3239355022008835
C-WEU-FRA,Zone_2A Hot Humid,rur,q1,2095,0.3239355022008835
C-WEU-FRA,Zone_2A Hot Humid,urb,q1,2095,0.3239355022008835
C-WEU-FRA,Zone_0A Extremely hot Humid,rur,q1,2095,0.3239355022008835
C-WEU-FRA,Zone_0A Extremely hot Humid,urb,q1,2095,0.3239355022008835
C-EEU-HRV,Zone_4A Mixed Humid,rur,q1,2095,0.4109974249083753
C-EEU-HRV,Zone_4A Mixed Humid,urb,q1,2095,0.4109974249083753
C-EEU-HRV,Zone_5A Cool Humid,rur,q1,2095,0.4109974249083753
C-EEU-HRV,Zone_5A Cool Humid,urb,q1,2095,0.4109974249083753
C-EEU-HRV,Zone_4C Mixed Marine,rur,q1,2095,0.4109974249083753
C-EEU-HRV,Zone_4C Mixed Marine,urb,q1,2095,0.4109974249083753
C-EEU-HRV,Zone_3A Warm Humid,rur,q1,2095,0.4109974249083753
C-EEU-HRV,Zone_3A Warm Humid,urb,q1,2095,0.4109974249083753
C-EEU-HUN,Zone_4A Mixed Humid,rur,q1,2095,0.4230971715982146
C-EEU-HUN,Zone_4A Mixed Humid,urb,q1,2095,0.4230971715982146
C-EEU-HUN,Zone_5A Cool Humid,rur,q1,2095,0.4230971715982146
C-EEU-HUN,Zone_5A Cool Humid,urb,q1,2095,0.4230971715982146
C-WEU-IRL,Zone_5A Cool Humid,rur,q1,2095,0.0517643654014
C-WEU-IRL,Zone_5A Cool Humid,urb,q1,2095,0.0517643654014
C-WEU-IRL,Zone_4A Mixed Humid,rur,q1,2095,0.0517643654014
C-WEU-IRL,Zone_4A Mixed Humid,urb,q1,2095,0.0517643654014
C-WEU-ITA,Zone_4A Mixed Humid,rur,q1,2095,0.5467173137247016
C-WEU-ITA,Zone_4A Mixed Humid,urb,q1,2095,0.5467173137247016
C-WEU-ITA,Zone_5A Cool Humid,rur,q1,2095,0.5467173137247016
C-WEU-ITA,Zone_5A Cool Humid,urb,q1,2095,0.5467173137247016
C-WEU-ITA,Zone_7A Very cold Humid,rur,q1,2095,0.5467173137247016
C-WEU-ITA,Zone_7A Very cold Humid,urb,q1,2095,0.5467173137247016
C-WEU-ITA,Zone_6A Cold Humid,rur,q1,2095,0.5467173137247016
C-WEU-ITA,Zone_6A Cold Humid,urb,q1,2095,0.5467173137247016
C-WEU-ITA,Zone_3A Warm Humid,rur,q1,2095,0.5467173137247016
C-WEU-ITA,Zone_3A Warm Humid,urb,q1,2095,0.5467173137247016
C-WEU-ITA,Zone_4C Mixed Marine,rur,q1,2095,0.5467173137247016
C-WEU-ITA,Zone_4C Mixed Marine,urb,q1,2095,0.5467173137247016
C-WEU-ITA,Zone_5C Cool Marine,rur,q1,2095,0.5467173137247016
C-WEU-ITA,Zone_5C Cool Marine,urb,q1,2095,0.5467173137247016
C-EEU-LTU,Zone_6A Cold Humid,rur,q1,2095,0.16323431720000003
C-EEU-LTU,Zone_6A Cold Humid,urb,q1,2095,0.16323431720000003
C-EEU-LTU,Zone_5A Cool Humid,rur,q1,2095,0.16323431720000003
C-EEU-LTU,Zone_5A Cool Humid,urb,q1,2095,0.16323431720000003
C-WEU-LUX,Zone_5A Cool Humid,rur,q1,2095,0.17273491111599998
C-WEU-LUX,Zone_5A Cool Humid,urb,q1,2095,0.17273491111599998
C-EEU-LVA,Zone_6A Cold Humid,rur,q1,2095,0.138137781009
C-EEU-LVA,Zone_6A Cold Humid,urb,q1,2095,0.138137781009
C-WEU-MLT,Zone_3A Warm Humid,rur,q1,2095,0.883277663735
C-WEU-MLT,Zone_3A Warm Humid,urb,q1,2095,0.883277663735
C-WEU-NLD,Zone_5A Cool Humid,rur,q1,2095,0.15649246899516947
C-WEU-NLD,Zone_5A Cool Humid,urb,q1,2095,0.15649246899516947
C-WEU-NLD,Zone_4A Mixed Humid,rur,q1,2095,0.15649246899516947
C-WEU-NLD,Zone_4A Mixed Humid,urb,q1,2095,0.15649246899516947
C-EEU-POL,Zone_5A Cool Humid,rur,q1,2095,0.22981715505300002
C-EEU-POL,Zone_5A Cool Humid,urb,q1,2095,0.22981715505300002
C-EEU-POL,Zone_6A Cold Humid,rur,q1,2095,0.22981715505300002
C-EEU-POL,Zone_6A Cold Humid,urb,q1,2095,0.22981715505300002
C-WEU-PRT,Zone_3C Warm Marine,rur,q1,2095,0.5399942602121784
C-WEU-PRT,Zone_3C Warm Marine,urb,q1,2095,0.5399942602121784
C-WEU-PRT,Zone_4C Mixed Marine,rur,q1,2095,0.5399942602121784
C-WEU-PRT,Zone_4C Mixed Marine,urb,q1,2095,0.5399942602121784
C-WEU-PRT,Zone_4A Mixed Humid,rur,q1,2095,0.5399942602121784
C-WEU-PRT,Zone_4A Mixed Humid,urb,q1,2095,0.5399942602121784
C-WEU-PRT,Zone_3A Warm Humid,rur,q1,2095,0.5399942602121784
C-WEU-PRT,Zone_3A Warm Humid,urb,q1,2095,0.5399942602121784
C-EEU-ROU,Zone_5A Cool Humid,rur,q1,2095,0.3614987785197629
C-EEU-ROU,Zone_5A Cool Humid,urb,q1,2095,0.3614987785197629
C-EEU-ROU,Zone_6A Cold Humid,rur,q1,2095,0.3614987785197629
C-EEU-ROU,Zone_6A Cold Humid,urb,q1,2095,0.3614987785197629
C-EEU-ROU,Zone_4A Mixed Humid,rur,q1,2095,0.3614987785197629
C-EEU-ROU,Zone_4A Mixed Humid,urb,q1,2095,0.3614987785197629
C-WEU-SWE,Zone_6A Cold Humid,rur,q1,2095,0.11898485549533164
C-WEU-SWE,Zone_6A Cold Humid,urb,q1,2095,0.11898485549533164
C-WEU-SWE,Zone_5A Cool Humid,rur,q1,2095,0.11898485549533164
C-WEU-SWE,Zone_5A Cool Humid,urb,q1,2095,0.11898485549533164
C-WEU-SWE,Zone_7A Very cold Humid,rur,q1,2095,0.11898485549533164
C-WEU-SWE,Zone_7A Very cold Humid,urb,q1,2095,0.11898485549533164
C-WEU-SWE,Zone_8A Subarctic/arctic Humid,rur,q1,2095,0.11898485549533164
C-WEU-SWE,Zone_8A Subarctic/arctic Humid,urb,q1,2095,0.11898485549533164
C-EEU-SVN,Zone_4A Mixed Humid,rur,q1,2095,0.15669982636010363
C-EEU-SVN,Zone_4A Mixed Humid,urb,q1,2095,0.15669982636010363
C-EEU-SVN,Zone_5A Cool Humid,rur,q1,2095,0.15669982636010363
C-EEU-SVN,Zone_5A Cool Humid,urb,q1,2095,0.15669982636010363
C-EEU-SVN,Zone_7A Very cold Humid,rur,q1,2095,0.15669982636010363
C-EEU-SVN,Zone_7A Very cold Humid,urb,q1,2095,0.15669982636010363
C-EEU-SVK,Zone_5A Cool Humid,rur,q1,2095,0.24089503793350733
C-EEU-SVK,Zone_5A Cool Humid,urb,q1,2095,0.24089503793350733
C-EEU-SVK,Zone_6A Cold Humid,rur,q1,2095,0.24089503793350733
C-EEU-SVK,Zone_6A Cold Humid,urb,q1,2095,0.24089503793350733
C-WEU-AUT,Zone_5A Cool Humid,rur,q2,2095,0.22813617280175283
C-WEU-AUT,Zone_5A Cool Humid,urb,q2,2095,0.22813617280175283
C-WEU-AUT,Zone_4A Mixed Humid,rur,q2,2095,0.22813617280175283
C-WEU-AUT,Zone_4A Mixed Humid,urb,q2,2095,0.22813617280175283
C-WEU-AUT,Zone_6A Cold Humid,rur,q2,2095,0.22813617280175283
C-WEU-AUT,Zone_6A Cold Humid,urb,q2,2095,0.22813617280175283
C-WEU-AUT,Zone_7A Very cold Humid,rur,q2,2095,0.22813617280175283
C-WEU-AUT,Zone_7A Very cold Humid,urb,q2,2095,0.22813617280175283
C-WEU-BEL,Zone_4A Mixed Humid,rur,q2,2095,0.1941915773081
C-WEU-BEL,Zone_4A Mixed Humid,urb,q2,2095,0.1941915773081
C-WEU-BEL,Zone_5A Cool Humid,rur,q2,2095,0.1941915773081
C-WEU-BEL,Zone_5A Cool Humid,urb,q2,2095,0.1941915773081
C-EEU-BGR,Zone_4A Mixed Humid,rur,q2,2095,0.4392610218493674
C-EEU-BGR,Zone_4A Mixed Humid,urb,q2,2095,0.4392610218493674
C-EEU-BGR,Zone_5A Cool Humid,rur,q2,2095,0.4392610218493674
C-EEU-BGR,Zone_5A Cool Humid,urb,q2,2095,0.4392610218493674
C-WEU-CYP,Zone_3A Warm Humid,rur,q2,2095,0.8641020791359999
C-WEU-CYP,Zone_3A Warm Humid,urb,q2,2095,0.8641020791359999
C-EEU-CZE,Zone_5A Cool Humid,rur,q2,2095,0.2130591
C-EEU-CZE,Zone_5A Cool Humid,urb,q2,2095,0.2130591
C-WEU-DEU,Zone_5A Cool Humid,rur,q2,2095,0.23388746989013814
C-WEU-DEU,Zone_5A Cool Humid,urb,q2,2095,0.23388746989013814
C-WEU-DEU,Zone_4A Mixed Humid,rur,q2,2095,0.23388746989013814
C-WEU-DEU,Zone_4A Mixed Humid,urb,q2,2095,0.23388746989013814
C-WEU-DEU,Zone_6A Cold Humid,rur,q2,2095,0.23388746989013814
C-WEU-DEU,Zone_6A Cold Humid,urb,q2,2095,0.23388746989013814
C-WEU-DNK,Zone_5A Cool Humid,rur,q2,2095,0.118433752173
C-WEU-DNK,Zone_5A Cool Humid,urb,q2,2095,0.118433752173
C-EEU-EST,Zone_6A Cold Humid,rur,q2,2095,0.10331913893
C-EEU-EST,Zone_6A Cold Humid,urb,q2,2095,0.10331913893
C-WEU-GRC,Zone_3A Warm Humid,rur,q2,2095,0.6980932420407953
C-WEU-GRC,Zone_3A Warm Humid,urb,q2,2095,0.6980932420407953
C-WEU-GRC,Zone_4A Mixed Humid,rur,q2,2095,0.6980932420407953
C-WEU-GRC,Zone_4A Mixed Humid,urb,q2,2095,0.6980932420407953
C-WEU-GRC,Zone_4C Mixed Marine,rur,q2,2095,0.6980932420407953
C-WEU-GRC,Zone_4C Mixed Marine,urb,q2,2095,0.6980932420407953
C-WEU-GRC,Zone_5C Cool Marine,rur,q2,2095,0.6980932420407953
C-WEU-GRC,Zone_5C Cool Marine,urb,q2,2095,0.6980932420407953
C-WEU-GRC,Zone_5A Cool Humid,rur,q2,2095,0.6980932420407953
C-WEU-GRC,Zone_5A Cool Humid,urb,q2,2095,0.6980932420407953
C-WEU-ESP,Zone_3C Warm Marine,rur,q2,2095,0.6526747215071877
C-WEU-ESP,Zone_3C Warm Marine,urb,q2,2095,0.6526747215071877
C-WEU-ESP,Zone_4C Mixed Marine,rur,q2,2095,0.6526747215071877
C-WEU-ESP,Zone_4C Mixed Marine,urb,q2,2095,0.6526747215071877
C-WEU-ESP,Zone_4A Mixed Humid,rur,q2,2095,0.6526747215071877
C-WEU-ESP,Zone_4A Mixed Humid,urb,q2,2095,0.6526747215071877
C-WEU-ESP,Zone_3A Warm Humid,rur,q2,2095,0.6526747215071877
C-WEU-ESP,Zone_3A Warm Humid,urb,q2,2095,0.6526747215071877
C-WEU-ESP,Zone_3B Warm Dry,rur,q2,2095,0.6526747215071877
C-WEU-ESP,Zone_3B Warm Dry,urb,q2,2095,0.6526747215071877
C-WEU-ESP,Zone_2B Hot Dry,rur,q2,2095,0.6526747215071877
C-WEU-ESP,Zone_2B Hot Dry,urb,q2,2095,0.6526747215071877
C-WEU-FIN,Zone_6A Cold Humid,rur,q2,2095,0.09083580235570879
C-WEU-FIN,Zone_6A Cold Humid,urb,q2,2095,0.09083580235570879
C-WEU-FIN,Zone_7A Very cold Humid,rur,q2,2095,0.09083580235570879
C-WEU-FIN,Zone_7A Very cold Humid,urb,q2,2095,0.09083580235570879
C-WEU-FRA,Zone_4A Mixed Humid,rur,q2,2095,0.3242814635703046
C-WEU-FRA,Zone_4A Mixed Humid,urb,q2,2095,0.3242814635703046
C-WEU-FRA,Zone_5A Cool Humid,rur,q2,2095,0.3242814635703046
C-WEU-FRA,Zone_5A Cool Humid,urb,q2,2095,0.3242814635703046
C-WEU-FRA,Zone_3A Warm Humid,rur,q2,2095,0.3242814635703046
C-WEU-FRA,Zone_3A Warm Humid,urb,q2,2095,0.3242814635703046
C-WEU-FRA,Zone_7A Very cold Humid,rur,q2,2095,0.3242814635703046
C-WEU-FRA,Zone_7A Very cold Humid,urb,q2,2095,0.3242814635703046
C-WEU-FRA,Zone_4C Mixed Marine,rur,q2,2095,0.3242814635703046
C-WEU-FRA,Zone_4C Mixed Marine,urb,q2,2095,0.3242814635703046
C-WEU-FRA,Zone_3C Warm Marine,rur,q2,2095,0.3242814635703046
C-WEU-FRA,Zone_3C Warm Marine,urb,q2,2095,0.3242814635703046
C-WEU-FRA,Zone_1A Very hot Humid,rur,q2,2095,0.3242814635703046
C-WEU-FRA,Zone_1A Very hot Humid,urb,q2,2095,0.3242814635703046
C-WEU-FRA,Zone_2A Hot Humid,rur,q2,2095,0.3242814635703046
C-WEU-FRA,Zone_2A Hot Humid,urb,q2,2095,0.3242814635703046
C-WEU-FRA,Zone_0A Extremely hot Humid,rur,q2,2095,0.3242814635703046
C-WEU-FRA,Zone_0A Extremely hot Humid,urb,q2,2095,0.3242814635703046
C-EEU-HRV,Zone_4A Mixed Humid,rur,q2,2095,0.4913168909094063
C-EEU-HRV,Zone_4A Mixed Humid,urb,q2,2095,0.4913168909094063
C-EEU-HRV,Zone_5A Cool Humid,rur,q2,2095,0.4913168909094063
C-EEU-HRV,Zone_5A Cool Humid,urb,q2,2095,0.4913168909094063
C-EEU-HRV,Zone_4C Mixed Marine,rur,q2,2095,0.4913168909094063
C-EEU-HRV,Zone_4C Mixed Marine,urb,q2,2095,0.4913168909094063
C-EEU-HRV,Zone_3A Warm Humid,rur,q2,2095,0.4913168909094063
C-EEU-HRV,Zone_3A Warm Humid,urb,q2,2095,0.4913168909094063
C-EEU-HUN,Zone_4A Mixed Humid,rur,q2,2095,0.4237194298179681
C-EEU-HUN,Zone_4A Mixed Humid,urb,q2,2095,0.4237194298179681
C-EEU-HUN,Zone_5A Cool Humid,rur,q2,2095,0.4237194298179681
C-EEU-HUN,Zone_5A Cool Humid,urb,q2,2095,0.4237194298179681
C-WEU-IRL,Zone_5A Cool Humid,rur,q2,2095,0.0518262443917
C-WEU-IRL,Zone_5A Cool Humid,urb,q2,2095,0.0518262443917
C-WEU-IRL,Zone_4A Mixed Humid,rur,q2,2095,0.0518262443917
C-WEU-IRL,Zone_4A Mixed Humid,urb,q2,2095,0.0518262443917
C-WEU-ITA,Zone_4A Mixed Humid,rur,q2,2095,0.5487515770078983
C-WEU-ITA,Zone_4A Mixed Humid,urb,q2,2095,0.5487515770078983
C-WEU-ITA,Zone_5A Cool Humid,rur,q2,2095,0.5487515770078983
C-WEU-ITA,Zone_5A Cool Humid,urb,q2,2095,0.5487515770078983
C-WEU-ITA,Zone_7A Very cold Humid,rur,q2,2095,0.5487515770078983
C-WEU-ITA,Zone_7A Very cold Humid,urb,q2,2095,0.5487515770078983
C-WEU-ITA,Zone_6A Cold Humid,rur,q2,2095,0.5487515770078983
C-WEU-ITA,Zone_6A Cold Humid,urb,q2,2095,0.5487515770078983
C-WEU-ITA,Zone_3A Warm Humid,rur,q2,2095,0.5487515770078983
C-WEU-ITA,Zone_3A Warm Humid,urb,q2,2095,0.5487515770078983
C-WEU-ITA,Zone_4C Mixed Marine,rur,q2,2095,0.5487515770078983
C-WEU-ITA,Zone_4C Mixed Marine,urb,q2,2095,0.5487515770078983
C-WEU-ITA,Zone_5C Cool Marine,rur,q2,2095,0.5487515770078983
C-WEU-ITA,Zone_5C Cool Marine,urb,q2,2095,0.5487515770078983
C-EEU-LTU,Zone_6A Cold Humid,rur,q2,2095,0.172591718176
C-EEU-LTU,Zone_6A Cold Humid,urb,q2,2095,0.172591718176
C-EEU-LTU,Zone_5A Cool Humid,rur,q2,2095,0.172591718176
C-EEU-LTU,Zone_5A Cool Humid,urb,q2,2095,0.172591718176
C-WEU-LUX,Zone_5A Cool Humid,rur,q2,2095,0.17273689660599997
C-WEU-LUX,Zone_5A Cool Humid,urb,q2,2095,0.17273689660599997
C-EEU-LVA,Zone_6A Cold Humid,rur,q2,2095,0.141878250367
C-EEU-LVA,Zone_6A Cold Humid,urb,q2,2095,0.141878250367
C-WEU-MLT,Zone_3A Warm Humid,rur,q2,2095,0.8834125065100001
C-WEU-MLT,Zone_3A Warm Humid,urb,q2,2095,0.8834125065100001
C-WEU-NLD,Zone_5A Cool Humid,rur,q2,2095,0.15650127908301403
C-WEU-NLD,Zone_5A Cool Humid,urb,q2,2095,0.15650127908301403
C-WEU-NLD,Zone_4A Mixed Humid,rur,q2,2095,0.15650127908301403
C-WEU-NLD,Zone_4A Mixed Humid,urb,q2,2095,0.15650127908301403
C-EEU-POL,Zone_5A Cool Humid,rur,q2,2095,0.23220926634500003
C-EEU-POL,Zone_5A Cool Humid,urb,q2,2095,0.23220926634500003
C-EEU-POL,Zone_6A Cold Humid,rur,q2,2095,0.23220926634500003
C-EEU-POL,Zone_6A Cold Humid,urb,q2,2095,0.23220926634500003
C-WEU-PRT,Zone_3C Warm Marine,rur,q2,2095,0.5428164498054666
C-WEU-PRT,Zone_3C Warm Marine,urb,q2,2095,0.5428164498054666
C-WEU-PRT,Zone_4C Mixed Marine,rur,q2,2095,0.5428164498054666
C-WEU-PRT,Zone_4C Mixed Marine,urb,q2,2095,0.5428164498054666
C-WEU-PRT,Zone_4A Mixed Humid,rur,q2,2095,0.5428164498054666
C-WEU-PRT,Zone_4A Mixed Humid,urb,q2,2095,0.5428164498054666
C-WEU-PRT,Zone_3A Warm Humid,rur,q2,2095,0.5428164498054666
C-WEU-PRT,Zone_3A Warm Humid,urb,q2,2095,0.5428164498054666
C-EEU-ROU,Zone_5A Cool Humid,rur,q2,2095,0.36535891504402496
C-EEU-ROU,Zone_5A Cool Humid,urb,q2,2095,0.36535891504402496
C-EEU-ROU,Zone_6A Cold Humid,rur,q2,2095,0.36535891504402496
C-EEU-ROU,Zone_6A Cold Humid,urb,q2,2095,0.36535891504402496
C-EEU-ROU,Zone_4A Mixed Humid,rur,q2,2095,0.36535891504402496
C-EEU-ROU,Zone_4A Mixed Humid,urb,q2,2095,0.36535891504402496
C-WEU-SWE,Zone_6A Cold Humid,rur,q2,2095,0.11900478789220474
C-WEU-SWE,Zone_6A Cold Humid,urb,q2,2095,0.11900478789220474
C-WEU-SWE,Zone_5A Cool Humid,rur,q2,2095,0.11900478789220474
C-WEU-SWE,Zone_5A Cool Humid,urb,q2,2095,0.11900478789220474
C-WEU-SWE,Zone_7A Very cold Humid,rur,q2,2095,0.11900478789220474
C-WEU-SWE,Zone_7A Very cold Humid,urb,q2,2095,0.11900478789220474
C-WEU-SWE,Zone_8A Subarctic/arctic Humid,rur,q2,2095,0.11900478789220474
C-WEU-SWE,Zone_8A Subarctic/arctic Humid,urb,q2,2095,0.11900478789220474
C-EEU-SVN,Zone_4A Mixed Humid,rur,q2,2095,0.15685013403145687
C-EEU-SVN,Zone_4A Mixed Humid,urb,q2,2095,0.15685013403145687
C-EEU-SVN,Zone_5A Cool Humid,rur,q2,2095,0.15685013403145687
C-EEU-SVN,Zone_5A Cool Humid,urb,q2,2095,0.15685013403145687
C-EEU-SVN,Zone_7A Very cold Humid,rur,q2,2095,0.15685013403145687
C-EEU-SVN,Zone_7A Very cold Humid,urb,q2,2095,0.15685013403145687
C-EEU-SVK,Zone_5A Cool Humid,rur,q2,2095,0.24800407976927363
C-EEU-SVK,Zone_5A Cool Humid,urb,q2,2095,0.24800407976927363
C-EEU-SVK,Zone_6A Cold Humid,rur,q2,2095,0.24800407976927363
C-EEU-SVK,Zone_6A Cold Humid,urb,q2,2095,0.24800407976927363
C-WEU-AUT,Zone_5A Cool Humid,rur,q3,2095,0.2281362089286116
C-WEU-AUT,Zone_5A Cool Humid,urb,q3,2095,0.2281362089286116
C-WEU-AUT,Zone_4A Mixed Humid,rur,q3,2095,0.2281362089286116
C-WEU-AUT,Zone_4A Mixed Humid,urb,q3,2095,0.2281362089286116
C-WEU-AUT,Zone_6A Cold Humid,rur,q3,2095,0.2281362089286116
C-WEU-AUT,Zone_6A Cold Humid,urb,q3,2095,0.2281362089286116
C-WEU-AUT,Zone_7A Very cold Humid,rur,q3,2095,0.2281362089286116
C-WEU-AUT,Zone_7A Very cold Humid,urb,q3,2095,0.2281362089286116
C-WEU-BEL,Zone_4A Mixed Humid,rur,q3,2095,0.1941916
C-WEU-BEL,Zone_4A Mixed Humid,urb,q3,2095,0.1941916
C-WEU-BEL,Zone_5A Cool Humid,rur,q3,2095,0.1941916
C-WEU-BEL,Zone_5A Cool Humid,urb,q3,2095,0.1941916
C-EEU-BGR,Zone_4A Mixed Humid,rur,q3,2095,0.439271582100197
C-EEU-BGR,Zone_4A Mixed Humid,urb,q3,2095,0.439271582100197
C-EEU-BGR,Zone_5A Cool Humid,rur,q3,2095,0.439271582100197
C-EEU-BGR,Zone_5A Cool Humid,urb,q3,2095,0.439271582100197
C-WEU-CYP,Zone_3A Warm Humid,rur,q3,2095,0.86514976144
C-WEU-CYP,Zone_3A Warm Humid,urb,q3,2095,0.86514976144
C-EEU-CZE,Zone_5A Cool Humid,rur,q3,2095,0.2130591
C-EEU-CZE,Zone_5A Cool Humid,urb,q3,2095,0.2130591
C-WEU-DEU,Zone_5A Cool Humid,rur,q3,2095,0.23388757234482951
C-WEU-DEU,Zone_5A Cool Humid,urb,q3,2095,0.23388757234482951
C-WEU-DEU,Zone_4A Mixed Humid,rur,q3,2095,0.23388757234482951
C-WEU-DEU,Zone_4A Mixed Humid,urb,q3,2095,0.23388757234482951
C-WEU-DEU,Zone_6A Cold Humid,rur,q3,2095,0.23388757234482951
C-WEU-DEU,Zone_6A Cold Humid,urb,q3,2095,0.23388757234482951
C-WEU-DNK,Zone_5A Cool Humid,rur,q3,2095,0.1184338
C-WEU-DNK,Zone_5A Cool Humid,urb,q3,2095,0.1184338
C-EEU-EST,Zone_6A Cold Humid,rur,q3,2095,0.1033192
C-EEU-EST,Zone_6A Cold Humid,urb,q3,2095,0.1033192
C-WEU-GRC,Zone_3A Warm Humid,rur,q3,2095,0.6977829574740897
C-WEU-GRC,Zone_3A Warm Humid,urb,q3,2095,0.6977829574740897
C-WEU-GRC,Zone_4A Mixed Humid,rur,q3,2095,0.6977829574740897
C-WEU-GRC,Zone_4A Mixed Humid,urb,q3,2095,0.6977829574740897
C-WEU-GRC,Zone_4C Mixed Marine,rur,q3,2095,0.6977829574740897
C-WEU-GRC,Zone_4C Mixed Marine,urb,q3,2095,0.6977829574740897
C-WEU-GRC,Zone_5C Cool Marine,rur,q3,2095,0.6977829574740897
C-WEU-GRC,Zone_5C Cool Marine,urb,q3,2095,0.6977829574740897
C-WEU-GRC,Zone_5A Cool Humid,rur,q3,2095,0.6977829574740897
C-WEU-GRC,Zone_5A Cool Humid,urb,q3,2095,0.6977829574740897
C-WEU-ESP,Zone_3C Warm Marine,rur,q3,2095,0.652687109155742
C-WEU-ESP,Zone_3C Warm Marine,urb,q3,2095,0.652687109155742
C-WEU-ESP,Zone_4C Mixed Marine,rur,q3,2095,0.652687109155742
C-WEU-ESP,Zone_4C Mixed Marine,urb,q3,2095,0.652687109155742
C-WEU-ESP,Zone_4A Mixed Humid,rur,q3,2095,0.652687109155742
C-WEU-ESP,Zone_4A Mixed Humid,urb,q3,2095,0.652687109155742
C-WEU-ESP,Zone_3A Warm Humid,rur,q3,2095,0.652687109155742
C-WEU-ESP,Zone_3A Warm Humid,urb,q3,2095,0.652687109155742
C-WEU-ESP,Zone_3B Warm Dry,rur,q3,2095,0.652687109155742
C-WEU-ESP,Zone_3B Warm Dry,urb,q3,2095,0.652687109155742
C-WEU-ESP,Zone_2B Hot Dry,rur,q3,2095,0.652687109155742
C-WEU-ESP,Zone_2B Hot Dry,urb,q3,2095,0.652687109155742
C-WEU-FIN,Zone_6A Cold Humid,rur,q3,2095,0.09083585783135376
C-WEU-FIN,Zone_6A Cold Humid,urb,q3,2095,0.09083585783135376
C-WEU-FIN,Zone_7A Very cold Humid,rur,q3,2095,0.09083585783135376
C-WEU-FIN,Zone_7A Very cold Humid,urb,q3,2095,0.09083585783135376
C-WEU-FRA,Zone_4A Mixed Humid,rur,q3,2095,0.32428342444849684
C-WEU-FRA,Zone_4A Mixed Humid,urb,q3,2095,0.32428342444849684
C-WEU-FRA,Zone_5A Cool Humid,rur,q3,2095,0.32428342444849684
C-WEU-FRA,Zone_5A Cool Humid,urb,q3,2095,0.32428342444849684
C-WEU-FRA,Zone_3A Warm Humid,rur,q3,2095,0.32428342444849684
C-WEU-FRA,Zone_3A Warm Humid,urb,q3,2095,0.32428342444849684
C-WEU-FRA,Zone_7A Very cold Humid,rur,q3,2095,0.32428342444849684
C-WEU-FRA,Zone_7A Very cold Humid,urb,q3,2095,0.32428342444849684
C-WEU-FRA,Zone_4C Mixed Marine,rur,q3,2095,0.32428342444849684
C-WEU-FRA,Zone_4C Mixed Marine,urb,q3,2095,0.32428342444849684
C-WEU-FRA,Zone_3C Warm Marine,rur,q3,2095,0.32428342444849684
C-WEU-FRA,Zone_3C Warm Marine,urb,q3,2095,0.32428342444849684
C-WEU-FRA,Zone_1A Very hot Humid,rur,q3,2095,0.32428342444849684
C-WEU-FRA,Zone_1A Very hot Humid,urb,q3,2095,0.32428342444849684
C-WEU-FRA,Zone_2A Hot Humid,rur,q3,2095,0.32428342444849684
C-WEU-FRA,Zone_2A Hot Humid,urb,q3,2095,0.32428342444849684
C-WEU-FRA,Zone_0A Extremely hot Humid,rur,q3,2095,0.32428342444849684
C-WEU-FRA,Zone_0A Extremely hot Humid,urb,q3,2095,0.32428342444849684
C-EEU-HRV,Zone_4A Mixed Humid,rur,q3,2095,0.5070571936353447
C-EEU-HRV,Zone_4A Mixed Humid,urb,q3,2095,0.5070571936353447
C-EEU-HRV,Zone_5A Cool Humid,rur,q3,2095,0.5070571936353447
C-EEU-HRV,Zone_5A Cool Humid,urb,q3,2095,0.5070571936353447
C-EEU-HRV,Zone_4C Mixed Marine,rur,q3,2095,0.5070571936353447
C-EEU-HRV,Zone_4C Mixed Marine,urb,q3,2095,0.5070571936353447
C-EEU-HRV,Zone_3A Warm Humid,rur,q3,2095,0.5070571936353447
C-EEU-HRV,Zone_3A Warm Humid,urb,q3,2095,0.5070571936353447
C-EEU-HUN,Zone_4A Mixed Humid,rur,q3,2095,0.42372143513127447
C-EEU-HUN,Zone_4A Mixed Humid,urb,q3,2095,0.42372143513127447
C-EEU-HUN,Zone_5A Cool Humid,rur,q3,2095,0.42372143513127447
C-EEU-HUN,Zone_5A Cool Humid,urb,q3,2095,0.42372143513127447
C-WEU-IRL,Zone_5A Cool Humid,rur,q3,2095,0.051826300000000006
C-WEU-IRL,Zone_5A Cool Humid,urb,q3,2095,0.051826300000000006
C-WEU-IRL,Zone_4A Mixed Humid,rur,q3,2095,0.051826300000000006
C-WEU-IRL,Zone_4A Mixed Humid,urb,q3,2095,0.051826300000000006
C-WEU-ITA,Zone_4A Mixed Humid,rur,q3,2095,0.5487562966021827
C-WEU-ITA,Zone_4A Mixed Humid,urb,q3,2095,0.5487562966021827
C-WEU-ITA,Zone_5A Cool Humid,rur,q3,2095,0.5487562966021827
C-WEU-ITA,Zone_5A Cool Humid,urb,q3,2095,0.5487562966021827
C-WEU-ITA,Zone_7A Very cold Humid,rur,q3,2095,0.5487562966021827
C-WEU-ITA,Zone_7A Very cold Humid,urb,q3,2095,0.5487562966021827
C-WEU-ITA,Zone_6A Cold Humid,rur,q3,2095,0.5487562966021827
C-WEU-ITA,Zone_6A Cold Humid,urb,q3,2095,0.5487562966021827
C-WEU-ITA,Zone_3A Warm Humid,rur,q3,2095,0.5487562966021827
C-WEU-ITA,Zone_3A Warm Humid,urb,q3,2095,0.5487562966021827
C-WEU-ITA,Zone_4C Mixed Marine,rur,q3,2095,0.5487562966021827
C-WEU-ITA,Zone_4C Mixed Marine,urb,q3,2095,0.5487562966021827
C-WEU-ITA,Zone_5C Cool Marine,rur,q3,2095,0.5487562966021827
C-WEU-ITA,Zone_5C Cool Marine,urb,q3,2095,0.5487562966021827
C-EEU-LTU,Zone_6A Cold Humid,rur,q3,2095,0.1726054
C-EEU-LTU,Zone_6A Cold Humid,urb,q3,2095,0.1726054
C-EEU-LTU,Zone_5A Cool Humid,rur,q3,2095,0.1726054
C-EEU-LTU,Zone_5A Cool Humid,urb,q3,2095,0.1726054
C-WEU-LUX,Zone_5A Cool Humid,rur,q3,2095,0.1727369
C-WEU-LUX,Zone_5A Cool Humid,urb,q3,2095,0.1727369
C-EEU-LVA,Zone_6A Cold Humid,rur,q3,2095,0.1418872
C-EEU-LVA,Zone_6A Cold Humid,urb,q3,2095,0.1418872
C-WEU-MLT,Zone_3A Warm Humid,rur,q3,2095,0.8834134000000001
C-WEU-MLT,Zone_3A Warm Humid,urb,q3,2095,0.8834134000000001
C-WEU-NLD,Zone_5A Cool Humid,rur,q3,2095,0.1565012936536921
C-WEU-NLD,Zone_5A Cool Humid,urb,q3,2095,0.1565012936536921
C-WEU-NLD,Zone_4A Mixed Humid,rur,q3,2095,0.1565012936536921
C-WEU-NLD,Zone_4A Mixed Humid,urb,q3,2095,0.1565012936536921
C-EEU-POL,Zone_5A Cool Humid,rur,q3,2095,0.2322152
C-EEU-POL,Zone_5A Cool Humid,urb,q3,2095,0.2322152
C-EEU-POL,Zone_6A Cold Humid,rur,q3,2095,0.2322152
C-EEU-POL,Zone_6A Cold Humid,urb,q3,2095,0.2322152
C-WEU-PRT,Zone_3C Warm Marine,rur,q3,2095,0.5428295513777477
C-WEU-PRT,Zone_3C Warm Marine,urb,q3,2095,0.5428295513777477
C-WEU-PRT,Zone_4C Mixed Marine,rur,q3,2095,0.5428295513777477
C-WEU-PRT,Zone_4C Mixed Marine,urb,q3,2095,0.5428295513777477
C-WEU-PRT,Zone_4A Mixed Humid,rur,q3,2095,0.5428295513777477
C-WEU-PRT,Zone_4A Mixed Humid,urb,q3,2095,0.5428295513777477
C-WEU-PRT,Zone_3A Warm Humid,rur,q3,2095,0.5428295513777477
C-WEU-PRT,Zone_3A Warm Humid,urb,q3,2095,0.5428295513777477
C-EEU-ROU,Zone_5A Cool Humid,rur,q3,2095,0.36542235457753536
C-EEU-ROU,Zone_5A Cool Humid,urb,q3,2095,0.36542235457753536
C-EEU-ROU,Zone_6A Cold Humid,rur,q3,2095,0.36542235457753536
C-EEU-ROU,Zone_6A Cold Humid,urb,q3,2095,0.36542235457753536
C-EEU-ROU,Zone_4A Mixed Humid,rur,q3,2095,0.36542235457753536
C-EEU-ROU,Zone_4A Mixed Humid,urb,q3,2095,0.36542235457753536
C-WEU-SWE,Zone_6A Cold Humid,rur,q3,2095,0.11900483554127657
C-WEU-SWE,Zone_6A Cold Humid,urb,q3,2095,0.11900483554127657
C-WEU-SWE,Zone_5A Cool Humid,rur,q3,2095,0.11900483554127657
C-WEU-SWE,Zone_5A Cool Humid,urb,q3,2095,0.11900483554127657
C-WEU-SWE,Zone_7A Very cold Humid,rur,q3,2095,0.11900483554127657
C-WEU-SWE,Zone_7A Very cold Humid,urb,q3,2095,0.11900483554127657
C-WEU-SWE,Zone_8A Subarctic/arctic Humid,rur,q3,2095,0.11900483554127657
C-WEU-SWE,Zone_8A Subarctic/arctic Humid,urb,q3,2095,0.11900483554127657
C-EEU-SVN,Zone_4A Mixed Humid,rur,q3,2095,0.15685111848639208
C-EEU-SVN,Zone_4A Mixed Humid,urb,q3,2095,0.15685111848639208
C-EEU-SVN,Zone_5A Cool Humid,rur,q3,2095,0.15685111848639208
C-EEU-SVN,Zone_5A Cool Humid,urb,q3,2095,0.15685111848639208
C-EEU-SVN,Zone_7A Very cold Humid,rur,q3,2095,0.15685111848639208
C-EEU-SVN,Zone_7A Very cold Humid,urb,q3,2095,0.15685111848639208
C-EEU-SVK,Zone_5A Cool Humid,rur,q3,2095,0.24800428346290534
C-EEU-SVK,Zone_5A Cool Humid,urb,q3,2095,0.24800428346290534
C-EEU-SVK,Zone_6A Cold Humid,rur,q3,2095,0.24800428346290534
C-EEU-SVK,Zone_6A Cold Humid,urb,q3,2095,0.24800428346290534
C-WEU-AUT,Zone_5A Cool Humid,rur,q1,2100,0.22817490308873373
C-WEU-AUT,Zone_5A Cool Humid,urb,q1,2100,0.22817490308873373
C-WEU-AUT,Zone_4A Mixed Humid,rur,q1,2100,0.22817490308873373
C-WEU-AUT,Zone_4A Mixed Humid,urb,q1,2100,0.22817490308873373
C-WEU-AUT,Zone_6A Cold Humid,rur,q1,2100,0.22817490308873373
C-WEU-AUT,Zone_6A Cold Humid,urb,q1,2100,0.22817490308873373
C-WEU-AUT,Zone_7A Very cold Humid,rur,q1,2100,0.22817490308873373
C-WEU-AUT,Zone_7A Very cold Humid,urb,q1,2100,0.22817490308873373
C-WEU-BEL,Zone_4A Mixed Humid,rur,q1,2100,0.194186691744
C-WEU-BEL,Zone_4A Mixed Humid,urb,q1,2100,0.194186691744
C-WEU-BEL,Zone_5A Cool Humid,rur,q1,2100,0.194186691744
C-WEU-BEL,Zone_5A Cool Humid,urb,q1,2100,0.194186691744
C-EEU-BGR,Zone_4A Mixed Humid,rur,q1,2100,0.41511488146785086
C-EEU-BGR,Zone_4A Mixed Humid,urb,q1,2100,0.41511488146785086
C-EEU-BGR,Zone_5A Cool Humid,rur,q1,2100,0.41511488146785086
C-EEU-BGR,Zone_5A Cool Humid,urb,q1,2100,0.41511488146785086
C-WEU-CYP,Zone_3A Warm Humid,rur,q1,2100,0.83332419132
C-WEU-CYP,Zone_3A Warm Humid,urb,q1,2100,0.83332419132
C-EEU-CZE,Zone_5A Cool Humid,rur,q1,2100,0.2130498369
C-EEU-CZE,Zone_5A Cool Humid,urb,q1,2100,0.2130498369
C-WEU-DEU,Zone_5A Cool Humid,rur,q1,2100,0.23380254232318531
C-WEU-DEU,Zone_5A Cool Humid,urb,q1,2100,0.23380254232318531
C-WEU-DEU,Zone_4A Mixed Humid,rur,q1,2100,0.23380254232318531
C-WEU-DEU,Zone_4A Mixed Humid,urb,q1,2100,0.23380254232318531
C-WEU-DEU,Zone_6A Cold Humid,rur,q1,2100,0.23380254232318531
C-WEU-DEU,Zone_6A Cold Humid,urb,q1,2100,0.23380254232318531
C-WEU-DNK,Zone_5A Cool Humid,rur,q1,2100,0.11843030886000001
C-WEU-DNK,Zone_5A Cool Humid,urb,q1,2100,0.11843030886000001
C-EEU-EST,Zone_6A Cold Humid,rur,q1,2100,0.10331161509999999
C-EEU-EST,Zone_6A Cold Humid,urb,q1,2100,0.10331161509999999
C-WEU-GRC,Zone_3A Warm Humid,rur,q1,2100,0.697235278605114
C-WEU-GRC,Zone_3A Warm Humid,urb,q1,2100,0.697235278605114
C-WEU-GRC,Zone_4A Mixed Humid,rur,q1,2100,0.697235278605114
C-WEU-GRC,Zone_4A Mixed Humid,urb,q1,2100,0.697235278605114
C-WEU-GRC,Zone_4C Mixed Marine,rur,q1,2100,0.697235278605114
C-WEU-GRC,Zone_4C Mixed Marine,urb,q1,2100,0.697235278605114
C-WEU-GRC,Zone_5C Cool Marine,rur,q1,2100,0.697235278605114
C-WEU-GRC,Zone_5C Cool Marine,urb,q1,2100,0.697235278605114
C-WEU-GRC,Zone_5A Cool Humid,rur,q1,2100,0.697235278605114
C-WEU-GRC,Zone_5A Cool Humid,urb,q1,2100,0.697235278605114
C-WEU-ESP,Zone_3C Warm Marine,rur,q1,2100,0.6522423777918135
C-WEU-ESP,Zone_3C Warm Marine,urb,q1,2100,0.6522423777918135
C-WEU-ESP,Zone_4C Mixed Marine,rur,q1,2100,0.6522423777918135
C-WEU-ESP,Zone_4C Mixed Marine,urb,q1,2100,0.6522423777918135
C-WEU-ESP,Zone_4A Mixed Humid,rur,q1,2100,0.6522423777918135
C-WEU-ESP,Zone_4A Mixed Humid,urb,q1,2100,0.6522423777918135
C-WEU-ESP,Zone_3A Warm Humid,rur,q1,2100,0.6522423777918135
C-WEU-ESP,Zone_3A Warm Humid,urb,q1,2100,0.6522423777918135
C-WEU-ESP,Zone_3B Warm Dry,rur,q1,2100,0.6522423777918135
C-WEU-ESP,Zone_3B Warm Dry,urb,q1,2100,0.6522423777918135
C-WEU-ESP,Zone_2B Hot Dry,rur,q1,2100,0.6522423777918135
C-WEU-ESP,Zone_2B Hot Dry,urb,q1,2100,0.6522423777918135
C-WEU-FIN,Zone_6A Cold Humid,rur,q1,2100,0.09084584226678198
C-WEU-FIN,Zone_6A Cold Humid,urb,q1,2100,0.09084584226678198
C-WEU-FIN,Zone_7A Very cold Humid,rur,q1,2100,0.09084584226678198
C-WEU-FIN,Zone_7A Very cold Humid,urb,q1,2100,0.09084584226678198
C-WEU-FRA,Zone_4A Mixed Humid,rur,q1,2100,0.32465434800526505
C-WEU-FRA,Zone_4A Mixed Humid,urb,q1,2100,0.32465434800526505
C-WEU-FRA,Zone_5A Cool Humid,rur,q1,2100,0.32465434800526505
C-WEU-FRA,Zone_5A Cool Humid,urb,q1,2100,0.32465434800526505
C-WEU-FRA,Zone_3A Warm Humid,rur,q1,2100,0.32465434800526505
C-WEU-FRA,Zone_3A Warm Humid,urb,q1,2100,0.32465434800526505
C-WEU-FRA,Zone_7A Very cold Humid,rur,q1,2100,0.32465434800526505
C-WEU-FRA,Zone_7A Very cold Humid,urb,q1,2100,0.32465434800526505
C-WEU-FRA,Zone_4C Mixed Marine,rur,q1,2100,0.32465434800526505
C-WEU-FRA,Zone_4C Mixed Marine,urb,q1,2100,0.32465434800526505
C-WEU-FRA,Zone_3C Warm Marine,rur,q1,2100,0.32465434800526505
C-WEU-FRA,Zone_3C Warm Marine,urb,q1,2100,0.32465434800526505
C-WEU-FRA,Zone_1A Very hot Humid,rur,q1,2100,0.32465434800526505
C-WEU-FRA,Zone_1A Very hot Humid,urb,q1,2100,0.32465434800526505
C-WEU-FRA,Zone_2A Hot Humid,rur,q1,2100,0.32465434800526505
C-WEU-FRA,Zone_2A Hot Humid,urb,q1,2100,0.32465434800526505
C-WEU-FRA,Zone_0A Extremely hot Humid,rur,q1,2100,0.32465434800526505
C-WEU-FRA,Zone_0A Extremely hot Humid,urb,q1,2100,0.32465434800526505
C-EEU-HRV,Zone_4A Mixed Humid,rur,q1,2100,0.43179477270697897
C-EEU-HRV,Zone_4A Mixed Humid,urb,q1,2100,0.43179477270697897
C-EEU-HRV,Zone_5A Cool Humid,rur,q1,2100,0.43179477270697897
C-EEU-HRV,Zone_5A Cool Humid,urb,q1,2100,0.43179477270697897
C-EEU-HRV,Zone_4C Mixed Marine,rur,q1,2100,0.43179477270697897
C-EEU-HRV,Zone_4C Mixed Marine,urb,q1,2100,0.43179477270697897
C-EEU-HRV,Zone_3A Warm Humid,rur,q1,2100,0.43179477270697897
C-EEU-HRV,Zone_3A Warm Humid,urb,q1,2100,0.43179477270697897
C-EEU-HUN,Zone_4A Mixed Humid,rur,q1,2100,0.42328558869773336
C-EEU-HUN,Zone_4A Mixed Humid,urb,q1,2100,0.42328558869773336
C-EEU-HUN,Zone_5A Cool Humid,rur,q1,2100,0.42328558869773336
C-EEU-HUN,Zone_5A Cool Humid,urb,q1,2100,0.42328558869773336
C-WEU-IRL,Zone_5A Cool Humid,rur,q1,2100,0.051794063189
C-WEU-IRL,Zone_5A Cool Humid,urb,q1,2100,0.051794063189
C-WEU-IRL,Zone_4A Mixed Humid,rur,q1,2100,0.051794063189
C-WEU-IRL,Zone_4A Mixed Humid,urb,q1,2100,0.051794063189
C-WEU-ITA,Zone_4A Mixed Humid,rur,q1,2100,0.5469135893091465
C-WEU-ITA,Zone_4A Mixed Humid,urb,q1,2100,0.5469135893091465
C-WEU-ITA,Zone_5A Cool Humid,rur,q1,2100,0.5469135893091465
C-WEU-ITA,Zone_5A Cool Humid,urb,q1,2100,0.5469135893091465
C-WEU-ITA,Zone_7A Very cold Humid,rur,q1,2100,0.5469135893091465
C-WEU-ITA,Zone_7A Very cold Humid,urb,q1,2100,0.5469135893091465
C-WEU-ITA,Zone_6A Cold Humid,rur,q1,2100,0.5469135893091465
C-WEU-ITA,Zone_6A Cold Humid,urb,q1,2100,0.5469135893091465
C-WEU-ITA,Zone_3A Warm Humid,rur,q1,2100,0.5469135893091465
C-WEU-ITA,Zone_3A Warm Humid,urb,q1,2100,0.5469135893091465
C-WEU-ITA,Zone_4C Mixed Marine,rur,q1,2100,0.5469135893091465
C-WEU-ITA,Zone_4C Mixed Marine,urb,q1,2100,0.5469135893091465
C-WEU-ITA,Zone_5C Cool Marine,rur,q1,2100,0.5469135893091465
C-WEU-ITA,Zone_5C Cool Marine,urb,q1,2100,0.5469135893091465
C-EEU-LTU,Zone_6A Cold Humid,rur,q1,2100,0.164620658182
C-EEU-LTU,Zone_6A Cold Humid,urb,q1,2100,0.164620658182
C-EEU-LTU,Zone_5A Cool Humid,rur,q1,2100,0.164620658182
C-EEU-LTU,Zone_5A Cool Humid,urb,q1,2100,0.164620658182
C-WEU-LUX,Zone_5A Cool Humid,rur,q1,2100,0.172735824186
C-WEU-LUX,Zone_5A Cool Humid,urb,q1,2100,0.172735824186
C-EEU-LVA,Zone_6A Cold Humid,rur,q1,2100,0.13919270900800002
C-EEU-LVA,Zone_6A Cold Humid,urb,q1,2100,0.13919270900800002
C-WEU-MLT,Zone_3A Warm Humid,rur,q1,2100,0.88334142471
C-WEU-MLT,Zone_3A Warm Humid,urb,q1,2100,0.88334142471
C-WEU-NLD,Zone_5A Cool Humid,rur,q1,2100,0.15649364710190786
C-WEU-NLD,Zone_5A Cool Humid,urb,q1,2100,0.15649364710190786
C-WEU-NLD,Zone_4A Mixed Humid,rur,q1,2100,0.15649364710190786
C-WEU-NLD,Zone_4A Mixed Humid,urb,q1,2100,0.15649364710190786
C-EEU-POL,Zone_5A Cool Humid,rur,q1,2100,0.23075045147200002
C-EEU-POL,Zone_5A Cool Humid,urb,q1,2100,0.23075045147200002
C-EEU-POL,Zone_6A Cold Humid,rur,q1,2100,0.23075045147200002
C-EEU-POL,Zone_6A Cold Humid,urb,q1,2100,0.23075045147200002
C-WEU-PRT,Zone_3C Warm Marine,rur,q1,2100,0.5426384600453833
C-WEU-PRT,Zone_3C Warm Marine,urb,q1,2100,0.5426384600453833
C-WEU-PRT,Zone_4C Mixed Marine,rur,q1,2100,0.5426384600453833
C-WEU-PRT,Zone_4C Mixed Marine,urb,q1,2100,0.5426384600453833
C-WEU-PRT,Zone_4A Mixed Humid,rur,q1,2100,0.5426384600453833
C-WEU-PRT,Zone_4A Mixed Humid,urb,q1,2100,0.5426384600453833
C-WEU-PRT,Zone_3A Warm Humid,rur,q1,2100,0.5426384600453833
C-WEU-PRT,Zone_3A Warm Humid,urb,q1,2100,0.5426384600453833
C-EEU-ROU,Zone_5A Cool Humid,rur,q1,2100,0.3624785080336833
C-EEU-ROU,Zone_5A Cool Humid,urb,q1,2100,0.3624785080336833
C-EEU-ROU,Zone_6A Cold Humid,rur,q1,2100,0.3624785080336833
C-EEU-ROU,Zone_6A Cold Humid,urb,q1,2100,0.3624785080336833
C-EEU-ROU,Zone_4A Mixed Humid,rur,q1,2100,0.3624785080336833
C-EEU-ROU,Zone_4A Mixed Humid,urb,q1,2100,0.3624785080336833
C-WEU-SWE,Zone_6A Cold Humid,rur,q1,2100,0.1189984030624436
C-WEU-SWE,Zone_6A Cold Humid,urb,q1,2100,0.1189984030624436
C-WEU-SWE,Zone_5A Cool Humid,rur,q1,2100,0.1189984030624436
C-WEU-SWE,Zone_5A Cool Humid,urb,q1,2100,0.1189984030624436
C-WEU-SWE,Zone_7A Very cold Humid,rur,q1,2100,0.1189984030624436
C-WEU-SWE,Zone_7A Very cold Humid,urb,q1,2100,0.1189984030624436
C-WEU-SWE,Zone_8A Subarctic/arctic Humid,rur,q1,2100,0.1189984030624436
C-WEU-SWE,Zone_8A Subarctic/arctic Humid,urb,q1,2100,0.1189984030624436
C-EEU-SVN,Zone_4A Mixed Humid,rur,q1,2100,0.15677483332962744
C-EEU-SVN,Zone_4A Mixed Humid,urb,q1,2100,0.15677483332962744
C-EEU-SVN,Zone_5A Cool Humid,rur,q1,2100,0.15677483332962744
C-EEU-SVN,Zone_5A Cool Humid,urb,q1,2100,0.15677483332962744
C-EEU-SVN,Zone_7A Very cold Humid,rur,q1,2100,0.15677483332962744
C-EEU-SVN,Zone_7A Very cold Humid,urb,q1,2100,0.15677483332962744
C-EEU-SVK,Zone_5A Cool Humid,rur,q1,2100,0.24198598136743887
C-EEU-SVK,Zone_5A Cool Humid,urb,q1,2100,0.24198598136743887
C-EEU-SVK,Zone_6A Cold Humid,rur,q1,2100,0.24198598136743887
C-EEU-SVK,Zone_6A Cold Humid,urb,q1,2100,0.24198598136743887
C-WEU-AUT,Zone_5A Cool Humid,rur,q2,2100,0.22819249339108771
C-WEU-AUT,Zone_5A Cool Humid,urb,q2,2100,0.22819249339108771
C-WEU-AUT,Zone_4A Mixed Humid,rur,q2,2100,0.22819249339108771
C-WEU-AUT,Zone_4A Mixed Humid,urb,q2,2100,0.22819249339108771
C-WEU-AUT,Zone_6A Cold Humid,rur,q2,2100,0.22819249339108771
C-WEU-AUT,Zone_6A Cold Humid,urb,q2,2100,0.22819249339108771
C-WEU-AUT,Zone_7A Very cold Humid,rur,q2,2100,0.22819249339108771
C-WEU-AUT,Zone_7A Very cold Humid,urb,q2,2100,0.22819249339108771
C-WEU-BEL,Zone_4A Mixed Humid,rur,q2,2100,0.19419159011649997
C-WEU-BEL,Zone_4A Mixed Humid,urb,q2,2100,0.19419159011649997
C-WEU-BEL,Zone_5A Cool Humid,rur,q2,2100,0.19419159011649997
C-WEU-BEL,Zone_5A Cool Humid,urb,q2,2100,0.19419159011649997
C-EEU-BGR,Zone_4A Mixed Humid,rur,q2,2100,0.43952699215055546
C-EEU-BGR,Zone_4A Mixed Humid,urb,q2,2100,0.43952699215055546
C-EEU-BGR,Zone_5A Cool Humid,rur,q2,2100,0.43952699215055546
C-EEU-BGR,Zone_5A Cool Humid,urb,q2,2100,0.43952699215055546
C-WEU-CYP,Zone_3A Warm Humid,rur,q2,2100,0.8645584730799999
C-WEU-CYP,Zone_3A Warm Humid,urb,q2,2100,0.8645584730799999
C-EEU-CZE,Zone_5A Cool Humid,rur,q2,2100,0.2130591
C-EEU-CZE,Zone_5A Cool Humid,urb,q2,2100,0.2130591
C-WEU-DEU,Zone_5A Cool Humid,rur,q2,2100,0.23388512773202388
C-WEU-DEU,Zone_5A Cool Humid,urb,q2,2100,0.23388512773202388
C-WEU-DEU,Zone_4A Mixed Humid,rur,q2,2100,0.23388512773202388
C-WEU-DEU,Zone_4A Mixed Humid,urb,q2,2100,0.23388512773202388
C-WEU-DEU,Zone_6A Cold Humid,rur,q2,2100,0.23388512773202388
C-WEU-DEU,Zone_6A Cold Humid,urb,q2,2100,0.23388512773202388
C-WEU-DNK,Zone_5A Cool Humid,rur,q2,2100,0.11843378270000002
C-WEU-DNK,Zone_5A Cool Humid,urb,q2,2100,0.11843378270000002
C-EEU-EST,Zone_6A Cold Humid,rur,q2,2100,0.10331918842
C-EEU-EST,Zone_6A Cold Humid,urb,q2,2100,0.10331918842
C-WEU-GRC,Zone_3A Warm Humid,rur,q2,2100,0.6979583825669741
C-WEU-GRC,Zone_3A Warm Humid,urb,q2,2100,0.6979583825669741
C-WEU-GRC,Zone_4A Mixed Humid,rur,q2,2100,0.6979583825669741
C-WEU-GRC,Zone_4A Mixed Humid,urb,q2,2100,0.6979583825669741
C-WEU-GRC,Zone_4C Mixed Marine,rur,q2,2100,0.6979583825669741
C-WEU-GRC,Zone_4C Mixed Marine,urb,q2,2100,0.6979583825669741
C-WEU-GRC,Zone_5C Cool Marine,rur,q2,2100,0.6979583825669741
C-WEU-GRC,Zone_5C Cool Marine,urb,q2,2100,0.6979583825669741
C-WEU-GRC,Zone_5A Cool Humid,rur,q2,2100,0.6979583825669741
C-WEU-GRC,Zone_5A Cool Humid,urb,q2,2100,0.6979583825669741
C-WEU-ESP,Zone_3C Warm Marine,rur,q2,2100,0.6533200788590455
C-WEU-ESP,Zone_3C Warm Marine,urb,q2,2100,0.6533200788590455
C-WEU-ESP,Zone_4C Mixed Marine,rur,q2,2100,0.6533200788590455
C-WEU-ESP,Zone_4C Mixed Marine,urb,q2,2100,0.6533200788590455
C-WEU-ESP,Zone_4A Mixed Humid,rur,q2,2100,0.6533200788590455
C-WEU-ESP,Zone_4A Mixed Humid,urb,q2,2100,0.6533200788590455
C-WEU-ESP,Zone_3A Warm Humid,rur,q2,2100,0.6533200788590455
C-WEU-ESP,Zone_3A Warm Humid,urb,q2,2100,0.6533200788590455
C-WEU-ESP,Zone_3B Warm Dry,rur,q2,2100,0.6533200788590455
C-WEU-ESP,Zone_3B Warm Dry,urb,q2,2100,0.6533200788590455
C-WEU-ESP,Zone_2B Hot Dry,rur,q2,2100,0.6533200788590455
C-WEU-ESP,Zone_2B Hot Dry,urb,q2,2100,0.6533200788590455
C-WEU-FIN,Zone_6A Cold Humid,rur,q2,2100,0.09085727448592469
C-WEU-FIN,Zone_6A Cold Humid,urb,q2,2100,0.09085727448592469
C-WEU-FIN,Zone_7A Very cold Humid,rur,q2,2100,0.09085727448592469
C-WEU-FIN,Zone_7A Very cold Humid,urb,q2,2100,0.09085727448592469
C-WEU-FRA,Zone_4A Mixed Humid,rur,q2,2100,0.32442195310924005
C-WEU-FRA,Zone_4A Mixed Humid,urb,q2,2100,0.32442195310924005
C-WEU-FRA,Zone_5A Cool Humid,rur,q2,2100,0.32442195310924005
C-WEU-FRA,Zone_5A Cool Humid,urb,q2,2100,0.32442195310924005
C-WEU-FRA,Zone_3A Warm Humid,rur,q2,2100,0.32442195310924005
C-WEU-FRA,Zone_3A Warm Humid,urb,q2,2100,0.32442195310924005
C-WEU-FRA,Zone_7A Very cold Humid,rur,q2,2100,0.32442195310924005
C-WEU-FRA,Zone_7A Very cold Humid,urb,q2,2100,0.32442195310924005
C-WEU-FRA,Zone_4C Mixed Marine,rur,q2,2100,0.32442195310924005
C-WEU-FRA,Zone_4C Mixed Marine,urb,q2,2100,0.32442195310924005
C-WEU-FRA,Zone_3C Warm Marine,rur,q2,2100,0.32442195310924005
C-WEU-FRA,Zone_3C Warm Marine,urb,q2,2100,0.32442195310924005
C-WEU-FRA,Zone_1A Very hot Humid,rur,q2,2100,0.32442195310924005
C-WEU-FRA,Zone_1A Very hot Humid,urb,q2,2100,0.32442195310924005
C-WEU-FRA,Zone_2A Hot Humid,rur,q2,2100,0.32442195310924005
C-WEU-FRA,Zone_2A Hot Humid,urb,q2,2100,0.32442195310924005
C-WEU-FRA,Zone_0A Extremely hot Humid,rur,q2,2100,0.32442195310924005
C-WEU-FRA,Zone_0A Extremely hot Humid,urb,q2,2100,0.32442195310924005
C-EEU-HRV,Zone_4A Mixed Humid,rur,q2,2100,0.4953847663682769
C-EEU-HRV,Zone_4A Mixed Humid,urb,q2,2100,0.4953847663682769
C-EEU-HRV,Zone_5A Cool Humid,rur,q2,2100,0.4953847663682769
C-EEU-HRV,Zone_5A Cool Humid,urb,q2,2100,0.4953847663682769
C-EEU-HRV,Zone_4C Mixed Marine,rur,q2,2100,0.4953847663682769
C-EEU-HRV,Zone_4C Mixed Marine,urb,q2,2100,0.4953847663682769
C-EEU-HRV,Zone_3A Warm Humid,rur,q2,2100,0.4953847663682769
C-EEU-HRV,Zone_3A Warm Humid,urb,q2,2100,0.4953847663682769
C-EEU-HUN,Zone_4A Mixed Humid,rur,q2,2100,0.423611366838838
C-EEU-HUN,Zone_4A Mixed Humid,urb,q2,2100,0.423611366838838
C-EEU-HUN,Zone_5A Cool Humid,rur,q2,2100,0.423611366838838
C-EEU-HUN,Zone_5A Cool Humid,urb,q2,2100,0.423611366838838
C-WEU-IRL,Zone_5A Cool Humid,rur,q2,2100,0.0518262780938
C-WEU-IRL,Zone_5A Cool Humid,urb,q2,2100,0.0518262780938
C-WEU-IRL,Zone_4A Mixed Humid,rur,q2,2100,0.0518262780938
C-WEU-IRL,Zone_4A Mixed Humid,urb,q2,2100,0.0518262780938
C-WEU-ITA,Zone_4A Mixed Humid,rur,q2,2100,0.5480310495715378
C-WEU-ITA,Zone_4A Mixed Humid,urb,q2,2100,0.5480310495715378
C-WEU-ITA,Zone_5A Cool Humid,rur,q2,2100,0.5480310495715378
C-WEU-ITA,Zone_5A Cool Humid,urb,q2,2100,0.5480310495715378
C-WEU-ITA,Zone_7A Very cold Humid,rur,q2,2100,0.5480310495715378
C-WEU-ITA,Zone_7A Very cold Humid,urb,q2,2100,0.5480310495715378
C-WEU-ITA,Zone_6A Cold Humid,rur,q2,2100,0.5480310495715378
C-WEU-ITA,Zone_6A Cold Humid,urb,q2,2100,0.5480310495715378
C-WEU-ITA,Zone_3A Warm Humid,rur,q2,2100,0.5480310495715378
C-WEU-ITA,Zone_3A Warm Humid,urb,q2,2100,0.5480310495715378
C-WEU-ITA,Zone_4C Mixed Marine,rur,q2,2100,0.5480310495715378
C-WEU-ITA,Zone_4C Mixed Marine,urb,q2,2100,0.5480310495715378
C-WEU-ITA,Zone_5C Cool Marine,rur,q2,2100,0.5480310495715378
C-WEU-ITA,Zone_5C Cool Marine,urb,q2,2100,0.5480310495715378
C-EEU-LTU,Zone_6A Cold Humid,rur,q2,2100,0.172597976389
C-EEU-LTU,Zone_6A Cold Humid,urb,q2,2100,0.172597976389
C-EEU-LTU,Zone_5A Cool Humid,rur,q2,2100,0.172597976389
C-EEU-LTU,Zone_5A Cool Humid,urb,q2,2100,0.172597976389
C-WEU-LUX,Zone_5A Cool Humid,rur,q2,2100,0.17273690000000003
C-WEU-LUX,Zone_5A Cool Humid,urb,q2,2100,0.17273690000000003
C-EEU-LVA,Zone_6A Cold Humid,rur,q2,2100,0.14188309324599999
C-EEU-LVA,Zone_6A Cold Humid,urb,q2,2100,0.14188309324599999
C-WEU-MLT,Zone_3A Warm Humid,rur,q2,2100,0.88341303006
C-WEU-MLT,Zone_3A Warm Humid,urb,q2,2100,0.88341303006
C-WEU-NLD,Zone_5A Cool Humid,rur,q2,2100,0.15649740997742068
C-WEU-NLD,Zone_5A Cool Humid,urb,q2,2100,0.15649740997742068
C-WEU-NLD,Zone_4A Mixed Humid,rur,q2,2100,0.15649740997742068
C-WEU-NLD,Zone_4A Mixed Humid,urb,q2,2100,0.15649740997742068
C-EEU-POL,Zone_5A Cool Humid,rur,q2,2100,0.232212947228
C-EEU-POL,Zone_5A Cool Humid,urb,q2,2100,0.232212947228
C-EEU-POL,Zone_6A Cold Humid,rur,q2,2100,0.232212947228
C-EEU-POL,Zone_6A Cold Humid,urb,q2,2100,0.232212947228
C-WEU-PRT,Zone_3C Warm Marine,rur,q2,2100,0.5440489945847123
C-WEU-PRT,Zone_3C Warm Marine,urb,q2,2100,0.5440489945847123
C-WEU-PRT,Zone_4C Mixed Marine,rur,q2,2100,0.5440489945847123
C-WEU-PRT,Zone_4C Mixed Marine,urb,q2,2100,0.5440489945847123
C-WEU-PRT,Zone_4A Mixed Humid,rur,q2,2100,0.5440489945847123
C-WEU-PRT,Zone_4A Mixed Humid,urb,q2,2100,0.5440489945847123
C-WEU-PRT,Zone_3A Warm Humid,rur,q2,2100,0.5440489945847123
C-WEU-PRT,Zone_3A Warm Humid,urb,q2,2100,0.5440489945847123
C-EEU-ROU,Zone_5A Cool Humid,rur,q2,2100,0.3646124936333083
C-EEU-ROU,Zone_5A Cool Humid,urb,q2,2100,0.3646124936333083
C-EEU-ROU,Zone_6A Cold Humid,rur,q2,2100,0.3646124936333083
C-EEU-ROU,Zone_6A Cold Humid,urb,q2,2100,0.3646124936333083
C-EEU-ROU,Zone_4A Mixed Humid,rur,q2,2100,0.3646124936333083
C-EEU-ROU,Zone_4A Mixed Humid,urb,q2,2100,0.3646124936333083
C-WEU-SWE,Zone_6A Cold Humid,rur,q2,2100,0.11901026169784765
C-WEU-SWE,Zone_6A Cold Humid,urb,q2,2100,0.11901026169784765
C-WEU-SWE,Zone_5A Cool Humid,rur,q2,2100,0.11901026169784765
C-WEU-SWE,Zone_5A Cool Humid,urb,q2,2100,0.11901026169784765
C-WEU-SWE,Zone_7A Very cold Humid,rur,q2,2100,0.11901026169784765
C-WEU-SWE,Zone_7A Very cold Humid,urb,q2,2100,0.11901026169784765
C-WEU-SWE,Zone_8A Subarctic/arctic Humid,rur,q2,2100,0.11901026169784765
C-WEU-SWE,Zone_8A Subarctic/arctic Humid,urb,q2,2100,0.11901026169784765
C-EEU-SVN,Zone_4A Mixed Humid,rur,q2,2100,0.15685650268157433
C-EEU-SVN,Zone_4A Mixed Humid,urb,q2,2100,0.15685650268157433
C-EEU-SVN,Zone_5A Cool Humid,rur,q2,2100,0.15685650268157433
C-EEU-SVN,Zone_5A Cool Humid,urb,q2,2100,0.15685650268157433
C-EEU-SVN,Zone_7A Very cold Humid,rur,q2,2100,0.15685650268157433
C-EEU-SVN,Zone_7A Very cold Humid,urb,q2,2100,0.15685650268157433
C-EEU-SVK,Zone_5A Cool Humid,rur,q2,2100,0.24816863261518582
C-EEU-SVK,Zone_5A Cool Humid,urb,q2,2100,0.24816863261518582
C-EEU-SVK,Zone_6A Cold Humid,rur,q2,2100,0.24816863261518582
C-EEU-SVK,Zone_6A Cold Humid,urb,q2,2100,0.24816863261518582
C-WEU-AUT,Zone_5A Cool Humid,rur,q3,2100,0.2281925063623069
C-WEU-AUT,Zone_5A Cool Humid,urb,q3,2100,0.2281925063623069
C-WEU-AUT,Zone_4A Mixed Humid,rur,q3,2100,0.2281925063623069
C-WEU-AUT,Zone_4A Mixed Humid,urb,q3,2100,0.2281925063623069
C-WEU-AUT,Zone_6A Cold Humid,rur,q3,2100,0.2281925063623069
C-WEU-AUT,Zone_6A Cold Humid,urb,q3,2100,0.2281925063623069
C-WEU-AUT,Zone_7A Very cold Humid,rur,q3,2100,0.2281925063623069
C-WEU-AUT,Zone_7A Very cold Humid,urb,q3,2100,0.2281925063623069
C-WEU-BEL,Zone_4A Mixed Humid,rur,q3,2100,0.1941916
C-WEU-BEL,Zone_4A Mixed Humid,urb,q3,2100,0.1941916
C-WEU-BEL,Zone_5A Cool Humid,rur,q3,2100,0.1941916
C-WEU-BEL,Zone_5A Cool Humid,urb,q3,2100,0.1941916
C-EEU-BGR,Zone_4A Mixed Humid,rur,q3,2100,0.43953158742476395
C-EEU-BGR,Zone_4A Mixed Humid,urb,q3,2100,0.43953158742476395
C-EEU-BGR,Zone_5A Cool Humid,rur,q3,2100,0.43953158742476395
C-EEU-BGR,Zone_5A Cool Humid,urb,q3,2100,0.43953158742476395
C-WEU-CYP,Zone_3A Warm Humid,rur,q3,2100,0.86515019812
C-WEU-CYP,Zone_3A Warm Humid,urb,q3,2100,0.86515019812
C-EEU-CZE,Zone_5A Cool Humid,rur,q3,2100,0.2130591
C-EEU-CZE,Zone_5A Cool Humid,urb,q3,2100,0.2130591
C-WEU-DEU,Zone_5A Cool Humid,rur,q3,2100,0.2338851577578208
C-WEU-DEU,Zone_5A Cool Humid,urb,q3,2100,0.2338851577578208
C-WEU-DEU,Zone_4A Mixed Humid,rur,q3,2100,0.2338851577578208
C-WEU-DEU,Zone_4A Mixed Humid,urb,q3,2100,0.2338851577578208
C-WEU-DEU,Zone_6A Cold Humid,rur,q3,2100,0.2338851577578208
C-WEU-DEU,Zone_6A Cold Humid,urb,q3,2100,0.2338851577578208
C-WEU-DNK,Zone_5A Cool Humid,rur,q3,2100,0.11843380000000002
C-WEU-DNK,Zone_5A Cool Humid,urb,q3,2100,0.11843380000000002
C-EEU-EST,Zone_6A Cold Humid,rur,q3,2100,0.1033192
C-EEU-EST,Zone_6A Cold Humid,urb,q3,2100,0.1033192
C-WEU-GRC,Zone_3A Warm Humid,rur,q3,2100,0.6978646088582069
C-WEU-GRC,Zone_3A Warm Humid,urb,q3,2100,0.6978646088582069
C-WEU-GRC,Zone_4A Mixed Humid,rur,q3,2100,0.6978646088582069
C-WEU-GRC,Zone_4A Mixed Humid,urb,q3,2100,0.6978646088582069
C-WEU-GRC,Zone_4C Mixed Marine,rur,q3,2100,0.6978646088582069
C-WEU-GRC,Zone_4C Mixed Marine,urb,q3,2100,0.6978646088582069
C-WEU-GRC,Zone_5C Cool Marine,rur,q3,2100,0.6978646088582069
C-WEU-GRC,Zone_5C Cool Marine,urb,q3,2100,0.6978646088582069
C-WEU-GRC,Zone_5A Cool Humid,rur,q3,2100,0.6978646088582069
C-WEU-GRC,Zone_5A Cool Humid,urb,q3,2100,0.6978646088582069
C-WEU-ESP,Zone_3C Warm Marine,rur,q3,2100,0.6533245768901855
C-WEU-ESP,Zone_3C Warm Marine,urb,q3,2100,0.6533245768901855
C-WEU-ESP,Zone_4C Mixed Marine,rur,q3,2100,0.6533245768901855
C-WEU-ESP,Zone_4C Mixed Marine,urb,q3,2100,0.6533245768901855
C-WEU-ESP,Zone_4A Mixed Humid,rur,q3,2100,0.6533245768901855
C-WEU-ESP,Zone_4A Mixed Humid,urb,q3,2100,0.6533245768901855
C-WEU-ESP,Zone_3A Warm Humid,rur,q3,2100,0.6533245768901855
C-WEU-ESP,Zone_3A Warm Humid,urb,q3,2100,0.6533245768901855
C-WEU-ESP,Zone_3B Warm Dry,rur,q3,2100,0.6533245768901855
C-WEU-ESP,Zone_3B Warm Dry,urb,q3,2100,0.6533245768901855
C-WEU-ESP,Zone_2B Hot Dry,rur,q3,2100,0.6533245768901855
C-WEU-ESP,Zone_2B Hot Dry,urb,q3,2100,0.6533245768901855
C-WEU-FIN,Zone_6A Cold Humid,rur,q3,2100,0.09085729208804813
C-WEU-FIN,Zone_6A Cold Humid,urb,q3,2100,0.09085729208804813
C-WEU-FIN,Zone_7A Very cold Humid,rur,q3,2100,0.09085729208804813
C-WEU-FIN,Zone_7A Very cold Humid,urb,q3,2100,0.09085729208804813
C-WEU-FRA,Zone_4A Mixed Humid,rur,q3,2100,0.32442264973654383
C-WEU-FRA,Zone_4A Mixed Humid,urb,q3,2100,0.32442264973654383
C-WEU-FRA,Zone_5A Cool Humid,rur,q3,2100,0.32442264973654383
C-WEU-FRA,Zone_5A Cool Humid,urb,q3,2100,0.32442264973654383
C-WEU-FRA,Zone_3A Warm Humid,rur,q3,2100,0.32442264973654383
C-WEU-FRA,Zone_3A Warm Humid,urb,q3,2100,0.32442264973654383
C-WEU-FRA,Zone_7A Very cold Humid,rur,q3,2100,0.32442264973654383
C-WEU-FRA,Zone_7A Very cold Humid,urb,q3,2100,0.32442264973654383
C-WEU-FRA,Zone_4C Mixed Marine,rur,q3,2100,0.32442264973654383
C-WEU-FRA,Zone_4C Mixed Marine,urb,q3,2100,0.32442264973654383
C-WEU-FRA,Zone_3C Warm Marine,rur,q3,2100,0.32442264973654383
C-WEU-FRA,Zone_3C Warm Marine,urb,q3,2100,0.32442264973654383
C-WEU-FRA,Zone_1A Very hot Humid,rur,q3,2100,0.32442264973654383
C-WEU-FRA,Zone_1A Very hot Humid,urb,q3,2100,0.32442264973654383
C-WEU-FRA,Zone_2A Hot Humid,rur,q3,2100,0.32442264973654383
C-WEU-FRA,Zone_2A Hot Humid,urb,q3,2100,0.32442264973654383
C-WEU-FRA,Zone_0A Extremely hot Humid,rur,q3,2100,0.32442264973654383
C-WEU-FRA,Zone_0A Extremely hot Humid,urb,q3,2100,0.32442264973654383
C-EEU-HRV,Zone_4A Mixed Humid,rur,q3,2100,0.501783778486569
C-EEU-HRV,Zone_4A Mixed Humid,urb,q3,2100,0.501783778486569
C-EEU-HRV,Zone_5A Cool Humid,rur,q3,2100,0.501783778486569
C-EEU-HRV,Zone_5A Cool Humid,urb,q3,2100,0.501783778486569
C-EEU-HRV,Zone_4C Mixed Marine,rur,q3,2100,0.501783778486569
C-EEU-HRV,Zone_4C Mixed Marine,urb,q3,2100,0.501783778486569
C-EEU-HRV,Zone_3A Warm Humid,rur,q3,2100,0.501783778486569
C-EEU-HRV,Zone_3A Warm Humid,urb,q3,2100,0.501783778486569
C-EEU-HUN,Zone_4A Mixed Humid,rur,q3,2100,0.423612043663164
C-EEU-HUN,Zone_4A Mixed Humid,urb,q3,2100,0.423612043663164
C-EEU-HUN,Zone_5A Cool Humid,rur,q3,2100,0.423612043663164
C-EEU-HUN,Zone_5A Cool Humid,urb,q3,2100,0.423612043663164
C-WEU-IRL,Zone_5A Cool Humid,rur,q3,2100,0.0518263
C-WEU-IRL,Zone_5A Cool Humid,urb,q3,2100,0.0518263
C-WEU-IRL,Zone_4A Mixed Humid,rur,q3,2100,0.0518263
C-WEU-IRL,Zone_4A Mixed Humid,urb,q3,2100,0.0518263
C-WEU-ITA,Zone_4A Mixed Humid,rur,q3,2100,0.5480328607017072
C-WEU-ITA,Zone_4A Mixed Humid,urb,q3,2100,0.5480328607017072
C-WEU-ITA,Zone_5A Cool Humid,rur,q3,2100,0.5480328607017072
C-WEU-ITA,Zone_5A Cool Humid,urb,q3,2100,0.5480328607017072
C-WEU-ITA,Zone_7A Very cold Humid,rur,q3,2100,0.5480328607017072
C-WEU-ITA,Zone_7A Very cold Humid,urb,q3,2100,0.5480328607017072
C-WEU-ITA,Zone_6A Cold Humid,rur,q3,2100,0.5480328607017072
C-WEU-ITA,Zone_6A Cold Humid,urb,q3,2100,0.5480328607017072
C-WEU-ITA,Zone_3A Warm Humid,rur,q3,2100,0.5480328607017072
C-WEU-ITA,Zone_3A Warm Humid,urb,q3,2100,0.5480328607017072
C-WEU-ITA,Zone_4C Mixed Marine,rur,q3,2100,0.5480328607017072
C-WEU-ITA,Zone_4C Mixed Marine,urb,q3,2100,0.5480328607017072
C-WEU-ITA,Zone_5C Cool Marine,rur,q3,2100,0.5480328607017072
C-WEU-ITA,Zone_5C Cool Marine,urb,q3,2100,0.5480328607017072
C-EEU-LTU,Zone_6A Cold Humid,rur,q3,2100,0.17260540000000002
C-EEU-LTU,Zone_6A Cold Humid,urb,q3,2100,0.17260540000000002
C-EEU-LTU,Zone_5A Cool Humid,rur,q3,2100,0.17260540000000002
C-EEU-LTU,Zone_5A Cool Humid,urb,q3,2100,0.17260540000000002
C-WEU-LUX,Zone_5A Cool Humid,rur,q3,2100,0.17273690000000003
C-WEU-LUX,Zone_5A Cool Humid,urb,q3,2100,0.17273690000000003
C-EEU-LVA,Zone_6A Cold Humid,rur,q3,2100,0.1418872
C-EEU-LVA,Zone_6A Cold Humid,urb,q3,2100,0.1418872
C-WEU-MLT,Zone_3A Warm Humid,rur,q3,2100,0.8834134
C-WEU-MLT,Zone_3A Warm Humid,urb,q3,2100,0.8834134
C-WEU-NLD,Zone_5A Cool Humid,rur,q3,2100,0.1564974146978372
C-WEU-NLD,Zone_5A Cool Humid,urb,q3,2100,0.1564974146978372
C-WEU-NLD,Zone_4A Mixed Humid,rur,q3,2100,0.1564974146978372
C-WEU-NLD,Zone_4A Mixed Humid,urb,q3,2100,0.1564974146978372
C-EEU-POL,Zone_5A Cool Humid,rur,q3,2100,0.2322152
C-EEU-POL,Zone_5A Cool Humid,urb,q3,2100,0.2322152
C-EEU-POL,Zone_6A Cold Humid,rur,q3,2100,0.2322152
C-EEU-POL,Zone_6A Cold Humid,urb,q3,2100,0.2322152
C-WEU-PRT,Zone_3C Warm Marine,rur,q3,2100,0.5440534592122076
C-WEU-PRT,Zone_3C Warm Marine,urb,q3,2100,0.5440534592122076
C-WEU-PRT,Zone_4C Mixed Marine,rur,q3,2100,0.5440534592122076
C-WEU-PRT,Zone_4C Mixed Marine,urb,q3,2100,0.5440534592122076
C-WEU-PRT,Zone_4A Mixed Humid,rur,q3,2100,0.5440534592122076
C-WEU-PRT,Zone_4A Mixed Humid,urb,q3,2100,0.5440534592122076
C-WEU-PRT,Zone_3A Warm Humid,rur,q3,2100,0.5440534592122076
C-WEU-PRT,Zone_3A Warm Humid,urb,q3,2100,0.5440534592122076
C-EEU-ROU,Zone_5A Cool Humid,rur,q3,2100,0.36464084074761755
C-EEU-ROU,Zone_5A Cool Humid,urb,q3,2100,0.36464084074761755
C-EEU-ROU,Zone_6A Cold Humid,rur,q3,2100,0.36464084074761755
C-EEU-ROU,Zone_6A Cold Humid,urb,q3,2100,0.36464084074761755
C-EEU-ROU,Zone_4A Mixed Humid,rur,q3,2100,0.36464084074761755
C-EEU-ROU,Zone_4A Mixed Humid,urb,q3,2100,0.36464084074761755
C-WEU-SWE,Zone_6A Cold Humid,rur,q3,2100,0.11901028462979957
C-WEU-SWE,Zone_6A Cold Humid,urb,q3,2100,0.11901028462979957
C-WEU-SWE,Zone_5A Cool Humid,rur,q3,2100,0.11901028462979957
C-WEU-SWE,Zone_5A Cool Humid,urb,q3,2100,0.11901028462979957
C-WEU-SWE,Zone_7A Very cold Humid,rur,q3,2100,0.11901028462979957
C-WEU-SWE,Zone_7A Very cold Humid,urb,q3,2100,0.11901028462979957
C-WEU-SWE,Zone_8A Subarctic/arctic Humid,rur,q3,2100,0.11901028462979957
C-WEU-SWE,Zone_8A Subarctic/arctic Humid,urb,q3,2100,0.11901028462979957
C-EEU-SVN,Zone_4A Mixed Humid,rur,q3,2100,0.1568569224230188
C-EEU-SVN,Zone_4A Mixed Humid,urb,q3,2100,0.1568569224230188
C-EEU-SVN,Zone_5A Cool Humid,rur,q3,2100,0.1568569224230188
C-EEU-SVN,Zone_5A Cool Humid,urb,q3,2100,0.1568569224230188
C-EEU-SVN,Zone_7A Very cold Humid,rur,q3,2100,0.1568569224230188
C-EEU-SVN,Zone_7A Very cold Humid,urb,q3,2100,0.1568569224230188
C-EEU-SVK,Zone_5A Cool Humid,rur,q3,2100,0.2481687417431742
C-EEU-SVK,Zone_5A Cool Humid,urb,q3,2100,0.2481687417431742
C-EEU-SVK,Zone_6A Cold Humid,rur,q3,2100,0.2481687417431742
C-EEU-SVK,Zone_6A Cold Humid,urb,q3,2100,0.2481687417431742
