region_bld,clim,urt,inc_cl,mat,year,value
C-EEU-BGR,Zone_4A Mixed Humid,rur,q1,perm,2015,1.0
C-EEU-BGR,Zone_4A Mixed Humid,rur,q1,perm,2020,1.0
C-EEU-BGR,Zone_4A Mixed Humid,rur,q1,perm,2025,1.0
C-EEU-BGR,Zone_4A Mixed Humid,rur,q1,perm,2030,1.0
C-EEU-BGR,Zone_4A Mixed Humid,rur,q1,perm,2035,1.0
C-EEU-BGR,Zone_4A Mixed Humid,rur,q1,perm,2040,1.0
C-EEU-BGR,Zone_4A Mixed Humid,rur,q1,perm,2045,1.0
C-EEU-BGR,Zone_4A Mixed Humid,rur,q1,perm,2050,1.0
C-EEU-BGR,Zone_4A Mixed Humid,rur,q1,perm,2055,1.0
C-EEU-BGR,Zone_4A Mixed Humid,rur,q1,perm,2060,1.0
C-EEU-BGR,Zone_4A Mixed Humid,rur,q1,perm,2065,1.0
C-EEU-BGR,Zone_4A Mixed Humid,rur,q1,perm,2070,1.0
C-EEU-BGR,Zone_4A Mixed Humid,rur,q1,perm,2075,1.0
C-EEU-BGR,Zone_4A Mixed Humid,rur,q1,perm,2080,1.0
C-EEU-BGR,Zone_4A Mixed Humid,rur,q1,perm,2085,1.0
C-EEU-BGR,Zone_4A Mixed Humid,rur,q1,perm,2090,1.0
C-EEU-BGR,Zone_4A Mixed Humid,rur,q1,perm,2095,1.0
C-EEU-BGR,Zone_4A Mixed Humid,rur,q1,perm,2100,1.0
C-EEU-BGR,Zone_4A Mixed Humid,rur,q1,sub,2015,0.0
C-EEU-BGR,Zone_4A Mixed Humid,rur,q1,sub,2020,0.0
C-EEU-BGR,Zone_4A Mixed Humid,rur,q1,sub,2025,0.0
C-EEU-BGR,Zone_4A Mixed Humid,rur,q1,sub,2030,0.0
C-EEU-BGR,Zone_4A Mixed Humid,rur,q1,sub,2035,0.0
C-EEU-BGR,Zone_4A Mixed Humid,rur,q1,sub,2040,0.0
C-EEU-BGR,Zone_4A Mixed Humid,rur,q1,sub,2045,0.0
C-EEU-BGR,Zone_4A Mixed Humid,rur,q1,sub,2050,0.0
C-EEU-BGR,Zone_4A Mixed Humid,rur,q1,sub,2055,0.0
C-EEU-BGR,Zone_4A Mixed Humid,rur,q1,sub,2060,0.0
C-EEU-BGR,Zone_4A Mixed Humid,rur,q1,sub,2065,0.0
C-EEU-BGR,Zone_4A Mixed Humid,rur,q1,sub,2070,0.0
C-EEU-BGR,Zone_4A Mixed Humid,rur,q1,sub,2075,0.0
C-EEU-BGR,Zone_4A Mixed Humid,rur,q1,sub,2080,0.0
C-EEU-BGR,Zone_4A Mixed Humid,rur,q1,sub,2085,0.0
C-EEU-BGR,Zone_4A Mixed Humid,rur,q1,sub,2090,0.0
C-EEU-BGR,Zone_4A Mixed Humid,rur,q1,sub,2095,0.0
C-EEU-BGR,Zone_4A Mixed Humid,rur,q1,sub,2100,0.0
C-EEU-BGR,Zone_4A Mixed Humid,rur,q2,perm,2015,1.0
C-EEU-BGR,Zone_4A Mixed Humid,rur,q2,perm,2020,1.0
C-EEU-BGR,Zone_4A Mixed Humid,rur,q2,perm,2025,1.0
C-EEU-BGR,Zone_4A Mixed Humid,rur,q2,perm,2030,1.0
C-EEU-BGR,Zone_4A Mixed Humid,rur,q2,perm,2035,1.0
C-EEU-BGR,Zone_4A Mixed Humid,rur,q2,perm,2040,1.0
C-EEU-BGR,Zone_4A Mixed Humid,rur,q2,perm,2045,1.0
C-EEU-BGR,Zone_4A Mixed Humid,rur,q2,perm,2050,1.0
C-EEU-BGR,Zone_4A Mixed Humid,rur,q2,perm,2055,1.0
C-EEU-BGR,Zone_4A Mixed Humid,rur,q2,perm,2060,1.0
C-EEU-BGR,Zone_4A Mixed Humid,rur,q2,perm,2065,1.0
C-EEU-BGR,Zone_4A Mixed Humid,rur,q2,perm,2070,1.0
C-EEU-BGR,Zone_4A Mixed Humid,rur,q2,perm,2075,1.0
C-EEU-BGR,Zone_4A Mixed Humid,rur,q2,perm,2080,1.0
C-EEU-BGR,Zone_4A Mixed Humid,rur,q2,perm,2085,1.0
C-EEU-BGR,Zone_4A Mixed Humid,rur,q2,perm,2090,1.0
C-EEU-BGR,Zone_4A Mixed Humid,rur,q2,perm,2095,1.0
C-EEU-BGR,Zone_4A Mixed Humid,rur,q2,perm,2100,1.0
C-EEU-BGR,Zone_4A Mixed Humid,rur,q2,sub,2015,0.0
C-EEU-BGR,Zone_4A Mixed Humid,rur,q2,sub,2020,0.0
C-EEU-BGR,Zone_4A Mixed Humid,rur,q2,sub,2025,0.0
C-EEU-BGR,Zone_4A Mixed Humid,rur,q2,sub,2030,0.0
C-EEU-BGR,Zone_4A Mixed Humid,rur,q2,sub,2035,0.0
C-EEU-BGR,Zone_4A Mixed Humid,rur,q2,sub,2040,0.0
C-EEU-BGR,Zone_4A Mixed Humid,rur,q2,sub,2045,0.0
C-EEU-BGR,Zone_4A Mixed Humid,rur,q2,sub,2050,0.0
C-EEU-BGR,Zone_4A Mixed Humid,rur,q2,sub,2055,0.0
C-EEU-BGR,Zone_4A Mixed Humid,rur,q2,sub,2060,0.0
C-EEU-BGR,Zone_4A Mixed Humid,rur,q2,sub,2065,0.0
C-EEU-BGR,Zone_4A Mixed Humid,rur,q2,sub,2070,0.0
C-EEU-BGR,Zone_4A Mixed Humid,rur,q2,sub,2075,0.0
C-EEU-BGR,Zone_4A Mixed Humid,rur,q2,sub,2080,0.0
C-EEU-BGR,Zone_4A Mixed Humid,rur,q2,sub,2085,0.0
C-EEU-BGR,Zone_4A Mixed Humid,rur,q2,sub,2090,0.0
C-EEU-BGR,Zone_4A Mixed Humid,rur,q2,sub,2095,0.0
C-EEU-BGR,Zone_4A Mixed Humid,rur,q2,sub,2100,0.0
C-EEU-BGR,Zone_4A Mixed Humid,rur,q3,perm,2015,1.0
C-EEU-BGR,Zone_4A Mixed Humid,rur,q3,perm,2020,1.0
C-EEU-BGR,Zone_4A Mixed Humid,rur,q3,perm,2025,1.0
C-EEU-BGR,Zone_4A Mixed Humid,rur,q3,perm,2030,1.0
C-EEU-BGR,Zone_4A Mixed Humid,rur,q3,perm,2035,1.0
C-EEU-BGR,Zone_4A Mixed Humid,rur,q3,perm,2040,1.0
C-EEU-BGR,Zone_4A Mixed Humid,rur,q3,perm,2045,1.0
C-EEU-BGR,Zone_4A Mixed Humid,rur,q3,perm,2050,1.0
C-EEU-BGR,Zone_4A Mixed Humid,rur,q3,perm,2055,1.0
C-EEU-BGR,Zone_4A Mixed Humid,rur,q3,perm,2060,1.0
C-EEU-BGR,Zone_4A Mixed Humid,rur,q3,perm,2065,1.0
C-EEU-BGR,Zone_4A Mixed Humid,rur,q3,perm,2070,1.0
C-EEU-BGR,Zone_4A Mixed Humid,rur,q3,perm,2075,1.0
C-EEU-BGR,Zone_4A Mixed Humid,rur,q3,perm,2080,1.0
C-EEU-BGR,Zone_4A Mixed Humid,rur,q3,perm,2085,1.0
C-EEU-BGR,Zone_4A Mixed Humid,rur,q3,perm,2090,1.0
C-EEU-BGR,Zone_4A Mixed Humid,rur,q3,perm,2095,1.0
C-EEU-BGR,Zone_4A Mixed Humid,rur,q3,perm,2100,1.0
C-EEU-BGR,Zone_4A Mixed Humid,rur,q3,sub,2015,0.0
C-EEU-BGR,Zone_4A Mixed Humid,rur,q3,sub,2020,0.0
C-EEU-BGR,Zone_4A Mixed Humid,rur,q3,sub,2025,0.0
C-EEU-BGR,Zone_4A Mixed Humid,rur,q3,sub,2030,0.0
C-EEU-BGR,Zone_4A Mixed Humid,rur,q3,sub,2035,0.0
C-EEU-BGR,Zone_4A Mixed Humid,rur,q3,sub,2040,0.0
C-EEU-BGR,Zone_4A Mixed Humid,rur,q3,sub,2045,0.0
C-EEU-BGR,Zone_4A Mixed Humid,rur,q3,sub,2050,0.0
C-EEU-BGR,Zone_4A Mixed Humid,rur,q3,sub,2055,0.0
C-EEU-BGR,Zone_4A Mixed Humid,rur,q3,sub,2060,0.0
C-EEU-BGR,Zone_4A Mixed Humid,rur,q3,sub,2065,0.0
C-EEU-BGR,Zone_4A Mixed Humid,rur,q3,sub,2070,0.0
C-EEU-BGR,Zone_4A Mixed Humid,rur,q3,sub,2075,0.0
C-EEU-BGR,Zone_4A Mixed Humid,rur,q3,sub,2080,0.0
C-EEU-BGR,Zone_4A Mixed Humid,rur,q3,sub,2085,0.0
C-EEU-BGR,Zone_4A Mixed Humid,rur,q3,sub,2090,0.0
C-EEU-BGR,Zone_4A Mixed Humid,rur,q3,sub,2095,0.0
C-EEU-BGR,Zone_4A Mixed Humid,rur,q3,sub,2100,0.0
C-EEU-BGR,Zone_4A Mixed Humid,urb,q1,perm,2015,1.0
C-EEU-BGR,Zone_4A Mixed Humid,urb,q1,perm,2020,1.0
C-EEU-BGR,Zone_4A Mixed Humid,urb,q1,perm,2025,1.0
C-EEU-BGR,Zone_4A Mixed Humid,urb,q1,perm,2030,1.0
C-EEU-BGR,Zone_4A Mixed Humid,urb,q1,perm,2035,1.0
C-EEU-BGR,Zone_4A Mixed Humid,urb,q1,perm,2040,1.0
C-EEU-BGR,Zone_4A Mixed Humid,urb,q1,perm,2045,1.0
C-EEU-BGR,Zone_4A Mixed Humid,urb,q1,perm,2050,1.0
C-EEU-BGR,Zone_4A Mixed Humid,urb,q1,perm,2055,1.0
C-EEU-BGR,Zone_4A Mixed Humid,urb,q1,perm,2060,1.0
C-EEU-BGR,Zone_4A Mixed Humid,urb,q1,perm,2065,1.0
C-EEU-BGR,Zone_4A Mixed Humid,urb,q1,perm,2070,1.0
C-EEU-BGR,Zone_4A Mixed Humid,urb,q1,perm,2075,1.0
C-EEU-BGR,Zone_4A Mixed Humid,urb,q1,perm,2080,1.0
C-EEU-BGR,Zone_4A Mixed Humid,urb,q1,perm,2085,1.0
C-EEU-BGR,Zone_4A Mixed Humid,urb,q1,perm,2090,1.0
C-EEU-BGR,Zone_4A Mixed Humid,urb,q1,perm,2095,1.0
C-EEU-BGR,Zone_4A Mixed Humid,urb,q1,perm,2100,1.0
C-EEU-BGR,Zone_4A Mixed Humid,urb,q1,sub,2015,0.0
C-EEU-BGR,Zone_4A Mixed Humid,urb,q1,sub,2020,0.0
C-EEU-BGR,Zone_4A Mixed Humid,urb,q1,sub,2025,0.0
C-EEU-BGR,Zone_4A Mixed Humid,urb,q1,sub,2030,0.0
C-EEU-BGR,Zone_4A Mixed Humid,urb,q1,sub,2035,0.0
C-EEU-BGR,Zone_4A Mixed Humid,urb,q1,sub,2040,0.0
C-EEU-BGR,Zone_4A Mixed Humid,urb,q1,sub,2045,0.0
C-EEU-BGR,Zone_4A Mixed Humid,urb,q1,sub,2050,0.0
C-EEU-BGR,Zone_4A Mixed Humid,urb,q1,sub,2055,0.0
C-EEU-BGR,Zone_4A Mixed Humid,urb,q1,sub,2060,0.0
C-EEU-BGR,Zone_4A Mixed Humid,urb,q1,sub,2065,0.0
C-EEU-BGR,Zone_4A Mixed Humid,urb,q1,sub,2070,0.0
C-EEU-BGR,Zone_4A Mixed Humid,urb,q1,sub,2075,0.0
C-EEU-BGR,Zone_4A Mixed Humid,urb,q1,sub,2080,0.0
C-EEU-BGR,Zone_4A Mixed Humid,urb,q1,sub,2085,0.0
C-EEU-BGR,Zone_4A Mixed Humid,urb,q1,sub,2090,0.0
C-EEU-BGR,Zone_4A Mixed Humid,urb,q1,sub,2095,0.0
C-EEU-BGR,Zone_4A Mixed Humid,urb,q1,sub,2100,0.0
C-EEU-BGR,Zone_4A Mixed Humid,urb,q2,perm,2015,1.0
C-EEU-BGR,Zone_4A Mixed Humid,urb,q2,perm,2020,1.0
C-EEU-BGR,Zone_4A Mixed Humid,urb,q2,perm,2025,1.0
C-EEU-BGR,Zone_4A Mixed Humid,urb,q2,perm,2030,1.0
C-EEU-BGR,Zone_4A Mixed Humid,urb,q2,perm,2035,1.0
C-EEU-BGR,Zone_4A Mixed Humid,urb,q2,perm,2040,1.0
C-EEU-BGR,Zone_4A Mixed Humid,urb,q2,perm,2045,1.0
C-EEU-BGR,Zone_4A Mixed Humid,urb,q2,perm,2050,1.0
C-EEU-BGR,Zone_4A Mixed Humid,urb,q2,perm,2055,1.0
C-EEU-BGR,Zone_4A Mixed Humid,urb,q2,perm,2060,1.0
C-EEU-BGR,Zone_4A Mixed Humid,urb,q2,perm,2065,1.0
C-EEU-BGR,Zone_4A Mixed Humid,urb,q2,perm,2070,1.0
C-EEU-BGR,Zone_4A Mixed Humid,urb,q2,perm,2075,1.0
C-EEU-BGR,Zone_4A Mixed Humid,urb,q2,perm,2080,1.0
C-EEU-BGR,Zone_4A Mixed Humid,urb,q2,perm,2085,1.0
C-EEU-BGR,Zone_4A Mixed Humid,urb,q2,perm,2090,1.0
C-EEU-BGR,Zone_4A Mixed Humid,urb,q2,perm,2095,1.0
C-EEU-BGR,Zone_4A Mixed Humid,urb,q2,perm,2100,1.0
C-EEU-BGR,Zone_4A Mixed Humid,urb,q2,sub,2015,0.0
C-EEU-BGR,Zone_4A Mixed Humid,urb,q2,sub,2020,0.0
C-EEU-BGR,Zone_4A Mixed Humid,urb,q2,sub,2025,0.0
C-EEU-BGR,Zone_4A Mixed Humid,urb,q2,sub,2030,0.0
C-EEU-BGR,Zone_4A Mixed Humid,urb,q2,sub,2035,0.0
C-EEU-BGR,Zone_4A Mixed Humid,urb,q2,sub,2040,0.0
C-EEU-BGR,Zone_4A Mixed Humid,urb,q2,sub,2045,0.0
C-EEU-BGR,Zone_4A Mixed Humid,urb,q2,sub,2050,0.0
C-EEU-BGR,Zone_4A Mixed Humid,urb,q2,sub,2055,0.0
C-EEU-BGR,Zone_4A Mixed Humid,urb,q2,sub,2060,0.0
C-EEU-BGR,Zone_4A Mixed Humid,urb,q2,sub,2065,0.0
C-EEU-BGR,Zone_4A Mixed Humid,urb,q2,sub,2070,0.0
C-EEU-BGR,Zone_4A Mixed Humid,urb,q2,sub,2075,0.0
C-EEU-BGR,Zone_4A Mixed Humid,urb,q2,sub,2080,0.0
C-EEU-BGR,Zone_4A Mixed Humid,urb,q2,sub,2085,0.0
C-EEU-BGR,Zone_4A Mixed Humid,urb,q2,sub,2090,0.0
C-EEU-BGR,Zone_4A Mixed Humid,urb,q2,sub,2095,0.0
C-EEU-BGR,Zone_4A Mixed Humid,urb,q2,sub,2100,0.0
C-EEU-BGR,Zone_4A Mixed Humid,urb,q3,perm,2015,1.0
C-EEU-BGR,Zone_4A Mixed Humid,urb,q3,perm,2020,1.0
C-EEU-BGR,Zone_4A Mixed Humid,urb,q3,perm,2025,1.0
C-EEU-BGR,Zone_4A Mixed Humid,urb,q3,perm,2030,1.0
C-EEU-BGR,Zone_4A Mixed Humid,urb,q3,perm,2035,1.0
C-EEU-BGR,Zone_4A Mixed Humid,urb,q3,perm,2040,1.0
C-EEU-BGR,Zone_4A Mixed Humid,urb,q3,perm,2045,1.0
C-EEU-BGR,Zone_4A Mixed Humid,urb,q3,perm,2050,1.0
C-EEU-BGR,Zone_4A Mixed Humid,urb,q3,perm,2055,1.0
C-EEU-BGR,Zone_4A Mixed Humid,urb,q3,perm,2060,1.0
C-EEU-BGR,Zone_4A Mixed Humid,urb,q3,perm,2065,1.0
C-EEU-BGR,Zone_4A Mixed Humid,urb,q3,perm,2070,1.0
C-EEU-BGR,Zone_4A Mixed Humid,urb,q3,perm,2075,1.0
C-EEU-BGR,Zone_4A Mixed Humid,urb,q3,perm,2080,1.0
C-EEU-BGR,Zone_4A Mixed Humid,urb,q3,perm,2085,1.0
C-EEU-BGR,Zone_4A Mixed Humid,urb,q3,perm,2090,1.0
C-EEU-BGR,Zone_4A Mixed Humid,urb,q3,perm,2095,1.0
C-EEU-BGR,Zone_4A Mixed Humid,urb,q3,perm,2100,1.0
C-EEU-BGR,Zone_4A Mixed Humid,urb,q3,sub,2015,0.0
C-EEU-BGR,Zone_4A Mixed Humid,urb,q3,sub,2020,0.0
C-EEU-BGR,Zone_4A Mixed Humid,urb,q3,sub,2025,0.0
C-EEU-BGR,Zone_4A Mixed Humid,urb,q3,sub,2030,0.0
C-EEU-BGR,Zone_4A Mixed Humid,urb,q3,sub,2035,0.0
C-EEU-BGR,Zone_4A Mixed Humid,urb,q3,sub,2040,0.0
C-EEU-BGR,Zone_4A Mixed Humid,urb,q3,sub,2045,0.0
C-EEU-BGR,Zone_4A Mixed Humid,urb,q3,sub,2050,0.0
C-EEU-BGR,Zone_4A Mixed Humid,urb,q3,sub,2055,0.0
C-EEU-BGR,Zone_4A Mixed Humid,urb,q3,sub,2060,0.0
C-EEU-BGR,Zone_4A Mixed Humid,urb,q3,sub,2065,0.0
C-EEU-BGR,Zone_4A Mixed Humid,urb,q3,sub,2070,0.0
C-EEU-BGR,Zone_4A Mixed Humid,urb,q3,sub,2075,0.0
C-EEU-BGR,Zone_4A Mixed Humid,urb,q3,sub,2080,0.0
C-EEU-BGR,Zone_4A Mixed Humid,urb,q3,sub,2085,0.0
C-EEU-BGR,Zone_4A Mixed Humid,urb,q3,sub,2090,0.0
C-EEU-BGR,Zone_4A Mixed Humid,urb,q3,sub,2095,0.0
C-EEU-BGR,Zone_4A Mixed Humid,urb,q3,sub,2100,0.0
C-EEU-BGR,Zone_5A Cool Humid,rur,q1,perm,2015,1.0
C-EEU-BGR,Zone_5A Cool Humid,rur,q1,perm,2020,1.0
C-EEU-BGR,Zone_5A Cool Humid,rur,q1,perm,2025,1.0
C-EEU-BGR,Zone_5A Cool Humid,rur,q1,perm,2030,1.0
C-EEU-BGR,Zone_5A Cool Humid,rur,q1,perm,2035,1.0
C-EEU-BGR,Zone_5A Cool Humid,rur,q1,perm,2040,1.0
C-EEU-BGR,Zone_5A Cool Humid,rur,q1,perm,2045,1.0
C-EEU-BGR,Zone_5A Cool Humid,rur,q1,perm,2050,1.0
C-EEU-BGR,Zone_5A Cool Humid,rur,q1,perm,2055,1.0
C-EEU-BGR,Zone_5A Cool Humid,rur,q1,perm,2060,1.0
C-EEU-BGR,Zone_5A Cool Humid,rur,q1,perm,2065,1.0
C-EEU-BGR,Zone_5A Cool Humid,rur,q1,perm,2070,1.0
C-EEU-BGR,Zone_5A Cool Humid,rur,q1,perm,2075,1.0
C-EEU-BGR,Zone_5A Cool Humid,rur,q1,perm,2080,1.0
C-EEU-BGR,Zone_5A Cool Humid,rur,q1,perm,2085,1.0
C-EEU-BGR,Zone_5A Cool Humid,rur,q1,perm,2090,1.0
C-EEU-BGR,Zone_5A Cool Humid,rur,q1,perm,2095,1.0
C-EEU-BGR,Zone_5A Cool Humid,rur,q1,perm,2100,1.0
C-EEU-BGR,Zone_5A Cool Humid,rur,q1,sub,2015,0.0
C-EEU-BGR,Zone_5A Cool Humid,rur,q1,sub,2020,0.0
C-EEU-BGR,Zone_5A Cool Humid,rur,q1,sub,2025,0.0
C-EEU-BGR,Zone_5A Cool Humid,rur,q1,sub,2030,0.0
C-EEU-BGR,Zone_5A Cool Humid,rur,q1,sub,2035,0.0
C-EEU-BGR,Zone_5A Cool Humid,rur,q1,sub,2040,0.0
C-EEU-BGR,Zone_5A Cool Humid,rur,q1,sub,2045,0.0
C-EEU-BGR,Zone_5A Cool Humid,rur,q1,sub,2050,0.0
C-EEU-BGR,Zone_5A Cool Humid,rur,q1,sub,2055,0.0
C-EEU-BGR,Zone_5A Cool Humid,rur,q1,sub,2060,0.0
C-EEU-BGR,Zone_5A Cool Humid,rur,q1,sub,2065,0.0
C-EEU-BGR,Zone_5A Cool Humid,rur,q1,sub,2070,0.0
C-EEU-BGR,Zone_5A Cool Humid,rur,q1,sub,2075,0.0
C-EEU-BGR,Zone_5A Cool Humid,rur,q1,sub,2080,0.0
C-EEU-BGR,Zone_5A Cool Humid,rur,q1,sub,2085,0.0
C-EEU-BGR,Zone_5A Cool Humid,rur,q1,sub,2090,0.0
C-EEU-BGR,Zone_5A Cool Humid,rur,q1,sub,2095,0.0
C-EEU-BGR,Zone_5A Cool Humid,rur,q1,sub,2100,0.0
C-EEU-BGR,Zone_5A Cool Humid,rur,q2,perm,2015,1.0
C-EEU-BGR,Zone_5A Cool Humid,rur,q2,perm,2020,1.0
C-EEU-BGR,Zone_5A Cool Humid,rur,q2,perm,2025,1.0
C-EEU-BGR,Zone_5A Cool Humid,rur,q2,perm,2030,1.0
C-EEU-BGR,Zone_5A Cool Humid,rur,q2,perm,2035,1.0
C-EEU-BGR,Zone_5A Cool Humid,rur,q2,perm,2040,1.0
C-EEU-BGR,Zone_5A Cool Humid,rur,q2,perm,2045,1.0
C-EEU-BGR,Zone_5A Cool Humid,rur,q2,perm,2050,1.0
C-EEU-BGR,Zone_5A Cool Humid,rur,q2,perm,2055,1.0
C-EEU-BGR,Zone_5A Cool Humid,rur,q2,perm,2060,1.0
C-EEU-BGR,Zone_5A Cool Humid,rur,q2,perm,2065,1.0
C-EEU-BGR,Zone_5A Cool Humid,rur,q2,perm,2070,1.0
C-EEU-BGR,Zone_5A Cool Humid,rur,q2,perm,2075,1.0
C-EEU-BGR,Zone_5A Cool Humid,rur,q2,perm,2080,1.0
C-EEU-BGR,Zone_5A Cool Humid,rur,q2,perm,2085,1.0
C-EEU-BGR,Zone_5A Cool Humid,rur,q2,perm,2090,1.0
C-EEU-BGR,Zone_5A Cool Humid,rur,q2,perm,2095,1.0
C-EEU-BGR,Zone_5A Cool Humid,rur,q2,perm,2100,1.0
C-EEU-BGR,Zone_5A Cool Humid,rur,q2,sub,2015,0.0
C-EEU-BGR,Zone_5A Cool Humid,rur,q2,sub,2020,0.0
C-EEU-BGR,Zone_5A Cool Humid,rur,q2,sub,2025,0.0
C-EEU-BGR,Zone_5A Cool Humid,rur,q2,sub,2030,0.0
C-EEU-BGR,Zone_5A Cool Humid,rur,q2,sub,2035,0.0
C-EEU-BGR,Zone_5A Cool Humid,rur,q2,sub,2040,0.0
C-EEU-BGR,Zone_5A Cool Humid,rur,q2,sub,2045,0.0
C-EEU-BGR,Zone_5A Cool Humid,rur,q2,sub,2050,0.0
C-EEU-BGR,Zone_5A Cool Humid,rur,q2,sub,2055,0.0
C-EEU-BGR,Zone_5A Cool Humid,rur,q2,sub,2060,0.0
C-EEU-BGR,Zone_5A Cool Humid,rur,q2,sub,2065,0.0
C-EEU-BGR,Zone_5A Cool Humid,rur,q2,sub,2070,0.0
C-EEU-BGR,Zone_5A Cool Humid,rur,q2,sub,2075,0.0
C-EEU-BGR,Zone_5A Cool Humid,rur,q2,sub,2080,0.0
C-EEU-BGR,Zone_5A Cool Humid,rur,q2,sub,2085,0.0
C-EEU-BGR,Zone_5A Cool Humid,rur,q2,sub,2090,0.0
C-EEU-BGR,Zone_5A Cool Humid,rur,q2,sub,2095,0.0
C-EEU-BGR,Zone_5A Cool Humid,rur,q2,sub,2100,0.0
C-EEU-BGR,Zone_5A Cool Humid,rur,q3,perm,2015,1.0
C-EEU-BGR,Zone_5A Cool Humid,rur,q3,perm,2020,1.0
C-EEU-BGR,Zone_5A Cool Humid,rur,q3,perm,2025,1.0
C-EEU-BGR,Zone_5A Cool Humid,rur,q3,perm,2030,1.0
C-EEU-BGR,Zone_5A Cool Humid,rur,q3,perm,2035,1.0
C-EEU-BGR,Zone_5A Cool Humid,rur,q3,perm,2040,1.0
C-EEU-BGR,Zone_5A Cool Humid,rur,q3,perm,2045,1.0
C-EEU-BGR,Zone_5A Cool Humid,rur,q3,perm,2050,1.0
C-EEU-BGR,Zone_5A Cool Humid,rur,q3,perm,2055,1.0
C-EEU-BGR,Zone_5A Cool Humid,rur,q3,perm,2060,1.0
C-EEU-BGR,Zone_5A Cool Humid,rur,q3,perm,2065,1.0
C-EEU-BGR,Zone_5A Cool Humid,rur,q3,perm,2070,1.0
C-EEU-BGR,Zone_5A Cool Humid,rur,q3,perm,2075,1.0
C-EEU-BGR,Zone_5A Cool Humid,rur,q3,perm,2080,1.0
C-EEU-BGR,Zone_5A Cool Humid,rur,q3,perm,2085,1.0
C-EEU-BGR,Zone_5A Cool Humid,rur,q3,perm,2090,1.0
C-EEU-BGR,Zone_5A Cool Humid,rur,q3,perm,2095,1.0
C-EEU-BGR,Zone_5A Cool Humid,rur,q3,perm,2100,1.0
C-EEU-BGR,Zone_5A Cool Humid,rur,q3,sub,2015,0.0
C-EEU-BGR,Zone_5A Cool Humid,rur,q3,sub,2020,0.0
C-EEU-BGR,Zone_5A Cool Humid,rur,q3,sub,2025,0.0
C-EEU-BGR,Zone_5A Cool Humid,rur,q3,sub,2030,0.0
C-EEU-BGR,Zone_5A Cool Humid,rur,q3,sub,2035,0.0
C-EEU-BGR,Zone_5A Cool Humid,rur,q3,sub,2040,0.0
C-EEU-BGR,Zone_5A Cool Humid,rur,q3,sub,2045,0.0
C-EEU-BGR,Zone_5A Cool Humid,rur,q3,sub,2050,0.0
C-EEU-BGR,Zone_5A Cool Humid,rur,q3,sub,2055,0.0
C-EEU-BGR,Zone_5A Cool Humid,rur,q3,sub,2060,0.0
C-EEU-BGR,Zone_5A Cool Humid,rur,q3,sub,2065,0.0
C-EEU-BGR,Zone_5A Cool Humid,rur,q3,sub,2070,0.0
C-EEU-BGR,Zone_5A Cool Humid,rur,q3,sub,2075,0.0
C-EEU-BGR,Zone_5A Cool Humid,rur,q3,sub,2080,0.0
C-EEU-BGR,Zone_5A Cool Humid,rur,q3,sub,2085,0.0
C-EEU-BGR,Zone_5A Cool Humid,rur,q3,sub,2090,0.0
C-EEU-BGR,Zone_5A Cool Humid,rur,q3,sub,2095,0.0
C-EEU-BGR,Zone_5A Cool Humid,rur,q3,sub,2100,0.0
C-EEU-BGR,Zone_5A Cool Humid,urb,q1,perm,2015,1.0
C-EEU-BGR,Zone_5A Cool Humid,urb,q1,perm,2020,1.0
C-EEU-BGR,Zone_5A Cool Humid,urb,q1,perm,2025,1.0
C-EEU-BGR,Zone_5A Cool Humid,urb,q1,perm,2030,1.0
C-EEU-BGR,Zone_5A Cool Humid,urb,q1,perm,2035,1.0
C-EEU-BGR,Zone_5A Cool Humid,urb,q1,perm,2040,1.0
C-EEU-BGR,Zone_5A Cool Humid,urb,q1,perm,2045,1.0
C-EEU-BGR,Zone_5A Cool Humid,urb,q1,perm,2050,1.0
C-EEU-BGR,Zone_5A Cool Humid,urb,q1,perm,2055,1.0
C-EEU-BGR,Zone_5A Cool Humid,urb,q1,perm,2060,1.0
C-EEU-BGR,Zone_5A Cool Humid,urb,q1,perm,2065,1.0
C-EEU-BGR,Zone_5A Cool Humid,urb,q1,perm,2070,1.0
C-EEU-BGR,Zone_5A Cool Humid,urb,q1,perm,2075,1.0
C-EEU-BGR,Zone_5A Cool Humid,urb,q1,perm,2080,1.0
C-EEU-BGR,Zone_5A Cool Humid,urb,q1,perm,2085,1.0
C-EEU-BGR,Zone_5A Cool Humid,urb,q1,perm,2090,1.0
C-EEU-BGR,Zone_5A Cool Humid,urb,q1,perm,2095,1.0
C-EEU-BGR,Zone_5A Cool Humid,urb,q1,perm,2100,1.0
C-EEU-BGR,Zone_5A Cool Humid,urb,q1,sub,2015,0.0
C-EEU-BGR,Zone_5A Cool Humid,urb,q1,sub,2020,0.0
C-EEU-BGR,Zone_5A Cool Humid,urb,q1,sub,2025,0.0
C-EEU-BGR,Zone_5A Cool Humid,urb,q1,sub,2030,0.0
C-EEU-BGR,Zone_5A Cool Humid,urb,q1,sub,2035,0.0
C-EEU-BGR,Zone_5A Cool Humid,urb,q1,sub,2040,0.0
C-EEU-BGR,Zone_5A Cool Humid,urb,q1,sub,2045,0.0
C-EEU-BGR,Zone_5A Cool Humid,urb,q1,sub,2050,0.0
C-EEU-BGR,Zone_5A Cool Humid,urb,q1,sub,2055,0.0
C-EEU-BGR,Zone_5A Cool Humid,urb,q1,sub,2060,0.0
C-EEU-BGR,Zone_5A Cool Humid,urb,q1,sub,2065,0.0
C-EEU-BGR,Zone_5A Cool Humid,urb,q1,sub,2070,0.0
C-EEU-BGR,Zone_5A Cool Humid,urb,q1,sub,2075,0.0
C-EEU-BGR,Zone_5A Cool Humid,urb,q1,sub,2080,0.0
C-EEU-BGR,Zone_5A Cool Humid,urb,q1,sub,2085,0.0
C-EEU-BGR,Zone_5A Cool Humid,urb,q1,sub,2090,0.0
C-EEU-BGR,Zone_5A Cool Humid,urb,q1,sub,2095,0.0
C-EEU-BGR,Zone_5A Cool Humid,urb,q1,sub,2100,0.0
C-EEU-BGR,Zone_5A Cool Humid,urb,q2,perm,2015,1.0
C-EEU-BGR,Zone_5A Cool Humid,urb,q2,perm,2020,1.0
C-EEU-BGR,Zone_5A Cool Humid,urb,q2,perm,2025,1.0
C-EEU-BGR,Zone_5A Cool Humid,urb,q2,perm,2030,1.0
C-EEU-BGR,Zone_5A Cool Humid,urb,q2,perm,2035,1.0
C-EEU-BGR,Zone_5A Cool Humid,urb,q2,perm,2040,1.0
C-EEU-BGR,Zone_5A Cool Humid,urb,q2,perm,2045,1.0
C-EEU-BGR,Zone_5A Cool Humid,urb,q2,perm,2050,1.0
C-EEU-BGR,Zone_5A Cool Humid,urb,q2,perm,2055,1.0
C-EEU-BGR,Zone_5A Cool Humid,urb,q2,perm,2060,1.0
C-EEU-BGR,Zone_5A Cool Humid,urb,q2,perm,2065,1.0
C-EEU-BGR,Zone_5A Cool Humid,urb,q2,perm,2070,1.0
C-EEU-BGR,Zone_5A Cool Humid,urb,q2,perm,2075,1.0
C-EEU-BGR,Zone_5A Cool Humid,urb,q2,perm,2080,1.0
C-EEU-BGR,Zone_5A Cool Humid,urb,q2,perm,2085,1.0
C-EEU-BGR,Zone_5A Cool Humid,urb,q2,perm,2090,1.0
C-EEU-BGR,Zone_5A Cool Humid,urb,q2,perm,2095,1.0
C-EEU-BGR,Zone_5A Cool Humid,urb,q2,perm,2100,1.0
C-EEU-BGR,Zone_5A Cool Humid,urb,q2,sub,2015,0.0
C-EEU-BGR,Zone_5A Cool Humid,urb,q2,sub,2020,0.0
C-EEU-BGR,Zone_5A Cool Humid,urb,q2,sub,2025,0.0
C-EEU-BGR,Zone_5A Cool Humid,urb,q2,sub,2030,0.0
C-EEU-BGR,Zone_5A Cool Humid,urb,q2,sub,2035,0.0
C-EEU-BGR,Zone_5A Cool Humid,urb,q2,sub,2040,0.0
C-EEU-BGR,Zone_5A Cool Humid,urb,q2,sub,2045,0.0
C-EEU-BGR,Zone_5A Cool Humid,urb,q2,sub,2050,0.0
C-EEU-BGR,Zone_5A Cool Humid,urb,q2,sub,2055,0.0
C-EEU-BGR,Zone_5A Cool Humid,urb,q2,sub,2060,0.0
C-EEU-BGR,Zone_5A Cool Humid,urb,q2,sub,2065,0.0
C-EEU-BGR,Zone_5A Cool Humid,urb,q2,sub,2070,0.0
C-EEU-BGR,Zone_5A Cool Humid,urb,q2,sub,2075,0.0
C-EEU-BGR,Zone_5A Cool Humid,urb,q2,sub,2080,0.0
C-EEU-BGR,Zone_5A Cool Humid,urb,q2,sub,2085,0.0
C-EEU-BGR,Zone_5A Cool Humid,urb,q2,sub,2090,0.0
C-EEU-BGR,Zone_5A Cool Humid,urb,q2,sub,2095,0.0
C-EEU-BGR,Zone_5A Cool Humid,urb,q2,sub,2100,0.0
C-EEU-BGR,Zone_5A Cool Humid,urb,q3,perm,2015,1.0
C-EEU-BGR,Zone_5A Cool Humid,urb,q3,perm,2020,1.0
C-EEU-BGR,Zone_5A Cool Humid,urb,q3,perm,2025,1.0
C-EEU-BGR,Zone_5A Cool Humid,urb,q3,perm,2030,1.0
C-EEU-BGR,Zone_5A Cool Humid,urb,q3,perm,2035,1.0
C-EEU-BGR,Zone_5A Cool Humid,urb,q3,perm,2040,1.0
C-EEU-BGR,Zone_5A Cool Humid,urb,q3,perm,2045,1.0
C-EEU-BGR,Zone_5A Cool Humid,urb,q3,perm,2050,1.0
C-EEU-BGR,Zone_5A Cool Humid,urb,q3,perm,2055,1.0
C-EEU-BGR,Zone_5A Cool Humid,urb,q3,perm,2060,1.0
C-EEU-BGR,Zone_5A Cool Humid,urb,q3,perm,2065,1.0
C-EEU-BGR,Zone_5A Cool Humid,urb,q3,perm,2070,1.0
C-EEU-BGR,Zone_5A Cool Humid,urb,q3,perm,2075,1.0
C-EEU-BGR,Zone_5A Cool Humid,urb,q3,perm,2080,1.0
C-EEU-BGR,Zone_5A Cool Humid,urb,q3,perm,2085,1.0
C-EEU-BGR,Zone_5A Cool Humid,urb,q3,perm,2090,1.0
C-EEU-BGR,Zone_5A Cool Humid,urb,q3,perm,2095,1.0
C-EEU-BGR,Zone_5A Cool Humid,urb,q3,perm,2100,1.0
C-EEU-BGR,Zone_5A Cool Humid,urb,q3,sub,2015,0.0
C-EEU-BGR,Zone_5A Cool Humid,urb,q3,sub,2020,0.0
C-EEU-BGR,Zone_5A Cool Humid,urb,q3,sub,2025,0.0
C-EEU-BGR,Zone_5A Cool Humid,urb,q3,sub,2030,0.0
C-EEU-BGR,Zone_5A Cool Humid,urb,q3,sub,2035,0.0
C-EEU-BGR,Zone_5A Cool Humid,urb,q3,sub,2040,0.0
C-EEU-BGR,Zone_5A Cool Humid,urb,q3,sub,2045,0.0
C-EEU-BGR,Zone_5A Cool Humid,urb,q3,sub,2050,0.0
C-EEU-BGR,Zone_5A Cool Humid,urb,q3,sub,2055,0.0
C-EEU-BGR,Zone_5A Cool Humid,urb,q3,sub,2060,0.0
C-EEU-BGR,Zone_5A Cool Humid,urb,q3,sub,2065,0.0
C-EEU-BGR,Zone_5A Cool Humid,urb,q3,sub,2070,0.0
C-EEU-BGR,Zone_5A Cool Humid,urb,q3,sub,2075,0.0
C-EEU-BGR,Zone_5A Cool Humid,urb,q3,sub,2080,0.0
C-EEU-BGR,Zone_5A Cool Humid,urb,q3,sub,2085,0.0
C-EEU-BGR,Zone_5A Cool Humid,urb,q3,sub,2090,0.0
C-EEU-BGR,Zone_5A Cool Humid,urb,q3,sub,2095,0.0
C-EEU-BGR,Zone_5A Cool Humid,urb,q3,sub,2100,0.0
C-EEU-CZE,Zone_5A Cool Humid,rur,q1,perm,2015,1.0
C-EEU-CZE,Zone_5A Cool Humid,rur,q1,perm,2020,1.0
C-EEU-CZE,Zone_5A Cool Humid,rur,q1,perm,2025,1.0
C-EEU-CZE,Zone_5A Cool Humid,rur,q1,perm,2030,1.0
C-EEU-CZE,Zone_5A Cool Humid,rur,q1,perm,2035,1.0
C-EEU-CZE,Zone_5A Cool Humid,rur,q1,perm,2040,1.0
C-EEU-CZE,Zone_5A Cool Humid,rur,q1,perm,2045,1.0
C-EEU-CZE,Zone_5A Cool Humid,rur,q1,perm,2050,1.0
C-EEU-CZE,Zone_5A Cool Humid,rur,q1,perm,2055,1.0
C-EEU-CZE,Zone_5A Cool Humid,rur,q1,perm,2060,1.0
C-EEU-CZE,Zone_5A Cool Humid,rur,q1,perm,2065,1.0
C-EEU-CZE,Zone_5A Cool Humid,rur,q1,perm,2070,1.0
C-EEU-CZE,Zone_5A Cool Humid,rur,q1,perm,2075,1.0
C-EEU-CZE,Zone_5A Cool Humid,rur,q1,perm,2080,1.0
C-EEU-CZE,Zone_5A Cool Humid,rur,q1,perm,2085,1.0
C-EEU-CZE,Zone_5A Cool Humid,rur,q1,perm,2090,1.0
C-EEU-CZE,Zone_5A Cool Humid,rur,q1,perm,2095,1.0
C-EEU-CZE,Zone_5A Cool Humid,rur,q1,perm,2100,1.0
C-EEU-CZE,Zone_5A Cool Humid,rur,q1,sub,2015,0.0
C-EEU-CZE,Zone_5A Cool Humid,rur,q1,sub,2020,0.0
C-EEU-CZE,Zone_5A Cool Humid,rur,q1,sub,2025,0.0
C-EEU-CZE,Zone_5A Cool Humid,rur,q1,sub,2030,0.0
C-EEU-CZE,Zone_5A Cool Humid,rur,q1,sub,2035,0.0
C-EEU-CZE,Zone_5A Cool Humid,rur,q1,sub,2040,0.0
C-EEU-CZE,Zone_5A Cool Humid,rur,q1,sub,2045,0.0
C-EEU-CZE,Zone_5A Cool Humid,rur,q1,sub,2050,0.0
C-EEU-CZE,Zone_5A Cool Humid,rur,q1,sub,2055,0.0
C-EEU-CZE,Zone_5A Cool Humid,rur,q1,sub,2060,0.0
C-EEU-CZE,Zone_5A Cool Humid,rur,q1,sub,2065,0.0
C-EEU-CZE,Zone_5A Cool Humid,rur,q1,sub,2070,0.0
C-EEU-CZE,Zone_5A Cool Humid,rur,q1,sub,2075,0.0
C-EEU-CZE,Zone_5A Cool Humid,rur,q1,sub,2080,0.0
C-EEU-CZE,Zone_5A Cool Humid,rur,q1,sub,2085,0.0
C-EEU-CZE,Zone_5A Cool Humid,rur,q1,sub,2090,0.0
C-EEU-CZE,Zone_5A Cool Humid,rur,q1,sub,2095,0.0
C-EEU-CZE,Zone_5A Cool Humid,rur,q1,sub,2100,0.0
C-EEU-CZE,Zone_5A Cool Humid,rur,q2,perm,2015,1.0
C-EEU-CZE,Zone_5A Cool Humid,rur,q2,perm,2020,1.0
C-EEU-CZE,Zone_5A Cool Humid,rur,q2,perm,2025,1.0
C-EEU-CZE,Zone_5A Cool Humid,rur,q2,perm,2030,1.0
C-EEU-CZE,Zone_5A Cool Humid,rur,q2,perm,2035,1.0
C-EEU-CZE,Zone_5A Cool Humid,rur,q2,perm,2040,1.0
C-EEU-CZE,Zone_5A Cool Humid,rur,q2,perm,2045,1.0
C-EEU-CZE,Zone_5A Cool Humid,rur,q2,perm,2050,1.0
C-EEU-CZE,Zone_5A Cool Humid,rur,q2,perm,2055,1.0
C-EEU-CZE,Zone_5A Cool Humid,rur,q2,perm,2060,1.0
C-EEU-CZE,Zone_5A Cool Humid,rur,q2,perm,2065,1.0
C-EEU-CZE,Zone_5A Cool Humid,rur,q2,perm,2070,1.0
C-EEU-CZE,Zone_5A Cool Humid,rur,q2,perm,2075,1.0
C-EEU-CZE,Zone_5A Cool Humid,rur,q2,perm,2080,1.0
C-EEU-CZE,Zone_5A Cool Humid,rur,q2,perm,2085,1.0
C-EEU-CZE,Zone_5A Cool Humid,rur,q2,perm,2090,1.0
C-EEU-CZE,Zone_5A Cool Humid,rur,q2,perm,2095,1.0
C-EEU-CZE,Zone_5A Cool Humid,rur,q2,perm,2100,1.0
C-EEU-CZE,Zone_5A Cool Humid,rur,q2,sub,2015,0.0
C-EEU-CZE,Zone_5A Cool Humid,rur,q2,sub,2020,0.0
C-EEU-CZE,Zone_5A Cool Humid,rur,q2,sub,2025,0.0
C-EEU-CZE,Zone_5A Cool Humid,rur,q2,sub,2030,0.0
C-EEU-CZE,Zone_5A Cool Humid,rur,q2,sub,2035,0.0
C-EEU-CZE,Zone_5A Cool Humid,rur,q2,sub,2040,0.0
C-EEU-CZE,Zone_5A Cool Humid,rur,q2,sub,2045,0.0
C-EEU-CZE,Zone_5A Cool Humid,rur,q2,sub,2050,0.0
C-EEU-CZE,Zone_5A Cool Humid,rur,q2,sub,2055,0.0
C-EEU-CZE,Zone_5A Cool Humid,rur,q2,sub,2060,0.0
C-EEU-CZE,Zone_5A Cool Humid,rur,q2,sub,2065,0.0
C-EEU-CZE,Zone_5A Cool Humid,rur,q2,sub,2070,0.0
C-EEU-CZE,Zone_5A Cool Humid,rur,q2,sub,2075,0.0
C-EEU-CZE,Zone_5A Cool Humid,rur,q2,sub,2080,0.0
C-EEU-CZE,Zone_5A Cool Humid,rur,q2,sub,2085,0.0
C-EEU-CZE,Zone_5A Cool Humid,rur,q2,sub,2090,0.0
C-EEU-CZE,Zone_5A Cool Humid,rur,q2,sub,2095,0.0
C-EEU-CZE,Zone_5A Cool Humid,rur,q2,sub,2100,0.0
C-EEU-CZE,Zone_5A Cool Humid,rur,q3,perm,2015,1.0
C-EEU-CZE,Zone_5A Cool Humid,rur,q3,perm,2020,1.0
C-EEU-CZE,Zone_5A Cool Humid,rur,q3,perm,2025,1.0
C-EEU-CZE,Zone_5A Cool Humid,rur,q3,perm,2030,1.0
C-EEU-CZE,Zone_5A Cool Humid,rur,q3,perm,2035,1.0
C-EEU-CZE,Zone_5A Cool Humid,rur,q3,perm,2040,1.0
C-EEU-CZE,Zone_5A Cool Humid,rur,q3,perm,2045,1.0
C-EEU-CZE,Zone_5A Cool Humid,rur,q3,perm,2050,1.0
C-EEU-CZE,Zone_5A Cool Humid,rur,q3,perm,2055,1.0
C-EEU-CZE,Zone_5A Cool Humid,rur,q3,perm,2060,1.0
C-EEU-CZE,Zone_5A Cool Humid,rur,q3,perm,2065,1.0
C-EEU-CZE,Zone_5A Cool Humid,rur,q3,perm,2070,1.0
C-EEU-CZE,Zone_5A Cool Humid,rur,q3,perm,2075,1.0
C-EEU-CZE,Zone_5A Cool Humid,rur,q3,perm,2080,1.0
C-EEU-CZE,Zone_5A Cool Humid,rur,q3,perm,2085,1.0
C-EEU-CZE,Zone_5A Cool Humid,rur,q3,perm,2090,1.0
C-EEU-CZE,Zone_5A Cool Humid,rur,q3,perm,2095,1.0
C-EEU-CZE,Zone_5A Cool Humid,rur,q3,perm,2100,1.0
C-EEU-CZE,Zone_5A Cool Humid,rur,q3,sub,2015,0.0
C-EEU-CZE,Zone_5A Cool Humid,rur,q3,sub,2020,0.0
C-EEU-CZE,Zone_5A Cool Humid,rur,q3,sub,2025,0.0
C-EEU-CZE,Zone_5A Cool Humid,rur,q3,sub,2030,0.0
C-EEU-CZE,Zone_5A Cool Humid,rur,q3,sub,2035,0.0
C-EEU-CZE,Zone_5A Cool Humid,rur,q3,sub,2040,0.0
C-EEU-CZE,Zone_5A Cool Humid,rur,q3,sub,2045,0.0
C-EEU-CZE,Zone_5A Cool Humid,rur,q3,sub,2050,0.0
C-EEU-CZE,Zone_5A Cool Humid,rur,q3,sub,2055,0.0
C-EEU-CZE,Zone_5A Cool Humid,rur,q3,sub,2060,0.0
C-EEU-CZE,Zone_5A Cool Humid,rur,q3,sub,2065,0.0
C-EEU-CZE,Zone_5A Cool Humid,rur,q3,sub,2070,0.0
C-EEU-CZE,Zone_5A Cool Humid,rur,q3,sub,2075,0.0
C-EEU-CZE,Zone_5A Cool Humid,rur,q3,sub,2080,0.0
C-EEU-CZE,Zone_5A Cool Humid,rur,q3,sub,2085,0.0
C-EEU-CZE,Zone_5A Cool Humid,rur,q3,sub,2090,0.0
C-EEU-CZE,Zone_5A Cool Humid,rur,q3,sub,2095,0.0
C-EEU-CZE,Zone_5A Cool Humid,rur,q3,sub,2100,0.0
C-EEU-CZE,Zone_5A Cool Humid,urb,q1,perm,2015,1.0
C-EEU-CZE,Zone_5A Cool Humid,urb,q1,perm,2020,1.0
C-EEU-CZE,Zone_5A Cool Humid,urb,q1,perm,2025,1.0
C-EEU-CZE,Zone_5A Cool Humid,urb,q1,perm,2030,1.0
C-EEU-CZE,Zone_5A Cool Humid,urb,q1,perm,2035,1.0
C-EEU-CZE,Zone_5A Cool Humid,urb,q1,perm,2040,1.0
C-EEU-CZE,Zone_5A Cool Humid,urb,q1,perm,2045,1.0
C-EEU-CZE,Zone_5A Cool Humid,urb,q1,perm,2050,1.0
C-EEU-CZE,Zone_5A Cool Humid,urb,q1,perm,2055,1.0
C-EEU-CZE,Zone_5A Cool Humid,urb,q1,perm,2060,1.0
C-EEU-CZE,Zone_5A Cool Humid,urb,q1,perm,2065,1.0
C-EEU-CZE,Zone_5A Cool Humid,urb,q1,perm,2070,1.0
C-EEU-CZE,Zone_5A Cool Humid,urb,q1,perm,2075,1.0
C-EEU-CZE,Zone_5A Cool Humid,urb,q1,perm,2080,1.0
C-EEU-CZE,Zone_5A Cool Humid,urb,q1,perm,2085,1.0
C-EEU-CZE,Zone_5A Cool Humid,urb,q1,perm,2090,1.0
C-EEU-CZE,Zone_5A Cool Humid,urb,q1,perm,2095,1.0
C-EEU-CZE,Zone_5A Cool Humid,urb,q1,perm,2100,1.0
C-EEU-CZE,Zone_5A Cool Humid,urb,q1,sub,2015,0.0
C-EEU-CZE,Zone_5A Cool Humid,urb,q1,sub,2020,0.0
C-EEU-CZE,Zone_5A Cool Humid,urb,q1,sub,2025,0.0
C-EEU-CZE,Zone_5A Cool Humid,urb,q1,sub,2030,0.0
C-EEU-CZE,Zone_5A Cool Humid,urb,q1,sub,2035,0.0
C-EEU-CZE,Zone_5A Cool Humid,urb,q1,sub,2040,0.0
C-EEU-CZE,Zone_5A Cool Humid,urb,q1,sub,2045,0.0
C-EEU-CZE,Zone_5A Cool Humid,urb,q1,sub,2050,0.0
C-EEU-CZE,Zone_5A Cool Humid,urb,q1,sub,2055,0.0
C-EEU-CZE,Zone_5A Cool Humid,urb,q1,sub,2060,0.0
C-EEU-CZE,Zone_5A Cool Humid,urb,q1,sub,2065,0.0
C-EEU-CZE,Zone_5A Cool Humid,urb,q1,sub,2070,0.0
C-EEU-CZE,Zone_5A Cool Humid,urb,q1,sub,2075,0.0
C-EEU-CZE,Zone_5A Cool Humid,urb,q1,sub,2080,0.0
C-EEU-CZE,Zone_5A Cool Humid,urb,q1,sub,2085,0.0
C-EEU-CZE,Zone_5A Cool Humid,urb,q1,sub,2090,0.0
C-EEU-CZE,Zone_5A Cool Humid,urb,q1,sub,2095,0.0
C-EEU-CZE,Zone_5A Cool Humid,urb,q1,sub,2100,0.0
C-EEU-CZE,Zone_5A Cool Humid,urb,q2,perm,2015,1.0
C-EEU-CZE,Zone_5A Cool Humid,urb,q2,perm,2020,1.0
C-EEU-CZE,Zone_5A Cool Humid,urb,q2,perm,2025,1.0
C-EEU-CZE,Zone_5A Cool Humid,urb,q2,perm,2030,1.0
C-EEU-CZE,Zone_5A Cool Humid,urb,q2,perm,2035,1.0
C-EEU-CZE,Zone_5A Cool Humid,urb,q2,perm,2040,1.0
C-EEU-CZE,Zone_5A Cool Humid,urb,q2,perm,2045,1.0
C-EEU-CZE,Zone_5A Cool Humid,urb,q2,perm,2050,1.0
C-EEU-CZE,Zone_5A Cool Humid,urb,q2,perm,2055,1.0
C-EEU-CZE,Zone_5A Cool Humid,urb,q2,perm,2060,1.0
C-EEU-CZE,Zone_5A Cool Humid,urb,q2,perm,2065,1.0
C-EEU-CZE,Zone_5A Cool Humid,urb,q2,perm,2070,1.0
C-EEU-CZE,Zone_5A Cool Humid,urb,q2,perm,2075,1.0
C-EEU-CZE,Zone_5A Cool Humid,urb,q2,perm,2080,1.0
C-EEU-CZE,Zone_5A Cool Humid,urb,q2,perm,2085,1.0
C-EEU-CZE,Zone_5A Cool Humid,urb,q2,perm,2090,1.0
C-EEU-CZE,Zone_5A Cool Humid,urb,q2,perm,2095,1.0
C-EEU-CZE,Zone_5A Cool Humid,urb,q2,perm,2100,1.0
C-EEU-CZE,Zone_5A Cool Humid,urb,q2,sub,2015,0.0
C-EEU-CZE,Zone_5A Cool Humid,urb,q2,sub,2020,0.0
C-EEU-CZE,Zone_5A Cool Humid,urb,q2,sub,2025,0.0
C-EEU-CZE,Zone_5A Cool Humid,urb,q2,sub,2030,0.0
C-EEU-CZE,Zone_5A Cool Humid,urb,q2,sub,2035,0.0
C-EEU-CZE,Zone_5A Cool Humid,urb,q2,sub,2040,0.0
C-EEU-CZE,Zone_5A Cool Humid,urb,q2,sub,2045,0.0
C-EEU-CZE,Zone_5A Cool Humid,urb,q2,sub,2050,0.0
C-EEU-CZE,Zone_5A Cool Humid,urb,q2,sub,2055,0.0
C-EEU-CZE,Zone_5A Cool Humid,urb,q2,sub,2060,0.0
C-EEU-CZE,Zone_5A Cool Humid,urb,q2,sub,2065,0.0
C-EEU-CZE,Zone_5A Cool Humid,urb,q2,sub,2070,0.0
C-EEU-CZE,Zone_5A Cool Humid,urb,q2,sub,2075,0.0
C-EEU-CZE,Zone_5A Cool Humid,urb,q2,sub,2080,0.0
C-EEU-CZE,Zone_5A Cool Humid,urb,q2,sub,2085,0.0
C-EEU-CZE,Zone_5A Cool Humid,urb,q2,sub,2090,0.0
C-EEU-CZE,Zone_5A Cool Humid,urb,q2,sub,2095,0.0
C-EEU-CZE,Zone_5A Cool Humid,urb,q2,sub,2100,0.0
C-EEU-CZE,Zone_5A Cool Humid,urb,q3,perm,2015,1.0
C-EEU-CZE,Zone_5A Cool Humid,urb,q3,perm,2020,1.0
C-EEU-CZE,Zone_5A Cool Humid,urb,q3,perm,2025,1.0
C-EEU-CZE,Zone_5A Cool Humid,urb,q3,perm,2030,1.0
C-EEU-CZE,Zone_5A Cool Humid,urb,q3,perm,2035,1.0
C-EEU-CZE,Zone_5A Cool Humid,urb,q3,perm,2040,1.0
C-EEU-CZE,Zone_5A Cool Humid,urb,q3,perm,2045,1.0
C-EEU-CZE,Zone_5A Cool Humid,urb,q3,perm,2050,1.0
C-EEU-CZE,Zone_5A Cool Humid,urb,q3,perm,2055,1.0
C-EEU-CZE,Zone_5A Cool Humid,urb,q3,perm,2060,1.0
C-EEU-CZE,Zone_5A Cool Humid,urb,q3,perm,2065,1.0
C-EEU-CZE,Zone_5A Cool Humid,urb,q3,perm,2070,1.0
C-EEU-CZE,Zone_5A Cool Humid,urb,q3,perm,2075,1.0
C-EEU-CZE,Zone_5A Cool Humid,urb,q3,perm,2080,1.0
C-EEU-CZE,Zone_5A Cool Humid,urb,q3,perm,2085,1.0
C-EEU-CZE,Zone_5A Cool Humid,urb,q3,perm,2090,1.0
C-EEU-CZE,Zone_5A Cool Humid,urb,q3,perm,2095,1.0
C-EEU-CZE,Zone_5A Cool Humid,urb,q3,perm,2100,1.0
C-EEU-CZE,Zone_5A Cool Humid,urb,q3,sub,2015,0.0
C-EEU-CZE,Zone_5A Cool Humid,urb,q3,sub,2020,0.0
C-EEU-CZE,Zone_5A Cool Humid,urb,q3,sub,2025,0.0
C-EEU-CZE,Zone_5A Cool Humid,urb,q3,sub,2030,0.0
C-EEU-CZE,Zone_5A Cool Humid,urb,q3,sub,2035,0.0
C-EEU-CZE,Zone_5A Cool Humid,urb,q3,sub,2040,0.0
C-EEU-CZE,Zone_5A Cool Humid,urb,q3,sub,2045,0.0
C-EEU-CZE,Zone_5A Cool Humid,urb,q3,sub,2050,0.0
C-EEU-CZE,Zone_5A Cool Humid,urb,q3,sub,2055,0.0
C-EEU-CZE,Zone_5A Cool Humid,urb,q3,sub,2060,0.0
C-EEU-CZE,Zone_5A Cool Humid,urb,q3,sub,2065,0.0
C-EEU-CZE,Zone_5A Cool Humid,urb,q3,sub,2070,0.0
C-EEU-CZE,Zone_5A Cool Humid,urb,q3,sub,2075,0.0
C-EEU-CZE,Zone_5A Cool Humid,urb,q3,sub,2080,0.0
C-EEU-CZE,Zone_5A Cool Humid,urb,q3,sub,2085,0.0
C-EEU-CZE,Zone_5A Cool Humid,urb,q3,sub,2090,0.0
C-EEU-CZE,Zone_5A Cool Humid,urb,q3,sub,2095,0.0
C-EEU-CZE,Zone_5A Cool Humid,urb,q3,sub,2100,0.0
C-EEU-EST,Zone_6A Cold Humid,rur,q1,perm,2015,1.0
C-EEU-EST,Zone_6A Cold Humid,rur,q1,perm,2020,1.0
C-EEU-EST,Zone_6A Cold Humid,rur,q1,perm,2025,1.0
C-EEU-EST,Zone_6A Cold Humid,rur,q1,perm,2030,1.0
C-EEU-EST,Zone_6A Cold Humid,rur,q1,perm,2035,1.0
C-EEU-EST,Zone_6A Cold Humid,rur,q1,perm,2040,1.0
C-EEU-EST,Zone_6A Cold Humid,rur,q1,perm,2045,1.0
C-EEU-EST,Zone_6A Cold Humid,rur,q1,perm,2050,1.0
C-EEU-EST,Zone_6A Cold Humid,rur,q1,perm,2055,1.0
C-EEU-EST,Zone_6A Cold Humid,rur,q1,perm,2060,1.0
C-EEU-EST,Zone_6A Cold Humid,rur,q1,perm,2065,1.0
C-EEU-EST,Zone_6A Cold Humid,rur,q1,perm,2070,1.0
C-EEU-EST,Zone_6A Cold Humid,rur,q1,perm,2075,1.0
C-EEU-EST,Zone_6A Cold Humid,rur,q1,perm,2080,1.0
C-EEU-EST,Zone_6A Cold Humid,rur,q1,perm,2085,1.0
C-EEU-EST,Zone_6A Cold Humid,rur,q1,perm,2090,1.0
C-EEU-EST,Zone_6A Cold Humid,rur,q1,perm,2095,1.0
C-EEU-EST,Zone_6A Cold Humid,rur,q1,perm,2100,1.0
C-EEU-EST,Zone_6A Cold Humid,rur,q1,sub,2015,0.0
C-EEU-EST,Zone_6A Cold Humid,rur,q1,sub,2020,0.0
C-EEU-EST,Zone_6A Cold Humid,rur,q1,sub,2025,0.0
C-EEU-EST,Zone_6A Cold Humid,rur,q1,sub,2030,0.0
C-EEU-EST,Zone_6A Cold Humid,rur,q1,sub,2035,0.0
C-EEU-EST,Zone_6A Cold Humid,rur,q1,sub,2040,0.0
C-EEU-EST,Zone_6A Cold Humid,rur,q1,sub,2045,0.0
C-EEU-EST,Zone_6A Cold Humid,rur,q1,sub,2050,0.0
C-EEU-EST,Zone_6A Cold Humid,rur,q1,sub,2055,0.0
C-EEU-EST,Zone_6A Cold Humid,rur,q1,sub,2060,0.0
C-EEU-EST,Zone_6A Cold Humid,rur,q1,sub,2065,0.0
C-EEU-EST,Zone_6A Cold Humid,rur,q1,sub,2070,0.0
C-EEU-EST,Zone_6A Cold Humid,rur,q1,sub,2075,0.0
C-EEU-EST,Zone_6A Cold Humid,rur,q1,sub,2080,0.0
C-EEU-EST,Zone_6A Cold Humid,rur,q1,sub,2085,0.0
C-EEU-EST,Zone_6A Cold Humid,rur,q1,sub,2090,0.0
C-EEU-EST,Zone_6A Cold Humid,rur,q1,sub,2095,0.0
C-EEU-EST,Zone_6A Cold Humid,rur,q1,sub,2100,0.0
C-EEU-EST,Zone_6A Cold Humid,rur,q2,perm,2015,1.0
C-EEU-EST,Zone_6A Cold Humid,rur,q2,perm,2020,1.0
C-EEU-EST,Zone_6A Cold Humid,rur,q2,perm,2025,1.0
C-EEU-EST,Zone_6A Cold Humid,rur,q2,perm,2030,1.0
C-EEU-EST,Zone_6A Cold Humid,rur,q2,perm,2035,1.0
C-EEU-EST,Zone_6A Cold Humid,rur,q2,perm,2040,1.0
C-EEU-EST,Zone_6A Cold Humid,rur,q2,perm,2045,1.0
C-EEU-EST,Zone_6A Cold Humid,rur,q2,perm,2050,1.0
C-EEU-EST,Zone_6A Cold Humid,rur,q2,perm,2055,1.0
C-EEU-EST,Zone_6A Cold Humid,rur,q2,perm,2060,1.0
C-EEU-EST,Zone_6A Cold Humid,rur,q2,perm,2065,1.0
C-EEU-EST,Zone_6A Cold Humid,rur,q2,perm,2070,1.0
C-EEU-EST,Zone_6A Cold Humid,rur,q2,perm,2075,1.0
C-EEU-EST,Zone_6A Cold Humid,rur,q2,perm,2080,1.0
C-EEU-EST,Zone_6A Cold Humid,rur,q2,perm,2085,1.0
C-EEU-EST,Zone_6A Cold Humid,rur,q2,perm,2090,1.0
C-EEU-EST,Zone_6A Cold Humid,rur,q2,perm,2095,1.0
C-EEU-EST,Zone_6A Cold Humid,rur,q2,perm,2100,1.0
C-EEU-EST,Zone_6A Cold Humid,rur,q2,sub,2015,0.0
C-EEU-EST,Zone_6A Cold Humid,rur,q2,sub,2020,0.0
C-EEU-EST,Zone_6A Cold Humid,rur,q2,sub,2025,0.0
C-EEU-EST,Zone_6A Cold Humid,rur,q2,sub,2030,0.0
C-EEU-EST,Zone_6A Cold Humid,rur,q2,sub,2035,0.0
C-EEU-EST,Zone_6A Cold Humid,rur,q2,sub,2040,0.0
C-EEU-EST,Zone_6A Cold Humid,rur,q2,sub,2045,0.0
C-EEU-EST,Zone_6A Cold Humid,rur,q2,sub,2050,0.0
C-EEU-EST,Zone_6A Cold Humid,rur,q2,sub,2055,0.0
C-EEU-EST,Zone_6A Cold Humid,rur,q2,sub,2060,0.0
C-EEU-EST,Zone_6A Cold Humid,rur,q2,sub,2065,0.0
C-EEU-EST,Zone_6A Cold Humid,rur,q2,sub,2070,0.0
C-EEU-EST,Zone_6A Cold Humid,rur,q2,sub,2075,0.0
C-EEU-EST,Zone_6A Cold Humid,rur,q2,sub,2080,0.0
C-EEU-EST,Zone_6A Cold Humid,rur,q2,sub,2085,0.0
C-EEU-EST,Zone_6A Cold Humid,rur,q2,sub,2090,0.0
C-EEU-EST,Zone_6A Cold Humid,rur,q2,sub,2095,0.0
C-EEU-EST,Zone_6A Cold Humid,rur,q2,sub,2100,0.0
C-EEU-EST,Zone_6A Cold Humid,rur,q3,perm,2015,1.0
C-EEU-EST,Zone_6A Cold Humid,rur,q3,perm,2020,1.0
C-EEU-EST,Zone_6A Cold Humid,rur,q3,perm,2025,1.0
C-EEU-EST,Zone_6A Cold Humid,rur,q3,perm,2030,1.0
C-EEU-EST,Zone_6A Cold Humid,rur,q3,perm,2035,1.0
C-EEU-EST,Zone_6A Cold Humid,rur,q3,perm,2040,1.0
C-EEU-EST,Zone_6A Cold Humid,rur,q3,perm,2045,1.0
C-EEU-EST,Zone_6A Cold Humid,rur,q3,perm,2050,1.0
C-EEU-EST,Zone_6A Cold Humid,rur,q3,perm,2055,1.0
C-EEU-EST,Zone_6A Cold Humid,rur,q3,perm,2060,1.0
C-EEU-EST,Zone_6A Cold Humid,rur,q3,perm,2065,1.0
C-EEU-EST,Zone_6A Cold Humid,rur,q3,perm,2070,1.0
C-EEU-EST,Zone_6A Cold Humid,rur,q3,perm,2075,1.0
C-EEU-EST,Zone_6A Cold Humid,rur,q3,perm,2080,1.0
C-EEU-EST,Zone_6A Cold Humid,rur,q3,perm,2085,1.0
C-EEU-EST,Zone_6A Cold Humid,rur,q3,perm,2090,1.0
C-EEU-EST,Zone_6A Cold Humid,rur,q3,perm,2095,1.0
C-EEU-EST,Zone_6A Cold Humid,rur,q3,perm,2100,1.0
C-EEU-EST,Zone_6A Cold Humid,rur,q3,sub,2015,0.0
C-EEU-EST,Zone_6A Cold Humid,rur,q3,sub,2020,0.0
C-EEU-EST,Zone_6A Cold Humid,rur,q3,sub,2025,0.0
C-EEU-EST,Zone_6A Cold Humid,rur,q3,sub,2030,0.0
C-EEU-EST,Zone_6A Cold Humid,rur,q3,sub,2035,0.0
C-EEU-EST,Zone_6A Cold Humid,rur,q3,sub,2040,0.0
C-EEU-EST,Zone_6A Cold Humid,rur,q3,sub,2045,0.0
C-EEU-EST,Zone_6A Cold Humid,rur,q3,sub,2050,0.0
C-EEU-EST,Zone_6A Cold Humid,rur,q3,sub,2055,0.0
C-EEU-EST,Zone_6A Cold Humid,rur,q3,sub,2060,0.0
C-EEU-EST,Zone_6A Cold Humid,rur,q3,sub,2065,0.0
C-EEU-EST,Zone_6A Cold Humid,rur,q3,sub,2070,0.0
C-EEU-EST,Zone_6A Cold Humid,rur,q3,sub,2075,0.0
C-EEU-EST,Zone_6A Cold Humid,rur,q3,sub,2080,0.0
C-EEU-EST,Zone_6A Cold Humid,rur,q3,sub,2085,0.0
C-EEU-EST,Zone_6A Cold Humid,rur,q3,sub,2090,0.0
C-EEU-EST,Zone_6A Cold Humid,rur,q3,sub,2095,0.0
C-EEU-EST,Zone_6A Cold Humid,rur,q3,sub,2100,0.0
C-EEU-EST,Zone_6A Cold Humid,urb,q1,perm,2015,1.0
C-EEU-EST,Zone_6A Cold Humid,urb,q1,perm,2020,1.0
C-EEU-EST,Zone_6A Cold Humid,urb,q1,perm,2025,1.0
C-EEU-EST,Zone_6A Cold Humid,urb,q1,perm,2030,1.0
C-EEU-EST,Zone_6A Cold Humid,urb,q1,perm,2035,1.0
C-EEU-EST,Zone_6A Cold Humid,urb,q1,perm,2040,1.0
C-EEU-EST,Zone_6A Cold Humid,urb,q1,perm,2045,1.0
C-EEU-EST,Zone_6A Cold Humid,urb,q1,perm,2050,1.0
C-EEU-EST,Zone_6A Cold Humid,urb,q1,perm,2055,1.0
C-EEU-EST,Zone_6A Cold Humid,urb,q1,perm,2060,1.0
C-EEU-EST,Zone_6A Cold Humid,urb,q1,perm,2065,1.0
C-EEU-EST,Zone_6A Cold Humid,urb,q1,perm,2070,1.0
C-EEU-EST,Zone_6A Cold Humid,urb,q1,perm,2075,1.0
C-EEU-EST,Zone_6A Cold Humid,urb,q1,perm,2080,1.0
C-EEU-EST,Zone_6A Cold Humid,urb,q1,perm,2085,1.0
C-EEU-EST,Zone_6A Cold Humid,urb,q1,perm,2090,1.0
C-EEU-EST,Zone_6A Cold Humid,urb,q1,perm,2095,1.0
C-EEU-EST,Zone_6A Cold Humid,urb,q1,perm,2100,1.0
C-EEU-EST,Zone_6A Cold Humid,urb,q1,sub,2015,0.0
C-EEU-EST,Zone_6A Cold Humid,urb,q1,sub,2020,0.0
C-EEU-EST,Zone_6A Cold Humid,urb,q1,sub,2025,0.0
C-EEU-EST,Zone_6A Cold Humid,urb,q1,sub,2030,0.0
C-EEU-EST,Zone_6A Cold Humid,urb,q1,sub,2035,0.0
C-EEU-EST,Zone_6A Cold Humid,urb,q1,sub,2040,0.0
C-EEU-EST,Zone_6A Cold Humid,urb,q1,sub,2045,0.0
C-EEU-EST,Zone_6A Cold Humid,urb,q1,sub,2050,0.0
C-EEU-EST,Zone_6A Cold Humid,urb,q1,sub,2055,0.0
C-EEU-EST,Zone_6A Cold Humid,urb,q1,sub,2060,0.0
C-EEU-EST,Zone_6A Cold Humid,urb,q1,sub,2065,0.0
C-EEU-EST,Zone_6A Cold Humid,urb,q1,sub,2070,0.0
C-EEU-EST,Zone_6A Cold Humid,urb,q1,sub,2075,0.0
C-EEU-EST,Zone_6A Cold Humid,urb,q1,sub,2080,0.0
C-EEU-EST,Zone_6A Cold Humid,urb,q1,sub,2085,0.0
C-EEU-EST,Zone_6A Cold Humid,urb,q1,sub,2090,0.0
C-EEU-EST,Zone_6A Cold Humid,urb,q1,sub,2095,0.0
C-EEU-EST,Zone_6A Cold Humid,urb,q1,sub,2100,0.0
C-EEU-EST,Zone_6A Cold Humid,urb,q2,perm,2015,1.0
C-EEU-EST,Zone_6A Cold Humid,urb,q2,perm,2020,1.0
C-EEU-EST,Zone_6A Cold Humid,urb,q2,perm,2025,1.0
C-EEU-EST,Zone_6A Cold Humid,urb,q2,perm,2030,1.0
C-EEU-EST,Zone_6A Cold Humid,urb,q2,perm,2035,1.0
C-EEU-EST,Zone_6A Cold Humid,urb,q2,perm,2040,1.0
C-EEU-EST,Zone_6A Cold Humid,urb,q2,perm,2045,1.0
C-EEU-EST,Zone_6A Cold Humid,urb,q2,perm,2050,1.0
C-EEU-EST,Zone_6A Cold Humid,urb,q2,perm,2055,1.0
C-EEU-EST,Zone_6A Cold Humid,urb,q2,perm,2060,1.0
C-EEU-EST,Zone_6A Cold Humid,urb,q2,perm,2065,1.0
C-EEU-EST,Zone_6A Cold Humid,urb,q2,perm,2070,1.0
C-EEU-EST,Zone_6A Cold Humid,urb,q2,perm,2075,1.0
C-EEU-EST,Zone_6A Cold Humid,urb,q2,perm,2080,1.0
C-EEU-EST,Zone_6A Cold Humid,urb,q2,perm,2085,1.0
C-EEU-EST,Zone_6A Cold Humid,urb,q2,perm,2090,1.0
C-EEU-EST,Zone_6A Cold Humid,urb,q2,perm,2095,1.0
C-EEU-EST,Zone_6A Cold Humid,urb,q2,perm,2100,1.0
C-EEU-EST,Zone_6A Cold Humid,urb,q2,sub,2015,0.0
C-EEU-EST,Zone_6A Cold Humid,urb,q2,sub,2020,0.0
C-EEU-EST,Zone_6A Cold Humid,urb,q2,sub,2025,0.0
C-EEU-EST,Zone_6A Cold Humid,urb,q2,sub,2030,0.0
C-EEU-EST,Zone_6A Cold Humid,urb,q2,sub,2035,0.0
C-EEU-EST,Zone_6A Cold Humid,urb,q2,sub,2040,0.0
C-EEU-EST,Zone_6A Cold Humid,urb,q2,sub,2045,0.0
C-EEU-EST,Zone_6A Cold Humid,urb,q2,sub,2050,0.0
C-EEU-EST,Zone_6A Cold Humid,urb,q2,sub,2055,0.0
C-EEU-EST,Zone_6A Cold Humid,urb,q2,sub,2060,0.0
C-EEU-EST,Zone_6A Cold Humid,urb,q2,sub,2065,0.0
C-EEU-EST,Zone_6A Cold Humid,urb,q2,sub,2070,0.0
C-EEU-EST,Zone_6A Cold Humid,urb,q2,sub,2075,0.0
C-EEU-EST,Zone_6A Cold Humid,urb,q2,sub,2080,0.0
C-EEU-EST,Zone_6A Cold Humid,urb,q2,sub,2085,0.0
C-EEU-EST,Zone_6A Cold Humid,urb,q2,sub,2090,0.0
C-EEU-EST,Zone_6A Cold Humid,urb,q2,sub,2095,0.0
C-EEU-EST,Zone_6A Cold Humid,urb,q2,sub,2100,0.0
C-EEU-EST,Zone_6A Cold Humid,urb,q3,perm,2015,1.0
C-EEU-EST,Zone_6A Cold Humid,urb,q3,perm,2020,1.0
C-EEU-EST,Zone_6A Cold Humid,urb,q3,perm,2025,1.0
C-EEU-EST,Zone_6A Cold Humid,urb,q3,perm,2030,1.0
C-EEU-EST,Zone_6A Cold Humid,urb,q3,perm,2035,1.0
C-EEU-EST,Zone_6A Cold Humid,urb,q3,perm,2040,1.0
C-EEU-EST,Zone_6A Cold Humid,urb,q3,perm,2045,1.0
C-EEU-EST,Zone_6A Cold Humid,urb,q3,perm,2050,1.0
C-EEU-EST,Zone_6A Cold Humid,urb,q3,perm,2055,1.0
C-EEU-EST,Zone_6A Cold Humid,urb,q3,perm,2060,1.0
C-EEU-EST,Zone_6A Cold Humid,urb,q3,perm,2065,1.0
C-EEU-EST,Zone_6A Cold Humid,urb,q3,perm,2070,1.0
C-EEU-EST,Zone_6A Cold Humid,urb,q3,perm,2075,1.0
C-EEU-EST,Zone_6A Cold Humid,urb,q3,perm,2080,1.0
C-EEU-EST,Zone_6A Cold Humid,urb,q3,perm,2085,1.0
C-EEU-EST,Zone_6A Cold Humid,urb,q3,perm,2090,1.0
C-EEU-EST,Zone_6A Cold Humid,urb,q3,perm,2095,1.0
C-EEU-EST,Zone_6A Cold Humid,urb,q3,perm,2100,1.0
C-EEU-EST,Zone_6A Cold Humid,urb,q3,sub,2015,0.0
C-EEU-EST,Zone_6A Cold Humid,urb,q3,sub,2020,0.0
C-EEU-EST,Zone_6A Cold Humid,urb,q3,sub,2025,0.0
C-EEU-EST,Zone_6A Cold Humid,urb,q3,sub,2030,0.0
C-EEU-EST,Zone_6A Cold Humid,urb,q3,sub,2035,0.0
C-EEU-EST,Zone_6A Cold Humid,urb,q3,sub,2040,0.0
C-EEU-EST,Zone_6A Cold Humid,urb,q3,sub,2045,0.0
C-EEU-EST,Zone_6A Cold Humid,urb,q3,sub,2050,0.0
C-EEU-EST,Zone_6A Cold Humid,urb,q3,sub,2055,0.0
C-EEU-EST,Zone_6A Cold Humid,urb,q3,sub,2060,0.0
C-EEU-EST,Zone_6A Cold Humid,urb,q3,sub,2065,0.0
C-EEU-EST,Zone_6A Cold Humid,urb,q3,sub,2070,0.0
C-EEU-EST,Zone_6A Cold Humid,urb,q3,sub,2075,0.0
C-EEU-EST,Zone_6A Cold Humid,urb,q3,sub,2080,0.0
C-EEU-EST,Zone_6A Cold Humid,urb,q3,sub,2085,0.0
C-EEU-EST,Zone_6A Cold Humid,urb,q3,sub,2090,0.0
C-EEU-EST,Zone_6A Cold Humid,urb,q3,sub,2095,0.0
C-EEU-EST,Zone_6A Cold Humid,urb,q3,sub,2100,0.0
C-EEU-HRV,Zone_3A Warm Humid,rur,q1,perm,2015,1.0
C-EEU-HRV,Zone_3A Warm Humid,rur,q1,perm,2020,1.0
C-EEU-HRV,Zone_3A Warm Humid,rur,q1,perm,2025,1.0
C-EEU-HRV,Zone_3A Warm Humid,rur,q1,perm,2030,1.0
C-EEU-HRV,Zone_3A Warm Humid,rur,q1,perm,2035,1.0
C-EEU-HRV,Zone_3A Warm Humid,rur,q1,perm,2040,1.0
C-EEU-HRV,Zone_3A Warm Humid,rur,q1,perm,2045,1.0
C-EEU-HRV,Zone_3A Warm Humid,rur,q1,perm,2050,1.0
C-EEU-HRV,Zone_3A Warm Humid,rur,q1,perm,2055,1.0
C-EEU-HRV,Zone_3A Warm Humid,rur,q1,perm,2060,1.0
C-EEU-HRV,Zone_3A Warm Humid,rur,q1,perm,2065,1.0
C-EEU-HRV,Zone_3A Warm Humid,rur,q1,perm,2070,1.0
C-EEU-HRV,Zone_3A Warm Humid,rur,q1,perm,2075,1.0
C-EEU-HRV,Zone_3A Warm Humid,rur,q1,perm,2080,1.0
C-EEU-HRV,Zone_3A Warm Humid,rur,q1,perm,2085,1.0
C-EEU-HRV,Zone_3A Warm Humid,rur,q1,perm,2090,1.0
C-EEU-HRV,Zone_3A Warm Humid,rur,q1,perm,2095,1.0
C-EEU-HRV,Zone_3A Warm Humid,rur,q1,perm,2100,1.0
C-EEU-HRV,Zone_3A Warm Humid,rur,q1,sub,2015,0.0
C-EEU-HRV,Zone_3A Warm Humid,rur,q1,sub,2020,0.0
C-EEU-HRV,Zone_3A Warm Humid,rur,q1,sub,2025,0.0
C-EEU-HRV,Zone_3A Warm Humid,rur,q1,sub,2030,0.0
C-EEU-HRV,Zone_3A Warm Humid,rur,q1,sub,2035,0.0
C-EEU-HRV,Zone_3A Warm Humid,rur,q1,sub,2040,0.0
C-EEU-HRV,Zone_3A Warm Humid,rur,q1,sub,2045,0.0
C-EEU-HRV,Zone_3A Warm Humid,rur,q1,sub,2050,0.0
C-EEU-HRV,Zone_3A Warm Humid,rur,q1,sub,2055,0.0
C-EEU-HRV,Zone_3A Warm Humid,rur,q1,sub,2060,0.0
C-EEU-HRV,Zone_3A Warm Humid,rur,q1,sub,2065,0.0
C-EEU-HRV,Zone_3A Warm Humid,rur,q1,sub,2070,0.0
C-EEU-HRV,Zone_3A Warm Humid,rur,q1,sub,2075,0.0
C-EEU-HRV,Zone_3A Warm Humid,rur,q1,sub,2080,0.0
C-EEU-HRV,Zone_3A Warm Humid,rur,q1,sub,2085,0.0
C-EEU-HRV,Zone_3A Warm Humid,rur,q1,sub,2090,0.0
C-EEU-HRV,Zone_3A Warm Humid,rur,q1,sub,2095,0.0
C-EEU-HRV,Zone_3A Warm Humid,rur,q1,sub,2100,0.0
C-EEU-HRV,Zone_3A Warm Humid,rur,q2,perm,2015,1.0
C-EEU-HRV,Zone_3A Warm Humid,rur,q2,perm,2020,1.0
C-EEU-HRV,Zone_3A Warm Humid,rur,q2,perm,2025,1.0
C-EEU-HRV,Zone_3A Warm Humid,rur,q2,perm,2030,1.0
C-EEU-HRV,Zone_3A Warm Humid,rur,q2,perm,2035,1.0
C-EEU-HRV,Zone_3A Warm Humid,rur,q2,perm,2040,1.0
C-EEU-HRV,Zone_3A Warm Humid,rur,q2,perm,2045,1.0
C-EEU-HRV,Zone_3A Warm Humid,rur,q2,perm,2050,1.0
C-EEU-HRV,Zone_3A Warm Humid,rur,q2,perm,2055,1.0
C-EEU-HRV,Zone_3A Warm Humid,rur,q2,perm,2060,1.0
C-EEU-HRV,Zone_3A Warm Humid,rur,q2,perm,2065,1.0
C-EEU-HRV,Zone_3A Warm Humid,rur,q2,perm,2070,1.0
C-EEU-HRV,Zone_3A Warm Humid,rur,q2,perm,2075,1.0
C-EEU-HRV,Zone_3A Warm Humid,rur,q2,perm,2080,1.0
C-EEU-HRV,Zone_3A Warm Humid,rur,q2,perm,2085,1.0
C-EEU-HRV,Zone_3A Warm Humid,rur,q2,perm,2090,1.0
C-EEU-HRV,Zone_3A Warm Humid,rur,q2,perm,2095,1.0
C-EEU-HRV,Zone_3A Warm Humid,rur,q2,perm,2100,1.0
C-EEU-HRV,Zone_3A Warm Humid,rur,q2,sub,2015,0.0
C-EEU-HRV,Zone_3A Warm Humid,rur,q2,sub,2020,0.0
C-EEU-HRV,Zone_3A Warm Humid,rur,q2,sub,2025,0.0
C-EEU-HRV,Zone_3A Warm Humid,rur,q2,sub,2030,0.0
C-EEU-HRV,Zone_3A Warm Humid,rur,q2,sub,2035,0.0
C-EEU-HRV,Zone_3A Warm Humid,rur,q2,sub,2040,0.0
C-EEU-HRV,Zone_3A Warm Humid,rur,q2,sub,2045,0.0
C-EEU-HRV,Zone_3A Warm Humid,rur,q2,sub,2050,0.0
C-EEU-HRV,Zone_3A Warm Humid,rur,q2,sub,2055,0.0
C-EEU-HRV,Zone_3A Warm Humid,rur,q2,sub,2060,0.0
C-EEU-HRV,Zone_3A Warm Humid,rur,q2,sub,2065,0.0
C-EEU-HRV,Zone_3A Warm Humid,rur,q2,sub,2070,0.0
C-EEU-HRV,Zone_3A Warm Humid,rur,q2,sub,2075,0.0
C-EEU-HRV,Zone_3A Warm Humid,rur,q2,sub,2080,0.0
C-EEU-HRV,Zone_3A Warm Humid,rur,q2,sub,2085,0.0
C-EEU-HRV,Zone_3A Warm Humid,rur,q2,sub,2090,0.0
C-EEU-HRV,Zone_3A Warm Humid,rur,q2,sub,2095,0.0
C-EEU-HRV,Zone_3A Warm Humid,rur,q2,sub,2100,0.0
C-EEU-HRV,Zone_3A Warm Humid,rur,q3,perm,2015,1.0
C-EEU-HRV,Zone_3A Warm Humid,rur,q3,perm,2020,1.0
C-EEU-HRV,Zone_3A Warm Humid,rur,q3,perm,2025,1.0
C-EEU-HRV,Zone_3A Warm Humid,rur,q3,perm,2030,1.0
C-EEU-HRV,Zone_3A Warm Humid,rur,q3,perm,2035,1.0
C-EEU-HRV,Zone_3A Warm Humid,rur,q3,perm,2040,1.0
C-EEU-HRV,Zone_3A Warm Humid,rur,q3,perm,2045,1.0
C-EEU-HRV,Zone_3A Warm Humid,rur,q3,perm,2050,1.0
C-EEU-HRV,Zone_3A Warm Humid,rur,q3,perm,2055,1.0
C-EEU-HRV,Zone_3A Warm Humid,rur,q3,perm,2060,1.0
C-EEU-HRV,Zone_3A Warm Humid,rur,q3,perm,2065,1.0
C-EEU-HRV,Zone_3A Warm Humid,rur,q3,perm,2070,1.0
C-EEU-HRV,Zone_3A Warm Humid,rur,q3,perm,2075,1.0
C-EEU-HRV,Zone_3A Warm Humid,rur,q3,perm,2080,1.0
C-EEU-HRV,Zone_3A Warm Humid,rur,q3,perm,2085,1.0
C-EEU-HRV,Zone_3A Warm Humid,rur,q3,perm,2090,1.0
C-EEU-HRV,Zone_3A Warm Humid,rur,q3,perm,2095,1.0
C-EEU-HRV,Zone_3A Warm Humid,rur,q3,perm,2100,1.0
C-EEU-HRV,Zone_3A Warm Humid,rur,q3,sub,2015,0.0
C-EEU-HRV,Zone_3A Warm Humid,rur,q3,sub,2020,0.0
C-EEU-HRV,Zone_3A Warm Humid,rur,q3,sub,2025,0.0
C-EEU-HRV,Zone_3A Warm Humid,rur,q3,sub,2030,0.0
C-EEU-HRV,Zone_3A Warm Humid,rur,q3,sub,2035,0.0
C-EEU-HRV,Zone_3A Warm Humid,rur,q3,sub,2040,0.0
C-EEU-HRV,Zone_3A Warm Humid,rur,q3,sub,2045,0.0
C-EEU-HRV,Zone_3A Warm Humid,rur,q3,sub,2050,0.0
C-EEU-HRV,Zone_3A Warm Humid,rur,q3,sub,2055,0.0
C-EEU-HRV,Zone_3A Warm Humid,rur,q3,sub,2060,0.0
C-EEU-HRV,Zone_3A Warm Humid,rur,q3,sub,2065,0.0
C-EEU-HRV,Zone_3A Warm Humid,rur,q3,sub,2070,0.0
C-EEU-HRV,Zone_3A Warm Humid,rur,q3,sub,2075,0.0
C-EEU-HRV,Zone_3A Warm Humid,rur,q3,sub,2080,0.0
C-EEU-HRV,Zone_3A Warm Humid,rur,q3,sub,2085,0.0
C-EEU-HRV,Zone_3A Warm Humid,rur,q3,sub,2090,0.0
C-EEU-HRV,Zone_3A Warm Humid,rur,q3,sub,2095,0.0
C-EEU-HRV,Zone_3A Warm Humid,rur,q3,sub,2100,0.0
C-EEU-HRV,Zone_3A Warm Humid,urb,q1,perm,2015,1.0
C-EEU-HRV,Zone_3A Warm Humid,urb,q1,perm,2020,1.0
C-EEU-HRV,Zone_3A Warm Humid,urb,q1,perm,2025,1.0
C-EEU-HRV,Zone_3A Warm Humid,urb,q1,perm,2030,1.0
C-EEU-HRV,Zone_3A Warm Humid,urb,q1,perm,2035,1.0
C-EEU-HRV,Zone_3A Warm Humid,urb,q1,perm,2040,1.0
C-EEU-HRV,Zone_3A Warm Humid,urb,q1,perm,2045,1.0
C-EEU-HRV,Zone_3A Warm Humid,urb,q1,perm,2050,1.0
C-EEU-HRV,Zone_3A Warm Humid,urb,q1,perm,2055,1.0
C-EEU-HRV,Zone_3A Warm Humid,urb,q1,perm,2060,1.0
C-EEU-HRV,Zone_3A Warm Humid,urb,q1,perm,2065,1.0
C-EEU-HRV,Zone_3A Warm Humid,urb,q1,perm,2070,1.0
C-EEU-HRV,Zone_3A Warm Humid,urb,q1,perm,2075,1.0
C-EEU-HRV,Zone_3A Warm Humid,urb,q1,perm,2080,1.0
C-EEU-HRV,Zone_3A Warm Humid,urb,q1,perm,2085,1.0
C-EEU-HRV,Zone_3A Warm Humid,urb,q1,perm,2090,1.0
C-EEU-HRV,Zone_3A Warm Humid,urb,q1,perm,2095,1.0
C-EEU-HRV,Zone_3A Warm Humid,urb,q1,perm,2100,1.0
C-EEU-HRV,Zone_3A Warm Humid,urb,q1,sub,2015,0.0
C-EEU-HRV,Zone_3A Warm Humid,urb,q1,sub,2020,0.0
C-EEU-HRV,Zone_3A Warm Humid,urb,q1,sub,2025,0.0
C-EEU-HRV,Zone_3A Warm Humid,urb,q1,sub,2030,0.0
C-EEU-HRV,Zone_3A Warm Humid,urb,q1,sub,2035,0.0
C-EEU-HRV,Zone_3A Warm Humid,urb,q1,sub,2040,0.0
C-EEU-HRV,Zone_3A Warm Humid,urb,q1,sub,2045,0.0
C-EEU-HRV,Zone_3A Warm Humid,urb,q1,sub,2050,0.0
C-EEU-HRV,Zone_3A Warm Humid,urb,q1,sub,2055,0.0
C-EEU-HRV,Zone_3A Warm Humid,urb,q1,sub,2060,0.0
C-EEU-HRV,Zone_3A Warm Humid,urb,q1,sub,2065,0.0
C-EEU-HRV,Zone_3A Warm Humid,urb,q1,sub,2070,0.0
C-EEU-HRV,Zone_3A Warm Humid,urb,q1,sub,2075,0.0
C-EEU-HRV,Zone_3A Warm Humid,urb,q1,sub,2080,0.0
C-EEU-HRV,Zone_3A Warm Humid,urb,q1,sub,2085,0.0
C-EEU-HRV,Zone_3A Warm Humid,urb,q1,sub,2090,0.0
C-EEU-HRV,Zone_3A Warm Humid,urb,q1,sub,2095,0.0
C-EEU-HRV,Zone_3A Warm Humid,urb,q1,sub,2100,0.0
C-EEU-HRV,Zone_3A Warm Humid,urb,q2,perm,2015,1.0
C-EEU-HRV,Zone_3A Warm Humid,urb,q2,perm,2020,1.0
C-EEU-HRV,Zone_3A Warm Humid,urb,q2,perm,2025,1.0
C-EEU-HRV,Zone_3A Warm Humid,urb,q2,perm,2030,1.0
C-EEU-HRV,Zone_3A Warm Humid,urb,q2,perm,2035,1.0
C-EEU-HRV,Zone_3A Warm Humid,urb,q2,perm,2040,1.0
C-EEU-HRV,Zone_3A Warm Humid,urb,q2,perm,2045,1.0
C-EEU-HRV,Zone_3A Warm Humid,urb,q2,perm,2050,1.0
C-EEU-HRV,Zone_3A Warm Humid,urb,q2,perm,2055,1.0
C-EEU-HRV,Zone_3A Warm Humid,urb,q2,perm,2060,1.0
C-EEU-HRV,Zone_3A Warm Humid,urb,q2,perm,2065,1.0
C-EEU-HRV,Zone_3A Warm Humid,urb,q2,perm,2070,1.0
C-EEU-HRV,Zone_3A Warm Humid,urb,q2,perm,2075,1.0
C-EEU-HRV,Zone_3A Warm Humid,urb,q2,perm,2080,1.0
C-EEU-HRV,Zone_3A Warm Humid,urb,q2,perm,2085,1.0
C-EEU-HRV,Zone_3A Warm Humid,urb,q2,perm,2090,1.0
C-EEU-HRV,Zone_3A Warm Humid,urb,q2,perm,2095,1.0
C-EEU-HRV,Zone_3A Warm Humid,urb,q2,perm,2100,1.0
C-EEU-HRV,Zone_3A Warm Humid,urb,q2,sub,2015,0.0
C-EEU-HRV,Zone_3A Warm Humid,urb,q2,sub,2020,0.0
C-EEU-HRV,Zone_3A Warm Humid,urb,q2,sub,2025,0.0
C-EEU-HRV,Zone_3A Warm Humid,urb,q2,sub,2030,0.0
C-EEU-HRV,Zone_3A Warm Humid,urb,q2,sub,2035,0.0
C-EEU-HRV,Zone_3A Warm Humid,urb,q2,sub,2040,0.0
C-EEU-HRV,Zone_3A Warm Humid,urb,q2,sub,2045,0.0
C-EEU-HRV,Zone_3A Warm Humid,urb,q2,sub,2050,0.0
C-EEU-HRV,Zone_3A Warm Humid,urb,q2,sub,2055,0.0
C-EEU-HRV,Zone_3A Warm Humid,urb,q2,sub,2060,0.0
C-EEU-HRV,Zone_3A Warm Humid,urb,q2,sub,2065,0.0
C-EEU-HRV,Zone_3A Warm Humid,urb,q2,sub,2070,0.0
C-EEU-HRV,Zone_3A Warm Humid,urb,q2,sub,2075,0.0
C-EEU-HRV,Zone_3A Warm Humid,urb,q2,sub,2080,0.0
C-EEU-HRV,Zone_3A Warm Humid,urb,q2,sub,2085,0.0
C-EEU-HRV,Zone_3A Warm Humid,urb,q2,sub,2090,0.0
C-EEU-HRV,Zone_3A Warm Humid,urb,q2,sub,2095,0.0
C-EEU-HRV,Zone_3A Warm Humid,urb,q2,sub,2100,0.0
C-EEU-HRV,Zone_3A Warm Humid,urb,q3,perm,2015,1.0
C-EEU-HRV,Zone_3A Warm Humid,urb,q3,perm,2020,1.0
C-EEU-HRV,Zone_3A Warm Humid,urb,q3,perm,2025,1.0
C-EEU-HRV,Zone_3A Warm Humid,urb,q3,perm,2030,1.0
C-EEU-HRV,Zone_3A Warm Humid,urb,q3,perm,2035,1.0
C-EEU-HRV,Zone_3A Warm Humid,urb,q3,perm,2040,1.0
C-EEU-HRV,Zone_3A Warm Humid,urb,q3,perm,2045,1.0
C-EEU-HRV,Zone_3A Warm Humid,urb,q3,perm,2050,1.0
C-EEU-HRV,Zone_3A Warm Humid,urb,q3,perm,2055,1.0
C-EEU-HRV,Zone_3A Warm Humid,urb,q3,perm,2060,1.0
C-EEU-HRV,Zone_3A Warm Humid,urb,q3,perm,2065,1.0
C-EEU-HRV,Zone_3A Warm Humid,urb,q3,perm,2070,1.0
C-EEU-HRV,Zone_3A Warm Humid,urb,q3,perm,2075,1.0
C-EEU-HRV,Zone_3A Warm Humid,urb,q3,perm,2080,1.0
C-EEU-HRV,Zone_3A Warm Humid,urb,q3,perm,2085,1.0
C-EEU-HRV,Zone_3A Warm Humid,urb,q3,perm,2090,1.0
C-EEU-HRV,Zone_3A Warm Humid,urb,q3,perm,2095,1.0
C-EEU-HRV,Zone_3A Warm Humid,urb,q3,perm,2100,1.0
C-EEU-HRV,Zone_3A Warm Humid,urb,q3,sub,2015,0.0
C-EEU-HRV,Zone_3A Warm Humid,urb,q3,sub,2020,0.0
C-EEU-HRV,Zone_3A Warm Humid,urb,q3,sub,2025,0.0
C-EEU-HRV,Zone_3A Warm Humid,urb,q3,sub,2030,0.0
C-EEU-HRV,Zone_3A Warm Humid,urb,q3,sub,2035,0.0
C-EEU-HRV,Zone_3A Warm Humid,urb,q3,sub,2040,0.0
C-EEU-HRV,Zone_3A Warm Humid,urb,q3,sub,2045,0.0
C-EEU-HRV,Zone_3A Warm Humid,urb,q3,sub,2050,0.0
C-EEU-HRV,Zone_3A Warm Humid,urb,q3,sub,2055,0.0
C-EEU-HRV,Zone_3A Warm Humid,urb,q3,sub,2060,0.0
C-EEU-HRV,Zone_3A Warm Humid,urb,q3,sub,2065,0.0
C-EEU-HRV,Zone_3A Warm Humid,urb,q3,sub,2070,0.0
C-EEU-HRV,Zone_3A Warm Humid,urb,q3,sub,2075,0.0
C-EEU-HRV,Zone_3A Warm Humid,urb,q3,sub,2080,0.0
C-EEU-HRV,Zone_3A Warm Humid,urb,q3,sub,2085,0.0
C-EEU-HRV,Zone_3A Warm Humid,urb,q3,sub,2090,0.0
C-EEU-HRV,Zone_3A Warm Humid,urb,q3,sub,2095,0.0
C-EEU-HRV,Zone_3A Warm Humid,urb,q3,sub,2100,0.0
C-EEU-HRV,Zone_4A Mixed Humid,rur,q1,perm,2015,1.0
C-EEU-HRV,Zone_4A Mixed Humid,rur,q1,perm,2020,1.0
C-EEU-HRV,Zone_4A Mixed Humid,rur,q1,perm,2025,1.0
C-EEU-HRV,Zone_4A Mixed Humid,rur,q1,perm,2030,1.0
C-EEU-HRV,Zone_4A Mixed Humid,rur,q1,perm,2035,1.0
C-EEU-HRV,Zone_4A Mixed Humid,rur,q1,perm,2040,1.0
C-EEU-HRV,Zone_4A Mixed Humid,rur,q1,perm,2045,1.0
C-EEU-HRV,Zone_4A Mixed Humid,rur,q1,perm,2050,1.0
C-EEU-HRV,Zone_4A Mixed Humid,rur,q1,perm,2055,1.0
C-EEU-HRV,Zone_4A Mixed Humid,rur,q1,perm,2060,1.0
C-EEU-HRV,Zone_4A Mixed Humid,rur,q1,perm,2065,1.0
C-EEU-HRV,Zone_4A Mixed Humid,rur,q1,perm,2070,1.0
C-EEU-HRV,Zone_4A Mixed Humid,rur,q1,perm,2075,1.0
C-EEU-HRV,Zone_4A Mixed Humid,rur,q1,perm,2080,1.0
C-EEU-HRV,Zone_4A Mixed Humid,rur,q1,perm,2085,1.0
C-EEU-HRV,Zone_4A Mixed Humid,rur,q1,perm,2090,1.0
C-EEU-HRV,Zone_4A Mixed Humid,rur,q1,perm,2095,1.0
C-EEU-HRV,Zone_4A Mixed Humid,rur,q1,perm,2100,1.0
C-EEU-HRV,Zone_4A Mixed Humid,rur,q1,sub,2015,0.0
C-EEU-HRV,Zone_4A Mixed Humid,rur,q1,sub,2020,0.0
C-EEU-HRV,Zone_4A Mixed Humid,rur,q1,sub,2025,0.0
C-EEU-HRV,Zone_4A Mixed Humid,rur,q1,sub,2030,0.0
C-EEU-HRV,Zone_4A Mixed Humid,rur,q1,sub,2035,0.0
C-EEU-HRV,Zone_4A Mixed Humid,rur,q1,sub,2040,0.0
C-EEU-HRV,Zone_4A Mixed Humid,rur,q1,sub,2045,0.0
C-EEU-HRV,Zone_4A Mixed Humid,rur,q1,sub,2050,0.0
C-EEU-HRV,Zone_4A Mixed Humid,rur,q1,sub,2055,0.0
C-EEU-HRV,Zone_4A Mixed Humid,rur,q1,sub,2060,0.0
C-EEU-HRV,Zone_4A Mixed Humid,rur,q1,sub,2065,0.0
C-EEU-HRV,Zone_4A Mixed Humid,rur,q1,sub,2070,0.0
C-EEU-HRV,Zone_4A Mixed Humid,rur,q1,sub,2075,0.0
C-EEU-HRV,Zone_4A Mixed Humid,rur,q1,sub,2080,0.0
C-EEU-HRV,Zone_4A Mixed Humid,rur,q1,sub,2085,0.0
C-EEU-HRV,Zone_4A Mixed Humid,rur,q1,sub,2090,0.0
C-EEU-HRV,Zone_4A Mixed Humid,rur,q1,sub,2095,0.0
C-EEU-HRV,Zone_4A Mixed Humid,rur,q1,sub,2100,0.0
C-EEU-HRV,Zone_4A Mixed Humid,rur,q2,perm,2015,1.0
C-EEU-HRV,Zone_4A Mixed Humid,rur,q2,perm,2020,1.0
C-EEU-HRV,Zone_4A Mixed Humid,rur,q2,perm,2025,1.0
C-EEU-HRV,Zone_4A Mixed Humid,rur,q2,perm,2030,1.0
C-EEU-HRV,Zone_4A Mixed Humid,rur,q2,perm,2035,1.0
C-EEU-HRV,Zone_4A Mixed Humid,rur,q2,perm,2040,1.0
C-EEU-HRV,Zone_4A Mixed Humid,rur,q2,perm,2045,1.0
C-EEU-HRV,Zone_4A Mixed Humid,rur,q2,perm,2050,1.0
C-EEU-HRV,Zone_4A Mixed Humid,rur,q2,perm,2055,1.0
C-EEU-HRV,Zone_4A Mixed Humid,rur,q2,perm,2060,1.0
C-EEU-HRV,Zone_4A Mixed Humid,rur,q2,perm,2065,1.0
C-EEU-HRV,Zone_4A Mixed Humid,rur,q2,perm,2070,1.0
C-EEU-HRV,Zone_4A Mixed Humid,rur,q2,perm,2075,1.0
C-EEU-HRV,Zone_4A Mixed Humid,rur,q2,perm,2080,1.0
C-EEU-HRV,Zone_4A Mixed Humid,rur,q2,perm,2085,1.0
C-EEU-HRV,Zone_4A Mixed Humid,rur,q2,perm,2090,1.0
C-EEU-HRV,Zone_4A Mixed Humid,rur,q2,perm,2095,1.0
C-EEU-HRV,Zone_4A Mixed Humid,rur,q2,perm,2100,1.0
C-EEU-HRV,Zone_4A Mixed Humid,rur,q2,sub,2015,0.0
C-EEU-HRV,Zone_4A Mixed Humid,rur,q2,sub,2020,0.0
C-EEU-HRV,Zone_4A Mixed Humid,rur,q2,sub,2025,0.0
C-EEU-HRV,Zone_4A Mixed Humid,rur,q2,sub,2030,0.0
C-EEU-HRV,Zone_4A Mixed Humid,rur,q2,sub,2035,0.0
C-EEU-HRV,Zone_4A Mixed Humid,rur,q2,sub,2040,0.0
C-EEU-HRV,Zone_4A Mixed Humid,rur,q2,sub,2045,0.0
C-EEU-HRV,Zone_4A Mixed Humid,rur,q2,sub,2050,0.0
C-EEU-HRV,Zone_4A Mixed Humid,rur,q2,sub,2055,0.0
C-EEU-HRV,Zone_4A Mixed Humid,rur,q2,sub,2060,0.0
C-EEU-HRV,Zone_4A Mixed Humid,rur,q2,sub,2065,0.0
C-EEU-HRV,Zone_4A Mixed Humid,rur,q2,sub,2070,0.0
C-EEU-HRV,Zone_4A Mixed Humid,rur,q2,sub,2075,0.0
C-EEU-HRV,Zone_4A Mixed Humid,rur,q2,sub,2080,0.0
C-EEU-HRV,Zone_4A Mixed Humid,rur,q2,sub,2085,0.0
C-EEU-HRV,Zone_4A Mixed Humid,rur,q2,sub,2090,0.0
C-EEU-HRV,Zone_4A Mixed Humid,rur,q2,sub,2095,0.0
C-EEU-HRV,Zone_4A Mixed Humid,rur,q2,sub,2100,0.0
C-EEU-HRV,Zone_4A Mixed Humid,rur,q3,perm,2015,1.0
C-EEU-HRV,Zone_4A Mixed Humid,rur,q3,perm,2020,1.0
C-EEU-HRV,Zone_4A Mixed Humid,rur,q3,perm,2025,1.0
C-EEU-HRV,Zone_4A Mixed Humid,rur,q3,perm,2030,1.0
C-EEU-HRV,Zone_4A Mixed Humid,rur,q3,perm,2035,1.0
C-EEU-HRV,Zone_4A Mixed Humid,rur,q3,perm,2040,1.0
C-EEU-HRV,Zone_4A Mixed Humid,rur,q3,perm,2045,1.0
C-EEU-HRV,Zone_4A Mixed Humid,rur,q3,perm,2050,1.0
C-EEU-HRV,Zone_4A Mixed Humid,rur,q3,perm,2055,1.0
C-EEU-HRV,Zone_4A Mixed Humid,rur,q3,perm,2060,1.0
C-EEU-HRV,Zone_4A Mixed Humid,rur,q3,perm,2065,1.0
C-EEU-HRV,Zone_4A Mixed Humid,rur,q3,perm,2070,1.0
C-EEU-HRV,Zone_4A Mixed Humid,rur,q3,perm,2075,1.0
C-EEU-HRV,Zone_4A Mixed Humid,rur,q3,perm,2080,1.0
C-EEU-HRV,Zone_4A Mixed Humid,rur,q3,perm,2085,1.0
C-EEU-HRV,Zone_4A Mixed Humid,rur,q3,perm,2090,1.0
C-EEU-HRV,Zone_4A Mixed Humid,rur,q3,perm,2095,1.0
C-EEU-HRV,Zone_4A Mixed Humid,rur,q3,perm,2100,1.0
C-EEU-HRV,Zone_4A Mixed Humid,rur,q3,sub,2015,0.0
C-EEU-HRV,Zone_4A Mixed Humid,rur,q3,sub,2020,0.0
C-EEU-HRV,Zone_4A Mixed Humid,rur,q3,sub,2025,0.0
C-EEU-HRV,Zone_4A Mixed Humid,rur,q3,sub,2030,0.0
C-EEU-HRV,Zone_4A Mixed Humid,rur,q3,sub,2035,0.0
C-EEU-HRV,Zone_4A Mixed Humid,rur,q3,sub,2040,0.0
C-EEU-HRV,Zone_4A Mixed Humid,rur,q3,sub,2045,0.0
C-EEU-HRV,Zone_4A Mixed Humid,rur,q3,sub,2050,0.0
C-EEU-HRV,Zone_4A Mixed Humid,rur,q3,sub,2055,0.0
C-EEU-HRV,Zone_4A Mixed Humid,rur,q3,sub,2060,0.0
C-EEU-HRV,Zone_4A Mixed Humid,rur,q3,sub,2065,0.0
C-EEU-HRV,Zone_4A Mixed Humid,rur,q3,sub,2070,0.0
C-EEU-HRV,Zone_4A Mixed Humid,rur,q3,sub,2075,0.0
C-EEU-HRV,Zone_4A Mixed Humid,rur,q3,sub,2080,0.0
C-EEU-HRV,Zone_4A Mixed Humid,rur,q3,sub,2085,0.0
C-EEU-HRV,Zone_4A Mixed Humid,rur,q3,sub,2090,0.0
C-EEU-HRV,Zone_4A Mixed Humid,rur,q3,sub,2095,0.0
C-EEU-HRV,Zone_4A Mixed Humid,rur,q3,sub,2100,0.0
C-EEU-HRV,Zone_4A Mixed Humid,urb,q1,perm,2015,1.0
C-EEU-HRV,Zone_4A Mixed Humid,urb,q1,perm,2020,1.0
C-EEU-HRV,Zone_4A Mixed Humid,urb,q1,perm,2025,1.0
C-EEU-HRV,Zone_4A Mixed Humid,urb,q1,perm,2030,1.0
C-EEU-HRV,Zone_4A Mixed Humid,urb,q1,perm,2035,1.0
C-EEU-HRV,Zone_4A Mixed Humid,urb,q1,perm,2040,1.0
C-EEU-HRV,Zone_4A Mixed Humid,urb,q1,perm,2045,1.0
C-EEU-HRV,Zone_4A Mixed Humid,urb,q1,perm,2050,1.0
C-EEU-HRV,Zone_4A Mixed Humid,urb,q1,perm,2055,1.0
C-EEU-HRV,Zone_4A Mixed Humid,urb,q1,perm,2060,1.0
C-EEU-HRV,Zone_4A Mixed Humid,urb,q1,perm,2065,1.0
C-EEU-HRV,Zone_4A Mixed Humid,urb,q1,perm,2070,1.0
C-EEU-HRV,Zone_4A Mixed Humid,urb,q1,perm,2075,1.0
C-EEU-HRV,Zone_4A Mixed Humid,urb,q1,perm,2080,1.0
C-EEU-HRV,Zone_4A Mixed Humid,urb,q1,perm,2085,1.0
C-EEU-HRV,Zone_4A Mixed Humid,urb,q1,perm,2090,1.0
C-EEU-HRV,Zone_4A Mixed Humid,urb,q1,perm,2095,1.0
C-EEU-HRV,Zone_4A Mixed Humid,urb,q1,perm,2100,1.0
C-EEU-HRV,Zone_4A Mixed Humid,urb,q1,sub,2015,0.0
C-EEU-HRV,Zone_4A Mixed Humid,urb,q1,sub,2020,0.0
C-EEU-HRV,Zone_4A Mixed Humid,urb,q1,sub,2025,0.0
C-EEU-HRV,Zone_4A Mixed Humid,urb,q1,sub,2030,0.0
C-EEU-HRV,Zone_4A Mixed Humid,urb,q1,sub,2035,0.0
C-EEU-HRV,Zone_4A Mixed Humid,urb,q1,sub,2040,0.0
C-EEU-HRV,Zone_4A Mixed Humid,urb,q1,sub,2045,0.0
C-EEU-HRV,Zone_4A Mixed Humid,urb,q1,sub,2050,0.0
C-EEU-HRV,Zone_4A Mixed Humid,urb,q1,sub,2055,0.0
C-EEU-HRV,Zone_4A Mixed Humid,urb,q1,sub,2060,0.0
C-EEU-HRV,Zone_4A Mixed Humid,urb,q1,sub,2065,0.0
C-EEU-HRV,Zone_4A Mixed Humid,urb,q1,sub,2070,0.0
C-EEU-HRV,Zone_4A Mixed Humid,urb,q1,sub,2075,0.0
C-EEU-HRV,Zone_4A Mixed Humid,urb,q1,sub,2080,0.0
C-EEU-HRV,Zone_4A Mixed Humid,urb,q1,sub,2085,0.0
C-EEU-HRV,Zone_4A Mixed Humid,urb,q1,sub,2090,0.0
C-EEU-HRV,Zone_4A Mixed Humid,urb,q1,sub,2095,0.0
C-EEU-HRV,Zone_4A Mixed Humid,urb,q1,sub,2100,0.0
C-EEU-HRV,Zone_4A Mixed Humid,urb,q2,perm,2015,1.0
C-EEU-HRV,Zone_4A Mixed Humid,urb,q2,perm,2020,1.0
C-EEU-HRV,Zone_4A Mixed Humid,urb,q2,perm,2025,1.0
C-EEU-HRV,Zone_4A Mixed Humid,urb,q2,perm,2030,1.0
C-EEU-HRV,Zone_4A Mixed Humid,urb,q2,perm,2035,1.0
C-EEU-HRV,Zone_4A Mixed Humid,urb,q2,perm,2040,1.0
C-EEU-HRV,Zone_4A Mixed Humid,urb,q2,perm,2045,1.0
C-EEU-HRV,Zone_4A Mixed Humid,urb,q2,perm,2050,1.0
C-EEU-HRV,Zone_4A Mixed Humid,urb,q2,perm,2055,1.0
C-EEU-HRV,Zone_4A Mixed Humid,urb,q2,perm,2060,1.0
C-EEU-HRV,Zone_4A Mixed Humid,urb,q2,perm,2065,1.0
C-EEU-HRV,Zone_4A Mixed Humid,urb,q2,perm,2070,1.0
C-EEU-HRV,Zone_4A Mixed Humid,urb,q2,perm,2075,1.0
C-EEU-HRV,Zone_4A Mixed Humid,urb,q2,perm,2080,1.0
C-EEU-HRV,Zone_4A Mixed Humid,urb,q2,perm,2085,1.0
C-EEU-HRV,Zone_4A Mixed Humid,urb,q2,perm,2090,1.0
C-EEU-HRV,Zone_4A Mixed Humid,urb,q2,perm,2095,1.0
C-EEU-HRV,Zone_4A Mixed Humid,urb,q2,perm,2100,1.0
C-EEU-HRV,Zone_4A Mixed Humid,urb,q2,sub,2015,0.0
C-EEU-HRV,Zone_4A Mixed Humid,urb,q2,sub,2020,0.0
C-EEU-HRV,Zone_4A Mixed Humid,urb,q2,sub,2025,0.0
C-EEU-HRV,Zone_4A Mixed Humid,urb,q2,sub,2030,0.0
C-EEU-HRV,Zone_4A Mixed Humid,urb,q2,sub,2035,0.0
C-EEU-HRV,Zone_4A Mixed Humid,urb,q2,sub,2040,0.0
C-EEU-HRV,Zone_4A Mixed Humid,urb,q2,sub,2045,0.0
C-EEU-HRV,Zone_4A Mixed Humid,urb,q2,sub,2050,0.0
C-EEU-HRV,Zone_4A Mixed Humid,urb,q2,sub,2055,0.0
C-EEU-HRV,Zone_4A Mixed Humid,urb,q2,sub,2060,0.0
C-EEU-HRV,Zone_4A Mixed Humid,urb,q2,sub,2065,0.0
C-EEU-HRV,Zone_4A Mixed Humid,urb,q2,sub,2070,0.0
C-EEU-HRV,Zone_4A Mixed Humid,urb,q2,sub,2075,0.0
C-EEU-HRV,Zone_4A Mixed Humid,urb,q2,sub,2080,0.0
C-EEU-HRV,Zone_4A Mixed Humid,urb,q2,sub,2085,0.0
C-EEU-HRV,Zone_4A Mixed Humid,urb,q2,sub,2090,0.0
C-EEU-HRV,Zone_4A Mixed Humid,urb,q2,sub,2095,0.0
C-EEU-HRV,Zone_4A Mixed Humid,urb,q2,sub,2100,0.0
C-EEU-HRV,Zone_4A Mixed Humid,urb,q3,perm,2015,1.0
C-EEU-HRV,Zone_4A Mixed Humid,urb,q3,perm,2020,1.0
C-EEU-HRV,Zone_4A Mixed Humid,urb,q3,perm,2025,1.0
C-EEU-HRV,Zone_4A Mixed Humid,urb,q3,perm,2030,1.0
C-EEU-HRV,Zone_4A Mixed Humid,urb,q3,perm,2035,1.0
C-EEU-HRV,Zone_4A Mixed Humid,urb,q3,perm,2040,1.0
C-EEU-HRV,Zone_4A Mixed Humid,urb,q3,perm,2045,1.0
C-EEU-HRV,Zone_4A Mixed Humid,urb,q3,perm,2050,1.0
C-EEU-HRV,Zone_4A Mixed Humid,urb,q3,perm,2055,1.0
C-EEU-HRV,Zone_4A Mixed Humid,urb,q3,perm,2060,1.0
C-EEU-HRV,Zone_4A Mixed Humid,urb,q3,perm,2065,1.0
C-EEU-HRV,Zone_4A Mixed Humid,urb,q3,perm,2070,1.0
C-EEU-HRV,Zone_4A Mixed Humid,urb,q3,perm,2075,1.0
C-EEU-HRV,Zone_4A Mixed Humid,urb,q3,perm,2080,1.0
C-EEU-HRV,Zone_4A Mixed Humid,urb,q3,perm,2085,1.0
C-EEU-HRV,Zone_4A Mixed Humid,urb,q3,perm,2090,1.0
C-EEU-HRV,Zone_4A Mixed Humid,urb,q3,perm,2095,1.0
C-EEU-HRV,Zone_4A Mixed Humid,urb,q3,perm,2100,1.0
C-EEU-HRV,Zone_4A Mixed Humid,urb,q3,sub,2015,0.0
C-EEU-HRV,Zone_4A Mixed Humid,urb,q3,sub,2020,0.0
C-EEU-HRV,Zone_4A Mixed Humid,urb,q3,sub,2025,0.0
C-EEU-HRV,Zone_4A Mixed Humid,urb,q3,sub,2030,0.0
C-EEU-HRV,Zone_4A Mixed Humid,urb,q3,sub,2035,0.0
C-EEU-HRV,Zone_4A Mixed Humid,urb,q3,sub,2040,0.0
C-EEU-HRV,Zone_4A Mixed Humid,urb,q3,sub,2045,0.0
C-EEU-HRV,Zone_4A Mixed Humid,urb,q3,sub,2050,0.0
C-EEU-HRV,Zone_4A Mixed Humid,urb,q3,sub,2055,0.0
C-EEU-HRV,Zone_4A Mixed Humid,urb,q3,sub,2060,0.0
C-EEU-HRV,Zone_4A Mixed Humid,urb,q3,sub,2065,0.0
C-EEU-HRV,Zone_4A Mixed Humid,urb,q3,sub,2070,0.0
C-EEU-HRV,Zone_4A Mixed Humid,urb,q3,sub,2075,0.0
C-EEU-HRV,Zone_4A Mixed Humid,urb,q3,sub,2080,0.0
C-EEU-HRV,Zone_4A Mixed Humid,urb,q3,sub,2085,0.0
C-EEU-HRV,Zone_4A Mixed Humid,urb,q3,sub,2090,0.0
C-EEU-HRV,Zone_4A Mixed Humid,urb,q3,sub,2095,0.0
C-EEU-HRV,Zone_4A Mixed Humid,urb,q3,sub,2100,0.0
C-EEU-HRV,Zone_4C Mixed Marine,rur,q1,perm,2015,0.06314665532484579
C-EEU-HRV,Zone_4C Mixed Marine,rur,q1,perm,2020,0.06314665532484579
C-EEU-HRV,Zone_4C Mixed Marine,rur,q1,perm,2025,0.06401569642815572
C-EEU-HRV,Zone_4C Mixed Marine,rur,q1,perm,2030,0.06482336669170642
C-EEU-HRV,Zone_4C Mixed Marine,rur,q1,perm,2035,0.06549500602787563
C-EEU-HRV,Zone_4C Mixed Marine,rur,q1,perm,2040,0.06604936464752781
C-EEU-HRV,Zone_4C Mixed Marine,rur,q1,perm,2045,0.06652043026922565
C-EEU-HRV,Zone_4C Mixed Marine,rur,q1,perm,2050,0.06689724727760758
C-EEU-HRV,Zone_4C Mixed Marine,rur,q1,perm,2055,0.06716949442723887
C-EEU-HRV,Zone_4C Mixed Marine,rur,q1,perm,2060,0.06738157949413585
C-EEU-HRV,Zone_4C Mixed Marine,rur,q1,perm,2065,0.06758579511925873
C-EEU-HRV,Zone_4C Mixed Marine,rur,q1,perm,2070,0.06780123023589459
C-EEU-HRV,Zone_4C Mixed Marine,rur,q1,perm,2075,0.06804345051791325
C-EEU-HRV,Zone_4C Mixed Marine,rur,q1,perm,2080,0.06834672144005555
C-EEU-HRV,Zone_4C Mixed Marine,rur,q1,perm,2085,0.06864053725027582
C-EEU-HRV,Zone_4C Mixed Marine,rur,q1,perm,2090,0.06898700714540024
C-EEU-HRV,Zone_4C Mixed Marine,rur,q1,perm,2095,0.06938084342837196
C-EEU-HRV,Zone_4C Mixed Marine,rur,q1,perm,2100,0.06984867707362434
C-EEU-HRV,Zone_4C Mixed Marine,rur,q1,sub,2015,0.0
C-EEU-HRV,Zone_4C Mixed Marine,rur,q1,sub,2020,0.0
C-EEU-HRV,Zone_4C Mixed Marine,rur,q1,sub,2025,0.0
C-EEU-HRV,Zone_4C Mixed Marine,rur,q1,sub,2030,0.0
C-EEU-HRV,Zone_4C Mixed Marine,rur,q1,sub,2035,0.0
C-EEU-HRV,Zone_4C Mixed Marine,rur,q1,sub,2040,0.0
C-EEU-HRV,Zone_4C Mixed Marine,rur,q1,sub,2045,0.0
C-EEU-HRV,Zone_4C Mixed Marine,rur,q1,sub,2050,0.0
C-EEU-HRV,Zone_4C Mixed Marine,rur,q1,sub,2055,0.0
C-EEU-HRV,Zone_4C Mixed Marine,rur,q1,sub,2060,0.0
C-EEU-HRV,Zone_4C Mixed Marine,rur,q1,sub,2065,0.0
C-EEU-HRV,Zone_4C Mixed Marine,rur,q1,sub,2070,0.0
C-EEU-HRV,Zone_4C Mixed Marine,rur,q1,sub,2075,0.0
C-EEU-HRV,Zone_4C Mixed Marine,rur,q1,sub,2080,0.0
C-EEU-HRV,Zone_4C Mixed Marine,rur,q1,sub,2085,0.0
C-EEU-HRV,Zone_4C Mixed Marine,rur,q1,sub,2090,0.0
C-EEU-HRV,Zone_4C Mixed Marine,rur,q1,sub,2095,0.0
C-EEU-HRV,Zone_4C Mixed Marine,rur,q1,sub,2100,0.0
C-EEU-HRV,Zone_4C Mixed Marine,rur,q2,perm,2015,0.06314665532484579
C-EEU-HRV,Zone_4C Mixed Marine,rur,q2,perm,2020,0.06314665532484579
C-EEU-HRV,Zone_4C Mixed Marine,rur,q2,perm,2025,0.06401569642815572
C-EEU-HRV,Zone_4C Mixed Marine,rur,q2,perm,2030,0.06482336669170642
C-EEU-HRV,Zone_4C Mixed Marine,rur,q2,perm,2035,0.06549500602787563
C-EEU-HRV,Zone_4C Mixed Marine,rur,q2,perm,2040,0.06604936464752781
C-EEU-HRV,Zone_4C Mixed Marine,rur,q2,perm,2045,0.06652043026922565
C-EEU-HRV,Zone_4C Mixed Marine,rur,q2,perm,2050,0.06689724727760758
C-EEU-HRV,Zone_4C Mixed Marine,rur,q2,perm,2055,0.06716949442723887
C-EEU-HRV,Zone_4C Mixed Marine,rur,q2,perm,2060,0.06738157949413585
C-EEU-HRV,Zone_4C Mixed Marine,rur,q2,perm,2065,0.06758579511925873
C-EEU-HRV,Zone_4C Mixed Marine,rur,q2,perm,2070,0.06780123023589459
C-EEU-HRV,Zone_4C Mixed Marine,rur,q2,perm,2075,0.06804345051791325
C-EEU-HRV,Zone_4C Mixed Marine,rur,q2,perm,2080,0.06834672144005555
C-EEU-HRV,Zone_4C Mixed Marine,rur,q2,perm,2085,0.06864053725027582
C-EEU-HRV,Zone_4C Mixed Marine,rur,q2,perm,2090,0.06898700714540024
C-EEU-HRV,Zone_4C Mixed Marine,rur,q2,perm,2095,0.06938084342837196
C-EEU-HRV,Zone_4C Mixed Marine,rur,q2,perm,2100,0.06984867707362434
C-EEU-HRV,Zone_4C Mixed Marine,rur,q2,sub,2015,0.0
C-EEU-HRV,Zone_4C Mixed Marine,rur,q2,sub,2020,0.0
C-EEU-HRV,Zone_4C Mixed Marine,rur,q2,sub,2025,0.0
C-EEU-HRV,Zone_4C Mixed Marine,rur,q2,sub,2030,0.0
C-EEU-HRV,Zone_4C Mixed Marine,rur,q2,sub,2035,0.0
C-EEU-HRV,Zone_4C Mixed Marine,rur,q2,sub,2040,0.0
C-EEU-HRV,Zone_4C Mixed Marine,rur,q2,sub,2045,0.0
C-EEU-HRV,Zone_4C Mixed Marine,rur,q2,sub,2050,0.0
C-EEU-HRV,Zone_4C Mixed Marine,rur,q2,sub,2055,0.0
C-EEU-HRV,Zone_4C Mixed Marine,rur,q2,sub,2060,0.0
C-EEU-HRV,Zone_4C Mixed Marine,rur,q2,sub,2065,0.0
C-EEU-HRV,Zone_4C Mixed Marine,rur,q2,sub,2070,0.0
C-EEU-HRV,Zone_4C Mixed Marine,rur,q2,sub,2075,0.0
C-EEU-HRV,Zone_4C Mixed Marine,rur,q2,sub,2080,0.0
C-EEU-HRV,Zone_4C Mixed Marine,rur,q2,sub,2085,0.0
C-EEU-HRV,Zone_4C Mixed Marine,rur,q2,sub,2090,0.0
C-EEU-HRV,Zone_4C Mixed Marine,rur,q2,sub,2095,0.0
C-EEU-HRV,Zone_4C Mixed Marine,rur,q2,sub,2100,0.0
C-EEU-HRV,Zone_4C Mixed Marine,rur,q3,perm,2015,0.06314665532484579
C-EEU-HRV,Zone_4C Mixed Marine,rur,q3,perm,2020,0.06314665532484579
C-EEU-HRV,Zone_4C Mixed Marine,rur,q3,perm,2025,0.06401569642815572
C-EEU-HRV,Zone_4C Mixed Marine,rur,q3,perm,2030,0.06482336669170642
C-EEU-HRV,Zone_4C Mixed Marine,rur,q3,perm,2035,0.06549500602787563
C-EEU-HRV,Zone_4C Mixed Marine,rur,q3,perm,2040,0.06604936464752781
C-EEU-HRV,Zone_4C Mixed Marine,rur,q3,perm,2045,0.06652043026922565
C-EEU-HRV,Zone_4C Mixed Marine,rur,q3,perm,2050,0.06689724727760758
C-EEU-HRV,Zone_4C Mixed Marine,rur,q3,perm,2055,0.06716949442723887
C-EEU-HRV,Zone_4C Mixed Marine,rur,q3,perm,2060,0.06738157949413585
C-EEU-HRV,Zone_4C Mixed Marine,rur,q3,perm,2065,0.06758579511925873
C-EEU-HRV,Zone_4C Mixed Marine,rur,q3,perm,2070,0.06780123023589459
C-EEU-HRV,Zone_4C Mixed Marine,rur,q3,perm,2075,0.06804345051791325
C-EEU-HRV,Zone_4C Mixed Marine,rur,q3,perm,2080,0.06834672144005555
C-EEU-HRV,Zone_4C Mixed Marine,rur,q3,perm,2085,0.06864053725027582
C-EEU-HRV,Zone_4C Mixed Marine,rur,q3,perm,2090,0.06898700714540024
C-EEU-HRV,Zone_4C Mixed Marine,rur,q3,perm,2095,0.06938084342837196
C-EEU-HRV,Zone_4C Mixed Marine,rur,q3,perm,2100,0.06984867707362434
C-EEU-HRV,Zone_4C Mixed Marine,rur,q3,sub,2015,0.0
C-EEU-HRV,Zone_4C Mixed Marine,rur,q3,sub,2020,0.0
C-EEU-HRV,Zone_4C Mixed Marine,rur,q3,sub,2025,0.0
C-EEU-HRV,Zone_4C Mixed Marine,rur,q3,sub,2030,0.0
C-EEU-HRV,Zone_4C Mixed Marine,rur,q3,sub,2035,0.0
C-EEU-HRV,Zone_4C Mixed Marine,rur,q3,sub,2040,0.0
C-EEU-HRV,Zone_4C Mixed Marine,rur,q3,sub,2045,0.0
C-EEU-HRV,Zone_4C Mixed Marine,rur,q3,sub,2050,0.0
C-EEU-HRV,Zone_4C Mixed Marine,rur,q3,sub,2055,0.0
C-EEU-HRV,Zone_4C Mixed Marine,rur,q3,sub,2060,0.0
C-EEU-HRV,Zone_4C Mixed Marine,rur,q3,sub,2065,0.0
C-EEU-HRV,Zone_4C Mixed Marine,rur,q3,sub,2070,0.0
C-EEU-HRV,Zone_4C Mixed Marine,rur,q3,sub,2075,0.0
C-EEU-HRV,Zone_4C Mixed Marine,rur,q3,sub,2080,0.0
C-EEU-HRV,Zone_4C Mixed Marine,rur,q3,sub,2085,0.0
C-EEU-HRV,Zone_4C Mixed Marine,rur,q3,sub,2090,0.0
C-EEU-HRV,Zone_4C Mixed Marine,rur,q3,sub,2095,0.0
C-EEU-HRV,Zone_4C Mixed Marine,rur,q3,sub,2100,0.0
C-EEU-HRV,Zone_4C Mixed Marine,urb,q1,perm,2015,0.06394827714003455
C-EEU-HRV,Zone_4C Mixed Marine,urb,q1,perm,2020,0.06394827714003455
C-EEU-HRV,Zone_4C Mixed Marine,urb,q1,perm,2025,0.06485350984422385
C-EEU-HRV,Zone_4C Mixed Marine,urb,q1,perm,2030,0.06568934160906106
C-EEU-HRV,Zone_4C Mixed Marine,urb,q1,perm,2035,0.06638556515616606
C-EEU-HRV,Zone_4C Mixed Marine,urb,q1,perm,2040,0.06696192876626698
C-EEU-HRV,Zone_4C Mixed Marine,urb,q1,perm,2045,0.0674543698419879
C-EEU-HRV,Zone_4C Mixed Marine,urb,q1,perm,2050,0.06785119345573305
C-EEU-HRV,Zone_4C Mixed Marine,urb,q1,perm,2055,0.06814173344885857
C-EEU-HRV,Zone_4C Mixed Marine,urb,q1,perm,2060,0.0683703086380559
C-EEU-HRV,Zone_4C Mixed Marine,urb,q1,perm,2065,0.0685890254013309
C-EEU-HRV,Zone_4C Mixed Marine,urb,q1,perm,2070,0.06881653740043957
C-EEU-HRV,Zone_4C Mixed Marine,urb,q1,perm,2075,0.06906884549572918
C-EEU-HRV,Zone_4C Mixed Marine,urb,q1,perm,2080,0.06938058518780008
C-EEU-HRV,Zone_4C Mixed Marine,urb,q1,perm,2085,0.06968189441984882
C-EEU-HRV,Zone_4C Mixed Marine,urb,q1,perm,2090,0.07003449972170096
C-EEU-HRV,Zone_4C Mixed Marine,urb,q1,perm,2095,0.0704326315298173
C-EEU-HRV,Zone_4C Mixed Marine,urb,q1,perm,2100,0.07090244728414988
C-EEU-HRV,Zone_4C Mixed Marine,urb,q1,sub,2015,0.0
C-EEU-HRV,Zone_4C Mixed Marine,urb,q1,sub,2020,0.0
C-EEU-HRV,Zone_4C Mixed Marine,urb,q1,sub,2025,0.0
C-EEU-HRV,Zone_4C Mixed Marine,urb,q1,sub,2030,0.0
C-EEU-HRV,Zone_4C Mixed Marine,urb,q1,sub,2035,0.0
C-EEU-HRV,Zone_4C Mixed Marine,urb,q1,sub,2040,0.0
C-EEU-HRV,Zone_4C Mixed Marine,urb,q1,sub,2045,0.0
C-EEU-HRV,Zone_4C Mixed Marine,urb,q1,sub,2050,0.0
C-EEU-HRV,Zone_4C Mixed Marine,urb,q1,sub,2055,0.0
C-EEU-HRV,Zone_4C Mixed Marine,urb,q1,sub,2060,0.0
C-EEU-HRV,Zone_4C Mixed Marine,urb,q1,sub,2065,0.0
C-EEU-HRV,Zone_4C Mixed Marine,urb,q1,sub,2070,0.0
C-EEU-HRV,Zone_4C Mixed Marine,urb,q1,sub,2075,0.0
C-EEU-HRV,Zone_4C Mixed Marine,urb,q1,sub,2080,0.0
C-EEU-HRV,Zone_4C Mixed Marine,urb,q1,sub,2085,0.0
C-EEU-HRV,Zone_4C Mixed Marine,urb,q1,sub,2090,0.0
C-EEU-HRV,Zone_4C Mixed Marine,urb,q1,sub,2095,0.0
C-EEU-HRV,Zone_4C Mixed Marine,urb,q1,sub,2100,0.0
C-EEU-HRV,Zone_4C Mixed Marine,urb,q2,perm,2015,0.06394827714003455
C-EEU-HRV,Zone_4C Mixed Marine,urb,q2,perm,2020,0.06394827714003455
C-EEU-HRV,Zone_4C Mixed Marine,urb,q2,perm,2025,0.06485350984422385
C-EEU-HRV,Zone_4C Mixed Marine,urb,q2,perm,2030,0.06568934160906106
C-EEU-HRV,Zone_4C Mixed Marine,urb,q2,perm,2035,0.06638556515616606
C-EEU-HRV,Zone_4C Mixed Marine,urb,q2,perm,2040,0.06696192876626698
C-EEU-HRV,Zone_4C Mixed Marine,urb,q2,perm,2045,0.0674543698419879
C-EEU-HRV,Zone_4C Mixed Marine,urb,q2,perm,2050,0.06785119345573305
C-EEU-HRV,Zone_4C Mixed Marine,urb,q2,perm,2055,0.06814173344885857
C-EEU-HRV,Zone_4C Mixed Marine,urb,q2,perm,2060,0.0683703086380559
C-EEU-HRV,Zone_4C Mixed Marine,urb,q2,perm,2065,0.0685890254013309
C-EEU-HRV,Zone_4C Mixed Marine,urb,q2,perm,2070,0.06881653740043957
C-EEU-HRV,Zone_4C Mixed Marine,urb,q2,perm,2075,0.06906884549572918
C-EEU-HRV,Zone_4C Mixed Marine,urb,q2,perm,2080,0.06938058518780008
C-EEU-HRV,Zone_4C Mixed Marine,urb,q2,perm,2085,0.06968189441984882
C-EEU-HRV,Zone_4C Mixed Marine,urb,q2,perm,2090,0.07003449972170096
C-EEU-HRV,Zone_4C Mixed Marine,urb,q2,perm,2095,0.0704326315298173
C-EEU-HRV,Zone_4C Mixed Marine,urb,q2,perm,2100,0.07090244728414988
C-EEU-HRV,Zone_4C Mixed Marine,urb,q2,sub,2015,0.0
C-EEU-HRV,Zone_4C Mixed Marine,urb,q2,sub,2020,0.0
C-EEU-HRV,Zone_4C Mixed Marine,urb,q2,sub,2025,0.0
C-EEU-HRV,Zone_4C Mixed Marine,urb,q2,sub,2030,0.0
C-EEU-HRV,Zone_4C Mixed Marine,urb,q2,sub,2035,0.0
C-EEU-HRV,Zone_4C Mixed Marine,urb,q2,sub,2040,0.0
C-EEU-HRV,Zone_4C Mixed Marine,urb,q2,sub,2045,0.0
C-EEU-HRV,Zone_4C Mixed Marine,urb,q2,sub,2050,0.0
C-EEU-HRV,Zone_4C Mixed Marine,urb,q2,sub,2055,0.0
C-EEU-HRV,Zone_4C Mixed Marine,urb,q2,sub,2060,0.0
C-EEU-HRV,Zone_4C Mixed Marine,urb,q2,sub,2065,0.0
C-EEU-HRV,Zone_4C Mixed Marine,urb,q2,sub,2070,0.0
C-EEU-HRV,Zone_4C Mixed Marine,urb,q2,sub,2075,0.0
C-EEU-HRV,Zone_4C Mixed Marine,urb,q2,sub,2080,0.0
C-EEU-HRV,Zone_4C Mixed Marine,urb,q2,sub,2085,0.0
C-EEU-HRV,Zone_4C Mixed Marine,urb,q2,sub,2090,0.0
C-EEU-HRV,Zone_4C Mixed Marine,urb,q2,sub,2095,0.0
C-EEU-HRV,Zone_4C Mixed Marine,urb,q2,sub,2100,0.0
C-EEU-HRV,Zone_4C Mixed Marine,urb,q3,perm,2015,0.06394827714003455
C-EEU-HRV,Zone_4C Mixed Marine,urb,q3,perm,2020,0.06394827714003455
C-EEU-HRV,Zone_4C Mixed Marine,urb,q3,perm,2025,0.06485350984422385
C-EEU-HRV,Zone_4C Mixed Marine,urb,q3,perm,2030,0.06568934160906106
C-EEU-HRV,Zone_4C Mixed Marine,urb,q3,perm,2035,0.06638556515616606
C-EEU-HRV,Zone_4C Mixed Marine,urb,q3,perm,2040,0.06696192876626698
C-EEU-HRV,Zone_4C Mixed Marine,urb,q3,perm,2045,0.0674543698419879
C-EEU-HRV,Zone_4C Mixed Marine,urb,q3,perm,2050,0.06785119345573305
C-EEU-HRV,Zone_4C Mixed Marine,urb,q3,perm,2055,0.06814173344885857
C-EEU-HRV,Zone_4C Mixed Marine,urb,q3,perm,2060,0.0683703086380559
C-EEU-HRV,Zone_4C Mixed Marine,urb,q3,perm,2065,0.0685890254013309
C-EEU-HRV,Zone_4C Mixed Marine,urb,q3,perm,2070,0.06881653740043957
C-EEU-HRV,Zone_4C Mixed Marine,urb,q3,perm,2075,0.06906884549572918
C-EEU-HRV,Zone_4C Mixed Marine,urb,q3,perm,2080,0.06938058518780008
C-EEU-HRV,Zone_4C Mixed Marine,urb,q3,perm,2085,0.06968189441984882
C-EEU-HRV,Zone_4C Mixed Marine,urb,q3,perm,2090,0.07003449972170096
C-EEU-HRV,Zone_4C Mixed Marine,urb,q3,perm,2095,0.0704326315298173
C-EEU-HRV,Zone_4C Mixed Marine,urb,q3,perm,2100,0.07090244728414988
C-EEU-HRV,Zone_4C Mixed Marine,urb,q3,sub,2015,0.0
C-EEU-HRV,Zone_4C Mixed Marine,urb,q3,sub,2020,0.0
C-EEU-HRV,Zone_4C Mixed Marine,urb,q3,sub,2025,0.0
C-EEU-HRV,Zone_4C Mixed Marine,urb,q3,sub,2030,0.0
C-EEU-HRV,Zone_4C Mixed Marine,urb,q3,sub,2035,0.0
C-EEU-HRV,Zone_4C Mixed Marine,urb,q3,sub,2040,0.0
C-EEU-HRV,Zone_4C Mixed Marine,urb,q3,sub,2045,0.0
C-EEU-HRV,Zone_4C Mixed Marine,urb,q3,sub,2050,0.0
C-EEU-HRV,Zone_4C Mixed Marine,urb,q3,sub,2055,0.0
C-EEU-HRV,Zone_4C Mixed Marine,urb,q3,sub,2060,0.0
C-EEU-HRV,Zone_4C Mixed Marine,urb,q3,sub,2065,0.0
C-EEU-HRV,Zone_4C Mixed Marine,urb,q3,sub,2070,0.0
C-EEU-HRV,Zone_4C Mixed Marine,urb,q3,sub,2075,0.0
C-EEU-HRV,Zone_4C Mixed Marine,urb,q3,sub,2080,0.0
C-EEU-HRV,Zone_4C Mixed Marine,urb,q3,sub,2085,0.0
C-EEU-HRV,Zone_4C Mixed Marine,urb,q3,sub,2090,0.0
C-EEU-HRV,Zone_4C Mixed Marine,urb,q3,sub,2095,0.0
C-EEU-HRV,Zone_4C Mixed Marine,urb,q3,sub,2100,0.0
C-EEU-HRV,Zone_5A Cool Humid,rur,q1,perm,2015,1.0
C-EEU-HRV,Zone_5A Cool Humid,rur,q1,perm,2020,1.0
C-EEU-HRV,Zone_5A Cool Humid,rur,q1,perm,2025,1.0
C-EEU-HRV,Zone_5A Cool Humid,rur,q1,perm,2030,1.0
C-EEU-HRV,Zone_5A Cool Humid,rur,q1,perm,2035,1.0
C-EEU-HRV,Zone_5A Cool Humid,rur,q1,perm,2040,1.0
C-EEU-HRV,Zone_5A Cool Humid,rur,q1,perm,2045,1.0
C-EEU-HRV,Zone_5A Cool Humid,rur,q1,perm,2050,1.0
C-EEU-HRV,Zone_5A Cool Humid,rur,q1,perm,2055,1.0
C-EEU-HRV,Zone_5A Cool Humid,rur,q1,perm,2060,1.0
C-EEU-HRV,Zone_5A Cool Humid,rur,q1,perm,2065,1.0
C-EEU-HRV,Zone_5A Cool Humid,rur,q1,perm,2070,1.0
C-EEU-HRV,Zone_5A Cool Humid,rur,q1,perm,2075,1.0
C-EEU-HRV,Zone_5A Cool Humid,rur,q1,perm,2080,1.0
C-EEU-HRV,Zone_5A Cool Humid,rur,q1,perm,2085,1.0
C-EEU-HRV,Zone_5A Cool Humid,rur,q1,perm,2090,1.0
C-EEU-HRV,Zone_5A Cool Humid,rur,q1,perm,2095,1.0
C-EEU-HRV,Zone_5A Cool Humid,rur,q1,perm,2100,1.0
C-EEU-HRV,Zone_5A Cool Humid,rur,q1,sub,2015,0.0
C-EEU-HRV,Zone_5A Cool Humid,rur,q1,sub,2020,0.0
C-EEU-HRV,Zone_5A Cool Humid,rur,q1,sub,2025,0.0
C-EEU-HRV,Zone_5A Cool Humid,rur,q1,sub,2030,0.0
C-EEU-HRV,Zone_5A Cool Humid,rur,q1,sub,2035,0.0
C-EEU-HRV,Zone_5A Cool Humid,rur,q1,sub,2040,0.0
C-EEU-HRV,Zone_5A Cool Humid,rur,q1,sub,2045,0.0
C-EEU-HRV,Zone_5A Cool Humid,rur,q1,sub,2050,0.0
C-EEU-HRV,Zone_5A Cool Humid,rur,q1,sub,2055,0.0
C-EEU-HRV,Zone_5A Cool Humid,rur,q1,sub,2060,0.0
C-EEU-HRV,Zone_5A Cool Humid,rur,q1,sub,2065,0.0
C-EEU-HRV,Zone_5A Cool Humid,rur,q1,sub,2070,0.0
C-EEU-HRV,Zone_5A Cool Humid,rur,q1,sub,2075,0.0
C-EEU-HRV,Zone_5A Cool Humid,rur,q1,sub,2080,0.0
C-EEU-HRV,Zone_5A Cool Humid,rur,q1,sub,2085,0.0
C-EEU-HRV,Zone_5A Cool Humid,rur,q1,sub,2090,0.0
C-EEU-HRV,Zone_5A Cool Humid,rur,q1,sub,2095,0.0
C-EEU-HRV,Zone_5A Cool Humid,rur,q1,sub,2100,0.0
C-EEU-HRV,Zone_5A Cool Humid,rur,q2,perm,2015,1.0
C-EEU-HRV,Zone_5A Cool Humid,rur,q2,perm,2020,1.0
C-EEU-HRV,Zone_5A Cool Humid,rur,q2,perm,2025,1.0
C-EEU-HRV,Zone_5A Cool Humid,rur,q2,perm,2030,1.0
C-EEU-HRV,Zone_5A Cool Humid,rur,q2,perm,2035,1.0
C-EEU-HRV,Zone_5A Cool Humid,rur,q2,perm,2040,1.0
C-EEU-HRV,Zone_5A Cool Humid,rur,q2,perm,2045,1.0
C-EEU-HRV,Zone_5A Cool Humid,rur,q2,perm,2050,1.0
C-EEU-HRV,Zone_5A Cool Humid,rur,q2,perm,2055,1.0
C-EEU-HRV,Zone_5A Cool Humid,rur,q2,perm,2060,1.0
C-EEU-HRV,Zone_5A Cool Humid,rur,q2,perm,2065,1.0
C-EEU-HRV,Zone_5A Cool Humid,rur,q2,perm,2070,1.0
C-EEU-HRV,Zone_5A Cool Humid,rur,q2,perm,2075,1.0
C-EEU-HRV,Zone_5A Cool Humid,rur,q2,perm,2080,1.0
C-EEU-HRV,Zone_5A Cool Humid,rur,q2,perm,2085,1.0
C-EEU-HRV,Zone_5A Cool Humid,rur,q2,perm,2090,1.0
C-EEU-HRV,Zone_5A Cool Humid,rur,q2,perm,2095,1.0
C-EEU-HRV,Zone_5A Cool Humid,rur,q2,perm,2100,1.0
C-EEU-HRV,Zone_5A Cool Humid,rur,q2,sub,2015,0.0
C-EEU-HRV,Zone_5A Cool Humid,rur,q2,sub,2020,0.0
C-EEU-HRV,Zone_5A Cool Humid,rur,q2,sub,2025,0.0
C-EEU-HRV,Zone_5A Cool Humid,rur,q2,sub,2030,0.0
C-EEU-HRV,Zone_5A Cool Humid,rur,q2,sub,2035,0.0
C-EEU-HRV,Zone_5A Cool Humid,rur,q2,sub,2040,0.0
C-EEU-HRV,Zone_5A Cool Humid,rur,q2,sub,2045,0.0
C-EEU-HRV,Zone_5A Cool Humid,rur,q2,sub,2050,0.0
C-EEU-HRV,Zone_5A Cool Humid,rur,q2,sub,2055,0.0
C-EEU-HRV,Zone_5A Cool Humid,rur,q2,sub,2060,0.0
C-EEU-HRV,Zone_5A Cool Humid,rur,q2,sub,2065,0.0
C-EEU-HRV,Zone_5A Cool Humid,rur,q2,sub,2070,0.0
C-EEU-HRV,Zone_5A Cool Humid,rur,q2,sub,2075,0.0
C-EEU-HRV,Zone_5A Cool Humid,rur,q2,sub,2080,0.0
C-EEU-HRV,Zone_5A Cool Humid,rur,q2,sub,2085,0.0
C-EEU-HRV,Zone_5A Cool Humid,rur,q2,sub,2090,0.0
C-EEU-HRV,Zone_5A Cool Humid,rur,q2,sub,2095,0.0
C-EEU-HRV,Zone_5A Cool Humid,rur,q2,sub,2100,0.0
C-EEU-HRV,Zone_5A Cool Humid,rur,q3,perm,2015,1.0
C-EEU-HRV,Zone_5A Cool Humid,rur,q3,perm,2020,1.0
C-EEU-HRV,Zone_5A Cool Humid,rur,q3,perm,2025,1.0
C-EEU-HRV,Zone_5A Cool Humid,rur,q3,perm,2030,1.0
C-EEU-HRV,Zone_5A Cool Humid,rur,q3,perm,2035,1.0
C-EEU-HRV,Zone_5A Cool Humid,rur,q3,perm,2040,1.0
C-EEU-HRV,Zone_5A Cool Humid,rur,q3,perm,2045,1.0
C-EEU-HRV,Zone_5A Cool Humid,rur,q3,perm,2050,1.0
C-EEU-HRV,Zone_5A Cool Humid,rur,q3,perm,2055,1.0
C-EEU-HRV,Zone_5A Cool Humid,rur,q3,perm,2060,1.0
C-EEU-HRV,Zone_5A Cool Humid,rur,q3,perm,2065,1.0
C-EEU-HRV,Zone_5A Cool Humid,rur,q3,perm,2070,1.0
C-EEU-HRV,Zone_5A Cool Humid,rur,q3,perm,2075,1.0
C-EEU-HRV,Zone_5A Cool Humid,rur,q3,perm,2080,1.0
C-EEU-HRV,Zone_5A Cool Humid,rur,q3,perm,2085,1.0
C-EEU-HRV,Zone_5A Cool Humid,rur,q3,perm,2090,1.0
C-EEU-HRV,Zone_5A Cool Humid,rur,q3,perm,2095,1.0
C-EEU-HRV,Zone_5A Cool Humid,rur,q3,perm,2100,1.0
C-EEU-HRV,Zone_5A Cool Humid,rur,q3,sub,2015,0.0
C-EEU-HRV,Zone_5A Cool Humid,rur,q3,sub,2020,0.0
C-EEU-HRV,Zone_5A Cool Humid,rur,q3,sub,2025,0.0
C-EEU-HRV,Zone_5A Cool Humid,rur,q3,sub,2030,0.0
C-EEU-HRV,Zone_5A Cool Humid,rur,q3,sub,2035,0.0
C-EEU-HRV,Zone_5A Cool Humid,rur,q3,sub,2040,0.0
C-EEU-HRV,Zone_5A Cool Humid,rur,q3,sub,2045,0.0
C-EEU-HRV,Zone_5A Cool Humid,rur,q3,sub,2050,0.0
C-EEU-HRV,Zone_5A Cool Humid,rur,q3,sub,2055,0.0
C-EEU-HRV,Zone_5A Cool Humid,rur,q3,sub,2060,0.0
C-EEU-HRV,Zone_5A Cool Humid,rur,q3,sub,2065,0.0
C-EEU-HRV,Zone_5A Cool Humid,rur,q3,sub,2070,0.0
C-EEU-HRV,Zone_5A Cool Humid,rur,q3,sub,2075,0.0
C-EEU-HRV,Zone_5A Cool Humid,rur,q3,sub,2080,0.0
C-EEU-HRV,Zone_5A Cool Humid,rur,q3,sub,2085,0.0
C-EEU-HRV,Zone_5A Cool Humid,rur,q3,sub,2090,0.0
C-EEU-HRV,Zone_5A Cool Humid,rur,q3,sub,2095,0.0
C-EEU-HRV,Zone_5A Cool Humid,rur,q3,sub,2100,0.0
C-EEU-HRV,Zone_5A Cool Humid,urb,q1,perm,2015,1.0
C-EEU-HRV,Zone_5A Cool Humid,urb,q1,perm,2020,1.0
C-EEU-HRV,Zone_5A Cool Humid,urb,q1,perm,2025,1.0
C-EEU-HRV,Zone_5A Cool Humid,urb,q1,perm,2030,1.0
C-EEU-HRV,Zone_5A Cool Humid,urb,q1,perm,2035,1.0
C-EEU-HRV,Zone_5A Cool Humid,urb,q1,perm,2040,1.0
C-EEU-HRV,Zone_5A Cool Humid,urb,q1,perm,2045,1.0
C-EEU-HRV,Zone_5A Cool Humid,urb,q1,perm,2050,1.0
C-EEU-HRV,Zone_5A Cool Humid,urb,q1,perm,2055,1.0
C-EEU-HRV,Zone_5A Cool Humid,urb,q1,perm,2060,1.0
C-EEU-HRV,Zone_5A Cool Humid,urb,q1,perm,2065,1.0
C-EEU-HRV,Zone_5A Cool Humid,urb,q1,perm,2070,1.0
C-EEU-HRV,Zone_5A Cool Humid,urb,q1,perm,2075,1.0
C-EEU-HRV,Zone_5A Cool Humid,urb,q1,perm,2080,1.0
C-EEU-HRV,Zone_5A Cool Humid,urb,q1,perm,2085,1.0
C-EEU-HRV,Zone_5A Cool Humid,urb,q1,perm,2090,1.0
C-EEU-HRV,Zone_5A Cool Humid,urb,q1,perm,2095,1.0
C-EEU-HRV,Zone_5A Cool Humid,urb,q1,perm,2100,1.0
C-EEU-HRV,Zone_5A Cool Humid,urb,q1,sub,2015,0.0
C-EEU-HRV,Zone_5A Cool Humid,urb,q1,sub,2020,0.0
C-EEU-HRV,Zone_5A Cool Humid,urb,q1,sub,2025,0.0
C-EEU-HRV,Zone_5A Cool Humid,urb,q1,sub,2030,0.0
C-EEU-HRV,Zone_5A Cool Humid,urb,q1,sub,2035,0.0
C-EEU-HRV,Zone_5A Cool Humid,urb,q1,sub,2040,0.0
C-EEU-HRV,Zone_5A Cool Humid,urb,q1,sub,2045,0.0
C-EEU-HRV,Zone_5A Cool Humid,urb,q1,sub,2050,0.0
C-EEU-HRV,Zone_5A Cool Humid,urb,q1,sub,2055,0.0
C-EEU-HRV,Zone_5A Cool Humid,urb,q1,sub,2060,0.0
C-EEU-HRV,Zone_5A Cool Humid,urb,q1,sub,2065,0.0
C-EEU-HRV,Zone_5A Cool Humid,urb,q1,sub,2070,0.0
C-EEU-HRV,Zone_5A Cool Humid,urb,q1,sub,2075,0.0
C-EEU-HRV,Zone_5A Cool Humid,urb,q1,sub,2080,0.0
C-EEU-HRV,Zone_5A Cool Humid,urb,q1,sub,2085,0.0
C-EEU-HRV,Zone_5A Cool Humid,urb,q1,sub,2090,0.0
C-EEU-HRV,Zone_5A Cool Humid,urb,q1,sub,2095,0.0
C-EEU-HRV,Zone_5A Cool Humid,urb,q1,sub,2100,0.0
C-EEU-HRV,Zone_5A Cool Humid,urb,q2,perm,2015,1.0
C-EEU-HRV,Zone_5A Cool Humid,urb,q2,perm,2020,1.0
C-EEU-HRV,Zone_5A Cool Humid,urb,q2,perm,2025,1.0
C-EEU-HRV,Zone_5A Cool Humid,urb,q2,perm,2030,1.0
C-EEU-HRV,Zone_5A Cool Humid,urb,q2,perm,2035,1.0
C-EEU-HRV,Zone_5A Cool Humid,urb,q2,perm,2040,1.0
C-EEU-HRV,Zone_5A Cool Humid,urb,q2,perm,2045,1.0
C-EEU-HRV,Zone_5A Cool Humid,urb,q2,perm,2050,1.0
C-EEU-HRV,Zone_5A Cool Humid,urb,q2,perm,2055,1.0
C-EEU-HRV,Zone_5A Cool Humid,urb,q2,perm,2060,1.0
C-EEU-HRV,Zone_5A Cool Humid,urb,q2,perm,2065,1.0
C-EEU-HRV,Zone_5A Cool Humid,urb,q2,perm,2070,1.0
C-EEU-HRV,Zone_5A Cool Humid,urb,q2,perm,2075,1.0
C-EEU-HRV,Zone_5A Cool Humid,urb,q2,perm,2080,1.0
C-EEU-HRV,Zone_5A Cool Humid,urb,q2,perm,2085,1.0
C-EEU-HRV,Zone_5A Cool Humid,urb,q2,perm,2090,1.0
C-EEU-HRV,Zone_5A Cool Humid,urb,q2,perm,2095,1.0
C-EEU-HRV,Zone_5A Cool Humid,urb,q2,perm,2100,1.0
C-EEU-HRV,Zone_5A Cool Humid,urb,q2,sub,2015,0.0
C-EEU-HRV,Zone_5A Cool Humid,urb,q2,sub,2020,0.0
C-EEU-HRV,Zone_5A Cool Humid,urb,q2,sub,2025,0.0
C-EEU-HRV,Zone_5A Cool Humid,urb,q2,sub,2030,0.0
C-EEU-HRV,Zone_5A Cool Humid,urb,q2,sub,2035,0.0
C-EEU-HRV,Zone_5A Cool Humid,urb,q2,sub,2040,0.0
C-EEU-HRV,Zone_5A Cool Humid,urb,q2,sub,2045,0.0
C-EEU-HRV,Zone_5A Cool Humid,urb,q2,sub,2050,0.0
C-EEU-HRV,Zone_5A Cool Humid,urb,q2,sub,2055,0.0
C-EEU-HRV,Zone_5A Cool Humid,urb,q2,sub,2060,0.0
C-EEU-HRV,Zone_5A Cool Humid,urb,q2,sub,2065,0.0
C-EEU-HRV,Zone_5A Cool Humid,urb,q2,sub,2070,0.0
C-EEU-HRV,Zone_5A Cool Humid,urb,q2,sub,2075,0.0
C-EEU-HRV,Zone_5A Cool Humid,urb,q2,sub,2080,0.0
C-EEU-HRV,Zone_5A Cool Humid,urb,q2,sub,2085,0.0
C-EEU-HRV,Zone_5A Cool Humid,urb,q2,sub,2090,0.0
C-EEU-HRV,Zone_5A Cool Humid,urb,q2,sub,2095,0.0
C-EEU-HRV,Zone_5A Cool Humid,urb,q2,sub,2100,0.0
C-EEU-HRV,Zone_5A Cool Humid,urb,q3,perm,2015,1.0
C-EEU-HRV,Zone_5A Cool Humid,urb,q3,perm,2020,1.0
C-EEU-HRV,Zone_5A Cool Humid,urb,q3,perm,2025,1.0
C-EEU-HRV,Zone_5A Cool Humid,urb,q3,perm,2030,1.0
C-EEU-HRV,Zone_5A Cool Humid,urb,q3,perm,2035,1.0
C-EEU-HRV,Zone_5A Cool Humid,urb,q3,perm,2040,1.0
C-EEU-HRV,Zone_5A Cool Humid,urb,q3,perm,2045,1.0
C-EEU-HRV,Zone_5A Cool Humid,urb,q3,perm,2050,1.0
C-EEU-HRV,Zone_5A Cool Humid,urb,q3,perm,2055,1.0
C-EEU-HRV,Zone_5A Cool Humid,urb,q3,perm,2060,1.0
C-EEU-HRV,Zone_5A Cool Humid,urb,q3,perm,2065,1.0
C-EEU-HRV,Zone_5A Cool Humid,urb,q3,perm,2070,1.0
C-EEU-HRV,Zone_5A Cool Humid,urb,q3,perm,2075,1.0
C-EEU-HRV,Zone_5A Cool Humid,urb,q3,perm,2080,1.0
C-EEU-HRV,Zone_5A Cool Humid,urb,q3,perm,2085,1.0
C-EEU-HRV,Zone_5A Cool Humid,urb,q3,perm,2090,1.0
C-EEU-HRV,Zone_5A Cool Humid,urb,q3,perm,2095,1.0
C-EEU-HRV,Zone_5A Cool Humid,urb,q3,perm,2100,1.0
C-EEU-HRV,Zone_5A Cool Humid,urb,q3,sub,2015,0.0
C-EEU-HRV,Zone_5A Cool Humid,urb,q3,sub,2020,0.0
C-EEU-HRV,Zone_5A Cool Humid,urb,q3,sub,2025,0.0
C-EEU-HRV,Zone_5A Cool Humid,urb,q3,sub,2030,0.0
C-EEU-HRV,Zone_5A Cool Humid,urb,q3,sub,2035,0.0
C-EEU-HRV,Zone_5A Cool Humid,urb,q3,sub,2040,0.0
C-EEU-HRV,Zone_5A Cool Humid,urb,q3,sub,2045,0.0
C-EEU-HRV,Zone_5A Cool Humid,urb,q3,sub,2050,0.0
C-EEU-HRV,Zone_5A Cool Humid,urb,q3,sub,2055,0.0
C-EEU-HRV,Zone_5A Cool Humid,urb,q3,sub,2060,0.0
C-EEU-HRV,Zone_5A Cool Humid,urb,q3,sub,2065,0.0
C-EEU-HRV,Zone_5A Cool Humid,urb,q3,sub,2070,0.0
C-EEU-HRV,Zone_5A Cool Humid,urb,q3,sub,2075,0.0
C-EEU-HRV,Zone_5A Cool Humid,urb,q3,sub,2080,0.0
C-EEU-HRV,Zone_5A Cool Humid,urb,q3,sub,2085,0.0
C-EEU-HRV,Zone_5A Cool Humid,urb,q3,sub,2090,0.0
C-EEU-HRV,Zone_5A Cool Humid,urb,q3,sub,2095,0.0
C-EEU-HRV,Zone_5A Cool Humid,urb,q3,sub,2100,0.0
C-EEU-HUN,Zone_4A Mixed Humid,rur,q1,perm,2015,1.0
C-EEU-HUN,Zone_4A Mixed Humid,rur,q1,perm,2020,1.0
C-EEU-HUN,Zone_4A Mixed Humid,rur,q1,perm,2025,1.0
C-EEU-HUN,Zone_4A Mixed Humid,rur,q1,perm,2030,1.0
C-EEU-HUN,Zone_4A Mixed Humid,rur,q1,perm,2035,1.0
C-EEU-HUN,Zone_4A Mixed Humid,rur,q1,perm,2040,1.0
C-EEU-HUN,Zone_4A Mixed Humid,rur,q1,perm,2045,1.0
C-EEU-HUN,Zone_4A Mixed Humid,rur,q1,perm,2050,1.0
C-EEU-HUN,Zone_4A Mixed Humid,rur,q1,perm,2055,1.0
C-EEU-HUN,Zone_4A Mixed Humid,rur,q1,perm,2060,1.0
C-EEU-HUN,Zone_4A Mixed Humid,rur,q1,perm,2065,1.0
C-EEU-HUN,Zone_4A Mixed Humid,rur,q1,perm,2070,1.0
C-EEU-HUN,Zone_4A Mixed Humid,rur,q1,perm,2075,1.0
C-EEU-HUN,Zone_4A Mixed Humid,rur,q1,perm,2080,1.0
C-EEU-HUN,Zone_4A Mixed Humid,rur,q1,perm,2085,1.0
C-EEU-HUN,Zone_4A Mixed Humid,rur,q1,perm,2090,1.0
C-EEU-HUN,Zone_4A Mixed Humid,rur,q1,perm,2095,1.0
C-EEU-HUN,Zone_4A Mixed Humid,rur,q1,perm,2100,1.0
C-EEU-HUN,Zone_4A Mixed Humid,rur,q1,sub,2015,0.0
C-EEU-HUN,Zone_4A Mixed Humid,rur,q1,sub,2020,0.0
C-EEU-HUN,Zone_4A Mixed Humid,rur,q1,sub,2025,0.0
C-EEU-HUN,Zone_4A Mixed Humid,rur,q1,sub,2030,0.0
C-EEU-HUN,Zone_4A Mixed Humid,rur,q1,sub,2035,0.0
C-EEU-HUN,Zone_4A Mixed Humid,rur,q1,sub,2040,0.0
C-EEU-HUN,Zone_4A Mixed Humid,rur,q1,sub,2045,0.0
C-EEU-HUN,Zone_4A Mixed Humid,rur,q1,sub,2050,0.0
C-EEU-HUN,Zone_4A Mixed Humid,rur,q1,sub,2055,0.0
C-EEU-HUN,Zone_4A Mixed Humid,rur,q1,sub,2060,0.0
C-EEU-HUN,Zone_4A Mixed Humid,rur,q1,sub,2065,0.0
C-EEU-HUN,Zone_4A Mixed Humid,rur,q1,sub,2070,0.0
C-EEU-HUN,Zone_4A Mixed Humid,rur,q1,sub,2075,0.0
C-EEU-HUN,Zone_4A Mixed Humid,rur,q1,sub,2080,0.0
C-EEU-HUN,Zone_4A Mixed Humid,rur,q1,sub,2085,0.0
C-EEU-HUN,Zone_4A Mixed Humid,rur,q1,sub,2090,0.0
C-EEU-HUN,Zone_4A Mixed Humid,rur,q1,sub,2095,0.0
C-EEU-HUN,Zone_4A Mixed Humid,rur,q1,sub,2100,0.0
C-EEU-HUN,Zone_4A Mixed Humid,rur,q2,perm,2015,1.0
C-EEU-HUN,Zone_4A Mixed Humid,rur,q2,perm,2020,1.0
C-EEU-HUN,Zone_4A Mixed Humid,rur,q2,perm,2025,1.0
C-EEU-HUN,Zone_4A Mixed Humid,rur,q2,perm,2030,1.0
C-EEU-HUN,Zone_4A Mixed Humid,rur,q2,perm,2035,1.0
C-EEU-HUN,Zone_4A Mixed Humid,rur,q2,perm,2040,1.0
C-EEU-HUN,Zone_4A Mixed Humid,rur,q2,perm,2045,1.0
C-EEU-HUN,Zone_4A Mixed Humid,rur,q2,perm,2050,1.0
C-EEU-HUN,Zone_4A Mixed Humid,rur,q2,perm,2055,1.0
C-EEU-HUN,Zone_4A Mixed Humid,rur,q2,perm,2060,1.0
C-EEU-HUN,Zone_4A Mixed Humid,rur,q2,perm,2065,1.0
C-EEU-HUN,Zone_4A Mixed Humid,rur,q2,perm,2070,1.0
C-EEU-HUN,Zone_4A Mixed Humid,rur,q2,perm,2075,1.0
C-EEU-HUN,Zone_4A Mixed Humid,rur,q2,perm,2080,1.0
C-EEU-HUN,Zone_4A Mixed Humid,rur,q2,perm,2085,1.0
C-EEU-HUN,Zone_4A Mixed Humid,rur,q2,perm,2090,1.0
C-EEU-HUN,Zone_4A Mixed Humid,rur,q2,perm,2095,1.0
C-EEU-HUN,Zone_4A Mixed Humid,rur,q2,perm,2100,1.0
C-EEU-HUN,Zone_4A Mixed Humid,rur,q2,sub,2015,0.0
C-EEU-HUN,Zone_4A Mixed Humid,rur,q2,sub,2020,0.0
C-EEU-HUN,Zone_4A Mixed Humid,rur,q2,sub,2025,0.0
C-EEU-HUN,Zone_4A Mixed Humid,rur,q2,sub,2030,0.0
C-EEU-HUN,Zone_4A Mixed Humid,rur,q2,sub,2035,0.0
C-EEU-HUN,Zone_4A Mixed Humid,rur,q2,sub,2040,0.0
C-EEU-HUN,Zone_4A Mixed Humid,rur,q2,sub,2045,0.0
C-EEU-HUN,Zone_4A Mixed Humid,rur,q2,sub,2050,0.0
C-EEU-HUN,Zone_4A Mixed Humid,rur,q2,sub,2055,0.0
C-EEU-HUN,Zone_4A Mixed Humid,rur,q2,sub,2060,0.0
C-EEU-HUN,Zone_4A Mixed Humid,rur,q2,sub,2065,0.0
C-EEU-HUN,Zone_4A Mixed Humid,rur,q2,sub,2070,0.0
C-EEU-HUN,Zone_4A Mixed Humid,rur,q2,sub,2075,0.0
C-EEU-HUN,Zone_4A Mixed Humid,rur,q2,sub,2080,0.0
C-EEU-HUN,Zone_4A Mixed Humid,rur,q2,sub,2085,0.0
C-EEU-HUN,Zone_4A Mixed Humid,rur,q2,sub,2090,0.0
C-EEU-HUN,Zone_4A Mixed Humid,rur,q2,sub,2095,0.0
C-EEU-HUN,Zone_4A Mixed Humid,rur,q2,sub,2100,0.0
C-EEU-HUN,Zone_4A Mixed Humid,rur,q3,perm,2015,1.0
C-EEU-HUN,Zone_4A Mixed Humid,rur,q3,perm,2020,1.0
C-EEU-HUN,Zone_4A Mixed Humid,rur,q3,perm,2025,1.0
C-EEU-HUN,Zone_4A Mixed Humid,rur,q3,perm,2030,1.0
C-EEU-HUN,Zone_4A Mixed Humid,rur,q3,perm,2035,1.0
C-EEU-HUN,Zone_4A Mixed Humid,rur,q3,perm,2040,1.0
C-EEU-HUN,Zone_4A Mixed Humid,rur,q3,perm,2045,1.0
C-EEU-HUN,Zone_4A Mixed Humid,rur,q3,perm,2050,1.0
C-EEU-HUN,Zone_4A Mixed Humid,rur,q3,perm,2055,1.0
C-EEU-HUN,Zone_4A Mixed Humid,rur,q3,perm,2060,1.0
C-EEU-HUN,Zone_4A Mixed Humid,rur,q3,perm,2065,1.0
C-EEU-HUN,Zone_4A Mixed Humid,rur,q3,perm,2070,1.0
C-EEU-HUN,Zone_4A Mixed Humid,rur,q3,perm,2075,1.0
C-EEU-HUN,Zone_4A Mixed Humid,rur,q3,perm,2080,1.0
C-EEU-HUN,Zone_4A Mixed Humid,rur,q3,perm,2085,1.0
C-EEU-HUN,Zone_4A Mixed Humid,rur,q3,perm,2090,1.0
C-EEU-HUN,Zone_4A Mixed Humid,rur,q3,perm,2095,1.0
C-EEU-HUN,Zone_4A Mixed Humid,rur,q3,perm,2100,1.0
C-EEU-HUN,Zone_4A Mixed Humid,rur,q3,sub,2015,0.0
C-EEU-HUN,Zone_4A Mixed Humid,rur,q3,sub,2020,0.0
C-EEU-HUN,Zone_4A Mixed Humid,rur,q3,sub,2025,0.0
C-EEU-HUN,Zone_4A Mixed Humid,rur,q3,sub,2030,0.0
C-EEU-HUN,Zone_4A Mixed Humid,rur,q3,sub,2035,0.0
C-EEU-HUN,Zone_4A Mixed Humid,rur,q3,sub,2040,0.0
C-EEU-HUN,Zone_4A Mixed Humid,rur,q3,sub,2045,0.0
C-EEU-HUN,Zone_4A Mixed Humid,rur,q3,sub,2050,0.0
C-EEU-HUN,Zone_4A Mixed Humid,rur,q3,sub,2055,0.0
C-EEU-HUN,Zone_4A Mixed Humid,rur,q3,sub,2060,0.0
C-EEU-HUN,Zone_4A Mixed Humid,rur,q3,sub,2065,0.0
C-EEU-HUN,Zone_4A Mixed Humid,rur,q3,sub,2070,0.0
C-EEU-HUN,Zone_4A Mixed Humid,rur,q3,sub,2075,0.0
C-EEU-HUN,Zone_4A Mixed Humid,rur,q3,sub,2080,0.0
C-EEU-HUN,Zone_4A Mixed Humid,rur,q3,sub,2085,0.0
C-EEU-HUN,Zone_4A Mixed Humid,rur,q3,sub,2090,0.0
C-EEU-HUN,Zone_4A Mixed Humid,rur,q3,sub,2095,0.0
C-EEU-HUN,Zone_4A Mixed Humid,rur,q3,sub,2100,0.0
C-EEU-HUN,Zone_4A Mixed Humid,urb,q1,perm,2015,1.0
C-EEU-HUN,Zone_4A Mixed Humid,urb,q1,perm,2020,1.0
C-EEU-HUN,Zone_4A Mixed Humid,urb,q1,perm,2025,1.0
C-EEU-HUN,Zone_4A Mixed Humid,urb,q1,perm,2030,1.0
C-EEU-HUN,Zone_4A Mixed Humid,urb,q1,perm,2035,1.0
C-EEU-HUN,Zone_4A Mixed Humid,urb,q1,perm,2040,1.0
C-EEU-HUN,Zone_4A Mixed Humid,urb,q1,perm,2045,1.0
C-EEU-HUN,Zone_4A Mixed Humid,urb,q1,perm,2050,1.0
C-EEU-HUN,Zone_4A Mixed Humid,urb,q1,perm,2055,1.0
C-EEU-HUN,Zone_4A Mixed Humid,urb,q1,perm,2060,1.0
C-EEU-HUN,Zone_4A Mixed Humid,urb,q1,perm,2065,1.0
C-EEU-HUN,Zone_4A Mixed Humid,urb,q1,perm,2070,1.0
C-EEU-HUN,Zone_4A Mixed Humid,urb,q1,perm,2075,1.0
C-EEU-HUN,Zone_4A Mixed Humid,urb,q1,perm,2080,1.0
C-EEU-HUN,Zone_4A Mixed Humid,urb,q1,perm,2085,1.0
C-EEU-HUN,Zone_4A Mixed Humid,urb,q1,perm,2090,1.0
C-EEU-HUN,Zone_4A Mixed Humid,urb,q1,perm,2095,1.0
C-EEU-HUN,Zone_4A Mixed Humid,urb,q1,perm,2100,1.0
C-EEU-HUN,Zone_4A Mixed Humid,urb,q1,sub,2015,0.0
C-EEU-HUN,Zone_4A Mixed Humid,urb,q1,sub,2020,0.0
C-EEU-HUN,Zone_4A Mixed Humid,urb,q1,sub,2025,0.0
C-EEU-HUN,Zone_4A Mixed Humid,urb,q1,sub,2030,0.0
C-EEU-HUN,Zone_4A Mixed Humid,urb,q1,sub,2035,0.0
C-EEU-HUN,Zone_4A Mixed Humid,urb,q1,sub,2040,0.0
C-EEU-HUN,Zone_4A Mixed Humid,urb,q1,sub,2045,0.0
C-EEU-HUN,Zone_4A Mixed Humid,urb,q1,sub,2050,0.0
C-EEU-HUN,Zone_4A Mixed Humid,urb,q1,sub,2055,0.0
C-EEU-HUN,Zone_4A Mixed Humid,urb,q1,sub,2060,0.0
C-EEU-HUN,Zone_4A Mixed Humid,urb,q1,sub,2065,0.0
C-EEU-HUN,Zone_4A Mixed Humid,urb,q1,sub,2070,0.0
C-EEU-HUN,Zone_4A Mixed Humid,urb,q1,sub,2075,0.0
C-EEU-HUN,Zone_4A Mixed Humid,urb,q1,sub,2080,0.0
C-EEU-HUN,Zone_4A Mixed Humid,urb,q1,sub,2085,0.0
C-EEU-HUN,Zone_4A Mixed Humid,urb,q1,sub,2090,0.0
C-EEU-HUN,Zone_4A Mixed Humid,urb,q1,sub,2095,0.0
C-EEU-HUN,Zone_4A Mixed Humid,urb,q1,sub,2100,0.0
C-EEU-HUN,Zone_4A Mixed Humid,urb,q2,perm,2015,1.0
C-EEU-HUN,Zone_4A Mixed Humid,urb,q2,perm,2020,1.0
C-EEU-HUN,Zone_4A Mixed Humid,urb,q2,perm,2025,1.0
C-EEU-HUN,Zone_4A Mixed Humid,urb,q2,perm,2030,1.0
C-EEU-HUN,Zone_4A Mixed Humid,urb,q2,perm,2035,1.0
C-EEU-HUN,Zone_4A Mixed Humid,urb,q2,perm,2040,1.0
C-EEU-HUN,Zone_4A Mixed Humid,urb,q2,perm,2045,1.0
C-EEU-HUN,Zone_4A Mixed Humid,urb,q2,perm,2050,1.0
C-EEU-HUN,Zone_4A Mixed Humid,urb,q2,perm,2055,1.0
C-EEU-HUN,Zone_4A Mixed Humid,urb,q2,perm,2060,1.0
C-EEU-HUN,Zone_4A Mixed Humid,urb,q2,perm,2065,1.0
C-EEU-HUN,Zone_4A Mixed Humid,urb,q2,perm,2070,1.0
C-EEU-HUN,Zone_4A Mixed Humid,urb,q2,perm,2075,1.0
C-EEU-HUN,Zone_4A Mixed Humid,urb,q2,perm,2080,1.0
C-EEU-HUN,Zone_4A Mixed Humid,urb,q2,perm,2085,1.0
C-EEU-HUN,Zone_4A Mixed Humid,urb,q2,perm,2090,1.0
C-EEU-HUN,Zone_4A Mixed Humid,urb,q2,perm,2095,1.0
C-EEU-HUN,Zone_4A Mixed Humid,urb,q2,perm,2100,1.0
C-EEU-HUN,Zone_4A Mixed Humid,urb,q2,sub,2015,0.0
C-EEU-HUN,Zone_4A Mixed Humid,urb,q2,sub,2020,0.0
C-EEU-HUN,Zone_4A Mixed Humid,urb,q2,sub,2025,0.0
C-EEU-HUN,Zone_4A Mixed Humid,urb,q2,sub,2030,0.0
C-EEU-HUN,Zone_4A Mixed Humid,urb,q2,sub,2035,0.0
C-EEU-HUN,Zone_4A Mixed Humid,urb,q2,sub,2040,0.0
C-EEU-HUN,Zone_4A Mixed Humid,urb,q2,sub,2045,0.0
C-EEU-HUN,Zone_4A Mixed Humid,urb,q2,sub,2050,0.0
C-EEU-HUN,Zone_4A Mixed Humid,urb,q2,sub,2055,0.0
C-EEU-HUN,Zone_4A Mixed Humid,urb,q2,sub,2060,0.0
C-EEU-HUN,Zone_4A Mixed Humid,urb,q2,sub,2065,0.0
C-EEU-HUN,Zone_4A Mixed Humid,urb,q2,sub,2070,0.0
C-EEU-HUN,Zone_4A Mixed Humid,urb,q2,sub,2075,0.0
C-EEU-HUN,Zone_4A Mixed Humid,urb,q2,sub,2080,0.0
C-EEU-HUN,Zone_4A Mixed Humid,urb,q2,sub,2085,0.0
C-EEU-HUN,Zone_4A Mixed Humid,urb,q2,sub,2090,0.0
C-EEU-HUN,Zone_4A Mixed Humid,urb,q2,sub,2095,0.0
C-EEU-HUN,Zone_4A Mixed Humid,urb,q2,sub,2100,0.0
C-EEU-HUN,Zone_4A Mixed Humid,urb,q3,perm,2015,1.0
C-EEU-HUN,Zone_4A Mixed Humid,urb,q3,perm,2020,1.0
C-EEU-HUN,Zone_4A Mixed Humid,urb,q3,perm,2025,1.0
C-EEU-HUN,Zone_4A Mixed Humid,urb,q3,perm,2030,1.0
C-EEU-HUN,Zone_4A Mixed Humid,urb,q3,perm,2035,1.0
C-EEU-HUN,Zone_4A Mixed Humid,urb,q3,perm,2040,1.0
C-EEU-HUN,Zone_4A Mixed Humid,urb,q3,perm,2045,1.0
C-EEU-HUN,Zone_4A Mixed Humid,urb,q3,perm,2050,1.0
C-EEU-HUN,Zone_4A Mixed Humid,urb,q3,perm,2055,1.0
C-EEU-HUN,Zone_4A Mixed Humid,urb,q3,perm,2060,1.0
C-EEU-HUN,Zone_4A Mixed Humid,urb,q3,perm,2065,1.0
C-EEU-HUN,Zone_4A Mixed Humid,urb,q3,perm,2070,1.0
C-EEU-HUN,Zone_4A Mixed Humid,urb,q3,perm,2075,1.0
C-EEU-HUN,Zone_4A Mixed Humid,urb,q3,perm,2080,1.0
C-EEU-HUN,Zone_4A Mixed Humid,urb,q3,perm,2085,1.0
C-EEU-HUN,Zone_4A Mixed Humid,urb,q3,perm,2090,1.0
C-EEU-HUN,Zone_4A Mixed Humid,urb,q3,perm,2095,1.0
C-EEU-HUN,Zone_4A Mixed Humid,urb,q3,perm,2100,1.0
C-EEU-HUN,Zone_4A Mixed Humid,urb,q3,sub,2015,0.0
C-EEU-HUN,Zone_4A Mixed Humid,urb,q3,sub,2020,0.0
C-EEU-HUN,Zone_4A Mixed Humid,urb,q3,sub,2025,0.0
C-EEU-HUN,Zone_4A Mixed Humid,urb,q3,sub,2030,0.0
C-EEU-HUN,Zone_4A Mixed Humid,urb,q3,sub,2035,0.0
C-EEU-HUN,Zone_4A Mixed Humid,urb,q3,sub,2040,0.0
C-EEU-HUN,Zone_4A Mixed Humid,urb,q3,sub,2045,0.0
C-EEU-HUN,Zone_4A Mixed Humid,urb,q3,sub,2050,0.0
C-EEU-HUN,Zone_4A Mixed Humid,urb,q3,sub,2055,0.0
C-EEU-HUN,Zone_4A Mixed Humid,urb,q3,sub,2060,0.0
C-EEU-HUN,Zone_4A Mixed Humid,urb,q3,sub,2065,0.0
C-EEU-HUN,Zone_4A Mixed Humid,urb,q3,sub,2070,0.0
C-EEU-HUN,Zone_4A Mixed Humid,urb,q3,sub,2075,0.0
C-EEU-HUN,Zone_4A Mixed Humid,urb,q3,sub,2080,0.0
C-EEU-HUN,Zone_4A Mixed Humid,urb,q3,sub,2085,0.0
C-EEU-HUN,Zone_4A Mixed Humid,urb,q3,sub,2090,0.0
C-EEU-HUN,Zone_4A Mixed Humid,urb,q3,sub,2095,0.0
C-EEU-HUN,Zone_4A Mixed Humid,urb,q3,sub,2100,0.0
C-EEU-HUN,Zone_5A Cool Humid,rur,q1,perm,2015,1.0
C-EEU-HUN,Zone_5A Cool Humid,rur,q1,perm,2020,1.0
C-EEU-HUN,Zone_5A Cool Humid,rur,q1,perm,2025,1.0
C-EEU-HUN,Zone_5A Cool Humid,rur,q1,perm,2030,1.0
C-EEU-HUN,Zone_5A Cool Humid,rur,q1,perm,2035,1.0
C-EEU-HUN,Zone_5A Cool Humid,rur,q1,perm,2040,1.0
C-EEU-HUN,Zone_5A Cool Humid,rur,q1,perm,2045,1.0
C-EEU-HUN,Zone_5A Cool Humid,rur,q1,perm,2050,1.0
C-EEU-HUN,Zone_5A Cool Humid,rur,q1,perm,2055,1.0
C-EEU-HUN,Zone_5A Cool Humid,rur,q1,perm,2060,1.0
C-EEU-HUN,Zone_5A Cool Humid,rur,q1,perm,2065,1.0
C-EEU-HUN,Zone_5A Cool Humid,rur,q1,perm,2070,1.0
C-EEU-HUN,Zone_5A Cool Humid,rur,q1,perm,2075,1.0
C-EEU-HUN,Zone_5A Cool Humid,rur,q1,perm,2080,1.0
C-EEU-HUN,Zone_5A Cool Humid,rur,q1,perm,2085,1.0
C-EEU-HUN,Zone_5A Cool Humid,rur,q1,perm,2090,1.0
C-EEU-HUN,Zone_5A Cool Humid,rur,q1,perm,2095,1.0
C-EEU-HUN,Zone_5A Cool Humid,rur,q1,perm,2100,1.0
C-EEU-HUN,Zone_5A Cool Humid,rur,q1,sub,2015,0.0
C-EEU-HUN,Zone_5A Cool Humid,rur,q1,sub,2020,0.0
C-EEU-HUN,Zone_5A Cool Humid,rur,q1,sub,2025,0.0
C-EEU-HUN,Zone_5A Cool Humid,rur,q1,sub,2030,0.0
C-EEU-HUN,Zone_5A Cool Humid,rur,q1,sub,2035,0.0
C-EEU-HUN,Zone_5A Cool Humid,rur,q1,sub,2040,0.0
C-EEU-HUN,Zone_5A Cool Humid,rur,q1,sub,2045,0.0
C-EEU-HUN,Zone_5A Cool Humid,rur,q1,sub,2050,0.0
C-EEU-HUN,Zone_5A Cool Humid,rur,q1,sub,2055,0.0
C-EEU-HUN,Zone_5A Cool Humid,rur,q1,sub,2060,0.0
C-EEU-HUN,Zone_5A Cool Humid,rur,q1,sub,2065,0.0
C-EEU-HUN,Zone_5A Cool Humid,rur,q1,sub,2070,0.0
C-EEU-HUN,Zone_5A Cool Humid,rur,q1,sub,2075,0.0
C-EEU-HUN,Zone_5A Cool Humid,rur,q1,sub,2080,0.0
C-EEU-HUN,Zone_5A Cool Humid,rur,q1,sub,2085,0.0
C-EEU-HUN,Zone_5A Cool Humid,rur,q1,sub,2090,0.0
C-EEU-HUN,Zone_5A Cool Humid,rur,q1,sub,2095,0.0
C-EEU-HUN,Zone_5A Cool Humid,rur,q1,sub,2100,0.0
C-EEU-HUN,Zone_5A Cool Humid,rur,q2,perm,2015,1.0
C-EEU-HUN,Zone_5A Cool Humid,rur,q2,perm,2020,1.0
C-EEU-HUN,Zone_5A Cool Humid,rur,q2,perm,2025,1.0
C-EEU-HUN,Zone_5A Cool Humid,rur,q2,perm,2030,1.0
C-EEU-HUN,Zone_5A Cool Humid,rur,q2,perm,2035,1.0
C-EEU-HUN,Zone_5A Cool Humid,rur,q2,perm,2040,1.0
C-EEU-HUN,Zone_5A Cool Humid,rur,q2,perm,2045,1.0
C-EEU-HUN,Zone_5A Cool Humid,rur,q2,perm,2050,1.0
C-EEU-HUN,Zone_5A Cool Humid,rur,q2,perm,2055,1.0
C-EEU-HUN,Zone_5A Cool Humid,rur,q2,perm,2060,1.0
C-EEU-HUN,Zone_5A Cool Humid,rur,q2,perm,2065,1.0
C-EEU-HUN,Zone_5A Cool Humid,rur,q2,perm,2070,1.0
C-EEU-HUN,Zone_5A Cool Humid,rur,q2,perm,2075,1.0
C-EEU-HUN,Zone_5A Cool Humid,rur,q2,perm,2080,1.0
C-EEU-HUN,Zone_5A Cool Humid,rur,q2,perm,2085,1.0
C-EEU-HUN,Zone_5A Cool Humid,rur,q2,perm,2090,1.0
C-EEU-HUN,Zone_5A Cool Humid,rur,q2,perm,2095,1.0
C-EEU-HUN,Zone_5A Cool Humid,rur,q2,perm,2100,1.0
C-EEU-HUN,Zone_5A Cool Humid,rur,q2,sub,2015,0.0
C-EEU-HUN,Zone_5A Cool Humid,rur,q2,sub,2020,0.0
C-EEU-HUN,Zone_5A Cool Humid,rur,q2,sub,2025,0.0
C-EEU-HUN,Zone_5A Cool Humid,rur,q2,sub,2030,0.0
C-EEU-HUN,Zone_5A Cool Humid,rur,q2,sub,2035,0.0
C-EEU-HUN,Zone_5A Cool Humid,rur,q2,sub,2040,0.0
C-EEU-HUN,Zone_5A Cool Humid,rur,q2,sub,2045,0.0
C-EEU-HUN,Zone_5A Cool Humid,rur,q2,sub,2050,0.0
C-EEU-HUN,Zone_5A Cool Humid,rur,q2,sub,2055,0.0
C-EEU-HUN,Zone_5A Cool Humid,rur,q2,sub,2060,0.0
C-EEU-HUN,Zone_5A Cool Humid,rur,q2,sub,2065,0.0
C-EEU-HUN,Zone_5A Cool Humid,rur,q2,sub,2070,0.0
C-EEU-HUN,Zone_5A Cool Humid,rur,q2,sub,2075,0.0
C-EEU-HUN,Zone_5A Cool Humid,rur,q2,sub,2080,0.0
C-EEU-HUN,Zone_5A Cool Humid,rur,q2,sub,2085,0.0
C-EEU-HUN,Zone_5A Cool Humid,rur,q2,sub,2090,0.0
C-EEU-HUN,Zone_5A Cool Humid,rur,q2,sub,2095,0.0
C-EEU-HUN,Zone_5A Cool Humid,rur,q2,sub,2100,0.0
C-EEU-HUN,Zone_5A Cool Humid,rur,q3,perm,2015,1.0
C-EEU-HUN,Zone_5A Cool Humid,rur,q3,perm,2020,1.0
C-EEU-HUN,Zone_5A Cool Humid,rur,q3,perm,2025,1.0
C-EEU-HUN,Zone_5A Cool Humid,rur,q3,perm,2030,1.0
C-EEU-HUN,Zone_5A Cool Humid,rur,q3,perm,2035,1.0
C-EEU-HUN,Zone_5A Cool Humid,rur,q3,perm,2040,1.0
C-EEU-HUN,Zone_5A Cool Humid,rur,q3,perm,2045,1.0
C-EEU-HUN,Zone_5A Cool Humid,rur,q3,perm,2050,1.0
C-EEU-HUN,Zone_5A Cool Humid,rur,q3,perm,2055,1.0
C-EEU-HUN,Zone_5A Cool Humid,rur,q3,perm,2060,1.0
C-EEU-HUN,Zone_5A Cool Humid,rur,q3,perm,2065,1.0
C-EEU-HUN,Zone_5A Cool Humid,rur,q3,perm,2070,1.0
C-EEU-HUN,Zone_5A Cool Humid,rur,q3,perm,2075,1.0
C-EEU-HUN,Zone_5A Cool Humid,rur,q3,perm,2080,1.0
C-EEU-HUN,Zone_5A Cool Humid,rur,q3,perm,2085,1.0
C-EEU-HUN,Zone_5A Cool Humid,rur,q3,perm,2090,1.0
C-EEU-HUN,Zone_5A Cool Humid,rur,q3,perm,2095,1.0
C-EEU-HUN,Zone_5A Cool Humid,rur,q3,perm,2100,1.0
C-EEU-HUN,Zone_5A Cool Humid,rur,q3,sub,2015,0.0
C-EEU-HUN,Zone_5A Cool Humid,rur,q3,sub,2020,0.0
C-EEU-HUN,Zone_5A Cool Humid,rur,q3,sub,2025,0.0
C-EEU-HUN,Zone_5A Cool Humid,rur,q3,sub,2030,0.0
C-EEU-HUN,Zone_5A Cool Humid,rur,q3,sub,2035,0.0
C-EEU-HUN,Zone_5A Cool Humid,rur,q3,sub,2040,0.0
C-EEU-HUN,Zone_5A Cool Humid,rur,q3,sub,2045,0.0
C-EEU-HUN,Zone_5A Cool Humid,rur,q3,sub,2050,0.0
C-EEU-HUN,Zone_5A Cool Humid,rur,q3,sub,2055,0.0
C-EEU-HUN,Zone_5A Cool Humid,rur,q3,sub,2060,0.0
C-EEU-HUN,Zone_5A Cool Humid,rur,q3,sub,2065,0.0
C-EEU-HUN,Zone_5A Cool Humid,rur,q3,sub,2070,0.0
C-EEU-HUN,Zone_5A Cool Humid,rur,q3,sub,2075,0.0
C-EEU-HUN,Zone_5A Cool Humid,rur,q3,sub,2080,0.0
C-EEU-HUN,Zone_5A Cool Humid,rur,q3,sub,2085,0.0
C-EEU-HUN,Zone_5A Cool Humid,rur,q3,sub,2090,0.0
C-EEU-HUN,Zone_5A Cool Humid,rur,q3,sub,2095,0.0
C-EEU-HUN,Zone_5A Cool Humid,rur,q3,sub,2100,0.0
C-EEU-HUN,Zone_5A Cool Humid,urb,q1,perm,2015,1.0
C-EEU-HUN,Zone_5A Cool Humid,urb,q1,perm,2020,1.0
C-EEU-HUN,Zone_5A Cool Humid,urb,q1,perm,2025,1.0
C-EEU-HUN,Zone_5A Cool Humid,urb,q1,perm,2030,1.0
C-EEU-HUN,Zone_5A Cool Humid,urb,q1,perm,2035,1.0
C-EEU-HUN,Zone_5A Cool Humid,urb,q1,perm,2040,1.0
C-EEU-HUN,Zone_5A Cool Humid,urb,q1,perm,2045,1.0
C-EEU-HUN,Zone_5A Cool Humid,urb,q1,perm,2050,1.0
C-EEU-HUN,Zone_5A Cool Humid,urb,q1,perm,2055,1.0
C-EEU-HUN,Zone_5A Cool Humid,urb,q1,perm,2060,1.0
C-EEU-HUN,Zone_5A Cool Humid,urb,q1,perm,2065,1.0
C-EEU-HUN,Zone_5A Cool Humid,urb,q1,perm,2070,1.0
C-EEU-HUN,Zone_5A Cool Humid,urb,q1,perm,2075,1.0
C-EEU-HUN,Zone_5A Cool Humid,urb,q1,perm,2080,1.0
C-EEU-HUN,Zone_5A Cool Humid,urb,q1,perm,2085,1.0
C-EEU-HUN,Zone_5A Cool Humid,urb,q1,perm,2090,1.0
C-EEU-HUN,Zone_5A Cool Humid,urb,q1,perm,2095,1.0
C-EEU-HUN,Zone_5A Cool Humid,urb,q1,perm,2100,1.0
C-EEU-HUN,Zone_5A Cool Humid,urb,q1,sub,2015,0.0
C-EEU-HUN,Zone_5A Cool Humid,urb,q1,sub,2020,0.0
C-EEU-HUN,Zone_5A Cool Humid,urb,q1,sub,2025,0.0
C-EEU-HUN,Zone_5A Cool Humid,urb,q1,sub,2030,0.0
C-EEU-HUN,Zone_5A Cool Humid,urb,q1,sub,2035,0.0
C-EEU-HUN,Zone_5A Cool Humid,urb,q1,sub,2040,0.0
C-EEU-HUN,Zone_5A Cool Humid,urb,q1,sub,2045,0.0
C-EEU-HUN,Zone_5A Cool Humid,urb,q1,sub,2050,0.0
C-EEU-HUN,Zone_5A Cool Humid,urb,q1,sub,2055,0.0
C-EEU-HUN,Zone_5A Cool Humid,urb,q1,sub,2060,0.0
C-EEU-HUN,Zone_5A Cool Humid,urb,q1,sub,2065,0.0
C-EEU-HUN,Zone_5A Cool Humid,urb,q1,sub,2070,0.0
C-EEU-HUN,Zone_5A Cool Humid,urb,q1,sub,2075,0.0
C-EEU-HUN,Zone_5A Cool Humid,urb,q1,sub,2080,0.0
C-EEU-HUN,Zone_5A Cool Humid,urb,q1,sub,2085,0.0
C-EEU-HUN,Zone_5A Cool Humid,urb,q1,sub,2090,0.0
C-EEU-HUN,Zone_5A Cool Humid,urb,q1,sub,2095,0.0
C-EEU-HUN,Zone_5A Cool Humid,urb,q1,sub,2100,0.0
C-EEU-HUN,Zone_5A Cool Humid,urb,q2,perm,2015,1.0
C-EEU-HUN,Zone_5A Cool Humid,urb,q2,perm,2020,1.0
C-EEU-HUN,Zone_5A Cool Humid,urb,q2,perm,2025,1.0
C-EEU-HUN,Zone_5A Cool Humid,urb,q2,perm,2030,1.0
C-EEU-HUN,Zone_5A Cool Humid,urb,q2,perm,2035,1.0
C-EEU-HUN,Zone_5A Cool Humid,urb,q2,perm,2040,1.0
C-EEU-HUN,Zone_5A Cool Humid,urb,q2,perm,2045,1.0
C-EEU-HUN,Zone_5A Cool Humid,urb,q2,perm,2050,1.0
C-EEU-HUN,Zone_5A Cool Humid,urb,q2,perm,2055,1.0
C-EEU-HUN,Zone_5A Cool Humid,urb,q2,perm,2060,1.0
C-EEU-HUN,Zone_5A Cool Humid,urb,q2,perm,2065,1.0
C-EEU-HUN,Zone_5A Cool Humid,urb,q2,perm,2070,1.0
C-EEU-HUN,Zone_5A Cool Humid,urb,q2,perm,2075,1.0
C-EEU-HUN,Zone_5A Cool Humid,urb,q2,perm,2080,1.0
C-EEU-HUN,Zone_5A Cool Humid,urb,q2,perm,2085,1.0
C-EEU-HUN,Zone_5A Cool Humid,urb,q2,perm,2090,1.0
C-EEU-HUN,Zone_5A Cool Humid,urb,q2,perm,2095,1.0
C-EEU-HUN,Zone_5A Cool Humid,urb,q2,perm,2100,1.0
C-EEU-HUN,Zone_5A Cool Humid,urb,q2,sub,2015,0.0
C-EEU-HUN,Zone_5A Cool Humid,urb,q2,sub,2020,0.0
C-EEU-HUN,Zone_5A Cool Humid,urb,q2,sub,2025,0.0
C-EEU-HUN,Zone_5A Cool Humid,urb,q2,sub,2030,0.0
C-EEU-HUN,Zone_5A Cool Humid,urb,q2,sub,2035,0.0
C-EEU-HUN,Zone_5A Cool Humid,urb,q2,sub,2040,0.0
C-EEU-HUN,Zone_5A Cool Humid,urb,q2,sub,2045,0.0
C-EEU-HUN,Zone_5A Cool Humid,urb,q2,sub,2050,0.0
C-EEU-HUN,Zone_5A Cool Humid,urb,q2,sub,2055,0.0
C-EEU-HUN,Zone_5A Cool Humid,urb,q2,sub,2060,0.0
C-EEU-HUN,Zone_5A Cool Humid,urb,q2,sub,2065,0.0
C-EEU-HUN,Zone_5A Cool Humid,urb,q2,sub,2070,0.0
C-EEU-HUN,Zone_5A Cool Humid,urb,q2,sub,2075,0.0
C-EEU-HUN,Zone_5A Cool Humid,urb,q2,sub,2080,0.0
C-EEU-HUN,Zone_5A Cool Humid,urb,q2,sub,2085,0.0
C-EEU-HUN,Zone_5A Cool Humid,urb,q2,sub,2090,0.0
C-EEU-HUN,Zone_5A Cool Humid,urb,q2,sub,2095,0.0
C-EEU-HUN,Zone_5A Cool Humid,urb,q2,sub,2100,0.0
C-EEU-HUN,Zone_5A Cool Humid,urb,q3,perm,2015,1.0
C-EEU-HUN,Zone_5A Cool Humid,urb,q3,perm,2020,1.0
C-EEU-HUN,Zone_5A Cool Humid,urb,q3,perm,2025,1.0
C-EEU-HUN,Zone_5A Cool Humid,urb,q3,perm,2030,1.0
C-EEU-HUN,Zone_5A Cool Humid,urb,q3,perm,2035,1.0
C-EEU-HUN,Zone_5A Cool Humid,urb,q3,perm,2040,1.0
C-EEU-HUN,Zone_5A Cool Humid,urb,q3,perm,2045,1.0
C-EEU-HUN,Zone_5A Cool Humid,urb,q3,perm,2050,1.0
C-EEU-HUN,Zone_5A Cool Humid,urb,q3,perm,2055,1.0
C-EEU-HUN,Zone_5A Cool Humid,urb,q3,perm,2060,1.0
C-EEU-HUN,Zone_5A Cool Humid,urb,q3,perm,2065,1.0
C-EEU-HUN,Zone_5A Cool Humid,urb,q3,perm,2070,1.0
C-EEU-HUN,Zone_5A Cool Humid,urb,q3,perm,2075,1.0
C-EEU-HUN,Zone_5A Cool Humid,urb,q3,perm,2080,1.0
C-EEU-HUN,Zone_5A Cool Humid,urb,q3,perm,2085,1.0
C-EEU-HUN,Zone_5A Cool Humid,urb,q3,perm,2090,1.0
C-EEU-HUN,Zone_5A Cool Humid,urb,q3,perm,2095,1.0
C-EEU-HUN,Zone_5A Cool Humid,urb,q3,perm,2100,1.0
C-EEU-HUN,Zone_5A Cool Humid,urb,q3,sub,2015,0.0
C-EEU-HUN,Zone_5A Cool Humid,urb,q3,sub,2020,0.0
C-EEU-HUN,Zone_5A Cool Humid,urb,q3,sub,2025,0.0
C-EEU-HUN,Zone_5A Cool Humid,urb,q3,sub,2030,0.0
C-EEU-HUN,Zone_5A Cool Humid,urb,q3,sub,2035,0.0
C-EEU-HUN,Zone_5A Cool Humid,urb,q3,sub,2040,0.0
C-EEU-HUN,Zone_5A Cool Humid,urb,q3,sub,2045,0.0
C-EEU-HUN,Zone_5A Cool Humid,urb,q3,sub,2050,0.0
C-EEU-HUN,Zone_5A Cool Humid,urb,q3,sub,2055,0.0
C-EEU-HUN,Zone_5A Cool Humid,urb,q3,sub,2060,0.0
C-EEU-HUN,Zone_5A Cool Humid,urb,q3,sub,2065,0.0
C-EEU-HUN,Zone_5A Cool Humid,urb,q3,sub,2070,0.0
C-EEU-HUN,Zone_5A Cool Humid,urb,q3,sub,2075,0.0
C-EEU-HUN,Zone_5A Cool Humid,urb,q3,sub,2080,0.0
C-EEU-HUN,Zone_5A Cool Humid,urb,q3,sub,2085,0.0
C-EEU-HUN,Zone_5A Cool Humid,urb,q3,sub,2090,0.0
C-EEU-HUN,Zone_5A Cool Humid,urb,q3,sub,2095,0.0
C-EEU-HUN,Zone_5A Cool Humid,urb,q3,sub,2100,0.0
C-EEU-LTU,Zone_5A Cool Humid,rur,q1,perm,2015,0.1449143340715504
C-EEU-LTU,Zone_5A Cool Humid,rur,q1,perm,2020,0.1449143340715504
C-EEU-LTU,Zone_5A Cool Humid,rur,q1,perm,2025,0.14519136223970439
C-EEU-LTU,Zone_5A Cool Humid,rur,q1,perm,2030,0.14527191065569234
C-EEU-LTU,Zone_5A Cool Humid,rur,q1,perm,2035,0.1453562329146786
C-EEU-LTU,Zone_5A Cool Humid,rur,q1,perm,2040,0.1453377602985932
C-EEU-LTU,Zone_5A Cool Humid,rur,q1,perm,2045,0.14525905853888224
C-EEU-LTU,Zone_5A Cool Humid,rur,q1,perm,2050,0.14508442323417933
C-EEU-LTU,Zone_5A Cool Humid,rur,q1,perm,2055,0.14496082204957403
C-EEU-LTU,Zone_5A Cool Humid,rur,q1,perm,2060,0.14496476980103692
C-EEU-LTU,Zone_5A Cool Humid,rur,q1,perm,2065,0.1451348271589404
C-EEU-LTU,Zone_5A Cool Humid,rur,q1,perm,2070,0.14554819647662598
C-EEU-LTU,Zone_5A Cool Humid,rur,q1,perm,2075,0.1461786927912311
C-EEU-LTU,Zone_5A Cool Humid,rur,q1,perm,2080,0.14695137322905286
C-EEU-LTU,Zone_5A Cool Humid,rur,q1,perm,2085,0.14781373466980868
C-EEU-LTU,Zone_5A Cool Humid,rur,q1,perm,2090,0.14864297252927042
C-EEU-LTU,Zone_5A Cool Humid,rur,q1,perm,2095,0.14937159764193372
C-EEU-LTU,Zone_5A Cool Humid,rur,q1,perm,2100,0.15015042511843782
C-EEU-LTU,Zone_5A Cool Humid,rur,q1,sub,2015,0.0
C-EEU-LTU,Zone_5A Cool Humid,rur,q1,sub,2020,0.0
C-EEU-LTU,Zone_5A Cool Humid,rur,q1,sub,2025,0.0
C-EEU-LTU,Zone_5A Cool Humid,rur,q1,sub,2030,0.0
C-EEU-LTU,Zone_5A Cool Humid,rur,q1,sub,2035,0.0
C-EEU-LTU,Zone_5A Cool Humid,rur,q1,sub,2040,0.0
C-EEU-LTU,Zone_5A Cool Humid,rur,q1,sub,2045,0.0
C-EEU-LTU,Zone_5A Cool Humid,rur,q1,sub,2050,0.0
C-EEU-LTU,Zone_5A Cool Humid,rur,q1,sub,2055,0.0
C-EEU-LTU,Zone_5A Cool Humid,rur,q1,sub,2060,0.0
C-EEU-LTU,Zone_5A Cool Humid,rur,q1,sub,2065,0.0
C-EEU-LTU,Zone_5A Cool Humid,rur,q1,sub,2070,0.0
C-EEU-LTU,Zone_5A Cool Humid,rur,q1,sub,2075,0.0
C-EEU-LTU,Zone_5A Cool Humid,rur,q1,sub,2080,0.0
C-EEU-LTU,Zone_5A Cool Humid,rur,q1,sub,2085,0.0
C-EEU-LTU,Zone_5A Cool Humid,rur,q1,sub,2090,0.0
C-EEU-LTU,Zone_5A Cool Humid,rur,q1,sub,2095,0.0
C-EEU-LTU,Zone_5A Cool Humid,rur,q1,sub,2100,0.0
C-EEU-LTU,Zone_5A Cool Humid,rur,q2,perm,2015,0.1449143340715504
C-EEU-LTU,Zone_5A Cool Humid,rur,q2,perm,2020,0.1449143340715504
C-EEU-LTU,Zone_5A Cool Humid,rur,q2,perm,2025,0.14519136223970439
C-EEU-LTU,Zone_5A Cool Humid,rur,q2,perm,2030,0.14527191065569234
C-EEU-LTU,Zone_5A Cool Humid,rur,q2,perm,2035,0.1453562329146786
C-EEU-LTU,Zone_5A Cool Humid,rur,q2,perm,2040,0.1453377602985932
C-EEU-LTU,Zone_5A Cool Humid,rur,q2,perm,2045,0.14525905853888224
C-EEU-LTU,Zone_5A Cool Humid,rur,q2,perm,2050,0.14508442323417933
C-EEU-LTU,Zone_5A Cool Humid,rur,q2,perm,2055,0.14496082204957403
C-EEU-LTU,Zone_5A Cool Humid,rur,q2,perm,2060,0.14496476980103692
C-EEU-LTU,Zone_5A Cool Humid,rur,q2,perm,2065,0.1451348271589404
C-EEU-LTU,Zone_5A Cool Humid,rur,q2,perm,2070,0.14554819647662598
C-EEU-LTU,Zone_5A Cool Humid,rur,q2,perm,2075,0.1461786927912311
C-EEU-LTU,Zone_5A Cool Humid,rur,q2,perm,2080,0.14695137322905286
C-EEU-LTU,Zone_5A Cool Humid,rur,q2,perm,2085,0.14781373466980868
C-EEU-LTU,Zone_5A Cool Humid,rur,q2,perm,2090,0.14864297252927042
C-EEU-LTU,Zone_5A Cool Humid,rur,q2,perm,2095,0.14937159764193372
C-EEU-LTU,Zone_5A Cool Humid,rur,q2,perm,2100,0.15015042511843782
C-EEU-LTU,Zone_5A Cool Humid,rur,q2,sub,2015,0.0
C-EEU-LTU,Zone_5A Cool Humid,rur,q2,sub,2020,0.0
C-EEU-LTU,Zone_5A Cool Humid,rur,q2,sub,2025,0.0
C-EEU-LTU,Zone_5A Cool Humid,rur,q2,sub,2030,0.0
C-EEU-LTU,Zone_5A Cool Humid,rur,q2,sub,2035,0.0
C-EEU-LTU,Zone_5A Cool Humid,rur,q2,sub,2040,0.0
C-EEU-LTU,Zone_5A Cool Humid,rur,q2,sub,2045,0.0
C-EEU-LTU,Zone_5A Cool Humid,rur,q2,sub,2050,0.0
C-EEU-LTU,Zone_5A Cool Humid,rur,q2,sub,2055,0.0
C-EEU-LTU,Zone_5A Cool Humid,rur,q2,sub,2060,0.0
C-EEU-LTU,Zone_5A Cool Humid,rur,q2,sub,2065,0.0
C-EEU-LTU,Zone_5A Cool Humid,rur,q2,sub,2070,0.0
C-EEU-LTU,Zone_5A Cool Humid,rur,q2,sub,2075,0.0
C-EEU-LTU,Zone_5A Cool Humid,rur,q2,sub,2080,0.0
C-EEU-LTU,Zone_5A Cool Humid,rur,q2,sub,2085,0.0
C-EEU-LTU,Zone_5A Cool Humid,rur,q2,sub,2090,0.0
C-EEU-LTU,Zone_5A Cool Humid,rur,q2,sub,2095,0.0
C-EEU-LTU,Zone_5A Cool Humid,rur,q2,sub,2100,0.0
C-EEU-LTU,Zone_5A Cool Humid,rur,q3,perm,2015,0.1449143340715504
C-EEU-LTU,Zone_5A Cool Humid,rur,q3,perm,2020,0.1449143340715504
C-EEU-LTU,Zone_5A Cool Humid,rur,q3,perm,2025,0.14519136223970439
C-EEU-LTU,Zone_5A Cool Humid,rur,q3,perm,2030,0.14527191065569234
C-EEU-LTU,Zone_5A Cool Humid,rur,q3,perm,2035,0.1453562329146786
C-EEU-LTU,Zone_5A Cool Humid,rur,q3,perm,2040,0.1453377602985932
C-EEU-LTU,Zone_5A Cool Humid,rur,q3,perm,2045,0.14525905853888224
C-EEU-LTU,Zone_5A Cool Humid,rur,q3,perm,2050,0.14508442323417933
C-EEU-LTU,Zone_5A Cool Humid,rur,q3,perm,2055,0.14496082204957403
C-EEU-LTU,Zone_5A Cool Humid,rur,q3,perm,2060,0.14496476980103692
C-EEU-LTU,Zone_5A Cool Humid,rur,q3,perm,2065,0.1451348271589404
C-EEU-LTU,Zone_5A Cool Humid,rur,q3,perm,2070,0.14554819647662598
C-EEU-LTU,Zone_5A Cool Humid,rur,q3,perm,2075,0.1461786927912311
C-EEU-LTU,Zone_5A Cool Humid,rur,q3,perm,2080,0.14695137322905286
C-EEU-LTU,Zone_5A Cool Humid,rur,q3,perm,2085,0.14781373466980868
C-EEU-LTU,Zone_5A Cool Humid,rur,q3,perm,2090,0.14864297252927042
C-EEU-LTU,Zone_5A Cool Humid,rur,q3,perm,2095,0.14937159764193372
C-EEU-LTU,Zone_5A Cool Humid,rur,q3,perm,2100,0.15015042511843782
C-EEU-LTU,Zone_5A Cool Humid,rur,q3,sub,2015,0.0
C-EEU-LTU,Zone_5A Cool Humid,rur,q3,sub,2020,0.0
C-EEU-LTU,Zone_5A Cool Humid,rur,q3,sub,2025,0.0
C-EEU-LTU,Zone_5A Cool Humid,rur,q3,sub,2030,0.0
C-EEU-LTU,Zone_5A Cool Humid,rur,q3,sub,2035,0.0
C-EEU-LTU,Zone_5A Cool Humid,rur,q3,sub,2040,0.0
C-EEU-LTU,Zone_5A Cool Humid,rur,q3,sub,2045,0.0
C-EEU-LTU,Zone_5A Cool Humid,rur,q3,sub,2050,0.0
C-EEU-LTU,Zone_5A Cool Humid,rur,q3,sub,2055,0.0
C-EEU-LTU,Zone_5A Cool Humid,rur,q3,sub,2060,0.0
C-EEU-LTU,Zone_5A Cool Humid,rur,q3,sub,2065,0.0
C-EEU-LTU,Zone_5A Cool Humid,rur,q3,sub,2070,0.0
C-EEU-LTU,Zone_5A Cool Humid,rur,q3,sub,2075,0.0
C-EEU-LTU,Zone_5A Cool Humid,rur,q3,sub,2080,0.0
C-EEU-LTU,Zone_5A Cool Humid,rur,q3,sub,2085,0.0
C-EEU-LTU,Zone_5A Cool Humid,rur,q3,sub,2090,0.0
C-EEU-LTU,Zone_5A Cool Humid,rur,q3,sub,2095,0.0
C-EEU-LTU,Zone_5A Cool Humid,rur,q3,sub,2100,0.0
C-EEU-LTU,Zone_5A Cool Humid,urb,q1,perm,2015,0.14491433407155038
C-EEU-LTU,Zone_5A Cool Humid,urb,q1,perm,2020,0.14491433407155038
C-EEU-LTU,Zone_5A Cool Humid,urb,q1,perm,2025,0.1451913622397043
C-EEU-LTU,Zone_5A Cool Humid,urb,q1,perm,2030,0.1452719106556923
C-EEU-LTU,Zone_5A Cool Humid,urb,q1,perm,2035,0.1453562329146787
C-EEU-LTU,Zone_5A Cool Humid,urb,q1,perm,2040,0.14533776029859322
C-EEU-LTU,Zone_5A Cool Humid,urb,q1,perm,2045,0.14525905853888227
C-EEU-LTU,Zone_5A Cool Humid,urb,q1,perm,2050,0.14508442323417942
C-EEU-LTU,Zone_5A Cool Humid,urb,q1,perm,2055,0.14496082204957417
C-EEU-LTU,Zone_5A Cool Humid,urb,q1,perm,2060,0.14496476980103712
C-EEU-LTU,Zone_5A Cool Humid,urb,q1,perm,2065,0.14513482715894035
C-EEU-LTU,Zone_5A Cool Humid,urb,q1,perm,2070,0.14554819647662595
C-EEU-LTU,Zone_5A Cool Humid,urb,q1,perm,2075,0.146178692791231
C-EEU-LTU,Zone_5A Cool Humid,urb,q1,perm,2080,0.14695137322905302
C-EEU-LTU,Zone_5A Cool Humid,urb,q1,perm,2085,0.14781373466980852
C-EEU-LTU,Zone_5A Cool Humid,urb,q1,perm,2090,0.14864297252927067
C-EEU-LTU,Zone_5A Cool Humid,urb,q1,perm,2095,0.14937159764193392
C-EEU-LTU,Zone_5A Cool Humid,urb,q1,perm,2100,0.15015042511843776
C-EEU-LTU,Zone_5A Cool Humid,urb,q1,sub,2015,0.0
C-EEU-LTU,Zone_5A Cool Humid,urb,q1,sub,2020,0.0
C-EEU-LTU,Zone_5A Cool Humid,urb,q1,sub,2025,0.0
C-EEU-LTU,Zone_5A Cool Humid,urb,q1,sub,2030,0.0
C-EEU-LTU,Zone_5A Cool Humid,urb,q1,sub,2035,0.0
C-EEU-LTU,Zone_5A Cool Humid,urb,q1,sub,2040,0.0
C-EEU-LTU,Zone_5A Cool Humid,urb,q1,sub,2045,0.0
C-EEU-LTU,Zone_5A Cool Humid,urb,q1,sub,2050,0.0
C-EEU-LTU,Zone_5A Cool Humid,urb,q1,sub,2055,0.0
C-EEU-LTU,Zone_5A Cool Humid,urb,q1,sub,2060,0.0
C-EEU-LTU,Zone_5A Cool Humid,urb,q1,sub,2065,0.0
C-EEU-LTU,Zone_5A Cool Humid,urb,q1,sub,2070,0.0
C-EEU-LTU,Zone_5A Cool Humid,urb,q1,sub,2075,0.0
C-EEU-LTU,Zone_5A Cool Humid,urb,q1,sub,2080,0.0
C-EEU-LTU,Zone_5A Cool Humid,urb,q1,sub,2085,0.0
C-EEU-LTU,Zone_5A Cool Humid,urb,q1,sub,2090,0.0
C-EEU-LTU,Zone_5A Cool Humid,urb,q1,sub,2095,0.0
C-EEU-LTU,Zone_5A Cool Humid,urb,q1,sub,2100,0.0
C-EEU-LTU,Zone_5A Cool Humid,urb,q2,perm,2015,0.14491433407155038
C-EEU-LTU,Zone_5A Cool Humid,urb,q2,perm,2020,0.14491433407155038
C-EEU-LTU,Zone_5A Cool Humid,urb,q2,perm,2025,0.1451913622397043
C-EEU-LTU,Zone_5A Cool Humid,urb,q2,perm,2030,0.1452719106556923
C-EEU-LTU,Zone_5A Cool Humid,urb,q2,perm,2035,0.1453562329146787
C-EEU-LTU,Zone_5A Cool Humid,urb,q2,perm,2040,0.14533776029859322
C-EEU-LTU,Zone_5A Cool Humid,urb,q2,perm,2045,0.14525905853888227
C-EEU-LTU,Zone_5A Cool Humid,urb,q2,perm,2050,0.14508442323417942
C-EEU-LTU,Zone_5A Cool Humid,urb,q2,perm,2055,0.14496082204957417
C-EEU-LTU,Zone_5A Cool Humid,urb,q2,perm,2060,0.14496476980103712
C-EEU-LTU,Zone_5A Cool Humid,urb,q2,perm,2065,0.14513482715894035
C-EEU-LTU,Zone_5A Cool Humid,urb,q2,perm,2070,0.14554819647662595
C-EEU-LTU,Zone_5A Cool Humid,urb,q2,perm,2075,0.146178692791231
C-EEU-LTU,Zone_5A Cool Humid,urb,q2,perm,2080,0.14695137322905302
C-EEU-LTU,Zone_5A Cool Humid,urb,q2,perm,2085,0.14781373466980852
C-EEU-LTU,Zone_5A Cool Humid,urb,q2,perm,2090,0.14864297252927067
C-EEU-LTU,Zone_5A Cool Humid,urb,q2,perm,2095,0.14937159764193392
C-EEU-LTU,Zone_5A Cool Humid,urb,q2,perm,2100,0.15015042511843776
C-EEU-LTU,Zone_5A Cool Humid,urb,q2,sub,2015,0.0
C-EEU-LTU,Zone_5A Cool Humid,urb,q2,sub,2020,0.0
C-EEU-LTU,Zone_5A Cool Humid,urb,q2,sub,2025,0.0
C-EEU-LTU,Zone_5A Cool Humid,urb,q2,sub,2030,0.0
C-EEU-LTU,Zone_5A Cool Humid,urb,q2,sub,2035,0.0
C-EEU-LTU,Zone_5A Cool Humid,urb,q2,sub,2040,0.0
C-EEU-LTU,Zone_5A Cool Humid,urb,q2,sub,2045,0.0
C-EEU-LTU,Zone_5A Cool Humid,urb,q2,sub,2050,0.0
C-EEU-LTU,Zone_5A Cool Humid,urb,q2,sub,2055,0.0
C-EEU-LTU,Zone_5A Cool Humid,urb,q2,sub,2060,0.0
C-EEU-LTU,Zone_5A Cool Humid,urb,q2,sub,2065,0.0
C-EEU-LTU,Zone_5A Cool Humid,urb,q2,sub,2070,0.0
C-EEU-LTU,Zone_5A Cool Humid,urb,q2,sub,2075,0.0
C-EEU-LTU,Zone_5A Cool Humid,urb,q2,sub,2080,0.0
C-EEU-LTU,Zone_5A Cool Humid,urb,q2,sub,2085,0.0
C-EEU-LTU,Zone_5A Cool Humid,urb,q2,sub,2090,0.0
C-EEU-LTU,Zone_5A Cool Humid,urb,q2,sub,2095,0.0
C-EEU-LTU,Zone_5A Cool Humid,urb,q2,sub,2100,0.0
C-EEU-LTU,Zone_5A Cool Humid,urb,q3,perm,2015,0.14491433407155038
C-EEU-LTU,Zone_5A Cool Humid,urb,q3,perm,2020,0.14491433407155038
C-EEU-LTU,Zone_5A Cool Humid,urb,q3,perm,2025,0.1451913622397043
C-EEU-LTU,Zone_5A Cool Humid,urb,q3,perm,2030,0.1452719106556923
C-EEU-LTU,Zone_5A Cool Humid,urb,q3,perm,2035,0.1453562329146787
C-EEU-LTU,Zone_5A Cool Humid,urb,q3,perm,2040,0.14533776029859322
C-EEU-LTU,Zone_5A Cool Humid,urb,q3,perm,2045,0.14525905853888227
C-EEU-LTU,Zone_5A Cool Humid,urb,q3,perm,2050,0.14508442323417942
C-EEU-LTU,Zone_5A Cool Humid,urb,q3,perm,2055,0.14496082204957417
C-EEU-LTU,Zone_5A Cool Humid,urb,q3,perm,2060,0.14496476980103712
C-EEU-LTU,Zone_5A Cool Humid,urb,q3,perm,2065,0.14513482715894035
C-EEU-LTU,Zone_5A Cool Humid,urb,q3,perm,2070,0.14554819647662595
C-EEU-LTU,Zone_5A Cool Humid,urb,q3,perm,2075,0.146178692791231
C-EEU-LTU,Zone_5A Cool Humid,urb,q3,perm,2080,0.14695137322905302
C-EEU-LTU,Zone_5A Cool Humid,urb,q3,perm,2085,0.14781373466980852
C-EEU-LTU,Zone_5A Cool Humid,urb,q3,perm,2090,0.14864297252927067
C-EEU-LTU,Zone_5A Cool Humid,urb,q3,perm,2095,0.14937159764193392
C-EEU-LTU,Zone_5A Cool Humid,urb,q3,perm,2100,0.15015042511843776
C-EEU-LTU,Zone_5A Cool Humid,urb,q3,sub,2015,0.0
C-EEU-LTU,Zone_5A Cool Humid,urb,q3,sub,2020,0.0
C-EEU-LTU,Zone_5A Cool Humid,urb,q3,sub,2025,0.0
C-EEU-LTU,Zone_5A Cool Humid,urb,q3,sub,2030,0.0
C-EEU-LTU,Zone_5A Cool Humid,urb,q3,sub,2035,0.0
C-EEU-LTU,Zone_5A Cool Humid,urb,q3,sub,2040,0.0
C-EEU-LTU,Zone_5A Cool Humid,urb,q3,sub,2045,0.0
C-EEU-LTU,Zone_5A Cool Humid,urb,q3,sub,2050,0.0
C-EEU-LTU,Zone_5A Cool Humid,urb,q3,sub,2055,0.0
C-EEU-LTU,Zone_5A Cool Humid,urb,q3,sub,2060,0.0
C-EEU-LTU,Zone_5A Cool Humid,urb,q3,sub,2065,0.0
C-EEU-LTU,Zone_5A Cool Humid,urb,q3,sub,2070,0.0
C-EEU-LTU,Zone_5A Cool Humid,urb,q3,sub,2075,0.0
C-EEU-LTU,Zone_5A Cool Humid,urb,q3,sub,2080,0.0
C-EEU-LTU,Zone_5A Cool Humid,urb,q3,sub,2085,0.0
C-EEU-LTU,Zone_5A Cool Humid,urb,q3,sub,2090,0.0
C-EEU-LTU,Zone_5A Cool Humid,urb,q3,sub,2095,0.0
C-EEU-LTU,Zone_5A Cool Humid,urb,q3,sub,2100,0.0
C-EEU-LTU,Zone_6A Cold Humid,rur,q1,perm,2015,1.0
C-EEU-LTU,Zone_6A Cold Humid,rur,q1,perm,2020,1.0
C-EEU-LTU,Zone_6A Cold Humid,rur,q1,perm,2025,1.0
C-EEU-LTU,Zone_6A Cold Humid,rur,q1,perm,2030,1.0
C-EEU-LTU,Zone_6A Cold Humid,rur,q1,perm,2035,1.0
C-EEU-LTU,Zone_6A Cold Humid,rur,q1,perm,2040,1.0
C-EEU-LTU,Zone_6A Cold Humid,rur,q1,perm,2045,1.0
C-EEU-LTU,Zone_6A Cold Humid,rur,q1,perm,2050,1.0
C-EEU-LTU,Zone_6A Cold Humid,rur,q1,perm,2055,1.0
C-EEU-LTU,Zone_6A Cold Humid,rur,q1,perm,2060,1.0
C-EEU-LTU,Zone_6A Cold Humid,rur,q1,perm,2065,1.0
C-EEU-LTU,Zone_6A Cold Humid,rur,q1,perm,2070,1.0
C-EEU-LTU,Zone_6A Cold Humid,rur,q1,perm,2075,1.0
C-EEU-LTU,Zone_6A Cold Humid,rur,q1,perm,2080,1.0
C-EEU-LTU,Zone_6A Cold Humid,rur,q1,perm,2085,1.0
C-EEU-LTU,Zone_6A Cold Humid,rur,q1,perm,2090,1.0
C-EEU-LTU,Zone_6A Cold Humid,rur,q1,perm,2095,1.0
C-EEU-LTU,Zone_6A Cold Humid,rur,q1,perm,2100,1.0
C-EEU-LTU,Zone_6A Cold Humid,rur,q1,sub,2015,0.0
C-EEU-LTU,Zone_6A Cold Humid,rur,q1,sub,2020,0.0
C-EEU-LTU,Zone_6A Cold Humid,rur,q1,sub,2025,0.0
C-EEU-LTU,Zone_6A Cold Humid,rur,q1,sub,2030,0.0
C-EEU-LTU,Zone_6A Cold Humid,rur,q1,sub,2035,0.0
C-EEU-LTU,Zone_6A Cold Humid,rur,q1,sub,2040,0.0
C-EEU-LTU,Zone_6A Cold Humid,rur,q1,sub,2045,0.0
C-EEU-LTU,Zone_6A Cold Humid,rur,q1,sub,2050,0.0
C-EEU-LTU,Zone_6A Cold Humid,rur,q1,sub,2055,0.0
C-EEU-LTU,Zone_6A Cold Humid,rur,q1,sub,2060,0.0
C-EEU-LTU,Zone_6A Cold Humid,rur,q1,sub,2065,0.0
C-EEU-LTU,Zone_6A Cold Humid,rur,q1,sub,2070,0.0
C-EEU-LTU,Zone_6A Cold Humid,rur,q1,sub,2075,0.0
C-EEU-LTU,Zone_6A Cold Humid,rur,q1,sub,2080,0.0
C-EEU-LTU,Zone_6A Cold Humid,rur,q1,sub,2085,0.0
C-EEU-LTU,Zone_6A Cold Humid,rur,q1,sub,2090,0.0
C-EEU-LTU,Zone_6A Cold Humid,rur,q1,sub,2095,0.0
C-EEU-LTU,Zone_6A Cold Humid,rur,q1,sub,2100,0.0
C-EEU-LTU,Zone_6A Cold Humid,rur,q2,perm,2015,1.0
C-EEU-LTU,Zone_6A Cold Humid,rur,q2,perm,2020,1.0
C-EEU-LTU,Zone_6A Cold Humid,rur,q2,perm,2025,1.0
C-EEU-LTU,Zone_6A Cold Humid,rur,q2,perm,2030,1.0
C-EEU-LTU,Zone_6A Cold Humid,rur,q2,perm,2035,1.0
C-EEU-LTU,Zone_6A Cold Humid,rur,q2,perm,2040,1.0
C-EEU-LTU,Zone_6A Cold Humid,rur,q2,perm,2045,1.0
C-EEU-LTU,Zone_6A Cold Humid,rur,q2,perm,2050,1.0
C-EEU-LTU,Zone_6A Cold Humid,rur,q2,perm,2055,1.0
C-EEU-LTU,Zone_6A Cold Humid,rur,q2,perm,2060,1.0
C-EEU-LTU,Zone_6A Cold Humid,rur,q2,perm,2065,1.0
C-EEU-LTU,Zone_6A Cold Humid,rur,q2,perm,2070,1.0
C-EEU-LTU,Zone_6A Cold Humid,rur,q2,perm,2075,1.0
C-EEU-LTU,Zone_6A Cold Humid,rur,q2,perm,2080,1.0
C-EEU-LTU,Zone_6A Cold Humid,rur,q2,perm,2085,1.0
C-EEU-LTU,Zone_6A Cold Humid,rur,q2,perm,2090,1.0
C-EEU-LTU,Zone_6A Cold Humid,rur,q2,perm,2095,1.0
C-EEU-LTU,Zone_6A Cold Humid,rur,q2,perm,2100,1.0
C-EEU-LTU,Zone_6A Cold Humid,rur,q2,sub,2015,0.0
C-EEU-LTU,Zone_6A Cold Humid,rur,q2,sub,2020,0.0
C-EEU-LTU,Zone_6A Cold Humid,rur,q2,sub,2025,0.0
C-EEU-LTU,Zone_6A Cold Humid,rur,q2,sub,2030,0.0
C-EEU-LTU,Zone_6A Cold Humid,rur,q2,sub,2035,0.0
C-EEU-LTU,Zone_6A Cold Humid,rur,q2,sub,2040,0.0
C-EEU-LTU,Zone_6A Cold Humid,rur,q2,sub,2045,0.0
C-EEU-LTU,Zone_6A Cold Humid,rur,q2,sub,2050,0.0
C-EEU-LTU,Zone_6A Cold Humid,rur,q2,sub,2055,0.0
C-EEU-LTU,Zone_6A Cold Humid,rur,q2,sub,2060,0.0
C-EEU-LTU,Zone_6A Cold Humid,rur,q2,sub,2065,0.0
C-EEU-LTU,Zone_6A Cold Humid,rur,q2,sub,2070,0.0
C-EEU-LTU,Zone_6A Cold Humid,rur,q2,sub,2075,0.0
C-EEU-LTU,Zone_6A Cold Humid,rur,q2,sub,2080,0.0
C-EEU-LTU,Zone_6A Cold Humid,rur,q2,sub,2085,0.0
C-EEU-LTU,Zone_6A Cold Humid,rur,q2,sub,2090,0.0
C-EEU-LTU,Zone_6A Cold Humid,rur,q2,sub,2095,0.0
C-EEU-LTU,Zone_6A Cold Humid,rur,q2,sub,2100,0.0
C-EEU-LTU,Zone_6A Cold Humid,rur,q3,perm,2015,1.0
C-EEU-LTU,Zone_6A Cold Humid,rur,q3,perm,2020,1.0
C-EEU-LTU,Zone_6A Cold Humid,rur,q3,perm,2025,1.0
C-EEU-LTU,Zone_6A Cold Humid,rur,q3,perm,2030,1.0
C-EEU-LTU,Zone_6A Cold Humid,rur,q3,perm,2035,1.0
C-EEU-LTU,Zone_6A Cold Humid,rur,q3,perm,2040,1.0
C-EEU-LTU,Zone_6A Cold Humid,rur,q3,perm,2045,1.0
C-EEU-LTU,Zone_6A Cold Humid,rur,q3,perm,2050,1.0
C-EEU-LTU,Zone_6A Cold Humid,rur,q3,perm,2055,1.0
C-EEU-LTU,Zone_6A Cold Humid,rur,q3,perm,2060,1.0
C-EEU-LTU,Zone_6A Cold Humid,rur,q3,perm,2065,1.0
C-EEU-LTU,Zone_6A Cold Humid,rur,q3,perm,2070,1.0
C-EEU-LTU,Zone_6A Cold Humid,rur,q3,perm,2075,1.0
C-EEU-LTU,Zone_6A Cold Humid,rur,q3,perm,2080,1.0
C-EEU-LTU,Zone_6A Cold Humid,rur,q3,perm,2085,1.0
C-EEU-LTU,Zone_6A Cold Humid,rur,q3,perm,2090,1.0
C-EEU-LTU,Zone_6A Cold Humid,rur,q3,perm,2095,1.0
C-EEU-LTU,Zone_6A Cold Humid,rur,q3,perm,2100,1.0
C-EEU-LTU,Zone_6A Cold Humid,rur,q3,sub,2015,0.0
C-EEU-LTU,Zone_6A Cold Humid,rur,q3,sub,2020,0.0
C-EEU-LTU,Zone_6A Cold Humid,rur,q3,sub,2025,0.0
C-EEU-LTU,Zone_6A Cold Humid,rur,q3,sub,2030,0.0
C-EEU-LTU,Zone_6A Cold Humid,rur,q3,sub,2035,0.0
C-EEU-LTU,Zone_6A Cold Humid,rur,q3,sub,2040,0.0
C-EEU-LTU,Zone_6A Cold Humid,rur,q3,sub,2045,0.0
C-EEU-LTU,Zone_6A Cold Humid,rur,q3,sub,2050,0.0
C-EEU-LTU,Zone_6A Cold Humid,rur,q3,sub,2055,0.0
C-EEU-LTU,Zone_6A Cold Humid,rur,q3,sub,2060,0.0
C-EEU-LTU,Zone_6A Cold Humid,rur,q3,sub,2065,0.0
C-EEU-LTU,Zone_6A Cold Humid,rur,q3,sub,2070,0.0
C-EEU-LTU,Zone_6A Cold Humid,rur,q3,sub,2075,0.0
C-EEU-LTU,Zone_6A Cold Humid,rur,q3,sub,2080,0.0
C-EEU-LTU,Zone_6A Cold Humid,rur,q3,sub,2085,0.0
C-EEU-LTU,Zone_6A Cold Humid,rur,q3,sub,2090,0.0
C-EEU-LTU,Zone_6A Cold Humid,rur,q3,sub,2095,0.0
C-EEU-LTU,Zone_6A Cold Humid,rur,q3,sub,2100,0.0
C-EEU-LTU,Zone_6A Cold Humid,urb,q1,perm,2015,1.0
C-EEU-LTU,Zone_6A Cold Humid,urb,q1,perm,2020,1.0
C-EEU-LTU,Zone_6A Cold Humid,urb,q1,perm,2025,1.0
C-EEU-LTU,Zone_6A Cold Humid,urb,q1,perm,2030,1.0
C-EEU-LTU,Zone_6A Cold Humid,urb,q1,perm,2035,1.0
C-EEU-LTU,Zone_6A Cold Humid,urb,q1,perm,2040,1.0
C-EEU-LTU,Zone_6A Cold Humid,urb,q1,perm,2045,1.0
C-EEU-LTU,Zone_6A Cold Humid,urb,q1,perm,2050,1.0
C-EEU-LTU,Zone_6A Cold Humid,urb,q1,perm,2055,1.0
C-EEU-LTU,Zone_6A Cold Humid,urb,q1,perm,2060,1.0
C-EEU-LTU,Zone_6A Cold Humid,urb,q1,perm,2065,1.0
C-EEU-LTU,Zone_6A Cold Humid,urb,q1,perm,2070,1.0
C-EEU-LTU,Zone_6A Cold Humid,urb,q1,perm,2075,1.0
C-EEU-LTU,Zone_6A Cold Humid,urb,q1,perm,2080,1.0
C-EEU-LTU,Zone_6A Cold Humid,urb,q1,perm,2085,1.0
C-EEU-LTU,Zone_6A Cold Humid,urb,q1,perm,2090,1.0
C-EEU-LTU,Zone_6A Cold Humid,urb,q1,perm,2095,1.0
C-EEU-LTU,Zone_6A Cold Humid,urb,q1,perm,2100,1.0
C-EEU-LTU,Zone_6A Cold Humid,urb,q1,sub,2015,0.0
C-EEU-LTU,Zone_6A Cold Humid,urb,q1,sub,2020,0.0
C-EEU-LTU,Zone_6A Cold Humid,urb,q1,sub,2025,0.0
C-EEU-LTU,Zone_6A Cold Humid,urb,q1,sub,2030,0.0
C-EEU-LTU,Zone_6A Cold Humid,urb,q1,sub,2035,0.0
C-EEU-LTU,Zone_6A Cold Humid,urb,q1,sub,2040,0.0
C-EEU-LTU,Zone_6A Cold Humid,urb,q1,sub,2045,0.0
C-EEU-LTU,Zone_6A Cold Humid,urb,q1,sub,2050,0.0
C-EEU-LTU,Zone_6A Cold Humid,urb,q1,sub,2055,0.0
C-EEU-LTU,Zone_6A Cold Humid,urb,q1,sub,2060,0.0
C-EEU-LTU,Zone_6A Cold Humid,urb,q1,sub,2065,0.0
C-EEU-LTU,Zone_6A Cold Humid,urb,q1,sub,2070,0.0
C-EEU-LTU,Zone_6A Cold Humid,urb,q1,sub,2075,0.0
C-EEU-LTU,Zone_6A Cold Humid,urb,q1,sub,2080,0.0
C-EEU-LTU,Zone_6A Cold Humid,urb,q1,sub,2085,0.0
C-EEU-LTU,Zone_6A Cold Humid,urb,q1,sub,2090,0.0
C-EEU-LTU,Zone_6A Cold Humid,urb,q1,sub,2095,0.0
C-EEU-LTU,Zone_6A Cold Humid,urb,q1,sub,2100,0.0
C-EEU-LTU,Zone_6A Cold Humid,urb,q2,perm,2015,1.0
C-EEU-LTU,Zone_6A Cold Humid,urb,q2,perm,2020,1.0
C-EEU-LTU,Zone_6A Cold Humid,urb,q2,perm,2025,1.0
C-EEU-LTU,Zone_6A Cold Humid,urb,q2,perm,2030,1.0
C-EEU-LTU,Zone_6A Cold Humid,urb,q2,perm,2035,1.0
C-EEU-LTU,Zone_6A Cold Humid,urb,q2,perm,2040,1.0
C-EEU-LTU,Zone_6A Cold Humid,urb,q2,perm,2045,1.0
C-EEU-LTU,Zone_6A Cold Humid,urb,q2,perm,2050,1.0
C-EEU-LTU,Zone_6A Cold Humid,urb,q2,perm,2055,1.0
C-EEU-LTU,Zone_6A Cold Humid,urb,q2,perm,2060,1.0
C-EEU-LTU,Zone_6A Cold Humid,urb,q2,perm,2065,1.0
C-EEU-LTU,Zone_6A Cold Humid,urb,q2,perm,2070,1.0
C-EEU-LTU,Zone_6A Cold Humid,urb,q2,perm,2075,1.0
C-EEU-LTU,Zone_6A Cold Humid,urb,q2,perm,2080,1.0
C-EEU-LTU,Zone_6A Cold Humid,urb,q2,perm,2085,1.0
C-EEU-LTU,Zone_6A Cold Humid,urb,q2,perm,2090,1.0
C-EEU-LTU,Zone_6A Cold Humid,urb,q2,perm,2095,1.0
C-EEU-LTU,Zone_6A Cold Humid,urb,q2,perm,2100,1.0
C-EEU-LTU,Zone_6A Cold Humid,urb,q2,sub,2015,0.0
C-EEU-LTU,Zone_6A Cold Humid,urb,q2,sub,2020,0.0
C-EEU-LTU,Zone_6A Cold Humid,urb,q2,sub,2025,0.0
C-EEU-LTU,Zone_6A Cold Humid,urb,q2,sub,2030,0.0
C-EEU-LTU,Zone_6A Cold Humid,urb,q2,sub,2035,0.0
C-EEU-LTU,Zone_6A Cold Humid,urb,q2,sub,2040,0.0
C-EEU-LTU,Zone_6A Cold Humid,urb,q2,sub,2045,0.0
C-EEU-LTU,Zone_6A Cold Humid,urb,q2,sub,2050,0.0
C-EEU-LTU,Zone_6A Cold Humid,urb,q2,sub,2055,0.0
C-EEU-LTU,Zone_6A Cold Humid,urb,q2,sub,2060,0.0
C-EEU-LTU,Zone_6A Cold Humid,urb,q2,sub,2065,0.0
C-EEU-LTU,Zone_6A Cold Humid,urb,q2,sub,2070,0.0
C-EEU-LTU,Zone_6A Cold Humid,urb,q2,sub,2075,0.0
C-EEU-LTU,Zone_6A Cold Humid,urb,q2,sub,2080,0.0
C-EEU-LTU,Zone_6A Cold Humid,urb,q2,sub,2085,0.0
C-EEU-LTU,Zone_6A Cold Humid,urb,q2,sub,2090,0.0
C-EEU-LTU,Zone_6A Cold Humid,urb,q2,sub,2095,0.0
C-EEU-LTU,Zone_6A Cold Humid,urb,q2,sub,2100,0.0
C-EEU-LTU,Zone_6A Cold Humid,urb,q3,perm,2015,1.0
C-EEU-LTU,Zone_6A Cold Humid,urb,q3,perm,2020,1.0
C-EEU-LTU,Zone_6A Cold Humid,urb,q3,perm,2025,1.0
C-EEU-LTU,Zone_6A Cold Humid,urb,q3,perm,2030,1.0
C-EEU-LTU,Zone_6A Cold Humid,urb,q3,perm,2035,1.0
C-EEU-LTU,Zone_6A Cold Humid,urb,q3,perm,2040,1.0
C-EEU-LTU,Zone_6A Cold Humid,urb,q3,perm,2045,1.0
C-EEU-LTU,Zone_6A Cold Humid,urb,q3,perm,2050,1.0
C-EEU-LTU,Zone_6A Cold Humid,urb,q3,perm,2055,1.0
C-EEU-LTU,Zone_6A Cold Humid,urb,q3,perm,2060,1.0
C-EEU-LTU,Zone_6A Cold Humid,urb,q3,perm,2065,1.0
C-EEU-LTU,Zone_6A Cold Humid,urb,q3,perm,2070,1.0
C-EEU-LTU,Zone_6A Cold Humid,urb,q3,perm,2075,1.0
C-EEU-LTU,Zone_6A Cold Humid,urb,q3,perm,2080,1.0
C-EEU-LTU,Zone_6A Cold Humid,urb,q3,perm,2085,1.0
C-EEU-LTU,Zone_6A Cold Humid,urb,q3,perm,2090,1.0
C-EEU-LTU,Zone_6A Cold Humid,urb,q3,perm,2095,1.0
C-EEU-LTU,Zone_6A Cold Humid,urb,q3,perm,2100,1.0
C-EEU-LTU,Zone_6A Cold Humid,urb,q3,sub,2015,0.0
C-EEU-LTU,Zone_6A Cold Humid,urb,q3,sub,2020,0.0
C-EEU-LTU,Zone_6A Cold Humid,urb,q3,sub,2025,0.0
C-EEU-LTU,Zone_6A Cold Humid,urb,q3,sub,2030,0.0
C-EEU-LTU,Zone_6A Cold Humid,urb,q3,sub,2035,0.0
C-EEU-LTU,Zone_6A Cold Humid,urb,q3,sub,2040,0.0
C-EEU-LTU,Zone_6A Cold Humid,urb,q3,sub,2045,0.0
C-EEU-LTU,Zone_6A Cold Humid,urb,q3,sub,2050,0.0
C-EEU-LTU,Zone_6A Cold Humid,urb,q3,sub,2055,0.0
C-EEU-LTU,Zone_6A Cold Humid,urb,q3,sub,2060,0.0
C-EEU-LTU,Zone_6A Cold Humid,urb,q3,sub,2065,0.0
C-EEU-LTU,Zone_6A Cold Humid,urb,q3,sub,2070,0.0
C-EEU-LTU,Zone_6A Cold Humid,urb,q3,sub,2075,0.0
C-EEU-LTU,Zone_6A Cold Humid,urb,q3,sub,2080,0.0
C-EEU-LTU,Zone_6A Cold Humid,urb,q3,sub,2085,0.0
C-EEU-LTU,Zone_6A Cold Humid,urb,q3,sub,2090,0.0
C-EEU-LTU,Zone_6A Cold Humid,urb,q3,sub,2095,0.0
C-EEU-LTU,Zone_6A Cold Humid,urb,q3,sub,2100,0.0
C-EEU-LVA,Zone_6A Cold Humid,rur,q1,perm,2015,1.0
C-EEU-LVA,Zone_6A Cold Humid,rur,q1,perm,2020,1.0
C-EEU-LVA,Zone_6A Cold Humid,rur,q1,perm,2025,1.0
C-EEU-LVA,Zone_6A Cold Humid,rur,q1,perm,2030,1.0
C-EEU-LVA,Zone_6A Cold Humid,rur,q1,perm,2035,1.0
C-EEU-LVA,Zone_6A Cold Humid,rur,q1,perm,2040,1.0
C-EEU-LVA,Zone_6A Cold Humid,rur,q1,perm,2045,1.0
C-EEU-LVA,Zone_6A Cold Humid,rur,q1,perm,2050,1.0
C-EEU-LVA,Zone_6A Cold Humid,rur,q1,perm,2055,1.0
C-EEU-LVA,Zone_6A Cold Humid,rur,q1,perm,2060,1.0
C-EEU-LVA,Zone_6A Cold Humid,rur,q1,perm,2065,1.0
C-EEU-LVA,Zone_6A Cold Humid,rur,q1,perm,2070,1.0
C-EEU-LVA,Zone_6A Cold Humid,rur,q1,perm,2075,1.0
C-EEU-LVA,Zone_6A Cold Humid,rur,q1,perm,2080,1.0
C-EEU-LVA,Zone_6A Cold Humid,rur,q1,perm,2085,1.0
C-EEU-LVA,Zone_6A Cold Humid,rur,q1,perm,2090,1.0
C-EEU-LVA,Zone_6A Cold Humid,rur,q1,perm,2095,1.0
C-EEU-LVA,Zone_6A Cold Humid,rur,q1,perm,2100,1.0
C-EEU-LVA,Zone_6A Cold Humid,rur,q1,sub,2015,0.0
C-EEU-LVA,Zone_6A Cold Humid,rur,q1,sub,2020,0.0
C-EEU-LVA,Zone_6A Cold Humid,rur,q1,sub,2025,0.0
C-EEU-LVA,Zone_6A Cold Humid,rur,q1,sub,2030,0.0
C-EEU-LVA,Zone_6A Cold Humid,rur,q1,sub,2035,0.0
C-EEU-LVA,Zone_6A Cold Humid,rur,q1,sub,2040,0.0
C-EEU-LVA,Zone_6A Cold Humid,rur,q1,sub,2045,0.0
C-EEU-LVA,Zone_6A Cold Humid,rur,q1,sub,2050,0.0
C-EEU-LVA,Zone_6A Cold Humid,rur,q1,sub,2055,0.0
C-EEU-LVA,Zone_6A Cold Humid,rur,q1,sub,2060,0.0
C-EEU-LVA,Zone_6A Cold Humid,rur,q1,sub,2065,0.0
C-EEU-LVA,Zone_6A Cold Humid,rur,q1,sub,2070,0.0
C-EEU-LVA,Zone_6A Cold Humid,rur,q1,sub,2075,0.0
C-EEU-LVA,Zone_6A Cold Humid,rur,q1,sub,2080,0.0
C-EEU-LVA,Zone_6A Cold Humid,rur,q1,sub,2085,0.0
C-EEU-LVA,Zone_6A Cold Humid,rur,q1,sub,2090,0.0
C-EEU-LVA,Zone_6A Cold Humid,rur,q1,sub,2095,0.0
C-EEU-LVA,Zone_6A Cold Humid,rur,q1,sub,2100,0.0
C-EEU-LVA,Zone_6A Cold Humid,rur,q2,perm,2015,1.0
C-EEU-LVA,Zone_6A Cold Humid,rur,q2,perm,2020,1.0
C-EEU-LVA,Zone_6A Cold Humid,rur,q2,perm,2025,1.0
C-EEU-LVA,Zone_6A Cold Humid,rur,q2,perm,2030,1.0
C-EEU-LVA,Zone_6A Cold Humid,rur,q2,perm,2035,1.0
C-EEU-LVA,Zone_6A Cold Humid,rur,q2,perm,2040,1.0
C-EEU-LVA,Zone_6A Cold Humid,rur,q2,perm,2045,1.0
C-EEU-LVA,Zone_6A Cold Humid,rur,q2,perm,2050,1.0
C-EEU-LVA,Zone_6A Cold Humid,rur,q2,perm,2055,1.0
C-EEU-LVA,Zone_6A Cold Humid,rur,q2,perm,2060,1.0
C-EEU-LVA,Zone_6A Cold Humid,rur,q2,perm,2065,1.0
C-EEU-LVA,Zone_6A Cold Humid,rur,q2,perm,2070,1.0
C-EEU-LVA,Zone_6A Cold Humid,rur,q2,perm,2075,1.0
C-EEU-LVA,Zone_6A Cold Humid,rur,q2,perm,2080,1.0
C-EEU-LVA,Zone_6A Cold Humid,rur,q2,perm,2085,1.0
C-EEU-LVA,Zone_6A Cold Humid,rur,q2,perm,2090,1.0
C-EEU-LVA,Zone_6A Cold Humid,rur,q2,perm,2095,1.0
C-EEU-LVA,Zone_6A Cold Humid,rur,q2,perm,2100,1.0
C-EEU-LVA,Zone_6A Cold Humid,rur,q2,sub,2015,0.0
C-EEU-LVA,Zone_6A Cold Humid,rur,q2,sub,2020,0.0
C-EEU-LVA,Zone_6A Cold Humid,rur,q2,sub,2025,0.0
C-EEU-LVA,Zone_6A Cold Humid,rur,q2,sub,2030,0.0
C-EEU-LVA,Zone_6A Cold Humid,rur,q2,sub,2035,0.0
C-EEU-LVA,Zone_6A Cold Humid,rur,q2,sub,2040,0.0
C-EEU-LVA,Zone_6A Cold Humid,rur,q2,sub,2045,0.0
C-EEU-LVA,Zone_6A Cold Humid,rur,q2,sub,2050,0.0
C-EEU-LVA,Zone_6A Cold Humid,rur,q2,sub,2055,0.0
C-EEU-LVA,Zone_6A Cold Humid,rur,q2,sub,2060,0.0
C-EEU-LVA,Zone_6A Cold Humid,rur,q2,sub,2065,0.0
C-EEU-LVA,Zone_6A Cold Humid,rur,q2,sub,2070,0.0
C-EEU-LVA,Zone_6A Cold Humid,rur,q2,sub,2075,0.0
C-EEU-LVA,Zone_6A Cold Humid,rur,q2,sub,2080,0.0
C-EEU-LVA,Zone_6A Cold Humid,rur,q2,sub,2085,0.0
C-EEU-LVA,Zone_6A Cold Humid,rur,q2,sub,2090,0.0
C-EEU-LVA,Zone_6A Cold Humid,rur,q2,sub,2095,0.0
C-EEU-LVA,Zone_6A Cold Humid,rur,q2,sub,2100,0.0
C-EEU-LVA,Zone_6A Cold Humid,rur,q3,perm,2015,1.0
C-EEU-LVA,Zone_6A Cold Humid,rur,q3,perm,2020,1.0
C-EEU-LVA,Zone_6A Cold Humid,rur,q3,perm,2025,1.0
C-EEU-LVA,Zone_6A Cold Humid,rur,q3,perm,2030,1.0
C-EEU-LVA,Zone_6A Cold Humid,rur,q3,perm,2035,1.0
C-EEU-LVA,Zone_6A Cold Humid,rur,q3,perm,2040,1.0
C-EEU-LVA,Zone_6A Cold Humid,rur,q3,perm,2045,1.0
C-EEU-LVA,Zone_6A Cold Humid,rur,q3,perm,2050,1.0
C-EEU-LVA,Zone_6A Cold Humid,rur,q3,perm,2055,1.0
C-EEU-LVA,Zone_6A Cold Humid,rur,q3,perm,2060,1.0
C-EEU-LVA,Zone_6A Cold Humid,rur,q3,perm,2065,1.0
C-EEU-LVA,Zone_6A Cold Humid,rur,q3,perm,2070,1.0
C-EEU-LVA,Zone_6A Cold Humid,rur,q3,perm,2075,1.0
C-EEU-LVA,Zone_6A Cold Humid,rur,q3,perm,2080,1.0
C-EEU-LVA,Zone_6A Cold Humid,rur,q3,perm,2085,1.0
C-EEU-LVA,Zone_6A Cold Humid,rur,q3,perm,2090,1.0
C-EEU-LVA,Zone_6A Cold Humid,rur,q3,perm,2095,1.0
C-EEU-LVA,Zone_6A Cold Humid,rur,q3,perm,2100,1.0
C-EEU-LVA,Zone_6A Cold Humid,rur,q3,sub,2015,0.0
C-EEU-LVA,Zone_6A Cold Humid,rur,q3,sub,2020,0.0
C-EEU-LVA,Zone_6A Cold Humid,rur,q3,sub,2025,0.0
C-EEU-LVA,Zone_6A Cold Humid,rur,q3,sub,2030,0.0
C-EEU-LVA,Zone_6A Cold Humid,rur,q3,sub,2035,0.0
C-EEU-LVA,Zone_6A Cold Humid,rur,q3,sub,2040,0.0
C-EEU-LVA,Zone_6A Cold Humid,rur,q3,sub,2045,0.0
C-EEU-LVA,Zone_6A Cold Humid,rur,q3,sub,2050,0.0
C-EEU-LVA,Zone_6A Cold Humid,rur,q3,sub,2055,0.0
C-EEU-LVA,Zone_6A Cold Humid,rur,q3,sub,2060,0.0
C-EEU-LVA,Zone_6A Cold Humid,rur,q3,sub,2065,0.0
C-EEU-LVA,Zone_6A Cold Humid,rur,q3,sub,2070,0.0
C-EEU-LVA,Zone_6A Cold Humid,rur,q3,sub,2075,0.0
C-EEU-LVA,Zone_6A Cold Humid,rur,q3,sub,2080,0.0
C-EEU-LVA,Zone_6A Cold Humid,rur,q3,sub,2085,0.0
C-EEU-LVA,Zone_6A Cold Humid,rur,q3,sub,2090,0.0
C-EEU-LVA,Zone_6A Cold Humid,rur,q3,sub,2095,0.0
C-EEU-LVA,Zone_6A Cold Humid,rur,q3,sub,2100,0.0
C-EEU-LVA,Zone_6A Cold Humid,urb,q1,perm,2015,1.0
C-EEU-LVA,Zone_6A Cold Humid,urb,q1,perm,2020,1.0
C-EEU-LVA,Zone_6A Cold Humid,urb,q1,perm,2025,1.0
C-EEU-LVA,Zone_6A Cold Humid,urb,q1,perm,2030,1.0
C-EEU-LVA,Zone_6A Cold Humid,urb,q1,perm,2035,1.0
C-EEU-LVA,Zone_6A Cold Humid,urb,q1,perm,2040,1.0
C-EEU-LVA,Zone_6A Cold Humid,urb,q1,perm,2045,1.0
C-EEU-LVA,Zone_6A Cold Humid,urb,q1,perm,2050,1.0
C-EEU-LVA,Zone_6A Cold Humid,urb,q1,perm,2055,1.0
C-EEU-LVA,Zone_6A Cold Humid,urb,q1,perm,2060,1.0
C-EEU-LVA,Zone_6A Cold Humid,urb,q1,perm,2065,1.0
C-EEU-LVA,Zone_6A Cold Humid,urb,q1,perm,2070,1.0
C-EEU-LVA,Zone_6A Cold Humid,urb,q1,perm,2075,1.0
C-EEU-LVA,Zone_6A Cold Humid,urb,q1,perm,2080,1.0
C-EEU-LVA,Zone_6A Cold Humid,urb,q1,perm,2085,1.0
C-EEU-LVA,Zone_6A Cold Humid,urb,q1,perm,2090,1.0
C-EEU-LVA,Zone_6A Cold Humid,urb,q1,perm,2095,1.0
C-EEU-LVA,Zone_6A Cold Humid,urb,q1,perm,2100,1.0
C-EEU-LVA,Zone_6A Cold Humid,urb,q1,sub,2015,0.0
C-EEU-LVA,Zone_6A Cold Humid,urb,q1,sub,2020,0.0
C-EEU-LVA,Zone_6A Cold Humid,urb,q1,sub,2025,0.0
C-EEU-LVA,Zone_6A Cold Humid,urb,q1,sub,2030,0.0
C-EEU-LVA,Zone_6A Cold Humid,urb,q1,sub,2035,0.0
C-EEU-LVA,Zone_6A Cold Humid,urb,q1,sub,2040,0.0
C-EEU-LVA,Zone_6A Cold Humid,urb,q1,sub,2045,0.0
C-EEU-LVA,Zone_6A Cold Humid,urb,q1,sub,2050,0.0
C-EEU-LVA,Zone_6A Cold Humid,urb,q1,sub,2055,0.0
C-EEU-LVA,Zone_6A Cold Humid,urb,q1,sub,2060,0.0
C-EEU-LVA,Zone_6A Cold Humid,urb,q1,sub,2065,0.0
C-EEU-LVA,Zone_6A Cold Humid,urb,q1,sub,2070,0.0
C-EEU-LVA,Zone_6A Cold Humid,urb,q1,sub,2075,0.0
C-EEU-LVA,Zone_6A Cold Humid,urb,q1,sub,2080,0.0
C-EEU-LVA,Zone_6A Cold Humid,urb,q1,sub,2085,0.0
C-EEU-LVA,Zone_6A Cold Humid,urb,q1,sub,2090,0.0
C-EEU-LVA,Zone_6A Cold Humid,urb,q1,sub,2095,0.0
C-EEU-LVA,Zone_6A Cold Humid,urb,q1,sub,2100,0.0
C-EEU-LVA,Zone_6A Cold Humid,urb,q2,perm,2015,1.0
C-EEU-LVA,Zone_6A Cold Humid,urb,q2,perm,2020,1.0
C-EEU-LVA,Zone_6A Cold Humid,urb,q2,perm,2025,1.0
C-EEU-LVA,Zone_6A Cold Humid,urb,q2,perm,2030,1.0
C-EEU-LVA,Zone_6A Cold Humid,urb,q2,perm,2035,1.0
C-EEU-LVA,Zone_6A Cold Humid,urb,q2,perm,2040,1.0
C-EEU-LVA,Zone_6A Cold Humid,urb,q2,perm,2045,1.0
C-EEU-LVA,Zone_6A Cold Humid,urb,q2,perm,2050,1.0
C-EEU-LVA,Zone_6A Cold Humid,urb,q2,perm,2055,1.0
C-EEU-LVA,Zone_6A Cold Humid,urb,q2,perm,2060,1.0
C-EEU-LVA,Zone_6A Cold Humid,urb,q2,perm,2065,1.0
C-EEU-LVA,Zone_6A Cold Humid,urb,q2,perm,2070,1.0
C-EEU-LVA,Zone_6A Cold Humid,urb,q2,perm,2075,1.0
C-EEU-LVA,Zone_6A Cold Humid,urb,q2,perm,2080,1.0
C-EEU-LVA,Zone_6A Cold Humid,urb,q2,perm,2085,1.0
C-EEU-LVA,Zone_6A Cold Humid,urb,q2,perm,2090,1.0
C-EEU-LVA,Zone_6A Cold Humid,urb,q2,perm,2095,1.0
C-EEU-LVA,Zone_6A Cold Humid,urb,q2,perm,2100,1.0
C-EEU-LVA,Zone_6A Cold Humid,urb,q2,sub,2015,0.0
C-EEU-LVA,Zone_6A Cold Humid,urb,q2,sub,2020,0.0
C-EEU-LVA,Zone_6A Cold Humid,urb,q2,sub,2025,0.0
C-EEU-LVA,Zone_6A Cold Humid,urb,q2,sub,2030,0.0
C-EEU-LVA,Zone_6A Cold Humid,urb,q2,sub,2035,0.0
C-EEU-LVA,Zone_6A Cold Humid,urb,q2,sub,2040,0.0
C-EEU-LVA,Zone_6A Cold Humid,urb,q2,sub,2045,0.0
C-EEU-LVA,Zone_6A Cold Humid,urb,q2,sub,2050,0.0
C-EEU-LVA,Zone_6A Cold Humid,urb,q2,sub,2055,0.0
C-EEU-LVA,Zone_6A Cold Humid,urb,q2,sub,2060,0.0
C-EEU-LVA,Zone_6A Cold Humid,urb,q2,sub,2065,0.0
C-EEU-LVA,Zone_6A Cold Humid,urb,q2,sub,2070,0.0
C-EEU-LVA,Zone_6A Cold Humid,urb,q2,sub,2075,0.0
C-EEU-LVA,Zone_6A Cold Humid,urb,q2,sub,2080,0.0
C-EEU-LVA,Zone_6A Cold Humid,urb,q2,sub,2085,0.0
C-EEU-LVA,Zone_6A Cold Humid,urb,q2,sub,2090,0.0
C-EEU-LVA,Zone_6A Cold Humid,urb,q2,sub,2095,0.0
C-EEU-LVA,Zone_6A Cold Humid,urb,q2,sub,2100,0.0
C-EEU-LVA,Zone_6A Cold Humid,urb,q3,perm,2015,1.0
C-EEU-LVA,Zone_6A Cold Humid,urb,q3,perm,2020,1.0
C-EEU-LVA,Zone_6A Cold Humid,urb,q3,perm,2025,1.0
C-EEU-LVA,Zone_6A Cold Humid,urb,q3,perm,2030,1.0
C-EEU-LVA,Zone_6A Cold Humid,urb,q3,perm,2035,1.0
C-EEU-LVA,Zone_6A Cold Humid,urb,q3,perm,2040,1.0
C-EEU-LVA,Zone_6A Cold Humid,urb,q3,perm,2045,1.0
C-EEU-LVA,Zone_6A Cold Humid,urb,q3,perm,2050,1.0
C-EEU-LVA,Zone_6A Cold Humid,urb,q3,perm,2055,1.0
C-EEU-LVA,Zone_6A Cold Humid,urb,q3,perm,2060,1.0
C-EEU-LVA,Zone_6A Cold Humid,urb,q3,perm,2065,1.0
C-EEU-LVA,Zone_6A Cold Humid,urb,q3,perm,2070,1.0
C-EEU-LVA,Zone_6A Cold Humid,urb,q3,perm,2075,1.0
C-EEU-LVA,Zone_6A Cold Humid,urb,q3,perm,2080,1.0
C-EEU-LVA,Zone_6A Cold Humid,urb,q3,perm,2085,1.0
C-EEU-LVA,Zone_6A Cold Humid,urb,q3,perm,2090,1.0
C-EEU-LVA,Zone_6A Cold Humid,urb,q3,perm,2095,1.0
C-EEU-LVA,Zone_6A Cold Humid,urb,q3,perm,2100,1.0
C-EEU-LVA,Zone_6A Cold Humid,urb,q3,sub,2015,0.0
C-EEU-LVA,Zone_6A Cold Humid,urb,q3,sub,2020,0.0
C-EEU-LVA,Zone_6A Cold Humid,urb,q3,sub,2025,0.0
C-EEU-LVA,Zone_6A Cold Humid,urb,q3,sub,2030,0.0
C-EEU-LVA,Zone_6A Cold Humid,urb,q3,sub,2035,0.0
C-EEU-LVA,Zone_6A Cold Humid,urb,q3,sub,2040,0.0
C-EEU-LVA,Zone_6A Cold Humid,urb,q3,sub,2045,0.0
C-EEU-LVA,Zone_6A Cold Humid,urb,q3,sub,2050,0.0
C-EEU-LVA,Zone_6A Cold Humid,urb,q3,sub,2055,0.0
C-EEU-LVA,Zone_6A Cold Humid,urb,q3,sub,2060,0.0
C-EEU-LVA,Zone_6A Cold Humid,urb,q3,sub,2065,0.0
C-EEU-LVA,Zone_6A Cold Humid,urb,q3,sub,2070,0.0
C-EEU-LVA,Zone_6A Cold Humid,urb,q3,sub,2075,0.0
C-EEU-LVA,Zone_6A Cold Humid,urb,q3,sub,2080,0.0
C-EEU-LVA,Zone_6A Cold Humid,urb,q3,sub,2085,0.0
C-EEU-LVA,Zone_6A Cold Humid,urb,q3,sub,2090,0.0
C-EEU-LVA,Zone_6A Cold Humid,urb,q3,sub,2095,0.0
C-EEU-LVA,Zone_6A Cold Humid,urb,q3,sub,2100,0.0
C-EEU-POL,Zone_5A Cool Humid,rur,q1,perm,2015,1.0
C-EEU-POL,Zone_5A Cool Humid,rur,q1,perm,2020,1.0
C-EEU-POL,Zone_5A Cool Humid,rur,q1,perm,2025,1.0
C-EEU-POL,Zone_5A Cool Humid,rur,q1,perm,2030,1.0
C-EEU-POL,Zone_5A Cool Humid,rur,q1,perm,2035,1.0
C-EEU-POL,Zone_5A Cool Humid,rur,q1,perm,2040,1.0
C-EEU-POL,Zone_5A Cool Humid,rur,q1,perm,2045,1.0
C-EEU-POL,Zone_5A Cool Humid,rur,q1,perm,2050,1.0
C-EEU-POL,Zone_5A Cool Humid,rur,q1,perm,2055,1.0
C-EEU-POL,Zone_5A Cool Humid,rur,q1,perm,2060,1.0
C-EEU-POL,Zone_5A Cool Humid,rur,q1,perm,2065,1.0
C-EEU-POL,Zone_5A Cool Humid,rur,q1,perm,2070,1.0
C-EEU-POL,Zone_5A Cool Humid,rur,q1,perm,2075,1.0
C-EEU-POL,Zone_5A Cool Humid,rur,q1,perm,2080,1.0
C-EEU-POL,Zone_5A Cool Humid,rur,q1,perm,2085,1.0
C-EEU-POL,Zone_5A Cool Humid,rur,q1,perm,2090,1.0
C-EEU-POL,Zone_5A Cool Humid,rur,q1,perm,2095,1.0
C-EEU-POL,Zone_5A Cool Humid,rur,q1,perm,2100,1.0
C-EEU-POL,Zone_5A Cool Humid,rur,q1,sub,2015,0.0
C-EEU-POL,Zone_5A Cool Humid,rur,q1,sub,2020,0.0
C-EEU-POL,Zone_5A Cool Humid,rur,q1,sub,2025,0.0
C-EEU-POL,Zone_5A Cool Humid,rur,q1,sub,2030,0.0
C-EEU-POL,Zone_5A Cool Humid,rur,q1,sub,2035,0.0
C-EEU-POL,Zone_5A Cool Humid,rur,q1,sub,2040,0.0
C-EEU-POL,Zone_5A Cool Humid,rur,q1,sub,2045,0.0
C-EEU-POL,Zone_5A Cool Humid,rur,q1,sub,2050,0.0
C-EEU-POL,Zone_5A Cool Humid,rur,q1,sub,2055,0.0
C-EEU-POL,Zone_5A Cool Humid,rur,q1,sub,2060,0.0
C-EEU-POL,Zone_5A Cool Humid,rur,q1,sub,2065,0.0
C-EEU-POL,Zone_5A Cool Humid,rur,q1,sub,2070,0.0
C-EEU-POL,Zone_5A Cool Humid,rur,q1,sub,2075,0.0
C-EEU-POL,Zone_5A Cool Humid,rur,q1,sub,2080,0.0
C-EEU-POL,Zone_5A Cool Humid,rur,q1,sub,2085,0.0
C-EEU-POL,Zone_5A Cool Humid,rur,q1,sub,2090,0.0
C-EEU-POL,Zone_5A Cool Humid,rur,q1,sub,2095,0.0
C-EEU-POL,Zone_5A Cool Humid,rur,q1,sub,2100,0.0
C-EEU-POL,Zone_5A Cool Humid,rur,q2,perm,2015,1.0
C-EEU-POL,Zone_5A Cool Humid,rur,q2,perm,2020,1.0
C-EEU-POL,Zone_5A Cool Humid,rur,q2,perm,2025,1.0
C-EEU-POL,Zone_5A Cool Humid,rur,q2,perm,2030,1.0
C-EEU-POL,Zone_5A Cool Humid,rur,q2,perm,2035,1.0
C-EEU-POL,Zone_5A Cool Humid,rur,q2,perm,2040,1.0
C-EEU-POL,Zone_5A Cool Humid,rur,q2,perm,2045,1.0
C-EEU-POL,Zone_5A Cool Humid,rur,q2,perm,2050,1.0
C-EEU-POL,Zone_5A Cool Humid,rur,q2,perm,2055,1.0
C-EEU-POL,Zone_5A Cool Humid,rur,q2,perm,2060,1.0
C-EEU-POL,Zone_5A Cool Humid,rur,q2,perm,2065,1.0
C-EEU-POL,Zone_5A Cool Humid,rur,q2,perm,2070,1.0
C-EEU-POL,Zone_5A Cool Humid,rur,q2,perm,2075,1.0
C-EEU-POL,Zone_5A Cool Humid,rur,q2,perm,2080,1.0
C-EEU-POL,Zone_5A Cool Humid,rur,q2,perm,2085,1.0
C-EEU-POL,Zone_5A Cool Humid,rur,q2,perm,2090,1.0
C-EEU-POL,Zone_5A Cool Humid,rur,q2,perm,2095,1.0
C-EEU-POL,Zone_5A Cool Humid,rur,q2,perm,2100,1.0
C-EEU-POL,Zone_5A Cool Humid,rur,q2,sub,2015,0.0
C-EEU-POL,Zone_5A Cool Humid,rur,q2,sub,2020,0.0
C-EEU-POL,Zone_5A Cool Humid,rur,q2,sub,2025,0.0
C-EEU-POL,Zone_5A Cool Humid,rur,q2,sub,2030,0.0
C-EEU-POL,Zone_5A Cool Humid,rur,q2,sub,2035,0.0
C-EEU-POL,Zone_5A Cool Humid,rur,q2,sub,2040,0.0
C-EEU-POL,Zone_5A Cool Humid,rur,q2,sub,2045,0.0
C-EEU-POL,Zone_5A Cool Humid,rur,q2,sub,2050,0.0
C-EEU-POL,Zone_5A Cool Humid,rur,q2,sub,2055,0.0
C-EEU-POL,Zone_5A Cool Humid,rur,q2,sub,2060,0.0
C-EEU-POL,Zone_5A Cool Humid,rur,q2,sub,2065,0.0
C-EEU-POL,Zone_5A Cool Humid,rur,q2,sub,2070,0.0
C-EEU-POL,Zone_5A Cool Humid,rur,q2,sub,2075,0.0
C-EEU-POL,Zone_5A Cool Humid,rur,q2,sub,2080,0.0
C-EEU-POL,Zone_5A Cool Humid,rur,q2,sub,2085,0.0
C-EEU-POL,Zone_5A Cool Humid,rur,q2,sub,2090,0.0
C-EEU-POL,Zone_5A Cool Humid,rur,q2,sub,2095,0.0
C-EEU-POL,Zone_5A Cool Humid,rur,q2,sub,2100,0.0
C-EEU-POL,Zone_5A Cool Humid,rur,q3,perm,2015,1.0
C-EEU-POL,Zone_5A Cool Humid,rur,q3,perm,2020,1.0
C-EEU-POL,Zone_5A Cool Humid,rur,q3,perm,2025,1.0
C-EEU-POL,Zone_5A Cool Humid,rur,q3,perm,2030,1.0
C-EEU-POL,Zone_5A Cool Humid,rur,q3,perm,2035,1.0
C-EEU-POL,Zone_5A Cool Humid,rur,q3,perm,2040,1.0
C-EEU-POL,Zone_5A Cool Humid,rur,q3,perm,2045,1.0
C-EEU-POL,Zone_5A Cool Humid,rur,q3,perm,2050,1.0
C-EEU-POL,Zone_5A Cool Humid,rur,q3,perm,2055,1.0
C-EEU-POL,Zone_5A Cool Humid,rur,q3,perm,2060,1.0
C-EEU-POL,Zone_5A Cool Humid,rur,q3,perm,2065,1.0
C-EEU-POL,Zone_5A Cool Humid,rur,q3,perm,2070,1.0
C-EEU-POL,Zone_5A Cool Humid,rur,q3,perm,2075,1.0
C-EEU-POL,Zone_5A Cool Humid,rur,q3,perm,2080,1.0
C-EEU-POL,Zone_5A Cool Humid,rur,q3,perm,2085,1.0
C-EEU-POL,Zone_5A Cool Humid,rur,q3,perm,2090,1.0
C-EEU-POL,Zone_5A Cool Humid,rur,q3,perm,2095,1.0
C-EEU-POL,Zone_5A Cool Humid,rur,q3,perm,2100,1.0
C-EEU-POL,Zone_5A Cool Humid,rur,q3,sub,2015,0.0
C-EEU-POL,Zone_5A Cool Humid,rur,q3,sub,2020,0.0
C-EEU-POL,Zone_5A Cool Humid,rur,q3,sub,2025,0.0
C-EEU-POL,Zone_5A Cool Humid,rur,q3,sub,2030,0.0
C-EEU-POL,Zone_5A Cool Humid,rur,q3,sub,2035,0.0
C-EEU-POL,Zone_5A Cool Humid,rur,q3,sub,2040,0.0
C-EEU-POL,Zone_5A Cool Humid,rur,q3,sub,2045,0.0
C-EEU-POL,Zone_5A Cool Humid,rur,q3,sub,2050,0.0
C-EEU-POL,Zone_5A Cool Humid,rur,q3,sub,2055,0.0
C-EEU-POL,Zone_5A Cool Humid,rur,q3,sub,2060,0.0
C-EEU-POL,Zone_5A Cool Humid,rur,q3,sub,2065,0.0
C-EEU-POL,Zone_5A Cool Humid,rur,q3,sub,2070,0.0
C-EEU-POL,Zone_5A Cool Humid,rur,q3,sub,2075,0.0
C-EEU-POL,Zone_5A Cool Humid,rur,q3,sub,2080,0.0
C-EEU-POL,Zone_5A Cool Humid,rur,q3,sub,2085,0.0
C-EEU-POL,Zone_5A Cool Humid,rur,q3,sub,2090,0.0
C-EEU-POL,Zone_5A Cool Humid,rur,q3,sub,2095,0.0
C-EEU-POL,Zone_5A Cool Humid,rur,q3,sub,2100,0.0
C-EEU-POL,Zone_5A Cool Humid,urb,q1,perm,2015,1.0
C-EEU-POL,Zone_5A Cool Humid,urb,q1,perm,2020,1.0
C-EEU-POL,Zone_5A Cool Humid,urb,q1,perm,2025,1.0
C-EEU-POL,Zone_5A Cool Humid,urb,q1,perm,2030,1.0
C-EEU-POL,Zone_5A Cool Humid,urb,q1,perm,2035,1.0
C-EEU-POL,Zone_5A Cool Humid,urb,q1,perm,2040,1.0
C-EEU-POL,Zone_5A Cool Humid,urb,q1,perm,2045,1.0
C-EEU-POL,Zone_5A Cool Humid,urb,q1,perm,2050,1.0
C-EEU-POL,Zone_5A Cool Humid,urb,q1,perm,2055,1.0
C-EEU-POL,Zone_5A Cool Humid,urb,q1,perm,2060,1.0
C-EEU-POL,Zone_5A Cool Humid,urb,q1,perm,2065,1.0
C-EEU-POL,Zone_5A Cool Humid,urb,q1,perm,2070,1.0
C-EEU-POL,Zone_5A Cool Humid,urb,q1,perm,2075,1.0
C-EEU-POL,Zone_5A Cool Humid,urb,q1,perm,2080,1.0
C-EEU-POL,Zone_5A Cool Humid,urb,q1,perm,2085,1.0
C-EEU-POL,Zone_5A Cool Humid,urb,q1,perm,2090,1.0
C-EEU-POL,Zone_5A Cool Humid,urb,q1,perm,2095,1.0
C-EEU-POL,Zone_5A Cool Humid,urb,q1,perm,2100,1.0
C-EEU-POL,Zone_5A Cool Humid,urb,q1,sub,2015,0.0
C-EEU-POL,Zone_5A Cool Humid,urb,q1,sub,2020,0.0
C-EEU-POL,Zone_5A Cool Humid,urb,q1,sub,2025,0.0
C-EEU-POL,Zone_5A Cool Humid,urb,q1,sub,2030,0.0
C-EEU-POL,Zone_5A Cool Humid,urb,q1,sub,2035,0.0
C-EEU-POL,Zone_5A Cool Humid,urb,q1,sub,2040,0.0
C-EEU-POL,Zone_5A Cool Humid,urb,q1,sub,2045,0.0
C-EEU-POL,Zone_5A Cool Humid,urb,q1,sub,2050,0.0
C-EEU-POL,Zone_5A Cool Humid,urb,q1,sub,2055,0.0
C-EEU-POL,Zone_5A Cool Humid,urb,q1,sub,2060,0.0
C-EEU-POL,Zone_5A Cool Humid,urb,q1,sub,2065,0.0
C-EEU-POL,Zone_5A Cool Humid,urb,q1,sub,2070,0.0
C-EEU-POL,Zone_5A Cool Humid,urb,q1,sub,2075,0.0
C-EEU-POL,Zone_5A Cool Humid,urb,q1,sub,2080,0.0
C-EEU-POL,Zone_5A Cool Humid,urb,q1,sub,2085,0.0
C-EEU-POL,Zone_5A Cool Humid,urb,q1,sub,2090,0.0
C-EEU-POL,Zone_5A Cool Humid,urb,q1,sub,2095,0.0
C-EEU-POL,Zone_5A Cool Humid,urb,q1,sub,2100,0.0
C-EEU-POL,Zone_5A Cool Humid,urb,q2,perm,2015,1.0
C-EEU-POL,Zone_5A Cool Humid,urb,q2,perm,2020,1.0
C-EEU-POL,Zone_5A Cool Humid,urb,q2,perm,2025,1.0
C-EEU-POL,Zone_5A Cool Humid,urb,q2,perm,2030,1.0
C-EEU-POL,Zone_5A Cool Humid,urb,q2,perm,2035,1.0
C-EEU-POL,Zone_5A Cool Humid,urb,q2,perm,2040,1.0
C-EEU-POL,Zone_5A Cool Humid,urb,q2,perm,2045,1.0
C-EEU-POL,Zone_5A Cool Humid,urb,q2,perm,2050,1.0
C-EEU-POL,Zone_5A Cool Humid,urb,q2,perm,2055,1.0
C-EEU-POL,Zone_5A Cool Humid,urb,q2,perm,2060,1.0
C-EEU-POL,Zone_5A Cool Humid,urb,q2,perm,2065,1.0
C-EEU-POL,Zone_5A Cool Humid,urb,q2,perm,2070,1.0
C-EEU-POL,Zone_5A Cool Humid,urb,q2,perm,2075,1.0
C-EEU-POL,Zone_5A Cool Humid,urb,q2,perm,2080,1.0
C-EEU-POL,Zone_5A Cool Humid,urb,q2,perm,2085,1.0
C-EEU-POL,Zone_5A Cool Humid,urb,q2,perm,2090,1.0
C-EEU-POL,Zone_5A Cool Humid,urb,q2,perm,2095,1.0
C-EEU-POL,Zone_5A Cool Humid,urb,q2,perm,2100,1.0
C-EEU-POL,Zone_5A Cool Humid,urb,q2,sub,2015,0.0
C-EEU-POL,Zone_5A Cool Humid,urb,q2,sub,2020,0.0
C-EEU-POL,Zone_5A Cool Humid,urb,q2,sub,2025,0.0
C-EEU-POL,Zone_5A Cool Humid,urb,q2,sub,2030,0.0
C-EEU-POL,Zone_5A Cool Humid,urb,q2,sub,2035,0.0
C-EEU-POL,Zone_5A Cool Humid,urb,q2,sub,2040,0.0
C-EEU-POL,Zone_5A Cool Humid,urb,q2,sub,2045,0.0
C-EEU-POL,Zone_5A Cool Humid,urb,q2,sub,2050,0.0
C-EEU-POL,Zone_5A Cool Humid,urb,q2,sub,2055,0.0
C-EEU-POL,Zone_5A Cool Humid,urb,q2,sub,2060,0.0
C-EEU-POL,Zone_5A Cool Humid,urb,q2,sub,2065,0.0
C-EEU-POL,Zone_5A Cool Humid,urb,q2,sub,2070,0.0
C-EEU-POL,Zone_5A Cool Humid,urb,q2,sub,2075,0.0
C-EEU-POL,Zone_5A Cool Humid,urb,q2,sub,2080,0.0
C-EEU-POL,Zone_5A Cool Humid,urb,q2,sub,2085,0.0
C-EEU-POL,Zone_5A Cool Humid,urb,q2,sub,2090,0.0
C-EEU-POL,Zone_5A Cool Humid,urb,q2,sub,2095,0.0
C-EEU-POL,Zone_5A Cool Humid,urb,q2,sub,2100,0.0
C-EEU-POL,Zone_5A Cool Humid,urb,q3,perm,2015,1.0
C-EEU-POL,Zone_5A Cool Humid,urb,q3,perm,2020,1.0
C-EEU-POL,Zone_5A Cool Humid,urb,q3,perm,2025,1.0
C-EEU-POL,Zone_5A Cool Humid,urb,q3,perm,2030,1.0
C-EEU-POL,Zone_5A Cool Humid,urb,q3,perm,2035,1.0
C-EEU-POL,Zone_5A Cool Humid,urb,q3,perm,2040,1.0
C-EEU-POL,Zone_5A Cool Humid,urb,q3,perm,2045,1.0
C-EEU-POL,Zone_5A Cool Humid,urb,q3,perm,2050,1.0
C-EEU-POL,Zone_5A Cool Humid,urb,q3,perm,2055,1.0
C-EEU-POL,Zone_5A Cool Humid,urb,q3,perm,2060,1.0
C-EEU-POL,Zone_5A Cool Humid,urb,q3,perm,2065,1.0
C-EEU-POL,Zone_5A Cool Humid,urb,q3,perm,2070,1.0
C-EEU-POL,Zone_5A Cool Humid,urb,q3,perm,2075,1.0
C-EEU-POL,Zone_5A Cool Humid,urb,q3,perm,2080,1.0
C-EEU-POL,Zone_5A Cool Humid,urb,q3,perm,2085,1.0
C-EEU-POL,Zone_5A Cool Humid,urb,q3,perm,2090,1.0
C-EEU-POL,Zone_5A Cool Humid,urb,q3,perm,2095,1.0
C-EEU-POL,Zone_5A Cool Humid,urb,q3,perm,2100,1.0
C-EEU-POL,Zone_5A Cool Humid,urb,q3,sub,2015,0.0
C-EEU-POL,Zone_5A Cool Humid,urb,q3,sub,2020,0.0
C-EEU-POL,Zone_5A Cool Humid,urb,q3,sub,2025,0.0
C-EEU-POL,Zone_5A Cool Humid,urb,q3,sub,2030,0.0
C-EEU-POL,Zone_5A Cool Humid,urb,q3,sub,2035,0.0
C-EEU-POL,Zone_5A Cool Humid,urb,q3,sub,2040,0.0
C-EEU-POL,Zone_5A Cool Humid,urb,q3,sub,2045,0.0
C-EEU-POL,Zone_5A Cool Humid,urb,q3,sub,2050,0.0
C-EEU-POL,Zone_5A Cool Humid,urb,q3,sub,2055,0.0
C-EEU-POL,Zone_5A Cool Humid,urb,q3,sub,2060,0.0
C-EEU-POL,Zone_5A Cool Humid,urb,q3,sub,2065,0.0
C-EEU-POL,Zone_5A Cool Humid,urb,q3,sub,2070,0.0
C-EEU-POL,Zone_5A Cool Humid,urb,q3,sub,2075,0.0
C-EEU-POL,Zone_5A Cool Humid,urb,q3,sub,2080,0.0
C-EEU-POL,Zone_5A Cool Humid,urb,q3,sub,2085,0.0
C-EEU-POL,Zone_5A Cool Humid,urb,q3,sub,2090,0.0
C-EEU-POL,Zone_5A Cool Humid,urb,q3,sub,2095,0.0
C-EEU-POL,Zone_5A Cool Humid,urb,q3,sub,2100,0.0
C-EEU-POL,Zone_6A Cold Humid,rur,q1,perm,2015,0.022430693989946897
C-EEU-POL,Zone_6A Cold Humid,rur,q1,perm,2020,0.022430693989946897
C-EEU-POL,Zone_6A Cold Humid,rur,q1,perm,2025,0.022622798135875408
C-EEU-POL,Zone_6A Cold Humid,rur,q1,perm,2030,0.0228295128069433
C-EEU-POL,Zone_6A Cold Humid,rur,q1,perm,2035,0.023043441838492097
C-EEU-POL,Zone_6A Cold Humid,rur,q1,perm,2040,0.023256097997048603
C-EEU-POL,Zone_6A Cold Humid,rur,q1,perm,2045,0.02345946499447511
C-EEU-POL,Zone_6A Cold Humid,rur,q1,perm,2050,0.023643654335273344
C-EEU-POL,Zone_6A Cold Humid,rur,q1,perm,2055,0.023807826134496987
C-EEU-POL,Zone_6A Cold Humid,rur,q1,perm,2060,0.02396144472802667
C-EEU-POL,Zone_6A Cold Humid,rur,q1,perm,2065,0.024113919831371705
C-EEU-POL,Zone_6A Cold Humid,rur,q1,perm,2070,0.02428010476173695
C-EEU-POL,Zone_6A Cold Humid,rur,q1,perm,2075,0.024452093825549276
C-EEU-POL,Zone_6A Cold Humid,rur,q1,perm,2080,0.024618245683912385
C-EEU-POL,Zone_6A Cold Humid,rur,q1,perm,2085,0.02476717179747525
C-EEU-POL,Zone_6A Cold Humid,rur,q1,perm,2090,0.024890210702676246
C-EEU-POL,Zone_6A Cold Humid,rur,q1,perm,2095,0.024994242742519004
C-EEU-POL,Zone_6A Cold Humid,rur,q1,perm,2100,0.025087006886416484
C-EEU-POL,Zone_6A Cold Humid,rur,q1,sub,2015,0.0
C-EEU-POL,Zone_6A Cold Humid,rur,q1,sub,2020,0.0
C-EEU-POL,Zone_6A Cold Humid,rur,q1,sub,2025,0.0
C-EEU-POL,Zone_6A Cold Humid,rur,q1,sub,2030,0.0
C-EEU-POL,Zone_6A Cold Humid,rur,q1,sub,2035,0.0
C-EEU-POL,Zone_6A Cold Humid,rur,q1,sub,2040,0.0
C-EEU-POL,Zone_6A Cold Humid,rur,q1,sub,2045,0.0
C-EEU-POL,Zone_6A Cold Humid,rur,q1,sub,2050,0.0
C-EEU-POL,Zone_6A Cold Humid,rur,q1,sub,2055,0.0
C-EEU-POL,Zone_6A Cold Humid,rur,q1,sub,2060,0.0
C-EEU-POL,Zone_6A Cold Humid,rur,q1,sub,2065,0.0
C-EEU-POL,Zone_6A Cold Humid,rur,q1,sub,2070,0.0
C-EEU-POL,Zone_6A Cold Humid,rur,q1,sub,2075,0.0
C-EEU-POL,Zone_6A Cold Humid,rur,q1,sub,2080,0.0
C-EEU-POL,Zone_6A Cold Humid,rur,q1,sub,2085,0.0
C-EEU-POL,Zone_6A Cold Humid,rur,q1,sub,2090,0.0
C-EEU-POL,Zone_6A Cold Humid,rur,q1,sub,2095,0.0
C-EEU-POL,Zone_6A Cold Humid,rur,q1,sub,2100,0.0
C-EEU-POL,Zone_6A Cold Humid,rur,q2,perm,2015,0.022430693989946897
C-EEU-POL,Zone_6A Cold Humid,rur,q2,perm,2020,0.022430693989946897
C-EEU-POL,Zone_6A Cold Humid,rur,q2,perm,2025,0.022622798135875408
C-EEU-POL,Zone_6A Cold Humid,rur,q2,perm,2030,0.0228295128069433
C-EEU-POL,Zone_6A Cold Humid,rur,q2,perm,2035,0.023043441838492097
C-EEU-POL,Zone_6A Cold Humid,rur,q2,perm,2040,0.023256097997048603
C-EEU-POL,Zone_6A Cold Humid,rur,q2,perm,2045,0.02345946499447511
C-EEU-POL,Zone_6A Cold Humid,rur,q2,perm,2050,0.023643654335273344
C-EEU-POL,Zone_6A Cold Humid,rur,q2,perm,2055,0.023807826134496987
C-EEU-POL,Zone_6A Cold Humid,rur,q2,perm,2060,0.02396144472802667
C-EEU-POL,Zone_6A Cold Humid,rur,q2,perm,2065,0.024113919831371705
C-EEU-POL,Zone_6A Cold Humid,rur,q2,perm,2070,0.02428010476173695
C-EEU-POL,Zone_6A Cold Humid,rur,q2,perm,2075,0.024452093825549276
C-EEU-POL,Zone_6A Cold Humid,rur,q2,perm,2080,0.024618245683912385
C-EEU-POL,Zone_6A Cold Humid,rur,q2,perm,2085,0.02476717179747525
C-EEU-POL,Zone_6A Cold Humid,rur,q2,perm,2090,0.024890210702676246
C-EEU-POL,Zone_6A Cold Humid,rur,q2,perm,2095,0.024994242742519004
C-EEU-POL,Zone_6A Cold Humid,rur,q2,perm,2100,0.025087006886416484
C-EEU-POL,Zone_6A Cold Humid,rur,q2,sub,2015,0.0
C-EEU-POL,Zone_6A Cold Humid,rur,q2,sub,2020,0.0
C-EEU-POL,Zone_6A Cold Humid,rur,q2,sub,2025,0.0
C-EEU-POL,Zone_6A Cold Humid,rur,q2,sub,2030,0.0
C-EEU-POL,Zone_6A Cold Humid,rur,q2,sub,2035,0.0
C-EEU-POL,Zone_6A Cold Humid,rur,q2,sub,2040,0.0
C-EEU-POL,Zone_6A Cold Humid,rur,q2,sub,2045,0.0
C-EEU-POL,Zone_6A Cold Humid,rur,q2,sub,2050,0.0
C-EEU-POL,Zone_6A Cold Humid,rur,q2,sub,2055,0.0
C-EEU-POL,Zone_6A Cold Humid,rur,q2,sub,2060,0.0
C-EEU-POL,Zone_6A Cold Humid,rur,q2,sub,2065,0.0
C-EEU-POL,Zone_6A Cold Humid,rur,q2,sub,2070,0.0
C-EEU-POL,Zone_6A Cold Humid,rur,q2,sub,2075,0.0
C-EEU-POL,Zone_6A Cold Humid,rur,q2,sub,2080,0.0
C-EEU-POL,Zone_6A Cold Humid,rur,q2,sub,2085,0.0
C-EEU-POL,Zone_6A Cold Humid,rur,q2,sub,2090,0.0
C-EEU-POL,Zone_6A Cold Humid,rur,q2,sub,2095,0.0
C-EEU-POL,Zone_6A Cold Humid,rur,q2,sub,2100,0.0
C-EEU-POL,Zone_6A Cold Humid,rur,q3,perm,2015,0.022430693989946897
C-EEU-POL,Zone_6A Cold Humid,rur,q3,perm,2020,0.022430693989946897
C-EEU-POL,Zone_6A Cold Humid,rur,q3,perm,2025,0.022622798135875408
C-EEU-POL,Zone_6A Cold Humid,rur,q3,perm,2030,0.0228295128069433
C-EEU-POL,Zone_6A Cold Humid,rur,q3,perm,2035,0.023043441838492097
C-EEU-POL,Zone_6A Cold Humid,rur,q3,perm,2040,0.023256097997048603
C-EEU-POL,Zone_6A Cold Humid,rur,q3,perm,2045,0.02345946499447511
C-EEU-POL,Zone_6A Cold Humid,rur,q3,perm,2050,0.023643654335273344
C-EEU-POL,Zone_6A Cold Humid,rur,q3,perm,2055,0.023807826134496987
C-EEU-POL,Zone_6A Cold Humid,rur,q3,perm,2060,0.02396144472802667
C-EEU-POL,Zone_6A Cold Humid,rur,q3,perm,2065,0.024113919831371705
C-EEU-POL,Zone_6A Cold Humid,rur,q3,perm,2070,0.02428010476173695
C-EEU-POL,Zone_6A Cold Humid,rur,q3,perm,2075,0.024452093825549276
C-EEU-POL,Zone_6A Cold Humid,rur,q3,perm,2080,0.024618245683912385
C-EEU-POL,Zone_6A Cold Humid,rur,q3,perm,2085,0.02476717179747525
C-EEU-POL,Zone_6A Cold Humid,rur,q3,perm,2090,0.024890210702676246
C-EEU-POL,Zone_6A Cold Humid,rur,q3,perm,2095,0.024994242742519004
C-EEU-POL,Zone_6A Cold Humid,rur,q3,perm,2100,0.025087006886416484
C-EEU-POL,Zone_6A Cold Humid,rur,q3,sub,2015,0.0
C-EEU-POL,Zone_6A Cold Humid,rur,q3,sub,2020,0.0
C-EEU-POL,Zone_6A Cold Humid,rur,q3,sub,2025,0.0
C-EEU-POL,Zone_6A Cold Humid,rur,q3,sub,2030,0.0
C-EEU-POL,Zone_6A Cold Humid,rur,q3,sub,2035,0.0
C-EEU-POL,Zone_6A Cold Humid,rur,q3,sub,2040,0.0
C-EEU-POL,Zone_6A Cold Humid,rur,q3,sub,2045,0.0
C-EEU-POL,Zone_6A Cold Humid,rur,q3,sub,2050,0.0
C-EEU-POL,Zone_6A Cold Humid,rur,q3,sub,2055,0.0
C-EEU-POL,Zone_6A Cold Humid,rur,q3,sub,2060,0.0
C-EEU-POL,Zone_6A Cold Humid,rur,q3,sub,2065,0.0
C-EEU-POL,Zone_6A Cold Humid,rur,q3,sub,2070,0.0
C-EEU-POL,Zone_6A Cold Humid,rur,q3,sub,2075,0.0
C-EEU-POL,Zone_6A Cold Humid,rur,q3,sub,2080,0.0
C-EEU-POL,Zone_6A Cold Humid,rur,q3,sub,2085,0.0
C-EEU-POL,Zone_6A Cold Humid,rur,q3,sub,2090,0.0
C-EEU-POL,Zone_6A Cold Humid,rur,q3,sub,2095,0.0
C-EEU-POL,Zone_6A Cold Humid,rur,q3,sub,2100,0.0
C-EEU-POL,Zone_6A Cold Humid,urb,q1,perm,2015,0.02243069398994691
C-EEU-POL,Zone_6A Cold Humid,urb,q1,perm,2020,0.02243069398994691
C-EEU-POL,Zone_6A Cold Humid,urb,q1,perm,2025,0.0226227981358754
C-EEU-POL,Zone_6A Cold Humid,urb,q1,perm,2030,0.02282951280694329
C-EEU-POL,Zone_6A Cold Humid,urb,q1,perm,2035,0.02304344183849209
C-EEU-POL,Zone_6A Cold Humid,urb,q1,perm,2040,0.0232560979970486
C-EEU-POL,Zone_6A Cold Humid,urb,q1,perm,2045,0.02345946499447511
C-EEU-POL,Zone_6A Cold Humid,urb,q1,perm,2050,0.023643654335273333
C-EEU-POL,Zone_6A Cold Humid,urb,q1,perm,2055,0.023807826134496984
C-EEU-POL,Zone_6A Cold Humid,urb,q1,perm,2060,0.023961444728026665
C-EEU-POL,Zone_6A Cold Humid,urb,q1,perm,2065,0.024113919831371705
C-EEU-POL,Zone_6A Cold Humid,urb,q1,perm,2070,0.02428010476173695
C-EEU-POL,Zone_6A Cold Humid,urb,q1,perm,2075,0.024452093825549276
C-EEU-POL,Zone_6A Cold Humid,urb,q1,perm,2080,0.024618245683912385
C-EEU-POL,Zone_6A Cold Humid,urb,q1,perm,2085,0.02476717179747525
C-EEU-POL,Zone_6A Cold Humid,urb,q1,perm,2090,0.02489021070267624
C-EEU-POL,Zone_6A Cold Humid,urb,q1,perm,2095,0.024994242742519
C-EEU-POL,Zone_6A Cold Humid,urb,q1,perm,2100,0.02508700688641649
C-EEU-POL,Zone_6A Cold Humid,urb,q1,sub,2015,0.0
C-EEU-POL,Zone_6A Cold Humid,urb,q1,sub,2020,0.0
C-EEU-POL,Zone_6A Cold Humid,urb,q1,sub,2025,0.0
C-EEU-POL,Zone_6A Cold Humid,urb,q1,sub,2030,0.0
C-EEU-POL,Zone_6A Cold Humid,urb,q1,sub,2035,0.0
C-EEU-POL,Zone_6A Cold Humid,urb,q1,sub,2040,0.0
C-EEU-POL,Zone_6A Cold Humid,urb,q1,sub,2045,0.0
C-EEU-POL,Zone_6A Cold Humid,urb,q1,sub,2050,0.0
C-EEU-POL,Zone_6A Cold Humid,urb,q1,sub,2055,0.0
C-EEU-POL,Zone_6A Cold Humid,urb,q1,sub,2060,0.0
C-EEU-POL,Zone_6A Cold Humid,urb,q1,sub,2065,0.0
C-EEU-POL,Zone_6A Cold Humid,urb,q1,sub,2070,0.0
C-EEU-POL,Zone_6A Cold Humid,urb,q1,sub,2075,0.0
C-EEU-POL,Zone_6A Cold Humid,urb,q1,sub,2080,0.0
C-EEU-POL,Zone_6A Cold Humid,urb,q1,sub,2085,0.0
C-EEU-POL,Zone_6A Cold Humid,urb,q1,sub,2090,0.0
C-EEU-POL,Zone_6A Cold Humid,urb,q1,sub,2095,0.0
C-EEU-POL,Zone_6A Cold Humid,urb,q1,sub,2100,0.0
C-EEU-POL,Zone_6A Cold Humid,urb,q2,perm,2015,0.02243069398994691
C-EEU-POL,Zone_6A Cold Humid,urb,q2,perm,2020,0.02243069398994691
C-EEU-POL,Zone_6A Cold Humid,urb,q2,perm,2025,0.0226227981358754
C-EEU-POL,Zone_6A Cold Humid,urb,q2,perm,2030,0.02282951280694329
C-EEU-POL,Zone_6A Cold Humid,urb,q2,perm,2035,0.02304344183849209
C-EEU-POL,Zone_6A Cold Humid,urb,q2,perm,2040,0.0232560979970486
C-EEU-POL,Zone_6A Cold Humid,urb,q2,perm,2045,0.02345946499447511
C-EEU-POL,Zone_6A Cold Humid,urb,q2,perm,2050,0.023643654335273333
C-EEU-POL,Zone_6A Cold Humid,urb,q2,perm,2055,0.023807826134496984
C-EEU-POL,Zone_6A Cold Humid,urb,q2,perm,2060,0.023961444728026665
C-EEU-POL,Zone_6A Cold Humid,urb,q2,perm,2065,0.024113919831371705
C-EEU-POL,Zone_6A Cold Humid,urb,q2,perm,2070,0.02428010476173695
C-EEU-POL,Zone_6A Cold Humid,urb,q2,perm,2075,0.024452093825549276
C-EEU-POL,Zone_6A Cold Humid,urb,q2,perm,2080,0.024618245683912385
C-EEU-POL,Zone_6A Cold Humid,urb,q2,perm,2085,0.02476717179747525
C-EEU-POL,Zone_6A Cold Humid,urb,q2,perm,2090,0.02489021070267624
C-EEU-POL,Zone_6A Cold Humid,urb,q2,perm,2095,0.024994242742519
C-EEU-POL,Zone_6A Cold Humid,urb,q2,perm,2100,0.02508700688641649
C-EEU-POL,Zone_6A Cold Humid,urb,q2,sub,2015,0.0
C-EEU-POL,Zone_6A Cold Humid,urb,q2,sub,2020,0.0
C-EEU-POL,Zone_6A Cold Humid,urb,q2,sub,2025,0.0
C-EEU-POL,Zone_6A Cold Humid,urb,q2,sub,2030,0.0
C-EEU-POL,Zone_6A Cold Humid,urb,q2,sub,2035,0.0
C-EEU-POL,Zone_6A Cold Humid,urb,q2,sub,2040,0.0
C-EEU-POL,Zone_6A Cold Humid,urb,q2,sub,2045,0.0
C-EEU-POL,Zone_6A Cold Humid,urb,q2,sub,2050,0.0
C-EEU-POL,Zone_6A Cold Humid,urb,q2,sub,2055,0.0
C-EEU-POL,Zone_6A Cold Humid,urb,q2,sub,2060,0.0
C-EEU-POL,Zone_6A Cold Humid,urb,q2,sub,2065,0.0
C-EEU-POL,Zone_6A Cold Humid,urb,q2,sub,2070,0.0
C-EEU-POL,Zone_6A Cold Humid,urb,q2,sub,2075,0.0
C-EEU-POL,Zone_6A Cold Humid,urb,q2,sub,2080,0.0
C-EEU-POL,Zone_6A Cold Humid,urb,q2,sub,2085,0.0
C-EEU-POL,Zone_6A Cold Humid,urb,q2,sub,2090,0.0
C-EEU-POL,Zone_6A Cold Humid,urb,q2,sub,2095,0.0
C-EEU-POL,Zone_6A Cold Humid,urb,q2,sub,2100,0.0
C-EEU-POL,Zone_6A Cold Humid,urb,q3,perm,2015,0.02243069398994691
C-EEU-POL,Zone_6A Cold Humid,urb,q3,perm,2020,0.02243069398994691
C-EEU-POL,Zone_6A Cold Humid,urb,q3,perm,2025,0.0226227981358754
C-EEU-POL,Zone_6A Cold Humid,urb,q3,perm,2030,0.02282951280694329
C-EEU-POL,Zone_6A Cold Humid,urb,q3,perm,2035,0.02304344183849209
C-EEU-POL,Zone_6A Cold Humid,urb,q3,perm,2040,0.0232560979970486
C-EEU-POL,Zone_6A Cold Humid,urb,q3,perm,2045,0.02345946499447511
C-EEU-POL,Zone_6A Cold Humid,urb,q3,perm,2050,0.023643654335273333
C-EEU-POL,Zone_6A Cold Humid,urb,q3,perm,2055,0.023807826134496984
C-EEU-POL,Zone_6A Cold Humid,urb,q3,perm,2060,0.023961444728026665
C-EEU-POL,Zone_6A Cold Humid,urb,q3,perm,2065,0.024113919831371705
C-EEU-POL,Zone_6A Cold Humid,urb,q3,perm,2070,0.02428010476173695
C-EEU-POL,Zone_6A Cold Humid,urb,q3,perm,2075,0.024452093825549276
C-EEU-POL,Zone_6A Cold Humid,urb,q3,perm,2080,0.024618245683912385
C-EEU-POL,Zone_6A Cold Humid,urb,q3,perm,2085,0.02476717179747525
C-EEU-POL,Zone_6A Cold Humid,urb,q3,perm,2090,0.02489021070267624
C-EEU-POL,Zone_6A Cold Humid,urb,q3,perm,2095,0.024994242742519
C-EEU-POL,Zone_6A Cold Humid,urb,q3,perm,2100,0.02508700688641649
C-EEU-POL,Zone_6A Cold Humid,urb,q3,sub,2015,0.0
C-EEU-POL,Zone_6A Cold Humid,urb,q3,sub,2020,0.0
C-EEU-POL,Zone_6A Cold Humid,urb,q3,sub,2025,0.0
C-EEU-POL,Zone_6A Cold Humid,urb,q3,sub,2030,0.0
C-EEU-POL,Zone_6A Cold Humid,urb,q3,sub,2035,0.0
C-EEU-POL,Zone_6A Cold Humid,urb,q3,sub,2040,0.0
C-EEU-POL,Zone_6A Cold Humid,urb,q3,sub,2045,0.0
C-EEU-POL,Zone_6A Cold Humid,urb,q3,sub,2050,0.0
C-EEU-POL,Zone_6A Cold Humid,urb,q3,sub,2055,0.0
C-EEU-POL,Zone_6A Cold Humid,urb,q3,sub,2060,0.0
C-EEU-POL,Zone_6A Cold Humid,urb,q3,sub,2065,0.0
C-EEU-POL,Zone_6A Cold Humid,urb,q3,sub,2070,0.0
C-EEU-POL,Zone_6A Cold Humid,urb,q3,sub,2075,0.0
C-EEU-POL,Zone_6A Cold Humid,urb,q3,sub,2080,0.0
C-EEU-POL,Zone_6A Cold Humid,urb,q3,sub,2085,0.0
C-EEU-POL,Zone_6A Cold Humid,urb,q3,sub,2090,0.0
C-EEU-POL,Zone_6A Cold Humid,urb,q3,sub,2095,0.0
C-EEU-POL,Zone_6A Cold Humid,urb,q3,sub,2100,0.0
C-EEU-ROU,Zone_4A Mixed Humid,rur,q1,perm,2015,1.0
C-EEU-ROU,Zone_4A Mixed Humid,rur,q1,perm,2020,1.0
C-EEU-ROU,Zone_4A Mixed Humid,rur,q1,perm,2025,1.0
C-EEU-ROU,Zone_4A Mixed Humid,rur,q1,perm,2030,1.0
C-EEU-ROU,Zone_4A Mixed Humid,rur,q1,perm,2035,1.0
C-EEU-ROU,Zone_4A Mixed Humid,rur,q1,perm,2040,1.0
C-EEU-ROU,Zone_4A Mixed Humid,rur,q1,perm,2045,1.0
C-EEU-ROU,Zone_4A Mixed Humid,rur,q1,perm,2050,1.0
C-EEU-ROU,Zone_4A Mixed Humid,rur,q1,perm,2055,1.0
C-EEU-ROU,Zone_4A Mixed Humid,rur,q1,perm,2060,1.0
C-EEU-ROU,Zone_4A Mixed Humid,rur,q1,perm,2065,1.0
C-EEU-ROU,Zone_4A Mixed Humid,rur,q1,perm,2070,1.0
C-EEU-ROU,Zone_4A Mixed Humid,rur,q1,perm,2075,1.0
C-EEU-ROU,Zone_4A Mixed Humid,rur,q1,perm,2080,1.0
C-EEU-ROU,Zone_4A Mixed Humid,rur,q1,perm,2085,1.0
C-EEU-ROU,Zone_4A Mixed Humid,rur,q1,perm,2090,1.0
C-EEU-ROU,Zone_4A Mixed Humid,rur,q1,perm,2095,1.0
C-EEU-ROU,Zone_4A Mixed Humid,rur,q1,perm,2100,1.0
C-EEU-ROU,Zone_4A Mixed Humid,rur,q1,sub,2015,0.0
C-EEU-ROU,Zone_4A Mixed Humid,rur,q1,sub,2020,0.0
C-EEU-ROU,Zone_4A Mixed Humid,rur,q1,sub,2025,0.0
C-EEU-ROU,Zone_4A Mixed Humid,rur,q1,sub,2030,0.0
C-EEU-ROU,Zone_4A Mixed Humid,rur,q1,sub,2035,0.0
C-EEU-ROU,Zone_4A Mixed Humid,rur,q1,sub,2040,0.0
C-EEU-ROU,Zone_4A Mixed Humid,rur,q1,sub,2045,0.0
C-EEU-ROU,Zone_4A Mixed Humid,rur,q1,sub,2050,0.0
C-EEU-ROU,Zone_4A Mixed Humid,rur,q1,sub,2055,0.0
C-EEU-ROU,Zone_4A Mixed Humid,rur,q1,sub,2060,0.0
C-EEU-ROU,Zone_4A Mixed Humid,rur,q1,sub,2065,0.0
C-EEU-ROU,Zone_4A Mixed Humid,rur,q1,sub,2070,0.0
C-EEU-ROU,Zone_4A Mixed Humid,rur,q1,sub,2075,0.0
C-EEU-ROU,Zone_4A Mixed Humid,rur,q1,sub,2080,0.0
C-EEU-ROU,Zone_4A Mixed Humid,rur,q1,sub,2085,0.0
C-EEU-ROU,Zone_4A Mixed Humid,rur,q1,sub,2090,0.0
C-EEU-ROU,Zone_4A Mixed Humid,rur,q1,sub,2095,0.0
C-EEU-ROU,Zone_4A Mixed Humid,rur,q1,sub,2100,0.0
C-EEU-ROU,Zone_4A Mixed Humid,rur,q2,perm,2015,1.0
C-EEU-ROU,Zone_4A Mixed Humid,rur,q2,perm,2020,1.0
C-EEU-ROU,Zone_4A Mixed Humid,rur,q2,perm,2025,1.0
C-EEU-ROU,Zone_4A Mixed Humid,rur,q2,perm,2030,1.0
C-EEU-ROU,Zone_4A Mixed Humid,rur,q2,perm,2035,1.0
C-EEU-ROU,Zone_4A Mixed Humid,rur,q2,perm,2040,1.0
C-EEU-ROU,Zone_4A Mixed Humid,rur,q2,perm,2045,1.0
C-EEU-ROU,Zone_4A Mixed Humid,rur,q2,perm,2050,1.0
C-EEU-ROU,Zone_4A Mixed Humid,rur,q2,perm,2055,1.0
C-EEU-ROU,Zone_4A Mixed Humid,rur,q2,perm,2060,1.0
C-EEU-ROU,Zone_4A Mixed Humid,rur,q2,perm,2065,1.0
C-EEU-ROU,Zone_4A Mixed Humid,rur,q2,perm,2070,1.0
C-EEU-ROU,Zone_4A Mixed Humid,rur,q2,perm,2075,1.0
C-EEU-ROU,Zone_4A Mixed Humid,rur,q2,perm,2080,1.0
C-EEU-ROU,Zone_4A Mixed Humid,rur,q2,perm,2085,1.0
C-EEU-ROU,Zone_4A Mixed Humid,rur,q2,perm,2090,1.0
C-EEU-ROU,Zone_4A Mixed Humid,rur,q2,perm,2095,1.0
C-EEU-ROU,Zone_4A Mixed Humid,rur,q2,perm,2100,1.0
C-EEU-ROU,Zone_4A Mixed Humid,rur,q2,sub,2015,0.0
C-EEU-ROU,Zone_4A Mixed Humid,rur,q2,sub,2020,0.0
C-EEU-ROU,Zone_4A Mixed Humid,rur,q2,sub,2025,0.0
C-EEU-ROU,Zone_4A Mixed Humid,rur,q2,sub,2030,0.0
C-EEU-ROU,Zone_4A Mixed Humid,rur,q2,sub,2035,0.0
C-EEU-ROU,Zone_4A Mixed Humid,rur,q2,sub,2040,0.0
C-EEU-ROU,Zone_4A Mixed Humid,rur,q2,sub,2045,0.0
C-EEU-ROU,Zone_4A Mixed Humid,rur,q2,sub,2050,0.0
C-EEU-ROU,Zone_4A Mixed Humid,rur,q2,sub,2055,0.0
C-EEU-ROU,Zone_4A Mixed Humid,rur,q2,sub,2060,0.0
C-EEU-ROU,Zone_4A Mixed Humid,rur,q2,sub,2065,0.0
C-EEU-ROU,Zone_4A Mixed Humid,rur,q2,sub,2070,0.0
C-EEU-ROU,Zone_4A Mixed Humid,rur,q2,sub,2075,0.0
C-EEU-ROU,Zone_4A Mixed Humid,rur,q2,sub,2080,0.0
C-EEU-ROU,Zone_4A Mixed Humid,rur,q2,sub,2085,0.0
C-EEU-ROU,Zone_4A Mixed Humid,rur,q2,sub,2090,0.0
C-EEU-ROU,Zone_4A Mixed Humid,rur,q2,sub,2095,0.0
C-EEU-ROU,Zone_4A Mixed Humid,rur,q2,sub,2100,0.0
C-EEU-ROU,Zone_4A Mixed Humid,rur,q3,perm,2015,1.0
C-EEU-ROU,Zone_4A Mixed Humid,rur,q3,perm,2020,1.0
C-EEU-ROU,Zone_4A Mixed Humid,rur,q3,perm,2025,1.0
C-EEU-ROU,Zone_4A Mixed Humid,rur,q3,perm,2030,1.0
C-EEU-ROU,Zone_4A Mixed Humid,rur,q3,perm,2035,1.0
C-EEU-ROU,Zone_4A Mixed Humid,rur,q3,perm,2040,1.0
C-EEU-ROU,Zone_4A Mixed Humid,rur,q3,perm,2045,1.0
C-EEU-ROU,Zone_4A Mixed Humid,rur,q3,perm,2050,1.0
C-EEU-ROU,Zone_4A Mixed Humid,rur,q3,perm,2055,1.0
C-EEU-ROU,Zone_4A Mixed Humid,rur,q3,perm,2060,1.0
C-EEU-ROU,Zone_4A Mixed Humid,rur,q3,perm,2065,1.0
C-EEU-ROU,Zone_4A Mixed Humid,rur,q3,perm,2070,1.0
C-EEU-ROU,Zone_4A Mixed Humid,rur,q3,perm,2075,1.0
C-EEU-ROU,Zone_4A Mixed Humid,rur,q3,perm,2080,1.0
C-EEU-ROU,Zone_4A Mixed Humid,rur,q3,perm,2085,1.0
C-EEU-ROU,Zone_4A Mixed Humid,rur,q3,perm,2090,1.0
C-EEU-ROU,Zone_4A Mixed Humid,rur,q3,perm,2095,1.0
C-EEU-ROU,Zone_4A Mixed Humid,rur,q3,perm,2100,1.0
C-EEU-ROU,Zone_4A Mixed Humid,rur,q3,sub,2015,0.0
C-EEU-ROU,Zone_4A Mixed Humid,rur,q3,sub,2020,0.0
C-EEU-ROU,Zone_4A Mixed Humid,rur,q3,sub,2025,0.0
C-EEU-ROU,Zone_4A Mixed Humid,rur,q3,sub,2030,0.0
C-EEU-ROU,Zone_4A Mixed Humid,rur,q3,sub,2035,0.0
C-EEU-ROU,Zone_4A Mixed Humid,rur,q3,sub,2040,0.0
C-EEU-ROU,Zone_4A Mixed Humid,rur,q3,sub,2045,0.0
C-EEU-ROU,Zone_4A Mixed Humid,rur,q3,sub,2050,0.0
C-EEU-ROU,Zone_4A Mixed Humid,rur,q3,sub,2055,0.0
C-EEU-ROU,Zone_4A Mixed Humid,rur,q3,sub,2060,0.0
C-EEU-ROU,Zone_4A Mixed Humid,rur,q3,sub,2065,0.0
C-EEU-ROU,Zone_4A Mixed Humid,rur,q3,sub,2070,0.0
C-EEU-ROU,Zone_4A Mixed Humid,rur,q3,sub,2075,0.0
C-EEU-ROU,Zone_4A Mixed Humid,rur,q3,sub,2080,0.0
C-EEU-ROU,Zone_4A Mixed Humid,rur,q3,sub,2085,0.0
C-EEU-ROU,Zone_4A Mixed Humid,rur,q3,sub,2090,0.0
C-EEU-ROU,Zone_4A Mixed Humid,rur,q3,sub,2095,0.0
C-EEU-ROU,Zone_4A Mixed Humid,rur,q3,sub,2100,0.0
C-EEU-ROU,Zone_4A Mixed Humid,urb,q1,perm,2015,1.0
C-EEU-ROU,Zone_4A Mixed Humid,urb,q1,perm,2020,1.0
C-EEU-ROU,Zone_4A Mixed Humid,urb,q1,perm,2025,1.0
C-EEU-ROU,Zone_4A Mixed Humid,urb,q1,perm,2030,1.0
C-EEU-ROU,Zone_4A Mixed Humid,urb,q1,perm,2035,1.0
C-EEU-ROU,Zone_4A Mixed Humid,urb,q1,perm,2040,1.0
C-EEU-ROU,Zone_4A Mixed Humid,urb,q1,perm,2045,1.0
C-EEU-ROU,Zone_4A Mixed Humid,urb,q1,perm,2050,1.0
C-EEU-ROU,Zone_4A Mixed Humid,urb,q1,perm,2055,1.0
C-EEU-ROU,Zone_4A Mixed Humid,urb,q1,perm,2060,1.0
C-EEU-ROU,Zone_4A Mixed Humid,urb,q1,perm,2065,1.0
C-EEU-ROU,Zone_4A Mixed Humid,urb,q1,perm,2070,1.0
C-EEU-ROU,Zone_4A Mixed Humid,urb,q1,perm,2075,1.0
C-EEU-ROU,Zone_4A Mixed Humid,urb,q1,perm,2080,1.0
C-EEU-ROU,Zone_4A Mixed Humid,urb,q1,perm,2085,1.0
C-EEU-ROU,Zone_4A Mixed Humid,urb,q1,perm,2090,1.0
C-EEU-ROU,Zone_4A Mixed Humid,urb,q1,perm,2095,1.0
C-EEU-ROU,Zone_4A Mixed Humid,urb,q1,perm,2100,1.0
C-EEU-ROU,Zone_4A Mixed Humid,urb,q1,sub,2015,0.0
C-EEU-ROU,Zone_4A Mixed Humid,urb,q1,sub,2020,0.0
C-EEU-ROU,Zone_4A Mixed Humid,urb,q1,sub,2025,0.0
C-EEU-ROU,Zone_4A Mixed Humid,urb,q1,sub,2030,0.0
C-EEU-ROU,Zone_4A Mixed Humid,urb,q1,sub,2035,0.0
C-EEU-ROU,Zone_4A Mixed Humid,urb,q1,sub,2040,0.0
C-EEU-ROU,Zone_4A Mixed Humid,urb,q1,sub,2045,0.0
C-EEU-ROU,Zone_4A Mixed Humid,urb,q1,sub,2050,0.0
C-EEU-ROU,Zone_4A Mixed Humid,urb,q1,sub,2055,0.0
C-EEU-ROU,Zone_4A Mixed Humid,urb,q1,sub,2060,0.0
C-EEU-ROU,Zone_4A Mixed Humid,urb,q1,sub,2065,0.0
C-EEU-ROU,Zone_4A Mixed Humid,urb,q1,sub,2070,0.0
C-EEU-ROU,Zone_4A Mixed Humid,urb,q1,sub,2075,0.0
C-EEU-ROU,Zone_4A Mixed Humid,urb,q1,sub,2080,0.0
C-EEU-ROU,Zone_4A Mixed Humid,urb,q1,sub,2085,0.0
C-EEU-ROU,Zone_4A Mixed Humid,urb,q1,sub,2090,0.0
C-EEU-ROU,Zone_4A Mixed Humid,urb,q1,sub,2095,0.0
C-EEU-ROU,Zone_4A Mixed Humid,urb,q1,sub,2100,0.0
C-EEU-ROU,Zone_4A Mixed Humid,urb,q2,perm,2015,1.0
C-EEU-ROU,Zone_4A Mixed Humid,urb,q2,perm,2020,1.0
C-EEU-ROU,Zone_4A Mixed Humid,urb,q2,perm,2025,1.0
C-EEU-ROU,Zone_4A Mixed Humid,urb,q2,perm,2030,1.0
C-EEU-ROU,Zone_4A Mixed Humid,urb,q2,perm,2035,1.0
C-EEU-ROU,Zone_4A Mixed Humid,urb,q2,perm,2040,1.0
C-EEU-ROU,Zone_4A Mixed Humid,urb,q2,perm,2045,1.0
C-EEU-ROU,Zone_4A Mixed Humid,urb,q2,perm,2050,1.0
C-EEU-ROU,Zone_4A Mixed Humid,urb,q2,perm,2055,1.0
C-EEU-ROU,Zone_4A Mixed Humid,urb,q2,perm,2060,1.0
C-EEU-ROU,Zone_4A Mixed Humid,urb,q2,perm,2065,1.0
C-EEU-ROU,Zone_4A Mixed Humid,urb,q2,perm,2070,1.0
C-EEU-ROU,Zone_4A Mixed Humid,urb,q2,perm,2075,1.0
C-EEU-ROU,Zone_4A Mixed Humid,urb,q2,perm,2080,1.0
C-EEU-ROU,Zone_4A Mixed Humid,urb,q2,perm,2085,1.0
C-EEU-ROU,Zone_4A Mixed Humid,urb,q2,perm,2090,1.0
C-EEU-ROU,Zone_4A Mixed Humid,urb,q2,perm,2095,1.0
C-EEU-ROU,Zone_4A Mixed Humid,urb,q2,perm,2100,1.0
C-EEU-ROU,Zone_4A Mixed Humid,urb,q2,sub,2015,0.0
C-EEU-ROU,Zone_4A Mixed Humid,urb,q2,sub,2020,0.0
C-EEU-ROU,Zone_4A Mixed Humid,urb,q2,sub,2025,0.0
C-EEU-ROU,Zone_4A Mixed Humid,urb,q2,sub,2030,0.0
C-EEU-ROU,Zone_4A Mixed Humid,urb,q2,sub,2035,0.0
C-EEU-ROU,Zone_4A Mixed Humid,urb,q2,sub,2040,0.0
C-EEU-ROU,Zone_4A Mixed Humid,urb,q2,sub,2045,0.0
C-EEU-ROU,Zone_4A Mixed Humid,urb,q2,sub,2050,0.0
C-EEU-ROU,Zone_4A Mixed Humid,urb,q2,sub,2055,0.0
C-EEU-ROU,Zone_4A Mixed Humid,urb,q2,sub,2060,0.0
C-EEU-ROU,Zone_4A Mixed Humid,urb,q2,sub,2065,0.0
C-EEU-ROU,Zone_4A Mixed Humid,urb,q2,sub,2070,0.0
C-EEU-ROU,Zone_4A Mixed Humid,urb,q2,sub,2075,0.0
C-EEU-ROU,Zone_4A Mixed Humid,urb,q2,sub,2080,0.0
C-EEU-ROU,Zone_4A Mixed Humid,urb,q2,sub,2085,0.0
C-EEU-ROU,Zone_4A Mixed Humid,urb,q2,sub,2090,0.0
C-EEU-ROU,Zone_4A Mixed Humid,urb,q2,sub,2095,0.0
C-EEU-ROU,Zone_4A Mixed Humid,urb,q2,sub,2100,0.0
C-EEU-ROU,Zone_4A Mixed Humid,urb,q3,perm,2015,1.0
C-EEU-ROU,Zone_4A Mixed Humid,urb,q3,perm,2020,1.0
C-EEU-ROU,Zone_4A Mixed Humid,urb,q3,perm,2025,1.0
C-EEU-ROU,Zone_4A Mixed Humid,urb,q3,perm,2030,1.0
C-EEU-ROU,Zone_4A Mixed Humid,urb,q3,perm,2035,1.0
C-EEU-ROU,Zone_4A Mixed Humid,urb,q3,perm,2040,1.0
C-EEU-ROU,Zone_4A Mixed Humid,urb,q3,perm,2045,1.0
C-EEU-ROU,Zone_4A Mixed Humid,urb,q3,perm,2050,1.0
C-EEU-ROU,Zone_4A Mixed Humid,urb,q3,perm,2055,1.0
C-EEU-ROU,Zone_4A Mixed Humid,urb,q3,perm,2060,1.0
C-EEU-ROU,Zone_4A Mixed Humid,urb,q3,perm,2065,1.0
C-EEU-ROU,Zone_4A Mixed Humid,urb,q3,perm,2070,1.0
C-EEU-ROU,Zone_4A Mixed Humid,urb,q3,perm,2075,1.0
C-EEU-ROU,Zone_4A Mixed Humid,urb,q3,perm,2080,1.0
C-EEU-ROU,Zone_4A Mixed Humid,urb,q3,perm,2085,1.0
C-EEU-ROU,Zone_4A Mixed Humid,urb,q3,perm,2090,1.0
C-EEU-ROU,Zone_4A Mixed Humid,urb,q3,perm,2095,1.0
C-EEU-ROU,Zone_4A Mixed Humid,urb,q3,perm,2100,1.0
C-EEU-ROU,Zone_4A Mixed Humid,urb,q3,sub,2015,0.0
C-EEU-ROU,Zone_4A Mixed Humid,urb,q3,sub,2020,0.0
C-EEU-ROU,Zone_4A Mixed Humid,urb,q3,sub,2025,0.0
C-EEU-ROU,Zone_4A Mixed Humid,urb,q3,sub,2030,0.0
C-EEU-ROU,Zone_4A Mixed Humid,urb,q3,sub,2035,0.0
C-EEU-ROU,Zone_4A Mixed Humid,urb,q3,sub,2040,0.0
C-EEU-ROU,Zone_4A Mixed Humid,urb,q3,sub,2045,0.0
C-EEU-ROU,Zone_4A Mixed Humid,urb,q3,sub,2050,0.0
C-EEU-ROU,Zone_4A Mixed Humid,urb,q3,sub,2055,0.0
C-EEU-ROU,Zone_4A Mixed Humid,urb,q3,sub,2060,0.0
C-EEU-ROU,Zone_4A Mixed Humid,urb,q3,sub,2065,0.0
C-EEU-ROU,Zone_4A Mixed Humid,urb,q3,sub,2070,0.0
C-EEU-ROU,Zone_4A Mixed Humid,urb,q3,sub,2075,0.0
C-EEU-ROU,Zone_4A Mixed Humid,urb,q3,sub,2080,0.0
C-EEU-ROU,Zone_4A Mixed Humid,urb,q3,sub,2085,0.0
C-EEU-ROU,Zone_4A Mixed Humid,urb,q3,sub,2090,0.0
C-EEU-ROU,Zone_4A Mixed Humid,urb,q3,sub,2095,0.0
C-EEU-ROU,Zone_4A Mixed Humid,urb,q3,sub,2100,0.0
C-EEU-ROU,Zone_5A Cool Humid,rur,q1,perm,2015,1.0
C-EEU-ROU,Zone_5A Cool Humid,rur,q1,perm,2020,1.0
C-EEU-ROU,Zone_5A Cool Humid,rur,q1,perm,2025,1.0
C-EEU-ROU,Zone_5A Cool Humid,rur,q1,perm,2030,1.0
C-EEU-ROU,Zone_5A Cool Humid,rur,q1,perm,2035,1.0
C-EEU-ROU,Zone_5A Cool Humid,rur,q1,perm,2040,1.0
C-EEU-ROU,Zone_5A Cool Humid,rur,q1,perm,2045,1.0
C-EEU-ROU,Zone_5A Cool Humid,rur,q1,perm,2050,1.0
C-EEU-ROU,Zone_5A Cool Humid,rur,q1,perm,2055,1.0
C-EEU-ROU,Zone_5A Cool Humid,rur,q1,perm,2060,1.0
C-EEU-ROU,Zone_5A Cool Humid,rur,q1,perm,2065,1.0
C-EEU-ROU,Zone_5A Cool Humid,rur,q1,perm,2070,1.0
C-EEU-ROU,Zone_5A Cool Humid,rur,q1,perm,2075,1.0
C-EEU-ROU,Zone_5A Cool Humid,rur,q1,perm,2080,1.0
C-EEU-ROU,Zone_5A Cool Humid,rur,q1,perm,2085,1.0
C-EEU-ROU,Zone_5A Cool Humid,rur,q1,perm,2090,1.0
C-EEU-ROU,Zone_5A Cool Humid,rur,q1,perm,2095,1.0
C-EEU-ROU,Zone_5A Cool Humid,rur,q1,perm,2100,1.0
C-EEU-ROU,Zone_5A Cool Humid,rur,q1,sub,2015,0.0
C-EEU-ROU,Zone_5A Cool Humid,rur,q1,sub,2020,0.0
C-EEU-ROU,Zone_5A Cool Humid,rur,q1,sub,2025,0.0
C-EEU-ROU,Zone_5A Cool Humid,rur,q1,sub,2030,0.0
C-EEU-ROU,Zone_5A Cool Humid,rur,q1,sub,2035,0.0
C-EEU-ROU,Zone_5A Cool Humid,rur,q1,sub,2040,0.0
C-EEU-ROU,Zone_5A Cool Humid,rur,q1,sub,2045,0.0
C-EEU-ROU,Zone_5A Cool Humid,rur,q1,sub,2050,0.0
C-EEU-ROU,Zone_5A Cool Humid,rur,q1,sub,2055,0.0
C-EEU-ROU,Zone_5A Cool Humid,rur,q1,sub,2060,0.0
C-EEU-ROU,Zone_5A Cool Humid,rur,q1,sub,2065,0.0
C-EEU-ROU,Zone_5A Cool Humid,rur,q1,sub,2070,0.0
C-EEU-ROU,Zone_5A Cool Humid,rur,q1,sub,2075,0.0
C-EEU-ROU,Zone_5A Cool Humid,rur,q1,sub,2080,0.0
C-EEU-ROU,Zone_5A Cool Humid,rur,q1,sub,2085,0.0
C-EEU-ROU,Zone_5A Cool Humid,rur,q1,sub,2090,0.0
C-EEU-ROU,Zone_5A Cool Humid,rur,q1,sub,2095,0.0
C-EEU-ROU,Zone_5A Cool Humid,rur,q1,sub,2100,0.0
C-EEU-ROU,Zone_5A Cool Humid,rur,q2,perm,2015,1.0
C-EEU-ROU,Zone_5A Cool Humid,rur,q2,perm,2020,1.0
C-EEU-ROU,Zone_5A Cool Humid,rur,q2,perm,2025,1.0
C-EEU-ROU,Zone_5A Cool Humid,rur,q2,perm,2030,1.0
C-EEU-ROU,Zone_5A Cool Humid,rur,q2,perm,2035,1.0
C-EEU-ROU,Zone_5A Cool Humid,rur,q2,perm,2040,1.0
C-EEU-ROU,Zone_5A Cool Humid,rur,q2,perm,2045,1.0
C-EEU-ROU,Zone_5A Cool Humid,rur,q2,perm,2050,1.0
C-EEU-ROU,Zone_5A Cool Humid,rur,q2,perm,2055,1.0
C-EEU-ROU,Zone_5A Cool Humid,rur,q2,perm,2060,1.0
C-EEU-ROU,Zone_5A Cool Humid,rur,q2,perm,2065,1.0
C-EEU-ROU,Zone_5A Cool Humid,rur,q2,perm,2070,1.0
C-EEU-ROU,Zone_5A Cool Humid,rur,q2,perm,2075,1.0
C-EEU-ROU,Zone_5A Cool Humid,rur,q2,perm,2080,1.0
C-EEU-ROU,Zone_5A Cool Humid,rur,q2,perm,2085,1.0
C-EEU-ROU,Zone_5A Cool Humid,rur,q2,perm,2090,1.0
C-EEU-ROU,Zone_5A Cool Humid,rur,q2,perm,2095,1.0
C-EEU-ROU,Zone_5A Cool Humid,rur,q2,perm,2100,1.0
C-EEU-ROU,Zone_5A Cool Humid,rur,q2,sub,2015,0.0
C-EEU-ROU,Zone_5A Cool Humid,rur,q2,sub,2020,0.0
C-EEU-ROU,Zone_5A Cool Humid,rur,q2,sub,2025,0.0
C-EEU-ROU,Zone_5A Cool Humid,rur,q2,sub,2030,0.0
C-EEU-ROU,Zone_5A Cool Humid,rur,q2,sub,2035,0.0
C-EEU-ROU,Zone_5A Cool Humid,rur,q2,sub,2040,0.0
C-EEU-ROU,Zone_5A Cool Humid,rur,q2,sub,2045,0.0
C-EEU-ROU,Zone_5A Cool Humid,rur,q2,sub,2050,0.0
C-EEU-ROU,Zone_5A Cool Humid,rur,q2,sub,2055,0.0
C-EEU-ROU,Zone_5A Cool Humid,rur,q2,sub,2060,0.0
C-EEU-ROU,Zone_5A Cool Humid,rur,q2,sub,2065,0.0
C-EEU-ROU,Zone_5A Cool Humid,rur,q2,sub,2070,0.0
C-EEU-ROU,Zone_5A Cool Humid,rur,q2,sub,2075,0.0
C-EEU-ROU,Zone_5A Cool Humid,rur,q2,sub,2080,0.0
C-EEU-ROU,Zone_5A Cool Humid,rur,q2,sub,2085,0.0
C-EEU-ROU,Zone_5A Cool Humid,rur,q2,sub,2090,0.0
C-EEU-ROU,Zone_5A Cool Humid,rur,q2,sub,2095,0.0
C-EEU-ROU,Zone_5A Cool Humid,rur,q2,sub,2100,0.0
C-EEU-ROU,Zone_5A Cool Humid,rur,q3,perm,2015,1.0
C-EEU-ROU,Zone_5A Cool Humid,rur,q3,perm,2020,1.0
C-EEU-ROU,Zone_5A Cool Humid,rur,q3,perm,2025,1.0
C-EEU-ROU,Zone_5A Cool Humid,rur,q3,perm,2030,1.0
C-EEU-ROU,Zone_5A Cool Humid,rur,q3,perm,2035,1.0
C-EEU-ROU,Zone_5A Cool Humid,rur,q3,perm,2040,1.0
C-EEU-ROU,Zone_5A Cool Humid,rur,q3,perm,2045,1.0
C-EEU-ROU,Zone_5A Cool Humid,rur,q3,perm,2050,1.0
C-EEU-ROU,Zone_5A Cool Humid,rur,q3,perm,2055,1.0
C-EEU-ROU,Zone_5A Cool Humid,rur,q3,perm,2060,1.0
C-EEU-ROU,Zone_5A Cool Humid,rur,q3,perm,2065,1.0
C-EEU-ROU,Zone_5A Cool Humid,rur,q3,perm,2070,1.0
C-EEU-ROU,Zone_5A Cool Humid,rur,q3,perm,2075,1.0
C-EEU-ROU,Zone_5A Cool Humid,rur,q3,perm,2080,1.0
C-EEU-ROU,Zone_5A Cool Humid,rur,q3,perm,2085,1.0
C-EEU-ROU,Zone_5A Cool Humid,rur,q3,perm,2090,1.0
C-EEU-ROU,Zone_5A Cool Humid,rur,q3,perm,2095,1.0
C-EEU-ROU,Zone_5A Cool Humid,rur,q3,perm,2100,1.0
C-EEU-ROU,Zone_5A Cool Humid,rur,q3,sub,2015,0.0
C-EEU-ROU,Zone_5A Cool Humid,rur,q3,sub,2020,0.0
C-EEU-ROU,Zone_5A Cool Humid,rur,q3,sub,2025,0.0
C-EEU-ROU,Zone_5A Cool Humid,rur,q3,sub,2030,0.0
C-EEU-ROU,Zone_5A Cool Humid,rur,q3,sub,2035,0.0
C-EEU-ROU,Zone_5A Cool Humid,rur,q3,sub,2040,0.0
C-EEU-ROU,Zone_5A Cool Humid,rur,q3,sub,2045,0.0
C-EEU-ROU,Zone_5A Cool Humid,rur,q3,sub,2050,0.0
C-EEU-ROU,Zone_5A Cool Humid,rur,q3,sub,2055,0.0
C-EEU-ROU,Zone_5A Cool Humid,rur,q3,sub,2060,0.0
C-EEU-ROU,Zone_5A Cool Humid,rur,q3,sub,2065,0.0
C-EEU-ROU,Zone_5A Cool Humid,rur,q3,sub,2070,0.0
C-EEU-ROU,Zone_5A Cool Humid,rur,q3,sub,2075,0.0
C-EEU-ROU,Zone_5A Cool Humid,rur,q3,sub,2080,0.0
C-EEU-ROU,Zone_5A Cool Humid,rur,q3,sub,2085,0.0
C-EEU-ROU,Zone_5A Cool Humid,rur,q3,sub,2090,0.0
C-EEU-ROU,Zone_5A Cool Humid,rur,q3,sub,2095,0.0
C-EEU-ROU,Zone_5A Cool Humid,rur,q3,sub,2100,0.0
C-EEU-ROU,Zone_5A Cool Humid,urb,q1,perm,2015,1.0
C-EEU-ROU,Zone_5A Cool Humid,urb,q1,perm,2020,1.0
C-EEU-ROU,Zone_5A Cool Humid,urb,q1,perm,2025,1.0
C-EEU-ROU,Zone_5A Cool Humid,urb,q1,perm,2030,1.0
C-EEU-ROU,Zone_5A Cool Humid,urb,q1,perm,2035,1.0
C-EEU-ROU,Zone_5A Cool Humid,urb,q1,perm,2040,1.0
C-EEU-ROU,Zone_5A Cool Humid,urb,q1,perm,2045,1.0
C-EEU-ROU,Zone_5A Cool Humid,urb,q1,perm,2050,1.0
C-EEU-ROU,Zone_5A Cool Humid,urb,q1,perm,2055,1.0
C-EEU-ROU,Zone_5A Cool Humid,urb,q1,perm,2060,1.0
C-EEU-ROU,Zone_5A Cool Humid,urb,q1,perm,2065,1.0
C-EEU-ROU,Zone_5A Cool Humid,urb,q1,perm,2070,1.0
C-EEU-ROU,Zone_5A Cool Humid,urb,q1,perm,2075,1.0
C-EEU-ROU,Zone_5A Cool Humid,urb,q1,perm,2080,1.0
C-EEU-ROU,Zone_5A Cool Humid,urb,q1,perm,2085,1.0
C-EEU-ROU,Zone_5A Cool Humid,urb,q1,perm,2090,1.0
C-EEU-ROU,Zone_5A Cool Humid,urb,q1,perm,2095,1.0
C-EEU-ROU,Zone_5A Cool Humid,urb,q1,perm,2100,1.0
C-EEU-ROU,Zone_5A Cool Humid,urb,q1,sub,2015,0.0
C-EEU-ROU,Zone_5A Cool Humid,urb,q1,sub,2020,0.0
C-EEU-ROU,Zone_5A Cool Humid,urb,q1,sub,2025,0.0
C-EEU-ROU,Zone_5A Cool Humid,urb,q1,sub,2030,0.0
C-EEU-ROU,Zone_5A Cool Humid,urb,q1,sub,2035,0.0
C-EEU-ROU,Zone_5A Cool Humid,urb,q1,sub,2040,0.0
C-EEU-ROU,Zone_5A Cool Humid,urb,q1,sub,2045,0.0
C-EEU-ROU,Zone_5A Cool Humid,urb,q1,sub,2050,0.0
C-EEU-ROU,Zone_5A Cool Humid,urb,q1,sub,2055,0.0
C-EEU-ROU,Zone_5A Cool Humid,urb,q1,sub,2060,0.0
C-EEU-ROU,Zone_5A Cool Humid,urb,q1,sub,2065,0.0
C-EEU-ROU,Zone_5A Cool Humid,urb,q1,sub,2070,0.0
C-EEU-ROU,Zone_5A Cool Humid,urb,q1,sub,2075,0.0
C-EEU-ROU,Zone_5A Cool Humid,urb,q1,sub,2080,0.0
C-EEU-ROU,Zone_5A Cool Humid,urb,q1,sub,2085,0.0
C-EEU-ROU,Zone_5A Cool Humid,urb,q1,sub,2090,0.0
C-EEU-ROU,Zone_5A Cool Humid,urb,q1,sub,2095,0.0
C-EEU-ROU,Zone_5A Cool Humid,urb,q1,sub,2100,0.0
C-EEU-ROU,Zone_5A Cool Humid,urb,q2,perm,2015,1.0
C-EEU-ROU,Zone_5A Cool Humid,urb,q2,perm,2020,1.0
C-EEU-ROU,Zone_5A Cool Humid,urb,q2,perm,2025,1.0
C-EEU-ROU,Zone_5A Cool Humid,urb,q2,perm,2030,1.0
C-EEU-ROU,Zone_5A Cool Humid,urb,q2,perm,2035,1.0
C-EEU-ROU,Zone_5A Cool Humid,urb,q2,perm,2040,1.0
C-EEU-ROU,Zone_5A Cool Humid,urb,q2,perm,2045,1.0
C-EEU-ROU,Zone_5A Cool Humid,urb,q2,perm,2050,1.0
C-EEU-ROU,Zone_5A Cool Humid,urb,q2,perm,2055,1.0
C-EEU-ROU,Zone_5A Cool Humid,urb,q2,perm,2060,1.0
C-EEU-ROU,Zone_5A Cool Humid,urb,q2,perm,2065,1.0
C-EEU-ROU,Zone_5A Cool Humid,urb,q2,perm,2070,1.0
C-EEU-ROU,Zone_5A Cool Humid,urb,q2,perm,2075,1.0
C-EEU-ROU,Zone_5A Cool Humid,urb,q2,perm,2080,1.0
C-EEU-ROU,Zone_5A Cool Humid,urb,q2,perm,2085,1.0
C-EEU-ROU,Zone_5A Cool Humid,urb,q2,perm,2090,1.0
C-EEU-ROU,Zone_5A Cool Humid,urb,q2,perm,2095,1.0
C-EEU-ROU,Zone_5A Cool Humid,urb,q2,perm,2100,1.0
C-EEU-ROU,Zone_5A Cool Humid,urb,q2,sub,2015,0.0
C-EEU-ROU,Zone_5A Cool Humid,urb,q2,sub,2020,0.0
C-EEU-ROU,Zone_5A Cool Humid,urb,q2,sub,2025,0.0
C-EEU-ROU,Zone_5A Cool Humid,urb,q2,sub,2030,0.0
C-EEU-ROU,Zone_5A Cool Humid,urb,q2,sub,2035,0.0
C-EEU-ROU,Zone_5A Cool Humid,urb,q2,sub,2040,0.0
C-EEU-ROU,Zone_5A Cool Humid,urb,q2,sub,2045,0.0
C-EEU-ROU,Zone_5A Cool Humid,urb,q2,sub,2050,0.0
C-EEU-ROU,Zone_5A Cool Humid,urb,q2,sub,2055,0.0
C-EEU-ROU,Zone_5A Cool Humid,urb,q2,sub,2060,0.0
C-EEU-ROU,Zone_5A Cool Humid,urb,q2,sub,2065,0.0
C-EEU-ROU,Zone_5A Cool Humid,urb,q2,sub,2070,0.0
C-EEU-ROU,Zone_5A Cool Humid,urb,q2,sub,2075,0.0
C-EEU-ROU,Zone_5A Cool Humid,urb,q2,sub,2080,0.0
C-EEU-ROU,Zone_5A Cool Humid,urb,q2,sub,2085,0.0
C-EEU-ROU,Zone_5A Cool Humid,urb,q2,sub,2090,0.0
C-EEU-ROU,Zone_5A Cool Humid,urb,q2,sub,2095,0.0
C-EEU-ROU,Zone_5A Cool Humid,urb,q2,sub,2100,0.0
C-EEU-ROU,Zone_5A Cool Humid,urb,q3,perm,2015,1.0
C-EEU-ROU,Zone_5A Cool Humid,urb,q3,perm,2020,1.0
C-EEU-ROU,Zone_5A Cool Humid,urb,q3,perm,2025,1.0
C-EEU-ROU,Zone_5A Cool Humid,urb,q3,perm,2030,1.0
C-EEU-ROU,Zone_5A Cool Humid,urb,q3,perm,2035,1.0
C-EEU-ROU,Zone_5A Cool Humid,urb,q3,perm,2040,1.0
C-EEU-ROU,Zone_5A Cool Humid,urb,q3,perm,2045,1.0
C-EEU-ROU,Zone_5A Cool Humid,urb,q3,perm,2050,1.0
C-EEU-ROU,Zone_5A Cool Humid,urb,q3,perm,2055,1.0
C-EEU-ROU,Zone_5A Cool Humid,urb,q3,perm,2060,1.0
C-EEU-ROU,Zone_5A Cool Humid,urb,q3,perm,2065,1.0
C-EEU-ROU,Zone_5A Cool Humid,urb,q3,perm,2070,1.0
C-EEU-ROU,Zone_5A Cool Humid,urb,q3,perm,2075,1.0
C-EEU-ROU,Zone_5A Cool Humid,urb,q3,perm,2080,1.0
C-EEU-ROU,Zone_5A Cool Humid,urb,q3,perm,2085,1.0
C-EEU-ROU,Zone_5A Cool Humid,urb,q3,perm,2090,1.0
C-EEU-ROU,Zone_5A Cool Humid,urb,q3,perm,2095,1.0
C-EEU-ROU,Zone_5A Cool Humid,urb,q3,perm,2100,1.0
C-EEU-ROU,Zone_5A Cool Humid,urb,q3,sub,2015,0.0
C-EEU-ROU,Zone_5A Cool Humid,urb,q3,sub,2020,0.0
C-EEU-ROU,Zone_5A Cool Humid,urb,q3,sub,2025,0.0
C-EEU-ROU,Zone_5A Cool Humid,urb,q3,sub,2030,0.0
C-EEU-ROU,Zone_5A Cool Humid,urb,q3,sub,2035,0.0
C-EEU-ROU,Zone_5A Cool Humid,urb,q3,sub,2040,0.0
C-EEU-ROU,Zone_5A Cool Humid,urb,q3,sub,2045,0.0
C-EEU-ROU,Zone_5A Cool Humid,urb,q3,sub,2050,0.0
C-EEU-ROU,Zone_5A Cool Humid,urb,q3,sub,2055,0.0
C-EEU-ROU,Zone_5A Cool Humid,urb,q3,sub,2060,0.0
C-EEU-ROU,Zone_5A Cool Humid,urb,q3,sub,2065,0.0
C-EEU-ROU,Zone_5A Cool Humid,urb,q3,sub,2070,0.0
C-EEU-ROU,Zone_5A Cool Humid,urb,q3,sub,2075,0.0
C-EEU-ROU,Zone_5A Cool Humid,urb,q3,sub,2080,0.0
C-EEU-ROU,Zone_5A Cool Humid,urb,q3,sub,2085,0.0
C-EEU-ROU,Zone_5A Cool Humid,urb,q3,sub,2090,0.0
C-EEU-ROU,Zone_5A Cool Humid,urb,q3,sub,2095,0.0
C-EEU-ROU,Zone_5A Cool Humid,urb,q3,sub,2100,0.0
C-EEU-ROU,Zone_6A Cold Humid,rur,q1,perm,2015,1.0
C-EEU-ROU,Zone_6A Cold Humid,rur,q1,perm,2020,1.0
C-EEU-ROU,Zone_6A Cold Humid,rur,q1,perm,2025,1.0
C-EEU-ROU,Zone_6A Cold Humid,rur,q1,perm,2030,1.0
C-EEU-ROU,Zone_6A Cold Humid,rur,q1,perm,2035,1.0
C-EEU-ROU,Zone_6A Cold Humid,rur,q1,perm,2040,1.0
C-EEU-ROU,Zone_6A Cold Humid,rur,q1,perm,2045,1.0
C-EEU-ROU,Zone_6A Cold Humid,rur,q1,perm,2050,1.0
C-EEU-ROU,Zone_6A Cold Humid,rur,q1,perm,2055,1.0
C-EEU-ROU,Zone_6A Cold Humid,rur,q1,perm,2060,1.0
C-EEU-ROU,Zone_6A Cold Humid,rur,q1,perm,2065,1.0
C-EEU-ROU,Zone_6A Cold Humid,rur,q1,perm,2070,1.0
C-EEU-ROU,Zone_6A Cold Humid,rur,q1,perm,2075,1.0
C-EEU-ROU,Zone_6A Cold Humid,rur,q1,perm,2080,1.0
C-EEU-ROU,Zone_6A Cold Humid,rur,q1,perm,2085,1.0
C-EEU-ROU,Zone_6A Cold Humid,rur,q1,perm,2090,1.0
C-EEU-ROU,Zone_6A Cold Humid,rur,q1,perm,2095,1.0
C-EEU-ROU,Zone_6A Cold Humid,rur,q1,perm,2100,1.0
C-EEU-ROU,Zone_6A Cold Humid,rur,q1,sub,2015,0.0
C-EEU-ROU,Zone_6A Cold Humid,rur,q1,sub,2020,0.0
C-EEU-ROU,Zone_6A Cold Humid,rur,q1,sub,2025,0.0
C-EEU-ROU,Zone_6A Cold Humid,rur,q1,sub,2030,0.0
C-EEU-ROU,Zone_6A Cold Humid,rur,q1,sub,2035,0.0
C-EEU-ROU,Zone_6A Cold Humid,rur,q1,sub,2040,0.0
C-EEU-ROU,Zone_6A Cold Humid,rur,q1,sub,2045,0.0
C-EEU-ROU,Zone_6A Cold Humid,rur,q1,sub,2050,0.0
C-EEU-ROU,Zone_6A Cold Humid,rur,q1,sub,2055,0.0
C-EEU-ROU,Zone_6A Cold Humid,rur,q1,sub,2060,0.0
C-EEU-ROU,Zone_6A Cold Humid,rur,q1,sub,2065,0.0
C-EEU-ROU,Zone_6A Cold Humid,rur,q1,sub,2070,0.0
C-EEU-ROU,Zone_6A Cold Humid,rur,q1,sub,2075,0.0
C-EEU-ROU,Zone_6A Cold Humid,rur,q1,sub,2080,0.0
C-EEU-ROU,Zone_6A Cold Humid,rur,q1,sub,2085,0.0
C-EEU-ROU,Zone_6A Cold Humid,rur,q1,sub,2090,0.0
C-EEU-ROU,Zone_6A Cold Humid,rur,q1,sub,2095,0.0
C-EEU-ROU,Zone_6A Cold Humid,rur,q1,sub,2100,0.0
C-EEU-ROU,Zone_6A Cold Humid,rur,q2,perm,2015,1.0
C-EEU-ROU,Zone_6A Cold Humid,rur,q2,perm,2020,1.0
C-EEU-ROU,Zone_6A Cold Humid,rur,q2,perm,2025,1.0
C-EEU-ROU,Zone_6A Cold Humid,rur,q2,perm,2030,1.0
C-EEU-ROU,Zone_6A Cold Humid,rur,q2,perm,2035,1.0
C-EEU-ROU,Zone_6A Cold Humid,rur,q2,perm,2040,1.0
C-EEU-ROU,Zone_6A Cold Humid,rur,q2,perm,2045,1.0
C-EEU-ROU,Zone_6A Cold Humid,rur,q2,perm,2050,1.0
C-EEU-ROU,Zone_6A Cold Humid,rur,q2,perm,2055,1.0
C-EEU-ROU,Zone_6A Cold Humid,rur,q2,perm,2060,1.0
C-EEU-ROU,Zone_6A Cold Humid,rur,q2,perm,2065,1.0
C-EEU-ROU,Zone_6A Cold Humid,rur,q2,perm,2070,1.0
C-EEU-ROU,Zone_6A Cold Humid,rur,q2,perm,2075,1.0
C-EEU-ROU,Zone_6A Cold Humid,rur,q2,perm,2080,1.0
C-EEU-ROU,Zone_6A Cold Humid,rur,q2,perm,2085,1.0
C-EEU-ROU,Zone_6A Cold Humid,rur,q2,perm,2090,1.0
C-EEU-ROU,Zone_6A Cold Humid,rur,q2,perm,2095,1.0
C-EEU-ROU,Zone_6A Cold Humid,rur,q2,perm,2100,1.0
C-EEU-ROU,Zone_6A Cold Humid,rur,q2,sub,2015,0.0
C-EEU-ROU,Zone_6A Cold Humid,rur,q2,sub,2020,0.0
C-EEU-ROU,Zone_6A Cold Humid,rur,q2,sub,2025,0.0
C-EEU-ROU,Zone_6A Cold Humid,rur,q2,sub,2030,0.0
C-EEU-ROU,Zone_6A Cold Humid,rur,q2,sub,2035,0.0
C-EEU-ROU,Zone_6A Cold Humid,rur,q2,sub,2040,0.0
C-EEU-ROU,Zone_6A Cold Humid,rur,q2,sub,2045,0.0
C-EEU-ROU,Zone_6A Cold Humid,rur,q2,sub,2050,0.0
C-EEU-ROU,Zone_6A Cold Humid,rur,q2,sub,2055,0.0
C-EEU-ROU,Zone_6A Cold Humid,rur,q2,sub,2060,0.0
C-EEU-ROU,Zone_6A Cold Humid,rur,q2,sub,2065,0.0
C-EEU-ROU,Zone_6A Cold Humid,rur,q2,sub,2070,0.0
C-EEU-ROU,Zone_6A Cold Humid,rur,q2,sub,2075,0.0
C-EEU-ROU,Zone_6A Cold Humid,rur,q2,sub,2080,0.0
C-EEU-ROU,Zone_6A Cold Humid,rur,q2,sub,2085,0.0
C-EEU-ROU,Zone_6A Cold Humid,rur,q2,sub,2090,0.0
C-EEU-ROU,Zone_6A Cold Humid,rur,q2,sub,2095,0.0
C-EEU-ROU,Zone_6A Cold Humid,rur,q2,sub,2100,0.0
C-EEU-ROU,Zone_6A Cold Humid,rur,q3,perm,2015,1.0
C-EEU-ROU,Zone_6A Cold Humid,rur,q3,perm,2020,1.0
C-EEU-ROU,Zone_6A Cold Humid,rur,q3,perm,2025,1.0
C-EEU-ROU,Zone_6A Cold Humid,rur,q3,perm,2030,1.0
C-EEU-ROU,Zone_6A Cold Humid,rur,q3,perm,2035,1.0
C-EEU-ROU,Zone_6A Cold Humid,rur,q3,perm,2040,1.0
C-EEU-ROU,Zone_6A Cold Humid,rur,q3,perm,2045,1.0
C-EEU-ROU,Zone_6A Cold Humid,rur,q3,perm,2050,1.0
C-EEU-ROU,Zone_6A Cold Humid,rur,q3,perm,2055,1.0
C-EEU-ROU,Zone_6A Cold Humid,rur,q3,perm,2060,1.0
C-EEU-ROU,Zone_6A Cold Humid,rur,q3,perm,2065,1.0
C-EEU-ROU,Zone_6A Cold Humid,rur,q3,perm,2070,1.0
C-EEU-ROU,Zone_6A Cold Humid,rur,q3,perm,2075,1.0
C-EEU-ROU,Zone_6A Cold Humid,rur,q3,perm,2080,1.0
C-EEU-ROU,Zone_6A Cold Humid,rur,q3,perm,2085,1.0
C-EEU-ROU,Zone_6A Cold Humid,rur,q3,perm,2090,1.0
C-EEU-ROU,Zone_6A Cold Humid,rur,q3,perm,2095,1.0
C-EEU-ROU,Zone_6A Cold Humid,rur,q3,perm,2100,1.0
C-EEU-ROU,Zone_6A Cold Humid,rur,q3,sub,2015,0.0
C-EEU-ROU,Zone_6A Cold Humid,rur,q3,sub,2020,0.0
C-EEU-ROU,Zone_6A Cold Humid,rur,q3,sub,2025,0.0
C-EEU-ROU,Zone_6A Cold Humid,rur,q3,sub,2030,0.0
C-EEU-ROU,Zone_6A Cold Humid,rur,q3,sub,2035,0.0
C-EEU-ROU,Zone_6A Cold Humid,rur,q3,sub,2040,0.0
C-EEU-ROU,Zone_6A Cold Humid,rur,q3,sub,2045,0.0
C-EEU-ROU,Zone_6A Cold Humid,rur,q3,sub,2050,0.0
C-EEU-ROU,Zone_6A Cold Humid,rur,q3,sub,2055,0.0
C-EEU-ROU,Zone_6A Cold Humid,rur,q3,sub,2060,0.0
C-EEU-ROU,Zone_6A Cold Humid,rur,q3,sub,2065,0.0
C-EEU-ROU,Zone_6A Cold Humid,rur,q3,sub,2070,0.0
C-EEU-ROU,Zone_6A Cold Humid,rur,q3,sub,2075,0.0
C-EEU-ROU,Zone_6A Cold Humid,rur,q3,sub,2080,0.0
C-EEU-ROU,Zone_6A Cold Humid,rur,q3,sub,2085,0.0
C-EEU-ROU,Zone_6A Cold Humid,rur,q3,sub,2090,0.0
C-EEU-ROU,Zone_6A Cold Humid,rur,q3,sub,2095,0.0
C-EEU-ROU,Zone_6A Cold Humid,rur,q3,sub,2100,0.0
C-EEU-ROU,Zone_6A Cold Humid,urb,q1,perm,2015,1.0
C-EEU-ROU,Zone_6A Cold Humid,urb,q1,perm,2020,1.0
C-EEU-ROU,Zone_6A Cold Humid,urb,q1,perm,2025,1.0
C-EEU-ROU,Zone_6A Cold Humid,urb,q1,perm,2030,1.0
C-EEU-ROU,Zone_6A Cold Humid,urb,q1,perm,2035,1.0
C-EEU-ROU,Zone_6A Cold Humid,urb,q1,perm,2040,1.0
C-EEU-ROU,Zone_6A Cold Humid,urb,q1,perm,2045,1.0
C-EEU-ROU,Zone_6A Cold Humid,urb,q1,perm,2050,1.0
C-EEU-ROU,Zone_6A Cold Humid,urb,q1,perm,2055,1.0
C-EEU-ROU,Zone_6A Cold Humid,urb,q1,perm,2060,1.0
C-EEU-ROU,Zone_6A Cold Humid,urb,q1,perm,2065,1.0
C-EEU-ROU,Zone_6A Cold Humid,urb,q1,perm,2070,1.0
C-EEU-ROU,Zone_6A Cold Humid,urb,q1,perm,2075,1.0
C-EEU-ROU,Zone_6A Cold Humid,urb,q1,perm,2080,1.0
C-EEU-ROU,Zone_6A Cold Humid,urb,q1,perm,2085,1.0
C-EEU-ROU,Zone_6A Cold Humid,urb,q1,perm,2090,1.0
C-EEU-ROU,Zone_6A Cold Humid,urb,q1,perm,2095,1.0
C-EEU-ROU,Zone_6A Cold Humid,urb,q1,perm,2100,1.0
C-EEU-ROU,Zone_6A Cold Humid,urb,q1,sub,2015,0.0
C-EEU-ROU,Zone_6A Cold Humid,urb,q1,sub,2020,0.0
C-EEU-ROU,Zone_6A Cold Humid,urb,q1,sub,2025,0.0
C-EEU-ROU,Zone_6A Cold Humid,urb,q1,sub,2030,0.0
C-EEU-ROU,Zone_6A Cold Humid,urb,q1,sub,2035,0.0
C-EEU-ROU,Zone_6A Cold Humid,urb,q1,sub,2040,0.0
C-EEU-ROU,Zone_6A Cold Humid,urb,q1,sub,2045,0.0
C-EEU-ROU,Zone_6A Cold Humid,urb,q1,sub,2050,0.0
C-EEU-ROU,Zone_6A Cold Humid,urb,q1,sub,2055,0.0
C-EEU-ROU,Zone_6A Cold Humid,urb,q1,sub,2060,0.0
C-EEU-ROU,Zone_6A Cold Humid,urb,q1,sub,2065,0.0
C-EEU-ROU,Zone_6A Cold Humid,urb,q1,sub,2070,0.0
C-EEU-ROU,Zone_6A Cold Humid,urb,q1,sub,2075,0.0
C-EEU-ROU,Zone_6A Cold Humid,urb,q1,sub,2080,0.0
C-EEU-ROU,Zone_6A Cold Humid,urb,q1,sub,2085,0.0
C-EEU-ROU,Zone_6A Cold Humid,urb,q1,sub,2090,0.0
C-EEU-ROU,Zone_6A Cold Humid,urb,q1,sub,2095,0.0
C-EEU-ROU,Zone_6A Cold Humid,urb,q1,sub,2100,0.0
C-EEU-ROU,Zone_6A Cold Humid,urb,q2,perm,2015,1.0
C-EEU-ROU,Zone_6A Cold Humid,urb,q2,perm,2020,1.0
C-EEU-ROU,Zone_6A Cold Humid,urb,q2,perm,2025,1.0
C-EEU-ROU,Zone_6A Cold Humid,urb,q2,perm,2030,1.0
C-EEU-ROU,Zone_6A Cold Humid,urb,q2,perm,2035,1.0
C-EEU-ROU,Zone_6A Cold Humid,urb,q2,perm,2040,1.0
C-EEU-ROU,Zone_6A Cold Humid,urb,q2,perm,2045,1.0
C-EEU-ROU,Zone_6A Cold Humid,urb,q2,perm,2050,1.0
C-EEU-ROU,Zone_6A Cold Humid,urb,q2,perm,2055,1.0
C-EEU-ROU,Zone_6A Cold Humid,urb,q2,perm,2060,1.0
C-EEU-ROU,Zone_6A Cold Humid,urb,q2,perm,2065,1.0
C-EEU-ROU,Zone_6A Cold Humid,urb,q2,perm,2070,1.0
C-EEU-ROU,Zone_6A Cold Humid,urb,q2,perm,2075,1.0
C-EEU-ROU,Zone_6A Cold Humid,urb,q2,perm,2080,1.0
C-EEU-ROU,Zone_6A Cold Humid,urb,q2,perm,2085,1.0
C-EEU-ROU,Zone_6A Cold Humid,urb,q2,perm,2090,1.0
C-EEU-ROU,Zone_6A Cold Humid,urb,q2,perm,2095,1.0
C-EEU-ROU,Zone_6A Cold Humid,urb,q2,perm,2100,1.0
C-EEU-ROU,Zone_6A Cold Humid,urb,q2,sub,2015,0.0
C-EEU-ROU,Zone_6A Cold Humid,urb,q2,sub,2020,0.0
C-EEU-ROU,Zone_6A Cold Humid,urb,q2,sub,2025,0.0
C-EEU-ROU,Zone_6A Cold Humid,urb,q2,sub,2030,0.0
C-EEU-ROU,Zone_6A Cold Humid,urb,q2,sub,2035,0.0
C-EEU-ROU,Zone_6A Cold Humid,urb,q2,sub,2040,0.0
C-EEU-ROU,Zone_6A Cold Humid,urb,q2,sub,2045,0.0
C-EEU-ROU,Zone_6A Cold Humid,urb,q2,sub,2050,0.0
C-EEU-ROU,Zone_6A Cold Humid,urb,q2,sub,2055,0.0
C-EEU-ROU,Zone_6A Cold Humid,urb,q2,sub,2060,0.0
C-EEU-ROU,Zone_6A Cold Humid,urb,q2,sub,2065,0.0
C-EEU-ROU,Zone_6A Cold Humid,urb,q2,sub,2070,0.0
C-EEU-ROU,Zone_6A Cold Humid,urb,q2,sub,2075,0.0
C-EEU-ROU,Zone_6A Cold Humid,urb,q2,sub,2080,0.0
C-EEU-ROU,Zone_6A Cold Humid,urb,q2,sub,2085,0.0
C-EEU-ROU,Zone_6A Cold Humid,urb,q2,sub,2090,0.0
C-EEU-ROU,Zone_6A Cold Humid,urb,q2,sub,2095,0.0
C-EEU-ROU,Zone_6A Cold Humid,urb,q2,sub,2100,0.0
C-EEU-ROU,Zone_6A Cold Humid,urb,q3,perm,2015,1.0
C-EEU-ROU,Zone_6A Cold Humid,urb,q3,perm,2020,1.0
C-EEU-ROU,Zone_6A Cold Humid,urb,q3,perm,2025,1.0
C-EEU-ROU,Zone_6A Cold Humid,urb,q3,perm,2030,1.0
C-EEU-ROU,Zone_6A Cold Humid,urb,q3,perm,2035,1.0
C-EEU-ROU,Zone_6A Cold Humid,urb,q3,perm,2040,1.0
C-EEU-ROU,Zone_6A Cold Humid,urb,q3,perm,2045,1.0
C-EEU-ROU,Zone_6A Cold Humid,urb,q3,perm,2050,1.0
C-EEU-ROU,Zone_6A Cold Humid,urb,q3,perm,2055,1.0
C-EEU-ROU,Zone_6A Cold Humid,urb,q3,perm,2060,1.0
C-EEU-ROU,Zone_6A Cold Humid,urb,q3,perm,2065,1.0
C-EEU-ROU,Zone_6A Cold Humid,urb,q3,perm,2070,1.0
C-EEU-ROU,Zone_6A Cold Humid,urb,q3,perm,2075,1.0
C-EEU-ROU,Zone_6A Cold Humid,urb,q3,perm,2080,1.0
C-EEU-ROU,Zone_6A Cold Humid,urb,q3,perm,2085,1.0
C-EEU-ROU,Zone_6A Cold Humid,urb,q3,perm,2090,1.0
C-EEU-ROU,Zone_6A Cold Humid,urb,q3,perm,2095,1.0
C-EEU-ROU,Zone_6A Cold Humid,urb,q3,perm,2100,1.0
C-EEU-ROU,Zone_6A Cold Humid,urb,q3,sub,2015,0.0
C-EEU-ROU,Zone_6A Cold Humid,urb,q3,sub,2020,0.0
C-EEU-ROU,Zone_6A Cold Humid,urb,q3,sub,2025,0.0
C-EEU-ROU,Zone_6A Cold Humid,urb,q3,sub,2030,0.0
C-EEU-ROU,Zone_6A Cold Humid,urb,q3,sub,2035,0.0
C-EEU-ROU,Zone_6A Cold Humid,urb,q3,sub,2040,0.0
C-EEU-ROU,Zone_6A Cold Humid,urb,q3,sub,2045,0.0
C-EEU-ROU,Zone_6A Cold Humid,urb,q3,sub,2050,0.0
C-EEU-ROU,Zone_6A Cold Humid,urb,q3,sub,2055,0.0
C-EEU-ROU,Zone_6A Cold Humid,urb,q3,sub,2060,0.0
C-EEU-ROU,Zone_6A Cold Humid,urb,q3,sub,2065,0.0
C-EEU-ROU,Zone_6A Cold Humid,urb,q3,sub,2070,0.0
C-EEU-ROU,Zone_6A Cold Humid,urb,q3,sub,2075,0.0
C-EEU-ROU,Zone_6A Cold Humid,urb,q3,sub,2080,0.0
C-EEU-ROU,Zone_6A Cold Humid,urb,q3,sub,2085,0.0
C-EEU-ROU,Zone_6A Cold Humid,urb,q3,sub,2090,0.0
C-EEU-ROU,Zone_6A Cold Humid,urb,q3,sub,2095,0.0
C-EEU-ROU,Zone_6A Cold Humid,urb,q3,sub,2100,0.0
C-EEU-SVK,Zone_5A Cool Humid,rur,q1,perm,2015,1.0
C-EEU-SVK,Zone_5A Cool Humid,rur,q1,perm,2020,1.0
C-EEU-SVK,Zone_5A Cool Humid,rur,q1,perm,2025,1.0
C-EEU-SVK,Zone_5A Cool Humid,rur,q1,perm,2030,1.0
C-EEU-SVK,Zone_5A Cool Humid,rur,q1,perm,2035,1.0
C-EEU-SVK,Zone_5A Cool Humid,rur,q1,perm,2040,1.0
C-EEU-SVK,Zone_5A Cool Humid,rur,q1,perm,2045,1.0
C-EEU-SVK,Zone_5A Cool Humid,rur,q1,perm,2050,1.0
C-EEU-SVK,Zone_5A Cool Humid,rur,q1,perm,2055,1.0
C-EEU-SVK,Zone_5A Cool Humid,rur,q1,perm,2060,1.0
C-EEU-SVK,Zone_5A Cool Humid,rur,q1,perm,2065,1.0
C-EEU-SVK,Zone_5A Cool Humid,rur,q1,perm,2070,1.0
C-EEU-SVK,Zone_5A Cool Humid,rur,q1,perm,2075,1.0
C-EEU-SVK,Zone_5A Cool Humid,rur,q1,perm,2080,1.0
C-EEU-SVK,Zone_5A Cool Humid,rur,q1,perm,2085,1.0
C-EEU-SVK,Zone_5A Cool Humid,rur,q1,perm,2090,1.0
C-EEU-SVK,Zone_5A Cool Humid,rur,q1,perm,2095,1.0
C-EEU-SVK,Zone_5A Cool Humid,rur,q1,perm,2100,1.0
C-EEU-SVK,Zone_5A Cool Humid,rur,q1,sub,2015,0.0
C-EEU-SVK,Zone_5A Cool Humid,rur,q1,sub,2020,0.0
C-EEU-SVK,Zone_5A Cool Humid,rur,q1,sub,2025,0.0
C-EEU-SVK,Zone_5A Cool Humid,rur,q1,sub,2030,0.0
C-EEU-SVK,Zone_5A Cool Humid,rur,q1,sub,2035,0.0
C-EEU-SVK,Zone_5A Cool Humid,rur,q1,sub,2040,0.0
C-EEU-SVK,Zone_5A Cool Humid,rur,q1,sub,2045,0.0
C-EEU-SVK,Zone_5A Cool Humid,rur,q1,sub,2050,0.0
C-EEU-SVK,Zone_5A Cool Humid,rur,q1,sub,2055,0.0
C-EEU-SVK,Zone_5A Cool Humid,rur,q1,sub,2060,0.0
C-EEU-SVK,Zone_5A Cool Humid,rur,q1,sub,2065,0.0
C-EEU-SVK,Zone_5A Cool Humid,rur,q1,sub,2070,0.0
C-EEU-SVK,Zone_5A Cool Humid,rur,q1,sub,2075,0.0
C-EEU-SVK,Zone_5A Cool Humid,rur,q1,sub,2080,0.0
C-EEU-SVK,Zone_5A Cool Humid,rur,q1,sub,2085,0.0
C-EEU-SVK,Zone_5A Cool Humid,rur,q1,sub,2090,0.0
C-EEU-SVK,Zone_5A Cool Humid,rur,q1,sub,2095,0.0
C-EEU-SVK,Zone_5A Cool Humid,rur,q1,sub,2100,0.0
C-EEU-SVK,Zone_5A Cool Humid,rur,q2,perm,2015,1.0
C-EEU-SVK,Zone_5A Cool Humid,rur,q2,perm,2020,1.0
C-EEU-SVK,Zone_5A Cool Humid,rur,q2,perm,2025,1.0
C-EEU-SVK,Zone_5A Cool Humid,rur,q2,perm,2030,1.0
C-EEU-SVK,Zone_5A Cool Humid,rur,q2,perm,2035,1.0
C-EEU-SVK,Zone_5A Cool Humid,rur,q2,perm,2040,1.0
C-EEU-SVK,Zone_5A Cool Humid,rur,q2,perm,2045,1.0
C-EEU-SVK,Zone_5A Cool Humid,rur,q2,perm,2050,1.0
C-EEU-SVK,Zone_5A Cool Humid,rur,q2,perm,2055,1.0
C-EEU-SVK,Zone_5A Cool Humid,rur,q2,perm,2060,1.0
C-EEU-SVK,Zone_5A Cool Humid,rur,q2,perm,2065,1.0
C-EEU-SVK,Zone_5A Cool Humid,rur,q2,perm,2070,1.0
C-EEU-SVK,Zone_5A Cool Humid,rur,q2,perm,2075,1.0
C-EEU-SVK,Zone_5A Cool Humid,rur,q2,perm,2080,1.0
C-EEU-SVK,Zone_5A Cool Humid,rur,q2,perm,2085,1.0
C-EEU-SVK,Zone_5A Cool Humid,rur,q2,perm,2090,1.0
C-EEU-SVK,Zone_5A Cool Humid,rur,q2,perm,2095,1.0
C-EEU-SVK,Zone_5A Cool Humid,rur,q2,perm,2100,1.0
C-EEU-SVK,Zone_5A Cool Humid,rur,q2,sub,2015,0.0
C-EEU-SVK,Zone_5A Cool Humid,rur,q2,sub,2020,0.0
C-EEU-SVK,Zone_5A Cool Humid,rur,q2,sub,2025,0.0
C-EEU-SVK,Zone_5A Cool Humid,rur,q2,sub,2030,0.0
C-EEU-SVK,Zone_5A Cool Humid,rur,q2,sub,2035,0.0
C-EEU-SVK,Zone_5A Cool Humid,rur,q2,sub,2040,0.0
C-EEU-SVK,Zone_5A Cool Humid,rur,q2,sub,2045,0.0
C-EEU-SVK,Zone_5A Cool Humid,rur,q2,sub,2050,0.0
C-EEU-SVK,Zone_5A Cool Humid,rur,q2,sub,2055,0.0
C-EEU-SVK,Zone_5A Cool Humid,rur,q2,sub,2060,0.0
C-EEU-SVK,Zone_5A Cool Humid,rur,q2,sub,2065,0.0
C-EEU-SVK,Zone_5A Cool Humid,rur,q2,sub,2070,0.0
C-EEU-SVK,Zone_5A Cool Humid,rur,q2,sub,2075,0.0
C-EEU-SVK,Zone_5A Cool Humid,rur,q2,sub,2080,0.0
C-EEU-SVK,Zone_5A Cool Humid,rur,q2,sub,2085,0.0
C-EEU-SVK,Zone_5A Cool Humid,rur,q2,sub,2090,0.0
C-EEU-SVK,Zone_5A Cool Humid,rur,q2,sub,2095,0.0
C-EEU-SVK,Zone_5A Cool Humid,rur,q2,sub,2100,0.0
C-EEU-SVK,Zone_5A Cool Humid,rur,q3,perm,2015,1.0
C-EEU-SVK,Zone_5A Cool Humid,rur,q3,perm,2020,1.0
C-EEU-SVK,Zone_5A Cool Humid,rur,q3,perm,2025,1.0
C-EEU-SVK,Zone_5A Cool Humid,rur,q3,perm,2030,1.0
C-EEU-SVK,Zone_5A Cool Humid,rur,q3,perm,2035,1.0
C-EEU-SVK,Zone_5A Cool Humid,rur,q3,perm,2040,1.0
C-EEU-SVK,Zone_5A Cool Humid,rur,q3,perm,2045,1.0
C-EEU-SVK,Zone_5A Cool Humid,rur,q3,perm,2050,1.0
C-EEU-SVK,Zone_5A Cool Humid,rur,q3,perm,2055,1.0
C-EEU-SVK,Zone_5A Cool Humid,rur,q3,perm,2060,1.0
C-EEU-SVK,Zone_5A Cool Humid,rur,q3,perm,2065,1.0
C-EEU-SVK,Zone_5A Cool Humid,rur,q3,perm,2070,1.0
C-EEU-SVK,Zone_5A Cool Humid,rur,q3,perm,2075,1.0
C-EEU-SVK,Zone_5A Cool Humid,rur,q3,perm,2080,1.0
C-EEU-SVK,Zone_5A Cool Humid,rur,q3,perm,2085,1.0
C-EEU-SVK,Zone_5A Cool Humid,rur,q3,perm,2090,1.0
C-EEU-SVK,Zone_5A Cool Humid,rur,q3,perm,2095,1.0
C-EEU-SVK,Zone_5A Cool Humid,rur,q3,perm,2100,1.0
C-EEU-SVK,Zone_5A Cool Humid,rur,q3,sub,2015,0.0
C-EEU-SVK,Zone_5A Cool Humid,rur,q3,sub,2020,0.0
C-EEU-SVK,Zone_5A Cool Humid,rur,q3,sub,2025,0.0
C-EEU-SVK,Zone_5A Cool Humid,rur,q3,sub,2030,0.0
C-EEU-SVK,Zone_5A Cool Humid,rur,q3,sub,2035,0.0
C-EEU-SVK,Zone_5A Cool Humid,rur,q3,sub,2040,0.0
C-EEU-SVK,Zone_5A Cool Humid,rur,q3,sub,2045,0.0
C-EEU-SVK,Zone_5A Cool Humid,rur,q3,sub,2050,0.0
C-EEU-SVK,Zone_5A Cool Humid,rur,q3,sub,2055,0.0
C-EEU-SVK,Zone_5A Cool Humid,rur,q3,sub,2060,0.0
C-EEU-SVK,Zone_5A Cool Humid,rur,q3,sub,2065,0.0
C-EEU-SVK,Zone_5A Cool Humid,rur,q3,sub,2070,0.0
C-EEU-SVK,Zone_5A Cool Humid,rur,q3,sub,2075,0.0
C-EEU-SVK,Zone_5A Cool Humid,rur,q3,sub,2080,0.0
C-EEU-SVK,Zone_5A Cool Humid,rur,q3,sub,2085,0.0
C-EEU-SVK,Zone_5A Cool Humid,rur,q3,sub,2090,0.0
C-EEU-SVK,Zone_5A Cool Humid,rur,q3,sub,2095,0.0
C-EEU-SVK,Zone_5A Cool Humid,rur,q3,sub,2100,0.0
C-EEU-SVK,Zone_5A Cool Humid,urb,q1,perm,2015,1.0
C-EEU-SVK,Zone_5A Cool Humid,urb,q1,perm,2020,1.0
C-EEU-SVK,Zone_5A Cool Humid,urb,q1,perm,2025,1.0
C-EEU-SVK,Zone_5A Cool Humid,urb,q1,perm,2030,1.0
C-EEU-SVK,Zone_5A Cool Humid,urb,q1,perm,2035,1.0
C-EEU-SVK,Zone_5A Cool Humid,urb,q1,perm,2040,1.0
C-EEU-SVK,Zone_5A Cool Humid,urb,q1,perm,2045,1.0
C-EEU-SVK,Zone_5A Cool Humid,urb,q1,perm,2050,1.0
C-EEU-SVK,Zone_5A Cool Humid,urb,q1,perm,2055,1.0
C-EEU-SVK,Zone_5A Cool Humid,urb,q1,perm,2060,1.0
C-EEU-SVK,Zone_5A Cool Humid,urb,q1,perm,2065,1.0
C-EEU-SVK,Zone_5A Cool Humid,urb,q1,perm,2070,1.0
C-EEU-SVK,Zone_5A Cool Humid,urb,q1,perm,2075,1.0
C-EEU-SVK,Zone_5A Cool Humid,urb,q1,perm,2080,1.0
C-EEU-SVK,Zone_5A Cool Humid,urb,q1,perm,2085,1.0
C-EEU-SVK,Zone_5A Cool Humid,urb,q1,perm,2090,1.0
C-EEU-SVK,Zone_5A Cool Humid,urb,q1,perm,2095,1.0
C-EEU-SVK,Zone_5A Cool Humid,urb,q1,perm,2100,1.0
C-EEU-SVK,Zone_5A Cool Humid,urb,q1,sub,2015,0.0
C-EEU-SVK,Zone_5A Cool Humid,urb,q1,sub,2020,0.0
C-EEU-SVK,Zone_5A Cool Humid,urb,q1,sub,2025,0.0
C-EEU-SVK,Zone_5A Cool Humid,urb,q1,sub,2030,0.0
C-EEU-SVK,Zone_5A Cool Humid,urb,q1,sub,2035,0.0
C-EEU-SVK,Zone_5A Cool Humid,urb,q1,sub,2040,0.0
C-EEU-SVK,Zone_5A Cool Humid,urb,q1,sub,2045,0.0
C-EEU-SVK,Zone_5A Cool Humid,urb,q1,sub,2050,0.0
C-EEU-SVK,Zone_5A Cool Humid,urb,q1,sub,2055,0.0
C-EEU-SVK,Zone_5A Cool Humid,urb,q1,sub,2060,0.0
C-EEU-SVK,Zone_5A Cool Humid,urb,q1,sub,2065,0.0
C-EEU-SVK,Zone_5A Cool Humid,urb,q1,sub,2070,0.0
C-EEU-SVK,Zone_5A Cool Humid,urb,q1,sub,2075,0.0
C-EEU-SVK,Zone_5A Cool Humid,urb,q1,sub,2080,0.0
C-EEU-SVK,Zone_5A Cool Humid,urb,q1,sub,2085,0.0
C-EEU-SVK,Zone_5A Cool Humid,urb,q1,sub,2090,0.0
C-EEU-SVK,Zone_5A Cool Humid,urb,q1,sub,2095,0.0
C-EEU-SVK,Zone_5A Cool Humid,urb,q1,sub,2100,0.0
C-EEU-SVK,Zone_5A Cool Humid,urb,q2,perm,2015,1.0
C-EEU-SVK,Zone_5A Cool Humid,urb,q2,perm,2020,1.0
C-EEU-SVK,Zone_5A Cool Humid,urb,q2,perm,2025,1.0
C-EEU-SVK,Zone_5A Cool Humid,urb,q2,perm,2030,1.0
C-EEU-SVK,Zone_5A Cool Humid,urb,q2,perm,2035,1.0
C-EEU-SVK,Zone_5A Cool Humid,urb,q2,perm,2040,1.0
C-EEU-SVK,Zone_5A Cool Humid,urb,q2,perm,2045,1.0
C-EEU-SVK,Zone_5A Cool Humid,urb,q2,perm,2050,1.0
C-EEU-SVK,Zone_5A Cool Humid,urb,q2,perm,2055,1.0
C-EEU-SVK,Zone_5A Cool Humid,urb,q2,perm,2060,1.0
C-EEU-SVK,Zone_5A Cool Humid,urb,q2,perm,2065,1.0
C-EEU-SVK,Zone_5A Cool Humid,urb,q2,perm,2070,1.0
C-EEU-SVK,Zone_5A Cool Humid,urb,q2,perm,2075,1.0
C-EEU-SVK,Zone_5A Cool Humid,urb,q2,perm,2080,1.0
C-EEU-SVK,Zone_5A Cool Humid,urb,q2,perm,2085,1.0
C-EEU-SVK,Zone_5A Cool Humid,urb,q2,perm,2090,1.0
C-EEU-SVK,Zone_5A Cool Humid,urb,q2,perm,2095,1.0
C-EEU-SVK,Zone_5A Cool Humid,urb,q2,perm,2100,1.0
C-EEU-SVK,Zone_5A Cool Humid,urb,q2,sub,2015,0.0
C-EEU-SVK,Zone_5A Cool Humid,urb,q2,sub,2020,0.0
C-EEU-SVK,Zone_5A Cool Humid,urb,q2,sub,2025,0.0
C-EEU-SVK,Zone_5A Cool Humid,urb,q2,sub,2030,0.0
C-EEU-SVK,Zone_5A Cool Humid,urb,q2,sub,2035,0.0
C-EEU-SVK,Zone_5A Cool Humid,urb,q2,sub,2040,0.0
C-EEU-SVK,Zone_5A Cool Humid,urb,q2,sub,2045,0.0
C-EEU-SVK,Zone_5A Cool Humid,urb,q2,sub,2050,0.0
C-EEU-SVK,Zone_5A Cool Humid,urb,q2,sub,2055,0.0
C-EEU-SVK,Zone_5A Cool Humid,urb,q2,sub,2060,0.0
C-EEU-SVK,Zone_5A Cool Humid,urb,q2,sub,2065,0.0
C-EEU-SVK,Zone_5A Cool Humid,urb,q2,sub,2070,0.0
C-EEU-SVK,Zone_5A Cool Humid,urb,q2,sub,2075,0.0
C-EEU-SVK,Zone_5A Cool Humid,urb,q2,sub,2080,0.0
C-EEU-SVK,Zone_5A Cool Humid,urb,q2,sub,2085,0.0
C-EEU-SVK,Zone_5A Cool Humid,urb,q2,sub,2090,0.0
C-EEU-SVK,Zone_5A Cool Humid,urb,q2,sub,2095,0.0
C-EEU-SVK,Zone_5A Cool Humid,urb,q2,sub,2100,0.0
C-EEU-SVK,Zone_5A Cool Humid,urb,q3,perm,2015,1.0
C-EEU-SVK,Zone_5A Cool Humid,urb,q3,perm,2020,1.0
C-EEU-SVK,Zone_5A Cool Humid,urb,q3,perm,2025,1.0
C-EEU-SVK,Zone_5A Cool Humid,urb,q3,perm,2030,1.0
C-EEU-SVK,Zone_5A Cool Humid,urb,q3,perm,2035,1.0
C-EEU-SVK,Zone_5A Cool Humid,urb,q3,perm,2040,1.0
C-EEU-SVK,Zone_5A Cool Humid,urb,q3,perm,2045,1.0
C-EEU-SVK,Zone_5A Cool Humid,urb,q3,perm,2050,1.0
C-EEU-SVK,Zone_5A Cool Humid,urb,q3,perm,2055,1.0
C-EEU-SVK,Zone_5A Cool Humid,urb,q3,perm,2060,1.0
C-EEU-SVK,Zone_5A Cool Humid,urb,q3,perm,2065,1.0
C-EEU-SVK,Zone_5A Cool Humid,urb,q3,perm,2070,1.0
C-EEU-SVK,Zone_5A Cool Humid,urb,q3,perm,2075,1.0
C-EEU-SVK,Zone_5A Cool Humid,urb,q3,perm,2080,1.0
C-EEU-SVK,Zone_5A Cool Humid,urb,q3,perm,2085,1.0
C-EEU-SVK,Zone_5A Cool Humid,urb,q3,perm,2090,1.0
C-EEU-SVK,Zone_5A Cool Humid,urb,q3,perm,2095,1.0
C-EEU-SVK,Zone_5A Cool Humid,urb,q3,perm,2100,1.0
C-EEU-SVK,Zone_5A Cool Humid,urb,q3,sub,2015,0.0
C-EEU-SVK,Zone_5A Cool Humid,urb,q3,sub,2020,0.0
C-EEU-SVK,Zone_5A Cool Humid,urb,q3,sub,2025,0.0
C-EEU-SVK,Zone_5A Cool Humid,urb,q3,sub,2030,0.0
C-EEU-SVK,Zone_5A Cool Humid,urb,q3,sub,2035,0.0
C-EEU-SVK,Zone_5A Cool Humid,urb,q3,sub,2040,0.0
C-EEU-SVK,Zone_5A Cool Humid,urb,q3,sub,2045,0.0
C-EEU-SVK,Zone_5A Cool Humid,urb,q3,sub,2050,0.0
C-EEU-SVK,Zone_5A Cool Humid,urb,q3,sub,2055,0.0
C-EEU-SVK,Zone_5A Cool Humid,urb,q3,sub,2060,0.0
C-EEU-SVK,Zone_5A Cool Humid,urb,q3,sub,2065,0.0
C-EEU-SVK,Zone_5A Cool Humid,urb,q3,sub,2070,0.0
C-EEU-SVK,Zone_5A Cool Humid,urb,q3,sub,2075,0.0
C-EEU-SVK,Zone_5A Cool Humid,urb,q3,sub,2080,0.0
C-EEU-SVK,Zone_5A Cool Humid,urb,q3,sub,2085,0.0
C-EEU-SVK,Zone_5A Cool Humid,urb,q3,sub,2090,0.0
C-EEU-SVK,Zone_5A Cool Humid,urb,q3,sub,2095,0.0
C-EEU-SVK,Zone_5A Cool Humid,urb,q3,sub,2100,0.0
C-EEU-SVK,Zone_6A Cold Humid,rur,q1,perm,2015,1.0
C-EEU-SVK,Zone_6A Cold Humid,rur,q1,perm,2020,1.0
C-EEU-SVK,Zone_6A Cold Humid,rur,q1,perm,2025,1.0
C-EEU-SVK,Zone_6A Cold Humid,rur,q1,perm,2030,1.0
C-EEU-SVK,Zone_6A Cold Humid,rur,q1,perm,2035,1.0
C-EEU-SVK,Zone_6A Cold Humid,rur,q1,perm,2040,1.0
C-EEU-SVK,Zone_6A Cold Humid,rur,q1,perm,2045,1.0
C-EEU-SVK,Zone_6A Cold Humid,rur,q1,perm,2050,1.0
C-EEU-SVK,Zone_6A Cold Humid,rur,q1,perm,2055,1.0
C-EEU-SVK,Zone_6A Cold Humid,rur,q1,perm,2060,1.0
C-EEU-SVK,Zone_6A Cold Humid,rur,q1,perm,2065,1.0
C-EEU-SVK,Zone_6A Cold Humid,rur,q1,perm,2070,1.0
C-EEU-SVK,Zone_6A Cold Humid,rur,q1,perm,2075,1.0
C-EEU-SVK,Zone_6A Cold Humid,rur,q1,perm,2080,1.0
C-EEU-SVK,Zone_6A Cold Humid,rur,q1,perm,2085,1.0
C-EEU-SVK,Zone_6A Cold Humid,rur,q1,perm,2090,1.0
C-EEU-SVK,Zone_6A Cold Humid,rur,q1,perm,2095,1.0
C-EEU-SVK,Zone_6A Cold Humid,rur,q1,perm,2100,1.0
C-EEU-SVK,Zone_6A Cold Humid,rur,q1,sub,2015,0.0
C-EEU-SVK,Zone_6A Cold Humid,rur,q1,sub,2020,0.0
C-EEU-SVK,Zone_6A Cold Humid,rur,q1,sub,2025,0.0
C-EEU-SVK,Zone_6A Cold Humid,rur,q1,sub,2030,0.0
C-EEU-SVK,Zone_6A Cold Humid,rur,q1,sub,2035,0.0
C-EEU-SVK,Zone_6A Cold Humid,rur,q1,sub,2040,0.0
C-EEU-SVK,Zone_6A Cold Humid,rur,q1,sub,2045,0.0
C-EEU-SVK,Zone_6A Cold Humid,rur,q1,sub,2050,0.0
C-EEU-SVK,Zone_6A Cold Humid,rur,q1,sub,2055,0.0
C-EEU-SVK,Zone_6A Cold Humid,rur,q1,sub,2060,0.0
C-EEU-SVK,Zone_6A Cold Humid,rur,q1,sub,2065,0.0
C-EEU-SVK,Zone_6A Cold Humid,rur,q1,sub,2070,0.0
C-EEU-SVK,Zone_6A Cold Humid,rur,q1,sub,2075,0.0
C-EEU-SVK,Zone_6A Cold Humid,rur,q1,sub,2080,0.0
C-EEU-SVK,Zone_6A Cold Humid,rur,q1,sub,2085,0.0
C-EEU-SVK,Zone_6A Cold Humid,rur,q1,sub,2090,0.0
C-EEU-SVK,Zone_6A Cold Humid,rur,q1,sub,2095,0.0
C-EEU-SVK,Zone_6A Cold Humid,rur,q1,sub,2100,0.0
C-EEU-SVK,Zone_6A Cold Humid,rur,q2,perm,2015,1.0
C-EEU-SVK,Zone_6A Cold Humid,rur,q2,perm,2020,1.0
C-EEU-SVK,Zone_6A Cold Humid,rur,q2,perm,2025,1.0
C-EEU-SVK,Zone_6A Cold Humid,rur,q2,perm,2030,1.0
C-EEU-SVK,Zone_6A Cold Humid,rur,q2,perm,2035,1.0
C-EEU-SVK,Zone_6A Cold Humid,rur,q2,perm,2040,1.0
C-EEU-SVK,Zone_6A Cold Humid,rur,q2,perm,2045,1.0
C-EEU-SVK,Zone_6A Cold Humid,rur,q2,perm,2050,1.0
C-EEU-SVK,Zone_6A Cold Humid,rur,q2,perm,2055,1.0
C-EEU-SVK,Zone_6A Cold Humid,rur,q2,perm,2060,1.0
C-EEU-SVK,Zone_6A Cold Humid,rur,q2,perm,2065,1.0
C-EEU-SVK,Zone_6A Cold Humid,rur,q2,perm,2070,1.0
C-EEU-SVK,Zone_6A Cold Humid,rur,q2,perm,2075,1.0
C-EEU-SVK,Zone_6A Cold Humid,rur,q2,perm,2080,1.0
C-EEU-SVK,Zone_6A Cold Humid,rur,q2,perm,2085,1.0
C-EEU-SVK,Zone_6A Cold Humid,rur,q2,perm,2090,1.0
C-EEU-SVK,Zone_6A Cold Humid,rur,q2,perm,2095,1.0
C-EEU-SVK,Zone_6A Cold Humid,rur,q2,perm,2100,1.0
C-EEU-SVK,Zone_6A Cold Humid,rur,q2,sub,2015,0.0
C-EEU-SVK,Zone_6A Cold Humid,rur,q2,sub,2020,0.0
C-EEU-SVK,Zone_6A Cold Humid,rur,q2,sub,2025,0.0
C-EEU-SVK,Zone_6A Cold Humid,rur,q2,sub,2030,0.0
C-EEU-SVK,Zone_6A Cold Humid,rur,q2,sub,2035,0.0
C-EEU-SVK,Zone_6A Cold Humid,rur,q2,sub,2040,0.0
C-EEU-SVK,Zone_6A Cold Humid,rur,q2,sub,2045,0.0
C-EEU-SVK,Zone_6A Cold Humid,rur,q2,sub,2050,0.0
C-EEU-SVK,Zone_6A Cold Humid,rur,q2,sub,2055,0.0
C-EEU-SVK,Zone_6A Cold Humid,rur,q2,sub,2060,0.0
C-EEU-SVK,Zone_6A Cold Humid,rur,q2,sub,2065,0.0
C-EEU-SVK,Zone_6A Cold Humid,rur,q2,sub,2070,0.0
C-EEU-SVK,Zone_6A Cold Humid,rur,q2,sub,2075,0.0
C-EEU-SVK,Zone_6A Cold Humid,rur,q2,sub,2080,0.0
C-EEU-SVK,Zone_6A Cold Humid,rur,q2,sub,2085,0.0
C-EEU-SVK,Zone_6A Cold Humid,rur,q2,sub,2090,0.0
C-EEU-SVK,Zone_6A Cold Humid,rur,q2,sub,2095,0.0
C-EEU-SVK,Zone_6A Cold Humid,rur,q2,sub,2100,0.0
C-EEU-SVK,Zone_6A Cold Humid,rur,q3,perm,2015,1.0
C-EEU-SVK,Zone_6A Cold Humid,rur,q3,perm,2020,1.0
C-EEU-SVK,Zone_6A Cold Humid,rur,q3,perm,2025,1.0
C-EEU-SVK,Zone_6A Cold Humid,rur,q3,perm,2030,1.0
C-EEU-SVK,Zone_6A Cold Humid,rur,q3,perm,2035,1.0
C-EEU-SVK,Zone_6A Cold Humid,rur,q3,perm,2040,1.0
C-EEU-SVK,Zone_6A Cold Humid,rur,q3,perm,2045,1.0
C-EEU-SVK,Zone_6A Cold Humid,rur,q3,perm,2050,1.0
C-EEU-SVK,Zone_6A Cold Humid,rur,q3,perm,2055,1.0
C-EEU-SVK,Zone_6A Cold Humid,rur,q3,perm,2060,1.0
C-EEU-SVK,Zone_6A Cold Humid,rur,q3,perm,2065,1.0
C-EEU-SVK,Zone_6A Cold Humid,rur,q3,perm,2070,1.0
C-EEU-SVK,Zone_6A Cold Humid,rur,q3,perm,2075,1.0
C-EEU-SVK,Zone_6A Cold Humid,rur,q3,perm,2080,1.0
C-EEU-SVK,Zone_6A Cold Humid,rur,q3,perm,2085,1.0
C-EEU-SVK,Zone_6A Cold Humid,rur,q3,perm,2090,1.0
C-EEU-SVK,Zone_6A Cold Humid,rur,q3,perm,2095,1.0
C-EEU-SVK,Zone_6A Cold Humid,rur,q3,perm,2100,1.0
C-EEU-SVK,Zone_6A Cold Humid,rur,q3,sub,2015,0.0
C-EEU-SVK,Zone_6A Cold Humid,rur,q3,sub,2020,0.0
C-EEU-SVK,Zone_6A Cold Humid,rur,q3,sub,2025,0.0
C-EEU-SVK,Zone_6A Cold Humid,rur,q3,sub,2030,0.0
C-EEU-SVK,Zone_6A Cold Humid,rur,q3,sub,2035,0.0
C-EEU-SVK,Zone_6A Cold Humid,rur,q3,sub,2040,0.0
C-EEU-SVK,Zone_6A Cold Humid,rur,q3,sub,2045,0.0
C-EEU-SVK,Zone_6A Cold Humid,rur,q3,sub,2050,0.0
C-EEU-SVK,Zone_6A Cold Humid,rur,q3,sub,2055,0.0
C-EEU-SVK,Zone_6A Cold Humid,rur,q3,sub,2060,0.0
C-EEU-SVK,Zone_6A Cold Humid,rur,q3,sub,2065,0.0
C-EEU-SVK,Zone_6A Cold Humid,rur,q3,sub,2070,0.0
C-EEU-SVK,Zone_6A Cold Humid,rur,q3,sub,2075,0.0
C-EEU-SVK,Zone_6A Cold Humid,rur,q3,sub,2080,0.0
C-EEU-SVK,Zone_6A Cold Humid,rur,q3,sub,2085,0.0
C-EEU-SVK,Zone_6A Cold Humid,rur,q3,sub,2090,0.0
C-EEU-SVK,Zone_6A Cold Humid,rur,q3,sub,2095,0.0
C-EEU-SVK,Zone_6A Cold Humid,rur,q3,sub,2100,0.0
C-EEU-SVK,Zone_6A Cold Humid,urb,q1,perm,2015,1.0
C-EEU-SVK,Zone_6A Cold Humid,urb,q1,perm,2020,1.0
C-EEU-SVK,Zone_6A Cold Humid,urb,q1,perm,2025,1.0
C-EEU-SVK,Zone_6A Cold Humid,urb,q1,perm,2030,1.0
C-EEU-SVK,Zone_6A Cold Humid,urb,q1,perm,2035,1.0
C-EEU-SVK,Zone_6A Cold Humid,urb,q1,perm,2040,1.0
C-EEU-SVK,Zone_6A Cold Humid,urb,q1,perm,2045,1.0
C-EEU-SVK,Zone_6A Cold Humid,urb,q1,perm,2050,1.0
C-EEU-SVK,Zone_6A Cold Humid,urb,q1,perm,2055,1.0
C-EEU-SVK,Zone_6A Cold Humid,urb,q1,perm,2060,1.0
C-EEU-SVK,Zone_6A Cold Humid,urb,q1,perm,2065,1.0
C-EEU-SVK,Zone_6A Cold Humid,urb,q1,perm,2070,1.0
C-EEU-SVK,Zone_6A Cold Humid,urb,q1,perm,2075,1.0
C-EEU-SVK,Zone_6A Cold Humid,urb,q1,perm,2080,1.0
C-EEU-SVK,Zone_6A Cold Humid,urb,q1,perm,2085,1.0
C-EEU-SVK,Zone_6A Cold Humid,urb,q1,perm,2090,1.0
C-EEU-SVK,Zone_6A Cold Humid,urb,q1,perm,2095,1.0
C-EEU-SVK,Zone_6A Cold Humid,urb,q1,perm,2100,1.0
C-EEU-SVK,Zone_6A Cold Humid,urb,q1,sub,2015,0.0
C-EEU-SVK,Zone_6A Cold Humid,urb,q1,sub,2020,0.0
C-EEU-SVK,Zone_6A Cold Humid,urb,q1,sub,2025,0.0
C-EEU-SVK,Zone_6A Cold Humid,urb,q1,sub,2030,0.0
C-EEU-SVK,Zone_6A Cold Humid,urb,q1,sub,2035,0.0
C-EEU-SVK,Zone_6A Cold Humid,urb,q1,sub,2040,0.0
C-EEU-SVK,Zone_6A Cold Humid,urb,q1,sub,2045,0.0
C-EEU-SVK,Zone_6A Cold Humid,urb,q1,sub,2050,0.0
C-EEU-SVK,Zone_6A Cold Humid,urb,q1,sub,2055,0.0
C-EEU-SVK,Zone_6A Cold Humid,urb,q1,sub,2060,0.0
C-EEU-SVK,Zone_6A Cold Humid,urb,q1,sub,2065,0.0
C-EEU-SVK,Zone_6A Cold Humid,urb,q1,sub,2070,0.0
C-EEU-SVK,Zone_6A Cold Humid,urb,q1,sub,2075,0.0
C-EEU-SVK,Zone_6A Cold Humid,urb,q1,sub,2080,0.0
C-EEU-SVK,Zone_6A Cold Humid,urb,q1,sub,2085,0.0
C-EEU-SVK,Zone_6A Cold Humid,urb,q1,sub,2090,0.0
C-EEU-SVK,Zone_6A Cold Humid,urb,q1,sub,2095,0.0
C-EEU-SVK,Zone_6A Cold Humid,urb,q1,sub,2100,0.0
C-EEU-SVK,Zone_6A Cold Humid,urb,q2,perm,2015,1.0
C-EEU-SVK,Zone_6A Cold Humid,urb,q2,perm,2020,1.0
C-EEU-SVK,Zone_6A Cold Humid,urb,q2,perm,2025,1.0
C-EEU-SVK,Zone_6A Cold Humid,urb,q2,perm,2030,1.0
C-EEU-SVK,Zone_6A Cold Humid,urb,q2,perm,2035,1.0
C-EEU-SVK,Zone_6A Cold Humid,urb,q2,perm,2040,1.0
C-EEU-SVK,Zone_6A Cold Humid,urb,q2,perm,2045,1.0
C-EEU-SVK,Zone_6A Cold Humid,urb,q2,perm,2050,1.0
C-EEU-SVK,Zone_6A Cold Humid,urb,q2,perm,2055,1.0
C-EEU-SVK,Zone_6A Cold Humid,urb,q2,perm,2060,1.0
C-EEU-SVK,Zone_6A Cold Humid,urb,q2,perm,2065,1.0
C-EEU-SVK,Zone_6A Cold Humid,urb,q2,perm,2070,1.0
C-EEU-SVK,Zone_6A Cold Humid,urb,q2,perm,2075,1.0
C-EEU-SVK,Zone_6A Cold Humid,urb,q2,perm,2080,1.0
C-EEU-SVK,Zone_6A Cold Humid,urb,q2,perm,2085,1.0
C-EEU-SVK,Zone_6A Cold Humid,urb,q2,perm,2090,1.0
C-EEU-SVK,Zone_6A Cold Humid,urb,q2,perm,2095,1.0
C-EEU-SVK,Zone_6A Cold Humid,urb,q2,perm,2100,1.0
C-EEU-SVK,Zone_6A Cold Humid,urb,q2,sub,2015,0.0
C-EEU-SVK,Zone_6A Cold Humid,urb,q2,sub,2020,0.0
C-EEU-SVK,Zone_6A Cold Humid,urb,q2,sub,2025,0.0
C-EEU-SVK,Zone_6A Cold Humid,urb,q2,sub,2030,0.0
C-EEU-SVK,Zone_6A Cold Humid,urb,q2,sub,2035,0.0
C-EEU-SVK,Zone_6A Cold Humid,urb,q2,sub,2040,0.0
C-EEU-SVK,Zone_6A Cold Humid,urb,q2,sub,2045,0.0
C-EEU-SVK,Zone_6A Cold Humid,urb,q2,sub,2050,0.0
C-EEU-SVK,Zone_6A Cold Humid,urb,q2,sub,2055,0.0
C-EEU-SVK,Zone_6A Cold Humid,urb,q2,sub,2060,0.0
C-EEU-SVK,Zone_6A Cold Humid,urb,q2,sub,2065,0.0
C-EEU-SVK,Zone_6A Cold Humid,urb,q2,sub,2070,0.0
C-EEU-SVK,Zone_6A Cold Humid,urb,q2,sub,2075,0.0
C-EEU-SVK,Zone_6A Cold Humid,urb,q2,sub,2080,0.0
C-EEU-SVK,Zone_6A Cold Humid,urb,q2,sub,2085,0.0
C-EEU-SVK,Zone_6A Cold Humid,urb,q2,sub,2090,0.0
C-EEU-SVK,Zone_6A Cold Humid,urb,q2,sub,2095,0.0
C-EEU-SVK,Zone_6A Cold Humid,urb,q2,sub,2100,0.0
C-EEU-SVK,Zone_6A Cold Humid,urb,q3,perm,2015,1.0
C-EEU-SVK,Zone_6A Cold Humid,urb,q3,perm,2020,1.0
C-EEU-SVK,Zone_6A Cold Humid,urb,q3,perm,2025,1.0
C-EEU-SVK,Zone_6A Cold Humid,urb,q3,perm,2030,1.0
C-EEU-SVK,Zone_6A Cold Humid,urb,q3,perm,2035,1.0
C-EEU-SVK,Zone_6A Cold Humid,urb,q3,perm,2040,1.0
C-EEU-SVK,Zone_6A Cold Humid,urb,q3,perm,2045,1.0
C-EEU-SVK,Zone_6A Cold Humid,urb,q3,perm,2050,1.0
C-EEU-SVK,Zone_6A Cold Humid,urb,q3,perm,2055,1.0
C-EEU-SVK,Zone_6A Cold Humid,urb,q3,perm,2060,1.0
C-EEU-SVK,Zone_6A Cold Humid,urb,q3,perm,2065,1.0
C-EEU-SVK,Zone_6A Cold Humid,urb,q3,perm,2070,1.0
C-EEU-SVK,Zone_6A Cold Humid,urb,q3,perm,2075,1.0
C-EEU-SVK,Zone_6A Cold Humid,urb,q3,perm,2080,1.0
C-EEU-SVK,Zone_6A Cold Humid,urb,q3,perm,2085,1.0
C-EEU-SVK,Zone_6A Cold Humid,urb,q3,perm,2090,1.0
C-EEU-SVK,Zone_6A Cold Humid,urb,q3,perm,2095,1.0
C-EEU-SVK,Zone_6A Cold Humid,urb,q3,perm,2100,1.0
C-EEU-SVK,Zone_6A Cold Humid,urb,q3,sub,2015,0.0
C-EEU-SVK,Zone_6A Cold Humid,urb,q3,sub,2020,0.0
C-EEU-SVK,Zone_6A Cold Humid,urb,q3,sub,2025,0.0
C-EEU-SVK,Zone_6A Cold Humid,urb,q3,sub,2030,0.0
C-EEU-SVK,Zone_6A Cold Humid,urb,q3,sub,2035,0.0
C-EEU-SVK,Zone_6A Cold Humid,urb,q3,sub,2040,0.0
C-EEU-SVK,Zone_6A Cold Humid,urb,q3,sub,2045,0.0
C-EEU-SVK,Zone_6A Cold Humid,urb,q3,sub,2050,0.0
C-EEU-SVK,Zone_6A Cold Humid,urb,q3,sub,2055,0.0
C-EEU-SVK,Zone_6A Cold Humid,urb,q3,sub,2060,0.0
C-EEU-SVK,Zone_6A Cold Humid,urb,q3,sub,2065,0.0
C-EEU-SVK,Zone_6A Cold Humid,urb,q3,sub,2070,0.0
C-EEU-SVK,Zone_6A Cold Humid,urb,q3,sub,2075,0.0
C-EEU-SVK,Zone_6A Cold Humid,urb,q3,sub,2080,0.0
C-EEU-SVK,Zone_6A Cold Humid,urb,q3,sub,2085,0.0
C-EEU-SVK,Zone_6A Cold Humid,urb,q3,sub,2090,0.0
C-EEU-SVK,Zone_6A Cold Humid,urb,q3,sub,2095,0.0
C-EEU-SVK,Zone_6A Cold Humid,urb,q3,sub,2100,0.0
C-EEU-SVN,Zone_4A Mixed Humid,rur,q1,perm,2015,0.4310408017297313
C-EEU-SVN,Zone_4A Mixed Humid,rur,q1,perm,2020,0.4310408017297313
C-EEU-SVN,Zone_4A Mixed Humid,rur,q1,perm,2025,0.4288127862847557
C-EEU-SVN,Zone_4A Mixed Humid,rur,q1,perm,2030,0.42677391303087114
C-EEU-SVN,Zone_4A Mixed Humid,rur,q1,perm,2035,0.4249549544911536
C-EEU-SVN,Zone_4A Mixed Humid,rur,q1,perm,2040,0.42315423670741775
C-EEU-SVN,Zone_4A Mixed Humid,rur,q1,perm,2045,0.4213394803655323
C-EEU-SVN,Zone_4A Mixed Humid,rur,q1,perm,2050,0.41957495117708793
C-EEU-SVN,Zone_4A Mixed Humid,rur,q1,perm,2055,0.4178937363032929
C-EEU-SVN,Zone_4A Mixed Humid,rur,q1,perm,2060,0.4163722107924662
C-EEU-SVN,Zone_4A Mixed Humid,rur,q1,perm,2065,0.4150787034315596
C-EEU-SVN,Zone_4A Mixed Humid,rur,q1,perm,2070,0.4139967804438879
C-EEU-SVN,Zone_4A Mixed Humid,rur,q1,perm,2075,0.41306486198397296
C-EEU-SVN,Zone_4A Mixed Humid,rur,q1,perm,2080,0.41225264527569827
C-EEU-SVN,Zone_4A Mixed Humid,rur,q1,perm,2085,0.41157789185897303
C-EEU-SVN,Zone_4A Mixed Humid,rur,q1,perm,2090,0.41108762046552416
C-EEU-SVN,Zone_4A Mixed Humid,rur,q1,perm,2095,0.41064551743633393
C-EEU-SVN,Zone_4A Mixed Humid,rur,q1,perm,2100,0.4101556789497547
C-EEU-SVN,Zone_4A Mixed Humid,rur,q1,sub,2015,0.0
C-EEU-SVN,Zone_4A Mixed Humid,rur,q1,sub,2020,0.0
C-EEU-SVN,Zone_4A Mixed Humid,rur,q1,sub,2025,0.0
C-EEU-SVN,Zone_4A Mixed Humid,rur,q1,sub,2030,0.0
C-EEU-SVN,Zone_4A Mixed Humid,rur,q1,sub,2035,0.0
C-EEU-SVN,Zone_4A Mixed Humid,rur,q1,sub,2040,0.0
C-EEU-SVN,Zone_4A Mixed Humid,rur,q1,sub,2045,0.0
C-EEU-SVN,Zone_4A Mixed Humid,rur,q1,sub,2050,0.0
C-EEU-SVN,Zone_4A Mixed Humid,rur,q1,sub,2055,0.0
C-EEU-SVN,Zone_4A Mixed Humid,rur,q1,sub,2060,0.0
C-EEU-SVN,Zone_4A Mixed Humid,rur,q1,sub,2065,0.0
C-EEU-SVN,Zone_4A Mixed Humid,rur,q1,sub,2070,0.0
C-EEU-SVN,Zone_4A Mixed Humid,rur,q1,sub,2075,0.0
C-EEU-SVN,Zone_4A Mixed Humid,rur,q1,sub,2080,0.0
C-EEU-SVN,Zone_4A Mixed Humid,rur,q1,sub,2085,0.0
C-EEU-SVN,Zone_4A Mixed Humid,rur,q1,sub,2090,0.0
C-EEU-SVN,Zone_4A Mixed Humid,rur,q1,sub,2095,0.0
C-EEU-SVN,Zone_4A Mixed Humid,rur,q1,sub,2100,0.0
C-EEU-SVN,Zone_4A Mixed Humid,rur,q2,perm,2015,0.4310408017297313
C-EEU-SVN,Zone_4A Mixed Humid,rur,q2,perm,2020,0.4310408017297313
C-EEU-SVN,Zone_4A Mixed Humid,rur,q2,perm,2025,0.4288127862847557
C-EEU-SVN,Zone_4A Mixed Humid,rur,q2,perm,2030,0.42677391303087114
C-EEU-SVN,Zone_4A Mixed Humid,rur,q2,perm,2035,0.4249549544911536
C-EEU-SVN,Zone_4A Mixed Humid,rur,q2,perm,2040,0.42315423670741775
C-EEU-SVN,Zone_4A Mixed Humid,rur,q2,perm,2045,0.4213394803655323
C-EEU-SVN,Zone_4A Mixed Humid,rur,q2,perm,2050,0.41957495117708793
C-EEU-SVN,Zone_4A Mixed Humid,rur,q2,perm,2055,0.4178937363032929
C-EEU-SVN,Zone_4A Mixed Humid,rur,q2,perm,2060,0.4163722107924662
C-EEU-SVN,Zone_4A Mixed Humid,rur,q2,perm,2065,0.4150787034315596
C-EEU-SVN,Zone_4A Mixed Humid,rur,q2,perm,2070,0.4139967804438879
C-EEU-SVN,Zone_4A Mixed Humid,rur,q2,perm,2075,0.41306486198397296
C-EEU-SVN,Zone_4A Mixed Humid,rur,q2,perm,2080,0.41225264527569827
C-EEU-SVN,Zone_4A Mixed Humid,rur,q2,perm,2085,0.41157789185897303
C-EEU-SVN,Zone_4A Mixed Humid,rur,q2,perm,2090,0.41108762046552416
C-EEU-SVN,Zone_4A Mixed Humid,rur,q2,perm,2095,0.41064551743633393
C-EEU-SVN,Zone_4A Mixed Humid,rur,q2,perm,2100,0.4101556789497547
C-EEU-SVN,Zone_4A Mixed Humid,rur,q2,sub,2015,0.0
C-EEU-SVN,Zone_4A Mixed Humid,rur,q2,sub,2020,0.0
C-EEU-SVN,Zone_4A Mixed Humid,rur,q2,sub,2025,0.0
C-EEU-SVN,Zone_4A Mixed Humid,rur,q2,sub,2030,0.0
C-EEU-SVN,Zone_4A Mixed Humid,rur,q2,sub,2035,0.0
C-EEU-SVN,Zone_4A Mixed Humid,rur,q2,sub,2040,0.0
C-EEU-SVN,Zone_4A Mixed Humid,rur,q2,sub,2045,0.0
C-EEU-SVN,Zone_4A Mixed Humid,rur,q2,sub,2050,0.0
C-EEU-SVN,Zone_4A Mixed Humid,rur,q2,sub,2055,0.0
C-EEU-SVN,Zone_4A Mixed Humid,rur,q2,sub,2060,0.0
C-EEU-SVN,Zone_4A Mixed Humid,rur,q2,sub,2065,0.0
C-EEU-SVN,Zone_4A Mixed Humid,rur,q2,sub,2070,0.0
C-EEU-SVN,Zone_4A Mixed Humid,rur,q2,sub,2075,0.0
C-EEU-SVN,Zone_4A Mixed Humid,rur,q2,sub,2080,0.0
C-EEU-SVN,Zone_4A Mixed Humid,rur,q2,sub,2085,0.0
C-EEU-SVN,Zone_4A Mixed Humid,rur,q2,sub,2090,0.0
C-EEU-SVN,Zone_4A Mixed Humid,rur,q2,sub,2095,0.0
C-EEU-SVN,Zone_4A Mixed Humid,rur,q2,sub,2100,0.0
C-EEU-SVN,Zone_4A Mixed Humid,rur,q3,perm,2015,0.4310408017297313
C-EEU-SVN,Zone_4A Mixed Humid,rur,q3,perm,2020,0.4310408017297313
C-EEU-SVN,Zone_4A Mixed Humid,rur,q3,perm,2025,0.4288127862847557
C-EEU-SVN,Zone_4A Mixed Humid,rur,q3,perm,2030,0.42677391303087114
C-EEU-SVN,Zone_4A Mixed Humid,rur,q3,perm,2035,0.4249549544911536
C-EEU-SVN,Zone_4A Mixed Humid,rur,q3,perm,2040,0.42315423670741775
C-EEU-SVN,Zone_4A Mixed Humid,rur,q3,perm,2045,0.4213394803655323
C-EEU-SVN,Zone_4A Mixed Humid,rur,q3,perm,2050,0.41957495117708793
C-EEU-SVN,Zone_4A Mixed Humid,rur,q3,perm,2055,0.4178937363032929
C-EEU-SVN,Zone_4A Mixed Humid,rur,q3,perm,2060,0.4163722107924662
C-EEU-SVN,Zone_4A Mixed Humid,rur,q3,perm,2065,0.4150787034315596
C-EEU-SVN,Zone_4A Mixed Humid,rur,q3,perm,2070,0.4139967804438879
C-EEU-SVN,Zone_4A Mixed Humid,rur,q3,perm,2075,0.41306486198397296
C-EEU-SVN,Zone_4A Mixed Humid,rur,q3,perm,2080,0.41225264527569827
C-EEU-SVN,Zone_4A Mixed Humid,rur,q3,perm,2085,0.41157789185897303
C-EEU-SVN,Zone_4A Mixed Humid,rur,q3,perm,2090,0.41108762046552416
C-EEU-SVN,Zone_4A Mixed Humid,rur,q3,perm,2095,0.41064551743633393
C-EEU-SVN,Zone_4A Mixed Humid,rur,q3,perm,2100,0.4101556789497547
C-EEU-SVN,Zone_4A Mixed Humid,rur,q3,sub,2015,0.0
C-EEU-SVN,Zone_4A Mixed Humid,rur,q3,sub,2020,0.0
C-EEU-SVN,Zone_4A Mixed Humid,rur,q3,sub,2025,0.0
C-EEU-SVN,Zone_4A Mixed Humid,rur,q3,sub,2030,0.0
C-EEU-SVN,Zone_4A Mixed Humid,rur,q3,sub,2035,0.0
C-EEU-SVN,Zone_4A Mixed Humid,rur,q3,sub,2040,0.0
C-EEU-SVN,Zone_4A Mixed Humid,rur,q3,sub,2045,0.0
C-EEU-SVN,Zone_4A Mixed Humid,rur,q3,sub,2050,0.0
C-EEU-SVN,Zone_4A Mixed Humid,rur,q3,sub,2055,0.0
C-EEU-SVN,Zone_4A Mixed Humid,rur,q3,sub,2060,0.0
C-EEU-SVN,Zone_4A Mixed Humid,rur,q3,sub,2065,0.0
C-EEU-SVN,Zone_4A Mixed Humid,rur,q3,sub,2070,0.0
C-EEU-SVN,Zone_4A Mixed Humid,rur,q3,sub,2075,0.0
C-EEU-SVN,Zone_4A Mixed Humid,rur,q3,sub,2080,0.0
C-EEU-SVN,Zone_4A Mixed Humid,rur,q3,sub,2085,0.0
C-EEU-SVN,Zone_4A Mixed Humid,rur,q3,sub,2090,0.0
C-EEU-SVN,Zone_4A Mixed Humid,rur,q3,sub,2095,0.0
C-EEU-SVN,Zone_4A Mixed Humid,rur,q3,sub,2100,0.0
C-EEU-SVN,Zone_4A Mixed Humid,urb,q1,perm,2015,0.43104080172973114
C-EEU-SVN,Zone_4A Mixed Humid,urb,q1,perm,2020,0.43104080172973114
C-EEU-SVN,Zone_4A Mixed Humid,urb,q1,perm,2025,0.42881278628475566
C-EEU-SVN,Zone_4A Mixed Humid,urb,q1,perm,2030,0.4267739130308711
C-EEU-SVN,Zone_4A Mixed Humid,urb,q1,perm,2035,0.4249549544911536
C-EEU-SVN,Zone_4A Mixed Humid,urb,q1,perm,2040,0.4231542367074176
C-EEU-SVN,Zone_4A Mixed Humid,urb,q1,perm,2045,0.4213394803655322
C-EEU-SVN,Zone_4A Mixed Humid,urb,q1,perm,2050,0.41957495117708754
C-EEU-SVN,Zone_4A Mixed Humid,urb,q1,perm,2055,0.41789373630329296
C-EEU-SVN,Zone_4A Mixed Humid,urb,q1,perm,2060,0.41637221079246617
C-EEU-SVN,Zone_4A Mixed Humid,urb,q1,perm,2065,0.4150787034315597
C-EEU-SVN,Zone_4A Mixed Humid,urb,q1,perm,2070,0.41399678044388794
C-EEU-SVN,Zone_4A Mixed Humid,urb,q1,perm,2075,0.4130648619839733
C-EEU-SVN,Zone_4A Mixed Humid,urb,q1,perm,2080,0.4122526452756982
C-EEU-SVN,Zone_4A Mixed Humid,urb,q1,perm,2085,0.41157789185897314
C-EEU-SVN,Zone_4A Mixed Humid,urb,q1,perm,2090,0.4110876204655242
C-EEU-SVN,Zone_4A Mixed Humid,urb,q1,perm,2095,0.4106455174363338
C-EEU-SVN,Zone_4A Mixed Humid,urb,q1,perm,2100,0.4101556789497543
C-EEU-SVN,Zone_4A Mixed Humid,urb,q1,sub,2015,0.0
C-EEU-SVN,Zone_4A Mixed Humid,urb,q1,sub,2020,0.0
C-EEU-SVN,Zone_4A Mixed Humid,urb,q1,sub,2025,0.0
C-EEU-SVN,Zone_4A Mixed Humid,urb,q1,sub,2030,0.0
C-EEU-SVN,Zone_4A Mixed Humid,urb,q1,sub,2035,0.0
C-EEU-SVN,Zone_4A Mixed Humid,urb,q1,sub,2040,0.0
C-EEU-SVN,Zone_4A Mixed Humid,urb,q1,sub,2045,0.0
C-EEU-SVN,Zone_4A Mixed Humid,urb,q1,sub,2050,0.0
C-EEU-SVN,Zone_4A Mixed Humid,urb,q1,sub,2055,0.0
C-EEU-SVN,Zone_4A Mixed Humid,urb,q1,sub,2060,0.0
C-EEU-SVN,Zone_4A Mixed Humid,urb,q1,sub,2065,0.0
C-EEU-SVN,Zone_4A Mixed Humid,urb,q1,sub,2070,0.0
C-EEU-SVN,Zone_4A Mixed Humid,urb,q1,sub,2075,0.0
C-EEU-SVN,Zone_4A Mixed Humid,urb,q1,sub,2080,0.0
C-EEU-SVN,Zone_4A Mixed Humid,urb,q1,sub,2085,0.0
C-EEU-SVN,Zone_4A Mixed Humid,urb,q1,sub,2090,0.0
C-EEU-SVN,Zone_4A Mixed Humid,urb,q1,sub,2095,0.0
C-EEU-SVN,Zone_4A Mixed Humid,urb,q1,sub,2100,0.0
C-EEU-SVN,Zone_4A Mixed Humid,urb,q2,perm,2015,0.43104080172973114
C-EEU-SVN,Zone_4A Mixed Humid,urb,q2,perm,2020,0.43104080172973114
C-EEU-SVN,Zone_4A Mixed Humid,urb,q2,perm,2025,0.42881278628475566
C-EEU-SVN,Zone_4A Mixed Humid,urb,q2,perm,2030,0.4267739130308711
C-EEU-SVN,Zone_4A Mixed Humid,urb,q2,perm,2035,0.4249549544911536
C-EEU-SVN,Zone_4A Mixed Humid,urb,q2,perm,2040,0.4231542367074176
C-EEU-SVN,Zone_4A Mixed Humid,urb,q2,perm,2045,0.4213394803655322
C-EEU-SVN,Zone_4A Mixed Humid,urb,q2,perm,2050,0.41957495117708754
C-EEU-SVN,Zone_4A Mixed Humid,urb,q2,perm,2055,0.41789373630329296
C-EEU-SVN,Zone_4A Mixed Humid,urb,q2,perm,2060,0.41637221079246617
C-EEU-SVN,Zone_4A Mixed Humid,urb,q2,perm,2065,0.4150787034315597
C-EEU-SVN,Zone_4A Mixed Humid,urb,q2,perm,2070,0.41399678044388794
C-EEU-SVN,Zone_4A Mixed Humid,urb,q2,perm,2075,0.4130648619839733
C-EEU-SVN,Zone_4A Mixed Humid,urb,q2,perm,2080,0.4122526452756982
C-EEU-SVN,Zone_4A Mixed Humid,urb,q2,perm,2085,0.41157789185897314
C-EEU-SVN,Zone_4A Mixed Humid,urb,q2,perm,2090,0.4110876204655242
C-EEU-SVN,Zone_4A Mixed Humid,urb,q2,perm,2095,0.4106455174363338
C-EEU-SVN,Zone_4A Mixed Humid,urb,q2,perm,2100,0.4101556789497543
C-EEU-SVN,Zone_4A Mixed Humid,urb,q2,sub,2015,0.0
C-EEU-SVN,Zone_4A Mixed Humid,urb,q2,sub,2020,0.0
C-EEU-SVN,Zone_4A Mixed Humid,urb,q2,sub,2025,0.0
C-EEU-SVN,Zone_4A Mixed Humid,urb,q2,sub,2030,0.0
C-EEU-SVN,Zone_4A Mixed Humid,urb,q2,sub,2035,0.0
C-EEU-SVN,Zone_4A Mixed Humid,urb,q2,sub,2040,0.0
C-EEU-SVN,Zone_4A Mixed Humid,urb,q2,sub,2045,0.0
C-EEU-SVN,Zone_4A Mixed Humid,urb,q2,sub,2050,0.0
C-EEU-SVN,Zone_4A Mixed Humid,urb,q2,sub,2055,0.0
C-EEU-SVN,Zone_4A Mixed Humid,urb,q2,sub,2060,0.0
C-EEU-SVN,Zone_4A Mixed Humid,urb,q2,sub,2065,0.0
C-EEU-SVN,Zone_4A Mixed Humid,urb,q2,sub,2070,0.0
C-EEU-SVN,Zone_4A Mixed Humid,urb,q2,sub,2075,0.0
C-EEU-SVN,Zone_4A Mixed Humid,urb,q2,sub,2080,0.0
C-EEU-SVN,Zone_4A Mixed Humid,urb,q2,sub,2085,0.0
C-EEU-SVN,Zone_4A Mixed Humid,urb,q2,sub,2090,0.0
C-EEU-SVN,Zone_4A Mixed Humid,urb,q2,sub,2095,0.0
C-EEU-SVN,Zone_4A Mixed Humid,urb,q2,sub,2100,0.0
C-EEU-SVN,Zone_4A Mixed Humid,urb,q3,perm,2015,0.43104080172973114
C-EEU-SVN,Zone_4A Mixed Humid,urb,q3,perm,2020,0.43104080172973114
C-EEU-SVN,Zone_4A Mixed Humid,urb,q3,perm,2025,0.42881278628475566
C-EEU-SVN,Zone_4A Mixed Humid,urb,q3,perm,2030,0.4267739130308711
C-EEU-SVN,Zone_4A Mixed Humid,urb,q3,perm,2035,0.4249549544911536
C-EEU-SVN,Zone_4A Mixed Humid,urb,q3,perm,2040,0.4231542367074176
C-EEU-SVN,Zone_4A Mixed Humid,urb,q3,perm,2045,0.4213394803655322
C-EEU-SVN,Zone_4A Mixed Humid,urb,q3,perm,2050,0.41957495117708754
C-EEU-SVN,Zone_4A Mixed Humid,urb,q3,perm,2055,0.41789373630329296
C-EEU-SVN,Zone_4A Mixed Humid,urb,q3,perm,2060,0.41637221079246617
C-EEU-SVN,Zone_4A Mixed Humid,urb,q3,perm,2065,0.4150787034315597
C-EEU-SVN,Zone_4A Mixed Humid,urb,q3,perm,2070,0.41399678044388794
C-EEU-SVN,Zone_4A Mixed Humid,urb,q3,perm,2075,0.4130648619839733
C-EEU-SVN,Zone_4A Mixed Humid,urb,q3,perm,2080,0.4122526452756982
C-EEU-SVN,Zone_4A Mixed Humid,urb,q3,perm,2085,0.41157789185897314
C-EEU-SVN,Zone_4A Mixed Humid,urb,q3,perm,2090,0.4110876204655242
C-EEU-SVN,Zone_4A Mixed Humid,urb,q3,perm,2095,0.4106455174363338
C-EEU-SVN,Zone_4A Mixed Humid,urb,q3,perm,2100,0.4101556789497543
C-EEU-SVN,Zone_4A Mixed Humid,urb,q3,sub,2015,0.0
C-EEU-SVN,Zone_4A Mixed Humid,urb,q3,sub,2020,0.0
C-EEU-SVN,Zone_4A Mixed Humid,urb,q3,sub,2025,0.0
C-EEU-SVN,Zone_4A Mixed Humid,urb,q3,sub,2030,0.0
C-EEU-SVN,Zone_4A Mixed Humid,urb,q3,sub,2035,0.0
C-EEU-SVN,Zone_4A Mixed Humid,urb,q3,sub,2040,0.0
C-EEU-SVN,Zone_4A Mixed Humid,urb,q3,sub,2045,0.0
C-EEU-SVN,Zone_4A Mixed Humid,urb,q3,sub,2050,0.0
C-EEU-SVN,Zone_4A Mixed Humid,urb,q3,sub,2055,0.0
C-EEU-SVN,Zone_4A Mixed Humid,urb,q3,sub,2060,0.0
C-EEU-SVN,Zone_4A Mixed Humid,urb,q3,sub,2065,0.0
C-EEU-SVN,Zone_4A Mixed Humid,urb,q3,sub,2070,0.0
C-EEU-SVN,Zone_4A Mixed Humid,urb,q3,sub,2075,0.0
C-EEU-SVN,Zone_4A Mixed Humid,urb,q3,sub,2080,0.0
C-EEU-SVN,Zone_4A Mixed Humid,urb,q3,sub,2085,0.0
C-EEU-SVN,Zone_4A Mixed Humid,urb,q3,sub,2090,0.0
C-EEU-SVN,Zone_4A Mixed Humid,urb,q3,sub,2095,0.0
C-EEU-SVN,Zone_4A Mixed Humid,urb,q3,sub,2100,0.0
C-EEU-SVN,Zone_5A Cool Humid,rur,q1,perm,2015,1.0
C-EEU-SVN,Zone_5A Cool Humid,rur,q1,perm,2020,1.0
C-EEU-SVN,Zone_5A Cool Humid,rur,q1,perm,2025,1.0
C-EEU-SVN,Zone_5A Cool Humid,rur,q1,perm,2030,1.0
C-EEU-SVN,Zone_5A Cool Humid,rur,q1,perm,2035,1.0
C-EEU-SVN,Zone_5A Cool Humid,rur,q1,perm,2040,1.0
C-EEU-SVN,Zone_5A Cool Humid,rur,q1,perm,2045,1.0
C-EEU-SVN,Zone_5A Cool Humid,rur,q1,perm,2050,1.0
C-EEU-SVN,Zone_5A Cool Humid,rur,q1,perm,2055,1.0
C-EEU-SVN,Zone_5A Cool Humid,rur,q1,perm,2060,1.0
C-EEU-SVN,Zone_5A Cool Humid,rur,q1,perm,2065,1.0
C-EEU-SVN,Zone_5A Cool Humid,rur,q1,perm,2070,1.0
C-EEU-SVN,Zone_5A Cool Humid,rur,q1,perm,2075,1.0
C-EEU-SVN,Zone_5A Cool Humid,rur,q1,perm,2080,1.0
C-EEU-SVN,Zone_5A Cool Humid,rur,q1,perm,2085,1.0
C-EEU-SVN,Zone_5A Cool Humid,rur,q1,perm,2090,1.0
C-EEU-SVN,Zone_5A Cool Humid,rur,q1,perm,2095,1.0
C-EEU-SVN,Zone_5A Cool Humid,rur,q1,perm,2100,1.0
C-EEU-SVN,Zone_5A Cool Humid,rur,q1,sub,2015,0.0
C-EEU-SVN,Zone_5A Cool Humid,rur,q1,sub,2020,0.0
C-EEU-SVN,Zone_5A Cool Humid,rur,q1,sub,2025,0.0
C-EEU-SVN,Zone_5A Cool Humid,rur,q1,sub,2030,0.0
C-EEU-SVN,Zone_5A Cool Humid,rur,q1,sub,2035,0.0
C-EEU-SVN,Zone_5A Cool Humid,rur,q1,sub,2040,0.0
C-EEU-SVN,Zone_5A Cool Humid,rur,q1,sub,2045,0.0
C-EEU-SVN,Zone_5A Cool Humid,rur,q1,sub,2050,0.0
C-EEU-SVN,Zone_5A Cool Humid,rur,q1,sub,2055,0.0
C-EEU-SVN,Zone_5A Cool Humid,rur,q1,sub,2060,0.0
C-EEU-SVN,Zone_5A Cool Humid,rur,q1,sub,2065,0.0
C-EEU-SVN,Zone_5A Cool Humid,rur,q1,sub,2070,0.0
C-EEU-SVN,Zone_5A Cool Humid,rur,q1,sub,2075,0.0
C-EEU-SVN,Zone_5A Cool Humid,rur,q1,sub,2080,0.0
C-EEU-SVN,Zone_5A Cool Humid,rur,q1,sub,2085,0.0
C-EEU-SVN,Zone_5A Cool Humid,rur,q1,sub,2090,0.0
C-EEU-SVN,Zone_5A Cool Humid,rur,q1,sub,2095,0.0
C-EEU-SVN,Zone_5A Cool Humid,rur,q1,sub,2100,0.0
C-EEU-SVN,Zone_5A Cool Humid,rur,q2,perm,2015,1.0
C-EEU-SVN,Zone_5A Cool Humid,rur,q2,perm,2020,1.0
C-EEU-SVN,Zone_5A Cool Humid,rur,q2,perm,2025,1.0
C-EEU-SVN,Zone_5A Cool Humid,rur,q2,perm,2030,1.0
C-EEU-SVN,Zone_5A Cool Humid,rur,q2,perm,2035,1.0
C-EEU-SVN,Zone_5A Cool Humid,rur,q2,perm,2040,1.0
C-EEU-SVN,Zone_5A Cool Humid,rur,q2,perm,2045,1.0
C-EEU-SVN,Zone_5A Cool Humid,rur,q2,perm,2050,1.0
C-EEU-SVN,Zone_5A Cool Humid,rur,q2,perm,2055,1.0
C-EEU-SVN,Zone_5A Cool Humid,rur,q2,perm,2060,1.0
C-EEU-SVN,Zone_5A Cool Humid,rur,q2,perm,2065,1.0
C-EEU-SVN,Zone_5A Cool Humid,rur,q2,perm,2070,1.0
C-EEU-SVN,Zone_5A Cool Humid,rur,q2,perm,2075,1.0
C-EEU-SVN,Zone_5A Cool Humid,rur,q2,perm,2080,1.0
C-EEU-SVN,Zone_5A Cool Humid,rur,q2,perm,2085,1.0
C-EEU-SVN,Zone_5A Cool Humid,rur,q2,perm,2090,1.0
C-EEU-SVN,Zone_5A Cool Humid,rur,q2,perm,2095,1.0
C-EEU-SVN,Zone_5A Cool Humid,rur,q2,perm,2100,1.0
C-EEU-SVN,Zone_5A Cool Humid,rur,q2,sub,2015,0.0
C-EEU-SVN,Zone_5A Cool Humid,rur,q2,sub,2020,0.0
C-EEU-SVN,Zone_5A Cool Humid,rur,q2,sub,2025,0.0
C-EEU-SVN,Zone_5A Cool Humid,rur,q2,sub,2030,0.0
C-EEU-SVN,Zone_5A Cool Humid,rur,q2,sub,2035,0.0
C-EEU-SVN,Zone_5A Cool Humid,rur,q2,sub,2040,0.0
C-EEU-SVN,Zone_5A Cool Humid,rur,q2,sub,2045,0.0
C-EEU-SVN,Zone_5A Cool Humid,rur,q2,sub,2050,0.0
C-EEU-SVN,Zone_5A Cool Humid,rur,q2,sub,2055,0.0
C-EEU-SVN,Zone_5A Cool Humid,rur,q2,sub,2060,0.0
C-EEU-SVN,Zone_5A Cool Humid,rur,q2,sub,2065,0.0
C-EEU-SVN,Zone_5A Cool Humid,rur,q2,sub,2070,0.0
C-EEU-SVN,Zone_5A Cool Humid,rur,q2,sub,2075,0.0
C-EEU-SVN,Zone_5A Cool Humid,rur,q2,sub,2080,0.0
C-EEU-SVN,Zone_5A Cool Humid,rur,q2,sub,2085,0.0
C-EEU-SVN,Zone_5A Cool Humid,rur,q2,sub,2090,0.0
C-EEU-SVN,Zone_5A Cool Humid,rur,q2,sub,2095,0.0
C-EEU-SVN,Zone_5A Cool Humid,rur,q2,sub,2100,0.0
C-EEU-SVN,Zone_5A Cool Humid,rur,q3,perm,2015,1.0
C-EEU-SVN,Zone_5A Cool Humid,rur,q3,perm,2020,1.0
C-EEU-SVN,Zone_5A Cool Humid,rur,q3,perm,2025,1.0
C-EEU-SVN,Zone_5A Cool Humid,rur,q3,perm,2030,1.0
C-EEU-SVN,Zone_5A Cool Humid,rur,q3,perm,2035,1.0
C-EEU-SVN,Zone_5A Cool Humid,rur,q3,perm,2040,1.0
C-EEU-SVN,Zone_5A Cool Humid,rur,q3,perm,2045,1.0
C-EEU-SVN,Zone_5A Cool Humid,rur,q3,perm,2050,1.0
C-EEU-SVN,Zone_5A Cool Humid,rur,q3,perm,2055,1.0
C-EEU-SVN,Zone_5A Cool Humid,rur,q3,perm,2060,1.0
C-EEU-SVN,Zone_5A Cool Humid,rur,q3,perm,2065,1.0
C-EEU-SVN,Zone_5A Cool Humid,rur,q3,perm,2070,1.0
C-EEU-SVN,Zone_5A Cool Humid,rur,q3,perm,2075,1.0
C-EEU-SVN,Zone_5A Cool Humid,rur,q3,perm,2080,1.0
C-EEU-SVN,Zone_5A Cool Humid,rur,q3,perm,2085,1.0
C-EEU-SVN,Zone_5A Cool Humid,rur,q3,perm,2090,1.0
C-EEU-SVN,Zone_5A Cool Humid,rur,q3,perm,2095,1.0
C-EEU-SVN,Zone_5A Cool Humid,rur,q3,perm,2100,1.0
C-EEU-SVN,Zone_5A Cool Humid,rur,q3,sub,2015,0.0
C-EEU-SVN,Zone_5A Cool Humid,rur,q3,sub,2020,0.0
C-EEU-SVN,Zone_5A Cool Humid,rur,q3,sub,2025,0.0
C-EEU-SVN,Zone_5A Cool Humid,rur,q3,sub,2030,0.0
C-EEU-SVN,Zone_5A Cool Humid,rur,q3,sub,2035,0.0
C-EEU-SVN,Zone_5A Cool Humid,rur,q3,sub,2040,0.0
C-EEU-SVN,Zone_5A Cool Humid,rur,q3,sub,2045,0.0
C-EEU-SVN,Zone_5A Cool Humid,rur,q3,sub,2050,0.0
C-EEU-SVN,Zone_5A Cool Humid,rur,q3,sub,2055,0.0
C-EEU-SVN,Zone_5A Cool Humid,rur,q3,sub,2060,0.0
C-EEU-SVN,Zone_5A Cool Humid,rur,q3,sub,2065,0.0
C-EEU-SVN,Zone_5A Cool Humid,rur,q3,sub,2070,0.0
C-EEU-SVN,Zone_5A Cool Humid,rur,q3,sub,2075,0.0
C-EEU-SVN,Zone_5A Cool Humid,rur,q3,sub,2080,0.0
C-EEU-SVN,Zone_5A Cool Humid,rur,q3,sub,2085,0.0
C-EEU-SVN,Zone_5A Cool Humid,rur,q3,sub,2090,0.0
C-EEU-SVN,Zone_5A Cool Humid,rur,q3,sub,2095,0.0
C-EEU-SVN,Zone_5A Cool Humid,rur,q3,sub,2100,0.0
C-EEU-SVN,Zone_5A Cool Humid,urb,q1,perm,2015,1.0
C-EEU-SVN,Zone_5A Cool Humid,urb,q1,perm,2020,1.0
C-EEU-SVN,Zone_5A Cool Humid,urb,q1,perm,2025,1.0
C-EEU-SVN,Zone_5A Cool Humid,urb,q1,perm,2030,1.0
C-EEU-SVN,Zone_5A Cool Humid,urb,q1,perm,2035,1.0
C-EEU-SVN,Zone_5A Cool Humid,urb,q1,perm,2040,1.0
C-EEU-SVN,Zone_5A Cool Humid,urb,q1,perm,2045,1.0
C-EEU-SVN,Zone_5A Cool Humid,urb,q1,perm,2050,1.0
C-EEU-SVN,Zone_5A Cool Humid,urb,q1,perm,2055,1.0
C-EEU-SVN,Zone_5A Cool Humid,urb,q1,perm,2060,1.0
C-EEU-SVN,Zone_5A Cool Humid,urb,q1,perm,2065,1.0
C-EEU-SVN,Zone_5A Cool Humid,urb,q1,perm,2070,1.0
C-EEU-SVN,Zone_5A Cool Humid,urb,q1,perm,2075,1.0
C-EEU-SVN,Zone_5A Cool Humid,urb,q1,perm,2080,1.0
C-EEU-SVN,Zone_5A Cool Humid,urb,q1,perm,2085,1.0
C-EEU-SVN,Zone_5A Cool Humid,urb,q1,perm,2090,1.0
C-EEU-SVN,Zone_5A Cool Humid,urb,q1,perm,2095,1.0
C-EEU-SVN,Zone_5A Cool Humid,urb,q1,perm,2100,1.0
C-EEU-SVN,Zone_5A Cool Humid,urb,q1,sub,2015,0.0
C-EEU-SVN,Zone_5A Cool Humid,urb,q1,sub,2020,0.0
C-EEU-SVN,Zone_5A Cool Humid,urb,q1,sub,2025,0.0
C-EEU-SVN,Zone_5A Cool Humid,urb,q1,sub,2030,0.0
C-EEU-SVN,Zone_5A Cool Humid,urb,q1,sub,2035,0.0
C-EEU-SVN,Zone_5A Cool Humid,urb,q1,sub,2040,0.0
C-EEU-SVN,Zone_5A Cool Humid,urb,q1,sub,2045,0.0
C-EEU-SVN,Zone_5A Cool Humid,urb,q1,sub,2050,0.0
C-EEU-SVN,Zone_5A Cool Humid,urb,q1,sub,2055,0.0
C-EEU-SVN,Zone_5A Cool Humid,urb,q1,sub,2060,0.0
C-EEU-SVN,Zone_5A Cool Humid,urb,q1,sub,2065,0.0
C-EEU-SVN,Zone_5A Cool Humid,urb,q1,sub,2070,0.0
C-EEU-SVN,Zone_5A Cool Humid,urb,q1,sub,2075,0.0
C-EEU-SVN,Zone_5A Cool Humid,urb,q1,sub,2080,0.0
C-EEU-SVN,Zone_5A Cool Humid,urb,q1,sub,2085,0.0
C-EEU-SVN,Zone_5A Cool Humid,urb,q1,sub,2090,0.0
C-EEU-SVN,Zone_5A Cool Humid,urb,q1,sub,2095,0.0
C-EEU-SVN,Zone_5A Cool Humid,urb,q1,sub,2100,0.0
C-EEU-SVN,Zone_5A Cool Humid,urb,q2,perm,2015,1.0
C-EEU-SVN,Zone_5A Cool Humid,urb,q2,perm,2020,1.0
C-EEU-SVN,Zone_5A Cool Humid,urb,q2,perm,2025,1.0
C-EEU-SVN,Zone_5A Cool Humid,urb,q2,perm,2030,1.0
C-EEU-SVN,Zone_5A Cool Humid,urb,q2,perm,2035,1.0
C-EEU-SVN,Zone_5A Cool Humid,urb,q2,perm,2040,1.0
C-EEU-SVN,Zone_5A Cool Humid,urb,q2,perm,2045,1.0
C-EEU-SVN,Zone_5A Cool Humid,urb,q2,perm,2050,1.0
C-EEU-SVN,Zone_5A Cool Humid,urb,q2,perm,2055,1.0
C-EEU-SVN,Zone_5A Cool Humid,urb,q2,perm,2060,1.0
C-EEU-SVN,Zone_5A Cool Humid,urb,q2,perm,2065,1.0
C-EEU-SVN,Zone_5A Cool Humid,urb,q2,perm,2070,1.0
C-EEU-SVN,Zone_5A Cool Humid,urb,q2,perm,2075,1.0
C-EEU-SVN,Zone_5A Cool Humid,urb,q2,perm,2080,1.0
C-EEU-SVN,Zone_5A Cool Humid,urb,q2,perm,2085,1.0
C-EEU-SVN,Zone_5A Cool Humid,urb,q2,perm,2090,1.0
C-EEU-SVN,Zone_5A Cool Humid,urb,q2,perm,2095,1.0
C-EEU-SVN,Zone_5A Cool Humid,urb,q2,perm,2100,1.0
C-EEU-SVN,Zone_5A Cool Humid,urb,q2,sub,2015,0.0
C-EEU-SVN,Zone_5A Cool Humid,urb,q2,sub,2020,0.0
C-EEU-SVN,Zone_5A Cool Humid,urb,q2,sub,2025,0.0
C-EEU-SVN,Zone_5A Cool Humid,urb,q2,sub,2030,0.0
C-EEU-SVN,Zone_5A Cool Humid,urb,q2,sub,2035,0.0
C-EEU-SVN,Zone_5A Cool Humid,urb,q2,sub,2040,0.0
C-EEU-SVN,Zone_5A Cool Humid,urb,q2,sub,2045,0.0
C-EEU-SVN,Zone_5A Cool Humid,urb,q2,sub,2050,0.0
C-EEU-SVN,Zone_5A Cool Humid,urb,q2,sub,2055,0.0
C-EEU-SVN,Zone_5A Cool Humid,urb,q2,sub,2060,0.0
C-EEU-SVN,Zone_5A Cool Humid,urb,q2,sub,2065,0.0
C-EEU-SVN,Zone_5A Cool Humid,urb,q2,sub,2070,0.0
C-EEU-SVN,Zone_5A Cool Humid,urb,q2,sub,2075,0.0
C-EEU-SVN,Zone_5A Cool Humid,urb,q2,sub,2080,0.0
C-EEU-SVN,Zone_5A Cool Humid,urb,q2,sub,2085,0.0
C-EEU-SVN,Zone_5A Cool Humid,urb,q2,sub,2090,0.0
C-EEU-SVN,Zone_5A Cool Humid,urb,q2,sub,2095,0.0
C-EEU-SVN,Zone_5A Cool Humid,urb,q2,sub,2100,0.0
C-EEU-SVN,Zone_5A Cool Humid,urb,q3,perm,2015,1.0
C-EEU-SVN,Zone_5A Cool Humid,urb,q3,perm,2020,1.0
C-EEU-SVN,Zone_5A Cool Humid,urb,q3,perm,2025,1.0
C-EEU-SVN,Zone_5A Cool Humid,urb,q3,perm,2030,1.0
C-EEU-SVN,Zone_5A Cool Humid,urb,q3,perm,2035,1.0
C-EEU-SVN,Zone_5A Cool Humid,urb,q3,perm,2040,1.0
C-EEU-SVN,Zone_5A Cool Humid,urb,q3,perm,2045,1.0
C-EEU-SVN,Zone_5A Cool Humid,urb,q3,perm,2050,1.0
C-EEU-SVN,Zone_5A Cool Humid,urb,q3,perm,2055,1.0
C-EEU-SVN,Zone_5A Cool Humid,urb,q3,perm,2060,1.0
C-EEU-SVN,Zone_5A Cool Humid,urb,q3,perm,2065,1.0
C-EEU-SVN,Zone_5A Cool Humid,urb,q3,perm,2070,1.0
C-EEU-SVN,Zone_5A Cool Humid,urb,q3,perm,2075,1.0
C-EEU-SVN,Zone_5A Cool Humid,urb,q3,perm,2080,1.0
C-EEU-SVN,Zone_5A Cool Humid,urb,q3,perm,2085,1.0
C-EEU-SVN,Zone_5A Cool Humid,urb,q3,perm,2090,1.0
C-EEU-SVN,Zone_5A Cool Humid,urb,q3,perm,2095,1.0
C-EEU-SVN,Zone_5A Cool Humid,urb,q3,perm,2100,1.0
C-EEU-SVN,Zone_5A Cool Humid,urb,q3,sub,2015,0.0
C-EEU-SVN,Zone_5A Cool Humid,urb,q3,sub,2020,0.0
C-EEU-SVN,Zone_5A Cool Humid,urb,q3,sub,2025,0.0
C-EEU-SVN,Zone_5A Cool Humid,urb,q3,sub,2030,0.0
C-EEU-SVN,Zone_5A Cool Humid,urb,q3,sub,2035,0.0
C-EEU-SVN,Zone_5A Cool Humid,urb,q3,sub,2040,0.0
C-EEU-SVN,Zone_5A Cool Humid,urb,q3,sub,2045,0.0
C-EEU-SVN,Zone_5A Cool Humid,urb,q3,sub,2050,0.0
C-EEU-SVN,Zone_5A Cool Humid,urb,q3,sub,2055,0.0
C-EEU-SVN,Zone_5A Cool Humid,urb,q3,sub,2060,0.0
C-EEU-SVN,Zone_5A Cool Humid,urb,q3,sub,2065,0.0
C-EEU-SVN,Zone_5A Cool Humid,urb,q3,sub,2070,0.0
C-EEU-SVN,Zone_5A Cool Humid,urb,q3,sub,2075,0.0
C-EEU-SVN,Zone_5A Cool Humid,urb,q3,sub,2080,0.0
C-EEU-SVN,Zone_5A Cool Humid,urb,q3,sub,2085,0.0
C-EEU-SVN,Zone_5A Cool Humid,urb,q3,sub,2090,0.0
C-EEU-SVN,Zone_5A Cool Humid,urb,q3,sub,2095,0.0
C-EEU-SVN,Zone_5A Cool Humid,urb,q3,sub,2100,0.0
C-EEU-SVN,Zone_7A Very cold Humid,rur,q1,perm,2015,0.056639093163674666
C-EEU-SVN,Zone_7A Very cold Humid,rur,q1,perm,2020,0.056639093163674666
C-EEU-SVN,Zone_7A Very cold Humid,rur,q1,perm,2025,0.055936945087472
C-EEU-SVN,Zone_7A Very cold Humid,rur,q1,perm,2030,0.05522334739951459
C-EEU-SVN,Zone_7A Very cold Humid,rur,q1,perm,2035,0.05465172829466293
C-EEU-SVN,Zone_7A Very cold Humid,rur,q1,perm,2040,0.05420519442256853
C-EEU-SVN,Zone_7A Very cold Humid,rur,q1,perm,2045,0.05380398266194265
C-EEU-SVN,Zone_7A Very cold Humid,rur,q1,perm,2050,0.05341986126472025
C-EEU-SVN,Zone_7A Very cold Humid,rur,q1,perm,2055,0.05308464402073979
C-EEU-SVN,Zone_7A Very cold Humid,rur,q1,perm,2060,0.05273780613176441
C-EEU-SVN,Zone_7A Very cold Humid,rur,q1,perm,2065,0.05242554265266869
C-EEU-SVN,Zone_7A Very cold Humid,rur,q1,perm,2070,0.05215355090010371
C-EEU-SVN,Zone_7A Very cold Humid,rur,q1,perm,2075,0.05197368321819303
C-EEU-SVN,Zone_7A Very cold Humid,rur,q1,perm,2080,0.051869901531442254
C-EEU-SVN,Zone_7A Very cold Humid,rur,q1,perm,2085,0.051816352864596286
C-EEU-SVN,Zone_7A Very cold Humid,rur,q1,perm,2090,0.051765625264159086
C-EEU-SVN,Zone_7A Very cold Humid,rur,q1,perm,2095,0.0517089871488582
C-EEU-SVN,Zone_7A Very cold Humid,rur,q1,perm,2100,0.051630645993336145
C-EEU-SVN,Zone_7A Very cold Humid,rur,q1,sub,2015,0.0
C-EEU-SVN,Zone_7A Very cold Humid,rur,q1,sub,2020,0.0
C-EEU-SVN,Zone_7A Very cold Humid,rur,q1,sub,2025,0.0
C-EEU-SVN,Zone_7A Very cold Humid,rur,q1,sub,2030,0.0
C-EEU-SVN,Zone_7A Very cold Humid,rur,q1,sub,2035,0.0
C-EEU-SVN,Zone_7A Very cold Humid,rur,q1,sub,2040,0.0
C-EEU-SVN,Zone_7A Very cold Humid,rur,q1,sub,2045,0.0
C-EEU-SVN,Zone_7A Very cold Humid,rur,q1,sub,2050,0.0
C-EEU-SVN,Zone_7A Very cold Humid,rur,q1,sub,2055,0.0
C-EEU-SVN,Zone_7A Very cold Humid,rur,q1,sub,2060,0.0
C-EEU-SVN,Zone_7A Very cold Humid,rur,q1,sub,2065,0.0
C-EEU-SVN,Zone_7A Very cold Humid,rur,q1,sub,2070,0.0
C-EEU-SVN,Zone_7A Very cold Humid,rur,q1,sub,2075,0.0
C-EEU-SVN,Zone_7A Very cold Humid,rur,q1,sub,2080,0.0
C-EEU-SVN,Zone_7A Very cold Humid,rur,q1,sub,2085,0.0
C-EEU-SVN,Zone_7A Very cold Humid,rur,q1,sub,2090,0.0
C-EEU-SVN,Zone_7A Very cold Humid,rur,q1,sub,2095,0.0
C-EEU-SVN,Zone_7A Very cold Humid,rur,q1,sub,2100,0.0
C-EEU-SVN,Zone_7A Very cold Humid,rur,q2,perm,2015,0.056639093163674666
C-EEU-SVN,Zone_7A Very cold Humid,rur,q2,perm,2020,0.056639093163674666
C-EEU-SVN,Zone_7A Very cold Humid,rur,q2,perm,2025,0.055936945087472
C-EEU-SVN,Zone_7A Very cold Humid,rur,q2,perm,2030,0.05522334739951459
C-EEU-SVN,Zone_7A Very cold Humid,rur,q2,perm,2035,0.05465172829466293
C-EEU-SVN,Zone_7A Very cold Humid,rur,q2,perm,2040,0.05420519442256853
C-EEU-SVN,Zone_7A Very cold Humid,rur,q2,perm,2045,0.05380398266194265
C-EEU-SVN,Zone_7A Very cold Humid,rur,q2,perm,2050,0.05341986126472025
C-EEU-SVN,Zone_7A Very cold Humid,rur,q2,perm,2055,0.05308464402073979
C-EEU-SVN,Zone_7A Very cold Humid,rur,q2,perm,2060,0.05273780613176441
C-EEU-SVN,Zone_7A Very cold Humid,rur,q2,perm,2065,0.05242554265266869
C-EEU-SVN,Zone_7A Very cold Humid,rur,q2,perm,2070,0.05215355090010371
C-EEU-SVN,Zone_7A Very cold Humid,rur,q2,perm,2075,0.05197368321819303
C-EEU-SVN,Zone_7A Very cold Humid,rur,q2,perm,2080,0.051869901531442254
C-EEU-SVN,Zone_7A Very cold Humid,rur,q2,perm,2085,0.051816352864596286
C-EEU-SVN,Zone_7A Very cold Humid,rur,q2,perm,2090,0.051765625264159086
C-EEU-SVN,Zone_7A Very cold Humid,rur,q2,perm,2095,0.0517089871488582
C-EEU-SVN,Zone_7A Very cold Humid,rur,q2,perm,2100,0.051630645993336145
C-EEU-SVN,Zone_7A Very cold Humid,rur,q2,sub,2015,0.0
C-EEU-SVN,Zone_7A Very cold Humid,rur,q2,sub,2020,0.0
C-EEU-SVN,Zone_7A Very cold Humid,rur,q2,sub,2025,0.0
C-EEU-SVN,Zone_7A Very cold Humid,rur,q2,sub,2030,0.0
C-EEU-SVN,Zone_7A Very cold Humid,rur,q2,sub,2035,0.0
C-EEU-SVN,Zone_7A Very cold Humid,rur,q2,sub,2040,0.0
C-EEU-SVN,Zone_7A Very cold Humid,rur,q2,sub,2045,0.0
C-EEU-SVN,Zone_7A Very cold Humid,rur,q2,sub,2050,0.0
C-EEU-SVN,Zone_7A Very cold Humid,rur,q2,sub,2055,0.0
C-EEU-SVN,Zone_7A Very cold Humid,rur,q2,sub,2060,0.0
C-EEU-SVN,Zone_7A Very cold Humid,rur,q2,sub,2065,0.0
C-EEU-SVN,Zone_7A Very cold Humid,rur,q2,sub,2070,0.0
C-EEU-SVN,Zone_7A Very cold Humid,rur,q2,sub,2075,0.0
C-EEU-SVN,Zone_7A Very cold Humid,rur,q2,sub,2080,0.0
C-EEU-SVN,Zone_7A Very cold Humid,rur,q2,sub,2085,0.0
C-EEU-SVN,Zone_7A Very cold Humid,rur,q2,sub,2090,0.0
C-EEU-SVN,Zone_7A Very cold Humid,rur,q2,sub,2095,0.0
C-EEU-SVN,Zone_7A Very cold Humid,rur,q2,sub,2100,0.0
C-EEU-SVN,Zone_7A Very cold Humid,rur,q3,perm,2015,0.056639093163674666
C-EEU-SVN,Zone_7A Very cold Humid,rur,q3,perm,2020,0.056639093163674666
C-EEU-SVN,Zone_7A Very cold Humid,rur,q3,perm,2025,0.055936945087472
C-EEU-SVN,Zone_7A Very cold Humid,rur,q3,perm,2030,0.05522334739951459
C-EEU-SVN,Zone_7A Very cold Humid,rur,q3,perm,2035,0.05465172829466293
C-EEU-SVN,Zone_7A Very cold Humid,rur,q3,perm,2040,0.05420519442256853
C-EEU-SVN,Zone_7A Very cold Humid,rur,q3,perm,2045,0.05380398266194265
C-EEU-SVN,Zone_7A Very cold Humid,rur,q3,perm,2050,0.05341986126472025
C-EEU-SVN,Zone_7A Very cold Humid,rur,q3,perm,2055,0.05308464402073979
C-EEU-SVN,Zone_7A Very cold Humid,rur,q3,perm,2060,0.05273780613176441
C-EEU-SVN,Zone_7A Very cold Humid,rur,q3,perm,2065,0.05242554265266869
C-EEU-SVN,Zone_7A Very cold Humid,rur,q3,perm,2070,0.05215355090010371
C-EEU-SVN,Zone_7A Very cold Humid,rur,q3,perm,2075,0.05197368321819303
C-EEU-SVN,Zone_7A Very cold Humid,rur,q3,perm,2080,0.051869901531442254
C-EEU-SVN,Zone_7A Very cold Humid,rur,q3,perm,2085,0.051816352864596286
C-EEU-SVN,Zone_7A Very cold Humid,rur,q3,perm,2090,0.051765625264159086
C-EEU-SVN,Zone_7A Very cold Humid,rur,q3,perm,2095,0.0517089871488582
C-EEU-SVN,Zone_7A Very cold Humid,rur,q3,perm,2100,0.051630645993336145
C-EEU-SVN,Zone_7A Very cold Humid,rur,q3,sub,2015,0.0
C-EEU-SVN,Zone_7A Very cold Humid,rur,q3,sub,2020,0.0
C-EEU-SVN,Zone_7A Very cold Humid,rur,q3,sub,2025,0.0
C-EEU-SVN,Zone_7A Very cold Humid,rur,q3,sub,2030,0.0
C-EEU-SVN,Zone_7A Very cold Humid,rur,q3,sub,2035,0.0
C-EEU-SVN,Zone_7A Very cold Humid,rur,q3,sub,2040,0.0
C-EEU-SVN,Zone_7A Very cold Humid,rur,q3,sub,2045,0.0
C-EEU-SVN,Zone_7A Very cold Humid,rur,q3,sub,2050,0.0
C-EEU-SVN,Zone_7A Very cold Humid,rur,q3,sub,2055,0.0
C-EEU-SVN,Zone_7A Very cold Humid,rur,q3,sub,2060,0.0
C-EEU-SVN,Zone_7A Very cold Humid,rur,q3,sub,2065,0.0
C-EEU-SVN,Zone_7A Very cold Humid,rur,q3,sub,2070,0.0
C-EEU-SVN,Zone_7A Very cold Humid,rur,q3,sub,2075,0.0
C-EEU-SVN,Zone_7A Very cold Humid,rur,q3,sub,2080,0.0
C-EEU-SVN,Zone_7A Very cold Humid,rur,q3,sub,2085,0.0
C-EEU-SVN,Zone_7A Very cold Humid,rur,q3,sub,2090,0.0
C-EEU-SVN,Zone_7A Very cold Humid,rur,q3,sub,2095,0.0
C-EEU-SVN,Zone_7A Very cold Humid,rur,q3,sub,2100,0.0
C-EEU-SVN,Zone_7A Very cold Humid,urb,q1,perm,2015,0.05663909316367467
C-EEU-SVN,Zone_7A Very cold Humid,urb,q1,perm,2020,0.05663909316367467
C-EEU-SVN,Zone_7A Very cold Humid,urb,q1,perm,2025,0.05593694508747196
C-EEU-SVN,Zone_7A Very cold Humid,urb,q1,perm,2030,0.05522334739951458
C-EEU-SVN,Zone_7A Very cold Humid,urb,q1,perm,2035,0.054651728294663
C-EEU-SVN,Zone_7A Very cold Humid,urb,q1,perm,2040,0.05420519442256865
C-EEU-SVN,Zone_7A Very cold Humid,urb,q1,perm,2045,0.05380398266194265
C-EEU-SVN,Zone_7A Very cold Humid,urb,q1,perm,2050,0.053419861264720196
C-EEU-SVN,Zone_7A Very cold Humid,urb,q1,perm,2055,0.05308464402073986
C-EEU-SVN,Zone_7A Very cold Humid,urb,q1,perm,2060,0.05273780613176448
C-EEU-SVN,Zone_7A Very cold Humid,urb,q1,perm,2065,0.05242554265266879
C-EEU-SVN,Zone_7A Very cold Humid,urb,q1,perm,2070,0.05215355090010372
C-EEU-SVN,Zone_7A Very cold Humid,urb,q1,perm,2075,0.05197368321819318
C-EEU-SVN,Zone_7A Very cold Humid,urb,q1,perm,2080,0.05186990153144228
C-EEU-SVN,Zone_7A Very cold Humid,urb,q1,perm,2085,0.051816352864596404
C-EEU-SVN,Zone_7A Very cold Humid,urb,q1,perm,2090,0.0517656252641592
C-EEU-SVN,Zone_7A Very cold Humid,urb,q1,perm,2095,0.05170898714885835
C-EEU-SVN,Zone_7A Very cold Humid,urb,q1,perm,2100,0.05163064599333636
C-EEU-SVN,Zone_7A Very cold Humid,urb,q1,sub,2015,0.0
C-EEU-SVN,Zone_7A Very cold Humid,urb,q1,sub,2020,0.0
C-EEU-SVN,Zone_7A Very cold Humid,urb,q1,sub,2025,0.0
C-EEU-SVN,Zone_7A Very cold Humid,urb,q1,sub,2030,0.0
C-EEU-SVN,Zone_7A Very cold Humid,urb,q1,sub,2035,0.0
C-EEU-SVN,Zone_7A Very cold Humid,urb,q1,sub,2040,0.0
C-EEU-SVN,Zone_7A Very cold Humid,urb,q1,sub,2045,0.0
C-EEU-SVN,Zone_7A Very cold Humid,urb,q1,sub,2050,0.0
C-EEU-SVN,Zone_7A Very cold Humid,urb,q1,sub,2055,0.0
C-EEU-SVN,Zone_7A Very cold Humid,urb,q1,sub,2060,0.0
C-EEU-SVN,Zone_7A Very cold Humid,urb,q1,sub,2065,0.0
C-EEU-SVN,Zone_7A Very cold Humid,urb,q1,sub,2070,0.0
C-EEU-SVN,Zone_7A Very cold Humid,urb,q1,sub,2075,0.0
C-EEU-SVN,Zone_7A Very cold Humid,urb,q1,sub,2080,0.0
C-EEU-SVN,Zone_7A Very cold Humid,urb,q1,sub,2085,0.0
C-EEU-SVN,Zone_7A Very cold Humid,urb,q1,sub,2090,0.0
C-EEU-SVN,Zone_7A Very cold Humid,urb,q1,sub,2095,0.0
C-EEU-SVN,Zone_7A Very cold Humid,urb,q1,sub,2100,0.0
C-EEU-SVN,Zone_7A Very cold Humid,urb,q2,perm,2015,0.05663909316367467
C-EEU-SVN,Zone_7A Very cold Humid,urb,q2,perm,2020,0.05663909316367467
C-EEU-SVN,Zone_7A Very cold Humid,urb,q2,perm,2025,0.05593694508747196
C-EEU-SVN,Zone_7A Very cold Humid,urb,q2,perm,2030,0.05522334739951458
C-EEU-SVN,Zone_7A Very cold Humid,urb,q2,perm,2035,0.054651728294663
C-EEU-SVN,Zone_7A Very cold Humid,urb,q2,perm,2040,0.05420519442256865
C-EEU-SVN,Zone_7A Very cold Humid,urb,q2,perm,2045,0.05380398266194265
C-EEU-SVN,Zone_7A Very cold Humid,urb,q2,perm,2050,0.053419861264720196
C-EEU-SVN,Zone_7A Very cold Humid,urb,q2,perm,2055,0.05308464402073986
C-EEU-SVN,Zone_7A Very cold Humid,urb,q2,perm,2060,0.05273780613176448
C-EEU-SVN,Zone_7A Very cold Humid,urb,q2,perm,2065,0.05242554265266879
C-EEU-SVN,Zone_7A Very cold Humid,urb,q2,perm,2070,0.05215355090010372
C-EEU-SVN,Zone_7A Very cold Humid,urb,q2,perm,2075,0.05197368321819318
C-EEU-SVN,Zone_7A Very cold Humid,urb,q2,perm,2080,0.05186990153144228
C-EEU-SVN,Zone_7A Very cold Humid,urb,q2,perm,2085,0.051816352864596404
C-EEU-SVN,Zone_7A Very cold Humid,urb,q2,perm,2090,0.0517656252641592
C-EEU-SVN,Zone_7A Very cold Humid,urb,q2,perm,2095,0.05170898714885835
C-EEU-SVN,Zone_7A Very cold Humid,urb,q2,perm,2100,0.05163064599333636
C-EEU-SVN,Zone_7A Very cold Humid,urb,q2,sub,2015,0.0
C-EEU-SVN,Zone_7A Very cold Humid,urb,q2,sub,2020,0.0
C-EEU-SVN,Zone_7A Very cold Humid,urb,q2,sub,2025,0.0
C-EEU-SVN,Zone_7A Very cold Humid,urb,q2,sub,2030,0.0
C-EEU-SVN,Zone_7A Very cold Humid,urb,q2,sub,2035,0.0
C-EEU-SVN,Zone_7A Very cold Humid,urb,q2,sub,2040,0.0
C-EEU-SVN,Zone_7A Very cold Humid,urb,q2,sub,2045,0.0
C-EEU-SVN,Zone_7A Very cold Humid,urb,q2,sub,2050,0.0
C-EEU-SVN,Zone_7A Very cold Humid,urb,q2,sub,2055,0.0
C-EEU-SVN,Zone_7A Very cold Humid,urb,q2,sub,2060,0.0
C-EEU-SVN,Zone_7A Very cold Humid,urb,q2,sub,2065,0.0
C-EEU-SVN,Zone_7A Very cold Humid,urb,q2,sub,2070,0.0
C-EEU-SVN,Zone_7A Very cold Humid,urb,q2,sub,2075,0.0
C-EEU-SVN,Zone_7A Very cold Humid,urb,q2,sub,2080,0.0
C-EEU-SVN,Zone_7A Very cold Humid,urb,q2,sub,2085,0.0
C-EEU-SVN,Zone_7A Very cold Humid,urb,q2,sub,2090,0.0
C-EEU-SVN,Zone_7A Very cold Humid,urb,q2,sub,2095,0.0
C-EEU-SVN,Zone_7A Very cold Humid,urb,q2,sub,2100,0.0
C-EEU-SVN,Zone_7A Very cold Humid,urb,q3,perm,2015,0.05663909316367467
C-EEU-SVN,Zone_7A Very cold Humid,urb,q3,perm,2020,0.05663909316367467
C-EEU-SVN,Zone_7A Very cold Humid,urb,q3,perm,2025,0.05593694508747196
C-EEU-SVN,Zone_7A Very cold Humid,urb,q3,perm,2030,0.05522334739951458
C-EEU-SVN,Zone_7A Very cold Humid,urb,q3,perm,2035,0.054651728294663
C-EEU-SVN,Zone_7A Very cold Humid,urb,q3,perm,2040,0.05420519442256865
C-EEU-SVN,Zone_7A Very cold Humid,urb,q3,perm,2045,0.05380398266194265
C-EEU-SVN,Zone_7A Very cold Humid,urb,q3,perm,2050,0.053419861264720196
C-EEU-SVN,Zone_7A Very cold Humid,urb,q3,perm,2055,0.05308464402073986
C-EEU-SVN,Zone_7A Very cold Humid,urb,q3,perm,2060,0.05273780613176448
C-EEU-SVN,Zone_7A Very cold Humid,urb,q3,perm,2065,0.05242554265266879
C-EEU-SVN,Zone_7A Very cold Humid,urb,q3,perm,2070,0.05215355090010372
C-EEU-SVN,Zone_7A Very cold Humid,urb,q3,perm,2075,0.05197368321819318
C-EEU-SVN,Zone_7A Very cold Humid,urb,q3,perm,2080,0.05186990153144228
C-EEU-SVN,Zone_7A Very cold Humid,urb,q3,perm,2085,0.051816352864596404
C-EEU-SVN,Zone_7A Very cold Humid,urb,q3,perm,2090,0.0517656252641592
C-EEU-SVN,Zone_7A Very cold Humid,urb,q3,perm,2095,0.05170898714885835
C-EEU-SVN,Zone_7A Very cold Humid,urb,q3,perm,2100,0.05163064599333636
C-EEU-SVN,Zone_7A Very cold Humid,urb,q3,sub,2015,0.0
C-EEU-SVN,Zone_7A Very cold Humid,urb,q3,sub,2020,0.0
C-EEU-SVN,Zone_7A Very cold Humid,urb,q3,sub,2025,0.0
C-EEU-SVN,Zone_7A Very cold Humid,urb,q3,sub,2030,0.0
C-EEU-SVN,Zone_7A Very cold Humid,urb,q3,sub,2035,0.0
C-EEU-SVN,Zone_7A Very cold Humid,urb,q3,sub,2040,0.0
C-EEU-SVN,Zone_7A Very cold Humid,urb,q3,sub,2045,0.0
C-EEU-SVN,Zone_7A Very cold Humid,urb,q3,sub,2050,0.0
C-EEU-SVN,Zone_7A Very cold Humid,urb,q3,sub,2055,0.0
C-EEU-SVN,Zone_7A Very cold Humid,urb,q3,sub,2060,0.0
C-EEU-SVN,Zone_7A Very cold Humid,urb,q3,sub,2065,0.0
C-EEU-SVN,Zone_7A Very cold Humid,urb,q3,sub,2070,0.0
C-EEU-SVN,Zone_7A Very cold Humid,urb,q3,sub,2075,0.0
C-EEU-SVN,Zone_7A Very cold Humid,urb,q3,sub,2080,0.0
C-EEU-SVN,Zone_7A Very cold Humid,urb,q3,sub,2085,0.0
C-EEU-SVN,Zone_7A Very cold Humid,urb,q3,sub,2090,0.0
C-EEU-SVN,Zone_7A Very cold Humid,urb,q3,sub,2095,0.0
C-EEU-SVN,Zone_7A Very cold Humid,urb,q3,sub,2100,0.0
C-WEU-AUT,Zone_4A Mixed Humid,rur,q1,perm,2015,1.0
C-WEU-AUT,Zone_4A Mixed Humid,rur,q1,perm,2020,1.0
C-WEU-AUT,Zone_4A Mixed Humid,rur,q1,perm,2025,1.0
C-WEU-AUT,Zone_4A Mixed Humid,rur,q1,perm,2030,1.0
C-WEU-AUT,Zone_4A Mixed Humid,rur,q1,perm,2035,1.0
C-WEU-AUT,Zone_4A Mixed Humid,rur,q1,perm,2040,1.0
C-WEU-AUT,Zone_4A Mixed Humid,rur,q1,perm,2045,1.0
C-WEU-AUT,Zone_4A Mixed Humid,rur,q1,perm,2050,1.0
C-WEU-AUT,Zone_4A Mixed Humid,rur,q1,perm,2055,1.0
C-WEU-AUT,Zone_4A Mixed Humid,rur,q1,perm,2060,1.0
C-WEU-AUT,Zone_4A Mixed Humid,rur,q1,perm,2065,1.0
C-WEU-AUT,Zone_4A Mixed Humid,rur,q1,perm,2070,1.0
C-WEU-AUT,Zone_4A Mixed Humid,rur,q1,perm,2075,1.0
C-WEU-AUT,Zone_4A Mixed Humid,rur,q1,perm,2080,1.0
C-WEU-AUT,Zone_4A Mixed Humid,rur,q1,perm,2085,1.0
C-WEU-AUT,Zone_4A Mixed Humid,rur,q1,perm,2090,1.0
C-WEU-AUT,Zone_4A Mixed Humid,rur,q1,perm,2095,1.0
C-WEU-AUT,Zone_4A Mixed Humid,rur,q1,perm,2100,1.0
C-WEU-AUT,Zone_4A Mixed Humid,rur,q1,sub,2015,0.0
C-WEU-AUT,Zone_4A Mixed Humid,rur,q1,sub,2020,0.0
C-WEU-AUT,Zone_4A Mixed Humid,rur,q1,sub,2025,0.0
C-WEU-AUT,Zone_4A Mixed Humid,rur,q1,sub,2030,0.0
C-WEU-AUT,Zone_4A Mixed Humid,rur,q1,sub,2035,0.0
C-WEU-AUT,Zone_4A Mixed Humid,rur,q1,sub,2040,0.0
C-WEU-AUT,Zone_4A Mixed Humid,rur,q1,sub,2045,0.0
C-WEU-AUT,Zone_4A Mixed Humid,rur,q1,sub,2050,0.0
C-WEU-AUT,Zone_4A Mixed Humid,rur,q1,sub,2055,0.0
C-WEU-AUT,Zone_4A Mixed Humid,rur,q1,sub,2060,0.0
C-WEU-AUT,Zone_4A Mixed Humid,rur,q1,sub,2065,0.0
C-WEU-AUT,Zone_4A Mixed Humid,rur,q1,sub,2070,0.0
C-WEU-AUT,Zone_4A Mixed Humid,rur,q1,sub,2075,0.0
C-WEU-AUT,Zone_4A Mixed Humid,rur,q1,sub,2080,0.0
C-WEU-AUT,Zone_4A Mixed Humid,rur,q1,sub,2085,0.0
C-WEU-AUT,Zone_4A Mixed Humid,rur,q1,sub,2090,0.0
C-WEU-AUT,Zone_4A Mixed Humid,rur,q1,sub,2095,0.0
C-WEU-AUT,Zone_4A Mixed Humid,rur,q1,sub,2100,0.0
C-WEU-AUT,Zone_4A Mixed Humid,rur,q2,perm,2015,1.0
C-WEU-AUT,Zone_4A Mixed Humid,rur,q2,perm,2020,1.0
C-WEU-AUT,Zone_4A Mixed Humid,rur,q2,perm,2025,1.0
C-WEU-AUT,Zone_4A Mixed Humid,rur,q2,perm,2030,1.0
C-WEU-AUT,Zone_4A Mixed Humid,rur,q2,perm,2035,1.0
C-WEU-AUT,Zone_4A Mixed Humid,rur,q2,perm,2040,1.0
C-WEU-AUT,Zone_4A Mixed Humid,rur,q2,perm,2045,1.0
C-WEU-AUT,Zone_4A Mixed Humid,rur,q2,perm,2050,1.0
C-WEU-AUT,Zone_4A Mixed Humid,rur,q2,perm,2055,1.0
C-WEU-AUT,Zone_4A Mixed Humid,rur,q2,perm,2060,1.0
C-WEU-AUT,Zone_4A Mixed Humid,rur,q2,perm,2065,1.0
C-WEU-AUT,Zone_4A Mixed Humid,rur,q2,perm,2070,1.0
C-WEU-AUT,Zone_4A Mixed Humid,rur,q2,perm,2075,1.0
C-WEU-AUT,Zone_4A Mixed Humid,rur,q2,perm,2080,1.0
C-WEU-AUT,Zone_4A Mixed Humid,rur,q2,perm,2085,1.0
C-WEU-AUT,Zone_4A Mixed Humid,rur,q2,perm,2090,1.0
C-WEU-AUT,Zone_4A Mixed Humid,rur,q2,perm,2095,1.0
C-WEU-AUT,Zone_4A Mixed Humid,rur,q2,perm,2100,1.0
C-WEU-AUT,Zone_4A Mixed Humid,rur,q2,sub,2015,0.0
C-WEU-AUT,Zone_4A Mixed Humid,rur,q2,sub,2020,0.0
C-WEU-AUT,Zone_4A Mixed Humid,rur,q2,sub,2025,0.0
C-WEU-AUT,Zone_4A Mixed Humid,rur,q2,sub,2030,0.0
C-WEU-AUT,Zone_4A Mixed Humid,rur,q2,sub,2035,0.0
C-WEU-AUT,Zone_4A Mixed Humid,rur,q2,sub,2040,0.0
C-WEU-AUT,Zone_4A Mixed Humid,rur,q2,sub,2045,0.0
C-WEU-AUT,Zone_4A Mixed Humid,rur,q2,sub,2050,0.0
C-WEU-AUT,Zone_4A Mixed Humid,rur,q2,sub,2055,0.0
C-WEU-AUT,Zone_4A Mixed Humid,rur,q2,sub,2060,0.0
C-WEU-AUT,Zone_4A Mixed Humid,rur,q2,sub,2065,0.0
C-WEU-AUT,Zone_4A Mixed Humid,rur,q2,sub,2070,0.0
C-WEU-AUT,Zone_4A Mixed Humid,rur,q2,sub,2075,0.0
C-WEU-AUT,Zone_4A Mixed Humid,rur,q2,sub,2080,0.0
C-WEU-AUT,Zone_4A Mixed Humid,rur,q2,sub,2085,0.0
C-WEU-AUT,Zone_4A Mixed Humid,rur,q2,sub,2090,0.0
C-WEU-AUT,Zone_4A Mixed Humid,rur,q2,sub,2095,0.0
C-WEU-AUT,Zone_4A Mixed Humid,rur,q2,sub,2100,0.0
C-WEU-AUT,Zone_4A Mixed Humid,rur,q3,perm,2015,1.0
C-WEU-AUT,Zone_4A Mixed Humid,rur,q3,perm,2020,1.0
C-WEU-AUT,Zone_4A Mixed Humid,rur,q3,perm,2025,1.0
C-WEU-AUT,Zone_4A Mixed Humid,rur,q3,perm,2030,1.0
C-WEU-AUT,Zone_4A Mixed Humid,rur,q3,perm,2035,1.0
C-WEU-AUT,Zone_4A Mixed Humid,rur,q3,perm,2040,1.0
C-WEU-AUT,Zone_4A Mixed Humid,rur,q3,perm,2045,1.0
C-WEU-AUT,Zone_4A Mixed Humid,rur,q3,perm,2050,1.0
C-WEU-AUT,Zone_4A Mixed Humid,rur,q3,perm,2055,1.0
C-WEU-AUT,Zone_4A Mixed Humid,rur,q3,perm,2060,1.0
C-WEU-AUT,Zone_4A Mixed Humid,rur,q3,perm,2065,1.0
C-WEU-AUT,Zone_4A Mixed Humid,rur,q3,perm,2070,1.0
C-WEU-AUT,Zone_4A Mixed Humid,rur,q3,perm,2075,1.0
C-WEU-AUT,Zone_4A Mixed Humid,rur,q3,perm,2080,1.0
C-WEU-AUT,Zone_4A Mixed Humid,rur,q3,perm,2085,1.0
C-WEU-AUT,Zone_4A Mixed Humid,rur,q3,perm,2090,1.0
C-WEU-AUT,Zone_4A Mixed Humid,rur,q3,perm,2095,1.0
C-WEU-AUT,Zone_4A Mixed Humid,rur,q3,perm,2100,1.0
C-WEU-AUT,Zone_4A Mixed Humid,rur,q3,sub,2015,0.0
C-WEU-AUT,Zone_4A Mixed Humid,rur,q3,sub,2020,0.0
C-WEU-AUT,Zone_4A Mixed Humid,rur,q3,sub,2025,0.0
C-WEU-AUT,Zone_4A Mixed Humid,rur,q3,sub,2030,0.0
C-WEU-AUT,Zone_4A Mixed Humid,rur,q3,sub,2035,0.0
C-WEU-AUT,Zone_4A Mixed Humid,rur,q3,sub,2040,0.0
C-WEU-AUT,Zone_4A Mixed Humid,rur,q3,sub,2045,0.0
C-WEU-AUT,Zone_4A Mixed Humid,rur,q3,sub,2050,0.0
C-WEU-AUT,Zone_4A Mixed Humid,rur,q3,sub,2055,0.0
C-WEU-AUT,Zone_4A Mixed Humid,rur,q3,sub,2060,0.0
C-WEU-AUT,Zone_4A Mixed Humid,rur,q3,sub,2065,0.0
C-WEU-AUT,Zone_4A Mixed Humid,rur,q3,sub,2070,0.0
C-WEU-AUT,Zone_4A Mixed Humid,rur,q3,sub,2075,0.0
C-WEU-AUT,Zone_4A Mixed Humid,rur,q3,sub,2080,0.0
C-WEU-AUT,Zone_4A Mixed Humid,rur,q3,sub,2085,0.0
C-WEU-AUT,Zone_4A Mixed Humid,rur,q3,sub,2090,0.0
C-WEU-AUT,Zone_4A Mixed Humid,rur,q3,sub,2095,0.0
C-WEU-AUT,Zone_4A Mixed Humid,rur,q3,sub,2100,0.0
C-WEU-AUT,Zone_4A Mixed Humid,urb,q1,perm,2015,1.0
C-WEU-AUT,Zone_4A Mixed Humid,urb,q1,perm,2020,1.0
C-WEU-AUT,Zone_4A Mixed Humid,urb,q1,perm,2025,1.0
C-WEU-AUT,Zone_4A Mixed Humid,urb,q1,perm,2030,1.0
C-WEU-AUT,Zone_4A Mixed Humid,urb,q1,perm,2035,1.0
C-WEU-AUT,Zone_4A Mixed Humid,urb,q1,perm,2040,1.0
C-WEU-AUT,Zone_4A Mixed Humid,urb,q1,perm,2045,1.0
C-WEU-AUT,Zone_4A Mixed Humid,urb,q1,perm,2050,1.0
C-WEU-AUT,Zone_4A Mixed Humid,urb,q1,perm,2055,1.0
C-WEU-AUT,Zone_4A Mixed Humid,urb,q1,perm,2060,1.0
C-WEU-AUT,Zone_4A Mixed Humid,urb,q1,perm,2065,1.0
C-WEU-AUT,Zone_4A Mixed Humid,urb,q1,perm,2070,1.0
C-WEU-AUT,Zone_4A Mixed Humid,urb,q1,perm,2075,1.0
C-WEU-AUT,Zone_4A Mixed Humid,urb,q1,perm,2080,1.0
C-WEU-AUT,Zone_4A Mixed Humid,urb,q1,perm,2085,1.0
C-WEU-AUT,Zone_4A Mixed Humid,urb,q1,perm,2090,1.0
C-WEU-AUT,Zone_4A Mixed Humid,urb,q1,perm,2095,1.0
C-WEU-AUT,Zone_4A Mixed Humid,urb,q1,perm,2100,1.0
C-WEU-AUT,Zone_4A Mixed Humid,urb,q1,sub,2015,0.0
C-WEU-AUT,Zone_4A Mixed Humid,urb,q1,sub,2020,0.0
C-WEU-AUT,Zone_4A Mixed Humid,urb,q1,sub,2025,0.0
C-WEU-AUT,Zone_4A Mixed Humid,urb,q1,sub,2030,0.0
C-WEU-AUT,Zone_4A Mixed Humid,urb,q1,sub,2035,0.0
C-WEU-AUT,Zone_4A Mixed Humid,urb,q1,sub,2040,0.0
C-WEU-AUT,Zone_4A Mixed Humid,urb,q1,sub,2045,0.0
C-WEU-AUT,Zone_4A Mixed Humid,urb,q1,sub,2050,0.0
C-WEU-AUT,Zone_4A Mixed Humid,urb,q1,sub,2055,0.0
C-WEU-AUT,Zone_4A Mixed Humid,urb,q1,sub,2060,0.0
C-WEU-AUT,Zone_4A Mixed Humid,urb,q1,sub,2065,0.0
C-WEU-AUT,Zone_4A Mixed Humid,urb,q1,sub,2070,0.0
C-WEU-AUT,Zone_4A Mixed Humid,urb,q1,sub,2075,0.0
C-WEU-AUT,Zone_4A Mixed Humid,urb,q1,sub,2080,0.0
C-WEU-AUT,Zone_4A Mixed Humid,urb,q1,sub,2085,0.0
C-WEU-AUT,Zone_4A Mixed Humid,urb,q1,sub,2090,0.0
C-WEU-AUT,Zone_4A Mixed Humid,urb,q1,sub,2095,0.0
C-WEU-AUT,Zone_4A Mixed Humid,urb,q1,sub,2100,0.0
C-WEU-AUT,Zone_4A Mixed Humid,urb,q2,perm,2015,1.0
C-WEU-AUT,Zone_4A Mixed Humid,urb,q2,perm,2020,1.0
C-WEU-AUT,Zone_4A Mixed Humid,urb,q2,perm,2025,1.0
C-WEU-AUT,Zone_4A Mixed Humid,urb,q2,perm,2030,1.0
C-WEU-AUT,Zone_4A Mixed Humid,urb,q2,perm,2035,1.0
C-WEU-AUT,Zone_4A Mixed Humid,urb,q2,perm,2040,1.0
C-WEU-AUT,Zone_4A Mixed Humid,urb,q2,perm,2045,1.0
C-WEU-AUT,Zone_4A Mixed Humid,urb,q2,perm,2050,1.0
C-WEU-AUT,Zone_4A Mixed Humid,urb,q2,perm,2055,1.0
C-WEU-AUT,Zone_4A Mixed Humid,urb,q2,perm,2060,1.0
C-WEU-AUT,Zone_4A Mixed Humid,urb,q2,perm,2065,1.0
C-WEU-AUT,Zone_4A Mixed Humid,urb,q2,perm,2070,1.0
C-WEU-AUT,Zone_4A Mixed Humid,urb,q2,perm,2075,1.0
C-WEU-AUT,Zone_4A Mixed Humid,urb,q2,perm,2080,1.0
C-WEU-AUT,Zone_4A Mixed Humid,urb,q2,perm,2085,1.0
C-WEU-AUT,Zone_4A Mixed Humid,urb,q2,perm,2090,1.0
C-WEU-AUT,Zone_4A Mixed Humid,urb,q2,perm,2095,1.0
C-WEU-AUT,Zone_4A Mixed Humid,urb,q2,perm,2100,1.0
C-WEU-AUT,Zone_4A Mixed Humid,urb,q2,sub,2015,0.0
C-WEU-AUT,Zone_4A Mixed Humid,urb,q2,sub,2020,0.0
C-WEU-AUT,Zone_4A Mixed Humid,urb,q2,sub,2025,0.0
C-WEU-AUT,Zone_4A Mixed Humid,urb,q2,sub,2030,0.0
C-WEU-AUT,Zone_4A Mixed Humid,urb,q2,sub,2035,0.0
C-WEU-AUT,Zone_4A Mixed Humid,urb,q2,sub,2040,0.0
C-WEU-AUT,Zone_4A Mixed Humid,urb,q2,sub,2045,0.0
C-WEU-AUT,Zone_4A Mixed Humid,urb,q2,sub,2050,0.0
C-WEU-AUT,Zone_4A Mixed Humid,urb,q2,sub,2055,0.0
C-WEU-AUT,Zone_4A Mixed Humid,urb,q2,sub,2060,0.0
C-WEU-AUT,Zone_4A Mixed Humid,urb,q2,sub,2065,0.0
C-WEU-AUT,Zone_4A Mixed Humid,urb,q2,sub,2070,0.0
C-WEU-AUT,Zone_4A Mixed Humid,urb,q2,sub,2075,0.0
C-WEU-AUT,Zone_4A Mixed Humid,urb,q2,sub,2080,0.0
C-WEU-AUT,Zone_4A Mixed Humid,urb,q2,sub,2085,0.0
C-WEU-AUT,Zone_4A Mixed Humid,urb,q2,sub,2090,0.0
C-WEU-AUT,Zone_4A Mixed Humid,urb,q2,sub,2095,0.0
C-WEU-AUT,Zone_4A Mixed Humid,urb,q2,sub,2100,0.0
C-WEU-AUT,Zone_4A Mixed Humid,urb,q3,perm,2015,1.0
C-WEU-AUT,Zone_4A Mixed Humid,urb,q3,perm,2020,1.0
C-WEU-AUT,Zone_4A Mixed Humid,urb,q3,perm,2025,1.0
C-WEU-AUT,Zone_4A Mixed Humid,urb,q3,perm,2030,1.0
C-WEU-AUT,Zone_4A Mixed Humid,urb,q3,perm,2035,1.0
C-WEU-AUT,Zone_4A Mixed Humid,urb,q3,perm,2040,1.0
C-WEU-AUT,Zone_4A Mixed Humid,urb,q3,perm,2045,1.0
C-WEU-AUT,Zone_4A Mixed Humid,urb,q3,perm,2050,1.0
C-WEU-AUT,Zone_4A Mixed Humid,urb,q3,perm,2055,1.0
C-WEU-AUT,Zone_4A Mixed Humid,urb,q3,perm,2060,1.0
C-WEU-AUT,Zone_4A Mixed Humid,urb,q3,perm,2065,1.0
C-WEU-AUT,Zone_4A Mixed Humid,urb,q3,perm,2070,1.0
C-WEU-AUT,Zone_4A Mixed Humid,urb,q3,perm,2075,1.0
C-WEU-AUT,Zone_4A Mixed Humid,urb,q3,perm,2080,1.0
C-WEU-AUT,Zone_4A Mixed Humid,urb,q3,perm,2085,1.0
C-WEU-AUT,Zone_4A Mixed Humid,urb,q3,perm,2090,1.0
C-WEU-AUT,Zone_4A Mixed Humid,urb,q3,perm,2095,1.0
C-WEU-AUT,Zone_4A Mixed Humid,urb,q3,perm,2100,1.0
C-WEU-AUT,Zone_4A Mixed Humid,urb,q3,sub,2015,0.0
C-WEU-AUT,Zone_4A Mixed Humid,urb,q3,sub,2020,0.0
C-WEU-AUT,Zone_4A Mixed Humid,urb,q3,sub,2025,0.0
C-WEU-AUT,Zone_4A Mixed Humid,urb,q3,sub,2030,0.0
C-WEU-AUT,Zone_4A Mixed Humid,urb,q3,sub,2035,0.0
C-WEU-AUT,Zone_4A Mixed Humid,urb,q3,sub,2040,0.0
C-WEU-AUT,Zone_4A Mixed Humid,urb,q3,sub,2045,0.0
C-WEU-AUT,Zone_4A Mixed Humid,urb,q3,sub,2050,0.0
C-WEU-AUT,Zone_4A Mixed Humid,urb,q3,sub,2055,0.0
C-WEU-AUT,Zone_4A Mixed Humid,urb,q3,sub,2060,0.0
C-WEU-AUT,Zone_4A Mixed Humid,urb,q3,sub,2065,0.0
C-WEU-AUT,Zone_4A Mixed Humid,urb,q3,sub,2070,0.0
C-WEU-AUT,Zone_4A Mixed Humid,urb,q3,sub,2075,0.0
C-WEU-AUT,Zone_4A Mixed Humid,urb,q3,sub,2080,0.0
C-WEU-AUT,Zone_4A Mixed Humid,urb,q3,sub,2085,0.0
C-WEU-AUT,Zone_4A Mixed Humid,urb,q3,sub,2090,0.0
C-WEU-AUT,Zone_4A Mixed Humid,urb,q3,sub,2095,0.0
C-WEU-AUT,Zone_4A Mixed Humid,urb,q3,sub,2100,0.0
C-WEU-AUT,Zone_5A Cool Humid,rur,q1,perm,2015,1.0
C-WEU-AUT,Zone_5A Cool Humid,rur,q1,perm,2020,1.0
C-WEU-AUT,Zone_5A Cool Humid,rur,q1,perm,2025,1.0
C-WEU-AUT,Zone_5A Cool Humid,rur,q1,perm,2030,1.0
C-WEU-AUT,Zone_5A Cool Humid,rur,q1,perm,2035,1.0
C-WEU-AUT,Zone_5A Cool Humid,rur,q1,perm,2040,1.0
C-WEU-AUT,Zone_5A Cool Humid,rur,q1,perm,2045,1.0
C-WEU-AUT,Zone_5A Cool Humid,rur,q1,perm,2050,1.0
C-WEU-AUT,Zone_5A Cool Humid,rur,q1,perm,2055,1.0
C-WEU-AUT,Zone_5A Cool Humid,rur,q1,perm,2060,1.0
C-WEU-AUT,Zone_5A Cool Humid,rur,q1,perm,2065,1.0
C-WEU-AUT,Zone_5A Cool Humid,rur,q1,perm,2070,1.0
C-WEU-AUT,Zone_5A Cool Humid,rur,q1,perm,2075,1.0
C-WEU-AUT,Zone_5A Cool Humid,rur,q1,perm,2080,1.0
C-WEU-AUT,Zone_5A Cool Humid,rur,q1,perm,2085,1.0
C-WEU-AUT,Zone_5A Cool Humid,rur,q1,perm,2090,1.0
C-WEU-AUT,Zone_5A Cool Humid,rur,q1,perm,2095,1.0
C-WEU-AUT,Zone_5A Cool Humid,rur,q1,perm,2100,1.0
C-WEU-AUT,Zone_5A Cool Humid,rur,q1,sub,2015,0.0
C-WEU-AUT,Zone_5A Cool Humid,rur,q1,sub,2020,0.0
C-WEU-AUT,Zone_5A Cool Humid,rur,q1,sub,2025,0.0
C-WEU-AUT,Zone_5A Cool Humid,rur,q1,sub,2030,0.0
C-WEU-AUT,Zone_5A Cool Humid,rur,q1,sub,2035,0.0
C-WEU-AUT,Zone_5A Cool Humid,rur,q1,sub,2040,0.0
C-WEU-AUT,Zone_5A Cool Humid,rur,q1,sub,2045,0.0
C-WEU-AUT,Zone_5A Cool Humid,rur,q1,sub,2050,0.0
C-WEU-AUT,Zone_5A Cool Humid,rur,q1,sub,2055,0.0
C-WEU-AUT,Zone_5A Cool Humid,rur,q1,sub,2060,0.0
C-WEU-AUT,Zone_5A Cool Humid,rur,q1,sub,2065,0.0
C-WEU-AUT,Zone_5A Cool Humid,rur,q1,sub,2070,0.0
C-WEU-AUT,Zone_5A Cool Humid,rur,q1,sub,2075,0.0
C-WEU-AUT,Zone_5A Cool Humid,rur,q1,sub,2080,0.0
C-WEU-AUT,Zone_5A Cool Humid,rur,q1,sub,2085,0.0
C-WEU-AUT,Zone_5A Cool Humid,rur,q1,sub,2090,0.0
C-WEU-AUT,Zone_5A Cool Humid,rur,q1,sub,2095,0.0
C-WEU-AUT,Zone_5A Cool Humid,rur,q1,sub,2100,0.0
C-WEU-AUT,Zone_5A Cool Humid,rur,q2,perm,2015,1.0
C-WEU-AUT,Zone_5A Cool Humid,rur,q2,perm,2020,1.0
C-WEU-AUT,Zone_5A Cool Humid,rur,q2,perm,2025,1.0
C-WEU-AUT,Zone_5A Cool Humid,rur,q2,perm,2030,1.0
C-WEU-AUT,Zone_5A Cool Humid,rur,q2,perm,2035,1.0
C-WEU-AUT,Zone_5A Cool Humid,rur,q2,perm,2040,1.0
C-WEU-AUT,Zone_5A Cool Humid,rur,q2,perm,2045,1.0
C-WEU-AUT,Zone_5A Cool Humid,rur,q2,perm,2050,1.0
C-WEU-AUT,Zone_5A Cool Humid,rur,q2,perm,2055,1.0
C-WEU-AUT,Zone_5A Cool Humid,rur,q2,perm,2060,1.0
C-WEU-AUT,Zone_5A Cool Humid,rur,q2,perm,2065,1.0
C-WEU-AUT,Zone_5A Cool Humid,rur,q2,perm,2070,1.0
C-WEU-AUT,Zone_5A Cool Humid,rur,q2,perm,2075,1.0
C-WEU-AUT,Zone_5A Cool Humid,rur,q2,perm,2080,1.0
C-WEU-AUT,Zone_5A Cool Humid,rur,q2,perm,2085,1.0
C-WEU-AUT,Zone_5A Cool Humid,rur,q2,perm,2090,1.0
C-WEU-AUT,Zone_5A Cool Humid,rur,q2,perm,2095,1.0
C-WEU-AUT,Zone_5A Cool Humid,rur,q2,perm,2100,1.0
C-WEU-AUT,Zone_5A Cool Humid,rur,q2,sub,2015,0.0
C-WEU-AUT,Zone_5A Cool Humid,rur,q2,sub,2020,0.0
C-WEU-AUT,Zone_5A Cool Humid,rur,q2,sub,2025,0.0
C-WEU-AUT,Zone_5A Cool Humid,rur,q2,sub,2030,0.0
C-WEU-AUT,Zone_5A Cool Humid,rur,q2,sub,2035,0.0
C-WEU-AUT,Zone_5A Cool Humid,rur,q2,sub,2040,0.0
C-WEU-AUT,Zone_5A Cool Humid,rur,q2,sub,2045,0.0
C-WEU-AUT,Zone_5A Cool Humid,rur,q2,sub,2050,0.0
C-WEU-AUT,Zone_5A Cool Humid,rur,q2,sub,2055,0.0
C-WEU-AUT,Zone_5A Cool Humid,rur,q2,sub,2060,0.0
C-WEU-AUT,Zone_5A Cool Humid,rur,q2,sub,2065,0.0
C-WEU-AUT,Zone_5A Cool Humid,rur,q2,sub,2070,0.0
C-WEU-AUT,Zone_5A Cool Humid,rur,q2,sub,2075,0.0
C-WEU-AUT,Zone_5A Cool Humid,rur,q2,sub,2080,0.0
C-WEU-AUT,Zone_5A Cool Humid,rur,q2,sub,2085,0.0
C-WEU-AUT,Zone_5A Cool Humid,rur,q2,sub,2090,0.0
C-WEU-AUT,Zone_5A Cool Humid,rur,q2,sub,2095,0.0
C-WEU-AUT,Zone_5A Cool Humid,rur,q2,sub,2100,0.0
C-WEU-AUT,Zone_5A Cool Humid,rur,q3,perm,2015,1.0
C-WEU-AUT,Zone_5A Cool Humid,rur,q3,perm,2020,1.0
C-WEU-AUT,Zone_5A Cool Humid,rur,q3,perm,2025,1.0
C-WEU-AUT,Zone_5A Cool Humid,rur,q3,perm,2030,1.0
C-WEU-AUT,Zone_5A Cool Humid,rur,q3,perm,2035,1.0
C-WEU-AUT,Zone_5A Cool Humid,rur,q3,perm,2040,1.0
C-WEU-AUT,Zone_5A Cool Humid,rur,q3,perm,2045,1.0
C-WEU-AUT,Zone_5A Cool Humid,rur,q3,perm,2050,1.0
C-WEU-AUT,Zone_5A Cool Humid,rur,q3,perm,2055,1.0
C-WEU-AUT,Zone_5A Cool Humid,rur,q3,perm,2060,1.0
C-WEU-AUT,Zone_5A Cool Humid,rur,q3,perm,2065,1.0
C-WEU-AUT,Zone_5A Cool Humid,rur,q3,perm,2070,1.0
C-WEU-AUT,Zone_5A Cool Humid,rur,q3,perm,2075,1.0
C-WEU-AUT,Zone_5A Cool Humid,rur,q3,perm,2080,1.0
C-WEU-AUT,Zone_5A Cool Humid,rur,q3,perm,2085,1.0
C-WEU-AUT,Zone_5A Cool Humid,rur,q3,perm,2090,1.0
C-WEU-AUT,Zone_5A Cool Humid,rur,q3,perm,2095,1.0
C-WEU-AUT,Zone_5A Cool Humid,rur,q3,perm,2100,1.0
C-WEU-AUT,Zone_5A Cool Humid,rur,q3,sub,2015,0.0
C-WEU-AUT,Zone_5A Cool Humid,rur,q3,sub,2020,0.0
C-WEU-AUT,Zone_5A Cool Humid,rur,q3,sub,2025,0.0
C-WEU-AUT,Zone_5A Cool Humid,rur,q3,sub,2030,0.0
C-WEU-AUT,Zone_5A Cool Humid,rur,q3,sub,2035,0.0
C-WEU-AUT,Zone_5A Cool Humid,rur,q3,sub,2040,0.0
C-WEU-AUT,Zone_5A Cool Humid,rur,q3,sub,2045,0.0
C-WEU-AUT,Zone_5A Cool Humid,rur,q3,sub,2050,0.0
C-WEU-AUT,Zone_5A Cool Humid,rur,q3,sub,2055,0.0
C-WEU-AUT,Zone_5A Cool Humid,rur,q3,sub,2060,0.0
C-WEU-AUT,Zone_5A Cool Humid,rur,q3,sub,2065,0.0
C-WEU-AUT,Zone_5A Cool Humid,rur,q3,sub,2070,0.0
C-WEU-AUT,Zone_5A Cool Humid,rur,q3,sub,2075,0.0
C-WEU-AUT,Zone_5A Cool Humid,rur,q3,sub,2080,0.0
C-WEU-AUT,Zone_5A Cool Humid,rur,q3,sub,2085,0.0
C-WEU-AUT,Zone_5A Cool Humid,rur,q3,sub,2090,0.0
C-WEU-AUT,Zone_5A Cool Humid,rur,q3,sub,2095,0.0
C-WEU-AUT,Zone_5A Cool Humid,rur,q3,sub,2100,0.0
C-WEU-AUT,Zone_5A Cool Humid,urb,q1,perm,2015,1.0
C-WEU-AUT,Zone_5A Cool Humid,urb,q1,perm,2020,1.0
C-WEU-AUT,Zone_5A Cool Humid,urb,q1,perm,2025,1.0
C-WEU-AUT,Zone_5A Cool Humid,urb,q1,perm,2030,1.0
C-WEU-AUT,Zone_5A Cool Humid,urb,q1,perm,2035,1.0
C-WEU-AUT,Zone_5A Cool Humid,urb,q1,perm,2040,1.0
C-WEU-AUT,Zone_5A Cool Humid,urb,q1,perm,2045,1.0
C-WEU-AUT,Zone_5A Cool Humid,urb,q1,perm,2050,1.0
C-WEU-AUT,Zone_5A Cool Humid,urb,q1,perm,2055,1.0
C-WEU-AUT,Zone_5A Cool Humid,urb,q1,perm,2060,1.0
C-WEU-AUT,Zone_5A Cool Humid,urb,q1,perm,2065,1.0
C-WEU-AUT,Zone_5A Cool Humid,urb,q1,perm,2070,1.0
C-WEU-AUT,Zone_5A Cool Humid,urb,q1,perm,2075,1.0
C-WEU-AUT,Zone_5A Cool Humid,urb,q1,perm,2080,1.0
C-WEU-AUT,Zone_5A Cool Humid,urb,q1,perm,2085,1.0
C-WEU-AUT,Zone_5A Cool Humid,urb,q1,perm,2090,1.0
C-WEU-AUT,Zone_5A Cool Humid,urb,q1,perm,2095,1.0
C-WEU-AUT,Zone_5A Cool Humid,urb,q1,perm,2100,1.0
C-WEU-AUT,Zone_5A Cool Humid,urb,q1,sub,2015,0.0
C-WEU-AUT,Zone_5A Cool Humid,urb,q1,sub,2020,0.0
C-WEU-AUT,Zone_5A Cool Humid,urb,q1,sub,2025,0.0
C-WEU-AUT,Zone_5A Cool Humid,urb,q1,sub,2030,0.0
C-WEU-AUT,Zone_5A Cool Humid,urb,q1,sub,2035,0.0
C-WEU-AUT,Zone_5A Cool Humid,urb,q1,sub,2040,0.0
C-WEU-AUT,Zone_5A Cool Humid,urb,q1,sub,2045,0.0
C-WEU-AUT,Zone_5A Cool Humid,urb,q1,sub,2050,0.0
C-WEU-AUT,Zone_5A Cool Humid,urb,q1,sub,2055,0.0
C-WEU-AUT,Zone_5A Cool Humid,urb,q1,sub,2060,0.0
C-WEU-AUT,Zone_5A Cool Humid,urb,q1,sub,2065,0.0
C-WEU-AUT,Zone_5A Cool Humid,urb,q1,sub,2070,0.0
C-WEU-AUT,Zone_5A Cool Humid,urb,q1,sub,2075,0.0
C-WEU-AUT,Zone_5A Cool Humid,urb,q1,sub,2080,0.0
C-WEU-AUT,Zone_5A Cool Humid,urb,q1,sub,2085,0.0
C-WEU-AUT,Zone_5A Cool Humid,urb,q1,sub,2090,0.0
C-WEU-AUT,Zone_5A Cool Humid,urb,q1,sub,2095,0.0
C-WEU-AUT,Zone_5A Cool Humid,urb,q1,sub,2100,0.0
C-WEU-AUT,Zone_5A Cool Humid,urb,q2,perm,2015,1.0
C-WEU-AUT,Zone_5A Cool Humid,urb,q2,perm,2020,1.0
C-WEU-AUT,Zone_5A Cool Humid,urb,q2,perm,2025,1.0
C-WEU-AUT,Zone_5A Cool Humid,urb,q2,perm,2030,1.0
C-WEU-AUT,Zone_5A Cool Humid,urb,q2,perm,2035,1.0
C-WEU-AUT,Zone_5A Cool Humid,urb,q2,perm,2040,1.0
C-WEU-AUT,Zone_5A Cool Humid,urb,q2,perm,2045,1.0
C-WEU-AUT,Zone_5A Cool Humid,urb,q2,perm,2050,1.0
C-WEU-AUT,Zone_5A Cool Humid,urb,q2,perm,2055,1.0
C-WEU-AUT,Zone_5A Cool Humid,urb,q2,perm,2060,1.0
C-WEU-AUT,Zone_5A Cool Humid,urb,q2,perm,2065,1.0
C-WEU-AUT,Zone_5A Cool Humid,urb,q2,perm,2070,1.0
C-WEU-AUT,Zone_5A Cool Humid,urb,q2,perm,2075,1.0
C-WEU-AUT,Zone_5A Cool Humid,urb,q2,perm,2080,1.0
C-WEU-AUT,Zone_5A Cool Humid,urb,q2,perm,2085,1.0
C-WEU-AUT,Zone_5A Cool Humid,urb,q2,perm,2090,1.0
C-WEU-AUT,Zone_5A Cool Humid,urb,q2,perm,2095,1.0
C-WEU-AUT,Zone_5A Cool Humid,urb,q2,perm,2100,1.0
C-WEU-AUT,Zone_5A Cool Humid,urb,q2,sub,2015,0.0
C-WEU-AUT,Zone_5A Cool Humid,urb,q2,sub,2020,0.0
C-WEU-AUT,Zone_5A Cool Humid,urb,q2,sub,2025,0.0
C-WEU-AUT,Zone_5A Cool Humid,urb,q2,sub,2030,0.0
C-WEU-AUT,Zone_5A Cool Humid,urb,q2,sub,2035,0.0
C-WEU-AUT,Zone_5A Cool Humid,urb,q2,sub,2040,0.0
C-WEU-AUT,Zone_5A Cool Humid,urb,q2,sub,2045,0.0
C-WEU-AUT,Zone_5A Cool Humid,urb,q2,sub,2050,0.0
C-WEU-AUT,Zone_5A Cool Humid,urb,q2,sub,2055,0.0
C-WEU-AUT,Zone_5A Cool Humid,urb,q2,sub,2060,0.0
C-WEU-AUT,Zone_5A Cool Humid,urb,q2,sub,2065,0.0
C-WEU-AUT,Zone_5A Cool Humid,urb,q2,sub,2070,0.0
C-WEU-AUT,Zone_5A Cool Humid,urb,q2,sub,2075,0.0
C-WEU-AUT,Zone_5A Cool Humid,urb,q2,sub,2080,0.0
C-WEU-AUT,Zone_5A Cool Humid,urb,q2,sub,2085,0.0
C-WEU-AUT,Zone_5A Cool Humid,urb,q2,sub,2090,0.0
C-WEU-AUT,Zone_5A Cool Humid,urb,q2,sub,2095,0.0
C-WEU-AUT,Zone_5A Cool Humid,urb,q2,sub,2100,0.0
C-WEU-AUT,Zone_5A Cool Humid,urb,q3,perm,2015,1.0
C-WEU-AUT,Zone_5A Cool Humid,urb,q3,perm,2020,1.0
C-WEU-AUT,Zone_5A Cool Humid,urb,q3,perm,2025,1.0
C-WEU-AUT,Zone_5A Cool Humid,urb,q3,perm,2030,1.0
C-WEU-AUT,Zone_5A Cool Humid,urb,q3,perm,2035,1.0
C-WEU-AUT,Zone_5A Cool Humid,urb,q3,perm,2040,1.0
C-WEU-AUT,Zone_5A Cool Humid,urb,q3,perm,2045,1.0
C-WEU-AUT,Zone_5A Cool Humid,urb,q3,perm,2050,1.0
C-WEU-AUT,Zone_5A Cool Humid,urb,q3,perm,2055,1.0
C-WEU-AUT,Zone_5A Cool Humid,urb,q3,perm,2060,1.0
C-WEU-AUT,Zone_5A Cool Humid,urb,q3,perm,2065,1.0
C-WEU-AUT,Zone_5A Cool Humid,urb,q3,perm,2070,1.0
C-WEU-AUT,Zone_5A Cool Humid,urb,q3,perm,2075,1.0
C-WEU-AUT,Zone_5A Cool Humid,urb,q3,perm,2080,1.0
C-WEU-AUT,Zone_5A Cool Humid,urb,q3,perm,2085,1.0
C-WEU-AUT,Zone_5A Cool Humid,urb,q3,perm,2090,1.0
C-WEU-AUT,Zone_5A Cool Humid,urb,q3,perm,2095,1.0
C-WEU-AUT,Zone_5A Cool Humid,urb,q3,perm,2100,1.0
C-WEU-AUT,Zone_5A Cool Humid,urb,q3,sub,2015,0.0
C-WEU-AUT,Zone_5A Cool Humid,urb,q3,sub,2020,0.0
C-WEU-AUT,Zone_5A Cool Humid,urb,q3,sub,2025,0.0
C-WEU-AUT,Zone_5A Cool Humid,urb,q3,sub,2030,0.0
C-WEU-AUT,Zone_5A Cool Humid,urb,q3,sub,2035,0.0
C-WEU-AUT,Zone_5A Cool Humid,urb,q3,sub,2040,0.0
C-WEU-AUT,Zone_5A Cool Humid,urb,q3,sub,2045,0.0
C-WEU-AUT,Zone_5A Cool Humid,urb,q3,sub,2050,0.0
C-WEU-AUT,Zone_5A Cool Humid,urb,q3,sub,2055,0.0
C-WEU-AUT,Zone_5A Cool Humid,urb,q3,sub,2060,0.0
C-WEU-AUT,Zone_5A Cool Humid,urb,q3,sub,2065,0.0
C-WEU-AUT,Zone_5A Cool Humid,urb,q3,sub,2070,0.0
C-WEU-AUT,Zone_5A Cool Humid,urb,q3,sub,2075,0.0
C-WEU-AUT,Zone_5A Cool Humid,urb,q3,sub,2080,0.0
C-WEU-AUT,Zone_5A Cool Humid,urb,q3,sub,2085,0.0
C-WEU-AUT,Zone_5A Cool Humid,urb,q3,sub,2090,0.0
C-WEU-AUT,Zone_5A Cool Humid,urb,q3,sub,2095,0.0
C-WEU-AUT,Zone_5A Cool Humid,urb,q3,sub,2100,0.0
C-WEU-AUT,Zone_6A Cold Humid,rur,q1,perm,2015,1.0
C-WEU-AUT,Zone_6A Cold Humid,rur,q1,perm,2020,1.0
C-WEU-AUT,Zone_6A Cold Humid,rur,q1,perm,2025,1.0
C-WEU-AUT,Zone_6A Cold Humid,rur,q1,perm,2030,1.0
C-WEU-AUT,Zone_6A Cold Humid,rur,q1,perm,2035,1.0
C-WEU-AUT,Zone_6A Cold Humid,rur,q1,perm,2040,1.0
C-WEU-AUT,Zone_6A Cold Humid,rur,q1,perm,2045,1.0
C-WEU-AUT,Zone_6A Cold Humid,rur,q1,perm,2050,1.0
C-WEU-AUT,Zone_6A Cold Humid,rur,q1,perm,2055,1.0
C-WEU-AUT,Zone_6A Cold Humid,rur,q1,perm,2060,1.0
C-WEU-AUT,Zone_6A Cold Humid,rur,q1,perm,2065,1.0
C-WEU-AUT,Zone_6A Cold Humid,rur,q1,perm,2070,1.0
C-WEU-AUT,Zone_6A Cold Humid,rur,q1,perm,2075,1.0
C-WEU-AUT,Zone_6A Cold Humid,rur,q1,perm,2080,1.0
C-WEU-AUT,Zone_6A Cold Humid,rur,q1,perm,2085,1.0
C-WEU-AUT,Zone_6A Cold Humid,rur,q1,perm,2090,1.0
C-WEU-AUT,Zone_6A Cold Humid,rur,q1,perm,2095,1.0
C-WEU-AUT,Zone_6A Cold Humid,rur,q1,perm,2100,1.0
C-WEU-AUT,Zone_6A Cold Humid,rur,q1,sub,2015,0.0
C-WEU-AUT,Zone_6A Cold Humid,rur,q1,sub,2020,0.0
C-WEU-AUT,Zone_6A Cold Humid,rur,q1,sub,2025,0.0
C-WEU-AUT,Zone_6A Cold Humid,rur,q1,sub,2030,0.0
C-WEU-AUT,Zone_6A Cold Humid,rur,q1,sub,2035,0.0
C-WEU-AUT,Zone_6A Cold Humid,rur,q1,sub,2040,0.0
C-WEU-AUT,Zone_6A Cold Humid,rur,q1,sub,2045,0.0
C-WEU-AUT,Zone_6A Cold Humid,rur,q1,sub,2050,0.0
C-WEU-AUT,Zone_6A Cold Humid,rur,q1,sub,2055,0.0
C-WEU-AUT,Zone_6A Cold Humid,rur,q1,sub,2060,0.0
C-WEU-AUT,Zone_6A Cold Humid,rur,q1,sub,2065,0.0
C-WEU-AUT,Zone_6A Cold Humid,rur,q1,sub,2070,0.0
C-WEU-AUT,Zone_6A Cold Humid,rur,q1,sub,2075,0.0
C-WEU-AUT,Zone_6A Cold Humid,rur,q1,sub,2080,0.0
C-WEU-AUT,Zone_6A Cold Humid,rur,q1,sub,2085,0.0
C-WEU-AUT,Zone_6A Cold Humid,rur,q1,sub,2090,0.0
C-WEU-AUT,Zone_6A Cold Humid,rur,q1,sub,2095,0.0
C-WEU-AUT,Zone_6A Cold Humid,rur,q1,sub,2100,0.0
C-WEU-AUT,Zone_6A Cold Humid,rur,q2,perm,2015,1.0
C-WEU-AUT,Zone_6A Cold Humid,rur,q2,perm,2020,1.0
C-WEU-AUT,Zone_6A Cold Humid,rur,q2,perm,2025,1.0
C-WEU-AUT,Zone_6A Cold Humid,rur,q2,perm,2030,1.0
C-WEU-AUT,Zone_6A Cold Humid,rur,q2,perm,2035,1.0
C-WEU-AUT,Zone_6A Cold Humid,rur,q2,perm,2040,1.0
C-WEU-AUT,Zone_6A Cold Humid,rur,q2,perm,2045,1.0
C-WEU-AUT,Zone_6A Cold Humid,rur,q2,perm,2050,1.0
C-WEU-AUT,Zone_6A Cold Humid,rur,q2,perm,2055,1.0
C-WEU-AUT,Zone_6A Cold Humid,rur,q2,perm,2060,1.0
C-WEU-AUT,Zone_6A Cold Humid,rur,q2,perm,2065,1.0
C-WEU-AUT,Zone_6A Cold Humid,rur,q2,perm,2070,1.0
C-WEU-AUT,Zone_6A Cold Humid,rur,q2,perm,2075,1.0
C-WEU-AUT,Zone_6A Cold Humid,rur,q2,perm,2080,1.0
C-WEU-AUT,Zone_6A Cold Humid,rur,q2,perm,2085,1.0
C-WEU-AUT,Zone_6A Cold Humid,rur,q2,perm,2090,1.0
C-WEU-AUT,Zone_6A Cold Humid,rur,q2,perm,2095,1.0
C-WEU-AUT,Zone_6A Cold Humid,rur,q2,perm,2100,1.0
C-WEU-AUT,Zone_6A Cold Humid,rur,q2,sub,2015,0.0
C-WEU-AUT,Zone_6A Cold Humid,rur,q2,sub,2020,0.0
C-WEU-AUT,Zone_6A Cold Humid,rur,q2,sub,2025,0.0
C-WEU-AUT,Zone_6A Cold Humid,rur,q2,sub,2030,0.0
C-WEU-AUT,Zone_6A Cold Humid,rur,q2,sub,2035,0.0
C-WEU-AUT,Zone_6A Cold Humid,rur,q2,sub,2040,0.0
C-WEU-AUT,Zone_6A Cold Humid,rur,q2,sub,2045,0.0
C-WEU-AUT,Zone_6A Cold Humid,rur,q2,sub,2050,0.0
C-WEU-AUT,Zone_6A Cold Humid,rur,q2,sub,2055,0.0
C-WEU-AUT,Zone_6A Cold Humid,rur,q2,sub,2060,0.0
C-WEU-AUT,Zone_6A Cold Humid,rur,q2,sub,2065,0.0
C-WEU-AUT,Zone_6A Cold Humid,rur,q2,sub,2070,0.0
C-WEU-AUT,Zone_6A Cold Humid,rur,q2,sub,2075,0.0
C-WEU-AUT,Zone_6A Cold Humid,rur,q2,sub,2080,0.0
C-WEU-AUT,Zone_6A Cold Humid,rur,q2,sub,2085,0.0
C-WEU-AUT,Zone_6A Cold Humid,rur,q2,sub,2090,0.0
C-WEU-AUT,Zone_6A Cold Humid,rur,q2,sub,2095,0.0
C-WEU-AUT,Zone_6A Cold Humid,rur,q2,sub,2100,0.0
C-WEU-AUT,Zone_6A Cold Humid,rur,q3,perm,2015,1.0
C-WEU-AUT,Zone_6A Cold Humid,rur,q3,perm,2020,1.0
C-WEU-AUT,Zone_6A Cold Humid,rur,q3,perm,2025,1.0
C-WEU-AUT,Zone_6A Cold Humid,rur,q3,perm,2030,1.0
C-WEU-AUT,Zone_6A Cold Humid,rur,q3,perm,2035,1.0
C-WEU-AUT,Zone_6A Cold Humid,rur,q3,perm,2040,1.0
C-WEU-AUT,Zone_6A Cold Humid,rur,q3,perm,2045,1.0
C-WEU-AUT,Zone_6A Cold Humid,rur,q3,perm,2050,1.0
C-WEU-AUT,Zone_6A Cold Humid,rur,q3,perm,2055,1.0
C-WEU-AUT,Zone_6A Cold Humid,rur,q3,perm,2060,1.0
C-WEU-AUT,Zone_6A Cold Humid,rur,q3,perm,2065,1.0
C-WEU-AUT,Zone_6A Cold Humid,rur,q3,perm,2070,1.0
C-WEU-AUT,Zone_6A Cold Humid,rur,q3,perm,2075,1.0
C-WEU-AUT,Zone_6A Cold Humid,rur,q3,perm,2080,1.0
C-WEU-AUT,Zone_6A Cold Humid,rur,q3,perm,2085,1.0
C-WEU-AUT,Zone_6A Cold Humid,rur,q3,perm,2090,1.0
C-WEU-AUT,Zone_6A Cold Humid,rur,q3,perm,2095,1.0
C-WEU-AUT,Zone_6A Cold Humid,rur,q3,perm,2100,1.0
C-WEU-AUT,Zone_6A Cold Humid,rur,q3,sub,2015,0.0
C-WEU-AUT,Zone_6A Cold Humid,rur,q3,sub,2020,0.0
C-WEU-AUT,Zone_6A Cold Humid,rur,q3,sub,2025,0.0
C-WEU-AUT,Zone_6A Cold Humid,rur,q3,sub,2030,0.0
C-WEU-AUT,Zone_6A Cold Humid,rur,q3,sub,2035,0.0
C-WEU-AUT,Zone_6A Cold Humid,rur,q3,sub,2040,0.0
C-WEU-AUT,Zone_6A Cold Humid,rur,q3,sub,2045,0.0
C-WEU-AUT,Zone_6A Cold Humid,rur,q3,sub,2050,0.0
C-WEU-AUT,Zone_6A Cold Humid,rur,q3,sub,2055,0.0
C-WEU-AUT,Zone_6A Cold Humid,rur,q3,sub,2060,0.0
C-WEU-AUT,Zone_6A Cold Humid,rur,q3,sub,2065,0.0
C-WEU-AUT,Zone_6A Cold Humid,rur,q3,sub,2070,0.0
C-WEU-AUT,Zone_6A Cold Humid,rur,q3,sub,2075,0.0
C-WEU-AUT,Zone_6A Cold Humid,rur,q3,sub,2080,0.0
C-WEU-AUT,Zone_6A Cold Humid,rur,q3,sub,2085,0.0
C-WEU-AUT,Zone_6A Cold Humid,rur,q3,sub,2090,0.0
C-WEU-AUT,Zone_6A Cold Humid,rur,q3,sub,2095,0.0
C-WEU-AUT,Zone_6A Cold Humid,rur,q3,sub,2100,0.0
C-WEU-AUT,Zone_6A Cold Humid,urb,q1,perm,2015,1.0
C-WEU-AUT,Zone_6A Cold Humid,urb,q1,perm,2020,1.0
C-WEU-AUT,Zone_6A Cold Humid,urb,q1,perm,2025,1.0
C-WEU-AUT,Zone_6A Cold Humid,urb,q1,perm,2030,1.0
C-WEU-AUT,Zone_6A Cold Humid,urb,q1,perm,2035,1.0
C-WEU-AUT,Zone_6A Cold Humid,urb,q1,perm,2040,1.0
C-WEU-AUT,Zone_6A Cold Humid,urb,q1,perm,2045,1.0
C-WEU-AUT,Zone_6A Cold Humid,urb,q1,perm,2050,1.0
C-WEU-AUT,Zone_6A Cold Humid,urb,q1,perm,2055,1.0
C-WEU-AUT,Zone_6A Cold Humid,urb,q1,perm,2060,1.0
C-WEU-AUT,Zone_6A Cold Humid,urb,q1,perm,2065,1.0
C-WEU-AUT,Zone_6A Cold Humid,urb,q1,perm,2070,1.0
C-WEU-AUT,Zone_6A Cold Humid,urb,q1,perm,2075,1.0
C-WEU-AUT,Zone_6A Cold Humid,urb,q1,perm,2080,1.0
C-WEU-AUT,Zone_6A Cold Humid,urb,q1,perm,2085,1.0
C-WEU-AUT,Zone_6A Cold Humid,urb,q1,perm,2090,1.0
C-WEU-AUT,Zone_6A Cold Humid,urb,q1,perm,2095,1.0
C-WEU-AUT,Zone_6A Cold Humid,urb,q1,perm,2100,1.0
C-WEU-AUT,Zone_6A Cold Humid,urb,q1,sub,2015,0.0
C-WEU-AUT,Zone_6A Cold Humid,urb,q1,sub,2020,0.0
C-WEU-AUT,Zone_6A Cold Humid,urb,q1,sub,2025,0.0
C-WEU-AUT,Zone_6A Cold Humid,urb,q1,sub,2030,0.0
C-WEU-AUT,Zone_6A Cold Humid,urb,q1,sub,2035,0.0
C-WEU-AUT,Zone_6A Cold Humid,urb,q1,sub,2040,0.0
C-WEU-AUT,Zone_6A Cold Humid,urb,q1,sub,2045,0.0
C-WEU-AUT,Zone_6A Cold Humid,urb,q1,sub,2050,0.0
C-WEU-AUT,Zone_6A Cold Humid,urb,q1,sub,2055,0.0
C-WEU-AUT,Zone_6A Cold Humid,urb,q1,sub,2060,0.0
C-WEU-AUT,Zone_6A Cold Humid,urb,q1,sub,2065,0.0
C-WEU-AUT,Zone_6A Cold Humid,urb,q1,sub,2070,0.0
C-WEU-AUT,Zone_6A Cold Humid,urb,q1,sub,2075,0.0
C-WEU-AUT,Zone_6A Cold Humid,urb,q1,sub,2080,0.0
C-WEU-AUT,Zone_6A Cold Humid,urb,q1,sub,2085,0.0
C-WEU-AUT,Zone_6A Cold Humid,urb,q1,sub,2090,0.0
C-WEU-AUT,Zone_6A Cold Humid,urb,q1,sub,2095,0.0
C-WEU-AUT,Zone_6A Cold Humid,urb,q1,sub,2100,0.0
C-WEU-AUT,Zone_6A Cold Humid,urb,q2,perm,2015,1.0
C-WEU-AUT,Zone_6A Cold Humid,urb,q2,perm,2020,1.0
C-WEU-AUT,Zone_6A Cold Humid,urb,q2,perm,2025,1.0
C-WEU-AUT,Zone_6A Cold Humid,urb,q2,perm,2030,1.0
C-WEU-AUT,Zone_6A Cold Humid,urb,q2,perm,2035,1.0
C-WEU-AUT,Zone_6A Cold Humid,urb,q2,perm,2040,1.0
C-WEU-AUT,Zone_6A Cold Humid,urb,q2,perm,2045,1.0
C-WEU-AUT,Zone_6A Cold Humid,urb,q2,perm,2050,1.0
C-WEU-AUT,Zone_6A Cold Humid,urb,q2,perm,2055,1.0
C-WEU-AUT,Zone_6A Cold Humid,urb,q2,perm,2060,1.0
C-WEU-AUT,Zone_6A Cold Humid,urb,q2,perm,2065,1.0
C-WEU-AUT,Zone_6A Cold Humid,urb,q2,perm,2070,1.0
C-WEU-AUT,Zone_6A Cold Humid,urb,q2,perm,2075,1.0
C-WEU-AUT,Zone_6A Cold Humid,urb,q2,perm,2080,1.0
C-WEU-AUT,Zone_6A Cold Humid,urb,q2,perm,2085,1.0
C-WEU-AUT,Zone_6A Cold Humid,urb,q2,perm,2090,1.0
C-WEU-AUT,Zone_6A Cold Humid,urb,q2,perm,2095,1.0
C-WEU-AUT,Zone_6A Cold Humid,urb,q2,perm,2100,1.0
C-WEU-AUT,Zone_6A Cold Humid,urb,q2,sub,2015,0.0
C-WEU-AUT,Zone_6A Cold Humid,urb,q2,sub,2020,0.0
C-WEU-AUT,Zone_6A Cold Humid,urb,q2,sub,2025,0.0
C-WEU-AUT,Zone_6A Cold Humid,urb,q2,sub,2030,0.0
C-WEU-AUT,Zone_6A Cold Humid,urb,q2,sub,2035,0.0
C-WEU-AUT,Zone_6A Cold Humid,urb,q2,sub,2040,0.0
C-WEU-AUT,Zone_6A Cold Humid,urb,q2,sub,2045,0.0
C-WEU-AUT,Zone_6A Cold Humid,urb,q2,sub,2050,0.0
C-WEU-AUT,Zone_6A Cold Humid,urb,q2,sub,2055,0.0
C-WEU-AUT,Zone_6A Cold Humid,urb,q2,sub,2060,0.0
C-WEU-AUT,Zone_6A Cold Humid,urb,q2,sub,2065,0.0
C-WEU-AUT,Zone_6A Cold Humid,urb,q2,sub,2070,0.0
C-WEU-AUT,Zone_6A Cold Humid,urb,q2,sub,2075,0.0
C-WEU-AUT,Zone_6A Cold Humid,urb,q2,sub,2080,0.0
C-WEU-AUT,Zone_6A Cold Humid,urb,q2,sub,2085,0.0
C-WEU-AUT,Zone_6A Cold Humid,urb,q2,sub,2090,0.0
C-WEU-AUT,Zone_6A Cold Humid,urb,q2,sub,2095,0.0
C-WEU-AUT,Zone_6A Cold Humid,urb,q2,sub,2100,0.0
C-WEU-AUT,Zone_6A Cold Humid,urb,q3,perm,2015,1.0
C-WEU-AUT,Zone_6A Cold Humid,urb,q3,perm,2020,1.0
C-WEU-AUT,Zone_6A Cold Humid,urb,q3,perm,2025,1.0
C-WEU-AUT,Zone_6A Cold Humid,urb,q3,perm,2030,1.0
C-WEU-AUT,Zone_6A Cold Humid,urb,q3,perm,2035,1.0
C-WEU-AUT,Zone_6A Cold Humid,urb,q3,perm,2040,1.0
C-WEU-AUT,Zone_6A Cold Humid,urb,q3,perm,2045,1.0
C-WEU-AUT,Zone_6A Cold Humid,urb,q3,perm,2050,1.0
C-WEU-AUT,Zone_6A Cold Humid,urb,q3,perm,2055,1.0
C-WEU-AUT,Zone_6A Cold Humid,urb,q3,perm,2060,1.0
C-WEU-AUT,Zone_6A Cold Humid,urb,q3,perm,2065,1.0
C-WEU-AUT,Zone_6A Cold Humid,urb,q3,perm,2070,1.0
C-WEU-AUT,Zone_6A Cold Humid,urb,q3,perm,2075,1.0
C-WEU-AUT,Zone_6A Cold Humid,urb,q3,perm,2080,1.0
C-WEU-AUT,Zone_6A Cold Humid,urb,q3,perm,2085,1.0
C-WEU-AUT,Zone_6A Cold Humid,urb,q3,perm,2090,1.0
C-WEU-AUT,Zone_6A Cold Humid,urb,q3,perm,2095,1.0
C-WEU-AUT,Zone_6A Cold Humid,urb,q3,perm,2100,1.0
C-WEU-AUT,Zone_6A Cold Humid,urb,q3,sub,2015,0.0
C-WEU-AUT,Zone_6A Cold Humid,urb,q3,sub,2020,0.0
C-WEU-AUT,Zone_6A Cold Humid,urb,q3,sub,2025,0.0
C-WEU-AUT,Zone_6A Cold Humid,urb,q3,sub,2030,0.0
C-WEU-AUT,Zone_6A Cold Humid,urb,q3,sub,2035,0.0
C-WEU-AUT,Zone_6A Cold Humid,urb,q3,sub,2040,0.0
C-WEU-AUT,Zone_6A Cold Humid,urb,q3,sub,2045,0.0
C-WEU-AUT,Zone_6A Cold Humid,urb,q3,sub,2050,0.0
C-WEU-AUT,Zone_6A Cold Humid,urb,q3,sub,2055,0.0
C-WEU-AUT,Zone_6A Cold Humid,urb,q3,sub,2060,0.0
C-WEU-AUT,Zone_6A Cold Humid,urb,q3,sub,2065,0.0
C-WEU-AUT,Zone_6A Cold Humid,urb,q3,sub,2070,0.0
C-WEU-AUT,Zone_6A Cold Humid,urb,q3,sub,2075,0.0
C-WEU-AUT,Zone_6A Cold Humid,urb,q3,sub,2080,0.0
C-WEU-AUT,Zone_6A Cold Humid,urb,q3,sub,2085,0.0
C-WEU-AUT,Zone_6A Cold Humid,urb,q3,sub,2090,0.0
C-WEU-AUT,Zone_6A Cold Humid,urb,q3,sub,2095,0.0
C-WEU-AUT,Zone_6A Cold Humid,urb,q3,sub,2100,0.0
C-WEU-AUT,Zone_7A Very cold Humid,rur,q1,perm,2015,0.12092596983716211
C-WEU-AUT,Zone_7A Very cold Humid,rur,q1,perm,2020,0.12092596983716211
C-WEU-AUT,Zone_7A Very cold Humid,rur,q1,perm,2025,0.1203239300608298
C-WEU-AUT,Zone_7A Very cold Humid,rur,q1,perm,2030,0.11989297454271455
C-WEU-AUT,Zone_7A Very cold Humid,rur,q1,perm,2035,0.11948442989696118
C-WEU-AUT,Zone_7A Very cold Humid,rur,q1,perm,2040,0.11912240693983378
C-WEU-AUT,Zone_7A Very cold Humid,rur,q1,perm,2045,0.1188839606929825
C-WEU-AUT,Zone_7A Very cold Humid,rur,q1,perm,2050,0.11878419452038463
C-WEU-AUT,Zone_7A Very cold Humid,rur,q1,perm,2055,0.11875179130023727
C-WEU-AUT,Zone_7A Very cold Humid,rur,q1,perm,2060,0.11875005065986498
C-WEU-AUT,Zone_7A Very cold Humid,rur,q1,perm,2065,0.11876445154653745
C-WEU-AUT,Zone_7A Very cold Humid,rur,q1,perm,2070,0.11882147257373978
C-WEU-AUT,Zone_7A Very cold Humid,rur,q1,perm,2075,0.1189521460980997
C-WEU-AUT,Zone_7A Very cold Humid,rur,q1,perm,2080,0.11911704413012172
C-WEU-AUT,Zone_7A Very cold Humid,rur,q1,perm,2085,0.11928852954807659
C-WEU-AUT,Zone_7A Very cold Humid,rur,q1,perm,2090,0.11946688389446383
C-WEU-AUT,Zone_7A Very cold Humid,rur,q1,perm,2095,0.11966790387779783
C-WEU-AUT,Zone_7A Very cold Humid,rur,q1,perm,2100,0.1198694715478185
C-WEU-AUT,Zone_7A Very cold Humid,rur,q1,sub,2015,0.0
C-WEU-AUT,Zone_7A Very cold Humid,rur,q1,sub,2020,0.0
C-WEU-AUT,Zone_7A Very cold Humid,rur,q1,sub,2025,0.0
C-WEU-AUT,Zone_7A Very cold Humid,rur,q1,sub,2030,0.0
C-WEU-AUT,Zone_7A Very cold Humid,rur,q1,sub,2035,0.0
C-WEU-AUT,Zone_7A Very cold Humid,rur,q1,sub,2040,0.0
C-WEU-AUT,Zone_7A Very cold Humid,rur,q1,sub,2045,0.0
C-WEU-AUT,Zone_7A Very cold Humid,rur,q1,sub,2050,0.0
C-WEU-AUT,Zone_7A Very cold Humid,rur,q1,sub,2055,0.0
C-WEU-AUT,Zone_7A Very cold Humid,rur,q1,sub,2060,0.0
C-WEU-AUT,Zone_7A Very cold Humid,rur,q1,sub,2065,0.0
C-WEU-AUT,Zone_7A Very cold Humid,rur,q1,sub,2070,0.0
C-WEU-AUT,Zone_7A Very cold Humid,rur,q1,sub,2075,0.0
C-WEU-AUT,Zone_7A Very cold Humid,rur,q1,sub,2080,0.0
C-WEU-AUT,Zone_7A Very cold Humid,rur,q1,sub,2085,0.0
C-WEU-AUT,Zone_7A Very cold Humid,rur,q1,sub,2090,0.0
C-WEU-AUT,Zone_7A Very cold Humid,rur,q1,sub,2095,0.0
C-WEU-AUT,Zone_7A Very cold Humid,rur,q1,sub,2100,0.0
C-WEU-AUT,Zone_7A Very cold Humid,rur,q2,perm,2015,0.12092596983716211
C-WEU-AUT,Zone_7A Very cold Humid,rur,q2,perm,2020,0.12092596983716211
C-WEU-AUT,Zone_7A Very cold Humid,rur,q2,perm,2025,0.1203239300608298
C-WEU-AUT,Zone_7A Very cold Humid,rur,q2,perm,2030,0.11989297454271455
C-WEU-AUT,Zone_7A Very cold Humid,rur,q2,perm,2035,0.11948442989696118
C-WEU-AUT,Zone_7A Very cold Humid,rur,q2,perm,2040,0.11912240693983378
C-WEU-AUT,Zone_7A Very cold Humid,rur,q2,perm,2045,0.1188839606929825
C-WEU-AUT,Zone_7A Very cold Humid,rur,q2,perm,2050,0.11878419452038463
C-WEU-AUT,Zone_7A Very cold Humid,rur,q2,perm,2055,0.11875179130023727
C-WEU-AUT,Zone_7A Very cold Humid,rur,q2,perm,2060,0.11875005065986498
C-WEU-AUT,Zone_7A Very cold Humid,rur,q2,perm,2065,0.11876445154653745
C-WEU-AUT,Zone_7A Very cold Humid,rur,q2,perm,2070,0.11882147257373978
C-WEU-AUT,Zone_7A Very cold Humid,rur,q2,perm,2075,0.1189521460980997
C-WEU-AUT,Zone_7A Very cold Humid,rur,q2,perm,2080,0.11911704413012172
C-WEU-AUT,Zone_7A Very cold Humid,rur,q2,perm,2085,0.11928852954807659
C-WEU-AUT,Zone_7A Very cold Humid,rur,q2,perm,2090,0.11946688389446383
C-WEU-AUT,Zone_7A Very cold Humid,rur,q2,perm,2095,0.11966790387779783
C-WEU-AUT,Zone_7A Very cold Humid,rur,q2,perm,2100,0.1198694715478185
C-WEU-AUT,Zone_7A Very cold Humid,rur,q2,sub,2015,0.0
C-WEU-AUT,Zone_7A Very cold Humid,rur,q2,sub,2020,0.0
C-WEU-AUT,Zone_7A Very cold Humid,rur,q2,sub,2025,0.0
C-WEU-AUT,Zone_7A Very cold Humid,rur,q2,sub,2030,0.0
C-WEU-AUT,Zone_7A Very cold Humid,rur,q2,sub,2035,0.0
C-WEU-AUT,Zone_7A Very cold Humid,rur,q2,sub,2040,0.0
C-WEU-AUT,Zone_7A Very cold Humid,rur,q2,sub,2045,0.0
C-WEU-AUT,Zone_7A Very cold Humid,rur,q2,sub,2050,0.0
C-WEU-AUT,Zone_7A Very cold Humid,rur,q2,sub,2055,0.0
C-WEU-AUT,Zone_7A Very cold Humid,rur,q2,sub,2060,0.0
C-WEU-AUT,Zone_7A Very cold Humid,rur,q2,sub,2065,0.0
C-WEU-AUT,Zone_7A Very cold Humid,rur,q2,sub,2070,0.0
C-WEU-AUT,Zone_7A Very cold Humid,rur,q2,sub,2075,0.0
C-WEU-AUT,Zone_7A Very cold Humid,rur,q2,sub,2080,0.0
C-WEU-AUT,Zone_7A Very cold Humid,rur,q2,sub,2085,0.0
C-WEU-AUT,Zone_7A Very cold Humid,rur,q2,sub,2090,0.0
C-WEU-AUT,Zone_7A Very cold Humid,rur,q2,sub,2095,0.0
C-WEU-AUT,Zone_7A Very cold Humid,rur,q2,sub,2100,0.0
C-WEU-AUT,Zone_7A Very cold Humid,rur,q3,perm,2015,0.12092596983716211
C-WEU-AUT,Zone_7A Very cold Humid,rur,q3,perm,2020,0.12092596983716211
C-WEU-AUT,Zone_7A Very cold Humid,rur,q3,perm,2025,0.1203239300608298
C-WEU-AUT,Zone_7A Very cold Humid,rur,q3,perm,2030,0.11989297454271455
C-WEU-AUT,Zone_7A Very cold Humid,rur,q3,perm,2035,0.11948442989696118
C-WEU-AUT,Zone_7A Very cold Humid,rur,q3,perm,2040,0.11912240693983378
C-WEU-AUT,Zone_7A Very cold Humid,rur,q3,perm,2045,0.1188839606929825
C-WEU-AUT,Zone_7A Very cold Humid,rur,q3,perm,2050,0.11878419452038463
C-WEU-AUT,Zone_7A Very cold Humid,rur,q3,perm,2055,0.11875179130023727
C-WEU-AUT,Zone_7A Very cold Humid,rur,q3,perm,2060,0.11875005065986498
C-WEU-AUT,Zone_7A Very cold Humid,rur,q3,perm,2065,0.11876445154653745
C-WEU-AUT,Zone_7A Very cold Humid,rur,q3,perm,2070,0.11882147257373978
C-WEU-AUT,Zone_7A Very cold Humid,rur,q3,perm,2075,0.1189521460980997
C-WEU-AUT,Zone_7A Very cold Humid,rur,q3,perm,2080,0.11911704413012172
C-WEU-AUT,Zone_7A Very cold Humid,rur,q3,perm,2085,0.11928852954807659
C-WEU-AUT,Zone_7A Very cold Humid,rur,q3,perm,2090,0.11946688389446383
C-WEU-AUT,Zone_7A Very cold Humid,rur,q3,perm,2095,0.11966790387779783
C-WEU-AUT,Zone_7A Very cold Humid,rur,q3,perm,2100,0.1198694715478185
C-WEU-AUT,Zone_7A Very cold Humid,rur,q3,sub,2015,0.0
C-WEU-AUT,Zone_7A Very cold Humid,rur,q3,sub,2020,0.0
C-WEU-AUT,Zone_7A Very cold Humid,rur,q3,sub,2025,0.0
C-WEU-AUT,Zone_7A Very cold Humid,rur,q3,sub,2030,0.0
C-WEU-AUT,Zone_7A Very cold Humid,rur,q3,sub,2035,0.0
C-WEU-AUT,Zone_7A Very cold Humid,rur,q3,sub,2040,0.0
C-WEU-AUT,Zone_7A Very cold Humid,rur,q3,sub,2045,0.0
C-WEU-AUT,Zone_7A Very cold Humid,rur,q3,sub,2050,0.0
C-WEU-AUT,Zone_7A Very cold Humid,rur,q3,sub,2055,0.0
C-WEU-AUT,Zone_7A Very cold Humid,rur,q3,sub,2060,0.0
C-WEU-AUT,Zone_7A Very cold Humid,rur,q3,sub,2065,0.0
C-WEU-AUT,Zone_7A Very cold Humid,rur,q3,sub,2070,0.0
C-WEU-AUT,Zone_7A Very cold Humid,rur,q3,sub,2075,0.0
C-WEU-AUT,Zone_7A Very cold Humid,rur,q3,sub,2080,0.0
C-WEU-AUT,Zone_7A Very cold Humid,rur,q3,sub,2085,0.0
C-WEU-AUT,Zone_7A Very cold Humid,rur,q3,sub,2090,0.0
C-WEU-AUT,Zone_7A Very cold Humid,rur,q3,sub,2095,0.0
C-WEU-AUT,Zone_7A Very cold Humid,rur,q3,sub,2100,0.0
C-WEU-AUT,Zone_7A Very cold Humid,urb,q1,perm,2015,0.07179117002263423
C-WEU-AUT,Zone_7A Very cold Humid,urb,q1,perm,2020,0.07179117002263423
C-WEU-AUT,Zone_7A Very cold Humid,urb,q1,perm,2025,0.07295394091480369
C-WEU-AUT,Zone_7A Very cold Humid,urb,q1,perm,2030,0.0739135110477218
C-WEU-AUT,Zone_7A Very cold Humid,urb,q1,perm,2035,0.07471229995978006
C-WEU-AUT,Zone_7A Very cold Humid,urb,q1,perm,2040,0.0753703590313539
C-WEU-AUT,Zone_7A Very cold Humid,urb,q1,perm,2045,0.07595067847261104
C-WEU-AUT,Zone_7A Very cold Humid,urb,q1,perm,2050,0.07648707298800875
C-WEU-AUT,Zone_7A Very cold Humid,urb,q1,perm,2055,0.07696542455776595
C-WEU-AUT,Zone_7A Very cold Humid,urb,q1,perm,2060,0.07739292418118487
C-WEU-AUT,Zone_7A Very cold Humid,urb,q1,perm,2065,0.07780178157166612
C-WEU-AUT,Zone_7A Very cold Humid,urb,q1,perm,2070,0.07823126717095652
C-WEU-AUT,Zone_7A Very cold Humid,urb,q1,perm,2075,0.07869635802486015
C-WEU-AUT,Zone_7A Very cold Humid,urb,q1,perm,2080,0.07915883720782296
C-WEU-AUT,Zone_7A Very cold Humid,urb,q1,perm,2085,0.0795983784687987
C-WEU-AUT,Zone_7A Very cold Humid,urb,q1,perm,2090,0.08002491380988912
C-WEU-AUT,Zone_7A Very cold Humid,urb,q1,perm,2095,0.0804569201789255
C-WEU-AUT,Zone_7A Very cold Humid,urb,q1,perm,2100,0.08088460828531767
C-WEU-AUT,Zone_7A Very cold Humid,urb,q1,sub,2015,0.0
C-WEU-AUT,Zone_7A Very cold Humid,urb,q1,sub,2020,0.0
C-WEU-AUT,Zone_7A Very cold Humid,urb,q1,sub,2025,0.0
C-WEU-AUT,Zone_7A Very cold Humid,urb,q1,sub,2030,0.0
C-WEU-AUT,Zone_7A Very cold Humid,urb,q1,sub,2035,0.0
C-WEU-AUT,Zone_7A Very cold Humid,urb,q1,sub,2040,0.0
C-WEU-AUT,Zone_7A Very cold Humid,urb,q1,sub,2045,0.0
C-WEU-AUT,Zone_7A Very cold Humid,urb,q1,sub,2050,0.0
C-WEU-AUT,Zone_7A Very cold Humid,urb,q1,sub,2055,0.0
C-WEU-AUT,Zone_7A Very cold Humid,urb,q1,sub,2060,0.0
C-WEU-AUT,Zone_7A Very cold Humid,urb,q1,sub,2065,0.0
C-WEU-AUT,Zone_7A Very cold Humid,urb,q1,sub,2070,0.0
C-WEU-AUT,Zone_7A Very cold Humid,urb,q1,sub,2075,0.0
C-WEU-AUT,Zone_7A Very cold Humid,urb,q1,sub,2080,0.0
C-WEU-AUT,Zone_7A Very cold Humid,urb,q1,sub,2085,0.0
C-WEU-AUT,Zone_7A Very cold Humid,urb,q1,sub,2090,0.0
C-WEU-AUT,Zone_7A Very cold Humid,urb,q1,sub,2095,0.0
C-WEU-AUT,Zone_7A Very cold Humid,urb,q1,sub,2100,0.0
C-WEU-AUT,Zone_7A Very cold Humid,urb,q2,perm,2015,0.07179117002263423
C-WEU-AUT,Zone_7A Very cold Humid,urb,q2,perm,2020,0.07179117002263423
C-WEU-AUT,Zone_7A Very cold Humid,urb,q2,perm,2025,0.07295394091480369
C-WEU-AUT,Zone_7A Very cold Humid,urb,q2,perm,2030,0.0739135110477218
C-WEU-AUT,Zone_7A Very cold Humid,urb,q2,perm,2035,0.07471229995978006
C-WEU-AUT,Zone_7A Very cold Humid,urb,q2,perm,2040,0.0753703590313539
C-WEU-AUT,Zone_7A Very cold Humid,urb,q2,perm,2045,0.07595067847261104
C-WEU-AUT,Zone_7A Very cold Humid,urb,q2,perm,2050,0.07648707298800875
C-WEU-AUT,Zone_7A Very cold Humid,urb,q2,perm,2055,0.07696542455776595
C-WEU-AUT,Zone_7A Very cold Humid,urb,q2,perm,2060,0.07739292418118487
C-WEU-AUT,Zone_7A Very cold Humid,urb,q2,perm,2065,0.07780178157166612
C-WEU-AUT,Zone_7A Very cold Humid,urb,q2,perm,2070,0.07823126717095652
C-WEU-AUT,Zone_7A Very cold Humid,urb,q2,perm,2075,0.07869635802486015
C-WEU-AUT,Zone_7A Very cold Humid,urb,q2,perm,2080,0.07915883720782296
C-WEU-AUT,Zone_7A Very cold Humid,urb,q2,perm,2085,0.0795983784687987
C-WEU-AUT,Zone_7A Very cold Humid,urb,q2,perm,2090,0.08002491380988912
C-WEU-AUT,Zone_7A Very cold Humid,urb,q2,perm,2095,0.0804569201789255
C-WEU-AUT,Zone_7A Very cold Humid,urb,q2,perm,2100,0.08088460828531767
C-WEU-AUT,Zone_7A Very cold Humid,urb,q2,sub,2015,0.0
C-WEU-AUT,Zone_7A Very cold Humid,urb,q2,sub,2020,0.0
C-WEU-AUT,Zone_7A Very cold Humid,urb,q2,sub,2025,0.0
C-WEU-AUT,Zone_7A Very cold Humid,urb,q2,sub,2030,0.0
C-WEU-AUT,Zone_7A Very cold Humid,urb,q2,sub,2035,0.0
C-WEU-AUT,Zone_7A Very cold Humid,urb,q2,sub,2040,0.0
C-WEU-AUT,Zone_7A Very cold Humid,urb,q2,sub,2045,0.0
C-WEU-AUT,Zone_7A Very cold Humid,urb,q2,sub,2050,0.0
C-WEU-AUT,Zone_7A Very cold Humid,urb,q2,sub,2055,0.0
C-WEU-AUT,Zone_7A Very cold Humid,urb,q2,sub,2060,0.0
C-WEU-AUT,Zone_7A Very cold Humid,urb,q2,sub,2065,0.0
C-WEU-AUT,Zone_7A Very cold Humid,urb,q2,sub,2070,0.0
C-WEU-AUT,Zone_7A Very cold Humid,urb,q2,sub,2075,0.0
C-WEU-AUT,Zone_7A Very cold Humid,urb,q2,sub,2080,0.0
C-WEU-AUT,Zone_7A Very cold Humid,urb,q2,sub,2085,0.0
C-WEU-AUT,Zone_7A Very cold Humid,urb,q2,sub,2090,0.0
C-WEU-AUT,Zone_7A Very cold Humid,urb,q2,sub,2095,0.0
C-WEU-AUT,Zone_7A Very cold Humid,urb,q2,sub,2100,0.0
C-WEU-AUT,Zone_7A Very cold Humid,urb,q3,perm,2015,0.07179117002263423
C-WEU-AUT,Zone_7A Very cold Humid,urb,q3,perm,2020,0.07179117002263423
C-WEU-AUT,Zone_7A Very cold Humid,urb,q3,perm,2025,0.07295394091480369
C-WEU-AUT,Zone_7A Very cold Humid,urb,q3,perm,2030,0.0739135110477218
C-WEU-AUT,Zone_7A Very cold Humid,urb,q3,perm,2035,0.07471229995978006
C-WEU-AUT,Zone_7A Very cold Humid,urb,q3,perm,2040,0.0753703590313539
C-WEU-AUT,Zone_7A Very cold Humid,urb,q3,perm,2045,0.07595067847261104
C-WEU-AUT,Zone_7A Very cold Humid,urb,q3,perm,2050,0.07648707298800875
C-WEU-AUT,Zone_7A Very cold Humid,urb,q3,perm,2055,0.07696542455776595
C-WEU-AUT,Zone_7A Very cold Humid,urb,q3,perm,2060,0.07739292418118487
C-WEU-AUT,Zone_7A Very cold Humid,urb,q3,perm,2065,0.07780178157166612
C-WEU-AUT,Zone_7A Very cold Humid,urb,q3,perm,2070,0.07823126717095652
C-WEU-AUT,Zone_7A Very cold Humid,urb,q3,perm,2075,0.07869635802486015
C-WEU-AUT,Zone_7A Very cold Humid,urb,q3,perm,2080,0.07915883720782296
C-WEU-AUT,Zone_7A Very cold Humid,urb,q3,perm,2085,0.0795983784687987
C-WEU-AUT,Zone_7A Very cold Humid,urb,q3,perm,2090,0.08002491380988912
C-WEU-AUT,Zone_7A Very cold Humid,urb,q3,perm,2095,0.0804569201789255
C-WEU-AUT,Zone_7A Very cold Humid,urb,q3,perm,2100,0.08088460828531767
C-WEU-AUT,Zone_7A Very cold Humid,urb,q3,sub,2015,0.0
C-WEU-AUT,Zone_7A Very cold Humid,urb,q3,sub,2020,0.0
C-WEU-AUT,Zone_7A Very cold Humid,urb,q3,sub,2025,0.0
C-WEU-AUT,Zone_7A Very cold Humid,urb,q3,sub,2030,0.0
C-WEU-AUT,Zone_7A Very cold Humid,urb,q3,sub,2035,0.0
C-WEU-AUT,Zone_7A Very cold Humid,urb,q3,sub,2040,0.0
C-WEU-AUT,Zone_7A Very cold Humid,urb,q3,sub,2045,0.0
C-WEU-AUT,Zone_7A Very cold Humid,urb,q3,sub,2050,0.0
C-WEU-AUT,Zone_7A Very cold Humid,urb,q3,sub,2055,0.0
C-WEU-AUT,Zone_7A Very cold Humid,urb,q3,sub,2060,0.0
C-WEU-AUT,Zone_7A Very cold Humid,urb,q3,sub,2065,0.0
C-WEU-AUT,Zone_7A Very cold Humid,urb,q3,sub,2070,0.0
C-WEU-AUT,Zone_7A Very cold Humid,urb,q3,sub,2075,0.0
C-WEU-AUT,Zone_7A Very cold Humid,urb,q3,sub,2080,0.0
C-WEU-AUT,Zone_7A Very cold Humid,urb,q3,sub,2085,0.0
C-WEU-AUT,Zone_7A Very cold Humid,urb,q3,sub,2090,0.0
C-WEU-AUT,Zone_7A Very cold Humid,urb,q3,sub,2095,0.0
C-WEU-AUT,Zone_7A Very cold Humid,urb,q3,sub,2100,0.0
C-WEU-BEL,Zone_4A Mixed Humid,rur,q1,perm,2015,1.0
C-WEU-BEL,Zone_4A Mixed Humid,rur,q1,perm,2020,1.0
C-WEU-BEL,Zone_4A Mixed Humid,rur,q1,perm,2025,1.0
C-WEU-BEL,Zone_4A Mixed Humid,rur,q1,perm,2030,1.0
C-WEU-BEL,Zone_4A Mixed Humid,rur,q1,perm,2035,1.0
C-WEU-BEL,Zone_4A Mixed Humid,rur,q1,perm,2040,1.0
C-WEU-BEL,Zone_4A Mixed Humid,rur,q1,perm,2045,1.0
C-WEU-BEL,Zone_4A Mixed Humid,rur,q1,perm,2050,1.0
C-WEU-BEL,Zone_4A Mixed Humid,rur,q1,perm,2055,1.0
C-WEU-BEL,Zone_4A Mixed Humid,rur,q1,perm,2060,1.0
C-WEU-BEL,Zone_4A Mixed Humid,rur,q1,perm,2065,1.0
C-WEU-BEL,Zone_4A Mixed Humid,rur,q1,perm,2070,1.0
C-WEU-BEL,Zone_4A Mixed Humid,rur,q1,perm,2075,1.0
C-WEU-BEL,Zone_4A Mixed Humid,rur,q1,perm,2080,1.0
C-WEU-BEL,Zone_4A Mixed Humid,rur,q1,perm,2085,1.0
C-WEU-BEL,Zone_4A Mixed Humid,rur,q1,perm,2090,1.0
C-WEU-BEL,Zone_4A Mixed Humid,rur,q1,perm,2095,1.0
C-WEU-BEL,Zone_4A Mixed Humid,rur,q1,perm,2100,1.0
C-WEU-BEL,Zone_4A Mixed Humid,rur,q1,sub,2015,0.0
C-WEU-BEL,Zone_4A Mixed Humid,rur,q1,sub,2020,0.0
C-WEU-BEL,Zone_4A Mixed Humid,rur,q1,sub,2025,0.0
C-WEU-BEL,Zone_4A Mixed Humid,rur,q1,sub,2030,0.0
C-WEU-BEL,Zone_4A Mixed Humid,rur,q1,sub,2035,0.0
C-WEU-BEL,Zone_4A Mixed Humid,rur,q1,sub,2040,0.0
C-WEU-BEL,Zone_4A Mixed Humid,rur,q1,sub,2045,0.0
C-WEU-BEL,Zone_4A Mixed Humid,rur,q1,sub,2050,0.0
C-WEU-BEL,Zone_4A Mixed Humid,rur,q1,sub,2055,0.0
C-WEU-BEL,Zone_4A Mixed Humid,rur,q1,sub,2060,0.0
C-WEU-BEL,Zone_4A Mixed Humid,rur,q1,sub,2065,0.0
C-WEU-BEL,Zone_4A Mixed Humid,rur,q1,sub,2070,0.0
C-WEU-BEL,Zone_4A Mixed Humid,rur,q1,sub,2075,0.0
C-WEU-BEL,Zone_4A Mixed Humid,rur,q1,sub,2080,0.0
C-WEU-BEL,Zone_4A Mixed Humid,rur,q1,sub,2085,0.0
C-WEU-BEL,Zone_4A Mixed Humid,rur,q1,sub,2090,0.0
C-WEU-BEL,Zone_4A Mixed Humid,rur,q1,sub,2095,0.0
C-WEU-BEL,Zone_4A Mixed Humid,rur,q1,sub,2100,0.0
C-WEU-BEL,Zone_4A Mixed Humid,rur,q2,perm,2015,1.0
C-WEU-BEL,Zone_4A Mixed Humid,rur,q2,perm,2020,1.0
C-WEU-BEL,Zone_4A Mixed Humid,rur,q2,perm,2025,1.0
C-WEU-BEL,Zone_4A Mixed Humid,rur,q2,perm,2030,1.0
C-WEU-BEL,Zone_4A Mixed Humid,rur,q2,perm,2035,1.0
C-WEU-BEL,Zone_4A Mixed Humid,rur,q2,perm,2040,1.0
C-WEU-BEL,Zone_4A Mixed Humid,rur,q2,perm,2045,1.0
C-WEU-BEL,Zone_4A Mixed Humid,rur,q2,perm,2050,1.0
C-WEU-BEL,Zone_4A Mixed Humid,rur,q2,perm,2055,1.0
C-WEU-BEL,Zone_4A Mixed Humid,rur,q2,perm,2060,1.0
C-WEU-BEL,Zone_4A Mixed Humid,rur,q2,perm,2065,1.0
C-WEU-BEL,Zone_4A Mixed Humid,rur,q2,perm,2070,1.0
C-WEU-BEL,Zone_4A Mixed Humid,rur,q2,perm,2075,1.0
C-WEU-BEL,Zone_4A Mixed Humid,rur,q2,perm,2080,1.0
C-WEU-BEL,Zone_4A Mixed Humid,rur,q2,perm,2085,1.0
C-WEU-BEL,Zone_4A Mixed Humid,rur,q2,perm,2090,1.0
C-WEU-BEL,Zone_4A Mixed Humid,rur,q2,perm,2095,1.0
C-WEU-BEL,Zone_4A Mixed Humid,rur,q2,perm,2100,1.0
C-WEU-BEL,Zone_4A Mixed Humid,rur,q2,sub,2015,0.0
C-WEU-BEL,Zone_4A Mixed Humid,rur,q2,sub,2020,0.0
C-WEU-BEL,Zone_4A Mixed Humid,rur,q2,sub,2025,0.0
C-WEU-BEL,Zone_4A Mixed Humid,rur,q2,sub,2030,0.0
C-WEU-BEL,Zone_4A Mixed Humid,rur,q2,sub,2035,0.0
C-WEU-BEL,Zone_4A Mixed Humid,rur,q2,sub,2040,0.0
C-WEU-BEL,Zone_4A Mixed Humid,rur,q2,sub,2045,0.0
C-WEU-BEL,Zone_4A Mixed Humid,rur,q2,sub,2050,0.0
C-WEU-BEL,Zone_4A Mixed Humid,rur,q2,sub,2055,0.0
C-WEU-BEL,Zone_4A Mixed Humid,rur,q2,sub,2060,0.0
C-WEU-BEL,Zone_4A Mixed Humid,rur,q2,sub,2065,0.0
C-WEU-BEL,Zone_4A Mixed Humid,rur,q2,sub,2070,0.0
C-WEU-BEL,Zone_4A Mixed Humid,rur,q2,sub,2075,0.0
C-WEU-BEL,Zone_4A Mixed Humid,rur,q2,sub,2080,0.0
C-WEU-BEL,Zone_4A Mixed Humid,rur,q2,sub,2085,0.0
C-WEU-BEL,Zone_4A Mixed Humid,rur,q2,sub,2090,0.0
C-WEU-BEL,Zone_4A Mixed Humid,rur,q2,sub,2095,0.0
C-WEU-BEL,Zone_4A Mixed Humid,rur,q2,sub,2100,0.0
C-WEU-BEL,Zone_4A Mixed Humid,rur,q3,perm,2015,1.0
C-WEU-BEL,Zone_4A Mixed Humid,rur,q3,perm,2020,1.0
C-WEU-BEL,Zone_4A Mixed Humid,rur,q3,perm,2025,1.0
C-WEU-BEL,Zone_4A Mixed Humid,rur,q3,perm,2030,1.0
C-WEU-BEL,Zone_4A Mixed Humid,rur,q3,perm,2035,1.0
C-WEU-BEL,Zone_4A Mixed Humid,rur,q3,perm,2040,1.0
C-WEU-BEL,Zone_4A Mixed Humid,rur,q3,perm,2045,1.0
C-WEU-BEL,Zone_4A Mixed Humid,rur,q3,perm,2050,1.0
C-WEU-BEL,Zone_4A Mixed Humid,rur,q3,perm,2055,1.0
C-WEU-BEL,Zone_4A Mixed Humid,rur,q3,perm,2060,1.0
C-WEU-BEL,Zone_4A Mixed Humid,rur,q3,perm,2065,1.0
C-WEU-BEL,Zone_4A Mixed Humid,rur,q3,perm,2070,1.0
C-WEU-BEL,Zone_4A Mixed Humid,rur,q3,perm,2075,1.0
C-WEU-BEL,Zone_4A Mixed Humid,rur,q3,perm,2080,1.0
C-WEU-BEL,Zone_4A Mixed Humid,rur,q3,perm,2085,1.0
C-WEU-BEL,Zone_4A Mixed Humid,rur,q3,perm,2090,1.0
C-WEU-BEL,Zone_4A Mixed Humid,rur,q3,perm,2095,1.0
C-WEU-BEL,Zone_4A Mixed Humid,rur,q3,perm,2100,1.0
C-WEU-BEL,Zone_4A Mixed Humid,rur,q3,sub,2015,0.0
C-WEU-BEL,Zone_4A Mixed Humid,rur,q3,sub,2020,0.0
C-WEU-BEL,Zone_4A Mixed Humid,rur,q3,sub,2025,0.0
C-WEU-BEL,Zone_4A Mixed Humid,rur,q3,sub,2030,0.0
C-WEU-BEL,Zone_4A Mixed Humid,rur,q3,sub,2035,0.0
C-WEU-BEL,Zone_4A Mixed Humid,rur,q3,sub,2040,0.0
C-WEU-BEL,Zone_4A Mixed Humid,rur,q3,sub,2045,0.0
C-WEU-BEL,Zone_4A Mixed Humid,rur,q3,sub,2050,0.0
C-WEU-BEL,Zone_4A Mixed Humid,rur,q3,sub,2055,0.0
C-WEU-BEL,Zone_4A Mixed Humid,rur,q3,sub,2060,0.0
C-WEU-BEL,Zone_4A Mixed Humid,rur,q3,sub,2065,0.0
C-WEU-BEL,Zone_4A Mixed Humid,rur,q3,sub,2070,0.0
C-WEU-BEL,Zone_4A Mixed Humid,rur,q3,sub,2075,0.0
C-WEU-BEL,Zone_4A Mixed Humid,rur,q3,sub,2080,0.0
C-WEU-BEL,Zone_4A Mixed Humid,rur,q3,sub,2085,0.0
C-WEU-BEL,Zone_4A Mixed Humid,rur,q3,sub,2090,0.0
C-WEU-BEL,Zone_4A Mixed Humid,rur,q3,sub,2095,0.0
C-WEU-BEL,Zone_4A Mixed Humid,rur,q3,sub,2100,0.0
C-WEU-BEL,Zone_4A Mixed Humid,urb,q1,perm,2015,1.0
C-WEU-BEL,Zone_4A Mixed Humid,urb,q1,perm,2020,1.0
C-WEU-BEL,Zone_4A Mixed Humid,urb,q1,perm,2025,1.0
C-WEU-BEL,Zone_4A Mixed Humid,urb,q1,perm,2030,1.0
C-WEU-BEL,Zone_4A Mixed Humid,urb,q1,perm,2035,1.0
C-WEU-BEL,Zone_4A Mixed Humid,urb,q1,perm,2040,1.0
C-WEU-BEL,Zone_4A Mixed Humid,urb,q1,perm,2045,1.0
C-WEU-BEL,Zone_4A Mixed Humid,urb,q1,perm,2050,1.0
C-WEU-BEL,Zone_4A Mixed Humid,urb,q1,perm,2055,1.0
C-WEU-BEL,Zone_4A Mixed Humid,urb,q1,perm,2060,1.0
C-WEU-BEL,Zone_4A Mixed Humid,urb,q1,perm,2065,1.0
C-WEU-BEL,Zone_4A Mixed Humid,urb,q1,perm,2070,1.0
C-WEU-BEL,Zone_4A Mixed Humid,urb,q1,perm,2075,1.0
C-WEU-BEL,Zone_4A Mixed Humid,urb,q1,perm,2080,1.0
C-WEU-BEL,Zone_4A Mixed Humid,urb,q1,perm,2085,1.0
C-WEU-BEL,Zone_4A Mixed Humid,urb,q1,perm,2090,1.0
C-WEU-BEL,Zone_4A Mixed Humid,urb,q1,perm,2095,1.0
C-WEU-BEL,Zone_4A Mixed Humid,urb,q1,perm,2100,1.0
C-WEU-BEL,Zone_4A Mixed Humid,urb,q1,sub,2015,0.0
C-WEU-BEL,Zone_4A Mixed Humid,urb,q1,sub,2020,0.0
C-WEU-BEL,Zone_4A Mixed Humid,urb,q1,sub,2025,0.0
C-WEU-BEL,Zone_4A Mixed Humid,urb,q1,sub,2030,0.0
C-WEU-BEL,Zone_4A Mixed Humid,urb,q1,sub,2035,0.0
C-WEU-BEL,Zone_4A Mixed Humid,urb,q1,sub,2040,0.0
C-WEU-BEL,Zone_4A Mixed Humid,urb,q1,sub,2045,0.0
C-WEU-BEL,Zone_4A Mixed Humid,urb,q1,sub,2050,0.0
C-WEU-BEL,Zone_4A Mixed Humid,urb,q1,sub,2055,0.0
C-WEU-BEL,Zone_4A Mixed Humid,urb,q1,sub,2060,0.0
C-WEU-BEL,Zone_4A Mixed Humid,urb,q1,sub,2065,0.0
C-WEU-BEL,Zone_4A Mixed Humid,urb,q1,sub,2070,0.0
C-WEU-BEL,Zone_4A Mixed Humid,urb,q1,sub,2075,0.0
C-WEU-BEL,Zone_4A Mixed Humid,urb,q1,sub,2080,0.0
C-WEU-BEL,Zone_4A Mixed Humid,urb,q1,sub,2085,0.0
C-WEU-BEL,Zone_4A Mixed Humid,urb,q1,sub,2090,0.0
C-WEU-BEL,Zone_4A Mixed Humid,urb,q1,sub,2095,0.0
C-WEU-BEL,Zone_4A Mixed Humid,urb,q1,sub,2100,0.0
C-WEU-BEL,Zone_4A Mixed Humid,urb,q2,perm,2015,1.0
C-WEU-BEL,Zone_4A Mixed Humid,urb,q2,perm,2020,1.0
C-WEU-BEL,Zone_4A Mixed Humid,urb,q2,perm,2025,1.0
C-WEU-BEL,Zone_4A Mixed Humid,urb,q2,perm,2030,1.0
C-WEU-BEL,Zone_4A Mixed Humid,urb,q2,perm,2035,1.0
C-WEU-BEL,Zone_4A Mixed Humid,urb,q2,perm,2040,1.0
C-WEU-BEL,Zone_4A Mixed Humid,urb,q2,perm,2045,1.0
C-WEU-BEL,Zone_4A Mixed Humid,urb,q2,perm,2050,1.0
C-WEU-BEL,Zone_4A Mixed Humid,urb,q2,perm,2055,1.0
C-WEU-BEL,Zone_4A Mixed Humid,urb,q2,perm,2060,1.0
C-WEU-BEL,Zone_4A Mixed Humid,urb,q2,perm,2065,1.0
C-WEU-BEL,Zone_4A Mixed Humid,urb,q2,perm,2070,1.0
C-WEU-BEL,Zone_4A Mixed Humid,urb,q2,perm,2075,1.0
C-WEU-BEL,Zone_4A Mixed Humid,urb,q2,perm,2080,1.0
C-WEU-BEL,Zone_4A Mixed Humid,urb,q2,perm,2085,1.0
C-WEU-BEL,Zone_4A Mixed Humid,urb,q2,perm,2090,1.0
C-WEU-BEL,Zone_4A Mixed Humid,urb,q2,perm,2095,1.0
C-WEU-BEL,Zone_4A Mixed Humid,urb,q2,perm,2100,1.0
C-WEU-BEL,Zone_4A Mixed Humid,urb,q2,sub,2015,0.0
C-WEU-BEL,Zone_4A Mixed Humid,urb,q2,sub,2020,0.0
C-WEU-BEL,Zone_4A Mixed Humid,urb,q2,sub,2025,0.0
C-WEU-BEL,Zone_4A Mixed Humid,urb,q2,sub,2030,0.0
C-WEU-BEL,Zone_4A Mixed Humid,urb,q2,sub,2035,0.0
C-WEU-BEL,Zone_4A Mixed Humid,urb,q2,sub,2040,0.0
C-WEU-BEL,Zone_4A Mixed Humid,urb,q2,sub,2045,0.0
C-WEU-BEL,Zone_4A Mixed Humid,urb,q2,sub,2050,0.0
C-WEU-BEL,Zone_4A Mixed Humid,urb,q2,sub,2055,0.0
C-WEU-BEL,Zone_4A Mixed Humid,urb,q2,sub,2060,0.0
C-WEU-BEL,Zone_4A Mixed Humid,urb,q2,sub,2065,0.0
C-WEU-BEL,Zone_4A Mixed Humid,urb,q2,sub,2070,0.0
C-WEU-BEL,Zone_4A Mixed Humid,urb,q2,sub,2075,0.0
C-WEU-BEL,Zone_4A Mixed Humid,urb,q2,sub,2080,0.0
C-WEU-BEL,Zone_4A Mixed Humid,urb,q2,sub,2085,0.0
C-WEU-BEL,Zone_4A Mixed Humid,urb,q2,sub,2090,0.0
C-WEU-BEL,Zone_4A Mixed Humid,urb,q2,sub,2095,0.0
C-WEU-BEL,Zone_4A Mixed Humid,urb,q2,sub,2100,0.0
C-WEU-BEL,Zone_4A Mixed Humid,urb,q3,perm,2015,1.0
C-WEU-BEL,Zone_4A Mixed Humid,urb,q3,perm,2020,1.0
C-WEU-BEL,Zone_4A Mixed Humid,urb,q3,perm,2025,1.0
C-WEU-BEL,Zone_4A Mixed Humid,urb,q3,perm,2030,1.0
C-WEU-BEL,Zone_4A Mixed Humid,urb,q3,perm,2035,1.0
C-WEU-BEL,Zone_4A Mixed Humid,urb,q3,perm,2040,1.0
C-WEU-BEL,Zone_4A Mixed Humid,urb,q3,perm,2045,1.0
C-WEU-BEL,Zone_4A Mixed Humid,urb,q3,perm,2050,1.0
C-WEU-BEL,Zone_4A Mixed Humid,urb,q3,perm,2055,1.0
C-WEU-BEL,Zone_4A Mixed Humid,urb,q3,perm,2060,1.0
C-WEU-BEL,Zone_4A Mixed Humid,urb,q3,perm,2065,1.0
C-WEU-BEL,Zone_4A Mixed Humid,urb,q3,perm,2070,1.0
C-WEU-BEL,Zone_4A Mixed Humid,urb,q3,perm,2075,1.0
C-WEU-BEL,Zone_4A Mixed Humid,urb,q3,perm,2080,1.0
C-WEU-BEL,Zone_4A Mixed Humid,urb,q3,perm,2085,1.0
C-WEU-BEL,Zone_4A Mixed Humid,urb,q3,perm,2090,1.0
C-WEU-BEL,Zone_4A Mixed Humid,urb,q3,perm,2095,1.0
C-WEU-BEL,Zone_4A Mixed Humid,urb,q3,perm,2100,1.0
C-WEU-BEL,Zone_4A Mixed Humid,urb,q3,sub,2015,0.0
C-WEU-BEL,Zone_4A Mixed Humid,urb,q3,sub,2020,0.0
C-WEU-BEL,Zone_4A Mixed Humid,urb,q3,sub,2025,0.0
C-WEU-BEL,Zone_4A Mixed Humid,urb,q3,sub,2030,0.0
C-WEU-BEL,Zone_4A Mixed Humid,urb,q3,sub,2035,0.0
C-WEU-BEL,Zone_4A Mixed Humid,urb,q3,sub,2040,0.0
C-WEU-BEL,Zone_4A Mixed Humid,urb,q3,sub,2045,0.0
C-WEU-BEL,Zone_4A Mixed Humid,urb,q3,sub,2050,0.0
C-WEU-BEL,Zone_4A Mixed Humid,urb,q3,sub,2055,0.0
C-WEU-BEL,Zone_4A Mixed Humid,urb,q3,sub,2060,0.0
C-WEU-BEL,Zone_4A Mixed Humid,urb,q3,sub,2065,0.0
C-WEU-BEL,Zone_4A Mixed Humid,urb,q3,sub,2070,0.0
C-WEU-BEL,Zone_4A Mixed Humid,urb,q3,sub,2075,0.0
C-WEU-BEL,Zone_4A Mixed Humid,urb,q3,sub,2080,0.0
C-WEU-BEL,Zone_4A Mixed Humid,urb,q3,sub,2085,0.0
C-WEU-BEL,Zone_4A Mixed Humid,urb,q3,sub,2090,0.0
C-WEU-BEL,Zone_4A Mixed Humid,urb,q3,sub,2095,0.0
C-WEU-BEL,Zone_4A Mixed Humid,urb,q3,sub,2100,0.0
C-WEU-BEL,Zone_5A Cool Humid,rur,q1,perm,2015,0.1619671891004384
C-WEU-BEL,Zone_5A Cool Humid,rur,q1,perm,2020,0.1619671891004384
C-WEU-BEL,Zone_5A Cool Humid,rur,q1,perm,2025,0.16139057058285966
C-WEU-BEL,Zone_5A Cool Humid,rur,q1,perm,2030,0.1610460418735816
C-WEU-BEL,Zone_5A Cool Humid,rur,q1,perm,2035,0.16081904885966222
C-WEU-BEL,Zone_5A Cool Humid,rur,q1,perm,2040,0.16064955928544394
C-WEU-BEL,Zone_5A Cool Humid,rur,q1,perm,2045,0.16053061682108904
C-WEU-BEL,Zone_5A Cool Humid,rur,q1,perm,2050,0.1604912561919534
C-WEU-BEL,Zone_5A Cool Humid,rur,q1,perm,2055,0.16043614085863794
C-WEU-BEL,Zone_5A Cool Humid,rur,q1,perm,2060,0.16036432945494297
C-WEU-BEL,Zone_5A Cool Humid,rur,q1,perm,2065,0.16023436967254823
C-WEU-BEL,Zone_5A Cool Humid,rur,q1,perm,2070,0.16004405517316336
C-WEU-BEL,Zone_5A Cool Humid,rur,q1,perm,2075,0.1598101371109064
C-WEU-BEL,Zone_5A Cool Humid,rur,q1,perm,2080,0.15951296867885295
C-WEU-BEL,Zone_5A Cool Humid,rur,q1,perm,2085,0.15910606465337226
C-WEU-BEL,Zone_5A Cool Humid,rur,q1,perm,2090,0.15857600567803062
C-WEU-BEL,Zone_5A Cool Humid,rur,q1,perm,2095,0.15793594891932503
C-WEU-BEL,Zone_5A Cool Humid,rur,q1,perm,2100,0.15721879565092303
C-WEU-BEL,Zone_5A Cool Humid,rur,q1,sub,2015,0.0
C-WEU-BEL,Zone_5A Cool Humid,rur,q1,sub,2020,0.0
C-WEU-BEL,Zone_5A Cool Humid,rur,q1,sub,2025,0.0
C-WEU-BEL,Zone_5A Cool Humid,rur,q1,sub,2030,0.0
C-WEU-BEL,Zone_5A Cool Humid,rur,q1,sub,2035,0.0
C-WEU-BEL,Zone_5A Cool Humid,rur,q1,sub,2040,0.0
C-WEU-BEL,Zone_5A Cool Humid,rur,q1,sub,2045,0.0
C-WEU-BEL,Zone_5A Cool Humid,rur,q1,sub,2050,0.0
C-WEU-BEL,Zone_5A Cool Humid,rur,q1,sub,2055,0.0
C-WEU-BEL,Zone_5A Cool Humid,rur,q1,sub,2060,0.0
C-WEU-BEL,Zone_5A Cool Humid,rur,q1,sub,2065,0.0
C-WEU-BEL,Zone_5A Cool Humid,rur,q1,sub,2070,0.0
C-WEU-BEL,Zone_5A Cool Humid,rur,q1,sub,2075,0.0
C-WEU-BEL,Zone_5A Cool Humid,rur,q1,sub,2080,0.0
C-WEU-BEL,Zone_5A Cool Humid,rur,q1,sub,2085,0.0
C-WEU-BEL,Zone_5A Cool Humid,rur,q1,sub,2090,0.0
C-WEU-BEL,Zone_5A Cool Humid,rur,q1,sub,2095,0.0
C-WEU-BEL,Zone_5A Cool Humid,rur,q1,sub,2100,0.0
C-WEU-BEL,Zone_5A Cool Humid,rur,q2,perm,2015,0.1619671891004384
C-WEU-BEL,Zone_5A Cool Humid,rur,q2,perm,2020,0.1619671891004384
C-WEU-BEL,Zone_5A Cool Humid,rur,q2,perm,2025,0.16139057058285966
C-WEU-BEL,Zone_5A Cool Humid,rur,q2,perm,2030,0.1610460418735816
C-WEU-BEL,Zone_5A Cool Humid,rur,q2,perm,2035,0.16081904885966222
C-WEU-BEL,Zone_5A Cool Humid,rur,q2,perm,2040,0.16064955928544394
C-WEU-BEL,Zone_5A Cool Humid,rur,q2,perm,2045,0.16053061682108904
C-WEU-BEL,Zone_5A Cool Humid,rur,q2,perm,2050,0.1604912561919534
C-WEU-BEL,Zone_5A Cool Humid,rur,q2,perm,2055,0.16043614085863794
C-WEU-BEL,Zone_5A Cool Humid,rur,q2,perm,2060,0.16036432945494297
C-WEU-BEL,Zone_5A Cool Humid,rur,q2,perm,2065,0.16023436967254823
C-WEU-BEL,Zone_5A Cool Humid,rur,q2,perm,2070,0.16004405517316336
C-WEU-BEL,Zone_5A Cool Humid,rur,q2,perm,2075,0.1598101371109064
C-WEU-BEL,Zone_5A Cool Humid,rur,q2,perm,2080,0.15951296867885295
C-WEU-BEL,Zone_5A Cool Humid,rur,q2,perm,2085,0.15910606465337226
C-WEU-BEL,Zone_5A Cool Humid,rur,q2,perm,2090,0.15857600567803062
C-WEU-BEL,Zone_5A Cool Humid,rur,q2,perm,2095,0.15793594891932503
C-WEU-BEL,Zone_5A Cool Humid,rur,q2,perm,2100,0.15721879565092303
C-WEU-BEL,Zone_5A Cool Humid,rur,q2,sub,2015,0.0
C-WEU-BEL,Zone_5A Cool Humid,rur,q2,sub,2020,0.0
C-WEU-BEL,Zone_5A Cool Humid,rur,q2,sub,2025,0.0
C-WEU-BEL,Zone_5A Cool Humid,rur,q2,sub,2030,0.0
C-WEU-BEL,Zone_5A Cool Humid,rur,q2,sub,2035,0.0
C-WEU-BEL,Zone_5A Cool Humid,rur,q2,sub,2040,0.0
C-WEU-BEL,Zone_5A Cool Humid,rur,q2,sub,2045,0.0
C-WEU-BEL,Zone_5A Cool Humid,rur,q2,sub,2050,0.0
C-WEU-BEL,Zone_5A Cool Humid,rur,q2,sub,2055,0.0
C-WEU-BEL,Zone_5A Cool Humid,rur,q2,sub,2060,0.0
C-WEU-BEL,Zone_5A Cool Humid,rur,q2,sub,2065,0.0
C-WEU-BEL,Zone_5A Cool Humid,rur,q2,sub,2070,0.0
C-WEU-BEL,Zone_5A Cool Humid,rur,q2,sub,2075,0.0
C-WEU-BEL,Zone_5A Cool Humid,rur,q2,sub,2080,0.0
C-WEU-BEL,Zone_5A Cool Humid,rur,q2,sub,2085,0.0
C-WEU-BEL,Zone_5A Cool Humid,rur,q2,sub,2090,0.0
C-WEU-BEL,Zone_5A Cool Humid,rur,q2,sub,2095,0.0
C-WEU-BEL,Zone_5A Cool Humid,rur,q2,sub,2100,0.0
C-WEU-BEL,Zone_5A Cool Humid,rur,q3,perm,2015,0.1619671891004384
C-WEU-BEL,Zone_5A Cool Humid,rur,q3,perm,2020,0.1619671891004384
C-WEU-BEL,Zone_5A Cool Humid,rur,q3,perm,2025,0.16139057058285966
C-WEU-BEL,Zone_5A Cool Humid,rur,q3,perm,2030,0.1610460418735816
C-WEU-BEL,Zone_5A Cool Humid,rur,q3,perm,2035,0.16081904885966222
C-WEU-BEL,Zone_5A Cool Humid,rur,q3,perm,2040,0.16064955928544394
C-WEU-BEL,Zone_5A Cool Humid,rur,q3,perm,2045,0.16053061682108904
C-WEU-BEL,Zone_5A Cool Humid,rur,q3,perm,2050,0.1604912561919534
C-WEU-BEL,Zone_5A Cool Humid,rur,q3,perm,2055,0.16043614085863794
C-WEU-BEL,Zone_5A Cool Humid,rur,q3,perm,2060,0.16036432945494297
C-WEU-BEL,Zone_5A Cool Humid,rur,q3,perm,2065,0.16023436967254823
C-WEU-BEL,Zone_5A Cool Humid,rur,q3,perm,2070,0.16004405517316336
C-WEU-BEL,Zone_5A Cool Humid,rur,q3,perm,2075,0.1598101371109064
C-WEU-BEL,Zone_5A Cool Humid,rur,q3,perm,2080,0.15951296867885295
C-WEU-BEL,Zone_5A Cool Humid,rur,q3,perm,2085,0.15910606465337226
C-WEU-BEL,Zone_5A Cool Humid,rur,q3,perm,2090,0.15857600567803062
C-WEU-BEL,Zone_5A Cool Humid,rur,q3,perm,2095,0.15793594891932503
C-WEU-BEL,Zone_5A Cool Humid,rur,q3,perm,2100,0.15721879565092303
C-WEU-BEL,Zone_5A Cool Humid,rur,q3,sub,2015,0.0
C-WEU-BEL,Zone_5A Cool Humid,rur,q3,sub,2020,0.0
C-WEU-BEL,Zone_5A Cool Humid,rur,q3,sub,2025,0.0
C-WEU-BEL,Zone_5A Cool Humid,rur,q3,sub,2030,0.0
C-WEU-BEL,Zone_5A Cool Humid,rur,q3,sub,2035,0.0
C-WEU-BEL,Zone_5A Cool Humid,rur,q3,sub,2040,0.0
C-WEU-BEL,Zone_5A Cool Humid,rur,q3,sub,2045,0.0
C-WEU-BEL,Zone_5A Cool Humid,rur,q3,sub,2050,0.0
C-WEU-BEL,Zone_5A Cool Humid,rur,q3,sub,2055,0.0
C-WEU-BEL,Zone_5A Cool Humid,rur,q3,sub,2060,0.0
C-WEU-BEL,Zone_5A Cool Humid,rur,q3,sub,2065,0.0
C-WEU-BEL,Zone_5A Cool Humid,rur,q3,sub,2070,0.0
C-WEU-BEL,Zone_5A Cool Humid,rur,q3,sub,2075,0.0
C-WEU-BEL,Zone_5A Cool Humid,rur,q3,sub,2080,0.0
C-WEU-BEL,Zone_5A Cool Humid,rur,q3,sub,2085,0.0
C-WEU-BEL,Zone_5A Cool Humid,rur,q3,sub,2090,0.0
C-WEU-BEL,Zone_5A Cool Humid,rur,q3,sub,2095,0.0
C-WEU-BEL,Zone_5A Cool Humid,rur,q3,sub,2100,0.0
C-WEU-BEL,Zone_5A Cool Humid,urb,q1,perm,2015,0.161967189100438
C-WEU-BEL,Zone_5A Cool Humid,urb,q1,perm,2020,0.161967189100438
C-WEU-BEL,Zone_5A Cool Humid,urb,q1,perm,2025,0.16139057058286105
C-WEU-BEL,Zone_5A Cool Humid,urb,q1,perm,2030,0.16104604187358135
C-WEU-BEL,Zone_5A Cool Humid,urb,q1,perm,2035,0.16081904885966342
C-WEU-BEL,Zone_5A Cool Humid,urb,q1,perm,2040,0.16064955928544375
C-WEU-BEL,Zone_5A Cool Humid,urb,q1,perm,2045,0.160530616821089
C-WEU-BEL,Zone_5A Cool Humid,urb,q1,perm,2050,0.16049125619195453
C-WEU-BEL,Zone_5A Cool Humid,urb,q1,perm,2055,0.16043614085863772
C-WEU-BEL,Zone_5A Cool Humid,urb,q1,perm,2060,0.16036432945494186
C-WEU-BEL,Zone_5A Cool Humid,urb,q1,perm,2065,0.16023436967254825
C-WEU-BEL,Zone_5A Cool Humid,urb,q1,perm,2070,0.16004405517316322
C-WEU-BEL,Zone_5A Cool Humid,urb,q1,perm,2075,0.15981013711090625
C-WEU-BEL,Zone_5A Cool Humid,urb,q1,perm,2080,0.15951296867885406
C-WEU-BEL,Zone_5A Cool Humid,urb,q1,perm,2085,0.15910606465337326
C-WEU-BEL,Zone_5A Cool Humid,urb,q1,perm,2090,0.15857600567803176
C-WEU-BEL,Zone_5A Cool Humid,urb,q1,perm,2095,0.15793594891932608
C-WEU-BEL,Zone_5A Cool Humid,urb,q1,perm,2100,0.15721879565092287
C-WEU-BEL,Zone_5A Cool Humid,urb,q1,sub,2015,0.0
C-WEU-BEL,Zone_5A Cool Humid,urb,q1,sub,2020,0.0
C-WEU-BEL,Zone_5A Cool Humid,urb,q1,sub,2025,0.0
C-WEU-BEL,Zone_5A Cool Humid,urb,q1,sub,2030,0.0
C-WEU-BEL,Zone_5A Cool Humid,urb,q1,sub,2035,0.0
C-WEU-BEL,Zone_5A Cool Humid,urb,q1,sub,2040,0.0
C-WEU-BEL,Zone_5A Cool Humid,urb,q1,sub,2045,0.0
C-WEU-BEL,Zone_5A Cool Humid,urb,q1,sub,2050,0.0
C-WEU-BEL,Zone_5A Cool Humid,urb,q1,sub,2055,0.0
C-WEU-BEL,Zone_5A Cool Humid,urb,q1,sub,2060,0.0
C-WEU-BEL,Zone_5A Cool Humid,urb,q1,sub,2065,0.0
C-WEU-BEL,Zone_5A Cool Humid,urb,q1,sub,2070,0.0
C-WEU-BEL,Zone_5A Cool Humid,urb,q1,sub,2075,0.0
C-WEU-BEL,Zone_5A Cool Humid,urb,q1,sub,2080,0.0
C-WEU-BEL,Zone_5A Cool Humid,urb,q1,sub,2085,0.0
C-WEU-BEL,Zone_5A Cool Humid,urb,q1,sub,2090,0.0
C-WEU-BEL,Zone_5A Cool Humid,urb,q1,sub,2095,0.0
C-WEU-BEL,Zone_5A Cool Humid,urb,q1,sub,2100,0.0
C-WEU-BEL,Zone_5A Cool Humid,urb,q2,perm,2015,0.161967189100438
C-WEU-BEL,Zone_5A Cool Humid,urb,q2,perm,2020,0.161967189100438
C-WEU-BEL,Zone_5A Cool Humid,urb,q2,perm,2025,0.16139057058286105
C-WEU-BEL,Zone_5A Cool Humid,urb,q2,perm,2030,0.16104604187358135
C-WEU-BEL,Zone_5A Cool Humid,urb,q2,perm,2035,0.16081904885966342
C-WEU-BEL,Zone_5A Cool Humid,urb,q2,perm,2040,0.16064955928544375
C-WEU-BEL,Zone_5A Cool Humid,urb,q2,perm,2045,0.160530616821089
C-WEU-BEL,Zone_5A Cool Humid,urb,q2,perm,2050,0.16049125619195453
C-WEU-BEL,Zone_5A Cool Humid,urb,q2,perm,2055,0.16043614085863772
C-WEU-BEL,Zone_5A Cool Humid,urb,q2,perm,2060,0.16036432945494186
C-WEU-BEL,Zone_5A Cool Humid,urb,q2,perm,2065,0.16023436967254825
C-WEU-BEL,Zone_5A Cool Humid,urb,q2,perm,2070,0.16004405517316322
C-WEU-BEL,Zone_5A Cool Humid,urb,q2,perm,2075,0.15981013711090625
C-WEU-BEL,Zone_5A Cool Humid,urb,q2,perm,2080,0.15951296867885406
C-WEU-BEL,Zone_5A Cool Humid,urb,q2,perm,2085,0.15910606465337326
C-WEU-BEL,Zone_5A Cool Humid,urb,q2,perm,2090,0.15857600567803176
C-WEU-BEL,Zone_5A Cool Humid,urb,q2,perm,2095,0.15793594891932608
C-WEU-BEL,Zone_5A Cool Humid,urb,q2,perm,2100,0.15721879565092287
C-WEU-BEL,Zone_5A Cool Humid,urb,q2,sub,2015,0.0
C-WEU-BEL,Zone_5A Cool Humid,urb,q2,sub,2020,0.0
C-WEU-BEL,Zone_5A Cool Humid,urb,q2,sub,2025,0.0
C-WEU-BEL,Zone_5A Cool Humid,urb,q2,sub,2030,0.0
C-WEU-BEL,Zone_5A Cool Humid,urb,q2,sub,2035,0.0
C-WEU-BEL,Zone_5A Cool Humid,urb,q2,sub,2040,0.0
C-WEU-BEL,Zone_5A Cool Humid,urb,q2,sub,2045,0.0
C-WEU-BEL,Zone_5A Cool Humid,urb,q2,sub,2050,0.0
C-WEU-BEL,Zone_5A Cool Humid,urb,q2,sub,2055,0.0
C-WEU-BEL,Zone_5A Cool Humid,urb,q2,sub,2060,0.0
C-WEU-BEL,Zone_5A Cool Humid,urb,q2,sub,2065,0.0
C-WEU-BEL,Zone_5A Cool Humid,urb,q2,sub,2070,0.0
C-WEU-BEL,Zone_5A Cool Humid,urb,q2,sub,2075,0.0
C-WEU-BEL,Zone_5A Cool Humid,urb,q2,sub,2080,0.0
C-WEU-BEL,Zone_5A Cool Humid,urb,q2,sub,2085,0.0
C-WEU-BEL,Zone_5A Cool Humid,urb,q2,sub,2090,0.0
C-WEU-BEL,Zone_5A Cool Humid,urb,q2,sub,2095,0.0
C-WEU-BEL,Zone_5A Cool Humid,urb,q2,sub,2100,0.0
C-WEU-BEL,Zone_5A Cool Humid,urb,q3,perm,2015,0.161967189100438
C-WEU-BEL,Zone_5A Cool Humid,urb,q3,perm,2020,0.161967189100438
C-WEU-BEL,Zone_5A Cool Humid,urb,q3,perm,2025,0.16139057058286105
C-WEU-BEL,Zone_5A Cool Humid,urb,q3,perm,2030,0.16104604187358135
C-WEU-BEL,Zone_5A Cool Humid,urb,q3,perm,2035,0.16081904885966342
C-WEU-BEL,Zone_5A Cool Humid,urb,q3,perm,2040,0.16064955928544375
C-WEU-BEL,Zone_5A Cool Humid,urb,q3,perm,2045,0.160530616821089
C-WEU-BEL,Zone_5A Cool Humid,urb,q3,perm,2050,0.16049125619195453
C-WEU-BEL,Zone_5A Cool Humid,urb,q3,perm,2055,0.16043614085863772
C-WEU-BEL,Zone_5A Cool Humid,urb,q3,perm,2060,0.16036432945494186
C-WEU-BEL,Zone_5A Cool Humid,urb,q3,perm,2065,0.16023436967254825
C-WEU-BEL,Zone_5A Cool Humid,urb,q3,perm,2070,0.16004405517316322
C-WEU-BEL,Zone_5A Cool Humid,urb,q3,perm,2075,0.15981013711090625
C-WEU-BEL,Zone_5A Cool Humid,urb,q3,perm,2080,0.15951296867885406
C-WEU-BEL,Zone_5A Cool Humid,urb,q3,perm,2085,0.15910606465337326
C-WEU-BEL,Zone_5A Cool Humid,urb,q3,perm,2090,0.15857600567803176
C-WEU-BEL,Zone_5A Cool Humid,urb,q3,perm,2095,0.15793594891932608
C-WEU-BEL,Zone_5A Cool Humid,urb,q3,perm,2100,0.15721879565092287
C-WEU-BEL,Zone_5A Cool Humid,urb,q3,sub,2015,0.0
C-WEU-BEL,Zone_5A Cool Humid,urb,q3,sub,2020,0.0
C-WEU-BEL,Zone_5A Cool Humid,urb,q3,sub,2025,0.0
C-WEU-BEL,Zone_5A Cool Humid,urb,q3,sub,2030,0.0
C-WEU-BEL,Zone_5A Cool Humid,urb,q3,sub,2035,0.0
C-WEU-BEL,Zone_5A Cool Humid,urb,q3,sub,2040,0.0
C-WEU-BEL,Zone_5A Cool Humid,urb,q3,sub,2045,0.0
C-WEU-BEL,Zone_5A Cool Humid,urb,q3,sub,2050,0.0
C-WEU-BEL,Zone_5A Cool Humid,urb,q3,sub,2055,0.0
C-WEU-BEL,Zone_5A Cool Humid,urb,q3,sub,2060,0.0
C-WEU-BEL,Zone_5A Cool Humid,urb,q3,sub,2065,0.0
C-WEU-BEL,Zone_5A Cool Humid,urb,q3,sub,2070,0.0
C-WEU-BEL,Zone_5A Cool Humid,urb,q3,sub,2075,0.0
C-WEU-BEL,Zone_5A Cool Humid,urb,q3,sub,2080,0.0
C-WEU-BEL,Zone_5A Cool Humid,urb,q3,sub,2085,0.0
C-WEU-BEL,Zone_5A Cool Humid,urb,q3,sub,2090,0.0
C-WEU-BEL,Zone_5A Cool Humid,urb,q3,sub,2095,0.0
C-WEU-BEL,Zone_5A Cool Humid,urb,q3,sub,2100,0.0
C-WEU-CYP,Zone_3A Warm Humid,rur,q1,perm,2015,1.0
C-WEU-CYP,Zone_3A Warm Humid,rur,q1,perm,2020,1.0
C-WEU-CYP,Zone_3A Warm Humid,rur,q1,perm,2025,1.0
C-WEU-CYP,Zone_3A Warm Humid,rur,q1,perm,2030,1.0
C-WEU-CYP,Zone_3A Warm Humid,rur,q1,perm,2035,1.0
C-WEU-CYP,Zone_3A Warm Humid,rur,q1,perm,2040,1.0
C-WEU-CYP,Zone_3A Warm Humid,rur,q1,perm,2045,1.0
C-WEU-CYP,Zone_3A Warm Humid,rur,q1,perm,2050,1.0
C-WEU-CYP,Zone_3A Warm Humid,rur,q1,perm,2055,1.0
C-WEU-CYP,Zone_3A Warm Humid,rur,q1,perm,2060,1.0
C-WEU-CYP,Zone_3A Warm Humid,rur,q1,perm,2065,1.0
C-WEU-CYP,Zone_3A Warm Humid,rur,q1,perm,2070,1.0
C-WEU-CYP,Zone_3A Warm Humid,rur,q1,perm,2075,1.0
C-WEU-CYP,Zone_3A Warm Humid,rur,q1,perm,2080,1.0
C-WEU-CYP,Zone_3A Warm Humid,rur,q1,perm,2085,1.0
C-WEU-CYP,Zone_3A Warm Humid,rur,q1,perm,2090,1.0
C-WEU-CYP,Zone_3A Warm Humid,rur,q1,perm,2095,1.0
C-WEU-CYP,Zone_3A Warm Humid,rur,q1,perm,2100,1.0
C-WEU-CYP,Zone_3A Warm Humid,rur,q1,sub,2015,0.0
C-WEU-CYP,Zone_3A Warm Humid,rur,q1,sub,2020,0.0
C-WEU-CYP,Zone_3A Warm Humid,rur,q1,sub,2025,0.0
C-WEU-CYP,Zone_3A Warm Humid,rur,q1,sub,2030,0.0
C-WEU-CYP,Zone_3A Warm Humid,rur,q1,sub,2035,0.0
C-WEU-CYP,Zone_3A Warm Humid,rur,q1,sub,2040,0.0
C-WEU-CYP,Zone_3A Warm Humid,rur,q1,sub,2045,0.0
C-WEU-CYP,Zone_3A Warm Humid,rur,q1,sub,2050,0.0
C-WEU-CYP,Zone_3A Warm Humid,rur,q1,sub,2055,0.0
C-WEU-CYP,Zone_3A Warm Humid,rur,q1,sub,2060,0.0
C-WEU-CYP,Zone_3A Warm Humid,rur,q1,sub,2065,0.0
C-WEU-CYP,Zone_3A Warm Humid,rur,q1,sub,2070,0.0
C-WEU-CYP,Zone_3A Warm Humid,rur,q1,sub,2075,0.0
C-WEU-CYP,Zone_3A Warm Humid,rur,q1,sub,2080,0.0
C-WEU-CYP,Zone_3A Warm Humid,rur,q1,sub,2085,0.0
C-WEU-CYP,Zone_3A Warm Humid,rur,q1,sub,2090,0.0
C-WEU-CYP,Zone_3A Warm Humid,rur,q1,sub,2095,0.0
C-WEU-CYP,Zone_3A Warm Humid,rur,q1,sub,2100,0.0
C-WEU-CYP,Zone_3A Warm Humid,rur,q2,perm,2015,1.0
C-WEU-CYP,Zone_3A Warm Humid,rur,q2,perm,2020,1.0
C-WEU-CYP,Zone_3A Warm Humid,rur,q2,perm,2025,1.0
C-WEU-CYP,Zone_3A Warm Humid,rur,q2,perm,2030,1.0
C-WEU-CYP,Zone_3A Warm Humid,rur,q2,perm,2035,1.0
C-WEU-CYP,Zone_3A Warm Humid,rur,q2,perm,2040,1.0
C-WEU-CYP,Zone_3A Warm Humid,rur,q2,perm,2045,1.0
C-WEU-CYP,Zone_3A Warm Humid,rur,q2,perm,2050,1.0
C-WEU-CYP,Zone_3A Warm Humid,rur,q2,perm,2055,1.0
C-WEU-CYP,Zone_3A Warm Humid,rur,q2,perm,2060,1.0
C-WEU-CYP,Zone_3A Warm Humid,rur,q2,perm,2065,1.0
C-WEU-CYP,Zone_3A Warm Humid,rur,q2,perm,2070,1.0
C-WEU-CYP,Zone_3A Warm Humid,rur,q2,perm,2075,1.0
C-WEU-CYP,Zone_3A Warm Humid,rur,q2,perm,2080,1.0
C-WEU-CYP,Zone_3A Warm Humid,rur,q2,perm,2085,1.0
C-WEU-CYP,Zone_3A Warm Humid,rur,q2,perm,2090,1.0
C-WEU-CYP,Zone_3A Warm Humid,rur,q2,perm,2095,1.0
C-WEU-CYP,Zone_3A Warm Humid,rur,q2,perm,2100,1.0
C-WEU-CYP,Zone_3A Warm Humid,rur,q2,sub,2015,0.0
C-WEU-CYP,Zone_3A Warm Humid,rur,q2,sub,2020,0.0
C-WEU-CYP,Zone_3A Warm Humid,rur,q2,sub,2025,0.0
C-WEU-CYP,Zone_3A Warm Humid,rur,q2,sub,2030,0.0
C-WEU-CYP,Zone_3A Warm Humid,rur,q2,sub,2035,0.0
C-WEU-CYP,Zone_3A Warm Humid,rur,q2,sub,2040,0.0
C-WEU-CYP,Zone_3A Warm Humid,rur,q2,sub,2045,0.0
C-WEU-CYP,Zone_3A Warm Humid,rur,q2,sub,2050,0.0
C-WEU-CYP,Zone_3A Warm Humid,rur,q2,sub,2055,0.0
C-WEU-CYP,Zone_3A Warm Humid,rur,q2,sub,2060,0.0
C-WEU-CYP,Zone_3A Warm Humid,rur,q2,sub,2065,0.0
C-WEU-CYP,Zone_3A Warm Humid,rur,q2,sub,2070,0.0
C-WEU-CYP,Zone_3A Warm Humid,rur,q2,sub,2075,0.0
C-WEU-CYP,Zone_3A Warm Humid,rur,q2,sub,2080,0.0
C-WEU-CYP,Zone_3A Warm Humid,rur,q2,sub,2085,0.0
C-WEU-CYP,Zone_3A Warm Humid,rur,q2,sub,2090,0.0
C-WEU-CYP,Zone_3A Warm Humid,rur,q2,sub,2095,0.0
C-WEU-CYP,Zone_3A Warm Humid,rur,q2,sub,2100,0.0
C-WEU-CYP,Zone_3A Warm Humid,rur,q3,perm,2015,1.0
C-WEU-CYP,Zone_3A Warm Humid,rur,q3,perm,2020,1.0
C-WEU-CYP,Zone_3A Warm Humid,rur,q3,perm,2025,1.0
C-WEU-CYP,Zone_3A Warm Humid,rur,q3,perm,2030,1.0
C-WEU-CYP,Zone_3A Warm Humid,rur,q3,perm,2035,1.0
C-WEU-CYP,Zone_3A Warm Humid,rur,q3,perm,2040,1.0
C-WEU-CYP,Zone_3A Warm Humid,rur,q3,perm,2045,1.0
C-WEU-CYP,Zone_3A Warm Humid,rur,q3,perm,2050,1.0
C-WEU-CYP,Zone_3A Warm Humid,rur,q3,perm,2055,1.0
C-WEU-CYP,Zone_3A Warm Humid,rur,q3,perm,2060,1.0
C-WEU-CYP,Zone_3A Warm Humid,rur,q3,perm,2065,1.0
C-WEU-CYP,Zone_3A Warm Humid,rur,q3,perm,2070,1.0
C-WEU-CYP,Zone_3A Warm Humid,rur,q3,perm,2075,1.0
C-WEU-CYP,Zone_3A Warm Humid,rur,q3,perm,2080,1.0
C-WEU-CYP,Zone_3A Warm Humid,rur,q3,perm,2085,1.0
C-WEU-CYP,Zone_3A Warm Humid,rur,q3,perm,2090,1.0
C-WEU-CYP,Zone_3A Warm Humid,rur,q3,perm,2095,1.0
C-WEU-CYP,Zone_3A Warm Humid,rur,q3,perm,2100,1.0
C-WEU-CYP,Zone_3A Warm Humid,rur,q3,sub,2015,0.0
C-WEU-CYP,Zone_3A Warm Humid,rur,q3,sub,2020,0.0
C-WEU-CYP,Zone_3A Warm Humid,rur,q3,sub,2025,0.0
C-WEU-CYP,Zone_3A Warm Humid,rur,q3,sub,2030,0.0
C-WEU-CYP,Zone_3A Warm Humid,rur,q3,sub,2035,0.0
C-WEU-CYP,Zone_3A Warm Humid,rur,q3,sub,2040,0.0
C-WEU-CYP,Zone_3A Warm Humid,rur,q3,sub,2045,0.0
C-WEU-CYP,Zone_3A Warm Humid,rur,q3,sub,2050,0.0
C-WEU-CYP,Zone_3A Warm Humid,rur,q3,sub,2055,0.0
C-WEU-CYP,Zone_3A Warm Humid,rur,q3,sub,2060,0.0
C-WEU-CYP,Zone_3A Warm Humid,rur,q3,sub,2065,0.0
C-WEU-CYP,Zone_3A Warm Humid,rur,q3,sub,2070,0.0
C-WEU-CYP,Zone_3A Warm Humid,rur,q3,sub,2075,0.0
C-WEU-CYP,Zone_3A Warm Humid,rur,q3,sub,2080,0.0
C-WEU-CYP,Zone_3A Warm Humid,rur,q3,sub,2085,0.0
C-WEU-CYP,Zone_3A Warm Humid,rur,q3,sub,2090,0.0
C-WEU-CYP,Zone_3A Warm Humid,rur,q3,sub,2095,0.0
C-WEU-CYP,Zone_3A Warm Humid,rur,q3,sub,2100,0.0
C-WEU-CYP,Zone_3A Warm Humid,urb,q1,perm,2015,1.0
C-WEU-CYP,Zone_3A Warm Humid,urb,q1,perm,2020,1.0
C-WEU-CYP,Zone_3A Warm Humid,urb,q1,perm,2025,1.0
C-WEU-CYP,Zone_3A Warm Humid,urb,q1,perm,2030,1.0
C-WEU-CYP,Zone_3A Warm Humid,urb,q1,perm,2035,1.0
C-WEU-CYP,Zone_3A Warm Humid,urb,q1,perm,2040,1.0
C-WEU-CYP,Zone_3A Warm Humid,urb,q1,perm,2045,1.0
C-WEU-CYP,Zone_3A Warm Humid,urb,q1,perm,2050,1.0
C-WEU-CYP,Zone_3A Warm Humid,urb,q1,perm,2055,1.0
C-WEU-CYP,Zone_3A Warm Humid,urb,q1,perm,2060,1.0
C-WEU-CYP,Zone_3A Warm Humid,urb,q1,perm,2065,1.0
C-WEU-CYP,Zone_3A Warm Humid,urb,q1,perm,2070,1.0
C-WEU-CYP,Zone_3A Warm Humid,urb,q1,perm,2075,1.0
C-WEU-CYP,Zone_3A Warm Humid,urb,q1,perm,2080,1.0
C-WEU-CYP,Zone_3A Warm Humid,urb,q1,perm,2085,1.0
C-WEU-CYP,Zone_3A Warm Humid,urb,q1,perm,2090,1.0
C-WEU-CYP,Zone_3A Warm Humid,urb,q1,perm,2095,1.0
C-WEU-CYP,Zone_3A Warm Humid,urb,q1,perm,2100,1.0
C-WEU-CYP,Zone_3A Warm Humid,urb,q1,sub,2015,0.0
C-WEU-CYP,Zone_3A Warm Humid,urb,q1,sub,2020,0.0
C-WEU-CYP,Zone_3A Warm Humid,urb,q1,sub,2025,0.0
C-WEU-CYP,Zone_3A Warm Humid,urb,q1,sub,2030,0.0
C-WEU-CYP,Zone_3A Warm Humid,urb,q1,sub,2035,0.0
C-WEU-CYP,Zone_3A Warm Humid,urb,q1,sub,2040,0.0
C-WEU-CYP,Zone_3A Warm Humid,urb,q1,sub,2045,0.0
C-WEU-CYP,Zone_3A Warm Humid,urb,q1,sub,2050,0.0
C-WEU-CYP,Zone_3A Warm Humid,urb,q1,sub,2055,0.0
C-WEU-CYP,Zone_3A Warm Humid,urb,q1,sub,2060,0.0
C-WEU-CYP,Zone_3A Warm Humid,urb,q1,sub,2065,0.0
C-WEU-CYP,Zone_3A Warm Humid,urb,q1,sub,2070,0.0
C-WEU-CYP,Zone_3A Warm Humid,urb,q1,sub,2075,0.0
C-WEU-CYP,Zone_3A Warm Humid,urb,q1,sub,2080,0.0
C-WEU-CYP,Zone_3A Warm Humid,urb,q1,sub,2085,0.0
C-WEU-CYP,Zone_3A Warm Humid,urb,q1,sub,2090,0.0
C-WEU-CYP,Zone_3A Warm Humid,urb,q1,sub,2095,0.0
C-WEU-CYP,Zone_3A Warm Humid,urb,q1,sub,2100,0.0
C-WEU-CYP,Zone_3A Warm Humid,urb,q2,perm,2015,1.0
C-WEU-CYP,Zone_3A Warm Humid,urb,q2,perm,2020,1.0
C-WEU-CYP,Zone_3A Warm Humid,urb,q2,perm,2025,1.0
C-WEU-CYP,Zone_3A Warm Humid,urb,q2,perm,2030,1.0
C-WEU-CYP,Zone_3A Warm Humid,urb,q2,perm,2035,1.0
C-WEU-CYP,Zone_3A Warm Humid,urb,q2,perm,2040,1.0
C-WEU-CYP,Zone_3A Warm Humid,urb,q2,perm,2045,1.0
C-WEU-CYP,Zone_3A Warm Humid,urb,q2,perm,2050,1.0
C-WEU-CYP,Zone_3A Warm Humid,urb,q2,perm,2055,1.0
C-WEU-CYP,Zone_3A Warm Humid,urb,q2,perm,2060,1.0
C-WEU-CYP,Zone_3A Warm Humid,urb,q2,perm,2065,1.0
C-WEU-CYP,Zone_3A Warm Humid,urb,q2,perm,2070,1.0
C-WEU-CYP,Zone_3A Warm Humid,urb,q2,perm,2075,1.0
C-WEU-CYP,Zone_3A Warm Humid,urb,q2,perm,2080,1.0
C-WEU-CYP,Zone_3A Warm Humid,urb,q2,perm,2085,1.0
C-WEU-CYP,Zone_3A Warm Humid,urb,q2,perm,2090,1.0
C-WEU-CYP,Zone_3A Warm Humid,urb,q2,perm,2095,1.0
C-WEU-CYP,Zone_3A Warm Humid,urb,q2,perm,2100,1.0
C-WEU-CYP,Zone_3A Warm Humid,urb,q2,sub,2015,0.0
C-WEU-CYP,Zone_3A Warm Humid,urb,q2,sub,2020,0.0
C-WEU-CYP,Zone_3A Warm Humid,urb,q2,sub,2025,0.0
C-WEU-CYP,Zone_3A Warm Humid,urb,q2,sub,2030,0.0
C-WEU-CYP,Zone_3A Warm Humid,urb,q2,sub,2035,0.0
C-WEU-CYP,Zone_3A Warm Humid,urb,q2,sub,2040,0.0
C-WEU-CYP,Zone_3A Warm Humid,urb,q2,sub,2045,0.0
C-WEU-CYP,Zone_3A Warm Humid,urb,q2,sub,2050,0.0
C-WEU-CYP,Zone_3A Warm Humid,urb,q2,sub,2055,0.0
C-WEU-CYP,Zone_3A Warm Humid,urb,q2,sub,2060,0.0
C-WEU-CYP,Zone_3A Warm Humid,urb,q2,sub,2065,0.0
C-WEU-CYP,Zone_3A Warm Humid,urb,q2,sub,2070,0.0
C-WEU-CYP,Zone_3A Warm Humid,urb,q2,sub,2075,0.0
C-WEU-CYP,Zone_3A Warm Humid,urb,q2,sub,2080,0.0
C-WEU-CYP,Zone_3A Warm Humid,urb,q2,sub,2085,0.0
C-WEU-CYP,Zone_3A Warm Humid,urb,q2,sub,2090,0.0
C-WEU-CYP,Zone_3A Warm Humid,urb,q2,sub,2095,0.0
C-WEU-CYP,Zone_3A Warm Humid,urb,q2,sub,2100,0.0
C-WEU-CYP,Zone_3A Warm Humid,urb,q3,perm,2015,1.0
C-WEU-CYP,Zone_3A Warm Humid,urb,q3,perm,2020,1.0
C-WEU-CYP,Zone_3A Warm Humid,urb,q3,perm,2025,1.0
C-WEU-CYP,Zone_3A Warm Humid,urb,q3,perm,2030,1.0
C-WEU-CYP,Zone_3A Warm Humid,urb,q3,perm,2035,1.0
C-WEU-CYP,Zone_3A Warm Humid,urb,q3,perm,2040,1.0
C-WEU-CYP,Zone_3A Warm Humid,urb,q3,perm,2045,1.0
C-WEU-CYP,Zone_3A Warm Humid,urb,q3,perm,2050,1.0
C-WEU-CYP,Zone_3A Warm Humid,urb,q3,perm,2055,1.0
C-WEU-CYP,Zone_3A Warm Humid,urb,q3,perm,2060,1.0
C-WEU-CYP,Zone_3A Warm Humid,urb,q3,perm,2065,1.0
C-WEU-CYP,Zone_3A Warm Humid,urb,q3,perm,2070,1.0
C-WEU-CYP,Zone_3A Warm Humid,urb,q3,perm,2075,1.0
C-WEU-CYP,Zone_3A Warm Humid,urb,q3,perm,2080,1.0
C-WEU-CYP,Zone_3A Warm Humid,urb,q3,perm,2085,1.0
C-WEU-CYP,Zone_3A Warm Humid,urb,q3,perm,2090,1.0
C-WEU-CYP,Zone_3A Warm Humid,urb,q3,perm,2095,1.0
C-WEU-CYP,Zone_3A Warm Humid,urb,q3,perm,2100,1.0
C-WEU-CYP,Zone_3A Warm Humid,urb,q3,sub,2015,0.0
C-WEU-CYP,Zone_3A Warm Humid,urb,q3,sub,2020,0.0
C-WEU-CYP,Zone_3A Warm Humid,urb,q3,sub,2025,0.0
C-WEU-CYP,Zone_3A Warm Humid,urb,q3,sub,2030,0.0
C-WEU-CYP,Zone_3A Warm Humid,urb,q3,sub,2035,0.0
C-WEU-CYP,Zone_3A Warm Humid,urb,q3,sub,2040,0.0
C-WEU-CYP,Zone_3A Warm Humid,urb,q3,sub,2045,0.0
C-WEU-CYP,Zone_3A Warm Humid,urb,q3,sub,2050,0.0
C-WEU-CYP,Zone_3A Warm Humid,urb,q3,sub,2055,0.0
C-WEU-CYP,Zone_3A Warm Humid,urb,q3,sub,2060,0.0
C-WEU-CYP,Zone_3A Warm Humid,urb,q3,sub,2065,0.0
C-WEU-CYP,Zone_3A Warm Humid,urb,q3,sub,2070,0.0
C-WEU-CYP,Zone_3A Warm Humid,urb,q3,sub,2075,0.0
C-WEU-CYP,Zone_3A Warm Humid,urb,q3,sub,2080,0.0
C-WEU-CYP,Zone_3A Warm Humid,urb,q3,sub,2085,0.0
C-WEU-CYP,Zone_3A Warm Humid,urb,q3,sub,2090,0.0
C-WEU-CYP,Zone_3A Warm Humid,urb,q3,sub,2095,0.0
C-WEU-CYP,Zone_3A Warm Humid,urb,q3,sub,2100,0.0
C-WEU-DEU,Zone_4A Mixed Humid,rur,q1,perm,2015,1.0
C-WEU-DEU,Zone_4A Mixed Humid,rur,q1,perm,2020,1.0
C-WEU-DEU,Zone_4A Mixed Humid,rur,q1,perm,2025,1.0
C-WEU-DEU,Zone_4A Mixed Humid,rur,q1,perm,2030,1.0
C-WEU-DEU,Zone_4A Mixed Humid,rur,q1,perm,2035,1.0
C-WEU-DEU,Zone_4A Mixed Humid,rur,q1,perm,2040,1.0
C-WEU-DEU,Zone_4A Mixed Humid,rur,q1,perm,2045,1.0
C-WEU-DEU,Zone_4A Mixed Humid,rur,q1,perm,2050,1.0
C-WEU-DEU,Zone_4A Mixed Humid,rur,q1,perm,2055,1.0
C-WEU-DEU,Zone_4A Mixed Humid,rur,q1,perm,2060,1.0
C-WEU-DEU,Zone_4A Mixed Humid,rur,q1,perm,2065,1.0
C-WEU-DEU,Zone_4A Mixed Humid,rur,q1,perm,2070,1.0
C-WEU-DEU,Zone_4A Mixed Humid,rur,q1,perm,2075,1.0
C-WEU-DEU,Zone_4A Mixed Humid,rur,q1,perm,2080,1.0
C-WEU-DEU,Zone_4A Mixed Humid,rur,q1,perm,2085,1.0
C-WEU-DEU,Zone_4A Mixed Humid,rur,q1,perm,2090,1.0
C-WEU-DEU,Zone_4A Mixed Humid,rur,q1,perm,2095,1.0
C-WEU-DEU,Zone_4A Mixed Humid,rur,q1,perm,2100,1.0
C-WEU-DEU,Zone_4A Mixed Humid,rur,q1,sub,2015,0.0
C-WEU-DEU,Zone_4A Mixed Humid,rur,q1,sub,2020,0.0
C-WEU-DEU,Zone_4A Mixed Humid,rur,q1,sub,2025,0.0
C-WEU-DEU,Zone_4A Mixed Humid,rur,q1,sub,2030,0.0
C-WEU-DEU,Zone_4A Mixed Humid,rur,q1,sub,2035,0.0
C-WEU-DEU,Zone_4A Mixed Humid,rur,q1,sub,2040,0.0
C-WEU-DEU,Zone_4A Mixed Humid,rur,q1,sub,2045,0.0
C-WEU-DEU,Zone_4A Mixed Humid,rur,q1,sub,2050,0.0
C-WEU-DEU,Zone_4A Mixed Humid,rur,q1,sub,2055,0.0
C-WEU-DEU,Zone_4A Mixed Humid,rur,q1,sub,2060,0.0
C-WEU-DEU,Zone_4A Mixed Humid,rur,q1,sub,2065,0.0
C-WEU-DEU,Zone_4A Mixed Humid,rur,q1,sub,2070,0.0
C-WEU-DEU,Zone_4A Mixed Humid,rur,q1,sub,2075,0.0
C-WEU-DEU,Zone_4A Mixed Humid,rur,q1,sub,2080,0.0
C-WEU-DEU,Zone_4A Mixed Humid,rur,q1,sub,2085,0.0
C-WEU-DEU,Zone_4A Mixed Humid,rur,q1,sub,2090,0.0
C-WEU-DEU,Zone_4A Mixed Humid,rur,q1,sub,2095,0.0
C-WEU-DEU,Zone_4A Mixed Humid,rur,q1,sub,2100,0.0
C-WEU-DEU,Zone_4A Mixed Humid,rur,q2,perm,2015,1.0
C-WEU-DEU,Zone_4A Mixed Humid,rur,q2,perm,2020,1.0
C-WEU-DEU,Zone_4A Mixed Humid,rur,q2,perm,2025,1.0
C-WEU-DEU,Zone_4A Mixed Humid,rur,q2,perm,2030,1.0
C-WEU-DEU,Zone_4A Mixed Humid,rur,q2,perm,2035,1.0
C-WEU-DEU,Zone_4A Mixed Humid,rur,q2,perm,2040,1.0
C-WEU-DEU,Zone_4A Mixed Humid,rur,q2,perm,2045,1.0
C-WEU-DEU,Zone_4A Mixed Humid,rur,q2,perm,2050,1.0
C-WEU-DEU,Zone_4A Mixed Humid,rur,q2,perm,2055,1.0
C-WEU-DEU,Zone_4A Mixed Humid,rur,q2,perm,2060,1.0
C-WEU-DEU,Zone_4A Mixed Humid,rur,q2,perm,2065,1.0
C-WEU-DEU,Zone_4A Mixed Humid,rur,q2,perm,2070,1.0
C-WEU-DEU,Zone_4A Mixed Humid,rur,q2,perm,2075,1.0
C-WEU-DEU,Zone_4A Mixed Humid,rur,q2,perm,2080,1.0
C-WEU-DEU,Zone_4A Mixed Humid,rur,q2,perm,2085,1.0
C-WEU-DEU,Zone_4A Mixed Humid,rur,q2,perm,2090,1.0
C-WEU-DEU,Zone_4A Mixed Humid,rur,q2,perm,2095,1.0
C-WEU-DEU,Zone_4A Mixed Humid,rur,q2,perm,2100,1.0
C-WEU-DEU,Zone_4A Mixed Humid,rur,q2,sub,2015,0.0
C-WEU-DEU,Zone_4A Mixed Humid,rur,q2,sub,2020,0.0
C-WEU-DEU,Zone_4A Mixed Humid,rur,q2,sub,2025,0.0
C-WEU-DEU,Zone_4A Mixed Humid,rur,q2,sub,2030,0.0
C-WEU-DEU,Zone_4A Mixed Humid,rur,q2,sub,2035,0.0
C-WEU-DEU,Zone_4A Mixed Humid,rur,q2,sub,2040,0.0
C-WEU-DEU,Zone_4A Mixed Humid,rur,q2,sub,2045,0.0
C-WEU-DEU,Zone_4A Mixed Humid,rur,q2,sub,2050,0.0
C-WEU-DEU,Zone_4A Mixed Humid,rur,q2,sub,2055,0.0
C-WEU-DEU,Zone_4A Mixed Humid,rur,q2,sub,2060,0.0
C-WEU-DEU,Zone_4A Mixed Humid,rur,q2,sub,2065,0.0
C-WEU-DEU,Zone_4A Mixed Humid,rur,q2,sub,2070,0.0
C-WEU-DEU,Zone_4A Mixed Humid,rur,q2,sub,2075,0.0
C-WEU-DEU,Zone_4A Mixed Humid,rur,q2,sub,2080,0.0
C-WEU-DEU,Zone_4A Mixed Humid,rur,q2,sub,2085,0.0
C-WEU-DEU,Zone_4A Mixed Humid,rur,q2,sub,2090,0.0
C-WEU-DEU,Zone_4A Mixed Humid,rur,q2,sub,2095,0.0
C-WEU-DEU,Zone_4A Mixed Humid,rur,q2,sub,2100,0.0
C-WEU-DEU,Zone_4A Mixed Humid,rur,q3,perm,2015,1.0
C-WEU-DEU,Zone_4A Mixed Humid,rur,q3,perm,2020,1.0
C-WEU-DEU,Zone_4A Mixed Humid,rur,q3,perm,2025,1.0
C-WEU-DEU,Zone_4A Mixed Humid,rur,q3,perm,2030,1.0
C-WEU-DEU,Zone_4A Mixed Humid,rur,q3,perm,2035,1.0
C-WEU-DEU,Zone_4A Mixed Humid,rur,q3,perm,2040,1.0
C-WEU-DEU,Zone_4A Mixed Humid,rur,q3,perm,2045,1.0
C-WEU-DEU,Zone_4A Mixed Humid,rur,q3,perm,2050,1.0
C-WEU-DEU,Zone_4A Mixed Humid,rur,q3,perm,2055,1.0
C-WEU-DEU,Zone_4A Mixed Humid,rur,q3,perm,2060,1.0
C-WEU-DEU,Zone_4A Mixed Humid,rur,q3,perm,2065,1.0
C-WEU-DEU,Zone_4A Mixed Humid,rur,q3,perm,2070,1.0
C-WEU-DEU,Zone_4A Mixed Humid,rur,q3,perm,2075,1.0
C-WEU-DEU,Zone_4A Mixed Humid,rur,q3,perm,2080,1.0
C-WEU-DEU,Zone_4A Mixed Humid,rur,q3,perm,2085,1.0
C-WEU-DEU,Zone_4A Mixed Humid,rur,q3,perm,2090,1.0
C-WEU-DEU,Zone_4A Mixed Humid,rur,q3,perm,2095,1.0
C-WEU-DEU,Zone_4A Mixed Humid,rur,q3,perm,2100,1.0
C-WEU-DEU,Zone_4A Mixed Humid,rur,q3,sub,2015,0.0
C-WEU-DEU,Zone_4A Mixed Humid,rur,q3,sub,2020,0.0
C-WEU-DEU,Zone_4A Mixed Humid,rur,q3,sub,2025,0.0
C-WEU-DEU,Zone_4A Mixed Humid,rur,q3,sub,2030,0.0
C-WEU-DEU,Zone_4A Mixed Humid,rur,q3,sub,2035,0.0
C-WEU-DEU,Zone_4A Mixed Humid,rur,q3,sub,2040,0.0
C-WEU-DEU,Zone_4A Mixed Humid,rur,q3,sub,2045,0.0
C-WEU-DEU,Zone_4A Mixed Humid,rur,q3,sub,2050,0.0
C-WEU-DEU,Zone_4A Mixed Humid,rur,q3,sub,2055,0.0
C-WEU-DEU,Zone_4A Mixed Humid,rur,q3,sub,2060,0.0
C-WEU-DEU,Zone_4A Mixed Humid,rur,q3,sub,2065,0.0
C-WEU-DEU,Zone_4A Mixed Humid,rur,q3,sub,2070,0.0
C-WEU-DEU,Zone_4A Mixed Humid,rur,q3,sub,2075,0.0
C-WEU-DEU,Zone_4A Mixed Humid,rur,q3,sub,2080,0.0
C-WEU-DEU,Zone_4A Mixed Humid,rur,q3,sub,2085,0.0
C-WEU-DEU,Zone_4A Mixed Humid,rur,q3,sub,2090,0.0
C-WEU-DEU,Zone_4A Mixed Humid,rur,q3,sub,2095,0.0
C-WEU-DEU,Zone_4A Mixed Humid,rur,q3,sub,2100,0.0
C-WEU-DEU,Zone_4A Mixed Humid,urb,q1,perm,2015,1.0
C-WEU-DEU,Zone_4A Mixed Humid,urb,q1,perm,2020,1.0
C-WEU-DEU,Zone_4A Mixed Humid,urb,q1,perm,2025,1.0
C-WEU-DEU,Zone_4A Mixed Humid,urb,q1,perm,2030,1.0
C-WEU-DEU,Zone_4A Mixed Humid,urb,q1,perm,2035,1.0
C-WEU-DEU,Zone_4A Mixed Humid,urb,q1,perm,2040,1.0
C-WEU-DEU,Zone_4A Mixed Humid,urb,q1,perm,2045,1.0
C-WEU-DEU,Zone_4A Mixed Humid,urb,q1,perm,2050,1.0
C-WEU-DEU,Zone_4A Mixed Humid,urb,q1,perm,2055,1.0
C-WEU-DEU,Zone_4A Mixed Humid,urb,q1,perm,2060,1.0
C-WEU-DEU,Zone_4A Mixed Humid,urb,q1,perm,2065,1.0
C-WEU-DEU,Zone_4A Mixed Humid,urb,q1,perm,2070,1.0
C-WEU-DEU,Zone_4A Mixed Humid,urb,q1,perm,2075,1.0
C-WEU-DEU,Zone_4A Mixed Humid,urb,q1,perm,2080,1.0
C-WEU-DEU,Zone_4A Mixed Humid,urb,q1,perm,2085,1.0
C-WEU-DEU,Zone_4A Mixed Humid,urb,q1,perm,2090,1.0
C-WEU-DEU,Zone_4A Mixed Humid,urb,q1,perm,2095,1.0
C-WEU-DEU,Zone_4A Mixed Humid,urb,q1,perm,2100,1.0
C-WEU-DEU,Zone_4A Mixed Humid,urb,q1,sub,2015,0.0
C-WEU-DEU,Zone_4A Mixed Humid,urb,q1,sub,2020,0.0
C-WEU-DEU,Zone_4A Mixed Humid,urb,q1,sub,2025,0.0
C-WEU-DEU,Zone_4A Mixed Humid,urb,q1,sub,2030,0.0
C-WEU-DEU,Zone_4A Mixed Humid,urb,q1,sub,2035,0.0
C-WEU-DEU,Zone_4A Mixed Humid,urb,q1,sub,2040,0.0
C-WEU-DEU,Zone_4A Mixed Humid,urb,q1,sub,2045,0.0
C-WEU-DEU,Zone_4A Mixed Humid,urb,q1,sub,2050,0.0
C-WEU-DEU,Zone_4A Mixed Humid,urb,q1,sub,2055,0.0
C-WEU-DEU,Zone_4A Mixed Humid,urb,q1,sub,2060,0.0
C-WEU-DEU,Zone_4A Mixed Humid,urb,q1,sub,2065,0.0
C-WEU-DEU,Zone_4A Mixed Humid,urb,q1,sub,2070,0.0
C-WEU-DEU,Zone_4A Mixed Humid,urb,q1,sub,2075,0.0
C-WEU-DEU,Zone_4A Mixed Humid,urb,q1,sub,2080,0.0
C-WEU-DEU,Zone_4A Mixed Humid,urb,q1,sub,2085,0.0
C-WEU-DEU,Zone_4A Mixed Humid,urb,q1,sub,2090,0.0
C-WEU-DEU,Zone_4A Mixed Humid,urb,q1,sub,2095,0.0
C-WEU-DEU,Zone_4A Mixed Humid,urb,q1,sub,2100,0.0
C-WEU-DEU,Zone_4A Mixed Humid,urb,q2,perm,2015,1.0
C-WEU-DEU,Zone_4A Mixed Humid,urb,q2,perm,2020,1.0
C-WEU-DEU,Zone_4A Mixed Humid,urb,q2,perm,2025,1.0
C-WEU-DEU,Zone_4A Mixed Humid,urb,q2,perm,2030,1.0
C-WEU-DEU,Zone_4A Mixed Humid,urb,q2,perm,2035,1.0
C-WEU-DEU,Zone_4A Mixed Humid,urb,q2,perm,2040,1.0
C-WEU-DEU,Zone_4A Mixed Humid,urb,q2,perm,2045,1.0
C-WEU-DEU,Zone_4A Mixed Humid,urb,q2,perm,2050,1.0
C-WEU-DEU,Zone_4A Mixed Humid,urb,q2,perm,2055,1.0
C-WEU-DEU,Zone_4A Mixed Humid,urb,q2,perm,2060,1.0
C-WEU-DEU,Zone_4A Mixed Humid,urb,q2,perm,2065,1.0
C-WEU-DEU,Zone_4A Mixed Humid,urb,q2,perm,2070,1.0
C-WEU-DEU,Zone_4A Mixed Humid,urb,q2,perm,2075,1.0
C-WEU-DEU,Zone_4A Mixed Humid,urb,q2,perm,2080,1.0
C-WEU-DEU,Zone_4A Mixed Humid,urb,q2,perm,2085,1.0
C-WEU-DEU,Zone_4A Mixed Humid,urb,q2,perm,2090,1.0
C-WEU-DEU,Zone_4A Mixed Humid,urb,q2,perm,2095,1.0
C-WEU-DEU,Zone_4A Mixed Humid,urb,q2,perm,2100,1.0
C-WEU-DEU,Zone_4A Mixed Humid,urb,q2,sub,2015,0.0
C-WEU-DEU,Zone_4A Mixed Humid,urb,q2,sub,2020,0.0
C-WEU-DEU,Zone_4A Mixed Humid,urb,q2,sub,2025,0.0
C-WEU-DEU,Zone_4A Mixed Humid,urb,q2,sub,2030,0.0
C-WEU-DEU,Zone_4A Mixed Humid,urb,q2,sub,2035,0.0
C-WEU-DEU,Zone_4A Mixed Humid,urb,q2,sub,2040,0.0
C-WEU-DEU,Zone_4A Mixed Humid,urb,q2,sub,2045,0.0
C-WEU-DEU,Zone_4A Mixed Humid,urb,q2,sub,2050,0.0
C-WEU-DEU,Zone_4A Mixed Humid,urb,q2,sub,2055,0.0
C-WEU-DEU,Zone_4A Mixed Humid,urb,q2,sub,2060,0.0
C-WEU-DEU,Zone_4A Mixed Humid,urb,q2,sub,2065,0.0
C-WEU-DEU,Zone_4A Mixed Humid,urb,q2,sub,2070,0.0
C-WEU-DEU,Zone_4A Mixed Humid,urb,q2,sub,2075,0.0
C-WEU-DEU,Zone_4A Mixed Humid,urb,q2,sub,2080,0.0
C-WEU-DEU,Zone_4A Mixed Humid,urb,q2,sub,2085,0.0
C-WEU-DEU,Zone_4A Mixed Humid,urb,q2,sub,2090,0.0
C-WEU-DEU,Zone_4A Mixed Humid,urb,q2,sub,2095,0.0
C-WEU-DEU,Zone_4A Mixed Humid,urb,q2,sub,2100,0.0
C-WEU-DEU,Zone_4A Mixed Humid,urb,q3,perm,2015,1.0
C-WEU-DEU,Zone_4A Mixed Humid,urb,q3,perm,2020,1.0
C-WEU-DEU,Zone_4A Mixed Humid,urb,q3,perm,2025,1.0
C-WEU-DEU,Zone_4A Mixed Humid,urb,q3,perm,2030,1.0
C-WEU-DEU,Zone_4A Mixed Humid,urb,q3,perm,2035,1.0
C-WEU-DEU,Zone_4A Mixed Humid,urb,q3,perm,2040,1.0
C-WEU-DEU,Zone_4A Mixed Humid,urb,q3,perm,2045,1.0
C-WEU-DEU,Zone_4A Mixed Humid,urb,q3,perm,2050,1.0
C-WEU-DEU,Zone_4A Mixed Humid,urb,q3,perm,2055,1.0
C-WEU-DEU,Zone_4A Mixed Humid,urb,q3,perm,2060,1.0
C-WEU-DEU,Zone_4A Mixed Humid,urb,q3,perm,2065,1.0
C-WEU-DEU,Zone_4A Mixed Humid,urb,q3,perm,2070,1.0
C-WEU-DEU,Zone_4A Mixed Humid,urb,q3,perm,2075,1.0
C-WEU-DEU,Zone_4A Mixed Humid,urb,q3,perm,2080,1.0
C-WEU-DEU,Zone_4A Mixed Humid,urb,q3,perm,2085,1.0
C-WEU-DEU,Zone_4A Mixed Humid,urb,q3,perm,2090,1.0
C-WEU-DEU,Zone_4A Mixed Humid,urb,q3,perm,2095,1.0
C-WEU-DEU,Zone_4A Mixed Humid,urb,q3,perm,2100,1.0
C-WEU-DEU,Zone_4A Mixed Humid,urb,q3,sub,2015,0.0
C-WEU-DEU,Zone_4A Mixed Humid,urb,q3,sub,2020,0.0
C-WEU-DEU,Zone_4A Mixed Humid,urb,q3,sub,2025,0.0
C-WEU-DEU,Zone_4A Mixed Humid,urb,q3,sub,2030,0.0
C-WEU-DEU,Zone_4A Mixed Humid,urb,q3,sub,2035,0.0
C-WEU-DEU,Zone_4A Mixed Humid,urb,q3,sub,2040,0.0
C-WEU-DEU,Zone_4A Mixed Humid,urb,q3,sub,2045,0.0
C-WEU-DEU,Zone_4A Mixed Humid,urb,q3,sub,2050,0.0
C-WEU-DEU,Zone_4A Mixed Humid,urb,q3,sub,2055,0.0
C-WEU-DEU,Zone_4A Mixed Humid,urb,q3,sub,2060,0.0
C-WEU-DEU,Zone_4A Mixed Humid,urb,q3,sub,2065,0.0
C-WEU-DEU,Zone_4A Mixed Humid,urb,q3,sub,2070,0.0
C-WEU-DEU,Zone_4A Mixed Humid,urb,q3,sub,2075,0.0
C-WEU-DEU,Zone_4A Mixed Humid,urb,q3,sub,2080,0.0
C-WEU-DEU,Zone_4A Mixed Humid,urb,q3,sub,2085,0.0
C-WEU-DEU,Zone_4A Mixed Humid,urb,q3,sub,2090,0.0
C-WEU-DEU,Zone_4A Mixed Humid,urb,q3,sub,2095,0.0
C-WEU-DEU,Zone_4A Mixed Humid,urb,q3,sub,2100,0.0
C-WEU-DEU,Zone_5A Cool Humid,rur,q1,perm,2015,1.0
C-WEU-DEU,Zone_5A Cool Humid,rur,q1,perm,2020,1.0
C-WEU-DEU,Zone_5A Cool Humid,rur,q1,perm,2025,1.0
C-WEU-DEU,Zone_5A Cool Humid,rur,q1,perm,2030,1.0
C-WEU-DEU,Zone_5A Cool Humid,rur,q1,perm,2035,1.0
C-WEU-DEU,Zone_5A Cool Humid,rur,q1,perm,2040,1.0
C-WEU-DEU,Zone_5A Cool Humid,rur,q1,perm,2045,1.0
C-WEU-DEU,Zone_5A Cool Humid,rur,q1,perm,2050,1.0
C-WEU-DEU,Zone_5A Cool Humid,rur,q1,perm,2055,1.0
C-WEU-DEU,Zone_5A Cool Humid,rur,q1,perm,2060,1.0
C-WEU-DEU,Zone_5A Cool Humid,rur,q1,perm,2065,1.0
C-WEU-DEU,Zone_5A Cool Humid,rur,q1,perm,2070,1.0
C-WEU-DEU,Zone_5A Cool Humid,rur,q1,perm,2075,1.0
C-WEU-DEU,Zone_5A Cool Humid,rur,q1,perm,2080,1.0
C-WEU-DEU,Zone_5A Cool Humid,rur,q1,perm,2085,1.0
C-WEU-DEU,Zone_5A Cool Humid,rur,q1,perm,2090,1.0
C-WEU-DEU,Zone_5A Cool Humid,rur,q1,perm,2095,1.0
C-WEU-DEU,Zone_5A Cool Humid,rur,q1,perm,2100,1.0
C-WEU-DEU,Zone_5A Cool Humid,rur,q1,sub,2015,0.0
C-WEU-DEU,Zone_5A Cool Humid,rur,q1,sub,2020,0.0
C-WEU-DEU,Zone_5A Cool Humid,rur,q1,sub,2025,0.0
C-WEU-DEU,Zone_5A Cool Humid,rur,q1,sub,2030,0.0
C-WEU-DEU,Zone_5A Cool Humid,rur,q1,sub,2035,0.0
C-WEU-DEU,Zone_5A Cool Humid,rur,q1,sub,2040,0.0
C-WEU-DEU,Zone_5A Cool Humid,rur,q1,sub,2045,0.0
C-WEU-DEU,Zone_5A Cool Humid,rur,q1,sub,2050,0.0
C-WEU-DEU,Zone_5A Cool Humid,rur,q1,sub,2055,0.0
C-WEU-DEU,Zone_5A Cool Humid,rur,q1,sub,2060,0.0
C-WEU-DEU,Zone_5A Cool Humid,rur,q1,sub,2065,0.0
C-WEU-DEU,Zone_5A Cool Humid,rur,q1,sub,2070,0.0
C-WEU-DEU,Zone_5A Cool Humid,rur,q1,sub,2075,0.0
C-WEU-DEU,Zone_5A Cool Humid,rur,q1,sub,2080,0.0
C-WEU-DEU,Zone_5A Cool Humid,rur,q1,sub,2085,0.0
C-WEU-DEU,Zone_5A Cool Humid,rur,q1,sub,2090,0.0
C-WEU-DEU,Zone_5A Cool Humid,rur,q1,sub,2095,0.0
C-WEU-DEU,Zone_5A Cool Humid,rur,q1,sub,2100,0.0
C-WEU-DEU,Zone_5A Cool Humid,rur,q2,perm,2015,1.0
C-WEU-DEU,Zone_5A Cool Humid,rur,q2,perm,2020,1.0
C-WEU-DEU,Zone_5A Cool Humid,rur,q2,perm,2025,1.0
C-WEU-DEU,Zone_5A Cool Humid,rur,q2,perm,2030,1.0
C-WEU-DEU,Zone_5A Cool Humid,rur,q2,perm,2035,1.0
C-WEU-DEU,Zone_5A Cool Humid,rur,q2,perm,2040,1.0
C-WEU-DEU,Zone_5A Cool Humid,rur,q2,perm,2045,1.0
C-WEU-DEU,Zone_5A Cool Humid,rur,q2,perm,2050,1.0
C-WEU-DEU,Zone_5A Cool Humid,rur,q2,perm,2055,1.0
C-WEU-DEU,Zone_5A Cool Humid,rur,q2,perm,2060,1.0
C-WEU-DEU,Zone_5A Cool Humid,rur,q2,perm,2065,1.0
C-WEU-DEU,Zone_5A Cool Humid,rur,q2,perm,2070,1.0
C-WEU-DEU,Zone_5A Cool Humid,rur,q2,perm,2075,1.0
C-WEU-DEU,Zone_5A Cool Humid,rur,q2,perm,2080,1.0
C-WEU-DEU,Zone_5A Cool Humid,rur,q2,perm,2085,1.0
C-WEU-DEU,Zone_5A Cool Humid,rur,q2,perm,2090,1.0
C-WEU-DEU,Zone_5A Cool Humid,rur,q2,perm,2095,1.0
C-WEU-DEU,Zone_5A Cool Humid,rur,q2,perm,2100,1.0
C-WEU-DEU,Zone_5A Cool Humid,rur,q2,sub,2015,0.0
C-WEU-DEU,Zone_5A Cool Humid,rur,q2,sub,2020,0.0
C-WEU-DEU,Zone_5A Cool Humid,rur,q2,sub,2025,0.0
C-WEU-DEU,Zone_5A Cool Humid,rur,q2,sub,2030,0.0
C-WEU-DEU,Zone_5A Cool Humid,rur,q2,sub,2035,0.0
C-WEU-DEU,Zone_5A Cool Humid,rur,q2,sub,2040,0.0
C-WEU-DEU,Zone_5A Cool Humid,rur,q2,sub,2045,0.0
C-WEU-DEU,Zone_5A Cool Humid,rur,q2,sub,2050,0.0
C-WEU-DEU,Zone_5A Cool Humid,rur,q2,sub,2055,0.0
C-WEU-DEU,Zone_5A Cool Humid,rur,q2,sub,2060,0.0
C-WEU-DEU,Zone_5A Cool Humid,rur,q2,sub,2065,0.0
C-WEU-DEU,Zone_5A Cool Humid,rur,q2,sub,2070,0.0
C-WEU-DEU,Zone_5A Cool Humid,rur,q2,sub,2075,0.0
C-WEU-DEU,Zone_5A Cool Humid,rur,q2,sub,2080,0.0
C-WEU-DEU,Zone_5A Cool Humid,rur,q2,sub,2085,0.0
C-WEU-DEU,Zone_5A Cool Humid,rur,q2,sub,2090,0.0
C-WEU-DEU,Zone_5A Cool Humid,rur,q2,sub,2095,0.0
C-WEU-DEU,Zone_5A Cool Humid,rur,q2,sub,2100,0.0
C-WEU-DEU,Zone_5A Cool Humid,rur,q3,perm,2015,1.0
C-WEU-DEU,Zone_5A Cool Humid,rur,q3,perm,2020,1.0
C-WEU-DEU,Zone_5A Cool Humid,rur,q3,perm,2025,1.0
C-WEU-DEU,Zone_5A Cool Humid,rur,q3,perm,2030,1.0
C-WEU-DEU,Zone_5A Cool Humid,rur,q3,perm,2035,1.0
C-WEU-DEU,Zone_5A Cool Humid,rur,q3,perm,2040,1.0
C-WEU-DEU,Zone_5A Cool Humid,rur,q3,perm,2045,1.0
C-WEU-DEU,Zone_5A Cool Humid,rur,q3,perm,2050,1.0
C-WEU-DEU,Zone_5A Cool Humid,rur,q3,perm,2055,1.0
C-WEU-DEU,Zone_5A Cool Humid,rur,q3,perm,2060,1.0
C-WEU-DEU,Zone_5A Cool Humid,rur,q3,perm,2065,1.0
C-WEU-DEU,Zone_5A Cool Humid,rur,q3,perm,2070,1.0
C-WEU-DEU,Zone_5A Cool Humid,rur,q3,perm,2075,1.0
C-WEU-DEU,Zone_5A Cool Humid,rur,q3,perm,2080,1.0
C-WEU-DEU,Zone_5A Cool Humid,rur,q3,perm,2085,1.0
C-WEU-DEU,Zone_5A Cool Humid,rur,q3,perm,2090,1.0
C-WEU-DEU,Zone_5A Cool Humid,rur,q3,perm,2095,1.0
C-WEU-DEU,Zone_5A Cool Humid,rur,q3,perm,2100,1.0
C-WEU-DEU,Zone_5A Cool Humid,rur,q3,sub,2015,0.0
C-WEU-DEU,Zone_5A Cool Humid,rur,q3,sub,2020,0.0
C-WEU-DEU,Zone_5A Cool Humid,rur,q3,sub,2025,0.0
C-WEU-DEU,Zone_5A Cool Humid,rur,q3,sub,2030,0.0
C-WEU-DEU,Zone_5A Cool Humid,rur,q3,sub,2035,0.0
C-WEU-DEU,Zone_5A Cool Humid,rur,q3,sub,2040,0.0
C-WEU-DEU,Zone_5A Cool Humid,rur,q3,sub,2045,0.0
C-WEU-DEU,Zone_5A Cool Humid,rur,q3,sub,2050,0.0
C-WEU-DEU,Zone_5A Cool Humid,rur,q3,sub,2055,0.0
C-WEU-DEU,Zone_5A Cool Humid,rur,q3,sub,2060,0.0
C-WEU-DEU,Zone_5A Cool Humid,rur,q3,sub,2065,0.0
C-WEU-DEU,Zone_5A Cool Humid,rur,q3,sub,2070,0.0
C-WEU-DEU,Zone_5A Cool Humid,rur,q3,sub,2075,0.0
C-WEU-DEU,Zone_5A Cool Humid,rur,q3,sub,2080,0.0
C-WEU-DEU,Zone_5A Cool Humid,rur,q3,sub,2085,0.0
C-WEU-DEU,Zone_5A Cool Humid,rur,q3,sub,2090,0.0
C-WEU-DEU,Zone_5A Cool Humid,rur,q3,sub,2095,0.0
C-WEU-DEU,Zone_5A Cool Humid,rur,q3,sub,2100,0.0
C-WEU-DEU,Zone_5A Cool Humid,urb,q1,perm,2015,1.0
C-WEU-DEU,Zone_5A Cool Humid,urb,q1,perm,2020,1.0
C-WEU-DEU,Zone_5A Cool Humid,urb,q1,perm,2025,1.0
C-WEU-DEU,Zone_5A Cool Humid,urb,q1,perm,2030,1.0
C-WEU-DEU,Zone_5A Cool Humid,urb,q1,perm,2035,1.0
C-WEU-DEU,Zone_5A Cool Humid,urb,q1,perm,2040,1.0
C-WEU-DEU,Zone_5A Cool Humid,urb,q1,perm,2045,1.0
C-WEU-DEU,Zone_5A Cool Humid,urb,q1,perm,2050,1.0
C-WEU-DEU,Zone_5A Cool Humid,urb,q1,perm,2055,1.0
C-WEU-DEU,Zone_5A Cool Humid,urb,q1,perm,2060,1.0
C-WEU-DEU,Zone_5A Cool Humid,urb,q1,perm,2065,1.0
C-WEU-DEU,Zone_5A Cool Humid,urb,q1,perm,2070,1.0
C-WEU-DEU,Zone_5A Cool Humid,urb,q1,perm,2075,1.0
C-WEU-DEU,Zone_5A Cool Humid,urb,q1,perm,2080,1.0
C-WEU-DEU,Zone_5A Cool Humid,urb,q1,perm,2085,1.0
C-WEU-DEU,Zone_5A Cool Humid,urb,q1,perm,2090,1.0
C-WEU-DEU,Zone_5A Cool Humid,urb,q1,perm,2095,1.0
C-WEU-DEU,Zone_5A Cool Humid,urb,q1,perm,2100,1.0
C-WEU-DEU,Zone_5A Cool Humid,urb,q1,sub,2015,0.0
C-WEU-DEU,Zone_5A Cool Humid,urb,q1,sub,2020,0.0
C-WEU-DEU,Zone_5A Cool Humid,urb,q1,sub,2025,0.0
C-WEU-DEU,Zone_5A Cool Humid,urb,q1,sub,2030,0.0
C-WEU-DEU,Zone_5A Cool Humid,urb,q1,sub,2035,0.0
C-WEU-DEU,Zone_5A Cool Humid,urb,q1,sub,2040,0.0
C-WEU-DEU,Zone_5A Cool Humid,urb,q1,sub,2045,0.0
C-WEU-DEU,Zone_5A Cool Humid,urb,q1,sub,2050,0.0
C-WEU-DEU,Zone_5A Cool Humid,urb,q1,sub,2055,0.0
C-WEU-DEU,Zone_5A Cool Humid,urb,q1,sub,2060,0.0
C-WEU-DEU,Zone_5A Cool Humid,urb,q1,sub,2065,0.0
C-WEU-DEU,Zone_5A Cool Humid,urb,q1,sub,2070,0.0
C-WEU-DEU,Zone_5A Cool Humid,urb,q1,sub,2075,0.0
C-WEU-DEU,Zone_5A Cool Humid,urb,q1,sub,2080,0.0
C-WEU-DEU,Zone_5A Cool Humid,urb,q1,sub,2085,0.0
C-WEU-DEU,Zone_5A Cool Humid,urb,q1,sub,2090,0.0
C-WEU-DEU,Zone_5A Cool Humid,urb,q1,sub,2095,0.0
C-WEU-DEU,Zone_5A Cool Humid,urb,q1,sub,2100,0.0
C-WEU-DEU,Zone_5A Cool Humid,urb,q2,perm,2015,1.0
C-WEU-DEU,Zone_5A Cool Humid,urb,q2,perm,2020,1.0
C-WEU-DEU,Zone_5A Cool Humid,urb,q2,perm,2025,1.0
C-WEU-DEU,Zone_5A Cool Humid,urb,q2,perm,2030,1.0
C-WEU-DEU,Zone_5A Cool Humid,urb,q2,perm,2035,1.0
C-WEU-DEU,Zone_5A Cool Humid,urb,q2,perm,2040,1.0
C-WEU-DEU,Zone_5A Cool Humid,urb,q2,perm,2045,1.0
C-WEU-DEU,Zone_5A Cool Humid,urb,q2,perm,2050,1.0
C-WEU-DEU,Zone_5A Cool Humid,urb,q2,perm,2055,1.0
C-WEU-DEU,Zone_5A Cool Humid,urb,q2,perm,2060,1.0
C-WEU-DEU,Zone_5A Cool Humid,urb,q2,perm,2065,1.0
C-WEU-DEU,Zone_5A Cool Humid,urb,q2,perm,2070,1.0
C-WEU-DEU,Zone_5A Cool Humid,urb,q2,perm,2075,1.0
C-WEU-DEU,Zone_5A Cool Humid,urb,q2,perm,2080,1.0
C-WEU-DEU,Zone_5A Cool Humid,urb,q2,perm,2085,1.0
C-WEU-DEU,Zone_5A Cool Humid,urb,q2,perm,2090,1.0
C-WEU-DEU,Zone_5A Cool Humid,urb,q2,perm,2095,1.0
C-WEU-DEU,Zone_5A Cool Humid,urb,q2,perm,2100,1.0
C-WEU-DEU,Zone_5A Cool Humid,urb,q2,sub,2015,0.0
C-WEU-DEU,Zone_5A Cool Humid,urb,q2,sub,2020,0.0
C-WEU-DEU,Zone_5A Cool Humid,urb,q2,sub,2025,0.0
C-WEU-DEU,Zone_5A Cool Humid,urb,q2,sub,2030,0.0
C-WEU-DEU,Zone_5A Cool Humid,urb,q2,sub,2035,0.0
C-WEU-DEU,Zone_5A Cool Humid,urb,q2,sub,2040,0.0
C-WEU-DEU,Zone_5A Cool Humid,urb,q2,sub,2045,0.0
C-WEU-DEU,Zone_5A Cool Humid,urb,q2,sub,2050,0.0
C-WEU-DEU,Zone_5A Cool Humid,urb,q2,sub,2055,0.0
C-WEU-DEU,Zone_5A Cool Humid,urb,q2,sub,2060,0.0
C-WEU-DEU,Zone_5A Cool Humid,urb,q2,sub,2065,0.0
C-WEU-DEU,Zone_5A Cool Humid,urb,q2,sub,2070,0.0
C-WEU-DEU,Zone_5A Cool Humid,urb,q2,sub,2075,0.0
C-WEU-DEU,Zone_5A Cool Humid,urb,q2,sub,2080,0.0
C-WEU-DEU,Zone_5A Cool Humid,urb,q2,sub,2085,0.0
C-WEU-DEU,Zone_5A Cool Humid,urb,q2,sub,2090,0.0
C-WEU-DEU,Zone_5A Cool Humid,urb,q2,sub,2095,0.0
C-WEU-DEU,Zone_5A Cool Humid,urb,q2,sub,2100,0.0
C-WEU-DEU,Zone_5A Cool Humid,urb,q3,perm,2015,1.0
C-WEU-DEU,Zone_5A Cool Humid,urb,q3,perm,2020,1.0
C-WEU-DEU,Zone_5A Cool Humid,urb,q3,perm,2025,1.0
C-WEU-DEU,Zone_5A Cool Humid,urb,q3,perm,2030,1.0
C-WEU-DEU,Zone_5A Cool Humid,urb,q3,perm,2035,1.0
C-WEU-DEU,Zone_5A Cool Humid,urb,q3,perm,2040,1.0
C-WEU-DEU,Zone_5A Cool Humid,urb,q3,perm,2045,1.0
C-WEU-DEU,Zone_5A Cool Humid,urb,q3,perm,2050,1.0
C-WEU-DEU,Zone_5A Cool Humid,urb,q3,perm,2055,1.0
C-WEU-DEU,Zone_5A Cool Humid,urb,q3,perm,2060,1.0
C-WEU-DEU,Zone_5A Cool Humid,urb,q3,perm,2065,1.0
C-WEU-DEU,Zone_5A Cool Humid,urb,q3,perm,2070,1.0
C-WEU-DEU,Zone_5A Cool Humid,urb,q3,perm,2075,1.0
C-WEU-DEU,Zone_5A Cool Humid,urb,q3,perm,2080,1.0
C-WEU-DEU,Zone_5A Cool Humid,urb,q3,perm,2085,1.0
C-WEU-DEU,Zone_5A Cool Humid,urb,q3,perm,2090,1.0
C-WEU-DEU,Zone_5A Cool Humid,urb,q3,perm,2095,1.0
C-WEU-DEU,Zone_5A Cool Humid,urb,q3,perm,2100,1.0
C-WEU-DEU,Zone_5A Cool Humid,urb,q3,sub,2015,0.0
C-WEU-DEU,Zone_5A Cool Humid,urb,q3,sub,2020,0.0
C-WEU-DEU,Zone_5A Cool Humid,urb,q3,sub,2025,0.0
C-WEU-DEU,Zone_5A Cool Humid,urb,q3,sub,2030,0.0
C-WEU-DEU,Zone_5A Cool Humid,urb,q3,sub,2035,0.0
C-WEU-DEU,Zone_5A Cool Humid,urb,q3,sub,2040,0.0
C-WEU-DEU,Zone_5A Cool Humid,urb,q3,sub,2045,0.0
C-WEU-DEU,Zone_5A Cool Humid,urb,q3,sub,2050,0.0
C-WEU-DEU,Zone_5A Cool Humid,urb,q3,sub,2055,0.0
C-WEU-DEU,Zone_5A Cool Humid,urb,q3,sub,2060,0.0
C-WEU-DEU,Zone_5A Cool Humid,urb,q3,sub,2065,0.0
C-WEU-DEU,Zone_5A Cool Humid,urb,q3,sub,2070,0.0
C-WEU-DEU,Zone_5A Cool Humid,urb,q3,sub,2075,0.0
C-WEU-DEU,Zone_5A Cool Humid,urb,q3,sub,2080,0.0
C-WEU-DEU,Zone_5A Cool Humid,urb,q3,sub,2085,0.0
C-WEU-DEU,Zone_5A Cool Humid,urb,q3,sub,2090,0.0
C-WEU-DEU,Zone_5A Cool Humid,urb,q3,sub,2095,0.0
C-WEU-DEU,Zone_5A Cool Humid,urb,q3,sub,2100,0.0
C-WEU-DEU,Zone_6A Cold Humid,rur,q1,perm,2015,0.0037703552325422506
C-WEU-DEU,Zone_6A Cold Humid,rur,q1,perm,2020,0.0037703552325422506
C-WEU-DEU,Zone_6A Cold Humid,rur,q1,perm,2025,0.003753177417522964
C-WEU-DEU,Zone_6A Cold Humid,rur,q1,perm,2030,0.0037390488775879273
C-WEU-DEU,Zone_6A Cold Humid,rur,q1,perm,2035,0.0037311646450706604
C-WEU-DEU,Zone_6A Cold Humid,rur,q1,perm,2040,0.0037276800446090575
C-WEU-DEU,Zone_6A Cold Humid,rur,q1,perm,2045,0.0037296284696313607
C-WEU-DEU,Zone_6A Cold Humid,rur,q1,perm,2050,0.003734209938360741
C-WEU-DEU,Zone_6A Cold Humid,rur,q1,perm,2055,0.0037400296775022017
C-WEU-DEU,Zone_6A Cold Humid,rur,q1,perm,2060,0.003748732524760436
C-WEU-DEU,Zone_6A Cold Humid,rur,q1,perm,2065,0.0037601785820335462
C-WEU-DEU,Zone_6A Cold Humid,rur,q1,perm,2070,0.0037754470138409634
C-WEU-DEU,Zone_6A Cold Humid,rur,q1,perm,2075,0.0037951345143682497
C-WEU-DEU,Zone_6A Cold Humid,rur,q1,perm,2080,0.003816286854688569
C-WEU-DEU,Zone_6A Cold Humid,rur,q1,perm,2085,0.003837187305590092
C-WEU-DEU,Zone_6A Cold Humid,rur,q1,perm,2090,0.0038579568441634154
C-WEU-DEU,Zone_6A Cold Humid,rur,q1,perm,2095,0.0038770336334250696
C-WEU-DEU,Zone_6A Cold Humid,rur,q1,perm,2100,0.0038952000563024346
C-WEU-DEU,Zone_6A Cold Humid,rur,q1,sub,2015,0.0
C-WEU-DEU,Zone_6A Cold Humid,rur,q1,sub,2020,0.0
C-WEU-DEU,Zone_6A Cold Humid,rur,q1,sub,2025,0.0
C-WEU-DEU,Zone_6A Cold Humid,rur,q1,sub,2030,0.0
C-WEU-DEU,Zone_6A Cold Humid,rur,q1,sub,2035,0.0
C-WEU-DEU,Zone_6A Cold Humid,rur,q1,sub,2040,0.0
C-WEU-DEU,Zone_6A Cold Humid,rur,q1,sub,2045,0.0
C-WEU-DEU,Zone_6A Cold Humid,rur,q1,sub,2050,0.0
C-WEU-DEU,Zone_6A Cold Humid,rur,q1,sub,2055,0.0
C-WEU-DEU,Zone_6A Cold Humid,rur,q1,sub,2060,0.0
C-WEU-DEU,Zone_6A Cold Humid,rur,q1,sub,2065,0.0
C-WEU-DEU,Zone_6A Cold Humid,rur,q1,sub,2070,0.0
C-WEU-DEU,Zone_6A Cold Humid,rur,q1,sub,2075,0.0
C-WEU-DEU,Zone_6A Cold Humid,rur,q1,sub,2080,0.0
C-WEU-DEU,Zone_6A Cold Humid,rur,q1,sub,2085,0.0
C-WEU-DEU,Zone_6A Cold Humid,rur,q1,sub,2090,0.0
C-WEU-DEU,Zone_6A Cold Humid,rur,q1,sub,2095,0.0
C-WEU-DEU,Zone_6A Cold Humid,rur,q1,sub,2100,0.0
C-WEU-DEU,Zone_6A Cold Humid,rur,q2,perm,2015,0.0037703552325422506
C-WEU-DEU,Zone_6A Cold Humid,rur,q2,perm,2020,0.0037703552325422506
C-WEU-DEU,Zone_6A Cold Humid,rur,q2,perm,2025,0.003753177417522964
C-WEU-DEU,Zone_6A Cold Humid,rur,q2,perm,2030,0.0037390488775879273
C-WEU-DEU,Zone_6A Cold Humid,rur,q2,perm,2035,0.0037311646450706604
C-WEU-DEU,Zone_6A Cold Humid,rur,q2,perm,2040,0.0037276800446090575
C-WEU-DEU,Zone_6A Cold Humid,rur,q2,perm,2045,0.0037296284696313607
C-WEU-DEU,Zone_6A Cold Humid,rur,q2,perm,2050,0.003734209938360741
C-WEU-DEU,Zone_6A Cold Humid,rur,q2,perm,2055,0.0037400296775022017
C-WEU-DEU,Zone_6A Cold Humid,rur,q2,perm,2060,0.003748732524760436
C-WEU-DEU,Zone_6A Cold Humid,rur,q2,perm,2065,0.0037601785820335462
C-WEU-DEU,Zone_6A Cold Humid,rur,q2,perm,2070,0.0037754470138409634
C-WEU-DEU,Zone_6A Cold Humid,rur,q2,perm,2075,0.0037951345143682497
C-WEU-DEU,Zone_6A Cold Humid,rur,q2,perm,2080,0.003816286854688569
C-WEU-DEU,Zone_6A Cold Humid,rur,q2,perm,2085,0.003837187305590092
C-WEU-DEU,Zone_6A Cold Humid,rur,q2,perm,2090,0.0038579568441634154
C-WEU-DEU,Zone_6A Cold Humid,rur,q2,perm,2095,0.0038770336334250696
C-WEU-DEU,Zone_6A Cold Humid,rur,q2,perm,2100,0.0038952000563024346
C-WEU-DEU,Zone_6A Cold Humid,rur,q2,sub,2015,0.0
C-WEU-DEU,Zone_6A Cold Humid,rur,q2,sub,2020,0.0
C-WEU-DEU,Zone_6A Cold Humid,rur,q2,sub,2025,0.0
C-WEU-DEU,Zone_6A Cold Humid,rur,q2,sub,2030,0.0
C-WEU-DEU,Zone_6A Cold Humid,rur,q2,sub,2035,0.0
C-WEU-DEU,Zone_6A Cold Humid,rur,q2,sub,2040,0.0
C-WEU-DEU,Zone_6A Cold Humid,rur,q2,sub,2045,0.0
C-WEU-DEU,Zone_6A Cold Humid,rur,q2,sub,2050,0.0
C-WEU-DEU,Zone_6A Cold Humid,rur,q2,sub,2055,0.0
C-WEU-DEU,Zone_6A Cold Humid,rur,q2,sub,2060,0.0
C-WEU-DEU,Zone_6A Cold Humid,rur,q2,sub,2065,0.0
C-WEU-DEU,Zone_6A Cold Humid,rur,q2,sub,2070,0.0
C-WEU-DEU,Zone_6A Cold Humid,rur,q2,sub,2075,0.0
C-WEU-DEU,Zone_6A Cold Humid,rur,q2,sub,2080,0.0
C-WEU-DEU,Zone_6A Cold Humid,rur,q2,sub,2085,0.0
C-WEU-DEU,Zone_6A Cold Humid,rur,q2,sub,2090,0.0
C-WEU-DEU,Zone_6A Cold Humid,rur,q2,sub,2095,0.0
C-WEU-DEU,Zone_6A Cold Humid,rur,q2,sub,2100,0.0
C-WEU-DEU,Zone_6A Cold Humid,rur,q3,perm,2015,0.0037703552325422506
C-WEU-DEU,Zone_6A Cold Humid,rur,q3,perm,2020,0.0037703552325422506
C-WEU-DEU,Zone_6A Cold Humid,rur,q3,perm,2025,0.003753177417522964
C-WEU-DEU,Zone_6A Cold Humid,rur,q3,perm,2030,0.0037390488775879273
C-WEU-DEU,Zone_6A Cold Humid,rur,q3,perm,2035,0.0037311646450706604
C-WEU-DEU,Zone_6A Cold Humid,rur,q3,perm,2040,0.0037276800446090575
C-WEU-DEU,Zone_6A Cold Humid,rur,q3,perm,2045,0.0037296284696313607
C-WEU-DEU,Zone_6A Cold Humid,rur,q3,perm,2050,0.003734209938360741
C-WEU-DEU,Zone_6A Cold Humid,rur,q3,perm,2055,0.0037400296775022017
C-WEU-DEU,Zone_6A Cold Humid,rur,q3,perm,2060,0.003748732524760436
C-WEU-DEU,Zone_6A Cold Humid,rur,q3,perm,2065,0.0037601785820335462
C-WEU-DEU,Zone_6A Cold Humid,rur,q3,perm,2070,0.0037754470138409634
C-WEU-DEU,Zone_6A Cold Humid,rur,q3,perm,2075,0.0037951345143682497
C-WEU-DEU,Zone_6A Cold Humid,rur,q3,perm,2080,0.003816286854688569
C-WEU-DEU,Zone_6A Cold Humid,rur,q3,perm,2085,0.003837187305590092
C-WEU-DEU,Zone_6A Cold Humid,rur,q3,perm,2090,0.0038579568441634154
C-WEU-DEU,Zone_6A Cold Humid,rur,q3,perm,2095,0.0038770336334250696
C-WEU-DEU,Zone_6A Cold Humid,rur,q3,perm,2100,0.0038952000563024346
C-WEU-DEU,Zone_6A Cold Humid,rur,q3,sub,2015,0.0
C-WEU-DEU,Zone_6A Cold Humid,rur,q3,sub,2020,0.0
C-WEU-DEU,Zone_6A Cold Humid,rur,q3,sub,2025,0.0
C-WEU-DEU,Zone_6A Cold Humid,rur,q3,sub,2030,0.0
C-WEU-DEU,Zone_6A Cold Humid,rur,q3,sub,2035,0.0
C-WEU-DEU,Zone_6A Cold Humid,rur,q3,sub,2040,0.0
C-WEU-DEU,Zone_6A Cold Humid,rur,q3,sub,2045,0.0
C-WEU-DEU,Zone_6A Cold Humid,rur,q3,sub,2050,0.0
C-WEU-DEU,Zone_6A Cold Humid,rur,q3,sub,2055,0.0
C-WEU-DEU,Zone_6A Cold Humid,rur,q3,sub,2060,0.0
C-WEU-DEU,Zone_6A Cold Humid,rur,q3,sub,2065,0.0
C-WEU-DEU,Zone_6A Cold Humid,rur,q3,sub,2070,0.0
C-WEU-DEU,Zone_6A Cold Humid,rur,q3,sub,2075,0.0
C-WEU-DEU,Zone_6A Cold Humid,rur,q3,sub,2080,0.0
C-WEU-DEU,Zone_6A Cold Humid,rur,q3,sub,2085,0.0
C-WEU-DEU,Zone_6A Cold Humid,rur,q3,sub,2090,0.0
C-WEU-DEU,Zone_6A Cold Humid,rur,q3,sub,2095,0.0
C-WEU-DEU,Zone_6A Cold Humid,rur,q3,sub,2100,0.0
C-WEU-DEU,Zone_6A Cold Humid,urb,q1,perm,2015,0.003159236227258857
C-WEU-DEU,Zone_6A Cold Humid,urb,q1,perm,2020,0.003159236227258857
C-WEU-DEU,Zone_6A Cold Humid,urb,q1,perm,2025,0.003158237833740935
C-WEU-DEU,Zone_6A Cold Humid,urb,q1,perm,2030,0.003157271299064055
C-WEU-DEU,Zone_6A Cold Humid,urb,q1,perm,2035,0.0031598310038645754
C-WEU-DEU,Zone_6A Cold Humid,urb,q1,perm,2040,0.0031649879483730994
C-WEU-DEU,Zone_6A Cold Humid,urb,q1,perm,2045,0.003173949727741649
C-WEU-DEU,Zone_6A Cold Humid,urb,q1,perm,2050,0.003184410310224746
C-WEU-DEU,Zone_6A Cold Humid,urb,q1,perm,2055,0.0031952653786651783
C-WEU-DEU,Zone_6A Cold Humid,urb,q1,perm,2060,0.003207990148157554
C-WEU-DEU,Zone_6A Cold Humid,urb,q1,perm,2065,0.0032225615900621134
C-WEU-DEU,Zone_6A Cold Humid,urb,q1,perm,2070,0.0032399953036724998
C-WEU-DEU,Zone_6A Cold Humid,urb,q1,perm,2075,0.003260840612887627
C-WEU-DEU,Zone_6A Cold Humid,urb,q1,perm,2080,0.0032826485003676015
C-WEU-DEU,Zone_6A Cold Humid,urb,q1,perm,2085,0.003304058474111894
C-WEU-DEU,Zone_6A Cold Humid,urb,q1,perm,2090,0.0033252430083845668
C-WEU-DEU,Zone_6A Cold Humid,urb,q1,perm,2095,0.003344742150279304
C-WEU-DEU,Zone_6A Cold Humid,urb,q1,perm,2100,0.0033631383680153186
C-WEU-DEU,Zone_6A Cold Humid,urb,q1,sub,2015,0.0
C-WEU-DEU,Zone_6A Cold Humid,urb,q1,sub,2020,0.0
C-WEU-DEU,Zone_6A Cold Humid,urb,q1,sub,2025,0.0
C-WEU-DEU,Zone_6A Cold Humid,urb,q1,sub,2030,0.0
C-WEU-DEU,Zone_6A Cold Humid,urb,q1,sub,2035,0.0
C-WEU-DEU,Zone_6A Cold Humid,urb,q1,sub,2040,0.0
C-WEU-DEU,Zone_6A Cold Humid,urb,q1,sub,2045,0.0
C-WEU-DEU,Zone_6A Cold Humid,urb,q1,sub,2050,0.0
C-WEU-DEU,Zone_6A Cold Humid,urb,q1,sub,2055,0.0
C-WEU-DEU,Zone_6A Cold Humid,urb,q1,sub,2060,0.0
C-WEU-DEU,Zone_6A Cold Humid,urb,q1,sub,2065,0.0
C-WEU-DEU,Zone_6A Cold Humid,urb,q1,sub,2070,0.0
C-WEU-DEU,Zone_6A Cold Humid,urb,q1,sub,2075,0.0
C-WEU-DEU,Zone_6A Cold Humid,urb,q1,sub,2080,0.0
C-WEU-DEU,Zone_6A Cold Humid,urb,q1,sub,2085,0.0
C-WEU-DEU,Zone_6A Cold Humid,urb,q1,sub,2090,0.0
C-WEU-DEU,Zone_6A Cold Humid,urb,q1,sub,2095,0.0
C-WEU-DEU,Zone_6A Cold Humid,urb,q1,sub,2100,0.0
C-WEU-DEU,Zone_6A Cold Humid,urb,q2,perm,2015,0.003159236227258857
C-WEU-DEU,Zone_6A Cold Humid,urb,q2,perm,2020,0.003159236227258857
C-WEU-DEU,Zone_6A Cold Humid,urb,q2,perm,2025,0.003158237833740935
C-WEU-DEU,Zone_6A Cold Humid,urb,q2,perm,2030,0.003157271299064055
C-WEU-DEU,Zone_6A Cold Humid,urb,q2,perm,2035,0.0031598310038645754
C-WEU-DEU,Zone_6A Cold Humid,urb,q2,perm,2040,0.0031649879483730994
C-WEU-DEU,Zone_6A Cold Humid,urb,q2,perm,2045,0.003173949727741649
C-WEU-DEU,Zone_6A Cold Humid,urb,q2,perm,2050,0.003184410310224746
C-WEU-DEU,Zone_6A Cold Humid,urb,q2,perm,2055,0.0031952653786651783
C-WEU-DEU,Zone_6A Cold Humid,urb,q2,perm,2060,0.003207990148157554
C-WEU-DEU,Zone_6A Cold Humid,urb,q2,perm,2065,0.0032225615900621134
C-WEU-DEU,Zone_6A Cold Humid,urb,q2,perm,2070,0.0032399953036724998
C-WEU-DEU,Zone_6A Cold Humid,urb,q2,perm,2075,0.003260840612887627
C-WEU-DEU,Zone_6A Cold Humid,urb,q2,perm,2080,0.0032826485003676015
C-WEU-DEU,Zone_6A Cold Humid,urb,q2,perm,2085,0.003304058474111894
C-WEU-DEU,Zone_6A Cold Humid,urb,q2,perm,2090,0.0033252430083845668
C-WEU-DEU,Zone_6A Cold Humid,urb,q2,perm,2095,0.003344742150279304
C-WEU-DEU,Zone_6A Cold Humid,urb,q2,perm,2100,0.0033631383680153186
C-WEU-DEU,Zone_6A Cold Humid,urb,q2,sub,2015,0.0
C-WEU-DEU,Zone_6A Cold Humid,urb,q2,sub,2020,0.0
C-WEU-DEU,Zone_6A Cold Humid,urb,q2,sub,2025,0.0
C-WEU-DEU,Zone_6A Cold Humid,urb,q2,sub,2030,0.0
C-WEU-DEU,Zone_6A Cold Humid,urb,q2,sub,2035,0.0
C-WEU-DEU,Zone_6A Cold Humid,urb,q2,sub,2040,0.0
C-WEU-DEU,Zone_6A Cold Humid,urb,q2,sub,2045,0.0
C-WEU-DEU,Zone_6A Cold Humid,urb,q2,sub,2050,0.0
C-WEU-DEU,Zone_6A Cold Humid,urb,q2,sub,2055,0.0
C-WEU-DEU,Zone_6A Cold Humid,urb,q2,sub,2060,0.0
C-WEU-DEU,Zone_6A Cold Humid,urb,q2,sub,2065,0.0
C-WEU-DEU,Zone_6A Cold Humid,urb,q2,sub,2070,0.0
C-WEU-DEU,Zone_6A Cold Humid,urb,q2,sub,2075,0.0
C-WEU-DEU,Zone_6A Cold Humid,urb,q2,sub,2080,0.0
C-WEU-DEU,Zone_6A Cold Humid,urb,q2,sub,2085,0.0
C-WEU-DEU,Zone_6A Cold Humid,urb,q2,sub,2090,0.0
C-WEU-DEU,Zone_6A Cold Humid,urb,q2,sub,2095,0.0
C-WEU-DEU,Zone_6A Cold Humid,urb,q2,sub,2100,0.0
C-WEU-DEU,Zone_6A Cold Humid,urb,q3,perm,2015,0.003159236227258857
C-WEU-DEU,Zone_6A Cold Humid,urb,q3,perm,2020,0.003159236227258857
C-WEU-DEU,Zone_6A Cold Humid,urb,q3,perm,2025,0.003158237833740935
C-WEU-DEU,Zone_6A Cold Humid,urb,q3,perm,2030,0.003157271299064055
C-WEU-DEU,Zone_6A Cold Humid,urb,q3,perm,2035,0.0031598310038645754
C-WEU-DEU,Zone_6A Cold Humid,urb,q3,perm,2040,0.0031649879483730994
C-WEU-DEU,Zone_6A Cold Humid,urb,q3,perm,2045,0.003173949727741649
C-WEU-DEU,Zone_6A Cold Humid,urb,q3,perm,2050,0.003184410310224746
C-WEU-DEU,Zone_6A Cold Humid,urb,q3,perm,2055,0.0031952653786651783
C-WEU-DEU,Zone_6A Cold Humid,urb,q3,perm,2060,0.003207990148157554
C-WEU-DEU,Zone_6A Cold Humid,urb,q3,perm,2065,0.0032225615900621134
C-WEU-DEU,Zone_6A Cold Humid,urb,q3,perm,2070,0.0032399953036724998
C-WEU-DEU,Zone_6A Cold Humid,urb,q3,perm,2075,0.003260840612887627
C-WEU-DEU,Zone_6A Cold Humid,urb,q3,perm,2080,0.0032826485003676015
C-WEU-DEU,Zone_6A Cold Humid,urb,q3,perm,2085,0.003304058474111894
C-WEU-DEU,Zone_6A Cold Humid,urb,q3,perm,2090,0.0033252430083845668
C-WEU-DEU,Zone_6A Cold Humid,urb,q3,perm,2095,0.003344742150279304
C-WEU-DEU,Zone_6A Cold Humid,urb,q3,perm,2100,0.0033631383680153186
C-WEU-DEU,Zone_6A Cold Humid,urb,q3,sub,2015,0.0
C-WEU-DEU,Zone_6A Cold Humid,urb,q3,sub,2020,0.0
C-WEU-DEU,Zone_6A Cold Humid,urb,q3,sub,2025,0.0
C-WEU-DEU,Zone_6A Cold Humid,urb,q3,sub,2030,0.0
C-WEU-DEU,Zone_6A Cold Humid,urb,q3,sub,2035,0.0
C-WEU-DEU,Zone_6A Cold Humid,urb,q3,sub,2040,0.0
C-WEU-DEU,Zone_6A Cold Humid,urb,q3,sub,2045,0.0
C-WEU-DEU,Zone_6A Cold Humid,urb,q3,sub,2050,0.0
C-WEU-DEU,Zone_6A Cold Humid,urb,q3,sub,2055,0.0
C-WEU-DEU,Zone_6A Cold Humid,urb,q3,sub,2060,0.0
C-WEU-DEU,Zone_6A Cold Humid,urb,q3,sub,2065,0.0
C-WEU-DEU,Zone_6A Cold Humid,urb,q3,sub,2070,0.0
C-WEU-DEU,Zone_6A Cold Humid,urb,q3,sub,2075,0.0
C-WEU-DEU,Zone_6A Cold Humid,urb,q3,sub,2080,0.0
C-WEU-DEU,Zone_6A Cold Humid,urb,q3,sub,2085,0.0
C-WEU-DEU,Zone_6A Cold Humid,urb,q3,sub,2090,0.0
C-WEU-DEU,Zone_6A Cold Humid,urb,q3,sub,2095,0.0
C-WEU-DEU,Zone_6A Cold Humid,urb,q3,sub,2100,0.0
C-WEU-DNK,Zone_5A Cool Humid,rur,q1,perm,2015,1.0
C-WEU-DNK,Zone_5A Cool Humid,rur,q1,perm,2020,1.0
C-WEU-DNK,Zone_5A Cool Humid,rur,q1,perm,2025,1.0
C-WEU-DNK,Zone_5A Cool Humid,rur,q1,perm,2030,1.0
C-WEU-DNK,Zone_5A Cool Humid,rur,q1,perm,2035,1.0
C-WEU-DNK,Zone_5A Cool Humid,rur,q1,perm,2040,1.0
C-WEU-DNK,Zone_5A Cool Humid,rur,q1,perm,2045,1.0
C-WEU-DNK,Zone_5A Cool Humid,rur,q1,perm,2050,1.0
C-WEU-DNK,Zone_5A Cool Humid,rur,q1,perm,2055,1.0
C-WEU-DNK,Zone_5A Cool Humid,rur,q1,perm,2060,1.0
C-WEU-DNK,Zone_5A Cool Humid,rur,q1,perm,2065,1.0
C-WEU-DNK,Zone_5A Cool Humid,rur,q1,perm,2070,1.0
C-WEU-DNK,Zone_5A Cool Humid,rur,q1,perm,2075,1.0
C-WEU-DNK,Zone_5A Cool Humid,rur,q1,perm,2080,1.0
C-WEU-DNK,Zone_5A Cool Humid,rur,q1,perm,2085,1.0
C-WEU-DNK,Zone_5A Cool Humid,rur,q1,perm,2090,1.0
C-WEU-DNK,Zone_5A Cool Humid,rur,q1,perm,2095,1.0
C-WEU-DNK,Zone_5A Cool Humid,rur,q1,perm,2100,1.0
C-WEU-DNK,Zone_5A Cool Humid,rur,q1,sub,2015,0.0
C-WEU-DNK,Zone_5A Cool Humid,rur,q1,sub,2020,0.0
C-WEU-DNK,Zone_5A Cool Humid,rur,q1,sub,2025,0.0
C-WEU-DNK,Zone_5A Cool Humid,rur,q1,sub,2030,0.0
C-WEU-DNK,Zone_5A Cool Humid,rur,q1,sub,2035,0.0
C-WEU-DNK,Zone_5A Cool Humid,rur,q1,sub,2040,0.0
C-WEU-DNK,Zone_5A Cool Humid,rur,q1,sub,2045,0.0
C-WEU-DNK,Zone_5A Cool Humid,rur,q1,sub,2050,0.0
C-WEU-DNK,Zone_5A Cool Humid,rur,q1,sub,2055,0.0
C-WEU-DNK,Zone_5A Cool Humid,rur,q1,sub,2060,0.0
C-WEU-DNK,Zone_5A Cool Humid,rur,q1,sub,2065,0.0
C-WEU-DNK,Zone_5A Cool Humid,rur,q1,sub,2070,0.0
C-WEU-DNK,Zone_5A Cool Humid,rur,q1,sub,2075,0.0
C-WEU-DNK,Zone_5A Cool Humid,rur,q1,sub,2080,0.0
C-WEU-DNK,Zone_5A Cool Humid,rur,q1,sub,2085,0.0
C-WEU-DNK,Zone_5A Cool Humid,rur,q1,sub,2090,0.0
C-WEU-DNK,Zone_5A Cool Humid,rur,q1,sub,2095,0.0
C-WEU-DNK,Zone_5A Cool Humid,rur,q1,sub,2100,0.0
C-WEU-DNK,Zone_5A Cool Humid,rur,q2,perm,2015,1.0
C-WEU-DNK,Zone_5A Cool Humid,rur,q2,perm,2020,1.0
C-WEU-DNK,Zone_5A Cool Humid,rur,q2,perm,2025,1.0
C-WEU-DNK,Zone_5A Cool Humid,rur,q2,perm,2030,1.0
C-WEU-DNK,Zone_5A Cool Humid,rur,q2,perm,2035,1.0
C-WEU-DNK,Zone_5A Cool Humid,rur,q2,perm,2040,1.0
C-WEU-DNK,Zone_5A Cool Humid,rur,q2,perm,2045,1.0
C-WEU-DNK,Zone_5A Cool Humid,rur,q2,perm,2050,1.0
C-WEU-DNK,Zone_5A Cool Humid,rur,q2,perm,2055,1.0
C-WEU-DNK,Zone_5A Cool Humid,rur,q2,perm,2060,1.0
C-WEU-DNK,Zone_5A Cool Humid,rur,q2,perm,2065,1.0
C-WEU-DNK,Zone_5A Cool Humid,rur,q2,perm,2070,1.0
C-WEU-DNK,Zone_5A Cool Humid,rur,q2,perm,2075,1.0
C-WEU-DNK,Zone_5A Cool Humid,rur,q2,perm,2080,1.0
C-WEU-DNK,Zone_5A Cool Humid,rur,q2,perm,2085,1.0
C-WEU-DNK,Zone_5A Cool Humid,rur,q2,perm,2090,1.0
C-WEU-DNK,Zone_5A Cool Humid,rur,q2,perm,2095,1.0
C-WEU-DNK,Zone_5A Cool Humid,rur,q2,perm,2100,1.0
C-WEU-DNK,Zone_5A Cool Humid,rur,q2,sub,2015,0.0
C-WEU-DNK,Zone_5A Cool Humid,rur,q2,sub,2020,0.0
C-WEU-DNK,Zone_5A Cool Humid,rur,q2,sub,2025,0.0
C-WEU-DNK,Zone_5A Cool Humid,rur,q2,sub,2030,0.0
C-WEU-DNK,Zone_5A Cool Humid,rur,q2,sub,2035,0.0
C-WEU-DNK,Zone_5A Cool Humid,rur,q2,sub,2040,0.0
C-WEU-DNK,Zone_5A Cool Humid,rur,q2,sub,2045,0.0
C-WEU-DNK,Zone_5A Cool Humid,rur,q2,sub,2050,0.0
C-WEU-DNK,Zone_5A Cool Humid,rur,q2,sub,2055,0.0
C-WEU-DNK,Zone_5A Cool Humid,rur,q2,sub,2060,0.0
C-WEU-DNK,Zone_5A Cool Humid,rur,q2,sub,2065,0.0
C-WEU-DNK,Zone_5A Cool Humid,rur,q2,sub,2070,0.0
C-WEU-DNK,Zone_5A Cool Humid,rur,q2,sub,2075,0.0
C-WEU-DNK,Zone_5A Cool Humid,rur,q2,sub,2080,0.0
C-WEU-DNK,Zone_5A Cool Humid,rur,q2,sub,2085,0.0
C-WEU-DNK,Zone_5A Cool Humid,rur,q2,sub,2090,0.0
C-WEU-DNK,Zone_5A Cool Humid,rur,q2,sub,2095,0.0
C-WEU-DNK,Zone_5A Cool Humid,rur,q2,sub,2100,0.0
C-WEU-DNK,Zone_5A Cool Humid,rur,q3,perm,2015,1.0
C-WEU-DNK,Zone_5A Cool Humid,rur,q3,perm,2020,1.0
C-WEU-DNK,Zone_5A Cool Humid,rur,q3,perm,2025,1.0
C-WEU-DNK,Zone_5A Cool Humid,rur,q3,perm,2030,1.0
C-WEU-DNK,Zone_5A Cool Humid,rur,q3,perm,2035,1.0
C-WEU-DNK,Zone_5A Cool Humid,rur,q3,perm,2040,1.0
C-WEU-DNK,Zone_5A Cool Humid,rur,q3,perm,2045,1.0
C-WEU-DNK,Zone_5A Cool Humid,rur,q3,perm,2050,1.0
C-WEU-DNK,Zone_5A Cool Humid,rur,q3,perm,2055,1.0
C-WEU-DNK,Zone_5A Cool Humid,rur,q3,perm,2060,1.0
C-WEU-DNK,Zone_5A Cool Humid,rur,q3,perm,2065,1.0
C-WEU-DNK,Zone_5A Cool Humid,rur,q3,perm,2070,1.0
C-WEU-DNK,Zone_5A Cool Humid,rur,q3,perm,2075,1.0
C-WEU-DNK,Zone_5A Cool Humid,rur,q3,perm,2080,1.0
C-WEU-DNK,Zone_5A Cool Humid,rur,q3,perm,2085,1.0
C-WEU-DNK,Zone_5A Cool Humid,rur,q3,perm,2090,1.0
C-WEU-DNK,Zone_5A Cool Humid,rur,q3,perm,2095,1.0
C-WEU-DNK,Zone_5A Cool Humid,rur,q3,perm,2100,1.0
C-WEU-DNK,Zone_5A Cool Humid,rur,q3,sub,2015,0.0
C-WEU-DNK,Zone_5A Cool Humid,rur,q3,sub,2020,0.0
C-WEU-DNK,Zone_5A Cool Humid,rur,q3,sub,2025,0.0
C-WEU-DNK,Zone_5A Cool Humid,rur,q3,sub,2030,0.0
C-WEU-DNK,Zone_5A Cool Humid,rur,q3,sub,2035,0.0
C-WEU-DNK,Zone_5A Cool Humid,rur,q3,sub,2040,0.0
C-WEU-DNK,Zone_5A Cool Humid,rur,q3,sub,2045,0.0
C-WEU-DNK,Zone_5A Cool Humid,rur,q3,sub,2050,0.0
C-WEU-DNK,Zone_5A Cool Humid,rur,q3,sub,2055,0.0
C-WEU-DNK,Zone_5A Cool Humid,rur,q3,sub,2060,0.0
C-WEU-DNK,Zone_5A Cool Humid,rur,q3,sub,2065,0.0
C-WEU-DNK,Zone_5A Cool Humid,rur,q3,sub,2070,0.0
C-WEU-DNK,Zone_5A Cool Humid,rur,q3,sub,2075,0.0
C-WEU-DNK,Zone_5A Cool Humid,rur,q3,sub,2080,0.0
C-WEU-DNK,Zone_5A Cool Humid,rur,q3,sub,2085,0.0
C-WEU-DNK,Zone_5A Cool Humid,rur,q3,sub,2090,0.0
C-WEU-DNK,Zone_5A Cool Humid,rur,q3,sub,2095,0.0
C-WEU-DNK,Zone_5A Cool Humid,rur,q3,sub,2100,0.0
C-WEU-DNK,Zone_5A Cool Humid,urb,q1,perm,2015,1.0
C-WEU-DNK,Zone_5A Cool Humid,urb,q1,perm,2020,1.0
C-WEU-DNK,Zone_5A Cool Humid,urb,q1,perm,2025,1.0
C-WEU-DNK,Zone_5A Cool Humid,urb,q1,perm,2030,1.0
C-WEU-DNK,Zone_5A Cool Humid,urb,q1,perm,2035,1.0
C-WEU-DNK,Zone_5A Cool Humid,urb,q1,perm,2040,1.0
C-WEU-DNK,Zone_5A Cool Humid,urb,q1,perm,2045,1.0
C-WEU-DNK,Zone_5A Cool Humid,urb,q1,perm,2050,1.0
C-WEU-DNK,Zone_5A Cool Humid,urb,q1,perm,2055,1.0
C-WEU-DNK,Zone_5A Cool Humid,urb,q1,perm,2060,1.0
C-WEU-DNK,Zone_5A Cool Humid,urb,q1,perm,2065,1.0
C-WEU-DNK,Zone_5A Cool Humid,urb,q1,perm,2070,1.0
C-WEU-DNK,Zone_5A Cool Humid,urb,q1,perm,2075,1.0
C-WEU-DNK,Zone_5A Cool Humid,urb,q1,perm,2080,1.0
C-WEU-DNK,Zone_5A Cool Humid,urb,q1,perm,2085,1.0
C-WEU-DNK,Zone_5A Cool Humid,urb,q1,perm,2090,1.0
C-WEU-DNK,Zone_5A Cool Humid,urb,q1,perm,2095,1.0
C-WEU-DNK,Zone_5A Cool Humid,urb,q1,perm,2100,1.0
C-WEU-DNK,Zone_5A Cool Humid,urb,q1,sub,2015,0.0
C-WEU-DNK,Zone_5A Cool Humid,urb,q1,sub,2020,0.0
C-WEU-DNK,Zone_5A Cool Humid,urb,q1,sub,2025,0.0
C-WEU-DNK,Zone_5A Cool Humid,urb,q1,sub,2030,0.0
C-WEU-DNK,Zone_5A Cool Humid,urb,q1,sub,2035,0.0
C-WEU-DNK,Zone_5A Cool Humid,urb,q1,sub,2040,0.0
C-WEU-DNK,Zone_5A Cool Humid,urb,q1,sub,2045,0.0
C-WEU-DNK,Zone_5A Cool Humid,urb,q1,sub,2050,0.0
C-WEU-DNK,Zone_5A Cool Humid,urb,q1,sub,2055,0.0
C-WEU-DNK,Zone_5A Cool Humid,urb,q1,sub,2060,0.0
C-WEU-DNK,Zone_5A Cool Humid,urb,q1,sub,2065,0.0
C-WEU-DNK,Zone_5A Cool Humid,urb,q1,sub,2070,0.0
C-WEU-DNK,Zone_5A Cool Humid,urb,q1,sub,2075,0.0
C-WEU-DNK,Zone_5A Cool Humid,urb,q1,sub,2080,0.0
C-WEU-DNK,Zone_5A Cool Humid,urb,q1,sub,2085,0.0
C-WEU-DNK,Zone_5A Cool Humid,urb,q1,sub,2090,0.0
C-WEU-DNK,Zone_5A Cool Humid,urb,q1,sub,2095,0.0
C-WEU-DNK,Zone_5A Cool Humid,urb,q1,sub,2100,0.0
C-WEU-DNK,Zone_5A Cool Humid,urb,q2,perm,2015,1.0
C-WEU-DNK,Zone_5A Cool Humid,urb,q2,perm,2020,1.0
C-WEU-DNK,Zone_5A Cool Humid,urb,q2,perm,2025,1.0
C-WEU-DNK,Zone_5A Cool Humid,urb,q2,perm,2030,1.0
C-WEU-DNK,Zone_5A Cool Humid,urb,q2,perm,2035,1.0
C-WEU-DNK,Zone_5A Cool Humid,urb,q2,perm,2040,1.0
C-WEU-DNK,Zone_5A Cool Humid,urb,q2,perm,2045,1.0
C-WEU-DNK,Zone_5A Cool Humid,urb,q2,perm,2050,1.0
C-WEU-DNK,Zone_5A Cool Humid,urb,q2,perm,2055,1.0
C-WEU-DNK,Zone_5A Cool Humid,urb,q2,perm,2060,1.0
C-WEU-DNK,Zone_5A Cool Humid,urb,q2,perm,2065,1.0
C-WEU-DNK,Zone_5A Cool Humid,urb,q2,perm,2070,1.0
C-WEU-DNK,Zone_5A Cool Humid,urb,q2,perm,2075,1.0
C-WEU-DNK,Zone_5A Cool Humid,urb,q2,perm,2080,1.0
C-WEU-DNK,Zone_5A Cool Humid,urb,q2,perm,2085,1.0
C-WEU-DNK,Zone_5A Cool Humid,urb,q2,perm,2090,1.0
C-WEU-DNK,Zone_5A Cool Humid,urb,q2,perm,2095,1.0
C-WEU-DNK,Zone_5A Cool Humid,urb,q2,perm,2100,1.0
C-WEU-DNK,Zone_5A Cool Humid,urb,q2,sub,2015,0.0
C-WEU-DNK,Zone_5A Cool Humid,urb,q2,sub,2020,0.0
C-WEU-DNK,Zone_5A Cool Humid,urb,q2,sub,2025,0.0
C-WEU-DNK,Zone_5A Cool Humid,urb,q2,sub,2030,0.0
C-WEU-DNK,Zone_5A Cool Humid,urb,q2,sub,2035,0.0
C-WEU-DNK,Zone_5A Cool Humid,urb,q2,sub,2040,0.0
C-WEU-DNK,Zone_5A Cool Humid,urb,q2,sub,2045,0.0
C-WEU-DNK,Zone_5A Cool Humid,urb,q2,sub,2050,0.0
C-WEU-DNK,Zone_5A Cool Humid,urb,q2,sub,2055,0.0
C-WEU-DNK,Zone_5A Cool Humid,urb,q2,sub,2060,0.0
C-WEU-DNK,Zone_5A Cool Humid,urb,q2,sub,2065,0.0
C-WEU-DNK,Zone_5A Cool Humid,urb,q2,sub,2070,0.0
C-WEU-DNK,Zone_5A Cool Humid,urb,q2,sub,2075,0.0
C-WEU-DNK,Zone_5A Cool Humid,urb,q2,sub,2080,0.0
C-WEU-DNK,Zone_5A Cool Humid,urb,q2,sub,2085,0.0
C-WEU-DNK,Zone_5A Cool Humid,urb,q2,sub,2090,0.0
C-WEU-DNK,Zone_5A Cool Humid,urb,q2,sub,2095,0.0
C-WEU-DNK,Zone_5A Cool Humid,urb,q2,sub,2100,0.0
C-WEU-DNK,Zone_5A Cool Humid,urb,q3,perm,2015,1.0
C-WEU-DNK,Zone_5A Cool Humid,urb,q3,perm,2020,1.0
C-WEU-DNK,Zone_5A Cool Humid,urb,q3,perm,2025,1.0
C-WEU-DNK,Zone_5A Cool Humid,urb,q3,perm,2030,1.0
C-WEU-DNK,Zone_5A Cool Humid,urb,q3,perm,2035,1.0
C-WEU-DNK,Zone_5A Cool Humid,urb,q3,perm,2040,1.0
C-WEU-DNK,Zone_5A Cool Humid,urb,q3,perm,2045,1.0
C-WEU-DNK,Zone_5A Cool Humid,urb,q3,perm,2050,1.0
C-WEU-DNK,Zone_5A Cool Humid,urb,q3,perm,2055,1.0
C-WEU-DNK,Zone_5A Cool Humid,urb,q3,perm,2060,1.0
C-WEU-DNK,Zone_5A Cool Humid,urb,q3,perm,2065,1.0
C-WEU-DNK,Zone_5A Cool Humid,urb,q3,perm,2070,1.0
C-WEU-DNK,Zone_5A Cool Humid,urb,q3,perm,2075,1.0
C-WEU-DNK,Zone_5A Cool Humid,urb,q3,perm,2080,1.0
C-WEU-DNK,Zone_5A Cool Humid,urb,q3,perm,2085,1.0
C-WEU-DNK,Zone_5A Cool Humid,urb,q3,perm,2090,1.0
C-WEU-DNK,Zone_5A Cool Humid,urb,q3,perm,2095,1.0
C-WEU-DNK,Zone_5A Cool Humid,urb,q3,perm,2100,1.0
C-WEU-DNK,Zone_5A Cool Humid,urb,q3,sub,2015,0.0
C-WEU-DNK,Zone_5A Cool Humid,urb,q3,sub,2020,0.0
C-WEU-DNK,Zone_5A Cool Humid,urb,q3,sub,2025,0.0
C-WEU-DNK,Zone_5A Cool Humid,urb,q3,sub,2030,0.0
C-WEU-DNK,Zone_5A Cool Humid,urb,q3,sub,2035,0.0
C-WEU-DNK,Zone_5A Cool Humid,urb,q3,sub,2040,0.0
C-WEU-DNK,Zone_5A Cool Humid,urb,q3,sub,2045,0.0
C-WEU-DNK,Zone_5A Cool Humid,urb,q3,sub,2050,0.0
C-WEU-DNK,Zone_5A Cool Humid,urb,q3,sub,2055,0.0
C-WEU-DNK,Zone_5A Cool Humid,urb,q3,sub,2060,0.0
C-WEU-DNK,Zone_5A Cool Humid,urb,q3,sub,2065,0.0
C-WEU-DNK,Zone_5A Cool Humid,urb,q3,sub,2070,0.0
C-WEU-DNK,Zone_5A Cool Humid,urb,q3,sub,2075,0.0
C-WEU-DNK,Zone_5A Cool Humid,urb,q3,sub,2080,0.0
C-WEU-DNK,Zone_5A Cool Humid,urb,q3,sub,2085,0.0
C-WEU-DNK,Zone_5A Cool Humid,urb,q3,sub,2090,0.0
C-WEU-DNK,Zone_5A Cool Humid,urb,q3,sub,2095,0.0
C-WEU-DNK,Zone_5A Cool Humid,urb,q3,sub,2100,0.0
C-WEU-ESP,Zone_2B Hot Dry,rur,q1,perm,2015,0.0029471849255331907
C-WEU-ESP,Zone_2B Hot Dry,rur,q1,perm,2020,0.0029471849255331907
C-WEU-ESP,Zone_2B Hot Dry,rur,q1,perm,2025,0.0030897579551518598
C-WEU-ESP,Zone_2B Hot Dry,rur,q1,perm,2030,0.003199394765478279
C-WEU-ESP,Zone_2B Hot Dry,rur,q1,perm,2035,0.0032838839899863863
C-WEU-ESP,Zone_2B Hot Dry,rur,q1,perm,2040,0.003346208304032957
C-WEU-ESP,Zone_2B Hot Dry,rur,q1,perm,2045,0.0033915983815175966
C-WEU-ESP,Zone_2B Hot Dry,rur,q1,perm,2050,0.003425193547844001
C-WEU-ESP,Zone_2B Hot Dry,rur,q1,perm,2055,0.003449736773868069
C-WEU-ESP,Zone_2B Hot Dry,rur,q1,perm,2060,0.0034658957106954527
C-WEU-ESP,Zone_2B Hot Dry,rur,q1,perm,2065,0.003471576523417131
C-WEU-ESP,Zone_2B Hot Dry,rur,q1,perm,2070,0.003465200934686558
C-WEU-ESP,Zone_2B Hot Dry,rur,q1,perm,2075,0.0034485415907077894
C-WEU-ESP,Zone_2B Hot Dry,rur,q1,perm,2080,0.003422539465321976
C-WEU-ESP,Zone_2B Hot Dry,rur,q1,perm,2085,0.0033899629792340695
C-WEU-ESP,Zone_2B Hot Dry,rur,q1,perm,2090,0.0033553569918296205
C-WEU-ESP,Zone_2B Hot Dry,rur,q1,perm,2095,0.003320189934370223
C-WEU-ESP,Zone_2B Hot Dry,rur,q1,perm,2100,0.003285747426936576
C-WEU-ESP,Zone_2B Hot Dry,rur,q1,sub,2015,0.0
C-WEU-ESP,Zone_2B Hot Dry,rur,q1,sub,2020,0.0
C-WEU-ESP,Zone_2B Hot Dry,rur,q1,sub,2025,0.0
C-WEU-ESP,Zone_2B Hot Dry,rur,q1,sub,2030,0.0
C-WEU-ESP,Zone_2B Hot Dry,rur,q1,sub,2035,0.0
C-WEU-ESP,Zone_2B Hot Dry,rur,q1,sub,2040,0.0
C-WEU-ESP,Zone_2B Hot Dry,rur,q1,sub,2045,0.0
C-WEU-ESP,Zone_2B Hot Dry,rur,q1,sub,2050,0.0
C-WEU-ESP,Zone_2B Hot Dry,rur,q1,sub,2055,0.0
C-WEU-ESP,Zone_2B Hot Dry,rur,q1,sub,2060,0.0
C-WEU-ESP,Zone_2B Hot Dry,rur,q1,sub,2065,0.0
C-WEU-ESP,Zone_2B Hot Dry,rur,q1,sub,2070,0.0
C-WEU-ESP,Zone_2B Hot Dry,rur,q1,sub,2075,0.0
C-WEU-ESP,Zone_2B Hot Dry,rur,q1,sub,2080,0.0
C-WEU-ESP,Zone_2B Hot Dry,rur,q1,sub,2085,0.0
C-WEU-ESP,Zone_2B Hot Dry,rur,q1,sub,2090,0.0
C-WEU-ESP,Zone_2B Hot Dry,rur,q1,sub,2095,0.0
C-WEU-ESP,Zone_2B Hot Dry,rur,q1,sub,2100,0.0
C-WEU-ESP,Zone_2B Hot Dry,rur,q2,perm,2015,0.0029471849255331907
C-WEU-ESP,Zone_2B Hot Dry,rur,q2,perm,2020,0.0029471849255331907
C-WEU-ESP,Zone_2B Hot Dry,rur,q2,perm,2025,0.0030897579551518598
C-WEU-ESP,Zone_2B Hot Dry,rur,q2,perm,2030,0.003199394765478279
C-WEU-ESP,Zone_2B Hot Dry,rur,q2,perm,2035,0.0032838839899863863
C-WEU-ESP,Zone_2B Hot Dry,rur,q2,perm,2040,0.003346208304032957
C-WEU-ESP,Zone_2B Hot Dry,rur,q2,perm,2045,0.0033915983815175966
C-WEU-ESP,Zone_2B Hot Dry,rur,q2,perm,2050,0.003425193547844001
C-WEU-ESP,Zone_2B Hot Dry,rur,q2,perm,2055,0.003449736773868069
C-WEU-ESP,Zone_2B Hot Dry,rur,q2,perm,2060,0.0034658957106954527
C-WEU-ESP,Zone_2B Hot Dry,rur,q2,perm,2065,0.003471576523417131
C-WEU-ESP,Zone_2B Hot Dry,rur,q2,perm,2070,0.003465200934686558
C-WEU-ESP,Zone_2B Hot Dry,rur,q2,perm,2075,0.0034485415907077894
C-WEU-ESP,Zone_2B Hot Dry,rur,q2,perm,2080,0.003422539465321976
C-WEU-ESP,Zone_2B Hot Dry,rur,q2,perm,2085,0.0033899629792340695
C-WEU-ESP,Zone_2B Hot Dry,rur,q2,perm,2090,0.0033553569918296205
C-WEU-ESP,Zone_2B Hot Dry,rur,q2,perm,2095,0.003320189934370223
C-WEU-ESP,Zone_2B Hot Dry,rur,q2,perm,2100,0.003285747426936576
C-WEU-ESP,Zone_2B Hot Dry,rur,q2,sub,2015,0.0
C-WEU-ESP,Zone_2B Hot Dry,rur,q2,sub,2020,0.0
C-WEU-ESP,Zone_2B Hot Dry,rur,q2,sub,2025,0.0
C-WEU-ESP,Zone_2B Hot Dry,rur,q2,sub,2030,0.0
C-WEU-ESP,Zone_2B Hot Dry,rur,q2,sub,2035,0.0
C-WEU-ESP,Zone_2B Hot Dry,rur,q2,sub,2040,0.0
C-WEU-ESP,Zone_2B Hot Dry,rur,q2,sub,2045,0.0
C-WEU-ESP,Zone_2B Hot Dry,rur,q2,sub,2050,0.0
C-WEU-ESP,Zone_2B Hot Dry,rur,q2,sub,2055,0.0
C-WEU-ESP,Zone_2B Hot Dry,rur,q2,sub,2060,0.0
C-WEU-ESP,Zone_2B Hot Dry,rur,q2,sub,2065,0.0
C-WEU-ESP,Zone_2B Hot Dry,rur,q2,sub,2070,0.0
C-WEU-ESP,Zone_2B Hot Dry,rur,q2,sub,2075,0.0
C-WEU-ESP,Zone_2B Hot Dry,rur,q2,sub,2080,0.0
C-WEU-ESP,Zone_2B Hot Dry,rur,q2,sub,2085,0.0
C-WEU-ESP,Zone_2B Hot Dry,rur,q2,sub,2090,0.0
C-WEU-ESP,Zone_2B Hot Dry,rur,q2,sub,2095,0.0
C-WEU-ESP,Zone_2B Hot Dry,rur,q2,sub,2100,0.0
C-WEU-ESP,Zone_2B Hot Dry,rur,q3,perm,2015,0.0029471849255331907
C-WEU-ESP,Zone_2B Hot Dry,rur,q3,perm,2020,0.0029471849255331907
C-WEU-ESP,Zone_2B Hot Dry,rur,q3,perm,2025,0.0030897579551518598
C-WEU-ESP,Zone_2B Hot Dry,rur,q3,perm,2030,0.003199394765478279
C-WEU-ESP,Zone_2B Hot Dry,rur,q3,perm,2035,0.0032838839899863863
C-WEU-ESP,Zone_2B Hot Dry,rur,q3,perm,2040,0.003346208304032957
C-WEU-ESP,Zone_2B Hot Dry,rur,q3,perm,2045,0.0033915983815175966
C-WEU-ESP,Zone_2B Hot Dry,rur,q3,perm,2050,0.003425193547844001
C-WEU-ESP,Zone_2B Hot Dry,rur,q3,perm,2055,0.003449736773868069
C-WEU-ESP,Zone_2B Hot Dry,rur,q3,perm,2060,0.0034658957106954527
C-WEU-ESP,Zone_2B Hot Dry,rur,q3,perm,2065,0.003471576523417131
C-WEU-ESP,Zone_2B Hot Dry,rur,q3,perm,2070,0.003465200934686558
C-WEU-ESP,Zone_2B Hot Dry,rur,q3,perm,2075,0.0034485415907077894
C-WEU-ESP,Zone_2B Hot Dry,rur,q3,perm,2080,0.003422539465321976
C-WEU-ESP,Zone_2B Hot Dry,rur,q3,perm,2085,0.0033899629792340695
C-WEU-ESP,Zone_2B Hot Dry,rur,q3,perm,2090,0.0033553569918296205
C-WEU-ESP,Zone_2B Hot Dry,rur,q3,perm,2095,0.003320189934370223
C-WEU-ESP,Zone_2B Hot Dry,rur,q3,perm,2100,0.003285747426936576
C-WEU-ESP,Zone_2B Hot Dry,rur,q3,sub,2015,0.0
C-WEU-ESP,Zone_2B Hot Dry,rur,q3,sub,2020,0.0
C-WEU-ESP,Zone_2B Hot Dry,rur,q3,sub,2025,0.0
C-WEU-ESP,Zone_2B Hot Dry,rur,q3,sub,2030,0.0
C-WEU-ESP,Zone_2B Hot Dry,rur,q3,sub,2035,0.0
C-WEU-ESP,Zone_2B Hot Dry,rur,q3,sub,2040,0.0
C-WEU-ESP,Zone_2B Hot Dry,rur,q3,sub,2045,0.0
C-WEU-ESP,Zone_2B Hot Dry,rur,q3,sub,2050,0.0
C-WEU-ESP,Zone_2B Hot Dry,rur,q3,sub,2055,0.0
C-WEU-ESP,Zone_2B Hot Dry,rur,q3,sub,2060,0.0
C-WEU-ESP,Zone_2B Hot Dry,rur,q3,sub,2065,0.0
C-WEU-ESP,Zone_2B Hot Dry,rur,q3,sub,2070,0.0
C-WEU-ESP,Zone_2B Hot Dry,rur,q3,sub,2075,0.0
C-WEU-ESP,Zone_2B Hot Dry,rur,q3,sub,2080,0.0
C-WEU-ESP,Zone_2B Hot Dry,rur,q3,sub,2085,0.0
C-WEU-ESP,Zone_2B Hot Dry,rur,q3,sub,2090,0.0
C-WEU-ESP,Zone_2B Hot Dry,rur,q3,sub,2095,0.0
C-WEU-ESP,Zone_2B Hot Dry,rur,q3,sub,2100,0.0
C-WEU-ESP,Zone_2B Hot Dry,urb,q1,perm,2015,0.0030458349250000387
C-WEU-ESP,Zone_2B Hot Dry,urb,q1,perm,2020,0.0030458349250000387
C-WEU-ESP,Zone_2B Hot Dry,urb,q1,perm,2025,0.0031872011536984678
C-WEU-ESP,Zone_2B Hot Dry,urb,q1,perm,2030,0.003295666791607614
C-WEU-ESP,Zone_2B Hot Dry,urb,q1,perm,2035,0.0033782913455804187
C-WEU-ESP,Zone_2B Hot Dry,urb,q1,perm,2040,0.003438114848741743
C-WEU-ESP,Zone_2B Hot Dry,urb,q1,perm,2045,0.003480549593019528
C-WEU-ESP,Zone_2B Hot Dry,urb,q1,perm,2050,0.003510869463368533
C-WEU-ESP,Zone_2B Hot Dry,urb,q1,perm,2055,0.0035318542415541557
C-WEU-ESP,Zone_2B Hot Dry,urb,q1,perm,2060,0.0035442490231131028
C-WEU-ESP,Zone_2B Hot Dry,urb,q1,perm,2065,0.0035460500480516866
C-WEU-ESP,Zone_2B Hot Dry,urb,q1,perm,2070,0.003535823978137661
C-WEU-ESP,Zone_2B Hot Dry,urb,q1,perm,2075,0.003515635092850152
C-WEU-ESP,Zone_2B Hot Dry,urb,q1,perm,2080,0.003486728466850922
C-WEU-ESP,Zone_2B Hot Dry,urb,q1,perm,2085,0.003451836266556215
C-WEU-ESP,Zone_2B Hot Dry,urb,q1,perm,2090,0.0034152681608897134
C-WEU-ESP,Zone_2B Hot Dry,urb,q1,perm,2095,0.003378243080065888
C-WEU-ESP,Zone_2B Hot Dry,urb,q1,perm,2100,0.0033419140400173008
C-WEU-ESP,Zone_2B Hot Dry,urb,q1,sub,2015,0.0
C-WEU-ESP,Zone_2B Hot Dry,urb,q1,sub,2020,0.0
C-WEU-ESP,Zone_2B Hot Dry,urb,q1,sub,2025,0.0
C-WEU-ESP,Zone_2B Hot Dry,urb,q1,sub,2030,0.0
C-WEU-ESP,Zone_2B Hot Dry,urb,q1,sub,2035,0.0
C-WEU-ESP,Zone_2B Hot Dry,urb,q1,sub,2040,0.0
C-WEU-ESP,Zone_2B Hot Dry,urb,q1,sub,2045,0.0
C-WEU-ESP,Zone_2B Hot Dry,urb,q1,sub,2050,0.0
C-WEU-ESP,Zone_2B Hot Dry,urb,q1,sub,2055,0.0
C-WEU-ESP,Zone_2B Hot Dry,urb,q1,sub,2060,0.0
C-WEU-ESP,Zone_2B Hot Dry,urb,q1,sub,2065,0.0
C-WEU-ESP,Zone_2B Hot Dry,urb,q1,sub,2070,0.0
C-WEU-ESP,Zone_2B Hot Dry,urb,q1,sub,2075,0.0
C-WEU-ESP,Zone_2B Hot Dry,urb,q1,sub,2080,0.0
C-WEU-ESP,Zone_2B Hot Dry,urb,q1,sub,2085,0.0
C-WEU-ESP,Zone_2B Hot Dry,urb,q1,sub,2090,0.0
C-WEU-ESP,Zone_2B Hot Dry,urb,q1,sub,2095,0.0
C-WEU-ESP,Zone_2B Hot Dry,urb,q1,sub,2100,0.0
C-WEU-ESP,Zone_2B Hot Dry,urb,q2,perm,2015,0.0030458349250000387
C-WEU-ESP,Zone_2B Hot Dry,urb,q2,perm,2020,0.0030458349250000387
C-WEU-ESP,Zone_2B Hot Dry,urb,q2,perm,2025,0.0031872011536984678
C-WEU-ESP,Zone_2B Hot Dry,urb,q2,perm,2030,0.003295666791607614
C-WEU-ESP,Zone_2B Hot Dry,urb,q2,perm,2035,0.0033782913455804187
C-WEU-ESP,Zone_2B Hot Dry,urb,q2,perm,2040,0.003438114848741743
C-WEU-ESP,Zone_2B Hot Dry,urb,q2,perm,2045,0.003480549593019528
C-WEU-ESP,Zone_2B Hot Dry,urb,q2,perm,2050,0.003510869463368533
C-WEU-ESP,Zone_2B Hot Dry,urb,q2,perm,2055,0.0035318542415541557
C-WEU-ESP,Zone_2B Hot Dry,urb,q2,perm,2060,0.0035442490231131028
C-WEU-ESP,Zone_2B Hot Dry,urb,q2,perm,2065,0.0035460500480516866
C-WEU-ESP,Zone_2B Hot Dry,urb,q2,perm,2070,0.003535823978137661
C-WEU-ESP,Zone_2B Hot Dry,urb,q2,perm,2075,0.003515635092850152
C-WEU-ESP,Zone_2B Hot Dry,urb,q2,perm,2080,0.003486728466850922
C-WEU-ESP,Zone_2B Hot Dry,urb,q2,perm,2085,0.003451836266556215
C-WEU-ESP,Zone_2B Hot Dry,urb,q2,perm,2090,0.0034152681608897134
C-WEU-ESP,Zone_2B Hot Dry,urb,q2,perm,2095,0.003378243080065888
C-WEU-ESP,Zone_2B Hot Dry,urb,q2,perm,2100,0.0033419140400173008
C-WEU-ESP,Zone_2B Hot Dry,urb,q2,sub,2015,0.0
C-WEU-ESP,Zone_2B Hot Dry,urb,q2,sub,2020,0.0
C-WEU-ESP,Zone_2B Hot Dry,urb,q2,sub,2025,0.0
C-WEU-ESP,Zone_2B Hot Dry,urb,q2,sub,2030,0.0
C-WEU-ESP,Zone_2B Hot Dry,urb,q2,sub,2035,0.0
C-WEU-ESP,Zone_2B Hot Dry,urb,q2,sub,2040,0.0
C-WEU-ESP,Zone_2B Hot Dry,urb,q2,sub,2045,0.0
C-WEU-ESP,Zone_2B Hot Dry,urb,q2,sub,2050,0.0
C-WEU-ESP,Zone_2B Hot Dry,urb,q2,sub,2055,0.0
C-WEU-ESP,Zone_2B Hot Dry,urb,q2,sub,2060,0.0
C-WEU-ESP,Zone_2B Hot Dry,urb,q2,sub,2065,0.0
C-WEU-ESP,Zone_2B Hot Dry,urb,q2,sub,2070,0.0
C-WEU-ESP,Zone_2B Hot Dry,urb,q2,sub,2075,0.0
C-WEU-ESP,Zone_2B Hot Dry,urb,q2,sub,2080,0.0
C-WEU-ESP,Zone_2B Hot Dry,urb,q2,sub,2085,0.0
C-WEU-ESP,Zone_2B Hot Dry,urb,q2,sub,2090,0.0
C-WEU-ESP,Zone_2B Hot Dry,urb,q2,sub,2095,0.0
C-WEU-ESP,Zone_2B Hot Dry,urb,q2,sub,2100,0.0
C-WEU-ESP,Zone_2B Hot Dry,urb,q3,perm,2015,0.0030458349250000387
C-WEU-ESP,Zone_2B Hot Dry,urb,q3,perm,2020,0.0030458349250000387
C-WEU-ESP,Zone_2B Hot Dry,urb,q3,perm,2025,0.0031872011536984678
C-WEU-ESP,Zone_2B Hot Dry,urb,q3,perm,2030,0.003295666791607614
C-WEU-ESP,Zone_2B Hot Dry,urb,q3,perm,2035,0.0033782913455804187
C-WEU-ESP,Zone_2B Hot Dry,urb,q3,perm,2040,0.003438114848741743
C-WEU-ESP,Zone_2B Hot Dry,urb,q3,perm,2045,0.003480549593019528
C-WEU-ESP,Zone_2B Hot Dry,urb,q3,perm,2050,0.003510869463368533
C-WEU-ESP,Zone_2B Hot Dry,urb,q3,perm,2055,0.0035318542415541557
C-WEU-ESP,Zone_2B Hot Dry,urb,q3,perm,2060,0.0035442490231131028
C-WEU-ESP,Zone_2B Hot Dry,urb,q3,perm,2065,0.0035460500480516866
C-WEU-ESP,Zone_2B Hot Dry,urb,q3,perm,2070,0.003535823978137661
C-WEU-ESP,Zone_2B Hot Dry,urb,q3,perm,2075,0.003515635092850152
C-WEU-ESP,Zone_2B Hot Dry,urb,q3,perm,2080,0.003486728466850922
C-WEU-ESP,Zone_2B Hot Dry,urb,q3,perm,2085,0.003451836266556215
C-WEU-ESP,Zone_2B Hot Dry,urb,q3,perm,2090,0.0034152681608897134
C-WEU-ESP,Zone_2B Hot Dry,urb,q3,perm,2095,0.003378243080065888
C-WEU-ESP,Zone_2B Hot Dry,urb,q3,perm,2100,0.0033419140400173008
C-WEU-ESP,Zone_2B Hot Dry,urb,q3,sub,2015,0.0
C-WEU-ESP,Zone_2B Hot Dry,urb,q3,sub,2020,0.0
C-WEU-ESP,Zone_2B Hot Dry,urb,q3,sub,2025,0.0
C-WEU-ESP,Zone_2B Hot Dry,urb,q3,sub,2030,0.0
C-WEU-ESP,Zone_2B Hot Dry,urb,q3,sub,2035,0.0
C-WEU-ESP,Zone_2B Hot Dry,urb,q3,sub,2040,0.0
C-WEU-ESP,Zone_2B Hot Dry,urb,q3,sub,2045,0.0
C-WEU-ESP,Zone_2B Hot Dry,urb,q3,sub,2050,0.0
C-WEU-ESP,Zone_2B Hot Dry,urb,q3,sub,2055,0.0
C-WEU-ESP,Zone_2B Hot Dry,urb,q3,sub,2060,0.0
C-WEU-ESP,Zone_2B Hot Dry,urb,q3,sub,2065,0.0
C-WEU-ESP,Zone_2B Hot Dry,urb,q3,sub,2070,0.0
C-WEU-ESP,Zone_2B Hot Dry,urb,q3,sub,2075,0.0
C-WEU-ESP,Zone_2B Hot Dry,urb,q3,sub,2080,0.0
C-WEU-ESP,Zone_2B Hot Dry,urb,q3,sub,2085,0.0
C-WEU-ESP,Zone_2B Hot Dry,urb,q3,sub,2090,0.0
C-WEU-ESP,Zone_2B Hot Dry,urb,q3,sub,2095,0.0
C-WEU-ESP,Zone_2B Hot Dry,urb,q3,sub,2100,0.0
C-WEU-ESP,Zone_3A Warm Humid,rur,q1,perm,2015,1.0
C-WEU-ESP,Zone_3A Warm Humid,rur,q1,perm,2020,1.0
C-WEU-ESP,Zone_3A Warm Humid,rur,q1,perm,2025,1.0
C-WEU-ESP,Zone_3A Warm Humid,rur,q1,perm,2030,1.0
C-WEU-ESP,Zone_3A Warm Humid,rur,q1,perm,2035,1.0
C-WEU-ESP,Zone_3A Warm Humid,rur,q1,perm,2040,1.0
C-WEU-ESP,Zone_3A Warm Humid,rur,q1,perm,2045,1.0
C-WEU-ESP,Zone_3A Warm Humid,rur,q1,perm,2050,1.0
C-WEU-ESP,Zone_3A Warm Humid,rur,q1,perm,2055,1.0
C-WEU-ESP,Zone_3A Warm Humid,rur,q1,perm,2060,1.0
C-WEU-ESP,Zone_3A Warm Humid,rur,q1,perm,2065,1.0
C-WEU-ESP,Zone_3A Warm Humid,rur,q1,perm,2070,1.0
C-WEU-ESP,Zone_3A Warm Humid,rur,q1,perm,2075,1.0
C-WEU-ESP,Zone_3A Warm Humid,rur,q1,perm,2080,1.0
C-WEU-ESP,Zone_3A Warm Humid,rur,q1,perm,2085,1.0
C-WEU-ESP,Zone_3A Warm Humid,rur,q1,perm,2090,1.0
C-WEU-ESP,Zone_3A Warm Humid,rur,q1,perm,2095,1.0
C-WEU-ESP,Zone_3A Warm Humid,rur,q1,perm,2100,1.0
C-WEU-ESP,Zone_3A Warm Humid,rur,q1,sub,2015,0.0
C-WEU-ESP,Zone_3A Warm Humid,rur,q1,sub,2020,0.0
C-WEU-ESP,Zone_3A Warm Humid,rur,q1,sub,2025,0.0
C-WEU-ESP,Zone_3A Warm Humid,rur,q1,sub,2030,0.0
C-WEU-ESP,Zone_3A Warm Humid,rur,q1,sub,2035,0.0
C-WEU-ESP,Zone_3A Warm Humid,rur,q1,sub,2040,0.0
C-WEU-ESP,Zone_3A Warm Humid,rur,q1,sub,2045,0.0
C-WEU-ESP,Zone_3A Warm Humid,rur,q1,sub,2050,0.0
C-WEU-ESP,Zone_3A Warm Humid,rur,q1,sub,2055,0.0
C-WEU-ESP,Zone_3A Warm Humid,rur,q1,sub,2060,0.0
C-WEU-ESP,Zone_3A Warm Humid,rur,q1,sub,2065,0.0
C-WEU-ESP,Zone_3A Warm Humid,rur,q1,sub,2070,0.0
C-WEU-ESP,Zone_3A Warm Humid,rur,q1,sub,2075,0.0
C-WEU-ESP,Zone_3A Warm Humid,rur,q1,sub,2080,0.0
C-WEU-ESP,Zone_3A Warm Humid,rur,q1,sub,2085,0.0
C-WEU-ESP,Zone_3A Warm Humid,rur,q1,sub,2090,0.0
C-WEU-ESP,Zone_3A Warm Humid,rur,q1,sub,2095,0.0
C-WEU-ESP,Zone_3A Warm Humid,rur,q1,sub,2100,0.0
C-WEU-ESP,Zone_3A Warm Humid,rur,q2,perm,2015,1.0
C-WEU-ESP,Zone_3A Warm Humid,rur,q2,perm,2020,1.0
C-WEU-ESP,Zone_3A Warm Humid,rur,q2,perm,2025,1.0
C-WEU-ESP,Zone_3A Warm Humid,rur,q2,perm,2030,1.0
C-WEU-ESP,Zone_3A Warm Humid,rur,q2,perm,2035,1.0
C-WEU-ESP,Zone_3A Warm Humid,rur,q2,perm,2040,1.0
C-WEU-ESP,Zone_3A Warm Humid,rur,q2,perm,2045,1.0
C-WEU-ESP,Zone_3A Warm Humid,rur,q2,perm,2050,1.0
C-WEU-ESP,Zone_3A Warm Humid,rur,q2,perm,2055,1.0
C-WEU-ESP,Zone_3A Warm Humid,rur,q2,perm,2060,1.0
C-WEU-ESP,Zone_3A Warm Humid,rur,q2,perm,2065,1.0
C-WEU-ESP,Zone_3A Warm Humid,rur,q2,perm,2070,1.0
C-WEU-ESP,Zone_3A Warm Humid,rur,q2,perm,2075,1.0
C-WEU-ESP,Zone_3A Warm Humid,rur,q2,perm,2080,1.0
C-WEU-ESP,Zone_3A Warm Humid,rur,q2,perm,2085,1.0
C-WEU-ESP,Zone_3A Warm Humid,rur,q2,perm,2090,1.0
C-WEU-ESP,Zone_3A Warm Humid,rur,q2,perm,2095,1.0
C-WEU-ESP,Zone_3A Warm Humid,rur,q2,perm,2100,1.0
C-WEU-ESP,Zone_3A Warm Humid,rur,q2,sub,2015,0.0
C-WEU-ESP,Zone_3A Warm Humid,rur,q2,sub,2020,0.0
C-WEU-ESP,Zone_3A Warm Humid,rur,q2,sub,2025,0.0
C-WEU-ESP,Zone_3A Warm Humid,rur,q2,sub,2030,0.0
C-WEU-ESP,Zone_3A Warm Humid,rur,q2,sub,2035,0.0
C-WEU-ESP,Zone_3A Warm Humid,rur,q2,sub,2040,0.0
C-WEU-ESP,Zone_3A Warm Humid,rur,q2,sub,2045,0.0
C-WEU-ESP,Zone_3A Warm Humid,rur,q2,sub,2050,0.0
C-WEU-ESP,Zone_3A Warm Humid,rur,q2,sub,2055,0.0
C-WEU-ESP,Zone_3A Warm Humid,rur,q2,sub,2060,0.0
C-WEU-ESP,Zone_3A Warm Humid,rur,q2,sub,2065,0.0
C-WEU-ESP,Zone_3A Warm Humid,rur,q2,sub,2070,0.0
C-WEU-ESP,Zone_3A Warm Humid,rur,q2,sub,2075,0.0
C-WEU-ESP,Zone_3A Warm Humid,rur,q2,sub,2080,0.0
C-WEU-ESP,Zone_3A Warm Humid,rur,q2,sub,2085,0.0
C-WEU-ESP,Zone_3A Warm Humid,rur,q2,sub,2090,0.0
C-WEU-ESP,Zone_3A Warm Humid,rur,q2,sub,2095,0.0
C-WEU-ESP,Zone_3A Warm Humid,rur,q2,sub,2100,0.0
C-WEU-ESP,Zone_3A Warm Humid,rur,q3,perm,2015,1.0
C-WEU-ESP,Zone_3A Warm Humid,rur,q3,perm,2020,1.0
C-WEU-ESP,Zone_3A Warm Humid,rur,q3,perm,2025,1.0
C-WEU-ESP,Zone_3A Warm Humid,rur,q3,perm,2030,1.0
C-WEU-ESP,Zone_3A Warm Humid,rur,q3,perm,2035,1.0
C-WEU-ESP,Zone_3A Warm Humid,rur,q3,perm,2040,1.0
C-WEU-ESP,Zone_3A Warm Humid,rur,q3,perm,2045,1.0
C-WEU-ESP,Zone_3A Warm Humid,rur,q3,perm,2050,1.0
C-WEU-ESP,Zone_3A Warm Humid,rur,q3,perm,2055,1.0
C-WEU-ESP,Zone_3A Warm Humid,rur,q3,perm,2060,1.0
C-WEU-ESP,Zone_3A Warm Humid,rur,q3,perm,2065,1.0
C-WEU-ESP,Zone_3A Warm Humid,rur,q3,perm,2070,1.0
C-WEU-ESP,Zone_3A Warm Humid,rur,q3,perm,2075,1.0
C-WEU-ESP,Zone_3A Warm Humid,rur,q3,perm,2080,1.0
C-WEU-ESP,Zone_3A Warm Humid,rur,q3,perm,2085,1.0
C-WEU-ESP,Zone_3A Warm Humid,rur,q3,perm,2090,1.0
C-WEU-ESP,Zone_3A Warm Humid,rur,q3,perm,2095,1.0
C-WEU-ESP,Zone_3A Warm Humid,rur,q3,perm,2100,1.0
C-WEU-ESP,Zone_3A Warm Humid,rur,q3,sub,2015,0.0
C-WEU-ESP,Zone_3A Warm Humid,rur,q3,sub,2020,0.0
C-WEU-ESP,Zone_3A Warm Humid,rur,q3,sub,2025,0.0
C-WEU-ESP,Zone_3A Warm Humid,rur,q3,sub,2030,0.0
C-WEU-ESP,Zone_3A Warm Humid,rur,q3,sub,2035,0.0
C-WEU-ESP,Zone_3A Warm Humid,rur,q3,sub,2040,0.0
C-WEU-ESP,Zone_3A Warm Humid,rur,q3,sub,2045,0.0
C-WEU-ESP,Zone_3A Warm Humid,rur,q3,sub,2050,0.0
C-WEU-ESP,Zone_3A Warm Humid,rur,q3,sub,2055,0.0
C-WEU-ESP,Zone_3A Warm Humid,rur,q3,sub,2060,0.0
C-WEU-ESP,Zone_3A Warm Humid,rur,q3,sub,2065,0.0
C-WEU-ESP,Zone_3A Warm Humid,rur,q3,sub,2070,0.0
C-WEU-ESP,Zone_3A Warm Humid,rur,q3,sub,2075,0.0
C-WEU-ESP,Zone_3A Warm Humid,rur,q3,sub,2080,0.0
C-WEU-ESP,Zone_3A Warm Humid,rur,q3,sub,2085,0.0
C-WEU-ESP,Zone_3A Warm Humid,rur,q3,sub,2090,0.0
C-WEU-ESP,Zone_3A Warm Humid,rur,q3,sub,2095,0.0
C-WEU-ESP,Zone_3A Warm Humid,rur,q3,sub,2100,0.0
C-WEU-ESP,Zone_3A Warm Humid,urb,q1,perm,2015,1.0
C-WEU-ESP,Zone_3A Warm Humid,urb,q1,perm,2020,1.0
C-WEU-ESP,Zone_3A Warm Humid,urb,q1,perm,2025,1.0
C-WEU-ESP,Zone_3A Warm Humid,urb,q1,perm,2030,1.0
C-WEU-ESP,Zone_3A Warm Humid,urb,q1,perm,2035,1.0
C-WEU-ESP,Zone_3A Warm Humid,urb,q1,perm,2040,1.0
C-WEU-ESP,Zone_3A Warm Humid,urb,q1,perm,2045,1.0
C-WEU-ESP,Zone_3A Warm Humid,urb,q1,perm,2050,1.0
C-WEU-ESP,Zone_3A Warm Humid,urb,q1,perm,2055,1.0
C-WEU-ESP,Zone_3A Warm Humid,urb,q1,perm,2060,1.0
C-WEU-ESP,Zone_3A Warm Humid,urb,q1,perm,2065,1.0
C-WEU-ESP,Zone_3A Warm Humid,urb,q1,perm,2070,1.0
C-WEU-ESP,Zone_3A Warm Humid,urb,q1,perm,2075,1.0
C-WEU-ESP,Zone_3A Warm Humid,urb,q1,perm,2080,1.0
C-WEU-ESP,Zone_3A Warm Humid,urb,q1,perm,2085,1.0
C-WEU-ESP,Zone_3A Warm Humid,urb,q1,perm,2090,1.0
C-WEU-ESP,Zone_3A Warm Humid,urb,q1,perm,2095,1.0
C-WEU-ESP,Zone_3A Warm Humid,urb,q1,perm,2100,1.0
C-WEU-ESP,Zone_3A Warm Humid,urb,q1,sub,2015,0.0
C-WEU-ESP,Zone_3A Warm Humid,urb,q1,sub,2020,0.0
C-WEU-ESP,Zone_3A Warm Humid,urb,q1,sub,2025,0.0
C-WEU-ESP,Zone_3A Warm Humid,urb,q1,sub,2030,0.0
C-WEU-ESP,Zone_3A Warm Humid,urb,q1,sub,2035,0.0
C-WEU-ESP,Zone_3A Warm Humid,urb,q1,sub,2040,0.0
C-WEU-ESP,Zone_3A Warm Humid,urb,q1,sub,2045,0.0
C-WEU-ESP,Zone_3A Warm Humid,urb,q1,sub,2050,0.0
C-WEU-ESP,Zone_3A Warm Humid,urb,q1,sub,2055,0.0
C-WEU-ESP,Zone_3A Warm Humid,urb,q1,sub,2060,0.0
C-WEU-ESP,Zone_3A Warm Humid,urb,q1,sub,2065,0.0
C-WEU-ESP,Zone_3A Warm Humid,urb,q1,sub,2070,0.0
C-WEU-ESP,Zone_3A Warm Humid,urb,q1,sub,2075,0.0
C-WEU-ESP,Zone_3A Warm Humid,urb,q1,sub,2080,0.0
C-WEU-ESP,Zone_3A Warm Humid,urb,q1,sub,2085,0.0
C-WEU-ESP,Zone_3A Warm Humid,urb,q1,sub,2090,0.0
C-WEU-ESP,Zone_3A Warm Humid,urb,q1,sub,2095,0.0
C-WEU-ESP,Zone_3A Warm Humid,urb,q1,sub,2100,0.0
C-WEU-ESP,Zone_3A Warm Humid,urb,q2,perm,2015,1.0
C-WEU-ESP,Zone_3A Warm Humid,urb,q2,perm,2020,1.0
C-WEU-ESP,Zone_3A Warm Humid,urb,q2,perm,2025,1.0
C-WEU-ESP,Zone_3A Warm Humid,urb,q2,perm,2030,1.0
C-WEU-ESP,Zone_3A Warm Humid,urb,q2,perm,2035,1.0
C-WEU-ESP,Zone_3A Warm Humid,urb,q2,perm,2040,1.0
C-WEU-ESP,Zone_3A Warm Humid,urb,q2,perm,2045,1.0
C-WEU-ESP,Zone_3A Warm Humid,urb,q2,perm,2050,1.0
C-WEU-ESP,Zone_3A Warm Humid,urb,q2,perm,2055,1.0
C-WEU-ESP,Zone_3A Warm Humid,urb,q2,perm,2060,1.0
C-WEU-ESP,Zone_3A Warm Humid,urb,q2,perm,2065,1.0
C-WEU-ESP,Zone_3A Warm Humid,urb,q2,perm,2070,1.0
C-WEU-ESP,Zone_3A Warm Humid,urb,q2,perm,2075,1.0
C-WEU-ESP,Zone_3A Warm Humid,urb,q2,perm,2080,1.0
C-WEU-ESP,Zone_3A Warm Humid,urb,q2,perm,2085,1.0
C-WEU-ESP,Zone_3A Warm Humid,urb,q2,perm,2090,1.0
C-WEU-ESP,Zone_3A Warm Humid,urb,q2,perm,2095,1.0
C-WEU-ESP,Zone_3A Warm Humid,urb,q2,perm,2100,1.0
C-WEU-ESP,Zone_3A Warm Humid,urb,q2,sub,2015,0.0
C-WEU-ESP,Zone_3A Warm Humid,urb,q2,sub,2020,0.0
C-WEU-ESP,Zone_3A Warm Humid,urb,q2,sub,2025,0.0
C-WEU-ESP,Zone_3A Warm Humid,urb,q2,sub,2030,0.0
C-WEU-ESP,Zone_3A Warm Humid,urb,q2,sub,2035,0.0
C-WEU-ESP,Zone_3A Warm Humid,urb,q2,sub,2040,0.0
C-WEU-ESP,Zone_3A Warm Humid,urb,q2,sub,2045,0.0
C-WEU-ESP,Zone_3A Warm Humid,urb,q2,sub,2050,0.0
C-WEU-ESP,Zone_3A Warm Humid,urb,q2,sub,2055,0.0
C-WEU-ESP,Zone_3A Warm Humid,urb,q2,sub,2060,0.0
C-WEU-ESP,Zone_3A Warm Humid,urb,q2,sub,2065,0.0
C-WEU-ESP,Zone_3A Warm Humid,urb,q2,sub,2070,0.0
C-WEU-ESP,Zone_3A Warm Humid,urb,q2,sub,2075,0.0
C-WEU-ESP,Zone_3A Warm Humid,urb,q2,sub,2080,0.0
C-WEU-ESP,Zone_3A Warm Humid,urb,q2,sub,2085,0.0
C-WEU-ESP,Zone_3A Warm Humid,urb,q2,sub,2090,0.0
C-WEU-ESP,Zone_3A Warm Humid,urb,q2,sub,2095,0.0
C-WEU-ESP,Zone_3A Warm Humid,urb,q2,sub,2100,0.0
C-WEU-ESP,Zone_3A Warm Humid,urb,q3,perm,2015,1.0
C-WEU-ESP,Zone_3A Warm Humid,urb,q3,perm,2020,1.0
C-WEU-ESP,Zone_3A Warm Humid,urb,q3,perm,2025,1.0
C-WEU-ESP,Zone_3A Warm Humid,urb,q3,perm,2030,1.0
C-WEU-ESP,Zone_3A Warm Humid,urb,q3,perm,2035,1.0
C-WEU-ESP,Zone_3A Warm Humid,urb,q3,perm,2040,1.0
C-WEU-ESP,Zone_3A Warm Humid,urb,q3,perm,2045,1.0
C-WEU-ESP,Zone_3A Warm Humid,urb,q3,perm,2050,1.0
C-WEU-ESP,Zone_3A Warm Humid,urb,q3,perm,2055,1.0
C-WEU-ESP,Zone_3A Warm Humid,urb,q3,perm,2060,1.0
C-WEU-ESP,Zone_3A Warm Humid,urb,q3,perm,2065,1.0
C-WEU-ESP,Zone_3A Warm Humid,urb,q3,perm,2070,1.0
C-WEU-ESP,Zone_3A Warm Humid,urb,q3,perm,2075,1.0
C-WEU-ESP,Zone_3A Warm Humid,urb,q3,perm,2080,1.0
C-WEU-ESP,Zone_3A Warm Humid,urb,q3,perm,2085,1.0
C-WEU-ESP,Zone_3A Warm Humid,urb,q3,perm,2090,1.0
C-WEU-ESP,Zone_3A Warm Humid,urb,q3,perm,2095,1.0
C-WEU-ESP,Zone_3A Warm Humid,urb,q3,perm,2100,1.0
C-WEU-ESP,Zone_3A Warm Humid,urb,q3,sub,2015,0.0
C-WEU-ESP,Zone_3A Warm Humid,urb,q3,sub,2020,0.0
C-WEU-ESP,Zone_3A Warm Humid,urb,q3,sub,2025,0.0
C-WEU-ESP,Zone_3A Warm Humid,urb,q3,sub,2030,0.0
C-WEU-ESP,Zone_3A Warm Humid,urb,q3,sub,2035,0.0
C-WEU-ESP,Zone_3A Warm Humid,urb,q3,sub,2040,0.0
C-WEU-ESP,Zone_3A Warm Humid,urb,q3,sub,2045,0.0
C-WEU-ESP,Zone_3A Warm Humid,urb,q3,sub,2050,0.0
C-WEU-ESP,Zone_3A Warm Humid,urb,q3,sub,2055,0.0
C-WEU-ESP,Zone_3A Warm Humid,urb,q3,sub,2060,0.0
C-WEU-ESP,Zone_3A Warm Humid,urb,q3,sub,2065,0.0
C-WEU-ESP,Zone_3A Warm Humid,urb,q3,sub,2070,0.0
C-WEU-ESP,Zone_3A Warm Humid,urb,q3,sub,2075,0.0
C-WEU-ESP,Zone_3A Warm Humid,urb,q3,sub,2080,0.0
C-WEU-ESP,Zone_3A Warm Humid,urb,q3,sub,2085,0.0
C-WEU-ESP,Zone_3A Warm Humid,urb,q3,sub,2090,0.0
C-WEU-ESP,Zone_3A Warm Humid,urb,q3,sub,2095,0.0
C-WEU-ESP,Zone_3A Warm Humid,urb,q3,sub,2100,0.0
C-WEU-ESP,Zone_3B Warm Dry,rur,q1,perm,2015,1.0
C-WEU-ESP,Zone_3B Warm Dry,rur,q1,perm,2020,1.0
C-WEU-ESP,Zone_3B Warm Dry,rur,q1,perm,2025,1.0
C-WEU-ESP,Zone_3B Warm Dry,rur,q1,perm,2030,1.0
C-WEU-ESP,Zone_3B Warm Dry,rur,q1,perm,2035,1.0
C-WEU-ESP,Zone_3B Warm Dry,rur,q1,perm,2040,1.0
C-WEU-ESP,Zone_3B Warm Dry,rur,q1,perm,2045,1.0
C-WEU-ESP,Zone_3B Warm Dry,rur,q1,perm,2050,1.0
C-WEU-ESP,Zone_3B Warm Dry,rur,q1,perm,2055,1.0
C-WEU-ESP,Zone_3B Warm Dry,rur,q1,perm,2060,1.0
C-WEU-ESP,Zone_3B Warm Dry,rur,q1,perm,2065,1.0
C-WEU-ESP,Zone_3B Warm Dry,rur,q1,perm,2070,1.0
C-WEU-ESP,Zone_3B Warm Dry,rur,q1,perm,2075,1.0
C-WEU-ESP,Zone_3B Warm Dry,rur,q1,perm,2080,1.0
C-WEU-ESP,Zone_3B Warm Dry,rur,q1,perm,2085,1.0
C-WEU-ESP,Zone_3B Warm Dry,rur,q1,perm,2090,1.0
C-WEU-ESP,Zone_3B Warm Dry,rur,q1,perm,2095,1.0
C-WEU-ESP,Zone_3B Warm Dry,rur,q1,perm,2100,1.0
C-WEU-ESP,Zone_3B Warm Dry,rur,q1,sub,2015,0.0
C-WEU-ESP,Zone_3B Warm Dry,rur,q1,sub,2020,0.0
C-WEU-ESP,Zone_3B Warm Dry,rur,q1,sub,2025,0.0
C-WEU-ESP,Zone_3B Warm Dry,rur,q1,sub,2030,0.0
C-WEU-ESP,Zone_3B Warm Dry,rur,q1,sub,2035,0.0
C-WEU-ESP,Zone_3B Warm Dry,rur,q1,sub,2040,0.0
C-WEU-ESP,Zone_3B Warm Dry,rur,q1,sub,2045,0.0
C-WEU-ESP,Zone_3B Warm Dry,rur,q1,sub,2050,0.0
C-WEU-ESP,Zone_3B Warm Dry,rur,q1,sub,2055,0.0
C-WEU-ESP,Zone_3B Warm Dry,rur,q1,sub,2060,0.0
C-WEU-ESP,Zone_3B Warm Dry,rur,q1,sub,2065,0.0
C-WEU-ESP,Zone_3B Warm Dry,rur,q1,sub,2070,0.0
C-WEU-ESP,Zone_3B Warm Dry,rur,q1,sub,2075,0.0
C-WEU-ESP,Zone_3B Warm Dry,rur,q1,sub,2080,0.0
C-WEU-ESP,Zone_3B Warm Dry,rur,q1,sub,2085,0.0
C-WEU-ESP,Zone_3B Warm Dry,rur,q1,sub,2090,0.0
C-WEU-ESP,Zone_3B Warm Dry,rur,q1,sub,2095,0.0
C-WEU-ESP,Zone_3B Warm Dry,rur,q1,sub,2100,0.0
C-WEU-ESP,Zone_3B Warm Dry,rur,q2,perm,2015,1.0
C-WEU-ESP,Zone_3B Warm Dry,rur,q2,perm,2020,1.0
C-WEU-ESP,Zone_3B Warm Dry,rur,q2,perm,2025,1.0
C-WEU-ESP,Zone_3B Warm Dry,rur,q2,perm,2030,1.0
C-WEU-ESP,Zone_3B Warm Dry,rur,q2,perm,2035,1.0
C-WEU-ESP,Zone_3B Warm Dry,rur,q2,perm,2040,1.0
C-WEU-ESP,Zone_3B Warm Dry,rur,q2,perm,2045,1.0
C-WEU-ESP,Zone_3B Warm Dry,rur,q2,perm,2050,1.0
C-WEU-ESP,Zone_3B Warm Dry,rur,q2,perm,2055,1.0
C-WEU-ESP,Zone_3B Warm Dry,rur,q2,perm,2060,1.0
C-WEU-ESP,Zone_3B Warm Dry,rur,q2,perm,2065,1.0
C-WEU-ESP,Zone_3B Warm Dry,rur,q2,perm,2070,1.0
C-WEU-ESP,Zone_3B Warm Dry,rur,q2,perm,2075,1.0
C-WEU-ESP,Zone_3B Warm Dry,rur,q2,perm,2080,1.0
C-WEU-ESP,Zone_3B Warm Dry,rur,q2,perm,2085,1.0
C-WEU-ESP,Zone_3B Warm Dry,rur,q2,perm,2090,1.0
C-WEU-ESP,Zone_3B Warm Dry,rur,q2,perm,2095,1.0
C-WEU-ESP,Zone_3B Warm Dry,rur,q2,perm,2100,1.0
C-WEU-ESP,Zone_3B Warm Dry,rur,q2,sub,2015,0.0
C-WEU-ESP,Zone_3B Warm Dry,rur,q2,sub,2020,0.0
C-WEU-ESP,Zone_3B Warm Dry,rur,q2,sub,2025,0.0
C-WEU-ESP,Zone_3B Warm Dry,rur,q2,sub,2030,0.0
C-WEU-ESP,Zone_3B Warm Dry,rur,q2,sub,2035,0.0
C-WEU-ESP,Zone_3B Warm Dry,rur,q2,sub,2040,0.0
C-WEU-ESP,Zone_3B Warm Dry,rur,q2,sub,2045,0.0
C-WEU-ESP,Zone_3B Warm Dry,rur,q2,sub,2050,0.0
C-WEU-ESP,Zone_3B Warm Dry,rur,q2,sub,2055,0.0
C-WEU-ESP,Zone_3B Warm Dry,rur,q2,sub,2060,0.0
C-WEU-ESP,Zone_3B Warm Dry,rur,q2,sub,2065,0.0
C-WEU-ESP,Zone_3B Warm Dry,rur,q2,sub,2070,0.0
C-WEU-ESP,Zone_3B Warm Dry,rur,q2,sub,2075,0.0
C-WEU-ESP,Zone_3B Warm Dry,rur,q2,sub,2080,0.0
C-WEU-ESP,Zone_3B Warm Dry,rur,q2,sub,2085,0.0
C-WEU-ESP,Zone_3B Warm Dry,rur,q2,sub,2090,0.0
C-WEU-ESP,Zone_3B Warm Dry,rur,q2,sub,2095,0.0
C-WEU-ESP,Zone_3B Warm Dry,rur,q2,sub,2100,0.0
C-WEU-ESP,Zone_3B Warm Dry,rur,q3,perm,2015,1.0
C-WEU-ESP,Zone_3B Warm Dry,rur,q3,perm,2020,1.0
C-WEU-ESP,Zone_3B Warm Dry,rur,q3,perm,2025,1.0
C-WEU-ESP,Zone_3B Warm Dry,rur,q3,perm,2030,1.0
C-WEU-ESP,Zone_3B Warm Dry,rur,q3,perm,2035,1.0
C-WEU-ESP,Zone_3B Warm Dry,rur,q3,perm,2040,1.0
C-WEU-ESP,Zone_3B Warm Dry,rur,q3,perm,2045,1.0
C-WEU-ESP,Zone_3B Warm Dry,rur,q3,perm,2050,1.0
C-WEU-ESP,Zone_3B Warm Dry,rur,q3,perm,2055,1.0
C-WEU-ESP,Zone_3B Warm Dry,rur,q3,perm,2060,1.0
C-WEU-ESP,Zone_3B Warm Dry,rur,q3,perm,2065,1.0
C-WEU-ESP,Zone_3B Warm Dry,rur,q3,perm,2070,1.0
C-WEU-ESP,Zone_3B Warm Dry,rur,q3,perm,2075,1.0
C-WEU-ESP,Zone_3B Warm Dry,rur,q3,perm,2080,1.0
C-WEU-ESP,Zone_3B Warm Dry,rur,q3,perm,2085,1.0
C-WEU-ESP,Zone_3B Warm Dry,rur,q3,perm,2090,1.0
C-WEU-ESP,Zone_3B Warm Dry,rur,q3,perm,2095,1.0
C-WEU-ESP,Zone_3B Warm Dry,rur,q3,perm,2100,1.0
C-WEU-ESP,Zone_3B Warm Dry,rur,q3,sub,2015,0.0
C-WEU-ESP,Zone_3B Warm Dry,rur,q3,sub,2020,0.0
C-WEU-ESP,Zone_3B Warm Dry,rur,q3,sub,2025,0.0
C-WEU-ESP,Zone_3B Warm Dry,rur,q3,sub,2030,0.0
C-WEU-ESP,Zone_3B Warm Dry,rur,q3,sub,2035,0.0
C-WEU-ESP,Zone_3B Warm Dry,rur,q3,sub,2040,0.0
C-WEU-ESP,Zone_3B Warm Dry,rur,q3,sub,2045,0.0
C-WEU-ESP,Zone_3B Warm Dry,rur,q3,sub,2050,0.0
C-WEU-ESP,Zone_3B Warm Dry,rur,q3,sub,2055,0.0
C-WEU-ESP,Zone_3B Warm Dry,rur,q3,sub,2060,0.0
C-WEU-ESP,Zone_3B Warm Dry,rur,q3,sub,2065,0.0
C-WEU-ESP,Zone_3B Warm Dry,rur,q3,sub,2070,0.0
C-WEU-ESP,Zone_3B Warm Dry,rur,q3,sub,2075,0.0
C-WEU-ESP,Zone_3B Warm Dry,rur,q3,sub,2080,0.0
C-WEU-ESP,Zone_3B Warm Dry,rur,q3,sub,2085,0.0
C-WEU-ESP,Zone_3B Warm Dry,rur,q3,sub,2090,0.0
C-WEU-ESP,Zone_3B Warm Dry,rur,q3,sub,2095,0.0
C-WEU-ESP,Zone_3B Warm Dry,rur,q3,sub,2100,0.0
C-WEU-ESP,Zone_3B Warm Dry,urb,q1,perm,2015,1.0
C-WEU-ESP,Zone_3B Warm Dry,urb,q1,perm,2020,1.0
C-WEU-ESP,Zone_3B Warm Dry,urb,q1,perm,2025,1.0
C-WEU-ESP,Zone_3B Warm Dry,urb,q1,perm,2030,1.0
C-WEU-ESP,Zone_3B Warm Dry,urb,q1,perm,2035,1.0
C-WEU-ESP,Zone_3B Warm Dry,urb,q1,perm,2040,1.0
C-WEU-ESP,Zone_3B Warm Dry,urb,q1,perm,2045,1.0
C-WEU-ESP,Zone_3B Warm Dry,urb,q1,perm,2050,1.0
C-WEU-ESP,Zone_3B Warm Dry,urb,q1,perm,2055,1.0
C-WEU-ESP,Zone_3B Warm Dry,urb,q1,perm,2060,1.0
C-WEU-ESP,Zone_3B Warm Dry,urb,q1,perm,2065,1.0
C-WEU-ESP,Zone_3B Warm Dry,urb,q1,perm,2070,1.0
C-WEU-ESP,Zone_3B Warm Dry,urb,q1,perm,2075,1.0
C-WEU-ESP,Zone_3B Warm Dry,urb,q1,perm,2080,1.0
C-WEU-ESP,Zone_3B Warm Dry,urb,q1,perm,2085,1.0
C-WEU-ESP,Zone_3B Warm Dry,urb,q1,perm,2090,1.0
C-WEU-ESP,Zone_3B Warm Dry,urb,q1,perm,2095,1.0
C-WEU-ESP,Zone_3B Warm Dry,urb,q1,perm,2100,1.0
C-WEU-ESP,Zone_3B Warm Dry,urb,q1,sub,2015,0.0
C-WEU-ESP,Zone_3B Warm Dry,urb,q1,sub,2020,0.0
C-WEU-ESP,Zone_3B Warm Dry,urb,q1,sub,2025,0.0
C-WEU-ESP,Zone_3B Warm Dry,urb,q1,sub,2030,0.0
C-WEU-ESP,Zone_3B Warm Dry,urb,q1,sub,2035,0.0
C-WEU-ESP,Zone_3B Warm Dry,urb,q1,sub,2040,0.0
C-WEU-ESP,Zone_3B Warm Dry,urb,q1,sub,2045,0.0
C-WEU-ESP,Zone_3B Warm Dry,urb,q1,sub,2050,0.0
C-WEU-ESP,Zone_3B Warm Dry,urb,q1,sub,2055,0.0
C-WEU-ESP,Zone_3B Warm Dry,urb,q1,sub,2060,0.0
C-WEU-ESP,Zone_3B Warm Dry,urb,q1,sub,2065,0.0
C-WEU-ESP,Zone_3B Warm Dry,urb,q1,sub,2070,0.0
C-WEU-ESP,Zone_3B Warm Dry,urb,q1,sub,2075,0.0
C-WEU-ESP,Zone_3B Warm Dry,urb,q1,sub,2080,0.0
C-WEU-ESP,Zone_3B Warm Dry,urb,q1,sub,2085,0.0
C-WEU-ESP,Zone_3B Warm Dry,urb,q1,sub,2090,0.0
C-WEU-ESP,Zone_3B Warm Dry,urb,q1,sub,2095,0.0
C-WEU-ESP,Zone_3B Warm Dry,urb,q1,sub,2100,0.0
C-WEU-ESP,Zone_3B Warm Dry,urb,q2,perm,2015,1.0
C-WEU-ESP,Zone_3B Warm Dry,urb,q2,perm,2020,1.0
C-WEU-ESP,Zone_3B Warm Dry,urb,q2,perm,2025,1.0
C-WEU-ESP,Zone_3B Warm Dry,urb,q2,perm,2030,1.0
C-WEU-ESP,Zone_3B Warm Dry,urb,q2,perm,2035,1.0
C-WEU-ESP,Zone_3B Warm Dry,urb,q2,perm,2040,1.0
C-WEU-ESP,Zone_3B Warm Dry,urb,q2,perm,2045,1.0
C-WEU-ESP,Zone_3B Warm Dry,urb,q2,perm,2050,1.0
C-WEU-ESP,Zone_3B Warm Dry,urb,q2,perm,2055,1.0
C-WEU-ESP,Zone_3B Warm Dry,urb,q2,perm,2060,1.0
C-WEU-ESP,Zone_3B Warm Dry,urb,q2,perm,2065,1.0
C-WEU-ESP,Zone_3B Warm Dry,urb,q2,perm,2070,1.0
C-WEU-ESP,Zone_3B Warm Dry,urb,q2,perm,2075,1.0
C-WEU-ESP,Zone_3B Warm Dry,urb,q2,perm,2080,1.0
C-WEU-ESP,Zone_3B Warm Dry,urb,q2,perm,2085,1.0
C-WEU-ESP,Zone_3B Warm Dry,urb,q2,perm,2090,1.0
C-WEU-ESP,Zone_3B Warm Dry,urb,q2,perm,2095,1.0
C-WEU-ESP,Zone_3B Warm Dry,urb,q2,perm,2100,1.0
C-WEU-ESP,Zone_3B Warm Dry,urb,q2,sub,2015,0.0
C-WEU-ESP,Zone_3B Warm Dry,urb,q2,sub,2020,0.0
C-WEU-ESP,Zone_3B Warm Dry,urb,q2,sub,2025,0.0
C-WEU-ESP,Zone_3B Warm Dry,urb,q2,sub,2030,0.0
C-WEU-ESP,Zone_3B Warm Dry,urb,q2,sub,2035,0.0
C-WEU-ESP,Zone_3B Warm Dry,urb,q2,sub,2040,0.0
C-WEU-ESP,Zone_3B Warm Dry,urb,q2,sub,2045,0.0
C-WEU-ESP,Zone_3B Warm Dry,urb,q2,sub,2050,0.0
C-WEU-ESP,Zone_3B Warm Dry,urb,q2,sub,2055,0.0
C-WEU-ESP,Zone_3B Warm Dry,urb,q2,sub,2060,0.0
C-WEU-ESP,Zone_3B Warm Dry,urb,q2,sub,2065,0.0
C-WEU-ESP,Zone_3B Warm Dry,urb,q2,sub,2070,0.0
C-WEU-ESP,Zone_3B Warm Dry,urb,q2,sub,2075,0.0
C-WEU-ESP,Zone_3B Warm Dry,urb,q2,sub,2080,0.0
C-WEU-ESP,Zone_3B Warm Dry,urb,q2,sub,2085,0.0
C-WEU-ESP,Zone_3B Warm Dry,urb,q2,sub,2090,0.0
C-WEU-ESP,Zone_3B Warm Dry,urb,q2,sub,2095,0.0
C-WEU-ESP,Zone_3B Warm Dry,urb,q2,sub,2100,0.0
C-WEU-ESP,Zone_3B Warm Dry,urb,q3,perm,2015,1.0
C-WEU-ESP,Zone_3B Warm Dry,urb,q3,perm,2020,1.0
C-WEU-ESP,Zone_3B Warm Dry,urb,q3,perm,2025,1.0
C-WEU-ESP,Zone_3B Warm Dry,urb,q3,perm,2030,1.0
C-WEU-ESP,Zone_3B Warm Dry,urb,q3,perm,2035,1.0
C-WEU-ESP,Zone_3B Warm Dry,urb,q3,perm,2040,1.0
C-WEU-ESP,Zone_3B Warm Dry,urb,q3,perm,2045,1.0
C-WEU-ESP,Zone_3B Warm Dry,urb,q3,perm,2050,1.0
C-WEU-ESP,Zone_3B Warm Dry,urb,q3,perm,2055,1.0
C-WEU-ESP,Zone_3B Warm Dry,urb,q3,perm,2060,1.0
C-WEU-ESP,Zone_3B Warm Dry,urb,q3,perm,2065,1.0
C-WEU-ESP,Zone_3B Warm Dry,urb,q3,perm,2070,1.0
C-WEU-ESP,Zone_3B Warm Dry,urb,q3,perm,2075,1.0
C-WEU-ESP,Zone_3B Warm Dry,urb,q3,perm,2080,1.0
C-WEU-ESP,Zone_3B Warm Dry,urb,q3,perm,2085,1.0
C-WEU-ESP,Zone_3B Warm Dry,urb,q3,perm,2090,1.0
C-WEU-ESP,Zone_3B Warm Dry,urb,q3,perm,2095,1.0
C-WEU-ESP,Zone_3B Warm Dry,urb,q3,perm,2100,1.0
C-WEU-ESP,Zone_3B Warm Dry,urb,q3,sub,2015,0.0
C-WEU-ESP,Zone_3B Warm Dry,urb,q3,sub,2020,0.0
C-WEU-ESP,Zone_3B Warm Dry,urb,q3,sub,2025,0.0
C-WEU-ESP,Zone_3B Warm Dry,urb,q3,sub,2030,0.0
C-WEU-ESP,Zone_3B Warm Dry,urb,q3,sub,2035,0.0
C-WEU-ESP,Zone_3B Warm Dry,urb,q3,sub,2040,0.0
C-WEU-ESP,Zone_3B Warm Dry,urb,q3,sub,2045,0.0
C-WEU-ESP,Zone_3B Warm Dry,urb,q3,sub,2050,0.0
C-WEU-ESP,Zone_3B Warm Dry,urb,q3,sub,2055,0.0
C-WEU-ESP,Zone_3B Warm Dry,urb,q3,sub,2060,0.0
C-WEU-ESP,Zone_3B Warm Dry,urb,q3,sub,2065,0.0
C-WEU-ESP,Zone_3B Warm Dry,urb,q3,sub,2070,0.0
C-WEU-ESP,Zone_3B Warm Dry,urb,q3,sub,2075,0.0
C-WEU-ESP,Zone_3B Warm Dry,urb,q3,sub,2080,0.0
C-WEU-ESP,Zone_3B Warm Dry,urb,q3,sub,2085,0.0
C-WEU-ESP,Zone_3B Warm Dry,urb,q3,sub,2090,0.0
C-WEU-ESP,Zone_3B Warm Dry,urb,q3,sub,2095,0.0
C-WEU-ESP,Zone_3B Warm Dry,urb,q3,sub,2100,0.0
C-WEU-ESP,Zone_3C Warm Marine,rur,q1,perm,2015,1.0
C-WEU-ESP,Zone_3C Warm Marine,rur,q1,perm,2020,1.0
C-WEU-ESP,Zone_3C Warm Marine,rur,q1,perm,2025,1.0
C-WEU-ESP,Zone_3C Warm Marine,rur,q1,perm,2030,1.0
C-WEU-ESP,Zone_3C Warm Marine,rur,q1,perm,2035,1.0
C-WEU-ESP,Zone_3C Warm Marine,rur,q1,perm,2040,1.0
C-WEU-ESP,Zone_3C Warm Marine,rur,q1,perm,2045,1.0
C-WEU-ESP,Zone_3C Warm Marine,rur,q1,perm,2050,1.0
C-WEU-ESP,Zone_3C Warm Marine,rur,q1,perm,2055,1.0
C-WEU-ESP,Zone_3C Warm Marine,rur,q1,perm,2060,1.0
C-WEU-ESP,Zone_3C Warm Marine,rur,q1,perm,2065,1.0
C-WEU-ESP,Zone_3C Warm Marine,rur,q1,perm,2070,1.0
C-WEU-ESP,Zone_3C Warm Marine,rur,q1,perm,2075,1.0
C-WEU-ESP,Zone_3C Warm Marine,rur,q1,perm,2080,1.0
C-WEU-ESP,Zone_3C Warm Marine,rur,q1,perm,2085,1.0
C-WEU-ESP,Zone_3C Warm Marine,rur,q1,perm,2090,1.0
C-WEU-ESP,Zone_3C Warm Marine,rur,q1,perm,2095,1.0
C-WEU-ESP,Zone_3C Warm Marine,rur,q1,perm,2100,1.0
C-WEU-ESP,Zone_3C Warm Marine,rur,q1,sub,2015,0.0
C-WEU-ESP,Zone_3C Warm Marine,rur,q1,sub,2020,0.0
C-WEU-ESP,Zone_3C Warm Marine,rur,q1,sub,2025,0.0
C-WEU-ESP,Zone_3C Warm Marine,rur,q1,sub,2030,0.0
C-WEU-ESP,Zone_3C Warm Marine,rur,q1,sub,2035,0.0
C-WEU-ESP,Zone_3C Warm Marine,rur,q1,sub,2040,0.0
C-WEU-ESP,Zone_3C Warm Marine,rur,q1,sub,2045,0.0
C-WEU-ESP,Zone_3C Warm Marine,rur,q1,sub,2050,0.0
C-WEU-ESP,Zone_3C Warm Marine,rur,q1,sub,2055,0.0
C-WEU-ESP,Zone_3C Warm Marine,rur,q1,sub,2060,0.0
C-WEU-ESP,Zone_3C Warm Marine,rur,q1,sub,2065,0.0
C-WEU-ESP,Zone_3C Warm Marine,rur,q1,sub,2070,0.0
C-WEU-ESP,Zone_3C Warm Marine,rur,q1,sub,2075,0.0
C-WEU-ESP,Zone_3C Warm Marine,rur,q1,sub,2080,0.0
C-WEU-ESP,Zone_3C Warm Marine,rur,q1,sub,2085,0.0
C-WEU-ESP,Zone_3C Warm Marine,rur,q1,sub,2090,0.0
C-WEU-ESP,Zone_3C Warm Marine,rur,q1,sub,2095,0.0
C-WEU-ESP,Zone_3C Warm Marine,rur,q1,sub,2100,0.0
C-WEU-ESP,Zone_3C Warm Marine,rur,q2,perm,2015,1.0
C-WEU-ESP,Zone_3C Warm Marine,rur,q2,perm,2020,1.0
C-WEU-ESP,Zone_3C Warm Marine,rur,q2,perm,2025,1.0
C-WEU-ESP,Zone_3C Warm Marine,rur,q2,perm,2030,1.0
C-WEU-ESP,Zone_3C Warm Marine,rur,q2,perm,2035,1.0
C-WEU-ESP,Zone_3C Warm Marine,rur,q2,perm,2040,1.0
C-WEU-ESP,Zone_3C Warm Marine,rur,q2,perm,2045,1.0
C-WEU-ESP,Zone_3C Warm Marine,rur,q2,perm,2050,1.0
C-WEU-ESP,Zone_3C Warm Marine,rur,q2,perm,2055,1.0
C-WEU-ESP,Zone_3C Warm Marine,rur,q2,perm,2060,1.0
C-WEU-ESP,Zone_3C Warm Marine,rur,q2,perm,2065,1.0
C-WEU-ESP,Zone_3C Warm Marine,rur,q2,perm,2070,1.0
C-WEU-ESP,Zone_3C Warm Marine,rur,q2,perm,2075,1.0
C-WEU-ESP,Zone_3C Warm Marine,rur,q2,perm,2080,1.0
C-WEU-ESP,Zone_3C Warm Marine,rur,q2,perm,2085,1.0
C-WEU-ESP,Zone_3C Warm Marine,rur,q2,perm,2090,1.0
C-WEU-ESP,Zone_3C Warm Marine,rur,q2,perm,2095,1.0
C-WEU-ESP,Zone_3C Warm Marine,rur,q2,perm,2100,1.0
C-WEU-ESP,Zone_3C Warm Marine,rur,q2,sub,2015,0.0
C-WEU-ESP,Zone_3C Warm Marine,rur,q2,sub,2020,0.0
C-WEU-ESP,Zone_3C Warm Marine,rur,q2,sub,2025,0.0
C-WEU-ESP,Zone_3C Warm Marine,rur,q2,sub,2030,0.0
C-WEU-ESP,Zone_3C Warm Marine,rur,q2,sub,2035,0.0
C-WEU-ESP,Zone_3C Warm Marine,rur,q2,sub,2040,0.0
C-WEU-ESP,Zone_3C Warm Marine,rur,q2,sub,2045,0.0
C-WEU-ESP,Zone_3C Warm Marine,rur,q2,sub,2050,0.0
C-WEU-ESP,Zone_3C Warm Marine,rur,q2,sub,2055,0.0
C-WEU-ESP,Zone_3C Warm Marine,rur,q2,sub,2060,0.0
C-WEU-ESP,Zone_3C Warm Marine,rur,q2,sub,2065,0.0
C-WEU-ESP,Zone_3C Warm Marine,rur,q2,sub,2070,0.0
C-WEU-ESP,Zone_3C Warm Marine,rur,q2,sub,2075,0.0
C-WEU-ESP,Zone_3C Warm Marine,rur,q2,sub,2080,0.0
C-WEU-ESP,Zone_3C Warm Marine,rur,q2,sub,2085,0.0
C-WEU-ESP,Zone_3C Warm Marine,rur,q2,sub,2090,0.0
C-WEU-ESP,Zone_3C Warm Marine,rur,q2,sub,2095,0.0
C-WEU-ESP,Zone_3C Warm Marine,rur,q2,sub,2100,0.0
C-WEU-ESP,Zone_3C Warm Marine,rur,q3,perm,2015,1.0
C-WEU-ESP,Zone_3C Warm Marine,rur,q3,perm,2020,1.0
C-WEU-ESP,Zone_3C Warm Marine,rur,q3,perm,2025,1.0
C-WEU-ESP,Zone_3C Warm Marine,rur,q3,perm,2030,1.0
C-WEU-ESP,Zone_3C Warm Marine,rur,q3,perm,2035,1.0
C-WEU-ESP,Zone_3C Warm Marine,rur,q3,perm,2040,1.0
C-WEU-ESP,Zone_3C Warm Marine,rur,q3,perm,2045,1.0
C-WEU-ESP,Zone_3C Warm Marine,rur,q3,perm,2050,1.0
C-WEU-ESP,Zone_3C Warm Marine,rur,q3,perm,2055,1.0
C-WEU-ESP,Zone_3C Warm Marine,rur,q3,perm,2060,1.0
C-WEU-ESP,Zone_3C Warm Marine,rur,q3,perm,2065,1.0
C-WEU-ESP,Zone_3C Warm Marine,rur,q3,perm,2070,1.0
C-WEU-ESP,Zone_3C Warm Marine,rur,q3,perm,2075,1.0
C-WEU-ESP,Zone_3C Warm Marine,rur,q3,perm,2080,1.0
C-WEU-ESP,Zone_3C Warm Marine,rur,q3,perm,2085,1.0
C-WEU-ESP,Zone_3C Warm Marine,rur,q3,perm,2090,1.0
C-WEU-ESP,Zone_3C Warm Marine,rur,q3,perm,2095,1.0
C-WEU-ESP,Zone_3C Warm Marine,rur,q3,perm,2100,1.0
C-WEU-ESP,Zone_3C Warm Marine,rur,q3,sub,2015,0.0
C-WEU-ESP,Zone_3C Warm Marine,rur,q3,sub,2020,0.0
C-WEU-ESP,Zone_3C Warm Marine,rur,q3,sub,2025,0.0
C-WEU-ESP,Zone_3C Warm Marine,rur,q3,sub,2030,0.0
C-WEU-ESP,Zone_3C Warm Marine,rur,q3,sub,2035,0.0
C-WEU-ESP,Zone_3C Warm Marine,rur,q3,sub,2040,0.0
C-WEU-ESP,Zone_3C Warm Marine,rur,q3,sub,2045,0.0
C-WEU-ESP,Zone_3C Warm Marine,rur,q3,sub,2050,0.0
C-WEU-ESP,Zone_3C Warm Marine,rur,q3,sub,2055,0.0
C-WEU-ESP,Zone_3C Warm Marine,rur,q3,sub,2060,0.0
C-WEU-ESP,Zone_3C Warm Marine,rur,q3,sub,2065,0.0
C-WEU-ESP,Zone_3C Warm Marine,rur,q3,sub,2070,0.0
C-WEU-ESP,Zone_3C Warm Marine,rur,q3,sub,2075,0.0
C-WEU-ESP,Zone_3C Warm Marine,rur,q3,sub,2080,0.0
C-WEU-ESP,Zone_3C Warm Marine,rur,q3,sub,2085,0.0
C-WEU-ESP,Zone_3C Warm Marine,rur,q3,sub,2090,0.0
C-WEU-ESP,Zone_3C Warm Marine,rur,q3,sub,2095,0.0
C-WEU-ESP,Zone_3C Warm Marine,rur,q3,sub,2100,0.0
C-WEU-ESP,Zone_3C Warm Marine,urb,q1,perm,2015,1.0
C-WEU-ESP,Zone_3C Warm Marine,urb,q1,perm,2020,1.0
C-WEU-ESP,Zone_3C Warm Marine,urb,q1,perm,2025,1.0
C-WEU-ESP,Zone_3C Warm Marine,urb,q1,perm,2030,1.0
C-WEU-ESP,Zone_3C Warm Marine,urb,q1,perm,2035,1.0
C-WEU-ESP,Zone_3C Warm Marine,urb,q1,perm,2040,1.0
C-WEU-ESP,Zone_3C Warm Marine,urb,q1,perm,2045,1.0
C-WEU-ESP,Zone_3C Warm Marine,urb,q1,perm,2050,1.0
C-WEU-ESP,Zone_3C Warm Marine,urb,q1,perm,2055,1.0
C-WEU-ESP,Zone_3C Warm Marine,urb,q1,perm,2060,1.0
C-WEU-ESP,Zone_3C Warm Marine,urb,q1,perm,2065,1.0
C-WEU-ESP,Zone_3C Warm Marine,urb,q1,perm,2070,1.0
C-WEU-ESP,Zone_3C Warm Marine,urb,q1,perm,2075,1.0
C-WEU-ESP,Zone_3C Warm Marine,urb,q1,perm,2080,1.0
C-WEU-ESP,Zone_3C Warm Marine,urb,q1,perm,2085,1.0
C-WEU-ESP,Zone_3C Warm Marine,urb,q1,perm,2090,1.0
C-WEU-ESP,Zone_3C Warm Marine,urb,q1,perm,2095,1.0
C-WEU-ESP,Zone_3C Warm Marine,urb,q1,perm,2100,1.0
C-WEU-ESP,Zone_3C Warm Marine,urb,q1,sub,2015,0.0
C-WEU-ESP,Zone_3C Warm Marine,urb,q1,sub,2020,0.0
C-WEU-ESP,Zone_3C Warm Marine,urb,q1,sub,2025,0.0
C-WEU-ESP,Zone_3C Warm Marine,urb,q1,sub,2030,0.0
C-WEU-ESP,Zone_3C Warm Marine,urb,q1,sub,2035,0.0
C-WEU-ESP,Zone_3C Warm Marine,urb,q1,sub,2040,0.0
C-WEU-ESP,Zone_3C Warm Marine,urb,q1,sub,2045,0.0
C-WEU-ESP,Zone_3C Warm Marine,urb,q1,sub,2050,0.0
C-WEU-ESP,Zone_3C Warm Marine,urb,q1,sub,2055,0.0
C-WEU-ESP,Zone_3C Warm Marine,urb,q1,sub,2060,0.0
C-WEU-ESP,Zone_3C Warm Marine,urb,q1,sub,2065,0.0
C-WEU-ESP,Zone_3C Warm Marine,urb,q1,sub,2070,0.0
C-WEU-ESP,Zone_3C Warm Marine,urb,q1,sub,2075,0.0
C-WEU-ESP,Zone_3C Warm Marine,urb,q1,sub,2080,0.0
C-WEU-ESP,Zone_3C Warm Marine,urb,q1,sub,2085,0.0
C-WEU-ESP,Zone_3C Warm Marine,urb,q1,sub,2090,0.0
C-WEU-ESP,Zone_3C Warm Marine,urb,q1,sub,2095,0.0
C-WEU-ESP,Zone_3C Warm Marine,urb,q1,sub,2100,0.0
C-WEU-ESP,Zone_3C Warm Marine,urb,q2,perm,2015,1.0
C-WEU-ESP,Zone_3C Warm Marine,urb,q2,perm,2020,1.0
C-WEU-ESP,Zone_3C Warm Marine,urb,q2,perm,2025,1.0
C-WEU-ESP,Zone_3C Warm Marine,urb,q2,perm,2030,1.0
C-WEU-ESP,Zone_3C Warm Marine,urb,q2,perm,2035,1.0
C-WEU-ESP,Zone_3C Warm Marine,urb,q2,perm,2040,1.0
C-WEU-ESP,Zone_3C Warm Marine,urb,q2,perm,2045,1.0
C-WEU-ESP,Zone_3C Warm Marine,urb,q2,perm,2050,1.0
C-WEU-ESP,Zone_3C Warm Marine,urb,q2,perm,2055,1.0
C-WEU-ESP,Zone_3C Warm Marine,urb,q2,perm,2060,1.0
C-WEU-ESP,Zone_3C Warm Marine,urb,q2,perm,2065,1.0
C-WEU-ESP,Zone_3C Warm Marine,urb,q2,perm,2070,1.0
C-WEU-ESP,Zone_3C Warm Marine,urb,q2,perm,2075,1.0
C-WEU-ESP,Zone_3C Warm Marine,urb,q2,perm,2080,1.0
C-WEU-ESP,Zone_3C Warm Marine,urb,q2,perm,2085,1.0
C-WEU-ESP,Zone_3C Warm Marine,urb,q2,perm,2090,1.0
C-WEU-ESP,Zone_3C Warm Marine,urb,q2,perm,2095,1.0
C-WEU-ESP,Zone_3C Warm Marine,urb,q2,perm,2100,1.0
C-WEU-ESP,Zone_3C Warm Marine,urb,q2,sub,2015,0.0
C-WEU-ESP,Zone_3C Warm Marine,urb,q2,sub,2020,0.0
C-WEU-ESP,Zone_3C Warm Marine,urb,q2,sub,2025,0.0
C-WEU-ESP,Zone_3C Warm Marine,urb,q2,sub,2030,0.0
C-WEU-ESP,Zone_3C Warm Marine,urb,q2,sub,2035,0.0
C-WEU-ESP,Zone_3C Warm Marine,urb,q2,sub,2040,0.0
C-WEU-ESP,Zone_3C Warm Marine,urb,q2,sub,2045,0.0
C-WEU-ESP,Zone_3C Warm Marine,urb,q2,sub,2050,0.0
C-WEU-ESP,Zone_3C Warm Marine,urb,q2,sub,2055,0.0
C-WEU-ESP,Zone_3C Warm Marine,urb,q2,sub,2060,0.0
C-WEU-ESP,Zone_3C Warm Marine,urb,q2,sub,2065,0.0
C-WEU-ESP,Zone_3C Warm Marine,urb,q2,sub,2070,0.0
C-WEU-ESP,Zone_3C Warm Marine,urb,q2,sub,2075,0.0
C-WEU-ESP,Zone_3C Warm Marine,urb,q2,sub,2080,0.0
C-WEU-ESP,Zone_3C Warm Marine,urb,q2,sub,2085,0.0
C-WEU-ESP,Zone_3C Warm Marine,urb,q2,sub,2090,0.0
C-WEU-ESP,Zone_3C Warm Marine,urb,q2,sub,2095,0.0
C-WEU-ESP,Zone_3C Warm Marine,urb,q2,sub,2100,0.0
C-WEU-ESP,Zone_3C Warm Marine,urb,q3,perm,2015,1.0
C-WEU-ESP,Zone_3C Warm Marine,urb,q3,perm,2020,1.0
C-WEU-ESP,Zone_3C Warm Marine,urb,q3,perm,2025,1.0
C-WEU-ESP,Zone_3C Warm Marine,urb,q3,perm,2030,1.0
C-WEU-ESP,Zone_3C Warm Marine,urb,q3,perm,2035,1.0
C-WEU-ESP,Zone_3C Warm Marine,urb,q3,perm,2040,1.0
C-WEU-ESP,Zone_3C Warm Marine,urb,q3,perm,2045,1.0
C-WEU-ESP,Zone_3C Warm Marine,urb,q3,perm,2050,1.0
C-WEU-ESP,Zone_3C Warm Marine,urb,q3,perm,2055,1.0
C-WEU-ESP,Zone_3C Warm Marine,urb,q3,perm,2060,1.0
C-WEU-ESP,Zone_3C Warm Marine,urb,q3,perm,2065,1.0
C-WEU-ESP,Zone_3C Warm Marine,urb,q3,perm,2070,1.0
C-WEU-ESP,Zone_3C Warm Marine,urb,q3,perm,2075,1.0
C-WEU-ESP,Zone_3C Warm Marine,urb,q3,perm,2080,1.0
C-WEU-ESP,Zone_3C Warm Marine,urb,q3,perm,2085,1.0
C-WEU-ESP,Zone_3C Warm Marine,urb,q3,perm,2090,1.0
C-WEU-ESP,Zone_3C Warm Marine,urb,q3,perm,2095,1.0
C-WEU-ESP,Zone_3C Warm Marine,urb,q3,perm,2100,1.0
C-WEU-ESP,Zone_3C Warm Marine,urb,q3,sub,2015,0.0
C-WEU-ESP,Zone_3C Warm Marine,urb,q3,sub,2020,0.0
C-WEU-ESP,Zone_3C Warm Marine,urb,q3,sub,2025,0.0
C-WEU-ESP,Zone_3C Warm Marine,urb,q3,sub,2030,0.0
C-WEU-ESP,Zone_3C Warm Marine,urb,q3,sub,2035,0.0
C-WEU-ESP,Zone_3C Warm Marine,urb,q3,sub,2040,0.0
C-WEU-ESP,Zone_3C Warm Marine,urb,q3,sub,2045,0.0
C-WEU-ESP,Zone_3C Warm Marine,urb,q3,sub,2050,0.0
C-WEU-ESP,Zone_3C Warm Marine,urb,q3,sub,2055,0.0
C-WEU-ESP,Zone_3C Warm Marine,urb,q3,sub,2060,0.0
C-WEU-ESP,Zone_3C Warm Marine,urb,q3,sub,2065,0.0
C-WEU-ESP,Zone_3C Warm Marine,urb,q3,sub,2070,0.0
C-WEU-ESP,Zone_3C Warm Marine,urb,q3,sub,2075,0.0
C-WEU-ESP,Zone_3C Warm Marine,urb,q3,sub,2080,0.0
C-WEU-ESP,Zone_3C Warm Marine,urb,q3,sub,2085,0.0
C-WEU-ESP,Zone_3C Warm Marine,urb,q3,sub,2090,0.0
C-WEU-ESP,Zone_3C Warm Marine,urb,q3,sub,2095,0.0
C-WEU-ESP,Zone_3C Warm Marine,urb,q3,sub,2100,0.0
C-WEU-ESP,Zone_4A Mixed Humid,rur,q1,perm,2015,1.0
C-WEU-ESP,Zone_4A Mixed Humid,rur,q1,perm,2020,1.0
C-WEU-ESP,Zone_4A Mixed Humid,rur,q1,perm,2025,1.0
C-WEU-ESP,Zone_4A Mixed Humid,rur,q1,perm,2030,1.0
C-WEU-ESP,Zone_4A Mixed Humid,rur,q1,perm,2035,1.0
C-WEU-ESP,Zone_4A Mixed Humid,rur,q1,perm,2040,1.0
C-WEU-ESP,Zone_4A Mixed Humid,rur,q1,perm,2045,1.0
C-WEU-ESP,Zone_4A Mixed Humid,rur,q1,perm,2050,1.0
C-WEU-ESP,Zone_4A Mixed Humid,rur,q1,perm,2055,1.0
C-WEU-ESP,Zone_4A Mixed Humid,rur,q1,perm,2060,1.0
C-WEU-ESP,Zone_4A Mixed Humid,rur,q1,perm,2065,1.0
C-WEU-ESP,Zone_4A Mixed Humid,rur,q1,perm,2070,1.0
C-WEU-ESP,Zone_4A Mixed Humid,rur,q1,perm,2075,1.0
C-WEU-ESP,Zone_4A Mixed Humid,rur,q1,perm,2080,1.0
C-WEU-ESP,Zone_4A Mixed Humid,rur,q1,perm,2085,1.0
C-WEU-ESP,Zone_4A Mixed Humid,rur,q1,perm,2090,1.0
C-WEU-ESP,Zone_4A Mixed Humid,rur,q1,perm,2095,1.0
C-WEU-ESP,Zone_4A Mixed Humid,rur,q1,perm,2100,1.0
C-WEU-ESP,Zone_4A Mixed Humid,rur,q1,sub,2015,0.0
C-WEU-ESP,Zone_4A Mixed Humid,rur,q1,sub,2020,0.0
C-WEU-ESP,Zone_4A Mixed Humid,rur,q1,sub,2025,0.0
C-WEU-ESP,Zone_4A Mixed Humid,rur,q1,sub,2030,0.0
C-WEU-ESP,Zone_4A Mixed Humid,rur,q1,sub,2035,0.0
C-WEU-ESP,Zone_4A Mixed Humid,rur,q1,sub,2040,0.0
C-WEU-ESP,Zone_4A Mixed Humid,rur,q1,sub,2045,0.0
C-WEU-ESP,Zone_4A Mixed Humid,rur,q1,sub,2050,0.0
C-WEU-ESP,Zone_4A Mixed Humid,rur,q1,sub,2055,0.0
C-WEU-ESP,Zone_4A Mixed Humid,rur,q1,sub,2060,0.0
C-WEU-ESP,Zone_4A Mixed Humid,rur,q1,sub,2065,0.0
C-WEU-ESP,Zone_4A Mixed Humid,rur,q1,sub,2070,0.0
C-WEU-ESP,Zone_4A Mixed Humid,rur,q1,sub,2075,0.0
C-WEU-ESP,Zone_4A Mixed Humid,rur,q1,sub,2080,0.0
C-WEU-ESP,Zone_4A Mixed Humid,rur,q1,sub,2085,0.0
C-WEU-ESP,Zone_4A Mixed Humid,rur,q1,sub,2090,0.0
C-WEU-ESP,Zone_4A Mixed Humid,rur,q1,sub,2095,0.0
C-WEU-ESP,Zone_4A Mixed Humid,rur,q1,sub,2100,0.0
C-WEU-ESP,Zone_4A Mixed Humid,rur,q2,perm,2015,1.0
C-WEU-ESP,Zone_4A Mixed Humid,rur,q2,perm,2020,1.0
C-WEU-ESP,Zone_4A Mixed Humid,rur,q2,perm,2025,1.0
C-WEU-ESP,Zone_4A Mixed Humid,rur,q2,perm,2030,1.0
C-WEU-ESP,Zone_4A Mixed Humid,rur,q2,perm,2035,1.0
C-WEU-ESP,Zone_4A Mixed Humid,rur,q2,perm,2040,1.0
C-WEU-ESP,Zone_4A Mixed Humid,rur,q2,perm,2045,1.0
C-WEU-ESP,Zone_4A Mixed Humid,rur,q2,perm,2050,1.0
C-WEU-ESP,Zone_4A Mixed Humid,rur,q2,perm,2055,1.0
C-WEU-ESP,Zone_4A Mixed Humid,rur,q2,perm,2060,1.0
C-WEU-ESP,Zone_4A Mixed Humid,rur,q2,perm,2065,1.0
C-WEU-ESP,Zone_4A Mixed Humid,rur,q2,perm,2070,1.0
C-WEU-ESP,Zone_4A Mixed Humid,rur,q2,perm,2075,1.0
C-WEU-ESP,Zone_4A Mixed Humid,rur,q2,perm,2080,1.0
C-WEU-ESP,Zone_4A Mixed Humid,rur,q2,perm,2085,1.0
C-WEU-ESP,Zone_4A Mixed Humid,rur,q2,perm,2090,1.0
C-WEU-ESP,Zone_4A Mixed Humid,rur,q2,perm,2095,1.0
C-WEU-ESP,Zone_4A Mixed Humid,rur,q2,perm,2100,1.0
C-WEU-ESP,Zone_4A Mixed Humid,rur,q2,sub,2015,0.0
C-WEU-ESP,Zone_4A Mixed Humid,rur,q2,sub,2020,0.0
C-WEU-ESP,Zone_4A Mixed Humid,rur,q2,sub,2025,0.0
C-WEU-ESP,Zone_4A Mixed Humid,rur,q2,sub,2030,0.0
C-WEU-ESP,Zone_4A Mixed Humid,rur,q2,sub,2035,0.0
C-WEU-ESP,Zone_4A Mixed Humid,rur,q2,sub,2040,0.0
C-WEU-ESP,Zone_4A Mixed Humid,rur,q2,sub,2045,0.0
C-WEU-ESP,Zone_4A Mixed Humid,rur,q2,sub,2050,0.0
C-WEU-ESP,Zone_4A Mixed Humid,rur,q2,sub,2055,0.0
C-WEU-ESP,Zone_4A Mixed Humid,rur,q2,sub,2060,0.0
C-WEU-ESP,Zone_4A Mixed Humid,rur,q2,sub,2065,0.0
C-WEU-ESP,Zone_4A Mixed Humid,rur,q2,sub,2070,0.0
C-WEU-ESP,Zone_4A Mixed Humid,rur,q2,sub,2075,0.0
C-WEU-ESP,Zone_4A Mixed Humid,rur,q2,sub,2080,0.0
C-WEU-ESP,Zone_4A Mixed Humid,rur,q2,sub,2085,0.0
C-WEU-ESP,Zone_4A Mixed Humid,rur,q2,sub,2090,0.0
C-WEU-ESP,Zone_4A Mixed Humid,rur,q2,sub,2095,0.0
C-WEU-ESP,Zone_4A Mixed Humid,rur,q2,sub,2100,0.0
C-WEU-ESP,Zone_4A Mixed Humid,rur,q3,perm,2015,1.0
C-WEU-ESP,Zone_4A Mixed Humid,rur,q3,perm,2020,1.0
C-WEU-ESP,Zone_4A Mixed Humid,rur,q3,perm,2025,1.0
C-WEU-ESP,Zone_4A Mixed Humid,rur,q3,perm,2030,1.0
C-WEU-ESP,Zone_4A Mixed Humid,rur,q3,perm,2035,1.0
C-WEU-ESP,Zone_4A Mixed Humid,rur,q3,perm,2040,1.0
C-WEU-ESP,Zone_4A Mixed Humid,rur,q3,perm,2045,1.0
C-WEU-ESP,Zone_4A Mixed Humid,rur,q3,perm,2050,1.0
C-WEU-ESP,Zone_4A Mixed Humid,rur,q3,perm,2055,1.0
C-WEU-ESP,Zone_4A Mixed Humid,rur,q3,perm,2060,1.0
C-WEU-ESP,Zone_4A Mixed Humid,rur,q3,perm,2065,1.0
C-WEU-ESP,Zone_4A Mixed Humid,rur,q3,perm,2070,1.0
C-WEU-ESP,Zone_4A Mixed Humid,rur,q3,perm,2075,1.0
C-WEU-ESP,Zone_4A Mixed Humid,rur,q3,perm,2080,1.0
C-WEU-ESP,Zone_4A Mixed Humid,rur,q3,perm,2085,1.0
C-WEU-ESP,Zone_4A Mixed Humid,rur,q3,perm,2090,1.0
C-WEU-ESP,Zone_4A Mixed Humid,rur,q3,perm,2095,1.0
C-WEU-ESP,Zone_4A Mixed Humid,rur,q3,perm,2100,1.0
C-WEU-ESP,Zone_4A Mixed Humid,rur,q3,sub,2015,0.0
C-WEU-ESP,Zone_4A Mixed Humid,rur,q3,sub,2020,0.0
C-WEU-ESP,Zone_4A Mixed Humid,rur,q3,sub,2025,0.0
C-WEU-ESP,Zone_4A Mixed Humid,rur,q3,sub,2030,0.0
C-WEU-ESP,Zone_4A Mixed Humid,rur,q3,sub,2035,0.0
C-WEU-ESP,Zone_4A Mixed Humid,rur,q3,sub,2040,0.0
C-WEU-ESP,Zone_4A Mixed Humid,rur,q3,sub,2045,0.0
C-WEU-ESP,Zone_4A Mixed Humid,rur,q3,sub,2050,0.0
C-WEU-ESP,Zone_4A Mixed Humid,rur,q3,sub,2055,0.0
C-WEU-ESP,Zone_4A Mixed Humid,rur,q3,sub,2060,0.0
C-WEU-ESP,Zone_4A Mixed Humid,rur,q3,sub,2065,0.0
C-WEU-ESP,Zone_4A Mixed Humid,rur,q3,sub,2070,0.0
C-WEU-ESP,Zone_4A Mixed Humid,rur,q3,sub,2075,0.0
C-WEU-ESP,Zone_4A Mixed Humid,rur,q3,sub,2080,0.0
C-WEU-ESP,Zone_4A Mixed Humid,rur,q3,sub,2085,0.0
C-WEU-ESP,Zone_4A Mixed Humid,rur,q3,sub,2090,0.0
C-WEU-ESP,Zone_4A Mixed Humid,rur,q3,sub,2095,0.0
C-WEU-ESP,Zone_4A Mixed Humid,rur,q3,sub,2100,0.0
C-WEU-ESP,Zone_4A Mixed Humid,urb,q1,perm,2015,1.0
C-WEU-ESP,Zone_4A Mixed Humid,urb,q1,perm,2020,1.0
C-WEU-ESP,Zone_4A Mixed Humid,urb,q1,perm,2025,1.0
C-WEU-ESP,Zone_4A Mixed Humid,urb,q1,perm,2030,1.0
C-WEU-ESP,Zone_4A Mixed Humid,urb,q1,perm,2035,1.0
C-WEU-ESP,Zone_4A Mixed Humid,urb,q1,perm,2040,1.0
C-WEU-ESP,Zone_4A Mixed Humid,urb,q1,perm,2045,1.0
C-WEU-ESP,Zone_4A Mixed Humid,urb,q1,perm,2050,1.0
C-WEU-ESP,Zone_4A Mixed Humid,urb,q1,perm,2055,1.0
C-WEU-ESP,Zone_4A Mixed Humid,urb,q1,perm,2060,1.0
C-WEU-ESP,Zone_4A Mixed Humid,urb,q1,perm,2065,1.0
C-WEU-ESP,Zone_4A Mixed Humid,urb,q1,perm,2070,1.0
C-WEU-ESP,Zone_4A Mixed Humid,urb,q1,perm,2075,1.0
C-WEU-ESP,Zone_4A Mixed Humid,urb,q1,perm,2080,1.0
C-WEU-ESP,Zone_4A Mixed Humid,urb,q1,perm,2085,1.0
C-WEU-ESP,Zone_4A Mixed Humid,urb,q1,perm,2090,1.0
C-WEU-ESP,Zone_4A Mixed Humid,urb,q1,perm,2095,1.0
C-WEU-ESP,Zone_4A Mixed Humid,urb,q1,perm,2100,1.0
C-WEU-ESP,Zone_4A Mixed Humid,urb,q1,sub,2015,0.0
C-WEU-ESP,Zone_4A Mixed Humid,urb,q1,sub,2020,0.0
C-WEU-ESP,Zone_4A Mixed Humid,urb,q1,sub,2025,0.0
C-WEU-ESP,Zone_4A Mixed Humid,urb,q1,sub,2030,0.0
C-WEU-ESP,Zone_4A Mixed Humid,urb,q1,sub,2035,0.0
C-WEU-ESP,Zone_4A Mixed Humid,urb,q1,sub,2040,0.0
C-WEU-ESP,Zone_4A Mixed Humid,urb,q1,sub,2045,0.0
C-WEU-ESP,Zone_4A Mixed Humid,urb,q1,sub,2050,0.0
C-WEU-ESP,Zone_4A Mixed Humid,urb,q1,sub,2055,0.0
C-WEU-ESP,Zone_4A Mixed Humid,urb,q1,sub,2060,0.0
C-WEU-ESP,Zone_4A Mixed Humid,urb,q1,sub,2065,0.0
C-WEU-ESP,Zone_4A Mixed Humid,urb,q1,sub,2070,0.0
C-WEU-ESP,Zone_4A Mixed Humid,urb,q1,sub,2075,0.0
C-WEU-ESP,Zone_4A Mixed Humid,urb,q1,sub,2080,0.0
C-WEU-ESP,Zone_4A Mixed Humid,urb,q1,sub,2085,0.0
C-WEU-ESP,Zone_4A Mixed Humid,urb,q1,sub,2090,0.0
C-WEU-ESP,Zone_4A Mixed Humid,urb,q1,sub,2095,0.0
C-WEU-ESP,Zone_4A Mixed Humid,urb,q1,sub,2100,0.0
C-WEU-ESP,Zone_4A Mixed Humid,urb,q2,perm,2015,1.0
C-WEU-ESP,Zone_4A Mixed Humid,urb,q2,perm,2020,1.0
C-WEU-ESP,Zone_4A Mixed Humid,urb,q2,perm,2025,1.0
C-WEU-ESP,Zone_4A Mixed Humid,urb,q2,perm,2030,1.0
C-WEU-ESP,Zone_4A Mixed Humid,urb,q2,perm,2035,1.0
C-WEU-ESP,Zone_4A Mixed Humid,urb,q2,perm,2040,1.0
C-WEU-ESP,Zone_4A Mixed Humid,urb,q2,perm,2045,1.0
C-WEU-ESP,Zone_4A Mixed Humid,urb,q2,perm,2050,1.0
C-WEU-ESP,Zone_4A Mixed Humid,urb,q2,perm,2055,1.0
C-WEU-ESP,Zone_4A Mixed Humid,urb,q2,perm,2060,1.0
C-WEU-ESP,Zone_4A Mixed Humid,urb,q2,perm,2065,1.0
C-WEU-ESP,Zone_4A Mixed Humid,urb,q2,perm,2070,1.0
C-WEU-ESP,Zone_4A Mixed Humid,urb,q2,perm,2075,1.0
C-WEU-ESP,Zone_4A Mixed Humid,urb,q2,perm,2080,1.0
C-WEU-ESP,Zone_4A Mixed Humid,urb,q2,perm,2085,1.0
C-WEU-ESP,Zone_4A Mixed Humid,urb,q2,perm,2090,1.0
C-WEU-ESP,Zone_4A Mixed Humid,urb,q2,perm,2095,1.0
C-WEU-ESP,Zone_4A Mixed Humid,urb,q2,perm,2100,1.0
C-WEU-ESP,Zone_4A Mixed Humid,urb,q2,sub,2015,0.0
C-WEU-ESP,Zone_4A Mixed Humid,urb,q2,sub,2020,0.0
C-WEU-ESP,Zone_4A Mixed Humid,urb,q2,sub,2025,0.0
C-WEU-ESP,Zone_4A Mixed Humid,urb,q2,sub,2030,0.0
C-WEU-ESP,Zone_4A Mixed Humid,urb,q2,sub,2035,0.0
C-WEU-ESP,Zone_4A Mixed Humid,urb,q2,sub,2040,0.0
C-WEU-ESP,Zone_4A Mixed Humid,urb,q2,sub,2045,0.0
C-WEU-ESP,Zone_4A Mixed Humid,urb,q2,sub,2050,0.0
C-WEU-ESP,Zone_4A Mixed Humid,urb,q2,sub,2055,0.0
C-WEU-ESP,Zone_4A Mixed Humid,urb,q2,sub,2060,0.0
C-WEU-ESP,Zone_4A Mixed Humid,urb,q2,sub,2065,0.0
C-WEU-ESP,Zone_4A Mixed Humid,urb,q2,sub,2070,0.0
C-WEU-ESP,Zone_4A Mixed Humid,urb,q2,sub,2075,0.0
C-WEU-ESP,Zone_4A Mixed Humid,urb,q2,sub,2080,0.0
C-WEU-ESP,Zone_4A Mixed Humid,urb,q2,sub,2085,0.0
C-WEU-ESP,Zone_4A Mixed Humid,urb,q2,sub,2090,0.0
C-WEU-ESP,Zone_4A Mixed Humid,urb,q2,sub,2095,0.0
C-WEU-ESP,Zone_4A Mixed Humid,urb,q2,sub,2100,0.0
C-WEU-ESP,Zone_4A Mixed Humid,urb,q3,perm,2015,1.0
C-WEU-ESP,Zone_4A Mixed Humid,urb,q3,perm,2020,1.0
C-WEU-ESP,Zone_4A Mixed Humid,urb,q3,perm,2025,1.0
C-WEU-ESP,Zone_4A Mixed Humid,urb,q3,perm,2030,1.0
C-WEU-ESP,Zone_4A Mixed Humid,urb,q3,perm,2035,1.0
C-WEU-ESP,Zone_4A Mixed Humid,urb,q3,perm,2040,1.0
C-WEU-ESP,Zone_4A Mixed Humid,urb,q3,perm,2045,1.0
C-WEU-ESP,Zone_4A Mixed Humid,urb,q3,perm,2050,1.0
C-WEU-ESP,Zone_4A Mixed Humid,urb,q3,perm,2055,1.0
C-WEU-ESP,Zone_4A Mixed Humid,urb,q3,perm,2060,1.0
C-WEU-ESP,Zone_4A Mixed Humid,urb,q3,perm,2065,1.0
C-WEU-ESP,Zone_4A Mixed Humid,urb,q3,perm,2070,1.0
C-WEU-ESP,Zone_4A Mixed Humid,urb,q3,perm,2075,1.0
C-WEU-ESP,Zone_4A Mixed Humid,urb,q3,perm,2080,1.0
C-WEU-ESP,Zone_4A Mixed Humid,urb,q3,perm,2085,1.0
C-WEU-ESP,Zone_4A Mixed Humid,urb,q3,perm,2090,1.0
C-WEU-ESP,Zone_4A Mixed Humid,urb,q3,perm,2095,1.0
C-WEU-ESP,Zone_4A Mixed Humid,urb,q3,perm,2100,1.0
C-WEU-ESP,Zone_4A Mixed Humid,urb,q3,sub,2015,0.0
C-WEU-ESP,Zone_4A Mixed Humid,urb,q3,sub,2020,0.0
C-WEU-ESP,Zone_4A Mixed Humid,urb,q3,sub,2025,0.0
C-WEU-ESP,Zone_4A Mixed Humid,urb,q3,sub,2030,0.0
C-WEU-ESP,Zone_4A Mixed Humid,urb,q3,sub,2035,0.0
C-WEU-ESP,Zone_4A Mixed Humid,urb,q3,sub,2040,0.0
C-WEU-ESP,Zone_4A Mixed Humid,urb,q3,sub,2045,0.0
C-WEU-ESP,Zone_4A Mixed Humid,urb,q3,sub,2050,0.0
C-WEU-ESP,Zone_4A Mixed Humid,urb,q3,sub,2055,0.0
C-WEU-ESP,Zone_4A Mixed Humid,urb,q3,sub,2060,0.0
C-WEU-ESP,Zone_4A Mixed Humid,urb,q3,sub,2065,0.0
C-WEU-ESP,Zone_4A Mixed Humid,urb,q3,sub,2070,0.0
C-WEU-ESP,Zone_4A Mixed Humid,urb,q3,sub,2075,0.0
C-WEU-ESP,Zone_4A Mixed Humid,urb,q3,sub,2080,0.0
C-WEU-ESP,Zone_4A Mixed Humid,urb,q3,sub,2085,0.0
C-WEU-ESP,Zone_4A Mixed Humid,urb,q3,sub,2090,0.0
C-WEU-ESP,Zone_4A Mixed Humid,urb,q3,sub,2095,0.0
C-WEU-ESP,Zone_4A Mixed Humid,urb,q3,sub,2100,0.0
C-WEU-ESP,Zone_4C Mixed Marine,rur,q1,perm,2015,1.0
C-WEU-ESP,Zone_4C Mixed Marine,rur,q1,perm,2020,1.0
C-WEU-ESP,Zone_4C Mixed Marine,rur,q1,perm,2025,1.0
C-WEU-ESP,Zone_4C Mixed Marine,rur,q1,perm,2030,1.0
C-WEU-ESP,Zone_4C Mixed Marine,rur,q1,perm,2035,1.0
C-WEU-ESP,Zone_4C Mixed Marine,rur,q1,perm,2040,1.0
C-WEU-ESP,Zone_4C Mixed Marine,rur,q1,perm,2045,1.0
C-WEU-ESP,Zone_4C Mixed Marine,rur,q1,perm,2050,1.0
C-WEU-ESP,Zone_4C Mixed Marine,rur,q1,perm,2055,1.0
C-WEU-ESP,Zone_4C Mixed Marine,rur,q1,perm,2060,1.0
C-WEU-ESP,Zone_4C Mixed Marine,rur,q1,perm,2065,1.0
C-WEU-ESP,Zone_4C Mixed Marine,rur,q1,perm,2070,1.0
C-WEU-ESP,Zone_4C Mixed Marine,rur,q1,perm,2075,1.0
C-WEU-ESP,Zone_4C Mixed Marine,rur,q1,perm,2080,1.0
C-WEU-ESP,Zone_4C Mixed Marine,rur,q1,perm,2085,1.0
C-WEU-ESP,Zone_4C Mixed Marine,rur,q1,perm,2090,1.0
C-WEU-ESP,Zone_4C Mixed Marine,rur,q1,perm,2095,1.0
C-WEU-ESP,Zone_4C Mixed Marine,rur,q1,perm,2100,1.0
C-WEU-ESP,Zone_4C Mixed Marine,rur,q1,sub,2015,0.0
C-WEU-ESP,Zone_4C Mixed Marine,rur,q1,sub,2020,0.0
C-WEU-ESP,Zone_4C Mixed Marine,rur,q1,sub,2025,0.0
C-WEU-ESP,Zone_4C Mixed Marine,rur,q1,sub,2030,0.0
C-WEU-ESP,Zone_4C Mixed Marine,rur,q1,sub,2035,0.0
C-WEU-ESP,Zone_4C Mixed Marine,rur,q1,sub,2040,0.0
C-WEU-ESP,Zone_4C Mixed Marine,rur,q1,sub,2045,0.0
C-WEU-ESP,Zone_4C Mixed Marine,rur,q1,sub,2050,0.0
C-WEU-ESP,Zone_4C Mixed Marine,rur,q1,sub,2055,0.0
C-WEU-ESP,Zone_4C Mixed Marine,rur,q1,sub,2060,0.0
C-WEU-ESP,Zone_4C Mixed Marine,rur,q1,sub,2065,0.0
C-WEU-ESP,Zone_4C Mixed Marine,rur,q1,sub,2070,0.0
C-WEU-ESP,Zone_4C Mixed Marine,rur,q1,sub,2075,0.0
C-WEU-ESP,Zone_4C Mixed Marine,rur,q1,sub,2080,0.0
C-WEU-ESP,Zone_4C Mixed Marine,rur,q1,sub,2085,0.0
C-WEU-ESP,Zone_4C Mixed Marine,rur,q1,sub,2090,0.0
C-WEU-ESP,Zone_4C Mixed Marine,rur,q1,sub,2095,0.0
C-WEU-ESP,Zone_4C Mixed Marine,rur,q1,sub,2100,0.0
C-WEU-ESP,Zone_4C Mixed Marine,rur,q2,perm,2015,1.0
C-WEU-ESP,Zone_4C Mixed Marine,rur,q2,perm,2020,1.0
C-WEU-ESP,Zone_4C Mixed Marine,rur,q2,perm,2025,1.0
C-WEU-ESP,Zone_4C Mixed Marine,rur,q2,perm,2030,1.0
C-WEU-ESP,Zone_4C Mixed Marine,rur,q2,perm,2035,1.0
C-WEU-ESP,Zone_4C Mixed Marine,rur,q2,perm,2040,1.0
C-WEU-ESP,Zone_4C Mixed Marine,rur,q2,perm,2045,1.0
C-WEU-ESP,Zone_4C Mixed Marine,rur,q2,perm,2050,1.0
C-WEU-ESP,Zone_4C Mixed Marine,rur,q2,perm,2055,1.0
C-WEU-ESP,Zone_4C Mixed Marine,rur,q2,perm,2060,1.0
C-WEU-ESP,Zone_4C Mixed Marine,rur,q2,perm,2065,1.0
C-WEU-ESP,Zone_4C Mixed Marine,rur,q2,perm,2070,1.0
C-WEU-ESP,Zone_4C Mixed Marine,rur,q2,perm,2075,1.0
C-WEU-ESP,Zone_4C Mixed Marine,rur,q2,perm,2080,1.0
C-WEU-ESP,Zone_4C Mixed Marine,rur,q2,perm,2085,1.0
C-WEU-ESP,Zone_4C Mixed Marine,rur,q2,perm,2090,1.0
C-WEU-ESP,Zone_4C Mixed Marine,rur,q2,perm,2095,1.0
C-WEU-ESP,Zone_4C Mixed Marine,rur,q2,perm,2100,1.0
C-WEU-ESP,Zone_4C Mixed Marine,rur,q2,sub,2015,0.0
C-WEU-ESP,Zone_4C Mixed Marine,rur,q2,sub,2020,0.0
C-WEU-ESP,Zone_4C Mixed Marine,rur,q2,sub,2025,0.0
C-WEU-ESP,Zone_4C Mixed Marine,rur,q2,sub,2030,0.0
C-WEU-ESP,Zone_4C Mixed Marine,rur,q2,sub,2035,0.0
C-WEU-ESP,Zone_4C Mixed Marine,rur,q2,sub,2040,0.0
C-WEU-ESP,Zone_4C Mixed Marine,rur,q2,sub,2045,0.0
C-WEU-ESP,Zone_4C Mixed Marine,rur,q2,sub,2050,0.0
C-WEU-ESP,Zone_4C Mixed Marine,rur,q2,sub,2055,0.0
C-WEU-ESP,Zone_4C Mixed Marine,rur,q2,sub,2060,0.0
C-WEU-ESP,Zone_4C Mixed Marine,rur,q2,sub,2065,0.0
C-WEU-ESP,Zone_4C Mixed Marine,rur,q2,sub,2070,0.0
C-WEU-ESP,Zone_4C Mixed Marine,rur,q2,sub,2075,0.0
C-WEU-ESP,Zone_4C Mixed Marine,rur,q2,sub,2080,0.0
C-WEU-ESP,Zone_4C Mixed Marine,rur,q2,sub,2085,0.0
C-WEU-ESP,Zone_4C Mixed Marine,rur,q2,sub,2090,0.0
C-WEU-ESP,Zone_4C Mixed Marine,rur,q2,sub,2095,0.0
C-WEU-ESP,Zone_4C Mixed Marine,rur,q2,sub,2100,0.0
C-WEU-ESP,Zone_4C Mixed Marine,rur,q3,perm,2015,1.0
C-WEU-ESP,Zone_4C Mixed Marine,rur,q3,perm,2020,1.0
C-WEU-ESP,Zone_4C Mixed Marine,rur,q3,perm,2025,1.0
C-WEU-ESP,Zone_4C Mixed Marine,rur,q3,perm,2030,1.0
C-WEU-ESP,Zone_4C Mixed Marine,rur,q3,perm,2035,1.0
C-WEU-ESP,Zone_4C Mixed Marine,rur,q3,perm,2040,1.0
C-WEU-ESP,Zone_4C Mixed Marine,rur,q3,perm,2045,1.0
C-WEU-ESP,Zone_4C Mixed Marine,rur,q3,perm,2050,1.0
C-WEU-ESP,Zone_4C Mixed Marine,rur,q3,perm,2055,1.0
C-WEU-ESP,Zone_4C Mixed Marine,rur,q3,perm,2060,1.0
C-WEU-ESP,Zone_4C Mixed Marine,rur,q3,perm,2065,1.0
C-WEU-ESP,Zone_4C Mixed Marine,rur,q3,perm,2070,1.0
C-WEU-ESP,Zone_4C Mixed Marine,rur,q3,perm,2075,1.0
C-WEU-ESP,Zone_4C Mixed Marine,rur,q3,perm,2080,1.0
C-WEU-ESP,Zone_4C Mixed Marine,rur,q3,perm,2085,1.0
C-WEU-ESP,Zone_4C Mixed Marine,rur,q3,perm,2090,1.0
C-WEU-ESP,Zone_4C Mixed Marine,rur,q3,perm,2095,1.0
C-WEU-ESP,Zone_4C Mixed Marine,rur,q3,perm,2100,1.0
C-WEU-ESP,Zone_4C Mixed Marine,rur,q3,sub,2015,0.0
C-WEU-ESP,Zone_4C Mixed Marine,rur,q3,sub,2020,0.0
C-WEU-ESP,Zone_4C Mixed Marine,rur,q3,sub,2025,0.0
C-WEU-ESP,Zone_4C Mixed Marine,rur,q3,sub,2030,0.0
C-WEU-ESP,Zone_4C Mixed Marine,rur,q3,sub,2035,0.0
C-WEU-ESP,Zone_4C Mixed Marine,rur,q3,sub,2040,0.0
C-WEU-ESP,Zone_4C Mixed Marine,rur,q3,sub,2045,0.0
C-WEU-ESP,Zone_4C Mixed Marine,rur,q3,sub,2050,0.0
C-WEU-ESP,Zone_4C Mixed Marine,rur,q3,sub,2055,0.0
C-WEU-ESP,Zone_4C Mixed Marine,rur,q3,sub,2060,0.0
C-WEU-ESP,Zone_4C Mixed Marine,rur,q3,sub,2065,0.0
C-WEU-ESP,Zone_4C Mixed Marine,rur,q3,sub,2070,0.0
C-WEU-ESP,Zone_4C Mixed Marine,rur,q3,sub,2075,0.0
C-WEU-ESP,Zone_4C Mixed Marine,rur,q3,sub,2080,0.0
C-WEU-ESP,Zone_4C Mixed Marine,rur,q3,sub,2085,0.0
C-WEU-ESP,Zone_4C Mixed Marine,rur,q3,sub,2090,0.0
C-WEU-ESP,Zone_4C Mixed Marine,rur,q3,sub,2095,0.0
C-WEU-ESP,Zone_4C Mixed Marine,rur,q3,sub,2100,0.0
C-WEU-ESP,Zone_4C Mixed Marine,urb,q1,perm,2015,1.0
C-WEU-ESP,Zone_4C Mixed Marine,urb,q1,perm,2020,1.0
C-WEU-ESP,Zone_4C Mixed Marine,urb,q1,perm,2025,1.0
C-WEU-ESP,Zone_4C Mixed Marine,urb,q1,perm,2030,1.0
C-WEU-ESP,Zone_4C Mixed Marine,urb,q1,perm,2035,1.0
C-WEU-ESP,Zone_4C Mixed Marine,urb,q1,perm,2040,1.0
C-WEU-ESP,Zone_4C Mixed Marine,urb,q1,perm,2045,1.0
C-WEU-ESP,Zone_4C Mixed Marine,urb,q1,perm,2050,1.0
C-WEU-ESP,Zone_4C Mixed Marine,urb,q1,perm,2055,1.0
C-WEU-ESP,Zone_4C Mixed Marine,urb,q1,perm,2060,1.0
C-WEU-ESP,Zone_4C Mixed Marine,urb,q1,perm,2065,1.0
C-WEU-ESP,Zone_4C Mixed Marine,urb,q1,perm,2070,1.0
C-WEU-ESP,Zone_4C Mixed Marine,urb,q1,perm,2075,1.0
C-WEU-ESP,Zone_4C Mixed Marine,urb,q1,perm,2080,1.0
C-WEU-ESP,Zone_4C Mixed Marine,urb,q1,perm,2085,1.0
C-WEU-ESP,Zone_4C Mixed Marine,urb,q1,perm,2090,1.0
C-WEU-ESP,Zone_4C Mixed Marine,urb,q1,perm,2095,1.0
C-WEU-ESP,Zone_4C Mixed Marine,urb,q1,perm,2100,1.0
C-WEU-ESP,Zone_4C Mixed Marine,urb,q1,sub,2015,0.0
C-WEU-ESP,Zone_4C Mixed Marine,urb,q1,sub,2020,0.0
C-WEU-ESP,Zone_4C Mixed Marine,urb,q1,sub,2025,0.0
C-WEU-ESP,Zone_4C Mixed Marine,urb,q1,sub,2030,0.0
C-WEU-ESP,Zone_4C Mixed Marine,urb,q1,sub,2035,0.0
C-WEU-ESP,Zone_4C Mixed Marine,urb,q1,sub,2040,0.0
C-WEU-ESP,Zone_4C Mixed Marine,urb,q1,sub,2045,0.0
C-WEU-ESP,Zone_4C Mixed Marine,urb,q1,sub,2050,0.0
C-WEU-ESP,Zone_4C Mixed Marine,urb,q1,sub,2055,0.0
C-WEU-ESP,Zone_4C Mixed Marine,urb,q1,sub,2060,0.0
C-WEU-ESP,Zone_4C Mixed Marine,urb,q1,sub,2065,0.0
C-WEU-ESP,Zone_4C Mixed Marine,urb,q1,sub,2070,0.0
C-WEU-ESP,Zone_4C Mixed Marine,urb,q1,sub,2075,0.0
C-WEU-ESP,Zone_4C Mixed Marine,urb,q1,sub,2080,0.0
C-WEU-ESP,Zone_4C Mixed Marine,urb,q1,sub,2085,0.0
C-WEU-ESP,Zone_4C Mixed Marine,urb,q1,sub,2090,0.0
C-WEU-ESP,Zone_4C Mixed Marine,urb,q1,sub,2095,0.0
C-WEU-ESP,Zone_4C Mixed Marine,urb,q1,sub,2100,0.0
C-WEU-ESP,Zone_4C Mixed Marine,urb,q2,perm,2015,1.0
C-WEU-ESP,Zone_4C Mixed Marine,urb,q2,perm,2020,1.0
C-WEU-ESP,Zone_4C Mixed Marine,urb,q2,perm,2025,1.0
C-WEU-ESP,Zone_4C Mixed Marine,urb,q2,perm,2030,1.0
C-WEU-ESP,Zone_4C Mixed Marine,urb,q2,perm,2035,1.0
C-WEU-ESP,Zone_4C Mixed Marine,urb,q2,perm,2040,1.0
C-WEU-ESP,Zone_4C Mixed Marine,urb,q2,perm,2045,1.0
C-WEU-ESP,Zone_4C Mixed Marine,urb,q2,perm,2050,1.0
C-WEU-ESP,Zone_4C Mixed Marine,urb,q2,perm,2055,1.0
C-WEU-ESP,Zone_4C Mixed Marine,urb,q2,perm,2060,1.0
C-WEU-ESP,Zone_4C Mixed Marine,urb,q2,perm,2065,1.0
C-WEU-ESP,Zone_4C Mixed Marine,urb,q2,perm,2070,1.0
C-WEU-ESP,Zone_4C Mixed Marine,urb,q2,perm,2075,1.0
C-WEU-ESP,Zone_4C Mixed Marine,urb,q2,perm,2080,1.0
C-WEU-ESP,Zone_4C Mixed Marine,urb,q2,perm,2085,1.0
C-WEU-ESP,Zone_4C Mixed Marine,urb,q2,perm,2090,1.0
C-WEU-ESP,Zone_4C Mixed Marine,urb,q2,perm,2095,1.0
C-WEU-ESP,Zone_4C Mixed Marine,urb,q2,perm,2100,1.0
C-WEU-ESP,Zone_4C Mixed Marine,urb,q2,sub,2015,0.0
C-WEU-ESP,Zone_4C Mixed Marine,urb,q2,sub,2020,0.0
C-WEU-ESP,Zone_4C Mixed Marine,urb,q2,sub,2025,0.0
C-WEU-ESP,Zone_4C Mixed Marine,urb,q2,sub,2030,0.0
C-WEU-ESP,Zone_4C Mixed Marine,urb,q2,sub,2035,0.0
C-WEU-ESP,Zone_4C Mixed Marine,urb,q2,sub,2040,0.0
C-WEU-ESP,Zone_4C Mixed Marine,urb,q2,sub,2045,0.0
C-WEU-ESP,Zone_4C Mixed Marine,urb,q2,sub,2050,0.0
C-WEU-ESP,Zone_4C Mixed Marine,urb,q2,sub,2055,0.0
C-WEU-ESP,Zone_4C Mixed Marine,urb,q2,sub,2060,0.0
C-WEU-ESP,Zone_4C Mixed Marine,urb,q2,sub,2065,0.0
C-WEU-ESP,Zone_4C Mixed Marine,urb,q2,sub,2070,0.0
C-WEU-ESP,Zone_4C Mixed Marine,urb,q2,sub,2075,0.0
C-WEU-ESP,Zone_4C Mixed Marine,urb,q2,sub,2080,0.0
C-WEU-ESP,Zone_4C Mixed Marine,urb,q2,sub,2085,0.0
C-WEU-ESP,Zone_4C Mixed Marine,urb,q2,sub,2090,0.0
C-WEU-ESP,Zone_4C Mixed Marine,urb,q2,sub,2095,0.0
C-WEU-ESP,Zone_4C Mixed Marine,urb,q2,sub,2100,0.0
C-WEU-ESP,Zone_4C Mixed Marine,urb,q3,perm,2015,1.0
C-WEU-ESP,Zone_4C Mixed Marine,urb,q3,perm,2020,1.0
C-WEU-ESP,Zone_4C Mixed Marine,urb,q3,perm,2025,1.0
C-WEU-ESP,Zone_4C Mixed Marine,urb,q3,perm,2030,1.0
C-WEU-ESP,Zone_4C Mixed Marine,urb,q3,perm,2035,1.0
C-WEU-ESP,Zone_4C Mixed Marine,urb,q3,perm,2040,1.0
C-WEU-ESP,Zone_4C Mixed Marine,urb,q3,perm,2045,1.0
C-WEU-ESP,Zone_4C Mixed Marine,urb,q3,perm,2050,1.0
C-WEU-ESP,Zone_4C Mixed Marine,urb,q3,perm,2055,1.0
C-WEU-ESP,Zone_4C Mixed Marine,urb,q3,perm,2060,1.0
C-WEU-ESP,Zone_4C Mixed Marine,urb,q3,perm,2065,1.0
C-WEU-ESP,Zone_4C Mixed Marine,urb,q3,perm,2070,1.0
C-WEU-ESP,Zone_4C Mixed Marine,urb,q3,perm,2075,1.0
C-WEU-ESP,Zone_4C Mixed Marine,urb,q3,perm,2080,1.0
C-WEU-ESP,Zone_4C Mixed Marine,urb,q3,perm,2085,1.0
C-WEU-ESP,Zone_4C Mixed Marine,urb,q3,perm,2090,1.0
C-WEU-ESP,Zone_4C Mixed Marine,urb,q3,perm,2095,1.0
C-WEU-ESP,Zone_4C Mixed Marine,urb,q3,perm,2100,1.0
C-WEU-ESP,Zone_4C Mixed Marine,urb,q3,sub,2015,0.0
C-WEU-ESP,Zone_4C Mixed Marine,urb,q3,sub,2020,0.0
C-WEU-ESP,Zone_4C Mixed Marine,urb,q3,sub,2025,0.0
C-WEU-ESP,Zone_4C Mixed Marine,urb,q3,sub,2030,0.0
C-WEU-ESP,Zone_4C Mixed Marine,urb,q3,sub,2035,0.0
C-WEU-ESP,Zone_4C Mixed Marine,urb,q3,sub,2040,0.0
C-WEU-ESP,Zone_4C Mixed Marine,urb,q3,sub,2045,0.0
C-WEU-ESP,Zone_4C Mixed Marine,urb,q3,sub,2050,0.0
C-WEU-ESP,Zone_4C Mixed Marine,urb,q3,sub,2055,0.0
C-WEU-ESP,Zone_4C Mixed Marine,urb,q3,sub,2060,0.0
C-WEU-ESP,Zone_4C Mixed Marine,urb,q3,sub,2065,0.0
C-WEU-ESP,Zone_4C Mixed Marine,urb,q3,sub,2070,0.0
C-WEU-ESP,Zone_4C Mixed Marine,urb,q3,sub,2075,0.0
C-WEU-ESP,Zone_4C Mixed Marine,urb,q3,sub,2080,0.0
C-WEU-ESP,Zone_4C Mixed Marine,urb,q3,sub,2085,0.0
C-WEU-ESP,Zone_4C Mixed Marine,urb,q3,sub,2090,0.0
C-WEU-ESP,Zone_4C Mixed Marine,urb,q3,sub,2095,0.0
C-WEU-ESP,Zone_4C Mixed Marine,urb,q3,sub,2100,0.0
C-WEU-FIN,Zone_6A Cold Humid,rur,q1,perm,2015,1.0
C-WEU-FIN,Zone_6A Cold Humid,rur,q1,perm,2020,1.0
C-WEU-FIN,Zone_6A Cold Humid,rur,q1,perm,2025,1.0
C-WEU-FIN,Zone_6A Cold Humid,rur,q1,perm,2030,1.0
C-WEU-FIN,Zone_6A Cold Humid,rur,q1,perm,2035,1.0
C-WEU-FIN,Zone_6A Cold Humid,rur,q1,perm,2040,1.0
C-WEU-FIN,Zone_6A Cold Humid,rur,q1,perm,2045,1.0
C-WEU-FIN,Zone_6A Cold Humid,rur,q1,perm,2050,1.0
C-WEU-FIN,Zone_6A Cold Humid,rur,q1,perm,2055,1.0
C-WEU-FIN,Zone_6A Cold Humid,rur,q1,perm,2060,1.0
C-WEU-FIN,Zone_6A Cold Humid,rur,q1,perm,2065,1.0
C-WEU-FIN,Zone_6A Cold Humid,rur,q1,perm,2070,1.0
C-WEU-FIN,Zone_6A Cold Humid,rur,q1,perm,2075,1.0
C-WEU-FIN,Zone_6A Cold Humid,rur,q1,perm,2080,1.0
C-WEU-FIN,Zone_6A Cold Humid,rur,q1,perm,2085,1.0
C-WEU-FIN,Zone_6A Cold Humid,rur,q1,perm,2090,1.0
C-WEU-FIN,Zone_6A Cold Humid,rur,q1,perm,2095,1.0
C-WEU-FIN,Zone_6A Cold Humid,rur,q1,perm,2100,1.0
C-WEU-FIN,Zone_6A Cold Humid,rur,q1,sub,2015,0.0
C-WEU-FIN,Zone_6A Cold Humid,rur,q1,sub,2020,0.0
C-WEU-FIN,Zone_6A Cold Humid,rur,q1,sub,2025,0.0
C-WEU-FIN,Zone_6A Cold Humid,rur,q1,sub,2030,0.0
C-WEU-FIN,Zone_6A Cold Humid,rur,q1,sub,2035,0.0
C-WEU-FIN,Zone_6A Cold Humid,rur,q1,sub,2040,0.0
C-WEU-FIN,Zone_6A Cold Humid,rur,q1,sub,2045,0.0
C-WEU-FIN,Zone_6A Cold Humid,rur,q1,sub,2050,0.0
C-WEU-FIN,Zone_6A Cold Humid,rur,q1,sub,2055,0.0
C-WEU-FIN,Zone_6A Cold Humid,rur,q1,sub,2060,0.0
C-WEU-FIN,Zone_6A Cold Humid,rur,q1,sub,2065,0.0
C-WEU-FIN,Zone_6A Cold Humid,rur,q1,sub,2070,0.0
C-WEU-FIN,Zone_6A Cold Humid,rur,q1,sub,2075,0.0
C-WEU-FIN,Zone_6A Cold Humid,rur,q1,sub,2080,0.0
C-WEU-FIN,Zone_6A Cold Humid,rur,q1,sub,2085,0.0
C-WEU-FIN,Zone_6A Cold Humid,rur,q1,sub,2090,0.0
C-WEU-FIN,Zone_6A Cold Humid,rur,q1,sub,2095,0.0
C-WEU-FIN,Zone_6A Cold Humid,rur,q1,sub,2100,0.0
C-WEU-FIN,Zone_6A Cold Humid,rur,q2,perm,2015,1.0
C-WEU-FIN,Zone_6A Cold Humid,rur,q2,perm,2020,1.0
C-WEU-FIN,Zone_6A Cold Humid,rur,q2,perm,2025,1.0
C-WEU-FIN,Zone_6A Cold Humid,rur,q2,perm,2030,1.0
C-WEU-FIN,Zone_6A Cold Humid,rur,q2,perm,2035,1.0
C-WEU-FIN,Zone_6A Cold Humid,rur,q2,perm,2040,1.0
C-WEU-FIN,Zone_6A Cold Humid,rur,q2,perm,2045,1.0
C-WEU-FIN,Zone_6A Cold Humid,rur,q2,perm,2050,1.0
C-WEU-FIN,Zone_6A Cold Humid,rur,q2,perm,2055,1.0
C-WEU-FIN,Zone_6A Cold Humid,rur,q2,perm,2060,1.0
C-WEU-FIN,Zone_6A Cold Humid,rur,q2,perm,2065,1.0
C-WEU-FIN,Zone_6A Cold Humid,rur,q2,perm,2070,1.0
C-WEU-FIN,Zone_6A Cold Humid,rur,q2,perm,2075,1.0
C-WEU-FIN,Zone_6A Cold Humid,rur,q2,perm,2080,1.0
C-WEU-FIN,Zone_6A Cold Humid,rur,q2,perm,2085,1.0
C-WEU-FIN,Zone_6A Cold Humid,rur,q2,perm,2090,1.0
C-WEU-FIN,Zone_6A Cold Humid,rur,q2,perm,2095,1.0
C-WEU-FIN,Zone_6A Cold Humid,rur,q2,perm,2100,1.0
C-WEU-FIN,Zone_6A Cold Humid,rur,q2,sub,2015,0.0
C-WEU-FIN,Zone_6A Cold Humid,rur,q2,sub,2020,0.0
C-WEU-FIN,Zone_6A Cold Humid,rur,q2,sub,2025,0.0
C-WEU-FIN,Zone_6A Cold Humid,rur,q2,sub,2030,0.0
C-WEU-FIN,Zone_6A Cold Humid,rur,q2,sub,2035,0.0
C-WEU-FIN,Zone_6A Cold Humid,rur,q2,sub,2040,0.0
C-WEU-FIN,Zone_6A Cold Humid,rur,q2,sub,2045,0.0
C-WEU-FIN,Zone_6A Cold Humid,rur,q2,sub,2050,0.0
C-WEU-FIN,Zone_6A Cold Humid,rur,q2,sub,2055,0.0
C-WEU-FIN,Zone_6A Cold Humid,rur,q2,sub,2060,0.0
C-WEU-FIN,Zone_6A Cold Humid,rur,q2,sub,2065,0.0
C-WEU-FIN,Zone_6A Cold Humid,rur,q2,sub,2070,0.0
C-WEU-FIN,Zone_6A Cold Humid,rur,q2,sub,2075,0.0
C-WEU-FIN,Zone_6A Cold Humid,rur,q2,sub,2080,0.0
C-WEU-FIN,Zone_6A Cold Humid,rur,q2,sub,2085,0.0
C-WEU-FIN,Zone_6A Cold Humid,rur,q2,sub,2090,0.0
C-WEU-FIN,Zone_6A Cold Humid,rur,q2,sub,2095,0.0
C-WEU-FIN,Zone_6A Cold Humid,rur,q2,sub,2100,0.0
C-WEU-FIN,Zone_6A Cold Humid,rur,q3,perm,2015,1.0
C-WEU-FIN,Zone_6A Cold Humid,rur,q3,perm,2020,1.0
C-WEU-FIN,Zone_6A Cold Humid,rur,q3,perm,2025,1.0
C-WEU-FIN,Zone_6A Cold Humid,rur,q3,perm,2030,1.0
C-WEU-FIN,Zone_6A Cold Humid,rur,q3,perm,2035,1.0
C-WEU-FIN,Zone_6A Cold Humid,rur,q3,perm,2040,1.0
C-WEU-FIN,Zone_6A Cold Humid,rur,q3,perm,2045,1.0
C-WEU-FIN,Zone_6A Cold Humid,rur,q3,perm,2050,1.0
C-WEU-FIN,Zone_6A Cold Humid,rur,q3,perm,2055,1.0
C-WEU-FIN,Zone_6A Cold Humid,rur,q3,perm,2060,1.0
C-WEU-FIN,Zone_6A Cold Humid,rur,q3,perm,2065,1.0
C-WEU-FIN,Zone_6A Cold Humid,rur,q3,perm,2070,1.0
C-WEU-FIN,Zone_6A Cold Humid,rur,q3,perm,2075,1.0
C-WEU-FIN,Zone_6A Cold Humid,rur,q3,perm,2080,1.0
C-WEU-FIN,Zone_6A Cold Humid,rur,q3,perm,2085,1.0
C-WEU-FIN,Zone_6A Cold Humid,rur,q3,perm,2090,1.0
C-WEU-FIN,Zone_6A Cold Humid,rur,q3,perm,2095,1.0
C-WEU-FIN,Zone_6A Cold Humid,rur,q3,perm,2100,1.0
C-WEU-FIN,Zone_6A Cold Humid,rur,q3,sub,2015,0.0
C-WEU-FIN,Zone_6A Cold Humid,rur,q3,sub,2020,0.0
C-WEU-FIN,Zone_6A Cold Humid,rur,q3,sub,2025,0.0
C-WEU-FIN,Zone_6A Cold Humid,rur,q3,sub,2030,0.0
C-WEU-FIN,Zone_6A Cold Humid,rur,q3,sub,2035,0.0
C-WEU-FIN,Zone_6A Cold Humid,rur,q3,sub,2040,0.0
C-WEU-FIN,Zone_6A Cold Humid,rur,q3,sub,2045,0.0
C-WEU-FIN,Zone_6A Cold Humid,rur,q3,sub,2050,0.0
C-WEU-FIN,Zone_6A Cold Humid,rur,q3,sub,2055,0.0
C-WEU-FIN,Zone_6A Cold Humid,rur,q3,sub,2060,0.0
C-WEU-FIN,Zone_6A Cold Humid,rur,q3,sub,2065,0.0
C-WEU-FIN,Zone_6A Cold Humid,rur,q3,sub,2070,0.0
C-WEU-FIN,Zone_6A Cold Humid,rur,q3,sub,2075,0.0
C-WEU-FIN,Zone_6A Cold Humid,rur,q3,sub,2080,0.0
C-WEU-FIN,Zone_6A Cold Humid,rur,q3,sub,2085,0.0
C-WEU-FIN,Zone_6A Cold Humid,rur,q3,sub,2090,0.0
C-WEU-FIN,Zone_6A Cold Humid,rur,q3,sub,2095,0.0
C-WEU-FIN,Zone_6A Cold Humid,rur,q3,sub,2100,0.0
C-WEU-FIN,Zone_6A Cold Humid,urb,q1,perm,2015,1.0
C-WEU-FIN,Zone_6A Cold Humid,urb,q1,perm,2020,1.0
C-WEU-FIN,Zone_6A Cold Humid,urb,q1,perm,2025,1.0
C-WEU-FIN,Zone_6A Cold Humid,urb,q1,perm,2030,1.0
C-WEU-FIN,Zone_6A Cold Humid,urb,q1,perm,2035,1.0
C-WEU-FIN,Zone_6A Cold Humid,urb,q1,perm,2040,1.0
C-WEU-FIN,Zone_6A Cold Humid,urb,q1,perm,2045,1.0
C-WEU-FIN,Zone_6A Cold Humid,urb,q1,perm,2050,1.0
C-WEU-FIN,Zone_6A Cold Humid,urb,q1,perm,2055,1.0
C-WEU-FIN,Zone_6A Cold Humid,urb,q1,perm,2060,1.0
C-WEU-FIN,Zone_6A Cold Humid,urb,q1,perm,2065,1.0
C-WEU-FIN,Zone_6A Cold Humid,urb,q1,perm,2070,1.0
C-WEU-FIN,Zone_6A Cold Humid,urb,q1,perm,2075,1.0
C-WEU-FIN,Zone_6A Cold Humid,urb,q1,perm,2080,1.0
C-WEU-FIN,Zone_6A Cold Humid,urb,q1,perm,2085,1.0
C-WEU-FIN,Zone_6A Cold Humid,urb,q1,perm,2090,1.0
C-WEU-FIN,Zone_6A Cold Humid,urb,q1,perm,2095,1.0
C-WEU-FIN,Zone_6A Cold Humid,urb,q1,perm,2100,1.0
C-WEU-FIN,Zone_6A Cold Humid,urb,q1,sub,2015,0.0
C-WEU-FIN,Zone_6A Cold Humid,urb,q1,sub,2020,0.0
C-WEU-FIN,Zone_6A Cold Humid,urb,q1,sub,2025,0.0
C-WEU-FIN,Zone_6A Cold Humid,urb,q1,sub,2030,0.0
C-WEU-FIN,Zone_6A Cold Humid,urb,q1,sub,2035,0.0
C-WEU-FIN,Zone_6A Cold Humid,urb,q1,sub,2040,0.0
C-WEU-FIN,Zone_6A Cold Humid,urb,q1,sub,2045,0.0
C-WEU-FIN,Zone_6A Cold Humid,urb,q1,sub,2050,0.0
C-WEU-FIN,Zone_6A Cold Humid,urb,q1,sub,2055,0.0
C-WEU-FIN,Zone_6A Cold Humid,urb,q1,sub,2060,0.0
C-WEU-FIN,Zone_6A Cold Humid,urb,q1,sub,2065,0.0
C-WEU-FIN,Zone_6A Cold Humid,urb,q1,sub,2070,0.0
C-WEU-FIN,Zone_6A Cold Humid,urb,q1,sub,2075,0.0
C-WEU-FIN,Zone_6A Cold Humid,urb,q1,sub,2080,0.0
C-WEU-FIN,Zone_6A Cold Humid,urb,q1,sub,2085,0.0
C-WEU-FIN,Zone_6A Cold Humid,urb,q1,sub,2090,0.0
C-WEU-FIN,Zone_6A Cold Humid,urb,q1,sub,2095,0.0
C-WEU-FIN,Zone_6A Cold Humid,urb,q1,sub,2100,0.0
C-WEU-FIN,Zone_6A Cold Humid,urb,q2,perm,2015,1.0
C-WEU-FIN,Zone_6A Cold Humid,urb,q2,perm,2020,1.0
C-WEU-FIN,Zone_6A Cold Humid,urb,q2,perm,2025,1.0
C-WEU-FIN,Zone_6A Cold Humid,urb,q2,perm,2030,1.0
C-WEU-FIN,Zone_6A Cold Humid,urb,q2,perm,2035,1.0
C-WEU-FIN,Zone_6A Cold Humid,urb,q2,perm,2040,1.0
C-WEU-FIN,Zone_6A Cold Humid,urb,q2,perm,2045,1.0
C-WEU-FIN,Zone_6A Cold Humid,urb,q2,perm,2050,1.0
C-WEU-FIN,Zone_6A Cold Humid,urb,q2,perm,2055,1.0
C-WEU-FIN,Zone_6A Cold Humid,urb,q2,perm,2060,1.0
C-WEU-FIN,Zone_6A Cold Humid,urb,q2,perm,2065,1.0
C-WEU-FIN,Zone_6A Cold Humid,urb,q2,perm,2070,1.0
C-WEU-FIN,Zone_6A Cold Humid,urb,q2,perm,2075,1.0
C-WEU-FIN,Zone_6A Cold Humid,urb,q2,perm,2080,1.0
C-WEU-FIN,Zone_6A Cold Humid,urb,q2,perm,2085,1.0
C-WEU-FIN,Zone_6A Cold Humid,urb,q2,perm,2090,1.0
C-WEU-FIN,Zone_6A Cold Humid,urb,q2,perm,2095,1.0
C-WEU-FIN,Zone_6A Cold Humid,urb,q2,perm,2100,1.0
C-WEU-FIN,Zone_6A Cold Humid,urb,q2,sub,2015,0.0
C-WEU-FIN,Zone_6A Cold Humid,urb,q2,sub,2020,0.0
C-WEU-FIN,Zone_6A Cold Humid,urb,q2,sub,2025,0.0
C-WEU-FIN,Zone_6A Cold Humid,urb,q2,sub,2030,0.0
C-WEU-FIN,Zone_6A Cold Humid,urb,q2,sub,2035,0.0
C-WEU-FIN,Zone_6A Cold Humid,urb,q2,sub,2040,0.0
C-WEU-FIN,Zone_6A Cold Humid,urb,q2,sub,2045,0.0
C-WEU-FIN,Zone_6A Cold Humid,urb,q2,sub,2050,0.0
C-WEU-FIN,Zone_6A Cold Humid,urb,q2,sub,2055,0.0
C-WEU-FIN,Zone_6A Cold Humid,urb,q2,sub,2060,0.0
C-WEU-FIN,Zone_6A Cold Humid,urb,q2,sub,2065,0.0
C-WEU-FIN,Zone_6A Cold Humid,urb,q2,sub,2070,0.0
C-WEU-FIN,Zone_6A Cold Humid,urb,q2,sub,2075,0.0
C-WEU-FIN,Zone_6A Cold Humid,urb,q2,sub,2080,0.0
C-WEU-FIN,Zone_6A Cold Humid,urb,q2,sub,2085,0.0
C-WEU-FIN,Zone_6A Cold Humid,urb,q2,sub,2090,0.0
C-WEU-FIN,Zone_6A Cold Humid,urb,q2,sub,2095,0.0
C-WEU-FIN,Zone_6A Cold Humid,urb,q2,sub,2100,0.0
C-WEU-FIN,Zone_6A Cold Humid,urb,q3,perm,2015,1.0
C-WEU-FIN,Zone_6A Cold Humid,urb,q3,perm,2020,1.0
C-WEU-FIN,Zone_6A Cold Humid,urb,q3,perm,2025,1.0
C-WEU-FIN,Zone_6A Cold Humid,urb,q3,perm,2030,1.0
C-WEU-FIN,Zone_6A Cold Humid,urb,q3,perm,2035,1.0
C-WEU-FIN,Zone_6A Cold Humid,urb,q3,perm,2040,1.0
C-WEU-FIN,Zone_6A Cold Humid,urb,q3,perm,2045,1.0
C-WEU-FIN,Zone_6A Cold Humid,urb,q3,perm,2050,1.0
C-WEU-FIN,Zone_6A Cold Humid,urb,q3,perm,2055,1.0
C-WEU-FIN,Zone_6A Cold Humid,urb,q3,perm,2060,1.0
C-WEU-FIN,Zone_6A Cold Humid,urb,q3,perm,2065,1.0
C-WEU-FIN,Zone_6A Cold Humid,urb,q3,perm,2070,1.0
C-WEU-FIN,Zone_6A Cold Humid,urb,q3,perm,2075,1.0
C-WEU-FIN,Zone_6A Cold Humid,urb,q3,perm,2080,1.0
C-WEU-FIN,Zone_6A Cold Humid,urb,q3,perm,2085,1.0
C-WEU-FIN,Zone_6A Cold Humid,urb,q3,perm,2090,1.0
C-WEU-FIN,Zone_6A Cold Humid,urb,q3,perm,2095,1.0
C-WEU-FIN,Zone_6A Cold Humid,urb,q3,perm,2100,1.0
C-WEU-FIN,Zone_6A Cold Humid,urb,q3,sub,2015,0.0
C-WEU-FIN,Zone_6A Cold Humid,urb,q3,sub,2020,0.0
C-WEU-FIN,Zone_6A Cold Humid,urb,q3,sub,2025,0.0
C-WEU-FIN,Zone_6A Cold Humid,urb,q3,sub,2030,0.0
C-WEU-FIN,Zone_6A Cold Humid,urb,q3,sub,2035,0.0
C-WEU-FIN,Zone_6A Cold Humid,urb,q3,sub,2040,0.0
C-WEU-FIN,Zone_6A Cold Humid,urb,q3,sub,2045,0.0
C-WEU-FIN,Zone_6A Cold Humid,urb,q3,sub,2050,0.0
C-WEU-FIN,Zone_6A Cold Humid,urb,q3,sub,2055,0.0
C-WEU-FIN,Zone_6A Cold Humid,urb,q3,sub,2060,0.0
C-WEU-FIN,Zone_6A Cold Humid,urb,q3,sub,2065,0.0
C-WEU-FIN,Zone_6A Cold Humid,urb,q3,sub,2070,0.0
C-WEU-FIN,Zone_6A Cold Humid,urb,q3,sub,2075,0.0
C-WEU-FIN,Zone_6A Cold Humid,urb,q3,sub,2080,0.0
C-WEU-FIN,Zone_6A Cold Humid,urb,q3,sub,2085,0.0
C-WEU-FIN,Zone_6A Cold Humid,urb,q3,sub,2090,0.0
C-WEU-FIN,Zone_6A Cold Humid,urb,q3,sub,2095,0.0
C-WEU-FIN,Zone_6A Cold Humid,urb,q3,sub,2100,0.0
C-WEU-FIN,Zone_7A Very cold Humid,rur,q1,perm,2015,1.0
C-WEU-FIN,Zone_7A Very cold Humid,rur,q1,perm,2020,1.0
C-WEU-FIN,Zone_7A Very cold Humid,rur,q1,perm,2025,1.0
C-WEU-FIN,Zone_7A Very cold Humid,rur,q1,perm,2030,1.0
C-WEU-FIN,Zone_7A Very cold Humid,rur,q1,perm,2035,1.0
C-WEU-FIN,Zone_7A Very cold Humid,rur,q1,perm,2040,1.0
C-WEU-FIN,Zone_7A Very cold Humid,rur,q1,perm,2045,1.0
C-WEU-FIN,Zone_7A Very cold Humid,rur,q1,perm,2050,1.0
C-WEU-FIN,Zone_7A Very cold Humid,rur,q1,perm,2055,1.0
C-WEU-FIN,Zone_7A Very cold Humid,rur,q1,perm,2060,1.0
C-WEU-FIN,Zone_7A Very cold Humid,rur,q1,perm,2065,1.0
C-WEU-FIN,Zone_7A Very cold Humid,rur,q1,perm,2070,1.0
C-WEU-FIN,Zone_7A Very cold Humid,rur,q1,perm,2075,1.0
C-WEU-FIN,Zone_7A Very cold Humid,rur,q1,perm,2080,1.0
C-WEU-FIN,Zone_7A Very cold Humid,rur,q1,perm,2085,1.0
C-WEU-FIN,Zone_7A Very cold Humid,rur,q1,perm,2090,1.0
C-WEU-FIN,Zone_7A Very cold Humid,rur,q1,perm,2095,1.0
C-WEU-FIN,Zone_7A Very cold Humid,rur,q1,perm,2100,1.0
C-WEU-FIN,Zone_7A Very cold Humid,rur,q1,sub,2015,0.0
C-WEU-FIN,Zone_7A Very cold Humid,rur,q1,sub,2020,0.0
C-WEU-FIN,Zone_7A Very cold Humid,rur,q1,sub,2025,0.0
C-WEU-FIN,Zone_7A Very cold Humid,rur,q1,sub,2030,0.0
C-WEU-FIN,Zone_7A Very cold Humid,rur,q1,sub,2035,0.0
C-WEU-FIN,Zone_7A Very cold Humid,rur,q1,sub,2040,0.0
C-WEU-FIN,Zone_7A Very cold Humid,rur,q1,sub,2045,0.0
C-WEU-FIN,Zone_7A Very cold Humid,rur,q1,sub,2050,0.0
C-WEU-FIN,Zone_7A Very cold Humid,rur,q1,sub,2055,0.0
C-WEU-FIN,Zone_7A Very cold Humid,rur,q1,sub,2060,0.0
C-WEU-FIN,Zone_7A Very cold Humid,rur,q1,sub,2065,0.0
C-WEU-FIN,Zone_7A Very cold Humid,rur,q1,sub,2070,0.0
C-WEU-FIN,Zone_7A Very cold Humid,rur,q1,sub,2075,0.0
C-WEU-FIN,Zone_7A Very cold Humid,rur,q1,sub,2080,0.0
C-WEU-FIN,Zone_7A Very cold Humid,rur,q1,sub,2085,0.0
C-WEU-FIN,Zone_7A Very cold Humid,rur,q1,sub,2090,0.0
C-WEU-FIN,Zone_7A Very cold Humid,rur,q1,sub,2095,0.0
C-WEU-FIN,Zone_7A Very cold Humid,rur,q1,sub,2100,0.0
C-WEU-FIN,Zone_7A Very cold Humid,rur,q2,perm,2015,1.0
C-WEU-FIN,Zone_7A Very cold Humid,rur,q2,perm,2020,1.0
C-WEU-FIN,Zone_7A Very cold Humid,rur,q2,perm,2025,1.0
C-WEU-FIN,Zone_7A Very cold Humid,rur,q2,perm,2030,1.0
C-WEU-FIN,Zone_7A Very cold Humid,rur,q2,perm,2035,1.0
C-WEU-FIN,Zone_7A Very cold Humid,rur,q2,perm,2040,1.0
C-WEU-FIN,Zone_7A Very cold Humid,rur,q2,perm,2045,1.0
C-WEU-FIN,Zone_7A Very cold Humid,rur,q2,perm,2050,1.0
C-WEU-FIN,Zone_7A Very cold Humid,rur,q2,perm,2055,1.0
C-WEU-FIN,Zone_7A Very cold Humid,rur,q2,perm,2060,1.0
C-WEU-FIN,Zone_7A Very cold Humid,rur,q2,perm,2065,1.0
C-WEU-FIN,Zone_7A Very cold Humid,rur,q2,perm,2070,1.0
C-WEU-FIN,Zone_7A Very cold Humid,rur,q2,perm,2075,1.0
C-WEU-FIN,Zone_7A Very cold Humid,rur,q2,perm,2080,1.0
C-WEU-FIN,Zone_7A Very cold Humid,rur,q2,perm,2085,1.0
C-WEU-FIN,Zone_7A Very cold Humid,rur,q2,perm,2090,1.0
C-WEU-FIN,Zone_7A Very cold Humid,rur,q2,perm,2095,1.0
C-WEU-FIN,Zone_7A Very cold Humid,rur,q2,perm,2100,1.0
C-WEU-FIN,Zone_7A Very cold Humid,rur,q2,sub,2015,0.0
C-WEU-FIN,Zone_7A Very cold Humid,rur,q2,sub,2020,0.0
C-WEU-FIN,Zone_7A Very cold Humid,rur,q2,sub,2025,0.0
C-WEU-FIN,Zone_7A Very cold Humid,rur,q2,sub,2030,0.0
C-WEU-FIN,Zone_7A Very cold Humid,rur,q2,sub,2035,0.0
C-WEU-FIN,Zone_7A Very cold Humid,rur,q2,sub,2040,0.0
C-WEU-FIN,Zone_7A Very cold Humid,rur,q2,sub,2045,0.0
C-WEU-FIN,Zone_7A Very cold Humid,rur,q2,sub,2050,0.0
C-WEU-FIN,Zone_7A Very cold Humid,rur,q2,sub,2055,0.0
C-WEU-FIN,Zone_7A Very cold Humid,rur,q2,sub,2060,0.0
C-WEU-FIN,Zone_7A Very cold Humid,rur,q2,sub,2065,0.0
C-WEU-FIN,Zone_7A Very cold Humid,rur,q2,sub,2070,0.0
C-WEU-FIN,Zone_7A Very cold Humid,rur,q2,sub,2075,0.0
C-WEU-FIN,Zone_7A Very cold Humid,rur,q2,sub,2080,0.0
C-WEU-FIN,Zone_7A Very cold Humid,rur,q2,sub,2085,0.0
C-WEU-FIN,Zone_7A Very cold Humid,rur,q2,sub,2090,0.0
C-WEU-FIN,Zone_7A Very cold Humid,rur,q2,sub,2095,0.0
C-WEU-FIN,Zone_7A Very cold Humid,rur,q2,sub,2100,0.0
C-WEU-FIN,Zone_7A Very cold Humid,rur,q3,perm,2015,1.0
C-WEU-FIN,Zone_7A Very cold Humid,rur,q3,perm,2020,1.0
C-WEU-FIN,Zone_7A Very cold Humid,rur,q3,perm,2025,1.0
C-WEU-FIN,Zone_7A Very cold Humid,rur,q3,perm,2030,1.0
C-WEU-FIN,Zone_7A Very cold Humid,rur,q3,perm,2035,1.0
C-WEU-FIN,Zone_7A Very cold Humid,rur,q3,perm,2040,1.0
C-WEU-FIN,Zone_7A Very cold Humid,rur,q3,perm,2045,1.0
C-WEU-FIN,Zone_7A Very cold Humid,rur,q3,perm,2050,1.0
C-WEU-FIN,Zone_7A Very cold Humid,rur,q3,perm,2055,1.0
C-WEU-FIN,Zone_7A Very cold Humid,rur,q3,perm,2060,1.0
C-WEU-FIN,Zone_7A Very cold Humid,rur,q3,perm,2065,1.0
C-WEU-FIN,Zone_7A Very cold Humid,rur,q3,perm,2070,1.0
C-WEU-FIN,Zone_7A Very cold Humid,rur,q3,perm,2075,1.0
C-WEU-FIN,Zone_7A Very cold Humid,rur,q3,perm,2080,1.0
C-WEU-FIN,Zone_7A Very cold Humid,rur,q3,perm,2085,1.0
C-WEU-FIN,Zone_7A Very cold Humid,rur,q3,perm,2090,1.0
C-WEU-FIN,Zone_7A Very cold Humid,rur,q3,perm,2095,1.0
C-WEU-FIN,Zone_7A Very cold Humid,rur,q3,perm,2100,1.0
C-WEU-FIN,Zone_7A Very cold Humid,rur,q3,sub,2015,0.0
C-WEU-FIN,Zone_7A Very cold Humid,rur,q3,sub,2020,0.0
C-WEU-FIN,Zone_7A Very cold Humid,rur,q3,sub,2025,0.0
C-WEU-FIN,Zone_7A Very cold Humid,rur,q3,sub,2030,0.0
C-WEU-FIN,Zone_7A Very cold Humid,rur,q3,sub,2035,0.0
C-WEU-FIN,Zone_7A Very cold Humid,rur,q3,sub,2040,0.0
C-WEU-FIN,Zone_7A Very cold Humid,rur,q3,sub,2045,0.0
C-WEU-FIN,Zone_7A Very cold Humid,rur,q3,sub,2050,0.0
C-WEU-FIN,Zone_7A Very cold Humid,rur,q3,sub,2055,0.0
C-WEU-FIN,Zone_7A Very cold Humid,rur,q3,sub,2060,0.0
C-WEU-FIN,Zone_7A Very cold Humid,rur,q3,sub,2065,0.0
C-WEU-FIN,Zone_7A Very cold Humid,rur,q3,sub,2070,0.0
C-WEU-FIN,Zone_7A Very cold Humid,rur,q3,sub,2075,0.0
C-WEU-FIN,Zone_7A Very cold Humid,rur,q3,sub,2080,0.0
C-WEU-FIN,Zone_7A Very cold Humid,rur,q3,sub,2085,0.0
C-WEU-FIN,Zone_7A Very cold Humid,rur,q3,sub,2090,0.0
C-WEU-FIN,Zone_7A Very cold Humid,rur,q3,sub,2095,0.0
C-WEU-FIN,Zone_7A Very cold Humid,rur,q3,sub,2100,0.0
C-WEU-FIN,Zone_7A Very cold Humid,urb,q1,perm,2015,1.0
C-WEU-FIN,Zone_7A Very cold Humid,urb,q1,perm,2020,1.0
C-WEU-FIN,Zone_7A Very cold Humid,urb,q1,perm,2025,1.0
C-WEU-FIN,Zone_7A Very cold Humid,urb,q1,perm,2030,1.0
C-WEU-FIN,Zone_7A Very cold Humid,urb,q1,perm,2035,1.0
C-WEU-FIN,Zone_7A Very cold Humid,urb,q1,perm,2040,1.0
C-WEU-FIN,Zone_7A Very cold Humid,urb,q1,perm,2045,1.0
C-WEU-FIN,Zone_7A Very cold Humid,urb,q1,perm,2050,1.0
C-WEU-FIN,Zone_7A Very cold Humid,urb,q1,perm,2055,1.0
C-WEU-FIN,Zone_7A Very cold Humid,urb,q1,perm,2060,1.0
C-WEU-FIN,Zone_7A Very cold Humid,urb,q1,perm,2065,1.0
C-WEU-FIN,Zone_7A Very cold Humid,urb,q1,perm,2070,1.0
C-WEU-FIN,Zone_7A Very cold Humid,urb,q1,perm,2075,1.0
C-WEU-FIN,Zone_7A Very cold Humid,urb,q1,perm,2080,1.0
C-WEU-FIN,Zone_7A Very cold Humid,urb,q1,perm,2085,1.0
C-WEU-FIN,Zone_7A Very cold Humid,urb,q1,perm,2090,1.0
C-WEU-FIN,Zone_7A Very cold Humid,urb,q1,perm,2095,1.0
C-WEU-FIN,Zone_7A Very cold Humid,urb,q1,perm,2100,1.0
C-WEU-FIN,Zone_7A Very cold Humid,urb,q1,sub,2015,0.0
C-WEU-FIN,Zone_7A Very cold Humid,urb,q1,sub,2020,0.0
C-WEU-FIN,Zone_7A Very cold Humid,urb,q1,sub,2025,0.0
C-WEU-FIN,Zone_7A Very cold Humid,urb,q1,sub,2030,0.0
C-WEU-FIN,Zone_7A Very cold Humid,urb,q1,sub,2035,0.0
C-WEU-FIN,Zone_7A Very cold Humid,urb,q1,sub,2040,0.0
C-WEU-FIN,Zone_7A Very cold Humid,urb,q1,sub,2045,0.0
C-WEU-FIN,Zone_7A Very cold Humid,urb,q1,sub,2050,0.0
C-WEU-FIN,Zone_7A Very cold Humid,urb,q1,sub,2055,0.0
C-WEU-FIN,Zone_7A Very cold Humid,urb,q1,sub,2060,0.0
C-WEU-FIN,Zone_7A Very cold Humid,urb,q1,sub,2065,0.0
C-WEU-FIN,Zone_7A Very cold Humid,urb,q1,sub,2070,0.0
C-WEU-FIN,Zone_7A Very cold Humid,urb,q1,sub,2075,0.0
C-WEU-FIN,Zone_7A Very cold Humid,urb,q1,sub,2080,0.0
C-WEU-FIN,Zone_7A Very cold Humid,urb,q1,sub,2085,0.0
C-WEU-FIN,Zone_7A Very cold Humid,urb,q1,sub,2090,0.0
C-WEU-FIN,Zone_7A Very cold Humid,urb,q1,sub,2095,0.0
C-WEU-FIN,Zone_7A Very cold Humid,urb,q1,sub,2100,0.0
C-WEU-FIN,Zone_7A Very cold Humid,urb,q2,perm,2015,1.0
C-WEU-FIN,Zone_7A Very cold Humid,urb,q2,perm,2020,1.0
C-WEU-FIN,Zone_7A Very cold Humid,urb,q2,perm,2025,1.0
C-WEU-FIN,Zone_7A Very cold Humid,urb,q2,perm,2030,1.0
C-WEU-FIN,Zone_7A Very cold Humid,urb,q2,perm,2035,1.0
C-WEU-FIN,Zone_7A Very cold Humid,urb,q2,perm,2040,1.0
C-WEU-FIN,Zone_7A Very cold Humid,urb,q2,perm,2045,1.0
C-WEU-FIN,Zone_7A Very cold Humid,urb,q2,perm,2050,1.0
C-WEU-FIN,Zone_7A Very cold Humid,urb,q2,perm,2055,1.0
C-WEU-FIN,Zone_7A Very cold Humid,urb,q2,perm,2060,1.0
C-WEU-FIN,Zone_7A Very cold Humid,urb,q2,perm,2065,1.0
C-WEU-FIN,Zone_7A Very cold Humid,urb,q2,perm,2070,1.0
C-WEU-FIN,Zone_7A Very cold Humid,urb,q2,perm,2075,1.0
C-WEU-FIN,Zone_7A Very cold Humid,urb,q2,perm,2080,1.0
C-WEU-FIN,Zone_7A Very cold Humid,urb,q2,perm,2085,1.0
C-WEU-FIN,Zone_7A Very cold Humid,urb,q2,perm,2090,1.0
C-WEU-FIN,Zone_7A Very cold Humid,urb,q2,perm,2095,1.0
C-WEU-FIN,Zone_7A Very cold Humid,urb,q2,perm,2100,1.0
C-WEU-FIN,Zone_7A Very cold Humid,urb,q2,sub,2015,0.0
C-WEU-FIN,Zone_7A Very cold Humid,urb,q2,sub,2020,0.0
C-WEU-FIN,Zone_7A Very cold Humid,urb,q2,sub,2025,0.0
C-WEU-FIN,Zone_7A Very cold Humid,urb,q2,sub,2030,0.0
C-WEU-FIN,Zone_7A Very cold Humid,urb,q2,sub,2035,0.0
C-WEU-FIN,Zone_7A Very cold Humid,urb,q2,sub,2040,0.0
C-WEU-FIN,Zone_7A Very cold Humid,urb,q2,sub,2045,0.0
C-WEU-FIN,Zone_7A Very cold Humid,urb,q2,sub,2050,0.0
C-WEU-FIN,Zone_7A Very cold Humid,urb,q2,sub,2055,0.0
C-WEU-FIN,Zone_7A Very cold Humid,urb,q2,sub,2060,0.0
C-WEU-FIN,Zone_7A Very cold Humid,urb,q2,sub,2065,0.0
C-WEU-FIN,Zone_7A Very cold Humid,urb,q2,sub,2070,0.0
C-WEU-FIN,Zone_7A Very cold Humid,urb,q2,sub,2075,0.0
C-WEU-FIN,Zone_7A Very cold Humid,urb,q2,sub,2080,0.0
C-WEU-FIN,Zone_7A Very cold Humid,urb,q2,sub,2085,0.0
C-WEU-FIN,Zone_7A Very cold Humid,urb,q2,sub,2090,0.0
C-WEU-FIN,Zone_7A Very cold Humid,urb,q2,sub,2095,0.0
C-WEU-FIN,Zone_7A Very cold Humid,urb,q2,sub,2100,0.0
C-WEU-FIN,Zone_7A Very cold Humid,urb,q3,perm,2015,1.0
C-WEU-FIN,Zone_7A Very cold Humid,urb,q3,perm,2020,1.0
C-WEU-FIN,Zone_7A Very cold Humid,urb,q3,perm,2025,1.0
C-WEU-FIN,Zone_7A Very cold Humid,urb,q3,perm,2030,1.0
C-WEU-FIN,Zone_7A Very cold Humid,urb,q3,perm,2035,1.0
C-WEU-FIN,Zone_7A Very cold Humid,urb,q3,perm,2040,1.0
C-WEU-FIN,Zone_7A Very cold Humid,urb,q3,perm,2045,1.0
C-WEU-FIN,Zone_7A Very cold Humid,urb,q3,perm,2050,1.0
C-WEU-FIN,Zone_7A Very cold Humid,urb,q3,perm,2055,1.0
C-WEU-FIN,Zone_7A Very cold Humid,urb,q3,perm,2060,1.0
C-WEU-FIN,Zone_7A Very cold Humid,urb,q3,perm,2065,1.0
C-WEU-FIN,Zone_7A Very cold Humid,urb,q3,perm,2070,1.0
C-WEU-FIN,Zone_7A Very cold Humid,urb,q3,perm,2075,1.0
C-WEU-FIN,Zone_7A Very cold Humid,urb,q3,perm,2080,1.0
C-WEU-FIN,Zone_7A Very cold Humid,urb,q3,perm,2085,1.0
C-WEU-FIN,Zone_7A Very cold Humid,urb,q3,perm,2090,1.0
C-WEU-FIN,Zone_7A Very cold Humid,urb,q3,perm,2095,1.0
C-WEU-FIN,Zone_7A Very cold Humid,urb,q3,perm,2100,1.0
C-WEU-FIN,Zone_7A Very cold Humid,urb,q3,sub,2015,0.0
C-WEU-FIN,Zone_7A Very cold Humid,urb,q3,sub,2020,0.0
C-WEU-FIN,Zone_7A Very cold Humid,urb,q3,sub,2025,0.0
C-WEU-FIN,Zone_7A Very cold Humid,urb,q3,sub,2030,0.0
C-WEU-FIN,Zone_7A Very cold Humid,urb,q3,sub,2035,0.0
C-WEU-FIN,Zone_7A Very cold Humid,urb,q3,sub,2040,0.0
C-WEU-FIN,Zone_7A Very cold Humid,urb,q3,sub,2045,0.0
C-WEU-FIN,Zone_7A Very cold Humid,urb,q3,sub,2050,0.0
C-WEU-FIN,Zone_7A Very cold Humid,urb,q3,sub,2055,0.0
C-WEU-FIN,Zone_7A Very cold Humid,urb,q3,sub,2060,0.0
C-WEU-FIN,Zone_7A Very cold Humid,urb,q3,sub,2065,0.0
C-WEU-FIN,Zone_7A Very cold Humid,urb,q3,sub,2070,0.0
C-WEU-FIN,Zone_7A Very cold Humid,urb,q3,sub,2075,0.0
C-WEU-FIN,Zone_7A Very cold Humid,urb,q3,sub,2080,0.0
C-WEU-FIN,Zone_7A Very cold Humid,urb,q3,sub,2085,0.0
C-WEU-FIN,Zone_7A Very cold Humid,urb,q3,sub,2090,0.0
C-WEU-FIN,Zone_7A Very cold Humid,urb,q3,sub,2095,0.0
C-WEU-FIN,Zone_7A Very cold Humid,urb,q3,sub,2100,0.0
C-WEU-FRA,Zone_0A Extremely hot Humid,rur,q1,perm,2015,0.0041127031413334
C-WEU-FRA,Zone_0A Extremely hot Humid,rur,q1,perm,2020,0.0041127031413334
C-WEU-FRA,Zone_0A Extremely hot Humid,rur,q1,perm,2025,0.004646730777874247
C-WEU-FRA,Zone_0A Extremely hot Humid,rur,q1,perm,2030,0.005120241423974789
C-WEU-FRA,Zone_0A Extremely hot Humid,rur,q1,perm,2035,0.00557858564355038
C-WEU-FRA,Zone_0A Extremely hot Humid,rur,q1,perm,2040,0.006030749833417036
C-WEU-FRA,Zone_0A Extremely hot Humid,rur,q1,perm,2045,0.006474820472019807
C-WEU-FRA,Zone_0A Extremely hot Humid,rur,q1,perm,2050,0.006909699096193759
C-WEU-FRA,Zone_0A Extremely hot Humid,rur,q1,perm,2055,0.007334429924379726
C-WEU-FRA,Zone_0A Extremely hot Humid,rur,q1,perm,2060,0.007751809453929341
C-WEU-FRA,Zone_0A Extremely hot Humid,rur,q1,perm,2065,0.008165773161169655
C-WEU-FRA,Zone_0A Extremely hot Humid,rur,q1,perm,2070,0.008579463426516469
C-WEU-FRA,Zone_0A Extremely hot Humid,rur,q1,perm,2075,0.008999118831386623
C-WEU-FRA,Zone_0A Extremely hot Humid,rur,q1,perm,2080,0.00942974921839788
C-WEU-FRA,Zone_0A Extremely hot Humid,rur,q1,perm,2085,0.009866741357162919
C-WEU-FRA,Zone_0A Extremely hot Humid,rur,q1,perm,2090,0.010308239297432829
C-WEU-FRA,Zone_0A Extremely hot Humid,rur,q1,perm,2095,0.010759504539777557
C-WEU-FRA,Zone_0A Extremely hot Humid,rur,q1,perm,2100,0.01123012023730859
C-WEU-FRA,Zone_0A Extremely hot Humid,rur,q1,sub,2015,0.0
C-WEU-FRA,Zone_0A Extremely hot Humid,rur,q1,sub,2020,0.0
C-WEU-FRA,Zone_0A Extremely hot Humid,rur,q1,sub,2025,0.0
C-WEU-FRA,Zone_0A Extremely hot Humid,rur,q1,sub,2030,0.0
C-WEU-FRA,Zone_0A Extremely hot Humid,rur,q1,sub,2035,0.0
C-WEU-FRA,Zone_0A Extremely hot Humid,rur,q1,sub,2040,0.0
C-WEU-FRA,Zone_0A Extremely hot Humid,rur,q1,sub,2045,0.0
C-WEU-FRA,Zone_0A Extremely hot Humid,rur,q1,sub,2050,0.0
C-WEU-FRA,Zone_0A Extremely hot Humid,rur,q1,sub,2055,0.0
C-WEU-FRA,Zone_0A Extremely hot Humid,rur,q1,sub,2060,0.0
C-WEU-FRA,Zone_0A Extremely hot Humid,rur,q1,sub,2065,0.0
C-WEU-FRA,Zone_0A Extremely hot Humid,rur,q1,sub,2070,0.0
C-WEU-FRA,Zone_0A Extremely hot Humid,rur,q1,sub,2075,0.0
C-WEU-FRA,Zone_0A Extremely hot Humid,rur,q1,sub,2080,0.0
C-WEU-FRA,Zone_0A Extremely hot Humid,rur,q1,sub,2085,0.0
C-WEU-FRA,Zone_0A Extremely hot Humid,rur,q1,sub,2090,0.0
C-WEU-FRA,Zone_0A Extremely hot Humid,rur,q1,sub,2095,0.0
C-WEU-FRA,Zone_0A Extremely hot Humid,rur,q1,sub,2100,0.0
C-WEU-FRA,Zone_0A Extremely hot Humid,rur,q2,perm,2015,0.0041127031413334
C-WEU-FRA,Zone_0A Extremely hot Humid,rur,q2,perm,2020,0.0041127031413334
C-WEU-FRA,Zone_0A Extremely hot Humid,rur,q2,perm,2025,0.004646730777874247
C-WEU-FRA,Zone_0A Extremely hot Humid,rur,q2,perm,2030,0.005120241423974789
C-WEU-FRA,Zone_0A Extremely hot Humid,rur,q2,perm,2035,0.00557858564355038
C-WEU-FRA,Zone_0A Extremely hot Humid,rur,q2,perm,2040,0.006030749833417036
C-WEU-FRA,Zone_0A Extremely hot Humid,rur,q2,perm,2045,0.006474820472019807
C-WEU-FRA,Zone_0A Extremely hot Humid,rur,q2,perm,2050,0.006909699096193759
C-WEU-FRA,Zone_0A Extremely hot Humid,rur,q2,perm,2055,0.007334429924379726
C-WEU-FRA,Zone_0A Extremely hot Humid,rur,q2,perm,2060,0.007751809453929341
C-WEU-FRA,Zone_0A Extremely hot Humid,rur,q2,perm,2065,0.008165773161169655
C-WEU-FRA,Zone_0A Extremely hot Humid,rur,q2,perm,2070,0.008579463426516469
C-WEU-FRA,Zone_0A Extremely hot Humid,rur,q2,perm,2075,0.008999118831386623
C-WEU-FRA,Zone_0A Extremely hot Humid,rur,q2,perm,2080,0.00942974921839788
C-WEU-FRA,Zone_0A Extremely hot Humid,rur,q2,perm,2085,0.009866741357162919
C-WEU-FRA,Zone_0A Extremely hot Humid,rur,q2,perm,2090,0.010308239297432829
C-WEU-FRA,Zone_0A Extremely hot Humid,rur,q2,perm,2095,0.010759504539777557
C-WEU-FRA,Zone_0A Extremely hot Humid,rur,q2,perm,2100,0.01123012023730859
C-WEU-FRA,Zone_0A Extremely hot Humid,rur,q2,sub,2015,0.0
C-WEU-FRA,Zone_0A Extremely hot Humid,rur,q2,sub,2020,0.0
C-WEU-FRA,Zone_0A Extremely hot Humid,rur,q2,sub,2025,0.0
C-WEU-FRA,Zone_0A Extremely hot Humid,rur,q2,sub,2030,0.0
C-WEU-FRA,Zone_0A Extremely hot Humid,rur,q2,sub,2035,0.0
C-WEU-FRA,Zone_0A Extremely hot Humid,rur,q2,sub,2040,0.0
C-WEU-FRA,Zone_0A Extremely hot Humid,rur,q2,sub,2045,0.0
C-WEU-FRA,Zone_0A Extremely hot Humid,rur,q2,sub,2050,0.0
C-WEU-FRA,Zone_0A Extremely hot Humid,rur,q2,sub,2055,0.0
C-WEU-FRA,Zone_0A Extremely hot Humid,rur,q2,sub,2060,0.0
C-WEU-FRA,Zone_0A Extremely hot Humid,rur,q2,sub,2065,0.0
C-WEU-FRA,Zone_0A Extremely hot Humid,rur,q2,sub,2070,0.0
C-WEU-FRA,Zone_0A Extremely hot Humid,rur,q2,sub,2075,0.0
C-WEU-FRA,Zone_0A Extremely hot Humid,rur,q2,sub,2080,0.0
C-WEU-FRA,Zone_0A Extremely hot Humid,rur,q2,sub,2085,0.0
C-WEU-FRA,Zone_0A Extremely hot Humid,rur,q2,sub,2090,0.0
C-WEU-FRA,Zone_0A Extremely hot Humid,rur,q2,sub,2095,0.0
C-WEU-FRA,Zone_0A Extremely hot Humid,rur,q2,sub,2100,0.0
C-WEU-FRA,Zone_0A Extremely hot Humid,rur,q3,perm,2015,0.0041127031413334
C-WEU-FRA,Zone_0A Extremely hot Humid,rur,q3,perm,2020,0.0041127031413334
C-WEU-FRA,Zone_0A Extremely hot Humid,rur,q3,perm,2025,0.004646730777874247
C-WEU-FRA,Zone_0A Extremely hot Humid,rur,q3,perm,2030,0.005120241423974789
C-WEU-FRA,Zone_0A Extremely hot Humid,rur,q3,perm,2035,0.00557858564355038
C-WEU-FRA,Zone_0A Extremely hot Humid,rur,q3,perm,2040,0.006030749833417036
C-WEU-FRA,Zone_0A Extremely hot Humid,rur,q3,perm,2045,0.006474820472019807
C-WEU-FRA,Zone_0A Extremely hot Humid,rur,q3,perm,2050,0.006909699096193759
C-WEU-FRA,Zone_0A Extremely hot Humid,rur,q3,perm,2055,0.007334429924379726
C-WEU-FRA,Zone_0A Extremely hot Humid,rur,q3,perm,2060,0.007751809453929341
C-WEU-FRA,Zone_0A Extremely hot Humid,rur,q3,perm,2065,0.008165773161169655
C-WEU-FRA,Zone_0A Extremely hot Humid,rur,q3,perm,2070,0.008579463426516469
C-WEU-FRA,Zone_0A Extremely hot Humid,rur,q3,perm,2075,0.008999118831386623
C-WEU-FRA,Zone_0A Extremely hot Humid,rur,q3,perm,2080,0.00942974921839788
C-WEU-FRA,Zone_0A Extremely hot Humid,rur,q3,perm,2085,0.009866741357162919
C-WEU-FRA,Zone_0A Extremely hot Humid,rur,q3,perm,2090,0.010308239297432829
C-WEU-FRA,Zone_0A Extremely hot Humid,rur,q3,perm,2095,0.010759504539777557
C-WEU-FRA,Zone_0A Extremely hot Humid,rur,q3,perm,2100,0.01123012023730859
C-WEU-FRA,Zone_0A Extremely hot Humid,rur,q3,sub,2015,0.0
C-WEU-FRA,Zone_0A Extremely hot Humid,rur,q3,sub,2020,0.0
C-WEU-FRA,Zone_0A Extremely hot Humid,rur,q3,sub,2025,0.0
C-WEU-FRA,Zone_0A Extremely hot Humid,rur,q3,sub,2030,0.0
C-WEU-FRA,Zone_0A Extremely hot Humid,rur,q3,sub,2035,0.0
C-WEU-FRA,Zone_0A Extremely hot Humid,rur,q3,sub,2040,0.0
C-WEU-FRA,Zone_0A Extremely hot Humid,rur,q3,sub,2045,0.0
C-WEU-FRA,Zone_0A Extremely hot Humid,rur,q3,sub,2050,0.0
C-WEU-FRA,Zone_0A Extremely hot Humid,rur,q3,sub,2055,0.0
C-WEU-FRA,Zone_0A Extremely hot Humid,rur,q3,sub,2060,0.0
C-WEU-FRA,Zone_0A Extremely hot Humid,rur,q3,sub,2065,0.0
C-WEU-FRA,Zone_0A Extremely hot Humid,rur,q3,sub,2070,0.0
C-WEU-FRA,Zone_0A Extremely hot Humid,rur,q3,sub,2075,0.0
C-WEU-FRA,Zone_0A Extremely hot Humid,rur,q3,sub,2080,0.0
C-WEU-FRA,Zone_0A Extremely hot Humid,rur,q3,sub,2085,0.0
C-WEU-FRA,Zone_0A Extremely hot Humid,rur,q3,sub,2090,0.0
C-WEU-FRA,Zone_0A Extremely hot Humid,rur,q3,sub,2095,0.0
C-WEU-FRA,Zone_0A Extremely hot Humid,rur,q3,sub,2100,0.0
C-WEU-FRA,Zone_0A Extremely hot Humid,urb,q1,perm,2015,0.00404413725373101
C-WEU-FRA,Zone_0A Extremely hot Humid,urb,q1,perm,2020,0.00404413725373101
C-WEU-FRA,Zone_0A Extremely hot Humid,urb,q1,perm,2025,0.0045683537567163725
C-WEU-FRA,Zone_0A Extremely hot Humid,urb,q1,perm,2030,0.005032853963576193
C-WEU-FRA,Zone_0A Extremely hot Humid,urb,q1,perm,2035,0.0054819119027940165
C-WEU-FRA,Zone_0A Extremely hot Humid,urb,q1,perm,2040,0.005924731577441764
C-WEU-FRA,Zone_0A Extremely hot Humid,urb,q1,perm,2045,0.006359740176780449
C-WEU-FRA,Zone_0A Extremely hot Humid,urb,q1,perm,2050,0.006785787172400471
C-WEU-FRA,Zone_0A Extremely hot Humid,urb,q1,perm,2055,0.007201790727440063
C-WEU-FRA,Zone_0A Extremely hot Humid,urb,q1,perm,2060,0.007610424130654045
C-WEU-FRA,Zone_0A Extremely hot Humid,urb,q1,perm,2065,0.008015558586305972
C-WEU-FRA,Zone_0A Extremely hot Humid,urb,q1,perm,2070,0.008420310153137111
C-WEU-FRA,Zone_0A Extremely hot Humid,urb,q1,perm,2075,0.008830870562791065
C-WEU-FRA,Zone_0A Extremely hot Humid,urb,q1,perm,2080,0.009252302719910706
C-WEU-FRA,Zone_0A Extremely hot Humid,urb,q1,perm,2085,0.009680286572568303
C-WEU-FRA,Zone_0A Extremely hot Humid,urb,q1,perm,2090,0.010113371551405936
C-WEU-FRA,Zone_0A Extremely hot Humid,urb,q1,perm,2095,0.010556852543363904
C-WEU-FRA,Zone_0A Extremely hot Humid,urb,q1,perm,2100,0.0110199136660027
C-WEU-FRA,Zone_0A Extremely hot Humid,urb,q1,sub,2015,0.0
C-WEU-FRA,Zone_0A Extremely hot Humid,urb,q1,sub,2020,0.0
C-WEU-FRA,Zone_0A Extremely hot Humid,urb,q1,sub,2025,0.0
C-WEU-FRA,Zone_0A Extremely hot Humid,urb,q1,sub,2030,0.0
C-WEU-FRA,Zone_0A Extremely hot Humid,urb,q1,sub,2035,0.0
C-WEU-FRA,Zone_0A Extremely hot Humid,urb,q1,sub,2040,0.0
C-WEU-FRA,Zone_0A Extremely hot Humid,urb,q1,sub,2045,0.0
C-WEU-FRA,Zone_0A Extremely hot Humid,urb,q1,sub,2050,0.0
C-WEU-FRA,Zone_0A Extremely hot Humid,urb,q1,sub,2055,0.0
C-WEU-FRA,Zone_0A Extremely hot Humid,urb,q1,sub,2060,0.0
C-WEU-FRA,Zone_0A Extremely hot Humid,urb,q1,sub,2065,0.0
C-WEU-FRA,Zone_0A Extremely hot Humid,urb,q1,sub,2070,0.0
C-WEU-FRA,Zone_0A Extremely hot Humid,urb,q1,sub,2075,0.0
C-WEU-FRA,Zone_0A Extremely hot Humid,urb,q1,sub,2080,0.0
C-WEU-FRA,Zone_0A Extremely hot Humid,urb,q1,sub,2085,0.0
C-WEU-FRA,Zone_0A Extremely hot Humid,urb,q1,sub,2090,0.0
C-WEU-FRA,Zone_0A Extremely hot Humid,urb,q1,sub,2095,0.0
C-WEU-FRA,Zone_0A Extremely hot Humid,urb,q1,sub,2100,0.0
C-WEU-FRA,Zone_0A Extremely hot Humid,urb,q2,perm,2015,0.00404413725373101
C-WEU-FRA,Zone_0A Extremely hot Humid,urb,q2,perm,2020,0.00404413725373101
C-WEU-FRA,Zone_0A Extremely hot Humid,urb,q2,perm,2025,0.0045683537567163725
C-WEU-FRA,Zone_0A Extremely hot Humid,urb,q2,perm,2030,0.005032853963576193
C-WEU-FRA,Zone_0A Extremely hot Humid,urb,q2,perm,2035,0.0054819119027940165
C-WEU-FRA,Zone_0A Extremely hot Humid,urb,q2,perm,2040,0.005924731577441764
C-WEU-FRA,Zone_0A Extremely hot Humid,urb,q2,perm,2045,0.006359740176780449
C-WEU-FRA,Zone_0A Extremely hot Humid,urb,q2,perm,2050,0.006785787172400471
C-WEU-FRA,Zone_0A Extremely hot Humid,urb,q2,perm,2055,0.007201790727440063
C-WEU-FRA,Zone_0A Extremely hot Humid,urb,q2,perm,2060,0.007610424130654045
C-WEU-FRA,Zone_0A Extremely hot Humid,urb,q2,perm,2065,0.008015558586305972
C-WEU-FRA,Zone_0A Extremely hot Humid,urb,q2,perm,2070,0.008420310153137111
C-WEU-FRA,Zone_0A Extremely hot Humid,urb,q2,perm,2075,0.008830870562791065
C-WEU-FRA,Zone_0A Extremely hot Humid,urb,q2,perm,2080,0.009252302719910706
C-WEU-FRA,Zone_0A Extremely hot Humid,urb,q2,perm,2085,0.009680286572568303
C-WEU-FRA,Zone_0A Extremely hot Humid,urb,q2,perm,2090,0.010113371551405936
C-WEU-FRA,Zone_0A Extremely hot Humid,urb,q2,perm,2095,0.010556852543363904
C-WEU-FRA,Zone_0A Extremely hot Humid,urb,q2,perm,2100,0.0110199136660027
C-WEU-FRA,Zone_0A Extremely hot Humid,urb,q2,sub,2015,0.0
C-WEU-FRA,Zone_0A Extremely hot Humid,urb,q2,sub,2020,0.0
C-WEU-FRA,Zone_0A Extremely hot Humid,urb,q2,sub,2025,0.0
C-WEU-FRA,Zone_0A Extremely hot Humid,urb,q2,sub,2030,0.0
C-WEU-FRA,Zone_0A Extremely hot Humid,urb,q2,sub,2035,0.0
C-WEU-FRA,Zone_0A Extremely hot Humid,urb,q2,sub,2040,0.0
C-WEU-FRA,Zone_0A Extremely hot Humid,urb,q2,sub,2045,0.0
C-WEU-FRA,Zone_0A Extremely hot Humid,urb,q2,sub,2050,0.0
C-WEU-FRA,Zone_0A Extremely hot Humid,urb,q2,sub,2055,0.0
C-WEU-FRA,Zone_0A Extremely hot Humid,urb,q2,sub,2060,0.0
C-WEU-FRA,Zone_0A Extremely hot Humid,urb,q2,sub,2065,0.0
C-WEU-FRA,Zone_0A Extremely hot Humid,urb,q2,sub,2070,0.0
C-WEU-FRA,Zone_0A Extremely hot Humid,urb,q2,sub,2075,0.0
C-WEU-FRA,Zone_0A Extremely hot Humid,urb,q2,sub,2080,0.0
C-WEU-FRA,Zone_0A Extremely hot Humid,urb,q2,sub,2085,0.0
C-WEU-FRA,Zone_0A Extremely hot Humid,urb,q2,sub,2090,0.0
C-WEU-FRA,Zone_0A Extremely hot Humid,urb,q2,sub,2095,0.0
C-WEU-FRA,Zone_0A Extremely hot Humid,urb,q2,sub,2100,0.0
C-WEU-FRA,Zone_0A Extremely hot Humid,urb,q3,perm,2015,0.00404413725373101
C-WEU-FRA,Zone_0A Extremely hot Humid,urb,q3,perm,2020,0.00404413725373101
C-WEU-FRA,Zone_0A Extremely hot Humid,urb,q3,perm,2025,0.0045683537567163725
C-WEU-FRA,Zone_0A Extremely hot Humid,urb,q3,perm,2030,0.005032853963576193
C-WEU-FRA,Zone_0A Extremely hot Humid,urb,q3,perm,2035,0.0054819119027940165
C-WEU-FRA,Zone_0A Extremely hot Humid,urb,q3,perm,2040,0.005924731577441764
C-WEU-FRA,Zone_0A Extremely hot Humid,urb,q3,perm,2045,0.006359740176780449
C-WEU-FRA,Zone_0A Extremely hot Humid,urb,q3,perm,2050,0.006785787172400471
C-WEU-FRA,Zone_0A Extremely hot Humid,urb,q3,perm,2055,0.007201790727440063
C-WEU-FRA,Zone_0A Extremely hot Humid,urb,q3,perm,2060,0.007610424130654045
C-WEU-FRA,Zone_0A Extremely hot Humid,urb,q3,perm,2065,0.008015558586305972
C-WEU-FRA,Zone_0A Extremely hot Humid,urb,q3,perm,2070,0.008420310153137111
C-WEU-FRA,Zone_0A Extremely hot Humid,urb,q3,perm,2075,0.008830870562791065
C-WEU-FRA,Zone_0A Extremely hot Humid,urb,q3,perm,2080,0.009252302719910706
C-WEU-FRA,Zone_0A Extremely hot Humid,urb,q3,perm,2085,0.009680286572568303
C-WEU-FRA,Zone_0A Extremely hot Humid,urb,q3,perm,2090,0.010113371551405936
C-WEU-FRA,Zone_0A Extremely hot Humid,urb,q3,perm,2095,0.010556852543363904
C-WEU-FRA,Zone_0A Extremely hot Humid,urb,q3,perm,2100,0.0110199136660027
C-WEU-FRA,Zone_0A Extremely hot Humid,urb,q3,sub,2015,0.0
C-WEU-FRA,Zone_0A Extremely hot Humid,urb,q3,sub,2020,0.0
C-WEU-FRA,Zone_0A Extremely hot Humid,urb,q3,sub,2025,0.0
C-WEU-FRA,Zone_0A Extremely hot Humid,urb,q3,sub,2030,0.0
C-WEU-FRA,Zone_0A Extremely hot Humid,urb,q3,sub,2035,0.0
C-WEU-FRA,Zone_0A Extremely hot Humid,urb,q3,sub,2040,0.0
C-WEU-FRA,Zone_0A Extremely hot Humid,urb,q3,sub,2045,0.0
C-WEU-FRA,Zone_0A Extremely hot Humid,urb,q3,sub,2050,0.0
C-WEU-FRA,Zone_0A Extremely hot Humid,urb,q3,sub,2055,0.0
C-WEU-FRA,Zone_0A Extremely hot Humid,urb,q3,sub,2060,0.0
C-WEU-FRA,Zone_0A Extremely hot Humid,urb,q3,sub,2065,0.0
C-WEU-FRA,Zone_0A Extremely hot Humid,urb,q3,sub,2070,0.0
C-WEU-FRA,Zone_0A Extremely hot Humid,urb,q3,sub,2075,0.0
C-WEU-FRA,Zone_0A Extremely hot Humid,urb,q3,sub,2080,0.0
C-WEU-FRA,Zone_0A Extremely hot Humid,urb,q3,sub,2085,0.0
C-WEU-FRA,Zone_0A Extremely hot Humid,urb,q3,sub,2090,0.0
C-WEU-FRA,Zone_0A Extremely hot Humid,urb,q3,sub,2095,0.0
C-WEU-FRA,Zone_0A Extremely hot Humid,urb,q3,sub,2100,0.0
C-WEU-FRA,Zone_1A Very hot Humid,rur,q1,perm,2015,0.014682148868340763
C-WEU-FRA,Zone_1A Very hot Humid,rur,q1,perm,2020,0.014682148868340763
C-WEU-FRA,Zone_1A Very hot Humid,rur,q1,perm,2025,0.01432914993475021
C-WEU-FRA,Zone_1A Very hot Humid,rur,q1,perm,2030,0.014005452889701375
C-WEU-FRA,Zone_1A Very hot Humid,rur,q1,perm,2035,0.013728861176048067
C-WEU-FRA,Zone_1A Very hot Humid,rur,q1,perm,2040,0.013486743346405492
C-WEU-FRA,Zone_1A Very hot Humid,rur,q1,perm,2045,0.013259172403419402
C-WEU-FRA,Zone_1A Very hot Humid,rur,q1,perm,2050,0.013064264955705378
C-WEU-FRA,Zone_1A Very hot Humid,rur,q1,perm,2055,0.012901344784578123
C-WEU-FRA,Zone_1A Very hot Humid,rur,q1,perm,2060,0.012773328730942404
C-WEU-FRA,Zone_1A Very hot Humid,rur,q1,perm,2065,0.012685040787811063
C-WEU-FRA,Zone_1A Very hot Humid,rur,q1,perm,2070,0.012646712575908076
C-WEU-FRA,Zone_1A Very hot Humid,rur,q1,perm,2075,0.012665537765924877
C-WEU-FRA,Zone_1A Very hot Humid,rur,q1,perm,2080,0.012738208673331673
C-WEU-FRA,Zone_1A Very hot Humid,rur,q1,perm,2085,0.01284936287008982
C-WEU-FRA,Zone_1A Very hot Humid,rur,q1,perm,2090,0.012993064782048895
C-WEU-FRA,Zone_1A Very hot Humid,rur,q1,perm,2095,0.013168964224208844
C-WEU-FRA,Zone_1A Very hot Humid,rur,q1,perm,2100,0.013364516927247636
C-WEU-FRA,Zone_1A Very hot Humid,rur,q1,sub,2015,0.0
C-WEU-FRA,Zone_1A Very hot Humid,rur,q1,sub,2020,0.0
C-WEU-FRA,Zone_1A Very hot Humid,rur,q1,sub,2025,0.0
C-WEU-FRA,Zone_1A Very hot Humid,rur,q1,sub,2030,0.0
C-WEU-FRA,Zone_1A Very hot Humid,rur,q1,sub,2035,0.0
C-WEU-FRA,Zone_1A Very hot Humid,rur,q1,sub,2040,0.0
C-WEU-FRA,Zone_1A Very hot Humid,rur,q1,sub,2045,0.0
C-WEU-FRA,Zone_1A Very hot Humid,rur,q1,sub,2050,0.0
C-WEU-FRA,Zone_1A Very hot Humid,rur,q1,sub,2055,0.0
C-WEU-FRA,Zone_1A Very hot Humid,rur,q1,sub,2060,0.0
C-WEU-FRA,Zone_1A Very hot Humid,rur,q1,sub,2065,0.0
C-WEU-FRA,Zone_1A Very hot Humid,rur,q1,sub,2070,0.0
C-WEU-FRA,Zone_1A Very hot Humid,rur,q1,sub,2075,0.0
C-WEU-FRA,Zone_1A Very hot Humid,rur,q1,sub,2080,0.0
C-WEU-FRA,Zone_1A Very hot Humid,rur,q1,sub,2085,0.0
C-WEU-FRA,Zone_1A Very hot Humid,rur,q1,sub,2090,0.0
C-WEU-FRA,Zone_1A Very hot Humid,rur,q1,sub,2095,0.0
C-WEU-FRA,Zone_1A Very hot Humid,rur,q1,sub,2100,0.0
C-WEU-FRA,Zone_1A Very hot Humid,rur,q2,perm,2015,0.014682148868340763
C-WEU-FRA,Zone_1A Very hot Humid,rur,q2,perm,2020,0.014682148868340763
C-WEU-FRA,Zone_1A Very hot Humid,rur,q2,perm,2025,0.01432914993475021
C-WEU-FRA,Zone_1A Very hot Humid,rur,q2,perm,2030,0.014005452889701375
C-WEU-FRA,Zone_1A Very hot Humid,rur,q2,perm,2035,0.013728861176048067
C-WEU-FRA,Zone_1A Very hot Humid,rur,q2,perm,2040,0.013486743346405492
C-WEU-FRA,Zone_1A Very hot Humid,rur,q2,perm,2045,0.013259172403419402
C-WEU-FRA,Zone_1A Very hot Humid,rur,q2,perm,2050,0.013064264955705378
C-WEU-FRA,Zone_1A Very hot Humid,rur,q2,perm,2055,0.012901344784578123
C-WEU-FRA,Zone_1A Very hot Humid,rur,q2,perm,2060,0.012773328730942404
C-WEU-FRA,Zone_1A Very hot Humid,rur,q2,perm,2065,0.012685040787811063
C-WEU-FRA,Zone_1A Very hot Humid,rur,q2,perm,2070,0.012646712575908076
C-WEU-FRA,Zone_1A Very hot Humid,rur,q2,perm,2075,0.012665537765924877
C-WEU-FRA,Zone_1A Very hot Humid,rur,q2,perm,2080,0.012738208673331673
C-WEU-FRA,Zone_1A Very hot Humid,rur,q2,perm,2085,0.01284936287008982
C-WEU-FRA,Zone_1A Very hot Humid,rur,q2,perm,2090,0.012993064782048895
C-WEU-FRA,Zone_1A Very hot Humid,rur,q2,perm,2095,0.013168964224208844
C-WEU-FRA,Zone_1A Very hot Humid,rur,q2,perm,2100,0.013364516927247636
C-WEU-FRA,Zone_1A Very hot Humid,rur,q2,sub,2015,0.0
C-WEU-FRA,Zone_1A Very hot Humid,rur,q2,sub,2020,0.0
C-WEU-FRA,Zone_1A Very hot Humid,rur,q2,sub,2025,0.0
C-WEU-FRA,Zone_1A Very hot Humid,rur,q2,sub,2030,0.0
C-WEU-FRA,Zone_1A Very hot Humid,rur,q2,sub,2035,0.0
C-WEU-FRA,Zone_1A Very hot Humid,rur,q2,sub,2040,0.0
C-WEU-FRA,Zone_1A Very hot Humid,rur,q2,sub,2045,0.0
C-WEU-FRA,Zone_1A Very hot Humid,rur,q2,sub,2050,0.0
C-WEU-FRA,Zone_1A Very hot Humid,rur,q2,sub,2055,0.0
C-WEU-FRA,Zone_1A Very hot Humid,rur,q2,sub,2060,0.0
C-WEU-FRA,Zone_1A Very hot Humid,rur,q2,sub,2065,0.0
C-WEU-FRA,Zone_1A Very hot Humid,rur,q2,sub,2070,0.0
C-WEU-FRA,Zone_1A Very hot Humid,rur,q2,sub,2075,0.0
C-WEU-FRA,Zone_1A Very hot Humid,rur,q2,sub,2080,0.0
C-WEU-FRA,Zone_1A Very hot Humid,rur,q2,sub,2085,0.0
C-WEU-FRA,Zone_1A Very hot Humid,rur,q2,sub,2090,0.0
C-WEU-FRA,Zone_1A Very hot Humid,rur,q2,sub,2095,0.0
C-WEU-FRA,Zone_1A Very hot Humid,rur,q2,sub,2100,0.0
C-WEU-FRA,Zone_1A Very hot Humid,rur,q3,perm,2015,0.014682148868340763
C-WEU-FRA,Zone_1A Very hot Humid,rur,q3,perm,2020,0.014682148868340763
C-WEU-FRA,Zone_1A Very hot Humid,rur,q3,perm,2025,0.01432914993475021
C-WEU-FRA,Zone_1A Very hot Humid,rur,q3,perm,2030,0.014005452889701375
C-WEU-FRA,Zone_1A Very hot Humid,rur,q3,perm,2035,0.013728861176048067
C-WEU-FRA,Zone_1A Very hot Humid,rur,q3,perm,2040,0.013486743346405492
C-WEU-FRA,Zone_1A Very hot Humid,rur,q3,perm,2045,0.013259172403419402
C-WEU-FRA,Zone_1A Very hot Humid,rur,q3,perm,2050,0.013064264955705378
C-WEU-FRA,Zone_1A Very hot Humid,rur,q3,perm,2055,0.012901344784578123
C-WEU-FRA,Zone_1A Very hot Humid,rur,q3,perm,2060,0.012773328730942404
C-WEU-FRA,Zone_1A Very hot Humid,rur,q3,perm,2065,0.012685040787811063
C-WEU-FRA,Zone_1A Very hot Humid,rur,q3,perm,2070,0.012646712575908076
C-WEU-FRA,Zone_1A Very hot Humid,rur,q3,perm,2075,0.012665537765924877
C-WEU-FRA,Zone_1A Very hot Humid,rur,q3,perm,2080,0.012738208673331673
C-WEU-FRA,Zone_1A Very hot Humid,rur,q3,perm,2085,0.01284936287008982
C-WEU-FRA,Zone_1A Very hot Humid,rur,q3,perm,2090,0.012993064782048895
C-WEU-FRA,Zone_1A Very hot Humid,rur,q3,perm,2095,0.013168964224208844
C-WEU-FRA,Zone_1A Very hot Humid,rur,q3,perm,2100,0.013364516927247636
C-WEU-FRA,Zone_1A Very hot Humid,rur,q3,sub,2015,0.0
C-WEU-FRA,Zone_1A Very hot Humid,rur,q3,sub,2020,0.0
C-WEU-FRA,Zone_1A Very hot Humid,rur,q3,sub,2025,0.0
C-WEU-FRA,Zone_1A Very hot Humid,rur,q3,sub,2030,0.0
C-WEU-FRA,Zone_1A Very hot Humid,rur,q3,sub,2035,0.0
C-WEU-FRA,Zone_1A Very hot Humid,rur,q3,sub,2040,0.0
C-WEU-FRA,Zone_1A Very hot Humid,rur,q3,sub,2045,0.0
C-WEU-FRA,Zone_1A Very hot Humid,rur,q3,sub,2050,0.0
C-WEU-FRA,Zone_1A Very hot Humid,rur,q3,sub,2055,0.0
C-WEU-FRA,Zone_1A Very hot Humid,rur,q3,sub,2060,0.0
C-WEU-FRA,Zone_1A Very hot Humid,rur,q3,sub,2065,0.0
C-WEU-FRA,Zone_1A Very hot Humid,rur,q3,sub,2070,0.0
C-WEU-FRA,Zone_1A Very hot Humid,rur,q3,sub,2075,0.0
C-WEU-FRA,Zone_1A Very hot Humid,rur,q3,sub,2080,0.0
C-WEU-FRA,Zone_1A Very hot Humid,rur,q3,sub,2085,0.0
C-WEU-FRA,Zone_1A Very hot Humid,rur,q3,sub,2090,0.0
C-WEU-FRA,Zone_1A Very hot Humid,rur,q3,sub,2095,0.0
C-WEU-FRA,Zone_1A Very hot Humid,rur,q3,sub,2100,0.0
C-WEU-FRA,Zone_1A Very hot Humid,urb,q1,perm,2015,0.014437372006390604
C-WEU-FRA,Zone_1A Very hot Humid,urb,q1,perm,2020,0.014437372006390604
C-WEU-FRA,Zone_1A Very hot Humid,urb,q1,perm,2025,0.01408745827209612
C-WEU-FRA,Zone_1A Very hot Humid,urb,q1,perm,2030,0.013766421004596817
C-WEU-FRA,Zone_1A Very hot Humid,urb,q1,perm,2035,0.01349094776017215
C-WEU-FRA,Zone_1A Very hot Humid,urb,q1,perm,2040,0.013249651600293072
C-WEU-FRA,Zone_1A Very hot Humid,urb,q1,perm,2045,0.01302351035202989
C-WEU-FRA,Zone_1A Very hot Humid,urb,q1,perm,2050,0.012829982944134375
C-WEU-FRA,Zone_1A Very hot Humid,urb,q1,perm,2055,0.012668030944332671
C-WEU-FRA,Zone_1A Very hot Humid,urb,q1,perm,2060,0.012540355871810741
C-WEU-FRA,Zone_1A Very hot Humid,urb,q1,perm,2065,0.012451691419482967
C-WEU-FRA,Zone_1A Very hot Humid,urb,q1,perm,2070,0.012412109827008565
C-WEU-FRA,Zone_1A Very hot Humid,urb,q1,perm,2075,0.012428741826247286
C-WEU-FRA,Zone_1A Very hot Humid,urb,q1,perm,2080,0.012498504469780703
C-WEU-FRA,Zone_1A Very hot Humid,urb,q1,perm,2085,0.012606544588005088
C-WEU-FRA,Zone_1A Very hot Humid,urb,q1,perm,2090,0.01274744288921122
C-WEU-FRA,Zone_1A Very hot Humid,urb,q1,perm,2095,0.012920930787272288
C-WEU-FRA,Zone_1A Very hot Humid,urb,q1,perm,2100,0.013114358494294901
C-WEU-FRA,Zone_1A Very hot Humid,urb,q1,sub,2015,0.0
C-WEU-FRA,Zone_1A Very hot Humid,urb,q1,sub,2020,0.0
C-WEU-FRA,Zone_1A Very hot Humid,urb,q1,sub,2025,0.0
C-WEU-FRA,Zone_1A Very hot Humid,urb,q1,sub,2030,0.0
C-WEU-FRA,Zone_1A Very hot Humid,urb,q1,sub,2035,0.0
C-WEU-FRA,Zone_1A Very hot Humid,urb,q1,sub,2040,0.0
C-WEU-FRA,Zone_1A Very hot Humid,urb,q1,sub,2045,0.0
C-WEU-FRA,Zone_1A Very hot Humid,urb,q1,sub,2050,0.0
C-WEU-FRA,Zone_1A Very hot Humid,urb,q1,sub,2055,0.0
C-WEU-FRA,Zone_1A Very hot Humid,urb,q1,sub,2060,0.0
C-WEU-FRA,Zone_1A Very hot Humid,urb,q1,sub,2065,0.0
C-WEU-FRA,Zone_1A Very hot Humid,urb,q1,sub,2070,0.0
C-WEU-FRA,Zone_1A Very hot Humid,urb,q1,sub,2075,0.0
C-WEU-FRA,Zone_1A Very hot Humid,urb,q1,sub,2080,0.0
C-WEU-FRA,Zone_1A Very hot Humid,urb,q1,sub,2085,0.0
C-WEU-FRA,Zone_1A Very hot Humid,urb,q1,sub,2090,0.0
C-WEU-FRA,Zone_1A Very hot Humid,urb,q1,sub,2095,0.0
C-WEU-FRA,Zone_1A Very hot Humid,urb,q1,sub,2100,0.0
C-WEU-FRA,Zone_1A Very hot Humid,urb,q2,perm,2015,0.014437372006390604
C-WEU-FRA,Zone_1A Very hot Humid,urb,q2,perm,2020,0.014437372006390604
C-WEU-FRA,Zone_1A Very hot Humid,urb,q2,perm,2025,0.01408745827209612
C-WEU-FRA,Zone_1A Very hot Humid,urb,q2,perm,2030,0.013766421004596817
C-WEU-FRA,Zone_1A Very hot Humid,urb,q2,perm,2035,0.01349094776017215
C-WEU-FRA,Zone_1A Very hot Humid,urb,q2,perm,2040,0.013249651600293072
C-WEU-FRA,Zone_1A Very hot Humid,urb,q2,perm,2045,0.01302351035202989
C-WEU-FRA,Zone_1A Very hot Humid,urb,q2,perm,2050,0.012829982944134375
C-WEU-FRA,Zone_1A Very hot Humid,urb,q2,perm,2055,0.012668030944332671
C-WEU-FRA,Zone_1A Very hot Humid,urb,q2,perm,2060,0.012540355871810741
C-WEU-FRA,Zone_1A Very hot Humid,urb,q2,perm,2065,0.012451691419482967
C-WEU-FRA,Zone_1A Very hot Humid,urb,q2,perm,2070,0.012412109827008565
C-WEU-FRA,Zone_1A Very hot Humid,urb,q2,perm,2075,0.012428741826247286
C-WEU-FRA,Zone_1A Very hot Humid,urb,q2,perm,2080,0.012498504469780703
C-WEU-FRA,Zone_1A Very hot Humid,urb,q2,perm,2085,0.012606544588005088
C-WEU-FRA,Zone_1A Very hot Humid,urb,q2,perm,2090,0.01274744288921122
C-WEU-FRA,Zone_1A Very hot Humid,urb,q2,perm,2095,0.012920930787272288
C-WEU-FRA,Zone_1A Very hot Humid,urb,q2,perm,2100,0.013114358494294901
C-WEU-FRA,Zone_1A Very hot Humid,urb,q2,sub,2015,0.0
C-WEU-FRA,Zone_1A Very hot Humid,urb,q2,sub,2020,0.0
C-WEU-FRA,Zone_1A Very hot Humid,urb,q2,sub,2025,0.0
C-WEU-FRA,Zone_1A Very hot Humid,urb,q2,sub,2030,0.0
C-WEU-FRA,Zone_1A Very hot Humid,urb,q2,sub,2035,0.0
C-WEU-FRA,Zone_1A Very hot Humid,urb,q2,sub,2040,0.0
C-WEU-FRA,Zone_1A Very hot Humid,urb,q2,sub,2045,0.0
C-WEU-FRA,Zone_1A Very hot Humid,urb,q2,sub,2050,0.0
C-WEU-FRA,Zone_1A Very hot Humid,urb,q2,sub,2055,0.0
C-WEU-FRA,Zone_1A Very hot Humid,urb,q2,sub,2060,0.0
C-WEU-FRA,Zone_1A Very hot Humid,urb,q2,sub,2065,0.0
C-WEU-FRA,Zone_1A Very hot Humid,urb,q2,sub,2070,0.0
C-WEU-FRA,Zone_1A Very hot Humid,urb,q2,sub,2075,0.0
C-WEU-FRA,Zone_1A Very hot Humid,urb,q2,sub,2080,0.0
C-WEU-FRA,Zone_1A Very hot Humid,urb,q2,sub,2085,0.0
C-WEU-FRA,Zone_1A Very hot Humid,urb,q2,sub,2090,0.0
C-WEU-FRA,Zone_1A Very hot Humid,urb,q2,sub,2095,0.0
C-WEU-FRA,Zone_1A Very hot Humid,urb,q2,sub,2100,0.0
C-WEU-FRA,Zone_1A Very hot Humid,urb,q3,perm,2015,0.014437372006390604
C-WEU-FRA,Zone_1A Very hot Humid,urb,q3,perm,2020,0.014437372006390604
C-WEU-FRA,Zone_1A Very hot Humid,urb,q3,perm,2025,0.01408745827209612
C-WEU-FRA,Zone_1A Very hot Humid,urb,q3,perm,2030,0.013766421004596817
C-WEU-FRA,Zone_1A Very hot Humid,urb,q3,perm,2035,0.01349094776017215
C-WEU-FRA,Zone_1A Very hot Humid,urb,q3,perm,2040,0.013249651600293072
C-WEU-FRA,Zone_1A Very hot Humid,urb,q3,perm,2045,0.01302351035202989
C-WEU-FRA,Zone_1A Very hot Humid,urb,q3,perm,2050,0.012829982944134375
C-WEU-FRA,Zone_1A Very hot Humid,urb,q3,perm,2055,0.012668030944332671
C-WEU-FRA,Zone_1A Very hot Humid,urb,q3,perm,2060,0.012540355871810741
C-WEU-FRA,Zone_1A Very hot Humid,urb,q3,perm,2065,0.012451691419482967
C-WEU-FRA,Zone_1A Very hot Humid,urb,q3,perm,2070,0.012412109827008565
C-WEU-FRA,Zone_1A Very hot Humid,urb,q3,perm,2075,0.012428741826247286
C-WEU-FRA,Zone_1A Very hot Humid,urb,q3,perm,2080,0.012498504469780703
C-WEU-FRA,Zone_1A Very hot Humid,urb,q3,perm,2085,0.012606544588005088
C-WEU-FRA,Zone_1A Very hot Humid,urb,q3,perm,2090,0.01274744288921122
C-WEU-FRA,Zone_1A Very hot Humid,urb,q3,perm,2095,0.012920930787272288
C-WEU-FRA,Zone_1A Very hot Humid,urb,q3,perm,2100,0.013114358494294901
C-WEU-FRA,Zone_1A Very hot Humid,urb,q3,sub,2015,0.0
C-WEU-FRA,Zone_1A Very hot Humid,urb,q3,sub,2020,0.0
C-WEU-FRA,Zone_1A Very hot Humid,urb,q3,sub,2025,0.0
C-WEU-FRA,Zone_1A Very hot Humid,urb,q3,sub,2030,0.0
C-WEU-FRA,Zone_1A Very hot Humid,urb,q3,sub,2035,0.0
C-WEU-FRA,Zone_1A Very hot Humid,urb,q3,sub,2040,0.0
C-WEU-FRA,Zone_1A Very hot Humid,urb,q3,sub,2045,0.0
C-WEU-FRA,Zone_1A Very hot Humid,urb,q3,sub,2050,0.0
C-WEU-FRA,Zone_1A Very hot Humid,urb,q3,sub,2055,0.0
C-WEU-FRA,Zone_1A Very hot Humid,urb,q3,sub,2060,0.0
C-WEU-FRA,Zone_1A Very hot Humid,urb,q3,sub,2065,0.0
C-WEU-FRA,Zone_1A Very hot Humid,urb,q3,sub,2070,0.0
C-WEU-FRA,Zone_1A Very hot Humid,urb,q3,sub,2075,0.0
C-WEU-FRA,Zone_1A Very hot Humid,urb,q3,sub,2080,0.0
C-WEU-FRA,Zone_1A Very hot Humid,urb,q3,sub,2085,0.0
C-WEU-FRA,Zone_1A Very hot Humid,urb,q3,sub,2090,0.0
C-WEU-FRA,Zone_1A Very hot Humid,urb,q3,sub,2095,0.0
C-WEU-FRA,Zone_1A Very hot Humid,urb,q3,sub,2100,0.0
C-WEU-FRA,Zone_2A Hot Humid,rur,q1,perm,2015,0.011293668358591955
C-WEU-FRA,Zone_2A Hot Humid,rur,q1,perm,2020,0.011293668358591955
C-WEU-FRA,Zone_2A Hot Humid,rur,q1,perm,2025,0.011313364761165972
C-WEU-FRA,Zone_2A Hot Humid,rur,q1,perm,2030,0.011286845866359642
C-WEU-FRA,Zone_2A Hot Humid,rur,q1,perm,2035,0.01125466926216745
C-WEU-FRA,Zone_2A Hot Humid,rur,q1,perm,2040,0.011222509953348513
C-WEU-FRA,Zone_2A Hot Humid,rur,q1,perm,2045,0.011178267539091118
C-WEU-FRA,Zone_2A Hot Humid,rur,q1,perm,2050,0.011127127854855326
C-WEU-FRA,Zone_2A Hot Humid,rur,q1,perm,2055,0.011073483430451277
C-WEU-FRA,Zone_2A Hot Humid,rur,q1,perm,2060,0.011028017410733849
C-WEU-FRA,Zone_2A Hot Humid,rur,q1,perm,2065,0.010996402613319184
C-WEU-FRA,Zone_2A Hot Humid,rur,q1,perm,2070,0.01098255796686405
C-WEU-FRA,Zone_2A Hot Humid,rur,q1,perm,2075,0.010986503011830689
C-WEU-FRA,Zone_2A Hot Humid,rur,q1,perm,2080,0.011006948632796953
C-WEU-FRA,Zone_2A Hot Humid,rur,q1,perm,2085,0.011042631415336963
C-WEU-FRA,Zone_2A Hot Humid,rur,q1,perm,2090,0.011089328506324206
C-WEU-FRA,Zone_2A Hot Humid,rur,q1,perm,2095,0.011145887668549535
C-WEU-FRA,Zone_2A Hot Humid,rur,q1,perm,2100,0.01120856819205021
C-WEU-FRA,Zone_2A Hot Humid,rur,q1,sub,2015,0.0
C-WEU-FRA,Zone_2A Hot Humid,rur,q1,sub,2020,0.0
C-WEU-FRA,Zone_2A Hot Humid,rur,q1,sub,2025,0.0
C-WEU-FRA,Zone_2A Hot Humid,rur,q1,sub,2030,0.0
C-WEU-FRA,Zone_2A Hot Humid,rur,q1,sub,2035,0.0
C-WEU-FRA,Zone_2A Hot Humid,rur,q1,sub,2040,0.0
C-WEU-FRA,Zone_2A Hot Humid,rur,q1,sub,2045,0.0
C-WEU-FRA,Zone_2A Hot Humid,rur,q1,sub,2050,0.0
C-WEU-FRA,Zone_2A Hot Humid,rur,q1,sub,2055,0.0
C-WEU-FRA,Zone_2A Hot Humid,rur,q1,sub,2060,0.0
C-WEU-FRA,Zone_2A Hot Humid,rur,q1,sub,2065,0.0
C-WEU-FRA,Zone_2A Hot Humid,rur,q1,sub,2070,0.0
C-WEU-FRA,Zone_2A Hot Humid,rur,q1,sub,2075,0.0
C-WEU-FRA,Zone_2A Hot Humid,rur,q1,sub,2080,0.0
C-WEU-FRA,Zone_2A Hot Humid,rur,q1,sub,2085,0.0
C-WEU-FRA,Zone_2A Hot Humid,rur,q1,sub,2090,0.0
C-WEU-FRA,Zone_2A Hot Humid,rur,q1,sub,2095,0.0
C-WEU-FRA,Zone_2A Hot Humid,rur,q1,sub,2100,0.0
C-WEU-FRA,Zone_2A Hot Humid,rur,q2,perm,2015,0.011293668358591955
C-WEU-FRA,Zone_2A Hot Humid,rur,q2,perm,2020,0.011293668358591955
C-WEU-FRA,Zone_2A Hot Humid,rur,q2,perm,2025,0.011313364761165972
C-WEU-FRA,Zone_2A Hot Humid,rur,q2,perm,2030,0.011286845866359642
C-WEU-FRA,Zone_2A Hot Humid,rur,q2,perm,2035,0.01125466926216745
C-WEU-FRA,Zone_2A Hot Humid,rur,q2,perm,2040,0.011222509953348513
C-WEU-FRA,Zone_2A Hot Humid,rur,q2,perm,2045,0.011178267539091118
C-WEU-FRA,Zone_2A Hot Humid,rur,q2,perm,2050,0.011127127854855326
C-WEU-FRA,Zone_2A Hot Humid,rur,q2,perm,2055,0.011073483430451277
C-WEU-FRA,Zone_2A Hot Humid,rur,q2,perm,2060,0.011028017410733849
C-WEU-FRA,Zone_2A Hot Humid,rur,q2,perm,2065,0.010996402613319184
C-WEU-FRA,Zone_2A Hot Humid,rur,q2,perm,2070,0.01098255796686405
C-WEU-FRA,Zone_2A Hot Humid,rur,q2,perm,2075,0.010986503011830689
C-WEU-FRA,Zone_2A Hot Humid,rur,q2,perm,2080,0.011006948632796953
C-WEU-FRA,Zone_2A Hot Humid,rur,q2,perm,2085,0.011042631415336963
C-WEU-FRA,Zone_2A Hot Humid,rur,q2,perm,2090,0.011089328506324206
C-WEU-FRA,Zone_2A Hot Humid,rur,q2,perm,2095,0.011145887668549535
C-WEU-FRA,Zone_2A Hot Humid,rur,q2,perm,2100,0.01120856819205021
C-WEU-FRA,Zone_2A Hot Humid,rur,q2,sub,2015,0.0
C-WEU-FRA,Zone_2A Hot Humid,rur,q2,sub,2020,0.0
C-WEU-FRA,Zone_2A Hot Humid,rur,q2,sub,2025,0.0
C-WEU-FRA,Zone_2A Hot Humid,rur,q2,sub,2030,0.0
C-WEU-FRA,Zone_2A Hot Humid,rur,q2,sub,2035,0.0
C-WEU-FRA,Zone_2A Hot Humid,rur,q2,sub,2040,0.0
C-WEU-FRA,Zone_2A Hot Humid,rur,q2,sub,2045,0.0
C-WEU-FRA,Zone_2A Hot Humid,rur,q2,sub,2050,0.0
C-WEU-FRA,Zone_2A Hot Humid,rur,q2,sub,2055,0.0
C-WEU-FRA,Zone_2A Hot Humid,rur,q2,sub,2060,0.0
C-WEU-FRA,Zone_2A Hot Humid,rur,q2,sub,2065,0.0
C-WEU-FRA,Zone_2A Hot Humid,rur,q2,sub,2070,0.0
C-WEU-FRA,Zone_2A Hot Humid,rur,q2,sub,2075,0.0
C-WEU-FRA,Zone_2A Hot Humid,rur,q2,sub,2080,0.0
C-WEU-FRA,Zone_2A Hot Humid,rur,q2,sub,2085,0.0
C-WEU-FRA,Zone_2A Hot Humid,rur,q2,sub,2090,0.0
C-WEU-FRA,Zone_2A Hot Humid,rur,q2,sub,2095,0.0
C-WEU-FRA,Zone_2A Hot Humid,rur,q2,sub,2100,0.0
C-WEU-FRA,Zone_2A Hot Humid,rur,q3,perm,2015,0.011293668358591955
C-WEU-FRA,Zone_2A Hot Humid,rur,q3,perm,2020,0.011293668358591955
C-WEU-FRA,Zone_2A Hot Humid,rur,q3,perm,2025,0.011313364761165972
C-WEU-FRA,Zone_2A Hot Humid,rur,q3,perm,2030,0.011286845866359642
C-WEU-FRA,Zone_2A Hot Humid,rur,q3,perm,2035,0.01125466926216745
C-WEU-FRA,Zone_2A Hot Humid,rur,q3,perm,2040,0.011222509953348513
C-WEU-FRA,Zone_2A Hot Humid,rur,q3,perm,2045,0.011178267539091118
C-WEU-FRA,Zone_2A Hot Humid,rur,q3,perm,2050,0.011127127854855326
C-WEU-FRA,Zone_2A Hot Humid,rur,q3,perm,2055,0.011073483430451277
C-WEU-FRA,Zone_2A Hot Humid,rur,q3,perm,2060,0.011028017410733849
C-WEU-FRA,Zone_2A Hot Humid,rur,q3,perm,2065,0.010996402613319184
C-WEU-FRA,Zone_2A Hot Humid,rur,q3,perm,2070,0.01098255796686405
C-WEU-FRA,Zone_2A Hot Humid,rur,q3,perm,2075,0.010986503011830689
C-WEU-FRA,Zone_2A Hot Humid,rur,q3,perm,2080,0.011006948632796953
C-WEU-FRA,Zone_2A Hot Humid,rur,q3,perm,2085,0.011042631415336963
C-WEU-FRA,Zone_2A Hot Humid,rur,q3,perm,2090,0.011089328506324206
C-WEU-FRA,Zone_2A Hot Humid,rur,q3,perm,2095,0.011145887668549535
C-WEU-FRA,Zone_2A Hot Humid,rur,q3,perm,2100,0.01120856819205021
C-WEU-FRA,Zone_2A Hot Humid,rur,q3,sub,2015,0.0
C-WEU-FRA,Zone_2A Hot Humid,rur,q3,sub,2020,0.0
C-WEU-FRA,Zone_2A Hot Humid,rur,q3,sub,2025,0.0
C-WEU-FRA,Zone_2A Hot Humid,rur,q3,sub,2030,0.0
C-WEU-FRA,Zone_2A Hot Humid,rur,q3,sub,2035,0.0
C-WEU-FRA,Zone_2A Hot Humid,rur,q3,sub,2040,0.0
C-WEU-FRA,Zone_2A Hot Humid,rur,q3,sub,2045,0.0
C-WEU-FRA,Zone_2A Hot Humid,rur,q3,sub,2050,0.0
C-WEU-FRA,Zone_2A Hot Humid,rur,q3,sub,2055,0.0
C-WEU-FRA,Zone_2A Hot Humid,rur,q3,sub,2060,0.0
C-WEU-FRA,Zone_2A Hot Humid,rur,q3,sub,2065,0.0
C-WEU-FRA,Zone_2A Hot Humid,rur,q3,sub,2070,0.0
C-WEU-FRA,Zone_2A Hot Humid,rur,q3,sub,2075,0.0
C-WEU-FRA,Zone_2A Hot Humid,rur,q3,sub,2080,0.0
C-WEU-FRA,Zone_2A Hot Humid,rur,q3,sub,2085,0.0
C-WEU-FRA,Zone_2A Hot Humid,rur,q3,sub,2090,0.0
C-WEU-FRA,Zone_2A Hot Humid,rur,q3,sub,2095,0.0
C-WEU-FRA,Zone_2A Hot Humid,rur,q3,sub,2100,0.0
C-WEU-FRA,Zone_2A Hot Humid,urb,q1,perm,2015,0.011105383338087702
C-WEU-FRA,Zone_2A Hot Humid,urb,q1,perm,2020,0.011105383338087702
C-WEU-FRA,Zone_2A Hot Humid,urb,q1,perm,2025,0.011122540744961966
C-WEU-FRA,Zone_2A Hot Humid,urb,q1,perm,2030,0.011094212606616612
C-WEU-FRA,Zone_2A Hot Humid,urb,q1,perm,2035,0.011059632195772785
C-WEU-FRA,Zone_2A Hot Humid,urb,q1,perm,2040,0.011025222556957705
C-WEU-FRA,Zone_2A Hot Humid,urb,q1,perm,2045,0.010979590473955156
C-WEU-FRA,Zone_2A Hot Humid,urb,q1,perm,2050,0.010927584604187789
C-WEU-FRA,Zone_2A Hot Humid,urb,q1,perm,2055,0.01087322547384342
C-WEU-FRA,Zone_2A Hot Humid,urb,q1,perm,2060,0.010826877300677112
C-WEU-FRA,Zone_2A Hot Humid,urb,q1,perm,2065,0.010794116814903372
C-WEU-FRA,Zone_2A Hot Humid,urb,q1,perm,2070,0.01077882610583615
C-WEU-FRA,Zone_2A Hot Humid,urb,q1,perm,2075,0.010781098444528665
C-WEU-FRA,Zone_2A Hot Humid,urb,q1,perm,2080,0.010799822817604823
C-WEU-FRA,Zone_2A Hot Humid,urb,q1,perm,2085,0.010833955481979308
C-WEU-FRA,Zone_2A Hot Humid,urb,q1,perm,2090,0.010879694990005141
C-WEU-FRA,Zone_2A Hot Humid,urb,q1,perm,2095,0.010935958263391212
C-WEU-FRA,Zone_2A Hot Humid,urb,q1,perm,2100,0.010998765034193392
C-WEU-FRA,Zone_2A Hot Humid,urb,q1,sub,2015,0.0
C-WEU-FRA,Zone_2A Hot Humid,urb,q1,sub,2020,0.0
C-WEU-FRA,Zone_2A Hot Humid,urb,q1,sub,2025,0.0
C-WEU-FRA,Zone_2A Hot Humid,urb,q1,sub,2030,0.0
C-WEU-FRA,Zone_2A Hot Humid,urb,q1,sub,2035,0.0
C-WEU-FRA,Zone_2A Hot Humid,urb,q1,sub,2040,0.0
C-WEU-FRA,Zone_2A Hot Humid,urb,q1,sub,2045,0.0
C-WEU-FRA,Zone_2A Hot Humid,urb,q1,sub,2050,0.0
C-WEU-FRA,Zone_2A Hot Humid,urb,q1,sub,2055,0.0
C-WEU-FRA,Zone_2A Hot Humid,urb,q1,sub,2060,0.0
C-WEU-FRA,Zone_2A Hot Humid,urb,q1,sub,2065,0.0
C-WEU-FRA,Zone_2A Hot Humid,urb,q1,sub,2070,0.0
C-WEU-FRA,Zone_2A Hot Humid,urb,q1,sub,2075,0.0
C-WEU-FRA,Zone_2A Hot Humid,urb,q1,sub,2080,0.0
C-WEU-FRA,Zone_2A Hot Humid,urb,q1,sub,2085,0.0
C-WEU-FRA,Zone_2A Hot Humid,urb,q1,sub,2090,0.0
C-WEU-FRA,Zone_2A Hot Humid,urb,q1,sub,2095,0.0
C-WEU-FRA,Zone_2A Hot Humid,urb,q1,sub,2100,0.0
C-WEU-FRA,Zone_2A Hot Humid,urb,q2,perm,2015,0.011105383338087702
C-WEU-FRA,Zone_2A Hot Humid,urb,q2,perm,2020,0.011105383338087702
C-WEU-FRA,Zone_2A Hot Humid,urb,q2,perm,2025,0.011122540744961966
C-WEU-FRA,Zone_2A Hot Humid,urb,q2,perm,2030,0.011094212606616612
C-WEU-FRA,Zone_2A Hot Humid,urb,q2,perm,2035,0.011059632195772785
C-WEU-FRA,Zone_2A Hot Humid,urb,q2,perm,2040,0.011025222556957705
C-WEU-FRA,Zone_2A Hot Humid,urb,q2,perm,2045,0.010979590473955156
C-WEU-FRA,Zone_2A Hot Humid,urb,q2,perm,2050,0.010927584604187789
C-WEU-FRA,Zone_2A Hot Humid,urb,q2,perm,2055,0.01087322547384342
C-WEU-FRA,Zone_2A Hot Humid,urb,q2,perm,2060,0.010826877300677112
C-WEU-FRA,Zone_2A Hot Humid,urb,q2,perm,2065,0.010794116814903372
C-WEU-FRA,Zone_2A Hot Humid,urb,q2,perm,2070,0.01077882610583615
C-WEU-FRA,Zone_2A Hot Humid,urb,q2,perm,2075,0.010781098444528665
C-WEU-FRA,Zone_2A Hot Humid,urb,q2,perm,2080,0.010799822817604823
C-WEU-FRA,Zone_2A Hot Humid,urb,q2,perm,2085,0.010833955481979308
C-WEU-FRA,Zone_2A Hot Humid,urb,q2,perm,2090,0.010879694990005141
C-WEU-FRA,Zone_2A Hot Humid,urb,q2,perm,2095,0.010935958263391212
C-WEU-FRA,Zone_2A Hot Humid,urb,q2,perm,2100,0.010998765034193392
C-WEU-FRA,Zone_2A Hot Humid,urb,q2,sub,2015,0.0
C-WEU-FRA,Zone_2A Hot Humid,urb,q2,sub,2020,0.0
C-WEU-FRA,Zone_2A Hot Humid,urb,q2,sub,2025,0.0
C-WEU-FRA,Zone_2A Hot Humid,urb,q2,sub,2030,0.0
C-WEU-FRA,Zone_2A Hot Humid,urb,q2,sub,2035,0.0
C-WEU-FRA,Zone_2A Hot Humid,urb,q2,sub,2040,0.0
C-WEU-FRA,Zone_2A Hot Humid,urb,q2,sub,2045,0.0
C-WEU-FRA,Zone_2A Hot Humid,urb,q2,sub,2050,0.0
C-WEU-FRA,Zone_2A Hot Humid,urb,q2,sub,2055,0.0
C-WEU-FRA,Zone_2A Hot Humid,urb,q2,sub,2060,0.0
C-WEU-FRA,Zone_2A Hot Humid,urb,q2,sub,2065,0.0
C-WEU-FRA,Zone_2A Hot Humid,urb,q2,sub,2070,0.0
C-WEU-FRA,Zone_2A Hot Humid,urb,q2,sub,2075,0.0
C-WEU-FRA,Zone_2A Hot Humid,urb,q2,sub,2080,0.0
C-WEU-FRA,Zone_2A Hot Humid,urb,q2,sub,2085,0.0
C-WEU-FRA,Zone_2A Hot Humid,urb,q2,sub,2090,0.0
C-WEU-FRA,Zone_2A Hot Humid,urb,q2,sub,2095,0.0
C-WEU-FRA,Zone_2A Hot Humid,urb,q2,sub,2100,0.0
C-WEU-FRA,Zone_2A Hot Humid,urb,q3,perm,2015,0.011105383338087702
C-WEU-FRA,Zone_2A Hot Humid,urb,q3,perm,2020,0.011105383338087702
C-WEU-FRA,Zone_2A Hot Humid,urb,q3,perm,2025,0.011122540744961966
C-WEU-FRA,Zone_2A Hot Humid,urb,q3,perm,2030,0.011094212606616612
C-WEU-FRA,Zone_2A Hot Humid,urb,q3,perm,2035,0.011059632195772785
C-WEU-FRA,Zone_2A Hot Humid,urb,q3,perm,2040,0.011025222556957705
C-WEU-FRA,Zone_2A Hot Humid,urb,q3,perm,2045,0.010979590473955156
C-WEU-FRA,Zone_2A Hot Humid,urb,q3,perm,2050,0.010927584604187789
C-WEU-FRA,Zone_2A Hot Humid,urb,q3,perm,2055,0.01087322547384342
C-WEU-FRA,Zone_2A Hot Humid,urb,q3,perm,2060,0.010826877300677112
C-WEU-FRA,Zone_2A Hot Humid,urb,q3,perm,2065,0.010794116814903372
C-WEU-FRA,Zone_2A Hot Humid,urb,q3,perm,2070,0.01077882610583615
C-WEU-FRA,Zone_2A Hot Humid,urb,q3,perm,2075,0.010781098444528665
C-WEU-FRA,Zone_2A Hot Humid,urb,q3,perm,2080,0.010799822817604823
C-WEU-FRA,Zone_2A Hot Humid,urb,q3,perm,2085,0.010833955481979308
C-WEU-FRA,Zone_2A Hot Humid,urb,q3,perm,2090,0.010879694990005141
C-WEU-FRA,Zone_2A Hot Humid,urb,q3,perm,2095,0.010935958263391212
C-WEU-FRA,Zone_2A Hot Humid,urb,q3,perm,2100,0.010998765034193392
C-WEU-FRA,Zone_2A Hot Humid,urb,q3,sub,2015,0.0
C-WEU-FRA,Zone_2A Hot Humid,urb,q3,sub,2020,0.0
C-WEU-FRA,Zone_2A Hot Humid,urb,q3,sub,2025,0.0
C-WEU-FRA,Zone_2A Hot Humid,urb,q3,sub,2030,0.0
C-WEU-FRA,Zone_2A Hot Humid,urb,q3,sub,2035,0.0
C-WEU-FRA,Zone_2A Hot Humid,urb,q3,sub,2040,0.0
C-WEU-FRA,Zone_2A Hot Humid,urb,q3,sub,2045,0.0
C-WEU-FRA,Zone_2A Hot Humid,urb,q3,sub,2050,0.0
C-WEU-FRA,Zone_2A Hot Humid,urb,q3,sub,2055,0.0
C-WEU-FRA,Zone_2A Hot Humid,urb,q3,sub,2060,0.0
C-WEU-FRA,Zone_2A Hot Humid,urb,q3,sub,2065,0.0
C-WEU-FRA,Zone_2A Hot Humid,urb,q3,sub,2070,0.0
C-WEU-FRA,Zone_2A Hot Humid,urb,q3,sub,2075,0.0
C-WEU-FRA,Zone_2A Hot Humid,urb,q3,sub,2080,0.0
C-WEU-FRA,Zone_2A Hot Humid,urb,q3,sub,2085,0.0
C-WEU-FRA,Zone_2A Hot Humid,urb,q3,sub,2090,0.0
C-WEU-FRA,Zone_2A Hot Humid,urb,q3,sub,2095,0.0
C-WEU-FRA,Zone_2A Hot Humid,urb,q3,sub,2100,0.0
C-WEU-FRA,Zone_3A Warm Humid,rur,q1,perm,2015,1.0
C-WEU-FRA,Zone_3A Warm Humid,rur,q1,perm,2020,1.0
C-WEU-FRA,Zone_3A Warm Humid,rur,q1,perm,2025,1.0
C-WEU-FRA,Zone_3A Warm Humid,rur,q1,perm,2030,1.0
C-WEU-FRA,Zone_3A Warm Humid,rur,q1,perm,2035,1.0
C-WEU-FRA,Zone_3A Warm Humid,rur,q1,perm,2040,1.0
C-WEU-FRA,Zone_3A Warm Humid,rur,q1,perm,2045,1.0
C-WEU-FRA,Zone_3A Warm Humid,rur,q1,perm,2050,1.0
C-WEU-FRA,Zone_3A Warm Humid,rur,q1,perm,2055,1.0
C-WEU-FRA,Zone_3A Warm Humid,rur,q1,perm,2060,1.0
C-WEU-FRA,Zone_3A Warm Humid,rur,q1,perm,2065,1.0
C-WEU-FRA,Zone_3A Warm Humid,rur,q1,perm,2070,1.0
C-WEU-FRA,Zone_3A Warm Humid,rur,q1,perm,2075,1.0
C-WEU-FRA,Zone_3A Warm Humid,rur,q1,perm,2080,1.0
C-WEU-FRA,Zone_3A Warm Humid,rur,q1,perm,2085,1.0
C-WEU-FRA,Zone_3A Warm Humid,rur,q1,perm,2090,1.0
C-WEU-FRA,Zone_3A Warm Humid,rur,q1,perm,2095,1.0
C-WEU-FRA,Zone_3A Warm Humid,rur,q1,perm,2100,1.0
C-WEU-FRA,Zone_3A Warm Humid,rur,q1,sub,2015,0.0
C-WEU-FRA,Zone_3A Warm Humid,rur,q1,sub,2020,0.0
C-WEU-FRA,Zone_3A Warm Humid,rur,q1,sub,2025,0.0
C-WEU-FRA,Zone_3A Warm Humid,rur,q1,sub,2030,0.0
C-WEU-FRA,Zone_3A Warm Humid,rur,q1,sub,2035,0.0
C-WEU-FRA,Zone_3A Warm Humid,rur,q1,sub,2040,0.0
C-WEU-FRA,Zone_3A Warm Humid,rur,q1,sub,2045,0.0
C-WEU-FRA,Zone_3A Warm Humid,rur,q1,sub,2050,0.0
C-WEU-FRA,Zone_3A Warm Humid,rur,q1,sub,2055,0.0
C-WEU-FRA,Zone_3A Warm Humid,rur,q1,sub,2060,0.0
C-WEU-FRA,Zone_3A Warm Humid,rur,q1,sub,2065,0.0
C-WEU-FRA,Zone_3A Warm Humid,rur,q1,sub,2070,0.0
C-WEU-FRA,Zone_3A Warm Humid,rur,q1,sub,2075,0.0
C-WEU-FRA,Zone_3A Warm Humid,rur,q1,sub,2080,0.0
C-WEU-FRA,Zone_3A Warm Humid,rur,q1,sub,2085,0.0
C-WEU-FRA,Zone_3A Warm Humid,rur,q1,sub,2090,0.0
C-WEU-FRA,Zone_3A Warm Humid,rur,q1,sub,2095,0.0
C-WEU-FRA,Zone_3A Warm Humid,rur,q1,sub,2100,0.0
C-WEU-FRA,Zone_3A Warm Humid,rur,q2,perm,2015,1.0
C-WEU-FRA,Zone_3A Warm Humid,rur,q2,perm,2020,1.0
C-WEU-FRA,Zone_3A Warm Humid,rur,q2,perm,2025,1.0
C-WEU-FRA,Zone_3A Warm Humid,rur,q2,perm,2030,1.0
C-WEU-FRA,Zone_3A Warm Humid,rur,q2,perm,2035,1.0
C-WEU-FRA,Zone_3A Warm Humid,rur,q2,perm,2040,1.0
C-WEU-FRA,Zone_3A Warm Humid,rur,q2,perm,2045,1.0
C-WEU-FRA,Zone_3A Warm Humid,rur,q2,perm,2050,1.0
C-WEU-FRA,Zone_3A Warm Humid,rur,q2,perm,2055,1.0
C-WEU-FRA,Zone_3A Warm Humid,rur,q2,perm,2060,1.0
C-WEU-FRA,Zone_3A Warm Humid,rur,q2,perm,2065,1.0
C-WEU-FRA,Zone_3A Warm Humid,rur,q2,perm,2070,1.0
C-WEU-FRA,Zone_3A Warm Humid,rur,q2,perm,2075,1.0
C-WEU-FRA,Zone_3A Warm Humid,rur,q2,perm,2080,1.0
C-WEU-FRA,Zone_3A Warm Humid,rur,q2,perm,2085,1.0
C-WEU-FRA,Zone_3A Warm Humid,rur,q2,perm,2090,1.0
C-WEU-FRA,Zone_3A Warm Humid,rur,q2,perm,2095,1.0
C-WEU-FRA,Zone_3A Warm Humid,rur,q2,perm,2100,1.0
C-WEU-FRA,Zone_3A Warm Humid,rur,q2,sub,2015,0.0
C-WEU-FRA,Zone_3A Warm Humid,rur,q2,sub,2020,0.0
C-WEU-FRA,Zone_3A Warm Humid,rur,q2,sub,2025,0.0
C-WEU-FRA,Zone_3A Warm Humid,rur,q2,sub,2030,0.0
C-WEU-FRA,Zone_3A Warm Humid,rur,q2,sub,2035,0.0
C-WEU-FRA,Zone_3A Warm Humid,rur,q2,sub,2040,0.0
C-WEU-FRA,Zone_3A Warm Humid,rur,q2,sub,2045,0.0
C-WEU-FRA,Zone_3A Warm Humid,rur,q2,sub,2050,0.0
C-WEU-FRA,Zone_3A Warm Humid,rur,q2,sub,2055,0.0
C-WEU-FRA,Zone_3A Warm Humid,rur,q2,sub,2060,0.0
C-WEU-FRA,Zone_3A Warm Humid,rur,q2,sub,2065,0.0
C-WEU-FRA,Zone_3A Warm Humid,rur,q2,sub,2070,0.0
C-WEU-FRA,Zone_3A Warm Humid,rur,q2,sub,2075,0.0
C-WEU-FRA,Zone_3A Warm Humid,rur,q2,sub,2080,0.0
C-WEU-FRA,Zone_3A Warm Humid,rur,q2,sub,2085,0.0
C-WEU-FRA,Zone_3A Warm Humid,rur,q2,sub,2090,0.0
C-WEU-FRA,Zone_3A Warm Humid,rur,q2,sub,2095,0.0
C-WEU-FRA,Zone_3A Warm Humid,rur,q2,sub,2100,0.0
C-WEU-FRA,Zone_3A Warm Humid,rur,q3,perm,2015,1.0
C-WEU-FRA,Zone_3A Warm Humid,rur,q3,perm,2020,1.0
C-WEU-FRA,Zone_3A Warm Humid,rur,q3,perm,2025,1.0
C-WEU-FRA,Zone_3A Warm Humid,rur,q3,perm,2030,1.0
C-WEU-FRA,Zone_3A Warm Humid,rur,q3,perm,2035,1.0
C-WEU-FRA,Zone_3A Warm Humid,rur,q3,perm,2040,1.0
C-WEU-FRA,Zone_3A Warm Humid,rur,q3,perm,2045,1.0
C-WEU-FRA,Zone_3A Warm Humid,rur,q3,perm,2050,1.0
C-WEU-FRA,Zone_3A Warm Humid,rur,q3,perm,2055,1.0
C-WEU-FRA,Zone_3A Warm Humid,rur,q3,perm,2060,1.0
C-WEU-FRA,Zone_3A Warm Humid,rur,q3,perm,2065,1.0
C-WEU-FRA,Zone_3A Warm Humid,rur,q3,perm,2070,1.0
C-WEU-FRA,Zone_3A Warm Humid,rur,q3,perm,2075,1.0
C-WEU-FRA,Zone_3A Warm Humid,rur,q3,perm,2080,1.0
C-WEU-FRA,Zone_3A Warm Humid,rur,q3,perm,2085,1.0
C-WEU-FRA,Zone_3A Warm Humid,rur,q3,perm,2090,1.0
C-WEU-FRA,Zone_3A Warm Humid,rur,q3,perm,2095,1.0
C-WEU-FRA,Zone_3A Warm Humid,rur,q3,perm,2100,1.0
C-WEU-FRA,Zone_3A Warm Humid,rur,q3,sub,2015,0.0
C-WEU-FRA,Zone_3A Warm Humid,rur,q3,sub,2020,0.0
C-WEU-FRA,Zone_3A Warm Humid,rur,q3,sub,2025,0.0
C-WEU-FRA,Zone_3A Warm Humid,rur,q3,sub,2030,0.0
C-WEU-FRA,Zone_3A Warm Humid,rur,q3,sub,2035,0.0
C-WEU-FRA,Zone_3A Warm Humid,rur,q3,sub,2040,0.0
C-WEU-FRA,Zone_3A Warm Humid,rur,q3,sub,2045,0.0
C-WEU-FRA,Zone_3A Warm Humid,rur,q3,sub,2050,0.0
C-WEU-FRA,Zone_3A Warm Humid,rur,q3,sub,2055,0.0
C-WEU-FRA,Zone_3A Warm Humid,rur,q3,sub,2060,0.0
C-WEU-FRA,Zone_3A Warm Humid,rur,q3,sub,2065,0.0
C-WEU-FRA,Zone_3A Warm Humid,rur,q3,sub,2070,0.0
C-WEU-FRA,Zone_3A Warm Humid,rur,q3,sub,2075,0.0
C-WEU-FRA,Zone_3A Warm Humid,rur,q3,sub,2080,0.0
C-WEU-FRA,Zone_3A Warm Humid,rur,q3,sub,2085,0.0
C-WEU-FRA,Zone_3A Warm Humid,rur,q3,sub,2090,0.0
C-WEU-FRA,Zone_3A Warm Humid,rur,q3,sub,2095,0.0
C-WEU-FRA,Zone_3A Warm Humid,rur,q3,sub,2100,0.0
C-WEU-FRA,Zone_3A Warm Humid,urb,q1,perm,2015,1.0
C-WEU-FRA,Zone_3A Warm Humid,urb,q1,perm,2020,1.0
C-WEU-FRA,Zone_3A Warm Humid,urb,q1,perm,2025,1.0
C-WEU-FRA,Zone_3A Warm Humid,urb,q1,perm,2030,1.0
C-WEU-FRA,Zone_3A Warm Humid,urb,q1,perm,2035,1.0
C-WEU-FRA,Zone_3A Warm Humid,urb,q1,perm,2040,1.0
C-WEU-FRA,Zone_3A Warm Humid,urb,q1,perm,2045,1.0
C-WEU-FRA,Zone_3A Warm Humid,urb,q1,perm,2050,1.0
C-WEU-FRA,Zone_3A Warm Humid,urb,q1,perm,2055,1.0
C-WEU-FRA,Zone_3A Warm Humid,urb,q1,perm,2060,1.0
C-WEU-FRA,Zone_3A Warm Humid,urb,q1,perm,2065,1.0
C-WEU-FRA,Zone_3A Warm Humid,urb,q1,perm,2070,1.0
C-WEU-FRA,Zone_3A Warm Humid,urb,q1,perm,2075,1.0
C-WEU-FRA,Zone_3A Warm Humid,urb,q1,perm,2080,1.0
C-WEU-FRA,Zone_3A Warm Humid,urb,q1,perm,2085,1.0
C-WEU-FRA,Zone_3A Warm Humid,urb,q1,perm,2090,1.0
C-WEU-FRA,Zone_3A Warm Humid,urb,q1,perm,2095,1.0
C-WEU-FRA,Zone_3A Warm Humid,urb,q1,perm,2100,1.0
C-WEU-FRA,Zone_3A Warm Humid,urb,q1,sub,2015,0.0
C-WEU-FRA,Zone_3A Warm Humid,urb,q1,sub,2020,0.0
C-WEU-FRA,Zone_3A Warm Humid,urb,q1,sub,2025,0.0
C-WEU-FRA,Zone_3A Warm Humid,urb,q1,sub,2030,0.0
C-WEU-FRA,Zone_3A Warm Humid,urb,q1,sub,2035,0.0
C-WEU-FRA,Zone_3A Warm Humid,urb,q1,sub,2040,0.0
C-WEU-FRA,Zone_3A Warm Humid,urb,q1,sub,2045,0.0
C-WEU-FRA,Zone_3A Warm Humid,urb,q1,sub,2050,0.0
C-WEU-FRA,Zone_3A Warm Humid,urb,q1,sub,2055,0.0
C-WEU-FRA,Zone_3A Warm Humid,urb,q1,sub,2060,0.0
C-WEU-FRA,Zone_3A Warm Humid,urb,q1,sub,2065,0.0
C-WEU-FRA,Zone_3A Warm Humid,urb,q1,sub,2070,0.0
C-WEU-FRA,Zone_3A Warm Humid,urb,q1,sub,2075,0.0
C-WEU-FRA,Zone_3A Warm Humid,urb,q1,sub,2080,0.0
C-WEU-FRA,Zone_3A Warm Humid,urb,q1,sub,2085,0.0
C-WEU-FRA,Zone_3A Warm Humid,urb,q1,sub,2090,0.0
C-WEU-FRA,Zone_3A Warm Humid,urb,q1,sub,2095,0.0
C-WEU-FRA,Zone_3A Warm Humid,urb,q1,sub,2100,0.0
C-WEU-FRA,Zone_3A Warm Humid,urb,q2,perm,2015,1.0
C-WEU-FRA,Zone_3A Warm Humid,urb,q2,perm,2020,1.0
C-WEU-FRA,Zone_3A Warm Humid,urb,q2,perm,2025,1.0
C-WEU-FRA,Zone_3A Warm Humid,urb,q2,perm,2030,1.0
C-WEU-FRA,Zone_3A Warm Humid,urb,q2,perm,2035,1.0
C-WEU-FRA,Zone_3A Warm Humid,urb,q2,perm,2040,1.0
C-WEU-FRA,Zone_3A Warm Humid,urb,q2,perm,2045,1.0
C-WEU-FRA,Zone_3A Warm Humid,urb,q2,perm,2050,1.0
C-WEU-FRA,Zone_3A Warm Humid,urb,q2,perm,2055,1.0
C-WEU-FRA,Zone_3A Warm Humid,urb,q2,perm,2060,1.0
C-WEU-FRA,Zone_3A Warm Humid,urb,q2,perm,2065,1.0
C-WEU-FRA,Zone_3A Warm Humid,urb,q2,perm,2070,1.0
C-WEU-FRA,Zone_3A Warm Humid,urb,q2,perm,2075,1.0
C-WEU-FRA,Zone_3A Warm Humid,urb,q2,perm,2080,1.0
C-WEU-FRA,Zone_3A Warm Humid,urb,q2,perm,2085,1.0
C-WEU-FRA,Zone_3A Warm Humid,urb,q2,perm,2090,1.0
C-WEU-FRA,Zone_3A Warm Humid,urb,q2,perm,2095,1.0
C-WEU-FRA,Zone_3A Warm Humid,urb,q2,perm,2100,1.0
C-WEU-FRA,Zone_3A Warm Humid,urb,q2,sub,2015,0.0
C-WEU-FRA,Zone_3A Warm Humid,urb,q2,sub,2020,0.0
C-WEU-FRA,Zone_3A Warm Humid,urb,q2,sub,2025,0.0
C-WEU-FRA,Zone_3A Warm Humid,urb,q2,sub,2030,0.0
C-WEU-FRA,Zone_3A Warm Humid,urb,q2,sub,2035,0.0
C-WEU-FRA,Zone_3A Warm Humid,urb,q2,sub,2040,0.0
C-WEU-FRA,Zone_3A Warm Humid,urb,q2,sub,2045,0.0
C-WEU-FRA,Zone_3A Warm Humid,urb,q2,sub,2050,0.0
C-WEU-FRA,Zone_3A Warm Humid,urb,q2,sub,2055,0.0
C-WEU-FRA,Zone_3A Warm Humid,urb,q2,sub,2060,0.0
C-WEU-FRA,Zone_3A Warm Humid,urb,q2,sub,2065,0.0
C-WEU-FRA,Zone_3A Warm Humid,urb,q2,sub,2070,0.0
C-WEU-FRA,Zone_3A Warm Humid,urb,q2,sub,2075,0.0
C-WEU-FRA,Zone_3A Warm Humid,urb,q2,sub,2080,0.0
C-WEU-FRA,Zone_3A Warm Humid,urb,q2,sub,2085,0.0
C-WEU-FRA,Zone_3A Warm Humid,urb,q2,sub,2090,0.0
C-WEU-FRA,Zone_3A Warm Humid,urb,q2,sub,2095,0.0
C-WEU-FRA,Zone_3A Warm Humid,urb,q2,sub,2100,0.0
C-WEU-FRA,Zone_3A Warm Humid,urb,q3,perm,2015,1.0
C-WEU-FRA,Zone_3A Warm Humid,urb,q3,perm,2020,1.0
C-WEU-FRA,Zone_3A Warm Humid,urb,q3,perm,2025,1.0
C-WEU-FRA,Zone_3A Warm Humid,urb,q3,perm,2030,1.0
C-WEU-FRA,Zone_3A Warm Humid,urb,q3,perm,2035,1.0
C-WEU-FRA,Zone_3A Warm Humid,urb,q3,perm,2040,1.0
C-WEU-FRA,Zone_3A Warm Humid,urb,q3,perm,2045,1.0
C-WEU-FRA,Zone_3A Warm Humid,urb,q3,perm,2050,1.0
C-WEU-FRA,Zone_3A Warm Humid,urb,q3,perm,2055,1.0
C-WEU-FRA,Zone_3A Warm Humid,urb,q3,perm,2060,1.0
C-WEU-FRA,Zone_3A Warm Humid,urb,q3,perm,2065,1.0
C-WEU-FRA,Zone_3A Warm Humid,urb,q3,perm,2070,1.0
C-WEU-FRA,Zone_3A Warm Humid,urb,q3,perm,2075,1.0
C-WEU-FRA,Zone_3A Warm Humid,urb,q3,perm,2080,1.0
C-WEU-FRA,Zone_3A Warm Humid,urb,q3,perm,2085,1.0
C-WEU-FRA,Zone_3A Warm Humid,urb,q3,perm,2090,1.0
C-WEU-FRA,Zone_3A Warm Humid,urb,q3,perm,2095,1.0
C-WEU-FRA,Zone_3A Warm Humid,urb,q3,perm,2100,1.0
C-WEU-FRA,Zone_3A Warm Humid,urb,q3,sub,2015,0.0
C-WEU-FRA,Zone_3A Warm Humid,urb,q3,sub,2020,0.0
C-WEU-FRA,Zone_3A Warm Humid,urb,q3,sub,2025,0.0
C-WEU-FRA,Zone_3A Warm Humid,urb,q3,sub,2030,0.0
C-WEU-FRA,Zone_3A Warm Humid,urb,q3,sub,2035,0.0
C-WEU-FRA,Zone_3A Warm Humid,urb,q3,sub,2040,0.0
C-WEU-FRA,Zone_3A Warm Humid,urb,q3,sub,2045,0.0
C-WEU-FRA,Zone_3A Warm Humid,urb,q3,sub,2050,0.0
C-WEU-FRA,Zone_3A Warm Humid,urb,q3,sub,2055,0.0
C-WEU-FRA,Zone_3A Warm Humid,urb,q3,sub,2060,0.0
C-WEU-FRA,Zone_3A Warm Humid,urb,q3,sub,2065,0.0
C-WEU-FRA,Zone_3A Warm Humid,urb,q3,sub,2070,0.0
C-WEU-FRA,Zone_3A Warm Humid,urb,q3,sub,2075,0.0
C-WEU-FRA,Zone_3A Warm Humid,urb,q3,sub,2080,0.0
C-WEU-FRA,Zone_3A Warm Humid,urb,q3,sub,2085,0.0
C-WEU-FRA,Zone_3A Warm Humid,urb,q3,sub,2090,0.0
C-WEU-FRA,Zone_3A Warm Humid,urb,q3,sub,2095,0.0
C-WEU-FRA,Zone_3A Warm Humid,urb,q3,sub,2100,0.0
C-WEU-FRA,Zone_3C Warm Marine,rur,q1,perm,2015,0.017212955613635717
C-WEU-FRA,Zone_3C Warm Marine,rur,q1,perm,2020,0.017212955613635717
C-WEU-FRA,Zone_3C Warm Marine,rur,q1,perm,2025,0.01708827179663745
C-WEU-FRA,Zone_3C Warm Marine,rur,q1,perm,2030,0.01695329127596875
C-WEU-FRA,Zone_3C Warm Marine,rur,q1,perm,2035,0.016818150214278953
C-WEU-FRA,Zone_3C Warm Marine,rur,q1,perm,2040,0.01669006893857458
C-WEU-FRA,Zone_3C Warm Marine,rur,q1,perm,2045,0.01658905987796306
C-WEU-FRA,Zone_3C Warm Marine,rur,q1,perm,2050,0.01652590638398628
C-WEU-FRA,Zone_3C Warm Marine,rur,q1,perm,2055,0.01648027984286433
C-WEU-FRA,Zone_3C Warm Marine,rur,q1,perm,2060,0.016432843972738715
C-WEU-FRA,Zone_3C Warm Marine,rur,q1,perm,2065,0.01638501592112634
C-WEU-FRA,Zone_3C Warm Marine,rur,q1,perm,2070,0.01634297657892918
C-WEU-FRA,Zone_3C Warm Marine,rur,q1,perm,2075,0.016311049180758385
C-WEU-FRA,Zone_3C Warm Marine,rur,q1,perm,2080,0.016291310244896107
C-WEU-FRA,Zone_3C Warm Marine,rur,q1,perm,2085,0.01628445899834606
C-WEU-FRA,Zone_3C Warm Marine,rur,q1,perm,2090,0.016288519151507565
C-WEU-FRA,Zone_3C Warm Marine,rur,q1,perm,2095,0.01630087104339117
C-WEU-FRA,Zone_3C Warm Marine,rur,q1,perm,2100,0.016313954822001465
C-WEU-FRA,Zone_3C Warm Marine,rur,q1,sub,2015,0.0
C-WEU-FRA,Zone_3C Warm Marine,rur,q1,sub,2020,0.0
C-WEU-FRA,Zone_3C Warm Marine,rur,q1,sub,2025,0.0
C-WEU-FRA,Zone_3C Warm Marine,rur,q1,sub,2030,0.0
C-WEU-FRA,Zone_3C Warm Marine,rur,q1,sub,2035,0.0
C-WEU-FRA,Zone_3C Warm Marine,rur,q1,sub,2040,0.0
C-WEU-FRA,Zone_3C Warm Marine,rur,q1,sub,2045,0.0
C-WEU-FRA,Zone_3C Warm Marine,rur,q1,sub,2050,0.0
C-WEU-FRA,Zone_3C Warm Marine,rur,q1,sub,2055,0.0
C-WEU-FRA,Zone_3C Warm Marine,rur,q1,sub,2060,0.0
C-WEU-FRA,Zone_3C Warm Marine,rur,q1,sub,2065,0.0
C-WEU-FRA,Zone_3C Warm Marine,rur,q1,sub,2070,0.0
C-WEU-FRA,Zone_3C Warm Marine,rur,q1,sub,2075,0.0
C-WEU-FRA,Zone_3C Warm Marine,rur,q1,sub,2080,0.0
C-WEU-FRA,Zone_3C Warm Marine,rur,q1,sub,2085,0.0
C-WEU-FRA,Zone_3C Warm Marine,rur,q1,sub,2090,0.0
C-WEU-FRA,Zone_3C Warm Marine,rur,q1,sub,2095,0.0
C-WEU-FRA,Zone_3C Warm Marine,rur,q1,sub,2100,0.0
C-WEU-FRA,Zone_3C Warm Marine,rur,q2,perm,2015,0.017212955613635717
C-WEU-FRA,Zone_3C Warm Marine,rur,q2,perm,2020,0.017212955613635717
C-WEU-FRA,Zone_3C Warm Marine,rur,q2,perm,2025,0.01708827179663745
C-WEU-FRA,Zone_3C Warm Marine,rur,q2,perm,2030,0.01695329127596875
C-WEU-FRA,Zone_3C Warm Marine,rur,q2,perm,2035,0.016818150214278953
C-WEU-FRA,Zone_3C Warm Marine,rur,q2,perm,2040,0.01669006893857458
C-WEU-FRA,Zone_3C Warm Marine,rur,q2,perm,2045,0.01658905987796306
C-WEU-FRA,Zone_3C Warm Marine,rur,q2,perm,2050,0.01652590638398628
C-WEU-FRA,Zone_3C Warm Marine,rur,q2,perm,2055,0.01648027984286433
C-WEU-FRA,Zone_3C Warm Marine,rur,q2,perm,2060,0.016432843972738715
C-WEU-FRA,Zone_3C Warm Marine,rur,q2,perm,2065,0.01638501592112634
C-WEU-FRA,Zone_3C Warm Marine,rur,q2,perm,2070,0.01634297657892918
C-WEU-FRA,Zone_3C Warm Marine,rur,q2,perm,2075,0.016311049180758385
C-WEU-FRA,Zone_3C Warm Marine,rur,q2,perm,2080,0.016291310244896107
C-WEU-FRA,Zone_3C Warm Marine,rur,q2,perm,2085,0.01628445899834606
C-WEU-FRA,Zone_3C Warm Marine,rur,q2,perm,2090,0.016288519151507565
C-WEU-FRA,Zone_3C Warm Marine,rur,q2,perm,2095,0.01630087104339117
C-WEU-FRA,Zone_3C Warm Marine,rur,q2,perm,2100,0.016313954822001465
C-WEU-FRA,Zone_3C Warm Marine,rur,q2,sub,2015,0.0
C-WEU-FRA,Zone_3C Warm Marine,rur,q2,sub,2020,0.0
C-WEU-FRA,Zone_3C Warm Marine,rur,q2,sub,2025,0.0
C-WEU-FRA,Zone_3C Warm Marine,rur,q2,sub,2030,0.0
C-WEU-FRA,Zone_3C Warm Marine,rur,q2,sub,2035,0.0
C-WEU-FRA,Zone_3C Warm Marine,rur,q2,sub,2040,0.0
C-WEU-FRA,Zone_3C Warm Marine,rur,q2,sub,2045,0.0
C-WEU-FRA,Zone_3C Warm Marine,rur,q2,sub,2050,0.0
C-WEU-FRA,Zone_3C Warm Marine,rur,q2,sub,2055,0.0
C-WEU-FRA,Zone_3C Warm Marine,rur,q2,sub,2060,0.0
C-WEU-FRA,Zone_3C Warm Marine,rur,q2,sub,2065,0.0
C-WEU-FRA,Zone_3C Warm Marine,rur,q2,sub,2070,0.0
C-WEU-FRA,Zone_3C Warm Marine,rur,q2,sub,2075,0.0
C-WEU-FRA,Zone_3C Warm Marine,rur,q2,sub,2080,0.0
C-WEU-FRA,Zone_3C Warm Marine,rur,q2,sub,2085,0.0
C-WEU-FRA,Zone_3C Warm Marine,rur,q2,sub,2090,0.0
C-WEU-FRA,Zone_3C Warm Marine,rur,q2,sub,2095,0.0
C-WEU-FRA,Zone_3C Warm Marine,rur,q2,sub,2100,0.0
C-WEU-FRA,Zone_3C Warm Marine,rur,q3,perm,2015,0.017212955613635717
C-WEU-FRA,Zone_3C Warm Marine,rur,q3,perm,2020,0.017212955613635717
C-WEU-FRA,Zone_3C Warm Marine,rur,q3,perm,2025,0.01708827179663745
C-WEU-FRA,Zone_3C Warm Marine,rur,q3,perm,2030,0.01695329127596875
C-WEU-FRA,Zone_3C Warm Marine,rur,q3,perm,2035,0.016818150214278953
C-WEU-FRA,Zone_3C Warm Marine,rur,q3,perm,2040,0.01669006893857458
C-WEU-FRA,Zone_3C Warm Marine,rur,q3,perm,2045,0.01658905987796306
C-WEU-FRA,Zone_3C Warm Marine,rur,q3,perm,2050,0.01652590638398628
C-WEU-FRA,Zone_3C Warm Marine,rur,q3,perm,2055,0.01648027984286433
C-WEU-FRA,Zone_3C Warm Marine,rur,q3,perm,2060,0.016432843972738715
C-WEU-FRA,Zone_3C Warm Marine,rur,q3,perm,2065,0.01638501592112634
C-WEU-FRA,Zone_3C Warm Marine,rur,q3,perm,2070,0.01634297657892918
C-WEU-FRA,Zone_3C Warm Marine,rur,q3,perm,2075,0.016311049180758385
C-WEU-FRA,Zone_3C Warm Marine,rur,q3,perm,2080,0.016291310244896107
C-WEU-FRA,Zone_3C Warm Marine,rur,q3,perm,2085,0.01628445899834606
C-WEU-FRA,Zone_3C Warm Marine,rur,q3,perm,2090,0.016288519151507565
C-WEU-FRA,Zone_3C Warm Marine,rur,q3,perm,2095,0.01630087104339117
C-WEU-FRA,Zone_3C Warm Marine,rur,q3,perm,2100,0.016313954822001465
C-WEU-FRA,Zone_3C Warm Marine,rur,q3,sub,2015,0.0
C-WEU-FRA,Zone_3C Warm Marine,rur,q3,sub,2020,0.0
C-WEU-FRA,Zone_3C Warm Marine,rur,q3,sub,2025,0.0
C-WEU-FRA,Zone_3C Warm Marine,rur,q3,sub,2030,0.0
C-WEU-FRA,Zone_3C Warm Marine,rur,q3,sub,2035,0.0
C-WEU-FRA,Zone_3C Warm Marine,rur,q3,sub,2040,0.0
C-WEU-FRA,Zone_3C Warm Marine,rur,q3,sub,2045,0.0
C-WEU-FRA,Zone_3C Warm Marine,rur,q3,sub,2050,0.0
C-WEU-FRA,Zone_3C Warm Marine,rur,q3,sub,2055,0.0
C-WEU-FRA,Zone_3C Warm Marine,rur,q3,sub,2060,0.0
C-WEU-FRA,Zone_3C Warm Marine,rur,q3,sub,2065,0.0
C-WEU-FRA,Zone_3C Warm Marine,rur,q3,sub,2070,0.0
C-WEU-FRA,Zone_3C Warm Marine,rur,q3,sub,2075,0.0
C-WEU-FRA,Zone_3C Warm Marine,rur,q3,sub,2080,0.0
C-WEU-FRA,Zone_3C Warm Marine,rur,q3,sub,2085,0.0
C-WEU-FRA,Zone_3C Warm Marine,rur,q3,sub,2090,0.0
C-WEU-FRA,Zone_3C Warm Marine,rur,q3,sub,2095,0.0
C-WEU-FRA,Zone_3C Warm Marine,rur,q3,sub,2100,0.0
C-WEU-FRA,Zone_3C Warm Marine,urb,q1,perm,2015,0.016925985818016864
C-WEU-FRA,Zone_3C Warm Marine,urb,q1,perm,2020,0.016925985818016864
C-WEU-FRA,Zone_3C Warm Marine,urb,q1,perm,2025,0.016800041661477916
C-WEU-FRA,Zone_3C Warm Marine,urb,q1,perm,2030,0.01666394846040001
C-WEU-FRA,Zone_3C Warm Marine,urb,q1,perm,2035,0.016526701162905756
C-WEU-FRA,Zone_3C Warm Marine,urb,q1,perm,2040,0.016396663964093613
C-WEU-FRA,Zone_3C Warm Marine,urb,q1,perm,2045,0.016294214033703864
C-WEU-FRA,Zone_3C Warm Marine,urb,q1,perm,2050,0.01622954661144633
C-WEU-FRA,Zone_3C Warm Marine,urb,q1,perm,2055,0.016182242898447902
C-WEU-FRA,Zone_3C Warm Marine,urb,q1,perm,2060,0.01613312518176141
C-WEU-FRA,Zone_3C Warm Marine,urb,q1,perm,2065,0.016083603164226523
C-WEU-FRA,Zone_3C Warm Marine,urb,q1,perm,2070,0.016039806311746767
C-WEU-FRA,Zone_3C Warm Marine,urb,q1,perm,2075,0.016006096458713166
C-WEU-FRA,Zone_3C Warm Marine,urb,q1,perm,2080,0.01598474472636832
C-WEU-FRA,Zone_3C Warm Marine,urb,q1,perm,2085,0.015976726669620078
C-WEU-FRA,Zone_3C Warm Marine,urb,q1,perm,2090,0.01598059973660219
C-WEU-FRA,Zone_3C Warm Marine,urb,q1,perm,2095,0.01599384909381979
C-WEU-FRA,Zone_3C Warm Marine,urb,q1,perm,2100,0.016008588500438913
C-WEU-FRA,Zone_3C Warm Marine,urb,q1,sub,2015,0.0
C-WEU-FRA,Zone_3C Warm Marine,urb,q1,sub,2020,0.0
C-WEU-FRA,Zone_3C Warm Marine,urb,q1,sub,2025,0.0
C-WEU-FRA,Zone_3C Warm Marine,urb,q1,sub,2030,0.0
C-WEU-FRA,Zone_3C Warm Marine,urb,q1,sub,2035,0.0
C-WEU-FRA,Zone_3C Warm Marine,urb,q1,sub,2040,0.0
C-WEU-FRA,Zone_3C Warm Marine,urb,q1,sub,2045,0.0
C-WEU-FRA,Zone_3C Warm Marine,urb,q1,sub,2050,0.0
C-WEU-FRA,Zone_3C Warm Marine,urb,q1,sub,2055,0.0
C-WEU-FRA,Zone_3C Warm Marine,urb,q1,sub,2060,0.0
C-WEU-FRA,Zone_3C Warm Marine,urb,q1,sub,2065,0.0
C-WEU-FRA,Zone_3C Warm Marine,urb,q1,sub,2070,0.0
C-WEU-FRA,Zone_3C Warm Marine,urb,q1,sub,2075,0.0
C-WEU-FRA,Zone_3C Warm Marine,urb,q1,sub,2080,0.0
C-WEU-FRA,Zone_3C Warm Marine,urb,q1,sub,2085,0.0
C-WEU-FRA,Zone_3C Warm Marine,urb,q1,sub,2090,0.0
C-WEU-FRA,Zone_3C Warm Marine,urb,q1,sub,2095,0.0
C-WEU-FRA,Zone_3C Warm Marine,urb,q1,sub,2100,0.0
C-WEU-FRA,Zone_3C Warm Marine,urb,q2,perm,2015,0.016925985818016864
C-WEU-FRA,Zone_3C Warm Marine,urb,q2,perm,2020,0.016925985818016864
C-WEU-FRA,Zone_3C Warm Marine,urb,q2,perm,2025,0.016800041661477916
C-WEU-FRA,Zone_3C Warm Marine,urb,q2,perm,2030,0.01666394846040001
C-WEU-FRA,Zone_3C Warm Marine,urb,q2,perm,2035,0.016526701162905756
C-WEU-FRA,Zone_3C Warm Marine,urb,q2,perm,2040,0.016396663964093613
C-WEU-FRA,Zone_3C Warm Marine,urb,q2,perm,2045,0.016294214033703864
C-WEU-FRA,Zone_3C Warm Marine,urb,q2,perm,2050,0.01622954661144633
C-WEU-FRA,Zone_3C Warm Marine,urb,q2,perm,2055,0.016182242898447902
C-WEU-FRA,Zone_3C Warm Marine,urb,q2,perm,2060,0.01613312518176141
C-WEU-FRA,Zone_3C Warm Marine,urb,q2,perm,2065,0.016083603164226523
C-WEU-FRA,Zone_3C Warm Marine,urb,q2,perm,2070,0.016039806311746767
C-WEU-FRA,Zone_3C Warm Marine,urb,q2,perm,2075,0.016006096458713166
C-WEU-FRA,Zone_3C Warm Marine,urb,q2,perm,2080,0.01598474472636832
C-WEU-FRA,Zone_3C Warm Marine,urb,q2,perm,2085,0.015976726669620078
C-WEU-FRA,Zone_3C Warm Marine,urb,q2,perm,2090,0.01598059973660219
C-WEU-FRA,Zone_3C Warm Marine,urb,q2,perm,2095,0.01599384909381979
C-WEU-FRA,Zone_3C Warm Marine,urb,q2,perm,2100,0.016008588500438913
C-WEU-FRA,Zone_3C Warm Marine,urb,q2,sub,2015,0.0
C-WEU-FRA,Zone_3C Warm Marine,urb,q2,sub,2020,0.0
C-WEU-FRA,Zone_3C Warm Marine,urb,q2,sub,2025,0.0
C-WEU-FRA,Zone_3C Warm Marine,urb,q2,sub,2030,0.0
C-WEU-FRA,Zone_3C Warm Marine,urb,q2,sub,2035,0.0
C-WEU-FRA,Zone_3C Warm Marine,urb,q2,sub,2040,0.0
C-WEU-FRA,Zone_3C Warm Marine,urb,q2,sub,2045,0.0
C-WEU-FRA,Zone_3C Warm Marine,urb,q2,sub,2050,0.0
C-WEU-FRA,Zone_3C Warm Marine,urb,q2,sub,2055,0.0
C-WEU-FRA,Zone_3C Warm Marine,urb,q2,sub,2060,0.0
C-WEU-FRA,Zone_3C Warm Marine,urb,q2,sub,2065,0.0
C-WEU-FRA,Zone_3C Warm Marine,urb,q2,sub,2070,0.0
C-WEU-FRA,Zone_3C Warm Marine,urb,q2,sub,2075,0.0
C-WEU-FRA,Zone_3C Warm Marine,urb,q2,sub,2080,0.0
C-WEU-FRA,Zone_3C Warm Marine,urb,q2,sub,2085,0.0
C-WEU-FRA,Zone_3C Warm Marine,urb,q2,sub,2090,0.0
C-WEU-FRA,Zone_3C Warm Marine,urb,q2,sub,2095,0.0
C-WEU-FRA,Zone_3C Warm Marine,urb,q2,sub,2100,0.0
C-WEU-FRA,Zone_3C Warm Marine,urb,q3,perm,2015,0.016925985818016864
C-WEU-FRA,Zone_3C Warm Marine,urb,q3,perm,2020,0.016925985818016864
C-WEU-FRA,Zone_3C Warm Marine,urb,q3,perm,2025,0.016800041661477916
C-WEU-FRA,Zone_3C Warm Marine,urb,q3,perm,2030,0.01666394846040001
C-WEU-FRA,Zone_3C Warm Marine,urb,q3,perm,2035,0.016526701162905756
C-WEU-FRA,Zone_3C Warm Marine,urb,q3,perm,2040,0.016396663964093613
C-WEU-FRA,Zone_3C Warm Marine,urb,q3,perm,2045,0.016294214033703864
C-WEU-FRA,Zone_3C Warm Marine,urb,q3,perm,2050,0.01622954661144633
C-WEU-FRA,Zone_3C Warm Marine,urb,q3,perm,2055,0.016182242898447902
C-WEU-FRA,Zone_3C Warm Marine,urb,q3,perm,2060,0.01613312518176141
C-WEU-FRA,Zone_3C Warm Marine,urb,q3,perm,2065,0.016083603164226523
C-WEU-FRA,Zone_3C Warm Marine,urb,q3,perm,2070,0.016039806311746767
C-WEU-FRA,Zone_3C Warm Marine,urb,q3,perm,2075,0.016006096458713166
C-WEU-FRA,Zone_3C Warm Marine,urb,q3,perm,2080,0.01598474472636832
C-WEU-FRA,Zone_3C Warm Marine,urb,q3,perm,2085,0.015976726669620078
C-WEU-FRA,Zone_3C Warm Marine,urb,q3,perm,2090,0.01598059973660219
C-WEU-FRA,Zone_3C Warm Marine,urb,q3,perm,2095,0.01599384909381979
C-WEU-FRA,Zone_3C Warm Marine,urb,q3,perm,2100,0.016008588500438913
C-WEU-FRA,Zone_3C Warm Marine,urb,q3,sub,2015,0.0
C-WEU-FRA,Zone_3C Warm Marine,urb,q3,sub,2020,0.0
C-WEU-FRA,Zone_3C Warm Marine,urb,q3,sub,2025,0.0
C-WEU-FRA,Zone_3C Warm Marine,urb,q3,sub,2030,0.0
C-WEU-FRA,Zone_3C Warm Marine,urb,q3,sub,2035,0.0
C-WEU-FRA,Zone_3C Warm Marine,urb,q3,sub,2040,0.0
C-WEU-FRA,Zone_3C Warm Marine,urb,q3,sub,2045,0.0
C-WEU-FRA,Zone_3C Warm Marine,urb,q3,sub,2050,0.0
C-WEU-FRA,Zone_3C Warm Marine,urb,q3,sub,2055,0.0
C-WEU-FRA,Zone_3C Warm Marine,urb,q3,sub,2060,0.0
C-WEU-FRA,Zone_3C Warm Marine,urb,q3,sub,2065,0.0
C-WEU-FRA,Zone_3C Warm Marine,urb,q3,sub,2070,0.0
C-WEU-FRA,Zone_3C Warm Marine,urb,q3,sub,2075,0.0
C-WEU-FRA,Zone_3C Warm Marine,urb,q3,sub,2080,0.0
C-WEU-FRA,Zone_3C Warm Marine,urb,q3,sub,2085,0.0
C-WEU-FRA,Zone_3C Warm Marine,urb,q3,sub,2090,0.0
C-WEU-FRA,Zone_3C Warm Marine,urb,q3,sub,2095,0.0
C-WEU-FRA,Zone_3C Warm Marine,urb,q3,sub,2100,0.0
C-WEU-FRA,Zone_4A Mixed Humid,rur,q1,perm,2015,1.0
C-WEU-FRA,Zone_4A Mixed Humid,rur,q1,perm,2020,1.0
C-WEU-FRA,Zone_4A Mixed Humid,rur,q1,perm,2025,1.0
C-WEU-FRA,Zone_4A Mixed Humid,rur,q1,perm,2030,1.0
C-WEU-FRA,Zone_4A Mixed Humid,rur,q1,perm,2035,1.0
C-WEU-FRA,Zone_4A Mixed Humid,rur,q1,perm,2040,1.0
C-WEU-FRA,Zone_4A Mixed Humid,rur,q1,perm,2045,1.0
C-WEU-FRA,Zone_4A Mixed Humid,rur,q1,perm,2050,1.0
C-WEU-FRA,Zone_4A Mixed Humid,rur,q1,perm,2055,1.0
C-WEU-FRA,Zone_4A Mixed Humid,rur,q1,perm,2060,1.0
C-WEU-FRA,Zone_4A Mixed Humid,rur,q1,perm,2065,1.0
C-WEU-FRA,Zone_4A Mixed Humid,rur,q1,perm,2070,1.0
C-WEU-FRA,Zone_4A Mixed Humid,rur,q1,perm,2075,1.0
C-WEU-FRA,Zone_4A Mixed Humid,rur,q1,perm,2080,1.0
C-WEU-FRA,Zone_4A Mixed Humid,rur,q1,perm,2085,1.0
C-WEU-FRA,Zone_4A Mixed Humid,rur,q1,perm,2090,1.0
C-WEU-FRA,Zone_4A Mixed Humid,rur,q1,perm,2095,1.0
C-WEU-FRA,Zone_4A Mixed Humid,rur,q1,perm,2100,1.0
C-WEU-FRA,Zone_4A Mixed Humid,rur,q1,sub,2015,0.0
C-WEU-FRA,Zone_4A Mixed Humid,rur,q1,sub,2020,0.0
C-WEU-FRA,Zone_4A Mixed Humid,rur,q1,sub,2025,0.0
C-WEU-FRA,Zone_4A Mixed Humid,rur,q1,sub,2030,0.0
C-WEU-FRA,Zone_4A Mixed Humid,rur,q1,sub,2035,0.0
C-WEU-FRA,Zone_4A Mixed Humid,rur,q1,sub,2040,0.0
C-WEU-FRA,Zone_4A Mixed Humid,rur,q1,sub,2045,0.0
C-WEU-FRA,Zone_4A Mixed Humid,rur,q1,sub,2050,0.0
C-WEU-FRA,Zone_4A Mixed Humid,rur,q1,sub,2055,0.0
C-WEU-FRA,Zone_4A Mixed Humid,rur,q1,sub,2060,0.0
C-WEU-FRA,Zone_4A Mixed Humid,rur,q1,sub,2065,0.0
C-WEU-FRA,Zone_4A Mixed Humid,rur,q1,sub,2070,0.0
C-WEU-FRA,Zone_4A Mixed Humid,rur,q1,sub,2075,0.0
C-WEU-FRA,Zone_4A Mixed Humid,rur,q1,sub,2080,0.0
C-WEU-FRA,Zone_4A Mixed Humid,rur,q1,sub,2085,0.0
C-WEU-FRA,Zone_4A Mixed Humid,rur,q1,sub,2090,0.0
C-WEU-FRA,Zone_4A Mixed Humid,rur,q1,sub,2095,0.0
C-WEU-FRA,Zone_4A Mixed Humid,rur,q1,sub,2100,0.0
C-WEU-FRA,Zone_4A Mixed Humid,rur,q2,perm,2015,1.0
C-WEU-FRA,Zone_4A Mixed Humid,rur,q2,perm,2020,1.0
C-WEU-FRA,Zone_4A Mixed Humid,rur,q2,perm,2025,1.0
C-WEU-FRA,Zone_4A Mixed Humid,rur,q2,perm,2030,1.0
C-WEU-FRA,Zone_4A Mixed Humid,rur,q2,perm,2035,1.0
C-WEU-FRA,Zone_4A Mixed Humid,rur,q2,perm,2040,1.0
C-WEU-FRA,Zone_4A Mixed Humid,rur,q2,perm,2045,1.0
C-WEU-FRA,Zone_4A Mixed Humid,rur,q2,perm,2050,1.0
C-WEU-FRA,Zone_4A Mixed Humid,rur,q2,perm,2055,1.0
C-WEU-FRA,Zone_4A Mixed Humid,rur,q2,perm,2060,1.0
C-WEU-FRA,Zone_4A Mixed Humid,rur,q2,perm,2065,1.0
C-WEU-FRA,Zone_4A Mixed Humid,rur,q2,perm,2070,1.0
C-WEU-FRA,Zone_4A Mixed Humid,rur,q2,perm,2075,1.0
C-WEU-FRA,Zone_4A Mixed Humid,rur,q2,perm,2080,1.0
C-WEU-FRA,Zone_4A Mixed Humid,rur,q2,perm,2085,1.0
C-WEU-FRA,Zone_4A Mixed Humid,rur,q2,perm,2090,1.0
C-WEU-FRA,Zone_4A Mixed Humid,rur,q2,perm,2095,1.0
C-WEU-FRA,Zone_4A Mixed Humid,rur,q2,perm,2100,1.0
C-WEU-FRA,Zone_4A Mixed Humid,rur,q2,sub,2015,0.0
C-WEU-FRA,Zone_4A Mixed Humid,rur,q2,sub,2020,0.0
C-WEU-FRA,Zone_4A Mixed Humid,rur,q2,sub,2025,0.0
C-WEU-FRA,Zone_4A Mixed Humid,rur,q2,sub,2030,0.0
C-WEU-FRA,Zone_4A Mixed Humid,rur,q2,sub,2035,0.0
C-WEU-FRA,Zone_4A Mixed Humid,rur,q2,sub,2040,0.0
C-WEU-FRA,Zone_4A Mixed Humid,rur,q2,sub,2045,0.0
C-WEU-FRA,Zone_4A Mixed Humid,rur,q2,sub,2050,0.0
C-WEU-FRA,Zone_4A Mixed Humid,rur,q2,sub,2055,0.0
C-WEU-FRA,Zone_4A Mixed Humid,rur,q2,sub,2060,0.0
C-WEU-FRA,Zone_4A Mixed Humid,rur,q2,sub,2065,0.0
C-WEU-FRA,Zone_4A Mixed Humid,rur,q2,sub,2070,0.0
C-WEU-FRA,Zone_4A Mixed Humid,rur,q2,sub,2075,0.0
C-WEU-FRA,Zone_4A Mixed Humid,rur,q2,sub,2080,0.0
C-WEU-FRA,Zone_4A Mixed Humid,rur,q2,sub,2085,0.0
C-WEU-FRA,Zone_4A Mixed Humid,rur,q2,sub,2090,0.0
C-WEU-FRA,Zone_4A Mixed Humid,rur,q2,sub,2095,0.0
C-WEU-FRA,Zone_4A Mixed Humid,rur,q2,sub,2100,0.0
C-WEU-FRA,Zone_4A Mixed Humid,rur,q3,perm,2015,1.0
C-WEU-FRA,Zone_4A Mixed Humid,rur,q3,perm,2020,1.0
C-WEU-FRA,Zone_4A Mixed Humid,rur,q3,perm,2025,1.0
C-WEU-FRA,Zone_4A Mixed Humid,rur,q3,perm,2030,1.0
C-WEU-FRA,Zone_4A Mixed Humid,rur,q3,perm,2035,1.0
C-WEU-FRA,Zone_4A Mixed Humid,rur,q3,perm,2040,1.0
C-WEU-FRA,Zone_4A Mixed Humid,rur,q3,perm,2045,1.0
C-WEU-FRA,Zone_4A Mixed Humid,rur,q3,perm,2050,1.0
C-WEU-FRA,Zone_4A Mixed Humid,rur,q3,perm,2055,1.0
C-WEU-FRA,Zone_4A Mixed Humid,rur,q3,perm,2060,1.0
C-WEU-FRA,Zone_4A Mixed Humid,rur,q3,perm,2065,1.0
C-WEU-FRA,Zone_4A Mixed Humid,rur,q3,perm,2070,1.0
C-WEU-FRA,Zone_4A Mixed Humid,rur,q3,perm,2075,1.0
C-WEU-FRA,Zone_4A Mixed Humid,rur,q3,perm,2080,1.0
C-WEU-FRA,Zone_4A Mixed Humid,rur,q3,perm,2085,1.0
C-WEU-FRA,Zone_4A Mixed Humid,rur,q3,perm,2090,1.0
C-WEU-FRA,Zone_4A Mixed Humid,rur,q3,perm,2095,1.0
C-WEU-FRA,Zone_4A Mixed Humid,rur,q3,perm,2100,1.0
C-WEU-FRA,Zone_4A Mixed Humid,rur,q3,sub,2015,0.0
C-WEU-FRA,Zone_4A Mixed Humid,rur,q3,sub,2020,0.0
C-WEU-FRA,Zone_4A Mixed Humid,rur,q3,sub,2025,0.0
C-WEU-FRA,Zone_4A Mixed Humid,rur,q3,sub,2030,0.0
C-WEU-FRA,Zone_4A Mixed Humid,rur,q3,sub,2035,0.0
C-WEU-FRA,Zone_4A Mixed Humid,rur,q3,sub,2040,0.0
C-WEU-FRA,Zone_4A Mixed Humid,rur,q3,sub,2045,0.0
C-WEU-FRA,Zone_4A Mixed Humid,rur,q3,sub,2050,0.0
C-WEU-FRA,Zone_4A Mixed Humid,rur,q3,sub,2055,0.0
C-WEU-FRA,Zone_4A Mixed Humid,rur,q3,sub,2060,0.0
C-WEU-FRA,Zone_4A Mixed Humid,rur,q3,sub,2065,0.0
C-WEU-FRA,Zone_4A Mixed Humid,rur,q3,sub,2070,0.0
C-WEU-FRA,Zone_4A Mixed Humid,rur,q3,sub,2075,0.0
C-WEU-FRA,Zone_4A Mixed Humid,rur,q3,sub,2080,0.0
C-WEU-FRA,Zone_4A Mixed Humid,rur,q3,sub,2085,0.0
C-WEU-FRA,Zone_4A Mixed Humid,rur,q3,sub,2090,0.0
C-WEU-FRA,Zone_4A Mixed Humid,rur,q3,sub,2095,0.0
C-WEU-FRA,Zone_4A Mixed Humid,rur,q3,sub,2100,0.0
C-WEU-FRA,Zone_4A Mixed Humid,urb,q1,perm,2015,1.0
C-WEU-FRA,Zone_4A Mixed Humid,urb,q1,perm,2020,1.0
C-WEU-FRA,Zone_4A Mixed Humid,urb,q1,perm,2025,1.0
C-WEU-FRA,Zone_4A Mixed Humid,urb,q1,perm,2030,1.0
C-WEU-FRA,Zone_4A Mixed Humid,urb,q1,perm,2035,1.0
C-WEU-FRA,Zone_4A Mixed Humid,urb,q1,perm,2040,1.0
C-WEU-FRA,Zone_4A Mixed Humid,urb,q1,perm,2045,1.0
C-WEU-FRA,Zone_4A Mixed Humid,urb,q1,perm,2050,1.0
C-WEU-FRA,Zone_4A Mixed Humid,urb,q1,perm,2055,1.0
C-WEU-FRA,Zone_4A Mixed Humid,urb,q1,perm,2060,1.0
C-WEU-FRA,Zone_4A Mixed Humid,urb,q1,perm,2065,1.0
C-WEU-FRA,Zone_4A Mixed Humid,urb,q1,perm,2070,1.0
C-WEU-FRA,Zone_4A Mixed Humid,urb,q1,perm,2075,1.0
C-WEU-FRA,Zone_4A Mixed Humid,urb,q1,perm,2080,1.0
C-WEU-FRA,Zone_4A Mixed Humid,urb,q1,perm,2085,1.0
C-WEU-FRA,Zone_4A Mixed Humid,urb,q1,perm,2090,1.0
C-WEU-FRA,Zone_4A Mixed Humid,urb,q1,perm,2095,1.0
C-WEU-FRA,Zone_4A Mixed Humid,urb,q1,perm,2100,1.0
C-WEU-FRA,Zone_4A Mixed Humid,urb,q1,sub,2015,0.0
C-WEU-FRA,Zone_4A Mixed Humid,urb,q1,sub,2020,0.0
C-WEU-FRA,Zone_4A Mixed Humid,urb,q1,sub,2025,0.0
C-WEU-FRA,Zone_4A Mixed Humid,urb,q1,sub,2030,0.0
C-WEU-FRA,Zone_4A Mixed Humid,urb,q1,sub,2035,0.0
C-WEU-FRA,Zone_4A Mixed Humid,urb,q1,sub,2040,0.0
C-WEU-FRA,Zone_4A Mixed Humid,urb,q1,sub,2045,0.0
C-WEU-FRA,Zone_4A Mixed Humid,urb,q1,sub,2050,0.0
C-WEU-FRA,Zone_4A Mixed Humid,urb,q1,sub,2055,0.0
C-WEU-FRA,Zone_4A Mixed Humid,urb,q1,sub,2060,0.0
C-WEU-FRA,Zone_4A Mixed Humid,urb,q1,sub,2065,0.0
C-WEU-FRA,Zone_4A Mixed Humid,urb,q1,sub,2070,0.0
C-WEU-FRA,Zone_4A Mixed Humid,urb,q1,sub,2075,0.0
C-WEU-FRA,Zone_4A Mixed Humid,urb,q1,sub,2080,0.0
C-WEU-FRA,Zone_4A Mixed Humid,urb,q1,sub,2085,0.0
C-WEU-FRA,Zone_4A Mixed Humid,urb,q1,sub,2090,0.0
C-WEU-FRA,Zone_4A Mixed Humid,urb,q1,sub,2095,0.0
C-WEU-FRA,Zone_4A Mixed Humid,urb,q1,sub,2100,0.0
C-WEU-FRA,Zone_4A Mixed Humid,urb,q2,perm,2015,1.0
C-WEU-FRA,Zone_4A Mixed Humid,urb,q2,perm,2020,1.0
C-WEU-FRA,Zone_4A Mixed Humid,urb,q2,perm,2025,1.0
C-WEU-FRA,Zone_4A Mixed Humid,urb,q2,perm,2030,1.0
C-WEU-FRA,Zone_4A Mixed Humid,urb,q2,perm,2035,1.0
C-WEU-FRA,Zone_4A Mixed Humid,urb,q2,perm,2040,1.0
C-WEU-FRA,Zone_4A Mixed Humid,urb,q2,perm,2045,1.0
C-WEU-FRA,Zone_4A Mixed Humid,urb,q2,perm,2050,1.0
C-WEU-FRA,Zone_4A Mixed Humid,urb,q2,perm,2055,1.0
C-WEU-FRA,Zone_4A Mixed Humid,urb,q2,perm,2060,1.0
C-WEU-FRA,Zone_4A Mixed Humid,urb,q2,perm,2065,1.0
C-WEU-FRA,Zone_4A Mixed Humid,urb,q2,perm,2070,1.0
C-WEU-FRA,Zone_4A Mixed Humid,urb,q2,perm,2075,1.0
C-WEU-FRA,Zone_4A Mixed Humid,urb,q2,perm,2080,1.0
C-WEU-FRA,Zone_4A Mixed Humid,urb,q2,perm,2085,1.0
C-WEU-FRA,Zone_4A Mixed Humid,urb,q2,perm,2090,1.0
C-WEU-FRA,Zone_4A Mixed Humid,urb,q2,perm,2095,1.0
C-WEU-FRA,Zone_4A Mixed Humid,urb,q2,perm,2100,1.0
C-WEU-FRA,Zone_4A Mixed Humid,urb,q2,sub,2015,0.0
C-WEU-FRA,Zone_4A Mixed Humid,urb,q2,sub,2020,0.0
C-WEU-FRA,Zone_4A Mixed Humid,urb,q2,sub,2025,0.0
C-WEU-FRA,Zone_4A Mixed Humid,urb,q2,sub,2030,0.0
C-WEU-FRA,Zone_4A Mixed Humid,urb,q2,sub,2035,0.0
C-WEU-FRA,Zone_4A Mixed Humid,urb,q2,sub,2040,0.0
C-WEU-FRA,Zone_4A Mixed Humid,urb,q2,sub,2045,0.0
C-WEU-FRA,Zone_4A Mixed Humid,urb,q2,sub,2050,0.0
C-WEU-FRA,Zone_4A Mixed Humid,urb,q2,sub,2055,0.0
C-WEU-FRA,Zone_4A Mixed Humid,urb,q2,sub,2060,0.0
C-WEU-FRA,Zone_4A Mixed Humid,urb,q2,sub,2065,0.0
C-WEU-FRA,Zone_4A Mixed Humid,urb,q2,sub,2070,0.0
C-WEU-FRA,Zone_4A Mixed Humid,urb,q2,sub,2075,0.0
C-WEU-FRA,Zone_4A Mixed Humid,urb,q2,sub,2080,0.0
C-WEU-FRA,Zone_4A Mixed Humid,urb,q2,sub,2085,0.0
C-WEU-FRA,Zone_4A Mixed Humid,urb,q2,sub,2090,0.0
C-WEU-FRA,Zone_4A Mixed Humid,urb,q2,sub,2095,0.0
C-WEU-FRA,Zone_4A Mixed Humid,urb,q2,sub,2100,0.0
C-WEU-FRA,Zone_4A Mixed Humid,urb,q3,perm,2015,1.0
C-WEU-FRA,Zone_4A Mixed Humid,urb,q3,perm,2020,1.0
C-WEU-FRA,Zone_4A Mixed Humid,urb,q3,perm,2025,1.0
C-WEU-FRA,Zone_4A Mixed Humid,urb,q3,perm,2030,1.0
C-WEU-FRA,Zone_4A Mixed Humid,urb,q3,perm,2035,1.0
C-WEU-FRA,Zone_4A Mixed Humid,urb,q3,perm,2040,1.0
C-WEU-FRA,Zone_4A Mixed Humid,urb,q3,perm,2045,1.0
C-WEU-FRA,Zone_4A Mixed Humid,urb,q3,perm,2050,1.0
C-WEU-FRA,Zone_4A Mixed Humid,urb,q3,perm,2055,1.0
C-WEU-FRA,Zone_4A Mixed Humid,urb,q3,perm,2060,1.0
C-WEU-FRA,Zone_4A Mixed Humid,urb,q3,perm,2065,1.0
C-WEU-FRA,Zone_4A Mixed Humid,urb,q3,perm,2070,1.0
C-WEU-FRA,Zone_4A Mixed Humid,urb,q3,perm,2075,1.0
C-WEU-FRA,Zone_4A Mixed Humid,urb,q3,perm,2080,1.0
C-WEU-FRA,Zone_4A Mixed Humid,urb,q3,perm,2085,1.0
C-WEU-FRA,Zone_4A Mixed Humid,urb,q3,perm,2090,1.0
C-WEU-FRA,Zone_4A Mixed Humid,urb,q3,perm,2095,1.0
C-WEU-FRA,Zone_4A Mixed Humid,urb,q3,perm,2100,1.0
C-WEU-FRA,Zone_4A Mixed Humid,urb,q3,sub,2015,0.0
C-WEU-FRA,Zone_4A Mixed Humid,urb,q3,sub,2020,0.0
C-WEU-FRA,Zone_4A Mixed Humid,urb,q3,sub,2025,0.0
C-WEU-FRA,Zone_4A Mixed Humid,urb,q3,sub,2030,0.0
C-WEU-FRA,Zone_4A Mixed Humid,urb,q3,sub,2035,0.0
C-WEU-FRA,Zone_4A Mixed Humid,urb,q3,sub,2040,0.0
C-WEU-FRA,Zone_4A Mixed Humid,urb,q3,sub,2045,0.0
C-WEU-FRA,Zone_4A Mixed Humid,urb,q3,sub,2050,0.0
C-WEU-FRA,Zone_4A Mixed Humid,urb,q3,sub,2055,0.0
C-WEU-FRA,Zone_4A Mixed Humid,urb,q3,sub,2060,0.0
C-WEU-FRA,Zone_4A Mixed Humid,urb,q3,sub,2065,0.0
C-WEU-FRA,Zone_4A Mixed Humid,urb,q3,sub,2070,0.0
C-WEU-FRA,Zone_4A Mixed Humid,urb,q3,sub,2075,0.0
C-WEU-FRA,Zone_4A Mixed Humid,urb,q3,sub,2080,0.0
C-WEU-FRA,Zone_4A Mixed Humid,urb,q3,sub,2085,0.0
C-WEU-FRA,Zone_4A Mixed Humid,urb,q3,sub,2090,0.0
C-WEU-FRA,Zone_4A Mixed Humid,urb,q3,sub,2095,0.0
C-WEU-FRA,Zone_4A Mixed Humid,urb,q3,sub,2100,0.0
C-WEU-FRA,Zone_4C Mixed Marine,rur,q1,perm,2015,0.005431273350236155
C-WEU-FRA,Zone_4C Mixed Marine,rur,q1,perm,2020,0.005431273350236155
C-WEU-FRA,Zone_4C Mixed Marine,rur,q1,perm,2025,0.0054807367966284
C-WEU-FRA,Zone_4C Mixed Marine,rur,q1,perm,2030,0.005498724756937587
C-WEU-FRA,Zone_4C Mixed Marine,rur,q1,perm,2035,0.005514653927880938
C-WEU-FRA,Zone_4C Mixed Marine,rur,q1,perm,2040,0.005537343300527804
C-WEU-FRA,Zone_4C Mixed Marine,rur,q1,perm,2045,0.005561029179868116
C-WEU-FRA,Zone_4C Mixed Marine,rur,q1,perm,2050,0.005579366798382444
C-WEU-FRA,Zone_4C Mixed Marine,rur,q1,perm,2055,0.005592667591795315
C-WEU-FRA,Zone_4C Mixed Marine,rur,q1,perm,2060,0.005601160676418757
C-WEU-FRA,Zone_4C Mixed Marine,rur,q1,perm,2065,0.00560966070443647
C-WEU-FRA,Zone_4C Mixed Marine,rur,q1,perm,2070,0.005620274328330679
C-WEU-FRA,Zone_4C Mixed Marine,rur,q1,perm,2075,0.005628134414246318
C-WEU-FRA,Zone_4C Mixed Marine,rur,q1,perm,2080,0.005632716160293851
C-WEU-FRA,Zone_4C Mixed Marine,rur,q1,perm,2085,0.005629335248143446
C-WEU-FRA,Zone_4C Mixed Marine,rur,q1,perm,2090,0.00561543566805603
C-WEU-FRA,Zone_4C Mixed Marine,rur,q1,perm,2095,0.005590910600688332
C-WEU-FRA,Zone_4C Mixed Marine,rur,q1,perm,2100,0.005557139038152038
C-WEU-FRA,Zone_4C Mixed Marine,rur,q1,sub,2015,0.0
C-WEU-FRA,Zone_4C Mixed Marine,rur,q1,sub,2020,0.0
C-WEU-FRA,Zone_4C Mixed Marine,rur,q1,sub,2025,0.0
C-WEU-FRA,Zone_4C Mixed Marine,rur,q1,sub,2030,0.0
C-WEU-FRA,Zone_4C Mixed Marine,rur,q1,sub,2035,0.0
C-WEU-FRA,Zone_4C Mixed Marine,rur,q1,sub,2040,0.0
C-WEU-FRA,Zone_4C Mixed Marine,rur,q1,sub,2045,0.0
C-WEU-FRA,Zone_4C Mixed Marine,rur,q1,sub,2050,0.0
C-WEU-FRA,Zone_4C Mixed Marine,rur,q1,sub,2055,0.0
C-WEU-FRA,Zone_4C Mixed Marine,rur,q1,sub,2060,0.0
C-WEU-FRA,Zone_4C Mixed Marine,rur,q1,sub,2065,0.0
C-WEU-FRA,Zone_4C Mixed Marine,rur,q1,sub,2070,0.0
C-WEU-FRA,Zone_4C Mixed Marine,rur,q1,sub,2075,0.0
C-WEU-FRA,Zone_4C Mixed Marine,rur,q1,sub,2080,0.0
C-WEU-FRA,Zone_4C Mixed Marine,rur,q1,sub,2085,0.0
C-WEU-FRA,Zone_4C Mixed Marine,rur,q1,sub,2090,0.0
C-WEU-FRA,Zone_4C Mixed Marine,rur,q1,sub,2095,0.0
C-WEU-FRA,Zone_4C Mixed Marine,rur,q1,sub,2100,0.0
C-WEU-FRA,Zone_4C Mixed Marine,rur,q2,perm,2015,0.005431273350236155
C-WEU-FRA,Zone_4C Mixed Marine,rur,q2,perm,2020,0.005431273350236155
C-WEU-FRA,Zone_4C Mixed Marine,rur,q2,perm,2025,0.0054807367966284
C-WEU-FRA,Zone_4C Mixed Marine,rur,q2,perm,2030,0.005498724756937587
C-WEU-FRA,Zone_4C Mixed Marine,rur,q2,perm,2035,0.005514653927880938
C-WEU-FRA,Zone_4C Mixed Marine,rur,q2,perm,2040,0.005537343300527804
C-WEU-FRA,Zone_4C Mixed Marine,rur,q2,perm,2045,0.005561029179868116
C-WEU-FRA,Zone_4C Mixed Marine,rur,q2,perm,2050,0.005579366798382444
C-WEU-FRA,Zone_4C Mixed Marine,rur,q2,perm,2055,0.005592667591795315
C-WEU-FRA,Zone_4C Mixed Marine,rur,q2,perm,2060,0.005601160676418757
C-WEU-FRA,Zone_4C Mixed Marine,rur,q2,perm,2065,0.00560966070443647
C-WEU-FRA,Zone_4C Mixed Marine,rur,q2,perm,2070,0.005620274328330679
C-WEU-FRA,Zone_4C Mixed Marine,rur,q2,perm,2075,0.005628134414246318
C-WEU-FRA,Zone_4C Mixed Marine,rur,q2,perm,2080,0.005632716160293851
C-WEU-FRA,Zone_4C Mixed Marine,rur,q2,perm,2085,0.005629335248143446
C-WEU-FRA,Zone_4C Mixed Marine,rur,q2,perm,2090,0.00561543566805603
C-WEU-FRA,Zone_4C Mixed Marine,rur,q2,perm,2095,0.005590910600688332
C-WEU-FRA,Zone_4C Mixed Marine,rur,q2,perm,2100,0.005557139038152038
C-WEU-FRA,Zone_4C Mixed Marine,rur,q2,sub,2015,0.0
C-WEU-FRA,Zone_4C Mixed Marine,rur,q2,sub,2020,0.0
C-WEU-FRA,Zone_4C Mixed Marine,rur,q2,sub,2025,0.0
C-WEU-FRA,Zone_4C Mixed Marine,rur,q2,sub,2030,0.0
C-WEU-FRA,Zone_4C Mixed Marine,rur,q2,sub,2035,0.0
C-WEU-FRA,Zone_4C Mixed Marine,rur,q2,sub,2040,0.0
C-WEU-FRA,Zone_4C Mixed Marine,rur,q2,sub,2045,0.0
C-WEU-FRA,Zone_4C Mixed Marine,rur,q2,sub,2050,0.0
C-WEU-FRA,Zone_4C Mixed Marine,rur,q2,sub,2055,0.0
C-WEU-FRA,Zone_4C Mixed Marine,rur,q2,sub,2060,0.0
C-WEU-FRA,Zone_4C Mixed Marine,rur,q2,sub,2065,0.0
C-WEU-FRA,Zone_4C Mixed Marine,rur,q2,sub,2070,0.0
C-WEU-FRA,Zone_4C Mixed Marine,rur,q2,sub,2075,0.0
C-WEU-FRA,Zone_4C Mixed Marine,rur,q2,sub,2080,0.0
C-WEU-FRA,Zone_4C Mixed Marine,rur,q2,sub,2085,0.0
C-WEU-FRA,Zone_4C Mixed Marine,rur,q2,sub,2090,0.0
C-WEU-FRA,Zone_4C Mixed Marine,rur,q2,sub,2095,0.0
C-WEU-FRA,Zone_4C Mixed Marine,rur,q2,sub,2100,0.0
C-WEU-FRA,Zone_4C Mixed Marine,rur,q3,perm,2015,0.005431273350236155
C-WEU-FRA,Zone_4C Mixed Marine,rur,q3,perm,2020,0.005431273350236155
C-WEU-FRA,Zone_4C Mixed Marine,rur,q3,perm,2025,0.0054807367966284
C-WEU-FRA,Zone_4C Mixed Marine,rur,q3,perm,2030,0.005498724756937587
C-WEU-FRA,Zone_4C Mixed Marine,rur,q3,perm,2035,0.005514653927880938
C-WEU-FRA,Zone_4C Mixed Marine,rur,q3,perm,2040,0.005537343300527804
C-WEU-FRA,Zone_4C Mixed Marine,rur,q3,perm,2045,0.005561029179868116
C-WEU-FRA,Zone_4C Mixed Marine,rur,q3,perm,2050,0.005579366798382444
C-WEU-FRA,Zone_4C Mixed Marine,rur,q3,perm,2055,0.005592667591795315
C-WEU-FRA,Zone_4C Mixed Marine,rur,q3,perm,2060,0.005601160676418757
C-WEU-FRA,Zone_4C Mixed Marine,rur,q3,perm,2065,0.00560966070443647
C-WEU-FRA,Zone_4C Mixed Marine,rur,q3,perm,2070,0.005620274328330679
C-WEU-FRA,Zone_4C Mixed Marine,rur,q3,perm,2075,0.005628134414246318
C-WEU-FRA,Zone_4C Mixed Marine,rur,q3,perm,2080,0.005632716160293851
C-WEU-FRA,Zone_4C Mixed Marine,rur,q3,perm,2085,0.005629335248143446
C-WEU-FRA,Zone_4C Mixed Marine,rur,q3,perm,2090,0.00561543566805603
C-WEU-FRA,Zone_4C Mixed Marine,rur,q3,perm,2095,0.005590910600688332
C-WEU-FRA,Zone_4C Mixed Marine,rur,q3,perm,2100,0.005557139038152038
C-WEU-FRA,Zone_4C Mixed Marine,rur,q3,sub,2015,0.0
C-WEU-FRA,Zone_4C Mixed Marine,rur,q3,sub,2020,0.0
C-WEU-FRA,Zone_4C Mixed Marine,rur,q3,sub,2025,0.0
C-WEU-FRA,Zone_4C Mixed Marine,rur,q3,sub,2030,0.0
C-WEU-FRA,Zone_4C Mixed Marine,rur,q3,sub,2035,0.0
C-WEU-FRA,Zone_4C Mixed Marine,rur,q3,sub,2040,0.0
C-WEU-FRA,Zone_4C Mixed Marine,rur,q3,sub,2045,0.0
C-WEU-FRA,Zone_4C Mixed Marine,rur,q3,sub,2050,0.0
C-WEU-FRA,Zone_4C Mixed Marine,rur,q3,sub,2055,0.0
C-WEU-FRA,Zone_4C Mixed Marine,rur,q3,sub,2060,0.0
C-WEU-FRA,Zone_4C Mixed Marine,rur,q3,sub,2065,0.0
C-WEU-FRA,Zone_4C Mixed Marine,rur,q3,sub,2070,0.0
C-WEU-FRA,Zone_4C Mixed Marine,rur,q3,sub,2075,0.0
C-WEU-FRA,Zone_4C Mixed Marine,rur,q3,sub,2080,0.0
C-WEU-FRA,Zone_4C Mixed Marine,rur,q3,sub,2085,0.0
C-WEU-FRA,Zone_4C Mixed Marine,rur,q3,sub,2090,0.0
C-WEU-FRA,Zone_4C Mixed Marine,rur,q3,sub,2095,0.0
C-WEU-FRA,Zone_4C Mixed Marine,rur,q3,sub,2100,0.0
C-WEU-FRA,Zone_4C Mixed Marine,urb,q1,perm,2015,0.005340724612514865
C-WEU-FRA,Zone_4C Mixed Marine,urb,q1,perm,2020,0.005340724612514865
C-WEU-FRA,Zone_4C Mixed Marine,urb,q1,perm,2025,0.005388292485906658
C-WEU-FRA,Zone_4C Mixed Marine,urb,q1,perm,2030,0.005404877699318464
C-WEU-FRA,Zone_4C Mixed Marine,urb,q1,perm,2035,0.005419088087675295
C-WEU-FRA,Zone_4C Mixed Marine,urb,q1,perm,2040,0.005439998941090884
C-WEU-FRA,Zone_4C Mixed Marine,urb,q1,perm,2045,0.005462190164544146
C-WEU-FRA,Zone_4C Mixed Marine,urb,q1,perm,2050,0.005479311779500843
C-WEU-FRA,Zone_4C Mixed Marine,urb,q1,perm,2055,0.0054915272242719426
C-WEU-FRA,Zone_4C Mixed Marine,urb,q1,perm,2060,0.005499001055796128
C-WEU-FRA,Zone_4C Mixed Marine,urb,q1,perm,2065,0.005506467438934879
C-WEU-FRA,Zone_4C Mixed Marine,urb,q1,perm,2070,0.005516015470617146
C-WEU-FRA,Zone_4C Mixed Marine,urb,q1,perm,2075,0.005522910348605881
C-WEU-FRA,Zone_4C Mixed Marine,urb,q1,perm,2080,0.005526721214249467
C-WEU-FRA,Zone_4C Mixed Marine,urb,q1,perm,2085,0.005522956003658506
C-WEU-FRA,Zone_4C Mixed Marine,urb,q1,perm,2090,0.005509281041643213
C-WEU-FRA,Zone_4C Mixed Marine,urb,q1,perm,2095,0.005485607499526868
C-WEU-FRA,Zone_4C Mixed Marine,urb,q1,perm,2100,0.005453119925373618
C-WEU-FRA,Zone_4C Mixed Marine,urb,q1,sub,2015,0.0
C-WEU-FRA,Zone_4C Mixed Marine,urb,q1,sub,2020,0.0
C-WEU-FRA,Zone_4C Mixed Marine,urb,q1,sub,2025,0.0
C-WEU-FRA,Zone_4C Mixed Marine,urb,q1,sub,2030,0.0
C-WEU-FRA,Zone_4C Mixed Marine,urb,q1,sub,2035,0.0
C-WEU-FRA,Zone_4C Mixed Marine,urb,q1,sub,2040,0.0
C-WEU-FRA,Zone_4C Mixed Marine,urb,q1,sub,2045,0.0
C-WEU-FRA,Zone_4C Mixed Marine,urb,q1,sub,2050,0.0
C-WEU-FRA,Zone_4C Mixed Marine,urb,q1,sub,2055,0.0
C-WEU-FRA,Zone_4C Mixed Marine,urb,q1,sub,2060,0.0
C-WEU-FRA,Zone_4C Mixed Marine,urb,q1,sub,2065,0.0
C-WEU-FRA,Zone_4C Mixed Marine,urb,q1,sub,2070,0.0
C-WEU-FRA,Zone_4C Mixed Marine,urb,q1,sub,2075,0.0
C-WEU-FRA,Zone_4C Mixed Marine,urb,q1,sub,2080,0.0
C-WEU-FRA,Zone_4C Mixed Marine,urb,q1,sub,2085,0.0
C-WEU-FRA,Zone_4C Mixed Marine,urb,q1,sub,2090,0.0
C-WEU-FRA,Zone_4C Mixed Marine,urb,q1,sub,2095,0.0
C-WEU-FRA,Zone_4C Mixed Marine,urb,q1,sub,2100,0.0
C-WEU-FRA,Zone_4C Mixed Marine,urb,q2,perm,2015,0.005340724612514865
C-WEU-FRA,Zone_4C Mixed Marine,urb,q2,perm,2020,0.005340724612514865
C-WEU-FRA,Zone_4C Mixed Marine,urb,q2,perm,2025,0.005388292485906658
C-WEU-FRA,Zone_4C Mixed Marine,urb,q2,perm,2030,0.005404877699318464
C-WEU-FRA,Zone_4C Mixed Marine,urb,q2,perm,2035,0.005419088087675295
C-WEU-FRA,Zone_4C Mixed Marine,urb,q2,perm,2040,0.005439998941090884
C-WEU-FRA,Zone_4C Mixed Marine,urb,q2,perm,2045,0.005462190164544146
C-WEU-FRA,Zone_4C Mixed Marine,urb,q2,perm,2050,0.005479311779500843
C-WEU-FRA,Zone_4C Mixed Marine,urb,q2,perm,2055,0.0054915272242719426
C-WEU-FRA,Zone_4C Mixed Marine,urb,q2,perm,2060,0.005499001055796128
C-WEU-FRA,Zone_4C Mixed Marine,urb,q2,perm,2065,0.005506467438934879
C-WEU-FRA,Zone_4C Mixed Marine,urb,q2,perm,2070,0.005516015470617146
C-WEU-FRA,Zone_4C Mixed Marine,urb,q2,perm,2075,0.005522910348605881
C-WEU-FRA,Zone_4C Mixed Marine,urb,q2,perm,2080,0.005526721214249467
C-WEU-FRA,Zone_4C Mixed Marine,urb,q2,perm,2085,0.005522956003658506
C-WEU-FRA,Zone_4C Mixed Marine,urb,q2,perm,2090,0.005509281041643213
C-WEU-FRA,Zone_4C Mixed Marine,urb,q2,perm,2095,0.005485607499526868
C-WEU-FRA,Zone_4C Mixed Marine,urb,q2,perm,2100,0.005453119925373618
C-WEU-FRA,Zone_4C Mixed Marine,urb,q2,sub,2015,0.0
C-WEU-FRA,Zone_4C Mixed Marine,urb,q2,sub,2020,0.0
C-WEU-FRA,Zone_4C Mixed Marine,urb,q2,sub,2025,0.0
C-WEU-FRA,Zone_4C Mixed Marine,urb,q2,sub,2030,0.0
C-WEU-FRA,Zone_4C Mixed Marine,urb,q2,sub,2035,0.0
C-WEU-FRA,Zone_4C Mixed Marine,urb,q2,sub,2040,0.0
C-WEU-FRA,Zone_4C Mixed Marine,urb,q2,sub,2045,0.0
C-WEU-FRA,Zone_4C Mixed Marine,urb,q2,sub,2050,0.0
C-WEU-FRA,Zone_4C Mixed Marine,urb,q2,sub,2055,0.0
C-WEU-FRA,Zone_4C Mixed Marine,urb,q2,sub,2060,0.0
C-WEU-FRA,Zone_4C Mixed Marine,urb,q2,sub,2065,0.0
C-WEU-FRA,Zone_4C Mixed Marine,urb,q2,sub,2070,0.0
C-WEU-FRA,Zone_4C Mixed Marine,urb,q2,sub,2075,0.0
C-WEU-FRA,Zone_4C Mixed Marine,urb,q2,sub,2080,0.0
C-WEU-FRA,Zone_4C Mixed Marine,urb,q2,sub,2085,0.0
C-WEU-FRA,Zone_4C Mixed Marine,urb,q2,sub,2090,0.0
C-WEU-FRA,Zone_4C Mixed Marine,urb,q2,sub,2095,0.0
C-WEU-FRA,Zone_4C Mixed Marine,urb,q2,sub,2100,0.0
C-WEU-FRA,Zone_4C Mixed Marine,urb,q3,perm,2015,0.005340724612514865
C-WEU-FRA,Zone_4C Mixed Marine,urb,q3,perm,2020,0.005340724612514865
C-WEU-FRA,Zone_4C Mixed Marine,urb,q3,perm,2025,0.005388292485906658
C-WEU-FRA,Zone_4C Mixed Marine,urb,q3,perm,2030,0.005404877699318464
C-WEU-FRA,Zone_4C Mixed Marine,urb,q3,perm,2035,0.005419088087675295
C-WEU-FRA,Zone_4C Mixed Marine,urb,q3,perm,2040,0.005439998941090884
C-WEU-FRA,Zone_4C Mixed Marine,urb,q3,perm,2045,0.005462190164544146
C-WEU-FRA,Zone_4C Mixed Marine,urb,q3,perm,2050,0.005479311779500843
C-WEU-FRA,Zone_4C Mixed Marine,urb,q3,perm,2055,0.0054915272242719426
C-WEU-FRA,Zone_4C Mixed Marine,urb,q3,perm,2060,0.005499001055796128
C-WEU-FRA,Zone_4C Mixed Marine,urb,q3,perm,2065,0.005506467438934879
C-WEU-FRA,Zone_4C Mixed Marine,urb,q3,perm,2070,0.005516015470617146
C-WEU-FRA,Zone_4C Mixed Marine,urb,q3,perm,2075,0.005522910348605881
C-WEU-FRA,Zone_4C Mixed Marine,urb,q3,perm,2080,0.005526721214249467
C-WEU-FRA,Zone_4C Mixed Marine,urb,q3,perm,2085,0.005522956003658506
C-WEU-FRA,Zone_4C Mixed Marine,urb,q3,perm,2090,0.005509281041643213
C-WEU-FRA,Zone_4C Mixed Marine,urb,q3,perm,2095,0.005485607499526868
C-WEU-FRA,Zone_4C Mixed Marine,urb,q3,perm,2100,0.005453119925373618
C-WEU-FRA,Zone_4C Mixed Marine,urb,q3,sub,2015,0.0
C-WEU-FRA,Zone_4C Mixed Marine,urb,q3,sub,2020,0.0
C-WEU-FRA,Zone_4C Mixed Marine,urb,q3,sub,2025,0.0
C-WEU-FRA,Zone_4C Mixed Marine,urb,q3,sub,2030,0.0
C-WEU-FRA,Zone_4C Mixed Marine,urb,q3,sub,2035,0.0
C-WEU-FRA,Zone_4C Mixed Marine,urb,q3,sub,2040,0.0
C-WEU-FRA,Zone_4C Mixed Marine,urb,q3,sub,2045,0.0
C-WEU-FRA,Zone_4C Mixed Marine,urb,q3,sub,2050,0.0
C-WEU-FRA,Zone_4C Mixed Marine,urb,q3,sub,2055,0.0
C-WEU-FRA,Zone_4C Mixed Marine,urb,q3,sub,2060,0.0
C-WEU-FRA,Zone_4C Mixed Marine,urb,q3,sub,2065,0.0
C-WEU-FRA,Zone_4C Mixed Marine,urb,q3,sub,2070,0.0
C-WEU-FRA,Zone_4C Mixed Marine,urb,q3,sub,2075,0.0
C-WEU-FRA,Zone_4C Mixed Marine,urb,q3,sub,2080,0.0
C-WEU-FRA,Zone_4C Mixed Marine,urb,q3,sub,2085,0.0
C-WEU-FRA,Zone_4C Mixed Marine,urb,q3,sub,2090,0.0
C-WEU-FRA,Zone_4C Mixed Marine,urb,q3,sub,2095,0.0
C-WEU-FRA,Zone_4C Mixed Marine,urb,q3,sub,2100,0.0
C-WEU-FRA,Zone_5A Cool Humid,rur,q1,perm,2015,1.0
C-WEU-FRA,Zone_5A Cool Humid,rur,q1,perm,2020,1.0
C-WEU-FRA,Zone_5A Cool Humid,rur,q1,perm,2025,1.0
C-WEU-FRA,Zone_5A Cool Humid,rur,q1,perm,2030,1.0
C-WEU-FRA,Zone_5A Cool Humid,rur,q1,perm,2035,1.0
C-WEU-FRA,Zone_5A Cool Humid,rur,q1,perm,2040,1.0
C-WEU-FRA,Zone_5A Cool Humid,rur,q1,perm,2045,1.0
C-WEU-FRA,Zone_5A Cool Humid,rur,q1,perm,2050,1.0
C-WEU-FRA,Zone_5A Cool Humid,rur,q1,perm,2055,1.0
C-WEU-FRA,Zone_5A Cool Humid,rur,q1,perm,2060,1.0
C-WEU-FRA,Zone_5A Cool Humid,rur,q1,perm,2065,1.0
C-WEU-FRA,Zone_5A Cool Humid,rur,q1,perm,2070,1.0
C-WEU-FRA,Zone_5A Cool Humid,rur,q1,perm,2075,1.0
C-WEU-FRA,Zone_5A Cool Humid,rur,q1,perm,2080,1.0
C-WEU-FRA,Zone_5A Cool Humid,rur,q1,perm,2085,1.0
C-WEU-FRA,Zone_5A Cool Humid,rur,q1,perm,2090,1.0
C-WEU-FRA,Zone_5A Cool Humid,rur,q1,perm,2095,1.0
C-WEU-FRA,Zone_5A Cool Humid,rur,q1,perm,2100,1.0
C-WEU-FRA,Zone_5A Cool Humid,rur,q1,sub,2015,0.0
C-WEU-FRA,Zone_5A Cool Humid,rur,q1,sub,2020,0.0
C-WEU-FRA,Zone_5A Cool Humid,rur,q1,sub,2025,0.0
C-WEU-FRA,Zone_5A Cool Humid,rur,q1,sub,2030,0.0
C-WEU-FRA,Zone_5A Cool Humid,rur,q1,sub,2035,0.0
C-WEU-FRA,Zone_5A Cool Humid,rur,q1,sub,2040,0.0
C-WEU-FRA,Zone_5A Cool Humid,rur,q1,sub,2045,0.0
C-WEU-FRA,Zone_5A Cool Humid,rur,q1,sub,2050,0.0
C-WEU-FRA,Zone_5A Cool Humid,rur,q1,sub,2055,0.0
C-WEU-FRA,Zone_5A Cool Humid,rur,q1,sub,2060,0.0
C-WEU-FRA,Zone_5A Cool Humid,rur,q1,sub,2065,0.0
C-WEU-FRA,Zone_5A Cool Humid,rur,q1,sub,2070,0.0
C-WEU-FRA,Zone_5A Cool Humid,rur,q1,sub,2075,0.0
C-WEU-FRA,Zone_5A Cool Humid,rur,q1,sub,2080,0.0
C-WEU-FRA,Zone_5A Cool Humid,rur,q1,sub,2085,0.0
C-WEU-FRA,Zone_5A Cool Humid,rur,q1,sub,2090,0.0
C-WEU-FRA,Zone_5A Cool Humid,rur,q1,sub,2095,0.0
C-WEU-FRA,Zone_5A Cool Humid,rur,q1,sub,2100,0.0
C-WEU-FRA,Zone_5A Cool Humid,rur,q2,perm,2015,1.0
C-WEU-FRA,Zone_5A Cool Humid,rur,q2,perm,2020,1.0
C-WEU-FRA,Zone_5A Cool Humid,rur,q2,perm,2025,1.0
C-WEU-FRA,Zone_5A Cool Humid,rur,q2,perm,2030,1.0
C-WEU-FRA,Zone_5A Cool Humid,rur,q2,perm,2035,1.0
C-WEU-FRA,Zone_5A Cool Humid,rur,q2,perm,2040,1.0
C-WEU-FRA,Zone_5A Cool Humid,rur,q2,perm,2045,1.0
C-WEU-FRA,Zone_5A Cool Humid,rur,q2,perm,2050,1.0
C-WEU-FRA,Zone_5A Cool Humid,rur,q2,perm,2055,1.0
C-WEU-FRA,Zone_5A Cool Humid,rur,q2,perm,2060,1.0
C-WEU-FRA,Zone_5A Cool Humid,rur,q2,perm,2065,1.0
C-WEU-FRA,Zone_5A Cool Humid,rur,q2,perm,2070,1.0
C-WEU-FRA,Zone_5A Cool Humid,rur,q2,perm,2075,1.0
C-WEU-FRA,Zone_5A Cool Humid,rur,q2,perm,2080,1.0
C-WEU-FRA,Zone_5A Cool Humid,rur,q2,perm,2085,1.0
C-WEU-FRA,Zone_5A Cool Humid,rur,q2,perm,2090,1.0
C-WEU-FRA,Zone_5A Cool Humid,rur,q2,perm,2095,1.0
C-WEU-FRA,Zone_5A Cool Humid,rur,q2,perm,2100,1.0
C-WEU-FRA,Zone_5A Cool Humid,rur,q2,sub,2015,0.0
C-WEU-FRA,Zone_5A Cool Humid,rur,q2,sub,2020,0.0
C-WEU-FRA,Zone_5A Cool Humid,rur,q2,sub,2025,0.0
C-WEU-FRA,Zone_5A Cool Humid,rur,q2,sub,2030,0.0
C-WEU-FRA,Zone_5A Cool Humid,rur,q2,sub,2035,0.0
C-WEU-FRA,Zone_5A Cool Humid,rur,q2,sub,2040,0.0
C-WEU-FRA,Zone_5A Cool Humid,rur,q2,sub,2045,0.0
C-WEU-FRA,Zone_5A Cool Humid,rur,q2,sub,2050,0.0
C-WEU-FRA,Zone_5A Cool Humid,rur,q2,sub,2055,0.0
C-WEU-FRA,Zone_5A Cool Humid,rur,q2,sub,2060,0.0
C-WEU-FRA,Zone_5A Cool Humid,rur,q2,sub,2065,0.0
C-WEU-FRA,Zone_5A Cool Humid,rur,q2,sub,2070,0.0
C-WEU-FRA,Zone_5A Cool Humid,rur,q2,sub,2075,0.0
C-WEU-FRA,Zone_5A Cool Humid,rur,q2,sub,2080,0.0
C-WEU-FRA,Zone_5A Cool Humid,rur,q2,sub,2085,0.0
C-WEU-FRA,Zone_5A Cool Humid,rur,q2,sub,2090,0.0
C-WEU-FRA,Zone_5A Cool Humid,rur,q2,sub,2095,0.0
C-WEU-FRA,Zone_5A Cool Humid,rur,q2,sub,2100,0.0
C-WEU-FRA,Zone_5A Cool Humid,rur,q3,perm,2015,1.0
C-WEU-FRA,Zone_5A Cool Humid,rur,q3,perm,2020,1.0
C-WEU-FRA,Zone_5A Cool Humid,rur,q3,perm,2025,1.0
C-WEU-FRA,Zone_5A Cool Humid,rur,q3,perm,2030,1.0
C-WEU-FRA,Zone_5A Cool Humid,rur,q3,perm,2035,1.0
C-WEU-FRA,Zone_5A Cool Humid,rur,q3,perm,2040,1.0
C-WEU-FRA,Zone_5A Cool Humid,rur,q3,perm,2045,1.0
C-WEU-FRA,Zone_5A Cool Humid,rur,q3,perm,2050,1.0
C-WEU-FRA,Zone_5A Cool Humid,rur,q3,perm,2055,1.0
C-WEU-FRA,Zone_5A Cool Humid,rur,q3,perm,2060,1.0
C-WEU-FRA,Zone_5A Cool Humid,rur,q3,perm,2065,1.0
C-WEU-FRA,Zone_5A Cool Humid,rur,q3,perm,2070,1.0
C-WEU-FRA,Zone_5A Cool Humid,rur,q3,perm,2075,1.0
C-WEU-FRA,Zone_5A Cool Humid,rur,q3,perm,2080,1.0
C-WEU-FRA,Zone_5A Cool Humid,rur,q3,perm,2085,1.0
C-WEU-FRA,Zone_5A Cool Humid,rur,q3,perm,2090,1.0
C-WEU-FRA,Zone_5A Cool Humid,rur,q3,perm,2095,1.0
C-WEU-FRA,Zone_5A Cool Humid,rur,q3,perm,2100,1.0
C-WEU-FRA,Zone_5A Cool Humid,rur,q3,sub,2015,0.0
C-WEU-FRA,Zone_5A Cool Humid,rur,q3,sub,2020,0.0
C-WEU-FRA,Zone_5A Cool Humid,rur,q3,sub,2025,0.0
C-WEU-FRA,Zone_5A Cool Humid,rur,q3,sub,2030,0.0
C-WEU-FRA,Zone_5A Cool Humid,rur,q3,sub,2035,0.0
C-WEU-FRA,Zone_5A Cool Humid,rur,q3,sub,2040,0.0
C-WEU-FRA,Zone_5A Cool Humid,rur,q3,sub,2045,0.0
C-WEU-FRA,Zone_5A Cool Humid,rur,q3,sub,2050,0.0
C-WEU-FRA,Zone_5A Cool Humid,rur,q3,sub,2055,0.0
C-WEU-FRA,Zone_5A Cool Humid,rur,q3,sub,2060,0.0
C-WEU-FRA,Zone_5A Cool Humid,rur,q3,sub,2065,0.0
C-WEU-FRA,Zone_5A Cool Humid,rur,q3,sub,2070,0.0
C-WEU-FRA,Zone_5A Cool Humid,rur,q3,sub,2075,0.0
C-WEU-FRA,Zone_5A Cool Humid,rur,q3,sub,2080,0.0
C-WEU-FRA,Zone_5A Cool Humid,rur,q3,sub,2085,0.0
C-WEU-FRA,Zone_5A Cool Humid,rur,q3,sub,2090,0.0
C-WEU-FRA,Zone_5A Cool Humid,rur,q3,sub,2095,0.0
C-WEU-FRA,Zone_5A Cool Humid,rur,q3,sub,2100,0.0
C-WEU-FRA,Zone_5A Cool Humid,urb,q1,perm,2015,1.0
C-WEU-FRA,Zone_5A Cool Humid,urb,q1,perm,2020,1.0
C-WEU-FRA,Zone_5A Cool Humid,urb,q1,perm,2025,1.0
C-WEU-FRA,Zone_5A Cool Humid,urb,q1,perm,2030,1.0
C-WEU-FRA,Zone_5A Cool Humid,urb,q1,perm,2035,1.0
C-WEU-FRA,Zone_5A Cool Humid,urb,q1,perm,2040,1.0
C-WEU-FRA,Zone_5A Cool Humid,urb,q1,perm,2045,1.0
C-WEU-FRA,Zone_5A Cool Humid,urb,q1,perm,2050,1.0
C-WEU-FRA,Zone_5A Cool Humid,urb,q1,perm,2055,1.0
C-WEU-FRA,Zone_5A Cool Humid,urb,q1,perm,2060,1.0
C-WEU-FRA,Zone_5A Cool Humid,urb,q1,perm,2065,1.0
C-WEU-FRA,Zone_5A Cool Humid,urb,q1,perm,2070,1.0
C-WEU-FRA,Zone_5A Cool Humid,urb,q1,perm,2075,1.0
C-WEU-FRA,Zone_5A Cool Humid,urb,q1,perm,2080,1.0
C-WEU-FRA,Zone_5A Cool Humid,urb,q1,perm,2085,1.0
C-WEU-FRA,Zone_5A Cool Humid,urb,q1,perm,2090,1.0
C-WEU-FRA,Zone_5A Cool Humid,urb,q1,perm,2095,1.0
C-WEU-FRA,Zone_5A Cool Humid,urb,q1,perm,2100,1.0
C-WEU-FRA,Zone_5A Cool Humid,urb,q1,sub,2015,0.0
C-WEU-FRA,Zone_5A Cool Humid,urb,q1,sub,2020,0.0
C-WEU-FRA,Zone_5A Cool Humid,urb,q1,sub,2025,0.0
C-WEU-FRA,Zone_5A Cool Humid,urb,q1,sub,2030,0.0
C-WEU-FRA,Zone_5A Cool Humid,urb,q1,sub,2035,0.0
C-WEU-FRA,Zone_5A Cool Humid,urb,q1,sub,2040,0.0
C-WEU-FRA,Zone_5A Cool Humid,urb,q1,sub,2045,0.0
C-WEU-FRA,Zone_5A Cool Humid,urb,q1,sub,2050,0.0
C-WEU-FRA,Zone_5A Cool Humid,urb,q1,sub,2055,0.0
C-WEU-FRA,Zone_5A Cool Humid,urb,q1,sub,2060,0.0
C-WEU-FRA,Zone_5A Cool Humid,urb,q1,sub,2065,0.0
C-WEU-FRA,Zone_5A Cool Humid,urb,q1,sub,2070,0.0
C-WEU-FRA,Zone_5A Cool Humid,urb,q1,sub,2075,0.0
C-WEU-FRA,Zone_5A Cool Humid,urb,q1,sub,2080,0.0
C-WEU-FRA,Zone_5A Cool Humid,urb,q1,sub,2085,0.0
C-WEU-FRA,Zone_5A Cool Humid,urb,q1,sub,2090,0.0
C-WEU-FRA,Zone_5A Cool Humid,urb,q1,sub,2095,0.0
C-WEU-FRA,Zone_5A Cool Humid,urb,q1,sub,2100,0.0
C-WEU-FRA,Zone_5A Cool Humid,urb,q2,perm,2015,1.0
C-WEU-FRA,Zone_5A Cool Humid,urb,q2,perm,2020,1.0
C-WEU-FRA,Zone_5A Cool Humid,urb,q2,perm,2025,1.0
C-WEU-FRA,Zone_5A Cool Humid,urb,q2,perm,2030,1.0
C-WEU-FRA,Zone_5A Cool Humid,urb,q2,perm,2035,1.0
C-WEU-FRA,Zone_5A Cool Humid,urb,q2,perm,2040,1.0
C-WEU-FRA,Zone_5A Cool Humid,urb,q2,perm,2045,1.0
C-WEU-FRA,Zone_5A Cool Humid,urb,q2,perm,2050,1.0
C-WEU-FRA,Zone_5A Cool Humid,urb,q2,perm,2055,1.0
C-WEU-FRA,Zone_5A Cool Humid,urb,q2,perm,2060,1.0
C-WEU-FRA,Zone_5A Cool Humid,urb,q2,perm,2065,1.0
C-WEU-FRA,Zone_5A Cool Humid,urb,q2,perm,2070,1.0
C-WEU-FRA,Zone_5A Cool Humid,urb,q2,perm,2075,1.0
C-WEU-FRA,Zone_5A Cool Humid,urb,q2,perm,2080,1.0
C-WEU-FRA,Zone_5A Cool Humid,urb,q2,perm,2085,1.0
C-WEU-FRA,Zone_5A Cool Humid,urb,q2,perm,2090,1.0
C-WEU-FRA,Zone_5A Cool Humid,urb,q2,perm,2095,1.0
C-WEU-FRA,Zone_5A Cool Humid,urb,q2,perm,2100,1.0
C-WEU-FRA,Zone_5A Cool Humid,urb,q2,sub,2015,0.0
C-WEU-FRA,Zone_5A Cool Humid,urb,q2,sub,2020,0.0
C-WEU-FRA,Zone_5A Cool Humid,urb,q2,sub,2025,0.0
C-WEU-FRA,Zone_5A Cool Humid,urb,q2,sub,2030,0.0
C-WEU-FRA,Zone_5A Cool Humid,urb,q2,sub,2035,0.0
C-WEU-FRA,Zone_5A Cool Humid,urb,q2,sub,2040,0.0
C-WEU-FRA,Zone_5A Cool Humid,urb,q2,sub,2045,0.0
C-WEU-FRA,Zone_5A Cool Humid,urb,q2,sub,2050,0.0
C-WEU-FRA,Zone_5A Cool Humid,urb,q2,sub,2055,0.0
C-WEU-FRA,Zone_5A Cool Humid,urb,q2,sub,2060,0.0
C-WEU-FRA,Zone_5A Cool Humid,urb,q2,sub,2065,0.0
C-WEU-FRA,Zone_5A Cool Humid,urb,q2,sub,2070,0.0
C-WEU-FRA,Zone_5A Cool Humid,urb,q2,sub,2075,0.0
C-WEU-FRA,Zone_5A Cool Humid,urb,q2,sub,2080,0.0
C-WEU-FRA,Zone_5A Cool Humid,urb,q2,sub,2085,0.0
C-WEU-FRA,Zone_5A Cool Humid,urb,q2,sub,2090,0.0
C-WEU-FRA,Zone_5A Cool Humid,urb,q2,sub,2095,0.0
C-WEU-FRA,Zone_5A Cool Humid,urb,q2,sub,2100,0.0
C-WEU-FRA,Zone_5A Cool Humid,urb,q3,perm,2015,1.0
C-WEU-FRA,Zone_5A Cool Humid,urb,q3,perm,2020,1.0
C-WEU-FRA,Zone_5A Cool Humid,urb,q3,perm,2025,1.0
C-WEU-FRA,Zone_5A Cool Humid,urb,q3,perm,2030,1.0
C-WEU-FRA,Zone_5A Cool Humid,urb,q3,perm,2035,1.0
C-WEU-FRA,Zone_5A Cool Humid,urb,q3,perm,2040,1.0
C-WEU-FRA,Zone_5A Cool Humid,urb,q3,perm,2045,1.0
C-WEU-FRA,Zone_5A Cool Humid,urb,q3,perm,2050,1.0
C-WEU-FRA,Zone_5A Cool Humid,urb,q3,perm,2055,1.0
C-WEU-FRA,Zone_5A Cool Humid,urb,q3,perm,2060,1.0
C-WEU-FRA,Zone_5A Cool Humid,urb,q3,perm,2065,1.0
C-WEU-FRA,Zone_5A Cool Humid,urb,q3,perm,2070,1.0
C-WEU-FRA,Zone_5A Cool Humid,urb,q3,perm,2075,1.0
C-WEU-FRA,Zone_5A Cool Humid,urb,q3,perm,2080,1.0
C-WEU-FRA,Zone_5A Cool Humid,urb,q3,perm,2085,1.0
C-WEU-FRA,Zone_5A Cool Humid,urb,q3,perm,2090,1.0
C-WEU-FRA,Zone_5A Cool Humid,urb,q3,perm,2095,1.0
C-WEU-FRA,Zone_5A Cool Humid,urb,q3,perm,2100,1.0
C-WEU-FRA,Zone_5A Cool Humid,urb,q3,sub,2015,0.0
C-WEU-FRA,Zone_5A Cool Humid,urb,q3,sub,2020,0.0
C-WEU-FRA,Zone_5A Cool Humid,urb,q3,sub,2025,0.0
C-WEU-FRA,Zone_5A Cool Humid,urb,q3,sub,2030,0.0
C-WEU-FRA,Zone_5A Cool Humid,urb,q3,sub,2035,0.0
C-WEU-FRA,Zone_5A Cool Humid,urb,q3,sub,2040,0.0
C-WEU-FRA,Zone_5A Cool Humid,urb,q3,sub,2045,0.0
C-WEU-FRA,Zone_5A Cool Humid,urb,q3,sub,2050,0.0
C-WEU-FRA,Zone_5A Cool Humid,urb,q3,sub,2055,0.0
C-WEU-FRA,Zone_5A Cool Humid,urb,q3,sub,2060,0.0
C-WEU-FRA,Zone_5A Cool Humid,urb,q3,sub,2065,0.0
C-WEU-FRA,Zone_5A Cool Humid,urb,q3,sub,2070,0.0
C-WEU-FRA,Zone_5A Cool Humid,urb,q3,sub,2075,0.0
C-WEU-FRA,Zone_5A Cool Humid,urb,q3,sub,2080,0.0
C-WEU-FRA,Zone_5A Cool Humid,urb,q3,sub,2085,0.0
C-WEU-FRA,Zone_5A Cool Humid,urb,q3,sub,2090,0.0
C-WEU-FRA,Zone_5A Cool Humid,urb,q3,sub,2095,0.0
C-WEU-FRA,Zone_5A Cool Humid,urb,q3,sub,2100,0.0
C-WEU-FRA,Zone_7A Very cold Humid,rur,q1,perm,2015,0.0066857611643890424
C-WEU-FRA,Zone_7A Very cold Humid,rur,q1,perm,2020,0.0066857611643890424
C-WEU-FRA,Zone_7A Very cold Humid,rur,q1,perm,2025,0.006661540984495677
C-WEU-FRA,Zone_7A Very cold Humid,rur,q1,perm,2030,0.00662192840631015
C-WEU-FRA,Zone_7A Very cold Humid,rur,q1,perm,2035,0.006586768281390799
C-WEU-FRA,Zone_7A Very cold Humid,rur,q1,perm,2040,0.006561191339732956
C-WEU-FRA,Zone_7A Very cold Humid,rur,q1,perm,2045,0.006540967169776012
C-WEU-FRA,Zone_7A Very cold Humid,rur,q1,perm,2050,0.006517832510989725
C-WEU-FRA,Zone_7A Very cold Humid,rur,q1,perm,2055,0.0064879815774343775
C-WEU-FRA,Zone_7A Very cold Humid,rur,q1,perm,2060,0.006451169611427938
C-WEU-FRA,Zone_7A Very cold Humid,rur,q1,perm,2065,0.006414637140331086
C-WEU-FRA,Zone_7A Very cold Humid,rur,q1,perm,2070,0.006384496560905631
C-WEU-FRA,Zone_7A Very cold Humid,rur,q1,perm,2075,0.006361274474516903
C-WEU-FRA,Zone_7A Very cold Humid,rur,q1,perm,2080,0.0063447392349810046
C-WEU-FRA,Zone_7A Very cold Humid,rur,q1,perm,2085,0.0063323090711733185
C-WEU-FRA,Zone_7A Very cold Humid,rur,q1,perm,2090,0.006321979539892749
C-WEU-FRA,Zone_7A Very cold Humid,rur,q1,perm,2095,0.006309488132572823
C-WEU-FRA,Zone_7A Very cold Humid,rur,q1,perm,2100,0.0062954514763859945
C-WEU-FRA,Zone_7A Very cold Humid,rur,q1,sub,2015,0.0
C-WEU-FRA,Zone_7A Very cold Humid,rur,q1,sub,2020,0.0
C-WEU-FRA,Zone_7A Very cold Humid,rur,q1,sub,2025,0.0
C-WEU-FRA,Zone_7A Very cold Humid,rur,q1,sub,2030,0.0
C-WEU-FRA,Zone_7A Very cold Humid,rur,q1,sub,2035,0.0
C-WEU-FRA,Zone_7A Very cold Humid,rur,q1,sub,2040,0.0
C-WEU-FRA,Zone_7A Very cold Humid,rur,q1,sub,2045,0.0
C-WEU-FRA,Zone_7A Very cold Humid,rur,q1,sub,2050,0.0
C-WEU-FRA,Zone_7A Very cold Humid,rur,q1,sub,2055,0.0
C-WEU-FRA,Zone_7A Very cold Humid,rur,q1,sub,2060,0.0
C-WEU-FRA,Zone_7A Very cold Humid,rur,q1,sub,2065,0.0
C-WEU-FRA,Zone_7A Very cold Humid,rur,q1,sub,2070,0.0
C-WEU-FRA,Zone_7A Very cold Humid,rur,q1,sub,2075,0.0
C-WEU-FRA,Zone_7A Very cold Humid,rur,q1,sub,2080,0.0
C-WEU-FRA,Zone_7A Very cold Humid,rur,q1,sub,2085,0.0
C-WEU-FRA,Zone_7A Very cold Humid,rur,q1,sub,2090,0.0
C-WEU-FRA,Zone_7A Very cold Humid,rur,q1,sub,2095,0.0
C-WEU-FRA,Zone_7A Very cold Humid,rur,q1,sub,2100,0.0
C-WEU-FRA,Zone_7A Very cold Humid,rur,q2,perm,2015,0.0066857611643890424
C-WEU-FRA,Zone_7A Very cold Humid,rur,q2,perm,2020,0.0066857611643890424
C-WEU-FRA,Zone_7A Very cold Humid,rur,q2,perm,2025,0.006661540984495677
C-WEU-FRA,Zone_7A Very cold Humid,rur,q2,perm,2030,0.00662192840631015
C-WEU-FRA,Zone_7A Very cold Humid,rur,q2,perm,2035,0.006586768281390799
C-WEU-FRA,Zone_7A Very cold Humid,rur,q2,perm,2040,0.006561191339732956
C-WEU-FRA,Zone_7A Very cold Humid,rur,q2,perm,2045,0.006540967169776012
C-WEU-FRA,Zone_7A Very cold Humid,rur,q2,perm,2050,0.006517832510989725
C-WEU-FRA,Zone_7A Very cold Humid,rur,q2,perm,2055,0.0064879815774343775
C-WEU-FRA,Zone_7A Very cold Humid,rur,q2,perm,2060,0.006451169611427938
C-WEU-FRA,Zone_7A Very cold Humid,rur,q2,perm,2065,0.006414637140331086
C-WEU-FRA,Zone_7A Very cold Humid,rur,q2,perm,2070,0.006384496560905631
C-WEU-FRA,Zone_7A Very cold Humid,rur,q2,perm,2075,0.006361274474516903
C-WEU-FRA,Zone_7A Very cold Humid,rur,q2,perm,2080,0.0063447392349810046
C-WEU-FRA,Zone_7A Very cold Humid,rur,q2,perm,2085,0.0063323090711733185
C-WEU-FRA,Zone_7A Very cold Humid,rur,q2,perm,2090,0.006321979539892749
C-WEU-FRA,Zone_7A Very cold Humid,rur,q2,perm,2095,0.006309488132572823
C-WEU-FRA,Zone_7A Very cold Humid,rur,q2,perm,2100,0.0062954514763859945
C-WEU-FRA,Zone_7A Very cold Humid,rur,q2,sub,2015,0.0
C-WEU-FRA,Zone_7A Very cold Humid,rur,q2,sub,2020,0.0
C-WEU-FRA,Zone_7A Very cold Humid,rur,q2,sub,2025,0.0
C-WEU-FRA,Zone_7A Very cold Humid,rur,q2,sub,2030,0.0
C-WEU-FRA,Zone_7A Very cold Humid,rur,q2,sub,2035,0.0
C-WEU-FRA,Zone_7A Very cold Humid,rur,q2,sub,2040,0.0
C-WEU-FRA,Zone_7A Very cold Humid,rur,q2,sub,2045,0.0
C-WEU-FRA,Zone_7A Very cold Humid,rur,q2,sub,2050,0.0
C-WEU-FRA,Zone_7A Very cold Humid,rur,q2,sub,2055,0.0
C-WEU-FRA,Zone_7A Very cold Humid,rur,q2,sub,2060,0.0
C-WEU-FRA,Zone_7A Very cold Humid,rur,q2,sub,2065,0.0
C-WEU-FRA,Zone_7A Very cold Humid,rur,q2,sub,2070,0.0
C-WEU-FRA,Zone_7A Very cold Humid,rur,q2,sub,2075,0.0
C-WEU-FRA,Zone_7A Very cold Humid,rur,q2,sub,2080,0.0
C-WEU-FRA,Zone_7A Very cold Humid,rur,q2,sub,2085,0.0
C-WEU-FRA,Zone_7A Very cold Humid,rur,q2,sub,2090,0.0
C-WEU-FRA,Zone_7A Very cold Humid,rur,q2,sub,2095,0.0
C-WEU-FRA,Zone_7A Very cold Humid,rur,q2,sub,2100,0.0
C-WEU-FRA,Zone_7A Very cold Humid,rur,q3,perm,2015,0.0066857611643890424
C-WEU-FRA,Zone_7A Very cold Humid,rur,q3,perm,2020,0.0066857611643890424
C-WEU-FRA,Zone_7A Very cold Humid,rur,q3,perm,2025,0.006661540984495677
C-WEU-FRA,Zone_7A Very cold Humid,rur,q3,perm,2030,0.00662192840631015
C-WEU-FRA,Zone_7A Very cold Humid,rur,q3,perm,2035,0.006586768281390799
C-WEU-FRA,Zone_7A Very cold Humid,rur,q3,perm,2040,0.006561191339732956
C-WEU-FRA,Zone_7A Very cold Humid,rur,q3,perm,2045,0.006540967169776012
C-WEU-FRA,Zone_7A Very cold Humid,rur,q3,perm,2050,0.006517832510989725
C-WEU-FRA,Zone_7A Very cold Humid,rur,q3,perm,2055,0.0064879815774343775
C-WEU-FRA,Zone_7A Very cold Humid,rur,q3,perm,2060,0.006451169611427938
C-WEU-FRA,Zone_7A Very cold Humid,rur,q3,perm,2065,0.006414637140331086
C-WEU-FRA,Zone_7A Very cold Humid,rur,q3,perm,2070,0.006384496560905631
C-WEU-FRA,Zone_7A Very cold Humid,rur,q3,perm,2075,0.006361274474516903
C-WEU-FRA,Zone_7A Very cold Humid,rur,q3,perm,2080,0.0063447392349810046
C-WEU-FRA,Zone_7A Very cold Humid,rur,q3,perm,2085,0.0063323090711733185
C-WEU-FRA,Zone_7A Very cold Humid,rur,q3,perm,2090,0.006321979539892749
C-WEU-FRA,Zone_7A Very cold Humid,rur,q3,perm,2095,0.006309488132572823
C-WEU-FRA,Zone_7A Very cold Humid,rur,q3,perm,2100,0.0062954514763859945
C-WEU-FRA,Zone_7A Very cold Humid,rur,q3,sub,2015,0.0
C-WEU-FRA,Zone_7A Very cold Humid,rur,q3,sub,2020,0.0
C-WEU-FRA,Zone_7A Very cold Humid,rur,q3,sub,2025,0.0
C-WEU-FRA,Zone_7A Very cold Humid,rur,q3,sub,2030,0.0
C-WEU-FRA,Zone_7A Very cold Humid,rur,q3,sub,2035,0.0
C-WEU-FRA,Zone_7A Very cold Humid,rur,q3,sub,2040,0.0
C-WEU-FRA,Zone_7A Very cold Humid,rur,q3,sub,2045,0.0
C-WEU-FRA,Zone_7A Very cold Humid,rur,q3,sub,2050,0.0
C-WEU-FRA,Zone_7A Very cold Humid,rur,q3,sub,2055,0.0
C-WEU-FRA,Zone_7A Very cold Humid,rur,q3,sub,2060,0.0
C-WEU-FRA,Zone_7A Very cold Humid,rur,q3,sub,2065,0.0
C-WEU-FRA,Zone_7A Very cold Humid,rur,q3,sub,2070,0.0
C-WEU-FRA,Zone_7A Very cold Humid,rur,q3,sub,2075,0.0
C-WEU-FRA,Zone_7A Very cold Humid,rur,q3,sub,2080,0.0
C-WEU-FRA,Zone_7A Very cold Humid,rur,q3,sub,2085,0.0
C-WEU-FRA,Zone_7A Very cold Humid,rur,q3,sub,2090,0.0
C-WEU-FRA,Zone_7A Very cold Humid,rur,q3,sub,2095,0.0
C-WEU-FRA,Zone_7A Very cold Humid,rur,q3,sub,2100,0.0
C-WEU-FRA,Zone_7A Very cold Humid,urb,q1,perm,2015,0.006574297941107319
C-WEU-FRA,Zone_7A Very cold Humid,urb,q1,perm,2020,0.006574297941107319
C-WEU-FRA,Zone_7A Very cold Humid,urb,q1,perm,2025,0.006549179893732264
C-WEU-FRA,Zone_7A Very cold Humid,urb,q1,perm,2030,0.006508911566194137
C-WEU-FRA,Zone_7A Very cold Humid,urb,q1,perm,2035,0.006472623304519529
C-WEU-FRA,Zone_7A Very cold Humid,urb,q1,perm,2040,0.006445848126671099
C-WEU-FRA,Zone_7A Very cold Humid,urb,q1,perm,2045,0.006424711215452396
C-WEU-FRA,Zone_7A Very cold Humid,urb,q1,perm,2050,0.006400947947109943
C-WEU-FRA,Zone_7A Very cold Humid,urb,q1,perm,2055,0.006370649940884181
C-WEU-FRA,Zone_7A Very cold Humid,urb,q1,perm,2060,0.006333506670093233
C-WEU-FRA,Zone_7A Very cold Humid,urb,q1,perm,2065,0.006296635822890423
C-WEU-FRA,Zone_7A Very cold Humid,urb,q1,perm,2070,0.00626606100427083
C-WEU-FRA,Zone_7A Very cold Humid,urb,q1,perm,2075,0.006242343561785125
C-WEU-FRA,Zone_7A Very cold Humid,urb,q1,perm,2080,0.006225345629171748
C-WEU-FRA,Zone_7A Very cold Humid,urb,q1,perm,2085,0.006212645518525811
C-WEU-FRA,Zone_7A Very cold Humid,urb,q1,perm,2090,0.006202468353954929
C-WEU-FRA,Zone_7A Very cold Humid,urb,q1,perm,2095,0.006190650842092852
C-WEU-FRA,Zone_7A Very cold Humid,urb,q1,perm,2100,0.006177612553764558
C-WEU-FRA,Zone_7A Very cold Humid,urb,q1,sub,2015,0.0
C-WEU-FRA,Zone_7A Very cold Humid,urb,q1,sub,2020,0.0
C-WEU-FRA,Zone_7A Very cold Humid,urb,q1,sub,2025,0.0
C-WEU-FRA,Zone_7A Very cold Humid,urb,q1,sub,2030,0.0
C-WEU-FRA,Zone_7A Very cold Humid,urb,q1,sub,2035,0.0
C-WEU-FRA,Zone_7A Very cold Humid,urb,q1,sub,2040,0.0
C-WEU-FRA,Zone_7A Very cold Humid,urb,q1,sub,2045,0.0
C-WEU-FRA,Zone_7A Very cold Humid,urb,q1,sub,2050,0.0
C-WEU-FRA,Zone_7A Very cold Humid,urb,q1,sub,2055,0.0
C-WEU-FRA,Zone_7A Very cold Humid,urb,q1,sub,2060,0.0
C-WEU-FRA,Zone_7A Very cold Humid,urb,q1,sub,2065,0.0
C-WEU-FRA,Zone_7A Very cold Humid,urb,q1,sub,2070,0.0
C-WEU-FRA,Zone_7A Very cold Humid,urb,q1,sub,2075,0.0
C-WEU-FRA,Zone_7A Very cold Humid,urb,q1,sub,2080,0.0
C-WEU-FRA,Zone_7A Very cold Humid,urb,q1,sub,2085,0.0
C-WEU-FRA,Zone_7A Very cold Humid,urb,q1,sub,2090,0.0
C-WEU-FRA,Zone_7A Very cold Humid,urb,q1,sub,2095,0.0
C-WEU-FRA,Zone_7A Very cold Humid,urb,q1,sub,2100,0.0
C-WEU-FRA,Zone_7A Very cold Humid,urb,q2,perm,2015,0.006574297941107319
C-WEU-FRA,Zone_7A Very cold Humid,urb,q2,perm,2020,0.006574297941107319
C-WEU-FRA,Zone_7A Very cold Humid,urb,q2,perm,2025,0.006549179893732264
C-WEU-FRA,Zone_7A Very cold Humid,urb,q2,perm,2030,0.006508911566194137
C-WEU-FRA,Zone_7A Very cold Humid,urb,q2,perm,2035,0.006472623304519529
C-WEU-FRA,Zone_7A Very cold Humid,urb,q2,perm,2040,0.006445848126671099
C-WEU-FRA,Zone_7A Very cold Humid,urb,q2,perm,2045,0.006424711215452396
C-WEU-FRA,Zone_7A Very cold Humid,urb,q2,perm,2050,0.006400947947109943
C-WEU-FRA,Zone_7A Very cold Humid,urb,q2,perm,2055,0.006370649940884181
C-WEU-FRA,Zone_7A Very cold Humid,urb,q2,perm,2060,0.006333506670093233
C-WEU-FRA,Zone_7A Very cold Humid,urb,q2,perm,2065,0.006296635822890423
C-WEU-FRA,Zone_7A Very cold Humid,urb,q2,perm,2070,0.00626606100427083
C-WEU-FRA,Zone_7A Very cold Humid,urb,q2,perm,2075,0.006242343561785125
C-WEU-FRA,Zone_7A Very cold Humid,urb,q2,perm,2080,0.006225345629171748
C-WEU-FRA,Zone_7A Very cold Humid,urb,q2,perm,2085,0.006212645518525811
C-WEU-FRA,Zone_7A Very cold Humid,urb,q2,perm,2090,0.006202468353954929
C-WEU-FRA,Zone_7A Very cold Humid,urb,q2,perm,2095,0.006190650842092852
C-WEU-FRA,Zone_7A Very cold Humid,urb,q2,perm,2100,0.006177612553764558
C-WEU-FRA,Zone_7A Very cold Humid,urb,q2,sub,2015,0.0
C-WEU-FRA,Zone_7A Very cold Humid,urb,q2,sub,2020,0.0
C-WEU-FRA,Zone_7A Very cold Humid,urb,q2,sub,2025,0.0
C-WEU-FRA,Zone_7A Very cold Humid,urb,q2,sub,2030,0.0
C-WEU-FRA,Zone_7A Very cold Humid,urb,q2,sub,2035,0.0
C-WEU-FRA,Zone_7A Very cold Humid,urb,q2,sub,2040,0.0
C-WEU-FRA,Zone_7A Very cold Humid,urb,q2,sub,2045,0.0
C-WEU-FRA,Zone_7A Very cold Humid,urb,q2,sub,2050,0.0
C-WEU-FRA,Zone_7A Very cold Humid,urb,q2,sub,2055,0.0
C-WEU-FRA,Zone_7A Very cold Humid,urb,q2,sub,2060,0.0
C-WEU-FRA,Zone_7A Very cold Humid,urb,q2,sub,2065,0.0
C-WEU-FRA,Zone_7A Very cold Humid,urb,q2,sub,2070,0.0
C-WEU-FRA,Zone_7A Very cold Humid,urb,q2,sub,2075,0.0
C-WEU-FRA,Zone_7A Very cold Humid,urb,q2,sub,2080,0.0
C-WEU-FRA,Zone_7A Very cold Humid,urb,q2,sub,2085,0.0
C-WEU-FRA,Zone_7A Very cold Humid,urb,q2,sub,2090,0.0
C-WEU-FRA,Zone_7A Very cold Humid,urb,q2,sub,2095,0.0
C-WEU-FRA,Zone_7A Very cold Humid,urb,q2,sub,2100,0.0
C-WEU-FRA,Zone_7A Very cold Humid,urb,q3,perm,2015,0.006574297941107319
C-WEU-FRA,Zone_7A Very cold Humid,urb,q3,perm,2020,0.006574297941107319
C-WEU-FRA,Zone_7A Very cold Humid,urb,q3,perm,2025,0.006549179893732264
C-WEU-FRA,Zone_7A Very cold Humid,urb,q3,perm,2030,0.006508911566194137
C-WEU-FRA,Zone_7A Very cold Humid,urb,q3,perm,2035,0.006472623304519529
C-WEU-FRA,Zone_7A Very cold Humid,urb,q3,perm,2040,0.006445848126671099
C-WEU-FRA,Zone_7A Very cold Humid,urb,q3,perm,2045,0.006424711215452396
C-WEU-FRA,Zone_7A Very cold Humid,urb,q3,perm,2050,0.006400947947109943
C-WEU-FRA,Zone_7A Very cold Humid,urb,q3,perm,2055,0.006370649940884181
C-WEU-FRA,Zone_7A Very cold Humid,urb,q3,perm,2060,0.006333506670093233
C-WEU-FRA,Zone_7A Very cold Humid,urb,q3,perm,2065,0.006296635822890423
C-WEU-FRA,Zone_7A Very cold Humid,urb,q3,perm,2070,0.00626606100427083
C-WEU-FRA,Zone_7A Very cold Humid,urb,q3,perm,2075,0.006242343561785125
C-WEU-FRA,Zone_7A Very cold Humid,urb,q3,perm,2080,0.006225345629171748
C-WEU-FRA,Zone_7A Very cold Humid,urb,q3,perm,2085,0.006212645518525811
C-WEU-FRA,Zone_7A Very cold Humid,urb,q3,perm,2090,0.006202468353954929
C-WEU-FRA,Zone_7A Very cold Humid,urb,q3,perm,2095,0.006190650842092852
C-WEU-FRA,Zone_7A Very cold Humid,urb,q3,perm,2100,0.006177612553764558
C-WEU-FRA,Zone_7A Very cold Humid,urb,q3,sub,2015,0.0
C-WEU-FRA,Zone_7A Very cold Humid,urb,q3,sub,2020,0.0
C-WEU-FRA,Zone_7A Very cold Humid,urb,q3,sub,2025,0.0
C-WEU-FRA,Zone_7A Very cold Humid,urb,q3,sub,2030,0.0
C-WEU-FRA,Zone_7A Very cold Humid,urb,q3,sub,2035,0.0
C-WEU-FRA,Zone_7A Very cold Humid,urb,q3,sub,2040,0.0
C-WEU-FRA,Zone_7A Very cold Humid,urb,q3,sub,2045,0.0
C-WEU-FRA,Zone_7A Very cold Humid,urb,q3,sub,2050,0.0
C-WEU-FRA,Zone_7A Very cold Humid,urb,q3,sub,2055,0.0
C-WEU-FRA,Zone_7A Very cold Humid,urb,q3,sub,2060,0.0
C-WEU-FRA,Zone_7A Very cold Humid,urb,q3,sub,2065,0.0
C-WEU-FRA,Zone_7A Very cold Humid,urb,q3,sub,2070,0.0
C-WEU-FRA,Zone_7A Very cold Humid,urb,q3,sub,2075,0.0
C-WEU-FRA,Zone_7A Very cold Humid,urb,q3,sub,2080,0.0
C-WEU-FRA,Zone_7A Very cold Humid,urb,q3,sub,2085,0.0
C-WEU-FRA,Zone_7A Very cold Humid,urb,q3,sub,2090,0.0
C-WEU-FRA,Zone_7A Very cold Humid,urb,q3,sub,2095,0.0
C-WEU-FRA,Zone_7A Very cold Humid,urb,q3,sub,2100,0.0
C-WEU-GRC,Zone_3A Warm Humid,rur,q1,perm,2015,1.0
C-WEU-GRC,Zone_3A Warm Humid,rur,q1,perm,2020,1.0
C-WEU-GRC,Zone_3A Warm Humid,rur,q1,perm,2025,1.0
C-WEU-GRC,Zone_3A Warm Humid,rur,q1,perm,2030,1.0
C-WEU-GRC,Zone_3A Warm Humid,rur,q1,perm,2035,1.0
C-WEU-GRC,Zone_3A Warm Humid,rur,q1,perm,2040,1.0
C-WEU-GRC,Zone_3A Warm Humid,rur,q1,perm,2045,1.0
C-WEU-GRC,Zone_3A Warm Humid,rur,q1,perm,2050,1.0
C-WEU-GRC,Zone_3A Warm Humid,rur,q1,perm,2055,1.0
C-WEU-GRC,Zone_3A Warm Humid,rur,q1,perm,2060,1.0
C-WEU-GRC,Zone_3A Warm Humid,rur,q1,perm,2065,1.0
C-WEU-GRC,Zone_3A Warm Humid,rur,q1,perm,2070,1.0
C-WEU-GRC,Zone_3A Warm Humid,rur,q1,perm,2075,1.0
C-WEU-GRC,Zone_3A Warm Humid,rur,q1,perm,2080,1.0
C-WEU-GRC,Zone_3A Warm Humid,rur,q1,perm,2085,1.0
C-WEU-GRC,Zone_3A Warm Humid,rur,q1,perm,2090,1.0
C-WEU-GRC,Zone_3A Warm Humid,rur,q1,perm,2095,1.0
C-WEU-GRC,Zone_3A Warm Humid,rur,q1,perm,2100,1.0
C-WEU-GRC,Zone_3A Warm Humid,rur,q1,sub,2015,0.0
C-WEU-GRC,Zone_3A Warm Humid,rur,q1,sub,2020,0.0
C-WEU-GRC,Zone_3A Warm Humid,rur,q1,sub,2025,0.0
C-WEU-GRC,Zone_3A Warm Humid,rur,q1,sub,2030,0.0
C-WEU-GRC,Zone_3A Warm Humid,rur,q1,sub,2035,0.0
C-WEU-GRC,Zone_3A Warm Humid,rur,q1,sub,2040,0.0
C-WEU-GRC,Zone_3A Warm Humid,rur,q1,sub,2045,0.0
C-WEU-GRC,Zone_3A Warm Humid,rur,q1,sub,2050,0.0
C-WEU-GRC,Zone_3A Warm Humid,rur,q1,sub,2055,0.0
C-WEU-GRC,Zone_3A Warm Humid,rur,q1,sub,2060,0.0
C-WEU-GRC,Zone_3A Warm Humid,rur,q1,sub,2065,0.0
C-WEU-GRC,Zone_3A Warm Humid,rur,q1,sub,2070,0.0
C-WEU-GRC,Zone_3A Warm Humid,rur,q1,sub,2075,0.0
C-WEU-GRC,Zone_3A Warm Humid,rur,q1,sub,2080,0.0
C-WEU-GRC,Zone_3A Warm Humid,rur,q1,sub,2085,0.0
C-WEU-GRC,Zone_3A Warm Humid,rur,q1,sub,2090,0.0
C-WEU-GRC,Zone_3A Warm Humid,rur,q1,sub,2095,0.0
C-WEU-GRC,Zone_3A Warm Humid,rur,q1,sub,2100,0.0
C-WEU-GRC,Zone_3A Warm Humid,rur,q2,perm,2015,1.0
C-WEU-GRC,Zone_3A Warm Humid,rur,q2,perm,2020,1.0
C-WEU-GRC,Zone_3A Warm Humid,rur,q2,perm,2025,1.0
C-WEU-GRC,Zone_3A Warm Humid,rur,q2,perm,2030,1.0
C-WEU-GRC,Zone_3A Warm Humid,rur,q2,perm,2035,1.0
C-WEU-GRC,Zone_3A Warm Humid,rur,q2,perm,2040,1.0
C-WEU-GRC,Zone_3A Warm Humid,rur,q2,perm,2045,1.0
C-WEU-GRC,Zone_3A Warm Humid,rur,q2,perm,2050,1.0
C-WEU-GRC,Zone_3A Warm Humid,rur,q2,perm,2055,1.0
C-WEU-GRC,Zone_3A Warm Humid,rur,q2,perm,2060,1.0
C-WEU-GRC,Zone_3A Warm Humid,rur,q2,perm,2065,1.0
C-WEU-GRC,Zone_3A Warm Humid,rur,q2,perm,2070,1.0
C-WEU-GRC,Zone_3A Warm Humid,rur,q2,perm,2075,1.0
C-WEU-GRC,Zone_3A Warm Humid,rur,q2,perm,2080,1.0
C-WEU-GRC,Zone_3A Warm Humid,rur,q2,perm,2085,1.0
C-WEU-GRC,Zone_3A Warm Humid,rur,q2,perm,2090,1.0
C-WEU-GRC,Zone_3A Warm Humid,rur,q2,perm,2095,1.0
C-WEU-GRC,Zone_3A Warm Humid,rur,q2,perm,2100,1.0
C-WEU-GRC,Zone_3A Warm Humid,rur,q2,sub,2015,0.0
C-WEU-GRC,Zone_3A Warm Humid,rur,q2,sub,2020,0.0
C-WEU-GRC,Zone_3A Warm Humid,rur,q2,sub,2025,0.0
C-WEU-GRC,Zone_3A Warm Humid,rur,q2,sub,2030,0.0
C-WEU-GRC,Zone_3A Warm Humid,rur,q2,sub,2035,0.0
C-WEU-GRC,Zone_3A Warm Humid,rur,q2,sub,2040,0.0
C-WEU-GRC,Zone_3A Warm Humid,rur,q2,sub,2045,0.0
C-WEU-GRC,Zone_3A Warm Humid,rur,q2,sub,2050,0.0
C-WEU-GRC,Zone_3A Warm Humid,rur,q2,sub,2055,0.0
C-WEU-GRC,Zone_3A Warm Humid,rur,q2,sub,2060,0.0
C-WEU-GRC,Zone_3A Warm Humid,rur,q2,sub,2065,0.0
C-WEU-GRC,Zone_3A Warm Humid,rur,q2,sub,2070,0.0
C-WEU-GRC,Zone_3A Warm Humid,rur,q2,sub,2075,0.0
C-WEU-GRC,Zone_3A Warm Humid,rur,q2,sub,2080,0.0
C-WEU-GRC,Zone_3A Warm Humid,rur,q2,sub,2085,0.0
C-WEU-GRC,Zone_3A Warm Humid,rur,q2,sub,2090,0.0
C-WEU-GRC,Zone_3A Warm Humid,rur,q2,sub,2095,0.0
C-WEU-GRC,Zone_3A Warm Humid,rur,q2,sub,2100,0.0
C-WEU-GRC,Zone_3A Warm Humid,rur,q3,perm,2015,1.0
C-WEU-GRC,Zone_3A Warm Humid,rur,q3,perm,2020,1.0
C-WEU-GRC,Zone_3A Warm Humid,rur,q3,perm,2025,1.0
C-WEU-GRC,Zone_3A Warm Humid,rur,q3,perm,2030,1.0
C-WEU-GRC,Zone_3A Warm Humid,rur,q3,perm,2035,1.0
C-WEU-GRC,Zone_3A Warm Humid,rur,q3,perm,2040,1.0
C-WEU-GRC,Zone_3A Warm Humid,rur,q3,perm,2045,1.0
C-WEU-GRC,Zone_3A Warm Humid,rur,q3,perm,2050,1.0
C-WEU-GRC,Zone_3A Warm Humid,rur,q3,perm,2055,1.0
C-WEU-GRC,Zone_3A Warm Humid,rur,q3,perm,2060,1.0
C-WEU-GRC,Zone_3A Warm Humid,rur,q3,perm,2065,1.0
C-WEU-GRC,Zone_3A Warm Humid,rur,q3,perm,2070,1.0
C-WEU-GRC,Zone_3A Warm Humid,rur,q3,perm,2075,1.0
C-WEU-GRC,Zone_3A Warm Humid,rur,q3,perm,2080,1.0
C-WEU-GRC,Zone_3A Warm Humid,rur,q3,perm,2085,1.0
C-WEU-GRC,Zone_3A Warm Humid,rur,q3,perm,2090,1.0
C-WEU-GRC,Zone_3A Warm Humid,rur,q3,perm,2095,1.0
C-WEU-GRC,Zone_3A Warm Humid,rur,q3,perm,2100,1.0
C-WEU-GRC,Zone_3A Warm Humid,rur,q3,sub,2015,0.0
C-WEU-GRC,Zone_3A Warm Humid,rur,q3,sub,2020,0.0
C-WEU-GRC,Zone_3A Warm Humid,rur,q3,sub,2025,0.0
C-WEU-GRC,Zone_3A Warm Humid,rur,q3,sub,2030,0.0
C-WEU-GRC,Zone_3A Warm Humid,rur,q3,sub,2035,0.0
C-WEU-GRC,Zone_3A Warm Humid,rur,q3,sub,2040,0.0
C-WEU-GRC,Zone_3A Warm Humid,rur,q3,sub,2045,0.0
C-WEU-GRC,Zone_3A Warm Humid,rur,q3,sub,2050,0.0
C-WEU-GRC,Zone_3A Warm Humid,rur,q3,sub,2055,0.0
C-WEU-GRC,Zone_3A Warm Humid,rur,q3,sub,2060,0.0
C-WEU-GRC,Zone_3A Warm Humid,rur,q3,sub,2065,0.0
C-WEU-GRC,Zone_3A Warm Humid,rur,q3,sub,2070,0.0
C-WEU-GRC,Zone_3A Warm Humid,rur,q3,sub,2075,0.0
C-WEU-GRC,Zone_3A Warm Humid,rur,q3,sub,2080,0.0
C-WEU-GRC,Zone_3A Warm Humid,rur,q3,sub,2085,0.0
C-WEU-GRC,Zone_3A Warm Humid,rur,q3,sub,2090,0.0
C-WEU-GRC,Zone_3A Warm Humid,rur,q3,sub,2095,0.0
C-WEU-GRC,Zone_3A Warm Humid,rur,q3,sub,2100,0.0
C-WEU-GRC,Zone_3A Warm Humid,urb,q1,perm,2015,1.0
C-WEU-GRC,Zone_3A Warm Humid,urb,q1,perm,2020,1.0
C-WEU-GRC,Zone_3A Warm Humid,urb,q1,perm,2025,1.0
C-WEU-GRC,Zone_3A Warm Humid,urb,q1,perm,2030,1.0
C-WEU-GRC,Zone_3A Warm Humid,urb,q1,perm,2035,1.0
C-WEU-GRC,Zone_3A Warm Humid,urb,q1,perm,2040,1.0
C-WEU-GRC,Zone_3A Warm Humid,urb,q1,perm,2045,1.0
C-WEU-GRC,Zone_3A Warm Humid,urb,q1,perm,2050,1.0
C-WEU-GRC,Zone_3A Warm Humid,urb,q1,perm,2055,1.0
C-WEU-GRC,Zone_3A Warm Humid,urb,q1,perm,2060,1.0
C-WEU-GRC,Zone_3A Warm Humid,urb,q1,perm,2065,1.0
C-WEU-GRC,Zone_3A Warm Humid,urb,q1,perm,2070,1.0
C-WEU-GRC,Zone_3A Warm Humid,urb,q1,perm,2075,1.0
C-WEU-GRC,Zone_3A Warm Humid,urb,q1,perm,2080,1.0
C-WEU-GRC,Zone_3A Warm Humid,urb,q1,perm,2085,1.0
C-WEU-GRC,Zone_3A Warm Humid,urb,q1,perm,2090,1.0
C-WEU-GRC,Zone_3A Warm Humid,urb,q1,perm,2095,1.0
C-WEU-GRC,Zone_3A Warm Humid,urb,q1,perm,2100,1.0
C-WEU-GRC,Zone_3A Warm Humid,urb,q1,sub,2015,0.0
C-WEU-GRC,Zone_3A Warm Humid,urb,q1,sub,2020,0.0
C-WEU-GRC,Zone_3A Warm Humid,urb,q1,sub,2025,0.0
C-WEU-GRC,Zone_3A Warm Humid,urb,q1,sub,2030,0.0
C-WEU-GRC,Zone_3A Warm Humid,urb,q1,sub,2035,0.0
C-WEU-GRC,Zone_3A Warm Humid,urb,q1,sub,2040,0.0
C-WEU-GRC,Zone_3A Warm Humid,urb,q1,sub,2045,0.0
C-WEU-GRC,Zone_3A Warm Humid,urb,q1,sub,2050,0.0
C-WEU-GRC,Zone_3A Warm Humid,urb,q1,sub,2055,0.0
C-WEU-GRC,Zone_3A Warm Humid,urb,q1,sub,2060,0.0
C-WEU-GRC,Zone_3A Warm Humid,urb,q1,sub,2065,0.0
C-WEU-GRC,Zone_3A Warm Humid,urb,q1,sub,2070,0.0
C-WEU-GRC,Zone_3A Warm Humid,urb,q1,sub,2075,0.0
C-WEU-GRC,Zone_3A Warm Humid,urb,q1,sub,2080,0.0
C-WEU-GRC,Zone_3A Warm Humid,urb,q1,sub,2085,0.0
C-WEU-GRC,Zone_3A Warm Humid,urb,q1,sub,2090,0.0
C-WEU-GRC,Zone_3A Warm Humid,urb,q1,sub,2095,0.0
C-WEU-GRC,Zone_3A Warm Humid,urb,q1,sub,2100,0.0
C-WEU-GRC,Zone_3A Warm Humid,urb,q2,perm,2015,1.0
C-WEU-GRC,Zone_3A Warm Humid,urb,q2,perm,2020,1.0
C-WEU-GRC,Zone_3A Warm Humid,urb,q2,perm,2025,1.0
C-WEU-GRC,Zone_3A Warm Humid,urb,q2,perm,2030,1.0
C-WEU-GRC,Zone_3A Warm Humid,urb,q2,perm,2035,1.0
C-WEU-GRC,Zone_3A Warm Humid,urb,q2,perm,2040,1.0
C-WEU-GRC,Zone_3A Warm Humid,urb,q2,perm,2045,1.0
C-WEU-GRC,Zone_3A Warm Humid,urb,q2,perm,2050,1.0
C-WEU-GRC,Zone_3A Warm Humid,urb,q2,perm,2055,1.0
C-WEU-GRC,Zone_3A Warm Humid,urb,q2,perm,2060,1.0
C-WEU-GRC,Zone_3A Warm Humid,urb,q2,perm,2065,1.0
C-WEU-GRC,Zone_3A Warm Humid,urb,q2,perm,2070,1.0
C-WEU-GRC,Zone_3A Warm Humid,urb,q2,perm,2075,1.0
C-WEU-GRC,Zone_3A Warm Humid,urb,q2,perm,2080,1.0
C-WEU-GRC,Zone_3A Warm Humid,urb,q2,perm,2085,1.0
C-WEU-GRC,Zone_3A Warm Humid,urb,q2,perm,2090,1.0
C-WEU-GRC,Zone_3A Warm Humid,urb,q2,perm,2095,1.0
C-WEU-GRC,Zone_3A Warm Humid,urb,q2,perm,2100,1.0
C-WEU-GRC,Zone_3A Warm Humid,urb,q2,sub,2015,0.0
C-WEU-GRC,Zone_3A Warm Humid,urb,q2,sub,2020,0.0
C-WEU-GRC,Zone_3A Warm Humid,urb,q2,sub,2025,0.0
C-WEU-GRC,Zone_3A Warm Humid,urb,q2,sub,2030,0.0
C-WEU-GRC,Zone_3A Warm Humid,urb,q2,sub,2035,0.0
C-WEU-GRC,Zone_3A Warm Humid,urb,q2,sub,2040,0.0
C-WEU-GRC,Zone_3A Warm Humid,urb,q2,sub,2045,0.0
C-WEU-GRC,Zone_3A Warm Humid,urb,q2,sub,2050,0.0
C-WEU-GRC,Zone_3A Warm Humid,urb,q2,sub,2055,0.0
C-WEU-GRC,Zone_3A Warm Humid,urb,q2,sub,2060,0.0
C-WEU-GRC,Zone_3A Warm Humid,urb,q2,sub,2065,0.0
C-WEU-GRC,Zone_3A Warm Humid,urb,q2,sub,2070,0.0
C-WEU-GRC,Zone_3A Warm Humid,urb,q2,sub,2075,0.0
C-WEU-GRC,Zone_3A Warm Humid,urb,q2,sub,2080,0.0
C-WEU-GRC,Zone_3A Warm Humid,urb,q2,sub,2085,0.0
C-WEU-GRC,Zone_3A Warm Humid,urb,q2,sub,2090,0.0
C-WEU-GRC,Zone_3A Warm Humid,urb,q2,sub,2095,0.0
C-WEU-GRC,Zone_3A Warm Humid,urb,q2,sub,2100,0.0
C-WEU-GRC,Zone_3A Warm Humid,urb,q3,perm,2015,1.0
C-WEU-GRC,Zone_3A Warm Humid,urb,q3,perm,2020,1.0
C-WEU-GRC,Zone_3A Warm Humid,urb,q3,perm,2025,1.0
C-WEU-GRC,Zone_3A Warm Humid,urb,q3,perm,2030,1.0
C-WEU-GRC,Zone_3A Warm Humid,urb,q3,perm,2035,1.0
C-WEU-GRC,Zone_3A Warm Humid,urb,q3,perm,2040,1.0
C-WEU-GRC,Zone_3A Warm Humid,urb,q3,perm,2045,1.0
C-WEU-GRC,Zone_3A Warm Humid,urb,q3,perm,2050,1.0
C-WEU-GRC,Zone_3A Warm Humid,urb,q3,perm,2055,1.0
C-WEU-GRC,Zone_3A Warm Humid,urb,q3,perm,2060,1.0
C-WEU-GRC,Zone_3A Warm Humid,urb,q3,perm,2065,1.0
C-WEU-GRC,Zone_3A Warm Humid,urb,q3,perm,2070,1.0
C-WEU-GRC,Zone_3A Warm Humid,urb,q3,perm,2075,1.0
C-WEU-GRC,Zone_3A Warm Humid,urb,q3,perm,2080,1.0
C-WEU-GRC,Zone_3A Warm Humid,urb,q3,perm,2085,1.0
C-WEU-GRC,Zone_3A Warm Humid,urb,q3,perm,2090,1.0
C-WEU-GRC,Zone_3A Warm Humid,urb,q3,perm,2095,1.0
C-WEU-GRC,Zone_3A Warm Humid,urb,q3,perm,2100,1.0
C-WEU-GRC,Zone_3A Warm Humid,urb,q3,sub,2015,0.0
C-WEU-GRC,Zone_3A Warm Humid,urb,q3,sub,2020,0.0
C-WEU-GRC,Zone_3A Warm Humid,urb,q3,sub,2025,0.0
C-WEU-GRC,Zone_3A Warm Humid,urb,q3,sub,2030,0.0
C-WEU-GRC,Zone_3A Warm Humid,urb,q3,sub,2035,0.0
C-WEU-GRC,Zone_3A Warm Humid,urb,q3,sub,2040,0.0
C-WEU-GRC,Zone_3A Warm Humid,urb,q3,sub,2045,0.0
C-WEU-GRC,Zone_3A Warm Humid,urb,q3,sub,2050,0.0
C-WEU-GRC,Zone_3A Warm Humid,urb,q3,sub,2055,0.0
C-WEU-GRC,Zone_3A Warm Humid,urb,q3,sub,2060,0.0
C-WEU-GRC,Zone_3A Warm Humid,urb,q3,sub,2065,0.0
C-WEU-GRC,Zone_3A Warm Humid,urb,q3,sub,2070,0.0
C-WEU-GRC,Zone_3A Warm Humid,urb,q3,sub,2075,0.0
C-WEU-GRC,Zone_3A Warm Humid,urb,q3,sub,2080,0.0
C-WEU-GRC,Zone_3A Warm Humid,urb,q3,sub,2085,0.0
C-WEU-GRC,Zone_3A Warm Humid,urb,q3,sub,2090,0.0
C-WEU-GRC,Zone_3A Warm Humid,urb,q3,sub,2095,0.0
C-WEU-GRC,Zone_3A Warm Humid,urb,q3,sub,2100,0.0
C-WEU-GRC,Zone_4A Mixed Humid,rur,q1,perm,2015,1.0
C-WEU-GRC,Zone_4A Mixed Humid,rur,q1,perm,2020,1.0
C-WEU-GRC,Zone_4A Mixed Humid,rur,q1,perm,2025,1.0
C-WEU-GRC,Zone_4A Mixed Humid,rur,q1,perm,2030,1.0
C-WEU-GRC,Zone_4A Mixed Humid,rur,q1,perm,2035,1.0
C-WEU-GRC,Zone_4A Mixed Humid,rur,q1,perm,2040,1.0
C-WEU-GRC,Zone_4A Mixed Humid,rur,q1,perm,2045,1.0
C-WEU-GRC,Zone_4A Mixed Humid,rur,q1,perm,2050,1.0
C-WEU-GRC,Zone_4A Mixed Humid,rur,q1,perm,2055,1.0
C-WEU-GRC,Zone_4A Mixed Humid,rur,q1,perm,2060,1.0
C-WEU-GRC,Zone_4A Mixed Humid,rur,q1,perm,2065,1.0
C-WEU-GRC,Zone_4A Mixed Humid,rur,q1,perm,2070,1.0
C-WEU-GRC,Zone_4A Mixed Humid,rur,q1,perm,2075,1.0
C-WEU-GRC,Zone_4A Mixed Humid,rur,q1,perm,2080,1.0
C-WEU-GRC,Zone_4A Mixed Humid,rur,q1,perm,2085,1.0
C-WEU-GRC,Zone_4A Mixed Humid,rur,q1,perm,2090,1.0
C-WEU-GRC,Zone_4A Mixed Humid,rur,q1,perm,2095,1.0
C-WEU-GRC,Zone_4A Mixed Humid,rur,q1,perm,2100,1.0
C-WEU-GRC,Zone_4A Mixed Humid,rur,q1,sub,2015,0.0
C-WEU-GRC,Zone_4A Mixed Humid,rur,q1,sub,2020,0.0
C-WEU-GRC,Zone_4A Mixed Humid,rur,q1,sub,2025,0.0
C-WEU-GRC,Zone_4A Mixed Humid,rur,q1,sub,2030,0.0
C-WEU-GRC,Zone_4A Mixed Humid,rur,q1,sub,2035,0.0
C-WEU-GRC,Zone_4A Mixed Humid,rur,q1,sub,2040,0.0
C-WEU-GRC,Zone_4A Mixed Humid,rur,q1,sub,2045,0.0
C-WEU-GRC,Zone_4A Mixed Humid,rur,q1,sub,2050,0.0
C-WEU-GRC,Zone_4A Mixed Humid,rur,q1,sub,2055,0.0
C-WEU-GRC,Zone_4A Mixed Humid,rur,q1,sub,2060,0.0
C-WEU-GRC,Zone_4A Mixed Humid,rur,q1,sub,2065,0.0
C-WEU-GRC,Zone_4A Mixed Humid,rur,q1,sub,2070,0.0
C-WEU-GRC,Zone_4A Mixed Humid,rur,q1,sub,2075,0.0
C-WEU-GRC,Zone_4A Mixed Humid,rur,q1,sub,2080,0.0
C-WEU-GRC,Zone_4A Mixed Humid,rur,q1,sub,2085,0.0
C-WEU-GRC,Zone_4A Mixed Humid,rur,q1,sub,2090,0.0
C-WEU-GRC,Zone_4A Mixed Humid,rur,q1,sub,2095,0.0
C-WEU-GRC,Zone_4A Mixed Humid,rur,q1,sub,2100,0.0
C-WEU-GRC,Zone_4A Mixed Humid,rur,q2,perm,2015,1.0
C-WEU-GRC,Zone_4A Mixed Humid,rur,q2,perm,2020,1.0
C-WEU-GRC,Zone_4A Mixed Humid,rur,q2,perm,2025,1.0
C-WEU-GRC,Zone_4A Mixed Humid,rur,q2,perm,2030,1.0
C-WEU-GRC,Zone_4A Mixed Humid,rur,q2,perm,2035,1.0
C-WEU-GRC,Zone_4A Mixed Humid,rur,q2,perm,2040,1.0
C-WEU-GRC,Zone_4A Mixed Humid,rur,q2,perm,2045,1.0
C-WEU-GRC,Zone_4A Mixed Humid,rur,q2,perm,2050,1.0
C-WEU-GRC,Zone_4A Mixed Humid,rur,q2,perm,2055,1.0
C-WEU-GRC,Zone_4A Mixed Humid,rur,q2,perm,2060,1.0
C-WEU-GRC,Zone_4A Mixed Humid,rur,q2,perm,2065,1.0
C-WEU-GRC,Zone_4A Mixed Humid,rur,q2,perm,2070,1.0
C-WEU-GRC,Zone_4A Mixed Humid,rur,q2,perm,2075,1.0
C-WEU-GRC,Zone_4A Mixed Humid,rur,q2,perm,2080,1.0
C-WEU-GRC,Zone_4A Mixed Humid,rur,q2,perm,2085,1.0
C-WEU-GRC,Zone_4A Mixed Humid,rur,q2,perm,2090,1.0
C-WEU-GRC,Zone_4A Mixed Humid,rur,q2,perm,2095,1.0
C-WEU-GRC,Zone_4A Mixed Humid,rur,q2,perm,2100,1.0
C-WEU-GRC,Zone_4A Mixed Humid,rur,q2,sub,2015,0.0
C-WEU-GRC,Zone_4A Mixed Humid,rur,q2,sub,2020,0.0
C-WEU-GRC,Zone_4A Mixed Humid,rur,q2,sub,2025,0.0
C-WEU-GRC,Zone_4A Mixed Humid,rur,q2,sub,2030,0.0
C-WEU-GRC,Zone_4A Mixed Humid,rur,q2,sub,2035,0.0
C-WEU-GRC,Zone_4A Mixed Humid,rur,q2,sub,2040,0.0
C-WEU-GRC,Zone_4A Mixed Humid,rur,q2,sub,2045,0.0
C-WEU-GRC,Zone_4A Mixed Humid,rur,q2,sub,2050,0.0
C-WEU-GRC,Zone_4A Mixed Humid,rur,q2,sub,2055,0.0
C-WEU-GRC,Zone_4A Mixed Humid,rur,q2,sub,2060,0.0
C-WEU-GRC,Zone_4A Mixed Humid,rur,q2,sub,2065,0.0
C-WEU-GRC,Zone_4A Mixed Humid,rur,q2,sub,2070,0.0
C-WEU-GRC,Zone_4A Mixed Humid,rur,q2,sub,2075,0.0
C-WEU-GRC,Zone_4A Mixed Humid,rur,q2,sub,2080,0.0
C-WEU-GRC,Zone_4A Mixed Humid,rur,q2,sub,2085,0.0
C-WEU-GRC,Zone_4A Mixed Humid,rur,q2,sub,2090,0.0
C-WEU-GRC,Zone_4A Mixed Humid,rur,q2,sub,2095,0.0
C-WEU-GRC,Zone_4A Mixed Humid,rur,q2,sub,2100,0.0
C-WEU-GRC,Zone_4A Mixed Humid,rur,q3,perm,2015,1.0
C-WEU-GRC,Zone_4A Mixed Humid,rur,q3,perm,2020,1.0
C-WEU-GRC,Zone_4A Mixed Humid,rur,q3,perm,2025,1.0
C-WEU-GRC,Zone_4A Mixed Humid,rur,q3,perm,2030,1.0
C-WEU-GRC,Zone_4A Mixed Humid,rur,q3,perm,2035,1.0
C-WEU-GRC,Zone_4A Mixed Humid,rur,q3,perm,2040,1.0
C-WEU-GRC,Zone_4A Mixed Humid,rur,q3,perm,2045,1.0
C-WEU-GRC,Zone_4A Mixed Humid,rur,q3,perm,2050,1.0
C-WEU-GRC,Zone_4A Mixed Humid,rur,q3,perm,2055,1.0
C-WEU-GRC,Zone_4A Mixed Humid,rur,q3,perm,2060,1.0
C-WEU-GRC,Zone_4A Mixed Humid,rur,q3,perm,2065,1.0
C-WEU-GRC,Zone_4A Mixed Humid,rur,q3,perm,2070,1.0
C-WEU-GRC,Zone_4A Mixed Humid,rur,q3,perm,2075,1.0
C-WEU-GRC,Zone_4A Mixed Humid,rur,q3,perm,2080,1.0
C-WEU-GRC,Zone_4A Mixed Humid,rur,q3,perm,2085,1.0
C-WEU-GRC,Zone_4A Mixed Humid,rur,q3,perm,2090,1.0
C-WEU-GRC,Zone_4A Mixed Humid,rur,q3,perm,2095,1.0
C-WEU-GRC,Zone_4A Mixed Humid,rur,q3,perm,2100,1.0
C-WEU-GRC,Zone_4A Mixed Humid,rur,q3,sub,2015,0.0
C-WEU-GRC,Zone_4A Mixed Humid,rur,q3,sub,2020,0.0
C-WEU-GRC,Zone_4A Mixed Humid,rur,q3,sub,2025,0.0
C-WEU-GRC,Zone_4A Mixed Humid,rur,q3,sub,2030,0.0
C-WEU-GRC,Zone_4A Mixed Humid,rur,q3,sub,2035,0.0
C-WEU-GRC,Zone_4A Mixed Humid,rur,q3,sub,2040,0.0
C-WEU-GRC,Zone_4A Mixed Humid,rur,q3,sub,2045,0.0
C-WEU-GRC,Zone_4A Mixed Humid,rur,q3,sub,2050,0.0
C-WEU-GRC,Zone_4A Mixed Humid,rur,q3,sub,2055,0.0
C-WEU-GRC,Zone_4A Mixed Humid,rur,q3,sub,2060,0.0
C-WEU-GRC,Zone_4A Mixed Humid,rur,q3,sub,2065,0.0
C-WEU-GRC,Zone_4A Mixed Humid,rur,q3,sub,2070,0.0
C-WEU-GRC,Zone_4A Mixed Humid,rur,q3,sub,2075,0.0
C-WEU-GRC,Zone_4A Mixed Humid,rur,q3,sub,2080,0.0
C-WEU-GRC,Zone_4A Mixed Humid,rur,q3,sub,2085,0.0
C-WEU-GRC,Zone_4A Mixed Humid,rur,q3,sub,2090,0.0
C-WEU-GRC,Zone_4A Mixed Humid,rur,q3,sub,2095,0.0
C-WEU-GRC,Zone_4A Mixed Humid,rur,q3,sub,2100,0.0
C-WEU-GRC,Zone_4A Mixed Humid,urb,q1,perm,2015,1.0
C-WEU-GRC,Zone_4A Mixed Humid,urb,q1,perm,2020,1.0
C-WEU-GRC,Zone_4A Mixed Humid,urb,q1,perm,2025,1.0
C-WEU-GRC,Zone_4A Mixed Humid,urb,q1,perm,2030,1.0
C-WEU-GRC,Zone_4A Mixed Humid,urb,q1,perm,2035,1.0
C-WEU-GRC,Zone_4A Mixed Humid,urb,q1,perm,2040,1.0
C-WEU-GRC,Zone_4A Mixed Humid,urb,q1,perm,2045,1.0
C-WEU-GRC,Zone_4A Mixed Humid,urb,q1,perm,2050,1.0
C-WEU-GRC,Zone_4A Mixed Humid,urb,q1,perm,2055,1.0
C-WEU-GRC,Zone_4A Mixed Humid,urb,q1,perm,2060,1.0
C-WEU-GRC,Zone_4A Mixed Humid,urb,q1,perm,2065,1.0
C-WEU-GRC,Zone_4A Mixed Humid,urb,q1,perm,2070,1.0
C-WEU-GRC,Zone_4A Mixed Humid,urb,q1,perm,2075,1.0
C-WEU-GRC,Zone_4A Mixed Humid,urb,q1,perm,2080,1.0
C-WEU-GRC,Zone_4A Mixed Humid,urb,q1,perm,2085,1.0
C-WEU-GRC,Zone_4A Mixed Humid,urb,q1,perm,2090,1.0
C-WEU-GRC,Zone_4A Mixed Humid,urb,q1,perm,2095,1.0
C-WEU-GRC,Zone_4A Mixed Humid,urb,q1,perm,2100,1.0
C-WEU-GRC,Zone_4A Mixed Humid,urb,q1,sub,2015,0.0
C-WEU-GRC,Zone_4A Mixed Humid,urb,q1,sub,2020,0.0
C-WEU-GRC,Zone_4A Mixed Humid,urb,q1,sub,2025,0.0
C-WEU-GRC,Zone_4A Mixed Humid,urb,q1,sub,2030,0.0
C-WEU-GRC,Zone_4A Mixed Humid,urb,q1,sub,2035,0.0
C-WEU-GRC,Zone_4A Mixed Humid,urb,q1,sub,2040,0.0
C-WEU-GRC,Zone_4A Mixed Humid,urb,q1,sub,2045,0.0
C-WEU-GRC,Zone_4A Mixed Humid,urb,q1,sub,2050,0.0
C-WEU-GRC,Zone_4A Mixed Humid,urb,q1,sub,2055,0.0
C-WEU-GRC,Zone_4A Mixed Humid,urb,q1,sub,2060,0.0
C-WEU-GRC,Zone_4A Mixed Humid,urb,q1,sub,2065,0.0
C-WEU-GRC,Zone_4A Mixed Humid,urb,q1,sub,2070,0.0
C-WEU-GRC,Zone_4A Mixed Humid,urb,q1,sub,2075,0.0
C-WEU-GRC,Zone_4A Mixed Humid,urb,q1,sub,2080,0.0
C-WEU-GRC,Zone_4A Mixed Humid,urb,q1,sub,2085,0.0
C-WEU-GRC,Zone_4A Mixed Humid,urb,q1,sub,2090,0.0
C-WEU-GRC,Zone_4A Mixed Humid,urb,q1,sub,2095,0.0
C-WEU-GRC,Zone_4A Mixed Humid,urb,q1,sub,2100,0.0
C-WEU-GRC,Zone_4A Mixed Humid,urb,q2,perm,2015,1.0
C-WEU-GRC,Zone_4A Mixed Humid,urb,q2,perm,2020,1.0
C-WEU-GRC,Zone_4A Mixed Humid,urb,q2,perm,2025,1.0
C-WEU-GRC,Zone_4A Mixed Humid,urb,q2,perm,2030,1.0
C-WEU-GRC,Zone_4A Mixed Humid,urb,q2,perm,2035,1.0
C-WEU-GRC,Zone_4A Mixed Humid,urb,q2,perm,2040,1.0
C-WEU-GRC,Zone_4A Mixed Humid,urb,q2,perm,2045,1.0
C-WEU-GRC,Zone_4A Mixed Humid,urb,q2,perm,2050,1.0
C-WEU-GRC,Zone_4A Mixed Humid,urb,q2,perm,2055,1.0
C-WEU-GRC,Zone_4A Mixed Humid,urb,q2,perm,2060,1.0
C-WEU-GRC,Zone_4A Mixed Humid,urb,q2,perm,2065,1.0
C-WEU-GRC,Zone_4A Mixed Humid,urb,q2,perm,2070,1.0
C-WEU-GRC,Zone_4A Mixed Humid,urb,q2,perm,2075,1.0
C-WEU-GRC,Zone_4A Mixed Humid,urb,q2,perm,2080,1.0
C-WEU-GRC,Zone_4A Mixed Humid,urb,q2,perm,2085,1.0
C-WEU-GRC,Zone_4A Mixed Humid,urb,q2,perm,2090,1.0
C-WEU-GRC,Zone_4A Mixed Humid,urb,q2,perm,2095,1.0
C-WEU-GRC,Zone_4A Mixed Humid,urb,q2,perm,2100,1.0
C-WEU-GRC,Zone_4A Mixed Humid,urb,q2,sub,2015,0.0
C-WEU-GRC,Zone_4A Mixed Humid,urb,q2,sub,2020,0.0
C-WEU-GRC,Zone_4A Mixed Humid,urb,q2,sub,2025,0.0
C-WEU-GRC,Zone_4A Mixed Humid,urb,q2,sub,2030,0.0
C-WEU-GRC,Zone_4A Mixed Humid,urb,q2,sub,2035,0.0
C-WEU-GRC,Zone_4A Mixed Humid,urb,q2,sub,2040,0.0
C-WEU-GRC,Zone_4A Mixed Humid,urb,q2,sub,2045,0.0
C-WEU-GRC,Zone_4A Mixed Humid,urb,q2,sub,2050,0.0
C-WEU-GRC,Zone_4A Mixed Humid,urb,q2,sub,2055,0.0
C-WEU-GRC,Zone_4A Mixed Humid,urb,q2,sub,2060,0.0
C-WEU-GRC,Zone_4A Mixed Humid,urb,q2,sub,2065,0.0
C-WEU-GRC,Zone_4A Mixed Humid,urb,q2,sub,2070,0.0
C-WEU-GRC,Zone_4A Mixed Humid,urb,q2,sub,2075,0.0
C-WEU-GRC,Zone_4A Mixed Humid,urb,q2,sub,2080,0.0
C-WEU-GRC,Zone_4A Mixed Humid,urb,q2,sub,2085,0.0
C-WEU-GRC,Zone_4A Mixed Humid,urb,q2,sub,2090,0.0
C-WEU-GRC,Zone_4A Mixed Humid,urb,q2,sub,2095,0.0
C-WEU-GRC,Zone_4A Mixed Humid,urb,q2,sub,2100,0.0
C-WEU-GRC,Zone_4A Mixed Humid,urb,q3,perm,2015,1.0
C-WEU-GRC,Zone_4A Mixed Humid,urb,q3,perm,2020,1.0
C-WEU-GRC,Zone_4A Mixed Humid,urb,q3,perm,2025,1.0
C-WEU-GRC,Zone_4A Mixed Humid,urb,q3,perm,2030,1.0
C-WEU-GRC,Zone_4A Mixed Humid,urb,q3,perm,2035,1.0
C-WEU-GRC,Zone_4A Mixed Humid,urb,q3,perm,2040,1.0
C-WEU-GRC,Zone_4A Mixed Humid,urb,q3,perm,2045,1.0
C-WEU-GRC,Zone_4A Mixed Humid,urb,q3,perm,2050,1.0
C-WEU-GRC,Zone_4A Mixed Humid,urb,q3,perm,2055,1.0
C-WEU-GRC,Zone_4A Mixed Humid,urb,q3,perm,2060,1.0
C-WEU-GRC,Zone_4A Mixed Humid,urb,q3,perm,2065,1.0
C-WEU-GRC,Zone_4A Mixed Humid,urb,q3,perm,2070,1.0
C-WEU-GRC,Zone_4A Mixed Humid,urb,q3,perm,2075,1.0
C-WEU-GRC,Zone_4A Mixed Humid,urb,q3,perm,2080,1.0
C-WEU-GRC,Zone_4A Mixed Humid,urb,q3,perm,2085,1.0
C-WEU-GRC,Zone_4A Mixed Humid,urb,q3,perm,2090,1.0
C-WEU-GRC,Zone_4A Mixed Humid,urb,q3,perm,2095,1.0
C-WEU-GRC,Zone_4A Mixed Humid,urb,q3,perm,2100,1.0
C-WEU-GRC,Zone_4A Mixed Humid,urb,q3,sub,2015,0.0
C-WEU-GRC,Zone_4A Mixed Humid,urb,q3,sub,2020,0.0
C-WEU-GRC,Zone_4A Mixed Humid,urb,q3,sub,2025,0.0
C-WEU-GRC,Zone_4A Mixed Humid,urb,q3,sub,2030,0.0
C-WEU-GRC,Zone_4A Mixed Humid,urb,q3,sub,2035,0.0
C-WEU-GRC,Zone_4A Mixed Humid,urb,q3,sub,2040,0.0
C-WEU-GRC,Zone_4A Mixed Humid,urb,q3,sub,2045,0.0
C-WEU-GRC,Zone_4A Mixed Humid,urb,q3,sub,2050,0.0
C-WEU-GRC,Zone_4A Mixed Humid,urb,q3,sub,2055,0.0
C-WEU-GRC,Zone_4A Mixed Humid,urb,q3,sub,2060,0.0
C-WEU-GRC,Zone_4A Mixed Humid,urb,q3,sub,2065,0.0
C-WEU-GRC,Zone_4A Mixed Humid,urb,q3,sub,2070,0.0
C-WEU-GRC,Zone_4A Mixed Humid,urb,q3,sub,2075,0.0
C-WEU-GRC,Zone_4A Mixed Humid,urb,q3,sub,2080,0.0
C-WEU-GRC,Zone_4A Mixed Humid,urb,q3,sub,2085,0.0
C-WEU-GRC,Zone_4A Mixed Humid,urb,q3,sub,2090,0.0
C-WEU-GRC,Zone_4A Mixed Humid,urb,q3,sub,2095,0.0
C-WEU-GRC,Zone_4A Mixed Humid,urb,q3,sub,2100,0.0
C-WEU-GRC,Zone_4C Mixed Marine,rur,q1,perm,2015,0.007385596808089476
C-WEU-GRC,Zone_4C Mixed Marine,rur,q1,perm,2020,0.007385596808089476
C-WEU-GRC,Zone_4C Mixed Marine,rur,q1,perm,2025,0.0073829268401580965
C-WEU-GRC,Zone_4C Mixed Marine,rur,q1,perm,2030,0.007390672818793155
C-WEU-GRC,Zone_4C Mixed Marine,rur,q1,perm,2035,0.007397124986379839
C-WEU-GRC,Zone_4C Mixed Marine,rur,q1,perm,2040,0.007398508694727678
C-WEU-GRC,Zone_4C Mixed Marine,rur,q1,perm,2045,0.007392808250917743
C-WEU-GRC,Zone_4C Mixed Marine,rur,q1,perm,2050,0.007387680440148952
C-WEU-GRC,Zone_4C Mixed Marine,rur,q1,perm,2055,0.007387200675531153
C-WEU-GRC,Zone_4C Mixed Marine,rur,q1,perm,2060,0.007395588961391119
C-WEU-GRC,Zone_4C Mixed Marine,rur,q1,perm,2065,0.007407832356962751
C-WEU-GRC,Zone_4C Mixed Marine,rur,q1,perm,2070,0.007415482638322068
C-WEU-GRC,Zone_4C Mixed Marine,rur,q1,perm,2075,0.00741296092612967
C-WEU-GRC,Zone_4C Mixed Marine,rur,q1,perm,2080,0.00739399765764334
C-WEU-GRC,Zone_4C Mixed Marine,rur,q1,perm,2085,0.007367913399987749
C-WEU-GRC,Zone_4C Mixed Marine,rur,q1,perm,2090,0.007344296790000522
C-WEU-GRC,Zone_4C Mixed Marine,rur,q1,perm,2095,0.007323807108461127
C-WEU-GRC,Zone_4C Mixed Marine,rur,q1,perm,2100,0.007312679224112497
C-WEU-GRC,Zone_4C Mixed Marine,rur,q1,sub,2015,0.0
C-WEU-GRC,Zone_4C Mixed Marine,rur,q1,sub,2020,0.0
C-WEU-GRC,Zone_4C Mixed Marine,rur,q1,sub,2025,0.0
C-WEU-GRC,Zone_4C Mixed Marine,rur,q1,sub,2030,0.0
C-WEU-GRC,Zone_4C Mixed Marine,rur,q1,sub,2035,0.0
C-WEU-GRC,Zone_4C Mixed Marine,rur,q1,sub,2040,0.0
C-WEU-GRC,Zone_4C Mixed Marine,rur,q1,sub,2045,0.0
C-WEU-GRC,Zone_4C Mixed Marine,rur,q1,sub,2050,0.0
C-WEU-GRC,Zone_4C Mixed Marine,rur,q1,sub,2055,0.0
C-WEU-GRC,Zone_4C Mixed Marine,rur,q1,sub,2060,0.0
C-WEU-GRC,Zone_4C Mixed Marine,rur,q1,sub,2065,0.0
C-WEU-GRC,Zone_4C Mixed Marine,rur,q1,sub,2070,0.0
C-WEU-GRC,Zone_4C Mixed Marine,rur,q1,sub,2075,0.0
C-WEU-GRC,Zone_4C Mixed Marine,rur,q1,sub,2080,0.0
C-WEU-GRC,Zone_4C Mixed Marine,rur,q1,sub,2085,0.0
C-WEU-GRC,Zone_4C Mixed Marine,rur,q1,sub,2090,0.0
C-WEU-GRC,Zone_4C Mixed Marine,rur,q1,sub,2095,0.0
C-WEU-GRC,Zone_4C Mixed Marine,rur,q1,sub,2100,0.0
C-WEU-GRC,Zone_4C Mixed Marine,rur,q2,perm,2015,0.007385596808089476
C-WEU-GRC,Zone_4C Mixed Marine,rur,q2,perm,2020,0.007385596808089476
C-WEU-GRC,Zone_4C Mixed Marine,rur,q2,perm,2025,0.0073829268401580965
C-WEU-GRC,Zone_4C Mixed Marine,rur,q2,perm,2030,0.007390672818793155
C-WEU-GRC,Zone_4C Mixed Marine,rur,q2,perm,2035,0.007397124986379839
C-WEU-GRC,Zone_4C Mixed Marine,rur,q2,perm,2040,0.007398508694727678
C-WEU-GRC,Zone_4C Mixed Marine,rur,q2,perm,2045,0.007392808250917743
C-WEU-GRC,Zone_4C Mixed Marine,rur,q2,perm,2050,0.007387680440148952
C-WEU-GRC,Zone_4C Mixed Marine,rur,q2,perm,2055,0.007387200675531153
C-WEU-GRC,Zone_4C Mixed Marine,rur,q2,perm,2060,0.007395588961391119
C-WEU-GRC,Zone_4C Mixed Marine,rur,q2,perm,2065,0.007407832356962751
C-WEU-GRC,Zone_4C Mixed Marine,rur,q2,perm,2070,0.007415482638322068
C-WEU-GRC,Zone_4C Mixed Marine,rur,q2,perm,2075,0.00741296092612967
C-WEU-GRC,Zone_4C Mixed Marine,rur,q2,perm,2080,0.00739399765764334
C-WEU-GRC,Zone_4C Mixed Marine,rur,q2,perm,2085,0.007367913399987749
C-WEU-GRC,Zone_4C Mixed Marine,rur,q2,perm,2090,0.007344296790000522
C-WEU-GRC,Zone_4C Mixed Marine,rur,q2,perm,2095,0.007323807108461127
C-WEU-GRC,Zone_4C Mixed Marine,rur,q2,perm,2100,0.007312679224112497
C-WEU-GRC,Zone_4C Mixed Marine,rur,q2,sub,2015,0.0
C-WEU-GRC,Zone_4C Mixed Marine,rur,q2,sub,2020,0.0
C-WEU-GRC,Zone_4C Mixed Marine,rur,q2,sub,2025,0.0
C-WEU-GRC,Zone_4C Mixed Marine,rur,q2,sub,2030,0.0
C-WEU-GRC,Zone_4C Mixed Marine,rur,q2,sub,2035,0.0
C-WEU-GRC,Zone_4C Mixed Marine,rur,q2,sub,2040,0.0
C-WEU-GRC,Zone_4C Mixed Marine,rur,q2,sub,2045,0.0
C-WEU-GRC,Zone_4C Mixed Marine,rur,q2,sub,2050,0.0
C-WEU-GRC,Zone_4C Mixed Marine,rur,q2,sub,2055,0.0
C-WEU-GRC,Zone_4C Mixed Marine,rur,q2,sub,2060,0.0
C-WEU-GRC,Zone_4C Mixed Marine,rur,q2,sub,2065,0.0
C-WEU-GRC,Zone_4C Mixed Marine,rur,q2,sub,2070,0.0
C-WEU-GRC,Zone_4C Mixed Marine,rur,q2,sub,2075,0.0
C-WEU-GRC,Zone_4C Mixed Marine,rur,q2,sub,2080,0.0
C-WEU-GRC,Zone_4C Mixed Marine,rur,q2,sub,2085,0.0
C-WEU-GRC,Zone_4C Mixed Marine,rur,q2,sub,2090,0.0
C-WEU-GRC,Zone_4C Mixed Marine,rur,q2,sub,2095,0.0
C-WEU-GRC,Zone_4C Mixed Marine,rur,q2,sub,2100,0.0
C-WEU-GRC,Zone_4C Mixed Marine,rur,q3,perm,2015,0.007385596808089476
C-WEU-GRC,Zone_4C Mixed Marine,rur,q3,perm,2020,0.007385596808089476
C-WEU-GRC,Zone_4C Mixed Marine,rur,q3,perm,2025,0.0073829268401580965
C-WEU-GRC,Zone_4C Mixed Marine,rur,q3,perm,2030,0.007390672818793155
C-WEU-GRC,Zone_4C Mixed Marine,rur,q3,perm,2035,0.007397124986379839
C-WEU-GRC,Zone_4C Mixed Marine,rur,q3,perm,2040,0.007398508694727678
C-WEU-GRC,Zone_4C Mixed Marine,rur,q3,perm,2045,0.007392808250917743
C-WEU-GRC,Zone_4C Mixed Marine,rur,q3,perm,2050,0.007387680440148952
C-WEU-GRC,Zone_4C Mixed Marine,rur,q3,perm,2055,0.007387200675531153
C-WEU-GRC,Zone_4C Mixed Marine,rur,q3,perm,2060,0.007395588961391119
C-WEU-GRC,Zone_4C Mixed Marine,rur,q3,perm,2065,0.007407832356962751
C-WEU-GRC,Zone_4C Mixed Marine,rur,q3,perm,2070,0.007415482638322068
C-WEU-GRC,Zone_4C Mixed Marine,rur,q3,perm,2075,0.00741296092612967
C-WEU-GRC,Zone_4C Mixed Marine,rur,q3,perm,2080,0.00739399765764334
C-WEU-GRC,Zone_4C Mixed Marine,rur,q3,perm,2085,0.007367913399987749
C-WEU-GRC,Zone_4C Mixed Marine,rur,q3,perm,2090,0.007344296790000522
C-WEU-GRC,Zone_4C Mixed Marine,rur,q3,perm,2095,0.007323807108461127
C-WEU-GRC,Zone_4C Mixed Marine,rur,q3,perm,2100,0.007312679224112497
C-WEU-GRC,Zone_4C Mixed Marine,rur,q3,sub,2015,0.0
C-WEU-GRC,Zone_4C Mixed Marine,rur,q3,sub,2020,0.0
C-WEU-GRC,Zone_4C Mixed Marine,rur,q3,sub,2025,0.0
C-WEU-GRC,Zone_4C Mixed Marine,rur,q3,sub,2030,0.0
C-WEU-GRC,Zone_4C Mixed Marine,rur,q3,sub,2035,0.0
C-WEU-GRC,Zone_4C Mixed Marine,rur,q3,sub,2040,0.0
C-WEU-GRC,Zone_4C Mixed Marine,rur,q3,sub,2045,0.0
C-WEU-GRC,Zone_4C Mixed Marine,rur,q3,sub,2050,0.0
C-WEU-GRC,Zone_4C Mixed Marine,rur,q3,sub,2055,0.0
C-WEU-GRC,Zone_4C Mixed Marine,rur,q3,sub,2060,0.0
C-WEU-GRC,Zone_4C Mixed Marine,rur,q3,sub,2065,0.0
C-WEU-GRC,Zone_4C Mixed Marine,rur,q3,sub,2070,0.0
C-WEU-GRC,Zone_4C Mixed Marine,rur,q3,sub,2075,0.0
C-WEU-GRC,Zone_4C Mixed Marine,rur,q3,sub,2080,0.0
C-WEU-GRC,Zone_4C Mixed Marine,rur,q3,sub,2085,0.0
C-WEU-GRC,Zone_4C Mixed Marine,rur,q3,sub,2090,0.0
C-WEU-GRC,Zone_4C Mixed Marine,rur,q3,sub,2095,0.0
C-WEU-GRC,Zone_4C Mixed Marine,rur,q3,sub,2100,0.0
C-WEU-GRC,Zone_4C Mixed Marine,urb,q1,perm,2015,0.010360295518098809
C-WEU-GRC,Zone_4C Mixed Marine,urb,q1,perm,2020,0.010360295518098809
C-WEU-GRC,Zone_4C Mixed Marine,urb,q1,perm,2025,0.010422084432111192
C-WEU-GRC,Zone_4C Mixed Marine,urb,q1,perm,2030,0.010495726246922143
C-WEU-GRC,Zone_4C Mixed Marine,urb,q1,perm,2035,0.01056731563932961
C-WEU-GRC,Zone_4C Mixed Marine,urb,q1,perm,2040,0.01062985354931538
C-WEU-GRC,Zone_4C Mixed Marine,urb,q1,perm,2045,0.010677958767864832
C-WEU-GRC,Zone_4C Mixed Marine,urb,q1,perm,2050,0.010721390791573889
C-WEU-GRC,Zone_4C Mixed Marine,urb,q1,perm,2055,0.010768527468137619
C-WEU-GRC,Zone_4C Mixed Marine,urb,q1,perm,2060,0.010828453110655183
C-WEU-GRC,Zone_4C Mixed Marine,urb,q1,perm,2065,0.010895121679278202
C-WEU-GRC,Zone_4C Mixed Marine,urb,q1,perm,2070,0.010955001666385963
C-WEU-GRC,Zone_4C Mixed Marine,urb,q1,perm,2075,0.010997885327531973
C-WEU-GRC,Zone_4C Mixed Marine,urb,q1,perm,2080,0.011011933900812685
C-WEU-GRC,Zone_4C Mixed Marine,urb,q1,perm,2085,0.011009228532350316
C-WEU-GRC,Zone_4C Mixed Marine,urb,q1,perm,2090,0.011004509073530457
C-WEU-GRC,Zone_4C Mixed Marine,urb,q1,perm,2095,0.010999979489016544
C-WEU-GRC,Zone_4C Mixed Marine,urb,q1,perm,2100,0.011007478624246735
C-WEU-GRC,Zone_4C Mixed Marine,urb,q1,sub,2015,0.0
C-WEU-GRC,Zone_4C Mixed Marine,urb,q1,sub,2020,0.0
C-WEU-GRC,Zone_4C Mixed Marine,urb,q1,sub,2025,0.0
C-WEU-GRC,Zone_4C Mixed Marine,urb,q1,sub,2030,0.0
C-WEU-GRC,Zone_4C Mixed Marine,urb,q1,sub,2035,0.0
C-WEU-GRC,Zone_4C Mixed Marine,urb,q1,sub,2040,0.0
C-WEU-GRC,Zone_4C Mixed Marine,urb,q1,sub,2045,0.0
C-WEU-GRC,Zone_4C Mixed Marine,urb,q1,sub,2050,0.0
C-WEU-GRC,Zone_4C Mixed Marine,urb,q1,sub,2055,0.0
C-WEU-GRC,Zone_4C Mixed Marine,urb,q1,sub,2060,0.0
C-WEU-GRC,Zone_4C Mixed Marine,urb,q1,sub,2065,0.0
C-WEU-GRC,Zone_4C Mixed Marine,urb,q1,sub,2070,0.0
C-WEU-GRC,Zone_4C Mixed Marine,urb,q1,sub,2075,0.0
C-WEU-GRC,Zone_4C Mixed Marine,urb,q1,sub,2080,0.0
C-WEU-GRC,Zone_4C Mixed Marine,urb,q1,sub,2085,0.0
C-WEU-GRC,Zone_4C Mixed Marine,urb,q1,sub,2090,0.0
C-WEU-GRC,Zone_4C Mixed Marine,urb,q1,sub,2095,0.0
C-WEU-GRC,Zone_4C Mixed Marine,urb,q1,sub,2100,0.0
C-WEU-GRC,Zone_4C Mixed Marine,urb,q2,perm,2015,0.010360295518098809
C-WEU-GRC,Zone_4C Mixed Marine,urb,q2,perm,2020,0.010360295518098809
C-WEU-GRC,Zone_4C Mixed Marine,urb,q2,perm,2025,0.010422084432111192
C-WEU-GRC,Zone_4C Mixed Marine,urb,q2,perm,2030,0.010495726246922143
C-WEU-GRC,Zone_4C Mixed Marine,urb,q2,perm,2035,0.01056731563932961
C-WEU-GRC,Zone_4C Mixed Marine,urb,q2,perm,2040,0.01062985354931538
C-WEU-GRC,Zone_4C Mixed Marine,urb,q2,perm,2045,0.010677958767864832
C-WEU-GRC,Zone_4C Mixed Marine,urb,q2,perm,2050,0.010721390791573889
C-WEU-GRC,Zone_4C Mixed Marine,urb,q2,perm,2055,0.010768527468137619
C-WEU-GRC,Zone_4C Mixed Marine,urb,q2,perm,2060,0.010828453110655183
C-WEU-GRC,Zone_4C Mixed Marine,urb,q2,perm,2065,0.010895121679278202
C-WEU-GRC,Zone_4C Mixed Marine,urb,q2,perm,2070,0.010955001666385963
C-WEU-GRC,Zone_4C Mixed Marine,urb,q2,perm,2075,0.010997885327531973
C-WEU-GRC,Zone_4C Mixed Marine,urb,q2,perm,2080,0.011011933900812685
C-WEU-GRC,Zone_4C Mixed Marine,urb,q2,perm,2085,0.011009228532350316
C-WEU-GRC,Zone_4C Mixed Marine,urb,q2,perm,2090,0.011004509073530457
C-WEU-GRC,Zone_4C Mixed Marine,urb,q2,perm,2095,0.010999979489016544
C-WEU-GRC,Zone_4C Mixed Marine,urb,q2,perm,2100,0.011007478624246735
C-WEU-GRC,Zone_4C Mixed Marine,urb,q2,sub,2015,0.0
C-WEU-GRC,Zone_4C Mixed Marine,urb,q2,sub,2020,0.0
C-WEU-GRC,Zone_4C Mixed Marine,urb,q2,sub,2025,0.0
C-WEU-GRC,Zone_4C Mixed Marine,urb,q2,sub,2030,0.0
C-WEU-GRC,Zone_4C Mixed Marine,urb,q2,sub,2035,0.0
C-WEU-GRC,Zone_4C Mixed Marine,urb,q2,sub,2040,0.0
C-WEU-GRC,Zone_4C Mixed Marine,urb,q2,sub,2045,0.0
C-WEU-GRC,Zone_4C Mixed Marine,urb,q2,sub,2050,0.0
C-WEU-GRC,Zone_4C Mixed Marine,urb,q2,sub,2055,0.0
C-WEU-GRC,Zone_4C Mixed Marine,urb,q2,sub,2060,0.0
C-WEU-GRC,Zone_4C Mixed Marine,urb,q2,sub,2065,0.0
C-WEU-GRC,Zone_4C Mixed Marine,urb,q2,sub,2070,0.0
C-WEU-GRC,Zone_4C Mixed Marine,urb,q2,sub,2075,0.0
C-WEU-GRC,Zone_4C Mixed Marine,urb,q2,sub,2080,0.0
C-WEU-GRC,Zone_4C Mixed Marine,urb,q2,sub,2085,0.0
C-WEU-GRC,Zone_4C Mixed Marine,urb,q2,sub,2090,0.0
C-WEU-GRC,Zone_4C Mixed Marine,urb,q2,sub,2095,0.0
C-WEU-GRC,Zone_4C Mixed Marine,urb,q2,sub,2100,0.0
C-WEU-GRC,Zone_4C Mixed Marine,urb,q3,perm,2015,0.010360295518098809
C-WEU-GRC,Zone_4C Mixed Marine,urb,q3,perm,2020,0.010360295518098809
C-WEU-GRC,Zone_4C Mixed Marine,urb,q3,perm,2025,0.010422084432111192
C-WEU-GRC,Zone_4C Mixed Marine,urb,q3,perm,2030,0.010495726246922143
C-WEU-GRC,Zone_4C Mixed Marine,urb,q3,perm,2035,0.01056731563932961
C-WEU-GRC,Zone_4C Mixed Marine,urb,q3,perm,2040,0.01062985354931538
C-WEU-GRC,Zone_4C Mixed Marine,urb,q3,perm,2045,0.010677958767864832
C-WEU-GRC,Zone_4C Mixed Marine,urb,q3,perm,2050,0.010721390791573889
C-WEU-GRC,Zone_4C Mixed Marine,urb,q3,perm,2055,0.010768527468137619
C-WEU-GRC,Zone_4C Mixed Marine,urb,q3,perm,2060,0.010828453110655183
C-WEU-GRC,Zone_4C Mixed Marine,urb,q3,perm,2065,0.010895121679278202
C-WEU-GRC,Zone_4C Mixed Marine,urb,q3,perm,2070,0.010955001666385963
C-WEU-GRC,Zone_4C Mixed Marine,urb,q3,perm,2075,0.010997885327531973
C-WEU-GRC,Zone_4C Mixed Marine,urb,q3,perm,2080,0.011011933900812685
C-WEU-GRC,Zone_4C Mixed Marine,urb,q3,perm,2085,0.011009228532350316
C-WEU-GRC,Zone_4C Mixed Marine,urb,q3,perm,2090,0.011004509073530457
C-WEU-GRC,Zone_4C Mixed Marine,urb,q3,perm,2095,0.010999979489016544
C-WEU-GRC,Zone_4C Mixed Marine,urb,q3,perm,2100,0.011007478624246735
C-WEU-GRC,Zone_4C Mixed Marine,urb,q3,sub,2015,0.0
C-WEU-GRC,Zone_4C Mixed Marine,urb,q3,sub,2020,0.0
C-WEU-GRC,Zone_4C Mixed Marine,urb,q3,sub,2025,0.0
C-WEU-GRC,Zone_4C Mixed Marine,urb,q3,sub,2030,0.0
C-WEU-GRC,Zone_4C Mixed Marine,urb,q3,sub,2035,0.0
C-WEU-GRC,Zone_4C Mixed Marine,urb,q3,sub,2040,0.0
C-WEU-GRC,Zone_4C Mixed Marine,urb,q3,sub,2045,0.0
C-WEU-GRC,Zone_4C Mixed Marine,urb,q3,sub,2050,0.0
C-WEU-GRC,Zone_4C Mixed Marine,urb,q3,sub,2055,0.0
C-WEU-GRC,Zone_4C Mixed Marine,urb,q3,sub,2060,0.0
C-WEU-GRC,Zone_4C Mixed Marine,urb,q3,sub,2065,0.0
C-WEU-GRC,Zone_4C Mixed Marine,urb,q3,sub,2070,0.0
C-WEU-GRC,Zone_4C Mixed Marine,urb,q3,sub,2075,0.0
C-WEU-GRC,Zone_4C Mixed Marine,urb,q3,sub,2080,0.0
C-WEU-GRC,Zone_4C Mixed Marine,urb,q3,sub,2085,0.0
C-WEU-GRC,Zone_4C Mixed Marine,urb,q3,sub,2090,0.0
C-WEU-GRC,Zone_4C Mixed Marine,urb,q3,sub,2095,0.0
C-WEU-GRC,Zone_4C Mixed Marine,urb,q3,sub,2100,0.0
C-WEU-GRC,Zone_5A Cool Humid,rur,q1,perm,2015,0.0064985564053713155
C-WEU-GRC,Zone_5A Cool Humid,rur,q1,perm,2020,0.0064985564053713155
C-WEU-GRC,Zone_5A Cool Humid,rur,q1,perm,2025,0.00629149637589968
C-WEU-GRC,Zone_5A Cool Humid,rur,q1,perm,2030,0.006116027673806769
C-WEU-GRC,Zone_5A Cool Humid,rur,q1,perm,2035,0.0059593152759207044
C-WEU-GRC,Zone_5A Cool Humid,rur,q1,perm,2040,0.005808062889517348
C-WEU-GRC,Zone_5A Cool Humid,rur,q1,perm,2045,0.005653923644685176
C-WEU-GRC,Zone_5A Cool Humid,rur,q1,perm,2050,0.0054959241489471455
C-WEU-GRC,Zone_5A Cool Humid,rur,q1,perm,2055,0.005336307231584918
C-WEU-GRC,Zone_5A Cool Humid,rur,q1,perm,2060,0.005184396905867541
C-WEU-GRC,Zone_5A Cool Humid,rur,q1,perm,2065,0.005050346277836289
C-WEU-GRC,Zone_5A Cool Humid,rur,q1,perm,2070,0.004932321351192456
C-WEU-GRC,Zone_5A Cool Humid,rur,q1,perm,2075,0.004829986354051061
C-WEU-GRC,Zone_5A Cool Humid,rur,q1,perm,2080,0.004739712807171547
C-WEU-GRC,Zone_5A Cool Humid,rur,q1,perm,2085,0.004656209572346563
C-WEU-GRC,Zone_5A Cool Humid,rur,q1,perm,2090,0.004579674821603208
C-WEU-GRC,Zone_5A Cool Humid,rur,q1,perm,2095,0.0045033099715535724
C-WEU-GRC,Zone_5A Cool Humid,rur,q1,perm,2100,0.004425621623814237
C-WEU-GRC,Zone_5A Cool Humid,rur,q1,sub,2015,0.0
C-WEU-GRC,Zone_5A Cool Humid,rur,q1,sub,2020,0.0
C-WEU-GRC,Zone_5A Cool Humid,rur,q1,sub,2025,0.0
C-WEU-GRC,Zone_5A Cool Humid,rur,q1,sub,2030,0.0
C-WEU-GRC,Zone_5A Cool Humid,rur,q1,sub,2035,0.0
C-WEU-GRC,Zone_5A Cool Humid,rur,q1,sub,2040,0.0
C-WEU-GRC,Zone_5A Cool Humid,rur,q1,sub,2045,0.0
C-WEU-GRC,Zone_5A Cool Humid,rur,q1,sub,2050,0.0
C-WEU-GRC,Zone_5A Cool Humid,rur,q1,sub,2055,0.0
C-WEU-GRC,Zone_5A Cool Humid,rur,q1,sub,2060,0.0
C-WEU-GRC,Zone_5A Cool Humid,rur,q1,sub,2065,0.0
C-WEU-GRC,Zone_5A Cool Humid,rur,q1,sub,2070,0.0
C-WEU-GRC,Zone_5A Cool Humid,rur,q1,sub,2075,0.0
C-WEU-GRC,Zone_5A Cool Humid,rur,q1,sub,2080,0.0
C-WEU-GRC,Zone_5A Cool Humid,rur,q1,sub,2085,0.0
C-WEU-GRC,Zone_5A Cool Humid,rur,q1,sub,2090,0.0
C-WEU-GRC,Zone_5A Cool Humid,rur,q1,sub,2095,0.0
C-WEU-GRC,Zone_5A Cool Humid,rur,q1,sub,2100,0.0
C-WEU-GRC,Zone_5A Cool Humid,rur,q2,perm,2015,0.0064985564053713155
C-WEU-GRC,Zone_5A Cool Humid,rur,q2,perm,2020,0.0064985564053713155
C-WEU-GRC,Zone_5A Cool Humid,rur,q2,perm,2025,0.00629149637589968
C-WEU-GRC,Zone_5A Cool Humid,rur,q2,perm,2030,0.006116027673806769
C-WEU-GRC,Zone_5A Cool Humid,rur,q2,perm,2035,0.0059593152759207044
C-WEU-GRC,Zone_5A Cool Humid,rur,q2,perm,2040,0.005808062889517348
C-WEU-GRC,Zone_5A Cool Humid,rur,q2,perm,2045,0.005653923644685176
C-WEU-GRC,Zone_5A Cool Humid,rur,q2,perm,2050,0.0054959241489471455
C-WEU-GRC,Zone_5A Cool Humid,rur,q2,perm,2055,0.005336307231584918
C-WEU-GRC,Zone_5A Cool Humid,rur,q2,perm,2060,0.005184396905867541
C-WEU-GRC,Zone_5A Cool Humid,rur,q2,perm,2065,0.005050346277836289
C-WEU-GRC,Zone_5A Cool Humid,rur,q2,perm,2070,0.004932321351192456
C-WEU-GRC,Zone_5A Cool Humid,rur,q2,perm,2075,0.004829986354051061
C-WEU-GRC,Zone_5A Cool Humid,rur,q2,perm,2080,0.004739712807171547
C-WEU-GRC,Zone_5A Cool Humid,rur,q2,perm,2085,0.004656209572346563
C-WEU-GRC,Zone_5A Cool Humid,rur,q2,perm,2090,0.004579674821603208
C-WEU-GRC,Zone_5A Cool Humid,rur,q2,perm,2095,0.0045033099715535724
C-WEU-GRC,Zone_5A Cool Humid,rur,q2,perm,2100,0.004425621623814237
C-WEU-GRC,Zone_5A Cool Humid,rur,q2,sub,2015,0.0
C-WEU-GRC,Zone_5A Cool Humid,rur,q2,sub,2020,0.0
C-WEU-GRC,Zone_5A Cool Humid,rur,q2,sub,2025,0.0
C-WEU-GRC,Zone_5A Cool Humid,rur,q2,sub,2030,0.0
C-WEU-GRC,Zone_5A Cool Humid,rur,q2,sub,2035,0.0
C-WEU-GRC,Zone_5A Cool Humid,rur,q2,sub,2040,0.0
C-WEU-GRC,Zone_5A Cool Humid,rur,q2,sub,2045,0.0
C-WEU-GRC,Zone_5A Cool Humid,rur,q2,sub,2050,0.0
C-WEU-GRC,Zone_5A Cool Humid,rur,q2,sub,2055,0.0
C-WEU-GRC,Zone_5A Cool Humid,rur,q2,sub,2060,0.0
C-WEU-GRC,Zone_5A Cool Humid,rur,q2,sub,2065,0.0
C-WEU-GRC,Zone_5A Cool Humid,rur,q2,sub,2070,0.0
C-WEU-GRC,Zone_5A Cool Humid,rur,q2,sub,2075,0.0
C-WEU-GRC,Zone_5A Cool Humid,rur,q2,sub,2080,0.0
C-WEU-GRC,Zone_5A Cool Humid,rur,q2,sub,2085,0.0
C-WEU-GRC,Zone_5A Cool Humid,rur,q2,sub,2090,0.0
C-WEU-GRC,Zone_5A Cool Humid,rur,q2,sub,2095,0.0
C-WEU-GRC,Zone_5A Cool Humid,rur,q2,sub,2100,0.0
C-WEU-GRC,Zone_5A Cool Humid,rur,q3,perm,2015,0.0064985564053713155
C-WEU-GRC,Zone_5A Cool Humid,rur,q3,perm,2020,0.0064985564053713155
C-WEU-GRC,Zone_5A Cool Humid,rur,q3,perm,2025,0.00629149637589968
C-WEU-GRC,Zone_5A Cool Humid,rur,q3,perm,2030,0.006116027673806769
C-WEU-GRC,Zone_5A Cool Humid,rur,q3,perm,2035,0.0059593152759207044
C-WEU-GRC,Zone_5A Cool Humid,rur,q3,perm,2040,0.005808062889517348
C-WEU-GRC,Zone_5A Cool Humid,rur,q3,perm,2045,0.005653923644685176
C-WEU-GRC,Zone_5A Cool Humid,rur,q3,perm,2050,0.0054959241489471455
C-WEU-GRC,Zone_5A Cool Humid,rur,q3,perm,2055,0.005336307231584918
C-WEU-GRC,Zone_5A Cool Humid,rur,q3,perm,2060,0.005184396905867541
C-WEU-GRC,Zone_5A Cool Humid,rur,q3,perm,2065,0.005050346277836289
C-WEU-GRC,Zone_5A Cool Humid,rur,q3,perm,2070,0.004932321351192456
C-WEU-GRC,Zone_5A Cool Humid,rur,q3,perm,2075,0.004829986354051061
C-WEU-GRC,Zone_5A Cool Humid,rur,q3,perm,2080,0.004739712807171547
C-WEU-GRC,Zone_5A Cool Humid,rur,q3,perm,2085,0.004656209572346563
C-WEU-GRC,Zone_5A Cool Humid,rur,q3,perm,2090,0.004579674821603208
C-WEU-GRC,Zone_5A Cool Humid,rur,q3,perm,2095,0.0045033099715535724
C-WEU-GRC,Zone_5A Cool Humid,rur,q3,perm,2100,0.004425621623814237
C-WEU-GRC,Zone_5A Cool Humid,rur,q3,sub,2015,0.0
C-WEU-GRC,Zone_5A Cool Humid,rur,q3,sub,2020,0.0
C-WEU-GRC,Zone_5A Cool Humid,rur,q3,sub,2025,0.0
C-WEU-GRC,Zone_5A Cool Humid,rur,q3,sub,2030,0.0
C-WEU-GRC,Zone_5A Cool Humid,rur,q3,sub,2035,0.0
C-WEU-GRC,Zone_5A Cool Humid,rur,q3,sub,2040,0.0
C-WEU-GRC,Zone_5A Cool Humid,rur,q3,sub,2045,0.0
C-WEU-GRC,Zone_5A Cool Humid,rur,q3,sub,2050,0.0
C-WEU-GRC,Zone_5A Cool Humid,rur,q3,sub,2055,0.0
C-WEU-GRC,Zone_5A Cool Humid,rur,q3,sub,2060,0.0
C-WEU-GRC,Zone_5A Cool Humid,rur,q3,sub,2065,0.0
C-WEU-GRC,Zone_5A Cool Humid,rur,q3,sub,2070,0.0
C-WEU-GRC,Zone_5A Cool Humid,rur,q3,sub,2075,0.0
C-WEU-GRC,Zone_5A Cool Humid,rur,q3,sub,2080,0.0
C-WEU-GRC,Zone_5A Cool Humid,rur,q3,sub,2085,0.0
C-WEU-GRC,Zone_5A Cool Humid,rur,q3,sub,2090,0.0
C-WEU-GRC,Zone_5A Cool Humid,rur,q3,sub,2095,0.0
C-WEU-GRC,Zone_5A Cool Humid,rur,q3,sub,2100,0.0
C-WEU-GRC,Zone_5A Cool Humid,urb,q1,perm,2015,0.009115981626147966
C-WEU-GRC,Zone_5A Cool Humid,urb,q1,perm,2020,0.009115981626147966
C-WEU-GRC,Zone_5A Cool Humid,urb,q1,perm,2025,0.008881370200946512
C-WEU-GRC,Zone_5A Cool Humid,urb,q1,perm,2030,0.008685562702714575
C-WEU-GRC,Zone_5A Cool Humid,urb,q1,perm,2035,0.008513302888741997
C-WEU-GRC,Zone_5A Cool Humid,urb,q1,perm,2040,0.00834477061097184
C-WEU-GRC,Zone_5A Cool Humid,urb,q1,perm,2045,0.008166364053485446
C-WEU-GRC,Zone_5A Cool Humid,urb,q1,perm,2050,0.007975974467098544
C-WEU-GRC,Zone_5A Cool Humid,urb,q1,perm,2055,0.007778883169112296
C-WEU-GRC,Zone_5A Cool Humid,urb,q1,perm,2060,0.007590876006669443
C-WEU-GRC,Zone_5A Cool Humid,urb,q1,perm,2065,0.007427832403334417
C-WEU-GRC,Zone_5A Cool Humid,urb,q1,perm,2070,0.00728659094179894
C-WEU-GRC,Zone_5A Cool Humid,urb,q1,perm,2075,0.007165778503992739
C-WEU-GRC,Zone_5A Cool Humid,urb,q1,perm,2080,0.007058888379205234
C-WEU-GRC,Zone_5A Cool Humid,urb,q1,perm,2085,0.006957366691710366
C-WEU-GRC,Zone_5A Cool Humid,urb,q1,perm,2090,0.0068620692449098755
C-WEU-GRC,Zone_5A Cool Humid,urb,q1,perm,2095,0.0067637386657201145
C-WEU-GRC,Zone_5A Cool Humid,urb,q1,perm,2100,0.006661708237182068
C-WEU-GRC,Zone_5A Cool Humid,urb,q1,sub,2015,0.0
C-WEU-GRC,Zone_5A Cool Humid,urb,q1,sub,2020,0.0
C-WEU-GRC,Zone_5A Cool Humid,urb,q1,sub,2025,0.0
C-WEU-GRC,Zone_5A Cool Humid,urb,q1,sub,2030,0.0
C-WEU-GRC,Zone_5A Cool Humid,urb,q1,sub,2035,0.0
C-WEU-GRC,Zone_5A Cool Humid,urb,q1,sub,2040,0.0
C-WEU-GRC,Zone_5A Cool Humid,urb,q1,sub,2045,0.0
C-WEU-GRC,Zone_5A Cool Humid,urb,q1,sub,2050,0.0
C-WEU-GRC,Zone_5A Cool Humid,urb,q1,sub,2055,0.0
C-WEU-GRC,Zone_5A Cool Humid,urb,q1,sub,2060,0.0
C-WEU-GRC,Zone_5A Cool Humid,urb,q1,sub,2065,0.0
C-WEU-GRC,Zone_5A Cool Humid,urb,q1,sub,2070,0.0
C-WEU-GRC,Zone_5A Cool Humid,urb,q1,sub,2075,0.0
C-WEU-GRC,Zone_5A Cool Humid,urb,q1,sub,2080,0.0
C-WEU-GRC,Zone_5A Cool Humid,urb,q1,sub,2085,0.0
C-WEU-GRC,Zone_5A Cool Humid,urb,q1,sub,2090,0.0
C-WEU-GRC,Zone_5A Cool Humid,urb,q1,sub,2095,0.0
C-WEU-GRC,Zone_5A Cool Humid,urb,q1,sub,2100,0.0
C-WEU-GRC,Zone_5A Cool Humid,urb,q2,perm,2015,0.009115981626147966
C-WEU-GRC,Zone_5A Cool Humid,urb,q2,perm,2020,0.009115981626147966
C-WEU-GRC,Zone_5A Cool Humid,urb,q2,perm,2025,0.008881370200946512
C-WEU-GRC,Zone_5A Cool Humid,urb,q2,perm,2030,0.008685562702714575
C-WEU-GRC,Zone_5A Cool Humid,urb,q2,perm,2035,0.008513302888741997
C-WEU-GRC,Zone_5A Cool Humid,urb,q2,perm,2040,0.00834477061097184
C-WEU-GRC,Zone_5A Cool Humid,urb,q2,perm,2045,0.008166364053485446
C-WEU-GRC,Zone_5A Cool Humid,urb,q2,perm,2050,0.007975974467098544
C-WEU-GRC,Zone_5A Cool Humid,urb,q2,perm,2055,0.007778883169112296
C-WEU-GRC,Zone_5A Cool Humid,urb,q2,perm,2060,0.007590876006669443
C-WEU-GRC,Zone_5A Cool Humid,urb,q2,perm,2065,0.007427832403334417
C-WEU-GRC,Zone_5A Cool Humid,urb,q2,perm,2070,0.00728659094179894
C-WEU-GRC,Zone_5A Cool Humid,urb,q2,perm,2075,0.007165778503992739
C-WEU-GRC,Zone_5A Cool Humid,urb,q2,perm,2080,0.007058888379205234
C-WEU-GRC,Zone_5A Cool Humid,urb,q2,perm,2085,0.006957366691710366
C-WEU-GRC,Zone_5A Cool Humid,urb,q2,perm,2090,0.0068620692449098755
C-WEU-GRC,Zone_5A Cool Humid,urb,q2,perm,2095,0.0067637386657201145
C-WEU-GRC,Zone_5A Cool Humid,urb,q2,perm,2100,0.006661708237182068
C-WEU-GRC,Zone_5A Cool Humid,urb,q2,sub,2015,0.0
C-WEU-GRC,Zone_5A Cool Humid,urb,q2,sub,2020,0.0
C-WEU-GRC,Zone_5A Cool Humid,urb,q2,sub,2025,0.0
C-WEU-GRC,Zone_5A Cool Humid,urb,q2,sub,2030,0.0
C-WEU-GRC,Zone_5A Cool Humid,urb,q2,sub,2035,0.0
C-WEU-GRC,Zone_5A Cool Humid,urb,q2,sub,2040,0.0
C-WEU-GRC,Zone_5A Cool Humid,urb,q2,sub,2045,0.0
C-WEU-GRC,Zone_5A Cool Humid,urb,q2,sub,2050,0.0
C-WEU-GRC,Zone_5A Cool Humid,urb,q2,sub,2055,0.0
C-WEU-GRC,Zone_5A Cool Humid,urb,q2,sub,2060,0.0
C-WEU-GRC,Zone_5A Cool Humid,urb,q2,sub,2065,0.0
C-WEU-GRC,Zone_5A Cool Humid,urb,q2,sub,2070,0.0
C-WEU-GRC,Zone_5A Cool Humid,urb,q2,sub,2075,0.0
C-WEU-GRC,Zone_5A Cool Humid,urb,q2,sub,2080,0.0
C-WEU-GRC,Zone_5A Cool Humid,urb,q2,sub,2085,0.0
C-WEU-GRC,Zone_5A Cool Humid,urb,q2,sub,2090,0.0
C-WEU-GRC,Zone_5A Cool Humid,urb,q2,sub,2095,0.0
C-WEU-GRC,Zone_5A Cool Humid,urb,q2,sub,2100,0.0
C-WEU-GRC,Zone_5A Cool Humid,urb,q3,perm,2015,0.009115981626147966
C-WEU-GRC,Zone_5A Cool Humid,urb,q3,perm,2020,0.009115981626147966
C-WEU-GRC,Zone_5A Cool Humid,urb,q3,perm,2025,0.008881370200946512
C-WEU-GRC,Zone_5A Cool Humid,urb,q3,perm,2030,0.008685562702714575
C-WEU-GRC,Zone_5A Cool Humid,urb,q3,perm,2035,0.008513302888741997
C-WEU-GRC,Zone_5A Cool Humid,urb,q3,perm,2040,0.00834477061097184
C-WEU-GRC,Zone_5A Cool Humid,urb,q3,perm,2045,0.008166364053485446
C-WEU-GRC,Zone_5A Cool Humid,urb,q3,perm,2050,0.007975974467098544
C-WEU-GRC,Zone_5A Cool Humid,urb,q3,perm,2055,0.007778883169112296
C-WEU-GRC,Zone_5A Cool Humid,urb,q3,perm,2060,0.007590876006669443
C-WEU-GRC,Zone_5A Cool Humid,urb,q3,perm,2065,0.007427832403334417
C-WEU-GRC,Zone_5A Cool Humid,urb,q3,perm,2070,0.00728659094179894
C-WEU-GRC,Zone_5A Cool Humid,urb,q3,perm,2075,0.007165778503992739
C-WEU-GRC,Zone_5A Cool Humid,urb,q3,perm,2080,0.007058888379205234
C-WEU-GRC,Zone_5A Cool Humid,urb,q3,perm,2085,0.006957366691710366
C-WEU-GRC,Zone_5A Cool Humid,urb,q3,perm,2090,0.0068620692449098755
C-WEU-GRC,Zone_5A Cool Humid,urb,q3,perm,2095,0.0067637386657201145
C-WEU-GRC,Zone_5A Cool Humid,urb,q3,perm,2100,0.006661708237182068
C-WEU-GRC,Zone_5A Cool Humid,urb,q3,sub,2015,0.0
C-WEU-GRC,Zone_5A Cool Humid,urb,q3,sub,2020,0.0
C-WEU-GRC,Zone_5A Cool Humid,urb,q3,sub,2025,0.0
C-WEU-GRC,Zone_5A Cool Humid,urb,q3,sub,2030,0.0
C-WEU-GRC,Zone_5A Cool Humid,urb,q3,sub,2035,0.0
C-WEU-GRC,Zone_5A Cool Humid,urb,q3,sub,2040,0.0
C-WEU-GRC,Zone_5A Cool Humid,urb,q3,sub,2045,0.0
C-WEU-GRC,Zone_5A Cool Humid,urb,q3,sub,2050,0.0
C-WEU-GRC,Zone_5A Cool Humid,urb,q3,sub,2055,0.0
C-WEU-GRC,Zone_5A Cool Humid,urb,q3,sub,2060,0.0
C-WEU-GRC,Zone_5A Cool Humid,urb,q3,sub,2065,0.0
C-WEU-GRC,Zone_5A Cool Humid,urb,q3,sub,2070,0.0
C-WEU-GRC,Zone_5A Cool Humid,urb,q3,sub,2075,0.0
C-WEU-GRC,Zone_5A Cool Humid,urb,q3,sub,2080,0.0
C-WEU-GRC,Zone_5A Cool Humid,urb,q3,sub,2085,0.0
C-WEU-GRC,Zone_5A Cool Humid,urb,q3,sub,2090,0.0
C-WEU-GRC,Zone_5A Cool Humid,urb,q3,sub,2095,0.0
C-WEU-GRC,Zone_5A Cool Humid,urb,q3,sub,2100,0.0
C-WEU-GRC,Zone_5C Cool Marine,rur,q1,perm,2015,0.008744141676186526
C-WEU-GRC,Zone_5C Cool Marine,rur,q1,perm,2020,0.008744141676186526
C-WEU-GRC,Zone_5C Cool Marine,rur,q1,perm,2025,0.008853795608211397
C-WEU-GRC,Zone_5C Cool Marine,rur,q1,perm,2030,0.00894698448485285
C-WEU-GRC,Zone_5C Cool Marine,rur,q1,perm,2035,0.00903913536050199
C-WEU-GRC,Zone_5C Cool Marine,rur,q1,perm,2040,0.009136932907597229
C-WEU-GRC,Zone_5C Cool Marine,rur,q1,perm,2045,0.00922883077607308
C-WEU-GRC,Zone_5C Cool Marine,rur,q1,perm,2050,0.009308254791225606
C-WEU-GRC,Zone_5C Cool Marine,rur,q1,perm,2055,0.00937578406131141
C-WEU-GRC,Zone_5C Cool Marine,rur,q1,perm,2060,0.00944128145904451
C-WEU-GRC,Zone_5C Cool Marine,rur,q1,perm,2065,0.009508555393389663
C-WEU-GRC,Zone_5C Cool Marine,rur,q1,perm,2070,0.00957415463598695
C-WEU-GRC,Zone_5C Cool Marine,rur,q1,perm,2075,0.009626728892124075
C-WEU-GRC,Zone_5C Cool Marine,rur,q1,perm,2080,0.009658118515025042
C-WEU-GRC,Zone_5C Cool Marine,rur,q1,perm,2085,0.009667645723537637
C-WEU-GRC,Zone_5C Cool Marine,rur,q1,perm,2090,0.009654870621027581
C-WEU-GRC,Zone_5C Cool Marine,rur,q1,perm,2095,0.00963169586088782
C-WEU-GRC,Zone_5C Cool Marine,rur,q1,perm,2100,0.0096027723710059
C-WEU-GRC,Zone_5C Cool Marine,rur,q1,sub,2015,0.0
C-WEU-GRC,Zone_5C Cool Marine,rur,q1,sub,2020,0.0
C-WEU-GRC,Zone_5C Cool Marine,rur,q1,sub,2025,0.0
C-WEU-GRC,Zone_5C Cool Marine,rur,q1,sub,2030,0.0
C-WEU-GRC,Zone_5C Cool Marine,rur,q1,sub,2035,0.0
C-WEU-GRC,Zone_5C Cool Marine,rur,q1,sub,2040,0.0
C-WEU-GRC,Zone_5C Cool Marine,rur,q1,sub,2045,0.0
C-WEU-GRC,Zone_5C Cool Marine,rur,q1,sub,2050,0.0
C-WEU-GRC,Zone_5C Cool Marine,rur,q1,sub,2055,0.0
C-WEU-GRC,Zone_5C Cool Marine,rur,q1,sub,2060,0.0
C-WEU-GRC,Zone_5C Cool Marine,rur,q1,sub,2065,0.0
C-WEU-GRC,Zone_5C Cool Marine,rur,q1,sub,2070,0.0
C-WEU-GRC,Zone_5C Cool Marine,rur,q1,sub,2075,0.0
C-WEU-GRC,Zone_5C Cool Marine,rur,q1,sub,2080,0.0
C-WEU-GRC,Zone_5C Cool Marine,rur,q1,sub,2085,0.0
C-WEU-GRC,Zone_5C Cool Marine,rur,q1,sub,2090,0.0
C-WEU-GRC,Zone_5C Cool Marine,rur,q1,sub,2095,0.0
C-WEU-GRC,Zone_5C Cool Marine,rur,q1,sub,2100,0.0
C-WEU-GRC,Zone_5C Cool Marine,rur,q2,perm,2015,0.008744141676186526
C-WEU-GRC,Zone_5C Cool Marine,rur,q2,perm,2020,0.008744141676186526
C-WEU-GRC,Zone_5C Cool Marine,rur,q2,perm,2025,0.008853795608211397
C-WEU-GRC,Zone_5C Cool Marine,rur,q2,perm,2030,0.00894698448485285
C-WEU-GRC,Zone_5C Cool Marine,rur,q2,perm,2035,0.00903913536050199
C-WEU-GRC,Zone_5C Cool Marine,rur,q2,perm,2040,0.009136932907597229
C-WEU-GRC,Zone_5C Cool Marine,rur,q2,perm,2045,0.00922883077607308
C-WEU-GRC,Zone_5C Cool Marine,rur,q2,perm,2050,0.009308254791225606
C-WEU-GRC,Zone_5C Cool Marine,rur,q2,perm,2055,0.00937578406131141
C-WEU-GRC,Zone_5C Cool Marine,rur,q2,perm,2060,0.00944128145904451
C-WEU-GRC,Zone_5C Cool Marine,rur,q2,perm,2065,0.009508555393389663
C-WEU-GRC,Zone_5C Cool Marine,rur,q2,perm,2070,0.00957415463598695
C-WEU-GRC,Zone_5C Cool Marine,rur,q2,perm,2075,0.009626728892124075
C-WEU-GRC,Zone_5C Cool Marine,rur,q2,perm,2080,0.009658118515025042
C-WEU-GRC,Zone_5C Cool Marine,rur,q2,perm,2085,0.009667645723537637
C-WEU-GRC,Zone_5C Cool Marine,rur,q2,perm,2090,0.009654870621027581
C-WEU-GRC,Zone_5C Cool Marine,rur,q2,perm,2095,0.00963169586088782
C-WEU-GRC,Zone_5C Cool Marine,rur,q2,perm,2100,0.0096027723710059
C-WEU-GRC,Zone_5C Cool Marine,rur,q2,sub,2015,0.0
C-WEU-GRC,Zone_5C Cool Marine,rur,q2,sub,2020,0.0
C-WEU-GRC,Zone_5C Cool Marine,rur,q2,sub,2025,0.0
C-WEU-GRC,Zone_5C Cool Marine,rur,q2,sub,2030,0.0
C-WEU-GRC,Zone_5C Cool Marine,rur,q2,sub,2035,0.0
C-WEU-GRC,Zone_5C Cool Marine,rur,q2,sub,2040,0.0
C-WEU-GRC,Zone_5C Cool Marine,rur,q2,sub,2045,0.0
C-WEU-GRC,Zone_5C Cool Marine,rur,q2,sub,2050,0.0
C-WEU-GRC,Zone_5C Cool Marine,rur,q2,sub,2055,0.0
C-WEU-GRC,Zone_5C Cool Marine,rur,q2,sub,2060,0.0
C-WEU-GRC,Zone_5C Cool Marine,rur,q2,sub,2065,0.0
C-WEU-GRC,Zone_5C Cool Marine,rur,q2,sub,2070,0.0
C-WEU-GRC,Zone_5C Cool Marine,rur,q2,sub,2075,0.0
C-WEU-GRC,Zone_5C Cool Marine,rur,q2,sub,2080,0.0
C-WEU-GRC,Zone_5C Cool Marine,rur,q2,sub,2085,0.0
C-WEU-GRC,Zone_5C Cool Marine,rur,q2,sub,2090,0.0
C-WEU-GRC,Zone_5C Cool Marine,rur,q2,sub,2095,0.0
C-WEU-GRC,Zone_5C Cool Marine,rur,q2,sub,2100,0.0
C-WEU-GRC,Zone_5C Cool Marine,rur,q3,perm,2015,0.008744141676186526
C-WEU-GRC,Zone_5C Cool Marine,rur,q3,perm,2020,0.008744141676186526
C-WEU-GRC,Zone_5C Cool Marine,rur,q3,perm,2025,0.008853795608211397
C-WEU-GRC,Zone_5C Cool Marine,rur,q3,perm,2030,0.00894698448485285
C-WEU-GRC,Zone_5C Cool Marine,rur,q3,perm,2035,0.00903913536050199
C-WEU-GRC,Zone_5C Cool Marine,rur,q3,perm,2040,0.009136932907597229
C-WEU-GRC,Zone_5C Cool Marine,rur,q3,perm,2045,0.00922883077607308
C-WEU-GRC,Zone_5C Cool Marine,rur,q3,perm,2050,0.009308254791225606
C-WEU-GRC,Zone_5C Cool Marine,rur,q3,perm,2055,0.00937578406131141
C-WEU-GRC,Zone_5C Cool Marine,rur,q3,perm,2060,0.00944128145904451
C-WEU-GRC,Zone_5C Cool Marine,rur,q3,perm,2065,0.009508555393389663
C-WEU-GRC,Zone_5C Cool Marine,rur,q3,perm,2070,0.00957415463598695
C-WEU-GRC,Zone_5C Cool Marine,rur,q3,perm,2075,0.009626728892124075
C-WEU-GRC,Zone_5C Cool Marine,rur,q3,perm,2080,0.009658118515025042
C-WEU-GRC,Zone_5C Cool Marine,rur,q3,perm,2085,0.009667645723537637
C-WEU-GRC,Zone_5C Cool Marine,rur,q3,perm,2090,0.009654870621027581
C-WEU-GRC,Zone_5C Cool Marine,rur,q3,perm,2095,0.00963169586088782
C-WEU-GRC,Zone_5C Cool Marine,rur,q3,perm,2100,0.0096027723710059
C-WEU-GRC,Zone_5C Cool Marine,rur,q3,sub,2015,0.0
C-WEU-GRC,Zone_5C Cool Marine,rur,q3,sub,2020,0.0
C-WEU-GRC,Zone_5C Cool Marine,rur,q3,sub,2025,0.0
C-WEU-GRC,Zone_5C Cool Marine,rur,q3,sub,2030,0.0
C-WEU-GRC,Zone_5C Cool Marine,rur,q3,sub,2035,0.0
C-WEU-GRC,Zone_5C Cool Marine,rur,q3,sub,2040,0.0
C-WEU-GRC,Zone_5C Cool Marine,rur,q3,sub,2045,0.0
C-WEU-GRC,Zone_5C Cool Marine,rur,q3,sub,2050,0.0
C-WEU-GRC,Zone_5C Cool Marine,rur,q3,sub,2055,0.0
C-WEU-GRC,Zone_5C Cool Marine,rur,q3,sub,2060,0.0
C-WEU-GRC,Zone_5C Cool Marine,rur,q3,sub,2065,0.0
C-WEU-GRC,Zone_5C Cool Marine,rur,q3,sub,2070,0.0
C-WEU-GRC,Zone_5C Cool Marine,rur,q3,sub,2075,0.0
C-WEU-GRC,Zone_5C Cool Marine,rur,q3,sub,2080,0.0
C-WEU-GRC,Zone_5C Cool Marine,rur,q3,sub,2085,0.0
C-WEU-GRC,Zone_5C Cool Marine,rur,q3,sub,2090,0.0
C-WEU-GRC,Zone_5C Cool Marine,rur,q3,sub,2095,0.0
C-WEU-GRC,Zone_5C Cool Marine,rur,q3,sub,2100,0.0
C-WEU-GRC,Zone_5C Cool Marine,urb,q1,perm,2015,0.012266021849201239
C-WEU-GRC,Zone_5C Cool Marine,urb,q1,perm,2020,0.012266021849201239
C-WEU-GRC,Zone_5C Cool Marine,urb,q1,perm,2025,0.012498431498944463
C-WEU-GRC,Zone_5C Cool Marine,urb,q1,perm,2030,0.012705893250975946
C-WEU-GRC,Zone_5C Cool Marine,urb,q1,perm,2035,0.012913043464444334
C-WEU-GRC,Zone_5C Cool Marine,urb,q1,perm,2040,0.013127545388558051
C-WEU-GRC,Zone_5C Cool Marine,urb,q1,perm,2045,0.013329856687447144
C-WEU-GRC,Zone_5C Cool Marine,urb,q1,perm,2050,0.013508629401714874
C-WEU-GRC,Zone_5C Cool Marine,urb,q1,perm,2055,0.013667340665860441
C-WEU-GRC,Zone_5C Cool Marine,urb,q1,perm,2060,0.013823709527054528
C-WEU-GRC,Zone_5C Cool Marine,urb,q1,perm,2065,0.013984774899470321
C-WEU-GRC,Zone_5C Cool Marine,urb,q1,perm,2070,0.014144039586775528
C-WEU-GRC,Zone_5C Cool Marine,urb,q1,perm,2075,0.014282236408616242
C-WEU-GRC,Zone_5C Cool Marine,urb,q1,perm,2080,0.014383905380836932
C-WEU-GRC,Zone_5C Cool Marine,urb,q1,perm,2085,0.014445517389007598
C-WEU-GRC,Zone_5C Cool Marine,urb,q1,perm,2090,0.01446661462504069
C-WEU-GRC,Zone_5C Cool Marine,urb,q1,perm,2095,0.014466309030969696
C-WEU-GRC,Zone_5C Cool Marine,urb,q1,perm,2100,0.014454662698565617
C-WEU-GRC,Zone_5C Cool Marine,urb,q1,sub,2015,0.0
C-WEU-GRC,Zone_5C Cool Marine,urb,q1,sub,2020,0.0
C-WEU-GRC,Zone_5C Cool Marine,urb,q1,sub,2025,0.0
C-WEU-GRC,Zone_5C Cool Marine,urb,q1,sub,2030,0.0
C-WEU-GRC,Zone_5C Cool Marine,urb,q1,sub,2035,0.0
C-WEU-GRC,Zone_5C Cool Marine,urb,q1,sub,2040,0.0
C-WEU-GRC,Zone_5C Cool Marine,urb,q1,sub,2045,0.0
C-WEU-GRC,Zone_5C Cool Marine,urb,q1,sub,2050,0.0
C-WEU-GRC,Zone_5C Cool Marine,urb,q1,sub,2055,0.0
C-WEU-GRC,Zone_5C Cool Marine,urb,q1,sub,2060,0.0
C-WEU-GRC,Zone_5C Cool Marine,urb,q1,sub,2065,0.0
C-WEU-GRC,Zone_5C Cool Marine,urb,q1,sub,2070,0.0
C-WEU-GRC,Zone_5C Cool Marine,urb,q1,sub,2075,0.0
C-WEU-GRC,Zone_5C Cool Marine,urb,q1,sub,2080,0.0
C-WEU-GRC,Zone_5C Cool Marine,urb,q1,sub,2085,0.0
C-WEU-GRC,Zone_5C Cool Marine,urb,q1,sub,2090,0.0
C-WEU-GRC,Zone_5C Cool Marine,urb,q1,sub,2095,0.0
C-WEU-GRC,Zone_5C Cool Marine,urb,q1,sub,2100,0.0
C-WEU-GRC,Zone_5C Cool Marine,urb,q2,perm,2015,0.012266021849201239
C-WEU-GRC,Zone_5C Cool Marine,urb,q2,perm,2020,0.012266021849201239
C-WEU-GRC,Zone_5C Cool Marine,urb,q2,perm,2025,0.012498431498944463
C-WEU-GRC,Zone_5C Cool Marine,urb,q2,perm,2030,0.012705893250975946
C-WEU-GRC,Zone_5C Cool Marine,urb,q2,perm,2035,0.012913043464444334
C-WEU-GRC,Zone_5C Cool Marine,urb,q2,perm,2040,0.013127545388558051
C-WEU-GRC,Zone_5C Cool Marine,urb,q2,perm,2045,0.013329856687447144
C-WEU-GRC,Zone_5C Cool Marine,urb,q2,perm,2050,0.013508629401714874
C-WEU-GRC,Zone_5C Cool Marine,urb,q2,perm,2055,0.013667340665860441
C-WEU-GRC,Zone_5C Cool Marine,urb,q2,perm,2060,0.013823709527054528
C-WEU-GRC,Zone_5C Cool Marine,urb,q2,perm,2065,0.013984774899470321
C-WEU-GRC,Zone_5C Cool Marine,urb,q2,perm,2070,0.014144039586775528
C-WEU-GRC,Zone_5C Cool Marine,urb,q2,perm,2075,0.014282236408616242
C-WEU-GRC,Zone_5C Cool Marine,urb,q2,perm,2080,0.014383905380836932
C-WEU-GRC,Zone_5C Cool Marine,urb,q2,perm,2085,0.014445517389007598
C-WEU-GRC,Zone_5C Cool Marine,urb,q2,perm,2090,0.01446661462504069
C-WEU-GRC,Zone_5C Cool Marine,urb,q2,perm,2095,0.014466309030969696
C-WEU-GRC,Zone_5C Cool Marine,urb,q2,perm,2100,0.014454662698565617
C-WEU-GRC,Zone_5C Cool Marine,urb,q2,sub,2015,0.0
C-WEU-GRC,Zone_5C Cool Marine,urb,q2,sub,2020,0.0
C-WEU-GRC,Zone_5C Cool Marine,urb,q2,sub,2025,0.0
C-WEU-GRC,Zone_5C Cool Marine,urb,q2,sub,2030,0.0
C-WEU-GRC,Zone_5C Cool Marine,urb,q2,sub,2035,0.0
C-WEU-GRC,Zone_5C Cool Marine,urb,q2,sub,2040,0.0
C-WEU-GRC,Zone_5C Cool Marine,urb,q2,sub,2045,0.0
C-WEU-GRC,Zone_5C Cool Marine,urb,q2,sub,2050,0.0
C-WEU-GRC,Zone_5C Cool Marine,urb,q2,sub,2055,0.0
C-WEU-GRC,Zone_5C Cool Marine,urb,q2,sub,2060,0.0
C-WEU-GRC,Zone_5C Cool Marine,urb,q2,sub,2065,0.0
C-WEU-GRC,Zone_5C Cool Marine,urb,q2,sub,2070,0.0
C-WEU-GRC,Zone_5C Cool Marine,urb,q2,sub,2075,0.0
C-WEU-GRC,Zone_5C Cool Marine,urb,q2,sub,2080,0.0
C-WEU-GRC,Zone_5C Cool Marine,urb,q2,sub,2085,0.0
C-WEU-GRC,Zone_5C Cool Marine,urb,q2,sub,2090,0.0
C-WEU-GRC,Zone_5C Cool Marine,urb,q2,sub,2095,0.0
C-WEU-GRC,Zone_5C Cool Marine,urb,q2,sub,2100,0.0
C-WEU-GRC,Zone_5C Cool Marine,urb,q3,perm,2015,0.012266021849201239
C-WEU-GRC,Zone_5C Cool Marine,urb,q3,perm,2020,0.012266021849201239
C-WEU-GRC,Zone_5C Cool Marine,urb,q3,perm,2025,0.012498431498944463
C-WEU-GRC,Zone_5C Cool Marine,urb,q3,perm,2030,0.012705893250975946
C-WEU-GRC,Zone_5C Cool Marine,urb,q3,perm,2035,0.012913043464444334
C-WEU-GRC,Zone_5C Cool Marine,urb,q3,perm,2040,0.013127545388558051
C-WEU-GRC,Zone_5C Cool Marine,urb,q3,perm,2045,0.013329856687447144
C-WEU-GRC,Zone_5C Cool Marine,urb,q3,perm,2050,0.013508629401714874
C-WEU-GRC,Zone_5C Cool Marine,urb,q3,perm,2055,0.013667340665860441
C-WEU-GRC,Zone_5C Cool Marine,urb,q3,perm,2060,0.013823709527054528
C-WEU-GRC,Zone_5C Cool Marine,urb,q3,perm,2065,0.013984774899470321
C-WEU-GRC,Zone_5C Cool Marine,urb,q3,perm,2070,0.014144039586775528
C-WEU-GRC,Zone_5C Cool Marine,urb,q3,perm,2075,0.014282236408616242
C-WEU-GRC,Zone_5C Cool Marine,urb,q3,perm,2080,0.014383905380836932
C-WEU-GRC,Zone_5C Cool Marine,urb,q3,perm,2085,0.014445517389007598
C-WEU-GRC,Zone_5C Cool Marine,urb,q3,perm,2090,0.01446661462504069
C-WEU-GRC,Zone_5C Cool Marine,urb,q3,perm,2095,0.014466309030969696
C-WEU-GRC,Zone_5C Cool Marine,urb,q3,perm,2100,0.014454662698565617
C-WEU-GRC,Zone_5C Cool Marine,urb,q3,sub,2015,0.0
C-WEU-GRC,Zone_5C Cool Marine,urb,q3,sub,2020,0.0
C-WEU-GRC,Zone_5C Cool Marine,urb,q3,sub,2025,0.0
C-WEU-GRC,Zone_5C Cool Marine,urb,q3,sub,2030,0.0
C-WEU-GRC,Zone_5C Cool Marine,urb,q3,sub,2035,0.0
C-WEU-GRC,Zone_5C Cool Marine,urb,q3,sub,2040,0.0
C-WEU-GRC,Zone_5C Cool Marine,urb,q3,sub,2045,0.0
C-WEU-GRC,Zone_5C Cool Marine,urb,q3,sub,2050,0.0
C-WEU-GRC,Zone_5C Cool Marine,urb,q3,sub,2055,0.0
C-WEU-GRC,Zone_5C Cool Marine,urb,q3,sub,2060,0.0
C-WEU-GRC,Zone_5C Cool Marine,urb,q3,sub,2065,0.0
C-WEU-GRC,Zone_5C Cool Marine,urb,q3,sub,2070,0.0
C-WEU-GRC,Zone_5C Cool Marine,urb,q3,sub,2075,0.0
C-WEU-GRC,Zone_5C Cool Marine,urb,q3,sub,2080,0.0
C-WEU-GRC,Zone_5C Cool Marine,urb,q3,sub,2085,0.0
C-WEU-GRC,Zone_5C Cool Marine,urb,q3,sub,2090,0.0
C-WEU-GRC,Zone_5C Cool Marine,urb,q3,sub,2095,0.0
C-WEU-GRC,Zone_5C Cool Marine,urb,q3,sub,2100,0.0
C-WEU-IRL,Zone_4A Mixed Humid,rur,q1,perm,2015,0.1463834564471352
C-WEU-IRL,Zone_4A Mixed Humid,rur,q1,perm,2020,0.1463834564471352
C-WEU-IRL,Zone_4A Mixed Humid,rur,q1,perm,2025,0.1452882468373253
C-WEU-IRL,Zone_4A Mixed Humid,rur,q1,perm,2030,0.1445397417398057
C-WEU-IRL,Zone_4A Mixed Humid,rur,q1,perm,2035,0.1439862062705469
C-WEU-IRL,Zone_4A Mixed Humid,rur,q1,perm,2040,0.14360361352196047
C-WEU-IRL,Zone_4A Mixed Humid,rur,q1,perm,2045,0.14341210982086114
C-WEU-IRL,Zone_4A Mixed Humid,rur,q1,perm,2050,0.14335207379498238
C-WEU-IRL,Zone_4A Mixed Humid,rur,q1,perm,2055,0.14336772560422623
C-WEU-IRL,Zone_4A Mixed Humid,rur,q1,perm,2060,0.1434538866028287
C-WEU-IRL,Zone_4A Mixed Humid,rur,q1,perm,2065,0.1436308340746266
C-WEU-IRL,Zone_4A Mixed Humid,rur,q1,perm,2070,0.1439268179168439
C-WEU-IRL,Zone_4A Mixed Humid,rur,q1,perm,2075,0.14435169804942677
C-WEU-IRL,Zone_4A Mixed Humid,rur,q1,perm,2080,0.14489493170395043
C-WEU-IRL,Zone_4A Mixed Humid,rur,q1,perm,2085,0.14549402893271493
C-WEU-IRL,Zone_4A Mixed Humid,rur,q1,perm,2090,0.14605345881311782
C-WEU-IRL,Zone_4A Mixed Humid,rur,q1,perm,2095,0.14655293504051015
C-WEU-IRL,Zone_4A Mixed Humid,rur,q1,perm,2100,0.14702377811118117
C-WEU-IRL,Zone_4A Mixed Humid,rur,q1,sub,2015,0.0
C-WEU-IRL,Zone_4A Mixed Humid,rur,q1,sub,2020,0.0
C-WEU-IRL,Zone_4A Mixed Humid,rur,q1,sub,2025,0.0
C-WEU-IRL,Zone_4A Mixed Humid,rur,q1,sub,2030,0.0
C-WEU-IRL,Zone_4A Mixed Humid,rur,q1,sub,2035,0.0
C-WEU-IRL,Zone_4A Mixed Humid,rur,q1,sub,2040,0.0
C-WEU-IRL,Zone_4A Mixed Humid,rur,q1,sub,2045,0.0
C-WEU-IRL,Zone_4A Mixed Humid,rur,q1,sub,2050,0.0
C-WEU-IRL,Zone_4A Mixed Humid,rur,q1,sub,2055,0.0
C-WEU-IRL,Zone_4A Mixed Humid,rur,q1,sub,2060,0.0
C-WEU-IRL,Zone_4A Mixed Humid,rur,q1,sub,2065,0.0
C-WEU-IRL,Zone_4A Mixed Humid,rur,q1,sub,2070,0.0
C-WEU-IRL,Zone_4A Mixed Humid,rur,q1,sub,2075,0.0
C-WEU-IRL,Zone_4A Mixed Humid,rur,q1,sub,2080,0.0
C-WEU-IRL,Zone_4A Mixed Humid,rur,q1,sub,2085,0.0
C-WEU-IRL,Zone_4A Mixed Humid,rur,q1,sub,2090,0.0
C-WEU-IRL,Zone_4A Mixed Humid,rur,q1,sub,2095,0.0
C-WEU-IRL,Zone_4A Mixed Humid,rur,q1,sub,2100,0.0
C-WEU-IRL,Zone_4A Mixed Humid,rur,q2,perm,2015,0.1463834564471352
C-WEU-IRL,Zone_4A Mixed Humid,rur,q2,perm,2020,0.1463834564471352
C-WEU-IRL,Zone_4A Mixed Humid,rur,q2,perm,2025,0.1452882468373253
C-WEU-IRL,Zone_4A Mixed Humid,rur,q2,perm,2030,0.1445397417398057
C-WEU-IRL,Zone_4A Mixed Humid,rur,q2,perm,2035,0.1439862062705469
C-WEU-IRL,Zone_4A Mixed Humid,rur,q2,perm,2040,0.14360361352196047
C-WEU-IRL,Zone_4A Mixed Humid,rur,q2,perm,2045,0.14341210982086114
C-WEU-IRL,Zone_4A Mixed Humid,rur,q2,perm,2050,0.14335207379498238
C-WEU-IRL,Zone_4A Mixed Humid,rur,q2,perm,2055,0.14336772560422623
C-WEU-IRL,Zone_4A Mixed Humid,rur,q2,perm,2060,0.1434538866028287
C-WEU-IRL,Zone_4A Mixed Humid,rur,q2,perm,2065,0.1436308340746266
C-WEU-IRL,Zone_4A Mixed Humid,rur,q2,perm,2070,0.1439268179168439
C-WEU-IRL,Zone_4A Mixed Humid,rur,q2,perm,2075,0.14435169804942677
C-WEU-IRL,Zone_4A Mixed Humid,rur,q2,perm,2080,0.14489493170395043
C-WEU-IRL,Zone_4A Mixed Humid,rur,q2,perm,2085,0.14549402893271493
C-WEU-IRL,Zone_4A Mixed Humid,rur,q2,perm,2090,0.14605345881311782
C-WEU-IRL,Zone_4A Mixed Humid,rur,q2,perm,2095,0.14655293504051015
C-WEU-IRL,Zone_4A Mixed Humid,rur,q2,perm,2100,0.14702377811118117
C-WEU-IRL,Zone_4A Mixed Humid,rur,q2,sub,2015,0.0
C-WEU-IRL,Zone_4A Mixed Humid,rur,q2,sub,2020,0.0
C-WEU-IRL,Zone_4A Mixed Humid,rur,q2,sub,2025,0.0
C-WEU-IRL,Zone_4A Mixed Humid,rur,q2,sub,2030,0.0
C-WEU-IRL,Zone_4A Mixed Humid,rur,q2,sub,2035,0.0
C-WEU-IRL,Zone_4A Mixed Humid,rur,q2,sub,2040,0.0
C-WEU-IRL,Zone_4A Mixed Humid,rur,q2,sub,2045,0.0
C-WEU-IRL,Zone_4A Mixed Humid,rur,q2,sub,2050,0.0
C-WEU-IRL,Zone_4A Mixed Humid,rur,q2,sub,2055,0.0
C-WEU-IRL,Zone_4A Mixed Humid,rur,q2,sub,2060,0.0
C-WEU-IRL,Zone_4A Mixed Humid,rur,q2,sub,2065,0.0
C-WEU-IRL,Zone_4A Mixed Humid,rur,q2,sub,2070,0.0
C-WEU-IRL,Zone_4A Mixed Humid,rur,q2,sub,2075,0.0
C-WEU-IRL,Zone_4A Mixed Humid,rur,q2,sub,2080,0.0
C-WEU-IRL,Zone_4A Mixed Humid,rur,q2,sub,2085,0.0
C-WEU-IRL,Zone_4A Mixed Humid,rur,q2,sub,2090,0.0
C-WEU-IRL,Zone_4A Mixed Humid,rur,q2,sub,2095,0.0
C-WEU-IRL,Zone_4A Mixed Humid,rur,q2,sub,2100,0.0
C-WEU-IRL,Zone_4A Mixed Humid,rur,q3,perm,2015,0.1463834564471352
C-WEU-IRL,Zone_4A Mixed Humid,rur,q3,perm,2020,0.1463834564471352
C-WEU-IRL,Zone_4A Mixed Humid,rur,q3,perm,2025,0.1452882468373253
C-WEU-IRL,Zone_4A Mixed Humid,rur,q3,perm,2030,0.1445397417398057
C-WEU-IRL,Zone_4A Mixed Humid,rur,q3,perm,2035,0.1439862062705469
C-WEU-IRL,Zone_4A Mixed Humid,rur,q3,perm,2040,0.14360361352196047
C-WEU-IRL,Zone_4A Mixed Humid,rur,q3,perm,2045,0.14341210982086114
C-WEU-IRL,Zone_4A Mixed Humid,rur,q3,perm,2050,0.14335207379498238
C-WEU-IRL,Zone_4A Mixed Humid,rur,q3,perm,2055,0.14336772560422623
C-WEU-IRL,Zone_4A Mixed Humid,rur,q3,perm,2060,0.1434538866028287
C-WEU-IRL,Zone_4A Mixed Humid,rur,q3,perm,2065,0.1436308340746266
C-WEU-IRL,Zone_4A Mixed Humid,rur,q3,perm,2070,0.1439268179168439
C-WEU-IRL,Zone_4A Mixed Humid,rur,q3,perm,2075,0.14435169804942677
C-WEU-IRL,Zone_4A Mixed Humid,rur,q3,perm,2080,0.14489493170395043
C-WEU-IRL,Zone_4A Mixed Humid,rur,q3,perm,2085,0.14549402893271493
C-WEU-IRL,Zone_4A Mixed Humid,rur,q3,perm,2090,0.14605345881311782
C-WEU-IRL,Zone_4A Mixed Humid,rur,q3,perm,2095,0.14655293504051015
C-WEU-IRL,Zone_4A Mixed Humid,rur,q3,perm,2100,0.14702377811118117
C-WEU-IRL,Zone_4A Mixed Humid,rur,q3,sub,2015,0.0
C-WEU-IRL,Zone_4A Mixed Humid,rur,q3,sub,2020,0.0
C-WEU-IRL,Zone_4A Mixed Humid,rur,q3,sub,2025,0.0
C-WEU-IRL,Zone_4A Mixed Humid,rur,q3,sub,2030,0.0
C-WEU-IRL,Zone_4A Mixed Humid,rur,q3,sub,2035,0.0
C-WEU-IRL,Zone_4A Mixed Humid,rur,q3,sub,2040,0.0
C-WEU-IRL,Zone_4A Mixed Humid,rur,q3,sub,2045,0.0
C-WEU-IRL,Zone_4A Mixed Humid,rur,q3,sub,2050,0.0
C-WEU-IRL,Zone_4A Mixed Humid,rur,q3,sub,2055,0.0
C-WEU-IRL,Zone_4A Mixed Humid,rur,q3,sub,2060,0.0
C-WEU-IRL,Zone_4A Mixed Humid,rur,q3,sub,2065,0.0
C-WEU-IRL,Zone_4A Mixed Humid,rur,q3,sub,2070,0.0
C-WEU-IRL,Zone_4A Mixed Humid,rur,q3,sub,2075,0.0
C-WEU-IRL,Zone_4A Mixed Humid,rur,q3,sub,2080,0.0
C-WEU-IRL,Zone_4A Mixed Humid,rur,q3,sub,2085,0.0
C-WEU-IRL,Zone_4A Mixed Humid,rur,q3,sub,2090,0.0
C-WEU-IRL,Zone_4A Mixed Humid,rur,q3,sub,2095,0.0
C-WEU-IRL,Zone_4A Mixed Humid,rur,q3,sub,2100,0.0
C-WEU-IRL,Zone_4A Mixed Humid,urb,q1,perm,2015,0.1463834564471352
C-WEU-IRL,Zone_4A Mixed Humid,urb,q1,perm,2020,0.1463834564471352
C-WEU-IRL,Zone_4A Mixed Humid,urb,q1,perm,2025,0.14528824683732533
C-WEU-IRL,Zone_4A Mixed Humid,urb,q1,perm,2030,0.14453974173980563
C-WEU-IRL,Zone_4A Mixed Humid,urb,q1,perm,2035,0.14398620627054684
C-WEU-IRL,Zone_4A Mixed Humid,urb,q1,perm,2040,0.14360361352196047
C-WEU-IRL,Zone_4A Mixed Humid,urb,q1,perm,2045,0.14341210982086117
C-WEU-IRL,Zone_4A Mixed Humid,urb,q1,perm,2050,0.1433520737949823
C-WEU-IRL,Zone_4A Mixed Humid,urb,q1,perm,2055,0.1433677256042262
C-WEU-IRL,Zone_4A Mixed Humid,urb,q1,perm,2060,0.14345388660282868
C-WEU-IRL,Zone_4A Mixed Humid,urb,q1,perm,2065,0.14363083407462657
C-WEU-IRL,Zone_4A Mixed Humid,urb,q1,perm,2070,0.14392681791684395
C-WEU-IRL,Zone_4A Mixed Humid,urb,q1,perm,2075,0.1443516980494268
C-WEU-IRL,Zone_4A Mixed Humid,urb,q1,perm,2080,0.14489493170395046
C-WEU-IRL,Zone_4A Mixed Humid,urb,q1,perm,2085,0.14549402893271488
C-WEU-IRL,Zone_4A Mixed Humid,urb,q1,perm,2090,0.14605345881311774
C-WEU-IRL,Zone_4A Mixed Humid,urb,q1,perm,2095,0.14655293504051012
C-WEU-IRL,Zone_4A Mixed Humid,urb,q1,perm,2100,0.14702377811118114
C-WEU-IRL,Zone_4A Mixed Humid,urb,q1,sub,2015,0.0
C-WEU-IRL,Zone_4A Mixed Humid,urb,q1,sub,2020,0.0
C-WEU-IRL,Zone_4A Mixed Humid,urb,q1,sub,2025,0.0
C-WEU-IRL,Zone_4A Mixed Humid,urb,q1,sub,2030,0.0
C-WEU-IRL,Zone_4A Mixed Humid,urb,q1,sub,2035,0.0
C-WEU-IRL,Zone_4A Mixed Humid,urb,q1,sub,2040,0.0
C-WEU-IRL,Zone_4A Mixed Humid,urb,q1,sub,2045,0.0
C-WEU-IRL,Zone_4A Mixed Humid,urb,q1,sub,2050,0.0
C-WEU-IRL,Zone_4A Mixed Humid,urb,q1,sub,2055,0.0
C-WEU-IRL,Zone_4A Mixed Humid,urb,q1,sub,2060,0.0
C-WEU-IRL,Zone_4A Mixed Humid,urb,q1,sub,2065,0.0
C-WEU-IRL,Zone_4A Mixed Humid,urb,q1,sub,2070,0.0
C-WEU-IRL,Zone_4A Mixed Humid,urb,q1,sub,2075,0.0
C-WEU-IRL,Zone_4A Mixed Humid,urb,q1,sub,2080,0.0
C-WEU-IRL,Zone_4A Mixed Humid,urb,q1,sub,2085,0.0
C-WEU-IRL,Zone_4A Mixed Humid,urb,q1,sub,2090,0.0
C-WEU-IRL,Zone_4A Mixed Humid,urb,q1,sub,2095,0.0
C-WEU-IRL,Zone_4A Mixed Humid,urb,q1,sub,2100,0.0
C-WEU-IRL,Zone_4A Mixed Humid,urb,q2,perm,2015,0.1463834564471352
C-WEU-IRL,Zone_4A Mixed Humid,urb,q2,perm,2020,0.1463834564471352
C-WEU-IRL,Zone_4A Mixed Humid,urb,q2,perm,2025,0.14528824683732533
C-WEU-IRL,Zone_4A Mixed Humid,urb,q2,perm,2030,0.14453974173980563
C-WEU-IRL,Zone_4A Mixed Humid,urb,q2,perm,2035,0.14398620627054684
C-WEU-IRL,Zone_4A Mixed Humid,urb,q2,perm,2040,0.14360361352196047
C-WEU-IRL,Zone_4A Mixed Humid,urb,q2,perm,2045,0.14341210982086117
C-WEU-IRL,Zone_4A Mixed Humid,urb,q2,perm,2050,0.1433520737949823
C-WEU-IRL,Zone_4A Mixed Humid,urb,q2,perm,2055,0.1433677256042262
C-WEU-IRL,Zone_4A Mixed Humid,urb,q2,perm,2060,0.14345388660282868
C-WEU-IRL,Zone_4A Mixed Humid,urb,q2,perm,2065,0.14363083407462657
C-WEU-IRL,Zone_4A Mixed Humid,urb,q2,perm,2070,0.14392681791684395
C-WEU-IRL,Zone_4A Mixed Humid,urb,q2,perm,2075,0.1443516980494268
C-WEU-IRL,Zone_4A Mixed Humid,urb,q2,perm,2080,0.14489493170395046
C-WEU-IRL,Zone_4A Mixed Humid,urb,q2,perm,2085,0.14549402893271488
C-WEU-IRL,Zone_4A Mixed Humid,urb,q2,perm,2090,0.14605345881311774
C-WEU-IRL,Zone_4A Mixed Humid,urb,q2,perm,2095,0.14655293504051012
C-WEU-IRL,Zone_4A Mixed Humid,urb,q2,perm,2100,0.14702377811118114
C-WEU-IRL,Zone_4A Mixed Humid,urb,q2,sub,2015,0.0
C-WEU-IRL,Zone_4A Mixed Humid,urb,q2,sub,2020,0.0
C-WEU-IRL,Zone_4A Mixed Humid,urb,q2,sub,2025,0.0
C-WEU-IRL,Zone_4A Mixed Humid,urb,q2,sub,2030,0.0
C-WEU-IRL,Zone_4A Mixed Humid,urb,q2,sub,2035,0.0
C-WEU-IRL,Zone_4A Mixed Humid,urb,q2,sub,2040,0.0
C-WEU-IRL,Zone_4A Mixed Humid,urb,q2,sub,2045,0.0
C-WEU-IRL,Zone_4A Mixed Humid,urb,q2,sub,2050,0.0
C-WEU-IRL,Zone_4A Mixed Humid,urb,q2,sub,2055,0.0
C-WEU-IRL,Zone_4A Mixed Humid,urb,q2,sub,2060,0.0
C-WEU-IRL,Zone_4A Mixed Humid,urb,q2,sub,2065,0.0
C-WEU-IRL,Zone_4A Mixed Humid,urb,q2,sub,2070,0.0
C-WEU-IRL,Zone_4A Mixed Humid,urb,q2,sub,2075,0.0
C-WEU-IRL,Zone_4A Mixed Humid,urb,q2,sub,2080,0.0
C-WEU-IRL,Zone_4A Mixed Humid,urb,q2,sub,2085,0.0
C-WEU-IRL,Zone_4A Mixed Humid,urb,q2,sub,2090,0.0
C-WEU-IRL,Zone_4A Mixed Humid,urb,q2,sub,2095,0.0
C-WEU-IRL,Zone_4A Mixed Humid,urb,q2,sub,2100,0.0
C-WEU-IRL,Zone_4A Mixed Humid,urb,q3,perm,2015,0.1463834564471352
C-WEU-IRL,Zone_4A Mixed Humid,urb,q3,perm,2020,0.1463834564471352
C-WEU-IRL,Zone_4A Mixed Humid,urb,q3,perm,2025,0.14528824683732533
C-WEU-IRL,Zone_4A Mixed Humid,urb,q3,perm,2030,0.14453974173980563
C-WEU-IRL,Zone_4A Mixed Humid,urb,q3,perm,2035,0.14398620627054684
C-WEU-IRL,Zone_4A Mixed Humid,urb,q3,perm,2040,0.14360361352196047
C-WEU-IRL,Zone_4A Mixed Humid,urb,q3,perm,2045,0.14341210982086117
C-WEU-IRL,Zone_4A Mixed Humid,urb,q3,perm,2050,0.1433520737949823
C-WEU-IRL,Zone_4A Mixed Humid,urb,q3,perm,2055,0.1433677256042262
C-WEU-IRL,Zone_4A Mixed Humid,urb,q3,perm,2060,0.14345388660282868
C-WEU-IRL,Zone_4A Mixed Humid,urb,q3,perm,2065,0.14363083407462657
C-WEU-IRL,Zone_4A Mixed Humid,urb,q3,perm,2070,0.14392681791684395
C-WEU-IRL,Zone_4A Mixed Humid,urb,q3,perm,2075,0.1443516980494268
C-WEU-IRL,Zone_4A Mixed Humid,urb,q3,perm,2080,0.14489493170395046
C-WEU-IRL,Zone_4A Mixed Humid,urb,q3,perm,2085,0.14549402893271488
C-WEU-IRL,Zone_4A Mixed Humid,urb,q3,perm,2090,0.14605345881311774
C-WEU-IRL,Zone_4A Mixed Humid,urb,q3,perm,2095,0.14655293504051012
C-WEU-IRL,Zone_4A Mixed Humid,urb,q3,perm,2100,0.14702377811118114
C-WEU-IRL,Zone_4A Mixed Humid,urb,q3,sub,2015,0.0
C-WEU-IRL,Zone_4A Mixed Humid,urb,q3,sub,2020,0.0
C-WEU-IRL,Zone_4A Mixed Humid,urb,q3,sub,2025,0.0
C-WEU-IRL,Zone_4A Mixed Humid,urb,q3,sub,2030,0.0
C-WEU-IRL,Zone_4A Mixed Humid,urb,q3,sub,2035,0.0
C-WEU-IRL,Zone_4A Mixed Humid,urb,q3,sub,2040,0.0
C-WEU-IRL,Zone_4A Mixed Humid,urb,q3,sub,2045,0.0
C-WEU-IRL,Zone_4A Mixed Humid,urb,q3,sub,2050,0.0
C-WEU-IRL,Zone_4A Mixed Humid,urb,q3,sub,2055,0.0
C-WEU-IRL,Zone_4A Mixed Humid,urb,q3,sub,2060,0.0
C-WEU-IRL,Zone_4A Mixed Humid,urb,q3,sub,2065,0.0
C-WEU-IRL,Zone_4A Mixed Humid,urb,q3,sub,2070,0.0
C-WEU-IRL,Zone_4A Mixed Humid,urb,q3,sub,2075,0.0
C-WEU-IRL,Zone_4A Mixed Humid,urb,q3,sub,2080,0.0
C-WEU-IRL,Zone_4A Mixed Humid,urb,q3,sub,2085,0.0
C-WEU-IRL,Zone_4A Mixed Humid,urb,q3,sub,2090,0.0
C-WEU-IRL,Zone_4A Mixed Humid,urb,q3,sub,2095,0.0
C-WEU-IRL,Zone_4A Mixed Humid,urb,q3,sub,2100,0.0
C-WEU-IRL,Zone_5A Cool Humid,rur,q1,perm,2015,1.0
C-WEU-IRL,Zone_5A Cool Humid,rur,q1,perm,2020,1.0
C-WEU-IRL,Zone_5A Cool Humid,rur,q1,perm,2025,1.0
C-WEU-IRL,Zone_5A Cool Humid,rur,q1,perm,2030,1.0
C-WEU-IRL,Zone_5A Cool Humid,rur,q1,perm,2035,1.0
C-WEU-IRL,Zone_5A Cool Humid,rur,q1,perm,2040,1.0
C-WEU-IRL,Zone_5A Cool Humid,rur,q1,perm,2045,1.0
C-WEU-IRL,Zone_5A Cool Humid,rur,q1,perm,2050,1.0
C-WEU-IRL,Zone_5A Cool Humid,rur,q1,perm,2055,1.0
C-WEU-IRL,Zone_5A Cool Humid,rur,q1,perm,2060,1.0
C-WEU-IRL,Zone_5A Cool Humid,rur,q1,perm,2065,1.0
C-WEU-IRL,Zone_5A Cool Humid,rur,q1,perm,2070,1.0
C-WEU-IRL,Zone_5A Cool Humid,rur,q1,perm,2075,1.0
C-WEU-IRL,Zone_5A Cool Humid,rur,q1,perm,2080,1.0
C-WEU-IRL,Zone_5A Cool Humid,rur,q1,perm,2085,1.0
C-WEU-IRL,Zone_5A Cool Humid,rur,q1,perm,2090,1.0
C-WEU-IRL,Zone_5A Cool Humid,rur,q1,perm,2095,1.0
C-WEU-IRL,Zone_5A Cool Humid,rur,q1,perm,2100,1.0
C-WEU-IRL,Zone_5A Cool Humid,rur,q1,sub,2015,0.0
C-WEU-IRL,Zone_5A Cool Humid,rur,q1,sub,2020,0.0
C-WEU-IRL,Zone_5A Cool Humid,rur,q1,sub,2025,0.0
C-WEU-IRL,Zone_5A Cool Humid,rur,q1,sub,2030,0.0
C-WEU-IRL,Zone_5A Cool Humid,rur,q1,sub,2035,0.0
C-WEU-IRL,Zone_5A Cool Humid,rur,q1,sub,2040,0.0
C-WEU-IRL,Zone_5A Cool Humid,rur,q1,sub,2045,0.0
C-WEU-IRL,Zone_5A Cool Humid,rur,q1,sub,2050,0.0
C-WEU-IRL,Zone_5A Cool Humid,rur,q1,sub,2055,0.0
C-WEU-IRL,Zone_5A Cool Humid,rur,q1,sub,2060,0.0
C-WEU-IRL,Zone_5A Cool Humid,rur,q1,sub,2065,0.0
C-WEU-IRL,Zone_5A Cool Humid,rur,q1,sub,2070,0.0
C-WEU-IRL,Zone_5A Cool Humid,rur,q1,sub,2075,0.0
C-WEU-IRL,Zone_5A Cool Humid,rur,q1,sub,2080,0.0
C-WEU-IRL,Zone_5A Cool Humid,rur,q1,sub,2085,0.0
C-WEU-IRL,Zone_5A Cool Humid,rur,q1,sub,2090,0.0
C-WEU-IRL,Zone_5A Cool Humid,rur,q1,sub,2095,0.0
C-WEU-IRL,Zone_5A Cool Humid,rur,q1,sub,2100,0.0
C-WEU-IRL,Zone_5A Cool Humid,rur,q2,perm,2015,1.0
C-WEU-IRL,Zone_5A Cool Humid,rur,q2,perm,2020,1.0
C-WEU-IRL,Zone_5A Cool Humid,rur,q2,perm,2025,1.0
C-WEU-IRL,Zone_5A Cool Humid,rur,q2,perm,2030,1.0
C-WEU-IRL,Zone_5A Cool Humid,rur,q2,perm,2035,1.0
C-WEU-IRL,Zone_5A Cool Humid,rur,q2,perm,2040,1.0
C-WEU-IRL,Zone_5A Cool Humid,rur,q2,perm,2045,1.0
C-WEU-IRL,Zone_5A Cool Humid,rur,q2,perm,2050,1.0
C-WEU-IRL,Zone_5A Cool Humid,rur,q2,perm,2055,1.0
C-WEU-IRL,Zone_5A Cool Humid,rur,q2,perm,2060,1.0
C-WEU-IRL,Zone_5A Cool Humid,rur,q2,perm,2065,1.0
C-WEU-IRL,Zone_5A Cool Humid,rur,q2,perm,2070,1.0
C-WEU-IRL,Zone_5A Cool Humid,rur,q2,perm,2075,1.0
C-WEU-IRL,Zone_5A Cool Humid,rur,q2,perm,2080,1.0
C-WEU-IRL,Zone_5A Cool Humid,rur,q2,perm,2085,1.0
C-WEU-IRL,Zone_5A Cool Humid,rur,q2,perm,2090,1.0
C-WEU-IRL,Zone_5A Cool Humid,rur,q2,perm,2095,1.0
C-WEU-IRL,Zone_5A Cool Humid,rur,q2,perm,2100,1.0
C-WEU-IRL,Zone_5A Cool Humid,rur,q2,sub,2015,0.0
C-WEU-IRL,Zone_5A Cool Humid,rur,q2,sub,2020,0.0
C-WEU-IRL,Zone_5A Cool Humid,rur,q2,sub,2025,0.0
C-WEU-IRL,Zone_5A Cool Humid,rur,q2,sub,2030,0.0
C-WEU-IRL,Zone_5A Cool Humid,rur,q2,sub,2035,0.0
C-WEU-IRL,Zone_5A Cool Humid,rur,q2,sub,2040,0.0
C-WEU-IRL,Zone_5A Cool Humid,rur,q2,sub,2045,0.0
C-WEU-IRL,Zone_5A Cool Humid,rur,q2,sub,2050,0.0
C-WEU-IRL,Zone_5A Cool Humid,rur,q2,sub,2055,0.0
C-WEU-IRL,Zone_5A Cool Humid,rur,q2,sub,2060,0.0
C-WEU-IRL,Zone_5A Cool Humid,rur,q2,sub,2065,0.0
C-WEU-IRL,Zone_5A Cool Humid,rur,q2,sub,2070,0.0
C-WEU-IRL,Zone_5A Cool Humid,rur,q2,sub,2075,0.0
C-WEU-IRL,Zone_5A Cool Humid,rur,q2,sub,2080,0.0
C-WEU-IRL,Zone_5A Cool Humid,rur,q2,sub,2085,0.0
C-WEU-IRL,Zone_5A Cool Humid,rur,q2,sub,2090,0.0
C-WEU-IRL,Zone_5A Cool Humid,rur,q2,sub,2095,0.0
C-WEU-IRL,Zone_5A Cool Humid,rur,q2,sub,2100,0.0
C-WEU-IRL,Zone_5A Cool Humid,rur,q3,perm,2015,1.0
C-WEU-IRL,Zone_5A Cool Humid,rur,q3,perm,2020,1.0
C-WEU-IRL,Zone_5A Cool Humid,rur,q3,perm,2025,1.0
C-WEU-IRL,Zone_5A Cool Humid,rur,q3,perm,2030,1.0
C-WEU-IRL,Zone_5A Cool Humid,rur,q3,perm,2035,1.0
C-WEU-IRL,Zone_5A Cool Humid,rur,q3,perm,2040,1.0
C-WEU-IRL,Zone_5A Cool Humid,rur,q3,perm,2045,1.0
C-WEU-IRL,Zone_5A Cool Humid,rur,q3,perm,2050,1.0
C-WEU-IRL,Zone_5A Cool Humid,rur,q3,perm,2055,1.0
C-WEU-IRL,Zone_5A Cool Humid,rur,q3,perm,2060,1.0
C-WEU-IRL,Zone_5A Cool Humid,rur,q3,perm,2065,1.0
C-WEU-IRL,Zone_5A Cool Humid,rur,q3,perm,2070,1.0
C-WEU-IRL,Zone_5A Cool Humid,rur,q3,perm,2075,1.0
C-WEU-IRL,Zone_5A Cool Humid,rur,q3,perm,2080,1.0
C-WEU-IRL,Zone_5A Cool Humid,rur,q3,perm,2085,1.0
C-WEU-IRL,Zone_5A Cool Humid,rur,q3,perm,2090,1.0
C-WEU-IRL,Zone_5A Cool Humid,rur,q3,perm,2095,1.0
C-WEU-IRL,Zone_5A Cool Humid,rur,q3,perm,2100,1.0
C-WEU-IRL,Zone_5A Cool Humid,rur,q3,sub,2015,0.0
C-WEU-IRL,Zone_5A Cool Humid,rur,q3,sub,2020,0.0
C-WEU-IRL,Zone_5A Cool Humid,rur,q3,sub,2025,0.0
C-WEU-IRL,Zone_5A Cool Humid,rur,q3,sub,2030,0.0
C-WEU-IRL,Zone_5A Cool Humid,rur,q3,sub,2035,0.0
C-WEU-IRL,Zone_5A Cool Humid,rur,q3,sub,2040,0.0
C-WEU-IRL,Zone_5A Cool Humid,rur,q3,sub,2045,0.0
C-WEU-IRL,Zone_5A Cool Humid,rur,q3,sub,2050,0.0
C-WEU-IRL,Zone_5A Cool Humid,rur,q3,sub,2055,0.0
C-WEU-IRL,Zone_5A Cool Humid,rur,q3,sub,2060,0.0
C-WEU-IRL,Zone_5A Cool Humid,rur,q3,sub,2065,0.0
C-WEU-IRL,Zone_5A Cool Humid,rur,q3,sub,2070,0.0
C-WEU-IRL,Zone_5A Cool Humid,rur,q3,sub,2075,0.0
C-WEU-IRL,Zone_5A Cool Humid,rur,q3,sub,2080,0.0
C-WEU-IRL,Zone_5A Cool Humid,rur,q3,sub,2085,0.0
C-WEU-IRL,Zone_5A Cool Humid,rur,q3,sub,2090,0.0
C-WEU-IRL,Zone_5A Cool Humid,rur,q3,sub,2095,0.0
C-WEU-IRL,Zone_5A Cool Humid,rur,q3,sub,2100,0.0
C-WEU-IRL,Zone_5A Cool Humid,urb,q1,perm,2015,1.0
C-WEU-IRL,Zone_5A Cool Humid,urb,q1,perm,2020,1.0
C-WEU-IRL,Zone_5A Cool Humid,urb,q1,perm,2025,1.0
C-WEU-IRL,Zone_5A Cool Humid,urb,q1,perm,2030,1.0
C-WEU-IRL,Zone_5A Cool Humid,urb,q1,perm,2035,1.0
C-WEU-IRL,Zone_5A Cool Humid,urb,q1,perm,2040,1.0
C-WEU-IRL,Zone_5A Cool Humid,urb,q1,perm,2045,1.0
C-WEU-IRL,Zone_5A Cool Humid,urb,q1,perm,2050,1.0
C-WEU-IRL,Zone_5A Cool Humid,urb,q1,perm,2055,1.0
C-WEU-IRL,Zone_5A Cool Humid,urb,q1,perm,2060,1.0
C-WEU-IRL,Zone_5A Cool Humid,urb,q1,perm,2065,1.0
C-WEU-IRL,Zone_5A Cool Humid,urb,q1,perm,2070,1.0
C-WEU-IRL,Zone_5A Cool Humid,urb,q1,perm,2075,1.0
C-WEU-IRL,Zone_5A Cool Humid,urb,q1,perm,2080,1.0
C-WEU-IRL,Zone_5A Cool Humid,urb,q1,perm,2085,1.0
C-WEU-IRL,Zone_5A Cool Humid,urb,q1,perm,2090,1.0
C-WEU-IRL,Zone_5A Cool Humid,urb,q1,perm,2095,1.0
C-WEU-IRL,Zone_5A Cool Humid,urb,q1,perm,2100,1.0
C-WEU-IRL,Zone_5A Cool Humid,urb,q1,sub,2015,0.0
C-WEU-IRL,Zone_5A Cool Humid,urb,q1,sub,2020,0.0
C-WEU-IRL,Zone_5A Cool Humid,urb,q1,sub,2025,0.0
C-WEU-IRL,Zone_5A Cool Humid,urb,q1,sub,2030,0.0
C-WEU-IRL,Zone_5A Cool Humid,urb,q1,sub,2035,0.0
C-WEU-IRL,Zone_5A Cool Humid,urb,q1,sub,2040,0.0
C-WEU-IRL,Zone_5A Cool Humid,urb,q1,sub,2045,0.0
C-WEU-IRL,Zone_5A Cool Humid,urb,q1,sub,2050,0.0
C-WEU-IRL,Zone_5A Cool Humid,urb,q1,sub,2055,0.0
C-WEU-IRL,Zone_5A Cool Humid,urb,q1,sub,2060,0.0
C-WEU-IRL,Zone_5A Cool Humid,urb,q1,sub,2065,0.0
C-WEU-IRL,Zone_5A Cool Humid,urb,q1,sub,2070,0.0
C-WEU-IRL,Zone_5A Cool Humid,urb,q1,sub,2075,0.0
C-WEU-IRL,Zone_5A Cool Humid,urb,q1,sub,2080,0.0
C-WEU-IRL,Zone_5A Cool Humid,urb,q1,sub,2085,0.0
C-WEU-IRL,Zone_5A Cool Humid,urb,q1,sub,2090,0.0
C-WEU-IRL,Zone_5A Cool Humid,urb,q1,sub,2095,0.0
C-WEU-IRL,Zone_5A Cool Humid,urb,q1,sub,2100,0.0
C-WEU-IRL,Zone_5A Cool Humid,urb,q2,perm,2015,1.0
C-WEU-IRL,Zone_5A Cool Humid,urb,q2,perm,2020,1.0
C-WEU-IRL,Zone_5A Cool Humid,urb,q2,perm,2025,1.0
C-WEU-IRL,Zone_5A Cool Humid,urb,q2,perm,2030,1.0
C-WEU-IRL,Zone_5A Cool Humid,urb,q2,perm,2035,1.0
C-WEU-IRL,Zone_5A Cool Humid,urb,q2,perm,2040,1.0
C-WEU-IRL,Zone_5A Cool Humid,urb,q2,perm,2045,1.0
C-WEU-IRL,Zone_5A Cool Humid,urb,q2,perm,2050,1.0
C-WEU-IRL,Zone_5A Cool Humid,urb,q2,perm,2055,1.0
C-WEU-IRL,Zone_5A Cool Humid,urb,q2,perm,2060,1.0
C-WEU-IRL,Zone_5A Cool Humid,urb,q2,perm,2065,1.0
C-WEU-IRL,Zone_5A Cool Humid,urb,q2,perm,2070,1.0
C-WEU-IRL,Zone_5A Cool Humid,urb,q2,perm,2075,1.0
C-WEU-IRL,Zone_5A Cool Humid,urb,q2,perm,2080,1.0
C-WEU-IRL,Zone_5A Cool Humid,urb,q2,perm,2085,1.0
C-WEU-IRL,Zone_5A Cool Humid,urb,q2,perm,2090,1.0
C-WEU-IRL,Zone_5A Cool Humid,urb,q2,perm,2095,1.0
C-WEU-IRL,Zone_5A Cool Humid,urb,q2,perm,2100,1.0
C-WEU-IRL,Zone_5A Cool Humid,urb,q2,sub,2015,0.0
C-WEU-IRL,Zone_5A Cool Humid,urb,q2,sub,2020,0.0
C-WEU-IRL,Zone_5A Cool Humid,urb,q2,sub,2025,0.0
C-WEU-IRL,Zone_5A Cool Humid,urb,q2,sub,2030,0.0
C-WEU-IRL,Zone_5A Cool Humid,urb,q2,sub,2035,0.0
C-WEU-IRL,Zone_5A Cool Humid,urb,q2,sub,2040,0.0
C-WEU-IRL,Zone_5A Cool Humid,urb,q2,sub,2045,0.0
C-WEU-IRL,Zone_5A Cool Humid,urb,q2,sub,2050,0.0
C-WEU-IRL,Zone_5A Cool Humid,urb,q2,sub,2055,0.0
C-WEU-IRL,Zone_5A Cool Humid,urb,q2,sub,2060,0.0
C-WEU-IRL,Zone_5A Cool Humid,urb,q2,sub,2065,0.0
C-WEU-IRL,Zone_5A Cool Humid,urb,q2,sub,2070,0.0
C-WEU-IRL,Zone_5A Cool Humid,urb,q2,sub,2075,0.0
C-WEU-IRL,Zone_5A Cool Humid,urb,q2,sub,2080,0.0
C-WEU-IRL,Zone_5A Cool Humid,urb,q2,sub,2085,0.0
C-WEU-IRL,Zone_5A Cool Humid,urb,q2,sub,2090,0.0
C-WEU-IRL,Zone_5A Cool Humid,urb,q2,sub,2095,0.0
C-WEU-IRL,Zone_5A Cool Humid,urb,q2,sub,2100,0.0
C-WEU-IRL,Zone_5A Cool Humid,urb,q3,perm,2015,1.0
C-WEU-IRL,Zone_5A Cool Humid,urb,q3,perm,2020,1.0
C-WEU-IRL,Zone_5A Cool Humid,urb,q3,perm,2025,1.0
C-WEU-IRL,Zone_5A Cool Humid,urb,q3,perm,2030,1.0
C-WEU-IRL,Zone_5A Cool Humid,urb,q3,perm,2035,1.0
C-WEU-IRL,Zone_5A Cool Humid,urb,q3,perm,2040,1.0
C-WEU-IRL,Zone_5A Cool Humid,urb,q3,perm,2045,1.0
C-WEU-IRL,Zone_5A Cool Humid,urb,q3,perm,2050,1.0
C-WEU-IRL,Zone_5A Cool Humid,urb,q3,perm,2055,1.0
C-WEU-IRL,Zone_5A Cool Humid,urb,q3,perm,2060,1.0
C-WEU-IRL,Zone_5A Cool Humid,urb,q3,perm,2065,1.0
C-WEU-IRL,Zone_5A Cool Humid,urb,q3,perm,2070,1.0
C-WEU-IRL,Zone_5A Cool Humid,urb,q3,perm,2075,1.0
C-WEU-IRL,Zone_5A Cool Humid,urb,q3,perm,2080,1.0
C-WEU-IRL,Zone_5A Cool Humid,urb,q3,perm,2085,1.0
C-WEU-IRL,Zone_5A Cool Humid,urb,q3,perm,2090,1.0
C-WEU-IRL,Zone_5A Cool Humid,urb,q3,perm,2095,1.0
C-WEU-IRL,Zone_5A Cool Humid,urb,q3,perm,2100,1.0
C-WEU-IRL,Zone_5A Cool Humid,urb,q3,sub,2015,0.0
C-WEU-IRL,Zone_5A Cool Humid,urb,q3,sub,2020,0.0
C-WEU-IRL,Zone_5A Cool Humid,urb,q3,sub,2025,0.0
C-WEU-IRL,Zone_5A Cool Humid,urb,q3,sub,2030,0.0
C-WEU-IRL,Zone_5A Cool Humid,urb,q3,sub,2035,0.0
C-WEU-IRL,Zone_5A Cool Humid,urb,q3,sub,2040,0.0
C-WEU-IRL,Zone_5A Cool Humid,urb,q3,sub,2045,0.0
C-WEU-IRL,Zone_5A Cool Humid,urb,q3,sub,2050,0.0
C-WEU-IRL,Zone_5A Cool Humid,urb,q3,sub,2055,0.0
C-WEU-IRL,Zone_5A Cool Humid,urb,q3,sub,2060,0.0
C-WEU-IRL,Zone_5A Cool Humid,urb,q3,sub,2065,0.0
C-WEU-IRL,Zone_5A Cool Humid,urb,q3,sub,2070,0.0
C-WEU-IRL,Zone_5A Cool Humid,urb,q3,sub,2075,0.0
C-WEU-IRL,Zone_5A Cool Humid,urb,q3,sub,2080,0.0
C-WEU-IRL,Zone_5A Cool Humid,urb,q3,sub,2085,0.0
C-WEU-IRL,Zone_5A Cool Humid,urb,q3,sub,2090,0.0
C-WEU-IRL,Zone_5A Cool Humid,urb,q3,sub,2095,0.0
C-WEU-IRL,Zone_5A Cool Humid,urb,q3,sub,2100,0.0
C-WEU-ITA,Zone_3A Warm Humid,rur,q1,perm,2015,1.0
C-WEU-ITA,Zone_3A Warm Humid,rur,q1,perm,2020,1.0
C-WEU-ITA,Zone_3A Warm Humid,rur,q1,perm,2025,1.0
C-WEU-ITA,Zone_3A Warm Humid,rur,q1,perm,2030,1.0
C-WEU-ITA,Zone_3A Warm Humid,rur,q1,perm,2035,1.0
C-WEU-ITA,Zone_3A Warm Humid,rur,q1,perm,2040,1.0
C-WEU-ITA,Zone_3A Warm Humid,rur,q1,perm,2045,1.0
C-WEU-ITA,Zone_3A Warm Humid,rur,q1,perm,2050,1.0
C-WEU-ITA,Zone_3A Warm Humid,rur,q1,perm,2055,1.0
C-WEU-ITA,Zone_3A Warm Humid,rur,q1,perm,2060,1.0
C-WEU-ITA,Zone_3A Warm Humid,rur,q1,perm,2065,1.0
C-WEU-ITA,Zone_3A Warm Humid,rur,q1,perm,2070,1.0
C-WEU-ITA,Zone_3A Warm Humid,rur,q1,perm,2075,1.0
C-WEU-ITA,Zone_3A Warm Humid,rur,q1,perm,2080,1.0
C-WEU-ITA,Zone_3A Warm Humid,rur,q1,perm,2085,1.0
C-WEU-ITA,Zone_3A Warm Humid,rur,q1,perm,2090,1.0
C-WEU-ITA,Zone_3A Warm Humid,rur,q1,perm,2095,1.0
C-WEU-ITA,Zone_3A Warm Humid,rur,q1,perm,2100,1.0
C-WEU-ITA,Zone_3A Warm Humid,rur,q1,sub,2015,0.0
C-WEU-ITA,Zone_3A Warm Humid,rur,q1,sub,2020,0.0
C-WEU-ITA,Zone_3A Warm Humid,rur,q1,sub,2025,0.0
C-WEU-ITA,Zone_3A Warm Humid,rur,q1,sub,2030,0.0
C-WEU-ITA,Zone_3A Warm Humid,rur,q1,sub,2035,0.0
C-WEU-ITA,Zone_3A Warm Humid,rur,q1,sub,2040,0.0
C-WEU-ITA,Zone_3A Warm Humid,rur,q1,sub,2045,0.0
C-WEU-ITA,Zone_3A Warm Humid,rur,q1,sub,2050,0.0
C-WEU-ITA,Zone_3A Warm Humid,rur,q1,sub,2055,0.0
C-WEU-ITA,Zone_3A Warm Humid,rur,q1,sub,2060,0.0
C-WEU-ITA,Zone_3A Warm Humid,rur,q1,sub,2065,0.0
C-WEU-ITA,Zone_3A Warm Humid,rur,q1,sub,2070,0.0
C-WEU-ITA,Zone_3A Warm Humid,rur,q1,sub,2075,0.0
C-WEU-ITA,Zone_3A Warm Humid,rur,q1,sub,2080,0.0
C-WEU-ITA,Zone_3A Warm Humid,rur,q1,sub,2085,0.0
C-WEU-ITA,Zone_3A Warm Humid,rur,q1,sub,2090,0.0
C-WEU-ITA,Zone_3A Warm Humid,rur,q1,sub,2095,0.0
C-WEU-ITA,Zone_3A Warm Humid,rur,q1,sub,2100,0.0
C-WEU-ITA,Zone_3A Warm Humid,rur,q2,perm,2015,1.0
C-WEU-ITA,Zone_3A Warm Humid,rur,q2,perm,2020,1.0
C-WEU-ITA,Zone_3A Warm Humid,rur,q2,perm,2025,1.0
C-WEU-ITA,Zone_3A Warm Humid,rur,q2,perm,2030,1.0
C-WEU-ITA,Zone_3A Warm Humid,rur,q2,perm,2035,1.0
C-WEU-ITA,Zone_3A Warm Humid,rur,q2,perm,2040,1.0
C-WEU-ITA,Zone_3A Warm Humid,rur,q2,perm,2045,1.0
C-WEU-ITA,Zone_3A Warm Humid,rur,q2,perm,2050,1.0
C-WEU-ITA,Zone_3A Warm Humid,rur,q2,perm,2055,1.0
C-WEU-ITA,Zone_3A Warm Humid,rur,q2,perm,2060,1.0
C-WEU-ITA,Zone_3A Warm Humid,rur,q2,perm,2065,1.0
C-WEU-ITA,Zone_3A Warm Humid,rur,q2,perm,2070,1.0
C-WEU-ITA,Zone_3A Warm Humid,rur,q2,perm,2075,1.0
C-WEU-ITA,Zone_3A Warm Humid,rur,q2,perm,2080,1.0
C-WEU-ITA,Zone_3A Warm Humid,rur,q2,perm,2085,1.0
C-WEU-ITA,Zone_3A Warm Humid,rur,q2,perm,2090,1.0
C-WEU-ITA,Zone_3A Warm Humid,rur,q2,perm,2095,1.0
C-WEU-ITA,Zone_3A Warm Humid,rur,q2,perm,2100,1.0
C-WEU-ITA,Zone_3A Warm Humid,rur,q2,sub,2015,0.0
C-WEU-ITA,Zone_3A Warm Humid,rur,q2,sub,2020,0.0
C-WEU-ITA,Zone_3A Warm Humid,rur,q2,sub,2025,0.0
C-WEU-ITA,Zone_3A Warm Humid,rur,q2,sub,2030,0.0
C-WEU-ITA,Zone_3A Warm Humid,rur,q2,sub,2035,0.0
C-WEU-ITA,Zone_3A Warm Humid,rur,q2,sub,2040,0.0
C-WEU-ITA,Zone_3A Warm Humid,rur,q2,sub,2045,0.0
C-WEU-ITA,Zone_3A Warm Humid,rur,q2,sub,2050,0.0
C-WEU-ITA,Zone_3A Warm Humid,rur,q2,sub,2055,0.0
C-WEU-ITA,Zone_3A Warm Humid,rur,q2,sub,2060,0.0
C-WEU-ITA,Zone_3A Warm Humid,rur,q2,sub,2065,0.0
C-WEU-ITA,Zone_3A Warm Humid,rur,q2,sub,2070,0.0
C-WEU-ITA,Zone_3A Warm Humid,rur,q2,sub,2075,0.0
C-WEU-ITA,Zone_3A Warm Humid,rur,q2,sub,2080,0.0
C-WEU-ITA,Zone_3A Warm Humid,rur,q2,sub,2085,0.0
C-WEU-ITA,Zone_3A Warm Humid,rur,q2,sub,2090,0.0
C-WEU-ITA,Zone_3A Warm Humid,rur,q2,sub,2095,0.0
C-WEU-ITA,Zone_3A Warm Humid,rur,q2,sub,2100,0.0
C-WEU-ITA,Zone_3A Warm Humid,rur,q3,perm,2015,1.0
C-WEU-ITA,Zone_3A Warm Humid,rur,q3,perm,2020,1.0
C-WEU-ITA,Zone_3A Warm Humid,rur,q3,perm,2025,1.0
C-WEU-ITA,Zone_3A Warm Humid,rur,q3,perm,2030,1.0
C-WEU-ITA,Zone_3A Warm Humid,rur,q3,perm,2035,1.0
C-WEU-ITA,Zone_3A Warm Humid,rur,q3,perm,2040,1.0
C-WEU-ITA,Zone_3A Warm Humid,rur,q3,perm,2045,1.0
C-WEU-ITA,Zone_3A Warm Humid,rur,q3,perm,2050,1.0
C-WEU-ITA,Zone_3A Warm Humid,rur,q3,perm,2055,1.0
C-WEU-ITA,Zone_3A Warm Humid,rur,q3,perm,2060,1.0
C-WEU-ITA,Zone_3A Warm Humid,rur,q3,perm,2065,1.0
C-WEU-ITA,Zone_3A Warm Humid,rur,q3,perm,2070,1.0
C-WEU-ITA,Zone_3A Warm Humid,rur,q3,perm,2075,1.0
C-WEU-ITA,Zone_3A Warm Humid,rur,q3,perm,2080,1.0
C-WEU-ITA,Zone_3A Warm Humid,rur,q3,perm,2085,1.0
C-WEU-ITA,Zone_3A Warm Humid,rur,q3,perm,2090,1.0
C-WEU-ITA,Zone_3A Warm Humid,rur,q3,perm,2095,1.0
C-WEU-ITA,Zone_3A Warm Humid,rur,q3,perm,2100,1.0
C-WEU-ITA,Zone_3A Warm Humid,rur,q3,sub,2015,0.0
C-WEU-ITA,Zone_3A Warm Humid,rur,q3,sub,2020,0.0
C-WEU-ITA,Zone_3A Warm Humid,rur,q3,sub,2025,0.0
C-WEU-ITA,Zone_3A Warm Humid,rur,q3,sub,2030,0.0
C-WEU-ITA,Zone_3A Warm Humid,rur,q3,sub,2035,0.0
C-WEU-ITA,Zone_3A Warm Humid,rur,q3,sub,2040,0.0
C-WEU-ITA,Zone_3A Warm Humid,rur,q3,sub,2045,0.0
C-WEU-ITA,Zone_3A Warm Humid,rur,q3,sub,2050,0.0
C-WEU-ITA,Zone_3A Warm Humid,rur,q3,sub,2055,0.0
C-WEU-ITA,Zone_3A Warm Humid,rur,q3,sub,2060,0.0
C-WEU-ITA,Zone_3A Warm Humid,rur,q3,sub,2065,0.0
C-WEU-ITA,Zone_3A Warm Humid,rur,q3,sub,2070,0.0
C-WEU-ITA,Zone_3A Warm Humid,rur,q3,sub,2075,0.0
C-WEU-ITA,Zone_3A Warm Humid,rur,q3,sub,2080,0.0
C-WEU-ITA,Zone_3A Warm Humid,rur,q3,sub,2085,0.0
C-WEU-ITA,Zone_3A Warm Humid,rur,q3,sub,2090,0.0
C-WEU-ITA,Zone_3A Warm Humid,rur,q3,sub,2095,0.0
C-WEU-ITA,Zone_3A Warm Humid,rur,q3,sub,2100,0.0
C-WEU-ITA,Zone_3A Warm Humid,urb,q1,perm,2015,1.0
C-WEU-ITA,Zone_3A Warm Humid,urb,q1,perm,2020,1.0
C-WEU-ITA,Zone_3A Warm Humid,urb,q1,perm,2025,1.0
C-WEU-ITA,Zone_3A Warm Humid,urb,q1,perm,2030,1.0
C-WEU-ITA,Zone_3A Warm Humid,urb,q1,perm,2035,1.0
C-WEU-ITA,Zone_3A Warm Humid,urb,q1,perm,2040,1.0
C-WEU-ITA,Zone_3A Warm Humid,urb,q1,perm,2045,1.0
C-WEU-ITA,Zone_3A Warm Humid,urb,q1,perm,2050,1.0
C-WEU-ITA,Zone_3A Warm Humid,urb,q1,perm,2055,1.0
C-WEU-ITA,Zone_3A Warm Humid,urb,q1,perm,2060,1.0
C-WEU-ITA,Zone_3A Warm Humid,urb,q1,perm,2065,1.0
C-WEU-ITA,Zone_3A Warm Humid,urb,q1,perm,2070,1.0
C-WEU-ITA,Zone_3A Warm Humid,urb,q1,perm,2075,1.0
C-WEU-ITA,Zone_3A Warm Humid,urb,q1,perm,2080,1.0
C-WEU-ITA,Zone_3A Warm Humid,urb,q1,perm,2085,1.0
C-WEU-ITA,Zone_3A Warm Humid,urb,q1,perm,2090,1.0
C-WEU-ITA,Zone_3A Warm Humid,urb,q1,perm,2095,1.0
C-WEU-ITA,Zone_3A Warm Humid,urb,q1,perm,2100,1.0
C-WEU-ITA,Zone_3A Warm Humid,urb,q1,sub,2015,0.0
C-WEU-ITA,Zone_3A Warm Humid,urb,q1,sub,2020,0.0
C-WEU-ITA,Zone_3A Warm Humid,urb,q1,sub,2025,0.0
C-WEU-ITA,Zone_3A Warm Humid,urb,q1,sub,2030,0.0
C-WEU-ITA,Zone_3A Warm Humid,urb,q1,sub,2035,0.0
C-WEU-ITA,Zone_3A Warm Humid,urb,q1,sub,2040,0.0
C-WEU-ITA,Zone_3A Warm Humid,urb,q1,sub,2045,0.0
C-WEU-ITA,Zone_3A Warm Humid,urb,q1,sub,2050,0.0
C-WEU-ITA,Zone_3A Warm Humid,urb,q1,sub,2055,0.0
C-WEU-ITA,Zone_3A Warm Humid,urb,q1,sub,2060,0.0
C-WEU-ITA,Zone_3A Warm Humid,urb,q1,sub,2065,0.0
C-WEU-ITA,Zone_3A Warm Humid,urb,q1,sub,2070,0.0
C-WEU-ITA,Zone_3A Warm Humid,urb,q1,sub,2075,0.0
C-WEU-ITA,Zone_3A Warm Humid,urb,q1,sub,2080,0.0
C-WEU-ITA,Zone_3A Warm Humid,urb,q1,sub,2085,0.0
C-WEU-ITA,Zone_3A Warm Humid,urb,q1,sub,2090,0.0
C-WEU-ITA,Zone_3A Warm Humid,urb,q1,sub,2095,0.0
C-WEU-ITA,Zone_3A Warm Humid,urb,q1,sub,2100,0.0
C-WEU-ITA,Zone_3A Warm Humid,urb,q2,perm,2015,1.0
C-WEU-ITA,Zone_3A Warm Humid,urb,q2,perm,2020,1.0
C-WEU-ITA,Zone_3A Warm Humid,urb,q2,perm,2025,1.0
C-WEU-ITA,Zone_3A Warm Humid,urb,q2,perm,2030,1.0
C-WEU-ITA,Zone_3A Warm Humid,urb,q2,perm,2035,1.0
C-WEU-ITA,Zone_3A Warm Humid,urb,q2,perm,2040,1.0
C-WEU-ITA,Zone_3A Warm Humid,urb,q2,perm,2045,1.0
C-WEU-ITA,Zone_3A Warm Humid,urb,q2,perm,2050,1.0
C-WEU-ITA,Zone_3A Warm Humid,urb,q2,perm,2055,1.0
C-WEU-ITA,Zone_3A Warm Humid,urb,q2,perm,2060,1.0
C-WEU-ITA,Zone_3A Warm Humid,urb,q2,perm,2065,1.0
C-WEU-ITA,Zone_3A Warm Humid,urb,q2,perm,2070,1.0
C-WEU-ITA,Zone_3A Warm Humid,urb,q2,perm,2075,1.0
C-WEU-ITA,Zone_3A Warm Humid,urb,q2,perm,2080,1.0
C-WEU-ITA,Zone_3A Warm Humid,urb,q2,perm,2085,1.0
C-WEU-ITA,Zone_3A Warm Humid,urb,q2,perm,2090,1.0
C-WEU-ITA,Zone_3A Warm Humid,urb,q2,perm,2095,1.0
C-WEU-ITA,Zone_3A Warm Humid,urb,q2,perm,2100,1.0
C-WEU-ITA,Zone_3A Warm Humid,urb,q2,sub,2015,0.0
C-WEU-ITA,Zone_3A Warm Humid,urb,q2,sub,2020,0.0
C-WEU-ITA,Zone_3A Warm Humid,urb,q2,sub,2025,0.0
C-WEU-ITA,Zone_3A Warm Humid,urb,q2,sub,2030,0.0
C-WEU-ITA,Zone_3A Warm Humid,urb,q2,sub,2035,0.0
C-WEU-ITA,Zone_3A Warm Humid,urb,q2,sub,2040,0.0
C-WEU-ITA,Zone_3A Warm Humid,urb,q2,sub,2045,0.0
C-WEU-ITA,Zone_3A Warm Humid,urb,q2,sub,2050,0.0
C-WEU-ITA,Zone_3A Warm Humid,urb,q2,sub,2055,0.0
C-WEU-ITA,Zone_3A Warm Humid,urb,q2,sub,2060,0.0
C-WEU-ITA,Zone_3A Warm Humid,urb,q2,sub,2065,0.0
C-WEU-ITA,Zone_3A Warm Humid,urb,q2,sub,2070,0.0
C-WEU-ITA,Zone_3A Warm Humid,urb,q2,sub,2075,0.0
C-WEU-ITA,Zone_3A Warm Humid,urb,q2,sub,2080,0.0
C-WEU-ITA,Zone_3A Warm Humid,urb,q2,sub,2085,0.0
C-WEU-ITA,Zone_3A Warm Humid,urb,q2,sub,2090,0.0
C-WEU-ITA,Zone_3A Warm Humid,urb,q2,sub,2095,0.0
C-WEU-ITA,Zone_3A Warm Humid,urb,q2,sub,2100,0.0
C-WEU-ITA,Zone_3A Warm Humid,urb,q3,perm,2015,1.0
C-WEU-ITA,Zone_3A Warm Humid,urb,q3,perm,2020,1.0
C-WEU-ITA,Zone_3A Warm Humid,urb,q3,perm,2025,1.0
C-WEU-ITA,Zone_3A Warm Humid,urb,q3,perm,2030,1.0
C-WEU-ITA,Zone_3A Warm Humid,urb,q3,perm,2035,1.0
C-WEU-ITA,Zone_3A Warm Humid,urb,q3,perm,2040,1.0
C-WEU-ITA,Zone_3A Warm Humid,urb,q3,perm,2045,1.0
C-WEU-ITA,Zone_3A Warm Humid,urb,q3,perm,2050,1.0
C-WEU-ITA,Zone_3A Warm Humid,urb,q3,perm,2055,1.0
C-WEU-ITA,Zone_3A Warm Humid,urb,q3,perm,2060,1.0
C-WEU-ITA,Zone_3A Warm Humid,urb,q3,perm,2065,1.0
C-WEU-ITA,Zone_3A Warm Humid,urb,q3,perm,2070,1.0
C-WEU-ITA,Zone_3A Warm Humid,urb,q3,perm,2075,1.0
C-WEU-ITA,Zone_3A Warm Humid,urb,q3,perm,2080,1.0
C-WEU-ITA,Zone_3A Warm Humid,urb,q3,perm,2085,1.0
C-WEU-ITA,Zone_3A Warm Humid,urb,q3,perm,2090,1.0
C-WEU-ITA,Zone_3A Warm Humid,urb,q3,perm,2095,1.0
C-WEU-ITA,Zone_3A Warm Humid,urb,q3,perm,2100,1.0
C-WEU-ITA,Zone_3A Warm Humid,urb,q3,sub,2015,0.0
C-WEU-ITA,Zone_3A Warm Humid,urb,q3,sub,2020,0.0
C-WEU-ITA,Zone_3A Warm Humid,urb,q3,sub,2025,0.0
C-WEU-ITA,Zone_3A Warm Humid,urb,q3,sub,2030,0.0
C-WEU-ITA,Zone_3A Warm Humid,urb,q3,sub,2035,0.0
C-WEU-ITA,Zone_3A Warm Humid,urb,q3,sub,2040,0.0
C-WEU-ITA,Zone_3A Warm Humid,urb,q3,sub,2045,0.0
C-WEU-ITA,Zone_3A Warm Humid,urb,q3,sub,2050,0.0
C-WEU-ITA,Zone_3A Warm Humid,urb,q3,sub,2055,0.0
C-WEU-ITA,Zone_3A Warm Humid,urb,q3,sub,2060,0.0
C-WEU-ITA,Zone_3A Warm Humid,urb,q3,sub,2065,0.0
C-WEU-ITA,Zone_3A Warm Humid,urb,q3,sub,2070,0.0
C-WEU-ITA,Zone_3A Warm Humid,urb,q3,sub,2075,0.0
C-WEU-ITA,Zone_3A Warm Humid,urb,q3,sub,2080,0.0
C-WEU-ITA,Zone_3A Warm Humid,urb,q3,sub,2085,0.0
C-WEU-ITA,Zone_3A Warm Humid,urb,q3,sub,2090,0.0
C-WEU-ITA,Zone_3A Warm Humid,urb,q3,sub,2095,0.0
C-WEU-ITA,Zone_3A Warm Humid,urb,q3,sub,2100,0.0
C-WEU-ITA,Zone_4A Mixed Humid,rur,q1,perm,2015,1.0
C-WEU-ITA,Zone_4A Mixed Humid,rur,q1,perm,2020,1.0
C-WEU-ITA,Zone_4A Mixed Humid,rur,q1,perm,2025,1.0
C-WEU-ITA,Zone_4A Mixed Humid,rur,q1,perm,2030,1.0
C-WEU-ITA,Zone_4A Mixed Humid,rur,q1,perm,2035,1.0
C-WEU-ITA,Zone_4A Mixed Humid,rur,q1,perm,2040,1.0
C-WEU-ITA,Zone_4A Mixed Humid,rur,q1,perm,2045,1.0
C-WEU-ITA,Zone_4A Mixed Humid,rur,q1,perm,2050,1.0
C-WEU-ITA,Zone_4A Mixed Humid,rur,q1,perm,2055,1.0
C-WEU-ITA,Zone_4A Mixed Humid,rur,q1,perm,2060,1.0
C-WEU-ITA,Zone_4A Mixed Humid,rur,q1,perm,2065,1.0
C-WEU-ITA,Zone_4A Mixed Humid,rur,q1,perm,2070,1.0
C-WEU-ITA,Zone_4A Mixed Humid,rur,q1,perm,2075,1.0
C-WEU-ITA,Zone_4A Mixed Humid,rur,q1,perm,2080,1.0
C-WEU-ITA,Zone_4A Mixed Humid,rur,q1,perm,2085,1.0
C-WEU-ITA,Zone_4A Mixed Humid,rur,q1,perm,2090,1.0
C-WEU-ITA,Zone_4A Mixed Humid,rur,q1,perm,2095,1.0
C-WEU-ITA,Zone_4A Mixed Humid,rur,q1,perm,2100,1.0
C-WEU-ITA,Zone_4A Mixed Humid,rur,q1,sub,2015,0.0
C-WEU-ITA,Zone_4A Mixed Humid,rur,q1,sub,2020,0.0
C-WEU-ITA,Zone_4A Mixed Humid,rur,q1,sub,2025,0.0
C-WEU-ITA,Zone_4A Mixed Humid,rur,q1,sub,2030,0.0
C-WEU-ITA,Zone_4A Mixed Humid,rur,q1,sub,2035,0.0
C-WEU-ITA,Zone_4A Mixed Humid,rur,q1,sub,2040,0.0
C-WEU-ITA,Zone_4A Mixed Humid,rur,q1,sub,2045,0.0
C-WEU-ITA,Zone_4A Mixed Humid,rur,q1,sub,2050,0.0
C-WEU-ITA,Zone_4A Mixed Humid,rur,q1,sub,2055,0.0
C-WEU-ITA,Zone_4A Mixed Humid,rur,q1,sub,2060,0.0
C-WEU-ITA,Zone_4A Mixed Humid,rur,q1,sub,2065,0.0
C-WEU-ITA,Zone_4A Mixed Humid,rur,q1,sub,2070,0.0
C-WEU-ITA,Zone_4A Mixed Humid,rur,q1,sub,2075,0.0
C-WEU-ITA,Zone_4A Mixed Humid,rur,q1,sub,2080,0.0
C-WEU-ITA,Zone_4A Mixed Humid,rur,q1,sub,2085,0.0
C-WEU-ITA,Zone_4A Mixed Humid,rur,q1,sub,2090,0.0
C-WEU-ITA,Zone_4A Mixed Humid,rur,q1,sub,2095,0.0
C-WEU-ITA,Zone_4A Mixed Humid,rur,q1,sub,2100,0.0
C-WEU-ITA,Zone_4A Mixed Humid,rur,q2,perm,2015,1.0
C-WEU-ITA,Zone_4A Mixed Humid,rur,q2,perm,2020,1.0
C-WEU-ITA,Zone_4A Mixed Humid,rur,q2,perm,2025,1.0
C-WEU-ITA,Zone_4A Mixed Humid,rur,q2,perm,2030,1.0
C-WEU-ITA,Zone_4A Mixed Humid,rur,q2,perm,2035,1.0
C-WEU-ITA,Zone_4A Mixed Humid,rur,q2,perm,2040,1.0
C-WEU-ITA,Zone_4A Mixed Humid,rur,q2,perm,2045,1.0
C-WEU-ITA,Zone_4A Mixed Humid,rur,q2,perm,2050,1.0
C-WEU-ITA,Zone_4A Mixed Humid,rur,q2,perm,2055,1.0
C-WEU-ITA,Zone_4A Mixed Humid,rur,q2,perm,2060,1.0
C-WEU-ITA,Zone_4A Mixed Humid,rur,q2,perm,2065,1.0
C-WEU-ITA,Zone_4A Mixed Humid,rur,q2,perm,2070,1.0
C-WEU-ITA,Zone_4A Mixed Humid,rur,q2,perm,2075,1.0
C-WEU-ITA,Zone_4A Mixed Humid,rur,q2,perm,2080,1.0
C-WEU-ITA,Zone_4A Mixed Humid,rur,q2,perm,2085,1.0
C-WEU-ITA,Zone_4A Mixed Humid,rur,q2,perm,2090,1.0
C-WEU-ITA,Zone_4A Mixed Humid,rur,q2,perm,2095,1.0
C-WEU-ITA,Zone_4A Mixed Humid,rur,q2,perm,2100,1.0
C-WEU-ITA,Zone_4A Mixed Humid,rur,q2,sub,2015,0.0
C-WEU-ITA,Zone_4A Mixed Humid,rur,q2,sub,2020,0.0
C-WEU-ITA,Zone_4A Mixed Humid,rur,q2,sub,2025,0.0
C-WEU-ITA,Zone_4A Mixed Humid,rur,q2,sub,2030,0.0
C-WEU-ITA,Zone_4A Mixed Humid,rur,q2,sub,2035,0.0
C-WEU-ITA,Zone_4A Mixed Humid,rur,q2,sub,2040,0.0
C-WEU-ITA,Zone_4A Mixed Humid,rur,q2,sub,2045,0.0
C-WEU-ITA,Zone_4A Mixed Humid,rur,q2,sub,2050,0.0
C-WEU-ITA,Zone_4A Mixed Humid,rur,q2,sub,2055,0.0
C-WEU-ITA,Zone_4A Mixed Humid,rur,q2,sub,2060,0.0
C-WEU-ITA,Zone_4A Mixed Humid,rur,q2,sub,2065,0.0
C-WEU-ITA,Zone_4A Mixed Humid,rur,q2,sub,2070,0.0
C-WEU-ITA,Zone_4A Mixed Humid,rur,q2,sub,2075,0.0
C-WEU-ITA,Zone_4A Mixed Humid,rur,q2,sub,2080,0.0
C-WEU-ITA,Zone_4A Mixed Humid,rur,q2,sub,2085,0.0
C-WEU-ITA,Zone_4A Mixed Humid,rur,q2,sub,2090,0.0
C-WEU-ITA,Zone_4A Mixed Humid,rur,q2,sub,2095,0.0
C-WEU-ITA,Zone_4A Mixed Humid,rur,q2,sub,2100,0.0
C-WEU-ITA,Zone_4A Mixed Humid,rur,q3,perm,2015,1.0
C-WEU-ITA,Zone_4A Mixed Humid,rur,q3,perm,2020,1.0
C-WEU-ITA,Zone_4A Mixed Humid,rur,q3,perm,2025,1.0
C-WEU-ITA,Zone_4A Mixed Humid,rur,q3,perm,2030,1.0
C-WEU-ITA,Zone_4A Mixed Humid,rur,q3,perm,2035,1.0
C-WEU-ITA,Zone_4A Mixed Humid,rur,q3,perm,2040,1.0
C-WEU-ITA,Zone_4A Mixed Humid,rur,q3,perm,2045,1.0
C-WEU-ITA,Zone_4A Mixed Humid,rur,q3,perm,2050,1.0
C-WEU-ITA,Zone_4A Mixed Humid,rur,q3,perm,2055,1.0
C-WEU-ITA,Zone_4A Mixed Humid,rur,q3,perm,2060,1.0
C-WEU-ITA,Zone_4A Mixed Humid,rur,q3,perm,2065,1.0
C-WEU-ITA,Zone_4A Mixed Humid,rur,q3,perm,2070,1.0
C-WEU-ITA,Zone_4A Mixed Humid,rur,q3,perm,2075,1.0
C-WEU-ITA,Zone_4A Mixed Humid,rur,q3,perm,2080,1.0
C-WEU-ITA,Zone_4A Mixed Humid,rur,q3,perm,2085,1.0
C-WEU-ITA,Zone_4A Mixed Humid,rur,q3,perm,2090,1.0
C-WEU-ITA,Zone_4A Mixed Humid,rur,q3,perm,2095,1.0
C-WEU-ITA,Zone_4A Mixed Humid,rur,q3,perm,2100,1.0
C-WEU-ITA,Zone_4A Mixed Humid,rur,q3,sub,2015,0.0
C-WEU-ITA,Zone_4A Mixed Humid,rur,q3,sub,2020,0.0
C-WEU-ITA,Zone_4A Mixed Humid,rur,q3,sub,2025,0.0
C-WEU-ITA,Zone_4A Mixed Humid,rur,q3,sub,2030,0.0
C-WEU-ITA,Zone_4A Mixed Humid,rur,q3,sub,2035,0.0
C-WEU-ITA,Zone_4A Mixed Humid,rur,q3,sub,2040,0.0
C-WEU-ITA,Zone_4A Mixed Humid,rur,q3,sub,2045,0.0
C-WEU-ITA,Zone_4A Mixed Humid,rur,q3,sub,2050,0.0
C-WEU-ITA,Zone_4A Mixed Humid,rur,q3,sub,2055,0.0
C-WEU-ITA,Zone_4A Mixed Humid,rur,q3,sub,2060,0.0
C-WEU-ITA,Zone_4A Mixed Humid,rur,q3,sub,2065,0.0
C-WEU-ITA,Zone_4A Mixed Humid,rur,q3,sub,2070,0.0
C-WEU-ITA,Zone_4A Mixed Humid,rur,q3,sub,2075,0.0
C-WEU-ITA,Zone_4A Mixed Humid,rur,q3,sub,2080,0.0
C-WEU-ITA,Zone_4A Mixed Humid,rur,q3,sub,2085,0.0
C-WEU-ITA,Zone_4A Mixed Humid,rur,q3,sub,2090,0.0
C-WEU-ITA,Zone_4A Mixed Humid,rur,q3,sub,2095,0.0
C-WEU-ITA,Zone_4A Mixed Humid,rur,q3,sub,2100,0.0
C-WEU-ITA,Zone_4A Mixed Humid,urb,q1,perm,2015,1.0
C-WEU-ITA,Zone_4A Mixed Humid,urb,q1,perm,2020,1.0
C-WEU-ITA,Zone_4A Mixed Humid,urb,q1,perm,2025,1.0
C-WEU-ITA,Zone_4A Mixed Humid,urb,q1,perm,2030,1.0
C-WEU-ITA,Zone_4A Mixed Humid,urb,q1,perm,2035,1.0
C-WEU-ITA,Zone_4A Mixed Humid,urb,q1,perm,2040,1.0
C-WEU-ITA,Zone_4A Mixed Humid,urb,q1,perm,2045,1.0
C-WEU-ITA,Zone_4A Mixed Humid,urb,q1,perm,2050,1.0
C-WEU-ITA,Zone_4A Mixed Humid,urb,q1,perm,2055,1.0
C-WEU-ITA,Zone_4A Mixed Humid,urb,q1,perm,2060,1.0
C-WEU-ITA,Zone_4A Mixed Humid,urb,q1,perm,2065,1.0
C-WEU-ITA,Zone_4A Mixed Humid,urb,q1,perm,2070,1.0
C-WEU-ITA,Zone_4A Mixed Humid,urb,q1,perm,2075,1.0
C-WEU-ITA,Zone_4A Mixed Humid,urb,q1,perm,2080,1.0
C-WEU-ITA,Zone_4A Mixed Humid,urb,q1,perm,2085,1.0
C-WEU-ITA,Zone_4A Mixed Humid,urb,q1,perm,2090,1.0
C-WEU-ITA,Zone_4A Mixed Humid,urb,q1,perm,2095,1.0
C-WEU-ITA,Zone_4A Mixed Humid,urb,q1,perm,2100,1.0
C-WEU-ITA,Zone_4A Mixed Humid,urb,q1,sub,2015,0.0
C-WEU-ITA,Zone_4A Mixed Humid,urb,q1,sub,2020,0.0
C-WEU-ITA,Zone_4A Mixed Humid,urb,q1,sub,2025,0.0
C-WEU-ITA,Zone_4A Mixed Humid,urb,q1,sub,2030,0.0
C-WEU-ITA,Zone_4A Mixed Humid,urb,q1,sub,2035,0.0
C-WEU-ITA,Zone_4A Mixed Humid,urb,q1,sub,2040,0.0
C-WEU-ITA,Zone_4A Mixed Humid,urb,q1,sub,2045,0.0
C-WEU-ITA,Zone_4A Mixed Humid,urb,q1,sub,2050,0.0
C-WEU-ITA,Zone_4A Mixed Humid,urb,q1,sub,2055,0.0
C-WEU-ITA,Zone_4A Mixed Humid,urb,q1,sub,2060,0.0
C-WEU-ITA,Zone_4A Mixed Humid,urb,q1,sub,2065,0.0
C-WEU-ITA,Zone_4A Mixed Humid,urb,q1,sub,2070,0.0
C-WEU-ITA,Zone_4A Mixed Humid,urb,q1,sub,2075,0.0
C-WEU-ITA,Zone_4A Mixed Humid,urb,q1,sub,2080,0.0
C-WEU-ITA,Zone_4A Mixed Humid,urb,q1,sub,2085,0.0
C-WEU-ITA,Zone_4A Mixed Humid,urb,q1,sub,2090,0.0
C-WEU-ITA,Zone_4A Mixed Humid,urb,q1,sub,2095,0.0
C-WEU-ITA,Zone_4A Mixed Humid,urb,q1,sub,2100,0.0
C-WEU-ITA,Zone_4A Mixed Humid,urb,q2,perm,2015,1.0
C-WEU-ITA,Zone_4A Mixed Humid,urb,q2,perm,2020,1.0
C-WEU-ITA,Zone_4A Mixed Humid,urb,q2,perm,2025,1.0
C-WEU-ITA,Zone_4A Mixed Humid,urb,q2,perm,2030,1.0
C-WEU-ITA,Zone_4A Mixed Humid,urb,q2,perm,2035,1.0
C-WEU-ITA,Zone_4A Mixed Humid,urb,q2,perm,2040,1.0
C-WEU-ITA,Zone_4A Mixed Humid,urb,q2,perm,2045,1.0
C-WEU-ITA,Zone_4A Mixed Humid,urb,q2,perm,2050,1.0
C-WEU-ITA,Zone_4A Mixed Humid,urb,q2,perm,2055,1.0
C-WEU-ITA,Zone_4A Mixed Humid,urb,q2,perm,2060,1.0
C-WEU-ITA,Zone_4A Mixed Humid,urb,q2,perm,2065,1.0
C-WEU-ITA,Zone_4A Mixed Humid,urb,q2,perm,2070,1.0
C-WEU-ITA,Zone_4A Mixed Humid,urb,q2,perm,2075,1.0
C-WEU-ITA,Zone_4A Mixed Humid,urb,q2,perm,2080,1.0
C-WEU-ITA,Zone_4A Mixed Humid,urb,q2,perm,2085,1.0
C-WEU-ITA,Zone_4A Mixed Humid,urb,q2,perm,2090,1.0
C-WEU-ITA,Zone_4A Mixed Humid,urb,q2,perm,2095,1.0
C-WEU-ITA,Zone_4A Mixed Humid,urb,q2,perm,2100,1.0
C-WEU-ITA,Zone_4A Mixed Humid,urb,q2,sub,2015,0.0
C-WEU-ITA,Zone_4A Mixed Humid,urb,q2,sub,2020,0.0
C-WEU-ITA,Zone_4A Mixed Humid,urb,q2,sub,2025,0.0
C-WEU-ITA,Zone_4A Mixed Humid,urb,q2,sub,2030,0.0
C-WEU-ITA,Zone_4A Mixed Humid,urb,q2,sub,2035,0.0
C-WEU-ITA,Zone_4A Mixed Humid,urb,q2,sub,2040,0.0
C-WEU-ITA,Zone_4A Mixed Humid,urb,q2,sub,2045,0.0
C-WEU-ITA,Zone_4A Mixed Humid,urb,q2,sub,2050,0.0
C-WEU-ITA,Zone_4A Mixed Humid,urb,q2,sub,2055,0.0
C-WEU-ITA,Zone_4A Mixed Humid,urb,q2,sub,2060,0.0
C-WEU-ITA,Zone_4A Mixed Humid,urb,q2,sub,2065,0.0
C-WEU-ITA,Zone_4A Mixed Humid,urb,q2,sub,2070,0.0
C-WEU-ITA,Zone_4A Mixed Humid,urb,q2,sub,2075,0.0
C-WEU-ITA,Zone_4A Mixed Humid,urb,q2,sub,2080,0.0
C-WEU-ITA,Zone_4A Mixed Humid,urb,q2,sub,2085,0.0
C-WEU-ITA,Zone_4A Mixed Humid,urb,q2,sub,2090,0.0
C-WEU-ITA,Zone_4A Mixed Humid,urb,q2,sub,2095,0.0
C-WEU-ITA,Zone_4A Mixed Humid,urb,q2,sub,2100,0.0
C-WEU-ITA,Zone_4A Mixed Humid,urb,q3,perm,2015,1.0
C-WEU-ITA,Zone_4A Mixed Humid,urb,q3,perm,2020,1.0
C-WEU-ITA,Zone_4A Mixed Humid,urb,q3,perm,2025,1.0
C-WEU-ITA,Zone_4A Mixed Humid,urb,q3,perm,2030,1.0
C-WEU-ITA,Zone_4A Mixed Humid,urb,q3,perm,2035,1.0
C-WEU-ITA,Zone_4A Mixed Humid,urb,q3,perm,2040,1.0
C-WEU-ITA,Zone_4A Mixed Humid,urb,q3,perm,2045,1.0
C-WEU-ITA,Zone_4A Mixed Humid,urb,q3,perm,2050,1.0
C-WEU-ITA,Zone_4A Mixed Humid,urb,q3,perm,2055,1.0
C-WEU-ITA,Zone_4A Mixed Humid,urb,q3,perm,2060,1.0
C-WEU-ITA,Zone_4A Mixed Humid,urb,q3,perm,2065,1.0
C-WEU-ITA,Zone_4A Mixed Humid,urb,q3,perm,2070,1.0
C-WEU-ITA,Zone_4A Mixed Humid,urb,q3,perm,2075,1.0
C-WEU-ITA,Zone_4A Mixed Humid,urb,q3,perm,2080,1.0
C-WEU-ITA,Zone_4A Mixed Humid,urb,q3,perm,2085,1.0
C-WEU-ITA,Zone_4A Mixed Humid,urb,q3,perm,2090,1.0
C-WEU-ITA,Zone_4A Mixed Humid,urb,q3,perm,2095,1.0
C-WEU-ITA,Zone_4A Mixed Humid,urb,q3,perm,2100,1.0
C-WEU-ITA,Zone_4A Mixed Humid,urb,q3,sub,2015,0.0
C-WEU-ITA,Zone_4A Mixed Humid,urb,q3,sub,2020,0.0
C-WEU-ITA,Zone_4A Mixed Humid,urb,q3,sub,2025,0.0
C-WEU-ITA,Zone_4A Mixed Humid,urb,q3,sub,2030,0.0
C-WEU-ITA,Zone_4A Mixed Humid,urb,q3,sub,2035,0.0
C-WEU-ITA,Zone_4A Mixed Humid,urb,q3,sub,2040,0.0
C-WEU-ITA,Zone_4A Mixed Humid,urb,q3,sub,2045,0.0
C-WEU-ITA,Zone_4A Mixed Humid,urb,q3,sub,2050,0.0
C-WEU-ITA,Zone_4A Mixed Humid,urb,q3,sub,2055,0.0
C-WEU-ITA,Zone_4A Mixed Humid,urb,q3,sub,2060,0.0
C-WEU-ITA,Zone_4A Mixed Humid,urb,q3,sub,2065,0.0
C-WEU-ITA,Zone_4A Mixed Humid,urb,q3,sub,2070,0.0
C-WEU-ITA,Zone_4A Mixed Humid,urb,q3,sub,2075,0.0
C-WEU-ITA,Zone_4A Mixed Humid,urb,q3,sub,2080,0.0
C-WEU-ITA,Zone_4A Mixed Humid,urb,q3,sub,2085,0.0
C-WEU-ITA,Zone_4A Mixed Humid,urb,q3,sub,2090,0.0
C-WEU-ITA,Zone_4A Mixed Humid,urb,q3,sub,2095,0.0
C-WEU-ITA,Zone_4A Mixed Humid,urb,q3,sub,2100,0.0
C-WEU-ITA,Zone_4C Mixed Marine,rur,q1,perm,2015,1.0
C-WEU-ITA,Zone_4C Mixed Marine,rur,q1,perm,2020,1.0
C-WEU-ITA,Zone_4C Mixed Marine,rur,q1,perm,2025,1.0
C-WEU-ITA,Zone_4C Mixed Marine,rur,q1,perm,2030,1.0
C-WEU-ITA,Zone_4C Mixed Marine,rur,q1,perm,2035,1.0
C-WEU-ITA,Zone_4C Mixed Marine,rur,q1,perm,2040,1.0
C-WEU-ITA,Zone_4C Mixed Marine,rur,q1,perm,2045,1.0
C-WEU-ITA,Zone_4C Mixed Marine,rur,q1,perm,2050,1.0
C-WEU-ITA,Zone_4C Mixed Marine,rur,q1,perm,2055,1.0
C-WEU-ITA,Zone_4C Mixed Marine,rur,q1,perm,2060,1.0
C-WEU-ITA,Zone_4C Mixed Marine,rur,q1,perm,2065,1.0
C-WEU-ITA,Zone_4C Mixed Marine,rur,q1,perm,2070,1.0
C-WEU-ITA,Zone_4C Mixed Marine,rur,q1,perm,2075,1.0
C-WEU-ITA,Zone_4C Mixed Marine,rur,q1,perm,2080,1.0
C-WEU-ITA,Zone_4C Mixed Marine,rur,q1,perm,2085,1.0
C-WEU-ITA,Zone_4C Mixed Marine,rur,q1,perm,2090,1.0
C-WEU-ITA,Zone_4C Mixed Marine,rur,q1,perm,2095,1.0
C-WEU-ITA,Zone_4C Mixed Marine,rur,q1,perm,2100,1.0
C-WEU-ITA,Zone_4C Mixed Marine,rur,q1,sub,2015,0.0
C-WEU-ITA,Zone_4C Mixed Marine,rur,q1,sub,2020,0.0
C-WEU-ITA,Zone_4C Mixed Marine,rur,q1,sub,2025,0.0
C-WEU-ITA,Zone_4C Mixed Marine,rur,q1,sub,2030,0.0
C-WEU-ITA,Zone_4C Mixed Marine,rur,q1,sub,2035,0.0
C-WEU-ITA,Zone_4C Mixed Marine,rur,q1,sub,2040,0.0
C-WEU-ITA,Zone_4C Mixed Marine,rur,q1,sub,2045,0.0
C-WEU-ITA,Zone_4C Mixed Marine,rur,q1,sub,2050,0.0
C-WEU-ITA,Zone_4C Mixed Marine,rur,q1,sub,2055,0.0
C-WEU-ITA,Zone_4C Mixed Marine,rur,q1,sub,2060,0.0
C-WEU-ITA,Zone_4C Mixed Marine,rur,q1,sub,2065,0.0
C-WEU-ITA,Zone_4C Mixed Marine,rur,q1,sub,2070,0.0
C-WEU-ITA,Zone_4C Mixed Marine,rur,q1,sub,2075,0.0
C-WEU-ITA,Zone_4C Mixed Marine,rur,q1,sub,2080,0.0
C-WEU-ITA,Zone_4C Mixed Marine,rur,q1,sub,2085,0.0
C-WEU-ITA,Zone_4C Mixed Marine,rur,q1,sub,2090,0.0
C-WEU-ITA,Zone_4C Mixed Marine,rur,q1,sub,2095,0.0
C-WEU-ITA,Zone_4C Mixed Marine,rur,q1,sub,2100,0.0
C-WEU-ITA,Zone_4C Mixed Marine,rur,q2,perm,2015,1.0
C-WEU-ITA,Zone_4C Mixed Marine,rur,q2,perm,2020,1.0
C-WEU-ITA,Zone_4C Mixed Marine,rur,q2,perm,2025,1.0
C-WEU-ITA,Zone_4C Mixed Marine,rur,q2,perm,2030,1.0
C-WEU-ITA,Zone_4C Mixed Marine,rur,q2,perm,2035,1.0
C-WEU-ITA,Zone_4C Mixed Marine,rur,q2,perm,2040,1.0
C-WEU-ITA,Zone_4C Mixed Marine,rur,q2,perm,2045,1.0
C-WEU-ITA,Zone_4C Mixed Marine,rur,q2,perm,2050,1.0
C-WEU-ITA,Zone_4C Mixed Marine,rur,q2,perm,2055,1.0
C-WEU-ITA,Zone_4C Mixed Marine,rur,q2,perm,2060,1.0
C-WEU-ITA,Zone_4C Mixed Marine,rur,q2,perm,2065,1.0
C-WEU-ITA,Zone_4C Mixed Marine,rur,q2,perm,2070,1.0
C-WEU-ITA,Zone_4C Mixed Marine,rur,q2,perm,2075,1.0
C-WEU-ITA,Zone_4C Mixed Marine,rur,q2,perm,2080,1.0
C-WEU-ITA,Zone_4C Mixed Marine,rur,q2,perm,2085,1.0
C-WEU-ITA,Zone_4C Mixed Marine,rur,q2,perm,2090,1.0
C-WEU-ITA,Zone_4C Mixed Marine,rur,q2,perm,2095,1.0
C-WEU-ITA,Zone_4C Mixed Marine,rur,q2,perm,2100,1.0
C-WEU-ITA,Zone_4C Mixed Marine,rur,q2,sub,2015,0.0
C-WEU-ITA,Zone_4C Mixed Marine,rur,q2,sub,2020,0.0
C-WEU-ITA,Zone_4C Mixed Marine,rur,q2,sub,2025,0.0
C-WEU-ITA,Zone_4C Mixed Marine,rur,q2,sub,2030,0.0
C-WEU-ITA,Zone_4C Mixed Marine,rur,q2,sub,2035,0.0
C-WEU-ITA,Zone_4C Mixed Marine,rur,q2,sub,2040,0.0
C-WEU-ITA,Zone_4C Mixed Marine,rur,q2,sub,2045,0.0
C-WEU-ITA,Zone_4C Mixed Marine,rur,q2,sub,2050,0.0
C-WEU-ITA,Zone_4C Mixed Marine,rur,q2,sub,2055,0.0
C-WEU-ITA,Zone_4C Mixed Marine,rur,q2,sub,2060,0.0
C-WEU-ITA,Zone_4C Mixed Marine,rur,q2,sub,2065,0.0
C-WEU-ITA,Zone_4C Mixed Marine,rur,q2,sub,2070,0.0
C-WEU-ITA,Zone_4C Mixed Marine,rur,q2,sub,2075,0.0
C-WEU-ITA,Zone_4C Mixed Marine,rur,q2,sub,2080,0.0
C-WEU-ITA,Zone_4C Mixed Marine,rur,q2,sub,2085,0.0
C-WEU-ITA,Zone_4C Mixed Marine,rur,q2,sub,2090,0.0
C-WEU-ITA,Zone_4C Mixed Marine,rur,q2,sub,2095,0.0
C-WEU-ITA,Zone_4C Mixed Marine,rur,q2,sub,2100,0.0
C-WEU-ITA,Zone_4C Mixed Marine,rur,q3,perm,2015,1.0
C-WEU-ITA,Zone_4C Mixed Marine,rur,q3,perm,2020,1.0
C-WEU-ITA,Zone_4C Mixed Marine,rur,q3,perm,2025,1.0
C-WEU-ITA,Zone_4C Mixed Marine,rur,q3,perm,2030,1.0
C-WEU-ITA,Zone_4C Mixed Marine,rur,q3,perm,2035,1.0
C-WEU-ITA,Zone_4C Mixed Marine,rur,q3,perm,2040,1.0
C-WEU-ITA,Zone_4C Mixed Marine,rur,q3,perm,2045,1.0
C-WEU-ITA,Zone_4C Mixed Marine,rur,q3,perm,2050,1.0
C-WEU-ITA,Zone_4C Mixed Marine,rur,q3,perm,2055,1.0
C-WEU-ITA,Zone_4C Mixed Marine,rur,q3,perm,2060,1.0
C-WEU-ITA,Zone_4C Mixed Marine,rur,q3,perm,2065,1.0
C-WEU-ITA,Zone_4C Mixed Marine,rur,q3,perm,2070,1.0
C-WEU-ITA,Zone_4C Mixed Marine,rur,q3,perm,2075,1.0
C-WEU-ITA,Zone_4C Mixed Marine,rur,q3,perm,2080,1.0
C-WEU-ITA,Zone_4C Mixed Marine,rur,q3,perm,2085,1.0
C-WEU-ITA,Zone_4C Mixed Marine,rur,q3,perm,2090,1.0
C-WEU-ITA,Zone_4C Mixed Marine,rur,q3,perm,2095,1.0
C-WEU-ITA,Zone_4C Mixed Marine,rur,q3,perm,2100,1.0
C-WEU-ITA,Zone_4C Mixed Marine,rur,q3,sub,2015,0.0
C-WEU-ITA,Zone_4C Mixed Marine,rur,q3,sub,2020,0.0
C-WEU-ITA,Zone_4C Mixed Marine,rur,q3,sub,2025,0.0
C-WEU-ITA,Zone_4C Mixed Marine,rur,q3,sub,2030,0.0
C-WEU-ITA,Zone_4C Mixed Marine,rur,q3,sub,2035,0.0
C-WEU-ITA,Zone_4C Mixed Marine,rur,q3,sub,2040,0.0
C-WEU-ITA,Zone_4C Mixed Marine,rur,q3,sub,2045,0.0
C-WEU-ITA,Zone_4C Mixed Marine,rur,q3,sub,2050,0.0
C-WEU-ITA,Zone_4C Mixed Marine,rur,q3,sub,2055,0.0
C-WEU-ITA,Zone_4C Mixed Marine,rur,q3,sub,2060,0.0
C-WEU-ITA,Zone_4C Mixed Marine,rur,q3,sub,2065,0.0
C-WEU-ITA,Zone_4C Mixed Marine,rur,q3,sub,2070,0.0
C-WEU-ITA,Zone_4C Mixed Marine,rur,q3,sub,2075,0.0
C-WEU-ITA,Zone_4C Mixed Marine,rur,q3,sub,2080,0.0
C-WEU-ITA,Zone_4C Mixed Marine,rur,q3,sub,2085,0.0
C-WEU-ITA,Zone_4C Mixed Marine,rur,q3,sub,2090,0.0
C-WEU-ITA,Zone_4C Mixed Marine,rur,q3,sub,2095,0.0
C-WEU-ITA,Zone_4C Mixed Marine,rur,q3,sub,2100,0.0
C-WEU-ITA,Zone_4C Mixed Marine,urb,q1,perm,2015,1.0
C-WEU-ITA,Zone_4C Mixed Marine,urb,q1,perm,2020,1.0
C-WEU-ITA,Zone_4C Mixed Marine,urb,q1,perm,2025,1.0
C-WEU-ITA,Zone_4C Mixed Marine,urb,q1,perm,2030,1.0
C-WEU-ITA,Zone_4C Mixed Marine,urb,q1,perm,2035,1.0
C-WEU-ITA,Zone_4C Mixed Marine,urb,q1,perm,2040,1.0
C-WEU-ITA,Zone_4C Mixed Marine,urb,q1,perm,2045,1.0
C-WEU-ITA,Zone_4C Mixed Marine,urb,q1,perm,2050,1.0
C-WEU-ITA,Zone_4C Mixed Marine,urb,q1,perm,2055,1.0
C-WEU-ITA,Zone_4C Mixed Marine,urb,q1,perm,2060,1.0
C-WEU-ITA,Zone_4C Mixed Marine,urb,q1,perm,2065,1.0
C-WEU-ITA,Zone_4C Mixed Marine,urb,q1,perm,2070,1.0
C-WEU-ITA,Zone_4C Mixed Marine,urb,q1,perm,2075,1.0
C-WEU-ITA,Zone_4C Mixed Marine,urb,q1,perm,2080,1.0
C-WEU-ITA,Zone_4C Mixed Marine,urb,q1,perm,2085,1.0
C-WEU-ITA,Zone_4C Mixed Marine,urb,q1,perm,2090,1.0
C-WEU-ITA,Zone_4C Mixed Marine,urb,q1,perm,2095,1.0
C-WEU-ITA,Zone_4C Mixed Marine,urb,q1,perm,2100,1.0
C-WEU-ITA,Zone_4C Mixed Marine,urb,q1,sub,2015,0.0
C-WEU-ITA,Zone_4C Mixed Marine,urb,q1,sub,2020,0.0
C-WEU-ITA,Zone_4C Mixed Marine,urb,q1,sub,2025,0.0
C-WEU-ITA,Zone_4C Mixed Marine,urb,q1,sub,2030,0.0
C-WEU-ITA,Zone_4C Mixed Marine,urb,q1,sub,2035,0.0
C-WEU-ITA,Zone_4C Mixed Marine,urb,q1,sub,2040,0.0
C-WEU-ITA,Zone_4C Mixed Marine,urb,q1,sub,2045,0.0
C-WEU-ITA,Zone_4C Mixed Marine,urb,q1,sub,2050,0.0
C-WEU-ITA,Zone_4C Mixed Marine,urb,q1,sub,2055,0.0
C-WEU-ITA,Zone_4C Mixed Marine,urb,q1,sub,2060,0.0
C-WEU-ITA,Zone_4C Mixed Marine,urb,q1,sub,2065,0.0
C-WEU-ITA,Zone_4C Mixed Marine,urb,q1,sub,2070,0.0
C-WEU-ITA,Zone_4C Mixed Marine,urb,q1,sub,2075,0.0
C-WEU-ITA,Zone_4C Mixed Marine,urb,q1,sub,2080,0.0
C-WEU-ITA,Zone_4C Mixed Marine,urb,q1,sub,2085,0.0
C-WEU-ITA,Zone_4C Mixed Marine,urb,q1,sub,2090,0.0
C-WEU-ITA,Zone_4C Mixed Marine,urb,q1,sub,2095,0.0
C-WEU-ITA,Zone_4C Mixed Marine,urb,q1,sub,2100,0.0
C-WEU-ITA,Zone_4C Mixed Marine,urb,q2,perm,2015,1.0
C-WEU-ITA,Zone_4C Mixed Marine,urb,q2,perm,2020,1.0
C-WEU-ITA,Zone_4C Mixed Marine,urb,q2,perm,2025,1.0
C-WEU-ITA,Zone_4C Mixed Marine,urb,q2,perm,2030,1.0
C-WEU-ITA,Zone_4C Mixed Marine,urb,q2,perm,2035,1.0
C-WEU-ITA,Zone_4C Mixed Marine,urb,q2,perm,2040,1.0
C-WEU-ITA,Zone_4C Mixed Marine,urb,q2,perm,2045,1.0
C-WEU-ITA,Zone_4C Mixed Marine,urb,q2,perm,2050,1.0
C-WEU-ITA,Zone_4C Mixed Marine,urb,q2,perm,2055,1.0
C-WEU-ITA,Zone_4C Mixed Marine,urb,q2,perm,2060,1.0
C-WEU-ITA,Zone_4C Mixed Marine,urb,q2,perm,2065,1.0
C-WEU-ITA,Zone_4C Mixed Marine,urb,q2,perm,2070,1.0
C-WEU-ITA,Zone_4C Mixed Marine,urb,q2,perm,2075,1.0
C-WEU-ITA,Zone_4C Mixed Marine,urb,q2,perm,2080,1.0
C-WEU-ITA,Zone_4C Mixed Marine,urb,q2,perm,2085,1.0
C-WEU-ITA,Zone_4C Mixed Marine,urb,q2,perm,2090,1.0
C-WEU-ITA,Zone_4C Mixed Marine,urb,q2,perm,2095,1.0
C-WEU-ITA,Zone_4C Mixed Marine,urb,q2,perm,2100,1.0
C-WEU-ITA,Zone_4C Mixed Marine,urb,q2,sub,2015,0.0
C-WEU-ITA,Zone_4C Mixed Marine,urb,q2,sub,2020,0.0
C-WEU-ITA,Zone_4C Mixed Marine,urb,q2,sub,2025,0.0
C-WEU-ITA,Zone_4C Mixed Marine,urb,q2,sub,2030,0.0
C-WEU-ITA,Zone_4C Mixed Marine,urb,q2,sub,2035,0.0
C-WEU-ITA,Zone_4C Mixed Marine,urb,q2,sub,2040,0.0
C-WEU-ITA,Zone_4C Mixed Marine,urb,q2,sub,2045,0.0
C-WEU-ITA,Zone_4C Mixed Marine,urb,q2,sub,2050,0.0
C-WEU-ITA,Zone_4C Mixed Marine,urb,q2,sub,2055,0.0
C-WEU-ITA,Zone_4C Mixed Marine,urb,q2,sub,2060,0.0
C-WEU-ITA,Zone_4C Mixed Marine,urb,q2,sub,2065,0.0
C-WEU-ITA,Zone_4C Mixed Marine,urb,q2,sub,2070,0.0
C-WEU-ITA,Zone_4C Mixed Marine,urb,q2,sub,2075,0.0
C-WEU-ITA,Zone_4C Mixed Marine,urb,q2,sub,2080,0.0
C-WEU-ITA,Zone_4C Mixed Marine,urb,q2,sub,2085,0.0
C-WEU-ITA,Zone_4C Mixed Marine,urb,q2,sub,2090,0.0
C-WEU-ITA,Zone_4C Mixed Marine,urb,q2,sub,2095,0.0
C-WEU-ITA,Zone_4C Mixed Marine,urb,q2,sub,2100,0.0
C-WEU-ITA,Zone_4C Mixed Marine,urb,q3,perm,2015,1.0
C-WEU-ITA,Zone_4C Mixed Marine,urb,q3,perm,2020,1.0
C-WEU-ITA,Zone_4C Mixed Marine,urb,q3,perm,2025,1.0
C-WEU-ITA,Zone_4C Mixed Marine,urb,q3,perm,2030,1.0
C-WEU-ITA,Zone_4C Mixed Marine,urb,q3,perm,2035,1.0
C-WEU-ITA,Zone_4C Mixed Marine,urb,q3,perm,2040,1.0
C-WEU-ITA,Zone_4C Mixed Marine,urb,q3,perm,2045,1.0
C-WEU-ITA,Zone_4C Mixed Marine,urb,q3,perm,2050,1.0
C-WEU-ITA,Zone_4C Mixed Marine,urb,q3,perm,2055,1.0
C-WEU-ITA,Zone_4C Mixed Marine,urb,q3,perm,2060,1.0
C-WEU-ITA,Zone_4C Mixed Marine,urb,q3,perm,2065,1.0
C-WEU-ITA,Zone_4C Mixed Marine,urb,q3,perm,2070,1.0
C-WEU-ITA,Zone_4C Mixed Marine,urb,q3,perm,2075,1.0
C-WEU-ITA,Zone_4C Mixed Marine,urb,q3,perm,2080,1.0
C-WEU-ITA,Zone_4C Mixed Marine,urb,q3,perm,2085,1.0
C-WEU-ITA,Zone_4C Mixed Marine,urb,q3,perm,2090,1.0
C-WEU-ITA,Zone_4C Mixed Marine,urb,q3,perm,2095,1.0
C-WEU-ITA,Zone_4C Mixed Marine,urb,q3,perm,2100,1.0
C-WEU-ITA,Zone_4C Mixed Marine,urb,q3,sub,2015,0.0
C-WEU-ITA,Zone_4C Mixed Marine,urb,q3,sub,2020,0.0
C-WEU-ITA,Zone_4C Mixed Marine,urb,q3,sub,2025,0.0
C-WEU-ITA,Zone_4C Mixed Marine,urb,q3,sub,2030,0.0
C-WEU-ITA,Zone_4C Mixed Marine,urb,q3,sub,2035,0.0
C-WEU-ITA,Zone_4C Mixed Marine,urb,q3,sub,2040,0.0
C-WEU-ITA,Zone_4C Mixed Marine,urb,q3,sub,2045,0.0
C-WEU-ITA,Zone_4C Mixed Marine,urb,q3,sub,2050,0.0
C-WEU-ITA,Zone_4C Mixed Marine,urb,q3,sub,2055,0.0
C-WEU-ITA,Zone_4C Mixed Marine,urb,q3,sub,2060,0.0
C-WEU-ITA,Zone_4C Mixed Marine,urb,q3,sub,2065,0.0
C-WEU-ITA,Zone_4C Mixed Marine,urb,q3,sub,2070,0.0
C-WEU-ITA,Zone_4C Mixed Marine,urb,q3,sub,2075,0.0
C-WEU-ITA,Zone_4C Mixed Marine,urb,q3,sub,2080,0.0
C-WEU-ITA,Zone_4C Mixed Marine,urb,q3,sub,2085,0.0
C-WEU-ITA,Zone_4C Mixed Marine,urb,q3,sub,2090,0.0
C-WEU-ITA,Zone_4C Mixed Marine,urb,q3,sub,2095,0.0
C-WEU-ITA,Zone_4C Mixed Marine,urb,q3,sub,2100,0.0
C-WEU-ITA,Zone_5A Cool Humid,rur,q1,perm,2015,1.0
C-WEU-ITA,Zone_5A Cool Humid,rur,q1,perm,2020,1.0
C-WEU-ITA,Zone_5A Cool Humid,rur,q1,perm,2025,1.0
C-WEU-ITA,Zone_5A Cool Humid,rur,q1,perm,2030,1.0
C-WEU-ITA,Zone_5A Cool Humid,rur,q1,perm,2035,1.0
C-WEU-ITA,Zone_5A Cool Humid,rur,q1,perm,2040,1.0
C-WEU-ITA,Zone_5A Cool Humid,rur,q1,perm,2045,1.0
C-WEU-ITA,Zone_5A Cool Humid,rur,q1,perm,2050,1.0
C-WEU-ITA,Zone_5A Cool Humid,rur,q1,perm,2055,1.0
C-WEU-ITA,Zone_5A Cool Humid,rur,q1,perm,2060,1.0
C-WEU-ITA,Zone_5A Cool Humid,rur,q1,perm,2065,1.0
C-WEU-ITA,Zone_5A Cool Humid,rur,q1,perm,2070,1.0
C-WEU-ITA,Zone_5A Cool Humid,rur,q1,perm,2075,1.0
C-WEU-ITA,Zone_5A Cool Humid,rur,q1,perm,2080,1.0
C-WEU-ITA,Zone_5A Cool Humid,rur,q1,perm,2085,1.0
C-WEU-ITA,Zone_5A Cool Humid,rur,q1,perm,2090,1.0
C-WEU-ITA,Zone_5A Cool Humid,rur,q1,perm,2095,1.0
C-WEU-ITA,Zone_5A Cool Humid,rur,q1,perm,2100,1.0
C-WEU-ITA,Zone_5A Cool Humid,rur,q1,sub,2015,0.0
C-WEU-ITA,Zone_5A Cool Humid,rur,q1,sub,2020,0.0
C-WEU-ITA,Zone_5A Cool Humid,rur,q1,sub,2025,0.0
C-WEU-ITA,Zone_5A Cool Humid,rur,q1,sub,2030,0.0
C-WEU-ITA,Zone_5A Cool Humid,rur,q1,sub,2035,0.0
C-WEU-ITA,Zone_5A Cool Humid,rur,q1,sub,2040,0.0
C-WEU-ITA,Zone_5A Cool Humid,rur,q1,sub,2045,0.0
C-WEU-ITA,Zone_5A Cool Humid,rur,q1,sub,2050,0.0
C-WEU-ITA,Zone_5A Cool Humid,rur,q1,sub,2055,0.0
C-WEU-ITA,Zone_5A Cool Humid,rur,q1,sub,2060,0.0
C-WEU-ITA,Zone_5A Cool Humid,rur,q1,sub,2065,0.0
C-WEU-ITA,Zone_5A Cool Humid,rur,q1,sub,2070,0.0
C-WEU-ITA,Zone_5A Cool Humid,rur,q1,sub,2075,0.0
C-WEU-ITA,Zone_5A Cool Humid,rur,q1,sub,2080,0.0
C-WEU-ITA,Zone_5A Cool Humid,rur,q1,sub,2085,0.0
C-WEU-ITA,Zone_5A Cool Humid,rur,q1,sub,2090,0.0
C-WEU-ITA,Zone_5A Cool Humid,rur,q1,sub,2095,0.0
C-WEU-ITA,Zone_5A Cool Humid,rur,q1,sub,2100,0.0
C-WEU-ITA,Zone_5A Cool Humid,rur,q2,perm,2015,1.0
C-WEU-ITA,Zone_5A Cool Humid,rur,q2,perm,2020,1.0
C-WEU-ITA,Zone_5A Cool Humid,rur,q2,perm,2025,1.0
C-WEU-ITA,Zone_5A Cool Humid,rur,q2,perm,2030,1.0
C-WEU-ITA,Zone_5A Cool Humid,rur,q2,perm,2035,1.0
C-WEU-ITA,Zone_5A Cool Humid,rur,q2,perm,2040,1.0
C-WEU-ITA,Zone_5A Cool Humid,rur,q2,perm,2045,1.0
C-WEU-ITA,Zone_5A Cool Humid,rur,q2,perm,2050,1.0
C-WEU-ITA,Zone_5A Cool Humid,rur,q2,perm,2055,1.0
C-WEU-ITA,Zone_5A Cool Humid,rur,q2,perm,2060,1.0
C-WEU-ITA,Zone_5A Cool Humid,rur,q2,perm,2065,1.0
C-WEU-ITA,Zone_5A Cool Humid,rur,q2,perm,2070,1.0
C-WEU-ITA,Zone_5A Cool Humid,rur,q2,perm,2075,1.0
C-WEU-ITA,Zone_5A Cool Humid,rur,q2,perm,2080,1.0
C-WEU-ITA,Zone_5A Cool Humid,rur,q2,perm,2085,1.0
C-WEU-ITA,Zone_5A Cool Humid,rur,q2,perm,2090,1.0
C-WEU-ITA,Zone_5A Cool Humid,rur,q2,perm,2095,1.0
C-WEU-ITA,Zone_5A Cool Humid,rur,q2,perm,2100,1.0
C-WEU-ITA,Zone_5A Cool Humid,rur,q2,sub,2015,0.0
C-WEU-ITA,Zone_5A Cool Humid,rur,q2,sub,2020,0.0
C-WEU-ITA,Zone_5A Cool Humid,rur,q2,sub,2025,0.0
C-WEU-ITA,Zone_5A Cool Humid,rur,q2,sub,2030,0.0
C-WEU-ITA,Zone_5A Cool Humid,rur,q2,sub,2035,0.0
C-WEU-ITA,Zone_5A Cool Humid,rur,q2,sub,2040,0.0
C-WEU-ITA,Zone_5A Cool Humid,rur,q2,sub,2045,0.0
C-WEU-ITA,Zone_5A Cool Humid,rur,q2,sub,2050,0.0
C-WEU-ITA,Zone_5A Cool Humid,rur,q2,sub,2055,0.0
C-WEU-ITA,Zone_5A Cool Humid,rur,q2,sub,2060,0.0
C-WEU-ITA,Zone_5A Cool Humid,rur,q2,sub,2065,0.0
C-WEU-ITA,Zone_5A Cool Humid,rur,q2,sub,2070,0.0
C-WEU-ITA,Zone_5A Cool Humid,rur,q2,sub,2075,0.0
C-WEU-ITA,Zone_5A Cool Humid,rur,q2,sub,2080,0.0
C-WEU-ITA,Zone_5A Cool Humid,rur,q2,sub,2085,0.0
C-WEU-ITA,Zone_5A Cool Humid,rur,q2,sub,2090,0.0
C-WEU-ITA,Zone_5A Cool Humid,rur,q2,sub,2095,0.0
C-WEU-ITA,Zone_5A Cool Humid,rur,q2,sub,2100,0.0
C-WEU-ITA,Zone_5A Cool Humid,rur,q3,perm,2015,1.0
C-WEU-ITA,Zone_5A Cool Humid,rur,q3,perm,2020,1.0
C-WEU-ITA,Zone_5A Cool Humid,rur,q3,perm,2025,1.0
C-WEU-ITA,Zone_5A Cool Humid,rur,q3,perm,2030,1.0
C-WEU-ITA,Zone_5A Cool Humid,rur,q3,perm,2035,1.0
C-WEU-ITA,Zone_5A Cool Humid,rur,q3,perm,2040,1.0
C-WEU-ITA,Zone_5A Cool Humid,rur,q3,perm,2045,1.0
C-WEU-ITA,Zone_5A Cool Humid,rur,q3,perm,2050,1.0
C-WEU-ITA,Zone_5A Cool Humid,rur,q3,perm,2055,1.0
C-WEU-ITA,Zone_5A Cool Humid,rur,q3,perm,2060,1.0
C-WEU-ITA,Zone_5A Cool Humid,rur,q3,perm,2065,1.0
C-WEU-ITA,Zone_5A Cool Humid,rur,q3,perm,2070,1.0
C-WEU-ITA,Zone_5A Cool Humid,rur,q3,perm,2075,1.0
C-WEU-ITA,Zone_5A Cool Humid,rur,q3,perm,2080,1.0
C-WEU-ITA,Zone_5A Cool Humid,rur,q3,perm,2085,1.0
C-WEU-ITA,Zone_5A Cool Humid,rur,q3,perm,2090,1.0
C-WEU-ITA,Zone_5A Cool Humid,rur,q3,perm,2095,1.0
C-WEU-ITA,Zone_5A Cool Humid,rur,q3,perm,2100,1.0
C-WEU-ITA,Zone_5A Cool Humid,rur,q3,sub,2015,0.0
C-WEU-ITA,Zone_5A Cool Humid,rur,q3,sub,2020,0.0
C-WEU-ITA,Zone_5A Cool Humid,rur,q3,sub,2025,0.0
C-WEU-ITA,Zone_5A Cool Humid,rur,q3,sub,2030,0.0
C-WEU-ITA,Zone_5A Cool Humid,rur,q3,sub,2035,0.0
C-WEU-ITA,Zone_5A Cool Humid,rur,q3,sub,2040,0.0
C-WEU-ITA,Zone_5A Cool Humid,rur,q3,sub,2045,0.0
C-WEU-ITA,Zone_5A Cool Humid,rur,q3,sub,2050,0.0
C-WEU-ITA,Zone_5A Cool Humid,rur,q3,sub,2055,0.0
C-WEU-ITA,Zone_5A Cool Humid,rur,q3,sub,2060,0.0
C-WEU-ITA,Zone_5A Cool Humid,rur,q3,sub,2065,0.0
C-WEU-ITA,Zone_5A Cool Humid,rur,q3,sub,2070,0.0
C-WEU-ITA,Zone_5A Cool Humid,rur,q3,sub,2075,0.0
C-WEU-ITA,Zone_5A Cool Humid,rur,q3,sub,2080,0.0
C-WEU-ITA,Zone_5A Cool Humid,rur,q3,sub,2085,0.0
C-WEU-ITA,Zone_5A Cool Humid,rur,q3,sub,2090,0.0
C-WEU-ITA,Zone_5A Cool Humid,rur,q3,sub,2095,0.0
C-WEU-ITA,Zone_5A Cool Humid,rur,q3,sub,2100,0.0
C-WEU-ITA,Zone_5A Cool Humid,urb,q1,perm,2015,1.0
C-WEU-ITA,Zone_5A Cool Humid,urb,q1,perm,2020,1.0
C-WEU-ITA,Zone_5A Cool Humid,urb,q1,perm,2025,1.0
C-WEU-ITA,Zone_5A Cool Humid,urb,q1,perm,2030,1.0
C-WEU-ITA,Zone_5A Cool Humid,urb,q1,perm,2035,1.0
C-WEU-ITA,Zone_5A Cool Humid,urb,q1,perm,2040,1.0
C-WEU-ITA,Zone_5A Cool Humid,urb,q1,perm,2045,1.0
C-WEU-ITA,Zone_5A Cool Humid,urb,q1,perm,2050,1.0
C-WEU-ITA,Zone_5A Cool Humid,urb,q1,perm,2055,1.0
C-WEU-ITA,Zone_5A Cool Humid,urb,q1,perm,2060,1.0
C-WEU-ITA,Zone_5A Cool Humid,urb,q1,perm,2065,1.0
C-WEU-ITA,Zone_5A Cool Humid,urb,q1,perm,2070,1.0
C-WEU-ITA,Zone_5A Cool Humid,urb,q1,perm,2075,1.0
C-WEU-ITA,Zone_5A Cool Humid,urb,q1,perm,2080,1.0
C-WEU-ITA,Zone_5A Cool Humid,urb,q1,perm,2085,1.0
C-WEU-ITA,Zone_5A Cool Humid,urb,q1,perm,2090,1.0
C-WEU-ITA,Zone_5A Cool Humid,urb,q1,perm,2095,1.0
C-WEU-ITA,Zone_5A Cool Humid,urb,q1,perm,2100,1.0
C-WEU-ITA,Zone_5A Cool Humid,urb,q1,sub,2015,0.0
C-WEU-ITA,Zone_5A Cool Humid,urb,q1,sub,2020,0.0
C-WEU-ITA,Zone_5A Cool Humid,urb,q1,sub,2025,0.0
C-WEU-ITA,Zone_5A Cool Humid,urb,q1,sub,2030,0.0
C-WEU-ITA,Zone_5A Cool Humid,urb,q1,sub,2035,0.0
C-WEU-ITA,Zone_5A Cool Humid,urb,q1,sub,2040,0.0
C-WEU-ITA,Zone_5A Cool Humid,urb,q1,sub,2045,0.0
C-WEU-ITA,Zone_5A Cool Humid,urb,q1,sub,2050,0.0
C-WEU-ITA,Zone_5A Cool Humid,urb,q1,sub,2055,0.0
C-WEU-ITA,Zone_5A Cool Humid,urb,q1,sub,2060,0.0
C-WEU-ITA,Zone_5A Cool Humid,urb,q1,sub,2065,0.0
C-WEU-ITA,Zone_5A Cool Humid,urb,q1,sub,2070,0.0
C-WEU-ITA,Zone_5A Cool Humid,urb,q1,sub,2075,0.0
C-WEU-ITA,Zone_5A Cool Humid,urb,q1,sub,2080,0.0
C-WEU-ITA,Zone_5A Cool Humid,urb,q1,sub,2085,0.0
C-WEU-ITA,Zone_5A Cool Humid,urb,q1,sub,2090,0.0
C-WEU-ITA,Zone_5A Cool Humid,urb,q1,sub,2095,0.0
C-WEU-ITA,Zone_5A Cool Humid,urb,q1,sub,2100,0.0
C-WEU-ITA,Zone_5A Cool Humid,urb,q2,perm,2015,1.0
C-WEU-ITA,Zone_5A Cool Humid,urb,q2,perm,2020,1.0
C-WEU-ITA,Zone_5A Cool Humid,urb,q2,perm,2025,1.0
C-WEU-ITA,Zone_5A Cool Humid,urb,q2,perm,2030,1.0
C-WEU-ITA,Zone_5A Cool Humid,urb,q2,perm,2035,1.0
C-WEU-ITA,Zone_5A Cool Humid,urb,q2,perm,2040,1.0
C-WEU-ITA,Zone_5A Cool Humid,urb,q2,perm,2045,1.0
C-WEU-ITA,Zone_5A Cool Humid,urb,q2,perm,2050,1.0
C-WEU-ITA,Zone_5A Cool Humid,urb,q2,perm,2055,1.0
C-WEU-ITA,Zone_5A Cool Humid,urb,q2,perm,2060,1.0
C-WEU-ITA,Zone_5A Cool Humid,urb,q2,perm,2065,1.0
C-WEU-ITA,Zone_5A Cool Humid,urb,q2,perm,2070,1.0
C-WEU-ITA,Zone_5A Cool Humid,urb,q2,perm,2075,1.0
C-WEU-ITA,Zone_5A Cool Humid,urb,q2,perm,2080,1.0
C-WEU-ITA,Zone_5A Cool Humid,urb,q2,perm,2085,1.0
C-WEU-ITA,Zone_5A Cool Humid,urb,q2,perm,2090,1.0
C-WEU-ITA,Zone_5A Cool Humid,urb,q2,perm,2095,1.0
C-WEU-ITA,Zone_5A Cool Humid,urb,q2,perm,2100,1.0
C-WEU-ITA,Zone_5A Cool Humid,urb,q2,sub,2015,0.0
C-WEU-ITA,Zone_5A Cool Humid,urb,q2,sub,2020,0.0
C-WEU-ITA,Zone_5A Cool Humid,urb,q2,sub,2025,0.0
C-WEU-ITA,Zone_5A Cool Humid,urb,q2,sub,2030,0.0
C-WEU-ITA,Zone_5A Cool Humid,urb,q2,sub,2035,0.0
C-WEU-ITA,Zone_5A Cool Humid,urb,q2,sub,2040,0.0
C-WEU-ITA,Zone_5A Cool Humid,urb,q2,sub,2045,0.0
C-WEU-ITA,Zone_5A Cool Humid,urb,q2,sub,2050,0.0
C-WEU-ITA,Zone_5A Cool Humid,urb,q2,sub,2055,0.0
C-WEU-ITA,Zone_5A Cool Humid,urb,q2,sub,2060,0.0
C-WEU-ITA,Zone_5A Cool Humid,urb,q2,sub,2065,0.0
C-WEU-ITA,Zone_5A Cool Humid,urb,q2,sub,2070,0.0
C-WEU-ITA,Zone_5A Cool Humid,urb,q2,sub,2075,0.0
C-WEU-ITA,Zone_5A Cool Humid,urb,q2,sub,2080,0.0
C-WEU-ITA,Zone_5A Cool Humid,urb,q2,sub,2085,0.0
C-WEU-ITA,Zone_5A Cool Humid,urb,q2,sub,2090,0.0
C-WEU-ITA,Zone_5A Cool Humid,urb,q2,sub,2095,0.0
C-WEU-ITA,Zone_5A Cool Humid,urb,q2,sub,2100,0.0
C-WEU-ITA,Zone_5A Cool Humid,urb,q3,perm,2015,1.0
C-WEU-ITA,Zone_5A Cool Humid,urb,q3,perm,2020,1.0
C-WEU-ITA,Zone_5A Cool Humid,urb,q3,perm,2025,1.0
C-WEU-ITA,Zone_5A Cool Humid,urb,q3,perm,2030,1.0
C-WEU-ITA,Zone_5A Cool Humid,urb,q3,perm,2035,1.0
C-WEU-ITA,Zone_5A Cool Humid,urb,q3,perm,2040,1.0
C-WEU-ITA,Zone_5A Cool Humid,urb,q3,perm,2045,1.0
C-WEU-ITA,Zone_5A Cool Humid,urb,q3,perm,2050,1.0
C-WEU-ITA,Zone_5A Cool Humid,urb,q3,perm,2055,1.0
C-WEU-ITA,Zone_5A Cool Humid,urb,q3,perm,2060,1.0
C-WEU-ITA,Zone_5A Cool Humid,urb,q3,perm,2065,1.0
C-WEU-ITA,Zone_5A Cool Humid,urb,q3,perm,2070,1.0
C-WEU-ITA,Zone_5A Cool Humid,urb,q3,perm,2075,1.0
C-WEU-ITA,Zone_5A Cool Humid,urb,q3,perm,2080,1.0
C-WEU-ITA,Zone_5A Cool Humid,urb,q3,perm,2085,1.0
C-WEU-ITA,Zone_5A Cool Humid,urb,q3,perm,2090,1.0
C-WEU-ITA,Zone_5A Cool Humid,urb,q3,perm,2095,1.0
C-WEU-ITA,Zone_5A Cool Humid,urb,q3,perm,2100,1.0
C-WEU-ITA,Zone_5A Cool Humid,urb,q3,sub,2015,0.0
C-WEU-ITA,Zone_5A Cool Humid,urb,q3,sub,2020,0.0
C-WEU-ITA,Zone_5A Cool Humid,urb,q3,sub,2025,0.0
C-WEU-ITA,Zone_5A Cool Humid,urb,q3,sub,2030,0.0
C-WEU-ITA,Zone_5A Cool Humid,urb,q3,sub,2035,0.0
C-WEU-ITA,Zone_5A Cool Humid,urb,q3,sub,2040,0.0
C-WEU-ITA,Zone_5A Cool Humid,urb,q3,sub,2045,0.0
C-WEU-ITA,Zone_5A Cool Humid,urb,q3,sub,2050,0.0
C-WEU-ITA,Zone_5A Cool Humid,urb,q3,sub,2055,0.0
C-WEU-ITA,Zone_5A Cool Humid,urb,q3,sub,2060,0.0
C-WEU-ITA,Zone_5A Cool Humid,urb,q3,sub,2065,0.0
C-WEU-ITA,Zone_5A Cool Humid,urb,q3,sub,2070,0.0
C-WEU-ITA,Zone_5A Cool Humid,urb,q3,sub,2075,0.0
C-WEU-ITA,Zone_5A Cool Humid,urb,q3,sub,2080,0.0
C-WEU-ITA,Zone_5A Cool Humid,urb,q3,sub,2085,0.0
C-WEU-ITA,Zone_5A Cool Humid,urb,q3,sub,2090,0.0
C-WEU-ITA,Zone_5A Cool Humid,urb,q3,sub,2095,0.0
C-WEU-ITA,Zone_5A Cool Humid,urb,q3,sub,2100,0.0
C-WEU-ITA,Zone_5C Cool Marine,rur,q1,perm,2015,0.008993056237218832
C-WEU-ITA,Zone_5C Cool Marine,rur,q1,perm,2020,0.008993056237218832
C-WEU-ITA,Zone_5C Cool Marine,rur,q1,perm,2025,0.008852039774559195
C-WEU-ITA,Zone_5C Cool Marine,rur,q1,perm,2030,0.008724015257158291
C-WEU-ITA,Zone_5C Cool Marine,rur,q1,perm,2035,0.008605631456117313
C-WEU-ITA,Zone_5C Cool Marine,rur,q1,perm,2040,0.0084965654241862
C-WEU-ITA,Zone_5C Cool Marine,rur,q1,perm,2045,0.008391462135825489
C-WEU-ITA,Zone_5C Cool Marine,rur,q1,perm,2050,0.008285952216143738
C-WEU-ITA,Zone_5C Cool Marine,rur,q1,perm,2055,0.00817738234567197
C-WEU-ITA,Zone_5C Cool Marine,rur,q1,perm,2060,0.008071083374023286
C-WEU-ITA,Zone_5C Cool Marine,rur,q1,perm,2065,0.007975200340184091
C-WEU-ITA,Zone_5C Cool Marine,rur,q1,perm,2070,0.007893805906671629
C-WEU-ITA,Zone_5C Cool Marine,rur,q1,perm,2075,0.007828740394377478
C-WEU-ITA,Zone_5C Cool Marine,rur,q1,perm,2080,0.007774380386653363
C-WEU-ITA,Zone_5C Cool Marine,rur,q1,perm,2085,0.007725542392033873
C-WEU-ITA,Zone_5C Cool Marine,rur,q1,perm,2090,0.0076749358717952635
C-WEU-ITA,Zone_5C Cool Marine,rur,q1,perm,2095,0.007623276651549732
C-WEU-ITA,Zone_5C Cool Marine,rur,q1,perm,2100,0.007572550366096628
C-WEU-ITA,Zone_5C Cool Marine,rur,q1,sub,2015,0.0
C-WEU-ITA,Zone_5C Cool Marine,rur,q1,sub,2020,0.0
C-WEU-ITA,Zone_5C Cool Marine,rur,q1,sub,2025,0.0
C-WEU-ITA,Zone_5C Cool Marine,rur,q1,sub,2030,0.0
C-WEU-ITA,Zone_5C Cool Marine,rur,q1,sub,2035,0.0
C-WEU-ITA,Zone_5C Cool Marine,rur,q1,sub,2040,0.0
C-WEU-ITA,Zone_5C Cool Marine,rur,q1,sub,2045,0.0
C-WEU-ITA,Zone_5C Cool Marine,rur,q1,sub,2050,0.0
C-WEU-ITA,Zone_5C Cool Marine,rur,q1,sub,2055,0.0
C-WEU-ITA,Zone_5C Cool Marine,rur,q1,sub,2060,0.0
C-WEU-ITA,Zone_5C Cool Marine,rur,q1,sub,2065,0.0
C-WEU-ITA,Zone_5C Cool Marine,rur,q1,sub,2070,0.0
C-WEU-ITA,Zone_5C Cool Marine,rur,q1,sub,2075,0.0
C-WEU-ITA,Zone_5C Cool Marine,rur,q1,sub,2080,0.0
C-WEU-ITA,Zone_5C Cool Marine,rur,q1,sub,2085,0.0
C-WEU-ITA,Zone_5C Cool Marine,rur,q1,sub,2090,0.0
C-WEU-ITA,Zone_5C Cool Marine,rur,q1,sub,2095,0.0
C-WEU-ITA,Zone_5C Cool Marine,rur,q1,sub,2100,0.0
C-WEU-ITA,Zone_5C Cool Marine,rur,q2,perm,2015,0.008993056237218832
C-WEU-ITA,Zone_5C Cool Marine,rur,q2,perm,2020,0.008993056237218832
C-WEU-ITA,Zone_5C Cool Marine,rur,q2,perm,2025,0.008852039774559195
C-WEU-ITA,Zone_5C Cool Marine,rur,q2,perm,2030,0.008724015257158291
C-WEU-ITA,Zone_5C Cool Marine,rur,q2,perm,2035,0.008605631456117313
C-WEU-ITA,Zone_5C Cool Marine,rur,q2,perm,2040,0.0084965654241862
C-WEU-ITA,Zone_5C Cool Marine,rur,q2,perm,2045,0.008391462135825489
C-WEU-ITA,Zone_5C Cool Marine,rur,q2,perm,2050,0.008285952216143738
C-WEU-ITA,Zone_5C Cool Marine,rur,q2,perm,2055,0.00817738234567197
C-WEU-ITA,Zone_5C Cool Marine,rur,q2,perm,2060,0.008071083374023286
C-WEU-ITA,Zone_5C Cool Marine,rur,q2,perm,2065,0.007975200340184091
C-WEU-ITA,Zone_5C Cool Marine,rur,q2,perm,2070,0.007893805906671629
C-WEU-ITA,Zone_5C Cool Marine,rur,q2,perm,2075,0.007828740394377478
C-WEU-ITA,Zone_5C Cool Marine,rur,q2,perm,2080,0.007774380386653363
C-WEU-ITA,Zone_5C Cool Marine,rur,q2,perm,2085,0.007725542392033873
C-WEU-ITA,Zone_5C Cool Marine,rur,q2,perm,2090,0.0076749358717952635
C-WEU-ITA,Zone_5C Cool Marine,rur,q2,perm,2095,0.007623276651549732
C-WEU-ITA,Zone_5C Cool Marine,rur,q2,perm,2100,0.007572550366096628
C-WEU-ITA,Zone_5C Cool Marine,rur,q2,sub,2015,0.0
C-WEU-ITA,Zone_5C Cool Marine,rur,q2,sub,2020,0.0
C-WEU-ITA,Zone_5C Cool Marine,rur,q2,sub,2025,0.0
C-WEU-ITA,Zone_5C Cool Marine,rur,q2,sub,2030,0.0
C-WEU-ITA,Zone_5C Cool Marine,rur,q2,sub,2035,0.0
C-WEU-ITA,Zone_5C Cool Marine,rur,q2,sub,2040,0.0
C-WEU-ITA,Zone_5C Cool Marine,rur,q2,sub,2045,0.0
C-WEU-ITA,Zone_5C Cool Marine,rur,q2,sub,2050,0.0
C-WEU-ITA,Zone_5C Cool Marine,rur,q2,sub,2055,0.0
C-WEU-ITA,Zone_5C Cool Marine,rur,q2,sub,2060,0.0
C-WEU-ITA,Zone_5C Cool Marine,rur,q2,sub,2065,0.0
C-WEU-ITA,Zone_5C Cool Marine,rur,q2,sub,2070,0.0
C-WEU-ITA,Zone_5C Cool Marine,rur,q2,sub,2075,0.0
C-WEU-ITA,Zone_5C Cool Marine,rur,q2,sub,2080,0.0
C-WEU-ITA,Zone_5C Cool Marine,rur,q2,sub,2085,0.0
C-WEU-ITA,Zone_5C Cool Marine,rur,q2,sub,2090,0.0
C-WEU-ITA,Zone_5C Cool Marine,rur,q2,sub,2095,0.0
C-WEU-ITA,Zone_5C Cool Marine,rur,q2,sub,2100,0.0
C-WEU-ITA,Zone_5C Cool Marine,rur,q3,perm,2015,0.008993056237218832
C-WEU-ITA,Zone_5C Cool Marine,rur,q3,perm,2020,0.008993056237218832
C-WEU-ITA,Zone_5C Cool Marine,rur,q3,perm,2025,0.008852039774559195
C-WEU-ITA,Zone_5C Cool Marine,rur,q3,perm,2030,0.008724015257158291
C-WEU-ITA,Zone_5C Cool Marine,rur,q3,perm,2035,0.008605631456117313
C-WEU-ITA,Zone_5C Cool Marine,rur,q3,perm,2040,0.0084965654241862
C-WEU-ITA,Zone_5C Cool Marine,rur,q3,perm,2045,0.008391462135825489
C-WEU-ITA,Zone_5C Cool Marine,rur,q3,perm,2050,0.008285952216143738
C-WEU-ITA,Zone_5C Cool Marine,rur,q3,perm,2055,0.00817738234567197
C-WEU-ITA,Zone_5C Cool Marine,rur,q3,perm,2060,0.008071083374023286
C-WEU-ITA,Zone_5C Cool Marine,rur,q3,perm,2065,0.007975200340184091
C-WEU-ITA,Zone_5C Cool Marine,rur,q3,perm,2070,0.007893805906671629
C-WEU-ITA,Zone_5C Cool Marine,rur,q3,perm,2075,0.007828740394377478
C-WEU-ITA,Zone_5C Cool Marine,rur,q3,perm,2080,0.007774380386653363
C-WEU-ITA,Zone_5C Cool Marine,rur,q3,perm,2085,0.007725542392033873
C-WEU-ITA,Zone_5C Cool Marine,rur,q3,perm,2090,0.0076749358717952635
C-WEU-ITA,Zone_5C Cool Marine,rur,q3,perm,2095,0.007623276651549732
C-WEU-ITA,Zone_5C Cool Marine,rur,q3,perm,2100,0.007572550366096628
C-WEU-ITA,Zone_5C Cool Marine,rur,q3,sub,2015,0.0
C-WEU-ITA,Zone_5C Cool Marine,rur,q3,sub,2020,0.0
C-WEU-ITA,Zone_5C Cool Marine,rur,q3,sub,2025,0.0
C-WEU-ITA,Zone_5C Cool Marine,rur,q3,sub,2030,0.0
C-WEU-ITA,Zone_5C Cool Marine,rur,q3,sub,2035,0.0
C-WEU-ITA,Zone_5C Cool Marine,rur,q3,sub,2040,0.0
C-WEU-ITA,Zone_5C Cool Marine,rur,q3,sub,2045,0.0
C-WEU-ITA,Zone_5C Cool Marine,rur,q3,sub,2050,0.0
C-WEU-ITA,Zone_5C Cool Marine,rur,q3,sub,2055,0.0
C-WEU-ITA,Zone_5C Cool Marine,rur,q3,sub,2060,0.0
C-WEU-ITA,Zone_5C Cool Marine,rur,q3,sub,2065,0.0
C-WEU-ITA,Zone_5C Cool Marine,rur,q3,sub,2070,0.0
C-WEU-ITA,Zone_5C Cool Marine,rur,q3,sub,2075,0.0
C-WEU-ITA,Zone_5C Cool Marine,rur,q3,sub,2080,0.0
C-WEU-ITA,Zone_5C Cool Marine,rur,q3,sub,2085,0.0
C-WEU-ITA,Zone_5C Cool Marine,rur,q3,sub,2090,0.0
C-WEU-ITA,Zone_5C Cool Marine,rur,q3,sub,2095,0.0
C-WEU-ITA,Zone_5C Cool Marine,rur,q3,sub,2100,0.0
C-WEU-ITA,Zone_5C Cool Marine,urb,q1,perm,2015,0.009690778247543374
C-WEU-ITA,Zone_5C Cool Marine,urb,q1,perm,2020,0.009690778247543374
C-WEU-ITA,Zone_5C Cool Marine,urb,q1,perm,2025,0.009558874532999636
C-WEU-ITA,Zone_5C Cool Marine,urb,q1,perm,2030,0.009441205884906344
C-WEU-ITA,Zone_5C Cool Marine,urb,q1,perm,2035,0.009333442354649474
C-WEU-ITA,Zone_5C Cool Marine,urb,q1,perm,2040,0.00923517013833322
C-WEU-ITA,Zone_5C Cool Marine,urb,q1,perm,2045,0.00914025484167581
C-WEU-ITA,Zone_5C Cool Marine,urb,q1,perm,2050,0.009043530873934426
C-WEU-ITA,Zone_5C Cool Marine,urb,q1,perm,2055,0.008942226211444028
C-WEU-ITA,Zone_5C Cool Marine,urb,q1,perm,2060,0.008842487134927699
C-WEU-ITA,Zone_5C Cool Marine,urb,q1,perm,2065,0.00875376968051634
C-WEU-ITA,Zone_5C Cool Marine,urb,q1,perm,2070,0.008680894946845777
C-WEU-ITA,Zone_5C Cool Marine,urb,q1,perm,2075,0.008625846650358909
C-WEU-ITA,Zone_5C Cool Marine,urb,q1,perm,2080,0.008582102012927818
C-WEU-ITA,Zone_5C Cool Marine,urb,q1,perm,2085,0.008543465358209027
C-WEU-ITA,Zone_5C Cool Marine,urb,q1,perm,2090,0.008501737120726657
C-WEU-ITA,Zone_5C Cool Marine,urb,q1,perm,2095,0.008457669473344719
C-WEU-ITA,Zone_5C Cool Marine,urb,q1,perm,2100,0.00841369126135526
C-WEU-ITA,Zone_5C Cool Marine,urb,q1,sub,2015,0.0
C-WEU-ITA,Zone_5C Cool Marine,urb,q1,sub,2020,0.0
C-WEU-ITA,Zone_5C Cool Marine,urb,q1,sub,2025,0.0
C-WEU-ITA,Zone_5C Cool Marine,urb,q1,sub,2030,0.0
C-WEU-ITA,Zone_5C Cool Marine,urb,q1,sub,2035,0.0
C-WEU-ITA,Zone_5C Cool Marine,urb,q1,sub,2040,0.0
C-WEU-ITA,Zone_5C Cool Marine,urb,q1,sub,2045,0.0
C-WEU-ITA,Zone_5C Cool Marine,urb,q1,sub,2050,0.0
C-WEU-ITA,Zone_5C Cool Marine,urb,q1,sub,2055,0.0
C-WEU-ITA,Zone_5C Cool Marine,urb,q1,sub,2060,0.0
C-WEU-ITA,Zone_5C Cool Marine,urb,q1,sub,2065,0.0
C-WEU-ITA,Zone_5C Cool Marine,urb,q1,sub,2070,0.0
C-WEU-ITA,Zone_5C Cool Marine,urb,q1,sub,2075,0.0
C-WEU-ITA,Zone_5C Cool Marine,urb,q1,sub,2080,0.0
C-WEU-ITA,Zone_5C Cool Marine,urb,q1,sub,2085,0.0
C-WEU-ITA,Zone_5C Cool Marine,urb,q1,sub,2090,0.0
C-WEU-ITA,Zone_5C Cool Marine,urb,q1,sub,2095,0.0
C-WEU-ITA,Zone_5C Cool Marine,urb,q1,sub,2100,0.0
C-WEU-ITA,Zone_5C Cool Marine,urb,q2,perm,2015,0.009690778247543374
C-WEU-ITA,Zone_5C Cool Marine,urb,q2,perm,2020,0.009690778247543374
C-WEU-ITA,Zone_5C Cool Marine,urb,q2,perm,2025,0.009558874532999636
C-WEU-ITA,Zone_5C Cool Marine,urb,q2,perm,2030,0.009441205884906344
C-WEU-ITA,Zone_5C Cool Marine,urb,q2,perm,2035,0.009333442354649474
C-WEU-ITA,Zone_5C Cool Marine,urb,q2,perm,2040,0.00923517013833322
C-WEU-ITA,Zone_5C Cool Marine,urb,q2,perm,2045,0.00914025484167581
C-WEU-ITA,Zone_5C Cool Marine,urb,q2,perm,2050,0.009043530873934426
C-WEU-ITA,Zone_5C Cool Marine,urb,q2,perm,2055,0.008942226211444028
C-WEU-ITA,Zone_5C Cool Marine,urb,q2,perm,2060,0.008842487134927699
C-WEU-ITA,Zone_5C Cool Marine,urb,q2,perm,2065,0.00875376968051634
C-WEU-ITA,Zone_5C Cool Marine,urb,q2,perm,2070,0.008680894946845777
C-WEU-ITA,Zone_5C Cool Marine,urb,q2,perm,2075,0.008625846650358909
C-WEU-ITA,Zone_5C Cool Marine,urb,q2,perm,2080,0.008582102012927818
C-WEU-ITA,Zone_5C Cool Marine,urb,q2,perm,2085,0.008543465358209027
C-WEU-ITA,Zone_5C Cool Marine,urb,q2,perm,2090,0.008501737120726657
C-WEU-ITA,Zone_5C Cool Marine,urb,q2,perm,2095,0.008457669473344719
C-WEU-ITA,Zone_5C Cool Marine,urb,q2,perm,2100,0.00841369126135526
C-WEU-ITA,Zone_5C Cool Marine,urb,q2,sub,2015,0.0
C-WEU-ITA,Zone_5C Cool Marine,urb,q2,sub,2020,0.0
C-WEU-ITA,Zone_5C Cool Marine,urb,q2,sub,2025,0.0
C-WEU-ITA,Zone_5C Cool Marine,urb,q2,sub,2030,0.0
C-WEU-ITA,Zone_5C Cool Marine,urb,q2,sub,2035,0.0
C-WEU-ITA,Zone_5C Cool Marine,urb,q2,sub,2040,0.0
C-WEU-ITA,Zone_5C Cool Marine,urb,q2,sub,2045,0.0
C-WEU-ITA,Zone_5C Cool Marine,urb,q2,sub,2050,0.0
C-WEU-ITA,Zone_5C Cool Marine,urb,q2,sub,2055,0.0
C-WEU-ITA,Zone_5C Cool Marine,urb,q2,sub,2060,0.0
C-WEU-ITA,Zone_5C Cool Marine,urb,q2,sub,2065,0.0
C-WEU-ITA,Zone_5C Cool Marine,urb,q2,sub,2070,0.0
C-WEU-ITA,Zone_5C Cool Marine,urb,q2,sub,2075,0.0
C-WEU-ITA,Zone_5C Cool Marine,urb,q2,sub,2080,0.0
C-WEU-ITA,Zone_5C Cool Marine,urb,q2,sub,2085,0.0
C-WEU-ITA,Zone_5C Cool Marine,urb,q2,sub,2090,0.0
C-WEU-ITA,Zone_5C Cool Marine,urb,q2,sub,2095,0.0
C-WEU-ITA,Zone_5C Cool Marine,urb,q2,sub,2100,0.0
C-WEU-ITA,Zone_5C Cool Marine,urb,q3,perm,2015,0.009690778247543374
C-WEU-ITA,Zone_5C Cool Marine,urb,q3,perm,2020,0.009690778247543374
C-WEU-ITA,Zone_5C Cool Marine,urb,q3,perm,2025,0.009558874532999636
C-WEU-ITA,Zone_5C Cool Marine,urb,q3,perm,2030,0.009441205884906344
C-WEU-ITA,Zone_5C Cool Marine,urb,q3,perm,2035,0.009333442354649474
C-WEU-ITA,Zone_5C Cool Marine,urb,q3,perm,2040,0.00923517013833322
C-WEU-ITA,Zone_5C Cool Marine,urb,q3,perm,2045,0.00914025484167581
C-WEU-ITA,Zone_5C Cool Marine,urb,q3,perm,2050,0.009043530873934426
C-WEU-ITA,Zone_5C Cool Marine,urb,q3,perm,2055,0.008942226211444028
C-WEU-ITA,Zone_5C Cool Marine,urb,q3,perm,2060,0.008842487134927699
C-WEU-ITA,Zone_5C Cool Marine,urb,q3,perm,2065,0.00875376968051634
C-WEU-ITA,Zone_5C Cool Marine,urb,q3,perm,2070,0.008680894946845777
C-WEU-ITA,Zone_5C Cool Marine,urb,q3,perm,2075,0.008625846650358909
C-WEU-ITA,Zone_5C Cool Marine,urb,q3,perm,2080,0.008582102012927818
C-WEU-ITA,Zone_5C Cool Marine,urb,q3,perm,2085,0.008543465358209027
C-WEU-ITA,Zone_5C Cool Marine,urb,q3,perm,2090,0.008501737120726657
C-WEU-ITA,Zone_5C Cool Marine,urb,q3,perm,2095,0.008457669473344719
C-WEU-ITA,Zone_5C Cool Marine,urb,q3,perm,2100,0.00841369126135526
C-WEU-ITA,Zone_5C Cool Marine,urb,q3,sub,2015,0.0
C-WEU-ITA,Zone_5C Cool Marine,urb,q3,sub,2020,0.0
C-WEU-ITA,Zone_5C Cool Marine,urb,q3,sub,2025,0.0
C-WEU-ITA,Zone_5C Cool Marine,urb,q3,sub,2030,0.0
C-WEU-ITA,Zone_5C Cool Marine,urb,q3,sub,2035,0.0
C-WEU-ITA,Zone_5C Cool Marine,urb,q3,sub,2040,0.0
C-WEU-ITA,Zone_5C Cool Marine,urb,q3,sub,2045,0.0
C-WEU-ITA,Zone_5C Cool Marine,urb,q3,sub,2050,0.0
C-WEU-ITA,Zone_5C Cool Marine,urb,q3,sub,2055,0.0
C-WEU-ITA,Zone_5C Cool Marine,urb,q3,sub,2060,0.0
C-WEU-ITA,Zone_5C Cool Marine,urb,q3,sub,2065,0.0
C-WEU-ITA,Zone_5C Cool Marine,urb,q3,sub,2070,0.0
C-WEU-ITA,Zone_5C Cool Marine,urb,q3,sub,2075,0.0
C-WEU-ITA,Zone_5C Cool Marine,urb,q3,sub,2080,0.0
C-WEU-ITA,Zone_5C Cool Marine,urb,q3,sub,2085,0.0
C-WEU-ITA,Zone_5C Cool Marine,urb,q3,sub,2090,0.0
C-WEU-ITA,Zone_5C Cool Marine,urb,q3,sub,2095,0.0
C-WEU-ITA,Zone_5C Cool Marine,urb,q3,sub,2100,0.0
C-WEU-ITA,Zone_6A Cold Humid,rur,q1,perm,2015,0.0021450814419970267
C-WEU-ITA,Zone_6A Cold Humid,rur,q1,perm,2020,0.0021450814419970267
C-WEU-ITA,Zone_6A Cold Humid,rur,q1,perm,2025,0.0021227560769923963
C-WEU-ITA,Zone_6A Cold Humid,rur,q1,perm,2030,0.002107500438398724
C-WEU-ITA,Zone_6A Cold Humid,rur,q1,perm,2035,0.002094117572219336
C-WEU-ITA,Zone_6A Cold Humid,rur,q1,perm,2040,0.002080937102524087
C-WEU-ITA,Zone_6A Cold Humid,rur,q1,perm,2045,0.002068347516967046
C-WEU-ITA,Zone_6A Cold Humid,rur,q1,perm,2050,0.002054657581803582
C-WEU-ITA,Zone_6A Cold Humid,rur,q1,perm,2055,0.002040981555559192
C-WEU-ITA,Zone_6A Cold Humid,rur,q1,perm,2060,0.0020292650522857106
C-WEU-ITA,Zone_6A Cold Humid,rur,q1,perm,2065,0.0020210398369714814
C-WEU-ITA,Zone_6A Cold Humid,rur,q1,perm,2070,0.002018036267911511
C-WEU-ITA,Zone_6A Cold Humid,rur,q1,perm,2075,0.0020172149190759337
C-WEU-ITA,Zone_6A Cold Humid,rur,q1,perm,2080,0.0020183331243009074
C-WEU-ITA,Zone_6A Cold Humid,rur,q1,perm,2085,0.0020184311909366235
C-WEU-ITA,Zone_6A Cold Humid,rur,q1,perm,2090,0.002016332091233936
C-WEU-ITA,Zone_6A Cold Humid,rur,q1,perm,2095,0.0020132247503833554
C-WEU-ITA,Zone_6A Cold Humid,rur,q1,perm,2100,0.0020092132098212803
C-WEU-ITA,Zone_6A Cold Humid,rur,q1,sub,2015,0.0
C-WEU-ITA,Zone_6A Cold Humid,rur,q1,sub,2020,0.0
C-WEU-ITA,Zone_6A Cold Humid,rur,q1,sub,2025,0.0
C-WEU-ITA,Zone_6A Cold Humid,rur,q1,sub,2030,0.0
C-WEU-ITA,Zone_6A Cold Humid,rur,q1,sub,2035,0.0
C-WEU-ITA,Zone_6A Cold Humid,rur,q1,sub,2040,0.0
C-WEU-ITA,Zone_6A Cold Humid,rur,q1,sub,2045,0.0
C-WEU-ITA,Zone_6A Cold Humid,rur,q1,sub,2050,0.0
C-WEU-ITA,Zone_6A Cold Humid,rur,q1,sub,2055,0.0
C-WEU-ITA,Zone_6A Cold Humid,rur,q1,sub,2060,0.0
C-WEU-ITA,Zone_6A Cold Humid,rur,q1,sub,2065,0.0
C-WEU-ITA,Zone_6A Cold Humid,rur,q1,sub,2070,0.0
C-WEU-ITA,Zone_6A Cold Humid,rur,q1,sub,2075,0.0
C-WEU-ITA,Zone_6A Cold Humid,rur,q1,sub,2080,0.0
C-WEU-ITA,Zone_6A Cold Humid,rur,q1,sub,2085,0.0
C-WEU-ITA,Zone_6A Cold Humid,rur,q1,sub,2090,0.0
C-WEU-ITA,Zone_6A Cold Humid,rur,q1,sub,2095,0.0
C-WEU-ITA,Zone_6A Cold Humid,rur,q1,sub,2100,0.0
C-WEU-ITA,Zone_6A Cold Humid,rur,q2,perm,2015,0.0021450814419970267
C-WEU-ITA,Zone_6A Cold Humid,rur,q2,perm,2020,0.0021450814419970267
C-WEU-ITA,Zone_6A Cold Humid,rur,q2,perm,2025,0.0021227560769923963
C-WEU-ITA,Zone_6A Cold Humid,rur,q2,perm,2030,0.002107500438398724
C-WEU-ITA,Zone_6A Cold Humid,rur,q2,perm,2035,0.002094117572219336
C-WEU-ITA,Zone_6A Cold Humid,rur,q2,perm,2040,0.002080937102524087
C-WEU-ITA,Zone_6A Cold Humid,rur,q2,perm,2045,0.002068347516967046
C-WEU-ITA,Zone_6A Cold Humid,rur,q2,perm,2050,0.002054657581803582
C-WEU-ITA,Zone_6A Cold Humid,rur,q2,perm,2055,0.002040981555559192
C-WEU-ITA,Zone_6A Cold Humid,rur,q2,perm,2060,0.0020292650522857106
C-WEU-ITA,Zone_6A Cold Humid,rur,q2,perm,2065,0.0020210398369714814
C-WEU-ITA,Zone_6A Cold Humid,rur,q2,perm,2070,0.002018036267911511
C-WEU-ITA,Zone_6A Cold Humid,rur,q2,perm,2075,0.0020172149190759337
C-WEU-ITA,Zone_6A Cold Humid,rur,q2,perm,2080,0.0020183331243009074
C-WEU-ITA,Zone_6A Cold Humid,rur,q2,perm,2085,0.0020184311909366235
C-WEU-ITA,Zone_6A Cold Humid,rur,q2,perm,2090,0.002016332091233936
C-WEU-ITA,Zone_6A Cold Humid,rur,q2,perm,2095,0.0020132247503833554
C-WEU-ITA,Zone_6A Cold Humid,rur,q2,perm,2100,0.0020092132098212803
C-WEU-ITA,Zone_6A Cold Humid,rur,q2,sub,2015,0.0
C-WEU-ITA,Zone_6A Cold Humid,rur,q2,sub,2020,0.0
C-WEU-ITA,Zone_6A Cold Humid,rur,q2,sub,2025,0.0
C-WEU-ITA,Zone_6A Cold Humid,rur,q2,sub,2030,0.0
C-WEU-ITA,Zone_6A Cold Humid,rur,q2,sub,2035,0.0
C-WEU-ITA,Zone_6A Cold Humid,rur,q2,sub,2040,0.0
C-WEU-ITA,Zone_6A Cold Humid,rur,q2,sub,2045,0.0
C-WEU-ITA,Zone_6A Cold Humid,rur,q2,sub,2050,0.0
C-WEU-ITA,Zone_6A Cold Humid,rur,q2,sub,2055,0.0
C-WEU-ITA,Zone_6A Cold Humid,rur,q2,sub,2060,0.0
C-WEU-ITA,Zone_6A Cold Humid,rur,q2,sub,2065,0.0
C-WEU-ITA,Zone_6A Cold Humid,rur,q2,sub,2070,0.0
C-WEU-ITA,Zone_6A Cold Humid,rur,q2,sub,2075,0.0
C-WEU-ITA,Zone_6A Cold Humid,rur,q2,sub,2080,0.0
C-WEU-ITA,Zone_6A Cold Humid,rur,q2,sub,2085,0.0
C-WEU-ITA,Zone_6A Cold Humid,rur,q2,sub,2090,0.0
C-WEU-ITA,Zone_6A Cold Humid,rur,q2,sub,2095,0.0
C-WEU-ITA,Zone_6A Cold Humid,rur,q2,sub,2100,0.0
C-WEU-ITA,Zone_6A Cold Humid,rur,q3,perm,2015,0.0021450814419970267
C-WEU-ITA,Zone_6A Cold Humid,rur,q3,perm,2020,0.0021450814419970267
C-WEU-ITA,Zone_6A Cold Humid,rur,q3,perm,2025,0.0021227560769923963
C-WEU-ITA,Zone_6A Cold Humid,rur,q3,perm,2030,0.002107500438398724
C-WEU-ITA,Zone_6A Cold Humid,rur,q3,perm,2035,0.002094117572219336
C-WEU-ITA,Zone_6A Cold Humid,rur,q3,perm,2040,0.002080937102524087
C-WEU-ITA,Zone_6A Cold Humid,rur,q3,perm,2045,0.002068347516967046
C-WEU-ITA,Zone_6A Cold Humid,rur,q3,perm,2050,0.002054657581803582
C-WEU-ITA,Zone_6A Cold Humid,rur,q3,perm,2055,0.002040981555559192
C-WEU-ITA,Zone_6A Cold Humid,rur,q3,perm,2060,0.0020292650522857106
C-WEU-ITA,Zone_6A Cold Humid,rur,q3,perm,2065,0.0020210398369714814
C-WEU-ITA,Zone_6A Cold Humid,rur,q3,perm,2070,0.002018036267911511
C-WEU-ITA,Zone_6A Cold Humid,rur,q3,perm,2075,0.0020172149190759337
C-WEU-ITA,Zone_6A Cold Humid,rur,q3,perm,2080,0.0020183331243009074
C-WEU-ITA,Zone_6A Cold Humid,rur,q3,perm,2085,0.0020184311909366235
C-WEU-ITA,Zone_6A Cold Humid,rur,q3,perm,2090,0.002016332091233936
C-WEU-ITA,Zone_6A Cold Humid,rur,q3,perm,2095,0.0020132247503833554
C-WEU-ITA,Zone_6A Cold Humid,rur,q3,perm,2100,0.0020092132098212803
C-WEU-ITA,Zone_6A Cold Humid,rur,q3,sub,2015,0.0
C-WEU-ITA,Zone_6A Cold Humid,rur,q3,sub,2020,0.0
C-WEU-ITA,Zone_6A Cold Humid,rur,q3,sub,2025,0.0
C-WEU-ITA,Zone_6A Cold Humid,rur,q3,sub,2030,0.0
C-WEU-ITA,Zone_6A Cold Humid,rur,q3,sub,2035,0.0
C-WEU-ITA,Zone_6A Cold Humid,rur,q3,sub,2040,0.0
C-WEU-ITA,Zone_6A Cold Humid,rur,q3,sub,2045,0.0
C-WEU-ITA,Zone_6A Cold Humid,rur,q3,sub,2050,0.0
C-WEU-ITA,Zone_6A Cold Humid,rur,q3,sub,2055,0.0
C-WEU-ITA,Zone_6A Cold Humid,rur,q3,sub,2060,0.0
C-WEU-ITA,Zone_6A Cold Humid,rur,q3,sub,2065,0.0
C-WEU-ITA,Zone_6A Cold Humid,rur,q3,sub,2070,0.0
C-WEU-ITA,Zone_6A Cold Humid,rur,q3,sub,2075,0.0
C-WEU-ITA,Zone_6A Cold Humid,rur,q3,sub,2080,0.0
C-WEU-ITA,Zone_6A Cold Humid,rur,q3,sub,2085,0.0
C-WEU-ITA,Zone_6A Cold Humid,rur,q3,sub,2090,0.0
C-WEU-ITA,Zone_6A Cold Humid,rur,q3,sub,2095,0.0
C-WEU-ITA,Zone_6A Cold Humid,rur,q3,sub,2100,0.0
C-WEU-ITA,Zone_6A Cold Humid,urb,q1,perm,2015,0.002311506570067053
C-WEU-ITA,Zone_6A Cold Humid,urb,q1,perm,2020,0.002311506570067053
C-WEU-ITA,Zone_6A Cold Humid,urb,q1,perm,2025,0.0022922580016472276
C-WEU-ITA,Zone_6A Cold Humid,urb,q1,perm,2030,0.0022807554726737133
C-WEU-ITA,Zone_6A Cold Humid,urb,q1,perm,2035,0.002271225039537792
C-WEU-ITA,Zone_6A Cold Humid,urb,q1,perm,2040,0.00226183254403891
C-WEU-ITA,Zone_6A Cold Humid,urb,q1,perm,2045,0.002252911721488265
C-WEU-ITA,Zone_6A Cold Humid,urb,q1,perm,2050,0.002242513448267487
C-WEU-ITA,Zone_6A Cold Humid,urb,q1,perm,2055,0.0022318778787266593
C-WEU-ITA,Zone_6A Cold Humid,urb,q1,perm,2060,0.0022232145657108036
C-WEU-ITA,Zone_6A Cold Humid,urb,q1,perm,2065,0.002218341420071243
C-WEU-ITA,Zone_6A Cold Humid,urb,q1,perm,2070,0.0022192540642351688
C-WEU-ITA,Zone_6A Cold Humid,urb,q1,perm,2075,0.00222260359600912
C-WEU-ITA,Zone_6A Cold Humid,urb,q1,perm,2080,0.002228028461092338
C-WEU-ITA,Zone_6A Cold Humid,urb,q1,perm,2085,0.002232127672417809
C-WEU-ITA,Zone_6A Cold Humid,urb,q1,perm,2090,0.0022335464001403014
C-WEU-ITA,Zone_6A Cold Humid,urb,q1,perm,2095,0.0022335788523217214
C-WEU-ITA,Zone_6A Cold Humid,urb,q1,perm,2100,0.0022323918374129973
C-WEU-ITA,Zone_6A Cold Humid,urb,q1,sub,2015,0.0
C-WEU-ITA,Zone_6A Cold Humid,urb,q1,sub,2020,0.0
C-WEU-ITA,Zone_6A Cold Humid,urb,q1,sub,2025,0.0
C-WEU-ITA,Zone_6A Cold Humid,urb,q1,sub,2030,0.0
C-WEU-ITA,Zone_6A Cold Humid,urb,q1,sub,2035,0.0
C-WEU-ITA,Zone_6A Cold Humid,urb,q1,sub,2040,0.0
C-WEU-ITA,Zone_6A Cold Humid,urb,q1,sub,2045,0.0
C-WEU-ITA,Zone_6A Cold Humid,urb,q1,sub,2050,0.0
C-WEU-ITA,Zone_6A Cold Humid,urb,q1,sub,2055,0.0
C-WEU-ITA,Zone_6A Cold Humid,urb,q1,sub,2060,0.0
C-WEU-ITA,Zone_6A Cold Humid,urb,q1,sub,2065,0.0
C-WEU-ITA,Zone_6A Cold Humid,urb,q1,sub,2070,0.0
C-WEU-ITA,Zone_6A Cold Humid,urb,q1,sub,2075,0.0
C-WEU-ITA,Zone_6A Cold Humid,urb,q1,sub,2080,0.0
C-WEU-ITA,Zone_6A Cold Humid,urb,q1,sub,2085,0.0
C-WEU-ITA,Zone_6A Cold Humid,urb,q1,sub,2090,0.0
C-WEU-ITA,Zone_6A Cold Humid,urb,q1,sub,2095,0.0
C-WEU-ITA,Zone_6A Cold Humid,urb,q1,sub,2100,0.0
C-WEU-ITA,Zone_6A Cold Humid,urb,q2,perm,2015,0.002311506570067053
C-WEU-ITA,Zone_6A Cold Humid,urb,q2,perm,2020,0.002311506570067053
C-WEU-ITA,Zone_6A Cold Humid,urb,q2,perm,2025,0.0022922580016472276
C-WEU-ITA,Zone_6A Cold Humid,urb,q2,perm,2030,0.0022807554726737133
C-WEU-ITA,Zone_6A Cold Humid,urb,q2,perm,2035,0.002271225039537792
C-WEU-ITA,Zone_6A Cold Humid,urb,q2,perm,2040,0.00226183254403891
C-WEU-ITA,Zone_6A Cold Humid,urb,q2,perm,2045,0.002252911721488265
C-WEU-ITA,Zone_6A Cold Humid,urb,q2,perm,2050,0.002242513448267487
C-WEU-ITA,Zone_6A Cold Humid,urb,q2,perm,2055,0.0022318778787266593
C-WEU-ITA,Zone_6A Cold Humid,urb,q2,perm,2060,0.0022232145657108036
C-WEU-ITA,Zone_6A Cold Humid,urb,q2,perm,2065,0.002218341420071243
C-WEU-ITA,Zone_6A Cold Humid,urb,q2,perm,2070,0.0022192540642351688
C-WEU-ITA,Zone_6A Cold Humid,urb,q2,perm,2075,0.00222260359600912
C-WEU-ITA,Zone_6A Cold Humid,urb,q2,perm,2080,0.002228028461092338
C-WEU-ITA,Zone_6A Cold Humid,urb,q2,perm,2085,0.002232127672417809
C-WEU-ITA,Zone_6A Cold Humid,urb,q2,perm,2090,0.0022335464001403014
C-WEU-ITA,Zone_6A Cold Humid,urb,q2,perm,2095,0.0022335788523217214
C-WEU-ITA,Zone_6A Cold Humid,urb,q2,perm,2100,0.0022323918374129973
C-WEU-ITA,Zone_6A Cold Humid,urb,q2,sub,2015,0.0
C-WEU-ITA,Zone_6A Cold Humid,urb,q2,sub,2020,0.0
C-WEU-ITA,Zone_6A Cold Humid,urb,q2,sub,2025,0.0
C-WEU-ITA,Zone_6A Cold Humid,urb,q2,sub,2030,0.0
C-WEU-ITA,Zone_6A Cold Humid,urb,q2,sub,2035,0.0
C-WEU-ITA,Zone_6A Cold Humid,urb,q2,sub,2040,0.0
C-WEU-ITA,Zone_6A Cold Humid,urb,q2,sub,2045,0.0
C-WEU-ITA,Zone_6A Cold Humid,urb,q2,sub,2050,0.0
C-WEU-ITA,Zone_6A Cold Humid,urb,q2,sub,2055,0.0
C-WEU-ITA,Zone_6A Cold Humid,urb,q2,sub,2060,0.0
C-WEU-ITA,Zone_6A Cold Humid,urb,q2,sub,2065,0.0
C-WEU-ITA,Zone_6A Cold Humid,urb,q2,sub,2070,0.0
C-WEU-ITA,Zone_6A Cold Humid,urb,q2,sub,2075,0.0
C-WEU-ITA,Zone_6A Cold Humid,urb,q2,sub,2080,0.0
C-WEU-ITA,Zone_6A Cold Humid,urb,q2,sub,2085,0.0
C-WEU-ITA,Zone_6A Cold Humid,urb,q2,sub,2090,0.0
C-WEU-ITA,Zone_6A Cold Humid,urb,q2,sub,2095,0.0
C-WEU-ITA,Zone_6A Cold Humid,urb,q2,sub,2100,0.0
C-WEU-ITA,Zone_6A Cold Humid,urb,q3,perm,2015,0.002311506570067053
C-WEU-ITA,Zone_6A Cold Humid,urb,q3,perm,2020,0.002311506570067053
C-WEU-ITA,Zone_6A Cold Humid,urb,q3,perm,2025,0.0022922580016472276
C-WEU-ITA,Zone_6A Cold Humid,urb,q3,perm,2030,0.0022807554726737133
C-WEU-ITA,Zone_6A Cold Humid,urb,q3,perm,2035,0.002271225039537792
C-WEU-ITA,Zone_6A Cold Humid,urb,q3,perm,2040,0.00226183254403891
C-WEU-ITA,Zone_6A Cold Humid,urb,q3,perm,2045,0.002252911721488265
C-WEU-ITA,Zone_6A Cold Humid,urb,q3,perm,2050,0.002242513448267487
C-WEU-ITA,Zone_6A Cold Humid,urb,q3,perm,2055,0.0022318778787266593
C-WEU-ITA,Zone_6A Cold Humid,urb,q3,perm,2060,0.0022232145657108036
C-WEU-ITA,Zone_6A Cold Humid,urb,q3,perm,2065,0.002218341420071243
C-WEU-ITA,Zone_6A Cold Humid,urb,q3,perm,2070,0.0022192540642351688
C-WEU-ITA,Zone_6A Cold Humid,urb,q3,perm,2075,0.00222260359600912
C-WEU-ITA,Zone_6A Cold Humid,urb,q3,perm,2080,0.002228028461092338
C-WEU-ITA,Zone_6A Cold Humid,urb,q3,perm,2085,0.002232127672417809
C-WEU-ITA,Zone_6A Cold Humid,urb,q3,perm,2090,0.0022335464001403014
C-WEU-ITA,Zone_6A Cold Humid,urb,q3,perm,2095,0.0022335788523217214
C-WEU-ITA,Zone_6A Cold Humid,urb,q3,perm,2100,0.0022323918374129973
C-WEU-ITA,Zone_6A Cold Humid,urb,q3,sub,2015,0.0
C-WEU-ITA,Zone_6A Cold Humid,urb,q3,sub,2020,0.0
C-WEU-ITA,Zone_6A Cold Humid,urb,q3,sub,2025,0.0
C-WEU-ITA,Zone_6A Cold Humid,urb,q3,sub,2030,0.0
C-WEU-ITA,Zone_6A Cold Humid,urb,q3,sub,2035,0.0
C-WEU-ITA,Zone_6A Cold Humid,urb,q3,sub,2040,0.0
C-WEU-ITA,Zone_6A Cold Humid,urb,q3,sub,2045,0.0
C-WEU-ITA,Zone_6A Cold Humid,urb,q3,sub,2050,0.0
C-WEU-ITA,Zone_6A Cold Humid,urb,q3,sub,2055,0.0
C-WEU-ITA,Zone_6A Cold Humid,urb,q3,sub,2060,0.0
C-WEU-ITA,Zone_6A Cold Humid,urb,q3,sub,2065,0.0
C-WEU-ITA,Zone_6A Cold Humid,urb,q3,sub,2070,0.0
C-WEU-ITA,Zone_6A Cold Humid,urb,q3,sub,2075,0.0
C-WEU-ITA,Zone_6A Cold Humid,urb,q3,sub,2080,0.0
C-WEU-ITA,Zone_6A Cold Humid,urb,q3,sub,2085,0.0
C-WEU-ITA,Zone_6A Cold Humid,urb,q3,sub,2090,0.0
C-WEU-ITA,Zone_6A Cold Humid,urb,q3,sub,2095,0.0
C-WEU-ITA,Zone_6A Cold Humid,urb,q3,sub,2100,0.0
C-WEU-ITA,Zone_7A Very cold Humid,rur,q1,perm,2015,0.025733947008573572
C-WEU-ITA,Zone_7A Very cold Humid,rur,q1,perm,2020,0.025733947008573572
C-WEU-ITA,Zone_7A Very cold Humid,rur,q1,perm,2025,0.026063555258134318
C-WEU-ITA,Zone_7A Very cold Humid,rur,q1,perm,2030,0.026435920578612805
C-WEU-ITA,Zone_7A Very cold Humid,rur,q1,perm,2035,0.026793616381926136
C-WEU-ITA,Zone_7A Very cold Humid,rur,q1,perm,2040,0.027129451394232625
C-WEU-ITA,Zone_7A Very cold Humid,rur,q1,perm,2045,0.027455362447086514
C-WEU-ITA,Zone_7A Very cold Humid,rur,q1,perm,2050,0.027790734867141363
C-WEU-ITA,Zone_7A Very cold Humid,rur,q1,perm,2055,0.028149344858423322
C-WEU-ITA,Zone_7A Very cold Humid,rur,q1,perm,2060,0.028540774821186814
C-WEU-ITA,Zone_7A Very cold Humid,rur,q1,perm,2065,0.028968166232287623
C-WEU-ITA,Zone_7A Very cold Humid,rur,q1,perm,2070,0.029416256362005188
C-WEU-ITA,Zone_7A Very cold Humid,rur,q1,perm,2075,0.029860120783539064
C-WEU-ITA,Zone_7A Very cold Humid,rur,q1,perm,2080,0.030279638910059237
C-WEU-ITA,Zone_7A Very cold Humid,rur,q1,perm,2085,0.030676821773985185
C-WEU-ITA,Zone_7A Very cold Humid,rur,q1,perm,2090,0.031059607380786926
C-WEU-ITA,Zone_7A Very cold Humid,rur,q1,perm,2095,0.03143169106999588
C-WEU-ITA,Zone_7A Very cold Humid,rur,q1,perm,2100,0.03180504777729148
C-WEU-ITA,Zone_7A Very cold Humid,rur,q1,sub,2015,0.0
C-WEU-ITA,Zone_7A Very cold Humid,rur,q1,sub,2020,0.0
C-WEU-ITA,Zone_7A Very cold Humid,rur,q1,sub,2025,0.0
C-WEU-ITA,Zone_7A Very cold Humid,rur,q1,sub,2030,0.0
C-WEU-ITA,Zone_7A Very cold Humid,rur,q1,sub,2035,0.0
C-WEU-ITA,Zone_7A Very cold Humid,rur,q1,sub,2040,0.0
C-WEU-ITA,Zone_7A Very cold Humid,rur,q1,sub,2045,0.0
C-WEU-ITA,Zone_7A Very cold Humid,rur,q1,sub,2050,0.0
C-WEU-ITA,Zone_7A Very cold Humid,rur,q1,sub,2055,0.0
C-WEU-ITA,Zone_7A Very cold Humid,rur,q1,sub,2060,0.0
C-WEU-ITA,Zone_7A Very cold Humid,rur,q1,sub,2065,0.0
C-WEU-ITA,Zone_7A Very cold Humid,rur,q1,sub,2070,0.0
C-WEU-ITA,Zone_7A Very cold Humid,rur,q1,sub,2075,0.0
C-WEU-ITA,Zone_7A Very cold Humid,rur,q1,sub,2080,0.0
C-WEU-ITA,Zone_7A Very cold Humid,rur,q1,sub,2085,0.0
C-WEU-ITA,Zone_7A Very cold Humid,rur,q1,sub,2090,0.0
C-WEU-ITA,Zone_7A Very cold Humid,rur,q1,sub,2095,0.0
C-WEU-ITA,Zone_7A Very cold Humid,rur,q1,sub,2100,0.0
C-WEU-ITA,Zone_7A Very cold Humid,rur,q2,perm,2015,0.025733947008573572
C-WEU-ITA,Zone_7A Very cold Humid,rur,q2,perm,2020,0.025733947008573572
C-WEU-ITA,Zone_7A Very cold Humid,rur,q2,perm,2025,0.026063555258134318
C-WEU-ITA,Zone_7A Very cold Humid,rur,q2,perm,2030,0.026435920578612805
C-WEU-ITA,Zone_7A Very cold Humid,rur,q2,perm,2035,0.026793616381926136
C-WEU-ITA,Zone_7A Very cold Humid,rur,q2,perm,2040,0.027129451394232625
C-WEU-ITA,Zone_7A Very cold Humid,rur,q2,perm,2045,0.027455362447086514
C-WEU-ITA,Zone_7A Very cold Humid,rur,q2,perm,2050,0.027790734867141363
C-WEU-ITA,Zone_7A Very cold Humid,rur,q2,perm,2055,0.028149344858423322
C-WEU-ITA,Zone_7A Very cold Humid,rur,q2,perm,2060,0.028540774821186814
C-WEU-ITA,Zone_7A Very cold Humid,rur,q2,perm,2065,0.028968166232287623
C-WEU-ITA,Zone_7A Very cold Humid,rur,q2,perm,2070,0.029416256362005188
C-WEU-ITA,Zone_7A Very cold Humid,rur,q2,perm,2075,0.029860120783539064
C-WEU-ITA,Zone_7A Very cold Humid,rur,q2,perm,2080,0.030279638910059237
C-WEU-ITA,Zone_7A Very cold Humid,rur,q2,perm,2085,0.030676821773985185
C-WEU-ITA,Zone_7A Very cold Humid,rur,q2,perm,2090,0.031059607380786926
C-WEU-ITA,Zone_7A Very cold Humid,rur,q2,perm,2095,0.03143169106999588
C-WEU-ITA,Zone_7A Very cold Humid,rur,q2,perm,2100,0.03180504777729148
C-WEU-ITA,Zone_7A Very cold Humid,rur,q2,sub,2015,0.0
C-WEU-ITA,Zone_7A Very cold Humid,rur,q2,sub,2020,0.0
C-WEU-ITA,Zone_7A Very cold Humid,rur,q2,sub,2025,0.0
C-WEU-ITA,Zone_7A Very cold Humid,rur,q2,sub,2030,0.0
C-WEU-ITA,Zone_7A Very cold Humid,rur,q2,sub,2035,0.0
C-WEU-ITA,Zone_7A Very cold Humid,rur,q2,sub,2040,0.0
C-WEU-ITA,Zone_7A Very cold Humid,rur,q2,sub,2045,0.0
C-WEU-ITA,Zone_7A Very cold Humid,rur,q2,sub,2050,0.0
C-WEU-ITA,Zone_7A Very cold Humid,rur,q2,sub,2055,0.0
C-WEU-ITA,Zone_7A Very cold Humid,rur,q2,sub,2060,0.0
C-WEU-ITA,Zone_7A Very cold Humid,rur,q2,sub,2065,0.0
C-WEU-ITA,Zone_7A Very cold Humid,rur,q2,sub,2070,0.0
C-WEU-ITA,Zone_7A Very cold Humid,rur,q2,sub,2075,0.0
C-WEU-ITA,Zone_7A Very cold Humid,rur,q2,sub,2080,0.0
C-WEU-ITA,Zone_7A Very cold Humid,rur,q2,sub,2085,0.0
C-WEU-ITA,Zone_7A Very cold Humid,rur,q2,sub,2090,0.0
C-WEU-ITA,Zone_7A Very cold Humid,rur,q2,sub,2095,0.0
C-WEU-ITA,Zone_7A Very cold Humid,rur,q2,sub,2100,0.0
C-WEU-ITA,Zone_7A Very cold Humid,rur,q3,perm,2015,0.025733947008573572
C-WEU-ITA,Zone_7A Very cold Humid,rur,q3,perm,2020,0.025733947008573572
C-WEU-ITA,Zone_7A Very cold Humid,rur,q3,perm,2025,0.026063555258134318
C-WEU-ITA,Zone_7A Very cold Humid,rur,q3,perm,2030,0.026435920578612805
C-WEU-ITA,Zone_7A Very cold Humid,rur,q3,perm,2035,0.026793616381926136
C-WEU-ITA,Zone_7A Very cold Humid,rur,q3,perm,2040,0.027129451394232625
C-WEU-ITA,Zone_7A Very cold Humid,rur,q3,perm,2045,0.027455362447086514
C-WEU-ITA,Zone_7A Very cold Humid,rur,q3,perm,2050,0.027790734867141363
C-WEU-ITA,Zone_7A Very cold Humid,rur,q3,perm,2055,0.028149344858423322
C-WEU-ITA,Zone_7A Very cold Humid,rur,q3,perm,2060,0.028540774821186814
C-WEU-ITA,Zone_7A Very cold Humid,rur,q3,perm,2065,0.028968166232287623
C-WEU-ITA,Zone_7A Very cold Humid,rur,q3,perm,2070,0.029416256362005188
C-WEU-ITA,Zone_7A Very cold Humid,rur,q3,perm,2075,0.029860120783539064
C-WEU-ITA,Zone_7A Very cold Humid,rur,q3,perm,2080,0.030279638910059237
C-WEU-ITA,Zone_7A Very cold Humid,rur,q3,perm,2085,0.030676821773985185
C-WEU-ITA,Zone_7A Very cold Humid,rur,q3,perm,2090,0.031059607380786926
C-WEU-ITA,Zone_7A Very cold Humid,rur,q3,perm,2095,0.03143169106999588
C-WEU-ITA,Zone_7A Very cold Humid,rur,q3,perm,2100,0.03180504777729148
C-WEU-ITA,Zone_7A Very cold Humid,rur,q3,sub,2015,0.0
C-WEU-ITA,Zone_7A Very cold Humid,rur,q3,sub,2020,0.0
C-WEU-ITA,Zone_7A Very cold Humid,rur,q3,sub,2025,0.0
C-WEU-ITA,Zone_7A Very cold Humid,rur,q3,sub,2030,0.0
C-WEU-ITA,Zone_7A Very cold Humid,rur,q3,sub,2035,0.0
C-WEU-ITA,Zone_7A Very cold Humid,rur,q3,sub,2040,0.0
C-WEU-ITA,Zone_7A Very cold Humid,rur,q3,sub,2045,0.0
C-WEU-ITA,Zone_7A Very cold Humid,rur,q3,sub,2050,0.0
C-WEU-ITA,Zone_7A Very cold Humid,rur,q3,sub,2055,0.0
C-WEU-ITA,Zone_7A Very cold Humid,rur,q3,sub,2060,0.0
C-WEU-ITA,Zone_7A Very cold Humid,rur,q3,sub,2065,0.0
C-WEU-ITA,Zone_7A Very cold Humid,rur,q3,sub,2070,0.0
C-WEU-ITA,Zone_7A Very cold Humid,rur,q3,sub,2075,0.0
C-WEU-ITA,Zone_7A Very cold Humid,rur,q3,sub,2080,0.0
C-WEU-ITA,Zone_7A Very cold Humid,rur,q3,sub,2085,0.0
C-WEU-ITA,Zone_7A Very cold Humid,rur,q3,sub,2090,0.0
C-WEU-ITA,Zone_7A Very cold Humid,rur,q3,sub,2095,0.0
C-WEU-ITA,Zone_7A Very cold Humid,rur,q3,sub,2100,0.0
C-WEU-ITA,Zone_7A Very cold Humid,urb,q1,perm,2015,0.027730503103274476
C-WEU-ITA,Zone_7A Very cold Humid,urb,q1,perm,2020,0.027730503103274476
C-WEU-ITA,Zone_7A Very cold Humid,urb,q1,perm,2025,0.02814472832718551
C-WEU-ITA,Zone_7A Very cold Humid,urb,q1,perm,2030,0.02860918528712142
C-WEU-ITA,Zone_7A Very cold Humid,urb,q1,perm,2035,0.029059654163499225
C-WEU-ITA,Zone_7A Very cold Humid,urb,q1,perm,2040,0.02948780911780912
C-WEU-ITA,Zone_7A Very cold Humid,urb,q1,perm,2045,0.02990527818335443
C-WEU-ITA,Zone_7A Very cold Humid,urb,q1,perm,2050,0.03033162178882142
C-WEU-ITA,Zone_7A Very cold Humid,urb,q1,perm,2055,0.030782198848901352
C-WEU-ITA,Zone_7A Very cold Humid,urb,q1,perm,2060,0.031268594621320395
C-WEU-ITA,Zone_7A Very cold Humid,urb,q1,perm,2065,0.03179614861668829
C-WEU-ITA,Zone_7A Very cold Humid,urb,q1,perm,2070,0.032349342538588094
C-WEU-ITA,Zone_7A Very cold Humid,urb,q1,perm,2075,0.03290041690806177
C-WEU-ITA,Zone_7A Very cold Humid,urb,q1,perm,2080,0.033425551248671276
C-WEU-ITA,Zone_7A Very cold Humid,urb,q1,perm,2085,0.03392465549036956
C-WEU-ITA,Zone_7A Very cold Humid,urb,q1,perm,2090,0.03440557959511194
C-WEU-ITA,Zone_7A Very cold Humid,urb,q1,perm,2095,0.03487199352843421
C-WEU-ITA,Zone_7A Very cold Humid,urb,q1,perm,2100,0.035337876886082725
C-WEU-ITA,Zone_7A Very cold Humid,urb,q1,sub,2015,0.0
C-WEU-ITA,Zone_7A Very cold Humid,urb,q1,sub,2020,0.0
C-WEU-ITA,Zone_7A Very cold Humid,urb,q1,sub,2025,0.0
C-WEU-ITA,Zone_7A Very cold Humid,urb,q1,sub,2030,0.0
C-WEU-ITA,Zone_7A Very cold Humid,urb,q1,sub,2035,0.0
C-WEU-ITA,Zone_7A Very cold Humid,urb,q1,sub,2040,0.0
C-WEU-ITA,Zone_7A Very cold Humid,urb,q1,sub,2045,0.0
C-WEU-ITA,Zone_7A Very cold Humid,urb,q1,sub,2050,0.0
C-WEU-ITA,Zone_7A Very cold Humid,urb,q1,sub,2055,0.0
C-WEU-ITA,Zone_7A Very cold Humid,urb,q1,sub,2060,0.0
C-WEU-ITA,Zone_7A Very cold Humid,urb,q1,sub,2065,0.0
C-WEU-ITA,Zone_7A Very cold Humid,urb,q1,sub,2070,0.0
C-WEU-ITA,Zone_7A Very cold Humid,urb,q1,sub,2075,0.0
C-WEU-ITA,Zone_7A Very cold Humid,urb,q1,sub,2080,0.0
C-WEU-ITA,Zone_7A Very cold Humid,urb,q1,sub,2085,0.0
C-WEU-ITA,Zone_7A Very cold Humid,urb,q1,sub,2090,0.0
C-WEU-ITA,Zone_7A Very cold Humid,urb,q1,sub,2095,0.0
C-WEU-ITA,Zone_7A Very cold Humid,urb,q1,sub,2100,0.0
C-WEU-ITA,Zone_7A Very cold Humid,urb,q2,perm,2015,0.027730503103274476
C-WEU-ITA,Zone_7A Very cold Humid,urb,q2,perm,2020,0.027730503103274476
C-WEU-ITA,Zone_7A Very cold Humid,urb,q2,perm,2025,0.02814472832718551
C-WEU-ITA,Zone_7A Very cold Humid,urb,q2,perm,2030,0.02860918528712142
C-WEU-ITA,Zone_7A Very cold Humid,urb,q2,perm,2035,0.029059654163499225
C-WEU-ITA,Zone_7A Very cold Humid,urb,q2,perm,2040,0.02948780911780912
C-WEU-ITA,Zone_7A Very cold Humid,urb,q2,perm,2045,0.02990527818335443
C-WEU-ITA,Zone_7A Very cold Humid,urb,q2,perm,2050,0.03033162178882142
C-WEU-ITA,Zone_7A Very cold Humid,urb,q2,perm,2055,0.030782198848901352
C-WEU-ITA,Zone_7A Very cold Humid,urb,q2,perm,2060,0.031268594621320395
C-WEU-ITA,Zone_7A Very cold Humid,urb,q2,perm,2065,0.03179614861668829
C-WEU-ITA,Zone_7A Very cold Humid,urb,q2,perm,2070,0.032349342538588094
C-WEU-ITA,Zone_7A Very cold Humid,urb,q2,perm,2075,0.03290041690806177
C-WEU-ITA,Zone_7A Very cold Humid,urb,q2,perm,2080,0.033425551248671276
C-WEU-ITA,Zone_7A Very cold Humid,urb,q2,perm,2085,0.03392465549036956
C-WEU-ITA,Zone_7A Very cold Humid,urb,q2,perm,2090,0.03440557959511194
C-WEU-ITA,Zone_7A Very cold Humid,urb,q2,perm,2095,0.03487199352843421
C-WEU-ITA,Zone_7A Very cold Humid,urb,q2,perm,2100,0.035337876886082725
C-WEU-ITA,Zone_7A Very cold Humid,urb,q2,sub,2015,0.0
C-WEU-ITA,Zone_7A Very cold Humid,urb,q2,sub,2020,0.0
C-WEU-ITA,Zone_7A Very cold Humid,urb,q2,sub,2025,0.0
C-WEU-ITA,Zone_7A Very cold Humid,urb,q2,sub,2030,0.0
C-WEU-ITA,Zone_7A Very cold Humid,urb,q2,sub,2035,0.0
C-WEU-ITA,Zone_7A Very cold Humid,urb,q2,sub,2040,0.0
C-WEU-ITA,Zone_7A Very cold Humid,urb,q2,sub,2045,0.0
C-WEU-ITA,Zone_7A Very cold Humid,urb,q2,sub,2050,0.0
C-WEU-ITA,Zone_7A Very cold Humid,urb,q2,sub,2055,0.0
C-WEU-ITA,Zone_7A Very cold Humid,urb,q2,sub,2060,0.0
C-WEU-ITA,Zone_7A Very cold Humid,urb,q2,sub,2065,0.0
C-WEU-ITA,Zone_7A Very cold Humid,urb,q2,sub,2070,0.0
C-WEU-ITA,Zone_7A Very cold Humid,urb,q2,sub,2075,0.0
C-WEU-ITA,Zone_7A Very cold Humid,urb,q2,sub,2080,0.0
C-WEU-ITA,Zone_7A Very cold Humid,urb,q2,sub,2085,0.0
C-WEU-ITA,Zone_7A Very cold Humid,urb,q2,sub,2090,0.0
C-WEU-ITA,Zone_7A Very cold Humid,urb,q2,sub,2095,0.0
C-WEU-ITA,Zone_7A Very cold Humid,urb,q2,sub,2100,0.0
C-WEU-ITA,Zone_7A Very cold Humid,urb,q3,perm,2015,0.027730503103274476
C-WEU-ITA,Zone_7A Very cold Humid,urb,q3,perm,2020,0.027730503103274476
C-WEU-ITA,Zone_7A Very cold Humid,urb,q3,perm,2025,0.02814472832718551
C-WEU-ITA,Zone_7A Very cold Humid,urb,q3,perm,2030,0.02860918528712142
C-WEU-ITA,Zone_7A Very cold Humid,urb,q3,perm,2035,0.029059654163499225
C-WEU-ITA,Zone_7A Very cold Humid,urb,q3,perm,2040,0.02948780911780912
C-WEU-ITA,Zone_7A Very cold Humid,urb,q3,perm,2045,0.02990527818335443
C-WEU-ITA,Zone_7A Very cold Humid,urb,q3,perm,2050,0.03033162178882142
C-WEU-ITA,Zone_7A Very cold Humid,urb,q3,perm,2055,0.030782198848901352
C-WEU-ITA,Zone_7A Very cold Humid,urb,q3,perm,2060,0.031268594621320395
C-WEU-ITA,Zone_7A Very cold Humid,urb,q3,perm,2065,0.03179614861668829
C-WEU-ITA,Zone_7A Very cold Humid,urb,q3,perm,2070,0.032349342538588094
C-WEU-ITA,Zone_7A Very cold Humid,urb,q3,perm,2075,0.03290041690806177
C-WEU-ITA,Zone_7A Very cold Humid,urb,q3,perm,2080,0.033425551248671276
C-WEU-ITA,Zone_7A Very cold Humid,urb,q3,perm,2085,0.03392465549036956
C-WEU-ITA,Zone_7A Very cold Humid,urb,q3,perm,2090,0.03440557959511194
C-WEU-ITA,Zone_7A Very cold Humid,urb,q3,perm,2095,0.03487199352843421
C-WEU-ITA,Zone_7A Very cold Humid,urb,q3,perm,2100,0.035337876886082725
C-WEU-ITA,Zone_7A Very cold Humid,urb,q3,sub,2015,0.0
C-WEU-ITA,Zone_7A Very cold Humid,urb,q3,sub,2020,0.0
C-WEU-ITA,Zone_7A Very cold Humid,urb,q3,sub,2025,0.0
C-WEU-ITA,Zone_7A Very cold Humid,urb,q3,sub,2030,0.0
C-WEU-ITA,Zone_7A Very cold Humid,urb,q3,sub,2035,0.0
C-WEU-ITA,Zone_7A Very cold Humid,urb,q3,sub,2040,0.0
C-WEU-ITA,Zone_7A Very cold Humid,urb,q3,sub,2045,0.0
C-WEU-ITA,Zone_7A Very cold Humid,urb,q3,sub,2050,0.0
C-WEU-ITA,Zone_7A Very cold Humid,urb,q3,sub,2055,0.0
C-WEU-ITA,Zone_7A Very cold Humid,urb,q3,sub,2060,0.0
C-WEU-ITA,Zone_7A Very cold Humid,urb,q3,sub,2065,0.0
C-WEU-ITA,Zone_7A Very cold Humid,urb,q3,sub,2070,0.0
C-WEU-ITA,Zone_7A Very cold Humid,urb,q3,sub,2075,0.0
C-WEU-ITA,Zone_7A Very cold Humid,urb,q3,sub,2080,0.0
C-WEU-ITA,Zone_7A Very cold Humid,urb,q3,sub,2085,0.0
C-WEU-ITA,Zone_7A Very cold Humid,urb,q3,sub,2090,0.0
C-WEU-ITA,Zone_7A Very cold Humid,urb,q3,sub,2095,0.0
C-WEU-ITA,Zone_7A Very cold Humid,urb,q3,sub,2100,0.0
C-WEU-LUX,Zone_5A Cool Humid,rur,q1,perm,2015,1.0
C-WEU-LUX,Zone_5A Cool Humid,rur,q1,perm,2020,1.0
C-WEU-LUX,Zone_5A Cool Humid,rur,q1,perm,2025,1.0
C-WEU-LUX,Zone_5A Cool Humid,rur,q1,perm,2030,1.0
C-WEU-LUX,Zone_5A Cool Humid,rur,q1,perm,2035,1.0
C-WEU-LUX,Zone_5A Cool Humid,rur,q1,perm,2040,1.0
C-WEU-LUX,Zone_5A Cool Humid,rur,q1,perm,2045,1.0
C-WEU-LUX,Zone_5A Cool Humid,rur,q1,perm,2050,1.0
C-WEU-LUX,Zone_5A Cool Humid,rur,q1,perm,2055,1.0
C-WEU-LUX,Zone_5A Cool Humid,rur,q1,perm,2060,1.0
C-WEU-LUX,Zone_5A Cool Humid,rur,q1,perm,2065,1.0
C-WEU-LUX,Zone_5A Cool Humid,rur,q1,perm,2070,1.0
C-WEU-LUX,Zone_5A Cool Humid,rur,q1,perm,2075,1.0
C-WEU-LUX,Zone_5A Cool Humid,rur,q1,perm,2080,1.0
C-WEU-LUX,Zone_5A Cool Humid,rur,q1,perm,2085,1.0
C-WEU-LUX,Zone_5A Cool Humid,rur,q1,perm,2090,1.0
C-WEU-LUX,Zone_5A Cool Humid,rur,q1,perm,2095,1.0
C-WEU-LUX,Zone_5A Cool Humid,rur,q1,perm,2100,1.0
C-WEU-LUX,Zone_5A Cool Humid,rur,q1,sub,2015,0.0
C-WEU-LUX,Zone_5A Cool Humid,rur,q1,sub,2020,0.0
C-WEU-LUX,Zone_5A Cool Humid,rur,q1,sub,2025,0.0
C-WEU-LUX,Zone_5A Cool Humid,rur,q1,sub,2030,0.0
C-WEU-LUX,Zone_5A Cool Humid,rur,q1,sub,2035,0.0
C-WEU-LUX,Zone_5A Cool Humid,rur,q1,sub,2040,0.0
C-WEU-LUX,Zone_5A Cool Humid,rur,q1,sub,2045,0.0
C-WEU-LUX,Zone_5A Cool Humid,rur,q1,sub,2050,0.0
C-WEU-LUX,Zone_5A Cool Humid,rur,q1,sub,2055,0.0
C-WEU-LUX,Zone_5A Cool Humid,rur,q1,sub,2060,0.0
C-WEU-LUX,Zone_5A Cool Humid,rur,q1,sub,2065,0.0
C-WEU-LUX,Zone_5A Cool Humid,rur,q1,sub,2070,0.0
C-WEU-LUX,Zone_5A Cool Humid,rur,q1,sub,2075,0.0
C-WEU-LUX,Zone_5A Cool Humid,rur,q1,sub,2080,0.0
C-WEU-LUX,Zone_5A Cool Humid,rur,q1,sub,2085,0.0
C-WEU-LUX,Zone_5A Cool Humid,rur,q1,sub,2090,0.0
C-WEU-LUX,Zone_5A Cool Humid,rur,q1,sub,2095,0.0
C-WEU-LUX,Zone_5A Cool Humid,rur,q1,sub,2100,0.0
C-WEU-LUX,Zone_5A Cool Humid,rur,q2,perm,2015,1.0
C-WEU-LUX,Zone_5A Cool Humid,rur,q2,perm,2020,1.0
C-WEU-LUX,Zone_5A Cool Humid,rur,q2,perm,2025,1.0
C-WEU-LUX,Zone_5A Cool Humid,rur,q2,perm,2030,1.0
C-WEU-LUX,Zone_5A Cool Humid,rur,q2,perm,2035,1.0
C-WEU-LUX,Zone_5A Cool Humid,rur,q2,perm,2040,1.0
C-WEU-LUX,Zone_5A Cool Humid,rur,q2,perm,2045,1.0
C-WEU-LUX,Zone_5A Cool Humid,rur,q2,perm,2050,1.0
C-WEU-LUX,Zone_5A Cool Humid,rur,q2,perm,2055,1.0
C-WEU-LUX,Zone_5A Cool Humid,rur,q2,perm,2060,1.0
C-WEU-LUX,Zone_5A Cool Humid,rur,q2,perm,2065,1.0
C-WEU-LUX,Zone_5A Cool Humid,rur,q2,perm,2070,1.0
C-WEU-LUX,Zone_5A Cool Humid,rur,q2,perm,2075,1.0
C-WEU-LUX,Zone_5A Cool Humid,rur,q2,perm,2080,1.0
C-WEU-LUX,Zone_5A Cool Humid,rur,q2,perm,2085,1.0
C-WEU-LUX,Zone_5A Cool Humid,rur,q2,perm,2090,1.0
C-WEU-LUX,Zone_5A Cool Humid,rur,q2,perm,2095,1.0
C-WEU-LUX,Zone_5A Cool Humid,rur,q2,perm,2100,1.0
C-WEU-LUX,Zone_5A Cool Humid,rur,q2,sub,2015,0.0
C-WEU-LUX,Zone_5A Cool Humid,rur,q2,sub,2020,0.0
C-WEU-LUX,Zone_5A Cool Humid,rur,q2,sub,2025,0.0
C-WEU-LUX,Zone_5A Cool Humid,rur,q2,sub,2030,0.0
C-WEU-LUX,Zone_5A Cool Humid,rur,q2,sub,2035,0.0
C-WEU-LUX,Zone_5A Cool Humid,rur,q2,sub,2040,0.0
C-WEU-LUX,Zone_5A Cool Humid,rur,q2,sub,2045,0.0
C-WEU-LUX,Zone_5A Cool Humid,rur,q2,sub,2050,0.0
C-WEU-LUX,Zone_5A Cool Humid,rur,q2,sub,2055,0.0
C-WEU-LUX,Zone_5A Cool Humid,rur,q2,sub,2060,0.0
C-WEU-LUX,Zone_5A Cool Humid,rur,q2,sub,2065,0.0
C-WEU-LUX,Zone_5A Cool Humid,rur,q2,sub,2070,0.0
C-WEU-LUX,Zone_5A Cool Humid,rur,q2,sub,2075,0.0
C-WEU-LUX,Zone_5A Cool Humid,rur,q2,sub,2080,0.0
C-WEU-LUX,Zone_5A Cool Humid,rur,q2,sub,2085,0.0
C-WEU-LUX,Zone_5A Cool Humid,rur,q2,sub,2090,0.0
C-WEU-LUX,Zone_5A Cool Humid,rur,q2,sub,2095,0.0
C-WEU-LUX,Zone_5A Cool Humid,rur,q2,sub,2100,0.0
C-WEU-LUX,Zone_5A Cool Humid,rur,q3,perm,2015,1.0
C-WEU-LUX,Zone_5A Cool Humid,rur,q3,perm,2020,1.0
C-WEU-LUX,Zone_5A Cool Humid,rur,q3,perm,2025,1.0
C-WEU-LUX,Zone_5A Cool Humid,rur,q3,perm,2030,1.0
C-WEU-LUX,Zone_5A Cool Humid,rur,q3,perm,2035,1.0
C-WEU-LUX,Zone_5A Cool Humid,rur,q3,perm,2040,1.0
C-WEU-LUX,Zone_5A Cool Humid,rur,q3,perm,2045,1.0
C-WEU-LUX,Zone_5A Cool Humid,rur,q3,perm,2050,1.0
C-WEU-LUX,Zone_5A Cool Humid,rur,q3,perm,2055,1.0
C-WEU-LUX,Zone_5A Cool Humid,rur,q3,perm,2060,1.0
C-WEU-LUX,Zone_5A Cool Humid,rur,q3,perm,2065,1.0
C-WEU-LUX,Zone_5A Cool Humid,rur,q3,perm,2070,1.0
C-WEU-LUX,Zone_5A Cool Humid,rur,q3,perm,2075,1.0
C-WEU-LUX,Zone_5A Cool Humid,rur,q3,perm,2080,1.0
C-WEU-LUX,Zone_5A Cool Humid,rur,q3,perm,2085,1.0
C-WEU-LUX,Zone_5A Cool Humid,rur,q3,perm,2090,1.0
C-WEU-LUX,Zone_5A Cool Humid,rur,q3,perm,2095,1.0
C-WEU-LUX,Zone_5A Cool Humid,rur,q3,perm,2100,1.0
C-WEU-LUX,Zone_5A Cool Humid,rur,q3,sub,2015,0.0
C-WEU-LUX,Zone_5A Cool Humid,rur,q3,sub,2020,0.0
C-WEU-LUX,Zone_5A Cool Humid,rur,q3,sub,2025,0.0
C-WEU-LUX,Zone_5A Cool Humid,rur,q3,sub,2030,0.0
C-WEU-LUX,Zone_5A Cool Humid,rur,q3,sub,2035,0.0
C-WEU-LUX,Zone_5A Cool Humid,rur,q3,sub,2040,0.0
C-WEU-LUX,Zone_5A Cool Humid,rur,q3,sub,2045,0.0
C-WEU-LUX,Zone_5A Cool Humid,rur,q3,sub,2050,0.0
C-WEU-LUX,Zone_5A Cool Humid,rur,q3,sub,2055,0.0
C-WEU-LUX,Zone_5A Cool Humid,rur,q3,sub,2060,0.0
C-WEU-LUX,Zone_5A Cool Humid,rur,q3,sub,2065,0.0
C-WEU-LUX,Zone_5A Cool Humid,rur,q3,sub,2070,0.0
C-WEU-LUX,Zone_5A Cool Humid,rur,q3,sub,2075,0.0
C-WEU-LUX,Zone_5A Cool Humid,rur,q3,sub,2080,0.0
C-WEU-LUX,Zone_5A Cool Humid,rur,q3,sub,2085,0.0
C-WEU-LUX,Zone_5A Cool Humid,rur,q3,sub,2090,0.0
C-WEU-LUX,Zone_5A Cool Humid,rur,q3,sub,2095,0.0
C-WEU-LUX,Zone_5A Cool Humid,rur,q3,sub,2100,0.0
C-WEU-LUX,Zone_5A Cool Humid,urb,q1,perm,2015,1.0
C-WEU-LUX,Zone_5A Cool Humid,urb,q1,perm,2020,1.0
C-WEU-LUX,Zone_5A Cool Humid,urb,q1,perm,2025,1.0
C-WEU-LUX,Zone_5A Cool Humid,urb,q1,perm,2030,1.0
C-WEU-LUX,Zone_5A Cool Humid,urb,q1,perm,2035,1.0
C-WEU-LUX,Zone_5A Cool Humid,urb,q1,perm,2040,1.0
C-WEU-LUX,Zone_5A Cool Humid,urb,q1,perm,2045,1.0
C-WEU-LUX,Zone_5A Cool Humid,urb,q1,perm,2050,1.0
C-WEU-LUX,Zone_5A Cool Humid,urb,q1,perm,2055,1.0
C-WEU-LUX,Zone_5A Cool Humid,urb,q1,perm,2060,1.0
C-WEU-LUX,Zone_5A Cool Humid,urb,q1,perm,2065,1.0
C-WEU-LUX,Zone_5A Cool Humid,urb,q1,perm,2070,1.0
C-WEU-LUX,Zone_5A Cool Humid,urb,q1,perm,2075,1.0
C-WEU-LUX,Zone_5A Cool Humid,urb,q1,perm,2080,1.0
C-WEU-LUX,Zone_5A Cool Humid,urb,q1,perm,2085,1.0
C-WEU-LUX,Zone_5A Cool Humid,urb,q1,perm,2090,1.0
C-WEU-LUX,Zone_5A Cool Humid,urb,q1,perm,2095,1.0
C-WEU-LUX,Zone_5A Cool Humid,urb,q1,perm,2100,1.0
C-WEU-LUX,Zone_5A Cool Humid,urb,q1,sub,2015,0.0
C-WEU-LUX,Zone_5A Cool Humid,urb,q1,sub,2020,0.0
C-WEU-LUX,Zone_5A Cool Humid,urb,q1,sub,2025,0.0
C-WEU-LUX,Zone_5A Cool Humid,urb,q1,sub,2030,0.0
C-WEU-LUX,Zone_5A Cool Humid,urb,q1,sub,2035,0.0
C-WEU-LUX,Zone_5A Cool Humid,urb,q1,sub,2040,0.0
C-WEU-LUX,Zone_5A Cool Humid,urb,q1,sub,2045,0.0
C-WEU-LUX,Zone_5A Cool Humid,urb,q1,sub,2050,0.0
C-WEU-LUX,Zone_5A Cool Humid,urb,q1,sub,2055,0.0
C-WEU-LUX,Zone_5A Cool Humid,urb,q1,sub,2060,0.0
C-WEU-LUX,Zone_5A Cool Humid,urb,q1,sub,2065,0.0
C-WEU-LUX,Zone_5A Cool Humid,urb,q1,sub,2070,0.0
C-WEU-LUX,Zone_5A Cool Humid,urb,q1,sub,2075,0.0
C-WEU-LUX,Zone_5A Cool Humid,urb,q1,sub,2080,0.0
C-WEU-LUX,Zone_5A Cool Humid,urb,q1,sub,2085,0.0
C-WEU-LUX,Zone_5A Cool Humid,urb,q1,sub,2090,0.0
C-WEU-LUX,Zone_5A Cool Humid,urb,q1,sub,2095,0.0
C-WEU-LUX,Zone_5A Cool Humid,urb,q1,sub,2100,0.0
C-WEU-LUX,Zone_5A Cool Humid,urb,q2,perm,2015,1.0
C-WEU-LUX,Zone_5A Cool Humid,urb,q2,perm,2020,1.0
C-WEU-LUX,Zone_5A Cool Humid,urb,q2,perm,2025,1.0
C-WEU-LUX,Zone_5A Cool Humid,urb,q2,perm,2030,1.0
C-WEU-LUX,Zone_5A Cool Humid,urb,q2,perm,2035,1.0
C-WEU-LUX,Zone_5A Cool Humid,urb,q2,perm,2040,1.0
C-WEU-LUX,Zone_5A Cool Humid,urb,q2,perm,2045,1.0
C-WEU-LUX,Zone_5A Cool Humid,urb,q2,perm,2050,1.0
C-WEU-LUX,Zone_5A Cool Humid,urb,q2,perm,2055,1.0
C-WEU-LUX,Zone_5A Cool Humid,urb,q2,perm,2060,1.0
C-WEU-LUX,Zone_5A Cool Humid,urb,q2,perm,2065,1.0
C-WEU-LUX,Zone_5A Cool Humid,urb,q2,perm,2070,1.0
C-WEU-LUX,Zone_5A Cool Humid,urb,q2,perm,2075,1.0
C-WEU-LUX,Zone_5A Cool Humid,urb,q2,perm,2080,1.0
C-WEU-LUX,Zone_5A Cool Humid,urb,q2,perm,2085,1.0
C-WEU-LUX,Zone_5A Cool Humid,urb,q2,perm,2090,1.0
C-WEU-LUX,Zone_5A Cool Humid,urb,q2,perm,2095,1.0
C-WEU-LUX,Zone_5A Cool Humid,urb,q2,perm,2100,1.0
C-WEU-LUX,Zone_5A Cool Humid,urb,q2,sub,2015,0.0
C-WEU-LUX,Zone_5A Cool Humid,urb,q2,sub,2020,0.0
C-WEU-LUX,Zone_5A Cool Humid,urb,q2,sub,2025,0.0
C-WEU-LUX,Zone_5A Cool Humid,urb,q2,sub,2030,0.0
C-WEU-LUX,Zone_5A Cool Humid,urb,q2,sub,2035,0.0
C-WEU-LUX,Zone_5A Cool Humid,urb,q2,sub,2040,0.0
C-WEU-LUX,Zone_5A Cool Humid,urb,q2,sub,2045,0.0
C-WEU-LUX,Zone_5A Cool Humid,urb,q2,sub,2050,0.0
C-WEU-LUX,Zone_5A Cool Humid,urb,q2,sub,2055,0.0
C-WEU-LUX,Zone_5A Cool Humid,urb,q2,sub,2060,0.0
C-WEU-LUX,Zone_5A Cool Humid,urb,q2,sub,2065,0.0
C-WEU-LUX,Zone_5A Cool Humid,urb,q2,sub,2070,0.0
C-WEU-LUX,Zone_5A Cool Humid,urb,q2,sub,2075,0.0
C-WEU-LUX,Zone_5A Cool Humid,urb,q2,sub,2080,0.0
C-WEU-LUX,Zone_5A Cool Humid,urb,q2,sub,2085,0.0
C-WEU-LUX,Zone_5A Cool Humid,urb,q2,sub,2090,0.0
C-WEU-LUX,Zone_5A Cool Humid,urb,q2,sub,2095,0.0
C-WEU-LUX,Zone_5A Cool Humid,urb,q2,sub,2100,0.0
C-WEU-LUX,Zone_5A Cool Humid,urb,q3,perm,2015,1.0
C-WEU-LUX,Zone_5A Cool Humid,urb,q3,perm,2020,1.0
C-WEU-LUX,Zone_5A Cool Humid,urb,q3,perm,2025,1.0
C-WEU-LUX,Zone_5A Cool Humid,urb,q3,perm,2030,1.0
C-WEU-LUX,Zone_5A Cool Humid,urb,q3,perm,2035,1.0
C-WEU-LUX,Zone_5A Cool Humid,urb,q3,perm,2040,1.0
C-WEU-LUX,Zone_5A Cool Humid,urb,q3,perm,2045,1.0
C-WEU-LUX,Zone_5A Cool Humid,urb,q3,perm,2050,1.0
C-WEU-LUX,Zone_5A Cool Humid,urb,q3,perm,2055,1.0
C-WEU-LUX,Zone_5A Cool Humid,urb,q3,perm,2060,1.0
C-WEU-LUX,Zone_5A Cool Humid,urb,q3,perm,2065,1.0
C-WEU-LUX,Zone_5A Cool Humid,urb,q3,perm,2070,1.0
C-WEU-LUX,Zone_5A Cool Humid,urb,q3,perm,2075,1.0
C-WEU-LUX,Zone_5A Cool Humid,urb,q3,perm,2080,1.0
C-WEU-LUX,Zone_5A Cool Humid,urb,q3,perm,2085,1.0
C-WEU-LUX,Zone_5A Cool Humid,urb,q3,perm,2090,1.0
C-WEU-LUX,Zone_5A Cool Humid,urb,q3,perm,2095,1.0
C-WEU-LUX,Zone_5A Cool Humid,urb,q3,perm,2100,1.0
C-WEU-LUX,Zone_5A Cool Humid,urb,q3,sub,2015,0.0
C-WEU-LUX,Zone_5A Cool Humid,urb,q3,sub,2020,0.0
C-WEU-LUX,Zone_5A Cool Humid,urb,q3,sub,2025,0.0
C-WEU-LUX,Zone_5A Cool Humid,urb,q3,sub,2030,0.0
C-WEU-LUX,Zone_5A Cool Humid,urb,q3,sub,2035,0.0
C-WEU-LUX,Zone_5A Cool Humid,urb,q3,sub,2040,0.0
C-WEU-LUX,Zone_5A Cool Humid,urb,q3,sub,2045,0.0
C-WEU-LUX,Zone_5A Cool Humid,urb,q3,sub,2050,0.0
C-WEU-LUX,Zone_5A Cool Humid,urb,q3,sub,2055,0.0
C-WEU-LUX,Zone_5A Cool Humid,urb,q3,sub,2060,0.0
C-WEU-LUX,Zone_5A Cool Humid,urb,q3,sub,2065,0.0
C-WEU-LUX,Zone_5A Cool Humid,urb,q3,sub,2070,0.0
C-WEU-LUX,Zone_5A Cool Humid,urb,q3,sub,2075,0.0
C-WEU-LUX,Zone_5A Cool Humid,urb,q3,sub,2080,0.0
C-WEU-LUX,Zone_5A Cool Humid,urb,q3,sub,2085,0.0
C-WEU-LUX,Zone_5A Cool Humid,urb,q3,sub,2090,0.0
C-WEU-LUX,Zone_5A Cool Humid,urb,q3,sub,2095,0.0
C-WEU-LUX,Zone_5A Cool Humid,urb,q3,sub,2100,0.0
C-WEU-MLT,Zone_3A Warm Humid,rur,q1,perm,2015,1.0
C-WEU-MLT,Zone_3A Warm Humid,rur,q1,perm,2020,1.0
C-WEU-MLT,Zone_3A Warm Humid,rur,q1,perm,2025,1.0
C-WEU-MLT,Zone_3A Warm Humid,rur,q1,perm,2030,1.0
C-WEU-MLT,Zone_3A Warm Humid,rur,q1,perm,2035,1.0
C-WEU-MLT,Zone_3A Warm Humid,rur,q1,perm,2040,1.0
C-WEU-MLT,Zone_3A Warm Humid,rur,q1,perm,2045,1.0
C-WEU-MLT,Zone_3A Warm Humid,rur,q1,perm,2050,1.0
C-WEU-MLT,Zone_3A Warm Humid,rur,q1,perm,2055,1.0
C-WEU-MLT,Zone_3A Warm Humid,rur,q1,perm,2060,1.0
C-WEU-MLT,Zone_3A Warm Humid,rur,q1,perm,2065,1.0
C-WEU-MLT,Zone_3A Warm Humid,rur,q1,perm,2070,1.0
C-WEU-MLT,Zone_3A Warm Humid,rur,q1,perm,2075,1.0
C-WEU-MLT,Zone_3A Warm Humid,rur,q1,perm,2080,1.0
C-WEU-MLT,Zone_3A Warm Humid,rur,q1,perm,2085,1.0
C-WEU-MLT,Zone_3A Warm Humid,rur,q1,perm,2090,1.0
C-WEU-MLT,Zone_3A Warm Humid,rur,q1,perm,2095,1.0
C-WEU-MLT,Zone_3A Warm Humid,rur,q1,perm,2100,1.0
C-WEU-MLT,Zone_3A Warm Humid,rur,q1,sub,2015,0.0
C-WEU-MLT,Zone_3A Warm Humid,rur,q1,sub,2020,0.0
C-WEU-MLT,Zone_3A Warm Humid,rur,q1,sub,2025,0.0
C-WEU-MLT,Zone_3A Warm Humid,rur,q1,sub,2030,0.0
C-WEU-MLT,Zone_3A Warm Humid,rur,q1,sub,2035,0.0
C-WEU-MLT,Zone_3A Warm Humid,rur,q1,sub,2040,0.0
C-WEU-MLT,Zone_3A Warm Humid,rur,q1,sub,2045,0.0
C-WEU-MLT,Zone_3A Warm Humid,rur,q1,sub,2050,0.0
C-WEU-MLT,Zone_3A Warm Humid,rur,q1,sub,2055,0.0
C-WEU-MLT,Zone_3A Warm Humid,rur,q1,sub,2060,0.0
C-WEU-MLT,Zone_3A Warm Humid,rur,q1,sub,2065,0.0
C-WEU-MLT,Zone_3A Warm Humid,rur,q1,sub,2070,0.0
C-WEU-MLT,Zone_3A Warm Humid,rur,q1,sub,2075,0.0
C-WEU-MLT,Zone_3A Warm Humid,rur,q1,sub,2080,0.0
C-WEU-MLT,Zone_3A Warm Humid,rur,q1,sub,2085,0.0
C-WEU-MLT,Zone_3A Warm Humid,rur,q1,sub,2090,0.0
C-WEU-MLT,Zone_3A Warm Humid,rur,q1,sub,2095,0.0
C-WEU-MLT,Zone_3A Warm Humid,rur,q1,sub,2100,0.0
C-WEU-MLT,Zone_3A Warm Humid,rur,q2,perm,2015,1.0
C-WEU-MLT,Zone_3A Warm Humid,rur,q2,perm,2020,1.0
C-WEU-MLT,Zone_3A Warm Humid,rur,q2,perm,2025,1.0
C-WEU-MLT,Zone_3A Warm Humid,rur,q2,perm,2030,1.0
C-WEU-MLT,Zone_3A Warm Humid,rur,q2,perm,2035,1.0
C-WEU-MLT,Zone_3A Warm Humid,rur,q2,perm,2040,1.0
C-WEU-MLT,Zone_3A Warm Humid,rur,q2,perm,2045,1.0
C-WEU-MLT,Zone_3A Warm Humid,rur,q2,perm,2050,1.0
C-WEU-MLT,Zone_3A Warm Humid,rur,q2,perm,2055,1.0
C-WEU-MLT,Zone_3A Warm Humid,rur,q2,perm,2060,1.0
C-WEU-MLT,Zone_3A Warm Humid,rur,q2,perm,2065,1.0
C-WEU-MLT,Zone_3A Warm Humid,rur,q2,perm,2070,1.0
C-WEU-MLT,Zone_3A Warm Humid,rur,q2,perm,2075,1.0
C-WEU-MLT,Zone_3A Warm Humid,rur,q2,perm,2080,1.0
C-WEU-MLT,Zone_3A Warm Humid,rur,q2,perm,2085,1.0
C-WEU-MLT,Zone_3A Warm Humid,rur,q2,perm,2090,1.0
C-WEU-MLT,Zone_3A Warm Humid,rur,q2,perm,2095,1.0
C-WEU-MLT,Zone_3A Warm Humid,rur,q2,perm,2100,1.0
C-WEU-MLT,Zone_3A Warm Humid,rur,q2,sub,2015,0.0
C-WEU-MLT,Zone_3A Warm Humid,rur,q2,sub,2020,0.0
C-WEU-MLT,Zone_3A Warm Humid,rur,q2,sub,2025,0.0
C-WEU-MLT,Zone_3A Warm Humid,rur,q2,sub,2030,0.0
C-WEU-MLT,Zone_3A Warm Humid,rur,q2,sub,2035,0.0
C-WEU-MLT,Zone_3A Warm Humid,rur,q2,sub,2040,0.0
C-WEU-MLT,Zone_3A Warm Humid,rur,q2,sub,2045,0.0
C-WEU-MLT,Zone_3A Warm Humid,rur,q2,sub,2050,0.0
C-WEU-MLT,Zone_3A Warm Humid,rur,q2,sub,2055,0.0
C-WEU-MLT,Zone_3A Warm Humid,rur,q2,sub,2060,0.0
C-WEU-MLT,Zone_3A Warm Humid,rur,q2,sub,2065,0.0
C-WEU-MLT,Zone_3A Warm Humid,rur,q2,sub,2070,0.0
C-WEU-MLT,Zone_3A Warm Humid,rur,q2,sub,2075,0.0
C-WEU-MLT,Zone_3A Warm Humid,rur,q2,sub,2080,0.0
C-WEU-MLT,Zone_3A Warm Humid,rur,q2,sub,2085,0.0
C-WEU-MLT,Zone_3A Warm Humid,rur,q2,sub,2090,0.0
C-WEU-MLT,Zone_3A Warm Humid,rur,q2,sub,2095,0.0
C-WEU-MLT,Zone_3A Warm Humid,rur,q2,sub,2100,0.0
C-WEU-MLT,Zone_3A Warm Humid,rur,q3,perm,2015,1.0
C-WEU-MLT,Zone_3A Warm Humid,rur,q3,perm,2020,1.0
C-WEU-MLT,Zone_3A Warm Humid,rur,q3,perm,2025,1.0
C-WEU-MLT,Zone_3A Warm Humid,rur,q3,perm,2030,1.0
C-WEU-MLT,Zone_3A Warm Humid,rur,q3,perm,2035,1.0
C-WEU-MLT,Zone_3A Warm Humid,rur,q3,perm,2040,1.0
C-WEU-MLT,Zone_3A Warm Humid,rur,q3,perm,2045,1.0
C-WEU-MLT,Zone_3A Warm Humid,rur,q3,perm,2050,1.0
C-WEU-MLT,Zone_3A Warm Humid,rur,q3,perm,2055,1.0
C-WEU-MLT,Zone_3A Warm Humid,rur,q3,perm,2060,1.0
C-WEU-MLT,Zone_3A Warm Humid,rur,q3,perm,2065,1.0
C-WEU-MLT,Zone_3A Warm Humid,rur,q3,perm,2070,1.0
C-WEU-MLT,Zone_3A Warm Humid,rur,q3,perm,2075,1.0
C-WEU-MLT,Zone_3A Warm Humid,rur,q3,perm,2080,1.0
C-WEU-MLT,Zone_3A Warm Humid,rur,q3,perm,2085,1.0
C-WEU-MLT,Zone_3A Warm Humid,rur,q3,perm,2090,1.0
C-WEU-MLT,Zone_3A Warm Humid,rur,q3,perm,2095,1.0
C-WEU-MLT,Zone_3A Warm Humid,rur,q3,perm,2100,1.0
C-WEU-MLT,Zone_3A Warm Humid,rur,q3,sub,2015,0.0
C-WEU-MLT,Zone_3A Warm Humid,rur,q3,sub,2020,0.0
C-WEU-MLT,Zone_3A Warm Humid,rur,q3,sub,2025,0.0
C-WEU-MLT,Zone_3A Warm Humid,rur,q3,sub,2030,0.0
C-WEU-MLT,Zone_3A Warm Humid,rur,q3,sub,2035,0.0
C-WEU-MLT,Zone_3A Warm Humid,rur,q3,sub,2040,0.0
C-WEU-MLT,Zone_3A Warm Humid,rur,q3,sub,2045,0.0
C-WEU-MLT,Zone_3A Warm Humid,rur,q3,sub,2050,0.0
C-WEU-MLT,Zone_3A Warm Humid,rur,q3,sub,2055,0.0
C-WEU-MLT,Zone_3A Warm Humid,rur,q3,sub,2060,0.0
C-WEU-MLT,Zone_3A Warm Humid,rur,q3,sub,2065,0.0
C-WEU-MLT,Zone_3A Warm Humid,rur,q3,sub,2070,0.0
C-WEU-MLT,Zone_3A Warm Humid,rur,q3,sub,2075,0.0
C-WEU-MLT,Zone_3A Warm Humid,rur,q3,sub,2080,0.0
C-WEU-MLT,Zone_3A Warm Humid,rur,q3,sub,2085,0.0
C-WEU-MLT,Zone_3A Warm Humid,rur,q3,sub,2090,0.0
C-WEU-MLT,Zone_3A Warm Humid,rur,q3,sub,2095,0.0
C-WEU-MLT,Zone_3A Warm Humid,rur,q3,sub,2100,0.0
C-WEU-MLT,Zone_3A Warm Humid,urb,q1,perm,2015,1.0
C-WEU-MLT,Zone_3A Warm Humid,urb,q1,perm,2020,1.0
C-WEU-MLT,Zone_3A Warm Humid,urb,q1,perm,2025,1.0
C-WEU-MLT,Zone_3A Warm Humid,urb,q1,perm,2030,1.0
C-WEU-MLT,Zone_3A Warm Humid,urb,q1,perm,2035,1.0
C-WEU-MLT,Zone_3A Warm Humid,urb,q1,perm,2040,1.0
C-WEU-MLT,Zone_3A Warm Humid,urb,q1,perm,2045,1.0
C-WEU-MLT,Zone_3A Warm Humid,urb,q1,perm,2050,1.0
C-WEU-MLT,Zone_3A Warm Humid,urb,q1,perm,2055,1.0
C-WEU-MLT,Zone_3A Warm Humid,urb,q1,perm,2060,1.0
C-WEU-MLT,Zone_3A Warm Humid,urb,q1,perm,2065,1.0
C-WEU-MLT,Zone_3A Warm Humid,urb,q1,perm,2070,1.0
C-WEU-MLT,Zone_3A Warm Humid,urb,q1,perm,2075,1.0
C-WEU-MLT,Zone_3A Warm Humid,urb,q1,perm,2080,1.0
C-WEU-MLT,Zone_3A Warm Humid,urb,q1,perm,2085,1.0
C-WEU-MLT,Zone_3A Warm Humid,urb,q1,perm,2090,1.0
C-WEU-MLT,Zone_3A Warm Humid,urb,q1,perm,2095,1.0
C-WEU-MLT,Zone_3A Warm Humid,urb,q1,perm,2100,1.0
C-WEU-MLT,Zone_3A Warm Humid,urb,q1,sub,2015,0.0
C-WEU-MLT,Zone_3A Warm Humid,urb,q1,sub,2020,0.0
C-WEU-MLT,Zone_3A Warm Humid,urb,q1,sub,2025,0.0
C-WEU-MLT,Zone_3A Warm Humid,urb,q1,sub,2030,0.0
C-WEU-MLT,Zone_3A Warm Humid,urb,q1,sub,2035,0.0
C-WEU-MLT,Zone_3A Warm Humid,urb,q1,sub,2040,0.0
C-WEU-MLT,Zone_3A Warm Humid,urb,q1,sub,2045,0.0
C-WEU-MLT,Zone_3A Warm Humid,urb,q1,sub,2050,0.0
C-WEU-MLT,Zone_3A Warm Humid,urb,q1,sub,2055,0.0
C-WEU-MLT,Zone_3A Warm Humid,urb,q1,sub,2060,0.0
C-WEU-MLT,Zone_3A Warm Humid,urb,q1,sub,2065,0.0
C-WEU-MLT,Zone_3A Warm Humid,urb,q1,sub,2070,0.0
C-WEU-MLT,Zone_3A Warm Humid,urb,q1,sub,2075,0.0
C-WEU-MLT,Zone_3A Warm Humid,urb,q1,sub,2080,0.0
C-WEU-MLT,Zone_3A Warm Humid,urb,q1,sub,2085,0.0
C-WEU-MLT,Zone_3A Warm Humid,urb,q1,sub,2090,0.0
C-WEU-MLT,Zone_3A Warm Humid,urb,q1,sub,2095,0.0
C-WEU-MLT,Zone_3A Warm Humid,urb,q1,sub,2100,0.0
C-WEU-MLT,Zone_3A Warm Humid,urb,q2,perm,2015,1.0
C-WEU-MLT,Zone_3A Warm Humid,urb,q2,perm,2020,1.0
C-WEU-MLT,Zone_3A Warm Humid,urb,q2,perm,2025,1.0
C-WEU-MLT,Zone_3A Warm Humid,urb,q2,perm,2030,1.0
C-WEU-MLT,Zone_3A Warm Humid,urb,q2,perm,2035,1.0
C-WEU-MLT,Zone_3A Warm Humid,urb,q2,perm,2040,1.0
C-WEU-MLT,Zone_3A Warm Humid,urb,q2,perm,2045,1.0
C-WEU-MLT,Zone_3A Warm Humid,urb,q2,perm,2050,1.0
C-WEU-MLT,Zone_3A Warm Humid,urb,q2,perm,2055,1.0
C-WEU-MLT,Zone_3A Warm Humid,urb,q2,perm,2060,1.0
C-WEU-MLT,Zone_3A Warm Humid,urb,q2,perm,2065,1.0
C-WEU-MLT,Zone_3A Warm Humid,urb,q2,perm,2070,1.0
C-WEU-MLT,Zone_3A Warm Humid,urb,q2,perm,2075,1.0
C-WEU-MLT,Zone_3A Warm Humid,urb,q2,perm,2080,1.0
C-WEU-MLT,Zone_3A Warm Humid,urb,q2,perm,2085,1.0
C-WEU-MLT,Zone_3A Warm Humid,urb,q2,perm,2090,1.0
C-WEU-MLT,Zone_3A Warm Humid,urb,q2,perm,2095,1.0
C-WEU-MLT,Zone_3A Warm Humid,urb,q2,perm,2100,1.0
C-WEU-MLT,Zone_3A Warm Humid,urb,q2,sub,2015,0.0
C-WEU-MLT,Zone_3A Warm Humid,urb,q2,sub,2020,0.0
C-WEU-MLT,Zone_3A Warm Humid,urb,q2,sub,2025,0.0
C-WEU-MLT,Zone_3A Warm Humid,urb,q2,sub,2030,0.0
C-WEU-MLT,Zone_3A Warm Humid,urb,q2,sub,2035,0.0
C-WEU-MLT,Zone_3A Warm Humid,urb,q2,sub,2040,0.0
C-WEU-MLT,Zone_3A Warm Humid,urb,q2,sub,2045,0.0
C-WEU-MLT,Zone_3A Warm Humid,urb,q2,sub,2050,0.0
C-WEU-MLT,Zone_3A Warm Humid,urb,q2,sub,2055,0.0
C-WEU-MLT,Zone_3A Warm Humid,urb,q2,sub,2060,0.0
C-WEU-MLT,Zone_3A Warm Humid,urb,q2,sub,2065,0.0
C-WEU-MLT,Zone_3A Warm Humid,urb,q2,sub,2070,0.0
C-WEU-MLT,Zone_3A Warm Humid,urb,q2,sub,2075,0.0
C-WEU-MLT,Zone_3A Warm Humid,urb,q2,sub,2080,0.0
C-WEU-MLT,Zone_3A Warm Humid,urb,q2,sub,2085,0.0
C-WEU-MLT,Zone_3A Warm Humid,urb,q2,sub,2090,0.0
C-WEU-MLT,Zone_3A Warm Humid,urb,q2,sub,2095,0.0
C-WEU-MLT,Zone_3A Warm Humid,urb,q2,sub,2100,0.0
C-WEU-MLT,Zone_3A Warm Humid,urb,q3,perm,2015,1.0
C-WEU-MLT,Zone_3A Warm Humid,urb,q3,perm,2020,1.0
C-WEU-MLT,Zone_3A Warm Humid,urb,q3,perm,2025,1.0
C-WEU-MLT,Zone_3A Warm Humid,urb,q3,perm,2030,1.0
C-WEU-MLT,Zone_3A Warm Humid,urb,q3,perm,2035,1.0
C-WEU-MLT,Zone_3A Warm Humid,urb,q3,perm,2040,1.0
C-WEU-MLT,Zone_3A Warm Humid,urb,q3,perm,2045,1.0
C-WEU-MLT,Zone_3A Warm Humid,urb,q3,perm,2050,1.0
C-WEU-MLT,Zone_3A Warm Humid,urb,q3,perm,2055,1.0
C-WEU-MLT,Zone_3A Warm Humid,urb,q3,perm,2060,1.0
C-WEU-MLT,Zone_3A Warm Humid,urb,q3,perm,2065,1.0
C-WEU-MLT,Zone_3A Warm Humid,urb,q3,perm,2070,1.0
C-WEU-MLT,Zone_3A Warm Humid,urb,q3,perm,2075,1.0
C-WEU-MLT,Zone_3A Warm Humid,urb,q3,perm,2080,1.0
C-WEU-MLT,Zone_3A Warm Humid,urb,q3,perm,2085,1.0
C-WEU-MLT,Zone_3A Warm Humid,urb,q3,perm,2090,1.0
C-WEU-MLT,Zone_3A Warm Humid,urb,q3,perm,2095,1.0
C-WEU-MLT,Zone_3A Warm Humid,urb,q3,perm,2100,1.0
C-WEU-MLT,Zone_3A Warm Humid,urb,q3,sub,2015,0.0
C-WEU-MLT,Zone_3A Warm Humid,urb,q3,sub,2020,0.0
C-WEU-MLT,Zone_3A Warm Humid,urb,q3,sub,2025,0.0
C-WEU-MLT,Zone_3A Warm Humid,urb,q3,sub,2030,0.0
C-WEU-MLT,Zone_3A Warm Humid,urb,q3,sub,2035,0.0
C-WEU-MLT,Zone_3A Warm Humid,urb,q3,sub,2040,0.0
C-WEU-MLT,Zone_3A Warm Humid,urb,q3,sub,2045,0.0
C-WEU-MLT,Zone_3A Warm Humid,urb,q3,sub,2050,0.0
C-WEU-MLT,Zone_3A Warm Humid,urb,q3,sub,2055,0.0
C-WEU-MLT,Zone_3A Warm Humid,urb,q3,sub,2060,0.0
C-WEU-MLT,Zone_3A Warm Humid,urb,q3,sub,2065,0.0
C-WEU-MLT,Zone_3A Warm Humid,urb,q3,sub,2070,0.0
C-WEU-MLT,Zone_3A Warm Humid,urb,q3,sub,2075,0.0
C-WEU-MLT,Zone_3A Warm Humid,urb,q3,sub,2080,0.0
C-WEU-MLT,Zone_3A Warm Humid,urb,q3,sub,2085,0.0
C-WEU-MLT,Zone_3A Warm Humid,urb,q3,sub,2090,0.0
C-WEU-MLT,Zone_3A Warm Humid,urb,q3,sub,2095,0.0
C-WEU-MLT,Zone_3A Warm Humid,urb,q3,sub,2100,0.0
C-WEU-NLD,Zone_4A Mixed Humid,rur,q1,perm,2015,1.0
C-WEU-NLD,Zone_4A Mixed Humid,rur,q1,perm,2020,1.0
C-WEU-NLD,Zone_4A Mixed Humid,rur,q1,perm,2025,1.0
C-WEU-NLD,Zone_4A Mixed Humid,rur,q1,perm,2030,1.0
C-WEU-NLD,Zone_4A Mixed Humid,rur,q1,perm,2035,1.0
C-WEU-NLD,Zone_4A Mixed Humid,rur,q1,perm,2040,1.0
C-WEU-NLD,Zone_4A Mixed Humid,rur,q1,perm,2045,1.0
C-WEU-NLD,Zone_4A Mixed Humid,rur,q1,perm,2050,1.0
C-WEU-NLD,Zone_4A Mixed Humid,rur,q1,perm,2055,1.0
C-WEU-NLD,Zone_4A Mixed Humid,rur,q1,perm,2060,1.0
C-WEU-NLD,Zone_4A Mixed Humid,rur,q1,perm,2065,1.0
C-WEU-NLD,Zone_4A Mixed Humid,rur,q1,perm,2070,1.0
C-WEU-NLD,Zone_4A Mixed Humid,rur,q1,perm,2075,1.0
C-WEU-NLD,Zone_4A Mixed Humid,rur,q1,perm,2080,1.0
C-WEU-NLD,Zone_4A Mixed Humid,rur,q1,perm,2085,1.0
C-WEU-NLD,Zone_4A Mixed Humid,rur,q1,perm,2090,1.0
C-WEU-NLD,Zone_4A Mixed Humid,rur,q1,perm,2095,1.0
C-WEU-NLD,Zone_4A Mixed Humid,rur,q1,perm,2100,1.0
C-WEU-NLD,Zone_4A Mixed Humid,rur,q1,sub,2015,0.0
C-WEU-NLD,Zone_4A Mixed Humid,rur,q1,sub,2020,0.0
C-WEU-NLD,Zone_4A Mixed Humid,rur,q1,sub,2025,0.0
C-WEU-NLD,Zone_4A Mixed Humid,rur,q1,sub,2030,0.0
C-WEU-NLD,Zone_4A Mixed Humid,rur,q1,sub,2035,0.0
C-WEU-NLD,Zone_4A Mixed Humid,rur,q1,sub,2040,0.0
C-WEU-NLD,Zone_4A Mixed Humid,rur,q1,sub,2045,0.0
C-WEU-NLD,Zone_4A Mixed Humid,rur,q1,sub,2050,0.0
C-WEU-NLD,Zone_4A Mixed Humid,rur,q1,sub,2055,0.0
C-WEU-NLD,Zone_4A Mixed Humid,rur,q1,sub,2060,0.0
C-WEU-NLD,Zone_4A Mixed Humid,rur,q1,sub,2065,0.0
C-WEU-NLD,Zone_4A Mixed Humid,rur,q1,sub,2070,0.0
C-WEU-NLD,Zone_4A Mixed Humid,rur,q1,sub,2075,0.0
C-WEU-NLD,Zone_4A Mixed Humid,rur,q1,sub,2080,0.0
C-WEU-NLD,Zone_4A Mixed Humid,rur,q1,sub,2085,0.0
C-WEU-NLD,Zone_4A Mixed Humid,rur,q1,sub,2090,0.0
C-WEU-NLD,Zone_4A Mixed Humid,rur,q1,sub,2095,0.0
C-WEU-NLD,Zone_4A Mixed Humid,rur,q1,sub,2100,0.0
C-WEU-NLD,Zone_4A Mixed Humid,rur,q2,perm,2015,1.0
C-WEU-NLD,Zone_4A Mixed Humid,rur,q2,perm,2020,1.0
C-WEU-NLD,Zone_4A Mixed Humid,rur,q2,perm,2025,1.0
C-WEU-NLD,Zone_4A Mixed Humid,rur,q2,perm,2030,1.0
C-WEU-NLD,Zone_4A Mixed Humid,rur,q2,perm,2035,1.0
C-WEU-NLD,Zone_4A Mixed Humid,rur,q2,perm,2040,1.0
C-WEU-NLD,Zone_4A Mixed Humid,rur,q2,perm,2045,1.0
C-WEU-NLD,Zone_4A Mixed Humid,rur,q2,perm,2050,1.0
C-WEU-NLD,Zone_4A Mixed Humid,rur,q2,perm,2055,1.0
C-WEU-NLD,Zone_4A Mixed Humid,rur,q2,perm,2060,1.0
C-WEU-NLD,Zone_4A Mixed Humid,rur,q2,perm,2065,1.0
C-WEU-NLD,Zone_4A Mixed Humid,rur,q2,perm,2070,1.0
C-WEU-NLD,Zone_4A Mixed Humid,rur,q2,perm,2075,1.0
C-WEU-NLD,Zone_4A Mixed Humid,rur,q2,perm,2080,1.0
C-WEU-NLD,Zone_4A Mixed Humid,rur,q2,perm,2085,1.0
C-WEU-NLD,Zone_4A Mixed Humid,rur,q2,perm,2090,1.0
C-WEU-NLD,Zone_4A Mixed Humid,rur,q2,perm,2095,1.0
C-WEU-NLD,Zone_4A Mixed Humid,rur,q2,perm,2100,1.0
C-WEU-NLD,Zone_4A Mixed Humid,rur,q2,sub,2015,0.0
C-WEU-NLD,Zone_4A Mixed Humid,rur,q2,sub,2020,0.0
C-WEU-NLD,Zone_4A Mixed Humid,rur,q2,sub,2025,0.0
C-WEU-NLD,Zone_4A Mixed Humid,rur,q2,sub,2030,0.0
C-WEU-NLD,Zone_4A Mixed Humid,rur,q2,sub,2035,0.0
C-WEU-NLD,Zone_4A Mixed Humid,rur,q2,sub,2040,0.0
C-WEU-NLD,Zone_4A Mixed Humid,rur,q2,sub,2045,0.0
C-WEU-NLD,Zone_4A Mixed Humid,rur,q2,sub,2050,0.0
C-WEU-NLD,Zone_4A Mixed Humid,rur,q2,sub,2055,0.0
C-WEU-NLD,Zone_4A Mixed Humid,rur,q2,sub,2060,0.0
C-WEU-NLD,Zone_4A Mixed Humid,rur,q2,sub,2065,0.0
C-WEU-NLD,Zone_4A Mixed Humid,rur,q2,sub,2070,0.0
C-WEU-NLD,Zone_4A Mixed Humid,rur,q2,sub,2075,0.0
C-WEU-NLD,Zone_4A Mixed Humid,rur,q2,sub,2080,0.0
C-WEU-NLD,Zone_4A Mixed Humid,rur,q2,sub,2085,0.0
C-WEU-NLD,Zone_4A Mixed Humid,rur,q2,sub,2090,0.0
C-WEU-NLD,Zone_4A Mixed Humid,rur,q2,sub,2095,0.0
C-WEU-NLD,Zone_4A Mixed Humid,rur,q2,sub,2100,0.0
C-WEU-NLD,Zone_4A Mixed Humid,rur,q3,perm,2015,1.0
C-WEU-NLD,Zone_4A Mixed Humid,rur,q3,perm,2020,1.0
C-WEU-NLD,Zone_4A Mixed Humid,rur,q3,perm,2025,1.0
C-WEU-NLD,Zone_4A Mixed Humid,rur,q3,perm,2030,1.0
C-WEU-NLD,Zone_4A Mixed Humid,rur,q3,perm,2035,1.0
C-WEU-NLD,Zone_4A Mixed Humid,rur,q3,perm,2040,1.0
C-WEU-NLD,Zone_4A Mixed Humid,rur,q3,perm,2045,1.0
C-WEU-NLD,Zone_4A Mixed Humid,rur,q3,perm,2050,1.0
C-WEU-NLD,Zone_4A Mixed Humid,rur,q3,perm,2055,1.0
C-WEU-NLD,Zone_4A Mixed Humid,rur,q3,perm,2060,1.0
C-WEU-NLD,Zone_4A Mixed Humid,rur,q3,perm,2065,1.0
C-WEU-NLD,Zone_4A Mixed Humid,rur,q3,perm,2070,1.0
C-WEU-NLD,Zone_4A Mixed Humid,rur,q3,perm,2075,1.0
C-WEU-NLD,Zone_4A Mixed Humid,rur,q3,perm,2080,1.0
C-WEU-NLD,Zone_4A Mixed Humid,rur,q3,perm,2085,1.0
C-WEU-NLD,Zone_4A Mixed Humid,rur,q3,perm,2090,1.0
C-WEU-NLD,Zone_4A Mixed Humid,rur,q3,perm,2095,1.0
C-WEU-NLD,Zone_4A Mixed Humid,rur,q3,perm,2100,1.0
C-WEU-NLD,Zone_4A Mixed Humid,rur,q3,sub,2015,0.0
C-WEU-NLD,Zone_4A Mixed Humid,rur,q3,sub,2020,0.0
C-WEU-NLD,Zone_4A Mixed Humid,rur,q3,sub,2025,0.0
C-WEU-NLD,Zone_4A Mixed Humid,rur,q3,sub,2030,0.0
C-WEU-NLD,Zone_4A Mixed Humid,rur,q3,sub,2035,0.0
C-WEU-NLD,Zone_4A Mixed Humid,rur,q3,sub,2040,0.0
C-WEU-NLD,Zone_4A Mixed Humid,rur,q3,sub,2045,0.0
C-WEU-NLD,Zone_4A Mixed Humid,rur,q3,sub,2050,0.0
C-WEU-NLD,Zone_4A Mixed Humid,rur,q3,sub,2055,0.0
C-WEU-NLD,Zone_4A Mixed Humid,rur,q3,sub,2060,0.0
C-WEU-NLD,Zone_4A Mixed Humid,rur,q3,sub,2065,0.0
C-WEU-NLD,Zone_4A Mixed Humid,rur,q3,sub,2070,0.0
C-WEU-NLD,Zone_4A Mixed Humid,rur,q3,sub,2075,0.0
C-WEU-NLD,Zone_4A Mixed Humid,rur,q3,sub,2080,0.0
C-WEU-NLD,Zone_4A Mixed Humid,rur,q3,sub,2085,0.0
C-WEU-NLD,Zone_4A Mixed Humid,rur,q3,sub,2090,0.0
C-WEU-NLD,Zone_4A Mixed Humid,rur,q3,sub,2095,0.0
C-WEU-NLD,Zone_4A Mixed Humid,rur,q3,sub,2100,0.0
C-WEU-NLD,Zone_4A Mixed Humid,urb,q1,perm,2015,1.0
C-WEU-NLD,Zone_4A Mixed Humid,urb,q1,perm,2020,1.0
C-WEU-NLD,Zone_4A Mixed Humid,urb,q1,perm,2025,1.0
C-WEU-NLD,Zone_4A Mixed Humid,urb,q1,perm,2030,1.0
C-WEU-NLD,Zone_4A Mixed Humid,urb,q1,perm,2035,1.0
C-WEU-NLD,Zone_4A Mixed Humid,urb,q1,perm,2040,1.0
C-WEU-NLD,Zone_4A Mixed Humid,urb,q1,perm,2045,1.0
C-WEU-NLD,Zone_4A Mixed Humid,urb,q1,perm,2050,1.0
C-WEU-NLD,Zone_4A Mixed Humid,urb,q1,perm,2055,1.0
C-WEU-NLD,Zone_4A Mixed Humid,urb,q1,perm,2060,1.0
C-WEU-NLD,Zone_4A Mixed Humid,urb,q1,perm,2065,1.0
C-WEU-NLD,Zone_4A Mixed Humid,urb,q1,perm,2070,1.0
C-WEU-NLD,Zone_4A Mixed Humid,urb,q1,perm,2075,1.0
C-WEU-NLD,Zone_4A Mixed Humid,urb,q1,perm,2080,1.0
C-WEU-NLD,Zone_4A Mixed Humid,urb,q1,perm,2085,1.0
C-WEU-NLD,Zone_4A Mixed Humid,urb,q1,perm,2090,1.0
C-WEU-NLD,Zone_4A Mixed Humid,urb,q1,perm,2095,1.0
C-WEU-NLD,Zone_4A Mixed Humid,urb,q1,perm,2100,1.0
C-WEU-NLD,Zone_4A Mixed Humid,urb,q1,sub,2015,0.0
C-WEU-NLD,Zone_4A Mixed Humid,urb,q1,sub,2020,0.0
C-WEU-NLD,Zone_4A Mixed Humid,urb,q1,sub,2025,0.0
C-WEU-NLD,Zone_4A Mixed Humid,urb,q1,sub,2030,0.0
C-WEU-NLD,Zone_4A Mixed Humid,urb,q1,sub,2035,0.0
C-WEU-NLD,Zone_4A Mixed Humid,urb,q1,sub,2040,0.0
C-WEU-NLD,Zone_4A Mixed Humid,urb,q1,sub,2045,0.0
C-WEU-NLD,Zone_4A Mixed Humid,urb,q1,sub,2050,0.0
C-WEU-NLD,Zone_4A Mixed Humid,urb,q1,sub,2055,0.0
C-WEU-NLD,Zone_4A Mixed Humid,urb,q1,sub,2060,0.0
C-WEU-NLD,Zone_4A Mixed Humid,urb,q1,sub,2065,0.0
C-WEU-NLD,Zone_4A Mixed Humid,urb,q1,sub,2070,0.0
C-WEU-NLD,Zone_4A Mixed Humid,urb,q1,sub,2075,0.0
C-WEU-NLD,Zone_4A Mixed Humid,urb,q1,sub,2080,0.0
C-WEU-NLD,Zone_4A Mixed Humid,urb,q1,sub,2085,0.0
C-WEU-NLD,Zone_4A Mixed Humid,urb,q1,sub,2090,0.0
C-WEU-NLD,Zone_4A Mixed Humid,urb,q1,sub,2095,0.0
C-WEU-NLD,Zone_4A Mixed Humid,urb,q1,sub,2100,0.0
C-WEU-NLD,Zone_4A Mixed Humid,urb,q2,perm,2015,1.0
C-WEU-NLD,Zone_4A Mixed Humid,urb,q2,perm,2020,1.0
C-WEU-NLD,Zone_4A Mixed Humid,urb,q2,perm,2025,1.0
C-WEU-NLD,Zone_4A Mixed Humid,urb,q2,perm,2030,1.0
C-WEU-NLD,Zone_4A Mixed Humid,urb,q2,perm,2035,1.0
C-WEU-NLD,Zone_4A Mixed Humid,urb,q2,perm,2040,1.0
C-WEU-NLD,Zone_4A Mixed Humid,urb,q2,perm,2045,1.0
C-WEU-NLD,Zone_4A Mixed Humid,urb,q2,perm,2050,1.0
C-WEU-NLD,Zone_4A Mixed Humid,urb,q2,perm,2055,1.0
C-WEU-NLD,Zone_4A Mixed Humid,urb,q2,perm,2060,1.0
C-WEU-NLD,Zone_4A Mixed Humid,urb,q2,perm,2065,1.0
C-WEU-NLD,Zone_4A Mixed Humid,urb,q2,perm,2070,1.0
C-WEU-NLD,Zone_4A Mixed Humid,urb,q2,perm,2075,1.0
C-WEU-NLD,Zone_4A Mixed Humid,urb,q2,perm,2080,1.0
C-WEU-NLD,Zone_4A Mixed Humid,urb,q2,perm,2085,1.0
C-WEU-NLD,Zone_4A Mixed Humid,urb,q2,perm,2090,1.0
C-WEU-NLD,Zone_4A Mixed Humid,urb,q2,perm,2095,1.0
C-WEU-NLD,Zone_4A Mixed Humid,urb,q2,perm,2100,1.0
C-WEU-NLD,Zone_4A Mixed Humid,urb,q2,sub,2015,0.0
C-WEU-NLD,Zone_4A Mixed Humid,urb,q2,sub,2020,0.0
C-WEU-NLD,Zone_4A Mixed Humid,urb,q2,sub,2025,0.0
C-WEU-NLD,Zone_4A Mixed Humid,urb,q2,sub,2030,0.0
C-WEU-NLD,Zone_4A Mixed Humid,urb,q2,sub,2035,0.0
C-WEU-NLD,Zone_4A Mixed Humid,urb,q2,sub,2040,0.0
C-WEU-NLD,Zone_4A Mixed Humid,urb,q2,sub,2045,0.0
C-WEU-NLD,Zone_4A Mixed Humid,urb,q2,sub,2050,0.0
C-WEU-NLD,Zone_4A Mixed Humid,urb,q2,sub,2055,0.0
C-WEU-NLD,Zone_4A Mixed Humid,urb,q2,sub,2060,0.0
C-WEU-NLD,Zone_4A Mixed Humid,urb,q2,sub,2065,0.0
C-WEU-NLD,Zone_4A Mixed Humid,urb,q2,sub,2070,0.0
C-WEU-NLD,Zone_4A Mixed Humid,urb,q2,sub,2075,0.0
C-WEU-NLD,Zone_4A Mixed Humid,urb,q2,sub,2080,0.0
C-WEU-NLD,Zone_4A Mixed Humid,urb,q2,sub,2085,0.0
C-WEU-NLD,Zone_4A Mixed Humid,urb,q2,sub,2090,0.0
C-WEU-NLD,Zone_4A Mixed Humid,urb,q2,sub,2095,0.0
C-WEU-NLD,Zone_4A Mixed Humid,urb,q2,sub,2100,0.0
C-WEU-NLD,Zone_4A Mixed Humid,urb,q3,perm,2015,1.0
C-WEU-NLD,Zone_4A Mixed Humid,urb,q3,perm,2020,1.0
C-WEU-NLD,Zone_4A Mixed Humid,urb,q3,perm,2025,1.0
C-WEU-NLD,Zone_4A Mixed Humid,urb,q3,perm,2030,1.0
C-WEU-NLD,Zone_4A Mixed Humid,urb,q3,perm,2035,1.0
C-WEU-NLD,Zone_4A Mixed Humid,urb,q3,perm,2040,1.0
C-WEU-NLD,Zone_4A Mixed Humid,urb,q3,perm,2045,1.0
C-WEU-NLD,Zone_4A Mixed Humid,urb,q3,perm,2050,1.0
C-WEU-NLD,Zone_4A Mixed Humid,urb,q3,perm,2055,1.0
C-WEU-NLD,Zone_4A Mixed Humid,urb,q3,perm,2060,1.0
C-WEU-NLD,Zone_4A Mixed Humid,urb,q3,perm,2065,1.0
C-WEU-NLD,Zone_4A Mixed Humid,urb,q3,perm,2070,1.0
C-WEU-NLD,Zone_4A Mixed Humid,urb,q3,perm,2075,1.0
C-WEU-NLD,Zone_4A Mixed Humid,urb,q3,perm,2080,1.0
C-WEU-NLD,Zone_4A Mixed Humid,urb,q3,perm,2085,1.0
C-WEU-NLD,Zone_4A Mixed Humid,urb,q3,perm,2090,1.0
C-WEU-NLD,Zone_4A Mixed Humid,urb,q3,perm,2095,1.0
C-WEU-NLD,Zone_4A Mixed Humid,urb,q3,perm,2100,1.0
C-WEU-NLD,Zone_4A Mixed Humid,urb,q3,sub,2015,0.0
C-WEU-NLD,Zone_4A Mixed Humid,urb,q3,sub,2020,0.0
C-WEU-NLD,Zone_4A Mixed Humid,urb,q3,sub,2025,0.0
C-WEU-NLD,Zone_4A Mixed Humid,urb,q3,sub,2030,0.0
C-WEU-NLD,Zone_4A Mixed Humid,urb,q3,sub,2035,0.0
C-WEU-NLD,Zone_4A Mixed Humid,urb,q3,sub,2040,0.0
C-WEU-NLD,Zone_4A Mixed Humid,urb,q3,sub,2045,0.0
C-WEU-NLD,Zone_4A Mixed Humid,urb,q3,sub,2050,0.0
C-WEU-NLD,Zone_4A Mixed Humid,urb,q3,sub,2055,0.0
C-WEU-NLD,Zone_4A Mixed Humid,urb,q3,sub,2060,0.0
C-WEU-NLD,Zone_4A Mixed Humid,urb,q3,sub,2065,0.0
C-WEU-NLD,Zone_4A Mixed Humid,urb,q3,sub,2070,0.0
C-WEU-NLD,Zone_4A Mixed Humid,urb,q3,sub,2075,0.0
C-WEU-NLD,Zone_4A Mixed Humid,urb,q3,sub,2080,0.0
C-WEU-NLD,Zone_4A Mixed Humid,urb,q3,sub,2085,0.0
C-WEU-NLD,Zone_4A Mixed Humid,urb,q3,sub,2090,0.0
C-WEU-NLD,Zone_4A Mixed Humid,urb,q3,sub,2095,0.0
C-WEU-NLD,Zone_4A Mixed Humid,urb,q3,sub,2100,0.0
C-WEU-NLD,Zone_5A Cool Humid,rur,q1,perm,2015,1.0
C-WEU-NLD,Zone_5A Cool Humid,rur,q1,perm,2020,1.0
C-WEU-NLD,Zone_5A Cool Humid,rur,q1,perm,2025,1.0
C-WEU-NLD,Zone_5A Cool Humid,rur,q1,perm,2030,1.0
C-WEU-NLD,Zone_5A Cool Humid,rur,q1,perm,2035,1.0
C-WEU-NLD,Zone_5A Cool Humid,rur,q1,perm,2040,1.0
C-WEU-NLD,Zone_5A Cool Humid,rur,q1,perm,2045,1.0
C-WEU-NLD,Zone_5A Cool Humid,rur,q1,perm,2050,1.0
C-WEU-NLD,Zone_5A Cool Humid,rur,q1,perm,2055,1.0
C-WEU-NLD,Zone_5A Cool Humid,rur,q1,perm,2060,1.0
C-WEU-NLD,Zone_5A Cool Humid,rur,q1,perm,2065,1.0
C-WEU-NLD,Zone_5A Cool Humid,rur,q1,perm,2070,1.0
C-WEU-NLD,Zone_5A Cool Humid,rur,q1,perm,2075,1.0
C-WEU-NLD,Zone_5A Cool Humid,rur,q1,perm,2080,1.0
C-WEU-NLD,Zone_5A Cool Humid,rur,q1,perm,2085,1.0
C-WEU-NLD,Zone_5A Cool Humid,rur,q1,perm,2090,1.0
C-WEU-NLD,Zone_5A Cool Humid,rur,q1,perm,2095,1.0
C-WEU-NLD,Zone_5A Cool Humid,rur,q1,perm,2100,1.0
C-WEU-NLD,Zone_5A Cool Humid,rur,q1,sub,2015,0.0
C-WEU-NLD,Zone_5A Cool Humid,rur,q1,sub,2020,0.0
C-WEU-NLD,Zone_5A Cool Humid,rur,q1,sub,2025,0.0
C-WEU-NLD,Zone_5A Cool Humid,rur,q1,sub,2030,0.0
C-WEU-NLD,Zone_5A Cool Humid,rur,q1,sub,2035,0.0
C-WEU-NLD,Zone_5A Cool Humid,rur,q1,sub,2040,0.0
C-WEU-NLD,Zone_5A Cool Humid,rur,q1,sub,2045,0.0
C-WEU-NLD,Zone_5A Cool Humid,rur,q1,sub,2050,0.0
C-WEU-NLD,Zone_5A Cool Humid,rur,q1,sub,2055,0.0
C-WEU-NLD,Zone_5A Cool Humid,rur,q1,sub,2060,0.0
C-WEU-NLD,Zone_5A Cool Humid,rur,q1,sub,2065,0.0
C-WEU-NLD,Zone_5A Cool Humid,rur,q1,sub,2070,0.0
C-WEU-NLD,Zone_5A Cool Humid,rur,q1,sub,2075,0.0
C-WEU-NLD,Zone_5A Cool Humid,rur,q1,sub,2080,0.0
C-WEU-NLD,Zone_5A Cool Humid,rur,q1,sub,2085,0.0
C-WEU-NLD,Zone_5A Cool Humid,rur,q1,sub,2090,0.0
C-WEU-NLD,Zone_5A Cool Humid,rur,q1,sub,2095,0.0
C-WEU-NLD,Zone_5A Cool Humid,rur,q1,sub,2100,0.0
C-WEU-NLD,Zone_5A Cool Humid,rur,q2,perm,2015,1.0
C-WEU-NLD,Zone_5A Cool Humid,rur,q2,perm,2020,1.0
C-WEU-NLD,Zone_5A Cool Humid,rur,q2,perm,2025,1.0
C-WEU-NLD,Zone_5A Cool Humid,rur,q2,perm,2030,1.0
C-WEU-NLD,Zone_5A Cool Humid,rur,q2,perm,2035,1.0
C-WEU-NLD,Zone_5A Cool Humid,rur,q2,perm,2040,1.0
C-WEU-NLD,Zone_5A Cool Humid,rur,q2,perm,2045,1.0
C-WEU-NLD,Zone_5A Cool Humid,rur,q2,perm,2050,1.0
C-WEU-NLD,Zone_5A Cool Humid,rur,q2,perm,2055,1.0
C-WEU-NLD,Zone_5A Cool Humid,rur,q2,perm,2060,1.0
C-WEU-NLD,Zone_5A Cool Humid,rur,q2,perm,2065,1.0
C-WEU-NLD,Zone_5A Cool Humid,rur,q2,perm,2070,1.0
C-WEU-NLD,Zone_5A Cool Humid,rur,q2,perm,2075,1.0
C-WEU-NLD,Zone_5A Cool Humid,rur,q2,perm,2080,1.0
C-WEU-NLD,Zone_5A Cool Humid,rur,q2,perm,2085,1.0
C-WEU-NLD,Zone_5A Cool Humid,rur,q2,perm,2090,1.0
C-WEU-NLD,Zone_5A Cool Humid,rur,q2,perm,2095,1.0
C-WEU-NLD,Zone_5A Cool Humid,rur,q2,perm,2100,1.0
C-WEU-NLD,Zone_5A Cool Humid,rur,q2,sub,2015,0.0
C-WEU-NLD,Zone_5A Cool Humid,rur,q2,sub,2020,0.0
C-WEU-NLD,Zone_5A Cool Humid,rur,q2,sub,2025,0.0
C-WEU-NLD,Zone_5A Cool Humid,rur,q2,sub,2030,0.0
C-WEU-NLD,Zone_5A Cool Humid,rur,q2,sub,2035,0.0
C-WEU-NLD,Zone_5A Cool Humid,rur,q2,sub,2040,0.0
C-WEU-NLD,Zone_5A Cool Humid,rur,q2,sub,2045,0.0
C-WEU-NLD,Zone_5A Cool Humid,rur,q2,sub,2050,0.0
C-WEU-NLD,Zone_5A Cool Humid,rur,q2,sub,2055,0.0
C-WEU-NLD,Zone_5A Cool Humid,rur,q2,sub,2060,0.0
C-WEU-NLD,Zone_5A Cool Humid,rur,q2,sub,2065,0.0
C-WEU-NLD,Zone_5A Cool Humid,rur,q2,sub,2070,0.0
C-WEU-NLD,Zone_5A Cool Humid,rur,q2,sub,2075,0.0
C-WEU-NLD,Zone_5A Cool Humid,rur,q2,sub,2080,0.0
C-WEU-NLD,Zone_5A Cool Humid,rur,q2,sub,2085,0.0
C-WEU-NLD,Zone_5A Cool Humid,rur,q2,sub,2090,0.0
C-WEU-NLD,Zone_5A Cool Humid,rur,q2,sub,2095,0.0
C-WEU-NLD,Zone_5A Cool Humid,rur,q2,sub,2100,0.0
C-WEU-NLD,Zone_5A Cool Humid,rur,q3,perm,2015,1.0
C-WEU-NLD,Zone_5A Cool Humid,rur,q3,perm,2020,1.0
C-WEU-NLD,Zone_5A Cool Humid,rur,q3,perm,2025,1.0
C-WEU-NLD,Zone_5A Cool Humid,rur,q3,perm,2030,1.0
C-WEU-NLD,Zone_5A Cool Humid,rur,q3,perm,2035,1.0
C-WEU-NLD,Zone_5A Cool Humid,rur,q3,perm,2040,1.0
C-WEU-NLD,Zone_5A Cool Humid,rur,q3,perm,2045,1.0
C-WEU-NLD,Zone_5A Cool Humid,rur,q3,perm,2050,1.0
C-WEU-NLD,Zone_5A Cool Humid,rur,q3,perm,2055,1.0
C-WEU-NLD,Zone_5A Cool Humid,rur,q3,perm,2060,1.0
C-WEU-NLD,Zone_5A Cool Humid,rur,q3,perm,2065,1.0
C-WEU-NLD,Zone_5A Cool Humid,rur,q3,perm,2070,1.0
C-WEU-NLD,Zone_5A Cool Humid,rur,q3,perm,2075,1.0
C-WEU-NLD,Zone_5A Cool Humid,rur,q3,perm,2080,1.0
C-WEU-NLD,Zone_5A Cool Humid,rur,q3,perm,2085,1.0
C-WEU-NLD,Zone_5A Cool Humid,rur,q3,perm,2090,1.0
C-WEU-NLD,Zone_5A Cool Humid,rur,q3,perm,2095,1.0
C-WEU-NLD,Zone_5A Cool Humid,rur,q3,perm,2100,1.0
C-WEU-NLD,Zone_5A Cool Humid,rur,q3,sub,2015,0.0
C-WEU-NLD,Zone_5A Cool Humid,rur,q3,sub,2020,0.0
C-WEU-NLD,Zone_5A Cool Humid,rur,q3,sub,2025,0.0
C-WEU-NLD,Zone_5A Cool Humid,rur,q3,sub,2030,0.0
C-WEU-NLD,Zone_5A Cool Humid,rur,q3,sub,2035,0.0
C-WEU-NLD,Zone_5A Cool Humid,rur,q3,sub,2040,0.0
C-WEU-NLD,Zone_5A Cool Humid,rur,q3,sub,2045,0.0
C-WEU-NLD,Zone_5A Cool Humid,rur,q3,sub,2050,0.0
C-WEU-NLD,Zone_5A Cool Humid,rur,q3,sub,2055,0.0
C-WEU-NLD,Zone_5A Cool Humid,rur,q3,sub,2060,0.0
C-WEU-NLD,Zone_5A Cool Humid,rur,q3,sub,2065,0.0
C-WEU-NLD,Zone_5A Cool Humid,rur,q3,sub,2070,0.0
C-WEU-NLD,Zone_5A Cool Humid,rur,q3,sub,2075,0.0
C-WEU-NLD,Zone_5A Cool Humid,rur,q3,sub,2080,0.0
C-WEU-NLD,Zone_5A Cool Humid,rur,q3,sub,2085,0.0
C-WEU-NLD,Zone_5A Cool Humid,rur,q3,sub,2090,0.0
C-WEU-NLD,Zone_5A Cool Humid,rur,q3,sub,2095,0.0
C-WEU-NLD,Zone_5A Cool Humid,rur,q3,sub,2100,0.0
C-WEU-NLD,Zone_5A Cool Humid,urb,q1,perm,2015,1.0
C-WEU-NLD,Zone_5A Cool Humid,urb,q1,perm,2020,1.0
C-WEU-NLD,Zone_5A Cool Humid,urb,q1,perm,2025,1.0
C-WEU-NLD,Zone_5A Cool Humid,urb,q1,perm,2030,1.0
C-WEU-NLD,Zone_5A Cool Humid,urb,q1,perm,2035,1.0
C-WEU-NLD,Zone_5A Cool Humid,urb,q1,perm,2040,1.0
C-WEU-NLD,Zone_5A Cool Humid,urb,q1,perm,2045,1.0
C-WEU-NLD,Zone_5A Cool Humid,urb,q1,perm,2050,1.0
C-WEU-NLD,Zone_5A Cool Humid,urb,q1,perm,2055,1.0
C-WEU-NLD,Zone_5A Cool Humid,urb,q1,perm,2060,1.0
C-WEU-NLD,Zone_5A Cool Humid,urb,q1,perm,2065,1.0
C-WEU-NLD,Zone_5A Cool Humid,urb,q1,perm,2070,1.0
C-WEU-NLD,Zone_5A Cool Humid,urb,q1,perm,2075,1.0
C-WEU-NLD,Zone_5A Cool Humid,urb,q1,perm,2080,1.0
C-WEU-NLD,Zone_5A Cool Humid,urb,q1,perm,2085,1.0
C-WEU-NLD,Zone_5A Cool Humid,urb,q1,perm,2090,1.0
C-WEU-NLD,Zone_5A Cool Humid,urb,q1,perm,2095,1.0
C-WEU-NLD,Zone_5A Cool Humid,urb,q1,perm,2100,1.0
C-WEU-NLD,Zone_5A Cool Humid,urb,q1,sub,2015,0.0
C-WEU-NLD,Zone_5A Cool Humid,urb,q1,sub,2020,0.0
C-WEU-NLD,Zone_5A Cool Humid,urb,q1,sub,2025,0.0
C-WEU-NLD,Zone_5A Cool Humid,urb,q1,sub,2030,0.0
C-WEU-NLD,Zone_5A Cool Humid,urb,q1,sub,2035,0.0
C-WEU-NLD,Zone_5A Cool Humid,urb,q1,sub,2040,0.0
C-WEU-NLD,Zone_5A Cool Humid,urb,q1,sub,2045,0.0
C-WEU-NLD,Zone_5A Cool Humid,urb,q1,sub,2050,0.0
C-WEU-NLD,Zone_5A Cool Humid,urb,q1,sub,2055,0.0
C-WEU-NLD,Zone_5A Cool Humid,urb,q1,sub,2060,0.0
C-WEU-NLD,Zone_5A Cool Humid,urb,q1,sub,2065,0.0
C-WEU-NLD,Zone_5A Cool Humid,urb,q1,sub,2070,0.0
C-WEU-NLD,Zone_5A Cool Humid,urb,q1,sub,2075,0.0
C-WEU-NLD,Zone_5A Cool Humid,urb,q1,sub,2080,0.0
C-WEU-NLD,Zone_5A Cool Humid,urb,q1,sub,2085,0.0
C-WEU-NLD,Zone_5A Cool Humid,urb,q1,sub,2090,0.0
C-WEU-NLD,Zone_5A Cool Humid,urb,q1,sub,2095,0.0
C-WEU-NLD,Zone_5A Cool Humid,urb,q1,sub,2100,0.0
C-WEU-NLD,Zone_5A Cool Humid,urb,q2,perm,2015,1.0
C-WEU-NLD,Zone_5A Cool Humid,urb,q2,perm,2020,1.0
C-WEU-NLD,Zone_5A Cool Humid,urb,q2,perm,2025,1.0
C-WEU-NLD,Zone_5A Cool Humid,urb,q2,perm,2030,1.0
C-WEU-NLD,Zone_5A Cool Humid,urb,q2,perm,2035,1.0
C-WEU-NLD,Zone_5A Cool Humid,urb,q2,perm,2040,1.0
C-WEU-NLD,Zone_5A Cool Humid,urb,q2,perm,2045,1.0
C-WEU-NLD,Zone_5A Cool Humid,urb,q2,perm,2050,1.0
C-WEU-NLD,Zone_5A Cool Humid,urb,q2,perm,2055,1.0
C-WEU-NLD,Zone_5A Cool Humid,urb,q2,perm,2060,1.0
C-WEU-NLD,Zone_5A Cool Humid,urb,q2,perm,2065,1.0
C-WEU-NLD,Zone_5A Cool Humid,urb,q2,perm,2070,1.0
C-WEU-NLD,Zone_5A Cool Humid,urb,q2,perm,2075,1.0
C-WEU-NLD,Zone_5A Cool Humid,urb,q2,perm,2080,1.0
C-WEU-NLD,Zone_5A Cool Humid,urb,q2,perm,2085,1.0
C-WEU-NLD,Zone_5A Cool Humid,urb,q2,perm,2090,1.0
C-WEU-NLD,Zone_5A Cool Humid,urb,q2,perm,2095,1.0
C-WEU-NLD,Zone_5A Cool Humid,urb,q2,perm,2100,1.0
C-WEU-NLD,Zone_5A Cool Humid,urb,q2,sub,2015,0.0
C-WEU-NLD,Zone_5A Cool Humid,urb,q2,sub,2020,0.0
C-WEU-NLD,Zone_5A Cool Humid,urb,q2,sub,2025,0.0
C-WEU-NLD,Zone_5A Cool Humid,urb,q2,sub,2030,0.0
C-WEU-NLD,Zone_5A Cool Humid,urb,q2,sub,2035,0.0
C-WEU-NLD,Zone_5A Cool Humid,urb,q2,sub,2040,0.0
C-WEU-NLD,Zone_5A Cool Humid,urb,q2,sub,2045,0.0
C-WEU-NLD,Zone_5A Cool Humid,urb,q2,sub,2050,0.0
C-WEU-NLD,Zone_5A Cool Humid,urb,q2,sub,2055,0.0
C-WEU-NLD,Zone_5A Cool Humid,urb,q2,sub,2060,0.0
C-WEU-NLD,Zone_5A Cool Humid,urb,q2,sub,2065,0.0
C-WEU-NLD,Zone_5A Cool Humid,urb,q2,sub,2070,0.0
C-WEU-NLD,Zone_5A Cool Humid,urb,q2,sub,2075,0.0
C-WEU-NLD,Zone_5A Cool Humid,urb,q2,sub,2080,0.0
C-WEU-NLD,Zone_5A Cool Humid,urb,q2,sub,2085,0.0
C-WEU-NLD,Zone_5A Cool Humid,urb,q2,sub,2090,0.0
C-WEU-NLD,Zone_5A Cool Humid,urb,q2,sub,2095,0.0
C-WEU-NLD,Zone_5A Cool Humid,urb,q2,sub,2100,0.0
C-WEU-NLD,Zone_5A Cool Humid,urb,q3,perm,2015,1.0
C-WEU-NLD,Zone_5A Cool Humid,urb,q3,perm,2020,1.0
C-WEU-NLD,Zone_5A Cool Humid,urb,q3,perm,2025,1.0
C-WEU-NLD,Zone_5A Cool Humid,urb,q3,perm,2030,1.0
C-WEU-NLD,Zone_5A Cool Humid,urb,q3,perm,2035,1.0
C-WEU-NLD,Zone_5A Cool Humid,urb,q3,perm,2040,1.0
C-WEU-NLD,Zone_5A Cool Humid,urb,q3,perm,2045,1.0
C-WEU-NLD,Zone_5A Cool Humid,urb,q3,perm,2050,1.0
C-WEU-NLD,Zone_5A Cool Humid,urb,q3,perm,2055,1.0
C-WEU-NLD,Zone_5A Cool Humid,urb,q3,perm,2060,1.0
C-WEU-NLD,Zone_5A Cool Humid,urb,q3,perm,2065,1.0
C-WEU-NLD,Zone_5A Cool Humid,urb,q3,perm,2070,1.0
C-WEU-NLD,Zone_5A Cool Humid,urb,q3,perm,2075,1.0
C-WEU-NLD,Zone_5A Cool Humid,urb,q3,perm,2080,1.0
C-WEU-NLD,Zone_5A Cool Humid,urb,q3,perm,2085,1.0
C-WEU-NLD,Zone_5A Cool Humid,urb,q3,perm,2090,1.0
C-WEU-NLD,Zone_5A Cool Humid,urb,q3,perm,2095,1.0
C-WEU-NLD,Zone_5A Cool Humid,urb,q3,perm,2100,1.0
C-WEU-NLD,Zone_5A Cool Humid,urb,q3,sub,2015,0.0
C-WEU-NLD,Zone_5A Cool Humid,urb,q3,sub,2020,0.0
C-WEU-NLD,Zone_5A Cool Humid,urb,q3,sub,2025,0.0
C-WEU-NLD,Zone_5A Cool Humid,urb,q3,sub,2030,0.0
C-WEU-NLD,Zone_5A Cool Humid,urb,q3,sub,2035,0.0
C-WEU-NLD,Zone_5A Cool Humid,urb,q3,sub,2040,0.0
C-WEU-NLD,Zone_5A Cool Humid,urb,q3,sub,2045,0.0
C-WEU-NLD,Zone_5A Cool Humid,urb,q3,sub,2050,0.0
C-WEU-NLD,Zone_5A Cool Humid,urb,q3,sub,2055,0.0
C-WEU-NLD,Zone_5A Cool Humid,urb,q3,sub,2060,0.0
C-WEU-NLD,Zone_5A Cool Humid,urb,q3,sub,2065,0.0
C-WEU-NLD,Zone_5A Cool Humid,urb,q3,sub,2070,0.0
C-WEU-NLD,Zone_5A Cool Humid,urb,q3,sub,2075,0.0
C-WEU-NLD,Zone_5A Cool Humid,urb,q3,sub,2080,0.0
C-WEU-NLD,Zone_5A Cool Humid,urb,q3,sub,2085,0.0
C-WEU-NLD,Zone_5A Cool Humid,urb,q3,sub,2090,0.0
C-WEU-NLD,Zone_5A Cool Humid,urb,q3,sub,2095,0.0
C-WEU-NLD,Zone_5A Cool Humid,urb,q3,sub,2100,0.0
C-WEU-PRT,Zone_3A Warm Humid,rur,q1,perm,2015,1.0
C-WEU-PRT,Zone_3A Warm Humid,rur,q1,perm,2020,1.0
C-WEU-PRT,Zone_3A Warm Humid,rur,q1,perm,2025,1.0
C-WEU-PRT,Zone_3A Warm Humid,rur,q1,perm,2030,1.0
C-WEU-PRT,Zone_3A Warm Humid,rur,q1,perm,2035,1.0
C-WEU-PRT,Zone_3A Warm Humid,rur,q1,perm,2040,1.0
C-WEU-PRT,Zone_3A Warm Humid,rur,q1,perm,2045,1.0
C-WEU-PRT,Zone_3A Warm Humid,rur,q1,perm,2050,1.0
C-WEU-PRT,Zone_3A Warm Humid,rur,q1,perm,2055,1.0
C-WEU-PRT,Zone_3A Warm Humid,rur,q1,perm,2060,1.0
C-WEU-PRT,Zone_3A Warm Humid,rur,q1,perm,2065,1.0
C-WEU-PRT,Zone_3A Warm Humid,rur,q1,perm,2070,1.0
C-WEU-PRT,Zone_3A Warm Humid,rur,q1,perm,2075,1.0
C-WEU-PRT,Zone_3A Warm Humid,rur,q1,perm,2080,1.0
C-WEU-PRT,Zone_3A Warm Humid,rur,q1,perm,2085,1.0
C-WEU-PRT,Zone_3A Warm Humid,rur,q1,perm,2090,1.0
C-WEU-PRT,Zone_3A Warm Humid,rur,q1,perm,2095,1.0
C-WEU-PRT,Zone_3A Warm Humid,rur,q1,perm,2100,1.0
C-WEU-PRT,Zone_3A Warm Humid,rur,q1,sub,2015,0.0
C-WEU-PRT,Zone_3A Warm Humid,rur,q1,sub,2020,0.0
C-WEU-PRT,Zone_3A Warm Humid,rur,q1,sub,2025,0.0
C-WEU-PRT,Zone_3A Warm Humid,rur,q1,sub,2030,0.0
C-WEU-PRT,Zone_3A Warm Humid,rur,q1,sub,2035,0.0
C-WEU-PRT,Zone_3A Warm Humid,rur,q1,sub,2040,0.0
C-WEU-PRT,Zone_3A Warm Humid,rur,q1,sub,2045,0.0
C-WEU-PRT,Zone_3A Warm Humid,rur,q1,sub,2050,0.0
C-WEU-PRT,Zone_3A Warm Humid,rur,q1,sub,2055,0.0
C-WEU-PRT,Zone_3A Warm Humid,rur,q1,sub,2060,0.0
C-WEU-PRT,Zone_3A Warm Humid,rur,q1,sub,2065,0.0
C-WEU-PRT,Zone_3A Warm Humid,rur,q1,sub,2070,0.0
C-WEU-PRT,Zone_3A Warm Humid,rur,q1,sub,2075,0.0
C-WEU-PRT,Zone_3A Warm Humid,rur,q1,sub,2080,0.0
C-WEU-PRT,Zone_3A Warm Humid,rur,q1,sub,2085,0.0
C-WEU-PRT,Zone_3A Warm Humid,rur,q1,sub,2090,0.0
C-WEU-PRT,Zone_3A Warm Humid,rur,q1,sub,2095,0.0
C-WEU-PRT,Zone_3A Warm Humid,rur,q1,sub,2100,0.0
C-WEU-PRT,Zone_3A Warm Humid,rur,q2,perm,2015,1.0
C-WEU-PRT,Zone_3A Warm Humid,rur,q2,perm,2020,1.0
C-WEU-PRT,Zone_3A Warm Humid,rur,q2,perm,2025,1.0
C-WEU-PRT,Zone_3A Warm Humid,rur,q2,perm,2030,1.0
C-WEU-PRT,Zone_3A Warm Humid,rur,q2,perm,2035,1.0
C-WEU-PRT,Zone_3A Warm Humid,rur,q2,perm,2040,1.0
C-WEU-PRT,Zone_3A Warm Humid,rur,q2,perm,2045,1.0
C-WEU-PRT,Zone_3A Warm Humid,rur,q2,perm,2050,1.0
C-WEU-PRT,Zone_3A Warm Humid,rur,q2,perm,2055,1.0
C-WEU-PRT,Zone_3A Warm Humid,rur,q2,perm,2060,1.0
C-WEU-PRT,Zone_3A Warm Humid,rur,q2,perm,2065,1.0
C-WEU-PRT,Zone_3A Warm Humid,rur,q2,perm,2070,1.0
C-WEU-PRT,Zone_3A Warm Humid,rur,q2,perm,2075,1.0
C-WEU-PRT,Zone_3A Warm Humid,rur,q2,perm,2080,1.0
C-WEU-PRT,Zone_3A Warm Humid,rur,q2,perm,2085,1.0
C-WEU-PRT,Zone_3A Warm Humid,rur,q2,perm,2090,1.0
C-WEU-PRT,Zone_3A Warm Humid,rur,q2,perm,2095,1.0
C-WEU-PRT,Zone_3A Warm Humid,rur,q2,perm,2100,1.0
C-WEU-PRT,Zone_3A Warm Humid,rur,q2,sub,2015,0.0
C-WEU-PRT,Zone_3A Warm Humid,rur,q2,sub,2020,0.0
C-WEU-PRT,Zone_3A Warm Humid,rur,q2,sub,2025,0.0
C-WEU-PRT,Zone_3A Warm Humid,rur,q2,sub,2030,0.0
C-WEU-PRT,Zone_3A Warm Humid,rur,q2,sub,2035,0.0
C-WEU-PRT,Zone_3A Warm Humid,rur,q2,sub,2040,0.0
C-WEU-PRT,Zone_3A Warm Humid,rur,q2,sub,2045,0.0
C-WEU-PRT,Zone_3A Warm Humid,rur,q2,sub,2050,0.0
C-WEU-PRT,Zone_3A Warm Humid,rur,q2,sub,2055,0.0
C-WEU-PRT,Zone_3A Warm Humid,rur,q2,sub,2060,0.0
C-WEU-PRT,Zone_3A Warm Humid,rur,q2,sub,2065,0.0
C-WEU-PRT,Zone_3A Warm Humid,rur,q2,sub,2070,0.0
C-WEU-PRT,Zone_3A Warm Humid,rur,q2,sub,2075,0.0
C-WEU-PRT,Zone_3A Warm Humid,rur,q2,sub,2080,0.0
C-WEU-PRT,Zone_3A Warm Humid,rur,q2,sub,2085,0.0
C-WEU-PRT,Zone_3A Warm Humid,rur,q2,sub,2090,0.0
C-WEU-PRT,Zone_3A Warm Humid,rur,q2,sub,2095,0.0
C-WEU-PRT,Zone_3A Warm Humid,rur,q2,sub,2100,0.0
C-WEU-PRT,Zone_3A Warm Humid,rur,q3,perm,2015,1.0
C-WEU-PRT,Zone_3A Warm Humid,rur,q3,perm,2020,1.0
C-WEU-PRT,Zone_3A Warm Humid,rur,q3,perm,2025,1.0
C-WEU-PRT,Zone_3A Warm Humid,rur,q3,perm,2030,1.0
C-WEU-PRT,Zone_3A Warm Humid,rur,q3,perm,2035,1.0
C-WEU-PRT,Zone_3A Warm Humid,rur,q3,perm,2040,1.0
C-WEU-PRT,Zone_3A Warm Humid,rur,q3,perm,2045,1.0
C-WEU-PRT,Zone_3A Warm Humid,rur,q3,perm,2050,1.0
C-WEU-PRT,Zone_3A Warm Humid,rur,q3,perm,2055,1.0
C-WEU-PRT,Zone_3A Warm Humid,rur,q3,perm,2060,1.0
C-WEU-PRT,Zone_3A Warm Humid,rur,q3,perm,2065,1.0
C-WEU-PRT,Zone_3A Warm Humid,rur,q3,perm,2070,1.0
C-WEU-PRT,Zone_3A Warm Humid,rur,q3,perm,2075,1.0
C-WEU-PRT,Zone_3A Warm Humid,rur,q3,perm,2080,1.0
C-WEU-PRT,Zone_3A Warm Humid,rur,q3,perm,2085,1.0
C-WEU-PRT,Zone_3A Warm Humid,rur,q3,perm,2090,1.0
C-WEU-PRT,Zone_3A Warm Humid,rur,q3,perm,2095,1.0
C-WEU-PRT,Zone_3A Warm Humid,rur,q3,perm,2100,1.0
C-WEU-PRT,Zone_3A Warm Humid,rur,q3,sub,2015,0.0
C-WEU-PRT,Zone_3A Warm Humid,rur,q3,sub,2020,0.0
C-WEU-PRT,Zone_3A Warm Humid,rur,q3,sub,2025,0.0
C-WEU-PRT,Zone_3A Warm Humid,rur,q3,sub,2030,0.0
C-WEU-PRT,Zone_3A Warm Humid,rur,q3,sub,2035,0.0
C-WEU-PRT,Zone_3A Warm Humid,rur,q3,sub,2040,0.0
C-WEU-PRT,Zone_3A Warm Humid,rur,q3,sub,2045,0.0
C-WEU-PRT,Zone_3A Warm Humid,rur,q3,sub,2050,0.0
C-WEU-PRT,Zone_3A Warm Humid,rur,q3,sub,2055,0.0
C-WEU-PRT,Zone_3A Warm Humid,rur,q3,sub,2060,0.0
C-WEU-PRT,Zone_3A Warm Humid,rur,q3,sub,2065,0.0
C-WEU-PRT,Zone_3A Warm Humid,rur,q3,sub,2070,0.0
C-WEU-PRT,Zone_3A Warm Humid,rur,q3,sub,2075,0.0
C-WEU-PRT,Zone_3A Warm Humid,rur,q3,sub,2080,0.0
C-WEU-PRT,Zone_3A Warm Humid,rur,q3,sub,2085,0.0
C-WEU-PRT,Zone_3A Warm Humid,rur,q3,sub,2090,0.0
C-WEU-PRT,Zone_3A Warm Humid,rur,q3,sub,2095,0.0
C-WEU-PRT,Zone_3A Warm Humid,rur,q3,sub,2100,0.0
C-WEU-PRT,Zone_3A Warm Humid,urb,q1,perm,2015,1.0
C-WEU-PRT,Zone_3A Warm Humid,urb,q1,perm,2020,1.0
C-WEU-PRT,Zone_3A Warm Humid,urb,q1,perm,2025,1.0
C-WEU-PRT,Zone_3A Warm Humid,urb,q1,perm,2030,1.0
C-WEU-PRT,Zone_3A Warm Humid,urb,q1,perm,2035,1.0
C-WEU-PRT,Zone_3A Warm Humid,urb,q1,perm,2040,1.0
C-WEU-PRT,Zone_3A Warm Humid,urb,q1,perm,2045,1.0
C-WEU-PRT,Zone_3A Warm Humid,urb,q1,perm,2050,1.0
C-WEU-PRT,Zone_3A Warm Humid,urb,q1,perm,2055,1.0
C-WEU-PRT,Zone_3A Warm Humid,urb,q1,perm,2060,1.0
C-WEU-PRT,Zone_3A Warm Humid,urb,q1,perm,2065,1.0
C-WEU-PRT,Zone_3A Warm Humid,urb,q1,perm,2070,1.0
C-WEU-PRT,Zone_3A Warm Humid,urb,q1,perm,2075,1.0
C-WEU-PRT,Zone_3A Warm Humid,urb,q1,perm,2080,1.0
C-WEU-PRT,Zone_3A Warm Humid,urb,q1,perm,2085,1.0
C-WEU-PRT,Zone_3A Warm Humid,urb,q1,perm,2090,1.0
C-WEU-PRT,Zone_3A Warm Humid,urb,q1,perm,2095,1.0
C-WEU-PRT,Zone_3A Warm Humid,urb,q1,perm,2100,1.0
C-WEU-PRT,Zone_3A Warm Humid,urb,q1,sub,2015,0.0
C-WEU-PRT,Zone_3A Warm Humid,urb,q1,sub,2020,0.0
C-WEU-PRT,Zone_3A Warm Humid,urb,q1,sub,2025,0.0
C-WEU-PRT,Zone_3A Warm Humid,urb,q1,sub,2030,0.0
C-WEU-PRT,Zone_3A Warm Humid,urb,q1,sub,2035,0.0
C-WEU-PRT,Zone_3A Warm Humid,urb,q1,sub,2040,0.0
C-WEU-PRT,Zone_3A Warm Humid,urb,q1,sub,2045,0.0
C-WEU-PRT,Zone_3A Warm Humid,urb,q1,sub,2050,0.0
C-WEU-PRT,Zone_3A Warm Humid,urb,q1,sub,2055,0.0
C-WEU-PRT,Zone_3A Warm Humid,urb,q1,sub,2060,0.0
C-WEU-PRT,Zone_3A Warm Humid,urb,q1,sub,2065,0.0
C-WEU-PRT,Zone_3A Warm Humid,urb,q1,sub,2070,0.0
C-WEU-PRT,Zone_3A Warm Humid,urb,q1,sub,2075,0.0
C-WEU-PRT,Zone_3A Warm Humid,urb,q1,sub,2080,0.0
C-WEU-PRT,Zone_3A Warm Humid,urb,q1,sub,2085,0.0
C-WEU-PRT,Zone_3A Warm Humid,urb,q1,sub,2090,0.0
C-WEU-PRT,Zone_3A Warm Humid,urb,q1,sub,2095,0.0
C-WEU-PRT,Zone_3A Warm Humid,urb,q1,sub,2100,0.0
C-WEU-PRT,Zone_3A Warm Humid,urb,q2,perm,2015,1.0
C-WEU-PRT,Zone_3A Warm Humid,urb,q2,perm,2020,1.0
C-WEU-PRT,Zone_3A Warm Humid,urb,q2,perm,2025,1.0
C-WEU-PRT,Zone_3A Warm Humid,urb,q2,perm,2030,1.0
C-WEU-PRT,Zone_3A Warm Humid,urb,q2,perm,2035,1.0
C-WEU-PRT,Zone_3A Warm Humid,urb,q2,perm,2040,1.0
C-WEU-PRT,Zone_3A Warm Humid,urb,q2,perm,2045,1.0
C-WEU-PRT,Zone_3A Warm Humid,urb,q2,perm,2050,1.0
C-WEU-PRT,Zone_3A Warm Humid,urb,q2,perm,2055,1.0
C-WEU-PRT,Zone_3A Warm Humid,urb,q2,perm,2060,1.0
C-WEU-PRT,Zone_3A Warm Humid,urb,q2,perm,2065,1.0
C-WEU-PRT,Zone_3A Warm Humid,urb,q2,perm,2070,1.0
C-WEU-PRT,Zone_3A Warm Humid,urb,q2,perm,2075,1.0
C-WEU-PRT,Zone_3A Warm Humid,urb,q2,perm,2080,1.0
C-WEU-PRT,Zone_3A Warm Humid,urb,q2,perm,2085,1.0
C-WEU-PRT,Zone_3A Warm Humid,urb,q2,perm,2090,1.0
C-WEU-PRT,Zone_3A Warm Humid,urb,q2,perm,2095,1.0
C-WEU-PRT,Zone_3A Warm Humid,urb,q2,perm,2100,1.0
C-WEU-PRT,Zone_3A Warm Humid,urb,q2,sub,2015,0.0
C-WEU-PRT,Zone_3A Warm Humid,urb,q2,sub,2020,0.0
C-WEU-PRT,Zone_3A Warm Humid,urb,q2,sub,2025,0.0
C-WEU-PRT,Zone_3A Warm Humid,urb,q2,sub,2030,0.0
C-WEU-PRT,Zone_3A Warm Humid,urb,q2,sub,2035,0.0
C-WEU-PRT,Zone_3A Warm Humid,urb,q2,sub,2040,0.0
C-WEU-PRT,Zone_3A Warm Humid,urb,q2,sub,2045,0.0
C-WEU-PRT,Zone_3A Warm Humid,urb,q2,sub,2050,0.0
C-WEU-PRT,Zone_3A Warm Humid,urb,q2,sub,2055,0.0
C-WEU-PRT,Zone_3A Warm Humid,urb,q2,sub,2060,0.0
C-WEU-PRT,Zone_3A Warm Humid,urb,q2,sub,2065,0.0
C-WEU-PRT,Zone_3A Warm Humid,urb,q2,sub,2070,0.0
C-WEU-PRT,Zone_3A Warm Humid,urb,q2,sub,2075,0.0
C-WEU-PRT,Zone_3A Warm Humid,urb,q2,sub,2080,0.0
C-WEU-PRT,Zone_3A Warm Humid,urb,q2,sub,2085,0.0
C-WEU-PRT,Zone_3A Warm Humid,urb,q2,sub,2090,0.0
C-WEU-PRT,Zone_3A Warm Humid,urb,q2,sub,2095,0.0
C-WEU-PRT,Zone_3A Warm Humid,urb,q2,sub,2100,0.0
C-WEU-PRT,Zone_3A Warm Humid,urb,q3,perm,2015,1.0
C-WEU-PRT,Zone_3A Warm Humid,urb,q3,perm,2020,1.0
C-WEU-PRT,Zone_3A Warm Humid,urb,q3,perm,2025,1.0
C-WEU-PRT,Zone_3A Warm Humid,urb,q3,perm,2030,1.0
C-WEU-PRT,Zone_3A Warm Humid,urb,q3,perm,2035,1.0
C-WEU-PRT,Zone_3A Warm Humid,urb,q3,perm,2040,1.0
C-WEU-PRT,Zone_3A Warm Humid,urb,q3,perm,2045,1.0
C-WEU-PRT,Zone_3A Warm Humid,urb,q3,perm,2050,1.0
C-WEU-PRT,Zone_3A Warm Humid,urb,q3,perm,2055,1.0
C-WEU-PRT,Zone_3A Warm Humid,urb,q3,perm,2060,1.0
C-WEU-PRT,Zone_3A Warm Humid,urb,q3,perm,2065,1.0
C-WEU-PRT,Zone_3A Warm Humid,urb,q3,perm,2070,1.0
C-WEU-PRT,Zone_3A Warm Humid,urb,q3,perm,2075,1.0
C-WEU-PRT,Zone_3A Warm Humid,urb,q3,perm,2080,1.0
C-WEU-PRT,Zone_3A Warm Humid,urb,q3,perm,2085,1.0
C-WEU-PRT,Zone_3A Warm Humid,urb,q3,perm,2090,1.0
C-WEU-PRT,Zone_3A Warm Humid,urb,q3,perm,2095,1.0
C-WEU-PRT,Zone_3A Warm Humid,urb,q3,perm,2100,1.0
C-WEU-PRT,Zone_3A Warm Humid,urb,q3,sub,2015,0.0
C-WEU-PRT,Zone_3A Warm Humid,urb,q3,sub,2020,0.0
C-WEU-PRT,Zone_3A Warm Humid,urb,q3,sub,2025,0.0
C-WEU-PRT,Zone_3A Warm Humid,urb,q3,sub,2030,0.0
C-WEU-PRT,Zone_3A Warm Humid,urb,q3,sub,2035,0.0
C-WEU-PRT,Zone_3A Warm Humid,urb,q3,sub,2040,0.0
C-WEU-PRT,Zone_3A Warm Humid,urb,q3,sub,2045,0.0
C-WEU-PRT,Zone_3A Warm Humid,urb,q3,sub,2050,0.0
C-WEU-PRT,Zone_3A Warm Humid,urb,q3,sub,2055,0.0
C-WEU-PRT,Zone_3A Warm Humid,urb,q3,sub,2060,0.0
C-WEU-PRT,Zone_3A Warm Humid,urb,q3,sub,2065,0.0
C-WEU-PRT,Zone_3A Warm Humid,urb,q3,sub,2070,0.0
C-WEU-PRT,Zone_3A Warm Humid,urb,q3,sub,2075,0.0
C-WEU-PRT,Zone_3A Warm Humid,urb,q3,sub,2080,0.0
C-WEU-PRT,Zone_3A Warm Humid,urb,q3,sub,2085,0.0
C-WEU-PRT,Zone_3A Warm Humid,urb,q3,sub,2090,0.0
C-WEU-PRT,Zone_3A Warm Humid,urb,q3,sub,2095,0.0
C-WEU-PRT,Zone_3A Warm Humid,urb,q3,sub,2100,0.0
C-WEU-PRT,Zone_3C Warm Marine,rur,q1,perm,2015,1.0
C-WEU-PRT,Zone_3C Warm Marine,rur,q1,perm,2020,1.0
C-WEU-PRT,Zone_3C Warm Marine,rur,q1,perm,2025,1.0
C-WEU-PRT,Zone_3C Warm Marine,rur,q1,perm,2030,1.0
C-WEU-PRT,Zone_3C Warm Marine,rur,q1,perm,2035,1.0
C-WEU-PRT,Zone_3C Warm Marine,rur,q1,perm,2040,1.0
C-WEU-PRT,Zone_3C Warm Marine,rur,q1,perm,2045,1.0
C-WEU-PRT,Zone_3C Warm Marine,rur,q1,perm,2050,1.0
C-WEU-PRT,Zone_3C Warm Marine,rur,q1,perm,2055,1.0
C-WEU-PRT,Zone_3C Warm Marine,rur,q1,perm,2060,1.0
C-WEU-PRT,Zone_3C Warm Marine,rur,q1,perm,2065,1.0
C-WEU-PRT,Zone_3C Warm Marine,rur,q1,perm,2070,1.0
C-WEU-PRT,Zone_3C Warm Marine,rur,q1,perm,2075,1.0
C-WEU-PRT,Zone_3C Warm Marine,rur,q1,perm,2080,1.0
C-WEU-PRT,Zone_3C Warm Marine,rur,q1,perm,2085,1.0
C-WEU-PRT,Zone_3C Warm Marine,rur,q1,perm,2090,1.0
C-WEU-PRT,Zone_3C Warm Marine,rur,q1,perm,2095,1.0
C-WEU-PRT,Zone_3C Warm Marine,rur,q1,perm,2100,1.0
C-WEU-PRT,Zone_3C Warm Marine,rur,q1,sub,2015,0.0
C-WEU-PRT,Zone_3C Warm Marine,rur,q1,sub,2020,0.0
C-WEU-PRT,Zone_3C Warm Marine,rur,q1,sub,2025,0.0
C-WEU-PRT,Zone_3C Warm Marine,rur,q1,sub,2030,0.0
C-WEU-PRT,Zone_3C Warm Marine,rur,q1,sub,2035,0.0
C-WEU-PRT,Zone_3C Warm Marine,rur,q1,sub,2040,0.0
C-WEU-PRT,Zone_3C Warm Marine,rur,q1,sub,2045,0.0
C-WEU-PRT,Zone_3C Warm Marine,rur,q1,sub,2050,0.0
C-WEU-PRT,Zone_3C Warm Marine,rur,q1,sub,2055,0.0
C-WEU-PRT,Zone_3C Warm Marine,rur,q1,sub,2060,0.0
C-WEU-PRT,Zone_3C Warm Marine,rur,q1,sub,2065,0.0
C-WEU-PRT,Zone_3C Warm Marine,rur,q1,sub,2070,0.0
C-WEU-PRT,Zone_3C Warm Marine,rur,q1,sub,2075,0.0
C-WEU-PRT,Zone_3C Warm Marine,rur,q1,sub,2080,0.0
C-WEU-PRT,Zone_3C Warm Marine,rur,q1,sub,2085,0.0
C-WEU-PRT,Zone_3C Warm Marine,rur,q1,sub,2090,0.0
C-WEU-PRT,Zone_3C Warm Marine,rur,q1,sub,2095,0.0
C-WEU-PRT,Zone_3C Warm Marine,rur,q1,sub,2100,0.0
C-WEU-PRT,Zone_3C Warm Marine,rur,q2,perm,2015,1.0
C-WEU-PRT,Zone_3C Warm Marine,rur,q2,perm,2020,1.0
C-WEU-PRT,Zone_3C Warm Marine,rur,q2,perm,2025,1.0
C-WEU-PRT,Zone_3C Warm Marine,rur,q2,perm,2030,1.0
C-WEU-PRT,Zone_3C Warm Marine,rur,q2,perm,2035,1.0
C-WEU-PRT,Zone_3C Warm Marine,rur,q2,perm,2040,1.0
C-WEU-PRT,Zone_3C Warm Marine,rur,q2,perm,2045,1.0
C-WEU-PRT,Zone_3C Warm Marine,rur,q2,perm,2050,1.0
C-WEU-PRT,Zone_3C Warm Marine,rur,q2,perm,2055,1.0
C-WEU-PRT,Zone_3C Warm Marine,rur,q2,perm,2060,1.0
C-WEU-PRT,Zone_3C Warm Marine,rur,q2,perm,2065,1.0
C-WEU-PRT,Zone_3C Warm Marine,rur,q2,perm,2070,1.0
C-WEU-PRT,Zone_3C Warm Marine,rur,q2,perm,2075,1.0
C-WEU-PRT,Zone_3C Warm Marine,rur,q2,perm,2080,1.0
C-WEU-PRT,Zone_3C Warm Marine,rur,q2,perm,2085,1.0
C-WEU-PRT,Zone_3C Warm Marine,rur,q2,perm,2090,1.0
C-WEU-PRT,Zone_3C Warm Marine,rur,q2,perm,2095,1.0
C-WEU-PRT,Zone_3C Warm Marine,rur,q2,perm,2100,1.0
C-WEU-PRT,Zone_3C Warm Marine,rur,q2,sub,2015,0.0
C-WEU-PRT,Zone_3C Warm Marine,rur,q2,sub,2020,0.0
C-WEU-PRT,Zone_3C Warm Marine,rur,q2,sub,2025,0.0
C-WEU-PRT,Zone_3C Warm Marine,rur,q2,sub,2030,0.0
C-WEU-PRT,Zone_3C Warm Marine,rur,q2,sub,2035,0.0
C-WEU-PRT,Zone_3C Warm Marine,rur,q2,sub,2040,0.0
C-WEU-PRT,Zone_3C Warm Marine,rur,q2,sub,2045,0.0
C-WEU-PRT,Zone_3C Warm Marine,rur,q2,sub,2050,0.0
C-WEU-PRT,Zone_3C Warm Marine,rur,q2,sub,2055,0.0
C-WEU-PRT,Zone_3C Warm Marine,rur,q2,sub,2060,0.0
C-WEU-PRT,Zone_3C Warm Marine,rur,q2,sub,2065,0.0
C-WEU-PRT,Zone_3C Warm Marine,rur,q2,sub,2070,0.0
C-WEU-PRT,Zone_3C Warm Marine,rur,q2,sub,2075,0.0
C-WEU-PRT,Zone_3C Warm Marine,rur,q2,sub,2080,0.0
C-WEU-PRT,Zone_3C Warm Marine,rur,q2,sub,2085,0.0
C-WEU-PRT,Zone_3C Warm Marine,rur,q2,sub,2090,0.0
C-WEU-PRT,Zone_3C Warm Marine,rur,q2,sub,2095,0.0
C-WEU-PRT,Zone_3C Warm Marine,rur,q2,sub,2100,0.0
C-WEU-PRT,Zone_3C Warm Marine,rur,q3,perm,2015,1.0
C-WEU-PRT,Zone_3C Warm Marine,rur,q3,perm,2020,1.0
C-WEU-PRT,Zone_3C Warm Marine,rur,q3,perm,2025,1.0
C-WEU-PRT,Zone_3C Warm Marine,rur,q3,perm,2030,1.0
C-WEU-PRT,Zone_3C Warm Marine,rur,q3,perm,2035,1.0
C-WEU-PRT,Zone_3C Warm Marine,rur,q3,perm,2040,1.0
C-WEU-PRT,Zone_3C Warm Marine,rur,q3,perm,2045,1.0
C-WEU-PRT,Zone_3C Warm Marine,rur,q3,perm,2050,1.0
C-WEU-PRT,Zone_3C Warm Marine,rur,q3,perm,2055,1.0
C-WEU-PRT,Zone_3C Warm Marine,rur,q3,perm,2060,1.0
C-WEU-PRT,Zone_3C Warm Marine,rur,q3,perm,2065,1.0
C-WEU-PRT,Zone_3C Warm Marine,rur,q3,perm,2070,1.0
C-WEU-PRT,Zone_3C Warm Marine,rur,q3,perm,2075,1.0
C-WEU-PRT,Zone_3C Warm Marine,rur,q3,perm,2080,1.0
C-WEU-PRT,Zone_3C Warm Marine,rur,q3,perm,2085,1.0
C-WEU-PRT,Zone_3C Warm Marine,rur,q3,perm,2090,1.0
C-WEU-PRT,Zone_3C Warm Marine,rur,q3,perm,2095,1.0
C-WEU-PRT,Zone_3C Warm Marine,rur,q3,perm,2100,1.0
C-WEU-PRT,Zone_3C Warm Marine,rur,q3,sub,2015,0.0
C-WEU-PRT,Zone_3C Warm Marine,rur,q3,sub,2020,0.0
C-WEU-PRT,Zone_3C Warm Marine,rur,q3,sub,2025,0.0
C-WEU-PRT,Zone_3C Warm Marine,rur,q3,sub,2030,0.0
C-WEU-PRT,Zone_3C Warm Marine,rur,q3,sub,2035,0.0
C-WEU-PRT,Zone_3C Warm Marine,rur,q3,sub,2040,0.0
C-WEU-PRT,Zone_3C Warm Marine,rur,q3,sub,2045,0.0
C-WEU-PRT,Zone_3C Warm Marine,rur,q3,sub,2050,0.0
C-WEU-PRT,Zone_3C Warm Marine,rur,q3,sub,2055,0.0
C-WEU-PRT,Zone_3C Warm Marine,rur,q3,sub,2060,0.0
C-WEU-PRT,Zone_3C Warm Marine,rur,q3,sub,2065,0.0
C-WEU-PRT,Zone_3C Warm Marine,rur,q3,sub,2070,0.0
C-WEU-PRT,Zone_3C Warm Marine,rur,q3,sub,2075,0.0
C-WEU-PRT,Zone_3C Warm Marine,rur,q3,sub,2080,0.0
C-WEU-PRT,Zone_3C Warm Marine,rur,q3,sub,2085,0.0
C-WEU-PRT,Zone_3C Warm Marine,rur,q3,sub,2090,0.0
C-WEU-PRT,Zone_3C Warm Marine,rur,q3,sub,2095,0.0
C-WEU-PRT,Zone_3C Warm Marine,rur,q3,sub,2100,0.0
C-WEU-PRT,Zone_3C Warm Marine,urb,q1,perm,2015,1.0
C-WEU-PRT,Zone_3C Warm Marine,urb,q1,perm,2020,1.0
C-WEU-PRT,Zone_3C Warm Marine,urb,q1,perm,2025,1.0
C-WEU-PRT,Zone_3C Warm Marine,urb,q1,perm,2030,1.0
C-WEU-PRT,Zone_3C Warm Marine,urb,q1,perm,2035,1.0
C-WEU-PRT,Zone_3C Warm Marine,urb,q1,perm,2040,1.0
C-WEU-PRT,Zone_3C Warm Marine,urb,q1,perm,2045,1.0
C-WEU-PRT,Zone_3C Warm Marine,urb,q1,perm,2050,1.0
C-WEU-PRT,Zone_3C Warm Marine,urb,q1,perm,2055,1.0
C-WEU-PRT,Zone_3C Warm Marine,urb,q1,perm,2060,1.0
C-WEU-PRT,Zone_3C Warm Marine,urb,q1,perm,2065,1.0
C-WEU-PRT,Zone_3C Warm Marine,urb,q1,perm,2070,1.0
C-WEU-PRT,Zone_3C Warm Marine,urb,q1,perm,2075,1.0
C-WEU-PRT,Zone_3C Warm Marine,urb,q1,perm,2080,1.0
C-WEU-PRT,Zone_3C Warm Marine,urb,q1,perm,2085,1.0
C-WEU-PRT,Zone_3C Warm Marine,urb,q1,perm,2090,1.0
C-WEU-PRT,Zone_3C Warm Marine,urb,q1,perm,2095,1.0
C-WEU-PRT,Zone_3C Warm Marine,urb,q1,perm,2100,1.0
C-WEU-PRT,Zone_3C Warm Marine,urb,q1,sub,2015,0.0
C-WEU-PRT,Zone_3C Warm Marine,urb,q1,sub,2020,0.0
C-WEU-PRT,Zone_3C Warm Marine,urb,q1,sub,2025,0.0
C-WEU-PRT,Zone_3C Warm Marine,urb,q1,sub,2030,0.0
C-WEU-PRT,Zone_3C Warm Marine,urb,q1,sub,2035,0.0
C-WEU-PRT,Zone_3C Warm Marine,urb,q1,sub,2040,0.0
C-WEU-PRT,Zone_3C Warm Marine,urb,q1,sub,2045,0.0
C-WEU-PRT,Zone_3C Warm Marine,urb,q1,sub,2050,0.0
C-WEU-PRT,Zone_3C Warm Marine,urb,q1,sub,2055,0.0
C-WEU-PRT,Zone_3C Warm Marine,urb,q1,sub,2060,0.0
C-WEU-PRT,Zone_3C Warm Marine,urb,q1,sub,2065,0.0
C-WEU-PRT,Zone_3C Warm Marine,urb,q1,sub,2070,0.0
C-WEU-PRT,Zone_3C Warm Marine,urb,q1,sub,2075,0.0
C-WEU-PRT,Zone_3C Warm Marine,urb,q1,sub,2080,0.0
C-WEU-PRT,Zone_3C Warm Marine,urb,q1,sub,2085,0.0
C-WEU-PRT,Zone_3C Warm Marine,urb,q1,sub,2090,0.0
C-WEU-PRT,Zone_3C Warm Marine,urb,q1,sub,2095,0.0
C-WEU-PRT,Zone_3C Warm Marine,urb,q1,sub,2100,0.0
C-WEU-PRT,Zone_3C Warm Marine,urb,q2,perm,2015,1.0
C-WEU-PRT,Zone_3C Warm Marine,urb,q2,perm,2020,1.0
C-WEU-PRT,Zone_3C Warm Marine,urb,q2,perm,2025,1.0
C-WEU-PRT,Zone_3C Warm Marine,urb,q2,perm,2030,1.0
C-WEU-PRT,Zone_3C Warm Marine,urb,q2,perm,2035,1.0
C-WEU-PRT,Zone_3C Warm Marine,urb,q2,perm,2040,1.0
C-WEU-PRT,Zone_3C Warm Marine,urb,q2,perm,2045,1.0
C-WEU-PRT,Zone_3C Warm Marine,urb,q2,perm,2050,1.0
C-WEU-PRT,Zone_3C Warm Marine,urb,q2,perm,2055,1.0
C-WEU-PRT,Zone_3C Warm Marine,urb,q2,perm,2060,1.0
C-WEU-PRT,Zone_3C Warm Marine,urb,q2,perm,2065,1.0
C-WEU-PRT,Zone_3C Warm Marine,urb,q2,perm,2070,1.0
C-WEU-PRT,Zone_3C Warm Marine,urb,q2,perm,2075,1.0
C-WEU-PRT,Zone_3C Warm Marine,urb,q2,perm,2080,1.0
C-WEU-PRT,Zone_3C Warm Marine,urb,q2,perm,2085,1.0
C-WEU-PRT,Zone_3C Warm Marine,urb,q2,perm,2090,1.0
C-WEU-PRT,Zone_3C Warm Marine,urb,q2,perm,2095,1.0
C-WEU-PRT,Zone_3C Warm Marine,urb,q2,perm,2100,1.0
C-WEU-PRT,Zone_3C Warm Marine,urb,q2,sub,2015,0.0
C-WEU-PRT,Zone_3C Warm Marine,urb,q2,sub,2020,0.0
C-WEU-PRT,Zone_3C Warm Marine,urb,q2,sub,2025,0.0
C-WEU-PRT,Zone_3C Warm Marine,urb,q2,sub,2030,0.0
C-WEU-PRT,Zone_3C Warm Marine,urb,q2,sub,2035,0.0
C-WEU-PRT,Zone_3C Warm Marine,urb,q2,sub,2040,0.0
C-WEU-PRT,Zone_3C Warm Marine,urb,q2,sub,2045,0.0
C-WEU-PRT,Zone_3C Warm Marine,urb,q2,sub,2050,0.0
C-WEU-PRT,Zone_3C Warm Marine,urb,q2,sub,2055,0.0
C-WEU-PRT,Zone_3C Warm Marine,urb,q2,sub,2060,0.0
C-WEU-PRT,Zone_3C Warm Marine,urb,q2,sub,2065,0.0
C-WEU-PRT,Zone_3C Warm Marine,urb,q2,sub,2070,0.0
C-WEU-PRT,Zone_3C Warm Marine,urb,q2,sub,2075,0.0
C-WEU-PRT,Zone_3C Warm Marine,urb,q2,sub,2080,0.0
C-WEU-PRT,Zone_3C Warm Marine,urb,q2,sub,2085,0.0
C-WEU-PRT,Zone_3C Warm Marine,urb,q2,sub,2090,0.0
C-WEU-PRT,Zone_3C Warm Marine,urb,q2,sub,2095,0.0
C-WEU-PRT,Zone_3C Warm Marine,urb,q2,sub,2100,0.0
C-WEU-PRT,Zone_3C Warm Marine,urb,q3,perm,2015,1.0
C-WEU-PRT,Zone_3C Warm Marine,urb,q3,perm,2020,1.0
C-WEU-PRT,Zone_3C Warm Marine,urb,q3,perm,2025,1.0
C-WEU-PRT,Zone_3C Warm Marine,urb,q3,perm,2030,1.0
C-WEU-PRT,Zone_3C Warm Marine,urb,q3,perm,2035,1.0
C-WEU-PRT,Zone_3C Warm Marine,urb,q3,perm,2040,1.0
C-WEU-PRT,Zone_3C Warm Marine,urb,q3,perm,2045,1.0
C-WEU-PRT,Zone_3C Warm Marine,urb,q3,perm,2050,1.0
C-WEU-PRT,Zone_3C Warm Marine,urb,q3,perm,2055,1.0
C-WEU-PRT,Zone_3C Warm Marine,urb,q3,perm,2060,1.0
C-WEU-PRT,Zone_3C Warm Marine,urb,q3,perm,2065,1.0
C-WEU-PRT,Zone_3C Warm Marine,urb,q3,perm,2070,1.0
C-WEU-PRT,Zone_3C Warm Marine,urb,q3,perm,2075,1.0
C-WEU-PRT,Zone_3C Warm Marine,urb,q3,perm,2080,1.0
C-WEU-PRT,Zone_3C Warm Marine,urb,q3,perm,2085,1.0
C-WEU-PRT,Zone_3C Warm Marine,urb,q3,perm,2090,1.0
C-WEU-PRT,Zone_3C Warm Marine,urb,q3,perm,2095,1.0
C-WEU-PRT,Zone_3C Warm Marine,urb,q3,perm,2100,1.0
C-WEU-PRT,Zone_3C Warm Marine,urb,q3,sub,2015,0.0
C-WEU-PRT,Zone_3C Warm Marine,urb,q3,sub,2020,0.0
C-WEU-PRT,Zone_3C Warm Marine,urb,q3,sub,2025,0.0
C-WEU-PRT,Zone_3C Warm Marine,urb,q3,sub,2030,0.0
C-WEU-PRT,Zone_3C Warm Marine,urb,q3,sub,2035,0.0
C-WEU-PRT,Zone_3C Warm Marine,urb,q3,sub,2040,0.0
C-WEU-PRT,Zone_3C Warm Marine,urb,q3,sub,2045,0.0
C-WEU-PRT,Zone_3C Warm Marine,urb,q3,sub,2050,0.0
C-WEU-PRT,Zone_3C Warm Marine,urb,q3,sub,2055,0.0
C-WEU-PRT,Zone_3C Warm Marine,urb,q3,sub,2060,0.0
C-WEU-PRT,Zone_3C Warm Marine,urb,q3,sub,2065,0.0
C-WEU-PRT,Zone_3C Warm Marine,urb,q3,sub,2070,0.0
C-WEU-PRT,Zone_3C Warm Marine,urb,q3,sub,2075,0.0
C-WEU-PRT,Zone_3C Warm Marine,urb,q3,sub,2080,0.0
C-WEU-PRT,Zone_3C Warm Marine,urb,q3,sub,2085,0.0
C-WEU-PRT,Zone_3C Warm Marine,urb,q3,sub,2090,0.0
C-WEU-PRT,Zone_3C Warm Marine,urb,q3,sub,2095,0.0
C-WEU-PRT,Zone_3C Warm Marine,urb,q3,sub,2100,0.0
C-WEU-PRT,Zone_4A Mixed Humid,rur,q1,perm,2015,0.01091609458577147
C-WEU-PRT,Zone_4A Mixed Humid,rur,q1,perm,2020,0.01091609458577147
C-WEU-PRT,Zone_4A Mixed Humid,rur,q1,perm,2025,0.01062558092556869
C-WEU-PRT,Zone_4A Mixed Humid,rur,q1,perm,2030,0.01034164229969652
C-WEU-PRT,Zone_4A Mixed Humid,rur,q1,perm,2035,0.010086932045411655
C-WEU-PRT,Zone_4A Mixed Humid,rur,q1,perm,2040,0.009848759491163615
C-WEU-PRT,Zone_4A Mixed Humid,rur,q1,perm,2045,0.009626313394477693
C-WEU-PRT,Zone_4A Mixed Humid,rur,q1,perm,2050,0.009419312375102717
C-WEU-PRT,Zone_4A Mixed Humid,rur,q1,perm,2055,0.009240733179044022
C-WEU-PRT,Zone_4A Mixed Humid,rur,q1,perm,2060,0.009093472456123713
C-WEU-PRT,Zone_4A Mixed Humid,rur,q1,perm,2065,0.008976304835560143
C-WEU-PRT,Zone_4A Mixed Humid,rur,q1,perm,2070,0.00886512324926584
C-WEU-PRT,Zone_4A Mixed Humid,rur,q1,perm,2075,0.008758733873157202
C-WEU-PRT,Zone_4A Mixed Humid,rur,q1,perm,2080,0.008640550002491369
C-WEU-PRT,Zone_4A Mixed Humid,rur,q1,perm,2085,0.00851658526491444
C-WEU-PRT,Zone_4A Mixed Humid,rur,q1,perm,2090,0.008399181047802387
C-WEU-PRT,Zone_4A Mixed Humid,rur,q1,perm,2095,0.008298674598186983
C-WEU-PRT,Zone_4A Mixed Humid,rur,q1,perm,2100,0.008219434836663896
C-WEU-PRT,Zone_4A Mixed Humid,rur,q1,sub,2015,0.0
C-WEU-PRT,Zone_4A Mixed Humid,rur,q1,sub,2020,0.0
C-WEU-PRT,Zone_4A Mixed Humid,rur,q1,sub,2025,0.0
C-WEU-PRT,Zone_4A Mixed Humid,rur,q1,sub,2030,0.0
C-WEU-PRT,Zone_4A Mixed Humid,rur,q1,sub,2035,0.0
C-WEU-PRT,Zone_4A Mixed Humid,rur,q1,sub,2040,0.0
C-WEU-PRT,Zone_4A Mixed Humid,rur,q1,sub,2045,0.0
C-WEU-PRT,Zone_4A Mixed Humid,rur,q1,sub,2050,0.0
C-WEU-PRT,Zone_4A Mixed Humid,rur,q1,sub,2055,0.0
C-WEU-PRT,Zone_4A Mixed Humid,rur,q1,sub,2060,0.0
C-WEU-PRT,Zone_4A Mixed Humid,rur,q1,sub,2065,0.0
C-WEU-PRT,Zone_4A Mixed Humid,rur,q1,sub,2070,0.0
C-WEU-PRT,Zone_4A Mixed Humid,rur,q1,sub,2075,0.0
C-WEU-PRT,Zone_4A Mixed Humid,rur,q1,sub,2080,0.0
C-WEU-PRT,Zone_4A Mixed Humid,rur,q1,sub,2085,0.0
C-WEU-PRT,Zone_4A Mixed Humid,rur,q1,sub,2090,0.0
C-WEU-PRT,Zone_4A Mixed Humid,rur,q1,sub,2095,0.0
C-WEU-PRT,Zone_4A Mixed Humid,rur,q1,sub,2100,0.0
C-WEU-PRT,Zone_4A Mixed Humid,rur,q2,perm,2015,0.01091609458577147
C-WEU-PRT,Zone_4A Mixed Humid,rur,q2,perm,2020,0.01091609458577147
C-WEU-PRT,Zone_4A Mixed Humid,rur,q2,perm,2025,0.01062558092556869
C-WEU-PRT,Zone_4A Mixed Humid,rur,q2,perm,2030,0.01034164229969652
C-WEU-PRT,Zone_4A Mixed Humid,rur,q2,perm,2035,0.010086932045411655
C-WEU-PRT,Zone_4A Mixed Humid,rur,q2,perm,2040,0.009848759491163615
C-WEU-PRT,Zone_4A Mixed Humid,rur,q2,perm,2045,0.009626313394477693
C-WEU-PRT,Zone_4A Mixed Humid,rur,q2,perm,2050,0.009419312375102717
C-WEU-PRT,Zone_4A Mixed Humid,rur,q2,perm,2055,0.009240733179044022
C-WEU-PRT,Zone_4A Mixed Humid,rur,q2,perm,2060,0.009093472456123713
C-WEU-PRT,Zone_4A Mixed Humid,rur,q2,perm,2065,0.008976304835560143
C-WEU-PRT,Zone_4A Mixed Humid,rur,q2,perm,2070,0.00886512324926584
C-WEU-PRT,Zone_4A Mixed Humid,rur,q2,perm,2075,0.008758733873157202
C-WEU-PRT,Zone_4A Mixed Humid,rur,q2,perm,2080,0.008640550002491369
C-WEU-PRT,Zone_4A Mixed Humid,rur,q2,perm,2085,0.00851658526491444
C-WEU-PRT,Zone_4A Mixed Humid,rur,q2,perm,2090,0.008399181047802387
C-WEU-PRT,Zone_4A Mixed Humid,rur,q2,perm,2095,0.008298674598186983
C-WEU-PRT,Zone_4A Mixed Humid,rur,q2,perm,2100,0.008219434836663896
C-WEU-PRT,Zone_4A Mixed Humid,rur,q2,sub,2015,0.0
C-WEU-PRT,Zone_4A Mixed Humid,rur,q2,sub,2020,0.0
C-WEU-PRT,Zone_4A Mixed Humid,rur,q2,sub,2025,0.0
C-WEU-PRT,Zone_4A Mixed Humid,rur,q2,sub,2030,0.0
C-WEU-PRT,Zone_4A Mixed Humid,rur,q2,sub,2035,0.0
C-WEU-PRT,Zone_4A Mixed Humid,rur,q2,sub,2040,0.0
C-WEU-PRT,Zone_4A Mixed Humid,rur,q2,sub,2045,0.0
C-WEU-PRT,Zone_4A Mixed Humid,rur,q2,sub,2050,0.0
C-WEU-PRT,Zone_4A Mixed Humid,rur,q2,sub,2055,0.0
C-WEU-PRT,Zone_4A Mixed Humid,rur,q2,sub,2060,0.0
C-WEU-PRT,Zone_4A Mixed Humid,rur,q2,sub,2065,0.0
C-WEU-PRT,Zone_4A Mixed Humid,rur,q2,sub,2070,0.0
C-WEU-PRT,Zone_4A Mixed Humid,rur,q2,sub,2075,0.0
C-WEU-PRT,Zone_4A Mixed Humid,rur,q2,sub,2080,0.0
C-WEU-PRT,Zone_4A Mixed Humid,rur,q2,sub,2085,0.0
C-WEU-PRT,Zone_4A Mixed Humid,rur,q2,sub,2090,0.0
C-WEU-PRT,Zone_4A Mixed Humid,rur,q2,sub,2095,0.0
C-WEU-PRT,Zone_4A Mixed Humid,rur,q2,sub,2100,0.0
C-WEU-PRT,Zone_4A Mixed Humid,rur,q3,perm,2015,0.01091609458577147
C-WEU-PRT,Zone_4A Mixed Humid,rur,q3,perm,2020,0.01091609458577147
C-WEU-PRT,Zone_4A Mixed Humid,rur,q3,perm,2025,0.01062558092556869
C-WEU-PRT,Zone_4A Mixed Humid,rur,q3,perm,2030,0.01034164229969652
C-WEU-PRT,Zone_4A Mixed Humid,rur,q3,perm,2035,0.010086932045411655
C-WEU-PRT,Zone_4A Mixed Humid,rur,q3,perm,2040,0.009848759491163615
C-WEU-PRT,Zone_4A Mixed Humid,rur,q3,perm,2045,0.009626313394477693
C-WEU-PRT,Zone_4A Mixed Humid,rur,q3,perm,2050,0.009419312375102717
C-WEU-PRT,Zone_4A Mixed Humid,rur,q3,perm,2055,0.009240733179044022
C-WEU-PRT,Zone_4A Mixed Humid,rur,q3,perm,2060,0.009093472456123713
C-WEU-PRT,Zone_4A Mixed Humid,rur,q3,perm,2065,0.008976304835560143
C-WEU-PRT,Zone_4A Mixed Humid,rur,q3,perm,2070,0.00886512324926584
C-WEU-PRT,Zone_4A Mixed Humid,rur,q3,perm,2075,0.008758733873157202
C-WEU-PRT,Zone_4A Mixed Humid,rur,q3,perm,2080,0.008640550002491369
C-WEU-PRT,Zone_4A Mixed Humid,rur,q3,perm,2085,0.00851658526491444
C-WEU-PRT,Zone_4A Mixed Humid,rur,q3,perm,2090,0.008399181047802387
C-WEU-PRT,Zone_4A Mixed Humid,rur,q3,perm,2095,0.008298674598186983
C-WEU-PRT,Zone_4A Mixed Humid,rur,q3,perm,2100,0.008219434836663896
C-WEU-PRT,Zone_4A Mixed Humid,rur,q3,sub,2015,0.0
C-WEU-PRT,Zone_4A Mixed Humid,rur,q3,sub,2020,0.0
C-WEU-PRT,Zone_4A Mixed Humid,rur,q3,sub,2025,0.0
C-WEU-PRT,Zone_4A Mixed Humid,rur,q3,sub,2030,0.0
C-WEU-PRT,Zone_4A Mixed Humid,rur,q3,sub,2035,0.0
C-WEU-PRT,Zone_4A Mixed Humid,rur,q3,sub,2040,0.0
C-WEU-PRT,Zone_4A Mixed Humid,rur,q3,sub,2045,0.0
C-WEU-PRT,Zone_4A Mixed Humid,rur,q3,sub,2050,0.0
C-WEU-PRT,Zone_4A Mixed Humid,rur,q3,sub,2055,0.0
C-WEU-PRT,Zone_4A Mixed Humid,rur,q3,sub,2060,0.0
C-WEU-PRT,Zone_4A Mixed Humid,rur,q3,sub,2065,0.0
C-WEU-PRT,Zone_4A Mixed Humid,rur,q3,sub,2070,0.0
C-WEU-PRT,Zone_4A Mixed Humid,rur,q3,sub,2075,0.0
C-WEU-PRT,Zone_4A Mixed Humid,rur,q3,sub,2080,0.0
C-WEU-PRT,Zone_4A Mixed Humid,rur,q3,sub,2085,0.0
C-WEU-PRT,Zone_4A Mixed Humid,rur,q3,sub,2090,0.0
C-WEU-PRT,Zone_4A Mixed Humid,rur,q3,sub,2095,0.0
C-WEU-PRT,Zone_4A Mixed Humid,rur,q3,sub,2100,0.0
C-WEU-PRT,Zone_4A Mixed Humid,urb,q1,perm,2015,0.010846722563536373
C-WEU-PRT,Zone_4A Mixed Humid,urb,q1,perm,2020,0.010846722563536373
C-WEU-PRT,Zone_4A Mixed Humid,urb,q1,perm,2025,0.010564212622730417
C-WEU-PRT,Zone_4A Mixed Humid,urb,q1,perm,2030,0.01028768509093861
C-WEU-PRT,Zone_4A Mixed Humid,urb,q1,perm,2035,0.01004068493631277
C-WEU-PRT,Zone_4A Mixed Humid,urb,q1,perm,2040,0.009811116803481694
C-WEU-PRT,Zone_4A Mixed Humid,urb,q1,perm,2045,0.009598326180289135
C-WEU-PRT,Zone_4A Mixed Humid,urb,q1,perm,2050,0.009401721049722747
C-WEU-PRT,Zone_4A Mixed Humid,urb,q1,perm,2055,0.009233744514618381
C-WEU-PRT,Zone_4A Mixed Humid,urb,q1,perm,2060,0.009096843711988933
C-WEU-PRT,Zone_4A Mixed Humid,urb,q1,perm,2065,0.008989565644827351
C-WEU-PRT,Zone_4A Mixed Humid,urb,q1,perm,2070,0.008887865568081429
C-WEU-PRT,Zone_4A Mixed Humid,urb,q1,perm,2075,0.008790780533343735
C-WEU-PRT,Zone_4A Mixed Humid,urb,q1,perm,2080,0.008681710198824053
C-WEU-PRT,Zone_4A Mixed Humid,urb,q1,perm,2085,0.008566552226140646
C-WEU-PRT,Zone_4A Mixed Humid,urb,q1,perm,2090,0.008457463512917481
C-WEU-PRT,Zone_4A Mixed Humid,urb,q1,perm,2095,0.008364619342417693
C-WEU-PRT,Zone_4A Mixed Humid,urb,q1,perm,2100,0.008292284214737001
C-WEU-PRT,Zone_4A Mixed Humid,urb,q1,sub,2015,0.0
C-WEU-PRT,Zone_4A Mixed Humid,urb,q1,sub,2020,0.0
C-WEU-PRT,Zone_4A Mixed Humid,urb,q1,sub,2025,0.0
C-WEU-PRT,Zone_4A Mixed Humid,urb,q1,sub,2030,0.0
C-WEU-PRT,Zone_4A Mixed Humid,urb,q1,sub,2035,0.0
C-WEU-PRT,Zone_4A Mixed Humid,urb,q1,sub,2040,0.0
C-WEU-PRT,Zone_4A Mixed Humid,urb,q1,sub,2045,0.0
C-WEU-PRT,Zone_4A Mixed Humid,urb,q1,sub,2050,0.0
C-WEU-PRT,Zone_4A Mixed Humid,urb,q1,sub,2055,0.0
C-WEU-PRT,Zone_4A Mixed Humid,urb,q1,sub,2060,0.0
C-WEU-PRT,Zone_4A Mixed Humid,urb,q1,sub,2065,0.0
C-WEU-PRT,Zone_4A Mixed Humid,urb,q1,sub,2070,0.0
C-WEU-PRT,Zone_4A Mixed Humid,urb,q1,sub,2075,0.0
C-WEU-PRT,Zone_4A Mixed Humid,urb,q1,sub,2080,0.0
C-WEU-PRT,Zone_4A Mixed Humid,urb,q1,sub,2085,0.0
C-WEU-PRT,Zone_4A Mixed Humid,urb,q1,sub,2090,0.0
C-WEU-PRT,Zone_4A Mixed Humid,urb,q1,sub,2095,0.0
C-WEU-PRT,Zone_4A Mixed Humid,urb,q1,sub,2100,0.0
C-WEU-PRT,Zone_4A Mixed Humid,urb,q2,perm,2015,0.010846722563536373
C-WEU-PRT,Zone_4A Mixed Humid,urb,q2,perm,2020,0.010846722563536373
C-WEU-PRT,Zone_4A Mixed Humid,urb,q2,perm,2025,0.010564212622730417
C-WEU-PRT,Zone_4A Mixed Humid,urb,q2,perm,2030,0.01028768509093861
C-WEU-PRT,Zone_4A Mixed Humid,urb,q2,perm,2035,0.01004068493631277
C-WEU-PRT,Zone_4A Mixed Humid,urb,q2,perm,2040,0.009811116803481694
C-WEU-PRT,Zone_4A Mixed Humid,urb,q2,perm,2045,0.009598326180289135
C-WEU-PRT,Zone_4A Mixed Humid,urb,q2,perm,2050,0.009401721049722747
C-WEU-PRT,Zone_4A Mixed Humid,urb,q2,perm,2055,0.009233744514618381
C-WEU-PRT,Zone_4A Mixed Humid,urb,q2,perm,2060,0.009096843711988933
C-WEU-PRT,Zone_4A Mixed Humid,urb,q2,perm,2065,0.008989565644827351
C-WEU-PRT,Zone_4A Mixed Humid,urb,q2,perm,2070,0.008887865568081429
C-WEU-PRT,Zone_4A Mixed Humid,urb,q2,perm,2075,0.008790780533343735
C-WEU-PRT,Zone_4A Mixed Humid,urb,q2,perm,2080,0.008681710198824053
C-WEU-PRT,Zone_4A Mixed Humid,urb,q2,perm,2085,0.008566552226140646
C-WEU-PRT,Zone_4A Mixed Humid,urb,q2,perm,2090,0.008457463512917481
C-WEU-PRT,Zone_4A Mixed Humid,urb,q2,perm,2095,0.008364619342417693
C-WEU-PRT,Zone_4A Mixed Humid,urb,q2,perm,2100,0.008292284214737001
C-WEU-PRT,Zone_4A Mixed Humid,urb,q2,sub,2015,0.0
C-WEU-PRT,Zone_4A Mixed Humid,urb,q2,sub,2020,0.0
C-WEU-PRT,Zone_4A Mixed Humid,urb,q2,sub,2025,0.0
C-WEU-PRT,Zone_4A Mixed Humid,urb,q2,sub,2030,0.0
C-WEU-PRT,Zone_4A Mixed Humid,urb,q2,sub,2035,0.0
C-WEU-PRT,Zone_4A Mixed Humid,urb,q2,sub,2040,0.0
C-WEU-PRT,Zone_4A Mixed Humid,urb,q2,sub,2045,0.0
C-WEU-PRT,Zone_4A Mixed Humid,urb,q2,sub,2050,0.0
C-WEU-PRT,Zone_4A Mixed Humid,urb,q2,sub,2055,0.0
C-WEU-PRT,Zone_4A Mixed Humid,urb,q2,sub,2060,0.0
C-WEU-PRT,Zone_4A Mixed Humid,urb,q2,sub,2065,0.0
C-WEU-PRT,Zone_4A Mixed Humid,urb,q2,sub,2070,0.0
C-WEU-PRT,Zone_4A Mixed Humid,urb,q2,sub,2075,0.0
C-WEU-PRT,Zone_4A Mixed Humid,urb,q2,sub,2080,0.0
C-WEU-PRT,Zone_4A Mixed Humid,urb,q2,sub,2085,0.0
C-WEU-PRT,Zone_4A Mixed Humid,urb,q2,sub,2090,0.0
C-WEU-PRT,Zone_4A Mixed Humid,urb,q2,sub,2095,0.0
C-WEU-PRT,Zone_4A Mixed Humid,urb,q2,sub,2100,0.0
C-WEU-PRT,Zone_4A Mixed Humid,urb,q3,perm,2015,0.010846722563536373
C-WEU-PRT,Zone_4A Mixed Humid,urb,q3,perm,2020,0.010846722563536373
C-WEU-PRT,Zone_4A Mixed Humid,urb,q3,perm,2025,0.010564212622730417
C-WEU-PRT,Zone_4A Mixed Humid,urb,q3,perm,2030,0.01028768509093861
C-WEU-PRT,Zone_4A Mixed Humid,urb,q3,perm,2035,0.01004068493631277
C-WEU-PRT,Zone_4A Mixed Humid,urb,q3,perm,2040,0.009811116803481694
C-WEU-PRT,Zone_4A Mixed Humid,urb,q3,perm,2045,0.009598326180289135
C-WEU-PRT,Zone_4A Mixed Humid,urb,q3,perm,2050,0.009401721049722747
C-WEU-PRT,Zone_4A Mixed Humid,urb,q3,perm,2055,0.009233744514618381
C-WEU-PRT,Zone_4A Mixed Humid,urb,q3,perm,2060,0.009096843711988933
C-WEU-PRT,Zone_4A Mixed Humid,urb,q3,perm,2065,0.008989565644827351
C-WEU-PRT,Zone_4A Mixed Humid,urb,q3,perm,2070,0.008887865568081429
C-WEU-PRT,Zone_4A Mixed Humid,urb,q3,perm,2075,0.008790780533343735
C-WEU-PRT,Zone_4A Mixed Humid,urb,q3,perm,2080,0.008681710198824053
C-WEU-PRT,Zone_4A Mixed Humid,urb,q3,perm,2085,0.008566552226140646
C-WEU-PRT,Zone_4A Mixed Humid,urb,q3,perm,2090,0.008457463512917481
C-WEU-PRT,Zone_4A Mixed Humid,urb,q3,perm,2095,0.008364619342417693
C-WEU-PRT,Zone_4A Mixed Humid,urb,q3,perm,2100,0.008292284214737001
C-WEU-PRT,Zone_4A Mixed Humid,urb,q3,sub,2015,0.0
C-WEU-PRT,Zone_4A Mixed Humid,urb,q3,sub,2020,0.0
C-WEU-PRT,Zone_4A Mixed Humid,urb,q3,sub,2025,0.0
C-WEU-PRT,Zone_4A Mixed Humid,urb,q3,sub,2030,0.0
C-WEU-PRT,Zone_4A Mixed Humid,urb,q3,sub,2035,0.0
C-WEU-PRT,Zone_4A Mixed Humid,urb,q3,sub,2040,0.0
C-WEU-PRT,Zone_4A Mixed Humid,urb,q3,sub,2045,0.0
C-WEU-PRT,Zone_4A Mixed Humid,urb,q3,sub,2050,0.0
C-WEU-PRT,Zone_4A Mixed Humid,urb,q3,sub,2055,0.0
C-WEU-PRT,Zone_4A Mixed Humid,urb,q3,sub,2060,0.0
C-WEU-PRT,Zone_4A Mixed Humid,urb,q3,sub,2065,0.0
C-WEU-PRT,Zone_4A Mixed Humid,urb,q3,sub,2070,0.0
C-WEU-PRT,Zone_4A Mixed Humid,urb,q3,sub,2075,0.0
C-WEU-PRT,Zone_4A Mixed Humid,urb,q3,sub,2080,0.0
C-WEU-PRT,Zone_4A Mixed Humid,urb,q3,sub,2085,0.0
C-WEU-PRT,Zone_4A Mixed Humid,urb,q3,sub,2090,0.0
C-WEU-PRT,Zone_4A Mixed Humid,urb,q3,sub,2095,0.0
C-WEU-PRT,Zone_4A Mixed Humid,urb,q3,sub,2100,0.0
C-WEU-PRT,Zone_4C Mixed Marine,rur,q1,perm,2015,0.09662692296877706
C-WEU-PRT,Zone_4C Mixed Marine,rur,q1,perm,2020,0.09662692296877706
C-WEU-PRT,Zone_4C Mixed Marine,rur,q1,perm,2025,0.09575179247977914
C-WEU-PRT,Zone_4C Mixed Marine,rur,q1,perm,2030,0.0949336174408357
C-WEU-PRT,Zone_4C Mixed Marine,rur,q1,perm,2035,0.09403348076129285
C-WEU-PRT,Zone_4C Mixed Marine,rur,q1,perm,2040,0.0928600110558702
C-WEU-PRT,Zone_4C Mixed Marine,rur,q1,perm,2045,0.0913199945676445
C-WEU-PRT,Zone_4C Mixed Marine,rur,q1,perm,2050,0.08949267049638286
C-WEU-PRT,Zone_4C Mixed Marine,rur,q1,perm,2055,0.08753946563690516
C-WEU-PRT,Zone_4C Mixed Marine,rur,q1,perm,2060,0.08557331369447221
C-WEU-PRT,Zone_4C Mixed Marine,rur,q1,perm,2065,0.08365112987889103
C-WEU-PRT,Zone_4C Mixed Marine,rur,q1,perm,2070,0.08178064537765103
C-WEU-PRT,Zone_4C Mixed Marine,rur,q1,perm,2075,0.07991673818036027
C-WEU-PRT,Zone_4C Mixed Marine,rur,q1,perm,2080,0.07802136246296733
C-WEU-PRT,Zone_4C Mixed Marine,rur,q1,perm,2085,0.07612586848202761
C-WEU-PRT,Zone_4C Mixed Marine,rur,q1,perm,2090,0.07432179049151316
C-WEU-PRT,Zone_4C Mixed Marine,rur,q1,perm,2095,0.07269138974189521
C-WEU-PRT,Zone_4C Mixed Marine,rur,q1,perm,2100,0.07127007197126335
C-WEU-PRT,Zone_4C Mixed Marine,rur,q1,sub,2015,0.0
C-WEU-PRT,Zone_4C Mixed Marine,rur,q1,sub,2020,0.0
C-WEU-PRT,Zone_4C Mixed Marine,rur,q1,sub,2025,0.0
C-WEU-PRT,Zone_4C Mixed Marine,rur,q1,sub,2030,0.0
C-WEU-PRT,Zone_4C Mixed Marine,rur,q1,sub,2035,0.0
C-WEU-PRT,Zone_4C Mixed Marine,rur,q1,sub,2040,0.0
C-WEU-PRT,Zone_4C Mixed Marine,rur,q1,sub,2045,0.0
C-WEU-PRT,Zone_4C Mixed Marine,rur,q1,sub,2050,0.0
C-WEU-PRT,Zone_4C Mixed Marine,rur,q1,sub,2055,0.0
C-WEU-PRT,Zone_4C Mixed Marine,rur,q1,sub,2060,0.0
C-WEU-PRT,Zone_4C Mixed Marine,rur,q1,sub,2065,0.0
C-WEU-PRT,Zone_4C Mixed Marine,rur,q1,sub,2070,0.0
C-WEU-PRT,Zone_4C Mixed Marine,rur,q1,sub,2075,0.0
C-WEU-PRT,Zone_4C Mixed Marine,rur,q1,sub,2080,0.0
C-WEU-PRT,Zone_4C Mixed Marine,rur,q1,sub,2085,0.0
C-WEU-PRT,Zone_4C Mixed Marine,rur,q1,sub,2090,0.0
C-WEU-PRT,Zone_4C Mixed Marine,rur,q1,sub,2095,0.0
C-WEU-PRT,Zone_4C Mixed Marine,rur,q1,sub,2100,0.0
C-WEU-PRT,Zone_4C Mixed Marine,rur,q2,perm,2015,0.09662692296877706
C-WEU-PRT,Zone_4C Mixed Marine,rur,q2,perm,2020,0.09662692296877706
C-WEU-PRT,Zone_4C Mixed Marine,rur,q2,perm,2025,0.09575179247977914
C-WEU-PRT,Zone_4C Mixed Marine,rur,q2,perm,2030,0.0949336174408357
C-WEU-PRT,Zone_4C Mixed Marine,rur,q2,perm,2035,0.09403348076129285
C-WEU-PRT,Zone_4C Mixed Marine,rur,q2,perm,2040,0.0928600110558702
C-WEU-PRT,Zone_4C Mixed Marine,rur,q2,perm,2045,0.0913199945676445
C-WEU-PRT,Zone_4C Mixed Marine,rur,q2,perm,2050,0.08949267049638286
C-WEU-PRT,Zone_4C Mixed Marine,rur,q2,perm,2055,0.08753946563690516
C-WEU-PRT,Zone_4C Mixed Marine,rur,q2,perm,2060,0.08557331369447221
C-WEU-PRT,Zone_4C Mixed Marine,rur,q2,perm,2065,0.08365112987889103
C-WEU-PRT,Zone_4C Mixed Marine,rur,q2,perm,2070,0.08178064537765103
C-WEU-PRT,Zone_4C Mixed Marine,rur,q2,perm,2075,0.07991673818036027
C-WEU-PRT,Zone_4C Mixed Marine,rur,q2,perm,2080,0.07802136246296733
C-WEU-PRT,Zone_4C Mixed Marine,rur,q2,perm,2085,0.07612586848202761
C-WEU-PRT,Zone_4C Mixed Marine,rur,q2,perm,2090,0.07432179049151316
C-WEU-PRT,Zone_4C Mixed Marine,rur,q2,perm,2095,0.07269138974189521
C-WEU-PRT,Zone_4C Mixed Marine,rur,q2,perm,2100,0.07127007197126335
C-WEU-PRT,Zone_4C Mixed Marine,rur,q2,sub,2015,0.0
C-WEU-PRT,Zone_4C Mixed Marine,rur,q2,sub,2020,0.0
C-WEU-PRT,Zone_4C Mixed Marine,rur,q2,sub,2025,0.0
C-WEU-PRT,Zone_4C Mixed Marine,rur,q2,sub,2030,0.0
C-WEU-PRT,Zone_4C Mixed Marine,rur,q2,sub,2035,0.0
C-WEU-PRT,Zone_4C Mixed Marine,rur,q2,sub,2040,0.0
C-WEU-PRT,Zone_4C Mixed Marine,rur,q2,sub,2045,0.0
C-WEU-PRT,Zone_4C Mixed Marine,rur,q2,sub,2050,0.0
C-WEU-PRT,Zone_4C Mixed Marine,rur,q2,sub,2055,0.0
C-WEU-PRT,Zone_4C Mixed Marine,rur,q2,sub,2060,0.0
C-WEU-PRT,Zone_4C Mixed Marine,rur,q2,sub,2065,0.0
C-WEU-PRT,Zone_4C Mixed Marine,rur,q2,sub,2070,0.0
C-WEU-PRT,Zone_4C Mixed Marine,rur,q2,sub,2075,0.0
C-WEU-PRT,Zone_4C Mixed Marine,rur,q2,sub,2080,0.0
C-WEU-PRT,Zone_4C Mixed Marine,rur,q2,sub,2085,0.0
C-WEU-PRT,Zone_4C Mixed Marine,rur,q2,sub,2090,0.0
C-WEU-PRT,Zone_4C Mixed Marine,rur,q2,sub,2095,0.0
C-WEU-PRT,Zone_4C Mixed Marine,rur,q2,sub,2100,0.0
C-WEU-PRT,Zone_4C Mixed Marine,rur,q3,perm,2015,0.09662692296877706
C-WEU-PRT,Zone_4C Mixed Marine,rur,q3,perm,2020,0.09662692296877706
C-WEU-PRT,Zone_4C Mixed Marine,rur,q3,perm,2025,0.09575179247977914
C-WEU-PRT,Zone_4C Mixed Marine,rur,q3,perm,2030,0.0949336174408357
C-WEU-PRT,Zone_4C Mixed Marine,rur,q3,perm,2035,0.09403348076129285
C-WEU-PRT,Zone_4C Mixed Marine,rur,q3,perm,2040,0.0928600110558702
C-WEU-PRT,Zone_4C Mixed Marine,rur,q3,perm,2045,0.0913199945676445
C-WEU-PRT,Zone_4C Mixed Marine,rur,q3,perm,2050,0.08949267049638286
C-WEU-PRT,Zone_4C Mixed Marine,rur,q3,perm,2055,0.08753946563690516
C-WEU-PRT,Zone_4C Mixed Marine,rur,q3,perm,2060,0.08557331369447221
C-WEU-PRT,Zone_4C Mixed Marine,rur,q3,perm,2065,0.08365112987889103
C-WEU-PRT,Zone_4C Mixed Marine,rur,q3,perm,2070,0.08178064537765103
C-WEU-PRT,Zone_4C Mixed Marine,rur,q3,perm,2075,0.07991673818036027
C-WEU-PRT,Zone_4C Mixed Marine,rur,q3,perm,2080,0.07802136246296733
C-WEU-PRT,Zone_4C Mixed Marine,rur,q3,perm,2085,0.07612586848202761
C-WEU-PRT,Zone_4C Mixed Marine,rur,q3,perm,2090,0.07432179049151316
C-WEU-PRT,Zone_4C Mixed Marine,rur,q3,perm,2095,0.07269138974189521
C-WEU-PRT,Zone_4C Mixed Marine,rur,q3,perm,2100,0.07127007197126335
C-WEU-PRT,Zone_4C Mixed Marine,rur,q3,sub,2015,0.0
C-WEU-PRT,Zone_4C Mixed Marine,rur,q3,sub,2020,0.0
C-WEU-PRT,Zone_4C Mixed Marine,rur,q3,sub,2025,0.0
C-WEU-PRT,Zone_4C Mixed Marine,rur,q3,sub,2030,0.0
C-WEU-PRT,Zone_4C Mixed Marine,rur,q3,sub,2035,0.0
C-WEU-PRT,Zone_4C Mixed Marine,rur,q3,sub,2040,0.0
C-WEU-PRT,Zone_4C Mixed Marine,rur,q3,sub,2045,0.0
C-WEU-PRT,Zone_4C Mixed Marine,rur,q3,sub,2050,0.0
C-WEU-PRT,Zone_4C Mixed Marine,rur,q3,sub,2055,0.0
C-WEU-PRT,Zone_4C Mixed Marine,rur,q3,sub,2060,0.0
C-WEU-PRT,Zone_4C Mixed Marine,rur,q3,sub,2065,0.0
C-WEU-PRT,Zone_4C Mixed Marine,rur,q3,sub,2070,0.0
C-WEU-PRT,Zone_4C Mixed Marine,rur,q3,sub,2075,0.0
C-WEU-PRT,Zone_4C Mixed Marine,rur,q3,sub,2080,0.0
C-WEU-PRT,Zone_4C Mixed Marine,rur,q3,sub,2085,0.0
C-WEU-PRT,Zone_4C Mixed Marine,rur,q3,sub,2090,0.0
C-WEU-PRT,Zone_4C Mixed Marine,rur,q3,sub,2095,0.0
C-WEU-PRT,Zone_4C Mixed Marine,rur,q3,sub,2100,0.0
C-WEU-PRT,Zone_4C Mixed Marine,urb,q1,perm,2015,0.09601285673876872
C-WEU-PRT,Zone_4C Mixed Marine,urb,q1,perm,2020,0.09601285673876872
C-WEU-PRT,Zone_4C Mixed Marine,urb,q1,perm,2025,0.09519877565751123
C-WEU-PRT,Zone_4C Mixed Marine,urb,q1,perm,2030,0.09443830413701451
C-WEU-PRT,Zone_4C Mixed Marine,urb,q1,perm,2035,0.09360235099615334
C-WEU-PRT,Zone_4C Mixed Marine,urb,q1,perm,2040,0.09250509322104535
C-WEU-PRT,Zone_4C Mixed Marine,urb,q1,perm,2045,0.09105449394004891
C-WEU-PRT,Zone_4C Mixed Marine,urb,q1,perm,2050,0.08932553571805356
C-WEU-PRT,Zone_4C Mixed Marine,urb,q1,perm,2055,0.08747326050604746
C-WEU-PRT,Zone_4C Mixed Marine,urb,q1,perm,2060,0.0856050385979225
C-WEU-PRT,Zone_4C Mixed Marine,urb,q1,perm,2065,0.08377470875668452
C-WEU-PRT,Zone_4C Mixed Marine,urb,q1,perm,2070,0.08199044296961101
C-WEU-PRT,Zone_4C Mixed Marine,urb,q1,perm,2075,0.08020913940966669
C-WEU-PRT,Zone_4C Mixed Marine,urb,q1,perm,2080,0.07839302567840965
C-WEU-PRT,Zone_4C Mixed Marine,urb,q1,perm,2085,0.0765725003421485
C-WEU-PRT,Zone_4C Mixed Marine,urb,q1,perm,2090,0.07483751424326471
C-WEU-PRT,Zone_4C Mixed Marine,urb,q1,perm,2095,0.07326902597134244
C-WEU-PRT,Zone_4C Mixed Marine,urb,q1,perm,2100,0.0719017431897232
C-WEU-PRT,Zone_4C Mixed Marine,urb,q1,sub,2015,0.0
C-WEU-PRT,Zone_4C Mixed Marine,urb,q1,sub,2020,0.0
C-WEU-PRT,Zone_4C Mixed Marine,urb,q1,sub,2025,0.0
C-WEU-PRT,Zone_4C Mixed Marine,urb,q1,sub,2030,0.0
C-WEU-PRT,Zone_4C Mixed Marine,urb,q1,sub,2035,0.0
C-WEU-PRT,Zone_4C Mixed Marine,urb,q1,sub,2040,0.0
C-WEU-PRT,Zone_4C Mixed Marine,urb,q1,sub,2045,0.0
C-WEU-PRT,Zone_4C Mixed Marine,urb,q1,sub,2050,0.0
C-WEU-PRT,Zone_4C Mixed Marine,urb,q1,sub,2055,0.0
C-WEU-PRT,Zone_4C Mixed Marine,urb,q1,sub,2060,0.0
C-WEU-PRT,Zone_4C Mixed Marine,urb,q1,sub,2065,0.0
C-WEU-PRT,Zone_4C Mixed Marine,urb,q1,sub,2070,0.0
C-WEU-PRT,Zone_4C Mixed Marine,urb,q1,sub,2075,0.0
C-WEU-PRT,Zone_4C Mixed Marine,urb,q1,sub,2080,0.0
C-WEU-PRT,Zone_4C Mixed Marine,urb,q1,sub,2085,0.0
C-WEU-PRT,Zone_4C Mixed Marine,urb,q1,sub,2090,0.0
C-WEU-PRT,Zone_4C Mixed Marine,urb,q1,sub,2095,0.0
C-WEU-PRT,Zone_4C Mixed Marine,urb,q1,sub,2100,0.0
C-WEU-PRT,Zone_4C Mixed Marine,urb,q2,perm,2015,0.09601285673876872
C-WEU-PRT,Zone_4C Mixed Marine,urb,q2,perm,2020,0.09601285673876872
C-WEU-PRT,Zone_4C Mixed Marine,urb,q2,perm,2025,0.09519877565751123
C-WEU-PRT,Zone_4C Mixed Marine,urb,q2,perm,2030,0.09443830413701451
C-WEU-PRT,Zone_4C Mixed Marine,urb,q2,perm,2035,0.09360235099615334
C-WEU-PRT,Zone_4C Mixed Marine,urb,q2,perm,2040,0.09250509322104535
C-WEU-PRT,Zone_4C Mixed Marine,urb,q2,perm,2045,0.09105449394004891
C-WEU-PRT,Zone_4C Mixed Marine,urb,q2,perm,2050,0.08932553571805356
C-WEU-PRT,Zone_4C Mixed Marine,urb,q2,perm,2055,0.08747326050604746
C-WEU-PRT,Zone_4C Mixed Marine,urb,q2,perm,2060,0.0856050385979225
C-WEU-PRT,Zone_4C Mixed Marine,urb,q2,perm,2065,0.08377470875668452
C-WEU-PRT,Zone_4C Mixed Marine,urb,q2,perm,2070,0.08199044296961101
C-WEU-PRT,Zone_4C Mixed Marine,urb,q2,perm,2075,0.08020913940966669
C-WEU-PRT,Zone_4C Mixed Marine,urb,q2,perm,2080,0.07839302567840965
C-WEU-PRT,Zone_4C Mixed Marine,urb,q2,perm,2085,0.0765725003421485
C-WEU-PRT,Zone_4C Mixed Marine,urb,q2,perm,2090,0.07483751424326471
C-WEU-PRT,Zone_4C Mixed Marine,urb,q2,perm,2095,0.07326902597134244
C-WEU-PRT,Zone_4C Mixed Marine,urb,q2,perm,2100,0.0719017431897232
C-WEU-PRT,Zone_4C Mixed Marine,urb,q2,sub,2015,0.0
C-WEU-PRT,Zone_4C Mixed Marine,urb,q2,sub,2020,0.0
C-WEU-PRT,Zone_4C Mixed Marine,urb,q2,sub,2025,0.0
C-WEU-PRT,Zone_4C Mixed Marine,urb,q2,sub,2030,0.0
C-WEU-PRT,Zone_4C Mixed Marine,urb,q2,sub,2035,0.0
C-WEU-PRT,Zone_4C Mixed Marine,urb,q2,sub,2040,0.0
C-WEU-PRT,Zone_4C Mixed Marine,urb,q2,sub,2045,0.0
C-WEU-PRT,Zone_4C Mixed Marine,urb,q2,sub,2050,0.0
C-WEU-PRT,Zone_4C Mixed Marine,urb,q2,sub,2055,0.0
C-WEU-PRT,Zone_4C Mixed Marine,urb,q2,sub,2060,0.0
C-WEU-PRT,Zone_4C Mixed Marine,urb,q2,sub,2065,0.0
C-WEU-PRT,Zone_4C Mixed Marine,urb,q2,sub,2070,0.0
C-WEU-PRT,Zone_4C Mixed Marine,urb,q2,sub,2075,0.0
C-WEU-PRT,Zone_4C Mixed Marine,urb,q2,sub,2080,0.0
C-WEU-PRT,Zone_4C Mixed Marine,urb,q2,sub,2085,0.0
C-WEU-PRT,Zone_4C Mixed Marine,urb,q2,sub,2090,0.0
C-WEU-PRT,Zone_4C Mixed Marine,urb,q2,sub,2095,0.0
C-WEU-PRT,Zone_4C Mixed Marine,urb,q2,sub,2100,0.0
C-WEU-PRT,Zone_4C Mixed Marine,urb,q3,perm,2015,0.09601285673876872
C-WEU-PRT,Zone_4C Mixed Marine,urb,q3,perm,2020,0.09601285673876872
C-WEU-PRT,Zone_4C Mixed Marine,urb,q3,perm,2025,0.09519877565751123
C-WEU-PRT,Zone_4C Mixed Marine,urb,q3,perm,2030,0.09443830413701451
C-WEU-PRT,Zone_4C Mixed Marine,urb,q3,perm,2035,0.09360235099615334
C-WEU-PRT,Zone_4C Mixed Marine,urb,q3,perm,2040,0.09250509322104535
C-WEU-PRT,Zone_4C Mixed Marine,urb,q3,perm,2045,0.09105449394004891
C-WEU-PRT,Zone_4C Mixed Marine,urb,q3,perm,2050,0.08932553571805356
C-WEU-PRT,Zone_4C Mixed Marine,urb,q3,perm,2055,0.08747326050604746
C-WEU-PRT,Zone_4C Mixed Marine,urb,q3,perm,2060,0.0856050385979225
C-WEU-PRT,Zone_4C Mixed Marine,urb,q3,perm,2065,0.08377470875668452
C-WEU-PRT,Zone_4C Mixed Marine,urb,q3,perm,2070,0.08199044296961101
C-WEU-PRT,Zone_4C Mixed Marine,urb,q3,perm,2075,0.08020913940966669
C-WEU-PRT,Zone_4C Mixed Marine,urb,q3,perm,2080,0.07839302567840965
C-WEU-PRT,Zone_4C Mixed Marine,urb,q3,perm,2085,0.0765725003421485
C-WEU-PRT,Zone_4C Mixed Marine,urb,q3,perm,2090,0.07483751424326471
C-WEU-PRT,Zone_4C Mixed Marine,urb,q3,perm,2095,0.07326902597134244
C-WEU-PRT,Zone_4C Mixed Marine,urb,q3,perm,2100,0.0719017431897232
C-WEU-PRT,Zone_4C Mixed Marine,urb,q3,sub,2015,0.0
C-WEU-PRT,Zone_4C Mixed Marine,urb,q3,sub,2020,0.0
C-WEU-PRT,Zone_4C Mixed Marine,urb,q3,sub,2025,0.0
C-WEU-PRT,Zone_4C Mixed Marine,urb,q3,sub,2030,0.0
C-WEU-PRT,Zone_4C Mixed Marine,urb,q3,sub,2035,0.0
C-WEU-PRT,Zone_4C Mixed Marine,urb,q3,sub,2040,0.0
C-WEU-PRT,Zone_4C Mixed Marine,urb,q3,sub,2045,0.0
C-WEU-PRT,Zone_4C Mixed Marine,urb,q3,sub,2050,0.0
C-WEU-PRT,Zone_4C Mixed Marine,urb,q3,sub,2055,0.0
C-WEU-PRT,Zone_4C Mixed Marine,urb,q3,sub,2060,0.0
C-WEU-PRT,Zone_4C Mixed Marine,urb,q3,sub,2065,0.0
C-WEU-PRT,Zone_4C Mixed Marine,urb,q3,sub,2070,0.0
C-WEU-PRT,Zone_4C Mixed Marine,urb,q3,sub,2075,0.0
C-WEU-PRT,Zone_4C Mixed Marine,urb,q3,sub,2080,0.0
C-WEU-PRT,Zone_4C Mixed Marine,urb,q3,sub,2085,0.0
C-WEU-PRT,Zone_4C Mixed Marine,urb,q3,sub,2090,0.0
C-WEU-PRT,Zone_4C Mixed Marine,urb,q3,sub,2095,0.0
C-WEU-PRT,Zone_4C Mixed Marine,urb,q3,sub,2100,0.0
C-WEU-SWE,Zone_5A Cool Humid,rur,q1,perm,2015,1.0
C-WEU-SWE,Zone_5A Cool Humid,rur,q1,perm,2020,1.0
C-WEU-SWE,Zone_5A Cool Humid,rur,q1,perm,2025,1.0
C-WEU-SWE,Zone_5A Cool Humid,rur,q1,perm,2030,1.0
C-WEU-SWE,Zone_5A Cool Humid,rur,q1,perm,2035,1.0
C-WEU-SWE,Zone_5A Cool Humid,rur,q1,perm,2040,1.0
C-WEU-SWE,Zone_5A Cool Humid,rur,q1,perm,2045,1.0
C-WEU-SWE,Zone_5A Cool Humid,rur,q1,perm,2050,1.0
C-WEU-SWE,Zone_5A Cool Humid,rur,q1,perm,2055,1.0
C-WEU-SWE,Zone_5A Cool Humid,rur,q1,perm,2060,1.0
C-WEU-SWE,Zone_5A Cool Humid,rur,q1,perm,2065,1.0
C-WEU-SWE,Zone_5A Cool Humid,rur,q1,perm,2070,1.0
C-WEU-SWE,Zone_5A Cool Humid,rur,q1,perm,2075,1.0
C-WEU-SWE,Zone_5A Cool Humid,rur,q1,perm,2080,1.0
C-WEU-SWE,Zone_5A Cool Humid,rur,q1,perm,2085,1.0
C-WEU-SWE,Zone_5A Cool Humid,rur,q1,perm,2090,1.0
C-WEU-SWE,Zone_5A Cool Humid,rur,q1,perm,2095,1.0
C-WEU-SWE,Zone_5A Cool Humid,rur,q1,perm,2100,1.0
C-WEU-SWE,Zone_5A Cool Humid,rur,q1,sub,2015,0.0
C-WEU-SWE,Zone_5A Cool Humid,rur,q1,sub,2020,0.0
C-WEU-SWE,Zone_5A Cool Humid,rur,q1,sub,2025,0.0
C-WEU-SWE,Zone_5A Cool Humid,rur,q1,sub,2030,0.0
C-WEU-SWE,Zone_5A Cool Humid,rur,q1,sub,2035,0.0
C-WEU-SWE,Zone_5A Cool Humid,rur,q1,sub,2040,0.0
C-WEU-SWE,Zone_5A Cool Humid,rur,q1,sub,2045,0.0
C-WEU-SWE,Zone_5A Cool Humid,rur,q1,sub,2050,0.0
C-WEU-SWE,Zone_5A Cool Humid,rur,q1,sub,2055,0.0
C-WEU-SWE,Zone_5A Cool Humid,rur,q1,sub,2060,0.0
C-WEU-SWE,Zone_5A Cool Humid,rur,q1,sub,2065,0.0
C-WEU-SWE,Zone_5A Cool Humid,rur,q1,sub,2070,0.0
C-WEU-SWE,Zone_5A Cool Humid,rur,q1,sub,2075,0.0
C-WEU-SWE,Zone_5A Cool Humid,rur,q1,sub,2080,0.0
C-WEU-SWE,Zone_5A Cool Humid,rur,q1,sub,2085,0.0
C-WEU-SWE,Zone_5A Cool Humid,rur,q1,sub,2090,0.0
C-WEU-SWE,Zone_5A Cool Humid,rur,q1,sub,2095,0.0
C-WEU-SWE,Zone_5A Cool Humid,rur,q1,sub,2100,0.0
C-WEU-SWE,Zone_5A Cool Humid,rur,q2,perm,2015,1.0
C-WEU-SWE,Zone_5A Cool Humid,rur,q2,perm,2020,1.0
C-WEU-SWE,Zone_5A Cool Humid,rur,q2,perm,2025,1.0
C-WEU-SWE,Zone_5A Cool Humid,rur,q2,perm,2030,1.0
C-WEU-SWE,Zone_5A Cool Humid,rur,q2,perm,2035,1.0
C-WEU-SWE,Zone_5A Cool Humid,rur,q2,perm,2040,1.0
C-WEU-SWE,Zone_5A Cool Humid,rur,q2,perm,2045,1.0
C-WEU-SWE,Zone_5A Cool Humid,rur,q2,perm,2050,1.0
C-WEU-SWE,Zone_5A Cool Humid,rur,q2,perm,2055,1.0
C-WEU-SWE,Zone_5A Cool Humid,rur,q2,perm,2060,1.0
C-WEU-SWE,Zone_5A Cool Humid,rur,q2,perm,2065,1.0
C-WEU-SWE,Zone_5A Cool Humid,rur,q2,perm,2070,1.0
C-WEU-SWE,Zone_5A Cool Humid,rur,q2,perm,2075,1.0
C-WEU-SWE,Zone_5A Cool Humid,rur,q2,perm,2080,1.0
C-WEU-SWE,Zone_5A Cool Humid,rur,q2,perm,2085,1.0
C-WEU-SWE,Zone_5A Cool Humid,rur,q2,perm,2090,1.0
C-WEU-SWE,Zone_5A Cool Humid,rur,q2,perm,2095,1.0
C-WEU-SWE,Zone_5A Cool Humid,rur,q2,perm,2100,1.0
C-WEU-SWE,Zone_5A Cool Humid,rur,q2,sub,2015,0.0
C-WEU-SWE,Zone_5A Cool Humid,rur,q2,sub,2020,0.0
C-WEU-SWE,Zone_5A Cool Humid,rur,q2,sub,2025,0.0
C-WEU-SWE,Zone_5A Cool Humid,rur,q2,sub,2030,0.0
C-WEU-SWE,Zone_5A Cool Humid,rur,q2,sub,2035,0.0
C-WEU-SWE,Zone_5A Cool Humid,rur,q2,sub,2040,0.0
C-WEU-SWE,Zone_5A Cool Humid,rur,q2,sub,2045,0.0
C-WEU-SWE,Zone_5A Cool Humid,rur,q2,sub,2050,0.0
C-WEU-SWE,Zone_5A Cool Humid,rur,q2,sub,2055,0.0
C-WEU-SWE,Zone_5A Cool Humid,rur,q2,sub,2060,0.0
C-WEU-SWE,Zone_5A Cool Humid,rur,q2,sub,2065,0.0
C-WEU-SWE,Zone_5A Cool Humid,rur,q2,sub,2070,0.0
C-WEU-SWE,Zone_5A Cool Humid,rur,q2,sub,2075,0.0
C-WEU-SWE,Zone_5A Cool Humid,rur,q2,sub,2080,0.0
C-WEU-SWE,Zone_5A Cool Humid,rur,q2,sub,2085,0.0
C-WEU-SWE,Zone_5A Cool Humid,rur,q2,sub,2090,0.0
C-WEU-SWE,Zone_5A Cool Humid,rur,q2,sub,2095,0.0
C-WEU-SWE,Zone_5A Cool Humid,rur,q2,sub,2100,0.0
C-WEU-SWE,Zone_5A Cool Humid,rur,q3,perm,2015,1.0
C-WEU-SWE,Zone_5A Cool Humid,rur,q3,perm,2020,1.0
C-WEU-SWE,Zone_5A Cool Humid,rur,q3,perm,2025,1.0
C-WEU-SWE,Zone_5A Cool Humid,rur,q3,perm,2030,1.0
C-WEU-SWE,Zone_5A Cool Humid,rur,q3,perm,2035,1.0
C-WEU-SWE,Zone_5A Cool Humid,rur,q3,perm,2040,1.0
C-WEU-SWE,Zone_5A Cool Humid,rur,q3,perm,2045,1.0
C-WEU-SWE,Zone_5A Cool Humid,rur,q3,perm,2050,1.0
C-WEU-SWE,Zone_5A Cool Humid,rur,q3,perm,2055,1.0
C-WEU-SWE,Zone_5A Cool Humid,rur,q3,perm,2060,1.0
C-WEU-SWE,Zone_5A Cool Humid,rur,q3,perm,2065,1.0
C-WEU-SWE,Zone_5A Cool Humid,rur,q3,perm,2070,1.0
C-WEU-SWE,Zone_5A Cool Humid,rur,q3,perm,2075,1.0
C-WEU-SWE,Zone_5A Cool Humid,rur,q3,perm,2080,1.0
C-WEU-SWE,Zone_5A Cool Humid,rur,q3,perm,2085,1.0
C-WEU-SWE,Zone_5A Cool Humid,rur,q3,perm,2090,1.0
C-WEU-SWE,Zone_5A Cool Humid,rur,q3,perm,2095,1.0
C-WEU-SWE,Zone_5A Cool Humid,rur,q3,perm,2100,1.0
C-WEU-SWE,Zone_5A Cool Humid,rur,q3,sub,2015,0.0
C-WEU-SWE,Zone_5A Cool Humid,rur,q3,sub,2020,0.0
C-WEU-SWE,Zone_5A Cool Humid,rur,q3,sub,2025,0.0
C-WEU-SWE,Zone_5A Cool Humid,rur,q3,sub,2030,0.0
C-WEU-SWE,Zone_5A Cool Humid,rur,q3,sub,2035,0.0
C-WEU-SWE,Zone_5A Cool Humid,rur,q3,sub,2040,0.0
C-WEU-SWE,Zone_5A Cool Humid,rur,q3,sub,2045,0.0
C-WEU-SWE,Zone_5A Cool Humid,rur,q3,sub,2050,0.0
C-WEU-SWE,Zone_5A Cool Humid,rur,q3,sub,2055,0.0
C-WEU-SWE,Zone_5A Cool Humid,rur,q3,sub,2060,0.0
C-WEU-SWE,Zone_5A Cool Humid,rur,q3,sub,2065,0.0
C-WEU-SWE,Zone_5A Cool Humid,rur,q3,sub,2070,0.0
C-WEU-SWE,Zone_5A Cool Humid,rur,q3,sub,2075,0.0
C-WEU-SWE,Zone_5A Cool Humid,rur,q3,sub,2080,0.0
C-WEU-SWE,Zone_5A Cool Humid,rur,q3,sub,2085,0.0
C-WEU-SWE,Zone_5A Cool Humid,rur,q3,sub,2090,0.0
C-WEU-SWE,Zone_5A Cool Humid,rur,q3,sub,2095,0.0
C-WEU-SWE,Zone_5A Cool Humid,rur,q3,sub,2100,0.0
C-WEU-SWE,Zone_5A Cool Humid,urb,q1,perm,2015,1.0
C-WEU-SWE,Zone_5A Cool Humid,urb,q1,perm,2020,1.0
C-WEU-SWE,Zone_5A Cool Humid,urb,q1,perm,2025,1.0
C-WEU-SWE,Zone_5A Cool Humid,urb,q1,perm,2030,1.0
C-WEU-SWE,Zone_5A Cool Humid,urb,q1,perm,2035,1.0
C-WEU-SWE,Zone_5A Cool Humid,urb,q1,perm,2040,1.0
C-WEU-SWE,Zone_5A Cool Humid,urb,q1,perm,2045,1.0
C-WEU-SWE,Zone_5A Cool Humid,urb,q1,perm,2050,1.0
C-WEU-SWE,Zone_5A Cool Humid,urb,q1,perm,2055,1.0
C-WEU-SWE,Zone_5A Cool Humid,urb,q1,perm,2060,1.0
C-WEU-SWE,Zone_5A Cool Humid,urb,q1,perm,2065,1.0
C-WEU-SWE,Zone_5A Cool Humid,urb,q1,perm,2070,1.0
C-WEU-SWE,Zone_5A Cool Humid,urb,q1,perm,2075,1.0
C-WEU-SWE,Zone_5A Cool Humid,urb,q1,perm,2080,1.0
C-WEU-SWE,Zone_5A Cool Humid,urb,q1,perm,2085,1.0
C-WEU-SWE,Zone_5A Cool Humid,urb,q1,perm,2090,1.0
C-WEU-SWE,Zone_5A Cool Humid,urb,q1,perm,2095,1.0
C-WEU-SWE,Zone_5A Cool Humid,urb,q1,perm,2100,1.0
C-WEU-SWE,Zone_5A Cool Humid,urb,q1,sub,2015,0.0
C-WEU-SWE,Zone_5A Cool Humid,urb,q1,sub,2020,0.0
C-WEU-SWE,Zone_5A Cool Humid,urb,q1,sub,2025,0.0
C-WEU-SWE,Zone_5A Cool Humid,urb,q1,sub,2030,0.0
C-WEU-SWE,Zone_5A Cool Humid,urb,q1,sub,2035,0.0
C-WEU-SWE,Zone_5A Cool Humid,urb,q1,sub,2040,0.0
C-WEU-SWE,Zone_5A Cool Humid,urb,q1,sub,2045,0.0
C-WEU-SWE,Zone_5A Cool Humid,urb,q1,sub,2050,0.0
C-WEU-SWE,Zone_5A Cool Humid,urb,q1,sub,2055,0.0
C-WEU-SWE,Zone_5A Cool Humid,urb,q1,sub,2060,0.0
C-WEU-SWE,Zone_5A Cool Humid,urb,q1,sub,2065,0.0
C-WEU-SWE,Zone_5A Cool Humid,urb,q1,sub,2070,0.0
C-WEU-SWE,Zone_5A Cool Humid,urb,q1,sub,2075,0.0
C-WEU-SWE,Zone_5A Cool Humid,urb,q1,sub,2080,0.0
C-WEU-SWE,Zone_5A Cool Humid,urb,q1,sub,2085,0.0
C-WEU-SWE,Zone_5A Cool Humid,urb,q1,sub,2090,0.0
C-WEU-SWE,Zone_5A Cool Humid,urb,q1,sub,2095,0.0
C-WEU-SWE,Zone_5A Cool Humid,urb,q1,sub,2100,0.0
C-WEU-SWE,Zone_5A Cool Humid,urb,q2,perm,2015,1.0
C-WEU-SWE,Zone_5A Cool Humid,urb,q2,perm,2020,1.0
C-WEU-SWE,Zone_5A Cool Humid,urb,q2,perm,2025,1.0
C-WEU-SWE,Zone_5A Cool Humid,urb,q2,perm,2030,1.0
C-WEU-SWE,Zone_5A Cool Humid,urb,q2,perm,2035,1.0
C-WEU-SWE,Zone_5A Cool Humid,urb,q2,perm,2040,1.0
C-WEU-SWE,Zone_5A Cool Humid,urb,q2,perm,2045,1.0
C-WEU-SWE,Zone_5A Cool Humid,urb,q2,perm,2050,1.0
C-WEU-SWE,Zone_5A Cool Humid,urb,q2,perm,2055,1.0
C-WEU-SWE,Zone_5A Cool Humid,urb,q2,perm,2060,1.0
C-WEU-SWE,Zone_5A Cool Humid,urb,q2,perm,2065,1.0
C-WEU-SWE,Zone_5A Cool Humid,urb,q2,perm,2070,1.0
C-WEU-SWE,Zone_5A Cool Humid,urb,q2,perm,2075,1.0
C-WEU-SWE,Zone_5A Cool Humid,urb,q2,perm,2080,1.0
C-WEU-SWE,Zone_5A Cool Humid,urb,q2,perm,2085,1.0
C-WEU-SWE,Zone_5A Cool Humid,urb,q2,perm,2090,1.0
C-WEU-SWE,Zone_5A Cool Humid,urb,q2,perm,2095,1.0
C-WEU-SWE,Zone_5A Cool Humid,urb,q2,perm,2100,1.0
C-WEU-SWE,Zone_5A Cool Humid,urb,q2,sub,2015,0.0
C-WEU-SWE,Zone_5A Cool Humid,urb,q2,sub,2020,0.0
C-WEU-SWE,Zone_5A Cool Humid,urb,q2,sub,2025,0.0
C-WEU-SWE,Zone_5A Cool Humid,urb,q2,sub,2030,0.0
C-WEU-SWE,Zone_5A Cool Humid,urb,q2,sub,2035,0.0
C-WEU-SWE,Zone_5A Cool Humid,urb,q2,sub,2040,0.0
C-WEU-SWE,Zone_5A Cool Humid,urb,q2,sub,2045,0.0
C-WEU-SWE,Zone_5A Cool Humid,urb,q2,sub,2050,0.0
C-WEU-SWE,Zone_5A Cool Humid,urb,q2,sub,2055,0.0
C-WEU-SWE,Zone_5A Cool Humid,urb,q2,sub,2060,0.0
C-WEU-SWE,Zone_5A Cool Humid,urb,q2,sub,2065,0.0
C-WEU-SWE,Zone_5A Cool Humid,urb,q2,sub,2070,0.0
C-WEU-SWE,Zone_5A Cool Humid,urb,q2,sub,2075,0.0
C-WEU-SWE,Zone_5A Cool Humid,urb,q2,sub,2080,0.0
C-WEU-SWE,Zone_5A Cool Humid,urb,q2,sub,2085,0.0
C-WEU-SWE,Zone_5A Cool Humid,urb,q2,sub,2090,0.0
C-WEU-SWE,Zone_5A Cool Humid,urb,q2,sub,2095,0.0
C-WEU-SWE,Zone_5A Cool Humid,urb,q2,sub,2100,0.0
C-WEU-SWE,Zone_5A Cool Humid,urb,q3,perm,2015,1.0
C-WEU-SWE,Zone_5A Cool Humid,urb,q3,perm,2020,1.0
C-WEU-SWE,Zone_5A Cool Humid,urb,q3,perm,2025,1.0
C-WEU-SWE,Zone_5A Cool Humid,urb,q3,perm,2030,1.0
C-WEU-SWE,Zone_5A Cool Humid,urb,q3,perm,2035,1.0
C-WEU-SWE,Zone_5A Cool Humid,urb,q3,perm,2040,1.0
C-WEU-SWE,Zone_5A Cool Humid,urb,q3,perm,2045,1.0
C-WEU-SWE,Zone_5A Cool Humid,urb,q3,perm,2050,1.0
C-WEU-SWE,Zone_5A Cool Humid,urb,q3,perm,2055,1.0
C-WEU-SWE,Zone_5A Cool Humid,urb,q3,perm,2060,1.0
C-WEU-SWE,Zone_5A Cool Humid,urb,q3,perm,2065,1.0
C-WEU-SWE,Zone_5A Cool Humid,urb,q3,perm,2070,1.0
C-WEU-SWE,Zone_5A Cool Humid,urb,q3,perm,2075,1.0
C-WEU-SWE,Zone_5A Cool Humid,urb,q3,perm,2080,1.0
C-WEU-SWE,Zone_5A Cool Humid,urb,q3,perm,2085,1.0
C-WEU-SWE,Zone_5A Cool Humid,urb,q3,perm,2090,1.0
C-WEU-SWE,Zone_5A Cool Humid,urb,q3,perm,2095,1.0
C-WEU-SWE,Zone_5A Cool Humid,urb,q3,perm,2100,1.0
C-WEU-SWE,Zone_5A Cool Humid,urb,q3,sub,2015,0.0
C-WEU-SWE,Zone_5A Cool Humid,urb,q3,sub,2020,0.0
C-WEU-SWE,Zone_5A Cool Humid,urb,q3,sub,2025,0.0
C-WEU-SWE,Zone_5A Cool Humid,urb,q3,sub,2030,0.0
C-WEU-SWE,Zone_5A Cool Humid,urb,q3,sub,2035,0.0
C-WEU-SWE,Zone_5A Cool Humid,urb,q3,sub,2040,0.0
C-WEU-SWE,Zone_5A Cool Humid,urb,q3,sub,2045,0.0
C-WEU-SWE,Zone_5A Cool Humid,urb,q3,sub,2050,0.0
C-WEU-SWE,Zone_5A Cool Humid,urb,q3,sub,2055,0.0
C-WEU-SWE,Zone_5A Cool Humid,urb,q3,sub,2060,0.0
C-WEU-SWE,Zone_5A Cool Humid,urb,q3,sub,2065,0.0
C-WEU-SWE,Zone_5A Cool Humid,urb,q3,sub,2070,0.0
C-WEU-SWE,Zone_5A Cool Humid,urb,q3,sub,2075,0.0
C-WEU-SWE,Zone_5A Cool Humid,urb,q3,sub,2080,0.0
C-WEU-SWE,Zone_5A Cool Humid,urb,q3,sub,2085,0.0
C-WEU-SWE,Zone_5A Cool Humid,urb,q3,sub,2090,0.0
C-WEU-SWE,Zone_5A Cool Humid,urb,q3,sub,2095,0.0
C-WEU-SWE,Zone_5A Cool Humid,urb,q3,sub,2100,0.0
C-WEU-SWE,Zone_6A Cold Humid,rur,q1,perm,2015,1.0
C-WEU-SWE,Zone_6A Cold Humid,rur,q1,perm,2020,1.0
C-WEU-SWE,Zone_6A Cold Humid,rur,q1,perm,2025,1.0
C-WEU-SWE,Zone_6A Cold Humid,rur,q1,perm,2030,1.0
C-WEU-SWE,Zone_6A Cold Humid,rur,q1,perm,2035,1.0
C-WEU-SWE,Zone_6A Cold Humid,rur,q1,perm,2040,1.0
C-WEU-SWE,Zone_6A Cold Humid,rur,q1,perm,2045,1.0
C-WEU-SWE,Zone_6A Cold Humid,rur,q1,perm,2050,1.0
C-WEU-SWE,Zone_6A Cold Humid,rur,q1,perm,2055,1.0
C-WEU-SWE,Zone_6A Cold Humid,rur,q1,perm,2060,1.0
C-WEU-SWE,Zone_6A Cold Humid,rur,q1,perm,2065,1.0
C-WEU-SWE,Zone_6A Cold Humid,rur,q1,perm,2070,1.0
C-WEU-SWE,Zone_6A Cold Humid,rur,q1,perm,2075,1.0
C-WEU-SWE,Zone_6A Cold Humid,rur,q1,perm,2080,1.0
C-WEU-SWE,Zone_6A Cold Humid,rur,q1,perm,2085,1.0
C-WEU-SWE,Zone_6A Cold Humid,rur,q1,perm,2090,1.0
C-WEU-SWE,Zone_6A Cold Humid,rur,q1,perm,2095,1.0
C-WEU-SWE,Zone_6A Cold Humid,rur,q1,perm,2100,1.0
C-WEU-SWE,Zone_6A Cold Humid,rur,q1,sub,2015,0.0
C-WEU-SWE,Zone_6A Cold Humid,rur,q1,sub,2020,0.0
C-WEU-SWE,Zone_6A Cold Humid,rur,q1,sub,2025,0.0
C-WEU-SWE,Zone_6A Cold Humid,rur,q1,sub,2030,0.0
C-WEU-SWE,Zone_6A Cold Humid,rur,q1,sub,2035,0.0
C-WEU-SWE,Zone_6A Cold Humid,rur,q1,sub,2040,0.0
C-WEU-SWE,Zone_6A Cold Humid,rur,q1,sub,2045,0.0
C-WEU-SWE,Zone_6A Cold Humid,rur,q1,sub,2050,0.0
C-WEU-SWE,Zone_6A Cold Humid,rur,q1,sub,2055,0.0
C-WEU-SWE,Zone_6A Cold Humid,rur,q1,sub,2060,0.0
C-WEU-SWE,Zone_6A Cold Humid,rur,q1,sub,2065,0.0
C-WEU-SWE,Zone_6A Cold Humid,rur,q1,sub,2070,0.0
C-WEU-SWE,Zone_6A Cold Humid,rur,q1,sub,2075,0.0
C-WEU-SWE,Zone_6A Cold Humid,rur,q1,sub,2080,0.0
C-WEU-SWE,Zone_6A Cold Humid,rur,q1,sub,2085,0.0
C-WEU-SWE,Zone_6A Cold Humid,rur,q1,sub,2090,0.0
C-WEU-SWE,Zone_6A Cold Humid,rur,q1,sub,2095,0.0
C-WEU-SWE,Zone_6A Cold Humid,rur,q1,sub,2100,0.0
C-WEU-SWE,Zone_6A Cold Humid,rur,q2,perm,2015,1.0
C-WEU-SWE,Zone_6A Cold Humid,rur,q2,perm,2020,1.0
C-WEU-SWE,Zone_6A Cold Humid,rur,q2,perm,2025,1.0
C-WEU-SWE,Zone_6A Cold Humid,rur,q2,perm,2030,1.0
C-WEU-SWE,Zone_6A Cold Humid,rur,q2,perm,2035,1.0
C-WEU-SWE,Zone_6A Cold Humid,rur,q2,perm,2040,1.0
C-WEU-SWE,Zone_6A Cold Humid,rur,q2,perm,2045,1.0
C-WEU-SWE,Zone_6A Cold Humid,rur,q2,perm,2050,1.0
C-WEU-SWE,Zone_6A Cold Humid,rur,q2,perm,2055,1.0
C-WEU-SWE,Zone_6A Cold Humid,rur,q2,perm,2060,1.0
C-WEU-SWE,Zone_6A Cold Humid,rur,q2,perm,2065,1.0
C-WEU-SWE,Zone_6A Cold Humid,rur,q2,perm,2070,1.0
C-WEU-SWE,Zone_6A Cold Humid,rur,q2,perm,2075,1.0
C-WEU-SWE,Zone_6A Cold Humid,rur,q2,perm,2080,1.0
C-WEU-SWE,Zone_6A Cold Humid,rur,q2,perm,2085,1.0
C-WEU-SWE,Zone_6A Cold Humid,rur,q2,perm,2090,1.0
C-WEU-SWE,Zone_6A Cold Humid,rur,q2,perm,2095,1.0
C-WEU-SWE,Zone_6A Cold Humid,rur,q2,perm,2100,1.0
C-WEU-SWE,Zone_6A Cold Humid,rur,q2,sub,2015,0.0
C-WEU-SWE,Zone_6A Cold Humid,rur,q2,sub,2020,0.0
C-WEU-SWE,Zone_6A Cold Humid,rur,q2,sub,2025,0.0
C-WEU-SWE,Zone_6A Cold Humid,rur,q2,sub,2030,0.0
C-WEU-SWE,Zone_6A Cold Humid,rur,q2,sub,2035,0.0
C-WEU-SWE,Zone_6A Cold Humid,rur,q2,sub,2040,0.0
C-WEU-SWE,Zone_6A Cold Humid,rur,q2,sub,2045,0.0
C-WEU-SWE,Zone_6A Cold Humid,rur,q2,sub,2050,0.0
C-WEU-SWE,Zone_6A Cold Humid,rur,q2,sub,2055,0.0
C-WEU-SWE,Zone_6A Cold Humid,rur,q2,sub,2060,0.0
C-WEU-SWE,Zone_6A Cold Humid,rur,q2,sub,2065,0.0
C-WEU-SWE,Zone_6A Cold Humid,rur,q2,sub,2070,0.0
C-WEU-SWE,Zone_6A Cold Humid,rur,q2,sub,2075,0.0
C-WEU-SWE,Zone_6A Cold Humid,rur,q2,sub,2080,0.0
C-WEU-SWE,Zone_6A Cold Humid,rur,q2,sub,2085,0.0
C-WEU-SWE,Zone_6A Cold Humid,rur,q2,sub,2090,0.0
C-WEU-SWE,Zone_6A Cold Humid,rur,q2,sub,2095,0.0
C-WEU-SWE,Zone_6A Cold Humid,rur,q2,sub,2100,0.0
C-WEU-SWE,Zone_6A Cold Humid,rur,q3,perm,2015,1.0
C-WEU-SWE,Zone_6A Cold Humid,rur,q3,perm,2020,1.0
C-WEU-SWE,Zone_6A Cold Humid,rur,q3,perm,2025,1.0
C-WEU-SWE,Zone_6A Cold Humid,rur,q3,perm,2030,1.0
C-WEU-SWE,Zone_6A Cold Humid,rur,q3,perm,2035,1.0
C-WEU-SWE,Zone_6A Cold Humid,rur,q3,perm,2040,1.0
C-WEU-SWE,Zone_6A Cold Humid,rur,q3,perm,2045,1.0
C-WEU-SWE,Zone_6A Cold Humid,rur,q3,perm,2050,1.0
C-WEU-SWE,Zone_6A Cold Humid,rur,q3,perm,2055,1.0
C-WEU-SWE,Zone_6A Cold Humid,rur,q3,perm,2060,1.0
C-WEU-SWE,Zone_6A Cold Humid,rur,q3,perm,2065,1.0
C-WEU-SWE,Zone_6A Cold Humid,rur,q3,perm,2070,1.0
C-WEU-SWE,Zone_6A Cold Humid,rur,q3,perm,2075,1.0
C-WEU-SWE,Zone_6A Cold Humid,rur,q3,perm,2080,1.0
C-WEU-SWE,Zone_6A Cold Humid,rur,q3,perm,2085,1.0
C-WEU-SWE,Zone_6A Cold Humid,rur,q3,perm,2090,1.0
C-WEU-SWE,Zone_6A Cold Humid,rur,q3,perm,2095,1.0
C-WEU-SWE,Zone_6A Cold Humid,rur,q3,perm,2100,1.0
C-WEU-SWE,Zone_6A Cold Humid,rur,q3,sub,2015,0.0
C-WEU-SWE,Zone_6A Cold Humid,rur,q3,sub,2020,0.0
C-WEU-SWE,Zone_6A Cold Humid,rur,q3,sub,2025,0.0
C-WEU-SWE,Zone_6A Cold Humid,rur,q3,sub,2030,0.0
C-WEU-SWE,Zone_6A Cold Humid,rur,q3,sub,2035,0.0
C-WEU-SWE,Zone_6A Cold Humid,rur,q3,sub,2040,0.0
C-WEU-SWE,Zone_6A Cold Humid,rur,q3,sub,2045,0.0
C-WEU-SWE,Zone_6A Cold Humid,rur,q3,sub,2050,0.0
C-WEU-SWE,Zone_6A Cold Humid,rur,q3,sub,2055,0.0
C-WEU-SWE,Zone_6A Cold Humid,rur,q3,sub,2060,0.0
C-WEU-SWE,Zone_6A Cold Humid,rur,q3,sub,2065,0.0
C-WEU-SWE,Zone_6A Cold Humid,rur,q3,sub,2070,0.0
C-WEU-SWE,Zone_6A Cold Humid,rur,q3,sub,2075,0.0
C-WEU-SWE,Zone_6A Cold Humid,rur,q3,sub,2080,0.0
C-WEU-SWE,Zone_6A Cold Humid,rur,q3,sub,2085,0.0
C-WEU-SWE,Zone_6A Cold Humid,rur,q3,sub,2090,0.0
C-WEU-SWE,Zone_6A Cold Humid,rur,q3,sub,2095,0.0
C-WEU-SWE,Zone_6A Cold Humid,rur,q3,sub,2100,0.0
C-WEU-SWE,Zone_6A Cold Humid,urb,q1,perm,2015,1.0
C-WEU-SWE,Zone_6A Cold Humid,urb,q1,perm,2020,1.0
C-WEU-SWE,Zone_6A Cold Humid,urb,q1,perm,2025,1.0
C-WEU-SWE,Zone_6A Cold Humid,urb,q1,perm,2030,1.0
C-WEU-SWE,Zone_6A Cold Humid,urb,q1,perm,2035,1.0
C-WEU-SWE,Zone_6A Cold Humid,urb,q1,perm,2040,1.0
C-WEU-SWE,Zone_6A Cold Humid,urb,q1,perm,2045,1.0
C-WEU-SWE,Zone_6A Cold Humid,urb,q1,perm,2050,1.0
C-WEU-SWE,Zone_6A Cold Humid,urb,q1,perm,2055,1.0
C-WEU-SWE,Zone_6A Cold Humid,urb,q1,perm,2060,1.0
C-WEU-SWE,Zone_6A Cold Humid,urb,q1,perm,2065,1.0
C-WEU-SWE,Zone_6A Cold Humid,urb,q1,perm,2070,1.0
C-WEU-SWE,Zone_6A Cold Humid,urb,q1,perm,2075,1.0
C-WEU-SWE,Zone_6A Cold Humid,urb,q1,perm,2080,1.0
C-WEU-SWE,Zone_6A Cold Humid,urb,q1,perm,2085,1.0
C-WEU-SWE,Zone_6A Cold Humid,urb,q1,perm,2090,1.0
C-WEU-SWE,Zone_6A Cold Humid,urb,q1,perm,2095,1.0
C-WEU-SWE,Zone_6A Cold Humid,urb,q1,perm,2100,1.0
C-WEU-SWE,Zone_6A Cold Humid,urb,q1,sub,2015,0.0
C-WEU-SWE,Zone_6A Cold Humid,urb,q1,sub,2020,0.0
C-WEU-SWE,Zone_6A Cold Humid,urb,q1,sub,2025,0.0
C-WEU-SWE,Zone_6A Cold Humid,urb,q1,sub,2030,0.0
C-WEU-SWE,Zone_6A Cold Humid,urb,q1,sub,2035,0.0
C-WEU-SWE,Zone_6A Cold Humid,urb,q1,sub,2040,0.0
C-WEU-SWE,Zone_6A Cold Humid,urb,q1,sub,2045,0.0
C-WEU-SWE,Zone_6A Cold Humid,urb,q1,sub,2050,0.0
C-WEU-SWE,Zone_6A Cold Humid,urb,q1,sub,2055,0.0
C-WEU-SWE,Zone_6A Cold Humid,urb,q1,sub,2060,0.0
C-WEU-SWE,Zone_6A Cold Humid,urb,q1,sub,2065,0.0
C-WEU-SWE,Zone_6A Cold Humid,urb,q1,sub,2070,0.0
C-WEU-SWE,Zone_6A Cold Humid,urb,q1,sub,2075,0.0
C-WEU-SWE,Zone_6A Cold Humid,urb,q1,sub,2080,0.0
C-WEU-SWE,Zone_6A Cold Humid,urb,q1,sub,2085,0.0
C-WEU-SWE,Zone_6A Cold Humid,urb,q1,sub,2090,0.0
C-WEU-SWE,Zone_6A Cold Humid,urb,q1,sub,2095,0.0
C-WEU-SWE,Zone_6A Cold Humid,urb,q1,sub,2100,0.0
C-WEU-SWE,Zone_6A Cold Humid,urb,q2,perm,2015,1.0
C-WEU-SWE,Zone_6A Cold Humid,urb,q2,perm,2020,1.0
C-WEU-SWE,Zone_6A Cold Humid,urb,q2,perm,2025,1.0
C-WEU-SWE,Zone_6A Cold Humid,urb,q2,perm,2030,1.0
C-WEU-SWE,Zone_6A Cold Humid,urb,q2,perm,2035,1.0
C-WEU-SWE,Zone_6A Cold Humid,urb,q2,perm,2040,1.0
C-WEU-SWE,Zone_6A Cold Humid,urb,q2,perm,2045,1.0
C-WEU-SWE,Zone_6A Cold Humid,urb,q2,perm,2050,1.0
C-WEU-SWE,Zone_6A Cold Humid,urb,q2,perm,2055,1.0
C-WEU-SWE,Zone_6A Cold Humid,urb,q2,perm,2060,1.0
C-WEU-SWE,Zone_6A Cold Humid,urb,q2,perm,2065,1.0
C-WEU-SWE,Zone_6A Cold Humid,urb,q2,perm,2070,1.0
C-WEU-SWE,Zone_6A Cold Humid,urb,q2,perm,2075,1.0
C-WEU-SWE,Zone_6A Cold Humid,urb,q2,perm,2080,1.0
C-WEU-SWE,Zone_6A Cold Humid,urb,q2,perm,2085,1.0
C-WEU-SWE,Zone_6A Cold Humid,urb,q2,perm,2090,1.0
C-WEU-SWE,Zone_6A Cold Humid,urb,q2,perm,2095,1.0
C-WEU-SWE,Zone_6A Cold Humid,urb,q2,perm,2100,1.0
C-WEU-SWE,Zone_6A Cold Humid,urb,q2,sub,2015,0.0
C-WEU-SWE,Zone_6A Cold Humid,urb,q2,sub,2020,0.0
C-WEU-SWE,Zone_6A Cold Humid,urb,q2,sub,2025,0.0
C-WEU-SWE,Zone_6A Cold Humid,urb,q2,sub,2030,0.0
C-WEU-SWE,Zone_6A Cold Humid,urb,q2,sub,2035,0.0
C-WEU-SWE,Zone_6A Cold Humid,urb,q2,sub,2040,0.0
C-WEU-SWE,Zone_6A Cold Humid,urb,q2,sub,2045,0.0
C-WEU-SWE,Zone_6A Cold Humid,urb,q2,sub,2050,0.0
C-WEU-SWE,Zone_6A Cold Humid,urb,q2,sub,2055,0.0
C-WEU-SWE,Zone_6A Cold Humid,urb,q2,sub,2060,0.0
C-WEU-SWE,Zone_6A Cold Humid,urb,q2,sub,2065,0.0
C-WEU-SWE,Zone_6A Cold Humid,urb,q2,sub,2070,0.0
C-WEU-SWE,Zone_6A Cold Humid,urb,q2,sub,2075,0.0
C-WEU-SWE,Zone_6A Cold Humid,urb,q2,sub,2080,0.0
C-WEU-SWE,Zone_6A Cold Humid,urb,q2,sub,2085,0.0
C-WEU-SWE,Zone_6A Cold Humid,urb,q2,sub,2090,0.0
C-WEU-SWE,Zone_6A Cold Humid,urb,q2,sub,2095,0.0
C-WEU-SWE,Zone_6A Cold Humid,urb,q2,sub,2100,0.0
C-WEU-SWE,Zone_6A Cold Humid,urb,q3,perm,2015,1.0
C-WEU-SWE,Zone_6A Cold Humid,urb,q3,perm,2020,1.0
C-WEU-SWE,Zone_6A Cold Humid,urb,q3,perm,2025,1.0
C-WEU-SWE,Zone_6A Cold Humid,urb,q3,perm,2030,1.0
C-WEU-SWE,Zone_6A Cold Humid,urb,q3,perm,2035,1.0
C-WEU-SWE,Zone_6A Cold Humid,urb,q3,perm,2040,1.0
C-WEU-SWE,Zone_6A Cold Humid,urb,q3,perm,2045,1.0
C-WEU-SWE,Zone_6A Cold Humid,urb,q3,perm,2050,1.0
C-WEU-SWE,Zone_6A Cold Humid,urb,q3,perm,2055,1.0
C-WEU-SWE,Zone_6A Cold Humid,urb,q3,perm,2060,1.0
C-WEU-SWE,Zone_6A Cold Humid,urb,q3,perm,2065,1.0
C-WEU-SWE,Zone_6A Cold Humid,urb,q3,perm,2070,1.0
C-WEU-SWE,Zone_6A Cold Humid,urb,q3,perm,2075,1.0
C-WEU-SWE,Zone_6A Cold Humid,urb,q3,perm,2080,1.0
C-WEU-SWE,Zone_6A Cold Humid,urb,q3,perm,2085,1.0
C-WEU-SWE,Zone_6A Cold Humid,urb,q3,perm,2090,1.0
C-WEU-SWE,Zone_6A Cold Humid,urb,q3,perm,2095,1.0
C-WEU-SWE,Zone_6A Cold Humid,urb,q3,perm,2100,1.0
C-WEU-SWE,Zone_6A Cold Humid,urb,q3,sub,2015,0.0
C-WEU-SWE,Zone_6A Cold Humid,urb,q3,sub,2020,0.0
C-WEU-SWE,Zone_6A Cold Humid,urb,q3,sub,2025,0.0
C-WEU-SWE,Zone_6A Cold Humid,urb,q3,sub,2030,0.0
C-WEU-SWE,Zone_6A Cold Humid,urb,q3,sub,2035,0.0
C-WEU-SWE,Zone_6A Cold Humid,urb,q3,sub,2040,0.0
C-WEU-SWE,Zone_6A Cold Humid,urb,q3,sub,2045,0.0
C-WEU-SWE,Zone_6A Cold Humid,urb,q3,sub,2050,0.0
C-WEU-SWE,Zone_6A Cold Humid,urb,q3,sub,2055,0.0
C-WEU-SWE,Zone_6A Cold Humid,urb,q3,sub,2060,0.0
C-WEU-SWE,Zone_6A Cold Humid,urb,q3,sub,2065,0.0
C-WEU-SWE,Zone_6A Cold Humid,urb,q3,sub,2070,0.0
C-WEU-SWE,Zone_6A Cold Humid,urb,q3,sub,2075,0.0
C-WEU-SWE,Zone_6A Cold Humid,urb,q3,sub,2080,0.0
C-WEU-SWE,Zone_6A Cold Humid,urb,q3,sub,2085,0.0
C-WEU-SWE,Zone_6A Cold Humid,urb,q3,sub,2090,0.0
C-WEU-SWE,Zone_6A Cold Humid,urb,q3,sub,2095,0.0
C-WEU-SWE,Zone_6A Cold Humid,urb,q3,sub,2100,0.0
C-WEU-SWE,Zone_7A Very cold Humid,rur,q1,perm,2015,0.1273246156461407
C-WEU-SWE,Zone_7A Very cold Humid,rur,q1,perm,2020,0.1273246156461407
C-WEU-SWE,Zone_7A Very cold Humid,rur,q1,perm,2025,0.12445409559824663
C-WEU-SWE,Zone_7A Very cold Humid,rur,q1,perm,2030,0.12205183782536477
C-WEU-SWE,Zone_7A Very cold Humid,rur,q1,perm,2035,0.12000849541831408
C-WEU-SWE,Zone_7A Very cold Humid,rur,q1,perm,2040,0.11817677094900238
C-WEU-SWE,Zone_7A Very cold Humid,rur,q1,perm,2045,0.11656532948101991
C-WEU-SWE,Zone_7A Very cold Humid,rur,q1,perm,2050,0.11524552351054601
C-WEU-SWE,Zone_7A Very cold Humid,rur,q1,perm,2055,0.1141897339679053
C-WEU-SWE,Zone_7A Very cold Humid,rur,q1,perm,2060,0.11335992464367486
C-WEU-SWE,Zone_7A Very cold Humid,rur,q1,perm,2065,0.11269930700133785
C-WEU-SWE,Zone_7A Very cold Humid,rur,q1,perm,2070,0.11216823784032781
C-WEU-SWE,Zone_7A Very cold Humid,rur,q1,perm,2075,0.1117081412562043
C-WEU-SWE,Zone_7A Very cold Humid,rur,q1,perm,2080,0.11126030435388945
C-WEU-SWE,Zone_7A Very cold Humid,rur,q1,perm,2085,0.11080524613607687
C-WEU-SWE,Zone_7A Very cold Humid,rur,q1,perm,2090,0.11036698613194422
C-WEU-SWE,Zone_7A Very cold Humid,rur,q1,perm,2095,0.1099737207949777
C-WEU-SWE,Zone_7A Very cold Humid,rur,q1,perm,2100,0.10963082027474039
C-WEU-SWE,Zone_7A Very cold Humid,rur,q1,sub,2015,0.0
C-WEU-SWE,Zone_7A Very cold Humid,rur,q1,sub,2020,0.0
C-WEU-SWE,Zone_7A Very cold Humid,rur,q1,sub,2025,0.0
C-WEU-SWE,Zone_7A Very cold Humid,rur,q1,sub,2030,0.0
C-WEU-SWE,Zone_7A Very cold Humid,rur,q1,sub,2035,0.0
C-WEU-SWE,Zone_7A Very cold Humid,rur,q1,sub,2040,0.0
C-WEU-SWE,Zone_7A Very cold Humid,rur,q1,sub,2045,0.0
C-WEU-SWE,Zone_7A Very cold Humid,rur,q1,sub,2050,0.0
C-WEU-SWE,Zone_7A Very cold Humid,rur,q1,sub,2055,0.0
C-WEU-SWE,Zone_7A Very cold Humid,rur,q1,sub,2060,0.0
C-WEU-SWE,Zone_7A Very cold Humid,rur,q1,sub,2065,0.0
C-WEU-SWE,Zone_7A Very cold Humid,rur,q1,sub,2070,0.0
C-WEU-SWE,Zone_7A Very cold Humid,rur,q1,sub,2075,0.0
C-WEU-SWE,Zone_7A Very cold Humid,rur,q1,sub,2080,0.0
C-WEU-SWE,Zone_7A Very cold Humid,rur,q1,sub,2085,0.0
C-WEU-SWE,Zone_7A Very cold Humid,rur,q1,sub,2090,0.0
C-WEU-SWE,Zone_7A Very cold Humid,rur,q1,sub,2095,0.0
C-WEU-SWE,Zone_7A Very cold Humid,rur,q1,sub,2100,0.0
C-WEU-SWE,Zone_7A Very cold Humid,rur,q2,perm,2015,0.1273246156461407
C-WEU-SWE,Zone_7A Very cold Humid,rur,q2,perm,2020,0.1273246156461407
C-WEU-SWE,Zone_7A Very cold Humid,rur,q2,perm,2025,0.12445409559824663
C-WEU-SWE,Zone_7A Very cold Humid,rur,q2,perm,2030,0.12205183782536477
C-WEU-SWE,Zone_7A Very cold Humid,rur,q2,perm,2035,0.12000849541831408
C-WEU-SWE,Zone_7A Very cold Humid,rur,q2,perm,2040,0.11817677094900238
C-WEU-SWE,Zone_7A Very cold Humid,rur,q2,perm,2045,0.11656532948101991
C-WEU-SWE,Zone_7A Very cold Humid,rur,q2,perm,2050,0.11524552351054601
C-WEU-SWE,Zone_7A Very cold Humid,rur,q2,perm,2055,0.1141897339679053
C-WEU-SWE,Zone_7A Very cold Humid,rur,q2,perm,2060,0.11335992464367486
C-WEU-SWE,Zone_7A Very cold Humid,rur,q2,perm,2065,0.11269930700133785
C-WEU-SWE,Zone_7A Very cold Humid,rur,q2,perm,2070,0.11216823784032781
C-WEU-SWE,Zone_7A Very cold Humid,rur,q2,perm,2075,0.1117081412562043
C-WEU-SWE,Zone_7A Very cold Humid,rur,q2,perm,2080,0.11126030435388945
C-WEU-SWE,Zone_7A Very cold Humid,rur,q2,perm,2085,0.11080524613607687
C-WEU-SWE,Zone_7A Very cold Humid,rur,q2,perm,2090,0.11036698613194422
C-WEU-SWE,Zone_7A Very cold Humid,rur,q2,perm,2095,0.1099737207949777
C-WEU-SWE,Zone_7A Very cold Humid,rur,q2,perm,2100,0.10963082027474039
C-WEU-SWE,Zone_7A Very cold Humid,rur,q2,sub,2015,0.0
C-WEU-SWE,Zone_7A Very cold Humid,rur,q2,sub,2020,0.0
C-WEU-SWE,Zone_7A Very cold Humid,rur,q2,sub,2025,0.0
C-WEU-SWE,Zone_7A Very cold Humid,rur,q2,sub,2030,0.0
C-WEU-SWE,Zone_7A Very cold Humid,rur,q2,sub,2035,0.0
C-WEU-SWE,Zone_7A Very cold Humid,rur,q2,sub,2040,0.0
C-WEU-SWE,Zone_7A Very cold Humid,rur,q2,sub,2045,0.0
C-WEU-SWE,Zone_7A Very cold Humid,rur,q2,sub,2050,0.0
C-WEU-SWE,Zone_7A Very cold Humid,rur,q2,sub,2055,0.0
C-WEU-SWE,Zone_7A Very cold Humid,rur,q2,sub,2060,0.0
C-WEU-SWE,Zone_7A Very cold Humid,rur,q2,sub,2065,0.0
C-WEU-SWE,Zone_7A Very cold Humid,rur,q2,sub,2070,0.0
C-WEU-SWE,Zone_7A Very cold Humid,rur,q2,sub,2075,0.0
C-WEU-SWE,Zone_7A Very cold Humid,rur,q2,sub,2080,0.0
C-WEU-SWE,Zone_7A Very cold Humid,rur,q2,sub,2085,0.0
C-WEU-SWE,Zone_7A Very cold Humid,rur,q2,sub,2090,0.0
C-WEU-SWE,Zone_7A Very cold Humid,rur,q2,sub,2095,0.0
C-WEU-SWE,Zone_7A Very cold Humid,rur,q2,sub,2100,0.0
C-WEU-SWE,Zone_7A Very cold Humid,rur,q3,perm,2015,0.1273246156461407
C-WEU-SWE,Zone_7A Very cold Humid,rur,q3,perm,2020,0.1273246156461407
C-WEU-SWE,Zone_7A Very cold Humid,rur,q3,perm,2025,0.12445409559824663
C-WEU-SWE,Zone_7A Very cold Humid,rur,q3,perm,2030,0.12205183782536477
C-WEU-SWE,Zone_7A Very cold Humid,rur,q3,perm,2035,0.12000849541831408
C-WEU-SWE,Zone_7A Very cold Humid,rur,q3,perm,2040,0.11817677094900238
C-WEU-SWE,Zone_7A Very cold Humid,rur,q3,perm,2045,0.11656532948101991
C-WEU-SWE,Zone_7A Very cold Humid,rur,q3,perm,2050,0.11524552351054601
C-WEU-SWE,Zone_7A Very cold Humid,rur,q3,perm,2055,0.1141897339679053
C-WEU-SWE,Zone_7A Very cold Humid,rur,q3,perm,2060,0.11335992464367486
C-WEU-SWE,Zone_7A Very cold Humid,rur,q3,perm,2065,0.11269930700133785
C-WEU-SWE,Zone_7A Very cold Humid,rur,q3,perm,2070,0.11216823784032781
C-WEU-SWE,Zone_7A Very cold Humid,rur,q3,perm,2075,0.1117081412562043
C-WEU-SWE,Zone_7A Very cold Humid,rur,q3,perm,2080,0.11126030435388945
C-WEU-SWE,Zone_7A Very cold Humid,rur,q3,perm,2085,0.11080524613607687
C-WEU-SWE,Zone_7A Very cold Humid,rur,q3,perm,2090,0.11036698613194422
C-WEU-SWE,Zone_7A Very cold Humid,rur,q3,perm,2095,0.1099737207949777
C-WEU-SWE,Zone_7A Very cold Humid,rur,q3,perm,2100,0.10963082027474039
C-WEU-SWE,Zone_7A Very cold Humid,rur,q3,sub,2015,0.0
C-WEU-SWE,Zone_7A Very cold Humid,rur,q3,sub,2020,0.0
C-WEU-SWE,Zone_7A Very cold Humid,rur,q3,sub,2025,0.0
C-WEU-SWE,Zone_7A Very cold Humid,rur,q3,sub,2030,0.0
C-WEU-SWE,Zone_7A Very cold Humid,rur,q3,sub,2035,0.0
C-WEU-SWE,Zone_7A Very cold Humid,rur,q3,sub,2040,0.0
C-WEU-SWE,Zone_7A Very cold Humid,rur,q3,sub,2045,0.0
C-WEU-SWE,Zone_7A Very cold Humid,rur,q3,sub,2050,0.0
C-WEU-SWE,Zone_7A Very cold Humid,rur,q3,sub,2055,0.0
C-WEU-SWE,Zone_7A Very cold Humid,rur,q3,sub,2060,0.0
C-WEU-SWE,Zone_7A Very cold Humid,rur,q3,sub,2065,0.0
C-WEU-SWE,Zone_7A Very cold Humid,rur,q3,sub,2070,0.0
C-WEU-SWE,Zone_7A Very cold Humid,rur,q3,sub,2075,0.0
C-WEU-SWE,Zone_7A Very cold Humid,rur,q3,sub,2080,0.0
C-WEU-SWE,Zone_7A Very cold Humid,rur,q3,sub,2085,0.0
C-WEU-SWE,Zone_7A Very cold Humid,rur,q3,sub,2090,0.0
C-WEU-SWE,Zone_7A Very cold Humid,rur,q3,sub,2095,0.0
C-WEU-SWE,Zone_7A Very cold Humid,rur,q3,sub,2100,0.0
C-WEU-SWE,Zone_7A Very cold Humid,urb,q1,perm,2015,0.12388833657248785
C-WEU-SWE,Zone_7A Very cold Humid,urb,q1,perm,2020,0.12388833657248785
C-WEU-SWE,Zone_7A Very cold Humid,urb,q1,perm,2025,0.12130283292594757
C-WEU-SWE,Zone_7A Very cold Humid,urb,q1,perm,2030,0.1191221268002649
C-WEU-SWE,Zone_7A Very cold Humid,urb,q1,perm,2035,0.11725905724385077
C-WEU-SWE,Zone_7A Very cold Humid,urb,q1,perm,2040,0.11557136189013371
C-WEU-SWE,Zone_7A Very cold Humid,urb,q1,perm,2045,0.11407191217343295
C-WEU-SWE,Zone_7A Very cold Humid,urb,q1,perm,2050,0.11283747910555399
C-WEU-SWE,Zone_7A Very cold Humid,urb,q1,perm,2055,0.11184861861096174
C-WEU-SWE,Zone_7A Very cold Humid,urb,q1,perm,2060,0.11107421203083177
C-WEU-SWE,Zone_7A Very cold Humid,urb,q1,perm,2065,0.11046277532446686
C-WEU-SWE,Zone_7A Very cold Humid,urb,q1,perm,2070,0.10997363539981954
C-WEU-SWE,Zone_7A Very cold Humid,urb,q1,perm,2075,0.10954790135091566
C-WEU-SWE,Zone_7A Very cold Humid,urb,q1,perm,2080,0.10912562626415369
C-WEU-SWE,Zone_7A Very cold Humid,urb,q1,perm,2085,0.10868883095774234
C-WEU-SWE,Zone_7A Very cold Humid,urb,q1,perm,2090,0.10826416137341616
C-WEU-SWE,Zone_7A Very cold Humid,urb,q1,perm,2095,0.10788099720004873
C-WEU-SWE,Zone_7A Very cold Humid,urb,q1,perm,2100,0.10754685889050081
C-WEU-SWE,Zone_7A Very cold Humid,urb,q1,sub,2015,0.0
C-WEU-SWE,Zone_7A Very cold Humid,urb,q1,sub,2020,0.0
C-WEU-SWE,Zone_7A Very cold Humid,urb,q1,sub,2025,0.0
C-WEU-SWE,Zone_7A Very cold Humid,urb,q1,sub,2030,0.0
C-WEU-SWE,Zone_7A Very cold Humid,urb,q1,sub,2035,0.0
C-WEU-SWE,Zone_7A Very cold Humid,urb,q1,sub,2040,0.0
C-WEU-SWE,Zone_7A Very cold Humid,urb,q1,sub,2045,0.0
C-WEU-SWE,Zone_7A Very cold Humid,urb,q1,sub,2050,0.0
C-WEU-SWE,Zone_7A Very cold Humid,urb,q1,sub,2055,0.0
C-WEU-SWE,Zone_7A Very cold Humid,urb,q1,sub,2060,0.0
C-WEU-SWE,Zone_7A Very cold Humid,urb,q1,sub,2065,0.0
C-WEU-SWE,Zone_7A Very cold Humid,urb,q1,sub,2070,0.0
C-WEU-SWE,Zone_7A Very cold Humid,urb,q1,sub,2075,0.0
C-WEU-SWE,Zone_7A Very cold Humid,urb,q1,sub,2080,0.0
C-WEU-SWE,Zone_7A Very cold Humid,urb,q1,sub,2085,0.0
C-WEU-SWE,Zone_7A Very cold Humid,urb,q1,sub,2090,0.0
C-WEU-SWE,Zone_7A Very cold Humid,urb,q1,sub,2095,0.0
C-WEU-SWE,Zone_7A Very cold Humid,urb,q1,sub,2100,0.0
C-WEU-SWE,Zone_7A Very cold Humid,urb,q2,perm,2015,0.12388833657248785
C-WEU-SWE,Zone_7A Very cold Humid,urb,q2,perm,2020,0.12388833657248785
C-WEU-SWE,Zone_7A Very cold Humid,urb,q2,perm,2025,0.12130283292594757
C-WEU-SWE,Zone_7A Very cold Humid,urb,q2,perm,2030,0.1191221268002649
C-WEU-SWE,Zone_7A Very cold Humid,urb,q2,perm,2035,0.11725905724385077
C-WEU-SWE,Zone_7A Very cold Humid,urb,q2,perm,2040,0.11557136189013371
C-WEU-SWE,Zone_7A Very cold Humid,urb,q2,perm,2045,0.11407191217343295
C-WEU-SWE,Zone_7A Very cold Humid,urb,q2,perm,2050,0.11283747910555399
C-WEU-SWE,Zone_7A Very cold Humid,urb,q2,perm,2055,0.11184861861096174
C-WEU-SWE,Zone_7A Very cold Humid,urb,q2,perm,2060,0.11107421203083177
C-WEU-SWE,Zone_7A Very cold Humid,urb,q2,perm,2065,0.11046277532446686
C-WEU-SWE,Zone_7A Very cold Humid,urb,q2,perm,2070,0.10997363539981954
C-WEU-SWE,Zone_7A Very cold Humid,urb,q2,perm,2075,0.10954790135091566
C-WEU-SWE,Zone_7A Very cold Humid,urb,q2,perm,2080,0.10912562626415369
C-WEU-SWE,Zone_7A Very cold Humid,urb,q2,perm,2085,0.10868883095774234
C-WEU-SWE,Zone_7A Very cold Humid,urb,q2,perm,2090,0.10826416137341616
C-WEU-SWE,Zone_7A Very cold Humid,urb,q2,perm,2095,0.10788099720004873
C-WEU-SWE,Zone_7A Very cold Humid,urb,q2,perm,2100,0.10754685889050081
C-WEU-SWE,Zone_7A Very cold Humid,urb,q2,sub,2015,0.0
C-WEU-SWE,Zone_7A Very cold Humid,urb,q2,sub,2020,0.0
C-WEU-SWE,Zone_7A Very cold Humid,urb,q2,sub,2025,0.0
C-WEU-SWE,Zone_7A Very cold Humid,urb,q2,sub,2030,0.0
C-WEU-SWE,Zone_7A Very cold Humid,urb,q2,sub,2035,0.0
C-WEU-SWE,Zone_7A Very cold Humid,urb,q2,sub,2040,0.0
C-WEU-SWE,Zone_7A Very cold Humid,urb,q2,sub,2045,0.0
C-WEU-SWE,Zone_7A Very cold Humid,urb,q2,sub,2050,0.0
C-WEU-SWE,Zone_7A Very cold Humid,urb,q2,sub,2055,0.0
C-WEU-SWE,Zone_7A Very cold Humid,urb,q2,sub,2060,0.0
C-WEU-SWE,Zone_7A Very cold Humid,urb,q2,sub,2065,0.0
C-WEU-SWE,Zone_7A Very cold Humid,urb,q2,sub,2070,0.0
C-WEU-SWE,Zone_7A Very cold Humid,urb,q2,sub,2075,0.0
C-WEU-SWE,Zone_7A Very cold Humid,urb,q2,sub,2080,0.0
C-WEU-SWE,Zone_7A Very cold Humid,urb,q2,sub,2085,0.0
C-WEU-SWE,Zone_7A Very cold Humid,urb,q2,sub,2090,0.0
C-WEU-SWE,Zone_7A Very cold Humid,urb,q2,sub,2095,0.0
C-WEU-SWE,Zone_7A Very cold Humid,urb,q2,sub,2100,0.0
C-WEU-SWE,Zone_7A Very cold Humid,urb,q3,perm,2015,0.12388833657248785
C-WEU-SWE,Zone_7A Very cold Humid,urb,q3,perm,2020,0.12388833657248785
C-WEU-SWE,Zone_7A Very cold Humid,urb,q3,perm,2025,0.12130283292594757
C-WEU-SWE,Zone_7A Very cold Humid,urb,q3,perm,2030,0.1191221268002649
C-WEU-SWE,Zone_7A Very cold Humid,urb,q3,perm,2035,0.11725905724385077
C-WEU-SWE,Zone_7A Very cold Humid,urb,q3,perm,2040,0.11557136189013371
C-WEU-SWE,Zone_7A Very cold Humid,urb,q3,perm,2045,0.11407191217343295
C-WEU-SWE,Zone_7A Very cold Humid,urb,q3,perm,2050,0.11283747910555399
C-WEU-SWE,Zone_7A Very cold Humid,urb,q3,perm,2055,0.11184861861096174
C-WEU-SWE,Zone_7A Very cold Humid,urb,q3,perm,2060,0.11107421203083177
C-WEU-SWE,Zone_7A Very cold Humid,urb,q3,perm,2065,0.11046277532446686
C-WEU-SWE,Zone_7A Very cold Humid,urb,q3,perm,2070,0.10997363539981954
C-WEU-SWE,Zone_7A Very cold Humid,urb,q3,perm,2075,0.10954790135091566
C-WEU-SWE,Zone_7A Very cold Humid,urb,q3,perm,2080,0.10912562626415369
C-WEU-SWE,Zone_7A Very cold Humid,urb,q3,perm,2085,0.10868883095774234
C-WEU-SWE,Zone_7A Very cold Humid,urb,q3,perm,2090,0.10826416137341616
C-WEU-SWE,Zone_7A Very cold Humid,urb,q3,perm,2095,0.10788099720004873
C-WEU-SWE,Zone_7A Very cold Humid,urb,q3,perm,2100,0.10754685889050081
C-WEU-SWE,Zone_7A Very cold Humid,urb,q3,sub,2015,0.0
C-WEU-SWE,Zone_7A Very cold Humid,urb,q3,sub,2020,0.0
C-WEU-SWE,Zone_7A Very cold Humid,urb,q3,sub,2025,0.0
C-WEU-SWE,Zone_7A Very cold Humid,urb,q3,sub,2030,0.0
C-WEU-SWE,Zone_7A Very cold Humid,urb,q3,sub,2035,0.0
C-WEU-SWE,Zone_7A Very cold Humid,urb,q3,sub,2040,0.0
C-WEU-SWE,Zone_7A Very cold Humid,urb,q3,sub,2045,0.0
C-WEU-SWE,Zone_7A Very cold Humid,urb,q3,sub,2050,0.0
C-WEU-SWE,Zone_7A Very cold Humid,urb,q3,sub,2055,0.0
C-WEU-SWE,Zone_7A Very cold Humid,urb,q3,sub,2060,0.0
C-WEU-SWE,Zone_7A Very cold Humid,urb,q3,sub,2065,0.0
C-WEU-SWE,Zone_7A Very cold Humid,urb,q3,sub,2070,0.0
C-WEU-SWE,Zone_7A Very cold Humid,urb,q3,sub,2075,0.0
C-WEU-SWE,Zone_7A Very cold Humid,urb,q3,sub,2080,0.0
C-WEU-SWE,Zone_7A Very cold Humid,urb,q3,sub,2085,0.0
C-WEU-SWE,Zone_7A Very cold Humid,urb,q3,sub,2090,0.0
C-WEU-SWE,Zone_7A Very cold Humid,urb,q3,sub,2095,0.0
C-WEU-SWE,Zone_7A Very cold Humid,urb,q3,sub,2100,0.0
C-WEU-SWE,Zone_8A Subarctic/arctic Humid,rur,q1,perm,2015,0.026720703399954523
C-WEU-SWE,Zone_8A Subarctic/arctic Humid,rur,q1,perm,2020,0.026720703399954523
C-WEU-SWE,Zone_8A Subarctic/arctic Humid,rur,q1,perm,2025,0.025464337770271562
C-WEU-SWE,Zone_8A Subarctic/arctic Humid,rur,q1,perm,2030,0.02443523554045224
C-WEU-SWE,Zone_8A Subarctic/arctic Humid,rur,q1,perm,2035,0.02358354026553968
C-WEU-SWE,Zone_8A Subarctic/arctic Humid,rur,q1,perm,2040,0.022858990418867277
C-WEU-SWE,Zone_8A Subarctic/arctic Humid,rur,q1,perm,2045,0.02224519265081193
C-WEU-SWE,Zone_8A Subarctic/arctic Humid,rur,q1,perm,2050,0.021744268332179493
C-WEU-SWE,Zone_8A Subarctic/arctic Humid,rur,q1,perm,2055,0.021345173198862817
C-WEU-SWE,Zone_8A Subarctic/arctic Humid,rur,q1,perm,2060,0.02104255412739952
C-WEU-SWE,Zone_8A Subarctic/arctic Humid,rur,q1,perm,2065,0.02083331240082208
C-WEU-SWE,Zone_8A Subarctic/arctic Humid,rur,q1,perm,2070,0.020693180799347326
C-WEU-SWE,Zone_8A Subarctic/arctic Humid,rur,q1,perm,2075,0.02059575718459242
C-WEU-SWE,Zone_8A Subarctic/arctic Humid,rur,q1,perm,2080,0.020521494931675977
C-WEU-SWE,Zone_8A Subarctic/arctic Humid,rur,q1,perm,2085,0.020452127687986703
C-WEU-SWE,Zone_8A Subarctic/arctic Humid,rur,q1,perm,2090,0.02039589488268781
C-WEU-SWE,Zone_8A Subarctic/arctic Humid,rur,q1,perm,2095,0.020359152086164733
C-WEU-SWE,Zone_8A Subarctic/arctic Humid,rur,q1,perm,2100,0.02033641958360489
C-WEU-SWE,Zone_8A Subarctic/arctic Humid,rur,q1,sub,2015,0.0
C-WEU-SWE,Zone_8A Subarctic/arctic Humid,rur,q1,sub,2020,0.0
C-WEU-SWE,Zone_8A Subarctic/arctic Humid,rur,q1,sub,2025,0.0
C-WEU-SWE,Zone_8A Subarctic/arctic Humid,rur,q1,sub,2030,0.0
C-WEU-SWE,Zone_8A Subarctic/arctic Humid,rur,q1,sub,2035,0.0
C-WEU-SWE,Zone_8A Subarctic/arctic Humid,rur,q1,sub,2040,0.0
C-WEU-SWE,Zone_8A Subarctic/arctic Humid,rur,q1,sub,2045,0.0
C-WEU-SWE,Zone_8A Subarctic/arctic Humid,rur,q1,sub,2050,0.0
C-WEU-SWE,Zone_8A Subarctic/arctic Humid,rur,q1,sub,2055,0.0
C-WEU-SWE,Zone_8A Subarctic/arctic Humid,rur,q1,sub,2060,0.0
C-WEU-SWE,Zone_8A Subarctic/arctic Humid,rur,q1,sub,2065,0.0
C-WEU-SWE,Zone_8A Subarctic/arctic Humid,rur,q1,sub,2070,0.0
C-WEU-SWE,Zone_8A Subarctic/arctic Humid,rur,q1,sub,2075,0.0
C-WEU-SWE,Zone_8A Subarctic/arctic Humid,rur,q1,sub,2080,0.0
C-WEU-SWE,Zone_8A Subarctic/arctic Humid,rur,q1,sub,2085,0.0
C-WEU-SWE,Zone_8A Subarctic/arctic Humid,rur,q1,sub,2090,0.0
C-WEU-SWE,Zone_8A Subarctic/arctic Humid,rur,q1,sub,2095,0.0
C-WEU-SWE,Zone_8A Subarctic/arctic Humid,rur,q1,sub,2100,0.0
C-WEU-SWE,Zone_8A Subarctic/arctic Humid,rur,q2,perm,2015,0.026720703399954523
C-WEU-SWE,Zone_8A Subarctic/arctic Humid,rur,q2,perm,2020,0.026720703399954523
C-WEU-SWE,Zone_8A Subarctic/arctic Humid,rur,q2,perm,2025,0.025464337770271562
C-WEU-SWE,Zone_8A Subarctic/arctic Humid,rur,q2,perm,2030,0.02443523554045224
C-WEU-SWE,Zone_8A Subarctic/arctic Humid,rur,q2,perm,2035,0.02358354026553968
C-WEU-SWE,Zone_8A Subarctic/arctic Humid,rur,q2,perm,2040,0.022858990418867277
C-WEU-SWE,Zone_8A Subarctic/arctic Humid,rur,q2,perm,2045,0.02224519265081193
C-WEU-SWE,Zone_8A Subarctic/arctic Humid,rur,q2,perm,2050,0.021744268332179493
C-WEU-SWE,Zone_8A Subarctic/arctic Humid,rur,q2,perm,2055,0.021345173198862817
C-WEU-SWE,Zone_8A Subarctic/arctic Humid,rur,q2,perm,2060,0.02104255412739952
C-WEU-SWE,Zone_8A Subarctic/arctic Humid,rur,q2,perm,2065,0.02083331240082208
C-WEU-SWE,Zone_8A Subarctic/arctic Humid,rur,q2,perm,2070,0.020693180799347326
C-WEU-SWE,Zone_8A Subarctic/arctic Humid,rur,q2,perm,2075,0.02059575718459242
C-WEU-SWE,Zone_8A Subarctic/arctic Humid,rur,q2,perm,2080,0.020521494931675977
C-WEU-SWE,Zone_8A Subarctic/arctic Humid,rur,q2,perm,2085,0.020452127687986703
C-WEU-SWE,Zone_8A Subarctic/arctic Humid,rur,q2,perm,2090,0.02039589488268781
C-WEU-SWE,Zone_8A Subarctic/arctic Humid,rur,q2,perm,2095,0.020359152086164733
C-WEU-SWE,Zone_8A Subarctic/arctic Humid,rur,q2,perm,2100,0.02033641958360489
C-WEU-SWE,Zone_8A Subarctic/arctic Humid,rur,q2,sub,2015,0.0
C-WEU-SWE,Zone_8A Subarctic/arctic Humid,rur,q2,sub,2020,0.0
C-WEU-SWE,Zone_8A Subarctic/arctic Humid,rur,q2,sub,2025,0.0
C-WEU-SWE,Zone_8A Subarctic/arctic Humid,rur,q2,sub,2030,0.0
C-WEU-SWE,Zone_8A Subarctic/arctic Humid,rur,q2,sub,2035,0.0
C-WEU-SWE,Zone_8A Subarctic/arctic Humid,rur,q2,sub,2040,0.0
C-WEU-SWE,Zone_8A Subarctic/arctic Humid,rur,q2,sub,2045,0.0
C-WEU-SWE,Zone_8A Subarctic/arctic Humid,rur,q2,sub,2050,0.0
C-WEU-SWE,Zone_8A Subarctic/arctic Humid,rur,q2,sub,2055,0.0
C-WEU-SWE,Zone_8A Subarctic/arctic Humid,rur,q2,sub,2060,0.0
C-WEU-SWE,Zone_8A Subarctic/arctic Humid,rur,q2,sub,2065,0.0
C-WEU-SWE,Zone_8A Subarctic/arctic Humid,rur,q2,sub,2070,0.0
C-WEU-SWE,Zone_8A Subarctic/arctic Humid,rur,q2,sub,2075,0.0
C-WEU-SWE,Zone_8A Subarctic/arctic Humid,rur,q2,sub,2080,0.0
C-WEU-SWE,Zone_8A Subarctic/arctic Humid,rur,q2,sub,2085,0.0
C-WEU-SWE,Zone_8A Subarctic/arctic Humid,rur,q2,sub,2090,0.0
C-WEU-SWE,Zone_8A Subarctic/arctic Humid,rur,q2,sub,2095,0.0
C-WEU-SWE,Zone_8A Subarctic/arctic Humid,rur,q2,sub,2100,0.0
C-WEU-SWE,Zone_8A Subarctic/arctic Humid,rur,q3,perm,2015,0.026720703399954523
C-WEU-SWE,Zone_8A Subarctic/arctic Humid,rur,q3,perm,2020,0.026720703399954523
C-WEU-SWE,Zone_8A Subarctic/arctic Humid,rur,q3,perm,2025,0.025464337770271562
C-WEU-SWE,Zone_8A Subarctic/arctic Humid,rur,q3,perm,2030,0.02443523554045224
C-WEU-SWE,Zone_8A Subarctic/arctic Humid,rur,q3,perm,2035,0.02358354026553968
C-WEU-SWE,Zone_8A Subarctic/arctic Humid,rur,q3,perm,2040,0.022858990418867277
C-WEU-SWE,Zone_8A Subarctic/arctic Humid,rur,q3,perm,2045,0.02224519265081193
C-WEU-SWE,Zone_8A Subarctic/arctic Humid,rur,q3,perm,2050,0.021744268332179493
C-WEU-SWE,Zone_8A Subarctic/arctic Humid,rur,q3,perm,2055,0.021345173198862817
C-WEU-SWE,Zone_8A Subarctic/arctic Humid,rur,q3,perm,2060,0.02104255412739952
C-WEU-SWE,Zone_8A Subarctic/arctic Humid,rur,q3,perm,2065,0.02083331240082208
C-WEU-SWE,Zone_8A Subarctic/arctic Humid,rur,q3,perm,2070,0.020693180799347326
C-WEU-SWE,Zone_8A Subarctic/arctic Humid,rur,q3,perm,2075,0.02059575718459242
C-WEU-SWE,Zone_8A Subarctic/arctic Humid,rur,q3,perm,2080,0.020521494931675977
C-WEU-SWE,Zone_8A Subarctic/arctic Humid,rur,q3,perm,2085,0.020452127687986703
C-WEU-SWE,Zone_8A Subarctic/arctic Humid,rur,q3,perm,2090,0.02039589488268781
C-WEU-SWE,Zone_8A Subarctic/arctic Humid,rur,q3,perm,2095,0.020359152086164733
C-WEU-SWE,Zone_8A Subarctic/arctic Humid,rur,q3,perm,2100,0.02033641958360489
C-WEU-SWE,Zone_8A Subarctic/arctic Humid,rur,q3,sub,2015,0.0
C-WEU-SWE,Zone_8A Subarctic/arctic Humid,rur,q3,sub,2020,0.0
C-WEU-SWE,Zone_8A Subarctic/arctic Humid,rur,q3,sub,2025,0.0
C-WEU-SWE,Zone_8A Subarctic/arctic Humid,rur,q3,sub,2030,0.0
C-WEU-SWE,Zone_8A Subarctic/arctic Humid,rur,q3,sub,2035,0.0
C-WEU-SWE,Zone_8A Subarctic/arctic Humid,rur,q3,sub,2040,0.0
C-WEU-SWE,Zone_8A Subarctic/arctic Humid,rur,q3,sub,2045,0.0
C-WEU-SWE,Zone_8A Subarctic/arctic Humid,rur,q3,sub,2050,0.0
C-WEU-SWE,Zone_8A Subarctic/arctic Humid,rur,q3,sub,2055,0.0
C-WEU-SWE,Zone_8A Subarctic/arctic Humid,rur,q3,sub,2060,0.0
C-WEU-SWE,Zone_8A Subarctic/arctic Humid,rur,q3,sub,2065,0.0
C-WEU-SWE,Zone_8A Subarctic/arctic Humid,rur,q3,sub,2070,0.0
C-WEU-SWE,Zone_8A Subarctic/arctic Humid,rur,q3,sub,2075,0.0
C-WEU-SWE,Zone_8A Subarctic/arctic Humid,rur,q3,sub,2080,0.0
C-WEU-SWE,Zone_8A Subarctic/arctic Humid,rur,q3,sub,2085,0.0
C-WEU-SWE,Zone_8A Subarctic/arctic Humid,rur,q3,sub,2090,0.0
C-WEU-SWE,Zone_8A Subarctic/arctic Humid,rur,q3,sub,2095,0.0
C-WEU-SWE,Zone_8A Subarctic/arctic Humid,rur,q3,sub,2100,0.0
C-WEU-SWE,Zone_8A Subarctic/arctic Humid,urb,q1,perm,2015,0.025999556169620602
C-WEU-SWE,Zone_8A Subarctic/arctic Humid,urb,q1,perm,2020,0.025999556169620602
C-WEU-SWE,Zone_8A Subarctic/arctic Humid,urb,q1,perm,2025,0.024819563352004814
C-WEU-SWE,Zone_8A Subarctic/arctic Humid,urb,q1,perm,2030,0.023848696408889123
C-WEU-SWE,Zone_8A Subarctic/arctic Humid,urb,q1,perm,2035,0.023043232800896894
C-WEU-SWE,Zone_8A Subarctic/arctic Humid,urb,q1,perm,2040,0.02235502487440667
C-WEU-SWE,Zone_8A Subarctic/arctic Humid,urb,q1,perm,2045,0.02176935177588716
C-WEU-SWE,Zone_8A Subarctic/arctic Humid,urb,q1,perm,2050,0.021289923884751538
C-WEU-SWE,Zone_8A Subarctic/arctic Humid,urb,q1,perm,2055,0.020907554938130884
C-WEU-SWE,Zone_8A Subarctic/arctic Humid,urb,q1,perm,2060,0.02061826634204135
C-WEU-SWE,Zone_8A Subarctic/arctic Humid,urb,q1,perm,2065,0.02041987274126823
C-WEU-SWE,Zone_8A Subarctic/arctic Humid,urb,q1,perm,2070,0.020288313022528242
C-WEU-SWE,Zone_8A Subarctic/arctic Humid,urb,q1,perm,2075,0.0201974712937929
C-WEU-SWE,Zone_8A Subarctic/arctic Humid,urb,q1,perm,2080,0.020127762541191682
C-WEU-SWE,Zone_8A Subarctic/arctic Humid,urb,q1,perm,2085,0.020061485593162627
C-WEU-SWE,Zone_8A Subarctic/arctic Humid,urb,q1,perm,2090,0.020007291422225647
C-WEU-SWE,Zone_8A Subarctic/arctic Humid,urb,q1,perm,2095,0.0199717315493722
C-WEU-SWE,Zone_8A Subarctic/arctic Humid,urb,q1,perm,2100,0.01994984660166685
C-WEU-SWE,Zone_8A Subarctic/arctic Humid,urb,q1,sub,2015,0.0
C-WEU-SWE,Zone_8A Subarctic/arctic Humid,urb,q1,sub,2020,0.0
C-WEU-SWE,Zone_8A Subarctic/arctic Humid,urb,q1,sub,2025,0.0
C-WEU-SWE,Zone_8A Subarctic/arctic Humid,urb,q1,sub,2030,0.0
C-WEU-SWE,Zone_8A Subarctic/arctic Humid,urb,q1,sub,2035,0.0
C-WEU-SWE,Zone_8A Subarctic/arctic Humid,urb,q1,sub,2040,0.0
C-WEU-SWE,Zone_8A Subarctic/arctic Humid,urb,q1,sub,2045,0.0
C-WEU-SWE,Zone_8A Subarctic/arctic Humid,urb,q1,sub,2050,0.0
C-WEU-SWE,Zone_8A Subarctic/arctic Humid,urb,q1,sub,2055,0.0
C-WEU-SWE,Zone_8A Subarctic/arctic Humid,urb,q1,sub,2060,0.0
C-WEU-SWE,Zone_8A Subarctic/arctic Humid,urb,q1,sub,2065,0.0
C-WEU-SWE,Zone_8A Subarctic/arctic Humid,urb,q1,sub,2070,0.0
C-WEU-SWE,Zone_8A Subarctic/arctic Humid,urb,q1,sub,2075,0.0
C-WEU-SWE,Zone_8A Subarctic/arctic Humid,urb,q1,sub,2080,0.0
C-WEU-SWE,Zone_8A Subarctic/arctic Humid,urb,q1,sub,2085,0.0
C-WEU-SWE,Zone_8A Subarctic/arctic Humid,urb,q1,sub,2090,0.0
C-WEU-SWE,Zone_8A Subarctic/arctic Humid,urb,q1,sub,2095,0.0
C-WEU-SWE,Zone_8A Subarctic/arctic Humid,urb,q1,sub,2100,0.0
C-WEU-SWE,Zone_8A Subarctic/arctic Humid,urb,q2,perm,2015,0.025999556169620602
C-WEU-SWE,Zone_8A Subarctic/arctic Humid,urb,q2,perm,2020,0.025999556169620602
C-WEU-SWE,Zone_8A Subarctic/arctic Humid,urb,q2,perm,2025,0.024819563352004814
C-WEU-SWE,Zone_8A Subarctic/arctic Humid,urb,q2,perm,2030,0.023848696408889123
C-WEU-SWE,Zone_8A Subarctic/arctic Humid,urb,q2,perm,2035,0.023043232800896894
C-WEU-SWE,Zone_8A Subarctic/arctic Humid,urb,q2,perm,2040,0.02235502487440667
C-WEU-SWE,Zone_8A Subarctic/arctic Humid,urb,q2,perm,2045,0.02176935177588716
C-WEU-SWE,Zone_8A Subarctic/arctic Humid,urb,q2,perm,2050,0.021289923884751538
C-WEU-SWE,Zone_8A Subarctic/arctic Humid,urb,q2,perm,2055,0.020907554938130884
C-WEU-SWE,Zone_8A Subarctic/arctic Humid,urb,q2,perm,2060,0.02061826634204135
C-WEU-SWE,Zone_8A Subarctic/arctic Humid,urb,q2,perm,2065,0.02041987274126823
C-WEU-SWE,Zone_8A Subarctic/arctic Humid,urb,q2,perm,2070,0.020288313022528242
C-WEU-SWE,Zone_8A Subarctic/arctic Humid,urb,q2,perm,2075,0.0201974712937929
C-WEU-SWE,Zone_8A Subarctic/arctic Humid,urb,q2,perm,2080,0.020127762541191682
C-WEU-SWE,Zone_8A Subarctic/arctic Humid,urb,q2,perm,2085,0.020061485593162627
C-WEU-SWE,Zone_8A Subarctic/arctic Humid,urb,q2,perm,2090,0.020007291422225647
C-WEU-SWE,Zone_8A Subarctic/arctic Humid,urb,q2,perm,2095,0.0199717315493722
C-WEU-SWE,Zone_8A Subarctic/arctic Humid,urb,q2,perm,2100,0.01994984660166685
C-WEU-SWE,Zone_8A Subarctic/arctic Humid,urb,q2,sub,2015,0.0
C-WEU-SWE,Zone_8A Subarctic/arctic Humid,urb,q2,sub,2020,0.0
C-WEU-SWE,Zone_8A Subarctic/arctic Humid,urb,q2,sub,2025,0.0
C-WEU-SWE,Zone_8A Subarctic/arctic Humid,urb,q2,sub,2030,0.0
C-WEU-SWE,Zone_8A Subarctic/arctic Humid,urb,q2,sub,2035,0.0
C-WEU-SWE,Zone_8A Subarctic/arctic Humid,urb,q2,sub,2040,0.0
C-WEU-SWE,Zone_8A Subarctic/arctic Humid,urb,q2,sub,2045,0.0
C-WEU-SWE,Zone_8A Subarctic/arctic Humid,urb,q2,sub,2050,0.0
C-WEU-SWE,Zone_8A Subarctic/arctic Humid,urb,q2,sub,2055,0.0
C-WEU-SWE,Zone_8A Subarctic/arctic Humid,urb,q2,sub,2060,0.0
C-WEU-SWE,Zone_8A Subarctic/arctic Humid,urb,q2,sub,2065,0.0
C-WEU-SWE,Zone_8A Subarctic/arctic Humid,urb,q2,sub,2070,0.0
C-WEU-SWE,Zone_8A Subarctic/arctic Humid,urb,q2,sub,2075,0.0
C-WEU-SWE,Zone_8A Subarctic/arctic Humid,urb,q2,sub,2080,0.0
C-WEU-SWE,Zone_8A Subarctic/arctic Humid,urb,q2,sub,2085,0.0
C-WEU-SWE,Zone_8A Subarctic/arctic Humid,urb,q2,sub,2090,0.0
C-WEU-SWE,Zone_8A Subarctic/arctic Humid,urb,q2,sub,2095,0.0
C-WEU-SWE,Zone_8A Subarctic/arctic Humid,urb,q2,sub,2100,0.0
C-WEU-SWE,Zone_8A Subarctic/arctic Humid,urb,q3,perm,2015,0.025999556169620602
C-WEU-SWE,Zone_8A Subarctic/arctic Humid,urb,q3,perm,2020,0.025999556169620602
C-WEU-SWE,Zone_8A Subarctic/arctic Humid,urb,q3,perm,2025,0.024819563352004814
C-WEU-SWE,Zone_8A Subarctic/arctic Humid,urb,q3,perm,2030,0.023848696408889123
C-WEU-SWE,Zone_8A Subarctic/arctic Humid,urb,q3,perm,2035,0.023043232800896894
C-WEU-SWE,Zone_8A Subarctic/arctic Humid,urb,q3,perm,2040,0.02235502487440667
C-WEU-SWE,Zone_8A Subarctic/arctic Humid,urb,q3,perm,2045,0.02176935177588716
C-WEU-SWE,Zone_8A Subarctic/arctic Humid,urb,q3,perm,2050,0.021289923884751538
C-WEU-SWE,Zone_8A Subarctic/arctic Humid,urb,q3,perm,2055,0.020907554938130884
C-WEU-SWE,Zone_8A Subarctic/arctic Humid,urb,q3,perm,2060,0.02061826634204135
C-WEU-SWE,Zone_8A Subarctic/arctic Humid,urb,q3,perm,2065,0.02041987274126823
C-WEU-SWE,Zone_8A Subarctic/arctic Humid,urb,q3,perm,2070,0.020288313022528242
C-WEU-SWE,Zone_8A Subarctic/arctic Humid,urb,q3,perm,2075,0.0201974712937929
C-WEU-SWE,Zone_8A Subarctic/arctic Humid,urb,q3,perm,2080,0.020127762541191682
C-WEU-SWE,Zone_8A Subarctic/arctic Humid,urb,q3,perm,2085,0.020061485593162627
C-WEU-SWE,Zone_8A Subarctic/arctic Humid,urb,q3,perm,2090,0.020007291422225647
C-WEU-SWE,Zone_8A Subarctic/arctic Humid,urb,q3,perm,2095,0.0199717315493722
C-WEU-SWE,Zone_8A Subarctic/arctic Humid,urb,q3,perm,2100,0.01994984660166685
C-WEU-SWE,Zone_8A Subarctic/arctic Humid,urb,q3,sub,2015,0.0
C-WEU-SWE,Zone_8A Subarctic/arctic Humid,urb,q3,sub,2020,0.0
C-WEU-SWE,Zone_8A Subarctic/arctic Humid,urb,q3,sub,2025,0.0
C-WEU-SWE,Zone_8A Subarctic/arctic Humid,urb,q3,sub,2030,0.0
C-WEU-SWE,Zone_8A Subarctic/arctic Humid,urb,q3,sub,2035,0.0
C-WEU-SWE,Zone_8A Subarctic/arctic Humid,urb,q3,sub,2040,0.0
C-WEU-SWE,Zone_8A Subarctic/arctic Humid,urb,q3,sub,2045,0.0
C-WEU-SWE,Zone_8A Subarctic/arctic Humid,urb,q3,sub,2050,0.0
C-WEU-SWE,Zone_8A Subarctic/arctic Humid,urb,q3,sub,2055,0.0
C-WEU-SWE,Zone_8A Subarctic/arctic Humid,urb,q3,sub,2060,0.0
C-WEU-SWE,Zone_8A Subarctic/arctic Humid,urb,q3,sub,2065,0.0
C-WEU-SWE,Zone_8A Subarctic/arctic Humid,urb,q3,sub,2070,0.0
C-WEU-SWE,Zone_8A Subarctic/arctic Humid,urb,q3,sub,2075,0.0
C-WEU-SWE,Zone_8A Subarctic/arctic Humid,urb,q3,sub,2080,0.0
C-WEU-SWE,Zone_8A Subarctic/arctic Humid,urb,q3,sub,2085,0.0
C-WEU-SWE,Zone_8A Subarctic/arctic Humid,urb,q3,sub,2090,0.0
C-WEU-SWE,Zone_8A Subarctic/arctic Humid,urb,q3,sub,2095,0.0
C-WEU-SWE,Zone_8A Subarctic/arctic Humid,urb,q3,sub,2100,0.0
