region_bld,clim,urt,arch,eneff,value
C-EEU-BGR,Zone_4A Mixed Humid,rur,inf,ns,36.27777778
C-EEU-BGR,Zone_4A Mixed Humid,rur,mfh,s1,43.5625
C-EEU-BGR,Zone_4A Mixed Humid,rur,mfh,s2,43.09027778
C-EEU-BGR,Zone_4A Mixed Humid,rur,mfh,s3,48.95138889
C-EEU-BGR,Zone_4A Mixed Humid,rur,mfh,s51_std,53.09722222
C-EEU-BGR,Zone_4A Mixed Humid,rur,mfh,s52_low,62.04166667
C-EEU-BGR,Zone_4A Mixed Humid,rur,mfh,sr11_std,43.5625
C-EEU-BGR,Zone_4A Mixed Humid,rur,mfh,sr12_low,43.5625
C-EEU-BGR,Zone_4A Mixed Humid,rur,mfh,sr21_std,43.09027778
C-EEU-BGR,Zone_4A Mixed Humid,rur,mfh,sr22_low,43.09027778
C-EEU-BGR,Zone_4A Mixed Humid,rur,mfh,sr31_std,48.95138889
C-EEU-BGR,Zone_4A Mixed Humid,rur,mfh,sr32_low,48.95138889
C-EEU-BGR,Zone_4A Mixed Humid,rur,sfh,s1,36.27777778
C-EEU-BGR,Zone_4A Mixed Humid,rur,sfh,s2,33.29861111
C-EEU-BGR,Zone_4A Mixed Humid,rur,sfh,s3,36.75
C-EEU-BGR,Zone_4A Mixed Humid,rur,sfh,s51_std,40.39583333
C-EEU-BGR,Zone_4A Mixed Humid,rur,sfh,s52_low,53.20833333
C-EEU-BGR,Zone_4A Mixed Humid,rur,sfh,sr11_std,36.27777778
C-EEU-BGR,Zone_4A Mixed Humid,rur,sfh,sr12_low,36.27777778
C-EEU-BGR,Zone_4A Mixed Humid,rur,sfh,sr21_std,33.29861111
C-EEU-BGR,Zone_4A Mixed Humid,rur,sfh,sr22_low,33.29861111
C-EEU-BGR,Zone_4A Mixed Humid,rur,sfh,sr31_std,36.75
C-EEU-BGR,Zone_4A Mixed Humid,rur,sfh,sr32_low,36.75
C-EEU-BGR,Zone_4A Mixed Humid,urb,inf,ns,36.27777778
C-EEU-BGR,Zone_4A Mixed Humid,urb,mfh,s1,43.5625
C-EEU-BGR,Zone_4A Mixed Humid,urb,mfh,s2,43.09027778
C-EEU-BGR,Zone_4A Mixed Humid,urb,mfh,s3,48.95138889
C-EEU-BGR,Zone_4A Mixed Humid,urb,mfh,s51_std,53.09722222
C-EEU-BGR,Zone_4A Mixed Humid,urb,mfh,s52_low,62.04166667
C-EEU-BGR,Zone_4A Mixed Humid,urb,mfh,sr11_std,43.5625
C-EEU-BGR,Zone_4A Mixed Humid,urb,mfh,sr12_low,43.5625
C-EEU-BGR,Zone_4A Mixed Humid,urb,mfh,sr21_std,43.09027778
C-EEU-BGR,Zone_4A Mixed Humid,urb,mfh,sr22_low,43.09027778
C-EEU-BGR,Zone_4A Mixed Humid,urb,mfh,sr31_std,48.95138889
C-EEU-BGR,Zone_4A Mixed Humid,urb,mfh,sr32_low,48.95138889
C-EEU-BGR,Zone_4A Mixed Humid,urb,sfh,s1,36.27777778
C-EEU-BGR,Zone_4A Mixed Humid,urb,sfh,s2,33.29861111
C-EEU-BGR,Zone_4A Mixed Humid,urb,sfh,s3,36.75
C-EEU-BGR,Zone_4A Mixed Humid,urb,sfh,s51_std,40.39583333
C-EEU-BGR,Zone_4A Mixed Humid,urb,sfh,s52_low,53.20833333
C-EEU-BGR,Zone_4A Mixed Humid,urb,sfh,sr11_std,36.27777778
C-EEU-BGR,Zone_4A Mixed Humid,urb,sfh,sr12_low,36.27777778
C-EEU-BGR,Zone_4A Mixed Humid,urb,sfh,sr21_std,33.29861111
C-EEU-BGR,Zone_4A Mixed Humid,urb,sfh,sr22_low,33.29861111
C-EEU-BGR,Zone_4A Mixed Humid,urb,sfh,sr31_std,36.75
C-EEU-BGR,Zone_4A Mixed Humid,urb,sfh,sr32_low,36.75
C-EEU-BGR,Zone_5A Cool Humid,rur,inf,ns,11.66666667
C-EEU-BGR,Zone_5A Cool Humid,rur,mfh,s1,16.125
C-EEU-BGR,Zone_5A Cool Humid,rur,mfh,s2,15.72222222
C-EEU-BGR,Zone_5A Cool Humid,rur,mfh,s3,20.55555556
C-EEU-BGR,Zone_5A Cool Humid,rur,mfh,s51_std,24.625
C-EEU-BGR,Zone_5A Cool Humid,rur,mfh,s52_low,36.56944444
C-EEU-BGR,Zone_5A Cool Humid,rur,mfh,sr11_std,16.125
C-EEU-BGR,Zone_5A Cool Humid,rur,mfh,sr12_low,16.125
C-EEU-BGR,Zone_5A Cool Humid,rur,mfh,sr21_std,15.72222222
C-EEU-BGR,Zone_5A Cool Humid,rur,mfh,sr22_low,15.72222222
C-EEU-BGR,Zone_5A Cool Humid,rur,mfh,sr31_std,20.55555556
C-EEU-BGR,Zone_5A Cool Humid,rur,mfh,sr32_low,20.55555556
C-EEU-BGR,Zone_5A Cool Humid,rur,sfh,s1,11.66666667
C-EEU-BGR,Zone_5A Cool Humid,rur,sfh,s2,10.375
C-EEU-BGR,Zone_5A Cool Humid,rur,sfh,s3,11.84722222
C-EEU-BGR,Zone_5A Cool Humid,rur,sfh,s51_std,14.0
C-EEU-BGR,Zone_5A Cool Humid,rur,sfh,s52_low,24.81944444
C-EEU-BGR,Zone_5A Cool Humid,rur,sfh,sr11_std,11.66666667
C-EEU-BGR,Zone_5A Cool Humid,rur,sfh,sr12_low,11.66666667
C-EEU-BGR,Zone_5A Cool Humid,rur,sfh,sr21_std,10.375
C-EEU-BGR,Zone_5A Cool Humid,rur,sfh,sr22_low,10.375
C-EEU-BGR,Zone_5A Cool Humid,rur,sfh,sr31_std,11.84722222
C-EEU-BGR,Zone_5A Cool Humid,rur,sfh,sr32_low,11.84722222
C-EEU-BGR,Zone_5A Cool Humid,urb,inf,ns,11.66666667
C-EEU-BGR,Zone_5A Cool Humid,urb,mfh,s1,16.125
C-EEU-BGR,Zone_5A Cool Humid,urb,mfh,s2,15.72222222
C-EEU-BGR,Zone_5A Cool Humid,urb,mfh,s3,20.55555556
C-EEU-BGR,Zone_5A Cool Humid,urb,mfh,s51_std,24.625
C-EEU-BGR,Zone_5A Cool Humid,urb,mfh,s52_low,36.56944444
C-EEU-BGR,Zone_5A Cool Humid,urb,mfh,sr11_std,16.125
C-EEU-BGR,Zone_5A Cool Humid,urb,mfh,sr12_low,16.125
C-EEU-BGR,Zone_5A Cool Humid,urb,mfh,sr21_std,15.72222222
C-EEU-BGR,Zone_5A Cool Humid,urb,mfh,sr22_low,15.72222222
C-EEU-BGR,Zone_5A Cool Humid,urb,mfh,sr31_std,20.55555556
C-EEU-BGR,Zone_5A Cool Humid,urb,mfh,sr32_low,20.55555556
C-EEU-BGR,Zone_5A Cool Humid,urb,sfh,s1,11.66666667
C-EEU-BGR,Zone_5A Cool Humid,urb,sfh,s2,10.375
C-EEU-BGR,Zone_5A Cool Humid,urb,sfh,s3,11.84722222
C-EEU-BGR,Zone_5A Cool Humid,urb,sfh,s51_std,14.0
C-EEU-BGR,Zone_5A Cool Humid,urb,sfh,s52_low,24.81944444
C-EEU-BGR,Zone_5A Cool Humid,urb,sfh,sr11_std,11.66666667
C-EEU-BGR,Zone_5A Cool Humid,urb,sfh,sr12_low,11.66666667
C-EEU-BGR,Zone_5A Cool Humid,urb,sfh,sr21_std,10.375
C-EEU-BGR,Zone_5A Cool Humid,urb,sfh,sr22_low,10.375
C-EEU-BGR,Zone_5A Cool Humid,urb,sfh,sr31_std,11.84722222
C-EEU-BGR,Zone_5A Cool Humid,urb,sfh,sr32_low,11.84722222
C-EEU-CZE,Zone_5A Cool Humid,rur,inf,ns,7.301282051
C-EEU-CZE,Zone_5A Cool Humid,rur,mfh,s1,10.98717949
C-EEU-CZE,Zone_5A Cool Humid,rur,mfh,s2,10.74358974
C-EEU-CZE,Zone_5A Cool Humid,rur,mfh,s3,13.96794872
C-EEU-CZE,Zone_5A Cool Humid,rur,mfh,s51_std,16.71153846
C-EEU-CZE,Zone_5A Cool Humid,rur,mfh,s52_low,25.8525641
C-EEU-CZE,Zone_5A Cool Humid,rur,mfh,sr11_std,10.98717949
C-EEU-CZE,Zone_5A Cool Humid,rur,mfh,sr12_low,10.98717949
C-EEU-CZE,Zone_5A Cool Humid,rur,mfh,sr21_std,10.74358974
C-EEU-CZE,Zone_5A Cool Humid,rur,mfh,sr22_low,10.74358974
C-EEU-CZE,Zone_5A Cool Humid,rur,mfh,sr31_std,13.96794872
C-EEU-CZE,Zone_5A Cool Humid,rur,mfh,sr32_low,13.96794872
C-EEU-CZE,Zone_5A Cool Humid,rur,sfh,s1,7.301282051
C-EEU-CZE,Zone_5A Cool Humid,rur,sfh,s2,6.307692308
C-EEU-CZE,Zone_5A Cool Humid,rur,sfh,s3,7.794871795
C-EEU-CZE,Zone_5A Cool Humid,rur,sfh,s51_std,9.519230769
C-EEU-CZE,Zone_5A Cool Humid,rur,sfh,s52_low,16.80128205
C-EEU-CZE,Zone_5A Cool Humid,rur,sfh,sr11_std,7.301282051
C-EEU-CZE,Zone_5A Cool Humid,rur,sfh,sr12_low,7.301282051
C-EEU-CZE,Zone_5A Cool Humid,rur,sfh,sr21_std,6.307692308
C-EEU-CZE,Zone_5A Cool Humid,rur,sfh,sr22_low,6.307692308
C-EEU-CZE,Zone_5A Cool Humid,rur,sfh,sr31_std,7.794871795
C-EEU-CZE,Zone_5A Cool Humid,rur,sfh,sr32_low,7.794871795
C-EEU-CZE,Zone_5A Cool Humid,urb,inf,ns,7.301282051
C-EEU-CZE,Zone_5A Cool Humid,urb,mfh,s1,10.98717949
C-EEU-CZE,Zone_5A Cool Humid,urb,mfh,s2,10.74358974
C-EEU-CZE,Zone_5A Cool Humid,urb,mfh,s3,13.96794872
C-EEU-CZE,Zone_5A Cool Humid,urb,mfh,s51_std,16.71153846
C-EEU-CZE,Zone_5A Cool Humid,urb,mfh,s52_low,25.8525641
C-EEU-CZE,Zone_5A Cool Humid,urb,mfh,sr11_std,10.98717949
C-EEU-CZE,Zone_5A Cool Humid,urb,mfh,sr12_low,10.98717949
C-EEU-CZE,Zone_5A Cool Humid,urb,mfh,sr21_std,10.74358974
C-EEU-CZE,Zone_5A Cool Humid,urb,mfh,sr22_low,10.74358974
C-EEU-CZE,Zone_5A Cool Humid,urb,mfh,sr31_std,13.96794872
C-EEU-CZE,Zone_5A Cool Humid,urb,mfh,sr32_low,13.96794872
C-EEU-CZE,Zone_5A Cool Humid,urb,sfh,s1,7.301282051
C-EEU-CZE,Zone_5A Cool Humid,urb,sfh,s2,6.307692308
C-EEU-CZE,Zone_5A Cool Humid,urb,sfh,s3,7.794871795
C-EEU-CZE,Zone_5A Cool Humid,urb,sfh,s51_std,9.519230769
C-EEU-CZE,Zone_5A Cool Humid,urb,sfh,s52_low,16.80128205
C-EEU-CZE,Zone_5A Cool Humid,urb,sfh,sr11_std,7.301282051
C-EEU-CZE,Zone_5A Cool Humid,urb,sfh,sr12_low,7.301282051
C-EEU-CZE,Zone_5A Cool Humid,urb,sfh,sr21_std,6.307692308
C-EEU-CZE,Zone_5A Cool Humid,urb,sfh,sr22_low,6.307692308
C-EEU-CZE,Zone_5A Cool Humid,urb,sfh,sr31_std,7.794871795
C-EEU-CZE,Zone_5A Cool Humid,urb,sfh,sr32_low,7.794871795
C-EEU-EST,Zone_6A Cold Humid,rur,inf,ns,2.965909091
C-EEU-EST,Zone_6A Cold Humid,rur,mfh,s1,5.448863636
C-EEU-EST,Zone_6A Cold Humid,rur,mfh,s2,5.352272727
C-EEU-EST,Zone_6A Cold Humid,rur,mfh,s3,7.926136364
C-EEU-EST,Zone_6A Cold Humid,rur,mfh,s51_std,10.34659091
C-EEU-EST,Zone_6A Cold Humid,rur,mfh,s52_low,19.125
C-EEU-EST,Zone_6A Cold Humid,rur,mfh,sr11_std,5.448863636
C-EEU-EST,Zone_6A Cold Humid,rur,mfh,sr12_low,5.448863636
C-EEU-EST,Zone_6A Cold Humid,rur,mfh,sr21_std,5.352272727
C-EEU-EST,Zone_6A Cold Humid,rur,mfh,sr22_low,5.352272727
C-EEU-EST,Zone_6A Cold Humid,rur,mfh,sr31_std,7.926136364
C-EEU-EST,Zone_6A Cold Humid,rur,mfh,sr32_low,7.926136364
C-EEU-EST,Zone_6A Cold Humid,rur,sfh,s1,2.965909091
C-EEU-EST,Zone_6A Cold Humid,rur,sfh,s2,2.278409091
C-EEU-EST,Zone_6A Cold Humid,rur,sfh,s3,3.494318182
C-EEU-EST,Zone_6A Cold Humid,rur,sfh,s51_std,4.704545455
C-EEU-EST,Zone_6A Cold Humid,rur,sfh,s52_low,10.41477273
C-EEU-EST,Zone_6A Cold Humid,rur,sfh,sr11_std,2.965909091
C-EEU-EST,Zone_6A Cold Humid,rur,sfh,sr12_low,2.965909091
C-EEU-EST,Zone_6A Cold Humid,rur,sfh,sr21_std,2.278409091
C-EEU-EST,Zone_6A Cold Humid,rur,sfh,sr22_low,2.278409091
C-EEU-EST,Zone_6A Cold Humid,rur,sfh,sr31_std,3.494318182
C-EEU-EST,Zone_6A Cold Humid,rur,sfh,sr32_low,3.494318182
C-EEU-EST,Zone_6A Cold Humid,urb,inf,ns,2.965909091
C-EEU-EST,Zone_6A Cold Humid,urb,mfh,s1,5.448863636
C-EEU-EST,Zone_6A Cold Humid,urb,mfh,s2,5.352272727
C-EEU-EST,Zone_6A Cold Humid,urb,mfh,s3,7.926136364
C-EEU-EST,Zone_6A Cold Humid,urb,mfh,s51_std,10.34659091
C-EEU-EST,Zone_6A Cold Humid,urb,mfh,s52_low,19.125
C-EEU-EST,Zone_6A Cold Humid,urb,mfh,sr11_std,5.448863636
C-EEU-EST,Zone_6A Cold Humid,urb,mfh,sr12_low,5.448863636
C-EEU-EST,Zone_6A Cold Humid,urb,mfh,sr21_std,5.352272727
C-EEU-EST,Zone_6A Cold Humid,urb,mfh,sr22_low,5.352272727
C-EEU-EST,Zone_6A Cold Humid,urb,mfh,sr31_std,7.926136364
C-EEU-EST,Zone_6A Cold Humid,urb,mfh,sr32_low,7.926136364
C-EEU-EST,Zone_6A Cold Humid,urb,sfh,s1,2.965909091
C-EEU-EST,Zone_6A Cold Humid,urb,sfh,s2,2.278409091
C-EEU-EST,Zone_6A Cold Humid,urb,sfh,s3,3.494318182
C-EEU-EST,Zone_6A Cold Humid,urb,sfh,s51_std,4.704545455
C-EEU-EST,Zone_6A Cold Humid,urb,sfh,s52_low,10.41477273
C-EEU-EST,Zone_6A Cold Humid,urb,sfh,sr11_std,2.965909091
C-EEU-EST,Zone_6A Cold Humid,urb,sfh,sr12_low,2.965909091
C-EEU-EST,Zone_6A Cold Humid,urb,sfh,sr21_std,2.278409091
C-EEU-EST,Zone_6A Cold Humid,urb,sfh,sr22_low,2.278409091
C-EEU-EST,Zone_6A Cold Humid,urb,sfh,sr31_std,3.494318182
C-EEU-EST,Zone_6A Cold Humid,urb,sfh,sr32_low,3.494318182
C-EEU-HRV,Zone_3A Warm Humid,rur,inf,ns,7.433132774603519
C-EEU-HRV,Zone_3A Warm Humid,rur,mfh,s1,4.2310358455972406
C-EEU-HRV,Zone_3A Warm Humid,rur,mfh,s2,4.497816922147721
C-EEU-HRV,Zone_3A Warm Humid,rur,mfh,s3,3.1948800400244397
C-EEU-HRV,Zone_3A Warm Humid,rur,mfh,s51_std,3.5112489143802286
C-EEU-HRV,Zone_3A Warm Humid,rur,mfh,s52_low,5.757814279520639
C-EEU-HRV,Zone_3A Warm Humid,rur,mfh,sr11_std,4.2310358455972406
C-EEU-HRV,Zone_3A Warm Humid,rur,mfh,sr12_low,4.2310358455972406
C-EEU-HRV,Zone_3A Warm Humid,rur,mfh,sr21_std,4.987934054778159
C-EEU-HRV,Zone_3A Warm Humid,rur,mfh,sr22_low,4.987934054778159
C-EEU-HRV,Zone_3A Warm Humid,rur,mfh,sr31_std,4.526272121636681
C-EEU-HRV,Zone_3A Warm Humid,rur,mfh,sr32_low,4.526272121636681
C-EEU-HRV,Zone_3A Warm Humid,rur,sfh,s1,1.7689921560678967
C-EEU-HRV,Zone_3A Warm Humid,rur,sfh,s2,3.0375714178696813
C-EEU-HRV,Zone_3A Warm Humid,rur,sfh,s3,3.540565660852155
C-EEU-HRV,Zone_3A Warm Humid,rur,sfh,s51_std,3.856289198028854
C-EEU-HRV,Zone_3A Warm Humid,rur,sfh,s52_low,5.128533602400555
C-EEU-HRV,Zone_3A Warm Humid,rur,sfh,sr11_std,4.161528054475866
C-EEU-HRV,Zone_3A Warm Humid,rur,sfh,sr12_low,2.86787846779538
C-EEU-HRV,Zone_3A Warm Humid,rur,sfh,sr21_std,2.4768860784091205
C-EEU-HRV,Zone_3A Warm Humid,rur,sfh,sr22_low,3.0375714178696813
C-EEU-HRV,Zone_3A Warm Humid,rur,sfh,sr31_std,4.89721193829494
C-EEU-HRV,Zone_3A Warm Humid,rur,sfh,sr32_low,4.89721193829494
C-EEU-HRV,Zone_3A Warm Humid,urb,inf,ns,8.329472896636354
C-EEU-HRV,Zone_3A Warm Humid,urb,mfh,s1,5.326771118600297
C-EEU-HRV,Zone_3A Warm Humid,urb,mfh,s2,5.228487830893879
C-EEU-HRV,Zone_3A Warm Humid,urb,mfh,s3,5.072082270450826
C-EEU-HRV,Zone_3A Warm Humid,urb,mfh,s51_std,3.9346603313209294
C-EEU-HRV,Zone_3A Warm Humid,urb,mfh,s52_low,5.698385854224044
C-EEU-HRV,Zone_3A Warm Humid,urb,mfh,sr11_std,3.709173233115205
C-EEU-HRV,Zone_3A Warm Humid,urb,mfh,sr12_low,5.326771118600297
C-EEU-HRV,Zone_3A Warm Humid,urb,mfh,sr21_std,3.308759731703966
C-EEU-HRV,Zone_3A Warm Humid,urb,mfh,sr22_low,4.120545999552479
C-EEU-HRV,Zone_3A Warm Humid,urb,mfh,sr31_std,3.5801414434989023
C-EEU-HRV,Zone_3A Warm Humid,urb,mfh,sr32_low,6.111306437742005
C-EEU-HRV,Zone_3A Warm Humid,urb,sfh,s1,4.37226289601295
C-EEU-HRV,Zone_3A Warm Humid,urb,sfh,s2,3.403863426627993
C-EEU-HRV,Zone_3A Warm Humid,urb,sfh,s3,3.351653901789991
C-EEU-HRV,Zone_3A Warm Humid,urb,sfh,s51_std,5.172605334989745
C-EEU-HRV,Zone_3A Warm Humid,urb,sfh,s52_low,5.349165011384745
C-EEU-HRV,Zone_3A Warm Humid,urb,sfh,sr11_std,4.9916259394092695
C-EEU-HRV,Zone_3A Warm Humid,urb,sfh,sr12_low,4.250446069318831
C-EEU-HRV,Zone_3A Warm Humid,urb,sfh,sr21_std,4.348671991994471
C-EEU-HRV,Zone_3A Warm Humid,urb,sfh,sr22_low,2.902941414606917
C-EEU-HRV,Zone_3A Warm Humid,urb,sfh,sr31_std,5.487752653696877
C-EEU-HRV,Zone_3A Warm Humid,urb,sfh,sr32_low,4.931914115908103
C-EEU-HRV,Zone_4A Mixed Humid,rur,inf,ns,61.25680624107978
C-EEU-HRV,Zone_4A Mixed Humid,rur,mfh,s1,9.43718288427203
C-EEU-HRV,Zone_4A Mixed Humid,rur,mfh,s2,36.169167799729095
C-EEU-HRV,Zone_4A Mixed Humid,rur,mfh,s3,5.776615077342987
C-EEU-HRV,Zone_4A Mixed Humid,rur,mfh,s51_std,7.087462346387611
C-EEU-HRV,Zone_4A Mixed Humid,rur,mfh,s52_low,10.908915399761074
C-EEU-HRV,Zone_4A Mixed Humid,rur,mfh,sr11_std,9.43718288427203
C-EEU-HRV,Zone_4A Mixed Humid,rur,mfh,sr12_low,9.43718288427203
C-EEU-HRV,Zone_4A Mixed Humid,rur,mfh,sr21_std,24.59104112102112
C-EEU-HRV,Zone_4A Mixed Humid,rur,mfh,sr22_low,10.70821505383342
C-EEU-HRV,Zone_4A Mixed Humid,rur,mfh,sr31_std,5.776615077342987
C-EEU-HRV,Zone_4A Mixed Humid,rur,mfh,sr32_low,11.623850863941296
C-EEU-HRV,Zone_4A Mixed Humid,rur,sfh,s1,29.17828347532902
C-EEU-HRV,Zone_4A Mixed Humid,rur,sfh,s2,15.8010786215052
C-EEU-HRV,Zone_4A Mixed Humid,rur,sfh,s3,6.558203793779456
C-EEU-HRV,Zone_4A Mixed Humid,rur,sfh,s51_std,12.543507033289151
C-EEU-HRV,Zone_4A Mixed Humid,rur,sfh,s52_low,36.31675514006493
C-EEU-HRV,Zone_4A Mixed Humid,rur,sfh,sr11_std,19.89505584656904
C-EEU-HRV,Zone_4A Mixed Humid,rur,sfh,sr12_low,26.215505327186136
C-EEU-HRV,Zone_4A Mixed Humid,rur,sfh,sr21_std,27.850505454493952
C-EEU-HRV,Zone_4A Mixed Humid,rur,sfh,sr22_low,2.3772992798163437
C-EEU-HRV,Zone_4A Mixed Humid,rur,sfh,sr31_std,6.558203793779456
C-EEU-HRV,Zone_4A Mixed Humid,rur,sfh,sr32_low,10.703594651812491
C-EEU-HRV,Zone_4A Mixed Humid,urb,inf,ns,51.25015146965954
C-EEU-HRV,Zone_4A Mixed Humid,urb,mfh,s1,9.237623289941153
C-EEU-HRV,Zone_4A Mixed Humid,urb,mfh,s2,26.2515053378665
C-EEU-HRV,Zone_4A Mixed Humid,urb,mfh,s3,5.654462208676913
C-EEU-HRV,Zone_4A Mixed Humid,urb,mfh,s51_std,6.9375901728772655
C-EEU-HRV,Zone_4A Mixed Humid,urb,mfh,s52_low,10.678234405394171
C-EEU-HRV,Zone_4A Mixed Humid,urb,mfh,sr11_std,9.237623289941153
C-EEU-HRV,Zone_4A Mixed Humid,urb,mfh,sr12_low,9.237623289941153
C-EEU-HRV,Zone_4A Mixed Humid,urb,mfh,sr21_std,15.940750563061778
C-EEU-HRV,Zone_4A Mixed Humid,urb,mfh,sr22_low,10.481778088654734
C-EEU-HRV,Zone_4A Mixed Humid,urb,mfh,sr31_std,5.654462208676913
C-EEU-HRV,Zone_4A Mixed Humid,urb,mfh,sr32_low,11.378051774168789
C-EEU-HRV,Zone_4A Mixed Humid,urb,sfh,s1,18.800972641090667
C-EEU-HRV,Zone_4A Mixed Humid,urb,sfh,s2,19.79107082416602
C-EEU-HRV,Zone_4A Mixed Humid,urb,sfh,s3,6.419523373502022
C-EEU-HRV,Zone_4A Mixed Humid,urb,sfh,s51_std,27.5543711954259
C-EEU-HRV,Zone_4A Mixed Humid,urb,sfh,s52_low,30.826253218545688
C-EEU-HRV,Zone_4A Mixed Humid,urb,sfh,sr11_std,28.144239907457507
C-EEU-HRV,Zone_4A Mixed Humid,urb,sfh,sr12_low,6.978326971217157
C-EEU-HRV,Zone_4A Mixed Humid,urb,sfh,sr21_std,6.997034523695621
C-EEU-HRV,Zone_4A Mixed Humid,urb,sfh,sr22_low,2.3270286762155705
C-EEU-HRV,Zone_4A Mixed Humid,urb,sfh,sr31_std,6.419523373502022
C-EEU-HRV,Zone_4A Mixed Humid,urb,sfh,sr32_low,10.477255390107844
C-EEU-HRV,Zone_4C Mixed Marine,rur,inf,ns,2.100052956345955
C-EEU-HRV,Zone_4C Mixed Marine,rur,mfh,s1,1.3190634668558305
C-EEU-HRV,Zone_4C Mixed Marine,rur,mfh,s2,1.664615997243133
C-EEU-HRV,Zone_4C Mixed Marine,rur,mfh,s3,2.364491426883018
C-EEU-HRV,Zone_4C Mixed Marine,rur,mfh,s51_std,2.098346289798091
C-EEU-HRV,Zone_4C Mixed Marine,rur,mfh,s52_low,2.547626208795368
C-EEU-HRV,Zone_4C Mixed Marine,rur,mfh,sr11_std,1.3190634668558305
C-EEU-HRV,Zone_4C Mixed Marine,rur,mfh,sr12_low,1.2733943388280986
C-EEU-HRV,Zone_4C Mixed Marine,rur,mfh,sr21_std,1.4323197425863141
C-EEU-HRV,Zone_4C Mixed Marine,rur,mfh,sr22_low,1.664615997243133
C-EEU-HRV,Zone_4C Mixed Marine,rur,mfh,sr31_std,1.8764796632029317
C-EEU-HRV,Zone_4C Mixed Marine,rur,mfh,sr32_low,1.8764796632029317
C-EEU-HRV,Zone_4C Mixed Marine,rur,sfh,s1,1.0500264781729776
C-EEU-HRV,Zone_4C Mixed Marine,rur,sfh,s2,1.1137104174461212
C-EEU-HRV,Zone_4C Mixed Marine,rur,sfh,s3,1.4745281301668323
C-EEU-HRV,Zone_4C Mixed Marine,rur,sfh,s51_std,1.5197863938502263
C-EEU-HRV,Zone_4C Mixed Marine,rur,sfh,s52_low,2.4679817787355676
C-EEU-HRV,Zone_4C Mixed Marine,rur,sfh,sr11_std,1.0296412968274427
C-EEU-HRV,Zone_4C Mixed Marine,rur,sfh,sr12_low,1.0296412968274427
C-EEU-HRV,Zone_4C Mixed Marine,rur,sfh,sr21_std,1.1155277005159843
C-EEU-HRV,Zone_4C Mixed Marine,rur,sfh,sr22_low,1.117344984217314
C-EEU-HRV,Zone_4C Mixed Marine,rur,sfh,sr31_std,1.364479755044175
C-EEU-HRV,Zone_4C Mixed Marine,rur,sfh,sr32_low,1.364479755044175
C-EEU-HRV,Zone_4C Mixed Marine,urb,inf,ns,2.1267122980671975
C-EEU-HRV,Zone_4C Mixed Marine,urb,mfh,s1,1.2664351368856237
C-EEU-HRV,Zone_4C Mixed Marine,urb,mfh,s2,1.4505024752437472
C-EEU-HRV,Zone_4C Mixed Marine,urb,mfh,s3,1.90030083038975
C-EEU-HRV,Zone_4C Mixed Marine,urb,mfh,s51_std,2.3196293349025217
C-EEU-HRV,Zone_4C Mixed Marine,urb,mfh,s52_low,3.2240589726899027
C-EEU-HRV,Zone_4C Mixed Marine,urb,mfh,sr11_std,1.3126840164317746
C-EEU-HRV,Zone_4C Mixed Marine,urb,mfh,sr12_low,1.2664351368856237
C-EEU-HRV,Zone_4C Mixed Marine,urb,mfh,sr21_std,1.4505024752437472
C-EEU-HRV,Zone_4C Mixed Marine,urb,mfh,sr22_low,1.4505024752437472
C-EEU-HRV,Zone_4C Mixed Marine,urb,mfh,sr31_std,2.065036456847921
C-EEU-HRV,Zone_4C Mixed Marine,urb,mfh,sr32_low,1.90030083038975
C-EEU-HRV,Zone_4C Mixed Marine,urb,sfh,s1,1.0495935071397682
C-EEU-HRV,Zone_4C Mixed Marine,urb,sfh,s2,1.1315292368880636
C-EEU-HRV,Zone_4C Mixed Marine,urb,sfh,s3,1.381801285890108
C-EEU-HRV,Zone_4C Mixed Marine,urb,sfh,s51_std,1.8225258984909847
C-EEU-HRV,Zone_4C Mixed Marine,urb,sfh,s52_low,2.4993118313431895
C-EEU-HRV,Zone_4C Mixed Marine,urb,sfh,sr11_std,1.0427121858731112
C-EEU-HRV,Zone_4C Mixed Marine,urb,sfh,sr12_low,1.0427121858731112
C-EEU-HRV,Zone_4C Mixed Marine,urb,sfh,sr21_std,1.1296888834888712
C-EEU-HRV,Zone_4C Mixed Marine,urb,sfh,sr22_low,1.1278485307291621
C-EEU-HRV,Zone_4C Mixed Marine,urb,sfh,sr31_std,1.548969379472063
C-EEU-HRV,Zone_4C Mixed Marine,urb,sfh,sr32_low,1.548969379472063
C-EEU-HRV,Zone_5A Cool Humid,rur,inf,ns,0.0691097027217669
C-EEU-HRV,Zone_5A Cool Humid,rur,mfh,s1,0.07706610754231477
C-EEU-HRV,Zone_5A Cool Humid,rur,mfh,s2,0.06686762711921324
C-EEU-HRV,Zone_5A Cool Humid,rur,mfh,s3,0.21607762066316408
C-EEU-HRV,Zone_5A Cool Humid,rur,mfh,s51_std,0.0019302272363902564
C-EEU-HRV,Zone_5A Cool Humid,rur,mfh,s52_low,0.2018128216848472
C-EEU-HRV,Zone_5A Cool Humid,rur,mfh,sr11_std,0.08341338902206476
C-EEU-HRV,Zone_5A Cool Humid,rur,mfh,sr12_low,0.08341338902206476
C-EEU-HRV,Zone_5A Cool Humid,rur,mfh,sr21_std,0.06869337927790627
C-EEU-HRV,Zone_5A Cool Humid,rur,mfh,sr22_low,0.10211820957949655
C-EEU-HRV,Zone_5A Cool Humid,rur,mfh,sr31_std,0.21878985598482928
C-EEU-HRV,Zone_5A Cool Humid,rur,mfh,sr32_low,0.21607762066316408
C-EEU-HRV,Zone_5A Cool Humid,rur,sfh,s1,0.03455485136088345
C-EEU-HRV,Zone_5A Cool Humid,rur,sfh,s2,0.10618193890222968
C-EEU-HRV,Zone_5A Cool Humid,rur,sfh,s3,0.09593944011143063
C-EEU-HRV,Zone_5A Cool Humid,rur,sfh,s51_std,0.19077078681462056
C-EEU-HRV,Zone_5A Cool Humid,rur,sfh,s52_low,0.1772604730823807
C-EEU-HRV,Zone_5A Cool Humid,rur,sfh,sr11_std,0.03455485136088345
C-EEU-HRV,Zone_5A Cool Humid,rur,sfh,sr12_low,0.12748130516243064
C-EEU-HRV,Zone_5A Cool Humid,rur,sfh,sr21_std,0.10618193890222968
C-EEU-HRV,Zone_5A Cool Humid,rur,sfh,sr22_low,0.1164570401952956
C-EEU-HRV,Zone_5A Cool Humid,rur,sfh,sr31_std,0.07815207314781211
C-EEU-HRV,Zone_5A Cool Humid,rur,sfh,sr32_low,0.06925838966600285
C-EEU-HRV,Zone_5A Cool Humid,urb,inf,ns,0.10618914723637418
C-EEU-HRV,Zone_5A Cool Humid,urb,mfh,s1,0.11841440374431816
C-EEU-HRV,Zone_5A Cool Humid,urb,mfh,s2,0.10274413030100736
C-EEU-HRV,Zone_5A Cool Humid,urb,mfh,s3,0.33200979560659166
C-EEU-HRV,Zone_5A Cool Humid,urb,mfh,s51_std,0.002965852494401588
C-EEU-HRV,Zone_5A Cool Humid,urb,mfh,s52_low,0.31009150078908726
C-EEU-HRV,Zone_5A Cool Humid,urb,mfh,sr11_std,0.1281671935995637
C-EEU-HRV,Zone_5A Cool Humid,urb,mfh,sr12_low,0.1281671935995637
C-EEU-HRV,Zone_5A Cool Humid,urb,mfh,sr21_std,0.10554945368052059
C-EEU-HRV,Zone_5A Cool Humid,urb,mfh,sr22_low,0.15690771578354193
C-EEU-HRV,Zone_5A Cool Humid,urb,mfh,sr31_std,0.3249524671952527
C-EEU-HRV,Zone_5A Cool Humid,urb,mfh,sr32_low,0.33200979560659166
C-EEU-HRV,Zone_5A Cool Humid,urb,sfh,s1,0.05309457361818709
C-EEU-HRV,Zone_5A Cool Humid,urb,sfh,s2,0.16315175872376092
C-EEU-HRV,Zone_5A Cool Humid,urb,sfh,s3,0.14741384972792348
C-EEU-HRV,Zone_5A Cool Humid,urb,sfh,s51_std,0.2931250804393385
C-EEU-HRV,Zone_5A Cool Humid,urb,sfh,s52_low,0.33394674355771975
C-EEU-HRV,Zone_5A Cool Humid,urb,sfh,sr11_std,0.05309457361818709
C-EEU-HRV,Zone_5A Cool Humid,urb,sfh,sr12_low,0.1958788788063303
C-EEU-HRV,Zone_5A Cool Humid,urb,sfh,sr21_std,0.16315175872376092
C-EEU-HRV,Zone_5A Cool Humid,urb,sfh,sr22_low,0.174958165868156
C-EEU-HRV,Zone_5A Cool Humid,urb,sfh,sr31_std,0.12008302272304623
C-EEU-HRV,Zone_5A Cool Humid,urb,sfh,sr32_low,0.12008302272304623
C-EEU-HUN,Zone_4A Mixed Humid,rur,inf,ns,25.75
C-EEU-HUN,Zone_4A Mixed Humid,rur,mfh,s1,33.13541667
C-EEU-HUN,Zone_4A Mixed Humid,rur,mfh,s2,32.5
C-EEU-HUN,Zone_4A Mixed Humid,rur,mfh,s3,39.89583333
C-EEU-HUN,Zone_4A Mixed Humid,rur,mfh,s51_std,44.13541667
C-EEU-HUN,Zone_4A Mixed Humid,rur,mfh,s52_low,54.88541667
C-EEU-HUN,Zone_4A Mixed Humid,rur,mfh,sr11_std,33.13541667
C-EEU-HUN,Zone_4A Mixed Humid,rur,mfh,sr12_low,33.13541667
C-EEU-HUN,Zone_4A Mixed Humid,rur,mfh,sr21_std,32.5
C-EEU-HUN,Zone_4A Mixed Humid,rur,mfh,sr22_low,32.5
C-EEU-HUN,Zone_4A Mixed Humid,rur,mfh,sr31_std,39.89583333
C-EEU-HUN,Zone_4A Mixed Humid,rur,mfh,sr32_low,39.89583333
C-EEU-HUN,Zone_4A Mixed Humid,rur,sfh,s1,25.75
C-EEU-HUN,Zone_4A Mixed Humid,rur,sfh,s2,23.94791667
C-EEU-HUN,Zone_4A Mixed Humid,rur,sfh,s3,26.51041667
C-EEU-HUN,Zone_4A Mixed Humid,rur,sfh,s51_std,29.82291667
C-EEU-HUN,Zone_4A Mixed Humid,rur,sfh,s52_low,44.21875
C-EEU-HUN,Zone_4A Mixed Humid,rur,sfh,sr11_std,25.75
C-EEU-HUN,Zone_4A Mixed Humid,rur,sfh,sr12_low,25.75
C-EEU-HUN,Zone_4A Mixed Humid,rur,sfh,sr21_std,23.94791667
C-EEU-HUN,Zone_4A Mixed Humid,rur,sfh,sr22_low,23.94791667
C-EEU-HUN,Zone_4A Mixed Humid,rur,sfh,sr31_std,26.51041667
C-EEU-HUN,Zone_4A Mixed Humid,rur,sfh,sr32_low,26.51041667
C-EEU-HUN,Zone_4A Mixed Humid,urb,inf,ns,25.75
C-EEU-HUN,Zone_4A Mixed Humid,urb,mfh,s1,33.13541667
C-EEU-HUN,Zone_4A Mixed Humid,urb,mfh,s2,32.5
C-EEU-HUN,Zone_4A Mixed Humid,urb,mfh,s3,39.89583333
C-EEU-HUN,Zone_4A Mixed Humid,urb,mfh,s51_std,44.13541667
C-EEU-HUN,Zone_4A Mixed Humid,urb,mfh,s52_low,54.88541667
C-EEU-HUN,Zone_4A Mixed Humid,urb,mfh,sr11_std,33.13541667
C-EEU-HUN,Zone_4A Mixed Humid,urb,mfh,sr12_low,33.13541667
C-EEU-HUN,Zone_4A Mixed Humid,urb,mfh,sr21_std,32.5
C-EEU-HUN,Zone_4A Mixed Humid,urb,mfh,sr22_low,32.5
C-EEU-HUN,Zone_4A Mixed Humid,urb,mfh,sr31_std,39.89583333
C-EEU-HUN,Zone_4A Mixed Humid,urb,mfh,sr32_low,39.89583333
C-EEU-HUN,Zone_4A Mixed Humid,urb,sfh,s1,25.75
C-EEU-HUN,Zone_4A Mixed Humid,urb,sfh,s2,23.94791667
C-EEU-HUN,Zone_4A Mixed Humid,urb,sfh,s3,26.51041667
C-EEU-HUN,Zone_4A Mixed Humid,urb,sfh,s51_std,29.82291667
C-EEU-HUN,Zone_4A Mixed Humid,urb,sfh,s52_low,44.21875
C-EEU-HUN,Zone_4A Mixed Humid,urb,sfh,sr11_std,25.75
C-EEU-HUN,Zone_4A Mixed Humid,urb,sfh,sr12_low,25.75
C-EEU-HUN,Zone_4A Mixed Humid,urb,sfh,sr21_std,23.94791667
C-EEU-HUN,Zone_4A Mixed Humid,urb,sfh,sr22_low,23.94791667
C-EEU-HUN,Zone_4A Mixed Humid,urb,sfh,sr31_std,26.51041667
C-EEU-HUN,Zone_4A Mixed Humid,urb,sfh,sr32_low,26.51041667
C-EEU-HUN,Zone_5A Cool Humid,rur,inf,ns,18.225
C-EEU-HUN,Zone_5A Cool Humid,rur,mfh,s1,23.325
C-EEU-HUN,Zone_5A Cool Humid,rur,mfh,s2,22.9875
C-EEU-HUN,Zone_5A Cool Humid,rur,mfh,s3,28.8375
C-EEU-HUN,Zone_5A Cool Humid,rur,mfh,s51_std,33.0
C-EEU-HUN,Zone_5A Cool Humid,rur,mfh,s52_low,44.9
C-EEU-HUN,Zone_5A Cool Humid,rur,mfh,sr11_std,23.325
C-EEU-HUN,Zone_5A Cool Humid,rur,mfh,sr12_low,23.325
C-EEU-HUN,Zone_5A Cool Humid,rur,mfh,sr21_std,22.9875
C-EEU-HUN,Zone_5A Cool Humid,rur,mfh,sr22_low,22.9875
C-EEU-HUN,Zone_5A Cool Humid,rur,mfh,sr31_std,28.8375
C-EEU-HUN,Zone_5A Cool Humid,rur,mfh,sr32_low,28.8375
C-EEU-HUN,Zone_5A Cool Humid,rur,sfh,s1,18.225
C-EEU-HUN,Zone_5A Cool Humid,rur,sfh,s2,16.4
C-EEU-HUN,Zone_5A Cool Humid,rur,sfh,s3,18.95
C-EEU-HUN,Zone_5A Cool Humid,rur,sfh,s51_std,20.8625
C-EEU-HUN,Zone_5A Cool Humid,rur,sfh,s52_low,33.1125
C-EEU-HUN,Zone_5A Cool Humid,rur,sfh,sr11_std,18.225
C-EEU-HUN,Zone_5A Cool Humid,rur,sfh,sr12_low,18.225
C-EEU-HUN,Zone_5A Cool Humid,rur,sfh,sr21_std,16.4
C-EEU-HUN,Zone_5A Cool Humid,rur,sfh,sr22_low,16.4
C-EEU-HUN,Zone_5A Cool Humid,rur,sfh,sr31_std,18.95
C-EEU-HUN,Zone_5A Cool Humid,rur,sfh,sr32_low,18.95
C-EEU-HUN,Zone_5A Cool Humid,urb,inf,ns,18.225
C-EEU-HUN,Zone_5A Cool Humid,urb,mfh,s1,23.325
C-EEU-HUN,Zone_5A Cool Humid,urb,mfh,s2,22.9875
C-EEU-HUN,Zone_5A Cool Humid,urb,mfh,s3,28.8375
C-EEU-HUN,Zone_5A Cool Humid,urb,mfh,s51_std,33.0
C-EEU-HUN,Zone_5A Cool Humid,urb,mfh,s52_low,44.9
C-EEU-HUN,Zone_5A Cool Humid,urb,mfh,sr11_std,23.325
C-EEU-HUN,Zone_5A Cool Humid,urb,mfh,sr12_low,23.325
C-EEU-HUN,Zone_5A Cool Humid,urb,mfh,sr21_std,22.9875
C-EEU-HUN,Zone_5A Cool Humid,urb,mfh,sr22_low,22.9875
C-EEU-HUN,Zone_5A Cool Humid,urb,mfh,sr31_std,28.8375
C-EEU-HUN,Zone_5A Cool Humid,urb,mfh,sr32_low,28.8375
C-EEU-HUN,Zone_5A Cool Humid,urb,sfh,s1,18.225
C-EEU-HUN,Zone_5A Cool Humid,urb,sfh,s2,16.4
C-EEU-HUN,Zone_5A Cool Humid,urb,sfh,s3,18.95
C-EEU-HUN,Zone_5A Cool Humid,urb,sfh,s51_std,20.8625
C-EEU-HUN,Zone_5A Cool Humid,urb,sfh,s52_low,33.1125
C-EEU-HUN,Zone_5A Cool Humid,urb,sfh,sr11_std,18.225
C-EEU-HUN,Zone_5A Cool Humid,urb,sfh,sr12_low,18.225
C-EEU-HUN,Zone_5A Cool Humid,urb,sfh,sr21_std,16.4
C-EEU-HUN,Zone_5A Cool Humid,urb,sfh,sr22_low,16.4
C-EEU-HUN,Zone_5A Cool Humid,urb,sfh,sr31_std,18.95
C-EEU-HUN,Zone_5A Cool Humid,urb,sfh,sr32_low,18.95
C-EEU-LTU,Zone_5A Cool Humid,rur,inf,ns,2.1060883228059613
C-EEU-LTU,Zone_5A Cool Humid,rur,mfh,s1,1.468465251441996
C-EEU-LTU,Zone_5A Cool Humid,rur,mfh,s2,1.4431052429794748
C-EEU-LTU,Zone_5A Cool Humid,rur,mfh,s3,1.858526334467634
C-EEU-LTU,Zone_5A Cool Humid,rur,mfh,s51_std,2.248587417493271
C-EEU-LTU,Zone_5A Cool Humid,rur,mfh,s52_low,3.432054478111504
C-EEU-LTU,Zone_5A Cool Humid,rur,mfh,sr11_std,1.468465251441996
C-EEU-LTU,Zone_5A Cool Humid,rur,mfh,sr12_low,1.468465251441996
C-EEU-LTU,Zone_5A Cool Humid,rur,mfh,sr21_std,1.4431052429794748
C-EEU-LTU,Zone_5A Cool Humid,rur,mfh,sr22_low,1.4431052429794748
C-EEU-LTU,Zone_5A Cool Humid,rur,mfh,sr31_std,1.858526334467634
C-EEU-LTU,Zone_5A Cool Humid,rur,mfh,sr32_low,1.858526334467634
C-EEU-LTU,Zone_5A Cool Humid,rur,sfh,s1,1.0530441614029806
C-EEU-LTU,Zone_5A Cool Humid,rur,sfh,s2,0.9479812692011066
C-EEU-LTU,Zone_5A Cool Humid,rur,sfh,s3,1.1073870366798122
C-EEU-LTU,Zone_5A Cool Humid,rur,sfh,s51_std,1.290945192204347
C-EEU-LTU,Zone_5A Cool Humid,rur,sfh,s52_low,2.2522102758450604
C-EEU-LTU,Zone_5A Cool Humid,rur,sfh,sr11_std,1.0530441614029806
C-EEU-LTU,Zone_5A Cool Humid,rur,sfh,sr12_low,1.0530441614029806
C-EEU-LTU,Zone_5A Cool Humid,rur,sfh,sr21_std,0.9479812692011066
C-EEU-LTU,Zone_5A Cool Humid,rur,sfh,sr22_low,0.9479812692011066
C-EEU-LTU,Zone_5A Cool Humid,rur,sfh,sr31_std,1.1073870366798122
C-EEU-LTU,Zone_5A Cool Humid,rur,sfh,sr32_low,1.1073870366798122
C-EEU-LTU,Zone_5A Cool Humid,urb,inf,ns,2.1060883228059613
C-EEU-LTU,Zone_5A Cool Humid,urb,mfh,s1,1.468465251441996
C-EEU-LTU,Zone_5A Cool Humid,urb,mfh,s2,1.4431052429794748
C-EEU-LTU,Zone_5A Cool Humid,urb,mfh,s3,1.8585263344676337
C-EEU-LTU,Zone_5A Cool Humid,urb,mfh,s51_std,2.248587417493271
C-EEU-LTU,Zone_5A Cool Humid,urb,mfh,s52_low,3.432054478111504
C-EEU-LTU,Zone_5A Cool Humid,urb,mfh,sr11_std,1.468465251441996
C-EEU-LTU,Zone_5A Cool Humid,urb,mfh,sr12_low,1.468465251441996
C-EEU-LTU,Zone_5A Cool Humid,urb,mfh,sr21_std,1.4431052429794748
C-EEU-LTU,Zone_5A Cool Humid,urb,mfh,sr22_low,1.4431052429794748
C-EEU-LTU,Zone_5A Cool Humid,urb,mfh,sr31_std,1.8585263344676337
C-EEU-LTU,Zone_5A Cool Humid,urb,mfh,sr32_low,1.8585263344676337
C-EEU-LTU,Zone_5A Cool Humid,urb,sfh,s1,1.0530441614029806
C-EEU-LTU,Zone_5A Cool Humid,urb,sfh,s2,0.9479812692011065
C-EEU-LTU,Zone_5A Cool Humid,urb,sfh,s3,1.107387036679812
C-EEU-LTU,Zone_5A Cool Humid,urb,sfh,s51_std,1.290945192204347
C-EEU-LTU,Zone_5A Cool Humid,urb,sfh,s52_low,2.25221027584506
C-EEU-LTU,Zone_5A Cool Humid,urb,sfh,sr11_std,1.0530441614029806
C-EEU-LTU,Zone_5A Cool Humid,urb,sfh,sr12_low,1.0530441614029806
C-EEU-LTU,Zone_5A Cool Humid,urb,sfh,sr21_std,0.9479812692011065
C-EEU-LTU,Zone_5A Cool Humid,urb,sfh,sr22_low,0.9479812692011065
C-EEU-LTU,Zone_5A Cool Humid,urb,sfh,sr31_std,1.107387036679812
C-EEU-LTU,Zone_5A Cool Humid,urb,sfh,sr32_low,1.107387036679812
C-EEU-LTU,Zone_6A Cold Humid,rur,inf,ns,7.266666667
C-EEU-LTU,Zone_6A Cold Humid,rur,mfh,s1,10.13333333
C-EEU-LTU,Zone_6A Cold Humid,rur,mfh,s2,9.958333333
C-EEU-LTU,Zone_6A Cold Humid,rur,mfh,s3,12.825
C-EEU-LTU,Zone_6A Cold Humid,rur,mfh,s51_std,15.51666667
C-EEU-LTU,Zone_6A Cold Humid,rur,mfh,s52_low,23.68333333
C-EEU-LTU,Zone_6A Cold Humid,rur,mfh,sr11_std,10.13333333
C-EEU-LTU,Zone_6A Cold Humid,rur,mfh,sr12_low,10.13333333
C-EEU-LTU,Zone_6A Cold Humid,rur,mfh,sr21_std,9.958333333
C-EEU-LTU,Zone_6A Cold Humid,rur,mfh,sr22_low,9.958333333
C-EEU-LTU,Zone_6A Cold Humid,rur,mfh,sr31_std,12.825
C-EEU-LTU,Zone_6A Cold Humid,rur,mfh,sr32_low,12.825
C-EEU-LTU,Zone_6A Cold Humid,rur,sfh,s1,7.266666667
C-EEU-LTU,Zone_6A Cold Humid,rur,sfh,s2,6.541666667
C-EEU-LTU,Zone_6A Cold Humid,rur,sfh,s3,7.641666667
C-EEU-LTU,Zone_6A Cold Humid,rur,sfh,s51_std,8.908333333
C-EEU-LTU,Zone_6A Cold Humid,rur,sfh,s52_low,15.54166667
C-EEU-LTU,Zone_6A Cold Humid,rur,sfh,sr11_std,7.266666667
C-EEU-LTU,Zone_6A Cold Humid,rur,sfh,sr12_low,7.266666667
C-EEU-LTU,Zone_6A Cold Humid,rur,sfh,sr21_std,6.541666667
C-EEU-LTU,Zone_6A Cold Humid,rur,sfh,sr22_low,6.541666667
C-EEU-LTU,Zone_6A Cold Humid,rur,sfh,sr31_std,7.641666667
C-EEU-LTU,Zone_6A Cold Humid,rur,sfh,sr32_low,7.641666667
C-EEU-LTU,Zone_6A Cold Humid,urb,inf,ns,7.266666667
C-EEU-LTU,Zone_6A Cold Humid,urb,mfh,s1,10.13333333
C-EEU-LTU,Zone_6A Cold Humid,urb,mfh,s2,9.958333333
C-EEU-LTU,Zone_6A Cold Humid,urb,mfh,s3,12.825
C-EEU-LTU,Zone_6A Cold Humid,urb,mfh,s51_std,15.51666667
C-EEU-LTU,Zone_6A Cold Humid,urb,mfh,s52_low,23.68333333
C-EEU-LTU,Zone_6A Cold Humid,urb,mfh,sr11_std,10.13333333
C-EEU-LTU,Zone_6A Cold Humid,urb,mfh,sr12_low,10.13333333
C-EEU-LTU,Zone_6A Cold Humid,urb,mfh,sr21_std,9.958333333
C-EEU-LTU,Zone_6A Cold Humid,urb,mfh,sr22_low,9.958333333
C-EEU-LTU,Zone_6A Cold Humid,urb,mfh,sr31_std,12.825
C-EEU-LTU,Zone_6A Cold Humid,urb,mfh,sr32_low,12.825
C-EEU-LTU,Zone_6A Cold Humid,urb,sfh,s1,7.266666667
C-EEU-LTU,Zone_6A Cold Humid,urb,sfh,s2,6.541666667
C-EEU-LTU,Zone_6A Cold Humid,urb,sfh,s3,7.641666667
C-EEU-LTU,Zone_6A Cold Humid,urb,sfh,s51_std,8.908333333
C-EEU-LTU,Zone_6A Cold Humid,urb,sfh,s52_low,15.54166667
C-EEU-LTU,Zone_6A Cold Humid,urb,sfh,sr11_std,7.266666667
C-EEU-LTU,Zone_6A Cold Humid,urb,sfh,sr12_low,7.266666667
C-EEU-LTU,Zone_6A Cold Humid,urb,sfh,sr21_std,6.541666667
C-EEU-LTU,Zone_6A Cold Humid,urb,sfh,sr22_low,6.541666667
C-EEU-LTU,Zone_6A Cold Humid,urb,sfh,sr31_std,7.641666667
C-EEU-LTU,Zone_6A Cold Humid,urb,sfh,sr32_low,7.641666667
C-EEU-LVA,Zone_6A Cold Humid,rur,inf,ns,4.967948718
C-EEU-LVA,Zone_6A Cold Humid,rur,mfh,s1,7.871794872
C-EEU-LVA,Zone_6A Cold Humid,rur,mfh,s2,7.698717949
C-EEU-LVA,Zone_6A Cold Humid,rur,mfh,s3,10.48717949
C-EEU-LVA,Zone_6A Cold Humid,rur,mfh,s51_std,13.08974359
C-EEU-LVA,Zone_6A Cold Humid,rur,mfh,s52_low,21.66025641
C-EEU-LVA,Zone_6A Cold Humid,rur,mfh,sr11_std,7.871794872
C-EEU-LVA,Zone_6A Cold Humid,rur,mfh,sr12_low,7.871794872
C-EEU-LVA,Zone_6A Cold Humid,rur,mfh,sr21_std,7.698717949
C-EEU-LVA,Zone_6A Cold Humid,rur,mfh,sr22_low,7.698717949
C-EEU-LVA,Zone_6A Cold Humid,rur,mfh,sr31_std,10.48717949
C-EEU-LVA,Zone_6A Cold Humid,rur,mfh,sr32_low,10.48717949
C-EEU-LVA,Zone_6A Cold Humid,rur,sfh,s1,4.967948718
C-EEU-LVA,Zone_6A Cold Humid,rur,sfh,s2,4.307692308
C-EEU-LVA,Zone_6A Cold Humid,rur,sfh,s3,5.519230769
C-EEU-LVA,Zone_6A Cold Humid,rur,sfh,s51_std,6.724358974
C-EEU-LVA,Zone_6A Cold Humid,rur,sfh,s52_low,13.1474359
C-EEU-LVA,Zone_6A Cold Humid,rur,sfh,sr11_std,4.967948718
C-EEU-LVA,Zone_6A Cold Humid,rur,sfh,sr12_low,4.967948718
C-EEU-LVA,Zone_6A Cold Humid,rur,sfh,sr21_std,4.307692308
C-EEU-LVA,Zone_6A Cold Humid,rur,sfh,sr22_low,4.307692308
C-EEU-LVA,Zone_6A Cold Humid,rur,sfh,sr31_std,5.519230769
C-EEU-LVA,Zone_6A Cold Humid,rur,sfh,sr32_low,5.519230769
C-EEU-LVA,Zone_6A Cold Humid,urb,inf,ns,4.967948718
C-EEU-LVA,Zone_6A Cold Humid,urb,mfh,s1,7.871794872
C-EEU-LVA,Zone_6A Cold Humid,urb,mfh,s2,7.698717949
C-EEU-LVA,Zone_6A Cold Humid,urb,mfh,s3,10.48717949
C-EEU-LVA,Zone_6A Cold Humid,urb,mfh,s51_std,13.08974359
C-EEU-LVA,Zone_6A Cold Humid,urb,mfh,s52_low,21.66025641
C-EEU-LVA,Zone_6A Cold Humid,urb,mfh,sr11_std,7.871794872
C-EEU-LVA,Zone_6A Cold Humid,urb,mfh,sr12_low,7.871794872
C-EEU-LVA,Zone_6A Cold Humid,urb,mfh,sr21_std,7.698717949
C-EEU-LVA,Zone_6A Cold Humid,urb,mfh,sr22_low,7.698717949
C-EEU-LVA,Zone_6A Cold Humid,urb,mfh,sr31_std,10.48717949
C-EEU-LVA,Zone_6A Cold Humid,urb,mfh,sr32_low,10.48717949
C-EEU-LVA,Zone_6A Cold Humid,urb,sfh,s1,4.967948718
C-EEU-LVA,Zone_6A Cold Humid,urb,sfh,s2,4.307692308
C-EEU-LVA,Zone_6A Cold Humid,urb,sfh,s3,5.519230769
C-EEU-LVA,Zone_6A Cold Humid,urb,sfh,s51_std,6.724358974
C-EEU-LVA,Zone_6A Cold Humid,urb,sfh,s52_low,13.1474359
C-EEU-LVA,Zone_6A Cold Humid,urb,sfh,sr11_std,4.967948718
C-EEU-LVA,Zone_6A Cold Humid,urb,sfh,sr12_low,4.967948718
C-EEU-LVA,Zone_6A Cold Humid,urb,sfh,sr21_std,4.307692308
C-EEU-LVA,Zone_6A Cold Humid,urb,sfh,sr22_low,4.307692308
C-EEU-LVA,Zone_6A Cold Humid,urb,sfh,sr31_std,5.519230769
C-EEU-LVA,Zone_6A Cold Humid,urb,sfh,sr32_low,5.519230769
C-EEU-POL,Zone_5A Cool Humid,rur,inf,ns,9.006097561
C-EEU-POL,Zone_5A Cool Humid,rur,mfh,s1,12.41768293
C-EEU-POL,Zone_5A Cool Humid,rur,mfh,s2,12.2347561
C-EEU-POL,Zone_5A Cool Humid,rur,mfh,s3,15.83993902
C-EEU-POL,Zone_5A Cool Humid,rur,mfh,s51_std,18.75914634
C-EEU-POL,Zone_5A Cool Humid,rur,mfh,s52_low,27.15091463
C-EEU-POL,Zone_5A Cool Humid,rur,mfh,sr11_std,12.41768293
C-EEU-POL,Zone_5A Cool Humid,rur,mfh,sr12_low,12.41768293
C-EEU-POL,Zone_5A Cool Humid,rur,mfh,sr21_std,12.2347561
C-EEU-POL,Zone_5A Cool Humid,rur,mfh,sr22_low,12.2347561
C-EEU-POL,Zone_5A Cool Humid,rur,mfh,sr31_std,15.83993902
C-EEU-POL,Zone_5A Cool Humid,rur,mfh,sr32_low,15.83993902
C-EEU-POL,Zone_5A Cool Humid,rur,sfh,s1,9.006097561
C-EEU-POL,Zone_5A Cool Humid,rur,sfh,s2,8.044207317
C-EEU-POL,Zone_5A Cool Humid,rur,sfh,s3,9.525914634
C-EEU-POL,Zone_5A Cool Humid,rur,sfh,s51_std,11.11280488
C-EEU-POL,Zone_5A Cool Humid,rur,sfh,s52_low,18.8125
C-EEU-POL,Zone_5A Cool Humid,rur,sfh,sr11_std,9.006097561
C-EEU-POL,Zone_5A Cool Humid,rur,sfh,sr12_low,9.006097561
C-EEU-POL,Zone_5A Cool Humid,rur,sfh,sr21_std,8.044207317
C-EEU-POL,Zone_5A Cool Humid,rur,sfh,sr22_low,8.044207317
C-EEU-POL,Zone_5A Cool Humid,rur,sfh,sr31_std,9.525914634
C-EEU-POL,Zone_5A Cool Humid,rur,sfh,sr32_low,9.525914634
C-EEU-POL,Zone_5A Cool Humid,urb,inf,ns,9.006097561
C-EEU-POL,Zone_5A Cool Humid,urb,mfh,s1,12.41768293
C-EEU-POL,Zone_5A Cool Humid,urb,mfh,s2,12.2347561
C-EEU-POL,Zone_5A Cool Humid,urb,mfh,s3,15.83993902
C-EEU-POL,Zone_5A Cool Humid,urb,mfh,s51_std,18.75914634
C-EEU-POL,Zone_5A Cool Humid,urb,mfh,s52_low,27.15091463
C-EEU-POL,Zone_5A Cool Humid,urb,mfh,sr11_std,12.41768293
C-EEU-POL,Zone_5A Cool Humid,urb,mfh,sr12_low,12.41768293
C-EEU-POL,Zone_5A Cool Humid,urb,mfh,sr21_std,12.2347561
C-EEU-POL,Zone_5A Cool Humid,urb,mfh,sr22_low,12.2347561
C-EEU-POL,Zone_5A Cool Humid,urb,mfh,sr31_std,15.83993902
C-EEU-POL,Zone_5A Cool Humid,urb,mfh,sr32_low,15.83993902
C-EEU-POL,Zone_5A Cool Humid,urb,sfh,s1,9.006097561
C-EEU-POL,Zone_5A Cool Humid,urb,sfh,s2,8.044207317
C-EEU-POL,Zone_5A Cool Humid,urb,sfh,s3,9.525914634
C-EEU-POL,Zone_5A Cool Humid,urb,sfh,s51_std,11.11280488
C-EEU-POL,Zone_5A Cool Humid,urb,sfh,s52_low,18.8125
C-EEU-POL,Zone_5A Cool Humid,urb,sfh,sr11_std,9.006097561
C-EEU-POL,Zone_5A Cool Humid,urb,sfh,sr12_low,9.006097561
C-EEU-POL,Zone_5A Cool Humid,urb,sfh,sr21_std,8.044207317
C-EEU-POL,Zone_5A Cool Humid,urb,sfh,sr22_low,8.044207317
C-EEU-POL,Zone_5A Cool Humid,urb,sfh,sr31_std,9.525914634
C-EEU-POL,Zone_5A Cool Humid,urb,sfh,sr32_low,9.525914634
C-EEU-POL,Zone_6A Cold Humid,rur,inf,ns,0.40402603682393484
C-EEU-POL,Zone_6A Cold Humid,rur,mfh,s1,0.27853724586701717
C-EEU-POL,Zone_6A Cold Humid,rur,mfh,s2,0.2744340701207362
C-EEU-POL,Zone_6A Cold Humid,rur,mfh,s3,0.35530082497703935
C-EEU-POL,Zone_6A Cold Humid,rur,mfh,s51_std,0.42078067106517236
C-EEU-POL,Zone_6A Cold Humid,rur,mfh,s52_low,0.6090138576127023
C-EEU-POL,Zone_6A Cold Humid,rur,mfh,sr11_std,0.27853724586701717
C-EEU-POL,Zone_6A Cold Humid,rur,mfh,sr12_low,0.27853724586701717
C-EEU-POL,Zone_6A Cold Humid,rur,mfh,sr21_std,0.2744340701207362
C-EEU-POL,Zone_6A Cold Humid,rur,mfh,sr22_low,0.2744340701207362
C-EEU-POL,Zone_6A Cold Humid,rur,mfh,sr31_std,0.35530082497703935
C-EEU-POL,Zone_6A Cold Humid,rur,mfh,sr32_low,0.35530082497703935
C-EEU-POL,Zone_6A Cold Humid,rur,sfh,s1,0.20201301841196742
C-EEU-POL,Zone_6A Cold Humid,rur,sfh,s2,0.18043715278661082
C-EEU-POL,Zone_6A Cold Humid,rur,sfh,s3,0.21367287603988824
C-EEU-POL,Zone_6A Cold Humid,rur,sfh,s51_std,0.24926792563326855
C-EEU-POL,Zone_6A Cold Humid,rur,sfh,s52_low,0.421977430685876
C-EEU-POL,Zone_6A Cold Humid,rur,sfh,sr11_std,0.20201301841196742
C-EEU-POL,Zone_6A Cold Humid,rur,sfh,sr12_low,0.20201301841196742
C-EEU-POL,Zone_6A Cold Humid,rur,sfh,sr21_std,0.18043715278661082
C-EEU-POL,Zone_6A Cold Humid,rur,sfh,sr22_low,0.18043715278661082
C-EEU-POL,Zone_6A Cold Humid,rur,sfh,sr31_std,0.21367287603988824
C-EEU-POL,Zone_6A Cold Humid,rur,sfh,sr32_low,0.21367287603988824
C-EEU-POL,Zone_6A Cold Humid,urb,inf,ns,0.40402603682393506
C-EEU-POL,Zone_6A Cold Humid,urb,mfh,s1,0.27853724586701734
C-EEU-POL,Zone_6A Cold Humid,urb,mfh,s2,0.2744340701207363
C-EEU-POL,Zone_6A Cold Humid,urb,mfh,s3,0.3553008249770395
C-EEU-POL,Zone_6A Cold Humid,urb,mfh,s51_std,0.4207806710651726
C-EEU-POL,Zone_6A Cold Humid,urb,mfh,s52_low,0.6090138576127027
C-EEU-POL,Zone_6A Cold Humid,urb,mfh,sr11_std,0.27853724586701734
C-EEU-POL,Zone_6A Cold Humid,urb,mfh,sr12_low,0.27853724586701734
C-EEU-POL,Zone_6A Cold Humid,urb,mfh,sr21_std,0.2744340701207363
C-EEU-POL,Zone_6A Cold Humid,urb,mfh,sr22_low,0.2744340701207363
C-EEU-POL,Zone_6A Cold Humid,urb,mfh,sr31_std,0.3553008249770395
C-EEU-POL,Zone_6A Cold Humid,urb,mfh,sr32_low,0.3553008249770395
C-EEU-POL,Zone_6A Cold Humid,urb,sfh,s1,0.20201301841196753
C-EEU-POL,Zone_6A Cold Humid,urb,sfh,s2,0.18043715278661093
C-EEU-POL,Zone_6A Cold Humid,urb,sfh,s3,0.21367287603988835
C-EEU-POL,Zone_6A Cold Humid,urb,sfh,s51_std,0.2492679256332687
C-EEU-POL,Zone_6A Cold Humid,urb,sfh,s52_low,0.42197743068587623
C-EEU-POL,Zone_6A Cold Humid,urb,sfh,sr11_std,0.20201301841196753
C-EEU-POL,Zone_6A Cold Humid,urb,sfh,sr12_low,0.20201301841196753
C-EEU-POL,Zone_6A Cold Humid,urb,sfh,sr21_std,0.18043715278661093
C-EEU-POL,Zone_6A Cold Humid,urb,sfh,sr22_low,0.18043715278661093
C-EEU-POL,Zone_6A Cold Humid,urb,sfh,sr31_std,0.21367287603988835
C-EEU-POL,Zone_6A Cold Humid,urb,sfh,sr32_low,0.21367287603988835
C-EEU-ROU,Zone_4A Mixed Humid,rur,inf,ns,34.05555556
C-EEU-ROU,Zone_4A Mixed Humid,rur,mfh,s1,41.68055556
C-EEU-ROU,Zone_4A Mixed Humid,rur,mfh,s2,41.20138889
C-EEU-ROU,Zone_4A Mixed Humid,rur,mfh,s3,47.63194444
C-EEU-ROU,Zone_4A Mixed Humid,rur,mfh,s51_std,52.125
C-EEU-ROU,Zone_4A Mixed Humid,rur,mfh,s52_low,61.85416667
C-EEU-ROU,Zone_4A Mixed Humid,rur,mfh,sr11_std,41.68055556
C-EEU-ROU,Zone_4A Mixed Humid,rur,mfh,sr12_low,41.68055556
C-EEU-ROU,Zone_4A Mixed Humid,rur,mfh,sr21_std,41.20138889
C-EEU-ROU,Zone_4A Mixed Humid,rur,mfh,sr22_low,41.20138889
C-EEU-ROU,Zone_4A Mixed Humid,rur,mfh,sr31_std,47.63194444
C-EEU-ROU,Zone_4A Mixed Humid,rur,mfh,sr32_low,47.63194444
C-EEU-ROU,Zone_4A Mixed Humid,rur,sfh,s1,34.05555556
C-EEU-ROU,Zone_4A Mixed Humid,rur,sfh,s2,31.53472222
C-EEU-ROU,Zone_4A Mixed Humid,rur,sfh,s3,34.77777778
C-EEU-ROU,Zone_4A Mixed Humid,rur,sfh,s51_std,38.3125
C-EEU-ROU,Zone_4A Mixed Humid,rur,sfh,s52_low,52.25694444
C-EEU-ROU,Zone_4A Mixed Humid,rur,sfh,sr11_std,34.05555556
C-EEU-ROU,Zone_4A Mixed Humid,rur,sfh,sr12_low,34.05555556
C-EEU-ROU,Zone_4A Mixed Humid,rur,sfh,sr21_std,31.53472222
C-EEU-ROU,Zone_4A Mixed Humid,rur,sfh,sr22_low,31.53472222
C-EEU-ROU,Zone_4A Mixed Humid,rur,sfh,sr31_std,34.77777778
C-EEU-ROU,Zone_4A Mixed Humid,rur,sfh,sr32_low,34.77777778
C-EEU-ROU,Zone_4A Mixed Humid,urb,inf,ns,34.05555556
C-EEU-ROU,Zone_4A Mixed Humid,urb,mfh,s1,41.68055556
C-EEU-ROU,Zone_4A Mixed Humid,urb,mfh,s2,41.20138889
C-EEU-ROU,Zone_4A Mixed Humid,urb,mfh,s3,47.63194444
C-EEU-ROU,Zone_4A Mixed Humid,urb,mfh,s51_std,52.125
C-EEU-ROU,Zone_4A Mixed Humid,urb,mfh,s52_low,61.85416667
C-EEU-ROU,Zone_4A Mixed Humid,urb,mfh,sr11_std,41.68055556
C-EEU-ROU,Zone_4A Mixed Humid,urb,mfh,sr12_low,41.68055556
C-EEU-ROU,Zone_4A Mixed Humid,urb,mfh,sr21_std,41.20138889
C-EEU-ROU,Zone_4A Mixed Humid,urb,mfh,sr22_low,41.20138889
C-EEU-ROU,Zone_4A Mixed Humid,urb,mfh,sr31_std,47.63194444
C-EEU-ROU,Zone_4A Mixed Humid,urb,mfh,sr32_low,47.63194444
C-EEU-ROU,Zone_4A Mixed Humid,urb,sfh,s1,34.05555556
C-EEU-ROU,Zone_4A Mixed Humid,urb,sfh,s2,31.53472222
C-EEU-ROU,Zone_4A Mixed Humid,urb,sfh,s3,34.77777778
C-EEU-ROU,Zone_4A Mixed Humid,urb,sfh,s51_std,38.3125
C-EEU-ROU,Zone_4A Mixed Humid,urb,sfh,s52_low,52.25694444
C-EEU-ROU,Zone_4A Mixed Humid,urb,sfh,sr11_std,34.05555556
C-EEU-ROU,Zone_4A Mixed Humid,urb,sfh,sr12_low,34.05555556
C-EEU-ROU,Zone_4A Mixed Humid,urb,sfh,sr21_std,31.53472222
C-EEU-ROU,Zone_4A Mixed Humid,urb,sfh,sr22_low,31.53472222
C-EEU-ROU,Zone_4A Mixed Humid,urb,sfh,sr31_std,34.77777778
C-EEU-ROU,Zone_4A Mixed Humid,urb,sfh,sr32_low,34.77777778
C-EEU-ROU,Zone_5A Cool Humid,rur,inf,ns,14.58163265
C-EEU-ROU,Zone_5A Cool Humid,rur,mfh,s1,19.51530612
C-EEU-ROU,Zone_5A Cool Humid,rur,mfh,s2,19.16836735
C-EEU-ROU,Zone_5A Cool Humid,rur,mfh,s3,23.87755102
C-EEU-ROU,Zone_5A Cool Humid,rur,mfh,s51_std,27.64285714
C-EEU-ROU,Zone_5A Cool Humid,rur,mfh,s52_low,39.01020408
C-EEU-ROU,Zone_5A Cool Humid,rur,mfh,sr11_std,19.51530612
C-EEU-ROU,Zone_5A Cool Humid,rur,mfh,sr12_low,19.51530612
C-EEU-ROU,Zone_5A Cool Humid,rur,mfh,sr21_std,19.16836735
C-EEU-ROU,Zone_5A Cool Humid,rur,mfh,sr22_low,19.16836735
C-EEU-ROU,Zone_5A Cool Humid,rur,mfh,sr31_std,23.87755102
C-EEU-ROU,Zone_5A Cool Humid,rur,mfh,sr32_low,23.87755102
C-EEU-ROU,Zone_5A Cool Humid,rur,sfh,s1,14.58163265
C-EEU-ROU,Zone_5A Cool Humid,rur,sfh,s2,13.16836735
C-EEU-ROU,Zone_5A Cool Humid,rur,sfh,s3,15.04591837
C-EEU-ROU,Zone_5A Cool Humid,rur,sfh,s51_std,17.25
C-EEU-ROU,Zone_5A Cool Humid,rur,sfh,s52_low,27.82653061
C-EEU-ROU,Zone_5A Cool Humid,rur,sfh,sr11_std,14.58163265
C-EEU-ROU,Zone_5A Cool Humid,rur,sfh,sr12_low,14.58163265
C-EEU-ROU,Zone_5A Cool Humid,rur,sfh,sr21_std,13.16836735
C-EEU-ROU,Zone_5A Cool Humid,rur,sfh,sr22_low,13.16836735
C-EEU-ROU,Zone_5A Cool Humid,rur,sfh,sr31_std,15.04591837
C-EEU-ROU,Zone_5A Cool Humid,rur,sfh,sr32_low,15.04591837
C-EEU-ROU,Zone_5A Cool Humid,urb,inf,ns,14.58163265
C-EEU-ROU,Zone_5A Cool Humid,urb,mfh,s1,19.51530612
C-EEU-ROU,Zone_5A Cool Humid,urb,mfh,s2,19.16836735
C-EEU-ROU,Zone_5A Cool Humid,urb,mfh,s3,23.87755102
C-EEU-ROU,Zone_5A Cool Humid,urb,mfh,s51_std,27.64285714
C-EEU-ROU,Zone_5A Cool Humid,urb,mfh,s52_low,39.01020408
C-EEU-ROU,Zone_5A Cool Humid,urb,mfh,sr11_std,19.51530612
C-EEU-ROU,Zone_5A Cool Humid,urb,mfh,sr12_low,19.51530612
C-EEU-ROU,Zone_5A Cool Humid,urb,mfh,sr21_std,19.16836735
C-EEU-ROU,Zone_5A Cool Humid,urb,mfh,sr22_low,19.16836735
C-EEU-ROU,Zone_5A Cool Humid,urb,mfh,sr31_std,23.87755102
C-EEU-ROU,Zone_5A Cool Humid,urb,mfh,sr32_low,23.87755102
C-EEU-ROU,Zone_5A Cool Humid,urb,sfh,s1,14.58163265
C-EEU-ROU,Zone_5A Cool Humid,urb,sfh,s2,13.16836735
C-EEU-ROU,Zone_5A Cool Humid,urb,sfh,s3,15.04591837
C-EEU-ROU,Zone_5A Cool Humid,urb,sfh,s51_std,17.25
C-EEU-ROU,Zone_5A Cool Humid,urb,sfh,s52_low,27.82653061
C-EEU-ROU,Zone_5A Cool Humid,urb,sfh,sr11_std,14.58163265
C-EEU-ROU,Zone_5A Cool Humid,urb,sfh,sr12_low,14.58163265
C-EEU-ROU,Zone_5A Cool Humid,urb,sfh,sr21_std,13.16836735
C-EEU-ROU,Zone_5A Cool Humid,urb,sfh,sr22_low,13.16836735
C-EEU-ROU,Zone_5A Cool Humid,urb,sfh,sr31_std,15.04591837
C-EEU-ROU,Zone_5A Cool Humid,urb,sfh,sr32_low,15.04591837
C-EEU-ROU,Zone_6A Cold Humid,rur,inf,ns,1.113636364
C-EEU-ROU,Zone_6A Cold Humid,rur,mfh,s1,2.420454545
C-EEU-ROU,Zone_6A Cold Humid,rur,mfh,s2,2.284090909
C-EEU-ROU,Zone_6A Cold Humid,rur,mfh,s3,3.965909091
C-EEU-ROU,Zone_6A Cold Humid,rur,mfh,s51_std,5.545454545
C-EEU-ROU,Zone_6A Cold Humid,rur,mfh,s52_low,12.17045455
C-EEU-ROU,Zone_6A Cold Humid,rur,mfh,sr11_std,2.420454545
C-EEU-ROU,Zone_6A Cold Humid,rur,mfh,sr12_low,2.420454545
C-EEU-ROU,Zone_6A Cold Humid,rur,mfh,sr21_std,2.284090909
C-EEU-ROU,Zone_6A Cold Humid,rur,mfh,sr22_low,2.284090909
C-EEU-ROU,Zone_6A Cold Humid,rur,mfh,sr31_std,3.965909091
C-EEU-ROU,Zone_6A Cold Humid,rur,mfh,sr32_low,3.965909091
C-EEU-ROU,Zone_6A Cold Humid,rur,sfh,s1,1.113636364
C-EEU-ROU,Zone_6A Cold Humid,rur,sfh,s2,0.886363636
C-EEU-ROU,Zone_6A Cold Humid,rur,sfh,s3,1.181818182
C-EEU-ROU,Zone_6A Cold Humid,rur,sfh,s51_std,1.772727273
C-EEU-ROU,Zone_6A Cold Humid,rur,sfh,s52_low,5.602272727
C-EEU-ROU,Zone_6A Cold Humid,rur,sfh,sr11_std,1.113636364
C-EEU-ROU,Zone_6A Cold Humid,rur,sfh,sr12_low,1.113636364
C-EEU-ROU,Zone_6A Cold Humid,rur,sfh,sr21_std,0.886363636
C-EEU-ROU,Zone_6A Cold Humid,rur,sfh,sr22_low,0.886363636
C-EEU-ROU,Zone_6A Cold Humid,rur,sfh,sr31_std,1.181818182
C-EEU-ROU,Zone_6A Cold Humid,rur,sfh,sr32_low,1.181818182
C-EEU-ROU,Zone_6A Cold Humid,urb,inf,ns,1.113636364
C-EEU-ROU,Zone_6A Cold Humid,urb,mfh,s1,2.420454545
C-EEU-ROU,Zone_6A Cold Humid,urb,mfh,s2,2.284090909
C-EEU-ROU,Zone_6A Cold Humid,urb,mfh,s3,3.965909091
C-EEU-ROU,Zone_6A Cold Humid,urb,mfh,s51_std,5.545454545
C-EEU-ROU,Zone_6A Cold Humid,urb,mfh,s52_low,12.17045455
C-EEU-ROU,Zone_6A Cold Humid,urb,mfh,sr11_std,2.420454545
C-EEU-ROU,Zone_6A Cold Humid,urb,mfh,sr12_low,2.420454545
C-EEU-ROU,Zone_6A Cold Humid,urb,mfh,sr21_std,2.284090909
C-EEU-ROU,Zone_6A Cold Humid,urb,mfh,sr22_low,2.284090909
C-EEU-ROU,Zone_6A Cold Humid,urb,mfh,sr31_std,3.965909091
C-EEU-ROU,Zone_6A Cold Humid,urb,mfh,sr32_low,3.965909091
C-EEU-ROU,Zone_6A Cold Humid,urb,sfh,s1,1.113636364
C-EEU-ROU,Zone_6A Cold Humid,urb,sfh,s2,0.886363636
C-EEU-ROU,Zone_6A Cold Humid,urb,sfh,s3,1.181818182
C-EEU-ROU,Zone_6A Cold Humid,urb,sfh,s51_std,1.772727273
C-EEU-ROU,Zone_6A Cold Humid,urb,sfh,s52_low,5.602272727
C-EEU-ROU,Zone_6A Cold Humid,urb,sfh,sr11_std,1.113636364
C-EEU-ROU,Zone_6A Cold Humid,urb,sfh,sr12_low,1.113636364
C-EEU-ROU,Zone_6A Cold Humid,urb,sfh,sr21_std,0.886363636
C-EEU-ROU,Zone_6A Cold Humid,urb,sfh,sr22_low,0.886363636
C-EEU-ROU,Zone_6A Cold Humid,urb,sfh,sr31_std,1.181818182
C-EEU-ROU,Zone_6A Cold Humid,urb,sfh,sr32_low,1.181818182
C-EEU-SVK,Zone_5A Cool Humid,rur,inf,ns,12.16666667
C-EEU-SVK,Zone_5A Cool Humid,rur,mfh,s1,16.3125
C-EEU-SVK,Zone_5A Cool Humid,rur,mfh,s2,16.10416667
C-EEU-SVK,Zone_5A Cool Humid,rur,mfh,s3,20.91666667
C-EEU-SVK,Zone_5A Cool Humid,rur,mfh,s51_std,24.39583333
C-EEU-SVK,Zone_5A Cool Humid,rur,mfh,s52_low,34.35416667
C-EEU-SVK,Zone_5A Cool Humid,rur,mfh,sr11_std,16.3125
C-EEU-SVK,Zone_5A Cool Humid,rur,mfh,sr12_low,16.3125
C-EEU-SVK,Zone_5A Cool Humid,rur,mfh,sr21_std,16.10416667
C-EEU-SVK,Zone_5A Cool Humid,rur,mfh,sr22_low,16.10416667
C-EEU-SVK,Zone_5A Cool Humid,rur,mfh,sr31_std,20.91666667
C-EEU-SVK,Zone_5A Cool Humid,rur,mfh,sr32_low,20.91666667
C-EEU-SVK,Zone_5A Cool Humid,rur,sfh,s1,12.16666667
C-EEU-SVK,Zone_5A Cool Humid,rur,sfh,s2,10.97916667
C-EEU-SVK,Zone_5A Cool Humid,rur,sfh,s3,12.79166667
C-EEU-SVK,Zone_5A Cool Humid,rur,sfh,s51_std,14.5
C-EEU-SVK,Zone_5A Cool Humid,rur,sfh,s52_low,24.4375
C-EEU-SVK,Zone_5A Cool Humid,rur,sfh,sr11_std,12.16666667
C-EEU-SVK,Zone_5A Cool Humid,rur,sfh,sr12_low,12.16666667
C-EEU-SVK,Zone_5A Cool Humid,rur,sfh,sr21_std,10.97916667
C-EEU-SVK,Zone_5A Cool Humid,rur,sfh,sr22_low,10.97916667
C-EEU-SVK,Zone_5A Cool Humid,rur,sfh,sr31_std,12.79166667
C-EEU-SVK,Zone_5A Cool Humid,rur,sfh,sr32_low,12.79166667
C-EEU-SVK,Zone_5A Cool Humid,urb,inf,ns,12.16666667
C-EEU-SVK,Zone_5A Cool Humid,urb,mfh,s1,16.3125
C-EEU-SVK,Zone_5A Cool Humid,urb,mfh,s2,16.10416667
C-EEU-SVK,Zone_5A Cool Humid,urb,mfh,s3,20.91666667
C-EEU-SVK,Zone_5A Cool Humid,urb,mfh,s51_std,24.39583333
C-EEU-SVK,Zone_5A Cool Humid,urb,mfh,s52_low,34.35416667
C-EEU-SVK,Zone_5A Cool Humid,urb,mfh,sr11_std,16.3125
C-EEU-SVK,Zone_5A Cool Humid,urb,mfh,sr12_low,16.3125
C-EEU-SVK,Zone_5A Cool Humid,urb,mfh,sr21_std,16.10416667
C-EEU-SVK,Zone_5A Cool Humid,urb,mfh,sr22_low,16.10416667
C-EEU-SVK,Zone_5A Cool Humid,urb,mfh,sr31_std,20.91666667
C-EEU-SVK,Zone_5A Cool Humid,urb,mfh,sr32_low,20.91666667
C-EEU-SVK,Zone_5A Cool Humid,urb,sfh,s1,12.16666667
C-EEU-SVK,Zone_5A Cool Humid,urb,sfh,s2,10.97916667
C-EEU-SVK,Zone_5A Cool Humid,urb,sfh,s3,12.79166667
C-EEU-SVK,Zone_5A Cool Humid,urb,sfh,s51_std,14.5
C-EEU-SVK,Zone_5A Cool Humid,urb,sfh,s52_low,24.4375
C-EEU-SVK,Zone_5A Cool Humid,urb,sfh,sr11_std,12.16666667
C-EEU-SVK,Zone_5A Cool Humid,urb,sfh,sr12_low,12.16666667
C-EEU-SVK,Zone_5A Cool Humid,urb,sfh,sr21_std,10.97916667
C-EEU-SVK,Zone_5A Cool Humid,urb,sfh,sr22_low,10.97916667
C-EEU-SVK,Zone_5A Cool Humid,urb,sfh,sr31_std,12.79166667
C-EEU-SVK,Zone_5A Cool Humid,urb,sfh,sr32_low,12.79166667
C-EEU-SVK,Zone_6A Cold Humid,rur,inf,ns,1.340909091
C-EEU-SVK,Zone_6A Cold Humid,rur,mfh,s1,3.022727273
C-EEU-SVK,Zone_6A Cold Humid,rur,mfh,s2,2.886363636
C-EEU-SVK,Zone_6A Cold Humid,rur,mfh,s3,4.977272727
C-EEU-SVK,Zone_6A Cold Humid,rur,mfh,s51_std,6.795454545
C-EEU-SVK,Zone_6A Cold Humid,rur,mfh,s52_low,13.54545455
C-EEU-SVK,Zone_6A Cold Humid,rur,mfh,sr11_std,3.022727273
C-EEU-SVK,Zone_6A Cold Humid,rur,mfh,sr12_low,3.022727273
C-EEU-SVK,Zone_6A Cold Humid,rur,mfh,sr21_std,2.886363636
C-EEU-SVK,Zone_6A Cold Humid,rur,mfh,sr22_low,2.886363636
C-EEU-SVK,Zone_6A Cold Humid,rur,mfh,sr31_std,4.977272727
C-EEU-SVK,Zone_6A Cold Humid,rur,mfh,sr32_low,4.977272727
C-EEU-SVK,Zone_6A Cold Humid,rur,sfh,s1,1.340909091
C-EEU-SVK,Zone_6A Cold Humid,rur,sfh,s2,1.090909091
C-EEU-SVK,Zone_6A Cold Humid,rur,sfh,s3,1.522727273
C-EEU-SVK,Zone_6A Cold Humid,rur,sfh,s51_std,2.295454545
C-EEU-SVK,Zone_6A Cold Humid,rur,sfh,s52_low,6.886363636
C-EEU-SVK,Zone_6A Cold Humid,rur,sfh,sr11_std,1.340909091
C-EEU-SVK,Zone_6A Cold Humid,rur,sfh,sr12_low,1.340909091
C-EEU-SVK,Zone_6A Cold Humid,rur,sfh,sr21_std,1.090909091
C-EEU-SVK,Zone_6A Cold Humid,rur,sfh,sr22_low,1.090909091
C-EEU-SVK,Zone_6A Cold Humid,rur,sfh,sr31_std,1.522727273
C-EEU-SVK,Zone_6A Cold Humid,rur,sfh,sr32_low,1.522727273
C-EEU-SVK,Zone_6A Cold Humid,urb,inf,ns,1.340909091
C-EEU-SVK,Zone_6A Cold Humid,urb,mfh,s1,3.022727273
C-EEU-SVK,Zone_6A Cold Humid,urb,mfh,s2,2.886363636
C-EEU-SVK,Zone_6A Cold Humid,urb,mfh,s3,4.977272727
C-EEU-SVK,Zone_6A Cold Humid,urb,mfh,s51_std,6.795454545
C-EEU-SVK,Zone_6A Cold Humid,urb,mfh,s52_low,13.54545455
C-EEU-SVK,Zone_6A Cold Humid,urb,mfh,sr11_std,3.022727273
C-EEU-SVK,Zone_6A Cold Humid,urb,mfh,sr12_low,3.022727273
C-EEU-SVK,Zone_6A Cold Humid,urb,mfh,sr21_std,2.886363636
C-EEU-SVK,Zone_6A Cold Humid,urb,mfh,sr22_low,2.886363636
C-EEU-SVK,Zone_6A Cold Humid,urb,mfh,sr31_std,4.977272727
C-EEU-SVK,Zone_6A Cold Humid,urb,mfh,sr32_low,4.977272727
C-EEU-SVK,Zone_6A Cold Humid,urb,sfh,s1,1.340909091
C-EEU-SVK,Zone_6A Cold Humid,urb,sfh,s2,1.090909091
C-EEU-SVK,Zone_6A Cold Humid,urb,sfh,s3,1.522727273
C-EEU-SVK,Zone_6A Cold Humid,urb,sfh,s51_std,2.295454545
C-EEU-SVK,Zone_6A Cold Humid,urb,sfh,s52_low,6.886363636
C-EEU-SVK,Zone_6A Cold Humid,urb,sfh,sr11_std,1.340909091
C-EEU-SVK,Zone_6A Cold Humid,urb,sfh,sr12_low,1.340909091
C-EEU-SVK,Zone_6A Cold Humid,urb,sfh,sr21_std,1.090909091
C-EEU-SVK,Zone_6A Cold Humid,urb,sfh,sr22_low,1.090909091
C-EEU-SVK,Zone_6A Cold Humid,urb,sfh,sr31_std,1.522727273
C-EEU-SVK,Zone_6A Cold Humid,urb,sfh,sr32_low,1.522727273
C-EEU-SVN,Zone_4A Mixed Humid,rur,inf,ns,4.002521727884415
C-EEU-SVN,Zone_4A Mixed Humid,rur,mfh,s1,3.679241130897524
C-EEU-SVN,Zone_4A Mixed Humid,rur,mfh,s2,3.5406922980754754
C-EEU-SVN,Zone_4A Mixed Humid,rur,mfh,s3,5.295644137384016
C-EEU-SVN,Zone_4A Mixed Humid,rur,mfh,s51_std,7.035201656187341
C-EEU-SVN,Zone_4A Mixed Humid,rur,mfh,s52_low,11.561130074349519
C-EEU-SVN,Zone_4A Mixed Humid,rur,mfh,sr11_std,3.679241130897524
C-EEU-SVN,Zone_4A Mixed Humid,rur,mfh,sr12_low,3.679241130897524
C-EEU-SVN,Zone_4A Mixed Humid,rur,mfh,sr21_std,3.5406922980754754
C-EEU-SVN,Zone_4A Mixed Humid,rur,mfh,sr22_low,3.5406922980754754
C-EEU-SVN,Zone_4A Mixed Humid,rur,mfh,sr31_std,5.295644137384016
C-EEU-SVN,Zone_4A Mixed Humid,rur,mfh,sr32_low,5.295644137384016
C-EEU-SVN,Zone_4A Mixed Humid,rur,sfh,s1,2.0012608639422074
C-EEU-SVN,Zone_4A Mixed Humid,rur,sfh,s2,1.554825750328076
C-EEU-SVN,Zone_4A Mixed Humid,rur,sfh,s3,2.10902106437464
C-EEU-SVN,Zone_4A Mixed Humid,rur,sfh,s51_std,2.84794815551727
C-EEU-SVN,Zone_4A Mixed Humid,rur,sfh,s52_low,7.1583561728145835
C-EEU-SVN,Zone_4A Mixed Humid,rur,sfh,sr11_std,2.0012608639422074
C-EEU-SVN,Zone_4A Mixed Humid,rur,sfh,sr12_low,2.0012608639422074
C-EEU-SVN,Zone_4A Mixed Humid,rur,sfh,sr21_std,1.554825750328076
C-EEU-SVN,Zone_4A Mixed Humid,rur,sfh,sr22_low,1.554825750328076
C-EEU-SVN,Zone_4A Mixed Humid,rur,sfh,sr31_std,2.10902106437464
C-EEU-SVN,Zone_4A Mixed Humid,rur,sfh,sr32_low,2.10902106437464
C-EEU-SVN,Zone_4A Mixed Humid,urb,inf,ns,4.002521727884414
C-EEU-SVN,Zone_4A Mixed Humid,urb,mfh,s1,3.679241130897523
C-EEU-SVN,Zone_4A Mixed Humid,urb,mfh,s2,3.540692298075474
C-EEU-SVN,Zone_4A Mixed Humid,urb,mfh,s3,5.295644137384015
C-EEU-SVN,Zone_4A Mixed Humid,urb,mfh,s51_std,7.035201656187338
C-EEU-SVN,Zone_4A Mixed Humid,urb,mfh,s52_low,11.561130074349515
C-EEU-SVN,Zone_4A Mixed Humid,urb,mfh,sr11_std,3.679241130897523
C-EEU-SVN,Zone_4A Mixed Humid,urb,mfh,sr12_low,3.679241130897523
C-EEU-SVN,Zone_4A Mixed Humid,urb,mfh,sr21_std,3.540692298075474
C-EEU-SVN,Zone_4A Mixed Humid,urb,mfh,sr22_low,3.540692298075474
C-EEU-SVN,Zone_4A Mixed Humid,urb,mfh,sr31_std,5.295644137384015
C-EEU-SVN,Zone_4A Mixed Humid,urb,mfh,sr32_low,5.295644137384015
C-EEU-SVN,Zone_4A Mixed Humid,urb,sfh,s1,2.001260863942207
C-EEU-SVN,Zone_4A Mixed Humid,urb,sfh,s2,1.5548257503280754
C-EEU-SVN,Zone_4A Mixed Humid,urb,sfh,s3,2.1090210643746397
C-EEU-SVN,Zone_4A Mixed Humid,urb,sfh,s51_std,2.847948155517269
C-EEU-SVN,Zone_4A Mixed Humid,urb,sfh,s52_low,7.15835617281458
C-EEU-SVN,Zone_4A Mixed Humid,urb,sfh,sr11_std,2.001260863942207
C-EEU-SVN,Zone_4A Mixed Humid,urb,sfh,sr12_low,2.001260863942207
C-EEU-SVN,Zone_4A Mixed Humid,urb,sfh,sr21_std,1.5548257503280754
C-EEU-SVN,Zone_4A Mixed Humid,urb,sfh,sr22_low,1.5548257503280754
C-EEU-SVN,Zone_4A Mixed Humid,urb,sfh,sr31_std,2.1090210643746397
C-EEU-SVN,Zone_4A Mixed Humid,urb,sfh,sr32_low,2.1090210643746397
C-EEU-SVN,Zone_5A Cool Humid,rur,inf,ns,4.642857143
C-EEU-SVN,Zone_5A Cool Humid,rur,mfh,s1,8.535714286
C-EEU-SVN,Zone_5A Cool Humid,rur,mfh,s2,8.214285714
C-EEU-SVN,Zone_5A Cool Humid,rur,mfh,s3,12.28571429
C-EEU-SVN,Zone_5A Cool Humid,rur,mfh,s51_std,16.32142857
C-EEU-SVN,Zone_5A Cool Humid,rur,mfh,s52_low,26.82142857
C-EEU-SVN,Zone_5A Cool Humid,rur,mfh,sr11_std,8.535714286
C-EEU-SVN,Zone_5A Cool Humid,rur,mfh,sr12_low,8.535714286
C-EEU-SVN,Zone_5A Cool Humid,rur,mfh,sr21_std,8.214285714
C-EEU-SVN,Zone_5A Cool Humid,rur,mfh,sr22_low,8.214285714
C-EEU-SVN,Zone_5A Cool Humid,rur,mfh,sr31_std,12.28571429
C-EEU-SVN,Zone_5A Cool Humid,rur,mfh,sr32_low,12.28571429
C-EEU-SVN,Zone_5A Cool Humid,rur,sfh,s1,4.642857143
C-EEU-SVN,Zone_5A Cool Humid,rur,sfh,s2,3.607142857
C-EEU-SVN,Zone_5A Cool Humid,rur,sfh,s3,4.892857143
C-EEU-SVN,Zone_5A Cool Humid,rur,sfh,s51_std,6.607142857
C-EEU-SVN,Zone_5A Cool Humid,rur,sfh,s52_low,16.60714286
C-EEU-SVN,Zone_5A Cool Humid,rur,sfh,sr11_std,4.642857143
C-EEU-SVN,Zone_5A Cool Humid,rur,sfh,sr12_low,4.642857143
C-EEU-SVN,Zone_5A Cool Humid,rur,sfh,sr21_std,3.607142857
C-EEU-SVN,Zone_5A Cool Humid,rur,sfh,sr22_low,3.607142857
C-EEU-SVN,Zone_5A Cool Humid,rur,sfh,sr31_std,4.892857143
C-EEU-SVN,Zone_5A Cool Humid,rur,sfh,sr32_low,4.892857143
C-EEU-SVN,Zone_5A Cool Humid,urb,inf,ns,4.642857143
C-EEU-SVN,Zone_5A Cool Humid,urb,mfh,s1,8.535714286
C-EEU-SVN,Zone_5A Cool Humid,urb,mfh,s2,8.214285714
C-EEU-SVN,Zone_5A Cool Humid,urb,mfh,s3,12.28571429
C-EEU-SVN,Zone_5A Cool Humid,urb,mfh,s51_std,16.32142857
C-EEU-SVN,Zone_5A Cool Humid,urb,mfh,s52_low,26.82142857
C-EEU-SVN,Zone_5A Cool Humid,urb,mfh,sr11_std,8.535714286
C-EEU-SVN,Zone_5A Cool Humid,urb,mfh,sr12_low,8.535714286
C-EEU-SVN,Zone_5A Cool Humid,urb,mfh,sr21_std,8.214285714
C-EEU-SVN,Zone_5A Cool Humid,urb,mfh,sr22_low,8.214285714
C-EEU-SVN,Zone_5A Cool Humid,urb,mfh,sr31_std,12.28571429
C-EEU-SVN,Zone_5A Cool Humid,urb,mfh,sr32_low,12.28571429
C-EEU-SVN,Zone_5A Cool Humid,urb,sfh,s1,4.642857143
C-EEU-SVN,Zone_5A Cool Humid,urb,sfh,s2,3.607142857
C-EEU-SVN,Zone_5A Cool Humid,urb,sfh,s3,4.892857143
C-EEU-SVN,Zone_5A Cool Humid,urb,sfh,s51_std,6.607142857
C-EEU-SVN,Zone_5A Cool Humid,urb,sfh,s52_low,16.60714286
C-EEU-SVN,Zone_5A Cool Humid,urb,sfh,sr11_std,4.642857143
C-EEU-SVN,Zone_5A Cool Humid,urb,sfh,sr12_low,4.642857143
C-EEU-SVN,Zone_5A Cool Humid,urb,sfh,sr21_std,3.607142857
C-EEU-SVN,Zone_5A Cool Humid,urb,sfh,sr22_low,3.607142857
C-EEU-SVN,Zone_5A Cool Humid,urb,sfh,sr31_std,4.892857143
C-EEU-SVN,Zone_5A Cool Humid,urb,sfh,sr32_low,4.892857143
C-EEU-SVN,Zone_7A Very cold Humid,rur,inf,ns,0.12271803481036783
C-EEU-SVN,Zone_7A Very cold Humid,rur,mfh,s1,0.10588128954467105
C-EEU-SVN,Zone_7A Very cold Humid,rur,mfh,s2,0.15019222197027282
C-EEU-SVN,Zone_7A Very cold Humid,rur,mfh,s3,0.29256486829648765
C-EEU-SVN,Zone_7A Very cold Humid,rur,mfh,s51_std,0.3821729857122138
C-EEU-SVN,Zone_7A Very cold Humid,rur,mfh,s52_low,0.6251434236384475
C-EEU-SVN,Zone_7A Very cold Humid,rur,mfh,sr11_std,0.10588128954467105
C-EEU-SVN,Zone_7A Very cold Humid,rur,mfh,sr12_low,0.10588128954467105
C-EEU-SVN,Zone_7A Very cold Humid,rur,mfh,sr21_std,0.15019222197027282
C-EEU-SVN,Zone_7A Very cold Humid,rur,mfh,sr22_low,0.15019222197027282
C-EEU-SVN,Zone_7A Very cold Humid,rur,mfh,sr31_std,0.29256486829648765
C-EEU-SVN,Zone_7A Very cold Humid,rur,mfh,sr32_low,0.29256486829648765
C-EEU-SVN,Zone_7A Very cold Humid,rur,sfh,s1,0.061359017405183916
C-EEU-SVN,Zone_7A Very cold Humid,rur,sfh,s2,0.0743916449889898
C-EEU-SVN,Zone_7A Very cold Humid,rur,sfh,s3,0.12983314530786563
C-EEU-SVN,Zone_7A Very cold Humid,rur,sfh,s51_std,0.17118531890711794
C-EEU-SVN,Zone_7A Very cold Humid,rur,sfh,s52_low,0.32208200715673285
C-EEU-SVN,Zone_7A Very cold Humid,rur,sfh,sr11_std,0.061359017405183916
C-EEU-SVN,Zone_7A Very cold Humid,rur,sfh,sr12_low,0.061359017405183916
C-EEU-SVN,Zone_7A Very cold Humid,rur,sfh,sr21_std,0.0743916449889898
C-EEU-SVN,Zone_7A Very cold Humid,rur,sfh,sr22_low,0.0743916449889898
C-EEU-SVN,Zone_7A Very cold Humid,rur,sfh,sr31_std,0.12983314530786563
C-EEU-SVN,Zone_7A Very cold Humid,rur,sfh,sr32_low,0.12983314530786563
C-EEU-SVN,Zone_7A Very cold Humid,urb,inf,ns,0.12271803481036785
C-EEU-SVN,Zone_7A Very cold Humid,urb,mfh,s1,0.10588128954467106
C-EEU-SVN,Zone_7A Very cold Humid,urb,mfh,s2,0.15019222197027285
C-EEU-SVN,Zone_7A Very cold Humid,urb,mfh,s3,0.2925648682964877
C-EEU-SVN,Zone_7A Very cold Humid,urb,mfh,s51_std,0.3821729857122138
C-EEU-SVN,Zone_7A Very cold Humid,urb,mfh,s52_low,0.6251434236384477
C-EEU-SVN,Zone_7A Very cold Humid,urb,mfh,sr11_std,0.10588128954467106
C-EEU-SVN,Zone_7A Very cold Humid,urb,mfh,sr12_low,0.10588128954467106
C-EEU-SVN,Zone_7A Very cold Humid,urb,mfh,sr21_std,0.15019222197027285
C-EEU-SVN,Zone_7A Very cold Humid,urb,mfh,sr22_low,0.15019222197027285
C-EEU-SVN,Zone_7A Very cold Humid,urb,mfh,sr31_std,0.2925648682964877
C-EEU-SVN,Zone_7A Very cold Humid,urb,mfh,sr32_low,0.2925648682964877
C-EEU-SVN,Zone_7A Very cold Humid,urb,sfh,s1,0.06135901740518392
C-EEU-SVN,Zone_7A Very cold Humid,urb,sfh,s2,0.0743916449889898
C-EEU-SVN,Zone_7A Very cold Humid,urb,sfh,s3,0.12983314530786566
C-EEU-SVN,Zone_7A Very cold Humid,urb,sfh,s51_std,0.17118531890711794
C-EEU-SVN,Zone_7A Very cold Humid,urb,sfh,s52_low,0.3220820071567329
C-EEU-SVN,Zone_7A Very cold Humid,urb,sfh,sr11_std,0.06135901740518392
C-EEU-SVN,Zone_7A Very cold Humid,urb,sfh,sr12_low,0.06135901740518392
C-EEU-SVN,Zone_7A Very cold Humid,urb,sfh,sr21_std,0.0743916449889898
C-EEU-SVN,Zone_7A Very cold Humid,urb,sfh,sr22_low,0.0743916449889898
C-EEU-SVN,Zone_7A Very cold Humid,urb,sfh,sr31_std,0.12983314530786566
C-EEU-SVN,Zone_7A Very cold Humid,urb,sfh,sr32_low,0.12983314530786566
C-WEU-AUT,Zone_4A Mixed Humid,rur,inf,ns,16.0
C-WEU-AUT,Zone_4A Mixed Humid,rur,mfh,s1,21.5
C-WEU-AUT,Zone_4A Mixed Humid,rur,mfh,s2,24.25
C-WEU-AUT,Zone_4A Mixed Humid,rur,mfh,s3,33.25
C-WEU-AUT,Zone_4A Mixed Humid,rur,mfh,s51_std,37.0
C-WEU-AUT,Zone_4A Mixed Humid,rur,mfh,s52_low,45.75
C-WEU-AUT,Zone_4A Mixed Humid,rur,mfh,sr11_std,21.5
C-WEU-AUT,Zone_4A Mixed Humid,rur,mfh,sr12_low,21.5
C-WEU-AUT,Zone_4A Mixed Humid,rur,mfh,sr21_std,24.25
C-WEU-AUT,Zone_4A Mixed Humid,rur,mfh,sr22_low,24.25
C-WEU-AUT,Zone_4A Mixed Humid,rur,mfh,sr31_std,33.25
C-WEU-AUT,Zone_4A Mixed Humid,rur,mfh,sr32_low,33.25
C-WEU-AUT,Zone_4A Mixed Humid,rur,sfh,s1,16.0
C-WEU-AUT,Zone_4A Mixed Humid,rur,sfh,s2,17.5
C-WEU-AUT,Zone_4A Mixed Humid,rur,sfh,s3,23.5
C-WEU-AUT,Zone_4A Mixed Humid,rur,sfh,s51_std,26.0
C-WEU-AUT,Zone_4A Mixed Humid,rur,sfh,s52_low,34.75
C-WEU-AUT,Zone_4A Mixed Humid,rur,sfh,sr11_std,16.0
C-WEU-AUT,Zone_4A Mixed Humid,rur,sfh,sr12_low,16.0
C-WEU-AUT,Zone_4A Mixed Humid,rur,sfh,sr21_std,17.5
C-WEU-AUT,Zone_4A Mixed Humid,rur,sfh,sr22_low,17.5
C-WEU-AUT,Zone_4A Mixed Humid,rur,sfh,sr31_std,23.5
C-WEU-AUT,Zone_4A Mixed Humid,rur,sfh,sr32_low,23.5
C-WEU-AUT,Zone_4A Mixed Humid,urb,inf,ns,16.0
C-WEU-AUT,Zone_4A Mixed Humid,urb,mfh,s1,21.5
C-WEU-AUT,Zone_4A Mixed Humid,urb,mfh,s2,24.25
C-WEU-AUT,Zone_4A Mixed Humid,urb,mfh,s3,33.25
C-WEU-AUT,Zone_4A Mixed Humid,urb,mfh,s51_std,37.0
C-WEU-AUT,Zone_4A Mixed Humid,urb,mfh,s52_low,45.75
C-WEU-AUT,Zone_4A Mixed Humid,urb,mfh,sr11_std,21.5
C-WEU-AUT,Zone_4A Mixed Humid,urb,mfh,sr12_low,21.5
C-WEU-AUT,Zone_4A Mixed Humid,urb,mfh,sr21_std,24.25
C-WEU-AUT,Zone_4A Mixed Humid,urb,mfh,sr22_low,24.25
C-WEU-AUT,Zone_4A Mixed Humid,urb,mfh,sr31_std,33.25
C-WEU-AUT,Zone_4A Mixed Humid,urb,mfh,sr32_low,33.25
C-WEU-AUT,Zone_4A Mixed Humid,urb,sfh,s1,16.0
C-WEU-AUT,Zone_4A Mixed Humid,urb,sfh,s2,17.5
C-WEU-AUT,Zone_4A Mixed Humid,urb,sfh,s3,23.5
C-WEU-AUT,Zone_4A Mixed Humid,urb,sfh,s51_std,26.0
C-WEU-AUT,Zone_4A Mixed Humid,urb,sfh,s52_low,34.75
C-WEU-AUT,Zone_4A Mixed Humid,urb,sfh,sr11_std,16.0
C-WEU-AUT,Zone_4A Mixed Humid,urb,sfh,sr12_low,16.0
C-WEU-AUT,Zone_4A Mixed Humid,urb,sfh,sr21_std,17.5
C-WEU-AUT,Zone_4A Mixed Humid,urb,sfh,sr22_low,17.5
C-WEU-AUT,Zone_4A Mixed Humid,urb,sfh,sr31_std,23.5
C-WEU-AUT,Zone_4A Mixed Humid,urb,sfh,sr32_low,23.5
C-WEU-AUT,Zone_5A Cool Humid,rur,inf,ns,7.420454545
C-WEU-AUT,Zone_5A Cool Humid,rur,mfh,s1,10.0
C-WEU-AUT,Zone_5A Cool Humid,rur,mfh,s2,12.34090909
C-WEU-AUT,Zone_5A Cool Humid,rur,mfh,s3,18.63636364
C-WEU-AUT,Zone_5A Cool Humid,rur,mfh,s51_std,22.17045455
C-WEU-AUT,Zone_5A Cool Humid,rur,mfh,s52_low,29.03409091
C-WEU-AUT,Zone_5A Cool Humid,rur,mfh,sr11_std,10.0
C-WEU-AUT,Zone_5A Cool Humid,rur,mfh,sr12_low,10.0
C-WEU-AUT,Zone_5A Cool Humid,rur,mfh,sr21_std,12.34090909
C-WEU-AUT,Zone_5A Cool Humid,rur,mfh,sr22_low,12.34090909
C-WEU-AUT,Zone_5A Cool Humid,rur,mfh,sr31_std,18.63636364
C-WEU-AUT,Zone_5A Cool Humid,rur,mfh,sr32_low,18.63636364
C-WEU-AUT,Zone_5A Cool Humid,rur,sfh,s1,7.420454545
C-WEU-AUT,Zone_5A Cool Humid,rur,sfh,s2,8.227272727
C-WEU-AUT,Zone_5A Cool Humid,rur,sfh,s3,11.44318182
C-WEU-AUT,Zone_5A Cool Humid,rur,sfh,s51_std,13.47727273
C-WEU-AUT,Zone_5A Cool Humid,rur,sfh,s52_low,19.80681818
C-WEU-AUT,Zone_5A Cool Humid,rur,sfh,sr11_std,7.420454545
C-WEU-AUT,Zone_5A Cool Humid,rur,sfh,sr12_low,7.420454545
C-WEU-AUT,Zone_5A Cool Humid,rur,sfh,sr21_std,8.227272727
C-WEU-AUT,Zone_5A Cool Humid,rur,sfh,sr22_low,8.227272727
C-WEU-AUT,Zone_5A Cool Humid,rur,sfh,sr31_std,11.44318182
C-WEU-AUT,Zone_5A Cool Humid,rur,sfh,sr32_low,11.44318182
C-WEU-AUT,Zone_5A Cool Humid,urb,inf,ns,7.420454545
C-WEU-AUT,Zone_5A Cool Humid,urb,mfh,s1,10.0
C-WEU-AUT,Zone_5A Cool Humid,urb,mfh,s2,12.34090909
C-WEU-AUT,Zone_5A Cool Humid,urb,mfh,s3,18.63636364
C-WEU-AUT,Zone_5A Cool Humid,urb,mfh,s51_std,22.17045455
C-WEU-AUT,Zone_5A Cool Humid,urb,mfh,s52_low,29.03409091
C-WEU-AUT,Zone_5A Cool Humid,urb,mfh,sr11_std,10.0
C-WEU-AUT,Zone_5A Cool Humid,urb,mfh,sr12_low,10.0
C-WEU-AUT,Zone_5A Cool Humid,urb,mfh,sr21_std,12.34090909
C-WEU-AUT,Zone_5A Cool Humid,urb,mfh,sr22_low,12.34090909
C-WEU-AUT,Zone_5A Cool Humid,urb,mfh,sr31_std,18.63636364
C-WEU-AUT,Zone_5A Cool Humid,urb,mfh,sr32_low,18.63636364
C-WEU-AUT,Zone_5A Cool Humid,urb,sfh,s1,7.420454545
C-WEU-AUT,Zone_5A Cool Humid,urb,sfh,s2,8.227272727
C-WEU-AUT,Zone_5A Cool Humid,urb,sfh,s3,11.44318182
C-WEU-AUT,Zone_5A Cool Humid,urb,sfh,s51_std,13.47727273
C-WEU-AUT,Zone_5A Cool Humid,urb,sfh,s52_low,19.80681818
C-WEU-AUT,Zone_5A Cool Humid,urb,sfh,sr11_std,7.420454545
C-WEU-AUT,Zone_5A Cool Humid,urb,sfh,sr12_low,7.420454545
C-WEU-AUT,Zone_5A Cool Humid,urb,sfh,sr21_std,8.227272727
C-WEU-AUT,Zone_5A Cool Humid,urb,sfh,sr22_low,8.227272727
C-WEU-AUT,Zone_5A Cool Humid,urb,sfh,sr31_std,11.44318182
C-WEU-AUT,Zone_5A Cool Humid,urb,sfh,sr32_low,11.44318182
C-WEU-AUT,Zone_6A Cold Humid,rur,inf,ns,0.1875
C-WEU-AUT,Zone_6A Cold Humid,rur,mfh,s1,0.3125
C-WEU-AUT,Zone_6A Cold Humid,rur,mfh,s2,0.6875
C-WEU-AUT,Zone_6A Cold Humid,rur,mfh,s3,1.9375
C-WEU-AUT,Zone_6A Cold Humid,rur,mfh,s51_std,2.958333333
C-WEU-AUT,Zone_6A Cold Humid,rur,mfh,s52_low,6.354166667
C-WEU-AUT,Zone_6A Cold Humid,rur,mfh,sr11_std,0.3125
C-WEU-AUT,Zone_6A Cold Humid,rur,mfh,sr12_low,0.3125
C-WEU-AUT,Zone_6A Cold Humid,rur,mfh,sr21_std,0.6875
C-WEU-AUT,Zone_6A Cold Humid,rur,mfh,sr22_low,0.6875
C-WEU-AUT,Zone_6A Cold Humid,rur,mfh,sr31_std,1.9375
C-WEU-AUT,Zone_6A Cold Humid,rur,mfh,sr32_low,1.9375
C-WEU-AUT,Zone_6A Cold Humid,rur,sfh,s1,0.1875
C-WEU-AUT,Zone_6A Cold Humid,rur,sfh,s2,0.208333333
C-WEU-AUT,Zone_6A Cold Humid,rur,sfh,s3,0.458333333
C-WEU-AUT,Zone_6A Cold Humid,rur,sfh,s51_std,0.854166667
C-WEU-AUT,Zone_6A Cold Humid,rur,sfh,s52_low,2.291666667
C-WEU-AUT,Zone_6A Cold Humid,rur,sfh,sr11_std,0.1875
C-WEU-AUT,Zone_6A Cold Humid,rur,sfh,sr12_low,0.1875
C-WEU-AUT,Zone_6A Cold Humid,rur,sfh,sr21_std,0.208333333
C-WEU-AUT,Zone_6A Cold Humid,rur,sfh,sr22_low,0.208333333
C-WEU-AUT,Zone_6A Cold Humid,rur,sfh,sr31_std,0.458333333
C-WEU-AUT,Zone_6A Cold Humid,rur,sfh,sr32_low,0.458333333
C-WEU-AUT,Zone_6A Cold Humid,urb,inf,ns,0.1875
C-WEU-AUT,Zone_6A Cold Humid,urb,mfh,s1,0.3125
C-WEU-AUT,Zone_6A Cold Humid,urb,mfh,s2,0.6875
C-WEU-AUT,Zone_6A Cold Humid,urb,mfh,s3,1.9375
C-WEU-AUT,Zone_6A Cold Humid,urb,mfh,s51_std,2.958333333
C-WEU-AUT,Zone_6A Cold Humid,urb,mfh,s52_low,6.354166667
C-WEU-AUT,Zone_6A Cold Humid,urb,mfh,sr11_std,0.3125
C-WEU-AUT,Zone_6A Cold Humid,urb,mfh,sr12_low,0.3125
C-WEU-AUT,Zone_6A Cold Humid,urb,mfh,sr21_std,0.6875
C-WEU-AUT,Zone_6A Cold Humid,urb,mfh,sr22_low,0.6875
C-WEU-AUT,Zone_6A Cold Humid,urb,mfh,sr31_std,1.9375
C-WEU-AUT,Zone_6A Cold Humid,urb,mfh,sr32_low,1.9375
C-WEU-AUT,Zone_6A Cold Humid,urb,sfh,s1,0.1875
C-WEU-AUT,Zone_6A Cold Humid,urb,sfh,s2,0.208333333
C-WEU-AUT,Zone_6A Cold Humid,urb,sfh,s3,0.458333333
C-WEU-AUT,Zone_6A Cold Humid,urb,sfh,s51_std,0.854166667
C-WEU-AUT,Zone_6A Cold Humid,urb,sfh,s52_low,2.291666667
C-WEU-AUT,Zone_6A Cold Humid,urb,sfh,sr11_std,0.1875
C-WEU-AUT,Zone_6A Cold Humid,urb,sfh,sr12_low,0.1875
C-WEU-AUT,Zone_6A Cold Humid,urb,sfh,sr21_std,0.208333333
C-WEU-AUT,Zone_6A Cold Humid,urb,sfh,sr22_low,0.208333333
C-WEU-AUT,Zone_6A Cold Humid,urb,sfh,sr31_std,0.458333333
C-WEU-AUT,Zone_6A Cold Humid,urb,sfh,sr32_low,0.458333333
C-WEU-AUT,Zone_7A Very cold Humid,rur,inf,ns,0.04534723868893579
C-WEU-AUT,Zone_7A Very cold Humid,rur,mfh,s1,0.03778936557411316
C-WEU-AUT,Zone_7A Very cold Humid,rur,mfh,s2,0.08313660426304895
C-WEU-AUT,Zone_7A Very cold Humid,rur,mfh,s3,0.23429406655950158
C-WEU-AUT,Zone_7A Very cold Humid,rur,mfh,s51_std,0.3577393270318513
C-WEU-AUT,Zone_7A Very cold Humid,rur,mfh,s52_low,0.7683837670767207
C-WEU-AUT,Zone_7A Very cold Humid,rur,mfh,sr11_std,0.03778936557411316
C-WEU-AUT,Zone_7A Very cold Humid,rur,mfh,sr12_low,0.03778936557411316
C-WEU-AUT,Zone_7A Very cold Humid,rur,mfh,sr21_std,0.08313660426304895
C-WEU-AUT,Zone_7A Very cold Humid,rur,mfh,sr22_low,0.08313660426304895
C-WEU-AUT,Zone_7A Very cold Humid,rur,mfh,sr31_std,0.23429406655950158
C-WEU-AUT,Zone_7A Very cold Humid,rur,mfh,sr32_low,0.23429406655950158
C-WEU-AUT,Zone_7A Very cold Humid,rur,sfh,s1,0.022673619344467894
C-WEU-AUT,Zone_7A Very cold Humid,rur,sfh,s2,0.02519290997965554
C-WEU-AUT,Zone_7A Very cold Humid,rur,sfh,s3,0.05542440243894607
C-WEU-AUT,Zone_7A Very cold Humid,rur,sfh,s51_std,0.1032909329723292
C-WEU-AUT,Zone_7A Very cold Humid,rur,sfh,s52_low,0.27712201461324976
C-WEU-AUT,Zone_7A Very cold Humid,rur,sfh,sr11_std,0.022673619344467894
C-WEU-AUT,Zone_7A Very cold Humid,rur,sfh,sr12_low,0.022673619344467894
C-WEU-AUT,Zone_7A Very cold Humid,rur,sfh,sr21_std,0.02519290997965554
C-WEU-AUT,Zone_7A Very cold Humid,rur,sfh,sr22_low,0.02519290997965554
C-WEU-AUT,Zone_7A Very cold Humid,rur,sfh,sr31_std,0.05542440243894607
C-WEU-AUT,Zone_7A Very cold Humid,rur,sfh,sr32_low,0.05542440243894607
C-WEU-AUT,Zone_7A Very cold Humid,urb,inf,ns,0.026921688758487838
C-WEU-AUT,Zone_7A Very cold Humid,urb,mfh,s1,0.022434740632073197
C-WEU-AUT,Zone_7A Very cold Humid,urb,mfh,s2,0.049356429390561035
C-WEU-AUT,Zone_7A Very cold Humid,urb,mfh,s3,0.1390953919188538
C-WEU-AUT,Zone_7A Very cold Humid,urb,mfh,s51_std,0.2123822110776557
C-WEU-AUT,Zone_7A Very cold Humid,urb,mfh,s52_low,0.45617305975812555
C-WEU-AUT,Zone_7A Very cold Humid,urb,mfh,sr11_std,0.022434740632073197
C-WEU-AUT,Zone_7A Very cold Humid,urb,mfh,sr12_low,0.022434740632073197
C-WEU-AUT,Zone_7A Very cold Humid,urb,mfh,sr21_std,0.049356429390561035
C-WEU-AUT,Zone_7A Very cold Humid,urb,mfh,sr22_low,0.049356429390561035
C-WEU-AUT,Zone_7A Very cold Humid,urb,mfh,sr31_std,0.1390953919188538
C-WEU-AUT,Zone_7A Very cold Humid,urb,mfh,sr32_low,0.1390953919188538
C-WEU-AUT,Zone_7A Very cold Humid,urb,sfh,s1,0.013460844379243919
C-WEU-AUT,Zone_7A Very cold Humid,urb,sfh,s2,0.014956493515411565
C-WEU-AUT,Zone_7A Very cold Humid,urb,sfh,s3,0.03290428602107012
C-WEU-AUT,Zone_7A Very cold Humid,urb,sfh,s51_std,0.06132162463363731
C-WEU-AUT,Zone_7A Very cold Humid,urb,sfh,s52_low,0.16452143154117402
C-WEU-AUT,Zone_7A Very cold Humid,urb,sfh,sr11_std,0.013460844379243919
C-WEU-AUT,Zone_7A Very cold Humid,urb,sfh,sr12_low,0.013460844379243919
C-WEU-AUT,Zone_7A Very cold Humid,urb,sfh,sr21_std,0.014956493515411565
C-WEU-AUT,Zone_7A Very cold Humid,urb,sfh,sr22_low,0.014956493515411565
C-WEU-AUT,Zone_7A Very cold Humid,urb,sfh,sr31_std,0.03290428602107012
C-WEU-AUT,Zone_7A Very cold Humid,urb,sfh,sr32_low,0.03290428602107012
C-WEU-BEL,Zone_4A Mixed Humid,rur,inf,ns,4.732142857
C-WEU-BEL,Zone_4A Mixed Humid,rur,mfh,s1,6.839285714
C-WEU-BEL,Zone_4A Mixed Humid,rur,mfh,s2,8.410714286
C-WEU-BEL,Zone_4A Mixed Humid,rur,mfh,s3,13.76785714
C-WEU-BEL,Zone_4A Mixed Humid,rur,mfh,s51_std,16.51785714
C-WEU-BEL,Zone_4A Mixed Humid,rur,mfh,s52_low,22.55357143
C-WEU-BEL,Zone_4A Mixed Humid,rur,mfh,sr11_std,6.839285714
C-WEU-BEL,Zone_4A Mixed Humid,rur,mfh,sr12_low,6.839285714
C-WEU-BEL,Zone_4A Mixed Humid,rur,mfh,sr21_std,8.410714286
C-WEU-BEL,Zone_4A Mixed Humid,rur,mfh,sr22_low,8.410714286
C-WEU-BEL,Zone_4A Mixed Humid,rur,mfh,sr31_std,13.76785714
C-WEU-BEL,Zone_4A Mixed Humid,rur,mfh,sr32_low,13.76785714
C-WEU-BEL,Zone_4A Mixed Humid,rur,sfh,s1,4.732142857
C-WEU-BEL,Zone_4A Mixed Humid,rur,sfh,s2,5.428571429
C-WEU-BEL,Zone_4A Mixed Humid,rur,sfh,s3,7.767857143
C-WEU-BEL,Zone_4A Mixed Humid,rur,sfh,s51_std,9.285714286
C-WEU-BEL,Zone_4A Mixed Humid,rur,sfh,s52_low,14.78571429
C-WEU-BEL,Zone_4A Mixed Humid,rur,sfh,sr11_std,4.732142857
C-WEU-BEL,Zone_4A Mixed Humid,rur,sfh,sr12_low,4.732142857
C-WEU-BEL,Zone_4A Mixed Humid,rur,sfh,sr21_std,5.428571429
C-WEU-BEL,Zone_4A Mixed Humid,rur,sfh,sr22_low,5.428571429
C-WEU-BEL,Zone_4A Mixed Humid,rur,sfh,sr31_std,7.767857143
C-WEU-BEL,Zone_4A Mixed Humid,rur,sfh,sr32_low,7.767857143
C-WEU-BEL,Zone_4A Mixed Humid,urb,inf,ns,4.732142857
C-WEU-BEL,Zone_4A Mixed Humid,urb,mfh,s1,6.839285714
C-WEU-BEL,Zone_4A Mixed Humid,urb,mfh,s2,8.410714286
C-WEU-BEL,Zone_4A Mixed Humid,urb,mfh,s3,13.76785714
C-WEU-BEL,Zone_4A Mixed Humid,urb,mfh,s51_std,16.51785714
C-WEU-BEL,Zone_4A Mixed Humid,urb,mfh,s52_low,22.55357143
C-WEU-BEL,Zone_4A Mixed Humid,urb,mfh,sr11_std,6.839285714
C-WEU-BEL,Zone_4A Mixed Humid,urb,mfh,sr12_low,6.839285714
C-WEU-BEL,Zone_4A Mixed Humid,urb,mfh,sr21_std,8.410714286
C-WEU-BEL,Zone_4A Mixed Humid,urb,mfh,sr22_low,8.410714286
C-WEU-BEL,Zone_4A Mixed Humid,urb,mfh,sr31_std,13.76785714
C-WEU-BEL,Zone_4A Mixed Humid,urb,mfh,sr32_low,13.76785714
C-WEU-BEL,Zone_4A Mixed Humid,urb,sfh,s1,4.732142857
C-WEU-BEL,Zone_4A Mixed Humid,urb,sfh,s2,5.428571429
C-WEU-BEL,Zone_4A Mixed Humid,urb,sfh,s3,7.767857143
C-WEU-BEL,Zone_4A Mixed Humid,urb,sfh,s51_std,9.285714286
C-WEU-BEL,Zone_4A Mixed Humid,urb,sfh,s52_low,14.78571429
C-WEU-BEL,Zone_4A Mixed Humid,urb,sfh,sr11_std,4.732142857
C-WEU-BEL,Zone_4A Mixed Humid,urb,sfh,sr12_low,4.732142857
C-WEU-BEL,Zone_4A Mixed Humid,urb,sfh,sr21_std,5.428571429
C-WEU-BEL,Zone_4A Mixed Humid,urb,sfh,sr22_low,5.428571429
C-WEU-BEL,Zone_4A Mixed Humid,urb,sfh,sr31_std,7.767857143
C-WEU-BEL,Zone_4A Mixed Humid,urb,sfh,sr32_low,7.767857143
C-WEU-BEL,Zone_5A Cool Humid,rur,inf,ns,1.5329037549118185
C-WEU-BEL,Zone_5A Cool Humid,rur,mfh,s1,1.107739881903496
C-WEU-BEL,Zone_5A Cool Humid,rur,mfh,s2,1.3622597518781894
C-WEU-BEL,Zone_5A Cool Humid,rur,mfh,s3,2.229941120902201
C-WEU-BEL,Zone_5A Cool Humid,rur,mfh,s51_std,2.675350890928406
C-WEU-BEL,Zone_5A Cool Humid,rur,mfh,s52_low,3.6529385686930547
C-WEU-BEL,Zone_5A Cool Humid,rur,mfh,sr11_std,1.107739881903496
C-WEU-BEL,Zone_5A Cool Humid,rur,mfh,sr12_low,1.107739881903496
C-WEU-BEL,Zone_5A Cool Humid,rur,mfh,sr21_std,1.3622597518781894
C-WEU-BEL,Zone_5A Cool Humid,rur,mfh,sr22_low,1.3622597518781894
C-WEU-BEL,Zone_5A Cool Humid,rur,mfh,sr31_std,2.229941120902201
C-WEU-BEL,Zone_5A Cool Humid,rur,mfh,sr32_low,2.229941120902201
C-WEU-BEL,Zone_5A Cool Humid,rur,sfh,s1,0.7664518774559093
C-WEU-BEL,Zone_5A Cool Humid,rur,sfh,s2,0.8792504553480471
C-WEU-BEL,Zone_5A Cool Humid,rur,sfh,s3,1.2581379862995705
C-WEU-BEL,Zone_5A Cool Humid,rur,sfh,s51_std,1.5039810423410729
C-WEU-BEL,Zone_5A Cool Humid,rur,sfh,s52_low,2.394800582393484
C-WEU-BEL,Zone_5A Cool Humid,rur,sfh,sr11_std,0.7664518774559093
C-WEU-BEL,Zone_5A Cool Humid,rur,sfh,sr12_low,0.7664518774559093
C-WEU-BEL,Zone_5A Cool Humid,rur,sfh,sr21_std,0.8792504553480471
C-WEU-BEL,Zone_5A Cool Humid,rur,sfh,sr22_low,0.8792504553480471
C-WEU-BEL,Zone_5A Cool Humid,rur,sfh,sr31_std,1.2581379862995705
C-WEU-BEL,Zone_5A Cool Humid,rur,sfh,sr32_low,1.2581379862995705
C-WEU-BEL,Zone_5A Cool Humid,urb,inf,ns,1.532903754911815
C-WEU-BEL,Zone_5A Cool Humid,urb,mfh,s1,1.1077398819034936
C-WEU-BEL,Zone_5A Cool Humid,urb,mfh,s2,1.3622597518781863
C-WEU-BEL,Zone_5A Cool Humid,urb,mfh,s3,2.2299411209021955
C-WEU-BEL,Zone_5A Cool Humid,urb,mfh,s51_std,2.6753508909284003
C-WEU-BEL,Zone_5A Cool Humid,urb,mfh,s52_low,3.6529385686930467
C-WEU-BEL,Zone_5A Cool Humid,urb,mfh,sr11_std,1.1077398819034936
C-WEU-BEL,Zone_5A Cool Humid,urb,mfh,sr12_low,1.1077398819034936
C-WEU-BEL,Zone_5A Cool Humid,urb,mfh,sr21_std,1.3622597518781863
C-WEU-BEL,Zone_5A Cool Humid,urb,mfh,sr22_low,1.3622597518781863
C-WEU-BEL,Zone_5A Cool Humid,urb,mfh,sr31_std,2.2299411209021955
C-WEU-BEL,Zone_5A Cool Humid,urb,mfh,sr32_low,2.2299411209021955
C-WEU-BEL,Zone_5A Cool Humid,urb,sfh,s1,0.7664518774559075
C-WEU-BEL,Zone_5A Cool Humid,urb,sfh,s2,0.8792504553480451
C-WEU-BEL,Zone_5A Cool Humid,urb,sfh,s3,1.2581379862995676
C-WEU-BEL,Zone_5A Cool Humid,urb,sfh,s51_std,1.5039810423410696
C-WEU-BEL,Zone_5A Cool Humid,urb,sfh,s52_low,2.3948005823934784
C-WEU-BEL,Zone_5A Cool Humid,urb,sfh,sr11_std,0.7664518774559075
C-WEU-BEL,Zone_5A Cool Humid,urb,sfh,sr12_low,0.7664518774559075
C-WEU-BEL,Zone_5A Cool Humid,urb,sfh,sr21_std,0.8792504553480451
C-WEU-BEL,Zone_5A Cool Humid,urb,sfh,sr22_low,0.8792504553480451
C-WEU-BEL,Zone_5A Cool Humid,urb,sfh,sr31_std,1.2581379862995676
C-WEU-BEL,Zone_5A Cool Humid,urb,sfh,sr32_low,1.2581379862995676
C-WEU-CYP,Zone_3A Warm Humid,rur,inf,ns,45.59375
C-WEU-CYP,Zone_3A Warm Humid,rur,mfh,s1,48.84375
C-WEU-CYP,Zone_3A Warm Humid,rur,mfh,s2,51.28125
C-WEU-CYP,Zone_3A Warm Humid,rur,mfh,s3,55.9375
C-WEU-CYP,Zone_3A Warm Humid,rur,mfh,s51_std,58.0625
C-WEU-CYP,Zone_3A Warm Humid,rur,mfh,s52_low,61.21875
C-WEU-CYP,Zone_3A Warm Humid,rur,mfh,sr11_std,48.84375
C-WEU-CYP,Zone_3A Warm Humid,rur,mfh,sr12_low,48.84375
C-WEU-CYP,Zone_3A Warm Humid,rur,mfh,sr21_std,51.28125
C-WEU-CYP,Zone_3A Warm Humid,rur,mfh,sr22_low,51.28125
C-WEU-CYP,Zone_3A Warm Humid,rur,mfh,sr31_std,55.9375
C-WEU-CYP,Zone_3A Warm Humid,rur,mfh,sr32_low,55.9375
C-WEU-CYP,Zone_3A Warm Humid,rur,sfh,s1,45.59375
C-WEU-CYP,Zone_3A Warm Humid,rur,sfh,s2,46.875
C-WEU-CYP,Zone_3A Warm Humid,rur,sfh,s3,50.40625
C-WEU-CYP,Zone_3A Warm Humid,rur,sfh,s51_std,52.21875
C-WEU-CYP,Zone_3A Warm Humid,rur,sfh,s52_low,56.46875
C-WEU-CYP,Zone_3A Warm Humid,rur,sfh,sr11_std,45.59375
C-WEU-CYP,Zone_3A Warm Humid,rur,sfh,sr12_low,45.59375
C-WEU-CYP,Zone_3A Warm Humid,rur,sfh,sr21_std,46.875
C-WEU-CYP,Zone_3A Warm Humid,rur,sfh,sr22_low,46.875
C-WEU-CYP,Zone_3A Warm Humid,rur,sfh,sr31_std,50.40625
C-WEU-CYP,Zone_3A Warm Humid,rur,sfh,sr32_low,50.40625
C-WEU-CYP,Zone_3A Warm Humid,urb,inf,ns,45.59375
C-WEU-CYP,Zone_3A Warm Humid,urb,mfh,s1,48.84375
C-WEU-CYP,Zone_3A Warm Humid,urb,mfh,s2,51.28125
C-WEU-CYP,Zone_3A Warm Humid,urb,mfh,s3,55.9375
C-WEU-CYP,Zone_3A Warm Humid,urb,mfh,s51_std,58.0625
C-WEU-CYP,Zone_3A Warm Humid,urb,mfh,s52_low,61.21875
C-WEU-CYP,Zone_3A Warm Humid,urb,mfh,sr11_std,48.84375
C-WEU-CYP,Zone_3A Warm Humid,urb,mfh,sr12_low,48.84375
C-WEU-CYP,Zone_3A Warm Humid,urb,mfh,sr21_std,51.28125
C-WEU-CYP,Zone_3A Warm Humid,urb,mfh,sr22_low,51.28125
C-WEU-CYP,Zone_3A Warm Humid,urb,mfh,sr31_std,55.9375
C-WEU-CYP,Zone_3A Warm Humid,urb,mfh,sr32_low,55.9375
C-WEU-CYP,Zone_3A Warm Humid,urb,sfh,s1,45.59375
C-WEU-CYP,Zone_3A Warm Humid,urb,sfh,s2,46.875
C-WEU-CYP,Zone_3A Warm Humid,urb,sfh,s3,50.40625
C-WEU-CYP,Zone_3A Warm Humid,urb,sfh,s51_std,52.21875
C-WEU-CYP,Zone_3A Warm Humid,urb,sfh,s52_low,56.46875
C-WEU-CYP,Zone_3A Warm Humid,urb,sfh,sr11_std,45.59375
C-WEU-CYP,Zone_3A Warm Humid,urb,sfh,sr12_low,45.59375
C-WEU-CYP,Zone_3A Warm Humid,urb,sfh,sr21_std,46.875
C-WEU-CYP,Zone_3A Warm Humid,urb,sfh,sr22_low,46.875
C-WEU-CYP,Zone_3A Warm Humid,urb,sfh,sr31_std,50.40625
C-WEU-CYP,Zone_3A Warm Humid,urb,sfh,sr32_low,50.40625
C-WEU-DEU,Zone_4A Mixed Humid,rur,inf,ns,7.883333333
C-WEU-DEU,Zone_4A Mixed Humid,rur,mfh,s1,10.13333333
C-WEU-DEU,Zone_4A Mixed Humid,rur,mfh,s2,12.68333333
C-WEU-DEU,Zone_4A Mixed Humid,rur,mfh,s3,17.91666667
C-WEU-DEU,Zone_4A Mixed Humid,rur,mfh,s51_std,20.5
C-WEU-DEU,Zone_4A Mixed Humid,rur,mfh,s52_low,26.56666667
C-WEU-DEU,Zone_4A Mixed Humid,rur,mfh,sr11_std,10.13333333
C-WEU-DEU,Zone_4A Mixed Humid,rur,mfh,sr12_low,10.13333333
C-WEU-DEU,Zone_4A Mixed Humid,rur,mfh,sr21_std,12.68333333
C-WEU-DEU,Zone_4A Mixed Humid,rur,mfh,sr22_low,12.68333333
C-WEU-DEU,Zone_4A Mixed Humid,rur,mfh,sr31_std,17.91666667
C-WEU-DEU,Zone_4A Mixed Humid,rur,mfh,sr32_low,17.91666667
C-WEU-DEU,Zone_4A Mixed Humid,rur,sfh,s1,7.883333333
C-WEU-DEU,Zone_4A Mixed Humid,rur,sfh,s2,8.466666667
C-WEU-DEU,Zone_4A Mixed Humid,rur,sfh,s3,11.58333333
C-WEU-DEU,Zone_4A Mixed Humid,rur,sfh,s51_std,13.63333333
C-WEU-DEU,Zone_4A Mixed Humid,rur,sfh,s52_low,18.8
C-WEU-DEU,Zone_4A Mixed Humid,rur,sfh,sr11_std,7.883333333
C-WEU-DEU,Zone_4A Mixed Humid,rur,sfh,sr12_low,7.883333333
C-WEU-DEU,Zone_4A Mixed Humid,rur,sfh,sr21_std,8.466666667
C-WEU-DEU,Zone_4A Mixed Humid,rur,sfh,sr22_low,8.466666667
C-WEU-DEU,Zone_4A Mixed Humid,rur,sfh,sr31_std,11.58333333
C-WEU-DEU,Zone_4A Mixed Humid,rur,sfh,sr32_low,11.58333333
C-WEU-DEU,Zone_4A Mixed Humid,urb,inf,ns,7.883333333
C-WEU-DEU,Zone_4A Mixed Humid,urb,mfh,s1,10.13333333
C-WEU-DEU,Zone_4A Mixed Humid,urb,mfh,s2,12.68333333
C-WEU-DEU,Zone_4A Mixed Humid,urb,mfh,s3,17.91666667
C-WEU-DEU,Zone_4A Mixed Humid,urb,mfh,s51_std,20.5
C-WEU-DEU,Zone_4A Mixed Humid,urb,mfh,s52_low,26.56666667
C-WEU-DEU,Zone_4A Mixed Humid,urb,mfh,sr11_std,10.13333333
C-WEU-DEU,Zone_4A Mixed Humid,urb,mfh,sr12_low,10.13333333
C-WEU-DEU,Zone_4A Mixed Humid,urb,mfh,sr21_std,12.68333333
C-WEU-DEU,Zone_4A Mixed Humid,urb,mfh,sr22_low,12.68333333
C-WEU-DEU,Zone_4A Mixed Humid,urb,mfh,sr31_std,17.91666667
C-WEU-DEU,Zone_4A Mixed Humid,urb,mfh,sr32_low,17.91666667
C-WEU-DEU,Zone_4A Mixed Humid,urb,sfh,s1,7.883333333
C-WEU-DEU,Zone_4A Mixed Humid,urb,sfh,s2,8.466666667
C-WEU-DEU,Zone_4A Mixed Humid,urb,sfh,s3,11.58333333
C-WEU-DEU,Zone_4A Mixed Humid,urb,sfh,s51_std,13.63333333
C-WEU-DEU,Zone_4A Mixed Humid,urb,sfh,s52_low,18.8
C-WEU-DEU,Zone_4A Mixed Humid,urb,sfh,sr11_std,7.883333333
C-WEU-DEU,Zone_4A Mixed Humid,urb,sfh,sr12_low,7.883333333
C-WEU-DEU,Zone_4A Mixed Humid,urb,sfh,sr21_std,8.466666667
C-WEU-DEU,Zone_4A Mixed Humid,urb,sfh,sr22_low,8.466666667
C-WEU-DEU,Zone_4A Mixed Humid,urb,sfh,sr31_std,11.58333333
C-WEU-DEU,Zone_4A Mixed Humid,urb,sfh,sr32_low,11.58333333
C-WEU-DEU,Zone_5A Cool Humid,rur,inf,ns,6.847527473
C-WEU-DEU,Zone_5A Cool Humid,rur,mfh,s1,8.809065934
C-WEU-DEU,Zone_5A Cool Humid,rur,mfh,s2,10.50412088
C-WEU-DEU,Zone_5A Cool Humid,rur,mfh,s3,15.26510989
C-WEU-DEU,Zone_5A Cool Humid,rur,mfh,s51_std,18.14148352
C-WEU-DEU,Zone_5A Cool Humid,rur,mfh,s52_low,24.34203297
C-WEU-DEU,Zone_5A Cool Humid,rur,mfh,sr11_std,8.809065934
C-WEU-DEU,Zone_5A Cool Humid,rur,mfh,sr12_low,8.809065934
C-WEU-DEU,Zone_5A Cool Humid,rur,mfh,sr21_std,10.50412088
C-WEU-DEU,Zone_5A Cool Humid,rur,mfh,sr22_low,10.50412088
C-WEU-DEU,Zone_5A Cool Humid,rur,mfh,sr31_std,15.26510989
C-WEU-DEU,Zone_5A Cool Humid,rur,mfh,sr32_low,15.26510989
C-WEU-DEU,Zone_5A Cool Humid,rur,sfh,s1,6.847527473
C-WEU-DEU,Zone_5A Cool Humid,rur,sfh,s2,7.501373626
C-WEU-DEU,Zone_5A Cool Humid,rur,sfh,s3,9.813186813
C-WEU-DEU,Zone_5A Cool Humid,rur,sfh,s51_std,11.3282967
C-WEU-DEU,Zone_5A Cool Humid,rur,sfh,s52_low,16.1717033
C-WEU-DEU,Zone_5A Cool Humid,rur,sfh,sr11_std,6.847527473
C-WEU-DEU,Zone_5A Cool Humid,rur,sfh,sr12_low,6.847527473
C-WEU-DEU,Zone_5A Cool Humid,rur,sfh,sr21_std,7.501373626
C-WEU-DEU,Zone_5A Cool Humid,rur,sfh,sr22_low,7.501373626
C-WEU-DEU,Zone_5A Cool Humid,rur,sfh,sr31_std,9.813186813
C-WEU-DEU,Zone_5A Cool Humid,rur,sfh,sr32_low,9.813186813
C-WEU-DEU,Zone_5A Cool Humid,urb,inf,ns,6.847527473
C-WEU-DEU,Zone_5A Cool Humid,urb,mfh,s1,8.809065934
C-WEU-DEU,Zone_5A Cool Humid,urb,mfh,s2,10.50412088
C-WEU-DEU,Zone_5A Cool Humid,urb,mfh,s3,15.26510989
C-WEU-DEU,Zone_5A Cool Humid,urb,mfh,s51_std,18.14148352
C-WEU-DEU,Zone_5A Cool Humid,urb,mfh,s52_low,24.34203297
C-WEU-DEU,Zone_5A Cool Humid,urb,mfh,sr11_std,8.809065934
C-WEU-DEU,Zone_5A Cool Humid,urb,mfh,sr12_low,8.809065934
C-WEU-DEU,Zone_5A Cool Humid,urb,mfh,sr21_std,10.50412088
C-WEU-DEU,Zone_5A Cool Humid,urb,mfh,sr22_low,10.50412088
C-WEU-DEU,Zone_5A Cool Humid,urb,mfh,sr31_std,15.26510989
C-WEU-DEU,Zone_5A Cool Humid,urb,mfh,sr32_low,15.26510989
C-WEU-DEU,Zone_5A Cool Humid,urb,sfh,s1,6.847527473
C-WEU-DEU,Zone_5A Cool Humid,urb,sfh,s2,7.501373626
C-WEU-DEU,Zone_5A Cool Humid,urb,sfh,s3,9.813186813
C-WEU-DEU,Zone_5A Cool Humid,urb,sfh,s51_std,11.3282967
C-WEU-DEU,Zone_5A Cool Humid,urb,sfh,s52_low,16.1717033
C-WEU-DEU,Zone_5A Cool Humid,urb,sfh,sr11_std,6.847527473
C-WEU-DEU,Zone_5A Cool Humid,urb,sfh,sr12_low,6.847527473
C-WEU-DEU,Zone_5A Cool Humid,urb,sfh,sr21_std,7.501373626
C-WEU-DEU,Zone_5A Cool Humid,urb,sfh,sr22_low,7.501373626
C-WEU-DEU,Zone_5A Cool Humid,urb,sfh,sr31_std,9.813186813
C-WEU-DEU,Zone_5A Cool Humid,urb,sfh,sr32_low,9.813186813
C-WEU-DEU,Zone_6A Cold Humid,rur,inf,ns,0.051635222052982606
C-WEU-DEU,Zone_6A Cold Humid,rur,mfh,s1,0.033213307822985164
C-WEU-DEU,Zone_6A Cold Humid,rur,mfh,s2,0.03960426712316431
C-WEU-DEU,Zone_6A Cold Humid,rur,mfh,s3,0.057554886949093956
C-WEU-DEU,Zone_6A Cold Humid,rur,mfh,s51_std,0.06839983731571102
C-WEU-DEU,Zone_6A Cold Humid,rur,mfh,s52_low,0.0917781113791555
C-WEU-DEU,Zone_6A Cold Humid,rur,mfh,sr11_std,0.033213307822985164
C-WEU-DEU,Zone_6A Cold Humid,rur,mfh,sr12_low,0.033213307822985164
C-WEU-DEU,Zone_6A Cold Humid,rur,mfh,sr21_std,0.03960426712316431
C-WEU-DEU,Zone_6A Cold Humid,rur,mfh,sr22_low,0.03960426712316431
C-WEU-DEU,Zone_6A Cold Humid,rur,mfh,sr31_std,0.057554886949093956
C-WEU-DEU,Zone_6A Cold Humid,rur,mfh,sr32_low,0.057554886949093956
C-WEU-DEU,Zone_6A Cold Humid,rur,sfh,s1,0.025817611026491303
C-WEU-DEU,Zone_6A Cold Humid,rur,sfh,s2,0.02828284331712496
C-WEU-DEU,Zone_6A Cold Humid,rur,sfh,s3,0.0369992002369981
C-WEU-DEU,Zone_6A Cold Humid,rur,sfh,s51_std,0.042711702738636115
C-WEU-DEU,Zone_6A Cold Humid,rur,sfh,s52_low,0.06097306615627579
C-WEU-DEU,Zone_6A Cold Humid,rur,sfh,sr11_std,0.025817611026491303
C-WEU-DEU,Zone_6A Cold Humid,rur,sfh,sr12_low,0.025817611026491303
C-WEU-DEU,Zone_6A Cold Humid,rur,sfh,sr21_std,0.02828284331712496
C-WEU-DEU,Zone_6A Cold Humid,rur,sfh,sr22_low,0.02828284331712496
C-WEU-DEU,Zone_6A Cold Humid,rur,sfh,sr31_std,0.0369992002369981
C-WEU-DEU,Zone_6A Cold Humid,rur,sfh,sr32_low,0.0369992002369981
C-WEU-DEU,Zone_6A Cold Humid,urb,inf,ns,0.04326591370074837
C-WEU-DEU,Zone_6A Cold Humid,urb,mfh,s1,0.027829920214367733
C-WEU-DEU,Zone_6A Cold Humid,urb,mfh,s2,0.03318499921960218
C-WEU-DEU,Zone_6A Cold Humid,urb,mfh,s3,0.04822608817757547
C-WEU-DEU,Zone_6A Cold Humid,urb,mfh,s51_std,0.05731323195260353
C-WEU-DEU,Zone_6A Cold Humid,urb,mfh,s52_low,0.07690223240395352
C-WEU-DEU,Zone_6A Cold Humid,urb,mfh,sr11_std,0.027829920214367733
C-WEU-DEU,Zone_6A Cold Humid,urb,mfh,sr12_low,0.027829920214367733
C-WEU-DEU,Zone_6A Cold Humid,urb,mfh,sr21_std,0.03318499921960218
C-WEU-DEU,Zone_6A Cold Humid,urb,mfh,sr22_low,0.03318499921960218
C-WEU-DEU,Zone_6A Cold Humid,urb,mfh,sr31_std,0.04822608817757547
C-WEU-DEU,Zone_6A Cold Humid,urb,mfh,sr32_low,0.04822608817757547
C-WEU-DEU,Zone_6A Cold Humid,urb,sfh,s1,0.021632956850374186
C-WEU-DEU,Zone_6A Cold Humid,urb,sfh,s2,0.023698611326100277
C-WEU-DEU,Zone_6A Cold Humid,urb,sfh,s3,0.031002175275010778
C-WEU-DEU,Zone_6A Cold Humid,urb,sfh,s51_std,0.03578876532777696
C-WEU-DEU,Zone_6A Cold Humid,urb,sfh,s52_low,0.05109023092184161
C-WEU-DEU,Zone_6A Cold Humid,urb,sfh,sr11_std,0.021632956850374186
C-WEU-DEU,Zone_6A Cold Humid,urb,sfh,sr12_low,0.021632956850374186
C-WEU-DEU,Zone_6A Cold Humid,urb,sfh,sr21_std,0.023698611326100277
C-WEU-DEU,Zone_6A Cold Humid,urb,sfh,sr22_low,0.023698611326100277
C-WEU-DEU,Zone_6A Cold Humid,urb,sfh,sr31_std,0.031002175275010778
C-WEU-DEU,Zone_6A Cold Humid,urb,sfh,sr32_low,0.031002175275010778
C-WEU-DNK,Zone_5A Cool Humid,rur,inf,ns,2.703125
C-WEU-DNK,Zone_5A Cool Humid,rur,mfh,s1,3.671875
C-WEU-DNK,Zone_5A Cool Humid,rur,mfh,s2,4.723958333
C-WEU-DNK,Zone_5A Cool Humid,rur,mfh,s3,7.729166667
C-WEU-DNK,Zone_5A Cool Humid,rur,mfh,s51_std,9.572916667
C-WEU-DNK,Zone_5A Cool Humid,rur,mfh,s52_low,14.22395833
C-WEU-DNK,Zone_5A Cool Humid,rur,mfh,sr11_std,3.671875
C-WEU-DNK,Zone_5A Cool Humid,rur,mfh,sr12_low,3.671875
C-WEU-DNK,Zone_5A Cool Humid,rur,mfh,sr21_std,4.723958333
C-WEU-DNK,Zone_5A Cool Humid,rur,mfh,sr22_low,4.723958333
C-WEU-DNK,Zone_5A Cool Humid,rur,mfh,sr31_std,7.729166667
C-WEU-DNK,Zone_5A Cool Humid,rur,mfh,sr32_low,7.729166667
C-WEU-DNK,Zone_5A Cool Humid,rur,sfh,s1,2.703125
C-WEU-DNK,Zone_5A Cool Humid,rur,sfh,s2,3.046875
C-WEU-DNK,Zone_5A Cool Humid,rur,sfh,s3,4.28125
C-WEU-DNK,Zone_5A Cool Humid,rur,sfh,s51_std,5.208333333
C-WEU-DNK,Zone_5A Cool Humid,rur,sfh,s52_low,8.369791667
C-WEU-DNK,Zone_5A Cool Humid,rur,sfh,sr11_std,2.703125
C-WEU-DNK,Zone_5A Cool Humid,rur,sfh,sr12_low,2.703125
C-WEU-DNK,Zone_5A Cool Humid,rur,sfh,sr21_std,3.046875
C-WEU-DNK,Zone_5A Cool Humid,rur,sfh,sr22_low,3.046875
C-WEU-DNK,Zone_5A Cool Humid,rur,sfh,sr31_std,4.28125
C-WEU-DNK,Zone_5A Cool Humid,rur,sfh,sr32_low,4.28125
C-WEU-DNK,Zone_5A Cool Humid,urb,inf,ns,2.703125
C-WEU-DNK,Zone_5A Cool Humid,urb,mfh,s1,3.671875
C-WEU-DNK,Zone_5A Cool Humid,urb,mfh,s2,4.723958333
C-WEU-DNK,Zone_5A Cool Humid,urb,mfh,s3,7.729166667
C-WEU-DNK,Zone_5A Cool Humid,urb,mfh,s51_std,9.572916667
C-WEU-DNK,Zone_5A Cool Humid,urb,mfh,s52_low,14.22395833
C-WEU-DNK,Zone_5A Cool Humid,urb,mfh,sr11_std,3.671875
C-WEU-DNK,Zone_5A Cool Humid,urb,mfh,sr12_low,3.671875
C-WEU-DNK,Zone_5A Cool Humid,urb,mfh,sr21_std,4.723958333
C-WEU-DNK,Zone_5A Cool Humid,urb,mfh,sr22_low,4.723958333
C-WEU-DNK,Zone_5A Cool Humid,urb,mfh,sr31_std,7.729166667
C-WEU-DNK,Zone_5A Cool Humid,urb,mfh,sr32_low,7.729166667
C-WEU-DNK,Zone_5A Cool Humid,urb,sfh,s1,2.703125
C-WEU-DNK,Zone_5A Cool Humid,urb,sfh,s2,3.046875
C-WEU-DNK,Zone_5A Cool Humid,urb,sfh,s3,4.28125
C-WEU-DNK,Zone_5A Cool Humid,urb,sfh,s51_std,5.208333333
C-WEU-DNK,Zone_5A Cool Humid,urb,sfh,s52_low,8.369791667
C-WEU-DNK,Zone_5A Cool Humid,urb,sfh,sr11_std,2.703125
C-WEU-DNK,Zone_5A Cool Humid,urb,sfh,sr12_low,2.703125
C-WEU-DNK,Zone_5A Cool Humid,urb,sfh,sr21_std,3.046875
C-WEU-DNK,Zone_5A Cool Humid,urb,sfh,sr22_low,3.046875
C-WEU-DNK,Zone_5A Cool Humid,urb,sfh,sr31_std,4.28125
C-WEU-DNK,Zone_5A Cool Humid,urb,sfh,sr32_low,4.28125
C-WEU-ESP,Zone_2B Hot Dry,rur,inf,ns,0.2793387653990992
C-WEU-ESP,Zone_2B Hot Dry,rur,mfh,s1,0.1502348976012298
C-WEU-ESP,Zone_2B Hot Dry,rur,mfh,s2,0.15951280742033017
C-WEU-ESP,Zone_2B Hot Dry,rur,mfh,s3,0.17844060184837637
C-WEU-ESP,Zone_2B Hot Dry,rur,mfh,s51_std,0.18783296547617245
C-WEU-ESP,Zone_2B Hot Dry,rur,mfh,s52_low,0.20687521371291437
C-WEU-ESP,Zone_2B Hot Dry,rur,mfh,sr11_std,0.1502348976012298
C-WEU-ESP,Zone_2B Hot Dry,rur,mfh,sr12_low,0.1502348976012298
C-WEU-ESP,Zone_2B Hot Dry,rur,mfh,sr21_std,0.15951280742033017
C-WEU-ESP,Zone_2B Hot Dry,rur,mfh,sr22_low,0.15951280742033017
C-WEU-ESP,Zone_2B Hot Dry,rur,mfh,sr31_std,0.17844060184837637
C-WEU-ESP,Zone_2B Hot Dry,rur,mfh,sr32_low,0.17844060184837637
C-WEU-ESP,Zone_2B Hot Dry,rur,sfh,s1,0.1396693826995496
C-WEU-ESP,Zone_2B Hot Dry,rur,sfh,s2,0.1432746768777237
C-WEU-ESP,Zone_2B Hot Dry,rur,sfh,s3,0.15620080105325912
C-WEU-ESP,Zone_2B Hot Dry,rur,sfh,s51_std,0.1634042360612998
C-WEU-ESP,Zone_2B Hot Dry,rur,sfh,s52_low,0.1816739212367051
C-WEU-ESP,Zone_2B Hot Dry,rur,sfh,sr11_std,0.1396693826995496
C-WEU-ESP,Zone_2B Hot Dry,rur,sfh,sr12_low,0.1396693826995496
C-WEU-ESP,Zone_2B Hot Dry,rur,sfh,sr21_std,0.1432746768777237
C-WEU-ESP,Zone_2B Hot Dry,rur,sfh,sr22_low,0.1432746768777237
C-WEU-ESP,Zone_2B Hot Dry,rur,sfh,sr31_std,0.15620080105325912
C-WEU-ESP,Zone_2B Hot Dry,rur,sfh,sr32_low,0.15620080105325912
C-WEU-ESP,Zone_2B Hot Dry,urb,inf,ns,0.28868896559147617
C-WEU-ESP,Zone_2B Hot Dry,urb,mfh,s1,0.15526365315703597
C-WEU-ESP,Zone_2B Hot Dry,urb,mfh,s2,0.16485211892082047
C-WEU-ESP,Zone_2B Hot Dry,urb,mfh,s3,0.1844134762088211
C-WEU-ESP,Zone_2B Hot Dry,urb,mfh,s51_std,0.19412022685008457
C-WEU-ESP,Zone_2B Hot Dry,urb,mfh,s52_low,0.2137998690155642
C-WEU-ESP,Zone_2B Hot Dry,urb,mfh,sr11_std,0.15526365315703597
C-WEU-ESP,Zone_2B Hot Dry,urb,mfh,sr12_low,0.15526365315703597
C-WEU-ESP,Zone_2B Hot Dry,urb,mfh,sr21_std,0.16485211892082047
C-WEU-ESP,Zone_2B Hot Dry,urb,mfh,sr22_low,0.16485211892082047
C-WEU-ESP,Zone_2B Hot Dry,urb,mfh,sr31_std,0.1844134762088211
C-WEU-ESP,Zone_2B Hot Dry,urb,mfh,sr32_low,0.1844134762088211
C-WEU-ESP,Zone_2B Hot Dry,urb,sfh,s1,0.14434448279573808
C-WEU-ESP,Zone_2B Hot Dry,urb,sfh,s2,0.14807045561395052
C-WEU-ESP,Zone_2B Hot Dry,urb,sfh,s3,0.16142925102500205
C-WEU-ESP,Zone_2B Hot Dry,urb,sfh,s51_std,0.16887380387181364
C-WEU-ESP,Zone_2B Hot Dry,urb,sfh,s52_low,0.1877550232666019
C-WEU-ESP,Zone_2B Hot Dry,urb,sfh,sr11_std,0.14434448279573808
C-WEU-ESP,Zone_2B Hot Dry,urb,sfh,sr12_low,0.14434448279573808
C-WEU-ESP,Zone_2B Hot Dry,urb,sfh,sr21_std,0.14807045561395052
C-WEU-ESP,Zone_2B Hot Dry,urb,sfh,sr22_low,0.14807045561395052
C-WEU-ESP,Zone_2B Hot Dry,urb,sfh,sr31_std,0.16142925102500205
C-WEU-ESP,Zone_2B Hot Dry,urb,sfh,sr32_low,0.16142925102500205
C-WEU-ESP,Zone_3A Warm Humid,rur,inf,ns,47.3907767
C-WEU-ESP,Zone_3A Warm Humid,rur,mfh,s1,50.97572816
C-WEU-ESP,Zone_3A Warm Humid,rur,mfh,s2,54.12378641
C-WEU-ESP,Zone_3A Warm Humid,rur,mfh,s3,60.5461165
C-WEU-ESP,Zone_3A Warm Humid,rur,mfh,s51_std,63.73300971
C-WEU-ESP,Zone_3A Warm Humid,rur,mfh,s52_low,70.19417476
C-WEU-ESP,Zone_3A Warm Humid,rur,mfh,sr11_std,50.97572816
C-WEU-ESP,Zone_3A Warm Humid,rur,mfh,sr12_low,50.97572816
C-WEU-ESP,Zone_3A Warm Humid,rur,mfh,sr21_std,54.12378641
C-WEU-ESP,Zone_3A Warm Humid,rur,mfh,sr22_low,54.12378641
C-WEU-ESP,Zone_3A Warm Humid,rur,mfh,sr31_std,60.5461165
C-WEU-ESP,Zone_3A Warm Humid,rur,mfh,sr32_low,60.5461165
C-WEU-ESP,Zone_3A Warm Humid,rur,sfh,s1,47.3907767
C-WEU-ESP,Zone_3A Warm Humid,rur,sfh,s2,48.61407767
C-WEU-ESP,Zone_3A Warm Humid,rur,sfh,s3,53.0
C-WEU-ESP,Zone_3A Warm Humid,rur,sfh,s51_std,55.44417476
C-WEU-ESP,Zone_3A Warm Humid,rur,sfh,s52_low,61.64320388
C-WEU-ESP,Zone_3A Warm Humid,rur,sfh,sr11_std,47.3907767
C-WEU-ESP,Zone_3A Warm Humid,rur,sfh,sr12_low,47.3907767
C-WEU-ESP,Zone_3A Warm Humid,rur,sfh,sr21_std,48.61407767
C-WEU-ESP,Zone_3A Warm Humid,rur,sfh,sr22_low,48.61407767
C-WEU-ESP,Zone_3A Warm Humid,rur,sfh,sr31_std,53.0
C-WEU-ESP,Zone_3A Warm Humid,rur,sfh,sr32_low,53.0
C-WEU-ESP,Zone_3A Warm Humid,urb,inf,ns,47.3907767
C-WEU-ESP,Zone_3A Warm Humid,urb,mfh,s1,50.97572816
C-WEU-ESP,Zone_3A Warm Humid,urb,mfh,s2,54.12378641
C-WEU-ESP,Zone_3A Warm Humid,urb,mfh,s3,60.5461165
C-WEU-ESP,Zone_3A Warm Humid,urb,mfh,s51_std,63.73300971
C-WEU-ESP,Zone_3A Warm Humid,urb,mfh,s52_low,70.19417476
C-WEU-ESP,Zone_3A Warm Humid,urb,mfh,sr11_std,50.97572816
C-WEU-ESP,Zone_3A Warm Humid,urb,mfh,sr12_low,50.97572816
C-WEU-ESP,Zone_3A Warm Humid,urb,mfh,sr21_std,54.12378641
C-WEU-ESP,Zone_3A Warm Humid,urb,mfh,sr22_low,54.12378641
C-WEU-ESP,Zone_3A Warm Humid,urb,mfh,sr31_std,60.5461165
C-WEU-ESP,Zone_3A Warm Humid,urb,mfh,sr32_low,60.5461165
C-WEU-ESP,Zone_3A Warm Humid,urb,sfh,s1,47.3907767
C-WEU-ESP,Zone_3A Warm Humid,urb,sfh,s2,48.61407767
C-WEU-ESP,Zone_3A Warm Humid,urb,sfh,s3,53.0
C-WEU-ESP,Zone_3A Warm Humid,urb,sfh,s51_std,55.44417476
C-WEU-ESP,Zone_3A Warm Humid,urb,sfh,s52_low,61.64320388
C-WEU-ESP,Zone_3A Warm Humid,urb,sfh,sr11_std,47.3907767
C-WEU-ESP,Zone_3A Warm Humid,urb,sfh,sr12_low,47.3907767
C-WEU-ESP,Zone_3A Warm Humid,urb,sfh,sr21_std,48.61407767
C-WEU-ESP,Zone_3A Warm Humid,urb,sfh,sr22_low,48.61407767
C-WEU-ESP,Zone_3A Warm Humid,urb,sfh,sr31_std,53.0
C-WEU-ESP,Zone_3A Warm Humid,urb,sfh,sr32_low,53.0
C-WEU-ESP,Zone_3B Warm Dry,rur,inf,ns,43.875
C-WEU-ESP,Zone_3B Warm Dry,rur,mfh,s1,48.31617647
C-WEU-ESP,Zone_3B Warm Dry,rur,mfh,s2,52.23529412
C-WEU-ESP,Zone_3B Warm Dry,rur,mfh,s3,60.38235294
C-WEU-ESP,Zone_3B Warm Dry,rur,mfh,s51_std,63.98529412
C-WEU-ESP,Zone_3B Warm Dry,rur,mfh,s52_low,71.64705882
C-WEU-ESP,Zone_3B Warm Dry,rur,mfh,sr11_std,48.31617647
C-WEU-ESP,Zone_3B Warm Dry,rur,mfh,sr12_low,48.31617647
C-WEU-ESP,Zone_3B Warm Dry,rur,mfh,sr21_std,52.23529412
C-WEU-ESP,Zone_3B Warm Dry,rur,mfh,sr22_low,52.23529412
C-WEU-ESP,Zone_3B Warm Dry,rur,mfh,sr31_std,60.38235294
C-WEU-ESP,Zone_3B Warm Dry,rur,mfh,sr32_low,60.38235294
C-WEU-ESP,Zone_3B Warm Dry,rur,sfh,s1,43.875
C-WEU-ESP,Zone_3B Warm Dry,rur,sfh,s2,45.43382353
C-WEU-ESP,Zone_3B Warm Dry,rur,sfh,s3,50.86764706
C-WEU-ESP,Zone_3B Warm Dry,rur,sfh,s51_std,53.86764706
C-WEU-ESP,Zone_3B Warm Dry,rur,sfh,s52_low,61.66911765
C-WEU-ESP,Zone_3B Warm Dry,rur,sfh,sr11_std,43.875
C-WEU-ESP,Zone_3B Warm Dry,rur,sfh,sr12_low,43.875
C-WEU-ESP,Zone_3B Warm Dry,rur,sfh,sr21_std,45.43382353
C-WEU-ESP,Zone_3B Warm Dry,rur,sfh,sr22_low,45.43382353
C-WEU-ESP,Zone_3B Warm Dry,rur,sfh,sr31_std,50.86764706
C-WEU-ESP,Zone_3B Warm Dry,rur,sfh,sr32_low,50.86764706
C-WEU-ESP,Zone_3B Warm Dry,urb,inf,ns,43.875
C-WEU-ESP,Zone_3B Warm Dry,urb,mfh,s1,48.31617647
C-WEU-ESP,Zone_3B Warm Dry,urb,mfh,s2,52.23529412
C-WEU-ESP,Zone_3B Warm Dry,urb,mfh,s3,60.38235294
C-WEU-ESP,Zone_3B Warm Dry,urb,mfh,s51_std,63.98529412
C-WEU-ESP,Zone_3B Warm Dry,urb,mfh,s52_low,71.64705882
C-WEU-ESP,Zone_3B Warm Dry,urb,mfh,sr11_std,48.31617647
C-WEU-ESP,Zone_3B Warm Dry,urb,mfh,sr12_low,48.31617647
C-WEU-ESP,Zone_3B Warm Dry,urb,mfh,sr21_std,52.23529412
C-WEU-ESP,Zone_3B Warm Dry,urb,mfh,sr22_low,52.23529412
C-WEU-ESP,Zone_3B Warm Dry,urb,mfh,sr31_std,60.38235294
C-WEU-ESP,Zone_3B Warm Dry,urb,mfh,sr32_low,60.38235294
C-WEU-ESP,Zone_3B Warm Dry,urb,sfh,s1,43.875
C-WEU-ESP,Zone_3B Warm Dry,urb,sfh,s2,45.43382353
C-WEU-ESP,Zone_3B Warm Dry,urb,sfh,s3,50.86764706
C-WEU-ESP,Zone_3B Warm Dry,urb,sfh,s51_std,53.86764706
C-WEU-ESP,Zone_3B Warm Dry,urb,sfh,s52_low,61.66911765
C-WEU-ESP,Zone_3B Warm Dry,urb,sfh,sr11_std,43.875
C-WEU-ESP,Zone_3B Warm Dry,urb,sfh,sr12_low,43.875
C-WEU-ESP,Zone_3B Warm Dry,urb,sfh,sr21_std,45.43382353
C-WEU-ESP,Zone_3B Warm Dry,urb,sfh,sr22_low,45.43382353
C-WEU-ESP,Zone_3B Warm Dry,urb,sfh,sr31_std,50.86764706
C-WEU-ESP,Zone_3B Warm Dry,urb,sfh,sr32_low,50.86764706
C-WEU-ESP,Zone_3C Warm Marine,rur,inf,ns,6.1875
C-WEU-ESP,Zone_3C Warm Marine,rur,mfh,s1,8.5
C-WEU-ESP,Zone_3C Warm Marine,rur,mfh,s2,11.14583333
C-WEU-ESP,Zone_3C Warm Marine,rur,mfh,s3,19.86458333
C-WEU-ESP,Zone_3C Warm Marine,rur,mfh,s51_std,24.15625
C-WEU-ESP,Zone_3C Warm Marine,rur,mfh,s52_low,32.98958333
C-WEU-ESP,Zone_3C Warm Marine,rur,mfh,sr11_std,8.5
C-WEU-ESP,Zone_3C Warm Marine,rur,mfh,sr12_low,8.5
C-WEU-ESP,Zone_3C Warm Marine,rur,mfh,sr21_std,11.14583333
C-WEU-ESP,Zone_3C Warm Marine,rur,mfh,sr22_low,11.14583333
C-WEU-ESP,Zone_3C Warm Marine,rur,mfh,sr31_std,19.86458333
C-WEU-ESP,Zone_3C Warm Marine,rur,mfh,sr32_low,19.86458333
C-WEU-ESP,Zone_3C Warm Marine,rur,sfh,s1,6.1875
C-WEU-ESP,Zone_3C Warm Marine,rur,sfh,s2,6.947916667
C-WEU-ESP,Zone_3C Warm Marine,rur,sfh,s3,10.16666667
C-WEU-ESP,Zone_3C Warm Marine,rur,sfh,s51_std,12.80208333
C-WEU-ESP,Zone_3C Warm Marine,rur,sfh,s52_low,21.32291667
C-WEU-ESP,Zone_3C Warm Marine,rur,sfh,sr11_std,6.1875
C-WEU-ESP,Zone_3C Warm Marine,rur,sfh,sr12_low,6.1875
C-WEU-ESP,Zone_3C Warm Marine,rur,sfh,sr21_std,6.947916667
C-WEU-ESP,Zone_3C Warm Marine,rur,sfh,sr22_low,6.947916667
C-WEU-ESP,Zone_3C Warm Marine,rur,sfh,sr31_std,10.16666667
C-WEU-ESP,Zone_3C Warm Marine,rur,sfh,sr32_low,10.16666667
C-WEU-ESP,Zone_3C Warm Marine,urb,inf,ns,6.1875
C-WEU-ESP,Zone_3C Warm Marine,urb,mfh,s1,8.5
C-WEU-ESP,Zone_3C Warm Marine,urb,mfh,s2,11.14583333
C-WEU-ESP,Zone_3C Warm Marine,urb,mfh,s3,19.86458333
C-WEU-ESP,Zone_3C Warm Marine,urb,mfh,s51_std,24.15625
C-WEU-ESP,Zone_3C Warm Marine,urb,mfh,s52_low,32.98958333
C-WEU-ESP,Zone_3C Warm Marine,urb,mfh,sr11_std,8.5
C-WEU-ESP,Zone_3C Warm Marine,urb,mfh,sr12_low,8.5
C-WEU-ESP,Zone_3C Warm Marine,urb,mfh,sr21_std,11.14583333
C-WEU-ESP,Zone_3C Warm Marine,urb,mfh,sr22_low,11.14583333
C-WEU-ESP,Zone_3C Warm Marine,urb,mfh,sr31_std,19.86458333
C-WEU-ESP,Zone_3C Warm Marine,urb,mfh,sr32_low,19.86458333
C-WEU-ESP,Zone_3C Warm Marine,urb,sfh,s1,6.1875
C-WEU-ESP,Zone_3C Warm Marine,urb,sfh,s2,6.947916667
C-WEU-ESP,Zone_3C Warm Marine,urb,sfh,s3,10.16666667
C-WEU-ESP,Zone_3C Warm Marine,urb,sfh,s51_std,12.80208333
C-WEU-ESP,Zone_3C Warm Marine,urb,sfh,s52_low,21.32291667
C-WEU-ESP,Zone_3C Warm Marine,urb,sfh,sr11_std,6.1875
C-WEU-ESP,Zone_3C Warm Marine,urb,sfh,sr12_low,6.1875
C-WEU-ESP,Zone_3C Warm Marine,urb,sfh,sr21_std,6.947916667
C-WEU-ESP,Zone_3C Warm Marine,urb,sfh,sr22_low,6.947916667
C-WEU-ESP,Zone_3C Warm Marine,urb,sfh,sr31_std,10.16666667
C-WEU-ESP,Zone_3C Warm Marine,urb,sfh,sr32_low,10.16666667
C-WEU-ESP,Zone_4A Mixed Humid,rur,inf,ns,24.91071429
C-WEU-ESP,Zone_4A Mixed Humid,rur,mfh,s1,28.85267857
C-WEU-ESP,Zone_4A Mixed Humid,rur,mfh,s2,32.38839286
C-WEU-ESP,Zone_4A Mixed Humid,rur,mfh,s3,40.25446429
C-WEU-ESP,Zone_4A Mixed Humid,rur,mfh,s51_std,44.05803571
C-WEU-ESP,Zone_4A Mixed Humid,rur,mfh,s52_low,50.42410714
C-WEU-ESP,Zone_4A Mixed Humid,rur,mfh,sr11_std,28.85267857
C-WEU-ESP,Zone_4A Mixed Humid,rur,mfh,sr12_low,28.85267857
C-WEU-ESP,Zone_4A Mixed Humid,rur,mfh,sr21_std,32.38839286
C-WEU-ESP,Zone_4A Mixed Humid,rur,mfh,sr22_low,32.38839286
C-WEU-ESP,Zone_4A Mixed Humid,rur,mfh,sr31_std,40.25446429
C-WEU-ESP,Zone_4A Mixed Humid,rur,mfh,sr32_low,40.25446429
C-WEU-ESP,Zone_4A Mixed Humid,rur,sfh,s1,24.91071429
C-WEU-ESP,Zone_4A Mixed Humid,rur,sfh,s2,26.16964286
C-WEU-ESP,Zone_4A Mixed Humid,rur,sfh,s3,31.10267857
C-WEU-ESP,Zone_4A Mixed Humid,rur,sfh,s51_std,33.99553571
C-WEU-ESP,Zone_4A Mixed Humid,rur,sfh,s52_low,41.66071429
C-WEU-ESP,Zone_4A Mixed Humid,rur,sfh,sr11_std,24.91071429
C-WEU-ESP,Zone_4A Mixed Humid,rur,sfh,sr12_low,24.91071429
C-WEU-ESP,Zone_4A Mixed Humid,rur,sfh,sr21_std,26.16964286
C-WEU-ESP,Zone_4A Mixed Humid,rur,sfh,sr22_low,26.16964286
C-WEU-ESP,Zone_4A Mixed Humid,rur,sfh,sr31_std,31.10267857
C-WEU-ESP,Zone_4A Mixed Humid,rur,sfh,sr32_low,31.10267857
C-WEU-ESP,Zone_4A Mixed Humid,urb,inf,ns,24.91071429
C-WEU-ESP,Zone_4A Mixed Humid,urb,mfh,s1,28.85267857
C-WEU-ESP,Zone_4A Mixed Humid,urb,mfh,s2,32.38839286
C-WEU-ESP,Zone_4A Mixed Humid,urb,mfh,s3,40.25446429
C-WEU-ESP,Zone_4A Mixed Humid,urb,mfh,s51_std,44.05803571
C-WEU-ESP,Zone_4A Mixed Humid,urb,mfh,s52_low,50.42410714
C-WEU-ESP,Zone_4A Mixed Humid,urb,mfh,sr11_std,28.85267857
C-WEU-ESP,Zone_4A Mixed Humid,urb,mfh,sr12_low,28.85267857
C-WEU-ESP,Zone_4A Mixed Humid,urb,mfh,sr21_std,32.38839286
C-WEU-ESP,Zone_4A Mixed Humid,urb,mfh,sr22_low,32.38839286
C-WEU-ESP,Zone_4A Mixed Humid,urb,mfh,sr31_std,40.25446429
C-WEU-ESP,Zone_4A Mixed Humid,urb,mfh,sr32_low,40.25446429
C-WEU-ESP,Zone_4A Mixed Humid,urb,sfh,s1,24.91071429
C-WEU-ESP,Zone_4A Mixed Humid,urb,sfh,s2,26.16964286
C-WEU-ESP,Zone_4A Mixed Humid,urb,sfh,s3,31.10267857
C-WEU-ESP,Zone_4A Mixed Humid,urb,sfh,s51_std,33.99553571
C-WEU-ESP,Zone_4A Mixed Humid,urb,sfh,s52_low,41.66071429
C-WEU-ESP,Zone_4A Mixed Humid,urb,sfh,sr11_std,24.91071429
C-WEU-ESP,Zone_4A Mixed Humid,urb,sfh,sr12_low,24.91071429
C-WEU-ESP,Zone_4A Mixed Humid,urb,sfh,sr21_std,26.16964286
C-WEU-ESP,Zone_4A Mixed Humid,urb,sfh,sr22_low,26.16964286
C-WEU-ESP,Zone_4A Mixed Humid,urb,sfh,sr31_std,31.10267857
C-WEU-ESP,Zone_4A Mixed Humid,urb,sfh,sr32_low,31.10267857
C-WEU-ESP,Zone_4C Mixed Marine,rur,inf,ns,16.62837838
C-WEU-ESP,Zone_4C Mixed Marine,rur,mfh,s1,19.80405405
C-WEU-ESP,Zone_4C Mixed Marine,rur,mfh,s2,22.68243243
C-WEU-ESP,Zone_4C Mixed Marine,rur,mfh,s3,29.71621622
C-WEU-ESP,Zone_4C Mixed Marine,rur,mfh,s51_std,33.22972973
C-WEU-ESP,Zone_4C Mixed Marine,rur,mfh,s52_low,40.34459459
C-WEU-ESP,Zone_4C Mixed Marine,rur,mfh,sr11_std,19.80405405
C-WEU-ESP,Zone_4C Mixed Marine,rur,mfh,sr12_low,19.80405405
C-WEU-ESP,Zone_4C Mixed Marine,rur,mfh,sr21_std,22.68243243
C-WEU-ESP,Zone_4C Mixed Marine,rur,mfh,sr22_low,22.68243243
C-WEU-ESP,Zone_4C Mixed Marine,rur,mfh,sr31_std,29.71621622
C-WEU-ESP,Zone_4C Mixed Marine,rur,mfh,sr32_low,29.71621622
C-WEU-ESP,Zone_4C Mixed Marine,rur,sfh,s1,16.62837838
C-WEU-ESP,Zone_4C Mixed Marine,rur,sfh,s2,17.60810811
C-WEU-ESP,Zone_4C Mixed Marine,rur,sfh,s3,21.60810811
C-WEU-ESP,Zone_4C Mixed Marine,rur,sfh,s51_std,24.06756757
C-WEU-ESP,Zone_4C Mixed Marine,rur,sfh,s52_low,30.92567568
C-WEU-ESP,Zone_4C Mixed Marine,rur,sfh,sr11_std,16.62837838
C-WEU-ESP,Zone_4C Mixed Marine,rur,sfh,sr12_low,16.62837838
C-WEU-ESP,Zone_4C Mixed Marine,rur,sfh,sr21_std,17.60810811
C-WEU-ESP,Zone_4C Mixed Marine,rur,sfh,sr22_low,17.60810811
C-WEU-ESP,Zone_4C Mixed Marine,rur,sfh,sr31_std,21.60810811
C-WEU-ESP,Zone_4C Mixed Marine,rur,sfh,sr32_low,21.60810811
C-WEU-ESP,Zone_4C Mixed Marine,urb,inf,ns,16.62837838
C-WEU-ESP,Zone_4C Mixed Marine,urb,mfh,s1,19.80405405
C-WEU-ESP,Zone_4C Mixed Marine,urb,mfh,s2,22.68243243
C-WEU-ESP,Zone_4C Mixed Marine,urb,mfh,s3,29.71621622
C-WEU-ESP,Zone_4C Mixed Marine,urb,mfh,s51_std,33.22972973
C-WEU-ESP,Zone_4C Mixed Marine,urb,mfh,s52_low,40.34459459
C-WEU-ESP,Zone_4C Mixed Marine,urb,mfh,sr11_std,19.80405405
C-WEU-ESP,Zone_4C Mixed Marine,urb,mfh,sr12_low,19.80405405
C-WEU-ESP,Zone_4C Mixed Marine,urb,mfh,sr21_std,22.68243243
C-WEU-ESP,Zone_4C Mixed Marine,urb,mfh,sr22_low,22.68243243
C-WEU-ESP,Zone_4C Mixed Marine,urb,mfh,sr31_std,29.71621622
C-WEU-ESP,Zone_4C Mixed Marine,urb,mfh,sr32_low,29.71621622
C-WEU-ESP,Zone_4C Mixed Marine,urb,sfh,s1,16.62837838
C-WEU-ESP,Zone_4C Mixed Marine,urb,sfh,s2,17.60810811
C-WEU-ESP,Zone_4C Mixed Marine,urb,sfh,s3,21.60810811
C-WEU-ESP,Zone_4C Mixed Marine,urb,sfh,s51_std,24.06756757
C-WEU-ESP,Zone_4C Mixed Marine,urb,sfh,s52_low,30.92567568
C-WEU-ESP,Zone_4C Mixed Marine,urb,sfh,sr11_std,16.62837838
C-WEU-ESP,Zone_4C Mixed Marine,urb,sfh,sr12_low,16.62837838
C-WEU-ESP,Zone_4C Mixed Marine,urb,sfh,sr21_std,17.60810811
C-WEU-ESP,Zone_4C Mixed Marine,urb,sfh,sr22_low,17.60810811
C-WEU-ESP,Zone_4C Mixed Marine,urb,sfh,sr31_std,21.60810811
C-WEU-ESP,Zone_4C Mixed Marine,urb,sfh,sr32_low,21.60810811
C-WEU-FIN,Zone_6A Cold Humid,rur,inf,ns,0.720588235
C-WEU-FIN,Zone_6A Cold Humid,rur,mfh,s1,1.960784314
C-WEU-FIN,Zone_6A Cold Humid,rur,mfh,s2,3.406862745
C-WEU-FIN,Zone_6A Cold Humid,rur,mfh,s3,6.779411765
C-WEU-FIN,Zone_6A Cold Humid,rur,mfh,s51_std,8.56372549
C-WEU-FIN,Zone_6A Cold Humid,rur,mfh,s52_low,12.80882353
C-WEU-FIN,Zone_6A Cold Humid,rur,mfh,sr11_std,1.960784314
C-WEU-FIN,Zone_6A Cold Humid,rur,mfh,sr12_low,1.960784314
C-WEU-FIN,Zone_6A Cold Humid,rur,mfh,sr21_std,3.406862745
C-WEU-FIN,Zone_6A Cold Humid,rur,mfh,sr22_low,3.406862745
C-WEU-FIN,Zone_6A Cold Humid,rur,mfh,sr31_std,6.779411765
C-WEU-FIN,Zone_6A Cold Humid,rur,mfh,sr32_low,6.779411765
C-WEU-FIN,Zone_6A Cold Humid,rur,sfh,s1,0.720588235
C-WEU-FIN,Zone_6A Cold Humid,rur,sfh,s2,1.029411765
C-WEU-FIN,Zone_6A Cold Humid,rur,sfh,s3,2.887254902
C-WEU-FIN,Zone_6A Cold Humid,rur,sfh,s51_std,3.946078431
C-WEU-FIN,Zone_6A Cold Humid,rur,sfh,s52_low,7.318627451
C-WEU-FIN,Zone_6A Cold Humid,rur,sfh,sr11_std,0.720588235
C-WEU-FIN,Zone_6A Cold Humid,rur,sfh,sr12_low,0.720588235
C-WEU-FIN,Zone_6A Cold Humid,rur,sfh,sr21_std,1.029411765
C-WEU-FIN,Zone_6A Cold Humid,rur,sfh,sr22_low,1.029411765
C-WEU-FIN,Zone_6A Cold Humid,rur,sfh,sr31_std,2.887254902
C-WEU-FIN,Zone_6A Cold Humid,rur,sfh,sr32_low,2.887254902
C-WEU-FIN,Zone_6A Cold Humid,urb,inf,ns,0.720588235
C-WEU-FIN,Zone_6A Cold Humid,urb,mfh,s1,1.960784314
C-WEU-FIN,Zone_6A Cold Humid,urb,mfh,s2,3.406862745
C-WEU-FIN,Zone_6A Cold Humid,urb,mfh,s3,6.779411765
C-WEU-FIN,Zone_6A Cold Humid,urb,mfh,s51_std,8.56372549
C-WEU-FIN,Zone_6A Cold Humid,urb,mfh,s52_low,12.80882353
C-WEU-FIN,Zone_6A Cold Humid,urb,mfh,sr11_std,1.960784314
C-WEU-FIN,Zone_6A Cold Humid,urb,mfh,sr12_low,1.960784314
C-WEU-FIN,Zone_6A Cold Humid,urb,mfh,sr21_std,3.406862745
C-WEU-FIN,Zone_6A Cold Humid,urb,mfh,sr22_low,3.406862745
C-WEU-FIN,Zone_6A Cold Humid,urb,mfh,sr31_std,6.779411765
C-WEU-FIN,Zone_6A Cold Humid,urb,mfh,sr32_low,6.779411765
C-WEU-FIN,Zone_6A Cold Humid,urb,sfh,s1,0.720588235
C-WEU-FIN,Zone_6A Cold Humid,urb,sfh,s2,1.029411765
C-WEU-FIN,Zone_6A Cold Humid,urb,sfh,s3,2.887254902
C-WEU-FIN,Zone_6A Cold Humid,urb,sfh,s51_std,3.946078431
C-WEU-FIN,Zone_6A Cold Humid,urb,sfh,s52_low,7.318627451
C-WEU-FIN,Zone_6A Cold Humid,urb,sfh,sr11_std,0.720588235
C-WEU-FIN,Zone_6A Cold Humid,urb,sfh,sr12_low,0.720588235
C-WEU-FIN,Zone_6A Cold Humid,urb,sfh,sr21_std,1.029411765
C-WEU-FIN,Zone_6A Cold Humid,urb,sfh,sr22_low,1.029411765
C-WEU-FIN,Zone_6A Cold Humid,urb,sfh,sr31_std,2.887254902
C-WEU-FIN,Zone_6A Cold Humid,urb,sfh,sr32_low,2.887254902
C-WEU-FIN,Zone_7A Very cold Humid,rur,inf,ns,1.083333333
C-WEU-FIN,Zone_7A Very cold Humid,rur,mfh,s1,1.869402985
C-WEU-FIN,Zone_7A Very cold Humid,rur,mfh,s2,2.651741294
C-WEU-FIN,Zone_7A Very cold Humid,rur,mfh,s3,5.165422886
C-WEU-FIN,Zone_7A Very cold Humid,rur,mfh,s51_std,6.747512438
C-WEU-FIN,Zone_7A Very cold Humid,rur,mfh,s52_low,11.03731343
C-WEU-FIN,Zone_7A Very cold Humid,rur,mfh,sr11_std,1.869402985
C-WEU-FIN,Zone_7A Very cold Humid,rur,mfh,sr12_low,1.869402985
C-WEU-FIN,Zone_7A Very cold Humid,rur,mfh,sr21_std,2.651741294
C-WEU-FIN,Zone_7A Very cold Humid,rur,mfh,sr22_low,2.651741294
C-WEU-FIN,Zone_7A Very cold Humid,rur,mfh,sr31_std,5.165422886
C-WEU-FIN,Zone_7A Very cold Humid,rur,mfh,sr32_low,5.165422886
C-WEU-FIN,Zone_7A Very cold Humid,rur,sfh,s1,1.083333333
C-WEU-FIN,Zone_7A Very cold Humid,rur,sfh,s2,1.313432836
C-WEU-FIN,Zone_7A Very cold Humid,rur,sfh,s3,2.292288557
C-WEU-FIN,Zone_7A Very cold Humid,rur,sfh,s51_std,3.02238806
C-WEU-FIN,Zone_7A Very cold Humid,rur,sfh,s52_low,5.686567164
C-WEU-FIN,Zone_7A Very cold Humid,rur,sfh,sr11_std,1.083333333
C-WEU-FIN,Zone_7A Very cold Humid,rur,sfh,sr12_low,1.083333333
C-WEU-FIN,Zone_7A Very cold Humid,rur,sfh,sr21_std,1.313432836
C-WEU-FIN,Zone_7A Very cold Humid,rur,sfh,sr22_low,1.313432836
C-WEU-FIN,Zone_7A Very cold Humid,rur,sfh,sr31_std,2.292288557
C-WEU-FIN,Zone_7A Very cold Humid,rur,sfh,sr32_low,2.292288557
C-WEU-FIN,Zone_7A Very cold Humid,urb,inf,ns,1.083333333
C-WEU-FIN,Zone_7A Very cold Humid,urb,mfh,s1,1.869402985
C-WEU-FIN,Zone_7A Very cold Humid,urb,mfh,s2,2.651741294
C-WEU-FIN,Zone_7A Very cold Humid,urb,mfh,s3,5.165422886
C-WEU-FIN,Zone_7A Very cold Humid,urb,mfh,s51_std,6.747512438
C-WEU-FIN,Zone_7A Very cold Humid,urb,mfh,s52_low,11.03731343
C-WEU-FIN,Zone_7A Very cold Humid,urb,mfh,sr11_std,1.869402985
C-WEU-FIN,Zone_7A Very cold Humid,urb,mfh,sr12_low,1.869402985
C-WEU-FIN,Zone_7A Very cold Humid,urb,mfh,sr21_std,2.651741294
C-WEU-FIN,Zone_7A Very cold Humid,urb,mfh,sr22_low,2.651741294
C-WEU-FIN,Zone_7A Very cold Humid,urb,mfh,sr31_std,5.165422886
C-WEU-FIN,Zone_7A Very cold Humid,urb,mfh,sr32_low,5.165422886
C-WEU-FIN,Zone_7A Very cold Humid,urb,sfh,s1,1.083333333
C-WEU-FIN,Zone_7A Very cold Humid,urb,sfh,s2,1.313432836
C-WEU-FIN,Zone_7A Very cold Humid,urb,sfh,s3,2.292288557
C-WEU-FIN,Zone_7A Very cold Humid,urb,sfh,s51_std,3.02238806
C-WEU-FIN,Zone_7A Very cold Humid,urb,sfh,s52_low,5.686567164
C-WEU-FIN,Zone_7A Very cold Humid,urb,sfh,sr11_std,1.083333333
C-WEU-FIN,Zone_7A Very cold Humid,urb,sfh,sr12_low,1.083333333
C-WEU-FIN,Zone_7A Very cold Humid,urb,sfh,sr21_std,1.313432836
C-WEU-FIN,Zone_7A Very cold Humid,urb,sfh,sr22_low,1.313432836
C-WEU-FIN,Zone_7A Very cold Humid,urb,sfh,sr31_std,2.292288557
C-WEU-FIN,Zone_7A Very cold Humid,urb,sfh,sr32_low,2.292288557
C-WEU-FRA,Zone_0A Extremely hot Humid,rur,inf,ns,0.18553899397474471
C-WEU-FRA,Zone_0A Extremely hot Humid,rur,mfh,s1,0.10982786796009557
C-WEU-FRA,Zone_0A Extremely hot Humid,rur,mfh,s2,0.12681613605705833
C-WEU-FRA,Zone_0A Extremely hot Humid,rur,mfh,s3,0.1675459177314111
C-WEU-FRA,Zone_0A Extremely hot Humid,rur,mfh,s51_std,0.18413693608939258
C-WEU-FRA,Zone_0A Extremely hot Humid,rur,mfh,s52_low,0.21201452044707847
C-WEU-FRA,Zone_0A Extremely hot Humid,rur,mfh,sr11_std,0.10982786796009557
C-WEU-FRA,Zone_0A Extremely hot Humid,rur,mfh,sr12_low,0.10982786796009557
C-WEU-FRA,Zone_0A Extremely hot Humid,rur,mfh,sr21_std,0.12681613605705833
C-WEU-FRA,Zone_0A Extremely hot Humid,rur,mfh,sr22_low,0.12681613605705833
C-WEU-FRA,Zone_0A Extremely hot Humid,rur,mfh,sr31_std,0.1675459177314111
C-WEU-FRA,Zone_0A Extremely hot Humid,rur,mfh,sr32_low,0.1675459177314111
C-WEU-FRA,Zone_0A Extremely hot Humid,rur,sfh,s1,0.09276949698737236
C-WEU-FRA,Zone_0A Extremely hot Humid,rur,sfh,s2,0.09844783144566827
C-WEU-FRA,Zone_0A Extremely hot Humid,rur,sfh,s3,0.11987594950605822
C-WEU-FRA,Zone_0A Extremely hot Humid,rur,sfh,s51_std,0.13527521864709596
C-WEU-FRA,Zone_0A Extremely hot Humid,rur,sfh,s52_low,0.17324761982866949
C-WEU-FRA,Zone_0A Extremely hot Humid,rur,sfh,sr11_std,0.09276949698737236
C-WEU-FRA,Zone_0A Extremely hot Humid,rur,sfh,sr12_low,0.09276949698737236
C-WEU-FRA,Zone_0A Extremely hot Humid,rur,sfh,sr21_std,0.09844783144566827
C-WEU-FRA,Zone_0A Extremely hot Humid,rur,sfh,sr22_low,0.09844783144566827
C-WEU-FRA,Zone_0A Extremely hot Humid,rur,sfh,sr31_std,0.11987594950605822
C-WEU-FRA,Zone_0A Extremely hot Humid,rur,sfh,sr32_low,0.11987594950605822
C-WEU-FRA,Zone_0A Extremely hot Humid,urb,inf,ns,0.18244573745474985
C-WEU-FRA,Zone_0A Extremely hot Humid,urb,mfh,s1,0.10799684709829795
C-WEU-FRA,Zone_0A Extremely hot Humid,urb,mfh,s2,0.12470189132986935
C-WEU-FRA,Zone_0A Extremely hot Humid,urb,mfh,s3,0.16475263696967668
C-WEU-FRA,Zone_0A Extremely hot Humid,urb,mfh,s51_std,0.18106705430374528
C-WEU-FRA,Zone_0A Extremely hot Humid,urb,mfh,s52_low,0.20847987102564322
C-WEU-FRA,Zone_0A Extremely hot Humid,urb,mfh,sr11_std,0.10799684709829795
C-WEU-FRA,Zone_0A Extremely hot Humid,urb,mfh,sr12_low,0.10799684709829795
C-WEU-FRA,Zone_0A Extremely hot Humid,urb,mfh,sr21_std,0.12470189132986935
C-WEU-FRA,Zone_0A Extremely hot Humid,urb,mfh,sr22_low,0.12470189132986935
C-WEU-FRA,Zone_0A Extremely hot Humid,urb,mfh,sr31_std,0.16475263696967668
C-WEU-FRA,Zone_0A Extremely hot Humid,urb,mfh,sr32_low,0.16475263696967668
C-WEU-FRA,Zone_0A Extremely hot Humid,urb,sfh,s1,0.09122286872737492
C-WEU-FRA,Zone_0A Extremely hot Humid,urb,sfh,s2,0.09680653551118605
C-WEU-FRA,Zone_0A Extremely hot Humid,urb,sfh,s3,0.11787740971419827
C-WEU-FRA,Zone_0A Extremely hot Humid,urb,sfh,s51_std,0.13301994635575856
C-WEU-FRA,Zone_0A Extremely hot Humid,urb,sfh,s52_low,0.17035928181341878
C-WEU-FRA,Zone_0A Extremely hot Humid,urb,sfh,sr11_std,0.09122286872737492
C-WEU-FRA,Zone_0A Extremely hot Humid,urb,sfh,sr12_low,0.09122286872737492
C-WEU-FRA,Zone_0A Extremely hot Humid,urb,sfh,sr21_std,0.09680653551118605
C-WEU-FRA,Zone_0A Extremely hot Humid,urb,sfh,sr22_low,0.09680653551118605
C-WEU-FRA,Zone_0A Extremely hot Humid,urb,sfh,sr31_std,0.11787740971419827
C-WEU-FRA,Zone_0A Extremely hot Humid,urb,sfh,sr32_low,0.11787740971419827
C-WEU-FRA,Zone_1A Very hot Humid,rur,inf,ns,0.6623651250297107
C-WEU-FRA,Zone_1A Very hot Humid,rur,mfh,s1,0.392080111758272
C-WEU-FRA,Zone_1A Very hot Humid,rur,mfh,s2,0.45272739716726074
C-WEU-FRA,Zone_1A Very hot Humid,rur,mfh,s3,0.5981307237307198
C-WEU-FRA,Zone_1A Very hot Humid,rur,mfh,s51_std,0.6573598470197601
C-WEU-FRA,Zone_1A Very hot Humid,rur,mfh,s52_low,0.7568814583696544
C-WEU-FRA,Zone_1A Very hot Humid,rur,mfh,sr11_std,0.392080111758272
C-WEU-FRA,Zone_1A Very hot Humid,rur,mfh,sr12_low,0.392080111758272
C-WEU-FRA,Zone_1A Very hot Humid,rur,mfh,sr21_std,0.45272739716726074
C-WEU-FRA,Zone_1A Very hot Humid,rur,mfh,sr22_low,0.45272739716726074
C-WEU-FRA,Zone_1A Very hot Humid,rur,mfh,sr31_std,0.5981307237307198
C-WEU-FRA,Zone_1A Very hot Humid,rur,mfh,sr32_low,0.5981307237307198
C-WEU-FRA,Zone_1A Very hot Humid,rur,sfh,s1,0.33118256251485534
C-WEU-FRA,Zone_1A Very hot Humid,rur,sfh,s2,0.351453938535907
C-WEU-FRA,Zone_1A Very hot Humid,rur,sfh,s3,0.42795127095193575
C-WEU-FRA,Zone_1A Very hot Humid,rur,sfh,s51_std,0.48292590788113043
C-WEU-FRA,Zone_1A Very hot Humid,rur,sfh,s52_low,0.6184855210788547
C-WEU-FRA,Zone_1A Very hot Humid,rur,sfh,sr11_std,0.33118256251485534
C-WEU-FRA,Zone_1A Very hot Humid,rur,sfh,sr12_low,0.33118256251485534
C-WEU-FRA,Zone_1A Very hot Humid,rur,sfh,sr21_std,0.351453938535907
C-WEU-FRA,Zone_1A Very hot Humid,rur,sfh,sr22_low,0.351453938535907
C-WEU-FRA,Zone_1A Very hot Humid,rur,sfh,sr31_std,0.42795127095193575
C-WEU-FRA,Zone_1A Very hot Humid,rur,sfh,sr32_low,0.42795127095193575
C-WEU-FRA,Zone_1A Very hot Humid,urb,inf,ns,0.6513223506903493
C-WEU-FRA,Zone_1A Very hot Humid,urb,mfh,s1,0.38554345692321557
C-WEU-FRA,Zone_1A Very hot Humid,urb,mfh,s2,0.44517964699859014
C-WEU-FRA,Zone_1A Very hot Humid,urb,mfh,s3,0.5881588481623904
C-WEU-FRA,Zone_1A Very hot Humid,urb,mfh,s51_std,0.6464005193376592
C-WEU-FRA,Zone_1A Very hot Humid,urb,mfh,s52_low,0.7442629329814888
C-WEU-FRA,Zone_1A Very hot Humid,urb,mfh,sr11_std,0.38554345692321557
C-WEU-FRA,Zone_1A Very hot Humid,urb,mfh,sr12_low,0.38554345692321557
C-WEU-FRA,Zone_1A Very hot Humid,urb,mfh,sr21_std,0.44517964699859014
C-WEU-FRA,Zone_1A Very hot Humid,urb,mfh,sr22_low,0.44517964699859014
C-WEU-FRA,Zone_1A Very hot Humid,urb,mfh,sr31_std,0.5881588481623904
C-WEU-FRA,Zone_1A Very hot Humid,urb,mfh,sr32_low,0.5881588481623904
C-WEU-FRA,Zone_1A Very hot Humid,urb,sfh,s1,0.32566117534517464
C-WEU-FRA,Zone_1A Very hot Humid,urb,sfh,s2,0.3455945924029751
C-WEU-FRA,Zone_1A Very hot Humid,urb,sfh,s3,0.420816581737806
C-WEU-FRA,Zone_1A Very hot Humid,urb,sfh,s51_std,0.4748746962127574
C-WEU-FRA,Zone_1A Very hot Humid,urb,sfh,s52_low,0.6081742957692041
C-WEU-FRA,Zone_1A Very hot Humid,urb,sfh,sr11_std,0.32566117534517464
C-WEU-FRA,Zone_1A Very hot Humid,urb,sfh,sr12_low,0.32566117534517464
C-WEU-FRA,Zone_1A Very hot Humid,urb,sfh,sr21_std,0.3455945924029751
C-WEU-FRA,Zone_1A Very hot Humid,urb,sfh,sr22_low,0.3455945924029751
C-WEU-FRA,Zone_1A Very hot Humid,urb,sfh,sr31_std,0.420816581737806
C-WEU-FRA,Zone_1A Very hot Humid,urb,sfh,sr32_low,0.420816581737806
C-WEU-FRA,Zone_2A Hot Humid,rur,inf,ns,0.5094984474999555
C-WEU-FRA,Zone_2A Hot Humid,rur,mfh,s1,0.30159227997924576
C-WEU-FRA,Zone_2A Hot Humid,rur,mfh,s2,0.3482428305491908
C-WEU-FRA,Zone_2A Hot Humid,rur,mfh,s3,0.46008864843111574
C-WEU-FRA,Zone_2A Hot Humid,rur,mfh,s51_std,0.5056483332970662
C-WEU-FRA,Zone_2A Hot Humid,rur,mfh,s52_low,0.5822014375583913
C-WEU-FRA,Zone_2A Hot Humid,rur,mfh,sr11_std,0.30159227997924576
C-WEU-FRA,Zone_2A Hot Humid,rur,mfh,sr12_low,0.30159227997924576
C-WEU-FRA,Zone_2A Hot Humid,rur,mfh,sr21_std,0.3482428305491908
C-WEU-FRA,Zone_2A Hot Humid,rur,mfh,sr22_low,0.3482428305491908
C-WEU-FRA,Zone_2A Hot Humid,rur,mfh,sr31_std,0.46008864843111574
C-WEU-FRA,Zone_2A Hot Humid,rur,mfh,sr32_low,0.46008864843111574
C-WEU-FRA,Zone_2A Hot Humid,rur,sfh,s1,0.25474922374997777
C-WEU-FRA,Zone_2A Hot Humid,rur,sfh,s2,0.2703421863337949
C-WEU-FRA,Zone_2A Hot Humid,rur,sfh,s3,0.32918476519406686
C-WEU-FRA,Zone_2A Hot Humid,rur,sfh,s51_std,0.3714718529480334
C-WEU-FRA,Zone_2A Hot Humid,rur,sfh,s52_low,0.4757457796056861
C-WEU-FRA,Zone_2A Hot Humid,rur,sfh,sr11_std,0.25474922374997777
C-WEU-FRA,Zone_2A Hot Humid,rur,sfh,sr12_low,0.25474922374997777
C-WEU-FRA,Zone_2A Hot Humid,rur,sfh,sr21_std,0.2703421863337949
C-WEU-FRA,Zone_2A Hot Humid,rur,sfh,sr22_low,0.2703421863337949
C-WEU-FRA,Zone_2A Hot Humid,rur,sfh,sr31_std,0.32918476519406686
C-WEU-FRA,Zone_2A Hot Humid,rur,sfh,sr32_low,0.32918476519406686
C-WEU-FRA,Zone_2A Hot Humid,urb,inf,ns,0.5010042255528915
C-WEU-FRA,Zone_2A Hot Humid,urb,mfh,s1,0.29656421409163575
C-WEU-FRA,Zone_2A Hot Humid,urb,mfh,s2,0.34243701915040553
C-WEU-FRA,Zone_2A Hot Humid,urb,mfh,s3,0.45241817344875784
C-WEU-FRA,Zone_2A Hot Humid,urb,mfh,s51_std,0.49721829942500284
C-WEU-FRA,Zone_2A Hot Humid,urb,mfh,s52_low,0.5724951307918311
C-WEU-FRA,Zone_2A Hot Humid,urb,mfh,sr11_std,0.29656421409163575
C-WEU-FRA,Zone_2A Hot Humid,urb,mfh,sr12_low,0.29656421409163575
C-WEU-FRA,Zone_2A Hot Humid,urb,mfh,sr21_std,0.34243701915040553
C-WEU-FRA,Zone_2A Hot Humid,urb,mfh,sr22_low,0.34243701915040553
C-WEU-FRA,Zone_2A Hot Humid,urb,mfh,sr31_std,0.45241817344875784
C-WEU-FRA,Zone_2A Hot Humid,urb,mfh,sr32_low,0.45241817344875784
C-WEU-FRA,Zone_2A Hot Humid,urb,sfh,s1,0.25050211277644574
C-WEU-FRA,Zone_2A Hot Humid,urb,sfh,s2,0.26583511365547435
C-WEU-FRA,Zone_2A Hot Humid,urb,sfh,s3,0.32369668476738256
C-WEU-FRA,Zone_2A Hot Humid,urb,sfh,s51_std,0.36527877349605337
C-WEU-FRA,Zone_2A Hot Humid,urb,sfh,s52_low,0.46781427311694446
C-WEU-FRA,Zone_2A Hot Humid,urb,sfh,sr11_std,0.25050211277644574
C-WEU-FRA,Zone_2A Hot Humid,urb,sfh,sr12_low,0.25050211277644574
C-WEU-FRA,Zone_2A Hot Humid,urb,sfh,sr21_std,0.26583511365547435
C-WEU-FRA,Zone_2A Hot Humid,urb,sfh,sr22_low,0.26583511365547435
C-WEU-FRA,Zone_2A Hot Humid,urb,sfh,sr31_std,0.32369668476738256
C-WEU-FRA,Zone_2A Hot Humid,urb,sfh,sr32_low,0.32369668476738256
C-WEU-FRA,Zone_3A Warm Humid,rur,inf,ns,22.55681818
C-WEU-FRA,Zone_3A Warm Humid,rur,mfh,s1,26.70454545
C-WEU-FRA,Zone_3A Warm Humid,rur,mfh,s2,30.83522727
C-WEU-FRA,Zone_3A Warm Humid,rur,mfh,s3,40.73863636
C-WEU-FRA,Zone_3A Warm Humid,rur,mfh,s51_std,44.77272727
C-WEU-FRA,Zone_3A Warm Humid,rur,mfh,s52_low,51.55113636
C-WEU-FRA,Zone_3A Warm Humid,rur,mfh,sr11_std,26.70454545
C-WEU-FRA,Zone_3A Warm Humid,rur,mfh,sr12_low,26.70454545
C-WEU-FRA,Zone_3A Warm Humid,rur,mfh,sr21_std,30.83522727
C-WEU-FRA,Zone_3A Warm Humid,rur,mfh,sr22_low,30.83522727
C-WEU-FRA,Zone_3A Warm Humid,rur,mfh,sr31_std,40.73863636
C-WEU-FRA,Zone_3A Warm Humid,rur,mfh,sr32_low,40.73863636
C-WEU-FRA,Zone_3A Warm Humid,rur,sfh,s1,22.55681818
C-WEU-FRA,Zone_3A Warm Humid,rur,sfh,s2,23.9375
C-WEU-FRA,Zone_3A Warm Humid,rur,sfh,s3,29.14772727
C-WEU-FRA,Zone_3A Warm Humid,rur,sfh,s51_std,32.89204545
C-WEU-FRA,Zone_3A Warm Humid,rur,sfh,s52_low,42.125
C-WEU-FRA,Zone_3A Warm Humid,rur,sfh,sr11_std,22.55681818
C-WEU-FRA,Zone_3A Warm Humid,rur,sfh,sr12_low,22.55681818
C-WEU-FRA,Zone_3A Warm Humid,rur,sfh,sr21_std,23.9375
C-WEU-FRA,Zone_3A Warm Humid,rur,sfh,sr22_low,23.9375
C-WEU-FRA,Zone_3A Warm Humid,rur,sfh,sr31_std,29.14772727
C-WEU-FRA,Zone_3A Warm Humid,rur,sfh,sr32_low,29.14772727
C-WEU-FRA,Zone_3A Warm Humid,urb,inf,ns,22.55681818
C-WEU-FRA,Zone_3A Warm Humid,urb,mfh,s1,26.70454545
C-WEU-FRA,Zone_3A Warm Humid,urb,mfh,s2,30.83522727
C-WEU-FRA,Zone_3A Warm Humid,urb,mfh,s3,40.73863636
C-WEU-FRA,Zone_3A Warm Humid,urb,mfh,s51_std,44.77272727
C-WEU-FRA,Zone_3A Warm Humid,urb,mfh,s52_low,51.55113636
C-WEU-FRA,Zone_3A Warm Humid,urb,mfh,sr11_std,26.70454545
C-WEU-FRA,Zone_3A Warm Humid,urb,mfh,sr12_low,26.70454545
C-WEU-FRA,Zone_3A Warm Humid,urb,mfh,sr21_std,30.83522727
C-WEU-FRA,Zone_3A Warm Humid,urb,mfh,sr22_low,30.83522727
C-WEU-FRA,Zone_3A Warm Humid,urb,mfh,sr31_std,40.73863636
C-WEU-FRA,Zone_3A Warm Humid,urb,mfh,sr32_low,40.73863636
C-WEU-FRA,Zone_3A Warm Humid,urb,sfh,s1,22.55681818
C-WEU-FRA,Zone_3A Warm Humid,urb,sfh,s2,23.9375
C-WEU-FRA,Zone_3A Warm Humid,urb,sfh,s3,29.14772727
C-WEU-FRA,Zone_3A Warm Humid,urb,sfh,s51_std,32.89204545
C-WEU-FRA,Zone_3A Warm Humid,urb,sfh,s52_low,42.125
C-WEU-FRA,Zone_3A Warm Humid,urb,sfh,sr11_std,22.55681818
C-WEU-FRA,Zone_3A Warm Humid,urb,sfh,sr12_low,22.55681818
C-WEU-FRA,Zone_3A Warm Humid,urb,sfh,sr21_std,23.9375
C-WEU-FRA,Zone_3A Warm Humid,urb,sfh,sr22_low,23.9375
C-WEU-FRA,Zone_3A Warm Humid,urb,sfh,sr31_std,29.14772727
C-WEU-FRA,Zone_3A Warm Humid,urb,sfh,sr32_low,29.14772727
C-WEU-FRA,Zone_3C Warm Marine,rur,inf,ns,0.2906934220165301
C-WEU-FRA,Zone_3C Warm Marine,rur,mfh,s1,0.19240402008450308
C-WEU-FRA,Zone_3C Warm Marine,rur,mfh,s2,0.2354578182485255
C-WEU-FRA,Zone_3C Warm Marine,rur,mfh,s3,0.366331944684409
C-WEU-FRA,Zone_3C Warm Marine,rur,mfh,s51_std,0.4348412207157627
C-WEU-FRA,Zone_3C Warm Marine,rur,mfh,s52_low,0.5680917626397781
C-WEU-FRA,Zone_3C Warm Marine,rur,mfh,sr11_std,0.19240402008450308
C-WEU-FRA,Zone_3C Warm Marine,rur,mfh,sr12_low,0.19240402008450308
C-WEU-FRA,Zone_3C Warm Marine,rur,mfh,sr21_std,0.2354578182485255
C-WEU-FRA,Zone_3C Warm Marine,rur,mfh,sr22_low,0.2354578182485255
C-WEU-FRA,Zone_3C Warm Marine,rur,mfh,sr31_std,0.366331944684409
C-WEU-FRA,Zone_3C Warm Marine,rur,mfh,sr32_low,0.366331944684409
C-WEU-FRA,Zone_3C Warm Marine,rur,sfh,s1,0.14534671100826504
C-WEU-FRA,Zone_3C Warm Marine,rur,sfh,s2,0.1597978864507135
C-WEU-FRA,Zone_3C Warm Marine,rur,sfh,s3,0.21822345350495664
C-WEU-FRA,Zone_3C Warm Marine,rur,sfh,s51_std,0.25763769630988576
C-WEU-FRA,Zone_3C Warm Marine,rur,sfh,s52_low,0.38951805271327405
C-WEU-FRA,Zone_3C Warm Marine,rur,sfh,sr11_std,0.14534671100826504
C-WEU-FRA,Zone_3C Warm Marine,rur,sfh,sr12_low,0.14534671100826504
C-WEU-FRA,Zone_3C Warm Marine,rur,sfh,sr21_std,0.1597978864507135
C-WEU-FRA,Zone_3C Warm Marine,rur,sfh,sr22_low,0.1597978864507135
C-WEU-FRA,Zone_3C Warm Marine,rur,sfh,sr31_std,0.21822345350495664
C-WEU-FRA,Zone_3C Warm Marine,rur,sfh,sr32_low,0.21822345350495664
C-WEU-FRA,Zone_3C Warm Marine,urb,inf,ns,0.28584705897602214
C-WEU-FRA,Zone_3C Warm Marine,urb,mfh,s1,0.18919631168396805
C-WEU-FRA,Zone_3C Warm Marine,urb,mfh,s2,0.23153232843165095
C-WEU-FRA,Zone_3C Warm Marine,urb,mfh,s3,0.36022455640929696
C-WEU-FRA,Zone_3C Warm Marine,urb,mfh,s51_std,0.427591664100593
C-WEU-FRA,Zone_3C Warm Marine,urb,mfh,s52_low,0.5586206886024787
C-WEU-FRA,Zone_3C Warm Marine,urb,mfh,sr11_std,0.18919631168396805
C-WEU-FRA,Zone_3C Warm Marine,urb,mfh,sr12_low,0.18919631168396805
C-WEU-FRA,Zone_3C Warm Marine,urb,mfh,sr21_std,0.23153232843165095
C-WEU-FRA,Zone_3C Warm Marine,urb,mfh,sr22_low,0.23153232843165095
C-WEU-FRA,Zone_3C Warm Marine,urb,mfh,sr31_std,0.36022455640929696
C-WEU-FRA,Zone_3C Warm Marine,urb,mfh,sr32_low,0.36022455640929696
C-WEU-FRA,Zone_3C Warm Marine,urb,sfh,s1,0.14292352948801107
C-WEU-FRA,Zone_3C Warm Marine,urb,sfh,s2,0.15713377879573534
C-WEU-FRA,Zone_3C Warm Marine,urb,sfh,s3,0.21458529041099336
C-WEU-FRA,Zone_3C Warm Marine,urb,sfh,s51_std,0.2533424294938143
C-WEU-FRA,Zone_3C Warm Marine,urb,sfh,s52_low,0.38302411184187407
C-WEU-FRA,Zone_3C Warm Marine,urb,sfh,sr11_std,0.14292352948801107
C-WEU-FRA,Zone_3C Warm Marine,urb,sfh,sr12_low,0.14292352948801107
C-WEU-FRA,Zone_3C Warm Marine,urb,sfh,sr21_std,0.15713377879573534
C-WEU-FRA,Zone_3C Warm Marine,urb,sfh,sr22_low,0.15713377879573534
C-WEU-FRA,Zone_3C Warm Marine,urb,sfh,sr31_std,0.21458529041099336
C-WEU-FRA,Zone_3C Warm Marine,urb,sfh,sr32_low,0.21458529041099336
C-WEU-FRA,Zone_4A Mixed Humid,rur,inf,ns,8.444029851
C-WEU-FRA,Zone_4A Mixed Humid,rur,mfh,s1,11.1778607
C-WEU-FRA,Zone_4A Mixed Humid,rur,mfh,s2,13.67910448
C-WEU-FRA,Zone_4A Mixed Humid,rur,mfh,s3,21.28233831
C-WEU-FRA,Zone_4A Mixed Humid,rur,mfh,s51_std,25.26243781
C-WEU-FRA,Zone_4A Mixed Humid,rur,mfh,s52_low,33.00373134
C-WEU-FRA,Zone_4A Mixed Humid,rur,mfh,sr11_std,11.1778607
C-WEU-FRA,Zone_4A Mixed Humid,rur,mfh,sr12_low,11.1778607
C-WEU-FRA,Zone_4A Mixed Humid,rur,mfh,sr21_std,13.67910448
C-WEU-FRA,Zone_4A Mixed Humid,rur,mfh,sr22_low,13.67910448
C-WEU-FRA,Zone_4A Mixed Humid,rur,mfh,sr31_std,21.28233831
C-WEU-FRA,Zone_4A Mixed Humid,rur,mfh,sr32_low,21.28233831
C-WEU-FRA,Zone_4A Mixed Humid,rur,sfh,s1,8.444029851
C-WEU-FRA,Zone_4A Mixed Humid,rur,sfh,s2,9.28358209
C-WEU-FRA,Zone_4A Mixed Humid,rur,sfh,s3,12.6778607
C-WEU-FRA,Zone_4A Mixed Humid,rur,sfh,s51_std,14.96766169
C-WEU-FRA,Zone_4A Mixed Humid,rur,sfh,s52_low,22.62935323
C-WEU-FRA,Zone_4A Mixed Humid,rur,sfh,sr11_std,8.444029851
C-WEU-FRA,Zone_4A Mixed Humid,rur,sfh,sr12_low,8.444029851
C-WEU-FRA,Zone_4A Mixed Humid,rur,sfh,sr21_std,9.28358209
C-WEU-FRA,Zone_4A Mixed Humid,rur,sfh,sr22_low,9.28358209
C-WEU-FRA,Zone_4A Mixed Humid,rur,sfh,sr31_std,12.6778607
C-WEU-FRA,Zone_4A Mixed Humid,rur,sfh,sr32_low,12.6778607
C-WEU-FRA,Zone_4A Mixed Humid,urb,inf,ns,8.444029851
C-WEU-FRA,Zone_4A Mixed Humid,urb,mfh,s1,11.1778607
C-WEU-FRA,Zone_4A Mixed Humid,urb,mfh,s2,13.67910448
C-WEU-FRA,Zone_4A Mixed Humid,urb,mfh,s3,21.28233831
C-WEU-FRA,Zone_4A Mixed Humid,urb,mfh,s51_std,25.26243781
C-WEU-FRA,Zone_4A Mixed Humid,urb,mfh,s52_low,33.00373134
C-WEU-FRA,Zone_4A Mixed Humid,urb,mfh,sr11_std,11.1778607
C-WEU-FRA,Zone_4A Mixed Humid,urb,mfh,sr12_low,11.1778607
C-WEU-FRA,Zone_4A Mixed Humid,urb,mfh,sr21_std,13.67910448
C-WEU-FRA,Zone_4A Mixed Humid,urb,mfh,sr22_low,13.67910448
C-WEU-FRA,Zone_4A Mixed Humid,urb,mfh,sr31_std,21.28233831
C-WEU-FRA,Zone_4A Mixed Humid,urb,mfh,sr32_low,21.28233831
C-WEU-FRA,Zone_4A Mixed Humid,urb,sfh,s1,8.444029851
C-WEU-FRA,Zone_4A Mixed Humid,urb,sfh,s2,9.28358209
C-WEU-FRA,Zone_4A Mixed Humid,urb,sfh,s3,12.6778607
C-WEU-FRA,Zone_4A Mixed Humid,urb,sfh,s51_std,14.96766169
C-WEU-FRA,Zone_4A Mixed Humid,urb,sfh,s52_low,22.62935323
C-WEU-FRA,Zone_4A Mixed Humid,urb,sfh,sr11_std,8.444029851
C-WEU-FRA,Zone_4A Mixed Humid,urb,sfh,sr12_low,8.444029851
C-WEU-FRA,Zone_4A Mixed Humid,urb,sfh,sr21_std,9.28358209
C-WEU-FRA,Zone_4A Mixed Humid,urb,sfh,sr22_low,9.28358209
C-WEU-FRA,Zone_4A Mixed Humid,urb,sfh,sr31_std,12.6778607
C-WEU-FRA,Zone_4A Mixed Humid,urb,sfh,sr32_low,12.6778607
C-WEU-FRA,Zone_4C Mixed Marine,rur,inf,ns,0.09172366858580719
C-WEU-FRA,Zone_4C Mixed Marine,rur,mfh,s1,0.06071001693256205
C-WEU-FRA,Zone_4C Mixed Marine,rur,mfh,s2,0.07429495561732
C-WEU-FRA,Zone_4C Mixed Marine,rur,mfh,s3,0.11559019689381296
C-WEU-FRA,Zone_4C Mixed Marine,rur,mfh,s51_std,0.12262585758347491
C-WEU-FRA,Zone_4C Mixed Marine,rur,mfh,s52_low,0.1792522864852958
C-WEU-FRA,Zone_4C Mixed Marine,rur,mfh,sr11_std,0.06071001693256205
C-WEU-FRA,Zone_4C Mixed Marine,rur,mfh,sr12_low,0.06071001693256205
C-WEU-FRA,Zone_4C Mixed Marine,rur,mfh,sr21_std,0.07429495561732
C-WEU-FRA,Zone_4C Mixed Marine,rur,mfh,sr22_low,0.07429495561732
C-WEU-FRA,Zone_4C Mixed Marine,rur,mfh,sr31_std,0.07762194831522928
C-WEU-FRA,Zone_4C Mixed Marine,rur,mfh,sr32_low,0.07762194831522928
C-WEU-FRA,Zone_4C Mixed Marine,rur,sfh,s1,0.045861834292903594
C-WEU-FRA,Zone_4C Mixed Marine,rur,sfh,s2,0.04348377575154551
C-WEU-FRA,Zone_4C Mixed Marine,rur,sfh,s3,0.06885692695791629
C-WEU-FRA,Zone_4C Mixed Marine,rur,sfh,s51_std,0.08129346205224763
C-WEU-FRA,Zone_4C Mixed Marine,rur,sfh,s52_low,0.08339267624985519
C-WEU-FRA,Zone_4C Mixed Marine,rur,sfh,sr11_std,0.045861834292903594
C-WEU-FRA,Zone_4C Mixed Marine,rur,sfh,sr12_low,0.045861834292903594
C-WEU-FRA,Zone_4C Mixed Marine,rur,sfh,sr21_std,0.02960798320003045
C-WEU-FRA,Zone_4C Mixed Marine,rur,sfh,sr22_low,0.02960798320003045
C-WEU-FRA,Zone_4C Mixed Marine,rur,sfh,sr31_std,0.06885692695791629
C-WEU-FRA,Zone_4C Mixed Marine,rur,sfh,sr32_low,0.06885692695791629
C-WEU-FRA,Zone_4C Mixed Marine,urb,inf,ns,0.09019447609741041
C-WEU-FRA,Zone_4C Mixed Marine,urb,mfh,s1,0.05969787575575264
C-WEU-FRA,Zone_4C Mixed Marine,urb,mfh,s2,0.06397226370830383
C-WEU-FRA,Zone_4C Mixed Marine,urb,mfh,s3,0.08877293996691324
C-WEU-FRA,Zone_4C Mixed Marine,urb,mfh,s51_std,0.13491972338399313
C-WEU-FRA,Zone_4C Mixed Marine,urb,mfh,s52_low,0.17626384027236622
C-WEU-FRA,Zone_4C Mixed Marine,urb,mfh,sr11_std,0.05969787575575264
C-WEU-FRA,Zone_4C Mixed Marine,urb,mfh,sr12_low,0.05969787575575264
C-WEU-FRA,Zone_4C Mixed Marine,urb,mfh,sr21_std,0.06397226370830383
C-WEU-FRA,Zone_4C Mixed Marine,urb,mfh,sr22_low,0.07305632997349834
C-WEU-FRA,Zone_4C Mixed Marine,urb,mfh,sr31_std,0.07632785593832736
C-WEU-FRA,Zone_4C Mixed Marine,urb,mfh,sr32_low,0.07632785593832736
C-WEU-FRA,Zone_4C Mixed Marine,urb,sfh,s1,0.045097238048705204
C-WEU-FRA,Zone_4C Mixed Marine,urb,sfh,s2,0.04958105536036519
C-WEU-FRA,Zone_4C Mixed Marine,urb,sfh,s3,0.059084533803068884
C-WEU-FRA,Zone_4C Mixed Marine,urb,sfh,s51_std,0.07993815917957883
C-WEU-FRA,Zone_4C Mixed Marine,urb,sfh,s52_low,0.0820023758391244
C-WEU-FRA,Zone_4C Mixed Marine,urb,sfh,sr11_std,0.045097238048705204
C-WEU-FRA,Zone_4C Mixed Marine,urb,sfh,sr12_low,0.045097238048705204
C-WEU-FRA,Zone_4C Mixed Marine,urb,sfh,sr21_std,0.029114366817213088
C-WEU-FRA,Zone_4C Mixed Marine,urb,sfh,sr22_low,0.029114366817213088
C-WEU-FRA,Zone_4C Mixed Marine,urb,sfh,sr31_std,0.050460104985020085
C-WEU-FRA,Zone_4C Mixed Marine,urb,sfh,sr32_low,0.06770896267452493
C-WEU-FRA,Zone_5A Cool Humid,rur,inf,ns,5.041666667
C-WEU-FRA,Zone_5A Cool Humid,rur,mfh,s1,6.784722222
C-WEU-FRA,Zone_5A Cool Humid,rur,mfh,s2,8.576388889
C-WEU-FRA,Zone_5A Cool Humid,rur,mfh,s3,14.29166667
C-WEU-FRA,Zone_5A Cool Humid,rur,mfh,s51_std,17.20833333
C-WEU-FRA,Zone_5A Cool Humid,rur,mfh,s52_low,24.11111111
C-WEU-FRA,Zone_5A Cool Humid,rur,mfh,sr11_std,6.784722222
C-WEU-FRA,Zone_5A Cool Humid,rur,mfh,sr12_low,6.784722222
C-WEU-FRA,Zone_5A Cool Humid,rur,mfh,sr21_std,8.576388889
C-WEU-FRA,Zone_5A Cool Humid,rur,mfh,sr22_low,8.576388889
C-WEU-FRA,Zone_5A Cool Humid,rur,mfh,sr31_std,14.29166667
C-WEU-FRA,Zone_5A Cool Humid,rur,mfh,sr32_low,14.29166667
C-WEU-FRA,Zone_5A Cool Humid,rur,sfh,s1,5.041666667
C-WEU-FRA,Zone_5A Cool Humid,rur,sfh,s2,5.451388889
C-WEU-FRA,Zone_5A Cool Humid,rur,sfh,s3,7.833333333
C-WEU-FRA,Zone_5A Cool Humid,rur,sfh,s51_std,9.680555556
C-WEU-FRA,Zone_5A Cool Humid,rur,sfh,s52_low,15.35416667
C-WEU-FRA,Zone_5A Cool Humid,rur,sfh,sr11_std,5.041666667
C-WEU-FRA,Zone_5A Cool Humid,rur,sfh,sr12_low,5.041666667
C-WEU-FRA,Zone_5A Cool Humid,rur,sfh,sr21_std,5.451388889
C-WEU-FRA,Zone_5A Cool Humid,rur,sfh,sr22_low,5.451388889
C-WEU-FRA,Zone_5A Cool Humid,rur,sfh,sr31_std,7.833333333
C-WEU-FRA,Zone_5A Cool Humid,rur,sfh,sr32_low,7.833333333
C-WEU-FRA,Zone_5A Cool Humid,urb,inf,ns,5.041666667
C-WEU-FRA,Zone_5A Cool Humid,urb,mfh,s1,6.784722222
C-WEU-FRA,Zone_5A Cool Humid,urb,mfh,s2,8.576388889
C-WEU-FRA,Zone_5A Cool Humid,urb,mfh,s3,14.29166667
C-WEU-FRA,Zone_5A Cool Humid,urb,mfh,s51_std,17.20833333
C-WEU-FRA,Zone_5A Cool Humid,urb,mfh,s52_low,24.11111111
C-WEU-FRA,Zone_5A Cool Humid,urb,mfh,sr11_std,6.784722222
C-WEU-FRA,Zone_5A Cool Humid,urb,mfh,sr12_low,6.784722222
C-WEU-FRA,Zone_5A Cool Humid,urb,mfh,sr21_std,8.576388889
C-WEU-FRA,Zone_5A Cool Humid,urb,mfh,sr22_low,8.576388889
C-WEU-FRA,Zone_5A Cool Humid,urb,mfh,sr31_std,14.29166667
C-WEU-FRA,Zone_5A Cool Humid,urb,mfh,sr32_low,14.29166667
C-WEU-FRA,Zone_5A Cool Humid,urb,sfh,s1,5.041666667
C-WEU-FRA,Zone_5A Cool Humid,urb,sfh,s2,5.451388889
C-WEU-FRA,Zone_5A Cool Humid,urb,sfh,s3,7.833333333
C-WEU-FRA,Zone_5A Cool Humid,urb,sfh,s51_std,9.680555556
C-WEU-FRA,Zone_5A Cool Humid,urb,sfh,s52_low,15.35416667
C-WEU-FRA,Zone_5A Cool Humid,urb,sfh,sr11_std,5.041666667
C-WEU-FRA,Zone_5A Cool Humid,urb,sfh,sr12_low,5.041666667
C-WEU-FRA,Zone_5A Cool Humid,urb,sfh,sr21_std,5.451388889
C-WEU-FRA,Zone_5A Cool Humid,urb,sfh,sr22_low,5.451388889
C-WEU-FRA,Zone_5A Cool Humid,urb,sfh,sr31_std,7.833333333
C-WEU-FRA,Zone_5A Cool Humid,urb,sfh,sr32_low,7.833333333
C-WEU-FRA,Zone_7A Very cold Humid,rur,inf,ns,0.014485815811604519
C-WEU-FRA,Zone_7A Very cold Humid,rur,mfh,s1,0.012498381844277146
C-WEU-FRA,Zone_7A Very cold Humid,rur,mfh,s2,0.0177289089346889
C-WEU-FRA,Zone_7A Very cold Humid,rur,mfh,s3,0.034534783755608214
C-WEU-FRA,Zone_7A Very cold Humid,rur,mfh,s51_std,0.04511225662758395
C-WEU-FRA,Zone_7A Very cold Humid,rur,mfh,s52_low,0.07379284148948362
C-WEU-FRA,Zone_7A Very cold Humid,rur,mfh,sr11_std,0.012498381844277146
C-WEU-FRA,Zone_7A Very cold Humid,rur,mfh,sr12_low,0.012498381844277146
C-WEU-FRA,Zone_7A Very cold Humid,rur,mfh,sr21_std,0.0177289089346889
C-WEU-FRA,Zone_7A Very cold Humid,rur,mfh,sr22_low,0.0177289089346889
C-WEU-FRA,Zone_7A Very cold Humid,rur,mfh,sr31_std,0.034534783755608214
C-WEU-FRA,Zone_7A Very cold Humid,rur,mfh,sr32_low,0.034534783755608214
C-WEU-FRA,Zone_7A Very cold Humid,rur,sfh,s1,0.007242907905802259
C-WEU-FRA,Zone_7A Very cold Humid,rur,sfh,s2,0.008781298273705206
C-WEU-FRA,Zone_7A Very cold Humid,rur,sfh,s3,0.01532569383202128
C-WEU-FRA,Zone_7A Very cold Humid,rur,sfh,s51_std,0.02020696471526114
C-WEU-FRA,Zone_7A Very cold Humid,rur,sfh,s52_low,0.03801902987701809
C-WEU-FRA,Zone_7A Very cold Humid,rur,sfh,sr11_std,0.007242907905802259
C-WEU-FRA,Zone_7A Very cold Humid,rur,sfh,sr12_low,0.007242907905802259
C-WEU-FRA,Zone_7A Very cold Humid,rur,sfh,sr21_std,0.008781298273705206
C-WEU-FRA,Zone_7A Very cold Humid,rur,sfh,sr22_low,0.008781298273705206
C-WEU-FRA,Zone_7A Very cold Humid,rur,sfh,sr31_std,0.01532569383202128
C-WEU-FRA,Zone_7A Very cold Humid,rur,sfh,sr32_low,0.01532569383202128
C-WEU-FRA,Zone_7A Very cold Humid,urb,inf,ns,0.014244312161903873
C-WEU-FRA,Zone_7A Very cold Humid,urb,mfh,s1,0.012290012162513885
C-WEU-FRA,Zone_7A Very cold Humid,urb,mfh,s2,0.017433337303196263
C-WEU-FRA,Zone_7A Very cold Humid,urb,mfh,s3,0.03395902907067562
C-WEU-FRA,Zone_7A Very cold Humid,urb,mfh,s51_std,0.04436015714188802
C-WEU-FRA,Zone_7A Very cold Humid,urb,mfh,s52_low,0.07256258695820515
C-WEU-FRA,Zone_7A Very cold Humid,urb,mfh,sr11_std,0.012290012162513885
C-WEU-FRA,Zone_7A Very cold Humid,urb,mfh,sr12_low,0.012290012162513885
C-WEU-FRA,Zone_7A Very cold Humid,urb,mfh,sr21_std,0.017433337303196263
C-WEU-FRA,Zone_7A Very cold Humid,urb,mfh,sr22_low,0.017433337303196263
C-WEU-FRA,Zone_7A Very cold Humid,urb,mfh,sr31_std,0.03395902907067562
C-WEU-FRA,Zone_7A Very cold Humid,urb,mfh,sr32_low,0.03395902907067562
C-WEU-FRA,Zone_7A Very cold Humid,urb,sfh,s1,0.007122156080951936
C-WEU-FRA,Zone_7A Very cold Humid,urb,sfh,s2,0.008634898815794738
C-WEU-FRA,Zone_7A Very cold Humid,urb,sfh,s3,0.01507018796043186
C-WEU-FRA,Zone_7A Very cold Humid,urb,sfh,s51_std,0.01987007960008534
C-WEU-FRA,Zone_7A Very cold Humid,urb,sfh,s52_low,0.03738518677195649
C-WEU-FRA,Zone_7A Very cold Humid,urb,sfh,sr11_std,0.007122156080951936
C-WEU-FRA,Zone_7A Very cold Humid,urb,sfh,sr12_low,0.007122156080951936
C-WEU-FRA,Zone_7A Very cold Humid,urb,sfh,sr21_std,0.008634898815794738
C-WEU-FRA,Zone_7A Very cold Humid,urb,sfh,sr22_low,0.008634898815794738
C-WEU-FRA,Zone_7A Very cold Humid,urb,sfh,sr31_std,0.01507018796043186
C-WEU-FRA,Zone_7A Very cold Humid,urb,sfh,sr32_low,0.01507018796043186
C-WEU-GRC,Zone_3A Warm Humid,rur,inf,ns,56.8
C-WEU-GRC,Zone_3A Warm Humid,rur,mfh,s1,60.61363636
C-WEU-GRC,Zone_3A Warm Humid,rur,mfh,s2,63.60227273
C-WEU-GRC,Zone_3A Warm Humid,rur,mfh,s3,69.54090909
C-WEU-GRC,Zone_3A Warm Humid,rur,mfh,s51_std,72.45
C-WEU-GRC,Zone_3A Warm Humid,rur,mfh,s52_low,77.925
C-WEU-GRC,Zone_3A Warm Humid,rur,mfh,sr11_std,60.61363636
C-WEU-GRC,Zone_3A Warm Humid,rur,mfh,sr12_low,60.61363636
C-WEU-GRC,Zone_3A Warm Humid,rur,mfh,sr21_std,63.60227273
C-WEU-GRC,Zone_3A Warm Humid,rur,mfh,sr22_low,63.60227273
C-WEU-GRC,Zone_3A Warm Humid,rur,mfh,sr31_std,69.54090909
C-WEU-GRC,Zone_3A Warm Humid,rur,mfh,sr32_low,69.54090909
C-WEU-GRC,Zone_3A Warm Humid,rur,sfh,s1,56.8
C-WEU-GRC,Zone_3A Warm Humid,rur,sfh,s2,58.14772727
C-WEU-GRC,Zone_3A Warm Humid,rur,sfh,s3,62.44545455
C-WEU-GRC,Zone_3A Warm Humid,rur,sfh,s51_std,64.82272727
C-WEU-GRC,Zone_3A Warm Humid,rur,sfh,s52_low,70.56363636
C-WEU-GRC,Zone_3A Warm Humid,rur,sfh,sr11_std,56.8
C-WEU-GRC,Zone_3A Warm Humid,rur,sfh,sr12_low,56.8
C-WEU-GRC,Zone_3A Warm Humid,rur,sfh,sr21_std,58.14772727
C-WEU-GRC,Zone_3A Warm Humid,rur,sfh,sr22_low,58.14772727
C-WEU-GRC,Zone_3A Warm Humid,rur,sfh,sr31_std,62.44545455
C-WEU-GRC,Zone_3A Warm Humid,rur,sfh,sr32_low,62.44545455
C-WEU-GRC,Zone_3A Warm Humid,urb,inf,ns,56.8
C-WEU-GRC,Zone_3A Warm Humid,urb,mfh,s1,60.61363636
C-WEU-GRC,Zone_3A Warm Humid,urb,mfh,s2,63.60227273
C-WEU-GRC,Zone_3A Warm Humid,urb,mfh,s3,69.54090909
C-WEU-GRC,Zone_3A Warm Humid,urb,mfh,s51_std,72.45
C-WEU-GRC,Zone_3A Warm Humid,urb,mfh,s52_low,77.925
C-WEU-GRC,Zone_3A Warm Humid,urb,mfh,sr11_std,60.61363636
C-WEU-GRC,Zone_3A Warm Humid,urb,mfh,sr12_low,60.61363636
C-WEU-GRC,Zone_3A Warm Humid,urb,mfh,sr21_std,63.60227273
C-WEU-GRC,Zone_3A Warm Humid,urb,mfh,sr22_low,63.60227273
C-WEU-GRC,Zone_3A Warm Humid,urb,mfh,sr31_std,69.54090909
C-WEU-GRC,Zone_3A Warm Humid,urb,mfh,sr32_low,69.54090909
C-WEU-GRC,Zone_3A Warm Humid,urb,sfh,s1,56.8
C-WEU-GRC,Zone_3A Warm Humid,urb,sfh,s2,58.14772727
C-WEU-GRC,Zone_3A Warm Humid,urb,sfh,s3,62.44545455
C-WEU-GRC,Zone_3A Warm Humid,urb,sfh,s51_std,64.82272727
C-WEU-GRC,Zone_3A Warm Humid,urb,sfh,s52_low,70.56363636
C-WEU-GRC,Zone_3A Warm Humid,urb,sfh,sr11_std,56.8
C-WEU-GRC,Zone_3A Warm Humid,urb,sfh,sr12_low,56.8
C-WEU-GRC,Zone_3A Warm Humid,urb,sfh,sr21_std,58.14772727
C-WEU-GRC,Zone_3A Warm Humid,urb,sfh,sr22_low,58.14772727
C-WEU-GRC,Zone_3A Warm Humid,urb,sfh,sr31_std,62.44545455
C-WEU-GRC,Zone_3A Warm Humid,urb,sfh,sr32_low,62.44545455
C-WEU-GRC,Zone_4A Mixed Humid,rur,inf,ns,35.55681818
C-WEU-GRC,Zone_4A Mixed Humid,rur,mfh,s1,41.25
C-WEU-GRC,Zone_4A Mixed Humid,rur,mfh,s2,45.90909091
C-WEU-GRC,Zone_4A Mixed Humid,rur,mfh,s3,55.10227273
C-WEU-GRC,Zone_4A Mixed Humid,rur,mfh,s51_std,58.77272727
C-WEU-GRC,Zone_4A Mixed Humid,rur,mfh,s52_low,64.30681818
C-WEU-GRC,Zone_4A Mixed Humid,rur,mfh,sr11_std,41.25
C-WEU-GRC,Zone_4A Mixed Humid,rur,mfh,sr12_low,41.25
C-WEU-GRC,Zone_4A Mixed Humid,rur,mfh,sr21_std,45.90909091
C-WEU-GRC,Zone_4A Mixed Humid,rur,mfh,sr22_low,45.90909091
C-WEU-GRC,Zone_4A Mixed Humid,rur,mfh,sr31_std,55.10227273
C-WEU-GRC,Zone_4A Mixed Humid,rur,mfh,sr32_low,55.10227273
C-WEU-GRC,Zone_4A Mixed Humid,rur,sfh,s1,35.55681818
C-WEU-GRC,Zone_4A Mixed Humid,rur,sfh,s2,37.57954545
C-WEU-GRC,Zone_4A Mixed Humid,rur,sfh,s3,44.25
C-WEU-GRC,Zone_4A Mixed Humid,rur,sfh,s51_std,48.07954545
C-WEU-GRC,Zone_4A Mixed Humid,rur,sfh,s52_low,56.375
C-WEU-GRC,Zone_4A Mixed Humid,rur,sfh,sr11_std,35.55681818
C-WEU-GRC,Zone_4A Mixed Humid,rur,sfh,sr12_low,35.55681818
C-WEU-GRC,Zone_4A Mixed Humid,rur,sfh,sr21_std,37.57954545
C-WEU-GRC,Zone_4A Mixed Humid,rur,sfh,sr22_low,37.57954545
C-WEU-GRC,Zone_4A Mixed Humid,rur,sfh,sr31_std,44.25
C-WEU-GRC,Zone_4A Mixed Humid,rur,sfh,sr32_low,44.25
C-WEU-GRC,Zone_4A Mixed Humid,urb,inf,ns,35.55681818
C-WEU-GRC,Zone_4A Mixed Humid,urb,mfh,s1,41.25
C-WEU-GRC,Zone_4A Mixed Humid,urb,mfh,s2,45.90909091
C-WEU-GRC,Zone_4A Mixed Humid,urb,mfh,s3,55.10227273
C-WEU-GRC,Zone_4A Mixed Humid,urb,mfh,s51_std,58.77272727
C-WEU-GRC,Zone_4A Mixed Humid,urb,mfh,s52_low,64.30681818
C-WEU-GRC,Zone_4A Mixed Humid,urb,mfh,sr11_std,41.25
C-WEU-GRC,Zone_4A Mixed Humid,urb,mfh,sr12_low,41.25
C-WEU-GRC,Zone_4A Mixed Humid,urb,mfh,sr21_std,45.90909091
C-WEU-GRC,Zone_4A Mixed Humid,urb,mfh,sr22_low,45.90909091
C-WEU-GRC,Zone_4A Mixed Humid,urb,mfh,sr31_std,55.10227273
C-WEU-GRC,Zone_4A Mixed Humid,urb,mfh,sr32_low,55.10227273
C-WEU-GRC,Zone_4A Mixed Humid,urb,sfh,s1,35.55681818
C-WEU-GRC,Zone_4A Mixed Humid,urb,sfh,s2,37.57954545
C-WEU-GRC,Zone_4A Mixed Humid,urb,sfh,s3,44.25
C-WEU-GRC,Zone_4A Mixed Humid,urb,sfh,s51_std,48.07954545
C-WEU-GRC,Zone_4A Mixed Humid,urb,sfh,s52_low,56.375
C-WEU-GRC,Zone_4A Mixed Humid,urb,sfh,sr11_std,35.55681818
C-WEU-GRC,Zone_4A Mixed Humid,urb,sfh,sr12_low,35.55681818
C-WEU-GRC,Zone_4A Mixed Humid,urb,sfh,sr21_std,37.57954545
C-WEU-GRC,Zone_4A Mixed Humid,urb,sfh,sr22_low,37.57954545
C-WEU-GRC,Zone_4A Mixed Humid,urb,sfh,sr31_std,44.25
C-WEU-GRC,Zone_4A Mixed Humid,urb,sfh,sr32_low,44.25
C-WEU-GRC,Zone_4C Mixed Marine,rur,inf,ns,0.5252166457120517
C-WEU-GRC,Zone_4C Mixed Marine,rur,mfh,s1,0.3046558683336909
C-WEU-GRC,Zone_4C Mixed Marine,rur,mfh,s2,0.3390660352871856
C-WEU-GRC,Zone_4C Mixed Marine,rur,mfh,s3,0.4069631695931638
C-WEU-GRC,Zone_4C Mixed Marine,rur,mfh,s51_std,0.4340716669280253
C-WEU-GRC,Zone_4C Mixed Marine,rur,mfh,s52_low,0.47494423108859823
C-WEU-GRC,Zone_4C Mixed Marine,rur,mfh,sr11_std,0.3046558683336909
C-WEU-GRC,Zone_4C Mixed Marine,rur,mfh,sr12_low,0.3046558683336909
C-WEU-GRC,Zone_4C Mixed Marine,rur,mfh,sr21_std,0.3390660352871856
C-WEU-GRC,Zone_4C Mixed Marine,rur,mfh,sr22_low,0.3390660352871856
C-WEU-GRC,Zone_4C Mixed Marine,rur,mfh,sr31_std,0.4069631695931638
C-WEU-GRC,Zone_4C Mixed Marine,rur,mfh,sr32_low,0.4069631695931638
C-WEU-GRC,Zone_4C Mixed Marine,rur,sfh,s1,0.26260832285602587
C-WEU-GRC,Zone_4C Mixed Marine,rur,sfh,s2,0.2775473709249734
C-WEU-GRC,Zone_4C Mixed Marine,rur,sfh,s3,0.3268126587579593
C-WEU-GRC,Zone_4C Mixed Marine,rur,sfh,s51_std,0.35509613740991286
C-WEU-GRC,Zone_4C Mixed Marine,rur,sfh,s52_low,0.4163630200560442
C-WEU-GRC,Zone_4C Mixed Marine,rur,sfh,sr11_std,0.26260832285602587
C-WEU-GRC,Zone_4C Mixed Marine,rur,sfh,sr12_low,0.26260832285602587
C-WEU-GRC,Zone_4C Mixed Marine,rur,sfh,sr21_std,0.2775473709249734
C-WEU-GRC,Zone_4C Mixed Marine,rur,sfh,sr22_low,0.2775473709249734
C-WEU-GRC,Zone_4C Mixed Marine,rur,sfh,sr31_std,0.3268126587579593
C-WEU-GRC,Zone_4C Mixed Marine,rur,sfh,sr32_low,0.3268126587579593
C-WEU-GRC,Zone_4C Mixed Marine,urb,inf,ns,0.7367582880562165
C-WEU-GRC,Zone_4C Mixed Marine,urb,mfh,s1,0.4273621901215759
C-WEU-GRC,Zone_4C Mixed Marine,urb,mfh,s2,0.4756317487948638
C-WEU-GRC,Zone_4C Mixed Marine,urb,mfh,s3,0.5708758292016772
C-WEU-GRC,Zone_4C Mixed Marine,urb,mfh,s51_std,0.6089028229218246
C-WEU-GRC,Zone_4C Mixed Marine,urb,mfh,s52_low,0.6662376401734489
C-WEU-GRC,Zone_4C Mixed Marine,urb,mfh,sr11_std,0.4273621901215759
C-WEU-GRC,Zone_4C Mixed Marine,urb,mfh,sr12_low,0.4273621901215759
C-WEU-GRC,Zone_4C Mixed Marine,urb,mfh,sr21_std,0.4756317487948638
C-WEU-GRC,Zone_4C Mixed Marine,urb,mfh,sr22_low,0.4756317487948638
C-WEU-GRC,Zone_4C Mixed Marine,urb,mfh,sr31_std,0.5708758292016772
C-WEU-GRC,Zone_4C Mixed Marine,urb,mfh,sr32_low,0.5708758292016772
C-WEU-GRC,Zone_4C Mixed Marine,urb,sfh,s1,0.36837914402810823
C-WEU-GRC,Zone_4C Mixed Marine,urb,sfh,s2,0.3893351962978255
C-WEU-GRC,Zone_4C Mixed Marine,urb,sfh,s3,0.4584430766758723
C-WEU-GRC,Zone_4C Mixed Marine,urb,sfh,s51_std,0.49811829923786294
C-WEU-GRC,Zone_4C Mixed Marine,urb,sfh,s52_low,0.5840616598328203
C-WEU-GRC,Zone_4C Mixed Marine,urb,sfh,sr11_std,0.36837914402810823
C-WEU-GRC,Zone_4C Mixed Marine,urb,sfh,sr12_low,0.36837914402810823
C-WEU-GRC,Zone_4C Mixed Marine,urb,sfh,sr21_std,0.3893351962978255
C-WEU-GRC,Zone_4C Mixed Marine,urb,sfh,sr22_low,0.3893351962978255
C-WEU-GRC,Zone_4C Mixed Marine,urb,sfh,sr31_std,0.4584430766758723
C-WEU-GRC,Zone_4C Mixed Marine,urb,sfh,sr32_low,0.4584430766758723
C-WEU-GRC,Zone_5A Cool Humid,rur,inf,ns,0.46213597707652443
C-WEU-GRC,Zone_5A Cool Humid,rur,mfh,s1,0.26806545172156676
C-WEU-GRC,Zone_5A Cool Humid,rur,mfh,s2,0.2983428167979545
C-WEU-GRC,Zone_5A Cool Humid,rur,mfh,s3,0.35808522740005866
C-WEU-GRC,Zone_5A Cool Humid,rur,mfh,s51_std,0.38193788326159983
C-WEU-GRC,Zone_5A Cool Humid,rur,mfh,s52_low,0.4179014851926875
C-WEU-GRC,Zone_5A Cool Humid,rur,mfh,sr11_std,0.26806545172156676
C-WEU-GRC,Zone_5A Cool Humid,rur,mfh,sr12_low,0.26806545172156676
C-WEU-GRC,Zone_5A Cool Humid,rur,mfh,sr21_std,0.2983428167979545
C-WEU-GRC,Zone_5A Cool Humid,rur,mfh,sr22_low,0.2983428167979545
C-WEU-GRC,Zone_5A Cool Humid,rur,mfh,sr31_std,0.35808522740005866
C-WEU-GRC,Zone_5A Cool Humid,rur,mfh,sr32_low,0.35808522740005866
C-WEU-GRC,Zone_5A Cool Humid,rur,sfh,s1,0.23106798853826221
C-WEU-GRC,Zone_5A Cool Humid,rur,sfh,s2,0.24421279579503993
C-WEU-GRC,Zone_5A Cool Humid,rur,sfh,s3,0.2875611209376807
C-WEU-GRC,Zone_5A Cool Humid,rur,sfh,s51_std,0.31244763805143877
C-WEU-GRC,Zone_5A Cool Humid,rur,sfh,s52_low,0.36635611735280793
C-WEU-GRC,Zone_5A Cool Humid,rur,sfh,sr11_std,0.23106798853826221
C-WEU-GRC,Zone_5A Cool Humid,rur,sfh,sr12_low,0.23106798853826221
C-WEU-GRC,Zone_5A Cool Humid,rur,sfh,sr21_std,0.24421279579503993
C-WEU-GRC,Zone_5A Cool Humid,rur,sfh,sr22_low,0.24421279579503993
C-WEU-GRC,Zone_5A Cool Humid,rur,sfh,sr31_std,0.2875611209376807
C-WEU-GRC,Zone_5A Cool Humid,rur,sfh,sr32_low,0.2875611209376807
C-WEU-GRC,Zone_5A Cool Humid,urb,inf,ns,0.6482706024263278
C-WEU-GRC,Zone_5A Cool Humid,urb,mfh,s1,0.37603424207860353
C-WEU-GRC,Zone_5A Cool Humid,urb,mfh,s2,0.4185064292087166
C-WEU-GRC,Zone_5A Cool Humid,urb,mfh,s3,0.5023113057656741
C-WEU-GRC,Zone_5A Cool Humid,urb,mfh,s51_std,0.5357711019119253
C-WEU-GRC,Zone_5A Cool Humid,urb,mfh,s52_low,0.5862197729649179
C-WEU-GRC,Zone_5A Cool Humid,urb,mfh,sr11_std,0.37603424207860353
C-WEU-GRC,Zone_5A Cool Humid,urb,mfh,sr12_low,0.37603424207860353
C-WEU-GRC,Zone_5A Cool Humid,urb,mfh,sr21_std,0.4185064292087166
C-WEU-GRC,Zone_5A Cool Humid,urb,mfh,sr22_low,0.4185064292087166
C-WEU-GRC,Zone_5A Cool Humid,urb,mfh,sr31_std,0.5023113057656741
C-WEU-GRC,Zone_5A Cool Humid,urb,mfh,sr32_low,0.5023113057656741
C-WEU-GRC,Zone_5A Cool Humid,urb,sfh,s1,0.3241353012131639
C-WEU-GRC,Zone_5A Cool Humid,urb,sfh,s2,0.34257444584119234
C-WEU-GRC,Zone_5A Cool Humid,urb,sfh,s3,0.4033821869570474
C-WEU-GRC,Zone_5A Cool Humid,urb,sfh,s51_std,0.438292252915746
C-WEU-GRC,Zone_5A Cool Humid,urb,sfh,s52_low,0.5139134641740914
C-WEU-GRC,Zone_5A Cool Humid,urb,sfh,sr11_std,0.3241353012131639
C-WEU-GRC,Zone_5A Cool Humid,urb,sfh,sr12_low,0.3241353012131639
C-WEU-GRC,Zone_5A Cool Humid,urb,sfh,sr21_std,0.34257444584119234
C-WEU-GRC,Zone_5A Cool Humid,urb,sfh,sr22_low,0.34257444584119234
C-WEU-GRC,Zone_5A Cool Humid,urb,sfh,sr31_std,0.4033821869570474
C-WEU-GRC,Zone_5A Cool Humid,urb,sfh,sr32_low,0.4033821869570474
C-WEU-GRC,Zone_5C Cool Marine,rur,inf,ns,0.012601851321507797
C-WEU-GRC,Zone_5C Cool Marine,rur,mfh,s1,0.04054838091173579
C-WEU-GRC,Zone_5C Cool Marine,rur,mfh,s2,0.0413069609099215
C-WEU-GRC,Zone_5C Cool Marine,rur,mfh,s3,0.13850667093303515
C-WEU-GRC,Zone_5C Cool Marine,rur,mfh,s51_std,0.040011072555404405
C-WEU-GRC,Zone_5C Cool Marine,rur,mfh,s52_low,0.1246683140347545
C-WEU-GRC,Zone_5C Cool Marine,rur,mfh,sr11_std,0.05152797770968734
C-WEU-GRC,Zone_5C Cool Marine,rur,mfh,sr12_low,0.05152797770968734
C-WEU-GRC,Zone_5C Cool Marine,rur,mfh,sr21_std,0.04243480522411982
C-WEU-GRC,Zone_5C Cool Marine,rur,mfh,sr22_low,0.0630827363407279
C-WEU-GRC,Zone_5C Cool Marine,rur,mfh,sr31_std,0.1351557460314891
C-WEU-GRC,Zone_5C Cool Marine,rur,mfh,sr32_low,0.13348028358071612
C-WEU-GRC,Zone_5C Cool Marine,rur,sfh,s1,0.006300925660753898
C-WEU-GRC,Zone_5C Cool Marine,rur,sfh,s2,0.0655930737867296
C-WEU-GRC,Zone_5C Cool Marine,rur,sfh,s3,0.06430182699749705
C-WEU-GRC,Zone_5C Cool Marine,rur,sfh,s51_std,0.11784718215972514
C-WEU-GRC,Zone_5C Cool Marine,rur,sfh,s52_low,0.1342590086822611
C-WEU-GRC,Zone_5C Cool Marine,rur,sfh,sr11_std,0.006300925660753898
C-WEU-GRC,Zone_5C Cool Marine,rur,sfh,sr12_low,0.07875059301419779
C-WEU-GRC,Zone_5C Cool Marine,rur,sfh,sr21_std,0.0655930737867296
C-WEU-GRC,Zone_5C Cool Marine,rur,sfh,sr22_low,0.07194043835974588
C-WEU-GRC,Zone_5C Cool Marine,rur,sfh,sr31_std,0.048277840408343535
C-WEU-GRC,Zone_5C Cool Marine,rur,sfh,sr32_low,0.04278383603350081
C-WEU-GRC,Zone_5C Cool Marine,urb,inf,ns,0.017677502192234934
C-WEU-GRC,Zone_5C Cool Marine,urb,mfh,s1,0.0667816744578022
C-WEU-GRC,Zone_5C Cool Marine,urb,mfh,s2,0.0579441760904962
C-WEU-GRC,Zone_5C Cool Marine,urb,mfh,s3,0.19194274921995613
C-WEU-GRC,Zone_5C Cool Marine,urb,mfh,s51_std,0.05612634245292819
C-WEU-GRC,Zone_5C Cool Marine,urb,mfh,s52_low,0.17488100267381354
C-WEU-GRC,Zone_5C Cool Marine,urb,mfh,sr11_std,0.07228191443346153
C-WEU-GRC,Zone_5C Cool Marine,urb,mfh,sr12_low,0.07228191443346153
C-WEU-GRC,Zone_5C Cool Marine,urb,mfh,sr21_std,0.05952628254676844
C-WEU-GRC,Zone_5C Cool Marine,urb,mfh,sr22_low,0.08849058614524027
C-WEU-GRC,Zone_5C Cool Marine,urb,mfh,sr31_std,0.18724217144119792
C-WEU-GRC,Zone_5C Cool Marine,urb,mfh,sr32_low,0.19194274921995613
C-WEU-GRC,Zone_5C Cool Marine,urb,sfh,s1,0.008838751096117467
C-WEU-GRC,Zone_5C Cool Marine,urb,sfh,s2,0.092012012844602
C-WEU-GRC,Zone_5C Cool Marine,urb,sfh,s3,0.09373285033853287
C-WEU-GRC,Zone_5C Cool Marine,urb,sfh,s51_std,0.16531252177382402
C-WEU-GRC,Zone_5C Cool Marine,urb,sfh,s52_low,0.13624045700295953
C-WEU-GRC,Zone_5C Cool Marine,urb,sfh,sr11_std,0.008838751096117467
C-WEU-GRC,Zone_5C Cool Marine,urb,sfh,sr12_low,0.11046898944699797
C-WEU-GRC,Zone_5C Cool Marine,urb,sfh,sr21_std,0.092012012844602
C-WEU-GRC,Zone_5C Cool Marine,urb,sfh,sr22_low,0.10091590706551752
C-WEU-GRC,Zone_5C Cool Marine,urb,sfh,sr31_std,0.08249386446132875
C-WEU-GRC,Zone_5C Cool Marine,urb,sfh,sr32_low,0.06001589258426029
C-WEU-IRL,Zone_4A Mixed Humid,rur,inf,ns,0.0
C-WEU-IRL,Zone_4A Mixed Humid,rur,mfh,s1,0.0
C-WEU-IRL,Zone_4A Mixed Humid,rur,mfh,s2,0.0
C-WEU-IRL,Zone_4A Mixed Humid,rur,mfh,s3,0.0033268963382072827
C-WEU-IRL,Zone_4A Mixed Humid,rur,mfh,s51_std,0.019961380956912828
C-WEU-IRL,Zone_4A Mixed Humid,rur,mfh,s52_low,0.17632552788250447
C-WEU-IRL,Zone_4A Mixed Humid,rur,mfh,sr11_std,0.0
C-WEU-IRL,Zone_4A Mixed Humid,rur,mfh,sr12_low,0.0
C-WEU-IRL,Zone_4A Mixed Humid,rur,mfh,sr21_std,0.0
C-WEU-IRL,Zone_4A Mixed Humid,rur,mfh,sr22_low,0.0
C-WEU-IRL,Zone_4A Mixed Humid,rur,mfh,sr31_std,0.0033268963382072827
C-WEU-IRL,Zone_4A Mixed Humid,rur,mfh,sr32_low,0.0033268963382072827
C-WEU-IRL,Zone_4A Mixed Humid,rur,sfh,s1,0.0
C-WEU-IRL,Zone_4A Mixed Humid,rur,sfh,s2,0.0
C-WEU-IRL,Zone_4A Mixed Humid,rur,sfh,s3,0.0
C-WEU-IRL,Zone_4A Mixed Humid,rur,sfh,s51_std,0.0
C-WEU-IRL,Zone_4A Mixed Humid,rur,sfh,s52_low,0.006653792676414565
C-WEU-IRL,Zone_4A Mixed Humid,rur,sfh,sr11_std,0.0
C-WEU-IRL,Zone_4A Mixed Humid,rur,sfh,sr12_low,0.0
C-WEU-IRL,Zone_4A Mixed Humid,rur,sfh,sr21_std,0.0
C-WEU-IRL,Zone_4A Mixed Humid,rur,sfh,sr22_low,0.0
C-WEU-IRL,Zone_4A Mixed Humid,rur,sfh,sr31_std,0.0
C-WEU-IRL,Zone_4A Mixed Humid,rur,sfh,sr32_low,0.0
C-WEU-IRL,Zone_4A Mixed Humid,urb,inf,ns,0.0
C-WEU-IRL,Zone_4A Mixed Humid,urb,mfh,s1,0.0
C-WEU-IRL,Zone_4A Mixed Humid,urb,mfh,s2,0.0
C-WEU-IRL,Zone_4A Mixed Humid,urb,mfh,s3,0.0033268963382072827
C-WEU-IRL,Zone_4A Mixed Humid,urb,mfh,s51_std,0.019961380956912828
C-WEU-IRL,Zone_4A Mixed Humid,urb,mfh,s52_low,0.17632552788250447
C-WEU-IRL,Zone_4A Mixed Humid,urb,mfh,sr11_std,0.0
C-WEU-IRL,Zone_4A Mixed Humid,urb,mfh,sr12_low,0.0
C-WEU-IRL,Zone_4A Mixed Humid,urb,mfh,sr21_std,0.0
C-WEU-IRL,Zone_4A Mixed Humid,urb,mfh,sr22_low,0.0
C-WEU-IRL,Zone_4A Mixed Humid,urb,mfh,sr31_std,0.0033268963382072827
C-WEU-IRL,Zone_4A Mixed Humid,urb,mfh,sr32_low,0.0033268963382072827
C-WEU-IRL,Zone_4A Mixed Humid,urb,sfh,s1,0.0
C-WEU-IRL,Zone_4A Mixed Humid,urb,sfh,s2,0.0
C-WEU-IRL,Zone_4A Mixed Humid,urb,sfh,s3,0.0
C-WEU-IRL,Zone_4A Mixed Humid,urb,sfh,s51_std,0.0
C-WEU-IRL,Zone_4A Mixed Humid,urb,sfh,s52_low,0.006653792676414565
C-WEU-IRL,Zone_4A Mixed Humid,urb,sfh,sr11_std,0.0
C-WEU-IRL,Zone_4A Mixed Humid,urb,sfh,sr12_low,0.0
C-WEU-IRL,Zone_4A Mixed Humid,urb,sfh,sr21_std,0.0
C-WEU-IRL,Zone_4A Mixed Humid,urb,sfh,sr22_low,0.0
C-WEU-IRL,Zone_4A Mixed Humid,urb,sfh,sr31_std,0.0
C-WEU-IRL,Zone_4A Mixed Humid,urb,sfh,sr32_low,0.0
C-WEU-IRL,Zone_5A Cool Humid,rur,inf,ns,0.0
C-WEU-IRL,Zone_5A Cool Humid,rur,mfh,s1,0.0
C-WEU-IRL,Zone_5A Cool Humid,rur,mfh,s2,0.0
C-WEU-IRL,Zone_5A Cool Humid,rur,mfh,s3,0.022727273
C-WEU-IRL,Zone_5A Cool Humid,rur,mfh,s51_std,0.136363636
C-WEU-IRL,Zone_5A Cool Humid,rur,mfh,s52_low,1.204545455
C-WEU-IRL,Zone_5A Cool Humid,rur,mfh,sr11_std,0.0
C-WEU-IRL,Zone_5A Cool Humid,rur,mfh,sr12_low,0.0
C-WEU-IRL,Zone_5A Cool Humid,rur,mfh,sr21_std,0.0
C-WEU-IRL,Zone_5A Cool Humid,rur,mfh,sr22_low,0.0
C-WEU-IRL,Zone_5A Cool Humid,rur,mfh,sr31_std,0.022727273
C-WEU-IRL,Zone_5A Cool Humid,rur,mfh,sr32_low,0.022727273
C-WEU-IRL,Zone_5A Cool Humid,rur,sfh,s1,0.0
C-WEU-IRL,Zone_5A Cool Humid,rur,sfh,s2,0.0
C-WEU-IRL,Zone_5A Cool Humid,rur,sfh,s3,0.0
C-WEU-IRL,Zone_5A Cool Humid,rur,sfh,s51_std,0.0
C-WEU-IRL,Zone_5A Cool Humid,rur,sfh,s52_low,0.045454545
C-WEU-IRL,Zone_5A Cool Humid,rur,sfh,sr11_std,0.0
C-WEU-IRL,Zone_5A Cool Humid,rur,sfh,sr12_low,0.0
C-WEU-IRL,Zone_5A Cool Humid,rur,sfh,sr21_std,0.0
C-WEU-IRL,Zone_5A Cool Humid,rur,sfh,sr22_low,0.0
C-WEU-IRL,Zone_5A Cool Humid,rur,sfh,sr31_std,0.0
C-WEU-IRL,Zone_5A Cool Humid,rur,sfh,sr32_low,0.0
C-WEU-IRL,Zone_5A Cool Humid,urb,inf,ns,0.0
C-WEU-IRL,Zone_5A Cool Humid,urb,mfh,s1,0.0
C-WEU-IRL,Zone_5A Cool Humid,urb,mfh,s2,0.0
C-WEU-IRL,Zone_5A Cool Humid,urb,mfh,s3,0.022727273
C-WEU-IRL,Zone_5A Cool Humid,urb,mfh,s51_std,0.136363636
C-WEU-IRL,Zone_5A Cool Humid,urb,mfh,s52_low,1.204545455
C-WEU-IRL,Zone_5A Cool Humid,urb,mfh,sr11_std,0.0
C-WEU-IRL,Zone_5A Cool Humid,urb,mfh,sr12_low,0.0
C-WEU-IRL,Zone_5A Cool Humid,urb,mfh,sr21_std,0.0
C-WEU-IRL,Zone_5A Cool Humid,urb,mfh,sr22_low,0.0
C-WEU-IRL,Zone_5A Cool Humid,urb,mfh,sr31_std,0.022727273
C-WEU-IRL,Zone_5A Cool Humid,urb,mfh,sr32_low,0.022727273
C-WEU-IRL,Zone_5A Cool Humid,urb,sfh,s1,0.0
C-WEU-IRL,Zone_5A Cool Humid,urb,sfh,s2,0.0
C-WEU-IRL,Zone_5A Cool Humid,urb,sfh,s3,0.0
C-WEU-IRL,Zone_5A Cool Humid,urb,sfh,s51_std,0.0
C-WEU-IRL,Zone_5A Cool Humid,urb,sfh,s52_low,0.045454545
C-WEU-IRL,Zone_5A Cool Humid,urb,sfh,sr11_std,0.0
C-WEU-IRL,Zone_5A Cool Humid,urb,sfh,sr12_low,0.0
C-WEU-IRL,Zone_5A Cool Humid,urb,sfh,sr21_std,0.0
C-WEU-IRL,Zone_5A Cool Humid,urb,sfh,sr22_low,0.0
C-WEU-IRL,Zone_5A Cool Humid,urb,sfh,sr31_std,0.0
C-WEU-IRL,Zone_5A Cool Humid,urb,sfh,sr32_low,0.0
C-WEU-ITA,Zone_3A Warm Humid,rur,inf,ns,49.75223214
C-WEU-ITA,Zone_3A Warm Humid,rur,mfh,s1,53.95089286
C-WEU-ITA,Zone_3A Warm Humid,rur,mfh,s2,57.35267857
C-WEU-ITA,Zone_3A Warm Humid,rur,mfh,s3,64.359375
C-WEU-ITA,Zone_3A Warm Humid,rur,mfh,s51_std,67.14508929
C-WEU-ITA,Zone_3A Warm Humid,rur,mfh,s52_low,72.13839286
C-WEU-ITA,Zone_3A Warm Humid,rur,mfh,sr11_std,53.95089286
C-WEU-ITA,Zone_3A Warm Humid,rur,mfh,sr12_low,53.95089286
C-WEU-ITA,Zone_3A Warm Humid,rur,mfh,sr21_std,57.35267857
C-WEU-ITA,Zone_3A Warm Humid,rur,mfh,sr22_low,57.35267857
C-WEU-ITA,Zone_3A Warm Humid,rur,mfh,sr31_std,64.359375
C-WEU-ITA,Zone_3A Warm Humid,rur,mfh,sr32_low,64.359375
C-WEU-ITA,Zone_3A Warm Humid,rur,sfh,s1,49.75223214
C-WEU-ITA,Zone_3A Warm Humid,rur,sfh,s2,51.22321429
C-WEU-ITA,Zone_3A Warm Humid,rur,sfh,s3,56.12053571
C-WEU-ITA,Zone_3A Warm Humid,rur,sfh,s51_std,58.859375
C-WEU-ITA,Zone_3A Warm Humid,rur,sfh,s52_low,65.39508929
C-WEU-ITA,Zone_3A Warm Humid,rur,sfh,sr11_std,49.75223214
C-WEU-ITA,Zone_3A Warm Humid,rur,sfh,sr12_low,49.75223214
C-WEU-ITA,Zone_3A Warm Humid,rur,sfh,sr21_std,51.22321429
C-WEU-ITA,Zone_3A Warm Humid,rur,sfh,sr22_low,51.22321429
C-WEU-ITA,Zone_3A Warm Humid,rur,sfh,sr31_std,56.12053571
C-WEU-ITA,Zone_3A Warm Humid,rur,sfh,sr32_low,56.12053571
C-WEU-ITA,Zone_3A Warm Humid,urb,inf,ns,49.75223214
C-WEU-ITA,Zone_3A Warm Humid,urb,mfh,s1,53.95089286
C-WEU-ITA,Zone_3A Warm Humid,urb,mfh,s2,57.35267857
C-WEU-ITA,Zone_3A Warm Humid,urb,mfh,s3,64.359375
C-WEU-ITA,Zone_3A Warm Humid,urb,mfh,s51_std,67.14508929
C-WEU-ITA,Zone_3A Warm Humid,urb,mfh,s52_low,72.13839286
C-WEU-ITA,Zone_3A Warm Humid,urb,mfh,sr11_std,53.95089286
C-WEU-ITA,Zone_3A Warm Humid,urb,mfh,sr12_low,53.95089286
C-WEU-ITA,Zone_3A Warm Humid,urb,mfh,sr21_std,57.35267857
C-WEU-ITA,Zone_3A Warm Humid,urb,mfh,sr22_low,57.35267857
C-WEU-ITA,Zone_3A Warm Humid,urb,mfh,sr31_std,64.359375
C-WEU-ITA,Zone_3A Warm Humid,urb,mfh,sr32_low,64.359375
C-WEU-ITA,Zone_3A Warm Humid,urb,sfh,s1,49.75223214
C-WEU-ITA,Zone_3A Warm Humid,urb,sfh,s2,51.22321429
C-WEU-ITA,Zone_3A Warm Humid,urb,sfh,s3,56.12053571
C-WEU-ITA,Zone_3A Warm Humid,urb,sfh,s51_std,58.859375
C-WEU-ITA,Zone_3A Warm Humid,urb,sfh,s52_low,65.39508929
C-WEU-ITA,Zone_3A Warm Humid,urb,sfh,sr11_std,49.75223214
C-WEU-ITA,Zone_3A Warm Humid,urb,sfh,sr12_low,49.75223214
C-WEU-ITA,Zone_3A Warm Humid,urb,sfh,sr21_std,51.22321429
C-WEU-ITA,Zone_3A Warm Humid,urb,sfh,sr22_low,51.22321429
C-WEU-ITA,Zone_3A Warm Humid,urb,sfh,sr31_std,56.12053571
C-WEU-ITA,Zone_3A Warm Humid,urb,sfh,sr32_low,56.12053571
C-WEU-ITA,Zone_4A Mixed Humid,rur,inf,ns,31.125
C-WEU-ITA,Zone_4A Mixed Humid,rur,mfh,s1,36.875
C-WEU-ITA,Zone_4A Mixed Humid,rur,mfh,s2,41.30625
C-WEU-ITA,Zone_4A Mixed Humid,rur,mfh,s3,50.94375
C-WEU-ITA,Zone_4A Mixed Humid,rur,mfh,s51_std,54.8625
C-WEU-ITA,Zone_4A Mixed Humid,rur,mfh,s52_low,61.225
C-WEU-ITA,Zone_4A Mixed Humid,rur,mfh,sr11_std,36.875
C-WEU-ITA,Zone_4A Mixed Humid,rur,mfh,sr12_low,36.875
C-WEU-ITA,Zone_4A Mixed Humid,rur,mfh,sr21_std,41.30625
C-WEU-ITA,Zone_4A Mixed Humid,rur,mfh,sr22_low,41.30625
C-WEU-ITA,Zone_4A Mixed Humid,rur,mfh,sr31_std,50.94375
C-WEU-ITA,Zone_4A Mixed Humid,rur,mfh,sr32_low,50.94375
C-WEU-ITA,Zone_4A Mixed Humid,rur,sfh,s1,31.125
C-WEU-ITA,Zone_4A Mixed Humid,rur,sfh,s2,32.9875
C-WEU-ITA,Zone_4A Mixed Humid,rur,sfh,s3,39.64375
C-WEU-ITA,Zone_4A Mixed Humid,rur,sfh,s51_std,43.36875
C-WEU-ITA,Zone_4A Mixed Humid,rur,sfh,s52_low,52.35625
C-WEU-ITA,Zone_4A Mixed Humid,rur,sfh,sr11_std,31.125
C-WEU-ITA,Zone_4A Mixed Humid,rur,sfh,sr12_low,31.125
C-WEU-ITA,Zone_4A Mixed Humid,rur,sfh,sr21_std,32.9875
C-WEU-ITA,Zone_4A Mixed Humid,rur,sfh,sr22_low,32.9875
C-WEU-ITA,Zone_4A Mixed Humid,rur,sfh,sr31_std,39.64375
C-WEU-ITA,Zone_4A Mixed Humid,rur,sfh,sr32_low,39.64375
C-WEU-ITA,Zone_4A Mixed Humid,urb,inf,ns,31.125
C-WEU-ITA,Zone_4A Mixed Humid,urb,mfh,s1,36.875
C-WEU-ITA,Zone_4A Mixed Humid,urb,mfh,s2,41.30625
C-WEU-ITA,Zone_4A Mixed Humid,urb,mfh,s3,50.94375
C-WEU-ITA,Zone_4A Mixed Humid,urb,mfh,s51_std,54.8625
C-WEU-ITA,Zone_4A Mixed Humid,urb,mfh,s52_low,61.225
C-WEU-ITA,Zone_4A Mixed Humid,urb,mfh,sr11_std,36.875
C-WEU-ITA,Zone_4A Mixed Humid,urb,mfh,sr12_low,36.875
C-WEU-ITA,Zone_4A Mixed Humid,urb,mfh,sr21_std,41.30625
C-WEU-ITA,Zone_4A Mixed Humid,urb,mfh,sr22_low,41.30625
C-WEU-ITA,Zone_4A Mixed Humid,urb,mfh,sr31_std,50.94375
C-WEU-ITA,Zone_4A Mixed Humid,urb,mfh,sr32_low,50.94375
C-WEU-ITA,Zone_4A Mixed Humid,urb,sfh,s1,31.125
C-WEU-ITA,Zone_4A Mixed Humid,urb,sfh,s2,32.9875
C-WEU-ITA,Zone_4A Mixed Humid,urb,sfh,s3,39.64375
C-WEU-ITA,Zone_4A Mixed Humid,urb,sfh,s51_std,43.36875
C-WEU-ITA,Zone_4A Mixed Humid,urb,sfh,s52_low,52.35625
C-WEU-ITA,Zone_4A Mixed Humid,urb,sfh,sr11_std,31.125
C-WEU-ITA,Zone_4A Mixed Humid,urb,sfh,sr12_low,31.125
C-WEU-ITA,Zone_4A Mixed Humid,urb,sfh,sr21_std,32.9875
C-WEU-ITA,Zone_4A Mixed Humid,urb,sfh,sr22_low,32.9875
C-WEU-ITA,Zone_4A Mixed Humid,urb,sfh,sr31_std,39.64375
C-WEU-ITA,Zone_4A Mixed Humid,urb,sfh,sr32_low,39.64375
C-WEU-ITA,Zone_4C Mixed Marine,rur,inf,ns,16.30555556
C-WEU-ITA,Zone_4C Mixed Marine,rur,mfh,s1,20.88888889
C-WEU-ITA,Zone_4C Mixed Marine,rur,mfh,s2,26.36111111
C-WEU-ITA,Zone_4C Mixed Marine,rur,mfh,s3,37.44444444
C-WEU-ITA,Zone_4C Mixed Marine,rur,mfh,s51_std,42.36111111
C-WEU-ITA,Zone_4C Mixed Marine,rur,mfh,s52_low,50.41666667
C-WEU-ITA,Zone_4C Mixed Marine,rur,mfh,sr11_std,20.88888889
C-WEU-ITA,Zone_4C Mixed Marine,rur,mfh,sr12_low,20.88888889
C-WEU-ITA,Zone_4C Mixed Marine,rur,mfh,sr21_std,26.36111111
C-WEU-ITA,Zone_4C Mixed Marine,rur,mfh,sr22_low,26.36111111
C-WEU-ITA,Zone_4C Mixed Marine,rur,mfh,sr31_std,37.44444444
C-WEU-ITA,Zone_4C Mixed Marine,rur,mfh,sr32_low,37.44444444
C-WEU-ITA,Zone_4C Mixed Marine,rur,sfh,s1,16.30555556
C-WEU-ITA,Zone_4C Mixed Marine,rur,sfh,s2,17.69444444
C-WEU-ITA,Zone_4C Mixed Marine,rur,sfh,s3,24.22222222
C-WEU-ITA,Zone_4C Mixed Marine,rur,sfh,s51_std,28.5
C-WEU-ITA,Zone_4C Mixed Marine,rur,sfh,s52_low,39.08333333
C-WEU-ITA,Zone_4C Mixed Marine,rur,sfh,sr11_std,16.30555556
C-WEU-ITA,Zone_4C Mixed Marine,rur,sfh,sr12_low,16.30555556
C-WEU-ITA,Zone_4C Mixed Marine,rur,sfh,sr21_std,17.69444444
C-WEU-ITA,Zone_4C Mixed Marine,rur,sfh,sr22_low,17.69444444
C-WEU-ITA,Zone_4C Mixed Marine,rur,sfh,sr31_std,24.22222222
C-WEU-ITA,Zone_4C Mixed Marine,rur,sfh,sr32_low,24.22222222
C-WEU-ITA,Zone_4C Mixed Marine,urb,inf,ns,16.30555556
C-WEU-ITA,Zone_4C Mixed Marine,urb,mfh,s1,20.88888889
C-WEU-ITA,Zone_4C Mixed Marine,urb,mfh,s2,26.36111111
C-WEU-ITA,Zone_4C Mixed Marine,urb,mfh,s3,37.44444444
C-WEU-ITA,Zone_4C Mixed Marine,urb,mfh,s51_std,42.36111111
C-WEU-ITA,Zone_4C Mixed Marine,urb,mfh,s52_low,50.41666667
C-WEU-ITA,Zone_4C Mixed Marine,urb,mfh,sr11_std,20.88888889
C-WEU-ITA,Zone_4C Mixed Marine,urb,mfh,sr12_low,20.88888889
C-WEU-ITA,Zone_4C Mixed Marine,urb,mfh,sr21_std,26.36111111
C-WEU-ITA,Zone_4C Mixed Marine,urb,mfh,sr22_low,26.36111111
C-WEU-ITA,Zone_4C Mixed Marine,urb,mfh,sr31_std,37.44444444
C-WEU-ITA,Zone_4C Mixed Marine,urb,mfh,sr32_low,37.44444444
C-WEU-ITA,Zone_4C Mixed Marine,urb,sfh,s1,16.30555556
C-WEU-ITA,Zone_4C Mixed Marine,urb,sfh,s2,17.69444444
C-WEU-ITA,Zone_4C Mixed Marine,urb,sfh,s3,24.22222222
C-WEU-ITA,Zone_4C Mixed Marine,urb,sfh,s51_std,28.5
C-WEU-ITA,Zone_4C Mixed Marine,urb,sfh,s52_low,39.08333333
C-WEU-ITA,Zone_4C Mixed Marine,urb,sfh,sr11_std,16.30555556
C-WEU-ITA,Zone_4C Mixed Marine,urb,sfh,sr12_low,16.30555556
C-WEU-ITA,Zone_4C Mixed Marine,urb,sfh,sr21_std,17.69444444
C-WEU-ITA,Zone_4C Mixed Marine,urb,sfh,sr22_low,17.69444444
C-WEU-ITA,Zone_4C Mixed Marine,urb,sfh,sr31_std,24.22222222
C-WEU-ITA,Zone_4C Mixed Marine,urb,sfh,sr32_low,24.22222222
C-WEU-ITA,Zone_5A Cool Humid,rur,inf,ns,3.611111111
C-WEU-ITA,Zone_5A Cool Humid,rur,mfh,s1,5.444444444
C-WEU-ITA,Zone_5A Cool Humid,rur,mfh,s2,7.527777778
C-WEU-ITA,Zone_5A Cool Humid,rur,mfh,s3,13.69444444
C-WEU-ITA,Zone_5A Cool Humid,rur,mfh,s51_std,17.22222222
C-WEU-ITA,Zone_5A Cool Humid,rur,mfh,s52_low,25.19444444
C-WEU-ITA,Zone_5A Cool Humid,rur,mfh,sr11_std,5.444444444
C-WEU-ITA,Zone_5A Cool Humid,rur,mfh,sr12_low,5.444444444
C-WEU-ITA,Zone_5A Cool Humid,rur,mfh,sr21_std,7.527777778
C-WEU-ITA,Zone_5A Cool Humid,rur,mfh,sr22_low,7.527777778
C-WEU-ITA,Zone_5A Cool Humid,rur,mfh,sr31_std,13.69444444
C-WEU-ITA,Zone_5A Cool Humid,rur,mfh,sr32_low,13.69444444
C-WEU-ITA,Zone_5A Cool Humid,rur,sfh,s1,3.611111111
C-WEU-ITA,Zone_5A Cool Humid,rur,sfh,s2,4.055555556
C-WEU-ITA,Zone_5A Cool Humid,rur,sfh,s3,6.777777778
C-WEU-ITA,Zone_5A Cool Humid,rur,sfh,s51_std,8.611111111
C-WEU-ITA,Zone_5A Cool Humid,rur,sfh,s52_low,14.97222222
C-WEU-ITA,Zone_5A Cool Humid,rur,sfh,sr11_std,3.611111111
C-WEU-ITA,Zone_5A Cool Humid,rur,sfh,sr12_low,3.611111111
C-WEU-ITA,Zone_5A Cool Humid,rur,sfh,sr21_std,4.055555556
C-WEU-ITA,Zone_5A Cool Humid,rur,sfh,sr22_low,4.055555556
C-WEU-ITA,Zone_5A Cool Humid,rur,sfh,sr31_std,6.777777778
C-WEU-ITA,Zone_5A Cool Humid,rur,sfh,sr32_low,6.777777778
C-WEU-ITA,Zone_5A Cool Humid,urb,inf,ns,3.611111111
C-WEU-ITA,Zone_5A Cool Humid,urb,mfh,s1,5.444444444
C-WEU-ITA,Zone_5A Cool Humid,urb,mfh,s2,7.527777778
C-WEU-ITA,Zone_5A Cool Humid,urb,mfh,s3,13.69444444
C-WEU-ITA,Zone_5A Cool Humid,urb,mfh,s51_std,17.22222222
C-WEU-ITA,Zone_5A Cool Humid,urb,mfh,s52_low,25.19444444
C-WEU-ITA,Zone_5A Cool Humid,urb,mfh,sr11_std,5.444444444
C-WEU-ITA,Zone_5A Cool Humid,urb,mfh,sr12_low,5.444444444
C-WEU-ITA,Zone_5A Cool Humid,urb,mfh,sr21_std,7.527777778
C-WEU-ITA,Zone_5A Cool Humid,urb,mfh,sr22_low,7.527777778
C-WEU-ITA,Zone_5A Cool Humid,urb,mfh,sr31_std,13.69444444
C-WEU-ITA,Zone_5A Cool Humid,urb,mfh,sr32_low,13.69444444
C-WEU-ITA,Zone_5A Cool Humid,urb,sfh,s1,3.611111111
C-WEU-ITA,Zone_5A Cool Humid,urb,sfh,s2,4.055555556
C-WEU-ITA,Zone_5A Cool Humid,urb,sfh,s3,6.777777778
C-WEU-ITA,Zone_5A Cool Humid,urb,sfh,s51_std,8.611111111
C-WEU-ITA,Zone_5A Cool Humid,urb,sfh,s52_low,14.97222222
C-WEU-ITA,Zone_5A Cool Humid,urb,sfh,sr11_std,3.611111111
C-WEU-ITA,Zone_5A Cool Humid,urb,sfh,sr12_low,3.611111111
C-WEU-ITA,Zone_5A Cool Humid,urb,sfh,sr21_std,4.055555556
C-WEU-ITA,Zone_5A Cool Humid,urb,sfh,sr22_low,4.055555556
C-WEU-ITA,Zone_5A Cool Humid,urb,sfh,sr31_std,6.777777778
C-WEU-ITA,Zone_5A Cool Humid,urb,sfh,sr32_low,6.777777778
C-WEU-ITA,Zone_5C Cool Marine,rur,inf,ns,0.06494985058215144
C-WEU-ITA,Zone_5C Cool Marine,rur,mfh,s1,0.04896219502933339
C-WEU-ITA,Zone_5C Cool Marine,rur,mfh,s2,0.06769772891682634
C-WEU-ITA,Zone_5C Cool Marine,rur,mfh,s3,0.12315490898638876
C-WEU-ITA,Zone_5C Cool Marine,rur,mfh,s51_std,0.15488041295433974
C-WEU-ITA,Zone_5C Cool Marine,rur,mfh,s52_low,0.22657505571440534
C-WEU-ITA,Zone_5C Cool Marine,rur,mfh,sr11_std,0.04896219502933339
C-WEU-ITA,Zone_5C Cool Marine,rur,mfh,sr12_low,0.04896219502933339
C-WEU-ITA,Zone_5C Cool Marine,rur,mfh,sr21_std,0.06769772891682634
C-WEU-ITA,Zone_5C Cool Marine,rur,mfh,sr22_low,0.06769772891682634
C-WEU-ITA,Zone_5C Cool Marine,rur,mfh,sr31_std,0.12315490898638876
C-WEU-ITA,Zone_5C Cool Marine,rur,mfh,sr32_low,0.12315490898638876
C-WEU-ITA,Zone_5C Cool Marine,rur,sfh,s1,0.03247492529107572
C-WEU-ITA,Zone_5C Cool Marine,rur,sfh,s2,0.03647183922424552
C-WEU-ITA,Zone_5C Cool Marine,rur,sfh,s3,0.06095293673891221
C-WEU-ITA,Zone_5C Cool Marine,rur,sfh,s51_std,0.07744020647716987
C-WEU-ITA,Zone_5C Cool Marine,rur,sfh,s52_low,0.1346460364205974
C-WEU-ITA,Zone_5C Cool Marine,rur,sfh,sr11_std,0.03247492529107572
C-WEU-ITA,Zone_5C Cool Marine,rur,sfh,sr12_low,0.03247492529107572
C-WEU-ITA,Zone_5C Cool Marine,rur,sfh,sr21_std,0.03647183922424552
C-WEU-ITA,Zone_5C Cool Marine,rur,sfh,sr22_low,0.03647183922424552
C-WEU-ITA,Zone_5C Cool Marine,rur,sfh,sr31_std,0.06095293673891221
C-WEU-ITA,Zone_5C Cool Marine,rur,sfh,sr32_low,0.06095293673891221
C-WEU-ITA,Zone_5C Cool Marine,urb,inf,ns,0.06998895398850041
C-WEU-ITA,Zone_5C Cool Marine,urb,mfh,s1,0.05276090374911046
C-WEU-ITA,Zone_5C Cool Marine,urb,mfh,s2,0.07295002516276435
C-WEU-ITA,Zone_5C Cool Marine,urb,mfh,s3,0.1327098242913433
C-WEU-ITA,Zone_5C Cool Marine,urb,mfh,s51_std,0.16689673646393413
C-WEU-ITA,Zone_5C Cool Marine,urb,mfh,s52_low,0.24415377413809208
C-WEU-ITA,Zone_5C Cool Marine,urb,mfh,sr11_std,0.05276090374911046
C-WEU-ITA,Zone_5C Cool Marine,urb,mfh,sr12_low,0.05276090374911046
C-WEU-ITA,Zone_5C Cool Marine,urb,mfh,sr21_std,0.07295002516276435
C-WEU-ITA,Zone_5C Cool Marine,urb,mfh,sr22_low,0.07295002516276435
C-WEU-ITA,Zone_5C Cool Marine,urb,mfh,sr31_std,0.1327098242913433
C-WEU-ITA,Zone_5C Cool Marine,urb,mfh,sr32_low,0.1327098242913433
C-WEU-ITA,Zone_5C Cool Marine,urb,sfh,s1,0.034994476994250207
C-WEU-ITA,Zone_5C Cool Marine,urb,sfh,s2,0.03930148960255159
C-WEU-ITA,Zone_5C Cool Marine,urb,sfh,s3,0.06568194147710682
C-WEU-ITA,Zone_5C Cool Marine,urb,sfh,s51_std,0.08344836823196707
C-WEU-ITA,Zone_5C Cool Marine,urb,sfh,s52_low,0.14509248540696157
C-WEU-ITA,Zone_5C Cool Marine,urb,sfh,sr11_std,0.034994476994250207
C-WEU-ITA,Zone_5C Cool Marine,urb,sfh,sr12_low,0.034994476994250207
C-WEU-ITA,Zone_5C Cool Marine,urb,sfh,sr21_std,0.03930148960255159
C-WEU-ITA,Zone_5C Cool Marine,urb,sfh,sr22_low,0.03930148960255159
C-WEU-ITA,Zone_5C Cool Marine,urb,sfh,sr31_std,0.06568194147710682
C-WEU-ITA,Zone_5C Cool Marine,urb,sfh,sr32_low,0.06568194147710682
C-WEU-ITA,Zone_6A Cold Humid,rur,inf,ns,0.015492254854100567
C-WEU-ITA,Zone_6A Cold Humid,rur,mfh,s1,0.011678776730227894
C-WEU-ITA,Zone_6A Cold Humid,rur,mfh,s2,0.016147696415355576
C-WEU-ITA,Zone_6A Cold Humid,rur,mfh,s3,0.029375698626703365
C-WEU-ITA,Zone_6A Cold Humid,rur,mfh,s51_std,0.03694306927407083
C-WEU-ITA,Zone_6A Cold Humid,rur,mfh,s52_low,0.05404413520966918
C-WEU-ITA,Zone_6A Cold Humid,rur,mfh,sr11_std,0.011678776730227894
C-WEU-ITA,Zone_6A Cold Humid,rur,mfh,sr12_low,0.011678776730227894
C-WEU-ITA,Zone_6A Cold Humid,rur,mfh,sr21_std,0.016147696415355576
C-WEU-ITA,Zone_6A Cold Humid,rur,mfh,sr22_low,0.016147696415355576
C-WEU-ITA,Zone_6A Cold Humid,rur,mfh,sr31_std,0.029375698626703365
C-WEU-ITA,Zone_6A Cold Humid,rur,mfh,sr32_low,0.029375698626703365
C-WEU-ITA,Zone_6A Cold Humid,rur,sfh,s1,0.007746127427050283
C-WEU-ITA,Zone_6A Cold Humid,rur,sfh,s2,0.00869949696874386
C-WEU-ITA,Zone_6A Cold Humid,rur,sfh,s3,0.014538885333857807
C-WEU-ITA,Zone_6A Cold Humid,rur,sfh,s51_std,0.018471534637035415
C-WEU-ITA,Zone_6A Cold Humid,rur,sfh,s52_low,0.032116636029577525
C-WEU-ITA,Zone_6A Cold Humid,rur,sfh,sr11_std,0.007746127427050283
C-WEU-ITA,Zone_6A Cold Humid,rur,sfh,sr12_low,0.007746127427050283
C-WEU-ITA,Zone_6A Cold Humid,rur,sfh,sr21_std,0.00869949696874386
C-WEU-ITA,Zone_6A Cold Humid,rur,sfh,sr22_low,0.00869949696874386
C-WEU-ITA,Zone_6A Cold Humid,rur,sfh,sr31_std,0.014538885333857807
C-WEU-ITA,Zone_6A Cold Humid,rur,sfh,sr32_low,0.014538885333857807
C-WEU-ITA,Zone_6A Cold Humid,urb,inf,ns,0.016694214112014258
C-WEU-ITA,Zone_6A Cold Humid,urb,mfh,s1,0.012584869093425037
C-WEU-ITA,Zone_6A Cold Humid,urb,mfh,s2,0.017400507796474774
C-WEU-ITA,Zone_6A Cold Humid,urb,mfh,s3,0.03165479829647822
C-WEU-ITA,Zone_6A Cold Humid,urb,mfh,s51_std,0.039809279812684784
C-WEU-ITA,Zone_6A Cold Humid,urb,mfh,s52_low,0.05823712385224934
C-WEU-ITA,Zone_6A Cold Humid,urb,mfh,sr11_std,0.012584869093425037
C-WEU-ITA,Zone_6A Cold Humid,urb,mfh,sr12_low,0.012584869093425037
C-WEU-ITA,Zone_6A Cold Humid,urb,mfh,sr21_std,0.017400507796474774
C-WEU-ITA,Zone_6A Cold Humid,urb,mfh,sr22_low,0.017400507796474774
C-WEU-ITA,Zone_6A Cold Humid,urb,mfh,sr31_std,0.03165479829647822
C-WEU-ITA,Zone_6A Cold Humid,urb,mfh,sr32_low,0.03165479829647822
C-WEU-ITA,Zone_6A Cold Humid,urb,sfh,s1,0.008347107056007129
C-WEU-ITA,Zone_6A Cold Humid,urb,sfh,s2,0.009374443322211967
C-WEU-ITA,Zone_6A Cold Humid,urb,sfh,s3,0.015666877868924487
C-WEU-ITA,Zone_6A Cold Humid,urb,sfh,s51_std,0.019904639906342392
C-WEU-ITA,Zone_6A Cold Humid,urb,sfh,s52_low,0.03460839003003392
C-WEU-ITA,Zone_6A Cold Humid,urb,sfh,sr11_std,0.008347107056007129
C-WEU-ITA,Zone_6A Cold Humid,urb,sfh,sr12_low,0.008347107056007129
C-WEU-ITA,Zone_6A Cold Humid,urb,sfh,sr21_std,0.009374443322211967
C-WEU-ITA,Zone_6A Cold Humid,urb,sfh,sr22_low,0.009374443322211967
C-WEU-ITA,Zone_6A Cold Humid,urb,sfh,sr31_std,0.015666877868924487
C-WEU-ITA,Zone_6A Cold Humid,urb,sfh,sr32_low,0.015666877868924487
C-WEU-ITA,Zone_7A Very cold Humid,rur,inf,ns,0.055756885013683095
C-WEU-ITA,Zone_7A Very cold Humid,rur,mfh,s1,0.048107117224989525
C-WEU-ITA,Zone_7A Very cold Humid,rur,mfh,s2,0.06823976983730652
C-WEU-ITA,Zone_7A Very cold Humid,rur,mfh,s3,0.13292671892813296
C-WEU-ITA,Zone_7A Very cold Humid,rur,mfh,s51_std,0.17364012757065098
C-WEU-ITA,Zone_7A Very cold Humid,rur,mfh,s52_low,0.2840336389246374
C-WEU-ITA,Zone_7A Very cold Humid,rur,mfh,sr11_std,0.048107117224989525
C-WEU-ITA,Zone_7A Very cold Humid,rur,mfh,sr12_low,0.048107117224989525
C-WEU-ITA,Zone_7A Very cold Humid,rur,mfh,sr21_std,0.06823976983730652
C-WEU-ITA,Zone_7A Very cold Humid,rur,mfh,sr22_low,0.06823976983730652
C-WEU-ITA,Zone_7A Very cold Humid,rur,mfh,sr31_std,0.13292671892813296
C-WEU-ITA,Zone_7A Very cold Humid,rur,mfh,sr32_low,0.13292671892813296
C-WEU-ITA,Zone_7A Very cold Humid,rur,sfh,s1,0.02787844250684155
C-WEU-ITA,Zone_7A Very cold Humid,rur,sfh,s2,0.03379981110388029
C-WEU-ITA,Zone_7A Very cold Humid,rur,sfh,s3,0.05898963233139942
C-WEU-ITA,Zone_7A Very cold Humid,rur,sfh,s51_std,0.07777797417538548
C-WEU-ITA,Zone_7A Very cold Humid,rur,sfh,s52_low,0.1463378179561347
C-WEU-ITA,Zone_7A Very cold Humid,rur,sfh,sr11_std,0.02787844250684155
C-WEU-ITA,Zone_7A Very cold Humid,rur,sfh,sr12_low,0.02787844250684155
C-WEU-ITA,Zone_7A Very cold Humid,rur,sfh,sr21_std,0.03379981110388029
C-WEU-ITA,Zone_7A Very cold Humid,rur,sfh,sr22_low,0.03379981110388029
C-WEU-ITA,Zone_7A Very cold Humid,rur,sfh,sr31_std,0.05898963233139942
C-WEU-ITA,Zone_7A Very cold Humid,rur,sfh,sr32_low,0.05898963233139942
C-WEU-ITA,Zone_7A Very cold Humid,urb,inf,ns,0.06008275653889135
C-WEU-ITA,Zone_7A Very cold Humid,urb,mfh,s1,0.05183948513816055
C-WEU-ITA,Zone_7A Very cold Humid,urb,mfh,s2,0.07353412007142605
C-WEU-ITA,Zone_7A Very cold Humid,urb,mfh,s3,0.14323977548087002
C-WEU-ITA,Zone_7A Very cold Humid,urb,mfh,s51_std,0.18711191465680316
C-WEU-ITA,Zone_7A Very cold Humid,urb,mfh,s52_low,0.306070254322428
C-WEU-ITA,Zone_7A Very cold Humid,urb,mfh,sr11_std,0.05183948513816055
C-WEU-ITA,Zone_7A Very cold Humid,urb,mfh,sr12_low,0.05183948513816055
C-WEU-ITA,Zone_7A Very cold Humid,urb,mfh,sr21_std,0.07353412007142605
C-WEU-ITA,Zone_7A Very cold Humid,urb,mfh,sr22_low,0.07353412007142605
C-WEU-ITA,Zone_7A Very cold Humid,urb,mfh,sr31_std,0.14323977548087002
C-WEU-ITA,Zone_7A Very cold Humid,urb,mfh,sr32_low,0.14323977548087002
C-WEU-ITA,Zone_7A Very cold Humid,urb,sfh,s1,0.030041378269445675
C-WEU-ITA,Zone_7A Very cold Humid,urb,sfh,s2,0.036422153445562606
C-WEU-ITA,Zone_7A Very cold Humid,urb,sfh,s3,0.06356631502668057
C-WEU-ITA,Zone_7A Very cold Humid,urb,sfh,s51_std,0.08381234147712972
C-WEU-ITA,Zone_7A Very cold Humid,urb,sfh,s52_low,0.15769136827735872
C-WEU-ITA,Zone_7A Very cold Humid,urb,sfh,sr11_std,0.030041378269445675
C-WEU-ITA,Zone_7A Very cold Humid,urb,sfh,sr12_low,0.030041378269445675
C-WEU-ITA,Zone_7A Very cold Humid,urb,sfh,sr21_std,0.036422153445562606
C-WEU-ITA,Zone_7A Very cold Humid,urb,sfh,sr22_low,0.036422153445562606
C-WEU-ITA,Zone_7A Very cold Humid,urb,sfh,sr31_std,0.06356631502668057
C-WEU-ITA,Zone_7A Very cold Humid,urb,sfh,sr32_low,0.06356631502668057
C-WEU-LUX,Zone_5A Cool Humid,rur,inf,ns,3.625
C-WEU-LUX,Zone_5A Cool Humid,rur,mfh,s1,5.0
C-WEU-LUX,Zone_5A Cool Humid,rur,mfh,s2,7.0
C-WEU-LUX,Zone_5A Cool Humid,rur,mfh,s3,12.25
C-WEU-LUX,Zone_5A Cool Humid,rur,mfh,s51_std,15.375
C-WEU-LUX,Zone_5A Cool Humid,rur,mfh,s52_low,21.625
C-WEU-LUX,Zone_5A Cool Humid,rur,mfh,sr11_std,5.0
C-WEU-LUX,Zone_5A Cool Humid,rur,mfh,sr12_low,5.0
C-WEU-LUX,Zone_5A Cool Humid,rur,mfh,sr21_std,7.0
C-WEU-LUX,Zone_5A Cool Humid,rur,mfh,sr22_low,7.0
C-WEU-LUX,Zone_5A Cool Humid,rur,mfh,sr31_std,12.25
C-WEU-LUX,Zone_5A Cool Humid,rur,mfh,sr32_low,12.25
C-WEU-LUX,Zone_5A Cool Humid,rur,sfh,s1,3.625
C-WEU-LUX,Zone_5A Cool Humid,rur,sfh,s2,4.25
C-WEU-LUX,Zone_5A Cool Humid,rur,sfh,s3,6.25
C-WEU-LUX,Zone_5A Cool Humid,rur,sfh,s51_std,8.125
C-WEU-LUX,Zone_5A Cool Humid,rur,sfh,s52_low,13.375
C-WEU-LUX,Zone_5A Cool Humid,rur,sfh,sr11_std,3.625
C-WEU-LUX,Zone_5A Cool Humid,rur,sfh,sr12_low,3.625
C-WEU-LUX,Zone_5A Cool Humid,rur,sfh,sr21_std,4.25
C-WEU-LUX,Zone_5A Cool Humid,rur,sfh,sr22_low,4.25
C-WEU-LUX,Zone_5A Cool Humid,rur,sfh,sr31_std,6.25
C-WEU-LUX,Zone_5A Cool Humid,rur,sfh,sr32_low,6.25
C-WEU-LUX,Zone_5A Cool Humid,urb,inf,ns,3.625
C-WEU-LUX,Zone_5A Cool Humid,urb,mfh,s1,5.0
C-WEU-LUX,Zone_5A Cool Humid,urb,mfh,s2,7.0
C-WEU-LUX,Zone_5A Cool Humid,urb,mfh,s3,12.25
C-WEU-LUX,Zone_5A Cool Humid,urb,mfh,s51_std,15.375
C-WEU-LUX,Zone_5A Cool Humid,urb,mfh,s52_low,21.625
C-WEU-LUX,Zone_5A Cool Humid,urb,mfh,sr11_std,5.0
C-WEU-LUX,Zone_5A Cool Humid,urb,mfh,sr12_low,5.0
C-WEU-LUX,Zone_5A Cool Humid,urb,mfh,sr21_std,7.0
C-WEU-LUX,Zone_5A Cool Humid,urb,mfh,sr22_low,7.0
C-WEU-LUX,Zone_5A Cool Humid,urb,mfh,sr31_std,12.25
C-WEU-LUX,Zone_5A Cool Humid,urb,mfh,sr32_low,12.25
C-WEU-LUX,Zone_5A Cool Humid,urb,sfh,s1,3.625
C-WEU-LUX,Zone_5A Cool Humid,urb,sfh,s2,4.25
C-WEU-LUX,Zone_5A Cool Humid,urb,sfh,s3,6.25
C-WEU-LUX,Zone_5A Cool Humid,urb,sfh,s51_std,8.125
C-WEU-LUX,Zone_5A Cool Humid,urb,sfh,s52_low,13.375
C-WEU-LUX,Zone_5A Cool Humid,urb,sfh,sr11_std,3.625
C-WEU-LUX,Zone_5A Cool Humid,urb,sfh,sr12_low,3.625
C-WEU-LUX,Zone_5A Cool Humid,urb,sfh,sr21_std,4.25
C-WEU-LUX,Zone_5A Cool Humid,urb,sfh,sr22_low,4.25
C-WEU-LUX,Zone_5A Cool Humid,urb,sfh,sr31_std,6.25
C-WEU-LUX,Zone_5A Cool Humid,urb,sfh,sr32_low,6.25
C-WEU-MLT,Zone_3A Warm Humid,rur,inf,ns,38.125
C-WEU-MLT,Zone_3A Warm Humid,rur,mfh,s1,40.125
C-WEU-MLT,Zone_3A Warm Humid,rur,mfh,s2,41.25
C-WEU-MLT,Zone_3A Warm Humid,rur,mfh,s3,44.625
C-WEU-MLT,Zone_3A Warm Humid,rur,mfh,s51_std,46.5
C-WEU-MLT,Zone_3A Warm Humid,rur,mfh,s52_low,50.25
C-WEU-MLT,Zone_3A Warm Humid,rur,mfh,sr11_std,40.125
C-WEU-MLT,Zone_3A Warm Humid,rur,mfh,sr12_low,40.125
C-WEU-MLT,Zone_3A Warm Humid,rur,mfh,sr21_std,41.25
C-WEU-MLT,Zone_3A Warm Humid,rur,mfh,sr22_low,41.25
C-WEU-MLT,Zone_3A Warm Humid,rur,mfh,sr31_std,44.625
C-WEU-MLT,Zone_3A Warm Humid,rur,mfh,sr32_low,44.625
C-WEU-MLT,Zone_3A Warm Humid,rur,sfh,s1,38.125
C-WEU-MLT,Zone_3A Warm Humid,rur,sfh,s2,39.125
C-WEU-MLT,Zone_3A Warm Humid,rur,sfh,s3,40.875
C-WEU-MLT,Zone_3A Warm Humid,rur,sfh,s51_std,42.0
C-WEU-MLT,Zone_3A Warm Humid,rur,sfh,s52_low,45.375
C-WEU-MLT,Zone_3A Warm Humid,rur,sfh,sr11_std,38.125
C-WEU-MLT,Zone_3A Warm Humid,rur,sfh,sr12_low,38.125
C-WEU-MLT,Zone_3A Warm Humid,rur,sfh,sr21_std,39.125
C-WEU-MLT,Zone_3A Warm Humid,rur,sfh,sr22_low,39.125
C-WEU-MLT,Zone_3A Warm Humid,rur,sfh,sr31_std,40.875
C-WEU-MLT,Zone_3A Warm Humid,rur,sfh,sr32_low,40.875
C-WEU-MLT,Zone_3A Warm Humid,urb,inf,ns,38.125
C-WEU-MLT,Zone_3A Warm Humid,urb,mfh,s1,40.125
C-WEU-MLT,Zone_3A Warm Humid,urb,mfh,s2,41.25
C-WEU-MLT,Zone_3A Warm Humid,urb,mfh,s3,44.625
C-WEU-MLT,Zone_3A Warm Humid,urb,mfh,s51_std,46.5
C-WEU-MLT,Zone_3A Warm Humid,urb,mfh,s52_low,50.25
C-WEU-MLT,Zone_3A Warm Humid,urb,mfh,sr11_std,40.125
C-WEU-MLT,Zone_3A Warm Humid,urb,mfh,sr12_low,40.125
C-WEU-MLT,Zone_3A Warm Humid,urb,mfh,sr21_std,41.25
C-WEU-MLT,Zone_3A Warm Humid,urb,mfh,sr22_low,41.25
C-WEU-MLT,Zone_3A Warm Humid,urb,mfh,sr31_std,44.625
C-WEU-MLT,Zone_3A Warm Humid,urb,mfh,sr32_low,44.625
C-WEU-MLT,Zone_3A Warm Humid,urb,sfh,s1,38.125
C-WEU-MLT,Zone_3A Warm Humid,urb,sfh,s2,39.125
C-WEU-MLT,Zone_3A Warm Humid,urb,sfh,s3,40.875
C-WEU-MLT,Zone_3A Warm Humid,urb,sfh,s51_std,42.0
C-WEU-MLT,Zone_3A Warm Humid,urb,sfh,s52_low,45.375
C-WEU-MLT,Zone_3A Warm Humid,urb,sfh,sr11_std,38.125
C-WEU-MLT,Zone_3A Warm Humid,urb,sfh,sr12_low,38.125
C-WEU-MLT,Zone_3A Warm Humid,urb,sfh,sr21_std,39.125
C-WEU-MLT,Zone_3A Warm Humid,urb,sfh,sr22_low,39.125
C-WEU-MLT,Zone_3A Warm Humid,urb,sfh,sr31_std,40.875
C-WEU-MLT,Zone_3A Warm Humid,urb,sfh,sr32_low,40.875
C-WEU-NLD,Zone_4A Mixed Humid,rur,inf,ns,2.513157895
C-WEU-NLD,Zone_4A Mixed Humid,rur,mfh,s1,3.355263158
C-WEU-NLD,Zone_4A Mixed Humid,rur,mfh,s2,4.460526316
C-WEU-NLD,Zone_4A Mixed Humid,rur,mfh,s3,6.842105263
C-WEU-NLD,Zone_4A Mixed Humid,rur,mfh,s51_std,8.394736842
C-WEU-NLD,Zone_4A Mixed Humid,rur,mfh,s52_low,12.92105263
C-WEU-NLD,Zone_4A Mixed Humid,rur,mfh,sr11_std,3.355263158
C-WEU-NLD,Zone_4A Mixed Humid,rur,mfh,sr12_low,3.355263158
C-WEU-NLD,Zone_4A Mixed Humid,rur,mfh,sr21_std,4.460526316
C-WEU-NLD,Zone_4A Mixed Humid,rur,mfh,sr22_low,4.460526316
C-WEU-NLD,Zone_4A Mixed Humid,rur,mfh,sr31_std,6.842105263
C-WEU-NLD,Zone_4A Mixed Humid,rur,mfh,sr32_low,6.842105263
C-WEU-NLD,Zone_4A Mixed Humid,rur,sfh,s1,2.513157895
C-WEU-NLD,Zone_4A Mixed Humid,rur,sfh,s2,2.815789474
C-WEU-NLD,Zone_4A Mixed Humid,rur,sfh,s3,3.973684211
C-WEU-NLD,Zone_4A Mixed Humid,rur,sfh,s51_std,4.855263158
C-WEU-NLD,Zone_4A Mixed Humid,rur,sfh,s52_low,7.289473684
C-WEU-NLD,Zone_4A Mixed Humid,rur,sfh,sr11_std,2.513157895
C-WEU-NLD,Zone_4A Mixed Humid,rur,sfh,sr12_low,2.513157895
C-WEU-NLD,Zone_4A Mixed Humid,rur,sfh,sr21_std,2.815789474
C-WEU-NLD,Zone_4A Mixed Humid,rur,sfh,sr22_low,2.815789474
C-WEU-NLD,Zone_4A Mixed Humid,rur,sfh,sr31_std,3.973684211
C-WEU-NLD,Zone_4A Mixed Humid,rur,sfh,sr32_low,3.973684211
C-WEU-NLD,Zone_4A Mixed Humid,urb,inf,ns,2.513157895
C-WEU-NLD,Zone_4A Mixed Humid,urb,mfh,s1,3.355263158
C-WEU-NLD,Zone_4A Mixed Humid,urb,mfh,s2,4.460526316
C-WEU-NLD,Zone_4A Mixed Humid,urb,mfh,s3,6.842105263
C-WEU-NLD,Zone_4A Mixed Humid,urb,mfh,s51_std,8.394736842
C-WEU-NLD,Zone_4A Mixed Humid,urb,mfh,s52_low,12.92105263
C-WEU-NLD,Zone_4A Mixed Humid,urb,mfh,sr11_std,3.355263158
C-WEU-NLD,Zone_4A Mixed Humid,urb,mfh,sr12_low,3.355263158
C-WEU-NLD,Zone_4A Mixed Humid,urb,mfh,sr21_std,4.460526316
C-WEU-NLD,Zone_4A Mixed Humid,urb,mfh,sr22_low,4.460526316
C-WEU-NLD,Zone_4A Mixed Humid,urb,mfh,sr31_std,6.842105263
C-WEU-NLD,Zone_4A Mixed Humid,urb,mfh,sr32_low,6.842105263
C-WEU-NLD,Zone_4A Mixed Humid,urb,sfh,s1,2.513157895
C-WEU-NLD,Zone_4A Mixed Humid,urb,sfh,s2,2.815789474
C-WEU-NLD,Zone_4A Mixed Humid,urb,sfh,s3,3.973684211
C-WEU-NLD,Zone_4A Mixed Humid,urb,sfh,s51_std,4.855263158
C-WEU-NLD,Zone_4A Mixed Humid,urb,sfh,s52_low,7.289473684
C-WEU-NLD,Zone_4A Mixed Humid,urb,sfh,sr11_std,2.513157895
C-WEU-NLD,Zone_4A Mixed Humid,urb,sfh,sr12_low,2.513157895
C-WEU-NLD,Zone_4A Mixed Humid,urb,sfh,sr21_std,2.815789474
C-WEU-NLD,Zone_4A Mixed Humid,urb,sfh,sr22_low,2.815789474
C-WEU-NLD,Zone_4A Mixed Humid,urb,sfh,sr31_std,3.973684211
C-WEU-NLD,Zone_4A Mixed Humid,urb,sfh,sr32_low,3.973684211
C-WEU-NLD,Zone_5A Cool Humid,rur,inf,ns,4.5
C-WEU-NLD,Zone_5A Cool Humid,rur,mfh,s1,5.892857143
C-WEU-NLD,Zone_5A Cool Humid,rur,mfh,s2,7.214285714
C-WEU-NLD,Zone_5A Cool Humid,rur,mfh,s3,10.57142857
C-WEU-NLD,Zone_5A Cool Humid,rur,mfh,s51_std,12.21428571
C-WEU-NLD,Zone_5A Cool Humid,rur,mfh,s52_low,17.32142857
C-WEU-NLD,Zone_5A Cool Humid,rur,mfh,sr11_std,5.892857143
C-WEU-NLD,Zone_5A Cool Humid,rur,mfh,sr12_low,5.892857143
C-WEU-NLD,Zone_5A Cool Humid,rur,mfh,sr21_std,7.214285714
C-WEU-NLD,Zone_5A Cool Humid,rur,mfh,sr22_low,7.214285714
C-WEU-NLD,Zone_5A Cool Humid,rur,mfh,sr31_std,10.57142857
C-WEU-NLD,Zone_5A Cool Humid,rur,mfh,sr32_low,10.57142857
C-WEU-NLD,Zone_5A Cool Humid,rur,sfh,s1,4.5
C-WEU-NLD,Zone_5A Cool Humid,rur,sfh,s2,4.892857143
C-WEU-NLD,Zone_5A Cool Humid,rur,sfh,s3,6.678571429
C-WEU-NLD,Zone_5A Cool Humid,rur,sfh,s51_std,8.035714286
C-WEU-NLD,Zone_5A Cool Humid,rur,sfh,s52_low,11.10714286
C-WEU-NLD,Zone_5A Cool Humid,rur,sfh,sr11_std,4.5
C-WEU-NLD,Zone_5A Cool Humid,rur,sfh,sr12_low,4.5
C-WEU-NLD,Zone_5A Cool Humid,rur,sfh,sr21_std,4.892857143
C-WEU-NLD,Zone_5A Cool Humid,rur,sfh,sr22_low,4.892857143
C-WEU-NLD,Zone_5A Cool Humid,rur,sfh,sr31_std,6.678571429
C-WEU-NLD,Zone_5A Cool Humid,rur,sfh,sr32_low,6.678571429
C-WEU-NLD,Zone_5A Cool Humid,urb,inf,ns,4.5
C-WEU-NLD,Zone_5A Cool Humid,urb,mfh,s1,5.892857143
C-WEU-NLD,Zone_5A Cool Humid,urb,mfh,s2,7.214285714
C-WEU-NLD,Zone_5A Cool Humid,urb,mfh,s3,10.57142857
C-WEU-NLD,Zone_5A Cool Humid,urb,mfh,s51_std,12.21428571
C-WEU-NLD,Zone_5A Cool Humid,urb,mfh,s52_low,17.32142857
C-WEU-NLD,Zone_5A Cool Humid,urb,mfh,sr11_std,5.892857143
C-WEU-NLD,Zone_5A Cool Humid,urb,mfh,sr12_low,5.892857143
C-WEU-NLD,Zone_5A Cool Humid,urb,mfh,sr21_std,7.214285714
C-WEU-NLD,Zone_5A Cool Humid,urb,mfh,sr22_low,7.214285714
C-WEU-NLD,Zone_5A Cool Humid,urb,mfh,sr31_std,10.57142857
C-WEU-NLD,Zone_5A Cool Humid,urb,mfh,sr32_low,10.57142857
C-WEU-NLD,Zone_5A Cool Humid,urb,sfh,s1,4.5
C-WEU-NLD,Zone_5A Cool Humid,urb,sfh,s2,4.892857143
C-WEU-NLD,Zone_5A Cool Humid,urb,sfh,s3,6.678571429
C-WEU-NLD,Zone_5A Cool Humid,urb,sfh,s51_std,8.035714286
C-WEU-NLD,Zone_5A Cool Humid,urb,sfh,s52_low,11.10714286
C-WEU-NLD,Zone_5A Cool Humid,urb,sfh,sr11_std,4.5
C-WEU-NLD,Zone_5A Cool Humid,urb,sfh,sr12_low,4.5
C-WEU-NLD,Zone_5A Cool Humid,urb,sfh,sr21_std,4.892857143
C-WEU-NLD,Zone_5A Cool Humid,urb,sfh,sr22_low,4.892857143
C-WEU-NLD,Zone_5A Cool Humid,urb,sfh,sr31_std,6.678571429
C-WEU-NLD,Zone_5A Cool Humid,urb,sfh,sr32_low,6.678571429
C-WEU-PRT,Zone_3A Warm Humid,rur,inf,ns,36.56896552
C-WEU-PRT,Zone_3A Warm Humid,rur,mfh,s1,42.20689655
C-WEU-PRT,Zone_3A Warm Humid,rur,mfh,s2,46.88793103
C-WEU-PRT,Zone_3A Warm Humid,rur,mfh,s3,57.71551724
C-WEU-PRT,Zone_3A Warm Humid,rur,mfh,s51_std,62.68103448
C-WEU-PRT,Zone_3A Warm Humid,rur,mfh,s52_low,71.30172414
C-WEU-PRT,Zone_3A Warm Humid,rur,mfh,sr11_std,42.20689655
C-WEU-PRT,Zone_3A Warm Humid,rur,mfh,sr12_low,42.20689655
C-WEU-PRT,Zone_3A Warm Humid,rur,mfh,sr21_std,46.88793103
C-WEU-PRT,Zone_3A Warm Humid,rur,mfh,sr22_low,46.88793103
C-WEU-PRT,Zone_3A Warm Humid,rur,mfh,sr31_std,57.71551724
C-WEU-PRT,Zone_3A Warm Humid,rur,mfh,sr32_low,57.71551724
C-WEU-PRT,Zone_3A Warm Humid,rur,sfh,s1,36.56896552
C-WEU-PRT,Zone_3A Warm Humid,rur,sfh,s2,38.73275862
C-WEU-PRT,Zone_3A Warm Humid,rur,sfh,s3,45.14655172
C-WEU-PRT,Zone_3A Warm Humid,rur,sfh,s51_std,49.17241379
C-WEU-PRT,Zone_3A Warm Humid,rur,sfh,s52_low,59.31896552
C-WEU-PRT,Zone_3A Warm Humid,rur,sfh,sr11_std,36.56896552
C-WEU-PRT,Zone_3A Warm Humid,rur,sfh,sr12_low,36.56896552
C-WEU-PRT,Zone_3A Warm Humid,rur,sfh,sr21_std,38.73275862
C-WEU-PRT,Zone_3A Warm Humid,rur,sfh,sr22_low,38.73275862
C-WEU-PRT,Zone_3A Warm Humid,rur,sfh,sr31_std,45.14655172
C-WEU-PRT,Zone_3A Warm Humid,rur,sfh,sr32_low,45.14655172
C-WEU-PRT,Zone_3A Warm Humid,urb,inf,ns,36.56896552
C-WEU-PRT,Zone_3A Warm Humid,urb,mfh,s1,42.20689655
C-WEU-PRT,Zone_3A Warm Humid,urb,mfh,s2,46.88793103
C-WEU-PRT,Zone_3A Warm Humid,urb,mfh,s3,57.71551724
C-WEU-PRT,Zone_3A Warm Humid,urb,mfh,s51_std,62.68103448
C-WEU-PRT,Zone_3A Warm Humid,urb,mfh,s52_low,71.30172414
C-WEU-PRT,Zone_3A Warm Humid,urb,mfh,sr11_std,42.20689655
C-WEU-PRT,Zone_3A Warm Humid,urb,mfh,sr12_low,42.20689655
C-WEU-PRT,Zone_3A Warm Humid,urb,mfh,sr21_std,46.88793103
C-WEU-PRT,Zone_3A Warm Humid,urb,mfh,sr22_low,46.88793103
C-WEU-PRT,Zone_3A Warm Humid,urb,mfh,sr31_std,57.71551724
C-WEU-PRT,Zone_3A Warm Humid,urb,mfh,sr32_low,57.71551724
C-WEU-PRT,Zone_3A Warm Humid,urb,sfh,s1,36.56896552
C-WEU-PRT,Zone_3A Warm Humid,urb,sfh,s2,38.73275862
C-WEU-PRT,Zone_3A Warm Humid,urb,sfh,s3,45.14655172
C-WEU-PRT,Zone_3A Warm Humid,urb,sfh,s51_std,49.17241379
C-WEU-PRT,Zone_3A Warm Humid,urb,sfh,s52_low,59.31896552
C-WEU-PRT,Zone_3A Warm Humid,urb,sfh,sr11_std,36.56896552
C-WEU-PRT,Zone_3A Warm Humid,urb,sfh,sr12_low,36.56896552
C-WEU-PRT,Zone_3A Warm Humid,urb,sfh,sr21_std,38.73275862
C-WEU-PRT,Zone_3A Warm Humid,urb,sfh,sr22_low,38.73275862
C-WEU-PRT,Zone_3A Warm Humid,urb,sfh,sr31_std,45.14655172
C-WEU-PRT,Zone_3A Warm Humid,urb,sfh,sr32_low,45.14655172
C-WEU-PRT,Zone_3C Warm Marine,rur,inf,ns,10.975
C-WEU-PRT,Zone_3C Warm Marine,rur,mfh,s1,14.35833333
C-WEU-PRT,Zone_3C Warm Marine,rur,mfh,s2,17.34166667
C-WEU-PRT,Zone_3C Warm Marine,rur,mfh,s3,23.925
C-WEU-PRT,Zone_3C Warm Marine,rur,mfh,s51_std,27.35
C-WEU-PRT,Zone_3C Warm Marine,rur,mfh,s52_low,33.325
C-WEU-PRT,Zone_3C Warm Marine,rur,mfh,sr11_std,14.35833333
C-WEU-PRT,Zone_3C Warm Marine,rur,mfh,sr12_low,14.35833333
C-WEU-PRT,Zone_3C Warm Marine,rur,mfh,sr21_std,17.34166667
C-WEU-PRT,Zone_3C Warm Marine,rur,mfh,sr22_low,17.34166667
C-WEU-PRT,Zone_3C Warm Marine,rur,mfh,sr31_std,23.925
C-WEU-PRT,Zone_3C Warm Marine,rur,mfh,sr32_low,23.925
C-WEU-PRT,Zone_3C Warm Marine,rur,sfh,s1,10.975
C-WEU-PRT,Zone_3C Warm Marine,rur,sfh,s2,12.20833333
C-WEU-PRT,Zone_3C Warm Marine,rur,sfh,s3,16.05
C-WEU-PRT,Zone_3C Warm Marine,rur,sfh,s51_std,18.63333333
C-WEU-PRT,Zone_3C Warm Marine,rur,sfh,s52_low,24.95833333
C-WEU-PRT,Zone_3C Warm Marine,rur,sfh,sr11_std,10.975
C-WEU-PRT,Zone_3C Warm Marine,rur,sfh,sr12_low,10.975
C-WEU-PRT,Zone_3C Warm Marine,rur,sfh,sr21_std,12.20833333
C-WEU-PRT,Zone_3C Warm Marine,rur,sfh,sr22_low,12.20833333
C-WEU-PRT,Zone_3C Warm Marine,rur,sfh,sr31_std,16.05
C-WEU-PRT,Zone_3C Warm Marine,rur,sfh,sr32_low,16.05
C-WEU-PRT,Zone_3C Warm Marine,urb,inf,ns,10.975
C-WEU-PRT,Zone_3C Warm Marine,urb,mfh,s1,14.35833333
C-WEU-PRT,Zone_3C Warm Marine,urb,mfh,s2,17.34166667
C-WEU-PRT,Zone_3C Warm Marine,urb,mfh,s3,23.925
C-WEU-PRT,Zone_3C Warm Marine,urb,mfh,s51_std,27.35
C-WEU-PRT,Zone_3C Warm Marine,urb,mfh,s52_low,33.325
C-WEU-PRT,Zone_3C Warm Marine,urb,mfh,sr11_std,14.35833333
C-WEU-PRT,Zone_3C Warm Marine,urb,mfh,sr12_low,14.35833333
C-WEU-PRT,Zone_3C Warm Marine,urb,mfh,sr21_std,17.34166667
C-WEU-PRT,Zone_3C Warm Marine,urb,mfh,sr22_low,17.34166667
C-WEU-PRT,Zone_3C Warm Marine,urb,mfh,sr31_std,23.925
C-WEU-PRT,Zone_3C Warm Marine,urb,mfh,sr32_low,23.925
C-WEU-PRT,Zone_3C Warm Marine,urb,sfh,s1,10.975
C-WEU-PRT,Zone_3C Warm Marine,urb,sfh,s2,12.20833333
C-WEU-PRT,Zone_3C Warm Marine,urb,sfh,s3,16.05
C-WEU-PRT,Zone_3C Warm Marine,urb,sfh,s51_std,18.63333333
C-WEU-PRT,Zone_3C Warm Marine,urb,sfh,s52_low,24.95833333
C-WEU-PRT,Zone_3C Warm Marine,urb,sfh,sr11_std,10.975
C-WEU-PRT,Zone_3C Warm Marine,urb,sfh,sr12_low,10.975
C-WEU-PRT,Zone_3C Warm Marine,urb,sfh,sr21_std,12.20833333
C-WEU-PRT,Zone_3C Warm Marine,urb,sfh,sr22_low,12.20833333
C-WEU-PRT,Zone_3C Warm Marine,urb,sfh,sr31_std,16.05
C-WEU-PRT,Zone_3C Warm Marine,urb,sfh,sr32_low,16.05
C-WEU-PRT,Zone_4A Mixed Humid,rur,inf,ns,0.23960827615768376
C-WEU-PRT,Zone_4A Mixed Humid,rur,mfh,s1,0.15673692472431505
C-WEU-PRT,Zone_4A Mixed Humid,rur,mfh,s2,0.18930327364464056
C-WEU-PRT,Zone_4A Mixed Humid,rur,mfh,s3,0.26116756296458243
C-WEU-PRT,Zone_4A Mixed Humid,rur,mfh,s51_std,0.29855518692084976
C-WEU-PRT,Zone_4A Mixed Humid,rur,mfh,s52_low,0.36377885207083427
C-WEU-PRT,Zone_4A Mixed Humid,rur,mfh,sr11_std,0.15673692472431505
C-WEU-PRT,Zone_4A Mixed Humid,rur,mfh,sr12_low,0.15673692472431505
C-WEU-PRT,Zone_4A Mixed Humid,rur,mfh,sr21_std,0.18930327364464056
C-WEU-PRT,Zone_4A Mixed Humid,rur,mfh,sr22_low,0.18930327364464056
C-WEU-PRT,Zone_4A Mixed Humid,rur,mfh,sr31_std,0.26116756296458243
C-WEU-PRT,Zone_4A Mixed Humid,rur,mfh,sr32_low,0.26116756296458243
C-WEU-PRT,Zone_4A Mixed Humid,rur,sfh,s1,0.11980413807884188
C-WEU-PRT,Zone_4A Mixed Humid,rur,sfh,s2,0.1332673213649064
C-WEU-PRT,Zone_4A Mixed Humid,rur,sfh,s3,0.17520331810163212
C-WEU-PRT,Zone_4A Mixed Humid,rur,sfh,s51_std,0.20340322907848807
C-WEU-PRT,Zone_4A Mixed Humid,rur,sfh,s52_low,0.27244752733349265
C-WEU-PRT,Zone_4A Mixed Humid,rur,sfh,sr11_std,0.11980413807884188
C-WEU-PRT,Zone_4A Mixed Humid,rur,sfh,sr12_low,0.11980413807884188
C-WEU-PRT,Zone_4A Mixed Humid,rur,sfh,sr21_std,0.1332673213649064
C-WEU-PRT,Zone_4A Mixed Humid,rur,sfh,sr22_low,0.1332673213649064
C-WEU-PRT,Zone_4A Mixed Humid,rur,sfh,sr31_std,0.17520331810163212
C-WEU-PRT,Zone_4A Mixed Humid,rur,sfh,sr32_low,0.17520331810163212
C-WEU-PRT,Zone_4A Mixed Humid,urb,inf,ns,0.23808556026962338
C-WEU-PRT,Zone_4A Mixed Humid,urb,mfh,s1,0.15574085810528737
C-WEU-PRT,Zone_4A Mixed Humid,urb,mfh,s2,0.18810024715881568
C-WEU-PRT,Zone_4A Mixed Humid,urb,mfh,s3,0.25950783733260774
C-WEU-PRT,Zone_4A Mixed Humid,urb,mfh,s51_std,0.29665786211271983
C-WEU-PRT,Zone_4A Mixed Humid,urb,mfh,s52_low,0.36146702942984965
C-WEU-PRT,Zone_4A Mixed Humid,urb,mfh,sr11_std,0.15574085810528737
C-WEU-PRT,Zone_4A Mixed Humid,urb,mfh,sr12_low,0.15574085810528737
C-WEU-PRT,Zone_4A Mixed Humid,urb,mfh,sr21_std,0.18810024715881568
C-WEU-PRT,Zone_4A Mixed Humid,urb,mfh,sr22_low,0.18810024715881568
C-WEU-PRT,Zone_4A Mixed Humid,urb,mfh,sr31_std,0.25950783733260774
C-WEU-PRT,Zone_4A Mixed Humid,urb,mfh,sr32_low,0.25950783733260774
C-WEU-PRT,Zone_4A Mixed Humid,urb,sfh,s1,0.11904278013481169
C-WEU-PRT,Zone_4A Mixed Humid,urb,sfh,s2,0.13242040459368415
C-WEU-PRT,Zone_4A Mixed Humid,urb,sfh,s3,0.1740898971447588
C-WEU-PRT,Zone_4A Mixed Humid,urb,sfh,s51_std,0.20211059706440535
C-WEU-PRT,Zone_4A Mixed Humid,urb,sfh,s52_low,0.27071611727877287
C-WEU-PRT,Zone_4A Mixed Humid,urb,sfh,sr11_std,0.11904278013481169
C-WEU-PRT,Zone_4A Mixed Humid,urb,sfh,sr12_low,0.11904278013481169
C-WEU-PRT,Zone_4A Mixed Humid,urb,sfh,sr21_std,0.13242040459368415
C-WEU-PRT,Zone_4A Mixed Humid,urb,sfh,sr22_low,0.13242040459368415
C-WEU-PRT,Zone_4A Mixed Humid,urb,sfh,sr31_std,0.1740898971447588
C-WEU-PRT,Zone_4A Mixed Humid,urb,sfh,sr32_low,0.1740898971447588
C-WEU-PRT,Zone_4C Mixed Marine,rur,inf,ns,2.1209609591646563
C-WEU-PRT,Zone_4C Mixed Marine,rur,mfh,s1,1.3874015686379342
C-WEU-PRT,Zone_4C Mixed Marine,rur,mfh,s2,1.6756718894722986
C-WEU-PRT,Zone_4C Mixed Marine,rur,mfh,s3,2.3117991320279914
C-WEU-PRT,Zone_4C Mixed Marine,rur,mfh,s51_std,2.6427463431960527
C-WEU-PRT,Zone_4C Mixed Marine,rur,mfh,s52_low,3.2200922079344956
C-WEU-PRT,Zone_4C Mixed Marine,rur,mfh,sr11_std,1.3874015686379342
C-WEU-PRT,Zone_4C Mixed Marine,rur,mfh,sr12_low,1.3874015686379342
C-WEU-PRT,Zone_4C Mixed Marine,rur,mfh,sr21_std,1.6756718894722986
C-WEU-PRT,Zone_4C Mixed Marine,rur,mfh,sr22_low,1.6756718894722986
C-WEU-PRT,Zone_4C Mixed Marine,rur,mfh,sr31_std,2.3117991320279914
C-WEU-PRT,Zone_4C Mixed Marine,rur,mfh,sr32_low,2.3117991320279914
C-WEU-PRT,Zone_4C Mixed Marine,rur,sfh,s1,1.0604804795823282
C-WEU-PRT,Zone_4C Mixed Marine,rur,sfh,s2,1.1796536842550636
C-WEU-PRT,Zone_4C Mixed Marine,rur,sfh,s3,1.550862113648872
C-WEU-PRT,Zone_4C Mixed Marine,rur,sfh,s51_std,1.800481664329456
C-WEU-PRT,Zone_4C Mixed Marine,rur,sfh,s52_low,2.411646952106971
C-WEU-PRT,Zone_4C Mixed Marine,rur,sfh,sr11_std,1.0604804795823282
C-WEU-PRT,Zone_4C Mixed Marine,rur,sfh,sr12_low,1.0604804795823282
C-WEU-PRT,Zone_4C Mixed Marine,rur,sfh,sr21_std,1.1796536842550636
C-WEU-PRT,Zone_4C Mixed Marine,rur,sfh,sr22_low,1.1796536842550636
C-WEU-PRT,Zone_4C Mixed Marine,rur,sfh,sr31_std,1.550862113648872
C-WEU-PRT,Zone_4C Mixed Marine,rur,sfh,sr32_low,1.550862113648872
C-WEU-PRT,Zone_4C Mixed Marine,urb,inf,ns,2.107482205415973
C-WEU-PRT,Zone_4C Mixed Marine,urb,mfh,s1,1.378584601020778
C-WEU-PRT,Zone_4C Mixed Marine,urb,mfh,s2,1.6650229575981903
C-WEU-PRT,Zone_4C Mixed Marine,urb,mfh,s3,2.297107597475042
C-WEU-PRT,Zone_4C Mixed Marine,urb,mfh,s51_std,2.6259516318053246
C-WEU-PRT,Zone_4C Mixed Marine,urb,mfh,s52_low,3.199628450819468
C-WEU-PRT,Zone_4C Mixed Marine,urb,mfh,sr11_std,1.378584601020778
C-WEU-PRT,Zone_4C Mixed Marine,urb,mfh,sr12_low,1.378584601020778
C-WEU-PRT,Zone_4C Mixed Marine,urb,mfh,sr21_std,1.6650229575981903
C-WEU-PRT,Zone_4C Mixed Marine,urb,mfh,sr22_low,1.6650229575981903
C-WEU-PRT,Zone_4C Mixed Marine,urb,mfh,sr31_std,2.297107597475042
C-WEU-PRT,Zone_4C Mixed Marine,urb,mfh,sr32_low,2.297107597475042
C-WEU-PRT,Zone_4C Mixed Marine,urb,sfh,s1,1.0537411027079866
C-WEU-PRT,Zone_4C Mixed Marine,urb,sfh,s2,1.1721569590324254
C-WEU-PRT,Zone_4C Mixed Marine,urb,sfh,s3,1.5410063506572382
C-WEU-PRT,Zone_4C Mixed Marine,urb,sfh,s51_std,1.7890395635790144
C-WEU-PRT,Zone_4C Mixed Marine,urb,sfh,s52_low,2.3963208824517266
C-WEU-PRT,Zone_4C Mixed Marine,urb,sfh,sr11_std,1.0537411027079866
C-WEU-PRT,Zone_4C Mixed Marine,urb,sfh,sr12_low,1.0537411027079866
C-WEU-PRT,Zone_4C Mixed Marine,urb,sfh,sr21_std,1.1721569590324254
C-WEU-PRT,Zone_4C Mixed Marine,urb,sfh,sr22_low,1.1721569590324254
C-WEU-PRT,Zone_4C Mixed Marine,urb,sfh,sr31_std,1.5410063506572382
C-WEU-PRT,Zone_4C Mixed Marine,urb,sfh,sr32_low,1.5410063506572382
C-WEU-SWE,Zone_5A Cool Humid,rur,inf,ns,2.441176471
C-WEU-SWE,Zone_5A Cool Humid,rur,mfh,s1,3.639705882
C-WEU-SWE,Zone_5A Cool Humid,rur,mfh,s2,4.852941176
C-WEU-SWE,Zone_5A Cool Humid,rur,mfh,s3,8.411764706
C-WEU-SWE,Zone_5A Cool Humid,rur,mfh,s51_std,10.11029412
C-WEU-SWE,Zone_5A Cool Humid,rur,mfh,s52_low,14.25735294
C-WEU-SWE,Zone_5A Cool Humid,rur,mfh,sr11_std,3.639705882
C-WEU-SWE,Zone_5A Cool Humid,rur,mfh,sr12_low,3.639705882
C-WEU-SWE,Zone_5A Cool Humid,rur,mfh,sr21_std,4.852941176
C-WEU-SWE,Zone_5A Cool Humid,rur,mfh,sr22_low,4.852941176
C-WEU-SWE,Zone_5A Cool Humid,rur,mfh,sr31_std,8.411764706
C-WEU-SWE,Zone_5A Cool Humid,rur,mfh,sr32_low,8.411764706
C-WEU-SWE,Zone_5A Cool Humid,rur,sfh,s1,2.441176471
C-WEU-SWE,Zone_5A Cool Humid,rur,sfh,s2,2.919117647
C-WEU-SWE,Zone_5A Cool Humid,rur,sfh,s3,4.316176471
C-WEU-SWE,Zone_5A Cool Humid,rur,sfh,s51_std,5.647058824
C-WEU-SWE,Zone_5A Cool Humid,rur,sfh,s52_low,8.860294118
C-WEU-SWE,Zone_5A Cool Humid,rur,sfh,sr11_std,2.441176471
C-WEU-SWE,Zone_5A Cool Humid,rur,sfh,sr12_low,2.441176471
C-WEU-SWE,Zone_5A Cool Humid,rur,sfh,sr21_std,2.919117647
C-WEU-SWE,Zone_5A Cool Humid,rur,sfh,sr22_low,2.919117647
C-WEU-SWE,Zone_5A Cool Humid,rur,sfh,sr31_std,4.316176471
C-WEU-SWE,Zone_5A Cool Humid,rur,sfh,sr32_low,4.316176471
C-WEU-SWE,Zone_5A Cool Humid,urb,inf,ns,2.441176471
C-WEU-SWE,Zone_5A Cool Humid,urb,mfh,s1,3.639705882
C-WEU-SWE,Zone_5A Cool Humid,urb,mfh,s2,4.852941176
C-WEU-SWE,Zone_5A Cool Humid,urb,mfh,s3,8.411764706
C-WEU-SWE,Zone_5A Cool Humid,urb,mfh,s51_std,10.11029412
C-WEU-SWE,Zone_5A Cool Humid,urb,mfh,s52_low,14.25735294
C-WEU-SWE,Zone_5A Cool Humid,urb,mfh,sr11_std,3.639705882
C-WEU-SWE,Zone_5A Cool Humid,urb,mfh,sr12_low,3.639705882
C-WEU-SWE,Zone_5A Cool Humid,urb,mfh,sr21_std,4.852941176
C-WEU-SWE,Zone_5A Cool Humid,urb,mfh,sr22_low,4.852941176
C-WEU-SWE,Zone_5A Cool Humid,urb,mfh,sr31_std,8.411764706
C-WEU-SWE,Zone_5A Cool Humid,urb,mfh,sr32_low,8.411764706
C-WEU-SWE,Zone_5A Cool Humid,urb,sfh,s1,2.441176471
C-WEU-SWE,Zone_5A Cool Humid,urb,sfh,s2,2.919117647
C-WEU-SWE,Zone_5A Cool Humid,urb,sfh,s3,4.316176471
C-WEU-SWE,Zone_5A Cool Humid,urb,sfh,s51_std,5.647058824
C-WEU-SWE,Zone_5A Cool Humid,urb,sfh,s52_low,8.860294118
C-WEU-SWE,Zone_5A Cool Humid,urb,sfh,sr11_std,2.441176471
C-WEU-SWE,Zone_5A Cool Humid,urb,sfh,sr12_low,2.441176471
C-WEU-SWE,Zone_5A Cool Humid,urb,sfh,sr21_std,2.919117647
C-WEU-SWE,Zone_5A Cool Humid,urb,sfh,sr22_low,2.919117647
C-WEU-SWE,Zone_5A Cool Humid,urb,sfh,sr31_std,4.316176471
C-WEU-SWE,Zone_5A Cool Humid,urb,sfh,sr32_low,4.316176471
C-WEU-SWE,Zone_6A Cold Humid,rur,inf,ns,2.67032967
C-WEU-SWE,Zone_6A Cold Humid,rur,mfh,s1,3.777472527
C-WEU-SWE,Zone_6A Cold Humid,rur,mfh,s2,5.041208791
C-WEU-SWE,Zone_6A Cold Humid,rur,mfh,s3,8.335164835
C-WEU-SWE,Zone_6A Cold Humid,rur,mfh,s51_std,9.989010989
C-WEU-SWE,Zone_6A Cold Humid,rur,mfh,s52_low,13.92032967
C-WEU-SWE,Zone_6A Cold Humid,rur,mfh,sr11_std,3.777472527
C-WEU-SWE,Zone_6A Cold Humid,rur,mfh,sr12_low,3.777472527
C-WEU-SWE,Zone_6A Cold Humid,rur,mfh,sr21_std,5.041208791
C-WEU-SWE,Zone_6A Cold Humid,rur,mfh,sr22_low,5.041208791
C-WEU-SWE,Zone_6A Cold Humid,rur,mfh,sr31_std,8.335164835
C-WEU-SWE,Zone_6A Cold Humid,rur,mfh,sr32_low,8.335164835
C-WEU-SWE,Zone_6A Cold Humid,rur,sfh,s1,2.67032967
C-WEU-SWE,Zone_6A Cold Humid,rur,sfh,s2,3.038461538
C-WEU-SWE,Zone_6A Cold Humid,rur,sfh,s3,4.486263736
C-WEU-SWE,Zone_6A Cold Humid,rur,sfh,s51_std,5.620879121
C-WEU-SWE,Zone_6A Cold Humid,rur,sfh,s52_low,8.909340659
C-WEU-SWE,Zone_6A Cold Humid,rur,sfh,sr11_std,2.67032967
C-WEU-SWE,Zone_6A Cold Humid,rur,sfh,sr12_low,2.67032967
C-WEU-SWE,Zone_6A Cold Humid,rur,sfh,sr21_std,3.038461538
C-WEU-SWE,Zone_6A Cold Humid,rur,sfh,sr22_low,3.038461538
C-WEU-SWE,Zone_6A Cold Humid,rur,sfh,sr31_std,4.486263736
C-WEU-SWE,Zone_6A Cold Humid,rur,sfh,sr32_low,4.486263736
C-WEU-SWE,Zone_6A Cold Humid,urb,inf,ns,2.67032967
C-WEU-SWE,Zone_6A Cold Humid,urb,mfh,s1,3.777472527
C-WEU-SWE,Zone_6A Cold Humid,urb,mfh,s2,5.041208791
C-WEU-SWE,Zone_6A Cold Humid,urb,mfh,s3,8.335164835
C-WEU-SWE,Zone_6A Cold Humid,urb,mfh,s51_std,9.989010989
C-WEU-SWE,Zone_6A Cold Humid,urb,mfh,s52_low,13.92032967
C-WEU-SWE,Zone_6A Cold Humid,urb,mfh,sr11_std,3.777472527
C-WEU-SWE,Zone_6A Cold Humid,urb,mfh,sr12_low,3.777472527
C-WEU-SWE,Zone_6A Cold Humid,urb,mfh,sr21_std,5.041208791
C-WEU-SWE,Zone_6A Cold Humid,urb,mfh,sr22_low,5.041208791
C-WEU-SWE,Zone_6A Cold Humid,urb,mfh,sr31_std,8.335164835
C-WEU-SWE,Zone_6A Cold Humid,urb,mfh,sr32_low,8.335164835
C-WEU-SWE,Zone_6A Cold Humid,urb,sfh,s1,2.67032967
C-WEU-SWE,Zone_6A Cold Humid,urb,sfh,s2,3.038461538
C-WEU-SWE,Zone_6A Cold Humid,urb,sfh,s3,4.486263736
C-WEU-SWE,Zone_6A Cold Humid,urb,sfh,s51_std,5.620879121
C-WEU-SWE,Zone_6A Cold Humid,urb,sfh,s52_low,8.909340659
C-WEU-SWE,Zone_6A Cold Humid,urb,sfh,sr11_std,2.67032967
C-WEU-SWE,Zone_6A Cold Humid,urb,sfh,sr12_low,2.67032967
C-WEU-SWE,Zone_6A Cold Humid,urb,sfh,sr21_std,3.038461538
C-WEU-SWE,Zone_6A Cold Humid,urb,sfh,sr22_low,3.038461538
C-WEU-SWE,Zone_6A Cold Humid,urb,sfh,sr31_std,4.486263736
C-WEU-SWE,Zone_6A Cold Humid,urb,sfh,sr32_low,4.486263736
C-WEU-SWE,Zone_7A Very cold Humid,rur,inf,ns,0.6799973977624715
C-WEU-SWE,Zone_7A Very cold Humid,rur,mfh,s1,0.4809652379961047
C-WEU-SWE,Zone_7A Very cold Humid,rur,mfh,s2,0.641869971578696
C-WEU-SWE,Zone_7A Very cold Humid,rur,mfh,s3,1.0612716596002258
C-WEU-SWE,Zone_7A Very cold Humid,rur,mfh,s51_std,1.2718469849868255
C-WEU-SWE,Zone_7A Very cold Humid,rur,mfh,s52_low,1.7724006249003186
C-WEU-SWE,Zone_7A Very cold Humid,rur,mfh,sr11_std,0.4809652379961047
C-WEU-SWE,Zone_7A Very cold Humid,rur,mfh,sr12_low,0.4809652379961047
C-WEU-SWE,Zone_7A Very cold Humid,rur,mfh,sr21_std,0.641869971578696
C-WEU-SWE,Zone_7A Very cold Humid,rur,mfh,sr22_low,0.641869971578696
C-WEU-SWE,Zone_7A Very cold Humid,rur,mfh,sr31_std,1.0612716596002258
C-WEU-SWE,Zone_7A Very cold Humid,rur,mfh,sr32_low,1.0612716596002258
C-WEU-SWE,Zone_7A Very cold Humid,rur,sfh,s1,0.33999869888123574
C-WEU-SWE,Zone_7A Very cold Humid,rur,sfh,s2,0.3868709477360808
C-WEU-SWE,Zone_7A Very cold Humid,rur,sfh,s3,0.5712118063827177
C-WEU-SWE,Zone_7A Very cold Humid,rur,sfh,s51_std,0.7156762735474176
C-WEU-SWE,Zone_7A Very cold Humid,rur,sfh,s52_low,1.1343783751950336
C-WEU-SWE,Zone_7A Very cold Humid,rur,sfh,sr11_std,0.33999869888123574
C-WEU-SWE,Zone_7A Very cold Humid,rur,sfh,sr12_low,0.33999869888123574
C-WEU-SWE,Zone_7A Very cold Humid,rur,sfh,sr21_std,0.3868709477360808
C-WEU-SWE,Zone_7A Very cold Humid,rur,sfh,sr22_low,0.3868709477360808
C-WEU-SWE,Zone_7A Very cold Humid,rur,sfh,sr31_std,0.5712118063827177
C-WEU-SWE,Zone_7A Very cold Humid,rur,sfh,sr32_low,0.5712118063827177
C-WEU-SWE,Zone_7A Very cold Humid,urb,inf,ns,0.6616454018329209
C-WEU-SWE,Zone_7A Very cold Humid,urb,mfh,s1,0.46798478818996714
C-WEU-SWE,Zone_7A Very cold Humid,urb,mfh,s2,0.6245469713077042
C-WEU-SWE,Zone_7A Very cold Humid,urb,mfh,s3,1.0326297070850867
C-WEU-SWE,Zone_7A Very cold Humid,urb,mfh,s51_std,1.2375219555554002
C-WEU-SWE,Zone_7A Very cold Humid,urb,mfh,s52_low,1.7245664873569486
C-WEU-SWE,Zone_7A Very cold Humid,urb,mfh,sr11_std,0.46798478818996714
C-WEU-SWE,Zone_7A Very cold Humid,urb,mfh,sr12_low,0.46798478818996714
C-WEU-SWE,Zone_7A Very cold Humid,urb,mfh,sr21_std,0.6245469713077042
C-WEU-SWE,Zone_7A Very cold Humid,urb,mfh,sr22_low,0.6245469713077042
C-WEU-SWE,Zone_7A Very cold Humid,urb,mfh,sr31_std,1.0326297070850867
C-WEU-SWE,Zone_7A Very cold Humid,urb,mfh,sr32_low,1.0326297070850867
C-WEU-SWE,Zone_7A Very cold Humid,urb,sfh,s1,0.3308227009164604
C-WEU-SWE,Zone_7A Very cold Humid,urb,sfh,s2,0.3764299459300797
C-WEU-SWE,Zone_7A Very cold Humid,urb,sfh,s3,0.5557957521740681
C-WEU-SWE,Zone_7A Very cold Humid,urb,sfh,s51_std,0.6963613642518293
C-WEU-SWE,Zone_7A Very cold Humid,urb,sfh,s52_low,1.1037633943250311
C-WEU-SWE,Zone_7A Very cold Humid,urb,sfh,sr11_std,0.3308227009164604
C-WEU-SWE,Zone_7A Very cold Humid,urb,sfh,sr12_low,0.3308227009164604
C-WEU-SWE,Zone_7A Very cold Humid,urb,sfh,sr21_std,0.3764299459300797
C-WEU-SWE,Zone_7A Very cold Humid,urb,sfh,sr22_low,0.3764299459300797
C-WEU-SWE,Zone_7A Very cold Humid,urb,sfh,sr31_std,0.5557957521740681
C-WEU-SWE,Zone_7A Very cold Humid,urb,sfh,sr32_low,0.5557957521740681
C-WEU-SWE,Zone_8A Subarctic/arctic Humid,rur,inf,ns,0.05789485718843011
C-WEU-SWE,Zone_8A Subarctic/arctic Humid,rur,mfh,s1,0.04995176256357112
C-WEU-SWE,Zone_8A Subarctic/arctic Humid,rur,mfh,s2,0.07085639250350279
C-WEU-SWE,Zone_8A Subarctic/arctic Humid,rur,mfh,s3,0.13802373297902593
C-WEU-SWE,Zone_8A Subarctic/arctic Humid,rur,mfh,s51_std,0.18029827859674344
C-WEU-SWE,Zone_8A Subarctic/arctic Humid,rur,mfh,s52_low,0.2949247784953647
C-WEU-SWE,Zone_8A Subarctic/arctic Humid,rur,mfh,sr11_std,0.04995176256357112
C-WEU-SWE,Zone_8A Subarctic/arctic Humid,rur,mfh,sr12_low,0.04995176256357112
C-WEU-SWE,Zone_8A Subarctic/arctic Humid,rur,mfh,sr21_std,0.07085639250350279
C-WEU-SWE,Zone_8A Subarctic/arctic Humid,rur,mfh,sr22_low,0.07085639250350279
C-WEU-SWE,Zone_8A Subarctic/arctic Humid,rur,mfh,sr31_std,0.13802373297902593
C-WEU-SWE,Zone_8A Subarctic/arctic Humid,rur,mfh,sr32_low,0.13802373297902593
C-WEU-SWE,Zone_8A Subarctic/arctic Humid,rur,sfh,s1,0.028947428594215056
C-WEU-SWE,Zone_8A Subarctic/arctic Humid,rur,sfh,s2,0.035095849353399926
C-WEU-SWE,Zone_8A Subarctic/arctic Humid,rur,sfh,s3,0.06125156271886885
C-WEU-SWE,Zone_8A Subarctic/arctic Humid,rur,sfh,s51_std,0.08076033491082395
C-WEU-SWE,Zone_8A Subarctic/arctic Humid,rur,sfh,s52_low,0.15194907444628172
C-WEU-SWE,Zone_8A Subarctic/arctic Humid,rur,sfh,sr11_std,0.028947428594215056
C-WEU-SWE,Zone_8A Subarctic/arctic Humid,rur,sfh,sr12_low,0.028947428594215056
C-WEU-SWE,Zone_8A Subarctic/arctic Humid,rur,sfh,sr21_std,0.035095849353399926
C-WEU-SWE,Zone_8A Subarctic/arctic Humid,rur,sfh,sr22_low,0.035095849353399926
C-WEU-SWE,Zone_8A Subarctic/arctic Humid,rur,sfh,sr31_std,0.06125156271886885
C-WEU-SWE,Zone_8A Subarctic/arctic Humid,rur,sfh,sr32_low,0.06125156271886885
C-WEU-SWE,Zone_8A Subarctic/arctic Humid,urb,inf,ns,0.05633237152751427
C-WEU-SWE,Zone_8A Subarctic/arctic Humid,urb,mfh,s1,0.048603647782166144
C-WEU-SWE,Zone_8A Subarctic/arctic Humid,urb,mfh,s2,0.0689440966166572
C-WEU-SWE,Zone_8A Subarctic/arctic Humid,urb,mfh,s3,0.134298702568399
C-WEU-SWE,Zone_8A Subarctic/arctic Humid,urb,mfh,s51_std,0.17543232868899378
C-WEU-SWE,Zone_8A Subarctic/arctic Humid,urb,mfh,s52_low,0.28696525048499283
C-WEU-SWE,Zone_8A Subarctic/arctic Humid,urb,mfh,sr11_std,0.048603647782166144
C-WEU-SWE,Zone_8A Subarctic/arctic Humid,urb,mfh,sr12_low,0.048603647782166144
C-WEU-SWE,Zone_8A Subarctic/arctic Humid,urb,mfh,sr21_std,0.0689440966166572
C-WEU-SWE,Zone_8A Subarctic/arctic Humid,urb,mfh,sr22_low,0.0689440966166572
C-WEU-SWE,Zone_8A Subarctic/arctic Humid,urb,mfh,sr31_std,0.134298702568399
C-WEU-SWE,Zone_8A Subarctic/arctic Humid,urb,mfh,sr32_low,0.134298702568399
C-WEU-SWE,Zone_8A Subarctic/arctic Humid,urb,sfh,s1,0.028166185763757134
C-WEU-SWE,Zone_8A Subarctic/arctic Humid,urb,sfh,s2,0.03414867089860431
C-WEU-SWE,Zone_8A Subarctic/arctic Humid,urb,sfh,s3,0.05959848517269872
C-WEU-SWE,Zone_8A Subarctic/arctic Humid,urb,sfh,s51_std,0.07858074813236064
C-WEU-SWE,Zone_8A Subarctic/arctic Humid,urb,sfh,s52_low,0.14784822228873992
C-WEU-SWE,Zone_8A Subarctic/arctic Humid,urb,sfh,sr11_std,0.028166185763757134
C-WEU-SWE,Zone_8A Subarctic/arctic Humid,urb,sfh,sr12_low,0.028166185763757134
C-WEU-SWE,Zone_8A Subarctic/arctic Humid,urb,sfh,sr21_std,0.03414867089860431
C-WEU-SWE,Zone_8A Subarctic/arctic Humid,urb,sfh,sr22_low,0.03414867089860431
C-WEU-SWE,Zone_8A Subarctic/arctic Humid,urb,sfh,sr31_std,0.05959848517269872
C-WEU-SWE,Zone_8A Subarctic/arctic Humid,urb,sfh,sr32_low,0.05959848517269872
