region_bld,clim,urt,arch,eneff,value
C-WEU-AUT,Zone_5A Cool Humid,rur,inf,ns,14.893012360362896
C-WEU-AUT,Zone_5A Cool Humid,urb,inf,ns,14.893012360362896
C-WEU-AUT,Zone_4A Mixed Humid,rur,inf,ns,14.893012360362896
C-WEU-AUT,Zone_4A Mixed Humid,urb,inf,ns,14.893012360362896
C-WEU-AUT,Zone_6A Cold Humid,rur,inf,ns,14.893012360362896
C-WEU-AUT,Zone_6A Cold Humid,urb,inf,ns,14.893012360362896
C-WEU-AUT,Zone_7A Very cold Humid,rur,inf,ns,14.893012360362896
C-WEU-AUT,Zone_7A Very cold Humid,urb,inf,ns,14.893012360362896
C-WEU-BEL,Zone_4A Mixed Humid,rur,inf,ns,9.46428572
C-WEU-BEL,Zone_4A Mixed Humid,urb,inf,ns,9.46428572
C-WEU-BEL,Zone_5A Cool Humid,rur,inf,ns,9.46428572
C-WEU-BEL,Zone_5A Cool Humid,urb,inf,ns,9.46428572
C-EEU-BGR,Zone_4A Mixed Humid,rur,inf,ns,54.708971646260366
C-EEU-BGR,Zone_4A Mixed Humid,urb,inf,ns,54.708971646260366
C-EEU-BGR,Zone_5A Cool Humid,rur,inf,ns,54.708971646260366
C-EEU-BGR,Zone_5A Cool Humid,urb,inf,ns,54.708971646260366
C-WEU-CYP,Zone_3A Warm Humid,rur,inf,ns,91.7865089
C-WEU-CYP,Zone_3A Warm Humid,urb,inf,ns,91.7865089
C-EEU-CZE,Zone_5A Cool Humid,rur,inf,ns,14.6025641
C-EEU-CZE,Zone_5A Cool Humid,urb,inf,ns,14.6025641
C-WEU-DEU,Zone_5A Cool Humid,rur,inf,ns,14.065279911960424
C-WEU-DEU,Zone_5A Cool Humid,urb,inf,ns,14.065279911960424
C-WEU-DEU,Zone_4A Mixed Humid,rur,inf,ns,14.065279911960424
C-WEU-DEU,Zone_4A Mixed Humid,urb,inf,ns,14.065279911960424
C-WEU-DEU,Zone_6A Cold Humid,rur,inf,ns,14.065279911960424
C-WEU-DEU,Zone_6A Cold Humid,urb,inf,ns,14.065279911960424
C-WEU-DNK,Zone_5A Cool Humid,rur,inf,ns,5.40625
C-WEU-DNK,Zone_5A Cool Humid,urb,inf,ns,5.40625
C-EEU-EST,Zone_6A Cold Humid,rur,inf,ns,5.93181818
C-EEU-EST,Zone_6A Cold Humid,urb,inf,ns,5.93181818
C-WEU-GRC,Zone_3A Warm Humid,rur,inf,ns,98.91408966926664
C-WEU-GRC,Zone_3A Warm Humid,urb,inf,ns,98.91408966926664
C-WEU-GRC,Zone_4A Mixed Humid,rur,inf,ns,98.91408966926664
C-WEU-GRC,Zone_4A Mixed Humid,urb,inf,ns,98.91408966926664
C-WEU-GRC,Zone_4C Mixed Marine,rur,inf,ns,98.91408966926664
C-WEU-GRC,Zone_4C Mixed Marine,urb,inf,ns,98.91408966926664
C-WEU-GRC,Zone_5C Cool Marine,rur,inf,ns,98.91408966926664
C-WEU-GRC,Zone_5C Cool Marine,urb,inf,ns,98.91408966926664
C-WEU-GRC,Zone_5A Cool Humid,rur,inf,ns,98.91408966926664
C-WEU-GRC,Zone_5A Cool Humid,urb,inf,ns,98.91408966926664
C-WEU-ESP,Zone_3C Warm Marine,rur,inf,ns,79.33667751124113
C-WEU-ESP,Zone_3C Warm Marine,urb,inf,ns,79.33667751124113
C-WEU-ESP,Zone_4C Mixed Marine,rur,inf,ns,79.33667751124113
C-WEU-ESP,Zone_4C Mixed Marine,urb,inf,ns,79.33667751124113
C-WEU-ESP,Zone_4A Mixed Humid,rur,inf,ns,79.33667751124113
C-WEU-ESP,Zone_4A Mixed Humid,urb,inf,ns,79.33667751124113
C-WEU-ESP,Zone_3A Warm Humid,rur,inf,ns,79.33667751124113
C-WEU-ESP,Zone_3A Warm Humid,urb,inf,ns,79.33667751124113
C-WEU-ESP,Zone_3B Warm Dry,rur,inf,ns,79.33667751124113
C-WEU-ESP,Zone_3B Warm Dry,urb,inf,ns,79.33667751124113
C-WEU-ESP,Zone_2B Hot Dry,rur,inf,ns,79.33667751124113
C-WEU-ESP,Zone_2B Hot Dry,urb,inf,ns,79.33667751124113
C-WEU-FIN,Zone_6A Cold Humid,rur,inf,ns,1.8055951624028868
C-WEU-FIN,Zone_6A Cold Humid,urb,inf,ns,1.8055951624028868
C-WEU-FIN,Zone_7A Very cold Humid,rur,inf,ns,1.8055951624028868
C-WEU-FIN,Zone_7A Very cold Humid,urb,inf,ns,1.8055951624028868
C-WEU-FRA,Zone_4A Mixed Humid,rur,inf,ns,21.42690630179975
C-WEU-FRA,Zone_4A Mixed Humid,urb,inf,ns,21.42690630179975
C-WEU-FRA,Zone_5A Cool Humid,rur,inf,ns,21.42690630179975
C-WEU-FRA,Zone_5A Cool Humid,urb,inf,ns,21.42690630179975
C-WEU-FRA,Zone_3A Warm Humid,rur,inf,ns,21.42690630179975
C-WEU-FRA,Zone_3A Warm Humid,urb,inf,ns,21.42690630179975
C-WEU-FRA,Zone_7A Very cold Humid,rur,inf,ns,21.42690630179975
C-WEU-FRA,Zone_7A Very cold Humid,urb,inf,ns,21.42690630179975
C-WEU-FRA,Zone_4C Mixed Marine,rur,inf,ns,21.42690630179975
C-WEU-FRA,Zone_4C Mixed Marine,urb,inf,ns,21.42690630179975
C-WEU-FRA,Zone_3C Warm Marine,rur,inf,ns,21.42690630179975
C-WEU-FRA,Zone_3C Warm Marine,urb,inf,ns,21.42690630179975
C-WEU-FRA,Zone_1A Very hot Humid,rur,inf,ns,21.42690630179975
C-WEU-FRA,Zone_1A Very hot Humid,urb,inf,ns,21.42690630179975
C-WEU-FRA,Zone_2A Hot Humid,rur,inf,ns,21.42690630179975
C-WEU-FRA,Zone_2A Hot Humid,urb,inf,ns,21.42690630179975
C-WEU-FRA,Zone_0A Extremely hot Humid,rur,inf,ns,21.42690630179975
C-WEU-FRA,Zone_0A Extremely hot Humid,urb,inf,ns,21.42690630179975
C-EEU-HRV,Zone_4A Mixed Humid,rur,inf,ns,65.93299237303373
C-EEU-HRV,Zone_4A Mixed Humid,urb,inf,ns,65.93299237303373
C-EEU-HRV,Zone_5A Cool Humid,rur,inf,ns,65.93299237303373
C-EEU-HRV,Zone_5A Cool Humid,urb,inf,ns,65.93299237303373
C-EEU-HRV,Zone_4C Mixed Marine,rur,inf,ns,65.93299237303373
C-EEU-HRV,Zone_4C Mixed Marine,urb,inf,ns,65.93299237303373
C-EEU-HRV,Zone_3A Warm Humid,rur,inf,ns,65.93299237303373
C-EEU-HRV,Zone_3A Warm Humid,urb,inf,ns,65.93299237303373
C-EEU-HUN,Zone_4A Mixed Humid,rur,inf,ns,48.22904903570859
C-EEU-HUN,Zone_4A Mixed Humid,urb,inf,ns,48.22904903570859
C-EEU-HUN,Zone_5A Cool Humid,rur,inf,ns,48.22904903570859
C-EEU-HUN,Zone_5A Cool Humid,urb,inf,ns,48.22904903570859
C-WEU-IRL,Zone_5A Cool Humid,rur,inf,ns,0.0
C-WEU-IRL,Zone_5A Cool Humid,urb,inf,ns,0.0
C-WEU-IRL,Zone_4A Mixed Humid,rur,inf,ns,0.0
C-WEU-IRL,Zone_4A Mixed Humid,urb,inf,ns,0.0
C-WEU-ITA,Zone_4A Mixed Humid,rur,inf,ns,71.58078284266425
C-WEU-ITA,Zone_4A Mixed Humid,urb,inf,ns,71.58078284266425
C-WEU-ITA,Zone_5A Cool Humid,rur,inf,ns,71.58078284266425
C-WEU-ITA,Zone_5A Cool Humid,urb,inf,ns,71.58078284266425
C-WEU-ITA,Zone_7A Very cold Humid,rur,inf,ns,71.58078284266425
C-WEU-ITA,Zone_7A Very cold Humid,urb,inf,ns,71.58078284266425
C-WEU-ITA,Zone_6A Cold Humid,rur,inf,ns,71.58078284266425
C-WEU-ITA,Zone_6A Cold Humid,urb,inf,ns,71.58078284266425
C-WEU-ITA,Zone_3A Warm Humid,rur,inf,ns,71.58078284266425
C-WEU-ITA,Zone_3A Warm Humid,urb,inf,ns,71.58078284266425
C-WEU-ITA,Zone_4C Mixed Marine,rur,inf,ns,71.58078284266425
C-WEU-ITA,Zone_4C Mixed Marine,urb,inf,ns,71.58078284266425
C-WEU-ITA,Zone_5C Cool Marine,rur,inf,ns,71.58078284266425
C-WEU-ITA,Zone_5C Cool Marine,urb,inf,ns,71.58078284266425
C-EEU-LTU,Zone_6A Cold Humid,rur,inf,ns,14.53333334
C-EEU-LTU,Zone_6A Cold Humid,urb,inf,ns,14.53333334
C-EEU-LTU,Zone_5A Cool Humid,rur,inf,ns,14.53333334
C-EEU-LTU,Zone_5A Cool Humid,urb,inf,ns,14.53333334
C-WEU-LUX,Zone_5A Cool Humid,rur,inf,ns,6.855392160000001
C-WEU-LUX,Zone_5A Cool Humid,urb,inf,ns,6.855392160000001
C-EEU-LVA,Zone_6A Cold Humid,rur,inf,ns,9.93589744
C-EEU-LVA,Zone_6A Cold Humid,urb,inf,ns,9.93589744
C-WEU-MLT,Zone_3A Warm Humid,rur,inf,ns,76.25
C-WEU-MLT,Zone_3A Warm Humid,urb,inf,ns,76.25
C-WEU-NLD,Zone_5A Cool Humid,rur,inf,ns,6.014942651865076
C-WEU-NLD,Zone_5A Cool Humid,urb,inf,ns,6.014942651865076
C-WEU-NLD,Zone_4A Mixed Humid,rur,inf,ns,6.014942651865076
C-WEU-NLD,Zone_4A Mixed Humid,urb,inf,ns,6.014942651865076
C-EEU-POL,Zone_5A Cool Humid,rur,inf,ns,18.01219512
C-EEU-POL,Zone_5A Cool Humid,urb,inf,ns,18.01219512
C-EEU-POL,Zone_6A Cold Humid,rur,inf,ns,18.01219512
C-EEU-POL,Zone_6A Cold Humid,urb,inf,ns,18.01219512
C-WEU-PRT,Zone_3C Warm Marine,rur,inf,ns,51.608147131133876
C-WEU-PRT,Zone_3C Warm Marine,urb,inf,ns,51.608147131133876
C-WEU-PRT,Zone_4C Mixed Marine,rur,inf,ns,51.608147131133876
C-WEU-PRT,Zone_4C Mixed Marine,urb,inf,ns,51.608147131133876
C-WEU-PRT,Zone_4A Mixed Humid,rur,inf,ns,51.608147131133876
C-WEU-PRT,Zone_4A Mixed Humid,urb,inf,ns,51.608147131133876
C-WEU-PRT,Zone_3A Warm Humid,rur,inf,ns,51.608147131133876
C-WEU-PRT,Zone_3A Warm Humid,urb,inf,ns,51.608147131133876
C-EEU-ROU,Zone_5A Cool Humid,rur,inf,ns,43.653579379363464
C-EEU-ROU,Zone_5A Cool Humid,urb,inf,ns,43.653579379363464
C-EEU-ROU,Zone_6A Cold Humid,rur,inf,ns,43.653579379363464
C-EEU-ROU,Zone_6A Cold Humid,urb,inf,ns,43.653579379363464
C-EEU-ROU,Zone_4A Mixed Humid,rur,inf,ns,43.653579379363464
C-EEU-ROU,Zone_4A Mixed Humid,urb,inf,ns,43.653579379363464
C-WEU-SWE,Zone_6A Cold Humid,rur,inf,ns,5.173343879111406
C-WEU-SWE,Zone_6A Cold Humid,urb,inf,ns,5.173343879111406
C-WEU-SWE,Zone_5A Cool Humid,rur,inf,ns,5.173343879111406
C-WEU-SWE,Zone_5A Cool Humid,urb,inf,ns,5.173343879111406
C-WEU-SWE,Zone_7A Very cold Humid,rur,inf,ns,5.173343879111406
C-WEU-SWE,Zone_7A Very cold Humid,urb,inf,ns,5.173343879111406
C-WEU-SWE,Zone_8A Subarctic/arctic Humid,rur,inf,ns,5.173343879111406
C-WEU-SWE,Zone_8A Subarctic/arctic Humid,urb,inf,ns,5.173343879111406
C-EEU-SVN,Zone_4A Mixed Humid,rur,inf,ns,8.882497878614185
C-EEU-SVN,Zone_4A Mixed Humid,urb,inf,ns,8.882497878614185
C-EEU-SVN,Zone_5A Cool Humid,rur,inf,ns,8.882497878614185
C-EEU-SVN,Zone_5A Cool Humid,urb,inf,ns,8.882497878614185
C-EEU-SVN,Zone_7A Very cold Humid,rur,inf,ns,8.882497878614185
C-EEU-SVN,Zone_7A Very cold Humid,urb,inf,ns,8.882497878614185
C-EEU-SVK,Zone_5A Cool Humid,rur,inf,ns,19.851592776075424
C-EEU-SVK,Zone_5A Cool Humid,urb,inf,ns,19.851592776075424
C-EEU-SVK,Zone_6A Cold Humid,rur,inf,ns,19.851592776075424
C-EEU-SVK,Zone_6A Cold Humid,urb,inf,ns,19.851592776075424
C-WEU-AUT,Zone_5A Cool Humid,rur,mfh,s1,10.037706807400305
C-WEU-AUT,Zone_5A Cool Humid,urb,mfh,s1,10.037706807400305
C-WEU-AUT,Zone_4A Mixed Humid,rur,mfh,s1,10.037706807400305
C-WEU-AUT,Zone_4A Mixed Humid,urb,mfh,s1,10.037706807400305
C-WEU-AUT,Zone_6A Cold Humid,rur,mfh,s1,10.037706807400305
C-WEU-AUT,Zone_6A Cold Humid,urb,mfh,s1,10.037706807400305
C-WEU-AUT,Zone_7A Very cold Humid,rur,mfh,s1,10.037706807400305
C-WEU-AUT,Zone_7A Very cold Humid,urb,mfh,s1,10.037706807400305
C-WEU-BEL,Zone_4A Mixed Humid,rur,mfh,s1,6.83928571
C-WEU-BEL,Zone_4A Mixed Humid,urb,mfh,s1,6.83928571
C-WEU-BEL,Zone_5A Cool Humid,rur,mfh,s1,6.83928571
C-WEU-BEL,Zone_5A Cool Humid,urb,mfh,s1,6.83928571
C-EEU-BGR,Zone_4A Mixed Humid,rur,mfh,s1,33.614439468627445
C-EEU-BGR,Zone_4A Mixed Humid,urb,mfh,s1,33.614439468627445
C-EEU-BGR,Zone_5A Cool Humid,rur,mfh,s1,33.614439468627445
C-EEU-BGR,Zone_5A Cool Humid,urb,mfh,s1,33.614439468627445
C-WEU-CYP,Zone_3A Warm Humid,rur,mfh,s1,48.84375
C-WEU-CYP,Zone_3A Warm Humid,urb,mfh,s1,48.84375
C-EEU-CZE,Zone_5A Cool Humid,rur,mfh,s1,10.98717949
C-EEU-CZE,Zone_5A Cool Humid,urb,mfh,s1,10.98717949
C-WEU-DEU,Zone_5A Cool Humid,rur,mfh,s1,9.045730386133267
C-WEU-DEU,Zone_5A Cool Humid,urb,mfh,s1,9.045730386133267
C-WEU-DEU,Zone_4A Mixed Humid,rur,mfh,s1,9.045730386133267
C-WEU-DEU,Zone_4A Mixed Humid,urb,mfh,s1,9.045730386133267
C-WEU-DEU,Zone_6A Cold Humid,rur,mfh,s1,9.045730386133267
C-WEU-DEU,Zone_6A Cold Humid,urb,mfh,s1,9.045730386133267
C-WEU-DNK,Zone_5A Cool Humid,rur,mfh,s1,3.671875
C-WEU-DNK,Zone_5A Cool Humid,urb,mfh,s1,3.671875
C-EEU-EST,Zone_6A Cold Humid,rur,mfh,s1,5.44886364
C-EEU-EST,Zone_6A Cold Humid,urb,mfh,s1,5.44886364
C-WEU-GRC,Zone_3A Warm Humid,rur,mfh,s1,53.872401957649984
C-WEU-GRC,Zone_3A Warm Humid,urb,mfh,s1,53.872401957649984
C-WEU-GRC,Zone_4A Mixed Humid,rur,mfh,s1,53.872401957649984
C-WEU-GRC,Zone_4A Mixed Humid,urb,mfh,s1,53.872401957649984
C-WEU-GRC,Zone_4C Mixed Marine,rur,mfh,s1,53.872401957649984
C-WEU-GRC,Zone_4C Mixed Marine,urb,mfh,s1,53.872401957649984
C-WEU-GRC,Zone_5C Cool Marine,rur,mfh,s1,53.872401957649984
C-WEU-GRC,Zone_5C Cool Marine,urb,mfh,s1,53.872401957649984
C-WEU-GRC,Zone_5A Cool Humid,rur,mfh,s1,53.872401957649984
C-WEU-GRC,Zone_5A Cool Humid,urb,mfh,s1,53.872401957649984
C-WEU-ESP,Zone_3C Warm Marine,rur,mfh,s1,43.26826604798735
C-WEU-ESP,Zone_3C Warm Marine,urb,mfh,s1,43.26826604798735
C-WEU-ESP,Zone_4C Mixed Marine,rur,mfh,s1,43.26826604798735
C-WEU-ESP,Zone_4C Mixed Marine,urb,mfh,s1,43.26826604798735
C-WEU-ESP,Zone_4A Mixed Humid,rur,mfh,s1,43.26826604798735
C-WEU-ESP,Zone_4A Mixed Humid,urb,mfh,s1,43.26826604798735
C-WEU-ESP,Zone_3A Warm Humid,rur,mfh,s1,43.26826604798735
C-WEU-ESP,Zone_3A Warm Humid,urb,mfh,s1,43.26826604798735
C-WEU-ESP,Zone_3B Warm Dry,rur,mfh,s1,43.26826604798735
C-WEU-ESP,Zone_3B Warm Dry,urb,mfh,s1,43.26826604798735
C-WEU-ESP,Zone_2B Hot Dry,rur,mfh,s1,43.26826604798735
C-WEU-ESP,Zone_2B Hot Dry,urb,mfh,s1,43.26826604798735
C-WEU-FIN,Zone_6A Cold Humid,rur,mfh,s1,1.9148828425606705
C-WEU-FIN,Zone_6A Cold Humid,urb,mfh,s1,1.9148828425606705
C-WEU-FIN,Zone_7A Very cold Humid,rur,mfh,s1,1.9148828425606705
C-WEU-FIN,Zone_7A Very cold Humid,urb,mfh,s1,1.9148828425606705
C-WEU-FRA,Zone_4A Mixed Humid,rur,mfh,s1,13.622660316513908
C-WEU-FRA,Zone_4A Mixed Humid,urb,mfh,s1,13.622660316513908
C-WEU-FRA,Zone_5A Cool Humid,rur,mfh,s1,13.622660316513908
C-WEU-FRA,Zone_5A Cool Humid,urb,mfh,s1,13.622660316513908
C-WEU-FRA,Zone_3A Warm Humid,rur,mfh,s1,13.622660316513908
C-WEU-FRA,Zone_3A Warm Humid,urb,mfh,s1,13.622660316513908
C-WEU-FRA,Zone_7A Very cold Humid,rur,mfh,s1,13.622660316513908
C-WEU-FRA,Zone_7A Very cold Humid,urb,mfh,s1,13.622660316513908
C-WEU-FRA,Zone_4C Mixed Marine,rur,mfh,s1,13.622660316513908
C-WEU-FRA,Zone_4C Mixed Marine,urb,mfh,s1,13.622660316513908
C-WEU-FRA,Zone_3C Warm Marine,rur,mfh,s1,13.622660316513908
C-WEU-FRA,Zone_3C Warm Marine,urb,mfh,s1,13.622660316513908
C-WEU-FRA,Zone_1A Very hot Humid,rur,mfh,s1,13.622660316513908
C-WEU-FRA,Zone_1A Very hot Humid,urb,mfh,s1,13.622660316513908
C-WEU-FRA,Zone_2A Hot Humid,rur,mfh,s1,13.622660316513908
C-WEU-FRA,Zone_2A Hot Humid,urb,mfh,s1,13.622660316513908
C-WEU-FRA,Zone_0A Extremely hot Humid,rur,mfh,s1,13.622660316513908
C-WEU-FRA,Zone_0A Extremely hot Humid,urb,mfh,s1,13.622660316513908
C-EEU-HRV,Zone_4A Mixed Humid,rur,mfh,s1,15.54619831396733
C-EEU-HRV,Zone_4A Mixed Humid,urb,mfh,s1,15.54619831396733
C-EEU-HRV,Zone_5A Cool Humid,rur,mfh,s1,15.54619831396733
C-EEU-HRV,Zone_5A Cool Humid,urb,mfh,s1,15.54619831396733
C-EEU-HRV,Zone_4C Mixed Marine,rur,mfh,s1,15.54619831396733
C-EEU-HRV,Zone_4C Mixed Marine,urb,mfh,s1,15.54619831396733
C-EEU-HRV,Zone_3A Warm Humid,rur,mfh,s1,15.54619831396733
C-EEU-HRV,Zone_3A Warm Humid,urb,mfh,s1,15.54619831396733
C-EEU-HUN,Zone_4A Mixed Humid,rur,mfh,s1,31.003231163897873
C-EEU-HUN,Zone_4A Mixed Humid,urb,mfh,s1,31.003231163897873
C-EEU-HUN,Zone_5A Cool Humid,rur,mfh,s1,31.003231163897873
C-EEU-HUN,Zone_5A Cool Humid,urb,mfh,s1,31.003231163897873
C-WEU-IRL,Zone_5A Cool Humid,rur,mfh,s1,0.0
C-WEU-IRL,Zone_5A Cool Humid,urb,mfh,s1,0.0
C-WEU-IRL,Zone_4A Mixed Humid,rur,mfh,s1,0.0
C-WEU-IRL,Zone_4A Mixed Humid,urb,mfh,s1,0.0
C-WEU-ITA,Zone_4A Mixed Humid,rur,mfh,s1,40.35009520674937
C-WEU-ITA,Zone_4A Mixed Humid,urb,mfh,s1,40.35009520674937
C-WEU-ITA,Zone_5A Cool Humid,rur,mfh,s1,40.35009520674937
C-WEU-ITA,Zone_5A Cool Humid,urb,mfh,s1,40.35009520674937
C-WEU-ITA,Zone_7A Very cold Humid,rur,mfh,s1,40.35009520674937
C-WEU-ITA,Zone_7A Very cold Humid,urb,mfh,s1,40.35009520674937
C-WEU-ITA,Zone_6A Cold Humid,rur,mfh,s1,40.35009520674937
C-WEU-ITA,Zone_6A Cold Humid,urb,mfh,s1,40.35009520674937
C-WEU-ITA,Zone_3A Warm Humid,rur,mfh,s1,40.35009520674937
C-WEU-ITA,Zone_3A Warm Humid,urb,mfh,s1,40.35009520674937
C-WEU-ITA,Zone_4C Mixed Marine,rur,mfh,s1,40.35009520674937
C-WEU-ITA,Zone_4C Mixed Marine,urb,mfh,s1,40.35009520674937
C-WEU-ITA,Zone_5C Cool Marine,rur,mfh,s1,40.35009520674937
C-WEU-ITA,Zone_5C Cool Marine,urb,mfh,s1,40.35009520674937
C-EEU-LTU,Zone_6A Cold Humid,rur,mfh,s1,10.13333333
C-EEU-LTU,Zone_6A Cold Humid,urb,mfh,s1,10.13333333
C-EEU-LTU,Zone_5A Cool Humid,rur,mfh,s1,10.13333333
C-EEU-LTU,Zone_5A Cool Humid,urb,mfh,s1,10.13333333
C-WEU-LUX,Zone_5A Cool Humid,rur,mfh,s1,5.000000000000001
C-WEU-LUX,Zone_5A Cool Humid,urb,mfh,s1,5.000000000000001
C-EEU-LVA,Zone_6A Cold Humid,rur,mfh,s1,7.87179487
C-EEU-LVA,Zone_6A Cold Humid,urb,mfh,s1,7.87179487
C-WEU-MLT,Zone_3A Warm Humid,rur,mfh,s1,40.12499999999999
C-WEU-MLT,Zone_3A Warm Humid,urb,mfh,s1,40.12499999999999
C-WEU-NLD,Zone_5A Cool Humid,rur,mfh,s1,3.9866000809760473
C-WEU-NLD,Zone_5A Cool Humid,urb,mfh,s1,3.9866000809760473
C-WEU-NLD,Zone_4A Mixed Humid,rur,mfh,s1,3.9866000809760473
C-WEU-NLD,Zone_4A Mixed Humid,urb,mfh,s1,3.9866000809760473
C-EEU-POL,Zone_5A Cool Humid,rur,mfh,s1,12.41768293
C-EEU-POL,Zone_5A Cool Humid,urb,mfh,s1,12.41768293
C-EEU-POL,Zone_6A Cold Humid,rur,mfh,s1,12.41768293
C-EEU-POL,Zone_6A Cold Humid,urb,mfh,s1,12.41768293
C-WEU-PRT,Zone_3C Warm Marine,rur,mfh,s1,30.49371463158119
C-WEU-PRT,Zone_3C Warm Marine,urb,mfh,s1,30.49371463158119
C-WEU-PRT,Zone_4C Mixed Marine,rur,mfh,s1,30.49371463158119
C-WEU-PRT,Zone_4C Mixed Marine,urb,mfh,s1,30.49371463158119
C-WEU-PRT,Zone_4A Mixed Humid,rur,mfh,s1,30.49371463158119
C-WEU-PRT,Zone_4A Mixed Humid,urb,mfh,s1,30.49371463158119
C-WEU-PRT,Zone_3A Warm Humid,rur,mfh,s1,30.49371463158119
C-WEU-PRT,Zone_3A Warm Humid,urb,mfh,s1,30.49371463158119
C-EEU-ROU,Zone_5A Cool Humid,rur,mfh,s1,27.626839934441467
C-EEU-ROU,Zone_5A Cool Humid,urb,mfh,s1,27.626839934441467
C-EEU-ROU,Zone_6A Cold Humid,rur,mfh,s1,27.626839934441467
C-EEU-ROU,Zone_6A Cold Humid,urb,mfh,s1,27.626839934441467
C-EEU-ROU,Zone_4A Mixed Humid,rur,mfh,s1,27.626839934441467
C-EEU-ROU,Zone_4A Mixed Humid,urb,mfh,s1,27.626839934441467
C-WEU-SWE,Zone_6A Cold Humid,rur,mfh,s1,3.702278187094096
C-WEU-SWE,Zone_6A Cold Humid,urb,mfh,s1,3.702278187094096
C-WEU-SWE,Zone_5A Cool Humid,rur,mfh,s1,3.702278187094096
C-WEU-SWE,Zone_5A Cool Humid,urb,mfh,s1,3.702278187094096
C-WEU-SWE,Zone_7A Very cold Humid,rur,mfh,s1,3.702278187094096
C-WEU-SWE,Zone_7A Very cold Humid,urb,mfh,s1,3.702278187094096
C-WEU-SWE,Zone_8A Subarctic/arctic Humid,rur,mfh,s1,3.702278187094096
C-WEU-SWE,Zone_8A Subarctic/arctic Humid,urb,mfh,s1,3.702278187094096
C-EEU-SVN,Zone_4A Mixed Humid,rur,mfh,s1,8.158140462654853
C-EEU-SVN,Zone_4A Mixed Humid,urb,mfh,s1,8.158140462654853
C-EEU-SVN,Zone_5A Cool Humid,rur,mfh,s1,8.158140462654853
C-EEU-SVN,Zone_5A Cool Humid,urb,mfh,s1,8.158140462654853
C-EEU-SVN,Zone_7A Very cold Humid,rur,mfh,s1,8.158140462654853
C-EEU-SVN,Zone_7A Very cold Humid,urb,mfh,s1,8.158140462654853
C-EEU-SVK,Zone_5A Cool Humid,rur,mfh,s1,13.011411105893451
C-EEU-SVK,Zone_5A Cool Humid,urb,mfh,s1,13.011411105893451
C-EEU-SVK,Zone_6A Cold Humid,rur,mfh,s1,13.011411105893451
C-EEU-SVK,Zone_6A Cold Humid,urb,mfh,s1,13.011411105893451
C-WEU-AUT,Zone_5A Cool Humid,rur,sfh,s1,7.446506178606282
C-WEU-AUT,Zone_5A Cool Humid,urb,sfh,s1,7.446506178606282
C-WEU-AUT,Zone_4A Mixed Humid,rur,sfh,s1,7.446506178606282
C-WEU-AUT,Zone_4A Mixed Humid,urb,sfh,s1,7.446506178606282
C-WEU-AUT,Zone_6A Cold Humid,rur,sfh,s1,7.446506178606282
C-WEU-AUT,Zone_6A Cold Humid,urb,sfh,s1,7.446506178606282
C-WEU-AUT,Zone_7A Very cold Humid,rur,sfh,s1,7.446506178606282
C-WEU-AUT,Zone_7A Very cold Humid,urb,sfh,s1,7.446506178606282
C-WEU-BEL,Zone_4A Mixed Humid,rur,sfh,s1,4.73214286
C-WEU-BEL,Zone_4A Mixed Humid,urb,sfh,s1,4.73214286
C-WEU-BEL,Zone_5A Cool Humid,rur,sfh,s1,4.73214286
C-WEU-BEL,Zone_5A Cool Humid,urb,sfh,s1,4.73214286
C-EEU-BGR,Zone_4A Mixed Humid,rur,sfh,s1,27.354485823130183
C-EEU-BGR,Zone_4A Mixed Humid,urb,sfh,s1,27.354485823130183
C-EEU-BGR,Zone_5A Cool Humid,rur,sfh,s1,27.354485823130183
C-EEU-BGR,Zone_5A Cool Humid,urb,sfh,s1,27.354485823130183
C-WEU-CYP,Zone_3A Warm Humid,rur,sfh,s1,45.59375
C-WEU-CYP,Zone_3A Warm Humid,urb,sfh,s1,45.59375
C-EEU-CZE,Zone_5A Cool Humid,rur,sfh,s1,7.30128205
C-EEU-CZE,Zone_5A Cool Humid,urb,sfh,s1,7.30128205
C-WEU-DEU,Zone_5A Cool Humid,rur,sfh,s1,7.032639955980212
C-WEU-DEU,Zone_5A Cool Humid,urb,sfh,s1,7.032639955980212
C-WEU-DEU,Zone_4A Mixed Humid,rur,sfh,s1,7.032639955980212
C-WEU-DEU,Zone_4A Mixed Humid,urb,sfh,s1,7.032639955980212
C-WEU-DEU,Zone_6A Cold Humid,rur,sfh,s1,7.032639955980212
C-WEU-DEU,Zone_6A Cold Humid,urb,sfh,s1,7.032639955980212
C-WEU-DNK,Zone_5A Cool Humid,rur,sfh,s1,2.703125
C-WEU-DNK,Zone_5A Cool Humid,urb,sfh,s1,2.703125
C-EEU-EST,Zone_6A Cold Humid,rur,sfh,s1,2.96590909
C-EEU-EST,Zone_6A Cold Humid,urb,sfh,s1,2.96590909
C-WEU-GRC,Zone_3A Warm Humid,rur,sfh,s1,49.45704483463332
C-WEU-GRC,Zone_3A Warm Humid,urb,sfh,s1,49.45704483463332
C-WEU-GRC,Zone_4A Mixed Humid,rur,sfh,s1,49.45704483463332
C-WEU-GRC,Zone_4A Mixed Humid,urb,sfh,s1,49.45704483463332
C-WEU-GRC,Zone_4C Mixed Marine,rur,sfh,s1,49.45704483463332
C-WEU-GRC,Zone_4C Mixed Marine,urb,sfh,s1,49.45704483463332
C-WEU-GRC,Zone_5C Cool Marine,rur,sfh,s1,49.45704483463332
C-WEU-GRC,Zone_5C Cool Marine,urb,sfh,s1,49.45704483463332
C-WEU-GRC,Zone_5A Cool Humid,rur,sfh,s1,49.45704483463332
C-WEU-GRC,Zone_5A Cool Humid,urb,sfh,s1,49.45704483463332
C-WEU-ESP,Zone_3C Warm Marine,rur,sfh,s1,39.66833875562057
C-WEU-ESP,Zone_3C Warm Marine,urb,sfh,s1,39.66833875562057
C-WEU-ESP,Zone_4C Mixed Marine,rur,sfh,s1,39.66833875562057
C-WEU-ESP,Zone_4C Mixed Marine,urb,sfh,s1,39.66833875562057
C-WEU-ESP,Zone_4A Mixed Humid,rur,sfh,s1,39.66833875562057
C-WEU-ESP,Zone_4A Mixed Humid,urb,sfh,s1,39.66833875562057
C-WEU-ESP,Zone_3A Warm Humid,rur,sfh,s1,39.66833875562057
C-WEU-ESP,Zone_3A Warm Humid,urb,sfh,s1,39.66833875562057
C-WEU-ESP,Zone_3B Warm Dry,rur,sfh,s1,39.66833875562057
C-WEU-ESP,Zone_3B Warm Dry,urb,sfh,s1,39.66833875562057
C-WEU-ESP,Zone_2B Hot Dry,rur,sfh,s1,39.66833875562057
C-WEU-ESP,Zone_2B Hot Dry,urb,sfh,s1,39.66833875562057
C-WEU-FIN,Zone_6A Cold Humid,rur,sfh,s1,0.9027975812014434
C-WEU-FIN,Zone_6A Cold Humid,urb,sfh,s1,0.9027975812014434
C-WEU-FIN,Zone_7A Very cold Humid,rur,sfh,s1,0.9027975812014434
C-WEU-FIN,Zone_7A Very cold Humid,urb,sfh,s1,0.9027975812014434
C-WEU-FRA,Zone_4A Mixed Humid,rur,sfh,s1,10.713453150899875
C-WEU-FRA,Zone_4A Mixed Humid,urb,sfh,s1,10.713453150899875
C-WEU-FRA,Zone_5A Cool Humid,rur,sfh,s1,10.713453150899875
C-WEU-FRA,Zone_5A Cool Humid,urb,sfh,s1,10.713453150899875
C-WEU-FRA,Zone_3A Warm Humid,rur,sfh,s1,10.713453150899875
C-WEU-FRA,Zone_3A Warm Humid,urb,sfh,s1,10.713453150899875
C-WEU-FRA,Zone_7A Very cold Humid,rur,sfh,s1,10.713453150899875
C-WEU-FRA,Zone_7A Very cold Humid,urb,sfh,s1,10.713453150899875
C-WEU-FRA,Zone_4C Mixed Marine,rur,sfh,s1,10.713453150899875
C-WEU-FRA,Zone_4C Mixed Marine,urb,sfh,s1,10.713453150899875
C-WEU-FRA,Zone_3C Warm Marine,rur,sfh,s1,10.713453150899875
C-WEU-FRA,Zone_3C Warm Marine,urb,sfh,s1,10.713453150899875
C-WEU-FRA,Zone_1A Very hot Humid,rur,sfh,s1,10.713453150899875
C-WEU-FRA,Zone_1A Very hot Humid,urb,sfh,s1,10.713453150899875
C-WEU-FRA,Zone_2A Hot Humid,rur,sfh,s1,10.713453150899875
C-WEU-FRA,Zone_2A Hot Humid,urb,sfh,s1,10.713453150899875
C-WEU-FRA,Zone_0A Extremely hot Humid,rur,sfh,s1,10.713453150899875
C-WEU-FRA,Zone_0A Extremely hot Humid,urb,sfh,s1,10.713453150899875
C-EEU-HRV,Zone_4A Mixed Humid,rur,sfh,s1,27.80853799884533
C-EEU-HRV,Zone_4A Mixed Humid,urb,sfh,s1,27.80853799884533
C-EEU-HRV,Zone_5A Cool Humid,rur,sfh,s1,27.80853799884533
C-EEU-HRV,Zone_5A Cool Humid,urb,sfh,s1,27.80853799884533
C-EEU-HRV,Zone_4C Mixed Marine,rur,sfh,s1,27.80853799884533
C-EEU-HRV,Zone_4C Mixed Marine,urb,sfh,s1,27.80853799884533
C-EEU-HRV,Zone_3A Warm Humid,rur,sfh,s1,27.80853799884533
C-EEU-HRV,Zone_3A Warm Humid,urb,sfh,s1,27.80853799884533
C-EEU-HUN,Zone_4A Mixed Humid,rur,sfh,s1,24.114524517854296
C-EEU-HUN,Zone_4A Mixed Humid,urb,sfh,s1,24.114524517854296
C-EEU-HUN,Zone_5A Cool Humid,rur,sfh,s1,24.114524517854296
C-EEU-HUN,Zone_5A Cool Humid,urb,sfh,s1,24.114524517854296
C-WEU-IRL,Zone_5A Cool Humid,rur,sfh,s1,0.0
C-WEU-IRL,Zone_5A Cool Humid,urb,sfh,s1,0.0
C-WEU-IRL,Zone_4A Mixed Humid,rur,sfh,s1,0.0
C-WEU-IRL,Zone_4A Mixed Humid,urb,sfh,s1,0.0
C-WEU-ITA,Zone_4A Mixed Humid,rur,sfh,s1,35.790391421332124
C-WEU-ITA,Zone_4A Mixed Humid,urb,sfh,s1,35.790391421332124
C-WEU-ITA,Zone_5A Cool Humid,rur,sfh,s1,35.790391421332124
C-WEU-ITA,Zone_5A Cool Humid,urb,sfh,s1,35.790391421332124
C-WEU-ITA,Zone_7A Very cold Humid,rur,sfh,s1,35.790391421332124
C-WEU-ITA,Zone_7A Very cold Humid,urb,sfh,s1,35.790391421332124
C-WEU-ITA,Zone_6A Cold Humid,rur,sfh,s1,35.790391421332124
C-WEU-ITA,Zone_6A Cold Humid,urb,sfh,s1,35.790391421332124
C-WEU-ITA,Zone_3A Warm Humid,rur,sfh,s1,35.790391421332124
C-WEU-ITA,Zone_3A Warm Humid,urb,sfh,s1,35.790391421332124
C-WEU-ITA,Zone_4C Mixed Marine,rur,sfh,s1,35.790391421332124
C-WEU-ITA,Zone_4C Mixed Marine,urb,sfh,s1,35.790391421332124
C-WEU-ITA,Zone_5C Cool Marine,rur,sfh,s1,35.790391421332124
C-WEU-ITA,Zone_5C Cool Marine,urb,sfh,s1,35.790391421332124
C-EEU-LTU,Zone_6A Cold Humid,rur,sfh,s1,7.26666667
C-EEU-LTU,Zone_6A Cold Humid,urb,sfh,s1,7.26666667
C-EEU-LTU,Zone_5A Cool Humid,rur,sfh,s1,7.26666667
C-EEU-LTU,Zone_5A Cool Humid,urb,sfh,s1,7.26666667
C-WEU-LUX,Zone_5A Cool Humid,rur,sfh,s1,3.625
C-WEU-LUX,Zone_5A Cool Humid,urb,sfh,s1,3.625
C-EEU-LVA,Zone_6A Cold Humid,rur,sfh,s1,4.96794872
C-EEU-LVA,Zone_6A Cold Humid,urb,sfh,s1,4.96794872
C-WEU-MLT,Zone_3A Warm Humid,rur,sfh,s1,38.125
C-WEU-MLT,Zone_3A Warm Humid,urb,sfh,s1,38.125
C-WEU-NLD,Zone_5A Cool Humid,rur,sfh,s1,3.007471325932538
C-WEU-NLD,Zone_5A Cool Humid,urb,sfh,s1,3.007471325932538
C-WEU-NLD,Zone_4A Mixed Humid,rur,sfh,s1,3.007471325932538
C-WEU-NLD,Zone_4A Mixed Humid,urb,sfh,s1,3.007471325932538
C-EEU-POL,Zone_5A Cool Humid,rur,sfh,s1,9.00609756
C-EEU-POL,Zone_5A Cool Humid,urb,sfh,s1,9.00609756
C-EEU-POL,Zone_6A Cold Humid,rur,sfh,s1,9.00609756
C-EEU-POL,Zone_6A Cold Humid,urb,sfh,s1,9.00609756
C-WEU-PRT,Zone_3C Warm Marine,rur,sfh,s1,25.804073565566938
C-WEU-PRT,Zone_3C Warm Marine,urb,sfh,s1,25.804073565566938
C-WEU-PRT,Zone_4C Mixed Marine,rur,sfh,s1,25.804073565566938
C-WEU-PRT,Zone_4C Mixed Marine,urb,sfh,s1,25.804073565566938
C-WEU-PRT,Zone_4A Mixed Humid,rur,sfh,s1,25.804073565566938
C-WEU-PRT,Zone_4A Mixed Humid,urb,sfh,s1,25.804073565566938
C-WEU-PRT,Zone_3A Warm Humid,rur,sfh,s1,25.804073565566938
C-WEU-PRT,Zone_3A Warm Humid,urb,sfh,s1,25.804073565566938
C-EEU-ROU,Zone_5A Cool Humid,rur,sfh,s1,21.826789689681732
C-EEU-ROU,Zone_5A Cool Humid,urb,sfh,s1,21.826789689681732
C-EEU-ROU,Zone_6A Cold Humid,rur,sfh,s1,21.826789689681732
C-EEU-ROU,Zone_6A Cold Humid,urb,sfh,s1,21.826789689681732
C-EEU-ROU,Zone_4A Mixed Humid,rur,sfh,s1,21.826789689681732
C-EEU-ROU,Zone_4A Mixed Humid,urb,sfh,s1,21.826789689681732
C-WEU-SWE,Zone_6A Cold Humid,rur,sfh,s1,2.586671939555703
C-WEU-SWE,Zone_6A Cold Humid,urb,sfh,s1,2.586671939555703
C-WEU-SWE,Zone_5A Cool Humid,rur,sfh,s1,2.586671939555703
C-WEU-SWE,Zone_5A Cool Humid,urb,sfh,s1,2.586671939555703
C-WEU-SWE,Zone_7A Very cold Humid,rur,sfh,s1,2.586671939555703
C-WEU-SWE,Zone_7A Very cold Humid,urb,sfh,s1,2.586671939555703
C-WEU-SWE,Zone_8A Subarctic/arctic Humid,rur,sfh,s1,2.586671939555703
C-WEU-SWE,Zone_8A Subarctic/arctic Humid,urb,sfh,s1,2.586671939555703
C-EEU-SVN,Zone_4A Mixed Humid,rur,sfh,s1,4.441248939307092
C-EEU-SVN,Zone_4A Mixed Humid,urb,sfh,s1,4.441248939307092
C-EEU-SVN,Zone_5A Cool Humid,rur,sfh,s1,4.441248939307092
C-EEU-SVN,Zone_5A Cool Humid,urb,sfh,s1,4.441248939307092
C-EEU-SVN,Zone_7A Very cold Humid,rur,sfh,s1,4.441248939307092
C-EEU-SVN,Zone_7A Very cold Humid,urb,sfh,s1,4.441248939307092
C-EEU-SVK,Zone_5A Cool Humid,rur,sfh,s1,9.477622331645254
C-EEU-SVK,Zone_5A Cool Humid,urb,sfh,s1,9.477622331645254
C-EEU-SVK,Zone_6A Cold Humid,rur,sfh,s1,9.477622331645254
C-EEU-SVK,Zone_6A Cold Humid,urb,sfh,s1,9.477622331645254
C-WEU-AUT,Zone_5A Cool Humid,rur,mfh,s2,11.780075415573231
C-WEU-AUT,Zone_5A Cool Humid,urb,mfh,s2,11.780075415573231
C-WEU-AUT,Zone_4A Mixed Humid,rur,mfh,s2,11.780075415573231
C-WEU-AUT,Zone_4A Mixed Humid,urb,mfh,s2,11.780075415573231
C-WEU-AUT,Zone_6A Cold Humid,rur,mfh,s2,11.780075415573231
C-WEU-AUT,Zone_6A Cold Humid,urb,mfh,s2,11.780075415573231
C-WEU-AUT,Zone_7A Very cold Humid,rur,mfh,s2,11.780075415573231
C-WEU-AUT,Zone_7A Very cold Humid,urb,mfh,s2,11.780075415573231
C-WEU-BEL,Zone_4A Mixed Humid,rur,mfh,s2,8.41071429
C-WEU-BEL,Zone_4A Mixed Humid,urb,mfh,s2,8.41071429
C-WEU-BEL,Zone_5A Cool Humid,rur,mfh,s2,8.41071429
C-WEU-BEL,Zone_5A Cool Humid,urb,mfh,s2,8.41071429
C-EEU-BGR,Zone_4A Mixed Humid,rur,mfh,s2,33.16739583606024
C-EEU-BGR,Zone_4A Mixed Humid,urb,mfh,s2,33.16739583606024
C-EEU-BGR,Zone_5A Cool Humid,rur,mfh,s2,33.16739583606024
C-EEU-BGR,Zone_5A Cool Humid,urb,mfh,s2,33.16739583606024
C-WEU-CYP,Zone_3A Warm Humid,rur,mfh,s2,51.28125
C-WEU-CYP,Zone_3A Warm Humid,urb,mfh,s2,51.28125
C-EEU-CZE,Zone_5A Cool Humid,rur,mfh,s2,10.74358974
C-EEU-CZE,Zone_5A Cool Humid,urb,mfh,s2,10.74358974
C-WEU-DEU,Zone_5A Cool Humid,rur,mfh,s2,10.89357555454541
C-WEU-DEU,Zone_5A Cool Humid,urb,mfh,s2,10.89357555454541
C-WEU-DEU,Zone_4A Mixed Humid,rur,mfh,s2,10.89357555454541
C-WEU-DEU,Zone_4A Mixed Humid,urb,mfh,s2,10.89357555454541
C-WEU-DEU,Zone_6A Cold Humid,rur,mfh,s2,10.89357555454541
C-WEU-DEU,Zone_6A Cold Humid,urb,mfh,s2,10.89357555454541
C-WEU-DNK,Zone_5A Cool Humid,rur,mfh,s2,4.72395833
C-WEU-DNK,Zone_5A Cool Humid,urb,mfh,s2,4.72395833
C-EEU-EST,Zone_6A Cold Humid,rur,mfh,s2,5.35227273
C-EEU-EST,Zone_6A Cold Humid,urb,mfh,s2,5.35227273
C-WEU-GRC,Zone_3A Warm Humid,rur,mfh,s2,57.347418894343065
C-WEU-GRC,Zone_3A Warm Humid,urb,mfh,s2,57.347418894343065
C-WEU-GRC,Zone_4A Mixed Humid,rur,mfh,s2,57.347418894343065
C-WEU-GRC,Zone_4A Mixed Humid,urb,mfh,s2,57.347418894343065
C-WEU-GRC,Zone_4C Mixed Marine,rur,mfh,s2,57.347418894343065
C-WEU-GRC,Zone_4C Mixed Marine,urb,mfh,s2,57.347418894343065
C-WEU-GRC,Zone_5C Cool Marine,rur,mfh,s2,57.347418894343065
C-WEU-GRC,Zone_5C Cool Marine,urb,mfh,s2,57.347418894343065
C-WEU-GRC,Zone_5A Cool Humid,rur,mfh,s2,57.347418894343065
C-WEU-GRC,Zone_5A Cool Humid,urb,mfh,s2,57.347418894343065
C-WEU-ESP,Zone_3C Warm Marine,rur,mfh,s2,46.47652485274899
C-WEU-ESP,Zone_3C Warm Marine,urb,mfh,s2,46.47652485274899
C-WEU-ESP,Zone_4C Mixed Marine,rur,mfh,s2,46.47652485274899
C-WEU-ESP,Zone_4C Mixed Marine,urb,mfh,s2,46.47652485274899
C-WEU-ESP,Zone_4A Mixed Humid,rur,mfh,s2,46.47652485274899
C-WEU-ESP,Zone_4A Mixed Humid,urb,mfh,s2,46.47652485274899
C-WEU-ESP,Zone_3A Warm Humid,rur,mfh,s2,46.47652485274899
C-WEU-ESP,Zone_3A Warm Humid,urb,mfh,s2,46.47652485274899
C-WEU-ESP,Zone_3B Warm Dry,rur,mfh,s2,46.47652485274899
C-WEU-ESP,Zone_3B Warm Dry,urb,mfh,s2,46.47652485274899
C-WEU-ESP,Zone_2B Hot Dry,rur,mfh,s2,46.47652485274899
C-WEU-ESP,Zone_2B Hot Dry,urb,mfh,s2,46.47652485274899
C-WEU-FIN,Zone_6A Cold Humid,rur,mfh,s2,3.027560067890562
C-WEU-FIN,Zone_6A Cold Humid,urb,mfh,s2,3.027560067890562
C-WEU-FIN,Zone_7A Very cold Humid,rur,mfh,s2,3.027560067890562
C-WEU-FIN,Zone_7A Very cold Humid,urb,mfh,s2,3.027560067890562
C-WEU-FRA,Zone_4A Mixed Humid,rur,mfh,s2,16.351327282145206
C-WEU-FRA,Zone_4A Mixed Humid,urb,mfh,s2,16.351327282145206
C-WEU-FRA,Zone_5A Cool Humid,rur,mfh,s2,16.351327282145206
C-WEU-FRA,Zone_5A Cool Humid,urb,mfh,s2,16.351327282145206
C-WEU-FRA,Zone_3A Warm Humid,rur,mfh,s2,16.351327282145206
C-WEU-FRA,Zone_3A Warm Humid,urb,mfh,s2,16.351327282145206
C-WEU-FRA,Zone_7A Very cold Humid,rur,mfh,s2,16.351327282145206
C-WEU-FRA,Zone_7A Very cold Humid,urb,mfh,s2,16.351327282145206
C-WEU-FRA,Zone_4C Mixed Marine,rur,mfh,s2,16.351327282145206
C-WEU-FRA,Zone_4C Mixed Marine,urb,mfh,s2,16.351327282145206
C-WEU-FRA,Zone_3C Warm Marine,rur,mfh,s2,16.351327282145206
C-WEU-FRA,Zone_3C Warm Marine,urb,mfh,s2,16.351327282145206
C-WEU-FRA,Zone_1A Very hot Humid,rur,mfh,s2,16.351327282145206
C-WEU-FRA,Zone_1A Very hot Humid,urb,mfh,s2,16.351327282145206
C-WEU-FRA,Zone_2A Hot Humid,rur,mfh,s2,16.351327282145206
C-WEU-FRA,Zone_2A Hot Humid,urb,mfh,s2,16.351327282145206
C-WEU-FRA,Zone_0A Extremely hot Humid,rur,mfh,s2,16.351327282145206
C-WEU-FRA,Zone_0A Extremely hot Humid,urb,mfh,s2,16.351327282145206
C-EEU-HRV,Zone_4A Mixed Humid,rur,mfh,s2,37.29884388292968
C-EEU-HRV,Zone_4A Mixed Humid,urb,mfh,s2,37.29884388292968
C-EEU-HRV,Zone_5A Cool Humid,rur,mfh,s2,37.29884388292968
C-EEU-HRV,Zone_5A Cool Humid,urb,mfh,s2,37.29884388292968
C-EEU-HRV,Zone_4C Mixed Marine,rur,mfh,s2,37.29884388292968
C-EEU-HRV,Zone_4C Mixed Marine,urb,mfh,s2,37.29884388292968
C-EEU-HRV,Zone_3A Warm Humid,rur,mfh,s2,37.29884388292968
C-EEU-HRV,Zone_3A Warm Humid,urb,mfh,s2,37.29884388292968
C-EEU-HUN,Zone_4A Mixed Humid,rur,mfh,s2,30.432563385526777
C-EEU-HUN,Zone_4A Mixed Humid,urb,mfh,s2,30.432563385526777
C-EEU-HUN,Zone_5A Cool Humid,rur,mfh,s2,30.432563385526777
C-EEU-HUN,Zone_5A Cool Humid,urb,mfh,s2,30.432563385526777
C-WEU-IRL,Zone_5A Cool Humid,rur,mfh,s2,0.0
C-WEU-IRL,Zone_5A Cool Humid,urb,mfh,s2,0.0
C-WEU-IRL,Zone_4A Mixed Humid,rur,mfh,s2,0.0
C-WEU-IRL,Zone_4A Mixed Humid,urb,mfh,s2,0.0
C-WEU-ITA,Zone_4A Mixed Humid,rur,mfh,s2,44.10488770444385
C-WEU-ITA,Zone_4A Mixed Humid,urb,mfh,s2,44.10488770444385
C-WEU-ITA,Zone_5A Cool Humid,rur,mfh,s2,44.10488770444385
C-WEU-ITA,Zone_5A Cool Humid,urb,mfh,s2,44.10488770444385
C-WEU-ITA,Zone_7A Very cold Humid,rur,mfh,s2,44.10488770444385
C-WEU-ITA,Zone_7A Very cold Humid,urb,mfh,s2,44.10488770444385
C-WEU-ITA,Zone_6A Cold Humid,rur,mfh,s2,44.10488770444385
C-WEU-ITA,Zone_6A Cold Humid,urb,mfh,s2,44.10488770444385
C-WEU-ITA,Zone_3A Warm Humid,rur,mfh,s2,44.10488770444385
C-WEU-ITA,Zone_3A Warm Humid,urb,mfh,s2,44.10488770444385
C-WEU-ITA,Zone_4C Mixed Marine,rur,mfh,s2,44.10488770444385
C-WEU-ITA,Zone_4C Mixed Marine,urb,mfh,s2,44.10488770444385
C-WEU-ITA,Zone_5C Cool Marine,rur,mfh,s2,44.10488770444385
C-WEU-ITA,Zone_5C Cool Marine,urb,mfh,s2,44.10488770444385
C-EEU-LTU,Zone_6A Cold Humid,rur,mfh,s2,9.95833333
C-EEU-LTU,Zone_6A Cold Humid,urb,mfh,s2,9.95833333
C-EEU-LTU,Zone_5A Cool Humid,rur,mfh,s2,9.95833333
C-EEU-LTU,Zone_5A Cool Humid,urb,mfh,s2,9.95833333
C-WEU-LUX,Zone_5A Cool Humid,rur,mfh,s2,7.000000000000001
C-WEU-LUX,Zone_5A Cool Humid,urb,mfh,s2,7.000000000000001
C-EEU-LVA,Zone_6A Cold Humid,rur,mfh,s2,7.698717950000001
C-EEU-LVA,Zone_6A Cold Humid,urb,mfh,s2,7.698717950000001
C-WEU-MLT,Zone_3A Warm Humid,rur,mfh,s2,41.25
C-WEU-MLT,Zone_3A Warm Humid,urb,mfh,s2,41.25
C-WEU-NLD,Zone_5A Cool Humid,rur,mfh,s2,5.145643792729612
C-WEU-NLD,Zone_5A Cool Humid,urb,mfh,s2,5.145643792729612
C-WEU-NLD,Zone_4A Mixed Humid,rur,mfh,s2,5.145643792729612
C-WEU-NLD,Zone_4A Mixed Humid,urb,mfh,s2,5.145643792729612
C-EEU-POL,Zone_5A Cool Humid,rur,mfh,s2,12.2347561
C-EEU-POL,Zone_5A Cool Humid,urb,mfh,s2,12.2347561
C-EEU-POL,Zone_6A Cold Humid,rur,mfh,s2,12.2347561
C-EEU-POL,Zone_6A Cold Humid,urb,mfh,s2,12.2347561
C-WEU-PRT,Zone_3C Warm Marine,rur,mfh,s2,34.46069136508869
C-WEU-PRT,Zone_3C Warm Marine,urb,mfh,s2,34.46069136508869
C-WEU-PRT,Zone_4C Mixed Marine,rur,mfh,s2,34.46069136508869
C-WEU-PRT,Zone_4C Mixed Marine,urb,mfh,s2,34.46069136508869
C-WEU-PRT,Zone_4A Mixed Humid,rur,mfh,s2,34.46069136508869
C-WEU-PRT,Zone_4A Mixed Humid,urb,mfh,s2,34.46069136508869
C-WEU-PRT,Zone_3A Warm Humid,rur,mfh,s2,34.46069136508869
C-WEU-PRT,Zone_3A Warm Humid,urb,mfh,s2,34.46069136508869
C-EEU-ROU,Zone_5A Cool Humid,rur,mfh,s2,27.23980969951889
C-EEU-ROU,Zone_5A Cool Humid,urb,mfh,s2,27.23980969951889
C-EEU-ROU,Zone_6A Cold Humid,rur,mfh,s2,27.23980969951889
C-EEU-ROU,Zone_6A Cold Humid,urb,mfh,s2,27.23980969951889
C-EEU-ROU,Zone_4A Mixed Humid,rur,mfh,s2,27.23980969951889
C-EEU-ROU,Zone_4A Mixed Humid,urb,mfh,s2,27.23980969951889
C-WEU-SWE,Zone_6A Cold Humid,rur,mfh,s2,4.944141597629097
C-WEU-SWE,Zone_6A Cold Humid,urb,mfh,s2,4.944141597629097
C-WEU-SWE,Zone_5A Cool Humid,rur,mfh,s2,4.944141597629097
C-WEU-SWE,Zone_5A Cool Humid,urb,mfh,s2,4.944141597629097
C-WEU-SWE,Zone_7A Very cold Humid,rur,mfh,s2,4.944141597629097
C-WEU-SWE,Zone_7A Very cold Humid,urb,mfh,s2,4.944141597629097
C-WEU-SWE,Zone_8A Subarctic/arctic Humid,rur,mfh,s2,4.944141597629097
C-WEU-SWE,Zone_8A Subarctic/arctic Humid,urb,mfh,s2,4.944141597629097
C-EEU-SVN,Zone_4A Mixed Humid,rur,mfh,s2,7.899228238368542
C-EEU-SVN,Zone_4A Mixed Humid,urb,mfh,s2,7.899228238368542
C-EEU-SVN,Zone_5A Cool Humid,rur,mfh,s2,7.899228238368542
C-EEU-SVN,Zone_5A Cool Humid,urb,mfh,s2,7.899228238368542
C-EEU-SVN,Zone_7A Very cold Humid,rur,mfh,s2,7.899228238368542
C-EEU-SVN,Zone_7A Very cold Humid,urb,mfh,s2,7.899228238368542
C-EEU-SVK,Zone_5A Cool Humid,rur,mfh,s2,12.820954558454668
C-EEU-SVK,Zone_5A Cool Humid,urb,mfh,s2,12.820954558454668
C-EEU-SVK,Zone_6A Cold Humid,rur,mfh,s2,12.820954558454668
C-EEU-SVK,Zone_6A Cold Humid,urb,mfh,s2,12.820954558454668
C-WEU-AUT,Zone_5A Cool Humid,rur,sfh,s2,8.180836674528358
C-WEU-AUT,Zone_5A Cool Humid,urb,sfh,s2,8.180836674528358
C-WEU-AUT,Zone_4A Mixed Humid,rur,sfh,s2,8.180836674528358
C-WEU-AUT,Zone_4A Mixed Humid,urb,sfh,s2,8.180836674528358
C-WEU-AUT,Zone_6A Cold Humid,rur,sfh,s2,8.180836674528358
C-WEU-AUT,Zone_6A Cold Humid,urb,sfh,s2,8.180836674528358
C-WEU-AUT,Zone_7A Very cold Humid,rur,sfh,s2,8.180836674528358
C-WEU-AUT,Zone_7A Very cold Humid,urb,sfh,s2,8.180836674528358
C-WEU-BEL,Zone_4A Mixed Humid,rur,sfh,s2,5.42857143
C-WEU-BEL,Zone_4A Mixed Humid,urb,sfh,s2,5.42857143
C-WEU-BEL,Zone_5A Cool Humid,rur,sfh,s2,5.42857143
C-WEU-BEL,Zone_5A Cool Humid,urb,sfh,s2,5.42857143
C-EEU-BGR,Zone_4A Mixed Humid,rur,sfh,s2,24.987158866904807
C-EEU-BGR,Zone_4A Mixed Humid,urb,sfh,s2,24.987158866904807
C-EEU-BGR,Zone_5A Cool Humid,rur,sfh,s2,24.987158866904807
C-EEU-BGR,Zone_5A Cool Humid,urb,sfh,s2,24.987158866904807
C-WEU-CYP,Zone_3A Warm Humid,rur,sfh,s2,46.875
C-WEU-CYP,Zone_3A Warm Humid,urb,sfh,s2,46.875
C-EEU-CZE,Zone_5A Cool Humid,rur,sfh,s2,6.30769231
C-EEU-CZE,Zone_5A Cool Humid,urb,sfh,s2,6.30769231
C-WEU-DEU,Zone_5A Cool Humid,rur,sfh,s2,7.673884523434988
C-WEU-DEU,Zone_5A Cool Humid,urb,sfh,s2,7.673884523434988
C-WEU-DEU,Zone_4A Mixed Humid,rur,sfh,s2,7.673884523434988
C-WEU-DEU,Zone_4A Mixed Humid,urb,sfh,s2,7.673884523434988
C-WEU-DEU,Zone_6A Cold Humid,rur,sfh,s2,7.673884523434988
C-WEU-DEU,Zone_6A Cold Humid,urb,sfh,s2,7.673884523434988
C-WEU-DNK,Zone_5A Cool Humid,rur,sfh,s2,3.046875
C-WEU-DNK,Zone_5A Cool Humid,urb,sfh,s2,3.046875
C-EEU-EST,Zone_6A Cold Humid,rur,sfh,s2,2.27840909
C-EEU-EST,Zone_6A Cold Humid,urb,sfh,s2,2.27840909
C-WEU-GRC,Zone_3A Warm Humid,rur,sfh,s2,51.079793123538266
C-WEU-GRC,Zone_3A Warm Humid,urb,sfh,s2,51.079793123538266
C-WEU-GRC,Zone_4A Mixed Humid,rur,sfh,s2,51.079793123538266
C-WEU-GRC,Zone_4A Mixed Humid,urb,sfh,s2,51.079793123538266
C-WEU-GRC,Zone_4C Mixed Marine,rur,sfh,s2,51.079793123538266
C-WEU-GRC,Zone_4C Mixed Marine,urb,sfh,s2,51.079793123538266
C-WEU-GRC,Zone_5C Cool Marine,rur,sfh,s2,51.079793123538266
C-WEU-GRC,Zone_5C Cool Marine,urb,sfh,s2,51.079793123538266
C-WEU-GRC,Zone_5A Cool Humid,rur,sfh,s2,51.079793123538266
C-WEU-GRC,Zone_5A Cool Humid,urb,sfh,s2,51.079793123538266
C-WEU-ESP,Zone_3C Warm Marine,rur,sfh,s2,40.8795697844409
C-WEU-ESP,Zone_3C Warm Marine,urb,sfh,s2,40.8795697844409
C-WEU-ESP,Zone_4C Mixed Marine,rur,sfh,s2,40.8795697844409
C-WEU-ESP,Zone_4C Mixed Marine,urb,sfh,s2,40.8795697844409
C-WEU-ESP,Zone_4A Mixed Humid,rur,sfh,s2,40.8795697844409
C-WEU-ESP,Zone_4A Mixed Humid,urb,sfh,s2,40.8795697844409
C-WEU-ESP,Zone_3A Warm Humid,rur,sfh,s2,40.8795697844409
C-WEU-ESP,Zone_3A Warm Humid,urb,sfh,s2,40.8795697844409
C-WEU-ESP,Zone_3B Warm Dry,rur,sfh,s2,40.8795697844409
C-WEU-ESP,Zone_3B Warm Dry,urb,sfh,s2,40.8795697844409
C-WEU-ESP,Zone_2B Hot Dry,rur,sfh,s2,40.8795697844409
C-WEU-ESP,Zone_2B Hot Dry,urb,sfh,s2,40.8795697844409
C-WEU-FIN,Zone_6A Cold Humid,rur,sfh,s2,1.1720774971971042
C-WEU-FIN,Zone_6A Cold Humid,urb,sfh,s2,1.1720774971971042
C-WEU-FIN,Zone_7A Very cold Humid,rur,sfh,s2,1.1720774971971042
C-WEU-FIN,Zone_7A Very cold Humid,urb,sfh,s2,1.1720774971971042
C-WEU-FRA,Zone_4A Mixed Humid,rur,sfh,s2,11.616324950348512
C-WEU-FRA,Zone_4A Mixed Humid,urb,sfh,s2,11.616324950348512
C-WEU-FRA,Zone_5A Cool Humid,rur,sfh,s2,11.616324950348512
C-WEU-FRA,Zone_5A Cool Humid,urb,sfh,s2,11.616324950348512
C-WEU-FRA,Zone_3A Warm Humid,rur,sfh,s2,11.616324950348512
C-WEU-FRA,Zone_3A Warm Humid,urb,sfh,s2,11.616324950348512
C-WEU-FRA,Zone_7A Very cold Humid,rur,sfh,s2,11.616324950348512
C-WEU-FRA,Zone_7A Very cold Humid,urb,sfh,s2,11.616324950348512
C-WEU-FRA,Zone_4C Mixed Marine,rur,sfh,s2,11.616324950348512
C-WEU-FRA,Zone_4C Mixed Marine,urb,sfh,s2,11.616324950348512
C-WEU-FRA,Zone_3C Warm Marine,rur,sfh,s2,11.616324950348512
C-WEU-FRA,Zone_3C Warm Marine,urb,sfh,s2,11.616324950348512
C-WEU-FRA,Zone_1A Very hot Humid,rur,sfh,s2,11.616324950348512
C-WEU-FRA,Zone_1A Very hot Humid,urb,sfh,s2,11.616324950348512
C-WEU-FRA,Zone_2A Hot Humid,rur,sfh,s2,11.616324950348512
C-WEU-FRA,Zone_2A Hot Humid,urb,sfh,s2,11.616324950348512
C-WEU-FRA,Zone_0A Extremely hot Humid,rur,sfh,s2,11.616324950348512
C-WEU-FRA,Zone_0A Extremely hot Humid,urb,sfh,s2,11.616324950348512
C-EEU-HRV,Zone_4A Mixed Humid,rur,sfh,s2,22.471383399493945
C-EEU-HRV,Zone_4A Mixed Humid,urb,sfh,s2,22.471383399493945
C-EEU-HRV,Zone_5A Cool Humid,rur,sfh,s2,22.471383399493945
C-EEU-HRV,Zone_5A Cool Humid,urb,sfh,s2,22.471383399493945
C-EEU-HRV,Zone_4C Mixed Marine,rur,sfh,s2,22.471383399493945
C-EEU-HRV,Zone_4C Mixed Marine,urb,sfh,s2,22.471383399493945
C-EEU-HRV,Zone_3A Warm Humid,rur,sfh,s2,22.471383399493945
C-EEU-HRV,Zone_3A Warm Humid,urb,sfh,s2,22.471383399493945
C-EEU-HUN,Zone_4A Mixed Humid,rur,sfh,s2,22.30746050321411
C-EEU-HUN,Zone_4A Mixed Humid,urb,sfh,s2,22.30746050321411
C-EEU-HUN,Zone_5A Cool Humid,rur,sfh,s2,22.30746050321411
C-EEU-HUN,Zone_5A Cool Humid,urb,sfh,s2,22.30746050321411
C-WEU-IRL,Zone_5A Cool Humid,rur,sfh,s2,0.0
C-WEU-IRL,Zone_5A Cool Humid,urb,sfh,s2,0.0
C-WEU-IRL,Zone_4A Mixed Humid,rur,sfh,s2,0.0
C-WEU-IRL,Zone_4A Mixed Humid,urb,sfh,s2,0.0
C-WEU-ITA,Zone_4A Mixed Humid,rur,sfh,s2,37.29998118428215
C-WEU-ITA,Zone_4A Mixed Humid,urb,sfh,s2,37.29998118428215
C-WEU-ITA,Zone_5A Cool Humid,rur,sfh,s2,37.29998118428215
C-WEU-ITA,Zone_5A Cool Humid,urb,sfh,s2,37.29998118428215
C-WEU-ITA,Zone_7A Very cold Humid,rur,sfh,s2,37.29998118428215
C-WEU-ITA,Zone_7A Very cold Humid,urb,sfh,s2,37.29998118428215
C-WEU-ITA,Zone_6A Cold Humid,rur,sfh,s2,37.29998118428215
C-WEU-ITA,Zone_6A Cold Humid,urb,sfh,s2,37.29998118428215
C-WEU-ITA,Zone_3A Warm Humid,rur,sfh,s2,37.29998118428215
C-WEU-ITA,Zone_3A Warm Humid,urb,sfh,s2,37.29998118428215
C-WEU-ITA,Zone_4C Mixed Marine,rur,sfh,s2,37.29998118428215
C-WEU-ITA,Zone_4C Mixed Marine,urb,sfh,s2,37.29998118428215
C-WEU-ITA,Zone_5C Cool Marine,rur,sfh,s2,37.29998118428215
C-WEU-ITA,Zone_5C Cool Marine,urb,sfh,s2,37.29998118428215
C-EEU-LTU,Zone_6A Cold Humid,rur,sfh,s2,6.54166667
C-EEU-LTU,Zone_6A Cold Humid,urb,sfh,s2,6.54166667
C-EEU-LTU,Zone_5A Cool Humid,rur,sfh,s2,6.54166667
C-EEU-LTU,Zone_5A Cool Humid,urb,sfh,s2,6.54166667
C-WEU-LUX,Zone_5A Cool Humid,rur,sfh,s2,4.250000000000001
C-WEU-LUX,Zone_5A Cool Humid,urb,sfh,s2,4.250000000000001
C-EEU-LVA,Zone_6A Cold Humid,rur,sfh,s2,4.30769231
C-EEU-LVA,Zone_6A Cold Humid,urb,sfh,s2,4.30769231
C-WEU-MLT,Zone_3A Warm Humid,rur,sfh,s2,39.125
C-WEU-MLT,Zone_3A Warm Humid,urb,sfh,s2,39.125
C-WEU-NLD,Zone_5A Cool Humid,rur,sfh,s2,3.3325504324596813
C-WEU-NLD,Zone_5A Cool Humid,urb,sfh,s2,3.3325504324596813
C-WEU-NLD,Zone_4A Mixed Humid,rur,sfh,s2,3.3325504324596813
C-WEU-NLD,Zone_4A Mixed Humid,urb,sfh,s2,3.3325504324596813
C-EEU-POL,Zone_5A Cool Humid,rur,sfh,s2,8.04420732
C-EEU-POL,Zone_5A Cool Humid,urb,sfh,s2,8.04420732
C-EEU-POL,Zone_6A Cold Humid,rur,sfh,s2,8.04420732
C-EEU-POL,Zone_6A Cold Humid,urb,sfh,s2,8.04420732
C-WEU-PRT,Zone_3C Warm Marine,rur,sfh,s2,27.57651273941706
C-WEU-PRT,Zone_3C Warm Marine,urb,sfh,s2,27.57651273941706
C-WEU-PRT,Zone_4C Mixed Marine,rur,sfh,s2,27.57651273941706
C-WEU-PRT,Zone_4C Mixed Marine,urb,sfh,s2,27.57651273941706
C-WEU-PRT,Zone_4A Mixed Humid,rur,sfh,s2,27.57651273941706
C-WEU-PRT,Zone_4A Mixed Humid,urb,sfh,s2,27.57651273941706
C-WEU-PRT,Zone_3A Warm Humid,rur,sfh,s2,27.57651273941706
C-WEU-PRT,Zone_3A Warm Humid,urb,sfh,s2,27.57651273941706
C-EEU-ROU,Zone_5A Cool Humid,rur,sfh,s2,20.033555260132108
C-EEU-ROU,Zone_5A Cool Humid,urb,sfh,s2,20.033555260132108
C-EEU-ROU,Zone_6A Cold Humid,rur,sfh,s2,20.033555260132108
C-EEU-ROU,Zone_6A Cold Humid,urb,sfh,s2,20.033555260132108
C-EEU-ROU,Zone_4A Mixed Humid,rur,sfh,s2,20.033555260132108
C-EEU-ROU,Zone_4A Mixed Humid,urb,sfh,s2,20.033555260132108
C-WEU-SWE,Zone_6A Cold Humid,rur,sfh,s2,2.971440262234897
C-WEU-SWE,Zone_6A Cold Humid,urb,sfh,s2,2.971440262234897
C-WEU-SWE,Zone_5A Cool Humid,rur,sfh,s2,2.971440262234897
C-WEU-SWE,Zone_5A Cool Humid,urb,sfh,s2,2.971440262234897
C-WEU-SWE,Zone_7A Very cold Humid,rur,sfh,s2,2.971440262234897
C-WEU-SWE,Zone_7A Very cold Humid,urb,sfh,s2,2.971440262234897
C-WEU-SWE,Zone_8A Subarctic/arctic Humid,rur,sfh,s2,2.971440262234897
C-WEU-SWE,Zone_8A Subarctic/arctic Humid,urb,sfh,s2,2.971440262234897
C-EEU-SVN,Zone_4A Mixed Humid,rur,sfh,s2,3.477229204486766
C-EEU-SVN,Zone_4A Mixed Humid,urb,sfh,s2,3.477229204486766
C-EEU-SVN,Zone_5A Cool Humid,rur,sfh,s2,3.477229204486766
C-EEU-SVN,Zone_5A Cool Humid,urb,sfh,s2,3.477229204486766
C-EEU-SVN,Zone_7A Very cold Humid,rur,sfh,s2,3.477229204486766
C-EEU-SVN,Zone_7A Very cold Humid,urb,sfh,s2,3.477229204486766
C-EEU-SVK,Zone_5A Cool Humid,rur,sfh,s2,8.522990936782408
C-EEU-SVK,Zone_5A Cool Humid,urb,sfh,s2,8.522990936782408
C-EEU-SVK,Zone_6A Cold Humid,rur,sfh,s2,8.522990936782408
C-EEU-SVK,Zone_6A Cold Humid,urb,sfh,s2,8.522990936782408
C-WEU-AUT,Zone_5A Cool Humid,rur,mfh,s3,17.060540335812213
C-WEU-AUT,Zone_5A Cool Humid,urb,mfh,s3,17.060540335812213
C-WEU-AUT,Zone_4A Mixed Humid,rur,mfh,s3,17.060540335812213
C-WEU-AUT,Zone_4A Mixed Humid,urb,mfh,s3,17.060540335812213
C-WEU-AUT,Zone_6A Cold Humid,rur,mfh,s3,17.060540335812213
C-WEU-AUT,Zone_6A Cold Humid,urb,mfh,s3,17.060540335812213
C-WEU-AUT,Zone_7A Very cold Humid,rur,mfh,s3,17.060540335812213
C-WEU-AUT,Zone_7A Very cold Humid,urb,mfh,s3,17.060540335812213
C-WEU-BEL,Zone_4A Mixed Humid,rur,mfh,s3,13.76785714
C-WEU-BEL,Zone_4A Mixed Humid,urb,mfh,s3,13.76785714
C-WEU-BEL,Zone_5A Cool Humid,rur,mfh,s3,13.76785714
C-WEU-BEL,Zone_5A Cool Humid,urb,mfh,s3,13.76785714
C-EEU-BGR,Zone_4A Mixed Humid,rur,mfh,s3,38.655863831025734
C-EEU-BGR,Zone_4A Mixed Humid,urb,mfh,s3,38.655863831025734
C-EEU-BGR,Zone_5A Cool Humid,rur,mfh,s3,38.655863831025734
C-EEU-BGR,Zone_5A Cool Humid,urb,mfh,s3,38.655863831025734
C-WEU-CYP,Zone_3A Warm Humid,rur,mfh,s3,55.9375
C-WEU-CYP,Zone_3A Warm Humid,urb,mfh,s3,55.9375
C-EEU-CZE,Zone_5A Cool Humid,rur,mfh,s3,13.96794872
C-EEU-CZE,Zone_5A Cool Humid,urb,mfh,s3,13.96794872
C-WEU-DEU,Zone_5A Cool Humid,rur,mfh,s3,15.7389788708759
C-WEU-DEU,Zone_5A Cool Humid,urb,mfh,s3,15.7389788708759
C-WEU-DEU,Zone_4A Mixed Humid,rur,mfh,s3,15.7389788708759
C-WEU-DEU,Zone_4A Mixed Humid,urb,mfh,s3,15.7389788708759
C-WEU-DEU,Zone_6A Cold Humid,rur,mfh,s3,15.7389788708759
C-WEU-DEU,Zone_6A Cold Humid,urb,mfh,s3,15.7389788708759
C-WEU-DNK,Zone_5A Cool Humid,rur,mfh,s3,7.72916667
C-WEU-DNK,Zone_5A Cool Humid,urb,mfh,s3,7.72916667
C-EEU-EST,Zone_6A Cold Humid,rur,mfh,s3,7.92613636
C-EEU-EST,Zone_6A Cold Humid,urb,mfh,s3,7.92613636
C-WEU-GRC,Zone_3A Warm Humid,rur,mfh,s3,64.37024683819752
C-WEU-GRC,Zone_3A Warm Humid,urb,mfh,s3,64.37024683819752
C-WEU-GRC,Zone_4A Mixed Humid,rur,mfh,s3,64.37024683819752
C-WEU-GRC,Zone_4A Mixed Humid,urb,mfh,s3,64.37024683819752
C-WEU-GRC,Zone_4C Mixed Marine,rur,mfh,s3,64.37024683819752
C-WEU-GRC,Zone_4C Mixed Marine,urb,mfh,s3,64.37024683819752
C-WEU-GRC,Zone_5C Cool Marine,rur,mfh,s3,64.37024683819752
C-WEU-GRC,Zone_5C Cool Marine,urb,mfh,s3,64.37024683819752
C-WEU-GRC,Zone_5A Cool Humid,rur,mfh,s3,64.37024683819752
C-WEU-GRC,Zone_5A Cool Humid,urb,mfh,s3,64.37024683819752
C-WEU-ESP,Zone_3C Warm Marine,rur,mfh,s3,53.37518918990272
C-WEU-ESP,Zone_3C Warm Marine,urb,mfh,s3,53.37518918990272
C-WEU-ESP,Zone_4C Mixed Marine,rur,mfh,s3,53.37518918990272
C-WEU-ESP,Zone_4C Mixed Marine,urb,mfh,s3,53.37518918990272
C-WEU-ESP,Zone_4A Mixed Humid,rur,mfh,s3,53.37518918990272
C-WEU-ESP,Zone_4A Mixed Humid,urb,mfh,s3,53.37518918990272
C-WEU-ESP,Zone_3A Warm Humid,rur,mfh,s3,53.37518918990272
C-WEU-ESP,Zone_3A Warm Humid,urb,mfh,s3,53.37518918990272
C-WEU-ESP,Zone_3B Warm Dry,rur,mfh,s3,53.37518918990272
C-WEU-ESP,Zone_3B Warm Dry,urb,mfh,s3,53.37518918990272
C-WEU-ESP,Zone_2B Hot Dry,rur,mfh,s3,53.37518918990272
C-WEU-ESP,Zone_2B Hot Dry,urb,mfh,s3,53.37518918990272
C-WEU-FIN,Zone_6A Cold Humid,rur,mfh,s3,5.968694105050731
C-WEU-FIN,Zone_6A Cold Humid,urb,mfh,s3,5.968694105050731
C-WEU-FIN,Zone_7A Very cold Humid,rur,mfh,s3,5.968694105050731
C-WEU-FIN,Zone_7A Very cold Humid,urb,mfh,s3,5.968694105050731
C-WEU-FRA,Zone_4A Mixed Humid,rur,mfh,s3,24.195590137329678
C-WEU-FRA,Zone_4A Mixed Humid,urb,mfh,s3,24.195590137329678
C-WEU-FRA,Zone_5A Cool Humid,rur,mfh,s3,24.195590137329678
C-WEU-FRA,Zone_5A Cool Humid,urb,mfh,s3,24.195590137329678
C-WEU-FRA,Zone_3A Warm Humid,rur,mfh,s3,24.195590137329678
C-WEU-FRA,Zone_3A Warm Humid,urb,mfh,s3,24.195590137329678
C-WEU-FRA,Zone_7A Very cold Humid,rur,mfh,s3,24.195590137329678
C-WEU-FRA,Zone_7A Very cold Humid,urb,mfh,s3,24.195590137329678
C-WEU-FRA,Zone_4C Mixed Marine,rur,mfh,s3,24.195590137329678
C-WEU-FRA,Zone_4C Mixed Marine,urb,mfh,s3,24.195590137329678
C-WEU-FRA,Zone_3C Warm Marine,rur,mfh,s3,24.195590137329678
C-WEU-FRA,Zone_3C Warm Marine,urb,mfh,s3,24.195590137329678
C-WEU-FRA,Zone_1A Very hot Humid,rur,mfh,s3,24.195590137329678
C-WEU-FRA,Zone_1A Very hot Humid,urb,mfh,s3,24.195590137329678
C-WEU-FRA,Zone_2A Hot Humid,rur,mfh,s3,24.195590137329678
C-WEU-FRA,Zone_2A Hot Humid,urb,mfh,s3,24.195590137329678
C-WEU-FRA,Zone_0A Extremely hot Humid,rur,mfh,s3,24.195590137329678
C-WEU-FRA,Zone_0A Extremely hot Humid,urb,mfh,s3,24.195590137329678
C-EEU-HRV,Zone_4A Mixed Humid,rur,mfh,s3,12.318100512916796
C-EEU-HRV,Zone_4A Mixed Humid,urb,mfh,s3,12.318100512916796
C-EEU-HRV,Zone_5A Cool Humid,rur,mfh,s3,12.318100512916796
C-EEU-HRV,Zone_5A Cool Humid,urb,mfh,s3,12.318100512916796
C-EEU-HRV,Zone_4C Mixed Marine,rur,mfh,s3,12.318100512916796
C-EEU-HRV,Zone_4C Mixed Marine,urb,mfh,s3,12.318100512916796
C-EEU-HRV,Zone_3A Warm Humid,rur,mfh,s3,12.318100512916796
C-EEU-HRV,Zone_3A Warm Humid,urb,mfh,s3,12.318100512916796
C-EEU-HUN,Zone_4A Mixed Humid,rur,mfh,s3,37.49242694666317
C-EEU-HUN,Zone_4A Mixed Humid,urb,mfh,s3,37.49242694666317
C-EEU-HUN,Zone_5A Cool Humid,rur,mfh,s3,37.49242694666317
C-EEU-HUN,Zone_5A Cool Humid,urb,mfh,s3,37.49242694666317
C-WEU-IRL,Zone_5A Cool Humid,rur,mfh,s3,0.02272727
C-WEU-IRL,Zone_5A Cool Humid,urb,mfh,s3,0.02272727
C-WEU-IRL,Zone_4A Mixed Humid,rur,mfh,s3,0.02272727
C-WEU-IRL,Zone_4A Mixed Humid,urb,mfh,s3,0.02272727
C-WEU-ITA,Zone_4A Mixed Humid,rur,mfh,s3,52.19140889953393
C-WEU-ITA,Zone_4A Mixed Humid,urb,mfh,s3,52.19140889953393
C-WEU-ITA,Zone_5A Cool Humid,rur,mfh,s3,52.19140889953393
C-WEU-ITA,Zone_5A Cool Humid,urb,mfh,s3,52.19140889953393
C-WEU-ITA,Zone_7A Very cold Humid,rur,mfh,s3,52.19140889953393
C-WEU-ITA,Zone_7A Very cold Humid,urb,mfh,s3,52.19140889953393
C-WEU-ITA,Zone_6A Cold Humid,rur,mfh,s3,52.19140889953393
C-WEU-ITA,Zone_6A Cold Humid,urb,mfh,s3,52.19140889953393
C-WEU-ITA,Zone_3A Warm Humid,rur,mfh,s3,52.19140889953393
C-WEU-ITA,Zone_3A Warm Humid,urb,mfh,s3,52.19140889953393
C-WEU-ITA,Zone_4C Mixed Marine,rur,mfh,s3,52.19140889953393
C-WEU-ITA,Zone_4C Mixed Marine,urb,mfh,s3,52.19140889953393
C-WEU-ITA,Zone_5C Cool Marine,rur,mfh,s3,52.19140889953393
C-WEU-ITA,Zone_5C Cool Marine,urb,mfh,s3,52.19140889953393
C-EEU-LTU,Zone_6A Cold Humid,rur,mfh,s3,12.825
C-EEU-LTU,Zone_6A Cold Humid,urb,mfh,s3,12.825
C-EEU-LTU,Zone_5A Cool Humid,rur,mfh,s3,12.825
C-EEU-LTU,Zone_5A Cool Humid,urb,mfh,s3,12.825
C-WEU-LUX,Zone_5A Cool Humid,rur,mfh,s3,12.25
C-WEU-LUX,Zone_5A Cool Humid,urb,mfh,s3,12.25
C-EEU-LVA,Zone_6A Cold Humid,rur,mfh,s3,10.48717949
C-EEU-LVA,Zone_6A Cold Humid,urb,mfh,s3,10.48717949
C-WEU-MLT,Zone_3A Warm Humid,rur,mfh,s3,44.625
C-WEU-MLT,Zone_3A Warm Humid,urb,mfh,s3,44.625
C-WEU-NLD,Zone_5A Cool Humid,rur,mfh,s3,7.76993670759021
C-WEU-NLD,Zone_5A Cool Humid,urb,mfh,s3,7.76993670759021
C-WEU-NLD,Zone_4A Mixed Humid,rur,mfh,s3,7.76993670759021
C-WEU-NLD,Zone_4A Mixed Humid,urb,mfh,s3,7.76993670759021
C-EEU-POL,Zone_5A Cool Humid,rur,mfh,s3,15.83993902
C-EEU-POL,Zone_5A Cool Humid,urb,mfh,s3,15.83993902
C-EEU-POL,Zone_6A Cold Humid,rur,mfh,s3,15.83993902
C-EEU-POL,Zone_6A Cold Humid,urb,mfh,s3,15.83993902
C-WEU-PRT,Zone_3C Warm Marine,rur,mfh,s3,43.50313319623937
C-WEU-PRT,Zone_3C Warm Marine,urb,mfh,s3,43.50313319623937
C-WEU-PRT,Zone_4C Mixed Marine,rur,mfh,s3,43.50313319623937
C-WEU-PRT,Zone_4C Mixed Marine,urb,mfh,s3,43.50313319623937
C-WEU-PRT,Zone_4A Mixed Humid,rur,mfh,s3,43.50313319623937
C-WEU-PRT,Zone_4A Mixed Humid,urb,mfh,s3,43.50313319623937
C-WEU-PRT,Zone_3A Warm Humid,rur,mfh,s3,43.50313319623937
C-WEU-PRT,Zone_3A Warm Humid,urb,mfh,s3,43.50313319623937
C-EEU-ROU,Zone_5A Cool Humid,rur,mfh,s3,32.44905418277199
C-EEU-ROU,Zone_5A Cool Humid,urb,mfh,s3,32.44905418277199
C-EEU-ROU,Zone_6A Cold Humid,rur,mfh,s3,32.44905418277199
C-EEU-ROU,Zone_6A Cold Humid,urb,mfh,s3,32.44905418277199
C-EEU-ROU,Zone_4A Mixed Humid,rur,mfh,s3,32.44905418277199
C-EEU-ROU,Zone_4A Mixed Humid,urb,mfh,s3,32.44905418277199
C-WEU-SWE,Zone_6A Cold Humid,rur,mfh,s3,8.266550173650268
C-WEU-SWE,Zone_6A Cold Humid,urb,mfh,s3,8.266550173650268
C-WEU-SWE,Zone_5A Cool Humid,rur,mfh,s3,8.266550173650268
C-WEU-SWE,Zone_5A Cool Humid,urb,mfh,s3,8.266550173650268
C-WEU-SWE,Zone_7A Very cold Humid,rur,mfh,s3,8.266550173650268
C-WEU-SWE,Zone_7A Very cold Humid,urb,mfh,s3,8.266550173650268
C-WEU-SWE,Zone_8A Subarctic/arctic Humid,rur,mfh,s3,8.266550173650268
C-WEU-SWE,Zone_8A Subarctic/arctic Humid,urb,mfh,s3,8.266550173650268
C-EEU-SVN,Zone_4A Mixed Humid,rur,mfh,s3,11.88242744204289
C-EEU-SVN,Zone_4A Mixed Humid,urb,mfh,s3,11.88242744204289
C-EEU-SVN,Zone_5A Cool Humid,rur,mfh,s3,11.88242744204289
C-EEU-SVN,Zone_5A Cool Humid,urb,mfh,s3,11.88242744204289
C-EEU-SVN,Zone_7A Very cold Humid,rur,mfh,s3,11.88242744204289
C-EEU-SVN,Zone_7A Very cold Humid,urb,mfh,s3,11.88242744204289
C-EEU-SVK,Zone_5A Cool Humid,rur,mfh,s3,16.9574299408913
C-EEU-SVK,Zone_5A Cool Humid,urb,mfh,s3,16.9574299408913
C-EEU-SVK,Zone_6A Cold Humid,rur,mfh,s3,16.9574299408913
C-EEU-SVK,Zone_6A Cold Humid,urb,mfh,s3,16.9574299408913
C-WEU-AUT,Zone_5A Cool Humid,rur,sfh,s3,11.17624569363838
C-WEU-AUT,Zone_5A Cool Humid,urb,sfh,s3,11.17624569363838
C-WEU-AUT,Zone_4A Mixed Humid,rur,sfh,s3,11.17624569363838
C-WEU-AUT,Zone_4A Mixed Humid,urb,sfh,s3,11.17624569363838
C-WEU-AUT,Zone_6A Cold Humid,rur,sfh,s3,11.17624569363838
C-WEU-AUT,Zone_6A Cold Humid,urb,sfh,s3,11.17624569363838
C-WEU-AUT,Zone_7A Very cold Humid,rur,sfh,s3,11.17624569363838
C-WEU-AUT,Zone_7A Very cold Humid,urb,sfh,s3,11.17624569363838
C-WEU-BEL,Zone_4A Mixed Humid,rur,sfh,s3,7.76785714
C-WEU-BEL,Zone_4A Mixed Humid,urb,sfh,s3,7.76785714
C-WEU-BEL,Zone_5A Cool Humid,rur,sfh,s3,7.76785714
C-WEU-BEL,Zone_5A Cool Humid,urb,sfh,s3,7.76785714
C-EEU-BGR,Zone_4A Mixed Humid,rur,sfh,s3,27.720957967935874
C-EEU-BGR,Zone_4A Mixed Humid,urb,sfh,s3,27.720957967935874
C-EEU-BGR,Zone_5A Cool Humid,rur,sfh,s3,27.720957967935874
C-EEU-BGR,Zone_5A Cool Humid,urb,sfh,s3,27.720957967935874
C-WEU-CYP,Zone_3A Warm Humid,rur,sfh,s3,50.40625
C-WEU-CYP,Zone_3A Warm Humid,urb,sfh,s3,50.40625
C-EEU-CZE,Zone_5A Cool Humid,rur,sfh,s3,7.7948718
C-EEU-CZE,Zone_5A Cool Humid,urb,sfh,s3,7.7948718
C-WEU-DEU,Zone_5A Cool Humid,rur,sfh,s3,10.129535882273467
C-WEU-DEU,Zone_5A Cool Humid,urb,sfh,s3,10.129535882273467
C-WEU-DEU,Zone_4A Mixed Humid,rur,sfh,s3,10.129535882273467
C-WEU-DEU,Zone_4A Mixed Humid,urb,sfh,s3,10.129535882273467
C-WEU-DEU,Zone_6A Cold Humid,rur,sfh,s3,10.129535882273467
C-WEU-DEU,Zone_6A Cold Humid,urb,sfh,s3,10.129535882273467
C-WEU-DNK,Zone_5A Cool Humid,rur,sfh,s3,4.28125
C-WEU-DNK,Zone_5A Cool Humid,urb,sfh,s3,4.28125
C-EEU-EST,Zone_6A Cold Humid,rur,sfh,s3,3.49431818
C-EEU-EST,Zone_6A Cold Humid,urb,sfh,s3,3.49431818
C-WEU-GRC,Zone_3A Warm Humid,rur,sfh,s3,56.07805825953753
C-WEU-GRC,Zone_3A Warm Humid,urb,sfh,s3,56.07805825953753
C-WEU-GRC,Zone_4A Mixed Humid,rur,sfh,s3,56.07805825953753
C-WEU-GRC,Zone_4A Mixed Humid,urb,sfh,s3,56.07805825953753
C-WEU-GRC,Zone_4C Mixed Marine,rur,sfh,s3,56.07805825953753
C-WEU-GRC,Zone_4C Mixed Marine,urb,sfh,s3,56.07805825953753
C-WEU-GRC,Zone_5C Cool Marine,rur,sfh,s3,56.07805825953753
C-WEU-GRC,Zone_5C Cool Marine,urb,sfh,s3,56.07805825953753
C-WEU-GRC,Zone_5A Cool Humid,rur,sfh,s3,56.07805825953753
C-WEU-GRC,Zone_5A Cool Humid,urb,sfh,s3,56.07805825953753
C-WEU-ESP,Zone_3C Warm Marine,rur,sfh,s3,45.32521017389378
C-WEU-ESP,Zone_3C Warm Marine,urb,sfh,s3,45.32521017389378
C-WEU-ESP,Zone_4C Mixed Marine,rur,sfh,s3,45.32521017389378
C-WEU-ESP,Zone_4C Mixed Marine,urb,sfh,s3,45.32521017389378
C-WEU-ESP,Zone_4A Mixed Humid,rur,sfh,s3,45.32521017389378
C-WEU-ESP,Zone_4A Mixed Humid,urb,sfh,s3,45.32521017389378
C-WEU-ESP,Zone_3A Warm Humid,rur,sfh,s3,45.32521017389378
C-WEU-ESP,Zone_3A Warm Humid,urb,sfh,s3,45.32521017389378
C-WEU-ESP,Zone_3B Warm Dry,rur,sfh,s3,45.32521017389378
C-WEU-ESP,Zone_3B Warm Dry,urb,sfh,s3,45.32521017389378
C-WEU-ESP,Zone_2B Hot Dry,rur,sfh,s3,45.32521017389378
C-WEU-ESP,Zone_2B Hot Dry,urb,sfh,s3,45.32521017389378
C-WEU-FIN,Zone_6A Cold Humid,rur,sfh,s3,2.588399235686435
C-WEU-FIN,Zone_6A Cold Humid,urb,sfh,s3,2.588399235686435
C-WEU-FIN,Zone_7A Very cold Humid,rur,sfh,s3,2.588399235686435
C-WEU-FIN,Zone_7A Very cold Humid,urb,sfh,s3,2.588399235686435
C-WEU-FRA,Zone_4A Mixed Humid,rur,sfh,s3,15.248256469184934
C-WEU-FRA,Zone_4A Mixed Humid,urb,sfh,s3,15.248256469184934
C-WEU-FRA,Zone_5A Cool Humid,rur,sfh,s3,15.248256469184934
C-WEU-FRA,Zone_5A Cool Humid,urb,sfh,s3,15.248256469184934
C-WEU-FRA,Zone_3A Warm Humid,rur,sfh,s3,15.248256469184934
C-WEU-FRA,Zone_3A Warm Humid,urb,sfh,s3,15.248256469184934
C-WEU-FRA,Zone_7A Very cold Humid,rur,sfh,s3,15.248256469184934
C-WEU-FRA,Zone_7A Very cold Humid,urb,sfh,s3,15.248256469184934
C-WEU-FRA,Zone_4C Mixed Marine,rur,sfh,s3,15.248256469184934
C-WEU-FRA,Zone_4C Mixed Marine,urb,sfh,s3,15.248256469184934
C-WEU-FRA,Zone_3C Warm Marine,rur,sfh,s3,15.248256469184934
C-WEU-FRA,Zone_3C Warm Marine,urb,sfh,s3,15.248256469184934
C-WEU-FRA,Zone_1A Very hot Humid,rur,sfh,s3,15.248256469184934
C-WEU-FRA,Zone_1A Very hot Humid,urb,sfh,s3,15.248256469184934
C-WEU-FRA,Zone_2A Hot Humid,rur,sfh,s3,15.248256469184934
C-WEU-FRA,Zone_2A Hot Humid,urb,sfh,s3,15.248256469184934
C-WEU-FRA,Zone_0A Extremely hot Humid,rur,sfh,s3,15.248256469184934
C-WEU-FRA,Zone_0A Extremely hot Humid,urb,sfh,s3,15.248256469184934
C-EEU-HRV,Zone_4A Mixed Humid,rur,sfh,s3,11.46839099085253
C-EEU-HRV,Zone_4A Mixed Humid,urb,sfh,s3,11.46839099085253
C-EEU-HRV,Zone_5A Cool Humid,rur,sfh,s3,11.46839099085253
C-EEU-HRV,Zone_5A Cool Humid,urb,sfh,s3,11.46839099085253
C-EEU-HRV,Zone_4C Mixed Marine,rur,sfh,s3,11.46839099085253
C-EEU-HRV,Zone_4C Mixed Marine,urb,sfh,s3,11.46839099085253
C-EEU-HRV,Zone_3A Warm Humid,rur,sfh,s3,11.46839099085253
C-EEU-HRV,Zone_3A Warm Humid,urb,sfh,s3,11.46839099085253
C-EEU-HUN,Zone_4A Mixed Humid,rur,sfh,s3,24.867243766532802
C-EEU-HUN,Zone_4A Mixed Humid,urb,sfh,s3,24.867243766532802
C-EEU-HUN,Zone_5A Cool Humid,rur,sfh,s3,24.867243766532802
C-EEU-HUN,Zone_5A Cool Humid,urb,sfh,s3,24.867243766532802
C-WEU-IRL,Zone_5A Cool Humid,rur,sfh,s3,0.0
C-WEU-IRL,Zone_5A Cool Humid,urb,sfh,s3,0.0
C-WEU-IRL,Zone_4A Mixed Humid,rur,sfh,s3,0.0
C-WEU-IRL,Zone_4A Mixed Humid,urb,sfh,s3,0.0
C-WEU-ITA,Zone_4A Mixed Humid,rur,sfh,s3,42.711641805180726
C-WEU-ITA,Zone_4A Mixed Humid,urb,sfh,s3,42.711641805180726
C-WEU-ITA,Zone_5A Cool Humid,rur,sfh,s3,42.711641805180726
C-WEU-ITA,Zone_5A Cool Humid,urb,sfh,s3,42.711641805180726
C-WEU-ITA,Zone_7A Very cold Humid,rur,sfh,s3,42.711641805180726
C-WEU-ITA,Zone_7A Very cold Humid,urb,sfh,s3,42.711641805180726
C-WEU-ITA,Zone_6A Cold Humid,rur,sfh,s3,42.711641805180726
C-WEU-ITA,Zone_6A Cold Humid,urb,sfh,s3,42.711641805180726
C-WEU-ITA,Zone_3A Warm Humid,rur,sfh,s3,42.711641805180726
C-WEU-ITA,Zone_3A Warm Humid,urb,sfh,s3,42.711641805180726
C-WEU-ITA,Zone_4C Mixed Marine,rur,sfh,s3,42.711641805180726
C-WEU-ITA,Zone_4C Mixed Marine,urb,sfh,s3,42.711641805180726
C-WEU-ITA,Zone_5C Cool Marine,rur,sfh,s3,42.711641805180726
C-WEU-ITA,Zone_5C Cool Marine,urb,sfh,s3,42.711641805180726
C-EEU-LTU,Zone_6A Cold Humid,rur,sfh,s3,7.64166667
C-EEU-LTU,Zone_6A Cold Humid,urb,sfh,s3,7.64166667
C-EEU-LTU,Zone_5A Cool Humid,rur,sfh,s3,7.64166667
C-EEU-LTU,Zone_5A Cool Humid,urb,sfh,s3,7.64166667
C-WEU-LUX,Zone_5A Cool Humid,rur,sfh,s3,6.25
C-WEU-LUX,Zone_5A Cool Humid,urb,sfh,s3,6.25
C-EEU-LVA,Zone_6A Cold Humid,rur,sfh,s3,5.51923077
C-EEU-LVA,Zone_6A Cold Humid,urb,sfh,s3,5.51923077
C-WEU-MLT,Zone_3A Warm Humid,rur,sfh,s3,40.87499999999999
C-WEU-MLT,Zone_3A Warm Humid,urb,sfh,s3,40.87499999999999
C-WEU-NLD,Zone_5A Cool Humid,rur,sfh,s3,4.646642603864987
C-WEU-NLD,Zone_5A Cool Humid,urb,sfh,s3,4.646642603864987
C-WEU-NLD,Zone_4A Mixed Humid,rur,sfh,s3,4.646642603864987
C-WEU-NLD,Zone_4A Mixed Humid,urb,sfh,s3,4.646642603864987
C-EEU-POL,Zone_5A Cool Humid,rur,sfh,s3,9.52591463
C-EEU-POL,Zone_5A Cool Humid,urb,sfh,s3,9.52591463
C-EEU-POL,Zone_6A Cold Humid,rur,sfh,s3,9.52591463
C-EEU-POL,Zone_6A Cold Humid,urb,sfh,s3,9.52591463
C-WEU-PRT,Zone_3C Warm Marine,rur,sfh,s3,32.90846242244227
C-WEU-PRT,Zone_3C Warm Marine,urb,sfh,s3,32.90846242244227
C-WEU-PRT,Zone_4C Mixed Marine,rur,sfh,s3,32.90846242244227
C-WEU-PRT,Zone_4C Mixed Marine,urb,sfh,s3,32.90846242244227
C-WEU-PRT,Zone_4A Mixed Humid,rur,sfh,s3,32.90846242244227
C-WEU-PRT,Zone_4A Mixed Humid,urb,sfh,s3,32.90846242244227
C-WEU-PRT,Zone_3A Warm Humid,rur,sfh,s3,32.90846242244227
C-WEU-PRT,Zone_3A Warm Humid,urb,sfh,s3,32.90846242244227
C-EEU-ROU,Zone_5A Cool Humid,rur,sfh,s3,22.370402262354048
C-EEU-ROU,Zone_5A Cool Humid,urb,sfh,s3,22.370402262354048
C-EEU-ROU,Zone_6A Cold Humid,rur,sfh,s3,22.370402262354048
C-EEU-ROU,Zone_6A Cold Humid,urb,sfh,s3,22.370402262354048
C-EEU-ROU,Zone_4A Mixed Humid,rur,sfh,s3,22.370402262354048
C-EEU-ROU,Zone_4A Mixed Humid,urb,sfh,s3,22.370402262354048
C-WEU-SWE,Zone_6A Cold Humid,rur,sfh,s3,4.397649925758655
C-WEU-SWE,Zone_6A Cold Humid,urb,sfh,s3,4.397649925758655
C-WEU-SWE,Zone_5A Cool Humid,rur,sfh,s3,4.397649925758655
C-WEU-SWE,Zone_5A Cool Humid,urb,sfh,s3,4.397649925758655
C-WEU-SWE,Zone_7A Very cold Humid,rur,sfh,s3,4.397649925758655
C-WEU-SWE,Zone_7A Very cold Humid,urb,sfh,s3,4.397649925758655
C-WEU-SWE,Zone_8A Subarctic/arctic Humid,rur,sfh,s3,4.397649925758655
C-WEU-SWE,Zone_8A Subarctic/arctic Humid,urb,sfh,s3,4.397649925758655
C-EEU-SVN,Zone_4A Mixed Humid,rur,sfh,s3,4.745563293918855
C-EEU-SVN,Zone_4A Mixed Humid,urb,sfh,s3,4.745563293918855
C-EEU-SVN,Zone_5A Cool Humid,rur,sfh,s3,4.745563293918855
C-EEU-SVN,Zone_5A Cool Humid,urb,sfh,s3,4.745563293918855
C-EEU-SVN,Zone_7A Very cold Humid,rur,sfh,s3,4.745563293918855
C-EEU-SVN,Zone_7A Very cold Humid,urb,sfh,s3,4.745563293918855
C-EEU-SVK,Zone_5A Cool Humid,rur,sfh,s3,9.99253899058334
C-EEU-SVK,Zone_5A Cool Humid,urb,sfh,s3,9.99253899058334
C-EEU-SVK,Zone_6A Cold Humid,rur,sfh,s3,9.99253899058334
C-EEU-SVK,Zone_6A Cold Humid,urb,sfh,s3,9.99253899058334
C-WEU-AUT,Zone_5A Cool Humid,rur,mfh,s51_std,19.7327253135404
C-WEU-AUT,Zone_5A Cool Humid,urb,mfh,s51_std,19.7327253135404
C-WEU-AUT,Zone_4A Mixed Humid,rur,mfh,s51_std,19.7327253135404
C-WEU-AUT,Zone_4A Mixed Humid,urb,mfh,s51_std,19.7327253135404
C-WEU-AUT,Zone_6A Cold Humid,rur,mfh,s51_std,19.7327253135404
C-WEU-AUT,Zone_6A Cold Humid,urb,mfh,s51_std,19.7327253135404
C-WEU-AUT,Zone_7A Very cold Humid,rur,mfh,s51_std,19.7327253135404
C-WEU-AUT,Zone_7A Very cold Humid,urb,mfh,s51_std,19.7327253135404
C-WEU-BEL,Zone_4A Mixed Humid,rur,mfh,s51_std,16.51785714
C-WEU-BEL,Zone_4A Mixed Humid,urb,mfh,s51_std,16.51785714
C-WEU-BEL,Zone_5A Cool Humid,rur,mfh,s51_std,16.51785714
C-WEU-BEL,Zone_5A Cool Humid,urb,mfh,s51_std,16.51785714
C-EEU-BGR,Zone_4A Mixed Humid,rur,mfh,s51_std,42.77400071267423
C-EEU-BGR,Zone_4A Mixed Humid,urb,mfh,s51_std,42.77400071267423
C-EEU-BGR,Zone_5A Cool Humid,rur,mfh,s51_std,42.77400071267423
C-EEU-BGR,Zone_5A Cool Humid,urb,mfh,s51_std,42.77400071267423
C-WEU-CYP,Zone_3A Warm Humid,rur,mfh,s51_std,58.0625
C-WEU-CYP,Zone_3A Warm Humid,urb,mfh,s51_std,58.0625
C-EEU-CZE,Zone_5A Cool Humid,rur,mfh,s51_std,16.71153846
C-EEU-CZE,Zone_5A Cool Humid,urb,mfh,s51_std,16.71153846
C-WEU-DEU,Zone_5A Cool Humid,rur,mfh,s51_std,18.562982244517837
C-WEU-DEU,Zone_5A Cool Humid,urb,mfh,s51_std,18.562982244517837
C-WEU-DEU,Zone_4A Mixed Humid,rur,mfh,s51_std,18.562982244517837
C-WEU-DEU,Zone_4A Mixed Humid,urb,mfh,s51_std,18.562982244517837
C-WEU-DEU,Zone_6A Cold Humid,rur,mfh,s51_std,18.562982244517837
C-WEU-DEU,Zone_6A Cold Humid,urb,mfh,s51_std,18.562982244517837
C-WEU-DNK,Zone_5A Cool Humid,rur,mfh,s51_std,9.57291667
C-WEU-DNK,Zone_5A Cool Humid,urb,mfh,s51_std,9.57291667
C-EEU-EST,Zone_6A Cold Humid,rur,mfh,s51_std,10.34659091
C-EEU-EST,Zone_6A Cold Humid,urb,mfh,s51_std,10.34659091
C-WEU-GRC,Zone_3A Warm Humid,rur,mfh,s51_std,67.3594717006259
C-WEU-GRC,Zone_3A Warm Humid,urb,mfh,s51_std,67.3594717006259
C-WEU-GRC,Zone_4A Mixed Humid,rur,mfh,s51_std,67.3594717006259
C-WEU-GRC,Zone_4A Mixed Humid,urb,mfh,s51_std,67.3594717006259
C-WEU-GRC,Zone_4C Mixed Marine,rur,mfh,s51_std,67.3594717006259
C-WEU-GRC,Zone_4C Mixed Marine,urb,mfh,s51_std,67.3594717006259
C-WEU-GRC,Zone_5C Cool Marine,rur,mfh,s51_std,67.3594717006259
C-WEU-GRC,Zone_5C Cool Marine,urb,mfh,s51_std,67.3594717006259
C-WEU-GRC,Zone_5A Cool Humid,rur,mfh,s51_std,67.3594717006259
C-WEU-GRC,Zone_5A Cool Humid,urb,mfh,s51_std,67.3594717006259
C-WEU-ESP,Zone_3C Warm Marine,rur,mfh,s51_std,56.74926338029821
C-WEU-ESP,Zone_3C Warm Marine,urb,mfh,s51_std,56.74926338029821
C-WEU-ESP,Zone_4C Mixed Marine,rur,mfh,s51_std,56.74926338029821
C-WEU-ESP,Zone_4C Mixed Marine,urb,mfh,s51_std,56.74926338029821
C-WEU-ESP,Zone_4A Mixed Humid,rur,mfh,s51_std,56.74926338029821
C-WEU-ESP,Zone_4A Mixed Humid,urb,mfh,s51_std,56.74926338029821
C-WEU-ESP,Zone_3A Warm Humid,rur,mfh,s51_std,56.74926338029821
C-WEU-ESP,Zone_3A Warm Humid,urb,mfh,s51_std,56.74926338029821
C-WEU-ESP,Zone_3B Warm Dry,rur,mfh,s51_std,56.74926338029821
C-WEU-ESP,Zone_3B Warm Dry,urb,mfh,s51_std,56.74926338029821
C-WEU-ESP,Zone_2B Hot Dry,rur,mfh,s51_std,56.74926338029821
C-WEU-ESP,Zone_2B Hot Dry,urb,mfh,s51_std,56.74926338029821
C-WEU-FIN,Zone_6A Cold Humid,rur,mfh,s51_std,7.651429245488561
C-WEU-FIN,Zone_6A Cold Humid,urb,mfh,s51_std,7.651429245488561
C-WEU-FIN,Zone_7A Very cold Humid,rur,mfh,s51_std,7.651429245488561
C-WEU-FIN,Zone_7A Very cold Humid,urb,mfh,s51_std,7.651429245488561
C-WEU-FRA,Zone_4A Mixed Humid,rur,mfh,s51_std,28.115290206576567
C-WEU-FRA,Zone_4A Mixed Humid,urb,mfh,s51_std,28.115290206576567
C-WEU-FRA,Zone_5A Cool Humid,rur,mfh,s51_std,28.115290206576567
C-WEU-FRA,Zone_5A Cool Humid,urb,mfh,s51_std,28.115290206576567
C-WEU-FRA,Zone_3A Warm Humid,rur,mfh,s51_std,28.115290206576567
C-WEU-FRA,Zone_3A Warm Humid,urb,mfh,s51_std,28.115290206576567
C-WEU-FRA,Zone_7A Very cold Humid,rur,mfh,s51_std,28.115290206576567
C-WEU-FRA,Zone_7A Very cold Humid,urb,mfh,s51_std,28.115290206576567
C-WEU-FRA,Zone_4C Mixed Marine,rur,mfh,s51_std,28.115290206576567
C-WEU-FRA,Zone_4C Mixed Marine,urb,mfh,s51_std,28.115290206576567
C-WEU-FRA,Zone_3C Warm Marine,rur,mfh,s51_std,28.115290206576567
C-WEU-FRA,Zone_3C Warm Marine,urb,mfh,s51_std,28.115290206576567
C-WEU-FRA,Zone_1A Very hot Humid,rur,mfh,s51_std,28.115290206576567
C-WEU-FRA,Zone_1A Very hot Humid,urb,mfh,s51_std,28.115290206576567
C-WEU-FRA,Zone_2A Hot Humid,rur,mfh,s51_std,28.115290206576567
C-WEU-FRA,Zone_2A Hot Humid,urb,mfh,s51_std,28.115290206576567
C-WEU-FRA,Zone_0A Extremely hot Humid,rur,mfh,s51_std,28.115290206576567
C-WEU-FRA,Zone_0A Extremely hot Humid,urb,mfh,s51_std,28.115290206576567
C-EEU-HRV,Zone_4A Mixed Humid,rur,mfh,s51_std,12.96899604594875
C-EEU-HRV,Zone_4A Mixed Humid,urb,mfh,s51_std,12.96899604594875
C-EEU-HRV,Zone_5A Cool Humid,rur,mfh,s51_std,12.96899604594875
C-EEU-HRV,Zone_5A Cool Humid,urb,mfh,s51_std,12.96899604594875
C-EEU-HRV,Zone_4C Mixed Marine,rur,mfh,s51_std,12.96899604594875
C-EEU-HRV,Zone_4C Mixed Marine,urb,mfh,s51_std,12.96899604594875
C-EEU-HRV,Zone_3A Warm Humid,rur,mfh,s51_std,12.96899604594875
C-EEU-HRV,Zone_3A Warm Humid,urb,mfh,s51_std,12.96899604594875
C-EEU-HUN,Zone_4A Mixed Humid,rur,mfh,s51_std,41.715257075679524
C-EEU-HUN,Zone_4A Mixed Humid,urb,mfh,s51_std,41.715257075679524
C-EEU-HUN,Zone_5A Cool Humid,rur,mfh,s51_std,41.715257075679524
C-EEU-HUN,Zone_5A Cool Humid,urb,mfh,s51_std,41.715257075679524
C-WEU-IRL,Zone_5A Cool Humid,rur,mfh,s51_std,0.13636364
C-WEU-IRL,Zone_5A Cool Humid,urb,mfh,s51_std,0.13636364
C-WEU-IRL,Zone_4A Mixed Humid,rur,mfh,s51_std,0.13636364
C-WEU-IRL,Zone_4A Mixed Humid,urb,mfh,s51_std,0.13636364
C-WEU-ITA,Zone_4A Mixed Humid,rur,mfh,s51_std,55.565585640401544
C-WEU-ITA,Zone_4A Mixed Humid,urb,mfh,s51_std,55.565585640401544
C-WEU-ITA,Zone_5A Cool Humid,rur,mfh,s51_std,55.565585640401544
C-WEU-ITA,Zone_5A Cool Humid,urb,mfh,s51_std,55.565585640401544
C-WEU-ITA,Zone_7A Very cold Humid,rur,mfh,s51_std,55.565585640401544
C-WEU-ITA,Zone_7A Very cold Humid,urb,mfh,s51_std,55.565585640401544
C-WEU-ITA,Zone_6A Cold Humid,rur,mfh,s51_std,55.565585640401544
C-WEU-ITA,Zone_6A Cold Humid,urb,mfh,s51_std,55.565585640401544
C-WEU-ITA,Zone_3A Warm Humid,rur,mfh,s51_std,55.565585640401544
C-WEU-ITA,Zone_3A Warm Humid,urb,mfh,s51_std,55.565585640401544
C-WEU-ITA,Zone_4C Mixed Marine,rur,mfh,s51_std,55.565585640401544
C-WEU-ITA,Zone_4C Mixed Marine,urb,mfh,s51_std,55.565585640401544
C-WEU-ITA,Zone_5C Cool Marine,rur,mfh,s51_std,55.565585640401544
C-WEU-ITA,Zone_5C Cool Marine,urb,mfh,s51_std,55.565585640401544
C-EEU-LTU,Zone_6A Cold Humid,rur,mfh,s51_std,15.51666667
C-EEU-LTU,Zone_6A Cold Humid,urb,mfh,s51_std,15.51666667
C-EEU-LTU,Zone_5A Cool Humid,rur,mfh,s51_std,15.51666667
C-EEU-LTU,Zone_5A Cool Humid,urb,mfh,s51_std,15.51666667
C-WEU-LUX,Zone_5A Cool Humid,rur,mfh,s51_std,15.375000000000002
C-WEU-LUX,Zone_5A Cool Humid,urb,mfh,s51_std,15.375000000000002
C-EEU-LVA,Zone_6A Cold Humid,rur,mfh,s51_std,13.08974359
C-EEU-LVA,Zone_6A Cold Humid,urb,mfh,s51_std,13.08974359
C-WEU-MLT,Zone_3A Warm Humid,rur,mfh,s51_std,46.5
C-WEU-MLT,Zone_3A Warm Humid,urb,mfh,s51_std,46.5
C-WEU-NLD,Zone_5A Cool Humid,rur,mfh,s51_std,9.345015821629419
C-WEU-NLD,Zone_5A Cool Humid,urb,mfh,s51_std,9.345015821629419
C-WEU-NLD,Zone_4A Mixed Humid,rur,mfh,s51_std,9.345015821629419
C-WEU-NLD,Zone_4A Mixed Humid,urb,mfh,s51_std,9.345015821629419
C-EEU-POL,Zone_5A Cool Humid,rur,mfh,s51_std,18.75914634
C-EEU-POL,Zone_5A Cool Humid,urb,mfh,s51_std,18.75914634
C-EEU-POL,Zone_6A Cold Humid,rur,mfh,s51_std,18.75914634
C-EEU-POL,Zone_6A Cold Humid,urb,mfh,s51_std,18.75914634
C-WEU-PRT,Zone_3C Warm Marine,rur,mfh,s51_std,47.82070466833629
C-WEU-PRT,Zone_3C Warm Marine,urb,mfh,s51_std,47.82070466833629
C-WEU-PRT,Zone_4C Mixed Marine,rur,mfh,s51_std,47.82070466833629
C-WEU-PRT,Zone_4C Mixed Marine,urb,mfh,s51_std,47.82070466833629
C-WEU-PRT,Zone_4A Mixed Humid,rur,mfh,s51_std,47.82070466833629
C-WEU-PRT,Zone_4A Mixed Humid,urb,mfh,s51_std,47.82070466833629
C-WEU-PRT,Zone_3A Warm Humid,rur,mfh,s51_std,47.82070466833629
C-WEU-PRT,Zone_3A Warm Humid,urb,mfh,s51_std,47.82070466833629
C-EEU-ROU,Zone_5A Cool Humid,rur,mfh,s51_std,36.35655014220208
C-EEU-ROU,Zone_5A Cool Humid,urb,mfh,s51_std,36.35655014220208
C-EEU-ROU,Zone_6A Cold Humid,rur,mfh,s51_std,36.35655014220208
C-EEU-ROU,Zone_6A Cold Humid,urb,mfh,s51_std,36.35655014220208
C-EEU-ROU,Zone_4A Mixed Humid,rur,mfh,s51_std,36.35655014220208
C-EEU-ROU,Zone_4A Mixed Humid,urb,mfh,s51_std,36.35655014220208
C-WEU-SWE,Zone_6A Cold Humid,rur,mfh,s51_std,9.926759093065394
C-WEU-SWE,Zone_6A Cold Humid,urb,mfh,s51_std,9.926759093065394
C-WEU-SWE,Zone_5A Cool Humid,rur,mfh,s51_std,9.926759093065394
C-WEU-SWE,Zone_5A Cool Humid,urb,mfh,s51_std,9.926759093065394
C-WEU-SWE,Zone_7A Very cold Humid,rur,mfh,s51_std,9.926759093065394
C-WEU-SWE,Zone_7A Very cold Humid,urb,mfh,s51_std,9.926759093065394
C-WEU-SWE,Zone_8A Subarctic/arctic Humid,rur,mfh,s51_std,9.926759093065394
C-WEU-SWE,Zone_8A Subarctic/arctic Humid,urb,mfh,s51_std,9.926759093065394
C-EEU-SVN,Zone_4A Mixed Humid,rur,mfh,s51_std,15.77917064237172
C-EEU-SVN,Zone_4A Mixed Humid,urb,mfh,s51_std,15.77917064237172
C-EEU-SVN,Zone_5A Cool Humid,rur,mfh,s51_std,15.77917064237172
C-EEU-SVN,Zone_5A Cool Humid,urb,mfh,s51_std,15.77917064237172
C-EEU-SVN,Zone_7A Very cold Humid,rur,mfh,s51_std,15.77917064237172
C-EEU-SVN,Zone_7A Very cold Humid,urb,mfh,s51_std,15.77917064237172
C-EEU-SVK,Zone_5A Cool Humid,rur,mfh,s51_std,20.024019294039622
C-EEU-SVK,Zone_5A Cool Humid,urb,mfh,s51_std,20.024019294039622
C-EEU-SVK,Zone_6A Cold Humid,rur,mfh,s51_std,20.024019294039622
C-EEU-SVK,Zone_6A Cold Humid,urb,mfh,s51_std,20.024019294039622
C-WEU-AUT,Zone_5A Cool Humid,rur,sfh,s51_std,12.750923511503917
C-WEU-AUT,Zone_5A Cool Humid,urb,sfh,s51_std,12.750923511503917
C-WEU-AUT,Zone_4A Mixed Humid,rur,sfh,s51_std,12.750923511503917
C-WEU-AUT,Zone_4A Mixed Humid,urb,sfh,s51_std,12.750923511503917
C-WEU-AUT,Zone_6A Cold Humid,rur,sfh,s51_std,12.750923511503917
C-WEU-AUT,Zone_6A Cold Humid,urb,sfh,s51_std,12.750923511503917
C-WEU-AUT,Zone_7A Very cold Humid,rur,sfh,s51_std,12.750923511503917
C-WEU-AUT,Zone_7A Very cold Humid,urb,sfh,s51_std,12.750923511503917
C-WEU-BEL,Zone_4A Mixed Humid,rur,sfh,s51_std,9.28571429
C-WEU-BEL,Zone_4A Mixed Humid,urb,sfh,s51_std,9.28571429
C-WEU-BEL,Zone_5A Cool Humid,rur,sfh,s51_std,9.28571429
C-WEU-BEL,Zone_5A Cool Humid,urb,sfh,s51_std,9.28571429
C-EEU-BGR,Zone_4A Mixed Humid,rur,sfh,s51_std,30.825451635499363
C-EEU-BGR,Zone_4A Mixed Humid,urb,sfh,s51_std,30.825451635499363
C-EEU-BGR,Zone_5A Cool Humid,rur,sfh,s51_std,30.825451635499363
C-EEU-BGR,Zone_5A Cool Humid,urb,sfh,s51_std,30.825451635499363
C-WEU-CYP,Zone_3A Warm Humid,rur,sfh,s51_std,52.21875
C-WEU-CYP,Zone_3A Warm Humid,urb,sfh,s51_std,52.21875
C-EEU-CZE,Zone_5A Cool Humid,rur,sfh,s51_std,9.51923077
C-EEU-CZE,Zone_5A Cool Humid,urb,sfh,s51_std,9.51923077
C-WEU-DEU,Zone_5A Cool Humid,rur,sfh,s51_std,11.740237853581377
C-WEU-DEU,Zone_5A Cool Humid,urb,sfh,s51_std,11.740237853581377
C-WEU-DEU,Zone_4A Mixed Humid,rur,sfh,s51_std,11.740237853581377
C-WEU-DEU,Zone_4A Mixed Humid,urb,sfh,s51_std,11.740237853581377
C-WEU-DEU,Zone_6A Cold Humid,rur,sfh,s51_std,11.740237853581377
C-WEU-DEU,Zone_6A Cold Humid,urb,sfh,s51_std,11.740237853581377
C-WEU-DNK,Zone_5A Cool Humid,rur,sfh,s51_std,5.20833333
C-WEU-DNK,Zone_5A Cool Humid,urb,sfh,s51_std,5.20833333
C-EEU-EST,Zone_6A Cold Humid,rur,sfh,s51_std,4.70454546
C-EEU-EST,Zone_6A Cold Humid,urb,sfh,s51_std,4.70454546
C-WEU-GRC,Zone_3A Warm Humid,rur,sfh,s51_std,58.95364188002031
C-WEU-GRC,Zone_3A Warm Humid,urb,sfh,s51_std,58.95364188002031
C-WEU-GRC,Zone_4A Mixed Humid,rur,sfh,s51_std,58.95364188002031
C-WEU-GRC,Zone_4A Mixed Humid,urb,sfh,s51_std,58.95364188002031
C-WEU-GRC,Zone_4C Mixed Marine,rur,sfh,s51_std,58.95364188002031
C-WEU-GRC,Zone_4C Mixed Marine,urb,sfh,s51_std,58.95364188002031
C-WEU-GRC,Zone_5C Cool Marine,rur,sfh,s51_std,58.95364188002031
C-WEU-GRC,Zone_5C Cool Marine,urb,sfh,s51_std,58.95364188002031
C-WEU-GRC,Zone_5A Cool Humid,rur,sfh,s51_std,58.95364188002031
C-WEU-GRC,Zone_5A Cool Humid,urb,sfh,s51_std,58.95364188002031
C-WEU-ESP,Zone_3C Warm Marine,rur,sfh,s51_std,47.877560901293776
C-WEU-ESP,Zone_3C Warm Marine,urb,sfh,s51_std,47.877560901293776
C-WEU-ESP,Zone_4C Mixed Marine,rur,sfh,s51_std,47.877560901293776
C-WEU-ESP,Zone_4C Mixed Marine,urb,sfh,s51_std,47.877560901293776
C-WEU-ESP,Zone_4A Mixed Humid,rur,sfh,s51_std,47.877560901293776
C-WEU-ESP,Zone_4A Mixed Humid,urb,sfh,s51_std,47.877560901293776
C-WEU-ESP,Zone_3A Warm Humid,rur,sfh,s51_std,47.877560901293776
C-WEU-ESP,Zone_3A Warm Humid,urb,sfh,s51_std,47.877560901293776
C-WEU-ESP,Zone_3B Warm Dry,rur,sfh,s51_std,47.877560901293776
C-WEU-ESP,Zone_3B Warm Dry,urb,sfh,s51_std,47.877560901293776
C-WEU-ESP,Zone_2B Hot Dry,rur,sfh,s51_std,47.877560901293776
C-WEU-ESP,Zone_2B Hot Dry,urb,sfh,s51_std,47.877560901293776
C-WEU-FIN,Zone_6A Cold Humid,rur,sfh,s51_std,3.482102435750657
C-WEU-FIN,Zone_6A Cold Humid,urb,sfh,s51_std,3.482102435750657
C-WEU-FIN,Zone_7A Very cold Humid,rur,sfh,s51_std,3.482102435750657
C-WEU-FIN,Zone_7A Very cold Humid,urb,sfh,s51_std,3.482102435750657
C-WEU-FRA,Zone_4A Mixed Humid,rur,sfh,s51_std,17.76749306198342
C-WEU-FRA,Zone_4A Mixed Humid,urb,sfh,s51_std,17.76749306198342
C-WEU-FRA,Zone_5A Cool Humid,rur,sfh,s51_std,17.76749306198342
C-WEU-FRA,Zone_5A Cool Humid,urb,sfh,s51_std,17.76749306198342
C-WEU-FRA,Zone_3A Warm Humid,rur,sfh,s51_std,17.76749306198342
C-WEU-FRA,Zone_3A Warm Humid,urb,sfh,s51_std,17.76749306198342
C-WEU-FRA,Zone_7A Very cold Humid,rur,sfh,s51_std,17.76749306198342
C-WEU-FRA,Zone_7A Very cold Humid,urb,sfh,s51_std,17.76749306198342
C-WEU-FRA,Zone_4C Mixed Marine,rur,sfh,s51_std,17.76749306198342
C-WEU-FRA,Zone_4C Mixed Marine,urb,sfh,s51_std,17.76749306198342
C-WEU-FRA,Zone_3C Warm Marine,rur,sfh,s51_std,17.76749306198342
C-WEU-FRA,Zone_3C Warm Marine,urb,sfh,s51_std,17.76749306198342
C-WEU-FRA,Zone_1A Very hot Humid,rur,sfh,s51_std,17.76749306198342
C-WEU-FRA,Zone_1A Very hot Humid,urb,sfh,s51_std,17.76749306198342
C-WEU-FRA,Zone_2A Hot Humid,rur,sfh,s51_std,17.76749306198342
C-WEU-FRA,Zone_2A Hot Humid,urb,sfh,s51_std,17.76749306198342
C-WEU-FRA,Zone_0A Extremely hot Humid,rur,sfh,s51_std,17.76749306198342
C-WEU-FRA,Zone_0A Extremely hot Humid,urb,sfh,s51_std,17.76749306198342
C-EEU-HRV,Zone_4A Mixed Humid,rur,sfh,s51_std,27.221536727831296
C-EEU-HRV,Zone_4A Mixed Humid,urb,sfh,s51_std,27.221536727831296
C-EEU-HRV,Zone_5A Cool Humid,rur,sfh,s51_std,27.221536727831296
C-EEU-HRV,Zone_5A Cool Humid,urb,sfh,s51_std,27.221536727831296
C-EEU-HRV,Zone_4C Mixed Marine,rur,sfh,s51_std,27.221536727831296
C-EEU-HRV,Zone_4C Mixed Marine,urb,sfh,s51_std,27.221536727831296
C-EEU-HRV,Zone_3A Warm Humid,rur,sfh,s51_std,27.221536727831296
C-EEU-HRV,Zone_3A Warm Humid,urb,sfh,s51_std,27.221536727831296
C-EEU-HUN,Zone_4A Mixed Humid,rur,sfh,s51_std,27.875469258226627
C-EEU-HUN,Zone_4A Mixed Humid,urb,sfh,s51_std,27.875469258226627
C-EEU-HUN,Zone_5A Cool Humid,rur,sfh,s51_std,27.875469258226627
C-EEU-HUN,Zone_5A Cool Humid,urb,sfh,s51_std,27.875469258226627
C-WEU-IRL,Zone_5A Cool Humid,rur,sfh,s51_std,0.0
C-WEU-IRL,Zone_5A Cool Humid,urb,sfh,s51_std,0.0
C-WEU-IRL,Zone_4A Mixed Humid,rur,sfh,s51_std,0.0
C-WEU-IRL,Zone_4A Mixed Humid,urb,sfh,s51_std,0.0
C-WEU-ITA,Zone_4A Mixed Humid,rur,sfh,s51_std,45.803210699959294
C-WEU-ITA,Zone_4A Mixed Humid,urb,sfh,s51_std,45.803210699959294
C-WEU-ITA,Zone_5A Cool Humid,rur,sfh,s51_std,45.803210699959294
C-WEU-ITA,Zone_5A Cool Humid,urb,sfh,s51_std,45.803210699959294
C-WEU-ITA,Zone_7A Very cold Humid,rur,sfh,s51_std,45.803210699959294
C-WEU-ITA,Zone_7A Very cold Humid,urb,sfh,s51_std,45.803210699959294
C-WEU-ITA,Zone_6A Cold Humid,rur,sfh,s51_std,45.803210699959294
C-WEU-ITA,Zone_6A Cold Humid,urb,sfh,s51_std,45.803210699959294
C-WEU-ITA,Zone_3A Warm Humid,rur,sfh,s51_std,45.803210699959294
C-WEU-ITA,Zone_3A Warm Humid,urb,sfh,s51_std,45.803210699959294
C-WEU-ITA,Zone_4C Mixed Marine,rur,sfh,s51_std,45.803210699959294
C-WEU-ITA,Zone_4C Mixed Marine,urb,sfh,s51_std,45.803210699959294
C-WEU-ITA,Zone_5C Cool Marine,rur,sfh,s51_std,45.803210699959294
C-WEU-ITA,Zone_5C Cool Marine,urb,sfh,s51_std,45.803210699959294
C-EEU-LTU,Zone_6A Cold Humid,rur,sfh,s51_std,8.90833333
C-EEU-LTU,Zone_6A Cold Humid,urb,sfh,s51_std,8.90833333
C-EEU-LTU,Zone_5A Cool Humid,rur,sfh,s51_std,8.90833333
C-EEU-LTU,Zone_5A Cool Humid,urb,sfh,s51_std,8.90833333
C-WEU-LUX,Zone_5A Cool Humid,rur,sfh,s51_std,8.125000000000002
C-WEU-LUX,Zone_5A Cool Humid,urb,sfh,s51_std,8.125000000000002
C-EEU-LVA,Zone_6A Cold Humid,rur,sfh,s51_std,6.724358970000001
C-EEU-LVA,Zone_6A Cold Humid,urb,sfh,s51_std,6.724358970000001
C-WEU-MLT,Zone_3A Warm Humid,rur,sfh,s51_std,42.0
C-WEU-MLT,Zone_3A Warm Humid,urb,sfh,s51_std,42.0
C-WEU-NLD,Zone_5A Cool Humid,rur,sfh,s51_std,5.646538769713178
C-WEU-NLD,Zone_5A Cool Humid,urb,sfh,s51_std,5.646538769713178
C-WEU-NLD,Zone_4A Mixed Humid,rur,sfh,s51_std,5.646538769713178
C-WEU-NLD,Zone_4A Mixed Humid,urb,sfh,s51_std,5.646538769713178
C-EEU-POL,Zone_5A Cool Humid,rur,sfh,s51_std,11.11280488
C-EEU-POL,Zone_5A Cool Humid,urb,sfh,s51_std,11.11280488
C-EEU-POL,Zone_6A Cold Humid,rur,sfh,s51_std,11.11280488
C-EEU-POL,Zone_6A Cold Humid,urb,sfh,s51_std,11.11280488
C-WEU-PRT,Zone_3C Warm Marine,rur,sfh,s51_std,36.32759295585683
C-WEU-PRT,Zone_3C Warm Marine,urb,sfh,s51_std,36.32759295585683
C-WEU-PRT,Zone_4C Mixed Marine,rur,sfh,s51_std,36.32759295585683
C-WEU-PRT,Zone_4C Mixed Marine,urb,sfh,s51_std,36.32759295585683
C-WEU-PRT,Zone_4A Mixed Humid,rur,sfh,s51_std,36.32759295585683
C-WEU-PRT,Zone_4A Mixed Humid,urb,sfh,s51_std,36.32759295585683
C-WEU-PRT,Zone_3A Warm Humid,rur,sfh,s51_std,36.32759295585683
C-WEU-PRT,Zone_3A Warm Humid,urb,sfh,s51_std,36.32759295585683
C-EEU-ROU,Zone_5A Cool Humid,rur,sfh,s51_std,25.01659177853102
C-EEU-ROU,Zone_5A Cool Humid,urb,sfh,s51_std,25.01659177853102
C-EEU-ROU,Zone_6A Cold Humid,rur,sfh,s51_std,25.01659177853102
C-EEU-ROU,Zone_6A Cold Humid,urb,sfh,s51_std,25.01659177853102
C-EEU-ROU,Zone_4A Mixed Humid,rur,sfh,s51_std,25.01659177853102
C-EEU-ROU,Zone_4A Mixed Humid,urb,sfh,s51_std,25.01659177853102
C-WEU-SWE,Zone_6A Cold Humid,rur,sfh,s51_std,5.557881528043935
C-WEU-SWE,Zone_6A Cold Humid,urb,sfh,s51_std,5.557881528043935
C-WEU-SWE,Zone_5A Cool Humid,rur,sfh,s51_std,5.557881528043935
C-WEU-SWE,Zone_5A Cool Humid,urb,sfh,s51_std,5.557881528043935
C-WEU-SWE,Zone_7A Very cold Humid,rur,sfh,s51_std,5.557881528043935
C-WEU-SWE,Zone_7A Very cold Humid,urb,sfh,s51_std,5.557881528043935
C-WEU-SWE,Zone_8A Subarctic/arctic Humid,rur,sfh,s51_std,5.557881528043935
C-WEU-SWE,Zone_8A Subarctic/arctic Humid,urb,sfh,s51_std,5.557881528043935
C-EEU-SVN,Zone_4A Mixed Humid,rur,sfh,s51_std,6.40410559891387
C-EEU-SVN,Zone_4A Mixed Humid,urb,sfh,s51_std,6.40410559891387
C-EEU-SVN,Zone_5A Cool Humid,rur,sfh,s51_std,6.40410559891387
C-EEU-SVN,Zone_5A Cool Humid,urb,sfh,s51_std,6.40410559891387
C-EEU-SVN,Zone_7A Very cold Humid,rur,sfh,s51_std,6.40410559891387
C-EEU-SVN,Zone_7A Very cold Humid,urb,sfh,s51_std,6.40410559891387
C-EEU-SVK,Zone_5A Cool Humid,rur,sfh,s51_std,11.468474157223266
C-EEU-SVK,Zone_5A Cool Humid,urb,sfh,s51_std,11.468474157223266
C-EEU-SVK,Zone_6A Cold Humid,rur,sfh,s51_std,11.468474157223266
C-EEU-SVK,Zone_6A Cold Humid,urb,sfh,s51_std,11.468474157223266
C-WEU-AUT,Zone_5A Cool Humid,rur,mfh,s52_low,25.9074071700394
C-WEU-AUT,Zone_5A Cool Humid,urb,mfh,s52_low,25.9074071700394
C-WEU-AUT,Zone_4A Mixed Humid,rur,mfh,s52_low,25.9074071700394
C-WEU-AUT,Zone_4A Mixed Humid,urb,mfh,s52_low,25.9074071700394
C-WEU-AUT,Zone_6A Cold Humid,rur,mfh,s52_low,25.9074071700394
C-WEU-AUT,Zone_6A Cold Humid,urb,mfh,s52_low,25.9074071700394
C-WEU-AUT,Zone_7A Very cold Humid,rur,mfh,s52_low,25.9074071700394
C-WEU-AUT,Zone_7A Very cold Humid,urb,mfh,s52_low,25.9074071700394
C-WEU-BEL,Zone_4A Mixed Humid,rur,mfh,s52_low,22.55357143
C-WEU-BEL,Zone_4A Mixed Humid,urb,mfh,s52_low,22.55357143
C-WEU-BEL,Zone_5A Cool Humid,rur,mfh,s52_low,22.55357143
C-WEU-BEL,Zone_5A Cool Humid,urb,mfh,s52_low,22.55357143
C-EEU-BGR,Zone_4A Mixed Humid,rur,mfh,s52_low,52.80616020575896
C-EEU-BGR,Zone_4A Mixed Humid,urb,mfh,s52_low,52.80616020575896
C-EEU-BGR,Zone_5A Cool Humid,rur,mfh,s52_low,52.80616020575896
C-EEU-BGR,Zone_5A Cool Humid,urb,mfh,s52_low,52.80616020575896
C-WEU-CYP,Zone_3A Warm Humid,rur,mfh,s52_low,61.21875
C-WEU-CYP,Zone_3A Warm Humid,urb,mfh,s52_low,61.21875
C-EEU-CZE,Zone_5A Cool Humid,rur,mfh,s52_low,25.8525641
C-EEU-CZE,Zone_5A Cool Humid,urb,mfh,s52_low,25.8525641
C-WEU-DEU,Zone_5A Cool Humid,rur,mfh,s52_low,24.739605034906408
C-WEU-DEU,Zone_5A Cool Humid,urb,mfh,s52_low,24.739605034906408
C-WEU-DEU,Zone_4A Mixed Humid,rur,mfh,s52_low,24.739605034906408
C-WEU-DEU,Zone_4A Mixed Humid,urb,mfh,s52_low,24.739605034906408
C-WEU-DEU,Zone_6A Cold Humid,rur,mfh,s52_low,24.739605034906408
C-WEU-DEU,Zone_6A Cold Humid,urb,mfh,s52_low,24.739605034906408
C-WEU-DNK,Zone_5A Cool Humid,rur,mfh,s52_low,14.22395833
C-WEU-DNK,Zone_5A Cool Humid,urb,mfh,s52_low,14.22395833
C-EEU-EST,Zone_6A Cold Humid,rur,mfh,s52_low,19.125
C-EEU-EST,Zone_6A Cold Humid,urb,mfh,s52_low,19.125
C-WEU-GRC,Zone_3A Warm Humid,rur,mfh,s52_low,72.9011587343057
C-WEU-GRC,Zone_3A Warm Humid,urb,mfh,s52_low,72.9011587343057
C-WEU-GRC,Zone_4A Mixed Humid,rur,mfh,s52_low,72.9011587343057
C-WEU-GRC,Zone_4A Mixed Humid,urb,mfh,s52_low,72.9011587343057
C-WEU-GRC,Zone_4C Mixed Marine,rur,mfh,s52_low,72.9011587343057
C-WEU-GRC,Zone_4C Mixed Marine,urb,mfh,s52_low,72.9011587343057
C-WEU-GRC,Zone_5C Cool Marine,rur,mfh,s52_low,72.9011587343057
C-WEU-GRC,Zone_5C Cool Marine,urb,mfh,s52_low,72.9011587343057
C-WEU-GRC,Zone_5A Cool Humid,rur,mfh,s52_low,72.9011587343057
C-WEU-GRC,Zone_5A Cool Humid,urb,mfh,s52_low,72.9011587343057
C-WEU-ESP,Zone_3C Warm Marine,rur,mfh,s52_low,63.48208902800768
C-WEU-ESP,Zone_3C Warm Marine,urb,mfh,s52_low,63.48208902800768
C-WEU-ESP,Zone_4C Mixed Marine,rur,mfh,s52_low,63.48208902800768
C-WEU-ESP,Zone_4C Mixed Marine,urb,mfh,s52_low,63.48208902800768
C-WEU-ESP,Zone_4A Mixed Humid,rur,mfh,s52_low,63.48208902800768
C-WEU-ESP,Zone_4A Mixed Humid,urb,mfh,s52_low,63.48208902800768
C-WEU-ESP,Zone_3A Warm Humid,rur,mfh,s52_low,63.48208902800768
C-WEU-ESP,Zone_3A Warm Humid,urb,mfh,s52_low,63.48208902800768
C-WEU-ESP,Zone_3B Warm Dry,rur,mfh,s52_low,63.48208902800768
C-WEU-ESP,Zone_3B Warm Dry,urb,mfh,s52_low,63.48208902800768
C-WEU-ESP,Zone_2B Hot Dry,rur,mfh,s52_low,63.48208902800768
C-WEU-ESP,Zone_2B Hot Dry,urb,mfh,s52_low,63.48208902800768
C-WEU-FIN,Zone_6A Cold Humid,rur,mfh,s52_low,11.918981883204166
C-WEU-FIN,Zone_6A Cold Humid,urb,mfh,s52_low,11.918981883204166
C-WEU-FIN,Zone_7A Very cold Humid,rur,mfh,s52_low,11.918981883204166
C-WEU-FIN,Zone_7A Very cold Humid,urb,mfh,s52_low,11.918981883204166
C-WEU-FRA,Zone_4A Mixed Humid,rur,mfh,s52_low,35.605845936413644
C-WEU-FRA,Zone_4A Mixed Humid,urb,mfh,s52_low,35.605845936413644
C-WEU-FRA,Zone_5A Cool Humid,rur,mfh,s52_low,35.605845936413644
C-WEU-FRA,Zone_5A Cool Humid,urb,mfh,s52_low,35.605845936413644
C-WEU-FRA,Zone_3A Warm Humid,rur,mfh,s52_low,35.605845936413644
C-WEU-FRA,Zone_3A Warm Humid,urb,mfh,s52_low,35.605845936413644
C-WEU-FRA,Zone_7A Very cold Humid,rur,mfh,s52_low,35.605845936413644
C-WEU-FRA,Zone_7A Very cold Humid,urb,mfh,s52_low,35.605845936413644
C-WEU-FRA,Zone_4C Mixed Marine,rur,mfh,s52_low,35.605845936413644
C-WEU-FRA,Zone_4C Mixed Marine,urb,mfh,s52_low,35.605845936413644
C-WEU-FRA,Zone_3C Warm Marine,rur,mfh,s52_low,35.605845936413644
C-WEU-FRA,Zone_3C Warm Marine,urb,mfh,s52_low,35.605845936413644
C-WEU-FRA,Zone_1A Very hot Humid,rur,mfh,s52_low,35.605845936413644
C-WEU-FRA,Zone_1A Very hot Humid,urb,mfh,s52_low,35.605845936413644
C-WEU-FRA,Zone_2A Hot Humid,rur,mfh,s52_low,35.605845936413644
C-WEU-FRA,Zone_2A Hot Humid,urb,mfh,s52_low,35.605845936413644
C-WEU-FRA,Zone_0A Extremely hot Humid,rur,mfh,s52_low,35.605845936413644
C-WEU-FRA,Zone_0A Extremely hot Humid,urb,mfh,s52_low,35.605845936413644
C-EEU-HRV,Zone_4A Mixed Humid,rur,mfh,s52_low,19.685493111022332
C-EEU-HRV,Zone_4A Mixed Humid,urb,mfh,s52_low,19.685493111022332
C-EEU-HRV,Zone_5A Cool Humid,rur,mfh,s52_low,19.685493111022332
C-EEU-HRV,Zone_5A Cool Humid,urb,mfh,s52_low,19.685493111022332
C-EEU-HRV,Zone_4C Mixed Marine,rur,mfh,s52_low,19.685493111022332
C-EEU-HRV,Zone_4C Mixed Marine,urb,mfh,s52_low,19.685493111022332
C-EEU-HRV,Zone_3A Warm Humid,rur,mfh,s52_low,19.685493111022332
C-EEU-HRV,Zone_3A Warm Humid,urb,mfh,s52_low,19.685493111022332
C-EEU-HUN,Zone_4A Mixed Humid,rur,mfh,s52_low,52.715196850359604
C-EEU-HUN,Zone_4A Mixed Humid,urb,mfh,s52_low,52.715196850359604
C-EEU-HUN,Zone_5A Cool Humid,rur,mfh,s52_low,52.715196850359604
C-EEU-HUN,Zone_5A Cool Humid,urb,mfh,s52_low,52.715196850359604
C-WEU-IRL,Zone_5A Cool Humid,rur,mfh,s52_low,1.20454546
C-WEU-IRL,Zone_5A Cool Humid,urb,mfh,s52_low,1.20454546
C-WEU-IRL,Zone_4A Mixed Humid,rur,mfh,s52_low,1.20454546
C-WEU-IRL,Zone_4A Mixed Humid,urb,mfh,s52_low,1.20454546
C-WEU-ITA,Zone_4A Mixed Humid,rur,mfh,s52_low,61.47302268198344
C-WEU-ITA,Zone_4A Mixed Humid,urb,mfh,s52_low,61.47302268198344
C-WEU-ITA,Zone_5A Cool Humid,rur,mfh,s52_low,61.47302268198344
C-WEU-ITA,Zone_5A Cool Humid,urb,mfh,s52_low,61.47302268198344
C-WEU-ITA,Zone_7A Very cold Humid,rur,mfh,s52_low,61.47302268198344
C-WEU-ITA,Zone_7A Very cold Humid,urb,mfh,s52_low,61.47302268198344
C-WEU-ITA,Zone_6A Cold Humid,rur,mfh,s52_low,61.47302268198344
C-WEU-ITA,Zone_6A Cold Humid,urb,mfh,s52_low,61.47302268198344
C-WEU-ITA,Zone_3A Warm Humid,rur,mfh,s52_low,61.47302268198344
C-WEU-ITA,Zone_3A Warm Humid,urb,mfh,s52_low,61.47302268198344
C-WEU-ITA,Zone_4C Mixed Marine,rur,mfh,s52_low,61.47302268198344
C-WEU-ITA,Zone_4C Mixed Marine,urb,mfh,s52_low,61.47302268198344
C-WEU-ITA,Zone_5C Cool Marine,rur,mfh,s52_low,61.47302268198344
C-WEU-ITA,Zone_5C Cool Marine,urb,mfh,s52_low,61.47302268198344
C-EEU-LTU,Zone_6A Cold Humid,rur,mfh,s52_low,23.68333333
C-EEU-LTU,Zone_6A Cold Humid,urb,mfh,s52_low,23.68333333
C-EEU-LTU,Zone_5A Cool Humid,rur,mfh,s52_low,23.68333333
C-EEU-LTU,Zone_5A Cool Humid,urb,mfh,s52_low,23.68333333
C-WEU-LUX,Zone_5A Cool Humid,rur,mfh,s52_low,21.625
C-WEU-LUX,Zone_5A Cool Humid,urb,mfh,s52_low,21.625
C-EEU-LVA,Zone_6A Cold Humid,rur,mfh,s52_low,21.66025641
C-EEU-LVA,Zone_6A Cold Humid,urb,mfh,s52_low,21.66025641
C-WEU-MLT,Zone_3A Warm Humid,rur,mfh,s52_low,50.25
C-WEU-MLT,Zone_3A Warm Humid,urb,mfh,s52_low,50.25
C-WEU-NLD,Zone_5A Cool Humid,rur,mfh,s52_low,14.015837618848641
C-WEU-NLD,Zone_5A Cool Humid,urb,mfh,s52_low,14.015837618848641
C-WEU-NLD,Zone_4A Mixed Humid,rur,mfh,s52_low,14.015837618848641
C-WEU-NLD,Zone_4A Mixed Humid,urb,mfh,s52_low,14.015837618848641
C-EEU-POL,Zone_5A Cool Humid,rur,mfh,s52_low,27.15091463
C-EEU-POL,Zone_5A Cool Humid,urb,mfh,s52_low,27.15091463
C-EEU-POL,Zone_6A Cold Humid,rur,mfh,s52_low,27.15091463
C-EEU-POL,Zone_6A Cold Humid,urb,mfh,s52_low,27.15091463
C-WEU-PRT,Zone_3C Warm Marine,rur,mfh,s52_low,55.328610015463596
C-WEU-PRT,Zone_3C Warm Marine,urb,mfh,s52_low,55.328610015463596
C-WEU-PRT,Zone_4C Mixed Marine,rur,mfh,s52_low,55.328610015463596
C-WEU-PRT,Zone_4C Mixed Marine,urb,mfh,s52_low,55.328610015463596
C-WEU-PRT,Zone_4A Mixed Humid,rur,mfh,s52_low,55.328610015463596
C-WEU-PRT,Zone_4A Mixed Humid,urb,mfh,s52_low,55.328610015463596
C-WEU-PRT,Zone_3A Warm Humid,rur,mfh,s52_low,55.328610015463596
C-WEU-PRT,Zone_3A Warm Humid,urb,mfh,s52_low,55.328610015463596
C-EEU-ROU,Zone_5A Cool Humid,rur,mfh,s52_low,46.66546035903057
C-EEU-ROU,Zone_5A Cool Humid,urb,mfh,s52_low,46.66546035903057
C-EEU-ROU,Zone_6A Cold Humid,rur,mfh,s52_low,46.66546035903057
C-EEU-ROU,Zone_6A Cold Humid,urb,mfh,s52_low,46.66546035903057
C-EEU-ROU,Zone_4A Mixed Humid,rur,mfh,s52_low,46.66546035903057
C-EEU-ROU,Zone_4A Mixed Humid,urb,mfh,s52_low,46.66546035903057
C-WEU-SWE,Zone_6A Cold Humid,rur,mfh,s52_low,13.907198045680586
C-WEU-SWE,Zone_6A Cold Humid,urb,mfh,s52_low,13.907198045680586
C-WEU-SWE,Zone_5A Cool Humid,rur,mfh,s52_low,13.907198045680586
C-WEU-SWE,Zone_5A Cool Humid,urb,mfh,s52_low,13.907198045680586
C-WEU-SWE,Zone_7A Very cold Humid,rur,mfh,s52_low,13.907198045680586
C-WEU-SWE,Zone_7A Very cold Humid,urb,mfh,s52_low,13.907198045680586
C-WEU-SWE,Zone_8A Subarctic/arctic Humid,rur,mfh,s52_low,13.907198045680586
C-WEU-SWE,Zone_8A Subarctic/arctic Humid,urb,mfh,s52_low,13.907198045680586
C-EEU-SVN,Zone_4A Mixed Humid,rur,mfh,s52_low,25.927430602079372
C-EEU-SVN,Zone_4A Mixed Humid,urb,mfh,s52_low,25.927430602079372
C-EEU-SVN,Zone_5A Cool Humid,rur,mfh,s52_low,25.927430602079372
C-EEU-SVN,Zone_5A Cool Humid,urb,mfh,s52_low,25.927430602079372
C-EEU-SVN,Zone_7A Very cold Humid,rur,mfh,s52_low,25.927430602079372
C-EEU-SVN,Zone_7A Very cold Humid,urb,mfh,s52_low,25.927430602079372
C-EEU-SVK,Zone_5A Cool Humid,rur,mfh,s52_low,29.185424519509336
C-EEU-SVK,Zone_5A Cool Humid,urb,mfh,s52_low,29.185424519509336
C-EEU-SVK,Zone_6A Cold Humid,rur,mfh,s52_low,29.185424519509336
C-EEU-SVK,Zone_6A Cold Humid,urb,mfh,s52_low,29.185424519509336
C-WEU-AUT,Zone_5A Cool Humid,rur,sfh,s52_low,18.032762243552185
C-WEU-AUT,Zone_5A Cool Humid,urb,sfh,s52_low,18.032762243552185
C-WEU-AUT,Zone_4A Mixed Humid,rur,sfh,s52_low,18.032762243552185
C-WEU-AUT,Zone_4A Mixed Humid,urb,sfh,s52_low,18.032762243552185
C-WEU-AUT,Zone_6A Cold Humid,rur,sfh,s52_low,18.032762243552185
C-WEU-AUT,Zone_6A Cold Humid,urb,sfh,s52_low,18.032762243552185
C-WEU-AUT,Zone_7A Very cold Humid,rur,sfh,s52_low,18.032762243552185
C-WEU-AUT,Zone_7A Very cold Humid,urb,sfh,s52_low,18.032762243552185
C-WEU-BEL,Zone_4A Mixed Humid,rur,sfh,s52_low,14.78571429
C-WEU-BEL,Zone_4A Mixed Humid,urb,sfh,s52_low,14.78571429
C-WEU-BEL,Zone_5A Cool Humid,rur,sfh,s52_low,14.78571429
C-WEU-BEL,Zone_5A Cool Humid,urb,sfh,s52_low,14.78571429
C-EEU-BGR,Zone_4A Mixed Humid,rur,sfh,s52_low,42.91532612831873
C-EEU-BGR,Zone_4A Mixed Humid,urb,sfh,s52_low,42.91532612831873
C-EEU-BGR,Zone_5A Cool Humid,rur,sfh,s52_low,42.91532612831873
C-EEU-BGR,Zone_5A Cool Humid,urb,sfh,s52_low,42.91532612831873
C-WEU-CYP,Zone_3A Warm Humid,rur,sfh,s52_low,56.46875
C-WEU-CYP,Zone_3A Warm Humid,urb,sfh,s52_low,56.46875
C-EEU-CZE,Zone_5A Cool Humid,rur,sfh,s52_low,16.80128205
C-EEU-CZE,Zone_5A Cool Humid,urb,sfh,s52_low,16.80128205
C-WEU-DEU,Zone_5A Cool Humid,rur,sfh,s52_low,16.64141539067169
C-WEU-DEU,Zone_5A Cool Humid,urb,sfh,s52_low,16.64141539067169
C-WEU-DEU,Zone_4A Mixed Humid,rur,sfh,s52_low,16.64141539067169
C-WEU-DEU,Zone_4A Mixed Humid,urb,sfh,s52_low,16.64141539067169
C-WEU-DEU,Zone_6A Cold Humid,rur,sfh,s52_low,16.64141539067169
C-WEU-DEU,Zone_6A Cold Humid,urb,sfh,s52_low,16.64141539067169
C-WEU-DNK,Zone_5A Cool Humid,rur,sfh,s52_low,8.36979167
C-WEU-DNK,Zone_5A Cool Humid,urb,sfh,s52_low,8.36979167
C-EEU-EST,Zone_6A Cold Humid,rur,sfh,s52_low,10.41477273
C-EEU-EST,Zone_6A Cold Humid,urb,sfh,s52_low,10.41477273
C-WEU-GRC,Zone_3A Warm Humid,rur,sfh,s52_low,65.41681639760348
C-WEU-GRC,Zone_3A Warm Humid,urb,sfh,s52_low,65.41681639760348
C-WEU-GRC,Zone_4A Mixed Humid,rur,sfh,s52_low,65.41681639760348
C-WEU-GRC,Zone_4A Mixed Humid,urb,sfh,s52_low,65.41681639760348
C-WEU-GRC,Zone_4C Mixed Marine,rur,sfh,s52_low,65.41681639760348
C-WEU-GRC,Zone_4C Mixed Marine,urb,sfh,s52_low,65.41681639760348
C-WEU-GRC,Zone_5C Cool Marine,rur,sfh,s52_low,65.41681639760348
C-WEU-GRC,Zone_5C Cool Marine,urb,sfh,s52_low,65.41681639760348
C-WEU-GRC,Zone_5A Cool Humid,rur,sfh,s52_low,65.41681639760348
C-WEU-GRC,Zone_5A Cool Humid,urb,sfh,s52_low,65.41681639760348
C-WEU-ESP,Zone_3C Warm Marine,rur,sfh,s52_low,54.550398128832235
C-WEU-ESP,Zone_3C Warm Marine,urb,sfh,s52_low,54.550398128832235
C-WEU-ESP,Zone_4C Mixed Marine,rur,sfh,s52_low,54.550398128832235
C-WEU-ESP,Zone_4C Mixed Marine,urb,sfh,s52_low,54.550398128832235
C-WEU-ESP,Zone_4A Mixed Humid,rur,sfh,s52_low,54.550398128832235
C-WEU-ESP,Zone_4A Mixed Humid,urb,sfh,s52_low,54.550398128832235
C-WEU-ESP,Zone_3A Warm Humid,rur,sfh,s52_low,54.550398128832235
C-WEU-ESP,Zone_3A Warm Humid,urb,sfh,s52_low,54.550398128832235
C-WEU-ESP,Zone_3B Warm Dry,rur,sfh,s52_low,54.550398128832235
C-WEU-ESP,Zone_3B Warm Dry,urb,sfh,s52_low,54.550398128832235
C-WEU-ESP,Zone_2B Hot Dry,rur,sfh,s52_low,54.550398128832235
C-WEU-ESP,Zone_2B Hot Dry,urb,sfh,s52_low,54.550398128832235
C-WEU-FIN,Zone_6A Cold Humid,rur,sfh,s52_low,6.498832397110556
C-WEU-FIN,Zone_6A Cold Humid,urb,sfh,s52_low,6.498832397110556
C-WEU-FIN,Zone_7A Very cold Humid,rur,sfh,s52_low,6.498832397110556
C-WEU-FIN,Zone_7A Very cold Humid,urb,sfh,s52_low,6.498832397110556
C-WEU-FRA,Zone_4A Mixed Humid,rur,sfh,s52_low,25.506361649613584
C-WEU-FRA,Zone_4A Mixed Humid,urb,sfh,s52_low,25.506361649613584
C-WEU-FRA,Zone_5A Cool Humid,rur,sfh,s52_low,25.506361649613584
C-WEU-FRA,Zone_5A Cool Humid,urb,sfh,s52_low,25.506361649613584
C-WEU-FRA,Zone_3A Warm Humid,rur,sfh,s52_low,25.506361649613584
C-WEU-FRA,Zone_3A Warm Humid,urb,sfh,s52_low,25.506361649613584
C-WEU-FRA,Zone_7A Very cold Humid,rur,sfh,s52_low,25.506361649613584
C-WEU-FRA,Zone_7A Very cold Humid,urb,sfh,s52_low,25.506361649613584
C-WEU-FRA,Zone_4C Mixed Marine,rur,sfh,s52_low,25.506361649613584
C-WEU-FRA,Zone_4C Mixed Marine,urb,sfh,s52_low,25.506361649613584
C-WEU-FRA,Zone_3C Warm Marine,rur,sfh,s52_low,25.506361649613584
C-WEU-FRA,Zone_3C Warm Marine,urb,sfh,s52_low,25.506361649613584
C-WEU-FRA,Zone_1A Very hot Humid,rur,sfh,s52_low,25.506361649613584
C-WEU-FRA,Zone_1A Very hot Humid,urb,sfh,s52_low,25.506361649613584
C-WEU-FRA,Zone_2A Hot Humid,rur,sfh,s52_low,25.506361649613584
C-WEU-FRA,Zone_2A Hot Humid,urb,sfh,s52_low,25.506361649613584
C-WEU-FRA,Zone_0A Extremely hot Humid,rur,sfh,s52_low,25.506361649613584
C-WEU-FRA,Zone_0A Extremely hot Humid,urb,sfh,s52_low,25.506361649613584
C-EEU-HRV,Zone_4A Mixed Humid,rur,sfh,s52_low,41.323321657699154
C-EEU-HRV,Zone_4A Mixed Humid,urb,sfh,s52_low,41.323321657699154
C-EEU-HRV,Zone_5A Cool Humid,rur,sfh,s52_low,41.323321657699154
C-EEU-HRV,Zone_5A Cool Humid,urb,sfh,s52_low,41.323321657699154
C-EEU-HRV,Zone_4C Mixed Marine,rur,sfh,s52_low,41.323321657699154
C-EEU-HRV,Zone_4C Mixed Marine,urb,sfh,s52_low,41.323321657699154
C-EEU-HRV,Zone_3A Warm Humid,rur,sfh,s52_low,41.323321657699154
C-EEU-HRV,Zone_3A Warm Humid,urb,sfh,s52_low,41.323321657699154
C-EEU-HUN,Zone_4A Mixed Humid,rur,sfh,s52_low,41.80492945866037
C-EEU-HUN,Zone_4A Mixed Humid,urb,sfh,s52_low,41.80492945866037
C-EEU-HUN,Zone_5A Cool Humid,rur,sfh,s52_low,41.80492945866037
C-EEU-HUN,Zone_5A Cool Humid,urb,sfh,s52_low,41.80492945866037
C-WEU-IRL,Zone_5A Cool Humid,rur,sfh,s52_low,0.04545454
C-WEU-IRL,Zone_5A Cool Humid,urb,sfh,s52_low,0.04545454
C-WEU-IRL,Zone_4A Mixed Humid,rur,sfh,s52_low,0.04545454
C-WEU-IRL,Zone_4A Mixed Humid,urb,sfh,s52_low,0.04545454
C-WEU-ITA,Zone_4A Mixed Humid,rur,sfh,s52_low,53.4132950268246
C-WEU-ITA,Zone_4A Mixed Humid,urb,sfh,s52_low,53.4132950268246
C-WEU-ITA,Zone_5A Cool Humid,rur,sfh,s52_low,53.4132950268246
C-WEU-ITA,Zone_5A Cool Humid,urb,sfh,s52_low,53.4132950268246
C-WEU-ITA,Zone_7A Very cold Humid,rur,sfh,s52_low,53.4132950268246
C-WEU-ITA,Zone_7A Very cold Humid,urb,sfh,s52_low,53.4132950268246
C-WEU-ITA,Zone_6A Cold Humid,rur,sfh,s52_low,53.4132950268246
C-WEU-ITA,Zone_6A Cold Humid,urb,sfh,s52_low,53.4132950268246
C-WEU-ITA,Zone_3A Warm Humid,rur,sfh,s52_low,53.4132950268246
C-WEU-ITA,Zone_3A Warm Humid,urb,sfh,s52_low,53.4132950268246
C-WEU-ITA,Zone_4C Mixed Marine,rur,sfh,s52_low,53.4132950268246
C-WEU-ITA,Zone_4C Mixed Marine,urb,sfh,s52_low,53.4132950268246
C-WEU-ITA,Zone_5C Cool Marine,rur,sfh,s52_low,53.4132950268246
C-WEU-ITA,Zone_5C Cool Marine,urb,sfh,s52_low,53.4132950268246
C-EEU-LTU,Zone_6A Cold Humid,rur,sfh,s52_low,15.541666670000001
C-EEU-LTU,Zone_6A Cold Humid,urb,sfh,s52_low,15.541666670000001
C-EEU-LTU,Zone_5A Cool Humid,rur,sfh,s52_low,15.541666670000001
C-EEU-LTU,Zone_5A Cool Humid,urb,sfh,s52_low,15.541666670000001
C-WEU-LUX,Zone_5A Cool Humid,rur,sfh,s52_low,13.375000000000002
C-WEU-LUX,Zone_5A Cool Humid,urb,sfh,s52_low,13.375000000000002
C-EEU-LVA,Zone_6A Cold Humid,rur,sfh,s52_low,13.1474359
C-EEU-LVA,Zone_6A Cold Humid,urb,sfh,s52_low,13.1474359
C-WEU-MLT,Zone_3A Warm Humid,rur,sfh,s52_low,45.375
C-WEU-MLT,Zone_3A Warm Humid,urb,sfh,s52_low,45.375
C-WEU-NLD,Zone_5A Cool Humid,rur,sfh,s52_low,8.239285006950874
C-WEU-NLD,Zone_5A Cool Humid,urb,sfh,s52_low,8.239285006950874
C-WEU-NLD,Zone_4A Mixed Humid,rur,sfh,s52_low,8.239285006950874
C-WEU-NLD,Zone_4A Mixed Humid,urb,sfh,s52_low,8.239285006950874
C-EEU-POL,Zone_5A Cool Humid,rur,sfh,s52_low,18.8125
C-EEU-POL,Zone_5A Cool Humid,urb,sfh,s52_low,18.8125
C-EEU-POL,Zone_6A Cold Humid,rur,sfh,s52_low,18.8125
C-EEU-POL,Zone_6A Cold Humid,urb,sfh,s52_low,18.8125
C-WEU-PRT,Zone_3C Warm Marine,rur,sfh,s52_low,44.866789567730265
C-WEU-PRT,Zone_3C Warm Marine,urb,sfh,s52_low,44.866789567730265
C-WEU-PRT,Zone_4C Mixed Marine,rur,sfh,s52_low,44.866789567730265
C-WEU-PRT,Zone_4C Mixed Marine,urb,sfh,s52_low,44.866789567730265
C-WEU-PRT,Zone_4A Mixed Humid,rur,sfh,s52_low,44.866789567730265
C-WEU-PRT,Zone_4A Mixed Humid,urb,sfh,s52_low,44.866789567730265
C-WEU-PRT,Zone_3A Warm Humid,rur,sfh,s52_low,44.866789567730265
C-WEU-PRT,Zone_3A Warm Humid,urb,sfh,s52_low,44.866789567730265
C-EEU-ROU,Zone_5A Cool Humid,rur,sfh,s52_low,36.50855069862571
C-EEU-ROU,Zone_5A Cool Humid,urb,sfh,s52_low,36.50855069862571
C-EEU-ROU,Zone_6A Cold Humid,rur,sfh,s52_low,36.50855069862571
C-EEU-ROU,Zone_6A Cold Humid,urb,sfh,s52_low,36.50855069862571
C-EEU-ROU,Zone_4A Mixed Humid,rur,sfh,s52_low,36.50855069862571
C-EEU-ROU,Zone_4A Mixed Humid,urb,sfh,s52_low,36.50855069862571
C-WEU-SWE,Zone_6A Cold Humid,rur,sfh,s52_low,8.81618363626021
C-WEU-SWE,Zone_6A Cold Humid,urb,sfh,s52_low,8.81618363626021
C-WEU-SWE,Zone_5A Cool Humid,rur,sfh,s52_low,8.81618363626021
C-WEU-SWE,Zone_5A Cool Humid,urb,sfh,s52_low,8.81618363626021
C-WEU-SWE,Zone_7A Very cold Humid,rur,sfh,s52_low,8.81618363626021
C-WEU-SWE,Zone_7A Very cold Humid,urb,sfh,s52_low,8.81618363626021
C-WEU-SWE,Zone_8A Subarctic/arctic Humid,rur,sfh,s52_low,8.81618363626021
C-WEU-SWE,Zone_8A Subarctic/arctic Humid,urb,sfh,s52_low,8.81618363626021
C-EEU-SVN,Zone_4A Mixed Humid,rur,sfh,s52_low,15.98861135552674
C-EEU-SVN,Zone_4A Mixed Humid,urb,sfh,s52_low,15.98861135552674
C-EEU-SVN,Zone_5A Cool Humid,rur,sfh,s52_low,15.98861135552674
C-EEU-SVN,Zone_5A Cool Humid,urb,sfh,s52_low,15.98861135552674
C-EEU-SVN,Zone_7A Very cold Humid,rur,sfh,s52_low,15.98861135552674
C-EEU-SVN,Zone_7A Very cold Humid,urb,sfh,s52_low,15.98861135552674
C-EEU-SVK,Zone_5A Cool Humid,rur,sfh,s52_low,20.0779174477598
C-EEU-SVK,Zone_5A Cool Humid,urb,sfh,s52_low,20.0779174477598
C-EEU-SVK,Zone_6A Cold Humid,rur,sfh,s52_low,20.0779174477598
C-EEU-SVK,Zone_6A Cold Humid,urb,sfh,s52_low,20.0779174477598
C-WEU-AUT,Zone_5A Cool Humid,rur,mfh,sr11_std,10.037706807400305
C-WEU-AUT,Zone_5A Cool Humid,urb,mfh,sr11_std,10.037706807400305
C-WEU-AUT,Zone_4A Mixed Humid,rur,mfh,sr11_std,10.037706807400305
C-WEU-AUT,Zone_4A Mixed Humid,urb,mfh,sr11_std,10.037706807400305
C-WEU-AUT,Zone_6A Cold Humid,rur,mfh,sr11_std,10.037706807400305
C-WEU-AUT,Zone_6A Cold Humid,urb,mfh,sr11_std,10.037706807400305
C-WEU-AUT,Zone_7A Very cold Humid,rur,mfh,sr11_std,10.037706807400305
C-WEU-AUT,Zone_7A Very cold Humid,urb,mfh,sr11_std,10.037706807400305
C-WEU-BEL,Zone_4A Mixed Humid,rur,mfh,sr11_std,6.83928571
C-WEU-BEL,Zone_4A Mixed Humid,urb,mfh,sr11_std,6.83928571
C-WEU-BEL,Zone_5A Cool Humid,rur,mfh,sr11_std,6.83928571
C-WEU-BEL,Zone_5A Cool Humid,urb,mfh,sr11_std,6.83928571
C-EEU-BGR,Zone_4A Mixed Humid,rur,mfh,sr11_std,33.614439468627445
C-EEU-BGR,Zone_4A Mixed Humid,urb,mfh,sr11_std,33.614439468627445
C-EEU-BGR,Zone_5A Cool Humid,rur,mfh,sr11_std,33.614439468627445
C-EEU-BGR,Zone_5A Cool Humid,urb,mfh,sr11_std,33.614439468627445
C-WEU-CYP,Zone_3A Warm Humid,rur,mfh,sr11_std,48.84375
C-WEU-CYP,Zone_3A Warm Humid,urb,mfh,sr11_std,48.84375
C-EEU-CZE,Zone_5A Cool Humid,rur,mfh,sr11_std,10.98717949
C-EEU-CZE,Zone_5A Cool Humid,urb,mfh,sr11_std,10.98717949
C-WEU-DEU,Zone_5A Cool Humid,rur,mfh,sr11_std,9.045730386133267
C-WEU-DEU,Zone_5A Cool Humid,urb,mfh,sr11_std,9.045730386133267
C-WEU-DEU,Zone_4A Mixed Humid,rur,mfh,sr11_std,9.045730386133267
C-WEU-DEU,Zone_4A Mixed Humid,urb,mfh,sr11_std,9.045730386133267
C-WEU-DEU,Zone_6A Cold Humid,rur,mfh,sr11_std,9.045730386133267
C-WEU-DEU,Zone_6A Cold Humid,urb,mfh,sr11_std,9.045730386133267
C-WEU-DNK,Zone_5A Cool Humid,rur,mfh,sr11_std,3.671875
C-WEU-DNK,Zone_5A Cool Humid,urb,mfh,sr11_std,3.671875
C-EEU-EST,Zone_6A Cold Humid,rur,mfh,sr11_std,5.44886364
C-EEU-EST,Zone_6A Cold Humid,urb,mfh,sr11_std,5.44886364
C-WEU-GRC,Zone_3A Warm Humid,rur,mfh,sr11_std,53.87921702649903
C-WEU-GRC,Zone_3A Warm Humid,urb,mfh,sr11_std,53.87921702649903
C-WEU-GRC,Zone_4A Mixed Humid,rur,mfh,sr11_std,53.87921702649903
C-WEU-GRC,Zone_4A Mixed Humid,urb,mfh,sr11_std,53.87921702649903
C-WEU-GRC,Zone_4C Mixed Marine,rur,mfh,sr11_std,53.87921702649903
C-WEU-GRC,Zone_4C Mixed Marine,urb,mfh,sr11_std,53.87921702649903
C-WEU-GRC,Zone_5C Cool Marine,rur,mfh,sr11_std,53.87921702649903
C-WEU-GRC,Zone_5C Cool Marine,urb,mfh,sr11_std,53.87921702649903
C-WEU-GRC,Zone_5A Cool Humid,rur,mfh,sr11_std,53.87921702649903
C-WEU-GRC,Zone_5A Cool Humid,urb,mfh,sr11_std,53.87921702649903
C-WEU-ESP,Zone_3C Warm Marine,rur,mfh,sr11_std,43.26826604798735
C-WEU-ESP,Zone_3C Warm Marine,urb,mfh,sr11_std,43.26826604798735
C-WEU-ESP,Zone_4C Mixed Marine,rur,mfh,sr11_std,43.26826604798735
C-WEU-ESP,Zone_4C Mixed Marine,urb,mfh,sr11_std,43.26826604798735
C-WEU-ESP,Zone_4A Mixed Humid,rur,mfh,sr11_std,43.26826604798735
C-WEU-ESP,Zone_4A Mixed Humid,urb,mfh,sr11_std,43.26826604798735
C-WEU-ESP,Zone_3A Warm Humid,rur,mfh,sr11_std,43.26826604798735
C-WEU-ESP,Zone_3A Warm Humid,urb,mfh,sr11_std,43.26826604798735
C-WEU-ESP,Zone_3B Warm Dry,rur,mfh,sr11_std,43.26826604798735
C-WEU-ESP,Zone_3B Warm Dry,urb,mfh,sr11_std,43.26826604798735
C-WEU-ESP,Zone_2B Hot Dry,rur,mfh,sr11_std,43.26826604798735
C-WEU-ESP,Zone_2B Hot Dry,urb,mfh,sr11_std,43.26826604798735
C-WEU-FIN,Zone_6A Cold Humid,rur,mfh,sr11_std,1.9148828425606705
C-WEU-FIN,Zone_6A Cold Humid,urb,mfh,sr11_std,1.9148828425606705
C-WEU-FIN,Zone_7A Very cold Humid,rur,mfh,sr11_std,1.9148828425606705
C-WEU-FIN,Zone_7A Very cold Humid,urb,mfh,sr11_std,1.9148828425606705
C-WEU-FRA,Zone_4A Mixed Humid,rur,mfh,sr11_std,13.622660316513908
C-WEU-FRA,Zone_4A Mixed Humid,urb,mfh,sr11_std,13.622660316513908
C-WEU-FRA,Zone_5A Cool Humid,rur,mfh,sr11_std,13.622660316513908
C-WEU-FRA,Zone_5A Cool Humid,urb,mfh,sr11_std,13.622660316513908
C-WEU-FRA,Zone_3A Warm Humid,rur,mfh,sr11_std,13.622660316513908
C-WEU-FRA,Zone_3A Warm Humid,urb,mfh,sr11_std,13.622660316513908
C-WEU-FRA,Zone_7A Very cold Humid,rur,mfh,sr11_std,13.622660316513908
C-WEU-FRA,Zone_7A Very cold Humid,urb,mfh,sr11_std,13.622660316513908
C-WEU-FRA,Zone_4C Mixed Marine,rur,mfh,sr11_std,13.622660316513908
C-WEU-FRA,Zone_4C Mixed Marine,urb,mfh,sr11_std,13.622660316513908
C-WEU-FRA,Zone_3C Warm Marine,rur,mfh,sr11_std,13.622660316513908
C-WEU-FRA,Zone_3C Warm Marine,urb,mfh,sr11_std,13.622660316513908
C-WEU-FRA,Zone_1A Very hot Humid,rur,mfh,sr11_std,13.622660316513908
C-WEU-FRA,Zone_1A Very hot Humid,urb,mfh,sr11_std,13.622660316513908
C-WEU-FRA,Zone_2A Hot Humid,rur,mfh,sr11_std,13.622660316513908
C-WEU-FRA,Zone_2A Hot Humid,urb,mfh,sr11_std,13.622660316513908
C-WEU-FRA,Zone_0A Extremely hot Humid,rur,mfh,sr11_std,13.622660316513908
C-WEU-FRA,Zone_0A Extremely hot Humid,urb,mfh,sr11_std,13.622660316513908
C-EEU-HRV,Zone_4A Mixed Humid,rur,mfh,sr11_std,14.698757248921938
C-EEU-HRV,Zone_4A Mixed Humid,urb,mfh,sr11_std,14.698757248921938
C-EEU-HRV,Zone_5A Cool Humid,rur,mfh,sr11_std,14.698757248921938
C-EEU-HRV,Zone_5A Cool Humid,urb,mfh,sr11_std,14.698757248921938
C-EEU-HRV,Zone_4C Mixed Marine,rur,mfh,sr11_std,14.698757248921938
C-EEU-HRV,Zone_4C Mixed Marine,urb,mfh,sr11_std,14.698757248921938
C-EEU-HRV,Zone_3A Warm Humid,rur,mfh,sr11_std,14.698757248921938
C-EEU-HRV,Zone_3A Warm Humid,urb,mfh,sr11_std,14.698757248921938
C-EEU-HUN,Zone_4A Mixed Humid,rur,mfh,sr11_std,31.003231163897873
C-EEU-HUN,Zone_4A Mixed Humid,urb,mfh,sr11_std,31.003231163897873
C-EEU-HUN,Zone_5A Cool Humid,rur,mfh,sr11_std,31.003231163897873
C-EEU-HUN,Zone_5A Cool Humid,urb,mfh,sr11_std,31.003231163897873
C-WEU-IRL,Zone_5A Cool Humid,rur,mfh,sr11_std,0.0
C-WEU-IRL,Zone_5A Cool Humid,urb,mfh,sr11_std,0.0
C-WEU-IRL,Zone_4A Mixed Humid,rur,mfh,sr11_std,0.0
C-WEU-IRL,Zone_4A Mixed Humid,urb,mfh,sr11_std,0.0
C-WEU-ITA,Zone_4A Mixed Humid,rur,mfh,sr11_std,40.35009520674937
C-WEU-ITA,Zone_4A Mixed Humid,urb,mfh,sr11_std,40.35009520674937
C-WEU-ITA,Zone_5A Cool Humid,rur,mfh,sr11_std,40.35009520674937
C-WEU-ITA,Zone_5A Cool Humid,urb,mfh,sr11_std,40.35009520674937
C-WEU-ITA,Zone_7A Very cold Humid,rur,mfh,sr11_std,40.35009520674937
C-WEU-ITA,Zone_7A Very cold Humid,urb,mfh,sr11_std,40.35009520674937
C-WEU-ITA,Zone_6A Cold Humid,rur,mfh,sr11_std,40.35009520674937
C-WEU-ITA,Zone_6A Cold Humid,urb,mfh,sr11_std,40.35009520674937
C-WEU-ITA,Zone_3A Warm Humid,rur,mfh,sr11_std,40.35009520674937
C-WEU-ITA,Zone_3A Warm Humid,urb,mfh,sr11_std,40.35009520674937
C-WEU-ITA,Zone_4C Mixed Marine,rur,mfh,sr11_std,40.35009520674937
C-WEU-ITA,Zone_4C Mixed Marine,urb,mfh,sr11_std,40.35009520674937
C-WEU-ITA,Zone_5C Cool Marine,rur,mfh,sr11_std,40.35009520674937
C-WEU-ITA,Zone_5C Cool Marine,urb,mfh,sr11_std,40.35009520674937
C-EEU-LTU,Zone_6A Cold Humid,rur,mfh,sr11_std,10.13333333
C-EEU-LTU,Zone_6A Cold Humid,urb,mfh,sr11_std,10.13333333
C-EEU-LTU,Zone_5A Cool Humid,rur,mfh,sr11_std,10.13333333
C-EEU-LTU,Zone_5A Cool Humid,urb,mfh,sr11_std,10.13333333
C-WEU-LUX,Zone_5A Cool Humid,rur,mfh,sr11_std,5.000000000000001
C-WEU-LUX,Zone_5A Cool Humid,urb,mfh,sr11_std,5.000000000000001
C-EEU-LVA,Zone_6A Cold Humid,rur,mfh,sr11_std,7.87179487
C-EEU-LVA,Zone_6A Cold Humid,urb,mfh,sr11_std,7.87179487
C-WEU-MLT,Zone_3A Warm Humid,rur,mfh,sr11_std,40.12499999999999
C-WEU-MLT,Zone_3A Warm Humid,urb,mfh,sr11_std,40.12499999999999
C-WEU-NLD,Zone_5A Cool Humid,rur,mfh,sr11_std,3.9866000809760473
C-WEU-NLD,Zone_5A Cool Humid,urb,mfh,sr11_std,3.9866000809760473
C-WEU-NLD,Zone_4A Mixed Humid,rur,mfh,sr11_std,3.9866000809760473
C-WEU-NLD,Zone_4A Mixed Humid,urb,mfh,sr11_std,3.9866000809760473
C-EEU-POL,Zone_5A Cool Humid,rur,mfh,sr11_std,12.41768293
C-EEU-POL,Zone_5A Cool Humid,urb,mfh,sr11_std,12.41768293
C-EEU-POL,Zone_6A Cold Humid,rur,mfh,sr11_std,12.41768293
C-EEU-POL,Zone_6A Cold Humid,urb,mfh,sr11_std,12.41768293
C-WEU-PRT,Zone_3C Warm Marine,rur,mfh,sr11_std,30.49371463158119
C-WEU-PRT,Zone_3C Warm Marine,urb,mfh,sr11_std,30.49371463158119
C-WEU-PRT,Zone_4C Mixed Marine,rur,mfh,sr11_std,30.49371463158119
C-WEU-PRT,Zone_4C Mixed Marine,urb,mfh,sr11_std,30.49371463158119
C-WEU-PRT,Zone_4A Mixed Humid,rur,mfh,sr11_std,30.49371463158119
C-WEU-PRT,Zone_4A Mixed Humid,urb,mfh,sr11_std,30.49371463158119
C-WEU-PRT,Zone_3A Warm Humid,rur,mfh,sr11_std,30.49371463158119
C-WEU-PRT,Zone_3A Warm Humid,urb,mfh,sr11_std,30.49371463158119
C-EEU-ROU,Zone_5A Cool Humid,rur,mfh,sr11_std,27.626839934441467
C-EEU-ROU,Zone_5A Cool Humid,urb,mfh,sr11_std,27.626839934441467
C-EEU-ROU,Zone_6A Cold Humid,rur,mfh,sr11_std,27.626839934441467
C-EEU-ROU,Zone_6A Cold Humid,urb,mfh,sr11_std,27.626839934441467
C-EEU-ROU,Zone_4A Mixed Humid,rur,mfh,sr11_std,27.626839934441467
C-EEU-ROU,Zone_4A Mixed Humid,urb,mfh,sr11_std,27.626839934441467
C-WEU-SWE,Zone_6A Cold Humid,rur,mfh,sr11_std,3.702278187094096
C-WEU-SWE,Zone_6A Cold Humid,urb,mfh,sr11_std,3.702278187094096
C-WEU-SWE,Zone_5A Cool Humid,rur,mfh,sr11_std,3.702278187094096
C-WEU-SWE,Zone_5A Cool Humid,urb,mfh,sr11_std,3.702278187094096
C-WEU-SWE,Zone_7A Very cold Humid,rur,mfh,sr11_std,3.702278187094096
C-WEU-SWE,Zone_7A Very cold Humid,urb,mfh,sr11_std,3.702278187094096
C-WEU-SWE,Zone_8A Subarctic/arctic Humid,rur,mfh,sr11_std,3.702278187094096
C-WEU-SWE,Zone_8A Subarctic/arctic Humid,urb,mfh,sr11_std,3.702278187094096
C-EEU-SVN,Zone_4A Mixed Humid,rur,mfh,sr11_std,8.158140462654853
C-EEU-SVN,Zone_4A Mixed Humid,urb,mfh,sr11_std,8.158140462654853
C-EEU-SVN,Zone_5A Cool Humid,rur,mfh,sr11_std,8.158140462654853
C-EEU-SVN,Zone_5A Cool Humid,urb,mfh,sr11_std,8.158140462654853
C-EEU-SVN,Zone_7A Very cold Humid,rur,mfh,sr11_std,8.158140462654853
C-EEU-SVN,Zone_7A Very cold Humid,urb,mfh,sr11_std,8.158140462654853
C-EEU-SVK,Zone_5A Cool Humid,rur,mfh,sr11_std,13.011411105893451
C-EEU-SVK,Zone_5A Cool Humid,urb,mfh,sr11_std,13.011411105893451
C-EEU-SVK,Zone_6A Cold Humid,rur,mfh,sr11_std,13.011411105893451
C-EEU-SVK,Zone_6A Cold Humid,urb,mfh,sr11_std,13.011411105893451
C-WEU-AUT,Zone_5A Cool Humid,rur,sfh,sr11_std,7.446506178606282
C-WEU-AUT,Zone_5A Cool Humid,urb,sfh,sr11_std,7.446506178606282
C-WEU-AUT,Zone_4A Mixed Humid,rur,sfh,sr11_std,7.446506178606282
C-WEU-AUT,Zone_4A Mixed Humid,urb,sfh,sr11_std,7.446506178606282
C-WEU-AUT,Zone_6A Cold Humid,rur,sfh,sr11_std,7.446506178606282
C-WEU-AUT,Zone_6A Cold Humid,urb,sfh,sr11_std,7.446506178606282
C-WEU-AUT,Zone_7A Very cold Humid,rur,sfh,sr11_std,7.446506178606282
C-WEU-AUT,Zone_7A Very cold Humid,urb,sfh,sr11_std,7.446506178606282
C-WEU-BEL,Zone_4A Mixed Humid,rur,sfh,sr11_std,4.73214286
C-WEU-BEL,Zone_4A Mixed Humid,urb,sfh,sr11_std,4.73214286
C-WEU-BEL,Zone_5A Cool Humid,rur,sfh,sr11_std,4.73214286
C-WEU-BEL,Zone_5A Cool Humid,urb,sfh,sr11_std,4.73214286
C-EEU-BGR,Zone_4A Mixed Humid,rur,sfh,sr11_std,27.354485823130183
C-EEU-BGR,Zone_4A Mixed Humid,urb,sfh,sr11_std,27.354485823130183
C-EEU-BGR,Zone_5A Cool Humid,rur,sfh,sr11_std,27.354485823130183
C-EEU-BGR,Zone_5A Cool Humid,urb,sfh,sr11_std,27.354485823130183
C-WEU-CYP,Zone_3A Warm Humid,rur,sfh,sr11_std,45.59375
C-WEU-CYP,Zone_3A Warm Humid,urb,sfh,sr11_std,45.59375
C-EEU-CZE,Zone_5A Cool Humid,rur,sfh,sr11_std,7.30128205
C-EEU-CZE,Zone_5A Cool Humid,urb,sfh,sr11_std,7.30128205
C-WEU-DEU,Zone_5A Cool Humid,rur,sfh,sr11_std,7.032639955980212
C-WEU-DEU,Zone_5A Cool Humid,urb,sfh,sr11_std,7.032639955980212
C-WEU-DEU,Zone_4A Mixed Humid,rur,sfh,sr11_std,7.032639955980212
C-WEU-DEU,Zone_4A Mixed Humid,urb,sfh,sr11_std,7.032639955980212
C-WEU-DEU,Zone_6A Cold Humid,rur,sfh,sr11_std,7.032639955980212
C-WEU-DEU,Zone_6A Cold Humid,urb,sfh,sr11_std,7.032639955980212
C-WEU-DNK,Zone_5A Cool Humid,rur,sfh,sr11_std,2.703125
C-WEU-DNK,Zone_5A Cool Humid,urb,sfh,sr11_std,2.703125
C-EEU-EST,Zone_6A Cold Humid,rur,sfh,sr11_std,2.96590909
C-EEU-EST,Zone_6A Cold Humid,urb,sfh,sr11_std,2.96590909
C-WEU-GRC,Zone_3A Warm Humid,rur,sfh,sr11_std,49.45704483463332
C-WEU-GRC,Zone_3A Warm Humid,urb,sfh,sr11_std,49.45704483463332
C-WEU-GRC,Zone_4A Mixed Humid,rur,sfh,sr11_std,49.45704483463332
C-WEU-GRC,Zone_4A Mixed Humid,urb,sfh,sr11_std,49.45704483463332
C-WEU-GRC,Zone_4C Mixed Marine,rur,sfh,sr11_std,49.45704483463332
C-WEU-GRC,Zone_4C Mixed Marine,urb,sfh,sr11_std,49.45704483463332
C-WEU-GRC,Zone_5C Cool Marine,rur,sfh,sr11_std,49.45704483463332
C-WEU-GRC,Zone_5C Cool Marine,urb,sfh,sr11_std,49.45704483463332
C-WEU-GRC,Zone_5A Cool Humid,rur,sfh,sr11_std,49.45704483463332
C-WEU-GRC,Zone_5A Cool Humid,urb,sfh,sr11_std,49.45704483463332
C-WEU-ESP,Zone_3C Warm Marine,rur,sfh,sr11_std,39.66833875562057
C-WEU-ESP,Zone_3C Warm Marine,urb,sfh,sr11_std,39.66833875562057
C-WEU-ESP,Zone_4C Mixed Marine,rur,sfh,sr11_std,39.66833875562057
C-WEU-ESP,Zone_4C Mixed Marine,urb,sfh,sr11_std,39.66833875562057
C-WEU-ESP,Zone_4A Mixed Humid,rur,sfh,sr11_std,39.66833875562057
C-WEU-ESP,Zone_4A Mixed Humid,urb,sfh,sr11_std,39.66833875562057
C-WEU-ESP,Zone_3A Warm Humid,rur,sfh,sr11_std,39.66833875562057
C-WEU-ESP,Zone_3A Warm Humid,urb,sfh,sr11_std,39.66833875562057
C-WEU-ESP,Zone_3B Warm Dry,rur,sfh,sr11_std,39.66833875562057
C-WEU-ESP,Zone_3B Warm Dry,urb,sfh,sr11_std,39.66833875562057
C-WEU-ESP,Zone_2B Hot Dry,rur,sfh,sr11_std,39.66833875562057
C-WEU-ESP,Zone_2B Hot Dry,urb,sfh,sr11_std,39.66833875562057
C-WEU-FIN,Zone_6A Cold Humid,rur,sfh,sr11_std,0.9027975812014434
C-WEU-FIN,Zone_6A Cold Humid,urb,sfh,sr11_std,0.9027975812014434
C-WEU-FIN,Zone_7A Very cold Humid,rur,sfh,sr11_std,0.9027975812014434
C-WEU-FIN,Zone_7A Very cold Humid,urb,sfh,sr11_std,0.9027975812014434
C-WEU-FRA,Zone_4A Mixed Humid,rur,sfh,sr11_std,10.713453150899875
C-WEU-FRA,Zone_4A Mixed Humid,urb,sfh,sr11_std,10.713453150899875
C-WEU-FRA,Zone_5A Cool Humid,rur,sfh,sr11_std,10.713453150899875
C-WEU-FRA,Zone_5A Cool Humid,urb,sfh,sr11_std,10.713453150899875
C-WEU-FRA,Zone_3A Warm Humid,rur,sfh,sr11_std,10.713453150899875
C-WEU-FRA,Zone_3A Warm Humid,urb,sfh,sr11_std,10.713453150899875
C-WEU-FRA,Zone_7A Very cold Humid,rur,sfh,sr11_std,10.713453150899875
C-WEU-FRA,Zone_7A Very cold Humid,urb,sfh,sr11_std,10.713453150899875
C-WEU-FRA,Zone_4C Mixed Marine,rur,sfh,sr11_std,10.713453150899875
C-WEU-FRA,Zone_4C Mixed Marine,urb,sfh,sr11_std,10.713453150899875
C-WEU-FRA,Zone_3C Warm Marine,rur,sfh,sr11_std,10.713453150899875
C-WEU-FRA,Zone_3C Warm Marine,urb,sfh,sr11_std,10.713453150899875
C-WEU-FRA,Zone_1A Very hot Humid,rur,sfh,sr11_std,10.713453150899875
C-WEU-FRA,Zone_1A Very hot Humid,urb,sfh,sr11_std,10.713453150899875
C-WEU-FRA,Zone_2A Hot Humid,rur,sfh,sr11_std,10.713453150899875
C-WEU-FRA,Zone_2A Hot Humid,urb,sfh,sr11_std,10.713453150899875
C-WEU-FRA,Zone_0A Extremely hot Humid,rur,sfh,sr11_std,10.713453150899875
C-WEU-FRA,Zone_0A Extremely hot Humid,urb,sfh,sr11_std,10.713453150899875
C-EEU-HRV,Zone_4A Mixed Humid,rur,sfh,sr11_std,30.081911559267816
C-EEU-HRV,Zone_4A Mixed Humid,urb,sfh,sr11_std,30.081911559267816
C-EEU-HRV,Zone_5A Cool Humid,rur,sfh,sr11_std,30.081911559267816
C-EEU-HRV,Zone_5A Cool Humid,urb,sfh,sr11_std,30.081911559267816
C-EEU-HRV,Zone_4C Mixed Marine,rur,sfh,sr11_std,30.081911559267816
C-EEU-HRV,Zone_4C Mixed Marine,urb,sfh,sr11_std,30.081911559267816
C-EEU-HRV,Zone_3A Warm Humid,rur,sfh,sr11_std,30.081911559267816
C-EEU-HRV,Zone_3A Warm Humid,urb,sfh,sr11_std,30.081911559267816
C-EEU-HUN,Zone_4A Mixed Humid,rur,sfh,sr11_std,24.114524517854296
C-EEU-HUN,Zone_4A Mixed Humid,urb,sfh,sr11_std,24.114524517854296
C-EEU-HUN,Zone_5A Cool Humid,rur,sfh,sr11_std,24.114524517854296
C-EEU-HUN,Zone_5A Cool Humid,urb,sfh,sr11_std,24.114524517854296
C-WEU-IRL,Zone_5A Cool Humid,rur,sfh,sr11_std,0.0
C-WEU-IRL,Zone_5A Cool Humid,urb,sfh,sr11_std,0.0
C-WEU-IRL,Zone_4A Mixed Humid,rur,sfh,sr11_std,0.0
C-WEU-IRL,Zone_4A Mixed Humid,urb,sfh,sr11_std,0.0
C-WEU-ITA,Zone_4A Mixed Humid,rur,sfh,sr11_std,35.790391421332124
C-WEU-ITA,Zone_4A Mixed Humid,urb,sfh,sr11_std,35.790391421332124
C-WEU-ITA,Zone_5A Cool Humid,rur,sfh,sr11_std,35.790391421332124
C-WEU-ITA,Zone_5A Cool Humid,urb,sfh,sr11_std,35.790391421332124
C-WEU-ITA,Zone_7A Very cold Humid,rur,sfh,sr11_std,35.790391421332124
C-WEU-ITA,Zone_7A Very cold Humid,urb,sfh,sr11_std,35.790391421332124
C-WEU-ITA,Zone_6A Cold Humid,rur,sfh,sr11_std,35.790391421332124
C-WEU-ITA,Zone_6A Cold Humid,urb,sfh,sr11_std,35.790391421332124
C-WEU-ITA,Zone_3A Warm Humid,rur,sfh,sr11_std,35.790391421332124
C-WEU-ITA,Zone_3A Warm Humid,urb,sfh,sr11_std,35.790391421332124
C-WEU-ITA,Zone_4C Mixed Marine,rur,sfh,sr11_std,35.790391421332124
C-WEU-ITA,Zone_4C Mixed Marine,urb,sfh,sr11_std,35.790391421332124
C-WEU-ITA,Zone_5C Cool Marine,rur,sfh,sr11_std,35.790391421332124
C-WEU-ITA,Zone_5C Cool Marine,urb,sfh,sr11_std,35.790391421332124
C-EEU-LTU,Zone_6A Cold Humid,rur,sfh,sr11_std,7.26666667
C-EEU-LTU,Zone_6A Cold Humid,urb,sfh,sr11_std,7.26666667
C-EEU-LTU,Zone_5A Cool Humid,rur,sfh,sr11_std,7.26666667
C-EEU-LTU,Zone_5A Cool Humid,urb,sfh,sr11_std,7.26666667
C-WEU-LUX,Zone_5A Cool Humid,rur,sfh,sr11_std,3.625
C-WEU-LUX,Zone_5A Cool Humid,urb,sfh,sr11_std,3.625
C-EEU-LVA,Zone_6A Cold Humid,rur,sfh,sr11_std,4.96794872
C-EEU-LVA,Zone_6A Cold Humid,urb,sfh,sr11_std,4.96794872
C-WEU-MLT,Zone_3A Warm Humid,rur,sfh,sr11_std,38.125
C-WEU-MLT,Zone_3A Warm Humid,urb,sfh,sr11_std,38.125
C-WEU-NLD,Zone_5A Cool Humid,rur,sfh,sr11_std,3.007471325932538
C-WEU-NLD,Zone_5A Cool Humid,urb,sfh,sr11_std,3.007471325932538
C-WEU-NLD,Zone_4A Mixed Humid,rur,sfh,sr11_std,3.007471325932538
C-WEU-NLD,Zone_4A Mixed Humid,urb,sfh,sr11_std,3.007471325932538
C-EEU-POL,Zone_5A Cool Humid,rur,sfh,sr11_std,9.00609756
C-EEU-POL,Zone_5A Cool Humid,urb,sfh,sr11_std,9.00609756
C-EEU-POL,Zone_6A Cold Humid,rur,sfh,sr11_std,9.00609756
C-EEU-POL,Zone_6A Cold Humid,urb,sfh,sr11_std,9.00609756
C-WEU-PRT,Zone_3C Warm Marine,rur,sfh,sr11_std,25.804073565566938
C-WEU-PRT,Zone_3C Warm Marine,urb,sfh,sr11_std,25.804073565566938
C-WEU-PRT,Zone_4C Mixed Marine,rur,sfh,sr11_std,25.804073565566938
C-WEU-PRT,Zone_4C Mixed Marine,urb,sfh,sr11_std,25.804073565566938
C-WEU-PRT,Zone_4A Mixed Humid,rur,sfh,sr11_std,25.804073565566938
C-WEU-PRT,Zone_4A Mixed Humid,urb,sfh,sr11_std,25.804073565566938
C-WEU-PRT,Zone_3A Warm Humid,rur,sfh,sr11_std,25.804073565566938
C-WEU-PRT,Zone_3A Warm Humid,urb,sfh,sr11_std,25.804073565566938
C-EEU-ROU,Zone_5A Cool Humid,rur,sfh,sr11_std,21.826789689681732
C-EEU-ROU,Zone_5A Cool Humid,urb,sfh,sr11_std,21.826789689681732
C-EEU-ROU,Zone_6A Cold Humid,rur,sfh,sr11_std,21.826789689681732
C-EEU-ROU,Zone_6A Cold Humid,urb,sfh,sr11_std,21.826789689681732
C-EEU-ROU,Zone_4A Mixed Humid,rur,sfh,sr11_std,21.826789689681732
C-EEU-ROU,Zone_4A Mixed Humid,urb,sfh,sr11_std,21.826789689681732
C-WEU-SWE,Zone_6A Cold Humid,rur,sfh,sr11_std,2.586671939555703
C-WEU-SWE,Zone_6A Cold Humid,urb,sfh,sr11_std,2.586671939555703
C-WEU-SWE,Zone_5A Cool Humid,rur,sfh,sr11_std,2.586671939555703
C-WEU-SWE,Zone_5A Cool Humid,urb,sfh,sr11_std,2.586671939555703
C-WEU-SWE,Zone_7A Very cold Humid,rur,sfh,sr11_std,2.586671939555703
C-WEU-SWE,Zone_7A Very cold Humid,urb,sfh,sr11_std,2.586671939555703
C-WEU-SWE,Zone_8A Subarctic/arctic Humid,rur,sfh,sr11_std,2.586671939555703
C-WEU-SWE,Zone_8A Subarctic/arctic Humid,urb,sfh,sr11_std,2.586671939555703
C-EEU-SVN,Zone_4A Mixed Humid,rur,sfh,sr11_std,4.441248939307092
C-EEU-SVN,Zone_4A Mixed Humid,urb,sfh,sr11_std,4.441248939307092
C-EEU-SVN,Zone_5A Cool Humid,rur,sfh,sr11_std,4.441248939307092
C-EEU-SVN,Zone_5A Cool Humid,urb,sfh,sr11_std,4.441248939307092
C-EEU-SVN,Zone_7A Very cold Humid,rur,sfh,sr11_std,4.441248939307092
C-EEU-SVN,Zone_7A Very cold Humid,urb,sfh,sr11_std,4.441248939307092
C-EEU-SVK,Zone_5A Cool Humid,rur,sfh,sr11_std,9.477622331645254
C-EEU-SVK,Zone_5A Cool Humid,urb,sfh,sr11_std,9.477622331645254
C-EEU-SVK,Zone_6A Cold Humid,rur,sfh,sr11_std,9.477622331645254
C-EEU-SVK,Zone_6A Cold Humid,urb,sfh,sr11_std,9.477622331645254
C-WEU-AUT,Zone_5A Cool Humid,rur,mfh,sr12_low,10.037706807400305
C-WEU-AUT,Zone_5A Cool Humid,urb,mfh,sr12_low,10.037706807400305
C-WEU-AUT,Zone_4A Mixed Humid,rur,mfh,sr12_low,10.037706807400305
C-WEU-AUT,Zone_4A Mixed Humid,urb,mfh,sr12_low,10.037706807400305
C-WEU-AUT,Zone_6A Cold Humid,rur,mfh,sr12_low,10.037706807400305
C-WEU-AUT,Zone_6A Cold Humid,urb,mfh,sr12_low,10.037706807400305
C-WEU-AUT,Zone_7A Very cold Humid,rur,mfh,sr12_low,10.037706807400305
C-WEU-AUT,Zone_7A Very cold Humid,urb,mfh,sr12_low,10.037706807400305
C-WEU-BEL,Zone_4A Mixed Humid,rur,mfh,sr12_low,6.83928571
C-WEU-BEL,Zone_4A Mixed Humid,urb,mfh,sr12_low,6.83928571
C-WEU-BEL,Zone_5A Cool Humid,rur,mfh,sr12_low,6.83928571
C-WEU-BEL,Zone_5A Cool Humid,urb,mfh,sr12_low,6.83928571
C-EEU-BGR,Zone_4A Mixed Humid,rur,mfh,sr12_low,33.614439468627445
C-EEU-BGR,Zone_4A Mixed Humid,urb,mfh,sr12_low,33.614439468627445
C-EEU-BGR,Zone_5A Cool Humid,rur,mfh,sr12_low,33.614439468627445
C-EEU-BGR,Zone_5A Cool Humid,urb,mfh,sr12_low,33.614439468627445
C-WEU-CYP,Zone_3A Warm Humid,rur,mfh,sr12_low,48.84375
C-WEU-CYP,Zone_3A Warm Humid,urb,mfh,sr12_low,48.84375
C-EEU-CZE,Zone_5A Cool Humid,rur,mfh,sr12_low,10.98717949
C-EEU-CZE,Zone_5A Cool Humid,urb,mfh,sr12_low,10.98717949
C-WEU-DEU,Zone_5A Cool Humid,rur,mfh,sr12_low,9.045730386133267
C-WEU-DEU,Zone_5A Cool Humid,urb,mfh,sr12_low,9.045730386133267
C-WEU-DEU,Zone_4A Mixed Humid,rur,mfh,sr12_low,9.045730386133267
C-WEU-DEU,Zone_4A Mixed Humid,urb,mfh,sr12_low,9.045730386133267
C-WEU-DEU,Zone_6A Cold Humid,rur,mfh,sr12_low,9.045730386133267
C-WEU-DEU,Zone_6A Cold Humid,urb,mfh,sr12_low,9.045730386133267
C-WEU-DNK,Zone_5A Cool Humid,rur,mfh,sr12_low,3.671875
C-WEU-DNK,Zone_5A Cool Humid,urb,mfh,sr12_low,3.671875
C-EEU-EST,Zone_6A Cold Humid,rur,mfh,sr12_low,5.44886364
C-EEU-EST,Zone_6A Cold Humid,urb,mfh,sr12_low,5.44886364
C-WEU-GRC,Zone_3A Warm Humid,rur,mfh,sr12_low,53.87921702649903
C-WEU-GRC,Zone_3A Warm Humid,urb,mfh,sr12_low,53.87921702649903
C-WEU-GRC,Zone_4A Mixed Humid,rur,mfh,sr12_low,53.87921702649903
C-WEU-GRC,Zone_4A Mixed Humid,urb,mfh,sr12_low,53.87921702649903
C-WEU-GRC,Zone_4C Mixed Marine,rur,mfh,sr12_low,53.87921702649903
C-WEU-GRC,Zone_4C Mixed Marine,urb,mfh,sr12_low,53.87921702649903
C-WEU-GRC,Zone_5C Cool Marine,rur,mfh,sr12_low,53.87921702649903
C-WEU-GRC,Zone_5C Cool Marine,urb,mfh,sr12_low,53.87921702649903
C-WEU-GRC,Zone_5A Cool Humid,rur,mfh,sr12_low,53.87921702649903
C-WEU-GRC,Zone_5A Cool Humid,urb,mfh,sr12_low,53.87921702649903
C-WEU-ESP,Zone_3C Warm Marine,rur,mfh,sr12_low,43.26826604798735
C-WEU-ESP,Zone_3C Warm Marine,urb,mfh,sr12_low,43.26826604798735
C-WEU-ESP,Zone_4C Mixed Marine,rur,mfh,sr12_low,43.26826604798735
C-WEU-ESP,Zone_4C Mixed Marine,urb,mfh,sr12_low,43.26826604798735
C-WEU-ESP,Zone_4A Mixed Humid,rur,mfh,sr12_low,43.26826604798735
C-WEU-ESP,Zone_4A Mixed Humid,urb,mfh,sr12_low,43.26826604798735
C-WEU-ESP,Zone_3A Warm Humid,rur,mfh,sr12_low,43.26826604798735
C-WEU-ESP,Zone_3A Warm Humid,urb,mfh,sr12_low,43.26826604798735
C-WEU-ESP,Zone_3B Warm Dry,rur,mfh,sr12_low,43.26826604798735
C-WEU-ESP,Zone_3B Warm Dry,urb,mfh,sr12_low,43.26826604798735
C-WEU-ESP,Zone_2B Hot Dry,rur,mfh,sr12_low,43.26826604798735
C-WEU-ESP,Zone_2B Hot Dry,urb,mfh,sr12_low,43.26826604798735
C-WEU-FIN,Zone_6A Cold Humid,rur,mfh,sr12_low,1.9148828425606705
C-WEU-FIN,Zone_6A Cold Humid,urb,mfh,sr12_low,1.9148828425606705
C-WEU-FIN,Zone_7A Very cold Humid,rur,mfh,sr12_low,1.9148828425606705
C-WEU-FIN,Zone_7A Very cold Humid,urb,mfh,sr12_low,1.9148828425606705
C-WEU-FRA,Zone_4A Mixed Humid,rur,mfh,sr12_low,13.622660316513908
C-WEU-FRA,Zone_4A Mixed Humid,urb,mfh,sr12_low,13.622660316513908
C-WEU-FRA,Zone_5A Cool Humid,rur,mfh,sr12_low,13.622660316513908
C-WEU-FRA,Zone_5A Cool Humid,urb,mfh,sr12_low,13.622660316513908
C-WEU-FRA,Zone_3A Warm Humid,rur,mfh,sr12_low,13.622660316513908
C-WEU-FRA,Zone_3A Warm Humid,urb,mfh,sr12_low,13.622660316513908
C-WEU-FRA,Zone_7A Very cold Humid,rur,mfh,sr12_low,13.622660316513908
C-WEU-FRA,Zone_7A Very cold Humid,urb,mfh,sr12_low,13.622660316513908
C-WEU-FRA,Zone_4C Mixed Marine,rur,mfh,sr12_low,13.622660316513908
C-WEU-FRA,Zone_4C Mixed Marine,urb,mfh,sr12_low,13.622660316513908
C-WEU-FRA,Zone_3C Warm Marine,rur,mfh,sr12_low,13.622660316513908
C-WEU-FRA,Zone_3C Warm Marine,urb,mfh,sr12_low,13.622660316513908
C-WEU-FRA,Zone_1A Very hot Humid,rur,mfh,sr12_low,13.622660316513908
C-WEU-FRA,Zone_1A Very hot Humid,urb,mfh,sr12_low,13.622660316513908
C-WEU-FRA,Zone_2A Hot Humid,rur,mfh,sr12_low,13.622660316513908
C-WEU-FRA,Zone_2A Hot Humid,urb,mfh,sr12_low,13.622660316513908
C-WEU-FRA,Zone_0A Extremely hot Humid,rur,mfh,sr12_low,13.622660316513908
C-WEU-FRA,Zone_0A Extremely hot Humid,urb,mfh,sr12_low,13.622660316513908
C-EEU-HRV,Zone_4A Mixed Humid,rur,mfh,sr12_low,15.533598956294837
C-EEU-HRV,Zone_4A Mixed Humid,urb,mfh,sr12_low,15.533598956294837
C-EEU-HRV,Zone_5A Cool Humid,rur,mfh,sr12_low,15.533598956294837
C-EEU-HRV,Zone_5A Cool Humid,urb,mfh,sr12_low,15.533598956294837
C-EEU-HRV,Zone_4C Mixed Marine,rur,mfh,sr12_low,15.533598956294837
C-EEU-HRV,Zone_4C Mixed Marine,urb,mfh,sr12_low,15.533598956294837
C-EEU-HRV,Zone_3A Warm Humid,rur,mfh,sr12_low,15.533598956294837
C-EEU-HRV,Zone_3A Warm Humid,urb,mfh,sr12_low,15.533598956294837
C-EEU-HUN,Zone_4A Mixed Humid,rur,mfh,sr12_low,31.003231163897873
C-EEU-HUN,Zone_4A Mixed Humid,urb,mfh,sr12_low,31.003231163897873
C-EEU-HUN,Zone_5A Cool Humid,rur,mfh,sr12_low,31.003231163897873
C-EEU-HUN,Zone_5A Cool Humid,urb,mfh,sr12_low,31.003231163897873
C-WEU-IRL,Zone_5A Cool Humid,rur,mfh,sr12_low,0.0
C-WEU-IRL,Zone_5A Cool Humid,urb,mfh,sr12_low,0.0
C-WEU-IRL,Zone_4A Mixed Humid,rur,mfh,sr12_low,0.0
C-WEU-IRL,Zone_4A Mixed Humid,urb,mfh,sr12_low,0.0
C-WEU-ITA,Zone_4A Mixed Humid,rur,mfh,sr12_low,40.35009520674937
C-WEU-ITA,Zone_4A Mixed Humid,urb,mfh,sr12_low,40.35009520674937
C-WEU-ITA,Zone_5A Cool Humid,rur,mfh,sr12_low,40.35009520674937
C-WEU-ITA,Zone_5A Cool Humid,urb,mfh,sr12_low,40.35009520674937
C-WEU-ITA,Zone_7A Very cold Humid,rur,mfh,sr12_low,40.35009520674937
C-WEU-ITA,Zone_7A Very cold Humid,urb,mfh,sr12_low,40.35009520674937
C-WEU-ITA,Zone_6A Cold Humid,rur,mfh,sr12_low,40.35009520674937
C-WEU-ITA,Zone_6A Cold Humid,urb,mfh,sr12_low,40.35009520674937
C-WEU-ITA,Zone_3A Warm Humid,rur,mfh,sr12_low,40.35009520674937
C-WEU-ITA,Zone_3A Warm Humid,urb,mfh,sr12_low,40.35009520674937
C-WEU-ITA,Zone_4C Mixed Marine,rur,mfh,sr12_low,40.35009520674937
C-WEU-ITA,Zone_4C Mixed Marine,urb,mfh,sr12_low,40.35009520674937
C-WEU-ITA,Zone_5C Cool Marine,rur,mfh,sr12_low,40.35009520674937
C-WEU-ITA,Zone_5C Cool Marine,urb,mfh,sr12_low,40.35009520674937
C-EEU-LTU,Zone_6A Cold Humid,rur,mfh,sr12_low,10.13333333
C-EEU-LTU,Zone_6A Cold Humid,urb,mfh,sr12_low,10.13333333
C-EEU-LTU,Zone_5A Cool Humid,rur,mfh,sr12_low,10.13333333
C-EEU-LTU,Zone_5A Cool Humid,urb,mfh,sr12_low,10.13333333
C-WEU-LUX,Zone_5A Cool Humid,rur,mfh,sr12_low,5.000000000000001
C-WEU-LUX,Zone_5A Cool Humid,urb,mfh,sr12_low,5.000000000000001
C-EEU-LVA,Zone_6A Cold Humid,rur,mfh,sr12_low,7.87179487
C-EEU-LVA,Zone_6A Cold Humid,urb,mfh,sr12_low,7.87179487
C-WEU-MLT,Zone_3A Warm Humid,rur,mfh,sr12_low,40.12499999999999
C-WEU-MLT,Zone_3A Warm Humid,urb,mfh,sr12_low,40.12499999999999
C-WEU-NLD,Zone_5A Cool Humid,rur,mfh,sr12_low,3.9866000809760473
C-WEU-NLD,Zone_5A Cool Humid,urb,mfh,sr12_low,3.9866000809760473
C-WEU-NLD,Zone_4A Mixed Humid,rur,mfh,sr12_low,3.9866000809760473
C-WEU-NLD,Zone_4A Mixed Humid,urb,mfh,sr12_low,3.9866000809760473
C-EEU-POL,Zone_5A Cool Humid,rur,mfh,sr12_low,12.41768293
C-EEU-POL,Zone_5A Cool Humid,urb,mfh,sr12_low,12.41768293
C-EEU-POL,Zone_6A Cold Humid,rur,mfh,sr12_low,12.41768293
C-EEU-POL,Zone_6A Cold Humid,urb,mfh,sr12_low,12.41768293
C-WEU-PRT,Zone_3C Warm Marine,rur,mfh,sr12_low,30.49371463158119
C-WEU-PRT,Zone_3C Warm Marine,urb,mfh,sr12_low,30.49371463158119
C-WEU-PRT,Zone_4C Mixed Marine,rur,mfh,sr12_low,30.49371463158119
C-WEU-PRT,Zone_4C Mixed Marine,urb,mfh,sr12_low,30.49371463158119
C-WEU-PRT,Zone_4A Mixed Humid,rur,mfh,sr12_low,30.49371463158119
C-WEU-PRT,Zone_4A Mixed Humid,urb,mfh,sr12_low,30.49371463158119
C-WEU-PRT,Zone_3A Warm Humid,rur,mfh,sr12_low,30.49371463158119
C-WEU-PRT,Zone_3A Warm Humid,urb,mfh,sr12_low,30.49371463158119
C-EEU-ROU,Zone_5A Cool Humid,rur,mfh,sr12_low,27.626839934441467
C-EEU-ROU,Zone_5A Cool Humid,urb,mfh,sr12_low,27.626839934441467
C-EEU-ROU,Zone_6A Cold Humid,rur,mfh,sr12_low,27.626839934441467
C-EEU-ROU,Zone_6A Cold Humid,urb,mfh,sr12_low,27.626839934441467
C-EEU-ROU,Zone_4A Mixed Humid,rur,mfh,sr12_low,27.626839934441467
C-EEU-ROU,Zone_4A Mixed Humid,urb,mfh,sr12_low,27.626839934441467
C-WEU-SWE,Zone_6A Cold Humid,rur,mfh,sr12_low,3.702278187094096
C-WEU-SWE,Zone_6A Cold Humid,urb,mfh,sr12_low,3.702278187094096
C-WEU-SWE,Zone_5A Cool Humid,rur,mfh,sr12_low,3.702278187094096
C-WEU-SWE,Zone_5A Cool Humid,urb,mfh,sr12_low,3.702278187094096
C-WEU-SWE,Zone_7A Very cold Humid,rur,mfh,sr12_low,3.702278187094096
C-WEU-SWE,Zone_7A Very cold Humid,urb,mfh,sr12_low,3.702278187094096
C-WEU-SWE,Zone_8A Subarctic/arctic Humid,rur,mfh,sr12_low,3.702278187094096
C-WEU-SWE,Zone_8A Subarctic/arctic Humid,urb,mfh,sr12_low,3.702278187094096
C-EEU-SVN,Zone_4A Mixed Humid,rur,mfh,sr12_low,8.158140462654853
C-EEU-SVN,Zone_4A Mixed Humid,urb,mfh,sr12_low,8.158140462654853
C-EEU-SVN,Zone_5A Cool Humid,rur,mfh,sr12_low,8.158140462654853
C-EEU-SVN,Zone_5A Cool Humid,urb,mfh,sr12_low,8.158140462654853
C-EEU-SVN,Zone_7A Very cold Humid,rur,mfh,sr12_low,8.158140462654853
C-EEU-SVN,Zone_7A Very cold Humid,urb,mfh,sr12_low,8.158140462654853
C-EEU-SVK,Zone_5A Cool Humid,rur,mfh,sr12_low,13.011411105893451
C-EEU-SVK,Zone_5A Cool Humid,urb,mfh,sr12_low,13.011411105893451
C-EEU-SVK,Zone_6A Cold Humid,rur,mfh,sr12_low,13.011411105893451
C-EEU-SVK,Zone_6A Cold Humid,urb,mfh,sr12_low,13.011411105893451
C-WEU-AUT,Zone_5A Cool Humid,rur,sfh,sr12_low,7.446506178606282
C-WEU-AUT,Zone_5A Cool Humid,urb,sfh,sr12_low,7.446506178606282
C-WEU-AUT,Zone_4A Mixed Humid,rur,sfh,sr12_low,7.446506178606282
C-WEU-AUT,Zone_4A Mixed Humid,urb,sfh,sr12_low,7.446506178606282
C-WEU-AUT,Zone_6A Cold Humid,rur,sfh,sr12_low,7.446506178606282
C-WEU-AUT,Zone_6A Cold Humid,urb,sfh,sr12_low,7.446506178606282
C-WEU-AUT,Zone_7A Very cold Humid,rur,sfh,sr12_low,7.446506178606282
C-WEU-AUT,Zone_7A Very cold Humid,urb,sfh,sr12_low,7.446506178606282
C-WEU-BEL,Zone_4A Mixed Humid,rur,sfh,sr12_low,4.73214286
C-WEU-BEL,Zone_4A Mixed Humid,urb,sfh,sr12_low,4.73214286
C-WEU-BEL,Zone_5A Cool Humid,rur,sfh,sr12_low,4.73214286
C-WEU-BEL,Zone_5A Cool Humid,urb,sfh,sr12_low,4.73214286
C-EEU-BGR,Zone_4A Mixed Humid,rur,sfh,sr12_low,27.354485823130183
C-EEU-BGR,Zone_4A Mixed Humid,urb,sfh,sr12_low,27.354485823130183
C-EEU-BGR,Zone_5A Cool Humid,rur,sfh,sr12_low,27.354485823130183
C-EEU-BGR,Zone_5A Cool Humid,urb,sfh,sr12_low,27.354485823130183
C-WEU-CYP,Zone_3A Warm Humid,rur,sfh,sr12_low,45.59375
C-WEU-CYP,Zone_3A Warm Humid,urb,sfh,sr12_low,45.59375
C-EEU-CZE,Zone_5A Cool Humid,rur,sfh,sr12_low,7.30128205
C-EEU-CZE,Zone_5A Cool Humid,urb,sfh,sr12_low,7.30128205
C-WEU-DEU,Zone_5A Cool Humid,rur,sfh,sr12_low,7.032639955980212
C-WEU-DEU,Zone_5A Cool Humid,urb,sfh,sr12_low,7.032639955980212
C-WEU-DEU,Zone_4A Mixed Humid,rur,sfh,sr12_low,7.032639955980212
C-WEU-DEU,Zone_4A Mixed Humid,urb,sfh,sr12_low,7.032639955980212
C-WEU-DEU,Zone_6A Cold Humid,rur,sfh,sr12_low,7.032639955980212
C-WEU-DEU,Zone_6A Cold Humid,urb,sfh,sr12_low,7.032639955980212
C-WEU-DNK,Zone_5A Cool Humid,rur,sfh,sr12_low,2.703125
C-WEU-DNK,Zone_5A Cool Humid,urb,sfh,sr12_low,2.703125
C-EEU-EST,Zone_6A Cold Humid,rur,sfh,sr12_low,2.96590909
C-EEU-EST,Zone_6A Cold Humid,urb,sfh,sr12_low,2.96590909
C-WEU-GRC,Zone_3A Warm Humid,rur,sfh,sr12_low,49.55167289033145
C-WEU-GRC,Zone_3A Warm Humid,urb,sfh,sr12_low,49.55167289033145
C-WEU-GRC,Zone_4A Mixed Humid,rur,sfh,sr12_low,49.55167289033145
C-WEU-GRC,Zone_4A Mixed Humid,urb,sfh,sr12_low,49.55167289033145
C-WEU-GRC,Zone_4C Mixed Marine,rur,sfh,sr12_low,49.55167289033145
C-WEU-GRC,Zone_4C Mixed Marine,urb,sfh,sr12_low,49.55167289033145
C-WEU-GRC,Zone_5C Cool Marine,rur,sfh,sr12_low,49.55167289033145
C-WEU-GRC,Zone_5C Cool Marine,urb,sfh,sr12_low,49.55167289033145
C-WEU-GRC,Zone_5A Cool Humid,rur,sfh,sr12_low,49.55167289033145
C-WEU-GRC,Zone_5A Cool Humid,urb,sfh,sr12_low,49.55167289033145
C-WEU-ESP,Zone_3C Warm Marine,rur,sfh,sr12_low,39.66833875562057
C-WEU-ESP,Zone_3C Warm Marine,urb,sfh,sr12_low,39.66833875562057
C-WEU-ESP,Zone_4C Mixed Marine,rur,sfh,sr12_low,39.66833875562057
C-WEU-ESP,Zone_4C Mixed Marine,urb,sfh,sr12_low,39.66833875562057
C-WEU-ESP,Zone_4A Mixed Humid,rur,sfh,sr12_low,39.66833875562057
C-WEU-ESP,Zone_4A Mixed Humid,urb,sfh,sr12_low,39.66833875562057
C-WEU-ESP,Zone_3A Warm Humid,rur,sfh,sr12_low,39.66833875562057
C-WEU-ESP,Zone_3A Warm Humid,urb,sfh,sr12_low,39.66833875562057
C-WEU-ESP,Zone_3B Warm Dry,rur,sfh,sr12_low,39.66833875562057
C-WEU-ESP,Zone_3B Warm Dry,urb,sfh,sr12_low,39.66833875562057
C-WEU-ESP,Zone_2B Hot Dry,rur,sfh,sr12_low,39.66833875562057
C-WEU-ESP,Zone_2B Hot Dry,urb,sfh,sr12_low,39.66833875562057
C-WEU-FIN,Zone_6A Cold Humid,rur,sfh,sr12_low,0.9027975812014434
C-WEU-FIN,Zone_6A Cold Humid,urb,sfh,sr12_low,0.9027975812014434
C-WEU-FIN,Zone_7A Very cold Humid,rur,sfh,sr12_low,0.9027975812014434
C-WEU-FIN,Zone_7A Very cold Humid,urb,sfh,sr12_low,0.9027975812014434
C-WEU-FRA,Zone_4A Mixed Humid,rur,sfh,sr12_low,10.713453150899875
C-WEU-FRA,Zone_4A Mixed Humid,urb,sfh,sr12_low,10.713453150899875
C-WEU-FRA,Zone_5A Cool Humid,rur,sfh,sr12_low,10.713453150899875
C-WEU-FRA,Zone_5A Cool Humid,urb,sfh,sr12_low,10.713453150899875
C-WEU-FRA,Zone_3A Warm Humid,rur,sfh,sr12_low,10.713453150899875
C-WEU-FRA,Zone_3A Warm Humid,urb,sfh,sr12_low,10.713453150899875
C-WEU-FRA,Zone_7A Very cold Humid,rur,sfh,sr12_low,10.713453150899875
C-WEU-FRA,Zone_7A Very cold Humid,urb,sfh,sr12_low,10.713453150899875
C-WEU-FRA,Zone_4C Mixed Marine,rur,sfh,sr12_low,10.713453150899875
C-WEU-FRA,Zone_4C Mixed Marine,urb,sfh,sr12_low,10.713453150899875
C-WEU-FRA,Zone_3C Warm Marine,rur,sfh,sr12_low,10.713453150899875
C-WEU-FRA,Zone_3C Warm Marine,urb,sfh,sr12_low,10.713453150899875
C-WEU-FRA,Zone_1A Very hot Humid,rur,sfh,sr12_low,10.713453150899875
C-WEU-FRA,Zone_1A Very hot Humid,urb,sfh,sr12_low,10.713453150899875
C-WEU-FRA,Zone_2A Hot Humid,rur,sfh,sr12_low,10.713453150899875
C-WEU-FRA,Zone_2A Hot Humid,urb,sfh,sr12_low,10.713453150899875
C-WEU-FRA,Zone_0A Extremely hot Humid,rur,sfh,sr12_low,10.713453150899875
C-WEU-FRA,Zone_0A Extremely hot Humid,urb,sfh,sr12_low,10.713453150899875
C-EEU-HRV,Zone_4A Mixed Humid,rur,sfh,sr12_low,20.562541729612338
C-EEU-HRV,Zone_4A Mixed Humid,urb,sfh,sr12_low,20.562541729612338
C-EEU-HRV,Zone_5A Cool Humid,rur,sfh,sr12_low,20.562541729612338
C-EEU-HRV,Zone_5A Cool Humid,urb,sfh,sr12_low,20.562541729612338
C-EEU-HRV,Zone_4C Mixed Marine,rur,sfh,sr12_low,20.562541729612338
C-EEU-HRV,Zone_4C Mixed Marine,urb,sfh,sr12_low,20.562541729612338
C-EEU-HRV,Zone_3A Warm Humid,rur,sfh,sr12_low,20.562541729612338
C-EEU-HRV,Zone_3A Warm Humid,urb,sfh,sr12_low,20.562541729612338
C-EEU-HUN,Zone_4A Mixed Humid,rur,sfh,sr12_low,24.114524517854296
C-EEU-HUN,Zone_4A Mixed Humid,urb,sfh,sr12_low,24.114524517854296
C-EEU-HUN,Zone_5A Cool Humid,rur,sfh,sr12_low,24.114524517854296
C-EEU-HUN,Zone_5A Cool Humid,urb,sfh,sr12_low,24.114524517854296
C-WEU-IRL,Zone_5A Cool Humid,rur,sfh,sr12_low,0.0
C-WEU-IRL,Zone_5A Cool Humid,urb,sfh,sr12_low,0.0
C-WEU-IRL,Zone_4A Mixed Humid,rur,sfh,sr12_low,0.0
C-WEU-IRL,Zone_4A Mixed Humid,urb,sfh,sr12_low,0.0
C-WEU-ITA,Zone_4A Mixed Humid,rur,sfh,sr12_low,35.790391421332124
C-WEU-ITA,Zone_4A Mixed Humid,urb,sfh,sr12_low,35.790391421332124
C-WEU-ITA,Zone_5A Cool Humid,rur,sfh,sr12_low,35.790391421332124
C-WEU-ITA,Zone_5A Cool Humid,urb,sfh,sr12_low,35.790391421332124
C-WEU-ITA,Zone_7A Very cold Humid,rur,sfh,sr12_low,35.790391421332124
C-WEU-ITA,Zone_7A Very cold Humid,urb,sfh,sr12_low,35.790391421332124
C-WEU-ITA,Zone_6A Cold Humid,rur,sfh,sr12_low,35.790391421332124
C-WEU-ITA,Zone_6A Cold Humid,urb,sfh,sr12_low,35.790391421332124
C-WEU-ITA,Zone_3A Warm Humid,rur,sfh,sr12_low,35.790391421332124
C-WEU-ITA,Zone_3A Warm Humid,urb,sfh,sr12_low,35.790391421332124
C-WEU-ITA,Zone_4C Mixed Marine,rur,sfh,sr12_low,35.790391421332124
C-WEU-ITA,Zone_4C Mixed Marine,urb,sfh,sr12_low,35.790391421332124
C-WEU-ITA,Zone_5C Cool Marine,rur,sfh,sr12_low,35.790391421332124
C-WEU-ITA,Zone_5C Cool Marine,urb,sfh,sr12_low,35.790391421332124
C-EEU-LTU,Zone_6A Cold Humid,rur,sfh,sr12_low,7.26666667
C-EEU-LTU,Zone_6A Cold Humid,urb,sfh,sr12_low,7.26666667
C-EEU-LTU,Zone_5A Cool Humid,rur,sfh,sr12_low,7.26666667
C-EEU-LTU,Zone_5A Cool Humid,urb,sfh,sr12_low,7.26666667
C-WEU-LUX,Zone_5A Cool Humid,rur,sfh,sr12_low,3.625
C-WEU-LUX,Zone_5A Cool Humid,urb,sfh,sr12_low,3.625
C-EEU-LVA,Zone_6A Cold Humid,rur,sfh,sr12_low,4.96794872
C-EEU-LVA,Zone_6A Cold Humid,urb,sfh,sr12_low,4.96794872
C-WEU-MLT,Zone_3A Warm Humid,rur,sfh,sr12_low,38.125
C-WEU-MLT,Zone_3A Warm Humid,urb,sfh,sr12_low,38.125
C-WEU-NLD,Zone_5A Cool Humid,rur,sfh,sr12_low,3.007471325932538
C-WEU-NLD,Zone_5A Cool Humid,urb,sfh,sr12_low,3.007471325932538
C-WEU-NLD,Zone_4A Mixed Humid,rur,sfh,sr12_low,3.007471325932538
C-WEU-NLD,Zone_4A Mixed Humid,urb,sfh,sr12_low,3.007471325932538
C-EEU-POL,Zone_5A Cool Humid,rur,sfh,sr12_low,9.00609756
C-EEU-POL,Zone_5A Cool Humid,urb,sfh,sr12_low,9.00609756
C-EEU-POL,Zone_6A Cold Humid,rur,sfh,sr12_low,9.00609756
C-EEU-POL,Zone_6A Cold Humid,urb,sfh,sr12_low,9.00609756
C-WEU-PRT,Zone_3C Warm Marine,rur,sfh,sr12_low,25.804073565566938
C-WEU-PRT,Zone_3C Warm Marine,urb,sfh,sr12_low,25.804073565566938
C-WEU-PRT,Zone_4C Mixed Marine,rur,sfh,sr12_low,25.804073565566938
C-WEU-PRT,Zone_4C Mixed Marine,urb,sfh,sr12_low,25.804073565566938
C-WEU-PRT,Zone_4A Mixed Humid,rur,sfh,sr12_low,25.804073565566938
C-WEU-PRT,Zone_4A Mixed Humid,urb,sfh,sr12_low,25.804073565566938
C-WEU-PRT,Zone_3A Warm Humid,rur,sfh,sr12_low,25.804073565566938
C-WEU-PRT,Zone_3A Warm Humid,urb,sfh,sr12_low,25.804073565566938
C-EEU-ROU,Zone_5A Cool Humid,rur,sfh,sr12_low,21.826789689681732
C-EEU-ROU,Zone_5A Cool Humid,urb,sfh,sr12_low,21.826789689681732
C-EEU-ROU,Zone_6A Cold Humid,rur,sfh,sr12_low,21.826789689681732
C-EEU-ROU,Zone_6A Cold Humid,urb,sfh,sr12_low,21.826789689681732
C-EEU-ROU,Zone_4A Mixed Humid,rur,sfh,sr12_low,21.826789689681732
C-EEU-ROU,Zone_4A Mixed Humid,urb,sfh,sr12_low,21.826789689681732
C-WEU-SWE,Zone_6A Cold Humid,rur,sfh,sr12_low,2.586671939555703
C-WEU-SWE,Zone_6A Cold Humid,urb,sfh,sr12_low,2.586671939555703
C-WEU-SWE,Zone_5A Cool Humid,rur,sfh,sr12_low,2.586671939555703
C-WEU-SWE,Zone_5A Cool Humid,urb,sfh,sr12_low,2.586671939555703
C-WEU-SWE,Zone_7A Very cold Humid,rur,sfh,sr12_low,2.586671939555703
C-WEU-SWE,Zone_7A Very cold Humid,urb,sfh,sr12_low,2.586671939555703
C-WEU-SWE,Zone_8A Subarctic/arctic Humid,rur,sfh,sr12_low,2.586671939555703
C-WEU-SWE,Zone_8A Subarctic/arctic Humid,urb,sfh,sr12_low,2.586671939555703
C-EEU-SVN,Zone_4A Mixed Humid,rur,sfh,sr12_low,4.441248939307092
C-EEU-SVN,Zone_4A Mixed Humid,urb,sfh,sr12_low,4.441248939307092
C-EEU-SVN,Zone_5A Cool Humid,rur,sfh,sr12_low,4.441248939307092
C-EEU-SVN,Zone_5A Cool Humid,urb,sfh,sr12_low,4.441248939307092
C-EEU-SVN,Zone_7A Very cold Humid,rur,sfh,sr12_low,4.441248939307092
C-EEU-SVN,Zone_7A Very cold Humid,urb,sfh,sr12_low,4.441248939307092
C-EEU-SVK,Zone_5A Cool Humid,rur,sfh,sr12_low,9.477622331645254
C-EEU-SVK,Zone_5A Cool Humid,urb,sfh,sr12_low,9.477622331645254
C-EEU-SVK,Zone_6A Cold Humid,rur,sfh,sr12_low,9.477622331645254
C-EEU-SVK,Zone_6A Cold Humid,urb,sfh,sr12_low,9.477622331645254
C-WEU-AUT,Zone_5A Cool Humid,rur,mfh,sr21_std,11.780075415573231
C-WEU-AUT,Zone_5A Cool Humid,urb,mfh,sr21_std,11.780075415573231
C-WEU-AUT,Zone_4A Mixed Humid,rur,mfh,sr21_std,11.780075415573231
C-WEU-AUT,Zone_4A Mixed Humid,urb,mfh,sr21_std,11.780075415573231
C-WEU-AUT,Zone_6A Cold Humid,rur,mfh,sr21_std,11.780075415573231
C-WEU-AUT,Zone_6A Cold Humid,urb,mfh,sr21_std,11.780075415573231
C-WEU-AUT,Zone_7A Very cold Humid,rur,mfh,sr21_std,11.780075415573231
C-WEU-AUT,Zone_7A Very cold Humid,urb,mfh,sr21_std,11.780075415573231
C-WEU-BEL,Zone_4A Mixed Humid,rur,mfh,sr21_std,8.41071429
C-WEU-BEL,Zone_4A Mixed Humid,urb,mfh,sr21_std,8.41071429
C-WEU-BEL,Zone_5A Cool Humid,rur,mfh,sr21_std,8.41071429
C-WEU-BEL,Zone_5A Cool Humid,urb,mfh,sr21_std,8.41071429
C-EEU-BGR,Zone_4A Mixed Humid,rur,mfh,sr21_std,33.16739583606024
C-EEU-BGR,Zone_4A Mixed Humid,urb,mfh,sr21_std,33.16739583606024
C-EEU-BGR,Zone_5A Cool Humid,rur,mfh,sr21_std,33.16739583606024
C-EEU-BGR,Zone_5A Cool Humid,urb,mfh,sr21_std,33.16739583606024
C-WEU-CYP,Zone_3A Warm Humid,rur,mfh,sr21_std,51.28125
C-WEU-CYP,Zone_3A Warm Humid,urb,mfh,sr21_std,51.28125
C-EEU-CZE,Zone_5A Cool Humid,rur,mfh,sr21_std,10.74358974
C-EEU-CZE,Zone_5A Cool Humid,urb,mfh,sr21_std,10.74358974
C-WEU-DEU,Zone_5A Cool Humid,rur,mfh,sr21_std,10.89357555454541
C-WEU-DEU,Zone_5A Cool Humid,urb,mfh,sr21_std,10.89357555454541
C-WEU-DEU,Zone_4A Mixed Humid,rur,mfh,sr21_std,10.89357555454541
C-WEU-DEU,Zone_4A Mixed Humid,urb,mfh,sr21_std,10.89357555454541
C-WEU-DEU,Zone_6A Cold Humid,rur,mfh,sr21_std,10.89357555454541
C-WEU-DEU,Zone_6A Cold Humid,urb,mfh,sr21_std,10.89357555454541
C-WEU-DNK,Zone_5A Cool Humid,rur,mfh,sr21_std,4.72395833
C-WEU-DNK,Zone_5A Cool Humid,urb,mfh,sr21_std,4.72395833
C-EEU-EST,Zone_6A Cold Humid,rur,mfh,sr21_std,5.35227273
C-EEU-EST,Zone_6A Cold Humid,urb,mfh,sr21_std,5.35227273
C-WEU-GRC,Zone_3A Warm Humid,rur,mfh,sr21_std,57.3488919958559
C-WEU-GRC,Zone_3A Warm Humid,urb,mfh,sr21_std,57.3488919958559
C-WEU-GRC,Zone_4A Mixed Humid,rur,mfh,sr21_std,57.3488919958559
C-WEU-GRC,Zone_4A Mixed Humid,urb,mfh,sr21_std,57.3488919958559
C-WEU-GRC,Zone_4C Mixed Marine,rur,mfh,sr21_std,57.3488919958559
C-WEU-GRC,Zone_4C Mixed Marine,urb,mfh,sr21_std,57.3488919958559
C-WEU-GRC,Zone_5C Cool Marine,rur,mfh,sr21_std,57.3488919958559
C-WEU-GRC,Zone_5C Cool Marine,urb,mfh,sr21_std,57.3488919958559
C-WEU-GRC,Zone_5A Cool Humid,rur,mfh,sr21_std,57.3488919958559
C-WEU-GRC,Zone_5A Cool Humid,urb,mfh,sr21_std,57.3488919958559
C-WEU-ESP,Zone_3C Warm Marine,rur,mfh,sr21_std,46.47652485274899
C-WEU-ESP,Zone_3C Warm Marine,urb,mfh,sr21_std,46.47652485274899
C-WEU-ESP,Zone_4C Mixed Marine,rur,mfh,sr21_std,46.47652485274899
C-WEU-ESP,Zone_4C Mixed Marine,urb,mfh,sr21_std,46.47652485274899
C-WEU-ESP,Zone_4A Mixed Humid,rur,mfh,sr21_std,46.47652485274899
C-WEU-ESP,Zone_4A Mixed Humid,urb,mfh,sr21_std,46.47652485274899
C-WEU-ESP,Zone_3A Warm Humid,rur,mfh,sr21_std,46.47652485274899
C-WEU-ESP,Zone_3A Warm Humid,urb,mfh,sr21_std,46.47652485274899
C-WEU-ESP,Zone_3B Warm Dry,rur,mfh,sr21_std,46.47652485274899
C-WEU-ESP,Zone_3B Warm Dry,urb,mfh,sr21_std,46.47652485274899
C-WEU-ESP,Zone_2B Hot Dry,rur,mfh,sr21_std,46.47652485274899
C-WEU-ESP,Zone_2B Hot Dry,urb,mfh,sr21_std,46.47652485274899
C-WEU-FIN,Zone_6A Cold Humid,rur,mfh,sr21_std,3.027560067890562
C-WEU-FIN,Zone_6A Cold Humid,urb,mfh,sr21_std,3.027560067890562
C-WEU-FIN,Zone_7A Very cold Humid,rur,mfh,sr21_std,3.027560067890562
C-WEU-FIN,Zone_7A Very cold Humid,urb,mfh,sr21_std,3.027560067890562
C-WEU-FRA,Zone_4A Mixed Humid,rur,mfh,sr21_std,16.351327282145206
C-WEU-FRA,Zone_4A Mixed Humid,urb,mfh,sr21_std,16.351327282145206
C-WEU-FRA,Zone_5A Cool Humid,rur,mfh,sr21_std,16.351327282145206
C-WEU-FRA,Zone_5A Cool Humid,urb,mfh,sr21_std,16.351327282145206
C-WEU-FRA,Zone_3A Warm Humid,rur,mfh,sr21_std,16.351327282145206
C-WEU-FRA,Zone_3A Warm Humid,urb,mfh,sr21_std,16.351327282145206
C-WEU-FRA,Zone_7A Very cold Humid,rur,mfh,sr21_std,16.351327282145206
C-WEU-FRA,Zone_7A Very cold Humid,urb,mfh,sr21_std,16.351327282145206
C-WEU-FRA,Zone_4C Mixed Marine,rur,mfh,sr21_std,16.351327282145206
C-WEU-FRA,Zone_4C Mixed Marine,urb,mfh,sr21_std,16.351327282145206
C-WEU-FRA,Zone_3C Warm Marine,rur,mfh,sr21_std,16.351327282145206
C-WEU-FRA,Zone_3C Warm Marine,urb,mfh,sr21_std,16.351327282145206
C-WEU-FRA,Zone_1A Very hot Humid,rur,mfh,sr21_std,16.351327282145206
C-WEU-FRA,Zone_1A Very hot Humid,urb,mfh,sr21_std,16.351327282145206
C-WEU-FRA,Zone_2A Hot Humid,rur,mfh,sr21_std,16.351327282145206
C-WEU-FRA,Zone_2A Hot Humid,urb,mfh,sr21_std,16.351327282145206
C-WEU-FRA,Zone_0A Extremely hot Humid,rur,mfh,sr21_std,16.351327282145206
C-WEU-FRA,Zone_0A Extremely hot Humid,urb,mfh,sr21_std,16.351327282145206
C-EEU-HRV,Zone_4A Mixed Humid,rur,mfh,sr21_std,25.485280795241096
C-EEU-HRV,Zone_4A Mixed Humid,urb,mfh,sr21_std,25.485280795241096
C-EEU-HRV,Zone_5A Cool Humid,rur,mfh,sr21_std,25.485280795241096
C-EEU-HRV,Zone_5A Cool Humid,urb,mfh,sr21_std,25.485280795241096
C-EEU-HRV,Zone_4C Mixed Marine,rur,mfh,sr21_std,25.485280795241096
C-EEU-HRV,Zone_4C Mixed Marine,urb,mfh,sr21_std,25.485280795241096
C-EEU-HRV,Zone_3A Warm Humid,rur,mfh,sr21_std,25.485280795241096
C-EEU-HRV,Zone_3A Warm Humid,urb,mfh,sr21_std,25.485280795241096
C-EEU-HUN,Zone_4A Mixed Humid,rur,mfh,sr21_std,30.432563385526777
C-EEU-HUN,Zone_4A Mixed Humid,urb,mfh,sr21_std,30.432563385526777
C-EEU-HUN,Zone_5A Cool Humid,rur,mfh,sr21_std,30.432563385526777
C-EEU-HUN,Zone_5A Cool Humid,urb,mfh,sr21_std,30.432563385526777
C-WEU-IRL,Zone_5A Cool Humid,rur,mfh,sr21_std,0.0
C-WEU-IRL,Zone_5A Cool Humid,urb,mfh,sr21_std,0.0
C-WEU-IRL,Zone_4A Mixed Humid,rur,mfh,sr21_std,0.0
C-WEU-IRL,Zone_4A Mixed Humid,urb,mfh,sr21_std,0.0
C-WEU-ITA,Zone_4A Mixed Humid,rur,mfh,sr21_std,44.10488770444385
C-WEU-ITA,Zone_4A Mixed Humid,urb,mfh,sr21_std,44.10488770444385
C-WEU-ITA,Zone_5A Cool Humid,rur,mfh,sr21_std,44.10488770444385
C-WEU-ITA,Zone_5A Cool Humid,urb,mfh,sr21_std,44.10488770444385
C-WEU-ITA,Zone_7A Very cold Humid,rur,mfh,sr21_std,44.10488770444385
C-WEU-ITA,Zone_7A Very cold Humid,urb,mfh,sr21_std,44.10488770444385
C-WEU-ITA,Zone_6A Cold Humid,rur,mfh,sr21_std,44.10488770444385
C-WEU-ITA,Zone_6A Cold Humid,urb,mfh,sr21_std,44.10488770444385
C-WEU-ITA,Zone_3A Warm Humid,rur,mfh,sr21_std,44.10488770444385
C-WEU-ITA,Zone_3A Warm Humid,urb,mfh,sr21_std,44.10488770444385
C-WEU-ITA,Zone_4C Mixed Marine,rur,mfh,sr21_std,44.10488770444385
C-WEU-ITA,Zone_4C Mixed Marine,urb,mfh,sr21_std,44.10488770444385
C-WEU-ITA,Zone_5C Cool Marine,rur,mfh,sr21_std,44.10488770444385
C-WEU-ITA,Zone_5C Cool Marine,urb,mfh,sr21_std,44.10488770444385
C-EEU-LTU,Zone_6A Cold Humid,rur,mfh,sr21_std,9.95833333
C-EEU-LTU,Zone_6A Cold Humid,urb,mfh,sr21_std,9.95833333
C-EEU-LTU,Zone_5A Cool Humid,rur,mfh,sr21_std,9.95833333
C-EEU-LTU,Zone_5A Cool Humid,urb,mfh,sr21_std,9.95833333
C-WEU-LUX,Zone_5A Cool Humid,rur,mfh,sr21_std,7.000000000000001
C-WEU-LUX,Zone_5A Cool Humid,urb,mfh,sr21_std,7.000000000000001
C-EEU-LVA,Zone_6A Cold Humid,rur,mfh,sr21_std,7.698717950000001
C-EEU-LVA,Zone_6A Cold Humid,urb,mfh,sr21_std,7.698717950000001
C-WEU-MLT,Zone_3A Warm Humid,rur,mfh,sr21_std,41.25
C-WEU-MLT,Zone_3A Warm Humid,urb,mfh,sr21_std,41.25
C-WEU-NLD,Zone_5A Cool Humid,rur,mfh,sr21_std,5.145643792729612
C-WEU-NLD,Zone_5A Cool Humid,urb,mfh,sr21_std,5.145643792729612
C-WEU-NLD,Zone_4A Mixed Humid,rur,mfh,sr21_std,5.145643792729612
C-WEU-NLD,Zone_4A Mixed Humid,urb,mfh,sr21_std,5.145643792729612
C-EEU-POL,Zone_5A Cool Humid,rur,mfh,sr21_std,12.2347561
C-EEU-POL,Zone_5A Cool Humid,urb,mfh,sr21_std,12.2347561
C-EEU-POL,Zone_6A Cold Humid,rur,mfh,sr21_std,12.2347561
C-EEU-POL,Zone_6A Cold Humid,urb,mfh,sr21_std,12.2347561
C-WEU-PRT,Zone_3C Warm Marine,rur,mfh,sr21_std,34.46069136508869
C-WEU-PRT,Zone_3C Warm Marine,urb,mfh,sr21_std,34.46069136508869
C-WEU-PRT,Zone_4C Mixed Marine,rur,mfh,sr21_std,34.46069136508869
C-WEU-PRT,Zone_4C Mixed Marine,urb,mfh,sr21_std,34.46069136508869
C-WEU-PRT,Zone_4A Mixed Humid,rur,mfh,sr21_std,34.46069136508869
C-WEU-PRT,Zone_4A Mixed Humid,urb,mfh,sr21_std,34.46069136508869
C-WEU-PRT,Zone_3A Warm Humid,rur,mfh,sr21_std,34.46069136508869
C-WEU-PRT,Zone_3A Warm Humid,urb,mfh,sr21_std,34.46069136508869
C-EEU-ROU,Zone_5A Cool Humid,rur,mfh,sr21_std,27.23980969951889
C-EEU-ROU,Zone_5A Cool Humid,urb,mfh,sr21_std,27.23980969951889
C-EEU-ROU,Zone_6A Cold Humid,rur,mfh,sr21_std,27.23980969951889
C-EEU-ROU,Zone_6A Cold Humid,urb,mfh,sr21_std,27.23980969951889
C-EEU-ROU,Zone_4A Mixed Humid,rur,mfh,sr21_std,27.23980969951889
C-EEU-ROU,Zone_4A Mixed Humid,urb,mfh,sr21_std,27.23980969951889
C-WEU-SWE,Zone_6A Cold Humid,rur,mfh,sr21_std,4.944141597629097
C-WEU-SWE,Zone_6A Cold Humid,urb,mfh,sr21_std,4.944141597629097
C-WEU-SWE,Zone_5A Cool Humid,rur,mfh,sr21_std,4.944141597629097
C-WEU-SWE,Zone_5A Cool Humid,urb,mfh,sr21_std,4.944141597629097
C-WEU-SWE,Zone_7A Very cold Humid,rur,mfh,sr21_std,4.944141597629097
C-WEU-SWE,Zone_7A Very cold Humid,urb,mfh,sr21_std,4.944141597629097
C-WEU-SWE,Zone_8A Subarctic/arctic Humid,rur,mfh,sr21_std,4.944141597629097
C-WEU-SWE,Zone_8A Subarctic/arctic Humid,urb,mfh,sr21_std,4.944141597629097
C-EEU-SVN,Zone_4A Mixed Humid,rur,mfh,sr21_std,7.899228238368542
C-EEU-SVN,Zone_4A Mixed Humid,urb,mfh,sr21_std,7.899228238368542
C-EEU-SVN,Zone_5A Cool Humid,rur,mfh,sr21_std,7.899228238368542
C-EEU-SVN,Zone_5A Cool Humid,urb,mfh,sr21_std,7.899228238368542
C-EEU-SVN,Zone_7A Very cold Humid,rur,mfh,sr21_std,7.899228238368542
C-EEU-SVN,Zone_7A Very cold Humid,urb,mfh,sr21_std,7.899228238368542
C-EEU-SVK,Zone_5A Cool Humid,rur,mfh,sr21_std,12.820954558454668
C-EEU-SVK,Zone_5A Cool Humid,urb,mfh,sr21_std,12.820954558454668
C-EEU-SVK,Zone_6A Cold Humid,rur,mfh,sr21_std,12.820954558454668
C-EEU-SVK,Zone_6A Cold Humid,urb,mfh,sr21_std,12.820954558454668
C-WEU-AUT,Zone_5A Cool Humid,rur,sfh,sr21_std,8.180836674528358
C-WEU-AUT,Zone_5A Cool Humid,urb,sfh,sr21_std,8.180836674528358
C-WEU-AUT,Zone_4A Mixed Humid,rur,sfh,sr21_std,8.180836674528358
C-WEU-AUT,Zone_4A Mixed Humid,urb,sfh,sr21_std,8.180836674528358
C-WEU-AUT,Zone_6A Cold Humid,rur,sfh,sr21_std,8.180836674528358
C-WEU-AUT,Zone_6A Cold Humid,urb,sfh,sr21_std,8.180836674528358
C-WEU-AUT,Zone_7A Very cold Humid,rur,sfh,sr21_std,8.180836674528358
C-WEU-AUT,Zone_7A Very cold Humid,urb,sfh,sr21_std,8.180836674528358
C-WEU-BEL,Zone_4A Mixed Humid,rur,sfh,sr21_std,5.42857143
C-WEU-BEL,Zone_4A Mixed Humid,urb,sfh,sr21_std,5.42857143
C-WEU-BEL,Zone_5A Cool Humid,rur,sfh,sr21_std,5.42857143
C-WEU-BEL,Zone_5A Cool Humid,urb,sfh,sr21_std,5.42857143
C-EEU-BGR,Zone_4A Mixed Humid,rur,sfh,sr21_std,24.987158866904807
C-EEU-BGR,Zone_4A Mixed Humid,urb,sfh,sr21_std,24.987158866904807
C-EEU-BGR,Zone_5A Cool Humid,rur,sfh,sr21_std,24.987158866904807
C-EEU-BGR,Zone_5A Cool Humid,urb,sfh,sr21_std,24.987158866904807
C-WEU-CYP,Zone_3A Warm Humid,rur,sfh,sr21_std,46.875
C-WEU-CYP,Zone_3A Warm Humid,urb,sfh,sr21_std,46.875
C-EEU-CZE,Zone_5A Cool Humid,rur,sfh,sr21_std,6.30769231
C-EEU-CZE,Zone_5A Cool Humid,urb,sfh,sr21_std,6.30769231
C-WEU-DEU,Zone_5A Cool Humid,rur,sfh,sr21_std,7.673884523434988
C-WEU-DEU,Zone_5A Cool Humid,urb,sfh,sr21_std,7.673884523434988
C-WEU-DEU,Zone_4A Mixed Humid,rur,sfh,sr21_std,7.673884523434988
C-WEU-DEU,Zone_4A Mixed Humid,urb,sfh,sr21_std,7.673884523434988
C-WEU-DEU,Zone_6A Cold Humid,rur,sfh,sr21_std,7.673884523434988
C-WEU-DEU,Zone_6A Cold Humid,urb,sfh,sr21_std,7.673884523434988
C-WEU-DNK,Zone_5A Cool Humid,rur,sfh,sr21_std,3.046875
C-WEU-DNK,Zone_5A Cool Humid,urb,sfh,sr21_std,3.046875
C-EEU-EST,Zone_6A Cold Humid,rur,sfh,sr21_std,2.27840909
C-EEU-EST,Zone_6A Cold Humid,urb,sfh,sr21_std,2.27840909
C-WEU-GRC,Zone_3A Warm Humid,rur,sfh,sr21_std,51.079793123538266
C-WEU-GRC,Zone_3A Warm Humid,urb,sfh,sr21_std,51.079793123538266
C-WEU-GRC,Zone_4A Mixed Humid,rur,sfh,sr21_std,51.079793123538266
C-WEU-GRC,Zone_4A Mixed Humid,urb,sfh,sr21_std,51.079793123538266
C-WEU-GRC,Zone_4C Mixed Marine,rur,sfh,sr21_std,51.079793123538266
C-WEU-GRC,Zone_4C Mixed Marine,urb,sfh,sr21_std,51.079793123538266
C-WEU-GRC,Zone_5C Cool Marine,rur,sfh,sr21_std,51.079793123538266
C-WEU-GRC,Zone_5C Cool Marine,urb,sfh,sr21_std,51.079793123538266
C-WEU-GRC,Zone_5A Cool Humid,rur,sfh,sr21_std,51.079793123538266
C-WEU-GRC,Zone_5A Cool Humid,urb,sfh,sr21_std,51.079793123538266
C-WEU-ESP,Zone_3C Warm Marine,rur,sfh,sr21_std,40.8795697844409
C-WEU-ESP,Zone_3C Warm Marine,urb,sfh,sr21_std,40.8795697844409
C-WEU-ESP,Zone_4C Mixed Marine,rur,sfh,sr21_std,40.8795697844409
C-WEU-ESP,Zone_4C Mixed Marine,urb,sfh,sr21_std,40.8795697844409
C-WEU-ESP,Zone_4A Mixed Humid,rur,sfh,sr21_std,40.8795697844409
C-WEU-ESP,Zone_4A Mixed Humid,urb,sfh,sr21_std,40.8795697844409
C-WEU-ESP,Zone_3A Warm Humid,rur,sfh,sr21_std,40.8795697844409
C-WEU-ESP,Zone_3A Warm Humid,urb,sfh,sr21_std,40.8795697844409
C-WEU-ESP,Zone_3B Warm Dry,rur,sfh,sr21_std,40.8795697844409
C-WEU-ESP,Zone_3B Warm Dry,urb,sfh,sr21_std,40.8795697844409
C-WEU-ESP,Zone_2B Hot Dry,rur,sfh,sr21_std,40.8795697844409
C-WEU-ESP,Zone_2B Hot Dry,urb,sfh,sr21_std,40.8795697844409
C-WEU-FIN,Zone_6A Cold Humid,rur,sfh,sr21_std,1.1720774971971042
C-WEU-FIN,Zone_6A Cold Humid,urb,sfh,sr21_std,1.1720774971971042
C-WEU-FIN,Zone_7A Very cold Humid,rur,sfh,sr21_std,1.1720774971971042
C-WEU-FIN,Zone_7A Very cold Humid,urb,sfh,sr21_std,1.1720774971971042
C-WEU-FRA,Zone_4A Mixed Humid,rur,sfh,sr21_std,11.597063799843337
C-WEU-FRA,Zone_4A Mixed Humid,urb,sfh,sr21_std,11.597063799843337
C-WEU-FRA,Zone_5A Cool Humid,rur,sfh,sr21_std,11.597063799843337
C-WEU-FRA,Zone_5A Cool Humid,urb,sfh,sr21_std,11.597063799843337
C-WEU-FRA,Zone_3A Warm Humid,rur,sfh,sr21_std,11.597063799843337
C-WEU-FRA,Zone_3A Warm Humid,urb,sfh,sr21_std,11.597063799843337
C-WEU-FRA,Zone_7A Very cold Humid,rur,sfh,sr21_std,11.597063799843337
C-WEU-FRA,Zone_7A Very cold Humid,urb,sfh,sr21_std,11.597063799843337
C-WEU-FRA,Zone_4C Mixed Marine,rur,sfh,sr21_std,11.597063799843337
C-WEU-FRA,Zone_4C Mixed Marine,urb,sfh,sr21_std,11.597063799843337
C-WEU-FRA,Zone_3C Warm Marine,rur,sfh,sr21_std,11.597063799843337
C-WEU-FRA,Zone_3C Warm Marine,urb,sfh,sr21_std,11.597063799843337
C-WEU-FRA,Zone_1A Very hot Humid,rur,sfh,sr21_std,11.597063799843337
C-WEU-FRA,Zone_1A Very hot Humid,urb,sfh,sr21_std,11.597063799843337
C-WEU-FRA,Zone_2A Hot Humid,rur,sfh,sr21_std,11.597063799843337
C-WEU-FRA,Zone_2A Hot Humid,urb,sfh,sr21_std,11.597063799843337
C-WEU-FRA,Zone_0A Extremely hot Humid,rur,sfh,sr21_std,11.597063799843337
C-WEU-FRA,Zone_0A Extremely hot Humid,urb,sfh,sr21_std,11.597063799843337
C-EEU-HRV,Zone_4A Mixed Humid,rur,sfh,sr21_std,21.251784547752358
C-EEU-HRV,Zone_4A Mixed Humid,urb,sfh,sr21_std,21.251784547752358
C-EEU-HRV,Zone_5A Cool Humid,rur,sfh,sr21_std,21.251784547752358
C-EEU-HRV,Zone_5A Cool Humid,urb,sfh,sr21_std,21.251784547752358
C-EEU-HRV,Zone_4C Mixed Marine,rur,sfh,sr21_std,21.251784547752358
C-EEU-HRV,Zone_4C Mixed Marine,urb,sfh,sr21_std,21.251784547752358
C-EEU-HRV,Zone_3A Warm Humid,rur,sfh,sr21_std,21.251784547752358
C-EEU-HRV,Zone_3A Warm Humid,urb,sfh,sr21_std,21.251784547752358
C-EEU-HUN,Zone_4A Mixed Humid,rur,sfh,sr21_std,22.30746050321411
C-EEU-HUN,Zone_4A Mixed Humid,urb,sfh,sr21_std,22.30746050321411
C-EEU-HUN,Zone_5A Cool Humid,rur,sfh,sr21_std,22.30746050321411
C-EEU-HUN,Zone_5A Cool Humid,urb,sfh,sr21_std,22.30746050321411
C-WEU-IRL,Zone_5A Cool Humid,rur,sfh,sr21_std,0.0
C-WEU-IRL,Zone_5A Cool Humid,urb,sfh,sr21_std,0.0
C-WEU-IRL,Zone_4A Mixed Humid,rur,sfh,sr21_std,0.0
C-WEU-IRL,Zone_4A Mixed Humid,urb,sfh,sr21_std,0.0
C-WEU-ITA,Zone_4A Mixed Humid,rur,sfh,sr21_std,37.29998118428215
C-WEU-ITA,Zone_4A Mixed Humid,urb,sfh,sr21_std,37.29998118428215
C-WEU-ITA,Zone_5A Cool Humid,rur,sfh,sr21_std,37.29998118428215
C-WEU-ITA,Zone_5A Cool Humid,urb,sfh,sr21_std,37.29998118428215
C-WEU-ITA,Zone_7A Very cold Humid,rur,sfh,sr21_std,37.29998118428215
C-WEU-ITA,Zone_7A Very cold Humid,urb,sfh,sr21_std,37.29998118428215
C-WEU-ITA,Zone_6A Cold Humid,rur,sfh,sr21_std,37.29998118428215
C-WEU-ITA,Zone_6A Cold Humid,urb,sfh,sr21_std,37.29998118428215
C-WEU-ITA,Zone_3A Warm Humid,rur,sfh,sr21_std,37.29998118428215
C-WEU-ITA,Zone_3A Warm Humid,urb,sfh,sr21_std,37.29998118428215
C-WEU-ITA,Zone_4C Mixed Marine,rur,sfh,sr21_std,37.29998118428215
C-WEU-ITA,Zone_4C Mixed Marine,urb,sfh,sr21_std,37.29998118428215
C-WEU-ITA,Zone_5C Cool Marine,rur,sfh,sr21_std,37.29998118428215
C-WEU-ITA,Zone_5C Cool Marine,urb,sfh,sr21_std,37.29998118428215
C-EEU-LTU,Zone_6A Cold Humid,rur,sfh,sr21_std,6.54166667
C-EEU-LTU,Zone_6A Cold Humid,urb,sfh,sr21_std,6.54166667
C-EEU-LTU,Zone_5A Cool Humid,rur,sfh,sr21_std,6.54166667
C-EEU-LTU,Zone_5A Cool Humid,urb,sfh,sr21_std,6.54166667
C-WEU-LUX,Zone_5A Cool Humid,rur,sfh,sr21_std,4.250000000000001
C-WEU-LUX,Zone_5A Cool Humid,urb,sfh,sr21_std,4.250000000000001
C-EEU-LVA,Zone_6A Cold Humid,rur,sfh,sr21_std,4.30769231
C-EEU-LVA,Zone_6A Cold Humid,urb,sfh,sr21_std,4.30769231
C-WEU-MLT,Zone_3A Warm Humid,rur,sfh,sr21_std,39.125
C-WEU-MLT,Zone_3A Warm Humid,urb,sfh,sr21_std,39.125
C-WEU-NLD,Zone_5A Cool Humid,rur,sfh,sr21_std,3.3325504324596813
C-WEU-NLD,Zone_5A Cool Humid,urb,sfh,sr21_std,3.3325504324596813
C-WEU-NLD,Zone_4A Mixed Humid,rur,sfh,sr21_std,3.3325504324596813
C-WEU-NLD,Zone_4A Mixed Humid,urb,sfh,sr21_std,3.3325504324596813
C-EEU-POL,Zone_5A Cool Humid,rur,sfh,sr21_std,8.04420732
C-EEU-POL,Zone_5A Cool Humid,urb,sfh,sr21_std,8.04420732
C-EEU-POL,Zone_6A Cold Humid,rur,sfh,sr21_std,8.04420732
C-EEU-POL,Zone_6A Cold Humid,urb,sfh,sr21_std,8.04420732
C-WEU-PRT,Zone_3C Warm Marine,rur,sfh,sr21_std,27.57651273941706
C-WEU-PRT,Zone_3C Warm Marine,urb,sfh,sr21_std,27.57651273941706
C-WEU-PRT,Zone_4C Mixed Marine,rur,sfh,sr21_std,27.57651273941706
C-WEU-PRT,Zone_4C Mixed Marine,urb,sfh,sr21_std,27.57651273941706
C-WEU-PRT,Zone_4A Mixed Humid,rur,sfh,sr21_std,27.57651273941706
C-WEU-PRT,Zone_4A Mixed Humid,urb,sfh,sr21_std,27.57651273941706
C-WEU-PRT,Zone_3A Warm Humid,rur,sfh,sr21_std,27.57651273941706
C-WEU-PRT,Zone_3A Warm Humid,urb,sfh,sr21_std,27.57651273941706
C-EEU-ROU,Zone_5A Cool Humid,rur,sfh,sr21_std,20.033555260132108
C-EEU-ROU,Zone_5A Cool Humid,urb,sfh,sr21_std,20.033555260132108
C-EEU-ROU,Zone_6A Cold Humid,rur,sfh,sr21_std,20.033555260132108
C-EEU-ROU,Zone_6A Cold Humid,urb,sfh,sr21_std,20.033555260132108
C-EEU-ROU,Zone_4A Mixed Humid,rur,sfh,sr21_std,20.033555260132108
C-EEU-ROU,Zone_4A Mixed Humid,urb,sfh,sr21_std,20.033555260132108
C-WEU-SWE,Zone_6A Cold Humid,rur,sfh,sr21_std,2.971440262234897
C-WEU-SWE,Zone_6A Cold Humid,urb,sfh,sr21_std,2.971440262234897
C-WEU-SWE,Zone_5A Cool Humid,rur,sfh,sr21_std,2.971440262234897
C-WEU-SWE,Zone_5A Cool Humid,urb,sfh,sr21_std,2.971440262234897
C-WEU-SWE,Zone_7A Very cold Humid,rur,sfh,sr21_std,2.971440262234897
C-WEU-SWE,Zone_7A Very cold Humid,urb,sfh,sr21_std,2.971440262234897
C-WEU-SWE,Zone_8A Subarctic/arctic Humid,rur,sfh,sr21_std,2.971440262234897
C-WEU-SWE,Zone_8A Subarctic/arctic Humid,urb,sfh,sr21_std,2.971440262234897
C-EEU-SVN,Zone_4A Mixed Humid,rur,sfh,sr21_std,3.477229204486766
C-EEU-SVN,Zone_4A Mixed Humid,urb,sfh,sr21_std,3.477229204486766
C-EEU-SVN,Zone_5A Cool Humid,rur,sfh,sr21_std,3.477229204486766
C-EEU-SVN,Zone_5A Cool Humid,urb,sfh,sr21_std,3.477229204486766
C-EEU-SVN,Zone_7A Very cold Humid,rur,sfh,sr21_std,3.477229204486766
C-EEU-SVN,Zone_7A Very cold Humid,urb,sfh,sr21_std,3.477229204486766
C-EEU-SVK,Zone_5A Cool Humid,rur,sfh,sr21_std,8.522990936782408
C-EEU-SVK,Zone_5A Cool Humid,urb,sfh,sr21_std,8.522990936782408
C-EEU-SVK,Zone_6A Cold Humid,rur,sfh,sr21_std,8.522990936782408
C-EEU-SVK,Zone_6A Cold Humid,urb,sfh,sr21_std,8.522990936782408
C-WEU-AUT,Zone_5A Cool Humid,rur,mfh,sr22_low,11.780075415573231
C-WEU-AUT,Zone_5A Cool Humid,urb,mfh,sr22_low,11.780075415573231
C-WEU-AUT,Zone_4A Mixed Humid,rur,mfh,sr22_low,11.780075415573231
C-WEU-AUT,Zone_4A Mixed Humid,urb,mfh,sr22_low,11.780075415573231
C-WEU-AUT,Zone_6A Cold Humid,rur,mfh,sr22_low,11.780075415573231
C-WEU-AUT,Zone_6A Cold Humid,urb,mfh,sr22_low,11.780075415573231
C-WEU-AUT,Zone_7A Very cold Humid,rur,mfh,sr22_low,11.780075415573231
C-WEU-AUT,Zone_7A Very cold Humid,urb,mfh,sr22_low,11.780075415573231
C-WEU-BEL,Zone_4A Mixed Humid,rur,mfh,sr22_low,8.41071429
C-WEU-BEL,Zone_4A Mixed Humid,urb,mfh,sr22_low,8.41071429
C-WEU-BEL,Zone_5A Cool Humid,rur,mfh,sr22_low,8.41071429
C-WEU-BEL,Zone_5A Cool Humid,urb,mfh,sr22_low,8.41071429
C-EEU-BGR,Zone_4A Mixed Humid,rur,mfh,sr22_low,33.16739583606024
C-EEU-BGR,Zone_4A Mixed Humid,urb,mfh,sr22_low,33.16739583606024
C-EEU-BGR,Zone_5A Cool Humid,rur,mfh,sr22_low,33.16739583606024
C-EEU-BGR,Zone_5A Cool Humid,urb,mfh,sr22_low,33.16739583606024
C-WEU-CYP,Zone_3A Warm Humid,rur,mfh,sr22_low,51.28125
C-WEU-CYP,Zone_3A Warm Humid,urb,mfh,sr22_low,51.28125
C-EEU-CZE,Zone_5A Cool Humid,rur,mfh,sr22_low,10.74358974
C-EEU-CZE,Zone_5A Cool Humid,urb,mfh,sr22_low,10.74358974
C-WEU-DEU,Zone_5A Cool Humid,rur,mfh,sr22_low,10.89357555454541
C-WEU-DEU,Zone_5A Cool Humid,urb,mfh,sr22_low,10.89357555454541
C-WEU-DEU,Zone_4A Mixed Humid,rur,mfh,sr22_low,10.89357555454541
C-WEU-DEU,Zone_4A Mixed Humid,urb,mfh,sr22_low,10.89357555454541
C-WEU-DEU,Zone_6A Cold Humid,rur,mfh,sr22_low,10.89357555454541
C-WEU-DEU,Zone_6A Cold Humid,urb,mfh,sr22_low,10.89357555454541
C-WEU-DNK,Zone_5A Cool Humid,rur,mfh,sr22_low,4.72395833
C-WEU-DNK,Zone_5A Cool Humid,urb,mfh,sr22_low,4.72395833
C-EEU-EST,Zone_6A Cold Humid,rur,mfh,sr22_low,5.35227273
C-EEU-EST,Zone_6A Cold Humid,urb,mfh,sr22_low,5.35227273
C-WEU-GRC,Zone_3A Warm Humid,rur,mfh,sr22_low,57.375860699055345
C-WEU-GRC,Zone_3A Warm Humid,urb,mfh,sr22_low,57.375860699055345
C-WEU-GRC,Zone_4A Mixed Humid,rur,mfh,sr22_low,57.375860699055345
C-WEU-GRC,Zone_4A Mixed Humid,urb,mfh,sr22_low,57.375860699055345
C-WEU-GRC,Zone_4C Mixed Marine,rur,mfh,sr22_low,57.375860699055345
C-WEU-GRC,Zone_4C Mixed Marine,urb,mfh,sr22_low,57.375860699055345
C-WEU-GRC,Zone_5C Cool Marine,rur,mfh,sr22_low,57.375860699055345
C-WEU-GRC,Zone_5C Cool Marine,urb,mfh,sr22_low,57.375860699055345
C-WEU-GRC,Zone_5A Cool Humid,rur,mfh,sr22_low,57.375860699055345
C-WEU-GRC,Zone_5A Cool Humid,urb,mfh,sr22_low,57.375860699055345
C-WEU-ESP,Zone_3C Warm Marine,rur,mfh,sr22_low,46.47652485274899
C-WEU-ESP,Zone_3C Warm Marine,urb,mfh,sr22_low,46.47652485274899
C-WEU-ESP,Zone_4C Mixed Marine,rur,mfh,sr22_low,46.47652485274899
C-WEU-ESP,Zone_4C Mixed Marine,urb,mfh,sr22_low,46.47652485274899
C-WEU-ESP,Zone_4A Mixed Humid,rur,mfh,sr22_low,46.47652485274899
C-WEU-ESP,Zone_4A Mixed Humid,urb,mfh,sr22_low,46.47652485274899
C-WEU-ESP,Zone_3A Warm Humid,rur,mfh,sr22_low,46.47652485274899
C-WEU-ESP,Zone_3A Warm Humid,urb,mfh,sr22_low,46.47652485274899
C-WEU-ESP,Zone_3B Warm Dry,rur,mfh,sr22_low,46.47652485274899
C-WEU-ESP,Zone_3B Warm Dry,urb,mfh,sr22_low,46.47652485274899
C-WEU-ESP,Zone_2B Hot Dry,rur,mfh,sr22_low,46.47652485274899
C-WEU-ESP,Zone_2B Hot Dry,urb,mfh,sr22_low,46.47652485274899
C-WEU-FIN,Zone_6A Cold Humid,rur,mfh,sr22_low,3.027560067890562
C-WEU-FIN,Zone_6A Cold Humid,urb,mfh,sr22_low,3.027560067890562
C-WEU-FIN,Zone_7A Very cold Humid,rur,mfh,sr22_low,3.027560067890562
C-WEU-FIN,Zone_7A Very cold Humid,urb,mfh,sr22_low,3.027560067890562
C-WEU-FRA,Zone_4A Mixed Humid,rur,mfh,sr22_low,16.35874978563713
C-WEU-FRA,Zone_4A Mixed Humid,urb,mfh,sr22_low,16.35874978563713
C-WEU-FRA,Zone_5A Cool Humid,rur,mfh,sr22_low,16.35874978563713
C-WEU-FRA,Zone_5A Cool Humid,urb,mfh,sr22_low,16.35874978563713
C-WEU-FRA,Zone_3A Warm Humid,rur,mfh,sr22_low,16.35874978563713
C-WEU-FRA,Zone_3A Warm Humid,urb,mfh,sr22_low,16.35874978563713
C-WEU-FRA,Zone_7A Very cold Humid,rur,mfh,sr22_low,16.35874978563713
C-WEU-FRA,Zone_7A Very cold Humid,urb,mfh,sr22_low,16.35874978563713
C-WEU-FRA,Zone_4C Mixed Marine,rur,mfh,sr22_low,16.35874978563713
C-WEU-FRA,Zone_4C Mixed Marine,urb,mfh,sr22_low,16.35874978563713
C-WEU-FRA,Zone_3C Warm Marine,rur,mfh,sr22_low,16.35874978563713
C-WEU-FRA,Zone_3C Warm Marine,urb,mfh,sr22_low,16.35874978563713
C-WEU-FRA,Zone_1A Very hot Humid,rur,mfh,sr22_low,16.35874978563713
C-WEU-FRA,Zone_1A Very hot Humid,urb,mfh,sr22_low,16.35874978563713
C-WEU-FRA,Zone_2A Hot Humid,rur,mfh,sr22_low,16.35874978563713
C-WEU-FRA,Zone_2A Hot Humid,urb,mfh,sr22_low,16.35874978563713
C-WEU-FRA,Zone_0A Extremely hot Humid,rur,mfh,sr22_low,16.35874978563713
C-WEU-FRA,Zone_0A Extremely hot Humid,urb,mfh,sr22_low,16.35874978563713
C-EEU-HRV,Zone_4A Mixed Humid,rur,mfh,sr22_low,16.780509208695563
C-EEU-HRV,Zone_4A Mixed Humid,urb,mfh,sr22_low,16.780509208695563
C-EEU-HRV,Zone_5A Cool Humid,rur,mfh,sr22_low,16.780509208695563
C-EEU-HRV,Zone_5A Cool Humid,urb,mfh,sr22_low,16.780509208695563
C-EEU-HRV,Zone_4C Mixed Marine,rur,mfh,sr22_low,16.780509208695563
C-EEU-HRV,Zone_4C Mixed Marine,urb,mfh,sr22_low,16.780509208695563
C-EEU-HRV,Zone_3A Warm Humid,rur,mfh,sr22_low,16.780509208695563
C-EEU-HRV,Zone_3A Warm Humid,urb,mfh,sr22_low,16.780509208695563
C-EEU-HUN,Zone_4A Mixed Humid,rur,mfh,sr22_low,30.432563385526777
C-EEU-HUN,Zone_4A Mixed Humid,urb,mfh,sr22_low,30.432563385526777
C-EEU-HUN,Zone_5A Cool Humid,rur,mfh,sr22_low,30.432563385526777
C-EEU-HUN,Zone_5A Cool Humid,urb,mfh,sr22_low,30.432563385526777
C-WEU-IRL,Zone_5A Cool Humid,rur,mfh,sr22_low,0.0
C-WEU-IRL,Zone_5A Cool Humid,urb,mfh,sr22_low,0.0
C-WEU-IRL,Zone_4A Mixed Humid,rur,mfh,sr22_low,0.0
C-WEU-IRL,Zone_4A Mixed Humid,urb,mfh,sr22_low,0.0
C-WEU-ITA,Zone_4A Mixed Humid,rur,mfh,sr22_low,44.10488770444385
C-WEU-ITA,Zone_4A Mixed Humid,urb,mfh,sr22_low,44.10488770444385
C-WEU-ITA,Zone_5A Cool Humid,rur,mfh,sr22_low,44.10488770444385
C-WEU-ITA,Zone_5A Cool Humid,urb,mfh,sr22_low,44.10488770444385
C-WEU-ITA,Zone_7A Very cold Humid,rur,mfh,sr22_low,44.10488770444385
C-WEU-ITA,Zone_7A Very cold Humid,urb,mfh,sr22_low,44.10488770444385
C-WEU-ITA,Zone_6A Cold Humid,rur,mfh,sr22_low,44.10488770444385
C-WEU-ITA,Zone_6A Cold Humid,urb,mfh,sr22_low,44.10488770444385
C-WEU-ITA,Zone_3A Warm Humid,rur,mfh,sr22_low,44.10488770444385
C-WEU-ITA,Zone_3A Warm Humid,urb,mfh,sr22_low,44.10488770444385
C-WEU-ITA,Zone_4C Mixed Marine,rur,mfh,sr22_low,44.10488770444385
C-WEU-ITA,Zone_4C Mixed Marine,urb,mfh,sr22_low,44.10488770444385
C-WEU-ITA,Zone_5C Cool Marine,rur,mfh,sr22_low,44.10488770444385
C-WEU-ITA,Zone_5C Cool Marine,urb,mfh,sr22_low,44.10488770444385
C-EEU-LTU,Zone_6A Cold Humid,rur,mfh,sr22_low,9.95833333
C-EEU-LTU,Zone_6A Cold Humid,urb,mfh,sr22_low,9.95833333
C-EEU-LTU,Zone_5A Cool Humid,rur,mfh,sr22_low,9.95833333
C-EEU-LTU,Zone_5A Cool Humid,urb,mfh,sr22_low,9.95833333
C-WEU-LUX,Zone_5A Cool Humid,rur,mfh,sr22_low,7.000000000000001
C-WEU-LUX,Zone_5A Cool Humid,urb,mfh,sr22_low,7.000000000000001
C-EEU-LVA,Zone_6A Cold Humid,rur,mfh,sr22_low,7.698717950000001
C-EEU-LVA,Zone_6A Cold Humid,urb,mfh,sr22_low,7.698717950000001
C-WEU-MLT,Zone_3A Warm Humid,rur,mfh,sr22_low,41.25
C-WEU-MLT,Zone_3A Warm Humid,urb,mfh,sr22_low,41.25
C-WEU-NLD,Zone_5A Cool Humid,rur,mfh,sr22_low,5.145643792729612
C-WEU-NLD,Zone_5A Cool Humid,urb,mfh,sr22_low,5.145643792729612
C-WEU-NLD,Zone_4A Mixed Humid,rur,mfh,sr22_low,5.145643792729612
C-WEU-NLD,Zone_4A Mixed Humid,urb,mfh,sr22_low,5.145643792729612
C-EEU-POL,Zone_5A Cool Humid,rur,mfh,sr22_low,12.2347561
C-EEU-POL,Zone_5A Cool Humid,urb,mfh,sr22_low,12.2347561
C-EEU-POL,Zone_6A Cold Humid,rur,mfh,sr22_low,12.2347561
C-EEU-POL,Zone_6A Cold Humid,urb,mfh,sr22_low,12.2347561
C-WEU-PRT,Zone_3C Warm Marine,rur,mfh,sr22_low,34.46069136508869
C-WEU-PRT,Zone_3C Warm Marine,urb,mfh,sr22_low,34.46069136508869
C-WEU-PRT,Zone_4C Mixed Marine,rur,mfh,sr22_low,34.46069136508869
C-WEU-PRT,Zone_4C Mixed Marine,urb,mfh,sr22_low,34.46069136508869
C-WEU-PRT,Zone_4A Mixed Humid,rur,mfh,sr22_low,34.46069136508869
C-WEU-PRT,Zone_4A Mixed Humid,urb,mfh,sr22_low,34.46069136508869
C-WEU-PRT,Zone_3A Warm Humid,rur,mfh,sr22_low,34.46069136508869
C-WEU-PRT,Zone_3A Warm Humid,urb,mfh,sr22_low,34.46069136508869
C-EEU-ROU,Zone_5A Cool Humid,rur,mfh,sr22_low,27.23980969951889
C-EEU-ROU,Zone_5A Cool Humid,urb,mfh,sr22_low,27.23980969951889
C-EEU-ROU,Zone_6A Cold Humid,rur,mfh,sr22_low,27.23980969951889
C-EEU-ROU,Zone_6A Cold Humid,urb,mfh,sr22_low,27.23980969951889
C-EEU-ROU,Zone_4A Mixed Humid,rur,mfh,sr22_low,27.23980969951889
C-EEU-ROU,Zone_4A Mixed Humid,urb,mfh,sr22_low,27.23980969951889
C-WEU-SWE,Zone_6A Cold Humid,rur,mfh,sr22_low,4.944141597629097
C-WEU-SWE,Zone_6A Cold Humid,urb,mfh,sr22_low,4.944141597629097
C-WEU-SWE,Zone_5A Cool Humid,rur,mfh,sr22_low,4.944141597629097
C-WEU-SWE,Zone_5A Cool Humid,urb,mfh,sr22_low,4.944141597629097
C-WEU-SWE,Zone_7A Very cold Humid,rur,mfh,sr22_low,4.944141597629097
C-WEU-SWE,Zone_7A Very cold Humid,urb,mfh,sr22_low,4.944141597629097
C-WEU-SWE,Zone_8A Subarctic/arctic Humid,rur,mfh,sr22_low,4.944141597629097
C-WEU-SWE,Zone_8A Subarctic/arctic Humid,urb,mfh,sr22_low,4.944141597629097
C-EEU-SVN,Zone_4A Mixed Humid,rur,mfh,sr22_low,7.899228238368542
C-EEU-SVN,Zone_4A Mixed Humid,urb,mfh,sr22_low,7.899228238368542
C-EEU-SVN,Zone_5A Cool Humid,rur,mfh,sr22_low,7.899228238368542
C-EEU-SVN,Zone_5A Cool Humid,urb,mfh,sr22_low,7.899228238368542
C-EEU-SVN,Zone_7A Very cold Humid,rur,mfh,sr22_low,7.899228238368542
C-EEU-SVN,Zone_7A Very cold Humid,urb,mfh,sr22_low,7.899228238368542
C-EEU-SVK,Zone_5A Cool Humid,rur,mfh,sr22_low,12.820954558454668
C-EEU-SVK,Zone_5A Cool Humid,urb,mfh,sr22_low,12.820954558454668
C-EEU-SVK,Zone_6A Cold Humid,rur,mfh,sr22_low,12.820954558454668
C-EEU-SVK,Zone_6A Cold Humid,urb,mfh,sr22_low,12.820954558454668
C-WEU-AUT,Zone_5A Cool Humid,rur,sfh,sr22_low,8.180836674528358
C-WEU-AUT,Zone_5A Cool Humid,urb,sfh,sr22_low,8.180836674528358
C-WEU-AUT,Zone_4A Mixed Humid,rur,sfh,sr22_low,8.180836674528358
C-WEU-AUT,Zone_4A Mixed Humid,urb,sfh,sr22_low,8.180836674528358
C-WEU-AUT,Zone_6A Cold Humid,rur,sfh,sr22_low,8.180836674528358
C-WEU-AUT,Zone_6A Cold Humid,urb,sfh,sr22_low,8.180836674528358
C-WEU-AUT,Zone_7A Very cold Humid,rur,sfh,sr22_low,8.180836674528358
C-WEU-AUT,Zone_7A Very cold Humid,urb,sfh,sr22_low,8.180836674528358
C-WEU-BEL,Zone_4A Mixed Humid,rur,sfh,sr22_low,5.42857143
C-WEU-BEL,Zone_4A Mixed Humid,urb,sfh,sr22_low,5.42857143
C-WEU-BEL,Zone_5A Cool Humid,rur,sfh,sr22_low,5.42857143
C-WEU-BEL,Zone_5A Cool Humid,urb,sfh,sr22_low,5.42857143
C-EEU-BGR,Zone_4A Mixed Humid,rur,sfh,sr22_low,24.987158866904807
C-EEU-BGR,Zone_4A Mixed Humid,urb,sfh,sr22_low,24.987158866904807
C-EEU-BGR,Zone_5A Cool Humid,rur,sfh,sr22_low,24.987158866904807
C-EEU-BGR,Zone_5A Cool Humid,urb,sfh,sr22_low,24.987158866904807
C-WEU-CYP,Zone_3A Warm Humid,rur,sfh,sr22_low,46.875
C-WEU-CYP,Zone_3A Warm Humid,urb,sfh,sr22_low,46.875
C-EEU-CZE,Zone_5A Cool Humid,rur,sfh,sr22_low,6.30769231
C-EEU-CZE,Zone_5A Cool Humid,urb,sfh,sr22_low,6.30769231
C-WEU-DEU,Zone_5A Cool Humid,rur,sfh,sr22_low,7.673884523434988
C-WEU-DEU,Zone_5A Cool Humid,urb,sfh,sr22_low,7.673884523434988
C-WEU-DEU,Zone_4A Mixed Humid,rur,sfh,sr22_low,7.673884523434988
C-WEU-DEU,Zone_4A Mixed Humid,urb,sfh,sr22_low,7.673884523434988
C-WEU-DEU,Zone_6A Cold Humid,rur,sfh,sr22_low,7.673884523434988
C-WEU-DEU,Zone_6A Cold Humid,urb,sfh,sr22_low,7.673884523434988
C-WEU-DNK,Zone_5A Cool Humid,rur,sfh,sr22_low,3.046875
C-WEU-DNK,Zone_5A Cool Humid,urb,sfh,sr22_low,3.046875
C-EEU-EST,Zone_6A Cold Humid,rur,sfh,sr22_low,2.27840909
C-EEU-EST,Zone_6A Cold Humid,urb,sfh,sr22_low,2.27840909
C-WEU-GRC,Zone_3A Warm Humid,rur,sfh,sr22_low,51.08808355178028
C-WEU-GRC,Zone_3A Warm Humid,urb,sfh,sr22_low,51.08808355178028
C-WEU-GRC,Zone_4A Mixed Humid,rur,sfh,sr22_low,51.08808355178028
C-WEU-GRC,Zone_4A Mixed Humid,urb,sfh,sr22_low,51.08808355178028
C-WEU-GRC,Zone_4C Mixed Marine,rur,sfh,sr22_low,51.08808355178028
C-WEU-GRC,Zone_4C Mixed Marine,urb,sfh,sr22_low,51.08808355178028
C-WEU-GRC,Zone_5C Cool Marine,rur,sfh,sr22_low,51.08808355178028
C-WEU-GRC,Zone_5C Cool Marine,urb,sfh,sr22_low,51.08808355178028
C-WEU-GRC,Zone_5A Cool Humid,rur,sfh,sr22_low,51.08808355178028
C-WEU-GRC,Zone_5A Cool Humid,urb,sfh,sr22_low,51.08808355178028
C-WEU-ESP,Zone_3C Warm Marine,rur,sfh,sr22_low,40.8795697844409
C-WEU-ESP,Zone_3C Warm Marine,urb,sfh,sr22_low,40.8795697844409
C-WEU-ESP,Zone_4C Mixed Marine,rur,sfh,sr22_low,40.8795697844409
C-WEU-ESP,Zone_4C Mixed Marine,urb,sfh,sr22_low,40.8795697844409
C-WEU-ESP,Zone_4A Mixed Humid,rur,sfh,sr22_low,40.8795697844409
C-WEU-ESP,Zone_4A Mixed Humid,urb,sfh,sr22_low,40.8795697844409
C-WEU-ESP,Zone_3A Warm Humid,rur,sfh,sr22_low,40.8795697844409
C-WEU-ESP,Zone_3A Warm Humid,urb,sfh,sr22_low,40.8795697844409
C-WEU-ESP,Zone_3B Warm Dry,rur,sfh,sr22_low,40.8795697844409
C-WEU-ESP,Zone_3B Warm Dry,urb,sfh,sr22_low,40.8795697844409
C-WEU-ESP,Zone_2B Hot Dry,rur,sfh,sr22_low,40.8795697844409
C-WEU-ESP,Zone_2B Hot Dry,urb,sfh,sr22_low,40.8795697844409
C-WEU-FIN,Zone_6A Cold Humid,rur,sfh,sr22_low,1.1720774971971042
C-WEU-FIN,Zone_6A Cold Humid,urb,sfh,sr22_low,1.1720774971971042
C-WEU-FIN,Zone_7A Very cold Humid,rur,sfh,sr22_low,1.1720774971971042
C-WEU-FIN,Zone_7A Very cold Humid,urb,sfh,sr22_low,1.1720774971971042
C-WEU-FRA,Zone_4A Mixed Humid,rur,sfh,sr22_low,11.597063799843337
C-WEU-FRA,Zone_4A Mixed Humid,urb,sfh,sr22_low,11.597063799843337
C-WEU-FRA,Zone_5A Cool Humid,rur,sfh,sr22_low,11.597063799843337
C-WEU-FRA,Zone_5A Cool Humid,urb,sfh,sr22_low,11.597063799843337
C-WEU-FRA,Zone_3A Warm Humid,rur,sfh,sr22_low,11.597063799843337
C-WEU-FRA,Zone_3A Warm Humid,urb,sfh,sr22_low,11.597063799843337
C-WEU-FRA,Zone_7A Very cold Humid,rur,sfh,sr22_low,11.597063799843337
C-WEU-FRA,Zone_7A Very cold Humid,urb,sfh,sr22_low,11.597063799843337
C-WEU-FRA,Zone_4C Mixed Marine,rur,sfh,sr22_low,11.597063799843337
C-WEU-FRA,Zone_4C Mixed Marine,urb,sfh,sr22_low,11.597063799843337
C-WEU-FRA,Zone_3C Warm Marine,rur,sfh,sr22_low,11.597063799843337
C-WEU-FRA,Zone_3C Warm Marine,urb,sfh,sr22_low,11.597063799843337
C-WEU-FRA,Zone_1A Very hot Humid,rur,sfh,sr22_low,11.597063799843337
C-WEU-FRA,Zone_1A Very hot Humid,urb,sfh,sr22_low,11.597063799843337
C-WEU-FRA,Zone_2A Hot Humid,rur,sfh,sr22_low,11.597063799843337
C-WEU-FRA,Zone_2A Hot Humid,urb,sfh,sr22_low,11.597063799843337
C-WEU-FRA,Zone_0A Extremely hot Humid,rur,sfh,sr22_low,11.597063799843337
C-WEU-FRA,Zone_0A Extremely hot Humid,urb,sfh,sr22_low,11.597063799843337
C-EEU-HRV,Zone_4A Mixed Humid,rur,sfh,sr22_low,6.585564198996756
C-EEU-HRV,Zone_4A Mixed Humid,urb,sfh,sr22_low,6.585564198996756
C-EEU-HRV,Zone_5A Cool Humid,rur,sfh,sr22_low,6.585564198996756
C-EEU-HRV,Zone_5A Cool Humid,urb,sfh,sr22_low,6.585564198996756
C-EEU-HRV,Zone_4C Mixed Marine,rur,sfh,sr22_low,6.585564198996756
C-EEU-HRV,Zone_4C Mixed Marine,urb,sfh,sr22_low,6.585564198996756
C-EEU-HRV,Zone_3A Warm Humid,rur,sfh,sr22_low,6.585564198996756
C-EEU-HRV,Zone_3A Warm Humid,urb,sfh,sr22_low,6.585564198996756
C-EEU-HUN,Zone_4A Mixed Humid,rur,sfh,sr22_low,22.30746050321411
C-EEU-HUN,Zone_4A Mixed Humid,urb,sfh,sr22_low,22.30746050321411
C-EEU-HUN,Zone_5A Cool Humid,rur,sfh,sr22_low,22.30746050321411
C-EEU-HUN,Zone_5A Cool Humid,urb,sfh,sr22_low,22.30746050321411
C-WEU-IRL,Zone_5A Cool Humid,rur,sfh,sr22_low,0.0
C-WEU-IRL,Zone_5A Cool Humid,urb,sfh,sr22_low,0.0
C-WEU-IRL,Zone_4A Mixed Humid,rur,sfh,sr22_low,0.0
C-WEU-IRL,Zone_4A Mixed Humid,urb,sfh,sr22_low,0.0
C-WEU-ITA,Zone_4A Mixed Humid,rur,sfh,sr22_low,37.29998118428215
C-WEU-ITA,Zone_4A Mixed Humid,urb,sfh,sr22_low,37.29998118428215
C-WEU-ITA,Zone_5A Cool Humid,rur,sfh,sr22_low,37.29998118428215
C-WEU-ITA,Zone_5A Cool Humid,urb,sfh,sr22_low,37.29998118428215
C-WEU-ITA,Zone_7A Very cold Humid,rur,sfh,sr22_low,37.29998118428215
C-WEU-ITA,Zone_7A Very cold Humid,urb,sfh,sr22_low,37.29998118428215
C-WEU-ITA,Zone_6A Cold Humid,rur,sfh,sr22_low,37.29998118428215
C-WEU-ITA,Zone_6A Cold Humid,urb,sfh,sr22_low,37.29998118428215
C-WEU-ITA,Zone_3A Warm Humid,rur,sfh,sr22_low,37.29998118428215
C-WEU-ITA,Zone_3A Warm Humid,urb,sfh,sr22_low,37.29998118428215
C-WEU-ITA,Zone_4C Mixed Marine,rur,sfh,sr22_low,37.29998118428215
C-WEU-ITA,Zone_4C Mixed Marine,urb,sfh,sr22_low,37.29998118428215
C-WEU-ITA,Zone_5C Cool Marine,rur,sfh,sr22_low,37.29998118428215
C-WEU-ITA,Zone_5C Cool Marine,urb,sfh,sr22_low,37.29998118428215
C-EEU-LTU,Zone_6A Cold Humid,rur,sfh,sr22_low,6.54166667
C-EEU-LTU,Zone_6A Cold Humid,urb,sfh,sr22_low,6.54166667
C-EEU-LTU,Zone_5A Cool Humid,rur,sfh,sr22_low,6.54166667
C-EEU-LTU,Zone_5A Cool Humid,urb,sfh,sr22_low,6.54166667
C-WEU-LUX,Zone_5A Cool Humid,rur,sfh,sr22_low,4.250000000000001
C-WEU-LUX,Zone_5A Cool Humid,urb,sfh,sr22_low,4.250000000000001
C-EEU-LVA,Zone_6A Cold Humid,rur,sfh,sr22_low,4.30769231
C-EEU-LVA,Zone_6A Cold Humid,urb,sfh,sr22_low,4.30769231
C-WEU-MLT,Zone_3A Warm Humid,rur,sfh,sr22_low,39.125
C-WEU-MLT,Zone_3A Warm Humid,urb,sfh,sr22_low,39.125
C-WEU-NLD,Zone_5A Cool Humid,rur,sfh,sr22_low,3.3325504324596813
C-WEU-NLD,Zone_5A Cool Humid,urb,sfh,sr22_low,3.3325504324596813
C-WEU-NLD,Zone_4A Mixed Humid,rur,sfh,sr22_low,3.3325504324596813
C-WEU-NLD,Zone_4A Mixed Humid,urb,sfh,sr22_low,3.3325504324596813
C-EEU-POL,Zone_5A Cool Humid,rur,sfh,sr22_low,8.04420732
C-EEU-POL,Zone_5A Cool Humid,urb,sfh,sr22_low,8.04420732
C-EEU-POL,Zone_6A Cold Humid,rur,sfh,sr22_low,8.04420732
C-EEU-POL,Zone_6A Cold Humid,urb,sfh,sr22_low,8.04420732
C-WEU-PRT,Zone_3C Warm Marine,rur,sfh,sr22_low,27.57651273941706
C-WEU-PRT,Zone_3C Warm Marine,urb,sfh,sr22_low,27.57651273941706
C-WEU-PRT,Zone_4C Mixed Marine,rur,sfh,sr22_low,27.57651273941706
C-WEU-PRT,Zone_4C Mixed Marine,urb,sfh,sr22_low,27.57651273941706
C-WEU-PRT,Zone_4A Mixed Humid,rur,sfh,sr22_low,27.57651273941706
C-WEU-PRT,Zone_4A Mixed Humid,urb,sfh,sr22_low,27.57651273941706
C-WEU-PRT,Zone_3A Warm Humid,rur,sfh,sr22_low,27.57651273941706
C-WEU-PRT,Zone_3A Warm Humid,urb,sfh,sr22_low,27.57651273941706
C-EEU-ROU,Zone_5A Cool Humid,rur,sfh,sr22_low,20.033555260132108
C-EEU-ROU,Zone_5A Cool Humid,urb,sfh,sr22_low,20.033555260132108
C-EEU-ROU,Zone_6A Cold Humid,rur,sfh,sr22_low,20.033555260132108
C-EEU-ROU,Zone_6A Cold Humid,urb,sfh,sr22_low,20.033555260132108
C-EEU-ROU,Zone_4A Mixed Humid,rur,sfh,sr22_low,20.033555260132108
C-EEU-ROU,Zone_4A Mixed Humid,urb,sfh,sr22_low,20.033555260132108
C-WEU-SWE,Zone_6A Cold Humid,rur,sfh,sr22_low,2.971440262234897
C-WEU-SWE,Zone_6A Cold Humid,urb,sfh,sr22_low,2.971440262234897
C-WEU-SWE,Zone_5A Cool Humid,rur,sfh,sr22_low,2.971440262234897
C-WEU-SWE,Zone_5A Cool Humid,urb,sfh,sr22_low,2.971440262234897
C-WEU-SWE,Zone_7A Very cold Humid,rur,sfh,sr22_low,2.971440262234897
C-WEU-SWE,Zone_7A Very cold Humid,urb,sfh,sr22_low,2.971440262234897
C-WEU-SWE,Zone_8A Subarctic/arctic Humid,rur,sfh,sr22_low,2.971440262234897
C-WEU-SWE,Zone_8A Subarctic/arctic Humid,urb,sfh,sr22_low,2.971440262234897
C-EEU-SVN,Zone_4A Mixed Humid,rur,sfh,sr22_low,3.477229204486766
C-EEU-SVN,Zone_4A Mixed Humid,urb,sfh,sr22_low,3.477229204486766
C-EEU-SVN,Zone_5A Cool Humid,rur,sfh,sr22_low,3.477229204486766
C-EEU-SVN,Zone_5A Cool Humid,urb,sfh,sr22_low,3.477229204486766
C-EEU-SVN,Zone_7A Very cold Humid,rur,sfh,sr22_low,3.477229204486766
C-EEU-SVN,Zone_7A Very cold Humid,urb,sfh,sr22_low,3.477229204486766
C-EEU-SVK,Zone_5A Cool Humid,rur,sfh,sr22_low,8.522990936782408
C-EEU-SVK,Zone_5A Cool Humid,urb,sfh,sr22_low,8.522990936782408
C-EEU-SVK,Zone_6A Cold Humid,rur,sfh,sr22_low,8.522990936782408
C-EEU-SVK,Zone_6A Cold Humid,urb,sfh,sr22_low,8.522990936782408
C-WEU-AUT,Zone_5A Cool Humid,rur,mfh,sr31_std,17.060540335812213
C-WEU-AUT,Zone_5A Cool Humid,urb,mfh,sr31_std,17.060540335812213
C-WEU-AUT,Zone_4A Mixed Humid,rur,mfh,sr31_std,17.060540335812213
C-WEU-AUT,Zone_4A Mixed Humid,urb,mfh,sr31_std,17.060540335812213
C-WEU-AUT,Zone_6A Cold Humid,rur,mfh,sr31_std,17.060540335812213
C-WEU-AUT,Zone_6A Cold Humid,urb,mfh,sr31_std,17.060540335812213
C-WEU-AUT,Zone_7A Very cold Humid,rur,mfh,sr31_std,17.060540335812213
C-WEU-AUT,Zone_7A Very cold Humid,urb,mfh,sr31_std,17.060540335812213
C-WEU-BEL,Zone_4A Mixed Humid,rur,mfh,sr31_std,13.76785714
C-WEU-BEL,Zone_4A Mixed Humid,urb,mfh,sr31_std,13.76785714
C-WEU-BEL,Zone_5A Cool Humid,rur,mfh,sr31_std,13.76785714
C-WEU-BEL,Zone_5A Cool Humid,urb,mfh,sr31_std,13.76785714
C-EEU-BGR,Zone_4A Mixed Humid,rur,mfh,sr31_std,38.655863831025734
C-EEU-BGR,Zone_4A Mixed Humid,urb,mfh,sr31_std,38.655863831025734
C-EEU-BGR,Zone_5A Cool Humid,rur,mfh,sr31_std,38.655863831025734
C-EEU-BGR,Zone_5A Cool Humid,urb,mfh,sr31_std,38.655863831025734
C-WEU-CYP,Zone_3A Warm Humid,rur,mfh,sr31_std,55.9375
C-WEU-CYP,Zone_3A Warm Humid,urb,mfh,sr31_std,55.9375
C-EEU-CZE,Zone_5A Cool Humid,rur,mfh,sr31_std,13.96794872
C-EEU-CZE,Zone_5A Cool Humid,urb,mfh,sr31_std,13.96794872
C-WEU-DEU,Zone_5A Cool Humid,rur,mfh,sr31_std,15.7389788708759
C-WEU-DEU,Zone_5A Cool Humid,urb,mfh,sr31_std,15.7389788708759
C-WEU-DEU,Zone_4A Mixed Humid,rur,mfh,sr31_std,15.7389788708759
C-WEU-DEU,Zone_4A Mixed Humid,urb,mfh,sr31_std,15.7389788708759
C-WEU-DEU,Zone_6A Cold Humid,rur,mfh,sr31_std,15.7389788708759
C-WEU-DEU,Zone_6A Cold Humid,urb,mfh,sr31_std,15.7389788708759
C-WEU-DNK,Zone_5A Cool Humid,rur,mfh,sr31_std,7.72916667
C-WEU-DNK,Zone_5A Cool Humid,urb,mfh,sr31_std,7.72916667
C-EEU-EST,Zone_6A Cold Humid,rur,mfh,sr31_std,7.92613636
C-EEU-EST,Zone_6A Cold Humid,urb,mfh,sr31_std,7.92613636
C-WEU-GRC,Zone_3A Warm Humid,rur,mfh,sr31_std,64.36587012371686
C-WEU-GRC,Zone_3A Warm Humid,urb,mfh,sr31_std,64.36587012371686
C-WEU-GRC,Zone_4A Mixed Humid,rur,mfh,sr31_std,64.36587012371686
C-WEU-GRC,Zone_4A Mixed Humid,urb,mfh,sr31_std,64.36587012371686
C-WEU-GRC,Zone_4C Mixed Marine,rur,mfh,sr31_std,64.36587012371686
C-WEU-GRC,Zone_4C Mixed Marine,urb,mfh,sr31_std,64.36587012371686
C-WEU-GRC,Zone_5C Cool Marine,rur,mfh,sr31_std,64.36587012371686
C-WEU-GRC,Zone_5C Cool Marine,urb,mfh,sr31_std,64.36587012371686
C-WEU-GRC,Zone_5A Cool Humid,rur,mfh,sr31_std,64.36587012371686
C-WEU-GRC,Zone_5A Cool Humid,urb,mfh,sr31_std,64.36587012371686
C-WEU-ESP,Zone_3C Warm Marine,rur,mfh,sr31_std,53.37518918990272
C-WEU-ESP,Zone_3C Warm Marine,urb,mfh,sr31_std,53.37518918990272
C-WEU-ESP,Zone_4C Mixed Marine,rur,mfh,sr31_std,53.37518918990272
C-WEU-ESP,Zone_4C Mixed Marine,urb,mfh,sr31_std,53.37518918990272
C-WEU-ESP,Zone_4A Mixed Humid,rur,mfh,sr31_std,53.37518918990272
C-WEU-ESP,Zone_4A Mixed Humid,urb,mfh,sr31_std,53.37518918990272
C-WEU-ESP,Zone_3A Warm Humid,rur,mfh,sr31_std,53.37518918990272
C-WEU-ESP,Zone_3A Warm Humid,urb,mfh,sr31_std,53.37518918990272
C-WEU-ESP,Zone_3B Warm Dry,rur,mfh,sr31_std,53.37518918990272
C-WEU-ESP,Zone_3B Warm Dry,urb,mfh,sr31_std,53.37518918990272
C-WEU-ESP,Zone_2B Hot Dry,rur,mfh,sr31_std,53.37518918990272
C-WEU-ESP,Zone_2B Hot Dry,urb,mfh,sr31_std,53.37518918990272
C-WEU-FIN,Zone_6A Cold Humid,rur,mfh,sr31_std,5.968694105050731
C-WEU-FIN,Zone_6A Cold Humid,urb,mfh,sr31_std,5.968694105050731
C-WEU-FIN,Zone_7A Very cold Humid,rur,mfh,sr31_std,5.968694105050731
C-WEU-FIN,Zone_7A Very cold Humid,urb,mfh,sr31_std,5.968694105050731
C-WEU-FRA,Zone_4A Mixed Humid,rur,mfh,sr31_std,24.178476621914275
C-WEU-FRA,Zone_4A Mixed Humid,urb,mfh,sr31_std,24.178476621914275
C-WEU-FRA,Zone_5A Cool Humid,rur,mfh,sr31_std,24.178476621914275
C-WEU-FRA,Zone_5A Cool Humid,urb,mfh,sr31_std,24.178476621914275
C-WEU-FRA,Zone_3A Warm Humid,rur,mfh,sr31_std,24.178476621914275
C-WEU-FRA,Zone_3A Warm Humid,urb,mfh,sr31_std,24.178476621914275
C-WEU-FRA,Zone_7A Very cold Humid,rur,mfh,sr31_std,24.178476621914275
C-WEU-FRA,Zone_7A Very cold Humid,urb,mfh,sr31_std,24.178476621914275
C-WEU-FRA,Zone_4C Mixed Marine,rur,mfh,sr31_std,24.178476621914275
C-WEU-FRA,Zone_4C Mixed Marine,urb,mfh,sr31_std,24.178476621914275
C-WEU-FRA,Zone_3C Warm Marine,rur,mfh,sr31_std,24.178476621914275
C-WEU-FRA,Zone_3C Warm Marine,urb,mfh,sr31_std,24.178476621914275
C-WEU-FRA,Zone_1A Very hot Humid,rur,mfh,sr31_std,24.178476621914275
C-WEU-FRA,Zone_1A Very hot Humid,urb,mfh,sr31_std,24.178476621914275
C-WEU-FRA,Zone_2A Hot Humid,rur,mfh,sr31_std,24.178476621914275
C-WEU-FRA,Zone_2A Hot Humid,urb,mfh,sr31_std,24.178476621914275
C-WEU-FRA,Zone_0A Extremely hot Humid,rur,mfh,sr31_std,24.178476621914275
C-WEU-FRA,Zone_0A Extremely hot Humid,urb,mfh,sr31_std,24.178476621914275
C-EEU-HRV,Zone_4A Mixed Humid,rur,mfh,sr31_std,11.976929772992655
C-EEU-HRV,Zone_4A Mixed Humid,urb,mfh,sr31_std,11.976929772992655
C-EEU-HRV,Zone_5A Cool Humid,rur,mfh,sr31_std,11.976929772992655
C-EEU-HRV,Zone_5A Cool Humid,urb,mfh,sr31_std,11.976929772992655
C-EEU-HRV,Zone_4C Mixed Marine,rur,mfh,sr31_std,11.976929772992655
C-EEU-HRV,Zone_4C Mixed Marine,urb,mfh,sr31_std,11.976929772992655
C-EEU-HRV,Zone_3A Warm Humid,rur,mfh,sr31_std,11.976929772992655
C-EEU-HRV,Zone_3A Warm Humid,urb,mfh,sr31_std,11.976929772992655
C-EEU-HUN,Zone_4A Mixed Humid,rur,mfh,sr31_std,37.49242694666317
C-EEU-HUN,Zone_4A Mixed Humid,urb,mfh,sr31_std,37.49242694666317
C-EEU-HUN,Zone_5A Cool Humid,rur,mfh,sr31_std,37.49242694666317
C-EEU-HUN,Zone_5A Cool Humid,urb,mfh,sr31_std,37.49242694666317
C-WEU-IRL,Zone_5A Cool Humid,rur,mfh,sr31_std,0.02272727
C-WEU-IRL,Zone_5A Cool Humid,urb,mfh,sr31_std,0.02272727
C-WEU-IRL,Zone_4A Mixed Humid,rur,mfh,sr31_std,0.02272727
C-WEU-IRL,Zone_4A Mixed Humid,urb,mfh,sr31_std,0.02272727
C-WEU-ITA,Zone_4A Mixed Humid,rur,mfh,sr31_std,52.19140889953393
C-WEU-ITA,Zone_4A Mixed Humid,urb,mfh,sr31_std,52.19140889953393
C-WEU-ITA,Zone_5A Cool Humid,rur,mfh,sr31_std,52.19140889953393
C-WEU-ITA,Zone_5A Cool Humid,urb,mfh,sr31_std,52.19140889953393
C-WEU-ITA,Zone_7A Very cold Humid,rur,mfh,sr31_std,52.19140889953393
C-WEU-ITA,Zone_7A Very cold Humid,urb,mfh,sr31_std,52.19140889953393
C-WEU-ITA,Zone_6A Cold Humid,rur,mfh,sr31_std,52.19140889953393
C-WEU-ITA,Zone_6A Cold Humid,urb,mfh,sr31_std,52.19140889953393
C-WEU-ITA,Zone_3A Warm Humid,rur,mfh,sr31_std,52.19140889953393
C-WEU-ITA,Zone_3A Warm Humid,urb,mfh,sr31_std,52.19140889953393
C-WEU-ITA,Zone_4C Mixed Marine,rur,mfh,sr31_std,52.19140889953393
C-WEU-ITA,Zone_4C Mixed Marine,urb,mfh,sr31_std,52.19140889953393
C-WEU-ITA,Zone_5C Cool Marine,rur,mfh,sr31_std,52.19140889953393
C-WEU-ITA,Zone_5C Cool Marine,urb,mfh,sr31_std,52.19140889953393
C-EEU-LTU,Zone_6A Cold Humid,rur,mfh,sr31_std,12.825
C-EEU-LTU,Zone_6A Cold Humid,urb,mfh,sr31_std,12.825
C-EEU-LTU,Zone_5A Cool Humid,rur,mfh,sr31_std,12.825
C-EEU-LTU,Zone_5A Cool Humid,urb,mfh,sr31_std,12.825
C-WEU-LUX,Zone_5A Cool Humid,rur,mfh,sr31_std,12.25
C-WEU-LUX,Zone_5A Cool Humid,urb,mfh,sr31_std,12.25
C-EEU-LVA,Zone_6A Cold Humid,rur,mfh,sr31_std,10.48717949
C-EEU-LVA,Zone_6A Cold Humid,urb,mfh,sr31_std,10.48717949
C-WEU-MLT,Zone_3A Warm Humid,rur,mfh,sr31_std,44.625
C-WEU-MLT,Zone_3A Warm Humid,urb,mfh,sr31_std,44.625
C-WEU-NLD,Zone_5A Cool Humid,rur,mfh,sr31_std,7.76993670759021
C-WEU-NLD,Zone_5A Cool Humid,urb,mfh,sr31_std,7.76993670759021
C-WEU-NLD,Zone_4A Mixed Humid,rur,mfh,sr31_std,7.76993670759021
C-WEU-NLD,Zone_4A Mixed Humid,urb,mfh,sr31_std,7.76993670759021
C-EEU-POL,Zone_5A Cool Humid,rur,mfh,sr31_std,15.83993902
C-EEU-POL,Zone_5A Cool Humid,urb,mfh,sr31_std,15.83993902
C-EEU-POL,Zone_6A Cold Humid,rur,mfh,sr31_std,15.83993902
C-EEU-POL,Zone_6A Cold Humid,urb,mfh,sr31_std,15.83993902
C-WEU-PRT,Zone_3C Warm Marine,rur,mfh,sr31_std,43.50313319623937
C-WEU-PRT,Zone_3C Warm Marine,urb,mfh,sr31_std,43.50313319623937
C-WEU-PRT,Zone_4C Mixed Marine,rur,mfh,sr31_std,43.50313319623937
C-WEU-PRT,Zone_4C Mixed Marine,urb,mfh,sr31_std,43.50313319623937
C-WEU-PRT,Zone_4A Mixed Humid,rur,mfh,sr31_std,43.50313319623937
C-WEU-PRT,Zone_4A Mixed Humid,urb,mfh,sr31_std,43.50313319623937
C-WEU-PRT,Zone_3A Warm Humid,rur,mfh,sr31_std,43.50313319623937
C-WEU-PRT,Zone_3A Warm Humid,urb,mfh,sr31_std,43.50313319623937
C-EEU-ROU,Zone_5A Cool Humid,rur,mfh,sr31_std,32.44905418277199
C-EEU-ROU,Zone_5A Cool Humid,urb,mfh,sr31_std,32.44905418277199
C-EEU-ROU,Zone_6A Cold Humid,rur,mfh,sr31_std,32.44905418277199
C-EEU-ROU,Zone_6A Cold Humid,urb,mfh,sr31_std,32.44905418277199
C-EEU-ROU,Zone_4A Mixed Humid,rur,mfh,sr31_std,32.44905418277199
C-EEU-ROU,Zone_4A Mixed Humid,urb,mfh,sr31_std,32.44905418277199
C-WEU-SWE,Zone_6A Cold Humid,rur,mfh,sr31_std,8.266550173650268
C-WEU-SWE,Zone_6A Cold Humid,urb,mfh,sr31_std,8.266550173650268
C-WEU-SWE,Zone_5A Cool Humid,rur,mfh,sr31_std,8.266550173650268
C-WEU-SWE,Zone_5A Cool Humid,urb,mfh,sr31_std,8.266550173650268
C-WEU-SWE,Zone_7A Very cold Humid,rur,mfh,sr31_std,8.266550173650268
C-WEU-SWE,Zone_7A Very cold Humid,urb,mfh,sr31_std,8.266550173650268
C-WEU-SWE,Zone_8A Subarctic/arctic Humid,rur,mfh,sr31_std,8.266550173650268
C-WEU-SWE,Zone_8A Subarctic/arctic Humid,urb,mfh,sr31_std,8.266550173650268
C-EEU-SVN,Zone_4A Mixed Humid,rur,mfh,sr31_std,11.88242744204289
C-EEU-SVN,Zone_4A Mixed Humid,urb,mfh,sr31_std,11.88242744204289
C-EEU-SVN,Zone_5A Cool Humid,rur,mfh,sr31_std,11.88242744204289
C-EEU-SVN,Zone_5A Cool Humid,urb,mfh,sr31_std,11.88242744204289
C-EEU-SVN,Zone_7A Very cold Humid,rur,mfh,sr31_std,11.88242744204289
C-EEU-SVN,Zone_7A Very cold Humid,urb,mfh,sr31_std,11.88242744204289
C-EEU-SVK,Zone_5A Cool Humid,rur,mfh,sr31_std,16.9574299408913
C-EEU-SVK,Zone_5A Cool Humid,urb,mfh,sr31_std,16.9574299408913
C-EEU-SVK,Zone_6A Cold Humid,rur,mfh,sr31_std,16.9574299408913
C-EEU-SVK,Zone_6A Cold Humid,urb,mfh,sr31_std,16.9574299408913
C-WEU-AUT,Zone_5A Cool Humid,rur,sfh,sr31_std,11.17624569363838
C-WEU-AUT,Zone_5A Cool Humid,urb,sfh,sr31_std,11.17624569363838
C-WEU-AUT,Zone_4A Mixed Humid,rur,sfh,sr31_std,11.17624569363838
C-WEU-AUT,Zone_4A Mixed Humid,urb,sfh,sr31_std,11.17624569363838
C-WEU-AUT,Zone_6A Cold Humid,rur,sfh,sr31_std,11.17624569363838
C-WEU-AUT,Zone_6A Cold Humid,urb,sfh,sr31_std,11.17624569363838
C-WEU-AUT,Zone_7A Very cold Humid,rur,sfh,sr31_std,11.17624569363838
C-WEU-AUT,Zone_7A Very cold Humid,urb,sfh,sr31_std,11.17624569363838
C-WEU-BEL,Zone_4A Mixed Humid,rur,sfh,sr31_std,7.76785714
C-WEU-BEL,Zone_4A Mixed Humid,urb,sfh,sr31_std,7.76785714
C-WEU-BEL,Zone_5A Cool Humid,rur,sfh,sr31_std,7.76785714
C-WEU-BEL,Zone_5A Cool Humid,urb,sfh,sr31_std,7.76785714
C-EEU-BGR,Zone_4A Mixed Humid,rur,sfh,sr31_std,27.720957967935874
C-EEU-BGR,Zone_4A Mixed Humid,urb,sfh,sr31_std,27.720957967935874
C-EEU-BGR,Zone_5A Cool Humid,rur,sfh,sr31_std,27.720957967935874
C-EEU-BGR,Zone_5A Cool Humid,urb,sfh,sr31_std,27.720957967935874
C-WEU-CYP,Zone_3A Warm Humid,rur,sfh,sr31_std,50.40625
C-WEU-CYP,Zone_3A Warm Humid,urb,sfh,sr31_std,50.40625
C-EEU-CZE,Zone_5A Cool Humid,rur,sfh,sr31_std,7.7948718
C-EEU-CZE,Zone_5A Cool Humid,urb,sfh,sr31_std,7.7948718
C-WEU-DEU,Zone_5A Cool Humid,rur,sfh,sr31_std,10.129535882273467
C-WEU-DEU,Zone_5A Cool Humid,urb,sfh,sr31_std,10.129535882273467
C-WEU-DEU,Zone_4A Mixed Humid,rur,sfh,sr31_std,10.129535882273467
C-WEU-DEU,Zone_4A Mixed Humid,urb,sfh,sr31_std,10.129535882273467
C-WEU-DEU,Zone_6A Cold Humid,rur,sfh,sr31_std,10.129535882273467
C-WEU-DEU,Zone_6A Cold Humid,urb,sfh,sr31_std,10.129535882273467
C-WEU-DNK,Zone_5A Cool Humid,rur,sfh,sr31_std,4.28125
C-WEU-DNK,Zone_5A Cool Humid,urb,sfh,sr31_std,4.28125
C-EEU-EST,Zone_6A Cold Humid,rur,sfh,sr31_std,3.49431818
C-EEU-EST,Zone_6A Cold Humid,urb,sfh,sr31_std,3.49431818
C-WEU-GRC,Zone_3A Warm Humid,rur,sfh,sr31_std,56.06567106278462
C-WEU-GRC,Zone_3A Warm Humid,urb,sfh,sr31_std,56.06567106278462
C-WEU-GRC,Zone_4A Mixed Humid,rur,sfh,sr31_std,56.06567106278462
C-WEU-GRC,Zone_4A Mixed Humid,urb,sfh,sr31_std,56.06567106278462
C-WEU-GRC,Zone_4C Mixed Marine,rur,sfh,sr31_std,56.06567106278462
C-WEU-GRC,Zone_4C Mixed Marine,urb,sfh,sr31_std,56.06567106278462
C-WEU-GRC,Zone_5C Cool Marine,rur,sfh,sr31_std,56.06567106278462
C-WEU-GRC,Zone_5C Cool Marine,urb,sfh,sr31_std,56.06567106278462
C-WEU-GRC,Zone_5A Cool Humid,rur,sfh,sr31_std,56.06567106278462
C-WEU-GRC,Zone_5A Cool Humid,urb,sfh,sr31_std,56.06567106278462
C-WEU-ESP,Zone_3C Warm Marine,rur,sfh,sr31_std,45.32521017389378
C-WEU-ESP,Zone_3C Warm Marine,urb,sfh,sr31_std,45.32521017389378
C-WEU-ESP,Zone_4C Mixed Marine,rur,sfh,sr31_std,45.32521017389378
C-WEU-ESP,Zone_4C Mixed Marine,urb,sfh,sr31_std,45.32521017389378
C-WEU-ESP,Zone_4A Mixed Humid,rur,sfh,sr31_std,45.32521017389378
C-WEU-ESP,Zone_4A Mixed Humid,urb,sfh,sr31_std,45.32521017389378
C-WEU-ESP,Zone_3A Warm Humid,rur,sfh,sr31_std,45.32521017389378
C-WEU-ESP,Zone_3A Warm Humid,urb,sfh,sr31_std,45.32521017389378
C-WEU-ESP,Zone_3B Warm Dry,rur,sfh,sr31_std,45.32521017389378
C-WEU-ESP,Zone_3B Warm Dry,urb,sfh,sr31_std,45.32521017389378
C-WEU-ESP,Zone_2B Hot Dry,rur,sfh,sr31_std,45.32521017389378
C-WEU-ESP,Zone_2B Hot Dry,urb,sfh,sr31_std,45.32521017389378
C-WEU-FIN,Zone_6A Cold Humid,rur,sfh,sr31_std,2.588399235686435
C-WEU-FIN,Zone_6A Cold Humid,urb,sfh,sr31_std,2.588399235686435
C-WEU-FIN,Zone_7A Very cold Humid,rur,sfh,sr31_std,2.588399235686435
C-WEU-FIN,Zone_7A Very cold Humid,urb,sfh,sr31_std,2.588399235686435
C-WEU-FRA,Zone_4A Mixed Humid,rur,sfh,sr31_std,15.241209531046328
C-WEU-FRA,Zone_4A Mixed Humid,urb,sfh,sr31_std,15.241209531046328
C-WEU-FRA,Zone_5A Cool Humid,rur,sfh,sr31_std,15.241209531046328
C-WEU-FRA,Zone_5A Cool Humid,urb,sfh,sr31_std,15.241209531046328
C-WEU-FRA,Zone_3A Warm Humid,rur,sfh,sr31_std,15.241209531046328
C-WEU-FRA,Zone_3A Warm Humid,urb,sfh,sr31_std,15.241209531046328
C-WEU-FRA,Zone_7A Very cold Humid,rur,sfh,sr31_std,15.241209531046328
C-WEU-FRA,Zone_7A Very cold Humid,urb,sfh,sr31_std,15.241209531046328
C-WEU-FRA,Zone_4C Mixed Marine,rur,sfh,sr31_std,15.241209531046328
C-WEU-FRA,Zone_4C Mixed Marine,urb,sfh,sr31_std,15.241209531046328
C-WEU-FRA,Zone_3C Warm Marine,rur,sfh,sr31_std,15.241209531046328
C-WEU-FRA,Zone_3C Warm Marine,urb,sfh,sr31_std,15.241209531046328
C-WEU-FRA,Zone_1A Very hot Humid,rur,sfh,sr31_std,15.241209531046328
C-WEU-FRA,Zone_1A Very hot Humid,urb,sfh,sr31_std,15.241209531046328
C-WEU-FRA,Zone_2A Hot Humid,rur,sfh,sr31_std,15.241209531046328
C-WEU-FRA,Zone_2A Hot Humid,urb,sfh,sr31_std,15.241209531046328
C-WEU-FRA,Zone_0A Extremely hot Humid,rur,sfh,sr31_std,15.241209531046328
C-WEU-FRA,Zone_0A Extremely hot Humid,urb,sfh,sr31_std,15.241209531046328
C-EEU-HRV,Zone_4A Mixed Humid,rur,sfh,sr31_std,13.267390143485763
C-EEU-HRV,Zone_4A Mixed Humid,urb,sfh,sr31_std,13.267390143485763
C-EEU-HRV,Zone_5A Cool Humid,rur,sfh,sr31_std,13.267390143485763
C-EEU-HRV,Zone_5A Cool Humid,urb,sfh,sr31_std,13.267390143485763
C-EEU-HRV,Zone_4C Mixed Marine,rur,sfh,sr31_std,13.267390143485763
C-EEU-HRV,Zone_4C Mixed Marine,urb,sfh,sr31_std,13.267390143485763
C-EEU-HRV,Zone_3A Warm Humid,rur,sfh,sr31_std,13.267390143485763
C-EEU-HRV,Zone_3A Warm Humid,urb,sfh,sr31_std,13.267390143485763
C-EEU-HUN,Zone_4A Mixed Humid,rur,sfh,sr31_std,24.867243766532802
C-EEU-HUN,Zone_4A Mixed Humid,urb,sfh,sr31_std,24.867243766532802
C-EEU-HUN,Zone_5A Cool Humid,rur,sfh,sr31_std,24.867243766532802
C-EEU-HUN,Zone_5A Cool Humid,urb,sfh,sr31_std,24.867243766532802
C-WEU-IRL,Zone_5A Cool Humid,rur,sfh,sr31_std,0.0
C-WEU-IRL,Zone_5A Cool Humid,urb,sfh,sr31_std,0.0
C-WEU-IRL,Zone_4A Mixed Humid,rur,sfh,sr31_std,0.0
C-WEU-IRL,Zone_4A Mixed Humid,urb,sfh,sr31_std,0.0
C-WEU-ITA,Zone_4A Mixed Humid,rur,sfh,sr31_std,42.711641805180726
C-WEU-ITA,Zone_4A Mixed Humid,urb,sfh,sr31_std,42.711641805180726
C-WEU-ITA,Zone_5A Cool Humid,rur,sfh,sr31_std,42.711641805180726
C-WEU-ITA,Zone_5A Cool Humid,urb,sfh,sr31_std,42.711641805180726
C-WEU-ITA,Zone_7A Very cold Humid,rur,sfh,sr31_std,42.711641805180726
C-WEU-ITA,Zone_7A Very cold Humid,urb,sfh,sr31_std,42.711641805180726
C-WEU-ITA,Zone_6A Cold Humid,rur,sfh,sr31_std,42.711641805180726
C-WEU-ITA,Zone_6A Cold Humid,urb,sfh,sr31_std,42.711641805180726
C-WEU-ITA,Zone_3A Warm Humid,rur,sfh,sr31_std,42.711641805180726
C-WEU-ITA,Zone_3A Warm Humid,urb,sfh,sr31_std,42.711641805180726
C-WEU-ITA,Zone_4C Mixed Marine,rur,sfh,sr31_std,42.711641805180726
C-WEU-ITA,Zone_4C Mixed Marine,urb,sfh,sr31_std,42.711641805180726
C-WEU-ITA,Zone_5C Cool Marine,rur,sfh,sr31_std,42.711641805180726
C-WEU-ITA,Zone_5C Cool Marine,urb,sfh,sr31_std,42.711641805180726
C-EEU-LTU,Zone_6A Cold Humid,rur,sfh,sr31_std,7.64166667
C-EEU-LTU,Zone_6A Cold Humid,urb,sfh,sr31_std,7.64166667
C-EEU-LTU,Zone_5A Cool Humid,rur,sfh,sr31_std,7.64166667
C-EEU-LTU,Zone_5A Cool Humid,urb,sfh,sr31_std,7.64166667
C-WEU-LUX,Zone_5A Cool Humid,rur,sfh,sr31_std,6.25
C-WEU-LUX,Zone_5A Cool Humid,urb,sfh,sr31_std,6.25
C-EEU-LVA,Zone_6A Cold Humid,rur,sfh,sr31_std,5.51923077
C-EEU-LVA,Zone_6A Cold Humid,urb,sfh,sr31_std,5.51923077
C-WEU-MLT,Zone_3A Warm Humid,rur,sfh,sr31_std,40.87499999999999
C-WEU-MLT,Zone_3A Warm Humid,urb,sfh,sr31_std,40.87499999999999
C-WEU-NLD,Zone_5A Cool Humid,rur,sfh,sr31_std,4.646642603864987
C-WEU-NLD,Zone_5A Cool Humid,urb,sfh,sr31_std,4.646642603864987
C-WEU-NLD,Zone_4A Mixed Humid,rur,sfh,sr31_std,4.646642603864987
C-WEU-NLD,Zone_4A Mixed Humid,urb,sfh,sr31_std,4.646642603864987
C-EEU-POL,Zone_5A Cool Humid,rur,sfh,sr31_std,9.52591463
C-EEU-POL,Zone_5A Cool Humid,urb,sfh,sr31_std,9.52591463
C-EEU-POL,Zone_6A Cold Humid,rur,sfh,sr31_std,9.52591463
C-EEU-POL,Zone_6A Cold Humid,urb,sfh,sr31_std,9.52591463
C-WEU-PRT,Zone_3C Warm Marine,rur,sfh,sr31_std,32.90846242244227
C-WEU-PRT,Zone_3C Warm Marine,urb,sfh,sr31_std,32.90846242244227
C-WEU-PRT,Zone_4C Mixed Marine,rur,sfh,sr31_std,32.90846242244227
C-WEU-PRT,Zone_4C Mixed Marine,urb,sfh,sr31_std,32.90846242244227
C-WEU-PRT,Zone_4A Mixed Humid,rur,sfh,sr31_std,32.90846242244227
C-WEU-PRT,Zone_4A Mixed Humid,urb,sfh,sr31_std,32.90846242244227
C-WEU-PRT,Zone_3A Warm Humid,rur,sfh,sr31_std,32.90846242244227
C-WEU-PRT,Zone_3A Warm Humid,urb,sfh,sr31_std,32.90846242244227
C-EEU-ROU,Zone_5A Cool Humid,rur,sfh,sr31_std,22.370402262354048
C-EEU-ROU,Zone_5A Cool Humid,urb,sfh,sr31_std,22.370402262354048
C-EEU-ROU,Zone_6A Cold Humid,rur,sfh,sr31_std,22.370402262354048
C-EEU-ROU,Zone_6A Cold Humid,urb,sfh,sr31_std,22.370402262354048
C-EEU-ROU,Zone_4A Mixed Humid,rur,sfh,sr31_std,22.370402262354048
C-EEU-ROU,Zone_4A Mixed Humid,urb,sfh,sr31_std,22.370402262354048
C-WEU-SWE,Zone_6A Cold Humid,rur,sfh,sr31_std,4.397649925758655
C-WEU-SWE,Zone_6A Cold Humid,urb,sfh,sr31_std,4.397649925758655
C-WEU-SWE,Zone_5A Cool Humid,rur,sfh,sr31_std,4.397649925758655
C-WEU-SWE,Zone_5A Cool Humid,urb,sfh,sr31_std,4.397649925758655
C-WEU-SWE,Zone_7A Very cold Humid,rur,sfh,sr31_std,4.397649925758655
C-WEU-SWE,Zone_7A Very cold Humid,urb,sfh,sr31_std,4.397649925758655
C-WEU-SWE,Zone_8A Subarctic/arctic Humid,rur,sfh,sr31_std,4.397649925758655
C-WEU-SWE,Zone_8A Subarctic/arctic Humid,urb,sfh,sr31_std,4.397649925758655
C-EEU-SVN,Zone_4A Mixed Humid,rur,sfh,sr31_std,4.745563293918855
C-EEU-SVN,Zone_4A Mixed Humid,urb,sfh,sr31_std,4.745563293918855
C-EEU-SVN,Zone_5A Cool Humid,rur,sfh,sr31_std,4.745563293918855
C-EEU-SVN,Zone_5A Cool Humid,urb,sfh,sr31_std,4.745563293918855
C-EEU-SVN,Zone_7A Very cold Humid,rur,sfh,sr31_std,4.745563293918855
C-EEU-SVN,Zone_7A Very cold Humid,urb,sfh,sr31_std,4.745563293918855
C-EEU-SVK,Zone_5A Cool Humid,rur,sfh,sr31_std,9.99253899058334
C-EEU-SVK,Zone_5A Cool Humid,urb,sfh,sr31_std,9.99253899058334
C-EEU-SVK,Zone_6A Cold Humid,rur,sfh,sr31_std,9.99253899058334
C-EEU-SVK,Zone_6A Cold Humid,urb,sfh,sr31_std,9.99253899058334
C-WEU-AUT,Zone_5A Cool Humid,rur,mfh,sr32_low,17.060540335812213
C-WEU-AUT,Zone_5A Cool Humid,urb,mfh,sr32_low,17.060540335812213
C-WEU-AUT,Zone_4A Mixed Humid,rur,mfh,sr32_low,17.060540335812213
C-WEU-AUT,Zone_4A Mixed Humid,urb,mfh,sr32_low,17.060540335812213
C-WEU-AUT,Zone_6A Cold Humid,rur,mfh,sr32_low,17.060540335812213
C-WEU-AUT,Zone_6A Cold Humid,urb,mfh,sr32_low,17.060540335812213
C-WEU-AUT,Zone_7A Very cold Humid,rur,mfh,sr32_low,17.060540335812213
C-WEU-AUT,Zone_7A Very cold Humid,urb,mfh,sr32_low,17.060540335812213
C-WEU-BEL,Zone_4A Mixed Humid,rur,mfh,sr32_low,13.76785714
C-WEU-BEL,Zone_4A Mixed Humid,urb,mfh,sr32_low,13.76785714
C-WEU-BEL,Zone_5A Cool Humid,rur,mfh,sr32_low,13.76785714
C-WEU-BEL,Zone_5A Cool Humid,urb,mfh,sr32_low,13.76785714
C-EEU-BGR,Zone_4A Mixed Humid,rur,mfh,sr32_low,38.655863831025734
C-EEU-BGR,Zone_4A Mixed Humid,urb,mfh,sr32_low,38.655863831025734
C-EEU-BGR,Zone_5A Cool Humid,rur,mfh,sr32_low,38.655863831025734
C-EEU-BGR,Zone_5A Cool Humid,urb,mfh,sr32_low,38.655863831025734
C-WEU-CYP,Zone_3A Warm Humid,rur,mfh,sr32_low,55.9375
C-WEU-CYP,Zone_3A Warm Humid,urb,mfh,sr32_low,55.9375
C-EEU-CZE,Zone_5A Cool Humid,rur,mfh,sr32_low,13.96794872
C-EEU-CZE,Zone_5A Cool Humid,urb,mfh,sr32_low,13.96794872
C-WEU-DEU,Zone_5A Cool Humid,rur,mfh,sr32_low,15.7389788708759
C-WEU-DEU,Zone_5A Cool Humid,urb,mfh,sr32_low,15.7389788708759
C-WEU-DEU,Zone_4A Mixed Humid,rur,mfh,sr32_low,15.7389788708759
C-WEU-DEU,Zone_4A Mixed Humid,urb,mfh,sr32_low,15.7389788708759
C-WEU-DEU,Zone_6A Cold Humid,rur,mfh,sr32_low,15.7389788708759
C-WEU-DEU,Zone_6A Cold Humid,urb,mfh,sr32_low,15.7389788708759
C-WEU-DNK,Zone_5A Cool Humid,rur,mfh,sr32_low,7.72916667
C-WEU-DNK,Zone_5A Cool Humid,urb,mfh,sr32_low,7.72916667
C-EEU-EST,Zone_6A Cold Humid,rur,mfh,sr32_low,7.92613636
C-EEU-EST,Zone_6A Cold Humid,urb,mfh,sr32_low,7.92613636
C-WEU-GRC,Zone_3A Warm Humid,rur,mfh,sr32_low,64.36904070407739
C-WEU-GRC,Zone_3A Warm Humid,urb,mfh,sr32_low,64.36904070407739
C-WEU-GRC,Zone_4A Mixed Humid,rur,mfh,sr32_low,64.36904070407739
C-WEU-GRC,Zone_4A Mixed Humid,urb,mfh,sr32_low,64.36904070407739
C-WEU-GRC,Zone_4C Mixed Marine,rur,mfh,sr32_low,64.36904070407739
C-WEU-GRC,Zone_4C Mixed Marine,urb,mfh,sr32_low,64.36904070407739
C-WEU-GRC,Zone_5C Cool Marine,rur,mfh,sr32_low,64.36904070407739
C-WEU-GRC,Zone_5C Cool Marine,urb,mfh,sr32_low,64.36904070407739
C-WEU-GRC,Zone_5A Cool Humid,rur,mfh,sr32_low,64.36904070407739
C-WEU-GRC,Zone_5A Cool Humid,urb,mfh,sr32_low,64.36904070407739
C-WEU-ESP,Zone_3C Warm Marine,rur,mfh,sr32_low,53.37518918990272
C-WEU-ESP,Zone_3C Warm Marine,urb,mfh,sr32_low,53.37518918990272
C-WEU-ESP,Zone_4C Mixed Marine,rur,mfh,sr32_low,53.37518918990272
C-WEU-ESP,Zone_4C Mixed Marine,urb,mfh,sr32_low,53.37518918990272
C-WEU-ESP,Zone_4A Mixed Humid,rur,mfh,sr32_low,53.37518918990272
C-WEU-ESP,Zone_4A Mixed Humid,urb,mfh,sr32_low,53.37518918990272
C-WEU-ESP,Zone_3A Warm Humid,rur,mfh,sr32_low,53.37518918990272
C-WEU-ESP,Zone_3A Warm Humid,urb,mfh,sr32_low,53.37518918990272
C-WEU-ESP,Zone_3B Warm Dry,rur,mfh,sr32_low,53.37518918990272
C-WEU-ESP,Zone_3B Warm Dry,urb,mfh,sr32_low,53.37518918990272
C-WEU-ESP,Zone_2B Hot Dry,rur,mfh,sr32_low,53.37518918990272
C-WEU-ESP,Zone_2B Hot Dry,urb,mfh,sr32_low,53.37518918990272
C-WEU-FIN,Zone_6A Cold Humid,rur,mfh,sr32_low,5.968694105050731
C-WEU-FIN,Zone_6A Cold Humid,urb,mfh,sr32_low,5.968694105050731
C-WEU-FIN,Zone_7A Very cold Humid,rur,mfh,sr32_low,5.968694105050731
C-WEU-FIN,Zone_7A Very cold Humid,urb,mfh,sr32_low,5.968694105050731
C-WEU-FRA,Zone_4A Mixed Humid,rur,mfh,sr32_low,24.178476621914275
C-WEU-FRA,Zone_4A Mixed Humid,urb,mfh,sr32_low,24.178476621914275
C-WEU-FRA,Zone_5A Cool Humid,rur,mfh,sr32_low,24.178476621914275
C-WEU-FRA,Zone_5A Cool Humid,urb,mfh,sr32_low,24.178476621914275
C-WEU-FRA,Zone_3A Warm Humid,rur,mfh,sr32_low,24.178476621914275
C-WEU-FRA,Zone_3A Warm Humid,urb,mfh,sr32_low,24.178476621914275
C-WEU-FRA,Zone_7A Very cold Humid,rur,mfh,sr32_low,24.178476621914275
C-WEU-FRA,Zone_7A Very cold Humid,urb,mfh,sr32_low,24.178476621914275
C-WEU-FRA,Zone_4C Mixed Marine,rur,mfh,sr32_low,24.178476621914275
C-WEU-FRA,Zone_4C Mixed Marine,urb,mfh,sr32_low,24.178476621914275
C-WEU-FRA,Zone_3C Warm Marine,rur,mfh,sr32_low,24.178476621914275
C-WEU-FRA,Zone_3C Warm Marine,urb,mfh,sr32_low,24.178476621914275
C-WEU-FRA,Zone_1A Very hot Humid,rur,mfh,sr32_low,24.178476621914275
C-WEU-FRA,Zone_1A Very hot Humid,urb,mfh,sr32_low,24.178476621914275
C-WEU-FRA,Zone_2A Hot Humid,rur,mfh,sr32_low,24.178476621914275
C-WEU-FRA,Zone_2A Hot Humid,urb,mfh,sr32_low,24.178476621914275
C-WEU-FRA,Zone_0A Extremely hot Humid,rur,mfh,sr32_low,24.178476621914275
C-WEU-FRA,Zone_0A Extremely hot Humid,urb,mfh,sr32_low,24.178476621914275
C-EEU-HRV,Zone_4A Mixed Humid,rur,mfh,sr32_low,19.048030211173444
C-EEU-HRV,Zone_4A Mixed Humid,urb,mfh,sr32_low,19.048030211173444
C-EEU-HRV,Zone_5A Cool Humid,rur,mfh,sr32_low,19.048030211173444
C-EEU-HRV,Zone_5A Cool Humid,urb,mfh,sr32_low,19.048030211173444
C-EEU-HRV,Zone_4C Mixed Marine,rur,mfh,sr32_low,19.048030211173444
C-EEU-HRV,Zone_4C Mixed Marine,urb,mfh,sr32_low,19.048030211173444
C-EEU-HRV,Zone_3A Warm Humid,rur,mfh,sr32_low,19.048030211173444
C-EEU-HRV,Zone_3A Warm Humid,urb,mfh,sr32_low,19.048030211173444
C-EEU-HUN,Zone_4A Mixed Humid,rur,mfh,sr32_low,37.49242694666317
C-EEU-HUN,Zone_4A Mixed Humid,urb,mfh,sr32_low,37.49242694666317
C-EEU-HUN,Zone_5A Cool Humid,rur,mfh,sr32_low,37.49242694666317
C-EEU-HUN,Zone_5A Cool Humid,urb,mfh,sr32_low,37.49242694666317
C-WEU-IRL,Zone_5A Cool Humid,rur,mfh,sr32_low,0.02272727
C-WEU-IRL,Zone_5A Cool Humid,urb,mfh,sr32_low,0.02272727
C-WEU-IRL,Zone_4A Mixed Humid,rur,mfh,sr32_low,0.02272727
C-WEU-IRL,Zone_4A Mixed Humid,urb,mfh,sr32_low,0.02272727
C-WEU-ITA,Zone_4A Mixed Humid,rur,mfh,sr32_low,52.19140889953393
C-WEU-ITA,Zone_4A Mixed Humid,urb,mfh,sr32_low,52.19140889953393
C-WEU-ITA,Zone_5A Cool Humid,rur,mfh,sr32_low,52.19140889953393
C-WEU-ITA,Zone_5A Cool Humid,urb,mfh,sr32_low,52.19140889953393
C-WEU-ITA,Zone_7A Very cold Humid,rur,mfh,sr32_low,52.19140889953393
C-WEU-ITA,Zone_7A Very cold Humid,urb,mfh,sr32_low,52.19140889953393
C-WEU-ITA,Zone_6A Cold Humid,rur,mfh,sr32_low,52.19140889953393
C-WEU-ITA,Zone_6A Cold Humid,urb,mfh,sr32_low,52.19140889953393
C-WEU-ITA,Zone_3A Warm Humid,rur,mfh,sr32_low,52.19140889953393
C-WEU-ITA,Zone_3A Warm Humid,urb,mfh,sr32_low,52.19140889953393
C-WEU-ITA,Zone_4C Mixed Marine,rur,mfh,sr32_low,52.19140889953393
C-WEU-ITA,Zone_4C Mixed Marine,urb,mfh,sr32_low,52.19140889953393
C-WEU-ITA,Zone_5C Cool Marine,rur,mfh,sr32_low,52.19140889953393
C-WEU-ITA,Zone_5C Cool Marine,urb,mfh,sr32_low,52.19140889953393
C-EEU-LTU,Zone_6A Cold Humid,rur,mfh,sr32_low,12.825
C-EEU-LTU,Zone_6A Cold Humid,urb,mfh,sr32_low,12.825
C-EEU-LTU,Zone_5A Cool Humid,rur,mfh,sr32_low,12.825
C-EEU-LTU,Zone_5A Cool Humid,urb,mfh,sr32_low,12.825
C-WEU-LUX,Zone_5A Cool Humid,rur,mfh,sr32_low,12.25
C-WEU-LUX,Zone_5A Cool Humid,urb,mfh,sr32_low,12.25
C-EEU-LVA,Zone_6A Cold Humid,rur,mfh,sr32_low,10.48717949
C-EEU-LVA,Zone_6A Cold Humid,urb,mfh,sr32_low,10.48717949
C-WEU-MLT,Zone_3A Warm Humid,rur,mfh,sr32_low,44.625
C-WEU-MLT,Zone_3A Warm Humid,urb,mfh,sr32_low,44.625
C-WEU-NLD,Zone_5A Cool Humid,rur,mfh,sr32_low,7.76993670759021
C-WEU-NLD,Zone_5A Cool Humid,urb,mfh,sr32_low,7.76993670759021
C-WEU-NLD,Zone_4A Mixed Humid,rur,mfh,sr32_low,7.76993670759021
C-WEU-NLD,Zone_4A Mixed Humid,urb,mfh,sr32_low,7.76993670759021
C-EEU-POL,Zone_5A Cool Humid,rur,mfh,sr32_low,15.83993902
C-EEU-POL,Zone_5A Cool Humid,urb,mfh,sr32_low,15.83993902
C-EEU-POL,Zone_6A Cold Humid,rur,mfh,sr32_low,15.83993902
C-EEU-POL,Zone_6A Cold Humid,urb,mfh,sr32_low,15.83993902
C-WEU-PRT,Zone_3C Warm Marine,rur,mfh,sr32_low,43.50313319623937
C-WEU-PRT,Zone_3C Warm Marine,urb,mfh,sr32_low,43.50313319623937
C-WEU-PRT,Zone_4C Mixed Marine,rur,mfh,sr32_low,43.50313319623937
C-WEU-PRT,Zone_4C Mixed Marine,urb,mfh,sr32_low,43.50313319623937
C-WEU-PRT,Zone_4A Mixed Humid,rur,mfh,sr32_low,43.50313319623937
C-WEU-PRT,Zone_4A Mixed Humid,urb,mfh,sr32_low,43.50313319623937
C-WEU-PRT,Zone_3A Warm Humid,rur,mfh,sr32_low,43.50313319623937
C-WEU-PRT,Zone_3A Warm Humid,urb,mfh,sr32_low,43.50313319623937
C-EEU-ROU,Zone_5A Cool Humid,rur,mfh,sr32_low,32.44905418277199
C-EEU-ROU,Zone_5A Cool Humid,urb,mfh,sr32_low,32.44905418277199
C-EEU-ROU,Zone_6A Cold Humid,rur,mfh,sr32_low,32.44905418277199
C-EEU-ROU,Zone_6A Cold Humid,urb,mfh,sr32_low,32.44905418277199
C-EEU-ROU,Zone_4A Mixed Humid,rur,mfh,sr32_low,32.44905418277199
C-EEU-ROU,Zone_4A Mixed Humid,urb,mfh,sr32_low,32.44905418277199
C-WEU-SWE,Zone_6A Cold Humid,rur,mfh,sr32_low,8.266550173650268
C-WEU-SWE,Zone_6A Cold Humid,urb,mfh,sr32_low,8.266550173650268
C-WEU-SWE,Zone_5A Cool Humid,rur,mfh,sr32_low,8.266550173650268
C-WEU-SWE,Zone_5A Cool Humid,urb,mfh,sr32_low,8.266550173650268
C-WEU-SWE,Zone_7A Very cold Humid,rur,mfh,sr32_low,8.266550173650268
C-WEU-SWE,Zone_7A Very cold Humid,urb,mfh,sr32_low,8.266550173650268
C-WEU-SWE,Zone_8A Subarctic/arctic Humid,rur,mfh,sr32_low,8.266550173650268
C-WEU-SWE,Zone_8A Subarctic/arctic Humid,urb,mfh,sr32_low,8.266550173650268
C-EEU-SVN,Zone_4A Mixed Humid,rur,mfh,sr32_low,11.88242744204289
C-EEU-SVN,Zone_4A Mixed Humid,urb,mfh,sr32_low,11.88242744204289
C-EEU-SVN,Zone_5A Cool Humid,rur,mfh,sr32_low,11.88242744204289
C-EEU-SVN,Zone_5A Cool Humid,urb,mfh,sr32_low,11.88242744204289
C-EEU-SVN,Zone_7A Very cold Humid,rur,mfh,sr32_low,11.88242744204289
C-EEU-SVN,Zone_7A Very cold Humid,urb,mfh,sr32_low,11.88242744204289
C-EEU-SVK,Zone_5A Cool Humid,rur,mfh,sr32_low,16.9574299408913
C-EEU-SVK,Zone_5A Cool Humid,urb,mfh,sr32_low,16.9574299408913
C-EEU-SVK,Zone_6A Cold Humid,rur,mfh,sr32_low,16.9574299408913
C-EEU-SVK,Zone_6A Cold Humid,urb,mfh,sr32_low,16.9574299408913
C-WEU-AUT,Zone_5A Cool Humid,rur,sfh,sr32_low,11.17624569363838
C-WEU-AUT,Zone_5A Cool Humid,urb,sfh,sr32_low,11.17624569363838
C-WEU-AUT,Zone_4A Mixed Humid,rur,sfh,sr32_low,11.17624569363838
C-WEU-AUT,Zone_4A Mixed Humid,urb,sfh,sr32_low,11.17624569363838
C-WEU-AUT,Zone_6A Cold Humid,rur,sfh,sr32_low,11.17624569363838
C-WEU-AUT,Zone_6A Cold Humid,urb,sfh,sr32_low,11.17624569363838
C-WEU-AUT,Zone_7A Very cold Humid,rur,sfh,sr32_low,11.17624569363838
C-WEU-AUT,Zone_7A Very cold Humid,urb,sfh,sr32_low,11.17624569363838
C-WEU-BEL,Zone_4A Mixed Humid,rur,sfh,sr32_low,7.76785714
C-WEU-BEL,Zone_4A Mixed Humid,urb,sfh,sr32_low,7.76785714
C-WEU-BEL,Zone_5A Cool Humid,rur,sfh,sr32_low,7.76785714
C-WEU-BEL,Zone_5A Cool Humid,urb,sfh,sr32_low,7.76785714
C-EEU-BGR,Zone_4A Mixed Humid,rur,sfh,sr32_low,27.720957967935874
C-EEU-BGR,Zone_4A Mixed Humid,urb,sfh,sr32_low,27.720957967935874
C-EEU-BGR,Zone_5A Cool Humid,rur,sfh,sr32_low,27.720957967935874
C-EEU-BGR,Zone_5A Cool Humid,urb,sfh,sr32_low,27.720957967935874
C-WEU-CYP,Zone_3A Warm Humid,rur,sfh,sr32_low,50.40625
C-WEU-CYP,Zone_3A Warm Humid,urb,sfh,sr32_low,50.40625
C-EEU-CZE,Zone_5A Cool Humid,rur,sfh,sr32_low,7.7948718
C-EEU-CZE,Zone_5A Cool Humid,urb,sfh,sr32_low,7.7948718
C-WEU-DEU,Zone_5A Cool Humid,rur,sfh,sr32_low,10.129535882273467
C-WEU-DEU,Zone_5A Cool Humid,urb,sfh,sr32_low,10.129535882273467
C-WEU-DEU,Zone_4A Mixed Humid,rur,sfh,sr32_low,10.129535882273467
C-WEU-DEU,Zone_4A Mixed Humid,urb,sfh,sr32_low,10.129535882273467
C-WEU-DEU,Zone_6A Cold Humid,rur,sfh,sr32_low,10.129535882273467
C-WEU-DEU,Zone_6A Cold Humid,urb,sfh,sr32_low,10.129535882273467
C-WEU-DNK,Zone_5A Cool Humid,rur,sfh,sr32_low,4.28125
C-WEU-DNK,Zone_5A Cool Humid,urb,sfh,sr32_low,4.28125
C-EEU-EST,Zone_6A Cold Humid,rur,sfh,sr32_low,3.49431818
C-EEU-EST,Zone_6A Cold Humid,urb,sfh,sr32_low,3.49431818
C-WEU-GRC,Zone_3A Warm Humid,rur,sfh,sr32_low,56.047268571220435
C-WEU-GRC,Zone_3A Warm Humid,urb,sfh,sr32_low,56.047268571220435
C-WEU-GRC,Zone_4A Mixed Humid,rur,sfh,sr32_low,56.047268571220435
C-WEU-GRC,Zone_4A Mixed Humid,urb,sfh,sr32_low,56.047268571220435
C-WEU-GRC,Zone_4C Mixed Marine,rur,sfh,sr32_low,56.047268571220435
C-WEU-GRC,Zone_4C Mixed Marine,urb,sfh,sr32_low,56.047268571220435
C-WEU-GRC,Zone_5C Cool Marine,rur,sfh,sr32_low,56.047268571220435
C-WEU-GRC,Zone_5C Cool Marine,urb,sfh,sr32_low,56.047268571220435
C-WEU-GRC,Zone_5A Cool Humid,rur,sfh,sr32_low,56.047268571220435
C-WEU-GRC,Zone_5A Cool Humid,urb,sfh,sr32_low,56.047268571220435
C-WEU-ESP,Zone_3C Warm Marine,rur,sfh,sr32_low,45.32521017389378
C-WEU-ESP,Zone_3C Warm Marine,urb,sfh,sr32_low,45.32521017389378
C-WEU-ESP,Zone_4C Mixed Marine,rur,sfh,sr32_low,45.32521017389378
C-WEU-ESP,Zone_4C Mixed Marine,urb,sfh,sr32_low,45.32521017389378
C-WEU-ESP,Zone_4A Mixed Humid,rur,sfh,sr32_low,45.32521017389378
C-WEU-ESP,Zone_4A Mixed Humid,urb,sfh,sr32_low,45.32521017389378
C-WEU-ESP,Zone_3A Warm Humid,rur,sfh,sr32_low,45.32521017389378
C-WEU-ESP,Zone_3A Warm Humid,urb,sfh,sr32_low,45.32521017389378
C-WEU-ESP,Zone_3B Warm Dry,rur,sfh,sr32_low,45.32521017389378
C-WEU-ESP,Zone_3B Warm Dry,urb,sfh,sr32_low,45.32521017389378
C-WEU-ESP,Zone_2B Hot Dry,rur,sfh,sr32_low,45.32521017389378
C-WEU-ESP,Zone_2B Hot Dry,urb,sfh,sr32_low,45.32521017389378
C-WEU-FIN,Zone_6A Cold Humid,rur,sfh,sr32_low,2.588399235686435
C-WEU-FIN,Zone_6A Cold Humid,urb,sfh,sr32_low,2.588399235686435
C-WEU-FIN,Zone_7A Very cold Humid,rur,sfh,sr32_low,2.588399235686435
C-WEU-FIN,Zone_7A Very cold Humid,urb,sfh,sr32_low,2.588399235686435
C-WEU-FRA,Zone_4A Mixed Humid,rur,sfh,sr32_low,15.255303407367176
C-WEU-FRA,Zone_4A Mixed Humid,urb,sfh,sr32_low,15.255303407367176
C-WEU-FRA,Zone_5A Cool Humid,rur,sfh,sr32_low,15.255303407367176
C-WEU-FRA,Zone_5A Cool Humid,urb,sfh,sr32_low,15.255303407367176
C-WEU-FRA,Zone_3A Warm Humid,rur,sfh,sr32_low,15.255303407367176
C-WEU-FRA,Zone_3A Warm Humid,urb,sfh,sr32_low,15.255303407367176
C-WEU-FRA,Zone_7A Very cold Humid,rur,sfh,sr32_low,15.255303407367176
C-WEU-FRA,Zone_7A Very cold Humid,urb,sfh,sr32_low,15.255303407367176
C-WEU-FRA,Zone_4C Mixed Marine,rur,sfh,sr32_low,15.255303407367176
C-WEU-FRA,Zone_4C Mixed Marine,urb,sfh,sr32_low,15.255303407367176
C-WEU-FRA,Zone_3C Warm Marine,rur,sfh,sr32_low,15.255303407367176
C-WEU-FRA,Zone_3C Warm Marine,urb,sfh,sr32_low,15.255303407367176
C-WEU-FRA,Zone_1A Very hot Humid,rur,sfh,sr32_low,15.255303407367176
C-WEU-FRA,Zone_1A Very hot Humid,urb,sfh,sr32_low,15.255303407367176
C-WEU-FRA,Zone_2A Hot Humid,rur,sfh,sr32_low,15.255303407367176
C-WEU-FRA,Zone_2A Hot Humid,urb,sfh,sr32_low,15.255303407367176
C-WEU-FRA,Zone_0A Extremely hot Humid,rur,sfh,sr32_low,15.255303407367176
C-WEU-FRA,Zone_0A Extremely hot Humid,urb,sfh,sr32_low,15.255303407367176
C-EEU-HRV,Zone_4A Mixed Humid,rur,sfh,sr32_low,17.058328156675877
C-EEU-HRV,Zone_4A Mixed Humid,urb,sfh,sr32_low,17.058328156675877
C-EEU-HRV,Zone_5A Cool Humid,rur,sfh,sr32_low,17.058328156675877
C-EEU-HRV,Zone_5A Cool Humid,urb,sfh,sr32_low,17.058328156675877
C-EEU-HRV,Zone_4C Mixed Marine,rur,sfh,sr32_low,17.058328156675877
C-EEU-HRV,Zone_4C Mixed Marine,urb,sfh,sr32_low,17.058328156675877
C-EEU-HRV,Zone_3A Warm Humid,rur,sfh,sr32_low,17.058328156675877
C-EEU-HRV,Zone_3A Warm Humid,urb,sfh,sr32_low,17.058328156675877
C-EEU-HUN,Zone_4A Mixed Humid,rur,sfh,sr32_low,24.867243766532802
C-EEU-HUN,Zone_4A Mixed Humid,urb,sfh,sr32_low,24.867243766532802
C-EEU-HUN,Zone_5A Cool Humid,rur,sfh,sr32_low,24.867243766532802
C-EEU-HUN,Zone_5A Cool Humid,urb,sfh,sr32_low,24.867243766532802
C-WEU-IRL,Zone_5A Cool Humid,rur,sfh,sr32_low,0.0
C-WEU-IRL,Zone_5A Cool Humid,urb,sfh,sr32_low,0.0
C-WEU-IRL,Zone_4A Mixed Humid,rur,sfh,sr32_low,0.0
C-WEU-IRL,Zone_4A Mixed Humid,urb,sfh,sr32_low,0.0
C-WEU-ITA,Zone_4A Mixed Humid,rur,sfh,sr32_low,42.711641805180726
C-WEU-ITA,Zone_4A Mixed Humid,urb,sfh,sr32_low,42.711641805180726
C-WEU-ITA,Zone_5A Cool Humid,rur,sfh,sr32_low,42.711641805180726
C-WEU-ITA,Zone_5A Cool Humid,urb,sfh,sr32_low,42.711641805180726
C-WEU-ITA,Zone_7A Very cold Humid,rur,sfh,sr32_low,42.711641805180726
C-WEU-ITA,Zone_7A Very cold Humid,urb,sfh,sr32_low,42.711641805180726
C-WEU-ITA,Zone_6A Cold Humid,rur,sfh,sr32_low,42.711641805180726
C-WEU-ITA,Zone_6A Cold Humid,urb,sfh,sr32_low,42.711641805180726
C-WEU-ITA,Zone_3A Warm Humid,rur,sfh,sr32_low,42.711641805180726
C-WEU-ITA,Zone_3A Warm Humid,urb,sfh,sr32_low,42.711641805180726
C-WEU-ITA,Zone_4C Mixed Marine,rur,sfh,sr32_low,42.711641805180726
C-WEU-ITA,Zone_4C Mixed Marine,urb,sfh,sr32_low,42.711641805180726
C-WEU-ITA,Zone_5C Cool Marine,rur,sfh,sr32_low,42.711641805180726
C-WEU-ITA,Zone_5C Cool Marine,urb,sfh,sr32_low,42.711641805180726
C-EEU-LTU,Zone_6A Cold Humid,rur,sfh,sr32_low,7.64166667
C-EEU-LTU,Zone_6A Cold Humid,urb,sfh,sr32_low,7.64166667
C-EEU-LTU,Zone_5A Cool Humid,rur,sfh,sr32_low,7.64166667
C-EEU-LTU,Zone_5A Cool Humid,urb,sfh,sr32_low,7.64166667
C-WEU-LUX,Zone_5A Cool Humid,rur,sfh,sr32_low,6.25
C-WEU-LUX,Zone_5A Cool Humid,urb,sfh,sr32_low,6.25
C-EEU-LVA,Zone_6A Cold Humid,rur,sfh,sr32_low,5.51923077
C-EEU-LVA,Zone_6A Cold Humid,urb,sfh,sr32_low,5.51923077
C-WEU-MLT,Zone_3A Warm Humid,rur,sfh,sr32_low,40.87499999999999
C-WEU-MLT,Zone_3A Warm Humid,urb,sfh,sr32_low,40.87499999999999
C-WEU-NLD,Zone_5A Cool Humid,rur,sfh,sr32_low,4.646642603864987
C-WEU-NLD,Zone_5A Cool Humid,urb,sfh,sr32_low,4.646642603864987
C-WEU-NLD,Zone_4A Mixed Humid,rur,sfh,sr32_low,4.646642603864987
C-WEU-NLD,Zone_4A Mixed Humid,urb,sfh,sr32_low,4.646642603864987
C-EEU-POL,Zone_5A Cool Humid,rur,sfh,sr32_low,9.52591463
C-EEU-POL,Zone_5A Cool Humid,urb,sfh,sr32_low,9.52591463
C-EEU-POL,Zone_6A Cold Humid,rur,sfh,sr32_low,9.52591463
C-EEU-POL,Zone_6A Cold Humid,urb,sfh,sr32_low,9.52591463
C-WEU-PRT,Zone_3C Warm Marine,rur,sfh,sr32_low,32.90846242244227
C-WEU-PRT,Zone_3C Warm Marine,urb,sfh,sr32_low,32.90846242244227
C-WEU-PRT,Zone_4C Mixed Marine,rur,sfh,sr32_low,32.90846242244227
C-WEU-PRT,Zone_4C Mixed Marine,urb,sfh,sr32_low,32.90846242244227
C-WEU-PRT,Zone_4A Mixed Humid,rur,sfh,sr32_low,32.90846242244227
C-WEU-PRT,Zone_4A Mixed Humid,urb,sfh,sr32_low,32.90846242244227
C-WEU-PRT,Zone_3A Warm Humid,rur,sfh,sr32_low,32.90846242244227
C-WEU-PRT,Zone_3A Warm Humid,urb,sfh,sr32_low,32.90846242244227
C-EEU-ROU,Zone_5A Cool Humid,rur,sfh,sr32_low,22.370402262354048
C-EEU-ROU,Zone_5A Cool Humid,urb,sfh,sr32_low,22.370402262354048
C-EEU-ROU,Zone_6A Cold Humid,rur,sfh,sr32_low,22.370402262354048
C-EEU-ROU,Zone_6A Cold Humid,urb,sfh,sr32_low,22.370402262354048
C-EEU-ROU,Zone_4A Mixed Humid,rur,sfh,sr32_low,22.370402262354048
C-EEU-ROU,Zone_4A Mixed Humid,urb,sfh,sr32_low,22.370402262354048
C-WEU-SWE,Zone_6A Cold Humid,rur,sfh,sr32_low,4.397649925758655
C-WEU-SWE,Zone_6A Cold Humid,urb,sfh,sr32_low,4.397649925758655
C-WEU-SWE,Zone_5A Cool Humid,rur,sfh,sr32_low,4.397649925758655
C-WEU-SWE,Zone_5A Cool Humid,urb,sfh,sr32_low,4.397649925758655
C-WEU-SWE,Zone_7A Very cold Humid,rur,sfh,sr32_low,4.397649925758655
C-WEU-SWE,Zone_7A Very cold Humid,urb,sfh,sr32_low,4.397649925758655
C-WEU-SWE,Zone_8A Subarctic/arctic Humid,rur,sfh,sr32_low,4.397649925758655
C-WEU-SWE,Zone_8A Subarctic/arctic Humid,urb,sfh,sr32_low,4.397649925758655
C-EEU-SVN,Zone_4A Mixed Humid,rur,sfh,sr32_low,4.745563293918855
C-EEU-SVN,Zone_4A Mixed Humid,urb,sfh,sr32_low,4.745563293918855
C-EEU-SVN,Zone_5A Cool Humid,rur,sfh,sr32_low,4.745563293918855
C-EEU-SVN,Zone_5A Cool Humid,urb,sfh,sr32_low,4.745563293918855
C-EEU-SVN,Zone_7A Very cold Humid,rur,sfh,sr32_low,4.745563293918855
C-EEU-SVN,Zone_7A Very cold Humid,urb,sfh,sr32_low,4.745563293918855
C-EEU-SVK,Zone_5A Cool Humid,rur,sfh,sr32_low,9.99253899058334
C-EEU-SVK,Zone_5A Cool Humid,urb,sfh,sr32_low,9.99253899058334
C-EEU-SVK,Zone_6A Cold Humid,rur,sfh,sr32_low,9.99253899058334
C-EEU-SVK,Zone_6A Cold Humid,urb,sfh,sr32_low,9.99253899058334
