region_bld,urt,arch,mat,year,value
C-EEU-BGR,rur,mfh,perm,2015,19.23461899
C-EEU-BGR,rur,mfh,perm,2020,20.74876032
C-EEU-BGR,rur,mfh,perm,2025,22.24896672
C-EEU-BGR,rur,mfh,perm,2030,21.75469610727621
C-EEU-BGR,rur,mfh,perm,2035,21.260425494552422
C-EEU-BGR,rur,mfh,perm,2040,20.76615488182863
C-EEU-BGR,rur,mfh,perm,2045,20.27188426910484
C-EEU-BGR,rur,mfh,perm,2050,19.777613656381053
C-EEU-BGR,rur,mfh,perm,2055,19.777613656381053
C-EEU-BGR,rur,mfh,perm,2060,19.777613656381053
C-EEU-BGR,rur,mfh,perm,2065,19.777613656381053
C-EEU-BGR,rur,mfh,perm,2070,19.777613656381053
C-EEU-BGR,rur,mfh,perm,2075,19.777613656381053
C-EEU-BGR,rur,mfh,perm,2080,19.777613656381053
C-EEU-BGR,rur,mfh,perm,2085,19.777613656381053
C-EEU-BGR,rur,mfh,perm,2090,19.777613656381053
C-EEU-BGR,rur,mfh,perm,2095,19.777613656381053
C-EEU-BGR,rur,mfh,perm,2100,19.777613656381053
C-EEU-BGR,rur,sfh,perm,2015,32.15558145
C-EEU-BGR,rur,sfh,perm,2020,34.68685565
C-EEU-BGR,rur,sfh,perm,2025,37.19483406
C-EEU-BGR,rur,sfh,perm,2030,35.966755703018094
C-EEU-BGR,rur,sfh,perm,2035,34.7386773460362
C-EEU-BGR,rur,sfh,perm,2040,33.510598989054294
C-EEU-BGR,rur,sfh,perm,2045,32.2825206320724
C-EEU-BGR,rur,sfh,perm,2050,31.054442275090494
C-EEU-BGR,rur,sfh,perm,2055,31.054442275090494
C-EEU-BGR,rur,sfh,perm,2060,31.054442275090494
C-EEU-BGR,rur,sfh,perm,2065,31.054442275090494
C-EEU-BGR,rur,sfh,perm,2070,31.054442275090494
C-EEU-BGR,rur,sfh,perm,2075,31.054442275090494
C-EEU-BGR,rur,sfh,perm,2080,31.054442275090494
C-EEU-BGR,rur,sfh,perm,2085,31.054442275090494
C-EEU-BGR,rur,sfh,perm,2090,31.054442275090494
C-EEU-BGR,rur,sfh,perm,2095,31.054442275090494
C-EEU-BGR,rur,sfh,perm,2100,31.054442275090494
C-EEU-BGR,urb,mfh,perm,2015,18.08698336
C-EEU-BGR,urb,mfh,perm,2020,19.51078329
C-EEU-BGR,urb,mfh,perm,2025,20.92147971
C-EEU-BGR,urb,mfh,perm,2030,20.484570953755643
C-EEU-BGR,urb,mfh,perm,2035,20.04766219751129
C-EEU-BGR,urb,mfh,perm,2040,19.610753441266933
C-EEU-BGR,urb,mfh,perm,2045,19.17384468502258
C-EEU-BGR,urb,mfh,perm,2050,18.736935928778223
C-EEU-BGR,urb,mfh,perm,2055,18.736935928778223
C-EEU-BGR,urb,mfh,perm,2060,18.736935928778223
C-EEU-BGR,urb,mfh,perm,2065,18.736935928778223
C-EEU-BGR,urb,mfh,perm,2070,18.736935928778223
C-EEU-BGR,urb,mfh,perm,2075,18.736935928778223
C-EEU-BGR,urb,mfh,perm,2080,18.736935928778223
C-EEU-BGR,urb,mfh,perm,2085,18.736935928778223
C-EEU-BGR,urb,mfh,perm,2090,18.736935928778223
C-EEU-BGR,urb,mfh,perm,2095,18.736935928778223
C-EEU-BGR,urb,mfh,perm,2100,18.736935928778223
C-EEU-BGR,urb,sfh,perm,2015,31.59602068
C-EEU-BGR,urb,sfh,perm,2020,34.08324649
C-EEU-BGR,urb,sfh,perm,2025,36.54758189
C-EEU-BGR,urb,sfh,perm,2030,35.456438426656256
C-EEU-BGR,urb,sfh,perm,2035,34.36529496331252
C-EEU-BGR,urb,sfh,perm,2040,33.27415149996878
C-EEU-BGR,urb,sfh,perm,2045,32.18300803662504
C-EEU-BGR,urb,sfh,perm,2050,31.091864573281303
C-EEU-BGR,urb,sfh,perm,2055,31.091864573281303
C-EEU-BGR,urb,sfh,perm,2060,31.091864573281303
C-EEU-BGR,urb,sfh,perm,2065,31.091864573281303
C-EEU-BGR,urb,sfh,perm,2070,31.091864573281303
C-EEU-BGR,urb,sfh,perm,2075,31.091864573281303
C-EEU-BGR,urb,sfh,perm,2080,31.091864573281303
C-EEU-BGR,urb,sfh,perm,2085,31.091864573281303
C-EEU-BGR,urb,sfh,perm,2090,31.091864573281303
C-EEU-BGR,urb,sfh,perm,2095,31.091864573281303
C-EEU-BGR,urb,sfh,perm,2100,31.091864573281303
C-EEU-CZE,rur,mfh,perm,2015,24.48894429
C-EEU-CZE,rur,mfh,perm,2020,25.61603207
C-EEU-CZE,rur,mfh,perm,2025,26.73084542
C-EEU-CZE,rur,mfh,perm,2030,26.13700789439071
C-EEU-CZE,rur,mfh,perm,2035,25.543170368781418
C-EEU-CZE,rur,mfh,perm,2040,24.949332843172122
C-EEU-CZE,rur,mfh,perm,2045,24.35549531756283
C-EEU-CZE,rur,mfh,perm,2050,23.76165779195354
C-EEU-CZE,rur,mfh,perm,2055,23.76165779195354
C-EEU-CZE,rur,mfh,perm,2060,23.76165779195354
C-EEU-CZE,rur,mfh,perm,2065,23.76165779195354
C-EEU-CZE,rur,mfh,perm,2070,23.76165779195354
C-EEU-CZE,rur,mfh,perm,2075,23.76165779195354
C-EEU-CZE,rur,mfh,perm,2080,23.76165779195354
C-EEU-CZE,rur,mfh,perm,2085,23.76165779195354
C-EEU-CZE,rur,mfh,perm,2090,23.76165779195354
C-EEU-CZE,rur,mfh,perm,2095,23.76165779195354
C-EEU-CZE,rur,mfh,perm,2100,23.76165779195354
C-EEU-CZE,rur,sfh,perm,2015,40.93952905
C-EEU-CZE,rur,sfh,perm,2020,42.82374431
C-EEU-CZE,rur,sfh,perm,2025,44.68743975
C-EEU-CZE,rur,sfh,perm,2030,43.211974702962024
C-EEU-CZE,rur,sfh,perm,2035,41.736509655924046
C-EEU-CZE,rur,sfh,perm,2040,40.261044608886074
C-EEU-CZE,rur,sfh,perm,2045,38.785579561848095
C-EEU-CZE,rur,sfh,perm,2050,37.31011451481012
C-EEU-CZE,rur,sfh,perm,2055,37.31011451481012
C-EEU-CZE,rur,sfh,perm,2060,37.31011451481012
C-EEU-CZE,rur,sfh,perm,2065,37.31011451481012
C-EEU-CZE,rur,sfh,perm,2070,37.31011451481012
C-EEU-CZE,rur,sfh,perm,2075,37.31011451481012
C-EEU-CZE,rur,sfh,perm,2080,37.31011451481012
C-EEU-CZE,rur,sfh,perm,2085,37.31011451481012
C-EEU-CZE,rur,sfh,perm,2090,37.31011451481012
C-EEU-CZE,rur,sfh,perm,2095,37.31011451481012
C-EEU-CZE,rur,sfh,perm,2100,37.31011451481012
C-EEU-CZE,urb,mfh,perm,2015,23.02780878
C-EEU-CZE,urb,mfh,perm,2020,24.08764874
C-EEU-CZE,urb,mfh,perm,2025,25.13594663
C-EEU-CZE,urb,mfh,perm,2030,24.611026054048168
C-EEU-CZE,urb,mfh,perm,2035,24.086105478096332
C-EEU-CZE,urb,mfh,perm,2040,23.5611849021445
C-EEU-CZE,urb,mfh,perm,2045,23.036264326192665
C-EEU-CZE,urb,mfh,perm,2050,22.511343750240833
C-EEU-CZE,urb,mfh,perm,2055,22.511343750240833
C-EEU-CZE,urb,mfh,perm,2060,22.511343750240833
C-EEU-CZE,urb,mfh,perm,2065,22.511343750240833
C-EEU-CZE,urb,mfh,perm,2070,22.511343750240833
C-EEU-CZE,urb,mfh,perm,2075,22.511343750240833
C-EEU-CZE,urb,mfh,perm,2080,22.511343750240833
C-EEU-CZE,urb,mfh,perm,2085,22.511343750240833
C-EEU-CZE,urb,mfh,perm,2090,22.511343750240833
C-EEU-CZE,urb,mfh,perm,2095,22.511343750240833
C-EEU-CZE,urb,mfh,perm,2100,22.511343750240833
C-EEU-CZE,urb,sfh,perm,2015,40.22711294
C-EEU-CZE,urb,sfh,perm,2020,42.07853972
C-EEU-CZE,urb,sfh,perm,2025,43.90980374
C-EEU-CZE,urb,sfh,perm,2030,42.59885803990385
C-EEU-CZE,urb,sfh,perm,2035,41.2879123398077
C-EEU-CZE,urb,sfh,perm,2040,39.97696663971155
C-EEU-CZE,urb,sfh,perm,2045,38.66602093961539
C-EEU-CZE,urb,sfh,perm,2050,37.355075239519245
C-EEU-CZE,urb,sfh,perm,2055,37.355075239519245
C-EEU-CZE,urb,sfh,perm,2060,37.355075239519245
C-EEU-CZE,urb,sfh,perm,2065,37.355075239519245
C-EEU-CZE,urb,sfh,perm,2070,37.355075239519245
C-EEU-CZE,urb,sfh,perm,2075,37.355075239519245
C-EEU-CZE,urb,sfh,perm,2080,37.355075239519245
C-EEU-CZE,urb,sfh,perm,2085,37.355075239519245
C-EEU-CZE,urb,sfh,perm,2090,37.355075239519245
C-EEU-CZE,urb,sfh,perm,2095,37.355075239519245
C-EEU-CZE,urb,sfh,perm,2100,37.355075239519245
C-EEU-EST,rur,mfh,perm,2015,19.10440617
C-EEU-EST,rur,mfh,perm,2020,20.5975865
C-EEU-EST,rur,mfh,perm,2025,22.08014864
C-EEU-EST,rur,mfh,perm,2030,21.58962839541198
C-EEU-EST,rur,mfh,perm,2035,21.09910815082396
C-EEU-EST,rur,mfh,perm,2040,20.60858790623594
C-EEU-EST,rur,mfh,perm,2045,20.118067661647917
C-EEU-EST,rur,mfh,perm,2050,19.627547417059898
C-EEU-EST,rur,mfh,perm,2055,19.627547417059898
C-EEU-EST,rur,mfh,perm,2060,19.627547417059898
C-EEU-EST,rur,mfh,perm,2065,19.627547417059898
C-EEU-EST,rur,mfh,perm,2070,19.627547417059898
C-EEU-EST,rur,mfh,perm,2075,19.627547417059898
C-EEU-EST,rur,mfh,perm,2080,19.627547417059898
C-EEU-EST,rur,mfh,perm,2085,19.627547417059898
C-EEU-EST,rur,mfh,perm,2090,19.627547417059898
C-EEU-EST,rur,mfh,perm,2095,19.627547417059898
C-EEU-EST,rur,mfh,perm,2100,19.627547417059898
C-EEU-EST,rur,sfh,perm,2015,31.93789745
C-EEU-EST,rur,sfh,perm,2020,34.43412998
C-EEU-EST,rur,sfh,perm,2025,36.9126115
C-EEU-EST,rur,sfh,perm,2030,35.69385141063636
C-EEU-EST,rur,sfh,perm,2035,34.47509132127273
C-EEU-EST,rur,sfh,perm,2040,33.25633123190909
C-EEU-EST,rur,sfh,perm,2045,32.03757114254545
C-EEU-EST,rur,sfh,perm,2050,30.81881105318182
C-EEU-EST,rur,sfh,perm,2055,30.81881105318182
C-EEU-EST,rur,sfh,perm,2060,30.81881105318182
C-EEU-EST,rur,sfh,perm,2065,30.81881105318182
C-EEU-EST,rur,sfh,perm,2070,30.81881105318182
C-EEU-EST,rur,sfh,perm,2075,30.81881105318182
C-EEU-EST,rur,sfh,perm,2080,30.81881105318182
C-EEU-EST,rur,sfh,perm,2085,30.81881105318182
C-EEU-EST,rur,sfh,perm,2090,30.81881105318182
C-EEU-EST,rur,sfh,perm,2095,30.81881105318182
C-EEU-EST,rur,sfh,perm,2100,30.81881105318182
C-EEU-EST,urb,mfh,perm,2015,17.96453971
C-EEU-EST,urb,mfh,perm,2020,19.36862927
C-EEU-EST,urb,mfh,perm,2025,20.76273418
C-EEU-EST,urb,mfh,perm,2030,20.32914054835644
C-EEU-EST,urb,mfh,perm,2035,19.895546916712878
C-EEU-EST,urb,mfh,perm,2040,19.46195328506932
C-EEU-EST,urb,mfh,perm,2045,19.02835965342576
C-EEU-EST,urb,mfh,perm,2050,18.5947660217822
C-EEU-EST,urb,mfh,perm,2055,18.5947660217822
C-EEU-EST,urb,mfh,perm,2060,18.5947660217822
C-EEU-EST,urb,mfh,perm,2065,18.5947660217822
C-EEU-EST,urb,mfh,perm,2070,18.5947660217822
C-EEU-EST,urb,mfh,perm,2075,18.5947660217822
C-EEU-EST,urb,mfh,perm,2080,18.5947660217822
C-EEU-EST,urb,mfh,perm,2085,18.5947660217822
C-EEU-EST,urb,mfh,perm,2090,18.5947660217822
C-EEU-EST,urb,mfh,perm,2095,18.5947660217822
C-EEU-EST,urb,mfh,perm,2100,18.5947660217822
C-EEU-EST,urb,sfh,perm,2015,31.38212475
C-EEU-EST,urb,sfh,perm,2020,33.83491867
C-EEU-EST,urb,sfh,perm,2025,36.27027047
C-EEU-EST,urb,sfh,perm,2030,35.18740625599632
C-EEU-EST,urb,sfh,perm,2035,34.104542041992644
C-EEU-EST,urb,sfh,perm,2040,33.02167782798897
C-EEU-EST,urb,sfh,perm,2045,31.938813613985285
C-EEU-EST,urb,sfh,perm,2050,30.855949399981608
C-EEU-EST,urb,sfh,perm,2055,30.855949399981608
C-EEU-EST,urb,sfh,perm,2060,30.855949399981608
C-EEU-EST,urb,sfh,perm,2065,30.855949399981608
C-EEU-EST,urb,sfh,perm,2070,30.855949399981608
C-EEU-EST,urb,sfh,perm,2075,30.855949399981608
C-EEU-EST,urb,sfh,perm,2080,30.855949399981608
C-EEU-EST,urb,sfh,perm,2085,30.855949399981608
C-EEU-EST,urb,sfh,perm,2090,30.855949399981608
C-EEU-EST,urb,sfh,perm,2095,30.855949399981608
C-EEU-EST,urb,sfh,perm,2100,30.855949399981608
C-EEU-HRV,rur,mfh,perm,2015,18.36870129
C-EEU-HRV,rur,mfh,perm,2020,19.87527447
C-EEU-HRV,rur,mfh,perm,2025,21.36755069
C-EEU-HRV,rur,mfh,perm,2030,20.892861123294903
C-EEU-HRV,rur,mfh,perm,2035,20.418171556589808
C-EEU-HRV,rur,mfh,perm,2040,19.94348198988471
C-EEU-HRV,rur,mfh,perm,2045,19.468792423179615
C-EEU-HRV,rur,mfh,perm,2050,18.994102856474516
C-EEU-HRV,rur,mfh,perm,2055,18.994102856474516
C-EEU-HRV,rur,mfh,perm,2060,18.994102856474516
C-EEU-HRV,rur,mfh,perm,2065,18.994102856474516
C-EEU-HRV,rur,mfh,perm,2070,18.994102856474516
C-EEU-HRV,rur,mfh,perm,2075,18.994102856474516
C-EEU-HRV,rur,mfh,perm,2080,18.994102856474516
C-EEU-HRV,rur,mfh,perm,2085,18.994102856474516
C-EEU-HRV,rur,mfh,perm,2090,18.994102856474516
C-EEU-HRV,rur,mfh,perm,2095,18.994102856474516
C-EEU-HRV,rur,mfh,perm,2100,18.994102856474516
C-EEU-HRV,rur,sfh,perm,2015,30.70797871
C-EEU-HRV,rur,sfh,perm,2020,33.22660083
C-EEU-HRV,rur,sfh,perm,2025,35.72132191
C-EEU-HRV,rur,sfh,perm,2030,34.54189515816428
C-EEU-HRV,rur,sfh,perm,2035,33.36246840632856
C-EEU-HRV,rur,sfh,perm,2040,32.18304165449285
C-EEU-HRV,rur,sfh,perm,2045,31.003614902657127
C-EEU-HRV,rur,sfh,perm,2050,29.824188150821406
C-EEU-HRV,rur,sfh,perm,2055,29.824188150821406
C-EEU-HRV,rur,sfh,perm,2060,29.824188150821406
C-EEU-HRV,rur,sfh,perm,2065,29.824188150821406
C-EEU-HRV,rur,sfh,perm,2070,29.824188150821406
C-EEU-HRV,rur,sfh,perm,2075,29.824188150821406
C-EEU-HRV,rur,sfh,perm,2080,29.824188150821406
C-EEU-HRV,rur,sfh,perm,2085,29.824188150821406
C-EEU-HRV,rur,sfh,perm,2090,29.824188150821406
C-EEU-HRV,rur,sfh,perm,2095,29.824188150821406
C-EEU-HRV,rur,sfh,perm,2100,29.824188150821406
C-EEU-HRV,urb,mfh,perm,2015,17.29726715
C-EEU-HRV,urb,mfh,perm,2020,18.71532208
C-EEU-HRV,urb,mfh,perm,2025,20.11928779
C-EEU-HRV,urb,mfh,perm,2030,19.699131418333348
C-EEU-HRV,urb,mfh,perm,2035,19.27897504666669
C-EEU-HRV,urb,mfh,perm,2040,18.858818675000038
C-EEU-HRV,urb,mfh,perm,2045,18.43866230333338
C-EEU-HRV,urb,mfh,perm,2050,18.018505931666727
C-EEU-HRV,urb,mfh,perm,2055,18.018505931666727
C-EEU-HRV,urb,mfh,perm,2060,18.018505931666727
C-EEU-HRV,urb,mfh,perm,2065,18.018505931666727
C-EEU-HRV,urb,mfh,perm,2070,18.018505931666727
C-EEU-HRV,urb,mfh,perm,2075,18.018505931666727
C-EEU-HRV,urb,mfh,perm,2080,18.018505931666727
C-EEU-HRV,urb,mfh,perm,2085,18.018505931666727
C-EEU-HRV,urb,mfh,perm,2090,18.018505931666727
C-EEU-HRV,urb,mfh,perm,2095,18.018505931666727
C-EEU-HRV,urb,mfh,perm,2100,18.018505931666727
C-EEU-HRV,urb,sfh,perm,2015,30.21647113
C-EEU-HRV,urb,sfh,perm,2020,32.69366105
C-EEU-HRV,urb,sfh,perm,2025,35.14623862
C-EEU-HRV,urb,sfh,perm,2030,34.09693285069477
C-EEU-HRV,urb,sfh,perm,2035,33.04762708138954
C-EEU-HRV,urb,sfh,perm,2040,31.998321312084315
C-EEU-HRV,urb,sfh,perm,2045,30.949015542779087
C-EEU-HRV,urb,sfh,perm,2050,29.89970977347386
C-EEU-HRV,urb,sfh,perm,2055,29.89970977347386
C-EEU-HRV,urb,sfh,perm,2060,29.89970977347386
C-EEU-HRV,urb,sfh,perm,2065,29.89970977347386
C-EEU-HRV,urb,sfh,perm,2070,29.89970977347386
C-EEU-HRV,urb,sfh,perm,2075,29.89970977347386
C-EEU-HRV,urb,sfh,perm,2080,29.89970977347386
C-EEU-HRV,urb,sfh,perm,2085,29.89970977347386
C-EEU-HRV,urb,sfh,perm,2090,29.89970977347386
C-EEU-HRV,urb,sfh,perm,2095,29.89970977347386
C-EEU-HRV,urb,sfh,perm,2100,29.89970977347386
C-EEU-HUN,rur,mfh,perm,2015,24.96969496
C-EEU-HUN,rur,mfh,perm,2020,25.98849606
C-EEU-HUN,rur,mfh,perm,2025,26.99863654
C-EEU-HUN,rur,mfh,perm,2030,26.398849916500897
C-EEU-HUN,rur,mfh,perm,2035,25.799063293001797
C-EEU-HUN,rur,mfh,perm,2040,25.199276669502694
C-EEU-HUN,rur,mfh,perm,2045,24.599490046003595
C-EEU-HUN,rur,mfh,perm,2050,23.999703422504492
C-EEU-HUN,rur,mfh,perm,2055,23.999703422504492
C-EEU-HUN,rur,mfh,perm,2060,23.999703422504492
C-EEU-HUN,rur,mfh,perm,2065,23.999703422504492
C-EEU-HUN,rur,mfh,perm,2070,23.999703422504492
C-EEU-HUN,rur,mfh,perm,2075,23.999703422504492
C-EEU-HUN,rur,mfh,perm,2080,23.999703422504492
C-EEU-HUN,rur,mfh,perm,2085,23.999703422504492
C-EEU-HUN,rur,mfh,perm,2090,23.999703422504492
C-EEU-HUN,rur,mfh,perm,2095,23.999703422504492
C-EEU-HUN,rur,mfh,perm,2100,23.999703422504492
C-EEU-HUN,rur,sfh,perm,2015,41.74322666
C-EEU-HUN,rur,sfh,perm,2020,43.44641306
C-EEU-HUN,rur,sfh,perm,2025,45.13512104
C-EEU-HUN,rur,sfh,perm,2030,43.64487470096358
C-EEU-HUN,rur,sfh,perm,2035,42.154628361927145
C-EEU-HUN,rur,sfh,perm,2040,40.66438202289072
C-EEU-HUN,rur,sfh,perm,2045,39.17413568385429
C-EEU-HUN,rur,sfh,perm,2050,37.683889344817864
C-EEU-HUN,rur,sfh,perm,2055,37.683889344817864
C-EEU-HUN,rur,sfh,perm,2060,37.683889344817864
C-EEU-HUN,rur,sfh,perm,2065,37.683889344817864
C-EEU-HUN,rur,sfh,perm,2070,37.683889344817864
C-EEU-HUN,rur,sfh,perm,2075,37.683889344817864
C-EEU-HUN,rur,sfh,perm,2080,37.683889344817864
C-EEU-HUN,rur,sfh,perm,2085,37.683889344817864
C-EEU-HUN,rur,sfh,perm,2090,37.683889344817864
C-EEU-HUN,rur,sfh,perm,2095,37.683889344817864
C-EEU-HUN,rur,sfh,perm,2100,37.683889344817864
C-EEU-HUN,urb,mfh,perm,2015,23.47987541
C-EEU-HUN,urb,mfh,perm,2020,24.43788962
C-EEU-HUN,urb,mfh,perm,2025,25.38775996
C-EEU-HUN,urb,mfh,perm,2030,24.857580700133784
C-EEU-HUN,urb,mfh,perm,2035,24.32740144026757
C-EEU-HUN,urb,mfh,perm,2040,23.797222180401356
C-EEU-HUN,urb,mfh,perm,2045,23.26704292053514
C-EEU-HUN,urb,mfh,perm,2050,22.736863660668924
C-EEU-HUN,urb,mfh,perm,2055,22.736863660668924
C-EEU-HUN,urb,mfh,perm,2060,22.736863660668924
C-EEU-HUN,urb,mfh,perm,2065,22.736863660668924
C-EEU-HUN,urb,mfh,perm,2070,22.736863660668924
C-EEU-HUN,urb,mfh,perm,2075,22.736863660668924
C-EEU-HUN,urb,mfh,perm,2080,22.736863660668924
C-EEU-HUN,urb,mfh,perm,2085,22.736863660668924
C-EEU-HUN,urb,mfh,perm,2090,22.736863660668924
C-EEU-HUN,urb,mfh,perm,2095,22.736863660668924
C-EEU-HUN,urb,mfh,perm,2100,22.736863660668924
C-EEU-HUN,urb,sfh,perm,2015,41.01682487
C-EEU-HUN,urb,sfh,perm,2020,42.69037299
C-EEU-HUN,urb,sfh,perm,2025,44.34969463
C-EEU-HUN,urb,sfh,perm,2030,43.0256158019543
C-EEU-HUN,urb,sfh,perm,2035,41.7015369739086
C-EEU-HUN,urb,sfh,perm,2040,40.37745814586291
C-EEU-HUN,urb,sfh,perm,2045,39.05337931781721
C-EEU-HUN,urb,sfh,perm,2050,37.72930048977151
C-EEU-HUN,urb,sfh,perm,2055,37.72930048977151
C-EEU-HUN,urb,sfh,perm,2060,37.72930048977151
C-EEU-HUN,urb,sfh,perm,2065,37.72930048977151
C-EEU-HUN,urb,sfh,perm,2070,37.72930048977151
C-EEU-HUN,urb,sfh,perm,2075,37.72930048977151
C-EEU-HUN,urb,sfh,perm,2080,37.72930048977151
C-EEU-HUN,urb,sfh,perm,2085,37.72930048977151
C-EEU-HUN,urb,sfh,perm,2090,37.72930048977151
C-EEU-HUN,urb,sfh,perm,2095,37.72930048977151
C-EEU-HUN,urb,sfh,perm,2100,37.72930048977151
C-EEU-LTU,rur,mfh,perm,2015,18.96811301
C-EEU-LTU,rur,mfh,perm,2020,20.46014918
C-EEU-LTU,rur,mfh,perm,2025,21.94363742
C-EEU-LTU,rur,mfh,perm,2030,21.603779741319748
C-EEU-LTU,rur,mfh,perm,2035,21.263922062639494
C-EEU-LTU,rur,mfh,perm,2040,20.924064383959237
C-EEU-LTU,rur,mfh,perm,2045,20.584206705278984
C-EEU-LTU,rur,mfh,perm,2050,20.24434902659873
C-EEU-LTU,rur,mfh,perm,2055,20.24434902659873
C-EEU-LTU,rur,mfh,perm,2060,20.24434902659873
C-EEU-LTU,rur,mfh,perm,2065,20.24434902659873
C-EEU-LTU,rur,mfh,perm,2070,20.24434902659873
C-EEU-LTU,rur,mfh,perm,2075,20.24434902659873
C-EEU-LTU,rur,mfh,perm,2080,20.24434902659873
C-EEU-LTU,rur,mfh,perm,2085,20.24434902659873
C-EEU-LTU,rur,mfh,perm,2090,20.24434902659873
C-EEU-LTU,rur,mfh,perm,2095,20.24434902659873
C-EEU-LTU,rur,mfh,perm,2100,20.24434902659873
C-EEU-LTU,rur,sfh,perm,2015,31.7100486
C-EEU-LTU,rur,sfh,perm,2020,34.20436838
C-EEU-LTU,rur,sfh,perm,2025,36.6843981
C-EEU-LTU,rur,sfh,perm,2030,36.13233446926089
C-EEU-LTU,rur,sfh,perm,2035,35.580270838521784
C-EEU-LTU,rur,sfh,perm,2040,35.02820720778267
C-EEU-LTU,rur,sfh,perm,2045,34.476143577043565
C-EEU-LTU,rur,sfh,perm,2050,33.92407994630445
C-EEU-LTU,rur,sfh,perm,2055,33.92407994630445
C-EEU-LTU,rur,sfh,perm,2060,33.92407994630445
C-EEU-LTU,rur,sfh,perm,2065,33.92407994630445
C-EEU-LTU,rur,sfh,perm,2070,33.92407994630445
C-EEU-LTU,rur,sfh,perm,2075,33.92407994630445
C-EEU-LTU,rur,sfh,perm,2080,33.92407994630445
C-EEU-LTU,rur,sfh,perm,2085,33.92407994630445
C-EEU-LTU,rur,sfh,perm,2090,33.92407994630445
C-EEU-LTU,rur,sfh,perm,2095,33.92407994630445
C-EEU-LTU,rur,sfh,perm,2100,33.92407994630445
C-EEU-LTU,urb,mfh,perm,2015,17.83637849
C-EEU-LTU,urb,mfh,perm,2020,19.23939216
C-EEU-LTU,urb,mfh,perm,2025,20.63436792
C-EEU-LTU,urb,mfh,perm,2030,20.399048952922026
C-EEU-LTU,urb,mfh,perm,2035,20.163729985844054
C-EEU-LTU,urb,mfh,perm,2040,19.92841101876608
C-EEU-LTU,urb,mfh,perm,2045,19.693092051688108
C-EEU-LTU,urb,mfh,perm,2050,19.457773084610135
C-EEU-LTU,urb,mfh,perm,2055,19.457773084610135
C-EEU-LTU,urb,mfh,perm,2060,19.457773084610135
C-EEU-LTU,urb,mfh,perm,2065,19.457773084610135
C-EEU-LTU,urb,mfh,perm,2070,19.457773084610135
C-EEU-LTU,urb,mfh,perm,2075,19.457773084610135
C-EEU-LTU,urb,mfh,perm,2080,19.457773084610135
C-EEU-LTU,urb,mfh,perm,2085,19.457773084610135
C-EEU-LTU,urb,mfh,perm,2090,19.457773084610135
C-EEU-LTU,urb,mfh,perm,2095,19.457773084610135
C-EEU-LTU,urb,mfh,perm,2100,19.457773084610135
C-EEU-LTU,urb,sfh,perm,2015,31.15824085
C-EEU-LTU,urb,sfh,perm,2020,33.6091553
C-EEU-LTU,urb,sfh,perm,2025,36.04602837
C-EEU-LTU,urb,sfh,perm,2030,35.4316690240189
C-EEU-LTU,urb,sfh,perm,2035,34.8173096780378
C-EEU-LTU,urb,sfh,perm,2040,34.202950332056695
C-EEU-LTU,urb,sfh,perm,2045,33.588590986075594
C-EEU-LTU,urb,sfh,perm,2050,32.974231640094494
C-EEU-LTU,urb,sfh,perm,2055,32.974231640094494
C-EEU-LTU,urb,sfh,perm,2060,32.974231640094494
C-EEU-LTU,urb,sfh,perm,2065,32.974231640094494
C-EEU-LTU,urb,sfh,perm,2070,32.974231640094494
C-EEU-LTU,urb,sfh,perm,2075,32.974231640094494
C-EEU-LTU,urb,sfh,perm,2080,32.974231640094494
C-EEU-LTU,urb,sfh,perm,2085,32.974231640094494
C-EEU-LTU,urb,sfh,perm,2090,32.974231640094494
C-EEU-LTU,urb,sfh,perm,2095,32.974231640094494
C-EEU-LTU,urb,sfh,perm,2100,32.974231640094494
C-EEU-LVA,rur,mfh,perm,2015,19.00055328
C-EEU-LVA,rur,mfh,perm,2020,20.48484977
C-EEU-LVA,rur,mfh,perm,2025,21.95948231
C-EEU-LVA,rur,mfh,perm,2030,21.471642721175222
C-EEU-LVA,rur,mfh,perm,2035,20.98380313235045
C-EEU-LVA,rur,mfh,perm,2040,20.495963543525672
C-EEU-LVA,rur,mfh,perm,2045,20.0081239547009
C-EEU-LVA,rur,mfh,perm,2050,19.520284365876122
C-EEU-LVA,rur,mfh,perm,2055,19.520284365876122
C-EEU-LVA,rur,mfh,perm,2060,19.520284365876122
C-EEU-LVA,rur,mfh,perm,2065,19.520284365876122
C-EEU-LVA,rur,mfh,perm,2070,19.520284365876122
C-EEU-LVA,rur,mfh,perm,2075,19.520284365876122
C-EEU-LVA,rur,mfh,perm,2080,19.520284365876122
C-EEU-LVA,rur,mfh,perm,2085,19.520284365876122
C-EEU-LVA,rur,mfh,perm,2090,19.520284365876122
C-EEU-LVA,rur,mfh,perm,2095,19.520284365876122
C-EEU-LVA,rur,mfh,perm,2100,19.520284365876122
C-EEU-LVA,rur,sfh,perm,2015,31.76428079
C-EEU-LVA,rur,sfh,perm,2020,34.24566172
C-EEU-LVA,rur,sfh,perm,2025,36.71088689
C-EEU-LVA,rur,sfh,perm,2030,35.498787231684716
C-EEU-LVA,rur,sfh,perm,2035,34.286687573369434
C-EEU-LVA,rur,sfh,perm,2040,33.07458791505415
C-EEU-LVA,rur,sfh,perm,2045,31.86248825673887
C-EEU-LVA,rur,sfh,perm,2050,30.65038859842359
C-EEU-LVA,rur,sfh,perm,2055,30.65038859842359
C-EEU-LVA,rur,sfh,perm,2060,30.65038859842359
C-EEU-LVA,rur,sfh,perm,2065,30.65038859842359
C-EEU-LVA,rur,sfh,perm,2070,30.65038859842359
C-EEU-LVA,rur,sfh,perm,2075,30.65038859842359
C-EEU-LVA,rur,sfh,perm,2080,30.65038859842359
C-EEU-LVA,rur,sfh,perm,2085,30.65038859842359
C-EEU-LVA,rur,sfh,perm,2090,30.65038859842359
C-EEU-LVA,rur,sfh,perm,2095,30.65038859842359
C-EEU-LVA,rur,sfh,perm,2100,30.65038859842359
C-EEU-LVA,urb,mfh,perm,2015,17.86688321
C-EEU-LVA,urb,mfh,perm,2020,19.26261899
C-EEU-LVA,urb,mfh,perm,2025,20.64926742
C-EEU-LVA,urb,mfh,perm,2030,20.21804334450992
C-EEU-LVA,urb,mfh,perm,2035,19.786819269019833
C-EEU-LVA,urb,mfh,perm,2040,19.35559519352975
C-EEU-LVA,urb,mfh,perm,2045,18.924371118039666
C-EEU-LVA,urb,mfh,perm,2050,18.493147042549584
C-EEU-LVA,urb,mfh,perm,2055,18.493147042549584
C-EEU-LVA,urb,mfh,perm,2060,18.493147042549584
C-EEU-LVA,urb,mfh,perm,2065,18.493147042549584
C-EEU-LVA,urb,mfh,perm,2070,18.493147042549584
C-EEU-LVA,urb,mfh,perm,2075,18.493147042549584
C-EEU-LVA,urb,mfh,perm,2080,18.493147042549584
C-EEU-LVA,urb,mfh,perm,2085,18.493147042549584
C-EEU-LVA,urb,mfh,perm,2090,18.493147042549584
C-EEU-LVA,urb,mfh,perm,2095,18.493147042549584
C-EEU-LVA,urb,mfh,perm,2100,18.493147042549584
C-EEU-LVA,urb,sfh,perm,2015,31.21152931
C-EEU-LVA,urb,sfh,perm,2020,33.64973007
C-EEU-LVA,urb,sfh,perm,2025,36.07205621
C-EEU-LVA,urb,sfh,perm,2030,34.9951097662825
C-EEU-LVA,urb,sfh,perm,2035,33.91816332256501
C-EEU-LVA,urb,sfh,perm,2040,32.84121687884752
C-EEU-LVA,urb,sfh,perm,2045,31.764270435130022
C-EEU-LVA,urb,sfh,perm,2050,30.687323991412526
C-EEU-LVA,urb,sfh,perm,2055,30.687323991412526
C-EEU-LVA,urb,sfh,perm,2060,30.687323991412526
C-EEU-LVA,urb,sfh,perm,2065,30.687323991412526
C-EEU-LVA,urb,sfh,perm,2070,30.687323991412526
C-EEU-LVA,urb,sfh,perm,2075,30.687323991412526
C-EEU-LVA,urb,sfh,perm,2080,30.687323991412526
C-EEU-LVA,urb,sfh,perm,2085,30.687323991412526
C-EEU-LVA,urb,sfh,perm,2090,30.687323991412526
C-EEU-LVA,urb,sfh,perm,2095,30.687323991412526
C-EEU-LVA,urb,sfh,perm,2100,30.687323991412526
C-EEU-POL,rur,mfh,perm,2015,21.04693461
C-EEU-POL,rur,mfh,perm,2020,22.38035222
C-EEU-POL,rur,mfh,perm,2025,23.69993325
C-EEU-POL,rur,mfh,perm,2030,23.17342877559399
C-EEU-POL,rur,mfh,perm,2035,22.64692430118798
C-EEU-POL,rur,mfh,perm,2040,22.120419826781973
C-EEU-POL,rur,mfh,perm,2045,21.593915352375962
C-EEU-POL,rur,mfh,perm,2050,21.06741087796995
C-EEU-POL,rur,mfh,perm,2055,21.06741087796995
C-EEU-POL,rur,mfh,perm,2060,21.06741087796995
C-EEU-POL,rur,mfh,perm,2065,21.06741087796995
C-EEU-POL,rur,mfh,perm,2070,21.06741087796995
C-EEU-POL,rur,mfh,perm,2075,21.06741087796995
C-EEU-POL,rur,mfh,perm,2080,21.06741087796995
C-EEU-POL,rur,mfh,perm,2085,21.06741087796995
C-EEU-POL,rur,mfh,perm,2090,21.06741087796995
C-EEU-POL,rur,mfh,perm,2095,21.06741087796995
C-EEU-POL,rur,mfh,perm,2100,21.06741087796995
C-EEU-POL,rur,sfh,perm,2015,35.18533019
C-EEU-POL,rur,sfh,perm,2020,37.41447851
C-EEU-POL,rur,sfh,perm,2025,39.62049544
C-EEU-POL,rur,sfh,perm,2030,38.312327943829054
C-EEU-POL,rur,sfh,perm,2035,37.0041604476581
C-EEU-POL,rur,sfh,perm,2040,35.695992951487156
C-EEU-POL,rur,sfh,perm,2045,34.387825455316204
C-EEU-POL,rur,sfh,perm,2050,33.07965795914526
C-EEU-POL,rur,sfh,perm,2055,33.07965795914526
C-EEU-POL,rur,sfh,perm,2060,33.07965795914526
C-EEU-POL,rur,sfh,perm,2065,33.07965795914526
C-EEU-POL,rur,sfh,perm,2070,33.07965795914526
C-EEU-POL,rur,sfh,perm,2075,33.07965795914526
C-EEU-POL,rur,sfh,perm,2080,33.07965795914526
C-EEU-POL,rur,sfh,perm,2085,33.07965795914526
C-EEU-POL,rur,sfh,perm,2090,33.07965795914526
C-EEU-POL,rur,sfh,perm,2095,33.07965795914526
C-EEU-POL,rur,sfh,perm,2100,33.07965795914526
C-EEU-POL,urb,mfh,perm,2015,19.79116698
C-EEU-POL,urb,mfh,perm,2020,21.04502608
C-EEU-POL,urb,mfh,perm,2025,22.28587417
C-EEU-POL,urb,mfh,perm,2030,21.820472405860972
C-EEU-POL,urb,mfh,perm,2035,21.35507064172194
C-EEU-POL,urb,mfh,perm,2040,20.889668877582913
C-EEU-POL,urb,mfh,perm,2045,20.424267113443882
C-EEU-POL,urb,mfh,perm,2050,19.958865349304855
C-EEU-POL,urb,mfh,perm,2055,19.958865349304855
C-EEU-POL,urb,mfh,perm,2060,19.958865349304855
C-EEU-POL,urb,mfh,perm,2065,19.958865349304855
C-EEU-POL,urb,mfh,perm,2070,19.958865349304855
C-EEU-POL,urb,mfh,perm,2075,19.958865349304855
C-EEU-POL,urb,mfh,perm,2080,19.958865349304855
C-EEU-POL,urb,mfh,perm,2085,19.958865349304855
C-EEU-POL,urb,mfh,perm,2090,19.958865349304855
C-EEU-POL,urb,mfh,perm,2095,19.958865349304855
C-EEU-POL,urb,mfh,perm,2100,19.958865349304855
C-EEU-POL,urb,sfh,perm,2015,34.57304674
C-EEU-POL,urb,sfh,perm,2020,36.76340416
C-EEU-POL,urb,sfh,perm,2025,38.93103272
C-EEU-POL,urb,sfh,perm,2030,37.76873032742304
C-EEU-POL,urb,sfh,perm,2035,36.60642793484609
C-EEU-POL,urb,sfh,perm,2040,35.44412554226913
C-EEU-POL,urb,sfh,perm,2045,34.28182314969217
C-EEU-POL,urb,sfh,perm,2050,33.11952075711522
C-EEU-POL,urb,sfh,perm,2055,33.11952075711522
C-EEU-POL,urb,sfh,perm,2060,33.11952075711522
C-EEU-POL,urb,sfh,perm,2065,33.11952075711522
C-EEU-POL,urb,sfh,perm,2070,33.11952075711522
C-EEU-POL,urb,sfh,perm,2075,33.11952075711522
C-EEU-POL,urb,sfh,perm,2080,33.11952075711522
C-EEU-POL,urb,sfh,perm,2085,33.11952075711522
C-EEU-POL,urb,sfh,perm,2090,33.11952075711522
C-EEU-POL,urb,sfh,perm,2095,33.11952075711522
C-EEU-POL,urb,sfh,perm,2100,33.11952075711522
C-EEU-ROU,rur,mfh,perm,2015,18.50469658
C-EEU-ROU,rur,mfh,perm,2020,20.01037625
C-EEU-ROU,rur,mfh,perm,2025,21.49582205
C-EEU-ROU,rur,mfh,perm,2030,21.018282878434597
C-EEU-ROU,rur,mfh,perm,2035,20.540743706869193
C-EEU-ROU,rur,mfh,perm,2040,20.06320453530379
C-EEU-ROU,rur,mfh,perm,2045,19.585665363738386
C-EEU-ROU,rur,mfh,perm,2050,19.108126192172982
C-EEU-ROU,rur,mfh,perm,2055,19.108126192172982
C-EEU-ROU,rur,mfh,perm,2060,19.108126192172982
C-EEU-ROU,rur,mfh,perm,2065,19.108126192172982
C-EEU-ROU,rur,mfh,perm,2070,19.108126192172982
C-EEU-ROU,rur,mfh,perm,2075,19.108126192172982
C-EEU-ROU,rur,mfh,perm,2080,19.108126192172982
C-EEU-ROU,rur,mfh,perm,2085,19.108126192172982
C-EEU-ROU,rur,mfh,perm,2090,19.108126192172982
C-EEU-ROU,rur,mfh,perm,2095,19.108126192172982
C-EEU-ROU,rur,mfh,perm,2100,19.108126192172982
C-EEU-ROU,rur,sfh,perm,2015,30.9353296
C-EEU-ROU,rur,sfh,perm,2020,33.45245798
C-EEU-ROU,rur,sfh,perm,2025,35.93576026
C-EEU-ROU,rur,sfh,perm,2030,34.74925330191529
C-EEU-ROU,rur,sfh,perm,2035,33.562746343830575
C-EEU-ROU,rur,sfh,perm,2040,32.37623938574586
C-EEU-ROU,rur,sfh,perm,2045,31.18973242766115
C-EEU-ROU,rur,sfh,perm,2050,30.003225469576435
C-EEU-ROU,rur,sfh,perm,2055,30.003225469576435
C-EEU-ROU,rur,sfh,perm,2060,30.003225469576435
C-EEU-ROU,rur,sfh,perm,2065,30.003225469576435
C-EEU-ROU,rur,sfh,perm,2070,30.003225469576435
C-EEU-ROU,rur,sfh,perm,2075,30.003225469576435
C-EEU-ROU,rur,sfh,perm,2080,30.003225469576435
C-EEU-ROU,rur,sfh,perm,2085,30.003225469576435
C-EEU-ROU,rur,sfh,perm,2090,30.003225469576435
C-EEU-ROU,rur,sfh,perm,2095,30.003225469576435
C-EEU-ROU,rur,sfh,perm,2100,30.003225469576435
C-EEU-ROU,urb,mfh,perm,2015,17.40061185
C-EEU-ROU,urb,mfh,perm,2020,18.81645499
C-EEU-ROU,urb,mfh,perm,2025,20.2132715
C-EEU-ROU,urb,mfh,perm,2030,19.791152441830647
C-EEU-ROU,urb,mfh,perm,2035,19.369033383661293
C-EEU-ROU,urb,mfh,perm,2040,18.946914325491935
C-EEU-ROU,urb,mfh,perm,2045,18.52479526732258
C-EEU-ROU,urb,mfh,perm,2050,18.102676209153227
C-EEU-ROU,urb,mfh,perm,2055,18.102676209153227
C-EEU-ROU,urb,mfh,perm,2060,18.102676209153227
C-EEU-ROU,urb,mfh,perm,2065,18.102676209153227
C-EEU-ROU,urb,mfh,perm,2070,18.102676209153227
C-EEU-ROU,urb,mfh,perm,2075,18.102676209153227
C-EEU-ROU,urb,mfh,perm,2080,18.102676209153227
C-EEU-ROU,urb,mfh,perm,2085,18.102676209153227
C-EEU-ROU,urb,mfh,perm,2090,18.102676209153227
C-EEU-ROU,urb,mfh,perm,2095,18.102676209153227
C-EEU-ROU,urb,mfh,perm,2100,18.102676209153227
C-EEU-ROU,urb,sfh,perm,2015,30.39700325
C-EEU-ROU,urb,sfh,perm,2020,32.8703294
C-EEU-ROU,urb,sfh,perm,2025,35.31041808
C-EEU-ROU,urb,sfh,perm,2030,34.25621066370938
C-EEU-ROU,urb,sfh,perm,2035,33.202003247418766
C-EEU-ROU,urb,sfh,perm,2040,32.14779583112816
C-EEU-ROU,urb,sfh,perm,2045,31.09358841483754
C-EEU-ROU,urb,sfh,perm,2050,30.039380998546925
C-EEU-ROU,urb,sfh,perm,2055,30.039380998546925
C-EEU-ROU,urb,sfh,perm,2060,30.039380998546925
C-EEU-ROU,urb,sfh,perm,2065,30.039380998546925
C-EEU-ROU,urb,sfh,perm,2070,30.039380998546925
C-EEU-ROU,urb,sfh,perm,2075,30.039380998546925
C-EEU-ROU,urb,sfh,perm,2080,30.039380998546925
C-EEU-ROU,urb,sfh,perm,2085,30.039380998546925
C-EEU-ROU,urb,sfh,perm,2090,30.039380998546925
C-EEU-ROU,urb,sfh,perm,2095,30.039380998546925
C-EEU-ROU,urb,sfh,perm,2100,30.039380998546925
C-EEU-SVK,rur,mfh,perm,2015,21.18354096
C-EEU-SVK,rur,mfh,perm,2020,22.46924127
C-EEU-SVK,rur,mfh,perm,2025,23.73463594
C-EEU-SVK,rur,mfh,perm,2030,23.207360530023575
C-EEU-SVK,rur,mfh,perm,2035,22.68008512004715
C-EEU-SVK,rur,mfh,perm,2040,22.15280971007072
C-EEU-SVK,rur,mfh,perm,2045,21.625534300094294
C-EEU-SVK,rur,mfh,perm,2050,21.09825889011787
C-EEU-SVK,rur,mfh,perm,2055,21.09825889011787
C-EEU-SVK,rur,mfh,perm,2060,21.09825889011787
C-EEU-SVK,rur,mfh,perm,2065,21.09825889011787
C-EEU-SVK,rur,mfh,perm,2070,21.09825889011787
C-EEU-SVK,rur,mfh,perm,2075,21.09825889011787
C-EEU-SVK,rur,mfh,perm,2080,21.09825889011787
C-EEU-SVK,rur,mfh,perm,2085,21.09825889011787
C-EEU-SVK,rur,mfh,perm,2090,21.09825889011787
C-EEU-SVK,rur,mfh,perm,2095,21.09825889011787
C-EEU-SVK,rur,mfh,perm,2100,21.09825889011787
C-EEU-SVK,rur,sfh,perm,2015,35.41370261
C-EEU-SVK,rur,sfh,perm,2020,37.56307927
C-EEU-SVK,rur,sfh,perm,2025,39.67850986
C-EEU-SVK,rur,sfh,perm,2030,38.368426875955656
C-EEU-SVK,rur,sfh,perm,2035,37.05834389191131
C-EEU-SVK,rur,sfh,perm,2040,35.74826090786697
C-EEU-SVK,rur,sfh,perm,2045,34.43817792382263
C-EEU-SVK,rur,sfh,perm,2050,33.128094939778286
C-EEU-SVK,rur,sfh,perm,2055,33.128094939778286
C-EEU-SVK,rur,sfh,perm,2060,33.128094939778286
C-EEU-SVK,rur,sfh,perm,2065,33.128094939778286
C-EEU-SVK,rur,sfh,perm,2070,33.128094939778286
C-EEU-SVK,rur,sfh,perm,2075,33.128094939778286
C-EEU-SVK,rur,sfh,perm,2080,33.128094939778286
C-EEU-SVK,rur,sfh,perm,2085,33.128094939778286
C-EEU-SVK,rur,sfh,perm,2090,33.128094939778286
C-EEU-SVK,rur,sfh,perm,2095,33.128094939778286
C-EEU-SVK,rur,sfh,perm,2100,33.128094939778286
C-EEU-SVK,urb,mfh,perm,2015,19.91962269
C-EEU-SVK,urb,mfh,perm,2020,21.12861155
C-EEU-SVK,urb,mfh,perm,2025,22.31850631
C-EEU-SVK,urb,mfh,perm,2030,21.852423080309844
C-EEU-SVK,urb,mfh,perm,2035,21.386339850619684
C-EEU-SVK,urb,mfh,perm,2040,20.92025662092953
C-EEU-SVK,urb,mfh,perm,2045,20.45417339123937
C-EEU-SVK,urb,mfh,perm,2050,19.988090161549213
C-EEU-SVK,urb,mfh,perm,2055,19.988090161549213
C-EEU-SVK,urb,mfh,perm,2060,19.988090161549213
C-EEU-SVK,urb,mfh,perm,2065,19.988090161549213
C-EEU-SVK,urb,mfh,perm,2070,19.988090161549213
C-EEU-SVK,urb,mfh,perm,2075,19.988090161549213
C-EEU-SVK,urb,mfh,perm,2080,19.988090161549213
C-EEU-SVK,urb,mfh,perm,2085,19.988090161549213
C-EEU-SVK,urb,mfh,perm,2090,19.988090161549213
C-EEU-SVK,urb,mfh,perm,2095,19.988090161549213
C-EEU-SVK,urb,mfh,perm,2100,19.988090161549213
C-EEU-SVK,urb,sfh,perm,2015,34.7974451
C-EEU-SVK,urb,sfh,perm,2020,36.90941902
C-EEU-SVK,urb,sfh,perm,2025,38.98803758
C-EEU-SVK,urb,sfh,perm,2030,37.824033283298306
C-EEU-SVK,urb,sfh,perm,2035,36.66002898659661
C-EEU-SVK,urb,sfh,perm,2040,35.49602468989492
C-EEU-SVK,urb,sfh,perm,2045,34.33202039319322
C-EEU-SVK,urb,sfh,perm,2050,33.16801609649153
C-EEU-SVK,urb,sfh,perm,2055,33.16801609649153
C-EEU-SVK,urb,sfh,perm,2060,33.16801609649153
C-EEU-SVK,urb,sfh,perm,2065,33.16801609649153
C-EEU-SVK,urb,sfh,perm,2070,33.16801609649153
C-EEU-SVK,urb,sfh,perm,2075,33.16801609649153
C-EEU-SVK,urb,sfh,perm,2080,33.16801609649153
C-EEU-SVK,urb,sfh,perm,2085,33.16801609649153
C-EEU-SVK,urb,sfh,perm,2090,33.16801609649153
C-EEU-SVK,urb,sfh,perm,2095,33.16801609649153
C-EEU-SVK,urb,sfh,perm,2100,33.16801609649153
C-EEU-SVN,rur,mfh,perm,2015,18.08331222
C-EEU-SVN,rur,mfh,perm,2020,19.56791353
C-EEU-SVN,rur,mfh,perm,2025,21.04369
C-EEU-SVN,rur,mfh,perm,2030,20.57619514142216
C-EEU-SVN,rur,mfh,perm,2035,20.10870028284432
C-EEU-SVN,rur,mfh,perm,2040,19.64120542426648
C-EEU-SVN,rur,mfh,perm,2045,19.17371056568864
C-EEU-SVN,rur,mfh,perm,2050,18.7062157071108
C-EEU-SVN,rur,mfh,perm,2055,18.7062157071108
C-EEU-SVN,rur,mfh,perm,2060,18.7062157071108
C-EEU-SVN,rur,mfh,perm,2065,18.7062157071108
C-EEU-SVN,rur,mfh,perm,2070,18.7062157071108
C-EEU-SVN,rur,mfh,perm,2075,18.7062157071108
C-EEU-SVN,rur,mfh,perm,2080,18.7062157071108
C-EEU-SVN,rur,mfh,perm,2085,18.7062157071108
C-EEU-SVN,rur,mfh,perm,2090,18.7062157071108
C-EEU-SVN,rur,mfh,perm,2095,18.7062157071108
C-EEU-SVN,rur,mfh,perm,2100,18.7062157071108
C-EEU-SVN,rur,sfh,perm,2015,30.23087795
C-EEU-SVN,rur,sfh,perm,2020,32.71276846
C-EEU-SVN,rur,sfh,perm,2025,35.179906
C-EEU-SVN,rur,sfh,perm,2030,34.01835541774536
C-EEU-SVN,rur,sfh,perm,2035,32.85680483549072
C-EEU-SVN,rur,sfh,perm,2040,31.695254253236083
C-EEU-SVN,rur,sfh,perm,2045,30.533703670981446
C-EEU-SVN,rur,sfh,perm,2050,29.372153088726805
C-EEU-SVN,rur,sfh,perm,2055,29.372153088726805
C-EEU-SVN,rur,sfh,perm,2060,29.372153088726805
C-EEU-SVN,rur,sfh,perm,2065,29.372153088726805
C-EEU-SVN,rur,sfh,perm,2070,29.372153088726805
C-EEU-SVN,rur,sfh,perm,2075,29.372153088726805
C-EEU-SVN,rur,sfh,perm,2080,29.372153088726805
C-EEU-SVN,rur,sfh,perm,2085,29.372153088726805
C-EEU-SVN,rur,sfh,perm,2090,29.372153088726805
C-EEU-SVN,rur,sfh,perm,2095,29.372153088726805
C-EEU-SVN,rur,sfh,perm,2100,29.372153088726805
C-EEU-SVN,urb,mfh,perm,2015,17.00436944
C-EEU-SVN,urb,mfh,perm,2020,18.40039185
C-EEU-SVN,urb,mfh,perm,2025,19.78811596
C-EEU-SVN,urb,mfh,perm,2030,19.374875536648382
C-EEU-SVN,urb,mfh,perm,2035,18.961635113296765
C-EEU-SVN,urb,mfh,perm,2040,18.548394689945145
C-EEU-SVN,urb,mfh,perm,2045,18.135154266593528
C-EEU-SVN,urb,mfh,perm,2050,17.72191384324191
C-EEU-SVN,urb,mfh,perm,2055,17.72191384324191
C-EEU-SVN,urb,mfh,perm,2060,17.72191384324191
C-EEU-SVN,urb,mfh,perm,2065,17.72191384324191
C-EEU-SVN,urb,mfh,perm,2070,17.72191384324191
C-EEU-SVN,urb,mfh,perm,2075,17.72191384324191
C-EEU-SVN,urb,mfh,perm,2080,17.72191384324191
C-EEU-SVN,urb,mfh,perm,2085,17.72191384324191
C-EEU-SVN,urb,mfh,perm,2090,17.72191384324191
C-EEU-SVN,urb,mfh,perm,2095,17.72191384324191
C-EEU-SVN,urb,mfh,perm,2100,17.72191384324191
C-EEU-SVN,urb,sfh,perm,2015,29.70481023
C-EEU-SVN,urb,sfh,perm,2020,32.14351171
C-EEU-SVN,urb,sfh,perm,2025,34.56771694
C-EEU-SVN,urb,sfh,perm,2030,33.535683179317246
C-EEU-SVN,urb,sfh,perm,2035,32.50364941863449
C-EEU-SVN,urb,sfh,perm,2040,31.471615657951734
C-EEU-SVN,urb,sfh,perm,2045,30.43958189726898
C-EEU-SVN,urb,sfh,perm,2050,29.407548136586225
C-EEU-SVN,urb,sfh,perm,2055,29.407548136586225
C-EEU-SVN,urb,sfh,perm,2060,29.407548136586225
C-EEU-SVN,urb,sfh,perm,2065,29.407548136586225
C-EEU-SVN,urb,sfh,perm,2070,29.407548136586225
C-EEU-SVN,urb,sfh,perm,2075,29.407548136586225
C-EEU-SVN,urb,sfh,perm,2080,29.407548136586225
C-EEU-SVN,urb,sfh,perm,2085,29.407548136586225
C-EEU-SVN,urb,sfh,perm,2090,29.407548136586225
C-EEU-SVN,urb,sfh,perm,2095,29.407548136586225
C-EEU-SVN,urb,sfh,perm,2100,29.407548136586225
C-WEU-AUT,rur,mfh,perm,2015,32.38979084
C-WEU-AUT,rur,mfh,perm,2020,32.61214338
C-WEU-AUT,rur,mfh,perm,2025,32.8282516
C-WEU-AUT,rur,mfh,perm,2030,32.09895750570857
C-WEU-AUT,rur,mfh,perm,2035,31.36966341141713
C-WEU-AUT,rur,mfh,perm,2040,30.640369317125693
C-WEU-AUT,rur,mfh,perm,2045,29.911075222834256
C-WEU-AUT,rur,mfh,perm,2050,29.18178112854282
C-WEU-AUT,rur,mfh,perm,2055,29.18178112854282
C-WEU-AUT,rur,mfh,perm,2060,29.18178112854282
C-WEU-AUT,rur,mfh,perm,2065,29.18178112854282
C-WEU-AUT,rur,mfh,perm,2070,29.18178112854282
C-WEU-AUT,rur,mfh,perm,2075,29.18178112854282
C-WEU-AUT,rur,mfh,perm,2080,29.18178112854282
C-WEU-AUT,rur,mfh,perm,2085,29.18178112854282
C-WEU-AUT,rur,mfh,perm,2090,29.18178112854282
C-WEU-AUT,rur,mfh,perm,2095,29.18178112854282
C-WEU-AUT,rur,mfh,perm,2100,29.18178112854282
C-WEU-AUT,rur,sfh,perm,2015,54.14781327
C-WEU-AUT,rur,sfh,perm,2020,54.51953238
C-WEU-AUT,rur,sfh,perm,2025,54.8808125
C-WEU-AUT,rur,sfh,perm,2030,53.0687883372867
C-WEU-AUT,rur,sfh,perm,2035,51.25676417457339
C-WEU-AUT,rur,sfh,perm,2040,49.44474001186009
C-WEU-AUT,rur,sfh,perm,2045,47.632715849146784
C-WEU-AUT,rur,sfh,perm,2050,45.820691686433484
C-WEU-AUT,rur,sfh,perm,2055,45.820691686433484
C-WEU-AUT,rur,sfh,perm,2060,45.820691686433484
C-WEU-AUT,rur,sfh,perm,2065,45.820691686433484
C-WEU-AUT,rur,sfh,perm,2070,45.820691686433484
C-WEU-AUT,rur,sfh,perm,2075,45.820691686433484
C-WEU-AUT,rur,sfh,perm,2080,45.820691686433484
C-WEU-AUT,rur,sfh,perm,2085,45.820691686433484
C-WEU-AUT,rur,sfh,perm,2090,45.820691686433484
C-WEU-AUT,rur,sfh,perm,2095,45.820691686433484
C-WEU-AUT,rur,sfh,perm,2100,45.820691686433484
C-WEU-AUT,urb,mfh,perm,2015,29.47989527
C-WEU-AUT,urb,mfh,perm,2020,29.68227169
C-WEU-AUT,urb,mfh,perm,2025,29.87896476
C-WEU-AUT,urb,mfh,perm,2030,29.254994490587325
C-WEU-AUT,urb,mfh,perm,2035,28.63102422117465
C-WEU-AUT,urb,mfh,perm,2040,28.007053951761975
C-WEU-AUT,urb,mfh,perm,2045,27.383083682349298
C-WEU-AUT,urb,mfh,perm,2050,26.759113412936625
C-WEU-AUT,urb,mfh,perm,2055,26.759113412936625
C-WEU-AUT,urb,mfh,perm,2060,26.759113412936625
C-WEU-AUT,urb,mfh,perm,2065,26.759113412936625
C-WEU-AUT,urb,mfh,perm,2070,26.759113412936625
C-WEU-AUT,urb,mfh,perm,2075,26.759113412936625
C-WEU-AUT,urb,mfh,perm,2080,26.759113412936625
C-WEU-AUT,urb,mfh,perm,2085,26.759113412936625
C-WEU-AUT,urb,mfh,perm,2090,26.759113412936625
C-WEU-AUT,urb,mfh,perm,2095,26.759113412936625
C-WEU-AUT,urb,mfh,perm,2100,26.759113412936625
C-WEU-AUT,urb,sfh,perm,2015,51.49821627
C-WEU-AUT,urb,sfh,perm,2020,51.85174617
C-WEU-AUT,urb,sfh,perm,2025,52.19534788
C-WEU-AUT,urb,sfh,perm,2030,50.63703376697252
C-WEU-AUT,urb,sfh,perm,2035,49.07871965394504
C-WEU-AUT,urb,sfh,perm,2040,47.520405540917565
C-WEU-AUT,urb,sfh,perm,2045,45.96209142789009
C-WEU-AUT,urb,sfh,perm,2050,44.40377731486261
C-WEU-AUT,urb,sfh,perm,2055,44.40377731486261
C-WEU-AUT,urb,sfh,perm,2060,44.40377731486261
C-WEU-AUT,urb,sfh,perm,2065,44.40377731486261
C-WEU-AUT,urb,sfh,perm,2070,44.40377731486261
C-WEU-AUT,urb,sfh,perm,2075,44.40377731486261
C-WEU-AUT,urb,sfh,perm,2080,44.40377731486261
C-WEU-AUT,urb,sfh,perm,2085,44.40377731486261
C-WEU-AUT,urb,sfh,perm,2090,44.40377731486261
C-WEU-AUT,urb,sfh,perm,2095,44.40377731486261
C-WEU-AUT,urb,sfh,perm,2100,44.40377731486261
C-WEU-BEL,rur,mfh,perm,2015,27.20716444
C-WEU-BEL,rur,mfh,perm,2020,27.96806826
C-WEU-BEL,rur,mfh,perm,2025,28.71869824
C-WEU-BEL,rur,mfh,perm,2030,28.080699686882724
C-WEU-BEL,rur,mfh,perm,2035,27.44270113376545
C-WEU-BEL,rur,mfh,perm,2040,26.804702580648172
C-WEU-BEL,rur,mfh,perm,2045,26.166704027530898
C-WEU-BEL,rur,mfh,perm,2050,25.528705474413623
C-WEU-BEL,rur,mfh,perm,2055,25.528705474413623
C-WEU-BEL,rur,mfh,perm,2060,25.528705474413623
C-WEU-BEL,rur,mfh,perm,2065,25.528705474413623
C-WEU-BEL,rur,mfh,perm,2070,25.528705474413623
C-WEU-BEL,rur,mfh,perm,2075,25.528705474413623
C-WEU-BEL,rur,mfh,perm,2080,25.528705474413623
C-WEU-BEL,rur,mfh,perm,2085,25.528705474413623
C-WEU-BEL,rur,mfh,perm,2090,25.528705474413623
C-WEU-BEL,rur,mfh,perm,2095,25.528705474413623
C-WEU-BEL,rur,mfh,perm,2100,25.528705474413623
C-WEU-BEL,rur,sfh,perm,2015,45.48372872
C-WEU-BEL,rur,sfh,perm,2020,46.75577392
C-WEU-BEL,rur,sfh,perm,2025,48.01064377
C-WEU-BEL,rur,sfh,perm,2030,46.425455019766744
C-WEU-BEL,rur,sfh,perm,2035,44.84026626953348
C-WEU-BEL,rur,sfh,perm,2040,43.25507751930022
C-WEU-BEL,rur,sfh,perm,2045,41.66988876906696
C-WEU-BEL,rur,sfh,perm,2050,40.0847000188337
C-WEU-BEL,rur,sfh,perm,2055,40.0847000188337
C-WEU-BEL,rur,sfh,perm,2060,40.0847000188337
C-WEU-BEL,rur,sfh,perm,2065,40.0847000188337
C-WEU-BEL,rur,sfh,perm,2070,40.0847000188337
C-WEU-BEL,rur,sfh,perm,2075,40.0847000188337
C-WEU-BEL,rur,sfh,perm,2080,40.0847000188337
C-WEU-BEL,rur,sfh,perm,2085,40.0847000188337
C-WEU-BEL,rur,sfh,perm,2090,40.0847000188337
C-WEU-BEL,rur,sfh,perm,2095,40.0847000188337
C-WEU-BEL,rur,sfh,perm,2100,40.0847000188337
C-WEU-BEL,urb,mfh,perm,2015,24.76287551
C-WEU-BEL,urb,mfh,perm,2020,25.45541981
C-WEU-BEL,urb,mfh,perm,2025,26.13861327
C-WEU-BEL,urb,mfh,perm,2030,25.592753743233864
C-WEU-BEL,urb,mfh,perm,2035,25.04689421646773
C-WEU-BEL,urb,mfh,perm,2040,24.501034689701594
C-WEU-BEL,urb,mfh,perm,2045,23.95517516293546
C-WEU-BEL,urb,mfh,perm,2050,23.409315636169325
C-WEU-BEL,urb,mfh,perm,2055,23.409315636169325
C-WEU-BEL,urb,mfh,perm,2060,23.409315636169325
C-WEU-BEL,urb,mfh,perm,2065,23.409315636169325
C-WEU-BEL,urb,mfh,perm,2070,23.409315636169325
C-WEU-BEL,urb,mfh,perm,2075,23.409315636169325
C-WEU-BEL,urb,mfh,perm,2080,23.409315636169325
C-WEU-BEL,urb,mfh,perm,2085,23.409315636169325
C-WEU-BEL,urb,mfh,perm,2090,23.409315636169325
C-WEU-BEL,urb,mfh,perm,2095,23.409315636169325
C-WEU-BEL,urb,mfh,perm,2100,23.409315636169325
C-WEU-BEL,urb,sfh,perm,2015,43.25808849
C-WEU-BEL,urb,sfh,perm,2020,44.46788913
C-WEU-BEL,urb,sfh,perm,2025,45.66135485
C-WEU-BEL,urb,sfh,perm,2030,44.29811585317792
C-WEU-BEL,urb,sfh,perm,2035,42.93487685635584
C-WEU-BEL,urb,sfh,perm,2040,41.57163785953376
C-WEU-BEL,urb,sfh,perm,2045,40.20839886271168
C-WEU-BEL,urb,sfh,perm,2050,38.8451598658896
C-WEU-BEL,urb,sfh,perm,2055,38.8451598658896
C-WEU-BEL,urb,sfh,perm,2060,38.8451598658896
C-WEU-BEL,urb,sfh,perm,2065,38.8451598658896
C-WEU-BEL,urb,sfh,perm,2070,38.8451598658896
C-WEU-BEL,urb,sfh,perm,2075,38.8451598658896
C-WEU-BEL,urb,sfh,perm,2080,38.8451598658896
C-WEU-BEL,urb,sfh,perm,2085,38.8451598658896
C-WEU-BEL,urb,sfh,perm,2090,38.8451598658896
C-WEU-BEL,urb,sfh,perm,2095,38.8451598658896
C-WEU-BEL,urb,sfh,perm,2100,38.8451598658896
C-WEU-CHE,rur,mfh,perm,2015,41.66710716
C-WEU-CHE,rur,mfh,perm,2020,41.24285406
C-WEU-CHE,rur,mfh,perm,2025,40.8052788
C-WEU-CHE,rur,mfh,perm,2030,39.89877152671118
C-WEU-CHE,rur,mfh,perm,2035,38.99226425342235
C-WEU-CHE,rur,mfh,perm,2040,38.085756980133525
C-WEU-CHE,rur,mfh,perm,2045,37.17924970684469
C-WEU-CHE,rur,mfh,perm,2050,36.27274243355587
C-WEU-CHE,rur,mfh,perm,2055,36.27274243355587
C-WEU-CHE,rur,mfh,perm,2060,36.27274243355587
C-WEU-CHE,rur,mfh,perm,2065,36.27274243355587
C-WEU-CHE,rur,mfh,perm,2070,36.27274243355587
C-WEU-CHE,rur,mfh,perm,2075,36.27274243355587
C-WEU-CHE,rur,mfh,perm,2080,36.27274243355587
C-WEU-CHE,rur,mfh,perm,2085,36.27274243355587
C-WEU-CHE,rur,mfh,perm,2090,36.27274243355587
C-WEU-CHE,rur,mfh,perm,2095,36.27274243355587
C-WEU-CHE,rur,mfh,perm,2100,36.27274243355587
C-WEU-CHE,rur,sfh,perm,2015,69.65721853
C-WEU-CHE,rur,sfh,perm,2020,68.94797104
C-WEU-CHE,rur,sfh,perm,2025,68.21645217
C-WEU-CHE,rur,sfh,perm,2030,65.96411926901358
C-WEU-CHE,rur,sfh,perm,2035,63.71178636802718
C-WEU-CHE,rur,sfh,perm,2040,61.45945346704076
C-WEU-CHE,rur,sfh,perm,2045,59.20712056605435
C-WEU-CHE,rur,sfh,perm,2050,56.95478766506794
C-WEU-CHE,rur,sfh,perm,2055,56.95478766506794
C-WEU-CHE,rur,sfh,perm,2060,56.95478766506794
C-WEU-CHE,rur,sfh,perm,2065,56.95478766506794
C-WEU-CHE,rur,sfh,perm,2070,56.95478766506794
C-WEU-CHE,rur,sfh,perm,2075,56.95478766506794
C-WEU-CHE,rur,sfh,perm,2080,56.95478766506794
C-WEU-CHE,rur,sfh,perm,2085,56.95478766506794
C-WEU-CHE,rur,sfh,perm,2090,56.95478766506794
C-WEU-CHE,rur,sfh,perm,2095,56.95478766506794
C-WEU-CHE,rur,sfh,perm,2100,56.95478766506794
C-WEU-CHE,urb,mfh,perm,2015,37.92373843
C-WEU-CHE,urb,mfh,perm,2020,37.53760019
C-WEU-CHE,urb,mfh,perm,2025,37.13933664
C-WEU-CHE,urb,mfh,perm,2030,36.36374611753008
C-WEU-CHE,urb,mfh,perm,2035,35.58815559506016
C-WEU-CHE,urb,mfh,perm,2040,34.81256507259023
C-WEU-CHE,urb,mfh,perm,2045,34.03697455012031
C-WEU-CHE,urb,mfh,perm,2050,33.26138402765039
C-WEU-CHE,urb,mfh,perm,2055,33.26138402765039
C-WEU-CHE,urb,mfh,perm,2060,33.26138402765039
C-WEU-CHE,urb,mfh,perm,2065,33.26138402765039
C-WEU-CHE,urb,mfh,perm,2070,33.26138402765039
C-WEU-CHE,urb,mfh,perm,2075,33.26138402765039
C-WEU-CHE,urb,mfh,perm,2080,33.26138402765039
C-WEU-CHE,urb,mfh,perm,2085,33.26138402765039
C-WEU-CHE,urb,mfh,perm,2090,33.26138402765039
C-WEU-CHE,urb,mfh,perm,2095,33.26138402765039
C-WEU-CHE,urb,mfh,perm,2100,33.26138402765039
C-WEU-CHE,urb,sfh,perm,2015,66.24870493
C-WEU-CHE,urb,sfh,perm,2020,65.57416282
C-WEU-CHE,urb,sfh,perm,2025,64.87843911
C-WEU-CHE,urb,sfh,perm,2030,62.94146596195731
C-WEU-CHE,urb,sfh,perm,2035,61.004492813914624
C-WEU-CHE,urb,sfh,perm,2040,59.067519665871934
C-WEU-CHE,urb,sfh,perm,2045,57.130546517829245
C-WEU-CHE,urb,sfh,perm,2050,55.193573369786556
C-WEU-CHE,urb,sfh,perm,2055,55.193573369786556
C-WEU-CHE,urb,sfh,perm,2060,55.193573369786556
C-WEU-CHE,urb,sfh,perm,2065,55.193573369786556
C-WEU-CHE,urb,sfh,perm,2070,55.193573369786556
C-WEU-CHE,urb,sfh,perm,2075,55.193573369786556
C-WEU-CHE,urb,sfh,perm,2080,55.193573369786556
C-WEU-CHE,urb,sfh,perm,2085,55.193573369786556
C-WEU-CHE,urb,sfh,perm,2090,55.193573369786556
C-WEU-CHE,urb,sfh,perm,2095,55.193573369786556
C-WEU-CHE,urb,sfh,perm,2100,55.193573369786556
C-WEU-CYP,rur,mfh,perm,2015,26.73039649
C-WEU-CYP,rur,mfh,perm,2020,27.44
C-WEU-CYP,rur,mfh,perm,2025,28.13489589
C-WEU-CYP,rur,mfh,perm,2030,27.509866763682428
C-WEU-CYP,rur,mfh,perm,2035,26.884837637364857
C-WEU-CYP,rur,mfh,perm,2040,26.259808511047286
C-WEU-CYP,rur,mfh,perm,2045,25.634779384729715
C-WEU-CYP,rur,mfh,perm,2050,25.009750258412144
C-WEU-CYP,rur,mfh,perm,2055,25.009750258412144
C-WEU-CYP,rur,mfh,perm,2060,25.009750258412144
C-WEU-CYP,rur,mfh,perm,2065,25.009750258412144
C-WEU-CYP,rur,mfh,perm,2070,25.009750258412144
C-WEU-CYP,rur,mfh,perm,2075,25.009750258412144
C-WEU-CYP,rur,mfh,perm,2080,25.009750258412144
C-WEU-CYP,rur,mfh,perm,2085,25.009750258412144
C-WEU-CYP,rur,mfh,perm,2090,25.009750258412144
C-WEU-CYP,rur,mfh,perm,2095,25.009750258412144
C-WEU-CYP,rur,mfh,perm,2100,25.009750258412144
C-WEU-CYP,rur,sfh,perm,2015,44.68668925
C-WEU-CYP,rur,sfh,perm,2020,45.87297287
C-WEU-CYP,rur,sfh,perm,2025,47.03466895
C-WEU-CYP,rur,sfh,perm,2030,45.48170439389724
C-WEU-CYP,rur,sfh,perm,2035,43.92873983779448
C-WEU-CYP,rur,sfh,perm,2040,42.37577528169172
C-WEU-CYP,rur,sfh,perm,2045,40.822810725588965
C-WEU-CYP,rur,sfh,perm,2050,39.26984616948621
C-WEU-CYP,rur,sfh,perm,2055,39.26984616948621
C-WEU-CYP,rur,sfh,perm,2060,39.26984616948621
C-WEU-CYP,rur,sfh,perm,2065,39.26984616948621
C-WEU-CYP,rur,sfh,perm,2070,39.26984616948621
C-WEU-CYP,rur,sfh,perm,2075,39.26984616948621
C-WEU-CYP,rur,sfh,perm,2080,39.26984616948621
C-WEU-CYP,rur,sfh,perm,2085,39.26984616948621
C-WEU-CYP,rur,sfh,perm,2090,39.26984616948621
C-WEU-CYP,rur,sfh,perm,2095,39.26984616948621
C-WEU-CYP,rur,sfh,perm,2100,39.26984616948621
C-WEU-CYP,urb,mfh,perm,2015,24.32894035
C-WEU-CYP,urb,mfh,perm,2020,24.97479315
C-WEU-CYP,urb,mfh,perm,2025,25.60725967
C-WEU-CYP,urb,mfh,perm,2030,25.072496540033708
C-WEU-CYP,urb,mfh,perm,2035,24.53773341006741
C-WEU-CYP,urb,mfh,perm,2040,24.002970280101117
C-WEU-CYP,urb,mfh,perm,2045,23.468207150134823
C-WEU-CYP,urb,mfh,perm,2050,22.933444020168526
C-WEU-CYP,urb,mfh,perm,2055,22.933444020168526
C-WEU-CYP,urb,mfh,perm,2060,22.933444020168526
C-WEU-CYP,urb,mfh,perm,2065,22.933444020168526
C-WEU-CYP,urb,mfh,perm,2070,22.933444020168526
C-WEU-CYP,urb,mfh,perm,2075,22.933444020168526
C-WEU-CYP,urb,mfh,perm,2080,22.933444020168526
C-WEU-CYP,urb,mfh,perm,2085,22.933444020168526
C-WEU-CYP,urb,mfh,perm,2090,22.933444020168526
C-WEU-CYP,urb,mfh,perm,2095,22.933444020168526
C-WEU-CYP,urb,mfh,perm,2100,22.933444020168526
C-WEU-CYP,urb,sfh,perm,2015,42.50005029
C-WEU-CYP,urb,sfh,perm,2020,43.62828589
C-WEU-CYP,urb,sfh,perm,2025,44.73313708
C-WEU-CYP,urb,sfh,perm,2030,43.39761041597584
C-WEU-CYP,urb,sfh,perm,2035,42.06208375195168
C-WEU-CYP,urb,sfh,perm,2040,40.726557087927524
C-WEU-CYP,urb,sfh,perm,2045,39.391030423903366
C-WEU-CYP,urb,sfh,perm,2050,38.05550375987921
C-WEU-CYP,urb,sfh,perm,2055,38.05550375987921
C-WEU-CYP,urb,sfh,perm,2060,38.05550375987921
C-WEU-CYP,urb,sfh,perm,2065,38.05550375987921
C-WEU-CYP,urb,sfh,perm,2070,38.05550375987921
C-WEU-CYP,urb,sfh,perm,2075,38.05550375987921
C-WEU-CYP,urb,sfh,perm,2080,38.05550375987921
C-WEU-CYP,urb,sfh,perm,2085,38.05550375987921
C-WEU-CYP,urb,sfh,perm,2090,38.05550375987921
C-WEU-CYP,urb,sfh,perm,2095,38.05550375987921
C-WEU-CYP,urb,sfh,perm,2100,38.05550375987921
C-WEU-DEU,rur,mfh,perm,2015,34.82042035
C-WEU-DEU,rur,mfh,perm,2020,34.93141147
C-WEU-DEU,rur,mfh,perm,2025,35.0299796
C-WEU-DEU,rur,mfh,perm,2030,34.023857008749935
C-WEU-DEU,rur,mfh,perm,2035,33.017734417499874
C-WEU-DEU,rur,mfh,perm,2040,32.011611826249805
C-WEU-DEU,rur,mfh,perm,2045,31.005489234999743
C-WEU-DEU,rur,mfh,perm,2050,29.99936664374968
C-WEU-DEU,rur,mfh,perm,2055,29.99936664374968
C-WEU-DEU,rur,mfh,perm,2060,29.99936664374968
C-WEU-DEU,rur,mfh,perm,2065,29.99936664374968
C-WEU-DEU,rur,mfh,perm,2070,29.99936664374968
C-WEU-DEU,rur,mfh,perm,2075,29.99936664374968
C-WEU-DEU,rur,mfh,perm,2080,29.99936664374968
C-WEU-DEU,rur,mfh,perm,2085,29.99936664374968
C-WEU-DEU,rur,mfh,perm,2090,29.99936664374968
C-WEU-DEU,rur,mfh,perm,2095,29.99936664374968
C-WEU-DEU,rur,mfh,perm,2100,29.99936664374968
C-WEU-DEU,rur,sfh,perm,2015,58.2112317
C-WEU-DEU,rur,sfh,perm,2020,58.39678172
C-WEU-DEU,rur,sfh,perm,2025,58.56156356
C-WEU-DEU,rur,sfh,perm,2030,56.049108216605866
C-WEU-DEU,rur,sfh,perm,2035,53.536652873211736
C-WEU-DEU,rur,sfh,perm,2040,51.0241975298176
C-WEU-DEU,rur,sfh,perm,2045,48.51174218642346
C-WEU-DEU,rur,sfh,perm,2050,45.99928684302933
C-WEU-DEU,rur,sfh,perm,2055,45.99928684302933
C-WEU-DEU,rur,sfh,perm,2060,45.99928684302933
C-WEU-DEU,rur,sfh,perm,2065,45.99928684302933
C-WEU-DEU,rur,sfh,perm,2070,45.99928684302933
C-WEU-DEU,rur,sfh,perm,2075,45.99928684302933
C-WEU-DEU,rur,sfh,perm,2080,45.99928684302933
C-WEU-DEU,rur,sfh,perm,2085,45.99928684302933
C-WEU-DEU,rur,sfh,perm,2090,45.99928684302933
C-WEU-DEU,rur,sfh,perm,2095,45.99928684302933
C-WEU-DEU,rur,sfh,perm,2100,45.99928684302933
C-WEU-DEU,urb,mfh,perm,2015,31.69215727
C-WEU-DEU,urb,mfh,perm,2020,31.79317696
C-WEU-DEU,urb,mfh,perm,2025,31.88288975
C-WEU-DEU,urb,mfh,perm,2030,31.08371931511485
C-WEU-DEU,urb,mfh,perm,2035,30.284548880229696
C-WEU-DEU,urb,mfh,perm,2040,29.48537844534454
C-WEU-DEU,urb,mfh,perm,2045,28.68620801045939
C-WEU-DEU,urb,mfh,perm,2050,27.887037575574237
C-WEU-DEU,urb,mfh,perm,2055,27.887037575574237
C-WEU-DEU,urb,mfh,perm,2060,27.887037575574237
C-WEU-DEU,urb,mfh,perm,2065,27.887037575574237
C-WEU-DEU,urb,mfh,perm,2070,27.887037575574237
C-WEU-DEU,urb,mfh,perm,2075,27.887037575574237
C-WEU-DEU,urb,mfh,perm,2080,27.887037575574237
C-WEU-DEU,urb,mfh,perm,2085,27.887037575574237
C-WEU-DEU,urb,mfh,perm,2090,27.887037575574237
C-WEU-DEU,urb,mfh,perm,2095,27.887037575574237
C-WEU-DEU,urb,mfh,perm,2100,27.887037575574237
C-WEU-DEU,urb,sfh,perm,2015,55.36280079
C-WEU-DEU,urb,sfh,perm,2020,55.53927135
C-WEU-DEU,urb,sfh,perm,2025,55.69598997
C-WEU-DEU,urb,sfh,perm,2030,53.61269421674495
C-WEU-DEU,urb,sfh,perm,2035,51.5293984634899
C-WEU-DEU,urb,sfh,perm,2040,49.446102710234854
C-WEU-DEU,urb,sfh,perm,2045,47.3628069569798
C-WEU-DEU,urb,sfh,perm,2050,45.27951120372475
C-WEU-DEU,urb,sfh,perm,2055,45.27951120372475
C-WEU-DEU,urb,sfh,perm,2060,45.27951120372475
C-WEU-DEU,urb,sfh,perm,2065,45.27951120372475
C-WEU-DEU,urb,sfh,perm,2070,45.27951120372475
C-WEU-DEU,urb,sfh,perm,2075,45.27951120372475
C-WEU-DEU,urb,sfh,perm,2080,45.27951120372475
C-WEU-DEU,urb,sfh,perm,2085,45.27951120372475
C-WEU-DEU,urb,sfh,perm,2090,45.27951120372475
C-WEU-DEU,urb,sfh,perm,2095,45.27951120372475
C-WEU-DEU,urb,sfh,perm,2100,45.27951120372475
C-WEU-DNK,rur,mfh,perm,2015,45.31636275
C-WEU-DNK,rur,mfh,perm,2020,44.5963494
C-WEU-DNK,rur,mfh,perm,2025,43.85957683
C-WEU-DNK,rur,mfh,perm,2030,42.885216978309316
C-WEU-DNK,rur,mfh,perm,2035,41.91085712661863
C-WEU-DNK,rur,mfh,perm,2040,40.936497274927945
C-WEU-DNK,rur,mfh,perm,2045,39.96213742323726
C-WEU-DNK,rur,mfh,perm,2050,38.98777757154657
C-WEU-DNK,rur,mfh,perm,2055,38.98777757154657
C-WEU-DNK,rur,mfh,perm,2060,38.98777757154657
C-WEU-DNK,rur,mfh,perm,2065,38.98777757154657
C-WEU-DNK,rur,mfh,perm,2070,38.98777757154657
C-WEU-DNK,rur,mfh,perm,2075,38.98777757154657
C-WEU-DNK,rur,mfh,perm,2080,38.98777757154657
C-WEU-DNK,rur,mfh,perm,2085,38.98777757154657
C-WEU-DNK,rur,mfh,perm,2090,38.98777757154657
C-WEU-DNK,rur,mfh,perm,2095,38.98777757154657
C-WEU-DNK,rur,mfh,perm,2100,38.98777757154657
C-WEU-DNK,rur,sfh,perm,2015,75.75788188
C-WEU-DNK,rur,sfh,perm,2020,74.55419556
C-WEU-DNK,rur,sfh,perm,2025,73.32249191
C-WEU-DNK,rur,sfh,perm,2030,70.90157062696923
C-WEU-DNK,rur,sfh,perm,2035,68.48064934393847
C-WEU-DNK,rur,sfh,perm,2040,66.05972806090772
C-WEU-DNK,rur,sfh,perm,2045,63.63880677787695
C-WEU-DNK,rur,sfh,perm,2050,61.217885494846186
C-WEU-DNK,rur,sfh,perm,2055,61.217885494846186
C-WEU-DNK,rur,sfh,perm,2060,61.217885494846186
C-WEU-DNK,rur,sfh,perm,2065,61.217885494846186
C-WEU-DNK,rur,sfh,perm,2070,61.217885494846186
C-WEU-DNK,rur,sfh,perm,2075,61.217885494846186
C-WEU-DNK,rur,sfh,perm,2080,61.217885494846186
C-WEU-DNK,rur,sfh,perm,2085,61.217885494846186
C-WEU-DNK,rur,sfh,perm,2090,61.217885494846186
C-WEU-DNK,rur,sfh,perm,2095,61.217885494846186
C-WEU-DNK,rur,sfh,perm,2100,61.217885494846186
C-WEU-DNK,urb,mfh,perm,2015,41.24514526
C-WEU-DNK,urb,mfh,perm,2020,40.58981784
C-WEU-DNK,urb,mfh,perm,2025,39.91923684
C-WEU-DNK,urb,mfh,perm,2030,39.085592931455054
C-WEU-DNK,urb,mfh,perm,2035,38.251949022910104
C-WEU-DNK,urb,mfh,perm,2040,37.41830511436516
C-WEU-DNK,urb,mfh,perm,2045,36.58466120582021
C-WEU-DNK,urb,mfh,perm,2050,35.75101729727526
C-WEU-DNK,urb,mfh,perm,2055,35.75101729727526
C-WEU-DNK,urb,mfh,perm,2060,35.75101729727526
C-WEU-DNK,urb,mfh,perm,2065,35.75101729727526
C-WEU-DNK,urb,mfh,perm,2070,35.75101729727526
C-WEU-DNK,urb,mfh,perm,2075,35.75101729727526
C-WEU-DNK,urb,mfh,perm,2080,35.75101729727526
C-WEU-DNK,urb,mfh,perm,2085,35.75101729727526
C-WEU-DNK,urb,mfh,perm,2090,35.75101729727526
C-WEU-DNK,urb,mfh,perm,2095,35.75101729727526
C-WEU-DNK,urb,mfh,perm,2100,35.75101729727526
C-WEU-DNK,urb,sfh,perm,2015,72.05084655
C-WEU-DNK,urb,sfh,perm,2020,70.90605981
C-WEU-DNK,urb,sfh,perm,2025,69.7346267
C-WEU-DNK,urb,sfh,perm,2030,67.65267002441375
C-WEU-DNK,urb,sfh,perm,2035,65.5707133488275
C-WEU-DNK,urb,sfh,perm,2040,63.48875667324124
C-WEU-DNK,urb,sfh,perm,2045,61.40679999765499
C-WEU-DNK,urb,sfh,perm,2050,59.32484332206874
C-WEU-DNK,urb,sfh,perm,2055,59.32484332206874
C-WEU-DNK,urb,sfh,perm,2060,59.32484332206874
C-WEU-DNK,urb,sfh,perm,2065,59.32484332206874
C-WEU-DNK,urb,sfh,perm,2070,59.32484332206874
C-WEU-DNK,urb,sfh,perm,2075,59.32484332206874
C-WEU-DNK,urb,sfh,perm,2080,59.32484332206874
C-WEU-DNK,urb,sfh,perm,2085,59.32484332206874
C-WEU-DNK,urb,sfh,perm,2090,59.32484332206874
C-WEU-DNK,urb,sfh,perm,2095,59.32484332206874
C-WEU-DNK,urb,sfh,perm,2100,59.32484332206874
C-WEU-ESP,rur,mfh,perm,2015,27.44603332
C-WEU-ESP,rur,mfh,perm,2020,28.14115542
C-WEU-ESP,rur,mfh,perm,2025,28.82691068
C-WEU-ESP,rur,mfh,perm,2030,28.18650813978093
C-WEU-ESP,rur,mfh,perm,2035,27.546105599561862
C-WEU-ESP,rur,mfh,perm,2040,26.90570305934279
C-WEU-ESP,rur,mfh,perm,2045,26.26530051912372
C-WEU-ESP,rur,mfh,perm,2050,25.624897978904652
C-WEU-ESP,rur,mfh,perm,2055,25.624897978904652
C-WEU-ESP,rur,mfh,perm,2060,25.624897978904652
C-WEU-ESP,rur,mfh,perm,2065,25.624897978904652
C-WEU-ESP,rur,mfh,perm,2070,25.624897978904652
C-WEU-ESP,rur,mfh,perm,2075,25.624897978904652
C-WEU-ESP,rur,mfh,perm,2080,25.624897978904652
C-WEU-ESP,rur,mfh,perm,2085,25.624897978904652
C-WEU-ESP,rur,mfh,perm,2090,25.624897978904652
C-WEU-ESP,rur,mfh,perm,2095,25.624897978904652
C-WEU-ESP,rur,mfh,perm,2100,25.624897978904652
C-WEU-ESP,rur,sfh,perm,2015,45.8830591
C-WEU-ESP,rur,sfh,perm,2020,47.04513334
C-WEU-ESP,rur,sfh,perm,2025,48.19154852
C-WEU-ESP,rur,sfh,perm,2030,46.60038675728356
C-WEU-ESP,rur,sfh,perm,2035,45.00922499456711
C-WEU-ESP,rur,sfh,perm,2040,43.418063231850674
C-WEU-ESP,rur,sfh,perm,2045,41.82690146913423
C-WEU-ESP,rur,sfh,perm,2050,40.23573970641779
C-WEU-ESP,rur,sfh,perm,2055,40.23573970641779
C-WEU-ESP,rur,sfh,perm,2060,40.23573970641779
C-WEU-ESP,rur,sfh,perm,2065,40.23573970641779
C-WEU-ESP,rur,sfh,perm,2070,40.23573970641779
C-WEU-ESP,rur,sfh,perm,2075,40.23573970641779
C-WEU-ESP,rur,sfh,perm,2080,40.23573970641779
C-WEU-ESP,rur,sfh,perm,2085,40.23573970641779
C-WEU-ESP,rur,sfh,perm,2090,40.23573970641779
C-WEU-ESP,rur,sfh,perm,2095,40.23573970641779
C-WEU-ESP,rur,sfh,perm,2100,40.23573970641779
C-WEU-ESP,urb,mfh,perm,2015,24.98028443
C-WEU-ESP,urb,mfh,perm,2020,25.61295683
C-WEU-ESP,urb,mfh,perm,2025,26.23710391
C-WEU-ESP,urb,mfh,perm,2030,25.689187577328134
C-WEU-ESP,urb,mfh,perm,2035,25.14127124465627
C-WEU-ESP,urb,mfh,perm,2040,24.59335491198441
C-WEU-ESP,urb,mfh,perm,2045,24.045438579312545
C-WEU-ESP,urb,mfh,perm,2050,23.49752224664068
C-WEU-ESP,urb,mfh,perm,2055,23.49752224664068
C-WEU-ESP,urb,mfh,perm,2060,23.49752224664068
C-WEU-ESP,urb,mfh,perm,2065,23.49752224664068
C-WEU-ESP,urb,mfh,perm,2070,23.49752224664068
C-WEU-ESP,urb,mfh,perm,2075,23.49752224664068
C-WEU-ESP,urb,mfh,perm,2080,23.49752224664068
C-WEU-ESP,urb,mfh,perm,2085,23.49752224664068
C-WEU-ESP,urb,mfh,perm,2090,23.49752224664068
C-WEU-ESP,urb,mfh,perm,2095,23.49752224664068
C-WEU-ESP,urb,mfh,perm,2100,23.49752224664068
C-WEU-ESP,urb,sfh,perm,2015,43.63787857
C-WEU-ESP,urb,sfh,perm,2020,44.74308942
C-WEU-ESP,urb,sfh,perm,2025,45.83340745
C-WEU-ESP,urb,sfh,perm,2030,44.465031750279046
C-WEU-ESP,urb,sfh,perm,2035,43.09665605055809
C-WEU-ESP,urb,sfh,perm,2040,41.72828035083713
C-WEU-ESP,urb,sfh,perm,2045,40.359904651116175
C-WEU-ESP,urb,sfh,perm,2050,38.99152895139522
C-WEU-ESP,urb,sfh,perm,2055,38.99152895139522
C-WEU-ESP,urb,sfh,perm,2060,38.99152895139522
C-WEU-ESP,urb,sfh,perm,2065,38.99152895139522
C-WEU-ESP,urb,sfh,perm,2070,38.99152895139522
C-WEU-ESP,urb,sfh,perm,2075,38.99152895139522
C-WEU-ESP,urb,sfh,perm,2080,38.99152895139522
C-WEU-ESP,urb,sfh,perm,2085,38.99152895139522
C-WEU-ESP,urb,sfh,perm,2090,38.99152895139522
C-WEU-ESP,urb,sfh,perm,2095,38.99152895139522
C-WEU-ESP,urb,sfh,perm,2100,38.99152895139522
C-WEU-FIN,rur,mfh,perm,2015,41.043134
C-WEU-FIN,rur,mfh,perm,2020,40.66912206
C-WEU-FIN,rur,mfh,perm,2025,40.28836671
C-WEU-FIN,rur,mfh,perm,2030,39.393342866870604
C-WEU-FIN,rur,mfh,perm,2035,38.49831902374121
C-WEU-FIN,rur,mfh,perm,2040,37.60329518061181
C-WEU-FIN,rur,mfh,perm,2045,36.708271337482415
C-WEU-FIN,rur,mfh,perm,2050,35.81324749435302
C-WEU-FIN,rur,mfh,perm,2055,35.81324749435302
C-WEU-FIN,rur,mfh,perm,2060,35.81324749435302
C-WEU-FIN,rur,mfh,perm,2065,35.81324749435302
C-WEU-FIN,rur,mfh,perm,2070,35.81324749435302
C-WEU-FIN,rur,mfh,perm,2075,35.81324749435302
C-WEU-FIN,rur,mfh,perm,2080,35.81324749435302
C-WEU-FIN,rur,mfh,perm,2085,35.81324749435302
C-WEU-FIN,rur,mfh,perm,2090,35.81324749435302
C-WEU-FIN,rur,mfh,perm,2095,35.81324749435302
C-WEU-FIN,rur,mfh,perm,2100,35.81324749435302
C-WEU-FIN,rur,sfh,perm,2015,68.61408792
C-WEU-FIN,rur,sfh,perm,2020,67.98883136
C-WEU-FIN,rur,sfh,perm,2025,67.35230149
C-WEU-FIN,rur,sfh,perm,2030,65.1285006358448
C-WEU-FIN,rur,sfh,perm,2035,62.90469978168961
C-WEU-FIN,rur,sfh,perm,2040,60.68089892753441
C-WEU-FIN,rur,sfh,perm,2045,58.457098073379214
C-WEU-FIN,rur,sfh,perm,2050,56.23329721922401
C-WEU-FIN,rur,sfh,perm,2055,56.23329721922401
C-WEU-FIN,rur,sfh,perm,2060,56.23329721922401
C-WEU-FIN,rur,sfh,perm,2065,56.23329721922401
C-WEU-FIN,rur,sfh,perm,2070,56.23329721922401
C-WEU-FIN,rur,sfh,perm,2075,56.23329721922401
C-WEU-FIN,rur,sfh,perm,2080,56.23329721922401
C-WEU-FIN,rur,sfh,perm,2085,56.23329721922401
C-WEU-FIN,rur,sfh,perm,2090,56.23329721922401
C-WEU-FIN,rur,sfh,perm,2095,56.23329721922401
C-WEU-FIN,rur,sfh,perm,2100,56.23329721922401
C-WEU-FIN,urb,mfh,perm,2015,37.35582295
C-WEU-FIN,urb,mfh,perm,2020,37.01541221
C-WEU-FIN,urb,mfh,perm,2025,36.66886388
C-WEU-FIN,urb,mfh,perm,2030,35.903098363756584
C-WEU-FIN,urb,mfh,perm,2035,35.137332847513164
C-WEU-FIN,urb,mfh,perm,2040,34.37156733126975
C-WEU-FIN,urb,mfh,perm,2045,33.60580181502633
C-WEU-FIN,urb,mfh,perm,2050,32.84003629878291
C-WEU-FIN,urb,mfh,perm,2055,32.84003629878291
C-WEU-FIN,urb,mfh,perm,2060,32.84003629878291
C-WEU-FIN,urb,mfh,perm,2065,32.84003629878291
C-WEU-FIN,urb,mfh,perm,2070,32.84003629878291
C-WEU-FIN,urb,mfh,perm,2075,32.84003629878291
C-WEU-FIN,urb,mfh,perm,2080,32.84003629878291
C-WEU-FIN,urb,mfh,perm,2085,32.84003629878291
C-WEU-FIN,urb,mfh,perm,2090,32.84003629878291
C-WEU-FIN,urb,mfh,perm,2095,32.84003629878291
C-WEU-FIN,urb,mfh,perm,2100,32.84003629878291
C-WEU-FIN,urb,sfh,perm,2015,65.25661749
C-WEU-FIN,urb,sfh,perm,2020,64.6619564
C-WEU-FIN,urb,sfh,perm,2025,64.05657363
C-WEU-FIN,urb,sfh,perm,2030,62.14413762230627
C-WEU-FIN,urb,sfh,perm,2035,60.23170161461253
C-WEU-FIN,urb,sfh,perm,2040,58.319265606918805
C-WEU-FIN,urb,sfh,perm,2045,56.40682959922507
C-WEU-FIN,urb,sfh,perm,2050,54.494393591531335
C-WEU-FIN,urb,sfh,perm,2055,54.494393591531335
C-WEU-FIN,urb,sfh,perm,2060,54.494393591531335
C-WEU-FIN,urb,sfh,perm,2065,54.494393591531335
C-WEU-FIN,urb,sfh,perm,2070,54.494393591531335
C-WEU-FIN,urb,sfh,perm,2075,54.494393591531335
C-WEU-FIN,urb,sfh,perm,2080,54.494393591531335
C-WEU-FIN,urb,sfh,perm,2085,54.494393591531335
C-WEU-FIN,urb,sfh,perm,2090,54.494393591531335
C-WEU-FIN,urb,sfh,perm,2095,54.494393591531335
C-WEU-FIN,urb,sfh,perm,2100,54.494393591531335
C-WEU-FRA,rur,mfh,perm,2015,30.54845705
C-WEU-FRA,rur,mfh,perm,2020,31.01661111
C-WEU-FRA,rur,mfh,perm,2025,31.47138861
C-WEU-FRA,rur,mfh,perm,2030,30.772237825727842
C-WEU-FRA,rur,mfh,perm,2035,30.073087041455683
C-WEU-FRA,rur,mfh,perm,2040,29.373936257183523
C-WEU-FRA,rur,mfh,perm,2045,28.674785472911363
C-WEU-FRA,rur,mfh,perm,2050,27.975634688639204
C-WEU-FRA,rur,mfh,perm,2055,27.975634688639204
C-WEU-FRA,rur,mfh,perm,2060,27.975634688639204
C-WEU-FRA,rur,mfh,perm,2065,27.975634688639204
C-WEU-FRA,rur,mfh,perm,2070,27.975634688639204
C-WEU-FRA,rur,mfh,perm,2075,27.975634688639204
C-WEU-FRA,rur,mfh,perm,2080,27.975634688639204
C-WEU-FRA,rur,mfh,perm,2085,27.975634688639204
C-WEU-FRA,rur,mfh,perm,2090,27.975634688639204
C-WEU-FRA,rur,mfh,perm,2095,27.975634688639204
C-WEU-FRA,rur,mfh,perm,2100,27.975634688639204
C-WEU-FRA,rur,sfh,perm,2015,51.06955325
C-WEU-FRA,rur,sfh,perm,2020,51.85219242
C-WEU-FRA,rur,sfh,perm,2025,52.61246924
C-WEU-FRA,rur,sfh,perm,2030,50.87533997423174
C-WEU-FRA,rur,sfh,perm,2035,49.13821070846349
C-WEU-FRA,rur,sfh,perm,2040,47.40108144269523
C-WEU-FRA,rur,sfh,perm,2045,45.66395217692697
C-WEU-FRA,rur,sfh,perm,2050,43.926822911158716
C-WEU-FRA,rur,sfh,perm,2055,43.926822911158716
C-WEU-FRA,rur,sfh,perm,2060,43.926822911158716
C-WEU-FRA,rur,sfh,perm,2065,43.926822911158716
C-WEU-FRA,rur,sfh,perm,2070,43.926822911158716
C-WEU-FRA,rur,sfh,perm,2075,43.926822911158716
C-WEU-FRA,rur,sfh,perm,2080,43.926822911158716
C-WEU-FRA,rur,sfh,perm,2085,43.926822911158716
C-WEU-FRA,rur,sfh,perm,2090,43.926822911158716
C-WEU-FRA,rur,sfh,perm,2095,43.926822911158716
C-WEU-FRA,rur,sfh,perm,2100,43.926822911158716
C-WEU-FRA,urb,mfh,perm,2015,27.80398673
C-WEU-FRA,urb,mfh,perm,2020,28.23008188
C-WEU-FRA,urb,mfh,perm,2025,28.64400221
C-WEU-FRA,urb,mfh,perm,2030,28.045821987907495
C-WEU-FRA,urb,mfh,perm,2035,27.44764176581499
C-WEU-FRA,urb,mfh,perm,2040,26.84946154372248
C-WEU-FRA,urb,mfh,perm,2045,26.251281321629975
C-WEU-FRA,urb,mfh,perm,2050,25.65310109953747
C-WEU-FRA,urb,mfh,perm,2055,25.65310109953747
C-WEU-FRA,urb,mfh,perm,2060,25.65310109953747
C-WEU-FRA,urb,mfh,perm,2065,25.65310109953747
C-WEU-FRA,urb,mfh,perm,2070,25.65310109953747
C-WEU-FRA,urb,mfh,perm,2075,25.65310109953747
C-WEU-FRA,urb,mfh,perm,2080,25.65310109953747
C-WEU-FRA,urb,mfh,perm,2085,25.65310109953747
C-WEU-FRA,urb,mfh,perm,2090,25.65310109953747
C-WEU-FRA,urb,mfh,perm,2095,25.65310109953747
C-WEU-FRA,urb,mfh,perm,2100,25.65310109953747
C-WEU-FRA,urb,sfh,perm,2015,48.57058372
C-WEU-FRA,urb,sfh,perm,2020,49.31492627
C-WEU-FRA,urb,sfh,perm,2025,50.03800071
C-WEU-FRA,urb,sfh,perm,2030,48.54409510612625
C-WEU-FRA,urb,sfh,perm,2035,47.05018950225249
C-WEU-FRA,urb,sfh,perm,2040,45.556283898378744
C-WEU-FRA,urb,sfh,perm,2045,44.06237829450499
C-WEU-FRA,urb,sfh,perm,2050,42.56847269063124
C-WEU-FRA,urb,sfh,perm,2055,42.56847269063124
C-WEU-FRA,urb,sfh,perm,2060,42.56847269063124
C-WEU-FRA,urb,sfh,perm,2065,42.56847269063124
C-WEU-FRA,urb,sfh,perm,2070,42.56847269063124
C-WEU-FRA,urb,sfh,perm,2075,42.56847269063124
C-WEU-FRA,urb,sfh,perm,2080,42.56847269063124
C-WEU-FRA,urb,sfh,perm,2085,42.56847269063124
C-WEU-FRA,urb,sfh,perm,2090,42.56847269063124
C-WEU-FRA,urb,sfh,perm,2095,42.56847269063124
C-WEU-FRA,urb,sfh,perm,2100,42.56847269063124
C-WEU-GBR,rur,mfh,perm,2015,31.34832803
C-WEU-GBR,rur,mfh,perm,2020,31.77395493
C-WEU-GBR,rur,mfh,perm,2025,32.17297342
C-WEU-GBR,rur,mfh,perm,2030,31.726256018095977
C-WEU-GBR,rur,mfh,perm,2035,31.279538616191957
C-WEU-GBR,rur,mfh,perm,2040,30.832821214287932
C-WEU-GBR,rur,mfh,perm,2045,30.38610381238391
C-WEU-GBR,rur,mfh,perm,2050,29.93938641047989
C-WEU-GBR,rur,mfh,perm,2055,29.93938641047989
C-WEU-GBR,rur,mfh,perm,2060,29.93938641047989
C-WEU-GBR,rur,mfh,perm,2065,29.93938641047989
C-WEU-GBR,rur,mfh,perm,2070,29.93938641047989
C-WEU-GBR,rur,mfh,perm,2075,29.93938641047989
C-WEU-GBR,rur,mfh,perm,2080,29.93938641047989
C-WEU-GBR,rur,mfh,perm,2085,29.93938641047989
C-WEU-GBR,rur,mfh,perm,2090,29.93938641047989
C-WEU-GBR,rur,mfh,perm,2095,29.93938641047989
C-WEU-GBR,rur,mfh,perm,2100,29.93938641047989
C-WEU-GBR,rur,sfh,perm,2015,52.40674202
C-WEU-GBR,rur,sfh,perm,2020,53.11828616
C-WEU-GBR,rur,sfh,perm,2025,53.78534755
C-WEU-GBR,rur,sfh,perm,2030,51.948634941886844
C-WEU-GBR,rur,sfh,perm,2035,50.111922333773684
C-WEU-GBR,rur,sfh,perm,2040,48.27520972566053
C-WEU-GBR,rur,sfh,perm,2045,46.43849711754737
C-WEU-GBR,rur,sfh,perm,2050,44.60178450943422
C-WEU-GBR,rur,sfh,perm,2055,44.60178450943422
C-WEU-GBR,rur,sfh,perm,2060,44.60178450943422
C-WEU-GBR,rur,sfh,perm,2065,44.60178450943422
C-WEU-GBR,rur,sfh,perm,2070,44.60178450943422
C-WEU-GBR,rur,sfh,perm,2075,44.60178450943422
C-WEU-GBR,rur,sfh,perm,2080,44.60178450943422
C-WEU-GBR,rur,sfh,perm,2085,44.60178450943422
C-WEU-GBR,rur,sfh,perm,2090,44.60178450943422
C-WEU-GBR,rur,sfh,perm,2095,44.60178450943422
C-WEU-GBR,rur,sfh,perm,2100,44.60178450943422
C-WEU-GBR,urb,mfh,perm,2015,28.53199738
C-WEU-GBR,urb,mfh,perm,2020,28.919386
C-WEU-GBR,urb,mfh,perm,2025,29.28255671
C-WEU-GBR,urb,mfh,perm,2030,28.700621772876193
C-WEU-GBR,urb,mfh,perm,2035,28.118686835752385
C-WEU-GBR,urb,mfh,perm,2040,27.536751898628573
C-WEU-GBR,urb,mfh,perm,2045,26.954816961504765
C-WEU-GBR,urb,mfh,perm,2050,26.372882024380957
C-WEU-GBR,urb,mfh,perm,2055,26.372882024380957
C-WEU-GBR,urb,mfh,perm,2060,26.372882024380957
C-WEU-GBR,urb,mfh,perm,2065,26.372882024380957
C-WEU-GBR,urb,mfh,perm,2070,26.372882024380957
C-WEU-GBR,urb,mfh,perm,2075,26.372882024380957
C-WEU-GBR,urb,mfh,perm,2080,26.372882024380957
C-WEU-GBR,urb,mfh,perm,2085,26.372882024380957
C-WEU-GBR,urb,mfh,perm,2090,26.372882024380957
C-WEU-GBR,urb,mfh,perm,2095,26.372882024380957
C-WEU-GBR,urb,mfh,perm,2100,26.372882024380957
C-WEU-GBR,urb,sfh,perm,2015,49.84234028
C-WEU-GBR,urb,sfh,perm,2020,50.51906666
C-WEU-GBR,urb,sfh,perm,2025,51.15348696
C-WEU-GBR,urb,sfh,perm,2030,49.64170216205496
C-WEU-GBR,urb,sfh,perm,2035,48.129917364109915
C-WEU-GBR,urb,sfh,perm,2040,46.618132566164874
C-WEU-GBR,urb,sfh,perm,2045,45.106347768219834
C-WEU-GBR,urb,sfh,perm,2050,43.59456297027479
C-WEU-GBR,urb,sfh,perm,2055,43.59456297027479
C-WEU-GBR,urb,sfh,perm,2060,43.59456297027479
C-WEU-GBR,urb,sfh,perm,2065,43.59456297027479
C-WEU-GBR,urb,sfh,perm,2070,43.59456297027479
C-WEU-GBR,urb,sfh,perm,2075,43.59456297027479
C-WEU-GBR,urb,sfh,perm,2080,43.59456297027479
C-WEU-GBR,urb,sfh,perm,2085,43.59456297027479
C-WEU-GBR,urb,sfh,perm,2090,43.59456297027479
C-WEU-GBR,urb,sfh,perm,2095,43.59456297027479
C-WEU-GBR,urb,sfh,perm,2100,43.59456297027479
C-WEU-GRC,rur,mfh,perm,2015,25.44552955
C-WEU-GRC,rur,mfh,perm,2020,26.24179513
C-WEU-GRC,rur,mfh,perm,2025,27.02118952
C-WEU-GRC,rur,mfh,perm,2030,26.42090187209902
C-WEU-GRC,rur,mfh,perm,2035,25.820614224198035
C-WEU-GRC,rur,mfh,perm,2040,25.220326576297055
C-WEU-GRC,rur,mfh,perm,2045,24.62003892839607
C-WEU-GRC,rur,mfh,perm,2050,24.01975128049509
C-WEU-GRC,rur,mfh,perm,2055,24.01975128049509
C-WEU-GRC,rur,mfh,perm,2060,24.01975128049509
C-WEU-GRC,rur,mfh,perm,2065,24.01975128049509
C-WEU-GRC,rur,mfh,perm,2070,24.01975128049509
C-WEU-GRC,rur,mfh,perm,2075,24.01975128049509
C-WEU-GRC,rur,mfh,perm,2080,24.01975128049509
C-WEU-GRC,rur,mfh,perm,2085,24.01975128049509
C-WEU-GRC,rur,mfh,perm,2090,24.01975128049509
C-WEU-GRC,rur,mfh,perm,2095,24.01975128049509
C-WEU-GRC,rur,mfh,perm,2100,24.01975128049509
C-WEU-GRC,rur,sfh,perm,2015,42.53870579
C-WEU-GRC,rur,sfh,perm,2020,43.8698672
C-WEU-GRC,rur,sfh,perm,2025,45.17282411
C-WEU-GRC,rur,sfh,perm,2030,43.68133291195482
C-WEU-GRC,rur,sfh,perm,2035,42.18984171390964
C-WEU-GRC,rur,sfh,perm,2040,40.69835051586445
C-WEU-GRC,rur,sfh,perm,2045,39.206859317819266
C-WEU-GRC,rur,sfh,perm,2050,37.715368119774084
C-WEU-GRC,rur,sfh,perm,2055,37.715368119774084
C-WEU-GRC,rur,sfh,perm,2060,37.715368119774084
C-WEU-GRC,rur,sfh,perm,2065,37.715368119774084
C-WEU-GRC,rur,sfh,perm,2070,37.715368119774084
C-WEU-GRC,rur,sfh,perm,2075,37.715368119774084
C-WEU-GRC,rur,sfh,perm,2080,37.715368119774084
C-WEU-GRC,rur,sfh,perm,2085,37.715368119774084
C-WEU-GRC,rur,sfh,perm,2090,37.715368119774084
C-WEU-GRC,rur,sfh,perm,2095,37.715368119774084
C-WEU-GRC,rur,sfh,perm,2100,37.715368119774084
C-WEU-GRC,urb,mfh,perm,2015,23.15950573
C-WEU-GRC,urb,mfh,perm,2020,23.88423488
C-WEU-GRC,urb,mfh,perm,2025,24.59360856
C-WEU-GRC,urb,mfh,perm,2030,24.080013772420315
C-WEU-GRC,urb,mfh,perm,2035,23.56641898484063
C-WEU-GRC,urb,mfh,perm,2040,23.052824197260946
C-WEU-GRC,urb,mfh,perm,2045,22.539229409681262
C-WEU-GRC,urb,mfh,perm,2050,22.025634622101578
C-WEU-GRC,urb,mfh,perm,2055,22.025634622101578
C-WEU-GRC,urb,mfh,perm,2060,22.025634622101578
C-WEU-GRC,urb,mfh,perm,2065,22.025634622101578
C-WEU-GRC,urb,mfh,perm,2070,22.025634622101578
C-WEU-GRC,urb,mfh,perm,2075,22.025634622101578
C-WEU-GRC,urb,mfh,perm,2080,22.025634622101578
C-WEU-GRC,urb,mfh,perm,2085,22.025634622101578
C-WEU-GRC,urb,mfh,perm,2090,22.025634622101578
C-WEU-GRC,urb,mfh,perm,2095,22.025634622101578
C-WEU-GRC,urb,mfh,perm,2100,22.025634622101578
C-WEU-GRC,urb,sfh,perm,2015,40.45717339
C-WEU-GRC,urb,sfh,perm,2020,41.72319752
C-WEU-GRC,urb,sfh,perm,2025,42.96239728
C-WEU-GRC,urb,sfh,perm,2030,41.67973679913039
C-WEU-GRC,urb,sfh,perm,2035,40.39707631826078
C-WEU-GRC,urb,sfh,perm,2040,39.11441583739117
C-WEU-GRC,urb,sfh,perm,2045,37.83175535652156
C-WEU-GRC,urb,sfh,perm,2050,36.54909487565195
C-WEU-GRC,urb,sfh,perm,2055,36.54909487565195
C-WEU-GRC,urb,sfh,perm,2060,36.54909487565195
C-WEU-GRC,urb,sfh,perm,2065,36.54909487565195
C-WEU-GRC,urb,sfh,perm,2070,36.54909487565195
C-WEU-GRC,urb,sfh,perm,2075,36.54909487565195
C-WEU-GRC,urb,sfh,perm,2080,36.54909487565195
C-WEU-GRC,urb,sfh,perm,2085,36.54909487565195
C-WEU-GRC,urb,sfh,perm,2090,36.54909487565195
C-WEU-GRC,urb,sfh,perm,2095,36.54909487565195
C-WEU-GRC,urb,sfh,perm,2100,36.54909487565195
C-WEU-IRL,rur,mfh,perm,2015,32.84338677
C-WEU-IRL,rur,mfh,perm,2020,33.0821052
C-WEU-IRL,rur,mfh,perm,2025,33.29884171
C-WEU-IRL,rur,mfh,perm,2030,32.55909324877374
C-WEU-IRL,rur,mfh,perm,2035,31.819344787547486
C-WEU-IRL,rur,mfh,perm,2040,31.079596326321234
C-WEU-IRL,rur,mfh,perm,2045,30.339847865094978
C-WEU-IRL,rur,mfh,perm,2050,29.60009940386872
C-WEU-IRL,rur,mfh,perm,2055,29.60009940386872
C-WEU-IRL,rur,mfh,perm,2060,29.60009940386872
C-WEU-IRL,rur,mfh,perm,2065,29.60009940386872
C-WEU-IRL,rur,mfh,perm,2070,29.60009940386872
C-WEU-IRL,rur,mfh,perm,2075,29.60009940386872
C-WEU-IRL,rur,mfh,perm,2080,29.60009940386872
C-WEU-IRL,rur,mfh,perm,2085,29.60009940386872
C-WEU-IRL,rur,mfh,perm,2090,29.60009940386872
C-WEU-IRL,rur,mfh,perm,2095,29.60009940386872
C-WEU-IRL,rur,mfh,perm,2100,29.60009940386872
C-WEU-IRL,rur,sfh,perm,2015,54.90611481
C-WEU-IRL,rur,sfh,perm,2020,55.30519368
C-WEU-IRL,rur,sfh,perm,2025,55.66752414
C-WEU-IRL,rur,sfh,perm,2030,53.82952476963524
C-WEU-IRL,rur,sfh,perm,2035,51.99152539927049
C-WEU-IRL,rur,sfh,perm,2040,50.15352602890574
C-WEU-IRL,rur,sfh,perm,2045,48.31552665854099
C-WEU-IRL,rur,sfh,perm,2050,46.47752728817623
C-WEU-IRL,rur,sfh,perm,2055,46.47752728817623
C-WEU-IRL,rur,sfh,perm,2060,46.47752728817623
C-WEU-IRL,rur,sfh,perm,2065,46.47752728817623
C-WEU-IRL,rur,sfh,perm,2070,46.47752728817623
C-WEU-IRL,rur,sfh,perm,2075,46.47752728817623
C-WEU-IRL,rur,sfh,perm,2080,46.47752728817623
C-WEU-IRL,rur,sfh,perm,2085,46.47752728817623
C-WEU-IRL,rur,sfh,perm,2090,46.47752728817623
C-WEU-IRL,rur,sfh,perm,2095,46.47752728817623
C-WEU-IRL,rur,sfh,perm,2100,46.47752728817623
C-WEU-IRL,urb,mfh,perm,2015,29.8927402
C-WEU-IRL,urb,mfh,perm,2020,30.11001219
C-WEU-IRL,urb,mfh,perm,2025,30.30727711
C-WEU-IRL,urb,mfh,perm,2030,29.67436228127716
C-WEU-IRL,urb,mfh,perm,2035,29.041447452554312
C-WEU-IRL,urb,mfh,perm,2040,28.40853262383147
C-WEU-IRL,urb,mfh,perm,2045,27.775617795108623
C-WEU-IRL,urb,mfh,perm,2050,27.14270296638578
C-WEU-IRL,urb,mfh,perm,2055,27.14270296638578
C-WEU-IRL,urb,mfh,perm,2060,27.14270296638578
C-WEU-IRL,urb,mfh,perm,2065,27.14270296638578
C-WEU-IRL,urb,mfh,perm,2070,27.14270296638578
C-WEU-IRL,urb,mfh,perm,2075,27.14270296638578
C-WEU-IRL,urb,mfh,perm,2080,27.14270296638578
C-WEU-IRL,urb,mfh,perm,2085,27.14270296638578
C-WEU-IRL,urb,mfh,perm,2090,27.14270296638578
C-WEU-IRL,urb,mfh,perm,2095,27.14270296638578
C-WEU-IRL,urb,mfh,perm,2100,27.14270296638578
C-WEU-IRL,urb,sfh,perm,2015,52.21941208
C-WEU-IRL,urb,sfh,perm,2020,52.59896296
C-WEU-IRL,urb,sfh,perm,2025,52.94356363
C-WEU-IRL,urb,sfh,perm,2030,51.36291122035852
C-WEU-IRL,urb,sfh,perm,2035,49.78225881071704
C-WEU-IRL,urb,sfh,perm,2040,48.201606401075566
C-WEU-IRL,urb,sfh,perm,2045,46.620953991434085
C-WEU-IRL,urb,sfh,perm,2050,45.040301581792605
C-WEU-IRL,urb,sfh,perm,2055,45.040301581792605
C-WEU-IRL,urb,sfh,perm,2060,45.040301581792605
C-WEU-IRL,urb,sfh,perm,2065,45.040301581792605
C-WEU-IRL,urb,sfh,perm,2070,45.040301581792605
C-WEU-IRL,urb,sfh,perm,2075,45.040301581792605
C-WEU-IRL,urb,sfh,perm,2080,45.040301581792605
C-WEU-IRL,urb,sfh,perm,2085,45.040301581792605
C-WEU-IRL,urb,sfh,perm,2090,45.040301581792605
C-WEU-IRL,urb,sfh,perm,2095,45.040301581792605
C-WEU-IRL,urb,sfh,perm,2100,45.040301581792605
C-WEU-ISL,rur,mfh,perm,2015,28.81049035
C-WEU-ISL,rur,mfh,perm,2020,29.49861736
C-WEU-ISL,rur,mfh,perm,2025,30.14080375
C-WEU-ISL,rur,mfh,perm,2030,29.471212495494317
C-WEU-ISL,rur,mfh,perm,2035,28.801621240988634
C-WEU-ISL,rur,mfh,perm,2040,28.13202998648295
C-WEU-ISL,rur,mfh,perm,2045,27.46243873197727
C-WEU-ISL,rur,mfh,perm,2050,26.792847477471586
C-WEU-ISL,rur,mfh,perm,2055,26.792847477471586
C-WEU-ISL,rur,mfh,perm,2060,26.792847477471586
C-WEU-ISL,rur,mfh,perm,2065,26.792847477471586
C-WEU-ISL,rur,mfh,perm,2070,26.792847477471586
C-WEU-ISL,rur,mfh,perm,2075,26.792847477471586
C-WEU-ISL,rur,mfh,perm,2080,26.792847477471586
C-WEU-ISL,rur,mfh,perm,2085,26.792847477471586
C-WEU-ISL,rur,mfh,perm,2090,26.792847477471586
C-WEU-ISL,rur,mfh,perm,2095,26.792847477471586
C-WEU-ISL,rur,mfh,perm,2100,26.792847477471586
C-WEU-ISL,rur,sfh,perm,2015,48.16409775
C-WEU-ISL,rur,sfh,perm,2020,49.31447791
C-WEU-ISL,rur,sfh,perm,2025,50.38805658
C-WEU-ISL,rur,sfh,perm,2030,48.72437173504394
C-WEU-ISL,rur,sfh,perm,2035,47.06068689008788
C-WEU-ISL,rur,sfh,perm,2040,45.39700204513182
C-WEU-ISL,rur,sfh,perm,2045,43.73331720017576
C-WEU-ISL,rur,sfh,perm,2050,42.0696323552197
C-WEU-ISL,rur,sfh,perm,2055,42.0696323552197
C-WEU-ISL,rur,sfh,perm,2060,42.0696323552197
C-WEU-ISL,rur,sfh,perm,2065,42.0696323552197
C-WEU-ISL,rur,sfh,perm,2070,42.0696323552197
C-WEU-ISL,rur,sfh,perm,2075,42.0696323552197
C-WEU-ISL,rur,sfh,perm,2080,42.0696323552197
C-WEU-ISL,rur,sfh,perm,2085,42.0696323552197
C-WEU-ISL,rur,sfh,perm,2090,42.0696323552197
C-WEU-ISL,rur,sfh,perm,2095,42.0696323552197
C-WEU-ISL,rur,sfh,perm,2100,42.0696323552197
C-WEU-ISL,urb,mfh,perm,2015,26.22215878
C-WEU-ISL,urb,mfh,perm,2020,26.84846453
C-WEU-ISL,urb,mfh,perm,2025,27.43295696
C-WEU-ISL,urb,mfh,perm,2030,26.860067313969388
C-WEU-ISL,urb,mfh,perm,2035,26.287177667938774
C-WEU-ISL,urb,mfh,perm,2040,25.714288021908164
C-WEU-ISL,urb,mfh,perm,2045,25.14139837587755
C-WEU-ISL,urb,mfh,perm,2050,24.56850872984694
C-WEU-ISL,urb,mfh,perm,2055,24.56850872984694
C-WEU-ISL,urb,mfh,perm,2060,24.56850872984694
C-WEU-ISL,urb,mfh,perm,2065,24.56850872984694
C-WEU-ISL,urb,mfh,perm,2070,24.56850872984694
C-WEU-ISL,urb,mfh,perm,2075,24.56850872984694
C-WEU-ISL,urb,mfh,perm,2080,24.56850872984694
C-WEU-ISL,urb,mfh,perm,2085,24.56850872984694
C-WEU-ISL,urb,mfh,perm,2090,24.56850872984694
C-WEU-ISL,urb,mfh,perm,2095,24.56850872984694
C-WEU-ISL,urb,mfh,perm,2100,24.56850872984694
C-WEU-ISL,urb,sfh,perm,2015,45.80729991
C-WEU-ISL,urb,sfh,perm,2020,46.9013889
C-WEU-ISL,urb,sfh,perm,2025,47.92243451
C-WEU-ISL,urb,sfh,perm,2030,46.49169002680856
C-WEU-ISL,urb,sfh,perm,2035,45.06094554361712
C-WEU-ISL,urb,sfh,perm,2040,43.63020106042568
C-WEU-ISL,urb,sfh,perm,2045,42.19945657723424
C-WEU-ISL,urb,sfh,perm,2050,40.7687120940428
C-WEU-ISL,urb,sfh,perm,2055,40.7687120940428
C-WEU-ISL,urb,sfh,perm,2060,40.7687120940428
C-WEU-ISL,urb,sfh,perm,2065,40.7687120940428
C-WEU-ISL,urb,sfh,perm,2070,40.7687120940428
C-WEU-ISL,urb,sfh,perm,2075,40.7687120940428
C-WEU-ISL,urb,sfh,perm,2080,40.7687120940428
C-WEU-ISL,urb,sfh,perm,2085,40.7687120940428
C-WEU-ISL,urb,sfh,perm,2090,40.7687120940428
C-WEU-ISL,urb,sfh,perm,2095,40.7687120940428
C-WEU-ISL,urb,sfh,perm,2100,40.7687120940428
C-WEU-ITA,rur,mfh,perm,2015,27.80052301
C-WEU-ITA,rur,mfh,perm,2020,28.38596108
C-WEU-ITA,rur,mfh,perm,2025,28.96549064
C-WEU-ITA,rur,mfh,perm,2030,28.060683895979583
C-WEU-ITA,rur,mfh,perm,2035,27.15587715195917
C-WEU-ITA,rur,mfh,perm,2040,26.251070407938755
C-WEU-ITA,rur,mfh,perm,2045,25.346263663918343
C-WEU-ITA,rur,mfh,perm,2050,24.441456919897927
C-WEU-ITA,rur,mfh,perm,2055,24.441456919897927
C-WEU-ITA,rur,mfh,perm,2060,24.441456919897927
C-WEU-ITA,rur,mfh,perm,2065,24.441456919897927
C-WEU-ITA,rur,mfh,perm,2070,24.441456919897927
C-WEU-ITA,rur,mfh,perm,2075,24.441456919897927
C-WEU-ITA,rur,mfh,perm,2080,24.441456919897927
C-WEU-ITA,rur,mfh,perm,2085,24.441456919897927
C-WEU-ITA,rur,mfh,perm,2090,24.441456919897927
C-WEU-ITA,rur,mfh,perm,2095,24.441456919897927
C-WEU-ITA,rur,mfh,perm,2100,24.441456919897927
C-WEU-ITA,rur,sfh,perm,2015,46.47567922
C-WEU-ITA,rur,sfh,perm,2020,47.45438858
C-WEU-ITA,rur,sfh,perm,2025,48.42322034
C-WEU-ITA,rur,sfh,perm,2030,46.521965352633146
C-WEU-ITA,rur,sfh,perm,2035,44.6207103652663
C-WEU-ITA,rur,sfh,perm,2040,42.71945537789944
C-WEU-ITA,rur,sfh,perm,2045,40.818200390532596
C-WEU-ITA,rur,sfh,perm,2050,38.91694540316574
C-WEU-ITA,rur,sfh,perm,2055,38.91694540316574
C-WEU-ITA,rur,sfh,perm,2060,38.91694540316574
C-WEU-ITA,rur,sfh,perm,2065,38.91694540316574
C-WEU-ITA,rur,sfh,perm,2070,38.91694540316574
C-WEU-ITA,rur,sfh,perm,2075,38.91694540316574
C-WEU-ITA,rur,sfh,perm,2080,38.91694540316574
C-WEU-ITA,rur,sfh,perm,2085,38.91694540316574
C-WEU-ITA,rur,sfh,perm,2090,38.91694540316574
C-WEU-ITA,rur,sfh,perm,2095,38.91694540316574
C-WEU-ITA,rur,sfh,perm,2100,38.91694540316574
C-WEU-ITA,urb,mfh,perm,2015,25.30292681
C-WEU-ITA,urb,mfh,perm,2020,25.83576918
C-WEU-ITA,urb,mfh,perm,2025,26.36323386
C-WEU-ITA,urb,mfh,perm,2030,25.723153962804172
C-WEU-ITA,urb,mfh,perm,2035,25.083074065608344
C-WEU-ITA,urb,mfh,perm,2040,24.44299416841251
C-WEU-ITA,urb,mfh,perm,2045,23.802914271216682
C-WEU-ITA,urb,mfh,perm,2050,23.162834374020854
C-WEU-ITA,urb,mfh,perm,2055,23.162834374020854
C-WEU-ITA,urb,mfh,perm,2060,23.162834374020854
C-WEU-ITA,urb,mfh,perm,2065,23.162834374020854
C-WEU-ITA,urb,mfh,perm,2070,23.162834374020854
C-WEU-ITA,urb,mfh,perm,2075,23.162834374020854
C-WEU-ITA,urb,mfh,perm,2080,23.162834374020854
C-WEU-ITA,urb,mfh,perm,2085,23.162834374020854
C-WEU-ITA,urb,mfh,perm,2090,23.162834374020854
C-WEU-ITA,urb,mfh,perm,2095,23.162834374020854
C-WEU-ITA,urb,mfh,perm,2100,23.162834374020854
C-WEU-ITA,urb,sfh,perm,2015,44.2015002
C-WEU-ITA,urb,sfh,perm,2020,45.1323187
C-WEU-ITA,urb,sfh,perm,2025,46.05374294
C-WEU-ITA,urb,sfh,perm,2030,44.65295825581147
C-WEU-ITA,urb,sfh,perm,2035,43.25217357162294
C-WEU-ITA,urb,sfh,perm,2040,41.8513888874344
C-WEU-ITA,urb,sfh,perm,2045,40.450604203245874
C-WEU-ITA,urb,sfh,perm,2050,39.049819519057344
C-WEU-ITA,urb,sfh,perm,2055,39.049819519057344
C-WEU-ITA,urb,sfh,perm,2060,39.049819519057344
C-WEU-ITA,urb,sfh,perm,2065,39.049819519057344
C-WEU-ITA,urb,sfh,perm,2070,39.049819519057344
C-WEU-ITA,urb,sfh,perm,2075,39.049819519057344
C-WEU-ITA,urb,sfh,perm,2080,39.049819519057344
C-WEU-ITA,urb,sfh,perm,2085,39.049819519057344
C-WEU-ITA,urb,sfh,perm,2090,39.049819519057344
C-WEU-ITA,urb,sfh,perm,2095,39.049819519057344
C-WEU-ITA,urb,sfh,perm,2100,39.049819519057344
C-WEU-LUX,rur,mfh,perm,2015,40.87688576
C-WEU-LUX,rur,mfh,perm,2020,40.56212579
C-WEU-LUX,rur,mfh,perm,2025,40.23658194
C-WEU-LUX,rur,mfh,perm,2030,39.34270851838544
C-WEU-LUX,rur,mfh,perm,2035,38.44883509677089
C-WEU-LUX,rur,mfh,perm,2040,37.554961675156335
C-WEU-LUX,rur,mfh,perm,2045,36.661088253541784
C-WEU-LUX,rur,mfh,perm,2050,35.76721483192723
C-WEU-LUX,rur,mfh,perm,2055,35.76721483192723
C-WEU-LUX,rur,mfh,perm,2060,35.76721483192723
C-WEU-LUX,rur,mfh,perm,2065,35.76721483192723
C-WEU-LUX,rur,mfh,perm,2070,35.76721483192723
C-WEU-LUX,rur,mfh,perm,2075,35.76721483192723
C-WEU-LUX,rur,mfh,perm,2080,35.76721483192723
C-WEU-LUX,rur,mfh,perm,2085,35.76721483192723
C-WEU-LUX,rur,mfh,perm,2090,35.76721483192723
C-WEU-LUX,rur,mfh,perm,2095,35.76721483192723
C-WEU-LUX,rur,mfh,perm,2100,35.76721483192723
C-WEU-LUX,rur,sfh,perm,2015,68.33616149
C-WEU-LUX,rur,sfh,perm,2020,67.80995976
C-WEU-LUX,rur,sfh,perm,2025,67.26573002
C-WEU-LUX,rur,sfh,perm,2030,65.04478753452223
C-WEU-LUX,rur,sfh,perm,2035,62.823845049044465
C-WEU-LUX,rur,sfh,perm,2040,60.60290256356669
C-WEU-LUX,rur,sfh,perm,2045,58.381960078088916
C-WEU-LUX,rur,sfh,perm,2050,56.161017592611145
C-WEU-LUX,rur,sfh,perm,2055,56.161017592611145
C-WEU-LUX,rur,sfh,perm,2060,56.161017592611145
C-WEU-LUX,rur,sfh,perm,2065,56.161017592611145
C-WEU-LUX,rur,sfh,perm,2070,56.161017592611145
C-WEU-LUX,rur,sfh,perm,2075,56.161017592611145
C-WEU-LUX,rur,sfh,perm,2080,56.161017592611145
C-WEU-LUX,rur,sfh,perm,2085,56.161017592611145
C-WEU-LUX,rur,sfh,perm,2090,56.161017592611145
C-WEU-LUX,rur,sfh,perm,2095,56.161017592611145
C-WEU-LUX,rur,sfh,perm,2100,56.161017592611145
C-WEU-LUX,urb,mfh,perm,2015,37.20451044
C-WEU-LUX,urb,mfh,perm,2020,36.91802847
C-WEU-LUX,urb,mfh,perm,2025,36.62173145
C-WEU-LUX,urb,mfh,perm,2030,35.85695021267258
C-WEU-LUX,urb,mfh,perm,2035,35.09216897534516
C-WEU-LUX,urb,mfh,perm,2040,34.32738773801774
C-WEU-LUX,urb,mfh,perm,2045,33.56260650069032
C-WEU-LUX,urb,mfh,perm,2050,32.7978252633629
C-WEU-LUX,urb,mfh,perm,2055,32.7978252633629
C-WEU-LUX,urb,mfh,perm,2060,32.7978252633629
C-WEU-LUX,urb,mfh,perm,2065,32.7978252633629
C-WEU-LUX,urb,mfh,perm,2070,32.7978252633629
C-WEU-LUX,urb,mfh,perm,2075,32.7978252633629
C-WEU-LUX,urb,mfh,perm,2080,32.7978252633629
C-WEU-LUX,urb,mfh,perm,2085,32.7978252633629
C-WEU-LUX,urb,mfh,perm,2090,32.7978252633629
C-WEU-LUX,urb,mfh,perm,2095,32.7978252633629
C-WEU-LUX,urb,mfh,perm,2100,32.7978252633629
C-WEU-LUX,urb,sfh,perm,2015,64.99229074
C-WEU-LUX,urb,sfh,perm,2020,64.49183747
C-WEU-LUX,urb,sfh,perm,2025,63.97423834
C-WEU-LUX,urb,sfh,perm,2030,62.06426048709627
C-WEU-LUX,urb,sfh,perm,2035,60.15428263419254
C-WEU-LUX,urb,sfh,perm,2040,58.24430478128882
C-WEU-LUX,urb,sfh,perm,2045,56.33432692838509
C-WEU-LUX,urb,sfh,perm,2050,54.42434907548136
C-WEU-LUX,urb,sfh,perm,2055,54.42434907548136
C-WEU-LUX,urb,sfh,perm,2060,54.42434907548136
C-WEU-LUX,urb,sfh,perm,2065,54.42434907548136
C-WEU-LUX,urb,sfh,perm,2070,54.42434907548136
C-WEU-LUX,urb,sfh,perm,2075,54.42434907548136
C-WEU-LUX,urb,sfh,perm,2080,54.42434907548136
C-WEU-LUX,urb,sfh,perm,2085,54.42434907548136
C-WEU-LUX,urb,sfh,perm,2090,54.42434907548136
C-WEU-LUX,urb,sfh,perm,2095,54.42434907548136
C-WEU-LUX,urb,sfh,perm,2100,54.42434907548136
C-WEU-MLT,rur,mfh,perm,2015,28.83344935
C-WEU-MLT,rur,mfh,perm,2020,29.5227359
C-WEU-MLT,rur,mfh,perm,2025,30.17926105
C-WEU-MLT,rur,mfh,perm,2030,29.508815449606082
C-WEU-MLT,rur,mfh,perm,2035,28.838369849212167
C-WEU-MLT,rur,mfh,perm,2040,28.16792424881825
C-WEU-MLT,rur,mfh,perm,2045,27.497478648424334
C-WEU-MLT,rur,mfh,perm,2050,26.827033048030415
C-WEU-MLT,rur,mfh,perm,2055,26.827033048030415
C-WEU-MLT,rur,mfh,perm,2060,26.827033048030415
C-WEU-MLT,rur,mfh,perm,2065,26.827033048030415
C-WEU-MLT,rur,mfh,perm,2070,26.827033048030415
C-WEU-MLT,rur,mfh,perm,2075,26.827033048030415
C-WEU-MLT,rur,mfh,perm,2080,26.827033048030415
C-WEU-MLT,rur,mfh,perm,2085,26.827033048030415
C-WEU-MLT,rur,mfh,perm,2090,26.827033048030415
C-WEU-MLT,rur,mfh,perm,2095,26.827033048030415
C-WEU-MLT,rur,mfh,perm,2100,26.827033048030415
C-WEU-MLT,rur,sfh,perm,2015,48.20247958
C-WEU-MLT,rur,sfh,perm,2020,49.35479821
C-WEU-MLT,rur,sfh,perm,2025,50.45234778
C-WEU-MLT,rur,sfh,perm,2030,48.78654020393733
C-WEU-MLT,rur,sfh,perm,2035,47.12073262787466
C-WEU-MLT,rur,sfh,perm,2040,45.45492505181198
C-WEU-MLT,rur,sfh,perm,2045,43.789117475749315
C-WEU-MLT,rur,sfh,perm,2050,42.123309899686646
C-WEU-MLT,rur,sfh,perm,2055,42.123309899686646
C-WEU-MLT,rur,sfh,perm,2060,42.123309899686646
C-WEU-MLT,rur,sfh,perm,2065,42.123309899686646
C-WEU-MLT,rur,sfh,perm,2070,42.123309899686646
C-WEU-MLT,rur,sfh,perm,2075,42.123309899686646
C-WEU-MLT,rur,sfh,perm,2080,42.123309899686646
C-WEU-MLT,rur,sfh,perm,2085,42.123309899686646
C-WEU-MLT,rur,sfh,perm,2090,42.123309899686646
C-WEU-MLT,rur,sfh,perm,2095,42.123309899686646
C-WEU-MLT,rur,sfh,perm,2100,42.123309899686646
C-WEU-MLT,urb,mfh,perm,2015,26.24305515
C-WEU-MLT,urb,mfh,perm,2020,26.87041626
C-WEU-MLT,urb,mfh,perm,2025,27.46795926
C-WEU-MLT,urb,mfh,perm,2030,26.89433865174441
C-WEU-MLT,urb,mfh,perm,2035,26.320718043488817
C-WEU-MLT,urb,mfh,perm,2040,25.747097435233226
C-WEU-MLT,urb,mfh,perm,2045,25.173476826977634
C-WEU-MLT,urb,mfh,perm,2050,24.599856218722042
C-WEU-MLT,urb,mfh,perm,2055,24.599856218722042
C-WEU-MLT,urb,mfh,perm,2060,24.599856218722042
C-WEU-MLT,urb,mfh,perm,2065,24.599856218722042
C-WEU-MLT,urb,mfh,perm,2070,24.599856218722042
C-WEU-MLT,urb,mfh,perm,2075,24.599856218722042
C-WEU-MLT,urb,mfh,perm,2080,24.599856218722042
C-WEU-MLT,urb,mfh,perm,2085,24.599856218722042
C-WEU-MLT,urb,mfh,perm,2090,24.599856218722042
C-WEU-MLT,urb,mfh,perm,2095,24.599856218722042
C-WEU-MLT,urb,mfh,perm,2100,24.599856218722042
C-WEU-MLT,urb,sfh,perm,2015,45.84380362
C-WEU-MLT,urb,sfh,perm,2020,46.93973622
C-WEU-MLT,urb,sfh,perm,2025,47.98357976
C-WEU-MLT,urb,sfh,perm,2030,46.551009759595054
C-WEU-MLT,urb,sfh,perm,2035,45.11843975919012
C-WEU-MLT,urb,sfh,perm,2040,43.685869758785174
C-WEU-MLT,urb,sfh,perm,2045,42.25329975838024
C-WEU-MLT,urb,sfh,perm,2050,40.82072975797529
C-WEU-MLT,urb,sfh,perm,2055,40.82072975797529
C-WEU-MLT,urb,sfh,perm,2060,40.82072975797529
C-WEU-MLT,urb,sfh,perm,2065,40.82072975797529
C-WEU-MLT,urb,sfh,perm,2070,40.82072975797529
C-WEU-MLT,urb,sfh,perm,2075,40.82072975797529
C-WEU-MLT,urb,sfh,perm,2080,40.82072975797529
C-WEU-MLT,urb,sfh,perm,2085,40.82072975797529
C-WEU-MLT,urb,sfh,perm,2090,40.82072975797529
C-WEU-MLT,urb,sfh,perm,2095,40.82072975797529
C-WEU-MLT,urb,sfh,perm,2100,40.82072975797529
C-WEU-NLD,rur,mfh,perm,2015,39.59997895
C-WEU-NLD,rur,mfh,perm,2020,39.35340467
C-WEU-NLD,rur,mfh,perm,2025,39.1019954
C-WEU-NLD,rur,mfh,perm,2030,38.57744808321165
C-WEU-NLD,rur,mfh,perm,2035,38.052900766423306
C-WEU-NLD,rur,mfh,perm,2040,37.528353449634956
C-WEU-NLD,rur,mfh,perm,2045,37.00380613284661
C-WEU-NLD,rur,mfh,perm,2050,36.47925881605826
C-WEU-NLD,rur,mfh,perm,2055,36.47925881605826
C-WEU-NLD,rur,mfh,perm,2060,36.47925881605826
C-WEU-NLD,rur,mfh,perm,2065,36.47925881605826
C-WEU-NLD,rur,mfh,perm,2070,36.47925881605826
C-WEU-NLD,rur,mfh,perm,2075,36.47925881605826
C-WEU-NLD,rur,mfh,perm,2080,36.47925881605826
C-WEU-NLD,rur,mfh,perm,2085,36.47925881605826
C-WEU-NLD,rur,mfh,perm,2090,36.47925881605826
C-WEU-NLD,rur,mfh,perm,2095,36.47925881605826
C-WEU-NLD,rur,mfh,perm,2100,36.47925881605826
C-WEU-NLD,rur,sfh,perm,2015,66.20148543
C-WEU-NLD,rur,sfh,perm,2020,65.78927349
C-WEU-NLD,rur,sfh,perm,2025,65.36897865
C-WEU-NLD,rur,sfh,perm,2030,63.090563989562135
C-WEU-NLD,rur,sfh,perm,2035,60.81214932912427
C-WEU-NLD,rur,sfh,perm,2040,58.53373466868641
C-WEU-NLD,rur,sfh,perm,2045,56.25532000824854
C-WEU-NLD,rur,sfh,perm,2050,53.97690534781067
C-WEU-NLD,rur,sfh,perm,2055,53.97690534781067
C-WEU-NLD,rur,sfh,perm,2060,53.97690534781067
C-WEU-NLD,rur,sfh,perm,2065,53.97690534781067
C-WEU-NLD,rur,sfh,perm,2070,53.97690534781067
C-WEU-NLD,rur,sfh,perm,2075,53.97690534781067
C-WEU-NLD,rur,sfh,perm,2080,53.97690534781067
C-WEU-NLD,rur,sfh,perm,2085,53.97690534781067
C-WEU-NLD,rur,sfh,perm,2090,53.97690534781067
C-WEU-NLD,rur,sfh,perm,2095,53.97690534781067
C-WEU-NLD,rur,sfh,perm,2100,53.97690534781067
C-WEU-NLD,urb,mfh,perm,2015,36.04232081
C-WEU-NLD,urb,mfh,perm,2020,35.81789874
C-WEU-NLD,urb,mfh,perm,2025,35.58907605
C-WEU-NLD,urb,mfh,perm,2030,34.778223317746935
C-WEU-NLD,urb,mfh,perm,2035,33.967370585493875
C-WEU-NLD,urb,mfh,perm,2040,33.15651785324081
C-WEU-NLD,urb,mfh,perm,2045,32.345665120987746
C-WEU-NLD,urb,mfh,perm,2050,31.53481238873468
C-WEU-NLD,urb,mfh,perm,2055,31.53481238873468
C-WEU-NLD,urb,mfh,perm,2060,31.53481238873468
C-WEU-NLD,urb,mfh,perm,2065,31.53481238873468
C-WEU-NLD,urb,mfh,perm,2070,31.53481238873468
C-WEU-NLD,urb,mfh,perm,2075,31.53481238873468
C-WEU-NLD,urb,mfh,perm,2080,31.53481238873468
C-WEU-NLD,urb,mfh,perm,2085,31.53481238873468
C-WEU-NLD,urb,mfh,perm,2090,31.53481238873468
C-WEU-NLD,urb,mfh,perm,2095,31.53481238873468
C-WEU-NLD,urb,mfh,perm,2100,31.53481238873468
C-WEU-NLD,urb,sfh,perm,2015,62.96207007
C-WEU-NLD,urb,sfh,perm,2020,62.57002877
C-WEU-NLD,urb,sfh,perm,2025,62.17030007
C-WEU-NLD,urb,sfh,perm,2030,60.02188944033407
C-WEU-NLD,urb,sfh,perm,2035,57.87347881066813
C-WEU-NLD,urb,sfh,perm,2040,55.7250681810022
C-WEU-NLD,urb,sfh,perm,2045,53.57665755133627
C-WEU-NLD,urb,sfh,perm,2050,51.42824692167033
C-WEU-NLD,urb,sfh,perm,2055,51.42824692167033
C-WEU-NLD,urb,sfh,perm,2060,51.42824692167033
C-WEU-NLD,urb,sfh,perm,2065,51.42824692167033
C-WEU-NLD,urb,sfh,perm,2070,51.42824692167033
C-WEU-NLD,urb,sfh,perm,2075,51.42824692167033
C-WEU-NLD,urb,sfh,perm,2080,51.42824692167033
C-WEU-NLD,urb,sfh,perm,2085,51.42824692167033
C-WEU-NLD,urb,sfh,perm,2090,51.42824692167033
C-WEU-NLD,urb,sfh,perm,2095,51.42824692167033
C-WEU-NLD,urb,sfh,perm,2100,51.42824692167033
C-WEU-NOR,rur,mfh,perm,2015,27.49949746
C-WEU-NOR,rur,mfh,perm,2020,28.22339743
C-WEU-NOR,rur,mfh,perm,2025,28.92287903
C-WEU-NOR,rur,mfh,perm,2030,28.280344510541017
C-WEU-NOR,rur,mfh,perm,2035,27.637809991082033
C-WEU-NOR,rur,mfh,perm,2040,26.99527547162305
C-WEU-NOR,rur,mfh,perm,2045,26.352740952164066
C-WEU-NOR,rur,mfh,perm,2050,25.710206432705082
C-WEU-NOR,rur,mfh,perm,2055,25.710206432705082
C-WEU-NOR,rur,mfh,perm,2060,25.710206432705082
C-WEU-NOR,rur,mfh,perm,2065,25.710206432705082
C-WEU-NOR,rur,mfh,perm,2070,25.710206432705082
C-WEU-NOR,rur,mfh,perm,2075,25.710206432705082
C-WEU-NOR,rur,mfh,perm,2080,25.710206432705082
C-WEU-NOR,rur,mfh,perm,2085,25.710206432705082
C-WEU-NOR,rur,mfh,perm,2090,25.710206432705082
C-WEU-NOR,rur,mfh,perm,2095,25.710206432705082
C-WEU-NOR,rur,mfh,perm,2100,25.710206432705082
C-WEU-NOR,rur,sfh,perm,2015,45.97243808
C-WEU-NOR,rur,sfh,perm,2020,47.18262188
C-WEU-NOR,rur,sfh,perm,2025,48.35198414
C-WEU-NOR,rur,sfh,perm,2030,46.755525203157354
C-WEU-NOR,rur,sfh,perm,2035,45.15906626631471
C-WEU-NOR,rur,sfh,perm,2040,43.56260732947207
C-WEU-NOR,rur,sfh,perm,2045,41.96614839262943
C-WEU-NOR,rur,sfh,perm,2050,40.369689455786784
C-WEU-NOR,rur,sfh,perm,2055,40.369689455786784
C-WEU-NOR,rur,sfh,perm,2060,40.369689455786784
C-WEU-NOR,rur,sfh,perm,2065,40.369689455786784
C-WEU-NOR,rur,sfh,perm,2070,40.369689455786784
C-WEU-NOR,rur,sfh,perm,2075,40.369689455786784
C-WEU-NOR,rur,sfh,perm,2080,40.369689455786784
C-WEU-NOR,rur,sfh,perm,2085,40.369689455786784
C-WEU-NOR,rur,sfh,perm,2090,40.369689455786784
C-WEU-NOR,rur,sfh,perm,2095,40.369689455786784
C-WEU-NOR,rur,sfh,perm,2100,40.369689455786784
C-WEU-NOR,urb,mfh,perm,2015,25.02894536
C-WEU-NOR,urb,mfh,perm,2020,25.68781023
C-WEU-NOR,urb,mfh,perm,2025,26.32445047
C-WEU-NOR,urb,mfh,perm,2030,25.77471005617227
C-WEU-NOR,urb,mfh,perm,2035,25.22496964234454
C-WEU-NOR,urb,mfh,perm,2040,24.675229228516812
C-WEU-NOR,urb,mfh,perm,2045,24.12548881468908
C-WEU-NOR,urb,mfh,perm,2050,23.575748400861354
C-WEU-NOR,urb,mfh,perm,2055,23.575748400861354
C-WEU-NOR,urb,mfh,perm,2060,23.575748400861354
C-WEU-NOR,urb,mfh,perm,2065,23.575748400861354
C-WEU-NOR,urb,mfh,perm,2070,23.575748400861354
C-WEU-NOR,urb,mfh,perm,2075,23.575748400861354
C-WEU-NOR,urb,mfh,perm,2080,23.575748400861354
C-WEU-NOR,urb,mfh,perm,2085,23.575748400861354
C-WEU-NOR,urb,mfh,perm,2090,23.575748400861354
C-WEU-NOR,urb,mfh,perm,2095,23.575748400861354
C-WEU-NOR,urb,mfh,perm,2100,23.575748400861354
C-WEU-NOR,urb,sfh,perm,2015,43.722884
C-WEU-NOR,urb,sfh,perm,2020,44.87385027
C-WEU-NOR,urb,sfh,perm,2025,45.98599252
C-WEU-NOR,urb,sfh,perm,2030,44.61306132869453
C-WEU-NOR,urb,sfh,perm,2035,43.24013013738905
C-WEU-NOR,urb,sfh,perm,2040,41.86719894608358
C-WEU-NOR,urb,sfh,perm,2045,40.49426775477811
C-WEU-NOR,urb,sfh,perm,2050,39.12133656347263
C-WEU-NOR,urb,sfh,perm,2055,39.12133656347263
C-WEU-NOR,urb,sfh,perm,2060,39.12133656347263
C-WEU-NOR,urb,sfh,perm,2065,39.12133656347263
C-WEU-NOR,urb,sfh,perm,2070,39.12133656347263
C-WEU-NOR,urb,sfh,perm,2075,39.12133656347263
C-WEU-NOR,urb,sfh,perm,2080,39.12133656347263
C-WEU-NOR,urb,sfh,perm,2085,39.12133656347263
C-WEU-NOR,urb,sfh,perm,2090,39.12133656347263
C-WEU-NOR,urb,sfh,perm,2095,39.12133656347263
C-WEU-NOR,urb,sfh,perm,2100,39.12133656347263
C-WEU-PRT,rur,mfh,perm,2015,29.31289978
C-WEU-PRT,rur,mfh,perm,2020,29.81148327
C-WEU-PRT,rur,mfh,perm,2025,30.29054427
C-WEU-PRT,rur,mfh,perm,2030,29.617626463771654
C-WEU-PRT,rur,mfh,perm,2035,28.944708657543302
C-WEU-PRT,rur,mfh,perm,2040,28.271790851314954
C-WEU-PRT,rur,mfh,perm,2045,27.598873045086606
C-WEU-PRT,rur,mfh,perm,2050,26.925955238858254
C-WEU-PRT,rur,mfh,perm,2055,26.925955238858254
C-WEU-PRT,rur,mfh,perm,2060,26.925955238858254
C-WEU-PRT,rur,mfh,perm,2065,26.925955238858254
C-WEU-PRT,rur,mfh,perm,2070,26.925955238858254
C-WEU-PRT,rur,mfh,perm,2075,26.925955238858254
C-WEU-PRT,rur,mfh,perm,2080,26.925955238858254
C-WEU-PRT,rur,mfh,perm,2085,26.925955238858254
C-WEU-PRT,rur,mfh,perm,2090,26.925955238858254
C-WEU-PRT,rur,mfh,perm,2095,26.925955238858254
C-WEU-PRT,rur,mfh,perm,2100,26.925955238858254
C-WEU-PRT,rur,sfh,perm,2015,49.0040035
C-WEU-PRT,rur,sfh,perm,2020,49.83751324
C-WEU-PRT,rur,sfh,perm,2025,50.63838613
C-WEU-PRT,rur,sfh,perm,2030,48.96643604310276
C-WEU-PRT,rur,sfh,perm,2035,47.29448595620552
C-WEU-PRT,rur,sfh,perm,2040,45.62253586930827
C-WEU-PRT,rur,sfh,perm,2045,43.95058578241103
C-WEU-PRT,rur,sfh,perm,2050,42.27863569551379
C-WEU-PRT,rur,sfh,perm,2055,42.27863569551379
C-WEU-PRT,rur,sfh,perm,2060,42.27863569551379
C-WEU-PRT,rur,sfh,perm,2065,42.27863569551379
C-WEU-PRT,rur,sfh,perm,2070,42.27863569551379
C-WEU-PRT,rur,sfh,perm,2075,42.27863569551379
C-WEU-PRT,rur,sfh,perm,2080,42.27863569551379
C-WEU-PRT,rur,sfh,perm,2085,42.27863569551379
C-WEU-PRT,rur,sfh,perm,2090,42.27863569551379
C-WEU-PRT,rur,sfh,perm,2095,42.27863569551379
C-WEU-PRT,rur,sfh,perm,2100,42.27863569551379
C-WEU-PRT,urb,mfh,perm,2015,26.6794318
C-WEU-PRT,urb,mfh,perm,2020,27.1332226
C-WEU-PRT,urb,mfh,perm,2025,27.56924481
C-WEU-PRT,urb,mfh,perm,2030,26.99350902899901
C-WEU-PRT,urb,mfh,perm,2035,26.417773247998017
C-WEU-PRT,urb,mfh,perm,2040,25.842037466997027
C-WEU-PRT,urb,mfh,perm,2045,25.266301685996034
C-WEU-PRT,urb,mfh,perm,2050,24.690565904995044
C-WEU-PRT,urb,mfh,perm,2055,24.690565904995044
C-WEU-PRT,urb,mfh,perm,2060,24.690565904995044
C-WEU-PRT,urb,mfh,perm,2065,24.690565904995044
C-WEU-PRT,urb,mfh,perm,2070,24.690565904995044
C-WEU-PRT,urb,mfh,perm,2075,24.690565904995044
C-WEU-PRT,urb,mfh,perm,2080,24.690565904995044
C-WEU-PRT,urb,mfh,perm,2085,24.690565904995044
C-WEU-PRT,urb,mfh,perm,2090,24.690565904995044
C-WEU-PRT,urb,mfh,perm,2095,24.690565904995044
C-WEU-PRT,urb,mfh,perm,2100,24.690565904995044
C-WEU-PRT,urb,sfh,perm,2015,46.60610684
C-WEU-PRT,urb,sfh,perm,2020,47.39883071
C-WEU-PRT,urb,sfh,perm,2025,48.16051476
C-WEU-PRT,urb,sfh,perm,2030,46.722662290586086
C-WEU-PRT,urb,sfh,perm,2035,45.284809821172175
C-WEU-PRT,urb,sfh,perm,2040,43.84695735175826
C-WEU-PRT,urb,sfh,perm,2045,42.40910488234435
C-WEU-PRT,urb,sfh,perm,2050,40.97125241293044
C-WEU-PRT,urb,sfh,perm,2055,40.97125241293044
C-WEU-PRT,urb,sfh,perm,2060,40.97125241293044
C-WEU-PRT,urb,sfh,perm,2065,40.97125241293044
C-WEU-PRT,urb,sfh,perm,2070,40.97125241293044
C-WEU-PRT,urb,sfh,perm,2075,40.97125241293044
C-WEU-PRT,urb,sfh,perm,2080,40.97125241293044
C-WEU-PRT,urb,sfh,perm,2085,40.97125241293044
C-WEU-PRT,urb,sfh,perm,2090,40.97125241293044
C-WEU-PRT,urb,sfh,perm,2095,40.97125241293044
C-WEU-PRT,urb,sfh,perm,2100,40.97125241293044
C-WEU-SWE,rur,mfh,perm,2015,37.15923007
C-WEU-SWE,rur,mfh,perm,2020,37.10120038
C-WEU-SWE,rur,mfh,perm,2025,37.03206065
C-WEU-SWE,rur,mfh,perm,2030,36.209377082792074
C-WEU-SWE,rur,mfh,perm,2035,35.38669351558415
C-WEU-SWE,rur,mfh,perm,2040,34.56400994837622
C-WEU-SWE,rur,mfh,perm,2045,33.74132638116829
C-WEU-SWE,rur,mfh,perm,2050,32.91864281396037
C-WEU-SWE,rur,mfh,perm,2055,32.91864281396037
C-WEU-SWE,rur,mfh,perm,2060,32.91864281396037
C-WEU-SWE,rur,mfh,perm,2065,32.91864281396037
C-WEU-SWE,rur,mfh,perm,2070,32.91864281396037
C-WEU-SWE,rur,mfh,perm,2075,32.91864281396037
C-WEU-SWE,rur,mfh,perm,2080,32.91864281396037
C-WEU-SWE,rur,mfh,perm,2085,32.91864281396037
C-WEU-SWE,rur,mfh,perm,2090,32.91864281396037
C-WEU-SWE,rur,mfh,perm,2095,32.91864281396037
C-WEU-SWE,rur,mfh,perm,2100,32.91864281396037
C-WEU-SWE,rur,sfh,perm,2015,62.12114989
C-WEU-SWE,rur,sfh,perm,2020,62.02413843
C-WEU-SWE,rur,sfh,perm,2025,61.9085537
C-WEU-SWE,rur,sfh,perm,2030,59.86449148457573
C-WEU-SWE,rur,sfh,perm,2035,57.820429269151454
C-WEU-SWE,rur,sfh,perm,2040,55.776367053727185
C-WEU-SWE,rur,sfh,perm,2045,53.73230483830291
C-WEU-SWE,rur,sfh,perm,2050,51.68824262287864
C-WEU-SWE,rur,sfh,perm,2055,51.68824262287864
C-WEU-SWE,rur,sfh,perm,2060,51.68824262287864
C-WEU-SWE,rur,sfh,perm,2065,51.68824262287864
C-WEU-SWE,rur,sfh,perm,2070,51.68824262287864
C-WEU-SWE,rur,sfh,perm,2075,51.68824262287864
C-WEU-SWE,rur,sfh,perm,2080,51.68824262287864
C-WEU-SWE,rur,sfh,perm,2085,51.68824262287864
C-WEU-SWE,rur,sfh,perm,2090,51.68824262287864
C-WEU-SWE,rur,sfh,perm,2095,51.68824262287864
C-WEU-SWE,rur,sfh,perm,2100,51.68824262287864
C-WEU-SWE,urb,mfh,perm,2015,33.82084857
C-WEU-SWE,urb,mfh,perm,2020,33.76803226
C-WEU-SWE,urb,mfh,perm,2025,33.70510403
C-WEU-SWE,urb,mfh,perm,2030,33.00123148919711
C-WEU-SWE,urb,mfh,perm,2035,32.29735894839421
C-WEU-SWE,urb,mfh,perm,2040,31.593486407591318
C-WEU-SWE,urb,mfh,perm,2045,30.889613866788423
C-WEU-SWE,urb,mfh,perm,2050,30.18574132598553
C-WEU-SWE,urb,mfh,perm,2055,30.18574132598553
C-WEU-SWE,urb,mfh,perm,2060,30.18574132598553
C-WEU-SWE,urb,mfh,perm,2065,30.18574132598553
C-WEU-SWE,urb,mfh,perm,2070,30.18574132598553
C-WEU-SWE,urb,mfh,perm,2075,30.18574132598553
C-WEU-SWE,urb,mfh,perm,2080,30.18574132598553
C-WEU-SWE,urb,mfh,perm,2085,30.18574132598553
C-WEU-SWE,urb,mfh,perm,2090,30.18574132598553
C-WEU-SWE,urb,mfh,perm,2095,30.18574132598553
C-WEU-SWE,urb,mfh,perm,2100,30.18574132598553
C-WEU-SWE,urb,sfh,perm,2015,59.08139624
C-WEU-SWE,urb,sfh,perm,2020,58.98913181
C-WEU-SWE,urb,sfh,perm,2025,58.87920295
C-WEU-SWE,urb,sfh,perm,2030,57.121339526391104
C-WEU-SWE,urb,sfh,perm,2035,55.36347610278221
C-WEU-SWE,urb,sfh,perm,2040,53.60561267917331
C-WEU-SWE,urb,sfh,perm,2045,51.847749255564416
C-WEU-SWE,urb,sfh,perm,2050,50.08988583195552
C-WEU-SWE,urb,sfh,perm,2055,50.08988583195552
C-WEU-SWE,urb,sfh,perm,2060,50.08988583195552
C-WEU-SWE,urb,sfh,perm,2065,50.08988583195552
C-WEU-SWE,urb,sfh,perm,2070,50.08988583195552
C-WEU-SWE,urb,sfh,perm,2075,50.08988583195552
C-WEU-SWE,urb,sfh,perm,2080,50.08988583195552
C-WEU-SWE,urb,sfh,perm,2085,50.08988583195552
C-WEU-SWE,urb,sfh,perm,2090,50.08988583195552
C-WEU-SWE,urb,sfh,perm,2095,50.08988583195552
C-WEU-SWE,urb,sfh,perm,2100,50.08988583195552
R32ANUZ,rur,mfh,perm,2015,24.7886403
R32ANUZ,rur,mfh,perm,2020,24.85738092
R32ANUZ,rur,mfh,perm,2025,24.91875072
R32ANUZ,rur,mfh,perm,2030,24.365169677712128
R32ANUZ,rur,mfh,perm,2035,23.811588635424258
R32ANUZ,rur,mfh,perm,2040,23.258007593136384
R32ANUZ,rur,mfh,perm,2045,22.704426550848513
R32ANUZ,rur,mfh,perm,2050,22.150845508560643
R32ANUZ,rur,mfh,perm,2055,22.150845508560643
R32ANUZ,rur,mfh,perm,2060,22.150845508560643
R32ANUZ,rur,mfh,perm,2065,22.150845508560643
R32ANUZ,rur,mfh,perm,2070,22.150845508560643
R32ANUZ,rur,mfh,perm,2075,22.150845508560643
R32ANUZ,rur,mfh,perm,2080,22.150845508560643
R32ANUZ,rur,mfh,perm,2085,22.150845508560643
R32ANUZ,rur,mfh,perm,2090,22.150845508560643
R32ANUZ,rur,mfh,perm,2095,22.150845508560643
R32ANUZ,rur,mfh,perm,2100,22.150845508560643
R32ANUZ,rur,sfh,perm,2015,65.31693772
R32ANUZ,rur,sfh,perm,2020,65.49806612
R32ANUZ,rur,sfh,perm,2025,65.65977275
R32ANUZ,rur,sfh,perm,2030,63.49185486902358
R32ANUZ,rur,sfh,perm,2035,61.32393698804715
R32ANUZ,rur,sfh,perm,2040,59.156019107070726
R32ANUZ,rur,sfh,perm,2045,56.9881012260943
R32ANUZ,rur,sfh,perm,2050,54.820183345117876
R32ANUZ,rur,sfh,perm,2055,54.820183345117876
R32ANUZ,rur,sfh,perm,2060,54.820183345117876
R32ANUZ,rur,sfh,perm,2065,54.820183345117876
R32ANUZ,rur,sfh,perm,2070,54.820183345117876
R32ANUZ,rur,sfh,perm,2075,54.820183345117876
R32ANUZ,rur,sfh,perm,2080,54.820183345117876
R32ANUZ,rur,sfh,perm,2085,54.820183345117876
R32ANUZ,rur,sfh,perm,2090,54.820183345117876
R32ANUZ,rur,sfh,perm,2095,54.820183345117876
R32ANUZ,rur,sfh,perm,2100,54.820183345117876
R32ANUZ,urb,mfh,perm,2015,29.11867401
R32ANUZ,urb,mfh,perm,2020,29.18751225
R32ANUZ,urb,mfh,perm,2025,29.25124395
R32ANUZ,urb,mfh,perm,2030,28.64038253914644
R32ANUZ,urb,mfh,perm,2035,28.02952112829288
R32ANUZ,urb,mfh,perm,2040,27.41865971743932
R32ANUZ,urb,mfh,perm,2045,26.80779830658576
R32ANUZ,urb,mfh,perm,2050,26.1969368957322
R32ANUZ,urb,mfh,perm,2055,26.1969368957322
R32ANUZ,urb,mfh,perm,2060,26.1969368957322
R32ANUZ,urb,mfh,perm,2065,26.1969368957322
R32ANUZ,urb,mfh,perm,2070,26.1969368957322
R32ANUZ,urb,mfh,perm,2075,26.1969368957322
R32ANUZ,urb,mfh,perm,2080,26.1969368957322
R32ANUZ,urb,mfh,perm,2085,26.1969368957322
R32ANUZ,urb,mfh,perm,2090,26.1969368957322
R32ANUZ,urb,mfh,perm,2095,26.1969368957322
R32ANUZ,urb,mfh,perm,2100,26.1969368957322
R32ANUZ,urb,sfh,perm,2015,74.59221434
R32ANUZ,urb,sfh,perm,2020,74.76855466
R32ANUZ,urb,sfh,perm,2025,74.93181378
R32ANUZ,urb,sfh,perm,2030,72.69469289335363
R32ANUZ,urb,sfh,perm,2035,70.45757200670728
R32ANUZ,urb,sfh,perm,2040,68.22045112006091
R32ANUZ,urb,sfh,perm,2045,65.98333023341456
R32ANUZ,urb,sfh,perm,2050,63.7462093467682
R32ANUZ,urb,sfh,perm,2055,63.7462093467682
R32ANUZ,urb,sfh,perm,2060,63.7462093467682
R32ANUZ,urb,sfh,perm,2065,63.7462093467682
R32ANUZ,urb,sfh,perm,2070,63.7462093467682
R32ANUZ,urb,sfh,perm,2075,63.7462093467682
R32ANUZ,urb,sfh,perm,2080,63.7462093467682
R32ANUZ,urb,sfh,perm,2085,63.7462093467682
R32ANUZ,urb,sfh,perm,2090,63.7462093467682
R32ANUZ,urb,sfh,perm,2095,63.7462093467682
R32ANUZ,urb,sfh,perm,2100,63.7462093467682
R32BRA,rur,mfh,perm,2015,13.21115809
R32BRA,rur,mfh,perm,2020,14.89108191
R32BRA,rur,mfh,perm,2025,16.54968361
R32BRA,rur,mfh,perm,2030,16.18202508629218
R32BRA,rur,mfh,perm,2035,15.814366562584365
R32BRA,rur,mfh,perm,2040,15.44670803887655
R32BRA,rur,mfh,perm,2045,15.079049515168732
R32BRA,rur,mfh,perm,2050,14.711390991460915
R32BRA,rur,mfh,perm,2055,14.711390991460915
R32BRA,rur,mfh,perm,2060,14.711390991460915
R32BRA,rur,mfh,perm,2065,14.711390991460915
R32BRA,rur,mfh,perm,2070,14.711390991460915
R32BRA,rur,mfh,perm,2075,14.711390991460915
R32BRA,rur,mfh,perm,2080,14.711390991460915
R32BRA,rur,mfh,perm,2085,14.711390991460915
R32BRA,rur,mfh,perm,2090,14.711390991460915
R32BRA,rur,mfh,perm,2095,14.711390991460915
R32BRA,rur,mfh,perm,2100,14.711390991460915
R32BRA,rur,sfh,perm,2015,19.15752411
R32BRA,rur,sfh,perm,2020,21.59358467
R32BRA,rur,sfh,perm,2025,23.99872597
R32BRA,rur,sfh,perm,2030,23.20634937513863
R32BRA,rur,sfh,perm,2035,22.41397278027726
R32BRA,rur,sfh,perm,2040,21.62159618541589
R32BRA,rur,sfh,perm,2045,20.829219590554523
R32BRA,rur,sfh,perm,2050,20.036842995693153
R32BRA,rur,sfh,perm,2055,20.036842995693153
R32BRA,rur,sfh,perm,2060,20.036842995693153
R32BRA,rur,sfh,perm,2065,20.036842995693153
R32BRA,rur,sfh,perm,2070,20.036842995693153
R32BRA,rur,sfh,perm,2075,20.036842995693153
R32BRA,rur,sfh,perm,2080,20.036842995693153
R32BRA,rur,sfh,perm,2085,20.036842995693153
R32BRA,rur,sfh,perm,2090,20.036842995693153
R32BRA,rur,sfh,perm,2095,20.036842995693153
R32BRA,rur,sfh,perm,2100,20.036842995693153
R32BRA,urb,inf,sub,2015,11.02379567
R32BRA,urb,inf,sub,2020,12.34374427
R32BRA,urb,inf,sub,2025,13.59307717
R32BRA,urb,inf,sub,2030,13.59307717
R32BRA,urb,inf,sub,2035,13.59307717
R32BRA,urb,inf,sub,2040,13.59307717
R32BRA,urb,inf,sub,2045,13.59307717
R32BRA,urb,inf,sub,2050,13.59307717
R32BRA,urb,inf,sub,2055,13.59307717
R32BRA,urb,inf,sub,2060,13.59307717
R32BRA,urb,inf,sub,2065,13.59307717
R32BRA,urb,inf,sub,2070,13.59307717
R32BRA,urb,inf,sub,2075,13.59307717
R32BRA,urb,inf,sub,2080,13.59307717
R32BRA,urb,inf,sub,2085,13.59307717
R32BRA,urb,inf,sub,2090,13.59307717
R32BRA,urb,inf,sub,2095,13.59307717
R32BRA,urb,inf,sub,2100,13.59307717
R32BRA,urb,mfh,perm,2015,10.05443074
R32BRA,urb,mfh,perm,2020,11.31285552
R32BRA,urb,mfh,perm,2025,12.54311648
R32BRA,urb,mfh,perm,2030,12.281175283838552
R32BRA,urb,mfh,perm,2035,12.019234087677104
R32BRA,urb,mfh,perm,2040,11.757292891515654
R32BRA,urb,mfh,perm,2045,11.495351695354206
R32BRA,urb,mfh,perm,2050,11.233410499192757
R32BRA,urb,mfh,perm,2055,11.233410499192757
R32BRA,urb,mfh,perm,2060,11.233410499192757
R32BRA,urb,mfh,perm,2065,11.233410499192757
R32BRA,urb,mfh,perm,2070,11.233410499192757
R32BRA,urb,mfh,perm,2075,11.233410499192757
R32BRA,urb,mfh,perm,2080,11.233410499192757
R32BRA,urb,mfh,perm,2085,11.233410499192757
R32BRA,urb,mfh,perm,2090,11.233410499192757
R32BRA,urb,mfh,perm,2095,11.233410499192757
R32BRA,urb,mfh,perm,2100,11.233410499192757
R32BRA,urb,sfh,perm,2015,17.8058427
R32BRA,urb,sfh,perm,2020,20.03444361
R32BRA,urb,sfh,perm,2025,22.21316798
R32BRA,urb,sfh,perm,2030,21.549984486370146
R32BRA,urb,sfh,perm,2035,20.88680099274029
R32BRA,urb,sfh,perm,2040,20.223617499110436
R32BRA,urb,sfh,perm,2045,19.56043400548058
R32BRA,urb,sfh,perm,2050,18.897250511850725
R32BRA,urb,sfh,perm,2055,18.897250511850725
R32BRA,urb,sfh,perm,2060,18.897250511850725
R32BRA,urb,sfh,perm,2065,18.897250511850725
R32BRA,urb,sfh,perm,2070,18.897250511850725
R32BRA,urb,sfh,perm,2075,18.897250511850725
R32BRA,urb,sfh,perm,2080,18.897250511850725
R32BRA,urb,sfh,perm,2085,18.897250511850725
R32BRA,urb,sfh,perm,2090,18.897250511850725
R32BRA,urb,sfh,perm,2095,18.897250511850725
R32BRA,urb,sfh,perm,2100,18.897250511850725
R32CAN,rur,mfh,perm,2015,25.27241261
R32CAN,rur,mfh,perm,2020,25.48689215
R32CAN,rur,mfh,perm,2025,25.69410228
R32CAN,rur,mfh,perm,2030,25.12329646069392
R32CAN,rur,mfh,perm,2035,24.552490641387838
R32CAN,rur,mfh,perm,2040,23.98168482208176
R32CAN,rur,mfh,perm,2045,23.41087900277568
R32CAN,rur,mfh,perm,2050,22.8400731834696
R32CAN,rur,mfh,perm,2055,22.8400731834696
R32CAN,rur,mfh,perm,2060,22.8400731834696
R32CAN,rur,mfh,perm,2065,22.8400731834696
R32CAN,rur,mfh,perm,2070,22.8400731834696
R32CAN,rur,mfh,perm,2075,22.8400731834696
R32CAN,rur,mfh,perm,2080,22.8400731834696
R32CAN,rur,mfh,perm,2085,22.8400731834696
R32CAN,rur,mfh,perm,2090,22.8400731834696
R32CAN,rur,mfh,perm,2095,22.8400731834696
R32CAN,rur,mfh,perm,2100,22.8400731834696
R32CAN,rur,sfh,perm,2015,66.59165572
R32CAN,rur,sfh,perm,2020,67.15679954
R32CAN,rur,sfh,perm,2025,67.70278879
R32CAN,rur,sfh,perm,2030,65.46741574098482
R32CAN,rur,sfh,perm,2035,63.23204269196964
R32CAN,rur,sfh,perm,2040,60.99666964295446
R32CAN,rur,sfh,perm,2045,58.761296593939285
R32CAN,rur,sfh,perm,2050,56.525923544924105
R32CAN,rur,sfh,perm,2055,56.525923544924105
R32CAN,rur,sfh,perm,2060,56.525923544924105
R32CAN,rur,sfh,perm,2065,56.525923544924105
R32CAN,rur,sfh,perm,2070,56.525923544924105
R32CAN,rur,sfh,perm,2075,56.525923544924105
R32CAN,rur,sfh,perm,2080,56.525923544924105
R32CAN,rur,sfh,perm,2085,56.525923544924105
R32CAN,rur,sfh,perm,2090,56.525923544924105
R32CAN,rur,sfh,perm,2095,56.525923544924105
R32CAN,rur,sfh,perm,2100,56.525923544924105
R32CAN,urb,mfh,perm,2015,26.10477677
R32CAN,urb,mfh,perm,2020,26.32632034
R32CAN,urb,mfh,perm,2025,26.54035508
R32CAN,urb,mfh,perm,2030,25.98610587348982
R32CAN,urb,mfh,perm,2035,25.431856666979638
R32CAN,urb,mfh,perm,2040,24.87760746046946
R32CAN,urb,mfh,perm,2045,24.323358253959277
R32CAN,urb,mfh,perm,2050,23.769109047449096
R32CAN,urb,mfh,perm,2055,23.769109047449096
R32CAN,urb,mfh,perm,2060,23.769109047449096
R32CAN,urb,mfh,perm,2065,23.769109047449096
R32CAN,urb,mfh,perm,2070,23.769109047449096
R32CAN,urb,mfh,perm,2075,23.769109047449096
R32CAN,urb,mfh,perm,2080,23.769109047449096
R32CAN,urb,mfh,perm,2085,23.769109047449096
R32CAN,urb,mfh,perm,2090,23.769109047449096
R32CAN,urb,mfh,perm,2095,23.769109047449096
R32CAN,urb,mfh,perm,2100,23.769109047449096
R32CAN,urb,sfh,perm,2015,66.87162689
R32CAN,urb,sfh,perm,2020,67.43914674
R32CAN,urb,sfh,perm,2025,67.98743149
R32CAN,urb,sfh,perm,2030,65.95763806390903
R32CAN,urb,sfh,perm,2035,63.92784463781805
R32CAN,urb,sfh,perm,2040,61.898051211727065
R32CAN,urb,sfh,perm,2045,59.86825778563609
R32CAN,urb,sfh,perm,2050,57.83846435954511
R32CAN,urb,sfh,perm,2055,57.83846435954511
R32CAN,urb,sfh,perm,2060,57.83846435954511
R32CAN,urb,sfh,perm,2065,57.83846435954511
R32CAN,urb,sfh,perm,2070,57.83846435954511
R32CAN,urb,sfh,perm,2075,57.83846435954511
R32CAN,urb,sfh,perm,2080,57.83846435954511
R32CAN,urb,sfh,perm,2085,57.83846435954511
R32CAN,urb,sfh,perm,2090,57.83846435954511
R32CAN,urb,sfh,perm,2095,57.83846435954511
R32CAN,urb,sfh,perm,2100,57.83846435954511
R32CAS-CAU,rur,mfh,perm,2015,23.58010649
R32CAS-CAU,rur,mfh,perm,2020,25.78596261
R32CAS-CAU,rur,mfh,perm,2025,28.02035962
R32CAS-CAU,rur,mfh,perm,2030,27.397874967457973
R32CAS-CAU,rur,mfh,perm,2035,26.775390314915946
R32CAS-CAU,rur,mfh,perm,2040,26.15290566237392
R32CAS-CAU,rur,mfh,perm,2045,25.530421009831894
R32CAS-CAU,rur,mfh,perm,2050,24.907936357289866
R32CAS-CAU,rur,mfh,perm,2055,24.907936357289866
R32CAS-CAU,rur,mfh,perm,2060,24.907936357289866
R32CAS-CAU,rur,mfh,perm,2065,24.907936357289866
R32CAS-CAU,rur,mfh,perm,2070,24.907936357289866
R32CAS-CAU,rur,mfh,perm,2075,24.907936357289866
R32CAS-CAU,rur,mfh,perm,2080,24.907936357289866
R32CAS-CAU,rur,mfh,perm,2085,24.907936357289866
R32CAS-CAU,rur,mfh,perm,2090,24.907936357289866
R32CAS-CAU,rur,mfh,perm,2095,24.907936357289866
R32CAS-CAU,rur,mfh,perm,2100,24.907936357289866
R32CAS-CAU,rur,sfh,perm,2015,26.32067522
R32CAS-CAU,rur,sfh,perm,2020,28.78290424
R32CAS-CAU,rur,sfh,perm,2025,31.27699128
R32CAS-CAU,rur,sfh,perm,2030,30.244304966612543
R32CAS-CAU,rur,sfh,perm,2035,29.211618653225084
R32CAS-CAU,rur,sfh,perm,2040,28.17893233983763
R32CAS-CAU,rur,sfh,perm,2045,27.14624602645017
R32CAS-CAU,rur,sfh,perm,2050,26.113559713062713
R32CAS-CAU,rur,sfh,perm,2055,26.113559713062713
R32CAS-CAU,rur,sfh,perm,2060,26.113559713062713
R32CAS-CAU,rur,sfh,perm,2065,26.113559713062713
R32CAS-CAU,rur,sfh,perm,2070,26.113559713062713
R32CAS-CAU,rur,sfh,perm,2075,26.113559713062713
R32CAS-CAU,rur,sfh,perm,2080,26.113559713062713
R32CAS-CAU,rur,sfh,perm,2085,26.113559713062713
R32CAS-CAU,rur,sfh,perm,2090,26.113559713062713
R32CAS-CAU,rur,sfh,perm,2095,26.113559713062713
R32CAS-CAU,rur,sfh,perm,2100,26.113559713062713
R32CAS-CAU,urb,mfh,perm,2015,17.40959848
R32CAS-CAU,urb,mfh,perm,2020,18.98174531
R32CAS-CAU,urb,mfh,perm,2025,20.58835743
R32CAS-CAU,urb,mfh,perm,2030,20.158405353830357
R32CAS-CAU,urb,mfh,perm,2035,19.728453277660716
R32CAS-CAU,urb,mfh,perm,2040,19.298501201491074
R32CAS-CAU,urb,mfh,perm,2045,18.868549125321433
R32CAS-CAU,urb,mfh,perm,2050,18.43859704915179
R32CAS-CAU,urb,mfh,perm,2055,18.43859704915179
R32CAS-CAU,urb,mfh,perm,2060,18.43859704915179
R32CAS-CAU,urb,mfh,perm,2065,18.43859704915179
R32CAS-CAU,urb,mfh,perm,2070,18.43859704915179
R32CAS-CAU,urb,mfh,perm,2075,18.43859704915179
R32CAS-CAU,urb,mfh,perm,2080,18.43859704915179
R32CAS-CAU,urb,mfh,perm,2085,18.43859704915179
R32CAS-CAU,urb,mfh,perm,2090,18.43859704915179
R32CAS-CAU,urb,mfh,perm,2095,18.43859704915179
R32CAS-CAU,urb,mfh,perm,2100,18.43859704915179
R32CAS-CAU,urb,sfh,perm,2015,22.24428282
R32CAS-CAU,urb,sfh,perm,2020,24.25301834
R32CAS-CAU,urb,sfh,perm,2025,26.30579022
R32CAS-CAU,urb,sfh,perm,2030,25.520419764218946
R32CAS-CAU,urb,sfh,perm,2035,24.735049308437894
R32CAS-CAU,urb,sfh,perm,2040,23.94967885265684
R32CAS-CAU,urb,sfh,perm,2045,23.16430839687579
R32CAS-CAU,urb,sfh,perm,2050,22.378937941094737
R32CAS-CAU,urb,sfh,perm,2055,22.378937941094737
R32CAS-CAU,urb,sfh,perm,2060,22.378937941094737
R32CAS-CAU,urb,sfh,perm,2065,22.378937941094737
R32CAS-CAU,urb,sfh,perm,2070,22.378937941094737
R32CAS-CAU,urb,sfh,perm,2075,22.378937941094737
R32CAS-CAU,urb,sfh,perm,2080,22.378937941094737
R32CAS-CAU,urb,sfh,perm,2085,22.378937941094737
R32CAS-CAU,urb,sfh,perm,2090,22.378937941094737
R32CAS-CAU,urb,sfh,perm,2095,22.378937941094737
R32CAS-CAU,urb,sfh,perm,2100,22.378937941094737
R32CAS-OTH,rur,mfh,perm,2015,24.97300508
R32CAS-OTH,rur,mfh,perm,2020,27.03092316
R32CAS-OTH,rur,mfh,perm,2025,29.0912235
R32CAS-OTH,rur,mfh,perm,2030,28.444949133860373
R32CAS-OTH,rur,mfh,perm,2035,27.798674767720744
R32CAS-OTH,rur,mfh,perm,2040,27.152400401581115
R32CAS-OTH,rur,mfh,perm,2045,26.506126035441486
R32CAS-OTH,rur,mfh,perm,2050,25.859851669301857
R32CAS-OTH,rur,mfh,perm,2055,25.859851669301857
R32CAS-OTH,rur,mfh,perm,2060,25.859851669301857
R32CAS-OTH,rur,mfh,perm,2065,25.859851669301857
R32CAS-OTH,rur,mfh,perm,2070,25.859851669301857
R32CAS-OTH,rur,mfh,perm,2075,25.859851669301857
R32CAS-OTH,rur,mfh,perm,2080,25.859851669301857
R32CAS-OTH,rur,mfh,perm,2085,25.859851669301857
R32CAS-OTH,rur,mfh,perm,2090,25.859851669301857
R32CAS-OTH,rur,mfh,perm,2095,25.859851669301857
R32CAS-OTH,rur,mfh,perm,2100,25.859851669301857
R32CAS-OTH,rur,sfh,perm,2015,27.87546173
R32CAS-OTH,rur,sfh,perm,2020,30.17255879
R32CAS-OTH,rur,sfh,perm,2025,32.472315
R32CAS-OTH,rur,sfh,perm,2030,31.400162152422578
R32CAS-OTH,rur,sfh,perm,2035,30.328009304845153
R32CAS-OTH,rur,sfh,perm,2040,29.255856457267733
R32CAS-OTH,rur,sfh,perm,2045,28.18370360969031
R32CAS-OTH,rur,sfh,perm,2050,27.111550762112884
R32CAS-OTH,rur,sfh,perm,2055,27.111550762112884
R32CAS-OTH,rur,sfh,perm,2060,27.111550762112884
R32CAS-OTH,rur,sfh,perm,2065,27.111550762112884
R32CAS-OTH,rur,sfh,perm,2070,27.111550762112884
R32CAS-OTH,rur,sfh,perm,2075,27.111550762112884
R32CAS-OTH,rur,sfh,perm,2080,27.111550762112884
R32CAS-OTH,rur,sfh,perm,2085,27.111550762112884
R32CAS-OTH,rur,sfh,perm,2090,27.111550762112884
R32CAS-OTH,rur,sfh,perm,2095,27.111550762112884
R32CAS-OTH,rur,sfh,perm,2100,27.111550762112884
R32CAS-OTH,urb,mfh,perm,2015,18.52208624
R32CAS-OTH,urb,mfh,perm,2020,20.04977725
R32CAS-OTH,urb,mfh,perm,2025,21.57108045
R32CAS-OTH,urb,mfh,perm,2030,21.120605910871124
R32CAS-OTH,urb,mfh,perm,2035,20.670131371742244
R32CAS-OTH,urb,mfh,perm,2040,20.219656832613367
R32CAS-OTH,urb,mfh,perm,2045,19.769182293484487
R32CAS-OTH,urb,mfh,perm,2050,19.31870775435561
R32CAS-OTH,urb,mfh,perm,2055,19.31870775435561
R32CAS-OTH,urb,mfh,perm,2060,19.31870775435561
R32CAS-OTH,urb,mfh,perm,2065,19.31870775435561
R32CAS-OTH,urb,mfh,perm,2070,19.31870775435561
R32CAS-OTH,urb,mfh,perm,2075,19.31870775435561
R32CAS-OTH,urb,mfh,perm,2080,19.31870775435561
R32CAS-OTH,urb,mfh,perm,2085,19.31870775435561
R32CAS-OTH,urb,mfh,perm,2090,19.31870775435561
R32CAS-OTH,urb,mfh,perm,2095,19.31870775435561
R32CAS-OTH,urb,mfh,perm,2100,19.31870775435561
R32CAS-OTH,urb,sfh,perm,2015,23.66571091
R32CAS-OTH,urb,sfh,perm,2020,25.61764513
R32CAS-OTH,urb,sfh,perm,2025,27.56141762
R32CAS-OTH,urb,sfh,perm,2030,26.73855987890336
R32CAS-OTH,urb,sfh,perm,2035,25.915702137806715
R32CAS-OTH,urb,sfh,perm,2040,25.092844396710074
R32CAS-OTH,urb,sfh,perm,2045,24.26998665561343
R32CAS-OTH,urb,sfh,perm,2050,23.44712891451679
R32CAS-OTH,urb,sfh,perm,2055,23.44712891451679
R32CAS-OTH,urb,sfh,perm,2060,23.44712891451679
R32CAS-OTH,urb,sfh,perm,2065,23.44712891451679
R32CAS-OTH,urb,sfh,perm,2070,23.44712891451679
R32CAS-OTH,urb,sfh,perm,2075,23.44712891451679
R32CAS-OTH,urb,sfh,perm,2080,23.44712891451679
R32CAS-OTH,urb,sfh,perm,2085,23.44712891451679
R32CAS-OTH,urb,sfh,perm,2090,23.44712891451679
R32CAS-OTH,urb,sfh,perm,2095,23.44712891451679
R32CAS-OTH,urb,sfh,perm,2100,23.44712891451679
R32CHN,rur,mfh,perm,2015,41.20807476
R32CHN,rur,mfh,perm,2020,43.55845134
R32CHN,rur,mfh,perm,2025,45.84710914
R32CHN,rur,mfh,perm,2030,44.828595381072404
R32CHN,rur,mfh,perm,2035,43.81008162214481
R32CHN,rur,mfh,perm,2040,42.7915678632172
R32CHN,rur,mfh,perm,2045,41.773054104289606
R32CHN,rur,mfh,perm,2050,40.75454034536201
R32CHN,rur,mfh,perm,2055,40.75454034536201
R32CHN,rur,mfh,perm,2060,40.75454034536201
R32CHN,rur,mfh,perm,2065,40.75454034536201
R32CHN,rur,mfh,perm,2070,40.75454034536201
R32CHN,rur,mfh,perm,2075,40.75454034536201
R32CHN,rur,mfh,perm,2080,40.75454034536201
R32CHN,rur,mfh,perm,2085,40.75454034536201
R32CHN,rur,mfh,perm,2090,40.75454034536201
R32CHN,rur,mfh,perm,2095,40.75454034536201
R32CHN,rur,mfh,perm,2100,40.75454034536201
R32CHN,rur,sfh,perm,2015,46.62275179
R32CHN,rur,sfh,perm,2020,49.2819642
R32CHN,rur,sfh,perm,2025,51.87134808
R32CHN,rur,sfh,perm,2030,50.15868874075512
R32CHN,rur,sfh,perm,2035,48.44602940151023
R32CHN,rur,sfh,perm,2040,46.73337006226535
R32CHN,rur,sfh,perm,2045,45.02071072302047
R32CHN,rur,sfh,perm,2050,43.308051383775584
R32CHN,rur,sfh,perm,2055,43.308051383775584
R32CHN,rur,sfh,perm,2060,43.308051383775584
R32CHN,rur,sfh,perm,2065,43.308051383775584
R32CHN,rur,sfh,perm,2070,43.308051383775584
R32CHN,rur,sfh,perm,2075,43.308051383775584
R32CHN,rur,sfh,perm,2080,43.308051383775584
R32CHN,rur,sfh,perm,2085,43.308051383775584
R32CHN,rur,sfh,perm,2090,43.308051383775584
R32CHN,rur,sfh,perm,2095,43.308051383775584
R32CHN,rur,sfh,perm,2100,43.308051383775584
R32CHN,urb,inf,sub,2015,25.0173985
R32CHN,urb,inf,sub,2020,25.70936952
R32CHN,urb,inf,sub,2025,26.32019505
R32CHN,urb,inf,sub,2030,26.32019505
R32CHN,urb,inf,sub,2035,26.32019505
R32CHN,urb,inf,sub,2040,26.32019505
R32CHN,urb,inf,sub,2045,26.32019505
R32CHN,urb,inf,sub,2050,26.32019505
R32CHN,urb,inf,sub,2055,26.32019505
R32CHN,urb,inf,sub,2060,26.32019505
R32CHN,urb,inf,sub,2065,26.32019505
R32CHN,urb,inf,sub,2070,26.32019505
R32CHN,urb,inf,sub,2075,26.32019505
R32CHN,urb,inf,sub,2080,26.32019505
R32CHN,urb,inf,sub,2085,26.32019505
R32CHN,urb,inf,sub,2090,26.32019505
R32CHN,urb,inf,sub,2095,26.32019505
R32CHN,urb,inf,sub,2100,26.32019505
R32CHN,urb,mfh,perm,2015,37.70944521
R32CHN,urb,mfh,perm,2020,39.21474461
R32CHN,urb,mfh,perm,2025,40.71098543
R32CHN,urb,mfh,perm,2030,39.8608072276809
R32CHN,urb,mfh,perm,2035,39.0106290253618
R32CHN,urb,mfh,perm,2040,38.160450823042694
R32CHN,urb,mfh,perm,2045,37.310272620723595
R32CHN,urb,mfh,perm,2050,36.460094418404495
R32CHN,urb,mfh,perm,2055,36.460094418404495
R32CHN,urb,mfh,perm,2060,36.460094418404495
R32CHN,urb,mfh,perm,2065,36.460094418404495
R32CHN,urb,mfh,perm,2070,36.460094418404495
R32CHN,urb,mfh,perm,2075,36.460094418404495
R32CHN,urb,mfh,perm,2080,36.460094418404495
R32CHN,urb,mfh,perm,2085,36.460094418404495
R32CHN,urb,mfh,perm,2090,36.460094418404495
R32CHN,urb,mfh,perm,2095,36.460094418404495
R32CHN,urb,mfh,perm,2100,36.460094418404495
R32CHN,urb,sfh,perm,2015,51.3227934
R32CHN,urb,sfh,perm,2020,53.37151541
R32CHN,urb,sfh,perm,2025,55.40790862
R32CHN,urb,sfh,perm,2030,53.753682151878934
R32CHN,urb,sfh,perm,2035,52.09945568375787
R32CHN,urb,sfh,perm,2040,50.44522921563679
R32CHN,urb,sfh,perm,2045,48.791002747515726
R32CHN,urb,sfh,perm,2050,47.13677627939466
R32CHN,urb,sfh,perm,2055,47.13677627939466
R32CHN,urb,sfh,perm,2060,47.13677627939466
R32CHN,urb,sfh,perm,2065,47.13677627939466
R32CHN,urb,sfh,perm,2070,47.13677627939466
R32CHN,urb,sfh,perm,2075,47.13677627939466
R32CHN,urb,sfh,perm,2080,47.13677627939466
R32CHN,urb,sfh,perm,2085,47.13677627939466
R32CHN,urb,sfh,perm,2090,47.13677627939466
R32CHN,urb,sfh,perm,2095,47.13677627939466
R32CHN,urb,sfh,perm,2100,47.13677627939466
R32EEU,rur,mfh,perm,2015,18.36870129
R32EEU,rur,mfh,perm,2020,19.87527447
R32EEU,rur,mfh,perm,2025,21.36755069
R32EEU,rur,mfh,perm,2030,20.892861123294903
R32EEU,rur,mfh,perm,2035,20.418171556589808
R32EEU,rur,mfh,perm,2040,19.94348198988471
R32EEU,rur,mfh,perm,2045,19.468792423179615
R32EEU,rur,mfh,perm,2050,18.994102856474516
R32EEU,rur,mfh,perm,2055,18.994102856474516
R32EEU,rur,mfh,perm,2060,18.994102856474516
R32EEU,rur,mfh,perm,2065,18.994102856474516
R32EEU,rur,mfh,perm,2070,18.994102856474516
R32EEU,rur,mfh,perm,2075,18.994102856474516
R32EEU,rur,mfh,perm,2080,18.994102856474516
R32EEU,rur,mfh,perm,2085,18.994102856474516
R32EEU,rur,mfh,perm,2090,18.994102856474516
R32EEU,rur,mfh,perm,2095,18.994102856474516
R32EEU,rur,mfh,perm,2100,18.994102856474516
R32EEU,rur,sfh,perm,2015,30.70797871
R32EEU,rur,sfh,perm,2020,33.22660083
R32EEU,rur,sfh,perm,2025,35.72132191
R32EEU,rur,sfh,perm,2030,34.54189515816428
R32EEU,rur,sfh,perm,2035,33.36246840632856
R32EEU,rur,sfh,perm,2040,32.18304165449285
R32EEU,rur,sfh,perm,2045,31.003614902657127
R32EEU,rur,sfh,perm,2050,29.824188150821406
R32EEU,rur,sfh,perm,2055,29.824188150821406
R32EEU,rur,sfh,perm,2060,29.824188150821406
R32EEU,rur,sfh,perm,2065,29.824188150821406
R32EEU,rur,sfh,perm,2070,29.824188150821406
R32EEU,rur,sfh,perm,2075,29.824188150821406
R32EEU,rur,sfh,perm,2080,29.824188150821406
R32EEU,rur,sfh,perm,2085,29.824188150821406
R32EEU,rur,sfh,perm,2090,29.824188150821406
R32EEU,rur,sfh,perm,2095,29.824188150821406
R32EEU,rur,sfh,perm,2100,29.824188150821406
R32EEU,urb,mfh,perm,2015,17.29726715
R32EEU,urb,mfh,perm,2020,18.71532208
R32EEU,urb,mfh,perm,2025,20.11928779
R32EEU,urb,mfh,perm,2030,19.699131418333348
R32EEU,urb,mfh,perm,2035,19.27897504666669
R32EEU,urb,mfh,perm,2040,18.858818675000038
R32EEU,urb,mfh,perm,2045,18.43866230333338
R32EEU,urb,mfh,perm,2050,18.018505931666727
R32EEU,urb,mfh,perm,2055,18.018505931666727
R32EEU,urb,mfh,perm,2060,18.018505931666727
R32EEU,urb,mfh,perm,2065,18.018505931666727
R32EEU,urb,mfh,perm,2070,18.018505931666727
R32EEU,urb,mfh,perm,2075,18.018505931666727
R32EEU,urb,mfh,perm,2080,18.018505931666727
R32EEU,urb,mfh,perm,2085,18.018505931666727
R32EEU,urb,mfh,perm,2090,18.018505931666727
R32EEU,urb,mfh,perm,2095,18.018505931666727
R32EEU,urb,mfh,perm,2100,18.018505931666727
R32EEU,urb,sfh,perm,2015,30.21647113
R32EEU,urb,sfh,perm,2020,32.69366105
R32EEU,urb,sfh,perm,2025,35.14623862
R32EEU,urb,sfh,perm,2030,34.09693285069477
R32EEU,urb,sfh,perm,2035,33.04762708138954
R32EEU,urb,sfh,perm,2040,31.998321312084315
R32EEU,urb,sfh,perm,2045,30.949015542779087
R32EEU,urb,sfh,perm,2050,29.89970977347386
R32EEU,urb,sfh,perm,2055,29.89970977347386
R32EEU,urb,sfh,perm,2060,29.89970977347386
R32EEU,urb,sfh,perm,2065,29.89970977347386
R32EEU,urb,sfh,perm,2070,29.89970977347386
R32EEU,urb,sfh,perm,2075,29.89970977347386
R32EEU,urb,sfh,perm,2080,29.89970977347386
R32EEU,urb,sfh,perm,2085,29.89970977347386
R32EEU,urb,sfh,perm,2090,29.89970977347386
R32EEU,urb,sfh,perm,2095,29.89970977347386
R32EEU,urb,sfh,perm,2100,29.89970977347386
R32EEU-FSU,rur,mfh,perm,2015,25.75497124
R32EEU-FSU,rur,mfh,perm,2020,28.02657678
R32EEU-FSU,rur,mfh,perm,2025,30.28517254
R32EEU-FSU,rur,mfh,perm,2030,29.612374069123803
R32EEU-FSU,rur,mfh,perm,2035,28.9395755982476
R32EEU-FSU,rur,mfh,perm,2040,28.2667771273714
R32EEU-FSU,rur,mfh,perm,2045,27.5939786564952
R32EEU-FSU,rur,mfh,perm,2050,26.921180185619
R32EEU-FSU,rur,mfh,perm,2055,26.921180185619
R32EEU-FSU,rur,mfh,perm,2060,26.921180185619
R32EEU-FSU,rur,mfh,perm,2065,26.921180185619
R32EEU-FSU,rur,mfh,perm,2070,26.921180185619
R32EEU-FSU,rur,mfh,perm,2075,26.921180185619
R32EEU-FSU,rur,mfh,perm,2080,26.921180185619
R32EEU-FSU,rur,mfh,perm,2085,26.921180185619
R32EEU-FSU,rur,mfh,perm,2090,26.921180185619
R32EEU-FSU,rur,mfh,perm,2095,26.921180185619
R32EEU-FSU,rur,mfh,perm,2100,26.921180185619
R32EEU-FSU,rur,sfh,perm,2015,28.74831094
R32EEU-FSU,rur,sfh,perm,2020,31.28393103
R32EEU-FSU,rur,sfh,perm,2025,33.80502929
R32EEU-FSU,rur,sfh,perm,2030,32.68887362275817
R32EEU-FSU,rur,sfh,perm,2035,31.572717955516353
R32EEU-FSU,rur,sfh,perm,2040,30.456562288274526
R32EEU-FSU,rur,sfh,perm,2045,29.340406621032702
R32EEU-FSU,rur,sfh,perm,2050,28.22425095379088
R32EEU-FSU,rur,sfh,perm,2055,28.22425095379088
R32EEU-FSU,rur,sfh,perm,2060,28.22425095379088
R32EEU-FSU,rur,sfh,perm,2065,28.22425095379088
R32EEU-FSU,rur,sfh,perm,2070,28.22425095379088
R32EEU-FSU,rur,sfh,perm,2075,28.22425095379088
R32EEU-FSU,rur,sfh,perm,2080,28.22425095379088
R32EEU-FSU,rur,sfh,perm,2085,28.22425095379088
R32EEU-FSU,rur,sfh,perm,2090,28.22425095379088
R32EEU-FSU,rur,sfh,perm,2095,28.22425095379088
R32EEU-FSU,rur,sfh,perm,2100,28.22425095379088
R32EEU-FSU,urb,mfh,perm,2015,18.72842556
R32EEU-FSU,urb,mfh,perm,2020,20.41369948
R32EEU-FSU,urb,mfh,perm,2025,22.08578616
R32EEU-FSU,urb,mfh,perm,2030,21.624562886331066
R32EEU-FSU,urb,mfh,perm,2035,21.16333961266213
R32EEU-FSU,urb,mfh,perm,2040,20.7021163389932
R32EEU-FSU,urb,mfh,perm,2045,20.240893065324265
R32EEU-FSU,urb,mfh,perm,2050,19.77966979165533
R32EEU-FSU,urb,mfh,perm,2055,19.77966979165533
R32EEU-FSU,urb,mfh,perm,2060,19.77966979165533
R32EEU-FSU,urb,mfh,perm,2065,19.77966979165533
R32EEU-FSU,urb,mfh,perm,2070,19.77966979165533
R32EEU-FSU,urb,mfh,perm,2075,19.77966979165533
R32EEU-FSU,urb,mfh,perm,2080,19.77966979165533
R32EEU-FSU,urb,mfh,perm,2085,19.77966979165533
R32EEU-FSU,urb,mfh,perm,2090,19.77966979165533
R32EEU-FSU,urb,mfh,perm,2095,19.77966979165533
R32EEU-FSU,urb,mfh,perm,2100,19.77966979165533
R32EEU-FSU,urb,sfh,perm,2015,23.92935112
R32EEU-FSU,urb,sfh,perm,2020,26.08262937
R32EEU-FSU,urb,sfh,perm,2025,28.21905825
R32EEU-FSU,urb,sfh,perm,2030,27.376566370677374
R32EEU-FSU,urb,sfh,perm,2035,26.534074491354747
R32EEU-FSU,urb,sfh,perm,2040,25.691582612032118
R32EEU-FSU,urb,sfh,perm,2045,24.84909073270949
R32EEU-FSU,urb,sfh,perm,2050,24.006598853386865
R32EEU-FSU,urb,sfh,perm,2055,24.006598853386865
R32EEU-FSU,urb,sfh,perm,2060,24.006598853386865
R32EEU-FSU,urb,sfh,perm,2065,24.006598853386865
R32EEU-FSU,urb,sfh,perm,2070,24.006598853386865
R32EEU-FSU,urb,sfh,perm,2075,24.006598853386865
R32EEU-FSU,urb,sfh,perm,2080,24.006598853386865
R32EEU-FSU,urb,sfh,perm,2085,24.006598853386865
R32EEU-FSU,urb,sfh,perm,2090,24.006598853386865
R32EEU-FSU,urb,sfh,perm,2095,24.006598853386865
R32EEU-FSU,urb,sfh,perm,2100,24.006598853386865
R32IDN,rur,mfh,perm,2015,18.08559767
R32IDN,rur,mfh,perm,2020,19.48862155
R32IDN,rur,mfh,perm,2025,20.8707691
R32IDN,rur,mfh,perm,2030,20.40711575551454
R32IDN,rur,mfh,perm,2035,19.943462411029078
R32IDN,rur,mfh,perm,2040,19.479809066543616
R32IDN,rur,mfh,perm,2045,19.016155722058155
R32IDN,rur,mfh,perm,2050,18.552502377572694
R32IDN,rur,mfh,perm,2055,18.552502377572694
R32IDN,rur,mfh,perm,2060,18.552502377572694
R32IDN,rur,mfh,perm,2065,18.552502377572694
R32IDN,rur,mfh,perm,2070,18.552502377572694
R32IDN,rur,mfh,perm,2075,18.552502377572694
R32IDN,rur,mfh,perm,2080,18.552502377572694
R32IDN,rur,mfh,perm,2085,18.552502377572694
R32IDN,rur,mfh,perm,2090,18.552502377572694
R32IDN,rur,mfh,perm,2095,18.552502377572694
R32IDN,rur,mfh,perm,2100,18.552502377572694
R32IDN,rur,sfh,perm,2015,20.46201712
R32IDN,rur,sfh,perm,2020,22.04939615
R32IDN,rur,sfh,perm,2025,23.61315575
R32IDN,rur,sfh,perm,2030,22.83350969835103
R32IDN,rur,sfh,perm,2035,22.053863646702055
R32IDN,rur,sfh,perm,2040,21.274217595053084
R32IDN,rur,sfh,perm,2045,20.49457154340411
R32IDN,rur,sfh,perm,2050,19.71492549175514
R32IDN,rur,sfh,perm,2055,19.71492549175514
R32IDN,rur,sfh,perm,2060,19.71492549175514
R32IDN,rur,sfh,perm,2065,19.71492549175514
R32IDN,rur,sfh,perm,2070,19.71492549175514
R32IDN,rur,sfh,perm,2075,19.71492549175514
R32IDN,rur,sfh,perm,2080,19.71492549175514
R32IDN,rur,sfh,perm,2085,19.71492549175514
R32IDN,rur,sfh,perm,2090,19.71492549175514
R32IDN,rur,sfh,perm,2095,19.71492549175514
R32IDN,rur,sfh,perm,2100,19.71492549175514
R32IDN,urb,inf,sub,2015,12.61070407
R32IDN,urb,inf,sub,2020,13.89281837
R32IDN,urb,inf,sub,2025,15.08810516
R32IDN,urb,inf,sub,2030,15.08810516
R32IDN,urb,inf,sub,2035,15.08810516
R32IDN,urb,inf,sub,2040,15.08810516
R32IDN,urb,inf,sub,2045,15.08810516
R32IDN,urb,inf,sub,2050,15.08810516
R32IDN,urb,inf,sub,2055,15.08810516
R32IDN,urb,inf,sub,2060,15.08810516
R32IDN,urb,inf,sub,2065,15.08810516
R32IDN,urb,inf,sub,2070,15.08810516
R32IDN,urb,inf,sub,2075,15.08810516
R32IDN,urb,inf,sub,2080,15.08810516
R32IDN,urb,inf,sub,2085,15.08810516
R32IDN,urb,inf,sub,2090,15.08810516
R32IDN,urb,inf,sub,2095,15.08810516
R32IDN,urb,inf,sub,2100,15.08810516
R32IDN,urb,mfh,perm,2015,18.15029262
R32IDN,urb,mfh,perm,2020,19.69621028
R32IDN,urb,mfh,perm,2025,21.11448785
R32IDN,urb,mfh,perm,2030,20.673548454070435
R32IDN,urb,mfh,perm,2035,20.23260905814087
R32IDN,urb,mfh,perm,2040,19.791669662211305
R32IDN,urb,mfh,perm,2045,19.35073026628174
R32IDN,urb,mfh,perm,2050,18.909790870352175
R32IDN,urb,mfh,perm,2055,18.909790870352175
R32IDN,urb,mfh,perm,2060,18.909790870352175
R32IDN,urb,mfh,perm,2065,18.909790870352175
R32IDN,urb,mfh,perm,2070,18.909790870352175
R32IDN,urb,mfh,perm,2075,18.909790870352175
R32IDN,urb,mfh,perm,2080,18.909790870352175
R32IDN,urb,mfh,perm,2085,18.909790870352175
R32IDN,urb,mfh,perm,2090,18.909790870352175
R32IDN,urb,mfh,perm,2095,18.909790870352175
R32IDN,urb,mfh,perm,2100,18.909790870352175
R32IDN,urb,sfh,perm,2015,24.70266303
R32IDN,urb,sfh,perm,2020,26.80666675
R32IDN,urb,sfh,perm,2025,28.73695149
R32IDN,urb,sfh,perm,2030,27.878997689687996
R32IDN,urb,sfh,perm,2035,27.021043889375996
R32IDN,urb,sfh,perm,2040,26.163090089063992
R32IDN,urb,sfh,perm,2045,25.30513628875199
R32IDN,urb,sfh,perm,2050,24.44718248843999
R32IDN,urb,sfh,perm,2055,24.44718248843999
R32IDN,urb,sfh,perm,2060,24.44718248843999
R32IDN,urb,sfh,perm,2065,24.44718248843999
R32IDN,urb,sfh,perm,2070,24.44718248843999
R32IDN,urb,sfh,perm,2075,24.44718248843999
R32IDN,urb,sfh,perm,2080,24.44718248843999
R32IDN,urb,sfh,perm,2085,24.44718248843999
R32IDN,urb,sfh,perm,2090,24.44718248843999
R32IDN,urb,sfh,perm,2095,24.44718248843999
R32IDN,urb,sfh,perm,2100,24.44718248843999
R32IND,rur,mfh,perm,2015,9.159809443
R32IND,rur,mfh,perm,2020,10.729565
R32IND,rur,mfh,perm,2025,12.27406117
R32IND,rur,mfh,perm,2030,12.001387485354154
R32IND,rur,mfh,perm,2035,11.728713800708311
R32IND,rur,mfh,perm,2040,11.456040116062466
R32IND,rur,mfh,perm,2045,11.183366431416623
R32IND,rur,mfh,perm,2050,10.910692746770778
R32IND,rur,mfh,perm,2055,10.910692746770778
R32IND,rur,mfh,perm,2060,10.910692746770778
R32IND,rur,mfh,perm,2065,10.910692746770778
R32IND,rur,mfh,perm,2070,10.910692746770778
R32IND,rur,mfh,perm,2075,10.910692746770778
R32IND,rur,mfh,perm,2080,10.910692746770778
R32IND,rur,mfh,perm,2085,10.910692746770778
R32IND,rur,mfh,perm,2090,10.910692746770778
R32IND,rur,mfh,perm,2095,10.910692746770778
R32IND,rur,mfh,perm,2100,10.910692746770778
R32IND,rur,sfh,perm,2015,12.99705928
R32IND,rur,sfh,perm,2020,15.22442068
R32IND,rur,sfh,perm,2025,17.41594098
R32IND,rur,sfh,perm,2030,16.840911121027908
R32IND,rur,sfh,perm,2035,16.265881262055814
R32IND,rur,sfh,perm,2040,15.690851403083723
R32IND,rur,sfh,perm,2045,15.115821544111633
R32IND,rur,sfh,perm,2050,14.54079168513954
R32IND,rur,sfh,perm,2055,14.54079168513954
R32IND,rur,sfh,perm,2060,14.54079168513954
R32IND,rur,sfh,perm,2065,14.54079168513954
R32IND,rur,sfh,perm,2070,14.54079168513954
R32IND,rur,sfh,perm,2075,14.54079168513954
R32IND,rur,sfh,perm,2080,14.54079168513954
R32IND,rur,sfh,perm,2085,14.54079168513954
R32IND,rur,sfh,perm,2090,14.54079168513954
R32IND,rur,sfh,perm,2095,14.54079168513954
R32IND,rur,sfh,perm,2100,14.54079168513954
R32IND,urb,inf,sub,2015,6.89
R32IND,urb,inf,sub,2020,9.275941812
R32IND,urb,inf,sub,2025,10.81901758
R32IND,urb,inf,sub,2030,10.81901758
R32IND,urb,inf,sub,2035,10.81901758
R32IND,urb,inf,sub,2040,10.81901758
R32IND,urb,inf,sub,2045,10.81901758
R32IND,urb,inf,sub,2050,10.81901758
R32IND,urb,inf,sub,2055,10.81901758
R32IND,urb,inf,sub,2060,10.81901758
R32IND,urb,inf,sub,2065,10.81901758
R32IND,urb,inf,sub,2070,10.81901758
R32IND,urb,inf,sub,2075,10.81901758
R32IND,urb,inf,sub,2080,10.81901758
R32IND,urb,inf,sub,2085,10.81901758
R32IND,urb,inf,sub,2090,10.81901758
R32IND,urb,inf,sub,2095,10.81901758
R32IND,urb,inf,sub,2100,10.81901758
R32IND,urb,mfh,perm,2015,13.46415859
R32IND,urb,mfh,perm,2020,15.74085015
R32IND,urb,mfh,perm,2025,18.12043519
R32IND,urb,mfh,perm,2030,17.74202138221922
R32IND,urb,mfh,perm,2035,17.363607574438447
R32IND,urb,mfh,perm,2040,16.98519376665767
R32IND,urb,mfh,perm,2045,16.606779958876896
R32IND,urb,mfh,perm,2050,16.228366151096118
R32IND,urb,mfh,perm,2055,16.228366151096118
R32IND,urb,mfh,perm,2060,16.228366151096118
R32IND,urb,mfh,perm,2065,16.228366151096118
R32IND,urb,mfh,perm,2070,16.228366151096118
R32IND,urb,mfh,perm,2075,16.228366151096118
R32IND,urb,mfh,perm,2080,16.228366151096118
R32IND,urb,mfh,perm,2085,16.228366151096118
R32IND,urb,mfh,perm,2090,16.228366151096118
R32IND,urb,mfh,perm,2095,16.228366151096118
R32IND,urb,mfh,perm,2100,16.228366151096118
R32IND,urb,sfh,perm,2015,16.17268055
R32IND,urb,sfh,perm,2020,18.90736353
R32IND,urb,sfh,perm,2025,21.76563859
R32IND,urb,sfh,perm,2030,21.115816274957073
R32IND,urb,sfh,perm,2035,20.465993959914147
R32IND,urb,sfh,perm,2040,19.81617164487122
R32IND,urb,sfh,perm,2045,19.166349329828293
R32IND,urb,sfh,perm,2050,18.516527014785368
R32IND,urb,sfh,perm,2055,18.516527014785368
R32IND,urb,sfh,perm,2060,18.516527014785368
R32IND,urb,sfh,perm,2065,18.516527014785368
R32IND,urb,sfh,perm,2070,18.516527014785368
R32IND,urb,sfh,perm,2075,18.516527014785368
R32IND,urb,sfh,perm,2080,18.516527014785368
R32IND,urb,sfh,perm,2085,18.516527014785368
R32IND,urb,sfh,perm,2090,18.516527014785368
R32IND,urb,sfh,perm,2095,18.516527014785368
R32IND,urb,sfh,perm,2100,18.516527014785368
R32JPN,rur,mfh,perm,2015,17.27997467
R32JPN,rur,mfh,perm,2020,17.90704908
R32JPN,rur,mfh,perm,2025,18.52747286
R32JPN,rur,mfh,perm,2030,18.115876875432157
R32JPN,rur,mfh,perm,2035,17.704280890864315
R32JPN,rur,mfh,perm,2040,17.29268490629647
R32JPN,rur,mfh,perm,2045,16.881088921728626
R32JPN,rur,mfh,perm,2050,16.469492937160783
R32JPN,rur,mfh,perm,2055,16.469492937160783
R32JPN,rur,mfh,perm,2060,16.469492937160783
R32JPN,rur,mfh,perm,2065,16.469492937160783
R32JPN,rur,mfh,perm,2070,16.469492937160783
R32JPN,rur,mfh,perm,2075,16.469492937160783
R32JPN,rur,mfh,perm,2080,16.469492937160783
R32JPN,rur,mfh,perm,2085,16.469492937160783
R32JPN,rur,mfh,perm,2090,16.469492937160783
R32JPN,rur,mfh,perm,2095,16.469492937160783
R32JPN,rur,mfh,perm,2100,16.469492937160783
R32JPN,rur,sfh,perm,2015,45.5319459
R32JPN,rur,sfh,perm,2020,47.1842584
R32JPN,rur,sfh,perm,2025,48.81904679
R32JPN,rur,sfh,perm,2030,47.207166638187175
R32JPN,rur,sfh,perm,2035,45.59528648637435
R32JPN,rur,sfh,perm,2040,43.98340633456152
R32JPN,rur,sfh,perm,2045,42.37152618274869
R32JPN,rur,sfh,perm,2050,40.75964603093586
R32JPN,rur,sfh,perm,2055,40.75964603093586
R32JPN,rur,sfh,perm,2060,40.75964603093586
R32JPN,rur,sfh,perm,2065,40.75964603093586
R32JPN,rur,sfh,perm,2070,40.75964603093586
R32JPN,rur,sfh,perm,2075,40.75964603093586
R32JPN,rur,sfh,perm,2080,40.75964603093586
R32JPN,rur,sfh,perm,2085,40.75964603093586
R32JPN,rur,sfh,perm,2090,40.75964603093586
R32JPN,rur,sfh,perm,2095,40.75964603093586
R32JPN,rur,sfh,perm,2100,40.75964603093586
R32JPN,urb,mfh,perm,2015,20.21817369
R32JPN,urb,mfh,perm,2020,20.95187264
R32JPN,urb,mfh,perm,2025,21.67779013
R32JPN,urb,mfh,perm,2030,21.225087144594173
R32JPN,urb,mfh,perm,2035,20.772384159188345
R32JPN,urb,mfh,perm,2040,20.319681173782516
R32JPN,urb,mfh,perm,2045,19.866978188376688
R32JPN,urb,mfh,perm,2050,19.41427520297086
R32JPN,urb,mfh,perm,2055,19.41427520297086
R32JPN,urb,mfh,perm,2060,19.41427520297086
R32JPN,urb,mfh,perm,2065,19.41427520297086
R32JPN,urb,mfh,perm,2070,19.41427520297086
R32JPN,urb,mfh,perm,2075,19.41427520297086
R32JPN,urb,mfh,perm,2080,19.41427520297086
R32JPN,urb,mfh,perm,2085,19.41427520297086
R32JPN,urb,mfh,perm,2090,19.41427520297086
R32JPN,urb,mfh,perm,2095,19.41427520297086
R32JPN,urb,mfh,perm,2100,19.41427520297086
R32JPN,urb,sfh,perm,2015,51.79213671
R32JPN,urb,sfh,perm,2020,53.67162579
R32JPN,urb,sfh,perm,2025,55.53118136
R32JPN,urb,sfh,perm,2030,53.873274532262684
R32JPN,urb,sfh,perm,2035,52.21536770452537
R32JPN,urb,sfh,perm,2040,50.55746087678805
R32JPN,urb,sfh,perm,2045,48.899554049050735
R32JPN,urb,sfh,perm,2050,47.24164722131342
R32JPN,urb,sfh,perm,2055,47.24164722131342
R32JPN,urb,sfh,perm,2060,47.24164722131342
R32JPN,urb,sfh,perm,2065,47.24164722131342
R32JPN,urb,sfh,perm,2070,47.24164722131342
R32JPN,urb,sfh,perm,2075,47.24164722131342
R32JPN,urb,sfh,perm,2080,47.24164722131342
R32JPN,urb,sfh,perm,2085,47.24164722131342
R32JPN,urb,sfh,perm,2090,47.24164722131342
R32JPN,urb,sfh,perm,2095,47.24164722131342
R32JPN,urb,sfh,perm,2100,47.24164722131342
R32KOR,rur,mfh,perm,2015,24.18777065
R32KOR,rur,mfh,perm,2020,25.05413617
R32KOR,rur,mfh,perm,2025,25.90807063
R32KOR,rur,mfh,perm,2030,25.33251140938819
R32KOR,rur,mfh,perm,2035,24.75695218877638
R32KOR,rur,mfh,perm,2040,24.18139296816457
R32KOR,rur,mfh,perm,2045,23.60583374755276
R32KOR,rur,mfh,perm,2050,23.03027452694095
R32KOR,rur,mfh,perm,2055,23.03027452694095
R32KOR,rur,mfh,perm,2060,23.03027452694095
R32KOR,rur,mfh,perm,2065,23.03027452694095
R32KOR,rur,mfh,perm,2070,23.03027452694095
R32KOR,rur,mfh,perm,2075,23.03027452694095
R32KOR,rur,mfh,perm,2080,23.03027452694095
R32KOR,rur,mfh,perm,2085,23.03027452694095
R32KOR,rur,mfh,perm,2090,23.03027452694095
R32KOR,rur,mfh,perm,2095,23.03027452694095
R32KOR,rur,mfh,perm,2100,23.03027452694095
R32KOR,rur,sfh,perm,2015,27.36600615
R32KOR,rur,sfh,perm,2020,28.34621076
R32KOR,rur,sfh,perm,2025,29.31235088
R32KOR,rur,sfh,perm,2030,28.34453197133332
R32KOR,rur,sfh,perm,2035,27.376713062666646
R32KOR,rur,sfh,perm,2040,26.408894153999967
R32KOR,rur,sfh,perm,2045,25.44107524533329
R32KOR,rur,sfh,perm,2050,24.473256336666612
R32KOR,rur,sfh,perm,2055,24.473256336666612
R32KOR,rur,sfh,perm,2060,24.473256336666612
R32KOR,rur,sfh,perm,2065,24.473256336666612
R32KOR,rur,sfh,perm,2070,24.473256336666612
R32KOR,rur,sfh,perm,2075,24.473256336666612
R32KOR,rur,sfh,perm,2080,24.473256336666612
R32KOR,rur,sfh,perm,2085,24.473256336666612
R32KOR,rur,sfh,perm,2090,24.473256336666612
R32KOR,rur,sfh,perm,2095,24.473256336666612
R32KOR,rur,sfh,perm,2100,24.473256336666612
R32KOR,urb,inf,sub,2015,14.7539704
R32KOR,urb,inf,sub,2020,15.2899011
R32KOR,urb,inf,sub,2025,15.8184701
R32KOR,urb,inf,sub,2030,15.8184701
R32KOR,urb,inf,sub,2035,15.8184701
R32KOR,urb,inf,sub,2040,15.8184701
R32KOR,urb,inf,sub,2045,15.8184701
R32KOR,urb,inf,sub,2050,15.8184701
R32KOR,urb,inf,sub,2055,15.8184701
R32KOR,urb,inf,sub,2060,15.8184701
R32KOR,urb,inf,sub,2065,15.8184701
R32KOR,urb,inf,sub,2070,15.8184701
R32KOR,urb,inf,sub,2075,15.8184701
R32KOR,urb,inf,sub,2080,15.8184701
R32KOR,urb,inf,sub,2085,15.8184701
R32KOR,urb,inf,sub,2090,15.8184701
R32KOR,urb,inf,sub,2095,15.8184701
R32KOR,urb,inf,sub,2100,15.8184701
R32KOR,urb,mfh,perm,2015,22.82688467
R32KOR,urb,mfh,perm,2020,23.28607727
R32KOR,urb,mfh,perm,2025,23.81776366
R32KOR,urb,mfh,perm,2030,23.320371045258767
R32KOR,urb,mfh,perm,2035,22.82297843051753
R32KOR,urb,mfh,perm,2040,22.325585815776297
R32KOR,urb,mfh,perm,2045,21.82819320103506
R32KOR,urb,mfh,perm,2050,21.330800586293826
R32KOR,urb,mfh,perm,2055,21.330800586293826
R32KOR,urb,mfh,perm,2060,21.330800586293826
R32KOR,urb,mfh,perm,2065,21.330800586293826
R32KOR,urb,mfh,perm,2070,21.330800586293826
R32KOR,urb,mfh,perm,2075,21.330800586293826
R32KOR,urb,mfh,perm,2080,21.330800586293826
R32KOR,urb,mfh,perm,2085,21.330800586293826
R32KOR,urb,mfh,perm,2090,21.330800586293826
R32KOR,urb,mfh,perm,2095,21.330800586293826
R32KOR,urb,mfh,perm,2100,21.330800586293826
R32KOR,urb,sfh,perm,2015,31.0675344
R32KOR,urb,sfh,perm,2020,31.69249843
R32KOR,urb,sfh,perm,2025,32.41612696
R32KOR,urb,sfh,perm,2030,31.448329825136675
R32KOR,urb,sfh,perm,2035,30.48053269027335
R32KOR,urb,sfh,perm,2040,29.512735555410025
R32KOR,urb,sfh,perm,2045,28.5449384205467
R32KOR,urb,sfh,perm,2050,27.577141285683375
R32KOR,urb,sfh,perm,2055,27.577141285683375
R32KOR,urb,sfh,perm,2060,27.577141285683375
R32KOR,urb,sfh,perm,2065,27.577141285683375
R32KOR,urb,sfh,perm,2070,27.577141285683375
R32KOR,urb,sfh,perm,2075,27.577141285683375
R32KOR,urb,sfh,perm,2080,27.577141285683375
R32KOR,urb,sfh,perm,2085,27.577141285683375
R32KOR,urb,sfh,perm,2090,27.577141285683375
R32KOR,urb,sfh,perm,2095,27.577141285683375
R32KOR,urb,sfh,perm,2100,27.577141285683375
R32LAM-L,rur,mfh,perm,2015,12.3221061
R32LAM-L,rur,mfh,perm,2020,13.94781572
R32LAM-L,rur,mfh,perm,2025,15.56159079
R32LAM-L,rur,mfh,perm,2030,15.215883184270336
R32LAM-L,rur,mfh,perm,2035,14.870175578540673
R32LAM-L,rur,mfh,perm,2040,14.524467972811008
R32LAM-L,rur,mfh,perm,2045,14.178760367081345
R32LAM-L,rur,mfh,perm,2050,13.83305276135168
R32LAM-L,rur,mfh,perm,2055,13.83305276135168
R32LAM-L,rur,mfh,perm,2060,13.83305276135168
R32LAM-L,rur,mfh,perm,2065,13.83305276135168
R32LAM-L,rur,mfh,perm,2070,13.83305276135168
R32LAM-L,rur,mfh,perm,2075,13.83305276135168
R32LAM-L,rur,mfh,perm,2080,13.83305276135168
R32LAM-L,rur,mfh,perm,2085,13.83305276135168
R32LAM-L,rur,mfh,perm,2090,13.83305276135168
R32LAM-L,rur,mfh,perm,2095,13.83305276135168
R32LAM-L,rur,mfh,perm,2100,13.83305276135168
R32LAM-L,rur,sfh,perm,2015,17.86830823
R32LAM-L,rur,sfh,perm,2020,20.22575267
R32LAM-L,rur,sfh,perm,2025,22.56589079
R32LAM-L,rur,sfh,perm,2030,21.82082275069884
R32LAM-L,rur,sfh,perm,2035,21.075754711397682
R32LAM-L,rur,sfh,perm,2040,20.33068667209652
R32LAM-L,rur,sfh,perm,2045,19.58561863279536
R32LAM-L,rur,sfh,perm,2050,18.8405505934942
R32LAM-L,rur,sfh,perm,2055,18.8405505934942
R32LAM-L,rur,sfh,perm,2060,18.8405505934942
R32LAM-L,rur,sfh,perm,2065,18.8405505934942
R32LAM-L,rur,sfh,perm,2070,18.8405505934942
R32LAM-L,rur,sfh,perm,2075,18.8405505934942
R32LAM-L,rur,sfh,perm,2080,18.8405505934942
R32LAM-L,rur,sfh,perm,2085,18.8405505934942
R32LAM-L,rur,sfh,perm,2090,18.8405505934942
R32LAM-L,rur,sfh,perm,2095,18.8405505934942
R32LAM-L,rur,sfh,perm,2100,18.8405505934942
R32LAM-L,urb,inf,sub,2015,11.85631527
R32LAM-L,urb,inf,sub,2020,13.45700382
R32LAM-L,urb,inf,sub,2025,14.94849946
R32LAM-L,urb,inf,sub,2030,14.94849946
R32LAM-L,urb,inf,sub,2035,14.94849946
R32LAM-L,urb,inf,sub,2040,14.94849946
R32LAM-L,urb,inf,sub,2045,14.94849946
R32LAM-L,urb,inf,sub,2050,14.94849946
R32LAM-L,urb,inf,sub,2055,14.94849946
R32LAM-L,urb,inf,sub,2060,14.94849946
R32LAM-L,urb,inf,sub,2065,14.94849946
R32LAM-L,urb,inf,sub,2070,14.94849946
R32LAM-L,urb,inf,sub,2075,14.94849946
R32LAM-L,urb,inf,sub,2080,14.94849946
R32LAM-L,urb,inf,sub,2085,14.94849946
R32LAM-L,urb,inf,sub,2090,14.94849946
R32LAM-L,urb,inf,sub,2095,14.94849946
R32LAM-L,urb,inf,sub,2100,14.94849946
R32LAM-L,urb,mfh,perm,2015,9.755299284
R32LAM-L,urb,mfh,perm,2020,11.06655177
R32LAM-L,urb,mfh,perm,2025,12.3522612
R32LAM-L,urb,mfh,perm,2030,12.094305684782887
R32LAM-L,urb,mfh,perm,2035,11.836350169565774
R32LAM-L,urb,mfh,perm,2040,11.578394654348664
R32LAM-L,urb,mfh,perm,2045,11.320439139131551
R32LAM-L,urb,mfh,perm,2050,11.062483623914439
R32LAM-L,urb,mfh,perm,2055,11.062483623914439
R32LAM-L,urb,mfh,perm,2060,11.062483623914439
R32LAM-L,urb,mfh,perm,2065,11.062483623914439
R32LAM-L,urb,mfh,perm,2070,11.062483623914439
R32LAM-L,urb,mfh,perm,2075,11.062483623914439
R32LAM-L,urb,mfh,perm,2080,11.062483623914439
R32LAM-L,urb,mfh,perm,2085,11.062483623914439
R32LAM-L,urb,mfh,perm,2090,11.062483623914439
R32LAM-L,urb,mfh,perm,2095,11.062483623914439
R32LAM-L,urb,mfh,perm,2100,11.062483623914439
R32LAM-L,urb,sfh,perm,2015,17.27609737
R32LAM-L,urb,sfh,perm,2020,19.59825326
R32LAM-L,urb,sfh,perm,2025,21.8751738
R32LAM-L,urb,sfh,perm,2030,21.2220812650898
R32LAM-L,urb,sfh,perm,2035,20.568988730179598
R32LAM-L,urb,sfh,perm,2040,19.9158961952694
R32LAM-L,urb,sfh,perm,2045,19.2628036603592
R32LAM-L,urb,sfh,perm,2050,18.609711125449
R32LAM-L,urb,sfh,perm,2055,18.609711125449
R32LAM-L,urb,sfh,perm,2060,18.609711125449
R32LAM-L,urb,sfh,perm,2065,18.609711125449
R32LAM-L,urb,sfh,perm,2070,18.609711125449
R32LAM-L,urb,sfh,perm,2075,18.609711125449
R32LAM-L,urb,sfh,perm,2080,18.609711125449
R32LAM-L,urb,sfh,perm,2085,18.609711125449
R32LAM-L,urb,sfh,perm,2090,18.609711125449
R32LAM-L,urb,sfh,perm,2095,18.609711125449
R32LAM-L,urb,sfh,perm,2100,18.609711125449
R32LAM-M,rur,mfh,perm,2015,13.09976324
R32LAM-M,rur,mfh,perm,2020,14.71454314
R32LAM-M,rur,mfh,perm,2025,16.31605337
R32LAM-M,rur,mfh,perm,2030,15.953585045159791
R32LAM-M,rur,mfh,perm,2035,15.591116720319583
R32LAM-M,rur,mfh,perm,2040,15.228648395479373
R32LAM-M,rur,mfh,perm,2045,14.866180070639166
R32LAM-M,rur,mfh,perm,2050,14.503711745798958
R32LAM-M,rur,mfh,perm,2055,14.503711745798958
R32LAM-M,rur,mfh,perm,2060,14.503711745798958
R32LAM-M,rur,mfh,perm,2065,14.503711745798958
R32LAM-M,rur,mfh,perm,2070,14.503711745798958
R32LAM-M,rur,mfh,perm,2075,14.503711745798958
R32LAM-M,rur,mfh,perm,2080,14.503711745798958
R32LAM-M,rur,mfh,perm,2085,14.503711745798958
R32LAM-M,rur,mfh,perm,2090,14.503711745798958
R32LAM-M,rur,mfh,perm,2095,14.503711745798958
R32LAM-M,rur,mfh,perm,2100,14.503711745798958
R32LAM-M,rur,sfh,perm,2015,18.99599024
R32LAM-M,rur,sfh,perm,2020,21.33758548
R32LAM-M,rur,sfh,perm,2025,23.65993834
R32LAM-M,rur,sfh,perm,2030,22.87874764679758
R32LAM-M,rur,sfh,perm,2035,22.097556953595166
R32LAM-M,rur,sfh,perm,2040,21.316366260392748
R32LAM-M,rur,sfh,perm,2045,20.535175567190333
R32LAM-M,rur,sfh,perm,2050,19.753984873987914
R32LAM-M,rur,sfh,perm,2055,19.753984873987914
R32LAM-M,rur,sfh,perm,2060,19.753984873987914
R32LAM-M,rur,sfh,perm,2065,19.753984873987914
R32LAM-M,rur,sfh,perm,2070,19.753984873987914
R32LAM-M,rur,sfh,perm,2075,19.753984873987914
R32LAM-M,rur,sfh,perm,2080,19.753984873987914
R32LAM-M,rur,sfh,perm,2085,19.753984873987914
R32LAM-M,rur,sfh,perm,2090,19.753984873987914
R32LAM-M,rur,sfh,perm,2095,19.753984873987914
R32LAM-M,rur,sfh,perm,2100,19.753984873987914
R32LAM-M,urb,inf,sub,2015,11.49237078
R32LAM-M,urb,inf,sub,2020,12.69372046
R32LAM-M,urb,inf,sub,2025,13.84814954
R32LAM-M,urb,inf,sub,2030,13.84814954
R32LAM-M,urb,inf,sub,2035,13.84814954
R32LAM-M,urb,inf,sub,2040,13.84814954
R32LAM-M,urb,inf,sub,2045,13.84814954
R32LAM-M,urb,inf,sub,2050,13.84814954
R32LAM-M,urb,inf,sub,2055,13.84814954
R32LAM-M,urb,inf,sub,2060,13.84814954
R32LAM-M,urb,inf,sub,2065,13.84814954
R32LAM-M,urb,inf,sub,2070,13.84814954
R32LAM-M,urb,inf,sub,2075,13.84814954
R32LAM-M,urb,inf,sub,2080,13.84814954
R32LAM-M,urb,inf,sub,2085,13.84814954
R32LAM-M,urb,inf,sub,2090,13.84814954
R32LAM-M,urb,inf,sub,2095,13.84814954
R32LAM-M,urb,inf,sub,2100,13.84814954
R32LAM-M,urb,mfh,perm,2015,10.42054817
R32LAM-M,urb,mfh,perm,2020,11.63226748
R32LAM-M,urb,mfh,perm,2025,12.80675592
R32LAM-M,urb,mfh,perm,2030,12.539309072162666
R32LAM-M,urb,mfh,perm,2035,12.271862224325334
R32LAM-M,urb,mfh,perm,2040,12.004415376488
R32LAM-M,urb,mfh,perm,2045,11.736968528650667
R32LAM-M,urb,mfh,perm,2050,11.469521680813333
R32LAM-M,urb,mfh,perm,2055,11.469521680813333
R32LAM-M,urb,mfh,perm,2060,11.469521680813333
R32LAM-M,urb,mfh,perm,2065,11.469521680813333
R32LAM-M,urb,mfh,perm,2070,11.469521680813333
R32LAM-M,urb,mfh,perm,2075,11.469521680813333
R32LAM-M,urb,mfh,perm,2080,11.469521680813333
R32LAM-M,urb,mfh,perm,2085,11.469521680813333
R32LAM-M,urb,mfh,perm,2090,11.469521680813333
R32LAM-M,urb,mfh,perm,2095,11.469521680813333
R32LAM-M,urb,mfh,perm,2100,11.469521680813333
R32LAM-M,urb,sfh,perm,2015,18.45421648
R32LAM-M,urb,sfh,perm,2020,20.6001046
R32LAM-M,urb,sfh,perm,2025,22.68005888
R32LAM-M,urb,sfh,perm,2030,22.002936161740646
R32LAM-M,urb,sfh,perm,2035,21.325813443481294
R32LAM-M,urb,sfh,perm,2040,20.64869072522194
R32LAM-M,urb,sfh,perm,2045,19.971568006962585
R32LAM-M,urb,sfh,perm,2050,19.294445288703233
R32LAM-M,urb,sfh,perm,2055,19.294445288703233
R32LAM-M,urb,sfh,perm,2060,19.294445288703233
R32LAM-M,urb,sfh,perm,2065,19.294445288703233
R32LAM-M,urb,sfh,perm,2070,19.294445288703233
R32LAM-M,urb,sfh,perm,2075,19.294445288703233
R32LAM-M,urb,sfh,perm,2080,19.294445288703233
R32LAM-M,urb,sfh,perm,2085,19.294445288703233
R32LAM-M,urb,sfh,perm,2090,19.294445288703233
R32LAM-M,urb,sfh,perm,2095,19.294445288703233
R32LAM-M,urb,sfh,perm,2100,19.294445288703233
R32MEA-H,rur,mfh,perm,2015,14.17844536
R32MEA-H,rur,mfh,perm,2020,15.96728551
R32MEA-H,rur,mfh,perm,2025,17.73465946
R32MEA-H,rur,mfh,perm,2030,17.340676174930753
R32MEA-H,rur,mfh,perm,2035,16.946692889861506
R32MEA-H,rur,mfh,perm,2040,16.55270960479226
R32MEA-H,rur,mfh,perm,2045,16.158726319723012
R32MEA-H,rur,mfh,perm,2050,15.764743034653767
R32MEA-H,rur,mfh,perm,2055,15.764743034653767
R32MEA-H,rur,mfh,perm,2060,15.764743034653767
R32MEA-H,rur,mfh,perm,2065,15.764743034653767
R32MEA-H,rur,mfh,perm,2070,15.764743034653767
R32MEA-H,rur,mfh,perm,2075,15.764743034653767
R32MEA-H,rur,mfh,perm,2080,15.764743034653767
R32MEA-H,rur,mfh,perm,2085,15.764743034653767
R32MEA-H,rur,mfh,perm,2090,15.764743034653767
R32MEA-H,rur,mfh,perm,2095,15.764743034653767
R32MEA-H,rur,mfh,perm,2100,15.764743034653767
R32MEA-H,rur,sfh,perm,2015,17.60674441
R32MEA-H,rur,sfh,perm,2020,19.82811993
R32MEA-H,rur,sfh,perm,2025,22.02283879
R32MEA-H,rur,sfh,perm,2030,21.29570093979015
R32MEA-H,rur,sfh,perm,2035,20.5685630895803
R32MEA-H,rur,sfh,perm,2040,19.841425239370455
R32MEA-H,rur,sfh,perm,2045,19.114287389160605
R32MEA-H,rur,sfh,perm,2050,18.387149538950755
R32MEA-H,rur,sfh,perm,2055,18.387149538950755
R32MEA-H,rur,sfh,perm,2060,18.387149538950755
R32MEA-H,rur,sfh,perm,2065,18.387149538950755
R32MEA-H,rur,sfh,perm,2070,18.387149538950755
R32MEA-H,rur,sfh,perm,2075,18.387149538950755
R32MEA-H,rur,sfh,perm,2080,18.387149538950755
R32MEA-H,rur,sfh,perm,2085,18.387149538950755
R32MEA-H,rur,sfh,perm,2090,18.387149538950755
R32MEA-H,rur,sfh,perm,2095,18.387149538950755
R32MEA-H,rur,sfh,perm,2100,18.387149538950755
R32MEA-H,urb,inf,sub,2015,9.577649915
R32MEA-H,urb,inf,sub,2020,10.43186455
R32MEA-H,urb,inf,sub,2025,11.44624301
R32MEA-H,urb,inf,sub,2030,11.44624301
R32MEA-H,urb,inf,sub,2035,11.44624301
R32MEA-H,urb,inf,sub,2040,11.44624301
R32MEA-H,urb,inf,sub,2045,11.44624301
R32MEA-H,urb,inf,sub,2050,11.44624301
R32MEA-H,urb,inf,sub,2055,11.44624301
R32MEA-H,urb,inf,sub,2060,11.44624301
R32MEA-H,urb,inf,sub,2065,11.44624301
R32MEA-H,urb,inf,sub,2070,11.44624301
R32MEA-H,urb,inf,sub,2075,11.44624301
R32MEA-H,urb,inf,sub,2080,11.44624301
R32MEA-H,urb,inf,sub,2085,11.44624301
R32MEA-H,urb,inf,sub,2090,11.44624301
R32MEA-H,urb,inf,sub,2095,11.44624301
R32MEA-H,urb,inf,sub,2100,11.44624301
R32MEA-H,urb,mfh,perm,2015,13.07607395
R32MEA-H,urb,mfh,perm,2020,14.6251141
R32MEA-H,urb,mfh,perm,2025,16.13673008
R32MEA-H,urb,mfh,perm,2030,15.79974250709263
R32MEA-H,urb,mfh,perm,2035,15.462754934185261
R32MEA-H,urb,mfh,perm,2040,15.125767361277891
R32MEA-H,urb,mfh,perm,2045,14.788779788370523
R32MEA-H,urb,mfh,perm,2050,14.451792215463152
R32MEA-H,urb,mfh,perm,2055,14.451792215463152
R32MEA-H,urb,mfh,perm,2060,14.451792215463152
R32MEA-H,urb,mfh,perm,2065,14.451792215463152
R32MEA-H,urb,mfh,perm,2070,14.451792215463152
R32MEA-H,urb,mfh,perm,2075,14.451792215463152
R32MEA-H,urb,mfh,perm,2080,14.451792215463152
R32MEA-H,urb,mfh,perm,2085,14.451792215463152
R32MEA-H,urb,mfh,perm,2090,14.451792215463152
R32MEA-H,urb,mfh,perm,2095,14.451792215463152
R32MEA-H,urb,mfh,perm,2100,14.451792215463152
R32MEA-H,urb,sfh,perm,2015,17.07546436
R32MEA-H,urb,sfh,perm,2020,19.0982871
R32MEA-H,urb,sfh,perm,2025,21.07223929
R32MEA-H,urb,sfh,perm,2030,20.443118703349374
R32MEA-H,urb,sfh,perm,2035,19.813998116698748
R32MEA-H,urb,sfh,perm,2040,19.18487753004812
R32MEA-H,urb,sfh,perm,2045,18.555756943397494
R32MEA-H,urb,sfh,perm,2050,17.92663635674687
R32MEA-H,urb,sfh,perm,2055,17.92663635674687
R32MEA-H,urb,sfh,perm,2060,17.92663635674687
R32MEA-H,urb,sfh,perm,2065,17.92663635674687
R32MEA-H,urb,sfh,perm,2070,17.92663635674687
R32MEA-H,urb,sfh,perm,2075,17.92663635674687
R32MEA-H,urb,sfh,perm,2080,17.92663635674687
R32MEA-H,urb,sfh,perm,2085,17.92663635674687
R32MEA-H,urb,sfh,perm,2090,17.92663635674687
R32MEA-H,urb,sfh,perm,2095,17.92663635674687
R32MEA-H,urb,sfh,perm,2100,17.92663635674687
R32MEA-M,rur,mfh,perm,2015,14.97323799
R32MEA-M,rur,mfh,perm,2020,16.63544575
R32MEA-M,rur,mfh,perm,2025,18.27949937
R32MEA-M,rur,mfh,perm,2030,17.87341222592727
R32MEA-M,rur,mfh,perm,2035,17.46732508185454
R32MEA-M,rur,mfh,perm,2040,17.06123793778181
R32MEA-M,rur,mfh,perm,2045,16.65515079370908
R32MEA-M,rur,mfh,perm,2050,16.24906364963635
R32MEA-M,rur,mfh,perm,2055,16.24906364963635
R32MEA-M,rur,mfh,perm,2060,16.24906364963635
R32MEA-M,rur,mfh,perm,2065,16.24906364963635
R32MEA-M,rur,mfh,perm,2070,16.24906364963635
R32MEA-M,rur,mfh,perm,2075,16.24906364963635
R32MEA-M,rur,mfh,perm,2080,16.24906364963635
R32MEA-M,rur,mfh,perm,2085,16.24906364963635
R32MEA-M,rur,mfh,perm,2090,16.24906364963635
R32MEA-M,rur,mfh,perm,2095,16.24906364963635
R32MEA-M,rur,mfh,perm,2100,16.24906364963635
R32MEA-M,rur,sfh,perm,2015,18.59371516
R32MEA-M,rur,sfh,perm,2020,20.65783901
R32MEA-M,rur,sfh,perm,2025,22.69941911
R32MEA-M,rur,sfh,perm,2030,21.94994230684815
R32MEA-M,rur,sfh,perm,2035,21.2004655036963
R32MEA-M,rur,sfh,perm,2040,20.45098870054445
R32MEA-M,rur,sfh,perm,2045,19.7015118973926
R32MEA-M,rur,sfh,perm,2050,18.95203509424075
R32MEA-M,rur,sfh,perm,2055,18.95203509424075
R32MEA-M,rur,sfh,perm,2060,18.95203509424075
R32MEA-M,rur,sfh,perm,2065,18.95203509424075
R32MEA-M,rur,sfh,perm,2070,18.95203509424075
R32MEA-M,rur,sfh,perm,2075,18.95203509424075
R32MEA-M,rur,sfh,perm,2080,18.95203509424075
R32MEA-M,rur,sfh,perm,2085,18.95203509424075
R32MEA-M,rur,sfh,perm,2090,18.95203509424075
R32MEA-M,rur,sfh,perm,2095,18.95203509424075
R32MEA-M,rur,sfh,perm,2100,18.95203509424075
R32MEA-M,urb,inf,sub,2015,13.28573113
R32MEA-M,urb,inf,sub,2020,14.46820185
R32MEA-M,urb,inf,sub,2025,15.5953035
R32MEA-M,urb,inf,sub,2030,15.5953035
R32MEA-M,urb,inf,sub,2035,15.5953035
R32MEA-M,urb,inf,sub,2040,15.5953035
R32MEA-M,urb,inf,sub,2045,15.5953035
R32MEA-M,urb,inf,sub,2050,15.5953035
R32MEA-M,urb,inf,sub,2055,15.5953035
R32MEA-M,urb,inf,sub,2060,15.5953035
R32MEA-M,urb,inf,sub,2065,15.5953035
R32MEA-M,urb,inf,sub,2070,15.5953035
R32MEA-M,urb,inf,sub,2075,15.5953035
R32MEA-M,urb,inf,sub,2080,15.5953035
R32MEA-M,urb,inf,sub,2085,15.5953035
R32MEA-M,urb,inf,sub,2090,15.5953035
R32MEA-M,urb,inf,sub,2095,15.5953035
R32MEA-M,urb,inf,sub,2100,15.5953035
R32MEA-M,urb,mfh,perm,2015,17.41719653
R32MEA-M,urb,mfh,perm,2020,17.96449233
R32MEA-M,urb,mfh,perm,2025,19.25810121
R32MEA-M,urb,mfh,perm,2030,18.855929223891994
R32MEA-M,urb,mfh,perm,2035,18.45375723778399
R32MEA-M,urb,mfh,perm,2040,18.051585251675988
R32MEA-M,urb,mfh,perm,2045,17.649413265567983
R32MEA-M,urb,mfh,perm,2050,17.247241279459978
R32MEA-M,urb,mfh,perm,2055,17.247241279459978
R32MEA-M,urb,mfh,perm,2060,17.247241279459978
R32MEA-M,urb,mfh,perm,2065,17.247241279459978
R32MEA-M,urb,mfh,perm,2070,17.247241279459978
R32MEA-M,urb,mfh,perm,2075,17.247241279459978
R32MEA-M,urb,mfh,perm,2080,17.247241279459978
R32MEA-M,urb,mfh,perm,2085,17.247241279459978
R32MEA-M,urb,mfh,perm,2090,17.247241279459978
R32MEA-M,urb,mfh,perm,2095,17.247241279459978
R32MEA-M,urb,mfh,perm,2100,17.247241279459978
R32MEA-M,urb,sfh,perm,2015,22.74434357
R32MEA-M,urb,sfh,perm,2020,23.45903285
R32MEA-M,urb,sfh,perm,2025,25.14829926
R32MEA-M,urb,sfh,perm,2030,24.397486184750573
R32MEA-M,urb,sfh,perm,2035,23.646673109501148
R32MEA-M,urb,sfh,perm,2040,22.89586003425172
R32MEA-M,urb,sfh,perm,2045,22.145046959002293
R32MEA-M,urb,sfh,perm,2050,21.394233883752865
R32MEA-M,urb,sfh,perm,2055,21.394233883752865
R32MEA-M,urb,sfh,perm,2060,21.394233883752865
R32MEA-M,urb,sfh,perm,2065,21.394233883752865
R32MEA-M,urb,sfh,perm,2070,21.394233883752865
R32MEA-M,urb,sfh,perm,2075,21.394233883752865
R32MEA-M,urb,sfh,perm,2080,21.394233883752865
R32MEA-M,urb,sfh,perm,2085,21.394233883752865
R32MEA-M,urb,sfh,perm,2090,21.394233883752865
R32MEA-M,urb,sfh,perm,2095,21.394233883752865
R32MEA-M,urb,sfh,perm,2100,21.394233883752865
R32MEX,rur,mfh,perm,2015,16.08641621
R32MEX,rur,mfh,perm,2020,17.50793322
R32MEX,rur,mfh,perm,2025,18.91495873
R32MEX,rur,mfh,perm,2030,18.494754575857495
R32MEX,rur,mfh,perm,2035,18.074550421714992
R32MEX,rur,mfh,perm,2040,17.654346267572492
R32MEX,rur,mfh,perm,2045,17.23414211342999
R32MEX,rur,mfh,perm,2050,16.813937959287486
R32MEX,rur,mfh,perm,2055,16.813937959287486
R32MEX,rur,mfh,perm,2060,16.813937959287486
R32MEX,rur,mfh,perm,2065,16.813937959287486
R32MEX,rur,mfh,perm,2070,16.813937959287486
R32MEX,rur,mfh,perm,2075,16.813937959287486
R32MEX,rur,mfh,perm,2080,16.813937959287486
R32MEX,rur,mfh,perm,2085,16.813937959287486
R32MEX,rur,mfh,perm,2090,16.813937959287486
R32MEX,rur,mfh,perm,2095,16.813937959287486
R32MEX,rur,mfh,perm,2100,16.813937959287486
R32MEX,rur,sfh,perm,2015,23.32694108
R32MEX,rur,sfh,perm,2020,25.38828546
R32MEX,rur,sfh,perm,2025,27.42861568
R32MEX,rur,sfh,perm,2030,26.522992893130056
R32MEX,rur,sfh,perm,2035,25.617370106260108
R32MEX,rur,sfh,perm,2040,24.711747319390163
R32MEX,rur,sfh,perm,2045,23.806124532520215
R32MEX,rur,sfh,perm,2050,22.90050174565027
R32MEX,rur,sfh,perm,2055,22.90050174565027
R32MEX,rur,sfh,perm,2060,22.90050174565027
R32MEX,rur,sfh,perm,2065,22.90050174565027
R32MEX,rur,sfh,perm,2070,22.90050174565027
R32MEX,rur,sfh,perm,2075,22.90050174565027
R32MEX,rur,sfh,perm,2080,22.90050174565027
R32MEX,rur,sfh,perm,2085,22.90050174565027
R32MEX,rur,sfh,perm,2090,22.90050174565027
R32MEX,rur,sfh,perm,2095,22.90050174565027
R32MEX,rur,sfh,perm,2100,22.90050174565027
R32MEX,urb,inf,sub,2015,11.93557069
R32MEX,urb,inf,sub,2020,13.31817699
R32MEX,urb,inf,sub,2025,14.58209995
R32MEX,urb,inf,sub,2030,14.58209995
R32MEX,urb,inf,sub,2035,14.58209995
R32MEX,urb,inf,sub,2040,14.58209995
R32MEX,urb,inf,sub,2045,14.58209995
R32MEX,urb,inf,sub,2050,14.58209995
R32MEX,urb,inf,sub,2055,14.58209995
R32MEX,urb,inf,sub,2060,14.58209995
R32MEX,urb,inf,sub,2065,14.58209995
R32MEX,urb,inf,sub,2070,14.58209995
R32MEX,urb,inf,sub,2075,14.58209995
R32MEX,urb,inf,sub,2080,14.58209995
R32MEX,urb,inf,sub,2085,14.58209995
R32MEX,urb,inf,sub,2090,14.58209995
R32MEX,urb,inf,sub,2095,14.58209995
R32MEX,urb,inf,sub,2100,14.58209995
R32MEX,urb,mfh,perm,2015,11.8189479
R32MEX,urb,mfh,perm,2020,12.97552675
R32MEX,urb,mfh,perm,2025,14.08130699
R32MEX,urb,mfh,perm,2030,13.787243357380591
R32MEX,urb,mfh,perm,2035,13.493179724761184
R32MEX,urb,mfh,perm,2040,13.199116092141775
R32MEX,urb,mfh,perm,2045,12.905052459522368
R32MEX,urb,mfh,perm,2050,12.61098882690296
R32MEX,urb,mfh,perm,2055,12.61098882690296
R32MEX,urb,mfh,perm,2060,12.61098882690296
R32MEX,urb,mfh,perm,2065,12.61098882690296
R32MEX,urb,mfh,perm,2070,12.61098882690296
R32MEX,urb,mfh,perm,2075,12.61098882690296
R32MEX,urb,mfh,perm,2080,12.61098882690296
R32MEX,urb,mfh,perm,2085,12.61098882690296
R32MEX,urb,mfh,perm,2090,12.61098882690296
R32MEX,urb,mfh,perm,2095,12.61098882690296
R32MEX,urb,mfh,perm,2100,12.61098882690296
R32MEX,urb,sfh,perm,2015,20.93070533
R32MEX,urb,sfh,perm,2020,22.97894273
R32MEX,urb,sfh,perm,2025,24.93721859
R32MEX,urb,sfh,perm,2030,24.192707417130926
R32MEX,urb,sfh,perm,2035,23.44819624426185
R32MEX,urb,sfh,perm,2040,22.703685071392776
R32MEX,urb,sfh,perm,2045,21.9591738985237
R32MEX,urb,sfh,perm,2050,21.214662725654627
R32MEX,urb,sfh,perm,2055,21.214662725654627
R32MEX,urb,sfh,perm,2060,21.214662725654627
R32MEX,urb,sfh,perm,2065,21.214662725654627
R32MEX,urb,sfh,perm,2070,21.214662725654627
R32MEX,urb,sfh,perm,2075,21.214662725654627
R32MEX,urb,sfh,perm,2080,21.214662725654627
R32MEX,urb,sfh,perm,2085,21.214662725654627
R32MEX,urb,sfh,perm,2090,21.214662725654627
R32MEX,urb,sfh,perm,2095,21.214662725654627
R32MEX,urb,sfh,perm,2100,21.214662725654627
R32NAF,rur,mfh,perm,2015,13.18615409
R32NAF,rur,mfh,perm,2020,15.01144921
R32NAF,rur,mfh,perm,2025,16.81166414
R32NAF,rur,mfh,perm,2030,16.438185603223065
R32NAF,rur,mfh,perm,2035,16.06470706644613
R32NAF,rur,mfh,perm,2040,15.691228529669193
R32NAF,rur,mfh,perm,2045,15.317749992892256
R32NAF,rur,mfh,perm,2050,14.94427145611532
R32NAF,rur,mfh,perm,2055,14.94427145611532
R32NAF,rur,mfh,perm,2060,14.94427145611532
R32NAF,rur,mfh,perm,2065,14.94427145611532
R32NAF,rur,mfh,perm,2070,14.94427145611532
R32NAF,rur,mfh,perm,2075,14.94427145611532
R32NAF,rur,mfh,perm,2080,14.94427145611532
R32NAF,rur,mfh,perm,2085,14.94427145611532
R32NAF,rur,mfh,perm,2090,14.94427145611532
R32NAF,rur,mfh,perm,2095,14.94427145611532
R32NAF,rur,mfh,perm,2100,14.94427145611532
R32NAF,rur,sfh,perm,2015,16.37452055
R32NAF,rur,sfh,perm,2020,18.64116572
R32NAF,rur,sfh,perm,2025,20.87666639
R32NAF,rur,sfh,perm,2030,20.187372223016144
R32NAF,rur,sfh,perm,2035,19.498078056032288
R32NAF,rur,sfh,perm,2040,18.80878388904843
R32NAF,rur,sfh,perm,2045,18.119489722064575
R32NAF,rur,sfh,perm,2050,17.43019555508072
R32NAF,rur,sfh,perm,2055,17.43019555508072
R32NAF,rur,sfh,perm,2060,17.43019555508072
R32NAF,rur,sfh,perm,2065,17.43019555508072
R32NAF,rur,sfh,perm,2070,17.43019555508072
R32NAF,rur,sfh,perm,2075,17.43019555508072
R32NAF,rur,sfh,perm,2080,17.43019555508072
R32NAF,rur,sfh,perm,2085,17.43019555508072
R32NAF,rur,sfh,perm,2090,17.43019555508072
R32NAF,rur,sfh,perm,2095,17.43019555508072
R32NAF,rur,sfh,perm,2100,17.43019555508072
R32NAF,urb,inf,sub,2015,8.939197821
R32NAF,urb,inf,sub,2020,10.36107045
R32NAF,urb,inf,sub,2025,12.39388268
R32NAF,urb,inf,sub,2030,12.39388268
R32NAF,urb,inf,sub,2035,12.39388268
R32NAF,urb,inf,sub,2040,12.39388268
R32NAF,urb,inf,sub,2045,12.39388268
R32NAF,urb,inf,sub,2050,12.39388268
R32NAF,urb,inf,sub,2055,12.39388268
R32NAF,urb,inf,sub,2060,12.39388268
R32NAF,urb,inf,sub,2065,12.39388268
R32NAF,urb,inf,sub,2070,12.39388268
R32NAF,urb,inf,sub,2075,12.39388268
R32NAF,urb,inf,sub,2080,12.39388268
R32NAF,urb,inf,sub,2085,12.39388268
R32NAF,urb,inf,sub,2090,12.39388268
R32NAF,urb,inf,sub,2095,12.39388268
R32NAF,urb,inf,sub,2100,12.39388268
R32NAF,urb,mfh,perm,2015,12.45451941
R32NAF,urb,mfh,perm,2020,14.36827168
R32NAF,urb,mfh,perm,2025,16.10403399
R32NAF,urb,mfh,perm,2030,15.767729218128409
R32NAF,urb,mfh,perm,2035,15.431424446256814
R32NAF,urb,mfh,perm,2040,15.095119674385222
R32NAF,urb,mfh,perm,2045,14.758814902513627
R32NAF,urb,mfh,perm,2050,14.422510130642035
R32NAF,urb,mfh,perm,2055,14.422510130642035
R32NAF,urb,mfh,perm,2060,14.422510130642035
R32NAF,urb,mfh,perm,2065,14.422510130642035
R32NAF,urb,mfh,perm,2070,14.422510130642035
R32NAF,urb,mfh,perm,2075,14.422510130642035
R32NAF,urb,mfh,perm,2080,14.422510130642035
R32NAF,urb,mfh,perm,2085,14.422510130642035
R32NAF,urb,mfh,perm,2090,14.422510130642035
R32NAF,urb,mfh,perm,2095,14.422510130642035
R32NAF,urb,mfh,perm,2100,14.422510130642035
R32NAF,urb,sfh,perm,2015,16.26380388
R32NAF,urb,sfh,perm,2020,18.76288799
R32NAF,urb,sfh,perm,2025,21.02954293
R32NAF,urb,sfh,perm,2030,20.401697061175106
R32NAF,urb,sfh,perm,2035,19.77385119235021
R32NAF,urb,sfh,perm,2040,19.14600532352532
R32NAF,urb,sfh,perm,2045,18.518159454700424
R32NAF,urb,sfh,perm,2050,17.89031358587553
R32NAF,urb,sfh,perm,2055,17.89031358587553
R32NAF,urb,sfh,perm,2060,17.89031358587553
R32NAF,urb,sfh,perm,2065,17.89031358587553
R32NAF,urb,sfh,perm,2070,17.89031358587553
R32NAF,urb,sfh,perm,2075,17.89031358587553
R32NAF,urb,sfh,perm,2080,17.89031358587553
R32NAF,urb,sfh,perm,2085,17.89031358587553
R32NAF,urb,sfh,perm,2090,17.89031358587553
R32NAF,urb,sfh,perm,2095,17.89031358587553
R32NAF,urb,sfh,perm,2100,17.89031358587553
R32OAS-CPA,rur,mfh,perm,2015,28.19024667
R32OAS-CPA,rur,mfh,perm,2020,31.75490975
R32OAS-CPA,rur,mfh,perm,2025,35.25732799
R32OAS-CPA,rur,mfh,perm,2030,34.47407089190943
R32OAS-CPA,rur,mfh,perm,2035,33.690813793818855
R32OAS-CPA,rur,mfh,perm,2040,32.90755669572829
R32OAS-CPA,rur,mfh,perm,2045,32.124299597637716
R32OAS-CPA,rur,mfh,perm,2050,31.341042499547143
R32OAS-CPA,rur,mfh,perm,2055,31.341042499547143
R32OAS-CPA,rur,mfh,perm,2060,31.341042499547143
R32OAS-CPA,rur,mfh,perm,2065,31.341042499547143
R32OAS-CPA,rur,mfh,perm,2070,31.341042499547143
R32OAS-CPA,rur,mfh,perm,2075,31.341042499547143
R32OAS-CPA,rur,mfh,perm,2080,31.341042499547143
R32OAS-CPA,rur,mfh,perm,2085,31.341042499547143
R32OAS-CPA,rur,mfh,perm,2090,31.341042499547143
R32OAS-CPA,rur,mfh,perm,2095,31.341042499547143
R32OAS-CPA,rur,mfh,perm,2100,31.341042499547143
R32OAS-CPA,rur,sfh,perm,2015,31.8944013
R32OAS-CPA,rur,sfh,perm,2020,35.92745558
R32OAS-CPA,rur,sfh,perm,2025,39.89008613
R32OAS-CPA,rur,sfh,perm,2030,38.573017438273276
R32OAS-CPA,rur,sfh,perm,2035,37.255948746546544
R32OAS-CPA,rur,sfh,perm,2040,35.93888005481982
R32OAS-CPA,rur,sfh,perm,2045,34.62181136309309
R32OAS-CPA,rur,sfh,perm,2050,33.30474267136636
R32OAS-CPA,rur,sfh,perm,2055,33.30474267136636
R32OAS-CPA,rur,sfh,perm,2060,33.30474267136636
R32OAS-CPA,rur,sfh,perm,2065,33.30474267136636
R32OAS-CPA,rur,sfh,perm,2070,33.30474267136636
R32OAS-CPA,rur,sfh,perm,2075,33.30474267136636
R32OAS-CPA,rur,sfh,perm,2080,33.30474267136636
R32OAS-CPA,rur,sfh,perm,2085,33.30474267136636
R32OAS-CPA,rur,sfh,perm,2090,33.30474267136636
R32OAS-CPA,rur,sfh,perm,2095,33.30474267136636
R32OAS-CPA,rur,sfh,perm,2100,33.30474267136636
R32OAS-CPA,urb,inf,sub,2015,17.21753722
R32OAS-CPA,urb,inf,sub,2020,19.59073399
R32OAS-CPA,urb,inf,sub,2025,21.88090451
R32OAS-CPA,urb,inf,sub,2030,21.88090451
R32OAS-CPA,urb,inf,sub,2035,21.88090451
R32OAS-CPA,urb,inf,sub,2040,21.88090451
R32OAS-CPA,urb,inf,sub,2045,21.88090451
R32OAS-CPA,urb,inf,sub,2050,21.88090451
R32OAS-CPA,urb,inf,sub,2055,21.88090451
R32OAS-CPA,urb,inf,sub,2060,21.88090451
R32OAS-CPA,urb,inf,sub,2065,21.88090451
R32OAS-CPA,urb,inf,sub,2070,21.88090451
R32OAS-CPA,urb,inf,sub,2075,21.88090451
R32OAS-CPA,urb,inf,sub,2080,21.88090451
R32OAS-CPA,urb,inf,sub,2085,21.88090451
R32OAS-CPA,urb,inf,sub,2090,21.88090451
R32OAS-CPA,urb,inf,sub,2095,21.88090451
R32OAS-CPA,urb,inf,sub,2100,21.88090451
R32OAS-CPA,urb,mfh,perm,2015,26.69569272
R32OAS-CPA,urb,mfh,perm,2020,30.12323248
R32OAS-CPA,urb,mfh,perm,2025,33.37552027
R32OAS-CPA,urb,mfh,perm,2030,32.678530513429195
R32OAS-CPA,urb,mfh,perm,2035,31.98154075685839
R32OAS-CPA,urb,mfh,perm,2040,31.284551000287582
R32OAS-CPA,urb,mfh,perm,2045,30.587561243716777
R32OAS-CPA,urb,mfh,perm,2050,29.89057148714597
R32OAS-CPA,urb,mfh,perm,2055,29.89057148714597
R32OAS-CPA,urb,mfh,perm,2060,29.89057148714597
R32OAS-CPA,urb,mfh,perm,2065,29.89057148714597
R32OAS-CPA,urb,mfh,perm,2070,29.89057148714597
R32OAS-CPA,urb,mfh,perm,2075,29.89057148714597
R32OAS-CPA,urb,mfh,perm,2080,29.89057148714597
R32OAS-CPA,urb,mfh,perm,2085,29.89057148714597
R32OAS-CPA,urb,mfh,perm,2090,29.89057148714597
R32OAS-CPA,urb,mfh,perm,2095,29.89057148714597
R32OAS-CPA,urb,mfh,perm,2100,29.89057148714597
R32OAS-CPA,urb,sfh,perm,2015,36.33300662
R32OAS-CPA,urb,sfh,perm,2020,40.9979099
R32OAS-CPA,urb,sfh,perm,2025,45.42429415
R32OAS-CPA,urb,sfh,perm,2030,44.06813270030537
R32OAS-CPA,urb,sfh,perm,2035,42.71197125061074
R32OAS-CPA,urb,sfh,perm,2040,41.3558098009161
R32OAS-CPA,urb,sfh,perm,2045,39.99964835122147
R32OAS-CPA,urb,sfh,perm,2050,38.643486901526835
R32OAS-CPA,urb,sfh,perm,2055,38.643486901526835
R32OAS-CPA,urb,sfh,perm,2060,38.643486901526835
R32OAS-CPA,urb,sfh,perm,2065,38.643486901526835
R32OAS-CPA,urb,sfh,perm,2070,38.643486901526835
R32OAS-CPA,urb,sfh,perm,2075,38.643486901526835
R32OAS-CPA,urb,sfh,perm,2080,38.643486901526835
R32OAS-CPA,urb,sfh,perm,2085,38.643486901526835
R32OAS-CPA,urb,sfh,perm,2090,38.643486901526835
R32OAS-CPA,urb,sfh,perm,2095,38.643486901526835
R32OAS-CPA,urb,sfh,perm,2100,38.643486901526835
R32OAS-L-PAS,rur,mfh,perm,2015,11.47186116
R32OAS-L-PAS,rur,mfh,perm,2020,13.43767755
R32OAS-L-PAS,rur,mfh,perm,2025,15.37279543
R32OAS-L-PAS,rur,mfh,perm,2030,15.031281996495993
R32OAS-L-PAS,rur,mfh,perm,2035,14.689768562991988
R32OAS-L-PAS,rur,mfh,perm,2040,14.348255129487981
R32OAS-L-PAS,rur,mfh,perm,2045,14.006741695983976
R32OAS-L-PAS,rur,mfh,perm,2050,13.66522826247997
R32OAS-L-PAS,rur,mfh,perm,2055,13.66522826247997
R32OAS-L-PAS,rur,mfh,perm,2060,13.66522826247997
R32OAS-L-PAS,rur,mfh,perm,2065,13.66522826247997
R32OAS-L-PAS,rur,mfh,perm,2070,13.66522826247997
R32OAS-L-PAS,rur,mfh,perm,2075,13.66522826247997
R32OAS-L-PAS,rur,mfh,perm,2080,13.66522826247997
R32OAS-L-PAS,rur,mfh,perm,2085,13.66522826247997
R32OAS-L-PAS,rur,mfh,perm,2090,13.66522826247997
R32OAS-L-PAS,rur,mfh,perm,2095,13.66522826247997
R32OAS-L-PAS,rur,mfh,perm,2100,13.66522826247997
R32OAS-L-PAS,rur,sfh,perm,2015,12.9792459
R32OAS-L-PAS,rur,sfh,perm,2020,15.20336751
R32OAS-L-PAS,rur,sfh,perm,2025,17.39275687
R32OAS-L-PAS,rur,sfh,perm,2030,16.81849249108546
R32OAS-L-PAS,rur,sfh,perm,2035,16.24422811217092
R32OAS-L-PAS,rur,sfh,perm,2040,15.669963733256381
R32OAS-L-PAS,rur,sfh,perm,2045,15.095699354341841
R32OAS-L-PAS,rur,sfh,perm,2050,14.5214349754273
R32OAS-L-PAS,rur,sfh,perm,2055,14.5214349754273
R32OAS-L-PAS,rur,sfh,perm,2060,14.5214349754273
R32OAS-L-PAS,rur,sfh,perm,2065,14.5214349754273
R32OAS-L-PAS,rur,sfh,perm,2070,14.5214349754273
R32OAS-L-PAS,rur,sfh,perm,2075,14.5214349754273
R32OAS-L-PAS,rur,sfh,perm,2080,14.5214349754273
R32OAS-L-PAS,rur,sfh,perm,2085,14.5214349754273
R32OAS-L-PAS,rur,sfh,perm,2090,14.5214349754273
R32OAS-L-PAS,rur,sfh,perm,2095,14.5214349754273
R32OAS-L-PAS,rur,sfh,perm,2100,14.5214349754273
R32OAS-L-PAS,urb,inf,sub,2015,8.840400288
R32OAS-L-PAS,urb,inf,sub,2020,10.54102533
R32OAS-L-PAS,urb,inf,sub,2025,12.2206494
R32OAS-L-PAS,urb,inf,sub,2030,12.2206494
R32OAS-L-PAS,urb,inf,sub,2035,12.2206494
R32OAS-L-PAS,urb,inf,sub,2040,12.2206494
R32OAS-L-PAS,urb,inf,sub,2045,12.2206494
R32OAS-L-PAS,urb,inf,sub,2050,12.2206494
R32OAS-L-PAS,urb,inf,sub,2055,12.2206494
R32OAS-L-PAS,urb,inf,sub,2060,12.2206494
R32OAS-L-PAS,urb,inf,sub,2065,12.2206494
R32OAS-L-PAS,urb,inf,sub,2070,12.2206494
R32OAS-L-PAS,urb,inf,sub,2075,12.2206494
R32OAS-L-PAS,urb,inf,sub,2080,12.2206494
R32OAS-L-PAS,urb,inf,sub,2085,12.2206494
R32OAS-L-PAS,urb,inf,sub,2090,12.2206494
R32OAS-L-PAS,urb,inf,sub,2095,12.2206494
R32OAS-L-PAS,urb,inf,sub,2100,12.2206494
R32OAS-L-PAS,urb,mfh,perm,2015,12.6146985
R32OAS-L-PAS,urb,mfh,perm,2020,14.74401363
R32OAS-L-PAS,urb,mfh,perm,2025,16.74152979
R32OAS-L-PAS,urb,mfh,perm,2030,16.391912025885517
R32OAS-L-PAS,urb,mfh,perm,2035,16.042294261771037
R32OAS-L-PAS,urb,mfh,perm,2040,15.692676497656553
R32OAS-L-PAS,urb,mfh,perm,2045,15.343058733542069
R32OAS-L-PAS,urb,mfh,perm,2050,14.993440969427587
R32OAS-L-PAS,urb,mfh,perm,2055,14.993440969427587
R32OAS-L-PAS,urb,mfh,perm,2060,14.993440969427587
R32OAS-L-PAS,urb,mfh,perm,2065,14.993440969427587
R32OAS-L-PAS,urb,mfh,perm,2070,14.993440969427587
R32OAS-L-PAS,urb,mfh,perm,2075,14.993440969427587
R32OAS-L-PAS,urb,mfh,perm,2080,14.993440969427587
R32OAS-L-PAS,urb,mfh,perm,2085,14.993440969427587
R32OAS-L-PAS,urb,mfh,perm,2090,14.993440969427587
R32OAS-L-PAS,urb,mfh,perm,2095,14.993440969427587
R32OAS-L-PAS,urb,mfh,perm,2100,14.993440969427587
R32OAS-L-PAS,urb,sfh,perm,2015,17.16868444
R32OAS-L-PAS,urb,sfh,perm,2020,20.06669579
R32OAS-L-PAS,urb,sfh,perm,2025,22.78532792
R32OAS-L-PAS,urb,sfh,perm,2030,22.105062350177054
R32OAS-L-PAS,urb,sfh,perm,2035,21.42479678035411
R32OAS-L-PAS,urb,sfh,perm,2040,20.744531210531164
R32OAS-L-PAS,urb,sfh,perm,2045,20.06426564070822
R32OAS-L-PAS,urb,sfh,perm,2050,19.384000070885275
R32OAS-L-PAS,urb,sfh,perm,2055,19.384000070885275
R32OAS-L-PAS,urb,sfh,perm,2060,19.384000070885275
R32OAS-L-PAS,urb,sfh,perm,2065,19.384000070885275
R32OAS-L-PAS,urb,sfh,perm,2070,19.384000070885275
R32OAS-L-PAS,urb,sfh,perm,2075,19.384000070885275
R32OAS-L-PAS,urb,sfh,perm,2080,19.384000070885275
R32OAS-L-PAS,urb,sfh,perm,2085,19.384000070885275
R32OAS-L-PAS,urb,sfh,perm,2090,19.384000070885275
R32OAS-L-PAS,urb,sfh,perm,2095,19.384000070885275
R32OAS-L-PAS,urb,sfh,perm,2100,19.384000070885275
R32OAS-L-SAS,rur,mfh,perm,2015,9.172916475
R32OAS-L-SAS,rur,mfh,perm,2020,10.74500151
R32OAS-L-SAS,rur,mfh,perm,2025,12.29188051
R32OAS-L-SAS,rur,mfh,perm,2030,12.018810960853527
R32OAS-L-SAS,rur,mfh,perm,2035,11.745741411707053
R32OAS-L-SAS,rur,mfh,perm,2040,11.472671862560578
R32OAS-L-SAS,rur,mfh,perm,2045,11.199602313414104
R32OAS-L-SAS,rur,mfh,perm,2050,10.92653276426763
R32OAS-L-SAS,rur,mfh,perm,2055,10.92653276426763
R32OAS-L-SAS,rur,mfh,perm,2060,10.92653276426763
R32OAS-L-SAS,rur,mfh,perm,2065,10.92653276426763
R32OAS-L-SAS,rur,mfh,perm,2070,10.92653276426763
R32OAS-L-SAS,rur,mfh,perm,2075,10.92653276426763
R32OAS-L-SAS,rur,mfh,perm,2080,10.92653276426763
R32OAS-L-SAS,rur,mfh,perm,2085,10.92653276426763
R32OAS-L-SAS,rur,mfh,perm,2090,10.92653276426763
R32OAS-L-SAS,rur,mfh,perm,2095,10.92653276426763
R32OAS-L-SAS,rur,mfh,perm,2100,10.92653276426763
R32OAS-L-SAS,rur,sfh,perm,2015,13.01565715
R32OAS-L-SAS,rur,sfh,perm,2020,15.2463239
R32OAS-L-SAS,rur,sfh,perm,2025,17.44122525
R32OAS-L-SAS,rur,sfh,perm,2030,16.865360569054808
R32OAS-L-SAS,rur,sfh,perm,2035,16.289495888109617
R32OAS-L-SAS,rur,sfh,perm,2040,15.713631207164424
R32OAS-L-SAS,rur,sfh,perm,2045,15.137766526219233
R32OAS-L-SAS,rur,sfh,perm,2050,14.561901845274042
R32OAS-L-SAS,rur,sfh,perm,2055,14.561901845274042
R32OAS-L-SAS,rur,sfh,perm,2060,14.561901845274042
R32OAS-L-SAS,rur,sfh,perm,2065,14.561901845274042
R32OAS-L-SAS,rur,sfh,perm,2070,14.561901845274042
R32OAS-L-SAS,rur,sfh,perm,2075,14.561901845274042
R32OAS-L-SAS,rur,sfh,perm,2080,14.561901845274042
R32OAS-L-SAS,rur,sfh,perm,2085,14.561901845274042
R32OAS-L-SAS,rur,sfh,perm,2090,14.561901845274042
R32OAS-L-SAS,rur,sfh,perm,2095,14.561901845274042
R32OAS-L-SAS,rur,sfh,perm,2100,14.561901845274042
R32OAS-L-SAS,urb,inf,sub,2015,8.627435898
R32OAS-L-SAS,urb,inf,sub,2020,10.2101872
R32OAS-L-SAS,urb,inf,sub,2025,11.76840694
R32OAS-L-SAS,urb,inf,sub,2030,11.76840694
R32OAS-L-SAS,urb,inf,sub,2035,11.76840694
R32OAS-L-SAS,urb,inf,sub,2040,11.76840694
R32OAS-L-SAS,urb,inf,sub,2045,11.76840694
R32OAS-L-SAS,urb,inf,sub,2050,11.76840694
R32OAS-L-SAS,urb,inf,sub,2055,11.76840694
R32OAS-L-SAS,urb,inf,sub,2060,11.76840694
R32OAS-L-SAS,urb,inf,sub,2065,11.76840694
R32OAS-L-SAS,urb,inf,sub,2070,11.76840694
R32OAS-L-SAS,urb,inf,sub,2075,11.76840694
R32OAS-L-SAS,urb,inf,sub,2080,11.76840694
R32OAS-L-SAS,urb,inf,sub,2085,11.76840694
R32OAS-L-SAS,urb,inf,sub,2090,11.76840694
R32OAS-L-SAS,urb,inf,sub,2095,11.76840694
R32OAS-L-SAS,urb,inf,sub,2100,11.76840694
R32OAS-L-SAS,urb,mfh,perm,2015,16.74994351
R32OAS-L-SAS,urb,mfh,perm,2020,18.97617014
R32OAS-L-SAS,urb,mfh,perm,2025,21.04075209
R32OAS-L-SAS,urb,mfh,perm,2030,20.601352537314742
R32OAS-L-SAS,urb,mfh,perm,2035,20.161952984629483
R32OAS-L-SAS,urb,mfh,perm,2040,19.722553431944227
R32OAS-L-SAS,urb,mfh,perm,2045,19.28315387925897
R32OAS-L-SAS,urb,mfh,perm,2050,18.84375432657371
R32OAS-L-SAS,urb,mfh,perm,2055,18.84375432657371
R32OAS-L-SAS,urb,mfh,perm,2060,18.84375432657371
R32OAS-L-SAS,urb,mfh,perm,2065,18.84375432657371
R32OAS-L-SAS,urb,mfh,perm,2070,18.84375432657371
R32OAS-L-SAS,urb,mfh,perm,2075,18.84375432657371
R32OAS-L-SAS,urb,mfh,perm,2080,18.84375432657371
R32OAS-L-SAS,urb,mfh,perm,2085,18.84375432657371
R32OAS-L-SAS,urb,mfh,perm,2090,18.84375432657371
R32OAS-L-SAS,urb,mfh,perm,2095,18.84375432657371
R32OAS-L-SAS,urb,mfh,perm,2100,18.84375432657371
R32OAS-L-SAS,urb,sfh,perm,2015,20.11945149
R32OAS-L-SAS,urb,sfh,perm,2020,22.79351774
R32OAS-L-SAS,urb,sfh,perm,2025,25.27342202
R32OAS-L-SAS,urb,sfh,perm,2030,24.518873352007382
R32OAS-L-SAS,urb,sfh,perm,2035,23.764324684014763
R32OAS-L-SAS,urb,sfh,perm,2040,23.00977601602214
R32OAS-L-SAS,urb,sfh,perm,2045,22.25522734802952
R32OAS-L-SAS,urb,sfh,perm,2050,21.500678680036902
R32OAS-L-SAS,urb,sfh,perm,2055,21.500678680036902
R32OAS-L-SAS,urb,sfh,perm,2060,21.500678680036902
R32OAS-L-SAS,urb,sfh,perm,2065,21.500678680036902
R32OAS-L-SAS,urb,sfh,perm,2070,21.500678680036902
R32OAS-L-SAS,urb,sfh,perm,2075,21.500678680036902
R32OAS-L-SAS,urb,sfh,perm,2080,21.500678680036902
R32OAS-L-SAS,urb,sfh,perm,2085,21.500678680036902
R32OAS-L-SAS,urb,sfh,perm,2090,21.500678680036902
R32OAS-L-SAS,urb,sfh,perm,2095,21.500678680036902
R32OAS-L-SAS,urb,sfh,perm,2100,21.500678680036902
R32OAS-M-PAS,rur,mfh,perm,2015,11.47651266
R32OAS-M-PAS,rur,mfh,perm,2020,13.44341402
R32OAS-M-PAS,rur,mfh,perm,2025,15.37919514
R32OAS-M-PAS,rur,mfh,perm,2030,15.037539534114563
R32OAS-M-PAS,rur,mfh,perm,2035,14.695883928229126
R32OAS-M-PAS,rur,mfh,perm,2040,14.35422832234369
R32OAS-M-PAS,rur,mfh,perm,2045,14.012572716458253
R32OAS-M-PAS,rur,mfh,perm,2050,13.670917110572816
R32OAS-M-PAS,rur,mfh,perm,2055,13.670917110572816
R32OAS-M-PAS,rur,mfh,perm,2060,13.670917110572816
R32OAS-M-PAS,rur,mfh,perm,2065,13.670917110572816
R32OAS-M-PAS,rur,mfh,perm,2070,13.670917110572816
R32OAS-M-PAS,rur,mfh,perm,2075,13.670917110572816
R32OAS-M-PAS,rur,mfh,perm,2080,13.670917110572816
R32OAS-M-PAS,rur,mfh,perm,2085,13.670917110572816
R32OAS-M-PAS,rur,mfh,perm,2090,13.670917110572816
R32OAS-M-PAS,rur,mfh,perm,2095,13.670917110572816
R32OAS-M-PAS,rur,mfh,perm,2100,13.670917110572816
R32OAS-M-PAS,rur,sfh,perm,2015,12.98450861
R32OAS-M-PAS,rur,sfh,perm,2020,15.20985775
R32OAS-M-PAS,rur,sfh,perm,2025,17.39999749
R32OAS-M-PAS,rur,sfh,perm,2030,16.825494044318855
R32OAS-M-PAS,rur,sfh,perm,2035,16.25099059863771
R32OAS-M-PAS,rur,sfh,perm,2040,15.676487152956566
R32OAS-M-PAS,rur,sfh,perm,2045,15.101983707275423
R32OAS-M-PAS,rur,sfh,perm,2050,14.527480261594278
R32OAS-M-PAS,rur,sfh,perm,2055,14.527480261594278
R32OAS-M-PAS,rur,sfh,perm,2060,14.527480261594278
R32OAS-M-PAS,rur,sfh,perm,2065,14.527480261594278
R32OAS-M-PAS,rur,sfh,perm,2070,14.527480261594278
R32OAS-M-PAS,rur,sfh,perm,2075,14.527480261594278
R32OAS-M-PAS,rur,sfh,perm,2080,14.527480261594278
R32OAS-M-PAS,rur,sfh,perm,2085,14.527480261594278
R32OAS-M-PAS,rur,sfh,perm,2090,14.527480261594278
R32OAS-M-PAS,rur,sfh,perm,2095,14.527480261594278
R32OAS-M-PAS,rur,sfh,perm,2100,14.527480261594278
R32OAS-M-PAS,urb,inf,sub,2015,8.077907711
R32OAS-M-PAS,urb,inf,sub,2020,9.383935844
R32OAS-M-PAS,urb,inf,sub,2025,10.63127593
R32OAS-M-PAS,urb,inf,sub,2030,10.63127593
R32OAS-M-PAS,urb,inf,sub,2035,10.63127593
R32OAS-M-PAS,urb,inf,sub,2040,10.63127593
R32OAS-M-PAS,urb,inf,sub,2045,10.63127593
R32OAS-M-PAS,urb,inf,sub,2050,10.63127593
R32OAS-M-PAS,urb,inf,sub,2055,10.63127593
R32OAS-M-PAS,urb,inf,sub,2060,10.63127593
R32OAS-M-PAS,urb,inf,sub,2065,10.63127593
R32OAS-M-PAS,urb,inf,sub,2070,10.63127593
R32OAS-M-PAS,urb,inf,sub,2075,10.63127593
R32OAS-M-PAS,urb,inf,sub,2080,10.63127593
R32OAS-M-PAS,urb,inf,sub,2085,10.63127593
R32OAS-M-PAS,urb,inf,sub,2090,10.63127593
R32OAS-M-PAS,urb,inf,sub,2095,10.63127593
R32OAS-M-PAS,urb,inf,sub,2100,10.63127593
R32OAS-M-PAS,urb,mfh,perm,2015,11.68709521
R32OAS-M-PAS,urb,mfh,perm,2020,13.54245384
R32OAS-M-PAS,urb,mfh,perm,2025,15.3253746
R32OAS-M-PAS,urb,mfh,perm,2030,15.00533077670081
R32OAS-M-PAS,urb,mfh,perm,2035,14.68528695340162
R32OAS-M-PAS,urb,mfh,perm,2040,14.36524313010243
R32OAS-M-PAS,urb,mfh,perm,2045,14.04519930680324
R32OAS-M-PAS,urb,mfh,perm,2050,13.72515548350405
R32OAS-M-PAS,urb,mfh,perm,2055,13.72515548350405
R32OAS-M-PAS,urb,mfh,perm,2060,13.72515548350405
R32OAS-M-PAS,urb,mfh,perm,2065,13.72515548350405
R32OAS-M-PAS,urb,mfh,perm,2070,13.72515548350405
R32OAS-M-PAS,urb,mfh,perm,2075,13.72515548350405
R32OAS-M-PAS,urb,mfh,perm,2080,13.72515548350405
R32OAS-M-PAS,urb,mfh,perm,2085,13.72515548350405
R32OAS-M-PAS,urb,mfh,perm,2090,13.72515548350405
R32OAS-M-PAS,urb,mfh,perm,2095,13.72515548350405
R32OAS-M-PAS,urb,mfh,perm,2100,13.72515548350405
R32OAS-M-PAS,urb,sfh,perm,2015,15.43354114
R32OAS-M-PAS,urb,sfh,perm,2020,17.90765278
R32OAS-M-PAS,urb,sfh,perm,2025,20.28708694
R32OAS-M-PAS,urb,sfh,perm,2030,19.681407407726375
R32OAS-M-PAS,urb,sfh,perm,2035,19.075727875452753
R32OAS-M-PAS,urb,sfh,perm,2040,18.47004834317913
R32OAS-M-PAS,urb,sfh,perm,2045,17.864368810905507
R32OAS-M-PAS,urb,sfh,perm,2050,17.258689278631884
R32OAS-M-PAS,urb,sfh,perm,2055,17.258689278631884
R32OAS-M-PAS,urb,sfh,perm,2060,17.258689278631884
R32OAS-M-PAS,urb,sfh,perm,2065,17.258689278631884
R32OAS-M-PAS,urb,sfh,perm,2070,17.258689278631884
R32OAS-M-PAS,urb,sfh,perm,2075,17.258689278631884
R32OAS-M-PAS,urb,sfh,perm,2080,17.258689278631884
R32OAS-M-PAS,urb,sfh,perm,2085,17.258689278631884
R32OAS-M-PAS,urb,sfh,perm,2090,17.258689278631884
R32OAS-M-PAS,urb,sfh,perm,2095,17.258689278631884
R32OAS-M-PAS,urb,sfh,perm,2100,17.258689278631884
R32OAS-M-SAS,rur,mfh,perm,2015,9.215837605
R32OAS-M-SAS,rur,mfh,perm,2020,10.79855805
R32OAS-M-SAS,rur,mfh,perm,2025,12.35609292
R32OAS-M-SAS,rur,mfh,perm,2030,12.081596863832567
R32OAS-M-SAS,rur,mfh,perm,2035,11.807100807665133
R32OAS-M-SAS,rur,mfh,perm,2040,11.5326047514977
R32OAS-M-SAS,rur,mfh,perm,2045,11.258108695330268
R32OAS-M-SAS,rur,mfh,perm,2050,10.983612639162834
R32OAS-M-SAS,rur,mfh,perm,2055,10.983612639162834
R32OAS-M-SAS,rur,mfh,perm,2060,10.983612639162834
R32OAS-M-SAS,rur,mfh,perm,2065,10.983612639162834
R32OAS-M-SAS,rur,mfh,perm,2070,10.983612639162834
R32OAS-M-SAS,rur,mfh,perm,2075,10.983612639162834
R32OAS-M-SAS,rur,mfh,perm,2080,10.983612639162834
R32OAS-M-SAS,rur,mfh,perm,2085,10.983612639162834
R32OAS-M-SAS,rur,mfh,perm,2090,10.983612639162834
R32OAS-M-SAS,rur,mfh,perm,2095,10.983612639162834
R32OAS-M-SAS,rur,mfh,perm,2100,10.983612639162834
R32OAS-M-SAS,rur,sfh,perm,2015,13.0765589
R32OAS-M-SAS,rur,sfh,perm,2020,15.32231648
R32OAS-M-SAS,rur,sfh,perm,2025,17.53233767
R32OAS-M-SAS,rur,sfh,perm,2030,16.953464689814282
R32OAS-M-SAS,rur,sfh,perm,2035,16.37459170962856
R32OAS-M-SAS,rur,sfh,perm,2040,15.795718729442843
R32OAS-M-SAS,rur,sfh,perm,2045,15.216845749257125
R32OAS-M-SAS,rur,sfh,perm,2050,14.637972769071405
R32OAS-M-SAS,rur,sfh,perm,2055,14.637972769071405
R32OAS-M-SAS,rur,sfh,perm,2060,14.637972769071405
R32OAS-M-SAS,rur,sfh,perm,2065,14.637972769071405
R32OAS-M-SAS,rur,sfh,perm,2070,14.637972769071405
R32OAS-M-SAS,rur,sfh,perm,2075,14.637972769071405
R32OAS-M-SAS,rur,sfh,perm,2080,14.637972769071405
R32OAS-M-SAS,rur,sfh,perm,2085,14.637972769071405
R32OAS-M-SAS,rur,sfh,perm,2090,14.637972769071405
R32OAS-M-SAS,rur,sfh,perm,2095,14.637972769071405
R32OAS-M-SAS,rur,sfh,perm,2100,14.637972769071405
R32OAS-M-SAS,urb,inf,sub,2015,7.06452251
R32OAS-M-SAS,urb,inf,sub,2020,8.276024281
R32OAS-M-SAS,urb,inf,sub,2025,9.461348823
R32OAS-M-SAS,urb,inf,sub,2030,9.461348823
R32OAS-M-SAS,urb,inf,sub,2035,9.461348823
R32OAS-M-SAS,urb,inf,sub,2040,9.461348823
R32OAS-M-SAS,urb,inf,sub,2045,9.461348823
R32OAS-M-SAS,urb,inf,sub,2050,9.461348823
R32OAS-M-SAS,urb,inf,sub,2055,9.461348823
R32OAS-M-SAS,urb,inf,sub,2060,9.461348823
R32OAS-M-SAS,urb,inf,sub,2065,9.461348823
R32OAS-M-SAS,urb,inf,sub,2070,9.461348823
R32OAS-M-SAS,urb,inf,sub,2075,9.461348823
R32OAS-M-SAS,urb,inf,sub,2080,9.461348823
R32OAS-M-SAS,urb,inf,sub,2085,9.461348823
R32OAS-M-SAS,urb,inf,sub,2090,9.461348823
R32OAS-M-SAS,urb,inf,sub,2095,9.461348823
R32OAS-M-SAS,urb,inf,sub,2100,9.461348823
R32OAS-M-SAS,urb,mfh,perm,2015,15.28204111
R32OAS-M-SAS,urb,mfh,perm,2020,17.12935051
R32OAS-M-SAS,urb,mfh,perm,2025,18.91471879
R32OAS-M-SAS,urb,mfh,perm,2030,18.519717749165366
R32OAS-M-SAS,urb,mfh,perm,2035,18.124716708330734
R32OAS-M-SAS,urb,mfh,perm,2040,17.7297156674961
R32OAS-M-SAS,urb,mfh,perm,2045,17.33471462666147
R32OAS-M-SAS,urb,mfh,perm,2050,16.939713585826837
R32OAS-M-SAS,urb,mfh,perm,2055,16.939713585826837
R32OAS-M-SAS,urb,mfh,perm,2060,16.939713585826837
R32OAS-M-SAS,urb,mfh,perm,2065,16.939713585826837
R32OAS-M-SAS,urb,mfh,perm,2070,16.939713585826837
R32OAS-M-SAS,urb,mfh,perm,2075,16.939713585826837
R32OAS-M-SAS,urb,mfh,perm,2080,16.939713585826837
R32OAS-M-SAS,urb,mfh,perm,2085,16.939713585826837
R32OAS-M-SAS,urb,mfh,perm,2090,16.939713585826837
R32OAS-M-SAS,urb,mfh,perm,2095,16.939713585826837
R32OAS-M-SAS,urb,mfh,perm,2100,16.939713585826837
R32OAS-M-SAS,urb,sfh,perm,2015,18.35625802
R32OAS-M-SAS,urb,sfh,perm,2020,20.57518202
R32OAS-M-SAS,urb,sfh,perm,2025,22.71970451
R32OAS-M-SAS,urb,sfh,perm,2030,22.04139815474505
R32OAS-M-SAS,urb,sfh,perm,2035,21.363091799490096
R32OAS-M-SAS,urb,sfh,perm,2040,20.684785444235146
R32OAS-M-SAS,urb,sfh,perm,2045,20.006479088980193
R32OAS-M-SAS,urb,sfh,perm,2050,19.328172733725243
R32OAS-M-SAS,urb,sfh,perm,2055,19.328172733725243
R32OAS-M-SAS,urb,sfh,perm,2060,19.328172733725243
R32OAS-M-SAS,urb,sfh,perm,2065,19.328172733725243
R32OAS-M-SAS,urb,sfh,perm,2070,19.328172733725243
R32OAS-M-SAS,urb,sfh,perm,2075,19.328172733725243
R32OAS-M-SAS,urb,sfh,perm,2080,19.328172733725243
R32OAS-M-SAS,urb,sfh,perm,2085,19.328172733725243
R32OAS-M-SAS,urb,sfh,perm,2090,19.328172733725243
R32OAS-M-SAS,urb,sfh,perm,2095,19.328172733725243
R32OAS-M-SAS,urb,sfh,perm,2100,19.328172733725243
R32PAK,rur,mfh,perm,2015,9.147496613
R32PAK,rur,mfh,perm,2020,10.71559186
R32PAK,rur,mfh,perm,2025,12.25900484
R32PAK,rur,mfh,perm,2030,11.986665638368496
R32PAK,rur,mfh,perm,2035,11.714326436736993
R32PAK,rur,mfh,perm,2040,11.441987235105488
R32PAK,rur,mfh,perm,2045,11.169648033473985
R32PAK,rur,mfh,perm,2050,10.897308831842482
R32PAK,rur,mfh,perm,2055,10.897308831842482
R32PAK,rur,mfh,perm,2060,10.897308831842482
R32PAK,rur,mfh,perm,2065,10.897308831842482
R32PAK,rur,mfh,perm,2070,10.897308831842482
R32PAK,rur,mfh,perm,2075,10.897308831842482
R32PAK,rur,mfh,perm,2080,10.897308831842482
R32PAK,rur,mfh,perm,2085,10.897308831842482
R32PAK,rur,mfh,perm,2090,10.897308831842482
R32PAK,rur,mfh,perm,2095,10.897308831842482
R32PAK,rur,mfh,perm,2100,10.897308831842482
R32PAK,rur,sfh,perm,2015,12.97958833
R32PAK,rur,sfh,perm,2020,15.20459389
R32PAK,rur,sfh,perm,2025,17.39457722
R32PAK,rur,sfh,perm,2030,16.820252737780965
R32PAK,rur,sfh,perm,2035,16.24592825556193
R32PAK,rur,sfh,perm,2040,15.671603773342897
R32PAK,rur,sfh,perm,2045,15.097279291123861
R32PAK,rur,sfh,perm,2050,14.522954808904828
R32PAK,rur,sfh,perm,2055,14.522954808904828
R32PAK,rur,sfh,perm,2060,14.522954808904828
R32PAK,rur,sfh,perm,2065,14.522954808904828
R32PAK,rur,sfh,perm,2070,14.522954808904828
R32PAK,rur,sfh,perm,2075,14.522954808904828
R32PAK,rur,sfh,perm,2080,14.522954808904828
R32PAK,rur,sfh,perm,2085,14.522954808904828
R32PAK,rur,sfh,perm,2090,14.522954808904828
R32PAK,rur,sfh,perm,2095,14.522954808904828
R32PAK,rur,sfh,perm,2100,14.522954808904828
R32PAK,urb,inf,sub,2015,8.73957489
R32PAK,urb,inf,sub,2020,10.43948158
R32PAK,urb,inf,sub,2025,12.11302269
R32PAK,urb,inf,sub,2030,12.11302269
R32PAK,urb,inf,sub,2035,12.11302269
R32PAK,urb,inf,sub,2040,12.11302269
R32PAK,urb,inf,sub,2045,12.11302269
R32PAK,urb,inf,sub,2050,12.11302269
R32PAK,urb,inf,sub,2055,12.11302269
R32PAK,urb,inf,sub,2060,12.11302269
R32PAK,urb,inf,sub,2065,12.11302269
R32PAK,urb,inf,sub,2070,12.11302269
R32PAK,urb,inf,sub,2075,12.11302269
R32PAK,urb,inf,sub,2080,12.11302269
R32PAK,urb,inf,sub,2085,12.11302269
R32PAK,urb,inf,sub,2090,12.11302269
R32PAK,urb,inf,sub,2095,12.11302269
R32PAK,urb,inf,sub,2100,12.11302269
R32PAK,urb,mfh,perm,2015,15.39050696
R32PAK,urb,mfh,perm,2020,17.93593136
R32PAK,urb,mfh,perm,2025,20.27302856
R32PAK,urb,mfh,perm,2030,19.849661579450235
R32PAK,urb,mfh,perm,2035,19.42629459890047
R32PAK,urb,mfh,perm,2040,19.002927618350704
R32PAK,urb,mfh,perm,2045,18.579560637800938
R32PAK,urb,mfh,perm,2050,18.156193657251173
R32PAK,urb,mfh,perm,2055,18.156193657251173
R32PAK,urb,mfh,perm,2060,18.156193657251173
R32PAK,urb,mfh,perm,2065,18.156193657251173
R32PAK,urb,mfh,perm,2070,18.156193657251173
R32PAK,urb,mfh,perm,2075,18.156193657251173
R32PAK,urb,mfh,perm,2080,18.156193657251173
R32PAK,urb,mfh,perm,2085,18.156193657251173
R32PAK,urb,mfh,perm,2090,18.156193657251173
R32PAK,urb,mfh,perm,2095,18.156193657251173
R32PAK,urb,mfh,perm,2100,18.156193657251173
R32PAK,urb,sfh,perm,2015,18.48654343
R32PAK,urb,sfh,perm,2020,21.54401898
R32PAK,urb,sfh,perm,2025,24.35125912
R32PAK,urb,sfh,perm,2030,23.624242014109125
R32PAK,urb,sfh,perm,2035,22.89722490821825
R32PAK,urb,sfh,perm,2040,22.170207802327372
R32PAK,urb,sfh,perm,2045,21.443190696436496
R32PAK,urb,sfh,perm,2050,20.71617359054562
R32PAK,urb,sfh,perm,2055,20.71617359054562
R32PAK,urb,sfh,perm,2060,20.71617359054562
R32PAK,urb,sfh,perm,2065,20.71617359054562
R32PAK,urb,sfh,perm,2070,20.71617359054562
R32PAK,urb,sfh,perm,2075,20.71617359054562
R32PAK,urb,sfh,perm,2080,20.71617359054562
R32PAK,urb,sfh,perm,2085,20.71617359054562
R32PAK,urb,sfh,perm,2090,20.71617359054562
R32PAK,urb,sfh,perm,2095,20.71617359054562
R32PAK,urb,sfh,perm,2100,20.71617359054562
R32RUS,rur,mfh,perm,2015,21.5498506
R32RUS,rur,mfh,perm,2020,24.25177103
R32RUS,rur,mfh,perm,2025,26.93939638
R32RUS,rur,mfh,perm,2030,26.340925802794175
R32RUS,rur,mfh,perm,2035,25.742455225588348
R32RUS,rur,mfh,perm,2040,25.143984648382524
R32RUS,rur,mfh,perm,2045,24.545514071176697
R32RUS,rur,mfh,perm,2050,23.94704349397087
R32RUS,rur,mfh,perm,2055,23.94704349397087
R32RUS,rur,mfh,perm,2060,23.94704349397087
R32RUS,rur,mfh,perm,2065,23.94704349397087
R32RUS,rur,mfh,perm,2070,23.94704349397087
R32RUS,rur,mfh,perm,2075,23.94704349397087
R32RUS,rur,mfh,perm,2080,23.94704349397087
R32RUS,rur,mfh,perm,2085,23.94704349397087
R32RUS,rur,mfh,perm,2090,23.94704349397087
R32RUS,rur,mfh,perm,2095,23.94704349397087
R32RUS,rur,mfh,perm,2100,23.94704349397087
R32RUS,rur,sfh,perm,2015,24.05445536
R32RUS,rur,sfh,perm,2020,27.07040315
R32RUS,rur,sfh,perm,2025,30.07039442
R32RUS,rur,sfh,perm,2030,29.077546851073077
R32RUS,rur,sfh,perm,2035,28.084699282146154
R32RUS,rur,sfh,perm,2040,27.09185171321923
R32RUS,rur,sfh,perm,2045,26.09900414429231
R32RUS,rur,sfh,perm,2050,25.106156575365386
R32RUS,rur,sfh,perm,2055,25.106156575365386
R32RUS,rur,sfh,perm,2060,25.106156575365386
R32RUS,rur,sfh,perm,2065,25.106156575365386
R32RUS,rur,sfh,perm,2070,25.106156575365386
R32RUS,rur,sfh,perm,2075,25.106156575365386
R32RUS,rur,sfh,perm,2080,25.106156575365386
R32RUS,rur,sfh,perm,2085,25.106156575365386
R32RUS,rur,sfh,perm,2090,25.106156575365386
R32RUS,rur,sfh,perm,2095,25.106156575365386
R32RUS,rur,sfh,perm,2100,25.106156575365386
R32RUS,urb,mfh,perm,2015,15.71571406
R32RUS,urb,mfh,perm,2020,17.68615041
R32RUS,urb,mfh,perm,2025,19.64616174
R32RUS,urb,mfh,perm,2030,19.23588578391186
R32RUS,urb,mfh,perm,2035,18.825609827823722
R32RUS,urb,mfh,perm,2040,18.415333871735587
R32RUS,urb,mfh,perm,2045,18.00505791564745
R32RUS,urb,mfh,perm,2050,17.59478195955931
R32RUS,urb,mfh,perm,2055,17.59478195955931
R32RUS,urb,mfh,perm,2060,17.59478195955931
R32RUS,urb,mfh,perm,2065,17.59478195955931
R32RUS,urb,mfh,perm,2070,17.59478195955931
R32RUS,urb,mfh,perm,2075,17.59478195955931
R32RUS,urb,mfh,perm,2080,17.59478195955931
R32RUS,urb,mfh,perm,2085,17.59478195955931
R32RUS,urb,mfh,perm,2090,17.59478195955931
R32RUS,urb,mfh,perm,2095,17.59478195955931
R32RUS,urb,mfh,perm,2100,17.59478195955931
R32RUS,urb,sfh,perm,2015,20.08000292
R32RUS,urb,sfh,perm,2020,22.59763383
R32RUS,urb,sfh,perm,2025,25.10194468
R32RUS,urb,sfh,perm,2030,24.352515540276464
R32RUS,urb,sfh,perm,2035,23.60308640055293
R32RUS,urb,sfh,perm,2040,22.853657260829397
R32RUS,urb,sfh,perm,2045,22.104228121105862
R32RUS,urb,sfh,perm,2050,21.354798981382327
R32RUS,urb,sfh,perm,2055,21.354798981382327
R32RUS,urb,sfh,perm,2060,21.354798981382327
R32RUS,urb,sfh,perm,2065,21.354798981382327
R32RUS,urb,sfh,perm,2070,21.354798981382327
R32RUS,urb,sfh,perm,2075,21.354798981382327
R32RUS,urb,sfh,perm,2080,21.354798981382327
R32RUS,urb,sfh,perm,2085,21.354798981382327
R32RUS,urb,sfh,perm,2090,21.354798981382327
R32RUS,urb,sfh,perm,2095,21.354798981382327
R32RUS,urb,sfh,perm,2100,21.354798981382327
R32SAF,rur,mfh,perm,2015,36.5388882
R32SAF,rur,mfh,perm,2020,36.74051152
R32SAF,rur,mfh,perm,2025,36.9428635
R32SAF,rur,mfh,perm,2030,36.1221614868363
R32SAF,rur,mfh,perm,2035,35.30145947367259
R32SAF,rur,mfh,perm,2040,34.48075746050888
R32SAF,rur,mfh,perm,2045,33.66005544734517
R32SAF,rur,mfh,perm,2050,32.83935343418147
R32SAF,rur,mfh,perm,2055,32.83935343418147
R32SAF,rur,mfh,perm,2060,32.83935343418147
R32SAF,rur,mfh,perm,2065,32.83935343418147
R32SAF,rur,mfh,perm,2070,32.83935343418147
R32SAF,rur,mfh,perm,2075,32.83935343418147
R32SAF,rur,mfh,perm,2080,32.83935343418147
R32SAF,rur,mfh,perm,2085,32.83935343418147
R32SAF,rur,mfh,perm,2090,32.83935343418147
R32SAF,rur,mfh,perm,2095,32.83935343418147
R32SAF,rur,mfh,perm,2100,32.83935343418147
R32SAF,rur,sfh,perm,2015,35.79343149
R32SAF,rur,sfh,perm,2020,35.99094134
R32SAF,rur,sfh,perm,2025,36.18916499
R32SAF,rur,sfh,perm,2030,34.994291255390145
R32SAF,rur,sfh,perm,2035,33.79941752078029
R32SAF,rur,sfh,perm,2040,32.60454378617043
R32SAF,rur,sfh,perm,2045,31.40967005156057
R32SAF,rur,sfh,perm,2050,30.214796316950714
R32SAF,rur,sfh,perm,2055,30.214796316950714
R32SAF,rur,sfh,perm,2060,30.214796316950714
R32SAF,rur,sfh,perm,2065,30.214796316950714
R32SAF,rur,sfh,perm,2070,30.214796316950714
R32SAF,rur,sfh,perm,2075,30.214796316950714
R32SAF,rur,sfh,perm,2080,30.214796316950714
R32SAF,rur,sfh,perm,2085,30.214796316950714
R32SAF,rur,sfh,perm,2090,30.214796316950714
R32SAF,rur,sfh,perm,2095,30.214796316950714
R32SAF,rur,sfh,perm,2100,30.214796316950714
R32SAF,urb,inf,sub,2015,24.06565948
R32SAF,urb,inf,sub,2020,24.1335246
R32SAF,urb,inf,sub,2025,24.13482367
R32SAF,urb,inf,sub,2030,24.13482367
R32SAF,urb,inf,sub,2035,24.13482367
R32SAF,urb,inf,sub,2040,24.13482367
R32SAF,urb,inf,sub,2045,24.13482367
R32SAF,urb,inf,sub,2050,24.13482367
R32SAF,urb,inf,sub,2055,24.13482367
R32SAF,urb,inf,sub,2060,24.13482367
R32SAF,urb,inf,sub,2065,24.13482367
R32SAF,urb,inf,sub,2070,24.13482367
R32SAF,urb,inf,sub,2075,24.13482367
R32SAF,urb,inf,sub,2080,24.13482367
R32SAF,urb,inf,sub,2085,24.13482367
R32SAF,urb,inf,sub,2090,24.13482367
R32SAF,urb,inf,sub,2095,24.13482367
R32SAF,urb,inf,sub,2100,24.13482367
R32SAF,urb,mfh,perm,2015,38.40097537
R32SAF,urb,mfh,perm,2020,38.34809297
R32SAF,urb,mfh,perm,2025,38.29159596
R32SAF,urb,mfh,perm,2030,37.49194250348572
R32SAF,urb,mfh,perm,2035,36.69228904697143
R32SAF,urb,mfh,perm,2040,35.89263559045715
R32SAF,urb,mfh,perm,2045,35.09298213394286
R32SAF,urb,mfh,perm,2050,34.293328677428576
R32SAF,urb,mfh,perm,2055,34.293328677428576
R32SAF,urb,mfh,perm,2060,34.293328677428576
R32SAF,urb,mfh,perm,2065,34.293328677428576
R32SAF,urb,mfh,perm,2070,34.293328677428576
R32SAF,urb,mfh,perm,2075,34.293328677428576
R32SAF,urb,mfh,perm,2080,34.293328677428576
R32SAF,urb,mfh,perm,2085,34.293328677428576
R32SAF,urb,mfh,perm,2090,34.293328677428576
R32SAF,urb,mfh,perm,2095,34.293328677428576
R32SAF,urb,mfh,perm,2100,34.293328677428576
R32SAF,urb,sfh,perm,2015,42.10152192
R32SAF,urb,sfh,perm,2020,42.04354346
R32SAF,urb,sfh,perm,2025,41.98160205
R32SAF,urb,sfh,perm,2030,40.72822362415975
R32SAF,urb,sfh,perm,2035,39.474845198319514
R32SAF,urb,sfh,perm,2040,38.22146677247927
R32SAF,urb,sfh,perm,2045,36.96808834663903
R32SAF,urb,sfh,perm,2050,35.71470992079878
R32SAF,urb,sfh,perm,2055,35.71470992079878
R32SAF,urb,sfh,perm,2060,35.71470992079878
R32SAF,urb,sfh,perm,2065,35.71470992079878
R32SAF,urb,sfh,perm,2070,35.71470992079878
R32SAF,urb,sfh,perm,2075,35.71470992079878
R32SAF,urb,sfh,perm,2080,35.71470992079878
R32SAF,urb,sfh,perm,2085,35.71470992079878
R32SAF,urb,sfh,perm,2090,35.71470992079878
R32SAF,urb,sfh,perm,2095,35.71470992079878
R32SAF,urb,sfh,perm,2100,35.71470992079878
R32SSA-L,rur,mfh,perm,2015,10.07370028
R32SSA-L,rur,mfh,perm,2020,12.55481737
R32SSA-L,rur,mfh,perm,2025,14.99622586
R32SSA-L,rur,mfh,perm,2030,14.663078085649492
R32SSA-L,rur,mfh,perm,2035,14.329930311298982
R32SSA-L,rur,mfh,perm,2040,13.996782536948475
R32SSA-L,rur,mfh,perm,2045,13.663634762597965
R32SSA-L,rur,mfh,perm,2050,13.330486988247458
R32SSA-L,rur,mfh,perm,2055,13.330486988247458
R32SSA-L,rur,mfh,perm,2060,13.330486988247458
R32SSA-L,rur,mfh,perm,2065,13.330486988247458
R32SSA-L,rur,mfh,perm,2070,13.330486988247458
R32SSA-L,rur,mfh,perm,2075,13.330486988247458
R32SSA-L,rur,mfh,perm,2080,13.330486988247458
R32SSA-L,rur,mfh,perm,2085,13.330486988247458
R32SSA-L,rur,mfh,perm,2090,13.330486988247458
R32SSA-L,rur,mfh,perm,2095,13.330486988247458
R32SSA-L,rur,mfh,perm,2100,13.330486988247458
R32SSA-L,rur,sfh,perm,2015,9.868179315
R32SSA-L,rur,sfh,perm,2020,12.29867731
R32SSA-L,rur,sfh,perm,2025,14.69027683
R32SSA-L,rur,sfh,perm,2030,14.205241434926222
R32SSA-L,rur,sfh,perm,2035,13.720206039852446
R32SSA-L,rur,sfh,perm,2040,13.235170644778668
R32SSA-L,rur,sfh,perm,2045,12.750135249704892
R32SSA-L,rur,sfh,perm,2050,12.265099854631114
R32SSA-L,rur,sfh,perm,2055,12.265099854631114
R32SSA-L,rur,sfh,perm,2060,12.265099854631114
R32SSA-L,rur,sfh,perm,2065,12.265099854631114
R32SSA-L,rur,sfh,perm,2070,12.265099854631114
R32SSA-L,rur,sfh,perm,2075,12.265099854631114
R32SSA-L,rur,sfh,perm,2080,12.265099854631114
R32SSA-L,rur,sfh,perm,2085,12.265099854631114
R32SSA-L,rur,sfh,perm,2090,12.265099854631114
R32SSA-L,rur,sfh,perm,2095,12.265099854631114
R32SSA-L,rur,sfh,perm,2100,12.265099854631114
R32SSA-L,urb,inf,sub,2015,7.258889149
R32SSA-L,urb,inf,sub,2020,9.18369021
R32SSA-L,urb,inf,sub,2025,11.04984596
R32SSA-L,urb,inf,sub,2030,11.04984596
R32SSA-L,urb,inf,sub,2035,11.04984596
R32SSA-L,urb,inf,sub,2040,11.04984596
R32SSA-L,urb,inf,sub,2045,11.04984596
R32SSA-L,urb,inf,sub,2050,11.04984596
R32SSA-L,urb,inf,sub,2055,11.04984596
R32SSA-L,urb,inf,sub,2060,11.04984596
R32SSA-L,urb,inf,sub,2065,11.04984596
R32SSA-L,urb,inf,sub,2070,11.04984596
R32SSA-L,urb,inf,sub,2075,11.04984596
R32SSA-L,urb,inf,sub,2080,11.04984596
R32SSA-L,urb,inf,sub,2085,11.04984596
R32SSA-L,urb,inf,sub,2090,11.04984596
R32SSA-L,urb,inf,sub,2095,11.04984596
R32SSA-L,urb,inf,sub,2100,11.04984596
R32SSA-L,urb,mfh,perm,2015,14.33046736
R32SSA-L,urb,mfh,perm,2020,17.02516914
R32SSA-L,urb,mfh,perm,2025,19.69256453
R32SSA-L,urb,mfh,perm,2030,19.281319532259637
R32SSA-L,urb,mfh,perm,2035,18.870074534519272
R32SSA-L,urb,mfh,perm,2040,18.45882953677891
R32SSA-L,urb,mfh,perm,2045,18.047584539038546
R32SSA-L,urb,mfh,perm,2050,17.636339541298184
R32SSA-L,urb,mfh,perm,2055,17.636339541298184
R32SSA-L,urb,mfh,perm,2060,17.636339541298184
R32SSA-L,urb,mfh,perm,2065,17.636339541298184
R32SSA-L,urb,mfh,perm,2070,17.636339541298184
R32SSA-L,urb,mfh,perm,2075,17.636339541298184
R32SSA-L,urb,mfh,perm,2080,17.636339541298184
R32SSA-L,urb,mfh,perm,2085,17.636339541298184
R32SSA-L,urb,mfh,perm,2090,17.636339541298184
R32SSA-L,urb,mfh,perm,2095,17.636339541298184
R32SSA-L,urb,mfh,perm,2100,17.636339541298184
R32SSA-L,urb,sfh,perm,2015,15.71143648
R32SSA-L,urb,sfh,perm,2020,18.66581578
R32SSA-L,urb,sfh,perm,2025,21.59025726
R32SSA-L,urb,sfh,perm,2030,20.945671028493273
R32SSA-L,urb,sfh,perm,2035,20.301084796986544
R32SSA-L,urb,sfh,perm,2040,19.65649856547981
R32SSA-L,urb,sfh,perm,2045,19.011912333973083
R32SSA-L,urb,sfh,perm,2050,18.367326102466354
R32SSA-L,urb,sfh,perm,2055,18.367326102466354
R32SSA-L,urb,sfh,perm,2060,18.367326102466354
R32SSA-L,urb,sfh,perm,2065,18.367326102466354
R32SSA-L,urb,sfh,perm,2070,18.367326102466354
R32SSA-L,urb,sfh,perm,2075,18.367326102466354
R32SSA-L,urb,sfh,perm,2080,18.367326102466354
R32SSA-L,urb,sfh,perm,2085,18.367326102466354
R32SSA-L,urb,sfh,perm,2090,18.367326102466354
R32SSA-L,urb,sfh,perm,2095,18.367326102466354
R32SSA-L,urb,sfh,perm,2100,18.367326102466354
R32SSA-M,rur,mfh,perm,2015,9.909812988
R32SSA-M,rur,mfh,perm,2020,12.36226238
R32SSA-M,rur,mfh,perm,2025,14.77617184
R32SSA-M,rur,mfh,perm,2030,14.447912662799487
R32SSA-M,rur,mfh,perm,2035,14.119653485598974
R32SSA-M,rur,mfh,perm,2040,13.791394308398461
R32SSA-M,rur,mfh,perm,2045,13.463135131197948
R32SSA-M,rur,mfh,perm,2050,13.134875953997435
R32SSA-M,rur,mfh,perm,2055,13.134875953997435
R32SSA-M,rur,mfh,perm,2060,13.134875953997435
R32SSA-M,rur,mfh,perm,2065,13.134875953997435
R32SSA-M,rur,mfh,perm,2070,13.134875953997435
R32SSA-M,rur,mfh,perm,2075,13.134875953997435
R32SSA-M,rur,mfh,perm,2080,13.134875953997435
R32SSA-M,rur,mfh,perm,2085,13.134875953997435
R32SSA-M,rur,mfh,perm,2090,13.134875953997435
R32SSA-M,rur,mfh,perm,2095,13.134875953997435
R32SSA-M,rur,mfh,perm,2100,13.134875953997435
R32SSA-M,rur,sfh,perm,2015,9.70763561
R32SSA-M,rur,sfh,perm,2020,12.11005078
R32SSA-M,rur,sfh,perm,2025,14.47471229
R32SSA-M,rur,sfh,perm,2030,13.996794285090665
R32SSA-M,rur,sfh,perm,2035,13.518876280181333
R32SSA-M,rur,sfh,perm,2040,13.040958275271999
R32SSA-M,rur,sfh,perm,2045,12.563040270362666
R32SSA-M,rur,sfh,perm,2050,12.085122265453332
R32SSA-M,rur,sfh,perm,2055,12.085122265453332
R32SSA-M,rur,sfh,perm,2060,12.085122265453332
R32SSA-M,rur,sfh,perm,2065,12.085122265453332
R32SSA-M,rur,sfh,perm,2070,12.085122265453332
R32SSA-M,rur,sfh,perm,2075,12.085122265453332
R32SSA-M,rur,sfh,perm,2080,12.085122265453332
R32SSA-M,rur,sfh,perm,2085,12.085122265453332
R32SSA-M,rur,sfh,perm,2090,12.085122265453332
R32SSA-M,rur,sfh,perm,2095,12.085122265453332
R32SSA-M,rur,sfh,perm,2100,12.085122265453332
R32SSA-M,urb,inf,sub,2015,7.811636938
R32SSA-M,urb,inf,sub,2020,9.643555268
R32SSA-M,urb,inf,sub,2025,11.41016809
R32SSA-M,urb,inf,sub,2030,11.41016809
R32SSA-M,urb,inf,sub,2035,11.41016809
R32SSA-M,urb,inf,sub,2040,11.41016809
R32SSA-M,urb,inf,sub,2045,11.41016809
R32SSA-M,urb,inf,sub,2050,11.41016809
R32SSA-M,urb,inf,sub,2055,11.41016809
R32SSA-M,urb,inf,sub,2060,11.41016809
R32SSA-M,urb,inf,sub,2065,11.41016809
R32SSA-M,urb,inf,sub,2070,11.41016809
R32SSA-M,urb,inf,sub,2075,11.41016809
R32SSA-M,urb,inf,sub,2080,11.41016809
R32SSA-M,urb,inf,sub,2085,11.41016809
R32SSA-M,urb,inf,sub,2090,11.41016809
R32SSA-M,urb,inf,sub,2095,11.41016809
R32SSA-M,urb,inf,sub,2100,11.41016809
R32SSA-M,urb,mfh,perm,2015,11.54659666
R32SSA-M,urb,mfh,perm,2020,14.05224566
R32SSA-M,urb,mfh,perm,2025,16.50700062
R32SSA-M,urb,mfh,perm,2030,16.162280590146576
R32SSA-M,urb,mfh,perm,2035,15.817560560293153
R32SSA-M,urb,mfh,perm,2040,15.472840530439727
R32SSA-M,urb,mfh,perm,2045,15.128120500586304
R32SSA-M,urb,mfh,perm,2050,14.78340047073288
R32SSA-M,urb,mfh,perm,2055,14.78340047073288
R32SSA-M,urb,mfh,perm,2060,14.78340047073288
R32SSA-M,urb,mfh,perm,2065,14.78340047073288
R32SSA-M,urb,mfh,perm,2070,14.78340047073288
R32SSA-M,urb,mfh,perm,2075,14.78340047073288
R32SSA-M,urb,mfh,perm,2080,14.78340047073288
R32SSA-M,urb,mfh,perm,2085,14.78340047073288
R32SSA-M,urb,mfh,perm,2090,14.78340047073288
R32SSA-M,urb,mfh,perm,2095,14.78340047073288
R32SSA-M,urb,mfh,perm,2100,14.78340047073288
R32SSA-M,urb,sfh,perm,2015,12.65929544
R32SSA-M,urb,sfh,perm,2020,15.40640369
R32SSA-M,urb,sfh,perm,2025,18.09771345
R32SSA-M,urb,sfh,perm,2030,17.55739858616386
R32SSA-M,urb,sfh,perm,2035,17.01708372232772
R32SSA-M,urb,sfh,perm,2040,16.476768858491578
R32SSA-M,urb,sfh,perm,2045,15.936453994655437
R32SSA-M,urb,sfh,perm,2050,15.396139130819297
R32SSA-M,urb,sfh,perm,2055,15.396139130819297
R32SSA-M,urb,sfh,perm,2060,15.396139130819297
R32SSA-M,urb,sfh,perm,2065,15.396139130819297
R32SSA-M,urb,sfh,perm,2070,15.396139130819297
R32SSA-M,urb,sfh,perm,2075,15.396139130819297
R32SSA-M,urb,sfh,perm,2080,15.396139130819297
R32SSA-M,urb,sfh,perm,2085,15.396139130819297
R32SSA-M,urb,sfh,perm,2090,15.396139130819297
R32SSA-M,urb,sfh,perm,2095,15.396139130819297
R32SSA-M,urb,sfh,perm,2100,15.396139130819297
R32TUR,rur,mfh,perm,2015,26.62978452
R32TUR,rur,mfh,perm,2020,27.30229593
R32TUR,rur,mfh,perm,2025,27.96973045
R32TUR,rur,mfh,perm,2030,27.348370546808923
R32TUR,rur,mfh,perm,2035,26.727010643617845
R32TUR,rur,mfh,perm,2040,26.105650740426764
R32TUR,rur,mfh,perm,2045,25.484290837235687
R32TUR,rur,mfh,perm,2050,24.86293093404461
R32TUR,rur,mfh,perm,2055,24.86293093404461
R32TUR,rur,mfh,perm,2060,24.86293093404461
R32TUR,rur,mfh,perm,2065,24.86293093404461
R32TUR,rur,mfh,perm,2070,24.86293093404461
R32TUR,rur,mfh,perm,2075,24.86293093404461
R32TUR,rur,mfh,perm,2080,24.86293093404461
R32TUR,rur,mfh,perm,2085,24.86293093404461
R32TUR,rur,mfh,perm,2090,24.86293093404461
R32TUR,rur,mfh,perm,2095,24.86293093404461
R32TUR,rur,mfh,perm,2100,24.86293093404461
R32TUR,rur,sfh,perm,2015,44.51849062
R32TUR,rur,sfh,perm,2020,45.64276532
R32TUR,rur,sfh,perm,2025,46.75855269
R32TUR,rur,sfh,perm,2030,45.214704787096174
R32TUR,rur,sfh,perm,2035,43.67085688419235
R32TUR,rur,sfh,perm,2040,42.127008981288526
R32TUR,rur,sfh,perm,2045,40.5831610783847
R32TUR,rur,sfh,perm,2050,39.03931317548087
R32TUR,rur,sfh,perm,2055,39.03931317548087
R32TUR,rur,sfh,perm,2060,39.03931317548087
R32TUR,rur,sfh,perm,2065,39.03931317548087
R32TUR,rur,sfh,perm,2070,39.03931317548087
R32TUR,rur,sfh,perm,2075,39.03931317548087
R32TUR,rur,sfh,perm,2080,39.03931317548087
R32TUR,rur,sfh,perm,2085,39.03931317548087
R32TUR,rur,sfh,perm,2090,39.03931317548087
R32TUR,rur,sfh,perm,2095,39.03931317548087
R32TUR,rur,sfh,perm,2100,39.03931317548087
R32TUR,urb,mfh,perm,2015,24.23736735
R32TUR,urb,mfh,perm,2020,24.8494604
R32TUR,urb,mfh,perm,2025,25.45693267
R32TUR,urb,mfh,perm,2030,24.925308858261207
R32TUR,urb,mfh,perm,2035,24.393685046522418
R32TUR,urb,mfh,perm,2040,23.862061234783624
R32TUR,urb,mfh,perm,2045,23.330437423044835
R32TUR,urb,mfh,perm,2050,22.79881361130604
R32TUR,urb,mfh,perm,2055,22.79881361130604
R32TUR,urb,mfh,perm,2060,22.79881361130604
R32TUR,urb,mfh,perm,2065,22.79881361130604
R32TUR,urb,mfh,perm,2070,22.79881361130604
R32TUR,urb,mfh,perm,2075,22.79881361130604
R32TUR,urb,mfh,perm,2080,22.79881361130604
R32TUR,urb,mfh,perm,2085,22.79881361130604
R32TUR,urb,mfh,perm,2090,22.79881361130604
R32TUR,urb,mfh,perm,2095,22.79881361130604
R32TUR,urb,mfh,perm,2100,22.79881361130604
R32TUR,urb,sfh,perm,2015,42.34008207
R32TUR,urb,sfh,perm,2020,43.40934301
R32TUR,urb,sfh,perm,2025,44.47053193
R32TUR,urb,sfh,perm,2030,43.14284545342587
R32TUR,urb,sfh,perm,2035,41.81515897685174
R32TUR,urb,sfh,perm,2040,40.48747250027762
R32TUR,urb,sfh,perm,2045,39.15978602370349
R32TUR,urb,sfh,perm,2050,37.83209954712936
R32TUR,urb,sfh,perm,2055,37.83209954712936
R32TUR,urb,sfh,perm,2060,37.83209954712936
R32TUR,urb,sfh,perm,2065,37.83209954712936
R32TUR,urb,sfh,perm,2070,37.83209954712936
R32TUR,urb,sfh,perm,2075,37.83209954712936
R32TUR,urb,sfh,perm,2080,37.83209954712936
R32TUR,urb,sfh,perm,2085,37.83209954712936
R32TUR,urb,sfh,perm,2090,37.83209954712936
R32TUR,urb,sfh,perm,2095,37.83209954712936
R32TUR,urb,sfh,perm,2100,37.83209954712936
R32USA,rur,mfh,perm,2015,29.72483696
R32USA,rur,mfh,perm,2020,29.57515545
R32USA,rur,mfh,perm,2025,29.42270618
R32USA,rur,mfh,perm,2030,28.76906777986217
R32USA,rur,mfh,perm,2035,28.11542937972434
R32USA,rur,mfh,perm,2040,27.46179097958651
R32USA,rur,mfh,perm,2045,26.80815257944868
R32USA,rur,mfh,perm,2050,26.15451417931085
R32USA,rur,mfh,perm,2055,26.15451417931085
R32USA,rur,mfh,perm,2060,26.15451417931085
R32USA,rur,mfh,perm,2065,26.15451417931085
R32USA,rur,mfh,perm,2070,26.15451417931085
R32USA,rur,mfh,perm,2075,26.15451417931085
R32USA,rur,mfh,perm,2080,26.15451417931085
R32USA,rur,mfh,perm,2085,26.15451417931085
R32USA,rur,mfh,perm,2090,26.15451417931085
R32USA,rur,mfh,perm,2095,26.15451417931085
R32USA,rur,mfh,perm,2100,26.15451417931085
R32USA,rur,sfh,perm,2015,78.323591
R32USA,rur,sfh,perm,2020,77.92918706
R32USA,rur,sfh,perm,2025,77.52749016
R32USA,rur,sfh,perm,2030,74.96773058201566
R32USA,rur,sfh,perm,2035,72.40797100403131
R32USA,rur,sfh,perm,2040,69.84821142604697
R32USA,rur,sfh,perm,2045,67.28845184806264
R32USA,rur,sfh,perm,2050,64.72869227007828
R32USA,rur,sfh,perm,2055,64.72869227007828
R32USA,rur,sfh,perm,2060,64.72869227007828
R32USA,rur,sfh,perm,2065,64.72869227007828
R32USA,rur,sfh,perm,2070,64.72869227007828
R32USA,rur,sfh,perm,2075,64.72869227007828
R32USA,rur,sfh,perm,2080,64.72869227007828
R32USA,rur,sfh,perm,2085,64.72869227007828
R32USA,rur,sfh,perm,2090,64.72869227007828
R32USA,rur,sfh,perm,2095,64.72869227007828
R32USA,rur,sfh,perm,2100,64.72869227007828
R32USA,urb,mfh,perm,2015,30.71017524
R32USA,urb,mfh,perm,2020,30.55466653
R32USA,urb,mfh,perm,2025,30.39640426
R32USA,urb,mfh,perm,2030,29.76162816559261
R32USA,urb,mfh,perm,2035,29.126852071185223
R32USA,urb,mfh,perm,2040,28.492075976777837
R32USA,urb,mfh,perm,2045,27.857299882370448
R32USA,urb,mfh,perm,2050,27.22252378796306
R32USA,urb,mfh,perm,2055,27.22252378796306
R32USA,urb,mfh,perm,2060,27.22252378796306
R32USA,urb,mfh,perm,2065,27.22252378796306
R32USA,urb,mfh,perm,2070,27.22252378796306
R32USA,urb,mfh,perm,2075,27.22252378796306
R32USA,urb,mfh,perm,2080,27.22252378796306
R32USA,urb,mfh,perm,2085,27.22252378796306
R32USA,urb,mfh,perm,2090,27.22252378796306
R32USA,urb,mfh,perm,2095,27.22252378796306
R32USA,urb,mfh,perm,2100,27.22252378796306
R32USA,urb,sfh,perm,2015,78.6691033
R32USA,urb,sfh,perm,2020,78.27074247
R32USA,urb,sfh,perm,2025,77.86532795
R32USA,urb,sfh,perm,2030,75.54062576123478
R32USA,urb,sfh,perm,2035,73.21592357246956
R32USA,urb,sfh,perm,2040,70.89122138370433
R32USA,urb,sfh,perm,2045,68.56651919493912
R32USA,urb,sfh,perm,2050,66.2418170061739
R32USA,urb,sfh,perm,2055,66.2418170061739
R32USA,urb,sfh,perm,2060,66.2418170061739
R32USA,urb,sfh,perm,2065,66.2418170061739
R32USA,urb,sfh,perm,2070,66.2418170061739
R32USA,urb,sfh,perm,2075,66.2418170061739
R32USA,urb,sfh,perm,2080,66.2418170061739
R32USA,urb,sfh,perm,2085,66.2418170061739
R32USA,urb,sfh,perm,2090,66.2418170061739
R32USA,urb,sfh,perm,2095,66.2418170061739
R32USA,urb,sfh,perm,2100,66.2418170061739
