region_bld,urt,arch,year,value
C-EEU-BGR,rur,mfh,2015,2.349810591497533
C-EEU-BGR,rur,mfh,2020,2.348969598325993
C-EEU-BGR,rur,mfh,2025,2.3482580376528848
C-EEU-BGR,rur,mfh,2030,2.347689913395614
C-EEU-BGR,rur,mfh,2035,2.347272711411659
C-EEU-BGR,rur,mfh,2040,2.3470063422030107
C-EEU-BGR,rur,mfh,2045,2.34688275835249
C-EEU-BGR,rur,mfh,2050,2.3468862826078696
C-EEU-BGR,rur,mfh,2055,2.3469945413799764
C-EEU-BGR,rur,mfh,2060,2.3471797829325753
C-EEU-BGR,rur,mfh,2065,2.3474102968875195
C-EEU-BGR,rur,mfh,2070,2.347651647018368
C-EEU-BGR,rur,mfh,2075,2.347867466000243
C-EEU-BGR,rur,mfh,2080,2.3480196084764917
C-EEU-BGR,rur,mfh,2085,2.3480674827865546
C-EEU-BGR,rur,mfh,2090,2.347966346579689
C-EEU-BGR,rur,mfh,2095,2.347664214363509
C-EEU-BGR,rur,mfh,2100,2.347096712329509
C-EEU-BGR,rur,sfh,2015,2.6465546455750726
C-EEU-BGR,rur,sfh,2020,2.6491770824738956
C-EEU-BGR,rur,sfh,2025,2.651469141632344
C-EEU-BGR,rur,sfh,2030,2.653388760064534
C-EEU-BGR,rur,sfh,2035,2.654911099588892
C-EEU-BGR,rur,sfh,2040,2.6560318075334126
C-EEU-BGR,rur,sfh,2045,2.656768492278922
C-EEU-BGR,rur,sfh,2050,2.657160263989745
C-EEU-BGR,rur,sfh,2055,2.6572655795745597
C-EEU-BGR,rur,sfh,2060,2.6571589621443814
C-EEU-BGR,rur,sfh,2065,2.6569273603560686
C-EEU-BGR,rur,sfh,2070,2.656666951975391
C-EEU-BGR,rur,sfh,2075,2.656481119684796
C-EEU-BGR,rur,sfh,2080,2.6564802174404907
C-EEU-BGR,rur,sfh,2085,2.656783700833211
C-EEU-BGR,rur,sfh,2090,2.65752532017472
C-EEU-BGR,rur,sfh,2095,2.6588625032873243
C-EEU-BGR,rur,sfh,2100,2.66099201570159
C-EEU-BGR,sub,mfh,2015,2.454419298501542
C-EEU-BGR,sub,mfh,2020,2.454518596495977
C-EEU-BGR,sub,mfh,2025,2.45463922690108
C-EEU-BGR,sub,mfh,2030,2.4547803165439794
C-EEU-BGR,sub,mfh,2035,2.4549408830092894
C-EEU-BGR,sub,mfh,2040,2.4551197517532075
C-EEU-BGR,sub,mfh,2045,2.4553154641680512
C-EEU-BGR,sub,mfh,2050,2.4555261761715528
C-EEU-BGR,sub,mfh,2055,2.4557495484181366
C-EEU-BGR,sub,mfh,2060,2.455982631423842
C-EEU-BGR,sub,mfh,2065,2.4562217518967726
C-EEU-BGR,sub,mfh,2070,2.456462410400907
C-EEU-BGR,sub,mfh,2075,2.456699204973042
C-EEU-BGR,sub,mfh,2080,2.4569257999357506
C-EEU-BGR,sub,mfh,2085,2.4571349628997563
C-EEU-BGR,sub,mfh,2090,2.4573186942822023
C-EEU-BGR,sub,mfh,2095,2.4574684706202943
C-EEU-BGR,sub,mfh,2100,2.4575756135876263
C-EEU-BGR,sub,sfh,2015,2.7675258115421144
C-EEU-BGR,sub,sfh,2020,2.7680831406068966
C-EEU-BGR,sub,sfh,2025,2.768590493916383
C-EEU-BGR,sub,sfh,2030,2.769053372235258
C-EEU-BGR,sub,sfh,2035,2.769476975707981
C-EEU-BGR,sub,sfh,2040,2.769866338605418
C-EEU-BGR,sub,sfh,2045,2.770226452344924
C-EEU-BGR,sub,sfh,2050,2.770562377387812
C-EEU-BGR,sub,sfh,2055,2.7708793424529006
C-EEU-BGR,sub,sfh,2060,2.7711828270566157
C-EEU-BGR,sub,sfh,2065,2.77147862071041
C-EEU-BGR,sub,sfh,2070,2.7717728493392877
C-EEU-BGR,sub,sfh,2075,2.772071957017561
C-EEU-BGR,sub,sfh,2080,2.7723826296218843
C-EEU-BGR,sub,sfh,2085,2.772711647450918
C-EEU-BGR,sub,sfh,2090,2.77306565743491
C-EEU-BGR,sub,sfh,2095,2.7734508633604493
C-EEU-BGR,sub,sfh,2100,2.773872645083989
C-EEU-BGR,urb,mfh,2015,2.11050982863998
C-EEU-BGR,urb,mfh,2020,2.1107279741534466
C-EEU-BGR,urb,mfh,2025,2.110974672277799
C-EEU-BGR,urb,mfh,2030,2.111250509146607
C-EEU-BGR,urb,mfh,2035,2.1115559621899105
C-EEU-BGR,urb,mfh,2040,2.111891175953619
C-EEU-BGR,urb,mfh,2045,2.1122556643251302
C-EEU-BGR,urb,mfh,2050,2.112647915242413
C-EEU-BGR,urb,mfh,2055,2.1130648758669346
C-EEU-BGR,urb,mfh,2060,2.1135013057760186
C-EEU-BGR,urb,mfh,2065,2.1139490095467433
C-EEU-BGR,urb,mfh,2070,2.1143960066855527
C-EEU-BGR,urb,mfh,2075,2.1148257740213725
C-EEU-BGR,urb,mfh,2080,2.1152168032864855
C-EEU-BGR,urb,mfh,2085,2.1155428331353745
C-EEU-BGR,urb,mfh,2090,2.115774181087423
C-EEU-BGR,urb,mfh,2095,2.115880515898302
C-EEU-BGR,urb,mfh,2100,2.115835069113199
C-EEU-BGR,urb,sfh,2015,2.5801157733901805
C-EEU-BGR,urb,sfh,2020,2.5799444138753387
C-EEU-BGR,urb,sfh,2025,2.5797156428973724
C-EEU-BGR,urb,sfh,2030,2.5794300800533483
C-EEU-BGR,urb,sfh,2035,2.579088093753616
C-EEU-BGR,urb,sfh,2040,2.578690182042241
C-EEU-BGR,urb,sfh,2045,2.5782374462323285
C-EEU-BGR,urb,sfh,2050,2.5777321992695192
C-EEU-BGR,urb,sfh,2055,2.5771787484697626
C-EEU-BGR,urb,sfh,2060,2.576584379799405
C-EEU-BGR,urb,sfh,2065,2.5759605382611412
C-EEU-BGR,urb,sfh,2070,2.5753241329845813
C-EEU-BGR,urb,sfh,2075,2.5746987832277783
C-EEU-BGR,urb,sfh,2080,2.5741156600311927
C-EEU-BGR,urb,sfh,2085,2.5736133953814164
C-EEU-BGR,urb,sfh,2090,2.573236409956701
C-EEU-BGR,urb,sfh,2095,2.573031101135479
C-EEU-BGR,urb,sfh,2100,2.5730398010858337
C-EEU-CZE,rur,mfh,2015,2.2641559452796227
C-EEU-CZE,rur,mfh,2020,2.2641829508876175
C-EEU-CZE,rur,mfh,2025,2.2642296716577093
C-EEU-CZE,rur,mfh,2030,2.264294423424539
C-EEU-CZE,rur,mfh,2035,2.2643760459796036
C-EEU-CZE,rur,mfh,2040,2.2644736714990747
C-EEU-CZE,rur,mfh,2045,2.2645865356971386
C-EEU-CZE,rur,mfh,2050,2.2647138053501155
C-EEU-CZE,rur,mfh,2055,2.2648544066233938
C-EEU-CZE,rur,mfh,2060,2.26500684682475
C-EEU-CZE,rur,mfh,2065,2.2651690304442287
C-EEU-CZE,rur,mfh,2070,2.2653380801806016
C-EEU-CZE,rur,mfh,2075,2.2655101855933975
C-EEU-CZE,rur,mfh,2080,2.2656805149845862
C-EEU-CZE,rur,mfh,2085,2.2658432367479615
C-EEU-CZE,rur,mfh,2090,2.2659916987795796
C-EEU-CZE,rur,mfh,2095,2.2661188011827686
C-EEU-CZE,rur,mfh,2100,2.2662175629416756
C-EEU-CZE,rur,sfh,2015,2.8826466317176616
C-EEU-CZE,rur,sfh,2020,2.8825352044959214
C-EEU-CZE,rur,sfh,2025,2.8824509642779987
C-EEU-CZE,rur,sfh,2030,2.882388001014805
C-EEU-CZE,rur,sfh,2035,2.882341597142881
C-EEU-CZE,rur,sfh,2040,2.882307762853337
C-EEU-CZE,rur,sfh,2045,2.8822829109535766
C-EEU-CZE,rur,sfh,2050,2.8822636197979667
C-EEU-CZE,rur,sfh,2055,2.882246457663523
C-EEU-CZE,rur,sfh,2060,2.8822278579406198
C-EEU-CZE,rur,sfh,2065,2.8822040460191634
C-EEU-CZE,rur,sfh,2070,2.882171027476545
C-EEU-CZE,rur,sfh,2075,2.882124652940193
C-EEU-CZE,rur,sfh,2080,2.8820607760957415
C-EEU-CZE,rur,sfh,2085,2.8819755149677095
C-EEU-CZE,rur,sfh,2090,2.881865610141208
C-EEU-CZE,rur,sfh,2095,2.8817288466440942
C-EEU-CZE,rur,sfh,2100,2.8815644734623507
C-EEU-CZE,sub,mfh,2015,2.0606313179718234
C-EEU-CZE,sub,mfh,2020,2.06061631348951
C-EEU-CZE,sub,mfh,2025,2.060646165143134
C-EEU-CZE,sub,mfh,2030,2.060715311263861
C-EEU-CZE,sub,mfh,2035,2.0608188025773186
C-EEU-CZE,sub,mfh,2040,2.060952001672437
C-EEU-CZE,sub,mfh,2045,2.0611103294905466
C-EEU-CZE,sub,mfh,2050,2.061289044009732
C-EEU-CZE,sub,mfh,2055,2.06148304375287
C-EEU-CZE,sub,mfh,2060,2.061686695045603
C-EEU-CZE,sub,mfh,2065,2.061893687802074
C-EEU-CZE,sub,mfh,2070,2.062096930278851
C-EEU-CZE,sub,mfh,2075,2.0622884985209184
C-EEU-CZE,sub,mfh,2080,2.062459660444271
C-EEU-CZE,sub,mfh,2085,2.0626009964545435
C-EEU-CZE,sub,mfh,2090,2.0627026365606245
C-EEU-CZE,sub,mfh,2095,2.0627546263686227
C-EEU-CZE,sub,mfh,2100,2.062747419912554
C-EEU-CZE,sub,sfh,2015,2.6477214738514863
C-EEU-CZE,sub,sfh,2020,2.6477469024486764
C-EEU-CZE,sub,sfh,2025,2.6477300286475356
C-EEU-CZE,sub,sfh,2030,2.647676071230994
C-EEU-CZE,sub,sfh,2035,2.647589650855015
C-EEU-CZE,sub,sfh,2040,2.6474750718914173
C-EEU-CZE,sub,sfh,2045,2.647336559464665
C-EEU-CZE,sub,sfh,2050,2.647178465900579
C-EEU-CZE,sub,sfh,2055,2.6470054538302006
C-EEU-CZE,sub,sfh,2060,2.6468226573377316
C-EEU-CZE,sub,sfh,2065,2.6466358171300364
C-EEU-CZE,sub,sfh,2070,2.6464513804792626
C-EEU-CZE,sub,sfh,2075,2.6462765518035662
C-EEU-CZE,sub,sfh,2080,2.6461192758104786
C-EEU-CZE,sub,sfh,2085,2.6459881332165196
C-EEU-CZE,sub,sfh,2090,2.645892130655538
C-EEU-CZE,sub,sfh,2095,2.6458403730887317
C-EEU-CZE,sub,sfh,2100,2.645841619972626
C-EEU-CZE,urb,mfh,2015,1.914558482559254
C-EEU-CZE,urb,mfh,2020,1.9145338241745464
C-EEU-CZE,urb,mfh,2025,1.914564129236391
C-EEU-CZE,urb,mfh,2030,1.9146428365834047
C-EEU-CZE,urb,mfh,2035,1.9147644068132725
C-EEU-CZE,urb,mfh,2040,1.9149238326854274
C-EEU-CZE,urb,mfh,2045,1.9151162248998432
C-EEU-CZE,urb,mfh,2050,1.9153364393854366
C-EEU-CZE,urb,mfh,2055,1.915578727983621
C-EEU-CZE,urb,mfh,2060,1.91583640809813
C-EEU-CZE,urb,mfh,2065,1.9161015608999552
C-EEU-CZE,urb,mfh,2070,1.9163647832123945
C-EEU-CZE,urb,mfh,2075,1.9166150350164042
C-EEU-CZE,urb,mfh,2080,1.9168396403764718
C-EEU-CZE,urb,mfh,2085,1.917024509656022
C-EEU-CZE,urb,mfh,2090,1.917154647686974
C-EEU-CZE,urb,mfh,2095,1.9172149873708053
C-EEU-CZE,urb,mfh,2100,1.9171915347869395
C-EEU-CZE,urb,sfh,2015,2.6032191060740955
C-EEU-CZE,urb,sfh,2020,2.6032480464381034
C-EEU-CZE,urb,sfh,2025,2.6032138666749933
C-EEU-CZE,urb,sfh,2030,2.6031240723942006
C-EEU-CZE,urb,sfh,2035,2.60298499296711
C-EEU-CZE,urb,sfh,2040,2.602802342648493
C-EEU-CZE,urb,sfh,2045,2.6025816952920104
C-EEU-CZE,urb,sfh,2050,2.602328911592804
C-EEU-CZE,urb,sfh,2055,2.6020505397564144
C-EEU-CZE,urb,sfh,2060,2.601754194835475
C-EEU-CZE,urb,sfh,2065,2.6014489059366475
C-EEU-CZE,urb,sfh,2070,2.601145402707155
C-EEU-CZE,urb,sfh,2075,2.600856293217989
C-EEU-CZE,urb,sfh,2080,2.600596067104708
C-EEU-CZE,urb,sfh,2085,2.6003808461234907
C-EEU-CZE,urb,sfh,2090,2.600227807690564
C-EEU-CZE,urb,sfh,2095,2.600154235496244
C-EEU-CZE,urb,sfh,2100,2.600176212131077
C-EEU-EST,rur,mfh,2015,2.1803941539441
C-EEU-EST,rur,mfh,2020,2.1806804798594124
C-EEU-EST,rur,mfh,2025,2.181615826221936
C-EEU-EST,rur,mfh,2030,2.183124465049891
C-EEU-EST,rur,mfh,2035,2.185149996177905
C-EEU-EST,rur,mfh,2040,2.1876429374960473
C-EEU-EST,rur,mfh,2045,2.1905492897643013
C-EEU-EST,rur,mfh,2050,2.1937983442743065
C-EEU-EST,rur,mfh,2055,2.197288707516145
C-EEU-EST,rur,mfh,2060,2.200872431905099
C-EEU-EST,rur,mfh,2065,2.204338727330953
C-EEU-EST,rur,mfh,2070,2.207401364357846
C-EEU-EST,rur,mfh,2075,2.2096974681647783
C-EEU-EST,rur,mfh,2080,2.2108085482268334
C-EEU-EST,rur,mfh,2085,2.2103138194736642
C-EEU-EST,rur,mfh,2090,2.2078764001633084
C-EEU-EST,rur,mfh,2095,2.2033434841584345
C-EEU-EST,rur,mfh,2100,2.196821116578189
C-EEU-EST,rur,sfh,2015,2.4375529704045698
C-EEU-EST,rur,sfh,2020,2.4378706887427897
C-EEU-EST,rur,sfh,2025,2.4391013626887856
C-EEU-EST,rur,sfh,2030,2.441142873322853
C-EEU-EST,rur,sfh,2035,2.4439213479007678
C-EEU-EST,rur,sfh,2040,2.4473741627050605
C-EEU-EST,rur,sfh,2045,2.4514343474529148
C-EEU-EST,rur,sfh,2050,2.4560139250083646
C-EEU-EST,rur,sfh,2055,2.460984651599458
C-EEU-EST,rur,sfh,2060,2.4661558152319913
C-EEU-EST,rur,sfh,2065,2.471250852468276
C-EEU-EST,rur,sfh,2070,2.475888122022706
C-EEU-EST,rur,sfh,2075,2.479576188167995
C-EEU-EST,rur,sfh,2080,2.4817386429552206
C-EEU-EST,rur,sfh,2085,2.481783130414969
C-EEU-EST,rur,sfh,2090,2.479217135261527
C-EEU-EST,rur,sfh,2095,2.473786771878039
C-EEU-EST,rur,sfh,2100,2.4655857633835963
C-EEU-EST,sub,mfh,2015,2.455125926863117
C-EEU-EST,sub,mfh,2020,2.4549711853722616
C-EEU-EST,sub,mfh,2025,2.4552608960918483
C-EEU-EST,sub,mfh,2030,2.455923051718516
C-EEU-EST,sub,mfh,2035,2.456890170288222
C-EEU-EST,sub,mfh,2040,2.4580960052074072
C-EEU-EST,sub,mfh,2045,2.4594728276707625
C-EEU-EST,sub,mfh,2050,2.4609491832701664
C-EEU-EST,sub,mfh,2055,2.462448113596442
C-EEU-EST,sub,mfh,2060,2.46388590904749
C-EEU-EST,sub,mfh,2065,2.4651715232588094
C-EEU-EST,sub,mfh,2070,2.466206828490207
C-EEU-EST,sub,mfh,2075,2.4668879148909326
C-EEU-EST,sub,mfh,2080,2.4671076200130044
C-EEU-EST,sub,mfh,2085,2.4667594017749668
C-EEU-EST,sub,mfh,2090,2.465742526048355
C-EEU-EST,sub,mfh,2095,2.4639683296698873
C-EEU-EST,sub,mfh,2100,2.4613670633995595
C-EEU-EST,sub,sfh,2015,2.7538390952890035
C-EEU-EST,sub,sfh,2020,2.7536595343714323
C-EEU-EST,sub,sfh,2025,2.7539897168667404
C-EEU-EST,sub,sfh,2030,2.75474476753703
C-EEU-EST,sub,sfh,2035,2.7558449369080527
C-EEU-EST,sub,sfh,2040,2.757211780478277
C-EEU-EST,sub,sfh,2045,2.758765011752521
C-EEU-EST,sub,sfh,2050,2.7604199180392284
C-EEU-EST,sub,sfh,2055,2.7620853317516323
C-EEU-EST,sub,sfh,2060,2.763662237655198
C-EEU-EST,sub,sfh,2065,2.7650431706353387
C-EEU-EST,sub,sfh,2070,2.7661126141065813
C-EEU-EST,sub,sfh,2075,2.766748634202335
C-EEU-EST,sub,sfh,2080,2.7668259619958437
C-EEU-EST,sub,sfh,2085,2.766220646153324
C-EEU-EST,sub,sfh,2090,2.7648162278920694
C-EEU-EST,sub,sfh,2095,2.762511140578727
C-EEU-EST,sub,sfh,2100,2.759226735387817
C-EEU-EST,urb,mfh,2015,2.1707182982004927
C-EEU-EST,urb,mfh,2020,2.1707192883693414
C-EEU-EST,urb,mfh,2025,2.1707172084133863
C-EEU-EST,urb,mfh,2030,2.1707121023297473
C-EEU-EST,urb,mfh,2035,2.1707040014040775
C-EEU-EST,urb,mfh,2040,2.170692924253265
C-EEU-EST,urb,mfh,2045,2.1706788767345624
C-EEU-EST,urb,mfh,2050,2.1706618517164302
C-EEU-EST,urb,mfh,2055,2.1706418287034666
C-EEU-EST,urb,mfh,2060,2.1706187733045614
C-EEU-EST,urb,mfh,2065,2.170592636529738
C-EEU-EST,urb,mfh,2070,2.170563353896918
C-EEU-EST,urb,mfh,2075,2.1705308443248272
C-EEU-EST,urb,mfh,2080,2.1704950087822925
C-EEU-EST,urb,mfh,2085,2.1704557286569366
C-EEU-EST,urb,mfh,2090,2.170412863797423
C-EEU-EST,urb,mfh,2095,2.170366250172459
C-EEU-EST,urb,mfh,2100,2.1703156970761013
C-EEU-EST,urb,sfh,2015,2.523120980774059
C-EEU-EST,urb,sfh,2020,2.52312606468872
C-EEU-EST,urb,sfh,2025,2.5231153853802466
C-EEU-EST,urb,sfh,2030,2.523089168747081
C-EEU-EST,urb,sfh,2035,2.523047575422019
C-EEU-EST,urb,sfh,2040,2.522990700991455
C-EEU-EST,urb,sfh,2045,2.5229185755288195
C-EEU-EST,urb,sfh,2050,2.522831162417993
C-EEU-EST,urb,sfh,2055,2.522728356427559
C-EEU-EST,urb,sfh,2060,2.522609980980085
C-EEU-EST,urb,sfh,2065,2.522475784541847
C-EEU-EST,urb,sfh,2070,2.5223254360366023
C-EEU-EST,urb,sfh,2075,2.5221585191613323
C-EEU-EST,urb,sfh,2080,2.521974525451207
C-EEU-EST,urb,sfh,2085,2.5217728459038296
C-EEU-EST,urb,sfh,2090,2.5215527609273543
C-EEU-EST,urb,sfh,2095,2.5213134283208727
C-EEU-EST,urb,sfh,2100,2.521053868925386
C-EEU-HRV,rur,mfh,2015,2.568917562455601
C-EEU-HRV,rur,mfh,2020,2.5685108153445704
C-EEU-HRV,rur,mfh,2025,2.568230120446537
C-EEU-HRV,rur,mfh,2030,2.568069464550879
C-EEU-HRV,rur,mfh,2035,2.5680203098755774
C-EEU-HRV,rur,mfh,2040,2.568071482694601
C-EEU-HRV,rur,mfh,2045,2.5682091057616634
C-EEU-HRV,rur,mfh,2050,2.568416577194009
C-EEU-HRV,rur,mfh,2055,2.5686745959705997
C-EEU-HRV,rur,mfh,2060,2.568961231401472
C-EEU-HRV,rur,mfh,2065,2.5692520310061924
C-EEU-HRV,rur,mfh,2070,2.5695201583810325
C-EEU-HRV,rur,mfh,2075,2.569736550011791
C-EEU-HRV,rur,mfh,2080,2.5698700777475905
C-EEU-HRV,rur,mfh,2085,2.5698877018859516
C-EEU-HRV,rur,mfh,2090,2.569754598560308
C-EEU-HRV,rur,mfh,2095,2.5694342443215534
C-EEU-HRV,rur,mfh,2100,2.568888440340507
C-EEU-HRV,rur,sfh,2015,3.0444420995931045
C-EEU-HRV,rur,sfh,2020,3.0480923025698683
C-EEU-HRV,rur,sfh,2025,3.0513491964670867
C-EEU-HRV,rur,sfh,2030,3.054209628547941
C-EEU-HRV,rur,sfh,2035,3.0566766360469653
C-EEU-HRV,rur,sfh,2040,3.058759997719076
C-EEU-HRV,rur,sfh,2045,3.06047668505876
C-EEU-HRV,rur,sfh,2050,3.0618511965454744
C-EEU-HRV,rur,sfh,2055,3.0629157637976823
C-EEU-HRV,rur,sfh,2060,3.0637104253440235
C-EEU-HRV,rur,sfh,2065,3.0642829714746136
C-EEU-HRV,rur,sfh,2070,3.0646887718531355
C-EEU-HRV,rur,sfh,2075,3.064990505743808
C-EEU-HRV,rur,sfh,2080,3.0652578223477125
C-EEU-HRV,rur,sfh,2085,3.065566965443808
C-EEU-HRV,rur,sfh,2090,3.0660004020236853
C-EEU-HRV,rur,sfh,2095,3.0666464988107274
C-EEU-HRV,rur,sfh,2100,3.067599293587291
C-EEU-HRV,sub,mfh,2015,2.4758506277289523
C-EEU-HRV,sub,mfh,2020,2.475475876949463
C-EEU-HRV,sub,mfh,2025,2.4750947155782432
C-EEU-HRV,sub,mfh,2030,2.474707922669894
C-EEU-HRV,sub,mfh,2035,2.4743171134395885
C-EEU-HRV,sub,mfh,2040,2.4739249106117422
C-EEU-HRV,sub,mfh,2045,2.473535149654925
C-EEU-HRV,sub,mfh,2050,2.473153109023163
C-EEU-HRV,sub,mfh,2055,2.4727857478360824
C-EEU-HRV,sub,mfh,2060,2.472441920595058
C-EEU-HRV,sub,mfh,2065,2.472132521548247
C-EEU-HRV,sub,mfh,2070,2.4718704917224548
C-EEU-HRV,sub,mfh,2075,2.4716706037003022
C-EEU-HRV,sub,mfh,2080,2.47154893104246
C-EEU-HRV,sub,mfh,2085,2.4715219228487806
C-EEU-HRV,sub,mfh,2090,2.471605052699097
C-EEU-HRV,sub,mfh,2095,2.4718111032380996
C-EEU-HRV,sub,mfh,2100,2.4721482755553144
C-EEU-HRV,sub,sfh,2015,2.9917840402582643
C-EEU-HRV,sub,sfh,2020,2.9920014872067004
C-EEU-HRV,sub,sfh,2025,2.992123371839214
C-EEU-HRV,sub,sfh,2030,2.9921566241747075
C-EEU-HRV,sub,sfh,2035,2.9921073753792977
C-EEU-HRV,sub,sfh,2040,2.9919814751229525
C-EEU-HRV,sub,sfh,2045,2.9917850158372463
C-EEU-HRV,sub,sfh,2050,2.9915248852142495
C-EEU-HRV,sub,sfh,2055,2.9912093559135338
C-EEU-HRV,sub,sfh,2060,2.99084870417552
C-EEU-HRV,sub,sfh,2065,2.9904558244963635
C-EEU-HRV,sub,sfh,2070,2.9900467745505948
C-EEU-HRV,sub,sfh,2075,2.989641144927401
C-EEU-HRV,sub,sfh,2080,2.9892621090615195
C-EEU-HRV,sub,sfh,2085,2.988935984590955
C-EEU-HRV,sub,sfh,2090,2.988691150313424
C-EEU-HRV,sub,sfh,2095,2.988556237019079
C-EEU-HRV,sub,sfh,2100,2.9885576587903016
C-EEU-HRV,urb,mfh,2015,2.2239699075057846
C-EEU-HRV,urb,mfh,2020,2.2231681301460178
C-EEU-HRV,urb,mfh,2025,2.222382888838525
C-EEU-HRV,urb,mfh,2030,2.221613184296473
C-EEU-HRV,urb,mfh,2035,2.2208597872494953
C-EEU-HRV,urb,mfh,2040,2.2201254395157557
C-EEU-HRV,urb,mfh,2045,2.2194151236604496
C-EEU-HRV,urb,mfh,2050,2.2187363813799865
C-EEU-HRV,urb,mfh,2055,2.2180996462451343
C-EEU-HRV,urb,mfh,2060,2.2175185341845878
C-EEU-HRV,urb,mfh,2065,2.217010005185723
C-EEU-HRV,urb,mfh,2070,2.2165942751745815
C-EEU-HRV,urb,mfh,2075,2.2162943263000843
C-EEU-HRV,urb,mfh,2080,2.2161348528715523
C-EEU-HRV,urb,mfh,2085,2.216140512609017
C-EEU-HRV,urb,mfh,2090,2.216333454359077
C-EEU-HRV,urb,mfh,2095,2.2167302774063424
C-EEU-HRV,urb,mfh,2100,2.2173388232493596
C-EEU-HRV,urb,sfh,2015,2.942461061689608
C-EEU-HRV,urb,sfh,2020,2.942726578835128
C-EEU-HRV,urb,sfh,2025,2.9428997322887445
C-EEU-HRV,urb,sfh,2030,2.9429829365672995
C-EEU-HRV,urb,sfh,2035,2.942977477902283
C-EEU-HRV,urb,sfh,2040,2.9428838650906197
C-EEU-HRV,urb,sfh,2045,2.94270221982939
C-EEU-HRV,urb,sfh,2050,2.9424327401407298
C-EEU-HRV,urb,sfh,2055,2.942076267618103
C-EEU-HRV,urb,sfh,2060,2.941634981511085
C-EEU-HRV,urb,sfh,2065,2.941113225844842
C-EEU-HRV,urb,sfh,2070,2.9405184449905963
C-EEU-HRV,urb,sfh,2075,2.939862154514477
C-EEU-HRV,urb,sfh,2080,2.93916080820466
C-EEU-HRV,urb,sfh,2085,2.9384363487413174
C-EEU-HRV,urb,sfh,2090,2.937716172744534
C-EEU-HRV,urb,sfh,2095,2.937032239965917
C-EEU-HRV,urb,sfh,2100,2.936419154316626
C-EEU-HUN,rur,mfh,2015,2.1613444219151345
C-EEU-HUN,rur,mfh,2020,2.162206039165329
C-EEU-HUN,rur,mfh,2025,2.1630371077439805
C-EEU-HUN,rur,mfh,2030,2.1638467243879633
C-EEU-HUN,rur,mfh,2035,2.164643081628793
C-EEU-HUN,rur,mfh,2040,2.1654336283199584
C-EEU-HUN,rur,mfh,2045,2.166225142265146
C-EEU-HUN,rur,mfh,2050,2.1670237057412876
C-EEU-HUN,rur,mfh,2055,2.1678345633133467
C-EEU-HUN,rur,mfh,2060,2.1686618293900897
C-EEU-HUN,rur,mfh,2065,2.169508001674347
C-EEU-HUN,rur,mfh,2070,2.170373229776762
C-EEU-HUN,rur,mfh,2075,2.1712542940131696
C-EEU-HUN,rur,mfh,2080,2.1721432828194867
C-EEU-HUN,rur,mfh,2085,2.173026041300277
C-EEU-HUN,rur,mfh,2090,2.1738806248039833
C-EEU-HUN,rur,mfh,2095,2.1746762421603627
C-EEU-HUN,rur,mfh,2100,2.1753734699263805
C-EEU-HUN,rur,sfh,2015,2.806954039138728
C-EEU-HUN,rur,sfh,2020,2.8083387267622806
C-EEU-HUN,rur,sfh,2025,2.8097247471924973
C-EEU-HUN,rur,sfh,2030,2.8111233896906964
C-EEU-HUN,rur,sfh,2035,2.812544689303508
C-EEU-HUN,rur,sfh,2040,2.8139973562203764
C-EEU-HUN,rur,sfh,2045,2.8154885103415888
C-EEU-HUN,rur,sfh,2050,2.8170231745532615
C-EEU-HUN,rur,sfh,2055,2.818603459823662
C-EEU-HUN,rur,sfh,2060,2.8202273567584517
C-EEU-HUN,rur,sfh,2065,2.8218870385874357
C-EEU-HUN,rur,sfh,2070,2.823566594277981
C-EEU-HUN,rur,sfh,2075,2.8252391741118004
C-EEU-HUN,rur,sfh,2080,2.8268636855049225
C-EEU-HUN,rur,sfh,2085,2.828381477826183
C-EEU-HUN,rur,sfh,2090,2.829713943534546
C-EEU-HUN,rur,sfh,2095,2.8307626062393876
C-EEU-HUN,rur,sfh,2100,2.8314138433849174
C-EEU-HUN,sub,mfh,2015,2.073480005137418
C-EEU-HUN,sub,mfh,2020,2.073560904067945
C-EEU-HUN,sub,mfh,2025,2.0736489761556705
C-EEU-HUN,sub,mfh,2030,2.0737456411876063
C-EEU-HUN,sub,mfh,2035,2.0738523713964936
C-EEU-HUN,sub,mfh,2040,2.0739707011010893
C-EEU-HUN,sub,mfh,2045,2.0741022360634025
C-EEU-HUN,sub,mfh,2050,2.0742486626072902
C-EEU-HUN,sub,mfh,2055,2.074411756515773
C-EEU-HUN,sub,mfh,2060,2.0745933916971913
C-EEU-HUN,sub,mfh,2065,2.0747955485819527
C-EEU-HUN,sub,mfh,2070,2.075020322181204
C-EEU-HUN,sub,mfh,2075,2.075269929705491
C-EEU-HUN,sub,mfh,2080,2.075546717604581
C-EEU-HUN,sub,mfh,2085,2.075853167848465
C-EEU-HUN,sub,mfh,2090,2.076191903223505
C-EEU-HUN,sub,mfh,2095,2.0765656913663944
C-EEU-HUN,sub,mfh,2100,2.076977447201737
C-EEU-HUN,sub,sfh,2015,2.6715848268151157
C-EEU-HUN,sub,sfh,2020,2.671656188310504
C-EEU-HUN,sub,sfh,2025,2.671733548071882
C-EEU-HUN,sub,sfh,2030,2.67181874063543
C-EEU-HUN,sub,sfh,2035,2.671913657961411
C-EEU-HUN,sub,sfh,2040,2.6720202630323553
C-EEU-HUN,sub,sfh,2045,2.6721406030179713
C-EEU-HUN,sub,sfh,2050,2.6722768220939677
C-EEU-HUN,sub,sfh,2055,2.6724311739648536
C-EEU-HUN,sub,sfh,2060,2.6726060341042017
C-EEU-HUN,sub,sfh,2065,2.6728039116884172
C-EEU-HUN,sub,sfh,2070,2.6730274611604403
C-EEU-HUN,sub,sfh,2075,2.673279493316913
C-EEU-HUN,sub,sfh,2080,2.6735629857649585
C-EEU-HUN,sub,sfh,2085,2.673881092542058
C-EEU-HUN,sub,sfh,2090,2.674237152633455
C-EEU-HUN,sub,sfh,2095,2.674634697055596
C-EEU-HUN,sub,sfh,2100,2.6750774541007245
C-EEU-HUN,urb,mfh,2015,1.7510053837735646
C-EEU-HUN,urb,mfh,2020,1.7510259769009373
C-EEU-HUN,urb,mfh,2025,1.7510525658872658
C-EEU-HUN,urb,mfh,2030,1.7510847536527816
C-EEU-HUN,urb,mfh,2035,1.751122155110221
C-EEU-HUN,urb,mfh,2040,1.751164390684741
C-EEU-HUN,urb,mfh,2045,1.7512110802619754
C-EEU-HUN,urb,mfh,2050,1.7512618374848745
C-EEU-HUN,urb,mfh,2055,1.7513162643469007
C-EEU-HUN,urb,mfh,2060,1.751373946054271
C-EEU-HUN,urb,mfh,2065,1.7514344461541498
C-EEU-HUN,urb,mfh,2070,1.751497301949672
C-EEU-HUN,urb,mfh,2075,1.7515620202467939
C-EEU-HUN,urb,mfh,2080,1.751628073502366
C-EEU-HUN,urb,mfh,2085,1.7516948964673682
C-EEU-HUN,urb,mfh,2090,1.7517618834434034
C-EEU-HUN,urb,mfh,2095,1.7518283862935569
C-EEU-HUN,urb,mfh,2100,1.7518937133692833
C-EEU-HUN,urb,sfh,2015,2.4271174118846712
C-EEU-HUN,urb,sfh,2020,2.427102757651095
C-EEU-HUN,urb,sfh,2025,2.427083027271385
C-EEU-HUN,urb,sfh,2030,2.4270586235655602
C-EEU-HUN,urb,sfh,2035,2.427029939736272
C-EEU-HUN,urb,sfh,2040,2.4269973653007866
C-EEU-HUN,urb,sfh,2045,2.426961291586748
C-EEU-HUN,urb,sfh,2050,2.4269221168588566
C-EEU-HUN,urb,sfh,2055,2.4268802511180474
C-EEU-HUN,urb,sfh,2060,2.42683612059104
C-EEU-HUN,urb,sfh,2065,2.426790171905412
C-EEU-HUN,urb,sfh,2070,2.4267428759231056
C-EEU-HUN,urb,sfh,2075,2.4266947311832197
C-EEU-HUN,urb,sfh,2080,2.426646266883063
C-EEU-HUN,urb,sfh,2085,2.4265980453049947
C-EEU-HUN,urb,sfh,2090,2.426550663576078
C-EEU-HUN,urb,sfh,2095,2.426504754628985
C-EEU-HUN,urb,sfh,2100,2.426460987217063
C-EEU-LTU,rur,mfh,2015,2.2106119587449142
C-EEU-LTU,rur,mfh,2020,2.2135834471443183
C-EEU-LTU,rur,mfh,2025,2.216662202596547
C-EEU-LTU,rur,mfh,2030,2.219890393876788
C-EEU-LTU,rur,mfh,2035,2.2233210668542864
C-EEU-LTU,rur,mfh,2040,2.227021098204868
C-EEU-LTU,rur,mfh,2045,2.231074133182512
C-EEU-LTU,rur,mfh,2050,2.2355820341488792
C-EEU-LTU,rur,mfh,2055,2.240660917620288
C-EEU-LTU,rur,mfh,2060,2.2464223995336594
C-EEU-LTU,rur,mfh,2065,2.2529200484271845
C-EEU-LTU,rur,mfh,2070,2.2600263848736875
C-EEU-LTU,rur,mfh,2075,2.26720875847001
C-EEU-LTU,rur,mfh,2080,2.2732728309259036
C-EEU-LTU,rur,mfh,2085,2.2764370099930655
C-EEU-LTU,rur,mfh,2090,2.2752627879712217
C-EEU-LTU,rur,mfh,2095,2.2699983763036524
C-EEU-LTU,rur,mfh,2100,2.2626085317385725
C-EEU-LTU,rur,sfh,2015,2.664019442654532
C-EEU-LTU,rur,sfh,2020,2.6723683891396015
C-EEU-LTU,rur,sfh,2025,2.680373953055006
C-EEU-LTU,rur,sfh,2030,2.688026777952547
C-EEU-LTU,rur,sfh,2035,2.69530931815778
C-EEU-LTU,rur,sfh,2040,2.702193067636605
C-EEU-LTU,rur,sfh,2045,2.708634870373376
C-EEU-LTU,rur,sfh,2050,2.7145724529283783
C-EEU-LTU,rur,sfh,2055,2.7199202814153347
C-EEU-LTU,rur,sfh,2060,2.7245695357311606
C-EEU-LTU,rur,sfh,2065,2.728402504070778
C-EEU-LTU,rur,sfh,2070,2.7313443702037565
C-EEU-LTU,rur,sfh,2075,2.7334886833123124
C-EEU-LTU,rur,sfh,2080,2.735305531467384
C-EEU-LTU,rur,sfh,2085,2.7377791510170892
C-EEU-LTU,rur,sfh,2090,2.7420893369694777
C-EEU-LTU,rur,sfh,2095,2.748773122441455
C-EEU-LTU,rur,sfh,2100,2.7572696589376453
C-EEU-LTU,sub,mfh,2015,2.17124260546473
C-EEU-LTU,sub,mfh,2020,2.171272079824775
C-EEU-LTU,sub,mfh,2025,2.1713044533087027
C-EEU-LTU,sub,mfh,2030,2.17134860611307
C-EEU-LTU,sub,mfh,2035,2.1714136675725206
C-EEU-LTU,sub,mfh,2040,2.171509204389626
C-EEU-LTU,sub,mfh,2045,2.1716454460260772
C-EEU-LTU,sub,mfh,2050,2.171833560163067
C-EEU-LTU,sub,mfh,2055,2.1720859962362287
C-EEU-LTU,sub,mfh,2060,2.1724169224572045
C-EEU-LTU,sub,mfh,2065,2.1728427927087752
C-EEU-LTU,sub,mfh,2070,2.1733830962905887
C-EEU-LTU,sub,mfh,2075,2.1740613691061275
C-EEU-LTU,sub,mfh,2080,2.1749065853413834
C-EEU-LTU,sub,mfh,2085,2.175955114225621
C-EEU-LTU,sub,mfh,2090,2.1772535356464346
C-EEU-LTU,sub,mfh,2095,2.178862796091067
C-EEU-LTU,sub,mfh,2100,2.180864520795376
C-EEU-LTU,sub,sfh,2015,2.611147236310795
C-EEU-LTU,sub,sfh,2020,2.61124791131108
C-EEU-LTU,sub,sfh,2025,2.611370938280282
C-EEU-LTU,sub,sfh,2030,2.6115278941955595
C-EEU-LTU,sub,sfh,2035,2.6117309132290774
C-EEU-LTU,sub,sfh,2040,2.611992959893322
C-EEU-LTU,sub,sfh,2045,2.6123281596097576
C-EEU-LTU,sub,sfh,2050,2.6127522064382434
C-EEU-LTU,sub,sfh,2055,2.6132828754531556
C-EEU-LTU,sub,sfh,2060,2.6139406785296515
C-EEU-LTU,sub,sfh,2065,2.6147497190291946
C-EEU-LTU,sub,sfh,2070,2.615738826168766
C-EEU-LTU,sub,sfh,2075,2.616943088921206
C-EEU-LTU,sub,sfh,2080,2.6184059710059597
C-EEU-LTU,sub,sfh,2085,2.6201822885000987
C-EEU-LTU,sub,sfh,2090,2.6223424981423076
C-EEU-LTU,sub,sfh,2095,2.6249790307164185
C-EEU-LTU,sub,sfh,2100,2.6282159140042323
C-EEU-LTU,urb,mfh,2015,2.0327795929122336
C-EEU-LTU,urb,mfh,2020,2.032780951800866
C-EEU-LTU,urb,mfh,2025,2.0327785890086854
C-EEU-LTU,urb,mfh,2030,2.0327736926417015
C-EEU-LTU,urb,mfh,2035,2.032767449848965
C-EEU-LTU,urb,mfh,2040,2.0327610502150284
C-EEU-LTU,urb,mfh,2045,2.0327556888259553
C-EEU-LTU,urb,mfh,2050,2.032752569020514
C-EEU-LTU,urb,mfh,2055,2.032752904833732
C-EEU-LTU,urb,mfh,2060,2.03275792313595
C-EEU-LTU,urb,mfh,2065,2.032768865466836
C-EEU-LTU,urb,mfh,2070,2.0327869895604125
C-EEU-LTU,urb,mfh,2075,2.0328135705541497
C-EEU-LTU,urb,mfh,2080,2.03284990187237
C-EEU-LTU,urb,mfh,2085,2.032897295771756
C-EEU-LTU,urb,mfh,2090,2.0329570835346087
C-EEU-LTU,urb,mfh,2095,2.0330306152936357
C-EEU-LTU,urb,mfh,2100,2.0331192594706
C-EEU-LTU,urb,sfh,2015,2.488910397638323
C-EEU-LTU,urb,sfh,2020,2.488913321991507
C-EEU-LTU,urb,sfh,2025,2.488909085708668
C-EEU-LTU,urb,sfh,2030,2.4888999719687055
C-EEU-LTU,urb,sfh,2035,2.4888882620797146
C-EEU-LTU,urb,sfh,2040,2.48887624199936
C-EEU-LTU,urb,sfh,2045,2.4888662082278086
C-EEU-LTU,urb,sfh,2050,2.488860473095602
C-EEU-LTU,urb,sfh,2055,2.4888613694602877
C-EEU-LTU,urb,sfh,2060,2.488871254817852
C-EEU-LTU,urb,sfh,2065,2.488892514827925
C-EEU-LTU,urb,sfh,2070,2.48892756624522
C-EEU-LTU,urb,sfh,2075,2.4889788592438364
C-EEU-LTU,urb,sfh,2080,2.489048879115727
C-EEU-LTU,urb,sfh,2085,2.489140147319868
C-EEU-LTU,urb,sfh,2090,2.489255221854571
C-EEU-LTU,urb,sfh,2095,2.489396696921785
C-EEU-LTU,urb,sfh,2100,2.4895672018494355
C-EEU-LVA,rur,mfh,2015,2.173951337989233
C-EEU-LVA,rur,mfh,2020,2.173268371967916
C-EEU-LVA,rur,mfh,2025,2.1724886627387363
C-EEU-LVA,rur,mfh,2030,2.171600100383033
C-EEU-LVA,rur,mfh,2035,2.170590624176891
C-EEU-LVA,rur,mfh,2040,2.169449370741784
C-EEU-LVA,rur,mfh,2045,2.168168510023164
C-EEU-LVA,rur,mfh,2050,2.166745978752858
C-EEU-LVA,rur,mfh,2055,2.165189246708423
C-EEU-LVA,rur,mfh,2060,2.163520013102777
C-EEU-LVA,rur,mfh,2065,2.1617792369239903
C-EEU-LVA,rur,mfh,2070,2.1600311280605733
C-EEU-LVA,rur,mfh,2075,2.1583638533570797
C-EEU-LVA,rur,mfh,2080,2.156884310945115
C-EEU-LVA,rur,mfh,2085,2.15570527543754
C-EEU-LVA,rur,mfh,2090,2.154926071518502
C-EEU-LVA,rur,mfh,2095,2.15461186378685
C-EEU-LVA,rur,mfh,2100,2.1547791116005794
C-EEU-LVA,rur,sfh,2015,2.907814279598839
C-EEU-LVA,rur,sfh,2020,2.9126376038625774
C-EEU-LVA,rur,sfh,2025,2.9179257267305134
C-EEU-LVA,rur,sfh,2030,2.9237007121186704
C-EEU-LVA,rur,sfh,2035,2.929969914706567
C-EEU-LVA,rur,sfh,2040,2.936716507605314
C-EEU-LVA,rur,sfh,2045,2.9438865262093947
C-EEU-LVA,rur,sfh,2050,2.951372228769368
C-EEU-LVA,rur,sfh,2055,2.9589926210774213
C-EEU-LVA,rur,sfh,2060,2.966474009547232
C-EEU-LVA,rur,sfh,2065,2.973436579817417
C-EEU-LVA,rur,sfh,2070,2.979396676106459
C-EEU-LVA,rur,sfh,2075,2.983796670632308
C-EEU-LVA,rur,sfh,2080,2.9860714006980866
C-EEU-LVA,rur,sfh,2085,2.985748535365061
C-EEU-LVA,rur,sfh,2090,2.9825609142711476
C-EEU-LVA,rur,sfh,2095,2.976531707045502
C-EEU-LVA,rur,sfh,2100,2.96799349457698
C-EEU-LVA,sub,mfh,2015,2.1355212641466603
C-EEU-LVA,sub,mfh,2020,2.135618686251763
C-EEU-LVA,sub,mfh,2025,2.1357519452514544
C-EEU-LVA,sub,mfh,2030,2.135915292418553
C-EEU-LVA,sub,mfh,2035,2.1361029200520725
C-EEU-LVA,sub,mfh,2040,2.1363088150403193
C-EEU-LVA,sub,mfh,2045,2.1365266194779866
C-EEU-LVA,sub,mfh,2050,2.136749496669561
C-EEU-LVA,sub,mfh,2055,2.136970002388522
C-EEU-LVA,sub,mfh,2060,2.1371799629094
C-EEU-LVA,sub,mfh,2065,2.137370363177696
C-EEU-LVA,sub,mfh,2070,2.1375312505889354
C-EEU-LVA,sub,mfh,2075,2.1376516622250774
C-EEU-LVA,sub,mfh,2080,2.137719585989051
C-EEU-LVA,sub,mfh,2085,2.1377219687331492
C-EEU-LVA,sub,mfh,2090,2.1376447869080506
C-EEU-LVA,sub,mfh,2095,2.1374731970127527
C-EEU-LVA,sub,mfh,2100,2.1371917835620544
C-EEU-LVA,sub,sfh,2015,2.884653069644297
C-EEU-LVA,sub,sfh,2020,2.8845258888658467
C-EEU-LVA,sub,sfh,2025,2.8845581812251364
C-EEU-LVA,sub,sfh,2030,2.8847373311121043
C-EEU-LVA,sub,sfh,2035,2.8850515568524244
C-EEU-LVA,sub,sfh,2040,2.8854895069882223
C-EEU-LVA,sub,sfh,2045,2.8860398804133993
C-EEU-LVA,sub,sfh,2050,2.8866910594911754
C-EEU-LVA,sub,sfh,2055,2.8874307486984554
C-EEU-LVA,sub,sfh,2060,2.8882456147156015
C-EEU-LVA,sub,sfh,2065,2.889120927531039
C-EEU-LVA,sub,sfh,2070,2.890040206330874
C-EEU-LVA,sub,sfh,2075,2.890984878909924
C-EEU-LVA,sub,sfh,2080,2.8919339691981194
C-EEU-LVA,sub,sfh,2085,2.8928638342244306
C-EEU-LVA,sub,sfh,2090,2.8937479791911302
C-EEU-LVA,sub,sfh,2095,2.894556986728726
C-EEU-LVA,sub,sfh,2100,2.8952586028414498
C-EEU-LVA,urb,mfh,2015,1.911321104624798
C-EEU-LVA,urb,mfh,2020,1.9113042107277494
C-EEU-LVA,urb,mfh,2025,1.9112848942928982
C-EEU-LVA,urb,mfh,2030,1.9112633387876392
C-EEU-LVA,urb,mfh,2035,1.9112397355197341
C-EEU-LVA,urb,mfh,2040,1.9112142902020974
C-EEU-LVA,urb,mfh,2045,1.9111872295515895
C-EEU-LVA,urb,mfh,2050,1.91115880794228
C-EEU-LVA,urb,mfh,2055,1.9111293140663124
C-EEU-LVA,urb,mfh,2060,1.9110990774767698
C-EEU-LVA,urb,mfh,2065,1.9110684747945752
C-EEU-LVA,urb,mfh,2070,1.9110379352550344
C-EEU-LVA,urb,mfh,2075,1.9110079451517765
C-EEU-LVA,urb,mfh,2080,1.9109790506134203
C-EEU-LVA,urb,mfh,2085,1.9109518580337495
C-EEU-LVA,urb,mfh,2090,1.9109270313887556
C-EEU-LVA,urb,mfh,2095,1.910905285639783
C-EEU-LVA,urb,mfh,2100,1.9108873754730975
C-EEU-LVA,urb,sfh,2015,2.666142044399586
C-EEU-LVA,urb,sfh,2020,2.666023373515932
C-EEU-LVA,urb,sfh,2025,2.665884683621579
C-EEU-LVA,urb,sfh,2030,2.6657278190347498
C-EEU-LVA,urb,sfh,2035,2.6655546923939255
C-EEU-LVA,urb,sfh,2040,2.665367341944667
C-EEU-LVA,urb,sfh,2045,2.665167988219837
C-EEU-LVA,urb,sfh,2050,2.66495909018575
C-EEU-LVA,urb,sfh,2055,2.6647434003162047
C-EEU-LVA,urb,sfh,2060,2.6645240173574174
C-EEU-LVA,urb,sfh,2065,2.664304434743906
C-EEU-LVA,urb,sfh,2070,2.6640885817211752
C-EEU-LVA,urb,sfh,2075,2.663880853255643
C-EEU-LVA,urb,sfh,2080,2.6636861238331995
C-EEU-LVA,urb,sfh,2085,2.6635097393808023
C-EEU-LVA,urb,sfh,2090,2.6633574809621208
C-EEU-LVA,urb,sfh,2095,2.6632354938250486
C-EEU-LVA,urb,sfh,2100,2.6631501760827754
C-EEU-POL,rur,mfh,2015,2.9911072243576076
C-EEU-POL,rur,mfh,2020,2.991104158218227
C-EEU-POL,rur,mfh,2025,2.9911840117491426
C-EEU-POL,rur,mfh,2030,2.991334733660745
C-EEU-POL,rur,mfh,2035,2.9915457701118067
C-EEU-POL,rur,mfh,2040,2.991807185877032
C-EEU-POL,rur,mfh,2045,2.992108906782822
C-EEU-POL,rur,mfh,2050,2.9924400203759385
C-EEU-POL,rur,mfh,2055,2.992788099995519
C-EEU-POL,rur,mfh,2060,2.993138542825147
C-EEU-POL,rur,mfh,2065,2.993473940691548
C-EEU-POL,rur,mfh,2070,2.9937735372408407
C-EEU-POL,rur,mfh,2075,2.994012868303194
C-EEU-POL,rur,mfh,2080,2.994163731273508
C-EEU-POL,rur,mfh,2085,2.9941946745605885
C-EEU-POL,rur,mfh,2090,2.994072219601715
C-EEU-POL,rur,mfh,2095,2.993762994533038
C-EEU-POL,rur,mfh,2100,2.9932368346588207
C-EEU-POL,rur,sfh,2015,4.1748581352130785
C-EEU-POL,rur,sfh,2020,4.174847742531275
C-EEU-POL,rur,sfh,2025,4.175046028602429
C-EEU-POL,rur,sfh,2030,4.175426475316317
C-EEU-POL,rur,sfh,2035,4.175966560642303
C-EEU-POL,rur,sfh,2040,4.176645712877001
C-EEU-POL,rur,sfh,2045,4.177443550475411
C-EEU-POL,rur,sfh,2050,4.178338248685753
C-EEU-POL,rur,sfh,2055,4.179304937354948
C-EEU-POL,rur,sfh,2060,4.18031408948729
C-EEU-POL,rur,sfh,2065,4.181329921036426
C-EEU-POL,rur,sfh,2070,4.182308899234821
C-EEU-POL,rur,sfh,2075,4.183198555522499
C-EEU-POL,rur,sfh,2080,4.1839369176079755
C-EEU-POL,rur,sfh,2085,4.18445299585295
C-EEU-POL,rur,sfh,2090,4.184668840706534
C-EEU-POL,rur,sfh,2095,4.184503660816429
C-EEU-POL,rur,sfh,2100,4.183880268310439
C-EEU-POL,sub,mfh,2015,2.486183308352416
C-EEU-POL,sub,mfh,2020,2.486192019650355
C-EEU-POL,sub,mfh,2025,2.4864119076785594
C-EEU-POL,sub,mfh,2030,2.4868168483424666
C-EEU-POL,sub,mfh,2035,2.487384537959535
C-EEU-POL,sub,mfh,2040,2.4880942435703113
C-EEU-POL,sub,mfh,2045,2.4889248442039027
C-EEU-POL,sub,mfh,2050,2.4898530050268883
C-EEU-POL,sub,mfh,2055,2.4908514108572173
C-EEU-POL,sub,mfh,2060,2.491887067211031
C-EEU-POL,sub,mfh,2065,2.49291977030671
C-EEU-POL,sub,mfh,2070,2.493900958290801
C-EEU-POL,sub,mfh,2075,2.4947732777083753
C-EEU-POL,sub,mfh,2080,2.4954713053293514
C-EEU-POL,sub,mfh,2085,2.495923903150338
C-EEU-POL,sub,mfh,2090,2.496058578183898
C-EEU-POL,sub,mfh,2095,2.4958078948689635
C-EEU-POL,sub,mfh,2100,2.495117427841148
C-EEU-POL,sub,sfh,2015,3.476359554694396
C-EEU-POL,sub,sfh,2020,3.476376680439951
C-EEU-POL,sub,sfh,2025,3.476543769401775
C-EEU-POL,sub,sfh,2030,3.476841586314853
C-EEU-POL,sub,sfh,2035,3.4772535342591917
C-EEU-POL,sub,sfh,2040,3.477764025930608
C-EEU-POL,sub,sfh,2045,3.4783570654254237
C-EEU-POL,sub,sfh,2050,3.479014929794862
C-EEU-POL,sub,sfh,2055,3.4797169016116425
C-EEU-POL,sub,sfh,2060,3.480438063955563
C-EEU-POL,sub,sfh,2065,3.481148237670537
C-EEU-POL,sub,sfh,2070,3.481811221237836
C-EEU-POL,sub,sfh,2075,3.482384580422458
C-EEU-POL,sub,sfh,2080,3.482820307593006
C-EEU-POL,sub,sfh,2085,3.483066690110083
C-EEU-POL,sub,sfh,2090,3.483071638630894
C-EEU-POL,sub,sfh,2095,3.482787478184143
C-EEU-POL,sub,sfh,2100,3.4821767886587915
C-EEU-POL,urb,mfh,2015,2.019067717524082
C-EEU-POL,urb,mfh,2020,2.0190806698849215
C-EEU-POL,urb,mfh,2025,2.0192902966354085
C-EEU-POL,urb,mfh,2030,2.0196760637241535
C-EEU-POL,urb,mfh,2035,2.0202225503378894
C-EEU-POL,urb,mfh,2040,2.020916837317013
C-EEU-POL,urb,mfh,2045,2.0217461906540803
C-EEU-POL,urb,mfh,2050,2.0226957420750695
C-EEU-POL,urb,mfh,2055,2.023745979882559
C-EEU-POL,urb,mfh,2060,2.024869978540582
C-EEU-POL,urb,mfh,2065,2.026030460696992
C-EEU-POL,urb,mfh,2070,2.0271770386001835
C-EEU-POL,urb,mfh,2075,2.0282443359870634
C-EEU-POL,urb,mfh,2080,2.029152092395923
C-EEU-POL,urb,mfh,2085,2.0298086216155804
C-EEU-POL,urb,mfh,2090,2.0301188082743176
C-EEU-POL,urb,mfh,2095,2.0299968129306514
C-EEU-POL,urb,mfh,2100,2.029381728516089
C-EEU-POL,urb,sfh,2015,2.9024009552236953
C-EEU-POL,urb,sfh,2020,2.90241319351949
C-EEU-POL,urb,sfh,2025,2.902606922256213
C-EEU-POL,urb,sfh,2030,2.9029632095449736
C-EEU-POL,urb,sfh,2035,2.9034678421099946
C-EEU-POL,urb,sfh,2040,2.9041089161639904
C-EEU-POL,urb,sfh,2045,2.904874700343697
C-EEU-POL,urb,sfh,2050,2.905751495693969
C-EEU-POL,urb,sfh,2055,2.906721320208483
C-EEU-POL,urb,sfh,2060,2.9077593517578406
C-EEU-POL,urb,sfh,2065,2.9088312156273366
C-EEU-POL,urb,sfh,2070,2.9098904365611795
C-EEU-POL,urb,sfh,2075,2.9108767020492197
C-EEU-POL,urb,sfh,2080,2.911715953753629
C-EEU-POL,urb,sfh,2085,2.9123235733878197
C-EEU-POL,urb,sfh,2090,2.9126117568570926
C-EEU-POL,urb,sfh,2095,2.912501235793307
C-EEU-POL,urb,sfh,2100,2.9119357271148067
C-EEU-ROU,rur,mfh,2015,2.6269031998829044
C-EEU-ROU,rur,mfh,2020,2.6274733653991955
C-EEU-ROU,rur,mfh,2025,2.628104754088126
C-EEU-ROU,rur,mfh,2030,2.6287944762320716
C-EEU-ROU,rur,mfh,2035,2.62953915815953
C-EEU-ROU,rur,mfh,2040,2.6303346690282314
C-EEU-ROU,rur,mfh,2045,2.631175807471236
C-EEU-ROU,rur,mfh,2050,2.6320559412004867
C-EEU-ROU,rur,mfh,2055,2.632966595306439
C-EEU-ROU,rur,mfh,2060,2.6338969895896502
C-EEU-ROU,rur,mfh,2065,2.634833532734969
C-EEU-ROU,rur,mfh,2070,2.6357592925481357
C-EEU-ROU,rur,mfh,2075,2.6366534778383475
C-EEU-ROU,rur,mfh,2080,2.637490989467939
C-EEU-ROU,rur,mfh,2085,2.6382421251775856
C-EEU-ROU,rur,mfh,2090,2.6388725525992425
C-EEU-ROU,rur,mfh,2095,2.6393436917495596
C-EEU-ROU,rur,mfh,2100,2.6396136623518687
C-EEU-ROU,rur,sfh,2015,2.7927446133758735
C-EEU-ROU,rur,sfh,2020,2.7928129122287375
C-EEU-ROU,rur,sfh,2025,2.7928647515748644
C-EEU-ROU,rur,sfh,2030,2.792902599799947
C-EEU-ROU,rur,sfh,2035,2.7929290018183113
C-EEU-ROU,rur,sfh,2040,2.79294666166589
C-EEU-ROU,rur,sfh,2045,2.7929585271883828
C-EEU-ROU,rur,sfh,2050,2.792967877332783
C-EEU-ROU,rur,sfh,2055,2.792978411267315
C-EEU-ROU,rur,sfh,2060,2.7929943368055996
C-EEU-ROU,rur,sfh,2065,2.793020453233984
C-EEU-ROU,rur,sfh,2070,2.793062220504302
C-EEU-ROU,rur,sfh,2075,2.7931258028172348
C-EEU-ROU,rur,sfh,2080,2.793218070040523
C-EEU-ROU,rur,sfh,2085,2.7933465356888276
C-EEU-ROU,rur,sfh,2090,2.7935192063845173
C-EEU-ROU,rur,sfh,2095,2.7937443165721456
C-EEU-ROU,rur,sfh,2100,2.794029926250023
C-EEU-ROU,sub,mfh,2015,2.6209754971688364
C-EEU-ROU,sub,mfh,2020,2.621293293014947
C-EEU-ROU,sub,mfh,2025,2.621620931629934
C-EEU-ROU,sub,mfh,2030,2.6219575602932608
C-EEU-ROU,sub,mfh,2035,2.6223017797100794
C-EEU-ROU,sub,mfh,2040,2.622651509057831
C-EEU-ROU,sub,mfh,2045,2.6230038266715945
C-EEU-ROU,sub,mfh,2050,2.6233547887756106
C-EEU-ROU,sub,mfh,2055,2.6236992330779523
C-EEU-ROU,sub,mfh,2060,2.6240305807991646
C-EEU-ROU,sub,mfh,2065,2.624340660228395
C-EEU-ROU,sub,mfh,2070,2.6246195871577678
C-EEU-ROU,sub,mfh,2075,2.624855751511386
C-EEU-ROU,sub,mfh,2080,2.62503597243499
C-EEU-ROU,sub,mfh,2085,2.6251458909517424
C-EEU-ROU,sub,mfh,2090,2.6251706624296927
C-EEU-ROU,sub,mfh,2095,2.6250959817225668
C-EEU-ROU,sub,mfh,2100,2.624909415397418
C-EEU-ROU,sub,sfh,2015,2.833903342928895
C-EEU-ROU,sub,sfh,2020,2.833978310681107
C-EEU-ROU,sub,sfh,2025,2.834045259623622
C-EEU-ROU,sub,sfh,2030,2.834104885674784
C-EEU-ROU,sub,sfh,2035,2.834157746973977
C-EEU-ROU,sub,sfh,2040,2.8342042889458785
C-EEU-ROU,sub,sfh,2045,2.8342448657390045
C-EEU-ROU,sub,sfh,2050,2.8342797597522646
C-EEU-ROU,sub,sfh,2055,2.834309200731764
C-EEU-ROU,sub,sfh,2060,2.834333385738979
C-EEU-ROU,sub,sfh,2065,2.834352501080793
C-EEU-ROU,sub,sfh,2070,2.8343667469583558
C-EEU-ROU,sub,sfh,2075,2.834376365029764
C-EEU-ROU,sub,sfh,2080,2.8343816681903813
C-EEU-ROU,sub,sfh,2085,2.8343830706018402
C-EEU-ROU,sub,sfh,2090,2.8343811144152222
C-EEU-ROU,sub,sfh,2095,2.8343764880163054
C-EEU-ROU,sub,sfh,2100,2.834370029525206
C-EEU-ROU,urb,mfh,2015,2.1189717128808443
C-EEU-ROU,urb,mfh,2020,2.1202876243066187
C-EEU-ROU,urb,mfh,2025,2.1216795599684213
C-EEU-ROU,urb,mfh,2030,2.123153107442838
C-EEU-ROU,urb,mfh,2035,2.1247125887579132
C-EEU-ROU,urb,mfh,2040,2.1263603607029777
C-EEU-ROU,urb,mfh,2045,2.128095842567724
C-EEU-ROU,urb,mfh,2050,2.1299142085671083
C-EEU-ROU,urb,mfh,2055,2.131804690839766
C-EEU-ROU,urb,mfh,2060,2.1337484719441204
C-EEU-ROU,urb,mfh,2065,2.135716220703074
C-EEU-ROU,urb,mfh,2070,2.137665463603133
C-EEU-ROU,urb,mfh,2075,2.1395382040305373
C-EEU-ROU,urb,mfh,2080,2.1412595006457558
C-EEU-ROU,urb,mfh,2085,2.142738038981765
C-EEU-ROU,urb,mfh,2090,2.1438699318893297
C-EEU-ROU,urb,mfh,2095,2.1445468174438367
C-EEU-ROU,urb,mfh,2100,2.144668509913084
C-EEU-ROU,urb,sfh,2015,2.442611928893934
C-EEU-ROU,urb,sfh,2020,2.44267238201623
C-EEU-ROU,urb,sfh,2025,2.4427373188131436
C-EEU-ROU,urb,sfh,2030,2.442807326353622
C-EEU-ROU,urb,sfh,2035,2.4428829997252706
C-EEU-ROU,urb,sfh,2040,2.442964921762059
C-EEU-ROU,urb,sfh,2045,2.443053629958008
C-EEU-ROU,urb,sfh,2050,2.443149565997511
C-EEU-ROU,urb,sfh,2055,2.443253002593921
C-EEU-ROU,urb,sfh,2060,2.443363942299147
C-EEU-ROU,urb,sfh,2065,2.4434819845020415
C-EEU-ROU,urb,sfh,2070,2.443606161300767
C-EEU-ROU,urb,sfh,2075,2.4437347519763066
C-EEU-ROU,urb,sfh,2080,2.4438651007954735
C-EEU-ROU,urb,sfh,2085,2.443993483477483
C-EEU-ROU,urb,sfh,2090,2.444115089372775
C-EEU-ROU,urb,sfh,2095,2.444224198205995
C-EEU-ROU,urb,sfh,2100,2.4443146150826567
C-EEU-SVK,rur,mfh,2015,2.8774014900471085
C-EEU-SVK,rur,mfh,2020,2.8773492584596623
C-EEU-SVK,rur,mfh,2025,2.8773144305243665
C-EEU-SVK,rur,mfh,2030,2.877295483133372
C-EEU-SVK,rur,mfh,2035,2.8772916365427843
C-EEU-SVK,rur,mfh,2040,2.877302665329102
C-EEU-SVK,rur,mfh,2045,2.8773287610221723
C-EEU-SVK,rur,mfh,2050,2.877370415787571
C-EEU-SVK,rur,mfh,2055,2.8774283042798157
C-EEU-SVK,rur,mfh,2060,2.8775031446828514
C-EEU-SVK,rur,mfh,2065,2.8775955230351005
C-EEU-SVK,rur,mfh,2070,2.8777056699905272
C-EEU-SVK,rur,mfh,2075,2.87783318914446
C-EEU-SVK,rur,mfh,2080,2.8779767535952243
C-EEU-SVK,rur,mfh,2085,2.8781338131823198
C-EEU-SVK,rur,mfh,2090,2.8783003846557427
C-EEU-SVK,rur,mfh,2095,2.878471019103439
C-EEU-SVK,rur,mfh,2100,2.8786390366116605
C-EEU-SVK,rur,sfh,2015,3.820506661846739
C-EEU-SVK,rur,sfh,2020,3.8204238799647867
C-EEU-SVK,rur,sfh,2025,3.820334711347559
C-EEU-SVK,rur,sfh,2030,3.820241078411978
C-EEU-SVK,rur,sfh,2035,3.8201451034295886
C-EEU-SVK,rur,sfh,2040,3.820049284204829
C-EEU-SVK,rur,sfh,2045,3.8199566638482496
C-EEU-SVK,rur,sfh,2050,3.819870997140673
C-EEU-SVK,rur,sfh,2055,3.819796905433215
C-EEU-SVK,rur,sfh,2060,3.819739999368327
C-EEU-SVK,rur,sfh,2065,3.8197069330842153
C-EEU-SVK,rur,sfh,2070,3.8197053360976008
C-EEU-SVK,rur,sfh,2075,3.8197435542006666
C-EEU-SVK,rur,sfh,2080,3.8198301277105315
C-EEU-SVK,rur,sfh,2085,3.819972958342033
C-EEU-SVK,rur,sfh,2090,3.82017817956536
C-EEU-SVK,rur,sfh,2095,3.8204488540998103
C-EEU-SVK,rur,sfh,2100,3.8207837547384838
C-EEU-SVK,sub,mfh,2015,2.5253448494508106
C-EEU-SVK,sub,mfh,2020,2.525322198147192
C-EEU-SVK,sub,mfh,2025,2.525269044810421
C-EEU-SVK,sub,mfh,2030,2.525191136813225
C-EEU-SVK,sub,mfh,2035,2.5250939772108714
C-EEU-SVK,sub,mfh,2040,2.524982962969212
C-EEU-SVK,sub,mfh,2045,2.524863507749608
C-EEU-SVK,sub,mfh,2050,2.5247411539603393
C-EEU-SVK,sub,mfh,2055,2.524621677492198
C-EEU-SVK,sub,mfh,2060,2.5245111875265893
C-EEU-SVK,sub,mfh,2065,2.5244162229233584
C-EEU-SVK,sub,mfh,2070,2.5243438458758733
C-EEU-SVK,sub,mfh,2075,2.524301732692966
C-EEU-SVK,sub,mfh,2080,2.5242982606728694
C-EEU-SVK,sub,mfh,2085,2.5243425890234876
C-EEU-SVK,sub,mfh,2090,2.5244447306155404
C-EEU-SVK,sub,mfh,2095,2.5246156100015713
C-EEU-SVK,sub,mfh,2100,2.524867101584784
C-EEU-SVK,sub,sfh,2015,3.3516809432921084
C-EEU-SVK,sub,sfh,2020,3.3516615212811214
C-EEU-SVK,sub,sfh,2025,3.3515729121975104
C-EEU-SVK,sub,sfh,2030,3.3514266796420156
C-EEU-SVK,sub,sfh,2035,3.3512337906451157
C-EEU-SVK,sub,sfh,2040,3.3510049012040355
C-EEU-SVK,sub,sfh,2045,3.350750608435149
C-EEU-SVK,sub,sfh,2050,3.350481679416789
C-EEU-SVK,sub,sfh,2055,3.3502092640992203
C-EEU-SVK,sub,sfh,2060,3.3499450975335288
C-EEU-SVK,sub,sfh,2065,3.349701694879937
C-EEU-SVK,sub,sfh,2070,3.3494925410179164
C-EEU-SVK,sub,sfh,2075,3.3493322749513914
C-EEU-SVK,sub,sfh,2080,3.349236867462112
C-EEU-SVK,sub,sfh,2085,3.349223788509982
C-EEU-SVK,sub,sfh,2090,3.3493121586251813
C-EEU-SVK,sub,sfh,2095,3.3495228759199036
C-EEU-SVK,sub,sfh,2100,3.3498787073389162
C-EEU-SVK,urb,mfh,2015,2.3201732296641904
C-EEU-SVK,urb,mfh,2020,2.3201528830649236
C-EEU-SVK,urb,mfh,2025,2.3201558014033052
C-EEU-SVK,urb,mfh,2030,2.3201812387263203
C-EEU-SVK,urb,mfh,2035,2.320228769484862
C-EEU-SVK,urb,mfh,2040,2.3202982643556203
C-EEU-SVK,urb,mfh,2045,2.3203898766048145
C-EEU-SVK,urb,mfh,2050,2.320504037840993
C-EEU-SVK,urb,mfh,2055,2.3206414626127314
C-EEU-SVK,urb,mfh,2060,2.320803161844549
C-EEU-SVK,urb,mfh,2065,2.320990465624824
C-EEU-SVK,urb,mfh,2070,2.3212050564128535
C-EEU-SVK,urb,mfh,2075,2.321449014371586
C-EEU-SVK,urb,mfh,2080,2.3217248773217474
C-EEU-SVK,urb,mfh,2085,2.322035718835999
C-EEU-SVK,urb,mfh,2090,2.3223852493659147
C-EEU-SVK,urb,mfh,2095,2.322777947190984
C-EEU-SVK,urb,mfh,2100,2.323219228654422
C-EEU-SVK,urb,sfh,2015,3.1219862532825013
C-EEU-SVK,urb,sfh,2020,3.121958791798227
C-EEU-SVK,urb,sfh,2025,3.121952697606882
C-EEU-SVK,urb,sfh,2030,3.1219678303131326
C-EEU-SVK,urb,sfh,2035,3.1220043600072405
C-EEU-SVK,urb,sfh,2040,3.1220627582997147
C-EEU-SVK,urb,sfh,2045,3.1221437994686267
C-EEU-SVK,urb,sfh,2050,3.122248571255601
C-EEU-SVK,urb,sfh,2055,3.1223784954365428
C-EEU-SVK,urb,sfh,2060,3.1225353588637326
C-EEU-SVK,urb,sfh,2065,3.122721356282004
C-EEU-SVK,urb,sfh,2070,3.122939146920177
C-EEU-SVK,urb,sfh,2075,3.123191927716708
C-EEU-SVK,urb,sfh,2080,3.1234835271421284
C-EEU-SVK,urb,sfh,2085,3.1238185250491872
C-EEU-SVK,urb,sfh,2090,3.124202405985304
C-EEU-SVK,urb,sfh,2095,3.124641756192581
C-EEU-SVK,urb,sfh,2100,3.125144518478468
C-EEU-SVN,rur,mfh,2015,2.5174262712960336
C-EEU-SVN,rur,mfh,2020,2.517522300938327
C-EEU-SVN,rur,mfh,2025,2.5175678605301735
C-EEU-SVN,rur,mfh,2030,2.5175730293394722
C-EEU-SVN,rur,mfh,2035,2.517546751054086
C-EEU-SVN,rur,mfh,2040,2.517497324194712
C-EEU-SVN,rur,mfh,2045,2.5174327865862463
C-EEU-SVN,rur,mfh,2050,2.517361226838984
C-EEU-SVN,rur,mfh,2055,2.5172910417422867
C-EEU-SVN,rur,mfh,2060,2.5172311482682197
C-EEU-SVN,rur,mfh,2065,2.517191150682954
C-EEU-SVN,rur,mfh,2070,2.5171814560698165
C-EEU-SVN,rur,mfh,2075,2.5172133249772233
C-EEU-SVN,rur,mfh,2080,2.5172988380451815
C-EEU-SVN,rur,mfh,2085,2.517450755015447
C-EEU-SVN,rur,mfh,2090,2.517682240759383
C-EEU-SVN,rur,mfh,2095,2.518006435672862
C-EEU-SVN,rur,mfh,2100,2.5184358570977246
C-EEU-SVN,rur,sfh,2015,3.539605002872598
C-EEU-SVN,rur,sfh,2020,3.5396631701812904
C-EEU-SVN,rur,sfh,2025,3.5395674064959755
C-EEU-SVN,rur,sfh,2030,3.539337904750076
C-EEU-SVN,rur,sfh,2035,3.538991689300731
C-EEU-SVN,rur,sfh,2040,3.538543790500158
C-EEU-SVN,rur,sfh,2045,3.538008179552563
C-EEU-SVN,rur,sfh,2050,3.5373985501075227
C-EEU-SVN,rur,sfh,2055,3.5367290009092462
C-EEU-SVN,rur,sfh,2060,3.536014651008919
C-EEU-SVN,rur,sfh,2065,3.535272200856683
C-EEU-SVN,rur,sfh,2070,3.5345204361729596
C-EEU-SVN,rur,sfh,2075,3.5337806552292736
C-EEU-SVN,rur,sfh,2080,3.5330769834616556
C-EEU-SVN,rur,sfh,2085,3.532436522749251
C-EEU-SVN,rur,sfh,2090,3.531889268156765
C-EEU-SVN,rur,sfh,2095,3.5314677160200265
C-EEU-SVN,rur,sfh,2100,3.5312060890923758
C-EEU-SVN,sub,mfh,2015,2.418742327403088
C-EEU-SVN,sub,mfh,2020,2.4187023756156223
C-EEU-SVN,sub,mfh,2025,2.418657056911062
C-EEU-SVN,sub,mfh,2030,2.418607735887622
C-EEU-SVN,sub,mfh,2035,2.418555773463021
C-EEU-SVN,sub,mfh,2040,2.4185026151763465
C-EEU-SVN,sub,mfh,2045,2.4184498663954197
C-EEU-SVN,sub,mfh,2050,2.4183993576475347
C-EEU-SVN,sub,mfh,2055,2.418353199485954
C-EEU-SVN,sub,mfh,2060,2.418313822820647
C-EEU-SVN,sub,mfh,2065,2.4182839972010006
C-EEU-SVN,sub,mfh,2070,2.418266816280127
C-EEU-SVN,sub,mfh,2075,2.418265637227481
C-EEU-SVN,sub,mfh,2080,2.418283960335238
C-EEU-SVN,sub,mfh,2085,2.4183252380953832
C-EEU-SVN,sub,mfh,2090,2.418392611308085
C-EEU-SVN,sub,mfh,2095,2.418488584272931
C-EEU-SVN,sub,mfh,2100,2.4186146707884197
C-EEU-SVN,sub,sfh,2015,3.449712159362134
C-EEU-SVN,sub,sfh,2020,3.449797289744792
C-EEU-SVN,sub,sfh,2025,3.4496737742601318
C-EEU-SVN,sub,sfh,2030,3.4493725405964657
C-EEU-SVN,sub,sfh,2035,3.4489193964544795
C-EEU-SVN,sub,sfh,2040,3.4483374164076936
C-EEU-SVN,sub,sfh,2045,3.4476488272419883
C-EEU-SVN,sub,sfh,2050,3.4468765896060605
C-EEU-SVN,sub,sfh,2055,3.4460457784949967
C-EEU-SVN,sub,sfh,2060,3.4451847928874084
C-EEU-SVN,sub,sfh,2065,3.4443263609404067
C-EEU-SVN,sub,sfh,2070,3.4435082451770955
C-EEU-SVN,sub,sfh,2075,3.4427734932643124
C-EEU-SVN,sub,sfh,2080,3.4421700338115
C-EEU-SVN,sub,sfh,2085,3.4417494017155885
C-EEU-SVN,sub,sfh,2090,3.441564419630485
C-EEU-SVN,sub,sfh,2095,3.441665786429926
C-EEU-SVN,sub,sfh,2100,3.442097740140928
C-EEU-SVN,urb,mfh,2015,2.172965015682454
C-EEU-SVN,urb,mfh,2020,2.1729525068841085
C-EEU-SVN,urb,mfh,2025,2.1729167517638572
C-EEU-SVN,urb,mfh,2030,2.172861067824531
C-EEU-SVN,urb,mfh,2035,2.172788237875655
C-EEU-SVN,urb,mfh,2040,2.172700780127677
C-EEU-SVN,urb,mfh,2045,2.1726011604194193
C-EEU-SVN,urb,mfh,2050,2.172491968255163
C-EEU-SVN,urb,mfh,2055,2.1723760668897905
C-EEU-SVN,urb,mfh,2060,2.1722567191505093
C-EEU-SVN,urb,mfh,2065,2.172137683444985
C-EEU-SVN,urb,mfh,2070,2.1720232680080196
C-EEU-SVN,urb,mfh,2075,2.1719183263322117
C-EEU-SVN,urb,mfh,2080,2.1718281742216776
C-EEU-SVN,urb,mfh,2085,2.1717584109833865
C-EEU-SVN,urb,mfh,2090,2.1717146360246047
C-EEU-SVN,urb,mfh,2095,2.1717020686996795
C-EEU-SVN,urb,mfh,2100,2.171725102402898
C-EEU-SVN,urb,sfh,2015,3.2356216867745373
C-EEU-SVN,urb,sfh,2020,3.235585324341545
C-EEU-SVN,urb,sfh,2025,3.235481386047205
C-EEU-SVN,urb,sfh,2030,3.2353195157015033
C-EEU-SVN,urb,sfh,2035,3.235107802788507
C-EEU-SVN,urb,sfh,2040,3.2348535676163768
C-EEU-SVN,urb,sfh,2045,3.234563978251662
C-EEU-SVN,urb,sfh,2050,3.2342465622500303
C-EEU-SVN,urb,sfh,2055,3.23390964294606
C-EEU-SVN,urb,sfh,2060,3.2335627052105145
C-EEU-SVN,urb,sfh,2065,3.2332166745410382
C-EEU-SVN,urb,sfh,2070,3.232884074754471
C-EEU-SVN,urb,sfh,2075,3.232579014703998
C-EEU-SVN,urb,sfh,2080,3.2323169471585893
C-EEU-SVN,urb,sfh,2085,3.232114149015425
C-EEU-SVN,urb,sfh,2090,3.23198689746324
C-EEU-SVN,urb,sfh,2095,3.231950364896493
C-EEU-SVN,urb,sfh,2100,3.2320173226862585
C-WEU-AUT,rur,mfh,2015,2.230435124087312
C-WEU-AUT,rur,mfh,2020,2.2300701409175505
C-WEU-AUT,rur,mfh,2025,2.2297819976994537
C-WEU-AUT,rur,mfh,2030,2.2295581773281996
C-WEU-AUT,rur,mfh,2035,2.229390124785088
C-WEU-AUT,rur,mfh,2040,2.2292720564390742
C-WEU-AUT,rur,mfh,2045,2.229200186271544
C-WEU-AUT,rur,mfh,2050,2.2291721996664746
C-WEU-AUT,rur,mfh,2055,2.229186874981171
C-WEU-AUT,rur,mfh,2060,2.2292437908361533
C-WEU-AUT,rur,mfh,2065,2.229343078356677
C-WEU-AUT,rur,mfh,2070,2.2294851903062542
C-WEU-AUT,rur,mfh,2075,2.2296706674843505
C-WEU-AUT,rur,mfh,2080,2.2298998895212025
C-WEU-AUT,rur,mfh,2085,2.2301728040152065
C-WEU-AUT,rur,mfh,2090,2.230488635965319
C-WEU-AUT,rur,mfh,2095,2.230845589200779
C-WEU-AUT,rur,mfh,2100,2.2312405627381087
C-WEU-AUT,rur,sfh,2015,2.8344435787537434
C-WEU-AUT,rur,sfh,2020,2.8344353691026205
C-WEU-AUT,rur,sfh,2025,2.8344079928206605
C-WEU-AUT,rur,sfh,2030,2.834368747191167
C-WEU-AUT,rur,sfh,2035,2.8343239648741214
C-WEU-AUT,rur,sfh,2040,2.834279510532923
C-WEU-AUT,rur,sfh,2045,2.834241123247679
C-WEU-AUT,rur,sfh,2050,2.8342146616054995
C-WEU-AUT,rur,sfh,2055,2.834206280652195
C-WEU-AUT,rur,sfh,2060,2.8342225533354597
C-WEU-AUT,rur,sfh,2065,2.8342705381418694
C-WEU-AUT,rur,sfh,2070,2.8343577867686682
C-WEU-AUT,rur,sfh,2075,2.834492279897684
C-WEU-AUT,rur,sfh,2080,2.8346822754789973
C-WEU-AUT,rur,sfh,2085,2.834936053158728
C-WEU-AUT,rur,sfh,2090,2.8352615419191722
C-WEU-AUT,rur,sfh,2095,2.8356658271906783
C-WEU-AUT,rur,sfh,2100,2.8361545498459586
C-WEU-AUT,sub,mfh,2015,1.9918292632373698
C-WEU-AUT,sub,mfh,2020,1.9912870886489709
C-WEU-AUT,sub,mfh,2025,1.9908750851262957
C-WEU-AUT,sub,mfh,2030,1.9905730471882055
C-WEU-AUT,sub,mfh,2035,1.9903645403026846
C-WEU-AUT,sub,mfh,2040,1.9902358406149054
C-WEU-AUT,sub,mfh,2045,1.990175154876852
C-WEU-AUT,sub,mfh,2050,1.9901720306790778
C-WEU-AUT,sub,mfh,2055,1.9902168988931868
C-WEU-AUT,sub,mfh,2060,1.9903007105858266
C-WEU-AUT,sub,mfh,2065,1.9904146442204567
C-WEU-AUT,sub,mfh,2070,1.9905498684177338
C-WEU-AUT,sub,mfh,2075,1.990697352480218
C-WEU-AUT,sub,mfh,2080,1.9908477222160978
C-WEU-AUT,sub,mfh,2085,1.9909911628031012
C-WEU-AUT,sub,mfh,2090,1.9911173736963805
C-WEU-AUT,sub,mfh,2095,1.9912155828473226
C-WEU-AUT,sub,mfh,2100,1.9912746285242438
C-WEU-AUT,sub,sfh,2015,2.5370952657455357
C-WEU-AUT,sub,sfh,2020,2.536107051372299
C-WEU-AUT,sub,sfh,2025,2.53534998634831
C-WEU-AUT,sub,sfh,2030,2.534789820608308
C-WEU-AUT,sub,sfh,2035,2.5343989790582655
C-WEU-AUT,sub,sfh,2040,2.5341547260772623
C-WEU-AUT,sub,sfh,2045,2.5340378164269586
C-WEU-AUT,sub,sfh,2050,2.5340314754153934
C-WEU-AUT,sub,sfh,2055,2.534120606278326
C-WEU-AUT,sub,sfh,2060,2.5342911579017824
C-WEU-AUT,sub,sfh,2065,2.5345296093314875
C-WEU-AUT,sub,sfh,2070,2.534822543710342
C-WEU-AUT,sub,sfh,2075,2.5351562961404244
C-WEU-AUT,sub,sfh,2080,2.5355166691226865
C-WEU-AUT,sub,sfh,2085,2.535888716595858
C-WEU-AUT,sub,sfh,2090,2.5362566035723706
C-WEU-AUT,sub,sfh,2095,2.536603552951065
C-WEU-AUT,sub,sfh,2100,2.536911893945577
C-WEU-AUT,urb,mfh,2015,1.8351908929462786
C-WEU-AUT,urb,mfh,2020,1.8350625879770959
C-WEU-AUT,urb,mfh,2025,1.8349663055584793
C-WEU-AUT,urb,mfh,2030,1.8348967761235777
C-WEU-AUT,urb,mfh,2035,1.8348494857194753
C-WEU-AUT,urb,mfh,2040,1.834820454290493
C-WEU-AUT,urb,mfh,2045,1.8348060677693052
C-WEU-AUT,urb,mfh,2050,1.8348029487546504
C-WEU-AUT,urb,mfh,2055,1.834807855969604
C-WEU-AUT,urb,mfh,2060,1.834817606349862
C-WEU-AUT,urb,mfh,2065,1.8348290161686145
C-WEU-AUT,urb,mfh,2070,1.8348388594463954
C-WEU-AUT,urb,mfh,2075,1.8348438432331327
C-WEU-AUT,urb,mfh,2080,1.8348406002875637
C-WEU-AUT,urb,mfh,2085,1.8348257002433472
C-WEU-AUT,urb,mfh,2090,1.8347956805185242
C-WEU-AUT,urb,mfh,2095,1.8347470979440943
C-WEU-AUT,urb,mfh,2100,1.8346766013036375
C-WEU-AUT,urb,sfh,2015,2.26233863528902
C-WEU-AUT,urb,sfh,2020,2.262115485167814
C-WEU-AUT,urb,sfh,2025,2.2619439042189238
C-WEU-AUT,urb,sfh,2030,2.2618173406970485
C-WEU-AUT,urb,sfh,2035,2.2617304333022554
C-WEU-AUT,urb,sfh,2040,2.2616786983382875
C-WEU-AUT,urb,sfh,2045,2.2616582915665506
C-WEU-AUT,urb,sfh,2050,2.2616658220666404
C-WEU-AUT,urb,sfh,2055,2.261698202990656
C-WEU-AUT,urb,sfh,2060,2.261752529169009
C-WEU-AUT,urb,sfh,2065,2.261825975060607
C-WEU-AUT,urb,sfh,2070,2.261915709122047
C-WEU-AUT,urb,sfh,2075,2.2620188226462252
C-WEU-AUT,urb,sfh,2080,2.262132272688458
C-WEU-AUT,urb,sfh,2085,2.26225283995179
C-WEU-AUT,urb,sfh,2090,2.2623771034594724
C-WEU-AUT,urb,sfh,2095,2.26250143445887
C-WEU-AUT,urb,sfh,2100,2.262622012192408
C-WEU-BEL,rur,mfh,2015,1.7957825884081875
C-WEU-BEL,rur,mfh,2020,1.7958960554981398
C-WEU-BEL,rur,mfh,2025,1.7959644948886389
C-WEU-BEL,rur,mfh,2030,1.795997624687316
C-WEU-BEL,rur,mfh,2035,1.7960031801795084
C-WEU-BEL,rur,mfh,2040,1.7959875217871208
C-WEU-BEL,rur,mfh,2045,1.79595605314355
C-WEU-BEL,rur,mfh,2050,1.7959135166983868
C-WEU-BEL,rur,mfh,2055,1.7958642080986007
C-WEU-BEL,rur,mfh,2060,1.7958121352113163
C-WEU-BEL,rur,mfh,2065,1.7957611383020393
C-WEU-BEL,rur,mfh,2070,1.7957149820101816
C-WEU-BEL,rur,mfh,2075,1.7956774259553794
C-WEU-BEL,rur,mfh,2080,1.7956522782549205
C-WEU-BEL,rur,mfh,2085,1.7956434344625203
C-WEU-BEL,rur,mfh,2090,1.795654903172782
C-WEU-BEL,rur,mfh,2095,1.7956908186101659
C-WEU-BEL,rur,mfh,2100,1.795755439844446
C-WEU-BEL,rur,sfh,2015,2.5778205837191175
C-WEU-BEL,rur,sfh,2020,2.5787450948410546
C-WEU-BEL,rur,sfh,2025,2.5795044308731194
C-WEU-BEL,rur,sfh,2030,2.580128900515054
C-WEU-BEL,rur,sfh,2035,2.580641639216282
C-WEU-BEL,rur,sfh,2040,2.5810606577775173
C-WEU-BEL,rur,sfh,2045,2.5814002390547173
C-WEU-BEL,rur,sfh,2050,2.581671914522221
C-WEU-BEL,rur,sfh,2055,2.5818851630066773
C-WEU-BEL,rur,sfh,2060,2.5820479214789134
C-WEU-BEL,rur,sfh,2065,2.5821669660917874
C-WEU-BEL,rur,sfh,2070,2.5822482019349455
C-WEU-BEL,rur,sfh,2075,2.5822968873865086
C-WEU-BEL,rur,sfh,2080,2.5823178106961433
C-WEU-BEL,rur,sfh,2085,2.5823154308968634
C-WEU-BEL,rur,sfh,2090,2.582293991327488
C-WEU-BEL,rur,sfh,2095,2.5822576113472016
C-WEU-BEL,rur,sfh,2100,2.5822103598602792
C-WEU-BEL,sub,mfh,2015,1.7857652708749756
C-WEU-BEL,sub,mfh,2020,1.7862127737235522
C-WEU-BEL,sub,mfh,2025,1.7865881250148448
C-WEU-BEL,sub,mfh,2030,1.7869012450946287
C-WEU-BEL,sub,mfh,2035,1.7871604057245438
C-WEU-BEL,sub,mfh,2040,1.787372608652237
C-WEU-BEL,sub,mfh,2045,1.7875438731065953
C-WEU-BEL,sub,mfh,2050,1.787679457460227
C-WEU-BEL,sub,mfh,2055,1.7877840325322407
C-WEU-BEL,sub,mfh,2060,1.7878618187764868
C-WEU-BEL,sub,mfh,2065,1.787916696011687
C-WEU-BEL,sub,mfh,2070,1.787952291837835
C-WEU-BEL,sub,mfh,2075,1.7879720530910148
C-WEU-BEL,sub,mfh,2080,1.7879793033866629
C-WEU-BEL,sub,mfh,2085,1.787977288840259
C-WEU-BEL,sub,mfh,2090,1.7879692133376854
C-WEU-BEL,sub,mfh,2095,1.7879582641931409
C-WEU-BEL,sub,mfh,2100,1.7879476286420652
C-WEU-BEL,sub,sfh,2015,2.5870016298642886
C-WEU-BEL,sub,sfh,2020,2.58766278705569
C-WEU-BEL,sub,sfh,2025,2.5882205017325814
C-WEU-BEL,sub,sfh,2030,2.5886888285859664
C-WEU-BEL,sub,sfh,2035,2.5890794557821972
C-WEU-BEL,sub,sfh,2040,2.5894022447451914
C-WEU-BEL,sub,sfh,2045,2.5896656399348714
C-WEU-BEL,sub,sfh,2050,2.5898769847005068
C-WEU-BEL,sub,sfh,2055,2.5900427682002993
C-WEU-BEL,sub,sfh,2060,2.5901688209206752
C-WEU-BEL,sub,sfh,2065,2.5902604712118897
C-WEU-BEL,sub,sfh,2070,2.5903226716772094
C-WEU-BEL,sub,sfh,2075,2.590360101700946
C-WEU-BEL,sub,sfh,2080,2.5903772505472764
C-WEU-BEL,sub,sfh,2085,2.5903784840934185
C-WEU-BEL,sub,sfh,2090,2.5903680972380227
C-WEU-BEL,sub,sfh,2095,2.5903503532589682
C-WEU-BEL,sub,sfh,2100,2.5903295108277944
C-WEU-BEL,urb,mfh,2015,1.8024431522437576
C-WEU-BEL,urb,mfh,2020,1.8022251029718972
C-WEU-BEL,urb,mfh,2025,1.8020284001779008
C-WEU-BEL,urb,mfh,2030,1.8018513470074446
C-WEU-BEL,urb,mfh,2035,1.8016924197272806
C-WEU-BEL,urb,mfh,2040,1.801550241155719
C-WEU-BEL,urb,mfh,2045,1.8014235580789177
C-WEU-BEL,urb,mfh,2050,1.801311221933202
C-WEU-BEL,urb,mfh,2055,1.801212172183837
C-WEU-BEL,urb,mfh,2060,1.8011254219486434
C-WEU-BEL,urb,mfh,2065,1.8010500455083516
C-WEU-BEL,urb,mfh,2070,1.8009851674204356
C-WEU-BEL,urb,mfh,2075,1.8009299530136011
C-WEU-BEL,urb,mfh,2080,1.8008836000893045
C-WEU-BEL,urb,mfh,2085,1.8008453316970467
C-WEU-BEL,urb,mfh,2090,1.8008143898834001
C-WEU-BEL,urb,mfh,2095,1.80079003034209
C-WEU-BEL,urb,mfh,2100,1.8007715179148522
C-WEU-BEL,urb,sfh,2015,2.569590500244841
C-WEU-BEL,urb,sfh,2020,2.56930376834123
C-WEU-BEL,urb,sfh,2025,2.5690459844947253
C-WEU-BEL,urb,sfh,2030,2.568814827149832
C-WEU-BEL,urb,sfh,2035,2.568608207911751
C-WEU-BEL,urb,sfh,2040,2.5684242354086577
C-WEU-BEL,urb,sfh,2045,2.5682611845687764
C-WEU-BEL,urb,sfh,2050,2.5681174703378074
C-WEU-BEL,urb,sfh,2055,2.5679916250663863
C-WEU-BEL,urb,sfh,2060,2.5678822789576263
C-WEU-BEL,urb,sfh,2065,2.567788143092008
C-WEU-BEL,urb,sfh,2070,2.5677079946486936
C-WEU-BEL,urb,sfh,2075,2.5676406640246303
C-WEU-BEL,urb,sfh,2080,2.5675850236197637
C-WEU-BEL,urb,sfh,2085,2.567539978111581
C-WEU-BEL,urb,sfh,2090,2.56750445608733
C-WEU-BEL,urb,sfh,2095,2.5674774029392906
C-WEU-BEL,urb,sfh,2100,2.567457774958658
C-WEU-CYP,rur,mfh,2015,2.481338850587694
C-WEU-CYP,rur,mfh,2020,2.481338850587694
C-WEU-CYP,rur,mfh,2025,2.481338850587694
C-WEU-CYP,rur,mfh,2030,2.481338850587694
C-WEU-CYP,rur,mfh,2035,2.481338850587694
C-WEU-CYP,rur,mfh,2040,2.481338850587694
C-WEU-CYP,rur,mfh,2045,2.481338850587694
C-WEU-CYP,rur,mfh,2050,2.481338850587694
C-WEU-CYP,rur,mfh,2055,2.481338850587694
C-WEU-CYP,rur,mfh,2060,2.481338850587694
C-WEU-CYP,rur,mfh,2065,2.481338850587694
C-WEU-CYP,rur,mfh,2070,2.481338850587694
C-WEU-CYP,rur,mfh,2075,2.481338850587694
C-WEU-CYP,rur,mfh,2080,2.481338850587694
C-WEU-CYP,rur,mfh,2085,2.481338850587694
C-WEU-CYP,rur,mfh,2090,2.481338850587694
C-WEU-CYP,rur,mfh,2095,2.481338850587694
C-WEU-CYP,rur,mfh,2100,2.481338850587694
C-WEU-CYP,rur,sfh,2015,2.9057607342950087
C-WEU-CYP,rur,sfh,2020,2.9057607342950087
C-WEU-CYP,rur,sfh,2025,2.9057607342950087
C-WEU-CYP,rur,sfh,2030,2.9057607342950087
C-WEU-CYP,rur,sfh,2035,2.9057607342950087
C-WEU-CYP,rur,sfh,2040,2.9057607342950087
C-WEU-CYP,rur,sfh,2045,2.9057607342950087
C-WEU-CYP,rur,sfh,2050,2.9057607342950087
C-WEU-CYP,rur,sfh,2055,2.9057607342950087
C-WEU-CYP,rur,sfh,2060,2.9057607342950087
C-WEU-CYP,rur,sfh,2065,2.9057607342950087
C-WEU-CYP,rur,sfh,2070,2.9057607342950087
C-WEU-CYP,rur,sfh,2075,2.9057607342950087
C-WEU-CYP,rur,sfh,2080,2.9057607342950087
C-WEU-CYP,rur,sfh,2085,2.9057607342950087
C-WEU-CYP,rur,sfh,2090,2.9057607342950087
C-WEU-CYP,rur,sfh,2095,2.9057607342950087
C-WEU-CYP,rur,sfh,2100,2.9057607342950087
C-WEU-CYP,sub,mfh,2015,2.5330334099749376
C-WEU-CYP,sub,mfh,2020,2.5330334099749376
C-WEU-CYP,sub,mfh,2025,2.5330334099749376
C-WEU-CYP,sub,mfh,2030,2.5330334099749376
C-WEU-CYP,sub,mfh,2035,2.5330334099749376
C-WEU-CYP,sub,mfh,2040,2.5330334099749376
C-WEU-CYP,sub,mfh,2045,2.5330334099749376
C-WEU-CYP,sub,mfh,2050,2.5330334099749376
C-WEU-CYP,sub,mfh,2055,2.5330334099749376
C-WEU-CYP,sub,mfh,2060,2.5330334099749376
C-WEU-CYP,sub,mfh,2065,2.5330334099749376
C-WEU-CYP,sub,mfh,2070,2.5330334099749376
C-WEU-CYP,sub,mfh,2075,2.5330334099749376
C-WEU-CYP,sub,mfh,2080,2.5330334099749376
C-WEU-CYP,sub,mfh,2085,2.5330334099749376
C-WEU-CYP,sub,mfh,2090,2.5330334099749376
C-WEU-CYP,sub,mfh,2095,2.5330334099749376
C-WEU-CYP,sub,mfh,2100,2.5330334099749376
C-WEU-CYP,sub,sfh,2015,2.966297416259488
C-WEU-CYP,sub,sfh,2020,2.966297416259488
C-WEU-CYP,sub,sfh,2025,2.966297416259488
C-WEU-CYP,sub,sfh,2030,2.966297416259488
C-WEU-CYP,sub,sfh,2035,2.966297416259488
C-WEU-CYP,sub,sfh,2040,2.966297416259488
C-WEU-CYP,sub,sfh,2045,2.966297416259488
C-WEU-CYP,sub,sfh,2050,2.966297416259488
C-WEU-CYP,sub,sfh,2055,2.966297416259488
C-WEU-CYP,sub,sfh,2060,2.966297416259488
C-WEU-CYP,sub,sfh,2065,2.966297416259488
C-WEU-CYP,sub,sfh,2070,2.966297416259488
C-WEU-CYP,sub,sfh,2075,2.966297416259488
C-WEU-CYP,sub,sfh,2080,2.966297416259488
C-WEU-CYP,sub,sfh,2085,2.966297416259488
C-WEU-CYP,sub,sfh,2090,2.966297416259488
C-WEU-CYP,sub,sfh,2095,2.966297416259488
C-WEU-CYP,sub,sfh,2100,2.966297416259488
C-WEU-CYP,urb,mfh,2015,2.162555734366358
C-WEU-CYP,urb,mfh,2020,2.162555734366358
C-WEU-CYP,urb,mfh,2025,2.162555734366358
C-WEU-CYP,urb,mfh,2030,2.162555734366358
C-WEU-CYP,urb,mfh,2035,2.162555734366358
C-WEU-CYP,urb,mfh,2040,2.162555734366358
C-WEU-CYP,urb,mfh,2045,2.162555734366358
C-WEU-CYP,urb,mfh,2050,2.162555734366358
C-WEU-CYP,urb,mfh,2055,2.162555734366358
C-WEU-CYP,urb,mfh,2060,2.162555734366358
C-WEU-CYP,urb,mfh,2065,2.162555734366358
C-WEU-CYP,urb,mfh,2070,2.162555734366358
C-WEU-CYP,urb,mfh,2075,2.162555734366358
C-WEU-CYP,urb,mfh,2080,2.162555734366358
C-WEU-CYP,urb,mfh,2085,2.162555734366358
C-WEU-CYP,urb,mfh,2090,2.162555734366358
C-WEU-CYP,urb,mfh,2095,2.162555734366358
C-WEU-CYP,urb,mfh,2100,2.162555734366358
C-WEU-CYP,urb,sfh,2015,2.532451195514053
C-WEU-CYP,urb,sfh,2020,2.532451195514053
C-WEU-CYP,urb,sfh,2025,2.532451195514053
C-WEU-CYP,urb,sfh,2030,2.532451195514053
C-WEU-CYP,urb,sfh,2035,2.532451195514053
C-WEU-CYP,urb,sfh,2040,2.532451195514053
C-WEU-CYP,urb,sfh,2045,2.532451195514053
C-WEU-CYP,urb,sfh,2050,2.532451195514053
C-WEU-CYP,urb,sfh,2055,2.532451195514053
C-WEU-CYP,urb,sfh,2060,2.532451195514053
C-WEU-CYP,urb,sfh,2065,2.532451195514053
C-WEU-CYP,urb,sfh,2070,2.532451195514053
C-WEU-CYP,urb,sfh,2075,2.532451195514053
C-WEU-CYP,urb,sfh,2080,2.532451195514053
C-WEU-CYP,urb,sfh,2085,2.532451195514053
C-WEU-CYP,urb,sfh,2090,2.532451195514053
C-WEU-CYP,urb,sfh,2095,2.532451195514053
C-WEU-CYP,urb,sfh,2100,2.532451195514053
C-WEU-DEU,rur,mfh,2015,1.9874886195072243
C-WEU-DEU,rur,mfh,2020,1.9875186409763281
C-WEU-DEU,rur,mfh,2025,1.9875752672097675
C-WEU-DEU,rur,mfh,2030,1.9876561042531098
C-WEU-DEU,rur,mfh,2035,1.9877593528969428
C-WEU-DEU,rur,mfh,2040,1.9878835786868563
C-WEU-DEU,rur,mfh,2045,1.9880275281636004
C-WEU-DEU,rur,mfh,2050,1.9881899700993821
C-WEU-DEU,rur,mfh,2055,1.9883695487661806
C-WEU-DEU,rur,mfh,2060,1.988564642111427
C-WEU-DEU,rur,mfh,2065,1.988773222625085
C-WEU-DEU,rur,mfh,2070,1.9889927235227052
C-WEU-DEU,rur,mfh,2075,1.989219918051006
C-WEU-DEU,rur,mfh,2080,1.9894508252021046
C-WEU-DEU,rur,mfh,2085,1.9896806603078845
C-WEU-DEU,rur,mfh,2090,1.989903852645879
C-WEU-DEU,rur,mfh,2095,1.9901141524955406
C-WEU-DEU,rur,mfh,2100,1.9903048449581067
C-WEU-DEU,rur,sfh,2015,2.7584152387509677
C-WEU-DEU,rur,sfh,2020,2.7584926276807207
C-WEU-DEU,rur,sfh,2025,2.758562528076329
C-WEU-DEU,rur,sfh,2030,2.758627622812278
C-WEU-DEU,rur,sfh,2035,2.7586902256207955
C-WEU-DEU,rur,sfh,2040,2.758752414344141
C-WEU-DEU,rur,sfh,2045,2.758816121219296
C-WEU-DEU,rur,sfh,2050,2.758883192026838
C-WEU-DEU,rur,sfh,2055,2.7589554202537454
C-WEU-DEU,rur,sfh,2060,2.759034558843337
C-WEU-DEU,rur,sfh,2065,2.7591223098613145
C-WEU-DEU,rur,sfh,2070,2.7592202911990458
C-WEU-DEU,rur,sfh,2075,2.7593299792562562
C-WEU-DEU,rur,sfh,2080,2.759452627554362
C-WEU-DEU,rur,sfh,2085,2.759589163630462
C-WEU-DEU,rur,sfh,2090,2.7597400704274424
C-WEU-DEU,rur,sfh,2095,2.759905263462712
C-WEU-DEU,rur,sfh,2100,2.7600839804999766
C-WEU-DEU,sub,mfh,2015,1.8571376564184643
C-WEU-DEU,sub,mfh,2020,1.856947588990762
C-WEU-DEU,sub,mfh,2025,1.856836500802978
C-WEU-DEU,sub,mfh,2030,1.8567940312660944
C-WEU-DEU,sub,mfh,2035,1.8568107198705657
C-WEU-DEU,sub,mfh,2040,1.8568776717350497
C-WEU-DEU,sub,mfh,2045,1.8569862799029835
C-WEU-DEU,sub,mfh,2050,1.8571279918536303
C-WEU-DEU,sub,mfh,2055,1.857294112919478
C-WEU-DEU,sub,mfh,2060,1.8574756434683037
C-WEU-DEU,sub,mfh,2065,1.8576631501825507
C-WEU-DEU,sub,mfh,2070,1.857846674727678
C-WEU-DEU,sub,mfh,2075,1.8580156855666619
C-WEU-DEU,sub,mfh,2080,1.8581590805350887
C-WEU-DEU,sub,mfh,2085,1.8582652488040157
C-WEU-DEU,sub,mfh,2090,1.8583222006941147
C-WEU-DEU,sub,mfh,2095,1.8583177720856348
C-WEU-DEU,sub,mfh,2100,1.8582399065501254
C-WEU-DEU,sub,sfh,2015,2.5935300990799393
C-WEU-DEU,sub,sfh,2020,2.593309726726822
C-WEU-DEU,sub,sfh,2025,2.5931550617826593
C-WEU-DEU,sub,sfh,2030,2.5930568984551563
C-WEU-DEU,sub,sfh,2035,2.593006833141107
C-WEU-DEU,sub,sfh,2040,2.5929969783493214
C-WEU-DEU,sub,sfh,2045,2.5930197275114755
C-WEU-DEU,sub,sfh,2050,2.5930675597988153
C-WEU-DEU,sub,sfh,2055,2.59313287857635
C-WEU-DEU,sub,sfh,2060,2.5932078806841825
C-WEU-DEU,sub,sfh,2065,2.5932844566524573
C-WEU-DEU,sub,sfh,2070,2.593354124382299
C-WEU-DEU,sub,sfh,2075,2.5934080007782563
C-WEU-DEU,sub,sfh,2080,2.5934368172031834
C-WEU-DEU,sub,sfh,2085,2.593430985252121
C-WEU-DEU,sub,sfh,2090,2.593380718944164
C-WEU-DEU,sub,sfh,2095,2.5932762177198114
C-WEU-DEU,sub,sfh,2100,2.593107911358924
C-WEU-DEU,urb,mfh,2015,1.583265165419251
C-WEU-DEU,urb,mfh,2020,1.583169305852458
C-WEU-DEU,urb,mfh,2025,1.5831191076855071
C-WEU-DEU,urb,mfh,2030,1.583108495949556
C-WEU-DEU,urb,mfh,2035,1.5831320710272523
C-WEU-DEU,urb,mfh,2040,1.5831848292405626
C-WEU-DEU,urb,mfh,2045,1.5832619309872336
C-WEU-DEU,urb,mfh,2050,1.5833585028141686
C-WEU-DEU,urb,mfh,2055,1.5834694660314566
C-WEU-DEU,urb,mfh,2060,1.5835893895540658
C-WEU-DEU,urb,mfh,2065,1.5837123691864659
C-WEU-DEU,urb,mfh,2070,1.5838319397893816
C-WEU-DEU,urb,mfh,2075,1.5839410306371646
C-WEU-DEU,urb,mfh,2080,1.5840319774220366
C-WEU-DEU,urb,mfh,2085,1.5840966060903718
C-WEU-DEU,urb,mfh,2090,1.5841264030175246
C-WEU-DEU,urb,mfh,2095,1.5841127818150287
C-WEU-DEU,urb,mfh,2100,1.5840474483752445
C-WEU-DEU,urb,sfh,2015,2.3129268915163785
C-WEU-DEU,urb,sfh,2020,2.312821015627418
C-WEU-DEU,urb,sfh,2025,2.3127445638693134
C-WEU-DEU,urb,sfh,2030,2.3126932841450776
C-WEU-DEU,urb,sfh,2035,2.3126634183167374
C-WEU-DEU,urb,sfh,2040,2.3126515175214406
C-WEU-DEU,urb,sfh,2045,2.312654292076332
C-WEU-DEU,urb,sfh,2050,2.3126684865918192
C-WEU-DEU,urb,sfh,2055,2.3126907750709
C-WEU-DEU,urb,sfh,2060,2.312717674070344
C-WEU-DEU,urb,sfh,2065,2.312745474821907
C-WEU-DEU,urb,sfh,2070,2.312770197724809
C-WEU-DEU,urb,sfh,2075,2.31278757480007
C-WEU-DEU,urb,sfh,2080,2.3127930673293275
C-WEU-DEU,urb,sfh,2085,2.312781926586006
C-WEU-DEU,urb,sfh,2090,2.312749304756216
C-WEU-DEU,urb,sfh,2095,2.312690420244946
C-WEU-DEU,urb,sfh,2100,2.312600776124743
C-WEU-DNK,rur,mfh,2015,1.6655066377794616
C-WEU-DNK,rur,mfh,2020,1.6654066466904025
C-WEU-DNK,rur,mfh,2025,1.6653372732340748
C-WEU-DNK,rur,mfh,2030,1.6652939196893393
C-WEU-DNK,rur,mfh,2035,1.6652725601566625
C-WEU-DNK,rur,mfh,2040,1.665269569587663
C-WEU-DNK,rur,mfh,2045,1.6652815929089633
C-WEU-DNK,rur,mfh,2050,1.665305444384363
C-WEU-DNK,rur,mfh,2055,1.6653380309571113
C-WEU-DNK,rur,mfh,2060,1.6653762957812277
C-WEU-DNK,rur,mfh,2065,1.6654171798545634
C-WEU-DNK,rur,mfh,2070,1.6654576008119277
C-WEU-DNK,rur,mfh,2075,1.6654944486295826
C-WEU-DNK,rur,mfh,2080,1.6655245982786209
C-WEU-DNK,rur,mfh,2085,1.6655449392594035
C-WEU-DNK,rur,mfh,2090,1.6655524214622233
C-WEU-DNK,rur,mfh,2095,1.6655441159578754
C-WEU-DNK,rur,mfh,2100,1.66551728819111
C-WEU-DNK,rur,sfh,2015,2.501733536451182
C-WEU-DNK,rur,sfh,2020,2.5015965015108685
C-WEU-DNK,rur,sfh,2025,2.5015019954431614
C-WEU-DNK,rur,sfh,2030,2.501443632614737
C-WEU-DNK,rur,sfh,2035,2.5014158195868763
C-WEU-DNK,rur,sfh,2040,2.501413517694674
C-WEU-DNK,rur,sfh,2045,2.501432061272709
C-WEU-DNK,rur,sfh,2050,2.5014670178591025
C-WEU-DNK,rur,sfh,2055,2.5015140817050874
C-WEU-DNK,rur,sfh,2060,2.501568995343385
C-WEU-DNK,rur,sfh,2065,2.5016274963351828
C-WEU-DNK,rur,sfh,2070,2.5016852879067164
C-WEU-DNK,rur,sfh,2075,2.501738033148392
C-WEU-DNK,rur,sfh,2080,2.501781372845022
C-WEU-DNK,rur,sfh,2085,2.5018109668558033
C-WEU-DNK,rur,sfh,2090,2.50182255828032
C-WEU-DNK,rur,sfh,2095,2.5018120584698083
C-WEU-DNK,rur,sfh,2100,2.501775649361972
C-WEU-DNK,sub,mfh,2015,1.7121276773582892
C-WEU-DNK,sub,mfh,2020,1.7123894418710024
C-WEU-DNK,sub,mfh,2025,1.712611974573026
C-WEU-DNK,sub,mfh,2030,1.7128004319354473
C-WEU-DNK,sub,mfh,2035,1.7129597028785148
C-WEU-DNK,sub,mfh,2040,1.7130944666569676
C-WEU-DNK,sub,mfh,2045,1.7132092403430088
C-WEU-DNK,sub,mfh,2050,1.7133084171299007
C-WEU-DNK,sub,mfh,2055,1.7133962963451965
C-WEU-DNK,sub,mfh,2060,1.7134771058078542
C-WEU-DNK,sub,mfh,2065,1.7135550169744618
C-WEU-DNK,sub,mfh,2070,1.7136341531875185
C-WEU-DNK,sub,mfh,2075,1.7137185912572794
C-WEU-DNK,sub,mfh,2080,1.7138123565741195
C-WEU-DNK,sub,mfh,2085,1.7139194119578907
C-WEU-DNK,sub,mfh,2090,1.7140436405016874
C-WEU-DNK,sub,mfh,2095,1.7141888227567466
C-WEU-DNK,sub,mfh,2100,1.7143586087285958
C-WEU-DNK,sub,sfh,2015,2.567998320304984
C-WEU-DNK,sub,sfh,2020,2.568325894785604
C-WEU-DNK,sub,sfh,2025,2.568604406821873
C-WEU-DNK,sub,sfh,2030,2.568840319126838
C-WEU-DNK,sub,sfh,2035,2.5690397595923544
C-WEU-DNK,sub,sfh,2040,2.569208593746105
C-WEU-DNK,sub,sfh,2045,2.5693524841750373
C-WEU-DNK,sub,sfh,2050,2.5694769384459892
C-WEU-DNK,sub,sfh,2055,2.5695873466361596
C-WEU-DNK,sub,sfh,2060,2.5696890092671776
C-WEU-DNK,sub,sfh,2065,2.5697871562000447
C-WEU-DNK,sub,sfh,2070,2.5698869568827845
C-WEU-DNK,sub,sfh,2075,2.569993522240993
C-WEU-DNK,sub,sfh,2080,2.570111898458551
C-WEU-DNK,sub,sfh,2085,2.5702470529081105
C-WEU-DNK,sub,sfh,2090,2.5704038525552138
C-WEU-DNK,sub,sfh,2095,2.570587035272226
C-WEU-DNK,sub,sfh,2100,2.570801174653289
C-WEU-DNK,urb,mfh,2015,1.7582296294830553
C-WEU-DNK,urb,mfh,2020,1.7591333580419386
C-WEU-DNK,urb,mfh,2025,1.759852965183956
C-WEU-DNK,urb,mfh,2030,1.760432148848337
C-WEU-DNK,urb,mfh,2035,1.760903075342234
C-WEU-DNK,urb,mfh,2040,1.7612903410590566
C-WEU-DNK,urb,mfh,2045,1.7616134610375092
C-WEU-DNK,urb,mfh,2050,1.761888477519138
C-WEU-DNK,urb,mfh,2055,1.762129016494137
C-WEU-DNK,urb,mfh,2060,1.7623469798612816
C-WEU-DNK,urb,mfh,2065,1.7625529837536769
C-WEU-DNK,urb,mfh,2070,1.7627566105352521
C-WEU-DNK,urb,mfh,2075,1.7629665183931602
C-WEU-DNK,urb,mfh,2080,1.7631904407115992
C-WEU-DNK,urb,mfh,2085,1.7634351031434565
C-WEU-DNK,urb,mfh,2090,1.763706086543795
C-WEU-DNK,urb,mfh,2095,1.764007666239152
C-WEU-DNK,urb,mfh,2100,1.7643426601727707
C-WEU-DNK,urb,sfh,2015,2.652984804917907
C-WEU-DNK,urb,sfh,2020,2.6544907599550407
C-WEU-DNK,urb,sfh,2025,2.6556899185852405
C-WEU-DNK,urb,sfh,2030,2.656655041881711
C-WEU-DNK,urb,sfh,2035,2.657439680964361
C-WEU-DNK,urb,sfh,2040,2.6580847759299018
C-WEU-DNK,urb,sfh,2045,2.6586228012126547
C-WEU-DNK,urb,sfh,2050,2.6590804454029175
C-WEU-DNK,urb,sfh,2055,2.6594803718746975
C-WEU-DNK,urb,sfh,2060,2.6598423727705223
C-WEU-DNK,urb,sfh,2065,2.6601841004949014
C-WEU-DNK,urb,sfh,2070,2.6605214891379108
C-WEU-DNK,urb,sfh,2075,2.6608689389338025
C-WEU-DNK,urb,sfh,2080,2.6612393172554034
C-WEU-DNK,urb,sfh,2085,2.6616438224813566
C-WEU-DNK,urb,sfh,2090,2.6620917574399
C-WEU-DNK,urb,sfh,2095,2.662590262954594
C-WEU-DNK,urb,sfh,2100,2.6631440654657053
C-WEU-ESP,rur,mfh,2015,2.532260925178861
C-WEU-ESP,rur,mfh,2020,2.531982111400199
C-WEU-ESP,rur,mfh,2025,2.531754063544848
C-WEU-ESP,rur,mfh,2030,2.53157066076066
C-WEU-ESP,rur,mfh,2035,2.5314266299542565
C-WEU-ESP,rur,mfh,2040,2.531317397343909
C-WEU-ESP,rur,mfh,2045,2.53123896881812
C-WEU-ESP,rur,mfh,2050,2.5311878325064456
C-WEU-ESP,rur,mfh,2055,2.531160878567424
C-WEU-ESP,rur,mfh,2060,2.5311553323528857
C-WEU-ESP,rur,mfh,2065,2.5311686979439307
C-WEU-ESP,rur,mfh,2070,2.531198709656395
C-WEU-ESP,rur,mfh,2075,2.5312432895393058
C-WEU-ESP,rur,mfh,2080,2.5313005091754817
C-WEU-ESP,rur,mfh,2085,2.5313685542601285
C-WEU-ESP,rur,mfh,2090,2.531445690489058
C-WEU-ESP,rur,mfh,2095,2.5315302292276174
C-WEU-ESP,rur,mfh,2100,2.531620491233391
C-WEU-ESP,rur,sfh,2015,2.6554255673236336
C-WEU-ESP,rur,sfh,2020,2.6548058296924513
C-WEU-ESP,rur,sfh,2025,2.6542982791049625
C-WEU-ESP,rur,sfh,2030,2.653890294779175
C-WEU-ESP,rur,sfh,2035,2.653571092234506
C-WEU-ESP,rur,sfh,2040,2.6533314153364556
C-WEU-ESP,rur,sfh,2045,2.653163290536658
C-WEU-ESP,rur,sfh,2050,2.6530598296250445
C-WEU-ESP,rur,sfh,2055,2.65301507076979
C-WEU-ESP,rur,sfh,2060,2.653023850163406
C-WEU-ESP,rur,sfh,2065,2.6530816984941574
C-WEU-ESP,rur,sfh,2070,2.6531847579127166
C-WEU-ESP,rur,sfh,2075,2.653329716302094
C-WEU-ESP,rur,sfh,2080,2.6535137565872464
C-WEU-ESP,rur,sfh,2085,2.653734519621098
C-WEU-ESP,rur,sfh,2090,2.653990079927792
C-WEU-ESP,rur,sfh,2095,2.654278934343347
C-WEU-ESP,rur,sfh,2100,2.654600004451144
C-WEU-ESP,sub,mfh,2015,2.571658382393635
C-WEU-ESP,sub,mfh,2020,2.5712807411770444
C-WEU-ESP,sub,mfh,2025,2.5709692701567115
C-WEU-ESP,sub,mfh,2030,2.570714907039409
C-WEU-ESP,sub,mfh,2035,2.570510086023459
C-WEU-ESP,sub,mfh,2040,2.57034839737914
C-WEU-ESP,sub,mfh,2045,2.5702243276735097
C-WEU-ESP,sub,mfh,2050,2.570133058187088
C-WEU-ESP,sub,mfh,2055,2.570070305856197
C-WEU-ESP,sub,mfh,2060,2.5700321956461085
C-WEU-ESP,sub,mfh,2065,2.570015156398259
C-WEU-ESP,sub,mfh,2070,2.5700158343902153
C-WEU-ESP,sub,mfh,2075,2.570031020414022
C-WEU-ESP,sub,mfh,2080,2.570057587322368
C-WEU-ESP,sub,mfh,2085,2.570092435849189
C-WEU-ESP,sub,mfh,2090,2.5701324471743705
C-WEU-ESP,sub,mfh,2095,2.5701744412344665
C-WEU-ESP,sub,mfh,2100,2.5702151402269244
C-WEU-ESP,sub,sfh,2015,2.73666023416784
C-WEU-ESP,sub,sfh,2020,2.7357890998535064
C-WEU-ESP,sub,sfh,2025,2.735071040575893
C-WEU-ESP,sub,sfh,2030,2.7344855026888215
C-WEU-ESP,sub,sfh,2035,2.734015375151158
C-WEU-ESP,sub,sfh,2040,2.7336462117737876
C-WEU-ESP,sub,sfh,2045,2.7333656380811315
C-WEU-ESP,sub,sfh,2050,2.7331628913815798
C-WEU-ESP,sub,sfh,2055,2.7330284581667916
C-WEU-ESP,sub,sfh,2060,2.732953783414567
C-WEU-ESP,sub,sfh,2065,2.7329310335427874
C-WEU-ESP,sub,sfh,2070,2.7329528997752903
C-WEU-ESP,sub,sfh,2075,2.7330124322536373
C-WEU-ESP,sub,sfh,2080,2.733102897831146
C-WEU-ESP,sub,sfh,2085,2.7332176564299426
C-WEU-ESP,sub,sfh,2090,2.7333500523397065
C-WEU-ESP,sub,sfh,2095,2.733493318033848
C-WEU-ESP,sub,sfh,2100,2.7336404890762944
C-WEU-ESP,urb,mfh,2015,2.4422556042041643
C-WEU-ESP,urb,mfh,2020,2.442057119810706
C-WEU-ESP,urb,mfh,2025,2.4418956021077816
C-WEU-ESP,urb,mfh,2030,2.4417653530691656
C-WEU-ESP,urb,mfh,2035,2.441661569609131
C-WEU-ESP,urb,mfh,2040,2.4415801258931213
C-WEU-ESP,urb,mfh,2045,2.4415174079000814
C-WEU-ESP,urb,mfh,2050,2.4414701853977983
C-WEU-ESP,urb,mfh,2055,2.441435511117642
C-WEU-ESP,urb,mfh,2060,2.441410640008276
C-WEU-ESP,urb,mfh,2065,2.4413929635632594
C-WEU-ESP,urb,mfh,2070,2.4413799556983466
C-WEU-ESP,urb,mfh,2075,2.4413691277181964
C-WEU-ESP,urb,mfh,2080,2.4413579906992338
C-WEU-ESP,urb,mfh,2085,2.4413440242172775
C-WEU-ESP,urb,mfh,2090,2.4413246508254574
C-WEU-ESP,urb,mfh,2095,2.4412972160792115
C-WEU-ESP,urb,mfh,2100,2.441258974235178
C-WEU-ESP,urb,sfh,2015,2.660002585100696
C-WEU-ESP,urb,sfh,2020,2.65982947085958
C-WEU-ESP,urb,sfh,2025,2.659689947472126
C-WEU-ESP,urb,sfh,2030,2.65957849785167
C-WEU-ESP,urb,sfh,2035,2.6594904291489847
C-WEU-ESP,urb,sfh,2040,2.659421666860515
C-WEU-ESP,urb,sfh,2045,2.65936859801145
C-WEU-ESP,urb,sfh,2050,2.6593279494962427
C-WEU-ESP,urb,sfh,2055,2.6592966920135512
C-WEU-ESP,urb,sfh,2060,2.659271962949208
C-WEU-ESP,urb,sfh,2065,2.6592510035605943
C-WEU-ESP,urb,sfh,2070,2.6592311072213177
C-WEU-ESP,urb,sfh,2075,2.6592095765008645
C-WEU-ESP,urb,sfh,2080,2.6591836876113844
C-WEU-ESP,urb,sfh,2085,2.65915066133878
C-WEU-ESP,urb,sfh,2090,2.659107640043825
C-WEU-ESP,urb,sfh,2095,2.6590516707069027
C-WEU-ESP,urb,sfh,2100,2.6589796943186355
C-WEU-FIN,rur,mfh,2015,1.79283056429339
C-WEU-FIN,rur,mfh,2020,1.7927966277754062
C-WEU-FIN,rur,mfh,2025,1.7927158002088663
C-WEU-FIN,rur,mfh,2030,1.792595461609577
C-WEU-FIN,rur,mfh,2035,1.792442181951523
C-WEU-FIN,rur,mfh,2040,1.79226215483239
C-WEU-FIN,rur,mfh,2045,1.7920615360918455
C-WEU-FIN,rur,mfh,2050,1.7918467126373496
C-WEU-FIN,rur,mfh,2055,1.7916245121692713
C-WEU-FIN,rur,mfh,2060,1.7914023538402384
C-WEU-FIN,rur,mfh,2065,1.7911883318213804
C-WEU-FIN,rur,mfh,2070,1.790991218073268
C-WEU-FIN,rur,mfh,2075,1.790820367915913
C-WEU-FIN,rur,mfh,2080,1.7906855133605724
C-WEU-FIN,rur,mfh,2085,1.7905964358298323
C-WEU-FIN,rur,mfh,2090,1.7905625226050665
C-WEU-FIN,rur,mfh,2095,1.790592229633987
C-WEU-FIN,rur,mfh,2100,1.7906924948257648
C-WEU-FIN,rur,sfh,2015,2.716507105615122
C-WEU-FIN,rur,sfh,2020,2.716403877182167
C-WEU-FIN,rur,sfh,2025,2.716280410700509
C-WEU-FIN,rur,sfh,2030,2.7161397297144556
C-WEU-FIN,rur,sfh,2035,2.715984700981815
C-WEU-FIN,rur,sfh,2040,2.7158182191892024
C-WEU-FIN,rur,sfh,2045,2.7156433580756856
C-WEU-FIN,rur,sfh,2050,2.7154634953556887
C-WEU-FIN,rur,sfh,2055,2.7152824126394792
C-WEU-FIN,rur,sfh,2060,2.715104366657849
C-WEU-FIN,rur,sfh,2065,2.7149341241509863
C-WEU-FIN,rur,sfh,2070,2.7147769499213297
C-WEU-FIN,rur,sfh,2075,2.7146385363101357
C-WEU-FIN,rur,sfh,2080,2.7145248635387396
C-WEU-FIN,rur,sfh,2085,2.714441984804384
C-WEU-FIN,rur,sfh,2090,2.7143957382654254
C-WEU-FIN,rur,sfh,2095,2.7143913998305
C-WEU-FIN,rur,sfh,2100,2.7144333044917515
C-WEU-FIN,sub,mfh,2015,1.5625997838197276
C-WEU-FIN,sub,mfh,2020,1.562668631698764
C-WEU-FIN,sub,mfh,2025,1.5626902121408237
C-WEU-FIN,sub,mfh,2030,1.5626721013280134
C-WEU-FIN,sub,mfh,2035,1.562621161621425
C-WEU-FIN,sub,mfh,2040,1.5625438394637563
C-WEU-FIN,sub,mfh,2045,1.5624463968979914
C-WEU-FIN,sub,mfh,2050,1.5623350905114013
C-WEU-FIN,sub,mfh,2055,1.5622163047529722
C-WEU-FIN,sub,mfh,2060,1.562096641661443
C-WEU-FIN,sub,mfh,2065,1.5619829655811903
C-WEU-FIN,sub,mfh,2070,1.5618823992837494
C-WEU-FIN,sub,mfh,2075,1.5618022671298784
C-WEU-FIN,sub,mfh,2080,1.5617499816988307
C-WEU-FIN,sub,mfh,2085,1.561732872881146
C-WEU-FIN,sub,mfh,2090,1.5617579628480005
C-WEU-FIN,sub,mfh,2095,1.5618316963573713
C-WEU-FIN,sub,mfh,2100,1.5619596429041156
C-WEU-FIN,sub,sfh,2015,2.344330344120757
C-WEU-FIN,sub,sfh,2020,2.3443909912926983
C-WEU-FIN,sub,sfh,2025,2.3444063225534455
C-WEU-FIN,sub,sfh,2030,2.3443835857188633
C-WEU-FIN,sub,sfh,2035,2.344329352176515
C-WEU-FIN,sub,sfh,2040,2.3442498022480427
C-WEU-FIN,sub,sfh,2045,2.344150947175187
C-WEU-FIN,sub,sfh,2050,2.3440388008669055
C-WEU-FIN,sub,sfh,2055,2.343919507973719
C-WEU-FIN,sub,sfh,2060,2.343799430145008
C-WEU-FIN,sub,sfh,2065,2.343685189000901
C-WEU-FIN,sub,sfh,2070,2.3435836622727275
C-WEU-FIN,sub,sfh,2075,2.343501928812139
C-WEU-FIN,sub,sfh,2080,2.3434471589341093
C-WEU-FIN,sub,sfh,2085,2.3434264490430423
C-WEU-FIN,sub,sfh,2090,2.3434466037646717
C-WEU-FIN,sub,sfh,2095,2.3435138746632775
C-WEU-FIN,sub,sfh,2100,2.343633671456701
C-WEU-FIN,urb,mfh,2015,1.682344994390063
C-WEU-FIN,urb,mfh,2020,1.6823828343103715
C-WEU-FIN,urb,mfh,2025,1.6823852213657076
C-WEU-FIN,urb,mfh,2030,1.6823578301144573
C-WEU-FIN,urb,mfh,2035,1.6823058129312487
C-WEU-FIN,urb,mfh,2040,1.6822340314766675
C-WEU-FIN,urb,mfh,2045,1.6821472371463297
C-WEU-FIN,urb,mfh,2050,1.682050211043756
C-WEU-FIN,urb,mfh,2055,1.6819478684969138
C-WEU-FIN,urb,mfh,2060,1.6818453291522006
C-WEU-FIN,urb,mfh,2065,1.6817479508479938
C-WEU-FIN,urb,mfh,2070,1.6816613237016806
C-WEU-FIN,urb,mfh,2075,1.6815912202420153
C-WEU-FIN,urb,mfh,2080,1.6815434981891273
C-WEU-FIN,urb,mfh,2085,1.681523954832544
C-WEU-FIN,urb,mfh,2090,1.6815381359566395
C-WEU-FIN,urb,mfh,2095,1.6815911077110413
C-WEU-FIN,urb,mfh,2100,1.6816872061230392
C-WEU-FIN,urb,sfh,2015,2.463871798859678
C-WEU-FIN,urb,sfh,2020,2.4638826699622207
C-WEU-FIN,urb,sfh,2025,2.4638744019355108
C-WEU-FIN,urb,sfh,2030,2.4638500666458834
C-WEU-FIN,urb,sfh,2035,2.4638124687293836
C-WEU-FIN,urb,sfh,2040,2.4637642707684124
C-WEU-FIN,urb,sfh,2045,2.463708091157364
C-WEU-FIN,urb,sfh,2050,2.4636465801607326
C-WEU-FIN,urb,sfh,2055,2.463582476677849
C-WEU-FIN,urb,sfh,2060,2.463518646060493
C-WEU-FIN,urb,sfh,2065,2.4634580977844496
C-WEU-FIN,urb,sfh,2070,2.463403980814073
C-WEU-FIN,urb,sfh,2075,2.463359554186545
C-WEU-FIN,urb,sfh,2080,2.4633281308026254
C-WEU-FIN,urb,sfh,2085,2.4633129937638145
C-WEU-FIN,urb,sfh,2090,2.4633172868866198
C-WEU-FIN,urb,sfh,2095,2.463343884139947
C-WEU-FIN,urb,sfh,2100,2.463395246352454
C-WEU-FRA,rur,mfh,2015,1.841579978838683
C-WEU-FRA,rur,mfh,2020,1.8413972481034249
C-WEU-FRA,rur,mfh,2025,1.8412565167405626
C-WEU-FRA,rur,mfh,2030,1.8411530911267733
C-WEU-FRA,rur,mfh,2035,1.8410826170384451
C-WEU-FRA,rur,mfh,2040,1.8410410273423503
C-WEU-FRA,rur,mfh,2045,1.8410244971942777
C-WEU-FRA,rur,mfh,2050,1.841029405502439
C-WEU-FRA,rur,mfh,2055,1.841052301653649
C-WEU-FRA,rur,mfh,2060,1.8410898766920873
C-WEU-FRA,rur,mfh,2065,1.8411389382940035
C-WEU-FRA,rur,mfh,2070,1.841196389005503
C-WEU-FRA,rur,mfh,2075,1.8412592073109588
C-WEU-FRA,rur,mfh,2080,1.8413244311815788
C-WEU-FRA,rur,mfh,2085,1.8413891438209797
C-WEU-FRA,rur,mfh,2090,1.8414504613802438
C-WEU-FRA,rur,mfh,2095,1.841505522461078
C-WEU-FRA,rur,mfh,2100,1.8415514792641712
C-WEU-FRA,rur,sfh,2015,2.4617607477336976
C-WEU-FRA,rur,sfh,2020,2.461687354921551
C-WEU-FRA,rur,sfh,2025,2.46164208063323
C-WEU-FRA,rur,sfh,2030,2.461621374914711
C-WEU-FRA,rur,sfh,2035,2.4616219240603194
C-WEU-FRA,rur,sfh,2040,2.4616406127417596
C-WEU-FRA,rur,sfh,2045,2.4616744915636355
C-WEU-FRA,rur,sfh,2050,2.4617207491538453
C-WEU-FRA,rur,sfh,2055,2.4617766880713035
C-WEU-FRA,rur,sfh,2060,2.4618397039519677
C-WEU-FRA,rur,sfh,2065,2.461907267425136
C-WEU-FRA,rur,sfh,2070,2.4619769084214975
C-WEU-FRA,rur,sfh,2075,2.462046202567142
C-WEU-FRA,rur,sfh,2080,2.4621127594171472
C-WEU-FRA,rur,sfh,2085,2.4621742123312194
C-WEU-FRA,rur,sfh,2090,2.4622282098342607
C-WEU-FRA,rur,sfh,2095,2.462272408338265
C-WEU-FRA,rur,sfh,2100,2.46230446612992
C-WEU-FRA,sub,mfh,2015,1.8383359982773815
C-WEU-FRA,sub,mfh,2020,1.8385228330633954
C-WEU-FRA,sub,mfh,2025,1.8386990566031618
C-WEU-FRA,sub,mfh,2030,1.8388649303972586
C-WEU-FRA,sub,mfh,2035,1.8390207037573079
C-WEU-FRA,sub,mfh,2040,1.839166611939303
C-WEU-FRA,sub,mfh,2045,1.839302874497972
C-WEU-FRA,sub,mfh,2050,1.8394296938118178
C-WEU-FRA,sub,mfh,2055,1.8395472537321802
C-WEU-FRA,sub,mfh,2060,1.8396557183126396
C-WEU-FRA,sub,mfh,2065,1.8397552305773628
C-WEU-FRA,sub,mfh,2070,1.8398459112884724
C-WEU-FRA,sub,mfh,2075,1.8399278576731921
C-WEU-FRA,sub,mfh,2080,1.8400011420712838
C-WEU-FRA,sub,mfh,2085,1.8400658104620926
C-WEU-FRA,sub,mfh,2090,1.8401218808282387
C-WEU-FRA,sub,mfh,2095,1.8401693413094575
C-WEU-FRA,sub,mfh,2100,1.8402081480951598
C-WEU-FRA,sub,sfh,2015,2.418906407805141
C-WEU-FRA,sub,sfh,2020,2.4191308962440954
C-WEU-FRA,sub,sfh,2025,2.419344385727685
C-WEU-FRA,sub,sfh,2030,2.41954691741651
C-WEU-FRA,sub,sfh,2035,2.4197385355419945
C-WEU-FRA,sub,sfh,2040,2.4199192835473626
C-WEU-FRA,sub,sfh,2045,2.420089200536608
C-WEU-FRA,sub,sfh,2050,2.420248317972301
C-WEU-FRA,sub,sfh,2055,2.4203966565649604
C-WEU-FRA,sub,sfh,2060,2.4205342232980986
C-WEU-FRA,sub,sfh,2065,2.4206610085338456
C-WEU-FRA,sub,sfh,2070,2.420776983144101
C-WEU-FRA,sub,sfh,2075,2.420882095611305
C-WEU-FRA,sub,sfh,2080,2.4209762690410086
C-WEU-FRA,sub,sfh,2085,2.4210593980252813
C-WEU-FRA,sub,sfh,2090,2.4211313452914274
C-WEU-FRA,sub,sfh,2095,2.4211919380641467
C-WEU-FRA,sub,sfh,2100,2.4212409640609334
C-WEU-FRA,urb,mfh,2015,1.8924010168852807
C-WEU-FRA,urb,mfh,2020,1.8925066084779094
C-WEU-FRA,urb,mfh,2025,1.8926075449079096
C-WEU-FRA,urb,mfh,2030,1.89270383556668
C-WEU-FRA,urb,mfh,2035,1.892795493952038
C-WEU-FRA,urb,mfh,2040,1.8928825354929433
C-WEU-FRA,urb,mfh,2045,1.8929649755856346
C-WEU-FRA,urb,mfh,2050,1.8930428278024762
C-WEU-FRA,urb,mfh,2055,1.8931161022371084
C-WEU-FRA,urb,mfh,2060,1.8931848039513846
C-WEU-FRA,urb,mfh,2065,1.8932489314909662
C-WEU-FRA,urb,mfh,2070,1.893308475437301
C-WEU-FRA,urb,mfh,2075,1.8933634169639386
C-WEU-FRA,urb,mfh,2080,1.893413726364671
C-WEU-FRA,urb,mfh,2085,1.893459361519741
C-WEU-FRA,urb,mfh,2090,1.8935002662642
C-WEU-FRA,urb,mfh,2095,1.8935363686192959
C-WEU-FRA,urb,mfh,2100,1.893567578843299
C-WEU-FRA,urb,sfh,2015,2.4445095161380856
C-WEU-FRA,urb,sfh,2020,2.4447057483741736
C-WEU-FRA,urb,sfh,2025,2.4448941368636934
C-WEU-FRA,urb,sfh,2030,2.445074462147337
C-WEU-FRA,urb,sfh,2035,2.445246528404651
C-WEU-FRA,urb,sfh,2040,2.4454101574430864
C-WEU-FRA,urb,sfh,2045,2.4455651831693133
C-WEU-FRA,urb,sfh,2050,2.4457114464621283
C-WEU-FRA,urb,sfh,2055,2.4458487903684425
C-WEU-FRA,urb,sfh,2060,2.4459770555455655
C-WEU-FRA,urb,sfh,2065,2.446096075873942
C-WEU-FRA,urb,sfh,2070,2.4462056741645126
C-WEU-FRA,urb,sfh,2075,2.4463056578836153
C-WEU-FRA,urb,sfh,2080,2.4463958148156397
C-WEU-FRA,urb,sfh,2085,2.4464759085791483
C-WEU-FRA,urb,sfh,2090,2.4465456739055833
C-WEU-FRA,urb,sfh,2095,2.446604811580491
C-WEU-FRA,urb,sfh,2100,2.446652982934946
C-WEU-GRC,rur,mfh,2015,2.4554213100604265
C-WEU-GRC,rur,mfh,2020,2.4555555979062307
C-WEU-GRC,rur,mfh,2025,2.4556697970929795
C-WEU-GRC,rur,mfh,2030,2.455764567785989
C-WEU-GRC,rur,mfh,2035,2.4558411662391295
C-WEU-GRC,rur,mfh,2040,2.455901357076625
C-WEU-GRC,rur,mfh,2045,2.45594731552326
C-WEU-GRC,rur,mfh,2050,2.4559815316730185
C-WEU-GRC,rur,mfh,2055,2.4560067270868067
C-WEU-GRC,rur,mfh,2060,2.4560257917120345
C-WEU-GRC,rur,mfh,2065,2.4560417470039693
C-WEU-GRC,rur,mfh,2070,2.4560577397605687
C-WEU-GRC,rur,mfh,2075,2.4560770709999225
C-WEU-GRC,rur,mfh,2080,2.4561032656266115
C-WEU-GRC,rur,mfh,2085,2.4561401922130157
C-WEU-GRC,rur,mfh,2090,2.4561922489660164
C-WEU-GRC,rur,mfh,2095,2.4562646438117666
C-WEU-GRC,rur,mfh,2100,2.456363817418056
C-WEU-GRC,rur,sfh,2015,2.544639097845427
C-WEU-GRC,rur,sfh,2020,2.5453130532655206
C-WEU-GRC,rur,sfh,2025,2.545856201509112
C-WEU-GRC,rur,sfh,2030,2.546275185107509
C-WEU-GRC,rur,sfh,2035,2.546580224356828
C-WEU-GRC,rur,sfh,2040,2.5467844866227143
C-WEU-GRC,rur,sfh,2045,2.5469034180814583
C-WEU-GRC,rur,sfh,2050,2.546954113610991
C-WEU-GRC,rur,sfh,2055,2.5469547866018694
C-WEU-GRC,rur,sfh,2060,2.5469243843526437
C-WEU-GRC,rur,sfh,2065,2.546882380719689
C-WEU-GRC,rur,sfh,2070,2.546848769133325
C-WEU-GRC,rur,sfh,2075,2.546844278468128
C-WEU-GRC,rur,sfh,2080,2.546890843886691
C-WEU-GRC,rur,sfh,2085,2.5470123879487256
C-WEU-GRC,rur,sfh,2090,2.547236010069526
C-WEU-GRC,rur,sfh,2095,2.547593756873583
C-WEU-GRC,rur,sfh,2100,2.5481252763614806
C-WEU-GRC,sub,mfh,2015,2.5215679559208803
C-WEU-GRC,sub,mfh,2020,2.52171329224951
C-WEU-GRC,sub,mfh,2025,2.5218359532056014
C-WEU-GRC,sub,mfh,2030,2.5219384387692623
C-WEU-GRC,sub,mfh,2035,2.5220233873523106
C-WEU-GRC,sub,mfh,2040,2.5220935539217995
C-WEU-GRC,sub,mfh,2045,2.5221517931533977
C-WEU-GRC,sub,mfh,2050,2.5222010482774113
C-WEU-GRC,sub,mfh,2055,2.5222443462198565
C-WEU-GRC,sub,mfh,2060,2.5222847996354667
C-WEU-GRC,sub,mfh,2065,2.522325616490596
C-WEU-GRC,sub,mfh,2070,2.5223701179952234
C-WEU-GRC,sub,mfh,2075,2.522421765922576
C-WEU-GRC,sub,mfh,2080,2.5224842007172055
C-WEU-GRC,sub,mfh,2085,2.5225612923142817
C-WEU-GRC,sub,mfh,2090,2.5226572063288275
C-WEU-GRC,sub,mfh,2095,2.5227764893052855
C-WEU-GRC,sub,mfh,2100,2.5229241781692338
C-WEU-GRC,sub,sfh,2015,2.633364537685196
C-WEU-GRC,sub,sfh,2020,2.633240193431657
C-WEU-GRC,sub,sfh,2025,2.633100726242098
C-WEU-GRC,sub,sfh,2030,2.6329462238792787
C-WEU-GRC,sub,sfh,2035,2.6327767330027223
C-WEU-GRC,sub,sfh,2040,2.632592241163429
C-WEU-GRC,sub,sfh,2045,2.6323926583183566
C-WEU-GRC,sub,sfh,2050,2.6321777976055754
C-WEU-GRC,sub,sfh,2055,2.631947354989331
C-WEU-GRC,sub,sfh,2060,2.631700887235832
C-WEU-GRC,sub,sfh,2065,2.6314377875073403
C-WEU-GRC,sub,sfh,2070,2.631157257652123
C-WEU-GRC,sub,sfh,2075,2.6308582760039205
C-WEU-GRC,sub,sfh,2080,2.630539559162625
C-WEU-GRC,sub,sfh,2085,2.630199515773329
C-WEU-GRC,sub,sfh,2090,2.62983618970428
C-WEU-GRC,sub,sfh,2095,2.6294471891731934
C-WEU-GRC,sub,sfh,2100,2.6290295971785924
C-WEU-GRC,urb,mfh,2015,2.1272641968009793
C-WEU-GRC,urb,mfh,2020,2.1277690046990223
C-WEU-GRC,urb,mfh,2025,2.1281982016011423
C-WEU-GRC,urb,mfh,2030,2.128553025247203
C-WEU-GRC,urb,mfh,2035,2.1288378811515227
C-WEU-GRC,urb,mfh,2040,2.1290600400337047
C-WEU-GRC,urb,mfh,2045,2.1292292095687744
C-WEU-GRC,urb,mfh,2050,2.129357059416586
C-WEU-GRC,urb,mfh,2055,2.129456777451727
C-WEU-GRC,urb,mfh,2060,2.12954272522192
C-WEU-GRC,urb,mfh,2065,2.129630247804967
C-WEU-GRC,urb,mfh,2070,2.1297356834789865
C-WEU-GRC,urb,mfh,2075,2.129876617498524
C-WEU-GRC,urb,mfh,2080,2.1300724372189643
C-WEU-GRC,urb,mfh,2085,2.1303452799635414
C-WEU-GRC,urb,mfh,2090,2.1307215328380775
C-WEU-GRC,urb,mfh,2095,2.131234170136293
C-WEU-GRC,urb,mfh,2100,2.131926451927242
C-WEU-GRC,urb,sfh,2015,2.303217568399696
C-WEU-GRC,urb,sfh,2020,2.304042681107813
C-WEU-GRC,urb,sfh,2025,2.3047530997379035
C-WEU-GRC,urb,sfh,2030,2.305350224303414
C-WEU-GRC,urb,sfh,2035,2.3058403846107236
C-WEU-GRC,urb,sfh,2040,2.306234406347975
C-WEU-GRC,urb,sfh,2045,2.306546977334453
C-WEU-GRC,urb,sfh,2050,2.306795935047333
C-WEU-GRC,urb,sfh,2055,2.3070015963769808
C-WEU-GRC,urb,sfh,2060,2.3071862365285996
C-WEU-GRC,urb,sfh,2065,2.3073738051097052
C-WEU-GRC,urb,sfh,2070,2.307589953170667
C-WEU-GRC,urb,sfh,2075,2.30786244406189
C-WEU-GRC,urb,sfh,2080,2.3082220421972437
C-WEU-GRC,urb,sfh,2085,2.308704028736921
C-WEU-GRC,urb,sfh,2090,2.309350601987223
C-WEU-GRC,urb,sfh,2095,2.3102146232270195
C-WEU-GRC,urb,sfh,2100,2.311365550828337
C-WEU-IRL,rur,mfh,2015,2.124420171276186
C-WEU-IRL,rur,mfh,2020,2.124259989554193
C-WEU-IRL,rur,mfh,2025,2.124124473274841
C-WEU-IRL,rur,mfh,2030,2.124010042883535
C-WEU-IRL,rur,mfh,2035,2.123913660544206
C-WEU-IRL,rur,mfh,2040,2.123832743706321
C-WEU-IRL,rur,mfh,2045,2.123765092436916
C-WEU-IRL,rur,mfh,2050,2.1237088284720516
C-WEU-IRL,rur,mfh,2055,2.1236623441470375
C-WEU-IRL,rur,mfh,2060,2.1236242595948167
C-WEU-IRL,rur,mfh,2065,2.1235933868276535
C-WEU-IRL,rur,mfh,2070,2.123568699523869
C-WEU-IRL,rur,mfh,2075,2.1235493075223757
C-WEU-IRL,rur,mfh,2080,2.1235344351811984
C-WEU-IRL,rur,mfh,2085,2.1235234028823693
C-WEU-IRL,rur,mfh,2090,2.1235156110654745
C-WEU-IRL,rur,mfh,2095,2.1235105262464753
C-WEU-IRL,rur,mfh,2100,2.123507668526823
C-WEU-IRL,rur,sfh,2015,2.7944955420304773
C-WEU-IRL,rur,sfh,2020,2.7942578868412333
C-WEU-IRL,rur,sfh,2025,2.7940539560420636
C-WEU-IRL,rur,sfh,2030,2.793879125160147
C-WEU-IRL,rur,sfh,2035,2.79372945743547
C-WEU-IRL,rur,sfh,2040,2.7936015978915214
C-WEU-IRL,rur,sfh,2045,2.7934926838904692
C-WEU-IRL,rur,sfh,2050,2.793400269899127
C-WEU-IRL,rur,sfh,2055,2.793322264377481
C-WEU-IRL,rur,sfh,2060,2.793256876941551
C-WEU-IRL,rur,sfh,2065,2.7932025742050195
C-WEU-IRL,rur,sfh,2070,2.7931580429474123
C-WEU-IRL,rur,sfh,2075,2.7931221594807476
C-WEU-IRL,rur,sfh,2080,2.79309396428872
C-WEU-IRL,rur,sfh,2085,2.793072641194112
C-WEU-IRL,rur,sfh,2090,2.7930575004754536
C-WEU-IRL,rur,sfh,2095,2.793047965509316
C-WEU-IRL,rur,sfh,2100,2.7930435626686307
C-WEU-IRL,sub,mfh,2015,2.2979722780272978
C-WEU-IRL,sub,mfh,2020,2.2979896149647567
C-WEU-IRL,sub,mfh,2025,2.298005713765974
C-WEU-IRL,sub,mfh,2030,2.298020605834372
C-WEU-IRL,sub,mfh,2035,2.2980343273893906
C-WEU-IRL,sub,mfh,2040,2.298046916432477
C-WEU-IRL,sub,mfh,2045,2.298058410430429
C-WEU-IRL,sub,mfh,2050,2.2980688445330966
C-WEU-IRL,sub,mfh,2055,2.2980782501741963
C-WEU-IRL,sub,mfh,2060,2.2980866539299996
C-WEU-IRL,sub,mfh,2065,2.2980940765304756
C-WEU-IRL,sub,mfh,2070,2.298100531931133
C-WEU-IRL,sub,mfh,2075,2.298106026361308
C-WEU-IRL,sub,mfh,2080,2.298110557265819
C-WEU-IRL,sub,mfh,2085,2.29811411205112
C-WEU-IRL,sub,mfh,2090,2.2981166665329873
C-WEU-IRL,sub,mfh,2095,2.2981181829580404
C-WEU-IRL,sub,mfh,2100,2.298118607432006
C-WEU-IRL,sub,sfh,2015,3.025591680363767
C-WEU-IRL,sub,sfh,2020,3.025608942020306
C-WEU-IRL,sub,sfh,2025,3.02562497031034
C-WEU-IRL,sub,sfh,2030,3.0256397996653415
C-WEU-IRL,sub,sfh,2035,3.025653468914028
C-WEU-IRL,sub,sfh,2040,3.0256660183527826
C-WEU-IRL,sub,sfh,2045,3.0256774875211665
C-WEU-IRL,sub,sfh,2050,3.0256879135018577
C-WEU-IRL,sub,sfh,2055,3.025697329596265
C-WEU-IRL,sub,sfh,2060,3.025705764253191
C-WEU-IRL,sub,sfh,2065,3.025713240147836
C-WEU-IRL,sub,sfh,2070,3.0257197733222734
C-WEU-IRL,sub,sfh,2075,3.0257253723063022
C-WEU-IRL,sub,sfh,2080,3.025730037139258
C-WEU-IRL,sub,sfh,2085,3.025733758208307
C-WEU-IRL,sub,sfh,2090,3.025736514805795
C-WEU-IRL,sub,sfh,2095,3.0257382732851723
C-WEU-IRL,sub,sfh,2100,3.0257389846581257
C-WEU-IRL,urb,mfh,2015,2.0725274999762235
C-WEU-IRL,urb,mfh,2020,2.072533079820432
C-WEU-IRL,urb,mfh,2025,2.0725383588581154
C-WEU-IRL,urb,mfh,2030,2.0725433225589036
C-WEU-IRL,urb,mfh,2035,2.0725479610825337
C-WEU-IRL,urb,mfh,2040,2.072552267819017
C-WEU-IRL,urb,mfh,2045,2.072556238201249
C-WEU-IRL,urb,mfh,2050,2.0725598687287388
C-WEU-IRL,urb,mfh,2055,2.0725631561494002
C-WEU-IRL,urb,mfh,2060,2.072566096753333
C-WEU-IRL,urb,mfh,2065,2.0725686857379015
C-WEU-IRL,urb,mfh,2070,2.0725709166069137
C-WEU-IRL,urb,mfh,2075,2.0725727805682106
C-WEU-IRL,urb,mfh,2080,2.0725742658931194
C-WEU-IRL,urb,mfh,2085,2.0725753571977403
C-WEU-IRL,urb,mfh,2090,2.0725760345991144
C-WEU-IRL,urb,mfh,2095,2.0725762726879395
C-WEU-IRL,urb,mfh,2100,2.0725760392417807
C-WEU-IRL,urb,sfh,2015,2.7163507287890627
C-WEU-IRL,urb,sfh,2020,2.7163795318450714
C-WEU-IRL,urb,sfh,2025,2.716406321489168
C-WEU-IRL,urb,sfh,2030,2.7164311361752222
C-WEU-IRL,urb,sfh,2035,2.7164540216951067
C-WEU-IRL,urb,sfh,2040,2.7164750264805133
C-WEU-IRL,urb,sfh,2045,2.7164941979632755
C-WEU-IRL,urb,sfh,2050,2.7165115797131016
C-WEU-IRL,urb,sfh,2055,2.7165272091216974
C-WEU-IRL,urb,sfh,2060,2.7165411154413994
C-WEU-IRL,urb,sfh,2065,2.7165533180149017
C-WEU-IRL,urb,sfh,2070,2.7165638245508372
C-WEU-IRL,urb,sfh,2075,2.716572629308159
C-WEU-IRL,urb,sfh,2080,2.716579711049871
C-WEU-IRL,urb,sfh,2085,2.71658503061276
C-WEU-IRL,urb,sfh,2090,2.7165885279116266
C-WEU-IRL,urb,sfh,2095,2.7165901181500463
C-WEU-IRL,urb,sfh,2100,2.716589686937688
C-WEU-ITA,rur,mfh,2015,2.215878644855396
C-WEU-ITA,rur,mfh,2020,2.2158756734496037
C-WEU-ITA,rur,mfh,2025,2.2158721219216218
C-WEU-ITA,rur,mfh,2030,2.2158683881707355
C-WEU-ITA,rur,mfh,2035,2.215864872228747
C-WEU-ITA,rur,mfh,2040,2.215861978645306
C-WEU-ITA,rur,mfh,2045,2.2158601195567393
C-WEU-ITA,rur,mfh,2050,2.215859718513621
C-WEU-ITA,rur,mfh,2055,2.215861215174192
C-WEU-ITA,rur,mfh,2060,2.215865071011949
C-WEU-ITA,rur,mfh,2065,2.215871776239282
C-WEU-ITA,rur,mfh,2070,2.2158818582194706
C-WEU-ITA,rur,mfh,2075,2.2158958917330636
C-WEU-ITA,rur,mfh,2080,2.2159145115909107
C-WEU-ITA,rur,mfh,2085,2.2159384282586787
C-WEU-ITA,rur,mfh,2090,2.2159684473966337
C-WEU-ITA,rur,mfh,2095,2.216005494554372
C-WEU-ITA,rur,mfh,2100,2.2160506467393417
C-WEU-ITA,rur,sfh,2015,2.3300750494130558
C-WEU-ITA,rur,sfh,2020,2.329974138637266
C-WEU-ITA,rur,sfh,2025,2.3298607301920096
C-WEU-ITA,rur,sfh,2030,2.329733630678577
C-WEU-ITA,rur,sfh,2035,2.3295915549860244
C-WEU-ITA,rur,sfh,2040,2.32943310693004
C-WEU-ITA,rur,sfh,2045,2.329256756503339
C-WEU-ITA,rur,sfh,2050,2.3290608130175716
C-WEU-ITA,rur,sfh,2055,2.328843393208626
C-WEU-ITA,rur,sfh,2060,2.3286023831068445
C-WEU-ITA,rur,sfh,2065,2.328335392118606
C-WEU-ITA,rur,sfh,2070,2.3280396972943334
C-WEU-ITA,rur,sfh,2075,2.3277121751251157
C-WEU-ITA,rur,sfh,2080,2.3273492173508186
C-WEU-ITA,rur,sfh,2085,2.3269466260817873
C-WEU-ITA,rur,sfh,2090,2.3264994818936255
C-WEU-ITA,rur,sfh,2095,2.3260019762391466
C-WEU-ITA,rur,sfh,2100,2.325447196211706
C-WEU-ITA,sub,mfh,2015,2.3117699129216067
C-WEU-ITA,sub,mfh,2020,2.3117837883834618
C-WEU-ITA,sub,mfh,2025,2.311804170955342
C-WEU-ITA,sub,mfh,2030,2.311831687216794
C-WEU-ITA,sub,mfh,2035,2.3118670225312714
C-WEU-ITA,sub,mfh,2040,2.3119109272239395
C-WEU-ITA,sub,mfh,2045,2.311964223448312
C-WEU-ITA,sub,mfh,2050,2.312027812826504
C-WEU-ITA,sub,mfh,2055,2.3121026849581887
C-WEU-ITA,sub,mfh,2060,2.3121899269049053
C-WEU-ITA,sub,mfh,2065,2.3122907337692884
C-WEU-ITA,sub,mfh,2070,2.3124064205031427
C-WEU-ITA,sub,mfh,2075,2.3125384350941953
C-WEU-ITA,sub,mfh,2080,2.3126883732987977
C-WEU-ITA,sub,mfh,2085,2.3128579951068846
C-WEU-ITA,sub,mfh,2090,2.313049243145968
C-WEU-ITA,sub,mfh,2095,2.313264263252735
C-WEU-ITA,sub,mfh,2100,2.3135054274634794
C-WEU-ITA,sub,sfh,2015,2.438116559868681
C-WEU-ITA,sub,sfh,2020,2.437782707765979
C-WEU-ITA,sub,sfh,2025,2.437406796714349
C-WEU-ITA,sub,sfh,2030,2.4369910610481424
C-WEU-ITA,sub,sfh,2035,2.436537638805808
C-WEU-ITA,sub,sfh,2040,2.436048604144423
C-WEU-ITA,sub,sfh,2045,2.4355259989103026
C-WEU-ITA,sub,sfh,2050,2.434971864009179
C-WEU-ITA,sub,sfh,2055,2.4343882711933467
C-WEU-ITA,sub,sfh,2060,2.433777355874931
C-WEU-ITA,sub,sfh,2065,2.4331413515824667
C-WEU-ITA,sub,sfh,2070,2.432482626701502
C-WEU-ITA,sub,sfh,2075,2.4318037241785997
C-WEU-ITA,sub,sfh,2080,2.431107404921941
C-WEU-ITA,sub,sfh,2085,2.430396695701264
C-WEU-ITA,sub,sfh,2090,2.429674942435685
C-WEU-ITA,sub,sfh,2095,2.4289458698611246
C-WEU-ITA,sub,sfh,2100,2.428213648690477
C-WEU-ITA,urb,mfh,2015,2.169482424806632
C-WEU-ITA,urb,mfh,2020,2.1692867636395174
C-WEU-ITA,urb,mfh,2025,2.169083656589156
C-WEU-ITA,urb,mfh,2030,2.168873809743272
C-WEU-ITA,urb,mfh,2035,2.16865801744289
C-WEU-ITA,urb,mfh,2040,2.168437179754002
C-WEU-ITA,urb,mfh,2045,2.1682123206340354
C-WEU-ITA,urb,mfh,2050,2.167984606671109
C-WEU-ITA,urb,mfh,2055,2.1677553661601934
C-WEU-ITA,urb,mfh,2060,2.1675261081428703
C-WEU-ITA,urb,mfh,2065,2.1672985408739143
C-WEU-ITA,urb,mfh,2070,2.16707458898772
C-WEU-ITA,urb,mfh,2075,2.166856408422591
C-WEU-ITA,urb,mfh,2080,2.166646397927033
C-WEU-ITA,urb,mfh,2085,2.1664472057306026
C-WEU-ITA,urb,mfh,2090,2.1662617297306013
C-WEU-ITA,urb,mfh,2095,2.166093109351103
C-WEU-ITA,urb,mfh,2100,2.165944707107296
C-WEU-ITA,urb,sfh,2015,2.3415649821419837
C-WEU-ITA,urb,sfh,2020,2.3408915216965176
C-WEU-ITA,urb,sfh,2025,2.340176599108302
C-WEU-ITA,urb,sfh,2030,2.3394232051305712
C-WEU-ITA,urb,sfh,2035,2.3386346062285845
C-WEU-ITA,urb,sfh,2040,2.3378144215389107
C-WEU-ITA,urb,sfh,2045,2.33696670240393
C-WEU-ITA,urb,sfh,2050,2.336096014300686
C-WEU-ITA,urb,sfh,2055,2.335207520524019
C-WEU-ITA,urb,sfh,2060,2.3343070664332033
C-WEU-ITA,urb,sfh,2065,2.333401262415655
C-WEU-ITA,urb,sfh,2070,2.3324975629536095
C-WEU-ITA,urb,sfh,2075,2.3316043383030043
C-WEU-ITA,urb,sfh,2080,2.3307309343259566
C-WEU-ITA,urb,sfh,2085,2.329887714997656
C-WEU-ITA,urb,sfh,2090,2.329086081100561
C-WEU-ITA,urb,sfh,2095,2.3283384577214483
C-WEU-ITA,urb,sfh,2100,2.3276582425147394
C-WEU-LUX,rur,mfh,2015,2.4090637478484456
C-WEU-LUX,rur,mfh,2020,2.4090637478484456
C-WEU-LUX,rur,mfh,2025,2.4090637478484456
C-WEU-LUX,rur,mfh,2030,2.4090637478484456
C-WEU-LUX,rur,mfh,2035,2.4090637478484456
C-WEU-LUX,rur,mfh,2040,2.4090637478484456
C-WEU-LUX,rur,mfh,2045,2.4090637478484456
C-WEU-LUX,rur,mfh,2050,2.4090637478484456
C-WEU-LUX,rur,mfh,2055,2.4090637478484456
C-WEU-LUX,rur,mfh,2060,2.4090637478484456
C-WEU-LUX,rur,mfh,2065,2.4090637478484456
C-WEU-LUX,rur,mfh,2070,2.4090637478484456
C-WEU-LUX,rur,mfh,2075,2.4090637478484456
C-WEU-LUX,rur,mfh,2080,2.4090637478484456
C-WEU-LUX,rur,mfh,2085,2.4090637478484456
C-WEU-LUX,rur,mfh,2090,2.4090637478484456
C-WEU-LUX,rur,mfh,2095,2.4090637478484456
C-WEU-LUX,rur,mfh,2100,2.4090637478484456
C-WEU-LUX,rur,sfh,2015,3.3757776529915198
C-WEU-LUX,rur,sfh,2020,3.3757776529915198
C-WEU-LUX,rur,sfh,2025,3.3757776529915198
C-WEU-LUX,rur,sfh,2030,3.3757776529915198
C-WEU-LUX,rur,sfh,2035,3.3757776529915198
C-WEU-LUX,rur,sfh,2040,3.3757776529915198
C-WEU-LUX,rur,sfh,2045,3.3757776529915198
C-WEU-LUX,rur,sfh,2050,3.3757776529915198
C-WEU-LUX,rur,sfh,2055,3.3757776529915198
C-WEU-LUX,rur,sfh,2060,3.3757776529915198
C-WEU-LUX,rur,sfh,2065,3.3757776529915198
C-WEU-LUX,rur,sfh,2070,3.3757776529915198
C-WEU-LUX,rur,sfh,2075,3.3757776529915198
C-WEU-LUX,rur,sfh,2080,3.3757776529915198
C-WEU-LUX,rur,sfh,2085,3.3757776529915198
C-WEU-LUX,rur,sfh,2090,3.3757776529915198
C-WEU-LUX,rur,sfh,2095,3.3757776529915198
C-WEU-LUX,rur,sfh,2100,3.3757776529915198
C-WEU-LUX,sub,mfh,2015,2.202840392001497
C-WEU-LUX,sub,mfh,2020,2.202840392001497
C-WEU-LUX,sub,mfh,2025,2.202840392001497
C-WEU-LUX,sub,mfh,2030,2.202840392001497
C-WEU-LUX,sub,mfh,2035,2.202840392001497
C-WEU-LUX,sub,mfh,2040,2.202840392001497
C-WEU-LUX,sub,mfh,2045,2.202840392001497
C-WEU-LUX,sub,mfh,2050,2.202840392001497
C-WEU-LUX,sub,mfh,2055,2.202840392001497
C-WEU-LUX,sub,mfh,2060,2.202840392001497
C-WEU-LUX,sub,mfh,2065,2.202840392001497
C-WEU-LUX,sub,mfh,2070,2.202840392001497
C-WEU-LUX,sub,mfh,2075,2.202840392001497
C-WEU-LUX,sub,mfh,2080,2.202840392001497
C-WEU-LUX,sub,mfh,2085,2.202840392001497
C-WEU-LUX,sub,mfh,2090,2.202840392001497
C-WEU-LUX,sub,mfh,2095,2.202840392001497
C-WEU-LUX,sub,mfh,2100,2.202840392001497
C-WEU-LUX,sub,sfh,2015,3.0868005776381606
C-WEU-LUX,sub,sfh,2020,3.0868005776381606
C-WEU-LUX,sub,sfh,2025,3.0868005776381606
C-WEU-LUX,sub,sfh,2030,3.0868005776381606
C-WEU-LUX,sub,sfh,2035,3.0868005776381606
C-WEU-LUX,sub,sfh,2040,3.0868005776381606
C-WEU-LUX,sub,sfh,2045,3.0868005776381606
C-WEU-LUX,sub,sfh,2050,3.0868005776381606
C-WEU-LUX,sub,sfh,2055,3.0868005776381606
C-WEU-LUX,sub,sfh,2060,3.0868005776381606
C-WEU-LUX,sub,sfh,2065,3.0868005776381606
C-WEU-LUX,sub,sfh,2070,3.0868005776381606
C-WEU-LUX,sub,sfh,2075,3.0868005776381606
C-WEU-LUX,sub,sfh,2080,3.0868005776381606
C-WEU-LUX,sub,sfh,2085,3.0868005776381606
C-WEU-LUX,sub,sfh,2090,3.0868005776381606
C-WEU-LUX,sub,sfh,2095,3.0868005776381606
C-WEU-LUX,sub,sfh,2100,3.0868005776381606
C-WEU-LUX,urb,mfh,2015,1.7528985246990638
C-WEU-LUX,urb,mfh,2020,1.7528985246990638
C-WEU-LUX,urb,mfh,2025,1.7528985246990638
C-WEU-LUX,urb,mfh,2030,1.7528985246990638
C-WEU-LUX,urb,mfh,2035,1.7528985246990638
C-WEU-LUX,urb,mfh,2040,1.7528985246990638
C-WEU-LUX,urb,mfh,2045,1.7528985246990638
C-WEU-LUX,urb,mfh,2050,1.7528985246990638
C-WEU-LUX,urb,mfh,2055,1.7528985246990638
C-WEU-LUX,urb,mfh,2060,1.7528985246990638
C-WEU-LUX,urb,mfh,2065,1.7528985246990638
C-WEU-LUX,urb,mfh,2070,1.7528985246990638
C-WEU-LUX,urb,mfh,2075,1.7528985246990638
C-WEU-LUX,urb,mfh,2080,1.7528985246990638
C-WEU-LUX,urb,mfh,2085,1.7528985246990638
C-WEU-LUX,urb,mfh,2090,1.7528985246990638
C-WEU-LUX,urb,mfh,2095,1.7528985246990638
C-WEU-LUX,urb,mfh,2100,1.7528985246990638
C-WEU-LUX,urb,sfh,2015,2.4563051405035576
C-WEU-LUX,urb,sfh,2020,2.4563051405035576
C-WEU-LUX,urb,sfh,2025,2.4563051405035576
C-WEU-LUX,urb,sfh,2030,2.4563051405035576
C-WEU-LUX,urb,sfh,2035,2.4563051405035576
C-WEU-LUX,urb,sfh,2040,2.4563051405035576
C-WEU-LUX,urb,sfh,2045,2.4563051405035576
C-WEU-LUX,urb,sfh,2050,2.4563051405035576
C-WEU-LUX,urb,sfh,2055,2.4563051405035576
C-WEU-LUX,urb,sfh,2060,2.4563051405035576
C-WEU-LUX,urb,sfh,2065,2.4563051405035576
C-WEU-LUX,urb,sfh,2070,2.4563051405035576
C-WEU-LUX,urb,sfh,2075,2.4563051405035576
C-WEU-LUX,urb,sfh,2080,2.4563051405035576
C-WEU-LUX,urb,sfh,2085,2.4563051405035576
C-WEU-LUX,urb,sfh,2090,2.4563051405035576
C-WEU-LUX,urb,sfh,2095,2.4563051405035576
C-WEU-LUX,urb,sfh,2100,2.4563051405035576
C-WEU-MLT,rur,mfh,2015,2.1968803652962965
C-WEU-MLT,rur,mfh,2020,2.1972360598548972
C-WEU-MLT,rur,mfh,2025,2.1974456613656184
C-WEU-MLT,rur,mfh,2030,2.197555165160598
C-WEU-MLT,rur,mfh,2035,2.1975910950160604
C-WEU-MLT,rur,mfh,2040,2.1975697152968054
C-WEU-MLT,rur,mfh,2045,2.197501560140757
C-WEU-MLT,rur,mfh,2050,2.197393920380181
C-WEU-MLT,rur,mfh,2055,2.1972524088971674
C-WEU-MLT,rur,mfh,2060,2.1970821594427346
C-WEU-MLT,rur,mfh,2065,2.1968890052584116
C-WEU-MLT,rur,mfh,2070,2.1966809381134222
C-WEU-MLT,rur,mfh,2075,2.1964702039849726
C-WEU-MLT,rur,mfh,2080,2.196276534467362
C-WEU-MLT,rur,mfh,2085,2.196132231624255
C-WEU-MLT,rur,mfh,2090,2.196090034445408
C-WEU-MLT,rur,mfh,2095,2.1962345364976312
C-WEU-MLT,rur,mfh,2100,2.1966962460986528
C-WEU-MLT,rur,sfh,2015,2.2978218031114053
C-WEU-MLT,rur,sfh,2020,2.297816258324464
C-WEU-MLT,rur,sfh,2025,2.29781299092638
C-WEU-MLT,rur,sfh,2030,2.2978112839134455
C-WEU-MLT,rur,sfh,2035,2.297810723816619
C-WEU-MLT,rur,sfh,2040,2.2978110570969164
C-WEU-MLT,rur,sfh,2045,2.297812119541674
C-WEU-MLT,rur,sfh,2050,2.297813797496887
C-WEU-MLT,rur,sfh,2055,2.2978160034654747
C-WEU-MLT,rur,sfh,2060,2.297818657419348
C-WEU-MLT,rur,sfh,2065,2.297821668426328
C-WEU-MLT,rur,sfh,2070,2.2978249119057694
C-WEU-MLT,rur,sfh,2075,2.2978281969598005
C-WEU-MLT,rur,sfh,2080,2.297831216000114
C-WEU-MLT,rur,sfh,2085,2.297833465482151
C-WEU-MLT,rur,sfh,2090,2.297834123277893
C-WEU-MLT,rur,sfh,2095,2.2978318706904615
C-WEU-MLT,rur,sfh,2100,2.2978246732754206
C-WEU-MLT,sub,mfh,2015,2.220458618594609
C-WEU-MLT,sub,mfh,2020,2.2212627731717194
C-WEU-MLT,sub,mfh,2025,2.2217764930388944
C-WEU-MLT,sub,mfh,2030,2.22208581859189
C-WEU-MLT,sub,mfh,2035,2.2222455297462345
C-WEU-MLT,sub,mfh,2040,2.2222934123793436
C-WEU-MLT,sub,mfh,2045,2.222258036812238
C-WEU-MLT,sub,mfh,2050,2.2221634851893683
C-WEU-MLT,sub,mfh,2055,2.222032589636159
C-WEU-MLT,sub,mfh,2060,2.2218894316897817
C-WEU-MLT,sub,mfh,2065,2.2217614427852768
C-WEU-MLT,sub,mfh,2070,2.221681174255551
C-WEU-MLT,sub,mfh,2075,2.2216875553763513
C-WEU-MLT,sub,mfh,2080,2.221826180888278
C-WEU-MLT,sub,mfh,2085,2.2221478857947337
C-WEU-MLT,sub,mfh,2090,2.2227047021918205
C-WEU-MLT,sub,mfh,2095,2.223542515301327
C-WEU-MLT,sub,mfh,2100,2.2246906755284925
C-WEU-MLT,sub,sfh,2015,2.6059953298738496
C-WEU-MLT,sub,sfh,2020,2.6059813591327963
C-WEU-MLT,sub,sfh,2025,2.605972434173041
C-WEU-MLT,sub,sfh,2030,2.6059670601972837
C-WEU-MLT,sub,sfh,2035,2.6059642855029104
C-WEU-MLT,sub,sfh,2040,2.605963453628185
C-WEU-MLT,sub,sfh,2045,2.6059640682151084
C-WEU-MLT,sub,sfh,2050,2.6059657108796865
C-WEU-MLT,sub,sfh,2055,2.6059679849547597
C-WEU-MLT,sub,sfh,2060,2.605970472066884
C-WEU-MLT,sub,sfh,2065,2.6059726956441582
C-WEU-MLT,sub,sfh,2070,2.605974090165654
C-WEU-MLT,sub,sfh,2075,2.605973979305144
C-WEU-MLT,sub,sfh,2080,2.6059715709359255
C-WEU-MLT,sub,sfh,2085,2.605965981891143
C-WEU-MLT,sub,sfh,2090,2.605956308206606
C-WEU-MLT,sub,sfh,2095,2.6059417527090227
C-WEU-MLT,sub,sfh,2100,2.605921805487832
C-WEU-MLT,urb,mfh,2015,2.358401565242318
C-WEU-MLT,urb,mfh,2020,2.358401565242318
C-WEU-MLT,urb,mfh,2025,2.358401565242318
C-WEU-MLT,urb,mfh,2030,2.358401565242318
C-WEU-MLT,urb,mfh,2035,2.358401565242318
C-WEU-MLT,urb,mfh,2040,2.358401565242318
C-WEU-MLT,urb,mfh,2045,2.358401565242318
C-WEU-MLT,urb,mfh,2050,2.358401565242318
C-WEU-MLT,urb,mfh,2055,2.358401565242318
C-WEU-MLT,urb,mfh,2060,2.358401565242318
C-WEU-MLT,urb,mfh,2065,2.358401565242318
C-WEU-MLT,urb,mfh,2070,2.358401565242318
C-WEU-MLT,urb,mfh,2075,2.358401565242318
C-WEU-MLT,urb,mfh,2080,2.358401565242318
C-WEU-MLT,urb,mfh,2085,2.358401565242318
C-WEU-MLT,urb,mfh,2090,2.358401565242318
C-WEU-MLT,urb,mfh,2095,2.358401565242318
C-WEU-MLT,urb,mfh,2100,2.358401565242318
C-WEU-MLT,urb,sfh,2015,2.732602321886138
C-WEU-MLT,urb,sfh,2020,2.732602321886138
C-WEU-MLT,urb,sfh,2025,2.732602321886138
C-WEU-MLT,urb,sfh,2030,2.732602321886138
C-WEU-MLT,urb,sfh,2035,2.732602321886138
C-WEU-MLT,urb,sfh,2040,2.732602321886138
C-WEU-MLT,urb,sfh,2045,2.732602321886138
C-WEU-MLT,urb,sfh,2050,2.732602321886138
C-WEU-MLT,urb,sfh,2055,2.732602321886138
C-WEU-MLT,urb,sfh,2060,2.732602321886138
C-WEU-MLT,urb,sfh,2065,2.732602321886138
C-WEU-MLT,urb,sfh,2070,2.732602321886138
C-WEU-MLT,urb,sfh,2075,2.732602321886138
C-WEU-MLT,urb,sfh,2080,2.732602321886138
C-WEU-MLT,urb,sfh,2085,2.732602321886138
C-WEU-MLT,urb,sfh,2090,2.732602321886138
C-WEU-MLT,urb,sfh,2095,2.732602321886138
C-WEU-MLT,urb,sfh,2100,2.732602321886138
C-WEU-NLD,rur,mfh,2015,1.6536534337206554
C-WEU-NLD,rur,mfh,2020,1.6537199428645644
C-WEU-NLD,rur,mfh,2025,1.6538016762875922
C-WEU-NLD,rur,mfh,2030,1.65389132189171
C-WEU-NLD,rur,mfh,2035,1.6539822601322223
C-WEU-NLD,rur,mfh,2040,1.6540679998813725
C-WEU-NLD,rur,mfh,2045,1.6541417966506868
C-WEU-NLD,rur,mfh,2050,1.6541963898245295
C-WEU-NLD,rur,mfh,2055,1.6542238360019894
C-WEU-NLD,rur,mfh,2060,1.6542154402904277
C-WEU-NLD,rur,mfh,2065,1.6541618040809793
C-WEU-NLD,rur,mfh,2070,1.6540530185292197
C-WEU-NLD,rur,mfh,2075,1.6538790364352023
C-WEU-NLD,rur,mfh,2080,1.6536302480959968
C-WEU-NLD,rur,mfh,2085,1.6532982647996832
C-WEU-NLD,rur,mfh,2090,1.652876874186357
C-WEU-NLD,rur,mfh,2095,1.6523630767465443
C-WEU-NLD,rur,mfh,2100,1.6517580525730395
C-WEU-NLD,rur,sfh,2015,2.6426861320134383
C-WEU-NLD,rur,sfh,2020,2.6427764072293782
C-WEU-NLD,rur,sfh,2025,2.642869664037719
C-WEU-NLD,rur,sfh,2030,2.642961301944538
C-WEU-NLD,rur,sfh,2035,2.64304672505764
C-WEU-NLD,rur,sfh,2040,2.643121058304544
C-WEU-NLD,rur,sfh,2045,2.6431789475482854
C-WEU-NLD,rur,sfh,2050,2.6432144222986853
C-WEU-NLD,rur,sfh,2055,2.6432208198953626
C-WEU-NLD,rur,sfh,2060,2.643190783687943
C-WEU-NLD,rur,sfh,2065,2.6431163576618495
C-WEU-NLD,rur,sfh,2070,2.6429892060920173
C-WEU-NLD,rur,sfh,2075,2.642800987130421
C-WEU-NLD,rur,sfh,2080,2.6425439003676563
C-WEU-NLD,rur,sfh,2085,2.642211406662157
C-WEU-NLD,rur,sfh,2090,2.6417990818718753
C-WEU-NLD,rur,sfh,2095,2.641305517087618
C-WEU-NLD,rur,sfh,2100,2.6407331265376524
C-WEU-NLD,sub,mfh,2015,1.6144613234972058
C-WEU-NLD,sub,mfh,2020,1.6153114546263516
C-WEU-NLD,sub,mfh,2025,1.6159454637310435
C-WEU-NLD,sub,mfh,2030,1.616395703739546
C-WEU-NLD,sub,mfh,2035,1.6166896901897623
C-WEU-NLD,sub,mfh,2040,1.6168515417025824
C-WEU-NLD,sub,mfh,2045,1.6169030756616878
C-WEU-NLD,sub,mfh,2050,1.6168646559591926
C-WEU-NLD,sub,mfh,2055,1.616755853994954
C-WEU-NLD,sub,mfh,2060,1.6165959598332573
C-WEU-NLD,sub,mfh,2065,1.6164043633188645
C-WEU-NLD,sub,mfh,2070,1.6162008127043277
C-WEU-NLD,sub,mfh,2075,1.6160055497800836
C-WEU-NLD,sub,mfh,2080,1.6158393152285733
C-WEU-NLD,sub,mfh,2085,1.6157232160325476
C-WEU-NLD,sub,mfh,2090,1.6156784485978772
C-WEU-NLD,sub,mfh,2095,1.6157258771442173
C-WEU-NLD,sub,mfh,2100,1.6158854769253514
C-WEU-NLD,sub,sfh,2015,2.5870007481867594
C-WEU-NLD,sub,sfh,2020,2.5877492258111405
C-WEU-NLD,sub,sfh,2025,2.58830772857784
C-WEU-NLD,sub,sfh,2030,2.5887046886971636
C-WEU-NLD,sub,sfh,2035,2.5889642847801526
C-WEU-NLD,sub,sfh,2040,2.589107707919528
C-WEU-NLD,sub,sfh,2045,2.5891541246963583
C-WEU-NLD,sub,sfh,2050,2.589121422266521
C-WEU-NLD,sub,sfh,2055,2.5890267893276953
C-WEU-NLD,sub,sfh,2060,2.5888871654242926
C-WEU-NLD,sub,sfh,2065,2.58871957601769
C-WEU-NLD,sub,sfh,2070,2.588541359983017
C-WEU-NLD,sub,sfh,2075,2.5883702886693283
C-WEU-NLD,sub,sfh,2080,2.588224571025222
C-WEU-NLD,sub,sfh,2085,2.5881227376240354
C-WEU-NLD,sub,sfh,2090,2.588083398021629
C-WEU-NLD,sub,sfh,2095,2.588124871045229
C-WEU-NLD,sub,sfh,2100,2.588264696390486
C-WEU-NLD,urb,mfh,2015,1.584306126407289
C-WEU-NLD,urb,mfh,2020,1.5851173520219395
C-WEU-NLD,urb,mfh,2025,1.5857166482736766
C-WEU-NLD,urb,mfh,2030,1.5861359352172952
C-WEU-NLD,urb,mfh,2035,1.5864026809286134
C-WEU-NLD,urb,mfh,2040,1.586541249285315
C-WEU-NLD,urb,mfh,2045,1.5865739309558455
C-WEU-NLD,urb,mfh,2050,1.5865217427239129
C-WEU-NLD,urb,mfh,2055,1.586405048511542
C-WEU-NLD,urb,mfh,2060,1.5862440335998285
C-WEU-NLD,urb,mfh,2065,1.586059048069121
C-WEU-NLD,urb,mfh,2070,1.5858708244741644
C-WEU-NLD,urb,mfh,2075,1.5857005673310691
C-WEU-NLD,urb,mfh,2080,1.5855699078759984
C-WEU-NLD,urb,mfh,2085,1.5855007169171158
C-WEU-NLD,urb,mfh,2090,1.5855147717658205
C-WEU-NLD,urb,mfh,2095,1.5856332804348083
C-WEU-NLD,urb,mfh,2100,1.5858762773885515
C-WEU-NLD,urb,sfh,2015,2.4469654587736036
C-WEU-NLD,urb,sfh,2020,2.447579548714492
C-WEU-NLD,urb,sfh,2025,2.448033186704533
C-WEU-NLD,urb,sfh,2030,2.4483505918376056
C-WEU-NLD,urb,sfh,2035,2.448552611878921
C-WEU-NLD,urb,sfh,2040,2.4486577447018165
C-WEU-NLD,urb,sfh,2045,2.4486829195252104
C-WEU-NLD,urb,sfh,2050,2.4486441024363192
C-WEU-NLD,urb,sfh,2055,2.4485567666063037
C-WEU-NLD,urb,sfh,2060,2.4484362510353153
C-WEU-NLD,urb,sfh,2065,2.4482980199356597
C-WEU-NLD,urb,sfh,2070,2.4481578265274977
C-WEU-NLD,urb,sfh,2075,2.4480317793972586
C-WEU-NLD,urb,sfh,2080,2.447936306469714
C-WEU-NLD,urb,sfh,2085,2.4478880111899124
C-WEU-NLD,urb,sfh,2090,2.447903417945959
C-WEU-NLD,urb,sfh,2095,2.447998609262918
C-WEU-NLD,urb,sfh,2100,2.4481887657506998
C-WEU-PRT,rur,mfh,2015,2.3949244438280974
C-WEU-PRT,rur,mfh,2020,2.3948286283879807
C-WEU-PRT,rur,mfh,2025,2.394753103604565
C-WEU-PRT,rur,mfh,2030,2.394693850882183
C-WEU-PRT,rur,mfh,2035,2.3946472088126796
C-WEU-PRT,rur,mfh,2040,2.3946097479274515
C-WEU-PRT,rur,mfh,2045,2.3945781739030094
C-WEU-PRT,rur,mfh,2050,2.3945492533711756
C-WEU-PRT,rur,mfh,2055,2.3945197589852913
C-WEU-PRT,rur,mfh,2060,2.3944864322036397
C-WEU-PRT,rur,mfh,2065,2.394445963569644
C-WEU-PRT,rur,mfh,2070,2.3943949911855062
C-WEU-PRT,rur,mfh,2075,2.3943301186064727
C-WEU-PRT,rur,mfh,2080,2.3942479534897805
C-WEU-PRT,rur,mfh,2085,2.3941451679493255
C-WEU-PRT,rur,mfh,2090,2.3940185806256014
C-WEU-PRT,rur,mfh,2095,2.393865258944129
C-WEU-PRT,rur,mfh,2100,2.393682637940836
C-WEU-PRT,rur,sfh,2015,2.5330689067977903
C-WEU-PRT,rur,sfh,2020,2.532656480484806
C-WEU-PRT,rur,sfh,2025,2.5323631681003325
C-WEU-PRT,rur,sfh,2030,2.53216859368241
C-WEU-PRT,rur,sfh,2035,2.5320543072540636
C-WEU-PRT,rur,sfh,2040,2.5320031045219977
C-WEU-PRT,rur,sfh,2045,2.5319984925141465
C-WEU-PRT,rur,sfh,2050,2.5320242692616275
C-WEU-PRT,rur,sfh,2055,2.5320641989858723
C-WEU-PRT,rur,sfh,2060,2.5321017740513714
C-WEU-PRT,rur,sfh,2065,2.53212006228328
C-WEU-PRT,rur,sfh,2070,2.5321016436425325
C-WEU-PRT,rur,sfh,2075,2.5320286438053676
C-WEU-PRT,rur,sfh,2080,2.5318828737200847
C-WEU-PRT,rur,sfh,2085,2.531646083331832
C-WEU-PRT,rur,sfh,2090,2.5313003339328652
C-WEU-PRT,rur,sfh,2095,2.5308284866732347
C-WEU-PRT,rur,sfh,2100,2.5302147946346256
C-WEU-PRT,sub,mfh,2015,2.4479793969572663
C-WEU-PRT,sub,mfh,2020,2.447819040262738
C-WEU-PRT,sub,mfh,2025,2.447646212963615
C-WEU-PRT,sub,mfh,2030,2.4474616209267794
C-WEU-PRT,sub,mfh,2035,2.447266040760174
C-WEU-PRT,sub,mfh,2040,2.447060384178659
C-WEU-PRT,sub,mfh,2045,2.446845762776374
C-WEU-PRT,sub,mfh,2050,2.4466235541701917
C-WEU-PRT,sub,mfh,2055,2.4463954691950938
C-WEU-PRT,sub,mfh,2060,2.446163618401113
C-WEU-PRT,sub,mfh,2065,2.4459305744418174
C-WEU-PRT,sub,mfh,2070,2.4456994250488373
C-WEU-PRT,sub,mfh,2075,2.4454738092508923
C-WEU-PRT,sub,mfh,2080,2.4452579275536683
C-WEU-PRT,sub,mfh,2085,2.4450565153548713
C-WEU-PRT,sub,mfh,2090,2.444874768509558
C-WEU-PRT,sub,mfh,2095,2.4447182113896933
C-WEU-PRT,sub,mfh,2100,2.4445925016824916
C-WEU-PRT,sub,sfh,2015,2.6440293397509764
C-WEU-PRT,sub,sfh,2020,2.6437034326541426
C-WEU-PRT,sub,sfh,2025,2.6434437060950455
C-WEU-PRT,sub,sfh,2030,2.6432384574889674
C-WEU-PRT,sub,sfh,2035,2.6430771608915444
C-WEU-PRT,sub,sfh,2040,2.6429500215046815
C-WEU-PRT,sub,sfh,2045,2.6428476225655104
C-WEU-PRT,sub,sfh,2050,2.6427606433715196
C-WEU-PRT,sub,sfh,2055,2.6426796373168115
C-WEU-PRT,sub,sfh,2060,2.6425948666368746
C-WEU-PRT,sub,sfh,2065,2.642496196889377
C-WEU-PRT,sub,sfh,2070,2.6423730593136816
C-WEU-PRT,sub,sfh,2075,2.642214492949465
C-WEU-PRT,sub,sfh,2080,2.642009280202866
C-WEU-PRT,sub,sfh,2085,2.6417461885578275
C-WEU-PRT,sub,sfh,2090,2.6414143263124097
C-WEU-PRT,sub,sfh,2095,2.6410036106842836
C-WEU-PRT,sub,sfh,2100,2.6405053320802496
C-WEU-PRT,urb,mfh,2015,2.3450708019156874
C-WEU-PRT,urb,mfh,2020,2.344707558651681
C-WEU-PRT,urb,mfh,2025,2.3442173768141985
C-WEU-PRT,urb,mfh,2030,2.3436177586746485
C-WEU-PRT,urb,mfh,2035,2.34292590203435
C-WEU-PRT,urb,mfh,2040,2.342159487888714
C-WEU-PRT,urb,mfh,2045,2.3413373901549708
C-WEU-PRT,urb,mfh,2050,2.340480320055634
C-WEU-PRT,urb,mfh,2055,2.3396113999483705
C-WEU-PRT,urb,mfh,2060,2.3387566437113305
C-WEU-PRT,urb,mfh,2065,2.33794530277641
C-WEU-PRT,urb,mfh,2070,2.3372100192769043
C-WEU-PRT,urb,mfh,2075,2.3365867126905875
C-WEU-PRT,urb,mfh,2080,2.3361141175957707
C-WEU-PRT,urb,mfh,2085,2.335832893049983
C-WEU-PRT,urb,mfh,2090,2.335784244849457
C-WEU-PRT,urb,mfh,2095,2.33600804599218
C-WEU-PRT,urb,mfh,2100,2.3365405101423007
C-WEU-PRT,urb,sfh,2015,2.602573650705724
C-WEU-PRT,urb,sfh,2020,2.6026251585158318
C-WEU-PRT,urb,sfh,2025,2.602745746883988
C-WEU-PRT,urb,sfh,2030,2.6029278006102663
C-WEU-PRT,urb,sfh,2035,2.603164179162793
C-WEU-PRT,urb,sfh,2040,2.603447841456227
C-WEU-PRT,urb,sfh,2045,2.6037715089142948
C-WEU-PRT,urb,sfh,2050,2.604127356285469
C-WEU-PRT,urb,sfh,2055,2.604506727585806
C-WEU-PRT,urb,sfh,2060,2.6048998822279112
C-WEU-PRT,urb,sfh,2065,2.605295784285179
C-WEU-PRT,urb,sfh,2070,2.6056819558835937
C-WEU-PRT,urb,sfh,2075,2.606044423280356
C-WEU-PRT,urb,sfh,2080,2.6063677899578694
C-WEU-PRT,urb,sfh,2085,2.6066354729834647
C-WEU-PRT,urb,sfh,2090,2.606830134357254
C-WEU-PRT,urb,sfh,2095,2.606934325472159
C-WEU-PRT,urb,sfh,2100,2.6069313384832777
C-WEU-SWE,rur,mfh,2015,1.7940146094182927
C-WEU-SWE,rur,mfh,2020,1.7955895967640294
C-WEU-SWE,rur,mfh,2025,1.7970621716819983
C-WEU-SWE,rur,mfh,2030,1.7984478349701918
C-WEU-SWE,rur,mfh,2035,1.7997585600667974
C-WEU-SWE,rur,mfh,2040,1.8010035405683027
C-WEU-SWE,rur,mfh,2045,1.8021897372301654
C-WEU-SWE,rur,mfh,2050,1.8033222856461026
C-WEU-SWE,rur,mfh,2055,1.8044048062935427
C-WEU-SWE,rur,mfh,2060,1.8054396460054736
C-WEU-SWE,rur,mfh,2065,1.806428071568569
C-WEU-SWE,rur,mfh,2070,1.8073704304753357
C-WEU-SWE,rur,mfh,2075,1.8082662898962514
C-WEU-SWE,rur,mfh,2080,1.809114562067011
C-WEU-SWE,rur,mfh,2085,1.8099136221068517
C-WEU-SWE,rur,mfh,2090,1.810661422537755
C-WEU-SWE,rur,mfh,2095,1.8113556072960755
C-WEU-SWE,rur,mfh,2100,1.8119936267188363
C-WEU-SWE,rur,sfh,2015,2.5734970623591127
C-WEU-SWE,rur,sfh,2020,2.5757389648453013
C-WEU-SWE,rur,sfh,2025,2.577834189294676
C-WEU-SWE,rur,sfh,2030,2.5798046347221972
C-WEU-SWE,rur,sfh,2035,2.58166718296132
C-WEU-SWE,rur,sfh,2040,2.5834347616146682
C-WEU-SWE,rur,sfh,2045,2.5851171223883784
C-WEU-SWE,rur,sfh,2050,2.586721421783962
C-WEU-SWE,rur,sfh,2055,2.588252663398783
C-WEU-SWE,rur,sfh,2060,2.589714043137251
C-WEU-SWE,rur,sfh,2065,2.591107226745075
C-WEU-SWE,rur,sfh,2070,2.592432581005065
C-WEU-SWE,rur,sfh,2075,2.5936893742857863
C-WEU-SWE,rur,sfh,2080,2.5948759580341294
C-WEU-SWE,rur,sfh,2085,2.5959899376830933
C-WEU-SWE,rur,sfh,2090,2.597028338940535
C-WEU-SWE,rur,sfh,2095,2.5979877733004537
C-WEU-SWE,rur,sfh,2100,2.5988646047371575
C-WEU-SWE,sub,mfh,2015,1.8222004942791838
C-WEU-SWE,sub,mfh,2020,1.824570272237043
C-WEU-SWE,sub,mfh,2025,1.8266021684715936
C-WEU-SWE,sub,mfh,2030,1.8283588269010516
C-WEU-SWE,sub,mfh,2035,1.8298892285155828
C-WEU-SWE,sub,mfh,2040,1.831232421388355
C-WEU-SWE,sub,mfh,2045,1.832420111879306
C-WEU-SWE,sub,mfh,2050,1.8334785010859613
C-WEU-SWE,sub,mfh,2055,1.834429608055285
C-WEU-SWE,sub,mfh,2060,1.83529223535477
C-WEU-SWE,sub,mfh,2065,1.8360826793971419
C-WEU-SWE,sub,mfh,2070,1.8368152541984075
C-WEU-SWE,sub,mfh,2075,1.837502675488826
C-WEU-SWE,sub,mfh,2080,1.8381563378805832
C-WEU-SWE,sub,mfh,2085,1.8387865084778972
C-WEU-SWE,sub,mfh,2090,1.8394024542648018
C-WEU-SWE,sub,mfh,2095,1.840012516785805
C-WEU-SWE,sub,mfh,2100,1.8406241453536787
C-WEU-SWE,sub,sfh,2015,2.6196670178600225
C-WEU-SWE,sub,sfh,2020,2.623271080028629
C-WEU-SWE,sub,sfh,2025,2.6263660669918454
C-WEU-SWE,sub,sfh,2030,2.629046288436798
C-WEU-SWE,sub,sfh,2035,2.6313854380341537
C-WEU-SWE,sub,sfh,2040,2.6334422145894574
C-WEU-SWE,sub,sfh,2045,2.635264226718278
C-WEU-SWE,sub,sfh,2050,2.636890760085918
C-WEU-SWE,sub,sfh,2055,2.638354771402273
C-WEU-SWE,sub,sfh,2060,2.639684343868056
C-WEU-SWE,sub,sfh,2065,2.6409037585811386
C-WEU-SWE,sub,sfh,2070,2.642034285596086
C-WEU-SWE,sub,sfh,2075,2.643094765524736
C-WEU-SWE,sub,sfh,2080,2.644102031119256
C-WEU-SWE,sub,sfh,2085,2.645071204198601
C-WEU-SWE,sub,sfh,2090,2.6460158941045857
C-WEU-SWE,sub,sfh,2095,2.6469483180402595
C-WEU-SWE,sub,sfh,2100,2.647879360110018
C-WEU-SWE,urb,mfh,2015,1.9283065625434328
C-WEU-SWE,urb,mfh,2020,1.9291478271787414
C-WEU-SWE,urb,mfh,2025,1.9298556049860172
C-WEU-SWE,urb,mfh,2030,1.9304594866434677
C-WEU-SWE,urb,mfh,2035,1.9309811183286572
C-WEU-SWE,urb,mfh,2040,1.9314367318939516
C-WEU-SWE,urb,mfh,2045,1.9318387677905324
C-WEU-SWE,urb,mfh,2050,1.932196948164802
C-WEU-SWE,urb,mfh,2055,1.9325190049164138
C-WEU-SWE,urb,mfh,2060,1.932811184449801
C-WEU-SWE,urb,mfh,2065,1.9330786038429468
C-WEU-SWE,urb,mfh,2070,1.933325505634103
C-WEU-SWE,urb,mfh,2075,1.933555441838361
C-WEU-SWE,urb,mfh,2080,1.9337714075632395
C-WEU-SWE,urb,mfh,2085,1.9339759381461583
C-WEU-SWE,urb,mfh,2090,1.9341711796226548
C-WEU-SWE,urb,mfh,2095,1.9343589396828291
C-WEU-SWE,urb,mfh,2100,1.9345407245487054
C-WEU-SWE,urb,sfh,2015,2.788755899296613
C-WEU-SWE,urb,sfh,2020,2.790245817905881
C-WEU-SWE,urb,sfh,2025,2.7914992997132377
C-WEU-SWE,urb,sfh,2030,2.792568761238003
C-WEU-SWE,urb,sfh,2035,2.793492547118214
C-WEU-SWE,urb,sfh,2040,2.794299411833637
C-WEU-SWE,urb,sfh,2045,2.7950113944010933
C-WEU-SWE,urb,sfh,2050,2.7956457191472346
C-WEU-SWE,urb,sfh,2055,2.7962160853010047
C-WEU-SWE,urb,sfh,2060,2.796733561027851
C-WEU-SWE,urb,sfh,2065,2.7972072142620217
C-WEU-SWE,urb,sfh,2070,2.7976445639418475
C-WEU-SWE,urb,sfh,2075,2.7980519058697
C-WEU-SWE,urb,sfh,2080,2.798434549276287
C-WEU-SWE,urb,sfh,2085,2.7987969887519886
C-WEU-SWE,urb,sfh,2090,2.799143028922584
C-WEU-SWE,urb,sfh,2095,2.7994758745523893
C-WEU-SWE,urb,sfh,2100,2.7997981957049505
