region_bld,region_nuts,urt,clim,value
C-EEU-BGR,C-EEU-BGR-BG311,rur,Zone_4A Mixed Humid,1
C-EEU-BGR,C-EEU-BGR-BG311,urb,Zone_4A Mixed Humid,1
C-EEU-BGR,C-EEU-BGR-BG312,rur,Zone_4A Mixed Humid,1
C-EEU-BGR,C-EEU-BGR-BG312,urb,Zone_4A Mixed Humid,1
C-EEU-BGR,C-EEU-BGR-BG313,rur,Zone_4A Mixed Humid,1
C-EEU-BGR,C-EEU-BGR-BG313,urb,Zone_4A Mixed Humid,1
C-EEU-BGR,C-EEU-BGR-BG314,rur,Zone_4A Mixed Humid,1
C-EEU-BGR,C-EEU-BGR-BG314,urb,Zone_4A Mixed Humid,1
C-EEU-BGR,C-EEU-BGR-BG315,rur,Zone_4A Mixed Humid,1
C-EEU-BGR,C-EEU-BGR-BG315,urb,Zone_4A Mixed Humid,1
C-EEU-BGR,C-EEU-BGR-BG321,rur,Zone_4A Mixed Humid,1
C-EEU-BGR,C-EEU-BGR-BG321,urb,Zone_4A Mixed Humid,1
C-EEU-BGR,C-EEU-BGR-BG322,rur,Zone_5A Cool Humid,1
C-EEU-BGR,C-EEU-BGR-BG322,urb,Zone_5A Cool Humid,1
C-EEU-BGR,C-EEU-BGR-BG323,rur,Zone_4A Mixed Humid,1
C-EEU-BGR,C-EEU-BGR-BG323,urb,Zone_4A Mixed Humid,1
C-EEU-BGR,C-EEU-BGR-BG324,rur,Zone_4A Mixed Humid,1
C-EEU-BGR,C-EEU-BGR-BG324,urb,Zone_4A Mixed Humid,1
C-EEU-BGR,C-EEU-BGR-BG325,rur,Zone_4A Mixed Humid,1
C-EEU-BGR,C-EEU-BGR-BG325,urb,Zone_4A Mixed Humid,1
C-EEU-BGR,C-EEU-BGR-BG331,rur,Zone_4A Mixed Humid,1
C-EEU-BGR,C-EEU-BGR-BG331,urb,Zone_4A Mixed Humid,1
C-EEU-BGR,C-EEU-BGR-BG332,rur,Zone_4A Mixed Humid,1
C-EEU-BGR,C-EEU-BGR-BG332,urb,Zone_4A Mixed Humid,1
C-EEU-BGR,C-EEU-BGR-BG333,rur,Zone_4A Mixed Humid,1
C-EEU-BGR,C-EEU-BGR-BG333,urb,Zone_4A Mixed Humid,1
C-EEU-BGR,C-EEU-BGR-BG334,rur,Zone_4A Mixed Humid,1
C-EEU-BGR,C-EEU-BGR-BG334,urb,Zone_4A Mixed Humid,1
C-EEU-BGR,C-EEU-BGR-BG341,rur,Zone_4A Mixed Humid,1
C-EEU-BGR,C-EEU-BGR-BG341,urb,Zone_4A Mixed Humid,1
C-EEU-BGR,C-EEU-BGR-BG342,rur,Zone_5A Cool Humid,1
C-EEU-BGR,C-EEU-BGR-BG342,urb,Zone_5A Cool Humid,1
C-EEU-BGR,C-EEU-BGR-BG343,rur,Zone_4A Mixed Humid,1
C-EEU-BGR,C-EEU-BGR-BG343,urb,Zone_4A Mixed Humid,1
C-EEU-BGR,C-EEU-BGR-BG344,rur,Zone_4A Mixed Humid,1
C-EEU-BGR,C-EEU-BGR-BG344,urb,Zone_4A Mixed Humid,1
C-EEU-BGR,C-EEU-BGR-BG411,rur,Zone_5A Cool Humid,1
C-EEU-BGR,C-EEU-BGR-BG411,urb,Zone_5A Cool Humid,1
C-EEU-BGR,C-EEU-BGR-BG412,rur,Zone_5A Cool Humid,1
C-EEU-BGR,C-EEU-BGR-BG412,urb,Zone_5A Cool Humid,1
C-EEU-BGR,C-EEU-BGR-BG413,rur,Zone_5A Cool Humid,1
C-EEU-BGR,C-EEU-BGR-BG413,urb,Zone_5A Cool Humid,1
C-EEU-BGR,C-EEU-BGR-BG414,rur,Zone_5A Cool Humid,1
C-EEU-BGR,C-EEU-BGR-BG414,urb,Zone_5A Cool Humid,1
C-EEU-BGR,C-EEU-BGR-BG415,rur,Zone_5A Cool Humid,1
C-EEU-BGR,C-EEU-BGR-BG415,urb,Zone_5A Cool Humid,1
C-EEU-BGR,C-EEU-BGR-BG421,rur,Zone_4A Mixed Humid,1
C-EEU-BGR,C-EEU-BGR-BG421,urb,Zone_4A Mixed Humid,1
C-EEU-BGR,C-EEU-BGR-BG422,rur,Zone_4A Mixed Humid,1
C-EEU-BGR,C-EEU-BGR-BG422,urb,Zone_4A Mixed Humid,1
C-EEU-BGR,C-EEU-BGR-BG423,rur,Zone_4A Mixed Humid,1
C-EEU-BGR,C-EEU-BGR-BG423,urb,Zone_4A Mixed Humid,1
C-EEU-BGR,C-EEU-BGR-BG424,rur,Zone_5A Cool Humid,1
C-EEU-BGR,C-EEU-BGR-BG424,urb,Zone_5A Cool Humid,1
C-EEU-BGR,C-EEU-BGR-BG425,rur,Zone_4A Mixed Humid,1
C-EEU-BGR,C-EEU-BGR-BG425,urb,Zone_4A Mixed Humid,1
C-EEU-CZE,C-EEU-CZE-CZ010,rur,Zone_5A Cool Humid,1
C-EEU-CZE,C-EEU-CZE-CZ010,urb,Zone_5A Cool Humid,1
C-EEU-CZE,C-EEU-CZE-CZ020,rur,Zone_5A Cool Humid,1
C-EEU-CZE,C-EEU-CZE-CZ020,urb,Zone_5A Cool Humid,1
C-EEU-CZE,C-EEU-CZE-CZ031,rur,Zone_5A Cool Humid,1
C-EEU-CZE,C-EEU-CZE-CZ031,urb,Zone_5A Cool Humid,1
C-EEU-CZE,C-EEU-CZE-CZ032,rur,Zone_5A Cool Humid,1
C-EEU-CZE,C-EEU-CZE-CZ032,urb,Zone_5A Cool Humid,1
C-EEU-CZE,C-EEU-CZE-CZ041,rur,Zone_5A Cool Humid,1
C-EEU-CZE,C-EEU-CZE-CZ041,urb,Zone_5A Cool Humid,1
C-EEU-CZE,C-EEU-CZE-CZ042,rur,Zone_5A Cool Humid,1
C-EEU-CZE,C-EEU-CZE-CZ042,urb,Zone_5A Cool Humid,1
C-EEU-CZE,C-EEU-CZE-CZ051,rur,Zone_5A Cool Humid,1
C-EEU-CZE,C-EEU-CZE-CZ051,urb,Zone_5A Cool Humid,1
C-EEU-CZE,C-EEU-CZE-CZ052,rur,Zone_5A Cool Humid,1
C-EEU-CZE,C-EEU-CZE-CZ052,urb,Zone_5A Cool Humid,1
C-EEU-CZE,C-EEU-CZE-CZ053,rur,Zone_5A Cool Humid,1
C-EEU-CZE,C-EEU-CZE-CZ053,urb,Zone_5A Cool Humid,1
C-EEU-CZE,C-EEU-CZE-CZ063,rur,Zone_5A Cool Humid,1
C-EEU-CZE,C-EEU-CZE-CZ063,urb,Zone_5A Cool Humid,1
C-EEU-CZE,C-EEU-CZE-CZ064,rur,Zone_5A Cool Humid,1
C-EEU-CZE,C-EEU-CZE-CZ064,urb,Zone_5A Cool Humid,1
C-EEU-CZE,C-EEU-CZE-CZ071,rur,Zone_5A Cool Humid,1
C-EEU-CZE,C-EEU-CZE-CZ071,urb,Zone_5A Cool Humid,1
C-EEU-CZE,C-EEU-CZE-CZ072,rur,Zone_5A Cool Humid,1
C-EEU-CZE,C-EEU-CZE-CZ072,urb,Zone_5A Cool Humid,1
C-EEU-CZE,C-EEU-CZE-CZ080,rur,Zone_5A Cool Humid,1
C-EEU-CZE,C-EEU-CZE-CZ080,urb,Zone_5A Cool Humid,1
C-EEU-EST,C-EEU-EST-EE001,rur,Zone_6A Cold Humid,1
C-EEU-EST,C-EEU-EST-EE001,urb,Zone_6A Cold Humid,1
C-EEU-EST,C-EEU-EST-EE004,rur,Zone_6A Cold Humid,1
C-EEU-EST,C-EEU-EST-EE004,urb,Zone_6A Cold Humid,1
C-EEU-EST,C-EEU-EST-EE008,rur,Zone_6A Cold Humid,1
C-EEU-EST,C-EEU-EST-EE008,urb,Zone_6A Cold Humid,1
C-EEU-EST,C-EEU-EST-EE009,rur,Zone_6A Cold Humid,1
C-EEU-EST,C-EEU-EST-EE009,urb,Zone_6A Cold Humid,1
C-EEU-EST,C-EEU-EST-EE00A,rur,Zone_6A Cold Humid,1
C-EEU-EST,C-EEU-EST-EE00A,urb,Zone_6A Cold Humid,1
C-EEU-HRV,C-EEU-HRV-HR021,rur,Zone_4A Mixed Humid,1
C-EEU-HRV,C-EEU-HRV-HR021,urb,Zone_4A Mixed Humid,1
C-EEU-HRV,C-EEU-HRV-HR022,rur,Zone_4A Mixed Humid,1
C-EEU-HRV,C-EEU-HRV-HR022,urb,Zone_4A Mixed Humid,1
C-EEU-HRV,C-EEU-HRV-HR023,rur,Zone_4A Mixed Humid,1
C-EEU-HRV,C-EEU-HRV-HR023,urb,Zone_4A Mixed Humid,1
C-EEU-HRV,C-EEU-HRV-HR024,rur,Zone_4A Mixed Humid,1
C-EEU-HRV,C-EEU-HRV-HR024,urb,Zone_4A Mixed Humid,1
C-EEU-HRV,C-EEU-HRV-HR025,rur,Zone_4A Mixed Humid,1
C-EEU-HRV,C-EEU-HRV-HR025,urb,Zone_4A Mixed Humid,1
C-EEU-HRV,C-EEU-HRV-HR026,rur,Zone_4A Mixed Humid,1
C-EEU-HRV,C-EEU-HRV-HR026,urb,Zone_4A Mixed Humid,1
C-EEU-HRV,C-EEU-HRV-HR027,rur,Zone_4A Mixed Humid,1
C-EEU-HRV,C-EEU-HRV-HR027,urb,Zone_4A Mixed Humid,1
C-EEU-HRV,C-EEU-HRV-HR028,rur,Zone_4A Mixed Humid,1
C-EEU-HRV,C-EEU-HRV-HR028,urb,Zone_4A Mixed Humid,1
C-EEU-HRV,C-EEU-HRV-HR031,rur,Zone_4A Mixed Humid,1
C-EEU-HRV,C-EEU-HRV-HR031,urb,Zone_4A Mixed Humid,1
C-EEU-HRV,C-EEU-HRV-HR032,rur,Zone_5A Cool Humid,1
C-EEU-HRV,C-EEU-HRV-HR032,urb,Zone_5A Cool Humid,1
C-EEU-HRV,C-EEU-HRV-HR033,rur,Zone_4C Mixed Marine,1
C-EEU-HRV,C-EEU-HRV-HR033,urb,Zone_4C Mixed Marine,1
C-EEU-HRV,C-EEU-HRV-HR034,rur,Zone_3A Warm Humid,1
C-EEU-HRV,C-EEU-HRV-HR034,urb,Zone_3A Warm Humid,1
C-EEU-HRV,C-EEU-HRV-HR035,rur,Zone_4A Mixed Humid,1
C-EEU-HRV,C-EEU-HRV-HR035,urb,Zone_4A Mixed Humid,1
C-EEU-HRV,C-EEU-HRV-HR036,rur,Zone_4A Mixed Humid,1
C-EEU-HRV,C-EEU-HRV-HR036,urb,Zone_4A Mixed Humid,1
C-EEU-HRV,C-EEU-HRV-HR037,rur,Zone_3A Warm Humid,1
C-EEU-HRV,C-EEU-HRV-HR037,urb,Zone_3A Warm Humid,1
C-EEU-HRV,C-EEU-HRV-HR050,rur,Zone_4A Mixed Humid,1
C-EEU-HRV,C-EEU-HRV-HR050,urb,Zone_4A Mixed Humid,1
C-EEU-HRV,C-EEU-HRV-HR061,rur,Zone_4A Mixed Humid,1
C-EEU-HRV,C-EEU-HRV-HR061,urb,Zone_4A Mixed Humid,1
C-EEU-HRV,C-EEU-HRV-HR062,rur,Zone_4A Mixed Humid,1
C-EEU-HRV,C-EEU-HRV-HR062,urb,Zone_4A Mixed Humid,1
C-EEU-HRV,C-EEU-HRV-HR063,rur,Zone_4A Mixed Humid,1
C-EEU-HRV,C-EEU-HRV-HR063,urb,Zone_4A Mixed Humid,1
C-EEU-HRV,C-EEU-HRV-HR064,rur,Zone_4A Mixed Humid,1
C-EEU-HRV,C-EEU-HRV-HR064,urb,Zone_4A Mixed Humid,1
C-EEU-HRV,C-EEU-HRV-HR065,rur,Zone_4A Mixed Humid,1
C-EEU-HRV,C-EEU-HRV-HR065,urb,Zone_4A Mixed Humid,1
C-EEU-HUN,C-EEU-HUN-HU110,rur,Zone_4A Mixed Humid,1
C-EEU-HUN,C-EEU-HUN-HU110,urb,Zone_4A Mixed Humid,1
C-EEU-HUN,C-EEU-HUN-HU120,rur,Zone_4A Mixed Humid,1
C-EEU-HUN,C-EEU-HUN-HU120,urb,Zone_4A Mixed Humid,1
C-EEU-HUN,C-EEU-HUN-HU211,rur,Zone_4A Mixed Humid,1
C-EEU-HUN,C-EEU-HUN-HU211,urb,Zone_4A Mixed Humid,1
C-EEU-HUN,C-EEU-HUN-HU212,rur,Zone_5A Cool Humid,1
C-EEU-HUN,C-EEU-HUN-HU212,urb,Zone_5A Cool Humid,1
C-EEU-HUN,C-EEU-HUN-HU213,rur,Zone_4A Mixed Humid,1
C-EEU-HUN,C-EEU-HUN-HU213,urb,Zone_4A Mixed Humid,1
C-EEU-HUN,C-EEU-HUN-HU221,rur,Zone_4A Mixed Humid,1
C-EEU-HUN,C-EEU-HUN-HU221,urb,Zone_4A Mixed Humid,1
C-EEU-HUN,C-EEU-HUN-HU222,rur,Zone_5A Cool Humid,1
C-EEU-HUN,C-EEU-HUN-HU222,urb,Zone_5A Cool Humid,1
C-EEU-HUN,C-EEU-HUN-HU223,rur,Zone_4A Mixed Humid,1
C-EEU-HUN,C-EEU-HUN-HU223,urb,Zone_4A Mixed Humid,1
C-EEU-HUN,C-EEU-HUN-HU231,rur,Zone_4A Mixed Humid,1
C-EEU-HUN,C-EEU-HUN-HU231,urb,Zone_4A Mixed Humid,1
C-EEU-HUN,C-EEU-HUN-HU232,rur,Zone_4A Mixed Humid,1
C-EEU-HUN,C-EEU-HUN-HU232,urb,Zone_4A Mixed Humid,1
C-EEU-HUN,C-EEU-HUN-HU233,rur,Zone_4A Mixed Humid,1
C-EEU-HUN,C-EEU-HUN-HU233,urb,Zone_4A Mixed Humid,1
C-EEU-HUN,C-EEU-HUN-HU311,rur,Zone_5A Cool Humid,1
C-EEU-HUN,C-EEU-HUN-HU311,urb,Zone_5A Cool Humid,1
C-EEU-HUN,C-EEU-HUN-HU312,rur,Zone_5A Cool Humid,1
C-EEU-HUN,C-EEU-HUN-HU312,urb,Zone_5A Cool Humid,1
C-EEU-HUN,C-EEU-HUN-HU313,rur,Zone_5A Cool Humid,1
C-EEU-HUN,C-EEU-HUN-HU313,urb,Zone_5A Cool Humid,1
C-EEU-HUN,C-EEU-HUN-HU321,rur,Zone_4A Mixed Humid,1
C-EEU-HUN,C-EEU-HUN-HU321,urb,Zone_4A Mixed Humid,1
C-EEU-HUN,C-EEU-HUN-HU322,rur,Zone_4A Mixed Humid,1
C-EEU-HUN,C-EEU-HUN-HU322,urb,Zone_4A Mixed Humid,1
C-EEU-HUN,C-EEU-HUN-HU323,rur,Zone_5A Cool Humid,1
C-EEU-HUN,C-EEU-HUN-HU323,urb,Zone_5A Cool Humid,1
C-EEU-HUN,C-EEU-HUN-HU331,rur,Zone_4A Mixed Humid,1
C-EEU-HUN,C-EEU-HUN-HU331,urb,Zone_4A Mixed Humid,1
C-EEU-HUN,C-EEU-HUN-HU332,rur,Zone_4A Mixed Humid,1
C-EEU-HUN,C-EEU-HUN-HU332,urb,Zone_4A Mixed Humid,1
C-EEU-HUN,C-EEU-HUN-HU333,rur,Zone_4A Mixed Humid,1
C-EEU-HUN,C-EEU-HUN-HU333,urb,Zone_4A Mixed Humid,1
C-EEU-LTU,C-EEU-LTU-LT011,rur,Zone_6A Cold Humid,1
C-EEU-LTU,C-EEU-LTU-LT011,urb,Zone_6A Cold Humid,1
C-EEU-LTU,C-EEU-LTU-LT021,rur,Zone_6A Cold Humid,1
C-EEU-LTU,C-EEU-LTU-LT021,urb,Zone_6A Cold Humid,1
C-EEU-LTU,C-EEU-LTU-LT022,rur,Zone_6A Cold Humid,1
C-EEU-LTU,C-EEU-LTU-LT022,urb,Zone_6A Cold Humid,1
C-EEU-LTU,C-EEU-LTU-LT023,rur,Zone_5A Cool Humid,1
C-EEU-LTU,C-EEU-LTU-LT023,urb,Zone_5A Cool Humid,1
C-EEU-LTU,C-EEU-LTU-LT024,rur,Zone_6A Cold Humid,1
C-EEU-LTU,C-EEU-LTU-LT024,urb,Zone_6A Cold Humid,1
C-EEU-LTU,C-EEU-LTU-LT025,rur,Zone_6A Cold Humid,1
C-EEU-LTU,C-EEU-LTU-LT025,urb,Zone_6A Cold Humid,1
C-EEU-LTU,C-EEU-LTU-LT026,rur,Zone_6A Cold Humid,1
C-EEU-LTU,C-EEU-LTU-LT026,urb,Zone_6A Cold Humid,1
C-EEU-LTU,C-EEU-LTU-LT027,rur,Zone_5A Cool Humid,1
C-EEU-LTU,C-EEU-LTU-LT027,urb,Zone_5A Cool Humid,1
C-EEU-LTU,C-EEU-LTU-LT028,rur,Zone_6A Cold Humid,1
C-EEU-LTU,C-EEU-LTU-LT028,urb,Zone_6A Cold Humid,1
C-EEU-LTU,C-EEU-LTU-LT029,rur,Zone_6A Cold Humid,1
C-EEU-LTU,C-EEU-LTU-LT029,urb,Zone_6A Cold Humid,1
C-EEU-LVA,C-EEU-LVA-LV005,rur,Zone_6A Cold Humid,1
C-EEU-LVA,C-EEU-LVA-LV005,urb,Zone_6A Cold Humid,1
C-EEU-LVA,C-EEU-LVA-LV009,rur,Zone_6A Cold Humid,1
C-EEU-LVA,C-EEU-LVA-LV009,urb,Zone_6A Cold Humid,1
C-EEU-LVA,C-EEU-LVA-LV00A,rur,Zone_6A Cold Humid,1
C-EEU-LVA,C-EEU-LVA-LV00A,urb,Zone_6A Cold Humid,1
C-EEU-LVA,C-EEU-LVA-LV00B,rur,Zone_6A Cold Humid,1
C-EEU-LVA,C-EEU-LVA-LV00B,urb,Zone_6A Cold Humid,1
C-EEU-LVA,C-EEU-LVA-LV00C,rur,Zone_6A Cold Humid,1
C-EEU-LVA,C-EEU-LVA-LV00C,urb,Zone_6A Cold Humid,1
C-EEU-POL,C-EEU-POL-PL213,rur,Zone_5A Cool Humid,1
C-EEU-POL,C-EEU-POL-PL213,urb,Zone_5A Cool Humid,1
C-EEU-POL,C-EEU-POL-PL214,rur,Zone_5A Cool Humid,1
C-EEU-POL,C-EEU-POL-PL214,urb,Zone_5A Cool Humid,1
C-EEU-POL,C-EEU-POL-PL217,rur,Zone_5A Cool Humid,1
C-EEU-POL,C-EEU-POL-PL217,urb,Zone_5A Cool Humid,1
C-EEU-POL,C-EEU-POL-PL218,rur,Zone_5A Cool Humid,1
C-EEU-POL,C-EEU-POL-PL218,urb,Zone_5A Cool Humid,1
C-EEU-POL,C-EEU-POL-PL219,rur,Zone_6A Cold Humid,1
C-EEU-POL,C-EEU-POL-PL219,urb,Zone_6A Cold Humid,1
C-EEU-POL,C-EEU-POL-PL21A,rur,Zone_5A Cool Humid,1
C-EEU-POL,C-EEU-POL-PL21A,urb,Zone_5A Cool Humid,1
C-EEU-POL,C-EEU-POL-PL224,rur,Zone_5A Cool Humid,1
C-EEU-POL,C-EEU-POL-PL224,urb,Zone_5A Cool Humid,1
C-EEU-POL,C-EEU-POL-PL225,rur,Zone_6A Cold Humid,1
C-EEU-POL,C-EEU-POL-PL225,urb,Zone_6A Cold Humid,1
C-EEU-POL,C-EEU-POL-PL227,rur,Zone_5A Cool Humid,1
C-EEU-POL,C-EEU-POL-PL227,urb,Zone_5A Cool Humid,1
C-EEU-POL,C-EEU-POL-PL228,rur,Zone_5A Cool Humid,1
C-EEU-POL,C-EEU-POL-PL228,urb,Zone_5A Cool Humid,1
C-EEU-POL,C-EEU-POL-PL229,rur,Zone_5A Cool Humid,1
C-EEU-POL,C-EEU-POL-PL229,urb,Zone_5A Cool Humid,1
C-EEU-POL,C-EEU-POL-PL22A,rur,Zone_5A Cool Humid,1
C-EEU-POL,C-EEU-POL-PL22A,urb,Zone_5A Cool Humid,1
C-EEU-POL,C-EEU-POL-PL22B,rur,Zone_5A Cool Humid,1
C-EEU-POL,C-EEU-POL-PL22B,urb,Zone_5A Cool Humid,1
C-EEU-POL,C-EEU-POL-PL22C,rur,Zone_5A Cool Humid,1
C-EEU-POL,C-EEU-POL-PL22C,urb,Zone_5A Cool Humid,1
C-EEU-POL,C-EEU-POL-PL411,rur,Zone_5A Cool Humid,1
C-EEU-POL,C-EEU-POL-PL411,urb,Zone_5A Cool Humid,1
C-EEU-POL,C-EEU-POL-PL414,rur,Zone_5A Cool Humid,1
C-EEU-POL,C-EEU-POL-PL414,urb,Zone_5A Cool Humid,1
C-EEU-POL,C-EEU-POL-PL415,rur,Zone_5A Cool Humid,1
C-EEU-POL,C-EEU-POL-PL415,urb,Zone_5A Cool Humid,1
C-EEU-POL,C-EEU-POL-PL416,rur,Zone_5A Cool Humid,1
C-EEU-POL,C-EEU-POL-PL416,urb,Zone_5A Cool Humid,1
C-EEU-POL,C-EEU-POL-PL417,rur,Zone_5A Cool Humid,1
C-EEU-POL,C-EEU-POL-PL417,urb,Zone_5A Cool Humid,1
C-EEU-POL,C-EEU-POL-PL418,rur,Zone_5A Cool Humid,1
C-EEU-POL,C-EEU-POL-PL418,urb,Zone_5A Cool Humid,1
C-EEU-POL,C-EEU-POL-PL424,rur,Zone_5A Cool Humid,1
C-EEU-POL,C-EEU-POL-PL424,urb,Zone_5A Cool Humid,1
C-EEU-POL,C-EEU-POL-PL426,rur,Zone_5A Cool Humid,1
C-EEU-POL,C-EEU-POL-PL426,urb,Zone_5A Cool Humid,1
C-EEU-POL,C-EEU-POL-PL427,rur,Zone_5A Cool Humid,1
C-EEU-POL,C-EEU-POL-PL427,urb,Zone_5A Cool Humid,1
C-EEU-POL,C-EEU-POL-PL428,rur,Zone_5A Cool Humid,1
C-EEU-POL,C-EEU-POL-PL428,urb,Zone_5A Cool Humid,1
C-EEU-POL,C-EEU-POL-PL431,rur,Zone_5A Cool Humid,1
C-EEU-POL,C-EEU-POL-PL431,urb,Zone_5A Cool Humid,1
C-EEU-POL,C-EEU-POL-PL432,rur,Zone_5A Cool Humid,1
C-EEU-POL,C-EEU-POL-PL432,urb,Zone_5A Cool Humid,1
C-EEU-POL,C-EEU-POL-PL514,rur,Zone_5A Cool Humid,1
C-EEU-POL,C-EEU-POL-PL514,urb,Zone_5A Cool Humid,1
C-EEU-POL,C-EEU-POL-PL515,rur,Zone_5A Cool Humid,1
C-EEU-POL,C-EEU-POL-PL515,urb,Zone_5A Cool Humid,1
C-EEU-POL,C-EEU-POL-PL516,rur,Zone_5A Cool Humid,1
C-EEU-POL,C-EEU-POL-PL516,urb,Zone_5A Cool Humid,1
C-EEU-POL,C-EEU-POL-PL517,rur,Zone_5A Cool Humid,1
C-EEU-POL,C-EEU-POL-PL517,urb,Zone_5A Cool Humid,1
C-EEU-POL,C-EEU-POL-PL518,rur,Zone_5A Cool Humid,1
C-EEU-POL,C-EEU-POL-PL518,urb,Zone_5A Cool Humid,1
C-EEU-POL,C-EEU-POL-PL523,rur,Zone_5A Cool Humid,1
C-EEU-POL,C-EEU-POL-PL523,urb,Zone_5A Cool Humid,1
C-EEU-POL,C-EEU-POL-PL524,rur,Zone_5A Cool Humid,1
C-EEU-POL,C-EEU-POL-PL524,urb,Zone_5A Cool Humid,1
C-EEU-POL,C-EEU-POL-PL613,rur,Zone_5A Cool Humid,1
C-EEU-POL,C-EEU-POL-PL613,urb,Zone_5A Cool Humid,1
C-EEU-POL,C-EEU-POL-PL616,rur,Zone_5A Cool Humid,1
C-EEU-POL,C-EEU-POL-PL616,urb,Zone_5A Cool Humid,1
C-EEU-POL,C-EEU-POL-PL617,rur,Zone_5A Cool Humid,1
C-EEU-POL,C-EEU-POL-PL617,urb,Zone_5A Cool Humid,1
C-EEU-POL,C-EEU-POL-PL618,rur,Zone_5A Cool Humid,1
C-EEU-POL,C-EEU-POL-PL618,urb,Zone_5A Cool Humid,1
C-EEU-POL,C-EEU-POL-PL619,rur,Zone_5A Cool Humid,1
C-EEU-POL,C-EEU-POL-PL619,urb,Zone_5A Cool Humid,1
C-EEU-POL,C-EEU-POL-PL621,rur,Zone_5A Cool Humid,1
C-EEU-POL,C-EEU-POL-PL621,urb,Zone_5A Cool Humid,1
C-EEU-POL,C-EEU-POL-PL622,rur,Zone_5A Cool Humid,1
C-EEU-POL,C-EEU-POL-PL622,urb,Zone_5A Cool Humid,1
C-EEU-POL,C-EEU-POL-PL623,rur,Zone_5A Cool Humid,1
C-EEU-POL,C-EEU-POL-PL623,urb,Zone_5A Cool Humid,1
C-EEU-POL,C-EEU-POL-PL633,rur,Zone_5A Cool Humid,1
C-EEU-POL,C-EEU-POL-PL633,urb,Zone_5A Cool Humid,1
C-EEU-POL,C-EEU-POL-PL634,rur,Zone_5A Cool Humid,1
C-EEU-POL,C-EEU-POL-PL634,urb,Zone_5A Cool Humid,1
C-EEU-POL,C-EEU-POL-PL636,rur,Zone_5A Cool Humid,1
C-EEU-POL,C-EEU-POL-PL636,urb,Zone_5A Cool Humid,1
C-EEU-POL,C-EEU-POL-PL637,rur,Zone_5A Cool Humid,1
C-EEU-POL,C-EEU-POL-PL637,urb,Zone_5A Cool Humid,1
C-EEU-POL,C-EEU-POL-PL638,rur,Zone_5A Cool Humid,1
C-EEU-POL,C-EEU-POL-PL638,urb,Zone_5A Cool Humid,1
C-EEU-POL,C-EEU-POL-PL711,rur,Zone_5A Cool Humid,1
C-EEU-POL,C-EEU-POL-PL711,urb,Zone_5A Cool Humid,1
C-EEU-POL,C-EEU-POL-PL712,rur,Zone_5A Cool Humid,1
C-EEU-POL,C-EEU-POL-PL712,urb,Zone_5A Cool Humid,1
C-EEU-POL,C-EEU-POL-PL713,rur,Zone_5A Cool Humid,1
C-EEU-POL,C-EEU-POL-PL713,urb,Zone_5A Cool Humid,1
C-EEU-POL,C-EEU-POL-PL714,rur,Zone_5A Cool Humid,1
C-EEU-POL,C-EEU-POL-PL714,urb,Zone_5A Cool Humid,1
C-EEU-POL,C-EEU-POL-PL715,rur,Zone_5A Cool Humid,1
C-EEU-POL,C-EEU-POL-PL715,urb,Zone_5A Cool Humid,1
C-EEU-POL,C-EEU-POL-PL721,rur,Zone_5A Cool Humid,1
C-EEU-POL,C-EEU-POL-PL721,urb,Zone_5A Cool Humid,1
C-EEU-POL,C-EEU-POL-PL722,rur,Zone_5A Cool Humid,1
C-EEU-POL,C-EEU-POL-PL722,urb,Zone_5A Cool Humid,1
C-EEU-POL,C-EEU-POL-PL811,rur,Zone_5A Cool Humid,1
C-EEU-POL,C-EEU-POL-PL811,urb,Zone_5A Cool Humid,1
C-EEU-POL,C-EEU-POL-PL812,rur,Zone_5A Cool Humid,1
C-EEU-POL,C-EEU-POL-PL812,urb,Zone_5A Cool Humid,1
C-EEU-POL,C-EEU-POL-PL814,rur,Zone_5A Cool Humid,1
C-EEU-POL,C-EEU-POL-PL814,urb,Zone_5A Cool Humid,1
C-EEU-POL,C-EEU-POL-PL815,rur,Zone_5A Cool Humid,1
C-EEU-POL,C-EEU-POL-PL815,urb,Zone_5A Cool Humid,1
C-EEU-POL,C-EEU-POL-PL821,rur,Zone_5A Cool Humid,1
C-EEU-POL,C-EEU-POL-PL821,urb,Zone_5A Cool Humid,1
C-EEU-POL,C-EEU-POL-PL822,rur,Zone_5A Cool Humid,1
C-EEU-POL,C-EEU-POL-PL822,urb,Zone_5A Cool Humid,1
C-EEU-POL,C-EEU-POL-PL823,rur,Zone_5A Cool Humid,1
C-EEU-POL,C-EEU-POL-PL823,urb,Zone_5A Cool Humid,1
C-EEU-POL,C-EEU-POL-PL824,rur,Zone_5A Cool Humid,1
C-EEU-POL,C-EEU-POL-PL824,urb,Zone_5A Cool Humid,1
C-EEU-POL,C-EEU-POL-PL841,rur,Zone_5A Cool Humid,1
C-EEU-POL,C-EEU-POL-PL841,urb,Zone_5A Cool Humid,1
C-EEU-POL,C-EEU-POL-PL842,rur,Zone_5A Cool Humid,1
C-EEU-POL,C-EEU-POL-PL842,urb,Zone_5A Cool Humid,1
C-EEU-POL,C-EEU-POL-PL843,rur,Zone_5A Cool Humid,1
C-EEU-POL,C-EEU-POL-PL843,urb,Zone_5A Cool Humid,1
C-EEU-POL,C-EEU-POL-PL911,rur,Zone_5A Cool Humid,1
C-EEU-POL,C-EEU-POL-PL911,urb,Zone_5A Cool Humid,1
C-EEU-POL,C-EEU-POL-PL912,rur,Zone_5A Cool Humid,1
C-EEU-POL,C-EEU-POL-PL912,urb,Zone_5A Cool Humid,1
C-EEU-POL,C-EEU-POL-PL913,rur,Zone_5A Cool Humid,1
C-EEU-POL,C-EEU-POL-PL913,urb,Zone_5A Cool Humid,1
C-EEU-POL,C-EEU-POL-PL921,rur,Zone_5A Cool Humid,1
C-EEU-POL,C-EEU-POL-PL921,urb,Zone_5A Cool Humid,1
C-EEU-POL,C-EEU-POL-PL922,rur,Zone_5A Cool Humid,1
C-EEU-POL,C-EEU-POL-PL922,urb,Zone_5A Cool Humid,1
C-EEU-POL,C-EEU-POL-PL923,rur,Zone_5A Cool Humid,1
C-EEU-POL,C-EEU-POL-PL923,urb,Zone_5A Cool Humid,1
C-EEU-POL,C-EEU-POL-PL924,rur,Zone_5A Cool Humid,1
C-EEU-POL,C-EEU-POL-PL924,urb,Zone_5A Cool Humid,1
C-EEU-POL,C-EEU-POL-PL925,rur,Zone_5A Cool Humid,1
C-EEU-POL,C-EEU-POL-PL925,urb,Zone_5A Cool Humid,1
C-EEU-POL,C-EEU-POL-PL926,rur,Zone_5A Cool Humid,1
C-EEU-POL,C-EEU-POL-PL926,urb,Zone_5A Cool Humid,1
C-EEU-ROU,C-EEU-ROU-RO111,rur,Zone_5A Cool Humid,1
C-EEU-ROU,C-EEU-ROU-RO111,urb,Zone_5A Cool Humid,1
C-EEU-ROU,C-EEU-ROU-RO112,rur,Zone_5A Cool Humid,1
C-EEU-ROU,C-EEU-ROU-RO112,urb,Zone_5A Cool Humid,1
C-EEU-ROU,C-EEU-ROU-RO113,rur,Zone_5A Cool Humid,1
C-EEU-ROU,C-EEU-ROU-RO113,urb,Zone_5A Cool Humid,1
C-EEU-ROU,C-EEU-ROU-RO114,rur,Zone_6A Cold Humid,1
C-EEU-ROU,C-EEU-ROU-RO114,urb,Zone_6A Cold Humid,1
C-EEU-ROU,C-EEU-ROU-RO115,rur,Zone_5A Cool Humid,1
C-EEU-ROU,C-EEU-ROU-RO115,urb,Zone_5A Cool Humid,1
C-EEU-ROU,C-EEU-ROU-RO116,rur,Zone_5A Cool Humid,1
C-EEU-ROU,C-EEU-ROU-RO116,urb,Zone_5A Cool Humid,1
C-EEU-ROU,C-EEU-ROU-RO121,rur,Zone_5A Cool Humid,1
C-EEU-ROU,C-EEU-ROU-RO121,urb,Zone_5A Cool Humid,1
C-EEU-ROU,C-EEU-ROU-RO122,rur,Zone_5A Cool Humid,1
C-EEU-ROU,C-EEU-ROU-RO122,urb,Zone_5A Cool Humid,1
C-EEU-ROU,C-EEU-ROU-RO123,rur,Zone_6A Cold Humid,1
C-EEU-ROU,C-EEU-ROU-RO123,urb,Zone_6A Cold Humid,1
C-EEU-ROU,C-EEU-ROU-RO124,rur,Zone_6A Cold Humid,1
C-EEU-ROU,C-EEU-ROU-RO124,urb,Zone_6A Cold Humid,1
C-EEU-ROU,C-EEU-ROU-RO125,rur,Zone_5A Cool Humid,1
C-EEU-ROU,C-EEU-ROU-RO125,urb,Zone_5A Cool Humid,1
C-EEU-ROU,C-EEU-ROU-RO126,rur,Zone_5A Cool Humid,1
C-EEU-ROU,C-EEU-ROU-RO126,urb,Zone_5A Cool Humid,1
C-EEU-ROU,C-EEU-ROU-RO211,rur,Zone_5A Cool Humid,1
C-EEU-ROU,C-EEU-ROU-RO211,urb,Zone_5A Cool Humid,1
C-EEU-ROU,C-EEU-ROU-RO212,rur,Zone_5A Cool Humid,1
C-EEU-ROU,C-EEU-ROU-RO212,urb,Zone_5A Cool Humid,1
C-EEU-ROU,C-EEU-ROU-RO213,rur,Zone_5A Cool Humid,1
C-EEU-ROU,C-EEU-ROU-RO213,urb,Zone_5A Cool Humid,1
C-EEU-ROU,C-EEU-ROU-RO214,rur,Zone_5A Cool Humid,1
C-EEU-ROU,C-EEU-ROU-RO214,urb,Zone_5A Cool Humid,1
C-EEU-ROU,C-EEU-ROU-RO215,rur,Zone_6A Cold Humid,1
C-EEU-ROU,C-EEU-ROU-RO215,urb,Zone_6A Cold Humid,1
C-EEU-ROU,C-EEU-ROU-RO216,rur,Zone_5A Cool Humid,1
C-EEU-ROU,C-EEU-ROU-RO216,urb,Zone_5A Cool Humid,1
C-EEU-ROU,C-EEU-ROU-RO221,rur,Zone_4A Mixed Humid,1
C-EEU-ROU,C-EEU-ROU-RO221,urb,Zone_4A Mixed Humid,1
C-EEU-ROU,C-EEU-ROU-RO222,rur,Zone_5A Cool Humid,1
C-EEU-ROU,C-EEU-ROU-RO222,urb,Zone_5A Cool Humid,1
C-EEU-ROU,C-EEU-ROU-RO223,rur,Zone_4A Mixed Humid,1
C-EEU-ROU,C-EEU-ROU-RO223,urb,Zone_4A Mixed Humid,1
C-EEU-ROU,C-EEU-ROU-RO224,rur,Zone_5A Cool Humid,1
C-EEU-ROU,C-EEU-ROU-RO224,urb,Zone_5A Cool Humid,1
C-EEU-ROU,C-EEU-ROU-RO225,rur,Zone_4A Mixed Humid,1
C-EEU-ROU,C-EEU-ROU-RO225,urb,Zone_4A Mixed Humid,1
C-EEU-ROU,C-EEU-ROU-RO226,rur,Zone_5A Cool Humid,1
C-EEU-ROU,C-EEU-ROU-RO226,urb,Zone_5A Cool Humid,1
C-EEU-ROU,C-EEU-ROU-RO311,rur,Zone_4A Mixed Humid,1
C-EEU-ROU,C-EEU-ROU-RO311,urb,Zone_4A Mixed Humid,1
C-EEU-ROU,C-EEU-ROU-RO312,rur,Zone_4A Mixed Humid,1
C-EEU-ROU,C-EEU-ROU-RO312,urb,Zone_4A Mixed Humid,1
C-EEU-ROU,C-EEU-ROU-RO313,rur,Zone_4A Mixed Humid,1
C-EEU-ROU,C-EEU-ROU-RO313,urb,Zone_4A Mixed Humid,1
C-EEU-ROU,C-EEU-ROU-RO314,rur,Zone_4A Mixed Humid,1
C-EEU-ROU,C-EEU-ROU-RO314,urb,Zone_4A Mixed Humid,1
C-EEU-ROU,C-EEU-ROU-RO315,rur,Zone_4A Mixed Humid,1
C-EEU-ROU,C-EEU-ROU-RO315,urb,Zone_4A Mixed Humid,1
C-EEU-ROU,C-EEU-ROU-RO316,rur,Zone_5A Cool Humid,1
C-EEU-ROU,C-EEU-ROU-RO316,urb,Zone_5A Cool Humid,1
C-EEU-ROU,C-EEU-ROU-RO317,rur,Zone_4A Mixed Humid,1
C-EEU-ROU,C-EEU-ROU-RO317,urb,Zone_4A Mixed Humid,1
C-EEU-ROU,C-EEU-ROU-RO321,rur,Zone_4A Mixed Humid,1
C-EEU-ROU,C-EEU-ROU-RO321,urb,Zone_4A Mixed Humid,1
C-EEU-ROU,C-EEU-ROU-RO322,rur,Zone_4A Mixed Humid,1
C-EEU-ROU,C-EEU-ROU-RO322,urb,Zone_4A Mixed Humid,1
C-EEU-ROU,C-EEU-ROU-RO411,rur,Zone_4A Mixed Humid,1
C-EEU-ROU,C-EEU-ROU-RO411,urb,Zone_4A Mixed Humid,1
C-EEU-ROU,C-EEU-ROU-RO412,rur,Zone_5A Cool Humid,1
C-EEU-ROU,C-EEU-ROU-RO412,urb,Zone_5A Cool Humid,1
C-EEU-ROU,C-EEU-ROU-RO413,rur,Zone_4A Mixed Humid,1
C-EEU-ROU,C-EEU-ROU-RO413,urb,Zone_4A Mixed Humid,1
C-EEU-ROU,C-EEU-ROU-RO414,rur,Zone_4A Mixed Humid,1
C-EEU-ROU,C-EEU-ROU-RO414,urb,Zone_4A Mixed Humid,1
C-EEU-ROU,C-EEU-ROU-RO415,rur,Zone_4A Mixed Humid,1
C-EEU-ROU,C-EEU-ROU-RO415,urb,Zone_4A Mixed Humid,1
C-EEU-ROU,C-EEU-ROU-RO421,rur,Zone_5A Cool Humid,1
C-EEU-ROU,C-EEU-ROU-RO421,urb,Zone_5A Cool Humid,1
C-EEU-ROU,C-EEU-ROU-RO422,rur,Zone_5A Cool Humid,1
C-EEU-ROU,C-EEU-ROU-RO422,urb,Zone_5A Cool Humid,1
C-EEU-ROU,C-EEU-ROU-RO423,rur,Zone_5A Cool Humid,1
C-EEU-ROU,C-EEU-ROU-RO423,urb,Zone_5A Cool Humid,1
C-EEU-ROU,C-EEU-ROU-RO424,rur,Zone_4A Mixed Humid,1
C-EEU-ROU,C-EEU-ROU-RO424,urb,Zone_4A Mixed Humid,1
C-EEU-SVK,C-EEU-SVK-SK010,rur,Zone_5A Cool Humid,1
C-EEU-SVK,C-EEU-SVK-SK010,urb,Zone_5A Cool Humid,1
C-EEU-SVK,C-EEU-SVK-SK021,rur,Zone_5A Cool Humid,1
C-EEU-SVK,C-EEU-SVK-SK021,urb,Zone_5A Cool Humid,1
C-EEU-SVK,C-EEU-SVK-SK022,rur,Zone_5A Cool Humid,1
C-EEU-SVK,C-EEU-SVK-SK022,urb,Zone_5A Cool Humid,1
C-EEU-SVK,C-EEU-SVK-SK023,rur,Zone_5A Cool Humid,1
C-EEU-SVK,C-EEU-SVK-SK023,urb,Zone_5A Cool Humid,1
C-EEU-SVK,C-EEU-SVK-SK031,rur,Zone_6A Cold Humid,1
C-EEU-SVK,C-EEU-SVK-SK031,urb,Zone_6A Cold Humid,1
C-EEU-SVK,C-EEU-SVK-SK032,rur,Zone_5A Cool Humid,1
C-EEU-SVK,C-EEU-SVK-SK032,urb,Zone_5A Cool Humid,1
C-EEU-SVK,C-EEU-SVK-SK041,rur,Zone_6A Cold Humid,1
C-EEU-SVK,C-EEU-SVK-SK041,urb,Zone_6A Cold Humid,1
C-EEU-SVK,C-EEU-SVK-SK042,rur,Zone_5A Cool Humid,1
C-EEU-SVK,C-EEU-SVK-SK042,urb,Zone_5A Cool Humid,1
C-EEU-SVN,C-EEU-SVN-SI031,rur,Zone_4A Mixed Humid,1
C-EEU-SVN,C-EEU-SVN-SI031,urb,Zone_4A Mixed Humid,1
C-EEU-SVN,C-EEU-SVN-SI032,rur,Zone_4A Mixed Humid,1
C-EEU-SVN,C-EEU-SVN-SI032,urb,Zone_4A Mixed Humid,1
C-EEU-SVN,C-EEU-SVN-SI033,rur,Zone_5A Cool Humid,1
C-EEU-SVN,C-EEU-SVN-SI033,urb,Zone_5A Cool Humid,1
C-EEU-SVN,C-EEU-SVN-SI034,rur,Zone_4A Mixed Humid,1
C-EEU-SVN,C-EEU-SVN-SI034,urb,Zone_4A Mixed Humid,1
C-EEU-SVN,C-EEU-SVN-SI035,rur,Zone_5A Cool Humid,1
C-EEU-SVN,C-EEU-SVN-SI035,urb,Zone_5A Cool Humid,1
C-EEU-SVN,C-EEU-SVN-SI036,rur,Zone_4A Mixed Humid,1
C-EEU-SVN,C-EEU-SVN-SI036,urb,Zone_4A Mixed Humid,1
C-EEU-SVN,C-EEU-SVN-SI037,rur,Zone_5A Cool Humid,1
C-EEU-SVN,C-EEU-SVN-SI037,urb,Zone_5A Cool Humid,1
C-EEU-SVN,C-EEU-SVN-SI038,rur,Zone_5A Cool Humid,1
C-EEU-SVN,C-EEU-SVN-SI038,urb,Zone_5A Cool Humid,1
C-EEU-SVN,C-EEU-SVN-SI041,rur,Zone_5A Cool Humid,1
C-EEU-SVN,C-EEU-SVN-SI041,urb,Zone_5A Cool Humid,1
C-EEU-SVN,C-EEU-SVN-SI042,rur,Zone_5A Cool Humid,1
C-EEU-SVN,C-EEU-SVN-SI042,urb,Zone_5A Cool Humid,1
C-EEU-SVN,C-EEU-SVN-SI043,rur,Zone_7A Very cold Humid,1
C-EEU-SVN,C-EEU-SVN-SI043,urb,Zone_7A Very cold Humid,1
C-EEU-SVN,C-EEU-SVN-SI044,rur,Zone_4A Mixed Humid,1
C-EEU-SVN,C-EEU-SVN-SI044,urb,Zone_4A Mixed Humid,1
C-WEU-AUT,C-WEU-AUT-AT111,rur,Zone_5A Cool Humid,1
C-WEU-AUT,C-WEU-AUT-AT111,urb,Zone_5A Cool Humid,1
C-WEU-AUT,C-WEU-AUT-AT112,rur,Zone_4A Mixed Humid,1
C-WEU-AUT,C-WEU-AUT-AT112,urb,Zone_4A Mixed Humid,1
C-WEU-AUT,C-WEU-AUT-AT113,rur,Zone_5A Cool Humid,1
C-WEU-AUT,C-WEU-AUT-AT113,urb,Zone_5A Cool Humid,1
C-WEU-AUT,C-WEU-AUT-AT121,rur,Zone_5A Cool Humid,1
C-WEU-AUT,C-WEU-AUT-AT121,urb,Zone_5A Cool Humid,1
C-WEU-AUT,C-WEU-AUT-AT122,rur,Zone_5A Cool Humid,1
C-WEU-AUT,C-WEU-AUT-AT122,urb,Zone_5A Cool Humid,1
C-WEU-AUT,C-WEU-AUT-AT123,rur,Zone_5A Cool Humid,1
C-WEU-AUT,C-WEU-AUT-AT123,urb,Zone_5A Cool Humid,1
C-WEU-AUT,C-WEU-AUT-AT124,rur,Zone_5A Cool Humid,1
C-WEU-AUT,C-WEU-AUT-AT124,urb,Zone_5A Cool Humid,1
C-WEU-AUT,C-WEU-AUT-AT125,rur,Zone_5A Cool Humid,1
C-WEU-AUT,C-WEU-AUT-AT125,urb,Zone_5A Cool Humid,1
C-WEU-AUT,C-WEU-AUT-AT126,rur,Zone_5A Cool Humid,1
C-WEU-AUT,C-WEU-AUT-AT126,urb,Zone_5A Cool Humid,1
C-WEU-AUT,C-WEU-AUT-AT127,rur,Zone_4A Mixed Humid,1
C-WEU-AUT,C-WEU-AUT-AT127,urb,Zone_4A Mixed Humid,1
C-WEU-AUT,C-WEU-AUT-AT130,rur,Zone_4A Mixed Humid,1
C-WEU-AUT,C-WEU-AUT-AT130,urb,Zone_4A Mixed Humid,1
C-WEU-AUT,C-WEU-AUT-AT211,rur,Zone_6A Cold Humid,1
C-WEU-AUT,C-WEU-AUT-AT211,urb,Zone_6A Cold Humid,1
C-WEU-AUT,C-WEU-AUT-AT212,rur,Zone_7A Very cold Humid,1
C-WEU-AUT,C-WEU-AUT-AT212,urb,Zone_7A Very cold Humid,1
C-WEU-AUT,C-WEU-AUT-AT213,rur,Zone_5A Cool Humid,1
C-WEU-AUT,C-WEU-AUT-AT213,urb,Zone_5A Cool Humid,1
C-WEU-AUT,C-WEU-AUT-AT221,rur,Zone_6A Cold Humid,1
C-WEU-AUT,C-WEU-AUT-AT221,urb,Zone_6A Cold Humid,1
C-WEU-AUT,C-WEU-AUT-AT222,rur,Zone_6A Cold Humid,1
C-WEU-AUT,C-WEU-AUT-AT222,urb,Zone_6A Cold Humid,1
C-WEU-AUT,C-WEU-AUT-AT223,rur,Zone_6A Cold Humid,1
C-WEU-AUT,C-WEU-AUT-AT223,urb,Zone_6A Cold Humid,1
C-WEU-AUT,C-WEU-AUT-AT224,rur,Zone_4A Mixed Humid,1
C-WEU-AUT,C-WEU-AUT-AT224,urb,Zone_4A Mixed Humid,1
C-WEU-AUT,C-WEU-AUT-AT225,rur,Zone_5A Cool Humid,1
C-WEU-AUT,C-WEU-AUT-AT225,urb,Zone_5A Cool Humid,1
C-WEU-AUT,C-WEU-AUT-AT226,rur,Zone_6A Cold Humid,1
C-WEU-AUT,C-WEU-AUT-AT226,urb,Zone_6A Cold Humid,1
C-WEU-AUT,C-WEU-AUT-AT311,rur,Zone_5A Cool Humid,1
C-WEU-AUT,C-WEU-AUT-AT311,urb,Zone_5A Cool Humid,1
C-WEU-AUT,C-WEU-AUT-AT312,rur,Zone_5A Cool Humid,1
C-WEU-AUT,C-WEU-AUT-AT312,urb,Zone_5A Cool Humid,1
C-WEU-AUT,C-WEU-AUT-AT313,rur,Zone_5A Cool Humid,1
C-WEU-AUT,C-WEU-AUT-AT313,urb,Zone_5A Cool Humid,1
C-WEU-AUT,C-WEU-AUT-AT314,rur,Zone_6A Cold Humid,1
C-WEU-AUT,C-WEU-AUT-AT314,urb,Zone_6A Cold Humid,1
C-WEU-AUT,C-WEU-AUT-AT315,rur,Zone_6A Cold Humid,1
C-WEU-AUT,C-WEU-AUT-AT315,urb,Zone_6A Cold Humid,1
C-WEU-AUT,C-WEU-AUT-AT321,rur,Zone_7A Very cold Humid,1
C-WEU-AUT,C-WEU-AUT-AT321,urb,Zone_7A Very cold Humid,1
C-WEU-AUT,C-WEU-AUT-AT322,rur,Zone_7A Very cold Humid,1
C-WEU-AUT,C-WEU-AUT-AT322,urb,Zone_7A Very cold Humid,1
C-WEU-AUT,C-WEU-AUT-AT323,rur,Zone_6A Cold Humid,1
C-WEU-AUT,C-WEU-AUT-AT323,urb,Zone_6A Cold Humid,1
C-WEU-AUT,C-WEU-AUT-AT331,rur,Zone_7A Very cold Humid,1
C-WEU-AUT,C-WEU-AUT-AT331,urb,Zone_7A Very cold Humid,1
C-WEU-AUT,C-WEU-AUT-AT332,rur,Zone_7A Very cold Humid,1
C-WEU-AUT,C-WEU-AUT-AT332,urb,Zone_7A Very cold Humid,1
C-WEU-AUT,C-WEU-AUT-AT333,rur,Zone_7A Very cold Humid,1
C-WEU-AUT,C-WEU-AUT-AT333,urb,Zone_7A Very cold Humid,1
C-WEU-AUT,C-WEU-AUT-AT334,rur,Zone_7A Very cold Humid,1
C-WEU-AUT,C-WEU-AUT-AT334,urb,Zone_7A Very cold Humid,1
C-WEU-AUT,C-WEU-AUT-AT335,rur,Zone_6A Cold Humid,1
C-WEU-AUT,C-WEU-AUT-AT335,urb,Zone_6A Cold Humid,1
C-WEU-AUT,C-WEU-AUT-AT341,rur,Zone_6A Cold Humid,1
C-WEU-AUT,C-WEU-AUT-AT341,urb,Zone_6A Cold Humid,1
C-WEU-AUT,C-WEU-AUT-AT342,rur,Zone_6A Cold Humid,1
C-WEU-AUT,C-WEU-AUT-AT342,urb,Zone_6A Cold Humid,1
C-WEU-BEL,C-WEU-BEL-BE100,rur,Zone_4A Mixed Humid,1
C-WEU-BEL,C-WEU-BEL-BE100,urb,Zone_4A Mixed Humid,1
C-WEU-BEL,C-WEU-BEL-BE211,rur,Zone_4A Mixed Humid,1
C-WEU-BEL,C-WEU-BEL-BE211,urb,Zone_4A Mixed Humid,1
C-WEU-BEL,C-WEU-BEL-BE212,rur,Zone_4A Mixed Humid,1
C-WEU-BEL,C-WEU-BEL-BE212,urb,Zone_4A Mixed Humid,1
C-WEU-BEL,C-WEU-BEL-BE213,rur,Zone_4A Mixed Humid,1
C-WEU-BEL,C-WEU-BEL-BE213,urb,Zone_4A Mixed Humid,1
C-WEU-BEL,C-WEU-BEL-BE223,rur,Zone_4A Mixed Humid,1
C-WEU-BEL,C-WEU-BEL-BE223,urb,Zone_4A Mixed Humid,1
C-WEU-BEL,C-WEU-BEL-BE224,rur,Zone_4A Mixed Humid,1
C-WEU-BEL,C-WEU-BEL-BE224,urb,Zone_4A Mixed Humid,1
C-WEU-BEL,C-WEU-BEL-BE225,rur,Zone_4A Mixed Humid,1
C-WEU-BEL,C-WEU-BEL-BE225,urb,Zone_4A Mixed Humid,1
C-WEU-BEL,C-WEU-BEL-BE231,rur,Zone_4A Mixed Humid,1
C-WEU-BEL,C-WEU-BEL-BE231,urb,Zone_4A Mixed Humid,1
C-WEU-BEL,C-WEU-BEL-BE232,rur,Zone_4A Mixed Humid,1
C-WEU-BEL,C-WEU-BEL-BE232,urb,Zone_4A Mixed Humid,1
C-WEU-BEL,C-WEU-BEL-BE233,rur,Zone_4A Mixed Humid,1
C-WEU-BEL,C-WEU-BEL-BE233,urb,Zone_4A Mixed Humid,1
C-WEU-BEL,C-WEU-BEL-BE234,rur,Zone_4A Mixed Humid,1
C-WEU-BEL,C-WEU-BEL-BE234,urb,Zone_4A Mixed Humid,1
C-WEU-BEL,C-WEU-BEL-BE235,rur,Zone_4A Mixed Humid,1
C-WEU-BEL,C-WEU-BEL-BE235,urb,Zone_4A Mixed Humid,1
C-WEU-BEL,C-WEU-BEL-BE236,rur,Zone_4A Mixed Humid,1
C-WEU-BEL,C-WEU-BEL-BE236,urb,Zone_4A Mixed Humid,1
C-WEU-BEL,C-WEU-BEL-BE241,rur,Zone_4A Mixed Humid,1
C-WEU-BEL,C-WEU-BEL-BE241,urb,Zone_4A Mixed Humid,1
C-WEU-BEL,C-WEU-BEL-BE242,rur,Zone_4A Mixed Humid,1
C-WEU-BEL,C-WEU-BEL-BE242,urb,Zone_4A Mixed Humid,1
C-WEU-BEL,C-WEU-BEL-BE251,rur,Zone_4A Mixed Humid,1
C-WEU-BEL,C-WEU-BEL-BE251,urb,Zone_4A Mixed Humid,1
C-WEU-BEL,C-WEU-BEL-BE252,rur,Zone_4A Mixed Humid,1
C-WEU-BEL,C-WEU-BEL-BE252,urb,Zone_4A Mixed Humid,1
C-WEU-BEL,C-WEU-BEL-BE253,rur,Zone_4A Mixed Humid,1
C-WEU-BEL,C-WEU-BEL-BE253,urb,Zone_4A Mixed Humid,1
C-WEU-BEL,C-WEU-BEL-BE254,rur,Zone_4A Mixed Humid,1
C-WEU-BEL,C-WEU-BEL-BE254,urb,Zone_4A Mixed Humid,1
C-WEU-BEL,C-WEU-BEL-BE255,rur,Zone_4A Mixed Humid,1
C-WEU-BEL,C-WEU-BEL-BE255,urb,Zone_4A Mixed Humid,1
C-WEU-BEL,C-WEU-BEL-BE256,rur,Zone_4A Mixed Humid,1
C-WEU-BEL,C-WEU-BEL-BE256,urb,Zone_4A Mixed Humid,1
C-WEU-BEL,C-WEU-BEL-BE257,rur,Zone_4A Mixed Humid,1
C-WEU-BEL,C-WEU-BEL-BE257,urb,Zone_4A Mixed Humid,1
C-WEU-BEL,C-WEU-BEL-BE258,rur,Zone_4A Mixed Humid,1
C-WEU-BEL,C-WEU-BEL-BE258,urb,Zone_4A Mixed Humid,1
C-WEU-BEL,C-WEU-BEL-BE310,rur,Zone_4A Mixed Humid,1
C-WEU-BEL,C-WEU-BEL-BE310,urb,Zone_4A Mixed Humid,1
C-WEU-BEL,C-WEU-BEL-BE323,rur,Zone_4A Mixed Humid,1
C-WEU-BEL,C-WEU-BEL-BE323,urb,Zone_4A Mixed Humid,1
C-WEU-BEL,C-WEU-BEL-BE328,rur,Zone_4A Mixed Humid,1
C-WEU-BEL,C-WEU-BEL-BE328,urb,Zone_4A Mixed Humid,1
C-WEU-BEL,C-WEU-BEL-BE329,rur,Zone_4A Mixed Humid,1
C-WEU-BEL,C-WEU-BEL-BE329,urb,Zone_4A Mixed Humid,1
C-WEU-BEL,C-WEU-BEL-BE32A,rur,Zone_4A Mixed Humid,1
C-WEU-BEL,C-WEU-BEL-BE32A,urb,Zone_4A Mixed Humid,1
C-WEU-BEL,C-WEU-BEL-BE32B,rur,Zone_5A Cool Humid,1
C-WEU-BEL,C-WEU-BEL-BE32B,urb,Zone_5A Cool Humid,1
C-WEU-BEL,C-WEU-BEL-BE32C,rur,Zone_4A Mixed Humid,1
C-WEU-BEL,C-WEU-BEL-BE32C,urb,Zone_4A Mixed Humid,1
C-WEU-BEL,C-WEU-BEL-BE32D,rur,Zone_4A Mixed Humid,1
C-WEU-BEL,C-WEU-BEL-BE32D,urb,Zone_4A Mixed Humid,1
C-WEU-BEL,C-WEU-BEL-BE331,rur,Zone_4A Mixed Humid,1
C-WEU-BEL,C-WEU-BEL-BE331,urb,Zone_4A Mixed Humid,1
C-WEU-BEL,C-WEU-BEL-BE332,rur,Zone_4A Mixed Humid,1
C-WEU-BEL,C-WEU-BEL-BE332,urb,Zone_4A Mixed Humid,1
C-WEU-BEL,C-WEU-BEL-BE334,rur,Zone_4A Mixed Humid,1
C-WEU-BEL,C-WEU-BEL-BE334,urb,Zone_4A Mixed Humid,1
C-WEU-BEL,C-WEU-BEL-BE335,rur,Zone_5A Cool Humid,1
C-WEU-BEL,C-WEU-BEL-BE335,urb,Zone_5A Cool Humid,1
C-WEU-BEL,C-WEU-BEL-BE336,rur,Zone_5A Cool Humid,1
C-WEU-BEL,C-WEU-BEL-BE336,urb,Zone_5A Cool Humid,1
C-WEU-BEL,C-WEU-BEL-BE341,rur,Zone_5A Cool Humid,1
C-WEU-BEL,C-WEU-BEL-BE341,urb,Zone_5A Cool Humid,1
C-WEU-BEL,C-WEU-BEL-BE342,rur,Zone_5A Cool Humid,1
C-WEU-BEL,C-WEU-BEL-BE342,urb,Zone_5A Cool Humid,1
C-WEU-BEL,C-WEU-BEL-BE343,rur,Zone_5A Cool Humid,1
C-WEU-BEL,C-WEU-BEL-BE343,urb,Zone_5A Cool Humid,1
C-WEU-BEL,C-WEU-BEL-BE344,rur,Zone_5A Cool Humid,1
C-WEU-BEL,C-WEU-BEL-BE344,urb,Zone_5A Cool Humid,1
C-WEU-BEL,C-WEU-BEL-BE345,rur,Zone_5A Cool Humid,1
C-WEU-BEL,C-WEU-BEL-BE345,urb,Zone_5A Cool Humid,1
C-WEU-BEL,C-WEU-BEL-BE351,rur,Zone_5A Cool Humid,1
C-WEU-BEL,C-WEU-BEL-BE351,urb,Zone_5A Cool Humid,1
C-WEU-BEL,C-WEU-BEL-BE352,rur,Zone_5A Cool Humid,1
C-WEU-BEL,C-WEU-BEL-BE352,urb,Zone_5A Cool Humid,1
C-WEU-BEL,C-WEU-BEL-BE353,rur,Zone_5A Cool Humid,1
C-WEU-BEL,C-WEU-BEL-BE353,urb,Zone_5A Cool Humid,1
C-WEU-CYP,C-WEU-CYP-CY000,rur,Zone_3A Warm Humid,1
C-WEU-CYP,C-WEU-CYP-CY000,urb,Zone_3A Warm Humid,1
C-WEU-DEU,C-WEU-DEU-DE111,rur,Zone_5A Cool Humid,1
C-WEU-DEU,C-WEU-DEU-DE111,urb,Zone_5A Cool Humid,1
C-WEU-DEU,C-WEU-DEU-DE112,rur,Zone_5A Cool Humid,1
C-WEU-DEU,C-WEU-DEU-DE112,urb,Zone_5A Cool Humid,1
C-WEU-DEU,C-WEU-DEU-DE113,rur,Zone_5A Cool Humid,1
C-WEU-DEU,C-WEU-DEU-DE113,urb,Zone_5A Cool Humid,1
C-WEU-DEU,C-WEU-DEU-DE114,rur,Zone_5A Cool Humid,1
C-WEU-DEU,C-WEU-DEU-DE114,urb,Zone_5A Cool Humid,1
C-WEU-DEU,C-WEU-DEU-DE115,rur,Zone_5A Cool Humid,1
C-WEU-DEU,C-WEU-DEU-DE115,urb,Zone_5A Cool Humid,1
C-WEU-DEU,C-WEU-DEU-DE116,rur,Zone_5A Cool Humid,1
C-WEU-DEU,C-WEU-DEU-DE116,urb,Zone_5A Cool Humid,1
C-WEU-DEU,C-WEU-DEU-DE117,rur,Zone_5A Cool Humid,1
C-WEU-DEU,C-WEU-DEU-DE117,urb,Zone_5A Cool Humid,1
C-WEU-DEU,C-WEU-DEU-DE118,rur,Zone_5A Cool Humid,1
C-WEU-DEU,C-WEU-DEU-DE118,urb,Zone_5A Cool Humid,1
C-WEU-DEU,C-WEU-DEU-DE119,rur,Zone_5A Cool Humid,1
C-WEU-DEU,C-WEU-DEU-DE119,urb,Zone_5A Cool Humid,1
C-WEU-DEU,C-WEU-DEU-DE11A,rur,Zone_5A Cool Humid,1
C-WEU-DEU,C-WEU-DEU-DE11A,urb,Zone_5A Cool Humid,1
C-WEU-DEU,C-WEU-DEU-DE11B,rur,Zone_5A Cool Humid,1
C-WEU-DEU,C-WEU-DEU-DE11B,urb,Zone_5A Cool Humid,1
C-WEU-DEU,C-WEU-DEU-DE11C,rur,Zone_5A Cool Humid,1
C-WEU-DEU,C-WEU-DEU-DE11C,urb,Zone_5A Cool Humid,1
C-WEU-DEU,C-WEU-DEU-DE11D,rur,Zone_5A Cool Humid,1
C-WEU-DEU,C-WEU-DEU-DE11D,urb,Zone_5A Cool Humid,1
C-WEU-DEU,C-WEU-DEU-DE121,rur,Zone_5A Cool Humid,1
C-WEU-DEU,C-WEU-DEU-DE121,urb,Zone_5A Cool Humid,1
C-WEU-DEU,C-WEU-DEU-DE122,rur,Zone_4A Mixed Humid,1
C-WEU-DEU,C-WEU-DEU-DE122,urb,Zone_4A Mixed Humid,1
C-WEU-DEU,C-WEU-DEU-DE123,rur,Zone_4A Mixed Humid,1
C-WEU-DEU,C-WEU-DEU-DE123,urb,Zone_4A Mixed Humid,1
C-WEU-DEU,C-WEU-DEU-DE124,rur,Zone_5A Cool Humid,1
C-WEU-DEU,C-WEU-DEU-DE124,urb,Zone_5A Cool Humid,1
C-WEU-DEU,C-WEU-DEU-DE125,rur,Zone_4A Mixed Humid,1
C-WEU-DEU,C-WEU-DEU-DE125,urb,Zone_4A Mixed Humid,1
C-WEU-DEU,C-WEU-DEU-DE126,rur,Zone_4A Mixed Humid,1
C-WEU-DEU,C-WEU-DEU-DE126,urb,Zone_4A Mixed Humid,1
C-WEU-DEU,C-WEU-DEU-DE127,rur,Zone_5A Cool Humid,1
C-WEU-DEU,C-WEU-DEU-DE127,urb,Zone_5A Cool Humid,1
C-WEU-DEU,C-WEU-DEU-DE128,rur,Zone_4A Mixed Humid,1
C-WEU-DEU,C-WEU-DEU-DE128,urb,Zone_4A Mixed Humid,1
C-WEU-DEU,C-WEU-DEU-DE129,rur,Zone_5A Cool Humid,1
C-WEU-DEU,C-WEU-DEU-DE129,urb,Zone_5A Cool Humid,1
C-WEU-DEU,C-WEU-DEU-DE12A,rur,Zone_5A Cool Humid,1
C-WEU-DEU,C-WEU-DEU-DE12A,urb,Zone_5A Cool Humid,1
C-WEU-DEU,C-WEU-DEU-DE12B,rur,Zone_5A Cool Humid,1
C-WEU-DEU,C-WEU-DEU-DE12B,urb,Zone_5A Cool Humid,1
C-WEU-DEU,C-WEU-DEU-DE12C,rur,Zone_5A Cool Humid,1
C-WEU-DEU,C-WEU-DEU-DE12C,urb,Zone_5A Cool Humid,1
C-WEU-DEU,C-WEU-DEU-DE131,rur,Zone_4A Mixed Humid,1
C-WEU-DEU,C-WEU-DEU-DE131,urb,Zone_4A Mixed Humid,1
C-WEU-DEU,C-WEU-DEU-DE132,rur,Zone_5A Cool Humid,1
C-WEU-DEU,C-WEU-DEU-DE132,urb,Zone_5A Cool Humid,1
C-WEU-DEU,C-WEU-DEU-DE133,rur,Zone_4A Mixed Humid,1
C-WEU-DEU,C-WEU-DEU-DE133,urb,Zone_4A Mixed Humid,1
C-WEU-DEU,C-WEU-DEU-DE134,rur,Zone_4A Mixed Humid,1
C-WEU-DEU,C-WEU-DEU-DE134,urb,Zone_4A Mixed Humid,1
C-WEU-DEU,C-WEU-DEU-DE135,rur,Zone_5A Cool Humid,1
C-WEU-DEU,C-WEU-DEU-DE135,urb,Zone_5A Cool Humid,1
C-WEU-DEU,C-WEU-DEU-DE136,rur,Zone_5A Cool Humid,1
C-WEU-DEU,C-WEU-DEU-DE136,urb,Zone_5A Cool Humid,1
C-WEU-DEU,C-WEU-DEU-DE137,rur,Zone_5A Cool Humid,1
C-WEU-DEU,C-WEU-DEU-DE137,urb,Zone_5A Cool Humid,1
C-WEU-DEU,C-WEU-DEU-DE138,rur,Zone_5A Cool Humid,1
C-WEU-DEU,C-WEU-DEU-DE138,urb,Zone_5A Cool Humid,1
C-WEU-DEU,C-WEU-DEU-DE139,rur,Zone_5A Cool Humid,1
C-WEU-DEU,C-WEU-DEU-DE139,urb,Zone_5A Cool Humid,1
C-WEU-DEU,C-WEU-DEU-DE13A,rur,Zone_5A Cool Humid,1
C-WEU-DEU,C-WEU-DEU-DE13A,urb,Zone_5A Cool Humid,1
C-WEU-DEU,C-WEU-DEU-DE141,rur,Zone_5A Cool Humid,1
C-WEU-DEU,C-WEU-DEU-DE141,urb,Zone_5A Cool Humid,1
C-WEU-DEU,C-WEU-DEU-DE142,rur,Zone_5A Cool Humid,1
C-WEU-DEU,C-WEU-DEU-DE142,urb,Zone_5A Cool Humid,1
C-WEU-DEU,C-WEU-DEU-DE143,rur,Zone_5A Cool Humid,1
C-WEU-DEU,C-WEU-DEU-DE143,urb,Zone_5A Cool Humid,1
C-WEU-DEU,C-WEU-DEU-DE144,rur,Zone_5A Cool Humid,1
C-WEU-DEU,C-WEU-DEU-DE144,urb,Zone_5A Cool Humid,1
C-WEU-DEU,C-WEU-DEU-DE145,rur,Zone_5A Cool Humid,1
C-WEU-DEU,C-WEU-DEU-DE145,urb,Zone_5A Cool Humid,1
C-WEU-DEU,C-WEU-DEU-DE146,rur,Zone_5A Cool Humid,1
C-WEU-DEU,C-WEU-DEU-DE146,urb,Zone_5A Cool Humid,1
C-WEU-DEU,C-WEU-DEU-DE147,rur,Zone_5A Cool Humid,1
C-WEU-DEU,C-WEU-DEU-DE147,urb,Zone_5A Cool Humid,1
C-WEU-DEU,C-WEU-DEU-DE148,rur,Zone_5A Cool Humid,1
C-WEU-DEU,C-WEU-DEU-DE148,urb,Zone_5A Cool Humid,1
C-WEU-DEU,C-WEU-DEU-DE149,rur,Zone_5A Cool Humid,1
C-WEU-DEU,C-WEU-DEU-DE149,urb,Zone_5A Cool Humid,1
C-WEU-DEU,C-WEU-DEU-DE211,rur,Zone_5A Cool Humid,1
C-WEU-DEU,C-WEU-DEU-DE211,urb,Zone_5A Cool Humid,1
C-WEU-DEU,C-WEU-DEU-DE212,rur,Zone_5A Cool Humid,1
C-WEU-DEU,C-WEU-DEU-DE212,urb,Zone_5A Cool Humid,1
C-WEU-DEU,C-WEU-DEU-DE213,rur,Zone_5A Cool Humid,1
C-WEU-DEU,C-WEU-DEU-DE213,urb,Zone_5A Cool Humid,1
C-WEU-DEU,C-WEU-DEU-DE214,rur,Zone_5A Cool Humid,1
C-WEU-DEU,C-WEU-DEU-DE214,urb,Zone_5A Cool Humid,1
C-WEU-DEU,C-WEU-DEU-DE215,rur,Zone_6A Cold Humid,1
C-WEU-DEU,C-WEU-DEU-DE215,urb,Zone_6A Cold Humid,1
C-WEU-DEU,C-WEU-DEU-DE216,rur,Zone_5A Cool Humid,1
C-WEU-DEU,C-WEU-DEU-DE216,urb,Zone_5A Cool Humid,1
C-WEU-DEU,C-WEU-DEU-DE217,rur,Zone_5A Cool Humid,1
C-WEU-DEU,C-WEU-DEU-DE217,urb,Zone_5A Cool Humid,1
C-WEU-DEU,C-WEU-DEU-DE218,rur,Zone_5A Cool Humid,1
C-WEU-DEU,C-WEU-DEU-DE218,urb,Zone_5A Cool Humid,1
C-WEU-DEU,C-WEU-DEU-DE219,rur,Zone_5A Cool Humid,1
C-WEU-DEU,C-WEU-DEU-DE219,urb,Zone_5A Cool Humid,1
C-WEU-DEU,C-WEU-DEU-DE21A,rur,Zone_5A Cool Humid,1
C-WEU-DEU,C-WEU-DEU-DE21A,urb,Zone_5A Cool Humid,1
C-WEU-DEU,C-WEU-DEU-DE21B,rur,Zone_5A Cool Humid,1
C-WEU-DEU,C-WEU-DEU-DE21B,urb,Zone_5A Cool Humid,1
C-WEU-DEU,C-WEU-DEU-DE21C,rur,Zone_5A Cool Humid,1
C-WEU-DEU,C-WEU-DEU-DE21C,urb,Zone_5A Cool Humid,1
C-WEU-DEU,C-WEU-DEU-DE21D,rur,Zone_5A Cool Humid,1
C-WEU-DEU,C-WEU-DEU-DE21D,urb,Zone_5A Cool Humid,1
C-WEU-DEU,C-WEU-DEU-DE21E,rur,Zone_5A Cool Humid,1
C-WEU-DEU,C-WEU-DEU-DE21E,urb,Zone_5A Cool Humid,1
C-WEU-DEU,C-WEU-DEU-DE21F,rur,Zone_5A Cool Humid,1
C-WEU-DEU,C-WEU-DEU-DE21F,urb,Zone_5A Cool Humid,1
C-WEU-DEU,C-WEU-DEU-DE21G,rur,Zone_5A Cool Humid,1
C-WEU-DEU,C-WEU-DEU-DE21G,urb,Zone_5A Cool Humid,1
C-WEU-DEU,C-WEU-DEU-DE21H,rur,Zone_5A Cool Humid,1
C-WEU-DEU,C-WEU-DEU-DE21H,urb,Zone_5A Cool Humid,1
C-WEU-DEU,C-WEU-DEU-DE21I,rur,Zone_5A Cool Humid,1
C-WEU-DEU,C-WEU-DEU-DE21I,urb,Zone_5A Cool Humid,1
C-WEU-DEU,C-WEU-DEU-DE21J,rur,Zone_5A Cool Humid,1
C-WEU-DEU,C-WEU-DEU-DE21J,urb,Zone_5A Cool Humid,1
C-WEU-DEU,C-WEU-DEU-DE21K,rur,Zone_5A Cool Humid,1
C-WEU-DEU,C-WEU-DEU-DE21K,urb,Zone_5A Cool Humid,1
C-WEU-DEU,C-WEU-DEU-DE21L,rur,Zone_5A Cool Humid,1
C-WEU-DEU,C-WEU-DEU-DE21L,urb,Zone_5A Cool Humid,1
C-WEU-DEU,C-WEU-DEU-DE21M,rur,Zone_6A Cold Humid,1
C-WEU-DEU,C-WEU-DEU-DE21M,urb,Zone_6A Cold Humid,1
C-WEU-DEU,C-WEU-DEU-DE21N,rur,Zone_5A Cool Humid,1
C-WEU-DEU,C-WEU-DEU-DE21N,urb,Zone_5A Cool Humid,1
C-WEU-DEU,C-WEU-DEU-DE221,rur,Zone_5A Cool Humid,1
C-WEU-DEU,C-WEU-DEU-DE221,urb,Zone_5A Cool Humid,1
C-WEU-DEU,C-WEU-DEU-DE222,rur,Zone_5A Cool Humid,1
C-WEU-DEU,C-WEU-DEU-DE222,urb,Zone_5A Cool Humid,1
C-WEU-DEU,C-WEU-DEU-DE223,rur,Zone_5A Cool Humid,1
C-WEU-DEU,C-WEU-DEU-DE223,urb,Zone_5A Cool Humid,1
C-WEU-DEU,C-WEU-DEU-DE224,rur,Zone_5A Cool Humid,1
C-WEU-DEU,C-WEU-DEU-DE224,urb,Zone_5A Cool Humid,1
C-WEU-DEU,C-WEU-DEU-DE225,rur,Zone_5A Cool Humid,1
C-WEU-DEU,C-WEU-DEU-DE225,urb,Zone_5A Cool Humid,1
C-WEU-DEU,C-WEU-DEU-DE226,rur,Zone_5A Cool Humid,1
C-WEU-DEU,C-WEU-DEU-DE226,urb,Zone_5A Cool Humid,1
C-WEU-DEU,C-WEU-DEU-DE227,rur,Zone_5A Cool Humid,1
C-WEU-DEU,C-WEU-DEU-DE227,urb,Zone_5A Cool Humid,1
C-WEU-DEU,C-WEU-DEU-DE228,rur,Zone_5A Cool Humid,1
C-WEU-DEU,C-WEU-DEU-DE228,urb,Zone_5A Cool Humid,1
C-WEU-DEU,C-WEU-DEU-DE229,rur,Zone_5A Cool Humid,1
C-WEU-DEU,C-WEU-DEU-DE229,urb,Zone_5A Cool Humid,1
C-WEU-DEU,C-WEU-DEU-DE22A,rur,Zone_5A Cool Humid,1
C-WEU-DEU,C-WEU-DEU-DE22A,urb,Zone_5A Cool Humid,1
C-WEU-DEU,C-WEU-DEU-DE22B,rur,Zone_5A Cool Humid,1
C-WEU-DEU,C-WEU-DEU-DE22B,urb,Zone_5A Cool Humid,1
C-WEU-DEU,C-WEU-DEU-DE22C,rur,Zone_5A Cool Humid,1
C-WEU-DEU,C-WEU-DEU-DE22C,urb,Zone_5A Cool Humid,1
C-WEU-DEU,C-WEU-DEU-DE231,rur,Zone_5A Cool Humid,1
C-WEU-DEU,C-WEU-DEU-DE231,urb,Zone_5A Cool Humid,1
C-WEU-DEU,C-WEU-DEU-DE232,rur,Zone_5A Cool Humid,1
C-WEU-DEU,C-WEU-DEU-DE232,urb,Zone_5A Cool Humid,1
C-WEU-DEU,C-WEU-DEU-DE233,rur,Zone_5A Cool Humid,1
C-WEU-DEU,C-WEU-DEU-DE233,urb,Zone_5A Cool Humid,1
C-WEU-DEU,C-WEU-DEU-DE234,rur,Zone_5A Cool Humid,1
C-WEU-DEU,C-WEU-DEU-DE234,urb,Zone_5A Cool Humid,1
C-WEU-DEU,C-WEU-DEU-DE235,rur,Zone_5A Cool Humid,1
C-WEU-DEU,C-WEU-DEU-DE235,urb,Zone_5A Cool Humid,1
C-WEU-DEU,C-WEU-DEU-DE236,rur,Zone_5A Cool Humid,1
C-WEU-DEU,C-WEU-DEU-DE236,urb,Zone_5A Cool Humid,1
C-WEU-DEU,C-WEU-DEU-DE237,rur,Zone_5A Cool Humid,1
C-WEU-DEU,C-WEU-DEU-DE237,urb,Zone_5A Cool Humid,1
C-WEU-DEU,C-WEU-DEU-DE238,rur,Zone_5A Cool Humid,1
C-WEU-DEU,C-WEU-DEU-DE238,urb,Zone_5A Cool Humid,1
C-WEU-DEU,C-WEU-DEU-DE239,rur,Zone_5A Cool Humid,1
C-WEU-DEU,C-WEU-DEU-DE239,urb,Zone_5A Cool Humid,1
C-WEU-DEU,C-WEU-DEU-DE23A,rur,Zone_5A Cool Humid,1
C-WEU-DEU,C-WEU-DEU-DE23A,urb,Zone_5A Cool Humid,1
C-WEU-DEU,C-WEU-DEU-DE241,rur,Zone_5A Cool Humid,1
C-WEU-DEU,C-WEU-DEU-DE241,urb,Zone_5A Cool Humid,1
C-WEU-DEU,C-WEU-DEU-DE242,rur,Zone_5A Cool Humid,1
C-WEU-DEU,C-WEU-DEU-DE242,urb,Zone_5A Cool Humid,1
C-WEU-DEU,C-WEU-DEU-DE243,rur,Zone_5A Cool Humid,1
C-WEU-DEU,C-WEU-DEU-DE243,urb,Zone_5A Cool Humid,1
C-WEU-DEU,C-WEU-DEU-DE244,rur,Zone_5A Cool Humid,1
C-WEU-DEU,C-WEU-DEU-DE244,urb,Zone_5A Cool Humid,1
C-WEU-DEU,C-WEU-DEU-DE245,rur,Zone_5A Cool Humid,1
C-WEU-DEU,C-WEU-DEU-DE245,urb,Zone_5A Cool Humid,1
C-WEU-DEU,C-WEU-DEU-DE246,rur,Zone_5A Cool Humid,1
C-WEU-DEU,C-WEU-DEU-DE246,urb,Zone_5A Cool Humid,1
C-WEU-DEU,C-WEU-DEU-DE247,rur,Zone_5A Cool Humid,1
C-WEU-DEU,C-WEU-DEU-DE247,urb,Zone_5A Cool Humid,1
C-WEU-DEU,C-WEU-DEU-DE248,rur,Zone_5A Cool Humid,1
C-WEU-DEU,C-WEU-DEU-DE248,urb,Zone_5A Cool Humid,1
C-WEU-DEU,C-WEU-DEU-DE249,rur,Zone_5A Cool Humid,1
C-WEU-DEU,C-WEU-DEU-DE249,urb,Zone_5A Cool Humid,1
C-WEU-DEU,C-WEU-DEU-DE24A,rur,Zone_5A Cool Humid,1
C-WEU-DEU,C-WEU-DEU-DE24A,urb,Zone_5A Cool Humid,1
C-WEU-DEU,C-WEU-DEU-DE24B,rur,Zone_5A Cool Humid,1
C-WEU-DEU,C-WEU-DEU-DE24B,urb,Zone_5A Cool Humid,1
C-WEU-DEU,C-WEU-DEU-DE24C,rur,Zone_5A Cool Humid,1
C-WEU-DEU,C-WEU-DEU-DE24C,urb,Zone_5A Cool Humid,1
C-WEU-DEU,C-WEU-DEU-DE24D,rur,Zone_5A Cool Humid,1
C-WEU-DEU,C-WEU-DEU-DE24D,urb,Zone_5A Cool Humid,1
C-WEU-DEU,C-WEU-DEU-DE251,rur,Zone_5A Cool Humid,1
C-WEU-DEU,C-WEU-DEU-DE251,urb,Zone_5A Cool Humid,1
C-WEU-DEU,C-WEU-DEU-DE252,rur,Zone_5A Cool Humid,1
C-WEU-DEU,C-WEU-DEU-DE252,urb,Zone_5A Cool Humid,1
C-WEU-DEU,C-WEU-DEU-DE253,rur,Zone_5A Cool Humid,1
C-WEU-DEU,C-WEU-DEU-DE253,urb,Zone_5A Cool Humid,1
C-WEU-DEU,C-WEU-DEU-DE254,rur,Zone_5A Cool Humid,1
C-WEU-DEU,C-WEU-DEU-DE254,urb,Zone_5A Cool Humid,1
C-WEU-DEU,C-WEU-DEU-DE255,rur,Zone_5A Cool Humid,1
C-WEU-DEU,C-WEU-DEU-DE255,urb,Zone_5A Cool Humid,1
C-WEU-DEU,C-WEU-DEU-DE256,rur,Zone_5A Cool Humid,1
C-WEU-DEU,C-WEU-DEU-DE256,urb,Zone_5A Cool Humid,1
C-WEU-DEU,C-WEU-DEU-DE257,rur,Zone_5A Cool Humid,1
C-WEU-DEU,C-WEU-DEU-DE257,urb,Zone_5A Cool Humid,1
C-WEU-DEU,C-WEU-DEU-DE258,rur,Zone_5A Cool Humid,1
C-WEU-DEU,C-WEU-DEU-DE258,urb,Zone_5A Cool Humid,1
C-WEU-DEU,C-WEU-DEU-DE259,rur,Zone_5A Cool Humid,1
C-WEU-DEU,C-WEU-DEU-DE259,urb,Zone_5A Cool Humid,1
C-WEU-DEU,C-WEU-DEU-DE25A,rur,Zone_5A Cool Humid,1
C-WEU-DEU,C-WEU-DEU-DE25A,urb,Zone_5A Cool Humid,1
C-WEU-DEU,C-WEU-DEU-DE25B,rur,Zone_5A Cool Humid,1
C-WEU-DEU,C-WEU-DEU-DE25B,urb,Zone_5A Cool Humid,1
C-WEU-DEU,C-WEU-DEU-DE25C,rur,Zone_5A Cool Humid,1
C-WEU-DEU,C-WEU-DEU-DE25C,urb,Zone_5A Cool Humid,1
C-WEU-DEU,C-WEU-DEU-DE261,rur,Zone_5A Cool Humid,1
C-WEU-DEU,C-WEU-DEU-DE261,urb,Zone_5A Cool Humid,1
C-WEU-DEU,C-WEU-DEU-DE262,rur,Zone_5A Cool Humid,1
C-WEU-DEU,C-WEU-DEU-DE262,urb,Zone_5A Cool Humid,1
C-WEU-DEU,C-WEU-DEU-DE263,rur,Zone_5A Cool Humid,1
C-WEU-DEU,C-WEU-DEU-DE263,urb,Zone_5A Cool Humid,1
C-WEU-DEU,C-WEU-DEU-DE264,rur,Zone_5A Cool Humid,1
C-WEU-DEU,C-WEU-DEU-DE264,urb,Zone_5A Cool Humid,1
C-WEU-DEU,C-WEU-DEU-DE265,rur,Zone_5A Cool Humid,1
C-WEU-DEU,C-WEU-DEU-DE265,urb,Zone_5A Cool Humid,1
C-WEU-DEU,C-WEU-DEU-DE266,rur,Zone_5A Cool Humid,1
C-WEU-DEU,C-WEU-DEU-DE266,urb,Zone_5A Cool Humid,1
C-WEU-DEU,C-WEU-DEU-DE267,rur,Zone_5A Cool Humid,1
C-WEU-DEU,C-WEU-DEU-DE267,urb,Zone_5A Cool Humid,1
C-WEU-DEU,C-WEU-DEU-DE268,rur,Zone_5A Cool Humid,1
C-WEU-DEU,C-WEU-DEU-DE268,urb,Zone_5A Cool Humid,1
C-WEU-DEU,C-WEU-DEU-DE269,rur,Zone_5A Cool Humid,1
C-WEU-DEU,C-WEU-DEU-DE269,urb,Zone_5A Cool Humid,1
C-WEU-DEU,C-WEU-DEU-DE26A,rur,Zone_5A Cool Humid,1
C-WEU-DEU,C-WEU-DEU-DE26A,urb,Zone_5A Cool Humid,1
C-WEU-DEU,C-WEU-DEU-DE26B,rur,Zone_5A Cool Humid,1
C-WEU-DEU,C-WEU-DEU-DE26B,urb,Zone_5A Cool Humid,1
C-WEU-DEU,C-WEU-DEU-DE26C,rur,Zone_5A Cool Humid,1
C-WEU-DEU,C-WEU-DEU-DE26C,urb,Zone_5A Cool Humid,1
C-WEU-DEU,C-WEU-DEU-DE271,rur,Zone_5A Cool Humid,1
C-WEU-DEU,C-WEU-DEU-DE271,urb,Zone_5A Cool Humid,1
C-WEU-DEU,C-WEU-DEU-DE272,rur,Zone_5A Cool Humid,1
C-WEU-DEU,C-WEU-DEU-DE272,urb,Zone_5A Cool Humid,1
C-WEU-DEU,C-WEU-DEU-DE273,rur,Zone_5A Cool Humid,1
C-WEU-DEU,C-WEU-DEU-DE273,urb,Zone_5A Cool Humid,1
C-WEU-DEU,C-WEU-DEU-DE274,rur,Zone_5A Cool Humid,1
C-WEU-DEU,C-WEU-DEU-DE274,urb,Zone_5A Cool Humid,1
C-WEU-DEU,C-WEU-DEU-DE275,rur,Zone_5A Cool Humid,1
C-WEU-DEU,C-WEU-DEU-DE275,urb,Zone_5A Cool Humid,1
C-WEU-DEU,C-WEU-DEU-DE276,rur,Zone_5A Cool Humid,1
C-WEU-DEU,C-WEU-DEU-DE276,urb,Zone_5A Cool Humid,1
C-WEU-DEU,C-WEU-DEU-DE277,rur,Zone_5A Cool Humid,1
C-WEU-DEU,C-WEU-DEU-DE277,urb,Zone_5A Cool Humid,1
C-WEU-DEU,C-WEU-DEU-DE278,rur,Zone_5A Cool Humid,1
C-WEU-DEU,C-WEU-DEU-DE278,urb,Zone_5A Cool Humid,1
C-WEU-DEU,C-WEU-DEU-DE279,rur,Zone_5A Cool Humid,1
C-WEU-DEU,C-WEU-DEU-DE279,urb,Zone_5A Cool Humid,1
C-WEU-DEU,C-WEU-DEU-DE27A,rur,Zone_5A Cool Humid,1
C-WEU-DEU,C-WEU-DEU-DE27A,urb,Zone_5A Cool Humid,1
C-WEU-DEU,C-WEU-DEU-DE27B,rur,Zone_5A Cool Humid,1
C-WEU-DEU,C-WEU-DEU-DE27B,urb,Zone_5A Cool Humid,1
C-WEU-DEU,C-WEU-DEU-DE27C,rur,Zone_5A Cool Humid,1
C-WEU-DEU,C-WEU-DEU-DE27C,urb,Zone_5A Cool Humid,1
C-WEU-DEU,C-WEU-DEU-DE27D,rur,Zone_5A Cool Humid,1
C-WEU-DEU,C-WEU-DEU-DE27D,urb,Zone_5A Cool Humid,1
C-WEU-DEU,C-WEU-DEU-DE27E,rur,Zone_5A Cool Humid,1
C-WEU-DEU,C-WEU-DEU-DE27E,urb,Zone_5A Cool Humid,1
C-WEU-DEU,C-WEU-DEU-DE300,rur,Zone_5A Cool Humid,1
C-WEU-DEU,C-WEU-DEU-DE300,urb,Zone_5A Cool Humid,1
C-WEU-DEU,C-WEU-DEU-DE401,rur,Zone_5A Cool Humid,1
C-WEU-DEU,C-WEU-DEU-DE401,urb,Zone_5A Cool Humid,1
C-WEU-DEU,C-WEU-DEU-DE402,rur,Zone_5A Cool Humid,1
C-WEU-DEU,C-WEU-DEU-DE402,urb,Zone_5A Cool Humid,1
C-WEU-DEU,C-WEU-DEU-DE403,rur,Zone_5A Cool Humid,1
C-WEU-DEU,C-WEU-DEU-DE403,urb,Zone_5A Cool Humid,1
C-WEU-DEU,C-WEU-DEU-DE404,rur,Zone_5A Cool Humid,1
C-WEU-DEU,C-WEU-DEU-DE404,urb,Zone_5A Cool Humid,1
C-WEU-DEU,C-WEU-DEU-DE405,rur,Zone_5A Cool Humid,1
C-WEU-DEU,C-WEU-DEU-DE405,urb,Zone_5A Cool Humid,1
C-WEU-DEU,C-WEU-DEU-DE406,rur,Zone_5A Cool Humid,1
C-WEU-DEU,C-WEU-DEU-DE406,urb,Zone_5A Cool Humid,1
C-WEU-DEU,C-WEU-DEU-DE407,rur,Zone_5A Cool Humid,1
C-WEU-DEU,C-WEU-DEU-DE407,urb,Zone_5A Cool Humid,1
C-WEU-DEU,C-WEU-DEU-DE408,rur,Zone_5A Cool Humid,1
C-WEU-DEU,C-WEU-DEU-DE408,urb,Zone_5A Cool Humid,1
C-WEU-DEU,C-WEU-DEU-DE409,rur,Zone_5A Cool Humid,1
C-WEU-DEU,C-WEU-DEU-DE409,urb,Zone_5A Cool Humid,1
C-WEU-DEU,C-WEU-DEU-DE40A,rur,Zone_5A Cool Humid,1
C-WEU-DEU,C-WEU-DEU-DE40A,urb,Zone_5A Cool Humid,1
C-WEU-DEU,C-WEU-DEU-DE40B,rur,Zone_5A Cool Humid,1
C-WEU-DEU,C-WEU-DEU-DE40B,urb,Zone_5A Cool Humid,1
C-WEU-DEU,C-WEU-DEU-DE40C,rur,Zone_5A Cool Humid,1
C-WEU-DEU,C-WEU-DEU-DE40C,urb,Zone_5A Cool Humid,1
C-WEU-DEU,C-WEU-DEU-DE40D,rur,Zone_5A Cool Humid,1
C-WEU-DEU,C-WEU-DEU-DE40D,urb,Zone_5A Cool Humid,1
C-WEU-DEU,C-WEU-DEU-DE40E,rur,Zone_5A Cool Humid,1
C-WEU-DEU,C-WEU-DEU-DE40E,urb,Zone_5A Cool Humid,1
C-WEU-DEU,C-WEU-DEU-DE40F,rur,Zone_5A Cool Humid,1
C-WEU-DEU,C-WEU-DEU-DE40F,urb,Zone_5A Cool Humid,1
C-WEU-DEU,C-WEU-DEU-DE40G,rur,Zone_5A Cool Humid,1
C-WEU-DEU,C-WEU-DEU-DE40G,urb,Zone_5A Cool Humid,1
C-WEU-DEU,C-WEU-DEU-DE40H,rur,Zone_5A Cool Humid,1
C-WEU-DEU,C-WEU-DEU-DE40H,urb,Zone_5A Cool Humid,1
C-WEU-DEU,C-WEU-DEU-DE40I,rur,Zone_5A Cool Humid,1
C-WEU-DEU,C-WEU-DEU-DE40I,urb,Zone_5A Cool Humid,1
C-WEU-DEU,C-WEU-DEU-DE501,rur,Zone_5A Cool Humid,1
C-WEU-DEU,C-WEU-DEU-DE501,urb,Zone_5A Cool Humid,1
C-WEU-DEU,C-WEU-DEU-DE502,rur,Zone_5A Cool Humid,1
C-WEU-DEU,C-WEU-DEU-DE502,urb,Zone_5A Cool Humid,1
C-WEU-DEU,C-WEU-DEU-DE600,rur,Zone_5A Cool Humid,1
C-WEU-DEU,C-WEU-DEU-DE600,urb,Zone_5A Cool Humid,1
C-WEU-DEU,C-WEU-DEU-DE711,rur,Zone_5A Cool Humid,1
C-WEU-DEU,C-WEU-DEU-DE711,urb,Zone_5A Cool Humid,1
C-WEU-DEU,C-WEU-DEU-DE712,rur,Zone_5A Cool Humid,1
C-WEU-DEU,C-WEU-DEU-DE712,urb,Zone_5A Cool Humid,1
C-WEU-DEU,C-WEU-DEU-DE713,rur,Zone_5A Cool Humid,1
C-WEU-DEU,C-WEU-DEU-DE713,urb,Zone_5A Cool Humid,1
C-WEU-DEU,C-WEU-DEU-DE714,rur,Zone_5A Cool Humid,1
C-WEU-DEU,C-WEU-DEU-DE714,urb,Zone_5A Cool Humid,1
C-WEU-DEU,C-WEU-DEU-DE715,rur,Zone_5A Cool Humid,1
C-WEU-DEU,C-WEU-DEU-DE715,urb,Zone_5A Cool Humid,1
C-WEU-DEU,C-WEU-DEU-DE716,rur,Zone_5A Cool Humid,1
C-WEU-DEU,C-WEU-DEU-DE716,urb,Zone_5A Cool Humid,1
C-WEU-DEU,C-WEU-DEU-DE717,rur,Zone_4A Mixed Humid,1
C-WEU-DEU,C-WEU-DEU-DE717,urb,Zone_4A Mixed Humid,1
C-WEU-DEU,C-WEU-DEU-DE718,rur,Zone_5A Cool Humid,1
C-WEU-DEU,C-WEU-DEU-DE718,urb,Zone_5A Cool Humid,1
C-WEU-DEU,C-WEU-DEU-DE719,rur,Zone_5A Cool Humid,1
C-WEU-DEU,C-WEU-DEU-DE719,urb,Zone_5A Cool Humid,1
C-WEU-DEU,C-WEU-DEU-DE71A,rur,Zone_5A Cool Humid,1
C-WEU-DEU,C-WEU-DEU-DE71A,urb,Zone_5A Cool Humid,1
C-WEU-DEU,C-WEU-DEU-DE71B,rur,Zone_5A Cool Humid,1
C-WEU-DEU,C-WEU-DEU-DE71B,urb,Zone_5A Cool Humid,1
C-WEU-DEU,C-WEU-DEU-DE71C,rur,Zone_5A Cool Humid,1
C-WEU-DEU,C-WEU-DEU-DE71C,urb,Zone_5A Cool Humid,1
C-WEU-DEU,C-WEU-DEU-DE71D,rur,Zone_5A Cool Humid,1
C-WEU-DEU,C-WEU-DEU-DE71D,urb,Zone_5A Cool Humid,1
C-WEU-DEU,C-WEU-DEU-DE71E,rur,Zone_5A Cool Humid,1
C-WEU-DEU,C-WEU-DEU-DE71E,urb,Zone_5A Cool Humid,1
C-WEU-DEU,C-WEU-DEU-DE721,rur,Zone_5A Cool Humid,1
C-WEU-DEU,C-WEU-DEU-DE721,urb,Zone_5A Cool Humid,1
C-WEU-DEU,C-WEU-DEU-DE722,rur,Zone_5A Cool Humid,1
C-WEU-DEU,C-WEU-DEU-DE722,urb,Zone_5A Cool Humid,1
C-WEU-DEU,C-WEU-DEU-DE723,rur,Zone_5A Cool Humid,1
C-WEU-DEU,C-WEU-DEU-DE723,urb,Zone_5A Cool Humid,1
C-WEU-DEU,C-WEU-DEU-DE724,rur,Zone_5A Cool Humid,1
C-WEU-DEU,C-WEU-DEU-DE724,urb,Zone_5A Cool Humid,1
C-WEU-DEU,C-WEU-DEU-DE725,rur,Zone_5A Cool Humid,1
C-WEU-DEU,C-WEU-DEU-DE725,urb,Zone_5A Cool Humid,1
C-WEU-DEU,C-WEU-DEU-DE731,rur,Zone_5A Cool Humid,1
C-WEU-DEU,C-WEU-DEU-DE731,urb,Zone_5A Cool Humid,1
C-WEU-DEU,C-WEU-DEU-DE732,rur,Zone_5A Cool Humid,1
C-WEU-DEU,C-WEU-DEU-DE732,urb,Zone_5A Cool Humid,1
C-WEU-DEU,C-WEU-DEU-DE733,rur,Zone_5A Cool Humid,1
C-WEU-DEU,C-WEU-DEU-DE733,urb,Zone_5A Cool Humid,1
C-WEU-DEU,C-WEU-DEU-DE734,rur,Zone_5A Cool Humid,1
C-WEU-DEU,C-WEU-DEU-DE734,urb,Zone_5A Cool Humid,1
C-WEU-DEU,C-WEU-DEU-DE735,rur,Zone_5A Cool Humid,1
C-WEU-DEU,C-WEU-DEU-DE735,urb,Zone_5A Cool Humid,1
C-WEU-DEU,C-WEU-DEU-DE736,rur,Zone_5A Cool Humid,1
C-WEU-DEU,C-WEU-DEU-DE736,urb,Zone_5A Cool Humid,1
C-WEU-DEU,C-WEU-DEU-DE737,rur,Zone_5A Cool Humid,1
C-WEU-DEU,C-WEU-DEU-DE737,urb,Zone_5A Cool Humid,1
C-WEU-DEU,C-WEU-DEU-DE803,rur,Zone_5A Cool Humid,1
C-WEU-DEU,C-WEU-DEU-DE803,urb,Zone_5A Cool Humid,1
C-WEU-DEU,C-WEU-DEU-DE804,rur,Zone_5A Cool Humid,1
C-WEU-DEU,C-WEU-DEU-DE804,urb,Zone_5A Cool Humid,1
C-WEU-DEU,C-WEU-DEU-DE80J,rur,Zone_5A Cool Humid,1
C-WEU-DEU,C-WEU-DEU-DE80J,urb,Zone_5A Cool Humid,1
C-WEU-DEU,C-WEU-DEU-DE80K,rur,Zone_5A Cool Humid,1
C-WEU-DEU,C-WEU-DEU-DE80K,urb,Zone_5A Cool Humid,1
C-WEU-DEU,C-WEU-DEU-DE80L,rur,Zone_5A Cool Humid,1
C-WEU-DEU,C-WEU-DEU-DE80L,urb,Zone_5A Cool Humid,1
C-WEU-DEU,C-WEU-DEU-DE80M,rur,Zone_5A Cool Humid,1
C-WEU-DEU,C-WEU-DEU-DE80M,urb,Zone_5A Cool Humid,1
C-WEU-DEU,C-WEU-DEU-DE80N,rur,Zone_5A Cool Humid,1
C-WEU-DEU,C-WEU-DEU-DE80N,urb,Zone_5A Cool Humid,1
C-WEU-DEU,C-WEU-DEU-DE80O,rur,Zone_5A Cool Humid,1
C-WEU-DEU,C-WEU-DEU-DE80O,urb,Zone_5A Cool Humid,1
C-WEU-DEU,C-WEU-DEU-DE911,rur,Zone_5A Cool Humid,1
C-WEU-DEU,C-WEU-DEU-DE911,urb,Zone_5A Cool Humid,1
C-WEU-DEU,C-WEU-DEU-DE912,rur,Zone_5A Cool Humid,1
C-WEU-DEU,C-WEU-DEU-DE912,urb,Zone_5A Cool Humid,1
C-WEU-DEU,C-WEU-DEU-DE913,rur,Zone_5A Cool Humid,1
C-WEU-DEU,C-WEU-DEU-DE913,urb,Zone_5A Cool Humid,1
C-WEU-DEU,C-WEU-DEU-DE914,rur,Zone_5A Cool Humid,1
C-WEU-DEU,C-WEU-DEU-DE914,urb,Zone_5A Cool Humid,1
C-WEU-DEU,C-WEU-DEU-DE916,rur,Zone_5A Cool Humid,1
C-WEU-DEU,C-WEU-DEU-DE916,urb,Zone_5A Cool Humid,1
C-WEU-DEU,C-WEU-DEU-DE917,rur,Zone_5A Cool Humid,1
C-WEU-DEU,C-WEU-DEU-DE917,urb,Zone_5A Cool Humid,1
C-WEU-DEU,C-WEU-DEU-DE918,rur,Zone_5A Cool Humid,1
C-WEU-DEU,C-WEU-DEU-DE918,urb,Zone_5A Cool Humid,1
C-WEU-DEU,C-WEU-DEU-DE91A,rur,Zone_5A Cool Humid,1
C-WEU-DEU,C-WEU-DEU-DE91A,urb,Zone_5A Cool Humid,1
C-WEU-DEU,C-WEU-DEU-DE91B,rur,Zone_5A Cool Humid,1
C-WEU-DEU,C-WEU-DEU-DE91B,urb,Zone_5A Cool Humid,1
C-WEU-DEU,C-WEU-DEU-DE91C,rur,Zone_5A Cool Humid,1
C-WEU-DEU,C-WEU-DEU-DE91C,urb,Zone_5A Cool Humid,1
C-WEU-DEU,C-WEU-DEU-DE922,rur,Zone_5A Cool Humid,1
C-WEU-DEU,C-WEU-DEU-DE922,urb,Zone_5A Cool Humid,1
C-WEU-DEU,C-WEU-DEU-DE923,rur,Zone_5A Cool Humid,1
C-WEU-DEU,C-WEU-DEU-DE923,urb,Zone_5A Cool Humid,1
C-WEU-DEU,C-WEU-DEU-DE925,rur,Zone_5A Cool Humid,1
C-WEU-DEU,C-WEU-DEU-DE925,urb,Zone_5A Cool Humid,1
C-WEU-DEU,C-WEU-DEU-DE926,rur,Zone_5A Cool Humid,1
C-WEU-DEU,C-WEU-DEU-DE926,urb,Zone_5A Cool Humid,1
C-WEU-DEU,C-WEU-DEU-DE927,rur,Zone_5A Cool Humid,1
C-WEU-DEU,C-WEU-DEU-DE927,urb,Zone_5A Cool Humid,1
C-WEU-DEU,C-WEU-DEU-DE928,rur,Zone_5A Cool Humid,1
C-WEU-DEU,C-WEU-DEU-DE928,urb,Zone_5A Cool Humid,1
C-WEU-DEU,C-WEU-DEU-DE929,rur,Zone_5A Cool Humid,1
C-WEU-DEU,C-WEU-DEU-DE929,urb,Zone_5A Cool Humid,1
C-WEU-DEU,C-WEU-DEU-DE931,rur,Zone_5A Cool Humid,1
C-WEU-DEU,C-WEU-DEU-DE931,urb,Zone_5A Cool Humid,1
C-WEU-DEU,C-WEU-DEU-DE932,rur,Zone_5A Cool Humid,1
C-WEU-DEU,C-WEU-DEU-DE932,urb,Zone_5A Cool Humid,1
C-WEU-DEU,C-WEU-DEU-DE933,rur,Zone_5A Cool Humid,1
C-WEU-DEU,C-WEU-DEU-DE933,urb,Zone_5A Cool Humid,1
C-WEU-DEU,C-WEU-DEU-DE934,rur,Zone_5A Cool Humid,1
C-WEU-DEU,C-WEU-DEU-DE934,urb,Zone_5A Cool Humid,1
C-WEU-DEU,C-WEU-DEU-DE935,rur,Zone_5A Cool Humid,1
C-WEU-DEU,C-WEU-DEU-DE935,urb,Zone_5A Cool Humid,1
C-WEU-DEU,C-WEU-DEU-DE936,rur,Zone_5A Cool Humid,1
C-WEU-DEU,C-WEU-DEU-DE936,urb,Zone_5A Cool Humid,1
C-WEU-DEU,C-WEU-DEU-DE937,rur,Zone_5A Cool Humid,1
C-WEU-DEU,C-WEU-DEU-DE937,urb,Zone_5A Cool Humid,1
C-WEU-DEU,C-WEU-DEU-DE938,rur,Zone_5A Cool Humid,1
C-WEU-DEU,C-WEU-DEU-DE938,urb,Zone_5A Cool Humid,1
C-WEU-DEU,C-WEU-DEU-DE939,rur,Zone_5A Cool Humid,1
C-WEU-DEU,C-WEU-DEU-DE939,urb,Zone_5A Cool Humid,1
C-WEU-DEU,C-WEU-DEU-DE93A,rur,Zone_5A Cool Humid,1
C-WEU-DEU,C-WEU-DEU-DE93A,urb,Zone_5A Cool Humid,1
C-WEU-DEU,C-WEU-DEU-DE93B,rur,Zone_5A Cool Humid,1
C-WEU-DEU,C-WEU-DEU-DE93B,urb,Zone_5A Cool Humid,1
C-WEU-DEU,C-WEU-DEU-DE941,rur,Zone_5A Cool Humid,1
C-WEU-DEU,C-WEU-DEU-DE941,urb,Zone_5A Cool Humid,1
C-WEU-DEU,C-WEU-DEU-DE942,rur,Zone_5A Cool Humid,1
C-WEU-DEU,C-WEU-DEU-DE942,urb,Zone_5A Cool Humid,1
C-WEU-DEU,C-WEU-DEU-DE943,rur,Zone_5A Cool Humid,1
C-WEU-DEU,C-WEU-DEU-DE943,urb,Zone_5A Cool Humid,1
C-WEU-DEU,C-WEU-DEU-DE944,rur,Zone_5A Cool Humid,1
C-WEU-DEU,C-WEU-DEU-DE944,urb,Zone_5A Cool Humid,1
C-WEU-DEU,C-WEU-DEU-DE945,rur,Zone_5A Cool Humid,1
C-WEU-DEU,C-WEU-DEU-DE945,urb,Zone_5A Cool Humid,1
C-WEU-DEU,C-WEU-DEU-DE946,rur,Zone_5A Cool Humid,1
C-WEU-DEU,C-WEU-DEU-DE946,urb,Zone_5A Cool Humid,1
C-WEU-DEU,C-WEU-DEU-DE947,rur,Zone_5A Cool Humid,1
C-WEU-DEU,C-WEU-DEU-DE947,urb,Zone_5A Cool Humid,1
C-WEU-DEU,C-WEU-DEU-DE948,rur,Zone_5A Cool Humid,1
C-WEU-DEU,C-WEU-DEU-DE948,urb,Zone_5A Cool Humid,1
C-WEU-DEU,C-WEU-DEU-DE949,rur,Zone_5A Cool Humid,1
C-WEU-DEU,C-WEU-DEU-DE949,urb,Zone_5A Cool Humid,1
C-WEU-DEU,C-WEU-DEU-DE94A,rur,Zone_5A Cool Humid,1
C-WEU-DEU,C-WEU-DEU-DE94A,urb,Zone_5A Cool Humid,1
C-WEU-DEU,C-WEU-DEU-DE94B,rur,Zone_5A Cool Humid,1
C-WEU-DEU,C-WEU-DEU-DE94B,urb,Zone_5A Cool Humid,1
C-WEU-DEU,C-WEU-DEU-DE94C,rur,Zone_5A Cool Humid,1
C-WEU-DEU,C-WEU-DEU-DE94C,urb,Zone_5A Cool Humid,1
C-WEU-DEU,C-WEU-DEU-DE94D,rur,Zone_5A Cool Humid,1
C-WEU-DEU,C-WEU-DEU-DE94D,urb,Zone_5A Cool Humid,1
C-WEU-DEU,C-WEU-DEU-DE94E,rur,Zone_5A Cool Humid,1
C-WEU-DEU,C-WEU-DEU-DE94E,urb,Zone_5A Cool Humid,1
C-WEU-DEU,C-WEU-DEU-DE94F,rur,Zone_5A Cool Humid,1
C-WEU-DEU,C-WEU-DEU-DE94F,urb,Zone_5A Cool Humid,1
C-WEU-DEU,C-WEU-DEU-DE94G,rur,Zone_5A Cool Humid,1
C-WEU-DEU,C-WEU-DEU-DE94G,urb,Zone_5A Cool Humid,1
C-WEU-DEU,C-WEU-DEU-DE94H,rur,Zone_5A Cool Humid,1
C-WEU-DEU,C-WEU-DEU-DE94H,urb,Zone_5A Cool Humid,1
C-WEU-DEU,C-WEU-DEU-DEA11,rur,Zone_4A Mixed Humid,1
C-WEU-DEU,C-WEU-DEU-DEA11,urb,Zone_4A Mixed Humid,1
C-WEU-DEU,C-WEU-DEU-DEA12,rur,Zone_4A Mixed Humid,1
C-WEU-DEU,C-WEU-DEU-DEA12,urb,Zone_4A Mixed Humid,1
C-WEU-DEU,C-WEU-DEU-DEA13,rur,Zone_4A Mixed Humid,1
C-WEU-DEU,C-WEU-DEU-DEA13,urb,Zone_4A Mixed Humid,1
C-WEU-DEU,C-WEU-DEU-DEA14,rur,Zone_4A Mixed Humid,1
C-WEU-DEU,C-WEU-DEU-DEA14,urb,Zone_4A Mixed Humid,1
C-WEU-DEU,C-WEU-DEU-DEA15,rur,Zone_4A Mixed Humid,1
C-WEU-DEU,C-WEU-DEU-DEA15,urb,Zone_4A Mixed Humid,1
C-WEU-DEU,C-WEU-DEU-DEA16,rur,Zone_4A Mixed Humid,1
C-WEU-DEU,C-WEU-DEU-DEA16,urb,Zone_4A Mixed Humid,1
C-WEU-DEU,C-WEU-DEU-DEA17,rur,Zone_4A Mixed Humid,1
C-WEU-DEU,C-WEU-DEU-DEA17,urb,Zone_4A Mixed Humid,1
C-WEU-DEU,C-WEU-DEU-DEA18,rur,Zone_4A Mixed Humid,1
C-WEU-DEU,C-WEU-DEU-DEA18,urb,Zone_4A Mixed Humid,1
C-WEU-DEU,C-WEU-DEU-DEA19,rur,Zone_4A Mixed Humid,1
C-WEU-DEU,C-WEU-DEU-DEA19,urb,Zone_4A Mixed Humid,1
C-WEU-DEU,C-WEU-DEU-DEA1A,rur,Zone_4A Mixed Humid,1
C-WEU-DEU,C-WEU-DEU-DEA1A,urb,Zone_4A Mixed Humid,1
C-WEU-DEU,C-WEU-DEU-DEA1B,rur,Zone_4A Mixed Humid,1
C-WEU-DEU,C-WEU-DEU-DEA1B,urb,Zone_4A Mixed Humid,1
C-WEU-DEU,C-WEU-DEU-DEA1C,rur,Zone_4A Mixed Humid,1
C-WEU-DEU,C-WEU-DEU-DEA1C,urb,Zone_4A Mixed Humid,1
C-WEU-DEU,C-WEU-DEU-DEA1D,rur,Zone_4A Mixed Humid,1
C-WEU-DEU,C-WEU-DEU-DEA1D,urb,Zone_4A Mixed Humid,1
C-WEU-DEU,C-WEU-DEU-DEA1E,rur,Zone_4A Mixed Humid,1
C-WEU-DEU,C-WEU-DEU-DEA1E,urb,Zone_4A Mixed Humid,1
C-WEU-DEU,C-WEU-DEU-DEA1F,rur,Zone_4A Mixed Humid,1
C-WEU-DEU,C-WEU-DEU-DEA1F,urb,Zone_4A Mixed Humid,1
C-WEU-DEU,C-WEU-DEU-DEA22,rur,Zone_4A Mixed Humid,1
C-WEU-DEU,C-WEU-DEU-DEA22,urb,Zone_4A Mixed Humid,1
C-WEU-DEU,C-WEU-DEU-DEA23,rur,Zone_4A Mixed Humid,1
C-WEU-DEU,C-WEU-DEU-DEA23,urb,Zone_4A Mixed Humid,1
C-WEU-DEU,C-WEU-DEU-DEA24,rur,Zone_4A Mixed Humid,1
C-WEU-DEU,C-WEU-DEU-DEA24,urb,Zone_4A Mixed Humid,1
C-WEU-DEU,C-WEU-DEU-DEA26,rur,Zone_5A Cool Humid,1
C-WEU-DEU,C-WEU-DEU-DEA26,urb,Zone_5A Cool Humid,1
C-WEU-DEU,C-WEU-DEU-DEA27,rur,Zone_5A Cool Humid,1
C-WEU-DEU,C-WEU-DEU-DEA27,urb,Zone_5A Cool Humid,1
C-WEU-DEU,C-WEU-DEU-DEA28,rur,Zone_5A Cool Humid,1
C-WEU-DEU,C-WEU-DEU-DEA28,urb,Zone_5A Cool Humid,1
C-WEU-DEU,C-WEU-DEU-DEA29,rur,Zone_4A Mixed Humid,1
C-WEU-DEU,C-WEU-DEU-DEA29,urb,Zone_4A Mixed Humid,1
C-WEU-DEU,C-WEU-DEU-DEA2A,rur,Zone_4A Mixed Humid,1
C-WEU-DEU,C-WEU-DEU-DEA2A,urb,Zone_4A Mixed Humid,1
C-WEU-DEU,C-WEU-DEU-DEA2B,rur,Zone_4A Mixed Humid,1
C-WEU-DEU,C-WEU-DEU-DEA2B,urb,Zone_4A Mixed Humid,1
C-WEU-DEU,C-WEU-DEU-DEA2C,rur,Zone_4A Mixed Humid,1
C-WEU-DEU,C-WEU-DEU-DEA2C,urb,Zone_4A Mixed Humid,1
C-WEU-DEU,C-WEU-DEU-DEA2D,rur,Zone_5A Cool Humid,1
C-WEU-DEU,C-WEU-DEU-DEA2D,urb,Zone_5A Cool Humid,1
C-WEU-DEU,C-WEU-DEU-DEA31,rur,Zone_4A Mixed Humid,1
C-WEU-DEU,C-WEU-DEU-DEA31,urb,Zone_4A Mixed Humid,1
C-WEU-DEU,C-WEU-DEU-DEA32,rur,Zone_5A Cool Humid,1
C-WEU-DEU,C-WEU-DEU-DEA32,urb,Zone_5A Cool Humid,1
C-WEU-DEU,C-WEU-DEU-DEA33,rur,Zone_5A Cool Humid,1
C-WEU-DEU,C-WEU-DEU-DEA33,urb,Zone_5A Cool Humid,1
C-WEU-DEU,C-WEU-DEU-DEA34,rur,Zone_4A Mixed Humid,1
C-WEU-DEU,C-WEU-DEU-DEA34,urb,Zone_4A Mixed Humid,1
C-WEU-DEU,C-WEU-DEU-DEA35,rur,Zone_5A Cool Humid,1
C-WEU-DEU,C-WEU-DEU-DEA35,urb,Zone_5A Cool Humid,1
C-WEU-DEU,C-WEU-DEU-DEA36,rur,Zone_5A Cool Humid,1
C-WEU-DEU,C-WEU-DEU-DEA36,urb,Zone_5A Cool Humid,1
C-WEU-DEU,C-WEU-DEU-DEA37,rur,Zone_5A Cool Humid,1
C-WEU-DEU,C-WEU-DEU-DEA37,urb,Zone_5A Cool Humid,1
C-WEU-DEU,C-WEU-DEU-DEA38,rur,Zone_5A Cool Humid,1
C-WEU-DEU,C-WEU-DEU-DEA38,urb,Zone_5A Cool Humid,1
C-WEU-DEU,C-WEU-DEU-DEA41,rur,Zone_5A Cool Humid,1
C-WEU-DEU,C-WEU-DEU-DEA41,urb,Zone_5A Cool Humid,1
C-WEU-DEU,C-WEU-DEU-DEA42,rur,Zone_5A Cool Humid,1
C-WEU-DEU,C-WEU-DEU-DEA42,urb,Zone_5A Cool Humid,1
C-WEU-DEU,C-WEU-DEU-DEA43,rur,Zone_5A Cool Humid,1
C-WEU-DEU,C-WEU-DEU-DEA43,urb,Zone_5A Cool Humid,1
C-WEU-DEU,C-WEU-DEU-DEA44,rur,Zone_5A Cool Humid,1
C-WEU-DEU,C-WEU-DEU-DEA44,urb,Zone_5A Cool Humid,1
C-WEU-DEU,C-WEU-DEU-DEA45,rur,Zone_5A Cool Humid,1
C-WEU-DEU,C-WEU-DEU-DEA45,urb,Zone_5A Cool Humid,1
C-WEU-DEU,C-WEU-DEU-DEA46,rur,Zone_5A Cool Humid,1
C-WEU-DEU,C-WEU-DEU-DEA46,urb,Zone_5A Cool Humid,1
C-WEU-DEU,C-WEU-DEU-DEA47,rur,Zone_5A Cool Humid,1
C-WEU-DEU,C-WEU-DEU-DEA47,urb,Zone_5A Cool Humid,1
C-WEU-DEU,C-WEU-DEU-DEA51,rur,Zone_4A Mixed Humid,1
C-WEU-DEU,C-WEU-DEU-DEA51,urb,Zone_4A Mixed Humid,1
C-WEU-DEU,C-WEU-DEU-DEA52,rur,Zone_5A Cool Humid,1
C-WEU-DEU,C-WEU-DEU-DEA52,urb,Zone_5A Cool Humid,1
C-WEU-DEU,C-WEU-DEU-DEA53,rur,Zone_4A Mixed Humid,1
C-WEU-DEU,C-WEU-DEU-DEA53,urb,Zone_4A Mixed Humid,1
C-WEU-DEU,C-WEU-DEU-DEA54,rur,Zone_5A Cool Humid,1
C-WEU-DEU,C-WEU-DEU-DEA54,urb,Zone_5A Cool Humid,1
C-WEU-DEU,C-WEU-DEU-DEA55,rur,Zone_5A Cool Humid,1
C-WEU-DEU,C-WEU-DEU-DEA55,urb,Zone_5A Cool Humid,1
C-WEU-DEU,C-WEU-DEU-DEA56,rur,Zone_4A Mixed Humid,1
C-WEU-DEU,C-WEU-DEU-DEA56,urb,Zone_4A Mixed Humid,1
C-WEU-DEU,C-WEU-DEU-DEA57,rur,Zone_5A Cool Humid,1
C-WEU-DEU,C-WEU-DEU-DEA57,urb,Zone_5A Cool Humid,1
C-WEU-DEU,C-WEU-DEU-DEA58,rur,Zone_5A Cool Humid,1
C-WEU-DEU,C-WEU-DEU-DEA58,urb,Zone_5A Cool Humid,1
C-WEU-DEU,C-WEU-DEU-DEA59,rur,Zone_5A Cool Humid,1
C-WEU-DEU,C-WEU-DEU-DEA59,urb,Zone_5A Cool Humid,1
C-WEU-DEU,C-WEU-DEU-DEA5A,rur,Zone_5A Cool Humid,1
C-WEU-DEU,C-WEU-DEU-DEA5A,urb,Zone_5A Cool Humid,1
C-WEU-DEU,C-WEU-DEU-DEA5B,rur,Zone_5A Cool Humid,1
C-WEU-DEU,C-WEU-DEU-DEA5B,urb,Zone_5A Cool Humid,1
C-WEU-DEU,C-WEU-DEU-DEA5C,rur,Zone_5A Cool Humid,1
C-WEU-DEU,C-WEU-DEU-DEA5C,urb,Zone_5A Cool Humid,1
C-WEU-DEU,C-WEU-DEU-DEB11,rur,Zone_5A Cool Humid,1
C-WEU-DEU,C-WEU-DEU-DEB11,urb,Zone_5A Cool Humid,1
C-WEU-DEU,C-WEU-DEU-DEB12,rur,Zone_5A Cool Humid,1
C-WEU-DEU,C-WEU-DEU-DEB12,urb,Zone_5A Cool Humid,1
C-WEU-DEU,C-WEU-DEU-DEB13,rur,Zone_5A Cool Humid,1
C-WEU-DEU,C-WEU-DEU-DEB13,urb,Zone_5A Cool Humid,1
C-WEU-DEU,C-WEU-DEU-DEB14,rur,Zone_5A Cool Humid,1
C-WEU-DEU,C-WEU-DEU-DEB14,urb,Zone_5A Cool Humid,1
C-WEU-DEU,C-WEU-DEU-DEB15,rur,Zone_5A Cool Humid,1
C-WEU-DEU,C-WEU-DEU-DEB15,urb,Zone_5A Cool Humid,1
C-WEU-DEU,C-WEU-DEU-DEB17,rur,Zone_5A Cool Humid,1
C-WEU-DEU,C-WEU-DEU-DEB17,urb,Zone_5A Cool Humid,1
C-WEU-DEU,C-WEU-DEU-DEB18,rur,Zone_4A Mixed Humid,1
C-WEU-DEU,C-WEU-DEU-DEB18,urb,Zone_4A Mixed Humid,1
C-WEU-DEU,C-WEU-DEU-DEB1A,rur,Zone_5A Cool Humid,1
C-WEU-DEU,C-WEU-DEU-DEB1A,urb,Zone_5A Cool Humid,1
C-WEU-DEU,C-WEU-DEU-DEB1B,rur,Zone_5A Cool Humid,1
C-WEU-DEU,C-WEU-DEU-DEB1B,urb,Zone_5A Cool Humid,1
C-WEU-DEU,C-WEU-DEU-DEB1C,rur,Zone_5A Cool Humid,1
C-WEU-DEU,C-WEU-DEU-DEB1C,urb,Zone_5A Cool Humid,1
C-WEU-DEU,C-WEU-DEU-DEB1D,rur,Zone_5A Cool Humid,1
C-WEU-DEU,C-WEU-DEU-DEB1D,urb,Zone_5A Cool Humid,1
C-WEU-DEU,C-WEU-DEU-DEB21,rur,Zone_5A Cool Humid,1
C-WEU-DEU,C-WEU-DEU-DEB21,urb,Zone_5A Cool Humid,1
C-WEU-DEU,C-WEU-DEU-DEB22,rur,Zone_5A Cool Humid,1
C-WEU-DEU,C-WEU-DEU-DEB22,urb,Zone_5A Cool Humid,1
C-WEU-DEU,C-WEU-DEU-DEB23,rur,Zone_5A Cool Humid,1
C-WEU-DEU,C-WEU-DEU-DEB23,urb,Zone_5A Cool Humid,1
C-WEU-DEU,C-WEU-DEU-DEB24,rur,Zone_5A Cool Humid,1
C-WEU-DEU,C-WEU-DEU-DEB24,urb,Zone_5A Cool Humid,1
C-WEU-DEU,C-WEU-DEU-DEB25,rur,Zone_5A Cool Humid,1
C-WEU-DEU,C-WEU-DEU-DEB25,urb,Zone_5A Cool Humid,1
C-WEU-DEU,C-WEU-DEU-DEB31,rur,Zone_4A Mixed Humid,1
C-WEU-DEU,C-WEU-DEU-DEB31,urb,Zone_4A Mixed Humid,1
C-WEU-DEU,C-WEU-DEU-DEB32,rur,Zone_5A Cool Humid,1
C-WEU-DEU,C-WEU-DEU-DEB32,urb,Zone_5A Cool Humid,1
C-WEU-DEU,C-WEU-DEU-DEB33,rur,Zone_4A Mixed Humid,1
C-WEU-DEU,C-WEU-DEU-DEB33,urb,Zone_4A Mixed Humid,1
C-WEU-DEU,C-WEU-DEU-DEB34,rur,Zone_4A Mixed Humid,1
C-WEU-DEU,C-WEU-DEU-DEB34,urb,Zone_4A Mixed Humid,1
C-WEU-DEU,C-WEU-DEU-DEB35,rur,Zone_4A Mixed Humid,1
C-WEU-DEU,C-WEU-DEU-DEB35,urb,Zone_4A Mixed Humid,1
C-WEU-DEU,C-WEU-DEU-DEB36,rur,Zone_4A Mixed Humid,1
C-WEU-DEU,C-WEU-DEU-DEB36,urb,Zone_4A Mixed Humid,1
C-WEU-DEU,C-WEU-DEU-DEB37,rur,Zone_5A Cool Humid,1
C-WEU-DEU,C-WEU-DEU-DEB37,urb,Zone_5A Cool Humid,1
C-WEU-DEU,C-WEU-DEU-DEB38,rur,Zone_4A Mixed Humid,1
C-WEU-DEU,C-WEU-DEU-DEB38,urb,Zone_4A Mixed Humid,1
C-WEU-DEU,C-WEU-DEU-DEB39,rur,Zone_4A Mixed Humid,1
C-WEU-DEU,C-WEU-DEU-DEB39,urb,Zone_4A Mixed Humid,1
C-WEU-DEU,C-WEU-DEU-DEB3A,rur,Zone_5A Cool Humid,1
C-WEU-DEU,C-WEU-DEU-DEB3A,urb,Zone_5A Cool Humid,1
C-WEU-DEU,C-WEU-DEU-DEB3B,rur,Zone_4A Mixed Humid,1
C-WEU-DEU,C-WEU-DEU-DEB3B,urb,Zone_4A Mixed Humid,1
C-WEU-DEU,C-WEU-DEU-DEB3C,rur,Zone_4A Mixed Humid,1
C-WEU-DEU,C-WEU-DEU-DEB3C,urb,Zone_4A Mixed Humid,1
C-WEU-DEU,C-WEU-DEU-DEB3D,rur,Zone_5A Cool Humid,1
C-WEU-DEU,C-WEU-DEU-DEB3D,urb,Zone_5A Cool Humid,1
C-WEU-DEU,C-WEU-DEU-DEB3E,rur,Zone_4A Mixed Humid,1
C-WEU-DEU,C-WEU-DEU-DEB3E,urb,Zone_4A Mixed Humid,1
C-WEU-DEU,C-WEU-DEU-DEB3F,rur,Zone_5A Cool Humid,1
C-WEU-DEU,C-WEU-DEU-DEB3F,urb,Zone_5A Cool Humid,1
C-WEU-DEU,C-WEU-DEU-DEB3G,rur,Zone_5A Cool Humid,1
C-WEU-DEU,C-WEU-DEU-DEB3G,urb,Zone_5A Cool Humid,1
C-WEU-DEU,C-WEU-DEU-DEB3H,rur,Zone_4A Mixed Humid,1
C-WEU-DEU,C-WEU-DEU-DEB3H,urb,Zone_4A Mixed Humid,1
C-WEU-DEU,C-WEU-DEU-DEB3I,rur,Zone_4A Mixed Humid,1
C-WEU-DEU,C-WEU-DEU-DEB3I,urb,Zone_4A Mixed Humid,1
C-WEU-DEU,C-WEU-DEU-DEB3J,rur,Zone_4A Mixed Humid,1
C-WEU-DEU,C-WEU-DEU-DEB3J,urb,Zone_4A Mixed Humid,1
C-WEU-DEU,C-WEU-DEU-DEB3K,rur,Zone_5A Cool Humid,1
C-WEU-DEU,C-WEU-DEU-DEB3K,urb,Zone_5A Cool Humid,1
C-WEU-DEU,C-WEU-DEU-DEC01,rur,Zone_4A Mixed Humid,1
C-WEU-DEU,C-WEU-DEU-DEC01,urb,Zone_4A Mixed Humid,1
C-WEU-DEU,C-WEU-DEU-DEC02,rur,Zone_4A Mixed Humid,1
C-WEU-DEU,C-WEU-DEU-DEC02,urb,Zone_4A Mixed Humid,1
C-WEU-DEU,C-WEU-DEU-DEC03,rur,Zone_5A Cool Humid,1
C-WEU-DEU,C-WEU-DEU-DEC03,urb,Zone_5A Cool Humid,1
C-WEU-DEU,C-WEU-DEU-DEC04,rur,Zone_4A Mixed Humid,1
C-WEU-DEU,C-WEU-DEU-DEC04,urb,Zone_4A Mixed Humid,1
C-WEU-DEU,C-WEU-DEU-DEC05,rur,Zone_5A Cool Humid,1
C-WEU-DEU,C-WEU-DEU-DEC05,urb,Zone_5A Cool Humid,1
C-WEU-DEU,C-WEU-DEU-DEC06,rur,Zone_5A Cool Humid,1
C-WEU-DEU,C-WEU-DEU-DEC06,urb,Zone_5A Cool Humid,1
C-WEU-DEU,C-WEU-DEU-DED21,rur,Zone_5A Cool Humid,1
C-WEU-DEU,C-WEU-DEU-DED21,urb,Zone_5A Cool Humid,1
C-WEU-DEU,C-WEU-DEU-DED2C,rur,Zone_5A Cool Humid,1
C-WEU-DEU,C-WEU-DEU-DED2C,urb,Zone_5A Cool Humid,1
C-WEU-DEU,C-WEU-DEU-DED2D,rur,Zone_5A Cool Humid,1
C-WEU-DEU,C-WEU-DEU-DED2D,urb,Zone_5A Cool Humid,1
C-WEU-DEU,C-WEU-DEU-DED2E,rur,Zone_5A Cool Humid,1
C-WEU-DEU,C-WEU-DEU-DED2E,urb,Zone_5A Cool Humid,1
C-WEU-DEU,C-WEU-DEU-DED2F,rur,Zone_5A Cool Humid,1
C-WEU-DEU,C-WEU-DEU-DED2F,urb,Zone_5A Cool Humid,1
C-WEU-DEU,C-WEU-DEU-DED41,rur,Zone_5A Cool Humid,1
C-WEU-DEU,C-WEU-DEU-DED41,urb,Zone_5A Cool Humid,1
C-WEU-DEU,C-WEU-DEU-DED42,rur,Zone_5A Cool Humid,1
C-WEU-DEU,C-WEU-DEU-DED42,urb,Zone_5A Cool Humid,1
C-WEU-DEU,C-WEU-DEU-DED43,rur,Zone_5A Cool Humid,1
C-WEU-DEU,C-WEU-DEU-DED43,urb,Zone_5A Cool Humid,1
C-WEU-DEU,C-WEU-DEU-DED44,rur,Zone_5A Cool Humid,1
C-WEU-DEU,C-WEU-DEU-DED44,urb,Zone_5A Cool Humid,1
C-WEU-DEU,C-WEU-DEU-DED45,rur,Zone_5A Cool Humid,1
C-WEU-DEU,C-WEU-DEU-DED45,urb,Zone_5A Cool Humid,1
C-WEU-DEU,C-WEU-DEU-DED51,rur,Zone_5A Cool Humid,1
C-WEU-DEU,C-WEU-DEU-DED51,urb,Zone_5A Cool Humid,1
C-WEU-DEU,C-WEU-DEU-DED52,rur,Zone_5A Cool Humid,1
C-WEU-DEU,C-WEU-DEU-DED52,urb,Zone_5A Cool Humid,1
C-WEU-DEU,C-WEU-DEU-DED53,rur,Zone_5A Cool Humid,1
C-WEU-DEU,C-WEU-DEU-DED53,urb,Zone_5A Cool Humid,1
C-WEU-DEU,C-WEU-DEU-DEE01,rur,Zone_5A Cool Humid,1
C-WEU-DEU,C-WEU-DEU-DEE01,urb,Zone_5A Cool Humid,1
C-WEU-DEU,C-WEU-DEU-DEE02,rur,Zone_5A Cool Humid,1
C-WEU-DEU,C-WEU-DEU-DEE02,urb,Zone_5A Cool Humid,1
C-WEU-DEU,C-WEU-DEU-DEE03,rur,Zone_5A Cool Humid,1
C-WEU-DEU,C-WEU-DEU-DEE03,urb,Zone_5A Cool Humid,1
C-WEU-DEU,C-WEU-DEU-DEE04,rur,Zone_5A Cool Humid,1
C-WEU-DEU,C-WEU-DEU-DEE04,urb,Zone_5A Cool Humid,1
C-WEU-DEU,C-WEU-DEU-DEE05,rur,Zone_5A Cool Humid,1
C-WEU-DEU,C-WEU-DEU-DEE05,urb,Zone_5A Cool Humid,1
C-WEU-DEU,C-WEU-DEU-DEE06,rur,Zone_5A Cool Humid,1
C-WEU-DEU,C-WEU-DEU-DEE06,urb,Zone_5A Cool Humid,1
C-WEU-DEU,C-WEU-DEU-DEE07,rur,Zone_5A Cool Humid,1
C-WEU-DEU,C-WEU-DEU-DEE07,urb,Zone_5A Cool Humid,1
C-WEU-DEU,C-WEU-DEU-DEE08,rur,Zone_5A Cool Humid,1
C-WEU-DEU,C-WEU-DEU-DEE08,urb,Zone_5A Cool Humid,1
C-WEU-DEU,C-WEU-DEU-DEE09,rur,Zone_5A Cool Humid,1
C-WEU-DEU,C-WEU-DEU-DEE09,urb,Zone_5A Cool Humid,1
C-WEU-DEU,C-WEU-DEU-DEE0A,rur,Zone_5A Cool Humid,1
C-WEU-DEU,C-WEU-DEU-DEE0A,urb,Zone_5A Cool Humid,1
C-WEU-DEU,C-WEU-DEU-DEE0B,rur,Zone_5A Cool Humid,1
C-WEU-DEU,C-WEU-DEU-DEE0B,urb,Zone_5A Cool Humid,1
C-WEU-DEU,C-WEU-DEU-DEE0C,rur,Zone_5A Cool Humid,1
C-WEU-DEU,C-WEU-DEU-DEE0C,urb,Zone_5A Cool Humid,1
C-WEU-DEU,C-WEU-DEU-DEE0D,rur,Zone_5A Cool Humid,1
C-WEU-DEU,C-WEU-DEU-DEE0D,urb,Zone_5A Cool Humid,1
C-WEU-DEU,C-WEU-DEU-DEE0E,rur,Zone_5A Cool Humid,1
C-WEU-DEU,C-WEU-DEU-DEE0E,urb,Zone_5A Cool Humid,1
C-WEU-DEU,C-WEU-DEU-DEF01,rur,Zone_5A Cool Humid,1
C-WEU-DEU,C-WEU-DEU-DEF01,urb,Zone_5A Cool Humid,1
C-WEU-DEU,C-WEU-DEU-DEF02,rur,Zone_5A Cool Humid,1
C-WEU-DEU,C-WEU-DEU-DEF02,urb,Zone_5A Cool Humid,1
C-WEU-DEU,C-WEU-DEU-DEF03,rur,Zone_5A Cool Humid,1
C-WEU-DEU,C-WEU-DEU-DEF03,urb,Zone_5A Cool Humid,1
C-WEU-DEU,C-WEU-DEU-DEF04,rur,Zone_5A Cool Humid,1
C-WEU-DEU,C-WEU-DEU-DEF04,urb,Zone_5A Cool Humid,1
C-WEU-DEU,C-WEU-DEU-DEF05,rur,Zone_5A Cool Humid,1
C-WEU-DEU,C-WEU-DEU-DEF05,urb,Zone_5A Cool Humid,1
C-WEU-DEU,C-WEU-DEU-DEF06,rur,Zone_5A Cool Humid,1
C-WEU-DEU,C-WEU-DEU-DEF06,urb,Zone_5A Cool Humid,1
C-WEU-DEU,C-WEU-DEU-DEF07,rur,Zone_5A Cool Humid,1
C-WEU-DEU,C-WEU-DEU-DEF07,urb,Zone_5A Cool Humid,1
C-WEU-DEU,C-WEU-DEU-DEF08,rur,Zone_5A Cool Humid,1
C-WEU-DEU,C-WEU-DEU-DEF08,urb,Zone_5A Cool Humid,1
C-WEU-DEU,C-WEU-DEU-DEF09,rur,Zone_5A Cool Humid,1
C-WEU-DEU,C-WEU-DEU-DEF09,urb,Zone_5A Cool Humid,1
C-WEU-DEU,C-WEU-DEU-DEF0A,rur,Zone_5A Cool Humid,1
C-WEU-DEU,C-WEU-DEU-DEF0A,urb,Zone_5A Cool Humid,1
C-WEU-DEU,C-WEU-DEU-DEF0B,rur,Zone_5A Cool Humid,1
C-WEU-DEU,C-WEU-DEU-DEF0B,urb,Zone_5A Cool Humid,1
C-WEU-DEU,C-WEU-DEU-DEF0C,rur,Zone_5A Cool Humid,1
C-WEU-DEU,C-WEU-DEU-DEF0C,urb,Zone_5A Cool Humid,1
C-WEU-DEU,C-WEU-DEU-DEF0D,rur,Zone_5A Cool Humid,1
C-WEU-DEU,C-WEU-DEU-DEF0D,urb,Zone_5A Cool Humid,1
C-WEU-DEU,C-WEU-DEU-DEF0E,rur,Zone_5A Cool Humid,1
C-WEU-DEU,C-WEU-DEU-DEF0E,urb,Zone_5A Cool Humid,1
C-WEU-DEU,C-WEU-DEU-DEF0F,rur,Zone_5A Cool Humid,1
C-WEU-DEU,C-WEU-DEU-DEF0F,urb,Zone_5A Cool Humid,1
C-WEU-DEU,C-WEU-DEU-DEG01,rur,Zone_5A Cool Humid,1
C-WEU-DEU,C-WEU-DEU-DEG01,urb,Zone_5A Cool Humid,1
C-WEU-DEU,C-WEU-DEU-DEG02,rur,Zone_5A Cool Humid,1
C-WEU-DEU,C-WEU-DEU-DEG02,urb,Zone_5A Cool Humid,1
C-WEU-DEU,C-WEU-DEU-DEG03,rur,Zone_5A Cool Humid,1
C-WEU-DEU,C-WEU-DEU-DEG03,urb,Zone_5A Cool Humid,1
C-WEU-DEU,C-WEU-DEU-DEG05,rur,Zone_5A Cool Humid,1
C-WEU-DEU,C-WEU-DEU-DEG05,urb,Zone_5A Cool Humid,1
C-WEU-DEU,C-WEU-DEU-DEG06,rur,Zone_5A Cool Humid,1
C-WEU-DEU,C-WEU-DEU-DEG06,urb,Zone_5A Cool Humid,1
C-WEU-DEU,C-WEU-DEU-DEG07,rur,Zone_5A Cool Humid,1
C-WEU-DEU,C-WEU-DEU-DEG07,urb,Zone_5A Cool Humid,1
C-WEU-DEU,C-WEU-DEU-DEG09,rur,Zone_5A Cool Humid,1
C-WEU-DEU,C-WEU-DEU-DEG09,urb,Zone_5A Cool Humid,1
C-WEU-DEU,C-WEU-DEU-DEG0A,rur,Zone_5A Cool Humid,1
C-WEU-DEU,C-WEU-DEU-DEG0A,urb,Zone_5A Cool Humid,1
C-WEU-DEU,C-WEU-DEU-DEG0C,rur,Zone_5A Cool Humid,1
C-WEU-DEU,C-WEU-DEU-DEG0C,urb,Zone_5A Cool Humid,1
C-WEU-DEU,C-WEU-DEU-DEG0D,rur,Zone_5A Cool Humid,1
C-WEU-DEU,C-WEU-DEU-DEG0D,urb,Zone_5A Cool Humid,1
C-WEU-DEU,C-WEU-DEU-DEG0E,rur,Zone_5A Cool Humid,1
C-WEU-DEU,C-WEU-DEU-DEG0E,urb,Zone_5A Cool Humid,1
C-WEU-DEU,C-WEU-DEU-DEG0G,rur,Zone_5A Cool Humid,1
C-WEU-DEU,C-WEU-DEU-DEG0G,urb,Zone_5A Cool Humid,1
C-WEU-DEU,C-WEU-DEU-DEG0J,rur,Zone_5A Cool Humid,1
C-WEU-DEU,C-WEU-DEU-DEG0J,urb,Zone_5A Cool Humid,1
C-WEU-DEU,C-WEU-DEU-DEG0K,rur,Zone_5A Cool Humid,1
C-WEU-DEU,C-WEU-DEU-DEG0K,urb,Zone_5A Cool Humid,1
C-WEU-DEU,C-WEU-DEU-DEG0L,rur,Zone_5A Cool Humid,1
C-WEU-DEU,C-WEU-DEU-DEG0L,urb,Zone_5A Cool Humid,1
C-WEU-DEU,C-WEU-DEU-DEG0M,rur,Zone_5A Cool Humid,1
C-WEU-DEU,C-WEU-DEU-DEG0M,urb,Zone_5A Cool Humid,1
C-WEU-DEU,C-WEU-DEU-DEG0Q,rur,Zone_5A Cool Humid,1
C-WEU-DEU,C-WEU-DEU-DEG0Q,urb,Zone_5A Cool Humid,1
C-WEU-DEU,C-WEU-DEU-DEG0R,rur,Zone_5A Cool Humid,1
C-WEU-DEU,C-WEU-DEU-DEG0R,urb,Zone_5A Cool Humid,1
C-WEU-DEU,C-WEU-DEU-DEG0S,rur,Zone_5A Cool Humid,1
C-WEU-DEU,C-WEU-DEU-DEG0S,urb,Zone_5A Cool Humid,1
C-WEU-DEU,C-WEU-DEU-DEG0T,rur,Zone_5A Cool Humid,1
C-WEU-DEU,C-WEU-DEU-DEG0T,urb,Zone_5A Cool Humid,1
C-WEU-DEU,C-WEU-DEU-DEG0U,rur,Zone_5A Cool Humid,1
C-WEU-DEU,C-WEU-DEU-DEG0U,urb,Zone_5A Cool Humid,1
C-WEU-DEU,C-WEU-DEU-DEG0V,rur,Zone_5A Cool Humid,1
C-WEU-DEU,C-WEU-DEU-DEG0V,urb,Zone_5A Cool Humid,1
C-WEU-DNK,C-WEU-DNK-DK011,rur,Zone_5A Cool Humid,1
C-WEU-DNK,C-WEU-DNK-DK011,urb,Zone_5A Cool Humid,1
C-WEU-DNK,C-WEU-DNK-DK012,rur,Zone_5A Cool Humid,1
C-WEU-DNK,C-WEU-DNK-DK012,urb,Zone_5A Cool Humid,1
C-WEU-DNK,C-WEU-DNK-DK013,rur,Zone_5A Cool Humid,1
C-WEU-DNK,C-WEU-DNK-DK013,urb,Zone_5A Cool Humid,1
C-WEU-DNK,C-WEU-DNK-DK014,rur,Zone_5A Cool Humid,1
C-WEU-DNK,C-WEU-DNK-DK014,urb,Zone_5A Cool Humid,1
C-WEU-DNK,C-WEU-DNK-DK021,rur,Zone_5A Cool Humid,1
C-WEU-DNK,C-WEU-DNK-DK021,urb,Zone_5A Cool Humid,1
C-WEU-DNK,C-WEU-DNK-DK022,rur,Zone_5A Cool Humid,1
C-WEU-DNK,C-WEU-DNK-DK022,urb,Zone_5A Cool Humid,1
C-WEU-DNK,C-WEU-DNK-DK031,rur,Zone_5A Cool Humid,1
C-WEU-DNK,C-WEU-DNK-DK031,urb,Zone_5A Cool Humid,1
C-WEU-DNK,C-WEU-DNK-DK032,rur,Zone_5A Cool Humid,1
C-WEU-DNK,C-WEU-DNK-DK032,urb,Zone_5A Cool Humid,1
C-WEU-DNK,C-WEU-DNK-DK041,rur,Zone_5A Cool Humid,1
C-WEU-DNK,C-WEU-DNK-DK041,urb,Zone_5A Cool Humid,1
C-WEU-DNK,C-WEU-DNK-DK042,rur,Zone_5A Cool Humid,1
C-WEU-DNK,C-WEU-DNK-DK042,urb,Zone_5A Cool Humid,1
C-WEU-DNK,C-WEU-DNK-DK050,rur,Zone_5A Cool Humid,1
C-WEU-DNK,C-WEU-DNK-DK050,urb,Zone_5A Cool Humid,1
C-WEU-ESP,C-WEU-ESP-ES111,rur,Zone_3C Warm Marine,1
C-WEU-ESP,C-WEU-ESP-ES111,urb,Zone_3C Warm Marine,1
C-WEU-ESP,C-WEU-ESP-ES112,rur,Zone_4C Mixed Marine,1
C-WEU-ESP,C-WEU-ESP-ES112,urb,Zone_4C Mixed Marine,1
C-WEU-ESP,C-WEU-ESP-ES113,rur,Zone_4C Mixed Marine,1
C-WEU-ESP,C-WEU-ESP-ES113,urb,Zone_4C Mixed Marine,1
C-WEU-ESP,C-WEU-ESP-ES114,rur,Zone_4C Mixed Marine,1
C-WEU-ESP,C-WEU-ESP-ES114,urb,Zone_4C Mixed Marine,1
C-WEU-ESP,C-WEU-ESP-ES120,rur,Zone_4C Mixed Marine,1
C-WEU-ESP,C-WEU-ESP-ES120,urb,Zone_4C Mixed Marine,1
C-WEU-ESP,C-WEU-ESP-ES130,rur,Zone_4A Mixed Humid,1
C-WEU-ESP,C-WEU-ESP-ES130,urb,Zone_4A Mixed Humid,1
C-WEU-ESP,C-WEU-ESP-ES211,rur,Zone_4A Mixed Humid,1
C-WEU-ESP,C-WEU-ESP-ES211,urb,Zone_4A Mixed Humid,1
C-WEU-ESP,C-WEU-ESP-ES212,rur,Zone_3A Warm Humid,1
C-WEU-ESP,C-WEU-ESP-ES212,urb,Zone_3A Warm Humid,1
C-WEU-ESP,C-WEU-ESP-ES213,rur,Zone_4A Mixed Humid,1
C-WEU-ESP,C-WEU-ESP-ES213,urb,Zone_4A Mixed Humid,1
C-WEU-ESP,C-WEU-ESP-ES220,rur,Zone_4A Mixed Humid,1
C-WEU-ESP,C-WEU-ESP-ES220,urb,Zone_4A Mixed Humid,1
C-WEU-ESP,C-WEU-ESP-ES230,rur,Zone_4A Mixed Humid,1
C-WEU-ESP,C-WEU-ESP-ES230,urb,Zone_4A Mixed Humid,1
C-WEU-ESP,C-WEU-ESP-ES241,rur,Zone_4A Mixed Humid,1
C-WEU-ESP,C-WEU-ESP-ES241,urb,Zone_4A Mixed Humid,1
C-WEU-ESP,C-WEU-ESP-ES242,rur,Zone_4A Mixed Humid,1
C-WEU-ESP,C-WEU-ESP-ES242,urb,Zone_4A Mixed Humid,1
C-WEU-ESP,C-WEU-ESP-ES243,rur,Zone_3B Warm Dry,1
C-WEU-ESP,C-WEU-ESP-ES243,urb,Zone_3B Warm Dry,1
C-WEU-ESP,C-WEU-ESP-ES300,rur,Zone_3A Warm Humid,1
C-WEU-ESP,C-WEU-ESP-ES300,urb,Zone_3A Warm Humid,1
C-WEU-ESP,C-WEU-ESP-ES411,rur,Zone_4C Mixed Marine,1
C-WEU-ESP,C-WEU-ESP-ES411,urb,Zone_4C Mixed Marine,1
C-WEU-ESP,C-WEU-ESP-ES412,rur,Zone_4C Mixed Marine,1
C-WEU-ESP,C-WEU-ESP-ES412,urb,Zone_4C Mixed Marine,1
C-WEU-ESP,C-WEU-ESP-ES413,rur,Zone_4C Mixed Marine,1
C-WEU-ESP,C-WEU-ESP-ES413,urb,Zone_4C Mixed Marine,1
C-WEU-ESP,C-WEU-ESP-ES414,rur,Zone_4C Mixed Marine,1
C-WEU-ESP,C-WEU-ESP-ES414,urb,Zone_4C Mixed Marine,1
C-WEU-ESP,C-WEU-ESP-ES415,rur,Zone_4A Mixed Humid,1
C-WEU-ESP,C-WEU-ESP-ES415,urb,Zone_4A Mixed Humid,1
C-WEU-ESP,C-WEU-ESP-ES416,rur,Zone_4C Mixed Marine,1
C-WEU-ESP,C-WEU-ESP-ES416,urb,Zone_4C Mixed Marine,1
C-WEU-ESP,C-WEU-ESP-ES417,rur,Zone_4A Mixed Humid,1
C-WEU-ESP,C-WEU-ESP-ES417,urb,Zone_4A Mixed Humid,1
C-WEU-ESP,C-WEU-ESP-ES418,rur,Zone_4C Mixed Marine,1
C-WEU-ESP,C-WEU-ESP-ES418,urb,Zone_4C Mixed Marine,1
C-WEU-ESP,C-WEU-ESP-ES419,rur,Zone_4A Mixed Humid,1
C-WEU-ESP,C-WEU-ESP-ES419,urb,Zone_4A Mixed Humid,1
C-WEU-ESP,C-WEU-ESP-ES421,rur,Zone_3A Warm Humid,1
C-WEU-ESP,C-WEU-ESP-ES421,urb,Zone_3A Warm Humid,1
C-WEU-ESP,C-WEU-ESP-ES422,rur,Zone_3A Warm Humid,1
C-WEU-ESP,C-WEU-ESP-ES422,urb,Zone_3A Warm Humid,1
C-WEU-ESP,C-WEU-ESP-ES423,rur,Zone_4A Mixed Humid,1
C-WEU-ESP,C-WEU-ESP-ES423,urb,Zone_4A Mixed Humid,1
C-WEU-ESP,C-WEU-ESP-ES424,rur,Zone_4A Mixed Humid,1
C-WEU-ESP,C-WEU-ESP-ES424,urb,Zone_4A Mixed Humid,1
C-WEU-ESP,C-WEU-ESP-ES425,rur,Zone_3A Warm Humid,1
C-WEU-ESP,C-WEU-ESP-ES425,urb,Zone_3A Warm Humid,1
C-WEU-ESP,C-WEU-ESP-ES431,rur,Zone_3A Warm Humid,1
C-WEU-ESP,C-WEU-ESP-ES431,urb,Zone_3A Warm Humid,1
C-WEU-ESP,C-WEU-ESP-ES432,rur,Zone_3A Warm Humid,1
C-WEU-ESP,C-WEU-ESP-ES432,urb,Zone_3A Warm Humid,1
C-WEU-ESP,C-WEU-ESP-ES511,rur,Zone_3A Warm Humid,1
C-WEU-ESP,C-WEU-ESP-ES511,urb,Zone_3A Warm Humid,1
C-WEU-ESP,C-WEU-ESP-ES512,rur,Zone_3A Warm Humid,1
C-WEU-ESP,C-WEU-ESP-ES512,urb,Zone_3A Warm Humid,1
C-WEU-ESP,C-WEU-ESP-ES513,rur,Zone_4A Mixed Humid,1
C-WEU-ESP,C-WEU-ESP-ES513,urb,Zone_4A Mixed Humid,1
C-WEU-ESP,C-WEU-ESP-ES514,rur,Zone_3A Warm Humid,1
C-WEU-ESP,C-WEU-ESP-ES514,urb,Zone_3A Warm Humid,1
C-WEU-ESP,C-WEU-ESP-ES521,rur,Zone_3A Warm Humid,1
C-WEU-ESP,C-WEU-ESP-ES521,urb,Zone_3A Warm Humid,1
C-WEU-ESP,C-WEU-ESP-ES522,rur,Zone_3A Warm Humid,1
C-WEU-ESP,C-WEU-ESP-ES522,urb,Zone_3A Warm Humid,1
C-WEU-ESP,C-WEU-ESP-ES523,rur,Zone_3A Warm Humid,1
C-WEU-ESP,C-WEU-ESP-ES523,urb,Zone_3A Warm Humid,1
C-WEU-ESP,C-WEU-ESP-ES531,rur,Zone_3B Warm Dry,1
C-WEU-ESP,C-WEU-ESP-ES531,urb,Zone_3B Warm Dry,1
C-WEU-ESP,C-WEU-ESP-ES532,rur,Zone_3A Warm Humid,1
C-WEU-ESP,C-WEU-ESP-ES532,urb,Zone_3A Warm Humid,1
C-WEU-ESP,C-WEU-ESP-ES533,rur,Zone_3A Warm Humid,1
C-WEU-ESP,C-WEU-ESP-ES533,urb,Zone_3A Warm Humid,1
C-WEU-ESP,C-WEU-ESP-ES611,rur,Zone_3B Warm Dry,1
C-WEU-ESP,C-WEU-ESP-ES611,urb,Zone_3B Warm Dry,1
C-WEU-ESP,C-WEU-ESP-ES612,rur,Zone_3A Warm Humid,1
C-WEU-ESP,C-WEU-ESP-ES612,urb,Zone_3A Warm Humid,1
C-WEU-ESP,C-WEU-ESP-ES613,rur,Zone_3A Warm Humid,1
C-WEU-ESP,C-WEU-ESP-ES613,urb,Zone_3A Warm Humid,1
C-WEU-ESP,C-WEU-ESP-ES614,rur,Zone_3A Warm Humid,1
C-WEU-ESP,C-WEU-ESP-ES614,urb,Zone_3A Warm Humid,1
C-WEU-ESP,C-WEU-ESP-ES615,rur,Zone_3A Warm Humid,1
C-WEU-ESP,C-WEU-ESP-ES615,urb,Zone_3A Warm Humid,1
C-WEU-ESP,C-WEU-ESP-ES616,rur,Zone_3A Warm Humid,1
C-WEU-ESP,C-WEU-ESP-ES616,urb,Zone_3A Warm Humid,1
C-WEU-ESP,C-WEU-ESP-ES617,rur,Zone_3A Warm Humid,1
C-WEU-ESP,C-WEU-ESP-ES617,urb,Zone_3A Warm Humid,1
C-WEU-ESP,C-WEU-ESP-ES618,rur,Zone_3A Warm Humid,1
C-WEU-ESP,C-WEU-ESP-ES618,urb,Zone_3A Warm Humid,1
C-WEU-ESP,C-WEU-ESP-ES620,rur,Zone_3B Warm Dry,1
C-WEU-ESP,C-WEU-ESP-ES620,urb,Zone_3B Warm Dry,1
C-WEU-ESP,C-WEU-ESP-ES630,rur,Zone_3A Warm Humid,1
C-WEU-ESP,C-WEU-ESP-ES630,urb,Zone_3A Warm Humid,1
C-WEU-ESP,C-WEU-ESP-ES640,rur,Zone_3A Warm Humid,1
C-WEU-ESP,C-WEU-ESP-ES640,urb,Zone_3A Warm Humid,1
C-WEU-ESP,C-WEU-ESP-ES703,rur,Zone_3A Warm Humid,1
C-WEU-ESP,C-WEU-ESP-ES703,urb,Zone_3A Warm Humid,1
C-WEU-ESP,C-WEU-ESP-ES704,rur,Zone_3B Warm Dry,1
C-WEU-ESP,C-WEU-ESP-ES704,urb,Zone_3B Warm Dry,1
C-WEU-ESP,C-WEU-ESP-ES705,rur,Zone_3B Warm Dry,1
C-WEU-ESP,C-WEU-ESP-ES705,urb,Zone_3B Warm Dry,1
C-WEU-ESP,C-WEU-ESP-ES706,rur,Zone_3B Warm Dry,1
C-WEU-ESP,C-WEU-ESP-ES706,urb,Zone_3B Warm Dry,1
C-WEU-ESP,C-WEU-ESP-ES707,rur,Zone_3C Warm Marine,1
C-WEU-ESP,C-WEU-ESP-ES707,urb,Zone_3C Warm Marine,1
C-WEU-ESP,C-WEU-ESP-ES708,rur,Zone_2B Hot Dry,1
C-WEU-ESP,C-WEU-ESP-ES708,urb,Zone_2B Hot Dry,1
C-WEU-ESP,C-WEU-ESP-ES709,rur,Zone_3C Warm Marine,1
C-WEU-ESP,C-WEU-ESP-ES709,urb,Zone_3C Warm Marine,1
C-WEU-FIN,C-WEU-FIN-FI196,rur,Zone_6A Cold Humid,1
C-WEU-FIN,C-WEU-FIN-FI196,urb,Zone_6A Cold Humid,1
C-WEU-FIN,C-WEU-FIN-FI198,rur,Zone_7A Very cold Humid,1
C-WEU-FIN,C-WEU-FIN-FI198,urb,Zone_7A Very cold Humid,1
C-WEU-FIN,C-WEU-FIN-FI199,rur,Zone_7A Very cold Humid,1
C-WEU-FIN,C-WEU-FIN-FI199,urb,Zone_7A Very cold Humid,1
C-WEU-FIN,C-WEU-FIN-FI19A,rur,Zone_7A Very cold Humid,1
C-WEU-FIN,C-WEU-FIN-FI19A,urb,Zone_7A Very cold Humid,1
C-WEU-FIN,C-WEU-FIN-FI19B,rur,Zone_7A Very cold Humid,1
C-WEU-FIN,C-WEU-FIN-FI19B,urb,Zone_7A Very cold Humid,1
C-WEU-FIN,C-WEU-FIN-FI1B1,rur,Zone_6A Cold Humid,1
C-WEU-FIN,C-WEU-FIN-FI1B1,urb,Zone_6A Cold Humid,1
C-WEU-FIN,C-WEU-FIN-FI1C1,rur,Zone_6A Cold Humid,1
C-WEU-FIN,C-WEU-FIN-FI1C1,urb,Zone_6A Cold Humid,1
C-WEU-FIN,C-WEU-FIN-FI1C2,rur,Zone_6A Cold Humid,1
C-WEU-FIN,C-WEU-FIN-FI1C2,urb,Zone_6A Cold Humid,1
C-WEU-FIN,C-WEU-FIN-FI1C5,rur,Zone_7A Very cold Humid,1
C-WEU-FIN,C-WEU-FIN-FI1C5,urb,Zone_7A Very cold Humid,1
C-WEU-FIN,C-WEU-FIN-FI1C6,rur,Zone_7A Very cold Humid,1
C-WEU-FIN,C-WEU-FIN-FI1C6,urb,Zone_7A Very cold Humid,1
C-WEU-FIN,C-WEU-FIN-FI1C7,rur,Zone_6A Cold Humid,1
C-WEU-FIN,C-WEU-FIN-FI1C7,urb,Zone_6A Cold Humid,1
C-WEU-FIN,C-WEU-FIN-FI1D5,rur,Zone_7A Very cold Humid,1
C-WEU-FIN,C-WEU-FIN-FI1D5,urb,Zone_7A Very cold Humid,1
C-WEU-FIN,C-WEU-FIN-FI1D7,rur,Zone_7A Very cold Humid,1
C-WEU-FIN,C-WEU-FIN-FI1D7,urb,Zone_7A Very cold Humid,1
C-WEU-FIN,C-WEU-FIN-FI1D8,rur,Zone_7A Very cold Humid,1
C-WEU-FIN,C-WEU-FIN-FI1D8,urb,Zone_7A Very cold Humid,1
C-WEU-FIN,C-WEU-FIN-FI1D9,rur,Zone_7A Very cold Humid,1
C-WEU-FIN,C-WEU-FIN-FI1D9,urb,Zone_7A Very cold Humid,1
C-WEU-FIN,C-WEU-FIN-FI1DA,rur,Zone_7A Very cold Humid,1
C-WEU-FIN,C-WEU-FIN-FI1DA,urb,Zone_7A Very cold Humid,1
C-WEU-FIN,C-WEU-FIN-FI1DB,rur,Zone_7A Very cold Humid,1
C-WEU-FIN,C-WEU-FIN-FI1DB,urb,Zone_7A Very cold Humid,1
C-WEU-FIN,C-WEU-FIN-FI1DC,rur,Zone_7A Very cold Humid,1
C-WEU-FIN,C-WEU-FIN-FI1DC,urb,Zone_7A Very cold Humid,1
C-WEU-FIN,C-WEU-FIN-FI200,rur,Zone_6A Cold Humid,1
C-WEU-FIN,C-WEU-FIN-FI200,urb,Zone_6A Cold Humid,1
C-WEU-FRA,C-WEU-FRA-FR101,rur,Zone_4A Mixed Humid,1
C-WEU-FRA,C-WEU-FRA-FR101,urb,Zone_4A Mixed Humid,1
C-WEU-FRA,C-WEU-FRA-FR102,rur,Zone_4A Mixed Humid,1
C-WEU-FRA,C-WEU-FRA-FR102,urb,Zone_4A Mixed Humid,1
C-WEU-FRA,C-WEU-FRA-FR103,rur,Zone_4A Mixed Humid,1
C-WEU-FRA,C-WEU-FRA-FR103,urb,Zone_4A Mixed Humid,1
C-WEU-FRA,C-WEU-FRA-FR104,rur,Zone_4A Mixed Humid,1
C-WEU-FRA,C-WEU-FRA-FR104,urb,Zone_4A Mixed Humid,1
C-WEU-FRA,C-WEU-FRA-FR105,rur,Zone_4A Mixed Humid,1
C-WEU-FRA,C-WEU-FRA-FR105,urb,Zone_4A Mixed Humid,1
C-WEU-FRA,C-WEU-FRA-FR106,rur,Zone_4A Mixed Humid,1
C-WEU-FRA,C-WEU-FRA-FR106,urb,Zone_4A Mixed Humid,1
C-WEU-FRA,C-WEU-FRA-FR107,rur,Zone_4A Mixed Humid,1
C-WEU-FRA,C-WEU-FRA-FR107,urb,Zone_4A Mixed Humid,1
C-WEU-FRA,C-WEU-FRA-FR108,rur,Zone_4A Mixed Humid,1
C-WEU-FRA,C-WEU-FRA-FR108,urb,Zone_4A Mixed Humid,1
C-WEU-FRA,C-WEU-FRA-FRB01,rur,Zone_4A Mixed Humid,1
C-WEU-FRA,C-WEU-FRA-FRB01,urb,Zone_4A Mixed Humid,1
C-WEU-FRA,C-WEU-FRA-FRB02,rur,Zone_4A Mixed Humid,1
C-WEU-FRA,C-WEU-FRA-FRB02,urb,Zone_4A Mixed Humid,1
C-WEU-FRA,C-WEU-FRA-FRB03,rur,Zone_4A Mixed Humid,1
C-WEU-FRA,C-WEU-FRA-FRB03,urb,Zone_4A Mixed Humid,1
C-WEU-FRA,C-WEU-FRA-FRB04,rur,Zone_4A Mixed Humid,1
C-WEU-FRA,C-WEU-FRA-FRB04,urb,Zone_4A Mixed Humid,1
C-WEU-FRA,C-WEU-FRA-FRB05,rur,Zone_4A Mixed Humid,1
C-WEU-FRA,C-WEU-FRA-FRB05,urb,Zone_4A Mixed Humid,1
C-WEU-FRA,C-WEU-FRA-FRB06,rur,Zone_4A Mixed Humid,1
C-WEU-FRA,C-WEU-FRA-FRB06,urb,Zone_4A Mixed Humid,1
C-WEU-FRA,C-WEU-FRA-FRC11,rur,Zone_4A Mixed Humid,1
C-WEU-FRA,C-WEU-FRA-FRC11,urb,Zone_4A Mixed Humid,1
C-WEU-FRA,C-WEU-FRA-FRC12,rur,Zone_4A Mixed Humid,1
C-WEU-FRA,C-WEU-FRA-FRC12,urb,Zone_4A Mixed Humid,1
C-WEU-FRA,C-WEU-FRA-FRC13,rur,Zone_4A Mixed Humid,1
C-WEU-FRA,C-WEU-FRA-FRC13,urb,Zone_4A Mixed Humid,1
C-WEU-FRA,C-WEU-FRA-FRC14,rur,Zone_4A Mixed Humid,1
C-WEU-FRA,C-WEU-FRA-FRC14,urb,Zone_4A Mixed Humid,1
C-WEU-FRA,C-WEU-FRA-FRC21,rur,Zone_5A Cool Humid,1
C-WEU-FRA,C-WEU-FRA-FRC21,urb,Zone_5A Cool Humid,1
C-WEU-FRA,C-WEU-FRA-FRC22,rur,Zone_5A Cool Humid,1
C-WEU-FRA,C-WEU-FRA-FRC22,urb,Zone_5A Cool Humid,1
C-WEU-FRA,C-WEU-FRA-FRC23,rur,Zone_4A Mixed Humid,1
C-WEU-FRA,C-WEU-FRA-FRC23,urb,Zone_4A Mixed Humid,1
C-WEU-FRA,C-WEU-FRA-FRC24,rur,Zone_5A Cool Humid,1
C-WEU-FRA,C-WEU-FRA-FRC24,urb,Zone_5A Cool Humid,1
C-WEU-FRA,C-WEU-FRA-FRD11,rur,Zone_4A Mixed Humid,1
C-WEU-FRA,C-WEU-FRA-FRD11,urb,Zone_4A Mixed Humid,1
C-WEU-FRA,C-WEU-FRA-FRD12,rur,Zone_4A Mixed Humid,1
C-WEU-FRA,C-WEU-FRA-FRD12,urb,Zone_4A Mixed Humid,1
C-WEU-FRA,C-WEU-FRA-FRD13,rur,Zone_4A Mixed Humid,1
C-WEU-FRA,C-WEU-FRA-FRD13,urb,Zone_4A Mixed Humid,1
C-WEU-FRA,C-WEU-FRA-FRD21,rur,Zone_4A Mixed Humid,1
C-WEU-FRA,C-WEU-FRA-FRD21,urb,Zone_4A Mixed Humid,1
C-WEU-FRA,C-WEU-FRA-FRD22,rur,Zone_4A Mixed Humid,1
C-WEU-FRA,C-WEU-FRA-FRD22,urb,Zone_4A Mixed Humid,1
C-WEU-FRA,C-WEU-FRA-FRE11,rur,Zone_4A Mixed Humid,1
C-WEU-FRA,C-WEU-FRA-FRE11,urb,Zone_4A Mixed Humid,1
C-WEU-FRA,C-WEU-FRA-FRE12,rur,Zone_4A Mixed Humid,1
C-WEU-FRA,C-WEU-FRA-FRE12,urb,Zone_4A Mixed Humid,1
C-WEU-FRA,C-WEU-FRA-FRE21,rur,Zone_4A Mixed Humid,1
C-WEU-FRA,C-WEU-FRA-FRE21,urb,Zone_4A Mixed Humid,1
C-WEU-FRA,C-WEU-FRA-FRE22,rur,Zone_4A Mixed Humid,1
C-WEU-FRA,C-WEU-FRA-FRE22,urb,Zone_4A Mixed Humid,1
C-WEU-FRA,C-WEU-FRA-FRE23,rur,Zone_4A Mixed Humid,1
C-WEU-FRA,C-WEU-FRA-FRE23,urb,Zone_4A Mixed Humid,1
C-WEU-FRA,C-WEU-FRA-FRF11,rur,Zone_4A Mixed Humid,1
C-WEU-FRA,C-WEU-FRA-FRF11,urb,Zone_4A Mixed Humid,1
C-WEU-FRA,C-WEU-FRA-FRF12,rur,Zone_5A Cool Humid,1
C-WEU-FRA,C-WEU-FRA-FRF12,urb,Zone_5A Cool Humid,1
C-WEU-FRA,C-WEU-FRA-FRF21,rur,Zone_5A Cool Humid,1
C-WEU-FRA,C-WEU-FRA-FRF21,urb,Zone_5A Cool Humid,1
C-WEU-FRA,C-WEU-FRA-FRF22,rur,Zone_4A Mixed Humid,1
C-WEU-FRA,C-WEU-FRA-FRF22,urb,Zone_4A Mixed Humid,1
C-WEU-FRA,C-WEU-FRA-FRF23,rur,Zone_4A Mixed Humid,1
C-WEU-FRA,C-WEU-FRA-FRF23,urb,Zone_4A Mixed Humid,1
C-WEU-FRA,C-WEU-FRA-FRF24,rur,Zone_4A Mixed Humid,1
C-WEU-FRA,C-WEU-FRA-FRF24,urb,Zone_4A Mixed Humid,1
C-WEU-FRA,C-WEU-FRA-FRF31,rur,Zone_5A Cool Humid,1
C-WEU-FRA,C-WEU-FRA-FRF31,urb,Zone_5A Cool Humid,1
C-WEU-FRA,C-WEU-FRA-FRF32,rur,Zone_4A Mixed Humid,1
C-WEU-FRA,C-WEU-FRA-FRF32,urb,Zone_4A Mixed Humid,1
C-WEU-FRA,C-WEU-FRA-FRF33,rur,Zone_4A Mixed Humid,1
C-WEU-FRA,C-WEU-FRA-FRF33,urb,Zone_4A Mixed Humid,1
C-WEU-FRA,C-WEU-FRA-FRF34,rur,Zone_5A Cool Humid,1
C-WEU-FRA,C-WEU-FRA-FRF34,urb,Zone_5A Cool Humid,1
C-WEU-FRA,C-WEU-FRA-FRG01,rur,Zone_4A Mixed Humid,1
C-WEU-FRA,C-WEU-FRA-FRG01,urb,Zone_4A Mixed Humid,1
C-WEU-FRA,C-WEU-FRA-FRG02,rur,Zone_4A Mixed Humid,1
C-WEU-FRA,C-WEU-FRA-FRG02,urb,Zone_4A Mixed Humid,1
C-WEU-FRA,C-WEU-FRA-FRG03,rur,Zone_4A Mixed Humid,1
C-WEU-FRA,C-WEU-FRA-FRG03,urb,Zone_4A Mixed Humid,1
C-WEU-FRA,C-WEU-FRA-FRG04,rur,Zone_4A Mixed Humid,1
C-WEU-FRA,C-WEU-FRA-FRG04,urb,Zone_4A Mixed Humid,1
C-WEU-FRA,C-WEU-FRA-FRG05,rur,Zone_4A Mixed Humid,1
C-WEU-FRA,C-WEU-FRA-FRG05,urb,Zone_4A Mixed Humid,1
C-WEU-FRA,C-WEU-FRA-FRH01,rur,Zone_4A Mixed Humid,1
C-WEU-FRA,C-WEU-FRA-FRH01,urb,Zone_4A Mixed Humid,1
C-WEU-FRA,C-WEU-FRA-FRH02,rur,Zone_4A Mixed Humid,1
C-WEU-FRA,C-WEU-FRA-FRH02,urb,Zone_4A Mixed Humid,1
C-WEU-FRA,C-WEU-FRA-FRH03,rur,Zone_4A Mixed Humid,1
C-WEU-FRA,C-WEU-FRA-FRH03,urb,Zone_4A Mixed Humid,1
C-WEU-FRA,C-WEU-FRA-FRH04,rur,Zone_4A Mixed Humid,1
C-WEU-FRA,C-WEU-FRA-FRH04,urb,Zone_4A Mixed Humid,1
C-WEU-FRA,C-WEU-FRA-FRI11,rur,Zone_4A Mixed Humid,1
C-WEU-FRA,C-WEU-FRA-FRI11,urb,Zone_4A Mixed Humid,1
C-WEU-FRA,C-WEU-FRA-FRI12,rur,Zone_3A Warm Humid,1
C-WEU-FRA,C-WEU-FRA-FRI12,urb,Zone_3A Warm Humid,1
C-WEU-FRA,C-WEU-FRA-FRI13,rur,Zone_3A Warm Humid,1
C-WEU-FRA,C-WEU-FRA-FRI13,urb,Zone_3A Warm Humid,1
C-WEU-FRA,C-WEU-FRA-FRI14,rur,Zone_3A Warm Humid,1
C-WEU-FRA,C-WEU-FRA-FRI14,urb,Zone_3A Warm Humid,1
C-WEU-FRA,C-WEU-FRA-FRI15,rur,Zone_4A Mixed Humid,1
C-WEU-FRA,C-WEU-FRA-FRI15,urb,Zone_4A Mixed Humid,1
C-WEU-FRA,C-WEU-FRA-FRI21,rur,Zone_4A Mixed Humid,1
C-WEU-FRA,C-WEU-FRA-FRI21,urb,Zone_4A Mixed Humid,1
C-WEU-FRA,C-WEU-FRA-FRI22,rur,Zone_4A Mixed Humid,1
C-WEU-FRA,C-WEU-FRA-FRI22,urb,Zone_4A Mixed Humid,1
C-WEU-FRA,C-WEU-FRA-FRI23,rur,Zone_4A Mixed Humid,1
C-WEU-FRA,C-WEU-FRA-FRI23,urb,Zone_4A Mixed Humid,1
C-WEU-FRA,C-WEU-FRA-FRI31,rur,Zone_4A Mixed Humid,1
C-WEU-FRA,C-WEU-FRA-FRI31,urb,Zone_4A Mixed Humid,1
C-WEU-FRA,C-WEU-FRA-FRI32,rur,Zone_3A Warm Humid,1
C-WEU-FRA,C-WEU-FRA-FRI32,urb,Zone_3A Warm Humid,1
C-WEU-FRA,C-WEU-FRA-FRI33,rur,Zone_4A Mixed Humid,1
C-WEU-FRA,C-WEU-FRA-FRI33,urb,Zone_4A Mixed Humid,1
C-WEU-FRA,C-WEU-FRA-FRI34,rur,Zone_4A Mixed Humid,1
C-WEU-FRA,C-WEU-FRA-FRI34,urb,Zone_4A Mixed Humid,1
C-WEU-FRA,C-WEU-FRA-FRJ11,rur,Zone_4A Mixed Humid,1
C-WEU-FRA,C-WEU-FRA-FRJ11,urb,Zone_4A Mixed Humid,1
C-WEU-FRA,C-WEU-FRA-FRJ12,rur,Zone_3A Warm Humid,1
C-WEU-FRA,C-WEU-FRA-FRJ12,urb,Zone_3A Warm Humid,1
C-WEU-FRA,C-WEU-FRA-FRJ13,rur,Zone_3A Warm Humid,1
C-WEU-FRA,C-WEU-FRA-FRJ13,urb,Zone_3A Warm Humid,1
C-WEU-FRA,C-WEU-FRA-FRJ14,rur,Zone_5A Cool Humid,1
C-WEU-FRA,C-WEU-FRA-FRJ14,urb,Zone_5A Cool Humid,1
C-WEU-FRA,C-WEU-FRA-FRJ15,rur,Zone_3A Warm Humid,1
C-WEU-FRA,C-WEU-FRA-FRJ15,urb,Zone_3A Warm Humid,1
C-WEU-FRA,C-WEU-FRA-FRJ21,rur,Zone_5A Cool Humid,1
C-WEU-FRA,C-WEU-FRA-FRJ21,urb,Zone_5A Cool Humid,1
C-WEU-FRA,C-WEU-FRA-FRJ22,rur,Zone_4A Mixed Humid,1
C-WEU-FRA,C-WEU-FRA-FRJ22,urb,Zone_4A Mixed Humid,1
C-WEU-FRA,C-WEU-FRA-FRJ23,rur,Zone_4A Mixed Humid,1
C-WEU-FRA,C-WEU-FRA-FRJ23,urb,Zone_4A Mixed Humid,1
C-WEU-FRA,C-WEU-FRA-FRJ24,rur,Zone_3A Warm Humid,1
C-WEU-FRA,C-WEU-FRA-FRJ24,urb,Zone_3A Warm Humid,1
C-WEU-FRA,C-WEU-FRA-FRJ25,rur,Zone_4A Mixed Humid,1
C-WEU-FRA,C-WEU-FRA-FRJ25,urb,Zone_4A Mixed Humid,1
C-WEU-FRA,C-WEU-FRA-FRJ26,rur,Zone_4A Mixed Humid,1
C-WEU-FRA,C-WEU-FRA-FRJ26,urb,Zone_4A Mixed Humid,1
C-WEU-FRA,C-WEU-FRA-FRJ27,rur,Zone_3A Warm Humid,1
C-WEU-FRA,C-WEU-FRA-FRJ27,urb,Zone_3A Warm Humid,1
C-WEU-FRA,C-WEU-FRA-FRJ28,rur,Zone_4A Mixed Humid,1
C-WEU-FRA,C-WEU-FRA-FRJ28,urb,Zone_4A Mixed Humid,1
C-WEU-FRA,C-WEU-FRA-FRK11,rur,Zone_4A Mixed Humid,1
C-WEU-FRA,C-WEU-FRA-FRK11,urb,Zone_4A Mixed Humid,1
C-WEU-FRA,C-WEU-FRA-FRK12,rur,Zone_5A Cool Humid,1
C-WEU-FRA,C-WEU-FRA-FRK12,urb,Zone_5A Cool Humid,1
C-WEU-FRA,C-WEU-FRA-FRK13,rur,Zone_5A Cool Humid,1
C-WEU-FRA,C-WEU-FRA-FRK13,urb,Zone_5A Cool Humid,1
C-WEU-FRA,C-WEU-FRA-FRK14,rur,Zone_4A Mixed Humid,1
C-WEU-FRA,C-WEU-FRA-FRK14,urb,Zone_4A Mixed Humid,1
C-WEU-FRA,C-WEU-FRA-FRK21,rur,Zone_4A Mixed Humid,1
C-WEU-FRA,C-WEU-FRA-FRK21,urb,Zone_4A Mixed Humid,1
C-WEU-FRA,C-WEU-FRA-FRK22,rur,Zone_4A Mixed Humid,1
C-WEU-FRA,C-WEU-FRA-FRK22,urb,Zone_4A Mixed Humid,1
C-WEU-FRA,C-WEU-FRA-FRK23,rur,Zone_4A Mixed Humid,1
C-WEU-FRA,C-WEU-FRA-FRK23,urb,Zone_4A Mixed Humid,1
C-WEU-FRA,C-WEU-FRA-FRK24,rur,Zone_4A Mixed Humid,1
C-WEU-FRA,C-WEU-FRA-FRK24,urb,Zone_4A Mixed Humid,1
C-WEU-FRA,C-WEU-FRA-FRK25,rur,Zone_4A Mixed Humid,1
C-WEU-FRA,C-WEU-FRA-FRK25,urb,Zone_4A Mixed Humid,1
C-WEU-FRA,C-WEU-FRA-FRK26,rur,Zone_4A Mixed Humid,1
C-WEU-FRA,C-WEU-FRA-FRK26,urb,Zone_4A Mixed Humid,1
C-WEU-FRA,C-WEU-FRA-FRK27,rur,Zone_7A Very cold Humid,1
C-WEU-FRA,C-WEU-FRA-FRK27,urb,Zone_7A Very cold Humid,1
C-WEU-FRA,C-WEU-FRA-FRK28,rur,Zone_5A Cool Humid,1
C-WEU-FRA,C-WEU-FRA-FRK28,urb,Zone_5A Cool Humid,1
C-WEU-FRA,C-WEU-FRA-FRL01,rur,Zone_4C Mixed Marine,1
C-WEU-FRA,C-WEU-FRA-FRL01,urb,Zone_4C Mixed Marine,1
C-WEU-FRA,C-WEU-FRA-FRL02,rur,Zone_4A Mixed Humid,1
C-WEU-FRA,C-WEU-FRA-FRL02,urb,Zone_4A Mixed Humid,1
C-WEU-FRA,C-WEU-FRA-FRL03,rur,Zone_3C Warm Marine,1
C-WEU-FRA,C-WEU-FRA-FRL03,urb,Zone_3C Warm Marine,1
C-WEU-FRA,C-WEU-FRA-FRL04,rur,Zone_3A Warm Humid,1
C-WEU-FRA,C-WEU-FRA-FRL04,urb,Zone_3A Warm Humid,1
C-WEU-FRA,C-WEU-FRA-FRL05,rur,Zone_3A Warm Humid,1
C-WEU-FRA,C-WEU-FRA-FRL05,urb,Zone_3A Warm Humid,1
C-WEU-FRA,C-WEU-FRA-FRL06,rur,Zone_3A Warm Humid,1
C-WEU-FRA,C-WEU-FRA-FRL06,urb,Zone_3A Warm Humid,1
C-WEU-FRA,C-WEU-FRA-FRM01,rur,Zone_3A Warm Humid,1
C-WEU-FRA,C-WEU-FRA-FRM01,urb,Zone_3A Warm Humid,1
C-WEU-FRA,C-WEU-FRA-FRM02,rur,Zone_4C Mixed Marine,1
C-WEU-FRA,C-WEU-FRA-FRM02,urb,Zone_4C Mixed Marine,1
C-WEU-FRA,C-WEU-FRA-FRY10,rur,Zone_1A Very hot Humid,1
C-WEU-FRA,C-WEU-FRA-FRY10,urb,Zone_1A Very hot Humid,1
C-WEU-FRA,C-WEU-FRA-FRY20,rur,Zone_1A Very hot Humid,1
C-WEU-FRA,C-WEU-FRA-FRY20,urb,Zone_1A Very hot Humid,1
C-WEU-FRA,C-WEU-FRA-FRY30,rur,Zone_1A Very hot Humid,1
C-WEU-FRA,C-WEU-FRA-FRY30,urb,Zone_1A Very hot Humid,1
C-WEU-FRA,C-WEU-FRA-FRY40,rur,Zone_2A Hot Humid,1
C-WEU-FRA,C-WEU-FRA-FRY40,urb,Zone_2A Hot Humid,1
C-WEU-FRA,C-WEU-FRA-FRY50,rur,Zone_0A Extremely hot Humid,1
C-WEU-FRA,C-WEU-FRA-FRY50,urb,Zone_0A Extremely hot Humid,1
C-WEU-GRC,C-WEU-GRC-EL301,rur,Zone_3A Warm Humid,1
C-WEU-GRC,C-WEU-GRC-EL301,urb,Zone_3A Warm Humid,1
C-WEU-GRC,C-WEU-GRC-EL302,rur,Zone_3A Warm Humid,1
C-WEU-GRC,C-WEU-GRC-EL302,urb,Zone_3A Warm Humid,1
C-WEU-GRC,C-WEU-GRC-EL303,rur,Zone_3A Warm Humid,1
C-WEU-GRC,C-WEU-GRC-EL303,urb,Zone_3A Warm Humid,1
C-WEU-GRC,C-WEU-GRC-EL304,rur,Zone_3A Warm Humid,1
C-WEU-GRC,C-WEU-GRC-EL304,urb,Zone_3A Warm Humid,1
C-WEU-GRC,C-WEU-GRC-EL305,rur,Zone_3A Warm Humid,1
C-WEU-GRC,C-WEU-GRC-EL305,urb,Zone_3A Warm Humid,1
C-WEU-GRC,C-WEU-GRC-EL306,rur,Zone_3A Warm Humid,1
C-WEU-GRC,C-WEU-GRC-EL306,urb,Zone_3A Warm Humid,1
C-WEU-GRC,C-WEU-GRC-EL307,rur,Zone_3A Warm Humid,1
C-WEU-GRC,C-WEU-GRC-EL307,urb,Zone_3A Warm Humid,1
C-WEU-GRC,C-WEU-GRC-EL411,rur,Zone_3A Warm Humid,1
C-WEU-GRC,C-WEU-GRC-EL411,urb,Zone_3A Warm Humid,1
C-WEU-GRC,C-WEU-GRC-EL412,rur,Zone_3A Warm Humid,1
C-WEU-GRC,C-WEU-GRC-EL412,urb,Zone_3A Warm Humid,1
C-WEU-GRC,C-WEU-GRC-EL413,rur,Zone_3A Warm Humid,1
C-WEU-GRC,C-WEU-GRC-EL413,urb,Zone_3A Warm Humid,1
C-WEU-GRC,C-WEU-GRC-EL421,rur,Zone_3A Warm Humid,1
C-WEU-GRC,C-WEU-GRC-EL421,urb,Zone_3A Warm Humid,1
C-WEU-GRC,C-WEU-GRC-EL422,rur,Zone_3A Warm Humid,1
C-WEU-GRC,C-WEU-GRC-EL422,urb,Zone_3A Warm Humid,1
C-WEU-GRC,C-WEU-GRC-EL431,rur,Zone_3A Warm Humid,1
C-WEU-GRC,C-WEU-GRC-EL431,urb,Zone_3A Warm Humid,1
C-WEU-GRC,C-WEU-GRC-EL432,rur,Zone_3A Warm Humid,1
C-WEU-GRC,C-WEU-GRC-EL432,urb,Zone_3A Warm Humid,1
C-WEU-GRC,C-WEU-GRC-EL433,rur,Zone_3A Warm Humid,1
C-WEU-GRC,C-WEU-GRC-EL433,urb,Zone_3A Warm Humid,1
C-WEU-GRC,C-WEU-GRC-EL434,rur,Zone_3A Warm Humid,1
C-WEU-GRC,C-WEU-GRC-EL434,urb,Zone_3A Warm Humid,1
C-WEU-GRC,C-WEU-GRC-EL511,rur,Zone_4A Mixed Humid,1
C-WEU-GRC,C-WEU-GRC-EL511,urb,Zone_4A Mixed Humid,1
C-WEU-GRC,C-WEU-GRC-EL512,rur,Zone_4C Mixed Marine,1
C-WEU-GRC,C-WEU-GRC-EL512,urb,Zone_4C Mixed Marine,1
C-WEU-GRC,C-WEU-GRC-EL513,rur,Zone_4A Mixed Humid,1
C-WEU-GRC,C-WEU-GRC-EL513,urb,Zone_4A Mixed Humid,1
C-WEU-GRC,C-WEU-GRC-EL514,rur,Zone_4A Mixed Humid,1
C-WEU-GRC,C-WEU-GRC-EL514,urb,Zone_4A Mixed Humid,1
C-WEU-GRC,C-WEU-GRC-EL515,rur,Zone_3A Warm Humid,1
C-WEU-GRC,C-WEU-GRC-EL515,urb,Zone_3A Warm Humid,1
C-WEU-GRC,C-WEU-GRC-EL521,rur,Zone_4A Mixed Humid,1
C-WEU-GRC,C-WEU-GRC-EL521,urb,Zone_4A Mixed Humid,1
C-WEU-GRC,C-WEU-GRC-EL522,rur,Zone_4A Mixed Humid,1
C-WEU-GRC,C-WEU-GRC-EL522,urb,Zone_4A Mixed Humid,1
C-WEU-GRC,C-WEU-GRC-EL523,rur,Zone_4A Mixed Humid,1
C-WEU-GRC,C-WEU-GRC-EL523,urb,Zone_4A Mixed Humid,1
C-WEU-GRC,C-WEU-GRC-EL524,rur,Zone_4A Mixed Humid,1
C-WEU-GRC,C-WEU-GRC-EL524,urb,Zone_4A Mixed Humid,1
C-WEU-GRC,C-WEU-GRC-EL525,rur,Zone_5C Cool Marine,1
C-WEU-GRC,C-WEU-GRC-EL525,urb,Zone_5C Cool Marine,1
C-WEU-GRC,C-WEU-GRC-EL526,rur,Zone_4A Mixed Humid,1
C-WEU-GRC,C-WEU-GRC-EL526,urb,Zone_4A Mixed Humid,1
C-WEU-GRC,C-WEU-GRC-EL527,rur,Zone_3A Warm Humid,1
C-WEU-GRC,C-WEU-GRC-EL527,urb,Zone_3A Warm Humid,1
C-WEU-GRC,C-WEU-GRC-EL531,rur,Zone_4A Mixed Humid,1
C-WEU-GRC,C-WEU-GRC-EL531,urb,Zone_4A Mixed Humid,1
C-WEU-GRC,C-WEU-GRC-EL532,rur,Zone_5A Cool Humid,1
C-WEU-GRC,C-WEU-GRC-EL532,urb,Zone_5A Cool Humid,1
C-WEU-GRC,C-WEU-GRC-EL533,rur,Zone_5A Cool Humid,1
C-WEU-GRC,C-WEU-GRC-EL533,urb,Zone_5A Cool Humid,1
C-WEU-GRC,C-WEU-GRC-EL541,rur,Zone_3A Warm Humid,1
C-WEU-GRC,C-WEU-GRC-EL541,urb,Zone_3A Warm Humid,1
C-WEU-GRC,C-WEU-GRC-EL542,rur,Zone_3A Warm Humid,1
C-WEU-GRC,C-WEU-GRC-EL542,urb,Zone_3A Warm Humid,1
C-WEU-GRC,C-WEU-GRC-EL543,rur,Zone_4A Mixed Humid,1
C-WEU-GRC,C-WEU-GRC-EL543,urb,Zone_4A Mixed Humid,1
C-WEU-GRC,C-WEU-GRC-EL611,rur,Zone_4A Mixed Humid,1
C-WEU-GRC,C-WEU-GRC-EL611,urb,Zone_4A Mixed Humid,1
C-WEU-GRC,C-WEU-GRC-EL612,rur,Zone_4A Mixed Humid,1
C-WEU-GRC,C-WEU-GRC-EL612,urb,Zone_4A Mixed Humid,1
C-WEU-GRC,C-WEU-GRC-EL613,rur,Zone_3A Warm Humid,1
C-WEU-GRC,C-WEU-GRC-EL613,urb,Zone_3A Warm Humid,1
C-WEU-GRC,C-WEU-GRC-EL621,rur,Zone_3A Warm Humid,1
C-WEU-GRC,C-WEU-GRC-EL621,urb,Zone_3A Warm Humid,1
C-WEU-GRC,C-WEU-GRC-EL622,rur,Zone_3A Warm Humid,1
C-WEU-GRC,C-WEU-GRC-EL622,urb,Zone_3A Warm Humid,1
C-WEU-GRC,C-WEU-GRC-EL623,rur,Zone_3A Warm Humid,1
C-WEU-GRC,C-WEU-GRC-EL623,urb,Zone_3A Warm Humid,1
C-WEU-GRC,C-WEU-GRC-EL624,rur,Zone_3A Warm Humid,1
C-WEU-GRC,C-WEU-GRC-EL624,urb,Zone_3A Warm Humid,1
C-WEU-GRC,C-WEU-GRC-EL631,rur,Zone_3A Warm Humid,1
C-WEU-GRC,C-WEU-GRC-EL631,urb,Zone_3A Warm Humid,1
C-WEU-GRC,C-WEU-GRC-EL632,rur,Zone_3A Warm Humid,1
C-WEU-GRC,C-WEU-GRC-EL632,urb,Zone_3A Warm Humid,1
C-WEU-GRC,C-WEU-GRC-EL633,rur,Zone_3A Warm Humid,1
C-WEU-GRC,C-WEU-GRC-EL633,urb,Zone_3A Warm Humid,1
C-WEU-GRC,C-WEU-GRC-EL641,rur,Zone_3A Warm Humid,1
C-WEU-GRC,C-WEU-GRC-EL641,urb,Zone_3A Warm Humid,1
C-WEU-GRC,C-WEU-GRC-EL642,rur,Zone_3A Warm Humid,1
C-WEU-GRC,C-WEU-GRC-EL642,urb,Zone_3A Warm Humid,1
C-WEU-GRC,C-WEU-GRC-EL643,rur,Zone_4A Mixed Humid,1
C-WEU-GRC,C-WEU-GRC-EL643,urb,Zone_4A Mixed Humid,1
C-WEU-GRC,C-WEU-GRC-EL644,rur,Zone_3A Warm Humid,1
C-WEU-GRC,C-WEU-GRC-EL644,urb,Zone_3A Warm Humid,1
C-WEU-GRC,C-WEU-GRC-EL645,rur,Zone_4A Mixed Humid,1
C-WEU-GRC,C-WEU-GRC-EL645,urb,Zone_4A Mixed Humid,1
C-WEU-GRC,C-WEU-GRC-EL651,rur,Zone_4A Mixed Humid,1
C-WEU-GRC,C-WEU-GRC-EL651,urb,Zone_4A Mixed Humid,1
C-WEU-GRC,C-WEU-GRC-EL652,rur,Zone_4A Mixed Humid,1
C-WEU-GRC,C-WEU-GRC-EL652,urb,Zone_4A Mixed Humid,1
C-WEU-GRC,C-WEU-GRC-EL653,rur,Zone_3A Warm Humid,1
C-WEU-GRC,C-WEU-GRC-EL653,urb,Zone_3A Warm Humid,1
C-WEU-IRL,C-WEU-IRL-IE041,rur,Zone_5A Cool Humid,1
C-WEU-IRL,C-WEU-IRL-IE041,urb,Zone_5A Cool Humid,1
C-WEU-IRL,C-WEU-IRL-IE042,rur,Zone_5A Cool Humid,1
C-WEU-IRL,C-WEU-IRL-IE042,urb,Zone_5A Cool Humid,1
C-WEU-IRL,C-WEU-IRL-IE051,rur,Zone_5A Cool Humid,1
C-WEU-IRL,C-WEU-IRL-IE051,urb,Zone_5A Cool Humid,1
C-WEU-IRL,C-WEU-IRL-IE052,rur,Zone_5A Cool Humid,1
C-WEU-IRL,C-WEU-IRL-IE052,urb,Zone_5A Cool Humid,1
C-WEU-IRL,C-WEU-IRL-IE053,rur,Zone_4A Mixed Humid,1
C-WEU-IRL,C-WEU-IRL-IE053,urb,Zone_4A Mixed Humid,1
C-WEU-IRL,C-WEU-IRL-IE061,rur,Zone_5A Cool Humid,1
C-WEU-IRL,C-WEU-IRL-IE061,urb,Zone_5A Cool Humid,1
C-WEU-IRL,C-WEU-IRL-IE062,rur,Zone_5A Cool Humid,1
C-WEU-IRL,C-WEU-IRL-IE062,urb,Zone_5A Cool Humid,1
C-WEU-IRL,C-WEU-IRL-IE063,rur,Zone_5A Cool Humid,1
C-WEU-IRL,C-WEU-IRL-IE063,urb,Zone_5A Cool Humid,1
C-WEU-ITA,C-WEU-ITA-ITC11,rur,Zone_4A Mixed Humid,1
C-WEU-ITA,C-WEU-ITA-ITC11,urb,Zone_4A Mixed Humid,1
C-WEU-ITA,C-WEU-ITA-ITC12,rur,Zone_4A Mixed Humid,1
C-WEU-ITA,C-WEU-ITA-ITC12,urb,Zone_4A Mixed Humid,1
C-WEU-ITA,C-WEU-ITA-ITC13,rur,Zone_5A Cool Humid,1
C-WEU-ITA,C-WEU-ITA-ITC13,urb,Zone_5A Cool Humid,1
C-WEU-ITA,C-WEU-ITA-ITC14,rur,Zone_7A Very cold Humid,1
C-WEU-ITA,C-WEU-ITA-ITC14,urb,Zone_7A Very cold Humid,1
C-WEU-ITA,C-WEU-ITA-ITC15,rur,Zone_4A Mixed Humid,1
C-WEU-ITA,C-WEU-ITA-ITC15,urb,Zone_4A Mixed Humid,1
C-WEU-ITA,C-WEU-ITA-ITC16,rur,Zone_4A Mixed Humid,1
C-WEU-ITA,C-WEU-ITA-ITC16,urb,Zone_4A Mixed Humid,1
C-WEU-ITA,C-WEU-ITA-ITC17,rur,Zone_4A Mixed Humid,1
C-WEU-ITA,C-WEU-ITA-ITC17,urb,Zone_4A Mixed Humid,1
C-WEU-ITA,C-WEU-ITA-ITC18,rur,Zone_4A Mixed Humid,1
C-WEU-ITA,C-WEU-ITA-ITC18,urb,Zone_4A Mixed Humid,1
C-WEU-ITA,C-WEU-ITA-ITC20,rur,Zone_6A Cold Humid,1
C-WEU-ITA,C-WEU-ITA-ITC20,urb,Zone_6A Cold Humid,1
C-WEU-ITA,C-WEU-ITA-ITC31,rur,Zone_3A Warm Humid,1
C-WEU-ITA,C-WEU-ITA-ITC31,urb,Zone_3A Warm Humid,1
C-WEU-ITA,C-WEU-ITA-ITC32,rur,Zone_4C Mixed Marine,1
C-WEU-ITA,C-WEU-ITA-ITC32,urb,Zone_4C Mixed Marine,1
C-WEU-ITA,C-WEU-ITA-ITC33,rur,Zone_4C Mixed Marine,1
C-WEU-ITA,C-WEU-ITA-ITC33,urb,Zone_4C Mixed Marine,1
C-WEU-ITA,C-WEU-ITA-ITC34,rur,Zone_4C Mixed Marine,1
C-WEU-ITA,C-WEU-ITA-ITC34,urb,Zone_4C Mixed Marine,1
C-WEU-ITA,C-WEU-ITA-ITC41,rur,Zone_4A Mixed Humid,1
C-WEU-ITA,C-WEU-ITA-ITC41,urb,Zone_4A Mixed Humid,1
C-WEU-ITA,C-WEU-ITA-ITC42,rur,Zone_4A Mixed Humid,1
C-WEU-ITA,C-WEU-ITA-ITC42,urb,Zone_4A Mixed Humid,1
C-WEU-ITA,C-WEU-ITA-ITC43,rur,Zone_4A Mixed Humid,1
C-WEU-ITA,C-WEU-ITA-ITC43,urb,Zone_4A Mixed Humid,1
C-WEU-ITA,C-WEU-ITA-ITC44,rur,Zone_7A Very cold Humid,1
C-WEU-ITA,C-WEU-ITA-ITC44,urb,Zone_7A Very cold Humid,1
C-WEU-ITA,C-WEU-ITA-ITC46,rur,Zone_4C Mixed Marine,1
C-WEU-ITA,C-WEU-ITA-ITC46,urb,Zone_4C Mixed Marine,1
C-WEU-ITA,C-WEU-ITA-ITC47,rur,Zone_5A Cool Humid,1
C-WEU-ITA,C-WEU-ITA-ITC47,urb,Zone_5A Cool Humid,1
C-WEU-ITA,C-WEU-ITA-ITC48,rur,Zone_4A Mixed Humid,1
C-WEU-ITA,C-WEU-ITA-ITC48,urb,Zone_4A Mixed Humid,1
C-WEU-ITA,C-WEU-ITA-ITC49,rur,Zone_4A Mixed Humid,1
C-WEU-ITA,C-WEU-ITA-ITC49,urb,Zone_4A Mixed Humid,1
C-WEU-ITA,C-WEU-ITA-ITC4A,rur,Zone_4A Mixed Humid,1
C-WEU-ITA,C-WEU-ITA-ITC4A,urb,Zone_4A Mixed Humid,1
C-WEU-ITA,C-WEU-ITA-ITC4B,rur,Zone_4A Mixed Humid,1
C-WEU-ITA,C-WEU-ITA-ITC4B,urb,Zone_4A Mixed Humid,1
C-WEU-ITA,C-WEU-ITA-ITC4C,rur,Zone_4A Mixed Humid,1
C-WEU-ITA,C-WEU-ITA-ITC4C,urb,Zone_4A Mixed Humid,1
C-WEU-ITA,C-WEU-ITA-ITC4D,rur,Zone_4A Mixed Humid,1
C-WEU-ITA,C-WEU-ITA-ITC4D,urb,Zone_4A Mixed Humid,1
C-WEU-ITA,C-WEU-ITA-ITF11,rur,Zone_4C Mixed Marine,1
C-WEU-ITA,C-WEU-ITA-ITF11,urb,Zone_4C Mixed Marine,1
C-WEU-ITA,C-WEU-ITA-ITF12,rur,Zone_4A Mixed Humid,1
C-WEU-ITA,C-WEU-ITA-ITF12,urb,Zone_4A Mixed Humid,1
C-WEU-ITA,C-WEU-ITA-ITF13,rur,Zone_4C Mixed Marine,1
C-WEU-ITA,C-WEU-ITA-ITF13,urb,Zone_4C Mixed Marine,1
C-WEU-ITA,C-WEU-ITA-ITF14,rur,Zone_4A Mixed Humid,1
C-WEU-ITA,C-WEU-ITA-ITF14,urb,Zone_4A Mixed Humid,1
C-WEU-ITA,C-WEU-ITA-ITF21,rur,Zone_4C Mixed Marine,1
C-WEU-ITA,C-WEU-ITA-ITF21,urb,Zone_4C Mixed Marine,1
C-WEU-ITA,C-WEU-ITA-ITF22,rur,Zone_4A Mixed Humid,1
C-WEU-ITA,C-WEU-ITA-ITF22,urb,Zone_4A Mixed Humid,1
C-WEU-ITA,C-WEU-ITA-ITF31,rur,Zone_3A Warm Humid,1
C-WEU-ITA,C-WEU-ITA-ITF31,urb,Zone_3A Warm Humid,1
C-WEU-ITA,C-WEU-ITA-ITF32,rur,Zone_3A Warm Humid,1
C-WEU-ITA,C-WEU-ITA-ITF32,urb,Zone_3A Warm Humid,1
C-WEU-ITA,C-WEU-ITA-ITF33,rur,Zone_3A Warm Humid,1
C-WEU-ITA,C-WEU-ITA-ITF33,urb,Zone_3A Warm Humid,1
C-WEU-ITA,C-WEU-ITA-ITF34,rur,Zone_4A Mixed Humid,1
C-WEU-ITA,C-WEU-ITA-ITF34,urb,Zone_4A Mixed Humid,1
C-WEU-ITA,C-WEU-ITA-ITF35,rur,Zone_3A Warm Humid,1
C-WEU-ITA,C-WEU-ITA-ITF35,urb,Zone_3A Warm Humid,1
C-WEU-ITA,C-WEU-ITA-ITF43,rur,Zone_3A Warm Humid,1
C-WEU-ITA,C-WEU-ITA-ITF43,urb,Zone_3A Warm Humid,1
C-WEU-ITA,C-WEU-ITA-ITF44,rur,Zone_3A Warm Humid,1
C-WEU-ITA,C-WEU-ITA-ITF44,urb,Zone_3A Warm Humid,1
C-WEU-ITA,C-WEU-ITA-ITF45,rur,Zone_3A Warm Humid,1
C-WEU-ITA,C-WEU-ITA-ITF45,urb,Zone_3A Warm Humid,1
C-WEU-ITA,C-WEU-ITA-ITF46,rur,Zone_3A Warm Humid,1
C-WEU-ITA,C-WEU-ITA-ITF46,urb,Zone_3A Warm Humid,1
C-WEU-ITA,C-WEU-ITA-ITF47,rur,Zone_3A Warm Humid,1
C-WEU-ITA,C-WEU-ITA-ITF47,urb,Zone_3A Warm Humid,1
C-WEU-ITA,C-WEU-ITA-ITF48,rur,Zone_3A Warm Humid,1
C-WEU-ITA,C-WEU-ITA-ITF48,urb,Zone_3A Warm Humid,1
C-WEU-ITA,C-WEU-ITA-ITF51,rur,Zone_4A Mixed Humid,1
C-WEU-ITA,C-WEU-ITA-ITF51,urb,Zone_4A Mixed Humid,1
C-WEU-ITA,C-WEU-ITA-ITF52,rur,Zone_3A Warm Humid,1
C-WEU-ITA,C-WEU-ITA-ITF52,urb,Zone_3A Warm Humid,1
C-WEU-ITA,C-WEU-ITA-ITF61,rur,Zone_3A Warm Humid,1
C-WEU-ITA,C-WEU-ITA-ITF61,urb,Zone_3A Warm Humid,1
C-WEU-ITA,C-WEU-ITA-ITF62,rur,Zone_3A Warm Humid,1
C-WEU-ITA,C-WEU-ITA-ITF62,urb,Zone_3A Warm Humid,1
C-WEU-ITA,C-WEU-ITA-ITF63,rur,Zone_3A Warm Humid,1
C-WEU-ITA,C-WEU-ITA-ITF63,urb,Zone_3A Warm Humid,1
C-WEU-ITA,C-WEU-ITA-ITF64,rur,Zone_3A Warm Humid,1
C-WEU-ITA,C-WEU-ITA-ITF64,urb,Zone_3A Warm Humid,1
C-WEU-ITA,C-WEU-ITA-ITF65,rur,Zone_3A Warm Humid,1
C-WEU-ITA,C-WEU-ITA-ITF65,urb,Zone_3A Warm Humid,1
C-WEU-ITA,C-WEU-ITA-ITG11,rur,Zone_3A Warm Humid,1
C-WEU-ITA,C-WEU-ITA-ITG11,urb,Zone_3A Warm Humid,1
C-WEU-ITA,C-WEU-ITA-ITG12,rur,Zone_3A Warm Humid,1
C-WEU-ITA,C-WEU-ITA-ITG12,urb,Zone_3A Warm Humid,1
C-WEU-ITA,C-WEU-ITA-ITG13,rur,Zone_3A Warm Humid,1
C-WEU-ITA,C-WEU-ITA-ITG13,urb,Zone_3A Warm Humid,1
C-WEU-ITA,C-WEU-ITA-ITG14,rur,Zone_3A Warm Humid,1
C-WEU-ITA,C-WEU-ITA-ITG14,urb,Zone_3A Warm Humid,1
C-WEU-ITA,C-WEU-ITA-ITG15,rur,Zone_3A Warm Humid,1
C-WEU-ITA,C-WEU-ITA-ITG15,urb,Zone_3A Warm Humid,1
C-WEU-ITA,C-WEU-ITA-ITG16,rur,Zone_3A Warm Humid,1
C-WEU-ITA,C-WEU-ITA-ITG16,urb,Zone_3A Warm Humid,1
C-WEU-ITA,C-WEU-ITA-ITG17,rur,Zone_3A Warm Humid,1
C-WEU-ITA,C-WEU-ITA-ITG17,urb,Zone_3A Warm Humid,1
C-WEU-ITA,C-WEU-ITA-ITG18,rur,Zone_3A Warm Humid,1
C-WEU-ITA,C-WEU-ITA-ITG18,urb,Zone_3A Warm Humid,1
C-WEU-ITA,C-WEU-ITA-ITG19,rur,Zone_3A Warm Humid,1
C-WEU-ITA,C-WEU-ITA-ITG19,urb,Zone_3A Warm Humid,1
C-WEU-ITA,C-WEU-ITA-ITG2D,rur,Zone_3A Warm Humid,1
C-WEU-ITA,C-WEU-ITA-ITG2D,urb,Zone_3A Warm Humid,1
C-WEU-ITA,C-WEU-ITA-ITG2E,rur,Zone_3A Warm Humid,1
C-WEU-ITA,C-WEU-ITA-ITG2E,urb,Zone_3A Warm Humid,1
C-WEU-ITA,C-WEU-ITA-ITG2F,rur,Zone_3A Warm Humid,1
C-WEU-ITA,C-WEU-ITA-ITG2F,urb,Zone_3A Warm Humid,1
C-WEU-ITA,C-WEU-ITA-ITG2G,rur,Zone_3A Warm Humid,1
C-WEU-ITA,C-WEU-ITA-ITG2G,urb,Zone_3A Warm Humid,1
C-WEU-ITA,C-WEU-ITA-ITG2H,rur,Zone_3A Warm Humid,1
C-WEU-ITA,C-WEU-ITA-ITG2H,urb,Zone_3A Warm Humid,1
C-WEU-ITA,C-WEU-ITA-ITH10,rur,Zone_7A Very cold Humid,1
C-WEU-ITA,C-WEU-ITA-ITH10,urb,Zone_7A Very cold Humid,1
C-WEU-ITA,C-WEU-ITA-ITH20,rur,Zone_7A Very cold Humid,1
C-WEU-ITA,C-WEU-ITA-ITH20,urb,Zone_7A Very cold Humid,1
C-WEU-ITA,C-WEU-ITA-ITH31,rur,Zone_4A Mixed Humid,1
C-WEU-ITA,C-WEU-ITA-ITH31,urb,Zone_4A Mixed Humid,1
C-WEU-ITA,C-WEU-ITA-ITH32,rur,Zone_5A Cool Humid,1
C-WEU-ITA,C-WEU-ITA-ITH32,urb,Zone_5A Cool Humid,1
C-WEU-ITA,C-WEU-ITA-ITH33,rur,Zone_7A Very cold Humid,1
C-WEU-ITA,C-WEU-ITA-ITH33,urb,Zone_7A Very cold Humid,1
C-WEU-ITA,C-WEU-ITA-ITH34,rur,Zone_4A Mixed Humid,1
C-WEU-ITA,C-WEU-ITA-ITH34,urb,Zone_4A Mixed Humid,1
C-WEU-ITA,C-WEU-ITA-ITH35,rur,Zone_4A Mixed Humid,1
C-WEU-ITA,C-WEU-ITA-ITH35,urb,Zone_4A Mixed Humid,1
C-WEU-ITA,C-WEU-ITA-ITH36,rur,Zone_4A Mixed Humid,1
C-WEU-ITA,C-WEU-ITA-ITH36,urb,Zone_4A Mixed Humid,1
C-WEU-ITA,C-WEU-ITA-ITH37,rur,Zone_4A Mixed Humid,1
C-WEU-ITA,C-WEU-ITA-ITH37,urb,Zone_4A Mixed Humid,1
C-WEU-ITA,C-WEU-ITA-ITH41,rur,Zone_5A Cool Humid,1
C-WEU-ITA,C-WEU-ITA-ITH41,urb,Zone_5A Cool Humid,1
C-WEU-ITA,C-WEU-ITA-ITH42,rur,Zone_3A Warm Humid,1
C-WEU-ITA,C-WEU-ITA-ITH42,urb,Zone_3A Warm Humid,1
C-WEU-ITA,C-WEU-ITA-ITH43,rur,Zone_3A Warm Humid,1
C-WEU-ITA,C-WEU-ITA-ITH43,urb,Zone_3A Warm Humid,1
C-WEU-ITA,C-WEU-ITA-ITH44,rur,Zone_4A Mixed Humid,1
C-WEU-ITA,C-WEU-ITA-ITH44,urb,Zone_4A Mixed Humid,1
C-WEU-ITA,C-WEU-ITA-ITH51,rur,Zone_4C Mixed Marine,1
C-WEU-ITA,C-WEU-ITA-ITH51,urb,Zone_4C Mixed Marine,1
C-WEU-ITA,C-WEU-ITA-ITH52,rur,Zone_4A Mixed Humid,1
C-WEU-ITA,C-WEU-ITA-ITH52,urb,Zone_4A Mixed Humid,1
C-WEU-ITA,C-WEU-ITA-ITH53,rur,Zone_4A Mixed Humid,1
C-WEU-ITA,C-WEU-ITA-ITH53,urb,Zone_4A Mixed Humid,1
C-WEU-ITA,C-WEU-ITA-ITH54,rur,Zone_5A Cool Humid,1
C-WEU-ITA,C-WEU-ITA-ITH54,urb,Zone_5A Cool Humid,1
C-WEU-ITA,C-WEU-ITA-ITH55,rur,Zone_4A Mixed Humid,1
C-WEU-ITA,C-WEU-ITA-ITH55,urb,Zone_4A Mixed Humid,1
C-WEU-ITA,C-WEU-ITA-ITH56,rur,Zone_4A Mixed Humid,1
C-WEU-ITA,C-WEU-ITA-ITH56,urb,Zone_4A Mixed Humid,1
C-WEU-ITA,C-WEU-ITA-ITH57,rur,Zone_4A Mixed Humid,1
C-WEU-ITA,C-WEU-ITA-ITH57,urb,Zone_4A Mixed Humid,1
C-WEU-ITA,C-WEU-ITA-ITH58,rur,Zone_4A Mixed Humid,1
C-WEU-ITA,C-WEU-ITA-ITH58,urb,Zone_4A Mixed Humid,1
C-WEU-ITA,C-WEU-ITA-ITH59,rur,Zone_5A Cool Humid,1
C-WEU-ITA,C-WEU-ITA-ITH59,urb,Zone_5A Cool Humid,1
C-WEU-ITA,C-WEU-ITA-ITI11,rur,Zone_5C Cool Marine,1
C-WEU-ITA,C-WEU-ITA-ITI11,urb,Zone_5C Cool Marine,1
C-WEU-ITA,C-WEU-ITA-ITI12,rur,Zone_5C Cool Marine,1
C-WEU-ITA,C-WEU-ITA-ITI12,urb,Zone_5C Cool Marine,1
C-WEU-ITA,C-WEU-ITA-ITI13,rur,Zone_4A Mixed Humid,1
C-WEU-ITA,C-WEU-ITA-ITI13,urb,Zone_4A Mixed Humid,1
C-WEU-ITA,C-WEU-ITA-ITI14,rur,Zone_4A Mixed Humid,1
C-WEU-ITA,C-WEU-ITA-ITI14,urb,Zone_4A Mixed Humid,1
C-WEU-ITA,C-WEU-ITA-ITI15,rur,Zone_4A Mixed Humid,1
C-WEU-ITA,C-WEU-ITA-ITI15,urb,Zone_4A Mixed Humid,1
C-WEU-ITA,C-WEU-ITA-ITI16,rur,Zone_3A Warm Humid,1
C-WEU-ITA,C-WEU-ITA-ITI16,urb,Zone_3A Warm Humid,1
C-WEU-ITA,C-WEU-ITA-ITI17,rur,Zone_3A Warm Humid,1
C-WEU-ITA,C-WEU-ITA-ITI17,urb,Zone_3A Warm Humid,1
C-WEU-ITA,C-WEU-ITA-ITI18,rur,Zone_4A Mixed Humid,1
C-WEU-ITA,C-WEU-ITA-ITI18,urb,Zone_4A Mixed Humid,1
C-WEU-ITA,C-WEU-ITA-ITI19,rur,Zone_3A Warm Humid,1
C-WEU-ITA,C-WEU-ITA-ITI19,urb,Zone_3A Warm Humid,1
C-WEU-ITA,C-WEU-ITA-ITI1A,rur,Zone_3A Warm Humid,1
C-WEU-ITA,C-WEU-ITA-ITI1A,urb,Zone_3A Warm Humid,1
C-WEU-ITA,C-WEU-ITA-ITI21,rur,Zone_4A Mixed Humid,1
C-WEU-ITA,C-WEU-ITA-ITI21,urb,Zone_4A Mixed Humid,1
C-WEU-ITA,C-WEU-ITA-ITI22,rur,Zone_3A Warm Humid,1
C-WEU-ITA,C-WEU-ITA-ITI22,urb,Zone_3A Warm Humid,1
C-WEU-ITA,C-WEU-ITA-ITI31,rur,Zone_4A Mixed Humid,1
C-WEU-ITA,C-WEU-ITA-ITI31,urb,Zone_4A Mixed Humid,1
C-WEU-ITA,C-WEU-ITA-ITI32,rur,Zone_3A Warm Humid,1
C-WEU-ITA,C-WEU-ITA-ITI32,urb,Zone_3A Warm Humid,1
C-WEU-ITA,C-WEU-ITA-ITI33,rur,Zone_4A Mixed Humid,1
C-WEU-ITA,C-WEU-ITA-ITI33,urb,Zone_4A Mixed Humid,1
C-WEU-ITA,C-WEU-ITA-ITI34,rur,Zone_5A Cool Humid,1
C-WEU-ITA,C-WEU-ITA-ITI34,urb,Zone_5A Cool Humid,1
C-WEU-ITA,C-WEU-ITA-ITI35,rur,Zone_3A Warm Humid,1
C-WEU-ITA,C-WEU-ITA-ITI35,urb,Zone_3A Warm Humid,1
C-WEU-ITA,C-WEU-ITA-ITI41,rur,Zone_3A Warm Humid,1
C-WEU-ITA,C-WEU-ITA-ITI41,urb,Zone_3A Warm Humid,1
C-WEU-ITA,C-WEU-ITA-ITI42,rur,Zone_3A Warm Humid,1
C-WEU-ITA,C-WEU-ITA-ITI42,urb,Zone_3A Warm Humid,1
C-WEU-ITA,C-WEU-ITA-ITI43,rur,Zone_3A Warm Humid,1
C-WEU-ITA,C-WEU-ITA-ITI43,urb,Zone_3A Warm Humid,1
C-WEU-ITA,C-WEU-ITA-ITI44,rur,Zone_3A Warm Humid,1
C-WEU-ITA,C-WEU-ITA-ITI44,urb,Zone_3A Warm Humid,1
C-WEU-ITA,C-WEU-ITA-ITI45,rur,Zone_3A Warm Humid,1
C-WEU-ITA,C-WEU-ITA-ITI45,urb,Zone_3A Warm Humid,1
C-WEU-LUX,C-WEU-LUX-LU000,rur,Zone_5A Cool Humid,1
C-WEU-LUX,C-WEU-LUX-LU000,urb,Zone_5A Cool Humid,1
C-WEU-MLT,C-WEU-MLT-MT001,rur,Zone_3A Warm Humid,1
C-WEU-MLT,C-WEU-MLT-MT001,urb,Zone_3A Warm Humid,1
C-WEU-MLT,C-WEU-MLT-MT002,rur,Zone_3A Warm Humid,1
C-WEU-MLT,C-WEU-MLT-MT002,urb,Zone_3A Warm Humid,1
C-WEU-NLD,C-WEU-NLD-NL112,rur,Zone_5A Cool Humid,1
C-WEU-NLD,C-WEU-NLD-NL112,urb,Zone_5A Cool Humid,1
C-WEU-NLD,C-WEU-NLD-NL114,rur,Zone_5A Cool Humid,1
C-WEU-NLD,C-WEU-NLD-NL114,urb,Zone_5A Cool Humid,1
C-WEU-NLD,C-WEU-NLD-NL115,rur,Zone_5A Cool Humid,1
C-WEU-NLD,C-WEU-NLD-NL115,urb,Zone_5A Cool Humid,1
C-WEU-NLD,C-WEU-NLD-NL126,rur,Zone_5A Cool Humid,1
C-WEU-NLD,C-WEU-NLD-NL126,urb,Zone_5A Cool Humid,1
C-WEU-NLD,C-WEU-NLD-NL127,rur,Zone_5A Cool Humid,1
C-WEU-NLD,C-WEU-NLD-NL127,urb,Zone_5A Cool Humid,1
C-WEU-NLD,C-WEU-NLD-NL128,rur,Zone_5A Cool Humid,1
C-WEU-NLD,C-WEU-NLD-NL128,urb,Zone_5A Cool Humid,1
C-WEU-NLD,C-WEU-NLD-NL131,rur,Zone_5A Cool Humid,1
C-WEU-NLD,C-WEU-NLD-NL131,urb,Zone_5A Cool Humid,1
C-WEU-NLD,C-WEU-NLD-NL132,rur,Zone_5A Cool Humid,1
C-WEU-NLD,C-WEU-NLD-NL132,urb,Zone_5A Cool Humid,1
C-WEU-NLD,C-WEU-NLD-NL133,rur,Zone_5A Cool Humid,1
C-WEU-NLD,C-WEU-NLD-NL133,urb,Zone_5A Cool Humid,1
C-WEU-NLD,C-WEU-NLD-NL211,rur,Zone_5A Cool Humid,1
C-WEU-NLD,C-WEU-NLD-NL211,urb,Zone_5A Cool Humid,1
C-WEU-NLD,C-WEU-NLD-NL212,rur,Zone_5A Cool Humid,1
C-WEU-NLD,C-WEU-NLD-NL212,urb,Zone_5A Cool Humid,1
C-WEU-NLD,C-WEU-NLD-NL213,rur,Zone_5A Cool Humid,1
C-WEU-NLD,C-WEU-NLD-NL213,urb,Zone_5A Cool Humid,1
C-WEU-NLD,C-WEU-NLD-NL221,rur,Zone_5A Cool Humid,1
C-WEU-NLD,C-WEU-NLD-NL221,urb,Zone_5A Cool Humid,1
C-WEU-NLD,C-WEU-NLD-NL224,rur,Zone_4A Mixed Humid,1
C-WEU-NLD,C-WEU-NLD-NL224,urb,Zone_4A Mixed Humid,1
C-WEU-NLD,C-WEU-NLD-NL225,rur,Zone_5A Cool Humid,1
C-WEU-NLD,C-WEU-NLD-NL225,urb,Zone_5A Cool Humid,1
C-WEU-NLD,C-WEU-NLD-NL226,rur,Zone_4A Mixed Humid,1
C-WEU-NLD,C-WEU-NLD-NL226,urb,Zone_4A Mixed Humid,1
C-WEU-NLD,C-WEU-NLD-NL230,rur,Zone_5A Cool Humid,1
C-WEU-NLD,C-WEU-NLD-NL230,urb,Zone_5A Cool Humid,1
C-WEU-NLD,C-WEU-NLD-NL321,rur,Zone_4A Mixed Humid,1
C-WEU-NLD,C-WEU-NLD-NL321,urb,Zone_4A Mixed Humid,1
C-WEU-NLD,C-WEU-NLD-NL323,rur,Zone_4A Mixed Humid,1
C-WEU-NLD,C-WEU-NLD-NL323,urb,Zone_4A Mixed Humid,1
C-WEU-NLD,C-WEU-NLD-NL325,rur,Zone_4A Mixed Humid,1
C-WEU-NLD,C-WEU-NLD-NL325,urb,Zone_4A Mixed Humid,1
C-WEU-NLD,C-WEU-NLD-NL327,rur,Zone_4A Mixed Humid,1
C-WEU-NLD,C-WEU-NLD-NL327,urb,Zone_4A Mixed Humid,1
C-WEU-NLD,C-WEU-NLD-NL328,rur,Zone_4A Mixed Humid,1
C-WEU-NLD,C-WEU-NLD-NL328,urb,Zone_4A Mixed Humid,1
C-WEU-NLD,C-WEU-NLD-NL32A,rur,Zone_4A Mixed Humid,1
C-WEU-NLD,C-WEU-NLD-NL32A,urb,Zone_4A Mixed Humid,1
C-WEU-NLD,C-WEU-NLD-NL32B,rur,Zone_4A Mixed Humid,1
C-WEU-NLD,C-WEU-NLD-NL32B,urb,Zone_4A Mixed Humid,1
C-WEU-NLD,C-WEU-NLD-NL341,rur,Zone_4A Mixed Humid,1
C-WEU-NLD,C-WEU-NLD-NL341,urb,Zone_4A Mixed Humid,1
C-WEU-NLD,C-WEU-NLD-NL342,rur,Zone_4A Mixed Humid,1
C-WEU-NLD,C-WEU-NLD-NL342,urb,Zone_4A Mixed Humid,1
C-WEU-NLD,C-WEU-NLD-NL350,rur,Zone_4A Mixed Humid,1
C-WEU-NLD,C-WEU-NLD-NL350,urb,Zone_4A Mixed Humid,1
C-WEU-NLD,C-WEU-NLD-NL361,rur,Zone_4A Mixed Humid,1
C-WEU-NLD,C-WEU-NLD-NL361,urb,Zone_4A Mixed Humid,1
C-WEU-NLD,C-WEU-NLD-NL362,rur,Zone_4A Mixed Humid,1
C-WEU-NLD,C-WEU-NLD-NL362,urb,Zone_4A Mixed Humid,1
C-WEU-NLD,C-WEU-NLD-NL363,rur,Zone_4A Mixed Humid,1
C-WEU-NLD,C-WEU-NLD-NL363,urb,Zone_4A Mixed Humid,1
C-WEU-NLD,C-WEU-NLD-NL364,rur,Zone_4A Mixed Humid,1
C-WEU-NLD,C-WEU-NLD-NL364,urb,Zone_4A Mixed Humid,1
C-WEU-NLD,C-WEU-NLD-NL365,rur,Zone_4A Mixed Humid,1
C-WEU-NLD,C-WEU-NLD-NL365,urb,Zone_4A Mixed Humid,1
C-WEU-NLD,C-WEU-NLD-NL366,rur,Zone_4A Mixed Humid,1
C-WEU-NLD,C-WEU-NLD-NL366,urb,Zone_4A Mixed Humid,1
C-WEU-NLD,C-WEU-NLD-NL411,rur,Zone_4A Mixed Humid,1
C-WEU-NLD,C-WEU-NLD-NL411,urb,Zone_4A Mixed Humid,1
C-WEU-NLD,C-WEU-NLD-NL414,rur,Zone_4A Mixed Humid,1
C-WEU-NLD,C-WEU-NLD-NL414,urb,Zone_4A Mixed Humid,1
C-WEU-NLD,C-WEU-NLD-NL415,rur,Zone_4A Mixed Humid,1
C-WEU-NLD,C-WEU-NLD-NL415,urb,Zone_4A Mixed Humid,1
C-WEU-NLD,C-WEU-NLD-NL416,rur,Zone_4A Mixed Humid,1
C-WEU-NLD,C-WEU-NLD-NL416,urb,Zone_4A Mixed Humid,1
C-WEU-NLD,C-WEU-NLD-NL421,rur,Zone_4A Mixed Humid,1
C-WEU-NLD,C-WEU-NLD-NL421,urb,Zone_4A Mixed Humid,1
C-WEU-NLD,C-WEU-NLD-NL422,rur,Zone_4A Mixed Humid,1
C-WEU-NLD,C-WEU-NLD-NL422,urb,Zone_4A Mixed Humid,1
C-WEU-NLD,C-WEU-NLD-NL423,rur,Zone_4A Mixed Humid,1
C-WEU-NLD,C-WEU-NLD-NL423,urb,Zone_4A Mixed Humid,1
C-WEU-PRT,C-WEU-PRT-PT111,rur,Zone_3C Warm Marine,1
C-WEU-PRT,C-WEU-PRT-PT111,urb,Zone_3C Warm Marine,1
C-WEU-PRT,C-WEU-PRT-PT112,rur,Zone_4C Mixed Marine,1
C-WEU-PRT,C-WEU-PRT-PT112,urb,Zone_4C Mixed Marine,1
C-WEU-PRT,C-WEU-PRT-PT119,rur,Zone_4C Mixed Marine,1
C-WEU-PRT,C-WEU-PRT-PT119,urb,Zone_4C Mixed Marine,1
C-WEU-PRT,C-WEU-PRT-PT11A,rur,Zone_3C Warm Marine,1
C-WEU-PRT,C-WEU-PRT-PT11A,urb,Zone_3C Warm Marine,1
C-WEU-PRT,C-WEU-PRT-PT11B,rur,Zone_4C Mixed Marine,1
C-WEU-PRT,C-WEU-PRT-PT11B,urb,Zone_4C Mixed Marine,1
C-WEU-PRT,C-WEU-PRT-PT11C,rur,Zone_3C Warm Marine,1
C-WEU-PRT,C-WEU-PRT-PT11C,urb,Zone_3C Warm Marine,1
C-WEU-PRT,C-WEU-PRT-PT11D,rur,Zone_4C Mixed Marine,1
C-WEU-PRT,C-WEU-PRT-PT11D,urb,Zone_4C Mixed Marine,1
C-WEU-PRT,C-WEU-PRT-PT11E,rur,Zone_4A Mixed Humid,1
C-WEU-PRT,C-WEU-PRT-PT11E,urb,Zone_4A Mixed Humid,1
C-WEU-PRT,C-WEU-PRT-PT150,rur,Zone_3A Warm Humid,1
C-WEU-PRT,C-WEU-PRT-PT150,urb,Zone_3A Warm Humid,1
C-WEU-PRT,C-WEU-PRT-PT191,rur,Zone_3C Warm Marine,1
C-WEU-PRT,C-WEU-PRT-PT191,urb,Zone_3C Warm Marine,1
C-WEU-PRT,C-WEU-PRT-PT192,rur,Zone_3A Warm Humid,1
C-WEU-PRT,C-WEU-PRT-PT192,urb,Zone_3A Warm Humid,1
C-WEU-PRT,C-WEU-PRT-PT193,rur,Zone_3A Warm Humid,1
C-WEU-PRT,C-WEU-PRT-PT193,urb,Zone_3A Warm Humid,1
C-WEU-PRT,C-WEU-PRT-PT194,rur,Zone_3C Warm Marine,1
C-WEU-PRT,C-WEU-PRT-PT194,urb,Zone_3C Warm Marine,1
C-WEU-PRT,C-WEU-PRT-PT195,rur,Zone_3A Warm Humid,1
C-WEU-PRT,C-WEU-PRT-PT195,urb,Zone_3A Warm Humid,1
C-WEU-PRT,C-WEU-PRT-PT196,rur,Zone_3A Warm Humid,1
C-WEU-PRT,C-WEU-PRT-PT196,urb,Zone_3A Warm Humid,1
C-WEU-PRT,C-WEU-PRT-PT1A0,rur,Zone_3A Warm Humid,1
C-WEU-PRT,C-WEU-PRT-PT1A0,urb,Zone_3A Warm Humid,1
C-WEU-PRT,C-WEU-PRT-PT1B0,rur,Zone_3A Warm Humid,1
C-WEU-PRT,C-WEU-PRT-PT1B0,urb,Zone_3A Warm Humid,1
C-WEU-PRT,C-WEU-PRT-PT1C1,rur,Zone_3A Warm Humid,1
C-WEU-PRT,C-WEU-PRT-PT1C1,urb,Zone_3A Warm Humid,1
C-WEU-PRT,C-WEU-PRT-PT1C2,rur,Zone_3A Warm Humid,1
C-WEU-PRT,C-WEU-PRT-PT1C2,urb,Zone_3A Warm Humid,1
C-WEU-PRT,C-WEU-PRT-PT1C3,rur,Zone_3A Warm Humid,1
C-WEU-PRT,C-WEU-PRT-PT1C3,urb,Zone_3A Warm Humid,1
C-WEU-PRT,C-WEU-PRT-PT1C4,rur,Zone_3A Warm Humid,1
C-WEU-PRT,C-WEU-PRT-PT1C4,urb,Zone_3A Warm Humid,1
C-WEU-PRT,C-WEU-PRT-PT1D1,rur,Zone_3A Warm Humid,1
C-WEU-PRT,C-WEU-PRT-PT1D1,urb,Zone_3A Warm Humid,1
C-WEU-PRT,C-WEU-PRT-PT1D2,rur,Zone_3A Warm Humid,1
C-WEU-PRT,C-WEU-PRT-PT1D2,urb,Zone_3A Warm Humid,1
C-WEU-PRT,C-WEU-PRT-PT1D3,rur,Zone_3A Warm Humid,1
C-WEU-PRT,C-WEU-PRT-PT1D3,urb,Zone_3A Warm Humid,1
C-WEU-PRT,C-WEU-PRT-PT200,rur,Zone_3C Warm Marine,1
C-WEU-PRT,C-WEU-PRT-PT200,urb,Zone_3C Warm Marine,1
C-WEU-PRT,C-WEU-PRT-PT300,rur,Zone_3C Warm Marine,1
C-WEU-PRT,C-WEU-PRT-PT300,urb,Zone_3C Warm Marine,1
C-WEU-SWE,C-WEU-SWE-SE110,rur,Zone_6A Cold Humid,1
C-WEU-SWE,C-WEU-SWE-SE110,urb,Zone_6A Cold Humid,1
C-WEU-SWE,C-WEU-SWE-SE121,rur,Zone_6A Cold Humid,1
C-WEU-SWE,C-WEU-SWE-SE121,urb,Zone_6A Cold Humid,1
C-WEU-SWE,C-WEU-SWE-SE122,rur,Zone_6A Cold Humid,1
C-WEU-SWE,C-WEU-SWE-SE122,urb,Zone_6A Cold Humid,1
C-WEU-SWE,C-WEU-SWE-SE123,rur,Zone_6A Cold Humid,1
C-WEU-SWE,C-WEU-SWE-SE123,urb,Zone_6A Cold Humid,1
C-WEU-SWE,C-WEU-SWE-SE124,rur,Zone_6A Cold Humid,1
C-WEU-SWE,C-WEU-SWE-SE124,urb,Zone_6A Cold Humid,1
C-WEU-SWE,C-WEU-SWE-SE125,rur,Zone_6A Cold Humid,1
C-WEU-SWE,C-WEU-SWE-SE125,urb,Zone_6A Cold Humid,1
C-WEU-SWE,C-WEU-SWE-SE211,rur,Zone_6A Cold Humid,1
C-WEU-SWE,C-WEU-SWE-SE211,urb,Zone_6A Cold Humid,1
C-WEU-SWE,C-WEU-SWE-SE212,rur,Zone_6A Cold Humid,1
C-WEU-SWE,C-WEU-SWE-SE212,urb,Zone_6A Cold Humid,1
C-WEU-SWE,C-WEU-SWE-SE213,rur,Zone_6A Cold Humid,1
C-WEU-SWE,C-WEU-SWE-SE213,urb,Zone_6A Cold Humid,1
C-WEU-SWE,C-WEU-SWE-SE214,rur,Zone_5A Cool Humid,1
C-WEU-SWE,C-WEU-SWE-SE214,urb,Zone_5A Cool Humid,1
C-WEU-SWE,C-WEU-SWE-SE221,rur,Zone_5A Cool Humid,1
C-WEU-SWE,C-WEU-SWE-SE221,urb,Zone_5A Cool Humid,1
C-WEU-SWE,C-WEU-SWE-SE224,rur,Zone_5A Cool Humid,1
C-WEU-SWE,C-WEU-SWE-SE224,urb,Zone_5A Cool Humid,1
C-WEU-SWE,C-WEU-SWE-SE231,rur,Zone_5A Cool Humid,1
C-WEU-SWE,C-WEU-SWE-SE231,urb,Zone_5A Cool Humid,1
C-WEU-SWE,C-WEU-SWE-SE232,rur,Zone_6A Cold Humid,1
C-WEU-SWE,C-WEU-SWE-SE232,urb,Zone_6A Cold Humid,1
C-WEU-SWE,C-WEU-SWE-SE311,rur,Zone_6A Cold Humid,1
C-WEU-SWE,C-WEU-SWE-SE311,urb,Zone_6A Cold Humid,1
C-WEU-SWE,C-WEU-SWE-SE312,rur,Zone_7A Very cold Humid,1
C-WEU-SWE,C-WEU-SWE-SE312,urb,Zone_7A Very cold Humid,1
C-WEU-SWE,C-WEU-SWE-SE313,rur,Zone_7A Very cold Humid,1
C-WEU-SWE,C-WEU-SWE-SE313,urb,Zone_7A Very cold Humid,1
C-WEU-SWE,C-WEU-SWE-SE321,rur,Zone_7A Very cold Humid,1
C-WEU-SWE,C-WEU-SWE-SE321,urb,Zone_7A Very cold Humid,1
C-WEU-SWE,C-WEU-SWE-SE322,rur,Zone_7A Very cold Humid,1
C-WEU-SWE,C-WEU-SWE-SE322,urb,Zone_7A Very cold Humid,1
C-WEU-SWE,C-WEU-SWE-SE331,rur,Zone_7A Very cold Humid,1
C-WEU-SWE,C-WEU-SWE-SE331,urb,Zone_7A Very cold Humid,1
C-WEU-SWE,C-WEU-SWE-SE332,rur,Zone_8A Subarctic/arctic Humid,1
C-WEU-SWE,C-WEU-SWE-SE332,urb,Zone_8A Subarctic/arctic Humid,1
