region_bld,clim,urt,arch,eneff,value
C-EEU-BGR,Zone_4A Mixed Humid,rur,inf,ns,1.0
C-EEU-BGR,Zone_4A Mixed Humid,rur,mfh,s1,1.0
C-EEU-BGR,Zone_4A Mixed Humid,rur,mfh,s2,1.0
C-EEU-BGR,Zone_4A Mixed Humid,rur,mfh,s3,1.0
C-EEU-BGR,Zone_4A Mixed Humid,rur,mfh,s51_std,1.0
C-EEU-BGR,Zone_4A Mixed Humid,rur,mfh,s52_low,1.0
C-EEU-BGR,Zone_4A Mixed Humid,rur,mfh,sr11_std,1.0
C-EEU-BGR,Zone_4A Mixed Humid,rur,mfh,sr12_low,1.0
C-EEU-BGR,Zone_4A Mixed Humid,rur,mfh,sr21_std,1.0
C-EEU-BGR,Zone_4A Mixed Humid,rur,mfh,sr22_low,1.0
C-EEU-BGR,Zone_4A Mixed Humid,rur,mfh,sr31_std,1.0
C-EEU-BGR,Zone_4A Mixed Humid,rur,mfh,sr32_low,1.0
C-EEU-BGR,Zone_4A Mixed Humid,rur,sfh,s1,1.0
C-EEU-BGR,Zone_4A Mixed Humid,rur,sfh,s2,1.0
C-EEU-BGR,Zone_4A Mixed Humid,rur,sfh,s3,1.0
C-EEU-BGR,Zone_4A Mixed Humid,rur,sfh,s51_std,1.0
C-EEU-BGR,Zone_4A Mixed Humid,rur,sfh,s52_low,1.0
C-EEU-BGR,Zone_4A Mixed Humid,rur,sfh,sr11_std,1.0
C-EEU-BGR,Zone_4A Mixed Humid,rur,sfh,sr12_low,1.0
C-EEU-BGR,Zone_4A Mixed Humid,rur,sfh,sr21_std,1.0
C-EEU-BGR,Zone_4A Mixed Humid,rur,sfh,sr22_low,1.0
C-EEU-BGR,Zone_4A Mixed Humid,rur,sfh,sr31_std,1.0
C-EEU-BGR,Zone_4A Mixed Humid,rur,sfh,sr32_low,1.0
C-EEU-BGR,Zone_4A Mixed Humid,urb,inf,ns,1.0
C-EEU-BGR,Zone_4A Mixed Humid,urb,mfh,s1,1.0
C-EEU-BGR,Zone_4A Mixed Humid,urb,mfh,s2,1.0
C-EEU-BGR,Zone_4A Mixed Humid,urb,mfh,s3,1.0
C-EEU-BGR,Zone_4A Mixed Humid,urb,mfh,s51_std,1.0
C-EEU-BGR,Zone_4A Mixed Humid,urb,mfh,s52_low,1.0
C-EEU-BGR,Zone_4A Mixed Humid,urb,mfh,sr11_std,1.0
C-EEU-BGR,Zone_4A Mixed Humid,urb,mfh,sr12_low,1.0
C-EEU-BGR,Zone_4A Mixed Humid,urb,mfh,sr21_std,1.0
C-EEU-BGR,Zone_4A Mixed Humid,urb,mfh,sr22_low,1.0
C-EEU-BGR,Zone_4A Mixed Humid,urb,mfh,sr31_std,1.0
C-EEU-BGR,Zone_4A Mixed Humid,urb,mfh,sr32_low,1.0
C-EEU-BGR,Zone_4A Mixed Humid,urb,sfh,s1,1.0
C-EEU-BGR,Zone_4A Mixed Humid,urb,sfh,s2,1.0
C-EEU-BGR,Zone_4A Mixed Humid,urb,sfh,s3,1.0
C-EEU-BGR,Zone_4A Mixed Humid,urb,sfh,s51_std,1.0
C-EEU-BGR,Zone_4A Mixed Humid,urb,sfh,s52_low,1.0
C-EEU-BGR,Zone_4A Mixed Humid,urb,sfh,sr11_std,1.0
C-EEU-BGR,Zone_4A Mixed Humid,urb,sfh,sr12_low,1.0
C-EEU-BGR,Zone_4A Mixed Humid,urb,sfh,sr21_std,1.0
C-EEU-BGR,Zone_4A Mixed Humid,urb,sfh,sr22_low,1.0
C-EEU-BGR,Zone_4A Mixed Humid,urb,sfh,sr31_std,1.0
C-EEU-BGR,Zone_4A Mixed Humid,urb,sfh,sr32_low,1.0
C-EEU-BGR,Zone_5A Cool Humid,rur,inf,ns,1.0
C-EEU-BGR,Zone_5A Cool Humid,rur,mfh,s1,1.0
C-EEU-BGR,Zone_5A Cool Humid,rur,mfh,s2,1.0
C-EEU-BGR,Zone_5A Cool Humid,rur,mfh,s3,1.0
C-EEU-BGR,Zone_5A Cool Humid,rur,mfh,s51_std,1.0
C-EEU-BGR,Zone_5A Cool Humid,rur,mfh,s52_low,1.0
C-EEU-BGR,Zone_5A Cool Humid,rur,mfh,sr11_std,1.0
C-EEU-BGR,Zone_5A Cool Humid,rur,mfh,sr12_low,1.0
C-EEU-BGR,Zone_5A Cool Humid,rur,mfh,sr21_std,1.0
C-EEU-BGR,Zone_5A Cool Humid,rur,mfh,sr22_low,1.0
C-EEU-BGR,Zone_5A Cool Humid,rur,mfh,sr31_std,1.0
C-EEU-BGR,Zone_5A Cool Humid,rur,mfh,sr32_low,1.0
C-EEU-BGR,Zone_5A Cool Humid,rur,sfh,s1,1.0
C-EEU-BGR,Zone_5A Cool Humid,rur,sfh,s2,1.0
C-EEU-BGR,Zone_5A Cool Humid,rur,sfh,s3,1.0
C-EEU-BGR,Zone_5A Cool Humid,rur,sfh,s51_std,1.0
C-EEU-BGR,Zone_5A Cool Humid,rur,sfh,s52_low,1.0
C-EEU-BGR,Zone_5A Cool Humid,rur,sfh,sr11_std,1.0
C-EEU-BGR,Zone_5A Cool Humid,rur,sfh,sr12_low,1.0
C-EEU-BGR,Zone_5A Cool Humid,rur,sfh,sr21_std,1.0
C-EEU-BGR,Zone_5A Cool Humid,rur,sfh,sr22_low,1.0
C-EEU-BGR,Zone_5A Cool Humid,rur,sfh,sr31_std,1.0
C-EEU-BGR,Zone_5A Cool Humid,rur,sfh,sr32_low,1.0
C-EEU-BGR,Zone_5A Cool Humid,urb,inf,ns,1.0
C-EEU-BGR,Zone_5A Cool Humid,urb,mfh,s1,1.0
C-EEU-BGR,Zone_5A Cool Humid,urb,mfh,s2,1.0
C-EEU-BGR,Zone_5A Cool Humid,urb,mfh,s3,1.0
C-EEU-BGR,Zone_5A Cool Humid,urb,mfh,s51_std,1.0
C-EEU-BGR,Zone_5A Cool Humid,urb,mfh,s52_low,1.0
C-EEU-BGR,Zone_5A Cool Humid,urb,mfh,sr11_std,1.0
C-EEU-BGR,Zone_5A Cool Humid,urb,mfh,sr12_low,1.0
C-EEU-BGR,Zone_5A Cool Humid,urb,mfh,sr21_std,1.0
C-EEU-BGR,Zone_5A Cool Humid,urb,mfh,sr22_low,1.0
C-EEU-BGR,Zone_5A Cool Humid,urb,mfh,sr31_std,1.0
C-EEU-BGR,Zone_5A Cool Humid,urb,mfh,sr32_low,1.0
C-EEU-BGR,Zone_5A Cool Humid,urb,sfh,s1,1.0
C-EEU-BGR,Zone_5A Cool Humid,urb,sfh,s2,1.0
C-EEU-BGR,Zone_5A Cool Humid,urb,sfh,s3,1.0
C-EEU-BGR,Zone_5A Cool Humid,urb,sfh,s51_std,1.0
C-EEU-BGR,Zone_5A Cool Humid,urb,sfh,s52_low,1.0
C-EEU-BGR,Zone_5A Cool Humid,urb,sfh,sr11_std,1.0
C-EEU-BGR,Zone_5A Cool Humid,urb,sfh,sr12_low,1.0
C-EEU-BGR,Zone_5A Cool Humid,urb,sfh,sr21_std,1.0
C-EEU-BGR,Zone_5A Cool Humid,urb,sfh,sr22_low,1.0
C-EEU-BGR,Zone_5A Cool Humid,urb,sfh,sr31_std,1.0
C-EEU-BGR,Zone_5A Cool Humid,urb,sfh,sr32_low,1.0
C-EEU-CZE,Zone_5A Cool Humid,rur,inf,ns,1.0
C-EEU-CZE,Zone_5A Cool Humid,rur,mfh,s1,1.0
C-EEU-CZE,Zone_5A Cool Humid,rur,mfh,s2,1.0
C-EEU-CZE,Zone_5A Cool Humid,rur,mfh,s3,1.0
C-EEU-CZE,Zone_5A Cool Humid,rur,mfh,s51_std,1.0
C-EEU-CZE,Zone_5A Cool Humid,rur,mfh,s52_low,1.0
C-EEU-CZE,Zone_5A Cool Humid,rur,mfh,sr11_std,1.0
C-EEU-CZE,Zone_5A Cool Humid,rur,mfh,sr12_low,1.0
C-EEU-CZE,Zone_5A Cool Humid,rur,mfh,sr21_std,1.0
C-EEU-CZE,Zone_5A Cool Humid,rur,mfh,sr22_low,1.0
C-EEU-CZE,Zone_5A Cool Humid,rur,mfh,sr31_std,1.0
C-EEU-CZE,Zone_5A Cool Humid,rur,mfh,sr32_low,1.0
C-EEU-CZE,Zone_5A Cool Humid,rur,sfh,s1,1.0
C-EEU-CZE,Zone_5A Cool Humid,rur,sfh,s2,0.97169
C-EEU-CZE,Zone_5A Cool Humid,rur,sfh,s3,1.0
C-EEU-CZE,Zone_5A Cool Humid,rur,sfh,s51_std,1.0
C-EEU-CZE,Zone_5A Cool Humid,rur,sfh,s52_low,1.0
C-EEU-CZE,Zone_5A Cool Humid,rur,sfh,sr11_std,1.0
C-EEU-CZE,Zone_5A Cool Humid,rur,sfh,sr12_low,1.0
C-EEU-CZE,Zone_5A Cool Humid,rur,sfh,sr21_std,0.97169
C-EEU-CZE,Zone_5A Cool Humid,rur,sfh,sr22_low,0.97169
C-EEU-CZE,Zone_5A Cool Humid,rur,sfh,sr31_std,1.0
C-EEU-CZE,Zone_5A Cool Humid,rur,sfh,sr32_low,1.0
C-EEU-CZE,Zone_5A Cool Humid,urb,inf,ns,1.0
C-EEU-CZE,Zone_5A Cool Humid,urb,mfh,s1,1.0
C-EEU-CZE,Zone_5A Cool Humid,urb,mfh,s2,1.0
C-EEU-CZE,Zone_5A Cool Humid,urb,mfh,s3,1.0
C-EEU-CZE,Zone_5A Cool Humid,urb,mfh,s51_std,1.0
C-EEU-CZE,Zone_5A Cool Humid,urb,mfh,s52_low,1.0
C-EEU-CZE,Zone_5A Cool Humid,urb,mfh,sr11_std,1.0
C-EEU-CZE,Zone_5A Cool Humid,urb,mfh,sr12_low,1.0
C-EEU-CZE,Zone_5A Cool Humid,urb,mfh,sr21_std,1.0
C-EEU-CZE,Zone_5A Cool Humid,urb,mfh,sr22_low,1.0
C-EEU-CZE,Zone_5A Cool Humid,urb,mfh,sr31_std,1.0
C-EEU-CZE,Zone_5A Cool Humid,urb,mfh,sr32_low,1.0
C-EEU-CZE,Zone_5A Cool Humid,urb,sfh,s1,1.0
C-EEU-CZE,Zone_5A Cool Humid,urb,sfh,s2,0.97738
C-EEU-CZE,Zone_5A Cool Humid,urb,sfh,s3,1.0
C-EEU-CZE,Zone_5A Cool Humid,urb,sfh,s51_std,1.0
C-EEU-CZE,Zone_5A Cool Humid,urb,sfh,s52_low,1.0
C-EEU-CZE,Zone_5A Cool Humid,urb,sfh,sr11_std,1.0
C-EEU-CZE,Zone_5A Cool Humid,urb,sfh,sr12_low,1.0
C-EEU-CZE,Zone_5A Cool Humid,urb,sfh,sr21_std,0.97738
C-EEU-CZE,Zone_5A Cool Humid,urb,sfh,sr22_low,0.97738
C-EEU-CZE,Zone_5A Cool Humid,urb,sfh,sr31_std,1.0
C-EEU-CZE,Zone_5A Cool Humid,urb,sfh,sr32_low,1.0
C-EEU-EST,Zone_6A Cold Humid,rur,inf,ns,0.84835
C-EEU-EST,Zone_6A Cold Humid,rur,mfh,s1,0.99998
C-EEU-EST,Zone_6A Cold Humid,rur,mfh,s2,0.99998
C-EEU-EST,Zone_6A Cold Humid,rur,mfh,s3,1.0
C-EEU-EST,Zone_6A Cold Humid,rur,mfh,s51_std,1.0
C-EEU-EST,Zone_6A Cold Humid,rur,mfh,s52_low,1.0
C-EEU-EST,Zone_6A Cold Humid,rur,mfh,sr11_std,0.99998
C-EEU-EST,Zone_6A Cold Humid,rur,mfh,sr12_low,0.99998
C-EEU-EST,Zone_6A Cold Humid,rur,mfh,sr21_std,0.99998
C-EEU-EST,Zone_6A Cold Humid,rur,mfh,sr22_low,0.99998
C-EEU-EST,Zone_6A Cold Humid,rur,mfh,sr31_std,1.0
C-EEU-EST,Zone_6A Cold Humid,rur,mfh,sr32_low,1.0
C-EEU-EST,Zone_6A Cold Humid,rur,sfh,s1,0.84835
C-EEU-EST,Zone_6A Cold Humid,rur,sfh,s2,0.56199
C-EEU-EST,Zone_6A Cold Humid,rur,sfh,s3,0.89039
C-EEU-EST,Zone_6A Cold Humid,rur,sfh,s51_std,0.99998
C-EEU-EST,Zone_6A Cold Humid,rur,sfh,s52_low,1.0
C-EEU-EST,Zone_6A Cold Humid,rur,sfh,sr11_std,0.84835
C-EEU-EST,Zone_6A Cold Humid,rur,sfh,sr12_low,0.84835
C-EEU-EST,Zone_6A Cold Humid,rur,sfh,sr21_std,0.56199
C-EEU-EST,Zone_6A Cold Humid,rur,sfh,sr22_low,0.56199
C-EEU-EST,Zone_6A Cold Humid,rur,sfh,sr31_std,0.89039
C-EEU-EST,Zone_6A Cold Humid,rur,sfh,sr32_low,0.89039
C-EEU-EST,Zone_6A Cold Humid,urb,inf,ns,0.87277
C-EEU-EST,Zone_6A Cold Humid,urb,mfh,s1,1.0
C-EEU-EST,Zone_6A Cold Humid,urb,mfh,s2,1.0
C-EEU-EST,Zone_6A Cold Humid,urb,mfh,s3,1.0
C-EEU-EST,Zone_6A Cold Humid,urb,mfh,s51_std,1.0
C-EEU-EST,Zone_6A Cold Humid,urb,mfh,s52_low,1.0
C-EEU-EST,Zone_6A Cold Humid,urb,mfh,sr11_std,1.0
C-EEU-EST,Zone_6A Cold Humid,urb,mfh,sr12_low,1.0
C-EEU-EST,Zone_6A Cold Humid,urb,mfh,sr21_std,1.0
C-EEU-EST,Zone_6A Cold Humid,urb,mfh,sr22_low,1.0
C-EEU-EST,Zone_6A Cold Humid,urb,mfh,sr31_std,1.0
C-EEU-EST,Zone_6A Cold Humid,urb,mfh,sr32_low,1.0
C-EEU-EST,Zone_6A Cold Humid,urb,sfh,s1,0.43638
C-EEU-EST,Zone_6A Cold Humid,urb,sfh,s2,0.28303
C-EEU-EST,Zone_6A Cold Humid,urb,sfh,s3,0.4457
C-EEU-EST,Zone_6A Cold Humid,urb,sfh,s51_std,1.0
C-EEU-EST,Zone_6A Cold Humid,urb,sfh,s52_low,1.0
C-EEU-EST,Zone_6A Cold Humid,urb,sfh,sr11_std,0.43638
C-EEU-EST,Zone_6A Cold Humid,urb,sfh,sr12_low,0.43638
C-EEU-EST,Zone_6A Cold Humid,urb,sfh,sr21_std,0.28303
C-EEU-EST,Zone_6A Cold Humid,urb,sfh,sr22_low,0.28303
C-EEU-EST,Zone_6A Cold Humid,urb,sfh,sr31_std,0.4457
C-EEU-EST,Zone_6A Cold Humid,urb,sfh,sr32_low,0.4457
C-EEU-HRV,Zone_3A Warm Humid,rur,inf,ns,1.0
C-EEU-HRV,Zone_3A Warm Humid,rur,mfh,s1,1.0
C-EEU-HRV,Zone_3A Warm Humid,rur,mfh,s2,1.0
C-EEU-HRV,Zone_3A Warm Humid,rur,mfh,s3,1.0
C-EEU-HRV,Zone_3A Warm Humid,rur,mfh,s51_std,1.0
C-EEU-HRV,Zone_3A Warm Humid,rur,mfh,s52_low,1.0
C-EEU-HRV,Zone_3A Warm Humid,rur,mfh,sr11_std,1.0
C-EEU-HRV,Zone_3A Warm Humid,rur,mfh,sr12_low,1.0
C-EEU-HRV,Zone_3A Warm Humid,rur,mfh,sr21_std,1.0
C-EEU-HRV,Zone_3A Warm Humid,rur,mfh,sr22_low,1.0
C-EEU-HRV,Zone_3A Warm Humid,rur,mfh,sr31_std,1.0
C-EEU-HRV,Zone_3A Warm Humid,rur,mfh,sr32_low,1.0
C-EEU-HRV,Zone_3A Warm Humid,rur,sfh,s1,1.0
C-EEU-HRV,Zone_3A Warm Humid,rur,sfh,s2,1.0
C-EEU-HRV,Zone_3A Warm Humid,rur,sfh,s3,1.0
C-EEU-HRV,Zone_3A Warm Humid,rur,sfh,s51_std,1.0
C-EEU-HRV,Zone_3A Warm Humid,rur,sfh,s52_low,1.0
C-EEU-HRV,Zone_3A Warm Humid,rur,sfh,sr11_std,1.0
C-EEU-HRV,Zone_3A Warm Humid,rur,sfh,sr12_low,1.0
C-EEU-HRV,Zone_3A Warm Humid,rur,sfh,sr21_std,1.0
C-EEU-HRV,Zone_3A Warm Humid,rur,sfh,sr22_low,1.0
C-EEU-HRV,Zone_3A Warm Humid,rur,sfh,sr31_std,1.0
C-EEU-HRV,Zone_3A Warm Humid,rur,sfh,sr32_low,1.0
C-EEU-HRV,Zone_3A Warm Humid,urb,inf,ns,1.0
C-EEU-HRV,Zone_3A Warm Humid,urb,mfh,s1,1.0
C-EEU-HRV,Zone_3A Warm Humid,urb,mfh,s2,1.0
C-EEU-HRV,Zone_3A Warm Humid,urb,mfh,s3,1.0
C-EEU-HRV,Zone_3A Warm Humid,urb,mfh,s51_std,1.0
C-EEU-HRV,Zone_3A Warm Humid,urb,mfh,s52_low,1.0
C-EEU-HRV,Zone_3A Warm Humid,urb,mfh,sr11_std,1.0
C-EEU-HRV,Zone_3A Warm Humid,urb,mfh,sr12_low,1.0
C-EEU-HRV,Zone_3A Warm Humid,urb,mfh,sr21_std,1.0
C-EEU-HRV,Zone_3A Warm Humid,urb,mfh,sr22_low,1.0
C-EEU-HRV,Zone_3A Warm Humid,urb,mfh,sr31_std,1.0
C-EEU-HRV,Zone_3A Warm Humid,urb,mfh,sr32_low,1.0
C-EEU-HRV,Zone_3A Warm Humid,urb,sfh,s1,1.0
C-EEU-HRV,Zone_3A Warm Humid,urb,sfh,s2,1.0
C-EEU-HRV,Zone_3A Warm Humid,urb,sfh,s3,1.0
C-EEU-HRV,Zone_3A Warm Humid,urb,sfh,s51_std,1.0
C-EEU-HRV,Zone_3A Warm Humid,urb,sfh,s52_low,1.0
C-EEU-HRV,Zone_3A Warm Humid,urb,sfh,sr11_std,1.0
C-EEU-HRV,Zone_3A Warm Humid,urb,sfh,sr12_low,1.0
C-EEU-HRV,Zone_3A Warm Humid,urb,sfh,sr21_std,1.0
C-EEU-HRV,Zone_3A Warm Humid,urb,sfh,sr22_low,1.0
C-EEU-HRV,Zone_3A Warm Humid,urb,sfh,sr31_std,1.0
C-EEU-HRV,Zone_3A Warm Humid,urb,sfh,sr32_low,1.0
C-EEU-HRV,Zone_4A Mixed Humid,rur,inf,ns,1.0
C-EEU-HRV,Zone_4A Mixed Humid,rur,mfh,s1,1.0
C-EEU-HRV,Zone_4A Mixed Humid,rur,mfh,s2,1.0
C-EEU-HRV,Zone_4A Mixed Humid,rur,mfh,s3,1.0
C-EEU-HRV,Zone_4A Mixed Humid,rur,mfh,s51_std,1.0
C-EEU-HRV,Zone_4A Mixed Humid,rur,mfh,s52_low,1.0
C-EEU-HRV,Zone_4A Mixed Humid,rur,mfh,sr11_std,1.0
C-EEU-HRV,Zone_4A Mixed Humid,rur,mfh,sr12_low,1.0
C-EEU-HRV,Zone_4A Mixed Humid,rur,mfh,sr21_std,1.0
C-EEU-HRV,Zone_4A Mixed Humid,rur,mfh,sr22_low,1.0
C-EEU-HRV,Zone_4A Mixed Humid,rur,mfh,sr31_std,1.0
C-EEU-HRV,Zone_4A Mixed Humid,rur,mfh,sr32_low,1.0
C-EEU-HRV,Zone_4A Mixed Humid,rur,sfh,s1,1.0
C-EEU-HRV,Zone_4A Mixed Humid,rur,sfh,s2,1.0
C-EEU-HRV,Zone_4A Mixed Humid,rur,sfh,s3,1.0
C-EEU-HRV,Zone_4A Mixed Humid,rur,sfh,s51_std,1.0
C-EEU-HRV,Zone_4A Mixed Humid,rur,sfh,s52_low,1.0
C-EEU-HRV,Zone_4A Mixed Humid,rur,sfh,sr11_std,1.0
C-EEU-HRV,Zone_4A Mixed Humid,rur,sfh,sr12_low,1.0
C-EEU-HRV,Zone_4A Mixed Humid,rur,sfh,sr21_std,1.0
C-EEU-HRV,Zone_4A Mixed Humid,rur,sfh,sr22_low,1.0
C-EEU-HRV,Zone_4A Mixed Humid,rur,sfh,sr31_std,1.0
C-EEU-HRV,Zone_4A Mixed Humid,rur,sfh,sr32_low,1.0
C-EEU-HRV,Zone_4A Mixed Humid,urb,inf,ns,1.0
C-EEU-HRV,Zone_4A Mixed Humid,urb,mfh,s1,1.0
C-EEU-HRV,Zone_4A Mixed Humid,urb,mfh,s2,1.0
C-EEU-HRV,Zone_4A Mixed Humid,urb,mfh,s3,1.0
C-EEU-HRV,Zone_4A Mixed Humid,urb,mfh,s51_std,1.0
C-EEU-HRV,Zone_4A Mixed Humid,urb,mfh,s52_low,1.0
C-EEU-HRV,Zone_4A Mixed Humid,urb,mfh,sr11_std,1.0
C-EEU-HRV,Zone_4A Mixed Humid,urb,mfh,sr12_low,1.0
C-EEU-HRV,Zone_4A Mixed Humid,urb,mfh,sr21_std,1.0
C-EEU-HRV,Zone_4A Mixed Humid,urb,mfh,sr22_low,1.0
C-EEU-HRV,Zone_4A Mixed Humid,urb,mfh,sr31_std,1.0
C-EEU-HRV,Zone_4A Mixed Humid,urb,mfh,sr32_low,1.0
C-EEU-HRV,Zone_4A Mixed Humid,urb,sfh,s1,1.0
C-EEU-HRV,Zone_4A Mixed Humid,urb,sfh,s2,1.0
C-EEU-HRV,Zone_4A Mixed Humid,urb,sfh,s3,1.0
C-EEU-HRV,Zone_4A Mixed Humid,urb,sfh,s51_std,1.0
C-EEU-HRV,Zone_4A Mixed Humid,urb,sfh,s52_low,1.0
C-EEU-HRV,Zone_4A Mixed Humid,urb,sfh,sr11_std,1.0
C-EEU-HRV,Zone_4A Mixed Humid,urb,sfh,sr12_low,1.0
C-EEU-HRV,Zone_4A Mixed Humid,urb,sfh,sr21_std,1.0
C-EEU-HRV,Zone_4A Mixed Humid,urb,sfh,sr22_low,1.0
C-EEU-HRV,Zone_4A Mixed Humid,urb,sfh,sr31_std,1.0
C-EEU-HRV,Zone_4A Mixed Humid,urb,sfh,sr32_low,1.0
C-EEU-HRV,Zone_4C Mixed Marine,rur,inf,ns,0.98572
C-EEU-HRV,Zone_4C Mixed Marine,rur,mfh,s1,1.0
C-EEU-HRV,Zone_4C Mixed Marine,rur,mfh,s2,1.0
C-EEU-HRV,Zone_4C Mixed Marine,rur,mfh,s3,1.0
C-EEU-HRV,Zone_4C Mixed Marine,rur,mfh,s51_std,0.99987
C-EEU-HRV,Zone_4C Mixed Marine,rur,mfh,s52_low,0.99987
C-EEU-HRV,Zone_4C Mixed Marine,rur,mfh,sr11_std,1.0
C-EEU-HRV,Zone_4C Mixed Marine,rur,mfh,sr12_low,0.99987
C-EEU-HRV,Zone_4C Mixed Marine,rur,mfh,sr21_std,1.0
C-EEU-HRV,Zone_4C Mixed Marine,rur,mfh,sr22_low,0.99987
C-EEU-HRV,Zone_4C Mixed Marine,rur,mfh,sr31_std,1.0
C-EEU-HRV,Zone_4C Mixed Marine,rur,mfh,sr32_low,0.99987
C-EEU-HRV,Zone_4C Mixed Marine,rur,sfh,s1,0.98572
C-EEU-HRV,Zone_4C Mixed Marine,rur,sfh,s2,0.98572
C-EEU-HRV,Zone_4C Mixed Marine,rur,sfh,s3,0.98572
C-EEU-HRV,Zone_4C Mixed Marine,rur,sfh,s51_std,0.99987
C-EEU-HRV,Zone_4C Mixed Marine,rur,sfh,s52_low,0.99987
C-EEU-HRV,Zone_4C Mixed Marine,rur,sfh,sr11_std,0.98572
C-EEU-HRV,Zone_4C Mixed Marine,rur,sfh,sr12_low,0.98572
C-EEU-HRV,Zone_4C Mixed Marine,rur,sfh,sr21_std,0.98572
C-EEU-HRV,Zone_4C Mixed Marine,rur,sfh,sr22_low,0.98572
C-EEU-HRV,Zone_4C Mixed Marine,rur,sfh,sr31_std,0.98572
C-EEU-HRV,Zone_4C Mixed Marine,rur,sfh,sr32_low,0.98572
C-EEU-HRV,Zone_4C Mixed Marine,urb,inf,ns,0.96256
C-EEU-HRV,Zone_4C Mixed Marine,urb,mfh,s1,0.9726
C-EEU-HRV,Zone_4C Mixed Marine,urb,mfh,s2,0.9726
C-EEU-HRV,Zone_4C Mixed Marine,urb,mfh,s3,1.0
C-EEU-HRV,Zone_4C Mixed Marine,urb,mfh,s51_std,1.0
C-EEU-HRV,Zone_4C Mixed Marine,urb,mfh,s52_low,1.0
C-EEU-HRV,Zone_4C Mixed Marine,urb,mfh,sr11_std,1.0
C-EEU-HRV,Zone_4C Mixed Marine,urb,mfh,sr12_low,1.0
C-EEU-HRV,Zone_4C Mixed Marine,urb,mfh,sr21_std,1.0
C-EEU-HRV,Zone_4C Mixed Marine,urb,mfh,sr22_low,1.0
C-EEU-HRV,Zone_4C Mixed Marine,urb,mfh,sr31_std,1.0
C-EEU-HRV,Zone_4C Mixed Marine,urb,mfh,sr32_low,1.0
C-EEU-HRV,Zone_4C Mixed Marine,urb,sfh,s1,0.96256
C-EEU-HRV,Zone_4C Mixed Marine,urb,sfh,s2,1.0
C-EEU-HRV,Zone_4C Mixed Marine,urb,sfh,s3,1.0
C-EEU-HRV,Zone_4C Mixed Marine,urb,sfh,s51_std,1.0
C-EEU-HRV,Zone_4C Mixed Marine,urb,sfh,s52_low,1.0
C-EEU-HRV,Zone_4C Mixed Marine,urb,sfh,sr11_std,1.0
C-EEU-HRV,Zone_4C Mixed Marine,urb,sfh,sr12_low,1.0
C-EEU-HRV,Zone_4C Mixed Marine,urb,sfh,sr21_std,1.0
C-EEU-HRV,Zone_4C Mixed Marine,urb,sfh,sr22_low,1.0
C-EEU-HRV,Zone_4C Mixed Marine,urb,sfh,sr31_std,1.0
C-EEU-HRV,Zone_4C Mixed Marine,urb,sfh,sr32_low,1.0
C-EEU-HRV,Zone_5A Cool Humid,rur,inf,ns,0.95272
C-EEU-HRV,Zone_5A Cool Humid,rur,mfh,s1,0.99961
C-EEU-HRV,Zone_5A Cool Humid,rur,mfh,s2,0.99961
C-EEU-HRV,Zone_5A Cool Humid,rur,mfh,s3,0.99961
C-EEU-HRV,Zone_5A Cool Humid,rur,mfh,s51_std,0.99961
C-EEU-HRV,Zone_5A Cool Humid,rur,mfh,s52_low,0.99961
C-EEU-HRV,Zone_5A Cool Humid,rur,mfh,sr11_std,0.99961
C-EEU-HRV,Zone_5A Cool Humid,rur,mfh,sr12_low,0.99961
C-EEU-HRV,Zone_5A Cool Humid,rur,mfh,sr21_std,0.99961
C-EEU-HRV,Zone_5A Cool Humid,rur,mfh,sr22_low,0.99961
C-EEU-HRV,Zone_5A Cool Humid,rur,mfh,sr31_std,0.99961
C-EEU-HRV,Zone_5A Cool Humid,rur,mfh,sr32_low,0.99961
C-EEU-HRV,Zone_5A Cool Humid,rur,sfh,s1,0.95715
C-EEU-HRV,Zone_5A Cool Humid,rur,sfh,s2,0.95715
C-EEU-HRV,Zone_5A Cool Humid,rur,sfh,s3,0.95715
C-EEU-HRV,Zone_5A Cool Humid,rur,sfh,s51_std,0.99961
C-EEU-HRV,Zone_5A Cool Humid,rur,sfh,s52_low,0.99961
C-EEU-HRV,Zone_5A Cool Humid,rur,sfh,sr11_std,0.95715
C-EEU-HRV,Zone_5A Cool Humid,rur,sfh,sr12_low,0.95715
C-EEU-HRV,Zone_5A Cool Humid,rur,sfh,sr21_std,0.95715
C-EEU-HRV,Zone_5A Cool Humid,rur,sfh,sr22_low,0.95715
C-EEU-HRV,Zone_5A Cool Humid,rur,sfh,sr31_std,0.95715
C-EEU-HRV,Zone_5A Cool Humid,rur,sfh,sr32_low,0.95715
C-EEU-HRV,Zone_5A Cool Humid,urb,inf,ns,0.91799
C-EEU-HRV,Zone_5A Cool Humid,urb,mfh,s1,0.91779
C-EEU-HRV,Zone_5A Cool Humid,urb,mfh,s2,0.91779
C-EEU-HRV,Zone_5A Cool Humid,urb,mfh,s3,0.91779
C-EEU-HRV,Zone_5A Cool Humid,urb,mfh,s51_std,0.91779
C-EEU-HRV,Zone_5A Cool Humid,urb,mfh,s52_low,0.91779
C-EEU-HRV,Zone_5A Cool Humid,urb,mfh,sr11_std,0.91779
C-EEU-HRV,Zone_5A Cool Humid,urb,mfh,sr12_low,0.91779
C-EEU-HRV,Zone_5A Cool Humid,urb,mfh,sr21_std,0.91779
C-EEU-HRV,Zone_5A Cool Humid,urb,mfh,sr22_low,0.91779
C-EEU-HRV,Zone_5A Cool Humid,urb,mfh,sr31_std,0.91779
C-EEU-HRV,Zone_5A Cool Humid,urb,mfh,sr32_low,0.91779
C-EEU-HRV,Zone_5A Cool Humid,urb,sfh,s1,0.88769
C-EEU-HRV,Zone_5A Cool Humid,urb,sfh,s2,0.88769
C-EEU-HRV,Zone_5A Cool Humid,urb,sfh,s3,0.88769
C-EEU-HRV,Zone_5A Cool Humid,urb,sfh,s51_std,0.91779
C-EEU-HRV,Zone_5A Cool Humid,urb,sfh,s52_low,0.91779
C-EEU-HRV,Zone_5A Cool Humid,urb,sfh,sr11_std,0.88769
C-EEU-HRV,Zone_5A Cool Humid,urb,sfh,sr12_low,0.88769
C-EEU-HRV,Zone_5A Cool Humid,urb,sfh,sr21_std,0.88769
C-EEU-HRV,Zone_5A Cool Humid,urb,sfh,sr22_low,0.88769
C-EEU-HRV,Zone_5A Cool Humid,urb,sfh,sr31_std,0.88769
C-EEU-HRV,Zone_5A Cool Humid,urb,sfh,sr32_low,0.88769
C-EEU-HUN,Zone_4A Mixed Humid,rur,inf,ns,1.0
C-EEU-HUN,Zone_4A Mixed Humid,rur,mfh,s1,1.0
C-EEU-HUN,Zone_4A Mixed Humid,rur,mfh,s2,1.0
C-EEU-HUN,Zone_4A Mixed Humid,rur,mfh,s3,1.0
C-EEU-HUN,Zone_4A Mixed Humid,rur,mfh,s51_std,1.0
C-EEU-HUN,Zone_4A Mixed Humid,rur,mfh,s52_low,1.0
C-EEU-HUN,Zone_4A Mixed Humid,rur,mfh,sr11_std,1.0
C-EEU-HUN,Zone_4A Mixed Humid,rur,mfh,sr12_low,1.0
C-EEU-HUN,Zone_4A Mixed Humid,rur,mfh,sr21_std,1.0
C-EEU-HUN,Zone_4A Mixed Humid,rur,mfh,sr22_low,1.0
C-EEU-HUN,Zone_4A Mixed Humid,rur,mfh,sr31_std,1.0
C-EEU-HUN,Zone_4A Mixed Humid,rur,mfh,sr32_low,1.0
C-EEU-HUN,Zone_4A Mixed Humid,rur,sfh,s1,1.0
C-EEU-HUN,Zone_4A Mixed Humid,rur,sfh,s2,1.0
C-EEU-HUN,Zone_4A Mixed Humid,rur,sfh,s3,1.0
C-EEU-HUN,Zone_4A Mixed Humid,rur,sfh,s51_std,1.0
C-EEU-HUN,Zone_4A Mixed Humid,rur,sfh,s52_low,1.0
C-EEU-HUN,Zone_4A Mixed Humid,rur,sfh,sr11_std,1.0
C-EEU-HUN,Zone_4A Mixed Humid,rur,sfh,sr12_low,1.0
C-EEU-HUN,Zone_4A Mixed Humid,rur,sfh,sr21_std,1.0
C-EEU-HUN,Zone_4A Mixed Humid,rur,sfh,sr22_low,1.0
C-EEU-HUN,Zone_4A Mixed Humid,rur,sfh,sr31_std,1.0
C-EEU-HUN,Zone_4A Mixed Humid,rur,sfh,sr32_low,1.0
C-EEU-HUN,Zone_4A Mixed Humid,urb,inf,ns,1.0
C-EEU-HUN,Zone_4A Mixed Humid,urb,mfh,s1,1.0
C-EEU-HUN,Zone_4A Mixed Humid,urb,mfh,s2,1.0
C-EEU-HUN,Zone_4A Mixed Humid,urb,mfh,s3,1.0
C-EEU-HUN,Zone_4A Mixed Humid,urb,mfh,s51_std,1.0
C-EEU-HUN,Zone_4A Mixed Humid,urb,mfh,s52_low,1.0
C-EEU-HUN,Zone_4A Mixed Humid,urb,mfh,sr11_std,1.0
C-EEU-HUN,Zone_4A Mixed Humid,urb,mfh,sr12_low,1.0
C-EEU-HUN,Zone_4A Mixed Humid,urb,mfh,sr21_std,1.0
C-EEU-HUN,Zone_4A Mixed Humid,urb,mfh,sr22_low,1.0
C-EEU-HUN,Zone_4A Mixed Humid,urb,mfh,sr31_std,1.0
C-EEU-HUN,Zone_4A Mixed Humid,urb,mfh,sr32_low,1.0
C-EEU-HUN,Zone_4A Mixed Humid,urb,sfh,s1,1.0
C-EEU-HUN,Zone_4A Mixed Humid,urb,sfh,s2,1.0
C-EEU-HUN,Zone_4A Mixed Humid,urb,sfh,s3,1.0
C-EEU-HUN,Zone_4A Mixed Humid,urb,sfh,s51_std,1.0
C-EEU-HUN,Zone_4A Mixed Humid,urb,sfh,s52_low,1.0
C-EEU-HUN,Zone_4A Mixed Humid,urb,sfh,sr11_std,1.0
C-EEU-HUN,Zone_4A Mixed Humid,urb,sfh,sr12_low,1.0
C-EEU-HUN,Zone_4A Mixed Humid,urb,sfh,sr21_std,1.0
C-EEU-HUN,Zone_4A Mixed Humid,urb,sfh,sr22_low,1.0
C-EEU-HUN,Zone_4A Mixed Humid,urb,sfh,sr31_std,1.0
C-EEU-HUN,Zone_4A Mixed Humid,urb,sfh,sr32_low,1.0
C-EEU-HUN,Zone_5A Cool Humid,rur,inf,ns,1.0
C-EEU-HUN,Zone_5A Cool Humid,rur,mfh,s1,1.0
C-EEU-HUN,Zone_5A Cool Humid,rur,mfh,s2,1.0
C-EEU-HUN,Zone_5A Cool Humid,rur,mfh,s3,1.0
C-EEU-HUN,Zone_5A Cool Humid,rur,mfh,s51_std,1.0
C-EEU-HUN,Zone_5A Cool Humid,rur,mfh,s52_low,1.0
C-EEU-HUN,Zone_5A Cool Humid,rur,mfh,sr11_std,1.0
C-EEU-HUN,Zone_5A Cool Humid,rur,mfh,sr12_low,1.0
C-EEU-HUN,Zone_5A Cool Humid,rur,mfh,sr21_std,1.0
C-EEU-HUN,Zone_5A Cool Humid,rur,mfh,sr22_low,1.0
C-EEU-HUN,Zone_5A Cool Humid,rur,mfh,sr31_std,1.0
C-EEU-HUN,Zone_5A Cool Humid,rur,mfh,sr32_low,1.0
C-EEU-HUN,Zone_5A Cool Humid,rur,sfh,s1,1.0
C-EEU-HUN,Zone_5A Cool Humid,rur,sfh,s2,1.0
C-EEU-HUN,Zone_5A Cool Humid,rur,sfh,s3,1.0
C-EEU-HUN,Zone_5A Cool Humid,rur,sfh,s51_std,1.0
C-EEU-HUN,Zone_5A Cool Humid,rur,sfh,s52_low,1.0
C-EEU-HUN,Zone_5A Cool Humid,rur,sfh,sr11_std,1.0
C-EEU-HUN,Zone_5A Cool Humid,rur,sfh,sr12_low,1.0
C-EEU-HUN,Zone_5A Cool Humid,rur,sfh,sr21_std,1.0
C-EEU-HUN,Zone_5A Cool Humid,rur,sfh,sr22_low,1.0
C-EEU-HUN,Zone_5A Cool Humid,rur,sfh,sr31_std,1.0
C-EEU-HUN,Zone_5A Cool Humid,rur,sfh,sr32_low,1.0
C-EEU-HUN,Zone_5A Cool Humid,urb,inf,ns,1.0
C-EEU-HUN,Zone_5A Cool Humid,urb,mfh,s1,1.0
C-EEU-HUN,Zone_5A Cool Humid,urb,mfh,s2,1.0
C-EEU-HUN,Zone_5A Cool Humid,urb,mfh,s3,1.0
C-EEU-HUN,Zone_5A Cool Humid,urb,mfh,s51_std,1.0
C-EEU-HUN,Zone_5A Cool Humid,urb,mfh,s52_low,1.0
C-EEU-HUN,Zone_5A Cool Humid,urb,mfh,sr11_std,1.0
C-EEU-HUN,Zone_5A Cool Humid,urb,mfh,sr12_low,1.0
C-EEU-HUN,Zone_5A Cool Humid,urb,mfh,sr21_std,1.0
C-EEU-HUN,Zone_5A Cool Humid,urb,mfh,sr22_low,1.0
C-EEU-HUN,Zone_5A Cool Humid,urb,mfh,sr31_std,1.0
C-EEU-HUN,Zone_5A Cool Humid,urb,mfh,sr32_low,1.0
C-EEU-HUN,Zone_5A Cool Humid,urb,sfh,s1,1.0
C-EEU-HUN,Zone_5A Cool Humid,urb,sfh,s2,1.0
C-EEU-HUN,Zone_5A Cool Humid,urb,sfh,s3,1.0
C-EEU-HUN,Zone_5A Cool Humid,urb,sfh,s51_std,1.0
C-EEU-HUN,Zone_5A Cool Humid,urb,sfh,s52_low,1.0
C-EEU-HUN,Zone_5A Cool Humid,urb,sfh,sr11_std,1.0
C-EEU-HUN,Zone_5A Cool Humid,urb,sfh,sr12_low,1.0
C-EEU-HUN,Zone_5A Cool Humid,urb,sfh,sr21_std,1.0
C-EEU-HUN,Zone_5A Cool Humid,urb,sfh,sr22_low,1.0
C-EEU-HUN,Zone_5A Cool Humid,urb,sfh,sr31_std,1.0
C-EEU-HUN,Zone_5A Cool Humid,urb,sfh,sr32_low,1.0
C-EEU-LTU,Zone_5A Cool Humid,rur,inf,ns,1.0
C-EEU-LTU,Zone_5A Cool Humid,rur,mfh,s1,1.0
C-EEU-LTU,Zone_5A Cool Humid,rur,mfh,s2,1.0
C-EEU-LTU,Zone_5A Cool Humid,rur,mfh,s3,1.0
C-EEU-LTU,Zone_5A Cool Humid,rur,mfh,s51_std,1.0
C-EEU-LTU,Zone_5A Cool Humid,rur,mfh,s52_low,1.0
C-EEU-LTU,Zone_5A Cool Humid,rur,mfh,sr11_std,1.0
C-EEU-LTU,Zone_5A Cool Humid,rur,mfh,sr12_low,1.0
C-EEU-LTU,Zone_5A Cool Humid,rur,mfh,sr21_std,1.0
C-EEU-LTU,Zone_5A Cool Humid,rur,mfh,sr22_low,1.0
C-EEU-LTU,Zone_5A Cool Humid,rur,mfh,sr31_std,1.0
C-EEU-LTU,Zone_5A Cool Humid,rur,mfh,sr32_low,1.0
C-EEU-LTU,Zone_5A Cool Humid,rur,sfh,s1,1.0
C-EEU-LTU,Zone_5A Cool Humid,rur,sfh,s2,1.0
C-EEU-LTU,Zone_5A Cool Humid,rur,sfh,s3,1.0
C-EEU-LTU,Zone_5A Cool Humid,rur,sfh,s51_std,1.0
C-EEU-LTU,Zone_5A Cool Humid,rur,sfh,s52_low,1.0
C-EEU-LTU,Zone_5A Cool Humid,rur,sfh,sr11_std,1.0
C-EEU-LTU,Zone_5A Cool Humid,rur,sfh,sr12_low,1.0
C-EEU-LTU,Zone_5A Cool Humid,rur,sfh,sr21_std,1.0
C-EEU-LTU,Zone_5A Cool Humid,rur,sfh,sr22_low,1.0
C-EEU-LTU,Zone_5A Cool Humid,rur,sfh,sr31_std,1.0
C-EEU-LTU,Zone_5A Cool Humid,rur,sfh,sr32_low,1.0
C-EEU-LTU,Zone_5A Cool Humid,urb,inf,ns,1.0
C-EEU-LTU,Zone_5A Cool Humid,urb,mfh,s1,1.0
C-EEU-LTU,Zone_5A Cool Humid,urb,mfh,s2,1.0
C-EEU-LTU,Zone_5A Cool Humid,urb,mfh,s3,1.0
C-EEU-LTU,Zone_5A Cool Humid,urb,mfh,s51_std,1.0
C-EEU-LTU,Zone_5A Cool Humid,urb,mfh,s52_low,1.0
C-EEU-LTU,Zone_5A Cool Humid,urb,mfh,sr11_std,1.0
C-EEU-LTU,Zone_5A Cool Humid,urb,mfh,sr12_low,1.0
C-EEU-LTU,Zone_5A Cool Humid,urb,mfh,sr21_std,1.0
C-EEU-LTU,Zone_5A Cool Humid,urb,mfh,sr22_low,1.0
C-EEU-LTU,Zone_5A Cool Humid,urb,mfh,sr31_std,1.0
C-EEU-LTU,Zone_5A Cool Humid,urb,mfh,sr32_low,1.0
C-EEU-LTU,Zone_5A Cool Humid,urb,sfh,s1,1.0
C-EEU-LTU,Zone_5A Cool Humid,urb,sfh,s2,1.0
C-EEU-LTU,Zone_5A Cool Humid,urb,sfh,s3,1.0
C-EEU-LTU,Zone_5A Cool Humid,urb,sfh,s51_std,1.0
C-EEU-LTU,Zone_5A Cool Humid,urb,sfh,s52_low,1.0
C-EEU-LTU,Zone_5A Cool Humid,urb,sfh,sr11_std,1.0
C-EEU-LTU,Zone_5A Cool Humid,urb,sfh,sr12_low,1.0
C-EEU-LTU,Zone_5A Cool Humid,urb,sfh,sr21_std,1.0
C-EEU-LTU,Zone_5A Cool Humid,urb,sfh,sr22_low,1.0
C-EEU-LTU,Zone_5A Cool Humid,urb,sfh,sr31_std,1.0
C-EEU-LTU,Zone_5A Cool Humid,urb,sfh,sr32_low,1.0
C-EEU-LTU,Zone_6A Cold Humid,rur,inf,ns,1.0
C-EEU-LTU,Zone_6A Cold Humid,rur,mfh,s1,1.0
C-EEU-LTU,Zone_6A Cold Humid,rur,mfh,s2,1.0
C-EEU-LTU,Zone_6A Cold Humid,rur,mfh,s3,1.0
C-EEU-LTU,Zone_6A Cold Humid,rur,mfh,s51_std,1.0
C-EEU-LTU,Zone_6A Cold Humid,rur,mfh,s52_low,1.0
C-EEU-LTU,Zone_6A Cold Humid,rur,mfh,sr11_std,1.0
C-EEU-LTU,Zone_6A Cold Humid,rur,mfh,sr12_low,1.0
C-EEU-LTU,Zone_6A Cold Humid,rur,mfh,sr21_std,1.0
C-EEU-LTU,Zone_6A Cold Humid,rur,mfh,sr22_low,1.0
C-EEU-LTU,Zone_6A Cold Humid,rur,mfh,sr31_std,1.0
C-EEU-LTU,Zone_6A Cold Humid,rur,mfh,sr32_low,1.0
C-EEU-LTU,Zone_6A Cold Humid,rur,sfh,s1,1.0
C-EEU-LTU,Zone_6A Cold Humid,rur,sfh,s2,1.0
C-EEU-LTU,Zone_6A Cold Humid,rur,sfh,s3,1.0
C-EEU-LTU,Zone_6A Cold Humid,rur,sfh,s51_std,1.0
C-EEU-LTU,Zone_6A Cold Humid,rur,sfh,s52_low,1.0
C-EEU-LTU,Zone_6A Cold Humid,rur,sfh,sr11_std,1.0
C-EEU-LTU,Zone_6A Cold Humid,rur,sfh,sr12_low,1.0
C-EEU-LTU,Zone_6A Cold Humid,rur,sfh,sr21_std,1.0
C-EEU-LTU,Zone_6A Cold Humid,rur,sfh,sr22_low,1.0
C-EEU-LTU,Zone_6A Cold Humid,rur,sfh,sr31_std,1.0
C-EEU-LTU,Zone_6A Cold Humid,rur,sfh,sr32_low,1.0
C-EEU-LTU,Zone_6A Cold Humid,urb,inf,ns,1.0
C-EEU-LTU,Zone_6A Cold Humid,urb,mfh,s1,1.0
C-EEU-LTU,Zone_6A Cold Humid,urb,mfh,s2,1.0
C-EEU-LTU,Zone_6A Cold Humid,urb,mfh,s3,1.0
C-EEU-LTU,Zone_6A Cold Humid,urb,mfh,s51_std,1.0
C-EEU-LTU,Zone_6A Cold Humid,urb,mfh,s52_low,1.0
C-EEU-LTU,Zone_6A Cold Humid,urb,mfh,sr11_std,1.0
C-EEU-LTU,Zone_6A Cold Humid,urb,mfh,sr12_low,1.0
C-EEU-LTU,Zone_6A Cold Humid,urb,mfh,sr21_std,1.0
C-EEU-LTU,Zone_6A Cold Humid,urb,mfh,sr22_low,1.0
C-EEU-LTU,Zone_6A Cold Humid,urb,mfh,sr31_std,1.0
C-EEU-LTU,Zone_6A Cold Humid,urb,mfh,sr32_low,1.0
C-EEU-LTU,Zone_6A Cold Humid,urb,sfh,s1,1.0
C-EEU-LTU,Zone_6A Cold Humid,urb,sfh,s2,1.0
C-EEU-LTU,Zone_6A Cold Humid,urb,sfh,s3,1.0
C-EEU-LTU,Zone_6A Cold Humid,urb,sfh,s51_std,1.0
C-EEU-LTU,Zone_6A Cold Humid,urb,sfh,s52_low,1.0
C-EEU-LTU,Zone_6A Cold Humid,urb,sfh,sr11_std,1.0
C-EEU-LTU,Zone_6A Cold Humid,urb,sfh,sr12_low,1.0
C-EEU-LTU,Zone_6A Cold Humid,urb,sfh,sr21_std,1.0
C-EEU-LTU,Zone_6A Cold Humid,urb,sfh,sr22_low,1.0
C-EEU-LTU,Zone_6A Cold Humid,urb,sfh,sr31_std,1.0
C-EEU-LTU,Zone_6A Cold Humid,urb,sfh,sr32_low,1.0
C-EEU-LVA,Zone_6A Cold Humid,rur,inf,ns,1.0
C-EEU-LVA,Zone_6A Cold Humid,rur,mfh,s1,1.0
C-EEU-LVA,Zone_6A Cold Humid,rur,mfh,s2,1.0
C-EEU-LVA,Zone_6A Cold Humid,rur,mfh,s3,1.0
C-EEU-LVA,Zone_6A Cold Humid,rur,mfh,s51_std,1.0
C-EEU-LVA,Zone_6A Cold Humid,rur,mfh,s52_low,1.0
C-EEU-LVA,Zone_6A Cold Humid,rur,mfh,sr11_std,1.0
C-EEU-LVA,Zone_6A Cold Humid,rur,mfh,sr12_low,1.0
C-EEU-LVA,Zone_6A Cold Humid,rur,mfh,sr21_std,1.0
C-EEU-LVA,Zone_6A Cold Humid,rur,mfh,sr22_low,1.0
C-EEU-LVA,Zone_6A Cold Humid,rur,mfh,sr31_std,1.0
C-EEU-LVA,Zone_6A Cold Humid,rur,mfh,sr32_low,1.0
C-EEU-LVA,Zone_6A Cold Humid,rur,sfh,s1,1.0
C-EEU-LVA,Zone_6A Cold Humid,rur,sfh,s2,1.0
C-EEU-LVA,Zone_6A Cold Humid,rur,sfh,s3,1.0
C-EEU-LVA,Zone_6A Cold Humid,rur,sfh,s51_std,1.0
C-EEU-LVA,Zone_6A Cold Humid,rur,sfh,s52_low,1.0
C-EEU-LVA,Zone_6A Cold Humid,rur,sfh,sr11_std,1.0
C-EEU-LVA,Zone_6A Cold Humid,rur,sfh,sr12_low,1.0
C-EEU-LVA,Zone_6A Cold Humid,rur,sfh,sr21_std,1.0
C-EEU-LVA,Zone_6A Cold Humid,rur,sfh,sr22_low,1.0
C-EEU-LVA,Zone_6A Cold Humid,rur,sfh,sr31_std,1.0
C-EEU-LVA,Zone_6A Cold Humid,rur,sfh,sr32_low,1.0
C-EEU-LVA,Zone_6A Cold Humid,urb,inf,ns,1.0
C-EEU-LVA,Zone_6A Cold Humid,urb,mfh,s1,1.0
C-EEU-LVA,Zone_6A Cold Humid,urb,mfh,s2,1.0
C-EEU-LVA,Zone_6A Cold Humid,urb,mfh,s3,1.0
C-EEU-LVA,Zone_6A Cold Humid,urb,mfh,s51_std,1.0
C-EEU-LVA,Zone_6A Cold Humid,urb,mfh,s52_low,1.0
C-EEU-LVA,Zone_6A Cold Humid,urb,mfh,sr11_std,1.0
C-EEU-LVA,Zone_6A Cold Humid,urb,mfh,sr12_low,1.0
C-EEU-LVA,Zone_6A Cold Humid,urb,mfh,sr21_std,1.0
C-EEU-LVA,Zone_6A Cold Humid,urb,mfh,sr22_low,1.0
C-EEU-LVA,Zone_6A Cold Humid,urb,mfh,sr31_std,1.0
C-EEU-LVA,Zone_6A Cold Humid,urb,mfh,sr32_low,1.0
C-EEU-LVA,Zone_6A Cold Humid,urb,sfh,s1,1.0
C-EEU-LVA,Zone_6A Cold Humid,urb,sfh,s2,1.0
C-EEU-LVA,Zone_6A Cold Humid,urb,sfh,s3,1.0
C-EEU-LVA,Zone_6A Cold Humid,urb,sfh,s51_std,1.0
C-EEU-LVA,Zone_6A Cold Humid,urb,sfh,s52_low,1.0
C-EEU-LVA,Zone_6A Cold Humid,urb,sfh,sr11_std,1.0
C-EEU-LVA,Zone_6A Cold Humid,urb,sfh,sr12_low,1.0
C-EEU-LVA,Zone_6A Cold Humid,urb,sfh,sr21_std,1.0
C-EEU-LVA,Zone_6A Cold Humid,urb,sfh,sr22_low,1.0
C-EEU-LVA,Zone_6A Cold Humid,urb,sfh,sr31_std,1.0
C-EEU-LVA,Zone_6A Cold Humid,urb,sfh,sr32_low,1.0
C-EEU-POL,Zone_5A Cool Humid,rur,inf,ns,0.99999
C-EEU-POL,Zone_5A Cool Humid,rur,mfh,s1,1.0
C-EEU-POL,Zone_5A Cool Humid,rur,mfh,s2,1.0
C-EEU-POL,Zone_5A Cool Humid,rur,mfh,s3,1.0
C-EEU-POL,Zone_5A Cool Humid,rur,mfh,s51_std,1.0
C-EEU-POL,Zone_5A Cool Humid,rur,mfh,s52_low,1.0
C-EEU-POL,Zone_5A Cool Humid,rur,mfh,sr11_std,1.0
C-EEU-POL,Zone_5A Cool Humid,rur,mfh,sr12_low,1.0
C-EEU-POL,Zone_5A Cool Humid,rur,mfh,sr21_std,1.0
C-EEU-POL,Zone_5A Cool Humid,rur,mfh,sr22_low,1.0
C-EEU-POL,Zone_5A Cool Humid,rur,mfh,sr31_std,1.0
C-EEU-POL,Zone_5A Cool Humid,rur,mfh,sr32_low,1.0
C-EEU-POL,Zone_5A Cool Humid,rur,sfh,s1,0.99999
C-EEU-POL,Zone_5A Cool Humid,rur,sfh,s2,0.99999
C-EEU-POL,Zone_5A Cool Humid,rur,sfh,s3,0.99999
C-EEU-POL,Zone_5A Cool Humid,rur,sfh,s51_std,1.0
C-EEU-POL,Zone_5A Cool Humid,rur,sfh,s52_low,1.0
C-EEU-POL,Zone_5A Cool Humid,rur,sfh,sr11_std,0.99999
C-EEU-POL,Zone_5A Cool Humid,rur,sfh,sr12_low,0.99999
C-EEU-POL,Zone_5A Cool Humid,rur,sfh,sr21_std,0.99999
C-EEU-POL,Zone_5A Cool Humid,rur,sfh,sr22_low,0.99999
C-EEU-POL,Zone_5A Cool Humid,rur,sfh,sr31_std,0.99999
C-EEU-POL,Zone_5A Cool Humid,rur,sfh,sr32_low,0.99999
C-EEU-POL,Zone_5A Cool Humid,urb,inf,ns,1.0
C-EEU-POL,Zone_5A Cool Humid,urb,mfh,s1,1.0
C-EEU-POL,Zone_5A Cool Humid,urb,mfh,s2,1.0
C-EEU-POL,Zone_5A Cool Humid,urb,mfh,s3,1.0
C-EEU-POL,Zone_5A Cool Humid,urb,mfh,s51_std,1.0
C-EEU-POL,Zone_5A Cool Humid,urb,mfh,s52_low,1.0
C-EEU-POL,Zone_5A Cool Humid,urb,mfh,sr11_std,1.0
C-EEU-POL,Zone_5A Cool Humid,urb,mfh,sr12_low,1.0
C-EEU-POL,Zone_5A Cool Humid,urb,mfh,sr21_std,1.0
C-EEU-POL,Zone_5A Cool Humid,urb,mfh,sr22_low,1.0
C-EEU-POL,Zone_5A Cool Humid,urb,mfh,sr31_std,1.0
C-EEU-POL,Zone_5A Cool Humid,urb,mfh,sr32_low,1.0
C-EEU-POL,Zone_5A Cool Humid,urb,sfh,s1,1.0
C-EEU-POL,Zone_5A Cool Humid,urb,sfh,s2,1.0
C-EEU-POL,Zone_5A Cool Humid,urb,sfh,s3,1.0
C-EEU-POL,Zone_5A Cool Humid,urb,sfh,s51_std,1.0
C-EEU-POL,Zone_5A Cool Humid,urb,sfh,s52_low,1.0
C-EEU-POL,Zone_5A Cool Humid,urb,sfh,sr11_std,1.0
C-EEU-POL,Zone_5A Cool Humid,urb,sfh,sr12_low,1.0
C-EEU-POL,Zone_5A Cool Humid,urb,sfh,sr21_std,1.0
C-EEU-POL,Zone_5A Cool Humid,urb,sfh,sr22_low,1.0
C-EEU-POL,Zone_5A Cool Humid,urb,sfh,sr31_std,1.0
C-EEU-POL,Zone_5A Cool Humid,urb,sfh,sr32_low,1.0
C-EEU-POL,Zone_6A Cold Humid,rur,inf,ns,0.99999
C-EEU-POL,Zone_6A Cold Humid,rur,mfh,s1,1.0
C-EEU-POL,Zone_6A Cold Humid,rur,mfh,s2,1.0
C-EEU-POL,Zone_6A Cold Humid,rur,mfh,s3,1.0
C-EEU-POL,Zone_6A Cold Humid,rur,mfh,s51_std,1.0
C-EEU-POL,Zone_6A Cold Humid,rur,mfh,s52_low,1.0
C-EEU-POL,Zone_6A Cold Humid,rur,mfh,sr11_std,1.0
C-EEU-POL,Zone_6A Cold Humid,rur,mfh,sr12_low,1.0
C-EEU-POL,Zone_6A Cold Humid,rur,mfh,sr21_std,1.0
C-EEU-POL,Zone_6A Cold Humid,rur,mfh,sr22_low,1.0
C-EEU-POL,Zone_6A Cold Humid,rur,mfh,sr31_std,1.0
C-EEU-POL,Zone_6A Cold Humid,rur,mfh,sr32_low,1.0
C-EEU-POL,Zone_6A Cold Humid,rur,sfh,s1,0.99999
C-EEU-POL,Zone_6A Cold Humid,rur,sfh,s2,0.99999
C-EEU-POL,Zone_6A Cold Humid,rur,sfh,s3,0.99999
C-EEU-POL,Zone_6A Cold Humid,rur,sfh,s51_std,1.0
C-EEU-POL,Zone_6A Cold Humid,rur,sfh,s52_low,1.0
C-EEU-POL,Zone_6A Cold Humid,rur,sfh,sr11_std,0.99999
C-EEU-POL,Zone_6A Cold Humid,rur,sfh,sr12_low,0.99999
C-EEU-POL,Zone_6A Cold Humid,rur,sfh,sr21_std,0.99999
C-EEU-POL,Zone_6A Cold Humid,rur,sfh,sr22_low,0.99999
C-EEU-POL,Zone_6A Cold Humid,rur,sfh,sr31_std,0.99999
C-EEU-POL,Zone_6A Cold Humid,rur,sfh,sr32_low,0.99999
C-EEU-POL,Zone_6A Cold Humid,urb,inf,ns,1.0
C-EEU-POL,Zone_6A Cold Humid,urb,mfh,s1,1.0
C-EEU-POL,Zone_6A Cold Humid,urb,mfh,s2,1.0
C-EEU-POL,Zone_6A Cold Humid,urb,mfh,s3,1.0
C-EEU-POL,Zone_6A Cold Humid,urb,mfh,s51_std,1.0
C-EEU-POL,Zone_6A Cold Humid,urb,mfh,s52_low,1.0
C-EEU-POL,Zone_6A Cold Humid,urb,mfh,sr11_std,1.0
C-EEU-POL,Zone_6A Cold Humid,urb,mfh,sr12_low,1.0
C-EEU-POL,Zone_6A Cold Humid,urb,mfh,sr21_std,1.0
C-EEU-POL,Zone_6A Cold Humid,urb,mfh,sr22_low,1.0
C-EEU-POL,Zone_6A Cold Humid,urb,mfh,sr31_std,1.0
C-EEU-POL,Zone_6A Cold Humid,urb,mfh,sr32_low,1.0
C-EEU-POL,Zone_6A Cold Humid,urb,sfh,s1,1.0
C-EEU-POL,Zone_6A Cold Humid,urb,sfh,s2,1.0
C-EEU-POL,Zone_6A Cold Humid,urb,sfh,s3,1.0
C-EEU-POL,Zone_6A Cold Humid,urb,sfh,s51_std,1.0
C-EEU-POL,Zone_6A Cold Humid,urb,sfh,s52_low,1.0
C-EEU-POL,Zone_6A Cold Humid,urb,sfh,sr11_std,1.0
C-EEU-POL,Zone_6A Cold Humid,urb,sfh,sr12_low,1.0
C-EEU-POL,Zone_6A Cold Humid,urb,sfh,sr21_std,1.0
C-EEU-POL,Zone_6A Cold Humid,urb,sfh,sr22_low,1.0
C-EEU-POL,Zone_6A Cold Humid,urb,sfh,sr31_std,1.0
C-EEU-POL,Zone_6A Cold Humid,urb,sfh,sr32_low,1.0
C-EEU-ROU,Zone_4A Mixed Humid,rur,inf,ns,1.0
C-EEU-ROU,Zone_4A Mixed Humid,rur,mfh,s1,1.0
C-EEU-ROU,Zone_4A Mixed Humid,rur,mfh,s2,1.0
C-EEU-ROU,Zone_4A Mixed Humid,rur,mfh,s3,1.0
C-EEU-ROU,Zone_4A Mixed Humid,rur,mfh,s51_std,1.0
C-EEU-ROU,Zone_4A Mixed Humid,rur,mfh,s52_low,1.0
C-EEU-ROU,Zone_4A Mixed Humid,rur,mfh,sr11_std,1.0
C-EEU-ROU,Zone_4A Mixed Humid,rur,mfh,sr12_low,1.0
C-EEU-ROU,Zone_4A Mixed Humid,rur,mfh,sr21_std,1.0
C-EEU-ROU,Zone_4A Mixed Humid,rur,mfh,sr22_low,1.0
C-EEU-ROU,Zone_4A Mixed Humid,rur,mfh,sr31_std,1.0
C-EEU-ROU,Zone_4A Mixed Humid,rur,mfh,sr32_low,1.0
C-EEU-ROU,Zone_4A Mixed Humid,rur,sfh,s1,1.0
C-EEU-ROU,Zone_4A Mixed Humid,rur,sfh,s2,1.0
C-EEU-ROU,Zone_4A Mixed Humid,rur,sfh,s3,1.0
C-EEU-ROU,Zone_4A Mixed Humid,rur,sfh,s51_std,1.0
C-EEU-ROU,Zone_4A Mixed Humid,rur,sfh,s52_low,1.0
C-EEU-ROU,Zone_4A Mixed Humid,rur,sfh,sr11_std,1.0
C-EEU-ROU,Zone_4A Mixed Humid,rur,sfh,sr12_low,1.0
C-EEU-ROU,Zone_4A Mixed Humid,rur,sfh,sr21_std,1.0
C-EEU-ROU,Zone_4A Mixed Humid,rur,sfh,sr22_low,1.0
C-EEU-ROU,Zone_4A Mixed Humid,rur,sfh,sr31_std,1.0
C-EEU-ROU,Zone_4A Mixed Humid,rur,sfh,sr32_low,1.0
C-EEU-ROU,Zone_4A Mixed Humid,urb,inf,ns,1.0
C-EEU-ROU,Zone_4A Mixed Humid,urb,mfh,s1,1.0
C-EEU-ROU,Zone_4A Mixed Humid,urb,mfh,s2,1.0
C-EEU-ROU,Zone_4A Mixed Humid,urb,mfh,s3,1.0
C-EEU-ROU,Zone_4A Mixed Humid,urb,mfh,s51_std,1.0
C-EEU-ROU,Zone_4A Mixed Humid,urb,mfh,s52_low,1.0
C-EEU-ROU,Zone_4A Mixed Humid,urb,mfh,sr11_std,1.0
C-EEU-ROU,Zone_4A Mixed Humid,urb,mfh,sr12_low,1.0
C-EEU-ROU,Zone_4A Mixed Humid,urb,mfh,sr21_std,1.0
C-EEU-ROU,Zone_4A Mixed Humid,urb,mfh,sr22_low,1.0
C-EEU-ROU,Zone_4A Mixed Humid,urb,mfh,sr31_std,1.0
C-EEU-ROU,Zone_4A Mixed Humid,urb,mfh,sr32_low,1.0
C-EEU-ROU,Zone_4A Mixed Humid,urb,sfh,s1,1.0
C-EEU-ROU,Zone_4A Mixed Humid,urb,sfh,s2,1.0
C-EEU-ROU,Zone_4A Mixed Humid,urb,sfh,s3,1.0
C-EEU-ROU,Zone_4A Mixed Humid,urb,sfh,s51_std,1.0
C-EEU-ROU,Zone_4A Mixed Humid,urb,sfh,s52_low,1.0
C-EEU-ROU,Zone_4A Mixed Humid,urb,sfh,sr11_std,1.0
C-EEU-ROU,Zone_4A Mixed Humid,urb,sfh,sr12_low,1.0
C-EEU-ROU,Zone_4A Mixed Humid,urb,sfh,sr21_std,1.0
C-EEU-ROU,Zone_4A Mixed Humid,urb,sfh,sr22_low,1.0
C-EEU-ROU,Zone_4A Mixed Humid,urb,sfh,sr31_std,1.0
C-EEU-ROU,Zone_4A Mixed Humid,urb,sfh,sr32_low,1.0
C-EEU-ROU,Zone_5A Cool Humid,rur,inf,ns,0.95421
C-EEU-ROU,Zone_5A Cool Humid,rur,mfh,s1,1.0
C-EEU-ROU,Zone_5A Cool Humid,rur,mfh,s2,1.0
C-EEU-ROU,Zone_5A Cool Humid,rur,mfh,s3,1.0
C-EEU-ROU,Zone_5A Cool Humid,rur,mfh,s51_std,1.0
C-EEU-ROU,Zone_5A Cool Humid,rur,mfh,s52_low,1.0
C-EEU-ROU,Zone_5A Cool Humid,rur,mfh,sr11_std,1.0
C-EEU-ROU,Zone_5A Cool Humid,rur,mfh,sr12_low,1.0
C-EEU-ROU,Zone_5A Cool Humid,rur,mfh,sr21_std,1.0
C-EEU-ROU,Zone_5A Cool Humid,rur,mfh,sr22_low,1.0
C-EEU-ROU,Zone_5A Cool Humid,rur,mfh,sr31_std,1.0
C-EEU-ROU,Zone_5A Cool Humid,rur,mfh,sr32_low,1.0
C-EEU-ROU,Zone_5A Cool Humid,rur,sfh,s1,0.95421
C-EEU-ROU,Zone_5A Cool Humid,rur,sfh,s2,0.95421
C-EEU-ROU,Zone_5A Cool Humid,rur,sfh,s3,0.95421
C-EEU-ROU,Zone_5A Cool Humid,rur,sfh,s51_std,0.97371
C-EEU-ROU,Zone_5A Cool Humid,rur,sfh,s52_low,1.0
C-EEU-ROU,Zone_5A Cool Humid,rur,sfh,sr11_std,0.95421
C-EEU-ROU,Zone_5A Cool Humid,rur,sfh,sr12_low,0.95421
C-EEU-ROU,Zone_5A Cool Humid,rur,sfh,sr21_std,0.95421
C-EEU-ROU,Zone_5A Cool Humid,rur,sfh,sr22_low,0.95421
C-EEU-ROU,Zone_5A Cool Humid,rur,sfh,sr31_std,0.95421
C-EEU-ROU,Zone_5A Cool Humid,rur,sfh,sr32_low,0.95421
C-EEU-ROU,Zone_5A Cool Humid,urb,inf,ns,0.96458
C-EEU-ROU,Zone_5A Cool Humid,urb,mfh,s1,1.0
C-EEU-ROU,Zone_5A Cool Humid,urb,mfh,s2,1.0
C-EEU-ROU,Zone_5A Cool Humid,urb,mfh,s3,1.0
C-EEU-ROU,Zone_5A Cool Humid,urb,mfh,s51_std,1.0
C-EEU-ROU,Zone_5A Cool Humid,urb,mfh,s52_low,1.0
C-EEU-ROU,Zone_5A Cool Humid,urb,mfh,sr11_std,1.0
C-EEU-ROU,Zone_5A Cool Humid,urb,mfh,sr12_low,1.0
C-EEU-ROU,Zone_5A Cool Humid,urb,mfh,sr21_std,1.0
C-EEU-ROU,Zone_5A Cool Humid,urb,mfh,sr22_low,1.0
C-EEU-ROU,Zone_5A Cool Humid,urb,mfh,sr31_std,1.0
C-EEU-ROU,Zone_5A Cool Humid,urb,mfh,sr32_low,1.0
C-EEU-ROU,Zone_5A Cool Humid,urb,sfh,s1,0.96458
C-EEU-ROU,Zone_5A Cool Humid,urb,sfh,s2,0.96458
C-EEU-ROU,Zone_5A Cool Humid,urb,sfh,s3,0.96458
C-EEU-ROU,Zone_5A Cool Humid,urb,sfh,s51_std,0.97108
C-EEU-ROU,Zone_5A Cool Humid,urb,sfh,s52_low,1.0
C-EEU-ROU,Zone_5A Cool Humid,urb,sfh,sr11_std,0.96458
C-EEU-ROU,Zone_5A Cool Humid,urb,sfh,sr12_low,0.96458
C-EEU-ROU,Zone_5A Cool Humid,urb,sfh,sr21_std,0.96458
C-EEU-ROU,Zone_5A Cool Humid,urb,sfh,sr22_low,0.96458
C-EEU-ROU,Zone_5A Cool Humid,urb,sfh,sr31_std,0.96458
C-EEU-ROU,Zone_5A Cool Humid,urb,sfh,sr32_low,0.96458
C-EEU-ROU,Zone_6A Cold Humid,rur,inf,ns,0.25128
C-EEU-ROU,Zone_6A Cold Humid,rur,mfh,s1,0.46412
C-EEU-ROU,Zone_6A Cold Humid,rur,mfh,s2,0.41686
C-EEU-ROU,Zone_6A Cold Humid,rur,mfh,s3,0.5914
C-EEU-ROU,Zone_6A Cold Humid,rur,mfh,s51_std,0.76139
C-EEU-ROU,Zone_6A Cold Humid,rur,mfh,s52_low,1.0
C-EEU-ROU,Zone_6A Cold Humid,rur,mfh,sr11_std,0.46412
C-EEU-ROU,Zone_6A Cold Humid,rur,mfh,sr12_low,0.46412
C-EEU-ROU,Zone_6A Cold Humid,rur,mfh,sr21_std,0.41686
C-EEU-ROU,Zone_6A Cold Humid,rur,mfh,sr22_low,0.41686
C-EEU-ROU,Zone_6A Cold Humid,rur,mfh,sr31_std,0.5914
C-EEU-ROU,Zone_6A Cold Humid,rur,mfh,sr32_low,0.5914
C-EEU-ROU,Zone_6A Cold Humid,rur,sfh,s1,0.12564
C-EEU-ROU,Zone_6A Cold Humid,rur,sfh,s2,0.0
C-EEU-ROU,Zone_6A Cold Humid,rur,sfh,s3,0.19933
C-EEU-ROU,Zone_6A Cold Humid,rur,sfh,s51_std,0.34285
C-EEU-ROU,Zone_6A Cold Humid,rur,sfh,s52_low,0.76139
C-EEU-ROU,Zone_6A Cold Humid,rur,sfh,sr11_std,0.12564
C-EEU-ROU,Zone_6A Cold Humid,rur,sfh,sr12_low,0.12564
C-EEU-ROU,Zone_6A Cold Humid,rur,sfh,sr21_std,0.0
C-EEU-ROU,Zone_6A Cold Humid,rur,sfh,sr22_low,0.0
C-EEU-ROU,Zone_6A Cold Humid,rur,sfh,sr31_std,0.19933
C-EEU-ROU,Zone_6A Cold Humid,rur,sfh,sr32_low,0.19933
C-EEU-ROU,Zone_6A Cold Humid,urb,inf,ns,0.11023
C-EEU-ROU,Zone_6A Cold Humid,urb,mfh,s1,0.55825
C-EEU-ROU,Zone_6A Cold Humid,urb,mfh,s2,0.50552
C-EEU-ROU,Zone_6A Cold Humid,urb,mfh,s3,0.73382
C-EEU-ROU,Zone_6A Cold Humid,urb,mfh,s51_std,0.90267
C-EEU-ROU,Zone_6A Cold Humid,urb,mfh,s52_low,1.0
C-EEU-ROU,Zone_6A Cold Humid,urb,mfh,sr11_std,0.55825
C-EEU-ROU,Zone_6A Cold Humid,urb,mfh,sr12_low,0.55825
C-EEU-ROU,Zone_6A Cold Humid,urb,mfh,sr21_std,0.50552
C-EEU-ROU,Zone_6A Cold Humid,urb,mfh,sr22_low,0.50552
C-EEU-ROU,Zone_6A Cold Humid,urb,mfh,sr31_std,0.73382
C-EEU-ROU,Zone_6A Cold Humid,urb,mfh,sr32_low,0.73382
C-EEU-ROU,Zone_6A Cold Humid,urb,sfh,s1,0.05511
C-EEU-ROU,Zone_6A Cold Humid,urb,sfh,s2,0.0
C-EEU-ROU,Zone_6A Cold Humid,urb,sfh,s3,0.16579
C-EEU-ROU,Zone_6A Cold Humid,urb,sfh,s51_std,0.45875
C-EEU-ROU,Zone_6A Cold Humid,urb,sfh,s52_low,0.90267
C-EEU-ROU,Zone_6A Cold Humid,urb,sfh,sr11_std,0.05511
C-EEU-ROU,Zone_6A Cold Humid,urb,sfh,sr12_low,0.05511
C-EEU-ROU,Zone_6A Cold Humid,urb,sfh,sr21_std,0.0
C-EEU-ROU,Zone_6A Cold Humid,urb,sfh,sr22_low,0.0
C-EEU-ROU,Zone_6A Cold Humid,urb,sfh,sr31_std,0.16579
C-EEU-ROU,Zone_6A Cold Humid,urb,sfh,sr32_low,0.16579
C-EEU-SVK,Zone_5A Cool Humid,rur,inf,ns,1.0
C-EEU-SVK,Zone_5A Cool Humid,rur,mfh,s1,1.0
C-EEU-SVK,Zone_5A Cool Humid,rur,mfh,s2,1.0
C-EEU-SVK,Zone_5A Cool Humid,rur,mfh,s3,1.0
C-EEU-SVK,Zone_5A Cool Humid,rur,mfh,s51_std,1.0
C-EEU-SVK,Zone_5A Cool Humid,rur,mfh,s52_low,1.0
C-EEU-SVK,Zone_5A Cool Humid,rur,mfh,sr11_std,1.0
C-EEU-SVK,Zone_5A Cool Humid,rur,mfh,sr12_low,1.0
C-EEU-SVK,Zone_5A Cool Humid,rur,mfh,sr21_std,1.0
C-EEU-SVK,Zone_5A Cool Humid,rur,mfh,sr22_low,1.0
C-EEU-SVK,Zone_5A Cool Humid,rur,mfh,sr31_std,1.0
C-EEU-SVK,Zone_5A Cool Humid,rur,mfh,sr32_low,1.0
C-EEU-SVK,Zone_5A Cool Humid,rur,sfh,s1,1.0
C-EEU-SVK,Zone_5A Cool Humid,rur,sfh,s2,0.96421
C-EEU-SVK,Zone_5A Cool Humid,rur,sfh,s3,1.0
C-EEU-SVK,Zone_5A Cool Humid,rur,sfh,s51_std,1.0
C-EEU-SVK,Zone_5A Cool Humid,rur,sfh,s52_low,1.0
C-EEU-SVK,Zone_5A Cool Humid,rur,sfh,sr11_std,1.0
C-EEU-SVK,Zone_5A Cool Humid,rur,sfh,sr12_low,1.0
C-EEU-SVK,Zone_5A Cool Humid,rur,sfh,sr21_std,0.96421
C-EEU-SVK,Zone_5A Cool Humid,rur,sfh,sr22_low,0.96421
C-EEU-SVK,Zone_5A Cool Humid,rur,sfh,sr31_std,1.0
C-EEU-SVK,Zone_5A Cool Humid,rur,sfh,sr32_low,1.0
C-EEU-SVK,Zone_5A Cool Humid,urb,inf,ns,1.0
C-EEU-SVK,Zone_5A Cool Humid,urb,mfh,s1,1.0
C-EEU-SVK,Zone_5A Cool Humid,urb,mfh,s2,1.0
C-EEU-SVK,Zone_5A Cool Humid,urb,mfh,s3,1.0
C-EEU-SVK,Zone_5A Cool Humid,urb,mfh,s51_std,1.0
C-EEU-SVK,Zone_5A Cool Humid,urb,mfh,s52_low,1.0
C-EEU-SVK,Zone_5A Cool Humid,urb,mfh,sr11_std,1.0
C-EEU-SVK,Zone_5A Cool Humid,urb,mfh,sr12_low,1.0
C-EEU-SVK,Zone_5A Cool Humid,urb,mfh,sr21_std,1.0
C-EEU-SVK,Zone_5A Cool Humid,urb,mfh,sr22_low,1.0
C-EEU-SVK,Zone_5A Cool Humid,urb,mfh,sr31_std,1.0
C-EEU-SVK,Zone_5A Cool Humid,urb,mfh,sr32_low,1.0
C-EEU-SVK,Zone_5A Cool Humid,urb,sfh,s1,1.0
C-EEU-SVK,Zone_5A Cool Humid,urb,sfh,s2,0.99665
C-EEU-SVK,Zone_5A Cool Humid,urb,sfh,s3,1.0
C-EEU-SVK,Zone_5A Cool Humid,urb,sfh,s51_std,1.0
C-EEU-SVK,Zone_5A Cool Humid,urb,sfh,s52_low,1.0
C-EEU-SVK,Zone_5A Cool Humid,urb,sfh,sr11_std,1.0
C-EEU-SVK,Zone_5A Cool Humid,urb,sfh,sr12_low,1.0
C-EEU-SVK,Zone_5A Cool Humid,urb,sfh,sr21_std,0.99665
C-EEU-SVK,Zone_5A Cool Humid,urb,sfh,sr22_low,0.99665
C-EEU-SVK,Zone_5A Cool Humid,urb,sfh,sr31_std,1.0
C-EEU-SVK,Zone_5A Cool Humid,urb,sfh,sr32_low,1.0
C-EEU-SVK,Zone_6A Cold Humid,rur,inf,ns,0.82045
C-EEU-SVK,Zone_6A Cold Humid,rur,mfh,s1,0.42349
C-EEU-SVK,Zone_6A Cold Humid,rur,mfh,s2,0.42349
C-EEU-SVK,Zone_6A Cold Humid,rur,mfh,s3,0.7575
C-EEU-SVK,Zone_6A Cold Humid,rur,mfh,s51_std,0.91844
C-EEU-SVK,Zone_6A Cold Humid,rur,mfh,s52_low,1.0
C-EEU-SVK,Zone_6A Cold Humid,rur,mfh,sr11_std,0.42349
C-EEU-SVK,Zone_6A Cold Humid,rur,mfh,sr12_low,0.42349
C-EEU-SVK,Zone_6A Cold Humid,rur,mfh,sr21_std,0.42349
C-EEU-SVK,Zone_6A Cold Humid,rur,mfh,sr22_low,0.42349
C-EEU-SVK,Zone_6A Cold Humid,rur,mfh,sr31_std,0.7575
C-EEU-SVK,Zone_6A Cold Humid,rur,mfh,sr32_low,0.7575
C-EEU-SVK,Zone_6A Cold Humid,rur,sfh,s1,0.29227
C-EEU-SVK,Zone_6A Cold Humid,rur,sfh,s2,0.29227
C-EEU-SVK,Zone_6A Cold Humid,rur,sfh,s3,0.29227
C-EEU-SVK,Zone_6A Cold Humid,rur,sfh,s51_std,0.29227
C-EEU-SVK,Zone_6A Cold Humid,rur,sfh,s52_low,0.91844
C-EEU-SVK,Zone_6A Cold Humid,rur,sfh,sr11_std,0.29227
C-EEU-SVK,Zone_6A Cold Humid,rur,sfh,sr12_low,0.29227
C-EEU-SVK,Zone_6A Cold Humid,rur,sfh,sr21_std,0.29227
C-EEU-SVK,Zone_6A Cold Humid,rur,sfh,sr22_low,0.29227
C-EEU-SVK,Zone_6A Cold Humid,rur,sfh,sr31_std,0.29227
C-EEU-SVK,Zone_6A Cold Humid,rur,sfh,sr32_low,0.29227
C-EEU-SVK,Zone_6A Cold Humid,urb,inf,ns,0.85813
C-EEU-SVK,Zone_6A Cold Humid,urb,mfh,s1,0.63901
C-EEU-SVK,Zone_6A Cold Humid,urb,mfh,s2,0.63901
C-EEU-SVK,Zone_6A Cold Humid,urb,mfh,s3,0.82154
C-EEU-SVK,Zone_6A Cold Humid,urb,mfh,s51_std,0.8797
C-EEU-SVK,Zone_6A Cold Humid,urb,mfh,s52_low,1.0
C-EEU-SVK,Zone_6A Cold Humid,urb,mfh,sr11_std,0.63901
C-EEU-SVK,Zone_6A Cold Humid,urb,mfh,sr12_low,0.63901
C-EEU-SVK,Zone_6A Cold Humid,urb,mfh,sr21_std,0.63901
C-EEU-SVK,Zone_6A Cold Humid,urb,mfh,sr22_low,0.63901
C-EEU-SVK,Zone_6A Cold Humid,urb,mfh,sr31_std,0.82154
C-EEU-SVK,Zone_6A Cold Humid,urb,mfh,sr32_low,0.82154
C-EEU-SVK,Zone_6A Cold Humid,urb,sfh,s1,0.45643
C-EEU-SVK,Zone_6A Cold Humid,urb,sfh,s2,0.45643
C-EEU-SVK,Zone_6A Cold Humid,urb,sfh,s3,0.45643
C-EEU-SVK,Zone_6A Cold Humid,urb,sfh,s51_std,0.45643
C-EEU-SVK,Zone_6A Cold Humid,urb,sfh,s52_low,0.8797
C-EEU-SVK,Zone_6A Cold Humid,urb,sfh,sr11_std,0.45643
C-EEU-SVK,Zone_6A Cold Humid,urb,sfh,sr12_low,0.45643
C-EEU-SVK,Zone_6A Cold Humid,urb,sfh,sr21_std,0.45643
C-EEU-SVK,Zone_6A Cold Humid,urb,sfh,sr22_low,0.45643
C-EEU-SVK,Zone_6A Cold Humid,urb,sfh,sr31_std,0.45643
C-EEU-SVK,Zone_6A Cold Humid,urb,sfh,sr32_low,0.45643
C-EEU-SVN,Zone_4A Mixed Humid,rur,inf,ns,0.75413
C-EEU-SVN,Zone_4A Mixed Humid,rur,mfh,s1,1.0
C-EEU-SVN,Zone_4A Mixed Humid,rur,mfh,s2,1.0
C-EEU-SVN,Zone_4A Mixed Humid,rur,mfh,s3,1.0
C-EEU-SVN,Zone_4A Mixed Humid,rur,mfh,s51_std,1.0
C-EEU-SVN,Zone_4A Mixed Humid,rur,mfh,s52_low,1.0
C-EEU-SVN,Zone_4A Mixed Humid,rur,mfh,sr11_std,1.0
C-EEU-SVN,Zone_4A Mixed Humid,rur,mfh,sr12_low,1.0
C-EEU-SVN,Zone_4A Mixed Humid,rur,mfh,sr21_std,1.0
C-EEU-SVN,Zone_4A Mixed Humid,rur,mfh,sr22_low,1.0
C-EEU-SVN,Zone_4A Mixed Humid,rur,mfh,sr31_std,1.0
C-EEU-SVN,Zone_4A Mixed Humid,rur,mfh,sr32_low,1.0
C-EEU-SVN,Zone_4A Mixed Humid,rur,sfh,s1,0.75413
C-EEU-SVN,Zone_4A Mixed Humid,rur,sfh,s2,0.47401
C-EEU-SVN,Zone_4A Mixed Humid,rur,sfh,s3,0.75413
C-EEU-SVN,Zone_4A Mixed Humid,rur,sfh,s51_std,1.0
C-EEU-SVN,Zone_4A Mixed Humid,rur,sfh,s52_low,1.0
C-EEU-SVN,Zone_4A Mixed Humid,rur,sfh,sr11_std,0.75413
C-EEU-SVN,Zone_4A Mixed Humid,rur,sfh,sr12_low,0.75413
C-EEU-SVN,Zone_4A Mixed Humid,rur,sfh,sr21_std,0.47401
C-EEU-SVN,Zone_4A Mixed Humid,rur,sfh,sr22_low,0.47401
C-EEU-SVN,Zone_4A Mixed Humid,rur,sfh,sr31_std,0.75413
C-EEU-SVN,Zone_4A Mixed Humid,rur,sfh,sr32_low,0.75413
C-EEU-SVN,Zone_4A Mixed Humid,urb,inf,ns,0.6857
C-EEU-SVN,Zone_4A Mixed Humid,urb,mfh,s1,1.0
C-EEU-SVN,Zone_4A Mixed Humid,urb,mfh,s2,1.0
C-EEU-SVN,Zone_4A Mixed Humid,urb,mfh,s3,1.0
C-EEU-SVN,Zone_4A Mixed Humid,urb,mfh,s51_std,1.0
C-EEU-SVN,Zone_4A Mixed Humid,urb,mfh,s52_low,1.0
C-EEU-SVN,Zone_4A Mixed Humid,urb,mfh,sr11_std,1.0
C-EEU-SVN,Zone_4A Mixed Humid,urb,mfh,sr12_low,1.0
C-EEU-SVN,Zone_4A Mixed Humid,urb,mfh,sr21_std,1.0
C-EEU-SVN,Zone_4A Mixed Humid,urb,mfh,sr22_low,1.0
C-EEU-SVN,Zone_4A Mixed Humid,urb,mfh,sr31_std,1.0
C-EEU-SVN,Zone_4A Mixed Humid,urb,mfh,sr32_low,1.0
C-EEU-SVN,Zone_4A Mixed Humid,urb,sfh,s1,0.6857
C-EEU-SVN,Zone_4A Mixed Humid,urb,sfh,s2,0.43374
C-EEU-SVN,Zone_4A Mixed Humid,urb,sfh,s3,0.6857
C-EEU-SVN,Zone_4A Mixed Humid,urb,sfh,s51_std,1.0
C-EEU-SVN,Zone_4A Mixed Humid,urb,sfh,s52_low,1.0
C-EEU-SVN,Zone_4A Mixed Humid,urb,sfh,sr11_std,0.6857
C-EEU-SVN,Zone_4A Mixed Humid,urb,sfh,sr12_low,0.6857
C-EEU-SVN,Zone_4A Mixed Humid,urb,sfh,sr21_std,0.43374
C-EEU-SVN,Zone_4A Mixed Humid,urb,sfh,sr22_low,0.43374
C-EEU-SVN,Zone_4A Mixed Humid,urb,sfh,sr31_std,0.6857
C-EEU-SVN,Zone_4A Mixed Humid,urb,sfh,sr32_low,0.6857
C-EEU-SVN,Zone_5A Cool Humid,rur,inf,ns,0.75413
C-EEU-SVN,Zone_5A Cool Humid,rur,mfh,s1,1.0
C-EEU-SVN,Zone_5A Cool Humid,rur,mfh,s2,1.0
C-EEU-SVN,Zone_5A Cool Humid,rur,mfh,s3,1.0
C-EEU-SVN,Zone_5A Cool Humid,rur,mfh,s51_std,1.0
C-EEU-SVN,Zone_5A Cool Humid,rur,mfh,s52_low,1.0
C-EEU-SVN,Zone_5A Cool Humid,rur,mfh,sr11_std,1.0
C-EEU-SVN,Zone_5A Cool Humid,rur,mfh,sr12_low,1.0
C-EEU-SVN,Zone_5A Cool Humid,rur,mfh,sr21_std,1.0
C-EEU-SVN,Zone_5A Cool Humid,rur,mfh,sr22_low,1.0
C-EEU-SVN,Zone_5A Cool Humid,rur,mfh,sr31_std,1.0
C-EEU-SVN,Zone_5A Cool Humid,rur,mfh,sr32_low,1.0
C-EEU-SVN,Zone_5A Cool Humid,rur,sfh,s1,0.75413
C-EEU-SVN,Zone_5A Cool Humid,rur,sfh,s2,0.47401
C-EEU-SVN,Zone_5A Cool Humid,rur,sfh,s3,0.75413
C-EEU-SVN,Zone_5A Cool Humid,rur,sfh,s51_std,1.0
C-EEU-SVN,Zone_5A Cool Humid,rur,sfh,s52_low,1.0
C-EEU-SVN,Zone_5A Cool Humid,rur,sfh,sr11_std,0.75413
C-EEU-SVN,Zone_5A Cool Humid,rur,sfh,sr12_low,0.75413
C-EEU-SVN,Zone_5A Cool Humid,rur,sfh,sr21_std,0.47401
C-EEU-SVN,Zone_5A Cool Humid,rur,sfh,sr22_low,0.47401
C-EEU-SVN,Zone_5A Cool Humid,rur,sfh,sr31_std,0.75413
C-EEU-SVN,Zone_5A Cool Humid,rur,sfh,sr32_low,0.75413
C-EEU-SVN,Zone_5A Cool Humid,urb,inf,ns,0.6857
C-EEU-SVN,Zone_5A Cool Humid,urb,mfh,s1,1.0
C-EEU-SVN,Zone_5A Cool Humid,urb,mfh,s2,1.0
C-EEU-SVN,Zone_5A Cool Humid,urb,mfh,s3,1.0
C-EEU-SVN,Zone_5A Cool Humid,urb,mfh,s51_std,1.0
C-EEU-SVN,Zone_5A Cool Humid,urb,mfh,s52_low,1.0
C-EEU-SVN,Zone_5A Cool Humid,urb,mfh,sr11_std,1.0
C-EEU-SVN,Zone_5A Cool Humid,urb,mfh,sr12_low,1.0
C-EEU-SVN,Zone_5A Cool Humid,urb,mfh,sr21_std,1.0
C-EEU-SVN,Zone_5A Cool Humid,urb,mfh,sr22_low,1.0
C-EEU-SVN,Zone_5A Cool Humid,urb,mfh,sr31_std,1.0
C-EEU-SVN,Zone_5A Cool Humid,urb,mfh,sr32_low,1.0
C-EEU-SVN,Zone_5A Cool Humid,urb,sfh,s1,0.6857
C-EEU-SVN,Zone_5A Cool Humid,urb,sfh,s2,0.43374
C-EEU-SVN,Zone_5A Cool Humid,urb,sfh,s3,0.6857
C-EEU-SVN,Zone_5A Cool Humid,urb,sfh,s51_std,1.0
C-EEU-SVN,Zone_5A Cool Humid,urb,sfh,s52_low,1.0
C-EEU-SVN,Zone_5A Cool Humid,urb,sfh,sr11_std,0.6857
C-EEU-SVN,Zone_5A Cool Humid,urb,sfh,sr12_low,0.6857
C-EEU-SVN,Zone_5A Cool Humid,urb,sfh,sr21_std,0.43374
C-EEU-SVN,Zone_5A Cool Humid,urb,sfh,sr22_low,0.43374
C-EEU-SVN,Zone_5A Cool Humid,urb,sfh,sr31_std,0.6857
C-EEU-SVN,Zone_5A Cool Humid,urb,sfh,sr32_low,0.6857
C-EEU-SVN,Zone_7A Very cold Humid,rur,inf,ns,0.21292
C-EEU-SVN,Zone_7A Very cold Humid,rur,mfh,s1,0.51825
C-EEU-SVN,Zone_7A Very cold Humid,rur,mfh,s2,0.71388
C-EEU-SVN,Zone_7A Very cold Humid,rur,mfh,s3,0.93851
C-EEU-SVN,Zone_7A Very cold Humid,rur,mfh,s51_std,0.97158
C-EEU-SVN,Zone_7A Very cold Humid,rur,mfh,s52_low,0.99869
C-EEU-SVN,Zone_7A Very cold Humid,rur,mfh,sr11_std,0.51825
C-EEU-SVN,Zone_7A Very cold Humid,rur,mfh,sr12_low,0.51825
C-EEU-SVN,Zone_7A Very cold Humid,rur,mfh,sr21_std,0.71388
C-EEU-SVN,Zone_7A Very cold Humid,rur,mfh,sr22_low,0.71388
C-EEU-SVN,Zone_7A Very cold Humid,rur,mfh,sr31_std,0.93851
C-EEU-SVN,Zone_7A Very cold Humid,rur,mfh,sr32_low,0.93851
C-EEU-SVN,Zone_7A Very cold Humid,rur,sfh,s1,0.10646
C-EEU-SVN,Zone_7A Very cold Humid,rur,sfh,s2,0.31723
C-EEU-SVN,Zone_7A Very cold Humid,rur,sfh,s3,0.62207
C-EEU-SVN,Zone_7A Very cold Humid,rur,sfh,s51_std,0.76392
C-EEU-SVN,Zone_7A Very cold Humid,rur,sfh,s52_low,0.9464
C-EEU-SVN,Zone_7A Very cold Humid,rur,sfh,sr11_std,0.10646
C-EEU-SVN,Zone_7A Very cold Humid,rur,sfh,sr12_low,0.10646
C-EEU-SVN,Zone_7A Very cold Humid,rur,sfh,sr21_std,0.31723
C-EEU-SVN,Zone_7A Very cold Humid,rur,sfh,sr22_low,0.31723
C-EEU-SVN,Zone_7A Very cold Humid,rur,sfh,sr31_std,0.62207
C-EEU-SVN,Zone_7A Very cold Humid,rur,sfh,sr32_low,0.62207
C-EEU-SVN,Zone_7A Very cold Humid,urb,inf,ns,0.21566
C-EEU-SVN,Zone_7A Very cold Humid,urb,mfh,s1,0.58549
C-EEU-SVN,Zone_7A Very cold Humid,urb,mfh,s2,0.70225
C-EEU-SVN,Zone_7A Very cold Humid,urb,mfh,s3,1.0
C-EEU-SVN,Zone_7A Very cold Humid,urb,mfh,s51_std,1.0
C-EEU-SVN,Zone_7A Very cold Humid,urb,mfh,s52_low,1.0
C-EEU-SVN,Zone_7A Very cold Humid,urb,mfh,sr11_std,0.58549
C-EEU-SVN,Zone_7A Very cold Humid,urb,mfh,sr12_low,0.58549
C-EEU-SVN,Zone_7A Very cold Humid,urb,mfh,sr21_std,0.70225
C-EEU-SVN,Zone_7A Very cold Humid,urb,mfh,sr22_low,0.70225
C-EEU-SVN,Zone_7A Very cold Humid,urb,mfh,sr31_std,1.0
C-EEU-SVN,Zone_7A Very cold Humid,urb,mfh,sr32_low,1.0
C-EEU-SVN,Zone_7A Very cold Humid,urb,sfh,s1,0.10783
C-EEU-SVN,Zone_7A Very cold Humid,urb,sfh,s2,0.3651
C-EEU-SVN,Zone_7A Very cold Humid,urb,sfh,s3,0.59614
C-EEU-SVN,Zone_7A Very cold Humid,urb,sfh,s51_std,0.72087
C-EEU-SVN,Zone_7A Very cold Humid,urb,sfh,s52_low,1.0
C-EEU-SVN,Zone_7A Very cold Humid,urb,sfh,sr11_std,0.10783
C-EEU-SVN,Zone_7A Very cold Humid,urb,sfh,sr12_low,0.10783
C-EEU-SVN,Zone_7A Very cold Humid,urb,sfh,sr21_std,0.3651
C-EEU-SVN,Zone_7A Very cold Humid,urb,sfh,sr22_low,0.3651
C-EEU-SVN,Zone_7A Very cold Humid,urb,sfh,sr31_std,0.59614
C-EEU-SVN,Zone_7A Very cold Humid,urb,sfh,sr32_low,0.59614
C-WEU-AUT,Zone_4A Mixed Humid,rur,inf,ns,1.0
C-WEU-AUT,Zone_4A Mixed Humid,rur,mfh,s1,1.0
C-WEU-AUT,Zone_4A Mixed Humid,rur,mfh,s2,1.0
C-WEU-AUT,Zone_4A Mixed Humid,rur,mfh,s3,1.0
C-WEU-AUT,Zone_4A Mixed Humid,rur,mfh,s51_std,1.0
C-WEU-AUT,Zone_4A Mixed Humid,rur,mfh,s52_low,1.0
C-WEU-AUT,Zone_4A Mixed Humid,rur,mfh,sr11_std,1.0
C-WEU-AUT,Zone_4A Mixed Humid,rur,mfh,sr12_low,1.0
C-WEU-AUT,Zone_4A Mixed Humid,rur,mfh,sr21_std,1.0
C-WEU-AUT,Zone_4A Mixed Humid,rur,mfh,sr22_low,1.0
C-WEU-AUT,Zone_4A Mixed Humid,rur,mfh,sr31_std,1.0
C-WEU-AUT,Zone_4A Mixed Humid,rur,mfh,sr32_low,1.0
C-WEU-AUT,Zone_4A Mixed Humid,rur,sfh,s1,1.0
C-WEU-AUT,Zone_4A Mixed Humid,rur,sfh,s2,1.0
C-WEU-AUT,Zone_4A Mixed Humid,rur,sfh,s3,1.0
C-WEU-AUT,Zone_4A Mixed Humid,rur,sfh,s51_std,1.0
C-WEU-AUT,Zone_4A Mixed Humid,rur,sfh,s52_low,1.0
C-WEU-AUT,Zone_4A Mixed Humid,rur,sfh,sr11_std,1.0
C-WEU-AUT,Zone_4A Mixed Humid,rur,sfh,sr12_low,1.0
C-WEU-AUT,Zone_4A Mixed Humid,rur,sfh,sr21_std,1.0
C-WEU-AUT,Zone_4A Mixed Humid,rur,sfh,sr22_low,1.0
C-WEU-AUT,Zone_4A Mixed Humid,rur,sfh,sr31_std,1.0
C-WEU-AUT,Zone_4A Mixed Humid,rur,sfh,sr32_low,1.0
C-WEU-AUT,Zone_4A Mixed Humid,urb,inf,ns,1.0
C-WEU-AUT,Zone_4A Mixed Humid,urb,mfh,s1,1.0
C-WEU-AUT,Zone_4A Mixed Humid,urb,mfh,s2,1.0
C-WEU-AUT,Zone_4A Mixed Humid,urb,mfh,s3,1.0
C-WEU-AUT,Zone_4A Mixed Humid,urb,mfh,s51_std,1.0
C-WEU-AUT,Zone_4A Mixed Humid,urb,mfh,s52_low,1.0
C-WEU-AUT,Zone_4A Mixed Humid,urb,mfh,sr11_std,1.0
C-WEU-AUT,Zone_4A Mixed Humid,urb,mfh,sr12_low,1.0
C-WEU-AUT,Zone_4A Mixed Humid,urb,mfh,sr21_std,1.0
C-WEU-AUT,Zone_4A Mixed Humid,urb,mfh,sr22_low,1.0
C-WEU-AUT,Zone_4A Mixed Humid,urb,mfh,sr31_std,1.0
C-WEU-AUT,Zone_4A Mixed Humid,urb,mfh,sr32_low,1.0
C-WEU-AUT,Zone_4A Mixed Humid,urb,sfh,s1,1.0
C-WEU-AUT,Zone_4A Mixed Humid,urb,sfh,s2,1.0
C-WEU-AUT,Zone_4A Mixed Humid,urb,sfh,s3,1.0
C-WEU-AUT,Zone_4A Mixed Humid,urb,sfh,s51_std,1.0
C-WEU-AUT,Zone_4A Mixed Humid,urb,sfh,s52_low,1.0
C-WEU-AUT,Zone_4A Mixed Humid,urb,sfh,sr11_std,1.0
C-WEU-AUT,Zone_4A Mixed Humid,urb,sfh,sr12_low,1.0
C-WEU-AUT,Zone_4A Mixed Humid,urb,sfh,sr21_std,1.0
C-WEU-AUT,Zone_4A Mixed Humid,urb,sfh,sr22_low,1.0
C-WEU-AUT,Zone_4A Mixed Humid,urb,sfh,sr31_std,1.0
C-WEU-AUT,Zone_4A Mixed Humid,urb,sfh,sr32_low,1.0
C-WEU-AUT,Zone_5A Cool Humid,rur,inf,ns,0.78458
C-WEU-AUT,Zone_5A Cool Humid,rur,mfh,s1,0.89116
C-WEU-AUT,Zone_5A Cool Humid,rur,mfh,s2,1.0
C-WEU-AUT,Zone_5A Cool Humid,rur,mfh,s3,1.0
C-WEU-AUT,Zone_5A Cool Humid,rur,mfh,s51_std,1.0
C-WEU-AUT,Zone_5A Cool Humid,rur,mfh,s52_low,1.0
C-WEU-AUT,Zone_5A Cool Humid,rur,mfh,sr11_std,0.89116
C-WEU-AUT,Zone_5A Cool Humid,rur,mfh,sr12_low,0.89116
C-WEU-AUT,Zone_5A Cool Humid,rur,mfh,sr21_std,1.0
C-WEU-AUT,Zone_5A Cool Humid,rur,mfh,sr22_low,1.0
C-WEU-AUT,Zone_5A Cool Humid,rur,mfh,sr31_std,1.0
C-WEU-AUT,Zone_5A Cool Humid,rur,mfh,sr32_low,1.0
C-WEU-AUT,Zone_5A Cool Humid,rur,sfh,s1,0.78458
C-WEU-AUT,Zone_5A Cool Humid,rur,sfh,s2,0.78458
C-WEU-AUT,Zone_5A Cool Humid,rur,sfh,s3,0.92664
C-WEU-AUT,Zone_5A Cool Humid,rur,sfh,s51_std,1.0
C-WEU-AUT,Zone_5A Cool Humid,rur,sfh,s52_low,1.0
C-WEU-AUT,Zone_5A Cool Humid,rur,sfh,sr11_std,0.78458
C-WEU-AUT,Zone_5A Cool Humid,rur,sfh,sr12_low,0.78458
C-WEU-AUT,Zone_5A Cool Humid,rur,sfh,sr21_std,0.78458
C-WEU-AUT,Zone_5A Cool Humid,rur,sfh,sr22_low,0.78458
C-WEU-AUT,Zone_5A Cool Humid,rur,sfh,sr31_std,0.92664
C-WEU-AUT,Zone_5A Cool Humid,rur,sfh,sr32_low,0.92664
C-WEU-AUT,Zone_5A Cool Humid,urb,inf,ns,0.85254
C-WEU-AUT,Zone_5A Cool Humid,urb,mfh,s1,0.89909
C-WEU-AUT,Zone_5A Cool Humid,urb,mfh,s2,1.0
C-WEU-AUT,Zone_5A Cool Humid,urb,mfh,s3,1.0
C-WEU-AUT,Zone_5A Cool Humid,urb,mfh,s51_std,1.0
C-WEU-AUT,Zone_5A Cool Humid,urb,mfh,s52_low,1.0
C-WEU-AUT,Zone_5A Cool Humid,urb,mfh,sr11_std,0.89909
C-WEU-AUT,Zone_5A Cool Humid,urb,mfh,sr12_low,0.89909
C-WEU-AUT,Zone_5A Cool Humid,urb,mfh,sr21_std,1.0
C-WEU-AUT,Zone_5A Cool Humid,urb,mfh,sr22_low,1.0
C-WEU-AUT,Zone_5A Cool Humid,urb,mfh,sr31_std,1.0
C-WEU-AUT,Zone_5A Cool Humid,urb,mfh,sr32_low,1.0
C-WEU-AUT,Zone_5A Cool Humid,urb,sfh,s1,0.85254
C-WEU-AUT,Zone_5A Cool Humid,urb,sfh,s2,0.85254
C-WEU-AUT,Zone_5A Cool Humid,urb,sfh,s3,0.94926
C-WEU-AUT,Zone_5A Cool Humid,urb,sfh,s51_std,1.0
C-WEU-AUT,Zone_5A Cool Humid,urb,sfh,s52_low,1.0
C-WEU-AUT,Zone_5A Cool Humid,urb,sfh,sr11_std,0.85254
C-WEU-AUT,Zone_5A Cool Humid,urb,sfh,sr12_low,0.85254
C-WEU-AUT,Zone_5A Cool Humid,urb,sfh,sr21_std,0.85254
C-WEU-AUT,Zone_5A Cool Humid,urb,sfh,sr22_low,0.85254
C-WEU-AUT,Zone_5A Cool Humid,urb,sfh,sr31_std,0.94926
C-WEU-AUT,Zone_5A Cool Humid,urb,sfh,sr32_low,0.94926
C-WEU-AUT,Zone_6A Cold Humid,rur,inf,ns,0.0
C-WEU-AUT,Zone_6A Cold Humid,rur,mfh,s1,0.0
C-WEU-AUT,Zone_6A Cold Humid,rur,mfh,s2,0.0
C-WEU-AUT,Zone_6A Cold Humid,rur,mfh,s3,0.42612
C-WEU-AUT,Zone_6A Cold Humid,rur,mfh,s51_std,0.69569
C-WEU-AUT,Zone_6A Cold Humid,rur,mfh,s52_low,0.7606
C-WEU-AUT,Zone_6A Cold Humid,rur,mfh,sr11_std,0.0
C-WEU-AUT,Zone_6A Cold Humid,rur,mfh,sr12_low,0.0
C-WEU-AUT,Zone_6A Cold Humid,rur,mfh,sr21_std,0.0
C-WEU-AUT,Zone_6A Cold Humid,rur,mfh,sr22_low,0.0
C-WEU-AUT,Zone_6A Cold Humid,rur,mfh,sr31_std,0.42612
C-WEU-AUT,Zone_6A Cold Humid,rur,mfh,sr32_low,0.42612
C-WEU-AUT,Zone_6A Cold Humid,rur,sfh,s1,0.0
C-WEU-AUT,Zone_6A Cold Humid,rur,sfh,s2,0.0
C-WEU-AUT,Zone_6A Cold Humid,rur,sfh,s3,0.0
C-WEU-AUT,Zone_6A Cold Humid,rur,sfh,s51_std,0.0
C-WEU-AUT,Zone_6A Cold Humid,rur,sfh,s52_low,0.51995
C-WEU-AUT,Zone_6A Cold Humid,rur,sfh,sr11_std,0.0
C-WEU-AUT,Zone_6A Cold Humid,rur,sfh,sr12_low,0.0
C-WEU-AUT,Zone_6A Cold Humid,rur,sfh,sr21_std,0.0
C-WEU-AUT,Zone_6A Cold Humid,rur,sfh,sr22_low,0.0
C-WEU-AUT,Zone_6A Cold Humid,rur,sfh,sr31_std,0.0
C-WEU-AUT,Zone_6A Cold Humid,rur,sfh,sr32_low,0.0
C-WEU-AUT,Zone_6A Cold Humid,urb,inf,ns,0.0
C-WEU-AUT,Zone_6A Cold Humid,urb,mfh,s1,0.0
C-WEU-AUT,Zone_6A Cold Humid,urb,mfh,s2,0.0
C-WEU-AUT,Zone_6A Cold Humid,urb,mfh,s3,0.8661
C-WEU-AUT,Zone_6A Cold Humid,urb,mfh,s51_std,0.90778
C-WEU-AUT,Zone_6A Cold Humid,urb,mfh,s52_low,0.9222
C-WEU-AUT,Zone_6A Cold Humid,urb,mfh,sr11_std,0.0
C-WEU-AUT,Zone_6A Cold Humid,urb,mfh,sr12_low,0.0
C-WEU-AUT,Zone_6A Cold Humid,urb,mfh,sr21_std,0.0
C-WEU-AUT,Zone_6A Cold Humid,urb,mfh,sr22_low,0.0
C-WEU-AUT,Zone_6A Cold Humid,urb,mfh,sr31_std,0.8661
C-WEU-AUT,Zone_6A Cold Humid,urb,mfh,sr32_low,0.8661
C-WEU-AUT,Zone_6A Cold Humid,urb,sfh,s1,0.0
C-WEU-AUT,Zone_6A Cold Humid,urb,sfh,s2,0.0
C-WEU-AUT,Zone_6A Cold Humid,urb,sfh,s3,0.0
C-WEU-AUT,Zone_6A Cold Humid,urb,sfh,s51_std,0.0
C-WEU-AUT,Zone_6A Cold Humid,urb,sfh,s52_low,0.90204
C-WEU-AUT,Zone_6A Cold Humid,urb,sfh,sr11_std,0.0
C-WEU-AUT,Zone_6A Cold Humid,urb,sfh,sr12_low,0.0
C-WEU-AUT,Zone_6A Cold Humid,urb,sfh,sr21_std,0.0
C-WEU-AUT,Zone_6A Cold Humid,urb,sfh,sr22_low,0.0
C-WEU-AUT,Zone_6A Cold Humid,urb,sfh,sr31_std,0.0
C-WEU-AUT,Zone_6A Cold Humid,urb,sfh,sr32_low,0.0
C-WEU-AUT,Zone_7A Very cold Humid,rur,inf,ns,0.0
C-WEU-AUT,Zone_7A Very cold Humid,rur,mfh,s1,0.0
C-WEU-AUT,Zone_7A Very cold Humid,rur,mfh,s2,0.0
C-WEU-AUT,Zone_7A Very cold Humid,rur,mfh,s3,0.42612
C-WEU-AUT,Zone_7A Very cold Humid,rur,mfh,s51_std,0.69569
C-WEU-AUT,Zone_7A Very cold Humid,rur,mfh,s52_low,0.7606
C-WEU-AUT,Zone_7A Very cold Humid,rur,mfh,sr11_std,0.0
C-WEU-AUT,Zone_7A Very cold Humid,rur,mfh,sr12_low,0.0
C-WEU-AUT,Zone_7A Very cold Humid,rur,mfh,sr21_std,0.0
C-WEU-AUT,Zone_7A Very cold Humid,rur,mfh,sr22_low,0.0
C-WEU-AUT,Zone_7A Very cold Humid,rur,mfh,sr31_std,0.42612
C-WEU-AUT,Zone_7A Very cold Humid,rur,mfh,sr32_low,0.42612
C-WEU-AUT,Zone_7A Very cold Humid,rur,sfh,s1,0.0
C-WEU-AUT,Zone_7A Very cold Humid,rur,sfh,s2,0.0
C-WEU-AUT,Zone_7A Very cold Humid,rur,sfh,s3,0.0
C-WEU-AUT,Zone_7A Very cold Humid,rur,sfh,s51_std,0.0
C-WEU-AUT,Zone_7A Very cold Humid,rur,sfh,s52_low,0.51995
C-WEU-AUT,Zone_7A Very cold Humid,rur,sfh,sr11_std,0.0
C-WEU-AUT,Zone_7A Very cold Humid,rur,sfh,sr12_low,0.0
C-WEU-AUT,Zone_7A Very cold Humid,rur,sfh,sr21_std,0.0
C-WEU-AUT,Zone_7A Very cold Humid,rur,sfh,sr22_low,0.0
C-WEU-AUT,Zone_7A Very cold Humid,rur,sfh,sr31_std,0.0
C-WEU-AUT,Zone_7A Very cold Humid,rur,sfh,sr32_low,0.0
C-WEU-AUT,Zone_7A Very cold Humid,urb,inf,ns,0.0
C-WEU-AUT,Zone_7A Very cold Humid,urb,mfh,s1,0.0
C-WEU-AUT,Zone_7A Very cold Humid,urb,mfh,s2,0.0
C-WEU-AUT,Zone_7A Very cold Humid,urb,mfh,s3,0.8661
C-WEU-AUT,Zone_7A Very cold Humid,urb,mfh,s51_std,0.90778
C-WEU-AUT,Zone_7A Very cold Humid,urb,mfh,s52_low,0.9222
C-WEU-AUT,Zone_7A Very cold Humid,urb,mfh,sr11_std,0.0
C-WEU-AUT,Zone_7A Very cold Humid,urb,mfh,sr12_low,0.0
C-WEU-AUT,Zone_7A Very cold Humid,urb,mfh,sr21_std,0.0
C-WEU-AUT,Zone_7A Very cold Humid,urb,mfh,sr22_low,0.0
C-WEU-AUT,Zone_7A Very cold Humid,urb,mfh,sr31_std,0.8661
C-WEU-AUT,Zone_7A Very cold Humid,urb,mfh,sr32_low,0.8661
C-WEU-AUT,Zone_7A Very cold Humid,urb,sfh,s1,0.0
C-WEU-AUT,Zone_7A Very cold Humid,urb,sfh,s2,0.0
C-WEU-AUT,Zone_7A Very cold Humid,urb,sfh,s3,0.0
C-WEU-AUT,Zone_7A Very cold Humid,urb,sfh,s51_std,0.0
C-WEU-AUT,Zone_7A Very cold Humid,urb,sfh,s52_low,0.90204
C-WEU-AUT,Zone_7A Very cold Humid,urb,sfh,sr11_std,0.0
C-WEU-AUT,Zone_7A Very cold Humid,urb,sfh,sr12_low,0.0
C-WEU-AUT,Zone_7A Very cold Humid,urb,sfh,sr21_std,0.0
C-WEU-AUT,Zone_7A Very cold Humid,urb,sfh,sr22_low,0.0
C-WEU-AUT,Zone_7A Very cold Humid,urb,sfh,sr31_std,0.0
C-WEU-AUT,Zone_7A Very cold Humid,urb,sfh,sr32_low,0.0
C-WEU-BEL,Zone_4A Mixed Humid,rur,inf,ns,1.0
C-WEU-BEL,Zone_4A Mixed Humid,rur,mfh,s1,1.0
C-WEU-BEL,Zone_4A Mixed Humid,rur,mfh,s2,1.0
C-WEU-BEL,Zone_4A Mixed Humid,rur,mfh,s3,1.0
C-WEU-BEL,Zone_4A Mixed Humid,rur,mfh,s51_std,1.0
C-WEU-BEL,Zone_4A Mixed Humid,rur,mfh,s52_low,1.0
C-WEU-BEL,Zone_4A Mixed Humid,rur,mfh,sr11_std,1.0
C-WEU-BEL,Zone_4A Mixed Humid,rur,mfh,sr12_low,1.0
C-WEU-BEL,Zone_4A Mixed Humid,rur,mfh,sr21_std,1.0
C-WEU-BEL,Zone_4A Mixed Humid,rur,mfh,sr22_low,1.0
C-WEU-BEL,Zone_4A Mixed Humid,rur,mfh,sr31_std,1.0
C-WEU-BEL,Zone_4A Mixed Humid,rur,mfh,sr32_low,1.0
C-WEU-BEL,Zone_4A Mixed Humid,rur,sfh,s1,1.0
C-WEU-BEL,Zone_4A Mixed Humid,rur,sfh,s2,1.0
C-WEU-BEL,Zone_4A Mixed Humid,rur,sfh,s3,1.0
C-WEU-BEL,Zone_4A Mixed Humid,rur,sfh,s51_std,1.0
C-WEU-BEL,Zone_4A Mixed Humid,rur,sfh,s52_low,1.0
C-WEU-BEL,Zone_4A Mixed Humid,rur,sfh,sr11_std,1.0
C-WEU-BEL,Zone_4A Mixed Humid,rur,sfh,sr12_low,1.0
C-WEU-BEL,Zone_4A Mixed Humid,rur,sfh,sr21_std,1.0
C-WEU-BEL,Zone_4A Mixed Humid,rur,sfh,sr22_low,1.0
C-WEU-BEL,Zone_4A Mixed Humid,rur,sfh,sr31_std,1.0
C-WEU-BEL,Zone_4A Mixed Humid,rur,sfh,sr32_low,1.0
C-WEU-BEL,Zone_4A Mixed Humid,urb,inf,ns,1.0
C-WEU-BEL,Zone_4A Mixed Humid,urb,mfh,s1,1.0
C-WEU-BEL,Zone_4A Mixed Humid,urb,mfh,s2,1.0
C-WEU-BEL,Zone_4A Mixed Humid,urb,mfh,s3,1.0
C-WEU-BEL,Zone_4A Mixed Humid,urb,mfh,s51_std,1.0
C-WEU-BEL,Zone_4A Mixed Humid,urb,mfh,s52_low,1.0
C-WEU-BEL,Zone_4A Mixed Humid,urb,mfh,sr11_std,1.0
C-WEU-BEL,Zone_4A Mixed Humid,urb,mfh,sr12_low,1.0
C-WEU-BEL,Zone_4A Mixed Humid,urb,mfh,sr21_std,1.0
C-WEU-BEL,Zone_4A Mixed Humid,urb,mfh,sr22_low,1.0
C-WEU-BEL,Zone_4A Mixed Humid,urb,mfh,sr31_std,1.0
C-WEU-BEL,Zone_4A Mixed Humid,urb,mfh,sr32_low,1.0
C-WEU-BEL,Zone_4A Mixed Humid,urb,sfh,s1,1.0
C-WEU-BEL,Zone_4A Mixed Humid,urb,sfh,s2,1.0
C-WEU-BEL,Zone_4A Mixed Humid,urb,sfh,s3,1.0
C-WEU-BEL,Zone_4A Mixed Humid,urb,sfh,s51_std,1.0
C-WEU-BEL,Zone_4A Mixed Humid,urb,sfh,s52_low,1.0
C-WEU-BEL,Zone_4A Mixed Humid,urb,sfh,sr11_std,1.0
C-WEU-BEL,Zone_4A Mixed Humid,urb,sfh,sr12_low,1.0
C-WEU-BEL,Zone_4A Mixed Humid,urb,sfh,sr21_std,1.0
C-WEU-BEL,Zone_4A Mixed Humid,urb,sfh,sr22_low,1.0
C-WEU-BEL,Zone_4A Mixed Humid,urb,sfh,sr31_std,1.0
C-WEU-BEL,Zone_4A Mixed Humid,urb,sfh,sr32_low,1.0
C-WEU-BEL,Zone_5A Cool Humid,rur,inf,ns,1.0
C-WEU-BEL,Zone_5A Cool Humid,rur,mfh,s1,1.0
C-WEU-BEL,Zone_5A Cool Humid,rur,mfh,s2,1.0
C-WEU-BEL,Zone_5A Cool Humid,rur,mfh,s3,1.0
C-WEU-BEL,Zone_5A Cool Humid,rur,mfh,s51_std,1.0
C-WEU-BEL,Zone_5A Cool Humid,rur,mfh,s52_low,1.0
C-WEU-BEL,Zone_5A Cool Humid,rur,mfh,sr11_std,1.0
C-WEU-BEL,Zone_5A Cool Humid,rur,mfh,sr12_low,1.0
C-WEU-BEL,Zone_5A Cool Humid,rur,mfh,sr21_std,1.0
C-WEU-BEL,Zone_5A Cool Humid,rur,mfh,sr22_low,1.0
C-WEU-BEL,Zone_5A Cool Humid,rur,mfh,sr31_std,1.0
C-WEU-BEL,Zone_5A Cool Humid,rur,mfh,sr32_low,1.0
C-WEU-BEL,Zone_5A Cool Humid,rur,sfh,s1,1.0
C-WEU-BEL,Zone_5A Cool Humid,rur,sfh,s2,1.0
C-WEU-BEL,Zone_5A Cool Humid,rur,sfh,s3,1.0
C-WEU-BEL,Zone_5A Cool Humid,rur,sfh,s51_std,1.0
C-WEU-BEL,Zone_5A Cool Humid,rur,sfh,s52_low,1.0
C-WEU-BEL,Zone_5A Cool Humid,rur,sfh,sr11_std,1.0
C-WEU-BEL,Zone_5A Cool Humid,rur,sfh,sr12_low,1.0
C-WEU-BEL,Zone_5A Cool Humid,rur,sfh,sr21_std,1.0
C-WEU-BEL,Zone_5A Cool Humid,rur,sfh,sr22_low,1.0
C-WEU-BEL,Zone_5A Cool Humid,rur,sfh,sr31_std,1.0
C-WEU-BEL,Zone_5A Cool Humid,rur,sfh,sr32_low,1.0
C-WEU-BEL,Zone_5A Cool Humid,urb,inf,ns,1.0
C-WEU-BEL,Zone_5A Cool Humid,urb,mfh,s1,1.0
C-WEU-BEL,Zone_5A Cool Humid,urb,mfh,s2,1.0
C-WEU-BEL,Zone_5A Cool Humid,urb,mfh,s3,1.0
C-WEU-BEL,Zone_5A Cool Humid,urb,mfh,s51_std,1.0
C-WEU-BEL,Zone_5A Cool Humid,urb,mfh,s52_low,1.0
C-WEU-BEL,Zone_5A Cool Humid,urb,mfh,sr11_std,1.0
C-WEU-BEL,Zone_5A Cool Humid,urb,mfh,sr12_low,1.0
C-WEU-BEL,Zone_5A Cool Humid,urb,mfh,sr21_std,1.0
C-WEU-BEL,Zone_5A Cool Humid,urb,mfh,sr22_low,1.0
C-WEU-BEL,Zone_5A Cool Humid,urb,mfh,sr31_std,1.0
C-WEU-BEL,Zone_5A Cool Humid,urb,mfh,sr32_low,1.0
C-WEU-BEL,Zone_5A Cool Humid,urb,sfh,s1,1.0
C-WEU-BEL,Zone_5A Cool Humid,urb,sfh,s2,1.0
C-WEU-BEL,Zone_5A Cool Humid,urb,sfh,s3,1.0
C-WEU-BEL,Zone_5A Cool Humid,urb,sfh,s51_std,1.0
C-WEU-BEL,Zone_5A Cool Humid,urb,sfh,s52_low,1.0
C-WEU-BEL,Zone_5A Cool Humid,urb,sfh,sr11_std,1.0
C-WEU-BEL,Zone_5A Cool Humid,urb,sfh,sr12_low,1.0
C-WEU-BEL,Zone_5A Cool Humid,urb,sfh,sr21_std,1.0
C-WEU-BEL,Zone_5A Cool Humid,urb,sfh,sr22_low,1.0
C-WEU-BEL,Zone_5A Cool Humid,urb,sfh,sr31_std,1.0
C-WEU-BEL,Zone_5A Cool Humid,urb,sfh,sr32_low,1.0
C-WEU-CYP,Zone_3A Warm Humid,rur,inf,ns,1.0
C-WEU-CYP,Zone_3A Warm Humid,rur,mfh,s1,1.0
C-WEU-CYP,Zone_3A Warm Humid,rur,mfh,s2,1.0
C-WEU-CYP,Zone_3A Warm Humid,rur,mfh,s3,1.0
C-WEU-CYP,Zone_3A Warm Humid,rur,mfh,s51_std,1.0
C-WEU-CYP,Zone_3A Warm Humid,rur,mfh,s52_low,1.0
C-WEU-CYP,Zone_3A Warm Humid,rur,mfh,sr11_std,1.0
C-WEU-CYP,Zone_3A Warm Humid,rur,mfh,sr12_low,1.0
C-WEU-CYP,Zone_3A Warm Humid,rur,mfh,sr21_std,1.0
C-WEU-CYP,Zone_3A Warm Humid,rur,mfh,sr22_low,1.0
C-WEU-CYP,Zone_3A Warm Humid,rur,mfh,sr31_std,1.0
C-WEU-CYP,Zone_3A Warm Humid,rur,mfh,sr32_low,1.0
C-WEU-CYP,Zone_3A Warm Humid,rur,sfh,s1,1.0
C-WEU-CYP,Zone_3A Warm Humid,rur,sfh,s2,1.0
C-WEU-CYP,Zone_3A Warm Humid,rur,sfh,s3,1.0
C-WEU-CYP,Zone_3A Warm Humid,rur,sfh,s51_std,1.0
C-WEU-CYP,Zone_3A Warm Humid,rur,sfh,s52_low,1.0
C-WEU-CYP,Zone_3A Warm Humid,rur,sfh,sr11_std,1.0
C-WEU-CYP,Zone_3A Warm Humid,rur,sfh,sr12_low,1.0
C-WEU-CYP,Zone_3A Warm Humid,rur,sfh,sr21_std,1.0
C-WEU-CYP,Zone_3A Warm Humid,rur,sfh,sr22_low,1.0
C-WEU-CYP,Zone_3A Warm Humid,rur,sfh,sr31_std,1.0
C-WEU-CYP,Zone_3A Warm Humid,rur,sfh,sr32_low,1.0
C-WEU-CYP,Zone_3A Warm Humid,urb,inf,ns,1.0
C-WEU-CYP,Zone_3A Warm Humid,urb,mfh,s1,1.0
C-WEU-CYP,Zone_3A Warm Humid,urb,mfh,s2,1.0
C-WEU-CYP,Zone_3A Warm Humid,urb,mfh,s3,1.0
C-WEU-CYP,Zone_3A Warm Humid,urb,mfh,s51_std,1.0
C-WEU-CYP,Zone_3A Warm Humid,urb,mfh,s52_low,1.0
C-WEU-CYP,Zone_3A Warm Humid,urb,mfh,sr11_std,1.0
C-WEU-CYP,Zone_3A Warm Humid,urb,mfh,sr12_low,1.0
C-WEU-CYP,Zone_3A Warm Humid,urb,mfh,sr21_std,1.0
C-WEU-CYP,Zone_3A Warm Humid,urb,mfh,sr22_low,1.0
C-WEU-CYP,Zone_3A Warm Humid,urb,mfh,sr31_std,1.0
C-WEU-CYP,Zone_3A Warm Humid,urb,mfh,sr32_low,1.0
C-WEU-CYP,Zone_3A Warm Humid,urb,sfh,s1,1.0
C-WEU-CYP,Zone_3A Warm Humid,urb,sfh,s2,1.0
C-WEU-CYP,Zone_3A Warm Humid,urb,sfh,s3,1.0
C-WEU-CYP,Zone_3A Warm Humid,urb,sfh,s51_std,1.0
C-WEU-CYP,Zone_3A Warm Humid,urb,sfh,s52_low,1.0
C-WEU-CYP,Zone_3A Warm Humid,urb,sfh,sr11_std,1.0
C-WEU-CYP,Zone_3A Warm Humid,urb,sfh,sr12_low,1.0
C-WEU-CYP,Zone_3A Warm Humid,urb,sfh,sr21_std,1.0
C-WEU-CYP,Zone_3A Warm Humid,urb,sfh,sr22_low,1.0
C-WEU-CYP,Zone_3A Warm Humid,urb,sfh,sr31_std,1.0
C-WEU-CYP,Zone_3A Warm Humid,urb,sfh,sr32_low,1.0
C-WEU-DEU,Zone_4A Mixed Humid,rur,inf,ns,0.9936
C-WEU-DEU,Zone_4A Mixed Humid,rur,mfh,s1,0.9936
C-WEU-DEU,Zone_4A Mixed Humid,rur,mfh,s2,0.99943
C-WEU-DEU,Zone_4A Mixed Humid,rur,mfh,s3,1.0
C-WEU-DEU,Zone_4A Mixed Humid,rur,mfh,s51_std,1.0
C-WEU-DEU,Zone_4A Mixed Humid,rur,mfh,s52_low,1.0
C-WEU-DEU,Zone_4A Mixed Humid,rur,mfh,sr11_std,0.9936
C-WEU-DEU,Zone_4A Mixed Humid,rur,mfh,sr12_low,0.9936
C-WEU-DEU,Zone_4A Mixed Humid,rur,mfh,sr21_std,0.99943
C-WEU-DEU,Zone_4A Mixed Humid,rur,mfh,sr22_low,0.99943
C-WEU-DEU,Zone_4A Mixed Humid,rur,mfh,sr31_std,1.0
C-WEU-DEU,Zone_4A Mixed Humid,rur,mfh,sr32_low,1.0
C-WEU-DEU,Zone_4A Mixed Humid,rur,sfh,s1,0.9936
C-WEU-DEU,Zone_4A Mixed Humid,rur,sfh,s2,0.9936
C-WEU-DEU,Zone_4A Mixed Humid,rur,sfh,s3,0.9936
C-WEU-DEU,Zone_4A Mixed Humid,rur,sfh,s51_std,0.99943
C-WEU-DEU,Zone_4A Mixed Humid,rur,sfh,s52_low,1.0
C-WEU-DEU,Zone_4A Mixed Humid,rur,sfh,sr11_std,0.9936
C-WEU-DEU,Zone_4A Mixed Humid,rur,sfh,sr12_low,0.9936
C-WEU-DEU,Zone_4A Mixed Humid,rur,sfh,sr21_std,0.9936
C-WEU-DEU,Zone_4A Mixed Humid,rur,sfh,sr22_low,0.9936
C-WEU-DEU,Zone_4A Mixed Humid,rur,sfh,sr31_std,0.9936
C-WEU-DEU,Zone_4A Mixed Humid,rur,sfh,sr32_low,0.9936
C-WEU-DEU,Zone_4A Mixed Humid,urb,inf,ns,1.0
C-WEU-DEU,Zone_4A Mixed Humid,urb,mfh,s1,1.0
C-WEU-DEU,Zone_4A Mixed Humid,urb,mfh,s2,1.0
C-WEU-DEU,Zone_4A Mixed Humid,urb,mfh,s3,1.0
C-WEU-DEU,Zone_4A Mixed Humid,urb,mfh,s51_std,1.0
C-WEU-DEU,Zone_4A Mixed Humid,urb,mfh,s52_low,1.0
C-WEU-DEU,Zone_4A Mixed Humid,urb,mfh,sr11_std,1.0
C-WEU-DEU,Zone_4A Mixed Humid,urb,mfh,sr12_low,1.0
C-WEU-DEU,Zone_4A Mixed Humid,urb,mfh,sr21_std,1.0
C-WEU-DEU,Zone_4A Mixed Humid,urb,mfh,sr22_low,1.0
C-WEU-DEU,Zone_4A Mixed Humid,urb,mfh,sr31_std,1.0
C-WEU-DEU,Zone_4A Mixed Humid,urb,mfh,sr32_low,1.0
C-WEU-DEU,Zone_4A Mixed Humid,urb,sfh,s1,1.0
C-WEU-DEU,Zone_4A Mixed Humid,urb,sfh,s2,1.0
C-WEU-DEU,Zone_4A Mixed Humid,urb,sfh,s3,1.0
C-WEU-DEU,Zone_4A Mixed Humid,urb,sfh,s51_std,1.0
C-WEU-DEU,Zone_4A Mixed Humid,urb,sfh,s52_low,1.0
C-WEU-DEU,Zone_4A Mixed Humid,urb,sfh,sr11_std,1.0
C-WEU-DEU,Zone_4A Mixed Humid,urb,sfh,sr12_low,1.0
C-WEU-DEU,Zone_4A Mixed Humid,urb,sfh,sr21_std,1.0
C-WEU-DEU,Zone_4A Mixed Humid,urb,sfh,sr22_low,1.0
C-WEU-DEU,Zone_4A Mixed Humid,urb,sfh,sr31_std,1.0
C-WEU-DEU,Zone_4A Mixed Humid,urb,sfh,sr32_low,1.0
C-WEU-DEU,Zone_5A Cool Humid,rur,inf,ns,1.0
C-WEU-DEU,Zone_5A Cool Humid,rur,mfh,s1,1.0
C-WEU-DEU,Zone_5A Cool Humid,rur,mfh,s2,1.0
C-WEU-DEU,Zone_5A Cool Humid,rur,mfh,s3,1.0
C-WEU-DEU,Zone_5A Cool Humid,rur,mfh,s51_std,1.0
C-WEU-DEU,Zone_5A Cool Humid,rur,mfh,s52_low,1.0
C-WEU-DEU,Zone_5A Cool Humid,rur,mfh,sr11_std,1.0
C-WEU-DEU,Zone_5A Cool Humid,rur,mfh,sr12_low,1.0
C-WEU-DEU,Zone_5A Cool Humid,rur,mfh,sr21_std,1.0
C-WEU-DEU,Zone_5A Cool Humid,rur,mfh,sr22_low,1.0
C-WEU-DEU,Zone_5A Cool Humid,rur,mfh,sr31_std,1.0
C-WEU-DEU,Zone_5A Cool Humid,rur,mfh,sr32_low,1.0
C-WEU-DEU,Zone_5A Cool Humid,rur,sfh,s1,1.0
C-WEU-DEU,Zone_5A Cool Humid,rur,sfh,s2,1.0
C-WEU-DEU,Zone_5A Cool Humid,rur,sfh,s3,1.0
C-WEU-DEU,Zone_5A Cool Humid,rur,sfh,s51_std,1.0
C-WEU-DEU,Zone_5A Cool Humid,rur,sfh,s52_low,1.0
C-WEU-DEU,Zone_5A Cool Humid,rur,sfh,sr11_std,1.0
C-WEU-DEU,Zone_5A Cool Humid,rur,sfh,sr12_low,1.0
C-WEU-DEU,Zone_5A Cool Humid,rur,sfh,sr21_std,1.0
C-WEU-DEU,Zone_5A Cool Humid,rur,sfh,sr22_low,1.0
C-WEU-DEU,Zone_5A Cool Humid,rur,sfh,sr31_std,1.0
C-WEU-DEU,Zone_5A Cool Humid,rur,sfh,sr32_low,1.0
C-WEU-DEU,Zone_5A Cool Humid,urb,inf,ns,1.0
C-WEU-DEU,Zone_5A Cool Humid,urb,mfh,s1,1.0
C-WEU-DEU,Zone_5A Cool Humid,urb,mfh,s2,1.0
C-WEU-DEU,Zone_5A Cool Humid,urb,mfh,s3,1.0
C-WEU-DEU,Zone_5A Cool Humid,urb,mfh,s51_std,1.0
C-WEU-DEU,Zone_5A Cool Humid,urb,mfh,s52_low,1.0
C-WEU-DEU,Zone_5A Cool Humid,urb,mfh,sr11_std,1.0
C-WEU-DEU,Zone_5A Cool Humid,urb,mfh,sr12_low,1.0
C-WEU-DEU,Zone_5A Cool Humid,urb,mfh,sr21_std,1.0
C-WEU-DEU,Zone_5A Cool Humid,urb,mfh,sr22_low,1.0
C-WEU-DEU,Zone_5A Cool Humid,urb,mfh,sr31_std,1.0
C-WEU-DEU,Zone_5A Cool Humid,urb,mfh,sr32_low,1.0
C-WEU-DEU,Zone_5A Cool Humid,urb,sfh,s1,1.0
C-WEU-DEU,Zone_5A Cool Humid,urb,sfh,s2,1.0
C-WEU-DEU,Zone_5A Cool Humid,urb,sfh,s3,1.0
C-WEU-DEU,Zone_5A Cool Humid,urb,sfh,s51_std,1.0
C-WEU-DEU,Zone_5A Cool Humid,urb,sfh,s52_low,1.0
C-WEU-DEU,Zone_5A Cool Humid,urb,sfh,sr11_std,1.0
C-WEU-DEU,Zone_5A Cool Humid,urb,sfh,sr12_low,1.0
C-WEU-DEU,Zone_5A Cool Humid,urb,sfh,sr21_std,1.0
C-WEU-DEU,Zone_5A Cool Humid,urb,sfh,sr22_low,1.0
C-WEU-DEU,Zone_5A Cool Humid,urb,sfh,sr31_std,1.0
C-WEU-DEU,Zone_5A Cool Humid,urb,sfh,sr32_low,1.0
C-WEU-DEU,Zone_6A Cold Humid,rur,inf,ns,1.0
C-WEU-DEU,Zone_6A Cold Humid,rur,mfh,s1,1.0
C-WEU-DEU,Zone_6A Cold Humid,rur,mfh,s2,1.0
C-WEU-DEU,Zone_6A Cold Humid,rur,mfh,s3,1.0
C-WEU-DEU,Zone_6A Cold Humid,rur,mfh,s51_std,1.0
C-WEU-DEU,Zone_6A Cold Humid,rur,mfh,s52_low,1.0
C-WEU-DEU,Zone_6A Cold Humid,rur,mfh,sr11_std,1.0
C-WEU-DEU,Zone_6A Cold Humid,rur,mfh,sr12_low,1.0
C-WEU-DEU,Zone_6A Cold Humid,rur,mfh,sr21_std,1.0
C-WEU-DEU,Zone_6A Cold Humid,rur,mfh,sr22_low,1.0
C-WEU-DEU,Zone_6A Cold Humid,rur,mfh,sr31_std,1.0
C-WEU-DEU,Zone_6A Cold Humid,rur,mfh,sr32_low,1.0
C-WEU-DEU,Zone_6A Cold Humid,rur,sfh,s1,1.0
C-WEU-DEU,Zone_6A Cold Humid,rur,sfh,s2,1.0
C-WEU-DEU,Zone_6A Cold Humid,rur,sfh,s3,1.0
C-WEU-DEU,Zone_6A Cold Humid,rur,sfh,s51_std,1.0
C-WEU-DEU,Zone_6A Cold Humid,rur,sfh,s52_low,1.0
C-WEU-DEU,Zone_6A Cold Humid,rur,sfh,sr11_std,1.0
C-WEU-DEU,Zone_6A Cold Humid,rur,sfh,sr12_low,1.0
C-WEU-DEU,Zone_6A Cold Humid,rur,sfh,sr21_std,1.0
C-WEU-DEU,Zone_6A Cold Humid,rur,sfh,sr22_low,1.0
C-WEU-DEU,Zone_6A Cold Humid,rur,sfh,sr31_std,1.0
C-WEU-DEU,Zone_6A Cold Humid,rur,sfh,sr32_low,1.0
C-WEU-DEU,Zone_6A Cold Humid,urb,inf,ns,1.0
C-WEU-DEU,Zone_6A Cold Humid,urb,mfh,s1,1.0
C-WEU-DEU,Zone_6A Cold Humid,urb,mfh,s2,1.0
C-WEU-DEU,Zone_6A Cold Humid,urb,mfh,s3,1.0
C-WEU-DEU,Zone_6A Cold Humid,urb,mfh,s51_std,1.0
C-WEU-DEU,Zone_6A Cold Humid,urb,mfh,s52_low,1.0
C-WEU-DEU,Zone_6A Cold Humid,urb,mfh,sr11_std,1.0
C-WEU-DEU,Zone_6A Cold Humid,urb,mfh,sr12_low,1.0
C-WEU-DEU,Zone_6A Cold Humid,urb,mfh,sr21_std,1.0
C-WEU-DEU,Zone_6A Cold Humid,urb,mfh,sr22_low,1.0
C-WEU-DEU,Zone_6A Cold Humid,urb,mfh,sr31_std,1.0
C-WEU-DEU,Zone_6A Cold Humid,urb,mfh,sr32_low,1.0
C-WEU-DEU,Zone_6A Cold Humid,urb,sfh,s1,1.0
C-WEU-DEU,Zone_6A Cold Humid,urb,sfh,s2,1.0
C-WEU-DEU,Zone_6A Cold Humid,urb,sfh,s3,1.0
C-WEU-DEU,Zone_6A Cold Humid,urb,sfh,s51_std,1.0
C-WEU-DEU,Zone_6A Cold Humid,urb,sfh,s52_low,1.0
C-WEU-DEU,Zone_6A Cold Humid,urb,sfh,sr11_std,1.0
C-WEU-DEU,Zone_6A Cold Humid,urb,sfh,sr12_low,1.0
C-WEU-DEU,Zone_6A Cold Humid,urb,sfh,sr21_std,1.0
C-WEU-DEU,Zone_6A Cold Humid,urb,sfh,sr22_low,1.0
C-WEU-DEU,Zone_6A Cold Humid,urb,sfh,sr31_std,1.0
C-WEU-DEU,Zone_6A Cold Humid,urb,sfh,sr32_low,1.0
C-WEU-DNK,Zone_5A Cool Humid,rur,inf,ns,0.93023
C-WEU-DNK,Zone_5A Cool Humid,rur,mfh,s1,0.9999
C-WEU-DNK,Zone_5A Cool Humid,rur,mfh,s2,1.0
C-WEU-DNK,Zone_5A Cool Humid,rur,mfh,s3,1.0
C-WEU-DNK,Zone_5A Cool Humid,rur,mfh,s51_std,1.0
C-WEU-DNK,Zone_5A Cool Humid,rur,mfh,s52_low,1.0
C-WEU-DNK,Zone_5A Cool Humid,rur,mfh,sr11_std,0.9999
C-WEU-DNK,Zone_5A Cool Humid,rur,mfh,sr12_low,0.9999
C-WEU-DNK,Zone_5A Cool Humid,rur,mfh,sr21_std,1.0
C-WEU-DNK,Zone_5A Cool Humid,rur,mfh,sr22_low,1.0
C-WEU-DNK,Zone_5A Cool Humid,rur,mfh,sr31_std,1.0
C-WEU-DNK,Zone_5A Cool Humid,rur,mfh,sr32_low,1.0
C-WEU-DNK,Zone_5A Cool Humid,rur,sfh,s1,0.93023
C-WEU-DNK,Zone_5A Cool Humid,rur,sfh,s2,0.99886
C-WEU-DNK,Zone_5A Cool Humid,rur,sfh,s3,1.0
C-WEU-DNK,Zone_5A Cool Humid,rur,sfh,s51_std,1.0
C-WEU-DNK,Zone_5A Cool Humid,rur,sfh,s52_low,1.0
C-WEU-DNK,Zone_5A Cool Humid,rur,sfh,sr11_std,0.93023
C-WEU-DNK,Zone_5A Cool Humid,rur,sfh,sr12_low,0.93023
C-WEU-DNK,Zone_5A Cool Humid,rur,sfh,sr21_std,0.99886
C-WEU-DNK,Zone_5A Cool Humid,rur,sfh,sr22_low,0.99886
C-WEU-DNK,Zone_5A Cool Humid,rur,sfh,sr31_std,1.0
C-WEU-DNK,Zone_5A Cool Humid,rur,sfh,sr32_low,1.0
C-WEU-DNK,Zone_5A Cool Humid,urb,inf,ns,0.98621
C-WEU-DNK,Zone_5A Cool Humid,urb,mfh,s1,1.0
C-WEU-DNK,Zone_5A Cool Humid,urb,mfh,s2,1.0
C-WEU-DNK,Zone_5A Cool Humid,urb,mfh,s3,1.0
C-WEU-DNK,Zone_5A Cool Humid,urb,mfh,s51_std,1.0
C-WEU-DNK,Zone_5A Cool Humid,urb,mfh,s52_low,1.0
C-WEU-DNK,Zone_5A Cool Humid,urb,mfh,sr11_std,1.0
C-WEU-DNK,Zone_5A Cool Humid,urb,mfh,sr12_low,1.0
C-WEU-DNK,Zone_5A Cool Humid,urb,mfh,sr21_std,1.0
C-WEU-DNK,Zone_5A Cool Humid,urb,mfh,sr22_low,1.0
C-WEU-DNK,Zone_5A Cool Humid,urb,mfh,sr31_std,1.0
C-WEU-DNK,Zone_5A Cool Humid,urb,mfh,sr32_low,1.0
C-WEU-DNK,Zone_5A Cool Humid,urb,sfh,s1,0.98621
C-WEU-DNK,Zone_5A Cool Humid,urb,sfh,s2,0.99979
C-WEU-DNK,Zone_5A Cool Humid,urb,sfh,s3,1.0
C-WEU-DNK,Zone_5A Cool Humid,urb,sfh,s51_std,1.0
C-WEU-DNK,Zone_5A Cool Humid,urb,sfh,s52_low,1.0
C-WEU-DNK,Zone_5A Cool Humid,urb,sfh,sr11_std,0.98621
C-WEU-DNK,Zone_5A Cool Humid,urb,sfh,sr12_low,0.98621
C-WEU-DNK,Zone_5A Cool Humid,urb,sfh,sr21_std,0.99979
C-WEU-DNK,Zone_5A Cool Humid,urb,sfh,sr22_low,0.99979
C-WEU-DNK,Zone_5A Cool Humid,urb,sfh,sr31_std,1.0
C-WEU-DNK,Zone_5A Cool Humid,urb,sfh,sr32_low,1.0
C-WEU-ESP,Zone_2B Hot Dry,rur,inf,ns,1.0
C-WEU-ESP,Zone_2B Hot Dry,rur,mfh,s1,1.0
C-WEU-ESP,Zone_2B Hot Dry,rur,mfh,s2,1.0
C-WEU-ESP,Zone_2B Hot Dry,rur,mfh,s3,1.0
C-WEU-ESP,Zone_2B Hot Dry,rur,mfh,s51_std,1.0
C-WEU-ESP,Zone_2B Hot Dry,rur,mfh,s52_low,1.0
C-WEU-ESP,Zone_2B Hot Dry,rur,mfh,sr11_std,1.0
C-WEU-ESP,Zone_2B Hot Dry,rur,mfh,sr12_low,1.0
C-WEU-ESP,Zone_2B Hot Dry,rur,mfh,sr21_std,1.0
C-WEU-ESP,Zone_2B Hot Dry,rur,mfh,sr22_low,1.0
C-WEU-ESP,Zone_2B Hot Dry,rur,mfh,sr31_std,1.0
C-WEU-ESP,Zone_2B Hot Dry,rur,mfh,sr32_low,1.0
C-WEU-ESP,Zone_2B Hot Dry,rur,sfh,s1,1.0
C-WEU-ESP,Zone_2B Hot Dry,rur,sfh,s2,1.0
C-WEU-ESP,Zone_2B Hot Dry,rur,sfh,s3,1.0
C-WEU-ESP,Zone_2B Hot Dry,rur,sfh,s51_std,1.0
C-WEU-ESP,Zone_2B Hot Dry,rur,sfh,s52_low,1.0
C-WEU-ESP,Zone_2B Hot Dry,rur,sfh,sr11_std,1.0
C-WEU-ESP,Zone_2B Hot Dry,rur,sfh,sr12_low,1.0
C-WEU-ESP,Zone_2B Hot Dry,rur,sfh,sr21_std,1.0
C-WEU-ESP,Zone_2B Hot Dry,rur,sfh,sr22_low,1.0
C-WEU-ESP,Zone_2B Hot Dry,rur,sfh,sr31_std,1.0
C-WEU-ESP,Zone_2B Hot Dry,rur,sfh,sr32_low,1.0
C-WEU-ESP,Zone_2B Hot Dry,urb,inf,ns,1.0
C-WEU-ESP,Zone_2B Hot Dry,urb,mfh,s1,1.0
C-WEU-ESP,Zone_2B Hot Dry,urb,mfh,s2,1.0
C-WEU-ESP,Zone_2B Hot Dry,urb,mfh,s3,1.0
C-WEU-ESP,Zone_2B Hot Dry,urb,mfh,s51_std,1.0
C-WEU-ESP,Zone_2B Hot Dry,urb,mfh,s52_low,1.0
C-WEU-ESP,Zone_2B Hot Dry,urb,mfh,sr11_std,1.0
C-WEU-ESP,Zone_2B Hot Dry,urb,mfh,sr12_low,1.0
C-WEU-ESP,Zone_2B Hot Dry,urb,mfh,sr21_std,1.0
C-WEU-ESP,Zone_2B Hot Dry,urb,mfh,sr22_low,1.0
C-WEU-ESP,Zone_2B Hot Dry,urb,mfh,sr31_std,1.0
C-WEU-ESP,Zone_2B Hot Dry,urb,mfh,sr32_low,1.0
C-WEU-ESP,Zone_2B Hot Dry,urb,sfh,s1,1.0
C-WEU-ESP,Zone_2B Hot Dry,urb,sfh,s2,1.0
C-WEU-ESP,Zone_2B Hot Dry,urb,sfh,s3,1.0
C-WEU-ESP,Zone_2B Hot Dry,urb,sfh,s51_std,1.0
C-WEU-ESP,Zone_2B Hot Dry,urb,sfh,s52_low,1.0
C-WEU-ESP,Zone_2B Hot Dry,urb,sfh,sr11_std,1.0
C-WEU-ESP,Zone_2B Hot Dry,urb,sfh,sr12_low,1.0
C-WEU-ESP,Zone_2B Hot Dry,urb,sfh,sr21_std,1.0
C-WEU-ESP,Zone_2B Hot Dry,urb,sfh,sr22_low,1.0
C-WEU-ESP,Zone_2B Hot Dry,urb,sfh,sr31_std,1.0
C-WEU-ESP,Zone_2B Hot Dry,urb,sfh,sr32_low,1.0
C-WEU-ESP,Zone_3A Warm Humid,rur,inf,ns,1.0
C-WEU-ESP,Zone_3A Warm Humid,rur,mfh,s1,1.0
C-WEU-ESP,Zone_3A Warm Humid,rur,mfh,s2,1.0
C-WEU-ESP,Zone_3A Warm Humid,rur,mfh,s3,1.0
C-WEU-ESP,Zone_3A Warm Humid,rur,mfh,s51_std,1.0
C-WEU-ESP,Zone_3A Warm Humid,rur,mfh,s52_low,1.0
C-WEU-ESP,Zone_3A Warm Humid,rur,mfh,sr11_std,1.0
C-WEU-ESP,Zone_3A Warm Humid,rur,mfh,sr12_low,1.0
C-WEU-ESP,Zone_3A Warm Humid,rur,mfh,sr21_std,1.0
C-WEU-ESP,Zone_3A Warm Humid,rur,mfh,sr22_low,1.0
C-WEU-ESP,Zone_3A Warm Humid,rur,mfh,sr31_std,1.0
C-WEU-ESP,Zone_3A Warm Humid,rur,mfh,sr32_low,1.0
C-WEU-ESP,Zone_3A Warm Humid,rur,sfh,s1,1.0
C-WEU-ESP,Zone_3A Warm Humid,rur,sfh,s2,1.0
C-WEU-ESP,Zone_3A Warm Humid,rur,sfh,s3,1.0
C-WEU-ESP,Zone_3A Warm Humid,rur,sfh,s51_std,1.0
C-WEU-ESP,Zone_3A Warm Humid,rur,sfh,s52_low,1.0
C-WEU-ESP,Zone_3A Warm Humid,rur,sfh,sr11_std,1.0
C-WEU-ESP,Zone_3A Warm Humid,rur,sfh,sr12_low,1.0
C-WEU-ESP,Zone_3A Warm Humid,rur,sfh,sr21_std,1.0
C-WEU-ESP,Zone_3A Warm Humid,rur,sfh,sr22_low,1.0
C-WEU-ESP,Zone_3A Warm Humid,rur,sfh,sr31_std,1.0
C-WEU-ESP,Zone_3A Warm Humid,rur,sfh,sr32_low,1.0
C-WEU-ESP,Zone_3A Warm Humid,urb,inf,ns,1.0
C-WEU-ESP,Zone_3A Warm Humid,urb,mfh,s1,1.0
C-WEU-ESP,Zone_3A Warm Humid,urb,mfh,s2,1.0
C-WEU-ESP,Zone_3A Warm Humid,urb,mfh,s3,1.0
C-WEU-ESP,Zone_3A Warm Humid,urb,mfh,s51_std,1.0
C-WEU-ESP,Zone_3A Warm Humid,urb,mfh,s52_low,1.0
C-WEU-ESP,Zone_3A Warm Humid,urb,mfh,sr11_std,1.0
C-WEU-ESP,Zone_3A Warm Humid,urb,mfh,sr12_low,1.0
C-WEU-ESP,Zone_3A Warm Humid,urb,mfh,sr21_std,1.0
C-WEU-ESP,Zone_3A Warm Humid,urb,mfh,sr22_low,1.0
C-WEU-ESP,Zone_3A Warm Humid,urb,mfh,sr31_std,1.0
C-WEU-ESP,Zone_3A Warm Humid,urb,mfh,sr32_low,1.0
C-WEU-ESP,Zone_3A Warm Humid,urb,sfh,s1,1.0
C-WEU-ESP,Zone_3A Warm Humid,urb,sfh,s2,1.0
C-WEU-ESP,Zone_3A Warm Humid,urb,sfh,s3,1.0
C-WEU-ESP,Zone_3A Warm Humid,urb,sfh,s51_std,1.0
C-WEU-ESP,Zone_3A Warm Humid,urb,sfh,s52_low,1.0
C-WEU-ESP,Zone_3A Warm Humid,urb,sfh,sr11_std,1.0
C-WEU-ESP,Zone_3A Warm Humid,urb,sfh,sr12_low,1.0
C-WEU-ESP,Zone_3A Warm Humid,urb,sfh,sr21_std,1.0
C-WEU-ESP,Zone_3A Warm Humid,urb,sfh,sr22_low,1.0
C-WEU-ESP,Zone_3A Warm Humid,urb,sfh,sr31_std,1.0
C-WEU-ESP,Zone_3A Warm Humid,urb,sfh,sr32_low,1.0
C-WEU-ESP,Zone_3B Warm Dry,rur,inf,ns,1.0
C-WEU-ESP,Zone_3B Warm Dry,rur,mfh,s1,1.0
C-WEU-ESP,Zone_3B Warm Dry,rur,mfh,s2,1.0
C-WEU-ESP,Zone_3B Warm Dry,rur,mfh,s3,1.0
C-WEU-ESP,Zone_3B Warm Dry,rur,mfh,s51_std,1.0
C-WEU-ESP,Zone_3B Warm Dry,rur,mfh,s52_low,1.0
C-WEU-ESP,Zone_3B Warm Dry,rur,mfh,sr11_std,1.0
C-WEU-ESP,Zone_3B Warm Dry,rur,mfh,sr12_low,1.0
C-WEU-ESP,Zone_3B Warm Dry,rur,mfh,sr21_std,1.0
C-WEU-ESP,Zone_3B Warm Dry,rur,mfh,sr22_low,1.0
C-WEU-ESP,Zone_3B Warm Dry,rur,mfh,sr31_std,1.0
C-WEU-ESP,Zone_3B Warm Dry,rur,mfh,sr32_low,1.0
C-WEU-ESP,Zone_3B Warm Dry,rur,sfh,s1,1.0
C-WEU-ESP,Zone_3B Warm Dry,rur,sfh,s2,1.0
C-WEU-ESP,Zone_3B Warm Dry,rur,sfh,s3,1.0
C-WEU-ESP,Zone_3B Warm Dry,rur,sfh,s51_std,1.0
C-WEU-ESP,Zone_3B Warm Dry,rur,sfh,s52_low,1.0
C-WEU-ESP,Zone_3B Warm Dry,rur,sfh,sr11_std,1.0
C-WEU-ESP,Zone_3B Warm Dry,rur,sfh,sr12_low,1.0
C-WEU-ESP,Zone_3B Warm Dry,rur,sfh,sr21_std,1.0
C-WEU-ESP,Zone_3B Warm Dry,rur,sfh,sr22_low,1.0
C-WEU-ESP,Zone_3B Warm Dry,rur,sfh,sr31_std,1.0
C-WEU-ESP,Zone_3B Warm Dry,rur,sfh,sr32_low,1.0
C-WEU-ESP,Zone_3B Warm Dry,urb,inf,ns,1.0
C-WEU-ESP,Zone_3B Warm Dry,urb,mfh,s1,1.0
C-WEU-ESP,Zone_3B Warm Dry,urb,mfh,s2,1.0
C-WEU-ESP,Zone_3B Warm Dry,urb,mfh,s3,1.0
C-WEU-ESP,Zone_3B Warm Dry,urb,mfh,s51_std,1.0
C-WEU-ESP,Zone_3B Warm Dry,urb,mfh,s52_low,1.0
C-WEU-ESP,Zone_3B Warm Dry,urb,mfh,sr11_std,1.0
C-WEU-ESP,Zone_3B Warm Dry,urb,mfh,sr12_low,1.0
C-WEU-ESP,Zone_3B Warm Dry,urb,mfh,sr21_std,1.0
C-WEU-ESP,Zone_3B Warm Dry,urb,mfh,sr22_low,1.0
C-WEU-ESP,Zone_3B Warm Dry,urb,mfh,sr31_std,1.0
C-WEU-ESP,Zone_3B Warm Dry,urb,mfh,sr32_low,1.0
C-WEU-ESP,Zone_3B Warm Dry,urb,sfh,s1,1.0
C-WEU-ESP,Zone_3B Warm Dry,urb,sfh,s2,1.0
C-WEU-ESP,Zone_3B Warm Dry,urb,sfh,s3,1.0
C-WEU-ESP,Zone_3B Warm Dry,urb,sfh,s51_std,1.0
C-WEU-ESP,Zone_3B Warm Dry,urb,sfh,s52_low,1.0
C-WEU-ESP,Zone_3B Warm Dry,urb,sfh,sr11_std,1.0
C-WEU-ESP,Zone_3B Warm Dry,urb,sfh,sr12_low,1.0
C-WEU-ESP,Zone_3B Warm Dry,urb,sfh,sr21_std,1.0
C-WEU-ESP,Zone_3B Warm Dry,urb,sfh,sr22_low,1.0
C-WEU-ESP,Zone_3B Warm Dry,urb,sfh,sr31_std,1.0
C-WEU-ESP,Zone_3B Warm Dry,urb,sfh,sr32_low,1.0
C-WEU-ESP,Zone_3C Warm Marine,rur,inf,ns,0.9983
C-WEU-ESP,Zone_3C Warm Marine,rur,mfh,s1,1.0
C-WEU-ESP,Zone_3C Warm Marine,rur,mfh,s2,1.0
C-WEU-ESP,Zone_3C Warm Marine,rur,mfh,s3,1.0
C-WEU-ESP,Zone_3C Warm Marine,rur,mfh,s51_std,1.0
C-WEU-ESP,Zone_3C Warm Marine,rur,mfh,s52_low,1.0
C-WEU-ESP,Zone_3C Warm Marine,rur,mfh,sr11_std,1.0
C-WEU-ESP,Zone_3C Warm Marine,rur,mfh,sr12_low,1.0
C-WEU-ESP,Zone_3C Warm Marine,rur,mfh,sr21_std,1.0
C-WEU-ESP,Zone_3C Warm Marine,rur,mfh,sr22_low,1.0
C-WEU-ESP,Zone_3C Warm Marine,rur,mfh,sr31_std,1.0
C-WEU-ESP,Zone_3C Warm Marine,rur,mfh,sr32_low,1.0
C-WEU-ESP,Zone_3C Warm Marine,rur,sfh,s1,0.9983
C-WEU-ESP,Zone_3C Warm Marine,rur,sfh,s2,1.0
C-WEU-ESP,Zone_3C Warm Marine,rur,sfh,s3,1.0
C-WEU-ESP,Zone_3C Warm Marine,rur,sfh,s51_std,1.0
C-WEU-ESP,Zone_3C Warm Marine,rur,sfh,s52_low,1.0
C-WEU-ESP,Zone_3C Warm Marine,rur,sfh,sr11_std,0.9983
C-WEU-ESP,Zone_3C Warm Marine,rur,sfh,sr12_low,0.9983
C-WEU-ESP,Zone_3C Warm Marine,rur,sfh,sr21_std,1.0
C-WEU-ESP,Zone_3C Warm Marine,rur,sfh,sr22_low,1.0
C-WEU-ESP,Zone_3C Warm Marine,rur,sfh,sr31_std,1.0
C-WEU-ESP,Zone_3C Warm Marine,rur,sfh,sr32_low,1.0
C-WEU-ESP,Zone_3C Warm Marine,urb,inf,ns,1.0
C-WEU-ESP,Zone_3C Warm Marine,urb,mfh,s1,1.0
C-WEU-ESP,Zone_3C Warm Marine,urb,mfh,s2,1.0
C-WEU-ESP,Zone_3C Warm Marine,urb,mfh,s3,1.0
C-WEU-ESP,Zone_3C Warm Marine,urb,mfh,s51_std,1.0
C-WEU-ESP,Zone_3C Warm Marine,urb,mfh,s52_low,1.0
C-WEU-ESP,Zone_3C Warm Marine,urb,mfh,sr11_std,1.0
C-WEU-ESP,Zone_3C Warm Marine,urb,mfh,sr12_low,1.0
C-WEU-ESP,Zone_3C Warm Marine,urb,mfh,sr21_std,1.0
C-WEU-ESP,Zone_3C Warm Marine,urb,mfh,sr22_low,1.0
C-WEU-ESP,Zone_3C Warm Marine,urb,mfh,sr31_std,1.0
C-WEU-ESP,Zone_3C Warm Marine,urb,mfh,sr32_low,1.0
C-WEU-ESP,Zone_3C Warm Marine,urb,sfh,s1,1.0
C-WEU-ESP,Zone_3C Warm Marine,urb,sfh,s2,1.0
C-WEU-ESP,Zone_3C Warm Marine,urb,sfh,s3,1.0
C-WEU-ESP,Zone_3C Warm Marine,urb,sfh,s51_std,1.0
C-WEU-ESP,Zone_3C Warm Marine,urb,sfh,s52_low,1.0
C-WEU-ESP,Zone_3C Warm Marine,urb,sfh,sr11_std,1.0
C-WEU-ESP,Zone_3C Warm Marine,urb,sfh,sr12_low,1.0
C-WEU-ESP,Zone_3C Warm Marine,urb,sfh,sr21_std,1.0
C-WEU-ESP,Zone_3C Warm Marine,urb,sfh,sr22_low,1.0
C-WEU-ESP,Zone_3C Warm Marine,urb,sfh,sr31_std,1.0
C-WEU-ESP,Zone_3C Warm Marine,urb,sfh,sr32_low,1.0
C-WEU-ESP,Zone_4A Mixed Humid,rur,inf,ns,1.0
C-WEU-ESP,Zone_4A Mixed Humid,rur,mfh,s1,1.0
C-WEU-ESP,Zone_4A Mixed Humid,rur,mfh,s2,1.0
C-WEU-ESP,Zone_4A Mixed Humid,rur,mfh,s3,1.0
C-WEU-ESP,Zone_4A Mixed Humid,rur,mfh,s51_std,1.0
C-WEU-ESP,Zone_4A Mixed Humid,rur,mfh,s52_low,1.0
C-WEU-ESP,Zone_4A Mixed Humid,rur,mfh,sr11_std,1.0
C-WEU-ESP,Zone_4A Mixed Humid,rur,mfh,sr12_low,1.0
C-WEU-ESP,Zone_4A Mixed Humid,rur,mfh,sr21_std,1.0
C-WEU-ESP,Zone_4A Mixed Humid,rur,mfh,sr22_low,1.0
C-WEU-ESP,Zone_4A Mixed Humid,rur,mfh,sr31_std,1.0
C-WEU-ESP,Zone_4A Mixed Humid,rur,mfh,sr32_low,1.0
C-WEU-ESP,Zone_4A Mixed Humid,rur,sfh,s1,1.0
C-WEU-ESP,Zone_4A Mixed Humid,rur,sfh,s2,1.0
C-WEU-ESP,Zone_4A Mixed Humid,rur,sfh,s3,1.0
C-WEU-ESP,Zone_4A Mixed Humid,rur,sfh,s51_std,1.0
C-WEU-ESP,Zone_4A Mixed Humid,rur,sfh,s52_low,1.0
C-WEU-ESP,Zone_4A Mixed Humid,rur,sfh,sr11_std,1.0
C-WEU-ESP,Zone_4A Mixed Humid,rur,sfh,sr12_low,1.0
C-WEU-ESP,Zone_4A Mixed Humid,rur,sfh,sr21_std,1.0
C-WEU-ESP,Zone_4A Mixed Humid,rur,sfh,sr22_low,1.0
C-WEU-ESP,Zone_4A Mixed Humid,rur,sfh,sr31_std,1.0
C-WEU-ESP,Zone_4A Mixed Humid,rur,sfh,sr32_low,1.0
C-WEU-ESP,Zone_4A Mixed Humid,urb,inf,ns,1.0
C-WEU-ESP,Zone_4A Mixed Humid,urb,mfh,s1,1.0
C-WEU-ESP,Zone_4A Mixed Humid,urb,mfh,s2,1.0
C-WEU-ESP,Zone_4A Mixed Humid,urb,mfh,s3,1.0
C-WEU-ESP,Zone_4A Mixed Humid,urb,mfh,s51_std,1.0
C-WEU-ESP,Zone_4A Mixed Humid,urb,mfh,s52_low,1.0
C-WEU-ESP,Zone_4A Mixed Humid,urb,mfh,sr11_std,1.0
C-WEU-ESP,Zone_4A Mixed Humid,urb,mfh,sr12_low,1.0
C-WEU-ESP,Zone_4A Mixed Humid,urb,mfh,sr21_std,1.0
C-WEU-ESP,Zone_4A Mixed Humid,urb,mfh,sr22_low,1.0
C-WEU-ESP,Zone_4A Mixed Humid,urb,mfh,sr31_std,1.0
C-WEU-ESP,Zone_4A Mixed Humid,urb,mfh,sr32_low,1.0
C-WEU-ESP,Zone_4A Mixed Humid,urb,sfh,s1,1.0
C-WEU-ESP,Zone_4A Mixed Humid,urb,sfh,s2,1.0
C-WEU-ESP,Zone_4A Mixed Humid,urb,sfh,s3,1.0
C-WEU-ESP,Zone_4A Mixed Humid,urb,sfh,s51_std,1.0
C-WEU-ESP,Zone_4A Mixed Humid,urb,sfh,s52_low,1.0
C-WEU-ESP,Zone_4A Mixed Humid,urb,sfh,sr11_std,1.0
C-WEU-ESP,Zone_4A Mixed Humid,urb,sfh,sr12_low,1.0
C-WEU-ESP,Zone_4A Mixed Humid,urb,sfh,sr21_std,1.0
C-WEU-ESP,Zone_4A Mixed Humid,urb,sfh,sr22_low,1.0
C-WEU-ESP,Zone_4A Mixed Humid,urb,sfh,sr31_std,1.0
C-WEU-ESP,Zone_4A Mixed Humid,urb,sfh,sr32_low,1.0
C-WEU-ESP,Zone_4C Mixed Marine,rur,inf,ns,1.0
C-WEU-ESP,Zone_4C Mixed Marine,rur,mfh,s1,1.0
C-WEU-ESP,Zone_4C Mixed Marine,rur,mfh,s2,1.0
C-WEU-ESP,Zone_4C Mixed Marine,rur,mfh,s3,1.0
C-WEU-ESP,Zone_4C Mixed Marine,rur,mfh,s51_std,1.0
C-WEU-ESP,Zone_4C Mixed Marine,rur,mfh,s52_low,1.0
C-WEU-ESP,Zone_4C Mixed Marine,rur,mfh,sr11_std,1.0
C-WEU-ESP,Zone_4C Mixed Marine,rur,mfh,sr12_low,1.0
C-WEU-ESP,Zone_4C Mixed Marine,rur,mfh,sr21_std,1.0
C-WEU-ESP,Zone_4C Mixed Marine,rur,mfh,sr22_low,1.0
C-WEU-ESP,Zone_4C Mixed Marine,rur,mfh,sr31_std,1.0
C-WEU-ESP,Zone_4C Mixed Marine,rur,mfh,sr32_low,1.0
C-WEU-ESP,Zone_4C Mixed Marine,rur,sfh,s1,1.0
C-WEU-ESP,Zone_4C Mixed Marine,rur,sfh,s2,1.0
C-WEU-ESP,Zone_4C Mixed Marine,rur,sfh,s3,1.0
C-WEU-ESP,Zone_4C Mixed Marine,rur,sfh,s51_std,1.0
C-WEU-ESP,Zone_4C Mixed Marine,rur,sfh,s52_low,1.0
C-WEU-ESP,Zone_4C Mixed Marine,rur,sfh,sr11_std,1.0
C-WEU-ESP,Zone_4C Mixed Marine,rur,sfh,sr12_low,1.0
C-WEU-ESP,Zone_4C Mixed Marine,rur,sfh,sr21_std,1.0
C-WEU-ESP,Zone_4C Mixed Marine,rur,sfh,sr22_low,1.0
C-WEU-ESP,Zone_4C Mixed Marine,rur,sfh,sr31_std,1.0
C-WEU-ESP,Zone_4C Mixed Marine,rur,sfh,sr32_low,1.0
C-WEU-ESP,Zone_4C Mixed Marine,urb,inf,ns,1.0
C-WEU-ESP,Zone_4C Mixed Marine,urb,mfh,s1,1.0
C-WEU-ESP,Zone_4C Mixed Marine,urb,mfh,s2,1.0
C-WEU-ESP,Zone_4C Mixed Marine,urb,mfh,s3,1.0
C-WEU-ESP,Zone_4C Mixed Marine,urb,mfh,s51_std,1.0
C-WEU-ESP,Zone_4C Mixed Marine,urb,mfh,s52_low,1.0
C-WEU-ESP,Zone_4C Mixed Marine,urb,mfh,sr11_std,1.0
C-WEU-ESP,Zone_4C Mixed Marine,urb,mfh,sr12_low,1.0
C-WEU-ESP,Zone_4C Mixed Marine,urb,mfh,sr21_std,1.0
C-WEU-ESP,Zone_4C Mixed Marine,urb,mfh,sr22_low,1.0
C-WEU-ESP,Zone_4C Mixed Marine,urb,mfh,sr31_std,1.0
C-WEU-ESP,Zone_4C Mixed Marine,urb,mfh,sr32_low,1.0
C-WEU-ESP,Zone_4C Mixed Marine,urb,sfh,s1,1.0
C-WEU-ESP,Zone_4C Mixed Marine,urb,sfh,s2,1.0
C-WEU-ESP,Zone_4C Mixed Marine,urb,sfh,s3,1.0
C-WEU-ESP,Zone_4C Mixed Marine,urb,sfh,s51_std,1.0
C-WEU-ESP,Zone_4C Mixed Marine,urb,sfh,s52_low,1.0
C-WEU-ESP,Zone_4C Mixed Marine,urb,sfh,sr11_std,1.0
C-WEU-ESP,Zone_4C Mixed Marine,urb,sfh,sr12_low,1.0
C-WEU-ESP,Zone_4C Mixed Marine,urb,sfh,sr21_std,1.0
C-WEU-ESP,Zone_4C Mixed Marine,urb,sfh,sr22_low,1.0
C-WEU-ESP,Zone_4C Mixed Marine,urb,sfh,sr31_std,1.0
C-WEU-ESP,Zone_4C Mixed Marine,urb,sfh,sr32_low,1.0
C-WEU-FIN,Zone_6A Cold Humid,rur,inf,ns,0.13261
C-WEU-FIN,Zone_6A Cold Humid,rur,mfh,s1,0.48637
C-WEU-FIN,Zone_6A Cold Humid,rur,mfh,s2,0.95405
C-WEU-FIN,Zone_6A Cold Humid,rur,mfh,s3,0.99981
C-WEU-FIN,Zone_6A Cold Humid,rur,mfh,s51_std,0.99995
C-WEU-FIN,Zone_6A Cold Humid,rur,mfh,s52_low,0.99995
C-WEU-FIN,Zone_6A Cold Humid,rur,mfh,sr11_std,0.48637
C-WEU-FIN,Zone_6A Cold Humid,rur,mfh,sr12_low,0.48637
C-WEU-FIN,Zone_6A Cold Humid,rur,mfh,sr21_std,0.95405
C-WEU-FIN,Zone_6A Cold Humid,rur,mfh,sr22_low,0.95405
C-WEU-FIN,Zone_6A Cold Humid,rur,mfh,sr31_std,0.99981
C-WEU-FIN,Zone_6A Cold Humid,rur,mfh,sr32_low,0.99981
C-WEU-FIN,Zone_6A Cold Humid,rur,sfh,s1,0.0663
C-WEU-FIN,Zone_6A Cold Humid,rur,sfh,s2,0.10039
C-WEU-FIN,Zone_6A Cold Humid,rur,sfh,s3,0.90639
C-WEU-FIN,Zone_6A Cold Humid,rur,sfh,s51_std,0.9997
C-WEU-FIN,Zone_6A Cold Humid,rur,sfh,s52_low,0.99995
C-WEU-FIN,Zone_6A Cold Humid,rur,sfh,sr11_std,0.0663
C-WEU-FIN,Zone_6A Cold Humid,rur,sfh,sr12_low,0.0663
C-WEU-FIN,Zone_6A Cold Humid,rur,sfh,sr21_std,0.10039
C-WEU-FIN,Zone_6A Cold Humid,rur,sfh,sr22_low,0.10039
C-WEU-FIN,Zone_6A Cold Humid,rur,sfh,sr31_std,0.90639
C-WEU-FIN,Zone_6A Cold Humid,rur,sfh,sr32_low,0.90639
C-WEU-FIN,Zone_6A Cold Humid,urb,inf,ns,0.02112
C-WEU-FIN,Zone_6A Cold Humid,urb,mfh,s1,0.59422
C-WEU-FIN,Zone_6A Cold Humid,urb,mfh,s2,1.0
C-WEU-FIN,Zone_6A Cold Humid,urb,mfh,s3,1.0
C-WEU-FIN,Zone_6A Cold Humid,urb,mfh,s51_std,1.0
C-WEU-FIN,Zone_6A Cold Humid,urb,mfh,s52_low,1.0
C-WEU-FIN,Zone_6A Cold Humid,urb,mfh,sr11_std,0.59422
C-WEU-FIN,Zone_6A Cold Humid,urb,mfh,sr12_low,0.59422
C-WEU-FIN,Zone_6A Cold Humid,urb,mfh,sr21_std,1.0
C-WEU-FIN,Zone_6A Cold Humid,urb,mfh,sr22_low,1.0
C-WEU-FIN,Zone_6A Cold Humid,urb,mfh,sr31_std,1.0
C-WEU-FIN,Zone_6A Cold Humid,urb,mfh,sr32_low,1.0
C-WEU-FIN,Zone_6A Cold Humid,urb,sfh,s1,0.01056
C-WEU-FIN,Zone_6A Cold Humid,urb,sfh,s2,0.06907
C-WEU-FIN,Zone_6A Cold Humid,urb,sfh,s3,0.97148
C-WEU-FIN,Zone_6A Cold Humid,urb,sfh,s51_std,1.0
C-WEU-FIN,Zone_6A Cold Humid,urb,sfh,s52_low,1.0
C-WEU-FIN,Zone_6A Cold Humid,urb,sfh,sr11_std,0.01056
C-WEU-FIN,Zone_6A Cold Humid,urb,sfh,sr12_low,0.01056
C-WEU-FIN,Zone_6A Cold Humid,urb,sfh,sr21_std,0.06907
C-WEU-FIN,Zone_6A Cold Humid,urb,sfh,sr22_low,0.06907
C-WEU-FIN,Zone_6A Cold Humid,urb,sfh,sr31_std,0.97148
C-WEU-FIN,Zone_6A Cold Humid,urb,sfh,sr32_low,0.97148
C-WEU-FIN,Zone_7A Very cold Humid,rur,inf,ns,0.21292
C-WEU-FIN,Zone_7A Very cold Humid,rur,mfh,s1,0.51825
C-WEU-FIN,Zone_7A Very cold Humid,rur,mfh,s2,0.71388
C-WEU-FIN,Zone_7A Very cold Humid,rur,mfh,s3,0.93851
C-WEU-FIN,Zone_7A Very cold Humid,rur,mfh,s51_std,0.97158
C-WEU-FIN,Zone_7A Very cold Humid,rur,mfh,s52_low,0.99869
C-WEU-FIN,Zone_7A Very cold Humid,rur,mfh,sr11_std,0.51825
C-WEU-FIN,Zone_7A Very cold Humid,rur,mfh,sr12_low,0.51825
C-WEU-FIN,Zone_7A Very cold Humid,rur,mfh,sr21_std,0.71388
C-WEU-FIN,Zone_7A Very cold Humid,rur,mfh,sr22_low,0.71388
C-WEU-FIN,Zone_7A Very cold Humid,rur,mfh,sr31_std,0.93851
C-WEU-FIN,Zone_7A Very cold Humid,rur,mfh,sr32_low,0.93851
C-WEU-FIN,Zone_7A Very cold Humid,rur,sfh,s1,0.10646
C-WEU-FIN,Zone_7A Very cold Humid,rur,sfh,s2,0.31723
C-WEU-FIN,Zone_7A Very cold Humid,rur,sfh,s3,0.62207
C-WEU-FIN,Zone_7A Very cold Humid,rur,sfh,s51_std,0.76392
C-WEU-FIN,Zone_7A Very cold Humid,rur,sfh,s52_low,0.9464
C-WEU-FIN,Zone_7A Very cold Humid,rur,sfh,sr11_std,0.10646
C-WEU-FIN,Zone_7A Very cold Humid,rur,sfh,sr12_low,0.10646
C-WEU-FIN,Zone_7A Very cold Humid,rur,sfh,sr21_std,0.31723
C-WEU-FIN,Zone_7A Very cold Humid,rur,sfh,sr22_low,0.31723
C-WEU-FIN,Zone_7A Very cold Humid,rur,sfh,sr31_std,0.62207
C-WEU-FIN,Zone_7A Very cold Humid,rur,sfh,sr32_low,0.62207
C-WEU-FIN,Zone_7A Very cold Humid,urb,inf,ns,0.21566
C-WEU-FIN,Zone_7A Very cold Humid,urb,mfh,s1,0.58549
C-WEU-FIN,Zone_7A Very cold Humid,urb,mfh,s2,0.70225
C-WEU-FIN,Zone_7A Very cold Humid,urb,mfh,s3,1.0
C-WEU-FIN,Zone_7A Very cold Humid,urb,mfh,s51_std,1.0
C-WEU-FIN,Zone_7A Very cold Humid,urb,mfh,s52_low,1.0
C-WEU-FIN,Zone_7A Very cold Humid,urb,mfh,sr11_std,0.58549
C-WEU-FIN,Zone_7A Very cold Humid,urb,mfh,sr12_low,0.58549
C-WEU-FIN,Zone_7A Very cold Humid,urb,mfh,sr21_std,0.70225
C-WEU-FIN,Zone_7A Very cold Humid,urb,mfh,sr22_low,0.70225
C-WEU-FIN,Zone_7A Very cold Humid,urb,mfh,sr31_std,1.0
C-WEU-FIN,Zone_7A Very cold Humid,urb,mfh,sr32_low,1.0
C-WEU-FIN,Zone_7A Very cold Humid,urb,sfh,s1,0.10783
C-WEU-FIN,Zone_7A Very cold Humid,urb,sfh,s2,0.3651
C-WEU-FIN,Zone_7A Very cold Humid,urb,sfh,s3,0.59614
C-WEU-FIN,Zone_7A Very cold Humid,urb,sfh,s51_std,0.72087
C-WEU-FIN,Zone_7A Very cold Humid,urb,sfh,s52_low,1.0
C-WEU-FIN,Zone_7A Very cold Humid,urb,sfh,sr11_std,0.10783
C-WEU-FIN,Zone_7A Very cold Humid,urb,sfh,sr12_low,0.10783
C-WEU-FIN,Zone_7A Very cold Humid,urb,sfh,sr21_std,0.3651
C-WEU-FIN,Zone_7A Very cold Humid,urb,sfh,sr22_low,0.3651
C-WEU-FIN,Zone_7A Very cold Humid,urb,sfh,sr31_std,0.59614
C-WEU-FIN,Zone_7A Very cold Humid,urb,sfh,sr32_low,0.59614
C-WEU-FRA,Zone_0A Extremely hot Humid,rur,inf,ns,0.99939
C-WEU-FRA,Zone_0A Extremely hot Humid,rur,mfh,s1,0.99939
C-WEU-FRA,Zone_0A Extremely hot Humid,rur,mfh,s2,0.99939
C-WEU-FRA,Zone_0A Extremely hot Humid,rur,mfh,s3,0.99939
C-WEU-FRA,Zone_0A Extremely hot Humid,rur,mfh,s51_std,1.0
C-WEU-FRA,Zone_0A Extremely hot Humid,rur,mfh,s52_low,1.0
C-WEU-FRA,Zone_0A Extremely hot Humid,rur,mfh,sr11_std,0.99939
C-WEU-FRA,Zone_0A Extremely hot Humid,rur,mfh,sr12_low,0.99939
C-WEU-FRA,Zone_0A Extremely hot Humid,rur,mfh,sr21_std,0.99939
C-WEU-FRA,Zone_0A Extremely hot Humid,rur,mfh,sr22_low,0.99939
C-WEU-FRA,Zone_0A Extremely hot Humid,rur,mfh,sr31_std,0.99939
C-WEU-FRA,Zone_0A Extremely hot Humid,rur,mfh,sr32_low,0.99939
C-WEU-FRA,Zone_0A Extremely hot Humid,rur,sfh,s1,0.99939
C-WEU-FRA,Zone_0A Extremely hot Humid,rur,sfh,s2,0.99939
C-WEU-FRA,Zone_0A Extremely hot Humid,rur,sfh,s3,0.99939
C-WEU-FRA,Zone_0A Extremely hot Humid,rur,sfh,s51_std,0.99939
C-WEU-FRA,Zone_0A Extremely hot Humid,rur,sfh,s52_low,1.0
C-WEU-FRA,Zone_0A Extremely hot Humid,rur,sfh,sr11_std,0.99939
C-WEU-FRA,Zone_0A Extremely hot Humid,rur,sfh,sr12_low,0.99939
C-WEU-FRA,Zone_0A Extremely hot Humid,rur,sfh,sr21_std,0.99939
C-WEU-FRA,Zone_0A Extremely hot Humid,rur,sfh,sr22_low,0.99939
C-WEU-FRA,Zone_0A Extremely hot Humid,rur,sfh,sr31_std,0.99939
C-WEU-FRA,Zone_0A Extremely hot Humid,rur,sfh,sr32_low,0.99939
C-WEU-FRA,Zone_0A Extremely hot Humid,urb,inf,ns,1.0
C-WEU-FRA,Zone_0A Extremely hot Humid,urb,mfh,s1,1.0
C-WEU-FRA,Zone_0A Extremely hot Humid,urb,mfh,s2,1.0
C-WEU-FRA,Zone_0A Extremely hot Humid,urb,mfh,s3,1.0
C-WEU-FRA,Zone_0A Extremely hot Humid,urb,mfh,s51_std,1.0
C-WEU-FRA,Zone_0A Extremely hot Humid,urb,mfh,s52_low,1.0
C-WEU-FRA,Zone_0A Extremely hot Humid,urb,mfh,sr11_std,1.0
C-WEU-FRA,Zone_0A Extremely hot Humid,urb,mfh,sr12_low,1.0
C-WEU-FRA,Zone_0A Extremely hot Humid,urb,mfh,sr21_std,1.0
C-WEU-FRA,Zone_0A Extremely hot Humid,urb,mfh,sr22_low,1.0
C-WEU-FRA,Zone_0A Extremely hot Humid,urb,mfh,sr31_std,1.0
C-WEU-FRA,Zone_0A Extremely hot Humid,urb,mfh,sr32_low,1.0
C-WEU-FRA,Zone_0A Extremely hot Humid,urb,sfh,s1,1.0
C-WEU-FRA,Zone_0A Extremely hot Humid,urb,sfh,s2,1.0
C-WEU-FRA,Zone_0A Extremely hot Humid,urb,sfh,s3,1.0
C-WEU-FRA,Zone_0A Extremely hot Humid,urb,sfh,s51_std,1.0
C-WEU-FRA,Zone_0A Extremely hot Humid,urb,sfh,s52_low,1.0
C-WEU-FRA,Zone_0A Extremely hot Humid,urb,sfh,sr11_std,1.0
C-WEU-FRA,Zone_0A Extremely hot Humid,urb,sfh,sr12_low,1.0
C-WEU-FRA,Zone_0A Extremely hot Humid,urb,sfh,sr21_std,1.0
C-WEU-FRA,Zone_0A Extremely hot Humid,urb,sfh,sr22_low,1.0
C-WEU-FRA,Zone_0A Extremely hot Humid,urb,sfh,sr31_std,1.0
C-WEU-FRA,Zone_0A Extremely hot Humid,urb,sfh,sr32_low,1.0
C-WEU-FRA,Zone_1A Very hot Humid,rur,inf,ns,0.99939
C-WEU-FRA,Zone_1A Very hot Humid,rur,mfh,s1,0.99939
C-WEU-FRA,Zone_1A Very hot Humid,rur,mfh,s2,0.99939
C-WEU-FRA,Zone_1A Very hot Humid,rur,mfh,s3,0.99939
C-WEU-FRA,Zone_1A Very hot Humid,rur,mfh,s51_std,1.0
C-WEU-FRA,Zone_1A Very hot Humid,rur,mfh,s52_low,1.0
C-WEU-FRA,Zone_1A Very hot Humid,rur,mfh,sr11_std,0.99939
C-WEU-FRA,Zone_1A Very hot Humid,rur,mfh,sr12_low,0.99939
C-WEU-FRA,Zone_1A Very hot Humid,rur,mfh,sr21_std,0.99939
C-WEU-FRA,Zone_1A Very hot Humid,rur,mfh,sr22_low,0.99939
C-WEU-FRA,Zone_1A Very hot Humid,rur,mfh,sr31_std,0.99939
C-WEU-FRA,Zone_1A Very hot Humid,rur,mfh,sr32_low,0.99939
C-WEU-FRA,Zone_1A Very hot Humid,rur,sfh,s1,0.99939
C-WEU-FRA,Zone_1A Very hot Humid,rur,sfh,s2,0.99939
C-WEU-FRA,Zone_1A Very hot Humid,rur,sfh,s3,0.99939
C-WEU-FRA,Zone_1A Very hot Humid,rur,sfh,s51_std,0.99939
C-WEU-FRA,Zone_1A Very hot Humid,rur,sfh,s52_low,1.0
C-WEU-FRA,Zone_1A Very hot Humid,rur,sfh,sr11_std,0.99939
C-WEU-FRA,Zone_1A Very hot Humid,rur,sfh,sr12_low,0.99939
C-WEU-FRA,Zone_1A Very hot Humid,rur,sfh,sr21_std,0.99939
C-WEU-FRA,Zone_1A Very hot Humid,rur,sfh,sr22_low,0.99939
C-WEU-FRA,Zone_1A Very hot Humid,rur,sfh,sr31_std,0.99939
C-WEU-FRA,Zone_1A Very hot Humid,rur,sfh,sr32_low,0.99939
C-WEU-FRA,Zone_1A Very hot Humid,urb,inf,ns,1.0
C-WEU-FRA,Zone_1A Very hot Humid,urb,mfh,s1,1.0
C-WEU-FRA,Zone_1A Very hot Humid,urb,mfh,s2,1.0
C-WEU-FRA,Zone_1A Very hot Humid,urb,mfh,s3,1.0
C-WEU-FRA,Zone_1A Very hot Humid,urb,mfh,s51_std,1.0
C-WEU-FRA,Zone_1A Very hot Humid,urb,mfh,s52_low,1.0
C-WEU-FRA,Zone_1A Very hot Humid,urb,mfh,sr11_std,1.0
C-WEU-FRA,Zone_1A Very hot Humid,urb,mfh,sr12_low,1.0
C-WEU-FRA,Zone_1A Very hot Humid,urb,mfh,sr21_std,1.0
C-WEU-FRA,Zone_1A Very hot Humid,urb,mfh,sr22_low,1.0
C-WEU-FRA,Zone_1A Very hot Humid,urb,mfh,sr31_std,1.0
C-WEU-FRA,Zone_1A Very hot Humid,urb,mfh,sr32_low,1.0
C-WEU-FRA,Zone_1A Very hot Humid,urb,sfh,s1,1.0
C-WEU-FRA,Zone_1A Very hot Humid,urb,sfh,s2,1.0
C-WEU-FRA,Zone_1A Very hot Humid,urb,sfh,s3,1.0
C-WEU-FRA,Zone_1A Very hot Humid,urb,sfh,s51_std,1.0
C-WEU-FRA,Zone_1A Very hot Humid,urb,sfh,s52_low,1.0
C-WEU-FRA,Zone_1A Very hot Humid,urb,sfh,sr11_std,1.0
C-WEU-FRA,Zone_1A Very hot Humid,urb,sfh,sr12_low,1.0
C-WEU-FRA,Zone_1A Very hot Humid,urb,sfh,sr21_std,1.0
C-WEU-FRA,Zone_1A Very hot Humid,urb,sfh,sr22_low,1.0
C-WEU-FRA,Zone_1A Very hot Humid,urb,sfh,sr31_std,1.0
C-WEU-FRA,Zone_1A Very hot Humid,urb,sfh,sr32_low,1.0
C-WEU-FRA,Zone_2A Hot Humid,rur,inf,ns,0.99939
C-WEU-FRA,Zone_2A Hot Humid,rur,mfh,s1,0.99939
C-WEU-FRA,Zone_2A Hot Humid,rur,mfh,s2,0.99939
C-WEU-FRA,Zone_2A Hot Humid,rur,mfh,s3,0.99939
C-WEU-FRA,Zone_2A Hot Humid,rur,mfh,s51_std,1.0
C-WEU-FRA,Zone_2A Hot Humid,rur,mfh,s52_low,1.0
C-WEU-FRA,Zone_2A Hot Humid,rur,mfh,sr11_std,0.99939
C-WEU-FRA,Zone_2A Hot Humid,rur,mfh,sr12_low,0.99939
C-WEU-FRA,Zone_2A Hot Humid,rur,mfh,sr21_std,0.99939
C-WEU-FRA,Zone_2A Hot Humid,rur,mfh,sr22_low,0.99939
C-WEU-FRA,Zone_2A Hot Humid,rur,mfh,sr31_std,0.99939
C-WEU-FRA,Zone_2A Hot Humid,rur,mfh,sr32_low,0.99939
C-WEU-FRA,Zone_2A Hot Humid,rur,sfh,s1,0.99939
C-WEU-FRA,Zone_2A Hot Humid,rur,sfh,s2,0.99939
C-WEU-FRA,Zone_2A Hot Humid,rur,sfh,s3,0.99939
C-WEU-FRA,Zone_2A Hot Humid,rur,sfh,s51_std,0.99939
C-WEU-FRA,Zone_2A Hot Humid,rur,sfh,s52_low,1.0
C-WEU-FRA,Zone_2A Hot Humid,rur,sfh,sr11_std,0.99939
C-WEU-FRA,Zone_2A Hot Humid,rur,sfh,sr12_low,0.99939
C-WEU-FRA,Zone_2A Hot Humid,rur,sfh,sr21_std,0.99939
C-WEU-FRA,Zone_2A Hot Humid,rur,sfh,sr22_low,0.99939
C-WEU-FRA,Zone_2A Hot Humid,rur,sfh,sr31_std,0.99939
C-WEU-FRA,Zone_2A Hot Humid,rur,sfh,sr32_low,0.99939
C-WEU-FRA,Zone_2A Hot Humid,urb,inf,ns,1.0
C-WEU-FRA,Zone_2A Hot Humid,urb,mfh,s1,1.0
C-WEU-FRA,Zone_2A Hot Humid,urb,mfh,s2,1.0
C-WEU-FRA,Zone_2A Hot Humid,urb,mfh,s3,1.0
C-WEU-FRA,Zone_2A Hot Humid,urb,mfh,s51_std,1.0
C-WEU-FRA,Zone_2A Hot Humid,urb,mfh,s52_low,1.0
C-WEU-FRA,Zone_2A Hot Humid,urb,mfh,sr11_std,1.0
C-WEU-FRA,Zone_2A Hot Humid,urb,mfh,sr12_low,1.0
C-WEU-FRA,Zone_2A Hot Humid,urb,mfh,sr21_std,1.0
C-WEU-FRA,Zone_2A Hot Humid,urb,mfh,sr22_low,1.0
C-WEU-FRA,Zone_2A Hot Humid,urb,mfh,sr31_std,1.0
C-WEU-FRA,Zone_2A Hot Humid,urb,mfh,sr32_low,1.0
C-WEU-FRA,Zone_2A Hot Humid,urb,sfh,s1,1.0
C-WEU-FRA,Zone_2A Hot Humid,urb,sfh,s2,1.0
C-WEU-FRA,Zone_2A Hot Humid,urb,sfh,s3,1.0
C-WEU-FRA,Zone_2A Hot Humid,urb,sfh,s51_std,1.0
C-WEU-FRA,Zone_2A Hot Humid,urb,sfh,s52_low,1.0
C-WEU-FRA,Zone_2A Hot Humid,urb,sfh,sr11_std,1.0
C-WEU-FRA,Zone_2A Hot Humid,urb,sfh,sr12_low,1.0
C-WEU-FRA,Zone_2A Hot Humid,urb,sfh,sr21_std,1.0
C-WEU-FRA,Zone_2A Hot Humid,urb,sfh,sr22_low,1.0
C-WEU-FRA,Zone_2A Hot Humid,urb,sfh,sr31_std,1.0
C-WEU-FRA,Zone_2A Hot Humid,urb,sfh,sr32_low,1.0
C-WEU-FRA,Zone_3A Warm Humid,rur,inf,ns,0.99939
C-WEU-FRA,Zone_3A Warm Humid,rur,mfh,s1,0.99939
C-WEU-FRA,Zone_3A Warm Humid,rur,mfh,s2,0.99939
C-WEU-FRA,Zone_3A Warm Humid,rur,mfh,s3,0.99939
C-WEU-FRA,Zone_3A Warm Humid,rur,mfh,s51_std,1.0
C-WEU-FRA,Zone_3A Warm Humid,rur,mfh,s52_low,1.0
C-WEU-FRA,Zone_3A Warm Humid,rur,mfh,sr11_std,0.99939
C-WEU-FRA,Zone_3A Warm Humid,rur,mfh,sr12_low,0.99939
C-WEU-FRA,Zone_3A Warm Humid,rur,mfh,sr21_std,0.99939
C-WEU-FRA,Zone_3A Warm Humid,rur,mfh,sr22_low,0.99939
C-WEU-FRA,Zone_3A Warm Humid,rur,mfh,sr31_std,0.99939
C-WEU-FRA,Zone_3A Warm Humid,rur,mfh,sr32_low,0.99939
C-WEU-FRA,Zone_3A Warm Humid,rur,sfh,s1,0.99939
C-WEU-FRA,Zone_3A Warm Humid,rur,sfh,s2,0.99939
C-WEU-FRA,Zone_3A Warm Humid,rur,sfh,s3,0.99939
C-WEU-FRA,Zone_3A Warm Humid,rur,sfh,s51_std,0.99939
C-WEU-FRA,Zone_3A Warm Humid,rur,sfh,s52_low,1.0
C-WEU-FRA,Zone_3A Warm Humid,rur,sfh,sr11_std,0.99939
C-WEU-FRA,Zone_3A Warm Humid,rur,sfh,sr12_low,0.99939
C-WEU-FRA,Zone_3A Warm Humid,rur,sfh,sr21_std,0.99939
C-WEU-FRA,Zone_3A Warm Humid,rur,sfh,sr22_low,0.99939
C-WEU-FRA,Zone_3A Warm Humid,rur,sfh,sr31_std,0.99939
C-WEU-FRA,Zone_3A Warm Humid,rur,sfh,sr32_low,0.99939
C-WEU-FRA,Zone_3A Warm Humid,urb,inf,ns,1.0
C-WEU-FRA,Zone_3A Warm Humid,urb,mfh,s1,1.0
C-WEU-FRA,Zone_3A Warm Humid,urb,mfh,s2,1.0
C-WEU-FRA,Zone_3A Warm Humid,urb,mfh,s3,1.0
C-WEU-FRA,Zone_3A Warm Humid,urb,mfh,s51_std,1.0
C-WEU-FRA,Zone_3A Warm Humid,urb,mfh,s52_low,1.0
C-WEU-FRA,Zone_3A Warm Humid,urb,mfh,sr11_std,1.0
C-WEU-FRA,Zone_3A Warm Humid,urb,mfh,sr12_low,1.0
C-WEU-FRA,Zone_3A Warm Humid,urb,mfh,sr21_std,1.0
C-WEU-FRA,Zone_3A Warm Humid,urb,mfh,sr22_low,1.0
C-WEU-FRA,Zone_3A Warm Humid,urb,mfh,sr31_std,1.0
C-WEU-FRA,Zone_3A Warm Humid,urb,mfh,sr32_low,1.0
C-WEU-FRA,Zone_3A Warm Humid,urb,sfh,s1,1.0
C-WEU-FRA,Zone_3A Warm Humid,urb,sfh,s2,1.0
C-WEU-FRA,Zone_3A Warm Humid,urb,sfh,s3,1.0
C-WEU-FRA,Zone_3A Warm Humid,urb,sfh,s51_std,1.0
C-WEU-FRA,Zone_3A Warm Humid,urb,sfh,s52_low,1.0
C-WEU-FRA,Zone_3A Warm Humid,urb,sfh,sr11_std,1.0
C-WEU-FRA,Zone_3A Warm Humid,urb,sfh,sr12_low,1.0
C-WEU-FRA,Zone_3A Warm Humid,urb,sfh,sr21_std,1.0
C-WEU-FRA,Zone_3A Warm Humid,urb,sfh,sr22_low,1.0
C-WEU-FRA,Zone_3A Warm Humid,urb,sfh,sr31_std,1.0
C-WEU-FRA,Zone_3A Warm Humid,urb,sfh,sr32_low,1.0
C-WEU-FRA,Zone_3C Warm Marine,rur,inf,ns,0.87229
C-WEU-FRA,Zone_3C Warm Marine,rur,mfh,s1,0.94829
C-WEU-FRA,Zone_3C Warm Marine,rur,mfh,s2,0.95199
C-WEU-FRA,Zone_3C Warm Marine,rur,mfh,s3,0.98422
C-WEU-FRA,Zone_3C Warm Marine,rur,mfh,s51_std,0.98422
C-WEU-FRA,Zone_3C Warm Marine,rur,mfh,s52_low,0.98422
C-WEU-FRA,Zone_3C Warm Marine,rur,mfh,sr11_std,0.94829
C-WEU-FRA,Zone_3C Warm Marine,rur,mfh,sr12_low,0.94829
C-WEU-FRA,Zone_3C Warm Marine,rur,mfh,sr21_std,0.95199
C-WEU-FRA,Zone_3C Warm Marine,rur,mfh,sr22_low,0.95199
C-WEU-FRA,Zone_3C Warm Marine,rur,mfh,sr31_std,0.98422
C-WEU-FRA,Zone_3C Warm Marine,rur,mfh,sr32_low,0.98422
C-WEU-FRA,Zone_3C Warm Marine,rur,sfh,s1,0.87229
C-WEU-FRA,Zone_3C Warm Marine,rur,sfh,s2,0.90112
C-WEU-FRA,Zone_3C Warm Marine,rur,sfh,s3,0.95036
C-WEU-FRA,Zone_3C Warm Marine,rur,sfh,s51_std,0.96525
C-WEU-FRA,Zone_3C Warm Marine,rur,sfh,s52_low,0.98422
C-WEU-FRA,Zone_3C Warm Marine,rur,sfh,sr11_std,0.87229
C-WEU-FRA,Zone_3C Warm Marine,rur,sfh,sr12_low,0.87229
C-WEU-FRA,Zone_3C Warm Marine,rur,sfh,sr21_std,0.90112
C-WEU-FRA,Zone_3C Warm Marine,rur,sfh,sr22_low,0.90112
C-WEU-FRA,Zone_3C Warm Marine,rur,sfh,sr31_std,0.95036
C-WEU-FRA,Zone_3C Warm Marine,rur,sfh,sr32_low,0.95036
C-WEU-FRA,Zone_3C Warm Marine,urb,inf,ns,0.9439
C-WEU-FRA,Zone_3C Warm Marine,urb,mfh,s1,0.97801
C-WEU-FRA,Zone_3C Warm Marine,urb,mfh,s2,0.98398
C-WEU-FRA,Zone_3C Warm Marine,urb,mfh,s3,1.0
C-WEU-FRA,Zone_3C Warm Marine,urb,mfh,s51_std,1.0
C-WEU-FRA,Zone_3C Warm Marine,urb,mfh,s52_low,1.0
C-WEU-FRA,Zone_3C Warm Marine,urb,mfh,sr11_std,0.97801
C-WEU-FRA,Zone_3C Warm Marine,urb,mfh,sr12_low,0.97801
C-WEU-FRA,Zone_3C Warm Marine,urb,mfh,sr21_std,0.98398
C-WEU-FRA,Zone_3C Warm Marine,urb,mfh,sr22_low,0.98398
C-WEU-FRA,Zone_3C Warm Marine,urb,mfh,sr31_std,1.0
C-WEU-FRA,Zone_3C Warm Marine,urb,mfh,sr32_low,1.0
C-WEU-FRA,Zone_3C Warm Marine,urb,sfh,s1,0.9439
C-WEU-FRA,Zone_3C Warm Marine,urb,sfh,s2,0.95654
C-WEU-FRA,Zone_3C Warm Marine,urb,sfh,s3,0.98061
C-WEU-FRA,Zone_3C Warm Marine,urb,sfh,s51_std,0.98995
C-WEU-FRA,Zone_3C Warm Marine,urb,sfh,s52_low,1.0
C-WEU-FRA,Zone_3C Warm Marine,urb,sfh,sr11_std,0.9439
C-WEU-FRA,Zone_3C Warm Marine,urb,sfh,sr12_low,0.9439
C-WEU-FRA,Zone_3C Warm Marine,urb,sfh,sr21_std,0.95654
C-WEU-FRA,Zone_3C Warm Marine,urb,sfh,sr22_low,0.95654
C-WEU-FRA,Zone_3C Warm Marine,urb,sfh,sr31_std,0.98061
C-WEU-FRA,Zone_3C Warm Marine,urb,sfh,sr32_low,0.98061
C-WEU-FRA,Zone_4A Mixed Humid,rur,inf,ns,0.87229
C-WEU-FRA,Zone_4A Mixed Humid,rur,mfh,s1,0.94829
C-WEU-FRA,Zone_4A Mixed Humid,rur,mfh,s2,0.95199
C-WEU-FRA,Zone_4A Mixed Humid,rur,mfh,s3,0.98422
C-WEU-FRA,Zone_4A Mixed Humid,rur,mfh,s51_std,0.98422
C-WEU-FRA,Zone_4A Mixed Humid,rur,mfh,s52_low,0.98422
C-WEU-FRA,Zone_4A Mixed Humid,rur,mfh,sr11_std,0.94829
C-WEU-FRA,Zone_4A Mixed Humid,rur,mfh,sr12_low,0.94829
C-WEU-FRA,Zone_4A Mixed Humid,rur,mfh,sr21_std,0.95199
C-WEU-FRA,Zone_4A Mixed Humid,rur,mfh,sr22_low,0.95199
C-WEU-FRA,Zone_4A Mixed Humid,rur,mfh,sr31_std,0.98422
C-WEU-FRA,Zone_4A Mixed Humid,rur,mfh,sr32_low,0.98422
C-WEU-FRA,Zone_4A Mixed Humid,rur,sfh,s1,0.87229
C-WEU-FRA,Zone_4A Mixed Humid,rur,sfh,s2,0.90112
C-WEU-FRA,Zone_4A Mixed Humid,rur,sfh,s3,0.95036
C-WEU-FRA,Zone_4A Mixed Humid,rur,sfh,s51_std,0.96525
C-WEU-FRA,Zone_4A Mixed Humid,rur,sfh,s52_low,0.98422
C-WEU-FRA,Zone_4A Mixed Humid,rur,sfh,sr11_std,0.87229
C-WEU-FRA,Zone_4A Mixed Humid,rur,sfh,sr12_low,0.87229
C-WEU-FRA,Zone_4A Mixed Humid,rur,sfh,sr21_std,0.90112
C-WEU-FRA,Zone_4A Mixed Humid,rur,sfh,sr22_low,0.90112
C-WEU-FRA,Zone_4A Mixed Humid,rur,sfh,sr31_std,0.95036
C-WEU-FRA,Zone_4A Mixed Humid,rur,sfh,sr32_low,0.95036
C-WEU-FRA,Zone_4A Mixed Humid,urb,inf,ns,0.9439
C-WEU-FRA,Zone_4A Mixed Humid,urb,mfh,s1,0.97801
C-WEU-FRA,Zone_4A Mixed Humid,urb,mfh,s2,0.98398
C-WEU-FRA,Zone_4A Mixed Humid,urb,mfh,s3,1.0
C-WEU-FRA,Zone_4A Mixed Humid,urb,mfh,s51_std,1.0
C-WEU-FRA,Zone_4A Mixed Humid,urb,mfh,s52_low,1.0
C-WEU-FRA,Zone_4A Mixed Humid,urb,mfh,sr11_std,0.97801
C-WEU-FRA,Zone_4A Mixed Humid,urb,mfh,sr12_low,0.97801
C-WEU-FRA,Zone_4A Mixed Humid,urb,mfh,sr21_std,0.98398
C-WEU-FRA,Zone_4A Mixed Humid,urb,mfh,sr22_low,0.98398
C-WEU-FRA,Zone_4A Mixed Humid,urb,mfh,sr31_std,1.0
C-WEU-FRA,Zone_4A Mixed Humid,urb,mfh,sr32_low,1.0
C-WEU-FRA,Zone_4A Mixed Humid,urb,sfh,s1,0.9439
C-WEU-FRA,Zone_4A Mixed Humid,urb,sfh,s2,0.95654
C-WEU-FRA,Zone_4A Mixed Humid,urb,sfh,s3,0.98061
C-WEU-FRA,Zone_4A Mixed Humid,urb,sfh,s51_std,0.98995
C-WEU-FRA,Zone_4A Mixed Humid,urb,sfh,s52_low,1.0
C-WEU-FRA,Zone_4A Mixed Humid,urb,sfh,sr11_std,0.9439
C-WEU-FRA,Zone_4A Mixed Humid,urb,sfh,sr12_low,0.9439
C-WEU-FRA,Zone_4A Mixed Humid,urb,sfh,sr21_std,0.95654
C-WEU-FRA,Zone_4A Mixed Humid,urb,sfh,sr22_low,0.95654
C-WEU-FRA,Zone_4A Mixed Humid,urb,sfh,sr31_std,0.98061
C-WEU-FRA,Zone_4A Mixed Humid,urb,sfh,sr32_low,0.98061
C-WEU-FRA,Zone_4C Mixed Marine,rur,inf,ns,0.87229
C-WEU-FRA,Zone_4C Mixed Marine,rur,mfh,s1,0.97072
C-WEU-FRA,Zone_4C Mixed Marine,rur,mfh,s2,0.95199
C-WEU-FRA,Zone_4C Mixed Marine,rur,mfh,s3,1.0
C-WEU-FRA,Zone_4C Mixed Marine,rur,mfh,s51_std,1.0
C-WEU-FRA,Zone_4C Mixed Marine,rur,mfh,s52_low,1.0
C-WEU-FRA,Zone_4C Mixed Marine,rur,mfh,sr11_std,0.97072
C-WEU-FRA,Zone_4C Mixed Marine,rur,mfh,sr12_low,0.97072
C-WEU-FRA,Zone_4C Mixed Marine,rur,mfh,sr21_std,0.95199
C-WEU-FRA,Zone_4C Mixed Marine,rur,mfh,sr22_low,1.0
C-WEU-FRA,Zone_4C Mixed Marine,rur,mfh,sr31_std,1.0
C-WEU-FRA,Zone_4C Mixed Marine,rur,mfh,sr32_low,1.0
C-WEU-FRA,Zone_4C Mixed Marine,rur,sfh,s1,0.87229
C-WEU-FRA,Zone_4C Mixed Marine,rur,sfh,s2,0.91039
C-WEU-FRA,Zone_4C Mixed Marine,rur,sfh,s3,0.95036
C-WEU-FRA,Zone_4C Mixed Marine,rur,sfh,s51_std,0.96525
C-WEU-FRA,Zone_4C Mixed Marine,rur,sfh,s52_low,1.0
C-WEU-FRA,Zone_4C Mixed Marine,rur,sfh,sr11_std,0.87229
C-WEU-FRA,Zone_4C Mixed Marine,rur,sfh,sr12_low,0.87229
C-WEU-FRA,Zone_4C Mixed Marine,rur,sfh,sr21_std,0.90112
C-WEU-FRA,Zone_4C Mixed Marine,rur,sfh,sr22_low,0.91039
C-WEU-FRA,Zone_4C Mixed Marine,rur,sfh,sr31_std,0.95036
C-WEU-FRA,Zone_4C Mixed Marine,rur,sfh,sr32_low,0.97072
C-WEU-FRA,Zone_4C Mixed Marine,urb,inf,ns,0.95886
C-WEU-FRA,Zone_4C Mixed Marine,urb,mfh,s1,0.99583
C-WEU-FRA,Zone_4C Mixed Marine,urb,mfh,s2,1.0
C-WEU-FRA,Zone_4C Mixed Marine,urb,mfh,s3,1.0
C-WEU-FRA,Zone_4C Mixed Marine,urb,mfh,s51_std,1.0
C-WEU-FRA,Zone_4C Mixed Marine,urb,mfh,s52_low,1.0
C-WEU-FRA,Zone_4C Mixed Marine,urb,mfh,sr11_std,0.97801
C-WEU-FRA,Zone_4C Mixed Marine,urb,mfh,sr12_low,0.99583
C-WEU-FRA,Zone_4C Mixed Marine,urb,mfh,sr21_std,1.0
C-WEU-FRA,Zone_4C Mixed Marine,urb,mfh,sr22_low,1.0
C-WEU-FRA,Zone_4C Mixed Marine,urb,mfh,sr31_std,1.0
C-WEU-FRA,Zone_4C Mixed Marine,urb,mfh,sr32_low,1.0
C-WEU-FRA,Zone_4C Mixed Marine,urb,sfh,s1,0.95886
C-WEU-FRA,Zone_4C Mixed Marine,urb,sfh,s2,0.95654
C-WEU-FRA,Zone_4C Mixed Marine,urb,sfh,s3,0.99583
C-WEU-FRA,Zone_4C Mixed Marine,urb,sfh,s51_std,0.98995
C-WEU-FRA,Zone_4C Mixed Marine,urb,sfh,s52_low,1.0
C-WEU-FRA,Zone_4C Mixed Marine,urb,sfh,sr11_std,0.95886
C-WEU-FRA,Zone_4C Mixed Marine,urb,sfh,sr12_low,0.95886
C-WEU-FRA,Zone_4C Mixed Marine,urb,sfh,sr21_std,0.95654
C-WEU-FRA,Zone_4C Mixed Marine,urb,sfh,sr22_low,0.95886
C-WEU-FRA,Zone_4C Mixed Marine,urb,sfh,sr31_std,0.99583
C-WEU-FRA,Zone_4C Mixed Marine,urb,sfh,sr32_low,0.98061
C-WEU-FRA,Zone_5A Cool Humid,rur,inf,ns,0.91039
C-WEU-FRA,Zone_5A Cool Humid,rur,mfh,s1,0.97072
C-WEU-FRA,Zone_5A Cool Humid,rur,mfh,s2,1.0
C-WEU-FRA,Zone_5A Cool Humid,rur,mfh,s3,1.0
C-WEU-FRA,Zone_5A Cool Humid,rur,mfh,s51_std,1.0
C-WEU-FRA,Zone_5A Cool Humid,rur,mfh,s52_low,1.0
C-WEU-FRA,Zone_5A Cool Humid,rur,mfh,sr11_std,0.97072
C-WEU-FRA,Zone_5A Cool Humid,rur,mfh,sr12_low,0.97072
C-WEU-FRA,Zone_5A Cool Humid,rur,mfh,sr21_std,1.0
C-WEU-FRA,Zone_5A Cool Humid,rur,mfh,sr22_low,1.0
C-WEU-FRA,Zone_5A Cool Humid,rur,mfh,sr31_std,1.0
C-WEU-FRA,Zone_5A Cool Humid,rur,mfh,sr32_low,1.0
C-WEU-FRA,Zone_5A Cool Humid,rur,sfh,s1,0.91039
C-WEU-FRA,Zone_5A Cool Humid,rur,sfh,s2,0.91039
C-WEU-FRA,Zone_5A Cool Humid,rur,sfh,s3,0.97072
C-WEU-FRA,Zone_5A Cool Humid,rur,sfh,s51_std,1.0
C-WEU-FRA,Zone_5A Cool Humid,rur,sfh,s52_low,1.0
C-WEU-FRA,Zone_5A Cool Humid,rur,sfh,sr11_std,0.91039
C-WEU-FRA,Zone_5A Cool Humid,rur,sfh,sr12_low,0.91039
C-WEU-FRA,Zone_5A Cool Humid,rur,sfh,sr21_std,0.91039
C-WEU-FRA,Zone_5A Cool Humid,rur,sfh,sr22_low,0.91039
C-WEU-FRA,Zone_5A Cool Humid,rur,sfh,sr31_std,0.97072
C-WEU-FRA,Zone_5A Cool Humid,rur,sfh,sr32_low,0.97072
C-WEU-FRA,Zone_5A Cool Humid,urb,inf,ns,0.95886
C-WEU-FRA,Zone_5A Cool Humid,urb,mfh,s1,0.99583
C-WEU-FRA,Zone_5A Cool Humid,urb,mfh,s2,1.0
C-WEU-FRA,Zone_5A Cool Humid,urb,mfh,s3,1.0
C-WEU-FRA,Zone_5A Cool Humid,urb,mfh,s51_std,1.0
C-WEU-FRA,Zone_5A Cool Humid,urb,mfh,s52_low,1.0
C-WEU-FRA,Zone_5A Cool Humid,urb,mfh,sr11_std,0.99583
C-WEU-FRA,Zone_5A Cool Humid,urb,mfh,sr12_low,0.99583
C-WEU-FRA,Zone_5A Cool Humid,urb,mfh,sr21_std,1.0
C-WEU-FRA,Zone_5A Cool Humid,urb,mfh,sr22_low,1.0
C-WEU-FRA,Zone_5A Cool Humid,urb,mfh,sr31_std,1.0
C-WEU-FRA,Zone_5A Cool Humid,urb,mfh,sr32_low,1.0
C-WEU-FRA,Zone_5A Cool Humid,urb,sfh,s1,0.95886
C-WEU-FRA,Zone_5A Cool Humid,urb,sfh,s2,0.95886
C-WEU-FRA,Zone_5A Cool Humid,urb,sfh,s3,0.99583
C-WEU-FRA,Zone_5A Cool Humid,urb,sfh,s51_std,1.0
C-WEU-FRA,Zone_5A Cool Humid,urb,sfh,s52_low,1.0
C-WEU-FRA,Zone_5A Cool Humid,urb,sfh,sr11_std,0.95886
C-WEU-FRA,Zone_5A Cool Humid,urb,sfh,sr12_low,0.95886
C-WEU-FRA,Zone_5A Cool Humid,urb,sfh,sr21_std,0.95886
C-WEU-FRA,Zone_5A Cool Humid,urb,sfh,sr22_low,0.95886
C-WEU-FRA,Zone_5A Cool Humid,urb,sfh,sr31_std,0.99583
C-WEU-FRA,Zone_5A Cool Humid,urb,sfh,sr32_low,0.99583
C-WEU-FRA,Zone_7A Very cold Humid,rur,inf,ns,0.21292
C-WEU-FRA,Zone_7A Very cold Humid,rur,mfh,s1,0.51825
C-WEU-FRA,Zone_7A Very cold Humid,rur,mfh,s2,0.71388
C-WEU-FRA,Zone_7A Very cold Humid,rur,mfh,s3,0.93851
C-WEU-FRA,Zone_7A Very cold Humid,rur,mfh,s51_std,0.97158
C-WEU-FRA,Zone_7A Very cold Humid,rur,mfh,s52_low,0.99869
C-WEU-FRA,Zone_7A Very cold Humid,rur,mfh,sr11_std,0.51825
C-WEU-FRA,Zone_7A Very cold Humid,rur,mfh,sr12_low,0.51825
C-WEU-FRA,Zone_7A Very cold Humid,rur,mfh,sr21_std,0.71388
C-WEU-FRA,Zone_7A Very cold Humid,rur,mfh,sr22_low,0.71388
C-WEU-FRA,Zone_7A Very cold Humid,rur,mfh,sr31_std,0.93851
C-WEU-FRA,Zone_7A Very cold Humid,rur,mfh,sr32_low,0.93851
C-WEU-FRA,Zone_7A Very cold Humid,rur,sfh,s1,0.10646
C-WEU-FRA,Zone_7A Very cold Humid,rur,sfh,s2,0.31723
C-WEU-FRA,Zone_7A Very cold Humid,rur,sfh,s3,0.62207
C-WEU-FRA,Zone_7A Very cold Humid,rur,sfh,s51_std,0.76392
C-WEU-FRA,Zone_7A Very cold Humid,rur,sfh,s52_low,0.9464
C-WEU-FRA,Zone_7A Very cold Humid,rur,sfh,sr11_std,0.10646
C-WEU-FRA,Zone_7A Very cold Humid,rur,sfh,sr12_low,0.10646
C-WEU-FRA,Zone_7A Very cold Humid,rur,sfh,sr21_std,0.31723
C-WEU-FRA,Zone_7A Very cold Humid,rur,sfh,sr22_low,0.31723
C-WEU-FRA,Zone_7A Very cold Humid,rur,sfh,sr31_std,0.62207
C-WEU-FRA,Zone_7A Very cold Humid,rur,sfh,sr32_low,0.62207
C-WEU-FRA,Zone_7A Very cold Humid,urb,inf,ns,0.21566
C-WEU-FRA,Zone_7A Very cold Humid,urb,mfh,s1,0.58549
C-WEU-FRA,Zone_7A Very cold Humid,urb,mfh,s2,0.70225
C-WEU-FRA,Zone_7A Very cold Humid,urb,mfh,s3,1.0
C-WEU-FRA,Zone_7A Very cold Humid,urb,mfh,s51_std,1.0
C-WEU-FRA,Zone_7A Very cold Humid,urb,mfh,s52_low,1.0
C-WEU-FRA,Zone_7A Very cold Humid,urb,mfh,sr11_std,0.58549
C-WEU-FRA,Zone_7A Very cold Humid,urb,mfh,sr12_low,0.58549
C-WEU-FRA,Zone_7A Very cold Humid,urb,mfh,sr21_std,0.70225
C-WEU-FRA,Zone_7A Very cold Humid,urb,mfh,sr22_low,0.70225
C-WEU-FRA,Zone_7A Very cold Humid,urb,mfh,sr31_std,1.0
C-WEU-FRA,Zone_7A Very cold Humid,urb,mfh,sr32_low,1.0
C-WEU-FRA,Zone_7A Very cold Humid,urb,sfh,s1,0.10783
C-WEU-FRA,Zone_7A Very cold Humid,urb,sfh,s2,0.3651
C-WEU-FRA,Zone_7A Very cold Humid,urb,sfh,s3,0.59614
C-WEU-FRA,Zone_7A Very cold Humid,urb,sfh,s51_std,0.72087
C-WEU-FRA,Zone_7A Very cold Humid,urb,sfh,s52_low,1.0
C-WEU-FRA,Zone_7A Very cold Humid,urb,sfh,sr11_std,0.10783
C-WEU-FRA,Zone_7A Very cold Humid,urb,sfh,sr12_low,0.10783
C-WEU-FRA,Zone_7A Very cold Humid,urb,sfh,sr21_std,0.3651
C-WEU-FRA,Zone_7A Very cold Humid,urb,sfh,sr22_low,0.3651
C-WEU-FRA,Zone_7A Very cold Humid,urb,sfh,sr31_std,0.59614
C-WEU-FRA,Zone_7A Very cold Humid,urb,sfh,sr32_low,0.59614
C-WEU-GRC,Zone_3A Warm Humid,rur,inf,ns,1.0
C-WEU-GRC,Zone_3A Warm Humid,rur,mfh,s1,1.0
C-WEU-GRC,Zone_3A Warm Humid,rur,mfh,s2,1.0
C-WEU-GRC,Zone_3A Warm Humid,rur,mfh,s3,1.0
C-WEU-GRC,Zone_3A Warm Humid,rur,mfh,s51_std,1.0
C-WEU-GRC,Zone_3A Warm Humid,rur,mfh,s52_low,1.0
C-WEU-GRC,Zone_3A Warm Humid,rur,mfh,sr11_std,1.0
C-WEU-GRC,Zone_3A Warm Humid,rur,mfh,sr12_low,1.0
C-WEU-GRC,Zone_3A Warm Humid,rur,mfh,sr21_std,1.0
C-WEU-GRC,Zone_3A Warm Humid,rur,mfh,sr22_low,1.0
C-WEU-GRC,Zone_3A Warm Humid,rur,mfh,sr31_std,1.0
C-WEU-GRC,Zone_3A Warm Humid,rur,mfh,sr32_low,1.0
C-WEU-GRC,Zone_3A Warm Humid,rur,sfh,s1,1.0
C-WEU-GRC,Zone_3A Warm Humid,rur,sfh,s2,1.0
C-WEU-GRC,Zone_3A Warm Humid,rur,sfh,s3,1.0
C-WEU-GRC,Zone_3A Warm Humid,rur,sfh,s51_std,1.0
C-WEU-GRC,Zone_3A Warm Humid,rur,sfh,s52_low,1.0
C-WEU-GRC,Zone_3A Warm Humid,rur,sfh,sr11_std,1.0
C-WEU-GRC,Zone_3A Warm Humid,rur,sfh,sr12_low,1.0
C-WEU-GRC,Zone_3A Warm Humid,rur,sfh,sr21_std,1.0
C-WEU-GRC,Zone_3A Warm Humid,rur,sfh,sr22_low,1.0
C-WEU-GRC,Zone_3A Warm Humid,rur,sfh,sr31_std,1.0
C-WEU-GRC,Zone_3A Warm Humid,rur,sfh,sr32_low,1.0
C-WEU-GRC,Zone_3A Warm Humid,urb,inf,ns,1.0
C-WEU-GRC,Zone_3A Warm Humid,urb,mfh,s1,1.0
C-WEU-GRC,Zone_3A Warm Humid,urb,mfh,s2,1.0
C-WEU-GRC,Zone_3A Warm Humid,urb,mfh,s3,1.0
C-WEU-GRC,Zone_3A Warm Humid,urb,mfh,s51_std,1.0
C-WEU-GRC,Zone_3A Warm Humid,urb,mfh,s52_low,1.0
C-WEU-GRC,Zone_3A Warm Humid,urb,mfh,sr11_std,1.0
C-WEU-GRC,Zone_3A Warm Humid,urb,mfh,sr12_low,1.0
C-WEU-GRC,Zone_3A Warm Humid,urb,mfh,sr21_std,1.0
C-WEU-GRC,Zone_3A Warm Humid,urb,mfh,sr22_low,1.0
C-WEU-GRC,Zone_3A Warm Humid,urb,mfh,sr31_std,1.0
C-WEU-GRC,Zone_3A Warm Humid,urb,mfh,sr32_low,1.0
C-WEU-GRC,Zone_3A Warm Humid,urb,sfh,s1,1.0
C-WEU-GRC,Zone_3A Warm Humid,urb,sfh,s2,1.0
C-WEU-GRC,Zone_3A Warm Humid,urb,sfh,s3,1.0
C-WEU-GRC,Zone_3A Warm Humid,urb,sfh,s51_std,1.0
C-WEU-GRC,Zone_3A Warm Humid,urb,sfh,s52_low,1.0
C-WEU-GRC,Zone_3A Warm Humid,urb,sfh,sr11_std,1.0
C-WEU-GRC,Zone_3A Warm Humid,urb,sfh,sr12_low,1.0
C-WEU-GRC,Zone_3A Warm Humid,urb,sfh,sr21_std,1.0
C-WEU-GRC,Zone_3A Warm Humid,urb,sfh,sr22_low,1.0
C-WEU-GRC,Zone_3A Warm Humid,urb,sfh,sr31_std,1.0
C-WEU-GRC,Zone_3A Warm Humid,urb,sfh,sr32_low,1.0
C-WEU-GRC,Zone_4A Mixed Humid,rur,inf,ns,1.0
C-WEU-GRC,Zone_4A Mixed Humid,rur,mfh,s1,1.0
C-WEU-GRC,Zone_4A Mixed Humid,rur,mfh,s2,1.0
C-WEU-GRC,Zone_4A Mixed Humid,rur,mfh,s3,1.0
C-WEU-GRC,Zone_4A Mixed Humid,rur,mfh,s51_std,1.0
C-WEU-GRC,Zone_4A Mixed Humid,rur,mfh,s52_low,1.0
C-WEU-GRC,Zone_4A Mixed Humid,rur,mfh,sr11_std,1.0
C-WEU-GRC,Zone_4A Mixed Humid,rur,mfh,sr12_low,1.0
C-WEU-GRC,Zone_4A Mixed Humid,rur,mfh,sr21_std,1.0
C-WEU-GRC,Zone_4A Mixed Humid,rur,mfh,sr22_low,1.0
C-WEU-GRC,Zone_4A Mixed Humid,rur,mfh,sr31_std,1.0
C-WEU-GRC,Zone_4A Mixed Humid,rur,mfh,sr32_low,1.0
C-WEU-GRC,Zone_4A Mixed Humid,rur,sfh,s1,1.0
C-WEU-GRC,Zone_4A Mixed Humid,rur,sfh,s2,1.0
C-WEU-GRC,Zone_4A Mixed Humid,rur,sfh,s3,1.0
C-WEU-GRC,Zone_4A Mixed Humid,rur,sfh,s51_std,1.0
C-WEU-GRC,Zone_4A Mixed Humid,rur,sfh,s52_low,1.0
C-WEU-GRC,Zone_4A Mixed Humid,rur,sfh,sr11_std,1.0
C-WEU-GRC,Zone_4A Mixed Humid,rur,sfh,sr12_low,1.0
C-WEU-GRC,Zone_4A Mixed Humid,rur,sfh,sr21_std,1.0
C-WEU-GRC,Zone_4A Mixed Humid,rur,sfh,sr22_low,1.0
C-WEU-GRC,Zone_4A Mixed Humid,rur,sfh,sr31_std,1.0
C-WEU-GRC,Zone_4A Mixed Humid,rur,sfh,sr32_low,1.0
C-WEU-GRC,Zone_4A Mixed Humid,urb,inf,ns,1.0
C-WEU-GRC,Zone_4A Mixed Humid,urb,mfh,s1,1.0
C-WEU-GRC,Zone_4A Mixed Humid,urb,mfh,s2,1.0
C-WEU-GRC,Zone_4A Mixed Humid,urb,mfh,s3,1.0
C-WEU-GRC,Zone_4A Mixed Humid,urb,mfh,s51_std,1.0
C-WEU-GRC,Zone_4A Mixed Humid,urb,mfh,s52_low,1.0
C-WEU-GRC,Zone_4A Mixed Humid,urb,mfh,sr11_std,1.0
C-WEU-GRC,Zone_4A Mixed Humid,urb,mfh,sr12_low,1.0
C-WEU-GRC,Zone_4A Mixed Humid,urb,mfh,sr21_std,1.0
C-WEU-GRC,Zone_4A Mixed Humid,urb,mfh,sr22_low,1.0
C-WEU-GRC,Zone_4A Mixed Humid,urb,mfh,sr31_std,1.0
C-WEU-GRC,Zone_4A Mixed Humid,urb,mfh,sr32_low,1.0
C-WEU-GRC,Zone_4A Mixed Humid,urb,sfh,s1,1.0
C-WEU-GRC,Zone_4A Mixed Humid,urb,sfh,s2,1.0
C-WEU-GRC,Zone_4A Mixed Humid,urb,sfh,s3,1.0
C-WEU-GRC,Zone_4A Mixed Humid,urb,sfh,s51_std,1.0
C-WEU-GRC,Zone_4A Mixed Humid,urb,sfh,s52_low,1.0
C-WEU-GRC,Zone_4A Mixed Humid,urb,sfh,sr11_std,1.0
C-WEU-GRC,Zone_4A Mixed Humid,urb,sfh,sr12_low,1.0
C-WEU-GRC,Zone_4A Mixed Humid,urb,sfh,sr21_std,1.0
C-WEU-GRC,Zone_4A Mixed Humid,urb,sfh,sr22_low,1.0
C-WEU-GRC,Zone_4A Mixed Humid,urb,sfh,sr31_std,1.0
C-WEU-GRC,Zone_4A Mixed Humid,urb,sfh,sr32_low,1.0
C-WEU-GRC,Zone_4C Mixed Marine,rur,inf,ns,1.0
C-WEU-GRC,Zone_4C Mixed Marine,rur,mfh,s1,1.0
C-WEU-GRC,Zone_4C Mixed Marine,rur,mfh,s2,1.0
C-WEU-GRC,Zone_4C Mixed Marine,rur,mfh,s3,1.0
C-WEU-GRC,Zone_4C Mixed Marine,rur,mfh,s51_std,1.0
C-WEU-GRC,Zone_4C Mixed Marine,rur,mfh,s52_low,1.0
C-WEU-GRC,Zone_4C Mixed Marine,rur,mfh,sr11_std,1.0
C-WEU-GRC,Zone_4C Mixed Marine,rur,mfh,sr12_low,1.0
C-WEU-GRC,Zone_4C Mixed Marine,rur,mfh,sr21_std,1.0
C-WEU-GRC,Zone_4C Mixed Marine,rur,mfh,sr22_low,1.0
C-WEU-GRC,Zone_4C Mixed Marine,rur,mfh,sr31_std,1.0
C-WEU-GRC,Zone_4C Mixed Marine,rur,mfh,sr32_low,1.0
C-WEU-GRC,Zone_4C Mixed Marine,rur,sfh,s1,1.0
C-WEU-GRC,Zone_4C Mixed Marine,rur,sfh,s2,1.0
C-WEU-GRC,Zone_4C Mixed Marine,rur,sfh,s3,1.0
C-WEU-GRC,Zone_4C Mixed Marine,rur,sfh,s51_std,1.0
C-WEU-GRC,Zone_4C Mixed Marine,rur,sfh,s52_low,1.0
C-WEU-GRC,Zone_4C Mixed Marine,rur,sfh,sr11_std,1.0
C-WEU-GRC,Zone_4C Mixed Marine,rur,sfh,sr12_low,1.0
C-WEU-GRC,Zone_4C Mixed Marine,rur,sfh,sr21_std,1.0
C-WEU-GRC,Zone_4C Mixed Marine,rur,sfh,sr22_low,1.0
C-WEU-GRC,Zone_4C Mixed Marine,rur,sfh,sr31_std,1.0
C-WEU-GRC,Zone_4C Mixed Marine,rur,sfh,sr32_low,1.0
C-WEU-GRC,Zone_4C Mixed Marine,urb,inf,ns,1.0
C-WEU-GRC,Zone_4C Mixed Marine,urb,mfh,s1,1.0
C-WEU-GRC,Zone_4C Mixed Marine,urb,mfh,s2,1.0
C-WEU-GRC,Zone_4C Mixed Marine,urb,mfh,s3,1.0
C-WEU-GRC,Zone_4C Mixed Marine,urb,mfh,s51_std,1.0
C-WEU-GRC,Zone_4C Mixed Marine,urb,mfh,s52_low,1.0
C-WEU-GRC,Zone_4C Mixed Marine,urb,mfh,sr11_std,1.0
C-WEU-GRC,Zone_4C Mixed Marine,urb,mfh,sr12_low,1.0
C-WEU-GRC,Zone_4C Mixed Marine,urb,mfh,sr21_std,1.0
C-WEU-GRC,Zone_4C Mixed Marine,urb,mfh,sr22_low,1.0
C-WEU-GRC,Zone_4C Mixed Marine,urb,mfh,sr31_std,1.0
C-WEU-GRC,Zone_4C Mixed Marine,urb,mfh,sr32_low,1.0
C-WEU-GRC,Zone_4C Mixed Marine,urb,sfh,s1,1.0
C-WEU-GRC,Zone_4C Mixed Marine,urb,sfh,s2,1.0
C-WEU-GRC,Zone_4C Mixed Marine,urb,sfh,s3,1.0
C-WEU-GRC,Zone_4C Mixed Marine,urb,sfh,s51_std,1.0
C-WEU-GRC,Zone_4C Mixed Marine,urb,sfh,s52_low,1.0
C-WEU-GRC,Zone_4C Mixed Marine,urb,sfh,sr11_std,1.0
C-WEU-GRC,Zone_4C Mixed Marine,urb,sfh,sr12_low,1.0
C-WEU-GRC,Zone_4C Mixed Marine,urb,sfh,sr21_std,1.0
C-WEU-GRC,Zone_4C Mixed Marine,urb,sfh,sr22_low,1.0
C-WEU-GRC,Zone_4C Mixed Marine,urb,sfh,sr31_std,1.0
C-WEU-GRC,Zone_4C Mixed Marine,urb,sfh,sr32_low,1.0
C-WEU-GRC,Zone_5A Cool Humid,rur,inf,ns,1.0
C-WEU-GRC,Zone_5A Cool Humid,rur,mfh,s1,1.0
C-WEU-GRC,Zone_5A Cool Humid,rur,mfh,s2,1.0
C-WEU-GRC,Zone_5A Cool Humid,rur,mfh,s3,1.0
C-WEU-GRC,Zone_5A Cool Humid,rur,mfh,s51_std,1.0
C-WEU-GRC,Zone_5A Cool Humid,rur,mfh,s52_low,1.0
C-WEU-GRC,Zone_5A Cool Humid,rur,mfh,sr11_std,1.0
C-WEU-GRC,Zone_5A Cool Humid,rur,mfh,sr12_low,1.0
C-WEU-GRC,Zone_5A Cool Humid,rur,mfh,sr21_std,1.0
C-WEU-GRC,Zone_5A Cool Humid,rur,mfh,sr22_low,1.0
C-WEU-GRC,Zone_5A Cool Humid,rur,mfh,sr31_std,1.0
C-WEU-GRC,Zone_5A Cool Humid,rur,mfh,sr32_low,1.0
C-WEU-GRC,Zone_5A Cool Humid,rur,sfh,s1,1.0
C-WEU-GRC,Zone_5A Cool Humid,rur,sfh,s2,1.0
C-WEU-GRC,Zone_5A Cool Humid,rur,sfh,s3,1.0
C-WEU-GRC,Zone_5A Cool Humid,rur,sfh,s51_std,1.0
C-WEU-GRC,Zone_5A Cool Humid,rur,sfh,s52_low,1.0
C-WEU-GRC,Zone_5A Cool Humid,rur,sfh,sr11_std,1.0
C-WEU-GRC,Zone_5A Cool Humid,rur,sfh,sr12_low,1.0
C-WEU-GRC,Zone_5A Cool Humid,rur,sfh,sr21_std,1.0
C-WEU-GRC,Zone_5A Cool Humid,rur,sfh,sr22_low,1.0
C-WEU-GRC,Zone_5A Cool Humid,rur,sfh,sr31_std,1.0
C-WEU-GRC,Zone_5A Cool Humid,rur,sfh,sr32_low,1.0
C-WEU-GRC,Zone_5A Cool Humid,urb,inf,ns,1.0
C-WEU-GRC,Zone_5A Cool Humid,urb,mfh,s1,1.0
C-WEU-GRC,Zone_5A Cool Humid,urb,mfh,s2,1.0
C-WEU-GRC,Zone_5A Cool Humid,urb,mfh,s3,1.0
C-WEU-GRC,Zone_5A Cool Humid,urb,mfh,s51_std,1.0
C-WEU-GRC,Zone_5A Cool Humid,urb,mfh,s52_low,1.0
C-WEU-GRC,Zone_5A Cool Humid,urb,mfh,sr11_std,1.0
C-WEU-GRC,Zone_5A Cool Humid,urb,mfh,sr12_low,1.0
C-WEU-GRC,Zone_5A Cool Humid,urb,mfh,sr21_std,1.0
C-WEU-GRC,Zone_5A Cool Humid,urb,mfh,sr22_low,1.0
C-WEU-GRC,Zone_5A Cool Humid,urb,mfh,sr31_std,1.0
C-WEU-GRC,Zone_5A Cool Humid,urb,mfh,sr32_low,1.0
C-WEU-GRC,Zone_5A Cool Humid,urb,sfh,s1,1.0
C-WEU-GRC,Zone_5A Cool Humid,urb,sfh,s2,1.0
C-WEU-GRC,Zone_5A Cool Humid,urb,sfh,s3,1.0
C-WEU-GRC,Zone_5A Cool Humid,urb,sfh,s51_std,1.0
C-WEU-GRC,Zone_5A Cool Humid,urb,sfh,s52_low,1.0
C-WEU-GRC,Zone_5A Cool Humid,urb,sfh,sr11_std,1.0
C-WEU-GRC,Zone_5A Cool Humid,urb,sfh,sr12_low,1.0
C-WEU-GRC,Zone_5A Cool Humid,urb,sfh,sr21_std,1.0
C-WEU-GRC,Zone_5A Cool Humid,urb,sfh,sr22_low,1.0
C-WEU-GRC,Zone_5A Cool Humid,urb,sfh,sr31_std,1.0
C-WEU-GRC,Zone_5A Cool Humid,urb,sfh,sr32_low,1.0
C-WEU-GRC,Zone_5C Cool Marine,rur,inf,ns,0.13261
C-WEU-GRC,Zone_5C Cool Marine,rur,mfh,s1,0.94158
C-WEU-GRC,Zone_5C Cool Marine,rur,mfh,s2,0.41686
C-WEU-GRC,Zone_5C Cool Marine,rur,mfh,s3,0.83827
C-WEU-GRC,Zone_5C Cool Marine,rur,mfh,s51_std,0.99984
C-WEU-GRC,Zone_5C Cool Marine,rur,mfh,s52_low,0.99984
C-WEU-GRC,Zone_5C Cool Marine,rur,mfh,sr11_std,0.48637
C-WEU-GRC,Zone_5C Cool Marine,rur,mfh,sr12_low,0.61553
C-WEU-GRC,Zone_5C Cool Marine,rur,mfh,sr21_std,0.41686
C-WEU-GRC,Zone_5C Cool Marine,rur,mfh,sr22_low,0.95405
C-WEU-GRC,Zone_5C Cool Marine,rur,mfh,sr31_std,0.42612
C-WEU-GRC,Zone_5C Cool Marine,rur,mfh,sr32_low,0.99987
C-WEU-GRC,Zone_5C Cool Marine,rur,sfh,s1,0.58767
C-WEU-GRC,Zone_5C Cool Marine,rur,sfh,s2,0.56199
C-WEU-GRC,Zone_5C Cool Marine,rur,sfh,s3,0.66493
C-WEU-GRC,Zone_5C Cool Marine,rur,sfh,s51_std,0.99967
C-WEU-GRC,Zone_5C Cool Marine,rur,sfh,s52_low,0.60043
C-WEU-GRC,Zone_5C Cool Marine,rur,sfh,sr11_std,0.7305
C-WEU-GRC,Zone_5C Cool Marine,rur,sfh,sr12_low,0.64675
C-WEU-GRC,Zone_5C Cool Marine,rur,sfh,sr21_std,0.49479
C-WEU-GRC,Zone_5C Cool Marine,rur,sfh,sr22_low,0.96421
C-WEU-GRC,Zone_5C Cool Marine,rur,sfh,sr31_std,0.19933
C-WEU-GRC,Zone_5C Cool Marine,rur,sfh,sr32_low,0.98613
C-WEU-GRC,Zone_5C Cool Marine,urb,inf,ns,0.11023
C-WEU-GRC,Zone_5C Cool Marine,urb,mfh,s1,0.73194
C-WEU-GRC,Zone_5C Cool Marine,urb,mfh,s2,0.73194
C-WEU-GRC,Zone_5C Cool Marine,urb,mfh,s3,0.7923
C-WEU-GRC,Zone_5C Cool Marine,urb,mfh,s51_std,0.90778
C-WEU-GRC,Zone_5C Cool Marine,urb,mfh,s52_low,0.04015
C-WEU-GRC,Zone_5C Cool Marine,urb,mfh,sr11_std,0.7257
C-WEU-GRC,Zone_5C Cool Marine,urb,mfh,sr12_low,0.7257
C-WEU-GRC,Zone_5C Cool Marine,urb,mfh,sr21_std,0.75934
C-WEU-GRC,Zone_5C Cool Marine,urb,mfh,sr22_low,0.75934
C-WEU-GRC,Zone_5C Cool Marine,urb,mfh,sr31_std,1.0
C-WEU-GRC,Zone_5C Cool Marine,urb,mfh,sr32_low,1.0
C-WEU-GRC,Zone_5C Cool Marine,urb,sfh,s1,0.05511
C-WEU-GRC,Zone_5C Cool Marine,urb,sfh,s2,0.43374
C-WEU-GRC,Zone_5C Cool Marine,urb,sfh,s3,0.99701
C-WEU-GRC,Zone_5C Cool Marine,urb,sfh,s51_std,0.97108
C-WEU-GRC,Zone_5C Cool Marine,urb,sfh,s52_low,0.9198
C-WEU-GRC,Zone_5C Cool Marine,urb,sfh,sr11_std,0.05511
C-WEU-GRC,Zone_5C Cool Marine,urb,sfh,sr12_low,0.95886
C-WEU-GRC,Zone_5C Cool Marine,urb,sfh,sr21_std,0.43374
C-WEU-GRC,Zone_5C Cool Marine,urb,sfh,sr22_low,0.95886
C-WEU-GRC,Zone_5C Cool Marine,urb,sfh,sr31_std,0.96458
C-WEU-GRC,Zone_5C Cool Marine,urb,sfh,sr32_low,0.63662
C-WEU-IRL,Zone_4A Mixed Humid,rur,inf,ns,0.0
C-WEU-IRL,Zone_4A Mixed Humid,rur,mfh,s1,0.0
C-WEU-IRL,Zone_4A Mixed Humid,rur,mfh,s2,0.0
C-WEU-IRL,Zone_4A Mixed Humid,rur,mfh,s3,0.0
C-WEU-IRL,Zone_4A Mixed Humid,rur,mfh,s51_std,0.0
C-WEU-IRL,Zone_4A Mixed Humid,rur,mfh,s52_low,0.13976
C-WEU-IRL,Zone_4A Mixed Humid,rur,mfh,sr11_std,0.0
C-WEU-IRL,Zone_4A Mixed Humid,rur,mfh,sr12_low,0.0
C-WEU-IRL,Zone_4A Mixed Humid,rur,mfh,sr21_std,0.0
C-WEU-IRL,Zone_4A Mixed Humid,rur,mfh,sr22_low,0.0
C-WEU-IRL,Zone_4A Mixed Humid,rur,mfh,sr31_std,0.0
C-WEU-IRL,Zone_4A Mixed Humid,rur,mfh,sr32_low,0.0
C-WEU-IRL,Zone_4A Mixed Humid,rur,sfh,s1,0.0
C-WEU-IRL,Zone_4A Mixed Humid,rur,sfh,s2,0.0
C-WEU-IRL,Zone_4A Mixed Humid,rur,sfh,s3,0.0
C-WEU-IRL,Zone_4A Mixed Humid,rur,sfh,s51_std,0.0
C-WEU-IRL,Zone_4A Mixed Humid,rur,sfh,s52_low,0.0
C-WEU-IRL,Zone_4A Mixed Humid,rur,sfh,sr11_std,0.0
C-WEU-IRL,Zone_4A Mixed Humid,rur,sfh,sr12_low,0.0
C-WEU-IRL,Zone_4A Mixed Humid,rur,sfh,sr21_std,0.0
C-WEU-IRL,Zone_4A Mixed Humid,rur,sfh,sr22_low,0.0
C-WEU-IRL,Zone_4A Mixed Humid,rur,sfh,sr31_std,0.0
C-WEU-IRL,Zone_4A Mixed Humid,rur,sfh,sr32_low,0.0
C-WEU-IRL,Zone_4A Mixed Humid,urb,inf,ns,0.0
C-WEU-IRL,Zone_4A Mixed Humid,urb,mfh,s1,0.0
C-WEU-IRL,Zone_4A Mixed Humid,urb,mfh,s2,0.0
C-WEU-IRL,Zone_4A Mixed Humid,urb,mfh,s3,0.0
C-WEU-IRL,Zone_4A Mixed Humid,urb,mfh,s51_std,0.0
C-WEU-IRL,Zone_4A Mixed Humid,urb,mfh,s52_low,0.04015
C-WEU-IRL,Zone_4A Mixed Humid,urb,mfh,sr11_std,0.0
C-WEU-IRL,Zone_4A Mixed Humid,urb,mfh,sr12_low,0.0
C-WEU-IRL,Zone_4A Mixed Humid,urb,mfh,sr21_std,0.0
C-WEU-IRL,Zone_4A Mixed Humid,urb,mfh,sr22_low,0.0
C-WEU-IRL,Zone_4A Mixed Humid,urb,mfh,sr31_std,0.0
C-WEU-IRL,Zone_4A Mixed Humid,urb,mfh,sr32_low,0.0
C-WEU-IRL,Zone_4A Mixed Humid,urb,sfh,s1,0.0
C-WEU-IRL,Zone_4A Mixed Humid,urb,sfh,s2,0.0
C-WEU-IRL,Zone_4A Mixed Humid,urb,sfh,s3,0.0
C-WEU-IRL,Zone_4A Mixed Humid,urb,sfh,s51_std,0.0
C-WEU-IRL,Zone_4A Mixed Humid,urb,sfh,s52_low,0.0
C-WEU-IRL,Zone_4A Mixed Humid,urb,sfh,sr11_std,0.0
C-WEU-IRL,Zone_4A Mixed Humid,urb,sfh,sr12_low,0.0
C-WEU-IRL,Zone_4A Mixed Humid,urb,sfh,sr21_std,0.0
C-WEU-IRL,Zone_4A Mixed Humid,urb,sfh,sr22_low,0.0
C-WEU-IRL,Zone_4A Mixed Humid,urb,sfh,sr31_std,0.0
C-WEU-IRL,Zone_4A Mixed Humid,urb,sfh,sr32_low,0.0
C-WEU-IRL,Zone_5A Cool Humid,rur,inf,ns,0.0
C-WEU-IRL,Zone_5A Cool Humid,rur,mfh,s1,0.0
C-WEU-IRL,Zone_5A Cool Humid,rur,mfh,s2,0.0
C-WEU-IRL,Zone_5A Cool Humid,rur,mfh,s3,0.0
C-WEU-IRL,Zone_5A Cool Humid,rur,mfh,s51_std,0.0
C-WEU-IRL,Zone_5A Cool Humid,rur,mfh,s52_low,0.13976
C-WEU-IRL,Zone_5A Cool Humid,rur,mfh,sr11_std,0.0
C-WEU-IRL,Zone_5A Cool Humid,rur,mfh,sr12_low,0.0
C-WEU-IRL,Zone_5A Cool Humid,rur,mfh,sr21_std,0.0
C-WEU-IRL,Zone_5A Cool Humid,rur,mfh,sr22_low,0.0
C-WEU-IRL,Zone_5A Cool Humid,rur,mfh,sr31_std,0.0
C-WEU-IRL,Zone_5A Cool Humid,rur,mfh,sr32_low,0.0
C-WEU-IRL,Zone_5A Cool Humid,rur,sfh,s1,0.0
C-WEU-IRL,Zone_5A Cool Humid,rur,sfh,s2,0.0
C-WEU-IRL,Zone_5A Cool Humid,rur,sfh,s3,0.0
C-WEU-IRL,Zone_5A Cool Humid,rur,sfh,s51_std,0.0
C-WEU-IRL,Zone_5A Cool Humid,rur,sfh,s52_low,0.0
C-WEU-IRL,Zone_5A Cool Humid,rur,sfh,sr11_std,0.0
C-WEU-IRL,Zone_5A Cool Humid,rur,sfh,sr12_low,0.0
C-WEU-IRL,Zone_5A Cool Humid,rur,sfh,sr21_std,0.0
C-WEU-IRL,Zone_5A Cool Humid,rur,sfh,sr22_low,0.0
C-WEU-IRL,Zone_5A Cool Humid,rur,sfh,sr31_std,0.0
C-WEU-IRL,Zone_5A Cool Humid,rur,sfh,sr32_low,0.0
C-WEU-IRL,Zone_5A Cool Humid,urb,inf,ns,0.0
C-WEU-IRL,Zone_5A Cool Humid,urb,mfh,s1,0.0
C-WEU-IRL,Zone_5A Cool Humid,urb,mfh,s2,0.0
C-WEU-IRL,Zone_5A Cool Humid,urb,mfh,s3,0.0
C-WEU-IRL,Zone_5A Cool Humid,urb,mfh,s51_std,0.0
C-WEU-IRL,Zone_5A Cool Humid,urb,mfh,s52_low,0.04015
C-WEU-IRL,Zone_5A Cool Humid,urb,mfh,sr11_std,0.0
C-WEU-IRL,Zone_5A Cool Humid,urb,mfh,sr12_low,0.0
C-WEU-IRL,Zone_5A Cool Humid,urb,mfh,sr21_std,0.0
C-WEU-IRL,Zone_5A Cool Humid,urb,mfh,sr22_low,0.0
C-WEU-IRL,Zone_5A Cool Humid,urb,mfh,sr31_std,0.0
C-WEU-IRL,Zone_5A Cool Humid,urb,mfh,sr32_low,0.0
C-WEU-IRL,Zone_5A Cool Humid,urb,sfh,s1,0.0
C-WEU-IRL,Zone_5A Cool Humid,urb,sfh,s2,0.0
C-WEU-IRL,Zone_5A Cool Humid,urb,sfh,s3,0.0
C-WEU-IRL,Zone_5A Cool Humid,urb,sfh,s51_std,0.0
C-WEU-IRL,Zone_5A Cool Humid,urb,sfh,s52_low,0.0
C-WEU-IRL,Zone_5A Cool Humid,urb,sfh,sr11_std,0.0
C-WEU-IRL,Zone_5A Cool Humid,urb,sfh,sr12_low,0.0
C-WEU-IRL,Zone_5A Cool Humid,urb,sfh,sr21_std,0.0
C-WEU-IRL,Zone_5A Cool Humid,urb,sfh,sr22_low,0.0
C-WEU-IRL,Zone_5A Cool Humid,urb,sfh,sr31_std,0.0
C-WEU-IRL,Zone_5A Cool Humid,urb,sfh,sr32_low,0.0
C-WEU-ITA,Zone_3A Warm Humid,rur,inf,ns,1.0
C-WEU-ITA,Zone_3A Warm Humid,rur,mfh,s1,1.0
C-WEU-ITA,Zone_3A Warm Humid,rur,mfh,s2,1.0
C-WEU-ITA,Zone_3A Warm Humid,rur,mfh,s3,1.0
C-WEU-ITA,Zone_3A Warm Humid,rur,mfh,s51_std,1.0
C-WEU-ITA,Zone_3A Warm Humid,rur,mfh,s52_low,1.0
C-WEU-ITA,Zone_3A Warm Humid,rur,mfh,sr11_std,1.0
C-WEU-ITA,Zone_3A Warm Humid,rur,mfh,sr12_low,1.0
C-WEU-ITA,Zone_3A Warm Humid,rur,mfh,sr21_std,1.0
C-WEU-ITA,Zone_3A Warm Humid,rur,mfh,sr22_low,1.0
C-WEU-ITA,Zone_3A Warm Humid,rur,mfh,sr31_std,1.0
C-WEU-ITA,Zone_3A Warm Humid,rur,mfh,sr32_low,1.0
C-WEU-ITA,Zone_3A Warm Humid,rur,sfh,s1,1.0
C-WEU-ITA,Zone_3A Warm Humid,rur,sfh,s2,1.0
C-WEU-ITA,Zone_3A Warm Humid,rur,sfh,s3,1.0
C-WEU-ITA,Zone_3A Warm Humid,rur,sfh,s51_std,1.0
C-WEU-ITA,Zone_3A Warm Humid,rur,sfh,s52_low,1.0
C-WEU-ITA,Zone_3A Warm Humid,rur,sfh,sr11_std,1.0
C-WEU-ITA,Zone_3A Warm Humid,rur,sfh,sr12_low,1.0
C-WEU-ITA,Zone_3A Warm Humid,rur,sfh,sr21_std,1.0
C-WEU-ITA,Zone_3A Warm Humid,rur,sfh,sr22_low,1.0
C-WEU-ITA,Zone_3A Warm Humid,rur,sfh,sr31_std,1.0
C-WEU-ITA,Zone_3A Warm Humid,rur,sfh,sr32_low,1.0
C-WEU-ITA,Zone_3A Warm Humid,urb,inf,ns,1.0
C-WEU-ITA,Zone_3A Warm Humid,urb,mfh,s1,1.0
C-WEU-ITA,Zone_3A Warm Humid,urb,mfh,s2,1.0
C-WEU-ITA,Zone_3A Warm Humid,urb,mfh,s3,1.0
C-WEU-ITA,Zone_3A Warm Humid,urb,mfh,s51_std,1.0
C-WEU-ITA,Zone_3A Warm Humid,urb,mfh,s52_low,1.0
C-WEU-ITA,Zone_3A Warm Humid,urb,mfh,sr11_std,1.0
C-WEU-ITA,Zone_3A Warm Humid,urb,mfh,sr12_low,1.0
C-WEU-ITA,Zone_3A Warm Humid,urb,mfh,sr21_std,1.0
C-WEU-ITA,Zone_3A Warm Humid,urb,mfh,sr22_low,1.0
C-WEU-ITA,Zone_3A Warm Humid,urb,mfh,sr31_std,1.0
C-WEU-ITA,Zone_3A Warm Humid,urb,mfh,sr32_low,1.0
C-WEU-ITA,Zone_3A Warm Humid,urb,sfh,s1,1.0
C-WEU-ITA,Zone_3A Warm Humid,urb,sfh,s2,1.0
C-WEU-ITA,Zone_3A Warm Humid,urb,sfh,s3,1.0
C-WEU-ITA,Zone_3A Warm Humid,urb,sfh,s51_std,1.0
C-WEU-ITA,Zone_3A Warm Humid,urb,sfh,s52_low,1.0
C-WEU-ITA,Zone_3A Warm Humid,urb,sfh,sr11_std,1.0
C-WEU-ITA,Zone_3A Warm Humid,urb,sfh,sr12_low,1.0
C-WEU-ITA,Zone_3A Warm Humid,urb,sfh,sr21_std,1.0
C-WEU-ITA,Zone_3A Warm Humid,urb,sfh,sr22_low,1.0
C-WEU-ITA,Zone_3A Warm Humid,urb,sfh,sr31_std,1.0
C-WEU-ITA,Zone_3A Warm Humid,urb,sfh,sr32_low,1.0
C-WEU-ITA,Zone_4A Mixed Humid,rur,inf,ns,1.0
C-WEU-ITA,Zone_4A Mixed Humid,rur,mfh,s1,1.0
C-WEU-ITA,Zone_4A Mixed Humid,rur,mfh,s2,1.0
C-WEU-ITA,Zone_4A Mixed Humid,rur,mfh,s3,1.0
C-WEU-ITA,Zone_4A Mixed Humid,rur,mfh,s51_std,1.0
C-WEU-ITA,Zone_4A Mixed Humid,rur,mfh,s52_low,1.0
C-WEU-ITA,Zone_4A Mixed Humid,rur,mfh,sr11_std,1.0
C-WEU-ITA,Zone_4A Mixed Humid,rur,mfh,sr12_low,1.0
C-WEU-ITA,Zone_4A Mixed Humid,rur,mfh,sr21_std,1.0
C-WEU-ITA,Zone_4A Mixed Humid,rur,mfh,sr22_low,1.0
C-WEU-ITA,Zone_4A Mixed Humid,rur,mfh,sr31_std,1.0
C-WEU-ITA,Zone_4A Mixed Humid,rur,mfh,sr32_low,1.0
C-WEU-ITA,Zone_4A Mixed Humid,rur,sfh,s1,1.0
C-WEU-ITA,Zone_4A Mixed Humid,rur,sfh,s2,1.0
C-WEU-ITA,Zone_4A Mixed Humid,rur,sfh,s3,1.0
C-WEU-ITA,Zone_4A Mixed Humid,rur,sfh,s51_std,1.0
C-WEU-ITA,Zone_4A Mixed Humid,rur,sfh,s52_low,1.0
C-WEU-ITA,Zone_4A Mixed Humid,rur,sfh,sr11_std,1.0
C-WEU-ITA,Zone_4A Mixed Humid,rur,sfh,sr12_low,1.0
C-WEU-ITA,Zone_4A Mixed Humid,rur,sfh,sr21_std,1.0
C-WEU-ITA,Zone_4A Mixed Humid,rur,sfh,sr22_low,1.0
C-WEU-ITA,Zone_4A Mixed Humid,rur,sfh,sr31_std,1.0
C-WEU-ITA,Zone_4A Mixed Humid,rur,sfh,sr32_low,1.0
C-WEU-ITA,Zone_4A Mixed Humid,urb,inf,ns,1.0
C-WEU-ITA,Zone_4A Mixed Humid,urb,mfh,s1,1.0
C-WEU-ITA,Zone_4A Mixed Humid,urb,mfh,s2,1.0
C-WEU-ITA,Zone_4A Mixed Humid,urb,mfh,s3,1.0
C-WEU-ITA,Zone_4A Mixed Humid,urb,mfh,s51_std,1.0
C-WEU-ITA,Zone_4A Mixed Humid,urb,mfh,s52_low,1.0
C-WEU-ITA,Zone_4A Mixed Humid,urb,mfh,sr11_std,1.0
C-WEU-ITA,Zone_4A Mixed Humid,urb,mfh,sr12_low,1.0
C-WEU-ITA,Zone_4A Mixed Humid,urb,mfh,sr21_std,1.0
C-WEU-ITA,Zone_4A Mixed Humid,urb,mfh,sr22_low,1.0
C-WEU-ITA,Zone_4A Mixed Humid,urb,mfh,sr31_std,1.0
C-WEU-ITA,Zone_4A Mixed Humid,urb,mfh,sr32_low,1.0
C-WEU-ITA,Zone_4A Mixed Humid,urb,sfh,s1,1.0
C-WEU-ITA,Zone_4A Mixed Humid,urb,sfh,s2,1.0
C-WEU-ITA,Zone_4A Mixed Humid,urb,sfh,s3,1.0
C-WEU-ITA,Zone_4A Mixed Humid,urb,sfh,s51_std,1.0
C-WEU-ITA,Zone_4A Mixed Humid,urb,sfh,s52_low,1.0
C-WEU-ITA,Zone_4A Mixed Humid,urb,sfh,sr11_std,1.0
C-WEU-ITA,Zone_4A Mixed Humid,urb,sfh,sr12_low,1.0
C-WEU-ITA,Zone_4A Mixed Humid,urb,sfh,sr21_std,1.0
C-WEU-ITA,Zone_4A Mixed Humid,urb,sfh,sr22_low,1.0
C-WEU-ITA,Zone_4A Mixed Humid,urb,sfh,sr31_std,1.0
C-WEU-ITA,Zone_4A Mixed Humid,urb,sfh,sr32_low,1.0
C-WEU-ITA,Zone_4C Mixed Marine,rur,inf,ns,1.0
C-WEU-ITA,Zone_4C Mixed Marine,rur,mfh,s1,1.0
C-WEU-ITA,Zone_4C Mixed Marine,rur,mfh,s2,1.0
C-WEU-ITA,Zone_4C Mixed Marine,rur,mfh,s3,1.0
C-WEU-ITA,Zone_4C Mixed Marine,rur,mfh,s51_std,1.0
C-WEU-ITA,Zone_4C Mixed Marine,rur,mfh,s52_low,1.0
C-WEU-ITA,Zone_4C Mixed Marine,rur,mfh,sr11_std,1.0
C-WEU-ITA,Zone_4C Mixed Marine,rur,mfh,sr12_low,1.0
C-WEU-ITA,Zone_4C Mixed Marine,rur,mfh,sr21_std,1.0
C-WEU-ITA,Zone_4C Mixed Marine,rur,mfh,sr22_low,1.0
C-WEU-ITA,Zone_4C Mixed Marine,rur,mfh,sr31_std,1.0
C-WEU-ITA,Zone_4C Mixed Marine,rur,mfh,sr32_low,1.0
C-WEU-ITA,Zone_4C Mixed Marine,rur,sfh,s1,1.0
C-WEU-ITA,Zone_4C Mixed Marine,rur,sfh,s2,1.0
C-WEU-ITA,Zone_4C Mixed Marine,rur,sfh,s3,1.0
C-WEU-ITA,Zone_4C Mixed Marine,rur,sfh,s51_std,1.0
C-WEU-ITA,Zone_4C Mixed Marine,rur,sfh,s52_low,1.0
C-WEU-ITA,Zone_4C Mixed Marine,rur,sfh,sr11_std,1.0
C-WEU-ITA,Zone_4C Mixed Marine,rur,sfh,sr12_low,1.0
C-WEU-ITA,Zone_4C Mixed Marine,rur,sfh,sr21_std,1.0
C-WEU-ITA,Zone_4C Mixed Marine,rur,sfh,sr22_low,1.0
C-WEU-ITA,Zone_4C Mixed Marine,rur,sfh,sr31_std,1.0
C-WEU-ITA,Zone_4C Mixed Marine,rur,sfh,sr32_low,1.0
C-WEU-ITA,Zone_4C Mixed Marine,urb,inf,ns,1.0
C-WEU-ITA,Zone_4C Mixed Marine,urb,mfh,s1,1.0
C-WEU-ITA,Zone_4C Mixed Marine,urb,mfh,s2,1.0
C-WEU-ITA,Zone_4C Mixed Marine,urb,mfh,s3,1.0
C-WEU-ITA,Zone_4C Mixed Marine,urb,mfh,s51_std,1.0
C-WEU-ITA,Zone_4C Mixed Marine,urb,mfh,s52_low,1.0
C-WEU-ITA,Zone_4C Mixed Marine,urb,mfh,sr11_std,1.0
C-WEU-ITA,Zone_4C Mixed Marine,urb,mfh,sr12_low,1.0
C-WEU-ITA,Zone_4C Mixed Marine,urb,mfh,sr21_std,1.0
C-WEU-ITA,Zone_4C Mixed Marine,urb,mfh,sr22_low,1.0
C-WEU-ITA,Zone_4C Mixed Marine,urb,mfh,sr31_std,1.0
C-WEU-ITA,Zone_4C Mixed Marine,urb,mfh,sr32_low,1.0
C-WEU-ITA,Zone_4C Mixed Marine,urb,sfh,s1,1.0
C-WEU-ITA,Zone_4C Mixed Marine,urb,sfh,s2,1.0
C-WEU-ITA,Zone_4C Mixed Marine,urb,sfh,s3,1.0
C-WEU-ITA,Zone_4C Mixed Marine,urb,sfh,s51_std,1.0
C-WEU-ITA,Zone_4C Mixed Marine,urb,sfh,s52_low,1.0
C-WEU-ITA,Zone_4C Mixed Marine,urb,sfh,sr11_std,1.0
C-WEU-ITA,Zone_4C Mixed Marine,urb,sfh,sr12_low,1.0
C-WEU-ITA,Zone_4C Mixed Marine,urb,sfh,sr21_std,1.0
C-WEU-ITA,Zone_4C Mixed Marine,urb,sfh,sr22_low,1.0
C-WEU-ITA,Zone_4C Mixed Marine,urb,sfh,sr31_std,1.0
C-WEU-ITA,Zone_4C Mixed Marine,urb,sfh,sr32_low,1.0
C-WEU-ITA,Zone_5A Cool Humid,rur,inf,ns,0.98959
C-WEU-ITA,Zone_5A Cool Humid,rur,mfh,s1,0.82125
C-WEU-ITA,Zone_5A Cool Humid,rur,mfh,s2,1.0
C-WEU-ITA,Zone_5A Cool Humid,rur,mfh,s3,1.0
C-WEU-ITA,Zone_5A Cool Humid,rur,mfh,s51_std,1.0
C-WEU-ITA,Zone_5A Cool Humid,rur,mfh,s52_low,1.0
C-WEU-ITA,Zone_5A Cool Humid,rur,mfh,sr11_std,0.82125
C-WEU-ITA,Zone_5A Cool Humid,rur,mfh,sr12_low,0.82125
C-WEU-ITA,Zone_5A Cool Humid,rur,mfh,sr21_std,1.0
C-WEU-ITA,Zone_5A Cool Humid,rur,mfh,sr22_low,1.0
C-WEU-ITA,Zone_5A Cool Humid,rur,mfh,sr31_std,1.0
C-WEU-ITA,Zone_5A Cool Humid,rur,mfh,sr32_low,1.0
C-WEU-ITA,Zone_5A Cool Humid,rur,sfh,s1,0.49479
C-WEU-ITA,Zone_5A Cool Humid,rur,sfh,s2,0.49479
C-WEU-ITA,Zone_5A Cool Humid,rur,sfh,s3,0.89773
C-WEU-ITA,Zone_5A Cool Humid,rur,sfh,s51_std,1.0
C-WEU-ITA,Zone_5A Cool Humid,rur,sfh,s52_low,1.0
C-WEU-ITA,Zone_5A Cool Humid,rur,sfh,sr11_std,0.49479
C-WEU-ITA,Zone_5A Cool Humid,rur,sfh,sr12_low,0.49479
C-WEU-ITA,Zone_5A Cool Humid,rur,sfh,sr21_std,0.49479
C-WEU-ITA,Zone_5A Cool Humid,rur,sfh,sr22_low,0.49479
C-WEU-ITA,Zone_5A Cool Humid,rur,sfh,sr31_std,0.89773
C-WEU-ITA,Zone_5A Cool Humid,rur,sfh,sr32_low,0.89773
C-WEU-ITA,Zone_5A Cool Humid,urb,inf,ns,0.52809
C-WEU-ITA,Zone_5A Cool Humid,urb,mfh,s1,0.89845
C-WEU-ITA,Zone_5A Cool Humid,urb,mfh,s2,1.0
C-WEU-ITA,Zone_5A Cool Humid,urb,mfh,s3,1.0
C-WEU-ITA,Zone_5A Cool Humid,urb,mfh,s51_std,1.0
C-WEU-ITA,Zone_5A Cool Humid,urb,mfh,s52_low,1.0
C-WEU-ITA,Zone_5A Cool Humid,urb,mfh,sr11_std,0.89845
C-WEU-ITA,Zone_5A Cool Humid,urb,mfh,sr12_low,0.89845
C-WEU-ITA,Zone_5A Cool Humid,urb,mfh,sr21_std,1.0
C-WEU-ITA,Zone_5A Cool Humid,urb,mfh,sr22_low,1.0
C-WEU-ITA,Zone_5A Cool Humid,urb,mfh,sr31_std,1.0
C-WEU-ITA,Zone_5A Cool Humid,urb,mfh,sr32_low,1.0
C-WEU-ITA,Zone_5A Cool Humid,urb,sfh,s1,0.26405
C-WEU-ITA,Zone_5A Cool Humid,urb,sfh,s2,0.26405
C-WEU-ITA,Zone_5A Cool Humid,urb,sfh,s3,0.91712
C-WEU-ITA,Zone_5A Cool Humid,urb,sfh,s51_std,1.0
C-WEU-ITA,Zone_5A Cool Humid,urb,sfh,s52_low,1.0
C-WEU-ITA,Zone_5A Cool Humid,urb,sfh,sr11_std,0.26405
C-WEU-ITA,Zone_5A Cool Humid,urb,sfh,sr12_low,0.26405
C-WEU-ITA,Zone_5A Cool Humid,urb,sfh,sr21_std,0.26405
C-WEU-ITA,Zone_5A Cool Humid,urb,sfh,sr22_low,0.26405
C-WEU-ITA,Zone_5A Cool Humid,urb,sfh,sr31_std,0.91712
C-WEU-ITA,Zone_5A Cool Humid,urb,sfh,sr32_low,0.91712
C-WEU-ITA,Zone_5C Cool Marine,rur,inf,ns,0.98959
C-WEU-ITA,Zone_5C Cool Marine,rur,mfh,s1,0.82125
C-WEU-ITA,Zone_5C Cool Marine,rur,mfh,s2,1.0
C-WEU-ITA,Zone_5C Cool Marine,rur,mfh,s3,1.0
C-WEU-ITA,Zone_5C Cool Marine,rur,mfh,s51_std,1.0
C-WEU-ITA,Zone_5C Cool Marine,rur,mfh,s52_low,1.0
C-WEU-ITA,Zone_5C Cool Marine,rur,mfh,sr11_std,0.82125
C-WEU-ITA,Zone_5C Cool Marine,rur,mfh,sr12_low,0.82125
C-WEU-ITA,Zone_5C Cool Marine,rur,mfh,sr21_std,1.0
C-WEU-ITA,Zone_5C Cool Marine,rur,mfh,sr22_low,1.0
C-WEU-ITA,Zone_5C Cool Marine,rur,mfh,sr31_std,1.0
C-WEU-ITA,Zone_5C Cool Marine,rur,mfh,sr32_low,1.0
C-WEU-ITA,Zone_5C Cool Marine,rur,sfh,s1,0.49479
C-WEU-ITA,Zone_5C Cool Marine,rur,sfh,s2,0.49479
C-WEU-ITA,Zone_5C Cool Marine,rur,sfh,s3,0.89773
C-WEU-ITA,Zone_5C Cool Marine,rur,sfh,s51_std,1.0
C-WEU-ITA,Zone_5C Cool Marine,rur,sfh,s52_low,1.0
C-WEU-ITA,Zone_5C Cool Marine,rur,sfh,sr11_std,0.49479
C-WEU-ITA,Zone_5C Cool Marine,rur,sfh,sr12_low,0.49479
C-WEU-ITA,Zone_5C Cool Marine,rur,sfh,sr21_std,0.49479
C-WEU-ITA,Zone_5C Cool Marine,rur,sfh,sr22_low,0.49479
C-WEU-ITA,Zone_5C Cool Marine,rur,sfh,sr31_std,0.89773
C-WEU-ITA,Zone_5C Cool Marine,rur,sfh,sr32_low,0.89773
C-WEU-ITA,Zone_5C Cool Marine,urb,inf,ns,0.52809
C-WEU-ITA,Zone_5C Cool Marine,urb,mfh,s1,0.89845
C-WEU-ITA,Zone_5C Cool Marine,urb,mfh,s2,1.0
C-WEU-ITA,Zone_5C Cool Marine,urb,mfh,s3,1.0
C-WEU-ITA,Zone_5C Cool Marine,urb,mfh,s51_std,1.0
C-WEU-ITA,Zone_5C Cool Marine,urb,mfh,s52_low,1.0
C-WEU-ITA,Zone_5C Cool Marine,urb,mfh,sr11_std,0.89845
C-WEU-ITA,Zone_5C Cool Marine,urb,mfh,sr12_low,0.89845
C-WEU-ITA,Zone_5C Cool Marine,urb,mfh,sr21_std,1.0
C-WEU-ITA,Zone_5C Cool Marine,urb,mfh,sr22_low,1.0
C-WEU-ITA,Zone_5C Cool Marine,urb,mfh,sr31_std,1.0
C-WEU-ITA,Zone_5C Cool Marine,urb,mfh,sr32_low,1.0
C-WEU-ITA,Zone_5C Cool Marine,urb,sfh,s1,0.26405
C-WEU-ITA,Zone_5C Cool Marine,urb,sfh,s2,0.26405
C-WEU-ITA,Zone_5C Cool Marine,urb,sfh,s3,0.91712
C-WEU-ITA,Zone_5C Cool Marine,urb,sfh,s51_std,1.0
C-WEU-ITA,Zone_5C Cool Marine,urb,sfh,s52_low,1.0
C-WEU-ITA,Zone_5C Cool Marine,urb,sfh,sr11_std,0.26405
C-WEU-ITA,Zone_5C Cool Marine,urb,sfh,sr12_low,0.26405
C-WEU-ITA,Zone_5C Cool Marine,urb,sfh,sr21_std,0.26405
C-WEU-ITA,Zone_5C Cool Marine,urb,sfh,sr22_low,0.26405
C-WEU-ITA,Zone_5C Cool Marine,urb,sfh,sr31_std,0.91712
C-WEU-ITA,Zone_5C Cool Marine,urb,sfh,sr32_low,0.91712
C-WEU-ITA,Zone_6A Cold Humid,rur,inf,ns,0.98959
C-WEU-ITA,Zone_6A Cold Humid,rur,mfh,s1,0.82125
C-WEU-ITA,Zone_6A Cold Humid,rur,mfh,s2,1.0
C-WEU-ITA,Zone_6A Cold Humid,rur,mfh,s3,1.0
C-WEU-ITA,Zone_6A Cold Humid,rur,mfh,s51_std,1.0
C-WEU-ITA,Zone_6A Cold Humid,rur,mfh,s52_low,1.0
C-WEU-ITA,Zone_6A Cold Humid,rur,mfh,sr11_std,0.82125
C-WEU-ITA,Zone_6A Cold Humid,rur,mfh,sr12_low,0.82125
C-WEU-ITA,Zone_6A Cold Humid,rur,mfh,sr21_std,1.0
C-WEU-ITA,Zone_6A Cold Humid,rur,mfh,sr22_low,1.0
C-WEU-ITA,Zone_6A Cold Humid,rur,mfh,sr31_std,1.0
C-WEU-ITA,Zone_6A Cold Humid,rur,mfh,sr32_low,1.0
C-WEU-ITA,Zone_6A Cold Humid,rur,sfh,s1,0.49479
C-WEU-ITA,Zone_6A Cold Humid,rur,sfh,s2,0.49479
C-WEU-ITA,Zone_6A Cold Humid,rur,sfh,s3,0.89773
C-WEU-ITA,Zone_6A Cold Humid,rur,sfh,s51_std,1.0
C-WEU-ITA,Zone_6A Cold Humid,rur,sfh,s52_low,1.0
C-WEU-ITA,Zone_6A Cold Humid,rur,sfh,sr11_std,0.49479
C-WEU-ITA,Zone_6A Cold Humid,rur,sfh,sr12_low,0.49479
C-WEU-ITA,Zone_6A Cold Humid,rur,sfh,sr21_std,0.49479
C-WEU-ITA,Zone_6A Cold Humid,rur,sfh,sr22_low,0.49479
C-WEU-ITA,Zone_6A Cold Humid,rur,sfh,sr31_std,0.89773
C-WEU-ITA,Zone_6A Cold Humid,rur,sfh,sr32_low,0.89773
C-WEU-ITA,Zone_6A Cold Humid,urb,inf,ns,0.52809
C-WEU-ITA,Zone_6A Cold Humid,urb,mfh,s1,0.89845
C-WEU-ITA,Zone_6A Cold Humid,urb,mfh,s2,1.0
C-WEU-ITA,Zone_6A Cold Humid,urb,mfh,s3,1.0
C-WEU-ITA,Zone_6A Cold Humid,urb,mfh,s51_std,1.0
C-WEU-ITA,Zone_6A Cold Humid,urb,mfh,s52_low,1.0
C-WEU-ITA,Zone_6A Cold Humid,urb,mfh,sr11_std,0.89845
C-WEU-ITA,Zone_6A Cold Humid,urb,mfh,sr12_low,0.89845
C-WEU-ITA,Zone_6A Cold Humid,urb,mfh,sr21_std,1.0
C-WEU-ITA,Zone_6A Cold Humid,urb,mfh,sr22_low,1.0
C-WEU-ITA,Zone_6A Cold Humid,urb,mfh,sr31_std,1.0
C-WEU-ITA,Zone_6A Cold Humid,urb,mfh,sr32_low,1.0
C-WEU-ITA,Zone_6A Cold Humid,urb,sfh,s1,0.26405
C-WEU-ITA,Zone_6A Cold Humid,urb,sfh,s2,0.26405
C-WEU-ITA,Zone_6A Cold Humid,urb,sfh,s3,0.91712
C-WEU-ITA,Zone_6A Cold Humid,urb,sfh,s51_std,1.0
C-WEU-ITA,Zone_6A Cold Humid,urb,sfh,s52_low,1.0
C-WEU-ITA,Zone_6A Cold Humid,urb,sfh,sr11_std,0.26405
C-WEU-ITA,Zone_6A Cold Humid,urb,sfh,sr12_low,0.26405
C-WEU-ITA,Zone_6A Cold Humid,urb,sfh,sr21_std,0.26405
C-WEU-ITA,Zone_6A Cold Humid,urb,sfh,sr22_low,0.26405
C-WEU-ITA,Zone_6A Cold Humid,urb,sfh,sr31_std,0.91712
C-WEU-ITA,Zone_6A Cold Humid,urb,sfh,sr32_low,0.91712
C-WEU-ITA,Zone_7A Very cold Humid,rur,inf,ns,0.21292
C-WEU-ITA,Zone_7A Very cold Humid,rur,mfh,s1,0.51825
C-WEU-ITA,Zone_7A Very cold Humid,rur,mfh,s2,0.71388
C-WEU-ITA,Zone_7A Very cold Humid,rur,mfh,s3,0.93851
C-WEU-ITA,Zone_7A Very cold Humid,rur,mfh,s51_std,0.97158
C-WEU-ITA,Zone_7A Very cold Humid,rur,mfh,s52_low,0.99869
C-WEU-ITA,Zone_7A Very cold Humid,rur,mfh,sr11_std,0.51825
C-WEU-ITA,Zone_7A Very cold Humid,rur,mfh,sr12_low,0.51825
C-WEU-ITA,Zone_7A Very cold Humid,rur,mfh,sr21_std,0.71388
C-WEU-ITA,Zone_7A Very cold Humid,rur,mfh,sr22_low,0.71388
C-WEU-ITA,Zone_7A Very cold Humid,rur,mfh,sr31_std,0.93851
C-WEU-ITA,Zone_7A Very cold Humid,rur,mfh,sr32_low,0.93851
C-WEU-ITA,Zone_7A Very cold Humid,rur,sfh,s1,0.10646
C-WEU-ITA,Zone_7A Very cold Humid,rur,sfh,s2,0.31723
C-WEU-ITA,Zone_7A Very cold Humid,rur,sfh,s3,0.62207
C-WEU-ITA,Zone_7A Very cold Humid,rur,sfh,s51_std,0.76392
C-WEU-ITA,Zone_7A Very cold Humid,rur,sfh,s52_low,0.9464
C-WEU-ITA,Zone_7A Very cold Humid,rur,sfh,sr11_std,0.10646
C-WEU-ITA,Zone_7A Very cold Humid,rur,sfh,sr12_low,0.10646
C-WEU-ITA,Zone_7A Very cold Humid,rur,sfh,sr21_std,0.31723
C-WEU-ITA,Zone_7A Very cold Humid,rur,sfh,sr22_low,0.31723
C-WEU-ITA,Zone_7A Very cold Humid,rur,sfh,sr31_std,0.62207
C-WEU-ITA,Zone_7A Very cold Humid,rur,sfh,sr32_low,0.62207
C-WEU-ITA,Zone_7A Very cold Humid,urb,inf,ns,0.21566
C-WEU-ITA,Zone_7A Very cold Humid,urb,mfh,s1,0.58549
C-WEU-ITA,Zone_7A Very cold Humid,urb,mfh,s2,0.70225
C-WEU-ITA,Zone_7A Very cold Humid,urb,mfh,s3,1.0
C-WEU-ITA,Zone_7A Very cold Humid,urb,mfh,s51_std,1.0
C-WEU-ITA,Zone_7A Very cold Humid,urb,mfh,s52_low,1.0
C-WEU-ITA,Zone_7A Very cold Humid,urb,mfh,sr11_std,0.58549
C-WEU-ITA,Zone_7A Very cold Humid,urb,mfh,sr12_low,0.58549
C-WEU-ITA,Zone_7A Very cold Humid,urb,mfh,sr21_std,0.70225
C-WEU-ITA,Zone_7A Very cold Humid,urb,mfh,sr22_low,0.70225
C-WEU-ITA,Zone_7A Very cold Humid,urb,mfh,sr31_std,1.0
C-WEU-ITA,Zone_7A Very cold Humid,urb,mfh,sr32_low,1.0
C-WEU-ITA,Zone_7A Very cold Humid,urb,sfh,s1,0.10783
C-WEU-ITA,Zone_7A Very cold Humid,urb,sfh,s2,0.3651
C-WEU-ITA,Zone_7A Very cold Humid,urb,sfh,s3,0.59614
C-WEU-ITA,Zone_7A Very cold Humid,urb,sfh,s51_std,0.72087
C-WEU-ITA,Zone_7A Very cold Humid,urb,sfh,s52_low,1.0
C-WEU-ITA,Zone_7A Very cold Humid,urb,sfh,sr11_std,0.10783
C-WEU-ITA,Zone_7A Very cold Humid,urb,sfh,sr12_low,0.10783
C-WEU-ITA,Zone_7A Very cold Humid,urb,sfh,sr21_std,0.3651
C-WEU-ITA,Zone_7A Very cold Humid,urb,sfh,sr22_low,0.3651
C-WEU-ITA,Zone_7A Very cold Humid,urb,sfh,sr31_std,0.59614
C-WEU-ITA,Zone_7A Very cold Humid,urb,sfh,sr32_low,0.59614
C-WEU-LUX,Zone_5A Cool Humid,rur,inf,ns,0.99237
C-WEU-LUX,Zone_5A Cool Humid,rur,mfh,s1,1.0
C-WEU-LUX,Zone_5A Cool Humid,rur,mfh,s2,1.0
C-WEU-LUX,Zone_5A Cool Humid,rur,mfh,s3,1.0
C-WEU-LUX,Zone_5A Cool Humid,rur,mfh,s51_std,1.0
C-WEU-LUX,Zone_5A Cool Humid,rur,mfh,s52_low,1.0
C-WEU-LUX,Zone_5A Cool Humid,rur,mfh,sr11_std,1.0
C-WEU-LUX,Zone_5A Cool Humid,rur,mfh,sr12_low,1.0
C-WEU-LUX,Zone_5A Cool Humid,rur,mfh,sr21_std,1.0
C-WEU-LUX,Zone_5A Cool Humid,rur,mfh,sr22_low,1.0
C-WEU-LUX,Zone_5A Cool Humid,rur,mfh,sr31_std,1.0
C-WEU-LUX,Zone_5A Cool Humid,rur,mfh,sr32_low,1.0
C-WEU-LUX,Zone_5A Cool Humid,rur,sfh,s1,1.0
C-WEU-LUX,Zone_5A Cool Humid,rur,sfh,s2,1.0
C-WEU-LUX,Zone_5A Cool Humid,rur,sfh,s3,1.0
C-WEU-LUX,Zone_5A Cool Humid,rur,sfh,s51_std,1.0
C-WEU-LUX,Zone_5A Cool Humid,rur,sfh,s52_low,1.0
C-WEU-LUX,Zone_5A Cool Humid,rur,sfh,sr11_std,1.0
C-WEU-LUX,Zone_5A Cool Humid,rur,sfh,sr12_low,1.0
C-WEU-LUX,Zone_5A Cool Humid,rur,sfh,sr21_std,1.0
C-WEU-LUX,Zone_5A Cool Humid,rur,sfh,sr22_low,1.0
C-WEU-LUX,Zone_5A Cool Humid,rur,sfh,sr31_std,1.0
C-WEU-LUX,Zone_5A Cool Humid,rur,sfh,sr32_low,1.0
C-WEU-LUX,Zone_5A Cool Humid,urb,inf,ns,0.98714
C-WEU-LUX,Zone_5A Cool Humid,urb,mfh,s1,1.0
C-WEU-LUX,Zone_5A Cool Humid,urb,mfh,s2,1.0
C-WEU-LUX,Zone_5A Cool Humid,urb,mfh,s3,1.0
C-WEU-LUX,Zone_5A Cool Humid,urb,mfh,s51_std,1.0
C-WEU-LUX,Zone_5A Cool Humid,urb,mfh,s52_low,1.0
C-WEU-LUX,Zone_5A Cool Humid,urb,mfh,sr11_std,1.0
C-WEU-LUX,Zone_5A Cool Humid,urb,mfh,sr12_low,1.0
C-WEU-LUX,Zone_5A Cool Humid,urb,mfh,sr21_std,1.0
C-WEU-LUX,Zone_5A Cool Humid,urb,mfh,sr22_low,1.0
C-WEU-LUX,Zone_5A Cool Humid,urb,mfh,sr31_std,1.0
C-WEU-LUX,Zone_5A Cool Humid,urb,mfh,sr32_low,1.0
C-WEU-LUX,Zone_5A Cool Humid,urb,sfh,s1,1.0
C-WEU-LUX,Zone_5A Cool Humid,urb,sfh,s2,1.0
C-WEU-LUX,Zone_5A Cool Humid,urb,sfh,s3,1.0
C-WEU-LUX,Zone_5A Cool Humid,urb,sfh,s51_std,1.0
C-WEU-LUX,Zone_5A Cool Humid,urb,sfh,s52_low,1.0
C-WEU-LUX,Zone_5A Cool Humid,urb,sfh,sr11_std,1.0
C-WEU-LUX,Zone_5A Cool Humid,urb,sfh,sr12_low,1.0
C-WEU-LUX,Zone_5A Cool Humid,urb,sfh,sr21_std,1.0
C-WEU-LUX,Zone_5A Cool Humid,urb,sfh,sr22_low,1.0
C-WEU-LUX,Zone_5A Cool Humid,urb,sfh,sr31_std,1.0
C-WEU-LUX,Zone_5A Cool Humid,urb,sfh,sr32_low,1.0
C-WEU-MLT,Zone_3A Warm Humid,rur,inf,ns,1.0
C-WEU-MLT,Zone_3A Warm Humid,rur,mfh,s1,1.0
C-WEU-MLT,Zone_3A Warm Humid,rur,mfh,s2,1.0
C-WEU-MLT,Zone_3A Warm Humid,rur,mfh,s3,1.0
C-WEU-MLT,Zone_3A Warm Humid,rur,mfh,s51_std,1.0
C-WEU-MLT,Zone_3A Warm Humid,rur,mfh,s52_low,1.0
C-WEU-MLT,Zone_3A Warm Humid,rur,mfh,sr11_std,1.0
C-WEU-MLT,Zone_3A Warm Humid,rur,mfh,sr12_low,1.0
C-WEU-MLT,Zone_3A Warm Humid,rur,mfh,sr21_std,1.0
C-WEU-MLT,Zone_3A Warm Humid,rur,mfh,sr22_low,1.0
C-WEU-MLT,Zone_3A Warm Humid,rur,mfh,sr31_std,1.0
C-WEU-MLT,Zone_3A Warm Humid,rur,mfh,sr32_low,1.0
C-WEU-MLT,Zone_3A Warm Humid,rur,sfh,s1,1.0
C-WEU-MLT,Zone_3A Warm Humid,rur,sfh,s2,1.0
C-WEU-MLT,Zone_3A Warm Humid,rur,sfh,s3,1.0
C-WEU-MLT,Zone_3A Warm Humid,rur,sfh,s51_std,1.0
C-WEU-MLT,Zone_3A Warm Humid,rur,sfh,s52_low,1.0
C-WEU-MLT,Zone_3A Warm Humid,rur,sfh,sr11_std,1.0
C-WEU-MLT,Zone_3A Warm Humid,rur,sfh,sr12_low,1.0
C-WEU-MLT,Zone_3A Warm Humid,rur,sfh,sr21_std,1.0
C-WEU-MLT,Zone_3A Warm Humid,rur,sfh,sr22_low,1.0
C-WEU-MLT,Zone_3A Warm Humid,rur,sfh,sr31_std,1.0
C-WEU-MLT,Zone_3A Warm Humid,rur,sfh,sr32_low,1.0
C-WEU-MLT,Zone_3A Warm Humid,urb,inf,ns,1.0
C-WEU-MLT,Zone_3A Warm Humid,urb,mfh,s1,1.0
C-WEU-MLT,Zone_3A Warm Humid,urb,mfh,s2,1.0
C-WEU-MLT,Zone_3A Warm Humid,urb,mfh,s3,1.0
C-WEU-MLT,Zone_3A Warm Humid,urb,mfh,s51_std,1.0
C-WEU-MLT,Zone_3A Warm Humid,urb,mfh,s52_low,1.0
C-WEU-MLT,Zone_3A Warm Humid,urb,mfh,sr11_std,1.0
C-WEU-MLT,Zone_3A Warm Humid,urb,mfh,sr12_low,1.0
C-WEU-MLT,Zone_3A Warm Humid,urb,mfh,sr21_std,1.0
C-WEU-MLT,Zone_3A Warm Humid,urb,mfh,sr22_low,1.0
C-WEU-MLT,Zone_3A Warm Humid,urb,mfh,sr31_std,1.0
C-WEU-MLT,Zone_3A Warm Humid,urb,mfh,sr32_low,1.0
C-WEU-MLT,Zone_3A Warm Humid,urb,sfh,s1,1.0
C-WEU-MLT,Zone_3A Warm Humid,urb,sfh,s2,1.0
C-WEU-MLT,Zone_3A Warm Humid,urb,sfh,s3,1.0
C-WEU-MLT,Zone_3A Warm Humid,urb,sfh,s51_std,1.0
C-WEU-MLT,Zone_3A Warm Humid,urb,sfh,s52_low,1.0
C-WEU-MLT,Zone_3A Warm Humid,urb,sfh,sr11_std,1.0
C-WEU-MLT,Zone_3A Warm Humid,urb,sfh,sr12_low,1.0
C-WEU-MLT,Zone_3A Warm Humid,urb,sfh,sr21_std,1.0
C-WEU-MLT,Zone_3A Warm Humid,urb,sfh,sr22_low,1.0
C-WEU-MLT,Zone_3A Warm Humid,urb,sfh,sr31_std,1.0
C-WEU-MLT,Zone_3A Warm Humid,urb,sfh,sr32_low,1.0
C-WEU-NLD,Zone_4A Mixed Humid,rur,inf,ns,0.99722
C-WEU-NLD,Zone_4A Mixed Humid,rur,mfh,s1,0.99722
C-WEU-NLD,Zone_4A Mixed Humid,rur,mfh,s2,1.0
C-WEU-NLD,Zone_4A Mixed Humid,rur,mfh,s3,1.0
C-WEU-NLD,Zone_4A Mixed Humid,rur,mfh,s51_std,1.0
C-WEU-NLD,Zone_4A Mixed Humid,rur,mfh,s52_low,1.0
C-WEU-NLD,Zone_4A Mixed Humid,rur,mfh,sr11_std,0.99722
C-WEU-NLD,Zone_4A Mixed Humid,rur,mfh,sr12_low,0.99722
C-WEU-NLD,Zone_4A Mixed Humid,rur,mfh,sr21_std,1.0
C-WEU-NLD,Zone_4A Mixed Humid,rur,mfh,sr22_low,1.0
C-WEU-NLD,Zone_4A Mixed Humid,rur,mfh,sr31_std,1.0
C-WEU-NLD,Zone_4A Mixed Humid,rur,mfh,sr32_low,1.0
C-WEU-NLD,Zone_4A Mixed Humid,rur,sfh,s1,0.99722
C-WEU-NLD,Zone_4A Mixed Humid,rur,sfh,s2,0.99722
C-WEU-NLD,Zone_4A Mixed Humid,rur,sfh,s3,0.99722
C-WEU-NLD,Zone_4A Mixed Humid,rur,sfh,s51_std,1.0
C-WEU-NLD,Zone_4A Mixed Humid,rur,sfh,s52_low,1.0
C-WEU-NLD,Zone_4A Mixed Humid,rur,sfh,sr11_std,0.99722
C-WEU-NLD,Zone_4A Mixed Humid,rur,sfh,sr12_low,0.99722
C-WEU-NLD,Zone_4A Mixed Humid,rur,sfh,sr21_std,0.99722
C-WEU-NLD,Zone_4A Mixed Humid,rur,sfh,sr22_low,0.99722
C-WEU-NLD,Zone_4A Mixed Humid,rur,sfh,sr31_std,0.99722
C-WEU-NLD,Zone_4A Mixed Humid,rur,sfh,sr32_low,0.99722
C-WEU-NLD,Zone_4A Mixed Humid,urb,inf,ns,1.0
C-WEU-NLD,Zone_4A Mixed Humid,urb,mfh,s1,1.0
C-WEU-NLD,Zone_4A Mixed Humid,urb,mfh,s2,1.0
C-WEU-NLD,Zone_4A Mixed Humid,urb,mfh,s3,1.0
C-WEU-NLD,Zone_4A Mixed Humid,urb,mfh,s51_std,1.0
C-WEU-NLD,Zone_4A Mixed Humid,urb,mfh,s52_low,1.0
C-WEU-NLD,Zone_4A Mixed Humid,urb,mfh,sr11_std,1.0
C-WEU-NLD,Zone_4A Mixed Humid,urb,mfh,sr12_low,1.0
C-WEU-NLD,Zone_4A Mixed Humid,urb,mfh,sr21_std,1.0
C-WEU-NLD,Zone_4A Mixed Humid,urb,mfh,sr22_low,1.0
C-WEU-NLD,Zone_4A Mixed Humid,urb,mfh,sr31_std,1.0
C-WEU-NLD,Zone_4A Mixed Humid,urb,mfh,sr32_low,1.0
C-WEU-NLD,Zone_4A Mixed Humid,urb,sfh,s1,1.0
C-WEU-NLD,Zone_4A Mixed Humid,urb,sfh,s2,1.0
C-WEU-NLD,Zone_4A Mixed Humid,urb,sfh,s3,1.0
C-WEU-NLD,Zone_4A Mixed Humid,urb,sfh,s51_std,1.0
C-WEU-NLD,Zone_4A Mixed Humid,urb,sfh,s52_low,1.0
C-WEU-NLD,Zone_4A Mixed Humid,urb,sfh,sr11_std,1.0
C-WEU-NLD,Zone_4A Mixed Humid,urb,sfh,sr12_low,1.0
C-WEU-NLD,Zone_4A Mixed Humid,urb,sfh,sr21_std,1.0
C-WEU-NLD,Zone_4A Mixed Humid,urb,sfh,sr22_low,1.0
C-WEU-NLD,Zone_4A Mixed Humid,urb,sfh,sr31_std,1.0
C-WEU-NLD,Zone_4A Mixed Humid,urb,sfh,sr32_low,1.0
C-WEU-NLD,Zone_5A Cool Humid,rur,inf,ns,1.0
C-WEU-NLD,Zone_5A Cool Humid,rur,mfh,s1,1.0
C-WEU-NLD,Zone_5A Cool Humid,rur,mfh,s2,1.0
C-WEU-NLD,Zone_5A Cool Humid,rur,mfh,s3,1.0
C-WEU-NLD,Zone_5A Cool Humid,rur,mfh,s51_std,1.0
C-WEU-NLD,Zone_5A Cool Humid,rur,mfh,s52_low,1.0
C-WEU-NLD,Zone_5A Cool Humid,rur,mfh,sr11_std,1.0
C-WEU-NLD,Zone_5A Cool Humid,rur,mfh,sr12_low,1.0
C-WEU-NLD,Zone_5A Cool Humid,rur,mfh,sr21_std,1.0
C-WEU-NLD,Zone_5A Cool Humid,rur,mfh,sr22_low,1.0
C-WEU-NLD,Zone_5A Cool Humid,rur,mfh,sr31_std,1.0
C-WEU-NLD,Zone_5A Cool Humid,rur,mfh,sr32_low,1.0
C-WEU-NLD,Zone_5A Cool Humid,rur,sfh,s1,1.0
C-WEU-NLD,Zone_5A Cool Humid,rur,sfh,s2,1.0
C-WEU-NLD,Zone_5A Cool Humid,rur,sfh,s3,1.0
C-WEU-NLD,Zone_5A Cool Humid,rur,sfh,s51_std,1.0
C-WEU-NLD,Zone_5A Cool Humid,rur,sfh,s52_low,1.0
C-WEU-NLD,Zone_5A Cool Humid,rur,sfh,sr11_std,1.0
C-WEU-NLD,Zone_5A Cool Humid,rur,sfh,sr12_low,1.0
C-WEU-NLD,Zone_5A Cool Humid,rur,sfh,sr21_std,1.0
C-WEU-NLD,Zone_5A Cool Humid,rur,sfh,sr22_low,1.0
C-WEU-NLD,Zone_5A Cool Humid,rur,sfh,sr31_std,1.0
C-WEU-NLD,Zone_5A Cool Humid,rur,sfh,sr32_low,1.0
C-WEU-NLD,Zone_5A Cool Humid,urb,inf,ns,1.0
C-WEU-NLD,Zone_5A Cool Humid,urb,mfh,s1,1.0
C-WEU-NLD,Zone_5A Cool Humid,urb,mfh,s2,1.0
C-WEU-NLD,Zone_5A Cool Humid,urb,mfh,s3,1.0
C-WEU-NLD,Zone_5A Cool Humid,urb,mfh,s51_std,1.0
C-WEU-NLD,Zone_5A Cool Humid,urb,mfh,s52_low,1.0
C-WEU-NLD,Zone_5A Cool Humid,urb,mfh,sr11_std,1.0
C-WEU-NLD,Zone_5A Cool Humid,urb,mfh,sr12_low,1.0
C-WEU-NLD,Zone_5A Cool Humid,urb,mfh,sr21_std,1.0
C-WEU-NLD,Zone_5A Cool Humid,urb,mfh,sr22_low,1.0
C-WEU-NLD,Zone_5A Cool Humid,urb,mfh,sr31_std,1.0
C-WEU-NLD,Zone_5A Cool Humid,urb,mfh,sr32_low,1.0
C-WEU-NLD,Zone_5A Cool Humid,urb,sfh,s1,1.0
C-WEU-NLD,Zone_5A Cool Humid,urb,sfh,s2,1.0
C-WEU-NLD,Zone_5A Cool Humid,urb,sfh,s3,1.0
C-WEU-NLD,Zone_5A Cool Humid,urb,sfh,s51_std,1.0
C-WEU-NLD,Zone_5A Cool Humid,urb,sfh,s52_low,1.0
C-WEU-NLD,Zone_5A Cool Humid,urb,sfh,sr11_std,1.0
C-WEU-NLD,Zone_5A Cool Humid,urb,sfh,sr12_low,1.0
C-WEU-NLD,Zone_5A Cool Humid,urb,sfh,sr21_std,1.0
C-WEU-NLD,Zone_5A Cool Humid,urb,sfh,sr22_low,1.0
C-WEU-NLD,Zone_5A Cool Humid,urb,sfh,sr31_std,1.0
C-WEU-NLD,Zone_5A Cool Humid,urb,sfh,sr32_low,1.0
C-WEU-PRT,Zone_3A Warm Humid,rur,inf,ns,1.0
C-WEU-PRT,Zone_3A Warm Humid,rur,mfh,s1,1.0
C-WEU-PRT,Zone_3A Warm Humid,rur,mfh,s2,1.0
C-WEU-PRT,Zone_3A Warm Humid,rur,mfh,s3,1.0
C-WEU-PRT,Zone_3A Warm Humid,rur,mfh,s51_std,1.0
C-WEU-PRT,Zone_3A Warm Humid,rur,mfh,s52_low,1.0
C-WEU-PRT,Zone_3A Warm Humid,rur,mfh,sr11_std,1.0
C-WEU-PRT,Zone_3A Warm Humid,rur,mfh,sr12_low,1.0
C-WEU-PRT,Zone_3A Warm Humid,rur,mfh,sr21_std,1.0
C-WEU-PRT,Zone_3A Warm Humid,rur,mfh,sr22_low,1.0
C-WEU-PRT,Zone_3A Warm Humid,rur,mfh,sr31_std,1.0
C-WEU-PRT,Zone_3A Warm Humid,rur,mfh,sr32_low,1.0
C-WEU-PRT,Zone_3A Warm Humid,rur,sfh,s1,1.0
C-WEU-PRT,Zone_3A Warm Humid,rur,sfh,s2,1.0
C-WEU-PRT,Zone_3A Warm Humid,rur,sfh,s3,1.0
C-WEU-PRT,Zone_3A Warm Humid,rur,sfh,s51_std,1.0
C-WEU-PRT,Zone_3A Warm Humid,rur,sfh,s52_low,1.0
C-WEU-PRT,Zone_3A Warm Humid,rur,sfh,sr11_std,1.0
C-WEU-PRT,Zone_3A Warm Humid,rur,sfh,sr12_low,1.0
C-WEU-PRT,Zone_3A Warm Humid,rur,sfh,sr21_std,1.0
C-WEU-PRT,Zone_3A Warm Humid,rur,sfh,sr22_low,1.0
C-WEU-PRT,Zone_3A Warm Humid,rur,sfh,sr31_std,1.0
C-WEU-PRT,Zone_3A Warm Humid,rur,sfh,sr32_low,1.0
C-WEU-PRT,Zone_3A Warm Humid,urb,inf,ns,1.0
C-WEU-PRT,Zone_3A Warm Humid,urb,mfh,s1,1.0
C-WEU-PRT,Zone_3A Warm Humid,urb,mfh,s2,1.0
C-WEU-PRT,Zone_3A Warm Humid,urb,mfh,s3,1.0
C-WEU-PRT,Zone_3A Warm Humid,urb,mfh,s51_std,1.0
C-WEU-PRT,Zone_3A Warm Humid,urb,mfh,s52_low,1.0
C-WEU-PRT,Zone_3A Warm Humid,urb,mfh,sr11_std,1.0
C-WEU-PRT,Zone_3A Warm Humid,urb,mfh,sr12_low,1.0
C-WEU-PRT,Zone_3A Warm Humid,urb,mfh,sr21_std,1.0
C-WEU-PRT,Zone_3A Warm Humid,urb,mfh,sr22_low,1.0
C-WEU-PRT,Zone_3A Warm Humid,urb,mfh,sr31_std,1.0
C-WEU-PRT,Zone_3A Warm Humid,urb,mfh,sr32_low,1.0
C-WEU-PRT,Zone_3A Warm Humid,urb,sfh,s1,1.0
C-WEU-PRT,Zone_3A Warm Humid,urb,sfh,s2,1.0
C-WEU-PRT,Zone_3A Warm Humid,urb,sfh,s3,1.0
C-WEU-PRT,Zone_3A Warm Humid,urb,sfh,s51_std,1.0
C-WEU-PRT,Zone_3A Warm Humid,urb,sfh,s52_low,1.0
C-WEU-PRT,Zone_3A Warm Humid,urb,sfh,sr11_std,1.0
C-WEU-PRT,Zone_3A Warm Humid,urb,sfh,sr12_low,1.0
C-WEU-PRT,Zone_3A Warm Humid,urb,sfh,sr21_std,1.0
C-WEU-PRT,Zone_3A Warm Humid,urb,sfh,sr22_low,1.0
C-WEU-PRT,Zone_3A Warm Humid,urb,sfh,sr31_std,1.0
C-WEU-PRT,Zone_3A Warm Humid,urb,sfh,sr32_low,1.0
C-WEU-PRT,Zone_3C Warm Marine,rur,inf,ns,0.99773
C-WEU-PRT,Zone_3C Warm Marine,rur,mfh,s1,0.99773
C-WEU-PRT,Zone_3C Warm Marine,rur,mfh,s2,0.99773
C-WEU-PRT,Zone_3C Warm Marine,rur,mfh,s3,0.99773
C-WEU-PRT,Zone_3C Warm Marine,rur,mfh,s51_std,0.99773
C-WEU-PRT,Zone_3C Warm Marine,rur,mfh,s52_low,0.99773
C-WEU-PRT,Zone_3C Warm Marine,rur,mfh,sr11_std,0.99773
C-WEU-PRT,Zone_3C Warm Marine,rur,mfh,sr12_low,0.99773
C-WEU-PRT,Zone_3C Warm Marine,rur,mfh,sr21_std,0.99773
C-WEU-PRT,Zone_3C Warm Marine,rur,mfh,sr22_low,0.99773
C-WEU-PRT,Zone_3C Warm Marine,rur,mfh,sr31_std,0.99773
C-WEU-PRT,Zone_3C Warm Marine,rur,mfh,sr32_low,0.99773
C-WEU-PRT,Zone_3C Warm Marine,rur,sfh,s1,0.99773
C-WEU-PRT,Zone_3C Warm Marine,rur,sfh,s2,0.99773
C-WEU-PRT,Zone_3C Warm Marine,rur,sfh,s3,0.99773
C-WEU-PRT,Zone_3C Warm Marine,rur,sfh,s51_std,0.99773
C-WEU-PRT,Zone_3C Warm Marine,rur,sfh,s52_low,0.99773
C-WEU-PRT,Zone_3C Warm Marine,rur,sfh,sr11_std,0.99773
C-WEU-PRT,Zone_3C Warm Marine,rur,sfh,sr12_low,0.99773
C-WEU-PRT,Zone_3C Warm Marine,rur,sfh,sr21_std,0.99773
C-WEU-PRT,Zone_3C Warm Marine,rur,sfh,sr22_low,0.99773
C-WEU-PRT,Zone_3C Warm Marine,rur,sfh,sr31_std,0.99773
C-WEU-PRT,Zone_3C Warm Marine,rur,sfh,sr32_low,0.99773
C-WEU-PRT,Zone_3C Warm Marine,urb,inf,ns,1.0
C-WEU-PRT,Zone_3C Warm Marine,urb,mfh,s1,1.0
C-WEU-PRT,Zone_3C Warm Marine,urb,mfh,s2,1.0
C-WEU-PRT,Zone_3C Warm Marine,urb,mfh,s3,1.0
C-WEU-PRT,Zone_3C Warm Marine,urb,mfh,s51_std,1.0
C-WEU-PRT,Zone_3C Warm Marine,urb,mfh,s52_low,1.0
C-WEU-PRT,Zone_3C Warm Marine,urb,mfh,sr11_std,1.0
C-WEU-PRT,Zone_3C Warm Marine,urb,mfh,sr12_low,1.0
C-WEU-PRT,Zone_3C Warm Marine,urb,mfh,sr21_std,1.0
C-WEU-PRT,Zone_3C Warm Marine,urb,mfh,sr22_low,1.0
C-WEU-PRT,Zone_3C Warm Marine,urb,mfh,sr31_std,1.0
C-WEU-PRT,Zone_3C Warm Marine,urb,mfh,sr32_low,1.0
C-WEU-PRT,Zone_3C Warm Marine,urb,sfh,s1,1.0
C-WEU-PRT,Zone_3C Warm Marine,urb,sfh,s2,1.0
C-WEU-PRT,Zone_3C Warm Marine,urb,sfh,s3,1.0
C-WEU-PRT,Zone_3C Warm Marine,urb,sfh,s51_std,1.0
C-WEU-PRT,Zone_3C Warm Marine,urb,sfh,s52_low,1.0
C-WEU-PRT,Zone_3C Warm Marine,urb,sfh,sr11_std,1.0
C-WEU-PRT,Zone_3C Warm Marine,urb,sfh,sr12_low,1.0
C-WEU-PRT,Zone_3C Warm Marine,urb,sfh,sr21_std,1.0
C-WEU-PRT,Zone_3C Warm Marine,urb,sfh,sr22_low,1.0
C-WEU-PRT,Zone_3C Warm Marine,urb,sfh,sr31_std,1.0
C-WEU-PRT,Zone_3C Warm Marine,urb,sfh,sr32_low,1.0
C-WEU-PRT,Zone_4A Mixed Humid,rur,inf,ns,0.99773
C-WEU-PRT,Zone_4A Mixed Humid,rur,mfh,s1,0.99773
C-WEU-PRT,Zone_4A Mixed Humid,rur,mfh,s2,0.99773
C-WEU-PRT,Zone_4A Mixed Humid,rur,mfh,s3,0.99773
C-WEU-PRT,Zone_4A Mixed Humid,rur,mfh,s51_std,0.99773
C-WEU-PRT,Zone_4A Mixed Humid,rur,mfh,s52_low,0.99773
C-WEU-PRT,Zone_4A Mixed Humid,rur,mfh,sr11_std,0.99773
C-WEU-PRT,Zone_4A Mixed Humid,rur,mfh,sr12_low,0.99773
C-WEU-PRT,Zone_4A Mixed Humid,rur,mfh,sr21_std,0.99773
C-WEU-PRT,Zone_4A Mixed Humid,rur,mfh,sr22_low,0.99773
C-WEU-PRT,Zone_4A Mixed Humid,rur,mfh,sr31_std,0.99773
C-WEU-PRT,Zone_4A Mixed Humid,rur,mfh,sr32_low,0.99773
C-WEU-PRT,Zone_4A Mixed Humid,rur,sfh,s1,0.99773
C-WEU-PRT,Zone_4A Mixed Humid,rur,sfh,s2,0.99773
C-WEU-PRT,Zone_4A Mixed Humid,rur,sfh,s3,0.99773
C-WEU-PRT,Zone_4A Mixed Humid,rur,sfh,s51_std,0.99773
C-WEU-PRT,Zone_4A Mixed Humid,rur,sfh,s52_low,0.99773
C-WEU-PRT,Zone_4A Mixed Humid,rur,sfh,sr11_std,0.99773
C-WEU-PRT,Zone_4A Mixed Humid,rur,sfh,sr12_low,0.99773
C-WEU-PRT,Zone_4A Mixed Humid,rur,sfh,sr21_std,0.99773
C-WEU-PRT,Zone_4A Mixed Humid,rur,sfh,sr22_low,0.99773
C-WEU-PRT,Zone_4A Mixed Humid,rur,sfh,sr31_std,0.99773
C-WEU-PRT,Zone_4A Mixed Humid,rur,sfh,sr32_low,0.99773
C-WEU-PRT,Zone_4A Mixed Humid,urb,inf,ns,1.0
C-WEU-PRT,Zone_4A Mixed Humid,urb,mfh,s1,1.0
C-WEU-PRT,Zone_4A Mixed Humid,urb,mfh,s2,1.0
C-WEU-PRT,Zone_4A Mixed Humid,urb,mfh,s3,1.0
C-WEU-PRT,Zone_4A Mixed Humid,urb,mfh,s51_std,1.0
C-WEU-PRT,Zone_4A Mixed Humid,urb,mfh,s52_low,1.0
C-WEU-PRT,Zone_4A Mixed Humid,urb,mfh,sr11_std,1.0
C-WEU-PRT,Zone_4A Mixed Humid,urb,mfh,sr12_low,1.0
C-WEU-PRT,Zone_4A Mixed Humid,urb,mfh,sr21_std,1.0
C-WEU-PRT,Zone_4A Mixed Humid,urb,mfh,sr22_low,1.0
C-WEU-PRT,Zone_4A Mixed Humid,urb,mfh,sr31_std,1.0
C-WEU-PRT,Zone_4A Mixed Humid,urb,mfh,sr32_low,1.0
C-WEU-PRT,Zone_4A Mixed Humid,urb,sfh,s1,1.0
C-WEU-PRT,Zone_4A Mixed Humid,urb,sfh,s2,1.0
C-WEU-PRT,Zone_4A Mixed Humid,urb,sfh,s3,1.0
C-WEU-PRT,Zone_4A Mixed Humid,urb,sfh,s51_std,1.0
C-WEU-PRT,Zone_4A Mixed Humid,urb,sfh,s52_low,1.0
C-WEU-PRT,Zone_4A Mixed Humid,urb,sfh,sr11_std,1.0
C-WEU-PRT,Zone_4A Mixed Humid,urb,sfh,sr12_low,1.0
C-WEU-PRT,Zone_4A Mixed Humid,urb,sfh,sr21_std,1.0
C-WEU-PRT,Zone_4A Mixed Humid,urb,sfh,sr22_low,1.0
C-WEU-PRT,Zone_4A Mixed Humid,urb,sfh,sr31_std,1.0
C-WEU-PRT,Zone_4A Mixed Humid,urb,sfh,sr32_low,1.0
C-WEU-PRT,Zone_4C Mixed Marine,rur,inf,ns,0.99773
C-WEU-PRT,Zone_4C Mixed Marine,rur,mfh,s1,0.99773
C-WEU-PRT,Zone_4C Mixed Marine,rur,mfh,s2,0.99773
C-WEU-PRT,Zone_4C Mixed Marine,rur,mfh,s3,0.99773
C-WEU-PRT,Zone_4C Mixed Marine,rur,mfh,s51_std,0.99773
C-WEU-PRT,Zone_4C Mixed Marine,rur,mfh,s52_low,0.99773
C-WEU-PRT,Zone_4C Mixed Marine,rur,mfh,sr11_std,0.99773
C-WEU-PRT,Zone_4C Mixed Marine,rur,mfh,sr12_low,0.99773
C-WEU-PRT,Zone_4C Mixed Marine,rur,mfh,sr21_std,0.99773
C-WEU-PRT,Zone_4C Mixed Marine,rur,mfh,sr22_low,0.99773
C-WEU-PRT,Zone_4C Mixed Marine,rur,mfh,sr31_std,0.99773
C-WEU-PRT,Zone_4C Mixed Marine,rur,mfh,sr32_low,0.99773
C-WEU-PRT,Zone_4C Mixed Marine,rur,sfh,s1,0.99773
C-WEU-PRT,Zone_4C Mixed Marine,rur,sfh,s2,0.99773
C-WEU-PRT,Zone_4C Mixed Marine,rur,sfh,s3,0.99773
C-WEU-PRT,Zone_4C Mixed Marine,rur,sfh,s51_std,0.99773
C-WEU-PRT,Zone_4C Mixed Marine,rur,sfh,s52_low,0.99773
C-WEU-PRT,Zone_4C Mixed Marine,rur,sfh,sr11_std,0.99773
C-WEU-PRT,Zone_4C Mixed Marine,rur,sfh,sr12_low,0.99773
C-WEU-PRT,Zone_4C Mixed Marine,rur,sfh,sr21_std,0.99773
C-WEU-PRT,Zone_4C Mixed Marine,rur,sfh,sr22_low,0.99773
C-WEU-PRT,Zone_4C Mixed Marine,rur,sfh,sr31_std,0.99773
C-WEU-PRT,Zone_4C Mixed Marine,rur,sfh,sr32_low,0.99773
C-WEU-PRT,Zone_4C Mixed Marine,urb,inf,ns,1.0
C-WEU-PRT,Zone_4C Mixed Marine,urb,mfh,s1,1.0
C-WEU-PRT,Zone_4C Mixed Marine,urb,mfh,s2,1.0
C-WEU-PRT,Zone_4C Mixed Marine,urb,mfh,s3,1.0
C-WEU-PRT,Zone_4C Mixed Marine,urb,mfh,s51_std,1.0
C-WEU-PRT,Zone_4C Mixed Marine,urb,mfh,s52_low,1.0
C-WEU-PRT,Zone_4C Mixed Marine,urb,mfh,sr11_std,1.0
C-WEU-PRT,Zone_4C Mixed Marine,urb,mfh,sr12_low,1.0
C-WEU-PRT,Zone_4C Mixed Marine,urb,mfh,sr21_std,1.0
C-WEU-PRT,Zone_4C Mixed Marine,urb,mfh,sr22_low,1.0
C-WEU-PRT,Zone_4C Mixed Marine,urb,mfh,sr31_std,1.0
C-WEU-PRT,Zone_4C Mixed Marine,urb,mfh,sr32_low,1.0
C-WEU-PRT,Zone_4C Mixed Marine,urb,sfh,s1,1.0
C-WEU-PRT,Zone_4C Mixed Marine,urb,sfh,s2,1.0
C-WEU-PRT,Zone_4C Mixed Marine,urb,sfh,s3,1.0
C-WEU-PRT,Zone_4C Mixed Marine,urb,sfh,s51_std,1.0
C-WEU-PRT,Zone_4C Mixed Marine,urb,sfh,s52_low,1.0
C-WEU-PRT,Zone_4C Mixed Marine,urb,sfh,sr11_std,1.0
C-WEU-PRT,Zone_4C Mixed Marine,urb,sfh,sr12_low,1.0
C-WEU-PRT,Zone_4C Mixed Marine,urb,sfh,sr21_std,1.0
C-WEU-PRT,Zone_4C Mixed Marine,urb,sfh,sr22_low,1.0
C-WEU-PRT,Zone_4C Mixed Marine,urb,sfh,sr31_std,1.0
C-WEU-PRT,Zone_4C Mixed Marine,urb,sfh,sr32_low,1.0
C-WEU-SWE,Zone_5A Cool Humid,rur,inf,ns,0.94719
C-WEU-SWE,Zone_5A Cool Humid,rur,mfh,s1,0.99976
C-WEU-SWE,Zone_5A Cool Humid,rur,mfh,s2,0.99976
C-WEU-SWE,Zone_5A Cool Humid,rur,mfh,s3,1.0
C-WEU-SWE,Zone_5A Cool Humid,rur,mfh,s51_std,1.0
C-WEU-SWE,Zone_5A Cool Humid,rur,mfh,s52_low,1.0
C-WEU-SWE,Zone_5A Cool Humid,rur,mfh,sr11_std,0.99976
C-WEU-SWE,Zone_5A Cool Humid,rur,mfh,sr12_low,0.99976
C-WEU-SWE,Zone_5A Cool Humid,rur,mfh,sr21_std,0.99976
C-WEU-SWE,Zone_5A Cool Humid,rur,mfh,sr22_low,0.99976
C-WEU-SWE,Zone_5A Cool Humid,rur,mfh,sr31_std,1.0
C-WEU-SWE,Zone_5A Cool Humid,rur,mfh,sr32_low,1.0
C-WEU-SWE,Zone_5A Cool Humid,rur,sfh,s1,0.47359
C-WEU-SWE,Zone_5A Cool Humid,rur,sfh,s2,0.89717
C-WEU-SWE,Zone_5A Cool Humid,rur,sfh,s3,0.99976
C-WEU-SWE,Zone_5A Cool Humid,rur,sfh,s51_std,0.99976
C-WEU-SWE,Zone_5A Cool Humid,rur,sfh,s52_low,1.0
C-WEU-SWE,Zone_5A Cool Humid,rur,sfh,sr11_std,0.47359
C-WEU-SWE,Zone_5A Cool Humid,rur,sfh,sr12_low,0.47359
C-WEU-SWE,Zone_5A Cool Humid,rur,sfh,sr21_std,0.89717
C-WEU-SWE,Zone_5A Cool Humid,rur,sfh,sr22_low,0.89717
C-WEU-SWE,Zone_5A Cool Humid,rur,sfh,sr31_std,0.99976
C-WEU-SWE,Zone_5A Cool Humid,rur,sfh,sr32_low,0.99976
C-WEU-SWE,Zone_5A Cool Humid,urb,inf,ns,0.92286
C-WEU-SWE,Zone_5A Cool Humid,urb,mfh,s1,1.0
C-WEU-SWE,Zone_5A Cool Humid,urb,mfh,s2,1.0
C-WEU-SWE,Zone_5A Cool Humid,urb,mfh,s3,1.0
C-WEU-SWE,Zone_5A Cool Humid,urb,mfh,s51_std,1.0
C-WEU-SWE,Zone_5A Cool Humid,urb,mfh,s52_low,1.0
C-WEU-SWE,Zone_5A Cool Humid,urb,mfh,sr11_std,1.0
C-WEU-SWE,Zone_5A Cool Humid,urb,mfh,sr12_low,1.0
C-WEU-SWE,Zone_5A Cool Humid,urb,mfh,sr21_std,1.0
C-WEU-SWE,Zone_5A Cool Humid,urb,mfh,sr22_low,1.0
C-WEU-SWE,Zone_5A Cool Humid,urb,mfh,sr31_std,1.0
C-WEU-SWE,Zone_5A Cool Humid,urb,mfh,sr32_low,1.0
C-WEU-SWE,Zone_5A Cool Humid,urb,sfh,s1,0.92286
C-WEU-SWE,Zone_5A Cool Humid,urb,sfh,s2,0.97198
C-WEU-SWE,Zone_5A Cool Humid,urb,sfh,s3,1.0
C-WEU-SWE,Zone_5A Cool Humid,urb,sfh,s51_std,1.0
C-WEU-SWE,Zone_5A Cool Humid,urb,sfh,s52_low,1.0
C-WEU-SWE,Zone_5A Cool Humid,urb,sfh,sr11_std,0.92286
C-WEU-SWE,Zone_5A Cool Humid,urb,sfh,sr12_low,0.92286
C-WEU-SWE,Zone_5A Cool Humid,urb,sfh,sr21_std,0.97198
C-WEU-SWE,Zone_5A Cool Humid,urb,sfh,sr22_low,0.97198
C-WEU-SWE,Zone_5A Cool Humid,urb,sfh,sr31_std,1.0
C-WEU-SWE,Zone_5A Cool Humid,urb,sfh,sr32_low,1.0
C-WEU-SWE,Zone_6A Cold Humid,rur,inf,ns,0.64675
C-WEU-SWE,Zone_6A Cold Humid,rur,mfh,s1,0.94158
C-WEU-SWE,Zone_6A Cold Humid,rur,mfh,s2,1.0
C-WEU-SWE,Zone_6A Cold Humid,rur,mfh,s3,1.0
C-WEU-SWE,Zone_6A Cold Humid,rur,mfh,s51_std,1.0
C-WEU-SWE,Zone_6A Cold Humid,rur,mfh,s52_low,1.0
C-WEU-SWE,Zone_6A Cold Humid,rur,mfh,sr11_std,0.94158
C-WEU-SWE,Zone_6A Cold Humid,rur,mfh,sr12_low,0.94158
C-WEU-SWE,Zone_6A Cold Humid,rur,mfh,sr21_std,1.0
C-WEU-SWE,Zone_6A Cold Humid,rur,mfh,sr22_low,1.0
C-WEU-SWE,Zone_6A Cold Humid,rur,mfh,sr31_std,1.0
C-WEU-SWE,Zone_6A Cold Humid,rur,mfh,sr32_low,1.0
C-WEU-SWE,Zone_6A Cold Humid,rur,sfh,s1,0.64675
C-WEU-SWE,Zone_6A Cold Humid,rur,sfh,s2,0.78434
C-WEU-SWE,Zone_6A Cold Humid,rur,sfh,s3,0.98613
C-WEU-SWE,Zone_6A Cold Humid,rur,sfh,s51_std,1.0
C-WEU-SWE,Zone_6A Cold Humid,rur,sfh,s52_low,1.0
C-WEU-SWE,Zone_6A Cold Humid,rur,sfh,sr11_std,0.64675
C-WEU-SWE,Zone_6A Cold Humid,rur,sfh,sr12_low,0.64675
C-WEU-SWE,Zone_6A Cold Humid,rur,sfh,sr21_std,0.78434
C-WEU-SWE,Zone_6A Cold Humid,rur,sfh,sr22_low,0.78434
C-WEU-SWE,Zone_6A Cold Humid,rur,sfh,sr31_std,0.98613
C-WEU-SWE,Zone_6A Cold Humid,rur,sfh,sr32_low,0.98613
C-WEU-SWE,Zone_6A Cold Humid,urb,inf,ns,0.88147
C-WEU-SWE,Zone_6A Cold Humid,urb,mfh,s1,0.97876
C-WEU-SWE,Zone_6A Cold Humid,urb,mfh,s2,1.0
C-WEU-SWE,Zone_6A Cold Humid,urb,mfh,s3,1.0
C-WEU-SWE,Zone_6A Cold Humid,urb,mfh,s51_std,1.0
C-WEU-SWE,Zone_6A Cold Humid,urb,mfh,s52_low,1.0
C-WEU-SWE,Zone_6A Cold Humid,urb,mfh,sr11_std,0.97876
C-WEU-SWE,Zone_6A Cold Humid,urb,mfh,sr12_low,0.97876
C-WEU-SWE,Zone_6A Cold Humid,urb,mfh,sr21_std,1.0
C-WEU-SWE,Zone_6A Cold Humid,urb,mfh,sr22_low,1.0
C-WEU-SWE,Zone_6A Cold Humid,urb,mfh,sr31_std,1.0
C-WEU-SWE,Zone_6A Cold Humid,urb,mfh,sr32_low,1.0
C-WEU-SWE,Zone_6A Cold Humid,urb,sfh,s1,0.88147
C-WEU-SWE,Zone_6A Cold Humid,urb,sfh,s2,0.93973
C-WEU-SWE,Zone_6A Cold Humid,urb,sfh,s3,0.99701
C-WEU-SWE,Zone_6A Cold Humid,urb,sfh,s51_std,1.0
C-WEU-SWE,Zone_6A Cold Humid,urb,sfh,s52_low,1.0
C-WEU-SWE,Zone_6A Cold Humid,urb,sfh,sr11_std,0.88147
C-WEU-SWE,Zone_6A Cold Humid,urb,sfh,sr12_low,0.88147
C-WEU-SWE,Zone_6A Cold Humid,urb,sfh,sr21_std,0.93973
C-WEU-SWE,Zone_6A Cold Humid,urb,sfh,sr22_low,0.93973
C-WEU-SWE,Zone_6A Cold Humid,urb,sfh,sr31_std,0.99701
C-WEU-SWE,Zone_6A Cold Humid,urb,sfh,sr32_low,0.99701
C-WEU-SWE,Zone_7A Very cold Humid,rur,inf,ns,0.64675
C-WEU-SWE,Zone_7A Very cold Humid,rur,mfh,s1,0.94158
C-WEU-SWE,Zone_7A Very cold Humid,rur,mfh,s2,1.0
C-WEU-SWE,Zone_7A Very cold Humid,rur,mfh,s3,1.0
C-WEU-SWE,Zone_7A Very cold Humid,rur,mfh,s51_std,1.0
C-WEU-SWE,Zone_7A Very cold Humid,rur,mfh,s52_low,1.0
C-WEU-SWE,Zone_7A Very cold Humid,rur,mfh,sr11_std,0.94158
C-WEU-SWE,Zone_7A Very cold Humid,rur,mfh,sr12_low,0.94158
C-WEU-SWE,Zone_7A Very cold Humid,rur,mfh,sr21_std,1.0
C-WEU-SWE,Zone_7A Very cold Humid,rur,mfh,sr22_low,1.0
C-WEU-SWE,Zone_7A Very cold Humid,rur,mfh,sr31_std,1.0
C-WEU-SWE,Zone_7A Very cold Humid,rur,mfh,sr32_low,1.0
C-WEU-SWE,Zone_7A Very cold Humid,rur,sfh,s1,0.64675
C-WEU-SWE,Zone_7A Very cold Humid,rur,sfh,s2,0.78434
C-WEU-SWE,Zone_7A Very cold Humid,rur,sfh,s3,0.98613
C-WEU-SWE,Zone_7A Very cold Humid,rur,sfh,s51_std,1.0
C-WEU-SWE,Zone_7A Very cold Humid,rur,sfh,s52_low,1.0
C-WEU-SWE,Zone_7A Very cold Humid,rur,sfh,sr11_std,0.64675
C-WEU-SWE,Zone_7A Very cold Humid,rur,sfh,sr12_low,0.64675
C-WEU-SWE,Zone_7A Very cold Humid,rur,sfh,sr21_std,0.78434
C-WEU-SWE,Zone_7A Very cold Humid,rur,sfh,sr22_low,0.78434
C-WEU-SWE,Zone_7A Very cold Humid,rur,sfh,sr31_std,0.98613
C-WEU-SWE,Zone_7A Very cold Humid,rur,sfh,sr32_low,0.98613
C-WEU-SWE,Zone_7A Very cold Humid,urb,inf,ns,0.88147
C-WEU-SWE,Zone_7A Very cold Humid,urb,mfh,s1,0.97876
C-WEU-SWE,Zone_7A Very cold Humid,urb,mfh,s2,1.0
C-WEU-SWE,Zone_7A Very cold Humid,urb,mfh,s3,1.0
C-WEU-SWE,Zone_7A Very cold Humid,urb,mfh,s51_std,1.0
C-WEU-SWE,Zone_7A Very cold Humid,urb,mfh,s52_low,1.0
C-WEU-SWE,Zone_7A Very cold Humid,urb,mfh,sr11_std,0.97876
C-WEU-SWE,Zone_7A Very cold Humid,urb,mfh,sr12_low,0.97876
C-WEU-SWE,Zone_7A Very cold Humid,urb,mfh,sr21_std,1.0
C-WEU-SWE,Zone_7A Very cold Humid,urb,mfh,sr22_low,1.0
C-WEU-SWE,Zone_7A Very cold Humid,urb,mfh,sr31_std,1.0
C-WEU-SWE,Zone_7A Very cold Humid,urb,mfh,sr32_low,1.0
C-WEU-SWE,Zone_7A Very cold Humid,urb,sfh,s1,0.88147
C-WEU-SWE,Zone_7A Very cold Humid,urb,sfh,s2,0.93973
C-WEU-SWE,Zone_7A Very cold Humid,urb,sfh,s3,0.99701
C-WEU-SWE,Zone_7A Very cold Humid,urb,sfh,s51_std,1.0
C-WEU-SWE,Zone_7A Very cold Humid,urb,sfh,s52_low,1.0
C-WEU-SWE,Zone_7A Very cold Humid,urb,sfh,sr11_std,0.88147
C-WEU-SWE,Zone_7A Very cold Humid,urb,sfh,sr12_low,0.88147
C-WEU-SWE,Zone_7A Very cold Humid,urb,sfh,sr21_std,0.93973
C-WEU-SWE,Zone_7A Very cold Humid,urb,sfh,sr22_low,0.93973
C-WEU-SWE,Zone_7A Very cold Humid,urb,sfh,sr31_std,0.99701
C-WEU-SWE,Zone_7A Very cold Humid,urb,sfh,sr32_low,0.99701
C-WEU-SWE,Zone_8A Subarctic/arctic Humid,rur,inf,ns,0.21292
C-WEU-SWE,Zone_8A Subarctic/arctic Humid,rur,mfh,s1,0.51825
C-WEU-SWE,Zone_8A Subarctic/arctic Humid,rur,mfh,s2,0.71388
C-WEU-SWE,Zone_8A Subarctic/arctic Humid,rur,mfh,s3,0.93851
C-WEU-SWE,Zone_8A Subarctic/arctic Humid,rur,mfh,s51_std,0.97158
C-WEU-SWE,Zone_8A Subarctic/arctic Humid,rur,mfh,s52_low,0.99869
C-WEU-SWE,Zone_8A Subarctic/arctic Humid,rur,mfh,sr11_std,0.51825
C-WEU-SWE,Zone_8A Subarctic/arctic Humid,rur,mfh,sr12_low,0.51825
C-WEU-SWE,Zone_8A Subarctic/arctic Humid,rur,mfh,sr21_std,0.71388
C-WEU-SWE,Zone_8A Subarctic/arctic Humid,rur,mfh,sr22_low,0.71388
C-WEU-SWE,Zone_8A Subarctic/arctic Humid,rur,mfh,sr31_std,0.93851
C-WEU-SWE,Zone_8A Subarctic/arctic Humid,rur,mfh,sr32_low,0.93851
C-WEU-SWE,Zone_8A Subarctic/arctic Humid,rur,sfh,s1,0.10646
C-WEU-SWE,Zone_8A Subarctic/arctic Humid,rur,sfh,s2,0.31723
C-WEU-SWE,Zone_8A Subarctic/arctic Humid,rur,sfh,s3,0.62207
C-WEU-SWE,Zone_8A Subarctic/arctic Humid,rur,sfh,s51_std,0.76392
C-WEU-SWE,Zone_8A Subarctic/arctic Humid,rur,sfh,s52_low,0.9464
C-WEU-SWE,Zone_8A Subarctic/arctic Humid,rur,sfh,sr11_std,0.10646
C-WEU-SWE,Zone_8A Subarctic/arctic Humid,rur,sfh,sr12_low,0.10646
C-WEU-SWE,Zone_8A Subarctic/arctic Humid,rur,sfh,sr21_std,0.31723
C-WEU-SWE,Zone_8A Subarctic/arctic Humid,rur,sfh,sr22_low,0.31723
C-WEU-SWE,Zone_8A Subarctic/arctic Humid,rur,sfh,sr31_std,0.62207
C-WEU-SWE,Zone_8A Subarctic/arctic Humid,rur,sfh,sr32_low,0.62207
C-WEU-SWE,Zone_8A Subarctic/arctic Humid,urb,inf,ns,0.21566
C-WEU-SWE,Zone_8A Subarctic/arctic Humid,urb,mfh,s1,0.58549
C-WEU-SWE,Zone_8A Subarctic/arctic Humid,urb,mfh,s2,0.70225
C-WEU-SWE,Zone_8A Subarctic/arctic Humid,urb,mfh,s3,1.0
C-WEU-SWE,Zone_8A Subarctic/arctic Humid,urb,mfh,s51_std,1.0
C-WEU-SWE,Zone_8A Subarctic/arctic Humid,urb,mfh,s52_low,1.0
C-WEU-SWE,Zone_8A Subarctic/arctic Humid,urb,mfh,sr11_std,0.58549
C-WEU-SWE,Zone_8A Subarctic/arctic Humid,urb,mfh,sr12_low,0.58549
C-WEU-SWE,Zone_8A Subarctic/arctic Humid,urb,mfh,sr21_std,0.70225
C-WEU-SWE,Zone_8A Subarctic/arctic Humid,urb,mfh,sr22_low,0.70225
C-WEU-SWE,Zone_8A Subarctic/arctic Humid,urb,mfh,sr31_std,1.0
C-WEU-SWE,Zone_8A Subarctic/arctic Humid,urb,mfh,sr32_low,1.0
C-WEU-SWE,Zone_8A Subarctic/arctic Humid,urb,sfh,s1,0.10783
C-WEU-SWE,Zone_8A Subarctic/arctic Humid,urb,sfh,s2,0.3651
C-WEU-SWE,Zone_8A Subarctic/arctic Humid,urb,sfh,s3,0.59614
C-WEU-SWE,Zone_8A Subarctic/arctic Humid,urb,sfh,s51_std,0.72087
C-WEU-SWE,Zone_8A Subarctic/arctic Humid,urb,sfh,s52_low,1.0
C-WEU-SWE,Zone_8A Subarctic/arctic Humid,urb,sfh,sr11_std,0.10783
C-WEU-SWE,Zone_8A Subarctic/arctic Humid,urb,sfh,sr12_low,0.10783
C-WEU-SWE,Zone_8A Subarctic/arctic Humid,urb,sfh,sr21_std,0.3651
C-WEU-SWE,Zone_8A Subarctic/arctic Humid,urb,sfh,sr22_low,0.3651
C-WEU-SWE,Zone_8A Subarctic/arctic Humid,urb,sfh,sr31_std,0.59614
C-WEU-SWE,Zone_8A Subarctic/arctic Humid,urb,sfh,sr32_low,0.59614
