region_bld,clim,region_gea,urt,mat,arch,yr_con,bld_age,Occupied conventional dwellings,Unoccupied conventional dwellings
C-EEU-BGR,Zone_4A Mixed Humid,EEU,rur,perm,mfh,1945,p1,17231.972392171167,29022.999999999993
C-EEU-BGR,Zone_4A Mixed Humid,EEU,rur,perm,mfh,1960,p2,41435.55113771218,38805.99999999999
C-EEU-BGR,Zone_4A Mixed Humid,EEU,rur,perm,mfh,1965,p2,33325.25655599711,18201.93413014298
C-EEU-BGR,Zone_4A Mixed Humid,EEU,rur,perm,mfh,1970,p2,23441.75276247721,12803.659559551761
C-EEU-BGR,Zone_4A Mixed Humid,EEU,rur,perm,mfh,1975,p2,22083.401415644854,12061.741138035988
C-EEU-BGR,Zone_4A Mixed Humid,EEU,rur,perm,mfh,1980,p2,20834.61343589856,11379.665172269242
C-EEU-BGR,Zone_4A Mixed Humid,EEU,rur,perm,mfh,1985,p2,22252.86803777609,11413.281235046248
C-EEU-BGR,Zone_4A Mixed Humid,EEU,rur,perm,mfh,1990,p2,13940.026519886787,7149.705054889236
C-EEU-BGR,Zone_4A Mixed Humid,EEU,rur,perm,mfh,1995,p3,2748.239915016621,1409.5457267897805
C-EEU-BGR,Zone_4A Mixed Humid,EEU,rur,perm,mfh,2000,p3,5247.647948584756,2691.467983274699
C-EEU-BGR,Zone_4A Mixed Humid,EEU,rur,perm,mfh,2005,p3,2054.9500115033525,1689.185547559944
C-EEU-BGR,Zone_4A Mixed Humid,EEU,rur,perm,mfh,2010,p3,2365.9310175762257,1944.8144524400377
C-EEU-BGR,Zone_4A Mixed Humid,EEU,rur,perm,mfh,2015,p3,1808.2653990696942,1676.9999999999914
C-EEU-BGR,Zone_4A Mixed Humid,EEU,rur,perm,mfh,2020,p3,2094.523450685274,4431.999999999995
C-EEU-BGR,Zone_4A Mixed Humid,EEU,rur,perm,sfh,1945,p1,17231.972392171167,29022.999999999993
C-EEU-BGR,Zone_4A Mixed Humid,EEU,rur,perm,sfh,1960,p2,41435.55113771218,38805.99999999999
C-EEU-BGR,Zone_4A Mixed Humid,EEU,rur,perm,sfh,1965,p2,33325.25655599711,18201.93413014298
C-EEU-BGR,Zone_4A Mixed Humid,EEU,rur,perm,sfh,1970,p2,23441.75276247721,12803.659559551761
C-EEU-BGR,Zone_4A Mixed Humid,EEU,rur,perm,sfh,1975,p2,22083.401415644854,12061.741138035988
C-EEU-BGR,Zone_4A Mixed Humid,EEU,rur,perm,sfh,1980,p2,20834.61343589856,11379.665172269242
C-EEU-BGR,Zone_4A Mixed Humid,EEU,rur,perm,sfh,1985,p2,22252.86803777609,11413.281235046248
C-EEU-BGR,Zone_4A Mixed Humid,EEU,rur,perm,sfh,1990,p2,13940.026519886787,7149.705054889236
C-EEU-BGR,Zone_4A Mixed Humid,EEU,rur,perm,sfh,1995,p3,2748.239915016621,1409.5457267897805
C-EEU-BGR,Zone_4A Mixed Humid,EEU,rur,perm,sfh,2000,p3,5247.647948584756,2691.467983274699
C-EEU-BGR,Zone_4A Mixed Humid,EEU,rur,perm,sfh,2005,p3,2054.9499733378007,1689.1855161875553
C-EEU-BGR,Zone_4A Mixed Humid,EEU,rur,perm,sfh,2010,p3,2365.9310557417734,1944.8144838124308
C-EEU-BGR,Zone_4A Mixed Humid,EEU,rur,perm,sfh,2015,p3,1808.2653990696942,1676.9999999999914
C-EEU-BGR,Zone_4A Mixed Humid,EEU,rur,perm,sfh,2020,p3,2094.523450685274,4431.999999999995
C-EEU-BGR,Zone_4A Mixed Humid,EEU,urb,perm,mfh,1945,p1,90049.61328052201,100419.99999999996
C-EEU-BGR,Zone_4A Mixed Humid,EEU,urb,perm,mfh,1960,p2,229979.95341386308,170905.99999999997
C-EEU-BGR,Zone_4A Mixed Humid,EEU,urb,perm,mfh,1965,p2,201715.97658825264,85484.60287161093
C-EEU-BGR,Zone_4A Mixed Humid,EEU,urb,perm,mfh,1970,p2,141891.66236358712,60131.83790941396
C-EEU-BGR,Zone_4A Mixed Humid,EEU,urb,perm,mfh,1975,p2,133669.6350847919,56647.44986730042
C-EEU-BGR,Zone_4A Mixed Humid,EEU,urb,perm,mfh,1980,p2,126110.78894469028,53444.10935167452
C-EEU-BGR,Zone_4A Mixed Humid,EEU,urb,perm,mfh,1985,p2,191652.91133288358,89089.46272908719
C-EEU-BGR,Zone_4A Mixed Humid,EEU,urb,perm,mfh,1990,p2,120058.53187366974,55808.962286465554
C-EEU-BGR,Zone_4A Mixed Humid,EEU,urb,perm,mfh,1995,p3,23669.226809777585,11002.591533991399
C-EEU-BGR,Zone_4A Mixed Humid,EEU,urb,perm,mfh,2000,p3,45195.38808611087,21008.983450455693
C-EEU-BGR,Zone_4A Mixed Humid,EEU,urb,perm,mfh,2005,p3,37410.81962209538,55126.29609600224
C-EEU-BGR,Zone_4A Mixed Humid,EEU,urb,perm,mfh,2010,p3,43072.29764295429,63468.70390399767
C-EEU-BGR,Zone_4A Mixed Humid,EEU,urb,perm,mfh,2015,p3,23686.652664314894,47220.99999999995
C-EEU-BGR,Zone_4A Mixed Humid,EEU,urb,perm,mfh,2020,p3,28542.542292485592,51634.99999999996
C-EEU-BGR,Zone_4A Mixed Humid,EEU,urb,perm,sfh,1945,p1,90049.61328052201,100419.99999999996
C-EEU-BGR,Zone_4A Mixed Humid,EEU,urb,perm,sfh,1960,p2,229979.95341386308,170905.99999999997
C-EEU-BGR,Zone_4A Mixed Humid,EEU,urb,perm,sfh,1965,p2,201715.97658825264,85484.60287161093
C-EEU-BGR,Zone_4A Mixed Humid,EEU,urb,perm,sfh,1970,p2,141891.66236358712,60131.83790941396
C-EEU-BGR,Zone_4A Mixed Humid,EEU,urb,perm,sfh,1975,p2,133669.6350847919,56647.44986730042
C-EEU-BGR,Zone_4A Mixed Humid,EEU,urb,perm,sfh,1980,p2,126110.78894469028,53444.10935167452
C-EEU-BGR,Zone_4A Mixed Humid,EEU,urb,perm,sfh,1985,p2,191652.91133288358,89089.46272908719
C-EEU-BGR,Zone_4A Mixed Humid,EEU,urb,perm,sfh,1990,p2,120058.53187366974,55808.962286465554
C-EEU-BGR,Zone_4A Mixed Humid,EEU,urb,perm,sfh,1995,p3,23669.226809777585,11002.591533991399
C-EEU-BGR,Zone_4A Mixed Humid,EEU,urb,perm,sfh,2000,p3,45195.38808611087,21008.983450455693
C-EEU-BGR,Zone_4A Mixed Humid,EEU,urb,perm,sfh,2005,p3,37410.81892728313,55126.295072169385
C-EEU-BGR,Zone_4A Mixed Humid,EEU,urb,perm,sfh,2010,p3,43072.29833776655,63468.70492783052
C-EEU-BGR,Zone_4A Mixed Humid,EEU,urb,perm,sfh,2015,p3,23686.652664314894,47220.99999999995
C-EEU-BGR,Zone_4A Mixed Humid,EEU,urb,perm,sfh,2020,p3,28542.542292485592,51634.99999999996
C-EEU-BGR,Zone_5A Cool Humid,EEU,rur,perm,mfh,1945,p1,2139.4042761867386,4739.999999999999
C-EEU-BGR,Zone_5A Cool Humid,EEU,rur,perm,mfh,1960,p2,6856.910896429973,7436.999999999997
C-EEU-BGR,Zone_5A Cool Humid,EEU,rur,perm,mfh,1965,p2,6414.498286207247,4008.9921224066443
C-EEU-BGR,Zone_5A Cool Humid,EEU,rur,perm,mfh,1970,p2,4512.1057858306085,2820.017364375352
C-EEU-BGR,Zone_5A Cool Humid,EEU,rur,perm,mfh,1975,p2,4250.648162190638,2656.6091745610884
C-EEU-BGR,Zone_5A Cool Humid,EEU,rur,perm,mfh,1980,p2,4010.2794693807573,2506.381338656908
C-EEU-BGR,Zone_5A Cool Humid,EEU,rur,perm,mfh,1985,p2,5780.801821254095,3791.5016951404527
C-EEU-BGR,Zone_5A Cool Humid,EEU,rur,perm,mfh,1990,p2,3621.3098715047845,2375.1380761675396
C-EEU-BGR,Zone_5A Cool Humid,EEU,rur,perm,mfh,1995,p3,713.9318077562724,468.2522845481954
C-EEU-BGR,Zone_5A Cool Humid,EEU,rur,perm,mfh,2000,p3,1363.2226087433694,894.1079441438061
C-EEU-BGR,Zone_5A Cool Humid,EEU,rur,perm,mfh,2005,p3,401.32046892345005,544.7786080738176
C-EEU-BGR,Zone_5A Cool Humid,EEU,rur,perm,mfh,2010,p3,462.0533541444154,627.2213919261786
C-EEU-BGR,Zone_5A Cool Humid,EEU,rur,perm,mfh,2015,p3,173.27572087092608,265.9999999999993
C-EEU-BGR,Zone_5A Cool Humid,EEU,rur,perm,mfh,2020,p3,149.23747057669624,304.99999999999716
C-EEU-BGR,Zone_5A Cool Humid,EEU,rur,perm,sfh,1945,p1,2139.4042761867386,4739.999999999999
C-EEU-BGR,Zone_5A Cool Humid,EEU,rur,perm,sfh,1960,p2,6856.910896429973,7436.999999999997
C-EEU-BGR,Zone_5A Cool Humid,EEU,rur,perm,sfh,1965,p2,6414.49831575785,4008.9921408754567
C-EEU-BGR,Zone_5A Cool Humid,EEU,rur,perm,sfh,1970,p2,4512.105775391786,2820.0173578511967
C-EEU-BGR,Zone_5A Cool Humid,EEU,rur,perm,sfh,1975,p2,4250.648152356695,2656.6091684149837
C-EEU-BGR,Zone_5A Cool Humid,EEU,rur,perm,sfh,1980,p2,4010.2794601029163,2506.381332858359
C-EEU-BGR,Zone_5A Cool Humid,EEU,rur,perm,sfh,1985,p2,5780.801863088684,3791.5017225788465
C-EEU-BGR,Zone_5A Cool Humid,EEU,rur,perm,sfh,1990,p2,3621.309897711534,2375.1380933559694
C-EEU-BGR,Zone_5A Cool Humid,EEU,rur,perm,sfh,1995,p3,713.9317298495497,468.25223345087574
C-EEU-BGR,Zone_5A Cool Humid,EEU,rur,perm,sfh,2000,p3,1363.2226186087585,894.1079506143018
C-EEU-BGR,Zone_5A Cool Humid,EEU,rur,perm,sfh,2005,p3,401.32046146992906,544.7785979559219
C-EEU-BGR,Zone_5A Cool Humid,EEU,rur,perm,sfh,2010,p3,462.0533615979364,627.2214020440775
C-EEU-BGR,Zone_5A Cool Humid,EEU,rur,perm,sfh,2015,p3,173.27572087092608,265.9999999999993
C-EEU-BGR,Zone_5A Cool Humid,EEU,rur,perm,sfh,2020,p3,149.23747057669624,304.99999999999716
C-EEU-BGR,Zone_5A Cool Humid,EEU,urb,perm,mfh,1945,p1,46528.3914708249,60143.99999999998
C-EEU-BGR,Zone_5A Cool Humid,EEU,urb,perm,mfh,1960,p2,100896.2546810037,76960.99999999997
C-EEU-BGR,Zone_5A Cool Humid,EEU,urb,perm,mfh,1965,p2,126543.33855960629,56886.10052809869
C-EEU-BGR,Zone_5A Cool Humid,EEU,urb,perm,mfh,1970,p2,89013.49795366888,40014.99289166432
C-EEU-BGR,Zone_5A Cool Humid,EEU,urb,perm,mfh,1975,p2,83855.53873207151,37696.29172462173
C-EEU-BGR,Zone_5A Cool Humid,EEU,urb,perm,mfh,1980,p2,79113.6157450821,35564.61485561516
C-EEU-BGR,Zone_5A Cool Humid,EEU,urb,perm,mfh,1985,p2,135038.18893771837,62547.9436903865
C-EEU-BGR,Zone_5A Cool Humid,EEU,urb,perm,mfh,1990,p2,84592.95816582764,39182.3648227373
C-EEU-BGR,Zone_5A Cool Humid,EEU,urb,perm,mfh,1995,p3,16677.281340103727,7724.701155838576
C-EEU-BGR,Zone_5A Cool Humid,EEU,urb,perm,mfh,2000,p3,31844.563763945192,14749.990331037532
C-EEU-BGR,Zone_5A Cool Humid,EEU,urb,perm,mfh,2005,p3,35317.47880191165,30005.587635137552
C-EEU-BGR,Zone_5A Cool Humid,EEU,urb,perm,mfh,2010,p3,40662.166034347494,34546.41236486241
C-EEU-BGR,Zone_5A Cool Humid,EEU,urb,perm,mfh,2015,p3,21170.98647778603,22562.999999999967
C-EEU-BGR,Zone_5A Cool Humid,EEU,urb,perm,mfh,2020,p3,21236.73933610198,29567.99999999998
C-EEU-BGR,Zone_5A Cool Humid,EEU,urb,perm,sfh,1945,p1,46528.3914708249,60143.99999999998
C-EEU-BGR,Zone_5A Cool Humid,EEU,urb,perm,sfh,1960,p2,100896.2546810037,76960.99999999997
C-EEU-BGR,Zone_5A Cool Humid,EEU,urb,perm,sfh,1965,p2,126543.33914257199,56886.100790164215
C-EEU-BGR,Zone_5A Cool Humid,EEU,urb,perm,sfh,1970,p2,89013.49774773479,40014.99279908903
C-EEU-BGR,Zone_5A Cool Humid,EEU,urb,perm,sfh,1975,p2,83855.5385380704,37696.2916374108
C-EEU-BGR,Zone_5A Cool Humid,EEU,urb,perm,sfh,1980,p2,79113.61556205155,35564.61477333589
C-EEU-BGR,Zone_5A Cool Humid,EEU,urb,perm,sfh,1985,p2,135038.18991496463,62547.94414303434
C-EEU-BGR,Zone_5A Cool Humid,EEU,urb,perm,sfh,1990,p2,84592.95877801118,39182.3651062928
C-EEU-BGR,Zone_5A Cool Humid,EEU,urb,perm,sfh,1995,p3,16677.27952022078,7724.700312892307
C-EEU-BGR,Zone_5A Cool Humid,EEU,urb,perm,sfh,2000,p3,31844.563994398377,14749.990437780467
C-EEU-BGR,Zone_5A Cool Humid,EEU,urb,perm,sfh,2005,p3,35317.47814597795,30005.587077858916
C-EEU-BGR,Zone_5A Cool Humid,EEU,urb,perm,sfh,2010,p3,40662.16669028115,34546.41292214102
C-EEU-BGR,Zone_5A Cool Humid,EEU,urb,perm,sfh,2015,p3,21170.98647778603,22562.999999999967
C-EEU-BGR,Zone_5A Cool Humid,EEU,urb,perm,sfh,2020,p3,21236.73933610198,29567.99999999998
C-EEU-CZE,Zone_5A Cool Humid,EEU,rur,perm,mfh,1945,p1,176719.71396880873,70960.96077013844
C-EEU-CZE,Zone_5A Cool Humid,EEU,rur,perm,mfh,1960,p2,64871.62174312639,19194.659373641152
C-EEU-CZE,Zone_5A Cool Humid,EEU,rur,perm,mfh,1965,p2,41672.45485381718,8875.247695196193
C-EEU-CZE,Zone_5A Cool Humid,EEU,rur,perm,mfh,1970,p2,56698.36144430916,12075.410567849269
C-EEU-CZE,Zone_5A Cool Humid,EEU,rur,perm,mfh,1975,p2,101480.87071362945,21613.026327992815
C-EEU-CZE,Zone_5A Cool Humid,EEU,rur,perm,mfh,1980,p2,113482.42244304658,24169.073114747705
C-EEU-CZE,Zone_5A Cool Humid,EEU,rur,perm,mfh,1985,p2,101475.58945975607,18401.494747235884
C-EEU-CZE,Zone_5A Cool Humid,EEU,rur,perm,mfh,1990,p2,104834.20997977571,19010.544058367115
C-EEU-CZE,Zone_5A Cool Humid,EEU,rur,perm,mfh,1995,p3,120875.43826228383,21919.446382081638
C-EEU-CZE,Zone_5A Cool Humid,EEU,rur,perm,mfh,2000,p3,108617.82538356398,19696.661570460812
C-EEU-CZE,Zone_5A Cool Humid,EEU,rur,perm,mfh,2005,p3,77259.50643760285,17117.762164800704
C-EEU-CZE,Zone_5A Cool Humid,EEU,rur,perm,mfh,2010,p3,119210.46507751096,26412.495792995745
C-EEU-CZE,Zone_5A Cool Humid,EEU,rur,perm,mfh,2015,p3,29761.427824075217,6723.417057632872
C-EEU-CZE,Zone_5A Cool Humid,EEU,rur,perm,mfh,2020,p3,35474.60970894001,11050.002734830476
C-EEU-CZE,Zone_5A Cool Humid,EEU,rur,perm,sfh,1945,p1,176719.71396880873,70960.96077013844
C-EEU-CZE,Zone_5A Cool Humid,EEU,rur,perm,sfh,1960,p2,64871.62174312639,19194.659373641152
C-EEU-CZE,Zone_5A Cool Humid,EEU,rur,perm,sfh,1965,p2,41672.45485381718,8875.247695196193
C-EEU-CZE,Zone_5A Cool Humid,EEU,rur,perm,sfh,1970,p2,56698.36144430916,12075.410567849269
C-EEU-CZE,Zone_5A Cool Humid,EEU,rur,perm,sfh,1975,p2,101480.87071362945,21613.026327992815
C-EEU-CZE,Zone_5A Cool Humid,EEU,rur,perm,sfh,1980,p2,113482.42244304658,24169.073114747705
C-EEU-CZE,Zone_5A Cool Humid,EEU,rur,perm,sfh,1985,p2,101475.58945975607,18401.494747235884
C-EEU-CZE,Zone_5A Cool Humid,EEU,rur,perm,sfh,1990,p2,104834.20997977571,19010.544058367115
C-EEU-CZE,Zone_5A Cool Humid,EEU,rur,perm,sfh,1995,p3,120875.43826228383,21919.446382081638
C-EEU-CZE,Zone_5A Cool Humid,EEU,rur,perm,sfh,2000,p3,108617.82538356398,19696.661570460812
C-EEU-CZE,Zone_5A Cool Humid,EEU,rur,perm,sfh,2005,p3,77259.50643760285,17117.762164800704
C-EEU-CZE,Zone_5A Cool Humid,EEU,rur,perm,sfh,2010,p3,119210.46507751096,26412.495792995745
C-EEU-CZE,Zone_5A Cool Humid,EEU,rur,perm,sfh,2015,p3,29761.427824075217,6723.417057632872
C-EEU-CZE,Zone_5A Cool Humid,EEU,rur,perm,sfh,2020,p3,35474.60970894001,11050.002734830476
C-EEU-CZE,Zone_5A Cool Humid,EEU,urb,perm,mfh,1945,p1,737180.1627970713,205256.0201467018
C-EEU-CZE,Zone_5A Cool Humid,EEU,urb,perm,mfh,1960,p2,300715.2992376186,56667.73788328129
C-EEU-CZE,Zone_5A Cool Humid,EEU,urb,perm,mfh,1965,p2,147579.64399844193,20863.388084039634
C-EEU-CZE,Zone_5A Cool Humid,EEU,urb,perm,mfh,1970,p2,200792.68251891015,28386.13474275363
C-EEU-CZE,Zone_5A Cool Humid,EEU,urb,perm,mfh,1975,p2,359386.33385303203,50806.57705987691
C-EEU-CZE,Zone_5A Cool Humid,EEU,urb,perm,mfh,1980,p2,401888.86311053333,56815.17511871124
C-EEU-CZE,Zone_5A Cool Humid,EEU,urb,perm,mfh,1985,p2,354426.94462033967,42794.07667470815
C-EEU-CZE,Zone_5A Cool Humid,EEU,urb,perm,mfh,1990,p2,366157.7028784311,44210.46720587102
C-EEU-CZE,Zone_5A Cool Humid,EEU,urb,perm,mfh,1995,p3,422185.3993756415,50975.340972387996
C-EEU-CZE,Zone_5A Cool Humid,EEU,urb,perm,mfh,2000,p3,379372.8539736111,45806.085704461104
C-EEU-CZE,Zone_5A Cool Humid,EEU,urb,perm,mfh,2005,p3,288697.8985457029,47401.11303255962
C-EEU-CZE,Zone_5A Cool Humid,EEU,urb,perm,mfh,2010,p3,445457.29502334574,73139.33249582414
C-EEU-CZE,Zone_5A Cool Humid,EEU,urb,perm,mfh,2015,p3,123860.02748187492,19890.253646766116
C-EEU-CZE,Zone_5A Cool Humid,EEU,urb,perm,mfh,2020,p3,144288.93979397955,33104.50527496299
C-EEU-CZE,Zone_5A Cool Humid,EEU,urb,perm,sfh,1945,p1,737180.1627970713,205256.0201467018
C-EEU-CZE,Zone_5A Cool Humid,EEU,urb,perm,sfh,1960,p2,300715.2992376186,56667.73788328129
C-EEU-CZE,Zone_5A Cool Humid,EEU,urb,perm,sfh,1965,p2,147579.64399844193,20863.388084039634
C-EEU-CZE,Zone_5A Cool Humid,EEU,urb,perm,sfh,1970,p2,200792.68251891015,28386.13474275363
C-EEU-CZE,Zone_5A Cool Humid,EEU,urb,perm,sfh,1975,p2,359386.33385303203,50806.57705987691
C-EEU-CZE,Zone_5A Cool Humid,EEU,urb,perm,sfh,1980,p2,401888.86311053333,56815.17511871124
C-EEU-CZE,Zone_5A Cool Humid,EEU,urb,perm,sfh,1985,p2,354426.94462033967,42794.07667470815
C-EEU-CZE,Zone_5A Cool Humid,EEU,urb,perm,sfh,1990,p2,366157.7028784311,44210.46720587102
C-EEU-CZE,Zone_5A Cool Humid,EEU,urb,perm,sfh,1995,p3,422185.3993756415,50975.340972387996
C-EEU-CZE,Zone_5A Cool Humid,EEU,urb,perm,sfh,2000,p3,379372.8539736111,45806.085704461104
C-EEU-CZE,Zone_5A Cool Humid,EEU,urb,perm,sfh,2005,p3,288697.8985457029,47401.11303255962
C-EEU-CZE,Zone_5A Cool Humid,EEU,urb,perm,sfh,2010,p3,445457.29502334574,73139.33249582414
C-EEU-CZE,Zone_5A Cool Humid,EEU,urb,perm,sfh,2015,p3,123860.02748187492,19890.253646766116
C-EEU-CZE,Zone_5A Cool Humid,EEU,urb,perm,sfh,2020,p3,144288.93979397955,33104.50527496299
C-EEU-EST,Zone_6A Cold Humid,EEU,rur,perm,mfh,1945,p1,20302.064154878877,13445.569846377693
C-EEU-EST,Zone_6A Cold Humid,EEU,rur,perm,mfh,1960,p2,14140.436537280922,7225.674761901972
C-EEU-EST,Zone_6A Cold Humid,EEU,rur,perm,mfh,1965,p2,7109.6244365781895,2203.5034191091318
C-EEU-EST,Zone_6A Cold Humid,EEU,rur,perm,mfh,1970,p2,18904.60527202074,5859.150891218545
C-EEU-EST,Zone_6A Cold Humid,EEU,rur,perm,mfh,1975,p2,25188.058610244458,7806.597066202784
C-EEU-EST,Zone_6A Cold Humid,EEU,rur,perm,mfh,1980,p2,21409.214769347294,6635.410683859365
C-EEU-EST,Zone_6A Cold Humid,EEU,rur,perm,mfh,1985,p2,28687.42154134137,8413.203212594006
C-EEU-EST,Zone_6A Cold Humid,EEU,rur,perm,mfh,1990,p2,31020.825062865566,9097.523968827709
C-EEU-EST,Zone_6A Cold Humid,EEU,rur,perm,mfh,1995,p3,4502.452959421866,1320.4411434528045
C-EEU-EST,Zone_6A Cold Humid,EEU,rur,perm,mfh,2000,p3,9501.258768524309,2786.448432803207
C-EEU-EST,Zone_6A Cold Humid,EEU,rur,perm,mfh,2005,p3,3667.7086480060048,1684.3007437902322
C-EEU-EST,Zone_6A Cold Humid,EEU,rur,perm,mfh,2010,p3,5069.671105358948,2328.115898238043
C-EEU-EST,Zone_6A Cold Humid,EEU,rur,perm,mfh,2015,p3,1004.3527867340085,308.94482731727686
C-EEU-EST,Zone_6A Cold Humid,EEU,rur,perm,mfh,2020,p3,2002.725934251756,1268.4628343551153
C-EEU-EST,Zone_6A Cold Humid,EEU,rur,perm,sfh,1945,p1,20302.064154878877,13445.569846377693
C-EEU-EST,Zone_6A Cold Humid,EEU,rur,perm,sfh,1960,p2,14140.436537280922,7225.674761901972
C-EEU-EST,Zone_6A Cold Humid,EEU,rur,perm,sfh,1965,p2,7109.6244365781895,2203.5034191091318
C-EEU-EST,Zone_6A Cold Humid,EEU,rur,perm,sfh,1970,p2,18904.60496589708,5859.150796340888
C-EEU-EST,Zone_6A Cold Humid,EEU,rur,perm,sfh,1975,p2,25188.0587122095,7806.59709780506
C-EEU-EST,Zone_6A Cold Humid,EEU,rur,perm,sfh,1980,p2,21409.214973505914,6635.410747134749
C-EEU-EST,Zone_6A Cold Humid,EEU,rur,perm,sfh,1985,p2,28687.421068115764,8413.203073810424
C-EEU-EST,Zone_6A Cold Humid,EEU,rur,perm,sfh,1990,p2,31020.825024258433,9097.523957505333
C-EEU-EST,Zone_6A Cold Humid,EEU,rur,perm,sfh,1995,p3,4502.452984354269,1320.4411507647692
C-EEU-EST,Zone_6A Cold Humid,EEU,rur,perm,sfh,2000,p3,9501.259255424637,2786.4485755972014
C-EEU-EST,Zone_6A Cold Humid,EEU,rur,perm,sfh,2005,p3,3667.7086326413983,1684.3007367344342
C-EEU-EST,Zone_6A Cold Humid,EEU,rur,perm,sfh,2010,p3,5069.671120723555,2328.115905293841
C-EEU-EST,Zone_6A Cold Humid,EEU,rur,perm,sfh,2015,p3,1004.3527867340085,308.94482731727686
C-EEU-EST,Zone_6A Cold Humid,EEU,rur,perm,sfh,2020,p3,2002.725934251756,1268.4628343551153
C-EEU-EST,Zone_6A Cold Humid,EEU,urb,perm,mfh,1945,p1,51009.72371481746,27484.87289850156
C-EEU-EST,Zone_6A Cold Humid,EEU,urb,perm,mfh,1960,p2,39588.26016495052,15154.114076189038
C-EEU-EST,Zone_6A Cold Humid,EEU,urb,perm,mfh,1965,p2,32707.427316199646,7705.990531074302
C-EEU-EST,Zone_6A Cold Humid,EEU,urb,perm,mfh,1970,p2,86969.57320204897,20490.352270984833
C-EEU-EST,Zone_6A Cold Humid,EEU,urb,perm,mfh,1975,p2,115876.2468509875,27300.87121734193
C-EEU-EST,Zone_6A Cold Humid,EEU,urb,perm,mfh,1980,p2,98491.88831447686,23205.052216475386
C-EEU-EST,Zone_6A Cold Humid,EEU,urb,perm,mfh,1985,p2,96872.95558593866,17127.37471741739
C-EEU-EST,Zone_6A Cold Humid,EEU,urb,perm,mfh,1990,p2,104752.49594054795,18520.496661907673
C-EEU-EST,Zone_6A Cold Humid,EEU,urb,perm,mfh,1995,p3,15204.082560619647,2688.118863259723
C-EEU-EST,Zone_6A Cold Humid,EEU,urb,perm,mfh,2000,p3,32084.27140680308,5672.57740404279
C-EEU-EST,Zone_6A Cold Humid,EEU,urb,perm,mfh,2005,p3,25731.13906457075,8017.302504301152
C-EEU-EST,Zone_6A Cold Humid,EEU,urb,perm,mfh,2010,p3,35566.7324596645,11081.874475246203
C-EEU-EST,Zone_6A Cold Humid,EEU,urb,perm,mfh,2015,p3,8908.575564903149,2791.3281315488603
C-EEU-EST,Zone_6A Cold Humid,EEU,urb,perm,mfh,2020,p3,20531.03420439984,13038.679462734784
C-EEU-EST,Zone_6A Cold Humid,EEU,urb,perm,sfh,1945,p1,51009.72371481746,27484.87289850156
C-EEU-EST,Zone_6A Cold Humid,EEU,urb,perm,sfh,1960,p2,39588.26016495052,15154.114076189038
C-EEU-EST,Zone_6A Cold Humid,EEU,urb,perm,sfh,1965,p2,32707.427316199646,7705.990531074302
C-EEU-EST,Zone_6A Cold Humid,EEU,urb,perm,sfh,1970,p2,86969.5717937443,20490.35193918306
C-EEU-EST,Zone_6A Cold Humid,EEU,urb,perm,sfh,1975,p2,115876.24732007193,27300.871327859946
C-EEU-EST,Zone_6A Cold Humid,EEU,urb,perm,sfh,1980,p2,98491.88925369715,23205.052437759143
C-EEU-EST,Zone_6A Cold Humid,EEU,urb,perm,sfh,1985,p2,96872.9539879295,17127.37443488546
C-EEU-EST,Zone_6A Cold Humid,EEU,urb,perm,sfh,1990,p2,104752.49581017764,18520.496638857894
C-EEU-EST,Zone_6A Cold Humid,EEU,urb,perm,sfh,1995,p3,15204.082644812479,2688.118878145224
C-EEU-EST,Zone_6A Cold Humid,EEU,urb,perm,sfh,2000,p3,32084.27305098966,5672.5776947389895
C-EEU-EST,Zone_6A Cold Humid,EEU,urb,perm,sfh,2005,p3,25731.138956778992,8017.302470715419
C-EEU-EST,Zone_6A Cold Humid,EEU,urb,perm,sfh,2010,p3,35566.73256745625,11081.874508831941
C-EEU-EST,Zone_6A Cold Humid,EEU,urb,perm,sfh,2015,p3,8908.575564903149,2791.3281315488603
C-EEU-EST,Zone_6A Cold Humid,EEU,urb,perm,sfh,2020,p3,20531.03420439984,13038.679462734784
C-EEU-HRV,Zone_3A Warm Humid,EEU,rur,perm,mfh,1945,p1,7526.575629080512,10838.552944722962
C-EEU-HRV,Zone_3A Warm Humid,EEU,rur,perm,mfh,1960,p2,5914.263084998494,8250.839973190998
C-EEU-HRV,Zone_3A Warm Humid,EEU,rur,perm,mfh,1965,p2,8926.444279720296,7961.740440305124
C-EEU-HRV,Zone_3A Warm Humid,EEU,rur,perm,mfh,1970,p2,10772.527688144379,9608.312856873994
C-EEU-HRV,Zone_3A Warm Humid,EEU,rur,perm,mfh,1975,p2,16510.27268173339,14725.964961127898
C-EEU-HRV,Zone_3A Warm Humid,EEU,rur,perm,mfh,1980,p2,17631.429182477394,15725.955189282242
C-EEU-HRV,Zone_3A Warm Humid,EEU,rur,perm,mfh,1985,p2,14776.826256890306,18851.268816150387
C-EEU-HRV,Zone_3A Warm Humid,EEU,rur,perm,mfh,1990,p2,15978.465009638778,20384.237719902805
C-EEU-HRV,Zone_3A Warm Humid,EEU,rur,perm,mfh,1995,p3,4584.011752679825,5847.970078545506
C-EEU-HRV,Zone_3A Warm Humid,EEU,rur,perm,mfh,2000,p3,9507.300705773196,12128.76690872209
C-EEU-HRV,Zone_3A Warm Humid,EEU,rur,perm,mfh,2005,p3,8638.745180973627,14435.605056602317
C-EEU-HRV,Zone_3A Warm Humid,EEU,rur,perm,mfh,2010,p3,11111.86391983979,18568.261434867032
C-EEU-HRV,Zone_3A Warm Humid,EEU,rur,perm,mfh,2015,p3,3240.550117161026,6245.753677728894
C-EEU-HRV,Zone_3A Warm Humid,EEU,rur,perm,mfh,2020,p3,3270.6678398244353,6833.811673167382
C-EEU-HRV,Zone_3A Warm Humid,EEU,rur,perm,sfh,1945,p1,7526.575629080512,10838.552944722962
C-EEU-HRV,Zone_3A Warm Humid,EEU,rur,perm,sfh,1960,p2,5914.263084998494,8250.839973190998
C-EEU-HRV,Zone_3A Warm Humid,EEU,rur,perm,sfh,1965,p2,8926.444279720296,7961.740440305124
C-EEU-HRV,Zone_3A Warm Humid,EEU,rur,perm,sfh,1970,p2,10772.527688144379,9608.312856873994
C-EEU-HRV,Zone_3A Warm Humid,EEU,rur,perm,sfh,1975,p2,16510.27268173339,14725.964961127898
C-EEU-HRV,Zone_3A Warm Humid,EEU,rur,perm,sfh,1980,p2,17631.429182477394,15725.955189282242
C-EEU-HRV,Zone_3A Warm Humid,EEU,rur,perm,sfh,1985,p2,14776.826256890306,18851.268816150387
C-EEU-HRV,Zone_3A Warm Humid,EEU,rur,perm,sfh,1990,p2,15978.465009638778,20384.237719902805
C-EEU-HRV,Zone_3A Warm Humid,EEU,rur,perm,sfh,1995,p3,4584.011752679825,5847.970078545506
C-EEU-HRV,Zone_3A Warm Humid,EEU,rur,perm,sfh,2000,p3,9507.300705773196,12128.76690872209
C-EEU-HRV,Zone_3A Warm Humid,EEU,rur,perm,sfh,2005,p3,8638.745180973627,14435.605056602317
C-EEU-HRV,Zone_3A Warm Humid,EEU,rur,perm,sfh,2010,p3,11111.86391983979,18568.261434867032
C-EEU-HRV,Zone_3A Warm Humid,EEU,rur,perm,sfh,2015,p3,3240.550117161026,6245.753677728894
C-EEU-HRV,Zone_3A Warm Humid,EEU,rur,perm,sfh,2020,p3,3270.6678398244353,6833.811673167382
C-EEU-HRV,Zone_4A Mixed Humid,EEU,rur,perm,mfh,1945,p1,36860.93674059055,40046.51210995522
C-EEU-HRV,Zone_4A Mixed Humid,EEU,rur,perm,mfh,1960,p2,40050.26018359137,43141.610586101146
C-EEU-HRV,Zone_4A Mixed Humid,EEU,rur,perm,mfh,1965,p2,64619.10299547082,32195.276589987734
C-EEU-HRV,Zone_4A Mixed Humid,EEU,rur,perm,mfh,1970,p2,77983.0216581986,38853.60265345502
C-EEU-HRV,Zone_4A Mixed Humid,EEU,rur,perm,mfh,1975,p2,119518.92771381348,59548.10198703439
C-EEU-HRV,Zone_4A Mixed Humid,EEU,rur,perm,mfh,1980,p2,127635.04980868025,63591.810171913734
C-EEU-HRV,Zone_4A Mixed Humid,EEU,rur,perm,mfh,1985,p2,101396.8101424521,53917.33037939179
C-EEU-HRV,Zone_4A Mixed Humid,EEU,rur,perm,mfh,1990,p2,109642.31119620072,58301.84113307334
C-EEU-HRV,Zone_4A Mixed Humid,EEU,rur,perm,mfh,1995,p3,31454.939057736538,16726.032494088886
C-EEU-HRV,Zone_4A Mixed Humid,EEU,rur,perm,mfh,2000,p3,65237.957587880315,34690.01152601179
C-EEU-HRV,Zone_4A Mixed Humid,EEU,rur,perm,mfh,2005,p3,51116.94355037114,26052.258167131422
C-EEU-HRV,Zone_4A Mixed Humid,EEU,rur,perm,mfh,2010,p3,65750.81320616513,33510.55523611037
C-EEU-HRV,Zone_4A Mixed Humid,EEU,rur,perm,mfh,2015,p3,16392.932046080914,9919.999834061926
C-EEU-HRV,Zone_4A Mixed Humid,EEU,rur,perm,mfh,2020,p3,16588.93257125231,12980.467300782288
C-EEU-HRV,Zone_4A Mixed Humid,EEU,rur,perm,sfh,1945,p1,36860.93674059055,40046.51210995522
C-EEU-HRV,Zone_4A Mixed Humid,EEU,rur,perm,sfh,1960,p2,40050.26018359137,43141.610586101146
C-EEU-HRV,Zone_4A Mixed Humid,EEU,rur,perm,sfh,1965,p2,64619.104500950794,32195.277340065382
C-EEU-HRV,Zone_4A Mixed Humid,EEU,rur,perm,sfh,1970,p2,77983.0210782876,38853.60236452505
C-EEU-HRV,Zone_4A Mixed Humid,EEU,rur,perm,sfh,1975,p2,119518.92627436561,59548.10126985604
C-EEU-HRV,Zone_4A Mixed Humid,EEU,rur,perm,sfh,1980,p2,127635.05032255912,63591.8104279444
C-EEU-HRV,Zone_4A Mixed Humid,EEU,rur,perm,sfh,1985,p2,101396.8101424521,53917.33037939179
C-EEU-HRV,Zone_4A Mixed Humid,EEU,rur,perm,sfh,1990,p2,109642.31119620072,58301.84113307334
C-EEU-HRV,Zone_4A Mixed Humid,EEU,rur,perm,sfh,1995,p3,31454.939057736538,16726.032494088886
C-EEU-HRV,Zone_4A Mixed Humid,EEU,rur,perm,sfh,2000,p3,65237.957587880315,34690.01152601179
C-EEU-HRV,Zone_4A Mixed Humid,EEU,rur,perm,sfh,2005,p3,51116.94355037114,26052.258167131422
C-EEU-HRV,Zone_4A Mixed Humid,EEU,rur,perm,sfh,2010,p3,65750.81320616513,33510.55523611037
C-EEU-HRV,Zone_4A Mixed Humid,EEU,rur,perm,sfh,2015,p3,16392.932046080914,9919.999834061926
C-EEU-HRV,Zone_4A Mixed Humid,EEU,rur,perm,sfh,2020,p3,16588.93257125231,12980.467300782288
C-EEU-HRV,Zone_4A Mixed Humid,EEU,urb,perm,mfh,1945,p1,73906.91878033214,60620.70242520059
C-EEU-HRV,Zone_4A Mixed Humid,EEU,urb,perm,mfh,1960,p2,47457.69909098272,35531.11865233153
C-EEU-HRV,Zone_4A Mixed Humid,EEU,urb,perm,mfh,1965,p2,89228.52148843452,36715.56535885806
C-EEU-HRV,Zone_4A Mixed Humid,EEU,urb,perm,mfh,1970,p2,107681.92997431954,44308.735278691755
C-EEU-HRV,Zone_4A Mixed Humid,EEU,urb,perm,mfh,1975,p2,165036.29291378646,67908.78855753726
C-EEU-HRV,Zone_4A Mixed Humid,EEU,urb,perm,mfh,1980,p2,176243.34378843787,72520.24240664809
C-EEU-HRV,Zone_4A Mixed Humid,EEU,urb,perm,mfh,1985,p2,131100.46748639853,69051.80914750649
C-EEU-HRV,Zone_4A Mixed Humid,EEU,urb,perm,mfh,1990,p2,141761.44430891747,74667.04264734847
C-EEU-HRV,Zone_4A Mixed Humid,EEU,urb,perm,mfh,1995,p3,40669.496500254565,21420.993870613922
C-EEU-HRV,Zone_4A Mixed Humid,EEU,urb,perm,mfh,2000,p3,84349.07099753186,44427.42321186096
C-EEU-HRV,Zone_4A Mixed Humid,EEU,urb,perm,mfh,2005,p3,98187.98818005476,51323.09399183411
C-EEU-HRV,Zone_4A Mixed Humid,EEU,urb,perm,mfh,2010,p3,126297.45875854605,66015.98084389063
C-EEU-HRV,Zone_4A Mixed Humid,EEU,urb,perm,mfh,2015,p3,29469.747505057996,17413.250414738843
C-EEU-HRV,Zone_4A Mixed Humid,EEU,urb,perm,mfh,2020,p3,28791.627425285868,23146.09085033394
C-EEU-HRV,Zone_4A Mixed Humid,EEU,urb,perm,sfh,1945,p1,73906.91878033214,60620.70242520059
C-EEU-HRV,Zone_4A Mixed Humid,EEU,urb,perm,sfh,1960,p2,47457.69909098272,35531.11865233153
C-EEU-HRV,Zone_4A Mixed Humid,EEU,urb,perm,sfh,1965,p2,89228.52356725867,36715.56621424826
C-EEU-HRV,Zone_4A Mixed Humid,EEU,urb,perm,sfh,1970,p2,107681.92917355632,44308.734949195394
C-EEU-HRV,Zone_4A Mixed Humid,EEU,urb,perm,sfh,1975,p2,165036.29092614198,67908.78773966547
C-EEU-HRV,Zone_4A Mixed Humid,EEU,urb,perm,sfh,1980,p2,176243.34449802138,72520.24269862603
C-EEU-HRV,Zone_4A Mixed Humid,EEU,urb,perm,sfh,1985,p2,131100.46748639853,69051.80914750649
C-EEU-HRV,Zone_4A Mixed Humid,EEU,urb,perm,sfh,1990,p2,141761.44430891747,74667.04264734847
C-EEU-HRV,Zone_4A Mixed Humid,EEU,urb,perm,sfh,1995,p3,40669.496500254565,21420.993870613922
C-EEU-HRV,Zone_4A Mixed Humid,EEU,urb,perm,sfh,2000,p3,84349.07099753186,44427.42321186096
C-EEU-HRV,Zone_4A Mixed Humid,EEU,urb,perm,sfh,2005,p3,98187.98818005476,51323.09399183411
C-EEU-HRV,Zone_4A Mixed Humid,EEU,urb,perm,sfh,2010,p3,126297.45875854605,66015.98084389063
C-EEU-HRV,Zone_4A Mixed Humid,EEU,urb,perm,sfh,2015,p3,29469.747505057996,17413.250414738843
C-EEU-HRV,Zone_4A Mixed Humid,EEU,urb,perm,sfh,2020,p3,28791.627425285868,23146.09085033394
C-EEU-HRV,Zone_4C Mixed Marine,EEU,rur,perm,mfh,1945,p1,3638.4206517139205,6356.48218390178
C-EEU-HRV,Zone_4C Mixed Marine,EEU,rur,perm,mfh,1960,p2,2864.939695302579,3814.735149620362
C-EEU-HRV,Zone_4C Mixed Marine,EEU,rur,perm,mfh,1965,p2,6204.072737498773,4625.645455441365
C-EEU-HRV,Zone_4C Mixed Marine,EEU,rur,perm,mfh,1970,p2,7487.140973729952,5582.278139657222
C-EEU-HRV,Zone_4C Mixed Marine,EEU,rur,perm,mfh,1975,p2,11474.998528309097,8555.553269523503
C-EEU-HRV,Zone_4C Mixed Marine,EEU,rur,perm,mfh,1980,p2,12254.226609383019,9136.531762922834
C-EEU-HRV,Zone_4C Mixed Marine,EEU,rur,perm,mfh,1985,p2,11695.732455142954,21271.899379480223
C-EEU-HRV,Zone_4C Mixed Marine,EEU,rur,perm,mfh,1990,p2,12646.819320181015,23001.71187064561
C-EEU-HRV,Zone_4C Mixed Marine,EEU,rur,perm,mfh,1995,p3,3628.206361672198,6598.889034909756
C-EEU-HRV,Zone_4C Mixed Marine,EEU,rur,perm,mfh,2000,p3,7524.9477453567515,13686.182707153836
C-EEU-HRV,Zone_4C Mixed Marine,EEU,rur,perm,mfh,2005,p3,8892.162220001559,21148.921590071313
C-EEU-HRV,Zone_4C Mixed Marine,EEU,rur,perm,mfh,2010,p3,11437.829739372115,27203.480810826288
C-EEU-HRV,Zone_4C Mixed Marine,EEU,rur,perm,mfh,2015,p3,3219.4957680914054,7947.717328075464
C-EEU-HRV,Zone_4C Mixed Marine,EEU,rur,perm,mfh,2020,p3,3498.0755395683427,8534.51832808636
C-EEU-HRV,Zone_4C Mixed Marine,EEU,rur,perm,sfh,1945,p1,3638.4206517139205,6356.48218390178
C-EEU-HRV,Zone_4C Mixed Marine,EEU,rur,perm,sfh,1960,p2,2864.939695302579,3814.735149620362
C-EEU-HRV,Zone_4C Mixed Marine,EEU,rur,perm,sfh,1965,p2,6204.072785679093,4625.645491363744
C-EEU-HRV,Zone_4C Mixed Marine,EEU,rur,perm,sfh,1970,p2,7487.140955170885,5582.278125819918
C-EEU-HRV,Zone_4C Mixed Marine,EEU,rur,perm,sfh,1975,p2,11474.998482242023,8555.553235176722
C-EEU-HRV,Zone_4C Mixed Marine,EEU,rur,perm,sfh,1980,p2,12254.226625828836,9136.53177518454
C-EEU-HRV,Zone_4C Mixed Marine,EEU,rur,perm,sfh,1985,p2,11695.732455142954,21271.899379480223
C-EEU-HRV,Zone_4C Mixed Marine,EEU,rur,perm,sfh,1990,p2,12646.819320181015,23001.71187064561
C-EEU-HRV,Zone_4C Mixed Marine,EEU,rur,perm,sfh,1995,p3,3628.206361672198,6598.889034909756
C-EEU-HRV,Zone_4C Mixed Marine,EEU,rur,perm,sfh,2000,p3,7524.9477453567515,13686.182707153836
C-EEU-HRV,Zone_4C Mixed Marine,EEU,rur,perm,sfh,2005,p3,8892.162220001559,21148.921590071313
C-EEU-HRV,Zone_4C Mixed Marine,EEU,rur,perm,sfh,2010,p3,11437.829739372115,27203.480810826288
C-EEU-HRV,Zone_4C Mixed Marine,EEU,rur,perm,sfh,2015,p3,3219.4957680914054,7947.717328075464
C-EEU-HRV,Zone_4C Mixed Marine,EEU,rur,perm,sfh,2020,p3,3498.0755395683427,8534.51832808636
C-EEU-HRV,Zone_5A Cool Humid,EEU,rur,perm,mfh,1945,p1,1246.6661914097306,2590.65736276242
C-EEU-HRV,Zone_5A Cool Humid,EEU,rur,perm,mfh,1960,p2,1853.9366720133066,4179.112215866551
C-EEU-HRV,Zone_5A Cool Humid,EEU,rur,perm,mfh,1965,p2,1969.6485106382124,2413.495844253886
C-EEU-HRV,Zone_5A Cool Humid,EEU,rur,perm,mfh,1970,p2,2376.9927988016916,2912.6324878495307
C-EEU-HRV,Zone_5A Cool Humid,EEU,rur,perm,mfh,1975,p2,3643.0446499877216,4463.98079438435
C-EEU-HRV,Zone_5A Cool Humid,EEU,rur,perm,mfh,1980,p2,3890.4314290355032,4767.11455654058
C-EEU-HRV,Zone_5A Cool Humid,EEU,rur,perm,mfh,1985,p2,3099.747660430581,6748.652751265615
C-EEU-HRV,Zone_5A Cool Humid,EEU,rur,perm,mfh,1990,p2,3351.8164638231874,7297.447366143216
C-EEU-HRV,Zone_5A Cool Humid,EEU,rur,perm,mfh,1995,p3,961.5921212533663,2093.541805848296
C-EEU-HRV,Zone_5A Cool Humid,EEU,rur,perm,mfh,2000,p3,1994.354715105944,4342.033258678121
C-EEU-HRV,Zone_5A Cool Humid,EEU,rur,perm,mfh,2005,p3,2094.096544744324,5290.051740677381
C-EEU-HRV,Zone_5A Cool Humid,EEU,rur,perm,mfh,2010,p3,2693.5990531883062,6804.499246115463
C-EEU-HRV,Zone_5A Cool Humid,EEU,rur,perm,mfh,2015,p3,723.3358284322462,2051.8832020604336
C-EEU-HRV,Zone_5A Cool Humid,EEU,rur,perm,mfh,2020,p3,582.3993346402884,2075.622293432362
C-EEU-HRV,Zone_5A Cool Humid,EEU,rur,perm,sfh,1945,p1,1246.6661914097306,2590.65736276242
C-EEU-HRV,Zone_5A Cool Humid,EEU,rur,perm,sfh,1960,p2,1853.9366720133066,4179.112215866551
C-EEU-HRV,Zone_5A Cool Humid,EEU,rur,perm,sfh,1965,p2,1969.6485106382124,2413.495844253886
C-EEU-HRV,Zone_5A Cool Humid,EEU,rur,perm,sfh,1970,p2,2376.9927988016916,2912.6324878495307
C-EEU-HRV,Zone_5A Cool Humid,EEU,rur,perm,sfh,1975,p2,3643.0446499877216,4463.98079438435
C-EEU-HRV,Zone_5A Cool Humid,EEU,rur,perm,sfh,1980,p2,3890.4314290355032,4767.11455654058
C-EEU-HRV,Zone_5A Cool Humid,EEU,rur,perm,sfh,1985,p2,3099.747660430581,6748.652751265615
C-EEU-HRV,Zone_5A Cool Humid,EEU,rur,perm,sfh,1990,p2,3351.8164638231874,7297.447366143216
C-EEU-HRV,Zone_5A Cool Humid,EEU,rur,perm,sfh,1995,p3,961.5921212533663,2093.541805848296
C-EEU-HRV,Zone_5A Cool Humid,EEU,rur,perm,sfh,2000,p3,1994.354715105944,4342.033258678121
C-EEU-HRV,Zone_5A Cool Humid,EEU,rur,perm,sfh,2005,p3,2094.096544744324,5290.051740677381
C-EEU-HRV,Zone_5A Cool Humid,EEU,rur,perm,sfh,2010,p3,2693.5990531883062,6804.499246115463
C-EEU-HRV,Zone_5A Cool Humid,EEU,rur,perm,sfh,2015,p3,723.3358284322462,2051.8832020604336
C-EEU-HRV,Zone_5A Cool Humid,EEU,rur,perm,sfh,2020,p3,582.3993346402884,2075.622293432362
C-EEU-HUN,Zone_4A Mixed Humid,EEU,rur,perm,mfh,1945,p1,50648.999999999985,13226.999999999998
C-EEU-HUN,Zone_4A Mixed Humid,EEU,rur,perm,mfh,1960,p2,43706.999999999985,9288.999999999998
C-EEU-HUN,Zone_4A Mixed Humid,EEU,rur,perm,mfh,1965,p2,40184.35078852379,6304.992806175096
C-EEU-HUN,Zone_4A Mixed Humid,EEU,rur,perm,mfh,1970,p2,66009.56957789953,10357.013443308633
C-EEU-HUN,Zone_4A Mixed Humid,EEU,rur,perm,mfh,1975,p2,68896.019408885,10809.902318272028
C-EEU-HUN,Zone_4A Mixed Humid,EEU,rur,perm,mfh,1980,p2,67546.0602246916,10598.091432244224
C-EEU-HUN,Zone_4A Mixed Humid,EEU,rur,perm,mfh,1985,p2,27521.594482621786,3626.149768045559
C-EEU-HUN,Zone_4A Mixed Humid,EEU,rur,perm,mfh,1990,p2,28509.150596319756,3756.266734011287
C-EEU-HUN,Zone_4A Mixed Humid,EEU,rur,perm,mfh,1995,p3,49005.64096748981,6456.813166816878
C-EEU-HUN,Zone_4A Mixed Humid,EEU,rur,perm,mfh,2000,p3,43449.61395356851,5724.770331126261
C-EEU-HUN,Zone_4A Mixed Humid,EEU,rur,perm,mfh,2005,p3,9808.709198081606,2953.0535603545472
C-EEU-HUN,Zone_4A Mixed Humid,EEU,rur,perm,mfh,2010,p3,11047.290801918374,3325.946439645449
C-EEU-HUN,Zone_4A Mixed Humid,EEU,rur,perm,mfh,2015,p3,2956.999999999984,1444.9999999999984
C-EEU-HUN,Zone_4A Mixed Humid,EEU,rur,perm,mfh,2020,p3,5687.999999999978,2050.9999999999977
C-EEU-HUN,Zone_4A Mixed Humid,EEU,rur,perm,sfh,1945,p1,50648.999999999985,13226.999999999998
C-EEU-HUN,Zone_4A Mixed Humid,EEU,rur,perm,sfh,1960,p2,43706.999999999985,9288.999999999998
C-EEU-HUN,Zone_4A Mixed Humid,EEU,rur,perm,sfh,1965,p2,40184.35078852379,6304.992806175096
C-EEU-HUN,Zone_4A Mixed Humid,EEU,rur,perm,sfh,1970,p2,66009.5709066325,10357.013651789097
C-EEU-HUN,Zone_4A Mixed Humid,EEU,rur,perm,sfh,1975,p2,68896.01979069166,10809.902378178142
C-EEU-HUN,Zone_4A Mixed Humid,EEU,rur,perm,sfh,1980,p2,67546.05851415194,10598.091163857649
C-EEU-HUN,Zone_4A Mixed Humid,EEU,rur,perm,sfh,1985,p2,27521.59426548799,3626.1497394367607
C-EEU-HUN,Zone_4A Mixed Humid,EEU,rur,perm,sfh,1990,p2,28509.15112764843,3756.266804017309
C-EEU-HUN,Zone_4A Mixed Humid,EEU,rur,perm,sfh,1995,p3,49005.640795100575,6456.8131441034675
C-EEU-HUN,Zone_4A Mixed Humid,EEU,rur,perm,sfh,2000,p3,43449.613811762894,5724.770312442447
C-EEU-HUN,Zone_4A Mixed Humid,EEU,rur,perm,sfh,2005,p3,9808.709198081606,2953.0535603545472
C-EEU-HUN,Zone_4A Mixed Humid,EEU,rur,perm,sfh,2010,p3,11047.290801918374,3325.946439645449
C-EEU-HUN,Zone_4A Mixed Humid,EEU,rur,perm,sfh,2015,p3,2956.999999999984,1444.9999999999984
C-EEU-HUN,Zone_4A Mixed Humid,EEU,rur,perm,sfh,2020,p3,5687.999999999978,2050.9999999999977
C-EEU-HUN,Zone_4A Mixed Humid,EEU,urb,perm,mfh,1945,p1,482959.9999999999,120545.99999999999
C-EEU-HUN,Zone_4A Mixed Humid,EEU,urb,perm,mfh,1960,p2,289480.9999999999,50949.999999999985
C-EEU-HUN,Zone_4A Mixed Humid,EEU,urb,perm,mfh,1965,p2,321155.1678496687,38135.68356991633
C-EEU-HUN,Zone_4A Mixed Humid,EEU,urb,perm,mfh,1970,p2,527551.496577344,62644.28835137657
C-EEU-HUN,Zone_4A Mixed Humid,EEU,urb,perm,mfh,1975,p2,550620.1355318031,65383.58201258804
C-EEU-HUN,Zone_4A Mixed Humid,EEU,urb,perm,mfh,1980,p2,539831.2000411832,64102.446066118944
C-EEU-HUN,Zone_4A Mixed Humid,EEU,urb,perm,mfh,1985,p2,234785.9689059675,19213.55230296147
C-EEU-HUN,Zone_4A Mixed Humid,EEU,urb,perm,mfh,1990,p2,243210.78306962363,19902.991319826077
C-EEU-HUN,Zone_4A Mixed Humid,EEU,urb,perm,mfh,1995,p3,418065.7811695942,34212.13282041354
C-EEU-HUN,Zone_4A Mixed Humid,EEU,urb,perm,mfh,2000,p3,370667.46685481357,30333.323556798725
C-EEU-HUN,Zone_4A Mixed Humid,EEU,urb,perm,mfh,2005,p3,130525.53173528882,18329.24930844047
C-EEU-HUN,Zone_4A Mixed Humid,EEU,urb,perm,mfh,2010,p3,147007.468264711,20643.750691559497
C-EEU-HUN,Zone_4A Mixed Humid,EEU,urb,perm,mfh,2015,p3,48341.9999999999,7167.999999999985
C-EEU-HUN,Zone_4A Mixed Humid,EEU,urb,perm,mfh,2020,p3,114290.99999999985,12667.999999999982
C-EEU-HUN,Zone_4A Mixed Humid,EEU,urb,perm,sfh,1945,p1,482959.9999999999,120545.99999999999
C-EEU-HUN,Zone_4A Mixed Humid,EEU,urb,perm,sfh,1960,p2,289480.9999999999,50949.999999999985
C-EEU-HUN,Zone_4A Mixed Humid,EEU,urb,perm,sfh,1965,p2,321155.1678496687,38135.68356991633
C-EEU-HUN,Zone_4A Mixed Humid,EEU,urb,perm,sfh,1970,p2,527551.507196639,62644.28961236849
C-EEU-HUN,Zone_4A Mixed Humid,EEU,urb,perm,sfh,1975,p2,550620.1385832194,65383.58237492951
C-EEU-HUN,Zone_4A Mixed Humid,EEU,urb,perm,sfh,1980,p2,539831.186370472,64102.444442785534
C-EEU-HUN,Zone_4A Mixed Humid,EEU,urb,perm,sfh,1985,p2,234785.96705360498,19213.552151374635
C-EEU-HUN,Zone_4A Mixed Humid,EEU,urb,perm,sfh,1990,p2,243210.78760237395,19902.99169076066
C-EEU-HUN,Zone_4A Mixed Humid,EEU,urb,perm,sfh,1995,p3,418065.7796989463,34212.13270006407
C-EEU-HUN,Zone_4A Mixed Humid,EEU,urb,perm,sfh,2000,p3,370667.4656450737,30333.32345780049
C-EEU-HUN,Zone_4A Mixed Humid,EEU,urb,perm,sfh,2005,p3,130525.53173528882,18329.24930844047
C-EEU-HUN,Zone_4A Mixed Humid,EEU,urb,perm,sfh,2010,p3,147007.468264711,20643.750691559497
C-EEU-HUN,Zone_4A Mixed Humid,EEU,urb,perm,sfh,2015,p3,48341.9999999999,7167.999999999985
C-EEU-HUN,Zone_4A Mixed Humid,EEU,urb,perm,sfh,2020,p3,114290.99999999985,12667.999999999982
C-EEU-HUN,Zone_5A Cool Humid,EEU,rur,perm,mfh,1945,p1,38344.99999999999,10531.0
C-EEU-HUN,Zone_5A Cool Humid,EEU,rur,perm,mfh,1960,p2,60467.999999999985,11428.999999999998
C-EEU-HUN,Zone_5A Cool Humid,EEU,rur,perm,mfh,1965,p2,52924.841636788515,5638.886132509841
C-EEU-HUN,Zone_5A Cool Humid,EEU,rur,perm,mfh,1970,p2,86937.97444371664,9262.82107452549
C-EEU-HUN,Zone_5A Cool Humid,EEU,rur,perm,mfh,1975,p2,90739.57623136746,9667.863374865752
C-EEU-HUN,Zone_5A Cool Humid,EEU,rur,perm,mfh,1980,p2,88961.60768812729,9478.429418098902
C-EEU-HUN,Zone_5A Cool Humid,EEU,rur,perm,mfh,1985,p2,37112.24535144972,2277.557163654864
C-EEU-HUN,Zone_5A Cool Humid,EEU,rur,perm,mfh,1990,p2,38443.942350801466,2359.2826429937963
C-EEU-HUN,Zone_5A Cool Humid,EEU,rur,perm,mfh,1995,p3,66082.994295223,4055.4753728197593
C-EEU-HUN,Zone_5A Cool Humid,EEU,rur,perm,mfh,2000,p3,58590.818002525644,3595.6848205315628
C-EEU-HUN,Zone_5A Cool Humid,EEU,rur,perm,mfh,2005,p3,12346.01194662639,1172.4737260652762
C-EEU-HUN,Zone_5A Cool Humid,EEU,rur,perm,mfh,2010,p3,13904.98805337356,1320.526273934719
C-EEU-HUN,Zone_5A Cool Humid,EEU,rur,perm,mfh,2015,p3,2995.9999999999745,425.99999999999744
C-EEU-HUN,Zone_5A Cool Humid,EEU,rur,perm,mfh,2020,p3,6217.999999999978,433.9999999999984
C-EEU-HUN,Zone_5A Cool Humid,EEU,rur,perm,sfh,1945,p1,38344.99999999999,10531.0
C-EEU-HUN,Zone_5A Cool Humid,EEU,rur,perm,sfh,1960,p2,60467.999999999985,11428.999999999998
C-EEU-HUN,Zone_5A Cool Humid,EEU,rur,perm,sfh,1965,p2,52924.84142800649,5638.886110265127
C-EEU-HUN,Zone_5A Cool Humid,EEU,rur,perm,sfh,1970,p2,86937.97469471862,9262.821101268539
C-EEU-HUN,Zone_5A Cool Humid,EEU,rur,perm,sfh,1975,p2,90739.57589700952,9667.863339241527
C-EEU-HUN,Zone_5A Cool Humid,EEU,rur,perm,sfh,1980,p2,88961.60798026531,9478.429449224797
C-EEU-HUN,Zone_5A Cool Humid,EEU,rur,perm,sfh,1985,p2,37112.24611038625,2277.5572102303636
C-EEU-HUN,Zone_5A Cool Humid,EEU,rur,perm,sfh,1990,p2,38443.9421289445,2359.28262937856
C-EEU-HUN,Zone_5A Cool Humid,EEU,rur,perm,sfh,1995,p3,66082.99433594178,4055.4753753186437
C-EEU-HUN,Zone_5A Cool Humid,EEU,rur,perm,sfh,2000,p3,58590.81742472734,3595.684785072412
C-EEU-HUN,Zone_5A Cool Humid,EEU,rur,perm,sfh,2005,p3,12346.01194662639,1172.4737260652762
C-EEU-HUN,Zone_5A Cool Humid,EEU,rur,perm,sfh,2010,p3,13904.98805337356,1320.526273934719
C-EEU-HUN,Zone_5A Cool Humid,EEU,rur,perm,sfh,2015,p3,2995.9999999999745,425.99999999999744
C-EEU-HUN,Zone_5A Cool Humid,EEU,rur,perm,sfh,2020,p3,6217.999999999978,433.9999999999984
C-EEU-HUN,Zone_5A Cool Humid,EEU,urb,perm,mfh,1945,p1,59861.99999999996,15036.999999999998
C-EEU-HUN,Zone_5A Cool Humid,EEU,urb,perm,mfh,1960,p2,72182.99999999997,12354.0
C-EEU-HUN,Zone_5A Cool Humid,EEU,urb,perm,mfh,1965,p2,66004.84483736895,6501.74435473659
C-EEU-HUN,Zone_5A Cool Humid,EEU,urb,perm,mfh,1970,p2,108424.08472402307,10680.211164935434
C-EEU-HUN,Zone_5A Cool Humid,EEU,urb,perm,mfh,1975,p2,113165.2257150419,11147.232741144257
C-EEU-HUN,Zone_5A Cool Humid,EEU,urb,perm,mfh,1980,p2,110947.84472356594,10928.8117391837
C-EEU-HUN,Zone_5A Cool Humid,EEU,urb,perm,mfh,1985,p2,37629.73718095201,2345.765255795569
C-EEU-HUN,Zone_5A Cool Humid,EEU,urb,perm,mfh,1990,p2,38980.003315908776,2429.938242979286
C-EEU-HUN,Zone_5A Cool Humid,EEU,urb,perm,mfh,1995,p3,67004.45321782332,4176.928411328681
C-EEU-HUN,Zone_5A Cool Humid,EEU,urb,perm,mfh,2000,p3,59407.80628531569,3703.3680898964403
C-EEU-HUN,Zone_5A Cool Humid,EEU,urb,perm,mfh,2005,p3,12462.647920980264,1330.4966590608387
C-EEU-HUN,Zone_5A Cool Humid,EEU,urb,perm,mfh,2010,p3,14036.352079019696,1498.503340939155
C-EEU-HUN,Zone_5A Cool Humid,EEU,urb,perm,mfh,2015,p3,4037.9999999999754,566.999999999997
C-EEU-HUN,Zone_5A Cool Humid,EEU,urb,perm,mfh,2020,p3,9348.99999999997,853.9999999999978
C-EEU-HUN,Zone_5A Cool Humid,EEU,urb,perm,sfh,1945,p1,59861.99999999996,15036.999999999998
C-EEU-HUN,Zone_5A Cool Humid,EEU,urb,perm,sfh,1960,p2,72182.99999999997,12354.0
C-EEU-HUN,Zone_5A Cool Humid,EEU,urb,perm,sfh,1965,p2,66004.84457698792,6501.744329088005
C-EEU-HUN,Zone_5A Cool Humid,EEU,urb,perm,sfh,1970,p2,108424.08503705842,10680.211195770684
C-EEU-HUN,Zone_5A Cool Humid,EEU,urb,perm,sfh,1975,p2,113165.22529804973,11147.232700068842
C-EEU-HUN,Zone_5A Cool Humid,EEU,urb,perm,sfh,1980,p2,110947.84508790383,10928.811775072456
C-EEU-HUN,Zone_5A Cool Humid,EEU,urb,perm,sfh,1985,p2,37629.73795047113,2345.7653037659093
C-EEU-HUN,Zone_5A Cool Humid,EEU,urb,perm,sfh,1990,p2,38980.00309095821,2429.9382289563014
C-EEU-HUN,Zone_5A Cool Humid,EEU,urb,perm,sfh,1995,p3,67004.45325910988,4176.928413902404
C-EEU-HUN,Zone_5A Cool Humid,EEU,urb,perm,sfh,2000,p3,59407.80569946059,3703.3680533753604
C-EEU-HUN,Zone_5A Cool Humid,EEU,urb,perm,sfh,2005,p3,12462.647920980264,1330.4966590608387
C-EEU-HUN,Zone_5A Cool Humid,EEU,urb,perm,sfh,2010,p3,14036.352079019696,1498.503340939155
C-EEU-HUN,Zone_5A Cool Humid,EEU,urb,perm,sfh,2015,p3,4037.9999999999754,566.999999999997
C-EEU-HUN,Zone_5A Cool Humid,EEU,urb,perm,sfh,2020,p3,9348.99999999997,853.9999999999978
C-EEU-LTU,Zone_5A Cool Humid,EEU,rur,perm,mfh,1945,p1,6258.051235410034,1943.5995065789468
C-EEU-LTU,Zone_5A Cool Humid,EEU,rur,perm,mfh,1960,p2,3859.414885554037,819.9872532894733
C-EEU-LTU,Zone_5A Cool Humid,EEU,rur,perm,mfh,1965,p2,3685.465654826954,562.1775848203074
C-EEU-LTU,Zone_5A Cool Humid,EEU,rur,perm,mfh,1970,p2,18386.795899681678,2804.705152503268
C-EEU-LTU,Zone_5A Cool Humid,EEU,rur,perm,mfh,1975,p2,4575.520331526887,697.945717091421
C-EEU-LTU,Zone_5A Cool Humid,EEU,rur,perm,mfh,1980,p2,4741.45928419336,723.2578942692126
C-EEU-LTU,Zone_5A Cool Humid,EEU,rur,perm,mfh,1985,p2,4400.244448687178,706.7358289584193
C-EEU-LTU,Zone_5A Cool Humid,EEU,rur,perm,mfh,1990,p2,6647.577066243679,1067.6863395347013
C-EEU-LTU,Zone_5A Cool Humid,EEU,rur,perm,mfh,1995,p3,6089.767733426685,978.0949893662405
C-EEU-LTU,Zone_5A Cool Humid,EEU,rur,perm,mfh,2000,p3,4515.128047382932,725.1876118774785
C-EEU-LTU,Zone_5A Cool Humid,EEU,rur,perm,mfh,2005,p3,1314.7792771059521,146.26708249528573
C-EEU-LTU,Zone_5A Cool Humid,EEU,rur,perm,mfh,2010,p3,1270.828726532061,141.37765434681722
C-EEU-LTU,Zone_5A Cool Humid,EEU,rur,perm,mfh,2015,p3,728.8894952250986,69.91365131578922
C-EEU-LTU,Zone_5A Cool Humid,EEU,rur,perm,mfh,2020,p3,915.8611490071239,176.7816611842103
C-EEU-LTU,Zone_5A Cool Humid,EEU,rur,perm,sfh,1945,p1,6258.051235410034,1943.5995065789468
C-EEU-LTU,Zone_5A Cool Humid,EEU,rur,perm,sfh,1960,p2,3859.414885554037,819.9872532894733
C-EEU-LTU,Zone_5A Cool Humid,EEU,rur,perm,sfh,1965,p2,3685.465654826954,562.1775848203074
C-EEU-LTU,Zone_5A Cool Humid,EEU,rur,perm,sfh,1970,p2,18386.795899681678,2804.705152503268
C-EEU-LTU,Zone_5A Cool Humid,EEU,rur,perm,sfh,1975,p2,4575.520331526887,697.945717091421
C-EEU-LTU,Zone_5A Cool Humid,EEU,rur,perm,sfh,1980,p2,4741.45928419336,723.2578942692126
C-EEU-LTU,Zone_5A Cool Humid,EEU,rur,perm,sfh,1985,p2,4400.244448687178,706.7358289584193
C-EEU-LTU,Zone_5A Cool Humid,EEU,rur,perm,sfh,1990,p2,6647.577066243679,1067.6863395347013
C-EEU-LTU,Zone_5A Cool Humid,EEU,rur,perm,sfh,1995,p3,6089.767733426685,978.0949893662405
C-EEU-LTU,Zone_5A Cool Humid,EEU,rur,perm,sfh,2000,p3,4515.128047382932,725.1876118774785
C-EEU-LTU,Zone_5A Cool Humid,EEU,rur,perm,sfh,2005,p3,1314.7792846171326,146.26708333089258
C-EEU-LTU,Zone_5A Cool Humid,EEU,rur,perm,sfh,2010,p3,1270.8287190208805,141.37765351121112
C-EEU-LTU,Zone_5A Cool Humid,EEU,rur,perm,sfh,2015,p3,728.8894952250986,69.91365131578922
C-EEU-LTU,Zone_5A Cool Humid,EEU,rur,perm,sfh,2020,p3,915.8611490071239,176.7816611842103
C-EEU-LTU,Zone_5A Cool Humid,EEU,urb,perm,mfh,1945,p1,10533.307411677146,2046.4813782619708
C-EEU-LTU,Zone_5A Cool Humid,EEU,urb,perm,mfh,1960,p2,7002.204357406567,1357.6559412211789
C-EEU-LTU,Zone_5A Cool Humid,EEU,urb,perm,mfh,1965,p2,12756.923836992333,2187.530957542254
C-EEU-LTU,Zone_5A Cool Humid,EEU,urb,perm,mfh,1970,p2,63644.319840928125,10913.596545903283
C-EEU-LTU,Zone_5A Cool Humid,EEU,urb,perm,mfh,1975,p2,15837.771899312173,2715.8284215645535
C-EEU-LTU,Zone_5A Cool Humid,EEU,urb,perm,mfh,1980,p2,16412.155377281615,2814.322514310911
C-EEU-LTU,Zone_5A Cool Humid,EEU,urb,perm,mfh,1985,p2,16628.273682440453,1855.3261054954312
C-EEU-LTU,Zone_5A Cool Humid,EEU,urb,perm,mfh,1990,p2,25120.815916396088,2802.895023928576
C-EEU-LTU,Zone_5A Cool Humid,EEU,urb,perm,mfh,1995,p3,23012.886150933224,2567.6994048822025
C-EEU-LTU,Zone_5A Cool Humid,EEU,urb,perm,mfh,2000,p3,17062.41227246959,1903.7658097525612
C-EEU-LTU,Zone_5A Cool Humid,EEU,urb,perm,mfh,2005,p3,10957.457849685605,2790.952632980232
C-EEU-LTU,Zone_5A Cool Humid,EEU,urb,perm,mfh,2010,p3,10591.171041116528,2697.6564371996487
C-EEU-LTU,Zone_5A Cool Humid,EEU,urb,perm,mfh,2015,p3,5854.170852364757,1455.6311122371408
C-EEU-LTU,Zone_5A Cool Humid,EEU,urb,perm,mfh,2020,p3,7656.223444773593,2191.4446414998715
C-EEU-LTU,Zone_5A Cool Humid,EEU,urb,perm,sfh,1945,p1,10533.307411677146,2046.4813782619708
C-EEU-LTU,Zone_5A Cool Humid,EEU,urb,perm,sfh,1960,p2,7002.204357406567,1357.6559412211789
C-EEU-LTU,Zone_5A Cool Humid,EEU,urb,perm,sfh,1965,p2,12756.923836992333,2187.530957542254
C-EEU-LTU,Zone_5A Cool Humid,EEU,urb,perm,sfh,1970,p2,63644.319840928125,10913.596545903283
C-EEU-LTU,Zone_5A Cool Humid,EEU,urb,perm,sfh,1975,p2,15837.771899312173,2715.8284215645535
C-EEU-LTU,Zone_5A Cool Humid,EEU,urb,perm,sfh,1980,p2,16412.155377281615,2814.322514310911
C-EEU-LTU,Zone_5A Cool Humid,EEU,urb,perm,sfh,1985,p2,16628.273682440453,1855.3261054954312
C-EEU-LTU,Zone_5A Cool Humid,EEU,urb,perm,sfh,1990,p2,25120.815916396088,2802.895023928576
C-EEU-LTU,Zone_5A Cool Humid,EEU,urb,perm,sfh,1995,p3,23012.886150933224,2567.6994048822025
C-EEU-LTU,Zone_5A Cool Humid,EEU,urb,perm,sfh,2000,p3,17062.41227246959,1903.7658097525612
C-EEU-LTU,Zone_5A Cool Humid,EEU,urb,perm,sfh,2005,p3,10957.45791228427,2790.9526489246146
C-EEU-LTU,Zone_5A Cool Humid,EEU,urb,perm,sfh,2010,p3,10591.170978517863,2697.6564212552644
C-EEU-LTU,Zone_5A Cool Humid,EEU,urb,perm,sfh,2015,p3,5854.170852364757,1455.6311122371408
C-EEU-LTU,Zone_5A Cool Humid,EEU,urb,perm,sfh,2020,p3,7656.223444773593,2191.4446414998715
C-EEU-LTU,Zone_6A Cold Humid,EEU,rur,perm,mfh,1945,p1,5681.966616756278,1867.543181818182
C-EEU-LTU,Zone_6A Cold Humid,EEU,rur,perm,mfh,1960,p2,6007.021915197709,1313.78909090909
C-EEU-LTU,Zone_6A Cold Humid,EEU,rur,perm,mfh,1965,p2,6025.656667066649,791.4937232241857
C-EEU-LTU,Zone_6A Cold Humid,EEU,rur,perm,mfh,1970,p2,30062.01377939927,3948.7638490788127
C-EEU-LTU,Zone_6A Cold Humid,EEU,rur,perm,mfh,1975,p2,7480.876820776815,982.6426188899652
C-EEU-LTU,Zone_6A Cold Humid,EEU,rur,perm,mfh,1980,p2,7752.183420840009,1018.279808807035
C-EEU-LTU,Zone_6A Cold Humid,EEU,rur,perm,mfh,1985,p2,6366.716353685103,611.3024589209801
C-EEU-LTU,Zone_6A Cold Humid,EEU,rur,perm,mfh,1990,p2,9618.383277016103,923.5123761530751
C-EEU-LTU,Zone_6A Cold Humid,EEU,rur,perm,mfh,1995,p3,8811.288616049316,846.0189048842612
C-EEU-LTU,Zone_6A Cold Humid,EEU,rur,perm,mfh,2000,p3,6532.941502109454,627.262623678044
C-EEU-LTU,Zone_6A Cold Humid,EEU,rur,perm,mfh,2005,p3,2546.996660892401,318.754493995139
C-EEU-LTU,Zone_6A Cold Humid,EEU,rur,perm,mfh,2010,p3,2461.85544555283,308.0991423684952
C-EEU-LTU,Zone_6A Cold Humid,EEU,rur,perm,mfh,2015,p3,1538.2616892397737,189.257727272727
C-EEU-LTU,Zone_6A Cold Humid,EEU,rur,perm,mfh,2020,p3,1725.2935071122258,253.345
C-EEU-LTU,Zone_6A Cold Humid,EEU,rur,perm,sfh,1945,p1,5681.966616756278,1867.543181818182
C-EEU-LTU,Zone_6A Cold Humid,EEU,rur,perm,sfh,1960,p2,6007.021915197709,1313.78909090909
C-EEU-LTU,Zone_6A Cold Humid,EEU,rur,perm,sfh,1965,p2,6025.656667066649,791.4937232241857
C-EEU-LTU,Zone_6A Cold Humid,EEU,rur,perm,sfh,1970,p2,30062.01377939927,3948.7638490788127
C-EEU-LTU,Zone_6A Cold Humid,EEU,rur,perm,sfh,1975,p2,7480.876820776815,982.6426188899652
C-EEU-LTU,Zone_6A Cold Humid,EEU,rur,perm,sfh,1980,p2,7752.183420840009,1018.279808807035
C-EEU-LTU,Zone_6A Cold Humid,EEU,rur,perm,sfh,1985,p2,6366.716353685103,611.3024589209801
C-EEU-LTU,Zone_6A Cold Humid,EEU,rur,perm,sfh,1990,p2,9618.383277016103,923.5123761530751
C-EEU-LTU,Zone_6A Cold Humid,EEU,rur,perm,sfh,1995,p3,8811.288616049316,846.0189048842612
C-EEU-LTU,Zone_6A Cold Humid,EEU,rur,perm,sfh,2000,p3,6532.941502109454,627.262623678044
C-EEU-LTU,Zone_6A Cold Humid,EEU,rur,perm,sfh,2005,p3,2546.996675443097,318.7544958161459
C-EEU-LTU,Zone_6A Cold Humid,EEU,rur,perm,sfh,2010,p3,2461.8554310021395,308.0991405474884
C-EEU-LTU,Zone_6A Cold Humid,EEU,rur,perm,sfh,2015,p3,1538.2616892397737,189.257727272727
C-EEU-LTU,Zone_6A Cold Humid,EEU,rur,perm,sfh,2020,p3,1725.2935071122258,253.345
C-EEU-LTU,Zone_6A Cold Humid,EEU,urb,perm,mfh,1945,p1,82447.53563730903,35754.88522178882
C-EEU-LTU,Zone_6A Cold Humid,EEU,urb,perm,mfh,1960,p2,72903.50712978985,21400.128085504468
C-EEU-LTU,Zone_6A Cold Humid,EEU,urb,perm,mfh,1965,p2,89223.90788136485,14778.37197055513
C-EEU-LTU,Zone_6A Cold Humid,EEU,urb,perm,mfh,1970,p2,445138.2639906011,73729.32882885112
C-EEU-LTU,Zone_6A Cold Humid,EEU,urb,perm,mfh,1975,p2,110771.83802670265,18347.407831512417
C-EEU-LTU,Zone_6A Cold Humid,EEU,urb,perm,mfh,1980,p2,114789.16533709333,19012.80748425306
C-EEU-LTU,Zone_6A Cold Humid,EEU,urb,perm,mfh,1985,p2,118919.25320921617,14064.135634206068
C-EEU-LTU,Zone_6A Cold Humid,EEU,urb,perm,mfh,1990,p2,179654.76908999114,21247.098107556816
C-EEU-LTU,Zone_6A Cold Humid,EEU,urb,perm,mfh,1995,p3,164579.6363183292,19464.218495696907
C-EEU-LTU,Zone_6A Cold Humid,EEU,urb,perm,mfh,2000,p3,122024.05157262579,14431.328532928954
C-EEU-LTU,Zone_6A Cold Humid,EEU,urb,perm,mfh,2005,p3,72752.1034657391,15630.4872625444
C-EEU-LTU,Zone_6A Cold Humid,EEU,urb,perm,mfh,2010,p3,70320.14012527175,15107.990039710818
C-EEU-LTU,Zone_6A Cold Humid,EEU,urb,perm,mfh,2015,p3,35542.134037629105,7052.416299084061
C-EEU-LTU,Zone_6A Cold Humid,EEU,urb,perm,mfh,2020,p3,43004.25868680389,7406.983299714702
C-EEU-LTU,Zone_6A Cold Humid,EEU,urb,perm,sfh,1945,p1,82447.53563730903,35754.88522178882
C-EEU-LTU,Zone_6A Cold Humid,EEU,urb,perm,sfh,1960,p2,72903.50712978985,21400.128085504468
C-EEU-LTU,Zone_6A Cold Humid,EEU,urb,perm,sfh,1965,p2,89223.90788136485,14778.37197055513
C-EEU-LTU,Zone_6A Cold Humid,EEU,urb,perm,sfh,1970,p2,445138.2639906011,73729.32882885112
C-EEU-LTU,Zone_6A Cold Humid,EEU,urb,perm,sfh,1975,p2,110771.83802670265,18347.407831512417
C-EEU-LTU,Zone_6A Cold Humid,EEU,urb,perm,sfh,1980,p2,114789.16533709333,19012.80748425306
C-EEU-LTU,Zone_6A Cold Humid,EEU,urb,perm,sfh,1985,p2,118919.25320921617,14064.135634206068
C-EEU-LTU,Zone_6A Cold Humid,EEU,urb,perm,sfh,1990,p2,179654.76908999114,21247.098107556816
C-EEU-LTU,Zone_6A Cold Humid,EEU,urb,perm,sfh,1995,p3,164579.6363183292,19464.218495696907
C-EEU-LTU,Zone_6A Cold Humid,EEU,urb,perm,sfh,2000,p3,122024.05157262579,14431.328532928954
C-EEU-LTU,Zone_6A Cold Humid,EEU,urb,perm,sfh,2005,p3,72752.10388136329,15630.487351839536
C-EEU-LTU,Zone_6A Cold Humid,EEU,urb,perm,sfh,2010,p3,70320.13970964754,15107.989950415687
C-EEU-LTU,Zone_6A Cold Humid,EEU,urb,perm,sfh,2015,p3,35542.134037629105,7052.416299084061
C-EEU-LTU,Zone_6A Cold Humid,EEU,urb,perm,sfh,2020,p3,43004.25868680389,7406.983299714702
C-EEU-LVA,Zone_6A Cold Humid,EEU,rur,perm,mfh,1945,p1,59128.63857069671,39776.557893212805
C-EEU-LVA,Zone_6A Cold Humid,EEU,rur,perm,mfh,1960,p2,24019.00106038138,8745.813018372857
C-EEU-LVA,Zone_6A Cold Humid,EEU,rur,perm,mfh,1965,p2,23343.10753766857,5318.234676555669
C-EEU-LVA,Zone_6A Cold Humid,EEU,rur,perm,mfh,1970,p2,100717.90534237346,22946.450290626562
C-EEU-LVA,Zone_6A Cold Humid,EEU,rur,perm,mfh,1975,p2,74634.6601616765,17003.933049799045
C-EEU-LVA,Zone_6A Cold Humid,EEU,rur,perm,mfh,1980,p2,29286.755564044004,6672.369510065015
C-EEU-LVA,Zone_6A Cold Humid,EEU,rur,perm,mfh,1985,p2,56905.48544058361,17736.352456476227
C-EEU-LVA,Zone_6A Cold Humid,EEU,rur,perm,mfh,1990,p2,71805.4642498471,22380.39114113092
C-EEU-LVA,Zone_6A Cold Humid,EEU,rur,perm,mfh,1995,p3,6947.690908291938,2165.462498985014
C-EEU-LVA,Zone_6A Cold Humid,EEU,rur,perm,mfh,2000,p3,23370.500500111077,7284.138440168846
C-EEU-LVA,Zone_6A Cold Humid,EEU,rur,perm,mfh,2005,p3,18729.568840509266,4866.164524187428
C-EEU-LVA,Zone_6A Cold Humid,EEU,rur,perm,mfh,2010,p3,27401.66019676024,7119.276897870529
C-EEU-LVA,Zone_6A Cold Humid,EEU,rur,perm,mfh,2015,p3,4490.232726941306,2258.8163524099355
C-EEU-LVA,Zone_6A Cold Humid,EEU,rur,perm,mfh,2020,p3,4531.728271047533,2483.425993071708
C-EEU-LVA,Zone_6A Cold Humid,EEU,rur,perm,sfh,1945,p1,59128.63857069671,39776.557893212805
C-EEU-LVA,Zone_6A Cold Humid,EEU,rur,perm,sfh,1960,p2,24019.00106038138,8745.813018372857
C-EEU-LVA,Zone_6A Cold Humid,EEU,rur,perm,sfh,1965,p2,23343.107612520897,5318.234693609193
C-EEU-LVA,Zone_6A Cold Humid,EEU,rur,perm,sfh,1970,p2,100717.91130700063,22946.451649541053
C-EEU-LVA,Zone_6A Cold Humid,EEU,rur,perm,sfh,1975,p2,74634.6540282857,17003.931652435327
C-EEU-LVA,Zone_6A Cold Humid,EEU,rur,perm,sfh,1980,p2,29286.755657955306,6672.369531460726
C-EEU-LVA,Zone_6A Cold Humid,EEU,rur,perm,sfh,1985,p2,56905.48555091699,17736.352490865036
C-EEU-LVA,Zone_6A Cold Humid,EEU,rur,perm,sfh,1990,p2,71805.46429697955,22380.391155821206
C-EEU-LVA,Zone_6A Cold Humid,EEU,rur,perm,sfh,1995,p3,6947.690378241306,2165.462333778354
C-EEU-LVA,Zone_6A Cold Humid,EEU,rur,perm,sfh,2000,p3,23370.500872695906,7284.138556296424
C-EEU-LVA,Zone_6A Cold Humid,EEU,rur,perm,sfh,2005,p3,18729.56869223444,4866.164485663863
C-EEU-LVA,Zone_6A Cold Humid,EEU,rur,perm,sfh,2010,p3,27401.660345035067,7119.27693639409
C-EEU-LVA,Zone_6A Cold Humid,EEU,rur,perm,sfh,2015,p3,4490.232726941306,2258.8163524099355
C-EEU-LVA,Zone_6A Cold Humid,EEU,rur,perm,sfh,2020,p3,4531.728271047533,2483.425993071708
C-EEU-LVA,Zone_6A Cold Humid,EEU,urb,perm,mfh,1945,p1,95013.2816930764,60451.99862694994
C-EEU-LVA,Zone_6A Cold Humid,EEU,urb,perm,mfh,1960,p2,47145.26515729958,15783.817349764198
C-EEU-LVA,Zone_6A Cold Humid,EEU,urb,perm,mfh,1965,p2,42732.52906672574,6953.593638014556
C-EEU-LVA,Zone_6A Cold Humid,EEU,urb,perm,mfh,1970,p2,184376.9434141315,30002.491514582154
C-EEU-LVA,Zone_6A Cold Humid,EEU,urb,perm,mfh,1975,p2,136628.2436731034,22232.648212674343
C-EEU-LVA,Zone_6A Cold Humid,EEU,urb,perm,mfh,1980,p2,53613.13318679064,8724.125390743216
C-EEU-LVA,Zone_6A Cold Humid,EEU,urb,perm,mfh,1985,p2,88059.84608284383,16379.4084568994
C-EEU-LVA,Zone_6A Cold Humid,EEU,urb,perm,mfh,1990,p2,111117.19864600513,20668.14858496482
C-EEU-LVA,Zone_6A Cold Humid,EEU,urb,perm,mfh,1995,p3,10751.381651144511,1999.7908169682596
C-EEU-LVA,Zone_6A Cold Humid,EEU,urb,perm,mfh,2000,p3,36165.27758238031,6726.8554264979675
C-EEU-LVA,Zone_6A Cold Humid,EEU,urb,perm,mfh,2005,p3,16037.326663362512,4293.759966605872
C-EEU-LVA,Zone_6A Cold Humid,EEU,urb,perm,mfh,2010,p3,23462.866627417425,6281.839831620353
C-EEU-LVA,Zone_6A Cold Humid,EEU,urb,perm,mfh,2015,p3,4720.241523193775,1739.96031162078
C-EEU-LVA,Zone_6A Cold Humid,EEU,urb,perm,mfh,2020,p3,3899.838329477505,2828.8927918795266
C-EEU-LVA,Zone_6A Cold Humid,EEU,urb,perm,sfh,1945,p1,95013.2816930764,60451.99862694994
C-EEU-LVA,Zone_6A Cold Humid,EEU,urb,perm,sfh,1960,p2,47145.26515729958,15783.817349764198
C-EEU-LVA,Zone_6A Cold Humid,EEU,urb,perm,sfh,1965,p2,42732.52920375244,6953.593660312045
C-EEU-LVA,Zone_6A Cold Humid,EEU,urb,perm,sfh,1970,p2,184376.95433314057,30002.49329136331
C-EEU-LVA,Zone_6A Cold Humid,EEU,urb,perm,sfh,1975,p2,136628.23244515096,22232.6463856208
C-EEU-LVA,Zone_6A Cold Humid,EEU,urb,perm,sfh,1980,p2,53613.13335870726,8724.125418718113
C-EEU-LVA,Zone_6A Cold Humid,EEU,urb,perm,sfh,1985,p2,88059.84625358199,16379.40848865725
C-EEU-LVA,Zone_6A Cold Humid,EEU,urb,perm,sfh,1990,p2,111117.19871894142,20668.148598531196
C-EEU-LVA,Zone_6A Cold Humid,EEU,urb,perm,sfh,1995,p3,10751.380830904112,1999.7906644009597
C-EEU-LVA,Zone_6A Cold Humid,EEU,urb,perm,sfh,2000,p3,36165.27815894618,6726.855533741036
C-EEU-LVA,Zone_6A Cold Humid,EEU,urb,perm,sfh,2005,p3,16037.326536401135,4293.759932613814
C-EEU-LVA,Zone_6A Cold Humid,EEU,urb,perm,sfh,2010,p3,23462.866754378807,6281.839865612412
C-EEU-LVA,Zone_6A Cold Humid,EEU,urb,perm,sfh,2015,p3,4720.241523193775,1739.96031162078
C-EEU-LVA,Zone_6A Cold Humid,EEU,urb,perm,sfh,2020,p3,3899.838329477505,2828.8927918795266
C-EEU-POL,Zone_5A Cool Humid,EEU,rur,perm,mfh,1945,p1,569391.3497242217,219178.57051894916
C-EEU-POL,Zone_5A Cool Humid,EEU,rur,perm,mfh,1960,p2,460282.8979140286,187621.2125870902
C-EEU-POL,Zone_5A Cool Humid,EEU,rur,perm,mfh,1965,p2,564822.3907910823,69880.33216284585
C-EEU-POL,Zone_5A Cool Humid,EEU,rur,perm,mfh,1970,p2,811994.6966244936,100460.7112602533
C-EEU-POL,Zone_5A Cool Humid,EEU,rur,perm,mfh,1975,p2,511275.03052624635,63255.40478256008
C-EEU-POL,Zone_5A Cool Humid,EEU,rur,perm,mfh,1980,p2,622165.8959376346,76974.92198852634
C-EEU-POL,Zone_5A Cool Humid,EEU,rur,perm,mfh,1985,p2,777848.3183497183,85326.125533119
C-EEU-POL,Zone_5A Cool Humid,EEU,rur,perm,mfh,1990,p2,582334.8846960267,63879.26579221296
C-EEU-POL,Zone_5A Cool Humid,EEU,rur,perm,mfh,1995,p3,551346.225918645,60479.96270629556
C-EEU-POL,Zone_5A Cool Humid,EEU,rur,perm,mfh,2000,p3,412318.8370353405,45229.34358614831
C-EEU-POL,Zone_5A Cool Humid,EEU,rur,perm,mfh,2005,p3,345092.1468350382,49651.227355399256
C-EEU-POL,Zone_5A Cool Humid,EEU,rur,perm,mfh,2010,p3,435563.48860094417,62668.07865255241
C-EEU-POL,Zone_5A Cool Humid,EEU,rur,perm,mfh,2015,p3,187186.6039506197,32679.177013399538
C-EEU-POL,Zone_5A Cool Humid,EEU,rur,perm,mfh,2020,p3,223537.19075354247,73411.35297060403
C-EEU-POL,Zone_5A Cool Humid,EEU,rur,perm,sfh,1945,p1,569391.3497242217,219178.57051894916
C-EEU-POL,Zone_5A Cool Humid,EEU,rur,perm,sfh,1960,p2,460282.8979140286,187621.2125870902
C-EEU-POL,Zone_5A Cool Humid,EEU,rur,perm,sfh,1965,p2,564822.389398955,69880.33199061062
C-EEU-POL,Zone_5A Cool Humid,EEU,rur,perm,sfh,1970,p2,811994.7000319238,100460.71168182362
C-EEU-POL,Zone_5A Cool Humid,EEU,rur,perm,sfh,1975,p2,511275.02955618117,63255.40466254275
C-EEU-POL,Zone_5A Cool Humid,EEU,rur,perm,sfh,1980,p2,622165.8948923968,76974.92185920858
C-EEU-POL,Zone_5A Cool Humid,EEU,rur,perm,sfh,1985,p2,777848.3183497183,85326.125533119
C-EEU-POL,Zone_5A Cool Humid,EEU,rur,perm,sfh,1990,p2,582334.8846960267,63879.26579221296
C-EEU-POL,Zone_5A Cool Humid,EEU,rur,perm,sfh,1995,p3,551346.225918645,60479.96270629556
C-EEU-POL,Zone_5A Cool Humid,EEU,rur,perm,sfh,2000,p3,412318.8370353405,45229.34358614831
C-EEU-POL,Zone_5A Cool Humid,EEU,rur,perm,sfh,2005,p3,345092.1468350382,49651.227355399256
C-EEU-POL,Zone_5A Cool Humid,EEU,rur,perm,sfh,2010,p3,435563.48860094417,62668.07865255241
C-EEU-POL,Zone_5A Cool Humid,EEU,rur,perm,sfh,2015,p3,187186.6039506197,32679.177013399538
C-EEU-POL,Zone_5A Cool Humid,EEU,rur,perm,sfh,2020,p3,223537.19075354247,73411.35297060403
C-EEU-POL,Zone_5A Cool Humid,EEU,urb,perm,mfh,1945,p1,1306639.7625417558,429863.61272254476
C-EEU-POL,Zone_5A Cool Humid,EEU,urb,perm,mfh,1960,p2,747445.1932731621,220776.92017155598
C-EEU-POL,Zone_5A Cool Humid,EEU,urb,perm,mfh,1965,p2,1014465.7320421113,161237.19380054178
C-EEU-POL,Zone_5A Cool Humid,EEU,urb,perm,mfh,1970,p2,1458406.7624722868,231796.31048493963
C-EEU-POL,Zone_5A Cool Humid,EEU,urb,perm,mfh,1975,p2,918290.4335488863,145951.28048461184
C-EEU-POL,Zone_5A Cool Humid,EEU,urb,perm,mfh,1980,p2,1117459.2072917055,177606.7747577828
C-EEU-POL,Zone_5A Cool Humid,EEU,urb,perm,mfh,1985,p2,1168070.3242589247,141839.90585475965
C-EEU-POL,Zone_5A Cool Humid,EEU,urb,perm,mfh,1990,p2,874473.9579013292,106188.21597052133
C-EEU-POL,Zone_5A Cool Humid,EEU,urb,perm,mfh,1995,p3,827939.2648865769,100537.46332394567
C-EEU-POL,Zone_5A Cool Humid,EEU,urb,perm,mfh,2000,p3,619166.2131451688,75185.95032938379
C-EEU-POL,Zone_5A Cool Humid,EEU,urb,perm,mfh,2005,p3,795426.0036284003,180271.20844015604
C-EEU-POL,Zone_5A Cool Humid,EEU,urb,perm,mfh,2010,p3,1003959.4590656052,227532.14514625404
C-EEU-POL,Zone_5A Cool Humid,EEU,urb,perm,mfh,2015,p3,429495.5841561375,106260.73056902102
C-EEU-POL,Zone_5A Cool Humid,EEU,urb,perm,mfh,2020,p3,573592.780908442,286518.5122404288
C-EEU-POL,Zone_5A Cool Humid,EEU,urb,perm,sfh,1945,p1,1306639.7625417558,429863.61272254476
C-EEU-POL,Zone_5A Cool Humid,EEU,urb,perm,sfh,1960,p2,747445.1932731621,220776.92017155598
C-EEU-POL,Zone_5A Cool Humid,EEU,urb,perm,sfh,1965,p2,1014465.7295417408,161237.19340313776
C-EEU-POL,Zone_5A Cool Humid,EEU,urb,perm,sfh,1970,p2,1458406.7685923013,231796.3114576427
C-EEU-POL,Zone_5A Cool Humid,EEU,urb,perm,sfh,1975,p2,918290.4318065724,145951.2802076919
C-EEU-POL,Zone_5A Cool Humid,EEU,urb,perm,sfh,1980,p2,1117459.2054143753,177606.77445940362
C-EEU-POL,Zone_5A Cool Humid,EEU,urb,perm,sfh,1985,p2,1168070.3242589247,141839.90585475965
C-EEU-POL,Zone_5A Cool Humid,EEU,urb,perm,sfh,1990,p2,874473.9579013292,106188.21597052133
C-EEU-POL,Zone_5A Cool Humid,EEU,urb,perm,sfh,1995,p3,827939.2648865769,100537.46332394567
C-EEU-POL,Zone_5A Cool Humid,EEU,urb,perm,sfh,2000,p3,619166.2131451688,75185.95032938379
C-EEU-POL,Zone_5A Cool Humid,EEU,urb,perm,sfh,2005,p3,795426.0036284003,180271.20844015604
C-EEU-POL,Zone_5A Cool Humid,EEU,urb,perm,sfh,2010,p3,1003959.4590656052,227532.14514625404
C-EEU-POL,Zone_5A Cool Humid,EEU,urb,perm,sfh,2015,p3,429495.5841561375,106260.73056902102
C-EEU-POL,Zone_5A Cool Humid,EEU,urb,perm,sfh,2020,p3,573592.780908442,286518.5122404288
C-EEU-POL,Zone_6A Cold Humid,EEU,rur,perm,mfh,1945,p1,8832.952474052618,5162.947624141927
C-EEU-POL,Zone_6A Cold Humid,EEU,rur,perm,mfh,1960,p2,11069.387352160267,4859.945038780421
C-EEU-POL,Zone_6A Cold Humid,EEU,rur,perm,mfh,1965,p2,11167.114759245238,1618.237206597944
C-EEU-POL,Zone_6A Cold Humid,EEU,rur,perm,mfh,1970,p2,16053.963350150196,2326.3950775704843
C-EEU-POL,Zone_6A Cold Humid,EEU,rur,perm,mfh,1975,p2,10108.428830922596,1464.8220231554135
C-EEU-POL,Zone_6A Cold Humid,EEU,rur,perm,mfh,1980,p2,12300.85434377559,1782.528486649579
C-EEU-POL,Zone_6A Cold Humid,EEU,rur,perm,mfh,1985,p2,15038.440958438263,1977.0105349359146
C-EEU-POL,Zone_6A Cold Humid,EEU,rur,perm,mfh,1990,p2,11258.504485964371,1480.0857374703767
C-EEU-POL,Zone_6A Cold Humid,EEU,rur,perm,mfh,1995,p3,10659.388817252058,1401.3237173937673
C-EEU-POL,Zone_6A Cold Humid,EEU,rur,perm,mfh,2000,p3,7971.518791688268,1047.9661205681234
C-EEU-POL,Zone_6A Cold Humid,EEU,rur,perm,mfh,2005,p3,7511.937226394848,3074.961963245135
C-EEU-POL,Zone_6A Cold Humid,EEU,rur,perm,mfh,2010,p3,9481.30988922184,3881.1116749825505
C-EEU-POL,Zone_6A Cold Humid,EEU,rur,perm,mfh,2015,p3,3938.4014482259195,1530.1630560755987
C-EEU-POL,Zone_6A Cold Humid,EEU,rur,perm,mfh,2020,p3,4577.527999034515,2696.723009717391
C-EEU-POL,Zone_6A Cold Humid,EEU,rur,perm,sfh,1945,p1,8832.952474052618,5162.947624141927
C-EEU-POL,Zone_6A Cold Humid,EEU,rur,perm,sfh,1960,p2,11069.387352160267,4859.945038780421
C-EEU-POL,Zone_6A Cold Humid,EEU,rur,perm,sfh,1965,p2,11167.114731721462,1618.2372026094486
C-EEU-POL,Zone_6A Cold Humid,EEU,rur,perm,sfh,1970,p2,16053.963417518564,2326.395087332897
C-EEU-POL,Zone_6A Cold Humid,EEU,rur,perm,sfh,1975,p2,10108.428811743423,1464.8220203761412
C-EEU-POL,Zone_6A Cold Humid,EEU,rur,perm,sfh,1980,p2,12300.854323110176,1782.528483654933
C-EEU-POL,Zone_6A Cold Humid,EEU,rur,perm,sfh,1985,p2,15038.440958438263,1977.0105349359146
C-EEU-POL,Zone_6A Cold Humid,EEU,rur,perm,sfh,1990,p2,11258.504485964371,1480.0857374703767
C-EEU-POL,Zone_6A Cold Humid,EEU,rur,perm,sfh,1995,p3,10659.388817252058,1401.3237173937673
C-EEU-POL,Zone_6A Cold Humid,EEU,rur,perm,sfh,2000,p3,7971.518791688268,1047.9661205681234
C-EEU-POL,Zone_6A Cold Humid,EEU,rur,perm,sfh,2005,p3,7511.937226394848,3074.961963245135
C-EEU-POL,Zone_6A Cold Humid,EEU,rur,perm,sfh,2010,p3,9481.30988922184,3881.1116749825505
C-EEU-POL,Zone_6A Cold Humid,EEU,rur,perm,sfh,2015,p3,3938.4014482259195,1530.1630560755987
C-EEU-POL,Zone_6A Cold Humid,EEU,rur,perm,sfh,2020,p3,4577.527999034515,2696.723009717391
C-EEU-POL,Zone_6A Cold Humid,EEU,urb,perm,mfh,1945,p1,25081.121319873586,11972.1743002287
C-EEU-POL,Zone_6A Cold Humid,EEU,urb,perm,mfh,1960,p2,22475.658900764785,8439.229694994834
C-EEU-POL,Zone_6A Cold Humid,EEU,urb,perm,mfh,1965,p2,28071.32850639705,5230.043963854464
C-EEU-POL,Zone_6A Cold Humid,EEU,urb,perm,mfh,1970,p2,40355.64142999668,7518.767015972592
C-EEU-POL,Zone_6A Cold Humid,EEU,urb,perm,mfh,1975,p2,25410.057343723565,4734.215446962269
C-EEU-POL,Zone_6A Cold Humid,EEU,urb,perm,mfh,1980,p2,30921.26575556065,5761.0233617107315
C-EEU-POL,Zone_6A Cold Humid,EEU,urb,perm,mfh,1985,p2,28600.64239619499,4767.444948613151
C-EEU-POL,Zone_6A Cold Humid,EEU,urb,perm,mfh,1990,p2,21411.82464385351,3569.139945349986
C-EEU-POL,Zone_6A Cold Humid,EEU,urb,perm,mfh,1995,p3,20272.40513606313,3379.209953515634
C-EEU-POL,Zone_6A Cold Humid,EEU,urb,perm,mfh,2000,p3,15160.518230960384,2527.1088340367232
C-EEU-POL,Zone_6A Cold Humid,EEU,urb,perm,mfh,2005,p3,20050.939200634413,5196.884394552012
C-EEU-POL,Zone_6A Cold Humid,EEU,urb,perm,mfh,2010,p3,25307.60873016488,6559.329493606005
C-EEU-POL,Zone_6A Cold Humid,EEU,urb,perm,mfh,2015,p3,9139.378672317107,2347.2590418749587
C-EEU-POL,Zone_6A Cold Humid,EEU,urb,perm,mfh,2020,p3,10100.725420269766,4417.753283814689
C-EEU-POL,Zone_6A Cold Humid,EEU,urb,perm,sfh,1945,p1,25081.121319873586,11972.1743002287
C-EEU-POL,Zone_6A Cold Humid,EEU,urb,perm,sfh,1960,p2,22475.658900764785,8439.229694994834
C-EEU-POL,Zone_6A Cold Humid,EEU,urb,perm,sfh,1965,p2,28071.32843720918,5230.0439509638845
C-EEU-POL,Zone_6A Cold Humid,EEU,urb,perm,sfh,1970,p2,40355.641599343886,7518.767047524121
C-EEU-POL,Zone_6A Cold Humid,EEU,urb,perm,sfh,1975,p2,25410.057295511906,4734.2154379798285
C-EEU-POL,Zone_6A Cold Humid,EEU,urb,perm,sfh,1980,p2,30921.265703612953,5761.023352032218
C-EEU-POL,Zone_6A Cold Humid,EEU,urb,perm,sfh,1985,p2,28600.64239619499,4767.444948613151
C-EEU-POL,Zone_6A Cold Humid,EEU,urb,perm,sfh,1990,p2,21411.82464385351,3569.139945349986
C-EEU-POL,Zone_6A Cold Humid,EEU,urb,perm,sfh,1995,p3,20272.40513606313,3379.209953515634
C-EEU-POL,Zone_6A Cold Humid,EEU,urb,perm,sfh,2000,p3,15160.518230960384,2527.1088340367232
C-EEU-POL,Zone_6A Cold Humid,EEU,urb,perm,sfh,2005,p3,20050.939200634413,5196.884394552012
C-EEU-POL,Zone_6A Cold Humid,EEU,urb,perm,sfh,2010,p3,25307.60873016488,6559.329493606005
C-EEU-POL,Zone_6A Cold Humid,EEU,urb,perm,sfh,2015,p3,9139.378672317107,2347.2590418749587
C-EEU-POL,Zone_6A Cold Humid,EEU,urb,perm,sfh,2020,p3,10100.725420269766,4417.753283814689
C-EEU-ROU,Zone_4A Mixed Humid,EEU,rur,perm,mfh,1945,p1,74634.51070801623,37320.35378644761
C-EEU-ROU,Zone_4A Mixed Humid,EEU,rur,perm,mfh,1960,p2,193781.15270207642,100642.631740537
C-EEU-ROU,Zone_4A Mixed Humid,EEU,rur,perm,mfh,1965,p2,223580.19392657417,69439.0583177457
C-EEU-ROU,Zone_4A Mixed Humid,EEU,rur,perm,mfh,1970,p2,256150.3046065842,79554.61361450599
C-EEU-ROU,Zone_4A Mixed Humid,EEU,rur,perm,mfh,1975,p2,219518.9462366325,68177.72469855542
C-EEU-ROU,Zone_4A Mixed Humid,EEU,rur,perm,mfh,1980,p2,185919.2009579514,57742.387690868774
C-EEU-ROU,Zone_4A Mixed Humid,EEU,rur,perm,mfh,1985,p2,81185.23432581799,30964.141369277007
C-EEU-ROU,Zone_4A Mixed Humid,EEU,rur,perm,mfh,1990,p2,86384.11854522456,32947.00176586288
C-EEU-ROU,Zone_4A Mixed Humid,EEU,rur,perm,mfh,1995,p3,29718.023451814675,11334.488186417
C-EEU-ROU,Zone_4A Mixed Humid,EEU,rur,perm,mfh,2000,p3,160990.23901636823,61401.86157461454
C-EEU-ROU,Zone_4A Mixed Humid,EEU,rur,perm,mfh,2005,p3,26042.001661025173,7816.373096060352
C-EEU-ROU,Zone_4A Mixed Humid,EEU,rur,perm,mfh,2010,p3,45346.29468212264,13610.45753598247
C-EEU-ROU,Zone_4A Mixed Humid,EEU,rur,perm,mfh,2015,p3,25196.454265974473,9756.145781870677
C-EEU-ROU,Zone_4A Mixed Humid,EEU,rur,perm,mfh,2020,p3,41662.45544730066,30251.39945017804
C-EEU-ROU,Zone_4A Mixed Humid,EEU,rur,perm,sfh,1945,p1,74634.51070801623,37320.35378644761
C-EEU-ROU,Zone_4A Mixed Humid,EEU,rur,perm,sfh,1960,p2,193781.15270207642,100642.631740537
C-EEU-ROU,Zone_4A Mixed Humid,EEU,rur,perm,sfh,1965,p2,223580.1933213898,69439.05812978883
C-EEU-ROU,Zone_4A Mixed Humid,EEU,rur,perm,sfh,1970,p2,256150.30355863424,79554.61328903591
C-EEU-ROU,Zone_4A Mixed Humid,EEU,rur,perm,sfh,1975,p2,219518.94833065994,68177.72534891398
C-EEU-ROU,Zone_4A Mixed Humid,EEU,rur,perm,sfh,1980,p2,185919.20051705837,57742.38755393716
C-EEU-ROU,Zone_4A Mixed Humid,EEU,rur,perm,sfh,1985,p2,81185.23432581799,30964.141369277007
C-EEU-ROU,Zone_4A Mixed Humid,EEU,rur,perm,sfh,1990,p2,86384.11854522456,32947.00176586288
C-EEU-ROU,Zone_4A Mixed Humid,EEU,rur,perm,sfh,1995,p3,29718.023451814675,11334.488186417
C-EEU-ROU,Zone_4A Mixed Humid,EEU,rur,perm,sfh,2000,p3,160990.23901636823,61401.86157461454
C-EEU-ROU,Zone_4A Mixed Humid,EEU,rur,perm,sfh,2005,p3,26042.001938943722,7816.373179476169
C-EEU-ROU,Zone_4A Mixed Humid,EEU,rur,perm,sfh,2010,p3,45346.29440420409,13610.457452566648
C-EEU-ROU,Zone_4A Mixed Humid,EEU,rur,perm,sfh,2015,p3,25196.454265974473,9756.145781870677
C-EEU-ROU,Zone_4A Mixed Humid,EEU,rur,perm,sfh,2020,p3,41662.45544730066,30251.39945017804
C-EEU-ROU,Zone_4A Mixed Humid,EEU,urb,perm,mfh,1945,p1,132970.31441157707,38029.09676935176
C-EEU-ROU,Zone_4A Mixed Humid,EEU,urb,perm,mfh,1960,p2,235972.85624905577,90320.79487471606
C-EEU-ROU,Zone_4A Mixed Humid,EEU,urb,perm,mfh,1965,p2,475454.7303903341,124436.43295593336
C-EEU-ROU,Zone_4A Mixed Humid,EEU,urb,perm,mfh,1970,p2,544716.7384429486,142563.74702084291
C-EEU-ROU,Zone_4A Mixed Humid,EEU,urb,perm,mfh,1975,p2,466818.27922908444,122176.09331219536
C-EEU-ROU,Zone_4A Mixed Humid,EEU,urb,perm,mfh,1980,p2,395366.70048188284,103475.72286668027
C-EEU-ROU,Zone_4A Mixed Humid,EEU,urb,perm,mfh,1985,p2,184420.8223824195,53578.04761453685
C-EEU-ROU,Zone_4A Mixed Humid,EEU,urb,perm,mfh,1990,p2,196230.6362134185,57009.04179177788
C-EEU-ROU,Zone_4A Mixed Humid,EEU,urb,perm,mfh,1995,p3,67507.62463243629,19612.355482293646
C-EEU-ROU,Zone_4A Mixed Humid,EEU,urb,perm,mfh,2000,p3,365706.3075754295,106245.21519366495
C-EEU-ROU,Zone_4A Mixed Humid,EEU,urb,perm,mfh,2005,p3,47021.17420434773,12782.032587791411
C-EEU-ROU,Zone_4A Mixed Humid,EEU,urb,perm,mfh,2010,p3,81876.80999041296,22257.037838606237
C-EEU-ROU,Zone_4A Mixed Humid,EEU,urb,perm,mfh,2015,p3,86196.38531063094,35181.18700651544
C-EEU-ROU,Zone_4A Mixed Humid,EEU,urb,perm,mfh,2020,p3,151425.54015999765,98573.52280405613
C-EEU-ROU,Zone_4A Mixed Humid,EEU,urb,perm,sfh,1945,p1,132970.31441157707,38029.09676935176
C-EEU-ROU,Zone_4A Mixed Humid,EEU,urb,perm,sfh,1960,p2,235972.85624905577,90320.79487471606
C-EEU-ROU,Zone_4A Mixed Humid,EEU,urb,perm,sfh,1965,p2,475454.7291033785,124436.4326191102
C-EEU-ROU,Zone_4A Mixed Humid,EEU,urb,perm,sfh,1970,p2,544716.7362144293,142563.74643759284
C-EEU-ROU,Zone_4A Mixed Humid,EEU,urb,perm,sfh,1975,p2,466818.283682141,122176.09447765326
C-EEU-ROU,Zone_4A Mixed Humid,EEU,urb,perm,sfh,1980,p2,395366.6995443012,103475.7226212956
C-EEU-ROU,Zone_4A Mixed Humid,EEU,urb,perm,sfh,1985,p2,184420.8223824195,53578.04761453685
C-EEU-ROU,Zone_4A Mixed Humid,EEU,urb,perm,sfh,1990,p2,196230.6362134185,57009.04179177788
C-EEU-ROU,Zone_4A Mixed Humid,EEU,urb,perm,sfh,1995,p3,67507.62463243629,19612.355482293646
C-EEU-ROU,Zone_4A Mixed Humid,EEU,urb,perm,sfh,2000,p3,365706.3075754295,106245.21519366495
C-EEU-ROU,Zone_4A Mixed Humid,EEU,urb,perm,sfh,2005,p3,47021.17470615463,12782.032724200413
C-EEU-ROU,Zone_4A Mixed Humid,EEU,urb,perm,sfh,2010,p3,81876.80948860601,22257.03770219722
C-EEU-ROU,Zone_4A Mixed Humid,EEU,urb,perm,sfh,2015,p3,86196.38531063094,35181.18700651544
C-EEU-ROU,Zone_4A Mixed Humid,EEU,urb,perm,sfh,2020,p3,151425.54015999765,98573.52280405613
C-EEU-ROU,Zone_5A Cool Humid,EEU,rur,perm,mfh,1945,p1,125244.90573348595,55586.893791475384
C-EEU-ROU,Zone_5A Cool Humid,EEU,rur,perm,mfh,1960,p2,258224.42481735587,117711.94276303051
C-EEU-ROU,Zone_5A Cool Humid,EEU,rur,perm,mfh,1965,p2,327797.37883107085,92859.04507910213
C-EEU-ROU,Zone_5A Cool Humid,EEU,rur,perm,mfh,1970,p2,375549.3581339099,106386.31370617625
C-EEU-ROU,Zone_5A Cool Humid,EEU,rur,perm,mfh,1975,p2,321843.0702540208,91172.29758117256
C-EEU-ROU,Zone_5A Cool Humid,EEU,rur,perm,mfh,1980,p2,272581.5095626789,77217.39195863056
C-EEU-ROU,Zone_5A Cool Humid,EEU,rur,perm,mfh,1985,p2,131030.58407450408,40223.2030085371
C-EEU-ROU,Zone_5A Cool Humid,EEU,rur,perm,mfh,1990,p2,139421.43053151708,42798.98882860177
C-EEU-ROU,Zone_5A Cool Humid,EEU,rur,perm,mfh,1995,p3,47964.01713646044,14723.786908313083
C-EEU-ROU,Zone_5A Cool Humid,EEU,rur,perm,mfh,2000,p3,259833.5180502197,79762.57160705123
C-EEU-ROU,Zone_5A Cool Humid,EEU,rur,perm,mfh,2005,p3,56484.297804679954,19133.685927043283
C-EEU-ROU,Zone_5A Cool Humid,EEU,rur,perm,mfh,2010,p3,98354.71187932974,33317.01445685683
C-EEU-ROU,Zone_5A Cool Humid,EEU,rur,perm,mfh,2015,p3,43717.08263587909,16920.415483124532
C-EEU-ROU,Zone_5A Cool Humid,EEU,rur,perm,mfh,2020,p3,70768.14384207768,57843.24823967683
C-EEU-ROU,Zone_5A Cool Humid,EEU,rur,perm,sfh,1945,p1,125244.90573348595,55586.893791475384
C-EEU-ROU,Zone_5A Cool Humid,EEU,rur,perm,sfh,1960,p2,258224.42481735587,117711.94276303051
C-EEU-ROU,Zone_5A Cool Humid,EEU,rur,perm,sfh,1965,p2,327797.37883107085,92859.04507910213
C-EEU-ROU,Zone_5A Cool Humid,EEU,rur,perm,sfh,1970,p2,375549.3581339099,106386.31370617625
C-EEU-ROU,Zone_5A Cool Humid,EEU,rur,perm,sfh,1975,p2,321843.0702540208,91172.29758117256
C-EEU-ROU,Zone_5A Cool Humid,EEU,rur,perm,sfh,1980,p2,272581.5095626789,77217.39195863056
C-EEU-ROU,Zone_5A Cool Humid,EEU,rur,perm,sfh,1985,p2,131030.58407450408,40223.2030085371
C-EEU-ROU,Zone_5A Cool Humid,EEU,rur,perm,sfh,1990,p2,139421.43053151708,42798.98882860177
C-EEU-ROU,Zone_5A Cool Humid,EEU,rur,perm,sfh,1995,p3,47964.01713646044,14723.786908313083
C-EEU-ROU,Zone_5A Cool Humid,EEU,rur,perm,sfh,2000,p3,259833.5180502197,79762.57160705123
C-EEU-ROU,Zone_5A Cool Humid,EEU,rur,perm,sfh,2005,p3,56484.297804679954,19133.685927043283
C-EEU-ROU,Zone_5A Cool Humid,EEU,rur,perm,sfh,2010,p3,98354.71187932974,33317.01445685683
C-EEU-ROU,Zone_5A Cool Humid,EEU,rur,perm,sfh,2015,p3,43717.08263587909,16920.415483124532
C-EEU-ROU,Zone_5A Cool Humid,EEU,rur,perm,sfh,2020,p3,70768.14384207768,57843.24823967683
C-EEU-ROU,Zone_5A Cool Humid,EEU,urb,perm,mfh,1945,p1,176683.692597949,68005.03576037011
C-EEU-ROU,Zone_5A Cool Humid,EEU,urb,perm,mfh,1960,p2,270847.34231581434,99628.15784880205
C-EEU-ROU,Zone_5A Cool Humid,EEU,urb,perm,mfh,1965,p2,478275.4073478349,129307.28078485651
C-EEU-ROU,Zone_5A Cool Humid,EEU,urb,perm,mfh,1970,p2,547948.3175894403,148144.15683848405
C-EEU-ROU,Zone_5A Cool Humid,EEU,urb,perm,mfh,1975,p2,469587.7254318946,126958.4656302086
C-EEU-ROU,Zone_5A Cool Humid,EEU,urb,perm,mfh,1980,p2,397712.2482994691,107526.10017649244
C-EEU-ROU,Zone_5A Cool Humid,EEU,urb,perm,mfh,1985,p2,165238.99506135524,46713.46209522577
C-EEU-ROU,Zone_5A Cool Humid,EEU,urb,perm,mfh,1990,p2,175820.45622222894,49704.86666451064
C-EEU-ROU,Zone_5A Cool Humid,EEU,urb,perm,mfh,1995,p3,60486.076946950656,17099.559711683924
C-EEU-ROU,Zone_5A Cool Humid,EEU,urb,perm,mfh,2000,p3,327668.7630535337,92632.74892834625
C-EEU-ROU,Zone_5A Cool Humid,EEU,urb,perm,mfh,2005,p3,58553.85833624576,18027.211362882008
C-EEU-ROU,Zone_5A Cool Humid,EEU,urb,perm,mfh,2010,p3,101958.38648820699,31390.33764242235
C-EEU-ROU,Zone_5A Cool Humid,EEU,urb,perm,mfh,2015,p3,70274.04345688627,26749.5007237565
C-EEU-ROU,Zone_5A Cool Humid,EEU,urb,perm,mfh,2020,p3,127468.6818285427,95042.4362468625
C-EEU-ROU,Zone_5A Cool Humid,EEU,urb,perm,sfh,1945,p1,176683.692597949,68005.03576037011
C-EEU-ROU,Zone_5A Cool Humid,EEU,urb,perm,sfh,1960,p2,270847.34231581434,99628.15784880205
C-EEU-ROU,Zone_5A Cool Humid,EEU,urb,perm,sfh,1965,p2,478275.4073478349,129307.28078485651
C-EEU-ROU,Zone_5A Cool Humid,EEU,urb,perm,sfh,1970,p2,547948.3175894403,148144.15683848405
C-EEU-ROU,Zone_5A Cool Humid,EEU,urb,perm,sfh,1975,p2,469587.7254318946,126958.4656302086
C-EEU-ROU,Zone_5A Cool Humid,EEU,urb,perm,sfh,1980,p2,397712.2482994691,107526.10017649244
C-EEU-ROU,Zone_5A Cool Humid,EEU,urb,perm,sfh,1985,p2,165238.99506135524,46713.46209522577
C-EEU-ROU,Zone_5A Cool Humid,EEU,urb,perm,sfh,1990,p2,175820.45622222894,49704.86666451064
C-EEU-ROU,Zone_5A Cool Humid,EEU,urb,perm,sfh,1995,p3,60486.076946950656,17099.559711683924
C-EEU-ROU,Zone_5A Cool Humid,EEU,urb,perm,sfh,2000,p3,327668.7630535337,92632.74892834625
C-EEU-ROU,Zone_5A Cool Humid,EEU,urb,perm,sfh,2005,p3,58553.85833624576,18027.211362882008
C-EEU-ROU,Zone_5A Cool Humid,EEU,urb,perm,sfh,2010,p3,101958.38648820699,31390.33764242235
C-EEU-ROU,Zone_5A Cool Humid,EEU,urb,perm,sfh,2015,p3,70274.04345688627,26749.5007237565
C-EEU-ROU,Zone_5A Cool Humid,EEU,urb,perm,sfh,2020,p3,127468.6818285427,95042.4362468625
C-EEU-ROU,Zone_6A Cold Humid,EEU,rur,perm,mfh,1945,p1,41590.98034897437,15682.611099363778
C-EEU-ROU,Zone_6A Cold Humid,EEU,rur,perm,mfh,1960,p2,76974.06407623761,26708.93989862137
C-EEU-ROU,Zone_6A Cold Humid,EEU,rur,perm,mfh,1965,p2,125879.806801622,33157.04398207932
C-EEU-ROU,Zone_6A Cold Humid,EEU,rur,perm,mfh,1970,p2,144217.3843778285,37987.206036405216
C-EEU-ROU,Zone_6A Cold Humid,EEU,rur,perm,mfh,1975,p2,123593.25022475683,32554.75947821039
C-EEU-ROU,Zone_6A Cold Humid,EEU,rur,perm,mfh,1980,p2,104675.96913241512,27571.902122950694
C-EEU-ROU,Zone_6A Cold Humid,EEU,rur,perm,mfh,1985,p2,50408.74346723041,13620.544761060377
C-EEU-ROU,Zone_6A Cold Humid,EEU,rur,perm,mfh,1990,p2,53636.783924441406,14492.767842092713
C-EEU-ROU,Zone_6A Cold Humid,EEU,rur,perm,mfh,1995,p3,18452.227630315476,4985.829344136911
C-EEU-ROU,Zone_6A Cold Humid,EEU,rur,perm,mfh,2000,p3,99960.48571185318,27009.526052969835
C-EEU-ROU,Zone_6A Cold Humid,EEU,rur,perm,mfh,2005,p3,17822.240683830154,4289.799635613951
C-EEU-ROU,Zone_6A Cold Humid,EEU,rur,perm,mfh,2010,p3,31033.428172272907,7469.7223108457
C-EEU-ROU,Zone_6A Cold Humid,EEU,rur,perm,mfh,2015,p3,19743.891415878457,6219.57329700217
C-EEU-ROU,Zone_6A Cold Humid,EEU,rur,perm,mfh,2020,p3,28563.06966757474,24550.563948600196
C-EEU-ROU,Zone_6A Cold Humid,EEU,rur,perm,sfh,1945,p1,41590.98034897437,15682.611099363778
C-EEU-ROU,Zone_6A Cold Humid,EEU,rur,perm,sfh,1960,p2,76974.06407623761,26708.93989862137
C-EEU-ROU,Zone_6A Cold Humid,EEU,rur,perm,sfh,1965,p2,125879.80761361348,33157.044195959825
C-EEU-ROU,Zone_6A Cold Humid,EEU,rur,perm,sfh,1970,p2,144217.3845187231,37987.20607351719
C-EEU-ROU,Zone_6A Cold Humid,EEU,rur,perm,sfh,1975,p2,123593.25102517774,32554.75968904318
C-EEU-ROU,Zone_6A Cold Humid,EEU,rur,perm,sfh,1980,p2,104675.96737910814,27571.90166112542
C-EEU-ROU,Zone_6A Cold Humid,EEU,rur,perm,sfh,1985,p2,50408.74346723041,13620.544761060377
C-EEU-ROU,Zone_6A Cold Humid,EEU,rur,perm,sfh,1990,p2,53636.783924441406,14492.767842092713
C-EEU-ROU,Zone_6A Cold Humid,EEU,rur,perm,sfh,1995,p3,18452.225124135235,4985.828666961921
C-EEU-ROU,Zone_6A Cold Humid,EEU,rur,perm,sfh,2000,p3,99960.48821803342,27009.52673014483
C-EEU-ROU,Zone_6A Cold Humid,EEU,rur,perm,sfh,2005,p3,17822.24082481909,4289.799669549882
C-EEU-ROU,Zone_6A Cold Humid,EEU,rur,perm,sfh,2010,p3,31033.428031283962,7469.722276909775
C-EEU-ROU,Zone_6A Cold Humid,EEU,rur,perm,sfh,2015,p3,19743.891415878457,6219.57329700217
C-EEU-ROU,Zone_6A Cold Humid,EEU,rur,perm,sfh,2020,p3,28563.06966757474,24550.563948600196
C-EEU-SVK,Zone_5A Cool Humid,EEU,rur,perm,mfh,1945,p1,62626.850663871635,41962.074110400485
C-EEU-SVK,Zone_5A Cool Humid,EEU,rur,perm,mfh,1960,p2,92830.14060791975,33065.45267488102
C-EEU-SVK,Zone_5A Cool Humid,EEU,rur,perm,mfh,1965,p2,271316.65163978556,48938.141005340614
C-EEU-SVK,Zone_5A Cool Humid,EEU,rur,perm,mfh,1970,p2,79805.34703990139,14394.712977676061
C-EEU-SVK,Zone_5A Cool Humid,EEU,rur,perm,mfh,1975,p2,71070.5993403972,12819.202178833044
C-EEU-SVK,Zone_5A Cool Humid,EEU,rur,perm,mfh,1980,p2,83347.92267524621,15033.697223268038
C-EEU-SVK,Zone_5A Cool Humid,EEU,rur,perm,mfh,1985,p2,68711.47306707692,8356.397954382765
C-EEU-SVK,Zone_5A Cool Humid,EEU,rur,perm,mfh,1990,p2,55619.60313595474,6764.220254966016
C-EEU-SVK,Zone_5A Cool Humid,EEU,rur,perm,mfh,1995,p3,83045.04970071433,10099.58675697748
C-EEU-SVK,Zone_5A Cool Humid,EEU,rur,perm,mfh,2000,p3,71021.2590156421,8637.304325823974
C-EEU-SVK,Zone_5A Cool Humid,EEU,rur,perm,mfh,2005,p3,30154.019489110062,9047.023334041365
C-EEU-SVK,Zone_5A Cool Humid,EEU,rur,perm,mfh,2010,p3,39948.749923018506,11985.708003201877
C-EEU-SVK,Zone_5A Cool Humid,EEU,rur,perm,mfh,2015,p3,19405.20836540611,6741.694526264519
C-EEU-SVK,Zone_5A Cool Humid,EEU,rur,perm,mfh,2020,p3,17908.462849378702,12072.781681198263
C-EEU-SVK,Zone_5A Cool Humid,EEU,rur,perm,sfh,1945,p1,62626.850663871635,41962.074110400485
C-EEU-SVK,Zone_5A Cool Humid,EEU,rur,perm,sfh,1960,p2,92830.14060791975,33065.45267488102
C-EEU-SVK,Zone_5A Cool Humid,EEU,rur,perm,sfh,1965,p2,271316.6503345107,48938.14076990455
C-EEU-SVK,Zone_5A Cool Humid,EEU,rur,perm,sfh,1970,p2,79805.34834517623,14394.713213112127
C-EEU-SVK,Zone_5A Cool Humid,EEU,rur,perm,sfh,1975,p2,71070.5993403972,12819.202178833044
C-EEU-SVK,Zone_5A Cool Humid,EEU,rur,perm,sfh,1980,p2,83347.92267524621,15033.697223268038
C-EEU-SVK,Zone_5A Cool Humid,EEU,rur,perm,sfh,1985,p2,68711.47276344628,8356.397917456496
C-EEU-SVK,Zone_5A Cool Humid,EEU,rur,perm,sfh,1990,p2,55619.602996863054,6764.220238050271
C-EEU-SVK,Zone_5A Cool Humid,EEU,rur,perm,sfh,1995,p3,83045.04989815125,10099.586780988928
C-EEU-SVK,Zone_5A Cool Humid,EEU,rur,perm,sfh,2000,p3,71021.25926092747,8637.304355654536
C-EEU-SVK,Zone_5A Cool Humid,EEU,rur,perm,sfh,2005,p3,30154.019489110062,9047.023334041365
C-EEU-SVK,Zone_5A Cool Humid,EEU,rur,perm,sfh,2010,p3,39948.749923018506,11985.708003201877
C-EEU-SVK,Zone_5A Cool Humid,EEU,rur,perm,sfh,2015,p3,19405.20836540611,6741.694526264519
C-EEU-SVK,Zone_5A Cool Humid,EEU,rur,perm,sfh,2020,p3,17908.462849378702,12072.781681198263
C-EEU-SVK,Zone_5A Cool Humid,EEU,urb,perm,mfh,1945,p1,56733.719916538364,35321.326181068594
C-EEU-SVK,Zone_5A Cool Humid,EEU,urb,perm,mfh,1960,p2,87999.74009045173,28658.86753001169
C-EEU-SVK,Zone_5A Cool Humid,EEU,urb,perm,mfh,1965,p2,290270.83474907564,48539.102935283074
C-EEU-SVK,Zone_5A Cool Humid,EEU,urb,perm,mfh,1970,p2,85380.5491211323,14277.339526873804
C-EEU-SVK,Zone_5A Cool Humid,EEU,urb,perm,mfh,1975,p2,76035.59188856315,12714.675329385267
C-EEU-SVK,Zone_5A Cool Humid,EEU,urb,perm,mfh,1980,p2,89170.60911420084,14911.113541040557
C-EEU-SVK,Zone_5A Cool Humid,EEU,urb,perm,mfh,1985,p2,82578.65245312545,10225.182152003603
C-EEU-SVK,Zone_5A Cool Humid,EEU,urb,perm,mfh,1990,p2,66844.61374392374,8276.93757536092
C-EEU-SVK,Zone_5A Cool Humid,EEU,urb,perm,mfh,1995,p3,99804.99603746244,12358.20922050451
C-EEU-SVK,Zone_5A Cool Humid,EEU,urb,perm,mfh,2000,p3,85354.59368351469,10568.909058180712
C-EEU-SVK,Zone_5A Cool Humid,EEU,urb,perm,mfh,2005,p3,41861.10560488885,17090.07434947809
C-EEU-SVK,Zone_5A Cool Humid,EEU,urb,perm,mfh,2010,p3,55458.57128316561,22641.33000907744
C-EEU-SVK,Zone_5A Cool Humid,EEU,urb,perm,mfh,2015,p3,24818.50331650876,11253.119680494694
C-EEU-SVK,Zone_5A Cool Humid,EEU,urb,perm,mfh,2020,p3,23830.97783697442,25884.249759830935
C-EEU-SVK,Zone_5A Cool Humid,EEU,urb,perm,sfh,1945,p1,56733.719916538364,35321.326181068594
C-EEU-SVK,Zone_5A Cool Humid,EEU,urb,perm,sfh,1960,p2,87999.74009045173,28658.86753001169
C-EEU-SVK,Zone_5A Cool Humid,EEU,urb,perm,sfh,1965,p2,290270.83335261425,48539.10270176674
C-EEU-SVK,Zone_5A Cool Humid,EEU,urb,perm,sfh,1970,p2,85380.55051759366,14277.339760390143
C-EEU-SVK,Zone_5A Cool Humid,EEU,urb,perm,sfh,1975,p2,76035.59188856315,12714.675329385267
C-EEU-SVK,Zone_5A Cool Humid,EEU,urb,perm,sfh,1980,p2,89170.60911420084,14911.113541040557
C-EEU-SVK,Zone_5A Cool Humid,EEU,urb,perm,sfh,1985,p2,82578.65208821684,10225.182106819324
C-EEU-SVK,Zone_5A Cool Humid,EEU,urb,perm,sfh,1990,p2,66844.61357676091,8276.937554662216
C-EEU-SVK,Zone_5A Cool Humid,EEU,urb,perm,sfh,1995,p3,99804.99627474564,12358.209249885753
C-EEU-SVK,Zone_5A Cool Humid,EEU,urb,perm,sfh,2000,p3,85354.59397830293,10568.909094682442
C-EEU-SVK,Zone_5A Cool Humid,EEU,urb,perm,sfh,2005,p3,41861.10560488885,17090.07434947809
C-EEU-SVK,Zone_5A Cool Humid,EEU,urb,perm,sfh,2010,p3,55458.57128316561,22641.33000907744
C-EEU-SVK,Zone_5A Cool Humid,EEU,urb,perm,sfh,2015,p3,24818.50331650876,11253.119680494694
C-EEU-SVK,Zone_5A Cool Humid,EEU,urb,perm,sfh,2020,p3,23830.97783697442,25884.249759830935
C-EEU-SVK,Zone_6A Cold Humid,EEU,rur,perm,mfh,1945,p1,12918.330588084511,9222.547894463218
C-EEU-SVK,Zone_6A Cold Humid,EEU,rur,perm,mfh,1960,p2,30651.120014050597,11582.140542414001
C-EEU-SVK,Zone_6A Cold Humid,EEU,rur,perm,mfh,1965,p2,92326.55666788132,13217.815137666083
C-EEU-SVK,Zone_6A Cold Humid,EEU,rur,perm,mfh,1970,p2,27157.02895632704,3887.9018279022416
C-EEU-SVK,Zone_6A Cold Humid,EEU,rur,perm,mfh,1975,p2,24184.6710647111,3462.367956042487
C-EEU-SVK,Zone_6A Cold Humid,EEU,rur,perm,mfh,1980,p2,28362.53123704895,4060.486042777007
C-EEU-SVK,Zone_6A Cold Humid,EEU,rur,perm,mfh,1985,p2,28486.612865949806,2863.1846509505717
C-EEU-SVK,Zone_6A Cold Humid,EEU,rur,perm,mfh,1990,p2,23058.944833465222,2317.650653132234
C-EEU-SVK,Zone_6A Cold Humid,EEU,rur,perm,mfh,1995,p3,34429.07146467763,3460.460161691411
C-EEU-SVK,Zone_6A Cold Humid,EEU,rur,perm,mfh,2000,p3,29444.2109959703,2959.432677367604
C-EEU-SVK,Zone_6A Cold Humid,EEU,rur,perm,mfh,2005,p3,10434.575018366297,3287.834471435437
C-EEU-SVK,Zone_6A Cold Humid,EEU,rur,perm,mfh,2010,p3,13823.969034570291,4355.800005646264
C-EEU-SVK,Zone_6A Cold Humid,EEU,rur,perm,mfh,2015,p3,6309.46446287268,1944.4695650290266
C-EEU-SVK,Zone_6A Cold Humid,EEU,rur,perm,mfh,2020,p3,5216.99886550812,2985.3752057880597
C-EEU-SVK,Zone_6A Cold Humid,EEU,rur,perm,sfh,1945,p1,12918.330588084511,9222.547894463218
C-EEU-SVK,Zone_6A Cold Humid,EEU,rur,perm,sfh,1960,p2,30651.120014050597,11582.140542414001
C-EEU-SVK,Zone_6A Cold Humid,EEU,rur,perm,sfh,1965,p2,92326.55622370815,13217.815074076592
C-EEU-SVK,Zone_6A Cold Humid,EEU,rur,perm,sfh,1970,p2,27157.029400500218,3887.9018914917324
C-EEU-SVK,Zone_6A Cold Humid,EEU,rur,perm,sfh,1975,p2,24184.6710647111,3462.367956042487
C-EEU-SVK,Zone_6A Cold Humid,EEU,rur,perm,sfh,1980,p2,28362.53123704895,4060.486042777007
C-EEU-SVK,Zone_6A Cold Humid,EEU,rur,perm,sfh,1985,p2,28486.61280300973,2863.184644624477
C-EEU-SVK,Zone_6A Cold Humid,EEU,rur,perm,sfh,1990,p2,23058.945320003004,2317.650702034061
C-EEU-SVK,Zone_6A Cold Humid,EEU,rur,perm,sfh,1995,p3,34429.07124791948,3460.460139905087
C-EEU-SVK,Zone_6A Cold Humid,EEU,rur,perm,sfh,2000,p3,29444.210789130746,2959.4326565781953
C-EEU-SVK,Zone_6A Cold Humid,EEU,rur,perm,sfh,2005,p3,10434.575071482515,3287.8344881718476
C-EEU-SVK,Zone_6A Cold Humid,EEU,rur,perm,sfh,2010,p3,13823.968981454072,4355.799988909848
C-EEU-SVK,Zone_6A Cold Humid,EEU,rur,perm,sfh,2015,p3,6309.46446287268,1944.4695650290266
C-EEU-SVK,Zone_6A Cold Humid,EEU,rur,perm,sfh,2020,p3,5216.99886550812,2985.3752057880597
C-EEU-SVK,Zone_6A Cold Humid,EEU,urb,perm,mfh,1945,p1,16463.18315329996,14040.296055701107
C-EEU-SVK,Zone_6A Cold Humid,EEU,urb,perm,mfh,1960,p2,30920.785729050993,12325.094354520332
C-EEU-SVK,Zone_6A Cold Humid,EEU,urb,perm,mfh,1965,p2,90766.31486880526,15523.648998968474
C-EEU-SVK,Zone_6A Cold Humid,EEU,urb,perm,mfh,1970,p2,26698.09781835774,4566.1421869045225
C-EEU-SVK,Zone_6A Cold Humid,EEU,urb,perm,mfh,1975,p2,23775.970295897583,4066.3743814751297
C-EEU-SVK,Zone_6A Cold Humid,EEU,urb,perm,mfh,1980,p2,27883.22811603222,4768.833535404612
C-EEU-SVK,Zone_6A Cold Humid,EEU,urb,perm,mfh,1985,p2,24142.00765198622,2645.6888379213046
C-EEU-SVK,Zone_6A Cold Humid,EEU,urb,perm,mfh,1990,p2,19542.134589179565,2141.5951853322563
C-EEU-SVK,Zone_6A Cold Humid,EEU,urb,perm,mfh,1995,p3,29178.158549855165,3197.5935679938725
C-EEU-SVK,Zone_6A Cold Humid,EEU,urb,perm,mfh,2000,p3,24953.558730075812,2734.62558500779
C-EEU-SVK,Zone_6A Cold Humid,EEU,urb,perm,mfh,2005,p3,12904.464862409473,4257.280059579791
C-EEU-SVK,Zone_6A Cold Humid,EEU,urb,perm,mfh,2010,p3,17096.136867256813,5640.144194807739
C-EEU-SVK,Zone_6A Cold Humid,EEU,urb,perm,mfh,2015,p3,7117.1576361547295,2013.5859024512765
C-EEU-SVK,Zone_6A Cold Humid,EEU,urb,perm,mfh,2020,p3,5313.837306566277,3407.060420629508
C-EEU-SVK,Zone_6A Cold Humid,EEU,urb,perm,sfh,1945,p1,16463.18315329996,14040.296055701107
C-EEU-SVK,Zone_6A Cold Humid,EEU,urb,perm,sfh,1960,p2,30920.785729050993,12325.094354520332
C-EEU-SVK,Zone_6A Cold Humid,EEU,urb,perm,sfh,1965,p2,90766.31443213829,15523.64892428586
C-EEU-SVK,Zone_6A Cold Humid,EEU,urb,perm,sfh,1970,p2,26698.098255024765,4566.142261587136
C-EEU-SVK,Zone_6A Cold Humid,EEU,urb,perm,sfh,1975,p2,23775.970295897583,4066.3743814751297
C-EEU-SVK,Zone_6A Cold Humid,EEU,urb,perm,sfh,1980,p2,27883.22811603222,4768.833535404612
C-EEU-SVK,Zone_6A Cold Humid,EEU,urb,perm,sfh,1985,p2,24142.00759864539,2645.68883207576
C-EEU-SVK,Zone_6A Cold Humid,EEU,urb,perm,sfh,1990,p2,19542.135001513547,2141.595230519365
C-EEU-SVK,Zone_6A Cold Humid,EEU,urb,perm,sfh,1995,p3,29178.158366155643,3197.5935478625042
C-EEU-SVK,Zone_6A Cold Humid,EEU,urb,perm,sfh,2000,p3,24953.558554782157,2734.6255657976058
C-EEU-SVK,Zone_6A Cold Humid,EEU,urb,perm,sfh,2005,p3,12904.46492809846,4257.280081251077
C-EEU-SVK,Zone_6A Cold Humid,EEU,urb,perm,sfh,2010,p3,17096.13680156783,5640.144173136454
C-EEU-SVK,Zone_6A Cold Humid,EEU,urb,perm,sfh,2015,p3,7117.1576361547295,2013.5859024512765
C-EEU-SVK,Zone_6A Cold Humid,EEU,urb,perm,sfh,2020,p3,5313.837306566277,3407.060420629508
C-EEU-SVN,Zone_4A Mixed Humid,EEU,rur,perm,mfh,1945,p1,41869.99999999999,18166.0
C-EEU-SVN,Zone_4A Mixed Humid,EEU,rur,perm,mfh,1960,p2,25572.999999999996,6274.999999999997
C-EEU-SVN,Zone_4A Mixed Humid,EEU,rur,perm,mfh,1965,p2,14846.465561453804,2397.755023142549
C-EEU-SVN,Zone_4A Mixed Humid,EEU,rur,perm,mfh,1970,p2,56076.80339482275,9056.595757768147
C-EEU-SVN,Zone_4A Mixed Humid,EEU,rur,perm,mfh,1975,p2,63151.832925696894,10199.237252224571
C-EEU-SVN,Zone_4A Mixed Humid,EEU,rur,perm,mfh,1980,p2,56050.89811802646,9052.411966864713
C-EEU-SVN,Zone_4A Mixed Humid,EEU,rur,perm,mfh,1985,p2,31066.929138489962,6896.9156528891945
C-EEU-SVN,Zone_4A Mixed Humid,EEU,rur,perm,mfh,1990,p2,32733.85242627362,7266.975701773683
C-EEU-SVN,Zone_4A Mixed Humid,EEU,rur,perm,mfh,1995,p3,34939.564395065914,7756.647833045945
C-EEU-SVN,Zone_4A Mixed Humid,EEU,rur,perm,mfh,2000,p3,33357.65404017041,7405.460812291159
C-EEU-SVN,Zone_4A Mixed Humid,EEU,rur,perm,mfh,2005,p3,20678.913116313393,4330.859771092397
C-EEU-SVN,Zone_4A Mixed Humid,EEU,rur,perm,mfh,2010,p3,24309.086883686563,5091.140228907591
C-EEU-SVN,Zone_4A Mixed Humid,EEU,rur,perm,mfh,2015,p3,5605.9999999999845,1199.999999999996
C-EEU-SVN,Zone_4A Mixed Humid,EEU,rur,perm,mfh,2020,p3,3984.999999999984,2661.9999999999986
C-EEU-SVN,Zone_4A Mixed Humid,EEU,rur,perm,sfh,1945,p1,41869.99999999999,18166.0
C-EEU-SVN,Zone_4A Mixed Humid,EEU,rur,perm,sfh,1960,p2,25572.999999999996,6274.999999999997
C-EEU-SVN,Zone_4A Mixed Humid,EEU,rur,perm,sfh,1965,p2,14846.465278590222,2397.754977459113
C-EEU-SVN,Zone_4A Mixed Humid,EEU,rur,perm,sfh,1970,p2,56076.80346394669,9056.595768931902
C-EEU-SVN,Zone_4A Mixed Humid,EEU,rur,perm,sfh,1975,p2,63151.833021004866,10199.237267617136
C-EEU-SVN,Zone_4A Mixed Humid,EEU,rur,perm,sfh,1980,p2,56050.89823645812,9052.411985991826
C-EEU-SVN,Zone_4A Mixed Humid,EEU,rur,perm,sfh,1985,p2,31066.928994550683,6896.915620934406
C-EEU-SVN,Zone_4A Mixed Humid,EEU,rur,perm,sfh,1990,p2,32733.85226921427,7266.9756669062135
C-EEU-SVN,Zone_4A Mixed Humid,EEU,rur,perm,sfh,1995,p3,34939.56454176309,7756.647865612984
C-EEU-SVN,Zone_4A Mixed Humid,EEU,rur,perm,sfh,2000,p3,33357.654194471885,7405.4608465463725
C-EEU-SVN,Zone_4A Mixed Humid,EEU,rur,perm,sfh,2005,p3,20678.913116313393,4330.859771092397
C-EEU-SVN,Zone_4A Mixed Humid,EEU,rur,perm,sfh,2010,p3,24309.086883686563,5091.140228907591
C-EEU-SVN,Zone_4A Mixed Humid,EEU,rur,perm,sfh,2015,p3,5605.9999999999845,1199.999999999996
C-EEU-SVN,Zone_4A Mixed Humid,EEU,rur,perm,sfh,2020,p3,3984.999999999984,2661.9999999999986
C-EEU-SVN,Zone_4A Mixed Humid,EEU,urb,perm,mfh,1945,p1,11078.999999999996,5082.0
C-EEU-SVN,Zone_4A Mixed Humid,EEU,urb,perm,mfh,1960,p2,2196.999999999999,705.9999999999989
C-EEU-SVN,Zone_4A Mixed Humid,EEU,urb,perm,mfh,1965,p2,2008.2545328333254,456.9680972914155
C-EEU-SVN,Zone_4A Mixed Humid,EEU,urb,perm,mfh,1970,p2,7585.407728075337,1726.020920160855
C-EEU-SVN,Zone_4A Mixed Humid,EEU,urb,perm,mfh,1975,p2,8542.434170934397,1943.7874161407606
C-EEU-SVN,Zone_4A Mixed Humid,EEU,urb,perm,mfh,1980,p2,7581.903568156931,1725.2235664069663
C-EEU-SVN,Zone_4A Mixed Humid,EEU,urb,perm,mfh,1985,p2,4447.741554505914,1524.9130837254834
C-EEU-SVN,Zone_4A Mixed Humid,EEU,urb,perm,mfh,1990,p2,4686.389022435512,1606.7336305769813
C-EEU-SVN,Zone_4A Mixed Humid,EEU,urb,perm,mfh,1995,p3,5002.172946142156,1715.0004961286875
C-EEU-SVN,Zone_4A Mixed Humid,EEU,urb,perm,mfh,2000,p3,4775.696476916401,1637.3527895688426
C-EEU-SVN,Zone_4A Mixed Humid,EEU,urb,perm,mfh,2005,p3,4056.906000813152,1496.6333490423312
C-EEU-SVN,Zone_4A Mixed Humid,EEU,urb,perm,mfh,2010,p3,4769.093999186838,1759.3666509576653
C-EEU-SVN,Zone_4A Mixed Humid,EEU,urb,perm,mfh,2015,p3,963.9999999999965,448.99999999999875
C-EEU-SVN,Zone_4A Mixed Humid,EEU,urb,perm,mfh,2020,p3,508.9999999999978,409.99999999999875
C-EEU-SVN,Zone_4A Mixed Humid,EEU,urb,perm,sfh,1945,p1,11078.999999999996,5082.0
C-EEU-SVN,Zone_4A Mixed Humid,EEU,urb,perm,sfh,1960,p2,2196.999999999999,705.9999999999989
C-EEU-SVN,Zone_4A Mixed Humid,EEU,urb,perm,sfh,1965,p2,2008.25449457088,456.96808858499026
C-EEU-SVN,Zone_4A Mixed Humid,EEU,urb,perm,sfh,1970,p2,7585.4077374256085,1726.0209222884619
C-EEU-SVN,Zone_4A Mixed Humid,EEU,urb,perm,sfh,1975,p2,8542.434183826535,1943.7874190743014
C-EEU-SVN,Zone_4A Mixed Humid,EEU,urb,perm,sfh,1980,p2,7581.9035841769655,1725.2235700522424
C-EEU-SVN,Zone_4A Mixed Humid,EEU,urb,perm,sfh,1985,p2,4447.741533898638,1524.9130766602552
C-EEU-SVN,Zone_4A Mixed Humid,EEU,urb,perm,sfh,1990,p2,4686.388999949889,1606.7336228677586
C-EEU-SVN,Zone_4A Mixed Humid,EEU,urb,perm,sfh,1995,p3,5002.172967144268,1715.0005033292841
C-EEU-SVN,Zone_4A Mixed Humid,EEU,urb,perm,sfh,2000,p3,4775.696499007191,1637.3527971426956
C-EEU-SVN,Zone_4A Mixed Humid,EEU,urb,perm,sfh,2005,p3,4056.906000813152,1496.6333490423312
C-EEU-SVN,Zone_4A Mixed Humid,EEU,urb,perm,sfh,2010,p3,4769.093999186838,1759.3666509576653
C-EEU-SVN,Zone_4A Mixed Humid,EEU,urb,perm,sfh,2015,p3,963.9999999999965,448.99999999999875
C-EEU-SVN,Zone_4A Mixed Humid,EEU,urb,perm,sfh,2020,p3,508.9999999999978,409.99999999999875
C-EEU-SVN,Zone_5A Cool Humid,EEU,rur,perm,mfh,1945,p1,18898.999999999993,8714.0
C-EEU-SVN,Zone_5A Cool Humid,EEU,rur,perm,mfh,1960,p2,11888.999999999996,2720.9999999999995
C-EEU-SVN,Zone_5A Cool Humid,EEU,rur,perm,mfh,1965,p2,5749.27086998936,935.4883468132524
C-EEU-SVN,Zone_5A Cool Humid,EEU,rur,perm,mfh,1970,p2,21715.655548148174,3533.4467914434454
C-EEU-SVN,Zone_5A Cool Humid,EEU,rur,perm,mfh,1975,p2,24455.449812163304,3979.2503836921237
C-EEU-SVN,Zone_5A Cool Humid,EEU,rur,perm,mfh,1980,p2,21705.623769699127,3531.814478051171
C-EEU-SVN,Zone_5A Cool Humid,EEU,rur,perm,mfh,1985,p2,12667.314700126775,2674.4774195136024
C-EEU-SVN,Zone_5A Cool Humid,EEU,rur,perm,mfh,1990,p2,13346.990562945308,2817.9788474585803
C-EEU-SVN,Zone_5A Cool Humid,EEU,rur,perm,mfh,1995,p3,14246.353596928344,3007.8633007364956
C-EEU-SVN,Zone_5A Cool Humid,EEU,rur,perm,mfh,2000,p3,13601.341139999535,2871.6804322913126
C-EEU-SVN,Zone_5A Cool Humid,EEU,rur,perm,mfh,2005,p3,7266.210068077757,1481.9244217790153
C-EEU-SVN,Zone_5A Cool Humid,EEU,rur,perm,mfh,2010,p3,8541.789931922225,1742.0755782209787
C-EEU-SVN,Zone_5A Cool Humid,EEU,rur,perm,mfh,2015,p3,2085.9999999999923,431.99999999999886
C-EEU-SVN,Zone_5A Cool Humid,EEU,rur,perm,mfh,2020,p3,1305.999999999995,738.9999999999985
C-EEU-SVN,Zone_5A Cool Humid,EEU,rur,perm,sfh,1945,p1,18898.999999999993,8714.0
C-EEU-SVN,Zone_5A Cool Humid,EEU,rur,perm,sfh,1960,p2,11888.999999999996,2720.9999999999995
C-EEU-SVN,Zone_5A Cool Humid,EEU,rur,perm,sfh,1965,p2,5749.270760450877,935.4883289897796
C-EEU-SVN,Zone_5A Cool Humid,EEU,rur,perm,sfh,1970,p2,21715.655574916316,3533.4467957990028
C-EEU-SVN,Zone_5A Cool Humid,EEU,rur,perm,sfh,1975,p2,24455.44984907117,3979.2503896975586
C-EEU-SVN,Zone_5A Cool Humid,EEU,rur,perm,sfh,1980,p2,21705.623815561597,3531.8144855136493
C-EEU-SVN,Zone_5A Cool Humid,EEU,rur,perm,sfh,1985,p2,12667.31464143657,2674.4774071222137
C-EEU-SVN,Zone_5A Cool Humid,EEU,rur,perm,sfh,1990,p2,13346.9904989055,2817.978833937717
C-EEU-SVN,Zone_5A Cool Humid,EEU,rur,perm,sfh,1995,p3,14246.353656743047,3007.863313365301
C-EEU-SVN,Zone_5A Cool Humid,EEU,rur,perm,sfh,2000,p3,13601.341202914844,2871.680445574758
C-EEU-SVN,Zone_5A Cool Humid,EEU,rur,perm,sfh,2005,p3,7266.210068077757,1481.9244217790153
C-EEU-SVN,Zone_5A Cool Humid,EEU,rur,perm,sfh,2010,p3,8541.789931922225,1742.0755782209787
C-EEU-SVN,Zone_5A Cool Humid,EEU,rur,perm,sfh,2015,p3,2085.9999999999923,431.99999999999886
C-EEU-SVN,Zone_5A Cool Humid,EEU,rur,perm,sfh,2020,p3,1305.999999999995,738.9999999999985
C-EEU-SVN,Zone_5A Cool Humid,EEU,urb,perm,mfh,1945,p1,37678.99999999999,11798.999999999998
C-EEU-SVN,Zone_5A Cool Humid,EEU,urb,perm,mfh,1960,p2,22509.999999999985,4230.999999999999
C-EEU-SVN,Zone_5A Cool Humid,EEU,urb,perm,mfh,1965,p2,15122.426815012892,2446.637803201405
C-EEU-SVN,Zone_5A Cool Humid,EEU,urb,perm,mfh,1970,p2,57119.14070375107,9241.231625167447
C-EEU-SVN,Zone_5A Cool Humid,EEU,urb,perm,mfh,1975,p2,64325.678573106576,10407.168031873258
C-EEU-SVN,Zone_5A Cool Humid,EEU,urb,perm,mfh,1980,p2,57092.75390812936,9236.962539757873
C-EEU-SVN,Zone_5A Cool Humid,EEU,urb,perm,mfh,1985,p2,26730.19297811088,4576.620698534535
C-EEU-SVN,Zone_5A Cool Humid,EEU,urb,perm,mfh,1990,p2,28164.424889592632,4822.183289794579
C-EEU-SVN,Zone_5A Cool Humid,EEU,urb,perm,mfh,1995,p3,30062.234174736965,5147.1174667896785
C-EEU-SVN,Zone_5A Cool Humid,EEU,urb,perm,mfh,2000,p3,28701.147957559446,4914.078544881193
C-EEU-SVN,Zone_5A Cool Humid,EEU,urb,perm,mfh,2005,p3,24539.087214979707,4845.672225308436
C-EEU-SVN,Zone_5A Cool Humid,EEU,urb,perm,mfh,2010,p3,28846.91278502025,5696.327774691556
C-EEU-SVN,Zone_5A Cool Humid,EEU,urb,perm,mfh,2015,p3,6491.999999999991,1193.9999999999968
C-EEU-SVN,Zone_5A Cool Humid,EEU,urb,perm,mfh,2020,p3,3922.999999999996,3093.9999999999986
C-EEU-SVN,Zone_5A Cool Humid,EEU,urb,perm,sfh,1945,p1,37678.99999999999,11798.999999999998
C-EEU-SVN,Zone_5A Cool Humid,EEU,urb,perm,sfh,1960,p2,22509.999999999985,4230.999999999999
C-EEU-SVN,Zone_5A Cool Humid,EEU,urb,perm,sfh,1965,p2,15122.426526891546,2446.6377565866246
C-EEU-SVN,Zone_5A Cool Humid,EEU,urb,perm,sfh,1970,p2,57119.140774159874,9241.231636558794
C-EEU-SVN,Zone_5A Cool Humid,EEU,urb,perm,sfh,1975,p2,64325.67867018611,10407.168047579631
C-EEU-SVN,Zone_5A Cool Humid,EEU,urb,perm,sfh,1980,p2,57092.754028762385,9236.96255927493
C-EEU-SVN,Zone_5A Cool Humid,EEU,urb,perm,sfh,1985,p2,26730.192854264566,4576.620677330131
C-EEU-SVN,Zone_5A Cool Humid,EEU,urb,perm,sfh,1990,p2,28164.42475445771,4822.183266657404
C-EEU-SVN,Zone_5A Cool Humid,EEU,urb,perm,sfh,1995,p3,30062.234300956174,5147.117488400349
C-EEU-SVN,Zone_5A Cool Humid,EEU,urb,perm,sfh,2000,p3,28701.14809032147,4914.078567612097
C-EEU-SVN,Zone_5A Cool Humid,EEU,urb,perm,sfh,2005,p3,24539.087214979707,4845.672225308436
C-EEU-SVN,Zone_5A Cool Humid,EEU,urb,perm,sfh,2010,p3,28846.91278502025,5696.327774691556
C-EEU-SVN,Zone_5A Cool Humid,EEU,urb,perm,sfh,2015,p3,6491.999999999991,1193.9999999999968
C-EEU-SVN,Zone_5A Cool Humid,EEU,urb,perm,sfh,2020,p3,3922.999999999996,3093.9999999999986
C-EEU-SVN,Zone_7A Very cold Humid,EEU,rur,perm,mfh,1945,p1,11972.999999999998,5300.0
C-EEU-SVN,Zone_7A Very cold Humid,EEU,rur,perm,mfh,1960,p2,2958.9999999999964,731.9999999999997
C-EEU-SVN,Zone_7A Very cold Humid,EEU,rur,perm,mfh,1965,p2,2029.6505100475842,384.9714148405119
C-EEU-SVN,Zone_7A Very cold Humid,EEU,rur,perm,mfh,1970,p2,7666.222788246916,1454.081192138245
C-EEU-SVN,Zone_7A Very cold Humid,EEU,rur,perm,mfh,1975,p2,8633.445406755069,1637.5379291821514
C-EEU-SVN,Zone_7A Very cold Humid,EEU,rur,perm,mfh,1980,p2,7662.681294950422,1453.4094638390868
C-EEU-SVN,Zone_7A Very cold Humid,EEU,rur,perm,mfh,1985,p2,3829.215735536443,788.7968048758898
C-EEU-SVN,Zone_7A Very cold Humid,EEU,rur,perm,mfh,1990,p2,4034.675659015178,831.120388179394
C-EEU-SVN,Zone_7A Very cold Humid,EEU,rur,perm,mfh,1995,p3,4306.545045954241,887.1239457149318
C-EEU-SVN,Zone_7A Very cold Humid,EEU,rur,perm,mfh,2000,p3,4111.563559494123,846.9588612297798
C-EEU-SVN,Zone_7A Very cold Humid,EEU,rur,perm,mfh,2005,p3,2612.6732051463814,564.4550837297237
C-EEU-SVN,Zone_7A Very cold Humid,EEU,rur,perm,mfh,2010,p3,3071.3267948536122,663.5449162702746
C-EEU-SVN,Zone_7A Very cold Humid,EEU,rur,perm,mfh,2015,p3,579.9999999999992,186.9999999999999
C-EEU-SVN,Zone_7A Very cold Humid,EEU,rur,perm,mfh,2020,p3,354.99999999999886,248.99999999999972
C-EEU-SVN,Zone_7A Very cold Humid,EEU,rur,perm,sfh,1945,p1,11972.999999999998,5300.0
C-EEU-SVN,Zone_7A Very cold Humid,EEU,rur,perm,sfh,1960,p2,2958.9999999999964,731.9999999999997
C-EEU-SVN,Zone_7A Very cold Humid,EEU,rur,perm,sfh,1965,p2,2029.6504713774916,384.9714075058109
C-EEU-SVN,Zone_7A Very cold Humid,EEU,rur,perm,sfh,1970,p2,7666.222797696806,1454.0811939306413
C-EEU-SVN,Zone_7A Very cold Humid,EEU,rur,perm,sfh,1975,p2,8633.445419784559,1637.5379316535034
C-EEU-SVN,Zone_7A Very cold Humid,EEU,rur,perm,sfh,1980,p2,7662.681311141136,1453.4094669100407
C-EEU-SVN,Zone_7A Very cold Humid,EEU,rur,perm,sfh,1985,p2,3829.215717794924,788.7968012212365
C-EEU-SVN,Zone_7A Very cold Humid,EEU,rur,perm,sfh,1990,p2,4034.6756396565174,831.120384191619
C-EEU-SVN,Zone_7A Very cold Humid,EEU,rur,perm,sfh,1995,p3,4306.54506403569,887.1239494396071
C-EEU-SVN,Zone_7A Very cold Humid,EEU,rur,perm,sfh,2000,p3,4111.563578512858,846.9588651475317
C-EEU-SVN,Zone_7A Very cold Humid,EEU,rur,perm,sfh,2005,p3,2612.6732051463814,564.4550837297237
C-EEU-SVN,Zone_7A Very cold Humid,EEU,rur,perm,sfh,2010,p3,3071.3267948536122,663.5449162702746
C-EEU-SVN,Zone_7A Very cold Humid,EEU,rur,perm,sfh,2015,p3,579.9999999999992,186.9999999999999
C-EEU-SVN,Zone_7A Very cold Humid,EEU,rur,perm,sfh,2020,p3,354.99999999999886,248.99999999999972
C-WEU-AUT,Zone_4A Mixed Humid,WEU,rur,perm,mfh,1945,p1,23716.999999999993,10361.0
C-WEU-AUT,Zone_4A Mixed Humid,WEU,rur,perm,mfh,1960,p2,15338.999999999989,5505.999999999999
C-WEU-AUT,Zone_4A Mixed Humid,WEU,rur,perm,mfh,1965,p2,20254.49621653581,5679.681476072377
C-WEU-AUT,Zone_4A Mixed Humid,WEU,rur,perm,mfh,1970,p2,29830.36151106946,8364.905741799841
C-WEU-AUT,Zone_4A Mixed Humid,WEU,rur,perm,mfh,1975,p2,26376.056173684974,7396.26382507701
C-WEU-AUT,Zone_4A Mixed Humid,WEU,rur,perm,mfh,1980,p2,18769.08609870968,5263.1489570507565
C-WEU-AUT,Zone_4A Mixed Humid,WEU,rur,perm,mfh,1985,p2,16145.43028439123,2690.4319836183936
C-WEU-AUT,Zone_4A Mixed Humid,WEU,rur,perm,mfh,1990,p2,21693.03132951566,3614.869612176795
C-WEU-AUT,Zone_4A Mixed Humid,WEU,rur,perm,mfh,1995,p3,30920.165807244393,5152.455001897202
C-WEU-AUT,Zone_4A Mixed Humid,WEU,rur,perm,mfh,2000,p3,22253.372578848666,3708.243402307595
C-WEU-AUT,Zone_4A Mixed Humid,WEU,rur,perm,mfh,2005,p3,26082.7117014123,2805.4875258834636
C-WEU-AUT,Zone_4A Mixed Humid,WEU,rur,perm,mfh,2010,p3,21555.288298587664,2318.5124741165264
C-WEU-AUT,Zone_4A Mixed Humid,WEU,rur,perm,mfh,2015,p3,10678.999999999987,786.999999999997
C-WEU-AUT,Zone_4A Mixed Humid,WEU,rur,perm,mfh,2020,p3,10857.999999999995,1345.9999999999975
C-WEU-AUT,Zone_4A Mixed Humid,WEU,rur,perm,sfh,1945,p1,23716.999999999993,10361.0
C-WEU-AUT,Zone_4A Mixed Humid,WEU,rur,perm,sfh,1960,p2,15338.999999999989,5505.999999999999
C-WEU-AUT,Zone_4A Mixed Humid,WEU,rur,perm,sfh,1965,p2,20254.526884641007,5679.690075894714
C-WEU-AUT,Zone_4A Mixed Humid,WEU,rur,perm,sfh,1970,p2,29830.300189064605,8364.888546138625
C-WEU-AUT,Zone_4A Mixed Humid,WEU,rur,perm,sfh,1975,p2,26376.105043600957,7396.277528975324
C-WEU-AUT,Zone_4A Mixed Humid,WEU,rur,perm,sfh,1980,p2,18769.06788269337,5263.143848991322
C-WEU-AUT,Zone_4A Mixed Humid,WEU,rur,perm,sfh,1985,p2,16145.471909272623,2690.4389198790104
C-WEU-AUT,Zone_4A Mixed Humid,WEU,rur,perm,sfh,1990,p2,21692.964097472504,3614.8584088061766
C-WEU-AUT,Zone_4A Mixed Humid,WEU,rur,perm,sfh,1995,p3,30920.21081739656,5152.462502270427
C-WEU-AUT,Zone_4A Mixed Humid,WEU,rur,perm,sfh,2000,p3,22253.35317585827,3708.2401690443694
C-WEU-AUT,Zone_4A Mixed Humid,WEU,rur,perm,sfh,2005,p3,26082.64947934679,2805.4808332040147
C-WEU-AUT,Zone_4A Mixed Humid,WEU,rur,perm,sfh,2010,p3,21555.350520653163,2318.5191667959753
C-WEU-AUT,Zone_4A Mixed Humid,WEU,rur,perm,sfh,2015,p3,10678.999999999987,786.999999999997
C-WEU-AUT,Zone_4A Mixed Humid,WEU,rur,perm,sfh,2020,p3,10857.999999999995,1345.9999999999975
C-WEU-AUT,Zone_4A Mixed Humid,WEU,urb,perm,mfh,1945,p1,367935.0,74910.0
C-WEU-AUT,Zone_4A Mixed Humid,WEU,urb,perm,mfh,1960,p2,109461.99999999997,18003.99999999999
C-WEU-AUT,Zone_4A Mixed Humid,WEU,urb,perm,mfh,1965,p2,105084.74182178639,16510.721750469835
C-WEU-AUT,Zone_4A Mixed Humid,WEU,urb,perm,mfh,1970,p2,154766.41849438334,24316.61559782946
C-WEU-AUT,Zone_4A Mixed Humid,WEU,urb,perm,mfh,1975,p2,136844.72937054734,21500.792698212925
C-WEU-AUT,Zone_4A Mixed Humid,WEU,urb,perm,mfh,1980,p2,97378.11031328246,15299.869953487705
C-WEU-AUT,Zone_4A Mixed Humid,WEU,urb,perm,mfh,1985,p2,59310.84449921132,7193.1713089646955
C-WEU-AUT,Zone_4A Mixed Humid,WEU,urb,perm,mfh,1990,p2,79690.16528133588,9664.758870799453
C-WEU-AUT,Zone_4A Mixed Humid,WEU,urb,perm,mfh,1995,p3,113586.39031480311,13775.665661145169
C-WEU-AUT,Zone_4A Mixed Humid,WEU,urb,perm,mfh,2000,p3,81748.59990464932,9914.404159090609
C-WEU-AUT,Zone_4A Mixed Humid,WEU,urb,perm,mfh,2005,p3,88695.89329489024,10794.885257673377
C-WEU-AUT,Zone_4A Mixed Humid,WEU,urb,perm,mfh,2010,p3,73300.1067051095,8921.114742326581
C-WEU-AUT,Zone_4A Mixed Humid,WEU,urb,perm,mfh,2015,p3,42793.99999999996,4560.999999999995
C-WEU-AUT,Zone_4A Mixed Humid,WEU,urb,perm,mfh,2020,p3,69218.99999999996,16837.99999999999
C-WEU-AUT,Zone_4A Mixed Humid,WEU,urb,perm,sfh,1945,p1,367935.0,74910.0
C-WEU-AUT,Zone_4A Mixed Humid,WEU,urb,perm,sfh,1960,p2,109461.99999999997,18003.99999999999
C-WEU-AUT,Zone_4A Mixed Humid,WEU,urb,perm,sfh,1965,p2,105084.90093460176,16510.746749983322
C-WEU-AUT,Zone_4A Mixed Humid,WEU,urb,perm,sfh,1970,p2,154766.1003424541,24316.565610382295
C-WEU-AUT,Zone_4A Mixed Humid,WEU,urb,perm,sfh,1975,p2,136844.9829183251,21500.83253517436
C-WEU-AUT,Zone_4A Mixed Humid,WEU,urb,perm,sfh,1980,p2,97378.01580461871,15299.855104459948
C-WEU-AUT,Zone_4A Mixed Humid,WEU,urb,perm,sfh,1985,p2,59310.99740977633,7193.189853834499
C-WEU-AUT,Zone_4A Mixed Humid,WEU,urb,perm,sfh,1990,p2,79689.9183019004,9664.728917333026
C-WEU-AUT,Zone_4A Mixed Humid,WEU,urb,perm,sfh,1995,p3,113586.5556612874,13775.685714233225
C-WEU-AUT,Zone_4A Mixed Humid,WEU,urb,perm,sfh,2000,p3,81748.52862703537,9914.395514599168
C-WEU-AUT,Zone_4A Mixed Humid,WEU,urb,perm,sfh,2005,p3,88695.68170486295,10794.859505747538
C-WEU-AUT,Zone_4A Mixed Humid,WEU,urb,perm,sfh,2010,p3,73300.3182951368,8921.140494252435
C-WEU-AUT,Zone_4A Mixed Humid,WEU,urb,perm,sfh,2015,p3,42793.99999999996,4560.999999999995
C-WEU-AUT,Zone_4A Mixed Humid,WEU,urb,perm,sfh,2020,p3,69218.99999999996,16837.99999999999
C-WEU-AUT,Zone_5A Cool Humid,WEU,rur,perm,mfh,1945,p1,129871.99999999997,63942.99999999999
C-WEU-AUT,Zone_5A Cool Humid,WEU,rur,perm,mfh,1960,p2,66552.99999999996,22698.999999999993
C-WEU-AUT,Zone_5A Cool Humid,WEU,rur,perm,mfh,1965,p2,80560.41278260565,19610.078091486717
C-WEU-AUT,Zone_5A Cool Humid,WEU,rur,perm,mfh,1970,p2,118647.08528569472,28881.165418781555
C-WEU-AUT,Zone_5A Cool Humid,WEU,rur,perm,mfh,1975,p2,104908.36448155637,25536.875356945406
C-WEU-AUT,Zone_5A Cool Humid,WEU,rur,perm,mfh,1980,p2,74652.13745014298,18171.88113278625
C-WEU-AUT,Zone_5A Cool Humid,WEU,rur,perm,mfh,1985,p2,65825.47613262483,9931.52945310131
C-WEU-AUT,Zone_5A Cool Humid,WEU,rur,perm,mfh,1990,p2,88442.70937344269,13343.942568447017
C-WEU-AUT,Zone_5A Cool Humid,WEU,rur,perm,mfh,1995,p3,126062.39498129203,19019.875924067535
C-WEU-AUT,Zone_5A Cool Humid,WEU,rur,perm,mfh,2000,p3,90727.41951264022,13688.652054384076
C-WEU-AUT,Zone_5A Cool Humid,WEU,rur,perm,mfh,2005,p3,94007.7018277537,9582.655577754795
C-WEU-AUT,Zone_5A Cool Humid,WEU,rur,perm,mfh,2010,p3,77690.29817224616,7919.344422245165
C-WEU-AUT,Zone_5A Cool Humid,WEU,rur,perm,mfh,2015,p3,34852.99999999996,2464.999999999995
C-WEU-AUT,Zone_5A Cool Humid,WEU,rur,perm,mfh,2020,p3,39989.99999999997,4822.999999999994
C-WEU-AUT,Zone_5A Cool Humid,WEU,rur,perm,sfh,1945,p1,129871.99999999997,63942.99999999999
C-WEU-AUT,Zone_5A Cool Humid,WEU,rur,perm,sfh,1960,p2,66552.99999999996,22698.999999999993
C-WEU-AUT,Zone_5A Cool Humid,WEU,rur,perm,sfh,1965,p2,80560.41291379408,19610.078123420706
C-WEU-AUT,Zone_5A Cool Humid,WEU,rur,perm,sfh,1970,p2,118647.08550458282,28881.16547206347
C-WEU-AUT,Zone_5A Cool Humid,WEU,rur,perm,sfh,1975,p2,104908.36404040261,25536.875249559413
C-WEU-AUT,Zone_5A Cool Humid,WEU,rur,perm,sfh,1980,p2,74652.1375412202,18171.881154956347
C-WEU-AUT,Zone_5A Cool Humid,WEU,rur,perm,sfh,1985,p2,65825.47535942496,9931.529336443475
C-WEU-AUT,Zone_5A Cool Humid,WEU,rur,perm,sfh,1990,p2,88442.71068343427,13343.942766094207
C-WEU-AUT,Zone_5A Cool Humid,WEU,rur,perm,sfh,1995,p3,126062.39429484875,19019.87582049925
C-WEU-AUT,Zone_5A Cool Humid,WEU,rur,perm,sfh,2000,p3,90727.41966229171,13688.652076962997
C-WEU-AUT,Zone_5A Cool Humid,WEU,rur,perm,sfh,2005,p3,94007.7014358249,9582.655537803614
C-WEU-AUT,Zone_5A Cool Humid,WEU,rur,perm,sfh,2010,p3,77690.29856417494,7919.3444621963445
C-WEU-AUT,Zone_5A Cool Humid,WEU,rur,perm,sfh,2015,p3,34852.99999999996,2464.999999999995
C-WEU-AUT,Zone_5A Cool Humid,WEU,rur,perm,sfh,2020,p3,39989.99999999997,4822.999999999994
C-WEU-AUT,Zone_5A Cool Humid,WEU,urb,perm,mfh,1945,p1,85189.99999999997,34203.0
C-WEU-AUT,Zone_5A Cool Humid,WEU,urb,perm,mfh,1960,p2,50384.99999999999,13870.99999999999
C-WEU-AUT,Zone_5A Cool Humid,WEU,urb,perm,mfh,1965,p2,59003.36446498586,14440.419110015184
C-WEU-AUT,Zone_5A Cool Humid,WEU,urb,perm,mfh,1970,p2,86898.47747815473,21267.438665322723
C-WEU-AUT,Zone_5A Cool Humid,WEU,urb,perm,mfh,1975,p2,76836.08178168822,18804.77890980967
C-WEU-AUT,Zone_5A Cool Humid,WEU,urb,perm,mfh,1980,p2,54676.07627517101,13381.363314852382
C-WEU-AUT,Zone_5A Cool Humid,WEU,urb,perm,mfh,1985,p2,47819.07961667938,6907.933640035817
C-WEU-AUT,Zone_5A Cool Humid,WEU,urb,perm,mfh,1990,p2,64249.424531657365,9281.457623880513
C-WEU-AUT,Zone_5A Cool Humid,WEU,urb,perm,mfh,1995,p3,91578.33799992765,13229.38640474403
C-WEU-AUT,Zone_5A Cool Humid,WEU,urb,perm,mfh,2000,p3,65909.15785173542,9521.222331339599
C-WEU-AUT,Zone_5A Cool Humid,WEU,urb,perm,mfh,2005,p3,71776.2912987195,5817.923561262856
C-WEU-AUT,Zone_5A Cool Humid,WEU,urb,perm,mfh,2010,p3,59317.70870128038,4808.076438737125
C-WEU-AUT,Zone_5A Cool Humid,WEU,urb,perm,mfh,2015,p3,29227.99999999997,1991.9999999999936
C-WEU-AUT,Zone_5A Cool Humid,WEU,urb,perm,mfh,2020,p3,34416.99999999998,4479.9999999999945
C-WEU-AUT,Zone_5A Cool Humid,WEU,urb,perm,sfh,1945,p1,85189.99999999997,34203.0
C-WEU-AUT,Zone_5A Cool Humid,WEU,urb,perm,sfh,1960,p2,50384.99999999999,13870.99999999999
C-WEU-AUT,Zone_5A Cool Humid,WEU,urb,perm,sfh,1965,p2,59003.36456106972,14440.419133530644
C-WEU-AUT,Zone_5A Cool Humid,WEU,urb,perm,sfh,1970,p2,86898.47763847087,21267.438704558324
C-WEU-AUT,Zone_5A Cool Humid,WEU,urb,perm,sfh,1975,p2,76836.08145858216,18804.778830733045
C-WEU-AUT,Zone_5A Cool Humid,WEU,urb,perm,sfh,1980,p2,54676.07634187699,13381.36333117794
C-WEU-AUT,Zone_5A Cool Humid,WEU,urb,perm,sfh,1985,p2,47819.07905498645,6907.933558893777
C-WEU-AUT,Zone_5A Cool Humid,WEU,urb,perm,sfh,1990,p2,64249.425483303974,9281.457761355177
C-WEU-AUT,Zone_5A Cool Humid,WEU,urb,perm,sfh,1995,p3,91578.33750125929,13229.386332706505
C-WEU-AUT,Zone_5A Cool Humid,WEU,urb,perm,sfh,2000,p3,65909.15796045015,9521.222347044495
C-WEU-AUT,Zone_5A Cool Humid,WEU,urb,perm,sfh,2005,p3,71776.29099947597,5817.9235370072665
C-WEU-AUT,Zone_5A Cool Humid,WEU,urb,perm,sfh,2010,p3,59317.70900052391,4808.076462992712
C-WEU-AUT,Zone_5A Cool Humid,WEU,urb,perm,sfh,2015,p3,29227.99999999997,1991.9999999999936
C-WEU-AUT,Zone_5A Cool Humid,WEU,urb,perm,sfh,2020,p3,34416.99999999998,4479.9999999999945
C-WEU-AUT,Zone_6A Cold Humid,WEU,rur,perm,mfh,1945,p1,44875.999999999985,19088.0
C-WEU-AUT,Zone_6A Cold Humid,WEU,rur,perm,mfh,1960,p2,26489.999999999993,8013.999999999999
C-WEU-AUT,Zone_6A Cold Humid,WEU,rur,perm,mfh,1965,p2,30771.23275897982,9422.621261911612
C-WEU-AUT,Zone_6A Cold Humid,WEU,rur,perm,mfh,1970,p2,45318.997324518285,13877.368875769364
C-WEU-AUT,Zone_6A Cold Humid,WEU,rur,perm,mfh,1975,p2,40071.290735262555,12270.441000259902
C-WEU-AUT,Zone_6A Cold Humid,WEU,rur,perm,mfh,1980,p2,28514.47918123925,8731.568862059099
C-WEU-AUT,Zone_6A Cold Humid,WEU,rur,perm,mfh,1985,p2,21264.514017504363,4135.890144192751
C-WEU-AUT,Zone_6A Cold Humid,WEU,rur,perm,mfh,1990,p2,28570.87275006713,5556.957046877107
C-WEU-AUT,Zone_6A Cold Humid,WEU,rur,perm,mfh,1995,p3,40723.67990694289,7920.644987406698
C-WEU-AUT,Zone_6A Cold Humid,WEU,rur,perm,mfh,2000,p3,29308.93332548551,5700.507821523417
C-WEU-AUT,Zone_6A Cold Humid,WEU,rur,perm,mfh,2005,p3,27624.459967888884,3484.4028865034416
C-WEU-AUT,Zone_6A Cold Humid,WEU,rur,perm,mfh,2010,p3,22829.540032111065,2879.597113496546
C-WEU-AUT,Zone_6A Cold Humid,WEU,rur,perm,mfh,2015,p3,11076.999999999989,1408.999999999996
C-WEU-AUT,Zone_6A Cold Humid,WEU,rur,perm,mfh,2020,p3,12073.999999999989,2598.999999999995
C-WEU-AUT,Zone_6A Cold Humid,WEU,rur,perm,sfh,1945,p1,44875.999999999985,19088.0
C-WEU-AUT,Zone_6A Cold Humid,WEU,rur,perm,sfh,1960,p2,26489.999999999993,8013.999999999999
C-WEU-AUT,Zone_6A Cold Humid,WEU,rur,perm,sfh,1965,p2,30771.232782906878,9422.62126923844
C-WEU-AUT,Zone_6A Cold Humid,WEU,rur,perm,sfh,1970,p2,45318.99670104397,13877.36868485202
C-WEU-AUT,Zone_6A Cold Humid,WEU,rur,perm,sfh,1975,p2,40071.29027771429,12270.440860151642
C-WEU-AUT,Zone_6A Cold Humid,WEU,rur,perm,sfh,1980,p2,28514.480238334752,8731.569185757873
C-WEU-AUT,Zone_6A Cold Humid,WEU,rur,perm,sfh,1985,p2,21264.5141361408,4135.890167267215
C-WEU-AUT,Zone_6A Cold Humid,WEU,rur,perm,sfh,1990,p2,28570.872240235614,5556.956947716262
C-WEU-AUT,Zone_6A Cold Humid,WEU,rur,perm,sfh,1995,p3,40723.67956446101,7920.644920794907
C-WEU-AUT,Zone_6A Cold Humid,WEU,rur,perm,sfh,2000,p3,29308.934059162497,5700.507964221593
C-WEU-AUT,Zone_6A Cold Humid,WEU,rur,perm,sfh,2005,p3,27624.46008962674,3484.40290185881
C-WEU-AUT,Zone_6A Cold Humid,WEU,rur,perm,sfh,2010,p3,22829.53991037321,2879.5970981411765
C-WEU-AUT,Zone_6A Cold Humid,WEU,rur,perm,sfh,2015,p3,11076.999999999989,1408.999999999996
C-WEU-AUT,Zone_6A Cold Humid,WEU,rur,perm,sfh,2020,p3,12073.999999999989,2598.999999999995
C-WEU-AUT,Zone_6A Cold Humid,WEU,urb,perm,mfh,1945,p1,130564.99999999997,54295.99999999999
C-WEU-AUT,Zone_6A Cold Humid,WEU,urb,perm,mfh,1960,p2,82991.99999999997,24611.999999999993
C-WEU-AUT,Zone_6A Cold Humid,WEU,urb,perm,mfh,1965,p2,105184.88576928386,26803.701337831804
C-WEU-AUT,Zone_6A Cold Humid,WEU,urb,perm,mfh,1970,p2,154913.31121164924,39475.72977432637
C-WEU-AUT,Zone_6A Cold Humid,WEU,urb,perm,mfh,1975,p2,136975.14726270898,34904.64348640588
C-WEU-AUT,Zone_6A Cold Humid,WEU,urb,perm,mfh,1980,p2,97470.65575635758,24837.92540143586
C-WEU-AUT,Zone_6A Cold Humid,WEU,urb,perm,mfh,1985,p2,72152.24805809233,11220.513494903986
C-WEU-AUT,Zone_6A Cold Humid,WEU,urb,perm,mfh,1990,p2,96943.32521317451,15075.814241012995
C-WEU-AUT,Zone_6A Cold Humid,WEU,urb,perm,mfh,1995,p3,138178.80117388815,21488.410202173527
C-WEU-AUT,Zone_6A Cold Humid,WEU,urb,perm,mfh,2000,p3,99447.62555484464,15465.262061909416
C-WEU-AUT,Zone_6A Cold Humid,WEU,urb,perm,mfh,2005,p3,114439.96758727284,15001.986029257441
C-WEU-AUT,Zone_6A Cold Humid,WEU,urb,perm,mfh,2010,p3,94576.032412727,12398.013970742513
C-WEU-AUT,Zone_6A Cold Humid,WEU,urb,perm,mfh,2015,p3,49416.99999999997,6310.999999999987
C-WEU-AUT,Zone_6A Cold Humid,WEU,urb,perm,mfh,2020,p3,62262.99999999996,12654.999999999989
C-WEU-AUT,Zone_6A Cold Humid,WEU,urb,perm,sfh,1945,p1,130564.99999999997,54295.99999999999
C-WEU-AUT,Zone_6A Cold Humid,WEU,urb,perm,sfh,1960,p2,82991.99999999997,24611.999999999993
C-WEU-AUT,Zone_6A Cold Humid,WEU,urb,perm,sfh,1965,p2,105184.88585107346,26803.701358673807
C-WEU-AUT,Zone_6A Cold Humid,WEU,urb,perm,sfh,1970,p2,154913.30908043552,39475.7292312406
C-WEU-AUT,Zone_6A Cold Humid,WEU,urb,perm,sfh,1975,p2,136975.145698678,34904.643087852244
C-WEU-AUT,Zone_6A Cold Humid,WEU,urb,perm,sfh,1980,p2,97470.65936981271,24837.92632223328
C-WEU-AUT,Zone_6A Cold Humid,WEU,urb,perm,sfh,1985,p2,72152.24846063551,11220.513557504131
C-WEU-AUT,Zone_6A Cold Humid,WEU,urb,perm,sfh,1990,p2,96943.32348327417,15075.813971993368
C-WEU-AUT,Zone_6A Cold Humid,WEU,urb,perm,sfh,1995,p3,138178.8000118189,21488.410021458258
C-WEU-AUT,Zone_6A Cold Humid,WEU,urb,perm,sfh,2000,p3,99447.6280442711,15465.262449044169
C-WEU-AUT,Zone_6A Cold Humid,WEU,urb,perm,sfh,2005,p3,114439.96809159679,15001.986095369497
C-WEU-AUT,Zone_6A Cold Humid,WEU,urb,perm,sfh,2010,p3,94576.03190840305,12398.013904630461
C-WEU-AUT,Zone_6A Cold Humid,WEU,urb,perm,sfh,2015,p3,49416.99999999997,6310.999999999987
C-WEU-AUT,Zone_6A Cold Humid,WEU,urb,perm,sfh,2020,p3,62262.99999999996,12654.999999999989
C-WEU-AUT,Zone_7A Very cold Humid,WEU,rur,perm,mfh,1945,p1,27474.99999999999,14055.999999999998
C-WEU-AUT,Zone_7A Very cold Humid,WEU,rur,perm,mfh,1960,p2,20427.99999999999,8214.999999999996
C-WEU-AUT,Zone_7A Very cold Humid,WEU,rur,perm,mfh,1965,p2,24908.61345211112,10937.397859838125
C-WEU-AUT,Zone_7A Very cold Humid,WEU,rur,perm,mfh,1970,p2,36684.74512538868,16108.309424550756
C-WEU-AUT,Zone_7A Very cold Humid,WEU,rur,perm,mfh,1975,p2,32436.798343639544,14243.031610964892
C-WEU-AUT,Zone_7A Very cold Humid,WEU,rur,perm,mfh,1980,p2,23081.843078860566,10135.261104646203
C-WEU-AUT,Zone_7A Very cold Humid,WEU,rur,perm,mfh,1985,p2,19177.56910511805,5020.398927651526
C-WEU-AUT,Zone_7A Very cold Humid,WEU,rur,perm,mfh,1990,p2,25766.91675775901,6745.390959118811
C-WEU-AUT,Zone_7A Very cold Humid,WEU,rur,perm,mfh,1995,p3,36726.98851768864,9614.572772983316
C-WEU-AUT,Zone_7A Very cold Humid,WEU,rur,perm,mfh,2000,p3,26432.525619434222,6919.6373402463205
C-WEU-AUT,Zone_7A Very cold Humid,WEU,rur,perm,mfh,2005,p3,27684.708861156407,7841.555262824972
C-WEU-AUT,Zone_7A Very cold Humid,WEU,rur,perm,mfh,2010,p3,22879.291138843553,6480.44473717501
C-WEU-AUT,Zone_7A Very cold Humid,WEU,rur,perm,mfh,2015,p3,11368.999999999993,2378.9999999999945
C-WEU-AUT,Zone_7A Very cold Humid,WEU,rur,perm,mfh,2020,p3,11499.999999999989,3201.9999999999973
C-WEU-AUT,Zone_7A Very cold Humid,WEU,rur,perm,sfh,1945,p1,27474.99999999999,14055.999999999998
C-WEU-AUT,Zone_7A Very cold Humid,WEU,rur,perm,sfh,1960,p2,20427.99999999999,8214.999999999996
C-WEU-AUT,Zone_7A Very cold Humid,WEU,rur,perm,sfh,1965,p2,24908.626043767614,10937.403388847482
C-WEU-AUT,Zone_7A Very cold Humid,WEU,rur,perm,sfh,1970,p2,36684.71984218274,16108.298322668947
C-WEU-AUT,Zone_7A Very cold Humid,WEU,rur,perm,sfh,1975,p2,32436.81820780453,14243.040333340226
C-WEU-AUT,Zone_7A Very cold Humid,WEU,rur,perm,sfh,1980,p2,23081.835906245025,10135.257955143321
C-WEU-AUT,Zone_7A Very cold Humid,WEU,rur,perm,sfh,1985,p2,19177.585546364367,5020.403231722336
C-WEU-AUT,Zone_7A Very cold Humid,WEU,rur,perm,sfh,1990,p2,25766.890112317527,6745.383983743301
C-WEU-AUT,Zone_7A Very cold Humid,WEU,rur,perm,sfh,1995,p3,36727.00616907987,9614.577393851845
C-WEU-AUT,Zone_7A Very cold Humid,WEU,rur,perm,sfh,2000,p3,26432.518172238182,6919.635390682493
C-WEU-AUT,Zone_7A Very cold Humid,WEU,rur,perm,sfh,2005,p3,27684.686848736797,7841.549027917261
C-WEU-AUT,Zone_7A Very cold Humid,WEU,rur,perm,sfh,2010,p3,22879.313151263155,6480.450972082722
C-WEU-AUT,Zone_7A Very cold Humid,WEU,rur,perm,sfh,2015,p3,11368.999999999993,2378.9999999999945
C-WEU-AUT,Zone_7A Very cold Humid,WEU,rur,perm,sfh,2020,p3,11499.999999999989,3201.9999999999973
C-WEU-AUT,Zone_7A Very cold Humid,WEU,urb,perm,mfh,1945,p1,23917.99999999999,7234.999999999999
C-WEU-AUT,Zone_7A Very cold Humid,WEU,urb,perm,mfh,1960,p2,12148.999999999998,2944.9999999999986
C-WEU-AUT,Zone_7A Very cold Humid,WEU,urb,perm,mfh,1965,p2,16415.880554177544,3742.5025813182865
C-WEU-AUT,Zone_7A Very cold Humid,WEU,urb,perm,mfh,1970,p2,24176.87340552419,5511.858521981858
C-WEU-AUT,Zone_7A Very cold Humid,WEU,urb,perm,mfh,1975,p2,21377.28814945341,4873.607347280222
C-WEU-AUT,Zone_7A Very cold Humid,WEU,urb,perm,mfh,1980,p2,15211.957890844795,3468.0315494196207
C-WEU-AUT,Zone_7A Very cold Humid,WEU,urb,perm,mfh,1985,p2,11742.411513042758,1747.7374641421486
C-WEU-AUT,Zone_7A Very cold Humid,WEU,urb,perm,mfh,1990,p2,15777.064253215278,2348.2541247080744
C-WEU-AUT,Zone_7A Very cold Humid,WEU,urb,perm,mfh,1995,p3,22487.908162166492,3347.0943801919293
C-WEU-AUT,Zone_7A Very cold Humid,WEU,urb,perm,mfh,2000,p3,16184.616071575427,2408.914030957835
C-WEU-AUT,Zone_7A Very cold Humid,WEU,urb,perm,mfh,2005,p3,20583.398167200263,2924.8420761074585
C-WEU-AUT,Zone_7A Very cold Humid,WEU,urb,perm,mfh,2010,p3,17010.60183279971,2417.1579238925387
C-WEU-AUT,Zone_7A Very cold Humid,WEU,urb,perm,mfh,2015,p3,8051.0,1020.9999999999978
C-WEU-AUT,Zone_7A Very cold Humid,WEU,urb,perm,mfh,2020,p3,7799.999999999988,1937.999999999999
C-WEU-AUT,Zone_7A Very cold Humid,WEU,urb,perm,sfh,1945,p1,23917.99999999999,7234.999999999999
C-WEU-AUT,Zone_7A Very cold Humid,WEU,urb,perm,sfh,1960,p2,12148.999999999998,2944.9999999999986
C-WEU-AUT,Zone_7A Very cold Humid,WEU,urb,perm,sfh,1965,p2,16415.888852637418,3742.50447320629
C-WEU-AUT,Zone_7A Very cold Humid,WEU,urb,perm,sfh,1970,p2,24176.85674277059,5511.854723197004
C-WEU-AUT,Zone_7A Very cold Humid,WEU,urb,perm,sfh,1975,p2,21377.30124081878,4873.6103318577825
C-WEU-AUT,Zone_7A Very cold Humid,WEU,urb,perm,sfh,1980,p2,15211.953163773167,3468.0304717389135
C-WEU-AUT,Zone_7A Very cold Humid,WEU,urb,perm,sfh,1985,p2,11742.42158000583,1747.7389625063033
C-WEU-AUT,Zone_7A Very cold Humid,WEU,urb,perm,sfh,1990,p2,15777.047938230982,2348.2516963900716
C-WEU-AUT,Zone_7A Very cold Humid,WEU,urb,perm,sfh,1995,p3,22487.9189701004,3347.0959888419943
C-WEU-AUT,Zone_7A Very cold Humid,WEU,urb,perm,sfh,2000,p3,16184.611511662742,2408.9133522616216
C-WEU-AUT,Zone_7A Very cold Humid,WEU,urb,perm,sfh,2005,p3,20583.38180111169,2924.839750533026
C-WEU-AUT,Zone_7A Very cold Humid,WEU,urb,perm,sfh,2010,p3,17010.61819888828,2417.1602494669683
C-WEU-AUT,Zone_7A Very cold Humid,WEU,urb,perm,sfh,2015,p3,8051.0,1020.9999999999978
C-WEU-AUT,Zone_7A Very cold Humid,WEU,urb,perm,sfh,2020,p3,7799.999999999988,1937.999999999999
C-WEU-BEL,Zone_4A Mixed Humid,WEU,rur,perm,mfh,1945,p1,81997.93929927955,11229.489027154483
C-WEU-BEL,Zone_4A Mixed Humid,WEU,rur,perm,mfh,1960,p2,10138.974224091846,1130.5048630782198
C-WEU-BEL,Zone_4A Mixed Humid,WEU,rur,perm,mfh,1965,p2,5616.97779342944,640.0933666832881
C-WEU-BEL,Zone_4A Mixed Humid,WEU,rur,perm,mfh,1970,p2,7600.1012128309085,866.0839603363455
C-WEU-BEL,Zone_4A Mixed Humid,WEU,rur,perm,mfh,1975,p2,7636.213150554276,870.1991647478442
C-WEU-BEL,Zone_4A Mixed Humid,WEU,rur,perm,mfh,1980,p2,7001.368754145602,797.854266483763
C-WEU-BEL,Zone_4A Mixed Humid,WEU,rur,perm,mfh,1985,p2,4226.845030986144,276.4275643954747
C-WEU-BEL,Zone_4A Mixed Humid,WEU,rur,perm,mfh,1990,p2,5780.123926319501,378.0090273344466
C-WEU-BEL,Zone_4A Mixed Humid,WEU,rur,perm,mfh,1995,p3,6391.422457420209,417.9867797317887
C-WEU-BEL,Zone_4A Mixed Humid,WEU,rur,perm,mfh,2000,p3,6308.116982450463,412.5387613213946
C-WEU-BEL,Zone_4A Mixed Humid,WEU,rur,perm,mfh,2005,p3,12716.783946676413,1169.2138427352475
C-WEU-BEL,Zone_4A Mixed Humid,WEU,rur,perm,mfh,2010,p3,14749.44570551535,1356.1019959034227
C-WEU-BEL,Zone_4A Mixed Humid,WEU,rur,perm,mfh,2015,p3,6477.738774581725,654.7741483398443
C-WEU-BEL,Zone_4A Mixed Humid,WEU,rur,perm,mfh,2020,p3,6561.063567814372,996.3811510737592
C-WEU-BEL,Zone_4A Mixed Humid,WEU,rur,perm,sfh,1945,p1,81997.93929927955,11229.489027154483
C-WEU-BEL,Zone_4A Mixed Humid,WEU,rur,perm,sfh,1960,p2,10138.974224091846,1130.5048630782198
C-WEU-BEL,Zone_4A Mixed Humid,WEU,rur,perm,sfh,1965,p2,5616.97779342944,640.0933666832881
C-WEU-BEL,Zone_4A Mixed Humid,WEU,rur,perm,sfh,1970,p2,7600.1012128309085,866.0839603363455
C-WEU-BEL,Zone_4A Mixed Humid,WEU,rur,perm,sfh,1975,p2,7636.213150554276,870.1991647478442
C-WEU-BEL,Zone_4A Mixed Humid,WEU,rur,perm,sfh,1980,p2,7001.368754145602,797.854266483763
C-WEU-BEL,Zone_4A Mixed Humid,WEU,rur,perm,sfh,1985,p2,4226.845030986144,276.4275643954747
C-WEU-BEL,Zone_4A Mixed Humid,WEU,rur,perm,sfh,1990,p2,5780.123926319501,378.0090273344466
C-WEU-BEL,Zone_4A Mixed Humid,WEU,rur,perm,sfh,1995,p3,6391.422457420209,417.9867797317887
C-WEU-BEL,Zone_4A Mixed Humid,WEU,rur,perm,sfh,2000,p3,6308.116982450463,412.5387613213946
C-WEU-BEL,Zone_4A Mixed Humid,WEU,rur,perm,sfh,2005,p3,12716.78417036415,1169.213863301673
C-WEU-BEL,Zone_4A Mixed Humid,WEU,rur,perm,sfh,2010,p3,14749.445481827619,1356.1019753369967
C-WEU-BEL,Zone_4A Mixed Humid,WEU,rur,perm,sfh,2015,p3,6477.738774581725,654.7741483398443
C-WEU-BEL,Zone_4A Mixed Humid,WEU,rur,perm,sfh,2020,p3,6561.063567814372,996.3811510737592
C-WEU-BEL,Zone_4A Mixed Humid,WEU,urb,perm,mfh,1945,p1,1281552.3474625526,247012.5758462126
C-WEU-BEL,Zone_4A Mixed Humid,WEU,urb,perm,mfh,1960,p2,481589.31115008536,73367.91570858746
C-WEU-BEL,Zone_4A Mixed Humid,WEU,urb,perm,mfh,1965,p2,205736.92695301416,36314.9038445885
C-WEU-BEL,Zone_4A Mixed Humid,WEU,urb,perm,mfh,1970,p2,278374.1587671542,49136.200088942336
C-WEU-BEL,Zone_4A Mixed Humid,WEU,urb,perm,mfh,1975,p2,279696.85566337744,49369.67111095703
C-WEU-BEL,Zone_4A Mixed Humid,WEU,urb,perm,mfh,1980,p2,256443.97128073906,45265.27297023
C-WEU-BEL,Zone_4A Mixed Humid,WEU,urb,perm,mfh,1985,p2,123745.93960728245,17628.706545548222
C-WEU-BEL,Zone_4A Mixed Humid,WEU,urb,perm,mfh,1990,p2,169220.03552660794,24106.89479907799
C-WEU-BEL,Zone_4A Mixed Humid,WEU,urb,perm,mfh,1995,p3,187116.53056180917,26656.40923301143
C-WEU-BEL,Zone_4A Mixed Humid,WEU,urb,perm,mfh,2000,p3,184677.66322719175,26308.970951949934
C-WEU-BEL,Zone_4A Mixed Humid,WEU,urb,perm,mfh,2005,p3,320244.9291134449,41814.312951448104
C-WEU-BEL,Zone_4A Mixed Humid,WEU,urb,perm,mfh,2010,p3,371433.15591674106,48497.94894502383
C-WEU-BEL,Zone_4A Mixed Humid,WEU,urb,perm,mfh,2015,p3,180787.4330815997,30485.667225797897
C-WEU-BEL,Zone_4A Mixed Humid,WEU,urb,perm,mfh,2020,p3,170230.78420349053,32808.68072686025
C-WEU-BEL,Zone_4A Mixed Humid,WEU,urb,perm,sfh,1945,p1,1281552.3474625526,247012.5758462126
C-WEU-BEL,Zone_4A Mixed Humid,WEU,urb,perm,sfh,1960,p2,481589.31115008536,73367.91570858746
C-WEU-BEL,Zone_4A Mixed Humid,WEU,urb,perm,sfh,1965,p2,205736.92695301416,36314.9038445885
C-WEU-BEL,Zone_4A Mixed Humid,WEU,urb,perm,sfh,1970,p2,278374.1587671542,49136.200088942336
C-WEU-BEL,Zone_4A Mixed Humid,WEU,urb,perm,sfh,1975,p2,279696.85566337744,49369.67111095703
C-WEU-BEL,Zone_4A Mixed Humid,WEU,urb,perm,sfh,1980,p2,256443.97128073906,45265.27297023
C-WEU-BEL,Zone_4A Mixed Humid,WEU,urb,perm,sfh,1985,p2,123745.93960728245,17628.706545548222
C-WEU-BEL,Zone_4A Mixed Humid,WEU,urb,perm,sfh,1990,p2,169220.03552660794,24106.89479907799
C-WEU-BEL,Zone_4A Mixed Humid,WEU,urb,perm,sfh,1995,p3,187116.53056180917,26656.40923301143
C-WEU-BEL,Zone_4A Mixed Humid,WEU,urb,perm,sfh,2000,p3,184677.66322719175,26308.970951949934
C-WEU-BEL,Zone_4A Mixed Humid,WEU,urb,perm,sfh,2005,p3,320244.93474654085,41814.313686960246
C-WEU-BEL,Zone_4A Mixed Humid,WEU,urb,perm,sfh,2010,p3,371433.15028364514,48497.948209511684
C-WEU-BEL,Zone_4A Mixed Humid,WEU,urb,perm,sfh,2015,p3,180787.4330815997,30485.667225797897
C-WEU-BEL,Zone_4A Mixed Humid,WEU,urb,perm,sfh,2020,p3,170230.78420349053,32808.68072686025
C-WEU-BEL,Zone_5A Cool Humid,WEU,rur,perm,mfh,1945,p1,97571.67629036754,22313.034234171504
C-WEU-BEL,Zone_5A Cool Humid,WEU,rur,perm,mfh,1960,p2,21279.213725319267,4278.095932109375
C-WEU-BEL,Zone_5A Cool Humid,WEU,rur,perm,mfh,1965,p2,8858.721183495652,2436.198738955914
C-WEU-BEL,Zone_5A Cool Humid,WEU,rur,perm,mfh,1970,p2,11986.37062257453,3296.320133630336
C-WEU-BEL,Zone_5A Cool Humid,WEU,rur,perm,mfh,1975,p2,12043.323952185568,3311.982623385206
C-WEU-BEL,Zone_5A Cool Humid,WEU,rur,perm,mfh,1980,p2,11042.089888332284,3036.637557970631
C-WEU-BEL,Zone_5A Cool Humid,WEU,rur,perm,mfh,1985,p2,6146.071185995563,1270.2682289083582
C-WEU-BEL,Zone_5A Cool Humid,WEU,rur,perm,mfh,1990,p2,8404.626347691687,1737.065761562518
C-WEU-BEL,Zone_5A Cool Humid,WEU,rur,perm,mfh,1995,p3,9293.488906053075,1920.7756200368929
C-WEU-BEL,Zone_5A Cool Humid,WEU,rur,perm,mfh,2000,p3,9172.358044714689,1895.740328377879
C-WEU-BEL,Zone_5A Cool Humid,WEU,rur,perm,mfh,2005,p3,19299.65472736904,2747.127219314061
C-WEU-BEL,Zone_5A Cool Humid,WEU,rur,perm,mfh,2010,p3,22384.528252594828,3186.230413075929
C-WEU-BEL,Zone_5A Cool Humid,WEU,rur,perm,mfh,2015,p3,9875.932504408656,1290.6509947255036
C-WEU-BEL,Zone_5A Cool Humid,WEU,rur,perm,mfh,2020,p3,9112.035858879397,1266.551029970857
C-WEU-BEL,Zone_5A Cool Humid,WEU,rur,perm,sfh,1945,p1,97571.67629036754,22313.034234171504
C-WEU-BEL,Zone_5A Cool Humid,WEU,rur,perm,sfh,1960,p2,21279.213725319267,4278.095932109375
C-WEU-BEL,Zone_5A Cool Humid,WEU,rur,perm,sfh,1965,p2,8858.721183495652,2436.198738955914
C-WEU-BEL,Zone_5A Cool Humid,WEU,rur,perm,sfh,1970,p2,11986.37062257453,3296.320133630336
C-WEU-BEL,Zone_5A Cool Humid,WEU,rur,perm,sfh,1975,p2,12043.323952185568,3311.982623385206
C-WEU-BEL,Zone_5A Cool Humid,WEU,rur,perm,sfh,1980,p2,11042.089888332284,3036.637557970631
C-WEU-BEL,Zone_5A Cool Humid,WEU,rur,perm,sfh,1985,p2,6146.071185995563,1270.2682289083582
C-WEU-BEL,Zone_5A Cool Humid,WEU,rur,perm,sfh,1990,p2,8404.626347691687,1737.065761562518
C-WEU-BEL,Zone_5A Cool Humid,WEU,rur,perm,sfh,1995,p3,9293.488906053075,1920.7756200368929
C-WEU-BEL,Zone_5A Cool Humid,WEU,rur,perm,sfh,2000,p3,9172.358044714689,1895.740328377879
C-WEU-BEL,Zone_5A Cool Humid,WEU,rur,perm,sfh,2005,p3,19299.655066849227,2747.1272676359213
C-WEU-BEL,Zone_5A Cool Humid,WEU,rur,perm,sfh,2010,p3,22384.52791311465,3186.230364754066
C-WEU-BEL,Zone_5A Cool Humid,WEU,rur,perm,sfh,2015,p3,9875.932504408656,1290.6509947255036
C-WEU-BEL,Zone_5A Cool Humid,WEU,rur,perm,sfh,2020,p3,9112.035858879397,1266.551029970857
C-WEU-BEL,Zone_5A Cool Humid,WEU,urb,perm,mfh,1945,p1,204681.98444878304,33675.70829887237
C-WEU-BEL,Zone_5A Cool Humid,WEU,urb,perm,mfh,1960,p2,35443.17779181516,4568.136486434313
C-WEU-BEL,Zone_5A Cool Humid,WEU,urb,perm,mfh,1965,p2,14681.624816007079,2029.0879269321704
C-WEU-BEL,Zone_5A Cool Humid,WEU,urb,perm,mfh,1970,p2,19865.101603390467,2745.4752682941057
C-WEU-BEL,Zone_5A Cool Humid,WEU,urb,perm,mfh,1975,p2,19959.490782150202,2758.5204145537755
C-WEU-BEL,Zone_5A Cool Humid,WEU,urb,perm,mfh,1980,p2,18300.13808620051,2529.18799637327
C-WEU-BEL,Zone_5A Cool Humid,WEU,urb,perm,mfh,1985,p2,7849.114875215813,643.4322312638017
C-WEU-BEL,Zone_5A Cool Humid,WEU,urb,perm,mfh,1990,p2,10733.503679002963,879.8803854006842
C-WEU-BEL,Zone_5A Cool Humid,WEU,urb,perm,mfh,1995,p3,11868.665332313141,972.9354122471836
C-WEU-BEL,Zone_5A Cool Humid,WEU,urb,perm,mfh,2000,p3,11713.969752518151,960.2542216089348
C-WEU-BEL,Zone_5A Cool Humid,WEU,urb,perm,mfh,2005,p3,20957.519118130822,1847.2722358334674
C-WEU-BEL,Zone_5A Cool Humid,WEU,urb,perm,mfh,2010,p3,24307.387123295324,2142.541829756616
C-WEU-BEL,Zone_5A Cool Humid,WEU,urb,perm,mfh,2015,p3,12210.471969770124,1328.712448809616
C-WEU-BEL,Zone_5A Cool Humid,WEU,urb,perm,mfh,2020,p3,9942.303742120073,1439.7618764146941
C-WEU-BEL,Zone_5A Cool Humid,WEU,urb,perm,sfh,1945,p1,204681.98444878304,33675.70829887237
C-WEU-BEL,Zone_5A Cool Humid,WEU,urb,perm,sfh,1960,p2,35443.17779181516,4568.136486434313
C-WEU-BEL,Zone_5A Cool Humid,WEU,urb,perm,sfh,1965,p2,14681.624816007079,2029.0879269321704
C-WEU-BEL,Zone_5A Cool Humid,WEU,urb,perm,sfh,1970,p2,19865.101603390467,2745.4752682941057
C-WEU-BEL,Zone_5A Cool Humid,WEU,urb,perm,sfh,1975,p2,19959.490782150202,2758.5204145537755
C-WEU-BEL,Zone_5A Cool Humid,WEU,urb,perm,sfh,1980,p2,18300.13808620051,2529.18799637327
C-WEU-BEL,Zone_5A Cool Humid,WEU,urb,perm,sfh,1985,p2,7849.114875215813,643.4322312638017
C-WEU-BEL,Zone_5A Cool Humid,WEU,urb,perm,sfh,1990,p2,10733.503679002963,879.8803854006842
C-WEU-BEL,Zone_5A Cool Humid,WEU,urb,perm,sfh,1995,p3,11868.665332313141,972.9354122471836
C-WEU-BEL,Zone_5A Cool Humid,WEU,urb,perm,sfh,2000,p3,11713.969752518151,960.2542216089348
C-WEU-BEL,Zone_5A Cool Humid,WEU,urb,perm,sfh,2005,p3,20957.519486772784,1847.2722683269137
C-WEU-BEL,Zone_5A Cool Humid,WEU,urb,perm,sfh,2010,p3,24307.386754653362,2142.5417972631712
C-WEU-BEL,Zone_5A Cool Humid,WEU,urb,perm,sfh,2015,p3,12210.471969770124,1328.712448809616
C-WEU-BEL,Zone_5A Cool Humid,WEU,urb,perm,sfh,2020,p3,9942.303742120073,1439.7618764146941
C-WEU-CYP,Zone_3A Warm Humid,WEU,urb,perm,mfh,1945,p1,5178.449937669816,4262.498075640167
C-WEU-CYP,Zone_3A Warm Humid,WEU,urb,perm,mfh,1960,p2,12935.465419680228,6469.6823523374505
C-WEU-CYP,Zone_3A Warm Humid,WEU,urb,perm,mfh,1965,p2,5192.855284419707,1248.5036911120505
C-WEU-CYP,Zone_3A Warm Humid,WEU,urb,perm,mfh,1970,p2,73655.0617998568,17708.680771850857
C-WEU-CYP,Zone_3A Warm Humid,WEU,urb,perm,mfh,1975,p2,29931.372508817876,7196.316286615862
C-WEU-CYP,Zone_3A Warm Humid,WEU,urb,perm,mfh,1980,p2,34542.25624112451,8304.898183042938
C-WEU-CYP,Zone_3A Warm Humid,WEU,urb,perm,mfh,1985,p2,22934.140036383236,6644.193984717768
C-WEU-CYP,Zone_3A Warm Humid,WEU,urb,perm,mfh,1990,p2,53817.10111645117,15591.221600008277
C-WEU-CYP,Zone_3A Warm Humid,WEU,urb,perm,mfh,1995,p3,78782.95768787313,22824.019245440606
C-WEU-CYP,Zone_3A Warm Humid,WEU,urb,perm,mfh,2000,p3,93610.052639993,27119.540897241335
C-WEU-CYP,Zone_3A Warm Humid,WEU,urb,perm,mfh,2005,p3,92116.13983316254,41734.67412750189
C-WEU-CYP,Zone_3A Warm Humid,WEU,urb,perm,mfh,2010,p3,94955.74485889192,43021.20209767384
C-WEU-CYP,Zone_3A Warm Humid,WEU,urb,perm,mfh,2015,p3,22200.028080173248,8570.557294606655
C-WEU-CYP,Zone_3A Warm Humid,WEU,urb,perm,mfh,2020,p3,23349.21555898961,23110.63683481294
C-WEU-CYP,Zone_3A Warm Humid,WEU,urb,perm,sfh,1945,p1,5178.449937669816,4262.498075640167
C-WEU-CYP,Zone_3A Warm Humid,WEU,urb,perm,sfh,1960,p2,12935.465419680228,6469.6823523374505
C-WEU-CYP,Zone_3A Warm Humid,WEU,urb,perm,sfh,1965,p2,5192.855246807968,1248.5036820691603
C-WEU-CYP,Zone_3A Warm Humid,WEU,urb,perm,sfh,1970,p2,73655.06125778722,17708.680641522566
C-WEU-CYP,Zone_3A Warm Humid,WEU,urb,perm,sfh,1975,p2,29931.37333868816,7196.316486139263
C-WEU-CYP,Zone_3A Warm Humid,WEU,urb,perm,sfh,1980,p2,34542.25599093558,8304.898122890716
C-WEU-CYP,Zone_3A Warm Humid,WEU,urb,perm,sfh,1985,p2,22934.140501513742,6644.1941194695955
C-WEU-CYP,Zone_3A Warm Humid,WEU,urb,perm,sfh,1990,p2,53817.09635326493,15591.220220077157
C-WEU-CYP,Zone_3A Warm Humid,WEU,urb,perm,sfh,1995,p3,78782.96157817906,22824.020372491694
C-WEU-CYP,Zone_3A Warm Humid,WEU,urb,perm,sfh,2000,p3,93610.05304774278,27119.54101536954
C-WEU-CYP,Zone_3A Warm Humid,WEU,urb,perm,sfh,2005,p3,92116.14026914173,41734.67432502918
C-WEU-CYP,Zone_3A Warm Humid,WEU,urb,perm,sfh,2010,p3,94955.74442291268,43021.20190014655
C-WEU-CYP,Zone_3A Warm Humid,WEU,urb,perm,sfh,2015,p3,22200.028080173248,8570.557294606655
C-WEU-CYP,Zone_3A Warm Humid,WEU,urb,perm,sfh,2020,p3,23349.21555898961,23110.63683481294
C-WEU-DEU,Zone_4A Mixed Humid,WEU,rur,perm,mfh,1945,p1,12306.140722639204,1504.704243743199
C-WEU-DEU,Zone_4A Mixed Humid,WEU,rur,perm,mfh,1960,p2,4842.661860708673,466.2885745375408
C-WEU-DEU,Zone_4A Mixed Humid,WEU,rur,perm,mfh,1965,p2,6051.7573572651545,466.9683572967323
C-WEU-DEU,Zone_4A Mixed Humid,WEU,rur,perm,mfh,1970,p2,8705.625423191152,671.7472897732584
C-WEU-DEU,Zone_4A Mixed Humid,WEU,rur,perm,mfh,1975,p2,6518.328444105955,502.9701202759837
C-WEU-DEU,Zone_4A Mixed Humid,WEU,rur,perm,mfh,1980,p2,5406.425692875324,417.17299217524237
C-WEU-DEU,Zone_4A Mixed Humid,WEU,rur,perm,mfh,1985,p2,5571.754047816079,348.083111828739
C-WEU-DEU,Zone_4A Mixed Humid,WEU,rur,perm,mfh,1990,p2,8648.883770720025,540.3200412152644
C-WEU-DEU,Zone_4A Mixed Humid,WEU,rur,perm,mfh,1995,p3,12061.298908642684,753.5031914164455
C-WEU-DEU,Zone_4A Mixed Humid,WEU,rur,perm,mfh,2000,p3,9007.5991778657,562.729999391563
C-WEU-DEU,Zone_4A Mixed Humid,WEU,rur,perm,mfh,2005,p3,4535.652392361622,183.48225141818963
C-WEU-DEU,Zone_4A Mixed Humid,WEU,rur,perm,mfh,2010,p3,4053.74785200911,163.98760712370301
C-WEU-DEU,Zone_4A Mixed Humid,WEU,rur,perm,mfh,2015,p3,2112.85246989003,145.77758433079407
C-WEU-DEU,Zone_4A Mixed Humid,WEU,rur,perm,mfh,2020,p3,2743.8084133356574,165.74711643090288
C-WEU-DEU,Zone_4A Mixed Humid,WEU,rur,perm,sfh,1945,p1,12306.140722639204,1504.704243743199
C-WEU-DEU,Zone_4A Mixed Humid,WEU,rur,perm,sfh,1960,p2,4842.661860708673,466.2885745375408
C-WEU-DEU,Zone_4A Mixed Humid,WEU,rur,perm,sfh,1965,p2,6051.757426583861,466.9683626455328
C-WEU-DEU,Zone_4A Mixed Humid,WEU,rur,perm,sfh,1970,p2,8705.625368999026,671.7472855916621
C-WEU-DEU,Zone_4A Mixed Humid,WEU,rur,perm,sfh,1975,p2,6518.328768639669,502.97014531779695
C-WEU-DEU,Zone_4A Mixed Humid,WEU,rur,perm,sfh,1980,p2,5406.425353215018,417.172965966225
C-WEU-DEU,Zone_4A Mixed Humid,WEU,rur,perm,sfh,1985,p2,5571.753859369772,348.0831000559691
C-WEU-DEU,Zone_4A Mixed Humid,WEU,rur,perm,sfh,1990,p2,8648.883944264777,540.320052057092
C-WEU-DEU,Zone_4A Mixed Humid,WEU,rur,perm,sfh,1995,p3,12061.298984975281,753.5031961851571
C-WEU-DEU,Zone_4A Mixed Humid,WEU,rur,perm,sfh,2000,p3,9007.59911643466,562.7299955537932
C-WEU-DEU,Zone_4A Mixed Humid,WEU,rur,perm,sfh,2005,p3,4535.652355433154,183.48224992430977
C-WEU-DEU,Zone_4A Mixed Humid,WEU,rur,perm,sfh,2010,p3,4053.747888937585,163.9876086175829
C-WEU-DEU,Zone_4A Mixed Humid,WEU,rur,perm,sfh,2015,p3,2112.85246989003,145.77758433079407
C-WEU-DEU,Zone_4A Mixed Humid,WEU,rur,perm,sfh,2020,p3,2743.8084133356574,165.74711643090288
C-WEU-DEU,Zone_4A Mixed Humid,WEU,urb,perm,mfh,1945,p1,1316761.5307389502,116399.87943929771
C-WEU-DEU,Zone_4A Mixed Humid,WEU,urb,perm,mfh,1960,p2,1352593.8157066084,90812.5099638369
C-WEU-DEU,Zone_4A Mixed Humid,WEU,urb,perm,mfh,1965,p2,1005225.1604323697,65059.50255249128
C-WEU-DEU,Zone_4A Mixed Humid,WEU,urb,perm,mfh,1970,p2,1446045.0404849267,93589.94850664202
C-WEU-DEU,Zone_4A Mixed Humid,WEU,urb,perm,mfh,1975,p2,1082724.7969734159,70075.38158121616
C-WEU-DEU,Zone_4A Mixed Humid,WEU,urb,perm,mfh,1980,p2,898032.557098797,58121.85542158468
C-WEU-DEU,Zone_4A Mixed Humid,WEU,urb,perm,mfh,1985,p2,437593.74100205844,21551.341696337407
C-WEU-DEU,Zone_4A Mixed Humid,WEU,urb,perm,mfh,1990,p2,679264.9805144977,33453.56737484747
C-WEU-DEU,Zone_4A Mixed Humid,WEU,urb,perm,mfh,1995,p3,947268.8251280147,46652.66482530861
C-WEU-DEU,Zone_4A Mixed Humid,WEU,urb,perm,mfh,2000,p3,707437.7274844545,34841.06550286831
C-WEU-DEU,Zone_4A Mixed Humid,WEU,urb,perm,mfh,2005,p3,411278.20711217745,14451.601035744246
C-WEU-DEU,Zone_4A Mixed Humid,WEU,urb,perm,mfh,2010,p3,367580.67074691755,12916.145592505995
C-WEU-DEU,Zone_4A Mixed Humid,WEU,urb,perm,mfh,2015,p3,185688.41403785098,8483.312919055435
C-WEU-DEU,Zone_4A Mixed Humid,WEU,urb,perm,mfh,2020,p3,218103.3860277712,17844.760633036585
C-WEU-DEU,Zone_4A Mixed Humid,WEU,urb,perm,sfh,1945,p1,1316761.5307389502,116399.87943929771
C-WEU-DEU,Zone_4A Mixed Humid,WEU,urb,perm,sfh,1960,p2,1352593.8157066084,90812.5099638369
C-WEU-DEU,Zone_4A Mixed Humid,WEU,urb,perm,sfh,1965,p2,1005225.1719465312,65059.50329770304
C-WEU-DEU,Zone_4A Mixed Humid,WEU,urb,perm,sfh,1970,p2,1446045.031483362,93589.94792404883
C-WEU-DEU,Zone_4A Mixed Humid,WEU,urb,perm,sfh,1975,p2,1082724.8508799816,70075.38507012045
C-WEU-DEU,Zone_4A Mixed Humid,WEU,urb,perm,sfh,1980,p2,898032.5006796344,58121.85177006181
C-WEU-DEU,Zone_4A Mixed Humid,WEU,urb,perm,sfh,1985,p2,437593.72620188503,21551.34096743395
C-WEU-DEU,Zone_4A Mixed Humid,WEU,urb,perm,sfh,1990,p2,679264.9941443347,33453.56804611226
C-WEU-DEU,Zone_4A Mixed Humid,WEU,urb,perm,sfh,1995,p3,947268.831123015,46652.66512056032
C-WEU-DEU,Zone_4A Mixed Humid,WEU,urb,perm,sfh,2000,p3,707437.7226597905,34841.06526525526
C-WEU-DEU,Zone_4A Mixed Humid,WEU,urb,perm,sfh,2005,p3,411278.2037636238,14451.600918081887
C-WEU-DEU,Zone_4A Mixed Humid,WEU,urb,perm,sfh,2010,p3,367580.6740954713,12916.145710168346
C-WEU-DEU,Zone_4A Mixed Humid,WEU,urb,perm,sfh,2015,p3,185688.41403785098,8483.312919055435
C-WEU-DEU,Zone_4A Mixed Humid,WEU,urb,perm,sfh,2020,p3,218103.3860277712,17844.760633036585
C-WEU-DEU,Zone_5A Cool Humid,WEU,rur,perm,mfh,1945,p1,1290781.672008989,208256.6295593192
C-WEU-DEU,Zone_5A Cool Humid,WEU,rur,perm,mfh,1960,p2,598355.3457638681,75148.46784006119
C-WEU-DEU,Zone_5A Cool Humid,WEU,rur,perm,mfh,1965,p2,616483.2739986483,77104.6370764133
C-WEU-DEU,Zone_5A Cool Humid,WEU,rur,perm,mfh,1970,p2,886828.7426906567,110917.21582416353
C-WEU-DEU,Zone_5A Cool Humid,WEU,rur,perm,mfh,1975,p2,664012.18307901,83049.16053689437
C-WEU-DEU,Zone_5A Cool Humid,WEU,rur,perm,mfh,1980,p2,550744.2826010151,68882.54689608008
C-WEU-DEU,Zone_5A Cool Humid,WEU,rur,perm,mfh,1985,p2,399820.2781281602,36777.646899306485
C-WEU-DEU,Zone_5A Cool Humid,WEU,rur,perm,mfh,1990,p2,620630.2847134854,57088.95399970706
C-WEU-DEU,Zone_5A Cool Humid,WEU,rur,perm,mfh,1995,p3,865499.8114552709,79613.38681004825
C-WEU-DEU,Zone_5A Cool Humid,WEU,rur,perm,mfh,2000,p3,646371.1202790347,59456.73625866348
C-WEU-DEU,Zone_5A Cool Humid,WEU,rur,perm,mfh,2005,p3,323303.5932170815,22184.359955482003
C-WEU-DEU,Zone_5A Cool Humid,WEU,rur,perm,mfh,2010,p3,288953.19918418175,19827.31375548255
C-WEU-DEU,Zone_5A Cool Humid,WEU,rur,perm,mfh,2015,p3,132120.79787523043,10461.165186589631
C-WEU-DEU,Zone_5A Cool Humid,WEU,rur,perm,mfh,2020,p3,201109.79967863706,21248.758407909056
C-WEU-DEU,Zone_5A Cool Humid,WEU,rur,perm,sfh,1945,p1,1290781.672008989,208256.6295593192
C-WEU-DEU,Zone_5A Cool Humid,WEU,rur,perm,sfh,1960,p2,598355.3457638681,75148.46784006119
C-WEU-DEU,Zone_5A Cool Humid,WEU,rur,perm,sfh,1965,p2,616483.2739986483,77104.6370764133
C-WEU-DEU,Zone_5A Cool Humid,WEU,rur,perm,sfh,1970,p2,886828.7426906567,110917.21582416353
C-WEU-DEU,Zone_5A Cool Humid,WEU,rur,perm,sfh,1975,p2,664012.18307901,83049.16053689437
C-WEU-DEU,Zone_5A Cool Humid,WEU,rur,perm,sfh,1980,p2,550744.2826010151,68882.54689608008
C-WEU-DEU,Zone_5A Cool Humid,WEU,rur,perm,sfh,1985,p2,399820.2781281602,36777.646899306485
C-WEU-DEU,Zone_5A Cool Humid,WEU,rur,perm,sfh,1990,p2,620630.2847134854,57088.95399970706
C-WEU-DEU,Zone_5A Cool Humid,WEU,rur,perm,sfh,1995,p3,865499.8114552709,79613.38681004825
C-WEU-DEU,Zone_5A Cool Humid,WEU,rur,perm,sfh,2000,p3,646371.1202790347,59456.73625866348
C-WEU-DEU,Zone_5A Cool Humid,WEU,rur,perm,sfh,2005,p3,323303.5932170815,22184.359955482003
C-WEU-DEU,Zone_5A Cool Humid,WEU,rur,perm,sfh,2010,p3,288953.19918418175,19827.31375548255
C-WEU-DEU,Zone_5A Cool Humid,WEU,rur,perm,sfh,2015,p3,132120.79787523043,10461.165186589631
C-WEU-DEU,Zone_5A Cool Humid,WEU,rur,perm,sfh,2020,p3,201109.79967863706,21248.758407909056
C-WEU-DEU,Zone_5A Cool Humid,WEU,urb,perm,mfh,1945,p1,6166284.915382679,649193.191432502
C-WEU-DEU,Zone_5A Cool Humid,WEU,urb,perm,mfh,1960,p2,3906260.8495889776,308744.1663762764
C-WEU-DEU,Zone_5A Cool Humid,WEU,urb,perm,mfh,1965,p2,3559430.127809448,289125.61700022
C-WEU-DEU,Zone_5A Cool Humid,WEU,urb,perm,mfh,1970,p2,5120341.586019117,415915.43228880473
C-WEU-DEU,Zone_5A Cool Humid,WEU,urb,perm,mfh,1975,p2,3833850.9240546464,311416.28690611117
C-WEU-DEU,Zone_5A Cool Humid,WEU,urb,perm,mfh,1980,p2,3179868.5785806933,258294.5673181575
C-WEU-DEU,Zone_5A Cool Humid,WEU,urb,perm,mfh,1985,p2,1885406.8081903965,122333.34730525406
C-WEU-DEU,Zone_5A Cool Humid,WEU,urb,perm,mfh,1990,p2,2926666.3753179307,189894.77102928876
C-WEU-DEU,Zone_5A Cool Humid,WEU,urb,perm,mfh,1995,p3,4081381.87648952,264817.70640320174
C-WEU-DEU,Zone_5A Cool Humid,WEU,urb,perm,mfh,2000,p3,3048050.7804586813,197770.71617121677
C-WEU-DEU,Zone_5A Cool Humid,WEU,urb,perm,mfh,2005,p3,1679739.239514506,74449.49569987014
C-WEU-DEU,Zone_5A Cool Humid,WEU,urb,perm,mfh,2010,p3,1501270.1288693163,66539.37788338153
C-WEU-DEU,Zone_5A Cool Humid,WEU,urb,perm,mfh,2015,p3,810152.2547883698,44933.73105650056
C-WEU-DEU,Zone_5A Cool Humid,WEU,urb,perm,mfh,2020,p3,1109676.7675878291,103316.25213196635
C-WEU-DEU,Zone_5A Cool Humid,WEU,urb,perm,sfh,1945,p1,6166284.915382679,649193.191432502
C-WEU-DEU,Zone_5A Cool Humid,WEU,urb,perm,sfh,1960,p2,3906260.8495889776,308744.1663762764
C-WEU-DEU,Zone_5A Cool Humid,WEU,urb,perm,sfh,1965,p2,3559430.127809448,289125.61700022
C-WEU-DEU,Zone_5A Cool Humid,WEU,urb,perm,sfh,1970,p2,5120341.586019117,415915.43228880473
C-WEU-DEU,Zone_5A Cool Humid,WEU,urb,perm,sfh,1975,p2,3833850.9240546464,311416.28690611117
C-WEU-DEU,Zone_5A Cool Humid,WEU,urb,perm,sfh,1980,p2,3179868.5785806933,258294.5673181575
C-WEU-DEU,Zone_5A Cool Humid,WEU,urb,perm,sfh,1985,p2,1885406.8081903965,122333.34730525406
C-WEU-DEU,Zone_5A Cool Humid,WEU,urb,perm,sfh,1990,p2,2926666.3753179307,189894.77102928876
C-WEU-DEU,Zone_5A Cool Humid,WEU,urb,perm,sfh,1995,p3,4081381.87648952,264817.70640320174
C-WEU-DEU,Zone_5A Cool Humid,WEU,urb,perm,sfh,2000,p3,3048050.7804586813,197770.71617121677
C-WEU-DEU,Zone_5A Cool Humid,WEU,urb,perm,sfh,2005,p3,1679739.239514506,74449.49569987014
C-WEU-DEU,Zone_5A Cool Humid,WEU,urb,perm,sfh,2010,p3,1501270.1288693163,66539.37788338153
C-WEU-DEU,Zone_5A Cool Humid,WEU,urb,perm,sfh,2015,p3,810152.2547883698,44933.73105650056
C-WEU-DEU,Zone_5A Cool Humid,WEU,urb,perm,sfh,2020,p3,1109676.7675878291,103316.25213196635
C-WEU-DEU,Zone_6A Cold Humid,WEU,rur,perm,mfh,1945,p1,11157.99789606024,2122.010384908536
C-WEU-DEU,Zone_6A Cold Humid,WEU,rur,perm,mfh,1960,p2,9397.15603792223,1240.590701219512
C-WEU-DEU,Zone_6A Cold Humid,WEU,rur,perm,mfh,1965,p2,10999.71786174292,1695.0727382547834
C-WEU-DEU,Zone_6A Cold Humid,WEU,rur,perm,mfh,1970,p2,15823.407477446424,2438.4104191074566
C-WEU-DEU,Zone_6A Cold Humid,WEU,rur,perm,mfh,1975,p2,11847.761064563718,1825.757445992918
C-WEU-DEU,Zone_6A Cold Humid,WEU,rur,perm,mfh,1980,p2,9826.758004770432,1514.3178951204472
C-WEU-DEU,Zone_6A Cold Humid,WEU,rur,perm,mfh,1985,p2,6448.467473333005,750.3198378834066
C-WEU-DEU,Zone_6A Cold Humid,WEU,rur,perm,mfh,1990,p2,10009.782682472947,1164.7013109115185
C-WEU-DEU,Zone_6A Cold Humid,WEU,rur,perm,mfh,1995,p3,13959.140082718339,1624.233938865387
C-WEU-DEU,Zone_6A Cold Humid,WEU,rur,perm,mfh,2000,p3,10424.941696458798,1213.007679107975
C-WEU-DEU,Zone_6A Cold Humid,WEU,rur,perm,mfh,2005,p3,5530.322889420671,363.47303383569846
C-WEU-DEU,Zone_6A Cold Humid,WEU,rur,perm,mfh,2010,p3,4942.736521219608,324.8547100667387
C-WEU-DEU,Zone_6A Cold Humid,WEU,rur,perm,mfh,2015,p3,3118.719906605595,186.08860518292627
C-WEU-DEU,Zone_6A Cold Humid,WEU,rur,perm,mfh,2020,p3,4361.608282338451,495.23580411585357
C-WEU-DEU,Zone_6A Cold Humid,WEU,rur,perm,sfh,1945,p1,11157.99789606024,2122.010384908536
C-WEU-DEU,Zone_6A Cold Humid,WEU,rur,perm,sfh,1960,p2,9397.15603792223,1240.590701219512
C-WEU-DEU,Zone_6A Cold Humid,WEU,rur,perm,sfh,1965,p2,10999.717924740016,1695.072747962728
C-WEU-DEU,Zone_6A Cold Humid,WEU,rur,perm,sfh,1970,p2,15823.407428196428,2438.41041151796
C-WEU-DEU,Zone_6A Cold Humid,WEU,rur,perm,sfh,1975,p2,11847.761359501132,1825.7574914432075
C-WEU-DEU,Zone_6A Cold Humid,WEU,rur,perm,sfh,1980,p2,9826.757696085926,1514.3178475517097
C-WEU-DEU,Zone_6A Cold Humid,WEU,rur,perm,sfh,1985,p2,6448.46736428387,750.3198251948529
C-WEU-DEU,Zone_6A Cold Humid,WEU,rur,perm,sfh,1990,p2,10009.782782898923,1164.7013225967141
C-WEU-DEU,Zone_6A Cold Humid,WEU,rur,perm,sfh,1995,p3,13959.140126890097,1624.2339440050491
C-WEU-DEU,Zone_6A Cold Humid,WEU,rur,perm,sfh,2000,p3,10424.9416609102,1213.0076749716723
C-WEU-DEU,Zone_6A Cold Humid,WEU,rur,perm,sfh,2005,p3,5530.322866907219,363.4730323560319
C-WEU-DEU,Zone_6A Cold Humid,WEU,rur,perm,sfh,2010,p3,4942.736543733054,324.85471154640413
C-WEU-DEU,Zone_6A Cold Humid,WEU,rur,perm,sfh,2015,p3,3118.719906605595,186.08860518292627
C-WEU-DEU,Zone_6A Cold Humid,WEU,rur,perm,sfh,2020,p3,4361.608282338451,495.23580411585357
C-WEU-DEU,Zone_6A Cold Humid,WEU,urb,perm,mfh,1945,p1,7478.847737128199,1347.7639229422066
C-WEU-DEU,Zone_6A Cold Humid,WEU,urb,perm,mfh,1960,p2,6834.860848144298,678.8810858143606
C-WEU-DEU,Zone_6A Cold Humid,WEU,urb,perm,mfh,1965,p2,7255.936114635091,796.8683775053267
C-WEU-DEU,Zone_6A Cold Humid,WEU,urb,perm,mfh,1970,p2,10437.87079044208,1146.3178602983223
C-WEU-DEU,Zone_6A Cold Humid,WEU,urb,perm,mfh,1975,p2,7815.345672176533,858.3043906449541
C-WEU-DEU,Zone_6A Cold Humid,WEU,urb,perm,mfh,1980,p2,6482.19610655498,711.8939599927265
C-WEU-DEU,Zone_6A Cold Humid,WEU,urb,perm,mfh,1985,p2,3922.7770160453115,415.1697152626634
C-WEU-DEU,Zone_6A Cold Humid,WEU,urb,perm,mfh,1990,p2,6089.221292469019,644.4567865634989
C-WEU-DEU,Zone_6A Cold Humid,WEU,urb,perm,mfh,1995,p3,8491.722119510263,898.7270599441122
C-WEU-DEU,Zone_6A Cold Humid,WEU,urb,perm,mfh,2000,p3,6341.77373920191,671.1858427831382
C-WEU-DEU,Zone_6A Cold Humid,WEU,urb,perm,mfh,2005,p3,2685.619213881072,168.94713614316584
C-WEU-DEU,Zone_6A Cold Humid,WEU,urb,perm,mfh,2010,p3,2400.277241665655,150.99682182530978
C-WEU-DEU,Zone_6A Cold Humid,WEU,urb,perm,mfh,2015,p3,1677.9658380667317,142.97495621716263
C-WEU-DEU,Zone_6A Cold Humid,WEU,urb,perm,mfh,2020,p3,2164.955923369771,307.94605954465834
C-WEU-DEU,Zone_6A Cold Humid,WEU,urb,perm,sfh,1945,p1,7478.847737128199,1347.7639229422066
C-WEU-DEU,Zone_6A Cold Humid,WEU,urb,perm,sfh,1960,p2,6834.860848144298,678.8810858143606
C-WEU-DEU,Zone_6A Cold Humid,WEU,urb,perm,sfh,1965,p2,7255.936156190967,796.8683820691156
C-WEU-DEU,Zone_6A Cold Humid,WEU,urb,perm,sfh,1970,p2,10437.87075795445,1146.3178567304335
C-WEU-DEU,Zone_6A Cold Humid,WEU,urb,perm,sfh,1975,p2,7815.345866731252,858.3044120115287
C-WEU-DEU,Zone_6A Cold Humid,WEU,urb,perm,sfh,1980,p2,6482.195902932028,711.893937630251
C-WEU-DEU,Zone_6A Cold Humid,WEU,urb,perm,sfh,1985,p2,3922.776949707774,415.16970824178657
C-WEU-DEU,Zone_6A Cold Humid,WEU,urb,perm,sfh,1990,p2,6089.221353560859,644.4567930291944
C-WEU-DEU,Zone_6A Cold Humid,WEU,urb,perm,sfh,1995,p3,8491.722146381135,898.7270627880089
C-WEU-DEU,Zone_6A Cold Humid,WEU,urb,perm,sfh,2000,p3,6341.773717576738,671.1858404944236
C-WEU-DEU,Zone_6A Cold Humid,WEU,urb,perm,sfh,2005,p3,2685.619202948157,168.94713545539688
C-WEU-DEU,Zone_6A Cold Humid,WEU,urb,perm,sfh,2010,p3,2400.27725259857,150.9968225130787
C-WEU-DEU,Zone_6A Cold Humid,WEU,urb,perm,sfh,2015,p3,1677.9658380667317,142.97495621716263
C-WEU-DEU,Zone_6A Cold Humid,WEU,urb,perm,sfh,2020,p3,2164.955923369771,307.94605954465834
C-WEU-DNK,Zone_5A Cool Humid,WEU,rur,perm,mfh,1945,p1,160164.91409628425,27699.49138050822
C-WEU-DNK,Zone_5A Cool Humid,WEU,rur,perm,mfh,1960,p2,50504.12534699516,10995.977229064845
C-WEU-DNK,Zone_5A Cool Humid,WEU,rur,perm,mfh,1965,p2,35584.4109616711,11535.380064407327
C-WEU-DNK,Zone_5A Cool Humid,WEU,rur,perm,mfh,1970,p2,43217.84090405214,14009.90509378713
C-WEU-DNK,Zone_5A Cool Humid,WEU,rur,perm,mfh,1975,p2,41386.958131589694,13416.388774057148
C-WEU-DNK,Zone_5A Cool Humid,WEU,rur,perm,mfh,1980,p2,32244.55852232824,10452.701829593892
C-WEU-DNK,Zone_5A Cool Humid,WEU,rur,perm,mfh,1985,p2,18139.47826691014,4570.545244908032
C-WEU-DNK,Zone_5A Cool Humid,WEU,rur,perm,mfh,1990,p2,27076.11386980958,6822.280204386853
C-WEU-DNK,Zone_5A Cool Humid,WEU,rur,perm,mfh,1995,p3,46211.60571722441,11643.787746404827
C-WEU-DNK,Zone_5A Cool Humid,WEU,rur,perm,mfh,2000,p3,50611.41076403174,12752.392290554864
C-WEU-DNK,Zone_5A Cool Humid,WEU,rur,perm,mfh,2005,p3,50576.665059652296,16353.826645107723
C-WEU-DNK,Zone_5A Cool Humid,WEU,rur,perm,mfh,2010,p3,25515.31747740783,8250.308286010271
C-WEU-DNK,Zone_5A Cool Humid,WEU,rur,perm,mfh,2015,p3,6843.722950124971,3115.2621906459144
C-WEU-DNK,Zone_5A Cool Humid,WEU,rur,perm,mfh,2020,p3,11055.173509436168,3831.323229249155
C-WEU-DNK,Zone_5A Cool Humid,WEU,rur,perm,sfh,1945,p1,160164.91409628425,27699.49138050822
C-WEU-DNK,Zone_5A Cool Humid,WEU,rur,perm,sfh,1960,p2,50504.12534699516,10995.977229064845
C-WEU-DNK,Zone_5A Cool Humid,WEU,rur,perm,sfh,1965,p2,35584.4109616711,11535.380064407327
C-WEU-DNK,Zone_5A Cool Humid,WEU,rur,perm,sfh,1970,p2,43217.84090405214,14009.90509378713
C-WEU-DNK,Zone_5A Cool Humid,WEU,rur,perm,sfh,1975,p2,41386.958131589694,13416.388774057148
C-WEU-DNK,Zone_5A Cool Humid,WEU,rur,perm,sfh,1980,p2,32244.55852232824,10452.701829593892
C-WEU-DNK,Zone_5A Cool Humid,WEU,rur,perm,sfh,1985,p2,18139.47636810788,4570.544766473005
C-WEU-DNK,Zone_5A Cool Humid,WEU,rur,perm,sfh,1990,p2,27076.115919014574,6822.280720718355
C-WEU-DNK,Zone_5A Cool Humid,WEU,rur,perm,sfh,1995,p3,46211.60589269595,11643.787790617822
C-WEU-DNK,Zone_5A Cool Humid,WEU,rur,perm,sfh,2000,p3,50611.41043815748,12752.392208445395
C-WEU-DNK,Zone_5A Cool Humid,WEU,rur,perm,sfh,2005,p3,50576.664819591395,16353.826567484693
C-WEU-DNK,Zone_5A Cool Humid,WEU,rur,perm,sfh,2010,p3,25515.317717468726,8250.308363633301
C-WEU-DNK,Zone_5A Cool Humid,WEU,rur,perm,sfh,2015,p3,6843.722950124971,3115.2621906459144
C-WEU-DNK,Zone_5A Cool Humid,WEU,rur,perm,sfh,2020,p3,11055.173509436168,3831.323229249155
C-WEU-DNK,Zone_5A Cool Humid,WEU,urb,perm,mfh,1945,p1,718323.3368643877,76165.87891003069
C-WEU-DNK,Zone_5A Cool Humid,WEU,urb,perm,mfh,1960,p2,262285.7510570355,28770.461667120253
C-WEU-DNK,Zone_5A Cool Humid,WEU,urb,perm,mfh,1965,p2,148098.84079697722,20934.66697277192
C-WEU-DNK,Zone_5A Cool Humid,WEU,urb,perm,mfh,1970,p2,179868.43021042182,25425.490605509884
C-WEU-DNK,Zone_5A Cool Humid,WEU,urb,perm,mfh,1975,p2,172248.47504160056,24348.363850511134
C-WEU-DNK,Zone_5A Cool Humid,WEU,urb,perm,mfh,1980,p2,134198.70134455207,18969.79818145895
C-WEU-DNK,Zone_5A Cool Humid,WEU,urb,perm,mfh,1985,p2,72049.86666323229,9882.897507012442
C-WEU-DNK,Zone_5A Cool Humid,WEU,urb,perm,mfh,1990,p2,107546.1138062035,14751.827716658308
C-WEU-DNK,Zone_5A Cool Humid,WEU,urb,perm,mfh,1995,p3,183552.13866837582,25177.381411841096
C-WEU-DNK,Zone_5A Cool Humid,WEU,urb,perm,mfh,2000,p3,201028.13011102728,27574.518842621208
C-WEU-DNK,Zone_5A Cool Humid,WEU,urb,perm,mfh,2005,p3,187128.23065229924,32173.30810339126
C-WEU-DNK,Zone_5A Cool Humid,WEU,urb,perm,mfh,2010,p3,94403.93526239031,16231.045870427935
C-WEU-DNK,Zone_5A Cool Humid,WEU,urb,perm,mfh,2015,p3,46828.76048933049,6896.180394926912
C-WEU-DNK,Zone_5A Cool Humid,WEU,urb,perm,mfh,2020,p3,91474.49661392874,16071.669691693924
C-WEU-DNK,Zone_5A Cool Humid,WEU,urb,perm,sfh,1945,p1,718323.3368643877,76165.87891003069
C-WEU-DNK,Zone_5A Cool Humid,WEU,urb,perm,sfh,1960,p2,262285.7510570355,28770.461667120253
C-WEU-DNK,Zone_5A Cool Humid,WEU,urb,perm,sfh,1965,p2,148098.84079697722,20934.66697277192
C-WEU-DNK,Zone_5A Cool Humid,WEU,urb,perm,sfh,1970,p2,179868.43021042182,25425.490605509884
C-WEU-DNK,Zone_5A Cool Humid,WEU,urb,perm,sfh,1975,p2,172248.47504160056,24348.363850511134
C-WEU-DNK,Zone_5A Cool Humid,WEU,urb,perm,sfh,1980,p2,134198.70134455207,18969.79818145895
C-WEU-DNK,Zone_5A Cool Humid,WEU,urb,perm,sfh,1985,p2,72049.85912120434,9882.8964724916
C-WEU-DNK,Zone_5A Cool Humid,WEU,urb,perm,sfh,1990,p2,107546.1219456298,14751.82883312278
C-WEU-DNK,Zone_5A Cool Humid,WEU,urb,perm,sfh,1995,p3,183552.1393653474,25177.381507442922
C-WEU-DNK,Zone_5A Cool Humid,WEU,urb,perm,sfh,2000,p3,201028.12881665723,27574.51866507577
C-WEU-DNK,Zone_5A Cool Humid,WEU,urb,perm,sfh,2005,p3,187128.22976409976,32173.307950681447
C-WEU-DNK,Zone_5A Cool Humid,WEU,urb,perm,sfh,2010,p3,94403.93615058984,16231.046023137738
C-WEU-DNK,Zone_5A Cool Humid,WEU,urb,perm,sfh,2015,p3,46828.76048933049,6896.180394926912
C-WEU-DNK,Zone_5A Cool Humid,WEU,urb,perm,sfh,2020,p3,91474.49661392874,16071.669691693924
C-WEU-ESP,Zone_2B Hot Dry,WEU,urb,perm,mfh,1945,p1,1189.4274061375563,754.0446388626528
C-WEU-ESP,Zone_2B Hot Dry,WEU,urb,perm,mfh,1960,p2,1831.1895710491094,902.503852463089
C-WEU-ESP,Zone_2B Hot Dry,WEU,urb,perm,mfh,1965,p2,1883.400358061239,726.2939148357677
C-WEU-ESP,Zone_2B Hot Dry,WEU,urb,perm,mfh,1970,p2,2582.853688739278,996.0234471726988
C-WEU-ESP,Zone_2B Hot Dry,WEU,urb,perm,mfh,1975,p2,12744.25769528228,4914.556150297519
C-WEU-ESP,Zone_2B Hot Dry,WEU,urb,perm,mfh,1980,p2,2841.6484221882365,1095.8222176736288
C-WEU-ESP,Zone_2B Hot Dry,WEU,urb,perm,mfh,1985,p2,10264.264891077248,4932.516684849728
C-WEU-ESP,Zone_2B Hot Dry,WEU,urb,perm,mfh,1990,p2,8791.589941302296,4224.819266845657
C-WEU-ESP,Zone_2B Hot Dry,WEU,urb,perm,mfh,1995,p3,12515.613881283014,6014.407748209069
C-WEU-ESP,Zone_2B Hot Dry,WEU,urb,perm,mfh,2000,p3,15506.596655664698,7451.73156976795
C-WEU-ESP,Zone_2B Hot Dry,WEU,urb,perm,mfh,2005,p3,19115.58932979018,4432.969572846236
C-WEU-ESP,Zone_2B Hot Dry,WEU,urb,perm,mfh,2010,p3,18208.114040403663,4222.522995628184
C-WEU-ESP,Zone_2B Hot Dry,WEU,urb,perm,mfh,2015,p3,587.841455833317,181.5688223890239
C-WEU-ESP,Zone_2B Hot Dry,WEU,urb,perm,mfh,2020,p3,287.5771150839212,142.05090222200042
C-WEU-ESP,Zone_2B Hot Dry,WEU,urb,perm,sfh,1945,p1,1189.4274061375563,754.0446388626528
C-WEU-ESP,Zone_2B Hot Dry,WEU,urb,perm,sfh,1960,p2,1831.1895710491094,902.503852463089
C-WEU-ESP,Zone_2B Hot Dry,WEU,urb,perm,sfh,1965,p2,1883.4003504999778,726.2939119199241
C-WEU-ESP,Zone_2B Hot Dry,WEU,urb,perm,sfh,1970,p2,2582.8536911377055,996.0234480976022
C-WEU-ESP,Zone_2B Hot Dry,WEU,urb,perm,sfh,1975,p2,12744.257697806368,4914.556151270879
C-WEU-ESP,Zone_2B Hot Dry,WEU,urb,perm,sfh,1980,p2,2841.648424826983,1095.8222186912055
C-WEU-ESP,Zone_2B Hot Dry,WEU,urb,perm,sfh,1985,p2,10264.264902934776,4932.516690547891
C-WEU-ESP,Zone_2B Hot Dry,WEU,urb,perm,sfh,1990,p2,8791.590161312079,4224.819372571879
C-WEU-ESP,Zone_2B Hot Dry,WEU,urb,perm,sfh,1995,p3,12515.613746809191,6014.407683587357
C-WEU-ESP,Zone_2B Hot Dry,WEU,urb,perm,sfh,2000,p3,15506.596558271212,7451.731522965281
C-WEU-ESP,Zone_2B Hot Dry,WEU,urb,perm,sfh,2005,p3,19115.58932979018,4432.969572846236
C-WEU-ESP,Zone_2B Hot Dry,WEU,urb,perm,sfh,2010,p3,18208.114040403663,4222.522995628184
C-WEU-ESP,Zone_2B Hot Dry,WEU,urb,perm,sfh,2015,p3,587.841455833317,181.5688223890239
C-WEU-ESP,Zone_2B Hot Dry,WEU,urb,perm,sfh,2020,p3,287.5771150839212,142.05090222200042
C-WEU-ESP,Zone_3A Warm Humid,WEU,rur,perm,mfh,1945,p1,569.8514173998042,416.36689132266196
C-WEU-ESP,Zone_3A Warm Humid,WEU,rur,perm,mfh,1960,p2,602.9462365591398,333.29612468407737
C-WEU-ESP,Zone_3A Warm Humid,WEU,rur,perm,mfh,1965,p2,181.26049168843556,77.07275180341836
C-WEU-ESP,Zone_3A Warm Humid,WEU,rur,perm,mfh,1970,p2,248.5766407577234,105.69587205014659
C-WEU-ESP,Zone_3A Warm Humid,WEU,rur,perm,mfh,1975,p2,1226.5211831498486,521.5221576968422
C-WEU-ESP,Zone_3A Warm Humid,WEU,rur,perm,mfh,1980,p2,273.48332663273055,116.28630353805036
C-WEU-ESP,Zone_3A Warm Humid,WEU,rur,perm,mfh,1985,p2,523.1271560272864,300.82970653473603
C-WEU-ESP,Zone_3A Warm Humid,WEU,rur,perm,mfh,1990,p2,448.0710016412447,257.66788509719464
C-WEU-ESP,Zone_3A Warm Humid,WEU,rur,perm,mfh,1995,p3,637.8691024082127,366.81325500721874
C-WEU-ESP,Zone_3A Warm Humid,WEU,rur,perm,mfh,2000,p3,790.3071289750628,454.4743260651466
C-WEU-ESP,Zone_3A Warm Humid,WEU,rur,perm,mfh,2005,p3,771.2130501858626,517.8069417850156
C-WEU-ESP,Zone_3A Warm Humid,WEU,rur,perm,mfh,2010,p3,734.6012215638921,493.2250716943437
C-WEU-ESP,Zone_3A Warm Humid,WEU,rur,perm,mfh,2015,p3,134.4477028347994,42.54844144903115
C-WEU-ESP,Zone_3A Warm Humid,WEU,rur,perm,mfh,2020,p3,7.239491691104222,7.091406908171859
C-WEU-ESP,Zone_3A Warm Humid,WEU,rur,perm,sfh,1945,p1,569.8514173998042,416.36689132266196
C-WEU-ESP,Zone_3A Warm Humid,WEU,rur,perm,sfh,1960,p2,602.9462365591398,333.29612468407737
C-WEU-ESP,Zone_3A Warm Humid,WEU,rur,perm,sfh,1965,p2,181.26049168843556,77.07275180341836
C-WEU-ESP,Zone_3A Warm Humid,WEU,rur,perm,sfh,1970,p2,248.5766407577234,105.69587205014659
C-WEU-ESP,Zone_3A Warm Humid,WEU,rur,perm,sfh,1975,p2,1226.5211831498486,521.5221576968422
C-WEU-ESP,Zone_3A Warm Humid,WEU,rur,perm,sfh,1980,p2,273.48332663273055,116.28630353805036
C-WEU-ESP,Zone_3A Warm Humid,WEU,rur,perm,sfh,1985,p2,523.1271545619358,300.82970569207066
C-WEU-ESP,Zone_3A Warm Humid,WEU,rur,perm,sfh,1990,p2,448.07100886401395,257.66788925072274
C-WEU-ESP,Zone_3A Warm Humid,WEU,rur,perm,sfh,1995,p3,637.8690998678578,366.8132535463611
C-WEU-ESP,Zone_3A Warm Humid,WEU,rur,perm,sfh,2000,p3,790.3071257580002,454.4743242151412
C-WEU-ESP,Zone_3A Warm Humid,WEU,rur,perm,sfh,2005,p3,771.2130541776658,517.8069444651874
C-WEU-ESP,Zone_3A Warm Humid,WEU,rur,perm,sfh,2010,p3,734.6012175720889,493.22506901417205
C-WEU-ESP,Zone_3A Warm Humid,WEU,rur,perm,sfh,2015,p3,134.4477028347994,42.54844144903115
C-WEU-ESP,Zone_3A Warm Humid,WEU,rur,perm,sfh,2020,p3,7.239491691104222,7.091406908171859
C-WEU-ESP,Zone_3A Warm Humid,WEU,urb,perm,mfh,1945,p1,1048508.2511141176,689337.6928749976
C-WEU-ESP,Zone_3A Warm Humid,WEU,urb,perm,mfh,1960,p2,904530.6041555323,359360.88313296787
C-WEU-ESP,Zone_3A Warm Humid,WEU,urb,perm,mfh,1965,p2,801770.3599309023,238134.55786807212
C-WEU-ESP,Zone_3A Warm Humid,WEU,urb,perm,mfh,1970,p2,1099530.1892555242,326572.4808080049
C-WEU-ESP,Zone_3A Warm Humid,WEU,urb,perm,mfh,1975,p2,5425276.745730418,1611366.475642461
C-WEU-ESP,Zone_3A Warm Humid,WEU,urb,perm,mfh,1980,p2,1209700.0465293054,359294.13224762847
C-WEU-ESP,Zone_3A Warm Humid,WEU,urb,perm,mfh,1985,p2,1380502.2846579317,511304.9155475408
C-WEU-ESP,Zone_3A Warm Humid,WEU,urb,perm,mfh,1990,p2,1182433.4376983524,437944.9680901844
C-WEU-ESP,Zone_3A Warm Humid,WEU,urb,perm,mfh,1995,p3,1683299.6395647079,623453.7889679065
C-WEU-ESP,Zone_3A Warm Humid,WEU,urb,perm,mfh,2000,p3,2085574.7681250493,772446.8423813513
C-WEU-ESP,Zone_3A Warm Humid,WEU,urb,perm,mfh,2005,p3,2455781.3080524686,996748.8109972121
C-WEU-ESP,Zone_3A Warm Humid,WEU,urb,perm,mfh,2010,p3,2339197.901739794,949430.1139930729
C-WEU-ESP,Zone_3A Warm Humid,WEU,urb,perm,mfh,2015,p3,203170.5525575741,91586.87531291152
C-WEU-ESP,Zone_3A Warm Humid,WEU,urb,perm,mfh,2020,p3,108823.25153054306,83169.00540740321
C-WEU-ESP,Zone_3A Warm Humid,WEU,urb,perm,sfh,1945,p1,1048508.2511141176,689337.6928749976
C-WEU-ESP,Zone_3A Warm Humid,WEU,urb,perm,sfh,1960,p2,904530.6041555323,359360.88313296787
C-WEU-ESP,Zone_3A Warm Humid,WEU,urb,perm,sfh,1965,p2,801770.3599309023,238134.55786807212
C-WEU-ESP,Zone_3A Warm Humid,WEU,urb,perm,sfh,1970,p2,1099530.1892555242,326572.4808080049
C-WEU-ESP,Zone_3A Warm Humid,WEU,urb,perm,sfh,1975,p2,5425276.745730418,1611366.475642461
C-WEU-ESP,Zone_3A Warm Humid,WEU,urb,perm,sfh,1980,p2,1209700.0465293054,359294.13224762847
C-WEU-ESP,Zone_3A Warm Humid,WEU,urb,perm,sfh,1985,p2,1380502.2807909555,511304.91411530576
C-WEU-ESP,Zone_3A Warm Humid,WEU,urb,perm,sfh,1990,p2,1182433.4567588214,437944.9751497245
C-WEU-ESP,Zone_3A Warm Humid,WEU,urb,perm,sfh,1995,p3,1683299.6328608575,623453.7864849613
C-WEU-ESP,Zone_3A Warm Humid,WEU,urb,perm,sfh,2000,p3,2085574.7596354072,772446.8392369916
C-WEU-ESP,Zone_3A Warm Humid,WEU,urb,perm,sfh,2005,p3,2455781.320763606,996748.8161563894
C-WEU-ESP,Zone_3A Warm Humid,WEU,urb,perm,sfh,2010,p3,2339197.889028656,949430.1088338954
C-WEU-ESP,Zone_3A Warm Humid,WEU,urb,perm,sfh,2015,p3,203170.5525575741,91586.87531291152
C-WEU-ESP,Zone_3A Warm Humid,WEU,urb,perm,sfh,2020,p3,108823.25153054306,83169.00540740321
C-WEU-ESP,Zone_3B Warm Dry,WEU,rur,perm,mfh,1945,p1,1004.0489519593802,926.0147338403041
C-WEU-ESP,Zone_3B Warm Dry,WEU,rur,perm,mfh,1960,p2,1177.8492383804194,930.1425855513307
C-WEU-ESP,Zone_3B Warm Dry,WEU,rur,perm,mfh,1965,p2,331.55778452704686,253.56150215018164
C-WEU-ESP,Zone_3B Warm Dry,WEU,rur,perm,mfh,1970,p2,454.6910334794409,347.7286519685404
C-WEU-ESP,Zone_3B Warm Dry,WEU,rur,perm,mfh,1975,p2,2243.5261119100287,1715.7547721599594
C-WEU-ESP,Zone_3B Warm Dry,WEU,rur,perm,mfh,1980,p2,500.2498064459346,382.5700927327247
C-WEU-ESP,Zone_3B Warm Dry,WEU,rur,perm,mfh,1985,p2,1325.745229774528,686.3855109238207
C-WEU-ESP,Zone_3B Warm Dry,WEU,rur,perm,mfh,1990,p2,1135.5326622653752,587.905691874345
C-WEU-ESP,Zone_3B Warm Dry,WEU,rur,perm,mfh,1995,p3,1616.5321851724625,836.9362717096902
C-WEU-ESP,Zone_3B Warm Dry,WEU,rur,perm,mfh,2000,p3,2002.8512950047902,1036.9474304351083
C-WEU-ESP,Zone_3B Warm Dry,WEU,rur,perm,mfh,2005,p3,1899.345004018819,889.3345161497598
C-WEU-ESP,Zone_3B Warm Dry,WEU,rur,perm,mfh,2010,p3,1809.1773238030773,847.1151036221029
C-WEU-ESP,Zone_3B Warm Dry,WEU,rur,perm,mfh,2015,p3,151.48808748860813,129.33935361216675
C-WEU-ESP,Zone_3B Warm Dry,WEU,rur,perm,mfh,2020,p3,27.009503970836352,12.383555133079401
C-WEU-ESP,Zone_3B Warm Dry,WEU,rur,perm,sfh,1945,p1,1004.0489519593802,926.0147338403041
C-WEU-ESP,Zone_3B Warm Dry,WEU,rur,perm,sfh,1960,p2,1177.8492383804194,930.1425855513307
C-WEU-ESP,Zone_3B Warm Dry,WEU,rur,perm,sfh,1965,p2,331.55778452704686,253.56150215018164
C-WEU-ESP,Zone_3B Warm Dry,WEU,rur,perm,sfh,1970,p2,454.6910334794409,347.7286519685404
C-WEU-ESP,Zone_3B Warm Dry,WEU,rur,perm,sfh,1975,p2,2243.5261119100287,1715.7547721599594
C-WEU-ESP,Zone_3B Warm Dry,WEU,rur,perm,sfh,1980,p2,500.2498064459346,382.5700927327247
C-WEU-ESP,Zone_3B Warm Dry,WEU,rur,perm,sfh,1985,p2,1325.7451832119605,686.3854868167207
C-WEU-ESP,Zone_3B Warm Dry,WEU,rur,perm,sfh,1990,p2,1135.5327019943052,587.9057124434266
C-WEU-ESP,Zone_3B Warm Dry,WEU,rur,perm,sfh,1995,p3,1616.5322215834913,836.9362905609767
C-WEU-ESP,Zone_3B Warm Dry,WEU,rur,perm,sfh,2000,p3,2002.8512654273993,1036.9474151218396
C-WEU-ESP,Zone_3B Warm Dry,WEU,rur,perm,sfh,2005,p3,1899.3450152402943,889.3345214040158
C-WEU-ESP,Zone_3B Warm Dry,WEU,rur,perm,sfh,2010,p3,1809.177312581602,847.1150983678469
C-WEU-ESP,Zone_3B Warm Dry,WEU,rur,perm,sfh,2015,p3,151.48808748860813,129.33935361216675
C-WEU-ESP,Zone_3B Warm Dry,WEU,rur,perm,sfh,2020,p3,27.009503970836352,12.383555133079401
C-WEU-ESP,Zone_3B Warm Dry,WEU,urb,perm,mfh,1945,p1,106870.94252206618,101470.77419607161
C-WEU-ESP,Zone_3B Warm Dry,WEU,urb,perm,mfh,1960,p2,105680.05301930562,53875.708031708804
C-WEU-ESP,Zone_3B Warm Dry,WEU,urb,perm,mfh,1965,p2,89425.65083215834,32983.60818355695
C-WEU-ESP,Zone_3B Warm Dry,WEU,urb,perm,mfh,1970,p2,122636.36534562761,45232.99283790176
C-WEU-ESP,Zone_3B Warm Dry,WEU,urb,perm,mfh,1975,p2,605109.5527818318,223187.60010529298
C-WEU-ESP,Zone_3B Warm Dry,WEU,urb,perm,mfh,1980,p2,134924.18699775616,49765.21252019328
C-WEU-ESP,Zone_3B Warm Dry,WEU,urb,perm,mfh,1985,p2,208897.79998984034,76556.97385699293
C-WEU-ESP,Zone_3B Warm Dry,WEU,urb,perm,mfh,1990,p2,178925.98791714,65572.88865644022
C-WEU-ESP,Zone_3B Warm Dry,WEU,urb,perm,mfh,1995,p3,254717.1277793155,93348.86481943692
C-WEU-ESP,Zone_3B Warm Dry,WEU,urb,perm,mfh,2000,p3,315589.4660880355,115657.39086777902
C-WEU-ESP,Zone_3B Warm Dry,WEU,urb,perm,mfh,2005,p3,435886.7724199344,210799.30931031966
C-WEU-ESP,Zone_3B Warm Dry,WEU,urb,perm,mfh,2010,p3,415193.9024975812,200792.0253932983
C-WEU-ESP,Zone_3B Warm Dry,WEU,urb,perm,mfh,2015,p3,25161.356005066194,15035.504549079677
C-WEU-ESP,Zone_3B Warm Dry,WEU,urb,perm,mfh,2020,p3,10303.24212895064,9034.579947533553
C-WEU-ESP,Zone_3B Warm Dry,WEU,urb,perm,sfh,1945,p1,106870.94252206618,101470.77419607161
C-WEU-ESP,Zone_3B Warm Dry,WEU,urb,perm,sfh,1960,p2,105680.05301930562,53875.708031708804
C-WEU-ESP,Zone_3B Warm Dry,WEU,urb,perm,sfh,1965,p2,89425.65083215834,32983.60818355695
C-WEU-ESP,Zone_3B Warm Dry,WEU,urb,perm,sfh,1970,p2,122636.36534562761,45232.99283790176
C-WEU-ESP,Zone_3B Warm Dry,WEU,urb,perm,sfh,1975,p2,605109.5527818318,223187.60010529298
C-WEU-ESP,Zone_3B Warm Dry,WEU,urb,perm,sfh,1980,p2,134924.18699775616,49765.21252019328
C-WEU-ESP,Zone_3B Warm Dry,WEU,urb,perm,sfh,1985,p2,208897.7926529721,76556.97116817367
C-WEU-ESP,Zone_3B Warm Dry,WEU,urb,perm,sfh,1990,p2,178925.9941772312,65572.89095064168
C-WEU-ESP,Zone_3B Warm Dry,WEU,urb,perm,sfh,1995,p3,254717.1335166047,93348.86692204166
C-WEU-ESP,Zone_3B Warm Dry,WEU,urb,perm,sfh,2000,p3,315589.4614275232,115657.38915979204
C-WEU-ESP,Zone_3B Warm Dry,WEU,urb,perm,sfh,2005,p3,435886.77499518666,210799.31055573805
C-WEU-ESP,Zone_3B Warm Dry,WEU,urb,perm,sfh,2010,p3,415193.8999223289,200792.02414787989
C-WEU-ESP,Zone_3B Warm Dry,WEU,urb,perm,sfh,2015,p3,25161.356005066194,15035.504549079677
C-WEU-ESP,Zone_3B Warm Dry,WEU,urb,perm,sfh,2020,p3,10303.24212895064,9034.579947533553
C-WEU-ESP,Zone_3C Warm Marine,WEU,urb,perm,mfh,1945,p1,81300.38568090559,63644.161699949385
C-WEU-ESP,Zone_3C Warm Marine,WEU,urb,perm,mfh,1960,p2,56591.177753473006,26559.27720046015
C-WEU-ESP,Zone_3C Warm Marine,WEU,urb,perm,mfh,1965,p2,42452.76129178426,16600.773709893103
C-WEU-ESP,Zone_3C Warm Marine,WEU,urb,perm,mfh,1970,p2,58218.77913756124,22765.934387310146
C-WEU-ESP,Zone_3C Warm Marine,WEU,urb,perm,mfh,1975,p2,287261.7713092541,112331.1538731611
C-WEU-ESP,Zone_3C Warm Marine,WEU,urb,perm,mfh,1980,p2,64052.13837673026,25047.017495953536
C-WEU-ESP,Zone_3C Warm Marine,WEU,urb,perm,mfh,1985,p2,113730.33563392275,41374.68970465933
C-WEU-ESP,Zone_3C Warm Marine,WEU,urb,perm,mfh,1990,p2,97412.76644930909,35438.416343778394
C-WEU-ESP,Zone_3C Warm Marine,WEU,urb,perm,mfh,1995,p3,138675.78582499473,50449.755345200545
C-WEU-ESP,Zone_3C Warm Marine,WEU,urb,perm,mfh,2000,p3,171816.52929601804,62506.23939628881
C-WEU-ESP,Zone_3C Warm Marine,WEU,urb,perm,mfh,2005,p3,193422.26125999962,77701.06857207694
C-WEU-ESP,Zone_3C Warm Marine,WEU,urb,perm,mfh,2010,p3,184239.91612204723,74012.36167469734
C-WEU-ESP,Zone_3C Warm Marine,WEU,urb,perm,mfh,2015,p3,13176.235836345657,9119.062046378756
C-WEU-ESP,Zone_3C Warm Marine,WEU,urb,perm,mfh,2020,p3,3661.6783784646723,3622.793801701904
C-WEU-ESP,Zone_3C Warm Marine,WEU,urb,perm,sfh,1945,p1,81300.38568090559,63644.161699949385
C-WEU-ESP,Zone_3C Warm Marine,WEU,urb,perm,sfh,1960,p2,56591.177753473006,26559.27720046015
C-WEU-ESP,Zone_3C Warm Marine,WEU,urb,perm,sfh,1965,p2,42452.76129178426,16600.773709893103
C-WEU-ESP,Zone_3C Warm Marine,WEU,urb,perm,sfh,1970,p2,58218.77913756124,22765.934387310146
C-WEU-ESP,Zone_3C Warm Marine,WEU,urb,perm,sfh,1975,p2,287261.7713092541,112331.1538731611
C-WEU-ESP,Zone_3C Warm Marine,WEU,urb,perm,sfh,1980,p2,64052.13837673026,25047.017495953536
C-WEU-ESP,Zone_3C Warm Marine,WEU,urb,perm,sfh,1985,p2,113730.33476161088,41374.68938731536
C-WEU-ESP,Zone_3C Warm Marine,WEU,urb,perm,sfh,1990,p2,97412.77124109401,35438.41808701263
C-WEU-ESP,Zone_3C Warm Marine,WEU,urb,perm,sfh,1995,p3,138675.77845585294,50449.75266433309
C-WEU-ESP,Zone_3C Warm Marine,WEU,urb,perm,sfh,2000,p3,171816.5327456868,62506.24065126598
C-WEU-ESP,Zone_3C Warm Marine,WEU,urb,perm,sfh,2005,p3,193422.26011724607,77701.06811301308
C-WEU-ESP,Zone_3C Warm Marine,WEU,urb,perm,sfh,2010,p3,184239.9172648007,74012.36213376118
C-WEU-ESP,Zone_3C Warm Marine,WEU,urb,perm,sfh,2015,p3,13176.235836345657,9119.062046378756
C-WEU-ESP,Zone_3C Warm Marine,WEU,urb,perm,sfh,2020,p3,3661.6783784646723,3622.793801701904
C-WEU-ESP,Zone_4A Mixed Humid,WEU,rur,perm,mfh,1945,p1,31191.415793537693,71029.97496226791
C-WEU-ESP,Zone_4A Mixed Humid,WEU,rur,perm,mfh,1960,p2,8192.673610437512,10641.81446382426
C-WEU-ESP,Zone_4A Mixed Humid,WEU,rur,perm,mfh,1965,p2,5336.2341220247745,4266.528289313201
C-WEU-ESP,Zone_4A Mixed Humid,WEU,rur,perm,mfh,1970,p2,7317.9937889040175,5851.02280136283
C-WEU-ESP,Zone_4A Mixed Humid,WEU,rur,perm,mfh,1975,p2,36108.277804743455,28869.98306473535
C-WEU-ESP,Zone_4A Mixed Humid,WEU,rur,perm,mfh,1980,p2,8051.236349346909,6437.278961703669
C-WEU-ESP,Zone_4A Mixed Humid,WEU,rur,perm,mfh,1985,p2,15803.407708919829,10903.150688973546
C-WEU-ESP,Zone_4A Mixed Humid,WEU,rur,perm,mfh,1990,p2,13535.998643198229,9338.810695191454
C-WEU-ESP,Zone_4A Mixed Humid,WEU,rur,perm,mfh,1995,p3,19269.703973523745,13294.631767087541
C-WEU-ESP,Zone_4A Mixed Humid,WEU,rur,perm,mfh,2000,p3,23874.77983242269,16471.784248915228
C-WEU-ESP,Zone_4A Mixed Humid,WEU,rur,perm,mfh,2005,p3,23179.729237753134,17930.79349444848
C-WEU-ESP,Zone_4A Mixed Humid,WEU,rur,perm,mfh,2010,p3,22079.316754337295,17079.56400869995
C-WEU-ESP,Zone_4A Mixed Humid,WEU,rur,perm,mfh,2015,p3,2455.586825330583,2981.9102066976575
C-WEU-ESP,Zone_4A Mixed Humid,WEU,rur,perm,mfh,2020,p3,536.9846631070942,697.5263569944702
C-WEU-ESP,Zone_4A Mixed Humid,WEU,rur,perm,sfh,1945,p1,31191.415793537693,71029.97496226791
C-WEU-ESP,Zone_4A Mixed Humid,WEU,rur,perm,sfh,1960,p2,8192.673610437512,10641.81446382426
C-WEU-ESP,Zone_4A Mixed Humid,WEU,rur,perm,sfh,1965,p2,5336.2341220247745,4266.528289313201
C-WEU-ESP,Zone_4A Mixed Humid,WEU,rur,perm,sfh,1970,p2,7317.9937889040175,5851.02280136283
C-WEU-ESP,Zone_4A Mixed Humid,WEU,rur,perm,sfh,1975,p2,36108.277804743455,28869.98306473535
C-WEU-ESP,Zone_4A Mixed Humid,WEU,rur,perm,sfh,1980,p2,8051.236349346909,6437.278961703669
C-WEU-ESP,Zone_4A Mixed Humid,WEU,rur,perm,sfh,1985,p2,15803.407497798977,10903.150543316196
C-WEU-ESP,Zone_4A Mixed Humid,WEU,rur,perm,sfh,1990,p2,13535.9991911671,9338.81107324835
C-WEU-ESP,Zone_4A Mixed Humid,WEU,rur,perm,sfh,1995,p3,19269.703794878234,13294.631643835706
C-WEU-ESP,Zone_4A Mixed Humid,WEU,rur,perm,sfh,2000,p3,23874.77967422018,16471.784139767515
C-WEU-ESP,Zone_4A Mixed Humid,WEU,rur,perm,sfh,2005,p3,23179.729229268538,17930.793487885174
C-WEU-ESP,Zone_4A Mixed Humid,WEU,rur,perm,sfh,2010,p3,22079.316762821894,17079.56401526325
C-WEU-ESP,Zone_4A Mixed Humid,WEU,rur,perm,sfh,2015,p3,2455.586825330583,2981.9102066976575
C-WEU-ESP,Zone_4A Mixed Humid,WEU,rur,perm,sfh,2020,p3,536.9846631070942,697.5263569944702
C-WEU-ESP,Zone_4A Mixed Humid,WEU,urb,perm,mfh,1945,p1,210768.3904058711,240550.7307094719
C-WEU-ESP,Zone_4A Mixed Humid,WEU,urb,perm,mfh,1960,p2,158482.2312243757,72002.49034776475
C-WEU-ESP,Zone_4A Mixed Humid,WEU,urb,perm,mfh,1965,p2,116139.59967519995,35493.78571133906
C-WEU-ESP,Zone_4A Mixed Humid,WEU,urb,perm,mfh,1970,p2,159271.28563587545,48675.394939701924
C-WEU-ESP,Zone_4A Mixed Humid,WEU,urb,perm,mfh,1975,p2,785872.7397089164,240173.02192894946
C-WEU-ESP,Zone_4A Mixed Humid,WEU,urb,perm,mfh,1980,p2,175229.8240896461,53552.53370829073
C-WEU-ESP,Zone_4A Mixed Humid,WEU,urb,perm,mfh,1985,p2,192042.67818863428,81800.86009086794
C-WEU-ESP,Zone_4A Mixed Humid,WEU,urb,perm,mfh,1990,p2,164489.17089763453,70064.40329812377
C-WEU-ESP,Zone_4A Mixed Humid,WEU,urb,perm,mfh,1995,p3,234165.0375120651,99742.940748214
C-WEU-ESP,Zone_4A Mixed Humid,WEU,urb,perm,mfh,2000,p3,290125.8225208336,123579.51909764227
C-WEU-ESP,Zone_4A Mixed Humid,WEU,urb,perm,mfh,2005,p3,387636.05961605615,167902.7648116214
C-WEU-ESP,Zone_4A Mixed Humid,WEU,urb,perm,mfh,2010,p3,369233.79293518,159931.90818496954
C-WEU-ESP,Zone_4A Mixed Humid,WEU,urb,perm,mfh,2015,p3,45709.693092597794,19740.14693836568
C-WEU-ESP,Zone_4A Mixed Humid,WEU,urb,perm,mfh,2020,p3,17353.67988713349,13155.065744537142
C-WEU-ESP,Zone_4A Mixed Humid,WEU,urb,perm,sfh,1945,p1,210768.3904058711,240550.7307094719
C-WEU-ESP,Zone_4A Mixed Humid,WEU,urb,perm,sfh,1960,p2,158482.2312243757,72002.49034776475
C-WEU-ESP,Zone_4A Mixed Humid,WEU,urb,perm,sfh,1965,p2,116139.59967519995,35493.78571133906
C-WEU-ESP,Zone_4A Mixed Humid,WEU,urb,perm,sfh,1970,p2,159271.28563587545,48675.394939701924
C-WEU-ESP,Zone_4A Mixed Humid,WEU,urb,perm,sfh,1975,p2,785872.7397089164,240173.02192894946
C-WEU-ESP,Zone_4A Mixed Humid,WEU,urb,perm,sfh,1980,p2,175229.8240896461,53552.53370829073
C-WEU-ESP,Zone_4A Mixed Humid,WEU,urb,perm,sfh,1985,p2,192042.6756230982,81800.85899807408
C-WEU-ESP,Zone_4A Mixed Humid,WEU,urb,perm,sfh,1990,p2,164489.17755654076,70064.40613449465
C-WEU-ESP,Zone_4A Mixed Humid,WEU,urb,perm,sfh,1995,p3,234165.0353411686,99742.93982351747
C-WEU-ESP,Zone_4A Mixed Humid,WEU,urb,perm,sfh,2000,p3,290125.82059836,123579.5182787618
C-WEU-ESP,Zone_4A Mixed Humid,WEU,urb,perm,sfh,2005,p3,387636.0594741677,167902.76475016307
C-WEU-ESP,Zone_4A Mixed Humid,WEU,urb,perm,sfh,2010,p3,369233.7930770685,159931.90824642786
C-WEU-ESP,Zone_4A Mixed Humid,WEU,urb,perm,sfh,2015,p3,45709.693092597794,19740.14693836568
C-WEU-ESP,Zone_4A Mixed Humid,WEU,urb,perm,sfh,2020,p3,17353.67988713349,13155.065744537142
C-WEU-ESP,Zone_4C Mixed Marine,WEU,rur,perm,mfh,1945,p1,74374.61114327284,150908.89321207575
C-WEU-ESP,Zone_4C Mixed Marine,WEU,rur,perm,mfh,1960,p2,24521.78733108738,34328.158856452996
C-WEU-ESP,Zone_4C Mixed Marine,WEU,rur,perm,mfh,1965,p2,17334.61714465017,15393.885322579787
C-WEU-ESP,Zone_4C Mixed Marine,WEU,rur,perm,mfh,1970,p2,23772.31106457801,21110.834310739185
C-WEU-ESP,Zone_4C Mixed Marine,WEU,rur,perm,mfh,1975,p2,117296.79470587599,104164.59684924173
C-WEU-ESP,Zone_4C Mixed Marine,WEU,rur,perm,mfh,1980,p2,26154.230308492337,23226.081009439957
C-WEU-ESP,Zone_4C Mixed Marine,WEU,rur,perm,mfh,1985,p2,56002.76515494411,41028.060950968254
C-WEU-ESP,Zone_4C Mixed Marine,WEU,rur,perm,mfh,1990,p2,47967.72119433244,35141.525304958624
C-WEU-ESP,Zone_4C Mixed Marine,WEU,rur,perm,mfh,1995,p3,68286.3341313575,50027.099038915585
C-WEU-ESP,Zone_4C Mixed Marine,WEU,rur,perm,mfh,2000,p3,84605.41263937888,61982.582769733286
C-WEU-ESP,Zone_4C Mixed Marine,WEU,rur,perm,mfh,2005,p3,74528.00635951792,62708.98150991312
C-WEU-ESP,Zone_4C Mixed Marine,WEU,rur,perm,mfh,2010,p3,70989.93416728333,59731.994541909466
C-WEU-ESP,Zone_4C Mixed Marine,WEU,rur,perm,mfh,2015,p3,7934.345912309002,10586.740631037293
C-WEU-ESP,Zone_4C Mixed Marine,WEU,rur,perm,mfh,2020,p3,1639.1921781251963,2826.3864962342086
C-WEU-ESP,Zone_4C Mixed Marine,WEU,rur,perm,sfh,1945,p1,74374.61114327284,150908.89321207575
C-WEU-ESP,Zone_4C Mixed Marine,WEU,rur,perm,sfh,1960,p2,24521.78733108738,34328.158856452996
C-WEU-ESP,Zone_4C Mixed Marine,WEU,rur,perm,sfh,1965,p2,17334.616796684964,15393.885013571713
C-WEU-ESP,Zone_4C Mixed Marine,WEU,rur,perm,sfh,1970,p2,23772.311174952396,21110.83440875638
C-WEU-ESP,Zone_4C Mixed Marine,WEU,rur,perm,sfh,1975,p2,117296.79482203326,104164.59695239436
C-WEU-ESP,Zone_4C Mixed Marine,WEU,rur,perm,sfh,1980,p2,26154.230429925934,23226.081117278198
C-WEU-ESP,Zone_4C Mixed Marine,WEU,rur,perm,sfh,1985,p2,56002.76877990617,41028.06360664362
C-WEU-ESP,Zone_4C Mixed Marine,WEU,rur,perm,sfh,1990,p2,47967.72044342376,35141.52475483709
C-WEU-ESP,Zone_4C Mixed Marine,WEU,rur,perm,sfh,1995,p3,68286.3334584732,50027.09854595533
C-WEU-ESP,Zone_4C Mixed Marine,WEU,rur,perm,sfh,2000,p3,84605.41043820983,61982.581157139735
C-WEU-ESP,Zone_4C Mixed Marine,WEU,rur,perm,sfh,2005,p3,74528.00600104044,62708.981208284786
C-WEU-ESP,Zone_4C Mixed Marine,WEU,rur,perm,sfh,2010,p3,70989.93452576082,59731.99484353779
C-WEU-ESP,Zone_4C Mixed Marine,WEU,rur,perm,sfh,2015,p3,7934.345912309002,10586.740631037293
C-WEU-ESP,Zone_4C Mixed Marine,WEU,rur,perm,sfh,2020,p3,1639.1921781251963,2826.3864962342086
C-WEU-ESP,Zone_4C Mixed Marine,WEU,urb,perm,mfh,1945,p1,174558.32369812555,245543.25881315675
C-WEU-ESP,Zone_4C Mixed Marine,WEU,urb,perm,mfh,1960,p2,110386.06184001884,79673.82849899285
C-WEU-ESP,Zone_4C Mixed Marine,WEU,urb,perm,mfh,1965,p2,80951.72849961654,32474.000718164523
C-WEU-ESP,Zone_4C Mixed Marine,WEU,urb,perm,mfh,1970,p2,111015.41239992503,44534.127298091866
C-WEU-ESP,Zone_4C Mixed Marine,WEU,urb,perm,mfh,1975,p2,547769.7141892634,219739.2745240168
C-WEU-ESP,Zone_4C Mixed Marine,WEU,urb,perm,mfh,1980,p2,122138.84698935712,48996.322603129556
C-WEU-ESP,Zone_4C Mixed Marine,WEU,urb,perm,mfh,1985,p2,177780.06843739643,65542.8518691798
C-WEU-ESP,Zone_4C Mixed Marine,WEU,urb,perm,mfh,1990,p2,152272.92318728517,56139.03592159841
C-WEU-ESP,Zone_4C Mixed Marine,WEU,urb,perm,mfh,1995,p3,216774.10252196988,79918.93025778128
C-WEU-ESP,Zone_4C Mixed Marine,WEU,urb,perm,mfh,2000,p3,268578.81048530806,99017.96835587305
C-WEU-ESP,Zone_4C Mixed Marine,WEU,urb,perm,mfh,2005,p3,291686.50871692103,127419.01103319979
C-WEU-ESP,Zone_4C Mixed Marine,WEU,urb,perm,mfh,2010,p3,277839.25886076625,121370.0412335263
C-WEU-ESP,Zone_4C Mixed Marine,WEU,urb,perm,mfh,2015,p3,27109.35372936277,16062.566644668368
C-WEU-ESP,Zone_4C Mixed Marine,WEU,urb,perm,mfh,2020,p3,7318.573588587608,5862.564135900902
C-WEU-ESP,Zone_4C Mixed Marine,WEU,urb,perm,sfh,1945,p1,174558.32369812555,245543.25881315675
C-WEU-ESP,Zone_4C Mixed Marine,WEU,urb,perm,sfh,1960,p2,110386.06184001884,79673.82849899285
C-WEU-ESP,Zone_4C Mixed Marine,WEU,urb,perm,sfh,1965,p2,80951.72687463775,32474.000066299926
C-WEU-ESP,Zone_4C Mixed Marine,WEU,urb,perm,sfh,1970,p2,111015.41291536746,44534.12750486297
C-WEU-ESP,Zone_4C Mixed Marine,WEU,urb,perm,sfh,1975,p2,547769.7147317115,219739.27474162128
C-WEU-ESP,Zone_4C Mixed Marine,WEU,urb,perm,sfh,1980,p2,122138.84755644541,48996.32283061852
C-WEU-ESP,Zone_4C Mixed Marine,WEU,urb,perm,sfh,1985,p2,177780.07994479255,65542.85611165517
C-WEU-ESP,Zone_4C Mixed Marine,WEU,urb,perm,sfh,1990,p2,152272.9208035351,56139.03504277223
C-WEU-ESP,Zone_4C Mixed Marine,WEU,urb,perm,sfh,1995,p3,216774.10038590725,79918.92947027097
C-WEU-ESP,Zone_4C Mixed Marine,WEU,urb,perm,sfh,2000,p3,268578.8034977248,99017.96577973422
C-WEU-ESP,Zone_4C Mixed Marine,WEU,urb,perm,sfh,2005,p3,291686.50731391757,127419.01042031814
C-WEU-ESP,Zone_4C Mixed Marine,WEU,urb,perm,sfh,2010,p3,277839.26026376965,121370.04184640794
C-WEU-ESP,Zone_4C Mixed Marine,WEU,urb,perm,sfh,2015,p3,27109.35372936277,16062.566644668368
C-WEU-ESP,Zone_4C Mixed Marine,WEU,urb,perm,sfh,2020,p3,7318.573588587608,5862.564135900902
C-WEU-FIN,Zone_6A Cold Humid,WEU,rur,perm,mfh,1945,p1,14041.607872842966,3659.5511140922226
C-WEU-FIN,Zone_6A Cold Humid,WEU,rur,perm,mfh,1960,p2,17245.06736340224,3919.400670187203
C-WEU-FIN,Zone_6A Cold Humid,WEU,rur,perm,mfh,1965,p2,9199.79038929646,1600.4415815069697
C-WEU-FIN,Zone_6A Cold Humid,WEU,rur,perm,mfh,1970,p2,10415.205257691588,1811.8812352217483
C-WEU-FIN,Zone_6A Cold Humid,WEU,rur,perm,mfh,1975,p2,13024.828070036107,2265.864280942501
C-WEU-FIN,Zone_6A Cold Humid,WEU,rur,perm,mfh,1980,p2,13016.656330377598,2264.442684211564
C-WEU-FIN,Zone_6A Cold Humid,WEU,rur,perm,mfh,1985,p2,8050.969152109802,841.8065373244564
C-WEU-FIN,Zone_6A Cold Humid,WEU,rur,perm,mfh,1990,p2,7789.719086598465,814.4903212430352
C-WEU-FIN,Zone_6A Cold Humid,WEU,rur,perm,mfh,1995,p3,19740.754456333474,2064.086427247534
C-WEU-FIN,Zone_6A Cold Humid,WEU,rur,perm,mfh,2000,p3,23349.12560193318,2441.3764605428123
C-WEU-FIN,Zone_6A Cold Humid,WEU,rur,perm,mfh,2005,p3,4386.851018973136,477.38335518924305
C-WEU-FIN,Zone_6A Cold Humid,WEU,rur,perm,mfh,2010,p3,15085.547270765439,1641.6306685221507
C-WEU-FIN,Zone_6A Cold Humid,WEU,rur,perm,mfh,2015,p3,4810.589896573002,602.0693820625153
C-WEU-FIN,Zone_6A Cold Humid,WEU,rur,perm,mfh,2020,p3,3574.7715264232224,673.96216674065
C-WEU-FIN,Zone_6A Cold Humid,WEU,rur,perm,sfh,1945,p1,14041.607872842966,3659.5511140922226
C-WEU-FIN,Zone_6A Cold Humid,WEU,rur,perm,sfh,1960,p2,17245.06736340224,3919.400670187203
C-WEU-FIN,Zone_6A Cold Humid,WEU,rur,perm,sfh,1965,p2,9199.79038929646,1600.4415815069697
C-WEU-FIN,Zone_6A Cold Humid,WEU,rur,perm,sfh,1970,p2,10415.205257691588,1811.8812352217483
C-WEU-FIN,Zone_6A Cold Humid,WEU,rur,perm,sfh,1975,p2,13024.828070036107,2265.864280942501
C-WEU-FIN,Zone_6A Cold Humid,WEU,rur,perm,sfh,1980,p2,13016.656330377598,2264.442684211564
C-WEU-FIN,Zone_6A Cold Humid,WEU,rur,perm,sfh,1985,p2,8050.969152109802,841.8065373244564
C-WEU-FIN,Zone_6A Cold Humid,WEU,rur,perm,sfh,1990,p2,7789.719086598465,814.4903212430352
C-WEU-FIN,Zone_6A Cold Humid,WEU,rur,perm,sfh,1995,p3,19740.7626846938,2064.0872876020303
C-WEU-FIN,Zone_6A Cold Humid,WEU,rur,perm,sfh,2000,p3,23349.117373572855,2441.375600188316
C-WEU-FIN,Zone_6A Cold Humid,WEU,rur,perm,sfh,2005,p3,4386.851018973136,477.38335518924305
C-WEU-FIN,Zone_6A Cold Humid,WEU,rur,perm,sfh,2010,p3,15085.547270765439,1641.6306685221507
C-WEU-FIN,Zone_6A Cold Humid,WEU,rur,perm,sfh,2015,p3,4810.589896573002,602.0693820625153
C-WEU-FIN,Zone_6A Cold Humid,WEU,rur,perm,sfh,2020,p3,3574.7715264232224,673.96216674065
C-WEU-FIN,Zone_6A Cold Humid,WEU,urb,perm,mfh,1945,p1,123776.53769409249,23816.170390583364
C-WEU-FIN,Zone_6A Cold Humid,WEU,urb,perm,mfh,1960,p2,133143.05810059624,19727.60181346393
C-WEU-FIN,Zone_6A Cold Humid,WEU,urb,perm,mfh,1965,p2,76045.49692139114,8543.21329499894
C-WEU-FIN,Zone_6A Cold Humid,WEU,urb,perm,mfh,1970,p2,86092.1201292731,9671.885582434257
C-WEU-FIN,Zone_6A Cold Humid,WEU,urb,perm,mfh,1975,p2,107663.27068211876,12095.263003216902
C-WEU-FIN,Zone_6A Cold Humid,WEU,urb,perm,mfh,1980,p2,107595.72305584166,12087.67447000694
C-WEU-FIN,Zone_6A Cold Humid,WEU,urb,perm,mfh,1985,p2,90006.48905008417,6121.6630047240305
C-WEU-FIN,Zone_6A Cold Humid,WEU,urb,perm,mfh,1990,p2,87085.82189604122,5923.0179930730565
C-WEU-FIN,Zone_6A Cold Humid,WEU,urb,perm,mfh,1995,p3,220693.4303491598,15010.148959396913
C-WEU-FIN,Zone_6A Cold Humid,WEU,urb,perm,mfh,2000,p3,261033.5200785994,17753.822637930723
C-WEU-FIN,Zone_6A Cold Humid,WEU,urb,perm,mfh,2005,p3,60102.40318974273,3507.9292186780926
C-WEU-FIN,Zone_6A Cold Humid,WEU,urb,perm,mfh,2010,p3,206680.7467324706,12063.102171008955
C-WEU-FIN,Zone_6A Cold Humid,WEU,urb,perm,mfh,2015,p3,68537.46917543162,5657.616097183728
C-WEU-FIN,Zone_6A Cold Humid,WEU,urb,perm,mfh,2020,p3,89574.1185932054,8574.733355705981
C-WEU-FIN,Zone_6A Cold Humid,WEU,urb,perm,sfh,1945,p1,123776.53769409249,23816.170390583364
C-WEU-FIN,Zone_6A Cold Humid,WEU,urb,perm,sfh,1960,p2,133143.05810059624,19727.60181346393
C-WEU-FIN,Zone_6A Cold Humid,WEU,urb,perm,sfh,1965,p2,76045.49692139114,8543.21329499894
C-WEU-FIN,Zone_6A Cold Humid,WEU,urb,perm,sfh,1970,p2,86092.1201292731,9671.885582434257
C-WEU-FIN,Zone_6A Cold Humid,WEU,urb,perm,sfh,1975,p2,107663.27068211876,12095.263003216902
C-WEU-FIN,Zone_6A Cold Humid,WEU,urb,perm,sfh,1980,p2,107595.72305584166,12087.67447000694
C-WEU-FIN,Zone_6A Cold Humid,WEU,urb,perm,sfh,1985,p2,90006.48905008417,6121.6630047240305
C-WEU-FIN,Zone_6A Cold Humid,WEU,urb,perm,sfh,1990,p2,87085.82189604122,5923.0179930730565
C-WEU-FIN,Zone_6A Cold Humid,WEU,urb,perm,sfh,1995,p3,220693.52233880834,15010.155215941682
C-WEU-FIN,Zone_6A Cold Humid,WEU,urb,perm,sfh,2000,p3,261033.42808895075,17753.816381385954
C-WEU-FIN,Zone_6A Cold Humid,WEU,urb,perm,sfh,2005,p3,60102.40318974273,3507.9292186780926
C-WEU-FIN,Zone_6A Cold Humid,WEU,urb,perm,sfh,2010,p3,206680.7467324706,12063.102171008955
C-WEU-FIN,Zone_6A Cold Humid,WEU,urb,perm,sfh,2015,p3,68537.46917543162,5657.616097183728
C-WEU-FIN,Zone_6A Cold Humid,WEU,urb,perm,sfh,2020,p3,89574.1185932054,8574.733355705981
C-WEU-FIN,Zone_7A Very cold Humid,WEU,rur,perm,mfh,1945,p1,28622.1473317614,9095.597703048643
C-WEU-FIN,Zone_7A Very cold Humid,WEU,rur,perm,mfh,1960,p2,53968.78103906372,15415.229771029632
C-WEU-FIN,Zone_7A Very cold Humid,WEU,rur,perm,mfh,1965,p2,30388.75207113194,6260.174417469529
C-WEU-FIN,Zone_7A Very cold Humid,WEU,rur,perm,mfh,1970,p2,34403.51105327127,7087.226854945895
C-WEU-FIN,Zone_7A Very cold Humid,WEU,rur,perm,mfh,1975,p2,43023.61755861575,8862.994747431454
C-WEU-FIN,Zone_7A Very cold Humid,WEU,rur,perm,mfh,1980,p2,42996.625496945126,8857.43430146284
C-WEU-FIN,Zone_7A Very cold Humid,WEU,rur,perm,mfh,1985,p2,40031.061347626935,5333.756650125173
C-WEU-FIN,Zone_7A Very cold Humid,WEU,rur,perm,mfh,1990,p2,38732.07271632466,5160.678819625525
C-WEU-FIN,Zone_7A Very cold Humid,WEU,rur,perm,mfh,1995,p3,98155.09486818539,13078.2290644384
C-WEU-FIN,Zone_7A Very cold Humid,WEU,rur,perm,mfh,2000,p3,116096.58085986399,15468.760741583556
C-WEU-FIN,Zone_7A Very cold Humid,WEU,rur,perm,mfh,2005,p3,17967.500301160228,1864.115767894728
C-WEU-FIN,Zone_7A Very cold Humid,WEU,rur,perm,mfh,2010,p3,61786.820194794665,6410.339994025532
C-WEU-FIN,Zone_7A Very cold Humid,WEU,rur,perm,mfh,2015,p3,21396.85669182771,2357.2279525853996
C-WEU-FIN,Zone_7A Very cold Humid,WEU,rur,perm,mfh,2020,p3,17070.143613404915,2455.173733180105
C-WEU-FIN,Zone_7A Very cold Humid,WEU,rur,perm,sfh,1945,p1,28622.1473317614,9095.597703048643
C-WEU-FIN,Zone_7A Very cold Humid,WEU,rur,perm,sfh,1960,p2,53968.78103906372,15415.229771029632
C-WEU-FIN,Zone_7A Very cold Humid,WEU,rur,perm,sfh,1965,p2,30388.75207113194,6260.174417469529
C-WEU-FIN,Zone_7A Very cold Humid,WEU,rur,perm,sfh,1970,p2,34403.51105327127,7087.226854945895
C-WEU-FIN,Zone_7A Very cold Humid,WEU,rur,perm,sfh,1975,p2,43023.61755861575,8862.994747431454
C-WEU-FIN,Zone_7A Very cold Humid,WEU,rur,perm,sfh,1980,p2,42996.625496945126,8857.43430146284
C-WEU-FIN,Zone_7A Very cold Humid,WEU,rur,perm,sfh,1985,p2,40031.061347626935,5333.756650125173
C-WEU-FIN,Zone_7A Very cold Humid,WEU,rur,perm,sfh,1990,p2,38732.07271632466,5160.678819625525
C-WEU-FIN,Zone_7A Very cold Humid,WEU,rur,perm,sfh,1995,p3,98155.09705084338,13078.22935525673
C-WEU-FIN,Zone_7A Very cold Humid,WEU,rur,perm,sfh,2000,p3,116096.57867720601,15468.760450765227
C-WEU-FIN,Zone_7A Very cold Humid,WEU,rur,perm,sfh,2005,p3,17967.500301160228,1864.115767894728
C-WEU-FIN,Zone_7A Very cold Humid,WEU,rur,perm,sfh,2010,p3,61786.820194794665,6410.339994025532
C-WEU-FIN,Zone_7A Very cold Humid,WEU,rur,perm,sfh,2015,p3,21396.85669182771,2357.2279525853996
C-WEU-FIN,Zone_7A Very cold Humid,WEU,rur,perm,sfh,2020,p3,17070.143613404915,2455.173733180105
C-WEU-FIN,Zone_7A Very cold Humid,WEU,urb,perm,mfh,1945,p1,54729.20804690131,12898.1479821465
C-WEU-FIN,Zone_7A Very cold Humid,WEU,urb,perm,mfh,1960,p2,104576.29715344496,21370.872648775694
C-WEU-FIN,Zone_7A Very cold Humid,WEU,urb,perm,mfh,1965,p2,58048.595219827665,8825.301387885958
C-WEU-FIN,Zone_7A Very cold Humid,WEU,urb,perm,mfh,1970,p2,65717.58796141388,9991.24127031898
C-WEU-FIN,Zone_7A Very cold Humid,WEU,urb,perm,mfh,1975,p2,82183.715695428,12494.635872613608
C-WEU-FIN,Zone_7A Very cold Humid,WEU,urb,perm,mfh,1980,p2,82132.1554583245,12486.79701569819
C-WEU-FIN,Zone_7A Very cold Humid,WEU,urb,perm,mfh,1985,p2,72879.19778033007,6975.237962646942
C-WEU-FIN,Zone_7A Very cold Humid,WEU,urb,perm,mfh,1990,p2,70514.30296645101,6748.894855342755
C-WEU-FIN,Zone_7A Very cold Humid,WEU,urb,perm,mfh,1995,p3,178697.84940062827,17103.097467396175
C-WEU-FIN,Zone_7A Very cold Humid,WEU,urb,perm,mfh,2000,p3,211361.51261719392,20229.32320267445
C-WEU-FIN,Zone_7A Very cold Humid,WEU,urb,perm,mfh,2005,p3,48245.62255863765,3476.2755860394313
C-WEU-FIN,Zone_7A Very cold Humid,WEU,urb,perm,mfh,2010,p3,165907.53061092107,11954.251341701845
C-WEU-FIN,Zone_7A Very cold Humid,WEU,urb,perm,mfh,2015,p3,50999.5186767048,4507.11338832876
C-WEU-FIN,Zone_7A Very cold Humid,WEU,urb,perm,mfh,2020,p3,56479.9138208734,6449.350226331452
C-WEU-FIN,Zone_7A Very cold Humid,WEU,urb,perm,sfh,1945,p1,54729.20804690131,12898.1479821465
C-WEU-FIN,Zone_7A Very cold Humid,WEU,urb,perm,sfh,1960,p2,104576.29715344496,21370.872648775694
C-WEU-FIN,Zone_7A Very cold Humid,WEU,urb,perm,sfh,1965,p2,58048.595219827665,8825.301387885958
C-WEU-FIN,Zone_7A Very cold Humid,WEU,urb,perm,sfh,1970,p2,65717.58796141388,9991.24127031898
C-WEU-FIN,Zone_7A Very cold Humid,WEU,urb,perm,sfh,1975,p2,82183.715695428,12494.635872613608
C-WEU-FIN,Zone_7A Very cold Humid,WEU,urb,perm,sfh,1980,p2,82132.1554583245,12486.79701569819
C-WEU-FIN,Zone_7A Very cold Humid,WEU,urb,perm,sfh,1985,p2,72879.19778033007,6975.237962646942
C-WEU-FIN,Zone_7A Very cold Humid,WEU,urb,perm,sfh,1990,p2,70514.30296645101,6748.894855342755
C-WEU-FIN,Zone_7A Very cold Humid,WEU,urb,perm,sfh,1995,p3,178697.85337430163,17103.097847714813
C-WEU-FIN,Zone_7A Very cold Humid,WEU,urb,perm,sfh,2000,p3,211361.50864352056,20229.322822355814
C-WEU-FIN,Zone_7A Very cold Humid,WEU,urb,perm,sfh,2005,p3,48245.62255863765,3476.2755860394313
C-WEU-FIN,Zone_7A Very cold Humid,WEU,urb,perm,sfh,2010,p3,165907.53061092107,11954.251341701845
C-WEU-FIN,Zone_7A Very cold Humid,WEU,urb,perm,sfh,2015,p3,50999.5186767048,4507.11338832876
C-WEU-FIN,Zone_7A Very cold Humid,WEU,urb,perm,sfh,2020,p3,56479.9138208734,6449.350226331452
C-WEU-FRA,Zone_0A Extremely hot Humid,WEU,urb,perm,mfh,1945,p1,0.0,0.0
C-WEU-FRA,Zone_0A Extremely hot Humid,WEU,urb,perm,mfh,1960,p2,0.0,0.0
C-WEU-FRA,Zone_0A Extremely hot Humid,WEU,urb,perm,mfh,1965,p2,0.0,0.0
C-WEU-FRA,Zone_0A Extremely hot Humid,WEU,urb,perm,mfh,1970,p2,0.0,0.0
C-WEU-FRA,Zone_0A Extremely hot Humid,WEU,urb,perm,mfh,1975,p2,0.0,0.0
C-WEU-FRA,Zone_0A Extremely hot Humid,WEU,urb,perm,mfh,1980,p2,0.0,0.0
C-WEU-FRA,Zone_0A Extremely hot Humid,WEU,urb,perm,mfh,1985,p2,0.0,0.0
C-WEU-FRA,Zone_0A Extremely hot Humid,WEU,urb,perm,mfh,1990,p2,0.0,0.0
C-WEU-FRA,Zone_0A Extremely hot Humid,WEU,urb,perm,mfh,1995,p3,0.0,0.0
C-WEU-FRA,Zone_0A Extremely hot Humid,WEU,urb,perm,mfh,2000,p3,0.0,0.0
C-WEU-FRA,Zone_0A Extremely hot Humid,WEU,urb,perm,mfh,2005,p3,0.0,0.0
C-WEU-FRA,Zone_0A Extremely hot Humid,WEU,urb,perm,mfh,2010,p3,0.0,0.0
C-WEU-FRA,Zone_0A Extremely hot Humid,WEU,urb,perm,mfh,2015,p3,0.0,0.0
C-WEU-FRA,Zone_0A Extremely hot Humid,WEU,urb,perm,mfh,2020,p3,0.0,0.0
C-WEU-FRA,Zone_0A Extremely hot Humid,WEU,urb,perm,sfh,1945,p1,0.0,0.0
C-WEU-FRA,Zone_0A Extremely hot Humid,WEU,urb,perm,sfh,1960,p2,0.0,0.0
C-WEU-FRA,Zone_0A Extremely hot Humid,WEU,urb,perm,sfh,1965,p2,0.0,0.0
C-WEU-FRA,Zone_0A Extremely hot Humid,WEU,urb,perm,sfh,1970,p2,0.0,0.0
C-WEU-FRA,Zone_0A Extremely hot Humid,WEU,urb,perm,sfh,1975,p2,0.0,0.0
C-WEU-FRA,Zone_0A Extremely hot Humid,WEU,urb,perm,sfh,1980,p2,0.0,0.0
C-WEU-FRA,Zone_0A Extremely hot Humid,WEU,urb,perm,sfh,1985,p2,0.0,0.0
C-WEU-FRA,Zone_0A Extremely hot Humid,WEU,urb,perm,sfh,1990,p2,0.0,0.0
C-WEU-FRA,Zone_0A Extremely hot Humid,WEU,urb,perm,sfh,1995,p3,0.0,0.0
C-WEU-FRA,Zone_0A Extremely hot Humid,WEU,urb,perm,sfh,2000,p3,0.0,0.0
C-WEU-FRA,Zone_0A Extremely hot Humid,WEU,urb,perm,sfh,2005,p3,0.0,0.0
C-WEU-FRA,Zone_0A Extremely hot Humid,WEU,urb,perm,sfh,2010,p3,0.0,0.0
C-WEU-FRA,Zone_0A Extremely hot Humid,WEU,urb,perm,sfh,2015,p3,0.0,0.0
C-WEU-FRA,Zone_0A Extremely hot Humid,WEU,urb,perm,sfh,2020,p3,0.0,0.0
C-WEU-FRA,Zone_1A Very hot Humid,WEU,urb,perm,mfh,1945,p1,10903.999999999969,4046.999999999994
C-WEU-FRA,Zone_1A Very hot Humid,WEU,urb,perm,mfh,1960,p2,33742.99999999998,11491.999999999996
C-WEU-FRA,Zone_1A Very hot Humid,WEU,urb,perm,mfh,1965,p2,26707.664661168565,8252.148427859494
C-WEU-FRA,Zone_1A Very hot Humid,WEU,urb,perm,mfh,1970,p2,26553.05949839593,8204.378442460204
C-WEU-FRA,Zone_1A Very hot Humid,WEU,urb,perm,mfh,1975,p2,49665.871664943006,15345.787435096485
C-WEU-FRA,Zone_1A Very hot Humid,WEU,urb,perm,mfh,1980,p2,78599.40417549241,24285.685694583797
C-WEU-FRA,Zone_1A Very hot Humid,WEU,urb,perm,mfh,1985,p2,99004.69125494717,28858.76788072423
C-WEU-FRA,Zone_1A Very hot Humid,WEU,urb,perm,mfh,1990,p2,101344.20071463424,29540.708903882496
C-WEU-FRA,Zone_1A Very hot Humid,WEU,urb,perm,mfh,1995,p3,81262.73820243592,23687.185621307362
C-WEU-FRA,Zone_1A Very hot Humid,WEU,urb,perm,mfh,2000,p3,54490.36982798259,15883.337594085886
C-WEU-FRA,Zone_1A Very hot Humid,WEU,urb,perm,mfh,2005,p3,40948.57182801995,10655.942638624056
C-WEU-FRA,Zone_1A Very hot Humid,WEU,urb,perm,mfh,2010,p3,40034.42817198001,10418.057361375932
C-WEU-FRA,Zone_1A Very hot Humid,WEU,urb,perm,mfh,2015,p3,33194.999999999985,7597.999999999996
C-WEU-FRA,Zone_1A Very hot Humid,WEU,urb,perm,mfh,2020,p3,22228.999999999978,5412.999999999993
C-WEU-FRA,Zone_1A Very hot Humid,WEU,urb,perm,sfh,1945,p1,10903.999999999969,4046.999999999994
C-WEU-FRA,Zone_1A Very hot Humid,WEU,urb,perm,sfh,1960,p2,33742.99999999998,11491.999999999996
C-WEU-FRA,Zone_1A Very hot Humid,WEU,urb,perm,sfh,1965,p2,26707.664566330488,8252.148398556374
C-WEU-FRA,Zone_1A Very hot Humid,WEU,urb,perm,sfh,1970,p2,26553.05940410686,8204.37841332671
C-WEU-FRA,Zone_1A Very hot Humid,WEU,urb,perm,sfh,1975,p2,49665.8711298567,15345.787269765233
C-WEU-FRA,Zone_1A Very hot Humid,WEU,urb,perm,sfh,1980,p2,78599.40489970584,24285.685918351646
C-WEU-FRA,Zone_1A Very hot Humid,WEU,urb,perm,sfh,1985,p2,99004.6918392397,28858.76805103902
C-WEU-FRA,Zone_1A Very hot Humid,WEU,urb,perm,sfh,1990,p2,101344.20035636304,29540.708799450425
C-WEU-FRA,Zone_1A Very hot Humid,WEU,urb,perm,sfh,1995,p3,81262.73797641453,23687.18555542464
C-WEU-FRA,Zone_1A Very hot Humid,WEU,urb,perm,sfh,2000,p3,54490.36982798259,15883.337594085886
C-WEU-FRA,Zone_1A Very hot Humid,WEU,urb,perm,sfh,2005,p3,40948.57182801995,10655.942638624056
C-WEU-FRA,Zone_1A Very hot Humid,WEU,urb,perm,sfh,2010,p3,40034.42817198001,10418.057361375932
C-WEU-FRA,Zone_1A Very hot Humid,WEU,urb,perm,sfh,2015,p3,33194.999999999985,7597.999999999996
C-WEU-FRA,Zone_1A Very hot Humid,WEU,urb,perm,sfh,2020,p3,22228.999999999978,5412.999999999993
C-WEU-FRA,Zone_2A Hot Humid,WEU,urb,perm,mfh,1945,p1,4539.9999999999745,717.9999999999983
C-WEU-FRA,Zone_2A Hot Humid,WEU,urb,perm,mfh,1960,p2,19928.999999999978,3012.999999999999
C-WEU-FRA,Zone_2A Hot Humid,WEU,urb,perm,mfh,1965,p2,17920.850932588033,2610.9439809013406
C-WEU-FRA,Zone_2A Hot Humid,WEU,urb,perm,mfh,1970,p2,17817.110822375937,2595.829764653738
C-WEU-FRA,Zone_2A Hot Humid,WEU,urb,perm,mfh,1975,p2,33325.81466168328,4855.340604464809
C-WEU-FRA,Zone_2A Hot Humid,WEU,urb,perm,mfh,1980,p2,52740.22358335268,7683.885649980104
C-WEU-FRA,Zone_2A Hot Humid,WEU,urb,perm,mfh,1985,p2,78015.5859515571,10577.915225036304
C-WEU-FRA,Zone_2A Hot Humid,WEU,urb,perm,mfh,1990,p2,79859.11678856253,10827.874418071046
C-WEU-FRA,Zone_2A Hot Humid,WEU,urb,perm,mfh,1995,p3,64034.94679424325,8682.31944126924
C-WEU-FRA,Zone_2A Hot Humid,WEU,urb,perm,mfh,2000,p3,42938.350465637035,5821.890915623398
C-WEU-FRA,Zone_2A Hot Humid,WEU,urb,perm,mfh,2005,p3,39238.483662326376,5229.370730219704
C-WEU-FRA,Zone_2A Hot Humid,WEU,urb,perm,mfh,2010,p3,38362.51633767361,5112.629269780289
C-WEU-FRA,Zone_2A Hot Humid,WEU,urb,perm,mfh,2015,p3,31547.0,3556.0000000000005
C-WEU-FRA,Zone_2A Hot Humid,WEU,urb,perm,mfh,2020,p3,18240.99999999998,2785.999999999997
C-WEU-FRA,Zone_2A Hot Humid,WEU,urb,perm,sfh,1945,p1,4539.9999999999745,717.9999999999983
C-WEU-FRA,Zone_2A Hot Humid,WEU,urb,perm,sfh,1960,p2,19928.999999999978,3012.999999999999
C-WEU-FRA,Zone_2A Hot Humid,WEU,urb,perm,sfh,1965,p2,17920.850868951635,2610.9439716299635
C-WEU-FRA,Zone_2A Hot Humid,WEU,urb,perm,sfh,1970,p2,17817.110759107956,2595.829755436029
C-WEU-FRA,Zone_2A Hot Humid,WEU,urb,perm,sfh,1975,p2,33325.81430264018,4855.340552154714
C-WEU-FRA,Zone_2A Hot Humid,WEU,urb,perm,sfh,1980,p2,52740.22406930009,7683.885720779281
C-WEU-FRA,Zone_2A Hot Humid,WEU,urb,perm,sfh,1985,p2,78015.58641197899,10577.91528746362
C-WEU-FRA,Zone_2A Hot Humid,WEU,urb,perm,sfh,1990,p2,79859.11650624523,10827.874379792436
C-WEU-FRA,Zone_2A Hot Humid,WEU,urb,perm,sfh,1995,p3,64034.94661613866,8682.319417120536
C-WEU-FRA,Zone_2A Hot Humid,WEU,urb,perm,sfh,2000,p3,42938.350465637035,5821.890915623398
C-WEU-FRA,Zone_2A Hot Humid,WEU,urb,perm,sfh,2005,p3,39238.483662326376,5229.370730219704
C-WEU-FRA,Zone_2A Hot Humid,WEU,urb,perm,sfh,2010,p3,38362.51633767361,5112.629269780289
C-WEU-FRA,Zone_2A Hot Humid,WEU,urb,perm,sfh,2015,p3,31547.0,3556.0000000000005
C-WEU-FRA,Zone_2A Hot Humid,WEU,urb,perm,sfh,2020,p3,18240.99999999998,2785.999999999997
C-WEU-FRA,Zone_3A Warm Humid,WEU,rur,perm,mfh,1945,p1,216860.99999999997,89480.0
C-WEU-FRA,Zone_3A Warm Humid,WEU,rur,perm,mfh,1960,p2,95011.99999999996,30203.999999999985
C-WEU-FRA,Zone_3A Warm Humid,WEU,rur,perm,mfh,1965,p2,53369.71945903948,16945.68262956684
C-WEU-FRA,Zone_3A Warm Humid,WEU,rur,perm,mfh,1970,p2,53060.77315958673,16847.587567550927
C-WEU-FRA,Zone_3A Warm Humid,WEU,rur,perm,mfh,1975,p2,99246.92717456518,31512.380932612483
C-WEU-FRA,Zone_3A Warm Humid,WEU,rur,perm,mfh,1980,p2,157064.5802068084,49870.34887026968
C-WEU-FRA,Zone_3A Warm Humid,WEU,rur,perm,mfh,1985,p2,135843.87711937973,41468.60841937368
C-WEU-FRA,Zone_3A Warm Humid,WEU,rur,perm,mfh,1990,p2,139053.90982100446,42448.52442250775
C-WEU-FRA,Zone_3A Warm Humid,WEU,rur,perm,mfh,1995,p3,111500.22859254376,34037.30382423851
C-WEU-FRA,Zone_3A Warm Humid,WEU,rur,perm,mfh,2000,p3,74765.98446707176,22823.563333879993
C-WEU-FRA,Zone_3A Warm Humid,WEU,rur,perm,mfh,2005,p3,62422.26298602901,14104.940632277412
C-WEU-FRA,Zone_3A Warm Humid,WEU,rur,perm,mfh,2010,p3,61028.737013970924,13790.059367722568
C-WEU-FRA,Zone_3A Warm Humid,WEU,rur,perm,mfh,2015,p3,56646.99999999995,10072.999999999989
C-WEU-FRA,Zone_3A Warm Humid,WEU,rur,perm,mfh,2020,p3,36202.99999999995,10061.99999999998
C-WEU-FRA,Zone_3A Warm Humid,WEU,rur,perm,sfh,1945,p1,216860.99999999997,89480.0
C-WEU-FRA,Zone_3A Warm Humid,WEU,rur,perm,sfh,1960,p2,95011.99999999996,30203.999999999985
C-WEU-FRA,Zone_3A Warm Humid,WEU,rur,perm,sfh,1965,p2,53369.71945903948,16945.68262956684
C-WEU-FRA,Zone_3A Warm Humid,WEU,rur,perm,sfh,1970,p2,53060.77315958673,16847.587567550927
C-WEU-FRA,Zone_3A Warm Humid,WEU,rur,perm,sfh,1975,p2,99246.92580607762,31512.38049809725
C-WEU-FRA,Zone_3A Warm Humid,WEU,rur,perm,sfh,1980,p2,157064.58157529603,49870.349304784926
C-WEU-FRA,Zone_3A Warm Humid,WEU,rur,perm,sfh,1985,p2,135843.88002170704,41468.60930535749
C-WEU-FRA,Zone_3A Warm Humid,WEU,rur,perm,sfh,1990,p2,139053.90883784008,42448.52412238042
C-WEU-FRA,Zone_3A Warm Humid,WEU,rur,perm,sfh,1995,p3,111500.22667338082,34037.30323838201
C-WEU-FRA,Zone_3A Warm Humid,WEU,rur,perm,sfh,2000,p3,74765.98446707176,22823.563333879993
C-WEU-FRA,Zone_3A Warm Humid,WEU,rur,perm,sfh,2005,p3,62422.26330726867,14104.94070486475
C-WEU-FRA,Zone_3A Warm Humid,WEU,rur,perm,sfh,2010,p3,61028.736692731225,13790.059295135214
C-WEU-FRA,Zone_3A Warm Humid,WEU,rur,perm,sfh,2015,p3,56646.99999999995,10072.999999999989
C-WEU-FRA,Zone_3A Warm Humid,WEU,rur,perm,sfh,2020,p3,36202.99999999995,10061.99999999998
C-WEU-FRA,Zone_3A Warm Humid,WEU,urb,perm,mfh,1945,p1,626294.9999999999,222692.99999999994
C-WEU-FRA,Zone_3A Warm Humid,WEU,urb,perm,mfh,1960,p2,438658.9999999998,111457.99999999994
C-WEU-FRA,Zone_3A Warm Humid,WEU,urb,perm,mfh,1965,p2,242277.82829381764,72990.78839248947
C-WEU-FRA,Zone_3A Warm Humid,WEU,urb,perm,mfh,1970,p2,240875.33191104612,72568.2597714554
C-WEU-FRA,Zone_3A Warm Humid,WEU,urb,perm,mfh,1975,p2,450542.5590468541,135734.48639847644
C-WEU-FRA,Zone_3A Warm Humid,WEU,urb,perm,mfh,1980,p2,713012.2807482813,214808.46543757842
C-WEU-FRA,Zone_3A Warm Humid,WEU,urb,perm,mfh,1985,p2,564298.0412511858,166764.02720366008
C-WEU-FRA,Zone_3A Warm Humid,WEU,urb,perm,mfh,1990,p2,577632.5779582558,170704.71258551165
C-WEU-FRA,Zone_3A Warm Humid,WEU,urb,perm,mfh,1995,p3,463174.0636976838,136879.3908751637
C-WEU-FRA,Zone_3A Warm Humid,WEU,urb,perm,mfh,2000,p3,310579.3170928736,91783.86933566429
C-WEU-FRA,Zone_3A Warm Humid,WEU,urb,perm,mfh,2005,p3,217780.38449117218,45926.13166545473
C-WEU-FRA,Zone_3A Warm Humid,WEU,urb,perm,mfh,2010,p3,212918.6155088275,44900.868334545165
C-WEU-FRA,Zone_3A Warm Humid,WEU,urb,perm,mfh,2015,p3,244495.9999999998,34674.999999999956
C-WEU-FRA,Zone_3A Warm Humid,WEU,urb,perm,mfh,2020,p3,162966.99999999977,28738.99999999995
C-WEU-FRA,Zone_3A Warm Humid,WEU,urb,perm,sfh,1945,p1,626294.9999999999,222692.99999999994
C-WEU-FRA,Zone_3A Warm Humid,WEU,urb,perm,sfh,1960,p2,438658.9999999998,111457.99999999994
C-WEU-FRA,Zone_3A Warm Humid,WEU,urb,perm,sfh,1965,p2,242277.82829381764,72990.78839248947
C-WEU-FRA,Zone_3A Warm Humid,WEU,urb,perm,sfh,1970,p2,240875.33191104612,72568.2597714554
C-WEU-FRA,Zone_3A Warm Humid,WEU,urb,perm,sfh,1975,p2,450542.55283445114,135734.48452687231
C-WEU-FRA,Zone_3A Warm Humid,WEU,urb,perm,sfh,1980,p2,713012.2869606842,214808.46730918257
C-WEU-FRA,Zone_3A Warm Humid,WEU,urb,perm,sfh,1985,p2,564298.0533075086,166764.03076660165
C-WEU-FRA,Zone_3A Warm Humid,WEU,urb,perm,sfh,1990,p2,577632.5738741723,170704.71137856392
C-WEU-FRA,Zone_3A Warm Humid,WEU,urb,perm,sfh,1995,p3,463174.0557254446,136879.38851916985
C-WEU-FRA,Zone_3A Warm Humid,WEU,urb,perm,sfh,2000,p3,310579.3170928736,91783.86933566429
C-WEU-FRA,Zone_3A Warm Humid,WEU,urb,perm,sfh,2005,p3,217780.38561192137,45926.13190180146
C-WEU-FRA,Zone_3A Warm Humid,WEU,urb,perm,sfh,2010,p3,212918.6143880782,44900.86809819847
C-WEU-FRA,Zone_3A Warm Humid,WEU,urb,perm,sfh,2015,p3,244495.9999999998,34674.999999999956
C-WEU-FRA,Zone_3A Warm Humid,WEU,urb,perm,sfh,2020,p3,162966.99999999977,28738.99999999995
C-WEU-FRA,Zone_3C Warm Marine,WEU,urb,perm,mfh,1945,p1,81461.99999999999,58625.99999999999
C-WEU-FRA,Zone_3C Warm Marine,WEU,urb,perm,mfh,1960,p2,83060.0,39670.999999999985
C-WEU-FRA,Zone_3C Warm Marine,WEU,urb,perm,mfh,1965,p2,43464.434179528515,21242.426009384413
C-WEU-FRA,Zone_3C Warm Marine,WEU,urb,perm,mfh,1970,p2,43212.82753378102,21119.457986064837
C-WEU-FRA,Zone_3C Warm Marine,WEU,urb,perm,mfh,1975,p2,80826.94751999239,39502.652793453686
C-WEU-FRA,Zone_3C Warm Marine,WEU,urb,perm,mfh,1980,p2,127913.79076669797,62515.46321109701
C-WEU-FRA,Zone_3C Warm Marine,WEU,urb,perm,mfh,1985,p2,81833.1794162319,38796.29358475724
C-WEU-FRA,Zone_3C Warm Marine,WEU,urb,perm,mfh,1990,p2,83766.92108982123,39713.06121154176
C-WEU-FRA,Zone_3C Warm Marine,WEU,urb,perm,mfh,1995,p3,67168.41546477648,31843.875364294225
C-WEU-FRA,Zone_3C Warm Marine,WEU,urb,perm,mfh,2000,p3,45039.48402917026,21352.769839406705
C-WEU-FRA,Zone_3C Warm Marine,WEU,urb,perm,mfh,2005,p3,19751.97339340283,8638.928536627696
C-WEU-FRA,Zone_3C Warm Marine,WEU,urb,perm,mfh,2010,p3,19311.026606597097,8446.071463372298
C-WEU-FRA,Zone_3C Warm Marine,WEU,urb,perm,mfh,2015,p3,19262.999999999993,5683.99999999998
C-WEU-FRA,Zone_3C Warm Marine,WEU,urb,perm,mfh,2020,p3,13441.999999999978,3980.9999999999886
C-WEU-FRA,Zone_3C Warm Marine,WEU,urb,perm,sfh,1945,p1,81461.99999999999,58625.99999999999
C-WEU-FRA,Zone_3C Warm Marine,WEU,urb,perm,sfh,1960,p2,83060.0,39670.999999999985
C-WEU-FRA,Zone_3C Warm Marine,WEU,urb,perm,sfh,1965,p2,43464.43402518768,21242.425933953247
C-WEU-FRA,Zone_3C Warm Marine,WEU,urb,perm,sfh,1970,p2,43212.82738033361,21119.457911070298
C-WEU-FRA,Zone_3C Warm Marine,WEU,urb,perm,sfh,1975,p2,80826.94664918532,39502.65236786308
C-WEU-FRA,Zone_3C Warm Marine,WEU,urb,perm,sfh,1980,p2,127913.79194529325,62515.46378711331
C-WEU-FRA,Zone_3C Warm Marine,WEU,urb,perm,sfh,1985,p2,81833.17989918392,38796.29381371996
C-WEU-FRA,Zone_3C Warm Marine,WEU,urb,perm,sfh,1990,p2,83766.92079368915,39713.06107114849
C-WEU-FRA,Zone_3C Warm Marine,WEU,urb,perm,sfh,1995,p3,67168.41527795658,31843.87527572477
C-WEU-FRA,Zone_3C Warm Marine,WEU,urb,perm,sfh,2000,p3,45039.48402917026,21352.769839406705
C-WEU-FRA,Zone_3C Warm Marine,WEU,urb,perm,sfh,2005,p3,19751.97339340283,8638.928536627696
C-WEU-FRA,Zone_3C Warm Marine,WEU,urb,perm,sfh,2010,p3,19311.026606597097,8446.071463372298
C-WEU-FRA,Zone_3C Warm Marine,WEU,urb,perm,sfh,2015,p3,19262.999999999993,5683.99999999998
C-WEU-FRA,Zone_3C Warm Marine,WEU,urb,perm,sfh,2020,p3,13441.999999999978,3980.9999999999886
C-WEU-FRA,Zone_4A Mixed Humid,WEU,rur,perm,mfh,1945,p1,1639624.9999999998,744361.0
C-WEU-FRA,Zone_4A Mixed Humid,WEU,rur,perm,mfh,1960,p2,733515.9999999998,200600.99999999994
C-WEU-FRA,Zone_4A Mixed Humid,WEU,rur,perm,mfh,1965,p2,416113.4957232394,98939.56377982227
C-WEU-FRA,Zone_4A Mixed Humid,WEU,rur,perm,mfh,1970,p2,413704.7005120385,98366.82304951525
C-WEU-FRA,Zone_4A Mixed Humid,WEU,rur,perm,mfh,1975,p2,773809.2996469194,183989.11677394123
C-WEU-FRA,Zone_4A Mixed Humid,WEU,rur,perm,mfh,1980,p2,1224602.5041178013,291174.4963967208
C-WEU-FRA,Zone_4A Mixed Humid,WEU,rur,perm,mfh,1985,p2,945677.4015065628,201084.07650875344
C-WEU-FRA,Zone_4A Mixed Humid,WEU,rur,perm,mfh,1990,p2,968024.0318185042,205835.75135283932
C-WEU-FRA,Zone_4A Mixed Humid,WEU,rur,perm,mfh,1995,p3,776209.0338380653,165049.17691637986
C-WEU-FRA,Zone_4A Mixed Humid,WEU,rur,perm,mfh,2000,p3,520483.5328368659,110672.99522202689
C-WEU-FRA,Zone_4A Mixed Humid,WEU,rur,perm,mfh,2005,p3,371351.0562086804,64454.952378197355
C-WEU-FRA,Zone_4A Mixed Humid,WEU,rur,perm,mfh,2010,p3,363060.9437913189,63016.04762180248
C-WEU-FRA,Zone_4A Mixed Humid,WEU,rur,perm,mfh,2015,p3,315419.9999999997,45716.99999999991
C-WEU-FRA,Zone_4A Mixed Humid,WEU,rur,perm,mfh,2020,p3,182516.9999999997,37965.99999999988
C-WEU-FRA,Zone_4A Mixed Humid,WEU,rur,perm,sfh,1945,p1,1639624.9999999998,744361.0
C-WEU-FRA,Zone_4A Mixed Humid,WEU,rur,perm,sfh,1960,p2,733515.9999999998,200600.99999999994
C-WEU-FRA,Zone_4A Mixed Humid,WEU,rur,perm,sfh,1965,p2,416113.4935068305,98939.56325282538
C-WEU-FRA,Zone_4A Mixed Humid,WEU,rur,perm,sfh,1970,p2,413704.6983084601,98366.82252556903
C-WEU-FRA,Zone_4A Mixed Humid,WEU,rur,perm,sfh,1975,p2,773809.2978115457,183989.11633754327
C-WEU-FRA,Zone_4A Mixed Humid,WEU,rur,perm,sfh,1980,p2,1224602.5103731619,291174.4978840618
C-WEU-FRA,Zone_4A Mixed Humid,WEU,rur,perm,sfh,1985,p2,945677.4105489766,201084.07843148673
C-WEU-FRA,Zone_4A Mixed Humid,WEU,rur,perm,sfh,1990,p2,968024.0318185042,205835.75135283932
C-WEU-FRA,Zone_4A Mixed Humid,WEU,rur,perm,sfh,1995,p3,776209.0247956514,165049.17499364656
C-WEU-FRA,Zone_4A Mixed Humid,WEU,rur,perm,sfh,2000,p3,520483.5328368659,110672.99522202689
C-WEU-FRA,Zone_4A Mixed Humid,WEU,rur,perm,sfh,2005,p3,371351.05429762026,64454.95204649696
C-WEU-FRA,Zone_4A Mixed Humid,WEU,rur,perm,sfh,2010,p3,363060.94570237916,63016.04795350287
C-WEU-FRA,Zone_4A Mixed Humid,WEU,rur,perm,sfh,2015,p3,315419.9999999997,45716.99999999991
C-WEU-FRA,Zone_4A Mixed Humid,WEU,rur,perm,sfh,2020,p3,182516.9999999997,37965.99999999988
C-WEU-FRA,Zone_4A Mixed Humid,WEU,urb,perm,mfh,1945,p1,3139415.999999999,750644.9999999999
C-WEU-FRA,Zone_4A Mixed Humid,WEU,urb,perm,mfh,1960,p2,2046922.9999999995,298579.9999999999
C-WEU-FRA,Zone_4A Mixed Humid,WEU,urb,perm,mfh,1965,p2,1044500.5918628495,134052.6848609668
C-WEU-FRA,Zone_4A Mixed Humid,WEU,urb,perm,mfh,1970,p2,1038454.1933450544,133276.6815141384
C-WEU-FRA,Zone_4A Mixed Humid,WEU,urb,perm,mfh,1975,p2,1942364.9551798112,249285.86852911505
C-WEU-FRA,Zone_4A Mixed Humid,WEU,urb,perm,mfh,1980,p2,3073916.259612282,394510.7650957792
C-WEU-FRA,Zone_4A Mixed Humid,WEU,urb,perm,mfh,1985,p2,2208028.893213527,256658.92888906473
C-WEU-FRA,Zone_4A Mixed Humid,WEU,urb,perm,mfh,1990,p2,2260205.254112202,262723.8535568273
C-WEU-FRA,Zone_4A Mixed Humid,WEU,urb,perm,mfh,1995,p3,1812343.1639133974,210664.84078134235
C-WEU-FRA,Zone_4A Mixed Humid,WEU,urb,perm,mfh,2000,p3,1215258.6887608692,141260.37677276492
C-WEU-FRA,Zone_4A Mixed Humid,WEU,urb,perm,mfh,2005,p3,770043.2973534943,83776.11707701746
C-WEU-FRA,Zone_4A Mixed Humid,WEU,urb,perm,mfh,2010,p3,752852.7026465042,81905.8829229823
C-WEU-FRA,Zone_4A Mixed Humid,WEU,urb,perm,mfh,2015,p3,845863.9999999991,79126.99999999991
C-WEU-FRA,Zone_4A Mixed Humid,WEU,urb,perm,mfh,2020,p3,508924.99999999936,66245.99999999991
C-WEU-FRA,Zone_4A Mixed Humid,WEU,urb,perm,sfh,1945,p1,3139415.999999999,750644.9999999999
C-WEU-FRA,Zone_4A Mixed Humid,WEU,urb,perm,sfh,1960,p2,2046922.9999999995,298579.9999999999
C-WEU-FRA,Zone_4A Mixed Humid,WEU,urb,perm,sfh,1965,p2,1044500.5862993667,134052.68414694155
C-WEU-FRA,Zone_4A Mixed Humid,WEU,urb,perm,sfh,1970,p2,1038454.1878137771,133276.68080424648
C-WEU-FRA,Zone_4A Mixed Humid,WEU,urb,perm,sfh,1975,p2,1942364.9505727778,249285.8679378418
C-WEU-FRA,Zone_4A Mixed Humid,WEU,urb,perm,sfh,1980,p2,3073916.2753140745,394510.7671109696
C-WEU-FRA,Zone_4A Mixed Humid,WEU,urb,perm,sfh,1985,p2,2208028.914326341,256658.93134319573
C-WEU-FRA,Zone_4A Mixed Humid,WEU,urb,perm,sfh,1990,p2,2260205.254112202,262723.8535568273
C-WEU-FRA,Zone_4A Mixed Humid,WEU,urb,perm,sfh,1995,p3,1812343.1428005835,210664.83832721136
C-WEU-FRA,Zone_4A Mixed Humid,WEU,urb,perm,sfh,2000,p3,1215258.6887608692,141260.37677276492
C-WEU-FRA,Zone_4A Mixed Humid,WEU,urb,perm,sfh,2005,p3,770043.2933906699,83776.11664588579
C-WEU-FRA,Zone_4A Mixed Humid,WEU,urb,perm,sfh,2010,p3,752852.7066093287,81905.88335411395
C-WEU-FRA,Zone_4A Mixed Humid,WEU,urb,perm,sfh,2015,p3,845863.9999999991,79126.99999999991
C-WEU-FRA,Zone_4A Mixed Humid,WEU,urb,perm,sfh,2020,p3,508924.99999999936,66245.99999999991
C-WEU-FRA,Zone_4C Mixed Marine,WEU,rur,perm,mfh,1945,p1,31883.999999999996,30331.0
C-WEU-FRA,Zone_4C Mixed Marine,WEU,rur,perm,mfh,1960,p2,16420.999999999993,7733.9999999999945
C-WEU-FRA,Zone_4C Mixed Marine,WEU,rur,perm,mfh,1965,p2,10223.083036681437,6594.597718469511
C-WEU-FRA,Zone_4C Mixed Marine,WEU,rur,perm,mfh,1970,p2,10163.90371729969,6556.4229522883925
C-WEU-FRA,Zone_4C Mixed Marine,WEU,rur,perm,mfh,1975,p2,19010.959459068676,12263.387612606875
C-WEU-FRA,Zone_4C Mixed Marine,WEU,rur,perm,mfh,1980,p2,30086.053786950164,19407.591716635197
C-WEU-FRA,Zone_4C Mixed Marine,WEU,rur,perm,mfh,1985,p2,24949.85852299011,15939.041849811041
C-WEU-FRA,Zone_4C Mixed Marine,WEU,rur,perm,mfh,1990,p2,25539.4308886276,16315.686013974497
C-WEU-FRA,Zone_4C Mixed Marine,WEU,rur,perm,mfh,1995,p3,20478.76515387091,13082.715259456374
C-WEU-FRA,Zone_4C Mixed Marine,WEU,rur,perm,mfh,2000,p3,13731.94543451133,8772.556876758059
C-WEU-FRA,Zone_4C Mixed Marine,WEU,rur,perm,mfh,2005,p3,10043.607698158383,4904.241608238333
C-WEU-FRA,Zone_4C Mixed Marine,WEU,rur,perm,mfh,2010,p3,9819.392301841606,4794.758391761652
C-WEU-FRA,Zone_4C Mixed Marine,WEU,rur,perm,mfh,2015,p3,10868.999999999996,3824.999999999995
C-WEU-FRA,Zone_4C Mixed Marine,WEU,rur,perm,mfh,2020,p3,6931.999999999989,3054.9999999999964
C-WEU-FRA,Zone_4C Mixed Marine,WEU,rur,perm,sfh,1945,p1,31883.999999999996,30331.0
C-WEU-FRA,Zone_4C Mixed Marine,WEU,rur,perm,sfh,1960,p2,16420.999999999993,7733.9999999999945
C-WEU-FRA,Zone_4C Mixed Marine,WEU,rur,perm,sfh,1965,p2,10223.0830003796,6594.597695052307
C-WEU-FRA,Zone_4C Mixed Marine,WEU,rur,perm,sfh,1970,p2,10163.90368120798,6556.422929006737
C-WEU-FRA,Zone_4C Mixed Marine,WEU,rur,perm,sfh,1975,p2,19010.959254249887,12263.387480484549
C-WEU-FRA,Zone_4C Mixed Marine,WEU,rur,perm,sfh,1980,p2,30086.054064162487,19407.591895456386
C-WEU-FRA,Zone_4C Mixed Marine,WEU,rur,perm,sfh,1985,p2,24949.858670235826,15939.041943877928
C-WEU-FRA,Zone_4C Mixed Marine,WEU,rur,perm,sfh,1990,p2,25539.430798340814,16315.68595629542
C-WEU-FRA,Zone_4C Mixed Marine,WEU,rur,perm,sfh,1995,p3,20478.76509691197,13082.715223068557
C-WEU-FRA,Zone_4C Mixed Marine,WEU,rur,perm,sfh,2000,p3,13731.94543451133,8772.556876758059
C-WEU-FRA,Zone_4C Mixed Marine,WEU,rur,perm,sfh,2005,p3,10043.607698158383,4904.241608238333
C-WEU-FRA,Zone_4C Mixed Marine,WEU,rur,perm,sfh,2010,p3,9819.392301841606,4794.758391761652
C-WEU-FRA,Zone_4C Mixed Marine,WEU,rur,perm,sfh,2015,p3,10868.999999999996,3824.999999999995
C-WEU-FRA,Zone_4C Mixed Marine,WEU,rur,perm,sfh,2020,p3,6931.999999999989,3054.9999999999964
C-WEU-FRA,Zone_5A Cool Humid,WEU,rur,perm,mfh,1945,p1,189599.0,105947.0
C-WEU-FRA,Zone_5A Cool Humid,WEU,rur,perm,mfh,1960,p2,86145.99999999997,27755.999999999993
C-WEU-FRA,Zone_5A Cool Humid,WEU,rur,perm,mfh,1965,p2,44006.45590981367,12165.180441612007
C-WEU-FRA,Zone_5A Cool Humid,WEU,rur,perm,mfh,1970,p2,43751.711612051266,12094.75872087397
C-WEU-FRA,Zone_5A Cool Humid,WEU,rur,perm,mfh,1975,p2,81834.89756291467,22622.505600403994
C-WEU-FRA,Zone_5A Cool Humid,WEU,rur,perm,mfh,1980,p2,129508.93491522022,35801.55523710997
C-WEU-FRA,Zone_5A Cool Humid,WEU,rur,perm,mfh,1985,p2,92015.1975948874,22570.34346685531
C-WEU-FRA,Zone_5A Cool Humid,WEU,rur,perm,mfh,1990,p2,94189.54150651707,23103.686764302893
C-WEU-FRA,Zone_5A Cool Humid,WEU,rur,perm,mfh,1995,p3,75525.78128631621,18525.6660724648
C-WEU-FRA,Zone_5A Cool Humid,WEU,rur,perm,mfh,2000,p3,50643.4796122791,12422.303696376934
C-WEU-FRA,Zone_5A Cool Humid,WEU,rur,perm,mfh,2005,p3,33428.63362392236,6480.334112692115
C-WEU-FRA,Zone_5A Cool Humid,WEU,rur,perm,mfh,2010,p3,32682.366376077574,6335.665887307854
C-WEU-FRA,Zone_5A Cool Humid,WEU,rur,perm,mfh,2015,p3,27803.99999999997,4846.999999999989
C-WEU-FRA,Zone_5A Cool Humid,WEU,rur,perm,mfh,2020,p3,16353.999999999964,4503.999999999985
C-WEU-FRA,Zone_5A Cool Humid,WEU,rur,perm,sfh,1945,p1,189599.0,105947.0
C-WEU-FRA,Zone_5A Cool Humid,WEU,rur,perm,sfh,1960,p2,86145.99999999997,27755.999999999993
C-WEU-FRA,Zone_5A Cool Humid,WEU,rur,perm,sfh,1965,p2,44006.45567541538,12165.180376814747
C-WEU-FRA,Zone_5A Cool Humid,WEU,rur,perm,sfh,1970,p2,43751.71137900985,12094.758656451815
C-WEU-FRA,Zone_5A Cool Humid,WEU,rur,perm,sfh,1975,p2,81834.896240415,22622.505234811117
C-WEU-FRA,Zone_5A Cool Humid,WEU,rur,perm,sfh,1980,p2,129508.93670515956,35801.555731922264
C-WEU-FRA,Zone_5A Cool Humid,WEU,rur,perm,sfh,1985,p2,92015.19637826153,22570.343168430005
C-WEU-FRA,Zone_5A Cool Humid,WEU,rur,perm,sfh,1990,p2,94189.54117353901,23103.68668262693
C-WEU-FRA,Zone_5A Cool Humid,WEU,rur,perm,sfh,1995,p3,75525.78283592011,18525.666452566053
C-WEU-FRA,Zone_5A Cool Humid,WEU,rur,perm,sfh,2000,p3,50643.4796122791,12422.303696376934
C-WEU-FRA,Zone_5A Cool Humid,WEU,rur,perm,sfh,2005,p3,33428.63362392236,6480.334112692115
C-WEU-FRA,Zone_5A Cool Humid,WEU,rur,perm,sfh,2010,p3,32682.366376077574,6335.665887307854
C-WEU-FRA,Zone_5A Cool Humid,WEU,rur,perm,sfh,2015,p3,27803.99999999997,4846.999999999989
C-WEU-FRA,Zone_5A Cool Humid,WEU,rur,perm,sfh,2020,p3,16353.999999999964,4503.999999999985
C-WEU-FRA,Zone_5A Cool Humid,WEU,urb,perm,mfh,1945,p1,244871.99999999994,68872.0
C-WEU-FRA,Zone_5A Cool Humid,WEU,urb,perm,mfh,1960,p2,173981.99999999994,35957.99999999998
C-WEU-FRA,Zone_5A Cool Humid,WEU,urb,perm,mfh,1965,p2,90620.61897152048,21141.495795764542
C-WEU-FRA,Zone_5A Cool Humid,WEU,urb,perm,mfh,1970,p2,90096.03489708365,21019.112036636652
C-WEU-FRA,Zone_5A Cool Humid,WEU,urb,perm,mfh,1975,p2,168519.11650918724,39314.962021001076
C-WEU-FRA,Zone_5A Cool Humid,WEU,urb,perm,mfh,1980,p2,266692.22962220834,62218.43014659766
C-WEU-FRA,Zone_5A Cool Humid,WEU,urb,perm,mfh,1985,p2,205652.23162257628,44984.56621071419
C-WEU-FRA,Zone_5A Cool Humid,WEU,urb,perm,mfh,1990,p2,210511.849266504,46047.563630859964
C-WEU-FRA,Zone_5A Cool Humid,WEU,urb,perm,mfh,1995,p3,168798.69709080042,36923.18875245217
C-WEU-FRA,Zone_5A Cool Humid,WEU,urb,perm,mfh,2000,p3,113187.22202011905,24758.681405973577
C-WEU-FRA,Zone_5A Cool Humid,WEU,urb,perm,mfh,2005,p3,80763.99548609156,12903.530448017336
C-WEU-FRA,Zone_5A Cool Humid,WEU,urb,perm,mfh,2010,p3,78961.00451390831,12615.469551982633
C-WEU-FRA,Zone_5A Cool Humid,WEU,urb,perm,mfh,2015,p3,78054.99999999993,11361.99999999998
C-WEU-FRA,Zone_5A Cool Humid,WEU,urb,perm,mfh,2020,p3,51180.99999999993,11552.999999999985
C-WEU-FRA,Zone_5A Cool Humid,WEU,urb,perm,sfh,1945,p1,244871.99999999994,68872.0
C-WEU-FRA,Zone_5A Cool Humid,WEU,urb,perm,sfh,1960,p2,173981.99999999994,35957.99999999998
C-WEU-FRA,Zone_5A Cool Humid,WEU,urb,perm,sfh,1965,p2,90620.61848883408,21141.495683155365
C-WEU-FRA,Zone_5A Cool Humid,WEU,urb,perm,sfh,1970,p2,90096.03441719142,21019.111924679346
C-WEU-FRA,Zone_5A Cool Humid,WEU,urb,perm,sfh,1975,p2,168519.11378582002,39314.96138564836
C-WEU-FRA,Zone_5A Cool Humid,WEU,urb,perm,sfh,1980,p2,266692.23330815416,62218.431006516854
C-WEU-FRA,Zone_5A Cool Humid,WEU,urb,perm,sfh,1985,p2,205652.2289034405,44984.565615927815
C-WEU-FRA,Zone_5A Cool Humid,WEU,urb,perm,sfh,1990,p2,210511.84852230427,46047.563468073
C-WEU-FRA,Zone_5A Cool Humid,WEU,urb,perm,sfh,1995,p3,168798.7005541359,36923.189510025506
C-WEU-FRA,Zone_5A Cool Humid,WEU,urb,perm,sfh,2000,p3,113187.22202011905,24758.681405973577
C-WEU-FRA,Zone_5A Cool Humid,WEU,urb,perm,sfh,2005,p3,80763.99548609156,12903.530448017336
C-WEU-FRA,Zone_5A Cool Humid,WEU,urb,perm,sfh,2010,p3,78961.00451390831,12615.469551982633
C-WEU-FRA,Zone_5A Cool Humid,WEU,urb,perm,sfh,2015,p3,78054.99999999993,11361.99999999998
C-WEU-FRA,Zone_5A Cool Humid,WEU,urb,perm,sfh,2020,p3,51180.99999999993,11552.999999999985
C-WEU-FRA,Zone_7A Very cold Humid,WEU,urb,perm,mfh,1945,p1,29342.999999999985,18300.999999999996
C-WEU-FRA,Zone_7A Very cold Humid,WEU,urb,perm,mfh,1960,p2,25158.999999999985,14873.0
C-WEU-FRA,Zone_7A Very cold Humid,WEU,urb,perm,mfh,1965,p2,13452.555615334906,12151.644611214002
C-WEU-FRA,Zone_7A Very cold Humid,WEU,urb,perm,mfh,1970,p2,13374.681545212994,12081.301246606634
C-WEU-FRA,Zone_7A Very cold Humid,WEU,urb,perm,mfh,1975,p2,25016.522756037142,22597.33411495309
C-WEU-FRA,Zone_7A Very cold Humid,WEU,urb,perm,mfh,1980,p2,39590.2400834149,35761.72002722624
C-WEU-FRA,Zone_7A Very cold Humid,WEU,urb,perm,mfh,1985,p2,32491.96215489848,29953.380327848565
C-WEU-FRA,Zone_7A Very cold Humid,WEU,urb,perm,mfh,1990,p2,33259.756608490905,30661.187359397714
C-WEU-FRA,Zone_7A Very cold Humid,WEU,urb,perm,mfh,1995,p3,26669.300018094178,24585.640064185573
C-WEU-FRA,Zone_7A Very cold Humid,WEU,urb,perm,mfh,2000,p3,17882.981218516376,16485.79224856811
C-WEU-FRA,Zone_7A Very cold Humid,WEU,urb,perm,mfh,2005,p3,13260.00947875474,9063.669535794645
C-WEU-FRA,Zone_7A Very cold Humid,WEU,urb,perm,mfh,2010,p3,12963.990521245254,8861.330464205344
C-WEU-FRA,Zone_7A Very cold Humid,WEU,urb,perm,mfh,2015,p3,13194.999999999993,5197.999999999998
C-WEU-FRA,Zone_7A Very cold Humid,WEU,urb,perm,mfh,2020,p3,9176.999999999985,4998.999999999988
C-WEU-FRA,Zone_7A Very cold Humid,WEU,urb,perm,sfh,1945,p1,29342.999999999985,18300.999999999996
C-WEU-FRA,Zone_7A Very cold Humid,WEU,urb,perm,sfh,1960,p2,25158.999999999985,14873.0
C-WEU-FRA,Zone_7A Very cold Humid,WEU,urb,perm,sfh,1965,p2,13452.555567565325,12151.644568063908
C-WEU-FRA,Zone_7A Very cold Humid,WEU,urb,perm,sfh,1970,p2,13374.681497719908,12081.301203706314
C-WEU-FRA,Zone_7A Very cold Humid,WEU,urb,perm,sfh,1975,p2,25016.522486516085,22597.333871495684
C-WEU-FRA,Zone_7A Very cold Humid,WEU,urb,perm,sfh,1980,p2,39590.24044819864,35761.72035673406
C-WEU-FRA,Zone_7A Very cold Humid,WEU,urb,perm,sfh,1985,p2,32491.962346655157,29953.380504623376
C-WEU-FRA,Zone_7A Very cold Humid,WEU,urb,perm,sfh,1990,p2,33259.75649091129,30661.187251004536
C-WEU-FRA,Zone_7A Very cold Humid,WEU,urb,perm,sfh,1995,p3,26669.29994391709,24585.63999580392
C-WEU-FRA,Zone_7A Very cold Humid,WEU,urb,perm,sfh,2000,p3,17882.981218516376,16485.79224856811
C-WEU-FRA,Zone_7A Very cold Humid,WEU,urb,perm,sfh,2005,p3,13260.00947875474,9063.669535794645
C-WEU-FRA,Zone_7A Very cold Humid,WEU,urb,perm,sfh,2010,p3,12963.990521245254,8861.330464205344
C-WEU-FRA,Zone_7A Very cold Humid,WEU,urb,perm,sfh,2015,p3,13194.999999999993,5197.999999999998
C-WEU-FRA,Zone_7A Very cold Humid,WEU,urb,perm,sfh,2020,p3,9176.999999999985,4998.999999999988
C-WEU-GRC,Zone_3A Warm Humid,WEU,rur,perm,mfh,1945,p1,70834.57312086195,110395.54282179938
C-WEU-GRC,Zone_3A Warm Humid,WEU,rur,perm,mfh,1960,p2,87129.51996004717,106620.21396394973
C-WEU-GRC,Zone_3A Warm Humid,WEU,rur,perm,mfh,1965,p2,44133.81290772873,33254.79256694547
C-WEU-GRC,Zone_3A Warm Humid,WEU,rur,perm,mfh,1970,p2,65309.685031331814,49210.795198462125
C-WEU-GRC,Zone_3A Warm Humid,WEU,rur,perm,mfh,1975,p2,122822.32095625362,92546.52015973329
C-WEU-GRC,Zone_3A Warm Humid,WEU,rur,perm,mfh,1980,p2,253488.08715230794,191003.0700058908
C-WEU-GRC,Zone_3A Warm Humid,WEU,rur,perm,mfh,1985,p2,119125.2365645731,106726.7344426761
C-WEU-GRC,Zone_3A Warm Humid,WEU,rur,perm,mfh,1990,p2,120865.4949897809,108285.86753793845
C-WEU-GRC,Zone_3A Warm Humid,WEU,rur,perm,mfh,1995,p3,178170.41795081345,159626.51937206858
C-WEU-GRC,Zone_3A Warm Humid,WEU,rur,perm,mfh,2000,p3,159777.3957928549,143147.83485431218
C-WEU-GRC,Zone_3A Warm Humid,WEU,rur,perm,mfh,2005,p3,109321.43474972199,89890.34750941991
C-WEU-GRC,Zone_3A Warm Humid,WEU,rur,perm,mfh,2010,p3,110980.06401736807,91254.16752879067
C-WEU-GRC,Zone_3A Warm Humid,WEU,rur,perm,mfh,2015,p3,14856.968545120799,17972.428926794266
C-WEU-GRC,Zone_3A Warm Humid,WEU,rur,perm,mfh,2020,p3,7543.963317602328,11728.489699337388
C-WEU-GRC,Zone_3A Warm Humid,WEU,rur,perm,sfh,1945,p1,70834.57312086195,110395.54282179938
C-WEU-GRC,Zone_3A Warm Humid,WEU,rur,perm,sfh,1960,p2,87129.51996004717,106620.21396394973
C-WEU-GRC,Zone_3A Warm Humid,WEU,rur,perm,sfh,1965,p2,44133.81290772873,33254.79256694547
C-WEU-GRC,Zone_3A Warm Humid,WEU,rur,perm,sfh,1970,p2,65309.685031331814,49210.795198462125
C-WEU-GRC,Zone_3A Warm Humid,WEU,rur,perm,sfh,1975,p2,122822.32198243882,92546.52093296303
C-WEU-GRC,Zone_3A Warm Humid,WEU,rur,perm,sfh,1980,p2,253488.08612612274,191003.06923266107
C-WEU-GRC,Zone_3A Warm Humid,WEU,rur,perm,sfh,1985,p2,119125.23571070305,106726.73367767646
C-WEU-GRC,Zone_3A Warm Humid,WEU,rur,perm,sfh,1990,p2,120865.49522006164,108285.86774425165
C-WEU-GRC,Zone_3A Warm Humid,WEU,rur,perm,sfh,1995,p3,178170.41614655103,159626.51775559297
C-WEU-GRC,Zone_3A Warm Humid,WEU,rur,perm,sfh,2000,p3,159777.39822070667,143147.83702947418
C-WEU-GRC,Zone_3A Warm Humid,WEU,rur,perm,sfh,2005,p3,109321.43432360348,89890.34715904086
C-WEU-GRC,Zone_3A Warm Humid,WEU,rur,perm,sfh,2010,p3,110980.0644434866,91254.16787916973
C-WEU-GRC,Zone_3A Warm Humid,WEU,rur,perm,sfh,2015,p3,14856.968545120799,17972.428926794266
C-WEU-GRC,Zone_3A Warm Humid,WEU,rur,perm,sfh,2020,p3,7543.963317602328,11728.489699337388
C-WEU-GRC,Zone_3A Warm Humid,WEU,urb,perm,mfh,1945,p1,52623.450770337295,55414.84821716443
C-WEU-GRC,Zone_3A Warm Humid,WEU,urb,perm,mfh,1960,p2,137319.0654181654,81404.9046542947
C-WEU-GRC,Zone_3A Warm Humid,WEU,urb,perm,mfh,1965,p2,158893.54420685803,59395.50391271597
C-WEU-GRC,Zone_3A Warm Humid,WEU,urb,perm,mfh,1970,p2,235132.35412851945,87894.09745599855
C-WEU-GRC,Zone_3A Warm Humid,WEU,urb,perm,mfh,1975,p2,442193.2436531855,165294.88762228607
C-WEU-GRC,Zone_3A Warm Humid,WEU,urb,perm,mfh,1980,p2,912624.9904139529,341145.5226803024
C-WEU-GRC,Zone_3A Warm Humid,WEU,urb,perm,mfh,1985,p2,279189.56335263926,98699.04478656397
C-WEU-GRC,Zone_3A Warm Humid,WEU,urb,perm,mfh,1990,p2,283268.1448846991,100140.90420446049
C-WEU-GRC,Zone_3A Warm Humid,WEU,urb,perm,mfh,1995,p3,417571.6466517232,147619.8542651866
C-WEU-GRC,Zone_3A Warm Humid,WEU,urb,perm,mfh,2000,p3,374464.5773765044,132380.65080098552
C-WEU-GRC,Zone_3A Warm Humid,WEU,urb,perm,mfh,2005,p3,328385.0191760728,81029.88051974322
C-WEU-GRC,Zone_3A Warm Humid,WEU,urb,perm,mfh,2010,p3,333367.29008304473,82259.26917249558
C-WEU-GRC,Zone_3A Warm Humid,WEU,urb,perm,mfh,2015,p3,35428.230056121276,13416.605958628988
C-WEU-GRC,Zone_3A Warm Humid,WEU,urb,perm,mfh,2020,p3,16529.066791775116,10564.833459542291
C-WEU-GRC,Zone_3A Warm Humid,WEU,urb,perm,sfh,1945,p1,52623.450770337295,55414.84821716443
C-WEU-GRC,Zone_3A Warm Humid,WEU,urb,perm,sfh,1960,p2,137319.0654181654,81404.9046542947
C-WEU-GRC,Zone_3A Warm Humid,WEU,urb,perm,sfh,1965,p2,158893.54420685803,59395.50391271597
C-WEU-GRC,Zone_3A Warm Humid,WEU,urb,perm,sfh,1970,p2,235132.35412851945,87894.09745599855
C-WEU-GRC,Zone_3A Warm Humid,WEU,urb,perm,sfh,1975,p2,442193.24734772707,165294.8890033312
C-WEU-GRC,Zone_3A Warm Humid,WEU,urb,perm,sfh,1980,p2,912624.9867194113,341145.52129925723
C-WEU-GRC,Zone_3A Warm Humid,WEU,urb,perm,sfh,1985,p2,279189.5613514545,98699.0440791055
C-WEU-GRC,Zone_3A Warm Humid,WEU,urb,perm,sfh,1990,p2,283268.14542439976,100140.9043952554
C-WEU-GRC,Zone_3A Warm Humid,WEU,urb,perm,sfh,1995,p3,417571.6424231378,147619.85277029782
C-WEU-GRC,Zone_3A Warm Humid,WEU,urb,perm,sfh,2000,p3,374464.5830665739,132380.65281253785
C-WEU-GRC,Zone_3A Warm Humid,WEU,urb,perm,sfh,2005,p3,328385.0178960774,81029.88020390093
C-WEU-GRC,Zone_3A Warm Humid,WEU,urb,perm,sfh,2010,p3,333367.29136304016,82259.26948833787
C-WEU-GRC,Zone_3A Warm Humid,WEU,urb,perm,sfh,2015,p3,35428.230056121276,13416.605958628988
C-WEU-GRC,Zone_3A Warm Humid,WEU,urb,perm,sfh,2020,p3,16529.066791775116,10564.833459542291
C-WEU-GRC,Zone_4A Mixed Humid,WEU,rur,perm,mfh,1945,p1,22398.92726547312,33725.020981279355
C-WEU-GRC,Zone_4A Mixed Humid,WEU,rur,perm,mfh,1960,p2,41683.75781604885,46100.779836702495
C-WEU-GRC,Zone_4A Mixed Humid,WEU,rur,perm,mfh,1965,p2,22376.39987576268,13012.205414086717
C-WEU-GRC,Zone_4A Mixed Humid,WEU,rur,perm,mfh,1970,p2,33112.83502651261,19255.60025741459
C-WEU-GRC,Zone_4A Mixed Humid,WEU,rur,perm,mfh,1975,p2,62272.46889012272,36212.35593480306
C-WEU-GRC,Zone_4A Mixed Humid,WEU,rur,perm,mfh,1980,p2,128521.65940183132,74737.23394205824
C-WEU-GRC,Zone_4A Mixed Humid,WEU,rur,perm,mfh,1985,p2,47449.16675605316,23529.607683634717
C-WEU-GRC,Zone_4A Mixed Humid,WEU,rur,perm,mfh,1990,p2,48142.332737368786,23873.342352018906
C-WEU-GRC,Zone_4A Mixed Humid,WEU,rur,perm,mfh,1995,p3,70967.6466738416,35192.206705152996
C-WEU-GRC,Zone_4A Mixed Humid,WEU,rur,perm,mfh,2000,p3,63641.46168795075,31559.218597648345
C-WEU-GRC,Zone_4A Mixed Humid,WEU,rur,perm,mfh,2005,p3,45457.76136250565,19563.994013685162
C-WEU-GRC,Zone_4A Mixed Humid,WEU,rur,perm,mfh,2010,p3,46147.44919373924,19860.820082482624
C-WEU-GRC,Zone_4A Mixed Humid,WEU,rur,perm,mfh,2015,p3,4930.821264969251,2791.9364454958372
C-WEU-GRC,Zone_4A Mixed Humid,WEU,rur,perm,mfh,2020,p3,2206.9028506643326,1533.9702450295017
C-WEU-GRC,Zone_4A Mixed Humid,WEU,rur,perm,sfh,1945,p1,22398.92726547312,33725.020981279355
C-WEU-GRC,Zone_4A Mixed Humid,WEU,rur,perm,sfh,1960,p2,41683.75781604885,46100.779836702495
C-WEU-GRC,Zone_4A Mixed Humid,WEU,rur,perm,sfh,1965,p2,22376.39987576268,13012.205414086717
C-WEU-GRC,Zone_4A Mixed Humid,WEU,rur,perm,sfh,1970,p2,33112.83502651261,19255.60025741459
C-WEU-GRC,Zone_4A Mixed Humid,WEU,rur,perm,sfh,1975,p2,62272.46805603995,36212.35544977168
C-WEU-GRC,Zone_4A Mixed Humid,WEU,rur,perm,sfh,1980,p2,128521.66023591408,74737.23442708963
C-WEU-GRC,Zone_4A Mixed Humid,WEU,rur,perm,sfh,1985,p2,47449.16559164604,23529.60710621587
C-WEU-GRC,Zone_4A Mixed Humid,WEU,rur,perm,sfh,1990,p2,48142.33354949373,23873.34275474423
C-WEU-GRC,Zone_4A Mixed Humid,WEU,rur,perm,sfh,1995,p3,70967.64617608626,35192.20645832068
C-WEU-GRC,Zone_4A Mixed Humid,WEU,rur,perm,sfh,2000,p3,63641.46253798832,31559.21901917419
C-WEU-GRC,Zone_4A Mixed Humid,WEU,rur,perm,sfh,2005,p3,45457.761592952,19563.99411286407
C-WEU-GRC,Zone_4A Mixed Humid,WEU,rur,perm,sfh,2010,p3,46147.44896329287,19860.819983303707
C-WEU-GRC,Zone_4A Mixed Humid,WEU,rur,perm,sfh,2015,p3,4930.821264969251,2791.9364454958372
C-WEU-GRC,Zone_4A Mixed Humid,WEU,rur,perm,sfh,2020,p3,2206.9028506643326,1533.9702450295017
C-WEU-GRC,Zone_4A Mixed Humid,WEU,urb,perm,mfh,1945,p1,19746.545406786514,21448.0034359034
C-WEU-GRC,Zone_4A Mixed Humid,WEU,urb,perm,mfh,1960,p2,61554.74953545508,47259.37037621871
C-WEU-GRC,Zone_4A Mixed Humid,WEU,urb,perm,mfh,1965,p2,60194.24632782463,26262.33241382771
C-WEU-GRC,Zone_4A Mixed Humid,WEU,urb,perm,mfh,1970,p2,89076.08727342618,38863.27941307721
C-WEU-GRC,Zone_4A Mixed Humid,WEU,urb,perm,mfh,1975,p2,167517.75766547784,73086.83645726119
C-WEU-GRC,Zone_4A Mixed Humid,WEU,urb,perm,mfh,1980,p2,345733.2040653357,150841.0003542893
C-WEU-GRC,Zone_4A Mixed Humid,WEU,urb,perm,mfh,1985,p2,124822.81411022168,50431.00301809683
C-WEU-GRC,Zone_4A Mixed Humid,WEU,urb,perm,mfh,1990,p2,126646.3008929954,51167.72945789907
C-WEU-GRC,Zone_4A Mixed Humid,WEU,urb,perm,mfh,1995,p3,186692.03221527056,75427.4489580823
C-WEU-GRC,Zone_4A Mixed Humid,WEU,urb,perm,mfh,2000,p3,167419.30122438786,67640.86633937988
C-WEU-GRC,Zone_4A Mixed Humid,WEU,urb,perm,mfh,2005,p3,157566.9600825002,48422.824278570755
C-WEU-GRC,Zone_4A Mixed Humid,WEU,urb,perm,mfh,2010,p3,159957.5752759489,49157.49821890341
C-WEU-GRC,Zone_4A Mixed Humid,WEU,urb,perm,mfh,2015,p3,14227.706439634361,5916.165085393441
C-WEU-GRC,Zone_4A Mixed Humid,WEU,urb,perm,mfh,2020,p3,5995.859051429017,3298.0516477903793
C-WEU-GRC,Zone_4A Mixed Humid,WEU,urb,perm,sfh,1945,p1,19746.545406786514,21448.0034359034
C-WEU-GRC,Zone_4A Mixed Humid,WEU,urb,perm,sfh,1960,p2,61554.74953545508,47259.37037621871
C-WEU-GRC,Zone_4A Mixed Humid,WEU,urb,perm,sfh,1965,p2,60194.24632782463,26262.33241382771
C-WEU-GRC,Zone_4A Mixed Humid,WEU,urb,perm,sfh,1970,p2,89076.08727342618,38863.27941307721
C-WEU-GRC,Zone_4A Mixed Humid,WEU,urb,perm,sfh,1975,p2,167517.7554217307,73086.83547832987
C-WEU-GRC,Zone_4A Mixed Humid,WEU,urb,perm,sfh,1980,p2,345733.20630908286,150841.00133322063
C-WEU-GRC,Zone_4A Mixed Humid,WEU,urb,perm,sfh,1985,p2,124822.81104705785,50431.00178051517
C-WEU-GRC,Zone_4A Mixed Humid,WEU,urb,perm,sfh,1990,p2,126646.30302942327,51167.730321060175
C-WEU-GRC,Zone_4A Mixed Humid,WEU,urb,perm,sfh,1995,p3,186692.03090584357,75427.44842904665
C-WEU-GRC,Zone_4A Mixed Humid,WEU,urb,perm,sfh,2000,p3,167419.30346055105,67640.86724283613
C-WEU-GRC,Zone_4A Mixed Humid,WEU,urb,perm,sfh,2005,p3,157566.96088127984,48422.824524048396
C-WEU-GRC,Zone_4A Mixed Humid,WEU,urb,perm,sfh,2010,p3,159957.57447716923,49157.49797342577
C-WEU-GRC,Zone_4A Mixed Humid,WEU,urb,perm,sfh,2015,p3,14227.706439634361,5916.165085393441
C-WEU-GRC,Zone_4A Mixed Humid,WEU,urb,perm,sfh,2020,p3,5995.859051429017,3298.0516477903793
C-WEU-GRC,Zone_4C Mixed Marine,WEU,urb,perm,mfh,1945,p1,2648.6160313088817,1386.5332794939084
C-WEU-GRC,Zone_4C Mixed Marine,WEU,urb,perm,mfh,1960,p2,3070.554863023625,1954.342149538999
C-WEU-GRC,Zone_4C Mixed Marine,WEU,urb,perm,mfh,1965,p2,1869.3703558510335,708.6224812375021
C-WEU-GRC,Zone_4C Mixed Marine,WEU,urb,perm,mfh,1970,p2,2766.314140707024,1048.6270867271671
C-WEU-GRC,Zone_4C Mixed Marine,WEU,urb,perm,mfh,1975,p2,5202.369699813358,1972.0630069145636
C-WEU-GRC,Zone_4C Mixed Marine,WEU,urb,perm,mfh,1980,p2,10736.963052505216,4070.062080211954
C-WEU-GRC,Zone_4C Mixed Marine,WEU,urb,perm,mfh,1985,p2,6183.968517587149,1835.0954042696294
C-WEU-GRC,Zone_4C Mixed Marine,WEU,urb,perm,mfh,1990,p2,6274.30778814618,1861.9036229331741
C-WEU-GRC,Zone_4C Mixed Marine,WEU,urb,perm,mfh,1995,p3,9249.091761042986,2744.672088172364
C-WEU-GRC,Zone_4C Mixed Marine,WEU,urb,perm,mfh,2000,p3,8294.282607234396,2461.332047690984
C-WEU-GRC,Zone_4C Mixed Marine,WEU,urb,perm,mfh,2005,p3,9151.241736720545,2563.6823352357405
C-WEU-GRC,Zone_4C Mixed Marine,WEU,urb,perm,mfh,2010,p3,9290.084832347426,2602.5786513717007
C-WEU-GRC,Zone_4C Mixed Marine,WEU,urb,perm,mfh,2015,p3,833.8791129149117,387.8694393969973
C-WEU-GRC,Zone_4C Mixed Marine,WEU,urb,perm,mfh,2020,p3,325.9527467748943,190.9357291876966
C-WEU-GRC,Zone_4C Mixed Marine,WEU,urb,perm,sfh,1945,p1,2648.6160313088817,1386.5332794939084
C-WEU-GRC,Zone_4C Mixed Marine,WEU,urb,perm,sfh,1960,p2,3070.554863023625,1954.342149538999
C-WEU-GRC,Zone_4C Mixed Marine,WEU,urb,perm,sfh,1965,p2,1869.3703558510335,708.6224812375021
C-WEU-GRC,Zone_4C Mixed Marine,WEU,urb,perm,sfh,1970,p2,2766.314140707024,1048.6270867271671
C-WEU-GRC,Zone_4C Mixed Marine,WEU,urb,perm,sfh,1975,p2,5202.369686705864,1972.0630019459036
C-WEU-GRC,Zone_4C Mixed Marine,WEU,urb,perm,sfh,1980,p2,10736.963065612714,4070.0620851806143
C-WEU-GRC,Zone_4C Mixed Marine,WEU,urb,perm,sfh,1985,p2,6183.968419546724,1835.095375176089
C-WEU-GRC,Zone_4C Mixed Marine,WEU,urb,perm,sfh,1990,p2,6274.307847044711,1861.903640411338
C-WEU-GRC,Zone_4C Mixed Marine,WEU,urb,perm,sfh,1995,p3,9249.091681776212,2744.6720646499125
C-WEU-GRC,Zone_4C Mixed Marine,WEU,urb,perm,sfh,2000,p3,8294.282725643063,2461.332082828809
C-WEU-GRC,Zone_4C Mixed Marine,WEU,urb,perm,sfh,2005,p3,9151.241742081394,2563.6823367375605
C-WEU-GRC,Zone_4C Mixed Marine,WEU,urb,perm,sfh,2010,p3,9290.084826986575,2602.5786498698812
C-WEU-GRC,Zone_4C Mixed Marine,WEU,urb,perm,sfh,2015,p3,833.8791129149117,387.8694393969973
C-WEU-GRC,Zone_4C Mixed Marine,WEU,urb,perm,sfh,2020,p3,325.9527467748943,190.9357291876966
C-WEU-GRC,Zone_5A Cool Humid,WEU,rur,perm,mfh,1945,p1,965.7192350171475,1493.42019986417
C-WEU-GRC,Zone_5A Cool Humid,WEU,rur,perm,mfh,1960,p2,1408.5904784049285,1751.3200737362952
C-WEU-GRC,Zone_5A Cool Humid,WEU,rur,perm,mfh,1965,p2,992.0443110139911,555.2799619577547
C-WEU-GRC,Zone_5A Cool Humid,WEU,rur,perm,mfh,1970,p2,1468.0377257382008,821.7091952951687
C-WEU-GRC,Zone_5A Cool Humid,WEU,rur,perm,mfh,1975,p2,2760.8126171134563,1545.3179943507873
C-WEU-GRC,Zone_5A Cool Humid,WEU,rur,perm,mfh,1980,p2,5697.930899816843,3189.3200920171275
C-WEU-GRC,Zone_5A Cool Humid,WEU,rur,perm,mfh,1985,p2,2590.1871999854293,1118.3902767774607
C-WEU-GRC,Zone_5A Cool Humid,WEU,rur,perm,mfh,1990,p2,2628.0262707362817,1134.7284197542663
C-WEU-GRC,Zone_5A Cool Humid,WEU,rur,perm,mfh,1995,p3,3874.029924766126,1672.727515535452
C-WEU-GRC,Zone_5A Cool Humid,WEU,rur,perm,mfh,2000,p3,3474.103171971321,1500.0472583897883
C-WEU-GRC,Zone_5A Cool Humid,WEU,rur,perm,mfh,2005,p3,2711.635130146825,1142.8829863873666
C-WEU-GRC,Zone_5A Cool Humid,WEU,rur,perm,mfh,2010,p3,2752.776193459519,1160.2228640055687
C-WEU-GRC,Zone_5A Cool Humid,WEU,rur,perm,mfh,2015,p3,256.9253037260939,94.9631318521393
C-WEU-GRC,Zone_5A Cool Humid,WEU,rur,perm,mfh,2020,p3,91.97326047782333,42.98331231202052
C-WEU-GRC,Zone_5A Cool Humid,WEU,rur,perm,sfh,1945,p1,965.7192350171475,1493.42019986417
C-WEU-GRC,Zone_5A Cool Humid,WEU,rur,perm,sfh,1960,p2,1408.5904784049285,1751.3200737362952
C-WEU-GRC,Zone_5A Cool Humid,WEU,rur,perm,sfh,1965,p2,992.0443110139911,555.2799619577547
C-WEU-GRC,Zone_5A Cool Humid,WEU,rur,perm,sfh,1970,p2,1468.0377257382008,821.7091952951687
C-WEU-GRC,Zone_5A Cool Humid,WEU,rur,perm,sfh,1975,p2,2760.812610157524,1545.3179904573217
C-WEU-GRC,Zone_5A Cool Humid,WEU,rur,perm,sfh,1980,p2,5697.930906772775,3189.320095910593
C-WEU-GRC,Zone_5A Cool Humid,WEU,rur,perm,sfh,1985,p2,2590.18715892069,1118.390259046541
C-WEU-GRC,Zone_5A Cool Humid,WEU,rur,perm,sfh,1990,p2,2628.026295406237,1134.7284304062514
C-WEU-GRC,Zone_5A Cool Humid,WEU,rur,perm,sfh,1995,p3,3874.029891564828,1672.7275011998054
C-WEU-GRC,Zone_5A Cool Humid,WEU,rur,perm,sfh,2000,p3,3474.103221567403,1500.0472798043697
C-WEU-GRC,Zone_5A Cool Humid,WEU,rur,perm,sfh,2005,p3,2711.635131735317,1142.8829870568743
C-WEU-GRC,Zone_5A Cool Humid,WEU,rur,perm,sfh,2010,p3,2752.776191871028,1160.22286333606
C-WEU-GRC,Zone_5A Cool Humid,WEU,rur,perm,sfh,2015,p3,256.9253037260939,94.9631318521393
C-WEU-GRC,Zone_5A Cool Humid,WEU,rur,perm,sfh,2020,p3,91.97326047782333,42.98331231202052
C-WEU-GRC,Zone_5A Cool Humid,WEU,urb,perm,mfh,1945,p1,1125.3045644052193,1209.8929098966028
C-WEU-GRC,Zone_5A Cool Humid,WEU,urb,perm,mfh,1960,p2,1773.479993502626,1893.3973412112261
C-WEU-GRC,Zone_5A Cool Humid,WEU,urb,perm,mfh,1965,p2,1359.760283240956,611.1872452671179
C-WEU-GRC,Zone_5A Cool Humid,WEU,urb,perm,mfh,1970,p2,2012.1877335477523,904.4413879305854
C-WEU-GRC,Zone_5A Cool Humid,WEU,urb,perm,mfh,1975,p2,3784.1488576092997,1700.9053319680586
C-WEU-GRC,Zone_5A Cool Humid,WEU,urb,perm,mfh,1980,p2,7809.953696829451,3510.430584317248
C-WEU-GRC,Zone_5A Cool Humid,WEU,urb,perm,mfh,1985,p2,2312.066012884803,835.8189000809875
C-WEU-GRC,Zone_5A Cool Humid,WEU,urb,perm,mfh,1990,p2,2345.84211580226,848.0290640781081
C-WEU-GRC,Zone_5A Cool Humid,WEU,urb,perm,mfh,1995,p3,3458.0562061308997,1250.0978425872352
C-WEU-GRC,Zone_5A Cool Humid,WEU,urb,perm,mfh,2000,p3,3101.0715631732573,1121.0468077292926
C-WEU-GRC,Zone_5A Cool Humid,WEU,urb,perm,mfh,2005,p3,2175.0928475664027,828.332203995644
C-WEU-GRC,Zone_5A Cool Humid,WEU,urb,perm,mfh,2010,p3,2208.093464632414,840.8997014696429
C-WEU-GRC,Zone_5A Cool Humid,WEU,urb,perm,mfh,2015,p3,212.0573934701388,106.0782865583456
C-WEU-GRC,Zone_5A Cool Humid,WEU,urb,perm,mfh,2020,p3,80.02165791325861,50.036927621860556
C-WEU-GRC,Zone_5A Cool Humid,WEU,urb,perm,sfh,1945,p1,1125.3045644052193,1209.8929098966028
C-WEU-GRC,Zone_5A Cool Humid,WEU,urb,perm,sfh,1960,p2,1773.479993502626,1893.3973412112261
C-WEU-GRC,Zone_5A Cool Humid,WEU,urb,perm,sfh,1965,p2,1359.760283240956,611.1872452671179
C-WEU-GRC,Zone_5A Cool Humid,WEU,urb,perm,sfh,1970,p2,2012.1877335477523,904.4413879305854
C-WEU-GRC,Zone_5A Cool Humid,WEU,urb,perm,sfh,1975,p2,3784.1488480750477,1700.9053276825875
C-WEU-GRC,Zone_5A Cool Humid,WEU,urb,perm,sfh,1980,p2,7809.9537063637035,3510.430588602719
C-WEU-GRC,Zone_5A Cool Humid,WEU,urb,perm,sfh,1985,p2,2312.0659762293885,835.8188868299437
C-WEU-GRC,Zone_5A Cool Humid,WEU,urb,perm,sfh,1990,p2,2345.8421378232815,848.0290720387738
C-WEU-GRC,Zone_5A Cool Humid,WEU,urb,perm,sfh,1995,p3,3458.056176494588,1250.0978318736184
C-WEU-GRC,Zone_5A Cool Humid,WEU,urb,perm,sfh,2000,p3,3101.071607443965,1121.0468237332884
C-WEU-GRC,Zone_5A Cool Humid,WEU,urb,perm,sfh,2005,p3,2175.092848840586,828.3322044808854
C-WEU-GRC,Zone_5A Cool Humid,WEU,urb,perm,sfh,2010,p3,2208.093463358231,840.8997009844006
C-WEU-GRC,Zone_5A Cool Humid,WEU,urb,perm,sfh,2015,p3,212.0573934701388,106.0782865583456
C-WEU-GRC,Zone_5A Cool Humid,WEU,urb,perm,sfh,2020,p3,80.02165791325861,50.036927621860556
C-WEU-GRC,Zone_5C Cool Marine,WEU,urb,perm,mfh,1945,p1,862.1140261916273,750.8423262649573
C-WEU-GRC,Zone_5C Cool Marine,WEU,urb,perm,mfh,1960,p2,4133.546717227391,2610.451816082299
C-WEU-GRC,Zone_5C Cool Marine,WEU,urb,perm,mfh,1965,p2,3038.6372491119246,1514.2568706099673
C-WEU-GRC,Zone_5C Cool Marine,WEU,urb,perm,mfh,1970,p2,4496.607729114566,2240.813427216305
C-WEU-GRC,Zone_5C Cool Marine,WEU,urb,perm,mfh,1975,p2,8456.384420575348,4214.105587337793
C-WEU-GRC,Zone_5C Cool Marine,WEU,urb,perm,mfh,1980,p2,17452.79407666003,8697.324219811782
C-WEU-GRC,Zone_5C Cool Marine,WEU,urb,perm,mfh,1985,p2,6629.314089391717,5098.361486335051
C-WEU-GRC,Zone_5C Cool Marine,WEU,urb,perm,mfh,1990,p2,6726.159245934662,5172.841532022849
C-WEU-GRC,Zone_5C Cool Marine,WEU,urb,perm,mfh,1995,p3,9915.17569198152,7625.396714742548
C-WEU-GRC,Zone_5C Cool Marine,WEU,urb,perm,mfh,2000,p3,8891.604863957129,6838.206061566769
C-WEU-GRC,Zone_5C Cool Marine,WEU,urb,perm,mfh,2005,p3,6461.841458780735,3544.36243078197
C-WEU-GRC,Zone_5C Cool Marine,WEU,urb,perm,mfh,2010,p3,6559.880839380547,3598.1376741938834
C-WEU-GRC,Zone_5C Cool Marine,WEU,urb,perm,mfh,2015,p3,713.0943163278773,604.87297921478
C-WEU-GRC,Zone_5C Cool Marine,WEU,urb,perm,mfh,2020,p3,341.0451078089842,333.92987612849043
C-WEU-GRC,Zone_5C Cool Marine,WEU,urb,perm,sfh,1945,p1,862.1140261916273,750.8423262649573
C-WEU-GRC,Zone_5C Cool Marine,WEU,urb,perm,sfh,1960,p2,4133.546717227391,2610.451816082299
C-WEU-GRC,Zone_5C Cool Marine,WEU,urb,perm,sfh,1965,p2,3038.6372491119246,1514.2568706099673
C-WEU-GRC,Zone_5C Cool Marine,WEU,urb,perm,sfh,1970,p2,4496.607729114566,2240.813427216305
C-WEU-GRC,Zone_5C Cool Marine,WEU,urb,perm,sfh,1975,p2,8456.384399269287,4214.105576720254
C-WEU-GRC,Zone_5C Cool Marine,WEU,urb,perm,sfh,1980,p2,17452.794097966093,8697.324230429324
C-WEU-GRC,Zone_5C Cool Marine,WEU,urb,perm,sfh,1985,p2,6629.313984290797,5098.361405505803
C-WEU-GRC,Zone_5C Cool Marine,WEU,urb,perm,sfh,1990,p2,6726.159309074841,5172.841580581633
C-WEU-GRC,Zone_5C Cool Marine,WEU,urb,perm,sfh,1995,p3,9915.175607006264,7625.396649391201
C-WEU-GRC,Zone_5C Cool Marine,WEU,urb,perm,sfh,2000,p3,8891.60499089313,6838.206159188579
C-WEU-GRC,Zone_5C Cool Marine,WEU,urb,perm,sfh,2005,p3,6461.84146256612,3544.3624328582773
C-WEU-GRC,Zone_5C Cool Marine,WEU,urb,perm,sfh,2010,p3,6559.880835595166,3598.137672117573
C-WEU-GRC,Zone_5C Cool Marine,WEU,urb,perm,sfh,2015,p3,713.0943163278773,604.87297921478
C-WEU-GRC,Zone_5C Cool Marine,WEU,urb,perm,sfh,2020,p3,341.0451078089842,333.92987612849043
C-WEU-IRL,Zone_4A Mixed Humid,WEU,rur,perm,mfh,1945,p1,46114.60280405919,12141.991489361699
C-WEU-IRL,Zone_4A Mixed Humid,WEU,rur,perm,mfh,1960,p2,19027.8949526934,2485.9680851063817
C-WEU-IRL,Zone_4A Mixed Humid,WEU,rur,perm,mfh,1965,p2,8637.569488265539,1177.1741148999608
C-WEU-IRL,Zone_4A Mixed Humid,WEU,rur,perm,mfh,1970,p2,15566.757527824975,2121.5208791749324
C-WEU-IRL,Zone_4A Mixed Humid,WEU,rur,perm,mfh,1975,p2,37818.870041603936,5154.157651434588
C-WEU-IRL,Zone_4A Mixed Humid,WEU,rur,perm,mfh,1980,p2,39357.83700304099,5363.896290660719
C-WEU-IRL,Zone_4A Mixed Humid,WEU,rur,perm,mfh,1985,p2,38423.328092966345,6568.476627439946
C-WEU-IRL,Zone_4A Mixed Humid,WEU,rur,perm,mfh,1990,p2,15357.99566445706,2625.452832254184
C-WEU-IRL,Zone_4A Mixed Humid,WEU,rur,perm,mfh,1995,p3,29102.39756468786,4975.0614455781715
C-WEU-IRL,Zone_4A Mixed Humid,WEU,rur,perm,mfh,2000,p3,49984.765500717884,8544.906967068111
C-WEU-IRL,Zone_4A Mixed Humid,WEU,rur,perm,mfh,2005,p3,71246.34195147755,13872.332826143018
C-WEU-IRL,Zone_4A Mixed Humid,WEU,rur,perm,mfh,2010,p3,61267.70871234047,11929.399088750592
C-WEU-IRL,Zone_4A Mixed Humid,WEU,rur,perm,mfh,2015,p3,7706.425503586118,1282.236170212764
C-WEU-IRL,Zone_4A Mixed Humid,WEU,rur,perm,mfh,2020,p3,12280.290965969769,2119.6148936170202
C-WEU-IRL,Zone_4A Mixed Humid,WEU,rur,perm,sfh,1945,p1,46114.60280405919,12141.991489361699
C-WEU-IRL,Zone_4A Mixed Humid,WEU,rur,perm,sfh,1960,p2,19027.8949526934,2485.9680851063817
C-WEU-IRL,Zone_4A Mixed Humid,WEU,rur,perm,sfh,1965,p2,8637.569488265539,1177.1741148999608
C-WEU-IRL,Zone_4A Mixed Humid,WEU,rur,perm,sfh,1970,p2,15566.757430340178,2121.5208658891834
C-WEU-IRL,Zone_4A Mixed Humid,WEU,rur,perm,sfh,1975,p2,37818.87029992204,5154.157686639555
C-WEU-IRL,Zone_4A Mixed Humid,WEU,rur,perm,sfh,1980,p2,39357.83684220771,5363.8962687415005
C-WEU-IRL,Zone_4A Mixed Humid,WEU,rur,perm,sfh,1985,p2,38423.32890241638,6568.4767658156115
C-WEU-IRL,Zone_4A Mixed Humid,WEU,rur,perm,sfh,1990,p2,15357.995359597242,2625.452780138328
C-WEU-IRL,Zone_4A Mixed Humid,WEU,rur,perm,sfh,1995,p3,29102.397019965232,4975.061352457715
C-WEU-IRL,Zone_4A Mixed Humid,WEU,rur,perm,sfh,2000,p3,49984.76554085029,8544.906973928755
C-WEU-IRL,Zone_4A Mixed Humid,WEU,rur,perm,sfh,2005,p3,71246.3425288779,13872.332938568296
C-WEU-IRL,Zone_4A Mixed Humid,WEU,rur,perm,sfh,2010,p3,61267.70813494014,11929.398976325314
C-WEU-IRL,Zone_4A Mixed Humid,WEU,rur,perm,sfh,2015,p3,7706.425503586118,1282.236170212764
C-WEU-IRL,Zone_4A Mixed Humid,WEU,rur,perm,sfh,2020,p3,12280.290965969769,2119.6148936170202
C-WEU-IRL,Zone_5A Cool Humid,WEU,rur,perm,mfh,1945,p1,118729.88452257506,34441.4784862135
C-WEU-IRL,Zone_5A Cool Humid,WEU,rur,perm,mfh,1960,p2,49833.12550922793,9497.9980366569
C-WEU-IRL,Zone_5A Cool Humid,WEU,rur,perm,mfh,1965,p2,23364.16800179363,3979.668600825954
C-WEU-IRL,Zone_5A Cool Humid,WEU,rur,perm,mfh,1970,p2,42107.25466433521,7172.218554573517
C-WEU-IRL,Zone_5A Cool Humid,WEU,rur,perm,mfh,1975,p2,102298.04049512385,17424.64356758663
C-WEU-IRL,Zone_5A Cool Humid,WEU,rur,perm,mfh,1980,p2,106460.8646188631,18133.70628510921
C-WEU-IRL,Zone_5A Cool Humid,WEU,rur,perm,mfh,1985,p2,119753.1225136398,19544.93592853876
C-WEU-IRL,Zone_5A Cool Humid,WEU,rur,perm,mfh,1990,p2,47865.919680870815,7812.208263852535
C-WEU-IRL,Zone_5A Cool Humid,WEU,rur,perm,mfh,1995,p3,90702.78796704994,14803.623839987213
C-WEU-IRL,Zone_5A Cool Humid,WEU,rur,perm,mfh,2000,p3,155786.3944617221,25425.93490992788
C-WEU-IRL,Zone_5A Cool Humid,WEU,rur,perm,mfh,2005,p3,241616.37756958907,47493.15225241118
C-WEU-IRL,Zone_5A Cool Humid,WEU,rur,perm,mfh,2010,p3,207776.0266084434,40841.347616320956
C-WEU-IRL,Zone_5A Cool Humid,WEU,rur,perm,mfh,2015,p3,22481.84599411232,5082.688667339067
C-WEU-IRL,Zone_5A Cool Humid,WEU,rur,perm,mfh,2020,p3,29378.665683368727,5403.1149002235215
C-WEU-IRL,Zone_5A Cool Humid,WEU,rur,perm,sfh,1945,p1,118729.88452257506,34441.4784862135
C-WEU-IRL,Zone_5A Cool Humid,WEU,rur,perm,sfh,1960,p2,49833.12550922793,9497.9980366569
C-WEU-IRL,Zone_5A Cool Humid,WEU,rur,perm,sfh,1965,p2,23364.16800179363,3979.668600825954
C-WEU-IRL,Zone_5A Cool Humid,WEU,rur,perm,sfh,1970,p2,42107.254400643986,7172.218509658433
C-WEU-IRL,Zone_5A Cool Humid,WEU,rur,perm,sfh,1975,p2,102298.04119386066,17424.64368660396
C-WEU-IRL,Zone_5A Cool Humid,WEU,rur,perm,sfh,1980,p2,106460.86418381755,18133.70621100697
C-WEU-IRL,Zone_5A Cool Humid,WEU,rur,perm,sfh,1985,p2,119753.12503643452,19544.93634028469
C-WEU-IRL,Zone_5A Cool Humid,WEU,rur,perm,sfh,1990,p2,47865.91873072109,7812.208108778381
C-WEU-IRL,Zone_5A Cool Humid,WEU,rur,perm,sfh,1995,p3,90702.78626932518,14803.623562901143
C-WEU-IRL,Zone_5A Cool Humid,WEU,rur,perm,sfh,2000,p3,155786.3945868019,25425.93493034218
C-WEU-IRL,Zone_5A Cool Humid,WEU,rur,perm,sfh,2005,p3,241616.37952771597,47493.152637309
C-WEU-IRL,Zone_5A Cool Humid,WEU,rur,perm,sfh,2010,p3,207776.0246503165,40841.347231423126
C-WEU-IRL,Zone_5A Cool Humid,WEU,rur,perm,sfh,2015,p3,22481.84599411232,5082.688667339067
C-WEU-IRL,Zone_5A Cool Humid,WEU,rur,perm,sfh,2020,p3,29378.665683368727,5403.1149002235215
C-WEU-IRL,Zone_5A Cool Humid,WEU,urb,perm,mfh,1945,p1,108975.08339427906,15763.002002696783
C-WEU-IRL,Zone_5A Cool Humid,WEU,urb,perm,mfh,1960,p2,66460.64298247962,4174.990176617515
C-WEU-IRL,Zone_5A Cool Humid,WEU,urb,perm,mfh,1965,p2,28546.85021448475,1770.856396167448
C-WEU-IRL,Zone_5A Cool Humid,WEU,urb,perm,mfh,1970,p2,51447.56242780249,3191.464007691842
C-WEU-IRL,Zone_5A Cool Humid,WEU,urb,perm,mfh,1975,p2,124989.97777388923,7753.545485218221
C-WEU-IRL,Zone_5A Cool Humid,WEU,urb,perm,mfh,1980,p2,130076.20711107363,8069.061266695138
C-WEU-IRL,Zone_5A Cool Humid,WEU,urb,perm,mfh,1985,p2,109405.32614186777,9139.835067735385
C-WEU-IRL,Zone_5A Cool Humid,WEU,urb,perm,mfh,1990,p2,43729.85391816944,3653.2376113933815
C-WEU-IRL,Zone_5A Cool Humid,WEU,urb,perm,mfh,1995,p3,82865.21379333147,6922.646397868966
C-WEU-IRL,Zone_5A Cool Humid,WEU,urb,perm,mfh,2000,p3,142324.98440789376,11889.977658120175
C-WEU-IRL,Zone_5A Cool Humid,WEU,urb,perm,mfh,2005,p3,182093.8437896856,16648.811381435924
C-WEU-IRL,Zone_5A Cool Humid,WEU,urb,perm,mfh,2010,p3,156590.11079074102,14317.009100891259
C-WEU-IRL,Zone_5A Cool Humid,WEU,urb,perm,mfh,2015,p3,19972.520250104964,2214.6582638873483
C-WEU-IRL,Zone_5A Cool Humid,WEU,urb,perm,mfh,2020,p3,53228.78818866622,6825.127370189438
C-WEU-IRL,Zone_5A Cool Humid,WEU,urb,perm,sfh,1945,p1,108975.08339427906,15763.002002696783
C-WEU-IRL,Zone_5A Cool Humid,WEU,urb,perm,sfh,1960,p2,66460.64298247962,4174.990176617515
C-WEU-IRL,Zone_5A Cool Humid,WEU,urb,perm,sfh,1965,p2,28546.85021448475,1770.856396167448
C-WEU-IRL,Zone_5A Cool Humid,WEU,urb,perm,sfh,1970,p2,51447.56210561882,3191.4639877057143
C-WEU-IRL,Zone_5A Cool Humid,WEU,urb,perm,sfh,1975,p2,124989.97862762107,7753.54553817806
C-WEU-IRL,Zone_5A Cool Humid,WEU,urb,perm,sfh,1980,p2,130076.20657952546,8069.0612337214325
C-WEU-IRL,Zone_5A Cool Humid,WEU,urb,perm,sfh,1985,p2,109405.32844666929,9139.835260280906
C-WEU-IRL,Zone_5A Cool Humid,WEU,urb,perm,sfh,1990,p2,43729.85305012166,3653.2375388757555
C-WEU-IRL,Zone_5A Cool Humid,WEU,urb,perm,sfh,1995,p3,82865.21224230615,6922.646268294689
C-WEU-IRL,Zone_5A Cool Humid,WEU,urb,perm,sfh,2000,p3,142324.98452216547,11889.977667666548
C-WEU-IRL,Zone_5A Cool Humid,WEU,urb,perm,sfh,2005,p3,182093.8452654252,16648.811516362563
C-WEU-IRL,Zone_5A Cool Humid,WEU,urb,perm,sfh,2010,p3,156590.1093150014,14317.008965964622
C-WEU-IRL,Zone_5A Cool Humid,WEU,urb,perm,sfh,2015,p3,19972.520250104964,2214.6582638873483
C-WEU-IRL,Zone_5A Cool Humid,WEU,urb,perm,sfh,2020,p3,53228.78818866622,6825.127370189438
C-WEU-ITA,Zone_3A Warm Humid,WEU,rur,perm,mfh,1945,p1,207562.99999999994,126079.99999999999
C-WEU-ITA,Zone_3A Warm Humid,WEU,rur,perm,mfh,1960,p2,154996.99999999997,83853.99999999997
C-WEU-ITA,Zone_3A Warm Humid,WEU,rur,perm,mfh,1965,p2,76750.42088134502,37148.34004454603
C-WEU-ITA,Zone_3A Warm Humid,WEU,rur,perm,mfh,1970,p2,200380.10147823452,96986.93586817042
C-WEU-ITA,Zone_3A Warm Humid,WEU,rur,perm,mfh,1975,p2,258925.29489662722,125323.67628087076
C-WEU-ITA,Zone_3A Warm Humid,WEU,rur,perm,mfh,1980,p2,250672.18274379283,121329.04780641261
C-WEU-ITA,Zone_3A Warm Humid,WEU,rur,perm,mfh,1985,p2,123205.63620355053,61655.36777837031
C-WEU-ITA,Zone_3A Warm Humid,WEU,rur,perm,mfh,1990,p2,120275.2054907982,60188.90253448097
C-WEU-ITA,Zone_3A Warm Humid,WEU,rur,perm,mfh,1995,p3,128823.38099688814,64466.636255942394
C-WEU-ITA,Zone_3A Warm Humid,WEU,rur,perm,mfh,2000,p3,134119.77730876277,67117.09343120614
C-WEU-ITA,Zone_3A Warm Humid,WEU,rur,perm,mfh,2005,p3,77743.61010543852,38555.52552486964
C-WEU-ITA,Zone_3A Warm Humid,WEU,rur,perm,mfh,2010,p3,84980.38989456127,42144.47447513025
C-WEU-ITA,Zone_3A Warm Humid,WEU,rur,perm,mfh,2015,p3,14418.999999999947,8459.999999999969
C-WEU-ITA,Zone_3A Warm Humid,WEU,rur,perm,mfh,2020,p3,6905.999999999972,4505.999999999967
C-WEU-ITA,Zone_3A Warm Humid,WEU,rur,perm,sfh,1945,p1,207562.99999999994,126079.99999999999
C-WEU-ITA,Zone_3A Warm Humid,WEU,rur,perm,sfh,1960,p2,154996.99999999997,83853.99999999997
C-WEU-ITA,Zone_3A Warm Humid,WEU,rur,perm,sfh,1965,p2,76750.42088134502,37148.34004454603
C-WEU-ITA,Zone_3A Warm Humid,WEU,rur,perm,sfh,1970,p2,200380.10147823452,96986.93586817042
C-WEU-ITA,Zone_3A Warm Humid,WEU,rur,perm,sfh,1975,p2,258925.29088847718,125323.6743408668
C-WEU-ITA,Zone_3A Warm Humid,WEU,rur,perm,sfh,1980,p2,250672.1867519429,121329.04974641658
C-WEU-ITA,Zone_3A Warm Humid,WEU,rur,perm,sfh,1985,p2,123205.63651316418,61655.36793330918
C-WEU-ITA,Zone_3A Warm Humid,WEU,rur,perm,sfh,1990,p2,120275.20455958974,60188.90206847957
C-WEU-ITA,Zone_3A Warm Humid,WEU,rur,perm,sfh,1995,p3,128823.38131043928,64466.6364128517
C-WEU-ITA,Zone_3A Warm Humid,WEU,rur,perm,sfh,2000,p3,134119.77761680642,67117.09358535934
C-WEU-ITA,Zone_3A Warm Humid,WEU,rur,perm,sfh,2005,p3,77743.61037496895,38555.525658538325
C-WEU-ITA,Zone_3A Warm Humid,WEU,rur,perm,sfh,2010,p3,84980.38962503085,42144.474341461544
C-WEU-ITA,Zone_3A Warm Humid,WEU,rur,perm,sfh,2015,p3,14418.999999999947,8459.999999999969
C-WEU-ITA,Zone_3A Warm Humid,WEU,rur,perm,sfh,2020,p3,6905.999999999972,4505.999999999967
C-WEU-ITA,Zone_3A Warm Humid,WEU,urb,perm,mfh,1945,p1,1431382.9999999995,645513.9999999999
C-WEU-ITA,Zone_3A Warm Humid,WEU,urb,perm,mfh,1960,p2,1496912.9999999993,607797.9999999999
C-WEU-ITA,Zone_3A Warm Humid,WEU,urb,perm,mfh,1965,p2,757548.5691883941,285574.7666739459
C-WEU-ITA,Zone_3A Warm Humid,WEU,urb,perm,mfh,1970,p2,1977808.8175351978,745578.9827421936
C-WEU-ITA,Zone_3A Warm Humid,WEU,urb,perm,mfh,1975,p2,2555666.5933971293,963415.3119551095
C-WEU-ITA,Zone_3A Warm Humid,WEU,urb,perm,mfh,1980,p2,2474206.019879275,932706.9386287496
C-WEU-ITA,Zone_3A Warm Humid,WEU,urb,perm,mfh,1985,p2,1089900.241995408,449560.53698625526
C-WEU-ITA,Zone_3A Warm Humid,WEU,urb,perm,mfh,1990,p2,1063977.1004785465,438867.795603471
C-WEU-ITA,Zone_3A Warm Humid,WEU,urb,perm,mfh,1995,p3,1139595.8695526696,470058.920370049
C-WEU-ITA,Zone_3A Warm Humid,WEU,urb,perm,mfh,2000,p3,1186448.7879733725,489384.7470402234
C-WEU-ITA,Zone_3A Warm Humid,WEU,urb,perm,mfh,2005,p3,682148.0546624003,259716.13531007845
C-WEU-ITA,Zone_3A Warm Humid,WEU,urb,perm,mfh,2010,p3,745645.9453375977,283891.8646899208
C-WEU-ITA,Zone_3A Warm Humid,WEU,urb,perm,mfh,2015,p3,167250.9999999994,70834.99999999978
C-WEU-ITA,Zone_3A Warm Humid,WEU,urb,perm,mfh,2020,p3,72573.99999999959,32616.99999999978
C-WEU-ITA,Zone_3A Warm Humid,WEU,urb,perm,sfh,1945,p1,1431382.9999999995,645513.9999999999
C-WEU-ITA,Zone_3A Warm Humid,WEU,urb,perm,sfh,1960,p2,1496912.9999999993,607797.9999999999
C-WEU-ITA,Zone_3A Warm Humid,WEU,urb,perm,sfh,1965,p2,757548.5691883941,285574.7666739459
C-WEU-ITA,Zone_3A Warm Humid,WEU,urb,perm,sfh,1970,p2,1977808.8175351978,745578.9827421936
C-WEU-ITA,Zone_3A Warm Humid,WEU,urb,perm,sfh,1975,p2,2555666.553835544,963415.2970414907
C-WEU-ITA,Zone_3A Warm Humid,WEU,urb,perm,sfh,1980,p2,2474206.0594408605,932706.9535423684
C-WEU-ITA,Zone_3A Warm Humid,WEU,urb,perm,sfh,1985,p2,1089900.2447343084,449560.538115993
C-WEU-ITA,Zone_3A Warm Humid,WEU,urb,perm,sfh,1990,p2,1063977.0922409014,438867.7922056185
C-WEU-ITA,Zone_3A Warm Humid,WEU,urb,perm,sfh,1995,p3,1139595.872326402,470058.9215141543
C-WEU-ITA,Zone_3A Warm Humid,WEU,urb,perm,sfh,2000,p3,1186448.7906983846,489384.7481642326
C-WEU-ITA,Zone_3A Warm Humid,WEU,urb,perm,sfh,2005,p3,682148.0570273491,259716.136210492
C-WEU-ITA,Zone_3A Warm Humid,WEU,urb,perm,sfh,2010,p3,745645.942972649,283891.8637895072
C-WEU-ITA,Zone_3A Warm Humid,WEU,urb,perm,sfh,2015,p3,167250.9999999994,70834.99999999978
C-WEU-ITA,Zone_3A Warm Humid,WEU,urb,perm,sfh,2020,p3,72573.99999999959,32616.99999999978
C-WEU-ITA,Zone_4A Mixed Humid,WEU,rur,perm,mfh,1945,p1,222496.0,145833.0
C-WEU-ITA,Zone_4A Mixed Humid,WEU,rur,perm,mfh,1960,p2,117898.99999999997,67015.99999999999
C-WEU-ITA,Zone_4A Mixed Humid,WEU,rur,perm,mfh,1965,p2,59910.219881078345,27951.299672056517
C-WEU-ITA,Zone_4A Mixed Humid,WEU,rur,perm,mfh,1970,p2,156413.6821857054,72975.29056412747
C-WEU-ITA,Zone_4A Mixed Humid,WEU,rur,perm,mfh,1975,p2,202113.17321480988,94296.5304318915
C-WEU-ITA,Zone_4A Mixed Humid,WEU,rur,perm,mfh,1980,p2,195670.92471840602,91290.87933192431
C-WEU-ITA,Zone_4A Mixed Humid,WEU,rur,perm,mfh,1985,p2,90472.05409352454,41785.2649237359
C-WEU-ITA,Zone_4A Mixed Humid,WEU,rur,perm,mfh,1990,p2,88320.18570656067,40791.406748068235
C-WEU-ITA,Zone_4A Mixed Humid,WEU,rur,perm,mfh,1995,p3,94597.2623405724,43690.526401388284
C-WEU-ITA,Zone_4A Mixed Humid,WEU,rur,perm,mfh,2000,p3,98486.49785934201,45486.80192680739
C-WEU-ITA,Zone_4A Mixed Humid,WEU,rur,perm,mfh,2005,p3,79916.47884542074,33434.854742935044
C-WEU-ITA,Zone_4A Mixed Humid,WEU,rur,perm,mfh,2010,p3,87355.52115457908,36547.14525706485
C-WEU-ITA,Zone_4A Mixed Humid,WEU,rur,perm,mfh,2015,p3,15874.99999999996,9147.999999999984
C-WEU-ITA,Zone_4A Mixed Humid,WEU,rur,perm,mfh,2020,p3,6918.999999999949,4063.9999999999686
C-WEU-ITA,Zone_4A Mixed Humid,WEU,rur,perm,sfh,1945,p1,222496.0,145833.0
C-WEU-ITA,Zone_4A Mixed Humid,WEU,rur,perm,sfh,1960,p2,117898.99999999997,67015.99999999999
C-WEU-ITA,Zone_4A Mixed Humid,WEU,rur,perm,sfh,1965,p2,59910.219881078345,27951.299672056517
C-WEU-ITA,Zone_4A Mixed Humid,WEU,rur,perm,sfh,1970,p2,156413.6821857054,72975.29056412747
C-WEU-ITA,Zone_4A Mixed Humid,WEU,rur,perm,sfh,1975,p2,202113.17321480988,94296.5304318915
C-WEU-ITA,Zone_4A Mixed Humid,WEU,rur,perm,sfh,1980,p2,195670.92471840602,91290.87933192431
C-WEU-ITA,Zone_4A Mixed Humid,WEU,rur,perm,sfh,1985,p2,90472.05362299067,41785.26470641595
C-WEU-ITA,Zone_4A Mixed Humid,WEU,rur,perm,sfh,1990,p2,88320.18618944201,40791.40697109094
C-WEU-ITA,Zone_4A Mixed Humid,WEU,rur,perm,sfh,1995,p3,94597.26187582129,43690.52618673915
C-WEU-ITA,Zone_4A Mixed Humid,WEU,rur,perm,sfh,2000,p3,98486.4983117457,45486.80213575376
C-WEU-ITA,Zone_4A Mixed Humid,WEU,rur,perm,sfh,2005,p3,79916.47940464718,33434.8549769
C-WEU-ITA,Zone_4A Mixed Humid,WEU,rur,perm,sfh,2010,p3,87355.52059535266,36547.14502309988
C-WEU-ITA,Zone_4A Mixed Humid,WEU,rur,perm,sfh,2015,p3,15874.99999999996,9147.999999999984
C-WEU-ITA,Zone_4A Mixed Humid,WEU,rur,perm,sfh,2020,p3,6918.999999999949,4063.9999999999686
C-WEU-ITA,Zone_4A Mixed Humid,WEU,urb,perm,mfh,1945,p1,1682358.9999999998,573524.9999999999
C-WEU-ITA,Zone_4A Mixed Humid,WEU,urb,perm,mfh,1960,p2,1372708.9999999995,371725.9999999999
C-WEU-ITA,Zone_4A Mixed Humid,WEU,urb,perm,mfh,1965,p2,657464.0021104914,159919.0831241055
C-WEU-ITA,Zone_4A Mixed Humid,WEU,urb,perm,mfh,1970,p2,1716507.8959613612,417516.95608620776
C-WEU-ITA,Zone_4A Mixed Humid,WEU,urb,perm,mfh,1975,p2,2218021.1657515285,539503.1667714543
C-WEU-ITA,Zone_4A Mixed Humid,WEU,urb,perm,mfh,1980,p2,2147322.936176616,522306.7940182317
C-WEU-ITA,Zone_4A Mixed Humid,WEU,urb,perm,mfh,1985,p2,859717.0948663182,217203.8718884094
C-WEU-ITA,Zone_4A Mixed Humid,WEU,urb,perm,mfh,1990,p2,839268.8132758194,212037.70041009138
C-WEU-ITA,Zone_4A Mixed Humid,WEU,urb,perm,mfh,1995,p3,898917.178089856,227107.60639054142
C-WEU-ITA,Zone_4A Mixed Humid,WEU,urb,perm,mfh,2000,p3,935874.9137680029,236444.8213109568
C-WEU-ITA,Zone_4A Mixed Humid,WEU,urb,perm,mfh,2005,p3,905701.3015451037,214370.63221594112
C-WEU-ITA,Zone_4A Mixed Humid,WEU,urb,perm,mfh,2010,p3,990008.6984548947,234325.3677840584
C-WEU-ITA,Zone_4A Mixed Humid,WEU,urb,perm,mfh,2015,p3,196250.99999999953,60698.99999999989
C-WEU-ITA,Zone_4A Mixed Humid,WEU,urb,perm,mfh,2020,p3,93433.99999999955,29115.99999999985
C-WEU-ITA,Zone_4A Mixed Humid,WEU,urb,perm,sfh,1945,p1,1682358.9999999998,573524.9999999999
C-WEU-ITA,Zone_4A Mixed Humid,WEU,urb,perm,sfh,1960,p2,1372708.9999999995,371725.9999999999
C-WEU-ITA,Zone_4A Mixed Humid,WEU,urb,perm,sfh,1965,p2,657464.0021104914,159919.0831241055
C-WEU-ITA,Zone_4A Mixed Humid,WEU,urb,perm,sfh,1970,p2,1716507.8959613612,417516.95608620776
C-WEU-ITA,Zone_4A Mixed Humid,WEU,urb,perm,sfh,1975,p2,2218021.1657515285,539503.1667714543
C-WEU-ITA,Zone_4A Mixed Humid,WEU,urb,perm,sfh,1980,p2,2147322.936176616,522306.7940182317
C-WEU-ITA,Zone_4A Mixed Humid,WEU,urb,perm,sfh,1985,p2,859717.0903950367,217203.87075875915
C-WEU-ITA,Zone_4A Mixed Humid,WEU,urb,perm,sfh,1990,p2,839268.8178644333,212037.7015693852
C-WEU-ITA,Zone_4A Mixed Humid,WEU,urb,perm,sfh,1995,p3,898917.1736735256,227107.60527477428
C-WEU-ITA,Zone_4A Mixed Humid,WEU,urb,perm,sfh,2000,p3,935874.9180670008,236444.82239708037
C-WEU-ITA,Zone_4A Mixed Humid,WEU,urb,perm,sfh,2005,p3,905701.3078828717,214370.63371602877
C-WEU-ITA,Zone_4A Mixed Humid,WEU,urb,perm,sfh,2010,p3,990008.6921171265,234325.36628397074
C-WEU-ITA,Zone_4A Mixed Humid,WEU,urb,perm,sfh,2015,p3,196250.99999999953,60698.99999999989
C-WEU-ITA,Zone_4A Mixed Humid,WEU,urb,perm,sfh,2020,p3,93433.99999999955,29115.99999999985
C-WEU-ITA,Zone_4C Mixed Marine,WEU,rur,perm,mfh,1945,p1,9950.0,10538.999999999998
C-WEU-ITA,Zone_4C Mixed Marine,WEU,rur,perm,mfh,1960,p2,4907.999999999996,5540.999999999999
C-WEU-ITA,Zone_4C Mixed Marine,WEU,rur,perm,mfh,1965,p2,2099.0253993489314,1738.456619092673
C-WEU-ITA,Zone_4C Mixed Marine,WEU,rur,perm,mfh,1970,p2,5480.138494909468,4538.765011121338
C-WEU-ITA,Zone_4C Mixed Marine,WEU,rur,perm,mfh,1975,p2,7081.273730947108,5864.858611520611
C-WEU-ITA,Zone_4C Mixed Marine,WEU,rur,perm,mfh,1980,p2,6855.562374794477,5677.919758265368
C-WEU-ITA,Zone_4C Mixed Marine,WEU,rur,perm,mfh,1985,p2,3617.1692401093565,2726.7442052156093
C-WEU-ITA,Zone_4C Mixed Marine,WEU,rur,perm,mfh,1990,p2,3531.1356088468956,2661.8891514632783
C-WEU-ITA,Zone_4C Mixed Marine,WEU,rur,perm,mfh,1995,p3,3782.099770862341,2851.0744035394882
C-WEU-ITA,Zone_4C Mixed Marine,WEU,rur,perm,mfh,2000,p3,3937.5953801813944,2968.2922397816155
C-WEU-ITA,Zone_4C Mixed Marine,WEU,rur,perm,mfh,2005,p3,1782.0583285535608,1275.6288839780173
C-WEU-ITA,Zone_4C Mixed Marine,WEU,rur,perm,mfh,2010,p3,1947.9416714464342,1394.3711160219787
C-WEU-ITA,Zone_4C Mixed Marine,WEU,rur,perm,mfh,2015,p3,270.99999999999983,211.99999999999682
C-WEU-ITA,Zone_4C Mixed Marine,WEU,rur,perm,mfh,2020,p3,133.99999999999957,123.99999999999983
C-WEU-ITA,Zone_4C Mixed Marine,WEU,rur,perm,sfh,1945,p1,9950.0,10538.999999999998
C-WEU-ITA,Zone_4C Mixed Marine,WEU,rur,perm,sfh,1960,p2,4907.999999999996,5540.999999999999
C-WEU-ITA,Zone_4C Mixed Marine,WEU,rur,perm,sfh,1965,p2,2099.025401006471,1738.4566204654843
C-WEU-ITA,Zone_4C Mixed Marine,WEU,rur,perm,sfh,1970,p2,5480.138324053161,4538.764869614579
C-WEU-ITA,Zone_4C Mixed Marine,WEU,rur,perm,sfh,1975,p2,7081.27403468095,5864.8588630793165
C-WEU-ITA,Zone_4C Mixed Marine,WEU,rur,perm,sfh,1980,p2,6855.562240259407,5677.9196468406135
C-WEU-ITA,Zone_4C Mixed Marine,WEU,rur,perm,sfh,1985,p2,3617.1694056253045,2726.7443299871165
C-WEU-ITA,Zone_4C Mixed Marine,WEU,rur,perm,sfh,1990,p2,3531.1354448119364,2661.8890278081917
C-WEU-ITA,Zone_4C Mixed Marine,WEU,rur,perm,sfh,1995,p3,3782.0996781263893,2851.074333632
C-WEU-ITA,Zone_4C Mixed Marine,WEU,rur,perm,sfh,2000,p3,3937.595471436354,2968.292308572686
C-WEU-ITA,Zone_4C Mixed Marine,WEU,rur,perm,sfh,2005,p3,1782.0583730650292,1275.6289158401146
C-WEU-ITA,Zone_4C Mixed Marine,WEU,rur,perm,sfh,2010,p3,1947.9416269349658,1394.3710841598781
C-WEU-ITA,Zone_4C Mixed Marine,WEU,rur,perm,sfh,2015,p3,270.99999999999983,211.99999999999682
C-WEU-ITA,Zone_4C Mixed Marine,WEU,rur,perm,sfh,2020,p3,133.99999999999957,123.99999999999983
C-WEU-ITA,Zone_4C Mixed Marine,WEU,urb,perm,mfh,1945,p1,326810.0,174251.99999999997
C-WEU-ITA,Zone_4C Mixed Marine,WEU,urb,perm,mfh,1960,p2,235620.9999999999,111665.99999999997
C-WEU-ITA,Zone_4C Mixed Marine,WEU,urb,perm,mfh,1965,p2,101523.52519929616,49570.40276618233
C-WEU-ITA,Zone_4C Mixed Marine,WEU,urb,perm,mfh,1970,p2,265057.76383465645,129418.47797143518
C-WEU-ITA,Zone_4C Mixed Marine,WEU,urb,perm,mfh,1975,p2,342499.84411332686,167230.749589554
C-WEU-ITA,Zone_4C Mixed Marine,WEU,urb,perm,mfh,1980,p2,331582.86685272004,161900.3696728282
C-WEU-ITA,Zone_4C Mixed Marine,WEU,urb,perm,mfh,1985,p2,121699.20657239588,60125.09898184998
C-WEU-ITA,Zone_4C Mixed Marine,WEU,urb,perm,mfh,1990,p2,118804.61581145419,58695.0357882166
C-WEU-ITA,Zone_4C Mixed Marine,WEU,urb,perm,mfh,1995,p3,127248.2736466243,62866.5976036708
C-WEU-ITA,Zone_4C Mixed Marine,WEU,urb,perm,mfh,2000,p3,132479.903969525,65451.267626262335
C-WEU-ITA,Zone_4C Mixed Marine,WEU,urb,perm,mfh,2005,p3,116105.16109609367,54171.706606266496
C-WEU-ITA,Zone_4C Mixed Marine,WEU,urb,perm,mfh,2010,p3,126912.83890390607,59214.29339373336
C-WEU-ITA,Zone_4C Mixed Marine,WEU,urb,perm,mfh,2015,p3,33312.999999999905,17691.999999999975
C-WEU-ITA,Zone_4C Mixed Marine,WEU,urb,perm,mfh,2020,p3,15345.999999999907,8314.99999999996
C-WEU-ITA,Zone_4C Mixed Marine,WEU,urb,perm,sfh,1945,p1,326810.0,174251.99999999997
C-WEU-ITA,Zone_4C Mixed Marine,WEU,urb,perm,sfh,1960,p2,235620.9999999999,111665.99999999997
C-WEU-ITA,Zone_4C Mixed Marine,WEU,urb,perm,sfh,1965,p2,101523.52527946641,49570.40280532666
C-WEU-ITA,Zone_4C Mixed Marine,WEU,urb,perm,sfh,1970,p2,265057.7555708523,129418.47393650733
C-WEU-ITA,Zone_4C Mixed Marine,WEU,urb,perm,sfh,1975,p2,342499.8588040164,167230.75676250624
C-WEU-ITA,Zone_4C Mixed Marine,WEU,urb,perm,sfh,1980,p2,331582.86034566443,161900.36649565952
C-WEU-ITA,Zone_4C Mixed Marine,WEU,urb,perm,sfh,1985,p2,121699.21214115934,60125.10173307953
C-WEU-ITA,Zone_4C Mixed Marine,WEU,urb,perm,sfh,1990,p2,118804.61029251848,58695.03306160427
C-WEU-ITA,Zone_4C Mixed Marine,WEU,urb,perm,sfh,1995,p3,127248.27052653482,62866.59606220069
C-WEU-ITA,Zone_4C Mixed Marine,WEU,urb,perm,sfh,2000,p3,132479.90703978683,65451.269143115256
C-WEU-ITA,Zone_4C Mixed Marine,WEU,urb,perm,sfh,2005,p3,116105.16399611736,54171.7079593436
C-WEU-ITA,Zone_4C Mixed Marine,WEU,urb,perm,sfh,2010,p3,126912.8360038824,59214.29204065623
C-WEU-ITA,Zone_4C Mixed Marine,WEU,urb,perm,sfh,2015,p3,33312.999999999905,17691.999999999975
C-WEU-ITA,Zone_4C Mixed Marine,WEU,urb,perm,sfh,2020,p3,15345.999999999907,8314.99999999996
C-WEU-ITA,Zone_5A Cool Humid,WEU,urb,perm,mfh,1945,p1,251668.99999999997,106320.0
C-WEU-ITA,Zone_5A Cool Humid,WEU,urb,perm,mfh,1960,p2,194125.99999999997,67554.99999999999
C-WEU-ITA,Zone_5A Cool Humid,WEU,urb,perm,mfh,1965,p2,117240.26594630526,33787.909303938235
C-WEU-ITA,Zone_5A Cool Humid,WEU,urb,perm,mfh,1970,p2,306091.0480434033,88213.52021475723
C-WEU-ITA,Zone_5A Cool Humid,WEU,urb,perm,mfh,1975,p2,395521.8784720797,113986.92462586536
C-WEU-ITA,Zone_5A Cool Humid,WEU,urb,perm,mfh,1980,p2,382914.8075382113,110353.64585543897
C-WEU-ITA,Zone_5A Cool Humid,WEU,urb,perm,mfh,1985,p2,170616.14850644,49680.85334978339
C-WEU-ITA,Zone_5A Cool Humid,WEU,urb,perm,mfh,1990,p2,166558.06471126768,48499.20045424007
C-WEU-ITA,Zone_5A Cool Humid,WEU,urb,perm,mfh,1995,p3,178395.64685862706,51946.126128199765
C-WEU-ITA,Zone_5A Cool Humid,WEU,urb,perm,mfh,2000,p3,185730.13992366468,54081.820067776585
C-WEU-ITA,Zone_5A Cool Humid,WEU,urb,perm,mfh,2005,p3,185090.41131930836,51941.50728636991
C-WEU-ITA,Zone_5A Cool Humid,WEU,urb,perm,mfh,2010,p3,202319.58868069132,56776.49271362999
C-WEU-ITA,Zone_5A Cool Humid,WEU,urb,perm,mfh,2015,p3,36884.99999999991,15546.999999999993
C-WEU-ITA,Zone_5A Cool Humid,WEU,urb,perm,mfh,2020,p3,17562.999999999876,7561.999999999977
C-WEU-ITA,Zone_5A Cool Humid,WEU,urb,perm,sfh,1945,p1,251668.99999999997,106320.0
C-WEU-ITA,Zone_5A Cool Humid,WEU,urb,perm,sfh,1960,p2,194125.99999999997,67554.99999999999
C-WEU-ITA,Zone_5A Cool Humid,WEU,urb,perm,sfh,1965,p2,117240.26576114271,33787.909250575525
C-WEU-ITA,Zone_5A Cool Humid,WEU,urb,perm,sfh,1970,p2,306091.04263899976,88213.51865724202
C-WEU-ITA,Zone_5A Cool Humid,WEU,urb,perm,sfh,1975,p2,395521.8690328341,113986.92190553399
C-WEU-ITA,Zone_5A Cool Humid,WEU,urb,perm,sfh,1980,p2,382914.82256702305,110353.65018664824
C-WEU-ITA,Zone_5A Cool Humid,WEU,urb,perm,sfh,1985,p2,170616.14948478356,49680.85363466231
C-WEU-ITA,Zone_5A Cool Humid,WEU,urb,perm,sfh,1990,p2,166558.06391016277,48499.20022097034
C-WEU-ITA,Zone_5A Cool Humid,WEU,urb,perm,sfh,1995,p3,178395.64734888368,51946.12627095512
C-WEU-ITA,Zone_5A Cool Humid,WEU,urb,perm,sfh,2000,p3,185730.1392561694,54081.819873412
C-WEU-ITA,Zone_5A Cool Humid,WEU,urb,perm,sfh,2005,p3,185090.41190060313,51941.50744949735
C-WEU-ITA,Zone_5A Cool Humid,WEU,urb,perm,sfh,2010,p3,202319.58809939653,56776.49255050256
C-WEU-ITA,Zone_5A Cool Humid,WEU,urb,perm,sfh,2015,p3,36884.99999999991,15546.999999999993
C-WEU-ITA,Zone_5A Cool Humid,WEU,urb,perm,sfh,2020,p3,17562.999999999876,7561.999999999977
C-WEU-ITA,Zone_5C Cool Marine,WEU,urb,perm,mfh,1945,p1,67174.0,33667.0
C-WEU-ITA,Zone_5C Cool Marine,WEU,urb,perm,mfh,1960,p2,36588.999999999985,18279.999999999993
C-WEU-ITA,Zone_5C Cool Marine,WEU,urb,perm,mfh,1965,p2,15786.39581739729,6972.5573289808235
C-WEU-ITA,Zone_5C Cool Marine,WEU,urb,perm,mfh,1970,p2,41215.1438068346,18203.96221781311
C-WEU-ITA,Zone_5C Cool Marine,WEU,urb,perm,mfh,1975,p2,53256.99947610194,23522.625829981567
C-WEU-ITA,Zone_5C Cool Marine,WEU,urb,perm,mfh,1980,p2,51559.46089966608,22772.85462322445
C-WEU-ITA,Zone_5C Cool Marine,WEU,urb,perm,mfh,1985,p2,21745.34789334105,9668.167251587272
C-WEU-ITA,Zone_5C Cool Marine,WEU,urb,perm,mfh,1990,p2,21228.13782618696,9438.211241778768
C-WEU-ITA,Zone_5C Cool Marine,WEU,urb,perm,mfh,1995,p3,22736.85994195934,10109.001970122215
C-WEU-ITA,Zone_5C Cool Marine,WEU,urb,perm,mfh,2000,p3,23671.654338512566,10524.619536511702
C-WEU-ITA,Zone_5C Cool Marine,WEU,urb,perm,mfh,2005,p3,18322.23538855709,7398.647646080699
C-WEU-ITA,Zone_5C Cool Marine,WEU,urb,perm,mfh,2010,p3,20027.764611442864,8087.352353919276
C-WEU-ITA,Zone_5C Cool Marine,WEU,urb,perm,mfh,2015,p3,3754.999999999978,1986.9999999999905
C-WEU-ITA,Zone_5C Cool Marine,WEU,urb,perm,mfh,2020,p3,1687.9999999999877,998.9999999999961
C-WEU-ITA,Zone_5C Cool Marine,WEU,urb,perm,sfh,1945,p1,67174.0,33667.0
C-WEU-ITA,Zone_5C Cool Marine,WEU,urb,perm,sfh,1960,p2,36588.999999999985,18279.999999999993
C-WEU-ITA,Zone_5C Cool Marine,WEU,urb,perm,sfh,1965,p2,15786.395814280768,6972.5573276043215
C-WEU-ITA,Zone_5C Cool Marine,WEU,urb,perm,sfh,1970,p2,41215.143303663965,18203.961995572008
C-WEU-ITA,Zone_5C Cool Marine,WEU,urb,perm,sfh,1975,p2,53256.99952333157,23522.625850842014
C-WEU-ITA,Zone_5C Cool Marine,WEU,urb,perm,sfh,1980,p2,51559.46135872358,22772.85482598161
C-WEU-ITA,Zone_5C Cool Marine,WEU,urb,perm,sfh,1985,p2,21745.348158659872,9668.16736955028
C-WEU-ITA,Zone_5C Cool Marine,WEU,urb,perm,sfh,1990,p2,21228.137542055923,9438.211115451693
C-WEU-ITA,Zone_5C Cool Marine,WEU,urb,perm,sfh,1995,p3,22736.859804114047,10109.00190883503
C-WEU-ITA,Zone_5C Cool Marine,WEU,urb,perm,sfh,2000,p3,23671.654495170053,10524.619606162963
C-WEU-ITA,Zone_5C Cool Marine,WEU,urb,perm,sfh,2005,p3,18322.235565287458,7398.64771744567
C-WEU-ITA,Zone_5C Cool Marine,WEU,urb,perm,sfh,2010,p3,20027.7644347125,8087.352282554304
C-WEU-ITA,Zone_5C Cool Marine,WEU,urb,perm,sfh,2015,p3,3754.999999999978,1986.9999999999905
C-WEU-ITA,Zone_5C Cool Marine,WEU,urb,perm,sfh,2020,p3,1687.9999999999877,998.9999999999961
C-WEU-ITA,Zone_6A Cold Humid,WEU,urb,perm,mfh,1945,p1,12690.0,17155.0
C-WEU-ITA,Zone_6A Cold Humid,WEU,urb,perm,mfh,1960,p2,8481.999999999996,9645.999999999996
C-WEU-ITA,Zone_6A Cold Humid,WEU,urb,perm,mfh,1965,p2,3992.987064517366,4866.702973381707
C-WEU-ITA,Zone_6A Cold Humid,WEU,urb,perm,mfh,1970,p2,10424.896093226584,12705.994783940921
C-WEU-ITA,Zone_6A Cold Humid,WEU,urb,perm,mfh,1975,p2,13470.74484023318,16418.313635472077
C-WEU-ITA,Zone_6A Cold Humid,WEU,urb,perm,mfh,1980,p2,13041.37200202285,15894.988607205269
C-WEU-ITA,Zone_6A Cold Humid,WEU,urb,perm,mfh,1985,p2,5338.657830116537,6646.560878544649
C-WEU-ITA,Zone_6A Cold Humid,WEU,urb,perm,mfh,1990,p2,5211.678598127663,6488.473354942022
C-WEU-ITA,Zone_6A Cold Humid,WEU,urb,perm,mfh,1995,p3,5582.082013899399,6949.620881322061
C-WEU-ITA,Zone_6A Cold Humid,WEU,urb,perm,mfh,2000,p3,5811.581557856391,7235.344885191233
C-WEU-ITA,Zone_6A Cold Humid,WEU,urb,perm,mfh,2005,p3,4798.657946353779,7293.539646459265
C-WEU-ITA,Zone_6A Cold Humid,WEU,urb,perm,mfh,2010,p3,5245.342053646207,7972.4603535407305
C-WEU-ITA,Zone_6A Cold Humid,WEU,urb,perm,mfh,2015,p3,1355.9999999999977,2028.9999999999973
C-WEU-ITA,Zone_6A Cold Humid,WEU,urb,perm,mfh,2020,p3,628.9999999999978,881.999999999994
C-WEU-ITA,Zone_6A Cold Humid,WEU,urb,perm,sfh,1945,p1,12690.0,17155.0
C-WEU-ITA,Zone_6A Cold Humid,WEU,urb,perm,sfh,1960,p2,8481.999999999996,9645.999999999996
C-WEU-ITA,Zone_6A Cold Humid,WEU,urb,perm,sfh,1965,p2,3992.9870637290815,4866.702972420935
C-WEU-ITA,Zone_6A Cold Humid,WEU,urb,perm,sfh,1970,p2,10424.895965955373,12705.994628821156
C-WEU-ITA,Zone_6A Cold Humid,WEU,urb,perm,sfh,1975,p2,13470.744852179367,16418.31365003225
C-WEU-ITA,Zone_6A Cold Humid,WEU,urb,perm,sfh,1980,p2,13041.372118136158,15894.988748725642
C-WEU-ITA,Zone_6A Cold Humid,WEU,urb,perm,sfh,1985,p2,5338.6578952544405,6646.560959640503
C-WEU-ITA,Zone_6A Cold Humid,WEU,urb,perm,sfh,1990,p2,5211.678528371208,6488.47326809613
C-WEU-ITA,Zone_6A Cold Humid,WEU,urb,perm,sfh,1995,p3,5582.081980057268,6949.6208391890505
C-WEU-ITA,Zone_6A Cold Humid,WEU,urb,perm,sfh,2000,p3,5811.581596317063,7235.34493307429
C-WEU-ITA,Zone_6A Cold Humid,WEU,urb,perm,sfh,2005,p3,4798.657992640088,7293.539716810391
C-WEU-ITA,Zone_6A Cold Humid,WEU,urb,perm,sfh,2010,p3,5245.342007359898,7972.460283189597
C-WEU-ITA,Zone_6A Cold Humid,WEU,urb,perm,sfh,2015,p3,1355.9999999999977,2028.9999999999973
C-WEU-ITA,Zone_6A Cold Humid,WEU,urb,perm,sfh,2020,p3,628.9999999999978,881.999999999994
C-WEU-ITA,Zone_7A Very cold Humid,WEU,rur,perm,mfh,1945,p1,22889.0,23298.0
C-WEU-ITA,Zone_7A Very cold Humid,WEU,rur,perm,mfh,1960,p2,12019.999999999996,11389.999999999996
C-WEU-ITA,Zone_7A Very cold Humid,WEU,rur,perm,mfh,1965,p2,5817.4885079721325,4680.760306756492
C-WEU-ITA,Zone_7A Very cold Humid,WEU,rur,perm,mfh,1970,p2,15188.306958985779,12220.535415416853
C-WEU-ITA,Zone_7A Very cold Humid,WEU,rur,perm,mfh,1975,p2,19625.884591077072,15791.017284006535
C-WEU-ITA,Zone_7A Very cold Humid,WEU,rur,perm,mfh,1980,p2,19000.31994196497,15287.686993820083
C-WEU-ITA,Zone_7A Very cold Humid,WEU,rur,perm,mfh,1985,p2,8182.179189868718,7649.383863221108
C-WEU-ITA,Zone_7A Very cold Humid,WEU,rur,perm,mfh,1990,p2,7987.567198880304,7467.444334776243
C-WEU-ITA,Zone_7A Very cold Humid,WEU,rur,perm,mfh,1995,p3,8555.258033697797,7998.169097749942
C-WEU-ITA,Zone_7A Very cold Humid,WEU,rur,perm,mfh,2000,p3,8906.995577553133,8327.002704252665
C-WEU-ITA,Zone_7A Very cold Humid,WEU,rur,perm,mfh,2005,p3,7665.239754211476,7379.537100694995
C-WEU-ITA,Zone_7A Very cold Humid,WEU,rur,perm,mfh,2010,p3,8378.76024578851,8066.462899304995
C-WEU-ITA,Zone_7A Very cold Humid,WEU,rur,perm,mfh,2015,p3,1868.9999999999945,2483.9999999999995
C-WEU-ITA,Zone_7A Very cold Humid,WEU,rur,perm,mfh,2020,p3,982.9999999999965,1349.999999999992
C-WEU-ITA,Zone_7A Very cold Humid,WEU,rur,perm,sfh,1945,p1,22889.0,23298.0
C-WEU-ITA,Zone_7A Very cold Humid,WEU,rur,perm,sfh,1960,p2,12019.999999999996,11389.999999999996
C-WEU-ITA,Zone_7A Very cold Humid,WEU,rur,perm,sfh,1965,p2,5817.4885068236545,4680.760305832422
C-WEU-ITA,Zone_7A Very cold Humid,WEU,rur,perm,sfh,1970,p2,15188.306773560977,12220.535266223762
C-WEU-ITA,Zone_7A Very cold Humid,WEU,rur,perm,sfh,1975,p2,19625.884608481803,15791.01729801041
C-WEU-ITA,Zone_7A Very cold Humid,WEU,rur,perm,sfh,1980,p2,19000.320111133533,15287.687129933362
C-WEU-ITA,Zone_7A Very cold Humid,WEU,rur,perm,sfh,1985,p2,8182.179289700936,7649.383956552589
C-WEU-ITA,Zone_7A Very cold Humid,WEU,rur,perm,sfh,1990,p2,7987.567091969577,7467.444234827173
C-WEU-ITA,Zone_7A Very cold Humid,WEU,rur,perm,sfh,1995,p3,8555.257981830395,7998.169049259962
C-WEU-ITA,Zone_7A Very cold Humid,WEU,rur,perm,sfh,2000,p3,8906.99563649907,8327.002759360243
C-WEU-ITA,Zone_7A Very cold Humid,WEU,rur,perm,sfh,2005,p3,7665.239828147902,7379.537171875623
C-WEU-ITA,Zone_7A Very cold Humid,WEU,rur,perm,sfh,2010,p3,8378.760171852084,8066.462828124359
C-WEU-ITA,Zone_7A Very cold Humid,WEU,rur,perm,sfh,2015,p3,1868.9999999999945,2483.9999999999995
C-WEU-ITA,Zone_7A Very cold Humid,WEU,rur,perm,sfh,2020,p3,982.9999999999965,1349.999999999992
C-WEU-ITA,Zone_7A Very cold Humid,WEU,urb,perm,mfh,1945,p1,126112.99999999997,90738.99999999997
C-WEU-ITA,Zone_7A Very cold Humid,WEU,urb,perm,mfh,1960,p2,73578.99999999999,45965.99999999997
C-WEU-ITA,Zone_7A Very cold Humid,WEU,urb,perm,mfh,1965,p2,37413.303473996275,21956.063247991173
C-WEU-ITA,Zone_7A Very cold Humid,WEU,urb,perm,mfh,1970,p2,97678.70391734109,57322.91997902703
C-WEU-ITA,Zone_7A Very cold Humid,WEU,urb,perm,mfh,1975,p2,126217.55507473205,74070.99520505444
C-WEU-ITA,Zone_7A Very cold Humid,WEU,urb,perm,mfh,1980,p2,122194.43753393035,71710.02156792722
C-WEU-ITA,Zone_7A Very cold Humid,WEU,urb,perm,mfh,1985,p2,61200.423187589084,37072.82331318255
C-WEU-ITA,Zone_7A Very cold Humid,WEU,urb,perm,mfh,1990,p2,59744.7796567535,36191.051380654666
C-WEU-ITA,Zone_7A Very cold Humid,WEU,urb,perm,mfh,1995,p3,63990.949109209985,38763.214801587936
C-WEU-ITA,Zone_7A Very cold Humid,WEU,urb,perm,mfh,2000,p3,66621.84804644721,40356.910504574735
C-WEU-ITA,Zone_7A Very cold Humid,WEU,urb,perm,mfh,2005,p3,67756.43866506306,38233.51262593665
C-WEU-ITA,Zone_7A Very cold Humid,WEU,urb,perm,mfh,2010,p3,74063.56133493684,41792.48737406328
C-WEU-ITA,Zone_7A Very cold Humid,WEU,urb,perm,mfh,2015,p3,17615.999999999964,12567.999999999989
C-WEU-ITA,Zone_7A Very cold Humid,WEU,urb,perm,mfh,2020,p3,9057.99999999997,6327.999999999984
C-WEU-ITA,Zone_7A Very cold Humid,WEU,urb,perm,sfh,1945,p1,126112.99999999997,90738.99999999997
C-WEU-ITA,Zone_7A Very cold Humid,WEU,urb,perm,sfh,1960,p2,73578.99999999999,45965.99999999997
C-WEU-ITA,Zone_7A Very cold Humid,WEU,urb,perm,sfh,1965,p2,37413.3034666102,21956.063243656656
C-WEU-ITA,Zone_7A Very cold Humid,WEU,urb,perm,sfh,1970,p2,97678.70272484119,57322.91927920636
C-WEU-ITA,Zone_7A Very cold Humid,WEU,urb,perm,sfh,1975,p2,126217.55518666495,74070.99527074245
C-WEU-ITA,Zone_7A Very cold Humid,WEU,urb,perm,sfh,1980,p2,122194.43862188343,71710.02220639441
C-WEU-ITA,Zone_7A Very cold Humid,WEU,urb,perm,sfh,1985,p2,61200.42393430624,37072.82376551461
C-WEU-ITA,Zone_7A Very cold Humid,WEU,urb,perm,sfh,1990,p2,59744.778857090976,36191.05089625037
C-WEU-ITA,Zone_7A Very cold Humid,WEU,urb,perm,sfh,1995,p3,63990.94872125622,38763.21456658072
C-WEU-ITA,Zone_7A Very cold Humid,WEU,urb,perm,sfh,2000,p3,66621.84848734629,40356.91077165418
C-WEU-ITA,Zone_7A Very cold Humid,WEU,urb,perm,sfh,2005,p3,67756.43931861981,38233.51299472476
C-WEU-ITA,Zone_7A Very cold Humid,WEU,urb,perm,sfh,2010,p3,74063.56068138008,41792.48700527516
C-WEU-ITA,Zone_7A Very cold Humid,WEU,urb,perm,sfh,2015,p3,17615.999999999964,12567.999999999989
C-WEU-ITA,Zone_7A Very cold Humid,WEU,urb,perm,sfh,2020,p3,9057.99999999997,6327.999999999984
C-WEU-LUX,Zone_5A Cool Humid,WEU,urb,perm,mfh,1945,p1,46822.40188215602,3150.211582056742
C-WEU-LUX,Zone_5A Cool Humid,WEU,urb,perm,mfh,1960,p2,25466.334103206802,1614.088342378236
C-WEU-LUX,Zone_5A Cool Humid,WEU,urb,perm,mfh,1965,p2,10628.361157886575,551.377198638996
C-WEU-LUX,Zone_5A Cool Humid,WEU,urb,perm,mfh,1970,p2,9757.51457820214,506.1994952830593
C-WEU-LUX,Zone_5A Cool Humid,WEU,urb,perm,mfh,1975,p2,15916.378481574227,825.7085028707718
C-WEU-LUX,Zone_5A Cool Humid,WEU,urb,perm,mfh,1980,p2,11078.369708035347,574.7227031865624
C-WEU-LUX,Zone_5A Cool Humid,WEU,urb,perm,mfh,1985,p2,13044.091721569679,579.4831992195
C-WEU-LUX,Zone_5A Cool Humid,WEU,urb,perm,mfh,1990,p2,32884.56310460794,1460.8952650403946
C-WEU-LUX,Zone_5A Cool Humid,WEU,urb,perm,mfh,1995,p3,20069.59059379385,891.5906766498699
C-WEU-LUX,Zone_5A Cool Humid,WEU,urb,perm,mfh,2000,p3,37545.83173693904,1667.9719183744219
C-WEU-LUX,Zone_5A Cool Humid,WEU,urb,perm,mfh,2005,p3,29698.59773538115,1337.4457451893113
C-WEU-LUX,Zone_5A Cool Humid,WEU,urb,perm,mfh,2010,p3,38100.93287426836,1715.8362497272215
C-WEU-LUX,Zone_5A Cool Humid,WEU,urb,perm,mfh,2015,p3,18741.184593231945,1385.4609466236163
C-WEU-LUX,Zone_5A Cool Humid,WEU,urb,perm,mfh,2020,p3,24227.65161242681,2902.6197018616463
C-WEU-LUX,Zone_5A Cool Humid,WEU,urb,perm,sfh,1945,p1,46822.40188215602,3150.211582056742
C-WEU-LUX,Zone_5A Cool Humid,WEU,urb,perm,sfh,1960,p2,25466.334103206802,1614.088342378236
C-WEU-LUX,Zone_5A Cool Humid,WEU,urb,perm,sfh,1965,p2,10628.361227643658,551.3772022578485
C-WEU-LUX,Zone_5A Cool Humid,WEU,urb,perm,sfh,1970,p2,9757.514642243597,506.1994986053971
C-WEU-LUX,Zone_5A Cool Humid,WEU,urb,perm,sfh,1975,p2,15916.378586038145,825.7085082901422
C-WEU-LUX,Zone_5A Cool Humid,WEU,urb,perm,sfh,1980,p2,11078.369469772862,574.7226908260017
C-WEU-LUX,Zone_5A Cool Humid,WEU,urb,perm,sfh,1985,p2,13044.08027388214,579.482690656486
C-WEU-LUX,Zone_5A Cool Humid,WEU,urb,perm,sfh,1990,p2,32884.57530593763,1460.8958070839292
C-WEU-LUX,Zone_5A Cool Humid,WEU,urb,perm,sfh,1995,p3,20069.584413897974,891.5904021082665
C-WEU-LUX,Zone_5A Cool Humid,WEU,urb,perm,sfh,2000,p3,37545.83716319277,1667.9721594355033
C-WEU-LUX,Zone_5A Cool Humid,WEU,urb,perm,sfh,2005,p3,29698.597945762867,1337.4457546636356
C-WEU-LUX,Zone_5A Cool Humid,WEU,urb,perm,sfh,2010,p3,38100.93266388662,1715.836240252897
C-WEU-LUX,Zone_5A Cool Humid,WEU,urb,perm,sfh,2015,p3,18741.184593231945,1385.4609466236163
C-WEU-LUX,Zone_5A Cool Humid,WEU,urb,perm,sfh,2020,p3,24227.65161242681,2902.6197018616463
C-WEU-MLT,Zone_3A Warm Humid,WEU,urb,perm,mfh,1945,p1,17635.093980718222,0.0
C-WEU-MLT,Zone_3A Warm Humid,WEU,urb,perm,mfh,1960,p2,11090.480054328746,0.0
C-WEU-MLT,Zone_3A Warm Humid,WEU,urb,perm,mfh,1965,p2,3153.4578952204333,0.0
C-WEU-MLT,Zone_3A Warm Humid,WEU,urb,perm,mfh,1970,p2,11766.263917702208,0.0
C-WEU-MLT,Zone_3A Warm Humid,WEU,urb,perm,mfh,1975,p2,14079.972553218591,0.0
C-WEU-MLT,Zone_3A Warm Humid,WEU,urb,perm,mfh,1980,p2,31975.14899897374,0.0
C-WEU-MLT,Zone_3A Warm Humid,WEU,urb,perm,mfh,1985,p2,37168.74203581905,0.0
C-WEU-MLT,Zone_3A Warm Humid,WEU,urb,perm,mfh,1990,p2,23531.420115367386,0.0
C-WEU-MLT,Zone_3A Warm Humid,WEU,urb,perm,mfh,1995,p3,23130.83849172828,0.0
C-WEU-MLT,Zone_3A Warm Humid,WEU,urb,perm,mfh,2000,p3,11873.791611571347,0.0
C-WEU-MLT,Zone_3A Warm Humid,WEU,urb,perm,mfh,2005,p3,12696.863400059632,0.0
C-WEU-MLT,Zone_3A Warm Humid,WEU,urb,perm,mfh,2010,p3,11875.819187396537,0.0
C-WEU-MLT,Zone_3A Warm Humid,WEU,urb,perm,mfh,2015,p3,28480.591016001297,0.0
C-WEU-MLT,Zone_3A Warm Humid,WEU,urb,perm,mfh,2020,p3,55570.334551694934,0.0
C-WEU-MLT,Zone_3A Warm Humid,WEU,urb,perm,sfh,1945,p1,17635.093980718222,0.0
C-WEU-MLT,Zone_3A Warm Humid,WEU,urb,perm,sfh,1960,p2,11090.480054328746,0.0
C-WEU-MLT,Zone_3A Warm Humid,WEU,urb,perm,sfh,1965,p2,3153.4798721359284,0.0
C-WEU-MLT,Zone_3A Warm Humid,WEU,urb,perm,sfh,1970,p2,11766.264087393352,0.0
C-WEU-MLT,Zone_3A Warm Humid,WEU,urb,perm,sfh,1975,p2,14079.942215995523,0.0
C-WEU-MLT,Zone_3A Warm Humid,WEU,urb,perm,sfh,1980,p2,31975.157189590183,0.0
C-WEU-MLT,Zone_3A Warm Humid,WEU,urb,perm,sfh,1985,p2,37168.734972524304,0.0
C-WEU-MLT,Zone_3A Warm Humid,WEU,urb,perm,sfh,1990,p2,23531.41602588659,0.0
C-WEU-MLT,Zone_3A Warm Humid,WEU,urb,perm,sfh,1995,p3,23130.849832300424,0.0
C-WEU-MLT,Zone_3A Warm Humid,WEU,urb,perm,sfh,2000,p3,11873.79142377477,0.0
C-WEU-MLT,Zone_3A Warm Humid,WEU,urb,perm,sfh,2005,p3,12696.863221217416,0.0
C-WEU-MLT,Zone_3A Warm Humid,WEU,urb,perm,sfh,2010,p3,11875.819366238753,0.0
C-WEU-MLT,Zone_3A Warm Humid,WEU,urb,perm,sfh,2015,p3,28480.591016001297,0.0
C-WEU-MLT,Zone_3A Warm Humid,WEU,urb,perm,sfh,2020,p3,55570.334551694934,0.0
C-WEU-NLD,Zone_4A Mixed Humid,WEU,rur,perm,mfh,1945,p1,9246.0,2139.0
C-WEU-NLD,Zone_4A Mixed Humid,WEU,rur,perm,mfh,1960,p2,6087.0,964.9999999999998
C-WEU-NLD,Zone_4A Mixed Humid,WEU,rur,perm,mfh,1965,p2,7410.2981110691135,509.86077638131513
C-WEU-NLD,Zone_4A Mixed Humid,WEU,rur,perm,mfh,1970,p2,10183.949960844617,700.700100837856
C-WEU-NLD,Zone_4A Mixed Humid,WEU,rur,perm,mfh,1975,p2,8722.828284367873,600.168567397493
C-WEU-NLD,Zone_4A Mixed Humid,WEU,rur,perm,mfh,1980,p2,7488.9236437183845,515.2705553833327
C-WEU-NLD,Zone_4A Mixed Humid,WEU,rur,perm,mfh,1985,p2,6460.76831853769,457.12395853158534
C-WEU-NLD,Zone_4A Mixed Humid,WEU,rur,perm,mfh,1990,p2,7826.808515202534,553.7765037746924
C-WEU-NLD,Zone_4A Mixed Humid,WEU,rur,perm,mfh,1995,p3,3178.0754843295404,224.86094134353985
C-WEU-NLD,Zone_4A Mixed Humid,WEU,rur,perm,mfh,2000,p3,3282.347681930218,232.23859635018124
C-WEU-NLD,Zone_4A Mixed Humid,WEU,rur,perm,mfh,2005,p3,1798.8877992718474,117.87435275019912
C-WEU-NLD,Zone_4A Mixed Humid,WEU,rur,perm,mfh,2010,p3,1650.1122007281508,108.1256472498001
C-WEU-NLD,Zone_4A Mixed Humid,WEU,rur,perm,mfh,2015,p3,1087.9999999999966,228.9999999999995
C-WEU-NLD,Zone_4A Mixed Humid,WEU,rur,perm,mfh,2020,p3,1269.9999999999982,290.99999999999943
C-WEU-NLD,Zone_4A Mixed Humid,WEU,rur,perm,sfh,1945,p1,9246.0,2139.0
C-WEU-NLD,Zone_4A Mixed Humid,WEU,rur,perm,sfh,1960,p2,6087.0,964.9999999999998
C-WEU-NLD,Zone_4A Mixed Humid,WEU,rur,perm,sfh,1965,p2,7410.298327484838,509.8607912716594
C-WEU-NLD,Zone_4A Mixed Humid,WEU,rur,perm,sfh,1970,p2,10183.949697759354,700.7000827364444
C-WEU-NLD,Zone_4A Mixed Humid,WEU,rur,perm,sfh,1975,p2,8722.828344324818,600.1685715227925
C-WEU-NLD,Zone_4A Mixed Humid,WEU,rur,perm,sfh,1980,p2,7488.923630430973,515.2705544691012
C-WEU-NLD,Zone_4A Mixed Humid,WEU,rur,perm,sfh,1985,p2,6460.7681049320245,457.1239434181712
C-WEU-NLD,Zone_4A Mixed Humid,WEU,rur,perm,sfh,1990,p2,7826.808728808201,553.7765188881065
C-WEU-NLD,Zone_4A Mixed Humid,WEU,rur,perm,sfh,1995,p3,3178.0754843295404,224.86094134353985
C-WEU-NLD,Zone_4A Mixed Humid,WEU,rur,perm,sfh,2000,p3,3282.347681930218,232.23859635018124
C-WEU-NLD,Zone_4A Mixed Humid,WEU,rur,perm,sfh,2005,p3,1798.8877992718474,117.87435275019912
C-WEU-NLD,Zone_4A Mixed Humid,WEU,rur,perm,sfh,2010,p3,1650.1122007281508,108.1256472498001
C-WEU-NLD,Zone_4A Mixed Humid,WEU,rur,perm,sfh,2015,p3,1087.9999999999966,228.9999999999995
C-WEU-NLD,Zone_4A Mixed Humid,WEU,rur,perm,sfh,2020,p3,1269.9999999999982,290.99999999999943
C-WEU-NLD,Zone_4A Mixed Humid,WEU,urb,perm,mfh,1945,p1,1048876.663414614,80521.08233789483
C-WEU-NLD,Zone_4A Mixed Humid,WEU,urb,perm,mfh,1960,p2,596948.7677920766,28966.981472131694
C-WEU-NLD,Zone_4A Mixed Humid,WEU,urb,perm,mfh,1965,p2,705054.1939521529,25164.225462376093
C-WEU-NLD,Zone_4A Mixed Humid,WEU,urb,perm,mfh,1970,p2,968953.815794118,34583.11785452272
C-WEU-NLD,Zone_4A Mixed Humid,WEU,urb,perm,mfh,1975,p2,829935.1217505521,29621.374785117223
C-WEU-NLD,Zone_4A Mixed Humid,WEU,urb,perm,mfh,1980,p2,712535.0349001415,25431.225602050657
C-WEU-NLD,Zone_4A Mixed Humid,WEU,urb,perm,mfh,1985,p2,891691.3439949407,24380.757300195113
C-WEU-NLD,Zone_4A Mixed Humid,WEU,urb,perm,mfh,1990,p2,1080227.1587555737,29535.731578043014
C-WEU-NLD,Zone_4A Mixed Humid,WEU,urb,perm,mfh,1995,p3,438626.2221798084,11992.983379827498
C-WEU-NLD,Zone_4A Mixed Humid,WEU,urb,perm,mfh,2000,p3,453017.4851745011,12386.47143225707
C-WEU-NLD,Zone_4A Mixed Humid,WEU,urb,perm,mfh,2005,p3,261707.49876208548,9220.282146855912
C-WEU-NLD,Zone_4A Mixed Humid,WEU,urb,perm,mfh,2010,p3,240063.1862110397,8457.725974261104
C-WEU-NLD,Zone_4A Mixed Humid,WEU,urb,perm,mfh,2015,p3,178289.8631807206,6093.997507509466
C-WEU-NLD,Zone_4A Mixed Humid,WEU,urb,perm,mfh,2020,p3,225401.83238856608,15164.986864152175
C-WEU-NLD,Zone_4A Mixed Humid,WEU,urb,perm,sfh,1945,p1,1048876.663414614,80521.08233789483
C-WEU-NLD,Zone_4A Mixed Humid,WEU,urb,perm,sfh,1960,p2,596948.7677920766,28966.981472131694
C-WEU-NLD,Zone_4A Mixed Humid,WEU,urb,perm,sfh,1965,p2,705054.2145430677,25164.226197290413
C-WEU-NLD,Zone_4A Mixed Humid,WEU,urb,perm,sfh,1970,p2,968953.7907628216,34583.11696112589
C-WEU-NLD,Zone_4A Mixed Humid,WEU,urb,perm,sfh,1975,p2,829935.127455167,29621.374988721735
C-WEU-NLD,Zone_4A Mixed Humid,WEU,urb,perm,sfh,1980,p2,712535.0336359083,25431.225556928664
C-WEU-NLD,Zone_4A Mixed Humid,WEU,urb,perm,sfh,1985,p2,891691.3145138769,24380.756494119483
C-WEU-NLD,Zone_4A Mixed Humid,WEU,urb,perm,sfh,1990,p2,1080227.1882366375,29535.73238411864
C-WEU-NLD,Zone_4A Mixed Humid,WEU,urb,perm,sfh,1995,p3,438626.2221798084,11992.983379827498
C-WEU-NLD,Zone_4A Mixed Humid,WEU,urb,perm,sfh,2000,p3,453017.4851745011,12386.47143225707
C-WEU-NLD,Zone_4A Mixed Humid,WEU,urb,perm,sfh,2005,p3,261707.49876208548,9220.282146855912
C-WEU-NLD,Zone_4A Mixed Humid,WEU,urb,perm,sfh,2010,p3,240063.1862110397,8457.725974261104
C-WEU-NLD,Zone_4A Mixed Humid,WEU,urb,perm,sfh,2015,p3,178289.8631807206,6093.997507509466
C-WEU-NLD,Zone_4A Mixed Humid,WEU,urb,perm,sfh,2020,p3,225401.83238856608,15164.986864152175
C-WEU-NLD,Zone_5A Cool Humid,WEU,urb,perm,mfh,1945,p1,309072.21699855715,19522.975609756097
C-WEU-NLD,Zone_5A Cool Humid,WEU,urb,perm,mfh,1960,p2,175405.5036657338,8338.892043182723
C-WEU-NLD,Zone_5A Cool Humid,WEU,urb,perm,mfh,1965,p2,247646.67218401167,7850.756358016658
C-WEU-NLD,Zone_5A Cool Humid,WEU,urb,perm,mfh,1970,p2,340340.0457129513,10789.269866640005
C-WEU-NLD,Zone_5A Cool Humid,WEU,urb,perm,mfh,1975,p2,291510.4516761695,9241.30137401761
C-WEU-NLD,Zone_5A Cool Humid,WEU,urb,perm,mfh,1980,p2,250274.27167851137,7934.055048266923
C-WEU-NLD,Zone_5A Cool Humid,WEU,urb,perm,mfh,1985,p2,316668.4255047357,8471.915527073175
C-WEU-NLD,Zone_5A Cool Humid,WEU,urb,perm,mfh,1990,p2,383623.65833237703,10263.18687251021
C-WEU-NLD,Zone_5A Cool Humid,WEU,urb,perm,mfh,1995,p3,155770.36816047409,4167.366539853814
C-WEU-NLD,Zone_5A Cool Humid,WEU,urb,perm,mfh,2000,p3,160881.1714403986,4304.097234093369
C-WEU-NLD,Zone_5A Cool Humid,WEU,urb,perm,mfh,2005,p3,94186.1827713268,3004.0584085591963
C-WEU-NLD,Zone_5A Cool Humid,WEU,urb,perm,mfh,2010,p3,86396.58871102906,2755.6101240277617
C-WEU-NLD,Zone_5A Cool Humid,WEU,urb,perm,mfh,2015,p3,55427.26500219119,2034.8288684526156
C-WEU-NLD,Zone_5A Cool Humid,WEU,urb,perm,mfh,2020,p3,76183.71050634628,4693.660535785681
C-WEU-NLD,Zone_5A Cool Humid,WEU,urb,perm,sfh,1945,p1,309072.21699855715,19522.975609756097
C-WEU-NLD,Zone_5A Cool Humid,WEU,urb,perm,sfh,1960,p2,175405.5036657338,8338.892043182723
C-WEU-NLD,Zone_5A Cool Humid,WEU,urb,perm,sfh,1965,p2,247646.67571775656,7850.756470041463
C-WEU-NLD,Zone_5A Cool Humid,WEU,urb,perm,sfh,1970,p2,340340.0430992844,10789.269783783002
C-WEU-NLD,Zone_5A Cool Humid,WEU,urb,perm,sfh,1975,p2,291510.4512945997,9241.3013619213
C-WEU-NLD,Zone_5A Cool Humid,WEU,urb,perm,sfh,1980,p2,250274.27114000314,7934.055031195437
C-WEU-NLD,Zone_5A Cool Humid,WEU,urb,perm,sfh,1985,p2,316668.44644409796,8471.916087269565
C-WEU-NLD,Zone_5A Cool Humid,WEU,urb,perm,sfh,1990,p2,383623.63739301474,10263.186312313823
C-WEU-NLD,Zone_5A Cool Humid,WEU,urb,perm,sfh,1995,p3,155770.36816047409,4167.366539853814
C-WEU-NLD,Zone_5A Cool Humid,WEU,urb,perm,sfh,2000,p3,160881.1714403986,4304.097234093369
C-WEU-NLD,Zone_5A Cool Humid,WEU,urb,perm,sfh,2005,p3,94186.1827713268,3004.0584085591963
C-WEU-NLD,Zone_5A Cool Humid,WEU,urb,perm,sfh,2010,p3,86396.58871102906,2755.6101240277617
C-WEU-NLD,Zone_5A Cool Humid,WEU,urb,perm,sfh,2015,p3,55427.26500219119,2034.8288684526156
C-WEU-NLD,Zone_5A Cool Humid,WEU,urb,perm,sfh,2020,p3,76183.71050634628,4693.660535785681
C-WEU-PRT,Zone_3A Warm Humid,WEU,rur,perm,mfh,1945,p1,76071.99999999996,124956.99999999999
C-WEU-PRT,Zone_3A Warm Humid,WEU,rur,perm,mfh,1960,p2,80082.99999999994,90597.99999999997
C-WEU-PRT,Zone_3A Warm Humid,WEU,rur,perm,mfh,1965,p2,31774.528817682312,20414.727051399546
C-WEU-PRT,Zone_3A Warm Humid,WEU,rur,perm,mfh,1970,p2,36377.51120774734,23372.084173978936
C-WEU-PRT,Zone_3A Warm Humid,WEU,rur,perm,mfh,1975,p2,207012.59767407482,133002.9377293434
C-WEU-PRT,Zone_3A Warm Humid,WEU,rur,perm,mfh,1980,p2,234909.36230049524,150926.25104527795
C-WEU-PRT,Zone_3A Warm Humid,WEU,rur,perm,mfh,1985,p2,244477.10451235014,113411.74981053761
C-WEU-PRT,Zone_3A Warm Humid,WEU,rur,perm,mfh,1990,p2,76844.35439452149,35647.72542740705
C-WEU-PRT,Zone_3A Warm Humid,WEU,rur,perm,mfh,1995,p3,187661.26871880496,87055.15757607487
C-WEU-PRT,Zone_3A Warm Humid,WEU,rur,perm,mfh,2000,p3,177435.27237432305,82311.36718598024
C-WEU-PRT,Zone_3A Warm Humid,WEU,rur,perm,mfh,2005,p3,236190.0523048449,93887.18894884076
C-WEU-PRT,Zone_3A Warm Humid,WEU,rur,perm,mfh,2010,p3,113101.94769515493,44958.81105115912
C-WEU-PRT,Zone_3A Warm Humid,WEU,rur,perm,mfh,2015,p3,11373.999999999944,5429.999999999965
C-WEU-PRT,Zone_3A Warm Humid,WEU,rur,perm,mfh,2020,p3,14014.999999999947,6933.999999999968
C-WEU-PRT,Zone_3A Warm Humid,WEU,rur,perm,sfh,1945,p1,76071.99999999996,124956.99999999999
C-WEU-PRT,Zone_3A Warm Humid,WEU,rur,perm,sfh,1960,p2,80082.99999999994,90597.99999999997
C-WEU-PRT,Zone_3A Warm Humid,WEU,rur,perm,sfh,1965,p2,31774.528817682312,20414.727051399546
C-WEU-PRT,Zone_3A Warm Humid,WEU,rur,perm,sfh,1970,p2,36377.51120774734,23372.084173978936
C-WEU-PRT,Zone_3A Warm Humid,WEU,rur,perm,sfh,1975,p2,207012.59758910438,133002.93767475098
C-WEU-PRT,Zone_3A Warm Humid,WEU,rur,perm,sfh,1980,p2,234909.36238546565,150926.25109987037
C-WEU-PRT,Zone_3A Warm Humid,WEU,rur,perm,sfh,1985,p2,244477.1207878981,113411.75736068582
C-WEU-PRT,Zone_3A Warm Humid,WEU,rur,perm,sfh,1990,p2,76844.34811475856,35647.7225142553
C-WEU-PRT,Zone_3A Warm Humid,WEU,rur,perm,sfh,1995,p3,187661.25744064164,87055.15234418931
C-WEU-PRT,Zone_3A Warm Humid,WEU,rur,perm,sfh,2000,p3,177435.27365670135,82311.36778086935
C-WEU-PRT,Zone_3A Warm Humid,WEU,rur,perm,sfh,2005,p3,236190.05477448882,93887.1899305414
C-WEU-PRT,Zone_3A Warm Humid,WEU,rur,perm,sfh,2010,p3,113101.94522551101,44958.81006945849
C-WEU-PRT,Zone_3A Warm Humid,WEU,rur,perm,sfh,2015,p3,11373.999999999944,5429.999999999965
C-WEU-PRT,Zone_3A Warm Humid,WEU,rur,perm,sfh,2020,p3,14014.999999999947,6933.999999999968
C-WEU-PRT,Zone_3A Warm Humid,WEU,urb,perm,mfh,1945,p1,83068.0,52581.999999999985
C-WEU-PRT,Zone_3A Warm Humid,WEU,urb,perm,mfh,1960,p2,125365.9999999999,49299.99999999999
C-WEU-PRT,Zone_3A Warm Humid,WEU,urb,perm,mfh,1965,p2,55255.489116540004,17635.793542620802
C-WEU-PRT,Zone_3A Warm Humid,WEU,urb,perm,mfh,1970,p2,63260.015157421105,20190.58349961088
C-WEU-PRT,Zone_3A Warm Humid,WEU,urb,perm,mfh,1975,p2,359992.1938543749,114898.05102223721
C-WEU-PRT,Zone_3A Warm Humid,WEU,urb,perm,mfh,1980,p2,408504.30187166354,130381.57193553093
C-WEU-PRT,Zone_3A Warm Humid,WEU,urb,perm,mfh,1985,p2,346463.838430899,115953.33324483002
C-WEU-PRT,Zone_3A Warm Humid,WEU,urb,perm,mfh,1990,p2,108900.95429744132,36446.59916463321
C-WEU-PRT,Zone_3A Warm Humid,WEU,urb,perm,mfh,1995,p3,265946.55403342715,89006.08370793246
C-WEU-PRT,Zone_3A Warm Humid,WEU,urb,perm,mfh,2000,p3,251454.65323823201,84155.98388260415
C-WEU-PRT,Zone_3A Warm Humid,WEU,urb,perm,mfh,2005,p3,299107.43835077947,108470.04417600398
C-WEU-PRT,Zone_3A Warm Humid,WEU,urb,perm,mfh,2010,p3,143230.56164922024,51941.95582399594
C-WEU-PRT,Zone_3A Warm Humid,WEU,urb,perm,mfh,2015,p3,10541.999999999944,4930.999999999985
C-WEU-PRT,Zone_3A Warm Humid,WEU,urb,perm,mfh,2020,p3,14723.999999999976,12206.999999999975
C-WEU-PRT,Zone_3A Warm Humid,WEU,urb,perm,sfh,1945,p1,83068.0,52581.999999999985
C-WEU-PRT,Zone_3A Warm Humid,WEU,urb,perm,sfh,1960,p2,125365.9999999999,49299.99999999999
C-WEU-PRT,Zone_3A Warm Humid,WEU,urb,perm,sfh,1965,p2,55255.489116540004,17635.793542620802
C-WEU-PRT,Zone_3A Warm Humid,WEU,urb,perm,sfh,1970,p2,63260.015157421105,20190.58349961088
C-WEU-PRT,Zone_3A Warm Humid,WEU,urb,perm,sfh,1975,p2,359992.19370661257,114898.05097507613
C-WEU-PRT,Zone_3A Warm Humid,WEU,urb,perm,sfh,1980,p2,408504.302019426,130381.571982692
C-WEU-PRT,Zone_3A Warm Humid,WEU,urb,perm,sfh,1985,p2,346463.8614959988,115953.34096417879
C-WEU-PRT,Zone_3A Warm Humid,WEU,urb,perm,sfh,1990,p2,108900.94539799541,36446.59618619706
C-WEU-PRT,Zone_3A Warm Humid,WEU,urb,perm,sfh,1995,p3,265946.53805043455,89006.07835879913
C-WEU-PRT,Zone_3A Warm Humid,WEU,urb,perm,sfh,2000,p3,251454.65505557077,84155.98449082483
C-WEU-PRT,Zone_3A Warm Humid,WEU,urb,perm,sfh,2005,p3,299107.44147829834,108470.04531018545
C-WEU-PRT,Zone_3A Warm Humid,WEU,urb,perm,sfh,2010,p3,143230.55852170123,51941.954689814476
C-WEU-PRT,Zone_3A Warm Humid,WEU,urb,perm,sfh,2015,p3,10541.999999999944,4930.999999999985
C-WEU-PRT,Zone_3A Warm Humid,WEU,urb,perm,sfh,2020,p3,14723.999999999976,12206.999999999975
C-WEU-PRT,Zone_3C Warm Marine,WEU,rur,perm,mfh,1945,p1,12838.999999999993,18515.0
C-WEU-PRT,Zone_3C Warm Marine,WEU,rur,perm,mfh,1960,p2,9969.999999999987,12949.999999999995
C-WEU-PRT,Zone_3C Warm Marine,WEU,rur,perm,mfh,1965,p2,5999.157422762344,4367.554049932642
C-WEU-PRT,Zone_3C Warm Marine,WEU,rur,perm,mfh,1970,p2,6868.218806194591,5000.254993976521
C-WEU-PRT,Zone_3C Warm Marine,WEU,rur,perm,mfh,1975,p2,39084.8022666106,28454.82696997634
C-WEU-PRT,Zone_3C Warm Marine,WEU,rur,perm,mfh,1980,p2,44351.82150443243,32289.363986114444
C-WEU-PRT,Zone_3C Warm Marine,WEU,rur,perm,mfh,1985,p2,55783.76883316821,32580.422143368167
C-WEU-PRT,Zone_3C Warm Marine,WEU,rur,perm,mfh,1990,p2,17534.021728918677,10240.717716790305
C-WEU-PRT,Zone_3C Warm Marine,WEU,rur,perm,mfh,1995,p3,42819.76511984065,25008.816235714483
C-WEU-PRT,Zone_3C Warm Marine,WEU,rur,perm,mfh,2000,p3,40486.4443180724,23646.043904127015
C-WEU-PRT,Zone_3C Warm Marine,WEU,rur,perm,mfh,2005,p3,46700.833963449535,25397.93993494677
C-WEU-PRT,Zone_3C Warm Marine,WEU,rur,perm,mfh,2010,p3,22363.166036550436,12162.060065053212
C-WEU-PRT,Zone_3C Warm Marine,WEU,rur,perm,mfh,2015,p3,3456.999999999993,2006.9999999999977
C-WEU-PRT,Zone_3C Warm Marine,WEU,rur,perm,mfh,2020,p3,4231.999999999994,2549.9999999999945
C-WEU-PRT,Zone_3C Warm Marine,WEU,rur,perm,sfh,1945,p1,12838.999999999993,18515.0
C-WEU-PRT,Zone_3C Warm Marine,WEU,rur,perm,sfh,1960,p2,9969.999999999987,12949.999999999995
C-WEU-PRT,Zone_3C Warm Marine,WEU,rur,perm,sfh,1965,p2,5999.157422762344,4367.554049932642
C-WEU-PRT,Zone_3C Warm Marine,WEU,rur,perm,sfh,1970,p2,6868.218806194591,5000.254993976521
C-WEU-PRT,Zone_3C Warm Marine,WEU,rur,perm,sfh,1975,p2,39084.80180958274,28454.826637247308
C-WEU-PRT,Zone_3C Warm Marine,WEU,rur,perm,sfh,1980,p2,44351.82196146028,32289.364318843476
C-WEU-PRT,Zone_3C Warm Marine,WEU,rur,perm,sfh,1985,p2,55783.77181230469,32580.42388332812
C-WEU-PRT,Zone_3C Warm Marine,WEU,rur,perm,sfh,1990,p2,17534.023311375386,10240.718641021645
C-WEU-PRT,Zone_3C Warm Marine,WEU,rur,perm,sfh,1995,p3,42819.76442126905,25008.81582771484
C-WEU-PRT,Zone_3C Warm Marine,WEU,rur,perm,sfh,2000,p3,40486.440455050804,23646.041647935348
C-WEU-PRT,Zone_3C Warm Marine,WEU,rur,perm,sfh,2005,p3,46700.839905814646,25397.94316666278
C-WEU-PRT,Zone_3C Warm Marine,WEU,rur,perm,sfh,2010,p3,22363.160094185314,12162.05683333721
C-WEU-PRT,Zone_3C Warm Marine,WEU,rur,perm,sfh,2015,p3,3456.999999999993,2006.9999999999977
C-WEU-PRT,Zone_3C Warm Marine,WEU,rur,perm,sfh,2020,p3,4231.999999999994,2549.9999999999945
C-WEU-PRT,Zone_3C Warm Marine,WEU,urb,perm,mfh,1945,p1,80184.99999999997,51653.99999999998
C-WEU-PRT,Zone_3C Warm Marine,WEU,urb,perm,mfh,1960,p2,79121.99999999994,35909.999999999985
C-WEU-PRT,Zone_3C Warm Marine,WEU,urb,perm,mfh,1965,p2,32822.936146818065,9865.992630651415
C-WEU-PRT,Zone_3C Warm Marine,WEU,urb,perm,mfh,1970,p2,37577.79491879005,11295.218870321965
C-WEU-PRT,Zone_3C Warm Marine,WEU,urb,perm,mfh,1975,p2,213843.0247288398,64277.42163753585
C-WEU-PRT,Zone_3C Warm Marine,WEU,urb,perm,mfh,1980,p2,242660.2442055518,72939.36686149068
C-WEU-PRT,Zone_3C Warm Marine,WEU,urb,perm,mfh,1985,p2,336541.8418672191,74363.39957271676
C-WEU-PRT,Zone_3C Warm Marine,WEU,urb,perm,mfh,1990,p2,105782.23901719463,23373.993747962828
C-WEU-PRT,Zone_3C Warm Marine,WEU,urb,perm,mfh,1995,p3,258330.3875514506,57081.53769135975
C-WEU-PRT,Zone_3C Warm Marine,WEU,urb,perm,mfh,2000,p3,244253.53156413545,53971.06898796055
C-WEU-PRT,Zone_3C Warm Marine,WEU,urb,perm,mfh,2005,p3,299142.5625085491,61590.68053872982
C-WEU-PRT,Zone_3C Warm Marine,WEU,urb,perm,mfh,2010,p3,143247.43749145072,29493.319461270134
C-WEU-PRT,Zone_3C Warm Marine,WEU,urb,perm,mfh,2015,p3,16422.999999999938,4451.999999999981
C-WEU-PRT,Zone_3C Warm Marine,WEU,urb,perm,mfh,2020,p3,19753.99999999992,7539.999999999984
C-WEU-PRT,Zone_3C Warm Marine,WEU,urb,perm,sfh,1945,p1,80184.99999999997,51653.99999999998
C-WEU-PRT,Zone_3C Warm Marine,WEU,urb,perm,sfh,1960,p2,79121.99999999994,35909.999999999985
C-WEU-PRT,Zone_3C Warm Marine,WEU,urb,perm,sfh,1965,p2,32822.936146818065,9865.992630651415
C-WEU-PRT,Zone_3C Warm Marine,WEU,urb,perm,sfh,1970,p2,37577.79491879005,11295.218870321965
C-WEU-PRT,Zone_3C Warm Marine,WEU,urb,perm,sfh,1975,p2,213843.02222832266,64277.42088592472
C-WEU-PRT,Zone_3C Warm Marine,WEU,urb,perm,sfh,1980,p2,242660.24670606892,72939.36761310179
C-WEU-PRT,Zone_3C Warm Marine,WEU,urb,perm,sfh,1985,p2,336541.85984026204,74363.40354409984
C-WEU-PRT,Zone_3C Warm Marine,WEU,urb,perm,sfh,1990,p2,105782.24856410957,23373.99585748076
C-WEU-PRT,Zone_3C Warm Marine,WEU,urb,perm,sfh,1995,p3,258330.38333698857,57081.53676011827
C-WEU-PRT,Zone_3C Warm Marine,WEU,urb,perm,sfh,2000,p3,244253.50825863946,53971.063838300994
C-WEU-PRT,Zone_3C Warm Marine,WEU,urb,perm,sfh,2005,p3,299142.60057241603,61590.688375727164
C-WEU-PRT,Zone_3C Warm Marine,WEU,urb,perm,sfh,2010,p3,143247.3994275838,29493.311624272792
C-WEU-PRT,Zone_3C Warm Marine,WEU,urb,perm,sfh,2015,p3,16422.999999999938,4451.999999999981
C-WEU-PRT,Zone_3C Warm Marine,WEU,urb,perm,sfh,2020,p3,19753.99999999992,7539.999999999984
C-WEU-PRT,Zone_4A Mixed Humid,WEU,rur,perm,mfh,1945,p1,2584.0,5295.999999999997
C-WEU-PRT,Zone_4A Mixed Humid,WEU,rur,perm,mfh,1960,p2,2222.9999999999973,4264.999999999997
C-WEU-PRT,Zone_4A Mixed Humid,WEU,rur,perm,mfh,1965,p2,1534.4247968670231,1561.8341388052145
C-WEU-PRT,Zone_4A Mixed Humid,WEU,rur,perm,mfh,1970,p2,1756.7075680572484,1788.087534359018
C-WEU-PRT,Zone_4A Mixed Humid,WEU,rur,perm,mfh,1975,p2,9996.85209337078,10175.425287633654
C-WEU-PRT,Zone_4A Mixed Humid,WEU,rur,perm,mfh,1980,p2,11344.015541704932,11546.653039202098
C-WEU-PRT,Zone_4A Mixed Humid,WEU,rur,perm,mfh,1985,p2,13074.0535238126,9355.70551279038
C-WEU-PRT,Zone_4A Mixed Humid,WEU,rur,perm,mfh,1990,p2,4109.452727894669,2940.6969667739254
C-WEU-PRT,Zone_4A Mixed Humid,WEU,rur,perm,mfh,1995,p3,10035.677579639296,7181.4639496013115
C-WEU-PRT,Zone_4A Mixed Humid,WEU,rur,perm,mfh,2000,p3,9488.816168653419,6790.133570834367
C-WEU-PRT,Zone_4A Mixed Humid,WEU,rur,perm,mfh,2005,p3,11264.081745295684,7052.729775689395
C-WEU-PRT,Zone_4A Mixed Humid,WEU,rur,perm,mfh,2010,p3,5393.9182547043065,3377.270224310595
C-WEU-PRT,Zone_4A Mixed Humid,WEU,rur,perm,mfh,2015,p3,684.9999999999969,542.9999999999976
C-WEU-PRT,Zone_4A Mixed Humid,WEU,rur,perm,mfh,2020,p3,936.9999999999994,693.9999999999966
C-WEU-PRT,Zone_4A Mixed Humid,WEU,rur,perm,sfh,1945,p1,2584.0,5295.999999999997
C-WEU-PRT,Zone_4A Mixed Humid,WEU,rur,perm,sfh,1960,p2,2222.9999999999973,4264.999999999997
C-WEU-PRT,Zone_4A Mixed Humid,WEU,rur,perm,sfh,1965,p2,1534.4247968670231,1561.8341388052145
C-WEU-PRT,Zone_4A Mixed Humid,WEU,rur,perm,sfh,1970,p2,1756.7075680572484,1788.087534359018
C-WEU-PRT,Zone_4A Mixed Humid,WEU,rur,perm,sfh,1975,p2,9996.852032871346,10175.425226053523
C-WEU-PRT,Zone_4A Mixed Humid,WEU,rur,perm,sfh,1980,p2,11344.015602204367,11546.65310078223
C-WEU-PRT,Zone_4A Mixed Humid,WEU,rur,perm,sfh,1985,p2,13074.054308111796,9355.706074029655
C-WEU-PRT,Zone_4A Mixed Humid,WEU,rur,perm,sfh,1990,p2,4109.452745421645,2940.6969793161106
C-WEU-PRT,Zone_4A Mixed Humid,WEU,rur,perm,sfh,1995,p3,10035.677196212453,7181.463675223618
C-WEU-PRT,Zone_4A Mixed Humid,WEU,rur,perm,sfh,2000,p3,9488.815750254096,6790.133271430601
C-WEU-PRT,Zone_4A Mixed Humid,WEU,rur,perm,sfh,2005,p3,11264.08252082433,7052.730261267721
C-WEU-PRT,Zone_4A Mixed Humid,WEU,rur,perm,sfh,2010,p3,5393.917479175661,3377.2697387322733
C-WEU-PRT,Zone_4A Mixed Humid,WEU,rur,perm,sfh,2015,p3,684.9999999999969,542.9999999999976
C-WEU-PRT,Zone_4A Mixed Humid,WEU,rur,perm,sfh,2020,p3,936.9999999999994,693.9999999999966
C-WEU-PRT,Zone_4C Mixed Marine,WEU,rur,perm,mfh,1945,p1,8611.999999999996,16601.999999999996
C-WEU-PRT,Zone_4C Mixed Marine,WEU,rur,perm,mfh,1960,p2,6253.99999999999,11253.999999999998
C-WEU-PRT,Zone_4C Mixed Marine,WEU,rur,perm,mfh,1965,p2,3480.2388986426945,3501.418844685847
C-WEU-PRT,Zone_4C Mixed Marine,WEU,rur,perm,mfh,1970,p2,3984.399903061967,4008.648058840601
C-WEU-PRT,Zone_4C Mixed Marine,WEU,rur,perm,mfh,1975,p2,22673.925493359813,22811.913870744764
C-WEU-PRT,Zone_4C Mixed Marine,WEU,rur,perm,mfh,1980,p2,25729.435704935502,25886.01922572876
C-WEU-PRT,Zone_4C Mixed Marine,WEU,rur,perm,mfh,1985,p2,32238.504651885727,22607.840837897147
C-WEU-PRT,Zone_4C Mixed Marine,WEU,rur,perm,mfh,1990,p2,10133.246788659531,7106.124587442571
C-WEU-PRT,Zone_4C Mixed Marine,WEU,rur,perm,mfh,1995,p3,24746.360242961495,17353.837584319055
C-WEU-PRT,Zone_4C Mixed Marine,WEU,rur,perm,mfh,2000,p3,23397.888316493212,16408.196990341195
C-WEU-PRT,Zone_4C Mixed Marine,WEU,rur,perm,mfh,2005,p3,25433.10377020419,16750.740364657504
C-WEU-PRT,Zone_4C Mixed Marine,WEU,rur,perm,mfh,2010,p3,12178.896229795797,8021.259635342481
C-WEU-PRT,Zone_4C Mixed Marine,WEU,rur,perm,mfh,2015,p3,1746.9999999999932,1263.9999999999984
C-WEU-PRT,Zone_4C Mixed Marine,WEU,rur,perm,mfh,2020,p3,2166.999999999995,1420.9999999999932
C-WEU-PRT,Zone_4C Mixed Marine,WEU,rur,perm,sfh,1945,p1,8611.999999999996,16601.999999999996
C-WEU-PRT,Zone_4C Mixed Marine,WEU,rur,perm,sfh,1960,p2,6253.99999999999,11253.999999999998
C-WEU-PRT,Zone_4C Mixed Marine,WEU,rur,perm,sfh,1965,p2,3480.2388986426945,3501.418844685847
C-WEU-PRT,Zone_4C Mixed Marine,WEU,rur,perm,sfh,1970,p2,3984.399903061967,4008.648058840601
C-WEU-PRT,Zone_4C Mixed Marine,WEU,rur,perm,sfh,1975,p2,22673.92535614065,22811.91373269052
C-WEU-PRT,Zone_4C Mixed Marine,WEU,rur,perm,sfh,1980,p2,25729.435842154664,25886.01936378301
C-WEU-PRT,Zone_4C Mixed Marine,WEU,rur,perm,sfh,1985,p2,32238.50658584088,22607.84219411856
C-WEU-PRT,Zone_4C Mixed Marine,WEU,rur,perm,sfh,1990,p2,10133.246831878216,7106.124617750465
C-WEU-PRT,Zone_4C Mixed Marine,WEU,rur,perm,sfh,1995,p3,24746.35929749281,17353.836921291855
C-WEU-PRT,Zone_4C Mixed Marine,WEU,rur,perm,sfh,2000,p3,23397.887284788045,16408.196266839077
C-WEU-PRT,Zone_4C Mixed Marine,WEU,rur,perm,sfh,2005,p3,25433.105521265734,16750.74151794094
C-WEU-PRT,Zone_4C Mixed Marine,WEU,rur,perm,sfh,2010,p3,12178.894478734252,8021.25848205904
C-WEU-PRT,Zone_4C Mixed Marine,WEU,rur,perm,sfh,2015,p3,1746.9999999999932,1263.9999999999984
C-WEU-PRT,Zone_4C Mixed Marine,WEU,rur,perm,sfh,2020,p3,2166.999999999995,1420.9999999999932
C-WEU-PRT,Zone_4C Mixed Marine,WEU,urb,perm,mfh,1945,p1,14580.999999999996,9822.999999999996
C-WEU-PRT,Zone_4C Mixed Marine,WEU,urb,perm,mfh,1960,p2,13724.999999999989,7288.999999999996
C-WEU-PRT,Zone_4C Mixed Marine,WEU,urb,perm,mfh,1965,p2,8335.056295485618,2855.430490369873
C-WEU-PRT,Zone_4C Mixed Marine,WEU,urb,perm,mfh,1970,p2,9542.505116157681,3269.0793075920787
C-WEU-PRT,Zone_4C Mixed Marine,WEU,urb,perm,mfh,1975,p2,54303.29667900279,18603.26836050381
C-WEU-PRT,Zone_4C Mixed Marine,WEU,urb,perm,mfh,1980,p2,61621.141909353806,21110.221841534214
C-WEU-PRT,Zone_4C Mixed Marine,WEU,urb,perm,mfh,1985,p2,93438.8088118445,25321.807489620263
C-WEU-PRT,Zone_4C Mixed Marine,WEU,urb,perm,mfh,1990,p2,29369.802338937312,7959.181953318062
C-WEU-PRT,Zone_4C Mixed Marine,WEU,urb,perm,mfh,1995,p3,71723.87331544104,19437.08546371459
C-WEU-PRT,Zone_4C Mixed Marine,WEU,urb,perm,mfh,2000,p3,67815.51553377704,18377.925093347047
C-WEU-PRT,Zone_4C Mixed Marine,WEU,urb,perm,mfh,2005,p3,84612.47141246544,20344.04870866647
C-WEU-PRT,Zone_4C Mixed Marine,WEU,urb,perm,mfh,2010,p3,40517.52858753451,9741.951291333518
C-WEU-PRT,Zone_4C Mixed Marine,WEU,urb,perm,mfh,2015,p3,5816.999999999998,1652.9999999999936
C-WEU-PRT,Zone_4C Mixed Marine,WEU,urb,perm,mfh,2020,p3,8338.999999999985,3117.999999999999
C-WEU-PRT,Zone_4C Mixed Marine,WEU,urb,perm,sfh,1945,p1,14580.999999999996,9822.999999999996
C-WEU-PRT,Zone_4C Mixed Marine,WEU,urb,perm,sfh,1960,p2,13724.999999999989,7288.999999999996
C-WEU-PRT,Zone_4C Mixed Marine,WEU,urb,perm,sfh,1965,p2,8335.056295485618,2855.430490369873
C-WEU-PRT,Zone_4C Mixed Marine,WEU,urb,perm,sfh,1970,p2,9542.505116157681,3269.0793075920787
C-WEU-PRT,Zone_4C Mixed Marine,WEU,urb,perm,sfh,1975,p2,54303.29635036747,18603.268247919652
C-WEU-PRT,Zone_4C Mixed Marine,WEU,urb,perm,sfh,1980,p2,61621.142237989145,21110.221954118373
C-WEU-PRT,Zone_4C Mixed Marine,WEU,urb,perm,sfh,1985,p2,93438.81441714376,25321.80900864978
C-WEU-PRT,Zone_4C Mixed Marine,WEU,urb,perm,sfh,1990,p2,29369.802464200642,7959.181987264281
C-WEU-PRT,Zone_4C Mixed Marine,WEU,urb,perm,sfh,1995,p3,71723.87057513196,19437.08472109405
C-WEU-PRT,Zone_4C Mixed Marine,WEU,urb,perm,sfh,2000,p3,67815.51254352351,18377.92428299186
C-WEU-PRT,Zone_4C Mixed Marine,WEU,urb,perm,sfh,2005,p3,84612.47723800865,20344.0501093481
C-WEU-PRT,Zone_4C Mixed Marine,WEU,urb,perm,sfh,2010,p3,40517.52276199128,9741.949890651878
C-WEU-PRT,Zone_4C Mixed Marine,WEU,urb,perm,sfh,2015,p3,5816.999999999998,1652.9999999999936
C-WEU-PRT,Zone_4C Mixed Marine,WEU,urb,perm,sfh,2020,p3,8338.999999999985,3117.999999999999
C-WEU-SWE,Zone_5A Cool Humid,WEU,rur,perm,mfh,1945,p1,8555.976247213466,6251.632408405172
C-WEU-SWE,Zone_5A Cool Humid,WEU,rur,perm,mfh,1960,p2,2306.9253978015213,1338.0106411637928
C-WEU-SWE,Zone_5A Cool Humid,WEU,rur,perm,mfh,1965,p2,2251.286250017632,877.2261198249334
C-WEU-SWE,Zone_5A Cool Humid,WEU,rur,perm,mfh,1970,p2,2970.17670801747,1157.3457567859941
C-WEU-SWE,Zone_5A Cool Humid,WEU,rur,perm,mfh,1975,p2,1882.2904469067214,733.4448673999543
C-WEU-SWE,Zone_5A Cool Humid,WEU,rur,perm,mfh,1980,p2,9938.018829664983,3872.4039187046333
C-WEU-SWE,Zone_5A Cool Humid,WEU,rur,perm,mfh,1985,p2,1607.787489668844,722.0018123311685
C-WEU-SWE,Zone_5A Cool Humid,WEU,rur,perm,mfh,1990,p2,2411.649847585698,1082.988623716497
C-WEU-SWE,Zone_5A Cool Humid,WEU,rur,perm,mfh,1995,p3,2109.6180853387523,947.356594530358
C-WEU-SWE,Zone_5A Cool Humid,WEU,rur,perm,mfh,2000,p3,1616.8401112678698,726.0670319219705
C-WEU-SWE,Zone_5A Cool Humid,WEU,rur,perm,mfh,2005,p3,1290.572569700758,1178.7960012404726
C-WEU-SWE,Zone_5A Cool Humid,WEU,rur,perm,mfh,2010,p3,1777.3073595789642,1623.3746614750426
C-WEU-SWE,Zone_5A Cool Humid,WEU,rur,perm,mfh,2015,p3,647.6635406257193,615.2367322198273
C-WEU-SWE,Zone_5A Cool Humid,WEU,rur,perm,mfh,2020,p3,646.6609654854312,687.6175242456892
C-WEU-SWE,Zone_5A Cool Humid,WEU,rur,perm,sfh,1945,p1,8555.976247213466,6251.632408405172
C-WEU-SWE,Zone_5A Cool Humid,WEU,rur,perm,sfh,1960,p2,2306.9253978015213,1338.0106411637928
C-WEU-SWE,Zone_5A Cool Humid,WEU,rur,perm,sfh,1965,p2,2251.286250017632,877.2261198249334
C-WEU-SWE,Zone_5A Cool Humid,WEU,rur,perm,sfh,1970,p2,2970.17670801747,1157.3457567859941
C-WEU-SWE,Zone_5A Cool Humid,WEU,rur,perm,sfh,1975,p2,1882.2904469067214,733.4448673999543
C-WEU-SWE,Zone_5A Cool Humid,WEU,rur,perm,sfh,1980,p2,9938.018829664983,3872.4039187046333
C-WEU-SWE,Zone_5A Cool Humid,WEU,rur,perm,sfh,1985,p2,1607.7874781902547,722.0018071765307
C-WEU-SWE,Zone_5A Cool Humid,WEU,rur,perm,sfh,1990,p2,2411.649764889698,1082.9885865805804
C-WEU-SWE,Zone_5A Cool Humid,WEU,rur,perm,sfh,1995,p3,2109.6181338727274,947.3566163252896
C-WEU-SWE,Zone_5A Cool Humid,WEU,rur,perm,sfh,2000,p3,1616.8401569084838,726.067052417593
C-WEU-SWE,Zone_5A Cool Humid,WEU,rur,perm,sfh,2005,p3,1290.5726971578852,1178.7961176585286
C-WEU-SWE,Zone_5A Cool Humid,WEU,rur,perm,sfh,2010,p3,1777.3072321218401,1623.3745450569863
C-WEU-SWE,Zone_5A Cool Humid,WEU,rur,perm,sfh,2015,p3,647.6635406257193,615.2367322198273
C-WEU-SWE,Zone_5A Cool Humid,WEU,rur,perm,sfh,2020,p3,646.6609654854312,687.6175242456892
C-WEU-SWE,Zone_5A Cool Humid,WEU,urb,perm,mfh,1945,p1,187724.3691907181,47603.587924189604
C-WEU-SWE,Zone_5A Cool Humid,WEU,urb,perm,mfh,1960,p2,117317.99235013359,19781.726695567875
C-WEU-SWE,Zone_5A Cool Humid,WEU,urb,perm,mfh,1965,p2,72919.6395436639,8709.364797361457
C-WEU-SWE,Zone_5A Cool Humid,WEU,urb,perm,mfh,1970,p2,96204.65408515857,11490.476816330081
C-WEU-SWE,Zone_5A Cool Humid,WEU,urb,perm,mfh,1975,p2,60967.787150054835,7281.861272226384
C-WEU-SWE,Zone_5A Cool Humid,WEU,urb,perm,mfh,1980,p2,321894.53954673203,38446.39096868363
C-WEU-SWE,Zone_5A Cool Humid,WEU,urb,perm,mfh,1985,p2,48472.95023656144,4342.0008143191535
C-WEU-SWE,Zone_5A Cool Humid,WEU,urb,perm,mfh,1990,p2,72708.47907524793,6512.916457775494
C-WEU-SWE,Zone_5A Cool Humid,WEU,urb,perm,mfh,1995,p3,63602.56758176281,5697.2476171772905
C-WEU-SWE,Zone_5A Cool Humid,WEU,urb,perm,mfh,2000,p3,48745.87640317217,4366.448380062303
C-WEU-SWE,Zone_5A Cool Humid,WEU,urb,perm,mfh,2005,p3,40789.66288611411,4721.915953708853
C-WEU-SWE,Zone_5A Cool Humid,WEU,urb,perm,mfh,2010,p3,56173.337125121965,6502.769524836538
C-WEU-SWE,Zone_5A Cool Humid,WEU,urb,perm,mfh,2015,p3,22003.633202450965,2947.0002611159066
C-WEU-SWE,Zone_5A Cool Humid,WEU,urb,perm,mfh,2020,p3,44801.25843990194,8693.988817885966
C-WEU-SWE,Zone_5A Cool Humid,WEU,urb,perm,sfh,1945,p1,187724.3691907181,47603.587924189604
C-WEU-SWE,Zone_5A Cool Humid,WEU,urb,perm,sfh,1960,p2,117317.99235013359,19781.726695567875
C-WEU-SWE,Zone_5A Cool Humid,WEU,urb,perm,sfh,1965,p2,72919.6395436639,8709.364797361457
C-WEU-SWE,Zone_5A Cool Humid,WEU,urb,perm,sfh,1970,p2,96204.65408515857,11490.476816330081
C-WEU-SWE,Zone_5A Cool Humid,WEU,urb,perm,sfh,1975,p2,60967.787150054835,7281.861272226384
C-WEU-SWE,Zone_5A Cool Humid,WEU,urb,perm,sfh,1980,p2,321894.53954673203,38446.39096868363
C-WEU-SWE,Zone_5A Cool Humid,WEU,urb,perm,sfh,1985,p2,48472.94989049509,4342.000783319993
C-WEU-SWE,Zone_5A Cool Humid,WEU,urb,perm,sfh,1990,p2,72708.4765820583,6512.916234446169
C-WEU-SWE,Zone_5A Cool Humid,WEU,urb,perm,sfh,1995,p3,63602.56904500651,5697.2477482484355
C-WEU-SWE,Zone_5A Cool Humid,WEU,urb,perm,sfh,2000,p3,48745.87777918438,4366.448503319624
C-WEU-SWE,Zone_5A Cool Humid,WEU,urb,perm,sfh,2005,p3,40789.66691450684,4721.91642004593
C-WEU-SWE,Zone_5A Cool Humid,WEU,urb,perm,sfh,2010,p3,56173.33309672916,6502.769058499463
C-WEU-SWE,Zone_5A Cool Humid,WEU,urb,perm,sfh,2015,p3,22003.633202450965,2947.0002611159066
C-WEU-SWE,Zone_5A Cool Humid,WEU,urb,perm,sfh,2020,p3,44801.25843990194,8693.988817885966
C-WEU-SWE,Zone_6A Cold Humid,WEU,rur,perm,mfh,1945,p1,30495.122087421943,18713.999927028603
C-WEU-SWE,Zone_6A Cold Humid,WEU,rur,perm,mfh,1960,p2,20096.45991971454,5911.071828176688
C-WEU-SWE,Zone_6A Cold Humid,WEU,rur,perm,mfh,1965,p2,10244.439344588558,2912.5777538803386
C-WEU-SWE,Zone_6A Cold Humid,WEU,rur,perm,mfh,1970,p2,13515.738004332583,3842.634673754818
C-WEU-SWE,Zone_6A Cold Humid,WEU,rur,perm,mfh,1975,p2,8565.330291553712,2435.1933397892203
C-WEU-SWE,Zone_6A Cold Humid,WEU,rur,perm,mfh,1980,p2,45222.783688695505,12857.206657171837
C-WEU-SWE,Zone_6A Cold Humid,WEU,rur,perm,mfh,1985,p2,5943.491210661317,1778.7890138741222
C-WEU-SWE,Zone_6A Cold Humid,WEU,rur,perm,mfh,1990,p2,8915.12056210744,2668.1487279385647
C-WEU-SWE,Zone_6A Cold Humid,WEU,rur,perm,mfh,1995,p3,7798.603639050796,2333.9936049402872
C-WEU-SWE,Zone_6A Cold Humid,WEU,rur,perm,mfh,2000,p3,5976.956238492618,1788.804545443938
C-WEU-SWE,Zone_6A Cold Humid,WEU,rur,perm,mfh,2005,p3,2818.431164499792,1407.239201207191
C-WEU-SWE,Zone_6A Cold Humid,WEU,rur,perm,mfh,2010,p3,3881.3914759997338,1937.9739725620166
C-WEU-SWE,Zone_6A Cold Humid,WEU,rur,perm,mfh,2015,p3,1533.0782426404946,673.8938266199611
C-WEU-SWE,Zone_6A Cold Humid,WEU,rur,perm,mfh,2020,p3,3833.1969402319264,1076.7536728935563
C-WEU-SWE,Zone_6A Cold Humid,WEU,rur,perm,sfh,1945,p1,30495.122087421943,18713.999927028603
C-WEU-SWE,Zone_6A Cold Humid,WEU,rur,perm,sfh,1960,p2,20096.45991971454,5911.071828176688
C-WEU-SWE,Zone_6A Cold Humid,WEU,rur,perm,sfh,1965,p2,10244.439344588558,2912.5777538803386
C-WEU-SWE,Zone_6A Cold Humid,WEU,rur,perm,sfh,1970,p2,13515.738004332583,3842.634673754818
C-WEU-SWE,Zone_6A Cold Humid,WEU,rur,perm,sfh,1975,p2,8565.330291553712,2435.1933397892203
C-WEU-SWE,Zone_6A Cold Humid,WEU,rur,perm,sfh,1980,p2,45222.783688695505,12857.206657171837
C-WEU-SWE,Zone_6A Cold Humid,WEU,rur,perm,sfh,1985,p2,5943.491210661317,1778.7890138741222
C-WEU-SWE,Zone_6A Cold Humid,WEU,rur,perm,sfh,1990,p2,8915.120636944615,2668.148750336097
C-WEU-SWE,Zone_6A Cold Humid,WEU,rur,perm,sfh,1995,p3,7798.603564213619,2333.9935825427547
C-WEU-SWE,Zone_6A Cold Humid,WEU,rur,perm,sfh,2000,p3,5976.956238492618,1788.804545443938
C-WEU-SWE,Zone_6A Cold Humid,WEU,rur,perm,sfh,2005,p3,2818.431103936232,1407.2391709678773
C-WEU-SWE,Zone_6A Cold Humid,WEU,rur,perm,sfh,2010,p3,3881.391536563294,1937.97400280133
C-WEU-SWE,Zone_6A Cold Humid,WEU,rur,perm,sfh,2015,p3,1533.0782426404946,673.8938266199611
C-WEU-SWE,Zone_6A Cold Humid,WEU,rur,perm,sfh,2020,p3,3833.1969402319264,1076.7536728935563
C-WEU-SWE,Zone_6A Cold Humid,WEU,urb,perm,mfh,1945,p1,647922.2226338913,200135.37603677312
C-WEU-SWE,Zone_6A Cold Humid,WEU,urb,perm,mfh,1960,p2,486051.80487542297,77100.42613308954
C-WEU-SWE,Zone_6A Cold Humid,WEU,urb,perm,mfh,1965,p2,258398.98295103316,35773.54753747137
C-WEU-SWE,Zone_6A Cold Humid,WEU,urb,perm,mfh,1970,p2,340912.06328406744,47196.91139148607
C-WEU-SWE,Zone_6A Cold Humid,WEU,urb,perm,mfh,1975,p2,216046.24338434663,29910.104404190464
C-WEU-SWE,Zone_6A Cold Humid,WEU,urb,perm,mfh,1980,p2,1140669.6763299357,157917.8076659604
C-WEU-SWE,Zone_6A Cold Humid,WEU,urb,perm,mfh,1985,p2,159835.9306891699,17171.7147402036
C-WEU-SWE,Zone_6A Cold Humid,WEU,urb,perm,mfh,1990,p2,239750.7696645599,25757.236233886662
C-WEU-SWE,Zone_6A Cold Humid,WEU,urb,perm,mfh,1995,p3,209724.7268554361,22531.436880310197
C-WEU-SWE,Zone_6A Cold Humid,WEU,urb,perm,mfh,2000,p3,160735.89229075485,17268.40065952676
C-WEU-SWE,Zone_6A Cold Humid,WEU,urb,perm,mfh,2005,p3,130355.7417740832,14184.766909923124
C-WEU-SWE,Zone_6A Cold Humid,WEU,urb,perm,mfh,2010,p3,179518.90091995389,19534.496377522803
C-WEU-SWE,Zone_6A Cold Humid,WEU,urb,perm,mfh,2015,p3,94904.73359225816,8781.248950786965
C-WEU-SWE,Zone_6A Cold Humid,WEU,urb,perm,mfh,2020,p3,154632.77482675554,27770.737479109364
C-WEU-SWE,Zone_6A Cold Humid,WEU,urb,perm,sfh,1945,p1,647922.2226338913,200135.37603677312
C-WEU-SWE,Zone_6A Cold Humid,WEU,urb,perm,sfh,1960,p2,486051.80487542297,77100.42613308954
C-WEU-SWE,Zone_6A Cold Humid,WEU,urb,perm,sfh,1965,p2,258398.98295103316,35773.54753747137
C-WEU-SWE,Zone_6A Cold Humid,WEU,urb,perm,sfh,1970,p2,340912.06328406744,47196.91139148607
C-WEU-SWE,Zone_6A Cold Humid,WEU,urb,perm,sfh,1975,p2,216046.24338434663,29910.104404190464
C-WEU-SWE,Zone_6A Cold Humid,WEU,urb,perm,sfh,1980,p2,1140669.6763299357,157917.8076659604
C-WEU-SWE,Zone_6A Cold Humid,WEU,urb,perm,sfh,1985,p2,159835.9306891699,17171.7147402036
C-WEU-SWE,Zone_6A Cold Humid,WEU,urb,perm,sfh,1990,p2,239750.771677126,25757.23645010345
C-WEU-SWE,Zone_6A Cold Humid,WEU,urb,perm,sfh,1995,p3,209724.72484287003,22531.43666409342
C-WEU-SWE,Zone_6A Cold Humid,WEU,urb,perm,sfh,2000,p3,160735.89229075485,17268.40065952676
C-WEU-SWE,Zone_6A Cold Humid,WEU,urb,perm,sfh,2005,p3,130355.73897294744,14184.766605115254
C-WEU-SWE,Zone_6A Cold Humid,WEU,urb,perm,sfh,2010,p3,179518.9037210896,19534.496682330697
C-WEU-SWE,Zone_6A Cold Humid,WEU,urb,perm,sfh,2015,p3,94904.73359225816,8781.248950786965
C-WEU-SWE,Zone_6A Cold Humid,WEU,urb,perm,sfh,2020,p3,154632.77482675554,27770.737479109364
C-WEU-SWE,Zone_7A Very cold Humid,WEU,rur,perm,mfh,1945,p1,49352.5037283651,35199.33746935128
C-WEU-SWE,Zone_7A Very cold Humid,WEU,rur,perm,mfh,1960,p2,37753.38529180811,15639.111162641126
C-WEU-SWE,Zone_7A Very cold Humid,WEU,rur,perm,mfh,1965,p2,17788.39603078115,9227.628393118554
C-WEU-SWE,Zone_7A Very cold Humid,WEU,rur,perm,mfh,1970,p2,23468.663553203307,12174.234584014686
C-WEU-SWE,Zone_7A Very cold Humid,WEU,rur,perm,mfh,1975,p2,14872.799011796265,7715.179165615316
C-WEU-SWE,Zone_7A Very cold Humid,WEU,rur,perm,mfh,1980,p2,78524.62773317083,40734.20015924013
C-WEU-SWE,Zone_7A Very cold Humid,WEU,rur,perm,mfh,1985,p2,11270.389276140551,6771.273430357893
C-WEU-SWE,Zone_7A Very cold Humid,WEU,rur,perm,mfh,1990,p2,16905.36368138169,10156.777829192846
C-WEU-SWE,Zone_7A Very cold Humid,WEU,rur,perm,mfh,1995,p3,14788.159489797783,8884.75712628206
C-WEU-SWE,Zone_7A Very cold Humid,WEU,rur,perm,mfh,2000,p3,11333.847302482594,6809.39914520098
C-WEU-SWE,Zone_7A Very cold Humid,WEU,rur,perm,mfh,2005,p3,3407.2345414865504,5553.198077947603
C-WEU-SWE,Zone_7A Very cold Humid,WEU,rur,perm,mfh,2010,p3,4692.260253931919,7647.565879628621
C-WEU-SWE,Zone_7A Very cold Humid,WEU,rur,perm,mfh,2015,p3,2398.756699608748,2412.015428188205
C-WEU-SWE,Zone_7A Very cold Humid,WEU,rur,perm,mfh,2020,p3,4191.4838431316275,3260.429044519966
C-WEU-SWE,Zone_7A Very cold Humid,WEU,rur,perm,sfh,1945,p1,49352.5037283651,35199.33746935128
C-WEU-SWE,Zone_7A Very cold Humid,WEU,rur,perm,sfh,1960,p2,37753.38529180811,15639.111162641126
C-WEU-SWE,Zone_7A Very cold Humid,WEU,rur,perm,sfh,1965,p2,17788.39603078115,9227.628393118554
C-WEU-SWE,Zone_7A Very cold Humid,WEU,rur,perm,sfh,1970,p2,23468.663553203307,12174.234584014686
C-WEU-SWE,Zone_7A Very cold Humid,WEU,rur,perm,sfh,1975,p2,14872.799011796265,7715.179165615316
C-WEU-SWE,Zone_7A Very cold Humid,WEU,rur,perm,sfh,1980,p2,78524.62773317083,40734.20015924013
C-WEU-SWE,Zone_7A Very cold Humid,WEU,rur,perm,sfh,1985,p2,11270.389235908806,6771.273406186578
C-WEU-SWE,Zone_7A Very cold Humid,WEU,rur,perm,sfh,1990,p2,16905.363462492656,10156.777697683854
C-WEU-SWE,Zone_7A Very cold Humid,WEU,rur,perm,sfh,1995,p3,14788.159588951065,8884.75718585356
C-WEU-SWE,Zone_7A Very cold Humid,WEU,rur,perm,sfh,2000,p3,11333.847462450087,6809.399241309793
C-WEU-SWE,Zone_7A Very cold Humid,WEU,rur,perm,sfh,2005,p3,3407.2346731280177,5553.1982925002285
C-WEU-SWE,Zone_7A Very cold Humid,WEU,rur,perm,sfh,2010,p3,4692.260122290457,7647.565665075996
C-WEU-SWE,Zone_7A Very cold Humid,WEU,rur,perm,sfh,2015,p3,2398.756699608748,2412.015428188205
C-WEU-SWE,Zone_7A Very cold Humid,WEU,rur,perm,sfh,2020,p3,4191.4838431316275,3260.429044519966
C-WEU-SWE,Zone_7A Very cold Humid,WEU,urb,perm,mfh,1945,p1,84755.43125877842,47071.22800557735
C-WEU-SWE,Zone_7A Very cold Humid,WEU,urb,perm,mfh,1960,p2,69123.66703787881,23897.653352371675
C-WEU-SWE,Zone_7A Very cold Humid,WEU,urb,perm,mfh,1965,p2,35295.6934592872,9687.838043807089
C-WEU-SWE,Zone_7A Very cold Humid,WEU,urb,perm,mfh,1970,p2,46566.4668832221,12781.400369915631
C-WEU-SWE,Zone_7A Very cold Humid,WEU,urb,perm,mfh,1975,p2,29510.572729187134,8099.958413060425
C-WEU-SWE,Zone_7A Very cold Humid,WEU,urb,perm,mfh,1980,p2,155808.38118730206,42765.73754108148
C-WEU-SWE,Zone_7A Very cold Humid,WEU,urb,perm,mfh,1985,p2,22698.435572348477,5518.379822912285
C-WEU-SWE,Zone_7A Very cold Humid,WEU,urb,perm,mfh,1990,p2,34047.209812114466,8277.46190061301
C-WEU-SWE,Zone_7A Very cold Humid,WEU,urb,perm,mfh,1995,p3,29783.184696503675,7240.804105965575
C-WEU-SWE,Zone_7A Very cold Humid,WEU,urb,perm,mfh,2000,p3,22826.23931427621,5549.451109235021
C-WEU-SWE,Zone_7A Very cold Humid,WEU,urb,perm,mfh,2005,p3,9212.923815370608,3645.218533061745
C-WEU-SWE,Zone_7A Very cold Humid,WEU,urb,perm,mfh,2010,p3,12687.54343588732,5019.999014250171
C-WEU-SWE,Zone_7A Very cold Humid,WEU,urb,perm,mfh,2015,p3,4922.095242798375,2213.0375968353783
C-WEU-SWE,Zone_7A Very cold Humid,WEU,urb,perm,mfh,2020,p3,8877.481007794604,3587.9566182643043
C-WEU-SWE,Zone_7A Very cold Humid,WEU,urb,perm,sfh,1945,p1,84755.43125877842,47071.22800557735
C-WEU-SWE,Zone_7A Very cold Humid,WEU,urb,perm,sfh,1960,p2,69123.66703787881,23897.653352371675
C-WEU-SWE,Zone_7A Very cold Humid,WEU,urb,perm,sfh,1965,p2,35295.6934592872,9687.838043807089
C-WEU-SWE,Zone_7A Very cold Humid,WEU,urb,perm,sfh,1970,p2,46566.4668832221,12781.400369915631
C-WEU-SWE,Zone_7A Very cold Humid,WEU,urb,perm,sfh,1975,p2,29510.572729187134,8099.958413060425
C-WEU-SWE,Zone_7A Very cold Humid,WEU,urb,perm,sfh,1980,p2,155808.38118730206,42765.73754108148
C-WEU-SWE,Zone_7A Very cold Humid,WEU,urb,perm,sfh,1985,p2,22698.435491322212,5518.379803213408
C-WEU-SWE,Zone_7A Very cold Humid,WEU,urb,perm,sfh,1990,p2,34047.20937127444,8277.461793437225
C-WEU-SWE,Zone_7A Very cold Humid,WEU,urb,perm,sfh,1995,p3,29783.184896197265,7240.804154514516
C-WEU-SWE,Zone_7A Very cold Humid,WEU,urb,perm,sfh,2000,p3,22826.23963644893,5549.451187560746
C-WEU-SWE,Zone_7A Very cold Humid,WEU,urb,perm,sfh,2005,p3,9212.924171319904,3645.2186738979262
C-WEU-SWE,Zone_7A Very cold Humid,WEU,urb,perm,sfh,2010,p3,12687.543079938023,5019.998873413994
C-WEU-SWE,Zone_7A Very cold Humid,WEU,urb,perm,sfh,2015,p3,4922.095242798375,2213.0375968353783
C-WEU-SWE,Zone_7A Very cold Humid,WEU,urb,perm,sfh,2020,p3,8877.481007794604,3587.9566182643043
C-WEU-SWE,Zone_8A Subarctic/arctic Humid,WEU,urb,perm,mfh,1945,p1,16956.480283911667,9561.920810542018
C-WEU-SWE,Zone_8A Subarctic/arctic Humid,WEU,urb,perm,mfh,1960,p2,22059.60228706624,9888.275360517155
C-WEU-SWE,Zone_8A Subarctic/arctic Humid,WEU,urb,perm,mfh,1965,p2,12678.747078832073,3394.244888819468
C-WEU-SWE,Zone_8A Subarctic/arctic Humid,WEU,urb,perm,mfh,1970,p2,16727.379408147957,4478.109840541143
C-WEU-SWE,Zone_8A Subarctic/arctic Humid,WEU,urb,perm,mfh,1975,p2,10600.644189536184,2837.913094630597
C-WEU-SWE,Zone_8A Subarctic/arctic Humid,WEU,urb,perm,mfh,1980,p2,55968.7277461967,14983.46539331361
C-WEU-SWE,Zone_8A Subarctic/arctic Humid,WEU,urb,perm,mfh,1985,p2,8656.063425398792,2986.1226679507718
C-WEU-SWE,Zone_8A Subarctic/arctic Humid,WEU,urb,perm,mfh,1990,p2,12983.9259913819,4479.125650592662
C-WEU-SWE,Zone_8A Subarctic/arctic Humid,WEU,urb,perm,mfh,1995,p3,11357.83719197653,3918.166195309847
C-WEU-SWE,Zone_8A Subarctic/arctic Humid,WEU,urb,perm,mfh,2000,p3,8704.801466952526,3002.9360580015054
C-WEU-SWE,Zone_8A Subarctic/arctic Humid,WEU,urb,perm,mfh,2005,p3,2364.9476807498254,1398.7660055914125
C-WEU-SWE,Zone_8A Subarctic/arctic Humid,WEU,urb,perm,mfh,2010,p3,3256.8788176728676,1926.305351942142
C-WEU-SWE,Zone_8A Subarctic/arctic Humid,WEU,urb,perm,mfh,2015,p3,1664.3033123028356,706.2098458478349
C-WEU-SWE,Zone_8A Subarctic/arctic Humid,WEU,urb,perm,mfh,2020,p3,3058.637618296525,1177.0164097463917
C-WEU-SWE,Zone_8A Subarctic/arctic Humid,WEU,urb,perm,sfh,1945,p1,16956.480283911667,9561.920810542018
C-WEU-SWE,Zone_8A Subarctic/arctic Humid,WEU,urb,perm,sfh,1960,p2,22059.60228706624,9888.275360517155
C-WEU-SWE,Zone_8A Subarctic/arctic Humid,WEU,urb,perm,sfh,1965,p2,12678.747078832073,3394.244888819468
C-WEU-SWE,Zone_8A Subarctic/arctic Humid,WEU,urb,perm,sfh,1970,p2,16727.379408147957,4478.109840541143
C-WEU-SWE,Zone_8A Subarctic/arctic Humid,WEU,urb,perm,sfh,1975,p2,10600.644189536184,2837.913094630597
C-WEU-SWE,Zone_8A Subarctic/arctic Humid,WEU,urb,perm,sfh,1980,p2,55968.7277461967,14983.46539331361
C-WEU-SWE,Zone_8A Subarctic/arctic Humid,WEU,urb,perm,sfh,1985,p2,8656.063394499371,2986.1226572912537
C-WEU-SWE,Zone_8A Subarctic/arctic Humid,WEU,urb,perm,sfh,1990,p2,12983.925823267258,4479.12559259737
C-WEU-SWE,Zone_8A Subarctic/arctic Humid,WEU,urb,perm,sfh,1995,p3,11357.83726812981,3918.1662215807946
C-WEU-SWE,Zone_8A Subarctic/arctic Humid,WEU,urb,perm,sfh,2000,p3,8704.801589813298,3002.9361003853637
C-WEU-SWE,Zone_8A Subarctic/arctic Humid,WEU,urb,perm,sfh,2005,p3,2364.947772121632,1398.7660596339513
C-WEU-SWE,Zone_8A Subarctic/arctic Humid,WEU,urb,perm,sfh,2010,p3,3256.878726301061,1926.3052978996034
C-WEU-SWE,Zone_8A Subarctic/arctic Humid,WEU,urb,perm,sfh,2015,p3,1664.3033123028356,706.2098458478349
C-WEU-SWE,Zone_8A Subarctic/arctic Humid,WEU,urb,perm,sfh,2020,p3,3058.637618296525,1177.0164097463917
