region_bld,region_nuts,clim,arch,urt,value
C-EEU-BGR,C-EEU-BGR-BG311,Zone_4A Mixed Humid,mfh,urb,4768.0
C-EEU-BGR,C-EEU-BGR-BG311,Zone_4A Mixed Humid,mfh,rur,4768.0
C-EEU-BGR,C-EEU-BGR-BG311,Zone_4A Mixed Humid,sfh,urb,15748.5
C-EEU-BGR,C-EEU-BGR-BG311,Zone_4A Mixed Humid,sfh,rur,15748.5
C-EEU-BGR,C-EEU-BGR-BG312,Zone_4A Mixed Humid,mfh,urb,4125.5
C-EEU-BGR,C-EEU-BGR-BG312,Zone_4A Mixed Humid,mfh,rur,4125.5
C-EEU-BGR,C-EEU-BGR-BG312,Zone_4A Mixed Humid,sfh,urb,16870.0
C-EEU-BGR,C-EEU-BGR-BG312,Zone_4A Mixed Humid,sfh,rur,16870.0
C-EEU-BGR,C-EEU-BGR-BG313,Zone_4A Mixed Humid,mfh,urb,6491.5
C-EEU-BGR,C-EEU-BGR-BG313,Zone_4A Mixed Humid,mfh,rur,6491.5
C-EEU-BGR,C-EEU-BGR-BG313,Zone_4A Mixed Humid,sfh,urb,20346.0
C-EEU-BGR,C-EEU-BGR-BG313,Zone_4A Mixed Humid,sfh,rur,20346.0
C-EEU-BGR,C-EEU-BGR-BG314,Zone_4A Mixed Humid,mfh,urb,7938.5
C-EEU-BGR,C-EEU-BGR-BG314,Zone_4A Mixed Humid,mfh,rur,7938.5
C-EEU-BGR,C-EEU-BGR-BG314,Zone_4A Mixed Humid,sfh,urb,17520.5
C-EEU-BGR,C-EEU-BGR-BG314,Zone_4A Mixed Humid,sfh,rur,17520.5
C-EEU-BGR,C-EEU-BGR-BG315,Zone_4A Mixed Humid,mfh,urb,4340.0
C-EEU-BGR,C-EEU-BGR-BG315,Zone_4A Mixed Humid,mfh,rur,4340.0
C-EEU-BGR,C-EEU-BGR-BG315,Zone_4A Mixed Humid,sfh,urb,18253.0
C-EEU-BGR,C-EEU-BGR-BG315,Zone_4A Mixed Humid,sfh,rur,18253.0
C-EEU-BGR,C-EEU-BGR-BG321,Zone_4A Mixed Humid,mfh,urb,10359.5
C-EEU-BGR,C-EEU-BGR-BG321,Zone_4A Mixed Humid,mfh,rur,10359.5
C-EEU-BGR,C-EEU-BGR-BG321,Zone_4A Mixed Humid,sfh,urb,18856.0
C-EEU-BGR,C-EEU-BGR-BG321,Zone_4A Mixed Humid,sfh,rur,18856.0
C-EEU-BGR,C-EEU-BGR-BG322,Zone_5A Cool Humid,mfh,urb,6431.5
C-EEU-BGR,C-EEU-BGR-BG322,Zone_5A Cool Humid,mfh,rur,6431.5
C-EEU-BGR,C-EEU-BGR-BG322,Zone_5A Cool Humid,sfh,urb,11175.0
C-EEU-BGR,C-EEU-BGR-BG322,Zone_5A Cool Humid,sfh,rur,11175.0
C-EEU-BGR,C-EEU-BGR-BG323,Zone_4A Mixed Humid,mfh,urb,6789.5
C-EEU-BGR,C-EEU-BGR-BG323,Zone_4A Mixed Humid,mfh,rur,6789.5
C-EEU-BGR,C-EEU-BGR-BG323,Zone_4A Mixed Humid,sfh,urb,12840.0
C-EEU-BGR,C-EEU-BGR-BG323,Zone_4A Mixed Humid,sfh,rur,12840.0
C-EEU-BGR,C-EEU-BGR-BG324,Zone_4A Mixed Humid,mfh,urb,2579.5
C-EEU-BGR,C-EEU-BGR-BG324,Zone_4A Mixed Humid,mfh,rur,2579.5
C-EEU-BGR,C-EEU-BGR-BG324,Zone_4A Mixed Humid,sfh,urb,6969.0
C-EEU-BGR,C-EEU-BGR-BG324,Zone_4A Mixed Humid,sfh,rur,6969.0
C-EEU-BGR,C-EEU-BGR-BG325,Zone_4A Mixed Humid,mfh,urb,3163.0
C-EEU-BGR,C-EEU-BGR-BG325,Zone_4A Mixed Humid,mfh,rur,3163.0
C-EEU-BGR,C-EEU-BGR-BG325,Zone_4A Mixed Humid,sfh,urb,6579.0
C-EEU-BGR,C-EEU-BGR-BG325,Zone_4A Mixed Humid,sfh,rur,6579.0
C-EEU-BGR,C-EEU-BGR-BG331,Zone_4A Mixed Humid,mfh,urb,29867.0
C-EEU-BGR,C-EEU-BGR-BG331,Zone_4A Mixed Humid,mfh,rur,29867.0
C-EEU-BGR,C-EEU-BGR-BG331,Zone_4A Mixed Humid,sfh,urb,23250.5
C-EEU-BGR,C-EEU-BGR-BG331,Zone_4A Mixed Humid,sfh,rur,23250.5
C-EEU-BGR,C-EEU-BGR-BG332,Zone_4A Mixed Humid,mfh,urb,7593.0
C-EEU-BGR,C-EEU-BGR-BG332,Zone_4A Mixed Humid,mfh,rur,7593.0
C-EEU-BGR,C-EEU-BGR-BG332,Zone_4A Mixed Humid,sfh,urb,13569.0
C-EEU-BGR,C-EEU-BGR-BG332,Zone_4A Mixed Humid,sfh,rur,13569.0
C-EEU-BGR,C-EEU-BGR-BG333,Zone_4A Mixed Humid,mfh,urb,4896.0
C-EEU-BGR,C-EEU-BGR-BG333,Zone_4A Mixed Humid,mfh,rur,4896.0
C-EEU-BGR,C-EEU-BGR-BG333,Zone_4A Mixed Humid,sfh,urb,9101.0
C-EEU-BGR,C-EEU-BGR-BG333,Zone_4A Mixed Humid,sfh,rur,9101.0
C-EEU-BGR,C-EEU-BGR-BG334,Zone_4A Mixed Humid,mfh,urb,3786.5
C-EEU-BGR,C-EEU-BGR-BG334,Zone_4A Mixed Humid,mfh,rur,3786.5
C-EEU-BGR,C-EEU-BGR-BG334,Zone_4A Mixed Humid,sfh,urb,8897.5
C-EEU-BGR,C-EEU-BGR-BG334,Zone_4A Mixed Humid,sfh,rur,8897.5
C-EEU-BGR,C-EEU-BGR-BG341,Zone_4A Mixed Humid,mfh,urb,67116.0
C-EEU-BGR,C-EEU-BGR-BG341,Zone_4A Mixed Humid,mfh,rur,67116.0
C-EEU-BGR,C-EEU-BGR-BG341,Zone_4A Mixed Humid,sfh,urb,20463.5
C-EEU-BGR,C-EEU-BGR-BG341,Zone_4A Mixed Humid,sfh,rur,20463.5
C-EEU-BGR,C-EEU-BGR-BG342,Zone_5A Cool Humid,mfh,urb,5282.5
C-EEU-BGR,C-EEU-BGR-BG342,Zone_5A Cool Humid,mfh,rur,5282.5
C-EEU-BGR,C-EEU-BGR-BG342,Zone_5A Cool Humid,sfh,urb,11298.5
C-EEU-BGR,C-EEU-BGR-BG342,Zone_5A Cool Humid,sfh,rur,11298.5
C-EEU-BGR,C-EEU-BGR-BG343,Zone_4A Mixed Humid,mfh,urb,4588.0
C-EEU-BGR,C-EEU-BGR-BG343,Zone_4A Mixed Humid,mfh,rur,4588.0
C-EEU-BGR,C-EEU-BGR-BG343,Zone_4A Mixed Humid,sfh,urb,8089.0
C-EEU-BGR,C-EEU-BGR-BG343,Zone_4A Mixed Humid,sfh,rur,8089.0
C-EEU-BGR,C-EEU-BGR-BG344,Zone_4A Mixed Humid,mfh,urb,14712.5
C-EEU-BGR,C-EEU-BGR-BG344,Zone_4A Mixed Humid,mfh,rur,14712.5
C-EEU-BGR,C-EEU-BGR-BG344,Zone_4A Mixed Humid,sfh,urb,19013.5
C-EEU-BGR,C-EEU-BGR-BG344,Zone_4A Mixed Humid,sfh,rur,19013.5
C-EEU-BGR,C-EEU-BGR-BG411,Zone_5A Cool Humid,mfh,urb,94697.5
C-EEU-BGR,C-EEU-BGR-BG411,Zone_5A Cool Humid,mfh,rur,94697.5
C-EEU-BGR,C-EEU-BGR-BG411,Zone_5A Cool Humid,sfh,urb,19984.0
C-EEU-BGR,C-EEU-BGR-BG411,Zone_5A Cool Humid,sfh,rur,19984.0
C-EEU-BGR,C-EEU-BGR-BG412,Zone_5A Cool Humid,mfh,urb,6963.0
C-EEU-BGR,C-EEU-BGR-BG412,Zone_5A Cool Humid,mfh,rur,6963.0
C-EEU-BGR,C-EEU-BGR-BG412,Zone_5A Cool Humid,sfh,urb,38600.5
C-EEU-BGR,C-EEU-BGR-BG412,Zone_5A Cool Humid,sfh,rur,38600.5
C-EEU-BGR,C-EEU-BGR-BG413,Zone_5A Cool Humid,mfh,urb,17067.0
C-EEU-BGR,C-EEU-BGR-BG413,Zone_5A Cool Humid,mfh,rur,17067.0
C-EEU-BGR,C-EEU-BGR-BG413,Zone_5A Cool Humid,sfh,urb,13063.5
C-EEU-BGR,C-EEU-BGR-BG413,Zone_5A Cool Humid,sfh,rur,13063.5
C-EEU-BGR,C-EEU-BGR-BG414,Zone_5A Cool Humid,mfh,urb,6411.0
C-EEU-BGR,C-EEU-BGR-BG414,Zone_5A Cool Humid,mfh,rur,6411.0
C-EEU-BGR,C-EEU-BGR-BG414,Zone_5A Cool Humid,sfh,urb,20322.5
C-EEU-BGR,C-EEU-BGR-BG414,Zone_5A Cool Humid,sfh,rur,20322.5
C-EEU-BGR,C-EEU-BGR-BG415,Zone_5A Cool Humid,mfh,urb,7017.5
C-EEU-BGR,C-EEU-BGR-BG415,Zone_5A Cool Humid,mfh,rur,7017.5
C-EEU-BGR,C-EEU-BGR-BG415,Zone_5A Cool Humid,sfh,urb,15763.5
C-EEU-BGR,C-EEU-BGR-BG415,Zone_5A Cool Humid,sfh,rur,15763.5
C-EEU-BGR,C-EEU-BGR-BG421,Zone_4A Mixed Humid,mfh,urb,29548.0
C-EEU-BGR,C-EEU-BGR-BG421,Zone_4A Mixed Humid,mfh,rur,29548.0
C-EEU-BGR,C-EEU-BGR-BG421,Zone_4A Mixed Humid,sfh,urb,25954.5
C-EEU-BGR,C-EEU-BGR-BG421,Zone_4A Mixed Humid,sfh,rur,25954.5
C-EEU-BGR,C-EEU-BGR-BG422,Zone_4A Mixed Humid,mfh,urb,8433.5
C-EEU-BGR,C-EEU-BGR-BG422,Zone_4A Mixed Humid,mfh,rur,8433.5
C-EEU-BGR,C-EEU-BGR-BG422,Zone_4A Mixed Humid,sfh,urb,15202.0
C-EEU-BGR,C-EEU-BGR-BG422,Zone_4A Mixed Humid,sfh,rur,15202.0
C-EEU-BGR,C-EEU-BGR-BG423,Zone_4A Mixed Humid,mfh,urb,8433.5
C-EEU-BGR,C-EEU-BGR-BG423,Zone_4A Mixed Humid,mfh,rur,8433.5
C-EEU-BGR,C-EEU-BGR-BG423,Zone_4A Mixed Humid,sfh,urb,16046.0
C-EEU-BGR,C-EEU-BGR-BG423,Zone_4A Mixed Humid,sfh,rur,16046.0
C-EEU-BGR,C-EEU-BGR-BG424,Zone_5A Cool Humid,mfh,urb,10838.0
C-EEU-BGR,C-EEU-BGR-BG424,Zone_5A Cool Humid,mfh,rur,10838.0
C-EEU-BGR,C-EEU-BGR-BG424,Zone_5A Cool Humid,sfh,urb,5882.5
C-EEU-BGR,C-EEU-BGR-BG424,Zone_5A Cool Humid,sfh,rur,5882.5
C-EEU-BGR,C-EEU-BGR-BG425,Zone_4A Mixed Humid,mfh,urb,6741.0
C-EEU-BGR,C-EEU-BGR-BG425,Zone_4A Mixed Humid,mfh,rur,6741.0
C-EEU-BGR,C-EEU-BGR-BG425,Zone_4A Mixed Humid,sfh,urb,8200.5
C-EEU-BGR,C-EEU-BGR-BG425,Zone_4A Mixed Humid,sfh,rur,8200.5
C-EEU-CZE,C-EEU-CZE-CZ010,Zone_5A Cool Humid,mfh,urb,43851.5
C-EEU-CZE,C-EEU-CZE-CZ010,Zone_5A Cool Humid,mfh,rur,43851.5
C-EEU-CZE,C-EEU-CZE-CZ010,Zone_5A Cool Humid,sfh,urb,2962.0
C-EEU-CZE,C-EEU-CZE-CZ010,Zone_5A Cool Humid,sfh,rur,2962.0
C-EEU-CZE,C-EEU-CZE-CZ020,Zone_5A Cool Humid,mfh,urb,28928.5
C-EEU-CZE,C-EEU-CZE-CZ020,Zone_5A Cool Humid,mfh,rur,28928.5
C-EEU-CZE,C-EEU-CZE-CZ020,Zone_5A Cool Humid,sfh,urb,31179.0
C-EEU-CZE,C-EEU-CZE-CZ020,Zone_5A Cool Humid,sfh,rur,31179.0
C-EEU-CZE,C-EEU-CZE-CZ031,Zone_5A Cool Humid,mfh,urb,18307.0
C-EEU-CZE,C-EEU-CZE-CZ031,Zone_5A Cool Humid,mfh,rur,18307.0
C-EEU-CZE,C-EEU-CZE-CZ031,Zone_5A Cool Humid,sfh,urb,19224.0
C-EEU-CZE,C-EEU-CZE-CZ031,Zone_5A Cool Humid,sfh,rur,19224.0
C-EEU-CZE,C-EEU-CZE-CZ032,Zone_5A Cool Humid,mfh,urb,15268.5
C-EEU-CZE,C-EEU-CZE-CZ032,Zone_5A Cool Humid,mfh,rur,15268.5
C-EEU-CZE,C-EEU-CZE-CZ032,Zone_5A Cool Humid,sfh,urb,12391.0
C-EEU-CZE,C-EEU-CZE-CZ032,Zone_5A Cool Humid,sfh,rur,12391.0
C-EEU-CZE,C-EEU-CZE-CZ041,Zone_5A Cool Humid,mfh,urb,9144.5
C-EEU-CZE,C-EEU-CZE-CZ041,Zone_5A Cool Humid,mfh,rur,9144.5
C-EEU-CZE,C-EEU-CZE-CZ041,Zone_5A Cool Humid,sfh,urb,2464.0
C-EEU-CZE,C-EEU-CZE-CZ041,Zone_5A Cool Humid,sfh,rur,2464.0
C-EEU-CZE,C-EEU-CZE-CZ042,Zone_5A Cool Humid,mfh,urb,15616.0
C-EEU-CZE,C-EEU-CZE-CZ042,Zone_5A Cool Humid,mfh,rur,15616.0
C-EEU-CZE,C-EEU-CZE-CZ042,Zone_5A Cool Humid,sfh,urb,8975.0
C-EEU-CZE,C-EEU-CZE-CZ042,Zone_5A Cool Humid,sfh,rur,8975.0
C-EEU-CZE,C-EEU-CZE-CZ051,Zone_5A Cool Humid,mfh,urb,11035.0
C-EEU-CZE,C-EEU-CZE-CZ051,Zone_5A Cool Humid,mfh,rur,11035.0
C-EEU-CZE,C-EEU-CZE-CZ051,Zone_5A Cool Humid,sfh,urb,8723.5
C-EEU-CZE,C-EEU-CZE-CZ051,Zone_5A Cool Humid,sfh,rur,8723.5
C-EEU-CZE,C-EEU-CZE-CZ052,Zone_5A Cool Humid,mfh,urb,15111.0
C-EEU-CZE,C-EEU-CZE-CZ052,Zone_5A Cool Humid,mfh,rur,15111.0
C-EEU-CZE,C-EEU-CZE-CZ052,Zone_5A Cool Humid,sfh,urb,11804.5
C-EEU-CZE,C-EEU-CZE-CZ052,Zone_5A Cool Humid,sfh,rur,11804.5
C-EEU-CZE,C-EEU-CZE-CZ053,Zone_5A Cool Humid,mfh,urb,12340.0
C-EEU-CZE,C-EEU-CZE-CZ053,Zone_5A Cool Humid,mfh,rur,12340.0
C-EEU-CZE,C-EEU-CZE-CZ053,Zone_5A Cool Humid,sfh,urb,11088.5
C-EEU-CZE,C-EEU-CZE-CZ053,Zone_5A Cool Humid,sfh,rur,11088.5
C-EEU-CZE,C-EEU-CZE-CZ063,Zone_5A Cool Humid,mfh,urb,12263.0
C-EEU-CZE,C-EEU-CZE-CZ063,Zone_5A Cool Humid,mfh,rur,12263.0
C-EEU-CZE,C-EEU-CZE-CZ063,Zone_5A Cool Humid,sfh,urb,13601.5
C-EEU-CZE,C-EEU-CZE-CZ063,Zone_5A Cool Humid,sfh,rur,13601.5
C-EEU-CZE,C-EEU-CZE-CZ064,Zone_5A Cool Humid,mfh,urb,24832.5
C-EEU-CZE,C-EEU-CZE-CZ064,Zone_5A Cool Humid,mfh,rur,24832.5
C-EEU-CZE,C-EEU-CZE-CZ064,Zone_5A Cool Humid,sfh,urb,16434.5
C-EEU-CZE,C-EEU-CZE-CZ064,Zone_5A Cool Humid,sfh,rur,16434.5
C-EEU-CZE,C-EEU-CZE-CZ071,Zone_5A Cool Humid,mfh,urb,16194.0
C-EEU-CZE,C-EEU-CZE-CZ071,Zone_5A Cool Humid,mfh,rur,16194.0
C-EEU-CZE,C-EEU-CZE-CZ071,Zone_5A Cool Humid,sfh,urb,8816.5
C-EEU-CZE,C-EEU-CZE-CZ071,Zone_5A Cool Humid,sfh,rur,8816.5
C-EEU-CZE,C-EEU-CZE-CZ072,Zone_5A Cool Humid,mfh,urb,14134.0
C-EEU-CZE,C-EEU-CZE-CZ072,Zone_5A Cool Humid,mfh,rur,14134.0
C-EEU-CZE,C-EEU-CZE-CZ072,Zone_5A Cool Humid,sfh,urb,10175.5
C-EEU-CZE,C-EEU-CZE-CZ072,Zone_5A Cool Humid,sfh,rur,10175.5
C-EEU-CZE,C-EEU-CZE-CZ080,Zone_5A Cool Humid,mfh,urb,25843.5
C-EEU-CZE,C-EEU-CZE-CZ080,Zone_5A Cool Humid,mfh,rur,25843.5
C-EEU-CZE,C-EEU-CZE-CZ080,Zone_5A Cool Humid,sfh,urb,9238.5
C-EEU-CZE,C-EEU-CZE-CZ080,Zone_5A Cool Humid,sfh,rur,9238.5
C-EEU-EST,C-EEU-EST-EE001,Zone_6A Cold Humid,mfh,urb,26300.5
C-EEU-EST,C-EEU-EST-EE001,Zone_6A Cold Humid,mfh,rur,26300.5
C-EEU-EST,C-EEU-EST-EE001,Zone_6A Cold Humid,sfh,urb,4265.0
C-EEU-EST,C-EEU-EST-EE001,Zone_6A Cold Humid,sfh,rur,4265.0
C-EEU-EST,C-EEU-EST-EE004,Zone_6A Cold Humid,mfh,urb,6706.5
C-EEU-EST,C-EEU-EST-EE004,Zone_6A Cold Humid,mfh,rur,6706.5
C-EEU-EST,C-EEU-EST-EE004,Zone_6A Cold Humid,sfh,urb,5477.5
C-EEU-EST,C-EEU-EST-EE004,Zone_6A Cold Humid,sfh,rur,5477.5
C-EEU-EST,C-EEU-EST-EE008,Zone_6A Cold Humid,mfh,urb,14605.0
C-EEU-EST,C-EEU-EST-EE008,Zone_6A Cold Humid,mfh,rur,14605.0
C-EEU-EST,C-EEU-EST-EE008,Zone_6A Cold Humid,sfh,urb,10049.0
C-EEU-EST,C-EEU-EST-EE008,Zone_6A Cold Humid,sfh,rur,10049.0
C-EEU-EST,C-EEU-EST-EE009,Zone_6A Cold Humid,mfh,urb,6271.5
C-EEU-EST,C-EEU-EST-EE009,Zone_6A Cold Humid,mfh,rur,6271.5
C-EEU-EST,C-EEU-EST-EE009,Zone_6A Cold Humid,sfh,urb,4702.5
C-EEU-EST,C-EEU-EST-EE009,Zone_6A Cold Humid,sfh,rur,4702.5
C-EEU-EST,C-EEU-EST-EE00A,Zone_6A Cold Humid,mfh,urb,7910.0
C-EEU-EST,C-EEU-EST-EE00A,Zone_6A Cold Humid,mfh,rur,7910.0
C-EEU-EST,C-EEU-EST-EE00A,Zone_6A Cold Humid,sfh,urb,1557.5
C-EEU-EST,C-EEU-EST-EE00A,Zone_6A Cold Humid,sfh,rur,1557.5
C-EEU-HRV,C-EEU-HRV-HR021,Zone_4A Mixed Humid,mfh,urb,1572.0
C-EEU-HRV,C-EEU-HRV-HR021,Zone_4A Mixed Humid,mfh,rur,1572.0
C-EEU-HRV,C-EEU-HRV-HR021,Zone_4A Mixed Humid,sfh,urb,7935.5
C-EEU-HRV,C-EEU-HRV-HR021,Zone_4A Mixed Humid,sfh,rur,7935.5
C-EEU-HRV,C-EEU-HRV-HR022,Zone_4A Mixed Humid,mfh,urb,883.5
C-EEU-HRV,C-EEU-HRV-HR022,Zone_4A Mixed Humid,mfh,rur,883.5
C-EEU-HRV,C-EEU-HRV-HR022,Zone_4A Mixed Humid,sfh,urb,4822.0
C-EEU-HRV,C-EEU-HRV-HR022,Zone_4A Mixed Humid,sfh,rur,4822.0
C-EEU-HRV,C-EEU-HRV-HR023,Zone_4A Mixed Humid,mfh,urb,1102.0
C-EEU-HRV,C-EEU-HRV-HR023,Zone_4A Mixed Humid,mfh,rur,1102.0
C-EEU-HRV,C-EEU-HRV-HR023,Zone_4A Mixed Humid,sfh,urb,4752.0
C-EEU-HRV,C-EEU-HRV-HR023,Zone_4A Mixed Humid,sfh,rur,4752.0
C-EEU-HRV,C-EEU-HRV-HR024,Zone_4A Mixed Humid,mfh,urb,1844.5
C-EEU-HRV,C-EEU-HRV-HR024,Zone_4A Mixed Humid,mfh,rur,1844.5
C-EEU-HRV,C-EEU-HRV-HR024,Zone_4A Mixed Humid,sfh,urb,7340.0
C-EEU-HRV,C-EEU-HRV-HR024,Zone_4A Mixed Humid,sfh,rur,7340.0
C-EEU-HRV,C-EEU-HRV-HR025,Zone_4A Mixed Humid,mfh,urb,6151.0
C-EEU-HRV,C-EEU-HRV-HR025,Zone_4A Mixed Humid,mfh,rur,6151.0
C-EEU-HRV,C-EEU-HRV-HR025,Zone_4A Mixed Humid,sfh,urb,13788.5
C-EEU-HRV,C-EEU-HRV-HR025,Zone_4A Mixed Humid,sfh,rur,13788.5
C-EEU-HRV,C-EEU-HRV-HR026,Zone_4A Mixed Humid,mfh,urb,2175.0
C-EEU-HRV,C-EEU-HRV-HR026,Zone_4A Mixed Humid,mfh,rur,2175.0
C-EEU-HRV,C-EEU-HRV-HR026,Zone_4A Mixed Humid,sfh,urb,9142.0
C-EEU-HRV,C-EEU-HRV-HR026,Zone_4A Mixed Humid,sfh,rur,9142.0
C-EEU-HRV,C-EEU-HRV-HR027,Zone_4A Mixed Humid,mfh,urb,2951.0
C-EEU-HRV,C-EEU-HRV-HR027,Zone_4A Mixed Humid,mfh,rur,2951.0
C-EEU-HRV,C-EEU-HRV-HR027,Zone_4A Mixed Humid,sfh,urb,10487.5
C-EEU-HRV,C-EEU-HRV-HR027,Zone_4A Mixed Humid,sfh,rur,10487.5
C-EEU-HRV,C-EEU-HRV-HR028,Zone_4A Mixed Humid,mfh,urb,2688.5
C-EEU-HRV,C-EEU-HRV-HR028,Zone_4A Mixed Humid,mfh,rur,2688.5
C-EEU-HRV,C-EEU-HRV-HR028,Zone_4A Mixed Humid,sfh,urb,14898.0
C-EEU-HRV,C-EEU-HRV-HR028,Zone_4A Mixed Humid,sfh,rur,14898.0
C-EEU-HRV,C-EEU-HRV-HR031,Zone_4A Mixed Humid,mfh,urb,34344.0
C-EEU-HRV,C-EEU-HRV-HR031,Zone_4A Mixed Humid,mfh,rur,34344.0
C-EEU-HRV,C-EEU-HRV-HR031,Zone_4A Mixed Humid,sfh,urb,14980.5
C-EEU-HRV,C-EEU-HRV-HR031,Zone_4A Mixed Humid,sfh,rur,14980.5
C-EEU-HRV,C-EEU-HRV-HR032,Zone_5A Cool Humid,mfh,urb,8414.5
C-EEU-HRV,C-EEU-HRV-HR032,Zone_5A Cool Humid,mfh,rur,8414.5
C-EEU-HRV,C-EEU-HRV-HR032,Zone_5A Cool Humid,sfh,urb,8817.5
C-EEU-HRV,C-EEU-HRV-HR032,Zone_5A Cool Humid,sfh,rur,8817.5
C-EEU-HRV,C-EEU-HRV-HR033,Zone_4C Mixed Marine,mfh,urb,31651.0
C-EEU-HRV,C-EEU-HRV-HR033,Zone_4C Mixed Marine,mfh,rur,31651.0
C-EEU-HRV,C-EEU-HRV-HR033,Zone_4C Mixed Marine,sfh,urb,16878.5
C-EEU-HRV,C-EEU-HRV-HR033,Zone_4C Mixed Marine,sfh,rur,16878.5
C-EEU-HRV,C-EEU-HRV-HR034,Zone_3A Warm Humid,mfh,urb,21678.5
C-EEU-HRV,C-EEU-HRV-HR034,Zone_3A Warm Humid,mfh,rur,21678.5
C-EEU-HRV,C-EEU-HRV-HR034,Zone_3A Warm Humid,sfh,urb,12441.5
C-EEU-HRV,C-EEU-HRV-HR034,Zone_3A Warm Humid,sfh,rur,12441.5
C-EEU-HRV,C-EEU-HRV-HR035,Zone_4A Mixed Humid,mfh,urb,44745.5
C-EEU-HRV,C-EEU-HRV-HR035,Zone_4A Mixed Humid,mfh,rur,44745.5
C-EEU-HRV,C-EEU-HRV-HR035,Zone_4A Mixed Humid,sfh,urb,21046.0
C-EEU-HRV,C-EEU-HRV-HR035,Zone_4A Mixed Humid,sfh,rur,21046.0
C-EEU-HRV,C-EEU-HRV-HR036,Zone_4A Mixed Humid,mfh,urb,24069.5
C-EEU-HRV,C-EEU-HRV-HR036,Zone_4A Mixed Humid,mfh,rur,24069.5
C-EEU-HRV,C-EEU-HRV-HR036,Zone_4A Mixed Humid,sfh,urb,16062.5
C-EEU-HRV,C-EEU-HRV-HR036,Zone_4A Mixed Humid,sfh,rur,16062.5
C-EEU-HRV,C-EEU-HRV-HR037,Zone_3A Warm Humid,mfh,urb,9356.5
C-EEU-HRV,C-EEU-HRV-HR037,Zone_3A Warm Humid,mfh,rur,9356.5
C-EEU-HRV,C-EEU-HRV-HR037,Zone_3A Warm Humid,sfh,urb,7167.5
C-EEU-HRV,C-EEU-HRV-HR037,Zone_3A Warm Humid,sfh,rur,7167.5
C-EEU-HRV,C-EEU-HRV-HR050,Zone_4A Mixed Humid,mfh,urb,37772.5
C-EEU-HRV,C-EEU-HRV-HR050,Zone_4A Mixed Humid,mfh,rur,37772.5
C-EEU-HRV,C-EEU-HRV-HR050,Zone_4A Mixed Humid,sfh,urb,9796.5
C-EEU-HRV,C-EEU-HRV-HR050,Zone_4A Mixed Humid,sfh,rur,9796.5
C-EEU-HRV,C-EEU-HRV-HR061,Zone_4A Mixed Humid,mfh,urb,994.5
C-EEU-HRV,C-EEU-HRV-HR061,Zone_4A Mixed Humid,mfh,rur,994.5
C-EEU-HRV,C-EEU-HRV-HR061,Zone_4A Mixed Humid,sfh,urb,4663.5
C-EEU-HRV,C-EEU-HRV-HR061,Zone_4A Mixed Humid,sfh,rur,4663.5
C-EEU-HRV,C-EEU-HRV-HR062,Zone_4A Mixed Humid,mfh,urb,2610.5
C-EEU-HRV,C-EEU-HRV-HR062,Zone_4A Mixed Humid,mfh,rur,2610.5
C-EEU-HRV,C-EEU-HRV-HR062,Zone_4A Mixed Humid,sfh,urb,12061.5
C-EEU-HRV,C-EEU-HRV-HR062,Zone_4A Mixed Humid,sfh,rur,12061.5
C-EEU-HRV,C-EEU-HRV-HR063,Zone_4A Mixed Humid,mfh,urb,1196.5
C-EEU-HRV,C-EEU-HRV-HR063,Zone_4A Mixed Humid,mfh,rur,1196.5
C-EEU-HRV,C-EEU-HRV-HR063,Zone_4A Mixed Humid,sfh,urb,10709.0
C-EEU-HRV,C-EEU-HRV-HR063,Zone_4A Mixed Humid,sfh,rur,10709.0
C-EEU-HRV,C-EEU-HRV-HR064,Zone_4A Mixed Humid,mfh,urb,1418.0
C-EEU-HRV,C-EEU-HRV-HR064,Zone_4A Mixed Humid,mfh,rur,1418.0
C-EEU-HRV,C-EEU-HRV-HR064,Zone_4A Mixed Humid,sfh,urb,11012.0
C-EEU-HRV,C-EEU-HRV-HR064,Zone_4A Mixed Humid,sfh,rur,11012.0
C-EEU-HRV,C-EEU-HRV-HR065,Zone_4A Mixed Humid,mfh,urb,3754.5
C-EEU-HRV,C-EEU-HRV-HR065,Zone_4A Mixed Humid,mfh,rur,3754.5
C-EEU-HRV,C-EEU-HRV-HR065,Zone_4A Mixed Humid,sfh,urb,19066.5
C-EEU-HRV,C-EEU-HRV-HR065,Zone_4A Mixed Humid,sfh,rur,19066.5
C-EEU-HUN,C-EEU-HUN-HU110,Zone_4A Mixed Humid,mfh,urb,75774.0
C-EEU-HUN,C-EEU-HUN-HU110,Zone_4A Mixed Humid,mfh,rur,75774.0
C-EEU-HUN,C-EEU-HUN-HU110,Zone_4A Mixed Humid,sfh,urb,3563.5
C-EEU-HUN,C-EEU-HUN-HU110,Zone_4A Mixed Humid,sfh,rur,3563.5
C-EEU-HUN,C-EEU-HUN-HU120,Zone_4A Mixed Humid,mfh,urb,4690.0
C-EEU-HUN,C-EEU-HUN-HU120,Zone_4A Mixed Humid,mfh,rur,4690.0
C-EEU-HUN,C-EEU-HUN-HU120,Zone_4A Mixed Humid,sfh,urb,8698.5
C-EEU-HUN,C-EEU-HUN-HU120,Zone_4A Mixed Humid,sfh,rur,8698.5
C-EEU-HUN,C-EEU-HUN-HU211,Zone_4A Mixed Humid,mfh,urb,4189.0
C-EEU-HUN,C-EEU-HUN-HU211,Zone_4A Mixed Humid,mfh,rur,4189.0
C-EEU-HUN,C-EEU-HUN-HU211,Zone_4A Mixed Humid,sfh,urb,3400.5
C-EEU-HUN,C-EEU-HUN-HU211,Zone_4A Mixed Humid,sfh,rur,3400.5
C-EEU-HUN,C-EEU-HUN-HU212,Zone_5A Cool Humid,mfh,urb,2115.0
C-EEU-HUN,C-EEU-HUN-HU212,Zone_5A Cool Humid,mfh,rur,2115.0
C-EEU-HUN,C-EEU-HUN-HU212,Zone_5A Cool Humid,sfh,urb,2249.0
C-EEU-HUN,C-EEU-HUN-HU212,Zone_5A Cool Humid,sfh,rur,2249.0
C-EEU-HUN,C-EEU-HUN-HU213,Zone_4A Mixed Humid,mfh,urb,4355.5
C-EEU-HUN,C-EEU-HUN-HU213,Zone_4A Mixed Humid,mfh,rur,4355.5
C-EEU-HUN,C-EEU-HUN-HU213,Zone_4A Mixed Humid,sfh,urb,5371.5
C-EEU-HUN,C-EEU-HUN-HU213,Zone_4A Mixed Humid,sfh,rur,5371.5
C-EEU-HUN,C-EEU-HUN-HU221,Zone_4A Mixed Humid,mfh,urb,5952.0
C-EEU-HUN,C-EEU-HUN-HU221,Zone_4A Mixed Humid,mfh,rur,5952.0
C-EEU-HUN,C-EEU-HUN-HU221,Zone_4A Mixed Humid,sfh,urb,4369.0
C-EEU-HUN,C-EEU-HUN-HU221,Zone_4A Mixed Humid,sfh,rur,4369.0
C-EEU-HUN,C-EEU-HUN-HU222,Zone_5A Cool Humid,mfh,urb,2391.5
C-EEU-HUN,C-EEU-HUN-HU222,Zone_5A Cool Humid,mfh,rur,2391.5
C-EEU-HUN,C-EEU-HUN-HU222,Zone_5A Cool Humid,sfh,urb,4175.5
C-EEU-HUN,C-EEU-HUN-HU222,Zone_5A Cool Humid,sfh,rur,4175.5
C-EEU-HUN,C-EEU-HUN-HU223,Zone_4A Mixed Humid,mfh,urb,5596.0
C-EEU-HUN,C-EEU-HUN-HU223,Zone_4A Mixed Humid,mfh,rur,5596.0
C-EEU-HUN,C-EEU-HUN-HU223,Zone_4A Mixed Humid,sfh,urb,6273.5
C-EEU-HUN,C-EEU-HUN-HU223,Zone_4A Mixed Humid,sfh,rur,6273.5
C-EEU-HUN,C-EEU-HUN-HU231,Zone_4A Mixed Humid,mfh,urb,5031.5
C-EEU-HUN,C-EEU-HUN-HU231,Zone_4A Mixed Humid,mfh,rur,5031.5
C-EEU-HUN,C-EEU-HUN-HU231,Zone_4A Mixed Humid,sfh,urb,4120.0
C-EEU-HUN,C-EEU-HUN-HU231,Zone_4A Mixed Humid,sfh,rur,4120.0
C-EEU-HUN,C-EEU-HUN-HU232,Zone_4A Mixed Humid,mfh,urb,5727.0
C-EEU-HUN,C-EEU-HUN-HU232,Zone_4A Mixed Humid,mfh,rur,5727.0
C-EEU-HUN,C-EEU-HUN-HU232,Zone_4A Mixed Humid,sfh,urb,7435.5
C-EEU-HUN,C-EEU-HUN-HU232,Zone_4A Mixed Humid,sfh,rur,7435.5
C-EEU-HUN,C-EEU-HUN-HU233,Zone_4A Mixed Humid,mfh,urb,1768.5
C-EEU-HUN,C-EEU-HUN-HU233,Zone_4A Mixed Humid,mfh,rur,1768.5
C-EEU-HUN,C-EEU-HUN-HU233,Zone_4A Mixed Humid,sfh,urb,3753.5
C-EEU-HUN,C-EEU-HUN-HU233,Zone_4A Mixed Humid,sfh,rur,3753.5
C-EEU-HUN,C-EEU-HUN-HU311,Zone_5A Cool Humid,mfh,urb,7573.5
C-EEU-HUN,C-EEU-HUN-HU311,Zone_5A Cool Humid,mfh,rur,7573.5
C-EEU-HUN,C-EEU-HUN-HU311,Zone_5A Cool Humid,sfh,urb,10294.5
C-EEU-HUN,C-EEU-HUN-HU311,Zone_5A Cool Humid,sfh,rur,10294.5
C-EEU-HUN,C-EEU-HUN-HU312,Zone_5A Cool Humid,mfh,urb,3154.0
C-EEU-HUN,C-EEU-HUN-HU312,Zone_5A Cool Humid,mfh,rur,3154.0
C-EEU-HUN,C-EEU-HUN-HU312,Zone_5A Cool Humid,sfh,urb,5599.0
C-EEU-HUN,C-EEU-HUN-HU312,Zone_5A Cool Humid,sfh,rur,5599.0
C-EEU-HUN,C-EEU-HUN-HU313,Zone_5A Cool Humid,mfh,urb,1941.5
C-EEU-HUN,C-EEU-HUN-HU313,Zone_5A Cool Humid,mfh,rur,1941.5
C-EEU-HUN,C-EEU-HUN-HU313,Zone_5A Cool Humid,sfh,urb,4768.0
C-EEU-HUN,C-EEU-HUN-HU313,Zone_5A Cool Humid,sfh,rur,4768.0
C-EEU-HUN,C-EEU-HUN-HU321,Zone_4A Mixed Humid,mfh,urb,6062.5
C-EEU-HUN,C-EEU-HUN-HU321,Zone_4A Mixed Humid,mfh,rur,6062.5
C-EEU-HUN,C-EEU-HUN-HU321,Zone_4A Mixed Humid,sfh,urb,6032.0
C-EEU-HUN,C-EEU-HUN-HU321,Zone_4A Mixed Humid,sfh,rur,6032.0
C-EEU-HUN,C-EEU-HUN-HU322,Zone_4A Mixed Humid,mfh,urb,3781.5
C-EEU-HUN,C-EEU-HUN-HU322,Zone_4A Mixed Humid,mfh,rur,3781.5
C-EEU-HUN,C-EEU-HUN-HU322,Zone_4A Mixed Humid,sfh,urb,7161.0
C-EEU-HUN,C-EEU-HUN-HU322,Zone_4A Mixed Humid,sfh,rur,7161.0
C-EEU-HUN,C-EEU-HUN-HU323,Zone_5A Cool Humid,mfh,urb,2545.0
C-EEU-HUN,C-EEU-HUN-HU323,Zone_5A Cool Humid,mfh,rur,2545.0
C-EEU-HUN,C-EEU-HUN-HU323,Zone_5A Cool Humid,sfh,urb,6233.0
C-EEU-HUN,C-EEU-HUN-HU323,Zone_5A Cool Humid,sfh,rur,6233.0
C-EEU-HUN,C-EEU-HUN-HU331,Zone_4A Mixed Humid,mfh,urb,6211.0
C-EEU-HUN,C-EEU-HUN-HU331,Zone_4A Mixed Humid,mfh,rur,6211.0
C-EEU-HUN,C-EEU-HUN-HU331,Zone_4A Mixed Humid,sfh,urb,10909.0
C-EEU-HUN,C-EEU-HUN-HU331,Zone_4A Mixed Humid,sfh,rur,10909.0
C-EEU-HUN,C-EEU-HUN-HU332,Zone_4A Mixed Humid,mfh,urb,4182.0
C-EEU-HUN,C-EEU-HUN-HU332,Zone_4A Mixed Humid,mfh,rur,4182.0
C-EEU-HUN,C-EEU-HUN-HU332,Zone_4A Mixed Humid,sfh,urb,8798.0
C-EEU-HUN,C-EEU-HUN-HU332,Zone_4A Mixed Humid,sfh,rur,8798.0
C-EEU-HUN,C-EEU-HUN-HU333,Zone_4A Mixed Humid,mfh,urb,8965.5
C-EEU-HUN,C-EEU-HUN-HU333,Zone_4A Mixed Humid,mfh,rur,8965.5
C-EEU-HUN,C-EEU-HUN-HU333,Zone_4A Mixed Humid,sfh,urb,7017.0
C-EEU-HUN,C-EEU-HUN-HU333,Zone_4A Mixed Humid,sfh,rur,7017.0
C-EEU-LTU,C-EEU-LTU-LT011,Zone_6A Cold Humid,mfh,urb,19919.5
C-EEU-LTU,C-EEU-LTU-LT011,Zone_6A Cold Humid,mfh,rur,19919.5
C-EEU-LTU,C-EEU-LTU-LT011,Zone_6A Cold Humid,sfh,urb,7509.0
C-EEU-LTU,C-EEU-LTU-LT011,Zone_6A Cold Humid,sfh,rur,7509.0
C-EEU-LTU,C-EEU-LTU-LT021,Zone_6A Cold Humid,mfh,urb,2739.0
C-EEU-LTU,C-EEU-LTU-LT021,Zone_6A Cold Humid,mfh,rur,2739.0
C-EEU-LTU,C-EEU-LTU-LT021,Zone_6A Cold Humid,sfh,urb,5214.0
C-EEU-LTU,C-EEU-LTU-LT021,Zone_6A Cold Humid,sfh,rur,5214.0
C-EEU-LTU,C-EEU-LTU-LT022,Zone_6A Cold Humid,mfh,urb,13496.0
C-EEU-LTU,C-EEU-LTU-LT022,Zone_6A Cold Humid,mfh,rur,13496.0
C-EEU-LTU,C-EEU-LTU-LT022,Zone_6A Cold Humid,sfh,urb,5745.0
C-EEU-LTU,C-EEU-LTU-LT022,Zone_6A Cold Humid,sfh,rur,5745.0
C-EEU-LTU,C-EEU-LTU-LT023,Zone_5A Cool Humid,mfh,urb,9650.0
C-EEU-LTU,C-EEU-LTU-LT023,Zone_5A Cool Humid,mfh,rur,9650.0
C-EEU-LTU,C-EEU-LTU-LT023,Zone_5A Cool Humid,sfh,urb,2188.0
C-EEU-LTU,C-EEU-LTU-LT023,Zone_5A Cool Humid,sfh,rur,2188.0
C-EEU-LTU,C-EEU-LTU-LT024,Zone_6A Cold Humid,mfh,urb,2202.5
C-EEU-LTU,C-EEU-LTU-LT024,Zone_6A Cold Humid,mfh,rur,2202.5
C-EEU-LTU,C-EEU-LTU-LT024,Zone_6A Cold Humid,sfh,urb,2203.5
C-EEU-LTU,C-EEU-LTU-LT024,Zone_6A Cold Humid,sfh,rur,2203.5
C-EEU-LTU,C-EEU-LTU-LT025,Zone_6A Cold Humid,mfh,urb,4795.5
C-EEU-LTU,C-EEU-LTU-LT025,Zone_6A Cold Humid,mfh,rur,4795.5
C-EEU-LTU,C-EEU-LTU-LT025,Zone_6A Cold Humid,sfh,urb,6038.5
C-EEU-LTU,C-EEU-LTU-LT025,Zone_6A Cold Humid,sfh,rur,6038.5
C-EEU-LTU,C-EEU-LTU-LT026,Zone_6A Cold Humid,mfh,urb,6126.5
C-EEU-LTU,C-EEU-LTU-LT026,Zone_6A Cold Humid,mfh,rur,6126.5
C-EEU-LTU,C-EEU-LTU-LT026,Zone_6A Cold Humid,sfh,urb,4909.5
C-EEU-LTU,C-EEU-LTU-LT026,Zone_6A Cold Humid,sfh,rur,4909.5
C-EEU-LTU,C-EEU-LTU-LT027,Zone_5A Cool Humid,mfh,urb,1911.0
C-EEU-LTU,C-EEU-LTU-LT027,Zone_5A Cool Humid,mfh,rur,1911.0
C-EEU-LTU,C-EEU-LTU-LT027,Zone_5A Cool Humid,sfh,urb,1732.5
C-EEU-LTU,C-EEU-LTU-LT027,Zone_5A Cool Humid,sfh,rur,1732.5
C-EEU-LTU,C-EEU-LTU-LT028,Zone_6A Cold Humid,mfh,urb,2738.0
C-EEU-LTU,C-EEU-LTU-LT028,Zone_6A Cold Humid,mfh,rur,2738.0
C-EEU-LTU,C-EEU-LTU-LT028,Zone_6A Cold Humid,sfh,urb,1890.0
C-EEU-LTU,C-EEU-LTU-LT028,Zone_6A Cold Humid,sfh,rur,1890.0
C-EEU-LTU,C-EEU-LTU-LT029,Zone_6A Cold Humid,mfh,urb,3084.5
C-EEU-LTU,C-EEU-LTU-LT029,Zone_6A Cold Humid,mfh,rur,3084.5
C-EEU-LTU,C-EEU-LTU-LT029,Zone_6A Cold Humid,sfh,urb,8055.5
C-EEU-LTU,C-EEU-LTU-LT029,Zone_6A Cold Humid,sfh,rur,8055.5
C-EEU-LVA,C-EEU-LVA-LV005,Zone_6A Cold Humid,mfh,urb,10607.0
C-EEU-LVA,C-EEU-LVA-LV005,Zone_6A Cold Humid,mfh,rur,10607.0
C-EEU-LVA,C-EEU-LVA-LV005,Zone_6A Cold Humid,sfh,urb,13947.5
C-EEU-LVA,C-EEU-LVA-LV005,Zone_6A Cold Humid,sfh,rur,13947.5
C-EEU-LVA,C-EEU-LVA-LV009,Zone_6A Cold Humid,mfh,urb,8834.5
C-EEU-LVA,C-EEU-LVA-LV009,Zone_6A Cold Humid,mfh,rur,8834.5
C-EEU-LVA,C-EEU-LVA-LV009,Zone_6A Cold Humid,sfh,urb,5930.0
C-EEU-LVA,C-EEU-LVA-LV009,Zone_6A Cold Humid,sfh,rur,5930.0
C-EEU-LVA,C-EEU-LVA-LV00A,Zone_6A Cold Humid,mfh,urb,25943.0
C-EEU-LVA,C-EEU-LVA-LV00A,Zone_6A Cold Humid,mfh,rur,25943.0
C-EEU-LVA,C-EEU-LVA-LV00A,Zone_6A Cold Humid,sfh,urb,782.5
C-EEU-LVA,C-EEU-LVA-LV00A,Zone_6A Cold Humid,sfh,rur,782.5
C-EEU-LVA,C-EEU-LVA-LV00B,Zone_6A Cold Humid,mfh,urb,14138.5
C-EEU-LVA,C-EEU-LVA-LV00B,Zone_6A Cold Humid,mfh,rur,14138.5
C-EEU-LVA,C-EEU-LVA-LV00B,Zone_6A Cold Humid,sfh,urb,6049.5
C-EEU-LVA,C-EEU-LVA-LV00B,Zone_6A Cold Humid,sfh,rur,6049.5
C-EEU-LVA,C-EEU-LVA-LV00C,Zone_6A Cold Humid,mfh,urb,19692.5
C-EEU-LVA,C-EEU-LVA-LV00C,Zone_6A Cold Humid,mfh,rur,19692.5
C-EEU-LVA,C-EEU-LVA-LV00C,Zone_6A Cold Humid,sfh,urb,20548.5
C-EEU-LVA,C-EEU-LVA-LV00C,Zone_6A Cold Humid,sfh,rur,20548.5
C-EEU-POL,C-EEU-POL-PL213,Zone_5A Cool Humid,mfh,urb,53888.5
C-EEU-POL,C-EEU-POL-PL213,Zone_5A Cool Humid,mfh,rur,53888.5
C-EEU-POL,C-EEU-POL-PL213,Zone_5A Cool Humid,sfh,urb,2304.5
C-EEU-POL,C-EEU-POL-PL213,Zone_5A Cool Humid,sfh,rur,2304.5
C-EEU-POL,C-EEU-POL-PL214,Zone_5A Cool Humid,mfh,urb,7862.0
C-EEU-POL,C-EEU-POL-PL214,Zone_5A Cool Humid,mfh,rur,7862.0
C-EEU-POL,C-EEU-POL-PL214,Zone_5A Cool Humid,sfh,urb,15759.5
C-EEU-POL,C-EEU-POL-PL214,Zone_5A Cool Humid,sfh,rur,15759.5
C-EEU-POL,C-EEU-POL-PL217,Zone_5A Cool Humid,mfh,urb,4683.0
C-EEU-POL,C-EEU-POL-PL217,Zone_5A Cool Humid,mfh,rur,4683.0
C-EEU-POL,C-EEU-POL-PL217,Zone_5A Cool Humid,sfh,urb,6977.5
C-EEU-POL,C-EEU-POL-PL217,Zone_5A Cool Humid,sfh,rur,6977.5
C-EEU-POL,C-EEU-POL-PL218,Zone_5A Cool Humid,mfh,urb,5335.0
C-EEU-POL,C-EEU-POL-PL218,Zone_5A Cool Humid,mfh,rur,5335.0
C-EEU-POL,C-EEU-POL-PL218,Zone_5A Cool Humid,sfh,urb,8029.5
C-EEU-POL,C-EEU-POL-PL218,Zone_5A Cool Humid,sfh,rur,8029.5
C-EEU-POL,C-EEU-POL-PL219,Zone_6A Cold Humid,mfh,urb,4926.0
C-EEU-POL,C-EEU-POL-PL219,Zone_6A Cold Humid,mfh,rur,4926.0
C-EEU-POL,C-EEU-POL-PL219,Zone_6A Cold Humid,sfh,urb,7212.5
C-EEU-POL,C-EEU-POL-PL219,Zone_6A Cold Humid,sfh,rur,7212.5
C-EEU-POL,C-EEU-POL-PL21A,Zone_5A Cool Humid,mfh,urb,8503.5
C-EEU-POL,C-EEU-POL-PL21A,Zone_5A Cool Humid,mfh,rur,8503.5
C-EEU-POL,C-EEU-POL-PL21A,Zone_5A Cool Humid,sfh,urb,6858.0
C-EEU-POL,C-EEU-POL-PL21A,Zone_5A Cool Humid,sfh,rur,6858.0
C-EEU-POL,C-EEU-POL-PL224,Zone_5A Cool Humid,mfh,urb,9911.5
C-EEU-POL,C-EEU-POL-PL224,Zone_5A Cool Humid,mfh,rur,9911.5
C-EEU-POL,C-EEU-POL-PL224,Zone_5A Cool Humid,sfh,urb,8178.5
C-EEU-POL,C-EEU-POL-PL224,Zone_5A Cool Humid,sfh,rur,8178.5
C-EEU-POL,C-EEU-POL-PL225,Zone_6A Cold Humid,mfh,urb,15008.0
C-EEU-POL,C-EEU-POL-PL225,Zone_6A Cold Humid,mfh,rur,15008.0
C-EEU-POL,C-EEU-POL-PL225,Zone_6A Cold Humid,sfh,urb,10891.0
C-EEU-POL,C-EEU-POL-PL225,Zone_6A Cold Humid,sfh,rur,10891.0
C-EEU-POL,C-EEU-POL-PL227,Zone_5A Cool Humid,mfh,urb,10150.5
C-EEU-POL,C-EEU-POL-PL227,Zone_5A Cool Humid,mfh,rur,10150.5
C-EEU-POL,C-EEU-POL-PL227,Zone_5A Cool Humid,sfh,urb,3497.5
C-EEU-POL,C-EEU-POL-PL227,Zone_5A Cool Humid,sfh,rur,3497.5
C-EEU-POL,C-EEU-POL-PL228,Zone_5A Cool Humid,mfh,urb,10560.5
C-EEU-POL,C-EEU-POL-PL228,Zone_5A Cool Humid,mfh,rur,10560.5
C-EEU-POL,C-EEU-POL-PL228,Zone_5A Cool Humid,sfh,urb,2833.0
C-EEU-POL,C-EEU-POL-PL228,Zone_5A Cool Humid,sfh,rur,2833.0
C-EEU-POL,C-EEU-POL-PL229,Zone_5A Cool Humid,mfh,urb,11864.0
C-EEU-POL,C-EEU-POL-PL229,Zone_5A Cool Humid,mfh,rur,11864.0
C-EEU-POL,C-EEU-POL-PL229,Zone_5A Cool Humid,sfh,urb,1785.0
C-EEU-POL,C-EEU-POL-PL229,Zone_5A Cool Humid,sfh,rur,1785.0
C-EEU-POL,C-EEU-POL-PL22A,Zone_5A Cool Humid,mfh,urb,29769.5
C-EEU-POL,C-EEU-POL-PL22A,Zone_5A Cool Humid,mfh,rur,29769.5
C-EEU-POL,C-EEU-POL-PL22A,Zone_5A Cool Humid,sfh,urb,1521.5
C-EEU-POL,C-EEU-POL-PL22A,Zone_5A Cool Humid,sfh,rur,1521.5
C-EEU-POL,C-EEU-POL-PL22B,Zone_5A Cool Humid,mfh,urb,16407.5
C-EEU-POL,C-EEU-POL-PL22B,Zone_5A Cool Humid,mfh,rur,16407.5
C-EEU-POL,C-EEU-POL-PL22B,Zone_5A Cool Humid,sfh,urb,6493.0
C-EEU-POL,C-EEU-POL-PL22B,Zone_5A Cool Humid,sfh,rur,6493.0
C-EEU-POL,C-EEU-POL-PL22C,Zone_5A Cool Humid,mfh,urb,6768.0
C-EEU-POL,C-EEU-POL-PL22C,Zone_5A Cool Humid,mfh,rur,6768.0
C-EEU-POL,C-EEU-POL-PL22C,Zone_5A Cool Humid,sfh,urb,2130.0
C-EEU-POL,C-EEU-POL-PL22C,Zone_5A Cool Humid,sfh,rur,2130.0
C-EEU-POL,C-EEU-POL-PL411,Zone_5A Cool Humid,mfh,urb,6429.5
C-EEU-POL,C-EEU-POL-PL411,Zone_5A Cool Humid,mfh,rur,6429.5
C-EEU-POL,C-EEU-POL-PL411,Zone_5A Cool Humid,sfh,urb,2742.0
C-EEU-POL,C-EEU-POL-PL411,Zone_5A Cool Humid,sfh,rur,2742.0
C-EEU-POL,C-EEU-POL-PL414,Zone_5A Cool Humid,mfh,urb,10724.5
C-EEU-POL,C-EEU-POL-PL414,Zone_5A Cool Humid,mfh,rur,10724.5
C-EEU-POL,C-EEU-POL-PL414,Zone_5A Cool Humid,sfh,urb,7071.5
C-EEU-POL,C-EEU-POL-PL414,Zone_5A Cool Humid,sfh,rur,7071.5
C-EEU-POL,C-EEU-POL-PL415,Zone_5A Cool Humid,mfh,urb,32544.0
C-EEU-POL,C-EEU-POL-PL415,Zone_5A Cool Humid,mfh,rur,32544.0
C-EEU-POL,C-EEU-POL-PL415,Zone_5A Cool Humid,sfh,urb,1785.5
C-EEU-POL,C-EEU-POL-PL415,Zone_5A Cool Humid,sfh,rur,1785.5
C-EEU-POL,C-EEU-POL-PL416,Zone_5A Cool Humid,mfh,urb,11442.0
C-EEU-POL,C-EEU-POL-PL416,Zone_5A Cool Humid,mfh,rur,11442.0
C-EEU-POL,C-EEU-POL-PL416,Zone_5A Cool Humid,sfh,urb,6203.0
C-EEU-POL,C-EEU-POL-PL416,Zone_5A Cool Humid,sfh,rur,6203.0
C-EEU-POL,C-EEU-POL-PL417,Zone_5A Cool Humid,mfh,urb,8234.5
C-EEU-POL,C-EEU-POL-PL417,Zone_5A Cool Humid,mfh,rur,8234.5
C-EEU-POL,C-EEU-POL-PL417,Zone_5A Cool Humid,sfh,urb,4784.0
C-EEU-POL,C-EEU-POL-PL417,Zone_5A Cool Humid,sfh,rur,4784.0
C-EEU-POL,C-EEU-POL-PL418,Zone_5A Cool Humid,mfh,urb,10725.0
C-EEU-POL,C-EEU-POL-PL418,Zone_5A Cool Humid,mfh,rur,10725.0
C-EEU-POL,C-EEU-POL-PL418,Zone_5A Cool Humid,sfh,urb,6066.0
C-EEU-POL,C-EEU-POL-PL418,Zone_5A Cool Humid,sfh,rur,6066.0
C-EEU-POL,C-EEU-POL-PL424,Zone_5A Cool Humid,mfh,urb,15277.5
C-EEU-POL,C-EEU-POL-PL424,Zone_5A Cool Humid,mfh,rur,15277.5
C-EEU-POL,C-EEU-POL-PL424,Zone_5A Cool Humid,sfh,urb,728.0
C-EEU-POL,C-EEU-POL-PL424,Zone_5A Cool Humid,sfh,rur,728.0
C-EEU-POL,C-EEU-POL-PL426,Zone_5A Cool Humid,mfh,urb,12604.5
C-EEU-POL,C-EEU-POL-PL426,Zone_5A Cool Humid,mfh,rur,12604.5
C-EEU-POL,C-EEU-POL-PL426,Zone_5A Cool Humid,sfh,urb,2683.5
C-EEU-POL,C-EEU-POL-PL426,Zone_5A Cool Humid,sfh,rur,2683.5
C-EEU-POL,C-EEU-POL-PL427,Zone_5A Cool Humid,mfh,urb,7974.0
C-EEU-POL,C-EEU-POL-PL427,Zone_5A Cool Humid,mfh,rur,7974.0
C-EEU-POL,C-EEU-POL-PL427,Zone_5A Cool Humid,sfh,urb,2768.0
C-EEU-POL,C-EEU-POL-PL427,Zone_5A Cool Humid,sfh,rur,2768.0
C-EEU-POL,C-EEU-POL-PL428,Zone_5A Cool Humid,mfh,urb,13956.0
C-EEU-POL,C-EEU-POL-PL428,Zone_5A Cool Humid,mfh,rur,13956.0
C-EEU-POL,C-EEU-POL-PL428,Zone_5A Cool Humid,sfh,urb,3986.0
C-EEU-POL,C-EEU-POL-PL428,Zone_5A Cool Humid,sfh,rur,3986.0
C-EEU-POL,C-EEU-POL-PL431,Zone_5A Cool Humid,mfh,urb,8364.5
C-EEU-POL,C-EEU-POL-PL431,Zone_5A Cool Humid,mfh,rur,8364.5
C-EEU-POL,C-EEU-POL-PL431,Zone_5A Cool Humid,sfh,urb,2723.0
C-EEU-POL,C-EEU-POL-PL431,Zone_5A Cool Humid,sfh,rur,2723.0
C-EEU-POL,C-EEU-POL-PL432,Zone_5A Cool Humid,mfh,urb,14078.0
C-EEU-POL,C-EEU-POL-PL432,Zone_5A Cool Humid,mfh,rur,14078.0
C-EEU-POL,C-EEU-POL-PL432,Zone_5A Cool Humid,sfh,urb,4334.5
C-EEU-POL,C-EEU-POL-PL432,Zone_5A Cool Humid,sfh,rur,4334.5
C-EEU-POL,C-EEU-POL-PL514,Zone_5A Cool Humid,mfh,urb,39317.0
C-EEU-POL,C-EEU-POL-PL514,Zone_5A Cool Humid,mfh,rur,39317.0
C-EEU-POL,C-EEU-POL-PL514,Zone_5A Cool Humid,sfh,urb,1578.5
C-EEU-POL,C-EEU-POL-PL514,Zone_5A Cool Humid,sfh,rur,1578.5
C-EEU-POL,C-EEU-POL-PL515,Zone_5A Cool Humid,mfh,urb,15775.0
C-EEU-POL,C-EEU-POL-PL515,Zone_5A Cool Humid,mfh,rur,15775.0
C-EEU-POL,C-EEU-POL-PL515,Zone_5A Cool Humid,sfh,urb,4089.0
C-EEU-POL,C-EEU-POL-PL515,Zone_5A Cool Humid,sfh,rur,4089.0
C-EEU-POL,C-EEU-POL-PL516,Zone_5A Cool Humid,mfh,urb,8892.5
C-EEU-POL,C-EEU-POL-PL516,Zone_5A Cool Humid,mfh,rur,8892.5
C-EEU-POL,C-EEU-POL-PL516,Zone_5A Cool Humid,sfh,urb,2367.5
C-EEU-POL,C-EEU-POL-PL516,Zone_5A Cool Humid,sfh,rur,2367.5
C-EEU-POL,C-EEU-POL-PL517,Zone_5A Cool Humid,mfh,urb,19930.5
C-EEU-POL,C-EEU-POL-PL517,Zone_5A Cool Humid,mfh,rur,19930.5
C-EEU-POL,C-EEU-POL-PL517,Zone_5A Cool Humid,sfh,urb,3828.0
C-EEU-POL,C-EEU-POL-PL517,Zone_5A Cool Humid,sfh,rur,3828.0
C-EEU-POL,C-EEU-POL-PL518,Zone_5A Cool Humid,mfh,urb,11380.5
C-EEU-POL,C-EEU-POL-PL518,Zone_5A Cool Humid,mfh,rur,11380.5
C-EEU-POL,C-EEU-POL-PL518,Zone_5A Cool Humid,sfh,urb,6932.5
C-EEU-POL,C-EEU-POL-PL518,Zone_5A Cool Humid,sfh,rur,6932.5
C-EEU-POL,C-EEU-POL-PL523,Zone_5A Cool Humid,mfh,urb,6532.5
C-EEU-POL,C-EEU-POL-PL523,Zone_5A Cool Humid,mfh,rur,6532.5
C-EEU-POL,C-EEU-POL-PL523,Zone_5A Cool Humid,sfh,urb,3564.5
C-EEU-POL,C-EEU-POL-PL523,Zone_5A Cool Humid,sfh,rur,3564.5
C-EEU-POL,C-EEU-POL-PL524,Zone_5A Cool Humid,mfh,urb,10130.5
C-EEU-POL,C-EEU-POL-PL524,Zone_5A Cool Humid,mfh,rur,10130.5
C-EEU-POL,C-EEU-POL-PL524,Zone_5A Cool Humid,sfh,urb,6370.0
C-EEU-POL,C-EEU-POL-PL524,Zone_5A Cool Humid,sfh,rur,6370.0
C-EEU-POL,C-EEU-POL-PL613,Zone_5A Cool Humid,mfh,urb,24128.0
C-EEU-POL,C-EEU-POL-PL613,Zone_5A Cool Humid,mfh,rur,24128.0
C-EEU-POL,C-EEU-POL-PL613,Zone_5A Cool Humid,sfh,urb,4456.0
C-EEU-POL,C-EEU-POL-PL613,Zone_5A Cool Humid,sfh,rur,4456.0
C-EEU-POL,C-EEU-POL-PL616,Zone_5A Cool Humid,mfh,urb,7730.0
C-EEU-POL,C-EEU-POL-PL616,Zone_5A Cool Humid,mfh,rur,7730.0
C-EEU-POL,C-EEU-POL-PL616,Zone_5A Cool Humid,sfh,urb,2930.5
C-EEU-POL,C-EEU-POL-PL616,Zone_5A Cool Humid,sfh,rur,2930.5
C-EEU-POL,C-EEU-POL-PL617,Zone_5A Cool Humid,mfh,urb,6102.5
C-EEU-POL,C-EEU-POL-PL617,Zone_5A Cool Humid,mfh,rur,6102.5
C-EEU-POL,C-EEU-POL-PL617,Zone_5A Cool Humid,sfh,urb,2273.5
C-EEU-POL,C-EEU-POL-PL617,Zone_5A Cool Humid,sfh,rur,2273.5
C-EEU-POL,C-EEU-POL-PL618,Zone_5A Cool Humid,mfh,urb,2462.0
C-EEU-POL,C-EEU-POL-PL618,Zone_5A Cool Humid,mfh,rur,2462.0
C-EEU-POL,C-EEU-POL-PL618,Zone_5A Cool Humid,sfh,urb,1869.0
C-EEU-POL,C-EEU-POL-PL618,Zone_5A Cool Humid,sfh,rur,1869.0
C-EEU-POL,C-EEU-POL-PL619,Zone_5A Cool Humid,mfh,urb,6398.5
C-EEU-POL,C-EEU-POL-PL619,Zone_5A Cool Humid,mfh,rur,6398.5
C-EEU-POL,C-EEU-POL-PL619,Zone_5A Cool Humid,sfh,urb,3764.5
C-EEU-POL,C-EEU-POL-PL619,Zone_5A Cool Humid,sfh,rur,3764.5
C-EEU-POL,C-EEU-POL-PL621,Zone_5A Cool Humid,mfh,urb,9817.5
C-EEU-POL,C-EEU-POL-PL621,Zone_5A Cool Humid,mfh,rur,9817.5
C-EEU-POL,C-EEU-POL-PL621,Zone_5A Cool Humid,sfh,urb,3530.5
C-EEU-POL,C-EEU-POL-PL621,Zone_5A Cool Humid,sfh,rur,3530.5
C-EEU-POL,C-EEU-POL-PL622,Zone_5A Cool Humid,mfh,urb,15086.5
C-EEU-POL,C-EEU-POL-PL622,Zone_5A Cool Humid,mfh,rur,15086.5
C-EEU-POL,C-EEU-POL-PL622,Zone_5A Cool Humid,sfh,urb,4302.0
C-EEU-POL,C-EEU-POL-PL622,Zone_5A Cool Humid,sfh,rur,4302.0
C-EEU-POL,C-EEU-POL-PL623,Zone_5A Cool Humid,mfh,urb,5866.5
C-EEU-POL,C-EEU-POL-PL623,Zone_5A Cool Humid,mfh,rur,5866.5
C-EEU-POL,C-EEU-POL-PL623,Zone_5A Cool Humid,sfh,urb,2744.5
C-EEU-POL,C-EEU-POL-PL623,Zone_5A Cool Humid,sfh,rur,2744.5
C-EEU-POL,C-EEU-POL-PL633,Zone_5A Cool Humid,mfh,urb,38559.0
C-EEU-POL,C-EEU-POL-PL633,Zone_5A Cool Humid,mfh,rur,38559.0
C-EEU-POL,C-EEU-POL-PL633,Zone_5A Cool Humid,sfh,urb,1852.0
C-EEU-POL,C-EEU-POL-PL633,Zone_5A Cool Humid,sfh,rur,1852.0
C-EEU-POL,C-EEU-POL-PL634,Zone_5A Cool Humid,mfh,urb,12290.5
C-EEU-POL,C-EEU-POL-PL634,Zone_5A Cool Humid,mfh,rur,12290.5
C-EEU-POL,C-EEU-POL-PL634,Zone_5A Cool Humid,sfh,urb,6909.0
C-EEU-POL,C-EEU-POL-PL634,Zone_5A Cool Humid,sfh,rur,6909.0
C-EEU-POL,C-EEU-POL-PL636,Zone_5A Cool Humid,mfh,urb,7256.0
C-EEU-POL,C-EEU-POL-PL636,Zone_5A Cool Humid,mfh,rur,7256.0
C-EEU-POL,C-EEU-POL-PL636,Zone_5A Cool Humid,sfh,urb,2078.5
C-EEU-POL,C-EEU-POL-PL636,Zone_5A Cool Humid,sfh,rur,2078.5
C-EEU-POL,C-EEU-POL-PL637,Zone_5A Cool Humid,mfh,urb,3636.5
C-EEU-POL,C-EEU-POL-PL637,Zone_5A Cool Humid,mfh,rur,3636.5
C-EEU-POL,C-EEU-POL-PL637,Zone_5A Cool Humid,sfh,urb,2207.5
C-EEU-POL,C-EEU-POL-PL637,Zone_5A Cool Humid,sfh,rur,2207.5
C-EEU-POL,C-EEU-POL-PL638,Zone_5A Cool Humid,mfh,urb,7120.5
C-EEU-POL,C-EEU-POL-PL638,Zone_5A Cool Humid,mfh,rur,7120.5
C-EEU-POL,C-EEU-POL-PL638,Zone_5A Cool Humid,sfh,urb,2778.5
C-EEU-POL,C-EEU-POL-PL638,Zone_5A Cool Humid,sfh,rur,2778.5
C-EEU-POL,C-EEU-POL-PL711,Zone_5A Cool Humid,mfh,urb,36637.0
C-EEU-POL,C-EEU-POL-PL711,Zone_5A Cool Humid,mfh,rur,36637.0
C-EEU-POL,C-EEU-POL-PL711,Zone_5A Cool Humid,sfh,urb,2389.0
C-EEU-POL,C-EEU-POL-PL711,Zone_5A Cool Humid,sfh,rur,2389.0
C-EEU-POL,C-EEU-POL-PL712,Zone_5A Cool Humid,mfh,urb,8491.5
C-EEU-POL,C-EEU-POL-PL712,Zone_5A Cool Humid,mfh,rur,8491.5
C-EEU-POL,C-EEU-POL-PL712,Zone_5A Cool Humid,sfh,urb,6806.5
C-EEU-POL,C-EEU-POL-PL712,Zone_5A Cool Humid,sfh,rur,6806.5
C-EEU-POL,C-EEU-POL-PL713,Zone_5A Cool Humid,mfh,urb,8770.5
C-EEU-POL,C-EEU-POL-PL713,Zone_5A Cool Humid,mfh,rur,8770.5
C-EEU-POL,C-EEU-POL-PL713,Zone_5A Cool Humid,sfh,urb,11307.5
C-EEU-POL,C-EEU-POL-PL713,Zone_5A Cool Humid,sfh,rur,11307.5
C-EEU-POL,C-EEU-POL-PL714,Zone_5A Cool Humid,mfh,urb,5228.5
C-EEU-POL,C-EEU-POL-PL714,Zone_5A Cool Humid,mfh,rur,5228.5
C-EEU-POL,C-EEU-POL-PL714,Zone_5A Cool Humid,sfh,urb,9107.5
C-EEU-POL,C-EEU-POL-PL714,Zone_5A Cool Humid,sfh,rur,9107.5
C-EEU-POL,C-EEU-POL-PL715,Zone_5A Cool Humid,mfh,urb,5372.0
C-EEU-POL,C-EEU-POL-PL715,Zone_5A Cool Humid,mfh,rur,5372.0
C-EEU-POL,C-EEU-POL-PL715,Zone_5A Cool Humid,sfh,urb,5813.0
C-EEU-POL,C-EEU-POL-PL715,Zone_5A Cool Humid,sfh,rur,5813.0
C-EEU-POL,C-EEU-POL-PL721,Zone_5A Cool Humid,mfh,urb,15396.5
C-EEU-POL,C-EEU-POL-PL721,Zone_5A Cool Humid,mfh,rur,15396.5
C-EEU-POL,C-EEU-POL-PL721,Zone_5A Cool Humid,sfh,urb,10667.0
C-EEU-POL,C-EEU-POL-PL721,Zone_5A Cool Humid,sfh,rur,10667.0
C-EEU-POL,C-EEU-POL-PL722,Zone_5A Cool Humid,mfh,urb,3669.5
C-EEU-POL,C-EEU-POL-PL722,Zone_5A Cool Humid,mfh,rur,3669.5
C-EEU-POL,C-EEU-POL-PL722,Zone_5A Cool Humid,sfh,urb,12278.5
C-EEU-POL,C-EEU-POL-PL722,Zone_5A Cool Humid,sfh,rur,12278.5
C-EEU-POL,C-EEU-POL-PL811,Zone_5A Cool Humid,mfh,urb,3629.5
C-EEU-POL,C-EEU-POL-PL811,Zone_5A Cool Humid,mfh,rur,3629.5
C-EEU-POL,C-EEU-POL-PL811,Zone_5A Cool Humid,sfh,urb,6859.0
C-EEU-POL,C-EEU-POL-PL811,Zone_5A Cool Humid,sfh,rur,6859.0
C-EEU-POL,C-EEU-POL-PL812,Zone_5A Cool Humid,mfh,urb,6497.5
C-EEU-POL,C-EEU-POL-PL812,Zone_5A Cool Humid,mfh,rur,6497.5
C-EEU-POL,C-EEU-POL-PL812,Zone_5A Cool Humid,sfh,urb,12839.5
C-EEU-POL,C-EEU-POL-PL812,Zone_5A Cool Humid,sfh,rur,12839.5
C-EEU-POL,C-EEU-POL-PL814,Zone_5A Cool Humid,mfh,urb,19769.0
C-EEU-POL,C-EEU-POL-PL814,Zone_5A Cool Humid,mfh,rur,19769.0
C-EEU-POL,C-EEU-POL-PL814,Zone_5A Cool Humid,sfh,urb,9318.0
C-EEU-POL,C-EEU-POL-PL814,Zone_5A Cool Humid,sfh,rur,9318.0
C-EEU-POL,C-EEU-POL-PL815,Zone_5A Cool Humid,mfh,urb,4714.0
C-EEU-POL,C-EEU-POL-PL815,Zone_5A Cool Humid,mfh,rur,4714.0
C-EEU-POL,C-EEU-POL-PL815,Zone_5A Cool Humid,sfh,urb,9856.0
C-EEU-POL,C-EEU-POL-PL815,Zone_5A Cool Humid,sfh,rur,9856.0
C-EEU-POL,C-EEU-POL-PL821,Zone_5A Cool Humid,mfh,urb,3966.0
C-EEU-POL,C-EEU-POL-PL821,Zone_5A Cool Humid,mfh,rur,3966.0
C-EEU-POL,C-EEU-POL-PL821,Zone_5A Cool Humid,sfh,urb,5645.5
C-EEU-POL,C-EEU-POL-PL821,Zone_5A Cool Humid,sfh,rur,5645.5
C-EEU-POL,C-EEU-POL-PL822,Zone_5A Cool Humid,mfh,urb,3680.0
C-EEU-POL,C-EEU-POL-PL822,Zone_5A Cool Humid,mfh,rur,3680.0
C-EEU-POL,C-EEU-POL-PL822,Zone_5A Cool Humid,sfh,urb,4939.5
C-EEU-POL,C-EEU-POL-PL822,Zone_5A Cool Humid,sfh,rur,4939.5
C-EEU-POL,C-EEU-POL-PL823,Zone_5A Cool Humid,mfh,urb,11083.5
C-EEU-POL,C-EEU-POL-PL823,Zone_5A Cool Humid,mfh,rur,11083.5
C-EEU-POL,C-EEU-POL-PL823,Zone_5A Cool Humid,sfh,urb,9226.0
C-EEU-POL,C-EEU-POL-PL823,Zone_5A Cool Humid,sfh,rur,9226.0
C-EEU-POL,C-EEU-POL-PL824,Zone_5A Cool Humid,mfh,urb,4935.0
C-EEU-POL,C-EEU-POL-PL824,Zone_5A Cool Humid,mfh,rur,4935.0
C-EEU-POL,C-EEU-POL-PL824,Zone_5A Cool Humid,sfh,urb,7499.5
C-EEU-POL,C-EEU-POL-PL824,Zone_5A Cool Humid,sfh,rur,7499.5
C-EEU-POL,C-EEU-POL-PL841,Zone_5A Cool Humid,mfh,urb,14331.0
C-EEU-POL,C-EEU-POL-PL841,Zone_5A Cool Humid,mfh,rur,14331.0
C-EEU-POL,C-EEU-POL-PL841,Zone_5A Cool Humid,sfh,urb,7656.0
C-EEU-POL,C-EEU-POL-PL841,Zone_5A Cool Humid,sfh,rur,7656.0
C-EEU-POL,C-EEU-POL-PL842,Zone_5A Cool Humid,mfh,urb,4754.0
C-EEU-POL,C-EEU-POL-PL842,Zone_5A Cool Humid,mfh,rur,4754.0
C-EEU-POL,C-EEU-POL-PL842,Zone_5A Cool Humid,sfh,urb,10623.5
C-EEU-POL,C-EEU-POL-PL842,Zone_5A Cool Humid,sfh,rur,10623.5
C-EEU-POL,C-EEU-POL-PL843,Zone_5A Cool Humid,mfh,urb,3866.5
C-EEU-POL,C-EEU-POL-PL843,Zone_5A Cool Humid,mfh,rur,3866.5
C-EEU-POL,C-EEU-POL-PL843,Zone_5A Cool Humid,sfh,urb,4529.5
C-EEU-POL,C-EEU-POL-PL843,Zone_5A Cool Humid,sfh,rur,4529.5
C-EEU-POL,C-EEU-POL-PL911,Zone_5A Cool Humid,mfh,urb,116328.5
C-EEU-POL,C-EEU-POL-PL911,Zone_5A Cool Humid,mfh,rur,116328.5
C-EEU-POL,C-EEU-POL-PL911,Zone_5A Cool Humid,sfh,urb,5368.0
C-EEU-POL,C-EEU-POL-PL911,Zone_5A Cool Humid,sfh,rur,5368.0
C-EEU-POL,C-EEU-POL-PL912,Zone_5A Cool Humid,mfh,urb,13034.0
C-EEU-POL,C-EEU-POL-PL912,Zone_5A Cool Humid,mfh,rur,13034.0
C-EEU-POL,C-EEU-POL-PL912,Zone_5A Cool Humid,sfh,urb,11670.0
C-EEU-POL,C-EEU-POL-PL912,Zone_5A Cool Humid,sfh,rur,11670.0
C-EEU-POL,C-EEU-POL-PL913,Zone_5A Cool Humid,mfh,urb,15760.0
C-EEU-POL,C-EEU-POL-PL913,Zone_5A Cool Humid,mfh,rur,15760.0
C-EEU-POL,C-EEU-POL-PL913,Zone_5A Cool Humid,sfh,urb,12031.5
C-EEU-POL,C-EEU-POL-PL913,Zone_5A Cool Humid,sfh,rur,12031.5
C-EEU-POL,C-EEU-POL-PL921,Zone_5A Cool Humid,mfh,urb,8554.5
C-EEU-POL,C-EEU-POL-PL921,Zone_5A Cool Humid,mfh,rur,8554.5
C-EEU-POL,C-EEU-POL-PL921,Zone_5A Cool Humid,sfh,urb,11291.5
C-EEU-POL,C-EEU-POL-PL921,Zone_5A Cool Humid,sfh,rur,11291.5
C-EEU-POL,C-EEU-POL-PL922,Zone_5A Cool Humid,mfh,urb,5952.0
C-EEU-POL,C-EEU-POL-PL922,Zone_5A Cool Humid,mfh,rur,5952.0
C-EEU-POL,C-EEU-POL-PL922,Zone_5A Cool Humid,sfh,urb,5992.5
C-EEU-POL,C-EEU-POL-PL922,Zone_5A Cool Humid,sfh,rur,5992.5
C-EEU-POL,C-EEU-POL-PL923,Zone_5A Cool Humid,mfh,urb,6254.5
C-EEU-POL,C-EEU-POL-PL923,Zone_5A Cool Humid,mfh,rur,6254.5
C-EEU-POL,C-EEU-POL-PL923,Zone_5A Cool Humid,sfh,urb,4168.5
C-EEU-POL,C-EEU-POL-PL923,Zone_5A Cool Humid,sfh,rur,4168.5
C-EEU-POL,C-EEU-POL-PL924,Zone_5A Cool Humid,mfh,urb,3425.5
C-EEU-POL,C-EEU-POL-PL924,Zone_5A Cool Humid,mfh,rur,3425.5
C-EEU-POL,C-EEU-POL-PL924,Zone_5A Cool Humid,sfh,urb,6982.5
C-EEU-POL,C-EEU-POL-PL924,Zone_5A Cool Humid,sfh,rur,6982.5
C-EEU-POL,C-EEU-POL-PL925,Zone_5A Cool Humid,mfh,urb,6551.5
C-EEU-POL,C-EEU-POL-PL925,Zone_5A Cool Humid,mfh,rur,6551.5
C-EEU-POL,C-EEU-POL-PL925,Zone_5A Cool Humid,sfh,urb,10583.0
C-EEU-POL,C-EEU-POL-PL925,Zone_5A Cool Humid,sfh,rur,10583.0
C-EEU-POL,C-EEU-POL-PL926,Zone_5A Cool Humid,mfh,urb,4808.0
C-EEU-POL,C-EEU-POL-PL926,Zone_5A Cool Humid,mfh,rur,4808.0
C-EEU-POL,C-EEU-POL-PL926,Zone_5A Cool Humid,sfh,urb,4596.0
C-EEU-POL,C-EEU-POL-PL926,Zone_5A Cool Humid,sfh,rur,4596.0
C-EEU-ROU,C-EEU-ROU-RO111,Zone_5A Cool Humid,mfh,urb,20116.5
C-EEU-ROU,C-EEU-ROU-RO111,Zone_5A Cool Humid,mfh,rur,20116.5
C-EEU-ROU,C-EEU-ROU-RO111,Zone_5A Cool Humid,sfh,urb,23609.0
C-EEU-ROU,C-EEU-ROU-RO111,Zone_5A Cool Humid,sfh,rur,23609.0
C-EEU-ROU,C-EEU-ROU-RO112,Zone_5A Cool Humid,mfh,urb,8714.0
C-EEU-ROU,C-EEU-ROU-RO112,Zone_5A Cool Humid,mfh,rur,8714.0
C-EEU-ROU,C-EEU-ROU-RO112,Zone_5A Cool Humid,sfh,urb,12116.0
C-EEU-ROU,C-EEU-ROU-RO112,Zone_5A Cool Humid,sfh,rur,12116.0
C-EEU-ROU,C-EEU-ROU-RO113,Zone_5A Cool Humid,mfh,urb,24388.0
C-EEU-ROU,C-EEU-ROU-RO113,Zone_5A Cool Humid,mfh,rur,24388.0
C-EEU-ROU,C-EEU-ROU-RO113,Zone_5A Cool Humid,sfh,urb,17984.0
C-EEU-ROU,C-EEU-ROU-RO113,Zone_5A Cool Humid,sfh,rur,17984.0
C-EEU-ROU,C-EEU-ROU-RO114,Zone_6A Cold Humid,mfh,urb,8896.0
C-EEU-ROU,C-EEU-ROU-RO114,Zone_6A Cold Humid,mfh,rur,8896.0
C-EEU-ROU,C-EEU-ROU-RO114,Zone_6A Cold Humid,sfh,urb,11110.0
C-EEU-ROU,C-EEU-ROU-RO114,Zone_6A Cold Humid,sfh,rur,11110.0
C-EEU-ROU,C-EEU-ROU-RO115,Zone_5A Cool Humid,mfh,urb,4488.5
C-EEU-ROU,C-EEU-ROU-RO115,Zone_5A Cool Humid,mfh,rur,4488.5
C-EEU-ROU,C-EEU-ROU-RO115,Zone_5A Cool Humid,sfh,urb,11794.5
C-EEU-ROU,C-EEU-ROU-RO115,Zone_5A Cool Humid,sfh,rur,11794.5
C-EEU-ROU,C-EEU-ROU-RO116,Zone_5A Cool Humid,mfh,urb,3918.5
C-EEU-ROU,C-EEU-ROU-RO116,Zone_5A Cool Humid,mfh,rur,3918.5
C-EEU-ROU,C-EEU-ROU-RO116,Zone_5A Cool Humid,sfh,urb,10094.0
C-EEU-ROU,C-EEU-ROU-RO116,Zone_5A Cool Humid,sfh,rur,10094.0
C-EEU-ROU,C-EEU-ROU-RO121,Zone_5A Cool Humid,mfh,urb,10605.5
C-EEU-ROU,C-EEU-ROU-RO121,Zone_5A Cool Humid,mfh,rur,10605.5
C-EEU-ROU,C-EEU-ROU-RO121,Zone_5A Cool Humid,sfh,urb,13284.0
C-EEU-ROU,C-EEU-ROU-RO121,Zone_5A Cool Humid,sfh,rur,13284.0
C-EEU-ROU,C-EEU-ROU-RO122,Zone_5A Cool Humid,mfh,urb,25509.5
C-EEU-ROU,C-EEU-ROU-RO122,Zone_5A Cool Humid,mfh,rur,25509.5
C-EEU-ROU,C-EEU-ROU-RO122,Zone_5A Cool Humid,sfh,urb,11644.0
C-EEU-ROU,C-EEU-ROU-RO122,Zone_5A Cool Humid,sfh,rur,11644.0
C-EEU-ROU,C-EEU-ROU-RO123,Zone_6A Cold Humid,mfh,urb,4631.5
C-EEU-ROU,C-EEU-ROU-RO123,Zone_6A Cold Humid,mfh,rur,4631.5
C-EEU-ROU,C-EEU-ROU-RO123,Zone_6A Cold Humid,sfh,urb,6369.0
C-EEU-ROU,C-EEU-ROU-RO123,Zone_6A Cold Humid,sfh,rur,6369.0
C-EEU-ROU,C-EEU-ROU-RO124,Zone_6A Cold Humid,mfh,urb,8055.0
C-EEU-ROU,C-EEU-ROU-RO124,Zone_6A Cold Humid,mfh,rur,8055.0
C-EEU-ROU,C-EEU-ROU-RO124,Zone_6A Cold Humid,sfh,urb,13183.0
C-EEU-ROU,C-EEU-ROU-RO124,Zone_6A Cold Humid,sfh,rur,13183.0
C-EEU-ROU,C-EEU-ROU-RO125,Zone_5A Cool Humid,mfh,urb,10060.0
C-EEU-ROU,C-EEU-ROU-RO125,Zone_5A Cool Humid,mfh,rur,10060.0
C-EEU-ROU,C-EEU-ROU-RO125,Zone_5A Cool Humid,sfh,urb,17745.5
C-EEU-ROU,C-EEU-ROU-RO125,Zone_5A Cool Humid,sfh,rur,17745.5
C-EEU-ROU,C-EEU-ROU-RO126,Zone_5A Cool Humid,mfh,urb,11790.5
C-EEU-ROU,C-EEU-ROU-RO126,Zone_5A Cool Humid,mfh,rur,11790.5
C-EEU-ROU,C-EEU-ROU-RO126,Zone_5A Cool Humid,sfh,urb,13753.0
C-EEU-ROU,C-EEU-ROU-RO126,Zone_5A Cool Humid,sfh,rur,13753.0
C-EEU-ROU,C-EEU-ROU-RO211,Zone_5A Cool Humid,mfh,urb,13184.5
C-EEU-ROU,C-EEU-ROU-RO211,Zone_5A Cool Humid,mfh,rur,13184.5
C-EEU-ROU,C-EEU-ROU-RO211,Zone_5A Cool Humid,sfh,urb,17161.5
C-EEU-ROU,C-EEU-ROU-RO211,Zone_5A Cool Humid,sfh,rur,17161.5
C-EEU-ROU,C-EEU-ROU-RO212,Zone_5A Cool Humid,mfh,urb,5314.5
C-EEU-ROU,C-EEU-ROU-RO212,Zone_5A Cool Humid,mfh,rur,5314.5
C-EEU-ROU,C-EEU-ROU-RO212,Zone_5A Cool Humid,sfh,urb,19230.0
C-EEU-ROU,C-EEU-ROU-RO212,Zone_5A Cool Humid,sfh,rur,19230.0
C-EEU-ROU,C-EEU-ROU-RO213,Zone_5A Cool Humid,mfh,urb,31470.0
C-EEU-ROU,C-EEU-ROU-RO213,Zone_5A Cool Humid,mfh,rur,31470.0
C-EEU-ROU,C-EEU-ROU-RO213,Zone_5A Cool Humid,sfh,urb,32082.5
C-EEU-ROU,C-EEU-ROU-RO213,Zone_5A Cool Humid,sfh,rur,32082.5
C-EEU-ROU,C-EEU-ROU-RO214,Zone_5A Cool Humid,mfh,urb,7621.0
C-EEU-ROU,C-EEU-ROU-RO214,Zone_5A Cool Humid,mfh,rur,7621.0
C-EEU-ROU,C-EEU-ROU-RO214,Zone_5A Cool Humid,sfh,urb,20630.0
C-EEU-ROU,C-EEU-ROU-RO214,Zone_5A Cool Humid,sfh,rur,20630.0
C-EEU-ROU,C-EEU-ROU-RO215,Zone_6A Cold Humid,mfh,urb,15778.0
C-EEU-ROU,C-EEU-ROU-RO215,Zone_6A Cold Humid,mfh,rur,15778.0
C-EEU-ROU,C-EEU-ROU-RO215,Zone_6A Cold Humid,sfh,urb,22283.0
C-EEU-ROU,C-EEU-ROU-RO215,Zone_6A Cold Humid,sfh,rur,22283.0
C-EEU-ROU,C-EEU-ROU-RO216,Zone_5A Cool Humid,mfh,urb,6450.0
C-EEU-ROU,C-EEU-ROU-RO216,Zone_5A Cool Humid,mfh,rur,6450.0
C-EEU-ROU,C-EEU-ROU-RO216,Zone_5A Cool Humid,sfh,urb,14482.0
C-EEU-ROU,C-EEU-ROU-RO216,Zone_5A Cool Humid,sfh,rur,14482.0
C-EEU-ROU,C-EEU-ROU-RO221,Zone_4A Mixed Humid,mfh,urb,7437.5
C-EEU-ROU,C-EEU-ROU-RO221,Zone_4A Mixed Humid,mfh,rur,7437.5
C-EEU-ROU,C-EEU-ROU-RO221,Zone_4A Mixed Humid,sfh,urb,8151.0
C-EEU-ROU,C-EEU-ROU-RO221,Zone_4A Mixed Humid,sfh,rur,8151.0
C-EEU-ROU,C-EEU-ROU-RO222,Zone_5A Cool Humid,mfh,urb,6416.5
C-EEU-ROU,C-EEU-ROU-RO222,Zone_5A Cool Humid,mfh,rur,6416.5
C-EEU-ROU,C-EEU-ROU-RO222,Zone_5A Cool Humid,sfh,urb,20296.5
C-EEU-ROU,C-EEU-ROU-RO222,Zone_5A Cool Humid,sfh,rur,20296.5
C-EEU-ROU,C-EEU-ROU-RO223,Zone_4A Mixed Humid,mfh,urb,23714.5
C-EEU-ROU,C-EEU-ROU-RO223,Zone_4A Mixed Humid,mfh,rur,23714.5
C-EEU-ROU,C-EEU-ROU-RO223,Zone_4A Mixed Humid,sfh,urb,11976.0
C-EEU-ROU,C-EEU-ROU-RO223,Zone_4A Mixed Humid,sfh,rur,11976.0
C-EEU-ROU,C-EEU-ROU-RO224,Zone_5A Cool Humid,mfh,urb,10145.0
C-EEU-ROU,C-EEU-ROU-RO224,Zone_5A Cool Humid,mfh,rur,10145.0
C-EEU-ROU,C-EEU-ROU-RO224,Zone_5A Cool Humid,sfh,urb,12366.5
C-EEU-ROU,C-EEU-ROU-RO224,Zone_5A Cool Humid,sfh,rur,12366.5
C-EEU-ROU,C-EEU-ROU-RO225,Zone_4A Mixed Humid,mfh,urb,4183.0
C-EEU-ROU,C-EEU-ROU-RO225,Zone_4A Mixed Humid,mfh,rur,4183.0
C-EEU-ROU,C-EEU-ROU-RO225,Zone_4A Mixed Humid,sfh,urb,8263.5
C-EEU-ROU,C-EEU-ROU-RO225,Zone_4A Mixed Humid,sfh,rur,8263.5
C-EEU-ROU,C-EEU-ROU-RO226,Zone_5A Cool Humid,mfh,urb,6412.5
C-EEU-ROU,C-EEU-ROU-RO226,Zone_5A Cool Humid,mfh,rur,6412.5
C-EEU-ROU,C-EEU-ROU-RO226,Zone_5A Cool Humid,sfh,urb,10730.0
C-EEU-ROU,C-EEU-ROU-RO226,Zone_5A Cool Humid,sfh,rur,10730.0
C-EEU-ROU,C-EEU-ROU-RO311,Zone_4A Mixed Humid,mfh,urb,18085.5
C-EEU-ROU,C-EEU-ROU-RO311,Zone_4A Mixed Humid,mfh,rur,18085.5
C-EEU-ROU,C-EEU-ROU-RO311,Zone_4A Mixed Humid,sfh,urb,31252.0
C-EEU-ROU,C-EEU-ROU-RO311,Zone_4A Mixed Humid,sfh,rur,31252.0
C-EEU-ROU,C-EEU-ROU-RO312,Zone_4A Mixed Humid,mfh,urb,7140.0
C-EEU-ROU,C-EEU-ROU-RO312,Zone_4A Mixed Humid,mfh,rur,7140.0
C-EEU-ROU,C-EEU-ROU-RO312,Zone_4A Mixed Humid,sfh,urb,10383.5
C-EEU-ROU,C-EEU-ROU-RO312,Zone_4A Mixed Humid,sfh,rur,10383.5
C-EEU-ROU,C-EEU-ROU-RO313,Zone_4A Mixed Humid,mfh,urb,10643.0
C-EEU-ROU,C-EEU-ROU-RO313,Zone_4A Mixed Humid,mfh,rur,10643.0
C-EEU-ROU,C-EEU-ROU-RO313,Zone_4A Mixed Humid,sfh,urb,16717.0
C-EEU-ROU,C-EEU-ROU-RO313,Zone_4A Mixed Humid,sfh,rur,16717.0
C-EEU-ROU,C-EEU-ROU-RO314,Zone_4A Mixed Humid,mfh,urb,4204.0
C-EEU-ROU,C-EEU-ROU-RO314,Zone_4A Mixed Humid,mfh,rur,4204.0
C-EEU-ROU,C-EEU-ROU-RO314,Zone_4A Mixed Humid,sfh,urb,10825.0
C-EEU-ROU,C-EEU-ROU-RO314,Zone_4A Mixed Humid,sfh,rur,10825.0
C-EEU-ROU,C-EEU-ROU-RO315,Zone_4A Mixed Humid,mfh,urb,5105.5
C-EEU-ROU,C-EEU-ROU-RO315,Zone_4A Mixed Humid,mfh,rur,5105.5
C-EEU-ROU,C-EEU-ROU-RO315,Zone_4A Mixed Humid,sfh,urb,11022.5
C-EEU-ROU,C-EEU-ROU-RO315,Zone_4A Mixed Humid,sfh,rur,11022.5
C-EEU-ROU,C-EEU-ROU-RO316,Zone_5A Cool Humid,mfh,urb,17056.0
C-EEU-ROU,C-EEU-ROU-RO316,Zone_5A Cool Humid,mfh,rur,17056.0
C-EEU-ROU,C-EEU-ROU-RO316,Zone_5A Cool Humid,sfh,urb,27542.0
C-EEU-ROU,C-EEU-ROU-RO316,Zone_5A Cool Humid,sfh,rur,27542.0
C-EEU-ROU,C-EEU-ROU-RO317,Zone_4A Mixed Humid,mfh,urb,3015.5
C-EEU-ROU,C-EEU-ROU-RO317,Zone_4A Mixed Humid,mfh,rur,3015.5
C-EEU-ROU,C-EEU-ROU-RO317,Zone_4A Mixed Humid,sfh,urb,19129.0
C-EEU-ROU,C-EEU-ROU-RO317,Zone_4A Mixed Humid,sfh,rur,19129.0
C-EEU-ROU,C-EEU-ROU-RO321,Zone_4A Mixed Humid,mfh,urb,100259.5
C-EEU-ROU,C-EEU-ROU-RO321,Zone_4A Mixed Humid,mfh,rur,100259.5
C-EEU-ROU,C-EEU-ROU-RO321,Zone_4A Mixed Humid,sfh,urb,8880.0
C-EEU-ROU,C-EEU-ROU-RO321,Zone_4A Mixed Humid,sfh,rur,8880.0
C-EEU-ROU,C-EEU-ROU-RO322,Zone_4A Mixed Humid,mfh,urb,20081.0
C-EEU-ROU,C-EEU-ROU-RO322,Zone_4A Mixed Humid,mfh,rur,20081.0
C-EEU-ROU,C-EEU-ROU-RO322,Zone_4A Mixed Humid,sfh,urb,19871.5
C-EEU-ROU,C-EEU-ROU-RO322,Zone_4A Mixed Humid,sfh,rur,19871.5
C-EEU-ROU,C-EEU-ROU-RO411,Zone_4A Mixed Humid,mfh,urb,16210.0
C-EEU-ROU,C-EEU-ROU-RO411,Zone_4A Mixed Humid,mfh,rur,16210.0
C-EEU-ROU,C-EEU-ROU-RO411,Zone_4A Mixed Humid,sfh,urb,22429.0
C-EEU-ROU,C-EEU-ROU-RO411,Zone_4A Mixed Humid,sfh,rur,22429.0
C-EEU-ROU,C-EEU-ROU-RO412,Zone_5A Cool Humid,mfh,urb,7675.0
C-EEU-ROU,C-EEU-ROU-RO412,Zone_5A Cool Humid,mfh,rur,7675.0
C-EEU-ROU,C-EEU-ROU-RO412,Zone_5A Cool Humid,sfh,urb,17639.0
C-EEU-ROU,C-EEU-ROU-RO412,Zone_5A Cool Humid,sfh,rur,17639.0
C-EEU-ROU,C-EEU-ROU-RO413,Zone_4A Mixed Humid,mfh,urb,8733.0
C-EEU-ROU,C-EEU-ROU-RO413,Zone_4A Mixed Humid,mfh,rur,8733.0
C-EEU-ROU,C-EEU-ROU-RO413,Zone_4A Mixed Humid,sfh,urb,17364.0
C-EEU-ROU,C-EEU-ROU-RO413,Zone_4A Mixed Humid,sfh,rur,17364.0
C-EEU-ROU,C-EEU-ROU-RO414,Zone_4A Mixed Humid,mfh,urb,12725.0
C-EEU-ROU,C-EEU-ROU-RO414,Zone_4A Mixed Humid,mfh,rur,12725.0
C-EEU-ROU,C-EEU-ROU-RO414,Zone_4A Mixed Humid,sfh,urb,19300.5
C-EEU-ROU,C-EEU-ROU-RO414,Zone_4A Mixed Humid,sfh,rur,19300.5
C-EEU-ROU,C-EEU-ROU-RO415,Zone_4A Mixed Humid,mfh,urb,11375.0
C-EEU-ROU,C-EEU-ROU-RO415,Zone_4A Mixed Humid,mfh,rur,11375.0
C-EEU-ROU,C-EEU-ROU-RO415,Zone_4A Mixed Humid,sfh,urb,22460.0
C-EEU-ROU,C-EEU-ROU-RO415,Zone_4A Mixed Humid,sfh,rur,22460.0
C-EEU-ROU,C-EEU-ROU-RO421,Zone_5A Cool Humid,mfh,urb,10514.5
C-EEU-ROU,C-EEU-ROU-RO421,Zone_5A Cool Humid,mfh,rur,10514.5
C-EEU-ROU,C-EEU-ROU-RO421,Zone_5A Cool Humid,sfh,urb,15732.0
C-EEU-ROU,C-EEU-ROU-RO421,Zone_5A Cool Humid,sfh,rur,15732.0
C-EEU-ROU,C-EEU-ROU-RO422,Zone_5A Cool Humid,mfh,urb,5748.0
C-EEU-ROU,C-EEU-ROU-RO422,Zone_5A Cool Humid,mfh,rur,5748.0
C-EEU-ROU,C-EEU-ROU-RO422,Zone_5A Cool Humid,sfh,urb,19157.0
C-EEU-ROU,C-EEU-ROU-RO422,Zone_5A Cool Humid,sfh,rur,19157.0
C-EEU-ROU,C-EEU-ROU-RO423,Zone_5A Cool Humid,mfh,urb,11353.5
C-EEU-ROU,C-EEU-ROU-RO423,Zone_5A Cool Humid,mfh,rur,11353.5
C-EEU-ROU,C-EEU-ROU-RO423,Zone_5A Cool Humid,sfh,urb,17460.5
C-EEU-ROU,C-EEU-ROU-RO423,Zone_5A Cool Humid,sfh,rur,17460.5
C-EEU-ROU,C-EEU-ROU-RO424,Zone_4A Mixed Humid,mfh,urb,24294.0
C-EEU-ROU,C-EEU-ROU-RO424,Zone_4A Mixed Humid,mfh,rur,24294.0
C-EEU-ROU,C-EEU-ROU-RO424,Zone_4A Mixed Humid,sfh,urb,18204.5
C-EEU-ROU,C-EEU-ROU-RO424,Zone_4A Mixed Humid,sfh,rur,18204.5
C-EEU-SVK,C-EEU-SVK-SK010,Zone_5A Cool Humid,mfh,urb,32406.0
C-EEU-SVK,C-EEU-SVK-SK010,Zone_5A Cool Humid,mfh,rur,32406.0
C-EEU-SVK,C-EEU-SVK-SK010,Zone_5A Cool Humid,sfh,urb,11823.0
C-EEU-SVK,C-EEU-SVK-SK010,Zone_5A Cool Humid,sfh,rur,11823.0
C-EEU-SVK,C-EEU-SVK-SK021,Zone_5A Cool Humid,mfh,urb,10437.5
C-EEU-SVK,C-EEU-SVK-SK021,Zone_5A Cool Humid,mfh,rur,10437.5
C-EEU-SVK,C-EEU-SVK-SK021,Zone_5A Cool Humid,sfh,urb,13839.0
C-EEU-SVK,C-EEU-SVK-SK021,Zone_5A Cool Humid,sfh,rur,13839.0
C-EEU-SVK,C-EEU-SVK-SK022,Zone_5A Cool Humid,mfh,urb,9677.5
C-EEU-SVK,C-EEU-SVK-SK022,Zone_5A Cool Humid,mfh,rur,9677.5
C-EEU-SVK,C-EEU-SVK-SK022,Zone_5A Cool Humid,sfh,urb,15434.5
C-EEU-SVK,C-EEU-SVK-SK022,Zone_5A Cool Humid,sfh,rur,15434.5
C-EEU-SVK,C-EEU-SVK-SK023,Zone_5A Cool Humid,mfh,urb,10352.5
C-EEU-SVK,C-EEU-SVK-SK023,Zone_5A Cool Humid,mfh,rur,10352.5
C-EEU-SVK,C-EEU-SVK-SK023,Zone_5A Cool Humid,sfh,urb,18719.0
C-EEU-SVK,C-EEU-SVK-SK023,Zone_5A Cool Humid,sfh,rur,18719.0
C-EEU-SVK,C-EEU-SVK-SK031,Zone_6A Cold Humid,mfh,urb,10927.5
C-EEU-SVK,C-EEU-SVK-SK031,Zone_6A Cold Humid,mfh,rur,10927.5
C-EEU-SVK,C-EEU-SVK-SK031,Zone_6A Cold Humid,sfh,urb,17351.0
C-EEU-SVK,C-EEU-SVK-SK031,Zone_6A Cold Humid,sfh,rur,17351.0
C-EEU-SVK,C-EEU-SVK-SK032,Zone_5A Cool Humid,mfh,urb,11319.5
C-EEU-SVK,C-EEU-SVK-SK032,Zone_5A Cool Humid,mfh,rur,11319.5
C-EEU-SVK,C-EEU-SVK-SK032,Zone_5A Cool Humid,sfh,urb,18772.5
C-EEU-SVK,C-EEU-SVK-SK032,Zone_5A Cool Humid,sfh,rur,18772.5
C-EEU-SVK,C-EEU-SVK-SK041,Zone_6A Cold Humid,mfh,urb,9814.0
C-EEU-SVK,C-EEU-SVK-SK041,Zone_6A Cold Humid,mfh,rur,9814.0
C-EEU-SVK,C-EEU-SVK-SK041,Zone_6A Cold Humid,sfh,urb,14021.5
C-EEU-SVK,C-EEU-SVK-SK041,Zone_6A Cold Humid,sfh,rur,14021.5
C-EEU-SVK,C-EEU-SVK-SK042,Zone_5A Cool Humid,mfh,urb,10887.5
C-EEU-SVK,C-EEU-SVK-SK042,Zone_5A Cool Humid,mfh,rur,10887.5
C-EEU-SVK,C-EEU-SVK-SK042,Zone_5A Cool Humid,sfh,urb,13231.0
C-EEU-SVK,C-EEU-SVK-SK042,Zone_5A Cool Humid,sfh,rur,13231.0
C-EEU-SVN,C-EEU-SVN-SI031,Zone_4A Mixed Humid,mfh,urb,1760.0
C-EEU-SVN,C-EEU-SVN-SI031,Zone_4A Mixed Humid,mfh,rur,1760.0
C-EEU-SVN,C-EEU-SVN-SI031,Zone_4A Mixed Humid,sfh,urb,3549.0
C-EEU-SVN,C-EEU-SVN-SI031,Zone_4A Mixed Humid,sfh,rur,3549.0
C-EEU-SVN,C-EEU-SVN-SI032,Zone_4A Mixed Humid,mfh,urb,5705.5
C-EEU-SVN,C-EEU-SVN-SI032,Zone_4A Mixed Humid,mfh,rur,5705.5
C-EEU-SVN,C-EEU-SVN-SI032,Zone_4A Mixed Humid,sfh,urb,7673.0
C-EEU-SVN,C-EEU-SVN-SI032,Zone_4A Mixed Humid,sfh,rur,7673.0
C-EEU-SVN,C-EEU-SVN-SI033,Zone_5A Cool Humid,mfh,urb,947.5
C-EEU-SVN,C-EEU-SVN-SI033,Zone_5A Cool Humid,mfh,rur,947.5
C-EEU-SVN,C-EEU-SVN-SI033,Zone_5A Cool Humid,sfh,urb,1214.5
C-EEU-SVN,C-EEU-SVN-SI033,Zone_5A Cool Humid,sfh,rur,1214.5
C-EEU-SVN,C-EEU-SVN-SI034,Zone_4A Mixed Humid,mfh,urb,3325.0
C-EEU-SVN,C-EEU-SVN-SI034,Zone_4A Mixed Humid,mfh,rur,3325.0
C-EEU-SVN,C-EEU-SVN-SI034,Zone_4A Mixed Humid,sfh,urb,5921.5
C-EEU-SVN,C-EEU-SVN-SI034,Zone_4A Mixed Humid,sfh,rur,5921.5
C-EEU-SVN,C-EEU-SVN-SI035,Zone_5A Cool Humid,mfh,urb,995.5
C-EEU-SVN,C-EEU-SVN-SI035,Zone_5A Cool Humid,mfh,rur,995.5
C-EEU-SVN,C-EEU-SVN-SI035,Zone_5A Cool Humid,sfh,urb,1013.5
C-EEU-SVN,C-EEU-SVN-SI035,Zone_5A Cool Humid,sfh,rur,1013.5
C-EEU-SVN,C-EEU-SVN-SI036,Zone_4A Mixed Humid,mfh,urb,749.0
C-EEU-SVN,C-EEU-SVN-SI036,Zone_4A Mixed Humid,mfh,rur,749.0
C-EEU-SVN,C-EEU-SVN-SI036,Zone_4A Mixed Humid,sfh,urb,2832.0
C-EEU-SVN,C-EEU-SVN-SI036,Zone_4A Mixed Humid,sfh,rur,2832.0
C-EEU-SVN,C-EEU-SVN-SI037,Zone_5A Cool Humid,mfh,urb,1343.0
C-EEU-SVN,C-EEU-SVN-SI037,Zone_5A Cool Humid,mfh,rur,1343.0
C-EEU-SVN,C-EEU-SVN-SI037,Zone_5A Cool Humid,sfh,urb,5129.0
C-EEU-SVN,C-EEU-SVN-SI037,Zone_5A Cool Humid,sfh,rur,5129.0
C-EEU-SVN,C-EEU-SVN-SI038,Zone_5A Cool Humid,mfh,urb,966.0
C-EEU-SVN,C-EEU-SVN-SI038,Zone_5A Cool Humid,mfh,rur,966.0
C-EEU-SVN,C-EEU-SVN-SI038,Zone_5A Cool Humid,sfh,urb,1338.0
C-EEU-SVN,C-EEU-SVN-SI038,Zone_5A Cool Humid,sfh,rur,1338.0
C-EEU-SVN,C-EEU-SVN-SI041,Zone_5A Cool Humid,mfh,urb,12324.0
C-EEU-SVN,C-EEU-SVN-SI041,Zone_5A Cool Humid,mfh,rur,12324.0
C-EEU-SVN,C-EEU-SVN-SI041,Zone_5A Cool Humid,sfh,urb,6219.5
C-EEU-SVN,C-EEU-SVN-SI041,Zone_5A Cool Humid,sfh,rur,6219.5
C-EEU-SVN,C-EEU-SVN-SI042,Zone_5A Cool Humid,mfh,urb,3709.0
C-EEU-SVN,C-EEU-SVN-SI042,Zone_5A Cool Humid,mfh,rur,3709.0
C-EEU-SVN,C-EEU-SVN-SI042,Zone_5A Cool Humid,sfh,urb,3240.0
C-EEU-SVN,C-EEU-SVN-SI042,Zone_5A Cool Humid,sfh,rur,3240.0
C-EEU-SVN,C-EEU-SVN-SI043,Zone_7A Very cold Humid,mfh,urb,2226.5
C-EEU-SVN,C-EEU-SVN-SI043,Zone_7A Very cold Humid,mfh,rur,2226.5
C-EEU-SVN,C-EEU-SVN-SI043,Zone_7A Very cold Humid,sfh,urb,3385.5
C-EEU-SVN,C-EEU-SVN-SI043,Zone_7A Very cold Humid,sfh,rur,3385.5
C-EEU-SVN,C-EEU-SVN-SI044,Zone_4A Mixed Humid,mfh,urb,4342.5
C-EEU-SVN,C-EEU-SVN-SI044,Zone_4A Mixed Humid,mfh,rur,4342.5
C-EEU-SVN,C-EEU-SVN-SI044,Zone_4A Mixed Humid,sfh,urb,2879.0
C-EEU-SVN,C-EEU-SVN-SI044,Zone_4A Mixed Humid,sfh,rur,2879.0
C-WEU-AUT,C-WEU-AUT-AT111,Zone_5A Cool Humid,mfh,urb,707.0
C-WEU-AUT,C-WEU-AUT-AT111,Zone_5A Cool Humid,mfh,rur,707.0
C-WEU-AUT,C-WEU-AUT-AT111,Zone_5A Cool Humid,sfh,urb,1844.5
C-WEU-AUT,C-WEU-AUT-AT111,Zone_5A Cool Humid,sfh,rur,1844.5
C-WEU-AUT,C-WEU-AUT-AT112,Zone_4A Mixed Humid,mfh,urb,3676.0
C-WEU-AUT,C-WEU-AUT-AT112,Zone_4A Mixed Humid,mfh,rur,3676.0
C-WEU-AUT,C-WEU-AUT-AT112,Zone_4A Mixed Humid,sfh,urb,5986.5
C-WEU-AUT,C-WEU-AUT-AT112,Zone_4A Mixed Humid,sfh,rur,5986.5
C-WEU-AUT,C-WEU-AUT-AT113,Zone_5A Cool Humid,mfh,urb,2004.5
C-WEU-AUT,C-WEU-AUT-AT113,Zone_5A Cool Humid,mfh,rur,2004.5
C-WEU-AUT,C-WEU-AUT-AT113,Zone_5A Cool Humid,sfh,urb,3801.5
C-WEU-AUT,C-WEU-AUT-AT113,Zone_5A Cool Humid,sfh,rur,3801.5
C-WEU-AUT,C-WEU-AUT-AT121,Zone_5A Cool Humid,mfh,urb,8405.0
C-WEU-AUT,C-WEU-AUT-AT121,Zone_5A Cool Humid,mfh,rur,8405.0
C-WEU-AUT,C-WEU-AUT-AT121,Zone_5A Cool Humid,sfh,urb,2964.0
C-WEU-AUT,C-WEU-AUT-AT121,Zone_5A Cool Humid,sfh,rur,2964.0
C-WEU-AUT,C-WEU-AUT-AT122,Zone_5A Cool Humid,mfh,urb,10276.5
C-WEU-AUT,C-WEU-AUT-AT122,Zone_5A Cool Humid,mfh,rur,10276.5
C-WEU-AUT,C-WEU-AUT-AT122,Zone_5A Cool Humid,sfh,urb,6778.0
C-WEU-AUT,C-WEU-AUT-AT122,Zone_5A Cool Humid,sfh,rur,6778.0
C-WEU-AUT,C-WEU-AUT-AT123,Zone_5A Cool Humid,mfh,urb,5172.5
C-WEU-AUT,C-WEU-AUT-AT123,Zone_5A Cool Humid,mfh,rur,5172.5
C-WEU-AUT,C-WEU-AUT-AT123,Zone_5A Cool Humid,sfh,urb,2764.0
C-WEU-AUT,C-WEU-AUT-AT123,Zone_5A Cool Humid,sfh,rur,2764.0
C-WEU-AUT,C-WEU-AUT-AT124,Zone_5A Cool Humid,mfh,urb,9247.0
C-WEU-AUT,C-WEU-AUT-AT124,Zone_5A Cool Humid,mfh,rur,9247.0
C-WEU-AUT,C-WEU-AUT-AT124,Zone_5A Cool Humid,sfh,urb,7640.0
C-WEU-AUT,C-WEU-AUT-AT124,Zone_5A Cool Humid,sfh,rur,7640.0
C-WEU-AUT,C-WEU-AUT-AT125,Zone_5A Cool Humid,mfh,urb,2233.5
C-WEU-AUT,C-WEU-AUT-AT125,Zone_5A Cool Humid,mfh,rur,2233.5
C-WEU-AUT,C-WEU-AUT-AT125,Zone_5A Cool Humid,sfh,urb,6394.0
C-WEU-AUT,C-WEU-AUT-AT125,Zone_5A Cool Humid,sfh,rur,6394.0
C-WEU-AUT,C-WEU-AUT-AT126,Zone_5A Cool Humid,mfh,urb,7542.5
C-WEU-AUT,C-WEU-AUT-AT126,Zone_5A Cool Humid,mfh,rur,7542.5
C-WEU-AUT,C-WEU-AUT-AT126,Zone_5A Cool Humid,sfh,urb,11702.5
C-WEU-AUT,C-WEU-AUT-AT126,Zone_5A Cool Humid,sfh,rur,11702.5
C-WEU-AUT,C-WEU-AUT-AT127,Zone_4A Mixed Humid,mfh,urb,10884.5
C-WEU-AUT,C-WEU-AUT-AT127,Zone_4A Mixed Humid,mfh,rur,10884.5
C-WEU-AUT,C-WEU-AUT-AT127,Zone_4A Mixed Humid,sfh,urb,6651.5
C-WEU-AUT,C-WEU-AUT-AT127,Zone_4A Mixed Humid,sfh,rur,6651.5
C-WEU-AUT,C-WEU-AUT-AT130,Zone_4A Mixed Humid,mfh,urb,62211.0
C-WEU-AUT,C-WEU-AUT-AT130,Zone_4A Mixed Humid,mfh,rur,62211.0
C-WEU-AUT,C-WEU-AUT-AT130,Zone_4A Mixed Humid,sfh,urb,11882.5
C-WEU-AUT,C-WEU-AUT-AT130,Zone_4A Mixed Humid,sfh,rur,11882.5
C-WEU-AUT,C-WEU-AUT-AT211,Zone_6A Cold Humid,mfh,urb,13091.5
C-WEU-AUT,C-WEU-AUT-AT211,Zone_6A Cold Humid,mfh,rur,13091.5
C-WEU-AUT,C-WEU-AUT-AT211,Zone_6A Cold Humid,sfh,urb,3670.5
C-WEU-AUT,C-WEU-AUT-AT211,Zone_6A Cold Humid,sfh,rur,3670.5
C-WEU-AUT,C-WEU-AUT-AT212,Zone_7A Very cold Humid,mfh,urb,6804.0
C-WEU-AUT,C-WEU-AUT-AT212,Zone_7A Very cold Humid,mfh,rur,6804.0
C-WEU-AUT,C-WEU-AUT-AT212,Zone_7A Very cold Humid,sfh,urb,3140.0
C-WEU-AUT,C-WEU-AUT-AT212,Zone_7A Very cold Humid,sfh,rur,3140.0
C-WEU-AUT,C-WEU-AUT-AT213,Zone_5A Cool Humid,mfh,urb,5046.0
C-WEU-AUT,C-WEU-AUT-AT213,Zone_5A Cool Humid,mfh,rur,5046.0
C-WEU-AUT,C-WEU-AUT-AT213,Zone_5A Cool Humid,sfh,urb,2756.5
C-WEU-AUT,C-WEU-AUT-AT213,Zone_5A Cool Humid,sfh,rur,2756.5
C-WEU-AUT,C-WEU-AUT-AT221,Zone_6A Cold Humid,mfh,urb,18990.0
C-WEU-AUT,C-WEU-AUT-AT221,Zone_6A Cold Humid,mfh,rur,18990.0
C-WEU-AUT,C-WEU-AUT-AT221,Zone_6A Cold Humid,sfh,urb,3184.5
C-WEU-AUT,C-WEU-AUT-AT221,Zone_6A Cold Humid,sfh,rur,3184.5
C-WEU-AUT,C-WEU-AUT-AT222,Zone_6A Cold Humid,mfh,urb,4738.0
C-WEU-AUT,C-WEU-AUT-AT222,Zone_6A Cold Humid,mfh,rur,4738.0
C-WEU-AUT,C-WEU-AUT-AT222,Zone_6A Cold Humid,sfh,urb,2209.5
C-WEU-AUT,C-WEU-AUT-AT222,Zone_6A Cold Humid,sfh,rur,2209.5
C-WEU-AUT,C-WEU-AUT-AT223,Zone_6A Cold Humid,mfh,urb,8206.0
C-WEU-AUT,C-WEU-AUT-AT223,Zone_6A Cold Humid,mfh,rur,8206.0
C-WEU-AUT,C-WEU-AUT-AT223,Zone_6A Cold Humid,sfh,urb,2410.5
C-WEU-AUT,C-WEU-AUT-AT223,Zone_6A Cold Humid,sfh,rur,2410.5
C-WEU-AUT,C-WEU-AUT-AT224,Zone_4A Mixed Humid,mfh,urb,6122.0
C-WEU-AUT,C-WEU-AUT-AT224,Zone_4A Mixed Humid,mfh,rur,6122.0
C-WEU-AUT,C-WEU-AUT-AT224,Zone_4A Mixed Humid,sfh,urb,4964.0
C-WEU-AUT,C-WEU-AUT-AT224,Zone_4A Mixed Humid,sfh,rur,4964.0
C-WEU-AUT,C-WEU-AUT-AT225,Zone_5A Cool Humid,mfh,urb,4646.5
C-WEU-AUT,C-WEU-AUT-AT225,Zone_5A Cool Humid,mfh,rur,4646.5
C-WEU-AUT,C-WEU-AUT-AT225,Zone_5A Cool Humid,sfh,urb,4437.5
C-WEU-AUT,C-WEU-AUT-AT225,Zone_5A Cool Humid,sfh,rur,4437.5
C-WEU-AUT,C-WEU-AUT-AT226,Zone_6A Cold Humid,mfh,urb,3740.0
C-WEU-AUT,C-WEU-AUT-AT226,Zone_6A Cold Humid,mfh,rur,3740.0
C-WEU-AUT,C-WEU-AUT-AT226,Zone_6A Cold Humid,sfh,urb,2197.0
C-WEU-AUT,C-WEU-AUT-AT226,Zone_6A Cold Humid,sfh,rur,2197.0
C-WEU-AUT,C-WEU-AUT-AT311,Zone_5A Cool Humid,mfh,urb,7346.0
C-WEU-AUT,C-WEU-AUT-AT311,Zone_5A Cool Humid,mfh,rur,7346.0
C-WEU-AUT,C-WEU-AUT-AT311,Zone_5A Cool Humid,sfh,urb,3066.0
C-WEU-AUT,C-WEU-AUT-AT311,Zone_5A Cool Humid,sfh,rur,3066.0
C-WEU-AUT,C-WEU-AUT-AT312,Zone_5A Cool Humid,mfh,urb,17346.0
C-WEU-AUT,C-WEU-AUT-AT312,Zone_5A Cool Humid,mfh,rur,17346.0
C-WEU-AUT,C-WEU-AUT-AT312,Zone_5A Cool Humid,sfh,urb,2992.5
C-WEU-AUT,C-WEU-AUT-AT312,Zone_5A Cool Humid,sfh,rur,2992.5
C-WEU-AUT,C-WEU-AUT-AT313,Zone_5A Cool Humid,mfh,urb,5563.5
C-WEU-AUT,C-WEU-AUT-AT313,Zone_5A Cool Humid,mfh,rur,5563.5
C-WEU-AUT,C-WEU-AUT-AT313,Zone_5A Cool Humid,sfh,urb,2347.0
C-WEU-AUT,C-WEU-AUT-AT313,Zone_5A Cool Humid,sfh,rur,2347.0
C-WEU-AUT,C-WEU-AUT-AT314,Zone_6A Cold Humid,mfh,urb,5301.5
C-WEU-AUT,C-WEU-AUT-AT314,Zone_6A Cold Humid,mfh,rur,5301.5
C-WEU-AUT,C-WEU-AUT-AT314,Zone_6A Cold Humid,sfh,urb,1808.0
C-WEU-AUT,C-WEU-AUT-AT314,Zone_6A Cold Humid,sfh,rur,1808.0
C-WEU-AUT,C-WEU-AUT-AT315,Zone_6A Cold Humid,mfh,urb,10649.0
C-WEU-AUT,C-WEU-AUT-AT315,Zone_6A Cold Humid,mfh,rur,10649.0
C-WEU-AUT,C-WEU-AUT-AT315,Zone_6A Cold Humid,sfh,urb,3407.0
C-WEU-AUT,C-WEU-AUT-AT315,Zone_6A Cold Humid,sfh,rur,3407.0
C-WEU-AUT,C-WEU-AUT-AT321,Zone_7A Very cold Humid,mfh,urb,814.5
C-WEU-AUT,C-WEU-AUT-AT321,Zone_7A Very cold Humid,mfh,rur,814.5
C-WEU-AUT,C-WEU-AUT-AT321,Zone_7A Very cold Humid,sfh,urb,380.5
C-WEU-AUT,C-WEU-AUT-AT321,Zone_7A Very cold Humid,sfh,rur,380.5
C-WEU-AUT,C-WEU-AUT-AT322,Zone_7A Very cold Humid,mfh,urb,12481.5
C-WEU-AUT,C-WEU-AUT-AT322,Zone_7A Very cold Humid,mfh,rur,12481.5
C-WEU-AUT,C-WEU-AUT-AT322,Zone_7A Very cold Humid,sfh,urb,2595.5
C-WEU-AUT,C-WEU-AUT-AT322,Zone_7A Very cold Humid,sfh,rur,2595.5
C-WEU-AUT,C-WEU-AUT-AT323,Zone_6A Cold Humid,mfh,urb,14074.5
C-WEU-AUT,C-WEU-AUT-AT323,Zone_6A Cold Humid,mfh,rur,14074.5
C-WEU-AUT,C-WEU-AUT-AT323,Zone_6A Cold Humid,sfh,urb,2288.0
C-WEU-AUT,C-WEU-AUT-AT323,Zone_6A Cold Humid,sfh,rur,2288.0
C-WEU-AUT,C-WEU-AUT-AT331,Zone_7A Very cold Humid,mfh,urb,2017.5
C-WEU-AUT,C-WEU-AUT-AT331,Zone_7A Very cold Humid,mfh,rur,2017.5
C-WEU-AUT,C-WEU-AUT-AT331,Zone_7A Very cold Humid,sfh,urb,540.5
C-WEU-AUT,C-WEU-AUT-AT331,Zone_7A Very cold Humid,sfh,rur,540.5
C-WEU-AUT,C-WEU-AUT-AT332,Zone_7A Very cold Humid,mfh,urb,13127.0
C-WEU-AUT,C-WEU-AUT-AT332,Zone_7A Very cold Humid,mfh,rur,13127.0
C-WEU-AUT,C-WEU-AUT-AT332,Zone_7A Very cold Humid,sfh,urb,1640.0
C-WEU-AUT,C-WEU-AUT-AT332,Zone_7A Very cold Humid,sfh,rur,1640.0
C-WEU-AUT,C-WEU-AUT-AT333,Zone_7A Very cold Humid,mfh,urb,1580.0
C-WEU-AUT,C-WEU-AUT-AT333,Zone_7A Very cold Humid,mfh,rur,1580.0
C-WEU-AUT,C-WEU-AUT-AT333,Zone_7A Very cold Humid,sfh,urb,745.0
C-WEU-AUT,C-WEU-AUT-AT333,Zone_7A Very cold Humid,sfh,rur,745.0
C-WEU-AUT,C-WEU-AUT-AT334,Zone_7A Very cold Humid,mfh,urb,5323.5
C-WEU-AUT,C-WEU-AUT-AT334,Zone_7A Very cold Humid,mfh,rur,5323.5
C-WEU-AUT,C-WEU-AUT-AT334,Zone_7A Very cold Humid,sfh,urb,1015.0
C-WEU-AUT,C-WEU-AUT-AT334,Zone_7A Very cold Humid,sfh,rur,1015.0
C-WEU-AUT,C-WEU-AUT-AT335,Zone_6A Cold Humid,mfh,urb,15440.0
C-WEU-AUT,C-WEU-AUT-AT335,Zone_6A Cold Humid,mfh,rur,15440.0
C-WEU-AUT,C-WEU-AUT-AT335,Zone_6A Cold Humid,sfh,urb,4281.5
C-WEU-AUT,C-WEU-AUT-AT335,Zone_6A Cold Humid,sfh,rur,4281.5
C-WEU-AUT,C-WEU-AUT-AT341,Zone_6A Cold Humid,mfh,urb,5413.0
C-WEU-AUT,C-WEU-AUT-AT341,Zone_6A Cold Humid,mfh,rur,5413.0
C-WEU-AUT,C-WEU-AUT-AT341,Zone_6A Cold Humid,sfh,urb,2184.0
C-WEU-AUT,C-WEU-AUT-AT341,Zone_6A Cold Humid,sfh,rur,2184.0
C-WEU-AUT,C-WEU-AUT-AT342,Zone_6A Cold Humid,mfh,urb,7981.5
C-WEU-AUT,C-WEU-AUT-AT342,Zone_6A Cold Humid,mfh,rur,7981.5
C-WEU-AUT,C-WEU-AUT-AT342,Zone_6A Cold Humid,sfh,urb,1889.5
C-WEU-AUT,C-WEU-AUT-AT342,Zone_6A Cold Humid,sfh,rur,1889.5
C-WEU-BEL,C-WEU-BEL-BE100,Zone_4A Mixed Humid,mfh,urb,47665.0
C-WEU-BEL,C-WEU-BEL-BE100,Zone_4A Mixed Humid,mfh,rur,47665.0
C-WEU-BEL,C-WEU-BEL-BE100,Zone_4A Mixed Humid,sfh,urb,4118.5
C-WEU-BEL,C-WEU-BEL-BE100,Zone_4A Mixed Humid,sfh,rur,4118.5
C-WEU-BEL,C-WEU-BEL-BE211,Zone_4A Mixed Humid,mfh,urb,29879.5
C-WEU-BEL,C-WEU-BEL-BE211,Zone_4A Mixed Humid,mfh,rur,29879.5
C-WEU-BEL,C-WEU-BEL-BE211,Zone_4A Mixed Humid,sfh,urb,8372.5
C-WEU-BEL,C-WEU-BEL-BE211,Zone_4A Mixed Humid,sfh,rur,8372.5
C-WEU-BEL,C-WEU-BEL-BE212,Zone_4A Mixed Humid,mfh,urb,4348.5
C-WEU-BEL,C-WEU-BEL-BE212,Zone_4A Mixed Humid,mfh,rur,4348.5
C-WEU-BEL,C-WEU-BEL-BE212,Zone_4A Mixed Humid,sfh,urb,4370.0
C-WEU-BEL,C-WEU-BEL-BE212,Zone_4A Mixed Humid,sfh,rur,4370.0
C-WEU-BEL,C-WEU-BEL-BE213,Zone_4A Mixed Humid,mfh,urb,6436.5
C-WEU-BEL,C-WEU-BEL-BE213,Zone_4A Mixed Humid,mfh,rur,6436.5
C-WEU-BEL,C-WEU-BEL-BE213,Zone_4A Mixed Humid,sfh,urb,7130.0
C-WEU-BEL,C-WEU-BEL-BE213,Zone_4A Mixed Humid,sfh,rur,7130.0
C-WEU-BEL,C-WEU-BEL-BE223,Zone_4A Mixed Humid,mfh,urb,2128.5
C-WEU-BEL,C-WEU-BEL-BE223,Zone_4A Mixed Humid,mfh,rur,2128.5
C-WEU-BEL,C-WEU-BEL-BE223,Zone_4A Mixed Humid,sfh,urb,2710.5
C-WEU-BEL,C-WEU-BEL-BE223,Zone_4A Mixed Humid,sfh,rur,2710.5
C-WEU-BEL,C-WEU-BEL-BE224,Zone_4A Mixed Humid,mfh,urb,5380.0
C-WEU-BEL,C-WEU-BEL-BE224,Zone_4A Mixed Humid,mfh,rur,5380.0
C-WEU-BEL,C-WEU-BEL-BE224,Zone_4A Mixed Humid,sfh,urb,4199.5
C-WEU-BEL,C-WEU-BEL-BE224,Zone_4A Mixed Humid,sfh,rur,4199.5
C-WEU-BEL,C-WEU-BEL-BE225,Zone_4A Mixed Humid,mfh,urb,3392.0
C-WEU-BEL,C-WEU-BEL-BE225,Zone_4A Mixed Humid,mfh,rur,3392.0
C-WEU-BEL,C-WEU-BEL-BE225,Zone_4A Mixed Humid,sfh,urb,2666.0
C-WEU-BEL,C-WEU-BEL-BE225,Zone_4A Mixed Humid,sfh,rur,2666.0
C-WEU-BEL,C-WEU-BEL-BE231,Zone_4A Mixed Humid,mfh,urb,2339.5
C-WEU-BEL,C-WEU-BEL-BE231,Zone_4A Mixed Humid,mfh,rur,2339.5
C-WEU-BEL,C-WEU-BEL-BE231,Zone_4A Mixed Humid,sfh,urb,4210.5
C-WEU-BEL,C-WEU-BEL-BE231,Zone_4A Mixed Humid,sfh,rur,4210.5
C-WEU-BEL,C-WEU-BEL-BE232,Zone_4A Mixed Humid,mfh,urb,1993.0
C-WEU-BEL,C-WEU-BEL-BE232,Zone_4A Mixed Humid,mfh,rur,1993.0
C-WEU-BEL,C-WEU-BEL-BE232,Zone_4A Mixed Humid,sfh,urb,3039.0
C-WEU-BEL,C-WEU-BEL-BE232,Zone_4A Mixed Humid,sfh,rur,3039.0
C-WEU-BEL,C-WEU-BEL-BE233,Zone_4A Mixed Humid,mfh,urb,544.5
C-WEU-BEL,C-WEU-BEL-BE233,Zone_4A Mixed Humid,mfh,rur,544.5
C-WEU-BEL,C-WEU-BEL-BE233,Zone_4A Mixed Humid,sfh,urb,1420.0
C-WEU-BEL,C-WEU-BEL-BE233,Zone_4A Mixed Humid,sfh,rur,1420.0
C-WEU-BEL,C-WEU-BEL-BE234,Zone_4A Mixed Humid,mfh,urb,14644.0
C-WEU-BEL,C-WEU-BEL-BE234,Zone_4A Mixed Humid,mfh,rur,14644.0
C-WEU-BEL,C-WEU-BEL-BE234,Zone_4A Mixed Humid,sfh,urb,8168.5
C-WEU-BEL,C-WEU-BEL-BE234,Zone_4A Mixed Humid,sfh,rur,8168.5
C-WEU-BEL,C-WEU-BEL-BE235,Zone_4A Mixed Humid,mfh,urb,859.5
C-WEU-BEL,C-WEU-BEL-BE235,Zone_4A Mixed Humid,mfh,rur,859.5
C-WEU-BEL,C-WEU-BEL-BE235,Zone_4A Mixed Humid,sfh,urb,2194.0
C-WEU-BEL,C-WEU-BEL-BE235,Zone_4A Mixed Humid,sfh,rur,2194.0
C-WEU-BEL,C-WEU-BEL-BE236,Zone_4A Mixed Humid,mfh,urb,2033.5
C-WEU-BEL,C-WEU-BEL-BE236,Zone_4A Mixed Humid,mfh,rur,2033.5
C-WEU-BEL,C-WEU-BEL-BE236,Zone_4A Mixed Humid,sfh,urb,3569.0
C-WEU-BEL,C-WEU-BEL-BE236,Zone_4A Mixed Humid,sfh,rur,3569.0
C-WEU-BEL,C-WEU-BEL-BE241,Zone_4A Mixed Humid,mfh,urb,5702.0
C-WEU-BEL,C-WEU-BEL-BE241,Zone_4A Mixed Humid,mfh,rur,5702.0
C-WEU-BEL,C-WEU-BEL-BE241,Zone_4A Mixed Humid,sfh,urb,6709.5
C-WEU-BEL,C-WEU-BEL-BE241,Zone_4A Mixed Humid,sfh,rur,6709.5
C-WEU-BEL,C-WEU-BEL-BE242,Zone_4A Mixed Humid,mfh,urb,10249.0
C-WEU-BEL,C-WEU-BEL-BE242,Zone_4A Mixed Humid,mfh,rur,10249.0
C-WEU-BEL,C-WEU-BEL-BE242,Zone_4A Mixed Humid,sfh,urb,7130.0
C-WEU-BEL,C-WEU-BEL-BE242,Zone_4A Mixed Humid,sfh,rur,7130.0
C-WEU-BEL,C-WEU-BEL-BE251,Zone_4A Mixed Humid,mfh,urb,19425.0
C-WEU-BEL,C-WEU-BEL-BE251,Zone_4A Mixed Humid,mfh,rur,19425.0
C-WEU-BEL,C-WEU-BEL-BE251,Zone_4A Mixed Humid,sfh,urb,5066.5
C-WEU-BEL,C-WEU-BEL-BE251,Zone_4A Mixed Humid,sfh,rur,5066.5
C-WEU-BEL,C-WEU-BEL-BE252,Zone_4A Mixed Humid,mfh,urb,308.0
C-WEU-BEL,C-WEU-BEL-BE252,Zone_4A Mixed Humid,mfh,rur,308.0
C-WEU-BEL,C-WEU-BEL-BE252,Zone_4A Mixed Humid,sfh,urb,812.5
C-WEU-BEL,C-WEU-BEL-BE252,Zone_4A Mixed Humid,sfh,rur,812.5
C-WEU-BEL,C-WEU-BEL-BE253,Zone_4A Mixed Humid,mfh,urb,950.5
C-WEU-BEL,C-WEU-BEL-BE253,Zone_4A Mixed Humid,mfh,rur,950.5
C-WEU-BEL,C-WEU-BEL-BE253,Zone_4A Mixed Humid,sfh,urb,1954.0
C-WEU-BEL,C-WEU-BEL-BE253,Zone_4A Mixed Humid,sfh,rur,1954.0
C-WEU-BEL,C-WEU-BEL-BE254,Zone_4A Mixed Humid,mfh,urb,2412.0
C-WEU-BEL,C-WEU-BEL-BE254,Zone_4A Mixed Humid,mfh,rur,2412.0
C-WEU-BEL,C-WEU-BEL-BE254,Zone_4A Mixed Humid,sfh,urb,4504.0
C-WEU-BEL,C-WEU-BEL-BE254,Zone_4A Mixed Humid,sfh,rur,4504.0
C-WEU-BEL,C-WEU-BEL-BE255,Zone_4A Mixed Humid,mfh,urb,26932.5
C-WEU-BEL,C-WEU-BEL-BE255,Zone_4A Mixed Humid,mfh,rur,26932.5
C-WEU-BEL,C-WEU-BEL-BE255,Zone_4A Mixed Humid,sfh,urb,4700.5
C-WEU-BEL,C-WEU-BEL-BE255,Zone_4A Mixed Humid,sfh,rur,4700.5
C-WEU-BEL,C-WEU-BEL-BE256,Zone_4A Mixed Humid,mfh,urb,1507.5
C-WEU-BEL,C-WEU-BEL-BE256,Zone_4A Mixed Humid,mfh,rur,1507.5
C-WEU-BEL,C-WEU-BEL-BE256,Zone_4A Mixed Humid,sfh,urb,2069.0
C-WEU-BEL,C-WEU-BEL-BE256,Zone_4A Mixed Humid,sfh,rur,2069.0
C-WEU-BEL,C-WEU-BEL-BE257,Zone_4A Mixed Humid,mfh,urb,513.0
C-WEU-BEL,C-WEU-BEL-BE257,Zone_4A Mixed Humid,mfh,rur,513.0
C-WEU-BEL,C-WEU-BEL-BE257,Zone_4A Mixed Humid,sfh,urb,1407.0
C-WEU-BEL,C-WEU-BEL-BE257,Zone_4A Mixed Humid,sfh,rur,1407.0
C-WEU-BEL,C-WEU-BEL-BE258,Zone_4A Mixed Humid,mfh,urb,16321.0
C-WEU-BEL,C-WEU-BEL-BE258,Zone_4A Mixed Humid,mfh,rur,16321.0
C-WEU-BEL,C-WEU-BEL-BE258,Zone_4A Mixed Humid,sfh,urb,3512.0
C-WEU-BEL,C-WEU-BEL-BE258,Zone_4A Mixed Humid,sfh,rur,3512.0
C-WEU-BEL,C-WEU-BEL-BE310,Zone_4A Mixed Humid,mfh,urb,7093.5
C-WEU-BEL,C-WEU-BEL-BE310,Zone_4A Mixed Humid,mfh,rur,7093.5
C-WEU-BEL,C-WEU-BEL-BE310,Zone_4A Mixed Humid,sfh,urb,4309.0
C-WEU-BEL,C-WEU-BEL-BE310,Zone_4A Mixed Humid,sfh,rur,4309.0
C-WEU-BEL,C-WEU-BEL-BE323,Zone_4A Mixed Humid,mfh,urb,3634.0
C-WEU-BEL,C-WEU-BEL-BE323,Zone_4A Mixed Humid,mfh,rur,3634.0
C-WEU-BEL,C-WEU-BEL-BE323,Zone_4A Mixed Humid,sfh,urb,4772.5
C-WEU-BEL,C-WEU-BEL-BE323,Zone_4A Mixed Humid,sfh,rur,4772.5
C-WEU-BEL,C-WEU-BEL-BE328,Zone_4A Mixed Humid,mfh,urb,2929.5
C-WEU-BEL,C-WEU-BEL-BE328,Zone_4A Mixed Humid,mfh,rur,2929.5
C-WEU-BEL,C-WEU-BEL-BE328,Zone_4A Mixed Humid,sfh,urb,3979.0
C-WEU-BEL,C-WEU-BEL-BE328,Zone_4A Mixed Humid,sfh,rur,3979.0
C-WEU-BEL,C-WEU-BEL-BE329,Zone_4A Mixed Humid,mfh,urb,1045.0
C-WEU-BEL,C-WEU-BEL-BE329,Zone_4A Mixed Humid,mfh,rur,1045.0
C-WEU-BEL,C-WEU-BEL-BE329,Zone_4A Mixed Humid,sfh,urb,2072.0
C-WEU-BEL,C-WEU-BEL-BE329,Zone_4A Mixed Humid,sfh,rur,2072.0
C-WEU-BEL,C-WEU-BEL-BE32A,Zone_4A Mixed Humid,mfh,urb,734.0
C-WEU-BEL,C-WEU-BEL-BE32A,Zone_4A Mixed Humid,mfh,rur,734.0
C-WEU-BEL,C-WEU-BEL-BE32A,Zone_4A Mixed Humid,sfh,urb,2274.0
C-WEU-BEL,C-WEU-BEL-BE32A,Zone_4A Mixed Humid,sfh,rur,2274.0
C-WEU-BEL,C-WEU-BEL-BE32B,Zone_5A Cool Humid,mfh,urb,5501.5
C-WEU-BEL,C-WEU-BEL-BE32B,Zone_5A Cool Humid,mfh,rur,5501.5
C-WEU-BEL,C-WEU-BEL-BE32B,Zone_5A Cool Humid,sfh,urb,6823.5
C-WEU-BEL,C-WEU-BEL-BE32B,Zone_5A Cool Humid,sfh,rur,6823.5
C-WEU-BEL,C-WEU-BEL-BE32C,Zone_4A Mixed Humid,mfh,urb,604.5
C-WEU-BEL,C-WEU-BEL-BE32C,Zone_4A Mixed Humid,mfh,rur,604.5
C-WEU-BEL,C-WEU-BEL-BE32C,Zone_4A Mixed Humid,sfh,urb,1361.5
C-WEU-BEL,C-WEU-BEL-BE32C,Zone_4A Mixed Humid,sfh,rur,1361.5
C-WEU-BEL,C-WEU-BEL-BE32D,Zone_4A Mixed Humid,mfh,urb,662.5
C-WEU-BEL,C-WEU-BEL-BE32D,Zone_4A Mixed Humid,mfh,rur,662.5
C-WEU-BEL,C-WEU-BEL-BE32D,Zone_4A Mixed Humid,sfh,urb,2407.5
C-WEU-BEL,C-WEU-BEL-BE32D,Zone_4A Mixed Humid,sfh,rur,2407.5
C-WEU-BEL,C-WEU-BEL-BE331,Zone_4A Mixed Humid,mfh,urb,757.0
C-WEU-BEL,C-WEU-BEL-BE331,Zone_4A Mixed Humid,mfh,rur,757.0
C-WEU-BEL,C-WEU-BEL-BE331,Zone_4A Mixed Humid,sfh,urb,1786.5
C-WEU-BEL,C-WEU-BEL-BE331,Zone_4A Mixed Humid,sfh,rur,1786.5
C-WEU-BEL,C-WEU-BEL-BE332,Zone_4A Mixed Humid,mfh,urb,11841.5
C-WEU-BEL,C-WEU-BEL-BE332,Zone_4A Mixed Humid,mfh,rur,11841.5
C-WEU-BEL,C-WEU-BEL-BE332,Zone_4A Mixed Humid,sfh,urb,8066.0
C-WEU-BEL,C-WEU-BEL-BE332,Zone_4A Mixed Humid,sfh,rur,8066.0
C-WEU-BEL,C-WEU-BEL-BE334,Zone_4A Mixed Humid,mfh,urb,463.0
C-WEU-BEL,C-WEU-BEL-BE334,Zone_4A Mixed Humid,mfh,rur,463.0
C-WEU-BEL,C-WEU-BEL-BE334,Zone_4A Mixed Humid,sfh,urb,985.5
C-WEU-BEL,C-WEU-BEL-BE334,Zone_4A Mixed Humid,sfh,rur,985.5
C-WEU-BEL,C-WEU-BEL-BE335,Zone_5A Cool Humid,mfh,urb,4080.5
C-WEU-BEL,C-WEU-BEL-BE335,Zone_5A Cool Humid,mfh,rur,4080.5
C-WEU-BEL,C-WEU-BEL-BE335,Zone_5A Cool Humid,sfh,urb,3887.0
C-WEU-BEL,C-WEU-BEL-BE335,Zone_5A Cool Humid,sfh,rur,3887.0
C-WEU-BEL,C-WEU-BEL-BE336,Zone_5A Cool Humid,mfh,urb,1154.0
C-WEU-BEL,C-WEU-BEL-BE336,Zone_5A Cool Humid,mfh,rur,1154.0
C-WEU-BEL,C-WEU-BEL-BE336,Zone_5A Cool Humid,sfh,urb,1453.0
C-WEU-BEL,C-WEU-BEL-BE336,Zone_5A Cool Humid,sfh,rur,1453.0
C-WEU-BEL,C-WEU-BEL-BE341,Zone_5A Cool Humid,mfh,urb,1146.0
C-WEU-BEL,C-WEU-BEL-BE341,Zone_5A Cool Humid,mfh,rur,1146.0
C-WEU-BEL,C-WEU-BEL-BE341,Zone_5A Cool Humid,sfh,urb,939.5
C-WEU-BEL,C-WEU-BEL-BE341,Zone_5A Cool Humid,sfh,rur,939.5
C-WEU-BEL,C-WEU-BEL-BE342,Zone_5A Cool Humid,mfh,urb,652.5
C-WEU-BEL,C-WEU-BEL-BE342,Zone_5A Cool Humid,mfh,rur,652.5
C-WEU-BEL,C-WEU-BEL-BE342,Zone_5A Cool Humid,sfh,urb,1846.0
C-WEU-BEL,C-WEU-BEL-BE342,Zone_5A Cool Humid,sfh,rur,1846.0
C-WEU-BEL,C-WEU-BEL-BE343,Zone_5A Cool Humid,mfh,urb,774.5
C-WEU-BEL,C-WEU-BEL-BE343,Zone_5A Cool Humid,mfh,rur,774.5
C-WEU-BEL,C-WEU-BEL-BE343,Zone_5A Cool Humid,sfh,urb,3629.5
C-WEU-BEL,C-WEU-BEL-BE343,Zone_5A Cool Humid,sfh,rur,3629.5
C-WEU-BEL,C-WEU-BEL-BE344,Zone_5A Cool Humid,mfh,urb,837.0
C-WEU-BEL,C-WEU-BEL-BE344,Zone_5A Cool Humid,mfh,rur,837.0
C-WEU-BEL,C-WEU-BEL-BE344,Zone_5A Cool Humid,sfh,urb,2379.0
C-WEU-BEL,C-WEU-BEL-BE344,Zone_5A Cool Humid,sfh,rur,2379.0
C-WEU-BEL,C-WEU-BEL-BE345,Zone_5A Cool Humid,mfh,urb,565.0
C-WEU-BEL,C-WEU-BEL-BE345,Zone_5A Cool Humid,mfh,rur,565.0
C-WEU-BEL,C-WEU-BEL-BE345,Zone_5A Cool Humid,sfh,urb,1239.5
C-WEU-BEL,C-WEU-BEL-BE345,Zone_5A Cool Humid,sfh,rur,1239.5
C-WEU-BEL,C-WEU-BEL-BE351,Zone_5A Cool Humid,mfh,urb,1213.0
C-WEU-BEL,C-WEU-BEL-BE351,Zone_5A Cool Humid,mfh,rur,1213.0
C-WEU-BEL,C-WEU-BEL-BE351,Zone_5A Cool Humid,sfh,urb,4836.5
C-WEU-BEL,C-WEU-BEL-BE351,Zone_5A Cool Humid,sfh,rur,4836.5
C-WEU-BEL,C-WEU-BEL-BE352,Zone_5A Cool Humid,mfh,urb,4327.5
C-WEU-BEL,C-WEU-BEL-BE352,Zone_5A Cool Humid,mfh,rur,4327.5
C-WEU-BEL,C-WEU-BEL-BE352,Zone_5A Cool Humid,sfh,urb,3643.0
C-WEU-BEL,C-WEU-BEL-BE352,Zone_5A Cool Humid,sfh,rur,3643.0
C-WEU-BEL,C-WEU-BEL-BE353,Zone_5A Cool Humid,mfh,urb,492.5
C-WEU-BEL,C-WEU-BEL-BE353,Zone_5A Cool Humid,mfh,rur,492.5
C-WEU-BEL,C-WEU-BEL-BE353,Zone_5A Cool Humid,sfh,urb,2352.5
C-WEU-BEL,C-WEU-BEL-BE353,Zone_5A Cool Humid,sfh,rur,2352.5
C-WEU-CYP,C-WEU-CYP-CY000,Zone_3A Warm Humid,mfh,urb,36117.5
C-WEU-CYP,C-WEU-CYP-CY000,Zone_3A Warm Humid,mfh,rur,36117.5
C-WEU-CYP,C-WEU-CYP-CY000,Zone_3A Warm Humid,sfh,urb,32937.5
C-WEU-CYP,C-WEU-CYP-CY000,Zone_3A Warm Humid,sfh,rur,32937.5
C-WEU-DEU,C-WEU-DEU-DE111,Zone_5A Cool Humid,mfh,urb,7683.5
C-WEU-DEU,C-WEU-DEU-DE111,Zone_5A Cool Humid,mfh,rur,7683.5
C-WEU-DEU,C-WEU-DEU-DE111,Zone_5A Cool Humid,sfh,urb,497.5
C-WEU-DEU,C-WEU-DEU-DE111,Zone_5A Cool Humid,sfh,rur,497.5
C-WEU-DEU,C-WEU-DEU-DE112,Zone_5A Cool Humid,mfh,urb,5338.0
C-WEU-DEU,C-WEU-DEU-DE112,Zone_5A Cool Humid,mfh,rur,5338.0
C-WEU-DEU,C-WEU-DEU-DE112,Zone_5A Cool Humid,sfh,urb,1449.0
C-WEU-DEU,C-WEU-DEU-DE112,Zone_5A Cool Humid,sfh,rur,1449.0
C-WEU-DEU,C-WEU-DEU-DE113,Zone_5A Cool Humid,mfh,urb,6989.5
C-WEU-DEU,C-WEU-DEU-DE113,Zone_5A Cool Humid,mfh,rur,6989.5
C-WEU-DEU,C-WEU-DEU-DE113,Zone_5A Cool Humid,sfh,urb,1413.5
C-WEU-DEU,C-WEU-DEU-DE113,Zone_5A Cool Humid,sfh,rur,1413.5
C-WEU-DEU,C-WEU-DEU-DE114,Zone_5A Cool Humid,mfh,urb,3875.5
C-WEU-DEU,C-WEU-DEU-DE114,Zone_5A Cool Humid,mfh,rur,3875.5
C-WEU-DEU,C-WEU-DEU-DE114,Zone_5A Cool Humid,sfh,urb,793.5
C-WEU-DEU,C-WEU-DEU-DE114,Zone_5A Cool Humid,sfh,rur,793.5
C-WEU-DEU,C-WEU-DEU-DE115,Zone_5A Cool Humid,mfh,urb,7963.5
C-WEU-DEU,C-WEU-DEU-DE115,Zone_5A Cool Humid,mfh,rur,7963.5
C-WEU-DEU,C-WEU-DEU-DE115,Zone_5A Cool Humid,sfh,urb,1535.5
C-WEU-DEU,C-WEU-DEU-DE115,Zone_5A Cool Humid,sfh,rur,1535.5
C-WEU-DEU,C-WEU-DEU-DE116,Zone_5A Cool Humid,mfh,urb,4957.5
C-WEU-DEU,C-WEU-DEU-DE116,Zone_5A Cool Humid,mfh,rur,4957.5
C-WEU-DEU,C-WEU-DEU-DE116,Zone_5A Cool Humid,sfh,urb,937.5
C-WEU-DEU,C-WEU-DEU-DE116,Zone_5A Cool Humid,sfh,rur,937.5
C-WEU-DEU,C-WEU-DEU-DE117,Zone_5A Cool Humid,mfh,urb,1816.0
C-WEU-DEU,C-WEU-DEU-DE117,Zone_5A Cool Humid,mfh,rur,1816.0
C-WEU-DEU,C-WEU-DEU-DE117,Zone_5A Cool Humid,sfh,urb,235.5
C-WEU-DEU,C-WEU-DEU-DE117,Zone_5A Cool Humid,sfh,rur,235.5
C-WEU-DEU,C-WEU-DEU-DE118,Zone_5A Cool Humid,mfh,urb,4260.0
C-WEU-DEU,C-WEU-DEU-DE118,Zone_5A Cool Humid,mfh,rur,4260.0
C-WEU-DEU,C-WEU-DEU-DE118,Zone_5A Cool Humid,sfh,urb,1311.5
C-WEU-DEU,C-WEU-DEU-DE118,Zone_5A Cool Humid,sfh,rur,1311.5
C-WEU-DEU,C-WEU-DEU-DE119,Zone_5A Cool Humid,mfh,urb,1635.5
C-WEU-DEU,C-WEU-DEU-DE119,Zone_5A Cool Humid,mfh,rur,1635.5
C-WEU-DEU,C-WEU-DEU-DE119,Zone_5A Cool Humid,sfh,urb,552.5
C-WEU-DEU,C-WEU-DEU-DE119,Zone_5A Cool Humid,sfh,rur,552.5
C-WEU-DEU,C-WEU-DEU-DE11A,Zone_5A Cool Humid,mfh,urb,3052.5
C-WEU-DEU,C-WEU-DEU-DE11A,Zone_5A Cool Humid,mfh,rur,3052.5
C-WEU-DEU,C-WEU-DEU-DE11A,Zone_5A Cool Humid,sfh,urb,928.5
C-WEU-DEU,C-WEU-DEU-DE11A,Zone_5A Cool Humid,sfh,rur,928.5
C-WEU-DEU,C-WEU-DEU-DE11B,Zone_5A Cool Humid,mfh,urb,2693.5
C-WEU-DEU,C-WEU-DEU-DE11B,Zone_5A Cool Humid,mfh,rur,2693.5
C-WEU-DEU,C-WEU-DEU-DE11B,Zone_5A Cool Humid,sfh,urb,810.5
C-WEU-DEU,C-WEU-DEU-DE11B,Zone_5A Cool Humid,sfh,rur,810.5
C-WEU-DEU,C-WEU-DEU-DE11C,Zone_5A Cool Humid,mfh,urb,1850.0
C-WEU-DEU,C-WEU-DEU-DE11C,Zone_5A Cool Humid,mfh,rur,1850.0
C-WEU-DEU,C-WEU-DEU-DE11C,Zone_5A Cool Humid,sfh,urb,535.5
C-WEU-DEU,C-WEU-DEU-DE11C,Zone_5A Cool Humid,sfh,rur,535.5
C-WEU-DEU,C-WEU-DEU-DE11D,Zone_5A Cool Humid,mfh,urb,4821.0
C-WEU-DEU,C-WEU-DEU-DE11D,Zone_5A Cool Humid,mfh,rur,4821.0
C-WEU-DEU,C-WEU-DEU-DE11D,Zone_5A Cool Humid,sfh,urb,1167.0
C-WEU-DEU,C-WEU-DEU-DE11D,Zone_5A Cool Humid,sfh,rur,1167.0
C-WEU-DEU,C-WEU-DEU-DE121,Zone_5A Cool Humid,mfh,urb,1239.5
C-WEU-DEU,C-WEU-DEU-DE121,Zone_5A Cool Humid,mfh,rur,1239.5
C-WEU-DEU,C-WEU-DEU-DE121,Zone_5A Cool Humid,sfh,urb,133.5
C-WEU-DEU,C-WEU-DEU-DE121,Zone_5A Cool Humid,sfh,rur,133.5
C-WEU-DEU,C-WEU-DEU-DE122,Zone_4A Mixed Humid,mfh,urb,3790.0
C-WEU-DEU,C-WEU-DEU-DE122,Zone_4A Mixed Humid,mfh,rur,3790.0
C-WEU-DEU,C-WEU-DEU-DE122,Zone_4A Mixed Humid,sfh,urb,260.0
C-WEU-DEU,C-WEU-DEU-DE122,Zone_4A Mixed Humid,sfh,rur,260.0
C-WEU-DEU,C-WEU-DEU-DE123,Zone_4A Mixed Humid,mfh,urb,5861.0
C-WEU-DEU,C-WEU-DEU-DE123,Zone_4A Mixed Humid,mfh,rur,5861.0
C-WEU-DEU,C-WEU-DEU-DE123,Zone_4A Mixed Humid,sfh,urb,1503.5
C-WEU-DEU,C-WEU-DEU-DE123,Zone_4A Mixed Humid,sfh,rur,1503.5
C-WEU-DEU,C-WEU-DEU-DE124,Zone_5A Cool Humid,mfh,urb,3747.0
C-WEU-DEU,C-WEU-DEU-DE124,Zone_5A Cool Humid,mfh,rur,3747.0
C-WEU-DEU,C-WEU-DEU-DE124,Zone_5A Cool Humid,sfh,urb,660.0
C-WEU-DEU,C-WEU-DEU-DE124,Zone_5A Cool Humid,sfh,rur,660.0
C-WEU-DEU,C-WEU-DEU-DE125,Zone_4A Mixed Humid,mfh,urb,2198.5
C-WEU-DEU,C-WEU-DEU-DE125,Zone_4A Mixed Humid,mfh,rur,2198.5
C-WEU-DEU,C-WEU-DEU-DE125,Zone_4A Mixed Humid,sfh,urb,192.0
C-WEU-DEU,C-WEU-DEU-DE125,Zone_4A Mixed Humid,sfh,rur,192.0
C-WEU-DEU,C-WEU-DEU-DE126,Zone_4A Mixed Humid,mfh,urb,6016.0
C-WEU-DEU,C-WEU-DEU-DE126,Zone_4A Mixed Humid,mfh,rur,6016.0
C-WEU-DEU,C-WEU-DEU-DE126,Zone_4A Mixed Humid,sfh,urb,380.5
C-WEU-DEU,C-WEU-DEU-DE126,Zone_4A Mixed Humid,sfh,rur,380.5
C-WEU-DEU,C-WEU-DEU-DE127,Zone_5A Cool Humid,mfh,urb,2536.5
C-WEU-DEU,C-WEU-DEU-DE127,Zone_5A Cool Humid,mfh,rur,2536.5
C-WEU-DEU,C-WEU-DEU-DE127,Zone_5A Cool Humid,sfh,urb,934.0
C-WEU-DEU,C-WEU-DEU-DE127,Zone_5A Cool Humid,sfh,rur,934.0
C-WEU-DEU,C-WEU-DEU-DE128,Zone_4A Mixed Humid,mfh,urb,7504.0
C-WEU-DEU,C-WEU-DEU-DE128,Zone_4A Mixed Humid,mfh,rur,7504.0
C-WEU-DEU,C-WEU-DEU-DE128,Zone_4A Mixed Humid,sfh,urb,1781.5
C-WEU-DEU,C-WEU-DEU-DE128,Zone_4A Mixed Humid,sfh,rur,1781.5
C-WEU-DEU,C-WEU-DEU-DE129,Zone_5A Cool Humid,mfh,urb,1851.0
C-WEU-DEU,C-WEU-DEU-DE129,Zone_5A Cool Humid,mfh,rur,1851.0
C-WEU-DEU,C-WEU-DEU-DE129,Zone_5A Cool Humid,sfh,urb,169.5
C-WEU-DEU,C-WEU-DEU-DE129,Zone_5A Cool Humid,sfh,rur,169.5
C-WEU-DEU,C-WEU-DEU-DE12A,Zone_5A Cool Humid,mfh,urb,4066.5
C-WEU-DEU,C-WEU-DEU-DE12A,Zone_5A Cool Humid,mfh,rur,4066.5
C-WEU-DEU,C-WEU-DEU-DE12A,Zone_5A Cool Humid,sfh,urb,704.0
C-WEU-DEU,C-WEU-DEU-DE12A,Zone_5A Cool Humid,sfh,rur,704.0
C-WEU-DEU,C-WEU-DEU-DE12B,Zone_5A Cool Humid,mfh,urb,2753.5
C-WEU-DEU,C-WEU-DEU-DE12B,Zone_5A Cool Humid,mfh,rur,2753.5
C-WEU-DEU,C-WEU-DEU-DE12B,Zone_5A Cool Humid,sfh,urb,817.5
C-WEU-DEU,C-WEU-DEU-DE12B,Zone_5A Cool Humid,sfh,rur,817.5
C-WEU-DEU,C-WEU-DEU-DE12C,Zone_5A Cool Humid,mfh,urb,2708.0
C-WEU-DEU,C-WEU-DEU-DE12C,Zone_5A Cool Humid,mfh,rur,2708.0
C-WEU-DEU,C-WEU-DEU-DE12C,Zone_5A Cool Humid,sfh,urb,550.0
C-WEU-DEU,C-WEU-DEU-DE12C,Zone_5A Cool Humid,sfh,rur,550.0
C-WEU-DEU,C-WEU-DEU-DE131,Zone_4A Mixed Humid,mfh,urb,2412.0
C-WEU-DEU,C-WEU-DEU-DE131,Zone_4A Mixed Humid,mfh,rur,2412.0
C-WEU-DEU,C-WEU-DEU-DE131,Zone_4A Mixed Humid,sfh,urb,139.5
C-WEU-DEU,C-WEU-DEU-DE131,Zone_4A Mixed Humid,sfh,rur,139.5
C-WEU-DEU,C-WEU-DEU-DE132,Zone_5A Cool Humid,mfh,urb,4462.0
C-WEU-DEU,C-WEU-DEU-DE132,Zone_5A Cool Humid,mfh,rur,4462.0
C-WEU-DEU,C-WEU-DEU-DE132,Zone_5A Cool Humid,sfh,urb,784.5
C-WEU-DEU,C-WEU-DEU-DE132,Zone_5A Cool Humid,sfh,rur,784.5
C-WEU-DEU,C-WEU-DEU-DE133,Zone_4A Mixed Humid,mfh,urb,2188.0
C-WEU-DEU,C-WEU-DEU-DE133,Zone_4A Mixed Humid,mfh,rur,2188.0
C-WEU-DEU,C-WEU-DEU-DE133,Zone_4A Mixed Humid,sfh,urb,417.0
C-WEU-DEU,C-WEU-DEU-DE133,Zone_4A Mixed Humid,sfh,rur,417.0
C-WEU-DEU,C-WEU-DEU-DE134,Zone_4A Mixed Humid,mfh,urb,6636.5
C-WEU-DEU,C-WEU-DEU-DE134,Zone_4A Mixed Humid,mfh,rur,6636.5
C-WEU-DEU,C-WEU-DEU-DE134,Zone_4A Mixed Humid,sfh,urb,1236.0
C-WEU-DEU,C-WEU-DEU-DE134,Zone_4A Mixed Humid,sfh,rur,1236.0
C-WEU-DEU,C-WEU-DEU-DE135,Zone_5A Cool Humid,mfh,urb,2581.5
C-WEU-DEU,C-WEU-DEU-DE135,Zone_5A Cool Humid,mfh,rur,2581.5
C-WEU-DEU,C-WEU-DEU-DE135,Zone_5A Cool Humid,sfh,urb,697.5
C-WEU-DEU,C-WEU-DEU-DE135,Zone_5A Cool Humid,sfh,rur,697.5
C-WEU-DEU,C-WEU-DEU-DE136,Zone_5A Cool Humid,mfh,urb,4961.0
C-WEU-DEU,C-WEU-DEU-DE136,Zone_5A Cool Humid,mfh,rur,4961.0
C-WEU-DEU,C-WEU-DEU-DE136,Zone_5A Cool Humid,sfh,urb,670.5
C-WEU-DEU,C-WEU-DEU-DE136,Zone_5A Cool Humid,sfh,rur,670.5
C-WEU-DEU,C-WEU-DEU-DE137,Zone_5A Cool Humid,mfh,urb,2066.0
C-WEU-DEU,C-WEU-DEU-DE137,Zone_5A Cool Humid,mfh,rur,2066.0
C-WEU-DEU,C-WEU-DEU-DE137,Zone_5A Cool Humid,sfh,urb,538.0
C-WEU-DEU,C-WEU-DEU-DE137,Zone_5A Cool Humid,sfh,rur,538.0
C-WEU-DEU,C-WEU-DEU-DE138,Zone_5A Cool Humid,mfh,urb,4452.5
C-WEU-DEU,C-WEU-DEU-DE138,Zone_5A Cool Humid,mfh,rur,4452.5
C-WEU-DEU,C-WEU-DEU-DE138,Zone_5A Cool Humid,sfh,urb,779.0
C-WEU-DEU,C-WEU-DEU-DE138,Zone_5A Cool Humid,sfh,rur,779.0
C-WEU-DEU,C-WEU-DEU-DE139,Zone_5A Cool Humid,mfh,urb,3668.0
C-WEU-DEU,C-WEU-DEU-DE139,Zone_5A Cool Humid,mfh,rur,3668.0
C-WEU-DEU,C-WEU-DEU-DE139,Zone_5A Cool Humid,sfh,urb,645.0
C-WEU-DEU,C-WEU-DEU-DE139,Zone_5A Cool Humid,sfh,rur,645.0
C-WEU-DEU,C-WEU-DEU-DE13A,Zone_5A Cool Humid,mfh,urb,3907.0
C-WEU-DEU,C-WEU-DEU-DE13A,Zone_5A Cool Humid,mfh,rur,3907.0
C-WEU-DEU,C-WEU-DEU-DE13A,Zone_5A Cool Humid,sfh,urb,686.5
C-WEU-DEU,C-WEU-DEU-DE13A,Zone_5A Cool Humid,sfh,rur,686.5
C-WEU-DEU,C-WEU-DEU-DE141,Zone_5A Cool Humid,mfh,urb,3578.0
C-WEU-DEU,C-WEU-DEU-DE141,Zone_5A Cool Humid,mfh,rur,3578.0
C-WEU-DEU,C-WEU-DEU-DE141,Zone_5A Cool Humid,sfh,urb,1088.0
C-WEU-DEU,C-WEU-DEU-DE141,Zone_5A Cool Humid,sfh,rur,1088.0
C-WEU-DEU,C-WEU-DEU-DE142,Zone_5A Cool Humid,mfh,urb,2600.5
C-WEU-DEU,C-WEU-DEU-DE142,Zone_5A Cool Humid,mfh,rur,2600.5
C-WEU-DEU,C-WEU-DEU-DE142,Zone_5A Cool Humid,sfh,urb,632.5
C-WEU-DEU,C-WEU-DEU-DE142,Zone_5A Cool Humid,sfh,rur,632.5
C-WEU-DEU,C-WEU-DEU-DE143,Zone_5A Cool Humid,mfh,urb,2524.0
C-WEU-DEU,C-WEU-DEU-DE143,Zone_5A Cool Humid,mfh,rur,2524.0
C-WEU-DEU,C-WEU-DEU-DE143,Zone_5A Cool Humid,sfh,urb,1161.0
C-WEU-DEU,C-WEU-DEU-DE143,Zone_5A Cool Humid,sfh,rur,1161.0
C-WEU-DEU,C-WEU-DEU-DE144,Zone_5A Cool Humid,mfh,urb,1880.5
C-WEU-DEU,C-WEU-DEU-DE144,Zone_5A Cool Humid,mfh,rur,1880.5
C-WEU-DEU,C-WEU-DEU-DE144,Zone_5A Cool Humid,sfh,urb,192.0
C-WEU-DEU,C-WEU-DEU-DE144,Zone_5A Cool Humid,sfh,rur,192.0
C-WEU-DEU,C-WEU-DEU-DE145,Zone_5A Cool Humid,mfh,urb,2794.0
C-WEU-DEU,C-WEU-DEU-DE145,Zone_5A Cool Humid,mfh,rur,2794.0
C-WEU-DEU,C-WEU-DEU-DE145,Zone_5A Cool Humid,sfh,urb,981.5
C-WEU-DEU,C-WEU-DEU-DE145,Zone_5A Cool Humid,sfh,rur,981.5
C-WEU-DEU,C-WEU-DEU-DE146,Zone_5A Cool Humid,mfh,urb,3185.5
C-WEU-DEU,C-WEU-DEU-DE146,Zone_5A Cool Humid,mfh,rur,3185.5
C-WEU-DEU,C-WEU-DEU-DE146,Zone_5A Cool Humid,sfh,urb,977.5
C-WEU-DEU,C-WEU-DEU-DE146,Zone_5A Cool Humid,sfh,rur,977.5
C-WEU-DEU,C-WEU-DEU-DE147,Zone_5A Cool Humid,mfh,urb,5049.5
C-WEU-DEU,C-WEU-DEU-DE147,Zone_5A Cool Humid,mfh,rur,5049.5
C-WEU-DEU,C-WEU-DEU-DE147,Zone_5A Cool Humid,sfh,urb,723.0
C-WEU-DEU,C-WEU-DEU-DE147,Zone_5A Cool Humid,sfh,rur,723.0
C-WEU-DEU,C-WEU-DEU-DE148,Zone_5A Cool Humid,mfh,urb,3657.5
C-WEU-DEU,C-WEU-DEU-DE148,Zone_5A Cool Humid,mfh,rur,3657.5
C-WEU-DEU,C-WEU-DEU-DE148,Zone_5A Cool Humid,sfh,urb,867.0
C-WEU-DEU,C-WEU-DEU-DE148,Zone_5A Cool Humid,sfh,rur,867.0
C-WEU-DEU,C-WEU-DEU-DE149,Zone_5A Cool Humid,mfh,urb,1802.5
C-WEU-DEU,C-WEU-DEU-DE149,Zone_5A Cool Humid,mfh,rur,1802.5
C-WEU-DEU,C-WEU-DEU-DE149,Zone_5A Cool Humid,sfh,urb,678.0
C-WEU-DEU,C-WEU-DEU-DE149,Zone_5A Cool Humid,sfh,rur,678.0
C-WEU-DEU,C-WEU-DEU-DE211,Zone_5A Cool Humid,mfh,urb,2880.5
C-WEU-DEU,C-WEU-DEU-DE211,Zone_5A Cool Humid,mfh,rur,2880.5
C-WEU-DEU,C-WEU-DEU-DE211,Zone_5A Cool Humid,sfh,urb,394.5
C-WEU-DEU,C-WEU-DEU-DE211,Zone_5A Cool Humid,sfh,rur,394.5
C-WEU-DEU,C-WEU-DEU-DE212,Zone_5A Cool Humid,mfh,urb,22411.0
C-WEU-DEU,C-WEU-DEU-DE212,Zone_5A Cool Humid,mfh,rur,22411.0
C-WEU-DEU,C-WEU-DEU-DE212,Zone_5A Cool Humid,sfh,urb,1459.5
C-WEU-DEU,C-WEU-DEU-DE212,Zone_5A Cool Humid,sfh,rur,1459.5
C-WEU-DEU,C-WEU-DEU-DE213,Zone_5A Cool Humid,mfh,urb,1118.0
C-WEU-DEU,C-WEU-DEU-DE213,Zone_5A Cool Humid,mfh,rur,1118.0
C-WEU-DEU,C-WEU-DEU-DE213,Zone_5A Cool Humid,sfh,urb,112.5
C-WEU-DEU,C-WEU-DEU-DE213,Zone_5A Cool Humid,sfh,rur,112.5
C-WEU-DEU,C-WEU-DEU-DE214,Zone_5A Cool Humid,mfh,urb,1341.0
C-WEU-DEU,C-WEU-DEU-DE214,Zone_5A Cool Humid,mfh,rur,1341.0
C-WEU-DEU,C-WEU-DEU-DE214,Zone_5A Cool Humid,sfh,urb,471.0
C-WEU-DEU,C-WEU-DEU-DE214,Zone_5A Cool Humid,sfh,rur,471.0
C-WEU-DEU,C-WEU-DEU-DE215,Zone_6A Cold Humid,mfh,urb,2440.5
C-WEU-DEU,C-WEU-DEU-DE215,Zone_6A Cold Humid,mfh,rur,2440.5
C-WEU-DEU,C-WEU-DEU-DE215,Zone_6A Cold Humid,sfh,urb,414.0
C-WEU-DEU,C-WEU-DEU-DE215,Zone_6A Cold Humid,sfh,rur,414.0
C-WEU-DEU,C-WEU-DEU-DE216,Zone_5A Cool Humid,mfh,urb,1887.0
C-WEU-DEU,C-WEU-DEU-DE216,Zone_5A Cool Humid,mfh,rur,1887.0
C-WEU-DEU,C-WEU-DEU-DE216,Zone_5A Cool Humid,sfh,urb,520.0
C-WEU-DEU,C-WEU-DEU-DE216,Zone_5A Cool Humid,sfh,rur,520.0
C-WEU-DEU,C-WEU-DEU-DE217,Zone_5A Cool Humid,mfh,urb,1444.5
C-WEU-DEU,C-WEU-DEU-DE217,Zone_5A Cool Humid,mfh,rur,1444.5
C-WEU-DEU,C-WEU-DEU-DE217,Zone_5A Cool Humid,sfh,urb,410.5
C-WEU-DEU,C-WEU-DEU-DE217,Zone_5A Cool Humid,sfh,rur,410.5
C-WEU-DEU,C-WEU-DEU-DE218,Zone_5A Cool Humid,mfh,urb,1542.5
C-WEU-DEU,C-WEU-DEU-DE218,Zone_5A Cool Humid,mfh,rur,1542.5
C-WEU-DEU,C-WEU-DEU-DE218,Zone_5A Cool Humid,sfh,urb,466.0
C-WEU-DEU,C-WEU-DEU-DE218,Zone_5A Cool Humid,sfh,rur,466.0
C-WEU-DEU,C-WEU-DEU-DE219,Zone_5A Cool Humid,mfh,urb,1963.0
C-WEU-DEU,C-WEU-DEU-DE219,Zone_5A Cool Humid,mfh,rur,1963.0
C-WEU-DEU,C-WEU-DEU-DE219,Zone_5A Cool Humid,sfh,urb,662.0
C-WEU-DEU,C-WEU-DEU-DE219,Zone_5A Cool Humid,sfh,rur,662.0
C-WEU-DEU,C-WEU-DEU-DE21A,Zone_5A Cool Humid,mfh,urb,1665.0
C-WEU-DEU,C-WEU-DEU-DE21A,Zone_5A Cool Humid,mfh,rur,1665.0
C-WEU-DEU,C-WEU-DEU-DE21A,Zone_5A Cool Humid,sfh,urb,439.5
C-WEU-DEU,C-WEU-DEU-DE21A,Zone_5A Cool Humid,sfh,rur,439.5
C-WEU-DEU,C-WEU-DEU-DE21B,Zone_5A Cool Humid,mfh,urb,2827.5
C-WEU-DEU,C-WEU-DEU-DE21B,Zone_5A Cool Humid,mfh,rur,2827.5
C-WEU-DEU,C-WEU-DEU-DE21B,Zone_5A Cool Humid,sfh,urb,482.5
C-WEU-DEU,C-WEU-DEU-DE21B,Zone_5A Cool Humid,sfh,rur,482.5
C-WEU-DEU,C-WEU-DEU-DE21C,Zone_5A Cool Humid,mfh,urb,1989.5
C-WEU-DEU,C-WEU-DEU-DE21C,Zone_5A Cool Humid,mfh,rur,1989.5
C-WEU-DEU,C-WEU-DEU-DE21C,Zone_5A Cool Humid,sfh,urb,640.0
C-WEU-DEU,C-WEU-DEU-DE21C,Zone_5A Cool Humid,sfh,rur,640.0
C-WEU-DEU,C-WEU-DEU-DE21D,Zone_5A Cool Humid,mfh,urb,3015.0
C-WEU-DEU,C-WEU-DEU-DE21D,Zone_5A Cool Humid,mfh,rur,3015.0
C-WEU-DEU,C-WEU-DEU-DE21D,Zone_5A Cool Humid,sfh,urb,487.0
C-WEU-DEU,C-WEU-DEU-DE21D,Zone_5A Cool Humid,sfh,rur,487.0
C-WEU-DEU,C-WEU-DEU-DE21E,Zone_5A Cool Humid,mfh,urb,1495.5
C-WEU-DEU,C-WEU-DEU-DE21E,Zone_5A Cool Humid,mfh,rur,1495.5
C-WEU-DEU,C-WEU-DEU-DE21E,Zone_5A Cool Humid,sfh,urb,590.0
C-WEU-DEU,C-WEU-DEU-DE21E,Zone_5A Cool Humid,sfh,rur,590.0
C-WEU-DEU,C-WEU-DEU-DE21F,Zone_5A Cool Humid,mfh,urb,2882.5
C-WEU-DEU,C-WEU-DEU-DE21F,Zone_5A Cool Humid,mfh,rur,2882.5
C-WEU-DEU,C-WEU-DEU-DE21F,Zone_5A Cool Humid,sfh,urb,739.5
C-WEU-DEU,C-WEU-DEU-DE21F,Zone_5A Cool Humid,sfh,rur,739.5
C-WEU-DEU,C-WEU-DEU-DE21G,Zone_5A Cool Humid,mfh,urb,1409.0
C-WEU-DEU,C-WEU-DEU-DE21G,Zone_5A Cool Humid,mfh,rur,1409.0
C-WEU-DEU,C-WEU-DEU-DE21G,Zone_5A Cool Humid,sfh,urb,552.0
C-WEU-DEU,C-WEU-DEU-DE21G,Zone_5A Cool Humid,sfh,rur,552.0
C-WEU-DEU,C-WEU-DEU-DE21H,Zone_5A Cool Humid,mfh,urb,4449.0
C-WEU-DEU,C-WEU-DEU-DE21H,Zone_5A Cool Humid,mfh,rur,4449.0
C-WEU-DEU,C-WEU-DEU-DE21H,Zone_5A Cool Humid,sfh,urb,963.5
C-WEU-DEU,C-WEU-DEU-DE21H,Zone_5A Cool Humid,sfh,rur,963.5
C-WEU-DEU,C-WEU-DEU-DE21I,Zone_5A Cool Humid,mfh,urb,1159.0
C-WEU-DEU,C-WEU-DEU-DE21I,Zone_5A Cool Humid,mfh,rur,1159.0
C-WEU-DEU,C-WEU-DEU-DE21I,Zone_5A Cool Humid,sfh,urb,466.0
C-WEU-DEU,C-WEU-DEU-DE21I,Zone_5A Cool Humid,sfh,rur,466.0
C-WEU-DEU,C-WEU-DEU-DE21J,Zone_5A Cool Humid,mfh,urb,1602.5
C-WEU-DEU,C-WEU-DEU-DE21J,Zone_5A Cool Humid,mfh,rur,1602.5
C-WEU-DEU,C-WEU-DEU-DE21J,Zone_5A Cool Humid,sfh,urb,550.0
C-WEU-DEU,C-WEU-DEU-DE21J,Zone_5A Cool Humid,sfh,rur,550.0
C-WEU-DEU,C-WEU-DEU-DE21K,Zone_5A Cool Humid,mfh,urb,4751.5
C-WEU-DEU,C-WEU-DEU-DE21K,Zone_5A Cool Humid,mfh,rur,4751.5
C-WEU-DEU,C-WEU-DEU-DE21K,Zone_5A Cool Humid,sfh,urb,1293.5
C-WEU-DEU,C-WEU-DEU-DE21K,Zone_5A Cool Humid,sfh,rur,1293.5
C-WEU-DEU,C-WEU-DEU-DE21L,Zone_5A Cool Humid,mfh,urb,1930.0
C-WEU-DEU,C-WEU-DEU-DE21L,Zone_5A Cool Humid,mfh,rur,1930.0
C-WEU-DEU,C-WEU-DEU-DE21L,Zone_5A Cool Humid,sfh,urb,644.0
C-WEU-DEU,C-WEU-DEU-DE21L,Zone_5A Cool Humid,sfh,rur,644.0
C-WEU-DEU,C-WEU-DEU-DE21M,Zone_6A Cold Humid,mfh,urb,4090.0
C-WEU-DEU,C-WEU-DEU-DE21M,Zone_6A Cold Humid,mfh,rur,4090.0
C-WEU-DEU,C-WEU-DEU-DE21M,Zone_6A Cold Humid,sfh,urb,1160.5
C-WEU-DEU,C-WEU-DEU-DE21M,Zone_6A Cold Humid,sfh,rur,1160.5
C-WEU-DEU,C-WEU-DEU-DE21N,Zone_5A Cool Humid,mfh,urb,2139.5
C-WEU-DEU,C-WEU-DEU-DE21N,Zone_5A Cool Humid,mfh,rur,2139.5
C-WEU-DEU,C-WEU-DEU-DE21N,Zone_5A Cool Humid,sfh,urb,631.5
C-WEU-DEU,C-WEU-DEU-DE21N,Zone_5A Cool Humid,sfh,rur,631.5
C-WEU-DEU,C-WEU-DEU-DE221,Zone_5A Cool Humid,mfh,urb,1672.0
C-WEU-DEU,C-WEU-DEU-DE221,Zone_5A Cool Humid,mfh,rur,1672.0
C-WEU-DEU,C-WEU-DEU-DE221,Zone_5A Cool Humid,sfh,urb,212.0
C-WEU-DEU,C-WEU-DEU-DE221,Zone_5A Cool Humid,sfh,rur,212.0
C-WEU-DEU,C-WEU-DEU-DE222,Zone_5A Cool Humid,mfh,urb,2354.0
C-WEU-DEU,C-WEU-DEU-DE222,Zone_5A Cool Humid,mfh,rur,2354.0
C-WEU-DEU,C-WEU-DEU-DE222,Zone_5A Cool Humid,sfh,urb,202.0
C-WEU-DEU,C-WEU-DEU-DE222,Zone_5A Cool Humid,sfh,rur,202.0
C-WEU-DEU,C-WEU-DEU-DE223,Zone_5A Cool Humid,mfh,urb,969.0
C-WEU-DEU,C-WEU-DEU-DE223,Zone_5A Cool Humid,mfh,rur,969.0
C-WEU-DEU,C-WEU-DEU-DE223,Zone_5A Cool Humid,sfh,urb,189.0
C-WEU-DEU,C-WEU-DEU-DE223,Zone_5A Cool Humid,sfh,rur,189.0
C-WEU-DEU,C-WEU-DEU-DE224,Zone_5A Cool Humid,mfh,urb,2118.0
C-WEU-DEU,C-WEU-DEU-DE224,Zone_5A Cool Humid,mfh,rur,2118.0
C-WEU-DEU,C-WEU-DEU-DE224,Zone_5A Cool Humid,sfh,urb,775.0
C-WEU-DEU,C-WEU-DEU-DE224,Zone_5A Cool Humid,sfh,rur,775.0
C-WEU-DEU,C-WEU-DEU-DE225,Zone_5A Cool Humid,mfh,urb,1962.5
C-WEU-DEU,C-WEU-DEU-DE225,Zone_5A Cool Humid,mfh,rur,1962.5
C-WEU-DEU,C-WEU-DEU-DE225,Zone_5A Cool Humid,sfh,urb,841.5
C-WEU-DEU,C-WEU-DEU-DE225,Zone_5A Cool Humid,sfh,rur,841.5
C-WEU-DEU,C-WEU-DEU-DE226,Zone_5A Cool Humid,mfh,urb,1552.0
C-WEU-DEU,C-WEU-DEU-DE226,Zone_5A Cool Humid,mfh,rur,1552.0
C-WEU-DEU,C-WEU-DEU-DE226,Zone_5A Cool Humid,sfh,urb,567.5
C-WEU-DEU,C-WEU-DEU-DE226,Zone_5A Cool Humid,sfh,rur,567.5
C-WEU-DEU,C-WEU-DEU-DE227,Zone_5A Cool Humid,mfh,urb,1550.5
C-WEU-DEU,C-WEU-DEU-DE227,Zone_5A Cool Humid,mfh,rur,1550.5
C-WEU-DEU,C-WEU-DEU-DE227,Zone_5A Cool Humid,sfh,urb,762.5
C-WEU-DEU,C-WEU-DEU-DE227,Zone_5A Cool Humid,sfh,rur,762.5
C-WEU-DEU,C-WEU-DEU-DE228,Zone_5A Cool Humid,mfh,urb,3695.5
C-WEU-DEU,C-WEU-DEU-DE228,Zone_5A Cool Humid,mfh,rur,3695.5
C-WEU-DEU,C-WEU-DEU-DE228,Zone_5A Cool Humid,sfh,urb,1275.0
C-WEU-DEU,C-WEU-DEU-DE228,Zone_5A Cool Humid,sfh,rur,1275.0
C-WEU-DEU,C-WEU-DEU-DE229,Zone_5A Cool Humid,mfh,urb,2172.5
C-WEU-DEU,C-WEU-DEU-DE229,Zone_5A Cool Humid,mfh,rur,2172.5
C-WEU-DEU,C-WEU-DEU-DE229,Zone_5A Cool Humid,sfh,urb,660.0
C-WEU-DEU,C-WEU-DEU-DE229,Zone_5A Cool Humid,sfh,rur,660.0
C-WEU-DEU,C-WEU-DEU-DE22A,Zone_5A Cool Humid,mfh,urb,1614.5
C-WEU-DEU,C-WEU-DEU-DE22A,Zone_5A Cool Humid,mfh,rur,1614.5
C-WEU-DEU,C-WEU-DEU-DE22A,Zone_5A Cool Humid,sfh,urb,937.0
C-WEU-DEU,C-WEU-DEU-DE22A,Zone_5A Cool Humid,sfh,rur,937.0
C-WEU-DEU,C-WEU-DEU-DE22B,Zone_5A Cool Humid,mfh,urb,1188.0
C-WEU-DEU,C-WEU-DEU-DE22B,Zone_5A Cool Humid,mfh,rur,1188.0
C-WEU-DEU,C-WEU-DEU-DE22B,Zone_5A Cool Humid,sfh,urb,732.5
C-WEU-DEU,C-WEU-DEU-DE22B,Zone_5A Cool Humid,sfh,rur,732.5
C-WEU-DEU,C-WEU-DEU-DE22C,Zone_5A Cool Humid,mfh,urb,891.5
C-WEU-DEU,C-WEU-DEU-DE22C,Zone_5A Cool Humid,mfh,rur,891.5
C-WEU-DEU,C-WEU-DEU-DE22C,Zone_5A Cool Humid,sfh,urb,609.5
C-WEU-DEU,C-WEU-DEU-DE22C,Zone_5A Cool Humid,sfh,rur,609.5
C-WEU-DEU,C-WEU-DEU-DE231,Zone_5A Cool Humid,mfh,urb,1153.0
C-WEU-DEU,C-WEU-DEU-DE231,Zone_5A Cool Humid,mfh,rur,1153.0
C-WEU-DEU,C-WEU-DEU-DE231,Zone_5A Cool Humid,sfh,urb,157.0
C-WEU-DEU,C-WEU-DEU-DE231,Zone_5A Cool Humid,sfh,rur,157.0
C-WEU-DEU,C-WEU-DEU-DE232,Zone_5A Cool Humid,mfh,urb,5685.5
C-WEU-DEU,C-WEU-DEU-DE232,Zone_5A Cool Humid,mfh,rur,5685.5
C-WEU-DEU,C-WEU-DEU-DE232,Zone_5A Cool Humid,sfh,urb,291.5
C-WEU-DEU,C-WEU-DEU-DE232,Zone_5A Cool Humid,sfh,rur,291.5
C-WEU-DEU,C-WEU-DEU-DE233,Zone_5A Cool Humid,mfh,urb,1158.5
C-WEU-DEU,C-WEU-DEU-DE233,Zone_5A Cool Humid,mfh,rur,1158.5
C-WEU-DEU,C-WEU-DEU-DE233,Zone_5A Cool Humid,sfh,urb,234.0
C-WEU-DEU,C-WEU-DEU-DE233,Zone_5A Cool Humid,sfh,rur,234.0
C-WEU-DEU,C-WEU-DEU-DE234,Zone_5A Cool Humid,mfh,urb,2154.0
C-WEU-DEU,C-WEU-DEU-DE234,Zone_5A Cool Humid,mfh,rur,2154.0
C-WEU-DEU,C-WEU-DEU-DE234,Zone_5A Cool Humid,sfh,urb,729.0
C-WEU-DEU,C-WEU-DEU-DE234,Zone_5A Cool Humid,sfh,rur,729.0
C-WEU-DEU,C-WEU-DEU-DE235,Zone_5A Cool Humid,mfh,urb,2759.0
C-WEU-DEU,C-WEU-DEU-DE235,Zone_5A Cool Humid,mfh,rur,2759.0
C-WEU-DEU,C-WEU-DEU-DE235,Zone_5A Cool Humid,sfh,urb,1079.0
C-WEU-DEU,C-WEU-DEU-DE235,Zone_5A Cool Humid,sfh,rur,1079.0
C-WEU-DEU,C-WEU-DEU-DE236,Zone_5A Cool Humid,mfh,urb,1390.5
C-WEU-DEU,C-WEU-DEU-DE236,Zone_5A Cool Humid,mfh,rur,1390.5
C-WEU-DEU,C-WEU-DEU-DE236,Zone_5A Cool Humid,sfh,urb,664.5
C-WEU-DEU,C-WEU-DEU-DE236,Zone_5A Cool Humid,sfh,rur,664.5
C-WEU-DEU,C-WEU-DEU-DE237,Zone_5A Cool Humid,mfh,urb,1752.5
C-WEU-DEU,C-WEU-DEU-DE237,Zone_5A Cool Humid,mfh,rur,1752.5
C-WEU-DEU,C-WEU-DEU-DE237,Zone_5A Cool Humid,sfh,urb,685.5
C-WEU-DEU,C-WEU-DEU-DE237,Zone_5A Cool Humid,sfh,rur,685.5
C-WEU-DEU,C-WEU-DEU-DE238,Zone_5A Cool Humid,mfh,urb,2766.0
C-WEU-DEU,C-WEU-DEU-DE238,Zone_5A Cool Humid,mfh,rur,2766.0
C-WEU-DEU,C-WEU-DEU-DE238,Zone_5A Cool Humid,sfh,urb,878.0
C-WEU-DEU,C-WEU-DEU-DE238,Zone_5A Cool Humid,sfh,rur,878.0
C-WEU-DEU,C-WEU-DEU-DE239,Zone_5A Cool Humid,mfh,urb,2501.0
C-WEU-DEU,C-WEU-DEU-DE239,Zone_5A Cool Humid,mfh,rur,2501.0
C-WEU-DEU,C-WEU-DEU-DE239,Zone_5A Cool Humid,sfh,urb,822.5
C-WEU-DEU,C-WEU-DEU-DE239,Zone_5A Cool Humid,sfh,rur,822.5
C-WEU-DEU,C-WEU-DEU-DE23A,Zone_5A Cool Humid,mfh,urb,1565.0
C-WEU-DEU,C-WEU-DEU-DE23A,Zone_5A Cool Humid,mfh,rur,1565.0
C-WEU-DEU,C-WEU-DEU-DE23A,Zone_5A Cool Humid,sfh,urb,465.5
C-WEU-DEU,C-WEU-DEU-DE23A,Zone_5A Cool Humid,sfh,rur,465.5
C-WEU-DEU,C-WEU-DEU-DE241,Zone_5A Cool Humid,mfh,urb,2649.5
C-WEU-DEU,C-WEU-DEU-DE241,Zone_5A Cool Humid,mfh,rur,2649.5
C-WEU-DEU,C-WEU-DEU-DE241,Zone_5A Cool Humid,sfh,urb,186.5
C-WEU-DEU,C-WEU-DEU-DE241,Zone_5A Cool Humid,sfh,rur,186.5
C-WEU-DEU,C-WEU-DEU-DE242,Zone_5A Cool Humid,mfh,urb,2104.5
C-WEU-DEU,C-WEU-DEU-DE242,Zone_5A Cool Humid,mfh,rur,2104.5
C-WEU-DEU,C-WEU-DEU-DE242,Zone_5A Cool Humid,sfh,urb,160.0
C-WEU-DEU,C-WEU-DEU-DE242,Zone_5A Cool Humid,sfh,rur,160.0
C-WEU-DEU,C-WEU-DEU-DE243,Zone_5A Cool Humid,mfh,urb,1357.0
C-WEU-DEU,C-WEU-DEU-DE243,Zone_5A Cool Humid,mfh,rur,1357.0
C-WEU-DEU,C-WEU-DEU-DE243,Zone_5A Cool Humid,sfh,urb,152.5
C-WEU-DEU,C-WEU-DEU-DE243,Zone_5A Cool Humid,sfh,rur,152.5
C-WEU-DEU,C-WEU-DEU-DE244,Zone_5A Cool Humid,mfh,urb,1870.0
C-WEU-DEU,C-WEU-DEU-DE244,Zone_5A Cool Humid,mfh,rur,1870.0
C-WEU-DEU,C-WEU-DEU-DE244,Zone_5A Cool Humid,sfh,urb,141.5
C-WEU-DEU,C-WEU-DEU-DE244,Zone_5A Cool Humid,sfh,rur,141.5
C-WEU-DEU,C-WEU-DEU-DE245,Zone_5A Cool Humid,mfh,urb,2135.0
C-WEU-DEU,C-WEU-DEU-DE245,Zone_5A Cool Humid,mfh,rur,2135.0
C-WEU-DEU,C-WEU-DEU-DE245,Zone_5A Cool Humid,sfh,urb,583.0
C-WEU-DEU,C-WEU-DEU-DE245,Zone_5A Cool Humid,sfh,rur,583.0
C-WEU-DEU,C-WEU-DEU-DE246,Zone_5A Cool Humid,mfh,urb,2249.5
C-WEU-DEU,C-WEU-DEU-DE246,Zone_5A Cool Humid,mfh,rur,2249.5
C-WEU-DEU,C-WEU-DEU-DE246,Zone_5A Cool Humid,sfh,urb,726.5
C-WEU-DEU,C-WEU-DEU-DE246,Zone_5A Cool Humid,sfh,rur,726.5
C-WEU-DEU,C-WEU-DEU-DE247,Zone_5A Cool Humid,mfh,urb,1383.0
C-WEU-DEU,C-WEU-DEU-DE247,Zone_5A Cool Humid,mfh,rur,1383.0
C-WEU-DEU,C-WEU-DEU-DE247,Zone_5A Cool Humid,sfh,urb,430.0
C-WEU-DEU,C-WEU-DEU-DE247,Zone_5A Cool Humid,sfh,rur,430.0
C-WEU-DEU,C-WEU-DEU-DE248,Zone_5A Cool Humid,mfh,urb,1766.0
C-WEU-DEU,C-WEU-DEU-DE248,Zone_5A Cool Humid,mfh,rur,1766.0
C-WEU-DEU,C-WEU-DEU-DE248,Zone_5A Cool Humid,sfh,urb,565.5
C-WEU-DEU,C-WEU-DEU-DE248,Zone_5A Cool Humid,sfh,rur,565.5
C-WEU-DEU,C-WEU-DEU-DE249,Zone_5A Cool Humid,mfh,urb,2506.0
C-WEU-DEU,C-WEU-DEU-DE249,Zone_5A Cool Humid,mfh,rur,2506.0
C-WEU-DEU,C-WEU-DEU-DE249,Zone_5A Cool Humid,sfh,urb,914.5
C-WEU-DEU,C-WEU-DEU-DE249,Zone_5A Cool Humid,sfh,rur,914.5
C-WEU-DEU,C-WEU-DEU-DE24A,Zone_5A Cool Humid,mfh,urb,1223.0
C-WEU-DEU,C-WEU-DEU-DE24A,Zone_5A Cool Humid,mfh,rur,1223.0
C-WEU-DEU,C-WEU-DEU-DE24A,Zone_5A Cool Humid,sfh,urb,586.0
C-WEU-DEU,C-WEU-DEU-DE24A,Zone_5A Cool Humid,sfh,rur,586.0
C-WEU-DEU,C-WEU-DEU-DE24B,Zone_5A Cool Humid,mfh,urb,1370.0
C-WEU-DEU,C-WEU-DEU-DE24B,Zone_5A Cool Humid,mfh,rur,1370.0
C-WEU-DEU,C-WEU-DEU-DE24B,Zone_5A Cool Humid,sfh,urb,476.5
C-WEU-DEU,C-WEU-DEU-DE24B,Zone_5A Cool Humid,sfh,rur,476.5
C-WEU-DEU,C-WEU-DEU-DE24C,Zone_5A Cool Humid,mfh,urb,1016.5
C-WEU-DEU,C-WEU-DEU-DE24C,Zone_5A Cool Humid,mfh,rur,1016.5
C-WEU-DEU,C-WEU-DEU-DE24C,Zone_5A Cool Humid,sfh,urb,373.5
C-WEU-DEU,C-WEU-DEU-DE24C,Zone_5A Cool Humid,sfh,rur,373.5
C-WEU-DEU,C-WEU-DEU-DE24D,Zone_5A Cool Humid,mfh,urb,2287.0
C-WEU-DEU,C-WEU-DEU-DE24D,Zone_5A Cool Humid,mfh,rur,2287.0
C-WEU-DEU,C-WEU-DEU-DE24D,Zone_5A Cool Humid,sfh,urb,589.0
C-WEU-DEU,C-WEU-DEU-DE24D,Zone_5A Cool Humid,sfh,rur,589.0
C-WEU-DEU,C-WEU-DEU-DE251,Zone_5A Cool Humid,mfh,urb,1099.5
C-WEU-DEU,C-WEU-DEU-DE251,Zone_5A Cool Humid,mfh,rur,1099.5
C-WEU-DEU,C-WEU-DEU-DE251,Zone_5A Cool Humid,sfh,urb,174.0
C-WEU-DEU,C-WEU-DEU-DE251,Zone_5A Cool Humid,sfh,rur,174.0
C-WEU-DEU,C-WEU-DEU-DE252,Zone_5A Cool Humid,mfh,urb,4493.0
C-WEU-DEU,C-WEU-DEU-DE252,Zone_5A Cool Humid,mfh,rur,4493.0
C-WEU-DEU,C-WEU-DEU-DE252,Zone_5A Cool Humid,sfh,urb,263.5
C-WEU-DEU,C-WEU-DEU-DE252,Zone_5A Cool Humid,sfh,rur,263.5
C-WEU-DEU,C-WEU-DEU-DE253,Zone_5A Cool Humid,mfh,urb,1737.0
C-WEU-DEU,C-WEU-DEU-DE253,Zone_5A Cool Humid,mfh,rur,1737.0
C-WEU-DEU,C-WEU-DEU-DE253,Zone_5A Cool Humid,sfh,urb,196.0
C-WEU-DEU,C-WEU-DEU-DE253,Zone_5A Cool Humid,sfh,rur,196.0
C-WEU-DEU,C-WEU-DEU-DE254,Zone_5A Cool Humid,mfh,urb,7321.0
C-WEU-DEU,C-WEU-DEU-DE254,Zone_5A Cool Humid,mfh,rur,7321.0
C-WEU-DEU,C-WEU-DEU-DE254,Zone_5A Cool Humid,sfh,urb,786.0
C-WEU-DEU,C-WEU-DEU-DE254,Zone_5A Cool Humid,sfh,rur,786.0
C-WEU-DEU,C-WEU-DEU-DE255,Zone_5A Cool Humid,mfh,urb,435.0
C-WEU-DEU,C-WEU-DEU-DE255,Zone_5A Cool Humid,mfh,rur,435.0
C-WEU-DEU,C-WEU-DEU-DE255,Zone_5A Cool Humid,sfh,urb,106.5
C-WEU-DEU,C-WEU-DEU-DE255,Zone_5A Cool Humid,sfh,rur,106.5
C-WEU-DEU,C-WEU-DEU-DE256,Zone_5A Cool Humid,mfh,urb,2932.0
C-WEU-DEU,C-WEU-DEU-DE256,Zone_5A Cool Humid,mfh,rur,2932.0
C-WEU-DEU,C-WEU-DEU-DE256,Zone_5A Cool Humid,sfh,urb,951.5
C-WEU-DEU,C-WEU-DEU-DE256,Zone_5A Cool Humid,sfh,rur,951.5
C-WEU-DEU,C-WEU-DEU-DE257,Zone_5A Cool Humid,mfh,urb,1913.0
C-WEU-DEU,C-WEU-DEU-DE257,Zone_5A Cool Humid,mfh,rur,1913.0
C-WEU-DEU,C-WEU-DEU-DE257,Zone_5A Cool Humid,sfh,urb,518.5
C-WEU-DEU,C-WEU-DEU-DE257,Zone_5A Cool Humid,sfh,rur,518.5
C-WEU-DEU,C-WEU-DEU-DE258,Zone_5A Cool Humid,mfh,urb,1502.0
C-WEU-DEU,C-WEU-DEU-DE258,Zone_5A Cool Humid,mfh,rur,1502.0
C-WEU-DEU,C-WEU-DEU-DE258,Zone_5A Cool Humid,sfh,urb,423.0
C-WEU-DEU,C-WEU-DEU-DE258,Zone_5A Cool Humid,sfh,rur,423.0
C-WEU-DEU,C-WEU-DEU-DE259,Zone_5A Cool Humid,mfh,urb,2510.0
C-WEU-DEU,C-WEU-DEU-DE259,Zone_5A Cool Humid,mfh,rur,2510.0
C-WEU-DEU,C-WEU-DEU-DE259,Zone_5A Cool Humid,sfh,urb,863.0
C-WEU-DEU,C-WEU-DEU-DE259,Zone_5A Cool Humid,sfh,rur,863.0
C-WEU-DEU,C-WEU-DEU-DE25A,Zone_5A Cool Humid,mfh,urb,1583.5
C-WEU-DEU,C-WEU-DEU-DE25A,Zone_5A Cool Humid,mfh,rur,1583.5
C-WEU-DEU,C-WEU-DEU-DE25A,Zone_5A Cool Humid,sfh,urb,601.5
C-WEU-DEU,C-WEU-DEU-DE25A,Zone_5A Cool Humid,sfh,rur,601.5
C-WEU-DEU,C-WEU-DEU-DE25B,Zone_5A Cool Humid,mfh,urb,1376.0
C-WEU-DEU,C-WEU-DEU-DE25B,Zone_5A Cool Humid,mfh,rur,1376.0
C-WEU-DEU,C-WEU-DEU-DE25B,Zone_5A Cool Humid,sfh,urb,501.0
C-WEU-DEU,C-WEU-DEU-DE25B,Zone_5A Cool Humid,sfh,rur,501.0
C-WEU-DEU,C-WEU-DEU-DE25C,Zone_5A Cool Humid,mfh,urb,1762.0
C-WEU-DEU,C-WEU-DEU-DE25C,Zone_5A Cool Humid,mfh,rur,1762.0
C-WEU-DEU,C-WEU-DEU-DE25C,Zone_5A Cool Humid,sfh,urb,574.0
C-WEU-DEU,C-WEU-DEU-DE25C,Zone_5A Cool Humid,sfh,rur,574.0
C-WEU-DEU,C-WEU-DEU-DE261,Zone_5A Cool Humid,mfh,urb,1537.0
C-WEU-DEU,C-WEU-DEU-DE261,Zone_5A Cool Humid,mfh,rur,1537.0
C-WEU-DEU,C-WEU-DEU-DE261,Zone_5A Cool Humid,sfh,urb,148.0
C-WEU-DEU,C-WEU-DEU-DE261,Zone_5A Cool Humid,sfh,rur,148.0
C-WEU-DEU,C-WEU-DEU-DE262,Zone_5A Cool Humid,mfh,urb,1127.0
C-WEU-DEU,C-WEU-DEU-DE262,Zone_5A Cool Humid,mfh,rur,1127.0
C-WEU-DEU,C-WEU-DEU-DE262,Zone_5A Cool Humid,sfh,urb,117.5
C-WEU-DEU,C-WEU-DEU-DE262,Zone_5A Cool Humid,sfh,rur,117.5
C-WEU-DEU,C-WEU-DEU-DE263,Zone_5A Cool Humid,mfh,urb,4414.5
C-WEU-DEU,C-WEU-DEU-DE263,Zone_5A Cool Humid,mfh,rur,4414.5
C-WEU-DEU,C-WEU-DEU-DE263,Zone_5A Cool Humid,sfh,urb,254.5
C-WEU-DEU,C-WEU-DEU-DE263,Zone_5A Cool Humid,sfh,rur,254.5
C-WEU-DEU,C-WEU-DEU-DE264,Zone_5A Cool Humid,mfh,urb,3004.0
C-WEU-DEU,C-WEU-DEU-DE264,Zone_5A Cool Humid,mfh,rur,3004.0
C-WEU-DEU,C-WEU-DEU-DE264,Zone_5A Cool Humid,sfh,urb,781.5
C-WEU-DEU,C-WEU-DEU-DE264,Zone_5A Cool Humid,sfh,rur,781.5
C-WEU-DEU,C-WEU-DEU-DE265,Zone_5A Cool Humid,mfh,urb,2283.5
C-WEU-DEU,C-WEU-DEU-DE265,Zone_5A Cool Humid,mfh,rur,2283.5
C-WEU-DEU,C-WEU-DEU-DE265,Zone_5A Cool Humid,sfh,urb,664.0
C-WEU-DEU,C-WEU-DEU-DE265,Zone_5A Cool Humid,sfh,rur,664.0
C-WEU-DEU,C-WEU-DEU-DE266,Zone_5A Cool Humid,mfh,urb,1466.0
C-WEU-DEU,C-WEU-DEU-DE266,Zone_5A Cool Humid,mfh,rur,1466.0
C-WEU-DEU,C-WEU-DEU-DE266,Zone_5A Cool Humid,sfh,urb,710.5
C-WEU-DEU,C-WEU-DEU-DE266,Zone_5A Cool Humid,sfh,rur,710.5
C-WEU-DEU,C-WEU-DEU-DE267,Zone_5A Cool Humid,mfh,urb,1408.5
C-WEU-DEU,C-WEU-DEU-DE267,Zone_5A Cool Humid,mfh,rur,1408.5
C-WEU-DEU,C-WEU-DEU-DE267,Zone_5A Cool Humid,sfh,urb,544.0
C-WEU-DEU,C-WEU-DEU-DE267,Zone_5A Cool Humid,sfh,rur,544.0
C-WEU-DEU,C-WEU-DEU-DE268,Zone_5A Cool Humid,mfh,urb,1906.0
C-WEU-DEU,C-WEU-DEU-DE268,Zone_5A Cool Humid,mfh,rur,1906.0
C-WEU-DEU,C-WEU-DEU-DE268,Zone_5A Cool Humid,sfh,urb,538.5
C-WEU-DEU,C-WEU-DEU-DE268,Zone_5A Cool Humid,sfh,rur,538.5
C-WEU-DEU,C-WEU-DEU-DE269,Zone_5A Cool Humid,mfh,urb,2285.5
C-WEU-DEU,C-WEU-DEU-DE269,Zone_5A Cool Humid,mfh,rur,2285.5
C-WEU-DEU,C-WEU-DEU-DE269,Zone_5A Cool Humid,sfh,urb,734.0
C-WEU-DEU,C-WEU-DEU-DE269,Zone_5A Cool Humid,sfh,rur,734.0
C-WEU-DEU,C-WEU-DEU-DE26A,Zone_5A Cool Humid,mfh,urb,2412.5
C-WEU-DEU,C-WEU-DEU-DE26A,Zone_5A Cool Humid,mfh,rur,2412.5
C-WEU-DEU,C-WEU-DEU-DE26A,Zone_5A Cool Humid,sfh,urb,824.5
C-WEU-DEU,C-WEU-DEU-DE26A,Zone_5A Cool Humid,sfh,rur,824.5
C-WEU-DEU,C-WEU-DEU-DE26B,Zone_5A Cool Humid,mfh,urb,1812.5
C-WEU-DEU,C-WEU-DEU-DE26B,Zone_5A Cool Humid,mfh,rur,1812.5
C-WEU-DEU,C-WEU-DEU-DE26B,Zone_5A Cool Humid,sfh,urb,509.0
C-WEU-DEU,C-WEU-DEU-DE26B,Zone_5A Cool Humid,sfh,rur,509.0
C-WEU-DEU,C-WEU-DEU-DE26C,Zone_5A Cool Humid,mfh,urb,2908.5
C-WEU-DEU,C-WEU-DEU-DE26C,Zone_5A Cool Humid,mfh,rur,2908.5
C-WEU-DEU,C-WEU-DEU-DE26C,Zone_5A Cool Humid,sfh,urb,740.0
C-WEU-DEU,C-WEU-DEU-DE26C,Zone_5A Cool Humid,sfh,rur,740.0
C-WEU-DEU,C-WEU-DEU-DE271,Zone_5A Cool Humid,mfh,urb,5914.0
C-WEU-DEU,C-WEU-DEU-DE271,Zone_5A Cool Humid,mfh,rur,5914.0
C-WEU-DEU,C-WEU-DEU-DE271,Zone_5A Cool Humid,sfh,urb,379.5
C-WEU-DEU,C-WEU-DEU-DE271,Zone_5A Cool Humid,sfh,rur,379.5
C-WEU-DEU,C-WEU-DEU-DE272,Zone_5A Cool Humid,mfh,urb,703.5
C-WEU-DEU,C-WEU-DEU-DE272,Zone_5A Cool Humid,mfh,rur,703.5
C-WEU-DEU,C-WEU-DEU-DE272,Zone_5A Cool Humid,sfh,urb,135.5
C-WEU-DEU,C-WEU-DEU-DE272,Zone_5A Cool Humid,sfh,rur,135.5
C-WEU-DEU,C-WEU-DEU-DE273,Zone_5A Cool Humid,mfh,urb,1203.0
C-WEU-DEU,C-WEU-DEU-DE273,Zone_5A Cool Humid,mfh,rur,1203.0
C-WEU-DEU,C-WEU-DEU-DE273,Zone_5A Cool Humid,sfh,urb,120.5
C-WEU-DEU,C-WEU-DEU-DE273,Zone_5A Cool Humid,sfh,rur,120.5
C-WEU-DEU,C-WEU-DEU-DE274,Zone_5A Cool Humid,mfh,urb,689.5
C-WEU-DEU,C-WEU-DEU-DE274,Zone_5A Cool Humid,mfh,rur,689.5
C-WEU-DEU,C-WEU-DEU-DE274,Zone_5A Cool Humid,sfh,urb,129.0
C-WEU-DEU,C-WEU-DEU-DE274,Zone_5A Cool Humid,sfh,rur,129.0
C-WEU-DEU,C-WEU-DEU-DE275,Zone_5A Cool Humid,mfh,urb,1611.0
C-WEU-DEU,C-WEU-DEU-DE275,Zone_5A Cool Humid,mfh,rur,1611.0
C-WEU-DEU,C-WEU-DEU-DE275,Zone_5A Cool Humid,sfh,urb,555.0
C-WEU-DEU,C-WEU-DEU-DE275,Zone_5A Cool Humid,sfh,rur,555.0
C-WEU-DEU,C-WEU-DEU-DE276,Zone_5A Cool Humid,mfh,urb,2789.5
C-WEU-DEU,C-WEU-DEU-DE276,Zone_5A Cool Humid,mfh,rur,2789.5
C-WEU-DEU,C-WEU-DEU-DE276,Zone_5A Cool Humid,sfh,urb,938.5
C-WEU-DEU,C-WEU-DEU-DE276,Zone_5A Cool Humid,sfh,rur,938.5
C-WEU-DEU,C-WEU-DEU-DE277,Zone_5A Cool Humid,mfh,urb,1088.0
C-WEU-DEU,C-WEU-DEU-DE277,Zone_5A Cool Humid,mfh,rur,1088.0
C-WEU-DEU,C-WEU-DEU-DE277,Zone_5A Cool Humid,sfh,urb,535.5
C-WEU-DEU,C-WEU-DEU-DE277,Zone_5A Cool Humid,sfh,rur,535.5
C-WEU-DEU,C-WEU-DEU-DE278,Zone_5A Cool Humid,mfh,urb,1477.5
C-WEU-DEU,C-WEU-DEU-DE278,Zone_5A Cool Humid,mfh,rur,1477.5
C-WEU-DEU,C-WEU-DEU-DE278,Zone_5A Cool Humid,sfh,urb,679.0
C-WEU-DEU,C-WEU-DEU-DE278,Zone_5A Cool Humid,sfh,rur,679.0
C-WEU-DEU,C-WEU-DEU-DE279,Zone_5A Cool Humid,mfh,urb,1913.5
C-WEU-DEU,C-WEU-DEU-DE279,Zone_5A Cool Humid,mfh,rur,1913.5
C-WEU-DEU,C-WEU-DEU-DE279,Zone_5A Cool Humid,sfh,urb,487.0
C-WEU-DEU,C-WEU-DEU-DE279,Zone_5A Cool Humid,sfh,rur,487.0
C-WEU-DEU,C-WEU-DEU-DE27A,Zone_5A Cool Humid,mfh,urb,2484.0
C-WEU-DEU,C-WEU-DEU-DE27A,Zone_5A Cool Humid,mfh,rur,2484.0
C-WEU-DEU,C-WEU-DEU-DE27A,Zone_5A Cool Humid,sfh,urb,373.5
C-WEU-DEU,C-WEU-DEU-DE27A,Zone_5A Cool Humid,sfh,rur,373.5
C-WEU-DEU,C-WEU-DEU-DE27B,Zone_5A Cool Humid,mfh,urb,3014.5
C-WEU-DEU,C-WEU-DEU-DE27B,Zone_5A Cool Humid,mfh,rur,3014.5
C-WEU-DEU,C-WEU-DEU-DE27B,Zone_5A Cool Humid,sfh,urb,884.0
C-WEU-DEU,C-WEU-DEU-DE27B,Zone_5A Cool Humid,sfh,rur,884.0
C-WEU-DEU,C-WEU-DEU-DE27C,Zone_5A Cool Humid,mfh,urb,2194.0
C-WEU-DEU,C-WEU-DEU-DE27C,Zone_5A Cool Humid,mfh,rur,2194.0
C-WEU-DEU,C-WEU-DEU-DE27C,Zone_5A Cool Humid,sfh,urb,993.0
C-WEU-DEU,C-WEU-DEU-DE27C,Zone_5A Cool Humid,sfh,rur,993.0
C-WEU-DEU,C-WEU-DEU-DE27D,Zone_5A Cool Humid,mfh,urb,1830.5
C-WEU-DEU,C-WEU-DEU-DE27D,Zone_5A Cool Humid,mfh,rur,1830.5
C-WEU-DEU,C-WEU-DEU-DE27D,Zone_5A Cool Humid,sfh,urb,754.0
C-WEU-DEU,C-WEU-DEU-DE27D,Zone_5A Cool Humid,sfh,rur,754.0
C-WEU-DEU,C-WEU-DEU-DE27E,Zone_5A Cool Humid,mfh,urb,6207.5
C-WEU-DEU,C-WEU-DEU-DE27E,Zone_5A Cool Humid,mfh,rur,6207.5
C-WEU-DEU,C-WEU-DEU-DE27E,Zone_5A Cool Humid,sfh,urb,739.0
C-WEU-DEU,C-WEU-DEU-DE27E,Zone_5A Cool Humid,sfh,rur,739.0
C-WEU-DEU,C-WEU-DEU-DE300,Zone_5A Cool Humid,mfh,urb,36446.5
C-WEU-DEU,C-WEU-DEU-DE300,Zone_5A Cool Humid,mfh,rur,36446.5
C-WEU-DEU,C-WEU-DEU-DE300,Zone_5A Cool Humid,sfh,urb,2545.5
C-WEU-DEU,C-WEU-DEU-DE300,Zone_5A Cool Humid,sfh,rur,2545.5
C-WEU-DEU,C-WEU-DEU-DE401,Zone_5A Cool Humid,mfh,urb,2313.5
C-WEU-DEU,C-WEU-DEU-DE401,Zone_5A Cool Humid,mfh,rur,2313.5
C-WEU-DEU,C-WEU-DEU-DE401,Zone_5A Cool Humid,sfh,urb,234.5
C-WEU-DEU,C-WEU-DEU-DE401,Zone_5A Cool Humid,sfh,rur,234.5
C-WEU-DEU,C-WEU-DEU-DE402,Zone_5A Cool Humid,mfh,urb,2427.5
C-WEU-DEU,C-WEU-DEU-DE402,Zone_5A Cool Humid,mfh,rur,2427.5
C-WEU-DEU,C-WEU-DEU-DE402,Zone_5A Cool Humid,sfh,urb,154.5
C-WEU-DEU,C-WEU-DEU-DE402,Zone_5A Cool Humid,sfh,rur,154.5
C-WEU-DEU,C-WEU-DEU-DE403,Zone_5A Cool Humid,mfh,urb,1446.0
C-WEU-DEU,C-WEU-DEU-DE403,Zone_5A Cool Humid,mfh,rur,1446.0
C-WEU-DEU,C-WEU-DEU-DE403,Zone_5A Cool Humid,sfh,urb,75.0
C-WEU-DEU,C-WEU-DEU-DE403,Zone_5A Cool Humid,sfh,rur,75.0
C-WEU-DEU,C-WEU-DEU-DE404,Zone_5A Cool Humid,mfh,urb,2724.0
C-WEU-DEU,C-WEU-DEU-DE404,Zone_5A Cool Humid,mfh,rur,2724.0
C-WEU-DEU,C-WEU-DEU-DE404,Zone_5A Cool Humid,sfh,urb,251.5
C-WEU-DEU,C-WEU-DEU-DE404,Zone_5A Cool Humid,sfh,rur,251.5
C-WEU-DEU,C-WEU-DEU-DE405,Zone_5A Cool Humid,mfh,urb,2091.5
C-WEU-DEU,C-WEU-DEU-DE405,Zone_5A Cool Humid,mfh,rur,2091.5
C-WEU-DEU,C-WEU-DEU-DE405,Zone_5A Cool Humid,sfh,urb,1127.0
C-WEU-DEU,C-WEU-DEU-DE405,Zone_5A Cool Humid,sfh,rur,1127.0
C-WEU-DEU,C-WEU-DEU-DE406,Zone_5A Cool Humid,mfh,urb,2154.0
C-WEU-DEU,C-WEU-DEU-DE406,Zone_5A Cool Humid,mfh,rur,2154.0
C-WEU-DEU,C-WEU-DEU-DE406,Zone_5A Cool Humid,sfh,urb,1737.0
C-WEU-DEU,C-WEU-DEU-DE406,Zone_5A Cool Humid,sfh,rur,1737.0
C-WEU-DEU,C-WEU-DEU-DE407,Zone_5A Cool Humid,mfh,urb,2609.0
C-WEU-DEU,C-WEU-DEU-DE407,Zone_5A Cool Humid,mfh,rur,2609.0
C-WEU-DEU,C-WEU-DEU-DE407,Zone_5A Cool Humid,sfh,urb,770.5
C-WEU-DEU,C-WEU-DEU-DE407,Zone_5A Cool Humid,sfh,rur,770.5
C-WEU-DEU,C-WEU-DEU-DE408,Zone_5A Cool Humid,mfh,urb,1762.0
C-WEU-DEU,C-WEU-DEU-DE408,Zone_5A Cool Humid,mfh,rur,1762.0
C-WEU-DEU,C-WEU-DEU-DE408,Zone_5A Cool Humid,sfh,urb,845.5
C-WEU-DEU,C-WEU-DEU-DE408,Zone_5A Cool Humid,sfh,rur,845.5
C-WEU-DEU,C-WEU-DEU-DE409,Zone_5A Cool Humid,mfh,urb,2586.5
C-WEU-DEU,C-WEU-DEU-DE409,Zone_5A Cool Humid,mfh,rur,2586.5
C-WEU-DEU,C-WEU-DEU-DE409,Zone_5A Cool Humid,sfh,urb,1370.5
C-WEU-DEU,C-WEU-DEU-DE409,Zone_5A Cool Humid,sfh,rur,1370.5
C-WEU-DEU,C-WEU-DEU-DE40A,Zone_5A Cool Humid,mfh,urb,2406.5
C-WEU-DEU,C-WEU-DEU-DE40A,Zone_5A Cool Humid,mfh,rur,2406.5
C-WEU-DEU,C-WEU-DEU-DE40A,Zone_5A Cool Humid,sfh,urb,1240.0
C-WEU-DEU,C-WEU-DEU-DE40A,Zone_5A Cool Humid,sfh,rur,1240.0
C-WEU-DEU,C-WEU-DEU-DE40B,Zone_5A Cool Humid,mfh,urb,3283.5
C-WEU-DEU,C-WEU-DEU-DE40B,Zone_5A Cool Humid,mfh,rur,3283.5
C-WEU-DEU,C-WEU-DEU-DE40B,Zone_5A Cool Humid,sfh,urb,497.0
C-WEU-DEU,C-WEU-DEU-DE40B,Zone_5A Cool Humid,sfh,rur,497.0
C-WEU-DEU,C-WEU-DEU-DE40C,Zone_5A Cool Humid,mfh,urb,3076.0
C-WEU-DEU,C-WEU-DEU-DE40C,Zone_5A Cool Humid,mfh,rur,3076.0
C-WEU-DEU,C-WEU-DEU-DE40C,Zone_5A Cool Humid,sfh,urb,1307.5
C-WEU-DEU,C-WEU-DEU-DE40C,Zone_5A Cool Humid,sfh,rur,1307.5
C-WEU-DEU,C-WEU-DEU-DE40D,Zone_5A Cool Humid,mfh,urb,1878.5
C-WEU-DEU,C-WEU-DEU-DE40D,Zone_5A Cool Humid,mfh,rur,1878.5
C-WEU-DEU,C-WEU-DEU-DE40D,Zone_5A Cool Humid,sfh,urb,920.5
C-WEU-DEU,C-WEU-DEU-DE40D,Zone_5A Cool Humid,sfh,rur,920.5
C-WEU-DEU,C-WEU-DEU-DE40E,Zone_5A Cool Humid,mfh,urb,1770.0
C-WEU-DEU,C-WEU-DEU-DE40E,Zone_5A Cool Humid,mfh,rur,1770.0
C-WEU-DEU,C-WEU-DEU-DE40E,Zone_5A Cool Humid,sfh,urb,1418.5
C-WEU-DEU,C-WEU-DEU-DE40E,Zone_5A Cool Humid,sfh,rur,1418.5
C-WEU-DEU,C-WEU-DEU-DE40F,Zone_5A Cool Humid,mfh,urb,2148.5
C-WEU-DEU,C-WEU-DEU-DE40F,Zone_5A Cool Humid,mfh,rur,2148.5
C-WEU-DEU,C-WEU-DEU-DE40F,Zone_5A Cool Humid,sfh,urb,766.0
C-WEU-DEU,C-WEU-DEU-DE40F,Zone_5A Cool Humid,sfh,rur,766.0
C-WEU-DEU,C-WEU-DEU-DE40G,Zone_5A Cool Humid,mfh,urb,3494.0
C-WEU-DEU,C-WEU-DEU-DE40G,Zone_5A Cool Humid,mfh,rur,3494.0
C-WEU-DEU,C-WEU-DEU-DE40G,Zone_5A Cool Humid,sfh,urb,665.5
C-WEU-DEU,C-WEU-DEU-DE40G,Zone_5A Cool Humid,sfh,rur,665.5
C-WEU-DEU,C-WEU-DEU-DE40H,Zone_5A Cool Humid,mfh,urb,2443.5
C-WEU-DEU,C-WEU-DEU-DE40H,Zone_5A Cool Humid,mfh,rur,2443.5
C-WEU-DEU,C-WEU-DEU-DE40H,Zone_5A Cool Humid,sfh,urb,840.5
C-WEU-DEU,C-WEU-DEU-DE40H,Zone_5A Cool Humid,sfh,rur,840.5
C-WEU-DEU,C-WEU-DEU-DE40I,Zone_5A Cool Humid,mfh,urb,2571.5
C-WEU-DEU,C-WEU-DEU-DE40I,Zone_5A Cool Humid,mfh,rur,2571.5
C-WEU-DEU,C-WEU-DEU-DE40I,Zone_5A Cool Humid,sfh,urb,1263.5
C-WEU-DEU,C-WEU-DEU-DE40I,Zone_5A Cool Humid,sfh,rur,1263.5
C-WEU-DEU,C-WEU-DEU-DE501,Zone_5A Cool Humid,mfh,urb,5336.5
C-WEU-DEU,C-WEU-DEU-DE501,Zone_5A Cool Humid,mfh,rur,5336.5
C-WEU-DEU,C-WEU-DEU-DE501,Zone_5A Cool Humid,sfh,urb,1326.5
C-WEU-DEU,C-WEU-DEU-DE501,Zone_5A Cool Humid,sfh,rur,1326.5
C-WEU-DEU,C-WEU-DEU-DE502,Zone_5A Cool Humid,mfh,urb,2081.0
C-WEU-DEU,C-WEU-DEU-DE502,Zone_5A Cool Humid,mfh,rur,2081.0
C-WEU-DEU,C-WEU-DEU-DE502,Zone_5A Cool Humid,sfh,urb,251.0
C-WEU-DEU,C-WEU-DEU-DE502,Zone_5A Cool Humid,sfh,rur,251.0
C-WEU-DEU,C-WEU-DEU-DE600,Zone_5A Cool Humid,mfh,urb,15797.5
C-WEU-DEU,C-WEU-DEU-DE600,Zone_5A Cool Humid,mfh,rur,15797.5
C-WEU-DEU,C-WEU-DEU-DE600,Zone_5A Cool Humid,sfh,urb,2976.0
C-WEU-DEU,C-WEU-DEU-DE600,Zone_5A Cool Humid,sfh,rur,2976.0
C-WEU-DEU,C-WEU-DEU-DE711,Zone_5A Cool Humid,mfh,urb,2114.5
C-WEU-DEU,C-WEU-DEU-DE711,Zone_5A Cool Humid,mfh,rur,2114.5
C-WEU-DEU,C-WEU-DEU-DE711,Zone_5A Cool Humid,sfh,urb,155.5
C-WEU-DEU,C-WEU-DEU-DE711,Zone_5A Cool Humid,sfh,rur,155.5
C-WEU-DEU,C-WEU-DEU-DE712,Zone_5A Cool Humid,mfh,urb,10370.0
C-WEU-DEU,C-WEU-DEU-DE712,Zone_5A Cool Humid,mfh,rur,10370.0
C-WEU-DEU,C-WEU-DEU-DE712,Zone_5A Cool Humid,sfh,urb,405.0
C-WEU-DEU,C-WEU-DEU-DE712,Zone_5A Cool Humid,sfh,rur,405.0
C-WEU-DEU,C-WEU-DEU-DE713,Zone_5A Cool Humid,mfh,urb,1816.0
C-WEU-DEU,C-WEU-DEU-DE713,Zone_5A Cool Humid,mfh,rur,1816.0
C-WEU-DEU,C-WEU-DEU-DE713,Zone_5A Cool Humid,sfh,urb,96.5
C-WEU-DEU,C-WEU-DEU-DE713,Zone_5A Cool Humid,sfh,rur,96.5
C-WEU-DEU,C-WEU-DEU-DE714,Zone_5A Cool Humid,mfh,urb,3610.5
C-WEU-DEU,C-WEU-DEU-DE714,Zone_5A Cool Humid,mfh,rur,3610.5
C-WEU-DEU,C-WEU-DEU-DE714,Zone_5A Cool Humid,sfh,urb,345.0
C-WEU-DEU,C-WEU-DEU-DE714,Zone_5A Cool Humid,sfh,rur,345.0
C-WEU-DEU,C-WEU-DEU-DE715,Zone_5A Cool Humid,mfh,urb,2994.5
C-WEU-DEU,C-WEU-DEU-DE715,Zone_5A Cool Humid,mfh,rur,2994.5
C-WEU-DEU,C-WEU-DEU-DE715,Zone_5A Cool Humid,sfh,urb,780.5
C-WEU-DEU,C-WEU-DEU-DE715,Zone_5A Cool Humid,sfh,rur,780.5
C-WEU-DEU,C-WEU-DEU-DE716,Zone_5A Cool Humid,mfh,urb,2993.5
C-WEU-DEU,C-WEU-DEU-DE716,Zone_5A Cool Humid,mfh,rur,2993.5
C-WEU-DEU,C-WEU-DEU-DE716,Zone_5A Cool Humid,sfh,urb,681.0
C-WEU-DEU,C-WEU-DEU-DE716,Zone_5A Cool Humid,sfh,rur,681.0
C-WEU-DEU,C-WEU-DEU-DE717,Zone_4A Mixed Humid,mfh,urb,3307.0
C-WEU-DEU,C-WEU-DEU-DE717,Zone_4A Mixed Humid,mfh,rur,3307.0
C-WEU-DEU,C-WEU-DEU-DE717,Zone_4A Mixed Humid,sfh,urb,554.0
C-WEU-DEU,C-WEU-DEU-DE717,Zone_4A Mixed Humid,sfh,rur,554.0
C-WEU-DEU,C-WEU-DEU-DE718,Zone_5A Cool Humid,mfh,urb,2770.5
C-WEU-DEU,C-WEU-DEU-DE718,Zone_5A Cool Humid,mfh,rur,2770.5
C-WEU-DEU,C-WEU-DEU-DE718,Zone_5A Cool Humid,sfh,urb,596.0
C-WEU-DEU,C-WEU-DEU-DE718,Zone_5A Cool Humid,sfh,rur,596.0
C-WEU-DEU,C-WEU-DEU-DE719,Zone_5A Cool Humid,mfh,urb,5794.5
C-WEU-DEU,C-WEU-DEU-DE719,Zone_5A Cool Humid,mfh,rur,5794.5
C-WEU-DEU,C-WEU-DEU-DE719,Zone_5A Cool Humid,sfh,urb,1191.5
C-WEU-DEU,C-WEU-DEU-DE719,Zone_5A Cool Humid,sfh,rur,1191.5
C-WEU-DEU,C-WEU-DEU-DE71A,Zone_5A Cool Humid,mfh,urb,2927.5
C-WEU-DEU,C-WEU-DEU-DE71A,Zone_5A Cool Humid,mfh,rur,2927.5
C-WEU-DEU,C-WEU-DEU-DE71A,Zone_5A Cool Humid,sfh,urb,620.5
C-WEU-DEU,C-WEU-DEU-DE71A,Zone_5A Cool Humid,sfh,rur,620.5
C-WEU-DEU,C-WEU-DEU-DE71B,Zone_5A Cool Humid,mfh,urb,1360.5
C-WEU-DEU,C-WEU-DEU-DE71B,Zone_5A Cool Humid,mfh,rur,1360.5
C-WEU-DEU,C-WEU-DEU-DE71B,Zone_5A Cool Humid,sfh,urb,533.0
C-WEU-DEU,C-WEU-DEU-DE71B,Zone_5A Cool Humid,sfh,rur,533.0
C-WEU-DEU,C-WEU-DEU-DE71C,Zone_5A Cool Humid,mfh,urb,4194.5
C-WEU-DEU,C-WEU-DEU-DE71C,Zone_5A Cool Humid,mfh,rur,4194.5
C-WEU-DEU,C-WEU-DEU-DE71C,Zone_5A Cool Humid,sfh,urb,569.0
C-WEU-DEU,C-WEU-DEU-DE71C,Zone_5A Cool Humid,sfh,rur,569.0
C-WEU-DEU,C-WEU-DEU-DE71D,Zone_5A Cool Humid,mfh,urb,2733.0
C-WEU-DEU,C-WEU-DEU-DE71D,Zone_5A Cool Humid,mfh,rur,2733.0
C-WEU-DEU,C-WEU-DEU-DE71D,Zone_5A Cool Humid,sfh,urb,501.5
C-WEU-DEU,C-WEU-DEU-DE71D,Zone_5A Cool Humid,sfh,rur,501.5
C-WEU-DEU,C-WEU-DEU-DE71E,Zone_5A Cool Humid,mfh,urb,3478.0
C-WEU-DEU,C-WEU-DEU-DE71E,Zone_5A Cool Humid,mfh,rur,3478.0
C-WEU-DEU,C-WEU-DEU-DE71E,Zone_5A Cool Humid,sfh,urb,891.0
C-WEU-DEU,C-WEU-DEU-DE71E,Zone_5A Cool Humid,sfh,rur,891.0
C-WEU-DEU,C-WEU-DEU-DE721,Zone_5A Cool Humid,mfh,urb,3908.0
C-WEU-DEU,C-WEU-DEU-DE721,Zone_5A Cool Humid,mfh,rur,3908.0
C-WEU-DEU,C-WEU-DEU-DE721,Zone_5A Cool Humid,sfh,urb,777.0
C-WEU-DEU,C-WEU-DEU-DE721,Zone_5A Cool Humid,sfh,rur,777.0
C-WEU-DEU,C-WEU-DEU-DE722,Zone_5A Cool Humid,mfh,urb,3000.0
C-WEU-DEU,C-WEU-DEU-DE722,Zone_5A Cool Humid,mfh,rur,3000.0
C-WEU-DEU,C-WEU-DEU-DE722,Zone_5A Cool Humid,sfh,urb,1007.0
C-WEU-DEU,C-WEU-DEU-DE722,Zone_5A Cool Humid,sfh,rur,1007.0
C-WEU-DEU,C-WEU-DEU-DE723,Zone_5A Cool Humid,mfh,urb,1969.0
C-WEU-DEU,C-WEU-DEU-DE723,Zone_5A Cool Humid,mfh,rur,1969.0
C-WEU-DEU,C-WEU-DEU-DE723,Zone_5A Cool Humid,sfh,urb,723.0
C-WEU-DEU,C-WEU-DEU-DE723,Zone_5A Cool Humid,sfh,rur,723.0
C-WEU-DEU,C-WEU-DEU-DE724,Zone_5A Cool Humid,mfh,urb,2954.5
C-WEU-DEU,C-WEU-DEU-DE724,Zone_5A Cool Humid,mfh,rur,2954.5
C-WEU-DEU,C-WEU-DEU-DE724,Zone_5A Cool Humid,sfh,urb,681.5
C-WEU-DEU,C-WEU-DEU-DE724,Zone_5A Cool Humid,sfh,rur,681.5
C-WEU-DEU,C-WEU-DEU-DE725,Zone_5A Cool Humid,mfh,urb,1575.5
C-WEU-DEU,C-WEU-DEU-DE725,Zone_5A Cool Humid,mfh,rur,1575.5
C-WEU-DEU,C-WEU-DEU-DE725,Zone_5A Cool Humid,sfh,urb,949.5
C-WEU-DEU,C-WEU-DEU-DE725,Zone_5A Cool Humid,sfh,rur,949.5
C-WEU-DEU,C-WEU-DEU-DE731,Zone_5A Cool Humid,mfh,urb,3610.5
C-WEU-DEU,C-WEU-DEU-DE731,Zone_5A Cool Humid,mfh,rur,3610.5
C-WEU-DEU,C-WEU-DEU-DE731,Zone_5A Cool Humid,sfh,urb,283.0
C-WEU-DEU,C-WEU-DEU-DE731,Zone_5A Cool Humid,sfh,rur,283.0
C-WEU-DEU,C-WEU-DEU-DE732,Zone_5A Cool Humid,mfh,urb,4225.0
C-WEU-DEU,C-WEU-DEU-DE732,Zone_5A Cool Humid,mfh,rur,4225.0
C-WEU-DEU,C-WEU-DEU-DE732,Zone_5A Cool Humid,sfh,urb,679.5
C-WEU-DEU,C-WEU-DEU-DE732,Zone_5A Cool Humid,sfh,rur,679.5
C-WEU-DEU,C-WEU-DEU-DE733,Zone_5A Cool Humid,mfh,urb,1948.0
C-WEU-DEU,C-WEU-DEU-DE733,Zone_5A Cool Humid,mfh,rur,1948.0
C-WEU-DEU,C-WEU-DEU-DE733,Zone_5A Cool Humid,sfh,urb,701.0
C-WEU-DEU,C-WEU-DEU-DE733,Zone_5A Cool Humid,sfh,rur,701.0
C-WEU-DEU,C-WEU-DEU-DE734,Zone_5A Cool Humid,mfh,urb,3559.5
C-WEU-DEU,C-WEU-DEU-DE734,Zone_5A Cool Humid,mfh,rur,3559.5
C-WEU-DEU,C-WEU-DEU-DE734,Zone_5A Cool Humid,sfh,urb,932.5
C-WEU-DEU,C-WEU-DEU-DE734,Zone_5A Cool Humid,sfh,rur,932.5
C-WEU-DEU,C-WEU-DEU-DE735,Zone_5A Cool Humid,mfh,urb,2799.0
C-WEU-DEU,C-WEU-DEU-DE735,Zone_5A Cool Humid,mfh,rur,2799.0
C-WEU-DEU,C-WEU-DEU-DE735,Zone_5A Cool Humid,sfh,urb,778.0
C-WEU-DEU,C-WEU-DEU-DE735,Zone_5A Cool Humid,sfh,rur,778.0
C-WEU-DEU,C-WEU-DEU-DE736,Zone_5A Cool Humid,mfh,urb,2951.0
C-WEU-DEU,C-WEU-DEU-DE736,Zone_5A Cool Humid,mfh,rur,2951.0
C-WEU-DEU,C-WEU-DEU-DE736,Zone_5A Cool Humid,sfh,urb,1148.5
C-WEU-DEU,C-WEU-DEU-DE736,Zone_5A Cool Humid,sfh,rur,1148.5
C-WEU-DEU,C-WEU-DEU-DE737,Zone_5A Cool Humid,mfh,urb,1778.5
C-WEU-DEU,C-WEU-DEU-DE737,Zone_5A Cool Humid,mfh,rur,1778.5
C-WEU-DEU,C-WEU-DEU-DE737,Zone_5A Cool Humid,sfh,urb,604.0
C-WEU-DEU,C-WEU-DEU-DE737,Zone_5A Cool Humid,sfh,rur,604.0
C-WEU-DEU,C-WEU-DEU-DE803,Zone_5A Cool Humid,mfh,urb,3248.0
C-WEU-DEU,C-WEU-DEU-DE803,Zone_5A Cool Humid,mfh,rur,3248.0
C-WEU-DEU,C-WEU-DEU-DE803,Zone_5A Cool Humid,sfh,urb,269.0
C-WEU-DEU,C-WEU-DEU-DE803,Zone_5A Cool Humid,sfh,rur,269.0
C-WEU-DEU,C-WEU-DEU-DE804,Zone_5A Cool Humid,mfh,urb,2650.0
C-WEU-DEU,C-WEU-DEU-DE804,Zone_5A Cool Humid,mfh,rur,2650.0
C-WEU-DEU,C-WEU-DEU-DE804,Zone_5A Cool Humid,sfh,urb,128.0
C-WEU-DEU,C-WEU-DEU-DE804,Zone_5A Cool Humid,sfh,rur,128.0
C-WEU-DEU,C-WEU-DEU-DE80J,Zone_5A Cool Humid,mfh,urb,7131.5
C-WEU-DEU,C-WEU-DEU-DE80J,Zone_5A Cool Humid,mfh,rur,7131.5
C-WEU-DEU,C-WEU-DEU-DE80J,Zone_5A Cool Humid,sfh,urb,2236.5
C-WEU-DEU,C-WEU-DEU-DE80J,Zone_5A Cool Humid,sfh,rur,2236.5
C-WEU-DEU,C-WEU-DEU-DE80K,Zone_5A Cool Humid,mfh,urb,5111.5
C-WEU-DEU,C-WEU-DEU-DE80K,Zone_5A Cool Humid,mfh,rur,5111.5
C-WEU-DEU,C-WEU-DEU-DE80K,Zone_5A Cool Humid,sfh,urb,1494.0
C-WEU-DEU,C-WEU-DEU-DE80K,Zone_5A Cool Humid,sfh,rur,1494.0
C-WEU-DEU,C-WEU-DEU-DE80L,Zone_5A Cool Humid,mfh,urb,8034.0
C-WEU-DEU,C-WEU-DEU-DE80L,Zone_5A Cool Humid,mfh,rur,8034.0
C-WEU-DEU,C-WEU-DEU-DE80L,Zone_5A Cool Humid,sfh,urb,3036.5
C-WEU-DEU,C-WEU-DEU-DE80L,Zone_5A Cool Humid,sfh,rur,3036.5
C-WEU-DEU,C-WEU-DEU-DE80M,Zone_5A Cool Humid,mfh,urb,3255.0
C-WEU-DEU,C-WEU-DEU-DE80M,Zone_5A Cool Humid,mfh,rur,3255.0
C-WEU-DEU,C-WEU-DEU-DE80M,Zone_5A Cool Humid,sfh,urb,1269.0
C-WEU-DEU,C-WEU-DEU-DE80M,Zone_5A Cool Humid,sfh,rur,1269.0
C-WEU-DEU,C-WEU-DEU-DE80N,Zone_5A Cool Humid,mfh,urb,8260.0
C-WEU-DEU,C-WEU-DEU-DE80N,Zone_5A Cool Humid,mfh,rur,8260.0
C-WEU-DEU,C-WEU-DEU-DE80N,Zone_5A Cool Humid,sfh,urb,2303.5
C-WEU-DEU,C-WEU-DEU-DE80N,Zone_5A Cool Humid,sfh,rur,2303.5
C-WEU-DEU,C-WEU-DEU-DE80O,Zone_5A Cool Humid,mfh,urb,3790.0
C-WEU-DEU,C-WEU-DEU-DE80O,Zone_5A Cool Humid,mfh,rur,3790.0
C-WEU-DEU,C-WEU-DEU-DE80O,Zone_5A Cool Humid,sfh,urb,1485.0
C-WEU-DEU,C-WEU-DEU-DE80O,Zone_5A Cool Humid,sfh,rur,1485.0
C-WEU-DEU,C-WEU-DEU-DE911,Zone_5A Cool Humid,mfh,urb,4222.5
C-WEU-DEU,C-WEU-DEU-DE911,Zone_5A Cool Humid,mfh,rur,4222.5
C-WEU-DEU,C-WEU-DEU-DE911,Zone_5A Cool Humid,sfh,urb,455.5
C-WEU-DEU,C-WEU-DEU-DE911,Zone_5A Cool Humid,sfh,rur,455.5
C-WEU-DEU,C-WEU-DEU-DE912,Zone_5A Cool Humid,mfh,urb,2439.5
C-WEU-DEU,C-WEU-DEU-DE912,Zone_5A Cool Humid,mfh,rur,2439.5
C-WEU-DEU,C-WEU-DEU-DE912,Zone_5A Cool Humid,sfh,urb,286.0
C-WEU-DEU,C-WEU-DEU-DE912,Zone_5A Cool Humid,sfh,rur,286.0
C-WEU-DEU,C-WEU-DEU-DE913,Zone_5A Cool Humid,mfh,urb,2616.5
C-WEU-DEU,C-WEU-DEU-DE913,Zone_5A Cool Humid,mfh,rur,2616.5
C-WEU-DEU,C-WEU-DEU-DE913,Zone_5A Cool Humid,sfh,urb,385.0
C-WEU-DEU,C-WEU-DEU-DE913,Zone_5A Cool Humid,sfh,rur,385.0
C-WEU-DEU,C-WEU-DEU-DE914,Zone_5A Cool Humid,mfh,urb,2292.0
C-WEU-DEU,C-WEU-DEU-DE914,Zone_5A Cool Humid,mfh,rur,2292.0
C-WEU-DEU,C-WEU-DEU-DE914,Zone_5A Cool Humid,sfh,urb,1034.0
C-WEU-DEU,C-WEU-DEU-DE914,Zone_5A Cool Humid,sfh,rur,1034.0
C-WEU-DEU,C-WEU-DEU-DE916,Zone_5A Cool Humid,mfh,urb,6776.0
C-WEU-DEU,C-WEU-DEU-DE916,Zone_5A Cool Humid,mfh,rur,6776.0
C-WEU-DEU,C-WEU-DEU-DE916,Zone_5A Cool Humid,sfh,urb,918.5
C-WEU-DEU,C-WEU-DEU-DE916,Zone_5A Cool Humid,sfh,rur,918.5
C-WEU-DEU,C-WEU-DEU-DE917,Zone_5A Cool Humid,mfh,urb,2145.5
C-WEU-DEU,C-WEU-DEU-DE917,Zone_5A Cool Humid,mfh,rur,2145.5
C-WEU-DEU,C-WEU-DEU-DE917,Zone_5A Cool Humid,sfh,urb,558.0
C-WEU-DEU,C-WEU-DEU-DE917,Zone_5A Cool Humid,sfh,rur,558.0
C-WEU-DEU,C-WEU-DEU-DE918,Zone_5A Cool Humid,mfh,urb,3409.0
C-WEU-DEU,C-WEU-DEU-DE918,Zone_5A Cool Humid,mfh,rur,3409.0
C-WEU-DEU,C-WEU-DEU-DE918,Zone_5A Cool Humid,sfh,urb,785.5
C-WEU-DEU,C-WEU-DEU-DE918,Zone_5A Cool Humid,sfh,rur,785.5
C-WEU-DEU,C-WEU-DEU-DE91A,Zone_5A Cool Humid,mfh,urb,1788.5
C-WEU-DEU,C-WEU-DEU-DE91A,Zone_5A Cool Humid,mfh,rur,1788.5
C-WEU-DEU,C-WEU-DEU-DE91A,Zone_5A Cool Humid,sfh,urb,543.0
C-WEU-DEU,C-WEU-DEU-DE91A,Zone_5A Cool Humid,sfh,rur,543.0
C-WEU-DEU,C-WEU-DEU-DE91B,Zone_5A Cool Humid,mfh,urb,2113.0
C-WEU-DEU,C-WEU-DEU-DE91B,Zone_5A Cool Humid,mfh,rur,2113.0
C-WEU-DEU,C-WEU-DEU-DE91B,Zone_5A Cool Humid,sfh,urb,531.5
C-WEU-DEU,C-WEU-DEU-DE91B,Zone_5A Cool Humid,sfh,rur,531.5
C-WEU-DEU,C-WEU-DEU-DE91C,Zone_5A Cool Humid,mfh,urb,9464.0
C-WEU-DEU,C-WEU-DEU-DE91C,Zone_5A Cool Humid,mfh,rur,9464.0
C-WEU-DEU,C-WEU-DEU-DE91C,Zone_5A Cool Humid,sfh,urb,1319.0
C-WEU-DEU,C-WEU-DEU-DE91C,Zone_5A Cool Humid,sfh,rur,1319.0
C-WEU-DEU,C-WEU-DEU-DE922,Zone_5A Cool Humid,mfh,urb,2582.0
C-WEU-DEU,C-WEU-DEU-DE922,Zone_5A Cool Humid,mfh,rur,2582.0
C-WEU-DEU,C-WEU-DEU-DE922,Zone_5A Cool Humid,sfh,urb,1151.5
C-WEU-DEU,C-WEU-DEU-DE922,Zone_5A Cool Humid,sfh,rur,1151.5
C-WEU-DEU,C-WEU-DEU-DE923,Zone_5A Cool Humid,mfh,urb,3123.5
C-WEU-DEU,C-WEU-DEU-DE923,Zone_5A Cool Humid,mfh,rur,3123.5
C-WEU-DEU,C-WEU-DEU-DE923,Zone_5A Cool Humid,sfh,urb,573.5
C-WEU-DEU,C-WEU-DEU-DE923,Zone_5A Cool Humid,sfh,rur,573.5
C-WEU-DEU,C-WEU-DEU-DE925,Zone_5A Cool Humid,mfh,urb,4750.5
C-WEU-DEU,C-WEU-DEU-DE925,Zone_5A Cool Humid,mfh,rur,4750.5
C-WEU-DEU,C-WEU-DEU-DE925,Zone_5A Cool Humid,sfh,urb,1030.5
C-WEU-DEU,C-WEU-DEU-DE925,Zone_5A Cool Humid,sfh,rur,1030.5
C-WEU-DEU,C-WEU-DEU-DE926,Zone_5A Cool Humid,mfh,urb,1969.0
C-WEU-DEU,C-WEU-DEU-DE926,Zone_5A Cool Humid,mfh,rur,1969.0
C-WEU-DEU,C-WEU-DEU-DE926,Zone_5A Cool Humid,sfh,urb,555.5
C-WEU-DEU,C-WEU-DEU-DE926,Zone_5A Cool Humid,sfh,rur,555.5
C-WEU-DEU,C-WEU-DEU-DE927,Zone_5A Cool Humid,mfh,urb,1530.5
C-WEU-DEU,C-WEU-DEU-DE927,Zone_5A Cool Humid,mfh,rur,1530.5
C-WEU-DEU,C-WEU-DEU-DE927,Zone_5A Cool Humid,sfh,urb,607.0
C-WEU-DEU,C-WEU-DEU-DE927,Zone_5A Cool Humid,sfh,rur,607.0
C-WEU-DEU,C-WEU-DEU-DE928,Zone_5A Cool Humid,mfh,urb,2919.5
C-WEU-DEU,C-WEU-DEU-DE928,Zone_5A Cool Humid,mfh,rur,2919.5
C-WEU-DEU,C-WEU-DEU-DE928,Zone_5A Cool Humid,sfh,urb,567.5
C-WEU-DEU,C-WEU-DEU-DE928,Zone_5A Cool Humid,sfh,rur,567.5
C-WEU-DEU,C-WEU-DEU-DE929,Zone_5A Cool Humid,mfh,urb,18493.0
C-WEU-DEU,C-WEU-DEU-DE929,Zone_5A Cool Humid,mfh,rur,18493.0
C-WEU-DEU,C-WEU-DEU-DE929,Zone_5A Cool Humid,sfh,urb,2843.5
C-WEU-DEU,C-WEU-DEU-DE929,Zone_5A Cool Humid,sfh,rur,2843.5
C-WEU-DEU,C-WEU-DEU-DE931,Zone_5A Cool Humid,mfh,urb,3241.5
C-WEU-DEU,C-WEU-DEU-DE931,Zone_5A Cool Humid,mfh,rur,3241.5
C-WEU-DEU,C-WEU-DEU-DE931,Zone_5A Cool Humid,sfh,urb,1244.0
C-WEU-DEU,C-WEU-DEU-DE931,Zone_5A Cool Humid,sfh,rur,1244.0
C-WEU-DEU,C-WEU-DEU-DE932,Zone_5A Cool Humid,mfh,urb,3877.0
C-WEU-DEU,C-WEU-DEU-DE932,Zone_5A Cool Humid,mfh,rur,3877.0
C-WEU-DEU,C-WEU-DEU-DE932,Zone_5A Cool Humid,sfh,urb,1747.0
C-WEU-DEU,C-WEU-DEU-DE932,Zone_5A Cool Humid,sfh,rur,1747.0
C-WEU-DEU,C-WEU-DEU-DE933,Zone_5A Cool Humid,mfh,urb,3007.0
C-WEU-DEU,C-WEU-DEU-DE933,Zone_5A Cool Humid,mfh,rur,3007.0
C-WEU-DEU,C-WEU-DEU-DE933,Zone_5A Cool Humid,sfh,urb,1361.0
C-WEU-DEU,C-WEU-DEU-DE933,Zone_5A Cool Humid,sfh,rur,1361.0
C-WEU-DEU,C-WEU-DEU-DE934,Zone_5A Cool Humid,mfh,urb,1022.5
C-WEU-DEU,C-WEU-DEU-DE934,Zone_5A Cool Humid,mfh,rur,1022.5
C-WEU-DEU,C-WEU-DEU-DE934,Zone_5A Cool Humid,sfh,urb,867.5
C-WEU-DEU,C-WEU-DEU-DE934,Zone_5A Cool Humid,sfh,rur,867.5
C-WEU-DEU,C-WEU-DEU-DE935,Zone_5A Cool Humid,mfh,urb,2631.5
C-WEU-DEU,C-WEU-DEU-DE935,Zone_5A Cool Humid,mfh,rur,2631.5
C-WEU-DEU,C-WEU-DEU-DE935,Zone_5A Cool Humid,sfh,urb,891.5
C-WEU-DEU,C-WEU-DEU-DE935,Zone_5A Cool Humid,sfh,rur,891.5
C-WEU-DEU,C-WEU-DEU-DE936,Zone_5A Cool Humid,mfh,urb,1311.0
C-WEU-DEU,C-WEU-DEU-DE936,Zone_5A Cool Humid,mfh,rur,1311.0
C-WEU-DEU,C-WEU-DEU-DE936,Zone_5A Cool Humid,sfh,urb,535.5
C-WEU-DEU,C-WEU-DEU-DE936,Zone_5A Cool Humid,sfh,rur,535.5
C-WEU-DEU,C-WEU-DEU-DE937,Zone_5A Cool Humid,mfh,urb,2098.5
C-WEU-DEU,C-WEU-DEU-DE937,Zone_5A Cool Humid,mfh,rur,2098.5
C-WEU-DEU,C-WEU-DEU-DE937,Zone_5A Cool Humid,sfh,urb,1036.0
C-WEU-DEU,C-WEU-DEU-DE937,Zone_5A Cool Humid,sfh,rur,1036.0
C-WEU-DEU,C-WEU-DEU-DE938,Zone_5A Cool Humid,mfh,urb,2022.0
C-WEU-DEU,C-WEU-DEU-DE938,Zone_5A Cool Humid,mfh,rur,2022.0
C-WEU-DEU,C-WEU-DEU-DE938,Zone_5A Cool Humid,sfh,urb,750.0
C-WEU-DEU,C-WEU-DEU-DE938,Zone_5A Cool Humid,sfh,rur,750.0
C-WEU-DEU,C-WEU-DEU-DE939,Zone_5A Cool Humid,mfh,urb,2325.0
C-WEU-DEU,C-WEU-DEU-DE939,Zone_5A Cool Humid,mfh,rur,2325.0
C-WEU-DEU,C-WEU-DEU-DE939,Zone_5A Cool Humid,sfh,urb,1021.5
C-WEU-DEU,C-WEU-DEU-DE939,Zone_5A Cool Humid,sfh,rur,1021.5
C-WEU-DEU,C-WEU-DEU-DE93A,Zone_5A Cool Humid,mfh,urb,1799.5
C-WEU-DEU,C-WEU-DEU-DE93A,Zone_5A Cool Humid,mfh,rur,1799.5
C-WEU-DEU,C-WEU-DEU-DE93A,Zone_5A Cool Humid,sfh,urb,745.0
C-WEU-DEU,C-WEU-DEU-DE93A,Zone_5A Cool Humid,sfh,rur,745.0
C-WEU-DEU,C-WEU-DEU-DE93B,Zone_5A Cool Humid,mfh,urb,1770.5
C-WEU-DEU,C-WEU-DEU-DE93B,Zone_5A Cool Humid,mfh,rur,1770.5
C-WEU-DEU,C-WEU-DEU-DE93B,Zone_5A Cool Humid,sfh,urb,598.0
C-WEU-DEU,C-WEU-DEU-DE93B,Zone_5A Cool Humid,sfh,rur,598.0
C-WEU-DEU,C-WEU-DEU-DE941,Zone_5A Cool Humid,mfh,urb,760.0
C-WEU-DEU,C-WEU-DEU-DE941,Zone_5A Cool Humid,mfh,rur,760.0
C-WEU-DEU,C-WEU-DEU-DE941,Zone_5A Cool Humid,sfh,urb,179.0
C-WEU-DEU,C-WEU-DEU-DE941,Zone_5A Cool Humid,sfh,rur,179.0
C-WEU-DEU,C-WEU-DEU-DE942,Zone_5A Cool Humid,mfh,urb,871.5
C-WEU-DEU,C-WEU-DEU-DE942,Zone_5A Cool Humid,mfh,rur,871.5
C-WEU-DEU,C-WEU-DEU-DE942,Zone_5A Cool Humid,sfh,urb,340.5
C-WEU-DEU,C-WEU-DEU-DE942,Zone_5A Cool Humid,sfh,rur,340.5
C-WEU-DEU,C-WEU-DEU-DE943,Zone_5A Cool Humid,mfh,urb,2974.5
C-WEU-DEU,C-WEU-DEU-DE943,Zone_5A Cool Humid,mfh,rur,2974.5
C-WEU-DEU,C-WEU-DEU-DE943,Zone_5A Cool Humid,sfh,urb,515.5
C-WEU-DEU,C-WEU-DEU-DE943,Zone_5A Cool Humid,sfh,rur,515.5
C-WEU-DEU,C-WEU-DEU-DE944,Zone_5A Cool Humid,mfh,urb,2397.0
C-WEU-DEU,C-WEU-DEU-DE944,Zone_5A Cool Humid,mfh,rur,2397.0
C-WEU-DEU,C-WEU-DEU-DE944,Zone_5A Cool Humid,sfh,urb,304.5
C-WEU-DEU,C-WEU-DEU-DE944,Zone_5A Cool Humid,sfh,rur,304.5
C-WEU-DEU,C-WEU-DEU-DE945,Zone_5A Cool Humid,mfh,urb,2508.0
C-WEU-DEU,C-WEU-DEU-DE945,Zone_5A Cool Humid,mfh,rur,2508.0
C-WEU-DEU,C-WEU-DEU-DE945,Zone_5A Cool Humid,sfh,urb,198.0
C-WEU-DEU,C-WEU-DEU-DE945,Zone_5A Cool Humid,sfh,rur,198.0
C-WEU-DEU,C-WEU-DEU-DE946,Zone_5A Cool Humid,mfh,urb,1701.5
C-WEU-DEU,C-WEU-DEU-DE946,Zone_5A Cool Humid,mfh,rur,1701.5
C-WEU-DEU,C-WEU-DEU-DE946,Zone_5A Cool Humid,sfh,urb,750.0
C-WEU-DEU,C-WEU-DEU-DE946,Zone_5A Cool Humid,sfh,rur,750.0
C-WEU-DEU,C-WEU-DEU-DE947,Zone_5A Cool Humid,mfh,urb,4494.5
C-WEU-DEU,C-WEU-DEU-DE947,Zone_5A Cool Humid,mfh,rur,4494.5
C-WEU-DEU,C-WEU-DEU-DE947,Zone_5A Cool Humid,sfh,urb,2822.5
C-WEU-DEU,C-WEU-DEU-DE947,Zone_5A Cool Humid,sfh,rur,2822.5
C-WEU-DEU,C-WEU-DEU-DE948,Zone_5A Cool Humid,mfh,urb,1312.5
C-WEU-DEU,C-WEU-DEU-DE948,Zone_5A Cool Humid,mfh,rur,1312.5
C-WEU-DEU,C-WEU-DEU-DE948,Zone_5A Cool Humid,sfh,urb,628.5
C-WEU-DEU,C-WEU-DEU-DE948,Zone_5A Cool Humid,sfh,rur,628.5
C-WEU-DEU,C-WEU-DEU-DE949,Zone_5A Cool Humid,mfh,urb,3587.5
C-WEU-DEU,C-WEU-DEU-DE949,Zone_5A Cool Humid,mfh,rur,3587.5
C-WEU-DEU,C-WEU-DEU-DE949,Zone_5A Cool Humid,sfh,urb,1593.5
C-WEU-DEU,C-WEU-DEU-DE949,Zone_5A Cool Humid,sfh,rur,1593.5
C-WEU-DEU,C-WEU-DEU-DE94A,Zone_5A Cool Humid,mfh,urb,2163.0
C-WEU-DEU,C-WEU-DEU-DE94A,Zone_5A Cool Humid,mfh,rur,2163.0
C-WEU-DEU,C-WEU-DEU-DE94A,Zone_5A Cool Humid,sfh,urb,973.5
C-WEU-DEU,C-WEU-DEU-DE94A,Zone_5A Cool Humid,sfh,rur,973.5
C-WEU-DEU,C-WEU-DEU-DE94B,Zone_5A Cool Humid,mfh,urb,1241.0
C-WEU-DEU,C-WEU-DEU-DE94B,Zone_5A Cool Humid,mfh,rur,1241.0
C-WEU-DEU,C-WEU-DEU-DE94B,Zone_5A Cool Humid,sfh,urb,542.5
C-WEU-DEU,C-WEU-DEU-DE94B,Zone_5A Cool Humid,sfh,rur,542.5
C-WEU-DEU,C-WEU-DEU-DE94C,Zone_5A Cool Humid,mfh,urb,2767.0
C-WEU-DEU,C-WEU-DEU-DE94C,Zone_5A Cool Humid,mfh,rur,2767.0
C-WEU-DEU,C-WEU-DEU-DE94C,Zone_5A Cool Humid,sfh,urb,1428.5
C-WEU-DEU,C-WEU-DEU-DE94C,Zone_5A Cool Humid,sfh,rur,1428.5
C-WEU-DEU,C-WEU-DEU-DE94D,Zone_5A Cool Humid,mfh,urb,1416.0
C-WEU-DEU,C-WEU-DEU-DE94D,Zone_5A Cool Humid,mfh,rur,1416.0
C-WEU-DEU,C-WEU-DEU-DE94D,Zone_5A Cool Humid,sfh,urb,706.0
C-WEU-DEU,C-WEU-DEU-DE94D,Zone_5A Cool Humid,sfh,rur,706.0
C-WEU-DEU,C-WEU-DEU-DE94E,Zone_5A Cool Humid,mfh,urb,4273.0
C-WEU-DEU,C-WEU-DEU-DE94E,Zone_5A Cool Humid,mfh,rur,4273.0
C-WEU-DEU,C-WEU-DEU-DE94E,Zone_5A Cool Humid,sfh,urb,1042.5
C-WEU-DEU,C-WEU-DEU-DE94E,Zone_5A Cool Humid,sfh,rur,1042.5
C-WEU-DEU,C-WEU-DEU-DE94F,Zone_5A Cool Humid,mfh,urb,1355.0
C-WEU-DEU,C-WEU-DEU-DE94F,Zone_5A Cool Humid,mfh,rur,1355.0
C-WEU-DEU,C-WEU-DEU-DE94F,Zone_5A Cool Humid,sfh,urb,499.5
C-WEU-DEU,C-WEU-DEU-DE94F,Zone_5A Cool Humid,sfh,rur,499.5
C-WEU-DEU,C-WEU-DEU-DE94G,Zone_5A Cool Humid,mfh,urb,1394.5
C-WEU-DEU,C-WEU-DEU-DE94G,Zone_5A Cool Humid,mfh,rur,1394.5
C-WEU-DEU,C-WEU-DEU-DE94G,Zone_5A Cool Humid,sfh,urb,793.0
C-WEU-DEU,C-WEU-DEU-DE94G,Zone_5A Cool Humid,sfh,rur,793.0
C-WEU-DEU,C-WEU-DEU-DE94H,Zone_5A Cool Humid,mfh,urb,1836.0
C-WEU-DEU,C-WEU-DEU-DE94H,Zone_5A Cool Humid,mfh,rur,1836.0
C-WEU-DEU,C-WEU-DEU-DE94H,Zone_5A Cool Humid,sfh,urb,837.5
C-WEU-DEU,C-WEU-DEU-DE94H,Zone_5A Cool Humid,sfh,rur,837.5
C-WEU-DEU,C-WEU-DEU-DEA11,Zone_4A Mixed Humid,mfh,urb,9909.5
C-WEU-DEU,C-WEU-DEU-DEA11,Zone_4A Mixed Humid,mfh,rur,9909.5
C-WEU-DEU,C-WEU-DEU-DEA11,Zone_4A Mixed Humid,sfh,urb,580.5
C-WEU-DEU,C-WEU-DEU-DEA11,Zone_4A Mixed Humid,sfh,rur,580.5
C-WEU-DEU,C-WEU-DEU-DEA12,Zone_4A Mixed Humid,mfh,urb,6698.5
C-WEU-DEU,C-WEU-DEU-DEA12,Zone_4A Mixed Humid,mfh,rur,6698.5
C-WEU-DEU,C-WEU-DEU-DEA12,Zone_4A Mixed Humid,sfh,urb,497.0
C-WEU-DEU,C-WEU-DEU-DEA12,Zone_4A Mixed Humid,sfh,rur,497.0
C-WEU-DEU,C-WEU-DEU-DEA13,Zone_4A Mixed Humid,mfh,urb,8556.5
C-WEU-DEU,C-WEU-DEU-DEA13,Zone_4A Mixed Humid,mfh,rur,8556.5
C-WEU-DEU,C-WEU-DEU-DEA13,Zone_4A Mixed Humid,sfh,urb,640.0
C-WEU-DEU,C-WEU-DEU-DEA13,Zone_4A Mixed Humid,sfh,rur,640.0
C-WEU-DEU,C-WEU-DEU-DEA14,Zone_4A Mixed Humid,mfh,urb,3346.5
C-WEU-DEU,C-WEU-DEU-DEA14,Zone_4A Mixed Humid,mfh,rur,3346.5
C-WEU-DEU,C-WEU-DEU-DEA14,Zone_4A Mixed Humid,sfh,urb,446.5
C-WEU-DEU,C-WEU-DEU-DEA14,Zone_4A Mixed Humid,sfh,rur,446.5
C-WEU-DEU,C-WEU-DEU-DEA15,Zone_4A Mixed Humid,mfh,urb,3626.0
C-WEU-DEU,C-WEU-DEU-DEA15,Zone_4A Mixed Humid,mfh,rur,3626.0
C-WEU-DEU,C-WEU-DEU-DEA15,Zone_4A Mixed Humid,sfh,urb,561.0
C-WEU-DEU,C-WEU-DEU-DEA15,Zone_4A Mixed Humid,sfh,rur,561.0
C-WEU-DEU,C-WEU-DEU-DEA16,Zone_4A Mixed Humid,mfh,urb,2612.5
C-WEU-DEU,C-WEU-DEU-DEA16,Zone_4A Mixed Humid,mfh,rur,2612.5
C-WEU-DEU,C-WEU-DEU-DEA16,Zone_4A Mixed Humid,sfh,urb,247.0
C-WEU-DEU,C-WEU-DEU-DEA16,Zone_4A Mixed Humid,sfh,rur,247.0
C-WEU-DEU,C-WEU-DEU-DEA17,Zone_4A Mixed Humid,mfh,urb,3103.5
C-WEU-DEU,C-WEU-DEU-DEA17,Zone_4A Mixed Humid,mfh,rur,3103.5
C-WEU-DEU,C-WEU-DEU-DEA17,Zone_4A Mixed Humid,sfh,urb,261.0
C-WEU-DEU,C-WEU-DEU-DEA17,Zone_4A Mixed Humid,sfh,rur,261.0
C-WEU-DEU,C-WEU-DEU-DEA18,Zone_4A Mixed Humid,mfh,urb,1697.0
C-WEU-DEU,C-WEU-DEU-DEA18,Zone_4A Mixed Humid,mfh,rur,1697.0
C-WEU-DEU,C-WEU-DEU-DEA18,Zone_4A Mixed Humid,sfh,urb,176.0
C-WEU-DEU,C-WEU-DEU-DEA18,Zone_4A Mixed Humid,sfh,rur,176.0
C-WEU-DEU,C-WEU-DEU-DEA19,Zone_4A Mixed Humid,mfh,urb,2060.0
C-WEU-DEU,C-WEU-DEU-DEA19,Zone_4A Mixed Humid,mfh,rur,2060.0
C-WEU-DEU,C-WEU-DEU-DEA19,Zone_4A Mixed Humid,sfh,urb,370.5
C-WEU-DEU,C-WEU-DEU-DEA19,Zone_4A Mixed Humid,sfh,rur,370.5
C-WEU-DEU,C-WEU-DEU-DEA1A,Zone_4A Mixed Humid,mfh,urb,5546.5
C-WEU-DEU,C-WEU-DEU-DEA1A,Zone_4A Mixed Humid,mfh,rur,5546.5
C-WEU-DEU,C-WEU-DEU-DEA1A,Zone_4A Mixed Humid,sfh,urb,436.0
C-WEU-DEU,C-WEU-DEU-DEA1A,Zone_4A Mixed Humid,sfh,rur,436.0
C-WEU-DEU,C-WEU-DEU-DEA1B,Zone_4A Mixed Humid,mfh,urb,2595.0
C-WEU-DEU,C-WEU-DEU-DEA1B,Zone_4A Mixed Humid,mfh,rur,2595.0
C-WEU-DEU,C-WEU-DEU-DEA1B,Zone_4A Mixed Humid,sfh,urb,1091.0
C-WEU-DEU,C-WEU-DEU-DEA1B,Zone_4A Mixed Humid,sfh,rur,1091.0
C-WEU-DEU,C-WEU-DEU-DEA1C,Zone_4A Mixed Humid,mfh,urb,5762.0
C-WEU-DEU,C-WEU-DEU-DEA1C,Zone_4A Mixed Humid,mfh,rur,5762.0
C-WEU-DEU,C-WEU-DEU-DEA1C,Zone_4A Mixed Humid,sfh,urb,959.5
C-WEU-DEU,C-WEU-DEU-DEA1C,Zone_4A Mixed Humid,sfh,rur,959.5
C-WEU-DEU,C-WEU-DEU-DEA1D,Zone_4A Mixed Humid,mfh,urb,4618.5
C-WEU-DEU,C-WEU-DEU-DEA1D,Zone_4A Mixed Humid,mfh,rur,4618.5
C-WEU-DEU,C-WEU-DEU-DEA1D,Zone_4A Mixed Humid,sfh,urb,1247.5
C-WEU-DEU,C-WEU-DEU-DEA1D,Zone_4A Mixed Humid,sfh,rur,1247.5
C-WEU-DEU,C-WEU-DEU-DEA1E,Zone_4A Mixed Humid,mfh,urb,2685.0
C-WEU-DEU,C-WEU-DEU-DEA1E,Zone_4A Mixed Humid,mfh,rur,2685.0
C-WEU-DEU,C-WEU-DEU-DEA1E,Zone_4A Mixed Humid,sfh,urb,1066.5
C-WEU-DEU,C-WEU-DEU-DEA1E,Zone_4A Mixed Humid,sfh,rur,1066.5
C-WEU-DEU,C-WEU-DEU-DEA1F,Zone_4A Mixed Humid,mfh,urb,5284.5
C-WEU-DEU,C-WEU-DEU-DEA1F,Zone_4A Mixed Humid,mfh,rur,5284.5
C-WEU-DEU,C-WEU-DEU-DEA1F,Zone_4A Mixed Humid,sfh,urb,1188.5
C-WEU-DEU,C-WEU-DEU-DEA1F,Zone_4A Mixed Humid,sfh,rur,1188.5
C-WEU-DEU,C-WEU-DEU-DEA22,Zone_4A Mixed Humid,mfh,urb,5248.0
C-WEU-DEU,C-WEU-DEU-DEA22,Zone_4A Mixed Humid,mfh,rur,5248.0
C-WEU-DEU,C-WEU-DEU-DEA22,Zone_4A Mixed Humid,sfh,urb,572.0
C-WEU-DEU,C-WEU-DEU-DEA22,Zone_4A Mixed Humid,sfh,rur,572.0
C-WEU-DEU,C-WEU-DEU-DEA23,Zone_4A Mixed Humid,mfh,urb,13439.5
C-WEU-DEU,C-WEU-DEU-DEA23,Zone_4A Mixed Humid,mfh,rur,13439.5
C-WEU-DEU,C-WEU-DEU-DEA23,Zone_4A Mixed Humid,sfh,urb,1285.0
C-WEU-DEU,C-WEU-DEU-DEA23,Zone_4A Mixed Humid,sfh,rur,1285.0
C-WEU-DEU,C-WEU-DEU-DEA24,Zone_4A Mixed Humid,mfh,urb,1547.0
C-WEU-DEU,C-WEU-DEU-DEA24,Zone_4A Mixed Humid,mfh,rur,1547.0
C-WEU-DEU,C-WEU-DEU-DEA24,Zone_4A Mixed Humid,sfh,urb,269.0
C-WEU-DEU,C-WEU-DEU-DEA24,Zone_4A Mixed Humid,sfh,rur,269.0
C-WEU-DEU,C-WEU-DEU-DEA26,Zone_5A Cool Humid,mfh,urb,2266.5
C-WEU-DEU,C-WEU-DEU-DEA26,Zone_5A Cool Humid,mfh,rur,2266.5
C-WEU-DEU,C-WEU-DEU-DEA26,Zone_5A Cool Humid,sfh,urb,890.0
C-WEU-DEU,C-WEU-DEU-DEA26,Zone_5A Cool Humid,sfh,rur,890.0
C-WEU-DEU,C-WEU-DEU-DEA27,Zone_5A Cool Humid,mfh,urb,4008.5
C-WEU-DEU,C-WEU-DEU-DEA27,Zone_5A Cool Humid,mfh,rur,4008.5
C-WEU-DEU,C-WEU-DEU-DEA27,Zone_5A Cool Humid,sfh,urb,1377.0
C-WEU-DEU,C-WEU-DEU-DEA27,Zone_5A Cool Humid,sfh,rur,1377.0
C-WEU-DEU,C-WEU-DEU-DEA28,Zone_5A Cool Humid,mfh,urb,2232.5
C-WEU-DEU,C-WEU-DEU-DEA28,Zone_5A Cool Humid,mfh,rur,2232.5
C-WEU-DEU,C-WEU-DEU-DEA28,Zone_5A Cool Humid,sfh,urb,1430.0
C-WEU-DEU,C-WEU-DEU-DEA28,Zone_5A Cool Humid,sfh,rur,1430.0
C-WEU-DEU,C-WEU-DEU-DEA29,Zone_4A Mixed Humid,mfh,urb,2417.5
C-WEU-DEU,C-WEU-DEU-DEA29,Zone_4A Mixed Humid,mfh,rur,2417.5
C-WEU-DEU,C-WEU-DEU-DEA29,Zone_4A Mixed Humid,sfh,urb,1359.5
C-WEU-DEU,C-WEU-DEU-DEA29,Zone_4A Mixed Humid,sfh,rur,1359.5
C-WEU-DEU,C-WEU-DEU-DEA2A,Zone_4A Mixed Humid,mfh,urb,3486.5
C-WEU-DEU,C-WEU-DEU-DEA2A,Zone_4A Mixed Humid,mfh,rur,3486.5
C-WEU-DEU,C-WEU-DEU-DEA2A,Zone_4A Mixed Humid,sfh,urb,1036.5
C-WEU-DEU,C-WEU-DEU-DEA2A,Zone_4A Mixed Humid,sfh,rur,1036.5
C-WEU-DEU,C-WEU-DEU-DEA2B,Zone_4A Mixed Humid,mfh,urb,3050.0
C-WEU-DEU,C-WEU-DEU-DEA2B,Zone_4A Mixed Humid,mfh,rur,3050.0
C-WEU-DEU,C-WEU-DEU-DEA2B,Zone_4A Mixed Humid,sfh,urb,929.5
C-WEU-DEU,C-WEU-DEU-DEA2B,Zone_4A Mixed Humid,sfh,rur,929.5
C-WEU-DEU,C-WEU-DEU-DEA2C,Zone_4A Mixed Humid,mfh,urb,4845.0
C-WEU-DEU,C-WEU-DEU-DEA2C,Zone_4A Mixed Humid,mfh,rur,4845.0
C-WEU-DEU,C-WEU-DEU-DEA2C,Zone_4A Mixed Humid,sfh,urb,1809.5
C-WEU-DEU,C-WEU-DEU-DEA2C,Zone_4A Mixed Humid,sfh,rur,1809.5
C-WEU-DEU,C-WEU-DEU-DEA2D,Zone_5A Cool Humid,mfh,urb,5647.5
C-WEU-DEU,C-WEU-DEU-DEA2D,Zone_5A Cool Humid,mfh,rur,5647.5
C-WEU-DEU,C-WEU-DEU-DEA2D,Zone_5A Cool Humid,sfh,urb,1136.5
C-WEU-DEU,C-WEU-DEU-DEA2D,Zone_5A Cool Humid,sfh,rur,1136.5
C-WEU-DEU,C-WEU-DEU-DEA31,Zone_4A Mixed Humid,mfh,urb,1336.0
C-WEU-DEU,C-WEU-DEU-DEA31,Zone_4A Mixed Humid,mfh,rur,1336.0
C-WEU-DEU,C-WEU-DEU-DEA31,Zone_4A Mixed Humid,sfh,urb,191.0
C-WEU-DEU,C-WEU-DEU-DEA31,Zone_4A Mixed Humid,sfh,rur,191.0
C-WEU-DEU,C-WEU-DEU-DEA32,Zone_5A Cool Humid,mfh,urb,4151.5
C-WEU-DEU,C-WEU-DEU-DEA32,Zone_5A Cool Humid,mfh,rur,4151.5
C-WEU-DEU,C-WEU-DEU-DEA32,Zone_5A Cool Humid,sfh,urb,210.0
C-WEU-DEU,C-WEU-DEU-DEA32,Zone_5A Cool Humid,sfh,rur,210.0
C-WEU-DEU,C-WEU-DEU-DEA33,Zone_5A Cool Humid,mfh,urb,3184.0
C-WEU-DEU,C-WEU-DEU-DEA33,Zone_5A Cool Humid,mfh,rur,3184.0
C-WEU-DEU,C-WEU-DEU-DEA33,Zone_5A Cool Humid,sfh,urb,478.5
C-WEU-DEU,C-WEU-DEU-DEA33,Zone_5A Cool Humid,sfh,rur,478.5
C-WEU-DEU,C-WEU-DEU-DEA34,Zone_4A Mixed Humid,mfh,urb,3346.5
C-WEU-DEU,C-WEU-DEU-DEA34,Zone_4A Mixed Humid,mfh,rur,3346.5
C-WEU-DEU,C-WEU-DEU-DEA34,Zone_4A Mixed Humid,sfh,urb,987.5
C-WEU-DEU,C-WEU-DEU-DEA34,Zone_4A Mixed Humid,sfh,rur,987.5
C-WEU-DEU,C-WEU-DEU-DEA35,Zone_5A Cool Humid,mfh,urb,2013.5
C-WEU-DEU,C-WEU-DEU-DEA35,Zone_5A Cool Humid,mfh,rur,2013.5
C-WEU-DEU,C-WEU-DEU-DEA35,Zone_5A Cool Humid,sfh,urb,641.0
C-WEU-DEU,C-WEU-DEU-DEA35,Zone_5A Cool Humid,sfh,rur,641.0
C-WEU-DEU,C-WEU-DEU-DEA36,Zone_5A Cool Humid,mfh,urb,7300.0
C-WEU-DEU,C-WEU-DEU-DEA36,Zone_5A Cool Humid,mfh,rur,7300.0
C-WEU-DEU,C-WEU-DEU-DEA36,Zone_5A Cool Humid,sfh,urb,1063.0
C-WEU-DEU,C-WEU-DEU-DEA36,Zone_5A Cool Humid,sfh,rur,1063.0
C-WEU-DEU,C-WEU-DEU-DEA37,Zone_5A Cool Humid,mfh,urb,3663.5
C-WEU-DEU,C-WEU-DEU-DEA37,Zone_5A Cool Humid,mfh,rur,3663.5
C-WEU-DEU,C-WEU-DEU-DEA37,Zone_5A Cool Humid,sfh,urb,1194.0
C-WEU-DEU,C-WEU-DEU-DEA37,Zone_5A Cool Humid,sfh,rur,1194.0
C-WEU-DEU,C-WEU-DEU-DEA38,Zone_5A Cool Humid,mfh,urb,2464.5
C-WEU-DEU,C-WEU-DEU-DEA38,Zone_5A Cool Humid,mfh,rur,2464.5
C-WEU-DEU,C-WEU-DEU-DEA38,Zone_5A Cool Humid,sfh,urb,673.5
C-WEU-DEU,C-WEU-DEU-DEA38,Zone_5A Cool Humid,sfh,rur,673.5
C-WEU-DEU,C-WEU-DEU-DEA41,Zone_5A Cool Humid,mfh,urb,4296.0
C-WEU-DEU,C-WEU-DEU-DEA41,Zone_5A Cool Humid,mfh,rur,4296.0
C-WEU-DEU,C-WEU-DEU-DEA41,Zone_5A Cool Humid,sfh,urb,475.0
C-WEU-DEU,C-WEU-DEU-DEA41,Zone_5A Cool Humid,sfh,rur,475.0
C-WEU-DEU,C-WEU-DEU-DEA42,Zone_5A Cool Humid,mfh,urb,3602.5
C-WEU-DEU,C-WEU-DEU-DEA42,Zone_5A Cool Humid,mfh,rur,3602.5
C-WEU-DEU,C-WEU-DEU-DEA42,Zone_5A Cool Humid,sfh,urb,898.0
C-WEU-DEU,C-WEU-DEU-DEA42,Zone_5A Cool Humid,sfh,rur,898.0
C-WEU-DEU,C-WEU-DEU-DEA43,Zone_5A Cool Humid,mfh,urb,3230.0
C-WEU-DEU,C-WEU-DEU-DEA43,Zone_5A Cool Humid,mfh,rur,3230.0
C-WEU-DEU,C-WEU-DEU-DEA43,Zone_5A Cool Humid,sfh,urb,531.5
C-WEU-DEU,C-WEU-DEU-DEA43,Zone_5A Cool Humid,sfh,rur,531.5
C-WEU-DEU,C-WEU-DEU-DEA44,Zone_5A Cool Humid,mfh,urb,2303.5
C-WEU-DEU,C-WEU-DEU-DEA44,Zone_5A Cool Humid,mfh,rur,2303.5
C-WEU-DEU,C-WEU-DEU-DEA44,Zone_5A Cool Humid,sfh,urb,594.0
C-WEU-DEU,C-WEU-DEU-DEA44,Zone_5A Cool Humid,sfh,rur,594.0
C-WEU-DEU,C-WEU-DEU-DEA45,Zone_5A Cool Humid,mfh,urb,5649.0
C-WEU-DEU,C-WEU-DEU-DEA45,Zone_5A Cool Humid,mfh,rur,5649.0
C-WEU-DEU,C-WEU-DEU-DEA45,Zone_5A Cool Humid,sfh,urb,1067.5
C-WEU-DEU,C-WEU-DEU-DEA45,Zone_5A Cool Humid,sfh,rur,1067.5
C-WEU-DEU,C-WEU-DEU-DEA46,Zone_5A Cool Humid,mfh,urb,3495.0
C-WEU-DEU,C-WEU-DEU-DEA46,Zone_5A Cool Humid,mfh,rur,3495.0
C-WEU-DEU,C-WEU-DEU-DEA46,Zone_5A Cool Humid,sfh,urb,792.0
C-WEU-DEU,C-WEU-DEU-DEA46,Zone_5A Cool Humid,sfh,rur,792.0
C-WEU-DEU,C-WEU-DEU-DEA47,Zone_5A Cool Humid,mfh,urb,3148.5
C-WEU-DEU,C-WEU-DEU-DEA47,Zone_5A Cool Humid,mfh,rur,3148.5
C-WEU-DEU,C-WEU-DEU-DEA47,Zone_5A Cool Humid,sfh,urb,704.5
C-WEU-DEU,C-WEU-DEU-DEA47,Zone_5A Cool Humid,sfh,rur,704.5
C-WEU-DEU,C-WEU-DEU-DEA51,Zone_4A Mixed Humid,mfh,urb,5190.5
C-WEU-DEU,C-WEU-DEU-DEA51,Zone_4A Mixed Humid,mfh,rur,5190.5
C-WEU-DEU,C-WEU-DEU-DEA51,Zone_4A Mixed Humid,sfh,urb,357.0
C-WEU-DEU,C-WEU-DEU-DEA51,Zone_4A Mixed Humid,sfh,rur,357.0
C-WEU-DEU,C-WEU-DEU-DEA52,Zone_5A Cool Humid,mfh,urb,6597.5
C-WEU-DEU,C-WEU-DEU-DEA52,Zone_5A Cool Humid,mfh,rur,6597.5
C-WEU-DEU,C-WEU-DEU-DEA52,Zone_5A Cool Humid,sfh,urb,562.0
C-WEU-DEU,C-WEU-DEU-DEA52,Zone_5A Cool Humid,sfh,rur,562.0
C-WEU-DEU,C-WEU-DEU-DEA53,Zone_4A Mixed Humid,mfh,urb,3745.0
C-WEU-DEU,C-WEU-DEU-DEA53,Zone_4A Mixed Humid,mfh,rur,3745.0
C-WEU-DEU,C-WEU-DEU-DEA53,Zone_4A Mixed Humid,sfh,urb,255.0
C-WEU-DEU,C-WEU-DEU-DEA53,Zone_4A Mixed Humid,sfh,rur,255.0
C-WEU-DEU,C-WEU-DEU-DEA54,Zone_5A Cool Humid,mfh,urb,1504.0
C-WEU-DEU,C-WEU-DEU-DEA54,Zone_5A Cool Humid,mfh,rur,1504.0
C-WEU-DEU,C-WEU-DEU-DEA54,Zone_5A Cool Humid,sfh,urb,256.5
C-WEU-DEU,C-WEU-DEU-DEA54,Zone_5A Cool Humid,sfh,rur,256.5
C-WEU-DEU,C-WEU-DEU-DEA55,Zone_5A Cool Humid,mfh,urb,2441.5
C-WEU-DEU,C-WEU-DEU-DEA55,Zone_5A Cool Humid,mfh,rur,2441.5
C-WEU-DEU,C-WEU-DEU-DEA55,Zone_5A Cool Humid,sfh,urb,154.0
C-WEU-DEU,C-WEU-DEU-DEA55,Zone_5A Cool Humid,sfh,rur,154.0
C-WEU-DEU,C-WEU-DEU-DEA56,Zone_4A Mixed Humid,mfh,urb,4997.0
C-WEU-DEU,C-WEU-DEU-DEA56,Zone_4A Mixed Humid,mfh,rur,4997.0
C-WEU-DEU,C-WEU-DEU-DEA56,Zone_4A Mixed Humid,sfh,urb,545.5
C-WEU-DEU,C-WEU-DEU-DEA56,Zone_4A Mixed Humid,sfh,rur,545.5
C-WEU-DEU,C-WEU-DEU-DEA57,Zone_5A Cool Humid,mfh,urb,5119.0
C-WEU-DEU,C-WEU-DEU-DEA57,Zone_5A Cool Humid,mfh,rur,5119.0
C-WEU-DEU,C-WEU-DEU-DEA57,Zone_5A Cool Humid,sfh,urb,1303.0
C-WEU-DEU,C-WEU-DEU-DEA57,Zone_5A Cool Humid,sfh,rur,1303.0
C-WEU-DEU,C-WEU-DEU-DEA58,Zone_5A Cool Humid,mfh,urb,6825.5
C-WEU-DEU,C-WEU-DEU-DEA58,Zone_5A Cool Humid,mfh,rur,6825.5
C-WEU-DEU,C-WEU-DEU-DEA58,Zone_5A Cool Humid,sfh,urb,889.0
C-WEU-DEU,C-WEU-DEU-DEA58,Zone_5A Cool Humid,sfh,rur,889.0
C-WEU-DEU,C-WEU-DEU-DEA59,Zone_5A Cool Humid,mfh,urb,1573.5
C-WEU-DEU,C-WEU-DEU-DEA59,Zone_5A Cool Humid,mfh,rur,1573.5
C-WEU-DEU,C-WEU-DEU-DEA59,Zone_5A Cool Humid,sfh,urb,352.0
C-WEU-DEU,C-WEU-DEU-DEA59,Zone_5A Cool Humid,sfh,rur,352.0
C-WEU-DEU,C-WEU-DEU-DEA5A,Zone_5A Cool Humid,mfh,urb,3755.0
C-WEU-DEU,C-WEU-DEU-DEA5A,Zone_5A Cool Humid,mfh,rur,3755.0
C-WEU-DEU,C-WEU-DEU-DEA5A,Zone_5A Cool Humid,sfh,urb,853.5
C-WEU-DEU,C-WEU-DEU-DEA5A,Zone_5A Cool Humid,sfh,rur,853.5
C-WEU-DEU,C-WEU-DEU-DEA5B,Zone_5A Cool Humid,mfh,urb,3862.0
C-WEU-DEU,C-WEU-DEU-DEA5B,Zone_5A Cool Humid,mfh,rur,3862.0
C-WEU-DEU,C-WEU-DEU-DEA5B,Zone_5A Cool Humid,sfh,urb,950.0
C-WEU-DEU,C-WEU-DEU-DEA5B,Zone_5A Cool Humid,sfh,rur,950.0
C-WEU-DEU,C-WEU-DEU-DEA5C,Zone_5A Cool Humid,mfh,urb,4456.0
C-WEU-DEU,C-WEU-DEU-DEA5C,Zone_5A Cool Humid,mfh,rur,4456.0
C-WEU-DEU,C-WEU-DEU-DEA5C,Zone_5A Cool Humid,sfh,urb,778.5
C-WEU-DEU,C-WEU-DEU-DEA5C,Zone_5A Cool Humid,sfh,rur,778.5
C-WEU-DEU,C-WEU-DEU-DEB11,Zone_5A Cool Humid,mfh,urb,2237.0
C-WEU-DEU,C-WEU-DEU-DEB11,Zone_5A Cool Humid,mfh,rur,2237.0
C-WEU-DEU,C-WEU-DEU-DEB11,Zone_5A Cool Humid,sfh,urb,286.5
C-WEU-DEU,C-WEU-DEU-DEB11,Zone_5A Cool Humid,sfh,rur,286.5
C-WEU-DEU,C-WEU-DEU-DEB12,Zone_5A Cool Humid,mfh,urb,2671.0
C-WEU-DEU,C-WEU-DEU-DEB12,Zone_5A Cool Humid,mfh,rur,2671.0
C-WEU-DEU,C-WEU-DEU-DEB12,Zone_5A Cool Humid,sfh,urb,1304.5
C-WEU-DEU,C-WEU-DEU-DEB12,Zone_5A Cool Humid,sfh,rur,1304.5
C-WEU-DEU,C-WEU-DEU-DEB13,Zone_5A Cool Humid,mfh,urb,1884.5
C-WEU-DEU,C-WEU-DEU-DEB13,Zone_5A Cool Humid,mfh,rur,1884.5
C-WEU-DEU,C-WEU-DEU-DEB13,Zone_5A Cool Humid,sfh,urb,925.0
C-WEU-DEU,C-WEU-DEU-DEB13,Zone_5A Cool Humid,sfh,rur,925.0
C-WEU-DEU,C-WEU-DEU-DEB14,Zone_5A Cool Humid,mfh,urb,2108.5
C-WEU-DEU,C-WEU-DEU-DEB14,Zone_5A Cool Humid,mfh,rur,2108.5
C-WEU-DEU,C-WEU-DEU-DEB14,Zone_5A Cool Humid,sfh,urb,1084.5
C-WEU-DEU,C-WEU-DEU-DEB14,Zone_5A Cool Humid,sfh,rur,1084.5
C-WEU-DEU,C-WEU-DEU-DEB15,Zone_5A Cool Humid,mfh,urb,1621.5
C-WEU-DEU,C-WEU-DEU-DEB15,Zone_5A Cool Humid,mfh,rur,1621.5
C-WEU-DEU,C-WEU-DEU-DEB15,Zone_5A Cool Humid,sfh,urb,799.5
C-WEU-DEU,C-WEU-DEU-DEB15,Zone_5A Cool Humid,sfh,rur,799.5
C-WEU-DEU,C-WEU-DEU-DEB17,Zone_5A Cool Humid,mfh,urb,3565.5
C-WEU-DEU,C-WEU-DEU-DEB17,Zone_5A Cool Humid,mfh,rur,3565.5
C-WEU-DEU,C-WEU-DEU-DEB17,Zone_5A Cool Humid,sfh,urb,1332.0
C-WEU-DEU,C-WEU-DEU-DEB17,Zone_5A Cool Humid,sfh,rur,1332.0
C-WEU-DEU,C-WEU-DEU-DEB18,Zone_4A Mixed Humid,mfh,urb,2615.0
C-WEU-DEU,C-WEU-DEU-DEB18,Zone_4A Mixed Humid,mfh,rur,2615.0
C-WEU-DEU,C-WEU-DEU-DEB18,Zone_4A Mixed Humid,sfh,urb,993.0
C-WEU-DEU,C-WEU-DEU-DEB18,Zone_4A Mixed Humid,sfh,rur,993.0
C-WEU-DEU,C-WEU-DEU-DEB1A,Zone_5A Cool Humid,mfh,urb,2133.5
C-WEU-DEU,C-WEU-DEU-DEB1A,Zone_5A Cool Humid,mfh,rur,2133.5
C-WEU-DEU,C-WEU-DEU-DEB1A,Zone_5A Cool Humid,sfh,urb,832.5
C-WEU-DEU,C-WEU-DEU-DEB1A,Zone_5A Cool Humid,sfh,rur,832.5
C-WEU-DEU,C-WEU-DEU-DEB1B,Zone_5A Cool Humid,mfh,urb,2598.5
C-WEU-DEU,C-WEU-DEU-DEB1B,Zone_5A Cool Humid,mfh,rur,2598.5
C-WEU-DEU,C-WEU-DEU-DEB1B,Zone_5A Cool Humid,sfh,urb,1278.5
C-WEU-DEU,C-WEU-DEU-DEB1B,Zone_5A Cool Humid,sfh,rur,1278.5
C-WEU-DEU,C-WEU-DEU-DEB1C,Zone_5A Cool Humid,mfh,urb,1335.5
C-WEU-DEU,C-WEU-DEU-DEB1C,Zone_5A Cool Humid,mfh,rur,1335.5
C-WEU-DEU,C-WEU-DEU-DEB1C,Zone_5A Cool Humid,sfh,urb,929.0
C-WEU-DEU,C-WEU-DEU-DEB1C,Zone_5A Cool Humid,sfh,rur,929.0
C-WEU-DEU,C-WEU-DEU-DEB1D,Zone_5A Cool Humid,mfh,urb,2030.5
C-WEU-DEU,C-WEU-DEU-DEB1D,Zone_5A Cool Humid,mfh,rur,2030.5
C-WEU-DEU,C-WEU-DEU-DEB1D,Zone_5A Cool Humid,sfh,urb,923.0
C-WEU-DEU,C-WEU-DEU-DEB1D,Zone_5A Cool Humid,sfh,rur,923.0
C-WEU-DEU,C-WEU-DEU-DEB21,Zone_5A Cool Humid,mfh,urb,3008.0
C-WEU-DEU,C-WEU-DEU-DEB21,Zone_5A Cool Humid,mfh,rur,3008.0
C-WEU-DEU,C-WEU-DEU-DEB21,Zone_5A Cool Humid,sfh,urb,292.5
C-WEU-DEU,C-WEU-DEU-DEB21,Zone_5A Cool Humid,sfh,rur,292.5
C-WEU-DEU,C-WEU-DEU-DEB22,Zone_5A Cool Humid,mfh,urb,2329.5
C-WEU-DEU,C-WEU-DEU-DEB22,Zone_5A Cool Humid,mfh,rur,2329.5
C-WEU-DEU,C-WEU-DEU-DEB22,Zone_5A Cool Humid,sfh,urb,1577.0
C-WEU-DEU,C-WEU-DEU-DEB22,Zone_5A Cool Humid,sfh,rur,1577.0
C-WEU-DEU,C-WEU-DEU-DEB23,Zone_5A Cool Humid,mfh,urb,1977.5
C-WEU-DEU,C-WEU-DEU-DEB23,Zone_5A Cool Humid,mfh,rur,1977.5
C-WEU-DEU,C-WEU-DEU-DEB23,Zone_5A Cool Humid,sfh,urb,1640.0
C-WEU-DEU,C-WEU-DEU-DEB23,Zone_5A Cool Humid,sfh,rur,1640.0
C-WEU-DEU,C-WEU-DEU-DEB24,Zone_5A Cool Humid,mfh,urb,1210.5
C-WEU-DEU,C-WEU-DEU-DEB24,Zone_5A Cool Humid,mfh,rur,1210.5
C-WEU-DEU,C-WEU-DEU-DEB24,Zone_5A Cool Humid,sfh,urb,1276.0
C-WEU-DEU,C-WEU-DEU-DEB24,Zone_5A Cool Humid,sfh,rur,1276.0
C-WEU-DEU,C-WEU-DEU-DEB25,Zone_5A Cool Humid,mfh,urb,2279.0
C-WEU-DEU,C-WEU-DEU-DEB25,Zone_5A Cool Humid,mfh,rur,2279.0
C-WEU-DEU,C-WEU-DEU-DEB25,Zone_5A Cool Humid,sfh,urb,1106.0
C-WEU-DEU,C-WEU-DEU-DEB25,Zone_5A Cool Humid,sfh,rur,1106.0
C-WEU-DEU,C-WEU-DEU-DEB31,Zone_4A Mixed Humid,mfh,urb,626.0
C-WEU-DEU,C-WEU-DEU-DEB31,Zone_4A Mixed Humid,mfh,rur,626.0
C-WEU-DEU,C-WEU-DEU-DEB31,Zone_4A Mixed Humid,sfh,urb,123.0
C-WEU-DEU,C-WEU-DEU-DEB31,Zone_4A Mixed Humid,sfh,rur,123.0
C-WEU-DEU,C-WEU-DEU-DEB32,Zone_5A Cool Humid,mfh,urb,2121.0
C-WEU-DEU,C-WEU-DEU-DEB32,Zone_5A Cool Humid,mfh,rur,2121.0
C-WEU-DEU,C-WEU-DEU-DEB32,Zone_5A Cool Humid,sfh,urb,646.5
C-WEU-DEU,C-WEU-DEU-DEB32,Zone_5A Cool Humid,sfh,rur,646.5
C-WEU-DEU,C-WEU-DEU-DEB33,Zone_4A Mixed Humid,mfh,urb,727.0
C-WEU-DEU,C-WEU-DEU-DEB33,Zone_4A Mixed Humid,mfh,rur,727.0
C-WEU-DEU,C-WEU-DEU-DEB33,Zone_4A Mixed Humid,sfh,urb,159.0
C-WEU-DEU,C-WEU-DEU-DEB33,Zone_4A Mixed Humid,sfh,rur,159.0
C-WEU-DEU,C-WEU-DEU-DEB34,Zone_4A Mixed Humid,mfh,urb,1823.5
C-WEU-DEU,C-WEU-DEU-DEB34,Zone_4A Mixed Humid,mfh,rur,1823.5
C-WEU-DEU,C-WEU-DEU-DEB34,Zone_4A Mixed Humid,sfh,urb,323.5
C-WEU-DEU,C-WEU-DEU-DEB34,Zone_4A Mixed Humid,sfh,rur,323.5
C-WEU-DEU,C-WEU-DEU-DEB35,Zone_4A Mixed Humid,mfh,urb,2998.0
C-WEU-DEU,C-WEU-DEU-DEB35,Zone_4A Mixed Humid,mfh,rur,2998.0
C-WEU-DEU,C-WEU-DEU-DEB35,Zone_4A Mixed Humid,sfh,urb,328.5
C-WEU-DEU,C-WEU-DEU-DEB35,Zone_4A Mixed Humid,sfh,rur,328.5
C-WEU-DEU,C-WEU-DEU-DEB36,Zone_4A Mixed Humid,mfh,urb,1105.5
C-WEU-DEU,C-WEU-DEU-DEB36,Zone_4A Mixed Humid,mfh,rur,1105.5
C-WEU-DEU,C-WEU-DEU-DEB36,Zone_4A Mixed Humid,sfh,urb,341.5
C-WEU-DEU,C-WEU-DEU-DEB36,Zone_4A Mixed Humid,sfh,rur,341.5
C-WEU-DEU,C-WEU-DEU-DEB37,Zone_5A Cool Humid,mfh,urb,1593.5
C-WEU-DEU,C-WEU-DEU-DEB37,Zone_5A Cool Humid,mfh,rur,1593.5
C-WEU-DEU,C-WEU-DEU-DEB37,Zone_5A Cool Humid,sfh,urb,185.0
C-WEU-DEU,C-WEU-DEU-DEB37,Zone_5A Cool Humid,sfh,rur,185.0
C-WEU-DEU,C-WEU-DEU-DEB38,Zone_4A Mixed Humid,mfh,urb,901.0
C-WEU-DEU,C-WEU-DEU-DEB38,Zone_4A Mixed Humid,mfh,rur,901.0
C-WEU-DEU,C-WEU-DEU-DEB38,Zone_4A Mixed Humid,sfh,urb,156.0
C-WEU-DEU,C-WEU-DEU-DEB38,Zone_4A Mixed Humid,sfh,rur,156.0
C-WEU-DEU,C-WEU-DEU-DEB39,Zone_4A Mixed Humid,mfh,urb,1253.5
C-WEU-DEU,C-WEU-DEU-DEB39,Zone_4A Mixed Humid,mfh,rur,1253.5
C-WEU-DEU,C-WEU-DEU-DEB39,Zone_4A Mixed Humid,sfh,urb,332.5
C-WEU-DEU,C-WEU-DEU-DEB39,Zone_4A Mixed Humid,sfh,rur,332.5
C-WEU-DEU,C-WEU-DEU-DEB3A,Zone_5A Cool Humid,mfh,urb,746.5
C-WEU-DEU,C-WEU-DEU-DEB3A,Zone_5A Cool Humid,mfh,rur,746.5
C-WEU-DEU,C-WEU-DEU-DEB3A,Zone_5A Cool Humid,sfh,urb,161.0
C-WEU-DEU,C-WEU-DEU-DEB3A,Zone_5A Cool Humid,sfh,rur,161.0
C-WEU-DEU,C-WEU-DEU-DEB3B,Zone_4A Mixed Humid,mfh,urb,1379.5
C-WEU-DEU,C-WEU-DEU-DEB3B,Zone_4A Mixed Humid,mfh,rur,1379.5
C-WEU-DEU,C-WEU-DEU-DEB3B,Zone_4A Mixed Humid,sfh,urb,914.5
C-WEU-DEU,C-WEU-DEU-DEB3B,Zone_4A Mixed Humid,sfh,rur,914.5
C-WEU-DEU,C-WEU-DEU-DEB3C,Zone_4A Mixed Humid,mfh,urb,1939.0
C-WEU-DEU,C-WEU-DEU-DEB3C,Zone_4A Mixed Humid,mfh,rur,1939.0
C-WEU-DEU,C-WEU-DEU-DEB3C,Zone_4A Mixed Humid,sfh,urb,1076.5
C-WEU-DEU,C-WEU-DEU-DEB3C,Zone_4A Mixed Humid,sfh,rur,1076.5
C-WEU-DEU,C-WEU-DEU-DEB3D,Zone_5A Cool Humid,mfh,urb,1102.5
C-WEU-DEU,C-WEU-DEU-DEB3D,Zone_5A Cool Humid,mfh,rur,1102.5
C-WEU-DEU,C-WEU-DEU-DEB3D,Zone_5A Cool Humid,sfh,urb,787.5
C-WEU-DEU,C-WEU-DEU-DEB3D,Zone_5A Cool Humid,sfh,rur,787.5
C-WEU-DEU,C-WEU-DEU-DEB3E,Zone_4A Mixed Humid,mfh,urb,1484.0
C-WEU-DEU,C-WEU-DEU-DEB3E,Zone_4A Mixed Humid,mfh,rur,1484.0
C-WEU-DEU,C-WEU-DEU-DEB3E,Zone_4A Mixed Humid,sfh,urb,580.0
C-WEU-DEU,C-WEU-DEU-DEB3E,Zone_4A Mixed Humid,sfh,rur,580.0
C-WEU-DEU,C-WEU-DEU-DEB3F,Zone_5A Cool Humid,mfh,urb,2346.0
C-WEU-DEU,C-WEU-DEU-DEB3F,Zone_5A Cool Humid,mfh,rur,2346.0
C-WEU-DEU,C-WEU-DEU-DEB3F,Zone_5A Cool Humid,sfh,urb,2773.0
C-WEU-DEU,C-WEU-DEU-DEB3F,Zone_5A Cool Humid,sfh,rur,2773.0
C-WEU-DEU,C-WEU-DEU-DEB3G,Zone_5A Cool Humid,mfh,urb,1325.0
C-WEU-DEU,C-WEU-DEU-DEB3G,Zone_5A Cool Humid,mfh,rur,1325.0
C-WEU-DEU,C-WEU-DEU-DEB3G,Zone_5A Cool Humid,sfh,urb,1159.5
C-WEU-DEU,C-WEU-DEU-DEB3G,Zone_5A Cool Humid,sfh,rur,1159.5
C-WEU-DEU,C-WEU-DEU-DEB3H,Zone_4A Mixed Humid,mfh,urb,1782.5
C-WEU-DEU,C-WEU-DEU-DEB3H,Zone_4A Mixed Humid,mfh,rur,1782.5
C-WEU-DEU,C-WEU-DEU-DEB3H,Zone_4A Mixed Humid,sfh,urb,1009.0
C-WEU-DEU,C-WEU-DEU-DEB3H,Zone_4A Mixed Humid,sfh,rur,1009.0
C-WEU-DEU,C-WEU-DEU-DEB3I,Zone_4A Mixed Humid,mfh,urb,1594.0
C-WEU-DEU,C-WEU-DEU-DEB3I,Zone_4A Mixed Humid,mfh,rur,1594.0
C-WEU-DEU,C-WEU-DEU-DEB3I,Zone_4A Mixed Humid,sfh,urb,842.0
C-WEU-DEU,C-WEU-DEU-DEB3I,Zone_4A Mixed Humid,sfh,rur,842.0
C-WEU-DEU,C-WEU-DEU-DEB3J,Zone_4A Mixed Humid,mfh,urb,3458.5
C-WEU-DEU,C-WEU-DEU-DEB3J,Zone_4A Mixed Humid,mfh,rur,3458.5
C-WEU-DEU,C-WEU-DEU-DEB3J,Zone_4A Mixed Humid,sfh,urb,1360.0
C-WEU-DEU,C-WEU-DEU-DEB3J,Zone_4A Mixed Humid,sfh,rur,1360.0
C-WEU-DEU,C-WEU-DEU-DEB3K,Zone_5A Cool Humid,mfh,urb,1811.0
C-WEU-DEU,C-WEU-DEU-DEB3K,Zone_5A Cool Humid,mfh,rur,1811.0
C-WEU-DEU,C-WEU-DEU-DEB3K,Zone_5A Cool Humid,sfh,urb,1049.0
C-WEU-DEU,C-WEU-DEU-DEB3K,Zone_5A Cool Humid,sfh,rur,1049.0
C-WEU-DEU,C-WEU-DEU-DEC01,Zone_4A Mixed Humid,mfh,urb,6870.5
C-WEU-DEU,C-WEU-DEU-DEC01,Zone_4A Mixed Humid,mfh,rur,6870.5
C-WEU-DEU,C-WEU-DEU-DEC01,Zone_4A Mixed Humid,sfh,urb,1214.0
C-WEU-DEU,C-WEU-DEU-DEC01,Zone_4A Mixed Humid,sfh,rur,1214.0
C-WEU-DEU,C-WEU-DEU-DEC02,Zone_4A Mixed Humid,mfh,urb,1069.5
C-WEU-DEU,C-WEU-DEU-DEC02,Zone_4A Mixed Humid,mfh,rur,1069.5
C-WEU-DEU,C-WEU-DEU-DEC02,Zone_4A Mixed Humid,sfh,urb,648.5
C-WEU-DEU,C-WEU-DEU-DEC02,Zone_4A Mixed Humid,sfh,rur,648.5
C-WEU-DEU,C-WEU-DEU-DEC03,Zone_5A Cool Humid,mfh,urb,2318.5
C-WEU-DEU,C-WEU-DEU-DEC03,Zone_5A Cool Humid,mfh,rur,2318.5
C-WEU-DEU,C-WEU-DEU-DEC03,Zone_5A Cool Humid,sfh,urb,662.5
C-WEU-DEU,C-WEU-DEU-DEC03,Zone_5A Cool Humid,sfh,rur,662.5
C-WEU-DEU,C-WEU-DEU-DEC04,Zone_4A Mixed Humid,mfh,urb,2313.5
C-WEU-DEU,C-WEU-DEU-DEC04,Zone_4A Mixed Humid,mfh,rur,2313.5
C-WEU-DEU,C-WEU-DEU-DEC04,Zone_4A Mixed Humid,sfh,urb,908.0
C-WEU-DEU,C-WEU-DEU-DEC04,Zone_4A Mixed Humid,sfh,rur,908.0
C-WEU-DEU,C-WEU-DEU-DEC05,Zone_5A Cool Humid,mfh,urb,2159.5
C-WEU-DEU,C-WEU-DEU-DEC05,Zone_5A Cool Humid,mfh,rur,2159.5
C-WEU-DEU,C-WEU-DEU-DEC05,Zone_5A Cool Humid,sfh,urb,837.0
C-WEU-DEU,C-WEU-DEU-DEC05,Zone_5A Cool Humid,sfh,rur,837.0
C-WEU-DEU,C-WEU-DEU-DEC06,Zone_5A Cool Humid,mfh,urb,1068.5
C-WEU-DEU,C-WEU-DEU-DEC06,Zone_5A Cool Humid,mfh,rur,1068.5
C-WEU-DEU,C-WEU-DEU-DEC06,Zone_5A Cool Humid,sfh,urb,541.0
C-WEU-DEU,C-WEU-DEU-DEC06,Zone_5A Cool Humid,sfh,rur,541.0
C-WEU-DEU,C-WEU-DEU-DED21,Zone_5A Cool Humid,mfh,urb,11253.5
C-WEU-DEU,C-WEU-DEU-DED21,Zone_5A Cool Humid,mfh,rur,11253.5
C-WEU-DEU,C-WEU-DEU-DED21,Zone_5A Cool Humid,sfh,urb,524.0
C-WEU-DEU,C-WEU-DEU-DED21,Zone_5A Cool Humid,sfh,rur,524.0
C-WEU-DEU,C-WEU-DEU-DED2C,Zone_5A Cool Humid,mfh,urb,7433.5
C-WEU-DEU,C-WEU-DEU-DED2C,Zone_5A Cool Humid,mfh,rur,7433.5
C-WEU-DEU,C-WEU-DEU-DED2C,Zone_5A Cool Humid,sfh,urb,1464.5
C-WEU-DEU,C-WEU-DEU-DED2C,Zone_5A Cool Humid,sfh,rur,1464.5
C-WEU-DEU,C-WEU-DEU-DED2D,Zone_5A Cool Humid,mfh,urb,9941.0
C-WEU-DEU,C-WEU-DEU-DED2D,Zone_5A Cool Humid,mfh,rur,9941.0
C-WEU-DEU,C-WEU-DEU-DED2D,Zone_5A Cool Humid,sfh,urb,1406.0
C-WEU-DEU,C-WEU-DEU-DED2D,Zone_5A Cool Humid,sfh,rur,1406.0
C-WEU-DEU,C-WEU-DEU-DED2E,Zone_5A Cool Humid,mfh,urb,6561.0
C-WEU-DEU,C-WEU-DEU-DED2E,Zone_5A Cool Humid,mfh,rur,6561.0
C-WEU-DEU,C-WEU-DEU-DED2E,Zone_5A Cool Humid,sfh,urb,1018.0
C-WEU-DEU,C-WEU-DEU-DED2E,Zone_5A Cool Humid,sfh,rur,1018.0
C-WEU-DEU,C-WEU-DEU-DED2F,Zone_5A Cool Humid,mfh,urb,6317.5
C-WEU-DEU,C-WEU-DEU-DED2F,Zone_5A Cool Humid,mfh,rur,6317.5
C-WEU-DEU,C-WEU-DEU-DED2F,Zone_5A Cool Humid,sfh,urb,1002.5
C-WEU-DEU,C-WEU-DEU-DED2F,Zone_5A Cool Humid,sfh,rur,1002.5
C-WEU-DEU,C-WEU-DEU-DED41,Zone_5A Cool Humid,mfh,urb,10060.5
C-WEU-DEU,C-WEU-DEU-DED41,Zone_5A Cool Humid,mfh,rur,10060.5
C-WEU-DEU,C-WEU-DEU-DED41,Zone_5A Cool Humid,sfh,urb,266.0
C-WEU-DEU,C-WEU-DEU-DED41,Zone_5A Cool Humid,sfh,rur,266.0
C-WEU-DEU,C-WEU-DEU-DED42,Zone_5A Cool Humid,mfh,urb,13433.5
C-WEU-DEU,C-WEU-DEU-DED42,Zone_5A Cool Humid,mfh,rur,13433.5
C-WEU-DEU,C-WEU-DEU-DED42,Zone_5A Cool Humid,sfh,urb,1132.0
C-WEU-DEU,C-WEU-DEU-DED42,Zone_5A Cool Humid,sfh,rur,1132.0
C-WEU-DEU,C-WEU-DEU-DED43,Zone_5A Cool Humid,mfh,urb,11150.5
C-WEU-DEU,C-WEU-DEU-DED43,Zone_5A Cool Humid,mfh,rur,11150.5
C-WEU-DEU,C-WEU-DEU-DED43,Zone_5A Cool Humid,sfh,urb,1400.0
C-WEU-DEU,C-WEU-DEU-DED43,Zone_5A Cool Humid,sfh,rur,1400.0
C-WEU-DEU,C-WEU-DEU-DED44,Zone_5A Cool Humid,mfh,urb,9779.5
C-WEU-DEU,C-WEU-DEU-DED44,Zone_5A Cool Humid,mfh,rur,9779.5
C-WEU-DEU,C-WEU-DEU-DED44,Zone_5A Cool Humid,sfh,urb,1156.0
C-WEU-DEU,C-WEU-DEU-DED44,Zone_5A Cool Humid,sfh,rur,1156.0
C-WEU-DEU,C-WEU-DEU-DED45,Zone_5A Cool Humid,mfh,urb,13823.5
C-WEU-DEU,C-WEU-DEU-DED45,Zone_5A Cool Humid,mfh,rur,13823.5
C-WEU-DEU,C-WEU-DEU-DED45,Zone_5A Cool Humid,sfh,urb,944.5
C-WEU-DEU,C-WEU-DEU-DED45,Zone_5A Cool Humid,sfh,rur,944.5
C-WEU-DEU,C-WEU-DEU-DED51,Zone_5A Cool Humid,mfh,urb,12540.0
C-WEU-DEU,C-WEU-DEU-DED51,Zone_5A Cool Humid,mfh,rur,12540.0
C-WEU-DEU,C-WEU-DEU-DED51,Zone_5A Cool Humid,sfh,urb,490.5
C-WEU-DEU,C-WEU-DEU-DED51,Zone_5A Cool Humid,sfh,rur,490.5
C-WEU-DEU,C-WEU-DEU-DED52,Zone_5A Cool Humid,mfh,urb,5754.5
C-WEU-DEU,C-WEU-DEU-DED52,Zone_5A Cool Humid,mfh,rur,5754.5
C-WEU-DEU,C-WEU-DEU-DED52,Zone_5A Cool Humid,sfh,urb,1277.5
C-WEU-DEU,C-WEU-DEU-DED52,Zone_5A Cool Humid,sfh,rur,1277.5
C-WEU-DEU,C-WEU-DEU-DED53,Zone_5A Cool Humid,mfh,urb,4619.0
C-WEU-DEU,C-WEU-DEU-DED53,Zone_5A Cool Humid,mfh,rur,4619.0
C-WEU-DEU,C-WEU-DEU-DED53,Zone_5A Cool Humid,sfh,urb,1024.5
C-WEU-DEU,C-WEU-DEU-DED53,Zone_5A Cool Humid,sfh,rur,1024.5
C-WEU-DEU,C-WEU-DEU-DEE01,Zone_5A Cool Humid,mfh,urb,3729.0
C-WEU-DEU,C-WEU-DEU-DEE01,Zone_5A Cool Humid,mfh,rur,3729.0
C-WEU-DEU,C-WEU-DEU-DEE01,Zone_5A Cool Humid,sfh,urb,321.0
C-WEU-DEU,C-WEU-DEU-DEE01,Zone_5A Cool Humid,sfh,rur,321.0
C-WEU-DEU,C-WEU-DEU-DEE02,Zone_5A Cool Humid,mfh,urb,7639.0
C-WEU-DEU,C-WEU-DEU-DEE02,Zone_5A Cool Humid,mfh,rur,7639.0
C-WEU-DEU,C-WEU-DEU-DEE02,Zone_5A Cool Humid,sfh,urb,256.5
C-WEU-DEU,C-WEU-DEU-DEE02,Zone_5A Cool Humid,sfh,rur,256.5
C-WEU-DEU,C-WEU-DEU-DEE03,Zone_5A Cool Humid,mfh,urb,6063.0
C-WEU-DEU,C-WEU-DEU-DEE03,Zone_5A Cool Humid,mfh,rur,6063.0
C-WEU-DEU,C-WEU-DEU-DEE03,Zone_5A Cool Humid,sfh,urb,392.0
C-WEU-DEU,C-WEU-DEU-DEE03,Zone_5A Cool Humid,sfh,rur,392.0
C-WEU-DEU,C-WEU-DEU-DEE04,Zone_5A Cool Humid,mfh,urb,2152.0
C-WEU-DEU,C-WEU-DEU-DEE04,Zone_5A Cool Humid,mfh,rur,2152.0
C-WEU-DEU,C-WEU-DEU-DEE04,Zone_5A Cool Humid,sfh,urb,693.5
C-WEU-DEU,C-WEU-DEU-DEE04,Zone_5A Cool Humid,sfh,rur,693.5
C-WEU-DEU,C-WEU-DEU-DEE05,Zone_5A Cool Humid,mfh,urb,5177.0
C-WEU-DEU,C-WEU-DEU-DEE05,Zone_5A Cool Humid,mfh,rur,5177.0
C-WEU-DEU,C-WEU-DEU-DEE05,Zone_5A Cool Humid,sfh,urb,1073.5
C-WEU-DEU,C-WEU-DEU-DEE05,Zone_5A Cool Humid,sfh,rur,1073.5
C-WEU-DEU,C-WEU-DEU-DEE06,Zone_5A Cool Humid,mfh,urb,2418.5
C-WEU-DEU,C-WEU-DEU-DEE06,Zone_5A Cool Humid,mfh,rur,2418.5
C-WEU-DEU,C-WEU-DEU-DEE06,Zone_5A Cool Humid,sfh,urb,705.5
C-WEU-DEU,C-WEU-DEU-DEE06,Zone_5A Cool Humid,sfh,rur,705.5
C-WEU-DEU,C-WEU-DEU-DEE07,Zone_5A Cool Humid,mfh,urb,3899.5
C-WEU-DEU,C-WEU-DEU-DEE07,Zone_5A Cool Humid,mfh,rur,3899.5
C-WEU-DEU,C-WEU-DEU-DEE07,Zone_5A Cool Humid,sfh,urb,1131.5
C-WEU-DEU,C-WEU-DEU-DEE07,Zone_5A Cool Humid,sfh,rur,1131.5
C-WEU-DEU,C-WEU-DEU-DEE08,Zone_5A Cool Humid,mfh,urb,6037.5
C-WEU-DEU,C-WEU-DEU-DEE08,Zone_5A Cool Humid,mfh,rur,6037.5
C-WEU-DEU,C-WEU-DEU-DEE08,Zone_5A Cool Humid,sfh,urb,887.5
C-WEU-DEU,C-WEU-DEU-DEE08,Zone_5A Cool Humid,sfh,rur,887.5
C-WEU-DEU,C-WEU-DEU-DEE09,Zone_5A Cool Humid,mfh,urb,6770.0
C-WEU-DEU,C-WEU-DEU-DEE09,Zone_5A Cool Humid,mfh,rur,6770.0
C-WEU-DEU,C-WEU-DEU-DEE09,Zone_5A Cool Humid,sfh,urb,1497.0
C-WEU-DEU,C-WEU-DEU-DEE09,Zone_5A Cool Humid,sfh,rur,1497.0
C-WEU-DEU,C-WEU-DEU-DEE0A,Zone_5A Cool Humid,mfh,urb,3429.5
C-WEU-DEU,C-WEU-DEU-DEE0A,Zone_5A Cool Humid,mfh,rur,3429.5
C-WEU-DEU,C-WEU-DEU-DEE0A,Zone_5A Cool Humid,sfh,urb,1286.0
C-WEU-DEU,C-WEU-DEU-DEE0A,Zone_5A Cool Humid,sfh,rur,1286.0
C-WEU-DEU,C-WEU-DEU-DEE0B,Zone_5A Cool Humid,mfh,urb,4160.0
C-WEU-DEU,C-WEU-DEU-DEE0B,Zone_5A Cool Humid,mfh,rur,4160.0
C-WEU-DEU,C-WEU-DEU-DEE0B,Zone_5A Cool Humid,sfh,urb,1052.5
C-WEU-DEU,C-WEU-DEU-DEE0B,Zone_5A Cool Humid,sfh,rur,1052.5
C-WEU-DEU,C-WEU-DEU-DEE0C,Zone_5A Cool Humid,mfh,urb,6395.0
C-WEU-DEU,C-WEU-DEU-DEE0C,Zone_5A Cool Humid,mfh,rur,6395.0
C-WEU-DEU,C-WEU-DEU-DEE0C,Zone_5A Cool Humid,sfh,urb,1173.0
C-WEU-DEU,C-WEU-DEU-DEE0C,Zone_5A Cool Humid,sfh,rur,1173.0
C-WEU-DEU,C-WEU-DEU-DEE0D,Zone_5A Cool Humid,mfh,urb,3899.0
C-WEU-DEU,C-WEU-DEU-DEE0D,Zone_5A Cool Humid,mfh,rur,3899.0
C-WEU-DEU,C-WEU-DEU-DEE0D,Zone_5A Cool Humid,sfh,urb,1034.5
C-WEU-DEU,C-WEU-DEU-DEE0D,Zone_5A Cool Humid,sfh,rur,1034.5
C-WEU-DEU,C-WEU-DEU-DEE0E,Zone_5A Cool Humid,mfh,urb,3133.0
C-WEU-DEU,C-WEU-DEU-DEE0E,Zone_5A Cool Humid,mfh,rur,3133.0
C-WEU-DEU,C-WEU-DEU-DEE0E,Zone_5A Cool Humid,sfh,urb,952.0
C-WEU-DEU,C-WEU-DEU-DEE0E,Zone_5A Cool Humid,sfh,rur,952.0
C-WEU-DEU,C-WEU-DEU-DEF01,Zone_5A Cool Humid,mfh,urb,1000.0
C-WEU-DEU,C-WEU-DEU-DEF01,Zone_5A Cool Humid,mfh,rur,1000.0
C-WEU-DEU,C-WEU-DEU-DEF01,Zone_5A Cool Humid,sfh,urb,152.0
C-WEU-DEU,C-WEU-DEU-DEF01,Zone_5A Cool Humid,sfh,rur,152.0
C-WEU-DEU,C-WEU-DEU-DEF02,Zone_5A Cool Humid,mfh,urb,2487.0
C-WEU-DEU,C-WEU-DEU-DEF02,Zone_5A Cool Humid,mfh,rur,2487.0
C-WEU-DEU,C-WEU-DEU-DEF02,Zone_5A Cool Humid,sfh,urb,257.5
C-WEU-DEU,C-WEU-DEU-DEF02,Zone_5A Cool Humid,sfh,rur,257.5
C-WEU-DEU,C-WEU-DEU-DEF03,Zone_5A Cool Humid,mfh,urb,2545.0
C-WEU-DEU,C-WEU-DEU-DEF03,Zone_5A Cool Humid,mfh,rur,2545.0
C-WEU-DEU,C-WEU-DEU-DEF03,Zone_5A Cool Humid,sfh,urb,860.5
C-WEU-DEU,C-WEU-DEU-DEF03,Zone_5A Cool Humid,sfh,rur,860.5
C-WEU-DEU,C-WEU-DEU-DEF04,Zone_5A Cool Humid,mfh,urb,808.5
C-WEU-DEU,C-WEU-DEU-DEF04,Zone_5A Cool Humid,mfh,rur,808.5
C-WEU-DEU,C-WEU-DEU-DEF04,Zone_5A Cool Humid,sfh,urb,197.0
C-WEU-DEU,C-WEU-DEU-DEF04,Zone_5A Cool Humid,sfh,rur,197.0
C-WEU-DEU,C-WEU-DEU-DEF05,Zone_5A Cool Humid,mfh,urb,1910.5
C-WEU-DEU,C-WEU-DEU-DEF05,Zone_5A Cool Humid,mfh,rur,1910.5
C-WEU-DEU,C-WEU-DEU-DEF05,Zone_5A Cool Humid,sfh,urb,1625.5
C-WEU-DEU,C-WEU-DEU-DEF05,Zone_5A Cool Humid,sfh,rur,1625.5
C-WEU-DEU,C-WEU-DEU-DEF06,Zone_5A Cool Humid,mfh,urb,1489.0
C-WEU-DEU,C-WEU-DEU-DEF06,Zone_5A Cool Humid,mfh,rur,1489.0
C-WEU-DEU,C-WEU-DEU-DEF06,Zone_5A Cool Humid,sfh,urb,900.0
C-WEU-DEU,C-WEU-DEU-DEF06,Zone_5A Cool Humid,sfh,rur,900.0
C-WEU-DEU,C-WEU-DEU-DEF07,Zone_5A Cool Humid,mfh,urb,5739.0
C-WEU-DEU,C-WEU-DEU-DEF07,Zone_5A Cool Humid,mfh,rur,5739.0
C-WEU-DEU,C-WEU-DEU-DEF07,Zone_5A Cool Humid,sfh,urb,3608.5
C-WEU-DEU,C-WEU-DEU-DEF07,Zone_5A Cool Humid,sfh,rur,3608.5
C-WEU-DEU,C-WEU-DEU-DEF08,Zone_5A Cool Humid,mfh,urb,7653.5
C-WEU-DEU,C-WEU-DEU-DEF08,Zone_5A Cool Humid,mfh,rur,7653.5
C-WEU-DEU,C-WEU-DEU-DEF08,Zone_5A Cool Humid,sfh,urb,3174.5
C-WEU-DEU,C-WEU-DEU-DEF08,Zone_5A Cool Humid,sfh,rur,3174.5
C-WEU-DEU,C-WEU-DEU-DEF09,Zone_5A Cool Humid,mfh,urb,2071.5
C-WEU-DEU,C-WEU-DEU-DEF09,Zone_5A Cool Humid,mfh,rur,2071.5
C-WEU-DEU,C-WEU-DEU-DEF09,Zone_5A Cool Humid,sfh,urb,987.5
C-WEU-DEU,C-WEU-DEU-DEF09,Zone_5A Cool Humid,sfh,rur,987.5
C-WEU-DEU,C-WEU-DEU-DEF0A,Zone_5A Cool Humid,mfh,urb,2119.0
C-WEU-DEU,C-WEU-DEU-DEF0A,Zone_5A Cool Humid,mfh,rur,2119.0
C-WEU-DEU,C-WEU-DEU-DEF0A,Zone_5A Cool Humid,sfh,urb,1337.5
C-WEU-DEU,C-WEU-DEU-DEF0A,Zone_5A Cool Humid,sfh,rur,1337.5
C-WEU-DEU,C-WEU-DEU-DEF0B,Zone_5A Cool Humid,mfh,urb,2189.0
C-WEU-DEU,C-WEU-DEU-DEF0B,Zone_5A Cool Humid,mfh,rur,2189.0
C-WEU-DEU,C-WEU-DEU-DEF0B,Zone_5A Cool Humid,sfh,urb,1842.0
C-WEU-DEU,C-WEU-DEU-DEF0B,Zone_5A Cool Humid,sfh,rur,1842.0
C-WEU-DEU,C-WEU-DEU-DEF0C,Zone_5A Cool Humid,mfh,urb,2022.0
C-WEU-DEU,C-WEU-DEU-DEF0C,Zone_5A Cool Humid,mfh,rur,2022.0
C-WEU-DEU,C-WEU-DEU-DEF0C,Zone_5A Cool Humid,sfh,urb,1976.5
C-WEU-DEU,C-WEU-DEU-DEF0C,Zone_5A Cool Humid,sfh,rur,1976.5
C-WEU-DEU,C-WEU-DEU-DEF0D,Zone_5A Cool Humid,mfh,urb,1775.0
C-WEU-DEU,C-WEU-DEU-DEF0D,Zone_5A Cool Humid,mfh,rur,1775.0
C-WEU-DEU,C-WEU-DEU-DEF0D,Zone_5A Cool Humid,sfh,urb,1123.0
C-WEU-DEU,C-WEU-DEU-DEF0D,Zone_5A Cool Humid,sfh,rur,1123.0
C-WEU-DEU,C-WEU-DEU-DEF0E,Zone_5A Cool Humid,mfh,urb,1133.0
C-WEU-DEU,C-WEU-DEU-DEF0E,Zone_5A Cool Humid,mfh,rur,1133.0
C-WEU-DEU,C-WEU-DEU-DEF0E,Zone_5A Cool Humid,sfh,urb,680.5
C-WEU-DEU,C-WEU-DEU-DEF0E,Zone_5A Cool Humid,sfh,rur,680.5
C-WEU-DEU,C-WEU-DEU-DEF0F,Zone_5A Cool Humid,mfh,urb,1567.0
C-WEU-DEU,C-WEU-DEU-DEF0F,Zone_5A Cool Humid,mfh,rur,1567.0
C-WEU-DEU,C-WEU-DEU-DEF0F,Zone_5A Cool Humid,sfh,urb,841.5
C-WEU-DEU,C-WEU-DEU-DEF0F,Zone_5A Cool Humid,sfh,rur,841.5
C-WEU-DEU,C-WEU-DEU-DEG01,Zone_5A Cool Humid,mfh,urb,3613.5
C-WEU-DEU,C-WEU-DEU-DEG01,Zone_5A Cool Humid,mfh,rur,3613.5
C-WEU-DEU,C-WEU-DEU-DEG01,Zone_5A Cool Humid,sfh,urb,468.0
C-WEU-DEU,C-WEU-DEU-DEG01,Zone_5A Cool Humid,sfh,rur,468.0
C-WEU-DEU,C-WEU-DEU-DEG02,Zone_5A Cool Humid,mfh,urb,4095.0
C-WEU-DEU,C-WEU-DEU-DEG02,Zone_5A Cool Humid,mfh,rur,4095.0
C-WEU-DEU,C-WEU-DEU-DEG02,Zone_5A Cool Humid,sfh,urb,254.0
C-WEU-DEU,C-WEU-DEU-DEG02,Zone_5A Cool Humid,sfh,rur,254.0
C-WEU-DEU,C-WEU-DEU-DEG03,Zone_5A Cool Humid,mfh,urb,2600.5
C-WEU-DEU,C-WEU-DEU-DEG03,Zone_5A Cool Humid,mfh,rur,2600.5
C-WEU-DEU,C-WEU-DEU-DEG03,Zone_5A Cool Humid,sfh,urb,210.0
C-WEU-DEU,C-WEU-DEU-DEG03,Zone_5A Cool Humid,sfh,rur,210.0
C-WEU-DEU,C-WEU-DEU-DEG05,Zone_5A Cool Humid,mfh,urb,1012.5
C-WEU-DEU,C-WEU-DEU-DEG05,Zone_5A Cool Humid,mfh,rur,1012.5
C-WEU-DEU,C-WEU-DEU-DEG05,Zone_5A Cool Humid,sfh,urb,174.0
C-WEU-DEU,C-WEU-DEU-DEG05,Zone_5A Cool Humid,sfh,rur,174.0
C-WEU-DEU,C-WEU-DEU-DEG06,Zone_5A Cool Humid,mfh,urb,1558.5
C-WEU-DEU,C-WEU-DEU-DEG06,Zone_5A Cool Humid,mfh,rur,1558.5
C-WEU-DEU,C-WEU-DEU-DEG06,Zone_5A Cool Humid,sfh,urb,704.0
C-WEU-DEU,C-WEU-DEU-DEG06,Zone_5A Cool Humid,sfh,rur,704.0
C-WEU-DEU,C-WEU-DEU-DEG07,Zone_5A Cool Humid,mfh,urb,1709.5
C-WEU-DEU,C-WEU-DEU-DEG07,Zone_5A Cool Humid,mfh,rur,1709.5
C-WEU-DEU,C-WEU-DEU-DEG07,Zone_5A Cool Humid,sfh,urb,695.0
C-WEU-DEU,C-WEU-DEU-DEG07,Zone_5A Cool Humid,sfh,rur,695.0
C-WEU-DEU,C-WEU-DEU-DEG09,Zone_5A Cool Humid,mfh,urb,2842.5
C-WEU-DEU,C-WEU-DEU-DEG09,Zone_5A Cool Humid,mfh,rur,2842.5
C-WEU-DEU,C-WEU-DEU-DEG09,Zone_5A Cool Humid,sfh,urb,914.0
C-WEU-DEU,C-WEU-DEU-DEG09,Zone_5A Cool Humid,sfh,rur,914.0
C-WEU-DEU,C-WEU-DEU-DEG0A,Zone_5A Cool Humid,mfh,urb,1751.5
C-WEU-DEU,C-WEU-DEU-DEG0A,Zone_5A Cool Humid,mfh,rur,1751.5
C-WEU-DEU,C-WEU-DEU-DEG0A,Zone_5A Cool Humid,sfh,urb,1067.5
C-WEU-DEU,C-WEU-DEU-DEG0A,Zone_5A Cool Humid,sfh,rur,1067.5
C-WEU-DEU,C-WEU-DEU-DEG0C,Zone_5A Cool Humid,mfh,urb,2276.0
C-WEU-DEU,C-WEU-DEU-DEG0C,Zone_5A Cool Humid,mfh,rur,2276.0
C-WEU-DEU,C-WEU-DEU-DEG0C,Zone_5A Cool Humid,sfh,urb,668.0
C-WEU-DEU,C-WEU-DEU-DEG0C,Zone_5A Cool Humid,sfh,rur,668.0
C-WEU-DEU,C-WEU-DEU-DEG0D,Zone_5A Cool Humid,mfh,urb,956.0
C-WEU-DEU,C-WEU-DEU-DEG0D,Zone_5A Cool Humid,mfh,rur,956.0
C-WEU-DEU,C-WEU-DEU-DEG0D,Zone_5A Cool Humid,sfh,urb,697.0
C-WEU-DEU,C-WEU-DEU-DEG0D,Zone_5A Cool Humid,sfh,rur,697.0
C-WEU-DEU,C-WEU-DEU-DEG0E,Zone_5A Cool Humid,mfh,urb,1055.5
C-WEU-DEU,C-WEU-DEU-DEG0E,Zone_5A Cool Humid,mfh,rur,1055.5
C-WEU-DEU,C-WEU-DEU-DEG0E,Zone_5A Cool Humid,sfh,urb,683.0
C-WEU-DEU,C-WEU-DEU-DEG0E,Zone_5A Cool Humid,sfh,rur,683.0
C-WEU-DEU,C-WEU-DEU-DEG0G,Zone_5A Cool Humid,mfh,urb,1590.5
C-WEU-DEU,C-WEU-DEU-DEG0G,Zone_5A Cool Humid,mfh,rur,1590.5
C-WEU-DEU,C-WEU-DEU-DEG0G,Zone_5A Cool Humid,sfh,urb,642.0
C-WEU-DEU,C-WEU-DEU-DEG0G,Zone_5A Cool Humid,sfh,rur,642.0
C-WEU-DEU,C-WEU-DEU-DEG0J,Zone_5A Cool Humid,mfh,urb,1554.5
C-WEU-DEU,C-WEU-DEU-DEG0J,Zone_5A Cool Humid,mfh,rur,1554.5
C-WEU-DEU,C-WEU-DEU-DEG0J,Zone_5A Cool Humid,sfh,urb,484.0
C-WEU-DEU,C-WEU-DEU-DEG0J,Zone_5A Cool Humid,sfh,rur,484.0
C-WEU-DEU,C-WEU-DEU-DEG0K,Zone_5A Cool Humid,mfh,urb,2538.5
C-WEU-DEU,C-WEU-DEU-DEG0K,Zone_5A Cool Humid,mfh,rur,2538.5
C-WEU-DEU,C-WEU-DEU-DEG0K,Zone_5A Cool Humid,sfh,urb,884.0
C-WEU-DEU,C-WEU-DEU-DEG0K,Zone_5A Cool Humid,sfh,rur,884.0
C-WEU-DEU,C-WEU-DEU-DEG0L,Zone_5A Cool Humid,mfh,urb,3224.0
C-WEU-DEU,C-WEU-DEU-DEG0L,Zone_5A Cool Humid,mfh,rur,3224.0
C-WEU-DEU,C-WEU-DEU-DEG0L,Zone_5A Cool Humid,sfh,urb,821.5
C-WEU-DEU,C-WEU-DEU-DEG0L,Zone_5A Cool Humid,sfh,rur,821.5
C-WEU-DEU,C-WEU-DEU-DEG0M,Zone_5A Cool Humid,mfh,urb,4336.0
C-WEU-DEU,C-WEU-DEU-DEG0M,Zone_5A Cool Humid,mfh,rur,4336.0
C-WEU-DEU,C-WEU-DEU-DEG0M,Zone_5A Cool Humid,sfh,urb,610.5
C-WEU-DEU,C-WEU-DEU-DEG0M,Zone_5A Cool Humid,sfh,rur,610.5
C-WEU-DEU,C-WEU-DEU-DEG0Q,Zone_5A Cool Humid,mfh,urb,2592.5
C-WEU-DEU,C-WEU-DEU-DEG0Q,Zone_5A Cool Humid,mfh,rur,2592.5
C-WEU-DEU,C-WEU-DEU-DEG0Q,Zone_5A Cool Humid,sfh,urb,1378.5
C-WEU-DEU,C-WEU-DEU-DEG0Q,Zone_5A Cool Humid,sfh,rur,1378.5
C-WEU-DEU,C-WEU-DEU-DEG0R,Zone_5A Cool Humid,mfh,urb,3536.0
C-WEU-DEU,C-WEU-DEU-DEG0R,Zone_5A Cool Humid,mfh,rur,3536.0
C-WEU-DEU,C-WEU-DEU-DEG0R,Zone_5A Cool Humid,sfh,urb,1299.5
C-WEU-DEU,C-WEU-DEU-DEG0R,Zone_5A Cool Humid,sfh,rur,1299.5
C-WEU-DEU,C-WEU-DEU-DEG0S,Zone_5A Cool Humid,mfh,urb,1329.0
C-WEU-DEU,C-WEU-DEU-DEG0S,Zone_5A Cool Humid,mfh,rur,1329.0
C-WEU-DEU,C-WEU-DEU-DEG0S,Zone_5A Cool Humid,sfh,urb,275.0
C-WEU-DEU,C-WEU-DEU-DEG0S,Zone_5A Cool Humid,sfh,rur,275.0
C-WEU-DEU,C-WEU-DEU-DEG0T,Zone_5A Cool Humid,mfh,urb,2296.5
C-WEU-DEU,C-WEU-DEU-DEG0T,Zone_5A Cool Humid,mfh,rur,2296.5
C-WEU-DEU,C-WEU-DEU-DEG0T,Zone_5A Cool Humid,sfh,urb,832.0
C-WEU-DEU,C-WEU-DEU-DEG0T,Zone_5A Cool Humid,sfh,rur,832.0
C-WEU-DEU,C-WEU-DEU-DEG0U,Zone_5A Cool Humid,mfh,urb,2586.0
C-WEU-DEU,C-WEU-DEU-DEG0U,Zone_5A Cool Humid,mfh,rur,2586.0
C-WEU-DEU,C-WEU-DEU-DEG0U,Zone_5A Cool Humid,sfh,urb,953.0
C-WEU-DEU,C-WEU-DEU-DEG0U,Zone_5A Cool Humid,sfh,rur,953.0
C-WEU-DEU,C-WEU-DEU-DEG0V,Zone_5A Cool Humid,mfh,urb,1585.5
C-WEU-DEU,C-WEU-DEU-DEG0V,Zone_5A Cool Humid,mfh,rur,1585.5
C-WEU-DEU,C-WEU-DEU-DEG0V,Zone_5A Cool Humid,sfh,urb,454.0
C-WEU-DEU,C-WEU-DEU-DEG0V,Zone_5A Cool Humid,sfh,rur,454.0
C-WEU-DNK,C-WEU-DNK-DK011,Zone_5A Cool Humid,mfh,urb,12828.0
C-WEU-DNK,C-WEU-DNK-DK011,Zone_5A Cool Humid,mfh,rur,12828.0
C-WEU-DNK,C-WEU-DNK-DK011,Zone_5A Cool Humid,sfh,urb,409.5
C-WEU-DNK,C-WEU-DNK-DK011,Zone_5A Cool Humid,sfh,rur,409.5
C-WEU-DNK,C-WEU-DNK-DK012,Zone_5A Cool Humid,mfh,urb,6611.5
C-WEU-DNK,C-WEU-DNK-DK012,Zone_5A Cool Humid,mfh,rur,6611.5
C-WEU-DNK,C-WEU-DNK-DK012,Zone_5A Cool Humid,sfh,urb,1004.5
C-WEU-DNK,C-WEU-DNK-DK012,Zone_5A Cool Humid,sfh,rur,1004.5
C-WEU-DNK,C-WEU-DNK-DK013,Zone_5A Cool Humid,mfh,urb,17032.5
C-WEU-DNK,C-WEU-DNK-DK013,Zone_5A Cool Humid,mfh,rur,17032.5
C-WEU-DNK,C-WEU-DNK-DK013,Zone_5A Cool Humid,sfh,urb,2196.5
C-WEU-DNK,C-WEU-DNK-DK013,Zone_5A Cool Humid,sfh,rur,2196.5
C-WEU-DNK,C-WEU-DNK-DK014,Zone_5A Cool Humid,mfh,urb,2671.5
C-WEU-DNK,C-WEU-DNK-DK014,Zone_5A Cool Humid,mfh,rur,2671.5
C-WEU-DNK,C-WEU-DNK-DK014,Zone_5A Cool Humid,sfh,urb,910.0
C-WEU-DNK,C-WEU-DNK-DK014,Zone_5A Cool Humid,sfh,rur,910.0
C-WEU-DNK,C-WEU-DNK-DK021,Zone_5A Cool Humid,mfh,urb,2158.5
C-WEU-DNK,C-WEU-DNK-DK021,Zone_5A Cool Humid,mfh,rur,2158.5
C-WEU-DNK,C-WEU-DNK-DK021,Zone_5A Cool Humid,sfh,urb,820.0
C-WEU-DNK,C-WEU-DNK-DK021,Zone_5A Cool Humid,sfh,rur,820.0
C-WEU-DNK,C-WEU-DNK-DK022,Zone_5A Cool Humid,mfh,urb,33704.0
C-WEU-DNK,C-WEU-DNK-DK022,Zone_5A Cool Humid,mfh,rur,33704.0
C-WEU-DNK,C-WEU-DNK-DK022,Zone_5A Cool Humid,sfh,urb,6753.0
C-WEU-DNK,C-WEU-DNK-DK022,Zone_5A Cool Humid,sfh,rur,6753.0
C-WEU-DNK,C-WEU-DNK-DK031,Zone_5A Cool Humid,mfh,urb,10556.5
C-WEU-DNK,C-WEU-DNK-DK031,Zone_5A Cool Humid,mfh,rur,10556.5
C-WEU-DNK,C-WEU-DNK-DK031,Zone_5A Cool Humid,sfh,urb,4679.5
C-WEU-DNK,C-WEU-DNK-DK031,Zone_5A Cool Humid,sfh,rur,4679.5
C-WEU-DNK,C-WEU-DNK-DK032,Zone_5A Cool Humid,mfh,urb,19216.0
C-WEU-DNK,C-WEU-DNK-DK032,Zone_5A Cool Humid,mfh,rur,19216.0
C-WEU-DNK,C-WEU-DNK-DK032,Zone_5A Cool Humid,sfh,urb,5235.0
C-WEU-DNK,C-WEU-DNK-DK032,Zone_5A Cool Humid,sfh,rur,5235.0
C-WEU-DNK,C-WEU-DNK-DK041,Zone_5A Cool Humid,mfh,urb,14486.5
C-WEU-DNK,C-WEU-DNK-DK041,Zone_5A Cool Humid,mfh,rur,14486.5
C-WEU-DNK,C-WEU-DNK-DK041,Zone_5A Cool Humid,sfh,urb,4101.5
C-WEU-DNK,C-WEU-DNK-DK041,Zone_5A Cool Humid,sfh,rur,4101.5
C-WEU-DNK,C-WEU-DNK-DK042,Zone_5A Cool Humid,mfh,urb,19801.5
C-WEU-DNK,C-WEU-DNK-DK042,Zone_5A Cool Humid,mfh,rur,19801.5
C-WEU-DNK,C-WEU-DNK-DK042,Zone_5A Cool Humid,sfh,urb,4986.0
C-WEU-DNK,C-WEU-DNK-DK042,Zone_5A Cool Humid,sfh,rur,4986.0
C-WEU-DNK,C-WEU-DNK-DK050,Zone_5A Cool Humid,mfh,urb,25387.0
C-WEU-DNK,C-WEU-DNK-DK050,Zone_5A Cool Humid,mfh,rur,25387.0
C-WEU-DNK,C-WEU-DNK-DK050,Zone_5A Cool Humid,sfh,urb,7316.5
C-WEU-DNK,C-WEU-DNK-DK050,Zone_5A Cool Humid,sfh,rur,7316.5
C-WEU-ESP,C-WEU-ESP-ES111,Zone_3C Warm Marine,mfh,urb,72206.0
C-WEU-ESP,C-WEU-ESP-ES111,Zone_3C Warm Marine,mfh,rur,72206.0
C-WEU-ESP,C-WEU-ESP-ES111,Zone_3C Warm Marine,sfh,urb,44370.5
C-WEU-ESP,C-WEU-ESP-ES111,Zone_3C Warm Marine,sfh,rur,44370.5
C-WEU-ESP,C-WEU-ESP-ES112,Zone_4C Mixed Marine,mfh,urb,28498.5
C-WEU-ESP,C-WEU-ESP-ES112,Zone_4C Mixed Marine,mfh,rur,28498.5
C-WEU-ESP,C-WEU-ESP-ES112,Zone_4C Mixed Marine,sfh,urb,37256.0
C-WEU-ESP,C-WEU-ESP-ES112,Zone_4C Mixed Marine,sfh,rur,37256.0
C-WEU-ESP,C-WEU-ESP-ES113,Zone_4C Mixed Marine,mfh,urb,20454.5
C-WEU-ESP,C-WEU-ESP-ES113,Zone_4C Mixed Marine,mfh,rur,20454.5
C-WEU-ESP,C-WEU-ESP-ES113,Zone_4C Mixed Marine,sfh,urb,48820.0
C-WEU-ESP,C-WEU-ESP-ES113,Zone_4C Mixed Marine,sfh,rur,48820.0
C-WEU-ESP,C-WEU-ESP-ES114,Zone_4C Mixed Marine,mfh,urb,44629.5
C-WEU-ESP,C-WEU-ESP-ES114,Zone_4C Mixed Marine,mfh,rur,44629.5
C-WEU-ESP,C-WEU-ESP-ES114,Zone_4C Mixed Marine,sfh,urb,35423.0
C-WEU-ESP,C-WEU-ESP-ES114,Zone_4C Mixed Marine,sfh,rur,35423.0
C-WEU-ESP,C-WEU-ESP-ES120,Zone_4C Mixed Marine,mfh,urb,62666.5
C-WEU-ESP,C-WEU-ESP-ES120,Zone_4C Mixed Marine,mfh,rur,62666.5
C-WEU-ESP,C-WEU-ESP-ES120,Zone_4C Mixed Marine,sfh,urb,51179.5
C-WEU-ESP,C-WEU-ESP-ES120,Zone_4C Mixed Marine,sfh,rur,51179.5
C-WEU-ESP,C-WEU-ESP-ES130,Zone_4A Mixed Humid,mfh,urb,53700.0
C-WEU-ESP,C-WEU-ESP-ES130,Zone_4A Mixed Humid,mfh,rur,53700.0
C-WEU-ESP,C-WEU-ESP-ES130,Zone_4A Mixed Humid,sfh,urb,18890.5
C-WEU-ESP,C-WEU-ESP-ES130,Zone_4A Mixed Humid,sfh,rur,18890.5
C-WEU-ESP,C-WEU-ESP-ES211,Zone_4A Mixed Humid,mfh,urb,9598.0
C-WEU-ESP,C-WEU-ESP-ES211,Zone_4A Mixed Humid,mfh,rur,9598.0
C-WEU-ESP,C-WEU-ESP-ES211,Zone_4A Mixed Humid,sfh,urb,4336.5
C-WEU-ESP,C-WEU-ESP-ES211,Zone_4A Mixed Humid,sfh,rur,4336.5
C-WEU-ESP,C-WEU-ESP-ES212,Zone_3A Warm Humid,mfh,urb,23395.0
C-WEU-ESP,C-WEU-ESP-ES212,Zone_3A Warm Humid,mfh,rur,23395.0
C-WEU-ESP,C-WEU-ESP-ES212,Zone_3A Warm Humid,sfh,urb,2521.5
C-WEU-ESP,C-WEU-ESP-ES212,Zone_3A Warm Humid,sfh,rur,2521.5
C-WEU-ESP,C-WEU-ESP-ES213,Zone_4A Mixed Humid,mfh,urb,33036.5
C-WEU-ESP,C-WEU-ESP-ES213,Zone_4A Mixed Humid,mfh,rur,33036.5
C-WEU-ESP,C-WEU-ESP-ES213,Zone_4A Mixed Humid,sfh,urb,4858.0
C-WEU-ESP,C-WEU-ESP-ES213,Zone_4A Mixed Humid,sfh,rur,4858.0
C-WEU-ESP,C-WEU-ESP-ES220,Zone_4A Mixed Humid,mfh,urb,27514.5
C-WEU-ESP,C-WEU-ESP-ES220,Zone_4A Mixed Humid,mfh,rur,27514.5
C-WEU-ESP,C-WEU-ESP-ES220,Zone_4A Mixed Humid,sfh,urb,9664.0
C-WEU-ESP,C-WEU-ESP-ES220,Zone_4A Mixed Humid,sfh,rur,9664.0
C-WEU-ESP,C-WEU-ESP-ES230,Zone_4A Mixed Humid,mfh,urb,24497.0
C-WEU-ESP,C-WEU-ESP-ES230,Zone_4A Mixed Humid,mfh,rur,24497.0
C-WEU-ESP,C-WEU-ESP-ES230,Zone_4A Mixed Humid,sfh,urb,14946.5
C-WEU-ESP,C-WEU-ESP-ES230,Zone_4A Mixed Humid,sfh,rur,14946.5
C-WEU-ESP,C-WEU-ESP-ES241,Zone_4A Mixed Humid,mfh,urb,24583.5
C-WEU-ESP,C-WEU-ESP-ES241,Zone_4A Mixed Humid,mfh,rur,24583.5
C-WEU-ESP,C-WEU-ESP-ES241,Zone_4A Mixed Humid,sfh,urb,16194.5
C-WEU-ESP,C-WEU-ESP-ES241,Zone_4A Mixed Humid,sfh,rur,16194.5
C-WEU-ESP,C-WEU-ESP-ES242,Zone_4A Mixed Humid,mfh,urb,10736.0
C-WEU-ESP,C-WEU-ESP-ES242,Zone_4A Mixed Humid,mfh,rur,10736.0
C-WEU-ESP,C-WEU-ESP-ES242,Zone_4A Mixed Humid,sfh,urb,24770.5
C-WEU-ESP,C-WEU-ESP-ES242,Zone_4A Mixed Humid,sfh,rur,24770.5
C-WEU-ESP,C-WEU-ESP-ES243,Zone_3B Warm Dry,mfh,urb,40750.5
C-WEU-ESP,C-WEU-ESP-ES243,Zone_3B Warm Dry,mfh,rur,40750.5
C-WEU-ESP,C-WEU-ESP-ES243,Zone_3B Warm Dry,sfh,urb,33352.5
C-WEU-ESP,C-WEU-ESP-ES243,Zone_3B Warm Dry,sfh,rur,33352.5
C-WEU-ESP,C-WEU-ESP-ES300,Zone_3A Warm Humid,mfh,urb,162127.0
C-WEU-ESP,C-WEU-ESP-ES300,Zone_3A Warm Humid,mfh,rur,162127.0
C-WEU-ESP,C-WEU-ESP-ES300,Zone_3A Warm Humid,sfh,urb,41657.5
C-WEU-ESP,C-WEU-ESP-ES300,Zone_3A Warm Humid,sfh,rur,41657.5
C-WEU-ESP,C-WEU-ESP-ES411,Zone_4C Mixed Marine,mfh,urb,17553.5
C-WEU-ESP,C-WEU-ESP-ES411,Zone_4C Mixed Marine,mfh,rur,17553.5
C-WEU-ESP,C-WEU-ESP-ES411,Zone_4C Mixed Marine,sfh,urb,33212.5
C-WEU-ESP,C-WEU-ESP-ES411,Zone_4C Mixed Marine,sfh,rur,33212.5
C-WEU-ESP,C-WEU-ESP-ES412,Zone_4C Mixed Marine,mfh,urb,25734.0
C-WEU-ESP,C-WEU-ESP-ES412,Zone_4C Mixed Marine,mfh,rur,25734.0
C-WEU-ESP,C-WEU-ESP-ES412,Zone_4C Mixed Marine,sfh,urb,35901.0
C-WEU-ESP,C-WEU-ESP-ES412,Zone_4C Mixed Marine,sfh,rur,35901.0
C-WEU-ESP,C-WEU-ESP-ES413,Zone_4C Mixed Marine,mfh,urb,32264.5
C-WEU-ESP,C-WEU-ESP-ES413,Zone_4C Mixed Marine,mfh,rur,32264.5
C-WEU-ESP,C-WEU-ESP-ES413,Zone_4C Mixed Marine,sfh,urb,45221.0
C-WEU-ESP,C-WEU-ESP-ES413,Zone_4C Mixed Marine,sfh,rur,45221.0
C-WEU-ESP,C-WEU-ESP-ES414,Zone_4C Mixed Marine,mfh,urb,10031.0
C-WEU-ESP,C-WEU-ESP-ES414,Zone_4C Mixed Marine,mfh,rur,10031.0
C-WEU-ESP,C-WEU-ESP-ES414,Zone_4C Mixed Marine,sfh,urb,13920.5
C-WEU-ESP,C-WEU-ESP-ES414,Zone_4C Mixed Marine,sfh,rur,13920.5
C-WEU-ESP,C-WEU-ESP-ES415,Zone_4A Mixed Humid,mfh,urb,22353.5
C-WEU-ESP,C-WEU-ESP-ES415,Zone_4A Mixed Humid,mfh,rur,22353.5
C-WEU-ESP,C-WEU-ESP-ES415,Zone_4A Mixed Humid,sfh,urb,28673.5
C-WEU-ESP,C-WEU-ESP-ES415,Zone_4A Mixed Humid,sfh,rur,28673.5
C-WEU-ESP,C-WEU-ESP-ES416,Zone_4C Mixed Marine,mfh,urb,10884.5
C-WEU-ESP,C-WEU-ESP-ES416,Zone_4C Mixed Marine,mfh,rur,10884.5
C-WEU-ESP,C-WEU-ESP-ES416,Zone_4C Mixed Marine,sfh,urb,21274.5
C-WEU-ESP,C-WEU-ESP-ES416,Zone_4C Mixed Marine,sfh,rur,21274.5
C-WEU-ESP,C-WEU-ESP-ES417,Zone_4A Mixed Humid,mfh,urb,8366.5
C-WEU-ESP,C-WEU-ESP-ES417,Zone_4A Mixed Humid,mfh,rur,8366.5
C-WEU-ESP,C-WEU-ESP-ES417,Zone_4A Mixed Humid,sfh,urb,14722.5
C-WEU-ESP,C-WEU-ESP-ES417,Zone_4A Mixed Humid,sfh,rur,14722.5
C-WEU-ESP,C-WEU-ESP-ES418,Zone_4C Mixed Marine,mfh,urb,22800.5
C-WEU-ESP,C-WEU-ESP-ES418,Zone_4C Mixed Marine,mfh,rur,22800.5
C-WEU-ESP,C-WEU-ESP-ES418,Zone_4C Mixed Marine,sfh,urb,17588.0
C-WEU-ESP,C-WEU-ESP-ES418,Zone_4C Mixed Marine,sfh,rur,17588.0
C-WEU-ESP,C-WEU-ESP-ES419,Zone_4A Mixed Humid,mfh,urb,10449.0
C-WEU-ESP,C-WEU-ESP-ES419,Zone_4A Mixed Humid,mfh,rur,10449.0
C-WEU-ESP,C-WEU-ESP-ES419,Zone_4A Mixed Humid,sfh,urb,29331.0
C-WEU-ESP,C-WEU-ESP-ES419,Zone_4A Mixed Humid,sfh,rur,29331.0
C-WEU-ESP,C-WEU-ESP-ES421,Zone_3A Warm Humid,mfh,urb,18254.5
C-WEU-ESP,C-WEU-ESP-ES421,Zone_3A Warm Humid,mfh,rur,18254.5
C-WEU-ESP,C-WEU-ESP-ES421,Zone_3A Warm Humid,sfh,urb,26762.0
C-WEU-ESP,C-WEU-ESP-ES421,Zone_3A Warm Humid,sfh,rur,26762.0
C-WEU-ESP,C-WEU-ESP-ES422,Zone_3A Warm Humid,mfh,urb,23506.0
C-WEU-ESP,C-WEU-ESP-ES422,Zone_3A Warm Humid,mfh,rur,23506.0
C-WEU-ESP,C-WEU-ESP-ES422,Zone_3A Warm Humid,sfh,urb,36098.5
C-WEU-ESP,C-WEU-ESP-ES422,Zone_3A Warm Humid,sfh,rur,36098.5
C-WEU-ESP,C-WEU-ESP-ES423,Zone_4A Mixed Humid,mfh,urb,10692.5
C-WEU-ESP,C-WEU-ESP-ES423,Zone_4A Mixed Humid,mfh,rur,10692.5
C-WEU-ESP,C-WEU-ESP-ES423,Zone_4A Mixed Humid,sfh,urb,31558.5
C-WEU-ESP,C-WEU-ESP-ES423,Zone_4A Mixed Humid,sfh,rur,31558.5
C-WEU-ESP,C-WEU-ESP-ES424,Zone_4A Mixed Humid,mfh,urb,11238.0
C-WEU-ESP,C-WEU-ESP-ES424,Zone_4A Mixed Humid,mfh,rur,11238.0
C-WEU-ESP,C-WEU-ESP-ES424,Zone_4A Mixed Humid,sfh,urb,30450.0
C-WEU-ESP,C-WEU-ESP-ES424,Zone_4A Mixed Humid,sfh,rur,30450.0
C-WEU-ESP,C-WEU-ESP-ES425,Zone_3A Warm Humid,mfh,urb,28388.0
C-WEU-ESP,C-WEU-ESP-ES425,Zone_3A Warm Humid,mfh,rur,28388.0
C-WEU-ESP,C-WEU-ESP-ES425,Zone_3A Warm Humid,sfh,urb,56300.0
C-WEU-ESP,C-WEU-ESP-ES425,Zone_3A Warm Humid,sfh,rur,56300.0
C-WEU-ESP,C-WEU-ESP-ES431,Zone_3A Warm Humid,mfh,urb,20978.0
C-WEU-ESP,C-WEU-ESP-ES431,Zone_3A Warm Humid,mfh,rur,20978.0
C-WEU-ESP,C-WEU-ESP-ES431,Zone_3A Warm Humid,sfh,urb,45047.0
C-WEU-ESP,C-WEU-ESP-ES431,Zone_3A Warm Humid,sfh,rur,45047.0
C-WEU-ESP,C-WEU-ESP-ES432,Zone_3A Warm Humid,mfh,urb,20165.0
C-WEU-ESP,C-WEU-ESP-ES432,Zone_3A Warm Humid,mfh,rur,20165.0
C-WEU-ESP,C-WEU-ESP-ES432,Zone_3A Warm Humid,sfh,urb,45477.5
C-WEU-ESP,C-WEU-ESP-ES432,Zone_3A Warm Humid,sfh,rur,45477.5
C-WEU-ESP,C-WEU-ESP-ES511,Zone_3A Warm Humid,mfh,urb,146030.5
C-WEU-ESP,C-WEU-ESP-ES511,Zone_3A Warm Humid,mfh,rur,146030.5
C-WEU-ESP,C-WEU-ESP-ES511,Zone_3A Warm Humid,sfh,urb,44633.5
C-WEU-ESP,C-WEU-ESP-ES511,Zone_3A Warm Humid,sfh,rur,44633.5
C-WEU-ESP,C-WEU-ESP-ES512,Zone_3A Warm Humid,mfh,urb,71739.0
C-WEU-ESP,C-WEU-ESP-ES512,Zone_3A Warm Humid,mfh,rur,71739.0
C-WEU-ESP,C-WEU-ESP-ES512,Zone_3A Warm Humid,sfh,urb,32199.5
C-WEU-ESP,C-WEU-ESP-ES512,Zone_3A Warm Humid,sfh,rur,32199.5
C-WEU-ESP,C-WEU-ESP-ES513,Zone_4A Mixed Humid,mfh,urb,25794.0
C-WEU-ESP,C-WEU-ESP-ES513,Zone_4A Mixed Humid,mfh,rur,25794.0
C-WEU-ESP,C-WEU-ESP-ES513,Zone_4A Mixed Humid,sfh,urb,17285.0
C-WEU-ESP,C-WEU-ESP-ES513,Zone_4A Mixed Humid,sfh,rur,17285.0
C-WEU-ESP,C-WEU-ESP-ES514,Zone_3A Warm Humid,mfh,urb,79445.5
C-WEU-ESP,C-WEU-ESP-ES514,Zone_3A Warm Humid,mfh,rur,79445.5
C-WEU-ESP,C-WEU-ESP-ES514,Zone_3A Warm Humid,sfh,urb,36004.0
C-WEU-ESP,C-WEU-ESP-ES514,Zone_3A Warm Humid,sfh,rur,36004.0
C-WEU-ESP,C-WEU-ESP-ES521,Zone_3A Warm Humid,mfh,urb,215027.5
C-WEU-ESP,C-WEU-ESP-ES521,Zone_3A Warm Humid,mfh,rur,215027.5
C-WEU-ESP,C-WEU-ESP-ES521,Zone_3A Warm Humid,sfh,urb,81238.0
C-WEU-ESP,C-WEU-ESP-ES521,Zone_3A Warm Humid,sfh,rur,81238.0
C-WEU-ESP,C-WEU-ESP-ES522,Zone_3A Warm Humid,mfh,urb,67355.0
C-WEU-ESP,C-WEU-ESP-ES522,Zone_3A Warm Humid,mfh,rur,67355.0
C-WEU-ESP,C-WEU-ESP-ES522,Zone_3A Warm Humid,sfh,urb,36591.5
C-WEU-ESP,C-WEU-ESP-ES522,Zone_3A Warm Humid,sfh,rur,36591.5
C-WEU-ESP,C-WEU-ESP-ES523,Zone_3A Warm Humid,mfh,urb,149332.5
C-WEU-ESP,C-WEU-ESP-ES523,Zone_3A Warm Humid,mfh,rur,149332.5
C-WEU-ESP,C-WEU-ESP-ES523,Zone_3A Warm Humid,sfh,urb,77608.0
C-WEU-ESP,C-WEU-ESP-ES523,Zone_3A Warm Humid,sfh,rur,77608.0
C-WEU-ESP,C-WEU-ESP-ES531,Zone_3B Warm Dry,mfh,urb,8110.5
C-WEU-ESP,C-WEU-ESP-ES531,Zone_3B Warm Dry,mfh,rur,8110.5
C-WEU-ESP,C-WEU-ESP-ES531,Zone_3B Warm Dry,sfh,urb,4113.0
C-WEU-ESP,C-WEU-ESP-ES531,Zone_3B Warm Dry,sfh,rur,4113.0
C-WEU-ESP,C-WEU-ESP-ES532,Zone_3A Warm Humid,mfh,urb,48744.0
C-WEU-ESP,C-WEU-ESP-ES532,Zone_3A Warm Humid,mfh,rur,48744.0
C-WEU-ESP,C-WEU-ESP-ES532,Zone_3A Warm Humid,sfh,urb,32433.5
C-WEU-ESP,C-WEU-ESP-ES532,Zone_3A Warm Humid,sfh,rur,32433.5
C-WEU-ESP,C-WEU-ESP-ES533,Zone_3A Warm Humid,mfh,urb,6849.0
C-WEU-ESP,C-WEU-ESP-ES533,Zone_3A Warm Humid,mfh,rur,6849.0
C-WEU-ESP,C-WEU-ESP-ES533,Zone_3A Warm Humid,sfh,urb,4601.0
C-WEU-ESP,C-WEU-ESP-ES533,Zone_3A Warm Humid,sfh,rur,4601.0
C-WEU-ESP,C-WEU-ESP-ES611,Zone_3B Warm Dry,mfh,urb,50539.5
C-WEU-ESP,C-WEU-ESP-ES611,Zone_3B Warm Dry,mfh,rur,50539.5
C-WEU-ESP,C-WEU-ESP-ES611,Zone_3B Warm Dry,sfh,urb,28805.5
C-WEU-ESP,C-WEU-ESP-ES611,Zone_3B Warm Dry,sfh,rur,28805.5
C-WEU-ESP,C-WEU-ESP-ES612,Zone_3A Warm Humid,mfh,urb,60364.5
C-WEU-ESP,C-WEU-ESP-ES612,Zone_3A Warm Humid,mfh,rur,60364.5
C-WEU-ESP,C-WEU-ESP-ES612,Zone_3A Warm Humid,sfh,urb,29290.5
C-WEU-ESP,C-WEU-ESP-ES612,Zone_3A Warm Humid,sfh,rur,29290.5
C-WEU-ESP,C-WEU-ESP-ES613,Zone_3A Warm Humid,mfh,urb,24899.0
C-WEU-ESP,C-WEU-ESP-ES613,Zone_3A Warm Humid,mfh,rur,24899.0
C-WEU-ESP,C-WEU-ESP-ES613,Zone_3A Warm Humid,sfh,urb,32371.0
C-WEU-ESP,C-WEU-ESP-ES613,Zone_3A Warm Humid,sfh,rur,32371.0
C-WEU-ESP,C-WEU-ESP-ES614,Zone_3A Warm Humid,mfh,urb,56434.0
C-WEU-ESP,C-WEU-ESP-ES614,Zone_3A Warm Humid,mfh,rur,56434.0
C-WEU-ESP,C-WEU-ESP-ES614,Zone_3A Warm Humid,sfh,urb,46080.5
C-WEU-ESP,C-WEU-ESP-ES614,Zone_3A Warm Humid,sfh,rur,46080.5
C-WEU-ESP,C-WEU-ESP-ES615,Zone_3A Warm Humid,mfh,urb,37141.0
C-WEU-ESP,C-WEU-ESP-ES615,Zone_3A Warm Humid,mfh,rur,37141.0
C-WEU-ESP,C-WEU-ESP-ES615,Zone_3A Warm Humid,sfh,urb,22573.0
C-WEU-ESP,C-WEU-ESP-ES615,Zone_3A Warm Humid,sfh,rur,22573.0
C-WEU-ESP,C-WEU-ESP-ES616,Zone_3A Warm Humid,mfh,urb,24077.0
C-WEU-ESP,C-WEU-ESP-ES616,Zone_3A Warm Humid,mfh,rur,24077.0
C-WEU-ESP,C-WEU-ESP-ES616,Zone_3A Warm Humid,sfh,urb,39548.5
C-WEU-ESP,C-WEU-ESP-ES616,Zone_3A Warm Humid,sfh,rur,39548.5
C-WEU-ESP,C-WEU-ESP-ES617,Zone_3A Warm Humid,mfh,urb,120596.0
C-WEU-ESP,C-WEU-ESP-ES617,Zone_3A Warm Humid,mfh,rur,120596.0
C-WEU-ESP,C-WEU-ESP-ES617,Zone_3A Warm Humid,sfh,urb,47125.0
C-WEU-ESP,C-WEU-ESP-ES617,Zone_3A Warm Humid,sfh,rur,47125.0
C-WEU-ESP,C-WEU-ESP-ES618,Zone_3A Warm Humid,mfh,urb,53445.0
C-WEU-ESP,C-WEU-ESP-ES618,Zone_3A Warm Humid,mfh,rur,53445.0
C-WEU-ESP,C-WEU-ESP-ES618,Zone_3A Warm Humid,sfh,urb,40632.5
C-WEU-ESP,C-WEU-ESP-ES618,Zone_3A Warm Humid,sfh,rur,40632.5
C-WEU-ESP,C-WEU-ESP-ES620,Zone_3B Warm Dry,mfh,urb,93923.0
C-WEU-ESP,C-WEU-ESP-ES620,Zone_3B Warm Dry,mfh,rur,93923.0
C-WEU-ESP,C-WEU-ESP-ES620,Zone_3B Warm Dry,sfh,urb,57795.5
C-WEU-ESP,C-WEU-ESP-ES620,Zone_3B Warm Dry,sfh,rur,57795.5
C-WEU-ESP,C-WEU-ESP-ES630,Zone_3A Warm Humid,mfh,urb,1112.5
C-WEU-ESP,C-WEU-ESP-ES630,Zone_3A Warm Humid,mfh,rur,1112.5
C-WEU-ESP,C-WEU-ESP-ES630,Zone_3A Warm Humid,sfh,urb,311.0
C-WEU-ESP,C-WEU-ESP-ES630,Zone_3A Warm Humid,sfh,rur,311.0
C-WEU-ESP,C-WEU-ESP-ES640,Zone_3A Warm Humid,mfh,urb,1476.5
C-WEU-ESP,C-WEU-ESP-ES640,Zone_3A Warm Humid,mfh,rur,1476.5
C-WEU-ESP,C-WEU-ESP-ES640,Zone_3A Warm Humid,sfh,urb,414.5
C-WEU-ESP,C-WEU-ESP-ES640,Zone_3A Warm Humid,sfh,rur,414.5
C-WEU-ESP,C-WEU-ESP-ES703,Zone_3A Warm Humid,mfh,urb,328.5
C-WEU-ESP,C-WEU-ESP-ES703,Zone_3A Warm Humid,mfh,rur,328.5
C-WEU-ESP,C-WEU-ESP-ES703,Zone_3A Warm Humid,sfh,urb,874.0
C-WEU-ESP,C-WEU-ESP-ES703,Zone_3A Warm Humid,sfh,rur,874.0
C-WEU-ESP,C-WEU-ESP-ES704,Zone_3B Warm Dry,mfh,urb,5754.5
C-WEU-ESP,C-WEU-ESP-ES704,Zone_3B Warm Dry,mfh,rur,5754.5
C-WEU-ESP,C-WEU-ESP-ES704,Zone_3B Warm Dry,sfh,urb,2046.0
C-WEU-ESP,C-WEU-ESP-ES704,Zone_3B Warm Dry,sfh,rur,2046.0
C-WEU-ESP,C-WEU-ESP-ES705,Zone_3B Warm Dry,mfh,urb,30275.5
C-WEU-ESP,C-WEU-ESP-ES705,Zone_3B Warm Dry,mfh,rur,30275.5
C-WEU-ESP,C-WEU-ESP-ES705,Zone_3B Warm Dry,sfh,urb,12716.5
C-WEU-ESP,C-WEU-ESP-ES705,Zone_3B Warm Dry,sfh,rur,12716.5
C-WEU-ESP,C-WEU-ESP-ES706,Zone_3B Warm Dry,mfh,urb,1223.5
C-WEU-ESP,C-WEU-ESP-ES706,Zone_3B Warm Dry,mfh,rur,1223.5
C-WEU-ESP,C-WEU-ESP-ES706,Zone_3B Warm Dry,sfh,urb,1671.5
C-WEU-ESP,C-WEU-ESP-ES706,Zone_3B Warm Dry,sfh,rur,1671.5
C-WEU-ESP,C-WEU-ESP-ES707,Zone_3C Warm Marine,mfh,urb,3077.0
C-WEU-ESP,C-WEU-ESP-ES707,Zone_3C Warm Marine,mfh,rur,3077.0
C-WEU-ESP,C-WEU-ESP-ES707,Zone_3C Warm Marine,sfh,urb,4611.5
C-WEU-ESP,C-WEU-ESP-ES707,Zone_3C Warm Marine,sfh,rur,4611.5
C-WEU-ESP,C-WEU-ESP-ES708,Zone_2B Hot Dry,mfh,urb,7521.5
C-WEU-ESP,C-WEU-ESP-ES708,Zone_2B Hot Dry,mfh,rur,7521.5
C-WEU-ESP,C-WEU-ESP-ES708,Zone_2B Hot Dry,sfh,urb,3221.5
C-WEU-ESP,C-WEU-ESP-ES708,Zone_2B Hot Dry,sfh,rur,3221.5
C-WEU-ESP,C-WEU-ESP-ES709,Zone_3C Warm Marine,mfh,urb,41272.5
C-WEU-ESP,C-WEU-ESP-ES709,Zone_3C Warm Marine,mfh,rur,41272.5
C-WEU-ESP,C-WEU-ESP-ES709,Zone_3C Warm Marine,sfh,urb,15492.0
C-WEU-ESP,C-WEU-ESP-ES709,Zone_3C Warm Marine,sfh,rur,15492.0
C-WEU-FIN,C-WEU-FIN-FI196,Zone_6A Cold Humid,mfh,urb,6624.5
C-WEU-FIN,C-WEU-FIN-FI196,Zone_6A Cold Humid,mfh,rur,6624.5
C-WEU-FIN,C-WEU-FIN-FI196,Zone_6A Cold Humid,sfh,urb,2439.0
C-WEU-FIN,C-WEU-FIN-FI196,Zone_6A Cold Humid,sfh,rur,2439.0
C-WEU-FIN,C-WEU-FIN-FI198,Zone_7A Very cold Humid,mfh,urb,7844.0
C-WEU-FIN,C-WEU-FIN-FI198,Zone_7A Very cold Humid,mfh,rur,7844.0
C-WEU-FIN,C-WEU-FIN-FI198,Zone_7A Very cold Humid,sfh,urb,2636.5
C-WEU-FIN,C-WEU-FIN-FI198,Zone_7A Very cold Humid,sfh,rur,2636.5
C-WEU-FIN,C-WEU-FIN-FI199,Zone_7A Very cold Humid,mfh,urb,5298.0
C-WEU-FIN,C-WEU-FIN-FI199,Zone_7A Very cold Humid,mfh,rur,5298.0
C-WEU-FIN,C-WEU-FIN-FI199,Zone_7A Very cold Humid,sfh,urb,2750.5
C-WEU-FIN,C-WEU-FIN-FI199,Zone_7A Very cold Humid,sfh,rur,2750.5
C-WEU-FIN,C-WEU-FIN-FI19A,Zone_7A Very cold Humid,mfh,urb,5306.0
C-WEU-FIN,C-WEU-FIN-FI19A,Zone_7A Very cold Humid,mfh,rur,5306.0
C-WEU-FIN,C-WEU-FIN-FI19A,Zone_7A Very cold Humid,sfh,urb,2045.5
C-WEU-FIN,C-WEU-FIN-FI19A,Zone_7A Very cold Humid,sfh,rur,2045.5
C-WEU-FIN,C-WEU-FIN-FI19B,Zone_7A Very cold Humid,mfh,urb,12256.5
C-WEU-FIN,C-WEU-FIN-FI19B,Zone_7A Very cold Humid,mfh,rur,12256.5
C-WEU-FIN,C-WEU-FIN-FI19B,Zone_7A Very cold Humid,sfh,urb,3126.5
C-WEU-FIN,C-WEU-FIN-FI19B,Zone_7A Very cold Humid,sfh,rur,3126.5
C-WEU-FIN,C-WEU-FIN-FI1B1,Zone_6A Cold Humid,mfh,urb,33006.5
C-WEU-FIN,C-WEU-FIN-FI1B1,Zone_6A Cold Humid,mfh,rur,33006.5
C-WEU-FIN,C-WEU-FIN-FI1B1,Zone_6A Cold Humid,sfh,urb,5078.5
C-WEU-FIN,C-WEU-FIN-FI1B1,Zone_6A Cold Humid,sfh,rur,5078.5
C-WEU-FIN,C-WEU-FIN-FI1C1,Zone_6A Cold Humid,mfh,urb,11616.0
C-WEU-FIN,C-WEU-FIN-FI1C1,Zone_6A Cold Humid,mfh,rur,11616.0
C-WEU-FIN,C-WEU-FIN-FI1C1,Zone_6A Cold Humid,sfh,urb,3603.0
C-WEU-FIN,C-WEU-FIN-FI1C1,Zone_6A Cold Humid,sfh,rur,3603.0
C-WEU-FIN,C-WEU-FIN-FI1C2,Zone_6A Cold Humid,mfh,urb,4484.5
C-WEU-FIN,C-WEU-FIN-FI1C2,Zone_6A Cold Humid,mfh,rur,4484.5
C-WEU-FIN,C-WEU-FIN-FI1C2,Zone_6A Cold Humid,sfh,urb,1481.0
C-WEU-FIN,C-WEU-FIN-FI1C2,Zone_6A Cold Humid,sfh,rur,1481.0
C-WEU-FIN,C-WEU-FIN-FI1C5,Zone_7A Very cold Humid,mfh,urb,3422.5
C-WEU-FIN,C-WEU-FIN-FI1C5,Zone_7A Very cold Humid,mfh,rur,3422.5
C-WEU-FIN,C-WEU-FIN-FI1C5,Zone_7A Very cold Humid,sfh,urb,1422.0
C-WEU-FIN,C-WEU-FIN-FI1C5,Zone_7A Very cold Humid,sfh,rur,1422.0
C-WEU-FIN,C-WEU-FIN-FI1C6,Zone_7A Very cold Humid,mfh,urb,5058.5
C-WEU-FIN,C-WEU-FIN-FI1C6,Zone_7A Very cold Humid,mfh,rur,5058.5
C-WEU-FIN,C-WEU-FIN-FI1C6,Zone_7A Very cold Humid,sfh,urb,1341.0
C-WEU-FIN,C-WEU-FIN-FI1C6,Zone_7A Very cold Humid,sfh,rur,1341.0
C-WEU-FIN,C-WEU-FIN-FI1C7,Zone_6A Cold Humid,mfh,urb,4340.0
C-WEU-FIN,C-WEU-FIN-FI1C7,Zone_6A Cold Humid,mfh,rur,4340.0
C-WEU-FIN,C-WEU-FIN-FI1C7,Zone_6A Cold Humid,sfh,urb,1572.5
C-WEU-FIN,C-WEU-FIN-FI1C7,Zone_6A Cold Humid,sfh,rur,1572.5
C-WEU-FIN,C-WEU-FIN-FI1D5,Zone_7A Very cold Humid,mfh,urb,1722.5
C-WEU-FIN,C-WEU-FIN-FI1D5,Zone_7A Very cold Humid,mfh,rur,1722.5
C-WEU-FIN,C-WEU-FIN-FI1D5,Zone_7A Very cold Humid,sfh,urb,750.0
C-WEU-FIN,C-WEU-FIN-FI1D5,Zone_7A Very cold Humid,sfh,rur,750.0
C-WEU-FIN,C-WEU-FIN-FI1D7,Zone_7A Very cold Humid,mfh,urb,5985.5
C-WEU-FIN,C-WEU-FIN-FI1D7,Zone_7A Very cold Humid,mfh,rur,5985.5
C-WEU-FIN,C-WEU-FIN-FI1D7,Zone_7A Very cold Humid,sfh,urb,3064.0
C-WEU-FIN,C-WEU-FIN-FI1D7,Zone_7A Very cold Humid,sfh,rur,3064.0
C-WEU-FIN,C-WEU-FIN-FI1D8,Zone_7A Very cold Humid,mfh,urb,2091.5
C-WEU-FIN,C-WEU-FIN-FI1D8,Zone_7A Very cold Humid,mfh,rur,2091.5
C-WEU-FIN,C-WEU-FIN-FI1D8,Zone_7A Very cold Humid,sfh,urb,1025.0
C-WEU-FIN,C-WEU-FIN-FI1D8,Zone_7A Very cold Humid,sfh,rur,1025.0
C-WEU-FIN,C-WEU-FIN-FI1D9,Zone_7A Very cold Humid,mfh,urb,8883.0
C-WEU-FIN,C-WEU-FIN-FI1D9,Zone_7A Very cold Humid,mfh,rur,8883.0
C-WEU-FIN,C-WEU-FIN-FI1D9,Zone_7A Very cold Humid,sfh,urb,3781.5
C-WEU-FIN,C-WEU-FIN-FI1D9,Zone_7A Very cold Humid,sfh,rur,3781.5
C-WEU-FIN,C-WEU-FIN-FI1DA,Zone_7A Very cold Humid,mfh,urb,5319.5
C-WEU-FIN,C-WEU-FIN-FI1DA,Zone_7A Very cold Humid,mfh,rur,5319.5
C-WEU-FIN,C-WEU-FIN-FI1DA,Zone_7A Very cold Humid,sfh,urb,2275.5
C-WEU-FIN,C-WEU-FIN-FI1DA,Zone_7A Very cold Humid,sfh,rur,2275.5
C-WEU-FIN,C-WEU-FIN-FI1DB,Zone_7A Very cold Humid,mfh,urb,6433.0
C-WEU-FIN,C-WEU-FIN-FI1DB,Zone_7A Very cold Humid,mfh,rur,6433.0
C-WEU-FIN,C-WEU-FIN-FI1DB,Zone_7A Very cold Humid,sfh,urb,2456.0
C-WEU-FIN,C-WEU-FIN-FI1DB,Zone_7A Very cold Humid,sfh,rur,2456.0
C-WEU-FIN,C-WEU-FIN-FI1DC,Zone_7A Very cold Humid,mfh,urb,4657.0
C-WEU-FIN,C-WEU-FIN-FI1DC,Zone_7A Very cold Humid,mfh,rur,4657.0
C-WEU-FIN,C-WEU-FIN-FI1DC,Zone_7A Very cold Humid,sfh,urb,2206.5
C-WEU-FIN,C-WEU-FIN-FI1DC,Zone_7A Very cold Humid,sfh,rur,2206.5
C-WEU-FIN,C-WEU-FIN-FI200,Zone_6A Cold Humid,mfh,urb,951.0
C-WEU-FIN,C-WEU-FIN-FI200,Zone_6A Cold Humid,mfh,rur,951.0
C-WEU-FIN,C-WEU-FIN-FI200,Zone_6A Cold Humid,sfh,urb,454.5
C-WEU-FIN,C-WEU-FIN-FI200,Zone_6A Cold Humid,sfh,rur,454.5
C-WEU-FRA,C-WEU-FRA-FR101,Zone_4A Mixed Humid,mfh,urb,133746.0
C-WEU-FRA,C-WEU-FRA-FR101,Zone_4A Mixed Humid,mfh,rur,133746.0
C-WEU-FRA,C-WEU-FRA-FR101,Zone_4A Mixed Humid,sfh,urb,505.0
C-WEU-FRA,C-WEU-FRA-FR101,Zone_4A Mixed Humid,sfh,rur,505.0
C-WEU-FRA,C-WEU-FRA-FR102,Zone_4A Mixed Humid,mfh,urb,16474.0
C-WEU-FRA,C-WEU-FRA-FR102,Zone_4A Mixed Humid,mfh,rur,16474.0
C-WEU-FRA,C-WEU-FRA-FR102,Zone_4A Mixed Humid,sfh,urb,14999.0
C-WEU-FRA,C-WEU-FRA-FR102,Zone_4A Mixed Humid,sfh,rur,14999.0
C-WEU-FRA,C-WEU-FRA-FR103,Zone_4A Mixed Humid,mfh,urb,20695.5
C-WEU-FRA,C-WEU-FRA-FR103,Zone_4A Mixed Humid,mfh,rur,20695.5
C-WEU-FRA,C-WEU-FRA-FR103,Zone_4A Mixed Humid,sfh,urb,8861.0
C-WEU-FRA,C-WEU-FRA-FR103,Zone_4A Mixed Humid,sfh,rur,8861.0
C-WEU-FRA,C-WEU-FRA-FR104,Zone_4A Mixed Humid,mfh,urb,18561.0
C-WEU-FRA,C-WEU-FRA-FR104,Zone_4A Mixed Humid,mfh,rur,18561.0
C-WEU-FRA,C-WEU-FRA-FR104,Zone_4A Mixed Humid,sfh,urb,8029.5
C-WEU-FRA,C-WEU-FRA-FR104,Zone_4A Mixed Humid,sfh,rur,8029.5
C-WEU-FRA,C-WEU-FRA-FR105,Zone_4A Mixed Humid,mfh,urb,40435.5
C-WEU-FRA,C-WEU-FRA-FR105,Zone_4A Mixed Humid,mfh,rur,40435.5
C-WEU-FRA,C-WEU-FRA-FR105,Zone_4A Mixed Humid,sfh,urb,2562.5
C-WEU-FRA,C-WEU-FRA-FR105,Zone_4A Mixed Humid,sfh,rur,2562.5
C-WEU-FRA,C-WEU-FRA-FR106,Zone_4A Mixed Humid,mfh,urb,21768.0
C-WEU-FRA,C-WEU-FRA-FR106,Zone_4A Mixed Humid,mfh,rur,21768.0
C-WEU-FRA,C-WEU-FRA-FR106,Zone_4A Mixed Humid,sfh,urb,4242.0
C-WEU-FRA,C-WEU-FRA-FR106,Zone_4A Mixed Humid,sfh,rur,4242.0
C-WEU-FRA,C-WEU-FRA-FR107,Zone_4A Mixed Humid,mfh,urb,22481.0
C-WEU-FRA,C-WEU-FRA-FR107,Zone_4A Mixed Humid,mfh,rur,22481.0
C-WEU-FRA,C-WEU-FRA-FR107,Zone_4A Mixed Humid,sfh,urb,3534.0
C-WEU-FRA,C-WEU-FRA-FR107,Zone_4A Mixed Humid,sfh,rur,3534.0
C-WEU-FRA,C-WEU-FRA-FR108,Zone_4A Mixed Humid,mfh,urb,13606.0
C-WEU-FRA,C-WEU-FRA-FR108,Zone_4A Mixed Humid,mfh,rur,13606.0
C-WEU-FRA,C-WEU-FRA-FR108,Zone_4A Mixed Humid,sfh,urb,6432.0
C-WEU-FRA,C-WEU-FRA-FR108,Zone_4A Mixed Humid,sfh,rur,6432.0
C-WEU-FRA,C-WEU-FRA-FRB01,Zone_4A Mixed Humid,mfh,urb,4637.0
C-WEU-FRA,C-WEU-FRA-FRB01,Zone_4A Mixed Humid,mfh,rur,4637.0
C-WEU-FRA,C-WEU-FRA-FRB01,Zone_4A Mixed Humid,sfh,urb,13651.5
C-WEU-FRA,C-WEU-FRA-FRB01,Zone_4A Mixed Humid,sfh,rur,13651.5
C-WEU-FRA,C-WEU-FRA-FRB02,Zone_4A Mixed Humid,mfh,urb,4786.0
C-WEU-FRA,C-WEU-FRA-FRB02,Zone_4A Mixed Humid,mfh,rur,4786.0
C-WEU-FRA,C-WEU-FRA-FRB02,Zone_4A Mixed Humid,sfh,urb,11143.0
C-WEU-FRA,C-WEU-FRA-FRB02,Zone_4A Mixed Humid,sfh,rur,11143.0
C-WEU-FRA,C-WEU-FRA-FRB03,Zone_4A Mixed Humid,mfh,urb,2918.5
C-WEU-FRA,C-WEU-FRA-FRB03,Zone_4A Mixed Humid,mfh,rur,2918.5
C-WEU-FRA,C-WEU-FRA-FRB03,Zone_4A Mixed Humid,sfh,urb,13754.0
C-WEU-FRA,C-WEU-FRA-FRB03,Zone_4A Mixed Humid,sfh,rur,13754.0
C-WEU-FRA,C-WEU-FRA-FRB04,Zone_4A Mixed Humid,mfh,urb,9613.5
C-WEU-FRA,C-WEU-FRA-FRB04,Zone_4A Mixed Humid,mfh,rur,9613.5
C-WEU-FRA,C-WEU-FRA-FRB04,Zone_4A Mixed Humid,sfh,urb,12397.0
C-WEU-FRA,C-WEU-FRA-FRB04,Zone_4A Mixed Humid,sfh,rur,12397.0
C-WEU-FRA,C-WEU-FRA-FRB05,Zone_4A Mixed Humid,mfh,urb,4673.5
C-WEU-FRA,C-WEU-FRA-FRB05,Zone_4A Mixed Humid,mfh,rur,4673.5
C-WEU-FRA,C-WEU-FRA-FRB05,Zone_4A Mixed Humid,sfh,urb,12856.0
C-WEU-FRA,C-WEU-FRA-FRB05,Zone_4A Mixed Humid,sfh,rur,12856.0
C-WEU-FRA,C-WEU-FRA-FRB06,Zone_4A Mixed Humid,mfh,urb,9048.5
C-WEU-FRA,C-WEU-FRA-FRB06,Zone_4A Mixed Humid,mfh,rur,9048.5
C-WEU-FRA,C-WEU-FRA-FRB06,Zone_4A Mixed Humid,sfh,urb,15227.0
C-WEU-FRA,C-WEU-FRA-FRB06,Zone_4A Mixed Humid,sfh,rur,15227.0
C-WEU-FRA,C-WEU-FRA-FRC11,Zone_4A Mixed Humid,mfh,urb,9103.0
C-WEU-FRA,C-WEU-FRA-FRC11,Zone_4A Mixed Humid,mfh,rur,9103.0
C-WEU-FRA,C-WEU-FRA-FRC11,Zone_4A Mixed Humid,sfh,urb,11944.5
C-WEU-FRA,C-WEU-FRA-FRC11,Zone_4A Mixed Humid,sfh,rur,11944.5
C-WEU-FRA,C-WEU-FRA-FRC12,Zone_4A Mixed Humid,mfh,urb,4092.5
C-WEU-FRA,C-WEU-FRA-FRC12,Zone_4A Mixed Humid,mfh,rur,4092.5
C-WEU-FRA,C-WEU-FRA-FRC12,Zone_4A Mixed Humid,sfh,urb,16311.0
C-WEU-FRA,C-WEU-FRA-FRC12,Zone_4A Mixed Humid,sfh,rur,16311.0
C-WEU-FRA,C-WEU-FRA-FRC13,Zone_4A Mixed Humid,mfh,urb,8759.0
C-WEU-FRA,C-WEU-FRA-FRC13,Zone_4A Mixed Humid,mfh,rur,8759.0
C-WEU-FRA,C-WEU-FRA-FRC13,Zone_4A Mixed Humid,sfh,urb,18801.5
C-WEU-FRA,C-WEU-FRA-FRC13,Zone_4A Mixed Humid,sfh,rur,18801.5
C-WEU-FRA,C-WEU-FRA-FRC14,Zone_4A Mixed Humid,mfh,urb,4562.5
C-WEU-FRA,C-WEU-FRA-FRC14,Zone_4A Mixed Humid,mfh,rur,4562.5
C-WEU-FRA,C-WEU-FRA-FRC14,Zone_4A Mixed Humid,sfh,urb,17730.0
C-WEU-FRA,C-WEU-FRA-FRC14,Zone_4A Mixed Humid,sfh,rur,17730.0
C-WEU-FRA,C-WEU-FRA-FRC21,Zone_5A Cool Humid,mfh,urb,11283.5
C-WEU-FRA,C-WEU-FRA-FRC21,Zone_5A Cool Humid,mfh,rur,11283.5
C-WEU-FRA,C-WEU-FRA-FRC21,Zone_5A Cool Humid,sfh,urb,7140.0
C-WEU-FRA,C-WEU-FRA-FRC21,Zone_5A Cool Humid,sfh,rur,7140.0
C-WEU-FRA,C-WEU-FRA-FRC22,Zone_5A Cool Humid,mfh,urb,6734.5
C-WEU-FRA,C-WEU-FRA-FRC22,Zone_5A Cool Humid,mfh,rur,6734.5
C-WEU-FRA,C-WEU-FRA-FRC22,Zone_5A Cool Humid,sfh,urb,8577.0
C-WEU-FRA,C-WEU-FRA-FRC22,Zone_5A Cool Humid,sfh,rur,8577.0
C-WEU-FRA,C-WEU-FRA-FRC23,Zone_4A Mixed Humid,mfh,urb,2691.0
C-WEU-FRA,C-WEU-FRA-FRC23,Zone_4A Mixed Humid,mfh,rur,2691.0
C-WEU-FRA,C-WEU-FRA-FRC23,Zone_4A Mixed Humid,sfh,urb,8162.0
C-WEU-FRA,C-WEU-FRA-FRC23,Zone_4A Mixed Humid,sfh,rur,8162.0
C-WEU-FRA,C-WEU-FRA-FRC24,Zone_5A Cool Humid,mfh,urb,3247.0
C-WEU-FRA,C-WEU-FRA-FRC24,Zone_5A Cool Humid,mfh,rur,3247.0
C-WEU-FRA,C-WEU-FRA-FRC24,Zone_5A Cool Humid,sfh,urb,1293.0
C-WEU-FRA,C-WEU-FRA-FRC24,Zone_5A Cool Humid,sfh,rur,1293.0
C-WEU-FRA,C-WEU-FRA-FRD11,Zone_4A Mixed Humid,mfh,urb,31445.5
C-WEU-FRA,C-WEU-FRA-FRD11,Zone_4A Mixed Humid,mfh,rur,31445.5
C-WEU-FRA,C-WEU-FRA-FRD11,Zone_4A Mixed Humid,sfh,urb,21126.5
C-WEU-FRA,C-WEU-FRA-FRD11,Zone_4A Mixed Humid,sfh,rur,21126.5
C-WEU-FRA,C-WEU-FRA-FRD12,Zone_4A Mixed Humid,mfh,urb,7920.0
C-WEU-FRA,C-WEU-FRA-FRD12,Zone_4A Mixed Humid,mfh,rur,7920.0
C-WEU-FRA,C-WEU-FRA-FRD12,Zone_4A Mixed Humid,sfh,urb,26703.5
C-WEU-FRA,C-WEU-FRA-FRD12,Zone_4A Mixed Humid,sfh,rur,26703.5
C-WEU-FRA,C-WEU-FRA-FRD13,Zone_4A Mixed Humid,mfh,urb,3990.0
C-WEU-FRA,C-WEU-FRA-FRD13,Zone_4A Mixed Humid,mfh,rur,3990.0
C-WEU-FRA,C-WEU-FRA-FRD13,Zone_4A Mixed Humid,sfh,urb,13742.5
C-WEU-FRA,C-WEU-FRA-FRD13,Zone_4A Mixed Humid,sfh,rur,13742.5
C-WEU-FRA,C-WEU-FRA-FRD21,Zone_4A Mixed Humid,mfh,urb,6377.0
C-WEU-FRA,C-WEU-FRA-FRD21,Zone_4A Mixed Humid,mfh,rur,6377.0
C-WEU-FRA,C-WEU-FRA-FRD21,Zone_4A Mixed Humid,sfh,urb,15023.5
C-WEU-FRA,C-WEU-FRA-FRD21,Zone_4A Mixed Humid,sfh,rur,15023.5
C-WEU-FRA,C-WEU-FRA-FRD22,Zone_4A Mixed Humid,mfh,urb,21361.5
C-WEU-FRA,C-WEU-FRA-FRD22,Zone_4A Mixed Humid,mfh,rur,21361.5
C-WEU-FRA,C-WEU-FRA-FRD22,Zone_4A Mixed Humid,sfh,urb,18155.0
C-WEU-FRA,C-WEU-FRA-FRD22,Zone_4A Mixed Humid,sfh,rur,18155.0
C-WEU-FRA,C-WEU-FRA-FRE11,Zone_4A Mixed Humid,mfh,urb,28007.5
C-WEU-FRA,C-WEU-FRA-FRE11,Zone_4A Mixed Humid,mfh,rur,28007.5
C-WEU-FRA,C-WEU-FRA-FRE11,Zone_4A Mixed Humid,sfh,urb,29231.5
C-WEU-FRA,C-WEU-FRA-FRE11,Zone_4A Mixed Humid,sfh,rur,29231.5
C-WEU-FRA,C-WEU-FRA-FRE12,Zone_4A Mixed Humid,mfh,urb,21932.5
C-WEU-FRA,C-WEU-FRA-FRE12,Zone_4A Mixed Humid,mfh,rur,21932.5
C-WEU-FRA,C-WEU-FRA-FRE12,Zone_4A Mixed Humid,sfh,urb,28510.0
C-WEU-FRA,C-WEU-FRA-FRE12,Zone_4A Mixed Humid,sfh,rur,28510.0
C-WEU-FRA,C-WEU-FRA-FRE21,Zone_4A Mixed Humid,mfh,urb,5546.0
C-WEU-FRA,C-WEU-FRA-FRE21,Zone_4A Mixed Humid,mfh,rur,5546.0
C-WEU-FRA,C-WEU-FRA-FRE21,Zone_4A Mixed Humid,sfh,urb,12329.0
C-WEU-FRA,C-WEU-FRA-FRE21,Zone_4A Mixed Humid,sfh,rur,12329.0
C-WEU-FRA,C-WEU-FRA-FRE22,Zone_4A Mixed Humid,mfh,urb,7593.0
C-WEU-FRA,C-WEU-FRA-FRE22,Zone_4A Mixed Humid,mfh,rur,7593.0
C-WEU-FRA,C-WEU-FRA-FRE22,Zone_4A Mixed Humid,sfh,urb,10527.5
C-WEU-FRA,C-WEU-FRA-FRE22,Zone_4A Mixed Humid,sfh,rur,10527.5
C-WEU-FRA,C-WEU-FRA-FRE23,Zone_4A Mixed Humid,mfh,urb,10262.5
C-WEU-FRA,C-WEU-FRA-FRE23,Zone_4A Mixed Humid,mfh,rur,10262.5
C-WEU-FRA,C-WEU-FRA-FRE23,Zone_4A Mixed Humid,sfh,urb,15695.5
C-WEU-FRA,C-WEU-FRA-FRE23,Zone_4A Mixed Humid,sfh,rur,15695.5
C-WEU-FRA,C-WEU-FRA-FRF11,Zone_4A Mixed Humid,mfh,urb,21783.0
C-WEU-FRA,C-WEU-FRA-FRF11,Zone_4A Mixed Humid,mfh,rur,21783.0
C-WEU-FRA,C-WEU-FRA-FRF11,Zone_4A Mixed Humid,sfh,urb,10989.0
C-WEU-FRA,C-WEU-FRA-FRF11,Zone_4A Mixed Humid,sfh,rur,10989.0
C-WEU-FRA,C-WEU-FRA-FRF12,Zone_5A Cool Humid,mfh,urb,15762.0
C-WEU-FRA,C-WEU-FRA-FRF12,Zone_5A Cool Humid,mfh,rur,15762.0
C-WEU-FRA,C-WEU-FRA-FRF12,Zone_5A Cool Humid,sfh,urb,8618.5
C-WEU-FRA,C-WEU-FRA-FRF12,Zone_5A Cool Humid,sfh,rur,8618.5
C-WEU-FRA,C-WEU-FRA-FRF21,Zone_5A Cool Humid,mfh,urb,3757.0
C-WEU-FRA,C-WEU-FRA-FRF21,Zone_5A Cool Humid,mfh,rur,3757.0
C-WEU-FRA,C-WEU-FRA-FRF21,Zone_5A Cool Humid,sfh,urb,7271.5
C-WEU-FRA,C-WEU-FRA-FRF21,Zone_5A Cool Humid,sfh,rur,7271.5
C-WEU-FRA,C-WEU-FRA-FRF22,Zone_4A Mixed Humid,mfh,urb,4518.5
C-WEU-FRA,C-WEU-FRA-FRF22,Zone_4A Mixed Humid,mfh,rur,4518.5
C-WEU-FRA,C-WEU-FRA-FRF22,Zone_4A Mixed Humid,sfh,urb,7378.0
C-WEU-FRA,C-WEU-FRA-FRF22,Zone_4A Mixed Humid,sfh,rur,7378.0
C-WEU-FRA,C-WEU-FRA-FRF23,Zone_4A Mixed Humid,mfh,urb,10137.0
C-WEU-FRA,C-WEU-FRA-FRF23,Zone_4A Mixed Humid,mfh,rur,10137.0
C-WEU-FRA,C-WEU-FRA-FRF23,Zone_4A Mixed Humid,sfh,urb,8616.0
C-WEU-FRA,C-WEU-FRA-FRF23,Zone_4A Mixed Humid,sfh,rur,8616.0
C-WEU-FRA,C-WEU-FRA-FRF24,Zone_4A Mixed Humid,mfh,urb,2581.0
C-WEU-FRA,C-WEU-FRA-FRF24,Zone_4A Mixed Humid,mfh,rur,2581.0
C-WEU-FRA,C-WEU-FRA-FRF24,Zone_4A Mixed Humid,sfh,urb,7173.5
C-WEU-FRA,C-WEU-FRA-FRF24,Zone_4A Mixed Humid,sfh,rur,7173.5
C-WEU-FRA,C-WEU-FRA-FRF31,Zone_5A Cool Humid,mfh,urb,13603.0
C-WEU-FRA,C-WEU-FRA-FRF31,Zone_5A Cool Humid,mfh,rur,13603.0
C-WEU-FRA,C-WEU-FRA-FRF31,Zone_5A Cool Humid,sfh,urb,8380.5
C-WEU-FRA,C-WEU-FRA-FRF31,Zone_5A Cool Humid,sfh,rur,8380.5
C-WEU-FRA,C-WEU-FRA-FRF32,Zone_4A Mixed Humid,mfh,urb,2444.0
C-WEU-FRA,C-WEU-FRA-FRF32,Zone_4A Mixed Humid,mfh,rur,2444.0
C-WEU-FRA,C-WEU-FRA-FRF32,Zone_4A Mixed Humid,sfh,urb,5980.5
C-WEU-FRA,C-WEU-FRA-FRF32,Zone_4A Mixed Humid,sfh,rur,5980.5
C-WEU-FRA,C-WEU-FRA-FRF33,Zone_4A Mixed Humid,mfh,urb,17795.0
C-WEU-FRA,C-WEU-FRA-FRF33,Zone_4A Mixed Humid,mfh,rur,17795.0
C-WEU-FRA,C-WEU-FRA-FRF33,Zone_4A Mixed Humid,sfh,urb,12383.0
C-WEU-FRA,C-WEU-FRA-FRF33,Zone_4A Mixed Humid,sfh,rur,12383.0
C-WEU-FRA,C-WEU-FRA-FRF34,Zone_5A Cool Humid,mfh,urb,9987.0
C-WEU-FRA,C-WEU-FRA-FRF34,Zone_5A Cool Humid,mfh,rur,9987.0
C-WEU-FRA,C-WEU-FRA-FRF34,Zone_5A Cool Humid,sfh,urb,12752.0
C-WEU-FRA,C-WEU-FRA-FRF34,Zone_5A Cool Humid,sfh,rur,12752.0
C-WEU-FRA,C-WEU-FRA-FRG01,Zone_4A Mixed Humid,mfh,urb,31571.5
C-WEU-FRA,C-WEU-FRA-FRG01,Zone_4A Mixed Humid,mfh,rur,31571.5
C-WEU-FRA,C-WEU-FRA-FRG01,Zone_4A Mixed Humid,sfh,urb,31037.0
C-WEU-FRA,C-WEU-FRA-FRG01,Zone_4A Mixed Humid,sfh,rur,31037.0
C-WEU-FRA,C-WEU-FRA-FRG02,Zone_4A Mixed Humid,mfh,urb,7735.0
C-WEU-FRA,C-WEU-FRA-FRG02,Zone_4A Mixed Humid,mfh,rur,7735.0
C-WEU-FRA,C-WEU-FRA-FRG02,Zone_4A Mixed Humid,sfh,urb,11738.5
C-WEU-FRA,C-WEU-FRA-FRG02,Zone_4A Mixed Humid,sfh,rur,11738.5
C-WEU-FRA,C-WEU-FRA-FRG03,Zone_4A Mixed Humid,mfh,urb,2580.0
C-WEU-FRA,C-WEU-FRA-FRG03,Zone_4A Mixed Humid,mfh,rur,2580.0
C-WEU-FRA,C-WEU-FRA-FRG03,Zone_4A Mixed Humid,sfh,urb,9072.0
C-WEU-FRA,C-WEU-FRA-FRG03,Zone_4A Mixed Humid,sfh,rur,9072.0
C-WEU-FRA,C-WEU-FRA-FRG04,Zone_4A Mixed Humid,mfh,urb,6353.5
C-WEU-FRA,C-WEU-FRA-FRG04,Zone_4A Mixed Humid,mfh,rur,6353.5
C-WEU-FRA,C-WEU-FRA-FRG04,Zone_4A Mixed Humid,sfh,urb,14229.0
C-WEU-FRA,C-WEU-FRA-FRG04,Zone_4A Mixed Humid,sfh,rur,14229.0
C-WEU-FRA,C-WEU-FRA-FRG05,Zone_4A Mixed Humid,mfh,urb,20365.5
C-WEU-FRA,C-WEU-FRA-FRG05,Zone_4A Mixed Humid,mfh,rur,20365.5
C-WEU-FRA,C-WEU-FRA-FRG05,Zone_4A Mixed Humid,sfh,urb,42721.0
C-WEU-FRA,C-WEU-FRA-FRG05,Zone_4A Mixed Humid,sfh,rur,42721.0
C-WEU-FRA,C-WEU-FRA-FRH01,Zone_4A Mixed Humid,mfh,urb,10954.5
C-WEU-FRA,C-WEU-FRA-FRH01,Zone_4A Mixed Humid,mfh,rur,10954.5
C-WEU-FRA,C-WEU-FRA-FRH01,Zone_4A Mixed Humid,sfh,urb,35234.5
C-WEU-FRA,C-WEU-FRA-FRH01,Zone_4A Mixed Humid,sfh,rur,35234.5
C-WEU-FRA,C-WEU-FRA-FRH02,Zone_4A Mixed Humid,mfh,urb,16578.5
C-WEU-FRA,C-WEU-FRA-FRH02,Zone_4A Mixed Humid,mfh,rur,16578.5
C-WEU-FRA,C-WEU-FRA-FRH02,Zone_4A Mixed Humid,sfh,urb,41069.5
C-WEU-FRA,C-WEU-FRA-FRH02,Zone_4A Mixed Humid,sfh,rur,41069.5
C-WEU-FRA,C-WEU-FRA-FRH03,Zone_4A Mixed Humid,mfh,urb,19090.0
C-WEU-FRA,C-WEU-FRA-FRH03,Zone_4A Mixed Humid,mfh,rur,19090.0
C-WEU-FRA,C-WEU-FRA-FRH03,Zone_4A Mixed Humid,sfh,urb,20043.0
C-WEU-FRA,C-WEU-FRA-FRH03,Zone_4A Mixed Humid,sfh,rur,20043.0
C-WEU-FRA,C-WEU-FRA-FRH04,Zone_4A Mixed Humid,mfh,urb,19487.5
C-WEU-FRA,C-WEU-FRA-FRH04,Zone_4A Mixed Humid,mfh,rur,19487.5
C-WEU-FRA,C-WEU-FRA-FRH04,Zone_4A Mixed Humid,sfh,urb,40030.5
C-WEU-FRA,C-WEU-FRA-FRH04,Zone_4A Mixed Humid,sfh,rur,40030.5
C-WEU-FRA,C-WEU-FRA-FRI11,Zone_4A Mixed Humid,mfh,urb,6448.0
C-WEU-FRA,C-WEU-FRA-FRI11,Zone_4A Mixed Humid,mfh,rur,6448.0
C-WEU-FRA,C-WEU-FRA-FRI11,Zone_4A Mixed Humid,sfh,urb,25883.0
C-WEU-FRA,C-WEU-FRA-FRI11,Zone_4A Mixed Humid,sfh,rur,25883.0
C-WEU-FRA,C-WEU-FRA-FRI12,Zone_3A Warm Humid,mfh,urb,30800.5
C-WEU-FRA,C-WEU-FRA-FRI12,Zone_3A Warm Humid,mfh,rur,30800.5
C-WEU-FRA,C-WEU-FRA-FRI12,Zone_3A Warm Humid,sfh,urb,38257.0
C-WEU-FRA,C-WEU-FRA-FRI12,Zone_3A Warm Humid,sfh,rur,38257.0
C-WEU-FRA,C-WEU-FRA-FRI13,Zone_3A Warm Humid,mfh,urb,17707.0
C-WEU-FRA,C-WEU-FRA-FRI13,Zone_3A Warm Humid,mfh,rur,17707.0
C-WEU-FRA,C-WEU-FRA-FRI13,Zone_3A Warm Humid,sfh,urb,18592.5
C-WEU-FRA,C-WEU-FRA-FRI13,Zone_3A Warm Humid,sfh,rur,18592.5
C-WEU-FRA,C-WEU-FRA-FRI14,Zone_3A Warm Humid,mfh,urb,4785.0
C-WEU-FRA,C-WEU-FRA-FRI14,Zone_3A Warm Humid,mfh,rur,4785.0
C-WEU-FRA,C-WEU-FRA-FRI14,Zone_3A Warm Humid,sfh,urb,12145.5
C-WEU-FRA,C-WEU-FRA-FRI14,Zone_3A Warm Humid,sfh,rur,12145.5
C-WEU-FRA,C-WEU-FRA-FRI15,Zone_4A Mixed Humid,mfh,urb,30150.0
C-WEU-FRA,C-WEU-FRA-FRI15,Zone_4A Mixed Humid,mfh,rur,30150.0
C-WEU-FRA,C-WEU-FRA-FRI15,Zone_4A Mixed Humid,sfh,urb,14190.5
C-WEU-FRA,C-WEU-FRA-FRI15,Zone_4A Mixed Humid,sfh,rur,14190.5
C-WEU-FRA,C-WEU-FRA-FRI21,Zone_4A Mixed Humid,mfh,urb,5012.5
C-WEU-FRA,C-WEU-FRA-FRI21,Zone_4A Mixed Humid,mfh,rur,5012.5
C-WEU-FRA,C-WEU-FRA-FRI21,Zone_4A Mixed Humid,sfh,urb,15452.5
C-WEU-FRA,C-WEU-FRA-FRI21,Zone_4A Mixed Humid,sfh,rur,15452.5
C-WEU-FRA,C-WEU-FRA-FRI22,Zone_4A Mixed Humid,mfh,urb,1699.0
C-WEU-FRA,C-WEU-FRA-FRI22,Zone_4A Mixed Humid,mfh,rur,1699.0
C-WEU-FRA,C-WEU-FRA-FRI22,Zone_4A Mixed Humid,sfh,urb,14130.5
C-WEU-FRA,C-WEU-FRA-FRI22,Zone_4A Mixed Humid,sfh,rur,14130.5
C-WEU-FRA,C-WEU-FRA-FRI23,Zone_4A Mixed Humid,mfh,urb,5733.5
C-WEU-FRA,C-WEU-FRA-FRI23,Zone_4A Mixed Humid,mfh,rur,5733.5
C-WEU-FRA,C-WEU-FRA-FRI23,Zone_4A Mixed Humid,sfh,urb,13580.5
C-WEU-FRA,C-WEU-FRA-FRI23,Zone_4A Mixed Humid,sfh,rur,13580.5
C-WEU-FRA,C-WEU-FRA-FRI31,Zone_4A Mixed Humid,mfh,urb,2959.5
C-WEU-FRA,C-WEU-FRA-FRI31,Zone_4A Mixed Humid,mfh,rur,2959.5
C-WEU-FRA,C-WEU-FRA-FRI31,Zone_4A Mixed Humid,sfh,urb,13848.0
C-WEU-FRA,C-WEU-FRA-FRI31,Zone_4A Mixed Humid,sfh,rur,13848.0
C-WEU-FRA,C-WEU-FRA-FRI32,Zone_3A Warm Humid,mfh,urb,22446.5
C-WEU-FRA,C-WEU-FRA-FRI32,Zone_3A Warm Humid,mfh,rur,22446.5
C-WEU-FRA,C-WEU-FRA-FRI32,Zone_3A Warm Humid,sfh,urb,43256.5
C-WEU-FRA,C-WEU-FRA-FRI32,Zone_3A Warm Humid,sfh,rur,43256.5
C-WEU-FRA,C-WEU-FRA-FRI33,Zone_4A Mixed Humid,mfh,urb,2762.5
C-WEU-FRA,C-WEU-FRA-FRI33,Zone_4A Mixed Humid,mfh,rur,2762.5
C-WEU-FRA,C-WEU-FRA-FRI33,Zone_4A Mixed Humid,sfh,urb,10719.5
C-WEU-FRA,C-WEU-FRA-FRI33,Zone_4A Mixed Humid,sfh,rur,10719.5
C-WEU-FRA,C-WEU-FRA-FRI34,Zone_4A Mixed Humid,mfh,urb,5649.0
C-WEU-FRA,C-WEU-FRA-FRI34,Zone_4A Mixed Humid,mfh,rur,5649.0
C-WEU-FRA,C-WEU-FRA-FRI34,Zone_4A Mixed Humid,sfh,urb,13142.5
C-WEU-FRA,C-WEU-FRA-FRI34,Zone_4A Mixed Humid,sfh,rur,13142.5
C-WEU-FRA,C-WEU-FRA-FRJ11,Zone_4A Mixed Humid,mfh,urb,23676.0
C-WEU-FRA,C-WEU-FRA-FRJ11,Zone_4A Mixed Humid,mfh,rur,23676.0
C-WEU-FRA,C-WEU-FRA-FRJ11,Zone_4A Mixed Humid,sfh,urb,21275.5
C-WEU-FRA,C-WEU-FRA-FRJ11,Zone_4A Mixed Humid,sfh,rur,21275.5
C-WEU-FRA,C-WEU-FRA-FRJ12,Zone_3A Warm Humid,mfh,urb,25037.5
C-WEU-FRA,C-WEU-FRA-FRJ12,Zone_3A Warm Humid,mfh,rur,25037.5
C-WEU-FRA,C-WEU-FRA-FRJ12,Zone_3A Warm Humid,sfh,urb,22257.5
C-WEU-FRA,C-WEU-FRA-FRJ12,Zone_3A Warm Humid,sfh,rur,22257.5
C-WEU-FRA,C-WEU-FRA-FRJ13,Zone_3A Warm Humid,mfh,urb,64996.0
C-WEU-FRA,C-WEU-FRA-FRJ13,Zone_3A Warm Humid,mfh,rur,64996.0
C-WEU-FRA,C-WEU-FRA-FRJ13,Zone_3A Warm Humid,sfh,urb,29275.0
C-WEU-FRA,C-WEU-FRA-FRJ13,Zone_3A Warm Humid,sfh,rur,29275.0
C-WEU-FRA,C-WEU-FRA-FRJ14,Zone_5A Cool Humid,mfh,urb,2963.5
C-WEU-FRA,C-WEU-FRA-FRJ14,Zone_5A Cool Humid,mfh,rur,2963.5
C-WEU-FRA,C-WEU-FRA-FRJ14,Zone_5A Cool Humid,sfh,urb,10026.5
C-WEU-FRA,C-WEU-FRA-FRJ14,Zone_5A Cool Humid,sfh,rur,10026.5
C-WEU-FRA,C-WEU-FRA-FRJ15,Zone_3A Warm Humid,mfh,urb,41955.0
C-WEU-FRA,C-WEU-FRA-FRJ15,Zone_3A Warm Humid,mfh,rur,41955.0
C-WEU-FRA,C-WEU-FRA-FRJ15,Zone_3A Warm Humid,sfh,urb,22775.0
C-WEU-FRA,C-WEU-FRA-FRJ15,Zone_3A Warm Humid,sfh,rur,22775.0
C-WEU-FRA,C-WEU-FRA-FRJ21,Zone_5A Cool Humid,mfh,urb,4699.0
C-WEU-FRA,C-WEU-FRA-FRJ21,Zone_5A Cool Humid,mfh,rur,4699.0
C-WEU-FRA,C-WEU-FRA-FRJ21,Zone_5A Cool Humid,sfh,urb,13982.5
C-WEU-FRA,C-WEU-FRA-FRJ21,Zone_5A Cool Humid,sfh,rur,13982.5
C-WEU-FRA,C-WEU-FRA-FRJ22,Zone_4A Mixed Humid,mfh,urb,7092.0
C-WEU-FRA,C-WEU-FRA-FRJ22,Zone_4A Mixed Humid,mfh,rur,7092.0
C-WEU-FRA,C-WEU-FRA-FRJ22,Zone_4A Mixed Humid,sfh,urb,19044.0
C-WEU-FRA,C-WEU-FRA-FRJ22,Zone_4A Mixed Humid,sfh,rur,19044.0
C-WEU-FRA,C-WEU-FRA-FRJ23,Zone_4A Mixed Humid,mfh,urb,28446.0
C-WEU-FRA,C-WEU-FRA-FRJ23,Zone_4A Mixed Humid,mfh,rur,28446.0
C-WEU-FRA,C-WEU-FRA-FRJ23,Zone_4A Mixed Humid,sfh,urb,16008.5
C-WEU-FRA,C-WEU-FRA-FRJ23,Zone_4A Mixed Humid,sfh,rur,16008.5
C-WEU-FRA,C-WEU-FRA-FRJ24,Zone_3A Warm Humid,mfh,urb,3155.5
C-WEU-FRA,C-WEU-FRA-FRJ24,Zone_3A Warm Humid,mfh,rur,3155.5
C-WEU-FRA,C-WEU-FRA-FRJ24,Zone_3A Warm Humid,sfh,urb,7915.0
C-WEU-FRA,C-WEU-FRA-FRJ24,Zone_3A Warm Humid,sfh,rur,7915.0
C-WEU-FRA,C-WEU-FRA-FRJ25,Zone_4A Mixed Humid,mfh,urb,3242.0
C-WEU-FRA,C-WEU-FRA-FRJ25,Zone_4A Mixed Humid,mfh,rur,3242.0
C-WEU-FRA,C-WEU-FRA-FRJ25,Zone_4A Mixed Humid,sfh,urb,14159.0
C-WEU-FRA,C-WEU-FRA-FRJ25,Zone_4A Mixed Humid,sfh,rur,14159.0
C-WEU-FRA,C-WEU-FRA-FRJ26,Zone_4A Mixed Humid,mfh,urb,16714.0
C-WEU-FRA,C-WEU-FRA-FRJ26,Zone_4A Mixed Humid,mfh,rur,16714.0
C-WEU-FRA,C-WEU-FRA-FRJ26,Zone_4A Mixed Humid,sfh,urb,10227.5
C-WEU-FRA,C-WEU-FRA-FRJ26,Zone_4A Mixed Humid,sfh,rur,10227.5
C-WEU-FRA,C-WEU-FRA-FRJ27,Zone_3A Warm Humid,mfh,urb,4260.0
C-WEU-FRA,C-WEU-FRA-FRJ27,Zone_3A Warm Humid,mfh,rur,4260.0
C-WEU-FRA,C-WEU-FRA-FRJ27,Zone_3A Warm Humid,sfh,urb,13582.0
C-WEU-FRA,C-WEU-FRA-FRJ27,Zone_3A Warm Humid,sfh,rur,13582.0
C-WEU-FRA,C-WEU-FRA-FRJ28,Zone_4A Mixed Humid,mfh,urb,2745.5
C-WEU-FRA,C-WEU-FRA-FRJ28,Zone_4A Mixed Humid,mfh,rur,2745.5
C-WEU-FRA,C-WEU-FRA-FRJ28,Zone_4A Mixed Humid,sfh,urb,7678.0
C-WEU-FRA,C-WEU-FRA-FRJ28,Zone_4A Mixed Humid,sfh,rur,7678.0
C-WEU-FRA,C-WEU-FRA-FRK11,Zone_4A Mixed Humid,mfh,urb,8588.5
C-WEU-FRA,C-WEU-FRA-FRK11,Zone_4A Mixed Humid,mfh,rur,8588.5
C-WEU-FRA,C-WEU-FRA-FRK11,Zone_4A Mixed Humid,sfh,urb,14469.0
C-WEU-FRA,C-WEU-FRA-FRK11,Zone_4A Mixed Humid,sfh,rur,14469.0
C-WEU-FRA,C-WEU-FRA-FRK12,Zone_5A Cool Humid,mfh,urb,4199.5
C-WEU-FRA,C-WEU-FRA-FRK12,Zone_5A Cool Humid,mfh,rur,4199.5
C-WEU-FRA,C-WEU-FRA-FRK12,Zone_5A Cool Humid,sfh,urb,12350.5
C-WEU-FRA,C-WEU-FRA-FRK12,Zone_5A Cool Humid,sfh,rur,12350.5
C-WEU-FRA,C-WEU-FRA-FRK13,Zone_5A Cool Humid,mfh,urb,4500.0
C-WEU-FRA,C-WEU-FRA-FRK13,Zone_5A Cool Humid,mfh,rur,4500.0
C-WEU-FRA,C-WEU-FRA-FRK13,Zone_5A Cool Humid,sfh,urb,15961.0
C-WEU-FRA,C-WEU-FRA-FRK13,Zone_5A Cool Humid,sfh,rur,15961.0
C-WEU-FRA,C-WEU-FRA-FRK14,Zone_4A Mixed Humid,mfh,urb,15710.0
C-WEU-FRA,C-WEU-FRA-FRK14,Zone_4A Mixed Humid,mfh,rur,15710.0
C-WEU-FRA,C-WEU-FRA-FRK14,Zone_4A Mixed Humid,sfh,urb,25392.5
C-WEU-FRA,C-WEU-FRA-FRK14,Zone_4A Mixed Humid,sfh,rur,25392.5
C-WEU-FRA,C-WEU-FRA-FRK21,Zone_4A Mixed Humid,mfh,urb,10846.5
C-WEU-FRA,C-WEU-FRA-FRK21,Zone_4A Mixed Humid,mfh,rur,10846.5
C-WEU-FRA,C-WEU-FRA-FRK21,Zone_4A Mixed Humid,sfh,urb,11592.0
C-WEU-FRA,C-WEU-FRA-FRK21,Zone_4A Mixed Humid,sfh,rur,11592.0
C-WEU-FRA,C-WEU-FRA-FRK22,Zone_4A Mixed Humid,mfh,urb,8537.5
C-WEU-FRA,C-WEU-FRA-FRK22,Zone_4A Mixed Humid,mfh,rur,8537.5
C-WEU-FRA,C-WEU-FRA-FRK22,Zone_4A Mixed Humid,sfh,urb,20129.5
C-WEU-FRA,C-WEU-FRA-FRK22,Zone_4A Mixed Humid,sfh,rur,20129.5
C-WEU-FRA,C-WEU-FRA-FRK23,Zone_4A Mixed Humid,mfh,urb,9436.5
C-WEU-FRA,C-WEU-FRA-FRK23,Zone_4A Mixed Humid,mfh,rur,9436.5
C-WEU-FRA,C-WEU-FRA-FRK23,Zone_4A Mixed Humid,sfh,urb,13683.5
C-WEU-FRA,C-WEU-FRA-FRK23,Zone_4A Mixed Humid,sfh,rur,13683.5
C-WEU-FRA,C-WEU-FRA-FRK24,Zone_4A Mixed Humid,mfh,urb,36359.0
C-WEU-FRA,C-WEU-FRA-FRK24,Zone_4A Mixed Humid,mfh,rur,36359.0
C-WEU-FRA,C-WEU-FRA-FRK24,Zone_4A Mixed Humid,sfh,urb,17501.0
C-WEU-FRA,C-WEU-FRA-FRK24,Zone_4A Mixed Humid,sfh,rur,17501.0
C-WEU-FRA,C-WEU-FRA-FRK25,Zone_4A Mixed Humid,mfh,urb,16291.0
C-WEU-FRA,C-WEU-FRA-FRK25,Zone_4A Mixed Humid,mfh,rur,16291.0
C-WEU-FRA,C-WEU-FRA-FRK25,Zone_4A Mixed Humid,sfh,urb,12476.0
C-WEU-FRA,C-WEU-FRA-FRK25,Zone_4A Mixed Humid,sfh,rur,12476.0
C-WEU-FRA,C-WEU-FRA-FRK26,Zone_4A Mixed Humid,mfh,urb,43156.5
C-WEU-FRA,C-WEU-FRA-FRK26,Zone_4A Mixed Humid,mfh,rur,43156.5
C-WEU-FRA,C-WEU-FRA-FRK26,Zone_4A Mixed Humid,sfh,urb,9977.0
C-WEU-FRA,C-WEU-FRA-FRK26,Zone_4A Mixed Humid,sfh,rur,9977.0
C-WEU-FRA,C-WEU-FRA-FRK27,Zone_7A Very cold Humid,mfh,urb,60630.0
C-WEU-FRA,C-WEU-FRA-FRK27,Zone_7A Very cold Humid,mfh,rur,60630.0
C-WEU-FRA,C-WEU-FRA-FRK27,Zone_7A Very cold Humid,sfh,urb,16087.5
C-WEU-FRA,C-WEU-FRA-FRK27,Zone_7A Very cold Humid,sfh,rur,16087.5
C-WEU-FRA,C-WEU-FRA-FRK28,Zone_5A Cool Humid,mfh,urb,58787.0
C-WEU-FRA,C-WEU-FRA-FRK28,Zone_5A Cool Humid,mfh,rur,58787.0
C-WEU-FRA,C-WEU-FRA-FRK28,Zone_5A Cool Humid,sfh,urb,22619.5
C-WEU-FRA,C-WEU-FRA-FRK28,Zone_5A Cool Humid,sfh,rur,22619.5
C-WEU-FRA,C-WEU-FRA-FRL01,Zone_4C Mixed Marine,mfh,urb,13727.0
C-WEU-FRA,C-WEU-FRA-FRL01,Zone_4C Mixed Marine,mfh,rur,13727.0
C-WEU-FRA,C-WEU-FRA-FRL01,Zone_4C Mixed Marine,sfh,urb,11902.5
C-WEU-FRA,C-WEU-FRA-FRL01,Zone_4C Mixed Marine,sfh,rur,11902.5
C-WEU-FRA,C-WEU-FRA-FRL02,Zone_4A Mixed Humid,mfh,urb,25980.0
C-WEU-FRA,C-WEU-FRA-FRL02,Zone_4A Mixed Humid,mfh,rur,25980.0
C-WEU-FRA,C-WEU-FRA-FRL02,Zone_4A Mixed Humid,sfh,urb,9845.5
C-WEU-FRA,C-WEU-FRA-FRL02,Zone_4A Mixed Humid,sfh,rur,9845.5
C-WEU-FRA,C-WEU-FRA-FRL03,Zone_3C Warm Marine,mfh,urb,113010.5
C-WEU-FRA,C-WEU-FRA-FRL03,Zone_3C Warm Marine,mfh,rur,113010.5
C-WEU-FRA,C-WEU-FRA-FRL03,Zone_3C Warm Marine,sfh,urb,18534.5
C-WEU-FRA,C-WEU-FRA-FRL03,Zone_3C Warm Marine,sfh,rur,18534.5
C-WEU-FRA,C-WEU-FRA-FRL04,Zone_3A Warm Humid,mfh,urb,50278.0
C-WEU-FRA,C-WEU-FRA-FRL04,Zone_3A Warm Humid,mfh,rur,50278.0
C-WEU-FRA,C-WEU-FRA-FRL04,Zone_3A Warm Humid,sfh,urb,15063.0
C-WEU-FRA,C-WEU-FRA-FRL04,Zone_3A Warm Humid,sfh,rur,15063.0
C-WEU-FRA,C-WEU-FRA-FRL05,Zone_3A Warm Humid,mfh,urb,77667.5
C-WEU-FRA,C-WEU-FRA-FRL05,Zone_3A Warm Humid,mfh,rur,77667.5
C-WEU-FRA,C-WEU-FRA-FRL05,Zone_3A Warm Humid,sfh,urb,35848.5
C-WEU-FRA,C-WEU-FRA-FRL05,Zone_3A Warm Humid,sfh,rur,35848.5
C-WEU-FRA,C-WEU-FRA-FRL06,Zone_3A Warm Humid,mfh,urb,13784.5
C-WEU-FRA,C-WEU-FRA-FRL06,Zone_3A Warm Humid,mfh,rur,13784.5
C-WEU-FRA,C-WEU-FRA-FRL06,Zone_3A Warm Humid,sfh,urb,15370.0
C-WEU-FRA,C-WEU-FRA-FRL06,Zone_3A Warm Humid,sfh,rur,15370.0
C-WEU-FRA,C-WEU-FRA-FRM01,Zone_3A Warm Humid,mfh,urb,14782.0
C-WEU-FRA,C-WEU-FRA-FRM01,Zone_3A Warm Humid,mfh,rur,14782.0
C-WEU-FRA,C-WEU-FRA-FRM01,Zone_3A Warm Humid,sfh,urb,11607.5
C-WEU-FRA,C-WEU-FRA-FRM01,Zone_3A Warm Humid,sfh,rur,11607.5
C-WEU-FRA,C-WEU-FRA-FRM02,Zone_4C Mixed Marine,mfh,urb,15448.0
C-WEU-FRA,C-WEU-FRA-FRM02,Zone_4C Mixed Marine,mfh,rur,15448.0
C-WEU-FRA,C-WEU-FRA-FRM02,Zone_4C Mixed Marine,sfh,urb,10977.5
C-WEU-FRA,C-WEU-FRA-FRM02,Zone_4C Mixed Marine,sfh,rur,10977.5
C-WEU-FRA,C-WEU-FRA-FRY10,Zone_1A Very hot Humid,mfh,urb,12933.5
C-WEU-FRA,C-WEU-FRA-FRY10,Zone_1A Very hot Humid,mfh,rur,12933.5
C-WEU-FRA,C-WEU-FRA-FRY10,Zone_1A Very hot Humid,sfh,urb,18868.5
C-WEU-FRA,C-WEU-FRA-FRY10,Zone_1A Very hot Humid,sfh,rur,18868.5
C-WEU-FRA,C-WEU-FRA-FRY20,Zone_1A Very hot Humid,mfh,urb,13095.0
C-WEU-FRA,C-WEU-FRA-FRY20,Zone_1A Very hot Humid,mfh,rur,13095.0
C-WEU-FRA,C-WEU-FRA-FRY20,Zone_1A Very hot Humid,sfh,urb,11747.5
C-WEU-FRA,C-WEU-FRA-FRY20,Zone_1A Very hot Humid,sfh,rur,11747.5
C-WEU-FRA,C-WEU-FRA-FRY30,Zone_1A Very hot Humid,mfh,urb,3816.5
C-WEU-FRA,C-WEU-FRA-FRY30,Zone_1A Very hot Humid,mfh,rur,3816.5
C-WEU-FRA,C-WEU-FRA-FRY30,Zone_1A Very hot Humid,sfh,urb,2865.5
C-WEU-FRA,C-WEU-FRA-FRY30,Zone_1A Very hot Humid,sfh,rur,2865.5
C-WEU-FRA,C-WEU-FRA-FRY40,Zone_2A Hot Humid,mfh,urb,9457.5
C-WEU-FRA,C-WEU-FRA-FRY40,Zone_2A Hot Humid,mfh,rur,9457.5
C-WEU-FRA,C-WEU-FRA-FRY40,Zone_2A Hot Humid,sfh,urb,14164.0
C-WEU-FRA,C-WEU-FRA-FRY40,Zone_2A Hot Humid,sfh,rur,14164.0
C-WEU-FRA,C-WEU-FRA-FRY50,Zone_0A Extremely hot Humid,mfh,urb,0.0
C-WEU-FRA,C-WEU-FRA-FRY50,Zone_0A Extremely hot Humid,mfh,rur,0.0
C-WEU-GRC,C-WEU-GRC-EL301,Zone_3A Warm Humid,mfh,urb,17796.0
C-WEU-GRC,C-WEU-GRC-EL301,Zone_3A Warm Humid,mfh,rur,17796.0
C-WEU-GRC,C-WEU-GRC-EL301,Zone_3A Warm Humid,sfh,urb,2476.0
C-WEU-GRC,C-WEU-GRC-EL301,Zone_3A Warm Humid,sfh,rur,2476.0
C-WEU-GRC,C-WEU-GRC-EL302,Zone_3A Warm Humid,mfh,urb,18470.5
C-WEU-GRC,C-WEU-GRC-EL302,Zone_3A Warm Humid,mfh,rur,18470.5
C-WEU-GRC,C-WEU-GRC-EL302,Zone_3A Warm Humid,sfh,urb,2203.5
C-WEU-GRC,C-WEU-GRC-EL302,Zone_3A Warm Humid,sfh,rur,2203.5
C-WEU-GRC,C-WEU-GRC-EL303,Zone_3A Warm Humid,mfh,urb,74670.5
C-WEU-GRC,C-WEU-GRC-EL303,Zone_3A Warm Humid,mfh,rur,74670.5
C-WEU-GRC,C-WEU-GRC-EL303,Zone_3A Warm Humid,sfh,urb,1986.0
C-WEU-GRC,C-WEU-GRC-EL303,Zone_3A Warm Humid,sfh,rur,1986.0
C-WEU-GRC,C-WEU-GRC-EL304,Zone_3A Warm Humid,mfh,urb,24040.0
C-WEU-GRC,C-WEU-GRC-EL304,Zone_3A Warm Humid,mfh,rur,24040.0
C-WEU-GRC,C-WEU-GRC-EL304,Zone_3A Warm Humid,sfh,urb,1001.0
C-WEU-GRC,C-WEU-GRC-EL304,Zone_3A Warm Humid,sfh,rur,1001.0
C-WEU-GRC,C-WEU-GRC-EL305,Zone_3A Warm Humid,mfh,urb,29595.0
C-WEU-GRC,C-WEU-GRC-EL305,Zone_3A Warm Humid,mfh,rur,29595.0
C-WEU-GRC,C-WEU-GRC-EL305,Zone_3A Warm Humid,sfh,urb,31743.0
C-WEU-GRC,C-WEU-GRC-EL305,Zone_3A Warm Humid,sfh,rur,31743.0
C-WEU-GRC,C-WEU-GRC-EL306,Zone_3A Warm Humid,mfh,urb,4767.5
C-WEU-GRC,C-WEU-GRC-EL306,Zone_3A Warm Humid,mfh,rur,4767.5
C-WEU-GRC,C-WEU-GRC-EL306,Zone_3A Warm Humid,sfh,urb,7813.0
C-WEU-GRC,C-WEU-GRC-EL306,Zone_3A Warm Humid,sfh,rur,7813.0
C-WEU-GRC,C-WEU-GRC-EL307,Zone_3A Warm Humid,mfh,urb,28605.0
C-WEU-GRC,C-WEU-GRC-EL307,Zone_3A Warm Humid,mfh,rur,28605.0
C-WEU-GRC,C-WEU-GRC-EL307,Zone_3A Warm Humid,sfh,urb,17905.0
C-WEU-GRC,C-WEU-GRC-EL307,Zone_3A Warm Humid,sfh,rur,17905.0
C-WEU-GRC,C-WEU-GRC-EL411,Zone_3A Warm Humid,mfh,urb,5551.5
C-WEU-GRC,C-WEU-GRC-EL411,Zone_3A Warm Humid,mfh,rur,5551.5
C-WEU-GRC,C-WEU-GRC-EL411,Zone_3A Warm Humid,sfh,urb,14949.0
C-WEU-GRC,C-WEU-GRC-EL411,Zone_3A Warm Humid,sfh,rur,14949.0
C-WEU-GRC,C-WEU-GRC-EL412,Zone_3A Warm Humid,mfh,urb,2860.0
C-WEU-GRC,C-WEU-GRC-EL412,Zone_3A Warm Humid,mfh,rur,2860.0
C-WEU-GRC,C-WEU-GRC-EL412,Zone_3A Warm Humid,sfh,urb,6855.5
C-WEU-GRC,C-WEU-GRC-EL412,Zone_3A Warm Humid,sfh,rur,6855.5
C-WEU-GRC,C-WEU-GRC-EL413,Zone_3A Warm Humid,mfh,urb,3747.0
C-WEU-GRC,C-WEU-GRC-EL413,Zone_3A Warm Humid,mfh,rur,3747.0
C-WEU-GRC,C-WEU-GRC-EL413,Zone_3A Warm Humid,sfh,urb,5822.5
C-WEU-GRC,C-WEU-GRC-EL413,Zone_3A Warm Humid,sfh,rur,5822.5
C-WEU-GRC,C-WEU-GRC-EL421,Zone_3A Warm Humid,mfh,urb,11358.0
C-WEU-GRC,C-WEU-GRC-EL421,Zone_3A Warm Humid,mfh,rur,11358.0
C-WEU-GRC,C-WEU-GRC-EL421,Zone_3A Warm Humid,sfh,urb,12789.5
C-WEU-GRC,C-WEU-GRC-EL421,Zone_3A Warm Humid,sfh,rur,12789.5
C-WEU-GRC,C-WEU-GRC-EL422,Zone_3A Warm Humid,mfh,urb,18246.0
C-WEU-GRC,C-WEU-GRC-EL422,Zone_3A Warm Humid,mfh,rur,18246.0
C-WEU-GRC,C-WEU-GRC-EL422,Zone_3A Warm Humid,sfh,urb,21242.0
C-WEU-GRC,C-WEU-GRC-EL422,Zone_3A Warm Humid,sfh,rur,21242.0
C-WEU-GRC,C-WEU-GRC-EL431,Zone_3A Warm Humid,mfh,urb,16905.5
C-WEU-GRC,C-WEU-GRC-EL431,Zone_3A Warm Humid,mfh,rur,16905.5
C-WEU-GRC,C-WEU-GRC-EL431,Zone_3A Warm Humid,sfh,urb,15470.5
C-WEU-GRC,C-WEU-GRC-EL431,Zone_3A Warm Humid,sfh,rur,15470.5
C-WEU-GRC,C-WEU-GRC-EL432,Zone_3A Warm Humid,mfh,urb,7354.5
C-WEU-GRC,C-WEU-GRC-EL432,Zone_3A Warm Humid,mfh,rur,7354.5
C-WEU-GRC,C-WEU-GRC-EL432,Zone_3A Warm Humid,sfh,urb,8839.5
C-WEU-GRC,C-WEU-GRC-EL432,Zone_3A Warm Humid,sfh,rur,8839.5
C-WEU-GRC,C-WEU-GRC-EL433,Zone_3A Warm Humid,mfh,urb,5903.5
C-WEU-GRC,C-WEU-GRC-EL433,Zone_3A Warm Humid,mfh,rur,5903.5
C-WEU-GRC,C-WEU-GRC-EL433,Zone_3A Warm Humid,sfh,urb,6540.5
C-WEU-GRC,C-WEU-GRC-EL433,Zone_3A Warm Humid,sfh,rur,6540.5
C-WEU-GRC,C-WEU-GRC-EL434,Zone_3A Warm Humid,mfh,urb,8743.0
C-WEU-GRC,C-WEU-GRC-EL434,Zone_3A Warm Humid,mfh,rur,8743.0
C-WEU-GRC,C-WEU-GRC-EL434,Zone_3A Warm Humid,sfh,urb,9807.5
C-WEU-GRC,C-WEU-GRC-EL434,Zone_3A Warm Humid,sfh,rur,9807.5
C-WEU-GRC,C-WEU-GRC-EL511,Zone_4A Mixed Humid,mfh,urb,6723.5
C-WEU-GRC,C-WEU-GRC-EL511,Zone_4A Mixed Humid,mfh,rur,6723.5
C-WEU-GRC,C-WEU-GRC-EL511,Zone_4A Mixed Humid,sfh,urb,8015.5
C-WEU-GRC,C-WEU-GRC-EL511,Zone_4A Mixed Humid,sfh,rur,8015.5
C-WEU-GRC,C-WEU-GRC-EL512,Zone_4C Mixed Marine,mfh,urb,3639.0
C-WEU-GRC,C-WEU-GRC-EL512,Zone_4C Mixed Marine,mfh,rur,3639.0
C-WEU-GRC,C-WEU-GRC-EL512,Zone_4C Mixed Marine,sfh,urb,3788.0
C-WEU-GRC,C-WEU-GRC-EL512,Zone_4C Mixed Marine,sfh,rur,3788.0
C-WEU-GRC,C-WEU-GRC-EL513,Zone_4A Mixed Humid,mfh,urb,3127.0
C-WEU-GRC,C-WEU-GRC-EL513,Zone_4A Mixed Humid,mfh,rur,3127.0
C-WEU-GRC,C-WEU-GRC-EL513,Zone_4A Mixed Humid,sfh,urb,5663.5
C-WEU-GRC,C-WEU-GRC-EL513,Zone_4A Mixed Humid,sfh,rur,5663.5
C-WEU-GRC,C-WEU-GRC-EL514,Zone_4A Mixed Humid,mfh,urb,4016.0
C-WEU-GRC,C-WEU-GRC-EL514,Zone_4A Mixed Humid,mfh,rur,4016.0
C-WEU-GRC,C-WEU-GRC-EL514,Zone_4A Mixed Humid,sfh,urb,4864.5
C-WEU-GRC,C-WEU-GRC-EL514,Zone_4A Mixed Humid,sfh,rur,4864.5
C-WEU-GRC,C-WEU-GRC-EL515,Zone_3A Warm Humid,mfh,urb,11387.5
C-WEU-GRC,C-WEU-GRC-EL515,Zone_3A Warm Humid,mfh,rur,11387.5
C-WEU-GRC,C-WEU-GRC-EL515,Zone_3A Warm Humid,sfh,urb,9074.0
C-WEU-GRC,C-WEU-GRC-EL515,Zone_3A Warm Humid,sfh,rur,9074.0
C-WEU-GRC,C-WEU-GRC-EL521,Zone_4A Mixed Humid,mfh,urb,4283.0
C-WEU-GRC,C-WEU-GRC-EL521,Zone_4A Mixed Humid,mfh,rur,4283.0
C-WEU-GRC,C-WEU-GRC-EL521,Zone_4A Mixed Humid,sfh,urb,4276.0
C-WEU-GRC,C-WEU-GRC-EL521,Zone_4A Mixed Humid,sfh,rur,4276.0
C-WEU-GRC,C-WEU-GRC-EL522,Zone_4A Mixed Humid,mfh,urb,56009.0
C-WEU-GRC,C-WEU-GRC-EL522,Zone_4A Mixed Humid,mfh,rur,56009.0
C-WEU-GRC,C-WEU-GRC-EL522,Zone_4A Mixed Humid,sfh,urb,14218.0
C-WEU-GRC,C-WEU-GRC-EL522,Zone_4A Mixed Humid,sfh,rur,14218.0
C-WEU-GRC,C-WEU-GRC-EL523,Zone_4A Mixed Humid,mfh,urb,2885.5
C-WEU-GRC,C-WEU-GRC-EL523,Zone_4A Mixed Humid,mfh,rur,2885.5
C-WEU-GRC,C-WEU-GRC-EL523,Zone_4A Mixed Humid,sfh,urb,5474.5
C-WEU-GRC,C-WEU-GRC-EL523,Zone_4A Mixed Humid,sfh,rur,5474.5
C-WEU-GRC,C-WEU-GRC-EL524,Zone_4A Mixed Humid,mfh,urb,4640.0
C-WEU-GRC,C-WEU-GRC-EL524,Zone_4A Mixed Humid,mfh,rur,4640.0
C-WEU-GRC,C-WEU-GRC-EL524,Zone_4A Mixed Humid,sfh,urb,4872.0
C-WEU-GRC,C-WEU-GRC-EL524,Zone_4A Mixed Humid,sfh,rur,4872.0
C-WEU-GRC,C-WEU-GRC-EL525,Zone_5C Cool Marine,mfh,urb,8059.5
C-WEU-GRC,C-WEU-GRC-EL525,Zone_5C Cool Marine,mfh,rur,8059.5
C-WEU-GRC,C-WEU-GRC-EL525,Zone_5C Cool Marine,sfh,urb,6226.5
C-WEU-GRC,C-WEU-GRC-EL525,Zone_5C Cool Marine,sfh,rur,6226.5
C-WEU-GRC,C-WEU-GRC-EL526,Zone_4A Mixed Humid,mfh,urb,8225.0
C-WEU-GRC,C-WEU-GRC-EL526,Zone_4A Mixed Humid,mfh,rur,8225.0
C-WEU-GRC,C-WEU-GRC-EL526,Zone_4A Mixed Humid,sfh,urb,11280.5
C-WEU-GRC,C-WEU-GRC-EL526,Zone_4A Mixed Humid,sfh,rur,11280.5
C-WEU-GRC,C-WEU-GRC-EL527,Zone_3A Warm Humid,mfh,urb,32973.0
C-WEU-GRC,C-WEU-GRC-EL527,Zone_3A Warm Humid,mfh,rur,32973.0
C-WEU-GRC,C-WEU-GRC-EL527,Zone_3A Warm Humid,sfh,urb,18253.0
C-WEU-GRC,C-WEU-GRC-EL527,Zone_3A Warm Humid,sfh,rur,18253.0
C-WEU-GRC,C-WEU-GRC-EL531,Zone_4A Mixed Humid,mfh,urb,8776.0
C-WEU-GRC,C-WEU-GRC-EL531,Zone_4A Mixed Humid,mfh,rur,8776.0
C-WEU-GRC,C-WEU-GRC-EL531,Zone_4A Mixed Humid,sfh,urb,11487.0
C-WEU-GRC,C-WEU-GRC-EL531,Zone_4A Mixed Humid,sfh,rur,11487.0
C-WEU-GRC,C-WEU-GRC-EL532,Zone_5A Cool Humid,mfh,urb,2561.0
C-WEU-GRC,C-WEU-GRC-EL532,Zone_5A Cool Humid,mfh,rur,2561.0
C-WEU-GRC,C-WEU-GRC-EL532,Zone_5A Cool Humid,sfh,urb,2181.5
C-WEU-GRC,C-WEU-GRC-EL532,Zone_5A Cool Humid,sfh,rur,2181.5
C-WEU-GRC,C-WEU-GRC-EL533,Zone_5A Cool Humid,mfh,urb,2115.5
C-WEU-GRC,C-WEU-GRC-EL533,Zone_5A Cool Humid,mfh,rur,2115.5
C-WEU-GRC,C-WEU-GRC-EL533,Zone_5A Cool Humid,sfh,urb,3036.0
C-WEU-GRC,C-WEU-GRC-EL533,Zone_5A Cool Humid,sfh,rur,3036.0
C-WEU-GRC,C-WEU-GRC-EL541,Zone_3A Warm Humid,mfh,urb,6376.0
C-WEU-GRC,C-WEU-GRC-EL541,Zone_3A Warm Humid,mfh,rur,6376.0
C-WEU-GRC,C-WEU-GRC-EL541,Zone_3A Warm Humid,sfh,urb,8875.5
C-WEU-GRC,C-WEU-GRC-EL541,Zone_3A Warm Humid,sfh,rur,8875.5
C-WEU-GRC,C-WEU-GRC-EL542,Zone_3A Warm Humid,mfh,urb,2230.5
C-WEU-GRC,C-WEU-GRC-EL542,Zone_3A Warm Humid,mfh,rur,2230.5
C-WEU-GRC,C-WEU-GRC-EL542,Zone_3A Warm Humid,sfh,urb,3393.0
C-WEU-GRC,C-WEU-GRC-EL542,Zone_3A Warm Humid,sfh,rur,3393.0
C-WEU-GRC,C-WEU-GRC-EL543,Zone_4A Mixed Humid,mfh,urb,9907.0
C-WEU-GRC,C-WEU-GRC-EL543,Zone_4A Mixed Humid,mfh,rur,9907.0
C-WEU-GRC,C-WEU-GRC-EL543,Zone_4A Mixed Humid,sfh,urb,11944.0
C-WEU-GRC,C-WEU-GRC-EL543,Zone_4A Mixed Humid,sfh,rur,11944.0
C-WEU-GRC,C-WEU-GRC-EL611,Zone_4A Mixed Humid,mfh,urb,7162.5
C-WEU-GRC,C-WEU-GRC-EL611,Zone_4A Mixed Humid,mfh,rur,7162.5
C-WEU-GRC,C-WEU-GRC-EL611,Zone_4A Mixed Humid,sfh,urb,17293.0
C-WEU-GRC,C-WEU-GRC-EL611,Zone_4A Mixed Humid,sfh,rur,17293.0
C-WEU-GRC,C-WEU-GRC-EL612,Zone_4A Mixed Humid,mfh,urb,10849.0
C-WEU-GRC,C-WEU-GRC-EL612,Zone_4A Mixed Humid,mfh,rur,10849.0
C-WEU-GRC,C-WEU-GRC-EL612,Zone_4A Mixed Humid,sfh,urb,11363.0
C-WEU-GRC,C-WEU-GRC-EL612,Zone_4A Mixed Humid,sfh,rur,11363.0
C-WEU-GRC,C-WEU-GRC-EL613,Zone_3A Warm Humid,mfh,urb,10016.0
C-WEU-GRC,C-WEU-GRC-EL613,Zone_3A Warm Humid,mfh,rur,10016.0
C-WEU-GRC,C-WEU-GRC-EL613,Zone_3A Warm Humid,sfh,urb,13185.0
C-WEU-GRC,C-WEU-GRC-EL613,Zone_3A Warm Humid,sfh,rur,13185.0
C-WEU-GRC,C-WEU-GRC-EL621,Zone_3A Warm Humid,mfh,urb,2810.5
C-WEU-GRC,C-WEU-GRC-EL621,Zone_3A Warm Humid,mfh,rur,2810.5
C-WEU-GRC,C-WEU-GRC-EL621,Zone_3A Warm Humid,sfh,urb,3071.0
C-WEU-GRC,C-WEU-GRC-EL621,Zone_3A Warm Humid,sfh,rur,3071.0
C-WEU-GRC,C-WEU-GRC-EL622,Zone_3A Warm Humid,mfh,urb,8353.0
C-WEU-GRC,C-WEU-GRC-EL622,Zone_3A Warm Humid,mfh,rur,8353.0
C-WEU-GRC,C-WEU-GRC-EL622,Zone_3A Warm Humid,sfh,urb,9948.0
C-WEU-GRC,C-WEU-GRC-EL622,Zone_3A Warm Humid,sfh,rur,9948.0
C-WEU-GRC,C-WEU-GRC-EL623,Zone_3A Warm Humid,mfh,urb,2985.5
C-WEU-GRC,C-WEU-GRC-EL623,Zone_3A Warm Humid,mfh,rur,2985.5
C-WEU-GRC,C-WEU-GRC-EL623,Zone_3A Warm Humid,sfh,urb,5561.5
C-WEU-GRC,C-WEU-GRC-EL623,Zone_3A Warm Humid,sfh,rur,5561.5
C-WEU-GRC,C-WEU-GRC-EL624,Zone_3A Warm Humid,mfh,urb,3318.0
C-WEU-GRC,C-WEU-GRC-EL624,Zone_3A Warm Humid,mfh,rur,3318.0
C-WEU-GRC,C-WEU-GRC-EL624,Zone_3A Warm Humid,sfh,urb,2704.0
C-WEU-GRC,C-WEU-GRC-EL624,Zone_3A Warm Humid,sfh,rur,2704.0
C-WEU-GRC,C-WEU-GRC-EL631,Zone_3A Warm Humid,mfh,urb,10626.5
C-WEU-GRC,C-WEU-GRC-EL631,Zone_3A Warm Humid,mfh,rur,10626.5
C-WEU-GRC,C-WEU-GRC-EL631,Zone_3A Warm Humid,sfh,urb,13777.0
C-WEU-GRC,C-WEU-GRC-EL631,Zone_3A Warm Humid,sfh,rur,13777.0
C-WEU-GRC,C-WEU-GRC-EL632,Zone_3A Warm Humid,mfh,urb,19229.0
C-WEU-GRC,C-WEU-GRC-EL632,Zone_3A Warm Humid,mfh,rur,19229.0
C-WEU-GRC,C-WEU-GRC-EL632,Zone_3A Warm Humid,sfh,urb,14220.0
C-WEU-GRC,C-WEU-GRC-EL632,Zone_3A Warm Humid,sfh,rur,14220.0
C-WEU-GRC,C-WEU-GRC-EL633,Zone_3A Warm Humid,mfh,urb,6764.5
C-WEU-GRC,C-WEU-GRC-EL633,Zone_3A Warm Humid,mfh,rur,6764.5
C-WEU-GRC,C-WEU-GRC-EL633,Zone_3A Warm Humid,sfh,urb,13014.0
C-WEU-GRC,C-WEU-GRC-EL633,Zone_3A Warm Humid,sfh,rur,13014.0
C-WEU-GRC,C-WEU-GRC-EL641,Zone_3A Warm Humid,mfh,urb,5373.0
C-WEU-GRC,C-WEU-GRC-EL641,Zone_3A Warm Humid,mfh,rur,5373.0
C-WEU-GRC,C-WEU-GRC-EL641,Zone_3A Warm Humid,sfh,urb,8309.0
C-WEU-GRC,C-WEU-GRC-EL641,Zone_3A Warm Humid,sfh,rur,8309.0
C-WEU-GRC,C-WEU-GRC-EL642,Zone_3A Warm Humid,mfh,urb,16347.0
C-WEU-GRC,C-WEU-GRC-EL642,Zone_3A Warm Humid,mfh,rur,16347.0
C-WEU-GRC,C-WEU-GRC-EL642,Zone_3A Warm Humid,sfh,urb,19650.0
C-WEU-GRC,C-WEU-GRC-EL642,Zone_3A Warm Humid,sfh,rur,19650.0
C-WEU-GRC,C-WEU-GRC-EL643,Zone_4A Mixed Humid,mfh,urb,1738.0
C-WEU-GRC,C-WEU-GRC-EL643,Zone_4A Mixed Humid,mfh,rur,1738.0
C-WEU-GRC,C-WEU-GRC-EL643,Zone_4A Mixed Humid,sfh,urb,3362.0
C-WEU-GRC,C-WEU-GRC-EL643,Zone_4A Mixed Humid,sfh,rur,3362.0
C-WEU-GRC,C-WEU-GRC-EL644,Zone_3A Warm Humid,mfh,urb,12213.5
C-WEU-GRC,C-WEU-GRC-EL644,Zone_3A Warm Humid,mfh,rur,12213.5
C-WEU-GRC,C-WEU-GRC-EL644,Zone_3A Warm Humid,sfh,urb,10753.0
C-WEU-GRC,C-WEU-GRC-EL644,Zone_3A Warm Humid,sfh,rur,10753.0
C-WEU-GRC,C-WEU-GRC-EL645,Zone_4A Mixed Humid,mfh,urb,3006.0
C-WEU-GRC,C-WEU-GRC-EL645,Zone_4A Mixed Humid,mfh,rur,3006.0
C-WEU-GRC,C-WEU-GRC-EL645,Zone_4A Mixed Humid,sfh,urb,5978.0
C-WEU-GRC,C-WEU-GRC-EL645,Zone_4A Mixed Humid,sfh,rur,5978.0
C-WEU-GRC,C-WEU-GRC-EL651,Zone_4A Mixed Humid,mfh,urb,12434.5
C-WEU-GRC,C-WEU-GRC-EL651,Zone_4A Mixed Humid,mfh,rur,12434.5
C-WEU-GRC,C-WEU-GRC-EL651,Zone_4A Mixed Humid,sfh,urb,19043.0
C-WEU-GRC,C-WEU-GRC-EL651,Zone_4A Mixed Humid,sfh,rur,19043.0
C-WEU-GRC,C-WEU-GRC-EL652,Zone_4A Mixed Humid,mfh,urb,16545.0
C-WEU-GRC,C-WEU-GRC-EL652,Zone_4A Mixed Humid,mfh,rur,16545.0
C-WEU-GRC,C-WEU-GRC-EL652,Zone_4A Mixed Humid,sfh,urb,13599.5
C-WEU-GRC,C-WEU-GRC-EL652,Zone_4A Mixed Humid,sfh,rur,13599.5
C-WEU-GRC,C-WEU-GRC-EL653,Zone_3A Warm Humid,mfh,urb,15593.5
C-WEU-GRC,C-WEU-GRC-EL653,Zone_3A Warm Humid,mfh,rur,15593.5
C-WEU-GRC,C-WEU-GRC-EL653,Zone_3A Warm Humid,sfh,urb,27518.0
C-WEU-GRC,C-WEU-GRC-EL653,Zone_3A Warm Humid,sfh,rur,27518.0
C-WEU-IRL,C-WEU-IRL-IE041,Zone_5A Cool Humid,mfh,urb,3141.0
C-WEU-IRL,C-WEU-IRL-IE041,Zone_5A Cool Humid,mfh,rur,3141.0
C-WEU-IRL,C-WEU-IRL-IE041,Zone_5A Cool Humid,sfh,urb,19541.0
C-WEU-IRL,C-WEU-IRL-IE041,Zone_5A Cool Humid,sfh,rur,19541.0
C-WEU-IRL,C-WEU-IRL-IE042,Zone_5A Cool Humid,mfh,urb,3328.5
C-WEU-IRL,C-WEU-IRL-IE042,Zone_5A Cool Humid,mfh,rur,3328.5
C-WEU-IRL,C-WEU-IRL-IE042,Zone_5A Cool Humid,sfh,urb,17464.0
C-WEU-IRL,C-WEU-IRL-IE042,Zone_5A Cool Humid,sfh,rur,17464.0
C-WEU-IRL,C-WEU-IRL-IE051,Zone_5A Cool Humid,mfh,urb,2195.0
C-WEU-IRL,C-WEU-IRL-IE051,Zone_5A Cool Humid,mfh,rur,2195.0
C-WEU-IRL,C-WEU-IRL-IE051,Zone_5A Cool Humid,sfh,urb,12236.5
C-WEU-IRL,C-WEU-IRL-IE051,Zone_5A Cool Humid,sfh,rur,12236.5
C-WEU-IRL,C-WEU-IRL-IE052,Zone_5A Cool Humid,mfh,urb,1956.0
C-WEU-IRL,C-WEU-IRL-IE052,Zone_5A Cool Humid,mfh,rur,1956.0
C-WEU-IRL,C-WEU-IRL-IE052,Zone_5A Cool Humid,sfh,urb,11179.0
C-WEU-IRL,C-WEU-IRL-IE052,Zone_5A Cool Humid,sfh,rur,11179.0
C-WEU-IRL,C-WEU-IRL-IE053,Zone_4A Mixed Humid,mfh,urb,3601.5
C-WEU-IRL,C-WEU-IRL-IE053,Zone_4A Mixed Humid,mfh,rur,3601.5
C-WEU-IRL,C-WEU-IRL-IE053,Zone_4A Mixed Humid,sfh,urb,20996.5
C-WEU-IRL,C-WEU-IRL-IE053,Zone_4A Mixed Humid,sfh,rur,20996.5
C-WEU-IRL,C-WEU-IRL-IE061,Zone_5A Cool Humid,mfh,urb,10825.5
C-WEU-IRL,C-WEU-IRL-IE061,Zone_5A Cool Humid,mfh,rur,10825.5
C-WEU-IRL,C-WEU-IRL-IE061,Zone_5A Cool Humid,sfh,urb,12624.5
C-WEU-IRL,C-WEU-IRL-IE061,Zone_5A Cool Humid,sfh,rur,12624.5
C-WEU-IRL,C-WEU-IRL-IE062,Zone_5A Cool Humid,mfh,urb,2441.5
C-WEU-IRL,C-WEU-IRL-IE062,Zone_5A Cool Humid,mfh,rur,2441.5
C-WEU-IRL,C-WEU-IRL-IE062,Zone_5A Cool Humid,sfh,urb,9436.5
C-WEU-IRL,C-WEU-IRL-IE062,Zone_5A Cool Humid,sfh,rur,9436.5
C-WEU-IRL,C-WEU-IRL-IE063,Zone_5A Cool Humid,mfh,urb,1201.0
C-WEU-IRL,C-WEU-IRL-IE063,Zone_5A Cool Humid,mfh,rur,1201.0
C-WEU-IRL,C-WEU-IRL-IE063,Zone_5A Cool Humid,sfh,urb,5628.5
C-WEU-IRL,C-WEU-IRL-IE063,Zone_5A Cool Humid,sfh,rur,5628.5
C-WEU-ITA,C-WEU-ITA-ITC11,Zone_4A Mixed Humid,mfh,urb,129636.5
C-WEU-ITA,C-WEU-ITA-ITC11,Zone_4A Mixed Humid,mfh,rur,129636.5
C-WEU-ITA,C-WEU-ITA-ITC11,Zone_4A Mixed Humid,sfh,urb,27254.5
C-WEU-ITA,C-WEU-ITA-ITC11,Zone_4A Mixed Humid,sfh,rur,27254.5
C-WEU-ITA,C-WEU-ITA-ITC12,Zone_4A Mixed Humid,mfh,urb,15189.5
C-WEU-ITA,C-WEU-ITA-ITC12,Zone_4A Mixed Humid,mfh,rur,15189.5
C-WEU-ITA,C-WEU-ITA-ITC12,Zone_4A Mixed Humid,sfh,urb,6445.0
C-WEU-ITA,C-WEU-ITA-ITC12,Zone_4A Mixed Humid,sfh,rur,6445.0
C-WEU-ITA,C-WEU-ITA-ITC13,Zone_5A Cool Humid,mfh,urb,14253.0
C-WEU-ITA,C-WEU-ITA-ITC13,Zone_5A Cool Humid,mfh,rur,14253.0
C-WEU-ITA,C-WEU-ITA-ITC13,Zone_5A Cool Humid,sfh,urb,6518.0
C-WEU-ITA,C-WEU-ITA-ITC13,Zone_5A Cool Humid,sfh,rur,6518.0
C-WEU-ITA,C-WEU-ITA-ITC14,Zone_7A Very cold Humid,mfh,urb,21674.5
C-WEU-ITA,C-WEU-ITA-ITC14,Zone_7A Very cold Humid,mfh,rur,21674.5
C-WEU-ITA,C-WEU-ITA-ITC14,Zone_7A Very cold Humid,sfh,urb,10167.0
C-WEU-ITA,C-WEU-ITA-ITC14,Zone_7A Very cold Humid,sfh,rur,10167.0
C-WEU-ITA,C-WEU-ITA-ITC15,Zone_4A Mixed Humid,mfh,urb,20571.0
C-WEU-ITA,C-WEU-ITA-ITC15,Zone_4A Mixed Humid,mfh,rur,20571.0
C-WEU-ITA,C-WEU-ITA-ITC15,Zone_4A Mixed Humid,sfh,urb,6195.0
C-WEU-ITA,C-WEU-ITA-ITC15,Zone_4A Mixed Humid,sfh,rur,6195.0
C-WEU-ITA,C-WEU-ITA-ITC16,Zone_4A Mixed Humid,mfh,urb,61538.0
C-WEU-ITA,C-WEU-ITA-ITC16,Zone_4A Mixed Humid,mfh,rur,61538.0
C-WEU-ITA,C-WEU-ITA-ITC16,Zone_4A Mixed Humid,sfh,urb,24813.5
C-WEU-ITA,C-WEU-ITA-ITC16,Zone_4A Mixed Humid,sfh,rur,24813.5
C-WEU-ITA,C-WEU-ITA-ITC17,Zone_4A Mixed Humid,mfh,urb,12256.0
C-WEU-ITA,C-WEU-ITA-ITC17,Zone_4A Mixed Humid,mfh,rur,12256.0
C-WEU-ITA,C-WEU-ITA-ITC17,Zone_4A Mixed Humid,sfh,urb,9609.5
C-WEU-ITA,C-WEU-ITA-ITC17,Zone_4A Mixed Humid,sfh,rur,9609.5
C-WEU-ITA,C-WEU-ITA-ITC18,Zone_4A Mixed Humid,mfh,urb,31893.0
C-WEU-ITA,C-WEU-ITA-ITC18,Zone_4A Mixed Humid,mfh,rur,31893.0
C-WEU-ITA,C-WEU-ITA-ITC18,Zone_4A Mixed Humid,sfh,urb,15870.0
C-WEU-ITA,C-WEU-ITA-ITC18,Zone_4A Mixed Humid,sfh,rur,15870.0
C-WEU-ITA,C-WEU-ITA-ITC20,Zone_6A Cold Humid,mfh,urb,31864.0
C-WEU-ITA,C-WEU-ITA-ITC20,Zone_6A Cold Humid,mfh,rur,31864.0
C-WEU-ITA,C-WEU-ITA-ITC20,Zone_6A Cold Humid,sfh,urb,6110.0
C-WEU-ITA,C-WEU-ITA-ITC20,Zone_6A Cold Humid,sfh,rur,6110.0
C-WEU-ITA,C-WEU-ITA-ITC31,Zone_3A Warm Humid,mfh,urb,44627.0
C-WEU-ITA,C-WEU-ITA-ITC31,Zone_3A Warm Humid,mfh,rur,44627.0
C-WEU-ITA,C-WEU-ITA-ITC31,Zone_3A Warm Humid,sfh,urb,7473.5
C-WEU-ITA,C-WEU-ITA-ITC31,Zone_3A Warm Humid,sfh,rur,7473.5
C-WEU-ITA,C-WEU-ITA-ITC32,Zone_4C Mixed Marine,mfh,urb,60219.0
C-WEU-ITA,C-WEU-ITA-ITC32,Zone_4C Mixed Marine,mfh,rur,60219.0
C-WEU-ITA,C-WEU-ITA-ITC32,Zone_4C Mixed Marine,sfh,urb,5948.5
C-WEU-ITA,C-WEU-ITA-ITC32,Zone_4C Mixed Marine,sfh,rur,5948.5
C-WEU-ITA,C-WEU-ITA-ITC33,Zone_4C Mixed Marine,mfh,urb,64147.0
C-WEU-ITA,C-WEU-ITA-ITC33,Zone_4C Mixed Marine,mfh,rur,64147.0
C-WEU-ITA,C-WEU-ITA-ITC33,Zone_4C Mixed Marine,sfh,urb,8934.0
C-WEU-ITA,C-WEU-ITA-ITC33,Zone_4C Mixed Marine,sfh,rur,8934.0
C-WEU-ITA,C-WEU-ITA-ITC34,Zone_4C Mixed Marine,mfh,urb,20193.5
C-WEU-ITA,C-WEU-ITA-ITC34,Zone_4C Mixed Marine,mfh,rur,20193.5
C-WEU-ITA,C-WEU-ITA-ITC34,Zone_4C Mixed Marine,sfh,urb,4118.0
C-WEU-ITA,C-WEU-ITA-ITC34,Zone_4C Mixed Marine,sfh,rur,4118.0
C-WEU-ITA,C-WEU-ITA-ITC41,Zone_4A Mixed Humid,mfh,urb,43495.0
C-WEU-ITA,C-WEU-ITA-ITC41,Zone_4A Mixed Humid,mfh,rur,43495.0
C-WEU-ITA,C-WEU-ITA-ITC41,Zone_4A Mixed Humid,sfh,urb,9286.0
C-WEU-ITA,C-WEU-ITA-ITC41,Zone_4A Mixed Humid,sfh,rur,9286.0
C-WEU-ITA,C-WEU-ITA-ITC42,Zone_4A Mixed Humid,mfh,urb,39251.5
C-WEU-ITA,C-WEU-ITA-ITC42,Zone_4A Mixed Humid,mfh,rur,39251.5
C-WEU-ITA,C-WEU-ITA-ITC42,Zone_4A Mixed Humid,sfh,urb,10647.0
C-WEU-ITA,C-WEU-ITA-ITC42,Zone_4A Mixed Humid,sfh,rur,10647.0
C-WEU-ITA,C-WEU-ITA-ITC43,Zone_4A Mixed Humid,mfh,urb,27315.0
C-WEU-ITA,C-WEU-ITA-ITC43,Zone_4A Mixed Humid,mfh,rur,27315.0
C-WEU-ITA,C-WEU-ITA-ITC43,Zone_4A Mixed Humid,sfh,urb,5495.0
C-WEU-ITA,C-WEU-ITA-ITC43,Zone_4A Mixed Humid,sfh,rur,5495.0
C-WEU-ITA,C-WEU-ITA-ITC44,Zone_7A Very cold Humid,mfh,urb,38716.0
C-WEU-ITA,C-WEU-ITA-ITC44,Zone_7A Very cold Humid,mfh,rur,38716.0
C-WEU-ITA,C-WEU-ITA-ITC44,Zone_7A Very cold Humid,sfh,urb,11666.5
C-WEU-ITA,C-WEU-ITA-ITC44,Zone_7A Very cold Humid,sfh,rur,11666.5
C-WEU-ITA,C-WEU-ITA-ITC46,Zone_4C Mixed Marine,mfh,urb,75789.0
C-WEU-ITA,C-WEU-ITA-ITC46,Zone_4C Mixed Marine,mfh,rur,75789.0
C-WEU-ITA,C-WEU-ITA-ITC46,Zone_4C Mixed Marine,sfh,urb,10774.5
C-WEU-ITA,C-WEU-ITA-ITC46,Zone_4C Mixed Marine,sfh,rur,10774.5
C-WEU-ITA,C-WEU-ITA-ITC47,Zone_5A Cool Humid,mfh,urb,79042.5
C-WEU-ITA,C-WEU-ITA-ITC47,Zone_5A Cool Humid,mfh,rur,79042.5
C-WEU-ITA,C-WEU-ITA-ITC47,Zone_5A Cool Humid,sfh,urb,13671.0
C-WEU-ITA,C-WEU-ITA-ITC47,Zone_5A Cool Humid,sfh,rur,13671.0
C-WEU-ITA,C-WEU-ITA-ITC48,Zone_4A Mixed Humid,mfh,urb,27852.5
C-WEU-ITA,C-WEU-ITA-ITC48,Zone_4A Mixed Humid,mfh,rur,27852.5
C-WEU-ITA,C-WEU-ITA-ITC48,Zone_4A Mixed Humid,sfh,urb,13372.0
C-WEU-ITA,C-WEU-ITA-ITC48,Zone_4A Mixed Humid,sfh,rur,13372.0
C-WEU-ITA,C-WEU-ITA-ITC49,Zone_4A Mixed Humid,mfh,urb,8868.5
C-WEU-ITA,C-WEU-ITA-ITC49,Zone_4A Mixed Humid,mfh,rur,8868.5
C-WEU-ITA,C-WEU-ITA-ITC49,Zone_4A Mixed Humid,sfh,urb,2098.0
C-WEU-ITA,C-WEU-ITA-ITC49,Zone_4A Mixed Humid,sfh,rur,2098.0
C-WEU-ITA,C-WEU-ITA-ITC4A,Zone_4A Mixed Humid,mfh,urb,14920.5
C-WEU-ITA,C-WEU-ITA-ITC4A,Zone_4A Mixed Humid,mfh,rur,14920.5
C-WEU-ITA,C-WEU-ITA-ITC4A,Zone_4A Mixed Humid,sfh,urb,3906.0
C-WEU-ITA,C-WEU-ITA-ITC4A,Zone_4A Mixed Humid,sfh,rur,3906.0
C-WEU-ITA,C-WEU-ITA-ITC4B,Zone_4A Mixed Humid,mfh,urb,13368.5
C-WEU-ITA,C-WEU-ITA-ITC4B,Zone_4A Mixed Humid,mfh,rur,13368.5
C-WEU-ITA,C-WEU-ITA-ITC4B,Zone_4A Mixed Humid,sfh,urb,5504.5
C-WEU-ITA,C-WEU-ITA-ITC4B,Zone_4A Mixed Humid,sfh,rur,5504.5
C-WEU-ITA,C-WEU-ITA-ITC4C,Zone_4A Mixed Humid,mfh,urb,102028.5
C-WEU-ITA,C-WEU-ITA-ITC4C,Zone_4A Mixed Humid,mfh,rur,102028.5
C-WEU-ITA,C-WEU-ITA-ITC4C,Zone_4A Mixed Humid,sfh,urb,5308.5
C-WEU-ITA,C-WEU-ITA-ITC4C,Zone_4A Mixed Humid,sfh,rur,5308.5
C-WEU-ITA,C-WEU-ITA-ITC4D,Zone_4A Mixed Humid,mfh,urb,27168.5
C-WEU-ITA,C-WEU-ITA-ITC4D,Zone_4A Mixed Humid,mfh,rur,27168.5
C-WEU-ITA,C-WEU-ITA-ITC4D,Zone_4A Mixed Humid,sfh,urb,2819.0
C-WEU-ITA,C-WEU-ITA-ITC4D,Zone_4A Mixed Humid,sfh,rur,2819.0
C-WEU-ITA,C-WEU-ITA-ITF11,Zone_4C Mixed Marine,mfh,urb,58639.0
C-WEU-ITA,C-WEU-ITA-ITF11,Zone_4C Mixed Marine,mfh,rur,58639.0
C-WEU-ITA,C-WEU-ITA-ITF11,Zone_4C Mixed Marine,sfh,urb,14419.0
C-WEU-ITA,C-WEU-ITA-ITF11,Zone_4C Mixed Marine,sfh,rur,14419.0
C-WEU-ITA,C-WEU-ITA-ITF12,Zone_4A Mixed Humid,mfh,urb,28582.5
C-WEU-ITA,C-WEU-ITA-ITF12,Zone_4A Mixed Humid,mfh,rur,28582.5
C-WEU-ITA,C-WEU-ITA-ITF12,Zone_4A Mixed Humid,sfh,urb,5504.5
C-WEU-ITA,C-WEU-ITA-ITF12,Zone_4A Mixed Humid,sfh,rur,5504.5
C-WEU-ITA,C-WEU-ITA-ITF13,Zone_4C Mixed Marine,mfh,urb,17718.0
C-WEU-ITA,C-WEU-ITA-ITF13,Zone_4C Mixed Marine,mfh,rur,17718.0
C-WEU-ITA,C-WEU-ITA-ITF13,Zone_4C Mixed Marine,sfh,urb,4008.5
C-WEU-ITA,C-WEU-ITA-ITF13,Zone_4C Mixed Marine,sfh,rur,4008.5
C-WEU-ITA,C-WEU-ITA-ITF14,Zone_4A Mixed Humid,mfh,urb,33494.5
C-WEU-ITA,C-WEU-ITA-ITF14,Zone_4A Mixed Humid,mfh,rur,33494.5
C-WEU-ITA,C-WEU-ITA-ITF14,Zone_4A Mixed Humid,sfh,urb,10728.5
C-WEU-ITA,C-WEU-ITA-ITF14,Zone_4A Mixed Humid,sfh,rur,10728.5
C-WEU-ITA,C-WEU-ITA-ITF21,Zone_4C Mixed Marine,mfh,urb,10589.0
C-WEU-ITA,C-WEU-ITA-ITF21,Zone_4C Mixed Marine,mfh,rur,10589.0
C-WEU-ITA,C-WEU-ITA-ITF21,Zone_4C Mixed Marine,sfh,urb,5543.5
C-WEU-ITA,C-WEU-ITA-ITF21,Zone_4C Mixed Marine,sfh,rur,5543.5
C-WEU-ITA,C-WEU-ITA-ITF22,Zone_4A Mixed Humid,mfh,urb,26005.5
C-WEU-ITA,C-WEU-ITA-ITF22,Zone_4A Mixed Humid,mfh,rur,26005.5
C-WEU-ITA,C-WEU-ITA-ITF22,Zone_4A Mixed Humid,sfh,urb,9531.5
C-WEU-ITA,C-WEU-ITA-ITF22,Zone_4A Mixed Humid,sfh,rur,9531.5
C-WEU-ITA,C-WEU-ITA-ITF31,Zone_3A Warm Humid,mfh,urb,49057.5
C-WEU-ITA,C-WEU-ITA-ITF31,Zone_3A Warm Humid,mfh,rur,49057.5
C-WEU-ITA,C-WEU-ITA-ITF31,Zone_3A Warm Humid,sfh,urb,11446.5
C-WEU-ITA,C-WEU-ITA-ITF31,Zone_3A Warm Humid,sfh,rur,11446.5
C-WEU-ITA,C-WEU-ITA-ITF32,Zone_3A Warm Humid,mfh,urb,18957.5
C-WEU-ITA,C-WEU-ITA-ITF32,Zone_3A Warm Humid,mfh,rur,18957.5
C-WEU-ITA,C-WEU-ITA-ITF32,Zone_3A Warm Humid,sfh,urb,8481.5
C-WEU-ITA,C-WEU-ITA-ITF32,Zone_3A Warm Humid,sfh,rur,8481.5
C-WEU-ITA,C-WEU-ITA-ITF33,Zone_3A Warm Humid,mfh,urb,123095.5
C-WEU-ITA,C-WEU-ITA-ITF33,Zone_3A Warm Humid,mfh,rur,123095.5
C-WEU-ITA,C-WEU-ITA-ITF33,Zone_3A Warm Humid,sfh,urb,9775.5
C-WEU-ITA,C-WEU-ITA-ITF33,Zone_3A Warm Humid,sfh,rur,9775.5
C-WEU-ITA,C-WEU-ITA-ITF34,Zone_4A Mixed Humid,mfh,urb,29376.5
C-WEU-ITA,C-WEU-ITA-ITF34,Zone_4A Mixed Humid,mfh,rur,29376.5
C-WEU-ITA,C-WEU-ITA-ITF34,Zone_4A Mixed Humid,sfh,urb,13417.5
C-WEU-ITA,C-WEU-ITA-ITF34,Zone_4A Mixed Humid,sfh,rur,13417.5
C-WEU-ITA,C-WEU-ITA-ITF35,Zone_3A Warm Humid,mfh,urb,73343.5
C-WEU-ITA,C-WEU-ITA-ITF35,Zone_3A Warm Humid,mfh,rur,73343.5
C-WEU-ITA,C-WEU-ITA-ITF35,Zone_3A Warm Humid,sfh,urb,18005.5
C-WEU-ITA,C-WEU-ITA-ITF35,Zone_3A Warm Humid,sfh,rur,18005.5
C-WEU-ITA,C-WEU-ITA-ITF43,Zone_3A Warm Humid,mfh,urb,35118.0
C-WEU-ITA,C-WEU-ITA-ITF43,Zone_3A Warm Humid,mfh,rur,35118.0
C-WEU-ITA,C-WEU-ITA-ITF43,Zone_3A Warm Humid,sfh,urb,15691.0
C-WEU-ITA,C-WEU-ITA-ITF43,Zone_3A Warm Humid,sfh,rur,15691.0
C-WEU-ITA,C-WEU-ITA-ITF44,Zone_3A Warm Humid,mfh,urb,26813.5
C-WEU-ITA,C-WEU-ITA-ITF44,Zone_3A Warm Humid,mfh,rur,26813.5
C-WEU-ITA,C-WEU-ITA-ITF44,Zone_3A Warm Humid,sfh,urb,15173.0
C-WEU-ITA,C-WEU-ITA-ITF44,Zone_3A Warm Humid,sfh,rur,15173.0
C-WEU-ITA,C-WEU-ITA-ITF45,Zone_3A Warm Humid,mfh,urb,55969.5
C-WEU-ITA,C-WEU-ITA-ITF45,Zone_3A Warm Humid,mfh,rur,55969.5
C-WEU-ITA,C-WEU-ITA-ITF45,Zone_3A Warm Humid,sfh,urb,37333.5
C-WEU-ITA,C-WEU-ITA-ITF45,Zone_3A Warm Humid,sfh,rur,37333.5
C-WEU-ITA,C-WEU-ITA-ITF46,Zone_3A Warm Humid,mfh,urb,53345.5
C-WEU-ITA,C-WEU-ITA-ITF46,Zone_3A Warm Humid,mfh,rur,53345.5
C-WEU-ITA,C-WEU-ITA-ITF46,Zone_3A Warm Humid,sfh,urb,9360.5
C-WEU-ITA,C-WEU-ITA-ITF46,Zone_3A Warm Humid,sfh,rur,9360.5
C-WEU-ITA,C-WEU-ITA-ITF47,Zone_3A Warm Humid,mfh,urb,60496.5
C-WEU-ITA,C-WEU-ITA-ITF47,Zone_3A Warm Humid,mfh,rur,60496.5
C-WEU-ITA,C-WEU-ITA-ITF47,Zone_3A Warm Humid,sfh,urb,13550.0
C-WEU-ITA,C-WEU-ITA-ITF47,Zone_3A Warm Humid,sfh,rur,13550.0
C-WEU-ITA,C-WEU-ITA-ITF48,Zone_3A Warm Humid,mfh,urb,23631.5
C-WEU-ITA,C-WEU-ITA-ITF48,Zone_3A Warm Humid,mfh,rur,23631.5
C-WEU-ITA,C-WEU-ITA-ITF48,Zone_3A Warm Humid,sfh,urb,3307.5
C-WEU-ITA,C-WEU-ITA-ITF48,Zone_3A Warm Humid,sfh,rur,3307.5
C-WEU-ITA,C-WEU-ITA-ITF51,Zone_4A Mixed Humid,mfh,urb,31565.5
C-WEU-ITA,C-WEU-ITA-ITF51,Zone_4A Mixed Humid,mfh,rur,31565.5
C-WEU-ITA,C-WEU-ITA-ITF51,Zone_4A Mixed Humid,sfh,urb,13201.5
C-WEU-ITA,C-WEU-ITA-ITF51,Zone_4A Mixed Humid,sfh,rur,13201.5
C-WEU-ITA,C-WEU-ITA-ITF52,Zone_3A Warm Humid,mfh,urb,16941.5
C-WEU-ITA,C-WEU-ITA-ITF52,Zone_3A Warm Humid,mfh,rur,16941.5
C-WEU-ITA,C-WEU-ITA-ITF52,Zone_3A Warm Humid,sfh,urb,4196.5
C-WEU-ITA,C-WEU-ITA-ITF52,Zone_3A Warm Humid,sfh,rur,4196.5
C-WEU-ITA,C-WEU-ITA-ITF61,Zone_3A Warm Humid,mfh,urb,90946.0
C-WEU-ITA,C-WEU-ITA-ITF61,Zone_3A Warm Humid,mfh,rur,90946.0
C-WEU-ITA,C-WEU-ITA-ITF61,Zone_3A Warm Humid,sfh,urb,19962.0
C-WEU-ITA,C-WEU-ITA-ITF61,Zone_3A Warm Humid,sfh,rur,19962.0
C-WEU-ITA,C-WEU-ITA-ITF62,Zone_3A Warm Humid,mfh,urb,17373.0
C-WEU-ITA,C-WEU-ITA-ITF62,Zone_3A Warm Humid,mfh,rur,17373.0
C-WEU-ITA,C-WEU-ITA-ITF62,Zone_3A Warm Humid,sfh,urb,5625.5
C-WEU-ITA,C-WEU-ITA-ITF62,Zone_3A Warm Humid,sfh,rur,5625.5
C-WEU-ITA,C-WEU-ITA-ITF63,Zone_3A Warm Humid,mfh,urb,42046.0
C-WEU-ITA,C-WEU-ITA-ITF63,Zone_3A Warm Humid,mfh,rur,42046.0
C-WEU-ITA,C-WEU-ITA-ITF63,Zone_3A Warm Humid,sfh,urb,12766.0
C-WEU-ITA,C-WEU-ITA-ITF63,Zone_3A Warm Humid,sfh,rur,12766.0
C-WEU-ITA,C-WEU-ITA-ITF64,Zone_3A Warm Humid,mfh,urb,19811.5
C-WEU-ITA,C-WEU-ITA-ITF64,Zone_3A Warm Humid,mfh,rur,19811.5
C-WEU-ITA,C-WEU-ITA-ITF64,Zone_3A Warm Humid,sfh,urb,8657.5
C-WEU-ITA,C-WEU-ITA-ITF64,Zone_3A Warm Humid,sfh,rur,8657.5
C-WEU-ITA,C-WEU-ITA-ITF65,Zone_3A Warm Humid,mfh,urb,50555.0
C-WEU-ITA,C-WEU-ITA-ITF65,Zone_3A Warm Humid,mfh,rur,50555.0
C-WEU-ITA,C-WEU-ITA-ITF65,Zone_3A Warm Humid,sfh,urb,22667.0
C-WEU-ITA,C-WEU-ITA-ITF65,Zone_3A Warm Humid,sfh,rur,22667.0
C-WEU-ITA,C-WEU-ITA-ITG11,Zone_3A Warm Humid,mfh,urb,35302.5
C-WEU-ITA,C-WEU-ITA-ITG11,Zone_3A Warm Humid,mfh,rur,35302.5
C-WEU-ITA,C-WEU-ITA-ITG11,Zone_3A Warm Humid,sfh,urb,19743.0
C-WEU-ITA,C-WEU-ITA-ITG11,Zone_3A Warm Humid,sfh,rur,19743.0
C-WEU-ITA,C-WEU-ITA-ITG12,Zone_3A Warm Humid,mfh,urb,84524.5
C-WEU-ITA,C-WEU-ITA-ITG12,Zone_3A Warm Humid,mfh,rur,84524.5
C-WEU-ITA,C-WEU-ITA-ITG12,Zone_3A Warm Humid,sfh,urb,34220.5
C-WEU-ITA,C-WEU-ITA-ITG12,Zone_3A Warm Humid,sfh,rur,34220.5
C-WEU-ITA,C-WEU-ITA-ITG13,Zone_3A Warm Humid,mfh,urb,64243.5
C-WEU-ITA,C-WEU-ITA-ITG13,Zone_3A Warm Humid,mfh,rur,64243.5
C-WEU-ITA,C-WEU-ITA-ITG13,Zone_3A Warm Humid,sfh,urb,25801.5
C-WEU-ITA,C-WEU-ITA-ITG13,Zone_3A Warm Humid,sfh,rur,25801.5
C-WEU-ITA,C-WEU-ITA-ITG14,Zone_3A Warm Humid,mfh,urb,56085.5
C-WEU-ITA,C-WEU-ITA-ITG14,Zone_3A Warm Humid,mfh,rur,56085.5
C-WEU-ITA,C-WEU-ITA-ITG14,Zone_3A Warm Humid,sfh,urb,23462.0
C-WEU-ITA,C-WEU-ITA-ITG14,Zone_3A Warm Humid,sfh,rur,23462.0
C-WEU-ITA,C-WEU-ITA-ITG15,Zone_3A Warm Humid,mfh,urb,29145.0
C-WEU-ITA,C-WEU-ITA-ITG15,Zone_3A Warm Humid,mfh,rur,29145.0
C-WEU-ITA,C-WEU-ITA-ITG15,Zone_3A Warm Humid,sfh,urb,12829.0
C-WEU-ITA,C-WEU-ITA-ITG15,Zone_3A Warm Humid,sfh,rur,12829.0
C-WEU-ITA,C-WEU-ITA-ITG16,Zone_3A Warm Humid,mfh,urb,18463.5
C-WEU-ITA,C-WEU-ITA-ITG16,Zone_3A Warm Humid,mfh,rur,18463.5
C-WEU-ITA,C-WEU-ITA-ITG16,Zone_3A Warm Humid,sfh,urb,10730.5
C-WEU-ITA,C-WEU-ITA-ITG16,Zone_3A Warm Humid,sfh,rur,10730.5
C-WEU-ITA,C-WEU-ITA-ITG17,Zone_3A Warm Humid,mfh,urb,64221.0
C-WEU-ITA,C-WEU-ITA-ITG17,Zone_3A Warm Humid,mfh,rur,64221.0
C-WEU-ITA,C-WEU-ITA-ITG17,Zone_3A Warm Humid,sfh,urb,20115.0
C-WEU-ITA,C-WEU-ITA-ITG17,Zone_3A Warm Humid,sfh,rur,20115.0
C-WEU-ITA,C-WEU-ITA-ITG18,Zone_3A Warm Humid,mfh,urb,25553.0
C-WEU-ITA,C-WEU-ITA-ITG18,Zone_3A Warm Humid,mfh,rur,25553.0
C-WEU-ITA,C-WEU-ITA-ITG18,Zone_3A Warm Humid,sfh,urb,14290.5
C-WEU-ITA,C-WEU-ITA-ITG18,Zone_3A Warm Humid,sfh,rur,14290.5
C-WEU-ITA,C-WEU-ITA-ITG19,Zone_3A Warm Humid,mfh,urb,25638.5
C-WEU-ITA,C-WEU-ITA-ITG19,Zone_3A Warm Humid,mfh,rur,25638.5
C-WEU-ITA,C-WEU-ITA-ITG19,Zone_3A Warm Humid,sfh,urb,14239.5
C-WEU-ITA,C-WEU-ITA-ITG19,Zone_3A Warm Humid,sfh,rur,14239.5
C-WEU-ITA,C-WEU-ITA-ITG2D,Zone_3A Warm Humid,mfh,urb,52195.5
C-WEU-ITA,C-WEU-ITA-ITG2D,Zone_3A Warm Humid,mfh,rur,52195.5
C-WEU-ITA,C-WEU-ITA-ITG2D,Zone_3A Warm Humid,sfh,urb,17279.5
C-WEU-ITA,C-WEU-ITA-ITG2D,Zone_3A Warm Humid,sfh,rur,17279.5
C-WEU-ITA,C-WEU-ITA-ITG2E,Zone_3A Warm Humid,mfh,urb,13411.0
C-WEU-ITA,C-WEU-ITA-ITG2E,Zone_3A Warm Humid,mfh,rur,13411.0
C-WEU-ITA,C-WEU-ITA-ITG2E,Zone_3A Warm Humid,sfh,urb,9741.0
C-WEU-ITA,C-WEU-ITA-ITG2E,Zone_3A Warm Humid,sfh,rur,9741.0
C-WEU-ITA,C-WEU-ITA-ITG2F,Zone_3A Warm Humid,mfh,urb,8125.0
C-WEU-ITA,C-WEU-ITA-ITG2F,Zone_3A Warm Humid,mfh,rur,8125.0
C-WEU-ITA,C-WEU-ITA-ITG2F,Zone_3A Warm Humid,sfh,urb,3779.5
C-WEU-ITA,C-WEU-ITA-ITG2F,Zone_3A Warm Humid,sfh,rur,3779.5
C-WEU-ITA,C-WEU-ITA-ITG2G,Zone_3A Warm Humid,mfh,urb,8228.0
C-WEU-ITA,C-WEU-ITA-ITG2G,Zone_3A Warm Humid,mfh,rur,8228.0
C-WEU-ITA,C-WEU-ITA-ITG2G,Zone_3A Warm Humid,sfh,urb,9607.0
C-WEU-ITA,C-WEU-ITA-ITG2G,Zone_3A Warm Humid,sfh,rur,9607.0
C-WEU-ITA,C-WEU-ITA-ITG2H,Zone_3A Warm Humid,mfh,urb,16602.5
C-WEU-ITA,C-WEU-ITA-ITG2H,Zone_3A Warm Humid,mfh,rur,16602.5
C-WEU-ITA,C-WEU-ITA-ITG2H,Zone_3A Warm Humid,sfh,urb,17242.5
C-WEU-ITA,C-WEU-ITA-ITG2H,Zone_3A Warm Humid,sfh,rur,17242.5
C-WEU-ITA,C-WEU-ITA-ITH10,Zone_7A Very cold Humid,mfh,urb,28869.5
C-WEU-ITA,C-WEU-ITA-ITH10,Zone_7A Very cold Humid,mfh,rur,28869.5
C-WEU-ITA,C-WEU-ITA-ITH10,Zone_7A Very cold Humid,sfh,urb,4680.5
C-WEU-ITA,C-WEU-ITA-ITH10,Zone_7A Very cold Humid,sfh,rur,4680.5
C-WEU-ITA,C-WEU-ITA-ITH20,Zone_7A Very cold Humid,mfh,urb,64531.5
C-WEU-ITA,C-WEU-ITA-ITH20,Zone_7A Very cold Humid,mfh,rur,64531.5
C-WEU-ITA,C-WEU-ITA-ITH20,Zone_7A Very cold Humid,sfh,urb,11862.5
C-WEU-ITA,C-WEU-ITA-ITH20,Zone_7A Very cold Humid,sfh,rur,11862.5
C-WEU-ITA,C-WEU-ITA-ITH31,Zone_4A Mixed Humid,mfh,urb,40104.5
C-WEU-ITA,C-WEU-ITA-ITH31,Zone_4A Mixed Humid,mfh,rur,40104.5
C-WEU-ITA,C-WEU-ITA-ITH31,Zone_4A Mixed Humid,sfh,urb,10177.5
C-WEU-ITA,C-WEU-ITA-ITH31,Zone_4A Mixed Humid,sfh,rur,10177.5
C-WEU-ITA,C-WEU-ITA-ITH32,Zone_5A Cool Humid,mfh,urb,37872.5
C-WEU-ITA,C-WEU-ITA-ITH32,Zone_5A Cool Humid,mfh,rur,37872.5
C-WEU-ITA,C-WEU-ITA-ITH32,Zone_5A Cool Humid,sfh,urb,12553.5
C-WEU-ITA,C-WEU-ITA-ITH32,Zone_5A Cool Humid,sfh,rur,12553.5
C-WEU-ITA,C-WEU-ITA-ITH33,Zone_7A Very cold Humid,mfh,urb,34370.5
C-WEU-ITA,C-WEU-ITA-ITH33,Zone_7A Very cold Humid,mfh,rur,34370.5
C-WEU-ITA,C-WEU-ITA-ITH33,Zone_7A Very cold Humid,sfh,urb,8607.5
C-WEU-ITA,C-WEU-ITA-ITH33,Zone_7A Very cold Humid,sfh,rur,8607.5
C-WEU-ITA,C-WEU-ITA-ITH34,Zone_4A Mixed Humid,mfh,urb,24334.5
C-WEU-ITA,C-WEU-ITA-ITH34,Zone_4A Mixed Humid,mfh,rur,24334.5
C-WEU-ITA,C-WEU-ITA-ITH34,Zone_4A Mixed Humid,sfh,urb,10067.5
C-WEU-ITA,C-WEU-ITA-ITH34,Zone_4A Mixed Humid,sfh,rur,10067.5
C-WEU-ITA,C-WEU-ITA-ITH35,Zone_4A Mixed Humid,mfh,urb,59057.0
C-WEU-ITA,C-WEU-ITA-ITH35,Zone_4A Mixed Humid,mfh,rur,59057.0
C-WEU-ITA,C-WEU-ITA-ITH35,Zone_4A Mixed Humid,sfh,urb,6897.5
C-WEU-ITA,C-WEU-ITA-ITH35,Zone_4A Mixed Humid,sfh,rur,6897.5
C-WEU-ITA,C-WEU-ITA-ITH36,Zone_4A Mixed Humid,mfh,urb,23427.5
C-WEU-ITA,C-WEU-ITA-ITH36,Zone_4A Mixed Humid,mfh,rur,23427.5
C-WEU-ITA,C-WEU-ITA-ITH36,Zone_4A Mixed Humid,sfh,urb,8654.5
C-WEU-ITA,C-WEU-ITA-ITH36,Zone_4A Mixed Humid,sfh,rur,8654.5
C-WEU-ITA,C-WEU-ITA-ITH37,Zone_4A Mixed Humid,mfh,urb,10512.5
C-WEU-ITA,C-WEU-ITA-ITH37,Zone_4A Mixed Humid,mfh,rur,10512.5
C-WEU-ITA,C-WEU-ITA-ITH37,Zone_4A Mixed Humid,sfh,urb,5552.0
C-WEU-ITA,C-WEU-ITA-ITH37,Zone_4A Mixed Humid,sfh,rur,5552.0
C-WEU-ITA,C-WEU-ITA-ITH41,Zone_5A Cool Humid,mfh,urb,9418.5
C-WEU-ITA,C-WEU-ITA-ITH41,Zone_5A Cool Humid,mfh,rur,9418.5
C-WEU-ITA,C-WEU-ITA-ITH41,Zone_5A Cool Humid,sfh,urb,7528.5
C-WEU-ITA,C-WEU-ITA-ITH41,Zone_5A Cool Humid,sfh,rur,7528.5
C-WEU-ITA,C-WEU-ITA-ITH42,Zone_3A Warm Humid,mfh,urb,33642.5
C-WEU-ITA,C-WEU-ITA-ITH42,Zone_3A Warm Humid,mfh,rur,33642.5
C-WEU-ITA,C-WEU-ITA-ITH42,Zone_3A Warm Humid,sfh,urb,13879.0
C-WEU-ITA,C-WEU-ITA-ITH42,Zone_3A Warm Humid,sfh,rur,13879.0
C-WEU-ITA,C-WEU-ITA-ITH43,Zone_3A Warm Humid,mfh,urb,8899.0
C-WEU-ITA,C-WEU-ITA-ITH43,Zone_3A Warm Humid,mfh,rur,8899.0
C-WEU-ITA,C-WEU-ITA-ITH43,Zone_3A Warm Humid,sfh,urb,599.0
C-WEU-ITA,C-WEU-ITA-ITH43,Zone_3A Warm Humid,sfh,rur,599.0
C-WEU-ITA,C-WEU-ITA-ITH44,Zone_4A Mixed Humid,mfh,urb,12217.0
C-WEU-ITA,C-WEU-ITA-ITH44,Zone_4A Mixed Humid,mfh,rur,12217.0
C-WEU-ITA,C-WEU-ITA-ITH44,Zone_4A Mixed Humid,sfh,urb,498.0
C-WEU-ITA,C-WEU-ITA-ITH44,Zone_4A Mixed Humid,sfh,rur,498.0
C-WEU-ITA,C-WEU-ITA-ITH51,Zone_4C Mixed Marine,mfh,urb,19126.0
C-WEU-ITA,C-WEU-ITA-ITH51,Zone_4C Mixed Marine,mfh,rur,19126.0
C-WEU-ITA,C-WEU-ITA-ITH51,Zone_4C Mixed Marine,sfh,urb,9089.5
C-WEU-ITA,C-WEU-ITA-ITH51,Zone_4C Mixed Marine,sfh,rur,9089.5
C-WEU-ITA,C-WEU-ITA-ITH52,Zone_4A Mixed Humid,mfh,urb,23546.5
C-WEU-ITA,C-WEU-ITA-ITH52,Zone_4A Mixed Humid,mfh,rur,23546.5
C-WEU-ITA,C-WEU-ITA-ITH52,Zone_4A Mixed Humid,sfh,urb,9151.0
C-WEU-ITA,C-WEU-ITA-ITH52,Zone_4A Mixed Humid,sfh,rur,9151.0
C-WEU-ITA,C-WEU-ITA-ITH53,Zone_4A Mixed Humid,mfh,urb,19256.5
C-WEU-ITA,C-WEU-ITA-ITH53,Zone_4A Mixed Humid,mfh,rur,19256.5
C-WEU-ITA,C-WEU-ITA-ITH53,Zone_4A Mixed Humid,sfh,urb,6470.5
C-WEU-ITA,C-WEU-ITA-ITH53,Zone_4A Mixed Humid,sfh,rur,6470.5
C-WEU-ITA,C-WEU-ITA-ITH54,Zone_5A Cool Humid,mfh,urb,32607.0
C-WEU-ITA,C-WEU-ITA-ITH54,Zone_5A Cool Humid,mfh,rur,32607.0
C-WEU-ITA,C-WEU-ITA-ITH54,Zone_5A Cool Humid,sfh,urb,7609.0
C-WEU-ITA,C-WEU-ITA-ITH54,Zone_5A Cool Humid,sfh,rur,7609.0
C-WEU-ITA,C-WEU-ITA-ITH55,Zone_4A Mixed Humid,mfh,urb,38982.5
C-WEU-ITA,C-WEU-ITA-ITH55,Zone_4A Mixed Humid,mfh,rur,38982.5
C-WEU-ITA,C-WEU-ITA-ITH55,Zone_4A Mixed Humid,sfh,urb,5451.0
C-WEU-ITA,C-WEU-ITA-ITH55,Zone_4A Mixed Humid,sfh,rur,5451.0
C-WEU-ITA,C-WEU-ITA-ITH56,Zone_4A Mixed Humid,mfh,urb,29879.5
C-WEU-ITA,C-WEU-ITA-ITH56,Zone_4A Mixed Humid,mfh,rur,29879.5
C-WEU-ITA,C-WEU-ITA-ITH56,Zone_4A Mixed Humid,sfh,urb,3402.5
C-WEU-ITA,C-WEU-ITA-ITH56,Zone_4A Mixed Humid,sfh,rur,3402.5
C-WEU-ITA,C-WEU-ITA-ITH57,Zone_4A Mixed Humid,mfh,urb,24856.5
C-WEU-ITA,C-WEU-ITA-ITH57,Zone_4A Mixed Humid,mfh,rur,24856.5
C-WEU-ITA,C-WEU-ITA-ITH57,Zone_4A Mixed Humid,sfh,urb,3667.0
C-WEU-ITA,C-WEU-ITA-ITH57,Zone_4A Mixed Humid,sfh,rur,3667.0
C-WEU-ITA,C-WEU-ITA-ITH58,Zone_4A Mixed Humid,mfh,urb,16379.0
C-WEU-ITA,C-WEU-ITA-ITH58,Zone_4A Mixed Humid,mfh,rur,16379.0
C-WEU-ITA,C-WEU-ITA-ITH58,Zone_4A Mixed Humid,sfh,urb,3858.5
C-WEU-ITA,C-WEU-ITA-ITH58,Zone_4A Mixed Humid,sfh,rur,3858.5
C-WEU-ITA,C-WEU-ITA-ITH59,Zone_5A Cool Humid,mfh,urb,20497.0
C-WEU-ITA,C-WEU-ITA-ITH59,Zone_5A Cool Humid,mfh,rur,20497.0
C-WEU-ITA,C-WEU-ITA-ITH59,Zone_5A Cool Humid,sfh,urb,3209.0
C-WEU-ITA,C-WEU-ITA-ITH59,Zone_5A Cool Humid,sfh,rur,3209.0
C-WEU-ITA,C-WEU-ITA-ITI11,Zone_5C Cool Marine,mfh,urb,17672.0
C-WEU-ITA,C-WEU-ITA-ITI11,Zone_5C Cool Marine,mfh,rur,17672.0
C-WEU-ITA,C-WEU-ITA-ITI11,Zone_5C Cool Marine,sfh,urb,5919.0
C-WEU-ITA,C-WEU-ITA-ITI11,Zone_5C Cool Marine,sfh,rur,5919.0
C-WEU-ITA,C-WEU-ITA-ITI12,Zone_5C Cool Marine,mfh,urb,23307.5
C-WEU-ITA,C-WEU-ITA-ITI12,Zone_5C Cool Marine,mfh,rur,23307.5
C-WEU-ITA,C-WEU-ITA-ITI12,Zone_5C Cool Marine,sfh,urb,12242.5
C-WEU-ITA,C-WEU-ITA-ITI12,Zone_5C Cool Marine,sfh,rur,12242.5
C-WEU-ITA,C-WEU-ITA-ITI13,Zone_4A Mixed Humid,mfh,urb,14306.5
C-WEU-ITA,C-WEU-ITA-ITI13,Zone_4A Mixed Humid,mfh,rur,14306.5
C-WEU-ITA,C-WEU-ITA-ITI13,Zone_4A Mixed Humid,sfh,urb,3248.0
C-WEU-ITA,C-WEU-ITA-ITI13,Zone_4A Mixed Humid,sfh,rur,3248.0
C-WEU-ITA,C-WEU-ITA-ITI14,Zone_4A Mixed Humid,mfh,urb,34822.5
C-WEU-ITA,C-WEU-ITA-ITI14,Zone_4A Mixed Humid,mfh,rur,34822.5
C-WEU-ITA,C-WEU-ITA-ITI14,Zone_4A Mixed Humid,sfh,urb,3998.0
C-WEU-ITA,C-WEU-ITA-ITI14,Zone_4A Mixed Humid,sfh,rur,3998.0
C-WEU-ITA,C-WEU-ITA-ITI15,Zone_4A Mixed Humid,mfh,urb,3727.5
C-WEU-ITA,C-WEU-ITA-ITI15,Zone_4A Mixed Humid,mfh,rur,3727.5
C-WEU-ITA,C-WEU-ITA-ITI15,Zone_4A Mixed Humid,sfh,urb,679.5
C-WEU-ITA,C-WEU-ITA-ITI15,Zone_4A Mixed Humid,sfh,rur,679.5
C-WEU-ITA,C-WEU-ITA-ITI16,Zone_3A Warm Humid,mfh,urb,28867.5
C-WEU-ITA,C-WEU-ITA-ITI16,Zone_3A Warm Humid,mfh,rur,28867.5
C-WEU-ITA,C-WEU-ITA-ITI16,Zone_3A Warm Humid,sfh,urb,3497.0
C-WEU-ITA,C-WEU-ITA-ITI16,Zone_3A Warm Humid,sfh,rur,3497.0
C-WEU-ITA,C-WEU-ITA-ITI17,Zone_3A Warm Humid,mfh,urb,17788.0
C-WEU-ITA,C-WEU-ITA-ITI17,Zone_3A Warm Humid,mfh,rur,17788.0
C-WEU-ITA,C-WEU-ITA-ITI17,Zone_3A Warm Humid,sfh,urb,2783.0
C-WEU-ITA,C-WEU-ITA-ITI17,Zone_3A Warm Humid,sfh,rur,2783.0
C-WEU-ITA,C-WEU-ITA-ITI18,Zone_4A Mixed Humid,mfh,urb,17509.0
C-WEU-ITA,C-WEU-ITA-ITI18,Zone_4A Mixed Humid,mfh,rur,17509.0
C-WEU-ITA,C-WEU-ITA-ITI18,Zone_4A Mixed Humid,sfh,urb,5759.0
C-WEU-ITA,C-WEU-ITA-ITI18,Zone_4A Mixed Humid,sfh,rur,5759.0
C-WEU-ITA,C-WEU-ITA-ITI19,Zone_3A Warm Humid,mfh,urb,18780.0
C-WEU-ITA,C-WEU-ITA-ITI19,Zone_3A Warm Humid,mfh,rur,18780.0
C-WEU-ITA,C-WEU-ITA-ITI19,Zone_3A Warm Humid,sfh,urb,3007.5
C-WEU-ITA,C-WEU-ITA-ITI19,Zone_3A Warm Humid,sfh,rur,3007.5
C-WEU-ITA,C-WEU-ITA-ITI1A,Zone_3A Warm Humid,mfh,urb,29570.0
C-WEU-ITA,C-WEU-ITA-ITI1A,Zone_3A Warm Humid,mfh,rur,29570.0
C-WEU-ITA,C-WEU-ITA-ITI1A,Zone_3A Warm Humid,sfh,urb,5962.0
C-WEU-ITA,C-WEU-ITA-ITI1A,Zone_3A Warm Humid,sfh,rur,5962.0
C-WEU-ITA,C-WEU-ITA-ITI21,Zone_4A Mixed Humid,mfh,urb,34930.0
C-WEU-ITA,C-WEU-ITA-ITI21,Zone_4A Mixed Humid,mfh,rur,34930.0
C-WEU-ITA,C-WEU-ITA-ITI21,Zone_4A Mixed Humid,sfh,urb,10978.0
C-WEU-ITA,C-WEU-ITA-ITI21,Zone_4A Mixed Humid,sfh,rur,10978.0
C-WEU-ITA,C-WEU-ITA-ITI22,Zone_3A Warm Humid,mfh,urb,13669.5
C-WEU-ITA,C-WEU-ITA-ITI22,Zone_3A Warm Humid,mfh,rur,13669.5
C-WEU-ITA,C-WEU-ITA-ITI22,Zone_3A Warm Humid,sfh,urb,3883.5
C-WEU-ITA,C-WEU-ITA-ITI22,Zone_3A Warm Humid,sfh,rur,3883.5
C-WEU-ITA,C-WEU-ITA-ITI31,Zone_4A Mixed Humid,mfh,urb,20554.5
C-WEU-ITA,C-WEU-ITA-ITI31,Zone_4A Mixed Humid,mfh,rur,20554.5
C-WEU-ITA,C-WEU-ITA-ITI31,Zone_4A Mixed Humid,sfh,urb,5391.0
C-WEU-ITA,C-WEU-ITA-ITI31,Zone_4A Mixed Humid,sfh,rur,5391.0
C-WEU-ITA,C-WEU-ITA-ITI32,Zone_3A Warm Humid,mfh,urb,24991.5
C-WEU-ITA,C-WEU-ITA-ITI32,Zone_3A Warm Humid,mfh,rur,24991.5
C-WEU-ITA,C-WEU-ITA-ITI32,Zone_3A Warm Humid,sfh,urb,5590.0
C-WEU-ITA,C-WEU-ITA-ITI32,Zone_3A Warm Humid,sfh,rur,5590.0
C-WEU-ITA,C-WEU-ITA-ITI33,Zone_4A Mixed Humid,mfh,urb,23125.0
C-WEU-ITA,C-WEU-ITA-ITI33,Zone_4A Mixed Humid,mfh,rur,23125.0
C-WEU-ITA,C-WEU-ITA-ITI33,Zone_4A Mixed Humid,sfh,urb,6996.5
C-WEU-ITA,C-WEU-ITA-ITI33,Zone_4A Mixed Humid,sfh,rur,6996.5
C-WEU-ITA,C-WEU-ITA-ITI34,Zone_5A Cool Humid,mfh,urb,14908.5
C-WEU-ITA,C-WEU-ITA-ITI34,Zone_5A Cool Humid,mfh,rur,14908.5
C-WEU-ITA,C-WEU-ITA-ITI34,Zone_5A Cool Humid,sfh,urb,3621.0
C-WEU-ITA,C-WEU-ITA-ITI34,Zone_5A Cool Humid,sfh,rur,3621.0
C-WEU-ITA,C-WEU-ITA-ITI35,Zone_3A Warm Humid,mfh,urb,10289.0
C-WEU-ITA,C-WEU-ITA-ITI35,Zone_3A Warm Humid,mfh,rur,10289.0
C-WEU-ITA,C-WEU-ITA-ITI35,Zone_3A Warm Humid,sfh,urb,2751.0
C-WEU-ITA,C-WEU-ITA-ITI35,Zone_3A Warm Humid,sfh,rur,2751.0
C-WEU-ITA,C-WEU-ITA-ITI41,Zone_3A Warm Humid,mfh,urb,23453.0
C-WEU-ITA,C-WEU-ITA-ITI41,Zone_3A Warm Humid,mfh,rur,23453.0
C-WEU-ITA,C-WEU-ITA-ITI41,Zone_3A Warm Humid,sfh,urb,7369.0
C-WEU-ITA,C-WEU-ITA-ITI41,Zone_3A Warm Humid,sfh,rur,7369.0
C-WEU-ITA,C-WEU-ITA-ITI42,Zone_3A Warm Humid,mfh,urb,22417.5
C-WEU-ITA,C-WEU-ITA-ITI42,Zone_3A Warm Humid,mfh,rur,22417.5
C-WEU-ITA,C-WEU-ITA-ITI42,Zone_3A Warm Humid,sfh,urb,8855.0
C-WEU-ITA,C-WEU-ITA-ITI42,Zone_3A Warm Humid,sfh,rur,8855.0
C-WEU-ITA,C-WEU-ITA-ITI43,Zone_3A Warm Humid,mfh,urb,149266.5
C-WEU-ITA,C-WEU-ITA-ITI43,Zone_3A Warm Humid,mfh,rur,149266.5
C-WEU-ITA,C-WEU-ITA-ITI43,Zone_3A Warm Humid,sfh,urb,16419.5
C-WEU-ITA,C-WEU-ITA-ITI43,Zone_3A Warm Humid,sfh,rur,16419.5
C-WEU-ITA,C-WEU-ITA-ITI44,Zone_3A Warm Humid,mfh,urb,33253.0
C-WEU-ITA,C-WEU-ITA-ITI44,Zone_3A Warm Humid,mfh,rur,33253.0
C-WEU-ITA,C-WEU-ITA-ITI44,Zone_3A Warm Humid,sfh,urb,8321.5
C-WEU-ITA,C-WEU-ITA-ITI44,Zone_3A Warm Humid,sfh,rur,8321.5
C-WEU-ITA,C-WEU-ITA-ITI45,Zone_3A Warm Humid,mfh,urb,27283.5
C-WEU-ITA,C-WEU-ITA-ITI45,Zone_3A Warm Humid,mfh,rur,27283.5
C-WEU-ITA,C-WEU-ITA-ITI45,Zone_3A Warm Humid,sfh,urb,12741.5
C-WEU-ITA,C-WEU-ITA-ITI45,Zone_3A Warm Humid,sfh,rur,12741.5
C-WEU-LUX,C-WEU-LUX-LU000,Zone_5A Cool Humid,mfh,urb,7550.5
C-WEU-LUX,C-WEU-LUX-LU000,Zone_5A Cool Humid,mfh,rur,7550.5
C-WEU-LUX,C-WEU-LUX-LU000,Zone_5A Cool Humid,sfh,urb,118.0
C-WEU-LUX,C-WEU-LUX-LU000,Zone_5A Cool Humid,sfh,rur,118.0
C-WEU-MLT,C-WEU-MLT-MT001,Zone_3A Warm Humid,mfh,urb,0.0
C-WEU-MLT,C-WEU-MLT-MT001,Zone_3A Warm Humid,mfh,rur,0.0
C-WEU-MLT,C-WEU-MLT-MT001,Zone_3A Warm Humid,sfh,urb,0.0
C-WEU-MLT,C-WEU-MLT-MT001,Zone_3A Warm Humid,sfh,rur,0.0
C-WEU-MLT,C-WEU-MLT-MT002,Zone_3A Warm Humid,mfh,urb,0.0
C-WEU-MLT,C-WEU-MLT-MT002,Zone_3A Warm Humid,mfh,rur,0.0
C-WEU-MLT,C-WEU-MLT-MT002,Zone_3A Warm Humid,sfh,urb,0.0
C-WEU-MLT,C-WEU-MLT-MT002,Zone_3A Warm Humid,sfh,rur,0.0
C-WEU-NLD,C-WEU-NLD-NL112,Zone_5A Cool Humid,mfh,urb,232.5
C-WEU-NLD,C-WEU-NLD-NL112,Zone_5A Cool Humid,mfh,rur,232.5
C-WEU-NLD,C-WEU-NLD-NL112,Zone_5A Cool Humid,sfh,urb,562.0
C-WEU-NLD,C-WEU-NLD-NL112,Zone_5A Cool Humid,sfh,rur,562.0
C-WEU-NLD,C-WEU-NLD-NL114,Zone_5A Cool Humid,mfh,urb,631.5
C-WEU-NLD,C-WEU-NLD-NL114,Zone_5A Cool Humid,mfh,rur,631.5
C-WEU-NLD,C-WEU-NLD-NL114,Zone_5A Cool Humid,sfh,urb,719.0
C-WEU-NLD,C-WEU-NLD-NL114,Zone_5A Cool Humid,sfh,rur,719.0
C-WEU-NLD,C-WEU-NLD-NL115,Zone_5A Cool Humid,mfh,urb,1995.5
C-WEU-NLD,C-WEU-NLD-NL115,Zone_5A Cool Humid,mfh,rur,1995.5
C-WEU-NLD,C-WEU-NLD-NL115,Zone_5A Cool Humid,sfh,urb,1578.0
C-WEU-NLD,C-WEU-NLD-NL115,Zone_5A Cool Humid,sfh,rur,1578.0
C-WEU-NLD,C-WEU-NLD-NL126,Zone_5A Cool Humid,mfh,urb,565.5
C-WEU-NLD,C-WEU-NLD-NL126,Zone_5A Cool Humid,mfh,rur,565.5
C-WEU-NLD,C-WEU-NLD-NL126,Zone_5A Cool Humid,sfh,urb,977.5
C-WEU-NLD,C-WEU-NLD-NL126,Zone_5A Cool Humid,sfh,rur,977.5
C-WEU-NLD,C-WEU-NLD-NL127,Zone_5A Cool Humid,mfh,urb,1218.5
C-WEU-NLD,C-WEU-NLD-NL127,Zone_5A Cool Humid,mfh,rur,1218.5
C-WEU-NLD,C-WEU-NLD-NL127,Zone_5A Cool Humid,sfh,urb,1922.0
C-WEU-NLD,C-WEU-NLD-NL127,Zone_5A Cool Humid,sfh,rur,1922.0
C-WEU-NLD,C-WEU-NLD-NL128,Zone_5A Cool Humid,mfh,urb,404.5
C-WEU-NLD,C-WEU-NLD-NL128,Zone_5A Cool Humid,mfh,rur,404.5
C-WEU-NLD,C-WEU-NLD-NL128,Zone_5A Cool Humid,sfh,urb,1406.0
C-WEU-NLD,C-WEU-NLD-NL128,Zone_5A Cool Humid,sfh,rur,1406.0
C-WEU-NLD,C-WEU-NLD-NL131,Zone_5A Cool Humid,mfh,urb,488.0
C-WEU-NLD,C-WEU-NLD-NL131,Zone_5A Cool Humid,mfh,rur,488.0
C-WEU-NLD,C-WEU-NLD-NL131,Zone_5A Cool Humid,sfh,urb,1068.5
C-WEU-NLD,C-WEU-NLD-NL131,Zone_5A Cool Humid,sfh,rur,1068.5
C-WEU-NLD,C-WEU-NLD-NL132,Zone_5A Cool Humid,mfh,urb,322.5
C-WEU-NLD,C-WEU-NLD-NL132,Zone_5A Cool Humid,mfh,rur,322.5
C-WEU-NLD,C-WEU-NLD-NL132,Zone_5A Cool Humid,sfh,urb,803.0
C-WEU-NLD,C-WEU-NLD-NL132,Zone_5A Cool Humid,sfh,rur,803.0
C-WEU-NLD,C-WEU-NLD-NL133,Zone_5A Cool Humid,mfh,urb,459.0
C-WEU-NLD,C-WEU-NLD-NL133,Zone_5A Cool Humid,mfh,rur,459.0
C-WEU-NLD,C-WEU-NLD-NL133,Zone_5A Cool Humid,sfh,urb,588.5
C-WEU-NLD,C-WEU-NLD-NL133,Zone_5A Cool Humid,sfh,rur,588.5
C-WEU-NLD,C-WEU-NLD-NL211,Zone_5A Cool Humid,mfh,urb,1188.5
C-WEU-NLD,C-WEU-NLD-NL211,Zone_5A Cool Humid,mfh,rur,1188.5
C-WEU-NLD,C-WEU-NLD-NL211,Zone_5A Cool Humid,sfh,urb,1677.5
C-WEU-NLD,C-WEU-NLD-NL211,Zone_5A Cool Humid,sfh,rur,1677.5
C-WEU-NLD,C-WEU-NLD-NL212,Zone_5A Cool Humid,mfh,urb,446.5
C-WEU-NLD,C-WEU-NLD-NL212,Zone_5A Cool Humid,mfh,rur,446.5
C-WEU-NLD,C-WEU-NLD-NL212,Zone_5A Cool Humid,sfh,urb,490.5
C-WEU-NLD,C-WEU-NLD-NL212,Zone_5A Cool Humid,sfh,rur,490.5
C-WEU-NLD,C-WEU-NLD-NL213,Zone_5A Cool Humid,mfh,urb,2293.0
C-WEU-NLD,C-WEU-NLD-NL213,Zone_5A Cool Humid,mfh,rur,2293.0
C-WEU-NLD,C-WEU-NLD-NL213,Zone_5A Cool Humid,sfh,urb,2944.0
C-WEU-NLD,C-WEU-NLD-NL213,Zone_5A Cool Humid,sfh,rur,2944.0
C-WEU-NLD,C-WEU-NLD-NL221,Zone_5A Cool Humid,mfh,urb,2336.0
C-WEU-NLD,C-WEU-NLD-NL221,Zone_5A Cool Humid,mfh,rur,2336.0
C-WEU-NLD,C-WEU-NLD-NL221,Zone_5A Cool Humid,sfh,urb,3250.5
C-WEU-NLD,C-WEU-NLD-NL221,Zone_5A Cool Humid,sfh,rur,3250.5
C-WEU-NLD,C-WEU-NLD-NL224,Zone_4A Mixed Humid,mfh,urb,502.5
C-WEU-NLD,C-WEU-NLD-NL224,Zone_4A Mixed Humid,mfh,rur,502.5
C-WEU-NLD,C-WEU-NLD-NL224,Zone_4A Mixed Humid,sfh,urb,1119.0
C-WEU-NLD,C-WEU-NLD-NL224,Zone_4A Mixed Humid,sfh,rur,1119.0
C-WEU-NLD,C-WEU-NLD-NL225,Zone_5A Cool Humid,mfh,urb,1123.0
C-WEU-NLD,C-WEU-NLD-NL225,Zone_5A Cool Humid,mfh,rur,1123.0
C-WEU-NLD,C-WEU-NLD-NL225,Zone_5A Cool Humid,sfh,urb,1739.0
C-WEU-NLD,C-WEU-NLD-NL225,Zone_5A Cool Humid,sfh,rur,1739.0
C-WEU-NLD,C-WEU-NLD-NL226,Zone_4A Mixed Humid,mfh,urb,2647.0
C-WEU-NLD,C-WEU-NLD-NL226,Zone_4A Mixed Humid,mfh,rur,2647.0
C-WEU-NLD,C-WEU-NLD-NL226,Zone_4A Mixed Humid,sfh,urb,2316.5
C-WEU-NLD,C-WEU-NLD-NL226,Zone_4A Mixed Humid,sfh,rur,2316.5
C-WEU-NLD,C-WEU-NLD-NL230,Zone_5A Cool Humid,mfh,urb,1048.0
C-WEU-NLD,C-WEU-NLD-NL230,Zone_5A Cool Humid,mfh,rur,1048.0
C-WEU-NLD,C-WEU-NLD-NL230,Zone_5A Cool Humid,sfh,urb,1452.0
C-WEU-NLD,C-WEU-NLD-NL230,Zone_5A Cool Humid,sfh,rur,1452.0
C-WEU-NLD,C-WEU-NLD-NL321,Zone_4A Mixed Humid,mfh,urb,1028.5
C-WEU-NLD,C-WEU-NLD-NL321,Zone_4A Mixed Humid,mfh,rur,1028.5
C-WEU-NLD,C-WEU-NLD-NL321,Zone_4A Mixed Humid,sfh,urb,1893.0
C-WEU-NLD,C-WEU-NLD-NL321,Zone_4A Mixed Humid,sfh,rur,1893.0
C-WEU-NLD,C-WEU-NLD-NL323,Zone_4A Mixed Humid,mfh,urb,817.0
C-WEU-NLD,C-WEU-NLD-NL323,Zone_4A Mixed Humid,mfh,rur,817.0
C-WEU-NLD,C-WEU-NLD-NL323,Zone_4A Mixed Humid,sfh,urb,565.5
C-WEU-NLD,C-WEU-NLD-NL323,Zone_4A Mixed Humid,sfh,rur,565.5
C-WEU-NLD,C-WEU-NLD-NL325,Zone_4A Mixed Humid,mfh,urb,551.5
C-WEU-NLD,C-WEU-NLD-NL325,Zone_4A Mixed Humid,mfh,rur,551.5
C-WEU-NLD,C-WEU-NLD-NL325,Zone_4A Mixed Humid,sfh,urb,573.0
C-WEU-NLD,C-WEU-NLD-NL325,Zone_4A Mixed Humid,sfh,rur,573.0
C-WEU-NLD,C-WEU-NLD-NL327,Zone_4A Mixed Humid,mfh,urb,1283.0
C-WEU-NLD,C-WEU-NLD-NL327,Zone_4A Mixed Humid,mfh,rur,1283.0
C-WEU-NLD,C-WEU-NLD-NL327,Zone_4A Mixed Humid,sfh,urb,1337.0
C-WEU-NLD,C-WEU-NLD-NL327,Zone_4A Mixed Humid,sfh,rur,1337.0
C-WEU-NLD,C-WEU-NLD-NL328,Zone_4A Mixed Humid,mfh,urb,1117.0
C-WEU-NLD,C-WEU-NLD-NL328,Zone_4A Mixed Humid,mfh,rur,1117.0
C-WEU-NLD,C-WEU-NLD-NL328,Zone_4A Mixed Humid,sfh,urb,1004.5
C-WEU-NLD,C-WEU-NLD-NL328,Zone_4A Mixed Humid,sfh,rur,1004.5
C-WEU-NLD,C-WEU-NLD-NL32A,Zone_4A Mixed Humid,mfh,urb,1782.0
C-WEU-NLD,C-WEU-NLD-NL32A,Zone_4A Mixed Humid,mfh,rur,1782.0
C-WEU-NLD,C-WEU-NLD-NL32A,Zone_4A Mixed Humid,sfh,urb,1174.5
C-WEU-NLD,C-WEU-NLD-NL32A,Zone_4A Mixed Humid,sfh,rur,1174.5
C-WEU-NLD,C-WEU-NLD-NL32B,Zone_4A Mixed Humid,mfh,urb,16098.0
C-WEU-NLD,C-WEU-NLD-NL32B,Zone_4A Mixed Humid,mfh,rur,16098.0
C-WEU-NLD,C-WEU-NLD-NL32B,Zone_4A Mixed Humid,sfh,urb,3062.0
C-WEU-NLD,C-WEU-NLD-NL32B,Zone_4A Mixed Humid,sfh,rur,3062.0
C-WEU-NLD,C-WEU-NLD-NL341,Zone_4A Mixed Humid,mfh,urb,550.0
C-WEU-NLD,C-WEU-NLD-NL341,Zone_4A Mixed Humid,mfh,rur,550.0
C-WEU-NLD,C-WEU-NLD-NL341,Zone_4A Mixed Humid,sfh,urb,2323.5
C-WEU-NLD,C-WEU-NLD-NL341,Zone_4A Mixed Humid,sfh,rur,2323.5
C-WEU-NLD,C-WEU-NLD-NL342,Zone_4A Mixed Humid,mfh,urb,1376.0
C-WEU-NLD,C-WEU-NLD-NL342,Zone_4A Mixed Humid,mfh,rur,1376.0
C-WEU-NLD,C-WEU-NLD-NL342,Zone_4A Mixed Humid,sfh,urb,3163.0
C-WEU-NLD,C-WEU-NLD-NL342,Zone_4A Mixed Humid,sfh,rur,3163.0
C-WEU-NLD,C-WEU-NLD-NL350,Zone_4A Mixed Humid,mfh,urb,6190.0
C-WEU-NLD,C-WEU-NLD-NL350,Zone_4A Mixed Humid,mfh,rur,6190.0
C-WEU-NLD,C-WEU-NLD-NL350,Zone_4A Mixed Humid,sfh,urb,4466.5
C-WEU-NLD,C-WEU-NLD-NL350,Zone_4A Mixed Humid,sfh,rur,4466.5
C-WEU-NLD,C-WEU-NLD-NL361,Zone_4A Mixed Humid,mfh,urb,9975.0
C-WEU-NLD,C-WEU-NLD-NL361,Zone_4A Mixed Humid,mfh,rur,9975.0
C-WEU-NLD,C-WEU-NLD-NL361,Zone_4A Mixed Humid,sfh,urb,2149.5
C-WEU-NLD,C-WEU-NLD-NL361,Zone_4A Mixed Humid,sfh,rur,2149.5
C-WEU-NLD,C-WEU-NLD-NL362,Zone_4A Mixed Humid,mfh,urb,1273.5
C-WEU-NLD,C-WEU-NLD-NL362,Zone_4A Mixed Humid,mfh,rur,1273.5
C-WEU-NLD,C-WEU-NLD-NL362,Zone_4A Mixed Humid,sfh,urb,740.5
C-WEU-NLD,C-WEU-NLD-NL362,Zone_4A Mixed Humid,sfh,rur,740.5
C-WEU-NLD,C-WEU-NLD-NL363,Zone_4A Mixed Humid,mfh,urb,2317.0
C-WEU-NLD,C-WEU-NLD-NL363,Zone_4A Mixed Humid,mfh,rur,2317.0
C-WEU-NLD,C-WEU-NLD-NL363,Zone_4A Mixed Humid,sfh,urb,1406.5
C-WEU-NLD,C-WEU-NLD-NL363,Zone_4A Mixed Humid,sfh,rur,1406.5
C-WEU-NLD,C-WEU-NLD-NL364,Zone_4A Mixed Humid,mfh,urb,1677.0
C-WEU-NLD,C-WEU-NLD-NL364,Zone_4A Mixed Humid,mfh,rur,1677.0
C-WEU-NLD,C-WEU-NLD-NL364,Zone_4A Mixed Humid,sfh,urb,1315.0
C-WEU-NLD,C-WEU-NLD-NL364,Zone_4A Mixed Humid,sfh,rur,1315.0
C-WEU-NLD,C-WEU-NLD-NL365,Zone_4A Mixed Humid,mfh,urb,909.0
C-WEU-NLD,C-WEU-NLD-NL365,Zone_4A Mixed Humid,mfh,rur,909.0
C-WEU-NLD,C-WEU-NLD-NL365,Zone_4A Mixed Humid,sfh,urb,1237.0
C-WEU-NLD,C-WEU-NLD-NL365,Zone_4A Mixed Humid,sfh,rur,1237.0
C-WEU-NLD,C-WEU-NLD-NL366,Zone_4A Mixed Humid,mfh,urb,10459.5
C-WEU-NLD,C-WEU-NLD-NL366,Zone_4A Mixed Humid,mfh,rur,10459.5
C-WEU-NLD,C-WEU-NLD-NL366,Zone_4A Mixed Humid,sfh,urb,4435.5
C-WEU-NLD,C-WEU-NLD-NL366,Zone_4A Mixed Humid,sfh,rur,4435.5
C-WEU-NLD,C-WEU-NLD-NL411,Zone_4A Mixed Humid,mfh,urb,1889.0
C-WEU-NLD,C-WEU-NLD-NL411,Zone_4A Mixed Humid,mfh,rur,1889.0
C-WEU-NLD,C-WEU-NLD-NL411,Zone_4A Mixed Humid,sfh,urb,2734.5
C-WEU-NLD,C-WEU-NLD-NL411,Zone_4A Mixed Humid,sfh,rur,2734.5
C-WEU-NLD,C-WEU-NLD-NL414,Zone_4A Mixed Humid,mfh,urb,2839.0
C-WEU-NLD,C-WEU-NLD-NL414,Zone_4A Mixed Humid,mfh,rur,2839.0
C-WEU-NLD,C-WEU-NLD-NL414,Zone_4A Mixed Humid,sfh,urb,3221.0
C-WEU-NLD,C-WEU-NLD-NL414,Zone_4A Mixed Humid,sfh,rur,3221.0
C-WEU-NLD,C-WEU-NLD-NL415,Zone_4A Mixed Humid,mfh,urb,1289.0
C-WEU-NLD,C-WEU-NLD-NL415,Zone_4A Mixed Humid,mfh,rur,1289.0
C-WEU-NLD,C-WEU-NLD-NL415,Zone_4A Mixed Humid,sfh,urb,2031.0
C-WEU-NLD,C-WEU-NLD-NL415,Zone_4A Mixed Humid,sfh,rur,2031.0
C-WEU-NLD,C-WEU-NLD-NL416,Zone_4A Mixed Humid,mfh,urb,1841.5
C-WEU-NLD,C-WEU-NLD-NL416,Zone_4A Mixed Humid,mfh,rur,1841.5
C-WEU-NLD,C-WEU-NLD-NL416,Zone_4A Mixed Humid,sfh,urb,2589.0
C-WEU-NLD,C-WEU-NLD-NL416,Zone_4A Mixed Humid,sfh,rur,2589.0
C-WEU-NLD,C-WEU-NLD-NL421,Zone_4A Mixed Humid,mfh,urb,765.5
C-WEU-NLD,C-WEU-NLD-NL421,Zone_4A Mixed Humid,mfh,rur,765.5
C-WEU-NLD,C-WEU-NLD-NL421,Zone_4A Mixed Humid,sfh,urb,1423.5
C-WEU-NLD,C-WEU-NLD-NL421,Zone_4A Mixed Humid,sfh,rur,1423.5
C-WEU-NLD,C-WEU-NLD-NL422,Zone_4A Mixed Humid,mfh,urb,737.0
C-WEU-NLD,C-WEU-NLD-NL422,Zone_4A Mixed Humid,mfh,rur,737.0
C-WEU-NLD,C-WEU-NLD-NL422,Zone_4A Mixed Humid,sfh,urb,1294.0
C-WEU-NLD,C-WEU-NLD-NL422,Zone_4A Mixed Humid,sfh,rur,1294.0
C-WEU-NLD,C-WEU-NLD-NL423,Zone_4A Mixed Humid,mfh,urb,4369.5
C-WEU-NLD,C-WEU-NLD-NL423,Zone_4A Mixed Humid,mfh,rur,4369.5
C-WEU-NLD,C-WEU-NLD-NL423,Zone_4A Mixed Humid,sfh,urb,3501.0
C-WEU-NLD,C-WEU-NLD-NL423,Zone_4A Mixed Humid,sfh,rur,3501.0
C-WEU-PRT,C-WEU-PRT-PT111,Zone_3C Warm Marine,mfh,urb,7839.5
C-WEU-PRT,C-WEU-PRT-PT111,Zone_3C Warm Marine,mfh,rur,7839.5
C-WEU-PRT,C-WEU-PRT-PT111,Zone_3C Warm Marine,sfh,urb,24454.5
C-WEU-PRT,C-WEU-PRT-PT111,Zone_3C Warm Marine,sfh,rur,24454.5
C-WEU-PRT,C-WEU-PRT-PT112,Zone_4C Mixed Marine,mfh,urb,9602.0
C-WEU-PRT,C-WEU-PRT-PT112,Zone_4C Mixed Marine,mfh,rur,9602.0
C-WEU-PRT,C-WEU-PRT-PT112,Zone_4C Mixed Marine,sfh,urb,15506.0
C-WEU-PRT,C-WEU-PRT-PT112,Zone_4C Mixed Marine,sfh,rur,15506.0
C-WEU-PRT,C-WEU-PRT-PT119,Zone_4C Mixed Marine,mfh,urb,6366.5
C-WEU-PRT,C-WEU-PRT-PT119,Zone_4C Mixed Marine,mfh,rur,6366.5
C-WEU-PRT,C-WEU-PRT-PT119,Zone_4C Mixed Marine,sfh,urb,16222.0
C-WEU-PRT,C-WEU-PRT-PT119,Zone_4C Mixed Marine,sfh,rur,16222.0
C-WEU-PRT,C-WEU-PRT-PT11A,Zone_3C Warm Marine,mfh,urb,44166.5
C-WEU-PRT,C-WEU-PRT-PT11A,Zone_3C Warm Marine,mfh,rur,44166.5
C-WEU-PRT,C-WEU-PRT-PT11A,Zone_3C Warm Marine,sfh,urb,33304.5
C-WEU-PRT,C-WEU-PRT-PT11A,Zone_3C Warm Marine,sfh,rur,33304.5
C-WEU-PRT,C-WEU-PRT-PT11B,Zone_4C Mixed Marine,mfh,urb,2278.5
C-WEU-PRT,C-WEU-PRT-PT11B,Zone_4C Mixed Marine,mfh,rur,2278.5
C-WEU-PRT,C-WEU-PRT-PT11B,Zone_4C Mixed Marine,sfh,urb,16458.0
C-WEU-PRT,C-WEU-PRT-PT11B,Zone_4C Mixed Marine,sfh,rur,16458.0
C-WEU-PRT,C-WEU-PRT-PT11C,Zone_3C Warm Marine,mfh,urb,5624.5
C-WEU-PRT,C-WEU-PRT-PT11C,Zone_3C Warm Marine,mfh,rur,5624.5
C-WEU-PRT,C-WEU-PRT-PT11C,Zone_3C Warm Marine,sfh,urb,22439.5
C-WEU-PRT,C-WEU-PRT-PT11C,Zone_3C Warm Marine,sfh,rur,22439.5
C-WEU-PRT,C-WEU-PRT-PT11D,Zone_4C Mixed Marine,mfh,urb,4266.0
C-WEU-PRT,C-WEU-PRT-PT11D,Zone_4C Mixed Marine,mfh,rur,4266.0
C-WEU-PRT,C-WEU-PRT-PT11D,Zone_4C Mixed Marine,sfh,urb,28382.0
C-WEU-PRT,C-WEU-PRT-PT11D,Zone_4C Mixed Marine,sfh,rur,28382.0
C-WEU-PRT,C-WEU-PRT-PT11E,Zone_4A Mixed Humid,mfh,urb,3998.5
C-WEU-PRT,C-WEU-PRT-PT11E,Zone_4A Mixed Humid,mfh,rur,3998.5
C-WEU-PRT,C-WEU-PRT-PT11E,Zone_4A Mixed Humid,sfh,urb,16843.0
C-WEU-PRT,C-WEU-PRT-PT11E,Zone_4A Mixed Humid,sfh,rur,16843.0
C-WEU-PRT,C-WEU-PRT-PT150,Zone_3A Warm Humid,mfh,urb,56983.5
C-WEU-PRT,C-WEU-PRT-PT150,Zone_3A Warm Humid,mfh,rur,56983.5
C-WEU-PRT,C-WEU-PRT-PT150,Zone_3A Warm Humid,sfh,urb,42027.0
C-WEU-PRT,C-WEU-PRT-PT150,Zone_3A Warm Humid,sfh,rur,42027.0
C-WEU-PRT,C-WEU-PRT-PT191,Zone_3C Warm Marine,mfh,urb,9524.0
C-WEU-PRT,C-WEU-PRT-PT191,Zone_3C Warm Marine,mfh,rur,9524.0
C-WEU-PRT,C-WEU-PRT-PT191,Zone_3C Warm Marine,sfh,urb,17117.0
C-WEU-PRT,C-WEU-PRT-PT191,Zone_3C Warm Marine,sfh,rur,17117.0
C-WEU-PRT,C-WEU-PRT-PT192,Zone_3A Warm Humid,mfh,urb,16877.0
C-WEU-PRT,C-WEU-PRT-PT192,Zone_3A Warm Humid,mfh,rur,16877.0
C-WEU-PRT,C-WEU-PRT-PT192,Zone_3A Warm Humid,sfh,urb,35135.0
C-WEU-PRT,C-WEU-PRT-PT192,Zone_3A Warm Humid,sfh,rur,35135.0
C-WEU-PRT,C-WEU-PRT-PT193,Zone_3A Warm Humid,mfh,urb,6784.0
C-WEU-PRT,C-WEU-PRT-PT193,Zone_3A Warm Humid,mfh,rur,6784.0
C-WEU-PRT,C-WEU-PRT-PT193,Zone_3A Warm Humid,sfh,urb,21684.0
C-WEU-PRT,C-WEU-PRT-PT193,Zone_3A Warm Humid,sfh,rur,21684.0
C-WEU-PRT,C-WEU-PRT-PT194,Zone_3C Warm Marine,mfh,urb,5357.0
C-WEU-PRT,C-WEU-PRT-PT194,Zone_3C Warm Marine,mfh,rur,5357.0
C-WEU-PRT,C-WEU-PRT-PT194,Zone_3C Warm Marine,sfh,urb,30147.0
C-WEU-PRT,C-WEU-PRT-PT194,Zone_3C Warm Marine,sfh,rur,30147.0
C-WEU-PRT,C-WEU-PRT-PT195,Zone_3A Warm Humid,mfh,urb,2649.5
C-WEU-PRT,C-WEU-PRT-PT195,Zone_3A Warm Humid,mfh,rur,2649.5
C-WEU-PRT,C-WEU-PRT-PT195,Zone_3A Warm Humid,sfh,urb,16493.5
C-WEU-PRT,C-WEU-PRT-PT195,Zone_3A Warm Humid,sfh,rur,16493.5
C-WEU-PRT,C-WEU-PRT-PT196,Zone_3A Warm Humid,mfh,urb,7493.5
C-WEU-PRT,C-WEU-PRT-PT196,Zone_3A Warm Humid,mfh,rur,7493.5
C-WEU-PRT,C-WEU-PRT-PT196,Zone_3A Warm Humid,sfh,urb,38866.0
C-WEU-PRT,C-WEU-PRT-PT196,Zone_3A Warm Humid,sfh,rur,38866.0
C-WEU-PRT,C-WEU-PRT-PT1A0,Zone_3A Warm Humid,mfh,urb,113491.5
C-WEU-PRT,C-WEU-PRT-PT1A0,Zone_3A Warm Humid,mfh,rur,113491.5
C-WEU-PRT,C-WEU-PRT-PT1A0,Zone_3A Warm Humid,sfh,urb,39278.0
C-WEU-PRT,C-WEU-PRT-PT1A0,Zone_3A Warm Humid,sfh,rur,39278.0
C-WEU-PRT,C-WEU-PRT-PT1C1,Zone_3A Warm Humid,mfh,urb,4101.0
C-WEU-PRT,C-WEU-PRT-PT1C1,Zone_3A Warm Humid,mfh,rur,4101.0
C-WEU-PRT,C-WEU-PRT-PT1C1,Zone_3A Warm Humid,sfh,urb,11441.0
C-WEU-PRT,C-WEU-PRT-PT1C1,Zone_3A Warm Humid,sfh,rur,11441.0
C-WEU-PRT,C-WEU-PRT-PT1C2,Zone_3A Warm Humid,mfh,urb,1868.0
C-WEU-PRT,C-WEU-PRT-PT1C2,Zone_3A Warm Humid,mfh,rur,1868.0
C-WEU-PRT,C-WEU-PRT-PT1C2,Zone_3A Warm Humid,sfh,urb,17105.0
C-WEU-PRT,C-WEU-PRT-PT1C2,Zone_3A Warm Humid,sfh,rur,17105.0
C-WEU-PRT,C-WEU-PRT-PT1C3,Zone_3A Warm Humid,mfh,urb,3095.5
C-WEU-PRT,C-WEU-PRT-PT1C3,Zone_3A Warm Humid,mfh,rur,3095.5
C-WEU-PRT,C-WEU-PRT-PT1C3,Zone_3A Warm Humid,sfh,urb,15500.5
C-WEU-PRT,C-WEU-PRT-PT1C3,Zone_3A Warm Humid,sfh,rur,15500.5
C-WEU-PRT,C-WEU-PRT-PT1C4,Zone_3A Warm Humid,mfh,urb,3958.0
C-WEU-PRT,C-WEU-PRT-PT1C4,Zone_3A Warm Humid,mfh,rur,3958.0
C-WEU-PRT,C-WEU-PRT-PT1C4,Zone_3A Warm Humid,sfh,urb,13598.5
C-WEU-PRT,C-WEU-PRT-PT1C4,Zone_3A Warm Humid,sfh,rur,13598.5
C-WEU-PRT,C-WEU-PRT-PT1D1,Zone_3A Warm Humid,mfh,urb,14769.5
C-WEU-PRT,C-WEU-PRT-PT1D1,Zone_3A Warm Humid,mfh,rur,14769.5
C-WEU-PRT,C-WEU-PRT-PT1D1,Zone_3A Warm Humid,sfh,urb,26220.0
C-WEU-PRT,C-WEU-PRT-PT1D1,Zone_3A Warm Humid,sfh,rur,26220.0
C-WEU-PRT,C-WEU-PRT-PT1D2,Zone_3A Warm Humid,mfh,urb,5445.0
C-WEU-PRT,C-WEU-PRT-PT1D2,Zone_3A Warm Humid,mfh,rur,5445.0
C-WEU-PRT,C-WEU-PRT-PT1D2,Zone_3A Warm Humid,sfh,urb,26707.5
C-WEU-PRT,C-WEU-PRT-PT1D2,Zone_3A Warm Humid,sfh,rur,26707.5
C-WEU-PRT,C-WEU-PRT-PT1D3,Zone_3A Warm Humid,mfh,urb,3968.5
C-WEU-PRT,C-WEU-PRT-PT1D3,Zone_3A Warm Humid,mfh,rur,3968.5
C-WEU-PRT,C-WEU-PRT-PT1D3,Zone_3A Warm Humid,sfh,urb,16446.0
C-WEU-PRT,C-WEU-PRT-PT1D3,Zone_3A Warm Humid,sfh,rur,16446.0
C-WEU-PRT,C-WEU-PRT-PT200,Zone_3C Warm Marine,mfh,urb,1943.0
C-WEU-PRT,C-WEU-PRT-PT200,Zone_3C Warm Marine,mfh,rur,1943.0
C-WEU-PRT,C-WEU-PRT-PT200,Zone_3C Warm Marine,sfh,urb,12099.5
C-WEU-PRT,C-WEU-PRT-PT200,Zone_3C Warm Marine,sfh,rur,12099.5
C-WEU-PRT,C-WEU-PRT-PT300,Zone_3C Warm Marine,mfh,urb,5265.5
C-WEU-PRT,C-WEU-PRT-PT300,Zone_3C Warm Marine,mfh,rur,5265.5
C-WEU-PRT,C-WEU-PRT-PT300,Zone_3C Warm Marine,sfh,urb,12857.0
C-WEU-PRT,C-WEU-PRT-PT300,Zone_3C Warm Marine,sfh,rur,12857.0
C-WEU-SWE,C-WEU-SWE-SE110,Zone_6A Cold Humid,mfh,urb,30028.5
C-WEU-SWE,C-WEU-SWE-SE110,Zone_6A Cold Humid,mfh,rur,30028.5
C-WEU-SWE,C-WEU-SWE-SE110,Zone_6A Cold Humid,sfh,urb,37941.5
C-WEU-SWE,C-WEU-SWE-SE110,Zone_6A Cold Humid,sfh,rur,37941.5
C-WEU-SWE,C-WEU-SWE-SE121,Zone_6A Cold Humid,mfh,urb,4211.0
C-WEU-SWE,C-WEU-SWE-SE121,Zone_6A Cold Humid,mfh,rur,4211.0
C-WEU-SWE,C-WEU-SWE-SE121,Zone_6A Cold Humid,sfh,urb,9683.5
C-WEU-SWE,C-WEU-SWE-SE121,Zone_6A Cold Humid,sfh,rur,9683.5
C-WEU-SWE,C-WEU-SWE-SE122,Zone_6A Cold Humid,mfh,urb,3988.5
C-WEU-SWE,C-WEU-SWE-SE122,Zone_6A Cold Humid,mfh,rur,3988.5
C-WEU-SWE,C-WEU-SWE-SE122,Zone_6A Cold Humid,sfh,urb,12588.0
C-WEU-SWE,C-WEU-SWE-SE122,Zone_6A Cold Humid,sfh,rur,12588.0
C-WEU-SWE,C-WEU-SWE-SE123,Zone_6A Cold Humid,mfh,urb,6627.0
C-WEU-SWE,C-WEU-SWE-SE123,Zone_6A Cold Humid,mfh,rur,6627.0
C-WEU-SWE,C-WEU-SWE-SE123,Zone_6A Cold Humid,sfh,urb,15451.0
C-WEU-SWE,C-WEU-SWE-SE123,Zone_6A Cold Humid,sfh,rur,15451.0
C-WEU-SWE,C-WEU-SWE-SE124,Zone_6A Cold Humid,mfh,urb,4245.5
C-WEU-SWE,C-WEU-SWE-SE124,Zone_6A Cold Humid,mfh,rur,4245.5
C-WEU-SWE,C-WEU-SWE-SE124,Zone_6A Cold Humid,sfh,urb,10048.0
C-WEU-SWE,C-WEU-SWE-SE124,Zone_6A Cold Humid,sfh,rur,10048.0
C-WEU-SWE,C-WEU-SWE-SE125,Zone_6A Cold Humid,mfh,urb,3348.5
C-WEU-SWE,C-WEU-SWE-SE125,Zone_6A Cold Humid,mfh,rur,3348.5
C-WEU-SWE,C-WEU-SWE-SE125,Zone_6A Cold Humid,sfh,urb,6353.5
C-WEU-SWE,C-WEU-SWE-SE125,Zone_6A Cold Humid,sfh,rur,6353.5
C-WEU-SWE,C-WEU-SWE-SE211,Zone_6A Cold Humid,mfh,urb,4217.0
C-WEU-SWE,C-WEU-SWE-SE211,Zone_6A Cold Humid,mfh,rur,4217.0
C-WEU-SWE,C-WEU-SWE-SE211,Zone_6A Cold Humid,sfh,urb,10471.5
C-WEU-SWE,C-WEU-SWE-SE211,Zone_6A Cold Humid,sfh,rur,10471.5
C-WEU-SWE,C-WEU-SWE-SE212,Zone_6A Cold Humid,mfh,urb,2518.0
C-WEU-SWE,C-WEU-SWE-SE212,Zone_6A Cold Humid,mfh,rur,2518.0
C-WEU-SWE,C-WEU-SWE-SE212,Zone_6A Cold Humid,sfh,urb,7562.5
C-WEU-SWE,C-WEU-SWE-SE212,Zone_6A Cold Humid,sfh,rur,7562.5
C-WEU-SWE,C-WEU-SWE-SE213,Zone_6A Cold Humid,mfh,urb,3499.5
C-WEU-SWE,C-WEU-SWE-SE213,Zone_6A Cold Humid,mfh,rur,3499.5
C-WEU-SWE,C-WEU-SWE-SE213,Zone_6A Cold Humid,sfh,urb,18179.0
C-WEU-SWE,C-WEU-SWE-SE213,Zone_6A Cold Humid,sfh,rur,18179.0
C-WEU-SWE,C-WEU-SWE-SE214,Zone_5A Cool Humid,mfh,urb,821.5
C-WEU-SWE,C-WEU-SWE-SE214,Zone_5A Cool Humid,mfh,rur,821.5
C-WEU-SWE,C-WEU-SWE-SE214,Zone_5A Cool Humid,sfh,urb,6855.0
C-WEU-SWE,C-WEU-SWE-SE214,Zone_5A Cool Humid,sfh,rur,6855.0
C-WEU-SWE,C-WEU-SWE-SE221,Zone_5A Cool Humid,mfh,urb,2158.5
C-WEU-SWE,C-WEU-SWE-SE221,Zone_5A Cool Humid,mfh,rur,2158.5
C-WEU-SWE,C-WEU-SWE-SE221,Zone_5A Cool Humid,sfh,urb,7242.0
C-WEU-SWE,C-WEU-SWE-SE221,Zone_5A Cool Humid,sfh,rur,7242.0
C-WEU-SWE,C-WEU-SWE-SE224,Zone_5A Cool Humid,mfh,urb,14523.0
C-WEU-SWE,C-WEU-SWE-SE224,Zone_5A Cool Humid,mfh,rur,14523.0
C-WEU-SWE,C-WEU-SWE-SE224,Zone_5A Cool Humid,sfh,urb,23521.0
C-WEU-SWE,C-WEU-SWE-SE224,Zone_5A Cool Humid,sfh,rur,23521.0
C-WEU-SWE,C-WEU-SWE-SE231,Zone_5A Cool Humid,mfh,urb,2728.0
C-WEU-SWE,C-WEU-SWE-SE231,Zone_5A Cool Humid,mfh,rur,2728.0
C-WEU-SWE,C-WEU-SWE-SE231,Zone_5A Cool Humid,sfh,urb,13858.5
C-WEU-SWE,C-WEU-SWE-SE231,Zone_5A Cool Humid,sfh,rur,13858.5
C-WEU-SWE,C-WEU-SWE-SE232,Zone_6A Cold Humid,mfh,urb,19483.0
C-WEU-SWE,C-WEU-SWE-SE232,Zone_6A Cold Humid,mfh,rur,19483.0
C-WEU-SWE,C-WEU-SWE-SE232,Zone_6A Cold Humid,sfh,urb,44538.0
C-WEU-SWE,C-WEU-SWE-SE232,Zone_6A Cold Humid,sfh,rur,44538.0
C-WEU-SWE,C-WEU-SWE-SE311,Zone_6A Cold Humid,mfh,urb,4607.5
C-WEU-SWE,C-WEU-SWE-SE311,Zone_6A Cold Humid,mfh,rur,4607.5
C-WEU-SWE,C-WEU-SWE-SE311,Zone_6A Cold Humid,sfh,urb,15793.5
C-WEU-SWE,C-WEU-SWE-SE311,Zone_6A Cold Humid,sfh,rur,15793.5
C-WEU-SWE,C-WEU-SWE-SE312,Zone_7A Very cold Humid,mfh,urb,3914.5
C-WEU-SWE,C-WEU-SWE-SE312,Zone_7A Very cold Humid,mfh,rur,3914.5
C-WEU-SWE,C-WEU-SWE-SE312,Zone_7A Very cold Humid,sfh,urb,27425.5
C-WEU-SWE,C-WEU-SWE-SE312,Zone_7A Very cold Humid,sfh,rur,27425.5
C-WEU-SWE,C-WEU-SWE-SE313,Zone_7A Very cold Humid,mfh,urb,3961.5
C-WEU-SWE,C-WEU-SWE-SE313,Zone_7A Very cold Humid,mfh,rur,3961.5
C-WEU-SWE,C-WEU-SWE-SE313,Zone_7A Very cold Humid,sfh,urb,17642.0
C-WEU-SWE,C-WEU-SWE-SE313,Zone_7A Very cold Humid,sfh,rur,17642.0
C-WEU-SWE,C-WEU-SWE-SE321,Zone_7A Very cold Humid,mfh,urb,4190.0
C-WEU-SWE,C-WEU-SWE-SE321,Zone_7A Very cold Humid,mfh,rur,4190.0
C-WEU-SWE,C-WEU-SWE-SE321,Zone_7A Very cold Humid,sfh,urb,16360.5
C-WEU-SWE,C-WEU-SWE-SE321,Zone_7A Very cold Humid,sfh,rur,16360.5
C-WEU-SWE,C-WEU-SWE-SE322,Zone_7A Very cold Humid,mfh,urb,3095.5
C-WEU-SWE,C-WEU-SWE-SE322,Zone_7A Very cold Humid,mfh,rur,3095.5
C-WEU-SWE,C-WEU-SWE-SE322,Zone_7A Very cold Humid,sfh,urb,22738.5
C-WEU-SWE,C-WEU-SWE-SE322,Zone_7A Very cold Humid,sfh,rur,22738.5
C-WEU-SWE,C-WEU-SWE-SE331,Zone_7A Very cold Humid,mfh,urb,4082.0
C-WEU-SWE,C-WEU-SWE-SE331,Zone_7A Very cold Humid,mfh,rur,4082.0
C-WEU-SWE,C-WEU-SWE-SE331,Zone_7A Very cold Humid,sfh,urb,19295.5
C-WEU-SWE,C-WEU-SWE-SE331,Zone_7A Very cold Humid,sfh,rur,19295.5
C-WEU-SWE,C-WEU-SWE-SE332,Zone_8A Subarctic/arctic Humid,mfh,urb,4867.5
C-WEU-SWE,C-WEU-SWE-SE332,Zone_8A Subarctic/arctic Humid,mfh,rur,4867.5
C-WEU-SWE,C-WEU-SWE-SE332,Zone_8A Subarctic/arctic Humid,sfh,urb,16650.5
C-WEU-SWE,C-WEU-SWE-SE332,Zone_8A Subarctic/arctic Humid,sfh,rur,16650.5
