region_bld,material,year,eol_treat,value
C-EEU-BGR,aluminum,2015,downcycling,0
C-EEU-BGR,aluminum,2015,incineration,0
C-EEU-BGR,aluminum,2015,landfilling,5.3942087774565224e-5
C-EEU-BGR,aluminum,2015,recycling,0.9999460579122256
C-EEU-BGR,aluminum,2015,reuse,0
C-EEU-BGR,aluminum,2020,downcycling,0
C-EEU-BGR,aluminum,2020,incineration,0
C-EEU-BGR,aluminum,2020,landfilling,5.3942087774565224e-5
C-EEU-BGR,aluminum,2020,recycling,0.9999460579122256
C-EEU-BGR,aluminum,2020,reuse,0
C-EEU-BGR,aluminum,2025,downcycling,0
C-EEU-BGR,aluminum,2025,incineration,0
C-EEU-BGR,aluminum,2025,landfilling,5.3942087774565224e-5
C-EEU-BGR,aluminum,2025,recycling,0.9999460579122256
C-EEU-BGR,aluminum,2025,reuse,0
C-EEU-BGR,aluminum,2030,downcycling,0
C-EEU-BGR,aluminum,2030,incineration,0
C-EEU-BGR,aluminum,2030,landfilling,5.3942087774565224e-5
C-EEU-BGR,aluminum,2030,recycling,0.9999460579122256
C-EEU-BGR,aluminum,2030,reuse,0
C-EEU-BGR,aluminum,2035,downcycling,0
C-EEU-BGR,aluminum,2035,incineration,0
C-EEU-BGR,aluminum,2035,landfilling,5.3942087774565224e-5
C-EEU-BGR,aluminum,2035,recycling,0.9999460579122256
C-EEU-BGR,aluminum,2035,reuse,0
C-EEU-BGR,aluminum,2040,downcycling,0
C-EEU-BGR,aluminum,2040,incineration,0
C-EEU-BGR,aluminum,2040,landfilling,5.3942087774565224e-5
C-EEU-BGR,aluminum,2040,recycling,0.9999460579122256
C-EEU-BGR,aluminum,2040,reuse,0
C-EEU-BGR,aluminum,2045,downcycling,0
C-EEU-BGR,aluminum,2045,incineration,0
C-EEU-BGR,aluminum,2045,landfilling,5.3942087774565224e-5
C-EEU-BGR,aluminum,2045,recycling,0.9999460579122256
C-EEU-BGR,aluminum,2045,reuse,0
C-EEU-BGR,aluminum,2050,downcycling,0
C-EEU-BGR,aluminum,2050,incineration,0
C-EEU-BGR,aluminum,2050,landfilling,5.3942087774565224e-5
C-EEU-BGR,aluminum,2050,recycling,0.9999460579122256
C-EEU-BGR,aluminum,2050,reuse,0
C-EEU-BGR,aluminum,2055,downcycling,0
C-EEU-BGR,aluminum,2055,incineration,0
C-EEU-BGR,aluminum,2055,landfilling,5.3942087774565224e-5
C-EEU-BGR,aluminum,2055,recycling,0.9999460579122256
C-EEU-BGR,aluminum,2055,reuse,0
C-EEU-BGR,aluminum,2060,downcycling,0
C-EEU-BGR,aluminum,2060,incineration,0
C-EEU-BGR,aluminum,2060,landfilling,5.3942087774565224e-5
C-EEU-BGR,aluminum,2060,recycling,0.9999460579122256
C-EEU-BGR,aluminum,2060,reuse,0
C-EEU-BGR,aluminum,2065,downcycling,0
C-EEU-BGR,aluminum,2065,incineration,0
C-EEU-BGR,aluminum,2065,landfilling,5.3942087774565224e-5
C-EEU-BGR,aluminum,2065,recycling,0.9999460579122256
C-EEU-BGR,aluminum,2065,reuse,0
C-EEU-BGR,aluminum,2070,downcycling,0
C-EEU-BGR,aluminum,2070,incineration,0
C-EEU-BGR,aluminum,2070,landfilling,5.3942087774565224e-5
C-EEU-BGR,aluminum,2070,recycling,0.9999460579122256
C-EEU-BGR,aluminum,2070,reuse,0
C-EEU-BGR,aluminum,2075,downcycling,0
C-EEU-BGR,aluminum,2075,incineration,0
C-EEU-BGR,aluminum,2075,landfilling,5.3942087774565224e-5
C-EEU-BGR,aluminum,2075,recycling,0.9999460579122256
C-EEU-BGR,aluminum,2075,reuse,0
C-EEU-BGR,aluminum,2080,downcycling,0
C-EEU-BGR,aluminum,2080,incineration,0
C-EEU-BGR,aluminum,2080,landfilling,5.3942087774565224e-5
C-EEU-BGR,aluminum,2080,recycling,0.9999460579122256
C-EEU-BGR,aluminum,2080,reuse,0
C-EEU-BGR,aluminum,2085,downcycling,0
C-EEU-BGR,aluminum,2085,incineration,0
C-EEU-BGR,aluminum,2085,landfilling,5.3942087774565224e-5
C-EEU-BGR,aluminum,2085,recycling,0.9999460579122256
C-EEU-BGR,aluminum,2085,reuse,0
C-EEU-BGR,aluminum,2090,downcycling,0
C-EEU-BGR,aluminum,2090,incineration,0
C-EEU-BGR,aluminum,2090,landfilling,5.3942087774565224e-5
C-EEU-BGR,aluminum,2090,recycling,0.9999460579122256
C-EEU-BGR,aluminum,2090,reuse,0
C-EEU-BGR,aluminum,2095,downcycling,0
C-EEU-BGR,aluminum,2095,incineration,0
C-EEU-BGR,aluminum,2095,landfilling,5.3942087774565224e-5
C-EEU-BGR,aluminum,2095,recycling,0.9999460579122256
C-EEU-BGR,aluminum,2095,reuse,0
C-EEU-BGR,aluminum,2100,downcycling,0
C-EEU-BGR,aluminum,2100,incineration,0
C-EEU-BGR,aluminum,2100,landfilling,5.3942087774565224e-5
C-EEU-BGR,aluminum,2100,recycling,0.9999460579122256
C-EEU-BGR,aluminum,2100,reuse,0
C-EEU-BGR,brick,2015,downcycling,0
C-EEU-BGR,brick,2015,incineration,0
C-EEU-BGR,brick,2015,landfilling,0.1215172227442166
C-EEU-BGR,brick,2015,recycling,0.8784827772557834
C-EEU-BGR,brick,2015,reuse,0
C-EEU-BGR,brick,2020,downcycling,0
C-EEU-BGR,brick,2020,incineration,0
C-EEU-BGR,brick,2020,landfilling,0.1215172227442166
C-EEU-BGR,brick,2020,recycling,0.8784827772557834
C-EEU-BGR,brick,2020,reuse,0
C-EEU-BGR,brick,2025,downcycling,0
C-EEU-BGR,brick,2025,incineration,0
C-EEU-BGR,brick,2025,landfilling,0.1215172227442166
C-EEU-BGR,brick,2025,recycling,0.8784827772557834
C-EEU-BGR,brick,2025,reuse,0
C-EEU-BGR,brick,2030,downcycling,0
C-EEU-BGR,brick,2030,incineration,0
C-EEU-BGR,brick,2030,landfilling,0.1215172227442166
C-EEU-BGR,brick,2030,recycling,0.8784827772557834
C-EEU-BGR,brick,2030,reuse,0
C-EEU-BGR,brick,2035,downcycling,0
C-EEU-BGR,brick,2035,incineration,0
C-EEU-BGR,brick,2035,landfilling,0.1215172227442166
C-EEU-BGR,brick,2035,recycling,0.8784827772557834
C-EEU-BGR,brick,2035,reuse,0
C-EEU-BGR,brick,2040,downcycling,0
C-EEU-BGR,brick,2040,incineration,0
C-EEU-BGR,brick,2040,landfilling,0.1215172227442166
C-EEU-BGR,brick,2040,recycling,0.8784827772557834
C-EEU-BGR,brick,2040,reuse,0
C-EEU-BGR,brick,2045,downcycling,0
C-EEU-BGR,brick,2045,incineration,0
C-EEU-BGR,brick,2045,landfilling,0.1215172227442166
C-EEU-BGR,brick,2045,recycling,0.8784827772557834
C-EEU-BGR,brick,2045,reuse,0
C-EEU-BGR,brick,2050,downcycling,0
C-EEU-BGR,brick,2050,incineration,0
C-EEU-BGR,brick,2050,landfilling,0.1215172227442166
C-EEU-BGR,brick,2050,recycling,0.8784827772557834
C-EEU-BGR,brick,2050,reuse,0
C-EEU-BGR,brick,2055,downcycling,0
C-EEU-BGR,brick,2055,incineration,0
C-EEU-BGR,brick,2055,landfilling,0.1215172227442166
C-EEU-BGR,brick,2055,recycling,0.8784827772557834
C-EEU-BGR,brick,2055,reuse,0
C-EEU-BGR,brick,2060,downcycling,0
C-EEU-BGR,brick,2060,incineration,0
C-EEU-BGR,brick,2060,landfilling,0.1215172227442166
C-EEU-BGR,brick,2060,recycling,0.8784827772557834
C-EEU-BGR,brick,2060,reuse,0
C-EEU-BGR,brick,2065,downcycling,0
C-EEU-BGR,brick,2065,incineration,0
C-EEU-BGR,brick,2065,landfilling,0.1215172227442166
C-EEU-BGR,brick,2065,recycling,0.8784827772557834
C-EEU-BGR,brick,2065,reuse,0
C-EEU-BGR,brick,2070,downcycling,0
C-EEU-BGR,brick,2070,incineration,0
C-EEU-BGR,brick,2070,landfilling,0.1215172227442166
C-EEU-BGR,brick,2070,recycling,0.8784827772557834
C-EEU-BGR,brick,2070,reuse,0
C-EEU-BGR,brick,2075,downcycling,0
C-EEU-BGR,brick,2075,incineration,0
C-EEU-BGR,brick,2075,landfilling,0.1215172227442166
C-EEU-BGR,brick,2075,recycling,0.8784827772557834
C-EEU-BGR,brick,2075,reuse,0
C-EEU-BGR,brick,2080,downcycling,0
C-EEU-BGR,brick,2080,incineration,0
C-EEU-BGR,brick,2080,landfilling,0.1215172227442166
C-EEU-BGR,brick,2080,recycling,0.8784827772557834
C-EEU-BGR,brick,2080,reuse,0
C-EEU-BGR,brick,2085,downcycling,0
C-EEU-BGR,brick,2085,incineration,0
C-EEU-BGR,brick,2085,landfilling,0.1215172227442166
C-EEU-BGR,brick,2085,recycling,0.8784827772557834
C-EEU-BGR,brick,2085,reuse,0
C-EEU-BGR,brick,2090,downcycling,0
C-EEU-BGR,brick,2090,incineration,0
C-EEU-BGR,brick,2090,landfilling,0.1215172227442166
C-EEU-BGR,brick,2090,recycling,0.8784827772557834
C-EEU-BGR,brick,2090,reuse,0
C-EEU-BGR,brick,2095,downcycling,0
C-EEU-BGR,brick,2095,incineration,0
C-EEU-BGR,brick,2095,landfilling,0.1215172227442166
C-EEU-BGR,brick,2095,recycling,0.8784827772557834
C-EEU-BGR,brick,2095,reuse,0
C-EEU-BGR,brick,2100,downcycling,0
C-EEU-BGR,brick,2100,incineration,0
C-EEU-BGR,brick,2100,landfilling,0.1215172227442166
C-EEU-BGR,brick,2100,recycling,0.8784827772557834
C-EEU-BGR,brick,2100,reuse,0
C-EEU-BGR,concrete,2015,downcycling,0
C-EEU-BGR,concrete,2015,incineration,0
C-EEU-BGR,concrete,2015,landfilling,0.1215172227442166
C-EEU-BGR,concrete,2015,recycling,0.8784827772557834
C-EEU-BGR,concrete,2015,reuse,0
C-EEU-BGR,concrete,2020,downcycling,0
C-EEU-BGR,concrete,2020,incineration,0
C-EEU-BGR,concrete,2020,landfilling,0.1215172227442166
C-EEU-BGR,concrete,2020,recycling,0.8784827772557834
C-EEU-BGR,concrete,2020,reuse,0
C-EEU-BGR,concrete,2025,downcycling,0
C-EEU-BGR,concrete,2025,incineration,0
C-EEU-BGR,concrete,2025,landfilling,0.1215172227442166
C-EEU-BGR,concrete,2025,recycling,0.8784827772557834
C-EEU-BGR,concrete,2025,reuse,0
C-EEU-BGR,concrete,2030,downcycling,0
C-EEU-BGR,concrete,2030,incineration,0
C-EEU-BGR,concrete,2030,landfilling,0.1215172227442166
C-EEU-BGR,concrete,2030,recycling,0.8784827772557834
C-EEU-BGR,concrete,2030,reuse,0
C-EEU-BGR,concrete,2035,downcycling,0
C-EEU-BGR,concrete,2035,incineration,0
C-EEU-BGR,concrete,2035,landfilling,0.1215172227442166
C-EEU-BGR,concrete,2035,recycling,0.8784827772557834
C-EEU-BGR,concrete,2035,reuse,0
C-EEU-BGR,concrete,2040,downcycling,0
C-EEU-BGR,concrete,2040,incineration,0
C-EEU-BGR,concrete,2040,landfilling,0.1215172227442166
C-EEU-BGR,concrete,2040,recycling,0.8784827772557834
C-EEU-BGR,concrete,2040,reuse,0
C-EEU-BGR,concrete,2045,downcycling,0
C-EEU-BGR,concrete,2045,incineration,0
C-EEU-BGR,concrete,2045,landfilling,0.1215172227442166
C-EEU-BGR,concrete,2045,recycling,0.8784827772557834
C-EEU-BGR,concrete,2045,reuse,0
C-EEU-BGR,concrete,2050,downcycling,0
C-EEU-BGR,concrete,2050,incineration,0
C-EEU-BGR,concrete,2050,landfilling,0.1215172227442166
C-EEU-BGR,concrete,2050,recycling,0.8784827772557834
C-EEU-BGR,concrete,2050,reuse,0
C-EEU-BGR,concrete,2055,downcycling,0
C-EEU-BGR,concrete,2055,incineration,0
C-EEU-BGR,concrete,2055,landfilling,0.1215172227442166
C-EEU-BGR,concrete,2055,recycling,0.8784827772557834
C-EEU-BGR,concrete,2055,reuse,0
C-EEU-BGR,concrete,2060,downcycling,0
C-EEU-BGR,concrete,2060,incineration,0
C-EEU-BGR,concrete,2060,landfilling,0.1215172227442166
C-EEU-BGR,concrete,2060,recycling,0.8784827772557834
C-EEU-BGR,concrete,2060,reuse,0
C-EEU-BGR,concrete,2065,downcycling,0
C-EEU-BGR,concrete,2065,incineration,0
C-EEU-BGR,concrete,2065,landfilling,0.1215172227442166
C-EEU-BGR,concrete,2065,recycling,0.8784827772557834
C-EEU-BGR,concrete,2065,reuse,0
C-EEU-BGR,concrete,2070,downcycling,0
C-EEU-BGR,concrete,2070,incineration,0
C-EEU-BGR,concrete,2070,landfilling,0.1215172227442166
C-EEU-BGR,concrete,2070,recycling,0.8784827772557834
C-EEU-BGR,concrete,2070,reuse,0
C-EEU-BGR,concrete,2075,downcycling,0
C-EEU-BGR,concrete,2075,incineration,0
C-EEU-BGR,concrete,2075,landfilling,0.1215172227442166
C-EEU-BGR,concrete,2075,recycling,0.8784827772557834
C-EEU-BGR,concrete,2075,reuse,0
C-EEU-BGR,concrete,2080,downcycling,0
C-EEU-BGR,concrete,2080,incineration,0
C-EEU-BGR,concrete,2080,landfilling,0.1215172227442166
C-EEU-BGR,concrete,2080,recycling,0.8784827772557834
C-EEU-BGR,concrete,2080,reuse,0
C-EEU-BGR,concrete,2085,downcycling,0
C-EEU-BGR,concrete,2085,incineration,0
C-EEU-BGR,concrete,2085,landfilling,0.1215172227442166
C-EEU-BGR,concrete,2085,recycling,0.8784827772557834
C-EEU-BGR,concrete,2085,reuse,0
C-EEU-BGR,concrete,2090,downcycling,0
C-EEU-BGR,concrete,2090,incineration,0
C-EEU-BGR,concrete,2090,landfilling,0.1215172227442166
C-EEU-BGR,concrete,2090,recycling,0.8784827772557834
C-EEU-BGR,concrete,2090,reuse,0
C-EEU-BGR,concrete,2095,downcycling,0
C-EEU-BGR,concrete,2095,incineration,0
C-EEU-BGR,concrete,2095,landfilling,0.1215172227442166
C-EEU-BGR,concrete,2095,recycling,0.8784827772557834
C-EEU-BGR,concrete,2095,reuse,0
C-EEU-BGR,concrete,2100,downcycling,0
C-EEU-BGR,concrete,2100,incineration,0
C-EEU-BGR,concrete,2100,landfilling,0.1215172227442166
C-EEU-BGR,concrete,2100,recycling,0.8784827772557834
C-EEU-BGR,concrete,2100,reuse,0
C-EEU-BGR,copper,2015,downcycling,0
C-EEU-BGR,copper,2015,incineration,0
C-EEU-BGR,copper,2015,landfilling,5.3942087774565224e-5
C-EEU-BGR,copper,2015,recycling,0.9999460579122256
C-EEU-BGR,copper,2015,reuse,0
C-EEU-BGR,copper,2020,downcycling,0
C-EEU-BGR,copper,2020,incineration,0
C-EEU-BGR,copper,2020,landfilling,5.3942087774565224e-5
C-EEU-BGR,copper,2020,recycling,0.9999460579122256
C-EEU-BGR,copper,2020,reuse,0
C-EEU-BGR,copper,2025,downcycling,0
C-EEU-BGR,copper,2025,incineration,0
C-EEU-BGR,copper,2025,landfilling,5.3942087774565224e-5
C-EEU-BGR,copper,2025,recycling,0.9999460579122256
C-EEU-BGR,copper,2025,reuse,0
C-EEU-BGR,copper,2030,downcycling,0
C-EEU-BGR,copper,2030,incineration,0
C-EEU-BGR,copper,2030,landfilling,5.3942087774565224e-5
C-EEU-BGR,copper,2030,recycling,0.9999460579122256
C-EEU-BGR,copper,2030,reuse,0
C-EEU-BGR,copper,2035,downcycling,0
C-EEU-BGR,copper,2035,incineration,0
C-EEU-BGR,copper,2035,landfilling,5.3942087774565224e-5
C-EEU-BGR,copper,2035,recycling,0.9999460579122256
C-EEU-BGR,copper,2035,reuse,0
C-EEU-BGR,copper,2040,downcycling,0
C-EEU-BGR,copper,2040,incineration,0
C-EEU-BGR,copper,2040,landfilling,5.3942087774565224e-5
C-EEU-BGR,copper,2040,recycling,0.9999460579122256
C-EEU-BGR,copper,2040,reuse,0
C-EEU-BGR,copper,2045,downcycling,0
C-EEU-BGR,copper,2045,incineration,0
C-EEU-BGR,copper,2045,landfilling,5.3942087774565224e-5
C-EEU-BGR,copper,2045,recycling,0.9999460579122256
C-EEU-BGR,copper,2045,reuse,0
C-EEU-BGR,copper,2050,downcycling,0
C-EEU-BGR,copper,2050,incineration,0
C-EEU-BGR,copper,2050,landfilling,5.3942087774565224e-5
C-EEU-BGR,copper,2050,recycling,0.9999460579122256
C-EEU-BGR,copper,2050,reuse,0
C-EEU-BGR,copper,2055,downcycling,0
C-EEU-BGR,copper,2055,incineration,0
C-EEU-BGR,copper,2055,landfilling,5.3942087774565224e-5
C-EEU-BGR,copper,2055,recycling,0.9999460579122256
C-EEU-BGR,copper,2055,reuse,0
C-EEU-BGR,copper,2060,downcycling,0
C-EEU-BGR,copper,2060,incineration,0
C-EEU-BGR,copper,2060,landfilling,5.3942087774565224e-5
C-EEU-BGR,copper,2060,recycling,0.9999460579122256
C-EEU-BGR,copper,2060,reuse,0
C-EEU-BGR,copper,2065,downcycling,0
C-EEU-BGR,copper,2065,incineration,0
C-EEU-BGR,copper,2065,landfilling,5.3942087774565224e-5
C-EEU-BGR,copper,2065,recycling,0.9999460579122256
C-EEU-BGR,copper,2065,reuse,0
C-EEU-BGR,copper,2070,downcycling,0
C-EEU-BGR,copper,2070,incineration,0
C-EEU-BGR,copper,2070,landfilling,5.3942087774565224e-5
C-EEU-BGR,copper,2070,recycling,0.9999460579122256
C-EEU-BGR,copper,2070,reuse,0
C-EEU-BGR,copper,2075,downcycling,0
C-EEU-BGR,copper,2075,incineration,0
C-EEU-BGR,copper,2075,landfilling,5.3942087774565224e-5
C-EEU-BGR,copper,2075,recycling,0.9999460579122256
C-EEU-BGR,copper,2075,reuse,0
C-EEU-BGR,copper,2080,downcycling,0
C-EEU-BGR,copper,2080,incineration,0
C-EEU-BGR,copper,2080,landfilling,5.3942087774565224e-5
C-EEU-BGR,copper,2080,recycling,0.9999460579122256
C-EEU-BGR,copper,2080,reuse,0
C-EEU-BGR,copper,2085,downcycling,0
C-EEU-BGR,copper,2085,incineration,0
C-EEU-BGR,copper,2085,landfilling,5.3942087774565224e-5
C-EEU-BGR,copper,2085,recycling,0.9999460579122256
C-EEU-BGR,copper,2085,reuse,0
C-EEU-BGR,copper,2090,downcycling,0
C-EEU-BGR,copper,2090,incineration,0
C-EEU-BGR,copper,2090,landfilling,5.3942087774565224e-5
C-EEU-BGR,copper,2090,recycling,0.9999460579122256
C-EEU-BGR,copper,2090,reuse,0
C-EEU-BGR,copper,2095,downcycling,0
C-EEU-BGR,copper,2095,incineration,0
C-EEU-BGR,copper,2095,landfilling,5.3942087774565224e-5
C-EEU-BGR,copper,2095,recycling,0.9999460579122256
C-EEU-BGR,copper,2095,reuse,0
C-EEU-BGR,copper,2100,downcycling,0
C-EEU-BGR,copper,2100,incineration,0
C-EEU-BGR,copper,2100,landfilling,5.3942087774565224e-5
C-EEU-BGR,copper,2100,recycling,0.9999460579122256
C-EEU-BGR,copper,2100,reuse,0
C-EEU-BGR,glass,2015,downcycling,0.24
C-EEU-BGR,glass,2015,incineration,0
C-EEU-BGR,glass,2015,landfilling,0.7
C-EEU-BGR,glass,2015,recycling,0.06
C-EEU-BGR,glass,2015,reuse,0
C-EEU-BGR,glass,2020,downcycling,0.24
C-EEU-BGR,glass,2020,incineration,0
C-EEU-BGR,glass,2020,landfilling,0.7
C-EEU-BGR,glass,2020,recycling,0.06
C-EEU-BGR,glass,2020,reuse,0
C-EEU-BGR,glass,2025,downcycling,0.24
C-EEU-BGR,glass,2025,incineration,0
C-EEU-BGR,glass,2025,landfilling,0.7
C-EEU-BGR,glass,2025,recycling,0.06
C-EEU-BGR,glass,2025,reuse,0
C-EEU-BGR,glass,2030,downcycling,0.24
C-EEU-BGR,glass,2030,incineration,0
C-EEU-BGR,glass,2030,landfilling,0.7
C-EEU-BGR,glass,2030,recycling,0.06
C-EEU-BGR,glass,2030,reuse,0
C-EEU-BGR,glass,2035,downcycling,0.24
C-EEU-BGR,glass,2035,incineration,0
C-EEU-BGR,glass,2035,landfilling,0.7
C-EEU-BGR,glass,2035,recycling,0.06
C-EEU-BGR,glass,2035,reuse,0
C-EEU-BGR,glass,2040,downcycling,0.24
C-EEU-BGR,glass,2040,incineration,0
C-EEU-BGR,glass,2040,landfilling,0.7
C-EEU-BGR,glass,2040,recycling,0.06
C-EEU-BGR,glass,2040,reuse,0
C-EEU-BGR,glass,2045,downcycling,0.24
C-EEU-BGR,glass,2045,incineration,0
C-EEU-BGR,glass,2045,landfilling,0.7
C-EEU-BGR,glass,2045,recycling,0.06
C-EEU-BGR,glass,2045,reuse,0
C-EEU-BGR,glass,2050,downcycling,0.24
C-EEU-BGR,glass,2050,incineration,0
C-EEU-BGR,glass,2050,landfilling,0.7
C-EEU-BGR,glass,2050,recycling,0.06
C-EEU-BGR,glass,2050,reuse,0
C-EEU-BGR,glass,2055,downcycling,0.24
C-EEU-BGR,glass,2055,incineration,0
C-EEU-BGR,glass,2055,landfilling,0.7
C-EEU-BGR,glass,2055,recycling,0.06
C-EEU-BGR,glass,2055,reuse,0
C-EEU-BGR,glass,2060,downcycling,0.24
C-EEU-BGR,glass,2060,incineration,0
C-EEU-BGR,glass,2060,landfilling,0.7
C-EEU-BGR,glass,2060,recycling,0.06
C-EEU-BGR,glass,2060,reuse,0
C-EEU-BGR,glass,2065,downcycling,0.24
C-EEU-BGR,glass,2065,incineration,0
C-EEU-BGR,glass,2065,landfilling,0.7
C-EEU-BGR,glass,2065,recycling,0.06
C-EEU-BGR,glass,2065,reuse,0
C-EEU-BGR,glass,2070,downcycling,0.24
C-EEU-BGR,glass,2070,incineration,0
C-EEU-BGR,glass,2070,landfilling,0.7
C-EEU-BGR,glass,2070,recycling,0.06
C-EEU-BGR,glass,2070,reuse,0
C-EEU-BGR,glass,2075,downcycling,0.24
C-EEU-BGR,glass,2075,incineration,0
C-EEU-BGR,glass,2075,landfilling,0.7
C-EEU-BGR,glass,2075,recycling,0.06
C-EEU-BGR,glass,2075,reuse,0
C-EEU-BGR,glass,2080,downcycling,0.24
C-EEU-BGR,glass,2080,incineration,0
C-EEU-BGR,glass,2080,landfilling,0.7
C-EEU-BGR,glass,2080,recycling,0.06
C-EEU-BGR,glass,2080,reuse,0
C-EEU-BGR,glass,2085,downcycling,0.24
C-EEU-BGR,glass,2085,incineration,0
C-EEU-BGR,glass,2085,landfilling,0.7
C-EEU-BGR,glass,2085,recycling,0.06
C-EEU-BGR,glass,2085,reuse,0
C-EEU-BGR,glass,2090,downcycling,0.24
C-EEU-BGR,glass,2090,incineration,0
C-EEU-BGR,glass,2090,landfilling,0.7
C-EEU-BGR,glass,2090,recycling,0.06
C-EEU-BGR,glass,2090,reuse,0
C-EEU-BGR,glass,2095,downcycling,0.24
C-EEU-BGR,glass,2095,incineration,0
C-EEU-BGR,glass,2095,landfilling,0.7
C-EEU-BGR,glass,2095,recycling,0.06
C-EEU-BGR,glass,2095,reuse,0
C-EEU-BGR,glass,2100,downcycling,0.24
C-EEU-BGR,glass,2100,incineration,0
C-EEU-BGR,glass,2100,landfilling,0.7
C-EEU-BGR,glass,2100,recycling,0.06
C-EEU-BGR,glass,2100,reuse,0
C-EEU-BGR,steel,2015,downcycling,0
C-EEU-BGR,steel,2015,incineration,0
C-EEU-BGR,steel,2015,landfilling,0.00114069618597993
C-EEU-BGR,steel,2015,recycling,0.99885930381402
C-EEU-BGR,steel,2015,reuse,0
C-EEU-BGR,steel,2020,downcycling,0
C-EEU-BGR,steel,2020,incineration,0
C-EEU-BGR,steel,2020,landfilling,0.00114069618597993
C-EEU-BGR,steel,2020,recycling,0.99885930381402
C-EEU-BGR,steel,2020,reuse,0
C-EEU-BGR,steel,2025,downcycling,0
C-EEU-BGR,steel,2025,incineration,0
C-EEU-BGR,steel,2025,landfilling,0.00114069618597993
C-EEU-BGR,steel,2025,recycling,0.99885930381402
C-EEU-BGR,steel,2025,reuse,0
C-EEU-BGR,steel,2030,downcycling,0
C-EEU-BGR,steel,2030,incineration,0
C-EEU-BGR,steel,2030,landfilling,0.00114069618597993
C-EEU-BGR,steel,2030,recycling,0.99885930381402
C-EEU-BGR,steel,2030,reuse,0
C-EEU-BGR,steel,2035,downcycling,0
C-EEU-BGR,steel,2035,incineration,0
C-EEU-BGR,steel,2035,landfilling,0.00114069618597993
C-EEU-BGR,steel,2035,recycling,0.99885930381402
C-EEU-BGR,steel,2035,reuse,0
C-EEU-BGR,steel,2040,downcycling,0
C-EEU-BGR,steel,2040,incineration,0
C-EEU-BGR,steel,2040,landfilling,0.00114069618597993
C-EEU-BGR,steel,2040,recycling,0.99885930381402
C-EEU-BGR,steel,2040,reuse,0
C-EEU-BGR,steel,2045,downcycling,0
C-EEU-BGR,steel,2045,incineration,0
C-EEU-BGR,steel,2045,landfilling,0.00114069618597993
C-EEU-BGR,steel,2045,recycling,0.99885930381402
C-EEU-BGR,steel,2045,reuse,0
C-EEU-BGR,steel,2050,downcycling,0
C-EEU-BGR,steel,2050,incineration,0
C-EEU-BGR,steel,2050,landfilling,0.00114069618597993
C-EEU-BGR,steel,2050,recycling,0.99885930381402
C-EEU-BGR,steel,2050,reuse,0
C-EEU-BGR,steel,2055,downcycling,0
C-EEU-BGR,steel,2055,incineration,0
C-EEU-BGR,steel,2055,landfilling,0.00114069618597993
C-EEU-BGR,steel,2055,recycling,0.99885930381402
C-EEU-BGR,steel,2055,reuse,0
C-EEU-BGR,steel,2060,downcycling,0
C-EEU-BGR,steel,2060,incineration,0
C-EEU-BGR,steel,2060,landfilling,0.00114069618597993
C-EEU-BGR,steel,2060,recycling,0.99885930381402
C-EEU-BGR,steel,2060,reuse,0
C-EEU-BGR,steel,2065,downcycling,0
C-EEU-BGR,steel,2065,incineration,0
C-EEU-BGR,steel,2065,landfilling,0.00114069618597993
C-EEU-BGR,steel,2065,recycling,0.99885930381402
C-EEU-BGR,steel,2065,reuse,0
C-EEU-BGR,steel,2070,downcycling,0
C-EEU-BGR,steel,2070,incineration,0
C-EEU-BGR,steel,2070,landfilling,0.00114069618597993
C-EEU-BGR,steel,2070,recycling,0.99885930381402
C-EEU-BGR,steel,2070,reuse,0
C-EEU-BGR,steel,2075,downcycling,0
C-EEU-BGR,steel,2075,incineration,0
C-EEU-BGR,steel,2075,landfilling,0.00114069618597993
C-EEU-BGR,steel,2075,recycling,0.99885930381402
C-EEU-BGR,steel,2075,reuse,0
C-EEU-BGR,steel,2080,downcycling,0
C-EEU-BGR,steel,2080,incineration,0
C-EEU-BGR,steel,2080,landfilling,0.00114069618597993
C-EEU-BGR,steel,2080,recycling,0.99885930381402
C-EEU-BGR,steel,2080,reuse,0
C-EEU-BGR,steel,2085,downcycling,0
C-EEU-BGR,steel,2085,incineration,0
C-EEU-BGR,steel,2085,landfilling,0.00114069618597993
C-EEU-BGR,steel,2085,recycling,0.99885930381402
C-EEU-BGR,steel,2085,reuse,0
C-EEU-BGR,steel,2090,downcycling,0
C-EEU-BGR,steel,2090,incineration,0
C-EEU-BGR,steel,2090,landfilling,0.00114069618597993
C-EEU-BGR,steel,2090,recycling,0.99885930381402
C-EEU-BGR,steel,2090,reuse,0
C-EEU-BGR,steel,2095,downcycling,0
C-EEU-BGR,steel,2095,incineration,0
C-EEU-BGR,steel,2095,landfilling,0.00114069618597993
C-EEU-BGR,steel,2095,recycling,0.99885930381402
C-EEU-BGR,steel,2095,reuse,0
C-EEU-BGR,steel,2100,downcycling,0
C-EEU-BGR,steel,2100,incineration,0
C-EEU-BGR,steel,2100,landfilling,0.00114069618597993
C-EEU-BGR,steel,2100,recycling,0.99885930381402
C-EEU-BGR,steel,2100,reuse,0
C-EEU-BGR,wood,2015,downcycling,0
C-EEU-BGR,wood,2015,incineration,0.64
C-EEU-BGR,wood,2015,landfilling,0.06
C-EEU-BGR,wood,2015,recycling,0.3
C-EEU-BGR,wood,2015,reuse,0
C-EEU-BGR,wood,2020,downcycling,0
C-EEU-BGR,wood,2020,incineration,0.64
C-EEU-BGR,wood,2020,landfilling,0.06
C-EEU-BGR,wood,2020,recycling,0.3
C-EEU-BGR,wood,2020,reuse,0
C-EEU-BGR,wood,2025,downcycling,0
C-EEU-BGR,wood,2025,incineration,0.64
C-EEU-BGR,wood,2025,landfilling,0.06
C-EEU-BGR,wood,2025,recycling,0.3
C-EEU-BGR,wood,2025,reuse,0
C-EEU-BGR,wood,2030,downcycling,0
C-EEU-BGR,wood,2030,incineration,0.64
C-EEU-BGR,wood,2030,landfilling,0.06
C-EEU-BGR,wood,2030,recycling,0.3
C-EEU-BGR,wood,2030,reuse,0
C-EEU-BGR,wood,2035,downcycling,0
C-EEU-BGR,wood,2035,incineration,0.64
C-EEU-BGR,wood,2035,landfilling,0.06
C-EEU-BGR,wood,2035,recycling,0.3
C-EEU-BGR,wood,2035,reuse,0
C-EEU-BGR,wood,2040,downcycling,0
C-EEU-BGR,wood,2040,incineration,0.64
C-EEU-BGR,wood,2040,landfilling,0.06
C-EEU-BGR,wood,2040,recycling,0.3
C-EEU-BGR,wood,2040,reuse,0
C-EEU-BGR,wood,2045,downcycling,0
C-EEU-BGR,wood,2045,incineration,0.64
C-EEU-BGR,wood,2045,landfilling,0.06
C-EEU-BGR,wood,2045,recycling,0.3
C-EEU-BGR,wood,2045,reuse,0
C-EEU-BGR,wood,2050,downcycling,0
C-EEU-BGR,wood,2050,incineration,0.64
C-EEU-BGR,wood,2050,landfilling,0.06
C-EEU-BGR,wood,2050,recycling,0.3
C-EEU-BGR,wood,2050,reuse,0
C-EEU-BGR,wood,2055,downcycling,0
C-EEU-BGR,wood,2055,incineration,0.64
C-EEU-BGR,wood,2055,landfilling,0.06
C-EEU-BGR,wood,2055,recycling,0.3
C-EEU-BGR,wood,2055,reuse,0
C-EEU-BGR,wood,2060,downcycling,0
C-EEU-BGR,wood,2060,incineration,0.64
C-EEU-BGR,wood,2060,landfilling,0.06
C-EEU-BGR,wood,2060,recycling,0.3
C-EEU-BGR,wood,2060,reuse,0
C-EEU-BGR,wood,2065,downcycling,0
C-EEU-BGR,wood,2065,incineration,0.64
C-EEU-BGR,wood,2065,landfilling,0.06
C-EEU-BGR,wood,2065,recycling,0.3
C-EEU-BGR,wood,2065,reuse,0
C-EEU-BGR,wood,2070,downcycling,0
C-EEU-BGR,wood,2070,incineration,0.64
C-EEU-BGR,wood,2070,landfilling,0.06
C-EEU-BGR,wood,2070,recycling,0.3
C-EEU-BGR,wood,2070,reuse,0
C-EEU-BGR,wood,2075,downcycling,0
C-EEU-BGR,wood,2075,incineration,0.64
C-EEU-BGR,wood,2075,landfilling,0.06
C-EEU-BGR,wood,2075,recycling,0.3
C-EEU-BGR,wood,2075,reuse,0
C-EEU-BGR,wood,2080,downcycling,0
C-EEU-BGR,wood,2080,incineration,0.64
C-EEU-BGR,wood,2080,landfilling,0.06
C-EEU-BGR,wood,2080,recycling,0.3
C-EEU-BGR,wood,2080,reuse,0
C-EEU-BGR,wood,2085,downcycling,0
C-EEU-BGR,wood,2085,incineration,0.64
C-EEU-BGR,wood,2085,landfilling,0.06
C-EEU-BGR,wood,2085,recycling,0.3
C-EEU-BGR,wood,2085,reuse,0
C-EEU-BGR,wood,2090,downcycling,0
C-EEU-BGR,wood,2090,incineration,0.64
C-EEU-BGR,wood,2090,landfilling,0.06
C-EEU-BGR,wood,2090,recycling,0.3
C-EEU-BGR,wood,2090,reuse,0
C-EEU-BGR,wood,2095,downcycling,0
C-EEU-BGR,wood,2095,incineration,0.64
C-EEU-BGR,wood,2095,landfilling,0.06
C-EEU-BGR,wood,2095,recycling,0.3
C-EEU-BGR,wood,2095,reuse,0
C-EEU-BGR,wood,2100,downcycling,0
C-EEU-BGR,wood,2100,incineration,0.64
C-EEU-BGR,wood,2100,landfilling,0.06
C-EEU-BGR,wood,2100,recycling,0.3
C-EEU-BGR,wood,2100,reuse,0
C-EEU-CZE,aluminum,2015,downcycling,0
C-EEU-CZE,aluminum,2015,incineration,0
C-EEU-CZE,aluminum,2015,landfilling,1.959381564497829e-4
C-EEU-CZE,aluminum,2015,recycling,0.9998040618435502
C-EEU-CZE,aluminum,2015,reuse,0
C-EEU-CZE,aluminum,2020,downcycling,0
C-EEU-CZE,aluminum,2020,incineration,0
C-EEU-CZE,aluminum,2020,landfilling,1.959381564497829e-4
C-EEU-CZE,aluminum,2020,recycling,0.9998040618435502
C-EEU-CZE,aluminum,2020,reuse,0
C-EEU-CZE,aluminum,2025,downcycling,0
C-EEU-CZE,aluminum,2025,incineration,0
C-EEU-CZE,aluminum,2025,landfilling,1.959381564497829e-4
C-EEU-CZE,aluminum,2025,recycling,0.9998040618435502
C-EEU-CZE,aluminum,2025,reuse,0
C-EEU-CZE,aluminum,2030,downcycling,0
C-EEU-CZE,aluminum,2030,incineration,0
C-EEU-CZE,aluminum,2030,landfilling,1.959381564497829e-4
C-EEU-CZE,aluminum,2030,recycling,0.9998040618435502
C-EEU-CZE,aluminum,2030,reuse,0
C-EEU-CZE,aluminum,2035,downcycling,0
C-EEU-CZE,aluminum,2035,incineration,0
C-EEU-CZE,aluminum,2035,landfilling,1.959381564497829e-4
C-EEU-CZE,aluminum,2035,recycling,0.9998040618435502
C-EEU-CZE,aluminum,2035,reuse,0
C-EEU-CZE,aluminum,2040,downcycling,0
C-EEU-CZE,aluminum,2040,incineration,0
C-EEU-CZE,aluminum,2040,landfilling,1.959381564497829e-4
C-EEU-CZE,aluminum,2040,recycling,0.9998040618435502
C-EEU-CZE,aluminum,2040,reuse,0
C-EEU-CZE,aluminum,2045,downcycling,0
C-EEU-CZE,aluminum,2045,incineration,0
C-EEU-CZE,aluminum,2045,landfilling,1.959381564497829e-4
C-EEU-CZE,aluminum,2045,recycling,0.9998040618435502
C-EEU-CZE,aluminum,2045,reuse,0
C-EEU-CZE,aluminum,2050,downcycling,0
C-EEU-CZE,aluminum,2050,incineration,0
C-EEU-CZE,aluminum,2050,landfilling,1.959381564497829e-4
C-EEU-CZE,aluminum,2050,recycling,0.9998040618435502
C-EEU-CZE,aluminum,2050,reuse,0
C-EEU-CZE,aluminum,2055,downcycling,0
C-EEU-CZE,aluminum,2055,incineration,0
C-EEU-CZE,aluminum,2055,landfilling,1.959381564497829e-4
C-EEU-CZE,aluminum,2055,recycling,0.9998040618435502
C-EEU-CZE,aluminum,2055,reuse,0
C-EEU-CZE,aluminum,2060,downcycling,0
C-EEU-CZE,aluminum,2060,incineration,0
C-EEU-CZE,aluminum,2060,landfilling,1.959381564497829e-4
C-EEU-CZE,aluminum,2060,recycling,0.9998040618435502
C-EEU-CZE,aluminum,2060,reuse,0
C-EEU-CZE,aluminum,2065,downcycling,0
C-EEU-CZE,aluminum,2065,incineration,0
C-EEU-CZE,aluminum,2065,landfilling,1.959381564497829e-4
C-EEU-CZE,aluminum,2065,recycling,0.9998040618435502
C-EEU-CZE,aluminum,2065,reuse,0
C-EEU-CZE,aluminum,2070,downcycling,0
C-EEU-CZE,aluminum,2070,incineration,0
C-EEU-CZE,aluminum,2070,landfilling,1.959381564497829e-4
C-EEU-CZE,aluminum,2070,recycling,0.9998040618435502
C-EEU-CZE,aluminum,2070,reuse,0
C-EEU-CZE,aluminum,2075,downcycling,0
C-EEU-CZE,aluminum,2075,incineration,0
C-EEU-CZE,aluminum,2075,landfilling,1.959381564497829e-4
C-EEU-CZE,aluminum,2075,recycling,0.9998040618435502
C-EEU-CZE,aluminum,2075,reuse,0
C-EEU-CZE,aluminum,2080,downcycling,0
C-EEU-CZE,aluminum,2080,incineration,0
C-EEU-CZE,aluminum,2080,landfilling,1.959381564497829e-4
C-EEU-CZE,aluminum,2080,recycling,0.9998040618435502
C-EEU-CZE,aluminum,2080,reuse,0
C-EEU-CZE,aluminum,2085,downcycling,0
C-EEU-CZE,aluminum,2085,incineration,0
C-EEU-CZE,aluminum,2085,landfilling,1.959381564497829e-4
C-EEU-CZE,aluminum,2085,recycling,0.9998040618435502
C-EEU-CZE,aluminum,2085,reuse,0
C-EEU-CZE,aluminum,2090,downcycling,0
C-EEU-CZE,aluminum,2090,incineration,0
C-EEU-CZE,aluminum,2090,landfilling,1.959381564497829e-4
C-EEU-CZE,aluminum,2090,recycling,0.9998040618435502
C-EEU-CZE,aluminum,2090,reuse,0
C-EEU-CZE,aluminum,2095,downcycling,0
C-EEU-CZE,aluminum,2095,incineration,0
C-EEU-CZE,aluminum,2095,landfilling,1.959381564497829e-4
C-EEU-CZE,aluminum,2095,recycling,0.9998040618435502
C-EEU-CZE,aluminum,2095,reuse,0
C-EEU-CZE,aluminum,2100,downcycling,0
C-EEU-CZE,aluminum,2100,incineration,0
C-EEU-CZE,aluminum,2100,landfilling,1.959381564497829e-4
C-EEU-CZE,aluminum,2100,recycling,0.9998040618435502
C-EEU-CZE,aluminum,2100,reuse,0
C-EEU-CZE,brick,2015,downcycling,0.18159391443968337
C-EEU-CZE,brick,2015,incineration,0
C-EEU-CZE,brick,2015,landfilling,0.09496227638297242
C-EEU-CZE,brick,2015,recycling,0.7234438091773443
C-EEU-CZE,brick,2015,reuse,0
C-EEU-CZE,brick,2020,downcycling,0.18159391443968337
C-EEU-CZE,brick,2020,incineration,0
C-EEU-CZE,brick,2020,landfilling,0.09496227638297242
C-EEU-CZE,brick,2020,recycling,0.7234438091773443
C-EEU-CZE,brick,2020,reuse,0
C-EEU-CZE,brick,2025,downcycling,0.18159391443968337
C-EEU-CZE,brick,2025,incineration,0
C-EEU-CZE,brick,2025,landfilling,0.09496227638297242
C-EEU-CZE,brick,2025,recycling,0.7234438091773443
C-EEU-CZE,brick,2025,reuse,0
C-EEU-CZE,brick,2030,downcycling,0.18159391443968337
C-EEU-CZE,brick,2030,incineration,0
C-EEU-CZE,brick,2030,landfilling,0.09496227638297242
C-EEU-CZE,brick,2030,recycling,0.7234438091773443
C-EEU-CZE,brick,2030,reuse,0
C-EEU-CZE,brick,2035,downcycling,0.18159391443968337
C-EEU-CZE,brick,2035,incineration,0
C-EEU-CZE,brick,2035,landfilling,0.09496227638297242
C-EEU-CZE,brick,2035,recycling,0.7234438091773443
C-EEU-CZE,brick,2035,reuse,0
C-EEU-CZE,brick,2040,downcycling,0.18159391443968337
C-EEU-CZE,brick,2040,incineration,0
C-EEU-CZE,brick,2040,landfilling,0.09496227638297242
C-EEU-CZE,brick,2040,recycling,0.7234438091773443
C-EEU-CZE,brick,2040,reuse,0
C-EEU-CZE,brick,2045,downcycling,0.18159391443968337
C-EEU-CZE,brick,2045,incineration,0
C-EEU-CZE,brick,2045,landfilling,0.09496227638297242
C-EEU-CZE,brick,2045,recycling,0.7234438091773443
C-EEU-CZE,brick,2045,reuse,0
C-EEU-CZE,brick,2050,downcycling,0.18159391443968337
C-EEU-CZE,brick,2050,incineration,0
C-EEU-CZE,brick,2050,landfilling,0.09496227638297242
C-EEU-CZE,brick,2050,recycling,0.7234438091773443
C-EEU-CZE,brick,2050,reuse,0
C-EEU-CZE,brick,2055,downcycling,0.18159391443968337
C-EEU-CZE,brick,2055,incineration,0
C-EEU-CZE,brick,2055,landfilling,0.09496227638297242
C-EEU-CZE,brick,2055,recycling,0.7234438091773443
C-EEU-CZE,brick,2055,reuse,0
C-EEU-CZE,brick,2060,downcycling,0.18159391443968337
C-EEU-CZE,brick,2060,incineration,0
C-EEU-CZE,brick,2060,landfilling,0.09496227638297242
C-EEU-CZE,brick,2060,recycling,0.7234438091773443
C-EEU-CZE,brick,2060,reuse,0
C-EEU-CZE,brick,2065,downcycling,0.18159391443968337
C-EEU-CZE,brick,2065,incineration,0
C-EEU-CZE,brick,2065,landfilling,0.09496227638297242
C-EEU-CZE,brick,2065,recycling,0.7234438091773443
C-EEU-CZE,brick,2065,reuse,0
C-EEU-CZE,brick,2070,downcycling,0.18159391443968337
C-EEU-CZE,brick,2070,incineration,0
C-EEU-CZE,brick,2070,landfilling,0.09496227638297242
C-EEU-CZE,brick,2070,recycling,0.7234438091773443
C-EEU-CZE,brick,2070,reuse,0
C-EEU-CZE,brick,2075,downcycling,0.18159391443968337
C-EEU-CZE,brick,2075,incineration,0
C-EEU-CZE,brick,2075,landfilling,0.09496227638297242
C-EEU-CZE,brick,2075,recycling,0.7234438091773443
C-EEU-CZE,brick,2075,reuse,0
C-EEU-CZE,brick,2080,downcycling,0.18159391443968337
C-EEU-CZE,brick,2080,incineration,0
C-EEU-CZE,brick,2080,landfilling,0.09496227638297242
C-EEU-CZE,brick,2080,recycling,0.7234438091773443
C-EEU-CZE,brick,2080,reuse,0
C-EEU-CZE,brick,2085,downcycling,0.18159391443968337
C-EEU-CZE,brick,2085,incineration,0
C-EEU-CZE,brick,2085,landfilling,0.09496227638297242
C-EEU-CZE,brick,2085,recycling,0.7234438091773443
C-EEU-CZE,brick,2085,reuse,0
C-EEU-CZE,brick,2090,downcycling,0.18159391443968337
C-EEU-CZE,brick,2090,incineration,0
C-EEU-CZE,brick,2090,landfilling,0.09496227638297242
C-EEU-CZE,brick,2090,recycling,0.7234438091773443
C-EEU-CZE,brick,2090,reuse,0
C-EEU-CZE,brick,2095,downcycling,0.18159391443968337
C-EEU-CZE,brick,2095,incineration,0
C-EEU-CZE,brick,2095,landfilling,0.09496227638297242
C-EEU-CZE,brick,2095,recycling,0.7234438091773443
C-EEU-CZE,brick,2095,reuse,0
C-EEU-CZE,brick,2100,downcycling,0.18159391443968337
C-EEU-CZE,brick,2100,incineration,0
C-EEU-CZE,brick,2100,landfilling,0.09496227638297242
C-EEU-CZE,brick,2100,recycling,0.7234438091773443
C-EEU-CZE,brick,2100,reuse,0
C-EEU-CZE,concrete,2015,downcycling,0.18159391443968337
C-EEU-CZE,concrete,2015,incineration,0
C-EEU-CZE,concrete,2015,landfilling,0.09496227638297242
C-EEU-CZE,concrete,2015,recycling,0.7234438091773443
C-EEU-CZE,concrete,2015,reuse,0
C-EEU-CZE,concrete,2020,downcycling,0.18159391443968337
C-EEU-CZE,concrete,2020,incineration,0
C-EEU-CZE,concrete,2020,landfilling,0.09496227638297242
C-EEU-CZE,concrete,2020,recycling,0.7234438091773443
C-EEU-CZE,concrete,2020,reuse,0
C-EEU-CZE,concrete,2025,downcycling,0.18159391443968337
C-EEU-CZE,concrete,2025,incineration,0
C-EEU-CZE,concrete,2025,landfilling,0.09496227638297242
C-EEU-CZE,concrete,2025,recycling,0.7234438091773443
C-EEU-CZE,concrete,2025,reuse,0
C-EEU-CZE,concrete,2030,downcycling,0.18159391443968337
C-EEU-CZE,concrete,2030,incineration,0
C-EEU-CZE,concrete,2030,landfilling,0.09496227638297242
C-EEU-CZE,concrete,2030,recycling,0.7234438091773443
C-EEU-CZE,concrete,2030,reuse,0
C-EEU-CZE,concrete,2035,downcycling,0.18159391443968337
C-EEU-CZE,concrete,2035,incineration,0
C-EEU-CZE,concrete,2035,landfilling,0.09496227638297242
C-EEU-CZE,concrete,2035,recycling,0.7234438091773443
C-EEU-CZE,concrete,2035,reuse,0
C-EEU-CZE,concrete,2040,downcycling,0.18159391443968337
C-EEU-CZE,concrete,2040,incineration,0
C-EEU-CZE,concrete,2040,landfilling,0.09496227638297242
C-EEU-CZE,concrete,2040,recycling,0.7234438091773443
C-EEU-CZE,concrete,2040,reuse,0
C-EEU-CZE,concrete,2045,downcycling,0.18159391443968337
C-EEU-CZE,concrete,2045,incineration,0
C-EEU-CZE,concrete,2045,landfilling,0.09496227638297242
C-EEU-CZE,concrete,2045,recycling,0.7234438091773443
C-EEU-CZE,concrete,2045,reuse,0
C-EEU-CZE,concrete,2050,downcycling,0.18159391443968337
C-EEU-CZE,concrete,2050,incineration,0
C-EEU-CZE,concrete,2050,landfilling,0.09496227638297242
C-EEU-CZE,concrete,2050,recycling,0.7234438091773443
C-EEU-CZE,concrete,2050,reuse,0
C-EEU-CZE,concrete,2055,downcycling,0.18159391443968337
C-EEU-CZE,concrete,2055,incineration,0
C-EEU-CZE,concrete,2055,landfilling,0.09496227638297242
C-EEU-CZE,concrete,2055,recycling,0.7234438091773443
C-EEU-CZE,concrete,2055,reuse,0
C-EEU-CZE,concrete,2060,downcycling,0.18159391443968337
C-EEU-CZE,concrete,2060,incineration,0
C-EEU-CZE,concrete,2060,landfilling,0.09496227638297242
C-EEU-CZE,concrete,2060,recycling,0.7234438091773443
C-EEU-CZE,concrete,2060,reuse,0
C-EEU-CZE,concrete,2065,downcycling,0.18159391443968337
C-EEU-CZE,concrete,2065,incineration,0
C-EEU-CZE,concrete,2065,landfilling,0.09496227638297242
C-EEU-CZE,concrete,2065,recycling,0.7234438091773443
C-EEU-CZE,concrete,2065,reuse,0
C-EEU-CZE,concrete,2070,downcycling,0.18159391443968337
C-EEU-CZE,concrete,2070,incineration,0
C-EEU-CZE,concrete,2070,landfilling,0.09496227638297242
C-EEU-CZE,concrete,2070,recycling,0.7234438091773443
C-EEU-CZE,concrete,2070,reuse,0
C-EEU-CZE,concrete,2075,downcycling,0.18159391443968337
C-EEU-CZE,concrete,2075,incineration,0
C-EEU-CZE,concrete,2075,landfilling,0.09496227638297242
C-EEU-CZE,concrete,2075,recycling,0.7234438091773443
C-EEU-CZE,concrete,2075,reuse,0
C-EEU-CZE,concrete,2080,downcycling,0.18159391443968337
C-EEU-CZE,concrete,2080,incineration,0
C-EEU-CZE,concrete,2080,landfilling,0.09496227638297242
C-EEU-CZE,concrete,2080,recycling,0.7234438091773443
C-EEU-CZE,concrete,2080,reuse,0
C-EEU-CZE,concrete,2085,downcycling,0.18159391443968337
C-EEU-CZE,concrete,2085,incineration,0
C-EEU-CZE,concrete,2085,landfilling,0.09496227638297242
C-EEU-CZE,concrete,2085,recycling,0.7234438091773443
C-EEU-CZE,concrete,2085,reuse,0
C-EEU-CZE,concrete,2090,downcycling,0.18159391443968337
C-EEU-CZE,concrete,2090,incineration,0
C-EEU-CZE,concrete,2090,landfilling,0.09496227638297242
C-EEU-CZE,concrete,2090,recycling,0.7234438091773443
C-EEU-CZE,concrete,2090,reuse,0
C-EEU-CZE,concrete,2095,downcycling,0.18159391443968337
C-EEU-CZE,concrete,2095,incineration,0
C-EEU-CZE,concrete,2095,landfilling,0.09496227638297242
C-EEU-CZE,concrete,2095,recycling,0.7234438091773443
C-EEU-CZE,concrete,2095,reuse,0
C-EEU-CZE,concrete,2100,downcycling,0.18159391443968337
C-EEU-CZE,concrete,2100,incineration,0
C-EEU-CZE,concrete,2100,landfilling,0.09496227638297242
C-EEU-CZE,concrete,2100,recycling,0.7234438091773443
C-EEU-CZE,concrete,2100,reuse,0
C-EEU-CZE,copper,2015,downcycling,0
C-EEU-CZE,copper,2015,incineration,0
C-EEU-CZE,copper,2015,landfilling,1.959381564497829e-4
C-EEU-CZE,copper,2015,recycling,0.9998040618435502
C-EEU-CZE,copper,2015,reuse,0
C-EEU-CZE,copper,2020,downcycling,0
C-EEU-CZE,copper,2020,incineration,0
C-EEU-CZE,copper,2020,landfilling,1.959381564497829e-4
C-EEU-CZE,copper,2020,recycling,0.9998040618435502
C-EEU-CZE,copper,2020,reuse,0
C-EEU-CZE,copper,2025,downcycling,0
C-EEU-CZE,copper,2025,incineration,0
C-EEU-CZE,copper,2025,landfilling,1.959381564497829e-4
C-EEU-CZE,copper,2025,recycling,0.9998040618435502
C-EEU-CZE,copper,2025,reuse,0
C-EEU-CZE,copper,2030,downcycling,0
C-EEU-CZE,copper,2030,incineration,0
C-EEU-CZE,copper,2030,landfilling,1.959381564497829e-4
C-EEU-CZE,copper,2030,recycling,0.9998040618435502
C-EEU-CZE,copper,2030,reuse,0
C-EEU-CZE,copper,2035,downcycling,0
C-EEU-CZE,copper,2035,incineration,0
C-EEU-CZE,copper,2035,landfilling,1.959381564497829e-4
C-EEU-CZE,copper,2035,recycling,0.9998040618435502
C-EEU-CZE,copper,2035,reuse,0
C-EEU-CZE,copper,2040,downcycling,0
C-EEU-CZE,copper,2040,incineration,0
C-EEU-CZE,copper,2040,landfilling,1.959381564497829e-4
C-EEU-CZE,copper,2040,recycling,0.9998040618435502
C-EEU-CZE,copper,2040,reuse,0
C-EEU-CZE,copper,2045,downcycling,0
C-EEU-CZE,copper,2045,incineration,0
C-EEU-CZE,copper,2045,landfilling,1.959381564497829e-4
C-EEU-CZE,copper,2045,recycling,0.9998040618435502
C-EEU-CZE,copper,2045,reuse,0
C-EEU-CZE,copper,2050,downcycling,0
C-EEU-CZE,copper,2050,incineration,0
C-EEU-CZE,copper,2050,landfilling,1.959381564497829e-4
C-EEU-CZE,copper,2050,recycling,0.9998040618435502
C-EEU-CZE,copper,2050,reuse,0
C-EEU-CZE,copper,2055,downcycling,0
C-EEU-CZE,copper,2055,incineration,0
C-EEU-CZE,copper,2055,landfilling,1.959381564497829e-4
C-EEU-CZE,copper,2055,recycling,0.9998040618435502
C-EEU-CZE,copper,2055,reuse,0
C-EEU-CZE,copper,2060,downcycling,0
C-EEU-CZE,copper,2060,incineration,0
C-EEU-CZE,copper,2060,landfilling,1.959381564497829e-4
C-EEU-CZE,copper,2060,recycling,0.9998040618435502
C-EEU-CZE,copper,2060,reuse,0
C-EEU-CZE,copper,2065,downcycling,0
C-EEU-CZE,copper,2065,incineration,0
C-EEU-CZE,copper,2065,landfilling,1.959381564497829e-4
C-EEU-CZE,copper,2065,recycling,0.9998040618435502
C-EEU-CZE,copper,2065,reuse,0
C-EEU-CZE,copper,2070,downcycling,0
C-EEU-CZE,copper,2070,incineration,0
C-EEU-CZE,copper,2070,landfilling,1.959381564497829e-4
C-EEU-CZE,copper,2070,recycling,0.9998040618435502
C-EEU-CZE,copper,2070,reuse,0
C-EEU-CZE,copper,2075,downcycling,0
C-EEU-CZE,copper,2075,incineration,0
C-EEU-CZE,copper,2075,landfilling,1.959381564497829e-4
C-EEU-CZE,copper,2075,recycling,0.9998040618435502
C-EEU-CZE,copper,2075,reuse,0
C-EEU-CZE,copper,2080,downcycling,0
C-EEU-CZE,copper,2080,incineration,0
C-EEU-CZE,copper,2080,landfilling,1.959381564497829e-4
C-EEU-CZE,copper,2080,recycling,0.9998040618435502
C-EEU-CZE,copper,2080,reuse,0
C-EEU-CZE,copper,2085,downcycling,0
C-EEU-CZE,copper,2085,incineration,0
C-EEU-CZE,copper,2085,landfilling,1.959381564497829e-4
C-EEU-CZE,copper,2085,recycling,0.9998040618435502
C-EEU-CZE,copper,2085,reuse,0
C-EEU-CZE,copper,2090,downcycling,0
C-EEU-CZE,copper,2090,incineration,0
C-EEU-CZE,copper,2090,landfilling,1.959381564497829e-4
C-EEU-CZE,copper,2090,recycling,0.9998040618435502
C-EEU-CZE,copper,2090,reuse,0
C-EEU-CZE,copper,2095,downcycling,0
C-EEU-CZE,copper,2095,incineration,0
C-EEU-CZE,copper,2095,landfilling,1.959381564497829e-4
C-EEU-CZE,copper,2095,recycling,0.9998040618435502
C-EEU-CZE,copper,2095,reuse,0
C-EEU-CZE,copper,2100,downcycling,0
C-EEU-CZE,copper,2100,incineration,0
C-EEU-CZE,copper,2100,landfilling,1.959381564497829e-4
C-EEU-CZE,copper,2100,recycling,0.9998040618435502
C-EEU-CZE,copper,2100,reuse,0
C-EEU-CZE,glass,2015,downcycling,0.24
C-EEU-CZE,glass,2015,incineration,0
C-EEU-CZE,glass,2015,landfilling,0.7
C-EEU-CZE,glass,2015,recycling,0.06
C-EEU-CZE,glass,2015,reuse,0
C-EEU-CZE,glass,2020,downcycling,0.24
C-EEU-CZE,glass,2020,incineration,0
C-EEU-CZE,glass,2020,landfilling,0.7
C-EEU-CZE,glass,2020,recycling,0.06
C-EEU-CZE,glass,2020,reuse,0
C-EEU-CZE,glass,2025,downcycling,0.24
C-EEU-CZE,glass,2025,incineration,0
C-EEU-CZE,glass,2025,landfilling,0.7
C-EEU-CZE,glass,2025,recycling,0.06
C-EEU-CZE,glass,2025,reuse,0
C-EEU-CZE,glass,2030,downcycling,0.24
C-EEU-CZE,glass,2030,incineration,0
C-EEU-CZE,glass,2030,landfilling,0.7
C-EEU-CZE,glass,2030,recycling,0.06
C-EEU-CZE,glass,2030,reuse,0
C-EEU-CZE,glass,2035,downcycling,0.24
C-EEU-CZE,glass,2035,incineration,0
C-EEU-CZE,glass,2035,landfilling,0.7
C-EEU-CZE,glass,2035,recycling,0.06
C-EEU-CZE,glass,2035,reuse,0
C-EEU-CZE,glass,2040,downcycling,0.24
C-EEU-CZE,glass,2040,incineration,0
C-EEU-CZE,glass,2040,landfilling,0.7
C-EEU-CZE,glass,2040,recycling,0.06
C-EEU-CZE,glass,2040,reuse,0
C-EEU-CZE,glass,2045,downcycling,0.24
C-EEU-CZE,glass,2045,incineration,0
C-EEU-CZE,glass,2045,landfilling,0.7
C-EEU-CZE,glass,2045,recycling,0.06
C-EEU-CZE,glass,2045,reuse,0
C-EEU-CZE,glass,2050,downcycling,0.24
C-EEU-CZE,glass,2050,incineration,0
C-EEU-CZE,glass,2050,landfilling,0.7
C-EEU-CZE,glass,2050,recycling,0.06
C-EEU-CZE,glass,2050,reuse,0
C-EEU-CZE,glass,2055,downcycling,0.24
C-EEU-CZE,glass,2055,incineration,0
C-EEU-CZE,glass,2055,landfilling,0.7
C-EEU-CZE,glass,2055,recycling,0.06
C-EEU-CZE,glass,2055,reuse,0
C-EEU-CZE,glass,2060,downcycling,0.24
C-EEU-CZE,glass,2060,incineration,0
C-EEU-CZE,glass,2060,landfilling,0.7
C-EEU-CZE,glass,2060,recycling,0.06
C-EEU-CZE,glass,2060,reuse,0
C-EEU-CZE,glass,2065,downcycling,0.24
C-EEU-CZE,glass,2065,incineration,0
C-EEU-CZE,glass,2065,landfilling,0.7
C-EEU-CZE,glass,2065,recycling,0.06
C-EEU-CZE,glass,2065,reuse,0
C-EEU-CZE,glass,2070,downcycling,0.24
C-EEU-CZE,glass,2070,incineration,0
C-EEU-CZE,glass,2070,landfilling,0.7
C-EEU-CZE,glass,2070,recycling,0.06
C-EEU-CZE,glass,2070,reuse,0
C-EEU-CZE,glass,2075,downcycling,0.24
C-EEU-CZE,glass,2075,incineration,0
C-EEU-CZE,glass,2075,landfilling,0.7
C-EEU-CZE,glass,2075,recycling,0.06
C-EEU-CZE,glass,2075,reuse,0
C-EEU-CZE,glass,2080,downcycling,0.24
C-EEU-CZE,glass,2080,incineration,0
C-EEU-CZE,glass,2080,landfilling,0.7
C-EEU-CZE,glass,2080,recycling,0.06
C-EEU-CZE,glass,2080,reuse,0
C-EEU-CZE,glass,2085,downcycling,0.24
C-EEU-CZE,glass,2085,incineration,0
C-EEU-CZE,glass,2085,landfilling,0.7
C-EEU-CZE,glass,2085,recycling,0.06
C-EEU-CZE,glass,2085,reuse,0
C-EEU-CZE,glass,2090,downcycling,0.24
C-EEU-CZE,glass,2090,incineration,0
C-EEU-CZE,glass,2090,landfilling,0.7
C-EEU-CZE,glass,2090,recycling,0.06
C-EEU-CZE,glass,2090,reuse,0
C-EEU-CZE,glass,2095,downcycling,0.24
C-EEU-CZE,glass,2095,incineration,0
C-EEU-CZE,glass,2095,landfilling,0.7
C-EEU-CZE,glass,2095,recycling,0.06
C-EEU-CZE,glass,2095,reuse,0
C-EEU-CZE,glass,2100,downcycling,0.24
C-EEU-CZE,glass,2100,incineration,0
C-EEU-CZE,glass,2100,landfilling,0.7
C-EEU-CZE,glass,2100,recycling,0.06
C-EEU-CZE,glass,2100,reuse,0
C-EEU-CZE,steel,2015,downcycling,0.00263722247328015
C-EEU-CZE,steel,2015,incineration,0
C-EEU-CZE,steel,2015,landfilling,8.897701170940148e-4
C-EEU-CZE,steel,2015,recycling,0.996473007409626
C-EEU-CZE,steel,2015,reuse,0
C-EEU-CZE,steel,2020,downcycling,0.00263722247328015
C-EEU-CZE,steel,2020,incineration,0
C-EEU-CZE,steel,2020,landfilling,8.897701170940148e-4
C-EEU-CZE,steel,2020,recycling,0.996473007409626
C-EEU-CZE,steel,2020,reuse,0
C-EEU-CZE,steel,2025,downcycling,0.00263722247328015
C-EEU-CZE,steel,2025,incineration,0
C-EEU-CZE,steel,2025,landfilling,8.897701170940148e-4
C-EEU-CZE,steel,2025,recycling,0.996473007409626
C-EEU-CZE,steel,2025,reuse,0
C-EEU-CZE,steel,2030,downcycling,0.00263722247328015
C-EEU-CZE,steel,2030,incineration,0
C-EEU-CZE,steel,2030,landfilling,8.897701170940148e-4
C-EEU-CZE,steel,2030,recycling,0.996473007409626
C-EEU-CZE,steel,2030,reuse,0
C-EEU-CZE,steel,2035,downcycling,0.00263722247328015
C-EEU-CZE,steel,2035,incineration,0
C-EEU-CZE,steel,2035,landfilling,8.897701170940148e-4
C-EEU-CZE,steel,2035,recycling,0.996473007409626
C-EEU-CZE,steel,2035,reuse,0
C-EEU-CZE,steel,2040,downcycling,0.00263722247328015
C-EEU-CZE,steel,2040,incineration,0
C-EEU-CZE,steel,2040,landfilling,8.897701170940148e-4
C-EEU-CZE,steel,2040,recycling,0.996473007409626
C-EEU-CZE,steel,2040,reuse,0
C-EEU-CZE,steel,2045,downcycling,0.00263722247328015
C-EEU-CZE,steel,2045,incineration,0
C-EEU-CZE,steel,2045,landfilling,8.897701170940148e-4
C-EEU-CZE,steel,2045,recycling,0.996473007409626
C-EEU-CZE,steel,2045,reuse,0
C-EEU-CZE,steel,2050,downcycling,0.00263722247328015
C-EEU-CZE,steel,2050,incineration,0
C-EEU-CZE,steel,2050,landfilling,8.897701170940148e-4
C-EEU-CZE,steel,2050,recycling,0.996473007409626
C-EEU-CZE,steel,2050,reuse,0
C-EEU-CZE,steel,2055,downcycling,0.00263722247328015
C-EEU-CZE,steel,2055,incineration,0
C-EEU-CZE,steel,2055,landfilling,8.897701170940148e-4
C-EEU-CZE,steel,2055,recycling,0.996473007409626
C-EEU-CZE,steel,2055,reuse,0
C-EEU-CZE,steel,2060,downcycling,0.00263722247328015
C-EEU-CZE,steel,2060,incineration,0
C-EEU-CZE,steel,2060,landfilling,8.897701170940148e-4
C-EEU-CZE,steel,2060,recycling,0.996473007409626
C-EEU-CZE,steel,2060,reuse,0
C-EEU-CZE,steel,2065,downcycling,0.00263722247328015
C-EEU-CZE,steel,2065,incineration,0
C-EEU-CZE,steel,2065,landfilling,8.897701170940148e-4
C-EEU-CZE,steel,2065,recycling,0.996473007409626
C-EEU-CZE,steel,2065,reuse,0
C-EEU-CZE,steel,2070,downcycling,0.00263722247328015
C-EEU-CZE,steel,2070,incineration,0
C-EEU-CZE,steel,2070,landfilling,8.897701170940148e-4
C-EEU-CZE,steel,2070,recycling,0.996473007409626
C-EEU-CZE,steel,2070,reuse,0
C-EEU-CZE,steel,2075,downcycling,0.00263722247328015
C-EEU-CZE,steel,2075,incineration,0
C-EEU-CZE,steel,2075,landfilling,8.897701170940148e-4
C-EEU-CZE,steel,2075,recycling,0.996473007409626
C-EEU-CZE,steel,2075,reuse,0
C-EEU-CZE,steel,2080,downcycling,0.00263722247328015
C-EEU-CZE,steel,2080,incineration,0
C-EEU-CZE,steel,2080,landfilling,8.897701170940148e-4
C-EEU-CZE,steel,2080,recycling,0.996473007409626
C-EEU-CZE,steel,2080,reuse,0
C-EEU-CZE,steel,2085,downcycling,0.00263722247328015
C-EEU-CZE,steel,2085,incineration,0
C-EEU-CZE,steel,2085,landfilling,8.897701170940148e-4
C-EEU-CZE,steel,2085,recycling,0.996473007409626
C-EEU-CZE,steel,2085,reuse,0
C-EEU-CZE,steel,2090,downcycling,0.00263722247328015
C-EEU-CZE,steel,2090,incineration,0
C-EEU-CZE,steel,2090,landfilling,8.897701170940148e-4
C-EEU-CZE,steel,2090,recycling,0.996473007409626
C-EEU-CZE,steel,2090,reuse,0
C-EEU-CZE,steel,2095,downcycling,0.00263722247328015
C-EEU-CZE,steel,2095,incineration,0
C-EEU-CZE,steel,2095,landfilling,8.897701170940148e-4
C-EEU-CZE,steel,2095,recycling,0.996473007409626
C-EEU-CZE,steel,2095,reuse,0
C-EEU-CZE,steel,2100,downcycling,0.00263722247328015
C-EEU-CZE,steel,2100,incineration,0
C-EEU-CZE,steel,2100,landfilling,8.897701170940148e-4
C-EEU-CZE,steel,2100,recycling,0.996473007409626
C-EEU-CZE,steel,2100,reuse,0
C-EEU-CZE,wood,2015,downcycling,0
C-EEU-CZE,wood,2015,incineration,0.64
C-EEU-CZE,wood,2015,landfilling,0.06
C-EEU-CZE,wood,2015,recycling,0.3
C-EEU-CZE,wood,2015,reuse,0
C-EEU-CZE,wood,2020,downcycling,0
C-EEU-CZE,wood,2020,incineration,0.64
C-EEU-CZE,wood,2020,landfilling,0.06
C-EEU-CZE,wood,2020,recycling,0.3
C-EEU-CZE,wood,2020,reuse,0
C-EEU-CZE,wood,2025,downcycling,0
C-EEU-CZE,wood,2025,incineration,0.64
C-EEU-CZE,wood,2025,landfilling,0.06
C-EEU-CZE,wood,2025,recycling,0.3
C-EEU-CZE,wood,2025,reuse,0
C-EEU-CZE,wood,2030,downcycling,0
C-EEU-CZE,wood,2030,incineration,0.64
C-EEU-CZE,wood,2030,landfilling,0.06
C-EEU-CZE,wood,2030,recycling,0.3
C-EEU-CZE,wood,2030,reuse,0
C-EEU-CZE,wood,2035,downcycling,0
C-EEU-CZE,wood,2035,incineration,0.64
C-EEU-CZE,wood,2035,landfilling,0.06
C-EEU-CZE,wood,2035,recycling,0.3
C-EEU-CZE,wood,2035,reuse,0
C-EEU-CZE,wood,2040,downcycling,0
C-EEU-CZE,wood,2040,incineration,0.64
C-EEU-CZE,wood,2040,landfilling,0.06
C-EEU-CZE,wood,2040,recycling,0.3
C-EEU-CZE,wood,2040,reuse,0
C-EEU-CZE,wood,2045,downcycling,0
C-EEU-CZE,wood,2045,incineration,0.64
C-EEU-CZE,wood,2045,landfilling,0.06
C-EEU-CZE,wood,2045,recycling,0.3
C-EEU-CZE,wood,2045,reuse,0
C-EEU-CZE,wood,2050,downcycling,0
C-EEU-CZE,wood,2050,incineration,0.64
C-EEU-CZE,wood,2050,landfilling,0.06
C-EEU-CZE,wood,2050,recycling,0.3
C-EEU-CZE,wood,2050,reuse,0
C-EEU-CZE,wood,2055,downcycling,0
C-EEU-CZE,wood,2055,incineration,0.64
C-EEU-CZE,wood,2055,landfilling,0.06
C-EEU-CZE,wood,2055,recycling,0.3
C-EEU-CZE,wood,2055,reuse,0
C-EEU-CZE,wood,2060,downcycling,0
C-EEU-CZE,wood,2060,incineration,0.64
C-EEU-CZE,wood,2060,landfilling,0.06
C-EEU-CZE,wood,2060,recycling,0.3
C-EEU-CZE,wood,2060,reuse,0
C-EEU-CZE,wood,2065,downcycling,0
C-EEU-CZE,wood,2065,incineration,0.64
C-EEU-CZE,wood,2065,landfilling,0.06
C-EEU-CZE,wood,2065,recycling,0.3
C-EEU-CZE,wood,2065,reuse,0
C-EEU-CZE,wood,2070,downcycling,0
C-EEU-CZE,wood,2070,incineration,0.64
C-EEU-CZE,wood,2070,landfilling,0.06
C-EEU-CZE,wood,2070,recycling,0.3
C-EEU-CZE,wood,2070,reuse,0
C-EEU-CZE,wood,2075,downcycling,0
C-EEU-CZE,wood,2075,incineration,0.64
C-EEU-CZE,wood,2075,landfilling,0.06
C-EEU-CZE,wood,2075,recycling,0.3
C-EEU-CZE,wood,2075,reuse,0
C-EEU-CZE,wood,2080,downcycling,0
C-EEU-CZE,wood,2080,incineration,0.64
C-EEU-CZE,wood,2080,landfilling,0.06
C-EEU-CZE,wood,2080,recycling,0.3
C-EEU-CZE,wood,2080,reuse,0
C-EEU-CZE,wood,2085,downcycling,0
C-EEU-CZE,wood,2085,incineration,0.64
C-EEU-CZE,wood,2085,landfilling,0.06
C-EEU-CZE,wood,2085,recycling,0.3
C-EEU-CZE,wood,2085,reuse,0
C-EEU-CZE,wood,2090,downcycling,0
C-EEU-CZE,wood,2090,incineration,0.64
C-EEU-CZE,wood,2090,landfilling,0.06
C-EEU-CZE,wood,2090,recycling,0.3
C-EEU-CZE,wood,2090,reuse,0
C-EEU-CZE,wood,2095,downcycling,0
C-EEU-CZE,wood,2095,incineration,0.64
C-EEU-CZE,wood,2095,landfilling,0.06
C-EEU-CZE,wood,2095,recycling,0.3
C-EEU-CZE,wood,2095,reuse,0
C-EEU-CZE,wood,2100,downcycling,0
C-EEU-CZE,wood,2100,incineration,0.64
C-EEU-CZE,wood,2100,landfilling,0.06
C-EEU-CZE,wood,2100,recycling,0.3
C-EEU-CZE,wood,2100,reuse,0
C-EEU-EST,aluminum,2015,downcycling,0
C-EEU-EST,aluminum,2015,incineration,0
C-EEU-EST,aluminum,2015,landfilling,0
C-EEU-EST,aluminum,2015,recycling,1
C-EEU-EST,aluminum,2015,reuse,0
C-EEU-EST,aluminum,2020,downcycling,0
C-EEU-EST,aluminum,2020,incineration,0
C-EEU-EST,aluminum,2020,landfilling,0
C-EEU-EST,aluminum,2020,recycling,1
C-EEU-EST,aluminum,2020,reuse,0
C-EEU-EST,aluminum,2025,downcycling,0
C-EEU-EST,aluminum,2025,incineration,0
C-EEU-EST,aluminum,2025,landfilling,0
C-EEU-EST,aluminum,2025,recycling,1
C-EEU-EST,aluminum,2025,reuse,0
C-EEU-EST,aluminum,2030,downcycling,0
C-EEU-EST,aluminum,2030,incineration,0
C-EEU-EST,aluminum,2030,landfilling,0
C-EEU-EST,aluminum,2030,recycling,1
C-EEU-EST,aluminum,2030,reuse,0
C-EEU-EST,aluminum,2035,downcycling,0
C-EEU-EST,aluminum,2035,incineration,0
C-EEU-EST,aluminum,2035,landfilling,0
C-EEU-EST,aluminum,2035,recycling,1
C-EEU-EST,aluminum,2035,reuse,0
C-EEU-EST,aluminum,2040,downcycling,0
C-EEU-EST,aluminum,2040,incineration,0
C-EEU-EST,aluminum,2040,landfilling,0
C-EEU-EST,aluminum,2040,recycling,1
C-EEU-EST,aluminum,2040,reuse,0
C-EEU-EST,aluminum,2045,downcycling,0
C-EEU-EST,aluminum,2045,incineration,0
C-EEU-EST,aluminum,2045,landfilling,0
C-EEU-EST,aluminum,2045,recycling,1
C-EEU-EST,aluminum,2045,reuse,0
C-EEU-EST,aluminum,2050,downcycling,0
C-EEU-EST,aluminum,2050,incineration,0
C-EEU-EST,aluminum,2050,landfilling,0
C-EEU-EST,aluminum,2050,recycling,1
C-EEU-EST,aluminum,2050,reuse,0
C-EEU-EST,aluminum,2055,downcycling,0
C-EEU-EST,aluminum,2055,incineration,0
C-EEU-EST,aluminum,2055,landfilling,0
C-EEU-EST,aluminum,2055,recycling,1
C-EEU-EST,aluminum,2055,reuse,0
C-EEU-EST,aluminum,2060,downcycling,0
C-EEU-EST,aluminum,2060,incineration,0
C-EEU-EST,aluminum,2060,landfilling,0
C-EEU-EST,aluminum,2060,recycling,1
C-EEU-EST,aluminum,2060,reuse,0
C-EEU-EST,aluminum,2065,downcycling,0
C-EEU-EST,aluminum,2065,incineration,0
C-EEU-EST,aluminum,2065,landfilling,0
C-EEU-EST,aluminum,2065,recycling,1
C-EEU-EST,aluminum,2065,reuse,0
C-EEU-EST,aluminum,2070,downcycling,0
C-EEU-EST,aluminum,2070,incineration,0
C-EEU-EST,aluminum,2070,landfilling,0
C-EEU-EST,aluminum,2070,recycling,1
C-EEU-EST,aluminum,2070,reuse,0
C-EEU-EST,aluminum,2075,downcycling,0
C-EEU-EST,aluminum,2075,incineration,0
C-EEU-EST,aluminum,2075,landfilling,0
C-EEU-EST,aluminum,2075,recycling,1
C-EEU-EST,aluminum,2075,reuse,0
C-EEU-EST,aluminum,2080,downcycling,0
C-EEU-EST,aluminum,2080,incineration,0
C-EEU-EST,aluminum,2080,landfilling,0
C-EEU-EST,aluminum,2080,recycling,1
C-EEU-EST,aluminum,2080,reuse,0
C-EEU-EST,aluminum,2085,downcycling,0
C-EEU-EST,aluminum,2085,incineration,0
C-EEU-EST,aluminum,2085,landfilling,0
C-EEU-EST,aluminum,2085,recycling,1
C-EEU-EST,aluminum,2085,reuse,0
C-EEU-EST,aluminum,2090,downcycling,0
C-EEU-EST,aluminum,2090,incineration,0
C-EEU-EST,aluminum,2090,landfilling,0
C-EEU-EST,aluminum,2090,recycling,1
C-EEU-EST,aluminum,2090,reuse,0
C-EEU-EST,aluminum,2095,downcycling,0
C-EEU-EST,aluminum,2095,incineration,0
C-EEU-EST,aluminum,2095,landfilling,0
C-EEU-EST,aluminum,2095,recycling,1
C-EEU-EST,aluminum,2095,reuse,0
C-EEU-EST,aluminum,2100,downcycling,0
C-EEU-EST,aluminum,2100,incineration,0
C-EEU-EST,aluminum,2100,landfilling,0
C-EEU-EST,aluminum,2100,recycling,1
C-EEU-EST,aluminum,2100,reuse,0
C-EEU-EST,brick,2015,downcycling,0.2698601478201822
C-EEU-EST,brick,2015,incineration,0
C-EEU-EST,brick,2015,landfilling,0.06220406198032988
C-EEU-EST,brick,2015,recycling,0.6679357901994879
C-EEU-EST,brick,2015,reuse,0
C-EEU-EST,brick,2020,downcycling,0.2698601478201822
C-EEU-EST,brick,2020,incineration,0
C-EEU-EST,brick,2020,landfilling,0.06220406198032988
C-EEU-EST,brick,2020,recycling,0.6679357901994879
C-EEU-EST,brick,2020,reuse,0
C-EEU-EST,brick,2025,downcycling,0.2698601478201822
C-EEU-EST,brick,2025,incineration,0
C-EEU-EST,brick,2025,landfilling,0.06220406198032988
C-EEU-EST,brick,2025,recycling,0.6679357901994879
C-EEU-EST,brick,2025,reuse,0
C-EEU-EST,brick,2030,downcycling,0.2698601478201822
C-EEU-EST,brick,2030,incineration,0
C-EEU-EST,brick,2030,landfilling,0.06220406198032988
C-EEU-EST,brick,2030,recycling,0.6679357901994879
C-EEU-EST,brick,2030,reuse,0
C-EEU-EST,brick,2035,downcycling,0.2698601478201822
C-EEU-EST,brick,2035,incineration,0
C-EEU-EST,brick,2035,landfilling,0.06220406198032988
C-EEU-EST,brick,2035,recycling,0.6679357901994879
C-EEU-EST,brick,2035,reuse,0
C-EEU-EST,brick,2040,downcycling,0.2698601478201822
C-EEU-EST,brick,2040,incineration,0
C-EEU-EST,brick,2040,landfilling,0.06220406198032988
C-EEU-EST,brick,2040,recycling,0.6679357901994879
C-EEU-EST,brick,2040,reuse,0
C-EEU-EST,brick,2045,downcycling,0.2698601478201822
C-EEU-EST,brick,2045,incineration,0
C-EEU-EST,brick,2045,landfilling,0.06220406198032988
C-EEU-EST,brick,2045,recycling,0.6679357901994879
C-EEU-EST,brick,2045,reuse,0
C-EEU-EST,brick,2050,downcycling,0.2698601478201822
C-EEU-EST,brick,2050,incineration,0
C-EEU-EST,brick,2050,landfilling,0.06220406198032988
C-EEU-EST,brick,2050,recycling,0.6679357901994879
C-EEU-EST,brick,2050,reuse,0
C-EEU-EST,brick,2055,downcycling,0.2698601478201822
C-EEU-EST,brick,2055,incineration,0
C-EEU-EST,brick,2055,landfilling,0.06220406198032988
C-EEU-EST,brick,2055,recycling,0.6679357901994879
C-EEU-EST,brick,2055,reuse,0
C-EEU-EST,brick,2060,downcycling,0.2698601478201822
C-EEU-EST,brick,2060,incineration,0
C-EEU-EST,brick,2060,landfilling,0.06220406198032988
C-EEU-EST,brick,2060,recycling,0.6679357901994879
C-EEU-EST,brick,2060,reuse,0
C-EEU-EST,brick,2065,downcycling,0.2698601478201822
C-EEU-EST,brick,2065,incineration,0
C-EEU-EST,brick,2065,landfilling,0.06220406198032988
C-EEU-EST,brick,2065,recycling,0.6679357901994879
C-EEU-EST,brick,2065,reuse,0
C-EEU-EST,brick,2070,downcycling,0.2698601478201822
C-EEU-EST,brick,2070,incineration,0
C-EEU-EST,brick,2070,landfilling,0.06220406198032988
C-EEU-EST,brick,2070,recycling,0.6679357901994879
C-EEU-EST,brick,2070,reuse,0
C-EEU-EST,brick,2075,downcycling,0.2698601478201822
C-EEU-EST,brick,2075,incineration,0
C-EEU-EST,brick,2075,landfilling,0.06220406198032988
C-EEU-EST,brick,2075,recycling,0.6679357901994879
C-EEU-EST,brick,2075,reuse,0
C-EEU-EST,brick,2080,downcycling,0.2698601478201822
C-EEU-EST,brick,2080,incineration,0
C-EEU-EST,brick,2080,landfilling,0.06220406198032988
C-EEU-EST,brick,2080,recycling,0.6679357901994879
C-EEU-EST,brick,2080,reuse,0
C-EEU-EST,brick,2085,downcycling,0.2698601478201822
C-EEU-EST,brick,2085,incineration,0
C-EEU-EST,brick,2085,landfilling,0.06220406198032988
C-EEU-EST,brick,2085,recycling,0.6679357901994879
C-EEU-EST,brick,2085,reuse,0
C-EEU-EST,brick,2090,downcycling,0.2698601478201822
C-EEU-EST,brick,2090,incineration,0
C-EEU-EST,brick,2090,landfilling,0.06220406198032988
C-EEU-EST,brick,2090,recycling,0.6679357901994879
C-EEU-EST,brick,2090,reuse,0
C-EEU-EST,brick,2095,downcycling,0.2698601478201822
C-EEU-EST,brick,2095,incineration,0
C-EEU-EST,brick,2095,landfilling,0.06220406198032988
C-EEU-EST,brick,2095,recycling,0.6679357901994879
C-EEU-EST,brick,2095,reuse,0
C-EEU-EST,brick,2100,downcycling,0.2698601478201822
C-EEU-EST,brick,2100,incineration,0
C-EEU-EST,brick,2100,landfilling,0.06220406198032988
C-EEU-EST,brick,2100,recycling,0.6679357901994879
C-EEU-EST,brick,2100,reuse,0
C-EEU-EST,concrete,2015,downcycling,0.2698601478201822
C-EEU-EST,concrete,2015,incineration,0
C-EEU-EST,concrete,2015,landfilling,0.06220406198032988
C-EEU-EST,concrete,2015,recycling,0.6679357901994879
C-EEU-EST,concrete,2015,reuse,0
C-EEU-EST,concrete,2020,downcycling,0.2698601478201822
C-EEU-EST,concrete,2020,incineration,0
C-EEU-EST,concrete,2020,landfilling,0.06220406198032988
C-EEU-EST,concrete,2020,recycling,0.6679357901994879
C-EEU-EST,concrete,2020,reuse,0
C-EEU-EST,concrete,2025,downcycling,0.2698601478201822
C-EEU-EST,concrete,2025,incineration,0
C-EEU-EST,concrete,2025,landfilling,0.06220406198032988
C-EEU-EST,concrete,2025,recycling,0.6679357901994879
C-EEU-EST,concrete,2025,reuse,0
C-EEU-EST,concrete,2030,downcycling,0.2698601478201822
C-EEU-EST,concrete,2030,incineration,0
C-EEU-EST,concrete,2030,landfilling,0.06220406198032988
C-EEU-EST,concrete,2030,recycling,0.6679357901994879
C-EEU-EST,concrete,2030,reuse,0
C-EEU-EST,concrete,2035,downcycling,0.2698601478201822
C-EEU-EST,concrete,2035,incineration,0
C-EEU-EST,concrete,2035,landfilling,0.06220406198032988
C-EEU-EST,concrete,2035,recycling,0.6679357901994879
C-EEU-EST,concrete,2035,reuse,0
C-EEU-EST,concrete,2040,downcycling,0.2698601478201822
C-EEU-EST,concrete,2040,incineration,0
C-EEU-EST,concrete,2040,landfilling,0.06220406198032988
C-EEU-EST,concrete,2040,recycling,0.6679357901994879
C-EEU-EST,concrete,2040,reuse,0
C-EEU-EST,concrete,2045,downcycling,0.2698601478201822
C-EEU-EST,concrete,2045,incineration,0
C-EEU-EST,concrete,2045,landfilling,0.06220406198032988
C-EEU-EST,concrete,2045,recycling,0.6679357901994879
C-EEU-EST,concrete,2045,reuse,0
C-EEU-EST,concrete,2050,downcycling,0.2698601478201822
C-EEU-EST,concrete,2050,incineration,0
C-EEU-EST,concrete,2050,landfilling,0.06220406198032988
C-EEU-EST,concrete,2050,recycling,0.6679357901994879
C-EEU-EST,concrete,2050,reuse,0
C-EEU-EST,concrete,2055,downcycling,0.2698601478201822
C-EEU-EST,concrete,2055,incineration,0
C-EEU-EST,concrete,2055,landfilling,0.06220406198032988
C-EEU-EST,concrete,2055,recycling,0.6679357901994879
C-EEU-EST,concrete,2055,reuse,0
C-EEU-EST,concrete,2060,downcycling,0.2698601478201822
C-EEU-EST,concrete,2060,incineration,0
C-EEU-EST,concrete,2060,landfilling,0.06220406198032988
C-EEU-EST,concrete,2060,recycling,0.6679357901994879
C-EEU-EST,concrete,2060,reuse,0
C-EEU-EST,concrete,2065,downcycling,0.2698601478201822
C-EEU-EST,concrete,2065,incineration,0
C-EEU-EST,concrete,2065,landfilling,0.06220406198032988
C-EEU-EST,concrete,2065,recycling,0.6679357901994879
C-EEU-EST,concrete,2065,reuse,0
C-EEU-EST,concrete,2070,downcycling,0.2698601478201822
C-EEU-EST,concrete,2070,incineration,0
C-EEU-EST,concrete,2070,landfilling,0.06220406198032988
C-EEU-EST,concrete,2070,recycling,0.6679357901994879
C-EEU-EST,concrete,2070,reuse,0
C-EEU-EST,concrete,2075,downcycling,0.2698601478201822
C-EEU-EST,concrete,2075,incineration,0
C-EEU-EST,concrete,2075,landfilling,0.06220406198032988
C-EEU-EST,concrete,2075,recycling,0.6679357901994879
C-EEU-EST,concrete,2075,reuse,0
C-EEU-EST,concrete,2080,downcycling,0.2698601478201822
C-EEU-EST,concrete,2080,incineration,0
C-EEU-EST,concrete,2080,landfilling,0.06220406198032988
C-EEU-EST,concrete,2080,recycling,0.6679357901994879
C-EEU-EST,concrete,2080,reuse,0
C-EEU-EST,concrete,2085,downcycling,0.2698601478201822
C-EEU-EST,concrete,2085,incineration,0
C-EEU-EST,concrete,2085,landfilling,0.06220406198032988
C-EEU-EST,concrete,2085,recycling,0.6679357901994879
C-EEU-EST,concrete,2085,reuse,0
C-EEU-EST,concrete,2090,downcycling,0.2698601478201822
C-EEU-EST,concrete,2090,incineration,0
C-EEU-EST,concrete,2090,landfilling,0.06220406198032988
C-EEU-EST,concrete,2090,recycling,0.6679357901994879
C-EEU-EST,concrete,2090,reuse,0
C-EEU-EST,concrete,2095,downcycling,0.2698601478201822
C-EEU-EST,concrete,2095,incineration,0
C-EEU-EST,concrete,2095,landfilling,0.06220406198032988
C-EEU-EST,concrete,2095,recycling,0.6679357901994879
C-EEU-EST,concrete,2095,reuse,0
C-EEU-EST,concrete,2100,downcycling,0.2698601478201822
C-EEU-EST,concrete,2100,incineration,0
C-EEU-EST,concrete,2100,landfilling,0.06220406198032988
C-EEU-EST,concrete,2100,recycling,0.6679357901994879
C-EEU-EST,concrete,2100,reuse,0
C-EEU-EST,copper,2015,downcycling,0
C-EEU-EST,copper,2015,incineration,0
C-EEU-EST,copper,2015,landfilling,0
C-EEU-EST,copper,2015,recycling,1
C-EEU-EST,copper,2015,reuse,0
C-EEU-EST,copper,2020,downcycling,0
C-EEU-EST,copper,2020,incineration,0
C-EEU-EST,copper,2020,landfilling,0
C-EEU-EST,copper,2020,recycling,1
C-EEU-EST,copper,2020,reuse,0
C-EEU-EST,copper,2025,downcycling,0
C-EEU-EST,copper,2025,incineration,0
C-EEU-EST,copper,2025,landfilling,0
C-EEU-EST,copper,2025,recycling,1
C-EEU-EST,copper,2025,reuse,0
C-EEU-EST,copper,2030,downcycling,0
C-EEU-EST,copper,2030,incineration,0
C-EEU-EST,copper,2030,landfilling,0
C-EEU-EST,copper,2030,recycling,1
C-EEU-EST,copper,2030,reuse,0
C-EEU-EST,copper,2035,downcycling,0
C-EEU-EST,copper,2035,incineration,0
C-EEU-EST,copper,2035,landfilling,0
C-EEU-EST,copper,2035,recycling,1
C-EEU-EST,copper,2035,reuse,0
C-EEU-EST,copper,2040,downcycling,0
C-EEU-EST,copper,2040,incineration,0
C-EEU-EST,copper,2040,landfilling,0
C-EEU-EST,copper,2040,recycling,1
C-EEU-EST,copper,2040,reuse,0
C-EEU-EST,copper,2045,downcycling,0
C-EEU-EST,copper,2045,incineration,0
C-EEU-EST,copper,2045,landfilling,0
C-EEU-EST,copper,2045,recycling,1
C-EEU-EST,copper,2045,reuse,0
C-EEU-EST,copper,2050,downcycling,0
C-EEU-EST,copper,2050,incineration,0
C-EEU-EST,copper,2050,landfilling,0
C-EEU-EST,copper,2050,recycling,1
C-EEU-EST,copper,2050,reuse,0
C-EEU-EST,copper,2055,downcycling,0
C-EEU-EST,copper,2055,incineration,0
C-EEU-EST,copper,2055,landfilling,0
C-EEU-EST,copper,2055,recycling,1
C-EEU-EST,copper,2055,reuse,0
C-EEU-EST,copper,2060,downcycling,0
C-EEU-EST,copper,2060,incineration,0
C-EEU-EST,copper,2060,landfilling,0
C-EEU-EST,copper,2060,recycling,1
C-EEU-EST,copper,2060,reuse,0
C-EEU-EST,copper,2065,downcycling,0
C-EEU-EST,copper,2065,incineration,0
C-EEU-EST,copper,2065,landfilling,0
C-EEU-EST,copper,2065,recycling,1
C-EEU-EST,copper,2065,reuse,0
C-EEU-EST,copper,2070,downcycling,0
C-EEU-EST,copper,2070,incineration,0
C-EEU-EST,copper,2070,landfilling,0
C-EEU-EST,copper,2070,recycling,1
C-EEU-EST,copper,2070,reuse,0
C-EEU-EST,copper,2075,downcycling,0
C-EEU-EST,copper,2075,incineration,0
C-EEU-EST,copper,2075,landfilling,0
C-EEU-EST,copper,2075,recycling,1
C-EEU-EST,copper,2075,reuse,0
C-EEU-EST,copper,2080,downcycling,0
C-EEU-EST,copper,2080,incineration,0
C-EEU-EST,copper,2080,landfilling,0
C-EEU-EST,copper,2080,recycling,1
C-EEU-EST,copper,2080,reuse,0
C-EEU-EST,copper,2085,downcycling,0
C-EEU-EST,copper,2085,incineration,0
C-EEU-EST,copper,2085,landfilling,0
C-EEU-EST,copper,2085,recycling,1
C-EEU-EST,copper,2085,reuse,0
C-EEU-EST,copper,2090,downcycling,0
C-EEU-EST,copper,2090,incineration,0
C-EEU-EST,copper,2090,landfilling,0
C-EEU-EST,copper,2090,recycling,1
C-EEU-EST,copper,2090,reuse,0
C-EEU-EST,copper,2095,downcycling,0
C-EEU-EST,copper,2095,incineration,0
C-EEU-EST,copper,2095,landfilling,0
C-EEU-EST,copper,2095,recycling,1
C-EEU-EST,copper,2095,reuse,0
C-EEU-EST,copper,2100,downcycling,0
C-EEU-EST,copper,2100,incineration,0
C-EEU-EST,copper,2100,landfilling,0
C-EEU-EST,copper,2100,recycling,1
C-EEU-EST,copper,2100,reuse,0
C-EEU-EST,glass,2015,downcycling,0.24
C-EEU-EST,glass,2015,incineration,0
C-EEU-EST,glass,2015,landfilling,0.7
C-EEU-EST,glass,2015,recycling,0.06
C-EEU-EST,glass,2015,reuse,0
C-EEU-EST,glass,2020,downcycling,0.24
C-EEU-EST,glass,2020,incineration,0
C-EEU-EST,glass,2020,landfilling,0.7
C-EEU-EST,glass,2020,recycling,0.06
C-EEU-EST,glass,2020,reuse,0
C-EEU-EST,glass,2025,downcycling,0.24
C-EEU-EST,glass,2025,incineration,0
C-EEU-EST,glass,2025,landfilling,0.7
C-EEU-EST,glass,2025,recycling,0.06
C-EEU-EST,glass,2025,reuse,0
C-EEU-EST,glass,2030,downcycling,0.24
C-EEU-EST,glass,2030,incineration,0
C-EEU-EST,glass,2030,landfilling,0.7
C-EEU-EST,glass,2030,recycling,0.06
C-EEU-EST,glass,2030,reuse,0
C-EEU-EST,glass,2035,downcycling,0.24
C-EEU-EST,glass,2035,incineration,0
C-EEU-EST,glass,2035,landfilling,0.7
C-EEU-EST,glass,2035,recycling,0.06
C-EEU-EST,glass,2035,reuse,0
C-EEU-EST,glass,2040,downcycling,0.24
C-EEU-EST,glass,2040,incineration,0
C-EEU-EST,glass,2040,landfilling,0.7
C-EEU-EST,glass,2040,recycling,0.06
C-EEU-EST,glass,2040,reuse,0
C-EEU-EST,glass,2045,downcycling,0.24
C-EEU-EST,glass,2045,incineration,0
C-EEU-EST,glass,2045,landfilling,0.7
C-EEU-EST,glass,2045,recycling,0.06
C-EEU-EST,glass,2045,reuse,0
C-EEU-EST,glass,2050,downcycling,0.24
C-EEU-EST,glass,2050,incineration,0
C-EEU-EST,glass,2050,landfilling,0.7
C-EEU-EST,glass,2050,recycling,0.06
C-EEU-EST,glass,2050,reuse,0
C-EEU-EST,glass,2055,downcycling,0.24
C-EEU-EST,glass,2055,incineration,0
C-EEU-EST,glass,2055,landfilling,0.7
C-EEU-EST,glass,2055,recycling,0.06
C-EEU-EST,glass,2055,reuse,0
C-EEU-EST,glass,2060,downcycling,0.24
C-EEU-EST,glass,2060,incineration,0
C-EEU-EST,glass,2060,landfilling,0.7
C-EEU-EST,glass,2060,recycling,0.06
C-EEU-EST,glass,2060,reuse,0
C-EEU-EST,glass,2065,downcycling,0.24
C-EEU-EST,glass,2065,incineration,0
C-EEU-EST,glass,2065,landfilling,0.7
C-EEU-EST,glass,2065,recycling,0.06
C-EEU-EST,glass,2065,reuse,0
C-EEU-EST,glass,2070,downcycling,0.24
C-EEU-EST,glass,2070,incineration,0
C-EEU-EST,glass,2070,landfilling,0.7
C-EEU-EST,glass,2070,recycling,0.06
C-EEU-EST,glass,2070,reuse,0
C-EEU-EST,glass,2075,downcycling,0.24
C-EEU-EST,glass,2075,incineration,0
C-EEU-EST,glass,2075,landfilling,0.7
C-EEU-EST,glass,2075,recycling,0.06
C-EEU-EST,glass,2075,reuse,0
C-EEU-EST,glass,2080,downcycling,0.24
C-EEU-EST,glass,2080,incineration,0
C-EEU-EST,glass,2080,landfilling,0.7
C-EEU-EST,glass,2080,recycling,0.06
C-EEU-EST,glass,2080,reuse,0
C-EEU-EST,glass,2085,downcycling,0.24
C-EEU-EST,glass,2085,incineration,0
C-EEU-EST,glass,2085,landfilling,0.7
C-EEU-EST,glass,2085,recycling,0.06
C-EEU-EST,glass,2085,reuse,0
C-EEU-EST,glass,2090,downcycling,0.24
C-EEU-EST,glass,2090,incineration,0
C-EEU-EST,glass,2090,landfilling,0.7
C-EEU-EST,glass,2090,recycling,0.06
C-EEU-EST,glass,2090,reuse,0
C-EEU-EST,glass,2095,downcycling,0.24
C-EEU-EST,glass,2095,incineration,0
C-EEU-EST,glass,2095,landfilling,0.7
C-EEU-EST,glass,2095,recycling,0.06
C-EEU-EST,glass,2095,reuse,0
C-EEU-EST,glass,2100,downcycling,0.24
C-EEU-EST,glass,2100,incineration,0
C-EEU-EST,glass,2100,landfilling,0.7
C-EEU-EST,glass,2100,recycling,0.06
C-EEU-EST,glass,2100,reuse,0
C-EEU-EST,steel,2015,downcycling,0
C-EEU-EST,steel,2015,incineration,0
C-EEU-EST,steel,2015,landfilling,0.01177364223319407
C-EEU-EST,steel,2015,recycling,0.988226357766806
C-EEU-EST,steel,2015,reuse,0
C-EEU-EST,steel,2020,downcycling,0
C-EEU-EST,steel,2020,incineration,0
C-EEU-EST,steel,2020,landfilling,0.01177364223319407
C-EEU-EST,steel,2020,recycling,0.988226357766806
C-EEU-EST,steel,2020,reuse,0
C-EEU-EST,steel,2025,downcycling,0
C-EEU-EST,steel,2025,incineration,0
C-EEU-EST,steel,2025,landfilling,0.01177364223319407
C-EEU-EST,steel,2025,recycling,0.988226357766806
C-EEU-EST,steel,2025,reuse,0
C-EEU-EST,steel,2030,downcycling,0
C-EEU-EST,steel,2030,incineration,0
C-EEU-EST,steel,2030,landfilling,0.01177364223319407
C-EEU-EST,steel,2030,recycling,0.988226357766806
C-EEU-EST,steel,2030,reuse,0
C-EEU-EST,steel,2035,downcycling,0
C-EEU-EST,steel,2035,incineration,0
C-EEU-EST,steel,2035,landfilling,0.01177364223319407
C-EEU-EST,steel,2035,recycling,0.988226357766806
C-EEU-EST,steel,2035,reuse,0
C-EEU-EST,steel,2040,downcycling,0
C-EEU-EST,steel,2040,incineration,0
C-EEU-EST,steel,2040,landfilling,0.01177364223319407
C-EEU-EST,steel,2040,recycling,0.988226357766806
C-EEU-EST,steel,2040,reuse,0
C-EEU-EST,steel,2045,downcycling,0
C-EEU-EST,steel,2045,incineration,0
C-EEU-EST,steel,2045,landfilling,0.01177364223319407
C-EEU-EST,steel,2045,recycling,0.988226357766806
C-EEU-EST,steel,2045,reuse,0
C-EEU-EST,steel,2050,downcycling,0
C-EEU-EST,steel,2050,incineration,0
C-EEU-EST,steel,2050,landfilling,0.01177364223319407
C-EEU-EST,steel,2050,recycling,0.988226357766806
C-EEU-EST,steel,2050,reuse,0
C-EEU-EST,steel,2055,downcycling,0
C-EEU-EST,steel,2055,incineration,0
C-EEU-EST,steel,2055,landfilling,0.01177364223319407
C-EEU-EST,steel,2055,recycling,0.988226357766806
C-EEU-EST,steel,2055,reuse,0
C-EEU-EST,steel,2060,downcycling,0
C-EEU-EST,steel,2060,incineration,0
C-EEU-EST,steel,2060,landfilling,0.01177364223319407
C-EEU-EST,steel,2060,recycling,0.988226357766806
C-EEU-EST,steel,2060,reuse,0
C-EEU-EST,steel,2065,downcycling,0
C-EEU-EST,steel,2065,incineration,0
C-EEU-EST,steel,2065,landfilling,0.01177364223319407
C-EEU-EST,steel,2065,recycling,0.988226357766806
C-EEU-EST,steel,2065,reuse,0
C-EEU-EST,steel,2070,downcycling,0
C-EEU-EST,steel,2070,incineration,0
C-EEU-EST,steel,2070,landfilling,0.01177364223319407
C-EEU-EST,steel,2070,recycling,0.988226357766806
C-EEU-EST,steel,2070,reuse,0
C-EEU-EST,steel,2075,downcycling,0
C-EEU-EST,steel,2075,incineration,0
C-EEU-EST,steel,2075,landfilling,0.01177364223319407
C-EEU-EST,steel,2075,recycling,0.988226357766806
C-EEU-EST,steel,2075,reuse,0
C-EEU-EST,steel,2080,downcycling,0
C-EEU-EST,steel,2080,incineration,0
C-EEU-EST,steel,2080,landfilling,0.01177364223319407
C-EEU-EST,steel,2080,recycling,0.988226357766806
C-EEU-EST,steel,2080,reuse,0
C-EEU-EST,steel,2085,downcycling,0
C-EEU-EST,steel,2085,incineration,0
C-EEU-EST,steel,2085,landfilling,0.01177364223319407
C-EEU-EST,steel,2085,recycling,0.988226357766806
C-EEU-EST,steel,2085,reuse,0
C-EEU-EST,steel,2090,downcycling,0
C-EEU-EST,steel,2090,incineration,0
C-EEU-EST,steel,2090,landfilling,0.01177364223319407
C-EEU-EST,steel,2090,recycling,0.988226357766806
C-EEU-EST,steel,2090,reuse,0
C-EEU-EST,steel,2095,downcycling,0
C-EEU-EST,steel,2095,incineration,0
C-EEU-EST,steel,2095,landfilling,0.01177364223319407
C-EEU-EST,steel,2095,recycling,0.988226357766806
C-EEU-EST,steel,2095,reuse,0
C-EEU-EST,steel,2100,downcycling,0
C-EEU-EST,steel,2100,incineration,0
C-EEU-EST,steel,2100,landfilling,0.01177364223319407
C-EEU-EST,steel,2100,recycling,0.988226357766806
C-EEU-EST,steel,2100,reuse,0
C-EEU-EST,wood,2015,downcycling,0
C-EEU-EST,wood,2015,incineration,0.64
C-EEU-EST,wood,2015,landfilling,0.06
C-EEU-EST,wood,2015,recycling,0.3
C-EEU-EST,wood,2015,reuse,0
C-EEU-EST,wood,2020,downcycling,0
C-EEU-EST,wood,2020,incineration,0.64
C-EEU-EST,wood,2020,landfilling,0.06
C-EEU-EST,wood,2020,recycling,0.3
C-EEU-EST,wood,2020,reuse,0
C-EEU-EST,wood,2025,downcycling,0
C-EEU-EST,wood,2025,incineration,0.64
C-EEU-EST,wood,2025,landfilling,0.06
C-EEU-EST,wood,2025,recycling,0.3
C-EEU-EST,wood,2025,reuse,0
C-EEU-EST,wood,2030,downcycling,0
C-EEU-EST,wood,2030,incineration,0.64
C-EEU-EST,wood,2030,landfilling,0.06
C-EEU-EST,wood,2030,recycling,0.3
C-EEU-EST,wood,2030,reuse,0
C-EEU-EST,wood,2035,downcycling,0
C-EEU-EST,wood,2035,incineration,0.64
C-EEU-EST,wood,2035,landfilling,0.06
C-EEU-EST,wood,2035,recycling,0.3
C-EEU-EST,wood,2035,reuse,0
C-EEU-EST,wood,2040,downcycling,0
C-EEU-EST,wood,2040,incineration,0.64
C-EEU-EST,wood,2040,landfilling,0.06
C-EEU-EST,wood,2040,recycling,0.3
C-EEU-EST,wood,2040,reuse,0
C-EEU-EST,wood,2045,downcycling,0
C-EEU-EST,wood,2045,incineration,0.64
C-EEU-EST,wood,2045,landfilling,0.06
C-EEU-EST,wood,2045,recycling,0.3
C-EEU-EST,wood,2045,reuse,0
C-EEU-EST,wood,2050,downcycling,0
C-EEU-EST,wood,2050,incineration,0.64
C-EEU-EST,wood,2050,landfilling,0.06
C-EEU-EST,wood,2050,recycling,0.3
C-EEU-EST,wood,2050,reuse,0
C-EEU-EST,wood,2055,downcycling,0
C-EEU-EST,wood,2055,incineration,0.64
C-EEU-EST,wood,2055,landfilling,0.06
C-EEU-EST,wood,2055,recycling,0.3
C-EEU-EST,wood,2055,reuse,0
C-EEU-EST,wood,2060,downcycling,0
C-EEU-EST,wood,2060,incineration,0.64
C-EEU-EST,wood,2060,landfilling,0.06
C-EEU-EST,wood,2060,recycling,0.3
C-EEU-EST,wood,2060,reuse,0
C-EEU-EST,wood,2065,downcycling,0
C-EEU-EST,wood,2065,incineration,0.64
C-EEU-EST,wood,2065,landfilling,0.06
C-EEU-EST,wood,2065,recycling,0.3
C-EEU-EST,wood,2065,reuse,0
C-EEU-EST,wood,2070,downcycling,0
C-EEU-EST,wood,2070,incineration,0.64
C-EEU-EST,wood,2070,landfilling,0.06
C-EEU-EST,wood,2070,recycling,0.3
C-EEU-EST,wood,2070,reuse,0
C-EEU-EST,wood,2075,downcycling,0
C-EEU-EST,wood,2075,incineration,0.64
C-EEU-EST,wood,2075,landfilling,0.06
C-EEU-EST,wood,2075,recycling,0.3
C-EEU-EST,wood,2075,reuse,0
C-EEU-EST,wood,2080,downcycling,0
C-EEU-EST,wood,2080,incineration,0.64
C-EEU-EST,wood,2080,landfilling,0.06
C-EEU-EST,wood,2080,recycling,0.3
C-EEU-EST,wood,2080,reuse,0
C-EEU-EST,wood,2085,downcycling,0
C-EEU-EST,wood,2085,incineration,0.64
C-EEU-EST,wood,2085,landfilling,0.06
C-EEU-EST,wood,2085,recycling,0.3
C-EEU-EST,wood,2085,reuse,0
C-EEU-EST,wood,2090,downcycling,0
C-EEU-EST,wood,2090,incineration,0.64
C-EEU-EST,wood,2090,landfilling,0.06
C-EEU-EST,wood,2090,recycling,0.3
C-EEU-EST,wood,2090,reuse,0
C-EEU-EST,wood,2095,downcycling,0
C-EEU-EST,wood,2095,incineration,0.64
C-EEU-EST,wood,2095,landfilling,0.06
C-EEU-EST,wood,2095,recycling,0.3
C-EEU-EST,wood,2095,reuse,0
C-EEU-EST,wood,2100,downcycling,0
C-EEU-EST,wood,2100,incineration,0.64
C-EEU-EST,wood,2100,landfilling,0.06
C-EEU-EST,wood,2100,recycling,0.3
C-EEU-EST,wood,2100,reuse,0
C-EEU-HRV,aluminum,2015,downcycling,0
C-EEU-HRV,aluminum,2015,incineration,0
C-EEU-HRV,aluminum,2015,landfilling,0
C-EEU-HRV,aluminum,2015,recycling,1
C-EEU-HRV,aluminum,2015,reuse,0
C-EEU-HRV,aluminum,2020,downcycling,0
C-EEU-HRV,aluminum,2020,incineration,0
C-EEU-HRV,aluminum,2020,landfilling,0
C-EEU-HRV,aluminum,2020,recycling,1
C-EEU-HRV,aluminum,2020,reuse,0
C-EEU-HRV,aluminum,2025,downcycling,0
C-EEU-HRV,aluminum,2025,incineration,0
C-EEU-HRV,aluminum,2025,landfilling,0
C-EEU-HRV,aluminum,2025,recycling,1
C-EEU-HRV,aluminum,2025,reuse,0
C-EEU-HRV,aluminum,2030,downcycling,0
C-EEU-HRV,aluminum,2030,incineration,0
C-EEU-HRV,aluminum,2030,landfilling,0
C-EEU-HRV,aluminum,2030,recycling,1
C-EEU-HRV,aluminum,2030,reuse,0
C-EEU-HRV,aluminum,2035,downcycling,0
C-EEU-HRV,aluminum,2035,incineration,0
C-EEU-HRV,aluminum,2035,landfilling,0
C-EEU-HRV,aluminum,2035,recycling,1
C-EEU-HRV,aluminum,2035,reuse,0
C-EEU-HRV,aluminum,2040,downcycling,0
C-EEU-HRV,aluminum,2040,incineration,0
C-EEU-HRV,aluminum,2040,landfilling,0
C-EEU-HRV,aluminum,2040,recycling,1
C-EEU-HRV,aluminum,2040,reuse,0
C-EEU-HRV,aluminum,2045,downcycling,0
C-EEU-HRV,aluminum,2045,incineration,0
C-EEU-HRV,aluminum,2045,landfilling,0
C-EEU-HRV,aluminum,2045,recycling,1
C-EEU-HRV,aluminum,2045,reuse,0
C-EEU-HRV,aluminum,2050,downcycling,0
C-EEU-HRV,aluminum,2050,incineration,0
C-EEU-HRV,aluminum,2050,landfilling,0
C-EEU-HRV,aluminum,2050,recycling,1
C-EEU-HRV,aluminum,2050,reuse,0
C-EEU-HRV,aluminum,2055,downcycling,0
C-EEU-HRV,aluminum,2055,incineration,0
C-EEU-HRV,aluminum,2055,landfilling,0
C-EEU-HRV,aluminum,2055,recycling,1
C-EEU-HRV,aluminum,2055,reuse,0
C-EEU-HRV,aluminum,2060,downcycling,0
C-EEU-HRV,aluminum,2060,incineration,0
C-EEU-HRV,aluminum,2060,landfilling,0
C-EEU-HRV,aluminum,2060,recycling,1
C-EEU-HRV,aluminum,2060,reuse,0
C-EEU-HRV,aluminum,2065,downcycling,0
C-EEU-HRV,aluminum,2065,incineration,0
C-EEU-HRV,aluminum,2065,landfilling,0
C-EEU-HRV,aluminum,2065,recycling,1
C-EEU-HRV,aluminum,2065,reuse,0
C-EEU-HRV,aluminum,2070,downcycling,0
C-EEU-HRV,aluminum,2070,incineration,0
C-EEU-HRV,aluminum,2070,landfilling,0
C-EEU-HRV,aluminum,2070,recycling,1
C-EEU-HRV,aluminum,2070,reuse,0
C-EEU-HRV,aluminum,2075,downcycling,0
C-EEU-HRV,aluminum,2075,incineration,0
C-EEU-HRV,aluminum,2075,landfilling,0
C-EEU-HRV,aluminum,2075,recycling,1
C-EEU-HRV,aluminum,2075,reuse,0
C-EEU-HRV,aluminum,2080,downcycling,0
C-EEU-HRV,aluminum,2080,incineration,0
C-EEU-HRV,aluminum,2080,landfilling,0
C-EEU-HRV,aluminum,2080,recycling,1
C-EEU-HRV,aluminum,2080,reuse,0
C-EEU-HRV,aluminum,2085,downcycling,0
C-EEU-HRV,aluminum,2085,incineration,0
C-EEU-HRV,aluminum,2085,landfilling,0
C-EEU-HRV,aluminum,2085,recycling,1
C-EEU-HRV,aluminum,2085,reuse,0
C-EEU-HRV,aluminum,2090,downcycling,0
C-EEU-HRV,aluminum,2090,incineration,0
C-EEU-HRV,aluminum,2090,landfilling,0
C-EEU-HRV,aluminum,2090,recycling,1
C-EEU-HRV,aluminum,2090,reuse,0
C-EEU-HRV,aluminum,2095,downcycling,0
C-EEU-HRV,aluminum,2095,incineration,0
C-EEU-HRV,aluminum,2095,landfilling,0
C-EEU-HRV,aluminum,2095,recycling,1
C-EEU-HRV,aluminum,2095,reuse,0
C-EEU-HRV,aluminum,2100,downcycling,0
C-EEU-HRV,aluminum,2100,incineration,0
C-EEU-HRV,aluminum,2100,landfilling,0
C-EEU-HRV,aluminum,2100,recycling,1
C-EEU-HRV,aluminum,2100,reuse,0
C-EEU-HRV,brick,2015,downcycling,0.03893217548518849
C-EEU-HRV,brick,2015,incineration,0
C-EEU-HRV,brick,2015,landfilling,0.13453193098812877
C-EEU-HRV,brick,2015,recycling,0.8265358935266828
C-EEU-HRV,brick,2015,reuse,0
C-EEU-HRV,brick,2020,downcycling,0.03893217548518849
C-EEU-HRV,brick,2020,incineration,0
C-EEU-HRV,brick,2020,landfilling,0.13453193098812877
C-EEU-HRV,brick,2020,recycling,0.8265358935266828
C-EEU-HRV,brick,2020,reuse,0
C-EEU-HRV,brick,2025,downcycling,0.03893217548518849
C-EEU-HRV,brick,2025,incineration,0
C-EEU-HRV,brick,2025,landfilling,0.13453193098812877
C-EEU-HRV,brick,2025,recycling,0.8265358935266828
C-EEU-HRV,brick,2025,reuse,0
C-EEU-HRV,brick,2030,downcycling,0.03893217548518849
C-EEU-HRV,brick,2030,incineration,0
C-EEU-HRV,brick,2030,landfilling,0.13453193098812877
C-EEU-HRV,brick,2030,recycling,0.8265358935266828
C-EEU-HRV,brick,2030,reuse,0
C-EEU-HRV,brick,2035,downcycling,0.03893217548518849
C-EEU-HRV,brick,2035,incineration,0
C-EEU-HRV,brick,2035,landfilling,0.13453193098812877
C-EEU-HRV,brick,2035,recycling,0.8265358935266828
C-EEU-HRV,brick,2035,reuse,0
C-EEU-HRV,brick,2040,downcycling,0.03893217548518849
C-EEU-HRV,brick,2040,incineration,0
C-EEU-HRV,brick,2040,landfilling,0.13453193098812877
C-EEU-HRV,brick,2040,recycling,0.8265358935266828
C-EEU-HRV,brick,2040,reuse,0
C-EEU-HRV,brick,2045,downcycling,0.03893217548518849
C-EEU-HRV,brick,2045,incineration,0
C-EEU-HRV,brick,2045,landfilling,0.13453193098812877
C-EEU-HRV,brick,2045,recycling,0.8265358935266828
C-EEU-HRV,brick,2045,reuse,0
C-EEU-HRV,brick,2050,downcycling,0.03893217548518849
C-EEU-HRV,brick,2050,incineration,0
C-EEU-HRV,brick,2050,landfilling,0.13453193098812877
C-EEU-HRV,brick,2050,recycling,0.8265358935266828
C-EEU-HRV,brick,2050,reuse,0
C-EEU-HRV,brick,2055,downcycling,0.03893217548518849
C-EEU-HRV,brick,2055,incineration,0
C-EEU-HRV,brick,2055,landfilling,0.13453193098812877
C-EEU-HRV,brick,2055,recycling,0.8265358935266828
C-EEU-HRV,brick,2055,reuse,0
C-EEU-HRV,brick,2060,downcycling,0.03893217548518849
C-EEU-HRV,brick,2060,incineration,0
C-EEU-HRV,brick,2060,landfilling,0.13453193098812877
C-EEU-HRV,brick,2060,recycling,0.8265358935266828
C-EEU-HRV,brick,2060,reuse,0
C-EEU-HRV,brick,2065,downcycling,0.03893217548518849
C-EEU-HRV,brick,2065,incineration,0
C-EEU-HRV,brick,2065,landfilling,0.13453193098812877
C-EEU-HRV,brick,2065,recycling,0.8265358935266828
C-EEU-HRV,brick,2065,reuse,0
C-EEU-HRV,brick,2070,downcycling,0.03893217548518849
C-EEU-HRV,brick,2070,incineration,0
C-EEU-HRV,brick,2070,landfilling,0.13453193098812877
C-EEU-HRV,brick,2070,recycling,0.8265358935266828
C-EEU-HRV,brick,2070,reuse,0
C-EEU-HRV,brick,2075,downcycling,0.03893217548518849
C-EEU-HRV,brick,2075,incineration,0
C-EEU-HRV,brick,2075,landfilling,0.13453193098812877
C-EEU-HRV,brick,2075,recycling,0.8265358935266828
C-EEU-HRV,brick,2075,reuse,0
C-EEU-HRV,brick,2080,downcycling,0.03893217548518849
C-EEU-HRV,brick,2080,incineration,0
C-EEU-HRV,brick,2080,landfilling,0.13453193098812877
C-EEU-HRV,brick,2080,recycling,0.8265358935266828
C-EEU-HRV,brick,2080,reuse,0
C-EEU-HRV,brick,2085,downcycling,0.03893217548518849
C-EEU-HRV,brick,2085,incineration,0
C-EEU-HRV,brick,2085,landfilling,0.13453193098812877
C-EEU-HRV,brick,2085,recycling,0.8265358935266828
C-EEU-HRV,brick,2085,reuse,0
C-EEU-HRV,brick,2090,downcycling,0.03893217548518849
C-EEU-HRV,brick,2090,incineration,0
C-EEU-HRV,brick,2090,landfilling,0.13453193098812877
C-EEU-HRV,brick,2090,recycling,0.8265358935266828
C-EEU-HRV,brick,2090,reuse,0
C-EEU-HRV,brick,2095,downcycling,0.03893217548518849
C-EEU-HRV,brick,2095,incineration,0
C-EEU-HRV,brick,2095,landfilling,0.13453193098812877
C-EEU-HRV,brick,2095,recycling,0.8265358935266828
C-EEU-HRV,brick,2095,reuse,0
C-EEU-HRV,brick,2100,downcycling,0.03893217548518849
C-EEU-HRV,brick,2100,incineration,0
C-EEU-HRV,brick,2100,landfilling,0.13453193098812877
C-EEU-HRV,brick,2100,recycling,0.8265358935266828
C-EEU-HRV,brick,2100,reuse,0
C-EEU-HRV,concrete,2015,downcycling,0.03893217548518849
C-EEU-HRV,concrete,2015,incineration,0
C-EEU-HRV,concrete,2015,landfilling,0.13453193098812877
C-EEU-HRV,concrete,2015,recycling,0.8265358935266828
C-EEU-HRV,concrete,2015,reuse,0
C-EEU-HRV,concrete,2020,downcycling,0.03893217548518849
C-EEU-HRV,concrete,2020,incineration,0
C-EEU-HRV,concrete,2020,landfilling,0.13453193098812877
C-EEU-HRV,concrete,2020,recycling,0.8265358935266828
C-EEU-HRV,concrete,2020,reuse,0
C-EEU-HRV,concrete,2025,downcycling,0.03893217548518849
C-EEU-HRV,concrete,2025,incineration,0
C-EEU-HRV,concrete,2025,landfilling,0.13453193098812877
C-EEU-HRV,concrete,2025,recycling,0.8265358935266828
C-EEU-HRV,concrete,2025,reuse,0
C-EEU-HRV,concrete,2030,downcycling,0.03893217548518849
C-EEU-HRV,concrete,2030,incineration,0
C-EEU-HRV,concrete,2030,landfilling,0.13453193098812877
C-EEU-HRV,concrete,2030,recycling,0.8265358935266828
C-EEU-HRV,concrete,2030,reuse,0
C-EEU-HRV,concrete,2035,downcycling,0.03893217548518849
C-EEU-HRV,concrete,2035,incineration,0
C-EEU-HRV,concrete,2035,landfilling,0.13453193098812877
C-EEU-HRV,concrete,2035,recycling,0.8265358935266828
C-EEU-HRV,concrete,2035,reuse,0
C-EEU-HRV,concrete,2040,downcycling,0.03893217548518849
C-EEU-HRV,concrete,2040,incineration,0
C-EEU-HRV,concrete,2040,landfilling,0.13453193098812877
C-EEU-HRV,concrete,2040,recycling,0.8265358935266828
C-EEU-HRV,concrete,2040,reuse,0
C-EEU-HRV,concrete,2045,downcycling,0.03893217548518849
C-EEU-HRV,concrete,2045,incineration,0
C-EEU-HRV,concrete,2045,landfilling,0.13453193098812877
C-EEU-HRV,concrete,2045,recycling,0.8265358935266828
C-EEU-HRV,concrete,2045,reuse,0
C-EEU-HRV,concrete,2050,downcycling,0.03893217548518849
C-EEU-HRV,concrete,2050,incineration,0
C-EEU-HRV,concrete,2050,landfilling,0.13453193098812877
C-EEU-HRV,concrete,2050,recycling,0.8265358935266828
C-EEU-HRV,concrete,2050,reuse,0
C-EEU-HRV,concrete,2055,downcycling,0.03893217548518849
C-EEU-HRV,concrete,2055,incineration,0
C-EEU-HRV,concrete,2055,landfilling,0.13453193098812877
C-EEU-HRV,concrete,2055,recycling,0.8265358935266828
C-EEU-HRV,concrete,2055,reuse,0
C-EEU-HRV,concrete,2060,downcycling,0.03893217548518849
C-EEU-HRV,concrete,2060,incineration,0
C-EEU-HRV,concrete,2060,landfilling,0.13453193098812877
C-EEU-HRV,concrete,2060,recycling,0.8265358935266828
C-EEU-HRV,concrete,2060,reuse,0
C-EEU-HRV,concrete,2065,downcycling,0.03893217548518849
C-EEU-HRV,concrete,2065,incineration,0
C-EEU-HRV,concrete,2065,landfilling,0.13453193098812877
C-EEU-HRV,concrete,2065,recycling,0.8265358935266828
C-EEU-HRV,concrete,2065,reuse,0
C-EEU-HRV,concrete,2070,downcycling,0.03893217548518849
C-EEU-HRV,concrete,2070,incineration,0
C-EEU-HRV,concrete,2070,landfilling,0.13453193098812877
C-EEU-HRV,concrete,2070,recycling,0.8265358935266828
C-EEU-HRV,concrete,2070,reuse,0
C-EEU-HRV,concrete,2075,downcycling,0.03893217548518849
C-EEU-HRV,concrete,2075,incineration,0
C-EEU-HRV,concrete,2075,landfilling,0.13453193098812877
C-EEU-HRV,concrete,2075,recycling,0.8265358935266828
C-EEU-HRV,concrete,2075,reuse,0
C-EEU-HRV,concrete,2080,downcycling,0.03893217548518849
C-EEU-HRV,concrete,2080,incineration,0
C-EEU-HRV,concrete,2080,landfilling,0.13453193098812877
C-EEU-HRV,concrete,2080,recycling,0.8265358935266828
C-EEU-HRV,concrete,2080,reuse,0
C-EEU-HRV,concrete,2085,downcycling,0.03893217548518849
C-EEU-HRV,concrete,2085,incineration,0
C-EEU-HRV,concrete,2085,landfilling,0.13453193098812877
C-EEU-HRV,concrete,2085,recycling,0.8265358935266828
C-EEU-HRV,concrete,2085,reuse,0
C-EEU-HRV,concrete,2090,downcycling,0.03893217548518849
C-EEU-HRV,concrete,2090,incineration,0
C-EEU-HRV,concrete,2090,landfilling,0.13453193098812877
C-EEU-HRV,concrete,2090,recycling,0.8265358935266828
C-EEU-HRV,concrete,2090,reuse,0
C-EEU-HRV,concrete,2095,downcycling,0.03893217548518849
C-EEU-HRV,concrete,2095,incineration,0
C-EEU-HRV,concrete,2095,landfilling,0.13453193098812877
C-EEU-HRV,concrete,2095,recycling,0.8265358935266828
C-EEU-HRV,concrete,2095,reuse,0
C-EEU-HRV,concrete,2100,downcycling,0.03893217548518849
C-EEU-HRV,concrete,2100,incineration,0
C-EEU-HRV,concrete,2100,landfilling,0.13453193098812877
C-EEU-HRV,concrete,2100,recycling,0.8265358935266828
C-EEU-HRV,concrete,2100,reuse,0
C-EEU-HRV,copper,2015,downcycling,0
C-EEU-HRV,copper,2015,incineration,0
C-EEU-HRV,copper,2015,landfilling,0
C-EEU-HRV,copper,2015,recycling,1
C-EEU-HRV,copper,2015,reuse,0
C-EEU-HRV,copper,2020,downcycling,0
C-EEU-HRV,copper,2020,incineration,0
C-EEU-HRV,copper,2020,landfilling,0
C-EEU-HRV,copper,2020,recycling,1
C-EEU-HRV,copper,2020,reuse,0
C-EEU-HRV,copper,2025,downcycling,0
C-EEU-HRV,copper,2025,incineration,0
C-EEU-HRV,copper,2025,landfilling,0
C-EEU-HRV,copper,2025,recycling,1
C-EEU-HRV,copper,2025,reuse,0
C-EEU-HRV,copper,2030,downcycling,0
C-EEU-HRV,copper,2030,incineration,0
C-EEU-HRV,copper,2030,landfilling,0
C-EEU-HRV,copper,2030,recycling,1
C-EEU-HRV,copper,2030,reuse,0
C-EEU-HRV,copper,2035,downcycling,0
C-EEU-HRV,copper,2035,incineration,0
C-EEU-HRV,copper,2035,landfilling,0
C-EEU-HRV,copper,2035,recycling,1
C-EEU-HRV,copper,2035,reuse,0
C-EEU-HRV,copper,2040,downcycling,0
C-EEU-HRV,copper,2040,incineration,0
C-EEU-HRV,copper,2040,landfilling,0
C-EEU-HRV,copper,2040,recycling,1
C-EEU-HRV,copper,2040,reuse,0
C-EEU-HRV,copper,2045,downcycling,0
C-EEU-HRV,copper,2045,incineration,0
C-EEU-HRV,copper,2045,landfilling,0
C-EEU-HRV,copper,2045,recycling,1
C-EEU-HRV,copper,2045,reuse,0
C-EEU-HRV,copper,2050,downcycling,0
C-EEU-HRV,copper,2050,incineration,0
C-EEU-HRV,copper,2050,landfilling,0
C-EEU-HRV,copper,2050,recycling,1
C-EEU-HRV,copper,2050,reuse,0
C-EEU-HRV,copper,2055,downcycling,0
C-EEU-HRV,copper,2055,incineration,0
C-EEU-HRV,copper,2055,landfilling,0
C-EEU-HRV,copper,2055,recycling,1
C-EEU-HRV,copper,2055,reuse,0
C-EEU-HRV,copper,2060,downcycling,0
C-EEU-HRV,copper,2060,incineration,0
C-EEU-HRV,copper,2060,landfilling,0
C-EEU-HRV,copper,2060,recycling,1
C-EEU-HRV,copper,2060,reuse,0
C-EEU-HRV,copper,2065,downcycling,0
C-EEU-HRV,copper,2065,incineration,0
C-EEU-HRV,copper,2065,landfilling,0
C-EEU-HRV,copper,2065,recycling,1
C-EEU-HRV,copper,2065,reuse,0
C-EEU-HRV,copper,2070,downcycling,0
C-EEU-HRV,copper,2070,incineration,0
C-EEU-HRV,copper,2070,landfilling,0
C-EEU-HRV,copper,2070,recycling,1
C-EEU-HRV,copper,2070,reuse,0
C-EEU-HRV,copper,2075,downcycling,0
C-EEU-HRV,copper,2075,incineration,0
C-EEU-HRV,copper,2075,landfilling,0
C-EEU-HRV,copper,2075,recycling,1
C-EEU-HRV,copper,2075,reuse,0
C-EEU-HRV,copper,2080,downcycling,0
C-EEU-HRV,copper,2080,incineration,0
C-EEU-HRV,copper,2080,landfilling,0
C-EEU-HRV,copper,2080,recycling,1
C-EEU-HRV,copper,2080,reuse,0
C-EEU-HRV,copper,2085,downcycling,0
C-EEU-HRV,copper,2085,incineration,0
C-EEU-HRV,copper,2085,landfilling,0
C-EEU-HRV,copper,2085,recycling,1
C-EEU-HRV,copper,2085,reuse,0
C-EEU-HRV,copper,2090,downcycling,0
C-EEU-HRV,copper,2090,incineration,0
C-EEU-HRV,copper,2090,landfilling,0
C-EEU-HRV,copper,2090,recycling,1
C-EEU-HRV,copper,2090,reuse,0
C-EEU-HRV,copper,2095,downcycling,0
C-EEU-HRV,copper,2095,incineration,0
C-EEU-HRV,copper,2095,landfilling,0
C-EEU-HRV,copper,2095,recycling,1
C-EEU-HRV,copper,2095,reuse,0
C-EEU-HRV,copper,2100,downcycling,0
C-EEU-HRV,copper,2100,incineration,0
C-EEU-HRV,copper,2100,landfilling,0
C-EEU-HRV,copper,2100,recycling,1
C-EEU-HRV,copper,2100,reuse,0
C-EEU-HRV,glass,2015,downcycling,0.24
C-EEU-HRV,glass,2015,incineration,0
C-EEU-HRV,glass,2015,landfilling,0.7
C-EEU-HRV,glass,2015,recycling,0.06
C-EEU-HRV,glass,2015,reuse,0
C-EEU-HRV,glass,2020,downcycling,0.24
C-EEU-HRV,glass,2020,incineration,0
C-EEU-HRV,glass,2020,landfilling,0.7
C-EEU-HRV,glass,2020,recycling,0.06
C-EEU-HRV,glass,2020,reuse,0
C-EEU-HRV,glass,2025,downcycling,0.24
C-EEU-HRV,glass,2025,incineration,0
C-EEU-HRV,glass,2025,landfilling,0.7
C-EEU-HRV,glass,2025,recycling,0.06
C-EEU-HRV,glass,2025,reuse,0
C-EEU-HRV,glass,2030,downcycling,0.24
C-EEU-HRV,glass,2030,incineration,0
C-EEU-HRV,glass,2030,landfilling,0.7
C-EEU-HRV,glass,2030,recycling,0.06
C-EEU-HRV,glass,2030,reuse,0
C-EEU-HRV,glass,2035,downcycling,0.24
C-EEU-HRV,glass,2035,incineration,0
C-EEU-HRV,glass,2035,landfilling,0.7
C-EEU-HRV,glass,2035,recycling,0.06
C-EEU-HRV,glass,2035,reuse,0
C-EEU-HRV,glass,2040,downcycling,0.24
C-EEU-HRV,glass,2040,incineration,0
C-EEU-HRV,glass,2040,landfilling,0.7
C-EEU-HRV,glass,2040,recycling,0.06
C-EEU-HRV,glass,2040,reuse,0
C-EEU-HRV,glass,2045,downcycling,0.24
C-EEU-HRV,glass,2045,incineration,0
C-EEU-HRV,glass,2045,landfilling,0.7
C-EEU-HRV,glass,2045,recycling,0.06
C-EEU-HRV,glass,2045,reuse,0
C-EEU-HRV,glass,2050,downcycling,0.24
C-EEU-HRV,glass,2050,incineration,0
C-EEU-HRV,glass,2050,landfilling,0.7
C-EEU-HRV,glass,2050,recycling,0.06
C-EEU-HRV,glass,2050,reuse,0
C-EEU-HRV,glass,2055,downcycling,0.24
C-EEU-HRV,glass,2055,incineration,0
C-EEU-HRV,glass,2055,landfilling,0.7
C-EEU-HRV,glass,2055,recycling,0.06
C-EEU-HRV,glass,2055,reuse,0
C-EEU-HRV,glass,2060,downcycling,0.24
C-EEU-HRV,glass,2060,incineration,0
C-EEU-HRV,glass,2060,landfilling,0.7
C-EEU-HRV,glass,2060,recycling,0.06
C-EEU-HRV,glass,2060,reuse,0
C-EEU-HRV,glass,2065,downcycling,0.24
C-EEU-HRV,glass,2065,incineration,0
C-EEU-HRV,glass,2065,landfilling,0.7
C-EEU-HRV,glass,2065,recycling,0.06
C-EEU-HRV,glass,2065,reuse,0
C-EEU-HRV,glass,2070,downcycling,0.24
C-EEU-HRV,glass,2070,incineration,0
C-EEU-HRV,glass,2070,landfilling,0.7
C-EEU-HRV,glass,2070,recycling,0.06
C-EEU-HRV,glass,2070,reuse,0
C-EEU-HRV,glass,2075,downcycling,0.24
C-EEU-HRV,glass,2075,incineration,0
C-EEU-HRV,glass,2075,landfilling,0.7
C-EEU-HRV,glass,2075,recycling,0.06
C-EEU-HRV,glass,2075,reuse,0
C-EEU-HRV,glass,2080,downcycling,0.24
C-EEU-HRV,glass,2080,incineration,0
C-EEU-HRV,glass,2080,landfilling,0.7
C-EEU-HRV,glass,2080,recycling,0.06
C-EEU-HRV,glass,2080,reuse,0
C-EEU-HRV,glass,2085,downcycling,0.24
C-EEU-HRV,glass,2085,incineration,0
C-EEU-HRV,glass,2085,landfilling,0.7
C-EEU-HRV,glass,2085,recycling,0.06
C-EEU-HRV,glass,2085,reuse,0
C-EEU-HRV,glass,2090,downcycling,0.24
C-EEU-HRV,glass,2090,incineration,0
C-EEU-HRV,glass,2090,landfilling,0.7
C-EEU-HRV,glass,2090,recycling,0.06
C-EEU-HRV,glass,2090,reuse,0
C-EEU-HRV,glass,2095,downcycling,0.24
C-EEU-HRV,glass,2095,incineration,0
C-EEU-HRV,glass,2095,landfilling,0.7
C-EEU-HRV,glass,2095,recycling,0.06
C-EEU-HRV,glass,2095,reuse,0
C-EEU-HRV,glass,2100,downcycling,0.24
C-EEU-HRV,glass,2100,incineration,0
C-EEU-HRV,glass,2100,landfilling,0.7
C-EEU-HRV,glass,2100,recycling,0.06
C-EEU-HRV,glass,2100,reuse,0
C-EEU-HRV,steel,2015,downcycling,0
C-EEU-HRV,steel,2015,incineration,0
C-EEU-HRV,steel,2015,landfilling,1.8454468980344458e-5
C-EEU-HRV,steel,2015,recycling,0.9999815455310196
C-EEU-HRV,steel,2015,reuse,0
C-EEU-HRV,steel,2020,downcycling,0
C-EEU-HRV,steel,2020,incineration,0
C-EEU-HRV,steel,2020,landfilling,1.8454468980344458e-5
C-EEU-HRV,steel,2020,recycling,0.9999815455310196
C-EEU-HRV,steel,2020,reuse,0
C-EEU-HRV,steel,2025,downcycling,0
C-EEU-HRV,steel,2025,incineration,0
C-EEU-HRV,steel,2025,landfilling,1.8454468980344458e-5
C-EEU-HRV,steel,2025,recycling,0.9999815455310196
C-EEU-HRV,steel,2025,reuse,0
C-EEU-HRV,steel,2030,downcycling,0
C-EEU-HRV,steel,2030,incineration,0
C-EEU-HRV,steel,2030,landfilling,1.8454468980344458e-5
C-EEU-HRV,steel,2030,recycling,0.9999815455310196
C-EEU-HRV,steel,2030,reuse,0
C-EEU-HRV,steel,2035,downcycling,0
C-EEU-HRV,steel,2035,incineration,0
C-EEU-HRV,steel,2035,landfilling,1.8454468980344458e-5
C-EEU-HRV,steel,2035,recycling,0.9999815455310196
C-EEU-HRV,steel,2035,reuse,0
C-EEU-HRV,steel,2040,downcycling,0
C-EEU-HRV,steel,2040,incineration,0
C-EEU-HRV,steel,2040,landfilling,1.8454468980344458e-5
C-EEU-HRV,steel,2040,recycling,0.9999815455310196
C-EEU-HRV,steel,2040,reuse,0
C-EEU-HRV,steel,2045,downcycling,0
C-EEU-HRV,steel,2045,incineration,0
C-EEU-HRV,steel,2045,landfilling,1.8454468980344458e-5
C-EEU-HRV,steel,2045,recycling,0.9999815455310196
C-EEU-HRV,steel,2045,reuse,0
C-EEU-HRV,steel,2050,downcycling,0
C-EEU-HRV,steel,2050,incineration,0
C-EEU-HRV,steel,2050,landfilling,1.8454468980344458e-5
C-EEU-HRV,steel,2050,recycling,0.9999815455310196
C-EEU-HRV,steel,2050,reuse,0
C-EEU-HRV,steel,2055,downcycling,0
C-EEU-HRV,steel,2055,incineration,0
C-EEU-HRV,steel,2055,landfilling,1.8454468980344458e-5
C-EEU-HRV,steel,2055,recycling,0.9999815455310196
C-EEU-HRV,steel,2055,reuse,0
C-EEU-HRV,steel,2060,downcycling,0
C-EEU-HRV,steel,2060,incineration,0
C-EEU-HRV,steel,2060,landfilling,1.8454468980344458e-5
C-EEU-HRV,steel,2060,recycling,0.9999815455310196
C-EEU-HRV,steel,2060,reuse,0
C-EEU-HRV,steel,2065,downcycling,0
C-EEU-HRV,steel,2065,incineration,0
C-EEU-HRV,steel,2065,landfilling,1.8454468980344458e-5
C-EEU-HRV,steel,2065,recycling,0.9999815455310196
C-EEU-HRV,steel,2065,reuse,0
C-EEU-HRV,steel,2070,downcycling,0
C-EEU-HRV,steel,2070,incineration,0
C-EEU-HRV,steel,2070,landfilling,1.8454468980344458e-5
C-EEU-HRV,steel,2070,recycling,0.9999815455310196
C-EEU-HRV,steel,2070,reuse,0
C-EEU-HRV,steel,2075,downcycling,0
C-EEU-HRV,steel,2075,incineration,0
C-EEU-HRV,steel,2075,landfilling,1.8454468980344458e-5
C-EEU-HRV,steel,2075,recycling,0.9999815455310196
C-EEU-HRV,steel,2075,reuse,0
C-EEU-HRV,steel,2080,downcycling,0
C-EEU-HRV,steel,2080,incineration,0
C-EEU-HRV,steel,2080,landfilling,1.8454468980344458e-5
C-EEU-HRV,steel,2080,recycling,0.9999815455310196
C-EEU-HRV,steel,2080,reuse,0
C-EEU-HRV,steel,2085,downcycling,0
C-EEU-HRV,steel,2085,incineration,0
C-EEU-HRV,steel,2085,landfilling,1.8454468980344458e-5
C-EEU-HRV,steel,2085,recycling,0.9999815455310196
C-EEU-HRV,steel,2085,reuse,0
C-EEU-HRV,steel,2090,downcycling,0
C-EEU-HRV,steel,2090,incineration,0
C-EEU-HRV,steel,2090,landfilling,1.8454468980344458e-5
C-EEU-HRV,steel,2090,recycling,0.9999815455310196
C-EEU-HRV,steel,2090,reuse,0
C-EEU-HRV,steel,2095,downcycling,0
C-EEU-HRV,steel,2095,incineration,0
C-EEU-HRV,steel,2095,landfilling,1.8454468980344458e-5
C-EEU-HRV,steel,2095,recycling,0.9999815455310196
C-EEU-HRV,steel,2095,reuse,0
C-EEU-HRV,steel,2100,downcycling,0
C-EEU-HRV,steel,2100,incineration,0
C-EEU-HRV,steel,2100,landfilling,1.8454468980344458e-5
C-EEU-HRV,steel,2100,recycling,0.9999815455310196
C-EEU-HRV,steel,2100,reuse,0
C-EEU-HRV,wood,2015,downcycling,0
C-EEU-HRV,wood,2015,incineration,0.64
C-EEU-HRV,wood,2015,landfilling,0.06
C-EEU-HRV,wood,2015,recycling,0.3
C-EEU-HRV,wood,2015,reuse,0
C-EEU-HRV,wood,2020,downcycling,0
C-EEU-HRV,wood,2020,incineration,0.64
C-EEU-HRV,wood,2020,landfilling,0.06
C-EEU-HRV,wood,2020,recycling,0.3
C-EEU-HRV,wood,2020,reuse,0
C-EEU-HRV,wood,2025,downcycling,0
C-EEU-HRV,wood,2025,incineration,0.64
C-EEU-HRV,wood,2025,landfilling,0.06
C-EEU-HRV,wood,2025,recycling,0.3
C-EEU-HRV,wood,2025,reuse,0
C-EEU-HRV,wood,2030,downcycling,0
C-EEU-HRV,wood,2030,incineration,0.64
C-EEU-HRV,wood,2030,landfilling,0.06
C-EEU-HRV,wood,2030,recycling,0.3
C-EEU-HRV,wood,2030,reuse,0
C-EEU-HRV,wood,2035,downcycling,0
C-EEU-HRV,wood,2035,incineration,0.64
C-EEU-HRV,wood,2035,landfilling,0.06
C-EEU-HRV,wood,2035,recycling,0.3
C-EEU-HRV,wood,2035,reuse,0
C-EEU-HRV,wood,2040,downcycling,0
C-EEU-HRV,wood,2040,incineration,0.64
C-EEU-HRV,wood,2040,landfilling,0.06
C-EEU-HRV,wood,2040,recycling,0.3
C-EEU-HRV,wood,2040,reuse,0
C-EEU-HRV,wood,2045,downcycling,0
C-EEU-HRV,wood,2045,incineration,0.64
C-EEU-HRV,wood,2045,landfilling,0.06
C-EEU-HRV,wood,2045,recycling,0.3
C-EEU-HRV,wood,2045,reuse,0
C-EEU-HRV,wood,2050,downcycling,0
C-EEU-HRV,wood,2050,incineration,0.64
C-EEU-HRV,wood,2050,landfilling,0.06
C-EEU-HRV,wood,2050,recycling,0.3
C-EEU-HRV,wood,2050,reuse,0
C-EEU-HRV,wood,2055,downcycling,0
C-EEU-HRV,wood,2055,incineration,0.64
C-EEU-HRV,wood,2055,landfilling,0.06
C-EEU-HRV,wood,2055,recycling,0.3
C-EEU-HRV,wood,2055,reuse,0
C-EEU-HRV,wood,2060,downcycling,0
C-EEU-HRV,wood,2060,incineration,0.64
C-EEU-HRV,wood,2060,landfilling,0.06
C-EEU-HRV,wood,2060,recycling,0.3
C-EEU-HRV,wood,2060,reuse,0
C-EEU-HRV,wood,2065,downcycling,0
C-EEU-HRV,wood,2065,incineration,0.64
C-EEU-HRV,wood,2065,landfilling,0.06
C-EEU-HRV,wood,2065,recycling,0.3
C-EEU-HRV,wood,2065,reuse,0
C-EEU-HRV,wood,2070,downcycling,0
C-EEU-HRV,wood,2070,incineration,0.64
C-EEU-HRV,wood,2070,landfilling,0.06
C-EEU-HRV,wood,2070,recycling,0.3
C-EEU-HRV,wood,2070,reuse,0
C-EEU-HRV,wood,2075,downcycling,0
C-EEU-HRV,wood,2075,incineration,0.64
C-EEU-HRV,wood,2075,landfilling,0.06
C-EEU-HRV,wood,2075,recycling,0.3
C-EEU-HRV,wood,2075,reuse,0
C-EEU-HRV,wood,2080,downcycling,0
C-EEU-HRV,wood,2080,incineration,0.64
C-EEU-HRV,wood,2080,landfilling,0.06
C-EEU-HRV,wood,2080,recycling,0.3
C-EEU-HRV,wood,2080,reuse,0
C-EEU-HRV,wood,2085,downcycling,0
C-EEU-HRV,wood,2085,incineration,0.64
C-EEU-HRV,wood,2085,landfilling,0.06
C-EEU-HRV,wood,2085,recycling,0.3
C-EEU-HRV,wood,2085,reuse,0
C-EEU-HRV,wood,2090,downcycling,0
C-EEU-HRV,wood,2090,incineration,0.64
C-EEU-HRV,wood,2090,landfilling,0.06
C-EEU-HRV,wood,2090,recycling,0.3
C-EEU-HRV,wood,2090,reuse,0
C-EEU-HRV,wood,2095,downcycling,0
C-EEU-HRV,wood,2095,incineration,0.64
C-EEU-HRV,wood,2095,landfilling,0.06
C-EEU-HRV,wood,2095,recycling,0.3
C-EEU-HRV,wood,2095,reuse,0
C-EEU-HRV,wood,2100,downcycling,0
C-EEU-HRV,wood,2100,incineration,0.64
C-EEU-HRV,wood,2100,landfilling,0.06
C-EEU-HRV,wood,2100,recycling,0.3
C-EEU-HRV,wood,2100,reuse,0
C-EEU-HUN,aluminum,2015,downcycling,0
C-EEU-HUN,aluminum,2015,incineration,0
C-EEU-HUN,aluminum,2015,landfilling,5.304008062092254e-5
C-EEU-HUN,aluminum,2015,recycling,0.9999469599193792
C-EEU-HUN,aluminum,2015,reuse,0
C-EEU-HUN,aluminum,2020,downcycling,0
C-EEU-HUN,aluminum,2020,incineration,0
C-EEU-HUN,aluminum,2020,landfilling,5.304008062092254e-5
C-EEU-HUN,aluminum,2020,recycling,0.9999469599193792
C-EEU-HUN,aluminum,2020,reuse,0
C-EEU-HUN,aluminum,2025,downcycling,0
C-EEU-HUN,aluminum,2025,incineration,0
C-EEU-HUN,aluminum,2025,landfilling,5.304008062092254e-5
C-EEU-HUN,aluminum,2025,recycling,0.9999469599193792
C-EEU-HUN,aluminum,2025,reuse,0
C-EEU-HUN,aluminum,2030,downcycling,0
C-EEU-HUN,aluminum,2030,incineration,0
C-EEU-HUN,aluminum,2030,landfilling,5.304008062092254e-5
C-EEU-HUN,aluminum,2030,recycling,0.9999469599193792
C-EEU-HUN,aluminum,2030,reuse,0
C-EEU-HUN,aluminum,2035,downcycling,0
C-EEU-HUN,aluminum,2035,incineration,0
C-EEU-HUN,aluminum,2035,landfilling,5.304008062092254e-5
C-EEU-HUN,aluminum,2035,recycling,0.9999469599193792
C-EEU-HUN,aluminum,2035,reuse,0
C-EEU-HUN,aluminum,2040,downcycling,0
C-EEU-HUN,aluminum,2040,incineration,0
C-EEU-HUN,aluminum,2040,landfilling,5.304008062092254e-5
C-EEU-HUN,aluminum,2040,recycling,0.9999469599193792
C-EEU-HUN,aluminum,2040,reuse,0
C-EEU-HUN,aluminum,2045,downcycling,0
C-EEU-HUN,aluminum,2045,incineration,0
C-EEU-HUN,aluminum,2045,landfilling,5.304008062092254e-5
C-EEU-HUN,aluminum,2045,recycling,0.9999469599193792
C-EEU-HUN,aluminum,2045,reuse,0
C-EEU-HUN,aluminum,2050,downcycling,0
C-EEU-HUN,aluminum,2050,incineration,0
C-EEU-HUN,aluminum,2050,landfilling,5.304008062092254e-5
C-EEU-HUN,aluminum,2050,recycling,0.9999469599193792
C-EEU-HUN,aluminum,2050,reuse,0
C-EEU-HUN,aluminum,2055,downcycling,0
C-EEU-HUN,aluminum,2055,incineration,0
C-EEU-HUN,aluminum,2055,landfilling,5.304008062092254e-5
C-EEU-HUN,aluminum,2055,recycling,0.9999469599193792
C-EEU-HUN,aluminum,2055,reuse,0
C-EEU-HUN,aluminum,2060,downcycling,0
C-EEU-HUN,aluminum,2060,incineration,0
C-EEU-HUN,aluminum,2060,landfilling,5.304008062092254e-5
C-EEU-HUN,aluminum,2060,recycling,0.9999469599193792
C-EEU-HUN,aluminum,2060,reuse,0
C-EEU-HUN,aluminum,2065,downcycling,0
C-EEU-HUN,aluminum,2065,incineration,0
C-EEU-HUN,aluminum,2065,landfilling,5.304008062092254e-5
C-EEU-HUN,aluminum,2065,recycling,0.9999469599193792
C-EEU-HUN,aluminum,2065,reuse,0
C-EEU-HUN,aluminum,2070,downcycling,0
C-EEU-HUN,aluminum,2070,incineration,0
C-EEU-HUN,aluminum,2070,landfilling,5.304008062092254e-5
C-EEU-HUN,aluminum,2070,recycling,0.9999469599193792
C-EEU-HUN,aluminum,2070,reuse,0
C-EEU-HUN,aluminum,2075,downcycling,0
C-EEU-HUN,aluminum,2075,incineration,0
C-EEU-HUN,aluminum,2075,landfilling,5.304008062092254e-5
C-EEU-HUN,aluminum,2075,recycling,0.9999469599193792
C-EEU-HUN,aluminum,2075,reuse,0
C-EEU-HUN,aluminum,2080,downcycling,0
C-EEU-HUN,aluminum,2080,incineration,0
C-EEU-HUN,aluminum,2080,landfilling,5.304008062092254e-5
C-EEU-HUN,aluminum,2080,recycling,0.9999469599193792
C-EEU-HUN,aluminum,2080,reuse,0
C-EEU-HUN,aluminum,2085,downcycling,0
C-EEU-HUN,aluminum,2085,incineration,0
C-EEU-HUN,aluminum,2085,landfilling,5.304008062092254e-5
C-EEU-HUN,aluminum,2085,recycling,0.9999469599193792
C-EEU-HUN,aluminum,2085,reuse,0
C-EEU-HUN,aluminum,2090,downcycling,0
C-EEU-HUN,aluminum,2090,incineration,0
C-EEU-HUN,aluminum,2090,landfilling,5.304008062092254e-5
C-EEU-HUN,aluminum,2090,recycling,0.9999469599193792
C-EEU-HUN,aluminum,2090,reuse,0
C-EEU-HUN,aluminum,2095,downcycling,0
C-EEU-HUN,aluminum,2095,incineration,0
C-EEU-HUN,aluminum,2095,landfilling,5.304008062092254e-5
C-EEU-HUN,aluminum,2095,recycling,0.9999469599193792
C-EEU-HUN,aluminum,2095,reuse,0
C-EEU-HUN,aluminum,2100,downcycling,0
C-EEU-HUN,aluminum,2100,incineration,0
C-EEU-HUN,aluminum,2100,landfilling,5.304008062092254e-5
C-EEU-HUN,aluminum,2100,recycling,0.9999469599193792
C-EEU-HUN,aluminum,2100,reuse,0
C-EEU-HUN,brick,2015,downcycling,0.7620515902671512
C-EEU-HUN,brick,2015,incineration,0
C-EEU-HUN,brick,2015,landfilling,0.01556670607571545
C-EEU-HUN,brick,2015,recycling,0.22238170365713336
C-EEU-HUN,brick,2015,reuse,0
C-EEU-HUN,brick,2020,downcycling,0.7620515902671512
C-EEU-HUN,brick,2020,incineration,0
C-EEU-HUN,brick,2020,landfilling,0.01556670607571545
C-EEU-HUN,brick,2020,recycling,0.22238170365713336
C-EEU-HUN,brick,2020,reuse,0
C-EEU-HUN,brick,2025,downcycling,0.7620515902671512
C-EEU-HUN,brick,2025,incineration,0
C-EEU-HUN,brick,2025,landfilling,0.01556670607571545
C-EEU-HUN,brick,2025,recycling,0.22238170365713336
C-EEU-HUN,brick,2025,reuse,0
C-EEU-HUN,brick,2030,downcycling,0.7620515902671512
C-EEU-HUN,brick,2030,incineration,0
C-EEU-HUN,brick,2030,landfilling,0.01556670607571545
C-EEU-HUN,brick,2030,recycling,0.22238170365713336
C-EEU-HUN,brick,2030,reuse,0
C-EEU-HUN,brick,2035,downcycling,0.7620515902671512
C-EEU-HUN,brick,2035,incineration,0
C-EEU-HUN,brick,2035,landfilling,0.01556670607571545
C-EEU-HUN,brick,2035,recycling,0.22238170365713336
C-EEU-HUN,brick,2035,reuse,0
C-EEU-HUN,brick,2040,downcycling,0.7620515902671512
C-EEU-HUN,brick,2040,incineration,0
C-EEU-HUN,brick,2040,landfilling,0.01556670607571545
C-EEU-HUN,brick,2040,recycling,0.22238170365713336
C-EEU-HUN,brick,2040,reuse,0
C-EEU-HUN,brick,2045,downcycling,0.7620515902671512
C-EEU-HUN,brick,2045,incineration,0
C-EEU-HUN,brick,2045,landfilling,0.01556670607571545
C-EEU-HUN,brick,2045,recycling,0.22238170365713336
C-EEU-HUN,brick,2045,reuse,0
C-EEU-HUN,brick,2050,downcycling,0.7620515902671512
C-EEU-HUN,brick,2050,incineration,0
C-EEU-HUN,brick,2050,landfilling,0.01556670607571545
C-EEU-HUN,brick,2050,recycling,0.22238170365713336
C-EEU-HUN,brick,2050,reuse,0
C-EEU-HUN,brick,2055,downcycling,0.7620515902671512
C-EEU-HUN,brick,2055,incineration,0
C-EEU-HUN,brick,2055,landfilling,0.01556670607571545
C-EEU-HUN,brick,2055,recycling,0.22238170365713336
C-EEU-HUN,brick,2055,reuse,0
C-EEU-HUN,brick,2060,downcycling,0.7620515902671512
C-EEU-HUN,brick,2060,incineration,0
C-EEU-HUN,brick,2060,landfilling,0.01556670607571545
C-EEU-HUN,brick,2060,recycling,0.22238170365713336
C-EEU-HUN,brick,2060,reuse,0
C-EEU-HUN,brick,2065,downcycling,0.7620515902671512
C-EEU-HUN,brick,2065,incineration,0
C-EEU-HUN,brick,2065,landfilling,0.01556670607571545
C-EEU-HUN,brick,2065,recycling,0.22238170365713336
C-EEU-HUN,brick,2065,reuse,0
C-EEU-HUN,brick,2070,downcycling,0.7620515902671512
C-EEU-HUN,brick,2070,incineration,0
C-EEU-HUN,brick,2070,landfilling,0.01556670607571545
C-EEU-HUN,brick,2070,recycling,0.22238170365713336
C-EEU-HUN,brick,2070,reuse,0
C-EEU-HUN,brick,2075,downcycling,0.7620515902671512
C-EEU-HUN,brick,2075,incineration,0
C-EEU-HUN,brick,2075,landfilling,0.01556670607571545
C-EEU-HUN,brick,2075,recycling,0.22238170365713336
C-EEU-HUN,brick,2075,reuse,0
C-EEU-HUN,brick,2080,downcycling,0.7620515902671512
C-EEU-HUN,brick,2080,incineration,0
C-EEU-HUN,brick,2080,landfilling,0.01556670607571545
C-EEU-HUN,brick,2080,recycling,0.22238170365713336
C-EEU-HUN,brick,2080,reuse,0
C-EEU-HUN,brick,2085,downcycling,0.7620515902671512
C-EEU-HUN,brick,2085,incineration,0
C-EEU-HUN,brick,2085,landfilling,0.01556670607571545
C-EEU-HUN,brick,2085,recycling,0.22238170365713336
C-EEU-HUN,brick,2085,reuse,0
C-EEU-HUN,brick,2090,downcycling,0.7620515902671512
C-EEU-HUN,brick,2090,incineration,0
C-EEU-HUN,brick,2090,landfilling,0.01556670607571545
C-EEU-HUN,brick,2090,recycling,0.22238170365713336
C-EEU-HUN,brick,2090,reuse,0
C-EEU-HUN,brick,2095,downcycling,0.7620515902671512
C-EEU-HUN,brick,2095,incineration,0
C-EEU-HUN,brick,2095,landfilling,0.01556670607571545
C-EEU-HUN,brick,2095,recycling,0.22238170365713336
C-EEU-HUN,brick,2095,reuse,0
C-EEU-HUN,brick,2100,downcycling,0.7620515902671512
C-EEU-HUN,brick,2100,incineration,0
C-EEU-HUN,brick,2100,landfilling,0.01556670607571545
C-EEU-HUN,brick,2100,recycling,0.22238170365713336
C-EEU-HUN,brick,2100,reuse,0
C-EEU-HUN,concrete,2015,downcycling,0.7620515902671512
C-EEU-HUN,concrete,2015,incineration,0
C-EEU-HUN,concrete,2015,landfilling,0.01556670607571545
C-EEU-HUN,concrete,2015,recycling,0.22238170365713336
C-EEU-HUN,concrete,2015,reuse,0
C-EEU-HUN,concrete,2020,downcycling,0.7620515902671512
C-EEU-HUN,concrete,2020,incineration,0
C-EEU-HUN,concrete,2020,landfilling,0.01556670607571545
C-EEU-HUN,concrete,2020,recycling,0.22238170365713336
C-EEU-HUN,concrete,2020,reuse,0
C-EEU-HUN,concrete,2025,downcycling,0.7620515902671512
C-EEU-HUN,concrete,2025,incineration,0
C-EEU-HUN,concrete,2025,landfilling,0.01556670607571545
C-EEU-HUN,concrete,2025,recycling,0.22238170365713336
C-EEU-HUN,concrete,2025,reuse,0
C-EEU-HUN,concrete,2030,downcycling,0.7620515902671512
C-EEU-HUN,concrete,2030,incineration,0
C-EEU-HUN,concrete,2030,landfilling,0.01556670607571545
C-EEU-HUN,concrete,2030,recycling,0.22238170365713336
C-EEU-HUN,concrete,2030,reuse,0
C-EEU-HUN,concrete,2035,downcycling,0.7620515902671512
C-EEU-HUN,concrete,2035,incineration,0
C-EEU-HUN,concrete,2035,landfilling,0.01556670607571545
C-EEU-HUN,concrete,2035,recycling,0.22238170365713336
C-EEU-HUN,concrete,2035,reuse,0
C-EEU-HUN,concrete,2040,downcycling,0.7620515902671512
C-EEU-HUN,concrete,2040,incineration,0
C-EEU-HUN,concrete,2040,landfilling,0.01556670607571545
C-EEU-HUN,concrete,2040,recycling,0.22238170365713336
C-EEU-HUN,concrete,2040,reuse,0
C-EEU-HUN,concrete,2045,downcycling,0.7620515902671512
C-EEU-HUN,concrete,2045,incineration,0
C-EEU-HUN,concrete,2045,landfilling,0.01556670607571545
C-EEU-HUN,concrete,2045,recycling,0.22238170365713336
C-EEU-HUN,concrete,2045,reuse,0
C-EEU-HUN,concrete,2050,downcycling,0.7620515902671512
C-EEU-HUN,concrete,2050,incineration,0
C-EEU-HUN,concrete,2050,landfilling,0.01556670607571545
C-EEU-HUN,concrete,2050,recycling,0.22238170365713336
C-EEU-HUN,concrete,2050,reuse,0
C-EEU-HUN,concrete,2055,downcycling,0.7620515902671512
C-EEU-HUN,concrete,2055,incineration,0
C-EEU-HUN,concrete,2055,landfilling,0.01556670607571545
C-EEU-HUN,concrete,2055,recycling,0.22238170365713336
C-EEU-HUN,concrete,2055,reuse,0
C-EEU-HUN,concrete,2060,downcycling,0.7620515902671512
C-EEU-HUN,concrete,2060,incineration,0
C-EEU-HUN,concrete,2060,landfilling,0.01556670607571545
C-EEU-HUN,concrete,2060,recycling,0.22238170365713336
C-EEU-HUN,concrete,2060,reuse,0
C-EEU-HUN,concrete,2065,downcycling,0.7620515902671512
C-EEU-HUN,concrete,2065,incineration,0
C-EEU-HUN,concrete,2065,landfilling,0.01556670607571545
C-EEU-HUN,concrete,2065,recycling,0.22238170365713336
C-EEU-HUN,concrete,2065,reuse,0
C-EEU-HUN,concrete,2070,downcycling,0.7620515902671512
C-EEU-HUN,concrete,2070,incineration,0
C-EEU-HUN,concrete,2070,landfilling,0.01556670607571545
C-EEU-HUN,concrete,2070,recycling,0.22238170365713336
C-EEU-HUN,concrete,2070,reuse,0
C-EEU-HUN,concrete,2075,downcycling,0.7620515902671512
C-EEU-HUN,concrete,2075,incineration,0
C-EEU-HUN,concrete,2075,landfilling,0.01556670607571545
C-EEU-HUN,concrete,2075,recycling,0.22238170365713336
C-EEU-HUN,concrete,2075,reuse,0
C-EEU-HUN,concrete,2080,downcycling,0.7620515902671512
C-EEU-HUN,concrete,2080,incineration,0
C-EEU-HUN,concrete,2080,landfilling,0.01556670607571545
C-EEU-HUN,concrete,2080,recycling,0.22238170365713336
C-EEU-HUN,concrete,2080,reuse,0
C-EEU-HUN,concrete,2085,downcycling,0.7620515902671512
C-EEU-HUN,concrete,2085,incineration,0
C-EEU-HUN,concrete,2085,landfilling,0.01556670607571545
C-EEU-HUN,concrete,2085,recycling,0.22238170365713336
C-EEU-HUN,concrete,2085,reuse,0
C-EEU-HUN,concrete,2090,downcycling,0.7620515902671512
C-EEU-HUN,concrete,2090,incineration,0
C-EEU-HUN,concrete,2090,landfilling,0.01556670607571545
C-EEU-HUN,concrete,2090,recycling,0.22238170365713336
C-EEU-HUN,concrete,2090,reuse,0
C-EEU-HUN,concrete,2095,downcycling,0.7620515902671512
C-EEU-HUN,concrete,2095,incineration,0
C-EEU-HUN,concrete,2095,landfilling,0.01556670607571545
C-EEU-HUN,concrete,2095,recycling,0.22238170365713336
C-EEU-HUN,concrete,2095,reuse,0
C-EEU-HUN,concrete,2100,downcycling,0.7620515902671512
C-EEU-HUN,concrete,2100,incineration,0
C-EEU-HUN,concrete,2100,landfilling,0.01556670607571545
C-EEU-HUN,concrete,2100,recycling,0.22238170365713336
C-EEU-HUN,concrete,2100,reuse,0
C-EEU-HUN,copper,2015,downcycling,0
C-EEU-HUN,copper,2015,incineration,0
C-EEU-HUN,copper,2015,landfilling,5.304008062092254e-5
C-EEU-HUN,copper,2015,recycling,0.9999469599193792
C-EEU-HUN,copper,2015,reuse,0
C-EEU-HUN,copper,2020,downcycling,0
C-EEU-HUN,copper,2020,incineration,0
C-EEU-HUN,copper,2020,landfilling,5.304008062092254e-5
C-EEU-HUN,copper,2020,recycling,0.9999469599193792
C-EEU-HUN,copper,2020,reuse,0
C-EEU-HUN,copper,2025,downcycling,0
C-EEU-HUN,copper,2025,incineration,0
C-EEU-HUN,copper,2025,landfilling,5.304008062092254e-5
C-EEU-HUN,copper,2025,recycling,0.9999469599193792
C-EEU-HUN,copper,2025,reuse,0
C-EEU-HUN,copper,2030,downcycling,0
C-EEU-HUN,copper,2030,incineration,0
C-EEU-HUN,copper,2030,landfilling,5.304008062092254e-5
C-EEU-HUN,copper,2030,recycling,0.9999469599193792
C-EEU-HUN,copper,2030,reuse,0
C-EEU-HUN,copper,2035,downcycling,0
C-EEU-HUN,copper,2035,incineration,0
C-EEU-HUN,copper,2035,landfilling,5.304008062092254e-5
C-EEU-HUN,copper,2035,recycling,0.9999469599193792
C-EEU-HUN,copper,2035,reuse,0
C-EEU-HUN,copper,2040,downcycling,0
C-EEU-HUN,copper,2040,incineration,0
C-EEU-HUN,copper,2040,landfilling,5.304008062092254e-5
C-EEU-HUN,copper,2040,recycling,0.9999469599193792
C-EEU-HUN,copper,2040,reuse,0
C-EEU-HUN,copper,2045,downcycling,0
C-EEU-HUN,copper,2045,incineration,0
C-EEU-HUN,copper,2045,landfilling,5.304008062092254e-5
C-EEU-HUN,copper,2045,recycling,0.9999469599193792
C-EEU-HUN,copper,2045,reuse,0
C-EEU-HUN,copper,2050,downcycling,0
C-EEU-HUN,copper,2050,incineration,0
C-EEU-HUN,copper,2050,landfilling,5.304008062092254e-5
C-EEU-HUN,copper,2050,recycling,0.9999469599193792
C-EEU-HUN,copper,2050,reuse,0
C-EEU-HUN,copper,2055,downcycling,0
C-EEU-HUN,copper,2055,incineration,0
C-EEU-HUN,copper,2055,landfilling,5.304008062092254e-5
C-EEU-HUN,copper,2055,recycling,0.9999469599193792
C-EEU-HUN,copper,2055,reuse,0
C-EEU-HUN,copper,2060,downcycling,0
C-EEU-HUN,copper,2060,incineration,0
C-EEU-HUN,copper,2060,landfilling,5.304008062092254e-5
C-EEU-HUN,copper,2060,recycling,0.9999469599193792
C-EEU-HUN,copper,2060,reuse,0
C-EEU-HUN,copper,2065,downcycling,0
C-EEU-HUN,copper,2065,incineration,0
C-EEU-HUN,copper,2065,landfilling,5.304008062092254e-5
C-EEU-HUN,copper,2065,recycling,0.9999469599193792
C-EEU-HUN,copper,2065,reuse,0
C-EEU-HUN,copper,2070,downcycling,0
C-EEU-HUN,copper,2070,incineration,0
C-EEU-HUN,copper,2070,landfilling,5.304008062092254e-5
C-EEU-HUN,copper,2070,recycling,0.9999469599193792
C-EEU-HUN,copper,2070,reuse,0
C-EEU-HUN,copper,2075,downcycling,0
C-EEU-HUN,copper,2075,incineration,0
C-EEU-HUN,copper,2075,landfilling,5.304008062092254e-5
C-EEU-HUN,copper,2075,recycling,0.9999469599193792
C-EEU-HUN,copper,2075,reuse,0
C-EEU-HUN,copper,2080,downcycling,0
C-EEU-HUN,copper,2080,incineration,0
C-EEU-HUN,copper,2080,landfilling,5.304008062092254e-5
C-EEU-HUN,copper,2080,recycling,0.9999469599193792
C-EEU-HUN,copper,2080,reuse,0
C-EEU-HUN,copper,2085,downcycling,0
C-EEU-HUN,copper,2085,incineration,0
C-EEU-HUN,copper,2085,landfilling,5.304008062092254e-5
C-EEU-HUN,copper,2085,recycling,0.9999469599193792
C-EEU-HUN,copper,2085,reuse,0
C-EEU-HUN,copper,2090,downcycling,0
C-EEU-HUN,copper,2090,incineration,0
C-EEU-HUN,copper,2090,landfilling,5.304008062092254e-5
C-EEU-HUN,copper,2090,recycling,0.9999469599193792
C-EEU-HUN,copper,2090,reuse,0
C-EEU-HUN,copper,2095,downcycling,0
C-EEU-HUN,copper,2095,incineration,0
C-EEU-HUN,copper,2095,landfilling,5.304008062092254e-5
C-EEU-HUN,copper,2095,recycling,0.9999469599193792
C-EEU-HUN,copper,2095,reuse,0
C-EEU-HUN,copper,2100,downcycling,0
C-EEU-HUN,copper,2100,incineration,0
C-EEU-HUN,copper,2100,landfilling,5.304008062092254e-5
C-EEU-HUN,copper,2100,recycling,0.9999469599193792
C-EEU-HUN,copper,2100,reuse,0
C-EEU-HUN,glass,2015,downcycling,0.24
C-EEU-HUN,glass,2015,incineration,0
C-EEU-HUN,glass,2015,landfilling,0.7
C-EEU-HUN,glass,2015,recycling,0.06
C-EEU-HUN,glass,2015,reuse,0
C-EEU-HUN,glass,2020,downcycling,0.24
C-EEU-HUN,glass,2020,incineration,0
C-EEU-HUN,glass,2020,landfilling,0.7
C-EEU-HUN,glass,2020,recycling,0.06
C-EEU-HUN,glass,2020,reuse,0
C-EEU-HUN,glass,2025,downcycling,0.24
C-EEU-HUN,glass,2025,incineration,0
C-EEU-HUN,glass,2025,landfilling,0.7
C-EEU-HUN,glass,2025,recycling,0.06
C-EEU-HUN,glass,2025,reuse,0
C-EEU-HUN,glass,2030,downcycling,0.24
C-EEU-HUN,glass,2030,incineration,0
C-EEU-HUN,glass,2030,landfilling,0.7
C-EEU-HUN,glass,2030,recycling,0.06
C-EEU-HUN,glass,2030,reuse,0
C-EEU-HUN,glass,2035,downcycling,0.24
C-EEU-HUN,glass,2035,incineration,0
C-EEU-HUN,glass,2035,landfilling,0.7
C-EEU-HUN,glass,2035,recycling,0.06
C-EEU-HUN,glass,2035,reuse,0
C-EEU-HUN,glass,2040,downcycling,0.24
C-EEU-HUN,glass,2040,incineration,0
C-EEU-HUN,glass,2040,landfilling,0.7
C-EEU-HUN,glass,2040,recycling,0.06
C-EEU-HUN,glass,2040,reuse,0
C-EEU-HUN,glass,2045,downcycling,0.24
C-EEU-HUN,glass,2045,incineration,0
C-EEU-HUN,glass,2045,landfilling,0.7
C-EEU-HUN,glass,2045,recycling,0.06
C-EEU-HUN,glass,2045,reuse,0
C-EEU-HUN,glass,2050,downcycling,0.24
C-EEU-HUN,glass,2050,incineration,0
C-EEU-HUN,glass,2050,landfilling,0.7
C-EEU-HUN,glass,2050,recycling,0.06
C-EEU-HUN,glass,2050,reuse,0
C-EEU-HUN,glass,2055,downcycling,0.24
C-EEU-HUN,glass,2055,incineration,0
C-EEU-HUN,glass,2055,landfilling,0.7
C-EEU-HUN,glass,2055,recycling,0.06
C-EEU-HUN,glass,2055,reuse,0
C-EEU-HUN,glass,2060,downcycling,0.24
C-EEU-HUN,glass,2060,incineration,0
C-EEU-HUN,glass,2060,landfilling,0.7
C-EEU-HUN,glass,2060,recycling,0.06
C-EEU-HUN,glass,2060,reuse,0
C-EEU-HUN,glass,2065,downcycling,0.24
C-EEU-HUN,glass,2065,incineration,0
C-EEU-HUN,glass,2065,landfilling,0.7
C-EEU-HUN,glass,2065,recycling,0.06
C-EEU-HUN,glass,2065,reuse,0
C-EEU-HUN,glass,2070,downcycling,0.24
C-EEU-HUN,glass,2070,incineration,0
C-EEU-HUN,glass,2070,landfilling,0.7
C-EEU-HUN,glass,2070,recycling,0.06
C-EEU-HUN,glass,2070,reuse,0
C-EEU-HUN,glass,2075,downcycling,0.24
C-EEU-HUN,glass,2075,incineration,0
C-EEU-HUN,glass,2075,landfilling,0.7
C-EEU-HUN,glass,2075,recycling,0.06
C-EEU-HUN,glass,2075,reuse,0
C-EEU-HUN,glass,2080,downcycling,0.24
C-EEU-HUN,glass,2080,incineration,0
C-EEU-HUN,glass,2080,landfilling,0.7
C-EEU-HUN,glass,2080,recycling,0.06
C-EEU-HUN,glass,2080,reuse,0
C-EEU-HUN,glass,2085,downcycling,0.24
C-EEU-HUN,glass,2085,incineration,0
C-EEU-HUN,glass,2085,landfilling,0.7
C-EEU-HUN,glass,2085,recycling,0.06
C-EEU-HUN,glass,2085,reuse,0
C-EEU-HUN,glass,2090,downcycling,0.24
C-EEU-HUN,glass,2090,incineration,0
C-EEU-HUN,glass,2090,landfilling,0.7
C-EEU-HUN,glass,2090,recycling,0.06
C-EEU-HUN,glass,2090,reuse,0
C-EEU-HUN,glass,2095,downcycling,0.24
C-EEU-HUN,glass,2095,incineration,0
C-EEU-HUN,glass,2095,landfilling,0.7
C-EEU-HUN,glass,2095,recycling,0.06
C-EEU-HUN,glass,2095,reuse,0
C-EEU-HUN,glass,2100,downcycling,0.24
C-EEU-HUN,glass,2100,incineration,0
C-EEU-HUN,glass,2100,landfilling,0.7
C-EEU-HUN,glass,2100,recycling,0.06
C-EEU-HUN,glass,2100,reuse,0
C-EEU-HUN,steel,2015,downcycling,0
C-EEU-HUN,steel,2015,incineration,0
C-EEU-HUN,steel,2015,landfilling,1.3001098250668016e-4
C-EEU-HUN,steel,2015,recycling,0.9998699890174934
C-EEU-HUN,steel,2015,reuse,0
C-EEU-HUN,steel,2020,downcycling,0
C-EEU-HUN,steel,2020,incineration,0
C-EEU-HUN,steel,2020,landfilling,1.3001098250668016e-4
C-EEU-HUN,steel,2020,recycling,0.9998699890174934
C-EEU-HUN,steel,2020,reuse,0
C-EEU-HUN,steel,2025,downcycling,0
C-EEU-HUN,steel,2025,incineration,0
C-EEU-HUN,steel,2025,landfilling,1.3001098250668016e-4
C-EEU-HUN,steel,2025,recycling,0.9998699890174934
C-EEU-HUN,steel,2025,reuse,0
C-EEU-HUN,steel,2030,downcycling,0
C-EEU-HUN,steel,2030,incineration,0
C-EEU-HUN,steel,2030,landfilling,1.3001098250668016e-4
C-EEU-HUN,steel,2030,recycling,0.9998699890174934
C-EEU-HUN,steel,2030,reuse,0
C-EEU-HUN,steel,2035,downcycling,0
C-EEU-HUN,steel,2035,incineration,0
C-EEU-HUN,steel,2035,landfilling,1.3001098250668016e-4
C-EEU-HUN,steel,2035,recycling,0.9998699890174934
C-EEU-HUN,steel,2035,reuse,0
C-EEU-HUN,steel,2040,downcycling,0
C-EEU-HUN,steel,2040,incineration,0
C-EEU-HUN,steel,2040,landfilling,1.3001098250668016e-4
C-EEU-HUN,steel,2040,recycling,0.9998699890174934
C-EEU-HUN,steel,2040,reuse,0
C-EEU-HUN,steel,2045,downcycling,0
C-EEU-HUN,steel,2045,incineration,0
C-EEU-HUN,steel,2045,landfilling,1.3001098250668016e-4
C-EEU-HUN,steel,2045,recycling,0.9998699890174934
C-EEU-HUN,steel,2045,reuse,0
C-EEU-HUN,steel,2050,downcycling,0
C-EEU-HUN,steel,2050,incineration,0
C-EEU-HUN,steel,2050,landfilling,1.3001098250668016e-4
C-EEU-HUN,steel,2050,recycling,0.9998699890174934
C-EEU-HUN,steel,2050,reuse,0
C-EEU-HUN,steel,2055,downcycling,0
C-EEU-HUN,steel,2055,incineration,0
C-EEU-HUN,steel,2055,landfilling,1.3001098250668016e-4
C-EEU-HUN,steel,2055,recycling,0.9998699890174934
C-EEU-HUN,steel,2055,reuse,0
C-EEU-HUN,steel,2060,downcycling,0
C-EEU-HUN,steel,2060,incineration,0
C-EEU-HUN,steel,2060,landfilling,1.3001098250668016e-4
C-EEU-HUN,steel,2060,recycling,0.9998699890174934
C-EEU-HUN,steel,2060,reuse,0
C-EEU-HUN,steel,2065,downcycling,0
C-EEU-HUN,steel,2065,incineration,0
C-EEU-HUN,steel,2065,landfilling,1.3001098250668016e-4
C-EEU-HUN,steel,2065,recycling,0.9998699890174934
C-EEU-HUN,steel,2065,reuse,0
C-EEU-HUN,steel,2070,downcycling,0
C-EEU-HUN,steel,2070,incineration,0
C-EEU-HUN,steel,2070,landfilling,1.3001098250668016e-4
C-EEU-HUN,steel,2070,recycling,0.9998699890174934
C-EEU-HUN,steel,2070,reuse,0
C-EEU-HUN,steel,2075,downcycling,0
C-EEU-HUN,steel,2075,incineration,0
C-EEU-HUN,steel,2075,landfilling,1.3001098250668016e-4
C-EEU-HUN,steel,2075,recycling,0.9998699890174934
C-EEU-HUN,steel,2075,reuse,0
C-EEU-HUN,steel,2080,downcycling,0
C-EEU-HUN,steel,2080,incineration,0
C-EEU-HUN,steel,2080,landfilling,1.3001098250668016e-4
C-EEU-HUN,steel,2080,recycling,0.9998699890174934
C-EEU-HUN,steel,2080,reuse,0
C-EEU-HUN,steel,2085,downcycling,0
C-EEU-HUN,steel,2085,incineration,0
C-EEU-HUN,steel,2085,landfilling,1.3001098250668016e-4
C-EEU-HUN,steel,2085,recycling,0.9998699890174934
C-EEU-HUN,steel,2085,reuse,0
C-EEU-HUN,steel,2090,downcycling,0
C-EEU-HUN,steel,2090,incineration,0
C-EEU-HUN,steel,2090,landfilling,1.3001098250668016e-4
C-EEU-HUN,steel,2090,recycling,0.9998699890174934
C-EEU-HUN,steel,2090,reuse,0
C-EEU-HUN,steel,2095,downcycling,0
C-EEU-HUN,steel,2095,incineration,0
C-EEU-HUN,steel,2095,landfilling,1.3001098250668016e-4
C-EEU-HUN,steel,2095,recycling,0.9998699890174934
C-EEU-HUN,steel,2095,reuse,0
C-EEU-HUN,steel,2100,downcycling,0
C-EEU-HUN,steel,2100,incineration,0
C-EEU-HUN,steel,2100,landfilling,1.3001098250668016e-4
C-EEU-HUN,steel,2100,recycling,0.9998699890174934
C-EEU-HUN,steel,2100,reuse,0
C-EEU-HUN,wood,2015,downcycling,0
C-EEU-HUN,wood,2015,incineration,0.64
C-EEU-HUN,wood,2015,landfilling,0.06
C-EEU-HUN,wood,2015,recycling,0.3
C-EEU-HUN,wood,2015,reuse,0
C-EEU-HUN,wood,2020,downcycling,0
C-EEU-HUN,wood,2020,incineration,0.64
C-EEU-HUN,wood,2020,landfilling,0.06
C-EEU-HUN,wood,2020,recycling,0.3
C-EEU-HUN,wood,2020,reuse,0
C-EEU-HUN,wood,2025,downcycling,0
C-EEU-HUN,wood,2025,incineration,0.64
C-EEU-HUN,wood,2025,landfilling,0.06
C-EEU-HUN,wood,2025,recycling,0.3
C-EEU-HUN,wood,2025,reuse,0
C-EEU-HUN,wood,2030,downcycling,0
C-EEU-HUN,wood,2030,incineration,0.64
C-EEU-HUN,wood,2030,landfilling,0.06
C-EEU-HUN,wood,2030,recycling,0.3
C-EEU-HUN,wood,2030,reuse,0
C-EEU-HUN,wood,2035,downcycling,0
C-EEU-HUN,wood,2035,incineration,0.64
C-EEU-HUN,wood,2035,landfilling,0.06
C-EEU-HUN,wood,2035,recycling,0.3
C-EEU-HUN,wood,2035,reuse,0
C-EEU-HUN,wood,2040,downcycling,0
C-EEU-HUN,wood,2040,incineration,0.64
C-EEU-HUN,wood,2040,landfilling,0.06
C-EEU-HUN,wood,2040,recycling,0.3
C-EEU-HUN,wood,2040,reuse,0
C-EEU-HUN,wood,2045,downcycling,0
C-EEU-HUN,wood,2045,incineration,0.64
C-EEU-HUN,wood,2045,landfilling,0.06
C-EEU-HUN,wood,2045,recycling,0.3
C-EEU-HUN,wood,2045,reuse,0
C-EEU-HUN,wood,2050,downcycling,0
C-EEU-HUN,wood,2050,incineration,0.64
C-EEU-HUN,wood,2050,landfilling,0.06
C-EEU-HUN,wood,2050,recycling,0.3
C-EEU-HUN,wood,2050,reuse,0
C-EEU-HUN,wood,2055,downcycling,0
C-EEU-HUN,wood,2055,incineration,0.64
C-EEU-HUN,wood,2055,landfilling,0.06
C-EEU-HUN,wood,2055,recycling,0.3
C-EEU-HUN,wood,2055,reuse,0
C-EEU-HUN,wood,2060,downcycling,0
C-EEU-HUN,wood,2060,incineration,0.64
C-EEU-HUN,wood,2060,landfilling,0.06
C-EEU-HUN,wood,2060,recycling,0.3
C-EEU-HUN,wood,2060,reuse,0
C-EEU-HUN,wood,2065,downcycling,0
C-EEU-HUN,wood,2065,incineration,0.64
C-EEU-HUN,wood,2065,landfilling,0.06
C-EEU-HUN,wood,2065,recycling,0.3
C-EEU-HUN,wood,2065,reuse,0
C-EEU-HUN,wood,2070,downcycling,0
C-EEU-HUN,wood,2070,incineration,0.64
C-EEU-HUN,wood,2070,landfilling,0.06
C-EEU-HUN,wood,2070,recycling,0.3
C-EEU-HUN,wood,2070,reuse,0
C-EEU-HUN,wood,2075,downcycling,0
C-EEU-HUN,wood,2075,incineration,0.64
C-EEU-HUN,wood,2075,landfilling,0.06
C-EEU-HUN,wood,2075,recycling,0.3
C-EEU-HUN,wood,2075,reuse,0
C-EEU-HUN,wood,2080,downcycling,0
C-EEU-HUN,wood,2080,incineration,0.64
C-EEU-HUN,wood,2080,landfilling,0.06
C-EEU-HUN,wood,2080,recycling,0.3
C-EEU-HUN,wood,2080,reuse,0
C-EEU-HUN,wood,2085,downcycling,0
C-EEU-HUN,wood,2085,incineration,0.64
C-EEU-HUN,wood,2085,landfilling,0.06
C-EEU-HUN,wood,2085,recycling,0.3
C-EEU-HUN,wood,2085,reuse,0
C-EEU-HUN,wood,2090,downcycling,0
C-EEU-HUN,wood,2090,incineration,0.64
C-EEU-HUN,wood,2090,landfilling,0.06
C-EEU-HUN,wood,2090,recycling,0.3
C-EEU-HUN,wood,2090,reuse,0
C-EEU-HUN,wood,2095,downcycling,0
C-EEU-HUN,wood,2095,incineration,0.64
C-EEU-HUN,wood,2095,landfilling,0.06
C-EEU-HUN,wood,2095,recycling,0.3
C-EEU-HUN,wood,2095,reuse,0
C-EEU-HUN,wood,2100,downcycling,0
C-EEU-HUN,wood,2100,incineration,0.64
C-EEU-HUN,wood,2100,landfilling,0.06
C-EEU-HUN,wood,2100,recycling,0.3
C-EEU-HUN,wood,2100,reuse,0
C-EEU-LTU,aluminum,2015,downcycling,0
C-EEU-LTU,aluminum,2015,incineration,0
C-EEU-LTU,aluminum,2015,landfilling,3.5933981327468276e-4
C-EEU-LTU,aluminum,2015,recycling,0.9996406601867254
C-EEU-LTU,aluminum,2015,reuse,0
C-EEU-LTU,aluminum,2020,downcycling,0
C-EEU-LTU,aluminum,2020,incineration,0
C-EEU-LTU,aluminum,2020,landfilling,3.5933981327468276e-4
C-EEU-LTU,aluminum,2020,recycling,0.9996406601867254
C-EEU-LTU,aluminum,2020,reuse,0
C-EEU-LTU,aluminum,2025,downcycling,0
C-EEU-LTU,aluminum,2025,incineration,0
C-EEU-LTU,aluminum,2025,landfilling,3.5933981327468276e-4
C-EEU-LTU,aluminum,2025,recycling,0.9996406601867254
C-EEU-LTU,aluminum,2025,reuse,0
C-EEU-LTU,aluminum,2030,downcycling,0
C-EEU-LTU,aluminum,2030,incineration,0
C-EEU-LTU,aluminum,2030,landfilling,3.5933981327468276e-4
C-EEU-LTU,aluminum,2030,recycling,0.9996406601867254
C-EEU-LTU,aluminum,2030,reuse,0
C-EEU-LTU,aluminum,2035,downcycling,0
C-EEU-LTU,aluminum,2035,incineration,0
C-EEU-LTU,aluminum,2035,landfilling,3.5933981327468276e-4
C-EEU-LTU,aluminum,2035,recycling,0.9996406601867254
C-EEU-LTU,aluminum,2035,reuse,0
C-EEU-LTU,aluminum,2040,downcycling,0
C-EEU-LTU,aluminum,2040,incineration,0
C-EEU-LTU,aluminum,2040,landfilling,3.5933981327468276e-4
C-EEU-LTU,aluminum,2040,recycling,0.9996406601867254
C-EEU-LTU,aluminum,2040,reuse,0
C-EEU-LTU,aluminum,2045,downcycling,0
C-EEU-LTU,aluminum,2045,incineration,0
C-EEU-LTU,aluminum,2045,landfilling,3.5933981327468276e-4
C-EEU-LTU,aluminum,2045,recycling,0.9996406601867254
C-EEU-LTU,aluminum,2045,reuse,0
C-EEU-LTU,aluminum,2050,downcycling,0
C-EEU-LTU,aluminum,2050,incineration,0
C-EEU-LTU,aluminum,2050,landfilling,3.5933981327468276e-4
C-EEU-LTU,aluminum,2050,recycling,0.9996406601867254
C-EEU-LTU,aluminum,2050,reuse,0
C-EEU-LTU,aluminum,2055,downcycling,0
C-EEU-LTU,aluminum,2055,incineration,0
C-EEU-LTU,aluminum,2055,landfilling,3.5933981327468276e-4
C-EEU-LTU,aluminum,2055,recycling,0.9996406601867254
C-EEU-LTU,aluminum,2055,reuse,0
C-EEU-LTU,aluminum,2060,downcycling,0
C-EEU-LTU,aluminum,2060,incineration,0
C-EEU-LTU,aluminum,2060,landfilling,3.5933981327468276e-4
C-EEU-LTU,aluminum,2060,recycling,0.9996406601867254
C-EEU-LTU,aluminum,2060,reuse,0
C-EEU-LTU,aluminum,2065,downcycling,0
C-EEU-LTU,aluminum,2065,incineration,0
C-EEU-LTU,aluminum,2065,landfilling,3.5933981327468276e-4
C-EEU-LTU,aluminum,2065,recycling,0.9996406601867254
C-EEU-LTU,aluminum,2065,reuse,0
C-EEU-LTU,aluminum,2070,downcycling,0
C-EEU-LTU,aluminum,2070,incineration,0
C-EEU-LTU,aluminum,2070,landfilling,3.5933981327468276e-4
C-EEU-LTU,aluminum,2070,recycling,0.9996406601867254
C-EEU-LTU,aluminum,2070,reuse,0
C-EEU-LTU,aluminum,2075,downcycling,0
C-EEU-LTU,aluminum,2075,incineration,0
C-EEU-LTU,aluminum,2075,landfilling,3.5933981327468276e-4
C-EEU-LTU,aluminum,2075,recycling,0.9996406601867254
C-EEU-LTU,aluminum,2075,reuse,0
C-EEU-LTU,aluminum,2080,downcycling,0
C-EEU-LTU,aluminum,2080,incineration,0
C-EEU-LTU,aluminum,2080,landfilling,3.5933981327468276e-4
C-EEU-LTU,aluminum,2080,recycling,0.9996406601867254
C-EEU-LTU,aluminum,2080,reuse,0
C-EEU-LTU,aluminum,2085,downcycling,0
C-EEU-LTU,aluminum,2085,incineration,0
C-EEU-LTU,aluminum,2085,landfilling,3.5933981327468276e-4
C-EEU-LTU,aluminum,2085,recycling,0.9996406601867254
C-EEU-LTU,aluminum,2085,reuse,0
C-EEU-LTU,aluminum,2090,downcycling,0
C-EEU-LTU,aluminum,2090,incineration,0
C-EEU-LTU,aluminum,2090,landfilling,3.5933981327468276e-4
C-EEU-LTU,aluminum,2090,recycling,0.9996406601867254
C-EEU-LTU,aluminum,2090,reuse,0
C-EEU-LTU,aluminum,2095,downcycling,0
C-EEU-LTU,aluminum,2095,incineration,0
C-EEU-LTU,aluminum,2095,landfilling,3.5933981327468276e-4
C-EEU-LTU,aluminum,2095,recycling,0.9996406601867254
C-EEU-LTU,aluminum,2095,reuse,0
C-EEU-LTU,aluminum,2100,downcycling,0
C-EEU-LTU,aluminum,2100,incineration,0
C-EEU-LTU,aluminum,2100,landfilling,3.5933981327468276e-4
C-EEU-LTU,aluminum,2100,recycling,0.9996406601867254
C-EEU-LTU,aluminum,2100,reuse,0
C-EEU-LTU,brick,2015,downcycling,0.1581097502352331
C-EEU-LTU,brick,2015,incineration,0
C-EEU-LTU,brick,2015,landfilling,0.0287591197159235
C-EEU-LTU,brick,2015,recycling,0.8131311300488434
C-EEU-LTU,brick,2015,reuse,0
C-EEU-LTU,brick,2020,downcycling,0.1581097502352331
C-EEU-LTU,brick,2020,incineration,0
C-EEU-LTU,brick,2020,landfilling,0.0287591197159235
C-EEU-LTU,brick,2020,recycling,0.8131311300488434
C-EEU-LTU,brick,2020,reuse,0
C-EEU-LTU,brick,2025,downcycling,0.1581097502352331
C-EEU-LTU,brick,2025,incineration,0
C-EEU-LTU,brick,2025,landfilling,0.0287591197159235
C-EEU-LTU,brick,2025,recycling,0.8131311300488434
C-EEU-LTU,brick,2025,reuse,0
C-EEU-LTU,brick,2030,downcycling,0.1581097502352331
C-EEU-LTU,brick,2030,incineration,0
C-EEU-LTU,brick,2030,landfilling,0.0287591197159235
C-EEU-LTU,brick,2030,recycling,0.8131311300488434
C-EEU-LTU,brick,2030,reuse,0
C-EEU-LTU,brick,2035,downcycling,0.1581097502352331
C-EEU-LTU,brick,2035,incineration,0
C-EEU-LTU,brick,2035,landfilling,0.0287591197159235
C-EEU-LTU,brick,2035,recycling,0.8131311300488434
C-EEU-LTU,brick,2035,reuse,0
C-EEU-LTU,brick,2040,downcycling,0.1581097502352331
C-EEU-LTU,brick,2040,incineration,0
C-EEU-LTU,brick,2040,landfilling,0.0287591197159235
C-EEU-LTU,brick,2040,recycling,0.8131311300488434
C-EEU-LTU,brick,2040,reuse,0
C-EEU-LTU,brick,2045,downcycling,0.1581097502352331
C-EEU-LTU,brick,2045,incineration,0
C-EEU-LTU,brick,2045,landfilling,0.0287591197159235
C-EEU-LTU,brick,2045,recycling,0.8131311300488434
C-EEU-LTU,brick,2045,reuse,0
C-EEU-LTU,brick,2050,downcycling,0.1581097502352331
C-EEU-LTU,brick,2050,incineration,0
C-EEU-LTU,brick,2050,landfilling,0.0287591197159235
C-EEU-LTU,brick,2050,recycling,0.8131311300488434
C-EEU-LTU,brick,2050,reuse,0
C-EEU-LTU,brick,2055,downcycling,0.1581097502352331
C-EEU-LTU,brick,2055,incineration,0
C-EEU-LTU,brick,2055,landfilling,0.0287591197159235
C-EEU-LTU,brick,2055,recycling,0.8131311300488434
C-EEU-LTU,brick,2055,reuse,0
C-EEU-LTU,brick,2060,downcycling,0.1581097502352331
C-EEU-LTU,brick,2060,incineration,0
C-EEU-LTU,brick,2060,landfilling,0.0287591197159235
C-EEU-LTU,brick,2060,recycling,0.8131311300488434
C-EEU-LTU,brick,2060,reuse,0
C-EEU-LTU,brick,2065,downcycling,0.1581097502352331
C-EEU-LTU,brick,2065,incineration,0
C-EEU-LTU,brick,2065,landfilling,0.0287591197159235
C-EEU-LTU,brick,2065,recycling,0.8131311300488434
C-EEU-LTU,brick,2065,reuse,0
C-EEU-LTU,brick,2070,downcycling,0.1581097502352331
C-EEU-LTU,brick,2070,incineration,0
C-EEU-LTU,brick,2070,landfilling,0.0287591197159235
C-EEU-LTU,brick,2070,recycling,0.8131311300488434
C-EEU-LTU,brick,2070,reuse,0
C-EEU-LTU,brick,2075,downcycling,0.1581097502352331
C-EEU-LTU,brick,2075,incineration,0
C-EEU-LTU,brick,2075,landfilling,0.0287591197159235
C-EEU-LTU,brick,2075,recycling,0.8131311300488434
C-EEU-LTU,brick,2075,reuse,0
C-EEU-LTU,brick,2080,downcycling,0.1581097502352331
C-EEU-LTU,brick,2080,incineration,0
C-EEU-LTU,brick,2080,landfilling,0.0287591197159235
C-EEU-LTU,brick,2080,recycling,0.8131311300488434
C-EEU-LTU,brick,2080,reuse,0
C-EEU-LTU,brick,2085,downcycling,0.1581097502352331
C-EEU-LTU,brick,2085,incineration,0
C-EEU-LTU,brick,2085,landfilling,0.0287591197159235
C-EEU-LTU,brick,2085,recycling,0.8131311300488434
C-EEU-LTU,brick,2085,reuse,0
C-EEU-LTU,brick,2090,downcycling,0.1581097502352331
C-EEU-LTU,brick,2090,incineration,0
C-EEU-LTU,brick,2090,landfilling,0.0287591197159235
C-EEU-LTU,brick,2090,recycling,0.8131311300488434
C-EEU-LTU,brick,2090,reuse,0
C-EEU-LTU,brick,2095,downcycling,0.1581097502352331
C-EEU-LTU,brick,2095,incineration,0
C-EEU-LTU,brick,2095,landfilling,0.0287591197159235
C-EEU-LTU,brick,2095,recycling,0.8131311300488434
C-EEU-LTU,brick,2095,reuse,0
C-EEU-LTU,brick,2100,downcycling,0.1581097502352331
C-EEU-LTU,brick,2100,incineration,0
C-EEU-LTU,brick,2100,landfilling,0.0287591197159235
C-EEU-LTU,brick,2100,recycling,0.8131311300488434
C-EEU-LTU,brick,2100,reuse,0
C-EEU-LTU,concrete,2015,downcycling,0.1581097502352331
C-EEU-LTU,concrete,2015,incineration,0
C-EEU-LTU,concrete,2015,landfilling,0.0287591197159235
C-EEU-LTU,concrete,2015,recycling,0.8131311300488434
C-EEU-LTU,concrete,2015,reuse,0
C-EEU-LTU,concrete,2020,downcycling,0.1581097502352331
C-EEU-LTU,concrete,2020,incineration,0
C-EEU-LTU,concrete,2020,landfilling,0.0287591197159235
C-EEU-LTU,concrete,2020,recycling,0.8131311300488434
C-EEU-LTU,concrete,2020,reuse,0
C-EEU-LTU,concrete,2025,downcycling,0.1581097502352331
C-EEU-LTU,concrete,2025,incineration,0
C-EEU-LTU,concrete,2025,landfilling,0.0287591197159235
C-EEU-LTU,concrete,2025,recycling,0.8131311300488434
C-EEU-LTU,concrete,2025,reuse,0
C-EEU-LTU,concrete,2030,downcycling,0.1581097502352331
C-EEU-LTU,concrete,2030,incineration,0
C-EEU-LTU,concrete,2030,landfilling,0.0287591197159235
C-EEU-LTU,concrete,2030,recycling,0.8131311300488434
C-EEU-LTU,concrete,2030,reuse,0
C-EEU-LTU,concrete,2035,downcycling,0.1581097502352331
C-EEU-LTU,concrete,2035,incineration,0
C-EEU-LTU,concrete,2035,landfilling,0.0287591197159235
C-EEU-LTU,concrete,2035,recycling,0.8131311300488434
C-EEU-LTU,concrete,2035,reuse,0
C-EEU-LTU,concrete,2040,downcycling,0.1581097502352331
C-EEU-LTU,concrete,2040,incineration,0
C-EEU-LTU,concrete,2040,landfilling,0.0287591197159235
C-EEU-LTU,concrete,2040,recycling,0.8131311300488434
C-EEU-LTU,concrete,2040,reuse,0
C-EEU-LTU,concrete,2045,downcycling,0.1581097502352331
C-EEU-LTU,concrete,2045,incineration,0
C-EEU-LTU,concrete,2045,landfilling,0.0287591197159235
C-EEU-LTU,concrete,2045,recycling,0.8131311300488434
C-EEU-LTU,concrete,2045,reuse,0
C-EEU-LTU,concrete,2050,downcycling,0.1581097502352331
C-EEU-LTU,concrete,2050,incineration,0
C-EEU-LTU,concrete,2050,landfilling,0.0287591197159235
C-EEU-LTU,concrete,2050,recycling,0.8131311300488434
C-EEU-LTU,concrete,2050,reuse,0
C-EEU-LTU,concrete,2055,downcycling,0.1581097502352331
C-EEU-LTU,concrete,2055,incineration,0
C-EEU-LTU,concrete,2055,landfilling,0.0287591197159235
C-EEU-LTU,concrete,2055,recycling,0.8131311300488434
C-EEU-LTU,concrete,2055,reuse,0
C-EEU-LTU,concrete,2060,downcycling,0.1581097502352331
C-EEU-LTU,concrete,2060,incineration,0
C-EEU-LTU,concrete,2060,landfilling,0.0287591197159235
C-EEU-LTU,concrete,2060,recycling,0.8131311300488434
C-EEU-LTU,concrete,2060,reuse,0
C-EEU-LTU,concrete,2065,downcycling,0.1581097502352331
C-EEU-LTU,concrete,2065,incineration,0
C-EEU-LTU,concrete,2065,landfilling,0.0287591197159235
C-EEU-LTU,concrete,2065,recycling,0.8131311300488434
C-EEU-LTU,concrete,2065,reuse,0
C-EEU-LTU,concrete,2070,downcycling,0.1581097502352331
C-EEU-LTU,concrete,2070,incineration,0
C-EEU-LTU,concrete,2070,landfilling,0.0287591197159235
C-EEU-LTU,concrete,2070,recycling,0.8131311300488434
C-EEU-LTU,concrete,2070,reuse,0
C-EEU-LTU,concrete,2075,downcycling,0.1581097502352331
C-EEU-LTU,concrete,2075,incineration,0
C-EEU-LTU,concrete,2075,landfilling,0.0287591197159235
C-EEU-LTU,concrete,2075,recycling,0.8131311300488434
C-EEU-LTU,concrete,2075,reuse,0
C-EEU-LTU,concrete,2080,downcycling,0.1581097502352331
C-EEU-LTU,concrete,2080,incineration,0
C-EEU-LTU,concrete,2080,landfilling,0.0287591197159235
C-EEU-LTU,concrete,2080,recycling,0.8131311300488434
C-EEU-LTU,concrete,2080,reuse,0
C-EEU-LTU,concrete,2085,downcycling,0.1581097502352331
C-EEU-LTU,concrete,2085,incineration,0
C-EEU-LTU,concrete,2085,landfilling,0.0287591197159235
C-EEU-LTU,concrete,2085,recycling,0.8131311300488434
C-EEU-LTU,concrete,2085,reuse,0
C-EEU-LTU,concrete,2090,downcycling,0.1581097502352331
C-EEU-LTU,concrete,2090,incineration,0
C-EEU-LTU,concrete,2090,landfilling,0.0287591197159235
C-EEU-LTU,concrete,2090,recycling,0.8131311300488434
C-EEU-LTU,concrete,2090,reuse,0
C-EEU-LTU,concrete,2095,downcycling,0.1581097502352331
C-EEU-LTU,concrete,2095,incineration,0
C-EEU-LTU,concrete,2095,landfilling,0.0287591197159235
C-EEU-LTU,concrete,2095,recycling,0.8131311300488434
C-EEU-LTU,concrete,2095,reuse,0
C-EEU-LTU,concrete,2100,downcycling,0.1581097502352331
C-EEU-LTU,concrete,2100,incineration,0
C-EEU-LTU,concrete,2100,landfilling,0.0287591197159235
C-EEU-LTU,concrete,2100,recycling,0.8131311300488434
C-EEU-LTU,concrete,2100,reuse,0
C-EEU-LTU,copper,2015,downcycling,0
C-EEU-LTU,copper,2015,incineration,0
C-EEU-LTU,copper,2015,landfilling,3.5933981327468276e-4
C-EEU-LTU,copper,2015,recycling,0.9996406601867254
C-EEU-LTU,copper,2015,reuse,0
C-EEU-LTU,copper,2020,downcycling,0
C-EEU-LTU,copper,2020,incineration,0
C-EEU-LTU,copper,2020,landfilling,3.5933981327468276e-4
C-EEU-LTU,copper,2020,recycling,0.9996406601867254
C-EEU-LTU,copper,2020,reuse,0
C-EEU-LTU,copper,2025,downcycling,0
C-EEU-LTU,copper,2025,incineration,0
C-EEU-LTU,copper,2025,landfilling,3.5933981327468276e-4
C-EEU-LTU,copper,2025,recycling,0.9996406601867254
C-EEU-LTU,copper,2025,reuse,0
C-EEU-LTU,copper,2030,downcycling,0
C-EEU-LTU,copper,2030,incineration,0
C-EEU-LTU,copper,2030,landfilling,3.5933981327468276e-4
C-EEU-LTU,copper,2030,recycling,0.9996406601867254
C-EEU-LTU,copper,2030,reuse,0
C-EEU-LTU,copper,2035,downcycling,0
C-EEU-LTU,copper,2035,incineration,0
C-EEU-LTU,copper,2035,landfilling,3.5933981327468276e-4
C-EEU-LTU,copper,2035,recycling,0.9996406601867254
C-EEU-LTU,copper,2035,reuse,0
C-EEU-LTU,copper,2040,downcycling,0
C-EEU-LTU,copper,2040,incineration,0
C-EEU-LTU,copper,2040,landfilling,3.5933981327468276e-4
C-EEU-LTU,copper,2040,recycling,0.9996406601867254
C-EEU-LTU,copper,2040,reuse,0
C-EEU-LTU,copper,2045,downcycling,0
C-EEU-LTU,copper,2045,incineration,0
C-EEU-LTU,copper,2045,landfilling,3.5933981327468276e-4
C-EEU-LTU,copper,2045,recycling,0.9996406601867254
C-EEU-LTU,copper,2045,reuse,0
C-EEU-LTU,copper,2050,downcycling,0
C-EEU-LTU,copper,2050,incineration,0
C-EEU-LTU,copper,2050,landfilling,3.5933981327468276e-4
C-EEU-LTU,copper,2050,recycling,0.9996406601867254
C-EEU-LTU,copper,2050,reuse,0
C-EEU-LTU,copper,2055,downcycling,0
C-EEU-LTU,copper,2055,incineration,0
C-EEU-LTU,copper,2055,landfilling,3.5933981327468276e-4
C-EEU-LTU,copper,2055,recycling,0.9996406601867254
C-EEU-LTU,copper,2055,reuse,0
C-EEU-LTU,copper,2060,downcycling,0
C-EEU-LTU,copper,2060,incineration,0
C-EEU-LTU,copper,2060,landfilling,3.5933981327468276e-4
C-EEU-LTU,copper,2060,recycling,0.9996406601867254
C-EEU-LTU,copper,2060,reuse,0
C-EEU-LTU,copper,2065,downcycling,0
C-EEU-LTU,copper,2065,incineration,0
C-EEU-LTU,copper,2065,landfilling,3.5933981327468276e-4
C-EEU-LTU,copper,2065,recycling,0.9996406601867254
C-EEU-LTU,copper,2065,reuse,0
C-EEU-LTU,copper,2070,downcycling,0
C-EEU-LTU,copper,2070,incineration,0
C-EEU-LTU,copper,2070,landfilling,3.5933981327468276e-4
C-EEU-LTU,copper,2070,recycling,0.9996406601867254
C-EEU-LTU,copper,2070,reuse,0
C-EEU-LTU,copper,2075,downcycling,0
C-EEU-LTU,copper,2075,incineration,0
C-EEU-LTU,copper,2075,landfilling,3.5933981327468276e-4
C-EEU-LTU,copper,2075,recycling,0.9996406601867254
C-EEU-LTU,copper,2075,reuse,0
C-EEU-LTU,copper,2080,downcycling,0
C-EEU-LTU,copper,2080,incineration,0
C-EEU-LTU,copper,2080,landfilling,3.5933981327468276e-4
C-EEU-LTU,copper,2080,recycling,0.9996406601867254
C-EEU-LTU,copper,2080,reuse,0
C-EEU-LTU,copper,2085,downcycling,0
C-EEU-LTU,copper,2085,incineration,0
C-EEU-LTU,copper,2085,landfilling,3.5933981327468276e-4
C-EEU-LTU,copper,2085,recycling,0.9996406601867254
C-EEU-LTU,copper,2085,reuse,0
C-EEU-LTU,copper,2090,downcycling,0
C-EEU-LTU,copper,2090,incineration,0
C-EEU-LTU,copper,2090,landfilling,3.5933981327468276e-4
C-EEU-LTU,copper,2090,recycling,0.9996406601867254
C-EEU-LTU,copper,2090,reuse,0
C-EEU-LTU,copper,2095,downcycling,0
C-EEU-LTU,copper,2095,incineration,0
C-EEU-LTU,copper,2095,landfilling,3.5933981327468276e-4
C-EEU-LTU,copper,2095,recycling,0.9996406601867254
C-EEU-LTU,copper,2095,reuse,0
C-EEU-LTU,copper,2100,downcycling,0
C-EEU-LTU,copper,2100,incineration,0
C-EEU-LTU,copper,2100,landfilling,3.5933981327468276e-4
C-EEU-LTU,copper,2100,recycling,0.9996406601867254
C-EEU-LTU,copper,2100,reuse,0
C-EEU-LTU,glass,2015,downcycling,0.24
C-EEU-LTU,glass,2015,incineration,0
C-EEU-LTU,glass,2015,landfilling,0.7
C-EEU-LTU,glass,2015,recycling,0.06
C-EEU-LTU,glass,2015,reuse,0
C-EEU-LTU,glass,2020,downcycling,0.24
C-EEU-LTU,glass,2020,incineration,0
C-EEU-LTU,glass,2020,landfilling,0.7
C-EEU-LTU,glass,2020,recycling,0.06
C-EEU-LTU,glass,2020,reuse,0
C-EEU-LTU,glass,2025,downcycling,0.24
C-EEU-LTU,glass,2025,incineration,0
C-EEU-LTU,glass,2025,landfilling,0.7
C-EEU-LTU,glass,2025,recycling,0.06
C-EEU-LTU,glass,2025,reuse,0
C-EEU-LTU,glass,2030,downcycling,0.24
C-EEU-LTU,glass,2030,incineration,0
C-EEU-LTU,glass,2030,landfilling,0.7
C-EEU-LTU,glass,2030,recycling,0.06
C-EEU-LTU,glass,2030,reuse,0
C-EEU-LTU,glass,2035,downcycling,0.24
C-EEU-LTU,glass,2035,incineration,0
C-EEU-LTU,glass,2035,landfilling,0.7
C-EEU-LTU,glass,2035,recycling,0.06
C-EEU-LTU,glass,2035,reuse,0
C-EEU-LTU,glass,2040,downcycling,0.24
C-EEU-LTU,glass,2040,incineration,0
C-EEU-LTU,glass,2040,landfilling,0.7
C-EEU-LTU,glass,2040,recycling,0.06
C-EEU-LTU,glass,2040,reuse,0
C-EEU-LTU,glass,2045,downcycling,0.24
C-EEU-LTU,glass,2045,incineration,0
C-EEU-LTU,glass,2045,landfilling,0.7
C-EEU-LTU,glass,2045,recycling,0.06
C-EEU-LTU,glass,2045,reuse,0
C-EEU-LTU,glass,2050,downcycling,0.24
C-EEU-LTU,glass,2050,incineration,0
C-EEU-LTU,glass,2050,landfilling,0.7
C-EEU-LTU,glass,2050,recycling,0.06
C-EEU-LTU,glass,2050,reuse,0
C-EEU-LTU,glass,2055,downcycling,0.24
C-EEU-LTU,glass,2055,incineration,0
C-EEU-LTU,glass,2055,landfilling,0.7
C-EEU-LTU,glass,2055,recycling,0.06
C-EEU-LTU,glass,2055,reuse,0
C-EEU-LTU,glass,2060,downcycling,0.24
C-EEU-LTU,glass,2060,incineration,0
C-EEU-LTU,glass,2060,landfilling,0.7
C-EEU-LTU,glass,2060,recycling,0.06
C-EEU-LTU,glass,2060,reuse,0
C-EEU-LTU,glass,2065,downcycling,0.24
C-EEU-LTU,glass,2065,incineration,0
C-EEU-LTU,glass,2065,landfilling,0.7
C-EEU-LTU,glass,2065,recycling,0.06
C-EEU-LTU,glass,2065,reuse,0
C-EEU-LTU,glass,2070,downcycling,0.24
C-EEU-LTU,glass,2070,incineration,0
C-EEU-LTU,glass,2070,landfilling,0.7
C-EEU-LTU,glass,2070,recycling,0.06
C-EEU-LTU,glass,2070,reuse,0
C-EEU-LTU,glass,2075,downcycling,0.24
C-EEU-LTU,glass,2075,incineration,0
C-EEU-LTU,glass,2075,landfilling,0.7
C-EEU-LTU,glass,2075,recycling,0.06
C-EEU-LTU,glass,2075,reuse,0
C-EEU-LTU,glass,2080,downcycling,0.24
C-EEU-LTU,glass,2080,incineration,0
C-EEU-LTU,glass,2080,landfilling,0.7
C-EEU-LTU,glass,2080,recycling,0.06
C-EEU-LTU,glass,2080,reuse,0
C-EEU-LTU,glass,2085,downcycling,0.24
C-EEU-LTU,glass,2085,incineration,0
C-EEU-LTU,glass,2085,landfilling,0.7
C-EEU-LTU,glass,2085,recycling,0.06
C-EEU-LTU,glass,2085,reuse,0
C-EEU-LTU,glass,2090,downcycling,0.24
C-EEU-LTU,glass,2090,incineration,0
C-EEU-LTU,glass,2090,landfilling,0.7
C-EEU-LTU,glass,2090,recycling,0.06
C-EEU-LTU,glass,2090,reuse,0
C-EEU-LTU,glass,2095,downcycling,0.24
C-EEU-LTU,glass,2095,incineration,0
C-EEU-LTU,glass,2095,landfilling,0.7
C-EEU-LTU,glass,2095,recycling,0.06
C-EEU-LTU,glass,2095,reuse,0
C-EEU-LTU,glass,2100,downcycling,0.24
C-EEU-LTU,glass,2100,incineration,0
C-EEU-LTU,glass,2100,landfilling,0.7
C-EEU-LTU,glass,2100,recycling,0.06
C-EEU-LTU,glass,2100,reuse,0
C-EEU-LTU,steel,2015,downcycling,0
C-EEU-LTU,steel,2015,incineration,3.5611267405006946e-4
C-EEU-LTU,steel,2015,landfilling,0
C-EEU-LTU,steel,2015,recycling,0.99964388732595
C-EEU-LTU,steel,2015,reuse,0
C-EEU-LTU,steel,2020,downcycling,0
C-EEU-LTU,steel,2020,incineration,3.5611267405006946e-4
C-EEU-LTU,steel,2020,landfilling,0
C-EEU-LTU,steel,2020,recycling,0.99964388732595
C-EEU-LTU,steel,2020,reuse,0
C-EEU-LTU,steel,2025,downcycling,0
C-EEU-LTU,steel,2025,incineration,3.5611267405006946e-4
C-EEU-LTU,steel,2025,landfilling,0
C-EEU-LTU,steel,2025,recycling,0.99964388732595
C-EEU-LTU,steel,2025,reuse,0
C-EEU-LTU,steel,2030,downcycling,0
C-EEU-LTU,steel,2030,incineration,3.5611267405006946e-4
C-EEU-LTU,steel,2030,landfilling,0
C-EEU-LTU,steel,2030,recycling,0.99964388732595
C-EEU-LTU,steel,2030,reuse,0
C-EEU-LTU,steel,2035,downcycling,0
C-EEU-LTU,steel,2035,incineration,3.5611267405006946e-4
C-EEU-LTU,steel,2035,landfilling,0
C-EEU-LTU,steel,2035,recycling,0.99964388732595
C-EEU-LTU,steel,2035,reuse,0
C-EEU-LTU,steel,2040,downcycling,0
C-EEU-LTU,steel,2040,incineration,3.5611267405006946e-4
C-EEU-LTU,steel,2040,landfilling,0
C-EEU-LTU,steel,2040,recycling,0.99964388732595
C-EEU-LTU,steel,2040,reuse,0
C-EEU-LTU,steel,2045,downcycling,0
C-EEU-LTU,steel,2045,incineration,3.5611267405006946e-4
C-EEU-LTU,steel,2045,landfilling,0
C-EEU-LTU,steel,2045,recycling,0.99964388732595
C-EEU-LTU,steel,2045,reuse,0
C-EEU-LTU,steel,2050,downcycling,0
C-EEU-LTU,steel,2050,incineration,3.5611267405006946e-4
C-EEU-LTU,steel,2050,landfilling,0
C-EEU-LTU,steel,2050,recycling,0.99964388732595
C-EEU-LTU,steel,2050,reuse,0
C-EEU-LTU,steel,2055,downcycling,0
C-EEU-LTU,steel,2055,incineration,3.5611267405006946e-4
C-EEU-LTU,steel,2055,landfilling,0
C-EEU-LTU,steel,2055,recycling,0.99964388732595
C-EEU-LTU,steel,2055,reuse,0
C-EEU-LTU,steel,2060,downcycling,0
C-EEU-LTU,steel,2060,incineration,3.5611267405006946e-4
C-EEU-LTU,steel,2060,landfilling,0
C-EEU-LTU,steel,2060,recycling,0.99964388732595
C-EEU-LTU,steel,2060,reuse,0
C-EEU-LTU,steel,2065,downcycling,0
C-EEU-LTU,steel,2065,incineration,3.5611267405006946e-4
C-EEU-LTU,steel,2065,landfilling,0
C-EEU-LTU,steel,2065,recycling,0.99964388732595
C-EEU-LTU,steel,2065,reuse,0
C-EEU-LTU,steel,2070,downcycling,0
C-EEU-LTU,steel,2070,incineration,3.5611267405006946e-4
C-EEU-LTU,steel,2070,landfilling,0
C-EEU-LTU,steel,2070,recycling,0.99964388732595
C-EEU-LTU,steel,2070,reuse,0
C-EEU-LTU,steel,2075,downcycling,0
C-EEU-LTU,steel,2075,incineration,3.5611267405006946e-4
C-EEU-LTU,steel,2075,landfilling,0
C-EEU-LTU,steel,2075,recycling,0.99964388732595
C-EEU-LTU,steel,2075,reuse,0
C-EEU-LTU,steel,2080,downcycling,0
C-EEU-LTU,steel,2080,incineration,3.5611267405006946e-4
C-EEU-LTU,steel,2080,landfilling,0
C-EEU-LTU,steel,2080,recycling,0.99964388732595
C-EEU-LTU,steel,2080,reuse,0
C-EEU-LTU,steel,2085,downcycling,0
C-EEU-LTU,steel,2085,incineration,3.5611267405006946e-4
C-EEU-LTU,steel,2085,landfilling,0
C-EEU-LTU,steel,2085,recycling,0.99964388732595
C-EEU-LTU,steel,2085,reuse,0
C-EEU-LTU,steel,2090,downcycling,0
C-EEU-LTU,steel,2090,incineration,3.5611267405006946e-4
C-EEU-LTU,steel,2090,landfilling,0
C-EEU-LTU,steel,2090,recycling,0.99964388732595
C-EEU-LTU,steel,2090,reuse,0
C-EEU-LTU,steel,2095,downcycling,0
C-EEU-LTU,steel,2095,incineration,3.5611267405006946e-4
C-EEU-LTU,steel,2095,landfilling,0
C-EEU-LTU,steel,2095,recycling,0.99964388732595
C-EEU-LTU,steel,2095,reuse,0
C-EEU-LTU,steel,2100,downcycling,0
C-EEU-LTU,steel,2100,incineration,3.5611267405006946e-4
C-EEU-LTU,steel,2100,landfilling,0
C-EEU-LTU,steel,2100,recycling,0.99964388732595
C-EEU-LTU,steel,2100,reuse,0
C-EEU-LTU,wood,2015,downcycling,0
C-EEU-LTU,wood,2015,incineration,0.64
C-EEU-LTU,wood,2015,landfilling,0.06
C-EEU-LTU,wood,2015,recycling,0.3
C-EEU-LTU,wood,2015,reuse,0
C-EEU-LTU,wood,2020,downcycling,0
C-EEU-LTU,wood,2020,incineration,0.64
C-EEU-LTU,wood,2020,landfilling,0.06
C-EEU-LTU,wood,2020,recycling,0.3
C-EEU-LTU,wood,2020,reuse,0
C-EEU-LTU,wood,2025,downcycling,0
C-EEU-LTU,wood,2025,incineration,0.64
C-EEU-LTU,wood,2025,landfilling,0.06
C-EEU-LTU,wood,2025,recycling,0.3
C-EEU-LTU,wood,2025,reuse,0
C-EEU-LTU,wood,2030,downcycling,0
C-EEU-LTU,wood,2030,incineration,0.64
C-EEU-LTU,wood,2030,landfilling,0.06
C-EEU-LTU,wood,2030,recycling,0.3
C-EEU-LTU,wood,2030,reuse,0
C-EEU-LTU,wood,2035,downcycling,0
C-EEU-LTU,wood,2035,incineration,0.64
C-EEU-LTU,wood,2035,landfilling,0.06
C-EEU-LTU,wood,2035,recycling,0.3
C-EEU-LTU,wood,2035,reuse,0
C-EEU-LTU,wood,2040,downcycling,0
C-EEU-LTU,wood,2040,incineration,0.64
C-EEU-LTU,wood,2040,landfilling,0.06
C-EEU-LTU,wood,2040,recycling,0.3
C-EEU-LTU,wood,2040,reuse,0
C-EEU-LTU,wood,2045,downcycling,0
C-EEU-LTU,wood,2045,incineration,0.64
C-EEU-LTU,wood,2045,landfilling,0.06
C-EEU-LTU,wood,2045,recycling,0.3
C-EEU-LTU,wood,2045,reuse,0
C-EEU-LTU,wood,2050,downcycling,0
C-EEU-LTU,wood,2050,incineration,0.64
C-EEU-LTU,wood,2050,landfilling,0.06
C-EEU-LTU,wood,2050,recycling,0.3
C-EEU-LTU,wood,2050,reuse,0
C-EEU-LTU,wood,2055,downcycling,0
C-EEU-LTU,wood,2055,incineration,0.64
C-EEU-LTU,wood,2055,landfilling,0.06
C-EEU-LTU,wood,2055,recycling,0.3
C-EEU-LTU,wood,2055,reuse,0
C-EEU-LTU,wood,2060,downcycling,0
C-EEU-LTU,wood,2060,incineration,0.64
C-EEU-LTU,wood,2060,landfilling,0.06
C-EEU-LTU,wood,2060,recycling,0.3
C-EEU-LTU,wood,2060,reuse,0
C-EEU-LTU,wood,2065,downcycling,0
C-EEU-LTU,wood,2065,incineration,0.64
C-EEU-LTU,wood,2065,landfilling,0.06
C-EEU-LTU,wood,2065,recycling,0.3
C-EEU-LTU,wood,2065,reuse,0
C-EEU-LTU,wood,2070,downcycling,0
C-EEU-LTU,wood,2070,incineration,0.64
C-EEU-LTU,wood,2070,landfilling,0.06
C-EEU-LTU,wood,2070,recycling,0.3
C-EEU-LTU,wood,2070,reuse,0
C-EEU-LTU,wood,2075,downcycling,0
C-EEU-LTU,wood,2075,incineration,0.64
C-EEU-LTU,wood,2075,landfilling,0.06
C-EEU-LTU,wood,2075,recycling,0.3
C-EEU-LTU,wood,2075,reuse,0
C-EEU-LTU,wood,2080,downcycling,0
C-EEU-LTU,wood,2080,incineration,0.64
C-EEU-LTU,wood,2080,landfilling,0.06
C-EEU-LTU,wood,2080,recycling,0.3
C-EEU-LTU,wood,2080,reuse,0
C-EEU-LTU,wood,2085,downcycling,0
C-EEU-LTU,wood,2085,incineration,0.64
C-EEU-LTU,wood,2085,landfilling,0.06
C-EEU-LTU,wood,2085,recycling,0.3
C-EEU-LTU,wood,2085,reuse,0
C-EEU-LTU,wood,2090,downcycling,0
C-EEU-LTU,wood,2090,incineration,0.64
C-EEU-LTU,wood,2090,landfilling,0.06
C-EEU-LTU,wood,2090,recycling,0.3
C-EEU-LTU,wood,2090,reuse,0
C-EEU-LTU,wood,2095,downcycling,0
C-EEU-LTU,wood,2095,incineration,0.64
C-EEU-LTU,wood,2095,landfilling,0.06
C-EEU-LTU,wood,2095,recycling,0.3
C-EEU-LTU,wood,2095,reuse,0
C-EEU-LTU,wood,2100,downcycling,0
C-EEU-LTU,wood,2100,incineration,0.64
C-EEU-LTU,wood,2100,landfilling,0.06
C-EEU-LTU,wood,2100,recycling,0.3
C-EEU-LTU,wood,2100,reuse,0
C-EEU-LVA,aluminum,2015,downcycling,0
C-EEU-LVA,aluminum,2015,incineration,0
C-EEU-LVA,aluminum,2015,landfilling,3.534817956875221e-4
C-EEU-LVA,aluminum,2015,recycling,0.9996465182043124
C-EEU-LVA,aluminum,2015,reuse,0
C-EEU-LVA,aluminum,2020,downcycling,0
C-EEU-LVA,aluminum,2020,incineration,0
C-EEU-LVA,aluminum,2020,landfilling,3.534817956875221e-4
C-EEU-LVA,aluminum,2020,recycling,0.9996465182043124
C-EEU-LVA,aluminum,2020,reuse,0
C-EEU-LVA,aluminum,2025,downcycling,0
C-EEU-LVA,aluminum,2025,incineration,0
C-EEU-LVA,aluminum,2025,landfilling,3.534817956875221e-4
C-EEU-LVA,aluminum,2025,recycling,0.9996465182043124
C-EEU-LVA,aluminum,2025,reuse,0
C-EEU-LVA,aluminum,2030,downcycling,0
C-EEU-LVA,aluminum,2030,incineration,0
C-EEU-LVA,aluminum,2030,landfilling,3.534817956875221e-4
C-EEU-LVA,aluminum,2030,recycling,0.9996465182043124
C-EEU-LVA,aluminum,2030,reuse,0
C-EEU-LVA,aluminum,2035,downcycling,0
C-EEU-LVA,aluminum,2035,incineration,0
C-EEU-LVA,aluminum,2035,landfilling,3.534817956875221e-4
C-EEU-LVA,aluminum,2035,recycling,0.9996465182043124
C-EEU-LVA,aluminum,2035,reuse,0
C-EEU-LVA,aluminum,2040,downcycling,0
C-EEU-LVA,aluminum,2040,incineration,0
C-EEU-LVA,aluminum,2040,landfilling,3.534817956875221e-4
C-EEU-LVA,aluminum,2040,recycling,0.9996465182043124
C-EEU-LVA,aluminum,2040,reuse,0
C-EEU-LVA,aluminum,2045,downcycling,0
C-EEU-LVA,aluminum,2045,incineration,0
C-EEU-LVA,aluminum,2045,landfilling,3.534817956875221e-4
C-EEU-LVA,aluminum,2045,recycling,0.9996465182043124
C-EEU-LVA,aluminum,2045,reuse,0
C-EEU-LVA,aluminum,2050,downcycling,0
C-EEU-LVA,aluminum,2050,incineration,0
C-EEU-LVA,aluminum,2050,landfilling,3.534817956875221e-4
C-EEU-LVA,aluminum,2050,recycling,0.9996465182043124
C-EEU-LVA,aluminum,2050,reuse,0
C-EEU-LVA,aluminum,2055,downcycling,0
C-EEU-LVA,aluminum,2055,incineration,0
C-EEU-LVA,aluminum,2055,landfilling,3.534817956875221e-4
C-EEU-LVA,aluminum,2055,recycling,0.9996465182043124
C-EEU-LVA,aluminum,2055,reuse,0
C-EEU-LVA,aluminum,2060,downcycling,0
C-EEU-LVA,aluminum,2060,incineration,0
C-EEU-LVA,aluminum,2060,landfilling,3.534817956875221e-4
C-EEU-LVA,aluminum,2060,recycling,0.9996465182043124
C-EEU-LVA,aluminum,2060,reuse,0
C-EEU-LVA,aluminum,2065,downcycling,0
C-EEU-LVA,aluminum,2065,incineration,0
C-EEU-LVA,aluminum,2065,landfilling,3.534817956875221e-4
C-EEU-LVA,aluminum,2065,recycling,0.9996465182043124
C-EEU-LVA,aluminum,2065,reuse,0
C-EEU-LVA,aluminum,2070,downcycling,0
C-EEU-LVA,aluminum,2070,incineration,0
C-EEU-LVA,aluminum,2070,landfilling,3.534817956875221e-4
C-EEU-LVA,aluminum,2070,recycling,0.9996465182043124
C-EEU-LVA,aluminum,2070,reuse,0
C-EEU-LVA,aluminum,2075,downcycling,0
C-EEU-LVA,aluminum,2075,incineration,0
C-EEU-LVA,aluminum,2075,landfilling,3.534817956875221e-4
C-EEU-LVA,aluminum,2075,recycling,0.9996465182043124
C-EEU-LVA,aluminum,2075,reuse,0
C-EEU-LVA,aluminum,2080,downcycling,0
C-EEU-LVA,aluminum,2080,incineration,0
C-EEU-LVA,aluminum,2080,landfilling,3.534817956875221e-4
C-EEU-LVA,aluminum,2080,recycling,0.9996465182043124
C-EEU-LVA,aluminum,2080,reuse,0
C-EEU-LVA,aluminum,2085,downcycling,0
C-EEU-LVA,aluminum,2085,incineration,0
C-EEU-LVA,aluminum,2085,landfilling,3.534817956875221e-4
C-EEU-LVA,aluminum,2085,recycling,0.9996465182043124
C-EEU-LVA,aluminum,2085,reuse,0
C-EEU-LVA,aluminum,2090,downcycling,0
C-EEU-LVA,aluminum,2090,incineration,0
C-EEU-LVA,aluminum,2090,landfilling,3.534817956875221e-4
C-EEU-LVA,aluminum,2090,recycling,0.9996465182043124
C-EEU-LVA,aluminum,2090,reuse,0
C-EEU-LVA,aluminum,2095,downcycling,0
C-EEU-LVA,aluminum,2095,incineration,0
C-EEU-LVA,aluminum,2095,landfilling,3.534817956875221e-4
C-EEU-LVA,aluminum,2095,recycling,0.9996465182043124
C-EEU-LVA,aluminum,2095,reuse,0
C-EEU-LVA,aluminum,2100,downcycling,0
C-EEU-LVA,aluminum,2100,incineration,0
C-EEU-LVA,aluminum,2100,landfilling,3.534817956875221e-4
C-EEU-LVA,aluminum,2100,recycling,0.9996465182043124
C-EEU-LVA,aluminum,2100,reuse,0
C-EEU-LVA,brick,2015,downcycling,0.05574837192376421
C-EEU-LVA,brick,2015,incineration,0
C-EEU-LVA,brick,2015,landfilling,0.0743619407646391
C-EEU-LVA,brick,2015,recycling,0.8698896873115967
C-EEU-LVA,brick,2015,reuse,0
C-EEU-LVA,brick,2020,downcycling,0.05574837192376421
C-EEU-LVA,brick,2020,incineration,0
C-EEU-LVA,brick,2020,landfilling,0.0743619407646391
C-EEU-LVA,brick,2020,recycling,0.8698896873115967
C-EEU-LVA,brick,2020,reuse,0
C-EEU-LVA,brick,2025,downcycling,0.05574837192376421
C-EEU-LVA,brick,2025,incineration,0
C-EEU-LVA,brick,2025,landfilling,0.0743619407646391
C-EEU-LVA,brick,2025,recycling,0.8698896873115967
C-EEU-LVA,brick,2025,reuse,0
C-EEU-LVA,brick,2030,downcycling,0.05574837192376421
C-EEU-LVA,brick,2030,incineration,0
C-EEU-LVA,brick,2030,landfilling,0.0743619407646391
C-EEU-LVA,brick,2030,recycling,0.8698896873115967
C-EEU-LVA,brick,2030,reuse,0
C-EEU-LVA,brick,2035,downcycling,0.05574837192376421
C-EEU-LVA,brick,2035,incineration,0
C-EEU-LVA,brick,2035,landfilling,0.0743619407646391
C-EEU-LVA,brick,2035,recycling,0.8698896873115967
C-EEU-LVA,brick,2035,reuse,0
C-EEU-LVA,brick,2040,downcycling,0.05574837192376421
C-EEU-LVA,brick,2040,incineration,0
C-EEU-LVA,brick,2040,landfilling,0.0743619407646391
C-EEU-LVA,brick,2040,recycling,0.8698896873115967
C-EEU-LVA,brick,2040,reuse,0
C-EEU-LVA,brick,2045,downcycling,0.05574837192376421
C-EEU-LVA,brick,2045,incineration,0
C-EEU-LVA,brick,2045,landfilling,0.0743619407646391
C-EEU-LVA,brick,2045,recycling,0.8698896873115967
C-EEU-LVA,brick,2045,reuse,0
C-EEU-LVA,brick,2050,downcycling,0.05574837192376421
C-EEU-LVA,brick,2050,incineration,0
C-EEU-LVA,brick,2050,landfilling,0.0743619407646391
C-EEU-LVA,brick,2050,recycling,0.8698896873115967
C-EEU-LVA,brick,2050,reuse,0
C-EEU-LVA,brick,2055,downcycling,0.05574837192376421
C-EEU-LVA,brick,2055,incineration,0
C-EEU-LVA,brick,2055,landfilling,0.0743619407646391
C-EEU-LVA,brick,2055,recycling,0.8698896873115967
C-EEU-LVA,brick,2055,reuse,0
C-EEU-LVA,brick,2060,downcycling,0.05574837192376421
C-EEU-LVA,brick,2060,incineration,0
C-EEU-LVA,brick,2060,landfilling,0.0743619407646391
C-EEU-LVA,brick,2060,recycling,0.8698896873115967
C-EEU-LVA,brick,2060,reuse,0
C-EEU-LVA,brick,2065,downcycling,0.05574837192376421
C-EEU-LVA,brick,2065,incineration,0
C-EEU-LVA,brick,2065,landfilling,0.0743619407646391
C-EEU-LVA,brick,2065,recycling,0.8698896873115967
C-EEU-LVA,brick,2065,reuse,0
C-EEU-LVA,brick,2070,downcycling,0.05574837192376421
C-EEU-LVA,brick,2070,incineration,0
C-EEU-LVA,brick,2070,landfilling,0.0743619407646391
C-EEU-LVA,brick,2070,recycling,0.8698896873115967
C-EEU-LVA,brick,2070,reuse,0
C-EEU-LVA,brick,2075,downcycling,0.05574837192376421
C-EEU-LVA,brick,2075,incineration,0
C-EEU-LVA,brick,2075,landfilling,0.0743619407646391
C-EEU-LVA,brick,2075,recycling,0.8698896873115967
C-EEU-LVA,brick,2075,reuse,0
C-EEU-LVA,brick,2080,downcycling,0.05574837192376421
C-EEU-LVA,brick,2080,incineration,0
C-EEU-LVA,brick,2080,landfilling,0.0743619407646391
C-EEU-LVA,brick,2080,recycling,0.8698896873115967
C-EEU-LVA,brick,2080,reuse,0
C-EEU-LVA,brick,2085,downcycling,0.05574837192376421
C-EEU-LVA,brick,2085,incineration,0
C-EEU-LVA,brick,2085,landfilling,0.0743619407646391
C-EEU-LVA,brick,2085,recycling,0.8698896873115967
C-EEU-LVA,brick,2085,reuse,0
C-EEU-LVA,brick,2090,downcycling,0.05574837192376421
C-EEU-LVA,brick,2090,incineration,0
C-EEU-LVA,brick,2090,landfilling,0.0743619407646391
C-EEU-LVA,brick,2090,recycling,0.8698896873115967
C-EEU-LVA,brick,2090,reuse,0
C-EEU-LVA,brick,2095,downcycling,0.05574837192376421
C-EEU-LVA,brick,2095,incineration,0
C-EEU-LVA,brick,2095,landfilling,0.0743619407646391
C-EEU-LVA,brick,2095,recycling,0.8698896873115967
C-EEU-LVA,brick,2095,reuse,0
C-EEU-LVA,brick,2100,downcycling,0.05574837192376421
C-EEU-LVA,brick,2100,incineration,0
C-EEU-LVA,brick,2100,landfilling,0.0743619407646391
C-EEU-LVA,brick,2100,recycling,0.8698896873115967
C-EEU-LVA,brick,2100,reuse,0
C-EEU-LVA,concrete,2015,downcycling,0.05574837192376421
C-EEU-LVA,concrete,2015,incineration,0
C-EEU-LVA,concrete,2015,landfilling,0.0743619407646391
C-EEU-LVA,concrete,2015,recycling,0.8698896873115967
C-EEU-LVA,concrete,2015,reuse,0
C-EEU-LVA,concrete,2020,downcycling,0.05574837192376421
C-EEU-LVA,concrete,2020,incineration,0
C-EEU-LVA,concrete,2020,landfilling,0.0743619407646391
C-EEU-LVA,concrete,2020,recycling,0.8698896873115967
C-EEU-LVA,concrete,2020,reuse,0
C-EEU-LVA,concrete,2025,downcycling,0.05574837192376421
C-EEU-LVA,concrete,2025,incineration,0
C-EEU-LVA,concrete,2025,landfilling,0.0743619407646391
C-EEU-LVA,concrete,2025,recycling,0.8698896873115967
C-EEU-LVA,concrete,2025,reuse,0
C-EEU-LVA,concrete,2030,downcycling,0.05574837192376421
C-EEU-LVA,concrete,2030,incineration,0
C-EEU-LVA,concrete,2030,landfilling,0.0743619407646391
C-EEU-LVA,concrete,2030,recycling,0.8698896873115967
C-EEU-LVA,concrete,2030,reuse,0
C-EEU-LVA,concrete,2035,downcycling,0.05574837192376421
C-EEU-LVA,concrete,2035,incineration,0
C-EEU-LVA,concrete,2035,landfilling,0.0743619407646391
C-EEU-LVA,concrete,2035,recycling,0.8698896873115967
C-EEU-LVA,concrete,2035,reuse,0
C-EEU-LVA,concrete,2040,downcycling,0.05574837192376421
C-EEU-LVA,concrete,2040,incineration,0
C-EEU-LVA,concrete,2040,landfilling,0.0743619407646391
C-EEU-LVA,concrete,2040,recycling,0.8698896873115967
C-EEU-LVA,concrete,2040,reuse,0
C-EEU-LVA,concrete,2045,downcycling,0.05574837192376421
C-EEU-LVA,concrete,2045,incineration,0
C-EEU-LVA,concrete,2045,landfilling,0.0743619407646391
C-EEU-LVA,concrete,2045,recycling,0.8698896873115967
C-EEU-LVA,concrete,2045,reuse,0
C-EEU-LVA,concrete,2050,downcycling,0.05574837192376421
C-EEU-LVA,concrete,2050,incineration,0
C-EEU-LVA,concrete,2050,landfilling,0.0743619407646391
C-EEU-LVA,concrete,2050,recycling,0.8698896873115967
C-EEU-LVA,concrete,2050,reuse,0
C-EEU-LVA,concrete,2055,downcycling,0.05574837192376421
C-EEU-LVA,concrete,2055,incineration,0
C-EEU-LVA,concrete,2055,landfilling,0.0743619407646391
C-EEU-LVA,concrete,2055,recycling,0.8698896873115967
C-EEU-LVA,concrete,2055,reuse,0
C-EEU-LVA,concrete,2060,downcycling,0.05574837192376421
C-EEU-LVA,concrete,2060,incineration,0
C-EEU-LVA,concrete,2060,landfilling,0.0743619407646391
C-EEU-LVA,concrete,2060,recycling,0.8698896873115967
C-EEU-LVA,concrete,2060,reuse,0
C-EEU-LVA,concrete,2065,downcycling,0.05574837192376421
C-EEU-LVA,concrete,2065,incineration,0
C-EEU-LVA,concrete,2065,landfilling,0.0743619407646391
C-EEU-LVA,concrete,2065,recycling,0.8698896873115967
C-EEU-LVA,concrete,2065,reuse,0
C-EEU-LVA,concrete,2070,downcycling,0.05574837192376421
C-EEU-LVA,concrete,2070,incineration,0
C-EEU-LVA,concrete,2070,landfilling,0.0743619407646391
C-EEU-LVA,concrete,2070,recycling,0.8698896873115967
C-EEU-LVA,concrete,2070,reuse,0
C-EEU-LVA,concrete,2075,downcycling,0.05574837192376421
C-EEU-LVA,concrete,2075,incineration,0
C-EEU-LVA,concrete,2075,landfilling,0.0743619407646391
C-EEU-LVA,concrete,2075,recycling,0.8698896873115967
C-EEU-LVA,concrete,2075,reuse,0
C-EEU-LVA,concrete,2080,downcycling,0.05574837192376421
C-EEU-LVA,concrete,2080,incineration,0
C-EEU-LVA,concrete,2080,landfilling,0.0743619407646391
C-EEU-LVA,concrete,2080,recycling,0.8698896873115967
C-EEU-LVA,concrete,2080,reuse,0
C-EEU-LVA,concrete,2085,downcycling,0.05574837192376421
C-EEU-LVA,concrete,2085,incineration,0
C-EEU-LVA,concrete,2085,landfilling,0.0743619407646391
C-EEU-LVA,concrete,2085,recycling,0.8698896873115967
C-EEU-LVA,concrete,2085,reuse,0
C-EEU-LVA,concrete,2090,downcycling,0.05574837192376421
C-EEU-LVA,concrete,2090,incineration,0
C-EEU-LVA,concrete,2090,landfilling,0.0743619407646391
C-EEU-LVA,concrete,2090,recycling,0.8698896873115967
C-EEU-LVA,concrete,2090,reuse,0
C-EEU-LVA,concrete,2095,downcycling,0.05574837192376421
C-EEU-LVA,concrete,2095,incineration,0
C-EEU-LVA,concrete,2095,landfilling,0.0743619407646391
C-EEU-LVA,concrete,2095,recycling,0.8698896873115967
C-EEU-LVA,concrete,2095,reuse,0
C-EEU-LVA,concrete,2100,downcycling,0.05574837192376421
C-EEU-LVA,concrete,2100,incineration,0
C-EEU-LVA,concrete,2100,landfilling,0.0743619407646391
C-EEU-LVA,concrete,2100,recycling,0.8698896873115967
C-EEU-LVA,concrete,2100,reuse,0
C-EEU-LVA,copper,2015,downcycling,0
C-EEU-LVA,copper,2015,incineration,0
C-EEU-LVA,copper,2015,landfilling,3.534817956875221e-4
C-EEU-LVA,copper,2015,recycling,0.9996465182043124
C-EEU-LVA,copper,2015,reuse,0
C-EEU-LVA,copper,2020,downcycling,0
C-EEU-LVA,copper,2020,incineration,0
C-EEU-LVA,copper,2020,landfilling,3.534817956875221e-4
C-EEU-LVA,copper,2020,recycling,0.9996465182043124
C-EEU-LVA,copper,2020,reuse,0
C-EEU-LVA,copper,2025,downcycling,0
C-EEU-LVA,copper,2025,incineration,0
C-EEU-LVA,copper,2025,landfilling,3.534817956875221e-4
C-EEU-LVA,copper,2025,recycling,0.9996465182043124
C-EEU-LVA,copper,2025,reuse,0
C-EEU-LVA,copper,2030,downcycling,0
C-EEU-LVA,copper,2030,incineration,0
C-EEU-LVA,copper,2030,landfilling,3.534817956875221e-4
C-EEU-LVA,copper,2030,recycling,0.9996465182043124
C-EEU-LVA,copper,2030,reuse,0
C-EEU-LVA,copper,2035,downcycling,0
C-EEU-LVA,copper,2035,incineration,0
C-EEU-LVA,copper,2035,landfilling,3.534817956875221e-4
C-EEU-LVA,copper,2035,recycling,0.9996465182043124
C-EEU-LVA,copper,2035,reuse,0
C-EEU-LVA,copper,2040,downcycling,0
C-EEU-LVA,copper,2040,incineration,0
C-EEU-LVA,copper,2040,landfilling,3.534817956875221e-4
C-EEU-LVA,copper,2040,recycling,0.9996465182043124
C-EEU-LVA,copper,2040,reuse,0
C-EEU-LVA,copper,2045,downcycling,0
C-EEU-LVA,copper,2045,incineration,0
C-EEU-LVA,copper,2045,landfilling,3.534817956875221e-4
C-EEU-LVA,copper,2045,recycling,0.9996465182043124
C-EEU-LVA,copper,2045,reuse,0
C-EEU-LVA,copper,2050,downcycling,0
C-EEU-LVA,copper,2050,incineration,0
C-EEU-LVA,copper,2050,landfilling,3.534817956875221e-4
C-EEU-LVA,copper,2050,recycling,0.9996465182043124
C-EEU-LVA,copper,2050,reuse,0
C-EEU-LVA,copper,2055,downcycling,0
C-EEU-LVA,copper,2055,incineration,0
C-EEU-LVA,copper,2055,landfilling,3.534817956875221e-4
C-EEU-LVA,copper,2055,recycling,0.9996465182043124
C-EEU-LVA,copper,2055,reuse,0
C-EEU-LVA,copper,2060,downcycling,0
C-EEU-LVA,copper,2060,incineration,0
C-EEU-LVA,copper,2060,landfilling,3.534817956875221e-4
C-EEU-LVA,copper,2060,recycling,0.9996465182043124
C-EEU-LVA,copper,2060,reuse,0
C-EEU-LVA,copper,2065,downcycling,0
C-EEU-LVA,copper,2065,incineration,0
C-EEU-LVA,copper,2065,landfilling,3.534817956875221e-4
C-EEU-LVA,copper,2065,recycling,0.9996465182043124
C-EEU-LVA,copper,2065,reuse,0
C-EEU-LVA,copper,2070,downcycling,0
C-EEU-LVA,copper,2070,incineration,0
C-EEU-LVA,copper,2070,landfilling,3.534817956875221e-4
C-EEU-LVA,copper,2070,recycling,0.9996465182043124
C-EEU-LVA,copper,2070,reuse,0
C-EEU-LVA,copper,2075,downcycling,0
C-EEU-LVA,copper,2075,incineration,0
C-EEU-LVA,copper,2075,landfilling,3.534817956875221e-4
C-EEU-LVA,copper,2075,recycling,0.9996465182043124
C-EEU-LVA,copper,2075,reuse,0
C-EEU-LVA,copper,2080,downcycling,0
C-EEU-LVA,copper,2080,incineration,0
C-EEU-LVA,copper,2080,landfilling,3.534817956875221e-4
C-EEU-LVA,copper,2080,recycling,0.9996465182043124
C-EEU-LVA,copper,2080,reuse,0
C-EEU-LVA,copper,2085,downcycling,0
C-EEU-LVA,copper,2085,incineration,0
C-EEU-LVA,copper,2085,landfilling,3.534817956875221e-4
C-EEU-LVA,copper,2085,recycling,0.9996465182043124
C-EEU-LVA,copper,2085,reuse,0
C-EEU-LVA,copper,2090,downcycling,0
C-EEU-LVA,copper,2090,incineration,0
C-EEU-LVA,copper,2090,landfilling,3.534817956875221e-4
C-EEU-LVA,copper,2090,recycling,0.9996465182043124
C-EEU-LVA,copper,2090,reuse,0
C-EEU-LVA,copper,2095,downcycling,0
C-EEU-LVA,copper,2095,incineration,0
C-EEU-LVA,copper,2095,landfilling,3.534817956875221e-4
C-EEU-LVA,copper,2095,recycling,0.9996465182043124
C-EEU-LVA,copper,2095,reuse,0
C-EEU-LVA,copper,2100,downcycling,0
C-EEU-LVA,copper,2100,incineration,0
C-EEU-LVA,copper,2100,landfilling,3.534817956875221e-4
C-EEU-LVA,copper,2100,recycling,0.9996465182043124
C-EEU-LVA,copper,2100,reuse,0
C-EEU-LVA,glass,2015,downcycling,0.24
C-EEU-LVA,glass,2015,incineration,0
C-EEU-LVA,glass,2015,landfilling,0.7
C-EEU-LVA,glass,2015,recycling,0.06
C-EEU-LVA,glass,2015,reuse,0
C-EEU-LVA,glass,2020,downcycling,0.24
C-EEU-LVA,glass,2020,incineration,0
C-EEU-LVA,glass,2020,landfilling,0.7
C-EEU-LVA,glass,2020,recycling,0.06
C-EEU-LVA,glass,2020,reuse,0
C-EEU-LVA,glass,2025,downcycling,0.24
C-EEU-LVA,glass,2025,incineration,0
C-EEU-LVA,glass,2025,landfilling,0.7
C-EEU-LVA,glass,2025,recycling,0.06
C-EEU-LVA,glass,2025,reuse,0
C-EEU-LVA,glass,2030,downcycling,0.24
C-EEU-LVA,glass,2030,incineration,0
C-EEU-LVA,glass,2030,landfilling,0.7
C-EEU-LVA,glass,2030,recycling,0.06
C-EEU-LVA,glass,2030,reuse,0
C-EEU-LVA,glass,2035,downcycling,0.24
C-EEU-LVA,glass,2035,incineration,0
C-EEU-LVA,glass,2035,landfilling,0.7
C-EEU-LVA,glass,2035,recycling,0.06
C-EEU-LVA,glass,2035,reuse,0
C-EEU-LVA,glass,2040,downcycling,0.24
C-EEU-LVA,glass,2040,incineration,0
C-EEU-LVA,glass,2040,landfilling,0.7
C-EEU-LVA,glass,2040,recycling,0.06
C-EEU-LVA,glass,2040,reuse,0
C-EEU-LVA,glass,2045,downcycling,0.24
C-EEU-LVA,glass,2045,incineration,0
C-EEU-LVA,glass,2045,landfilling,0.7
C-EEU-LVA,glass,2045,recycling,0.06
C-EEU-LVA,glass,2045,reuse,0
C-EEU-LVA,glass,2050,downcycling,0.24
C-EEU-LVA,glass,2050,incineration,0
C-EEU-LVA,glass,2050,landfilling,0.7
C-EEU-LVA,glass,2050,recycling,0.06
C-EEU-LVA,glass,2050,reuse,0
C-EEU-LVA,glass,2055,downcycling,0.24
C-EEU-LVA,glass,2055,incineration,0
C-EEU-LVA,glass,2055,landfilling,0.7
C-EEU-LVA,glass,2055,recycling,0.06
C-EEU-LVA,glass,2055,reuse,0
C-EEU-LVA,glass,2060,downcycling,0.24
C-EEU-LVA,glass,2060,incineration,0
C-EEU-LVA,glass,2060,landfilling,0.7
C-EEU-LVA,glass,2060,recycling,0.06
C-EEU-LVA,glass,2060,reuse,0
C-EEU-LVA,glass,2065,downcycling,0.24
C-EEU-LVA,glass,2065,incineration,0
C-EEU-LVA,glass,2065,landfilling,0.7
C-EEU-LVA,glass,2065,recycling,0.06
C-EEU-LVA,glass,2065,reuse,0
C-EEU-LVA,glass,2070,downcycling,0.24
C-EEU-LVA,glass,2070,incineration,0
C-EEU-LVA,glass,2070,landfilling,0.7
C-EEU-LVA,glass,2070,recycling,0.06
C-EEU-LVA,glass,2070,reuse,0
C-EEU-LVA,glass,2075,downcycling,0.24
C-EEU-LVA,glass,2075,incineration,0
C-EEU-LVA,glass,2075,landfilling,0.7
C-EEU-LVA,glass,2075,recycling,0.06
C-EEU-LVA,glass,2075,reuse,0
C-EEU-LVA,glass,2080,downcycling,0.24
C-EEU-LVA,glass,2080,incineration,0
C-EEU-LVA,glass,2080,landfilling,0.7
C-EEU-LVA,glass,2080,recycling,0.06
C-EEU-LVA,glass,2080,reuse,0
C-EEU-LVA,glass,2085,downcycling,0.24
C-EEU-LVA,glass,2085,incineration,0
C-EEU-LVA,glass,2085,landfilling,0.7
C-EEU-LVA,glass,2085,recycling,0.06
C-EEU-LVA,glass,2085,reuse,0
C-EEU-LVA,glass,2090,downcycling,0.24
C-EEU-LVA,glass,2090,incineration,0
C-EEU-LVA,glass,2090,landfilling,0.7
C-EEU-LVA,glass,2090,recycling,0.06
C-EEU-LVA,glass,2090,reuse,0
C-EEU-LVA,glass,2095,downcycling,0.24
C-EEU-LVA,glass,2095,incineration,0
C-EEU-LVA,glass,2095,landfilling,0.7
C-EEU-LVA,glass,2095,recycling,0.06
C-EEU-LVA,glass,2095,reuse,0
C-EEU-LVA,glass,2100,downcycling,0.24
C-EEU-LVA,glass,2100,incineration,0
C-EEU-LVA,glass,2100,landfilling,0.7
C-EEU-LVA,glass,2100,recycling,0.06
C-EEU-LVA,glass,2100,reuse,0
C-EEU-LVA,steel,2015,downcycling,0
C-EEU-LVA,steel,2015,incineration,0
C-EEU-LVA,steel,2015,landfilling,0.00175783033512921
C-EEU-LVA,steel,2015,recycling,0.9982421696648708
C-EEU-LVA,steel,2015,reuse,0
C-EEU-LVA,steel,2020,downcycling,0
C-EEU-LVA,steel,2020,incineration,0
C-EEU-LVA,steel,2020,landfilling,0.00175783033512921
C-EEU-LVA,steel,2020,recycling,0.9982421696648708
C-EEU-LVA,steel,2020,reuse,0
C-EEU-LVA,steel,2025,downcycling,0
C-EEU-LVA,steel,2025,incineration,0
C-EEU-LVA,steel,2025,landfilling,0.00175783033512921
C-EEU-LVA,steel,2025,recycling,0.9982421696648708
C-EEU-LVA,steel,2025,reuse,0
C-EEU-LVA,steel,2030,downcycling,0
C-EEU-LVA,steel,2030,incineration,0
C-EEU-LVA,steel,2030,landfilling,0.00175783033512921
C-EEU-LVA,steel,2030,recycling,0.9982421696648708
C-EEU-LVA,steel,2030,reuse,0
C-EEU-LVA,steel,2035,downcycling,0
C-EEU-LVA,steel,2035,incineration,0
C-EEU-LVA,steel,2035,landfilling,0.00175783033512921
C-EEU-LVA,steel,2035,recycling,0.9982421696648708
C-EEU-LVA,steel,2035,reuse,0
C-EEU-LVA,steel,2040,downcycling,0
C-EEU-LVA,steel,2040,incineration,0
C-EEU-LVA,steel,2040,landfilling,0.00175783033512921
C-EEU-LVA,steel,2040,recycling,0.9982421696648708
C-EEU-LVA,steel,2040,reuse,0
C-EEU-LVA,steel,2045,downcycling,0
C-EEU-LVA,steel,2045,incineration,0
C-EEU-LVA,steel,2045,landfilling,0.00175783033512921
C-EEU-LVA,steel,2045,recycling,0.9982421696648708
C-EEU-LVA,steel,2045,reuse,0
C-EEU-LVA,steel,2050,downcycling,0
C-EEU-LVA,steel,2050,incineration,0
C-EEU-LVA,steel,2050,landfilling,0.00175783033512921
C-EEU-LVA,steel,2050,recycling,0.9982421696648708
C-EEU-LVA,steel,2050,reuse,0
C-EEU-LVA,steel,2055,downcycling,0
C-EEU-LVA,steel,2055,incineration,0
C-EEU-LVA,steel,2055,landfilling,0.00175783033512921
C-EEU-LVA,steel,2055,recycling,0.9982421696648708
C-EEU-LVA,steel,2055,reuse,0
C-EEU-LVA,steel,2060,downcycling,0
C-EEU-LVA,steel,2060,incineration,0
C-EEU-LVA,steel,2060,landfilling,0.00175783033512921
C-EEU-LVA,steel,2060,recycling,0.9982421696648708
C-EEU-LVA,steel,2060,reuse,0
C-EEU-LVA,steel,2065,downcycling,0
C-EEU-LVA,steel,2065,incineration,0
C-EEU-LVA,steel,2065,landfilling,0.00175783033512921
C-EEU-LVA,steel,2065,recycling,0.9982421696648708
C-EEU-LVA,steel,2065,reuse,0
C-EEU-LVA,steel,2070,downcycling,0
C-EEU-LVA,steel,2070,incineration,0
C-EEU-LVA,steel,2070,landfilling,0.00175783033512921
C-EEU-LVA,steel,2070,recycling,0.9982421696648708
C-EEU-LVA,steel,2070,reuse,0
C-EEU-LVA,steel,2075,downcycling,0
C-EEU-LVA,steel,2075,incineration,0
C-EEU-LVA,steel,2075,landfilling,0.00175783033512921
C-EEU-LVA,steel,2075,recycling,0.9982421696648708
C-EEU-LVA,steel,2075,reuse,0
C-EEU-LVA,steel,2080,downcycling,0
C-EEU-LVA,steel,2080,incineration,0
C-EEU-LVA,steel,2080,landfilling,0.00175783033512921
C-EEU-LVA,steel,2080,recycling,0.9982421696648708
C-EEU-LVA,steel,2080,reuse,0
C-EEU-LVA,steel,2085,downcycling,0
C-EEU-LVA,steel,2085,incineration,0
C-EEU-LVA,steel,2085,landfilling,0.00175783033512921
C-EEU-LVA,steel,2085,recycling,0.9982421696648708
C-EEU-LVA,steel,2085,reuse,0
C-EEU-LVA,steel,2090,downcycling,0
C-EEU-LVA,steel,2090,incineration,0
C-EEU-LVA,steel,2090,landfilling,0.00175783033512921
C-EEU-LVA,steel,2090,recycling,0.9982421696648708
C-EEU-LVA,steel,2090,reuse,0
C-EEU-LVA,steel,2095,downcycling,0
C-EEU-LVA,steel,2095,incineration,0
C-EEU-LVA,steel,2095,landfilling,0.00175783033512921
C-EEU-LVA,steel,2095,recycling,0.9982421696648708
C-EEU-LVA,steel,2095,reuse,0
C-EEU-LVA,steel,2100,downcycling,0
C-EEU-LVA,steel,2100,incineration,0
C-EEU-LVA,steel,2100,landfilling,0.00175783033512921
C-EEU-LVA,steel,2100,recycling,0.9982421696648708
C-EEU-LVA,steel,2100,reuse,0
C-EEU-LVA,wood,2015,downcycling,0
C-EEU-LVA,wood,2015,incineration,0.64
C-EEU-LVA,wood,2015,landfilling,0.06
C-EEU-LVA,wood,2015,recycling,0.3
C-EEU-LVA,wood,2015,reuse,0
C-EEU-LVA,wood,2020,downcycling,0
C-EEU-LVA,wood,2020,incineration,0.64
C-EEU-LVA,wood,2020,landfilling,0.06
C-EEU-LVA,wood,2020,recycling,0.3
C-EEU-LVA,wood,2020,reuse,0
C-EEU-LVA,wood,2025,downcycling,0
C-EEU-LVA,wood,2025,incineration,0.64
C-EEU-LVA,wood,2025,landfilling,0.06
C-EEU-LVA,wood,2025,recycling,0.3
C-EEU-LVA,wood,2025,reuse,0
C-EEU-LVA,wood,2030,downcycling,0
C-EEU-LVA,wood,2030,incineration,0.64
C-EEU-LVA,wood,2030,landfilling,0.06
C-EEU-LVA,wood,2030,recycling,0.3
C-EEU-LVA,wood,2030,reuse,0
C-EEU-LVA,wood,2035,downcycling,0
C-EEU-LVA,wood,2035,incineration,0.64
C-EEU-LVA,wood,2035,landfilling,0.06
C-EEU-LVA,wood,2035,recycling,0.3
C-EEU-LVA,wood,2035,reuse,0
C-EEU-LVA,wood,2040,downcycling,0
C-EEU-LVA,wood,2040,incineration,0.64
C-EEU-LVA,wood,2040,landfilling,0.06
C-EEU-LVA,wood,2040,recycling,0.3
C-EEU-LVA,wood,2040,reuse,0
C-EEU-LVA,wood,2045,downcycling,0
C-EEU-LVA,wood,2045,incineration,0.64
C-EEU-LVA,wood,2045,landfilling,0.06
C-EEU-LVA,wood,2045,recycling,0.3
C-EEU-LVA,wood,2045,reuse,0
C-EEU-LVA,wood,2050,downcycling,0
C-EEU-LVA,wood,2050,incineration,0.64
C-EEU-LVA,wood,2050,landfilling,0.06
C-EEU-LVA,wood,2050,recycling,0.3
C-EEU-LVA,wood,2050,reuse,0
C-EEU-LVA,wood,2055,downcycling,0
C-EEU-LVA,wood,2055,incineration,0.64
C-EEU-LVA,wood,2055,landfilling,0.06
C-EEU-LVA,wood,2055,recycling,0.3
C-EEU-LVA,wood,2055,reuse,0
C-EEU-LVA,wood,2060,downcycling,0
C-EEU-LVA,wood,2060,incineration,0.64
C-EEU-LVA,wood,2060,landfilling,0.06
C-EEU-LVA,wood,2060,recycling,0.3
C-EEU-LVA,wood,2060,reuse,0
C-EEU-LVA,wood,2065,downcycling,0
C-EEU-LVA,wood,2065,incineration,0.64
C-EEU-LVA,wood,2065,landfilling,0.06
C-EEU-LVA,wood,2065,recycling,0.3
C-EEU-LVA,wood,2065,reuse,0
C-EEU-LVA,wood,2070,downcycling,0
C-EEU-LVA,wood,2070,incineration,0.64
C-EEU-LVA,wood,2070,landfilling,0.06
C-EEU-LVA,wood,2070,recycling,0.3
C-EEU-LVA,wood,2070,reuse,0
C-EEU-LVA,wood,2075,downcycling,0
C-EEU-LVA,wood,2075,incineration,0.64
C-EEU-LVA,wood,2075,landfilling,0.06
C-EEU-LVA,wood,2075,recycling,0.3
C-EEU-LVA,wood,2075,reuse,0
C-EEU-LVA,wood,2080,downcycling,0
C-EEU-LVA,wood,2080,incineration,0.64
C-EEU-LVA,wood,2080,landfilling,0.06
C-EEU-LVA,wood,2080,recycling,0.3
C-EEU-LVA,wood,2080,reuse,0
C-EEU-LVA,wood,2085,downcycling,0
C-EEU-LVA,wood,2085,incineration,0.64
C-EEU-LVA,wood,2085,landfilling,0.06
C-EEU-LVA,wood,2085,recycling,0.3
C-EEU-LVA,wood,2085,reuse,0
C-EEU-LVA,wood,2090,downcycling,0
C-EEU-LVA,wood,2090,incineration,0.64
C-EEU-LVA,wood,2090,landfilling,0.06
C-EEU-LVA,wood,2090,recycling,0.3
C-EEU-LVA,wood,2090,reuse,0
C-EEU-LVA,wood,2095,downcycling,0
C-EEU-LVA,wood,2095,incineration,0.64
C-EEU-LVA,wood,2095,landfilling,0.06
C-EEU-LVA,wood,2095,recycling,0.3
C-EEU-LVA,wood,2095,reuse,0
C-EEU-LVA,wood,2100,downcycling,0
C-EEU-LVA,wood,2100,incineration,0.64
C-EEU-LVA,wood,2100,landfilling,0.06
C-EEU-LVA,wood,2100,recycling,0.3
C-EEU-LVA,wood,2100,reuse,0
C-EEU-POL,aluminum,2015,downcycling,0
C-EEU-POL,aluminum,2015,incineration,0
C-EEU-POL,aluminum,2015,landfilling,1.783038740317685e-4
C-EEU-POL,aluminum,2015,recycling,0.9998216961259684
C-EEU-POL,aluminum,2015,reuse,0
C-EEU-POL,aluminum,2020,downcycling,0
C-EEU-POL,aluminum,2020,incineration,0
C-EEU-POL,aluminum,2020,landfilling,1.783038740317685e-4
C-EEU-POL,aluminum,2020,recycling,0.9998216961259684
C-EEU-POL,aluminum,2020,reuse,0
C-EEU-POL,aluminum,2025,downcycling,0
C-EEU-POL,aluminum,2025,incineration,0
C-EEU-POL,aluminum,2025,landfilling,1.783038740317685e-4
C-EEU-POL,aluminum,2025,recycling,0.9998216961259684
C-EEU-POL,aluminum,2025,reuse,0
C-EEU-POL,aluminum,2030,downcycling,0
C-EEU-POL,aluminum,2030,incineration,0
C-EEU-POL,aluminum,2030,landfilling,1.783038740317685e-4
C-EEU-POL,aluminum,2030,recycling,0.9998216961259684
C-EEU-POL,aluminum,2030,reuse,0
C-EEU-POL,aluminum,2035,downcycling,0
C-EEU-POL,aluminum,2035,incineration,0
C-EEU-POL,aluminum,2035,landfilling,1.783038740317685e-4
C-EEU-POL,aluminum,2035,recycling,0.9998216961259684
C-EEU-POL,aluminum,2035,reuse,0
C-EEU-POL,aluminum,2040,downcycling,0
C-EEU-POL,aluminum,2040,incineration,0
C-EEU-POL,aluminum,2040,landfilling,1.783038740317685e-4
C-EEU-POL,aluminum,2040,recycling,0.9998216961259684
C-EEU-POL,aluminum,2040,reuse,0
C-EEU-POL,aluminum,2045,downcycling,0
C-EEU-POL,aluminum,2045,incineration,0
C-EEU-POL,aluminum,2045,landfilling,1.783038740317685e-4
C-EEU-POL,aluminum,2045,recycling,0.9998216961259684
C-EEU-POL,aluminum,2045,reuse,0
C-EEU-POL,aluminum,2050,downcycling,0
C-EEU-POL,aluminum,2050,incineration,0
C-EEU-POL,aluminum,2050,landfilling,1.783038740317685e-4
C-EEU-POL,aluminum,2050,recycling,0.9998216961259684
C-EEU-POL,aluminum,2050,reuse,0
C-EEU-POL,aluminum,2055,downcycling,0
C-EEU-POL,aluminum,2055,incineration,0
C-EEU-POL,aluminum,2055,landfilling,1.783038740317685e-4
C-EEU-POL,aluminum,2055,recycling,0.9998216961259684
C-EEU-POL,aluminum,2055,reuse,0
C-EEU-POL,aluminum,2060,downcycling,0
C-EEU-POL,aluminum,2060,incineration,0
C-EEU-POL,aluminum,2060,landfilling,1.783038740317685e-4
C-EEU-POL,aluminum,2060,recycling,0.9998216961259684
C-EEU-POL,aluminum,2060,reuse,0
C-EEU-POL,aluminum,2065,downcycling,0
C-EEU-POL,aluminum,2065,incineration,0
C-EEU-POL,aluminum,2065,landfilling,1.783038740317685e-4
C-EEU-POL,aluminum,2065,recycling,0.9998216961259684
C-EEU-POL,aluminum,2065,reuse,0
C-EEU-POL,aluminum,2070,downcycling,0
C-EEU-POL,aluminum,2070,incineration,0
C-EEU-POL,aluminum,2070,landfilling,1.783038740317685e-4
C-EEU-POL,aluminum,2070,recycling,0.9998216961259684
C-EEU-POL,aluminum,2070,reuse,0
C-EEU-POL,aluminum,2075,downcycling,0
C-EEU-POL,aluminum,2075,incineration,0
C-EEU-POL,aluminum,2075,landfilling,1.783038740317685e-4
C-EEU-POL,aluminum,2075,recycling,0.9998216961259684
C-EEU-POL,aluminum,2075,reuse,0
C-EEU-POL,aluminum,2080,downcycling,0
C-EEU-POL,aluminum,2080,incineration,0
C-EEU-POL,aluminum,2080,landfilling,1.783038740317685e-4
C-EEU-POL,aluminum,2080,recycling,0.9998216961259684
C-EEU-POL,aluminum,2080,reuse,0
C-EEU-POL,aluminum,2085,downcycling,0
C-EEU-POL,aluminum,2085,incineration,0
C-EEU-POL,aluminum,2085,landfilling,1.783038740317685e-4
C-EEU-POL,aluminum,2085,recycling,0.9998216961259684
C-EEU-POL,aluminum,2085,reuse,0
C-EEU-POL,aluminum,2090,downcycling,0
C-EEU-POL,aluminum,2090,incineration,0
C-EEU-POL,aluminum,2090,landfilling,1.783038740317685e-4
C-EEU-POL,aluminum,2090,recycling,0.9998216961259684
C-EEU-POL,aluminum,2090,reuse,0
C-EEU-POL,aluminum,2095,downcycling,0
C-EEU-POL,aluminum,2095,incineration,0
C-EEU-POL,aluminum,2095,landfilling,1.783038740317685e-4
C-EEU-POL,aluminum,2095,recycling,0.9998216961259684
C-EEU-POL,aluminum,2095,reuse,0
C-EEU-POL,aluminum,2100,downcycling,0
C-EEU-POL,aluminum,2100,incineration,0
C-EEU-POL,aluminum,2100,landfilling,1.783038740317685e-4
C-EEU-POL,aluminum,2100,recycling,0.9998216961259684
C-EEU-POL,aluminum,2100,reuse,0
C-EEU-POL,brick,2015,downcycling,0.4938242339200508
C-EEU-POL,brick,2015,incineration,0
C-EEU-POL,brick,2015,landfilling,0.16470830143759452
C-EEU-POL,brick,2015,recycling,0.34146746464235467
C-EEU-POL,brick,2015,reuse,0
C-EEU-POL,brick,2020,downcycling,0.4938242339200508
C-EEU-POL,brick,2020,incineration,0
C-EEU-POL,brick,2020,landfilling,0.16470830143759452
C-EEU-POL,brick,2020,recycling,0.34146746464235467
C-EEU-POL,brick,2020,reuse,0
C-EEU-POL,brick,2025,downcycling,0.4938242339200508
C-EEU-POL,brick,2025,incineration,0
C-EEU-POL,brick,2025,landfilling,0.16470830143759452
C-EEU-POL,brick,2025,recycling,0.34146746464235467
C-EEU-POL,brick,2025,reuse,0
C-EEU-POL,brick,2030,downcycling,0.4938242339200508
C-EEU-POL,brick,2030,incineration,0
C-EEU-POL,brick,2030,landfilling,0.16470830143759452
C-EEU-POL,brick,2030,recycling,0.34146746464235467
C-EEU-POL,brick,2030,reuse,0
C-EEU-POL,brick,2035,downcycling,0.4938242339200508
C-EEU-POL,brick,2035,incineration,0
C-EEU-POL,brick,2035,landfilling,0.16470830143759452
C-EEU-POL,brick,2035,recycling,0.34146746464235467
C-EEU-POL,brick,2035,reuse,0
C-EEU-POL,brick,2040,downcycling,0.4938242339200508
C-EEU-POL,brick,2040,incineration,0
C-EEU-POL,brick,2040,landfilling,0.16470830143759452
C-EEU-POL,brick,2040,recycling,0.34146746464235467
C-EEU-POL,brick,2040,reuse,0
C-EEU-POL,brick,2045,downcycling,0.4938242339200508
C-EEU-POL,brick,2045,incineration,0
C-EEU-POL,brick,2045,landfilling,0.16470830143759452
C-EEU-POL,brick,2045,recycling,0.34146746464235467
C-EEU-POL,brick,2045,reuse,0
C-EEU-POL,brick,2050,downcycling,0.4938242339200508
C-EEU-POL,brick,2050,incineration,0
C-EEU-POL,brick,2050,landfilling,0.16470830143759452
C-EEU-POL,brick,2050,recycling,0.34146746464235467
C-EEU-POL,brick,2050,reuse,0
C-EEU-POL,brick,2055,downcycling,0.4938242339200508
C-EEU-POL,brick,2055,incineration,0
C-EEU-POL,brick,2055,landfilling,0.16470830143759452
C-EEU-POL,brick,2055,recycling,0.34146746464235467
C-EEU-POL,brick,2055,reuse,0
C-EEU-POL,brick,2060,downcycling,0.4938242339200508
C-EEU-POL,brick,2060,incineration,0
C-EEU-POL,brick,2060,landfilling,0.16470830143759452
C-EEU-POL,brick,2060,recycling,0.34146746464235467
C-EEU-POL,brick,2060,reuse,0
C-EEU-POL,brick,2065,downcycling,0.4938242339200508
C-EEU-POL,brick,2065,incineration,0
C-EEU-POL,brick,2065,landfilling,0.16470830143759452
C-EEU-POL,brick,2065,recycling,0.34146746464235467
C-EEU-POL,brick,2065,reuse,0
C-EEU-POL,brick,2070,downcycling,0.4938242339200508
C-EEU-POL,brick,2070,incineration,0
C-EEU-POL,brick,2070,landfilling,0.16470830143759452
C-EEU-POL,brick,2070,recycling,0.34146746464235467
C-EEU-POL,brick,2070,reuse,0
C-EEU-POL,brick,2075,downcycling,0.4938242339200508
C-EEU-POL,brick,2075,incineration,0
C-EEU-POL,brick,2075,landfilling,0.16470830143759452
C-EEU-POL,brick,2075,recycling,0.34146746464235467
C-EEU-POL,brick,2075,reuse,0
C-EEU-POL,brick,2080,downcycling,0.4938242339200508
C-EEU-POL,brick,2080,incineration,0
C-EEU-POL,brick,2080,landfilling,0.16470830143759452
C-EEU-POL,brick,2080,recycling,0.34146746464235467
C-EEU-POL,brick,2080,reuse,0
C-EEU-POL,brick,2085,downcycling,0.4938242339200508
C-EEU-POL,brick,2085,incineration,0
C-EEU-POL,brick,2085,landfilling,0.16470830143759452
C-EEU-POL,brick,2085,recycling,0.34146746464235467
C-EEU-POL,brick,2085,reuse,0
C-EEU-POL,brick,2090,downcycling,0.4938242339200508
C-EEU-POL,brick,2090,incineration,0
C-EEU-POL,brick,2090,landfilling,0.16470830143759452
C-EEU-POL,brick,2090,recycling,0.34146746464235467
C-EEU-POL,brick,2090,reuse,0
C-EEU-POL,brick,2095,downcycling,0.4938242339200508
C-EEU-POL,brick,2095,incineration,0
C-EEU-POL,brick,2095,landfilling,0.16470830143759452
C-EEU-POL,brick,2095,recycling,0.34146746464235467
C-EEU-POL,brick,2095,reuse,0
C-EEU-POL,brick,2100,downcycling,0.4938242339200508
C-EEU-POL,brick,2100,incineration,0
C-EEU-POL,brick,2100,landfilling,0.16470830143759452
C-EEU-POL,brick,2100,recycling,0.34146746464235467
C-EEU-POL,brick,2100,reuse,0
C-EEU-POL,concrete,2015,downcycling,0.4938242339200508
C-EEU-POL,concrete,2015,incineration,0
C-EEU-POL,concrete,2015,landfilling,0.16470830143759452
C-EEU-POL,concrete,2015,recycling,0.34146746464235467
C-EEU-POL,concrete,2015,reuse,0
C-EEU-POL,concrete,2020,downcycling,0.4938242339200508
C-EEU-POL,concrete,2020,incineration,0
C-EEU-POL,concrete,2020,landfilling,0.16470830143759452
C-EEU-POL,concrete,2020,recycling,0.34146746464235467
C-EEU-POL,concrete,2020,reuse,0
C-EEU-POL,concrete,2025,downcycling,0.4938242339200508
C-EEU-POL,concrete,2025,incineration,0
C-EEU-POL,concrete,2025,landfilling,0.16470830143759452
C-EEU-POL,concrete,2025,recycling,0.34146746464235467
C-EEU-POL,concrete,2025,reuse,0
C-EEU-POL,concrete,2030,downcycling,0.4938242339200508
C-EEU-POL,concrete,2030,incineration,0
C-EEU-POL,concrete,2030,landfilling,0.16470830143759452
C-EEU-POL,concrete,2030,recycling,0.34146746464235467
C-EEU-POL,concrete,2030,reuse,0
C-EEU-POL,concrete,2035,downcycling,0.4938242339200508
C-EEU-POL,concrete,2035,incineration,0
C-EEU-POL,concrete,2035,landfilling,0.16470830143759452
C-EEU-POL,concrete,2035,recycling,0.34146746464235467
C-EEU-POL,concrete,2035,reuse,0
C-EEU-POL,concrete,2040,downcycling,0.4938242339200508
C-EEU-POL,concrete,2040,incineration,0
C-EEU-POL,concrete,2040,landfilling,0.16470830143759452
C-EEU-POL,concrete,2040,recycling,0.34146746464235467
C-EEU-POL,concrete,2040,reuse,0
C-EEU-POL,concrete,2045,downcycling,0.4938242339200508
C-EEU-POL,concrete,2045,incineration,0
C-EEU-POL,concrete,2045,landfilling,0.16470830143759452
C-EEU-POL,concrete,2045,recycling,0.34146746464235467
C-EEU-POL,concrete,2045,reuse,0
C-EEU-POL,concrete,2050,downcycling,0.4938242339200508
C-EEU-POL,concrete,2050,incineration,0
C-EEU-POL,concrete,2050,landfilling,0.16470830143759452
C-EEU-POL,concrete,2050,recycling,0.34146746464235467
C-EEU-POL,concrete,2050,reuse,0
C-EEU-POL,concrete,2055,downcycling,0.4938242339200508
C-EEU-POL,concrete,2055,incineration,0
C-EEU-POL,concrete,2055,landfilling,0.16470830143759452
C-EEU-POL,concrete,2055,recycling,0.34146746464235467
C-EEU-POL,concrete,2055,reuse,0
C-EEU-POL,concrete,2060,downcycling,0.4938242339200508
C-EEU-POL,concrete,2060,incineration,0
C-EEU-POL,concrete,2060,landfilling,0.16470830143759452
C-EEU-POL,concrete,2060,recycling,0.34146746464235467
C-EEU-POL,concrete,2060,reuse,0
C-EEU-POL,concrete,2065,downcycling,0.4938242339200508
C-EEU-POL,concrete,2065,incineration,0
C-EEU-POL,concrete,2065,landfilling,0.16470830143759452
C-EEU-POL,concrete,2065,recycling,0.34146746464235467
C-EEU-POL,concrete,2065,reuse,0
C-EEU-POL,concrete,2070,downcycling,0.4938242339200508
C-EEU-POL,concrete,2070,incineration,0
C-EEU-POL,concrete,2070,landfilling,0.16470830143759452
C-EEU-POL,concrete,2070,recycling,0.34146746464235467
C-EEU-POL,concrete,2070,reuse,0
C-EEU-POL,concrete,2075,downcycling,0.4938242339200508
C-EEU-POL,concrete,2075,incineration,0
C-EEU-POL,concrete,2075,landfilling,0.16470830143759452
C-EEU-POL,concrete,2075,recycling,0.34146746464235467
C-EEU-POL,concrete,2075,reuse,0
C-EEU-POL,concrete,2080,downcycling,0.4938242339200508
C-EEU-POL,concrete,2080,incineration,0
C-EEU-POL,concrete,2080,landfilling,0.16470830143759452
C-EEU-POL,concrete,2080,recycling,0.34146746464235467
C-EEU-POL,concrete,2080,reuse,0
C-EEU-POL,concrete,2085,downcycling,0.4938242339200508
C-EEU-POL,concrete,2085,incineration,0
C-EEU-POL,concrete,2085,landfilling,0.16470830143759452
C-EEU-POL,concrete,2085,recycling,0.34146746464235467
C-EEU-POL,concrete,2085,reuse,0
C-EEU-POL,concrete,2090,downcycling,0.4938242339200508
C-EEU-POL,concrete,2090,incineration,0
C-EEU-POL,concrete,2090,landfilling,0.16470830143759452
C-EEU-POL,concrete,2090,recycling,0.34146746464235467
C-EEU-POL,concrete,2090,reuse,0
C-EEU-POL,concrete,2095,downcycling,0.4938242339200508
C-EEU-POL,concrete,2095,incineration,0
C-EEU-POL,concrete,2095,landfilling,0.16470830143759452
C-EEU-POL,concrete,2095,recycling,0.34146746464235467
C-EEU-POL,concrete,2095,reuse,0
C-EEU-POL,concrete,2100,downcycling,0.4938242339200508
C-EEU-POL,concrete,2100,incineration,0
C-EEU-POL,concrete,2100,landfilling,0.16470830143759452
C-EEU-POL,concrete,2100,recycling,0.34146746464235467
C-EEU-POL,concrete,2100,reuse,0
C-EEU-POL,copper,2015,downcycling,0
C-EEU-POL,copper,2015,incineration,0
C-EEU-POL,copper,2015,landfilling,1.783038740317685e-4
C-EEU-POL,copper,2015,recycling,0.9998216961259684
C-EEU-POL,copper,2015,reuse,0
C-EEU-POL,copper,2020,downcycling,0
C-EEU-POL,copper,2020,incineration,0
C-EEU-POL,copper,2020,landfilling,1.783038740317685e-4
C-EEU-POL,copper,2020,recycling,0.9998216961259684
C-EEU-POL,copper,2020,reuse,0
C-EEU-POL,copper,2025,downcycling,0
C-EEU-POL,copper,2025,incineration,0
C-EEU-POL,copper,2025,landfilling,1.783038740317685e-4
C-EEU-POL,copper,2025,recycling,0.9998216961259684
C-EEU-POL,copper,2025,reuse,0
C-EEU-POL,copper,2030,downcycling,0
C-EEU-POL,copper,2030,incineration,0
C-EEU-POL,copper,2030,landfilling,1.783038740317685e-4
C-EEU-POL,copper,2030,recycling,0.9998216961259684
C-EEU-POL,copper,2030,reuse,0
C-EEU-POL,copper,2035,downcycling,0
C-EEU-POL,copper,2035,incineration,0
C-EEU-POL,copper,2035,landfilling,1.783038740317685e-4
C-EEU-POL,copper,2035,recycling,0.9998216961259684
C-EEU-POL,copper,2035,reuse,0
C-EEU-POL,copper,2040,downcycling,0
C-EEU-POL,copper,2040,incineration,0
C-EEU-POL,copper,2040,landfilling,1.783038740317685e-4
C-EEU-POL,copper,2040,recycling,0.9998216961259684
C-EEU-POL,copper,2040,reuse,0
C-EEU-POL,copper,2045,downcycling,0
C-EEU-POL,copper,2045,incineration,0
C-EEU-POL,copper,2045,landfilling,1.783038740317685e-4
C-EEU-POL,copper,2045,recycling,0.9998216961259684
C-EEU-POL,copper,2045,reuse,0
C-EEU-POL,copper,2050,downcycling,0
C-EEU-POL,copper,2050,incineration,0
C-EEU-POL,copper,2050,landfilling,1.783038740317685e-4
C-EEU-POL,copper,2050,recycling,0.9998216961259684
C-EEU-POL,copper,2050,reuse,0
C-EEU-POL,copper,2055,downcycling,0
C-EEU-POL,copper,2055,incineration,0
C-EEU-POL,copper,2055,landfilling,1.783038740317685e-4
C-EEU-POL,copper,2055,recycling,0.9998216961259684
C-EEU-POL,copper,2055,reuse,0
C-EEU-POL,copper,2060,downcycling,0
C-EEU-POL,copper,2060,incineration,0
C-EEU-POL,copper,2060,landfilling,1.783038740317685e-4
C-EEU-POL,copper,2060,recycling,0.9998216961259684
C-EEU-POL,copper,2060,reuse,0
C-EEU-POL,copper,2065,downcycling,0
C-EEU-POL,copper,2065,incineration,0
C-EEU-POL,copper,2065,landfilling,1.783038740317685e-4
C-EEU-POL,copper,2065,recycling,0.9998216961259684
C-EEU-POL,copper,2065,reuse,0
C-EEU-POL,copper,2070,downcycling,0
C-EEU-POL,copper,2070,incineration,0
C-EEU-POL,copper,2070,landfilling,1.783038740317685e-4
C-EEU-POL,copper,2070,recycling,0.9998216961259684
C-EEU-POL,copper,2070,reuse,0
C-EEU-POL,copper,2075,downcycling,0
C-EEU-POL,copper,2075,incineration,0
C-EEU-POL,copper,2075,landfilling,1.783038740317685e-4
C-EEU-POL,copper,2075,recycling,0.9998216961259684
C-EEU-POL,copper,2075,reuse,0
C-EEU-POL,copper,2080,downcycling,0
C-EEU-POL,copper,2080,incineration,0
C-EEU-POL,copper,2080,landfilling,1.783038740317685e-4
C-EEU-POL,copper,2080,recycling,0.9998216961259684
C-EEU-POL,copper,2080,reuse,0
C-EEU-POL,copper,2085,downcycling,0
C-EEU-POL,copper,2085,incineration,0
C-EEU-POL,copper,2085,landfilling,1.783038740317685e-4
C-EEU-POL,copper,2085,recycling,0.9998216961259684
C-EEU-POL,copper,2085,reuse,0
C-EEU-POL,copper,2090,downcycling,0
C-EEU-POL,copper,2090,incineration,0
C-EEU-POL,copper,2090,landfilling,1.783038740317685e-4
C-EEU-POL,copper,2090,recycling,0.9998216961259684
C-EEU-POL,copper,2090,reuse,0
C-EEU-POL,copper,2095,downcycling,0
C-EEU-POL,copper,2095,incineration,0
C-EEU-POL,copper,2095,landfilling,1.783038740317685e-4
C-EEU-POL,copper,2095,recycling,0.9998216961259684
C-EEU-POL,copper,2095,reuse,0
C-EEU-POL,copper,2100,downcycling,0
C-EEU-POL,copper,2100,incineration,0
C-EEU-POL,copper,2100,landfilling,1.783038740317685e-4
C-EEU-POL,copper,2100,recycling,0.9998216961259684
C-EEU-POL,copper,2100,reuse,0
C-EEU-POL,glass,2015,downcycling,0.24
C-EEU-POL,glass,2015,incineration,0
C-EEU-POL,glass,2015,landfilling,0.7
C-EEU-POL,glass,2015,recycling,0.06
C-EEU-POL,glass,2015,reuse,0
C-EEU-POL,glass,2020,downcycling,0.24
C-EEU-POL,glass,2020,incineration,0
C-EEU-POL,glass,2020,landfilling,0.7
C-EEU-POL,glass,2020,recycling,0.06
C-EEU-POL,glass,2020,reuse,0
C-EEU-POL,glass,2025,downcycling,0.24
C-EEU-POL,glass,2025,incineration,0
C-EEU-POL,glass,2025,landfilling,0.7
C-EEU-POL,glass,2025,recycling,0.06
C-EEU-POL,glass,2025,reuse,0
C-EEU-POL,glass,2030,downcycling,0.24
C-EEU-POL,glass,2030,incineration,0
C-EEU-POL,glass,2030,landfilling,0.7
C-EEU-POL,glass,2030,recycling,0.06
C-EEU-POL,glass,2030,reuse,0
C-EEU-POL,glass,2035,downcycling,0.24
C-EEU-POL,glass,2035,incineration,0
C-EEU-POL,glass,2035,landfilling,0.7
C-EEU-POL,glass,2035,recycling,0.06
C-EEU-POL,glass,2035,reuse,0
C-EEU-POL,glass,2040,downcycling,0.24
C-EEU-POL,glass,2040,incineration,0
C-EEU-POL,glass,2040,landfilling,0.7
C-EEU-POL,glass,2040,recycling,0.06
C-EEU-POL,glass,2040,reuse,0
C-EEU-POL,glass,2045,downcycling,0.24
C-EEU-POL,glass,2045,incineration,0
C-EEU-POL,glass,2045,landfilling,0.7
C-EEU-POL,glass,2045,recycling,0.06
C-EEU-POL,glass,2045,reuse,0
C-EEU-POL,glass,2050,downcycling,0.24
C-EEU-POL,glass,2050,incineration,0
C-EEU-POL,glass,2050,landfilling,0.7
C-EEU-POL,glass,2050,recycling,0.06
C-EEU-POL,glass,2050,reuse,0
C-EEU-POL,glass,2055,downcycling,0.24
C-EEU-POL,glass,2055,incineration,0
C-EEU-POL,glass,2055,landfilling,0.7
C-EEU-POL,glass,2055,recycling,0.06
C-EEU-POL,glass,2055,reuse,0
C-EEU-POL,glass,2060,downcycling,0.24
C-EEU-POL,glass,2060,incineration,0
C-EEU-POL,glass,2060,landfilling,0.7
C-EEU-POL,glass,2060,recycling,0.06
C-EEU-POL,glass,2060,reuse,0
C-EEU-POL,glass,2065,downcycling,0.24
C-EEU-POL,glass,2065,incineration,0
C-EEU-POL,glass,2065,landfilling,0.7
C-EEU-POL,glass,2065,recycling,0.06
C-EEU-POL,glass,2065,reuse,0
C-EEU-POL,glass,2070,downcycling,0.24
C-EEU-POL,glass,2070,incineration,0
C-EEU-POL,glass,2070,landfilling,0.7
C-EEU-POL,glass,2070,recycling,0.06
C-EEU-POL,glass,2070,reuse,0
C-EEU-POL,glass,2075,downcycling,0.24
C-EEU-POL,glass,2075,incineration,0
C-EEU-POL,glass,2075,landfilling,0.7
C-EEU-POL,glass,2075,recycling,0.06
C-EEU-POL,glass,2075,reuse,0
C-EEU-POL,glass,2080,downcycling,0.24
C-EEU-POL,glass,2080,incineration,0
C-EEU-POL,glass,2080,landfilling,0.7
C-EEU-POL,glass,2080,recycling,0.06
C-EEU-POL,glass,2080,reuse,0
C-EEU-POL,glass,2085,downcycling,0.24
C-EEU-POL,glass,2085,incineration,0
C-EEU-POL,glass,2085,landfilling,0.7
C-EEU-POL,glass,2085,recycling,0.06
C-EEU-POL,glass,2085,reuse,0
C-EEU-POL,glass,2090,downcycling,0.24
C-EEU-POL,glass,2090,incineration,0
C-EEU-POL,glass,2090,landfilling,0.7
C-EEU-POL,glass,2090,recycling,0.06
C-EEU-POL,glass,2090,reuse,0
C-EEU-POL,glass,2095,downcycling,0.24
C-EEU-POL,glass,2095,incineration,0
C-EEU-POL,glass,2095,landfilling,0.7
C-EEU-POL,glass,2095,recycling,0.06
C-EEU-POL,glass,2095,reuse,0
C-EEU-POL,glass,2100,downcycling,0.24
C-EEU-POL,glass,2100,incineration,0
C-EEU-POL,glass,2100,landfilling,0.7
C-EEU-POL,glass,2100,recycling,0.06
C-EEU-POL,glass,2100,reuse,0
C-EEU-POL,steel,2015,downcycling,0.00154682346626961
C-EEU-POL,steel,2015,incineration,0
C-EEU-POL,steel,2015,landfilling,8.440170015322155e-5
C-EEU-POL,steel,2015,recycling,0.9983687748335772
C-EEU-POL,steel,2015,reuse,0
C-EEU-POL,steel,2020,downcycling,0.00154682346626961
C-EEU-POL,steel,2020,incineration,0
C-EEU-POL,steel,2020,landfilling,8.440170015322155e-5
C-EEU-POL,steel,2020,recycling,0.9983687748335772
C-EEU-POL,steel,2020,reuse,0
C-EEU-POL,steel,2025,downcycling,0.00154682346626961
C-EEU-POL,steel,2025,incineration,0
C-EEU-POL,steel,2025,landfilling,8.440170015322155e-5
C-EEU-POL,steel,2025,recycling,0.9983687748335772
C-EEU-POL,steel,2025,reuse,0
C-EEU-POL,steel,2030,downcycling,0.00154682346626961
C-EEU-POL,steel,2030,incineration,0
C-EEU-POL,steel,2030,landfilling,8.440170015322155e-5
C-EEU-POL,steel,2030,recycling,0.9983687748335772
C-EEU-POL,steel,2030,reuse,0
C-EEU-POL,steel,2035,downcycling,0.00154682346626961
C-EEU-POL,steel,2035,incineration,0
C-EEU-POL,steel,2035,landfilling,8.440170015322155e-5
C-EEU-POL,steel,2035,recycling,0.9983687748335772
C-EEU-POL,steel,2035,reuse,0
C-EEU-POL,steel,2040,downcycling,0.00154682346626961
C-EEU-POL,steel,2040,incineration,0
C-EEU-POL,steel,2040,landfilling,8.440170015322155e-5
C-EEU-POL,steel,2040,recycling,0.9983687748335772
C-EEU-POL,steel,2040,reuse,0
C-EEU-POL,steel,2045,downcycling,0.00154682346626961
C-EEU-POL,steel,2045,incineration,0
C-EEU-POL,steel,2045,landfilling,8.440170015322155e-5
C-EEU-POL,steel,2045,recycling,0.9983687748335772
C-EEU-POL,steel,2045,reuse,0
C-EEU-POL,steel,2050,downcycling,0.00154682346626961
C-EEU-POL,steel,2050,incineration,0
C-EEU-POL,steel,2050,landfilling,8.440170015322155e-5
C-EEU-POL,steel,2050,recycling,0.9983687748335772
C-EEU-POL,steel,2050,reuse,0
C-EEU-POL,steel,2055,downcycling,0.00154682346626961
C-EEU-POL,steel,2055,incineration,0
C-EEU-POL,steel,2055,landfilling,8.440170015322155e-5
C-EEU-POL,steel,2055,recycling,0.9983687748335772
C-EEU-POL,steel,2055,reuse,0
C-EEU-POL,steel,2060,downcycling,0.00154682346626961
C-EEU-POL,steel,2060,incineration,0
C-EEU-POL,steel,2060,landfilling,8.440170015322155e-5
C-EEU-POL,steel,2060,recycling,0.9983687748335772
C-EEU-POL,steel,2060,reuse,0
C-EEU-POL,steel,2065,downcycling,0.00154682346626961
C-EEU-POL,steel,2065,incineration,0
C-EEU-POL,steel,2065,landfilling,8.440170015322155e-5
C-EEU-POL,steel,2065,recycling,0.9983687748335772
C-EEU-POL,steel,2065,reuse,0
C-EEU-POL,steel,2070,downcycling,0.00154682346626961
C-EEU-POL,steel,2070,incineration,0
C-EEU-POL,steel,2070,landfilling,8.440170015322155e-5
C-EEU-POL,steel,2070,recycling,0.9983687748335772
C-EEU-POL,steel,2070,reuse,0
C-EEU-POL,steel,2075,downcycling,0.00154682346626961
C-EEU-POL,steel,2075,incineration,0
C-EEU-POL,steel,2075,landfilling,8.440170015322155e-5
C-EEU-POL,steel,2075,recycling,0.9983687748335772
C-EEU-POL,steel,2075,reuse,0
C-EEU-POL,steel,2080,downcycling,0.00154682346626961
C-EEU-POL,steel,2080,incineration,0
C-EEU-POL,steel,2080,landfilling,8.440170015322155e-5
C-EEU-POL,steel,2080,recycling,0.9983687748335772
C-EEU-POL,steel,2080,reuse,0
C-EEU-POL,steel,2085,downcycling,0.00154682346626961
C-EEU-POL,steel,2085,incineration,0
C-EEU-POL,steel,2085,landfilling,8.440170015322155e-5
C-EEU-POL,steel,2085,recycling,0.9983687748335772
C-EEU-POL,steel,2085,reuse,0
C-EEU-POL,steel,2090,downcycling,0.00154682346626961
C-EEU-POL,steel,2090,incineration,0
C-EEU-POL,steel,2090,landfilling,8.440170015322155e-5
C-EEU-POL,steel,2090,recycling,0.9983687748335772
C-EEU-POL,steel,2090,reuse,0
C-EEU-POL,steel,2095,downcycling,0.00154682346626961
C-EEU-POL,steel,2095,incineration,0
C-EEU-POL,steel,2095,landfilling,8.440170015322155e-5
C-EEU-POL,steel,2095,recycling,0.9983687748335772
C-EEU-POL,steel,2095,reuse,0
C-EEU-POL,steel,2100,downcycling,0.00154682346626961
C-EEU-POL,steel,2100,incineration,0
C-EEU-POL,steel,2100,landfilling,8.440170015322155e-5
C-EEU-POL,steel,2100,recycling,0.9983687748335772
C-EEU-POL,steel,2100,reuse,0
C-EEU-POL,wood,2015,downcycling,0
C-EEU-POL,wood,2015,incineration,0.64
C-EEU-POL,wood,2015,landfilling,0.06
C-EEU-POL,wood,2015,recycling,0.3
C-EEU-POL,wood,2015,reuse,0
C-EEU-POL,wood,2020,downcycling,0
C-EEU-POL,wood,2020,incineration,0.64
C-EEU-POL,wood,2020,landfilling,0.06
C-EEU-POL,wood,2020,recycling,0.3
C-EEU-POL,wood,2020,reuse,0
C-EEU-POL,wood,2025,downcycling,0
C-EEU-POL,wood,2025,incineration,0.64
C-EEU-POL,wood,2025,landfilling,0.06
C-EEU-POL,wood,2025,recycling,0.3
C-EEU-POL,wood,2025,reuse,0
C-EEU-POL,wood,2030,downcycling,0
C-EEU-POL,wood,2030,incineration,0.64
C-EEU-POL,wood,2030,landfilling,0.06
C-EEU-POL,wood,2030,recycling,0.3
C-EEU-POL,wood,2030,reuse,0
C-EEU-POL,wood,2035,downcycling,0
C-EEU-POL,wood,2035,incineration,0.64
C-EEU-POL,wood,2035,landfilling,0.06
C-EEU-POL,wood,2035,recycling,0.3
C-EEU-POL,wood,2035,reuse,0
C-EEU-POL,wood,2040,downcycling,0
C-EEU-POL,wood,2040,incineration,0.64
C-EEU-POL,wood,2040,landfilling,0.06
C-EEU-POL,wood,2040,recycling,0.3
C-EEU-POL,wood,2040,reuse,0
C-EEU-POL,wood,2045,downcycling,0
C-EEU-POL,wood,2045,incineration,0.64
C-EEU-POL,wood,2045,landfilling,0.06
C-EEU-POL,wood,2045,recycling,0.3
C-EEU-POL,wood,2045,reuse,0
C-EEU-POL,wood,2050,downcycling,0
C-EEU-POL,wood,2050,incineration,0.64
C-EEU-POL,wood,2050,landfilling,0.06
C-EEU-POL,wood,2050,recycling,0.3
C-EEU-POL,wood,2050,reuse,0
C-EEU-POL,wood,2055,downcycling,0
C-EEU-POL,wood,2055,incineration,0.64
C-EEU-POL,wood,2055,landfilling,0.06
C-EEU-POL,wood,2055,recycling,0.3
C-EEU-POL,wood,2055,reuse,0
C-EEU-POL,wood,2060,downcycling,0
C-EEU-POL,wood,2060,incineration,0.64
C-EEU-POL,wood,2060,landfilling,0.06
C-EEU-POL,wood,2060,recycling,0.3
C-EEU-POL,wood,2060,reuse,0
C-EEU-POL,wood,2065,downcycling,0
C-EEU-POL,wood,2065,incineration,0.64
C-EEU-POL,wood,2065,landfilling,0.06
C-EEU-POL,wood,2065,recycling,0.3
C-EEU-POL,wood,2065,reuse,0
C-EEU-POL,wood,2070,downcycling,0
C-EEU-POL,wood,2070,incineration,0.64
C-EEU-POL,wood,2070,landfilling,0.06
C-EEU-POL,wood,2070,recycling,0.3
C-EEU-POL,wood,2070,reuse,0
C-EEU-POL,wood,2075,downcycling,0
C-EEU-POL,wood,2075,incineration,0.64
C-EEU-POL,wood,2075,landfilling,0.06
C-EEU-POL,wood,2075,recycling,0.3
C-EEU-POL,wood,2075,reuse,0
C-EEU-POL,wood,2080,downcycling,0
C-EEU-POL,wood,2080,incineration,0.64
C-EEU-POL,wood,2080,landfilling,0.06
C-EEU-POL,wood,2080,recycling,0.3
C-EEU-POL,wood,2080,reuse,0
C-EEU-POL,wood,2085,downcycling,0
C-EEU-POL,wood,2085,incineration,0.64
C-EEU-POL,wood,2085,landfilling,0.06
C-EEU-POL,wood,2085,recycling,0.3
C-EEU-POL,wood,2085,reuse,0
C-EEU-POL,wood,2090,downcycling,0
C-EEU-POL,wood,2090,incineration,0.64
C-EEU-POL,wood,2090,landfilling,0.06
C-EEU-POL,wood,2090,recycling,0.3
C-EEU-POL,wood,2090,reuse,0
C-EEU-POL,wood,2095,downcycling,0
C-EEU-POL,wood,2095,incineration,0.64
C-EEU-POL,wood,2095,landfilling,0.06
C-EEU-POL,wood,2095,recycling,0.3
C-EEU-POL,wood,2095,reuse,0
C-EEU-POL,wood,2100,downcycling,0
C-EEU-POL,wood,2100,incineration,0.64
C-EEU-POL,wood,2100,landfilling,0.06
C-EEU-POL,wood,2100,recycling,0.3
C-EEU-POL,wood,2100,reuse,0
C-EEU-ROU,aluminum,2015,downcycling,0
C-EEU-ROU,aluminum,2015,incineration,0
C-EEU-ROU,aluminum,2015,landfilling,0.00217397778373388
C-EEU-ROU,aluminum,2015,recycling,0.9978260222162662
C-EEU-ROU,aluminum,2015,reuse,0
C-EEU-ROU,aluminum,2020,downcycling,0
C-EEU-ROU,aluminum,2020,incineration,0
C-EEU-ROU,aluminum,2020,landfilling,0.00217397778373388
C-EEU-ROU,aluminum,2020,recycling,0.9978260222162662
C-EEU-ROU,aluminum,2020,reuse,0
C-EEU-ROU,aluminum,2025,downcycling,0
C-EEU-ROU,aluminum,2025,incineration,0
C-EEU-ROU,aluminum,2025,landfilling,0.00217397778373388
C-EEU-ROU,aluminum,2025,recycling,0.9978260222162662
C-EEU-ROU,aluminum,2025,reuse,0
C-EEU-ROU,aluminum,2030,downcycling,0
C-EEU-ROU,aluminum,2030,incineration,0
C-EEU-ROU,aluminum,2030,landfilling,0.00217397778373388
C-EEU-ROU,aluminum,2030,recycling,0.9978260222162662
C-EEU-ROU,aluminum,2030,reuse,0
C-EEU-ROU,aluminum,2035,downcycling,0
C-EEU-ROU,aluminum,2035,incineration,0
C-EEU-ROU,aluminum,2035,landfilling,0.00217397778373388
C-EEU-ROU,aluminum,2035,recycling,0.9978260222162662
C-EEU-ROU,aluminum,2035,reuse,0
C-EEU-ROU,aluminum,2040,downcycling,0
C-EEU-ROU,aluminum,2040,incineration,0
C-EEU-ROU,aluminum,2040,landfilling,0.00217397778373388
C-EEU-ROU,aluminum,2040,recycling,0.9978260222162662
C-EEU-ROU,aluminum,2040,reuse,0
C-EEU-ROU,aluminum,2045,downcycling,0
C-EEU-ROU,aluminum,2045,incineration,0
C-EEU-ROU,aluminum,2045,landfilling,0.00217397778373388
C-EEU-ROU,aluminum,2045,recycling,0.9978260222162662
C-EEU-ROU,aluminum,2045,reuse,0
C-EEU-ROU,aluminum,2050,downcycling,0
C-EEU-ROU,aluminum,2050,incineration,0
C-EEU-ROU,aluminum,2050,landfilling,0.00217397778373388
C-EEU-ROU,aluminum,2050,recycling,0.9978260222162662
C-EEU-ROU,aluminum,2050,reuse,0
C-EEU-ROU,aluminum,2055,downcycling,0
C-EEU-ROU,aluminum,2055,incineration,0
C-EEU-ROU,aluminum,2055,landfilling,0.00217397778373388
C-EEU-ROU,aluminum,2055,recycling,0.9978260222162662
C-EEU-ROU,aluminum,2055,reuse,0
C-EEU-ROU,aluminum,2060,downcycling,0
C-EEU-ROU,aluminum,2060,incineration,0
C-EEU-ROU,aluminum,2060,landfilling,0.00217397778373388
C-EEU-ROU,aluminum,2060,recycling,0.9978260222162662
C-EEU-ROU,aluminum,2060,reuse,0
C-EEU-ROU,aluminum,2065,downcycling,0
C-EEU-ROU,aluminum,2065,incineration,0
C-EEU-ROU,aluminum,2065,landfilling,0.00217397778373388
C-EEU-ROU,aluminum,2065,recycling,0.9978260222162662
C-EEU-ROU,aluminum,2065,reuse,0
C-EEU-ROU,aluminum,2070,downcycling,0
C-EEU-ROU,aluminum,2070,incineration,0
C-EEU-ROU,aluminum,2070,landfilling,0.00217397778373388
C-EEU-ROU,aluminum,2070,recycling,0.9978260222162662
C-EEU-ROU,aluminum,2070,reuse,0
C-EEU-ROU,aluminum,2075,downcycling,0
C-EEU-ROU,aluminum,2075,incineration,0
C-EEU-ROU,aluminum,2075,landfilling,0.00217397778373388
C-EEU-ROU,aluminum,2075,recycling,0.9978260222162662
C-EEU-ROU,aluminum,2075,reuse,0
C-EEU-ROU,aluminum,2080,downcycling,0
C-EEU-ROU,aluminum,2080,incineration,0
C-EEU-ROU,aluminum,2080,landfilling,0.00217397778373388
C-EEU-ROU,aluminum,2080,recycling,0.9978260222162662
C-EEU-ROU,aluminum,2080,reuse,0
C-EEU-ROU,aluminum,2085,downcycling,0
C-EEU-ROU,aluminum,2085,incineration,0
C-EEU-ROU,aluminum,2085,landfilling,0.00217397778373388
C-EEU-ROU,aluminum,2085,recycling,0.9978260222162662
C-EEU-ROU,aluminum,2085,reuse,0
C-EEU-ROU,aluminum,2090,downcycling,0
C-EEU-ROU,aluminum,2090,incineration,0
C-EEU-ROU,aluminum,2090,landfilling,0.00217397778373388
C-EEU-ROU,aluminum,2090,recycling,0.9978260222162662
C-EEU-ROU,aluminum,2090,reuse,0
C-EEU-ROU,aluminum,2095,downcycling,0
C-EEU-ROU,aluminum,2095,incineration,0
C-EEU-ROU,aluminum,2095,landfilling,0.00217397778373388
C-EEU-ROU,aluminum,2095,recycling,0.9978260222162662
C-EEU-ROU,aluminum,2095,reuse,0
C-EEU-ROU,aluminum,2100,downcycling,0
C-EEU-ROU,aluminum,2100,incineration,0
C-EEU-ROU,aluminum,2100,landfilling,0.00217397778373388
C-EEU-ROU,aluminum,2100,recycling,0.9978260222162662
C-EEU-ROU,aluminum,2100,reuse,0
C-EEU-ROU,brick,2015,downcycling,0.3401273860124891
C-EEU-ROU,brick,2015,incineration,0
C-EEU-ROU,brick,2015,landfilling,0.13894837727883438
C-EEU-ROU,brick,2015,recycling,0.5209242367086765
C-EEU-ROU,brick,2015,reuse,0
C-EEU-ROU,brick,2020,downcycling,0.3401273860124891
C-EEU-ROU,brick,2020,incineration,0
C-EEU-ROU,brick,2020,landfilling,0.13894837727883438
C-EEU-ROU,brick,2020,recycling,0.5209242367086765
C-EEU-ROU,brick,2020,reuse,0
C-EEU-ROU,brick,2025,downcycling,0.3401273860124891
C-EEU-ROU,brick,2025,incineration,0
C-EEU-ROU,brick,2025,landfilling,0.13894837727883438
C-EEU-ROU,brick,2025,recycling,0.5209242367086765
C-EEU-ROU,brick,2025,reuse,0
C-EEU-ROU,brick,2030,downcycling,0.3401273860124891
C-EEU-ROU,brick,2030,incineration,0
C-EEU-ROU,brick,2030,landfilling,0.13894837727883438
C-EEU-ROU,brick,2030,recycling,0.5209242367086765
C-EEU-ROU,brick,2030,reuse,0
C-EEU-ROU,brick,2035,downcycling,0.3401273860124891
C-EEU-ROU,brick,2035,incineration,0
C-EEU-ROU,brick,2035,landfilling,0.13894837727883438
C-EEU-ROU,brick,2035,recycling,0.5209242367086765
C-EEU-ROU,brick,2035,reuse,0
C-EEU-ROU,brick,2040,downcycling,0.3401273860124891
C-EEU-ROU,brick,2040,incineration,0
C-EEU-ROU,brick,2040,landfilling,0.13894837727883438
C-EEU-ROU,brick,2040,recycling,0.5209242367086765
C-EEU-ROU,brick,2040,reuse,0
C-EEU-ROU,brick,2045,downcycling,0.3401273860124891
C-EEU-ROU,brick,2045,incineration,0
C-EEU-ROU,brick,2045,landfilling,0.13894837727883438
C-EEU-ROU,brick,2045,recycling,0.5209242367086765
C-EEU-ROU,brick,2045,reuse,0
C-EEU-ROU,brick,2050,downcycling,0.3401273860124891
C-EEU-ROU,brick,2050,incineration,0
C-EEU-ROU,brick,2050,landfilling,0.13894837727883438
C-EEU-ROU,brick,2050,recycling,0.5209242367086765
C-EEU-ROU,brick,2050,reuse,0
C-EEU-ROU,brick,2055,downcycling,0.3401273860124891
C-EEU-ROU,brick,2055,incineration,0
C-EEU-ROU,brick,2055,landfilling,0.13894837727883438
C-EEU-ROU,brick,2055,recycling,0.5209242367086765
C-EEU-ROU,brick,2055,reuse,0
C-EEU-ROU,brick,2060,downcycling,0.3401273860124891
C-EEU-ROU,brick,2060,incineration,0
C-EEU-ROU,brick,2060,landfilling,0.13894837727883438
C-EEU-ROU,brick,2060,recycling,0.5209242367086765
C-EEU-ROU,brick,2060,reuse,0
C-EEU-ROU,brick,2065,downcycling,0.3401273860124891
C-EEU-ROU,brick,2065,incineration,0
C-EEU-ROU,brick,2065,landfilling,0.13894837727883438
C-EEU-ROU,brick,2065,recycling,0.5209242367086765
C-EEU-ROU,brick,2065,reuse,0
C-EEU-ROU,brick,2070,downcycling,0.3401273860124891
C-EEU-ROU,brick,2070,incineration,0
C-EEU-ROU,brick,2070,landfilling,0.13894837727883438
C-EEU-ROU,brick,2070,recycling,0.5209242367086765
C-EEU-ROU,brick,2070,reuse,0
C-EEU-ROU,brick,2075,downcycling,0.3401273860124891
C-EEU-ROU,brick,2075,incineration,0
C-EEU-ROU,brick,2075,landfilling,0.13894837727883438
C-EEU-ROU,brick,2075,recycling,0.5209242367086765
C-EEU-ROU,brick,2075,reuse,0
C-EEU-ROU,brick,2080,downcycling,0.3401273860124891
C-EEU-ROU,brick,2080,incineration,0
C-EEU-ROU,brick,2080,landfilling,0.13894837727883438
C-EEU-ROU,brick,2080,recycling,0.5209242367086765
C-EEU-ROU,brick,2080,reuse,0
C-EEU-ROU,brick,2085,downcycling,0.3401273860124891
C-EEU-ROU,brick,2085,incineration,0
C-EEU-ROU,brick,2085,landfilling,0.13894837727883438
C-EEU-ROU,brick,2085,recycling,0.5209242367086765
C-EEU-ROU,brick,2085,reuse,0
C-EEU-ROU,brick,2090,downcycling,0.3401273860124891
C-EEU-ROU,brick,2090,incineration,0
C-EEU-ROU,brick,2090,landfilling,0.13894837727883438
C-EEU-ROU,brick,2090,recycling,0.5209242367086765
C-EEU-ROU,brick,2090,reuse,0
C-EEU-ROU,brick,2095,downcycling,0.3401273860124891
C-EEU-ROU,brick,2095,incineration,0
C-EEU-ROU,brick,2095,landfilling,0.13894837727883438
C-EEU-ROU,brick,2095,recycling,0.5209242367086765
C-EEU-ROU,brick,2095,reuse,0
C-EEU-ROU,brick,2100,downcycling,0.3401273860124891
C-EEU-ROU,brick,2100,incineration,0
C-EEU-ROU,brick,2100,landfilling,0.13894837727883438
C-EEU-ROU,brick,2100,recycling,0.5209242367086765
C-EEU-ROU,brick,2100,reuse,0
C-EEU-ROU,concrete,2015,downcycling,0.3401273860124891
C-EEU-ROU,concrete,2015,incineration,0
C-EEU-ROU,concrete,2015,landfilling,0.13894837727883438
C-EEU-ROU,concrete,2015,recycling,0.5209242367086765
C-EEU-ROU,concrete,2015,reuse,0
C-EEU-ROU,concrete,2020,downcycling,0.3401273860124891
C-EEU-ROU,concrete,2020,incineration,0
C-EEU-ROU,concrete,2020,landfilling,0.13894837727883438
C-EEU-ROU,concrete,2020,recycling,0.5209242367086765
C-EEU-ROU,concrete,2020,reuse,0
C-EEU-ROU,concrete,2025,downcycling,0.3401273860124891
C-EEU-ROU,concrete,2025,incineration,0
C-EEU-ROU,concrete,2025,landfilling,0.13894837727883438
C-EEU-ROU,concrete,2025,recycling,0.5209242367086765
C-EEU-ROU,concrete,2025,reuse,0
C-EEU-ROU,concrete,2030,downcycling,0.3401273860124891
C-EEU-ROU,concrete,2030,incineration,0
C-EEU-ROU,concrete,2030,landfilling,0.13894837727883438
C-EEU-ROU,concrete,2030,recycling,0.5209242367086765
C-EEU-ROU,concrete,2030,reuse,0
C-EEU-ROU,concrete,2035,downcycling,0.3401273860124891
C-EEU-ROU,concrete,2035,incineration,0
C-EEU-ROU,concrete,2035,landfilling,0.13894837727883438
C-EEU-ROU,concrete,2035,recycling,0.5209242367086765
C-EEU-ROU,concrete,2035,reuse,0
C-EEU-ROU,concrete,2040,downcycling,0.3401273860124891
C-EEU-ROU,concrete,2040,incineration,0
C-EEU-ROU,concrete,2040,landfilling,0.13894837727883438
C-EEU-ROU,concrete,2040,recycling,0.5209242367086765
C-EEU-ROU,concrete,2040,reuse,0
C-EEU-ROU,concrete,2045,downcycling,0.3401273860124891
C-EEU-ROU,concrete,2045,incineration,0
C-EEU-ROU,concrete,2045,landfilling,0.13894837727883438
C-EEU-ROU,concrete,2045,recycling,0.5209242367086765
C-EEU-ROU,concrete,2045,reuse,0
C-EEU-ROU,concrete,2050,downcycling,0.3401273860124891
C-EEU-ROU,concrete,2050,incineration,0
C-EEU-ROU,concrete,2050,landfilling,0.13894837727883438
C-EEU-ROU,concrete,2050,recycling,0.5209242367086765
C-EEU-ROU,concrete,2050,reuse,0
C-EEU-ROU,concrete,2055,downcycling,0.3401273860124891
C-EEU-ROU,concrete,2055,incineration,0
C-EEU-ROU,concrete,2055,landfilling,0.13894837727883438
C-EEU-ROU,concrete,2055,recycling,0.5209242367086765
C-EEU-ROU,concrete,2055,reuse,0
C-EEU-ROU,concrete,2060,downcycling,0.3401273860124891
C-EEU-ROU,concrete,2060,incineration,0
C-EEU-ROU,concrete,2060,landfilling,0.13894837727883438
C-EEU-ROU,concrete,2060,recycling,0.5209242367086765
C-EEU-ROU,concrete,2060,reuse,0
C-EEU-ROU,concrete,2065,downcycling,0.3401273860124891
C-EEU-ROU,concrete,2065,incineration,0
C-EEU-ROU,concrete,2065,landfilling,0.13894837727883438
C-EEU-ROU,concrete,2065,recycling,0.5209242367086765
C-EEU-ROU,concrete,2065,reuse,0
C-EEU-ROU,concrete,2070,downcycling,0.3401273860124891
C-EEU-ROU,concrete,2070,incineration,0
C-EEU-ROU,concrete,2070,landfilling,0.13894837727883438
C-EEU-ROU,concrete,2070,recycling,0.5209242367086765
C-EEU-ROU,concrete,2070,reuse,0
C-EEU-ROU,concrete,2075,downcycling,0.3401273860124891
C-EEU-ROU,concrete,2075,incineration,0
C-EEU-ROU,concrete,2075,landfilling,0.13894837727883438
C-EEU-ROU,concrete,2075,recycling,0.5209242367086765
C-EEU-ROU,concrete,2075,reuse,0
C-EEU-ROU,concrete,2080,downcycling,0.3401273860124891
C-EEU-ROU,concrete,2080,incineration,0
C-EEU-ROU,concrete,2080,landfilling,0.13894837727883438
C-EEU-ROU,concrete,2080,recycling,0.5209242367086765
C-EEU-ROU,concrete,2080,reuse,0
C-EEU-ROU,concrete,2085,downcycling,0.3401273860124891
C-EEU-ROU,concrete,2085,incineration,0
C-EEU-ROU,concrete,2085,landfilling,0.13894837727883438
C-EEU-ROU,concrete,2085,recycling,0.5209242367086765
C-EEU-ROU,concrete,2085,reuse,0
C-EEU-ROU,concrete,2090,downcycling,0.3401273860124891
C-EEU-ROU,concrete,2090,incineration,0
C-EEU-ROU,concrete,2090,landfilling,0.13894837727883438
C-EEU-ROU,concrete,2090,recycling,0.5209242367086765
C-EEU-ROU,concrete,2090,reuse,0
C-EEU-ROU,concrete,2095,downcycling,0.3401273860124891
C-EEU-ROU,concrete,2095,incineration,0
C-EEU-ROU,concrete,2095,landfilling,0.13894837727883438
C-EEU-ROU,concrete,2095,recycling,0.5209242367086765
C-EEU-ROU,concrete,2095,reuse,0
C-EEU-ROU,concrete,2100,downcycling,0.3401273860124891
C-EEU-ROU,concrete,2100,incineration,0
C-EEU-ROU,concrete,2100,landfilling,0.13894837727883438
C-EEU-ROU,concrete,2100,recycling,0.5209242367086765
C-EEU-ROU,concrete,2100,reuse,0
C-EEU-ROU,copper,2015,downcycling,0
C-EEU-ROU,copper,2015,incineration,0
C-EEU-ROU,copper,2015,landfilling,0.00217397778373388
C-EEU-ROU,copper,2015,recycling,0.9978260222162662
C-EEU-ROU,copper,2015,reuse,0
C-EEU-ROU,copper,2020,downcycling,0
C-EEU-ROU,copper,2020,incineration,0
C-EEU-ROU,copper,2020,landfilling,0.00217397778373388
C-EEU-ROU,copper,2020,recycling,0.9978260222162662
C-EEU-ROU,copper,2020,reuse,0
C-EEU-ROU,copper,2025,downcycling,0
C-EEU-ROU,copper,2025,incineration,0
C-EEU-ROU,copper,2025,landfilling,0.00217397778373388
C-EEU-ROU,copper,2025,recycling,0.9978260222162662
C-EEU-ROU,copper,2025,reuse,0
C-EEU-ROU,copper,2030,downcycling,0
C-EEU-ROU,copper,2030,incineration,0
C-EEU-ROU,copper,2030,landfilling,0.00217397778373388
C-EEU-ROU,copper,2030,recycling,0.9978260222162662
C-EEU-ROU,copper,2030,reuse,0
C-EEU-ROU,copper,2035,downcycling,0
C-EEU-ROU,copper,2035,incineration,0
C-EEU-ROU,copper,2035,landfilling,0.00217397778373388
C-EEU-ROU,copper,2035,recycling,0.9978260222162662
C-EEU-ROU,copper,2035,reuse,0
C-EEU-ROU,copper,2040,downcycling,0
C-EEU-ROU,copper,2040,incineration,0
C-EEU-ROU,copper,2040,landfilling,0.00217397778373388
C-EEU-ROU,copper,2040,recycling,0.9978260222162662
C-EEU-ROU,copper,2040,reuse,0
C-EEU-ROU,copper,2045,downcycling,0
C-EEU-ROU,copper,2045,incineration,0
C-EEU-ROU,copper,2045,landfilling,0.00217397778373388
C-EEU-ROU,copper,2045,recycling,0.9978260222162662
C-EEU-ROU,copper,2045,reuse,0
C-EEU-ROU,copper,2050,downcycling,0
C-EEU-ROU,copper,2050,incineration,0
C-EEU-ROU,copper,2050,landfilling,0.00217397778373388
C-EEU-ROU,copper,2050,recycling,0.9978260222162662
C-EEU-ROU,copper,2050,reuse,0
C-EEU-ROU,copper,2055,downcycling,0
C-EEU-ROU,copper,2055,incineration,0
C-EEU-ROU,copper,2055,landfilling,0.00217397778373388
C-EEU-ROU,copper,2055,recycling,0.9978260222162662
C-EEU-ROU,copper,2055,reuse,0
C-EEU-ROU,copper,2060,downcycling,0
C-EEU-ROU,copper,2060,incineration,0
C-EEU-ROU,copper,2060,landfilling,0.00217397778373388
C-EEU-ROU,copper,2060,recycling,0.9978260222162662
C-EEU-ROU,copper,2060,reuse,0
C-EEU-ROU,copper,2065,downcycling,0
C-EEU-ROU,copper,2065,incineration,0
C-EEU-ROU,copper,2065,landfilling,0.00217397778373388
C-EEU-ROU,copper,2065,recycling,0.9978260222162662
C-EEU-ROU,copper,2065,reuse,0
C-EEU-ROU,copper,2070,downcycling,0
C-EEU-ROU,copper,2070,incineration,0
C-EEU-ROU,copper,2070,landfilling,0.00217397778373388
C-EEU-ROU,copper,2070,recycling,0.9978260222162662
C-EEU-ROU,copper,2070,reuse,0
C-EEU-ROU,copper,2075,downcycling,0
C-EEU-ROU,copper,2075,incineration,0
C-EEU-ROU,copper,2075,landfilling,0.00217397778373388
C-EEU-ROU,copper,2075,recycling,0.9978260222162662
C-EEU-ROU,copper,2075,reuse,0
C-EEU-ROU,copper,2080,downcycling,0
C-EEU-ROU,copper,2080,incineration,0
C-EEU-ROU,copper,2080,landfilling,0.00217397778373388
C-EEU-ROU,copper,2080,recycling,0.9978260222162662
C-EEU-ROU,copper,2080,reuse,0
C-EEU-ROU,copper,2085,downcycling,0
C-EEU-ROU,copper,2085,incineration,0
C-EEU-ROU,copper,2085,landfilling,0.00217397778373388
C-EEU-ROU,copper,2085,recycling,0.9978260222162662
C-EEU-ROU,copper,2085,reuse,0
C-EEU-ROU,copper,2090,downcycling,0
C-EEU-ROU,copper,2090,incineration,0
C-EEU-ROU,copper,2090,landfilling,0.00217397778373388
C-EEU-ROU,copper,2090,recycling,0.9978260222162662
C-EEU-ROU,copper,2090,reuse,0
C-EEU-ROU,copper,2095,downcycling,0
C-EEU-ROU,copper,2095,incineration,0
C-EEU-ROU,copper,2095,landfilling,0.00217397778373388
C-EEU-ROU,copper,2095,recycling,0.9978260222162662
C-EEU-ROU,copper,2095,reuse,0
C-EEU-ROU,copper,2100,downcycling,0
C-EEU-ROU,copper,2100,incineration,0
C-EEU-ROU,copper,2100,landfilling,0.00217397778373388
C-EEU-ROU,copper,2100,recycling,0.9978260222162662
C-EEU-ROU,copper,2100,reuse,0
C-EEU-ROU,glass,2015,downcycling,0.24
C-EEU-ROU,glass,2015,incineration,0
C-EEU-ROU,glass,2015,landfilling,0.7
C-EEU-ROU,glass,2015,recycling,0.06
C-EEU-ROU,glass,2015,reuse,0
C-EEU-ROU,glass,2020,downcycling,0.24
C-EEU-ROU,glass,2020,incineration,0
C-EEU-ROU,glass,2020,landfilling,0.7
C-EEU-ROU,glass,2020,recycling,0.06
C-EEU-ROU,glass,2020,reuse,0
C-EEU-ROU,glass,2025,downcycling,0.24
C-EEU-ROU,glass,2025,incineration,0
C-EEU-ROU,glass,2025,landfilling,0.7
C-EEU-ROU,glass,2025,recycling,0.06
C-EEU-ROU,glass,2025,reuse,0
C-EEU-ROU,glass,2030,downcycling,0.24
C-EEU-ROU,glass,2030,incineration,0
C-EEU-ROU,glass,2030,landfilling,0.7
C-EEU-ROU,glass,2030,recycling,0.06
C-EEU-ROU,glass,2030,reuse,0
C-EEU-ROU,glass,2035,downcycling,0.24
C-EEU-ROU,glass,2035,incineration,0
C-EEU-ROU,glass,2035,landfilling,0.7
C-EEU-ROU,glass,2035,recycling,0.06
C-EEU-ROU,glass,2035,reuse,0
C-EEU-ROU,glass,2040,downcycling,0.24
C-EEU-ROU,glass,2040,incineration,0
C-EEU-ROU,glass,2040,landfilling,0.7
C-EEU-ROU,glass,2040,recycling,0.06
C-EEU-ROU,glass,2040,reuse,0
C-EEU-ROU,glass,2045,downcycling,0.24
C-EEU-ROU,glass,2045,incineration,0
C-EEU-ROU,glass,2045,landfilling,0.7
C-EEU-ROU,glass,2045,recycling,0.06
C-EEU-ROU,glass,2045,reuse,0
C-EEU-ROU,glass,2050,downcycling,0.24
C-EEU-ROU,glass,2050,incineration,0
C-EEU-ROU,glass,2050,landfilling,0.7
C-EEU-ROU,glass,2050,recycling,0.06
C-EEU-ROU,glass,2050,reuse,0
C-EEU-ROU,glass,2055,downcycling,0.24
C-EEU-ROU,glass,2055,incineration,0
C-EEU-ROU,glass,2055,landfilling,0.7
C-EEU-ROU,glass,2055,recycling,0.06
C-EEU-ROU,glass,2055,reuse,0
C-EEU-ROU,glass,2060,downcycling,0.24
C-EEU-ROU,glass,2060,incineration,0
C-EEU-ROU,glass,2060,landfilling,0.7
C-EEU-ROU,glass,2060,recycling,0.06
C-EEU-ROU,glass,2060,reuse,0
C-EEU-ROU,glass,2065,downcycling,0.24
C-EEU-ROU,glass,2065,incineration,0
C-EEU-ROU,glass,2065,landfilling,0.7
C-EEU-ROU,glass,2065,recycling,0.06
C-EEU-ROU,glass,2065,reuse,0
C-EEU-ROU,glass,2070,downcycling,0.24
C-EEU-ROU,glass,2070,incineration,0
C-EEU-ROU,glass,2070,landfilling,0.7
C-EEU-ROU,glass,2070,recycling,0.06
C-EEU-ROU,glass,2070,reuse,0
C-EEU-ROU,glass,2075,downcycling,0.24
C-EEU-ROU,glass,2075,incineration,0
C-EEU-ROU,glass,2075,landfilling,0.7
C-EEU-ROU,glass,2075,recycling,0.06
C-EEU-ROU,glass,2075,reuse,0
C-EEU-ROU,glass,2080,downcycling,0.24
C-EEU-ROU,glass,2080,incineration,0
C-EEU-ROU,glass,2080,landfilling,0.7
C-EEU-ROU,glass,2080,recycling,0.06
C-EEU-ROU,glass,2080,reuse,0
C-EEU-ROU,glass,2085,downcycling,0.24
C-EEU-ROU,glass,2085,incineration,0
C-EEU-ROU,glass,2085,landfilling,0.7
C-EEU-ROU,glass,2085,recycling,0.06
C-EEU-ROU,glass,2085,reuse,0
C-EEU-ROU,glass,2090,downcycling,0.24
C-EEU-ROU,glass,2090,incineration,0
C-EEU-ROU,glass,2090,landfilling,0.7
C-EEU-ROU,glass,2090,recycling,0.06
C-EEU-ROU,glass,2090,reuse,0
C-EEU-ROU,glass,2095,downcycling,0.24
C-EEU-ROU,glass,2095,incineration,0
C-EEU-ROU,glass,2095,landfilling,0.7
C-EEU-ROU,glass,2095,recycling,0.06
C-EEU-ROU,glass,2095,reuse,0
C-EEU-ROU,glass,2100,downcycling,0.24
C-EEU-ROU,glass,2100,incineration,0
C-EEU-ROU,glass,2100,landfilling,0.7
C-EEU-ROU,glass,2100,recycling,0.06
C-EEU-ROU,glass,2100,reuse,0
C-EEU-ROU,steel,2015,downcycling,0
C-EEU-ROU,steel,2015,incineration,0
C-EEU-ROU,steel,2015,landfilling,2.7335573544614894e-4
C-EEU-ROU,steel,2015,recycling,0.9997266442645538
C-EEU-ROU,steel,2015,reuse,0
C-EEU-ROU,steel,2020,downcycling,0
C-EEU-ROU,steel,2020,incineration,0
C-EEU-ROU,steel,2020,landfilling,2.7335573544614894e-4
C-EEU-ROU,steel,2020,recycling,0.9997266442645538
C-EEU-ROU,steel,2020,reuse,0
C-EEU-ROU,steel,2025,downcycling,0
C-EEU-ROU,steel,2025,incineration,0
C-EEU-ROU,steel,2025,landfilling,2.7335573544614894e-4
C-EEU-ROU,steel,2025,recycling,0.9997266442645538
C-EEU-ROU,steel,2025,reuse,0
C-EEU-ROU,steel,2030,downcycling,0
C-EEU-ROU,steel,2030,incineration,0
C-EEU-ROU,steel,2030,landfilling,2.7335573544614894e-4
C-EEU-ROU,steel,2030,recycling,0.9997266442645538
C-EEU-ROU,steel,2030,reuse,0
C-EEU-ROU,steel,2035,downcycling,0
C-EEU-ROU,steel,2035,incineration,0
C-EEU-ROU,steel,2035,landfilling,2.7335573544614894e-4
C-EEU-ROU,steel,2035,recycling,0.9997266442645538
C-EEU-ROU,steel,2035,reuse,0
C-EEU-ROU,steel,2040,downcycling,0
C-EEU-ROU,steel,2040,incineration,0
C-EEU-ROU,steel,2040,landfilling,2.7335573544614894e-4
C-EEU-ROU,steel,2040,recycling,0.9997266442645538
C-EEU-ROU,steel,2040,reuse,0
C-EEU-ROU,steel,2045,downcycling,0
C-EEU-ROU,steel,2045,incineration,0
C-EEU-ROU,steel,2045,landfilling,2.7335573544614894e-4
C-EEU-ROU,steel,2045,recycling,0.9997266442645538
C-EEU-ROU,steel,2045,reuse,0
C-EEU-ROU,steel,2050,downcycling,0
C-EEU-ROU,steel,2050,incineration,0
C-EEU-ROU,steel,2050,landfilling,2.7335573544614894e-4
C-EEU-ROU,steel,2050,recycling,0.9997266442645538
C-EEU-ROU,steel,2050,reuse,0
C-EEU-ROU,steel,2055,downcycling,0
C-EEU-ROU,steel,2055,incineration,0
C-EEU-ROU,steel,2055,landfilling,2.7335573544614894e-4
C-EEU-ROU,steel,2055,recycling,0.9997266442645538
C-EEU-ROU,steel,2055,reuse,0
C-EEU-ROU,steel,2060,downcycling,0
C-EEU-ROU,steel,2060,incineration,0
C-EEU-ROU,steel,2060,landfilling,2.7335573544614894e-4
C-EEU-ROU,steel,2060,recycling,0.9997266442645538
C-EEU-ROU,steel,2060,reuse,0
C-EEU-ROU,steel,2065,downcycling,0
C-EEU-ROU,steel,2065,incineration,0
C-EEU-ROU,steel,2065,landfilling,2.7335573544614894e-4
C-EEU-ROU,steel,2065,recycling,0.9997266442645538
C-EEU-ROU,steel,2065,reuse,0
C-EEU-ROU,steel,2070,downcycling,0
C-EEU-ROU,steel,2070,incineration,0
C-EEU-ROU,steel,2070,landfilling,2.7335573544614894e-4
C-EEU-ROU,steel,2070,recycling,0.9997266442645538
C-EEU-ROU,steel,2070,reuse,0
C-EEU-ROU,steel,2075,downcycling,0
C-EEU-ROU,steel,2075,incineration,0
C-EEU-ROU,steel,2075,landfilling,2.7335573544614894e-4
C-EEU-ROU,steel,2075,recycling,0.9997266442645538
C-EEU-ROU,steel,2075,reuse,0
C-EEU-ROU,steel,2080,downcycling,0
C-EEU-ROU,steel,2080,incineration,0
C-EEU-ROU,steel,2080,landfilling,2.7335573544614894e-4
C-EEU-ROU,steel,2080,recycling,0.9997266442645538
C-EEU-ROU,steel,2080,reuse,0
C-EEU-ROU,steel,2085,downcycling,0
C-EEU-ROU,steel,2085,incineration,0
C-EEU-ROU,steel,2085,landfilling,2.7335573544614894e-4
C-EEU-ROU,steel,2085,recycling,0.9997266442645538
C-EEU-ROU,steel,2085,reuse,0
C-EEU-ROU,steel,2090,downcycling,0
C-EEU-ROU,steel,2090,incineration,0
C-EEU-ROU,steel,2090,landfilling,2.7335573544614894e-4
C-EEU-ROU,steel,2090,recycling,0.9997266442645538
C-EEU-ROU,steel,2090,reuse,0
C-EEU-ROU,steel,2095,downcycling,0
C-EEU-ROU,steel,2095,incineration,0
C-EEU-ROU,steel,2095,landfilling,2.7335573544614894e-4
C-EEU-ROU,steel,2095,recycling,0.9997266442645538
C-EEU-ROU,steel,2095,reuse,0
C-EEU-ROU,steel,2100,downcycling,0
C-EEU-ROU,steel,2100,incineration,0
C-EEU-ROU,steel,2100,landfilling,2.7335573544614894e-4
C-EEU-ROU,steel,2100,recycling,0.9997266442645538
C-EEU-ROU,steel,2100,reuse,0
C-EEU-ROU,wood,2015,downcycling,0
C-EEU-ROU,wood,2015,incineration,0.64
C-EEU-ROU,wood,2015,landfilling,0.06
C-EEU-ROU,wood,2015,recycling,0.3
C-EEU-ROU,wood,2015,reuse,0
C-EEU-ROU,wood,2020,downcycling,0
C-EEU-ROU,wood,2020,incineration,0.64
C-EEU-ROU,wood,2020,landfilling,0.06
C-EEU-ROU,wood,2020,recycling,0.3
C-EEU-ROU,wood,2020,reuse,0
C-EEU-ROU,wood,2025,downcycling,0
C-EEU-ROU,wood,2025,incineration,0.64
C-EEU-ROU,wood,2025,landfilling,0.06
C-EEU-ROU,wood,2025,recycling,0.3
C-EEU-ROU,wood,2025,reuse,0
C-EEU-ROU,wood,2030,downcycling,0
C-EEU-ROU,wood,2030,incineration,0.64
C-EEU-ROU,wood,2030,landfilling,0.06
C-EEU-ROU,wood,2030,recycling,0.3
C-EEU-ROU,wood,2030,reuse,0
C-EEU-ROU,wood,2035,downcycling,0
C-EEU-ROU,wood,2035,incineration,0.64
C-EEU-ROU,wood,2035,landfilling,0.06
C-EEU-ROU,wood,2035,recycling,0.3
C-EEU-ROU,wood,2035,reuse,0
C-EEU-ROU,wood,2040,downcycling,0
C-EEU-ROU,wood,2040,incineration,0.64
C-EEU-ROU,wood,2040,landfilling,0.06
C-EEU-ROU,wood,2040,recycling,0.3
C-EEU-ROU,wood,2040,reuse,0
C-EEU-ROU,wood,2045,downcycling,0
C-EEU-ROU,wood,2045,incineration,0.64
C-EEU-ROU,wood,2045,landfilling,0.06
C-EEU-ROU,wood,2045,recycling,0.3
C-EEU-ROU,wood,2045,reuse,0
C-EEU-ROU,wood,2050,downcycling,0
C-EEU-ROU,wood,2050,incineration,0.64
C-EEU-ROU,wood,2050,landfilling,0.06
C-EEU-ROU,wood,2050,recycling,0.3
C-EEU-ROU,wood,2050,reuse,0
C-EEU-ROU,wood,2055,downcycling,0
C-EEU-ROU,wood,2055,incineration,0.64
C-EEU-ROU,wood,2055,landfilling,0.06
C-EEU-ROU,wood,2055,recycling,0.3
C-EEU-ROU,wood,2055,reuse,0
C-EEU-ROU,wood,2060,downcycling,0
C-EEU-ROU,wood,2060,incineration,0.64
C-EEU-ROU,wood,2060,landfilling,0.06
C-EEU-ROU,wood,2060,recycling,0.3
C-EEU-ROU,wood,2060,reuse,0
C-EEU-ROU,wood,2065,downcycling,0
C-EEU-ROU,wood,2065,incineration,0.64
C-EEU-ROU,wood,2065,landfilling,0.06
C-EEU-ROU,wood,2065,recycling,0.3
C-EEU-ROU,wood,2065,reuse,0
C-EEU-ROU,wood,2070,downcycling,0
C-EEU-ROU,wood,2070,incineration,0.64
C-EEU-ROU,wood,2070,landfilling,0.06
C-EEU-ROU,wood,2070,recycling,0.3
C-EEU-ROU,wood,2070,reuse,0
C-EEU-ROU,wood,2075,downcycling,0
C-EEU-ROU,wood,2075,incineration,0.64
C-EEU-ROU,wood,2075,landfilling,0.06
C-EEU-ROU,wood,2075,recycling,0.3
C-EEU-ROU,wood,2075,reuse,0
C-EEU-ROU,wood,2080,downcycling,0
C-EEU-ROU,wood,2080,incineration,0.64
C-EEU-ROU,wood,2080,landfilling,0.06
C-EEU-ROU,wood,2080,recycling,0.3
C-EEU-ROU,wood,2080,reuse,0
C-EEU-ROU,wood,2085,downcycling,0
C-EEU-ROU,wood,2085,incineration,0.64
C-EEU-ROU,wood,2085,landfilling,0.06
C-EEU-ROU,wood,2085,recycling,0.3
C-EEU-ROU,wood,2085,reuse,0
C-EEU-ROU,wood,2090,downcycling,0
C-EEU-ROU,wood,2090,incineration,0.64
C-EEU-ROU,wood,2090,landfilling,0.06
C-EEU-ROU,wood,2090,recycling,0.3
C-EEU-ROU,wood,2090,reuse,0
C-EEU-ROU,wood,2095,downcycling,0
C-EEU-ROU,wood,2095,incineration,0.64
C-EEU-ROU,wood,2095,landfilling,0.06
C-EEU-ROU,wood,2095,recycling,0.3
C-EEU-ROU,wood,2095,reuse,0
C-EEU-ROU,wood,2100,downcycling,0
C-EEU-ROU,wood,2100,incineration,0.64
C-EEU-ROU,wood,2100,landfilling,0.06
C-EEU-ROU,wood,2100,recycling,0.3
C-EEU-ROU,wood,2100,reuse,0
C-EEU-SVK,aluminum,2015,downcycling,0
C-EEU-SVK,aluminum,2015,incineration,0
C-EEU-SVK,aluminum,2015,landfilling,0.00129297301262711
C-EEU-SVK,aluminum,2015,recycling,0.9987070269873728
C-EEU-SVK,aluminum,2015,reuse,0
C-EEU-SVK,aluminum,2020,downcycling,0
C-EEU-SVK,aluminum,2020,incineration,0
C-EEU-SVK,aluminum,2020,landfilling,0.00129297301262711
C-EEU-SVK,aluminum,2020,recycling,0.9987070269873728
C-EEU-SVK,aluminum,2020,reuse,0
C-EEU-SVK,aluminum,2025,downcycling,0
C-EEU-SVK,aluminum,2025,incineration,0
C-EEU-SVK,aluminum,2025,landfilling,0.00129297301262711
C-EEU-SVK,aluminum,2025,recycling,0.9987070269873728
C-EEU-SVK,aluminum,2025,reuse,0
C-EEU-SVK,aluminum,2030,downcycling,0
C-EEU-SVK,aluminum,2030,incineration,0
C-EEU-SVK,aluminum,2030,landfilling,0.00129297301262711
C-EEU-SVK,aluminum,2030,recycling,0.9987070269873728
C-EEU-SVK,aluminum,2030,reuse,0
C-EEU-SVK,aluminum,2035,downcycling,0
C-EEU-SVK,aluminum,2035,incineration,0
C-EEU-SVK,aluminum,2035,landfilling,0.00129297301262711
C-EEU-SVK,aluminum,2035,recycling,0.9987070269873728
C-EEU-SVK,aluminum,2035,reuse,0
C-EEU-SVK,aluminum,2040,downcycling,0
C-EEU-SVK,aluminum,2040,incineration,0
C-EEU-SVK,aluminum,2040,landfilling,0.00129297301262711
C-EEU-SVK,aluminum,2040,recycling,0.9987070269873728
C-EEU-SVK,aluminum,2040,reuse,0
C-EEU-SVK,aluminum,2045,downcycling,0
C-EEU-SVK,aluminum,2045,incineration,0
C-EEU-SVK,aluminum,2045,landfilling,0.00129297301262711
C-EEU-SVK,aluminum,2045,recycling,0.9987070269873728
C-EEU-SVK,aluminum,2045,reuse,0
C-EEU-SVK,aluminum,2050,downcycling,0
C-EEU-SVK,aluminum,2050,incineration,0
C-EEU-SVK,aluminum,2050,landfilling,0.00129297301262711
C-EEU-SVK,aluminum,2050,recycling,0.9987070269873728
C-EEU-SVK,aluminum,2050,reuse,0
C-EEU-SVK,aluminum,2055,downcycling,0
C-EEU-SVK,aluminum,2055,incineration,0
C-EEU-SVK,aluminum,2055,landfilling,0.00129297301262711
C-EEU-SVK,aluminum,2055,recycling,0.9987070269873728
C-EEU-SVK,aluminum,2055,reuse,0
C-EEU-SVK,aluminum,2060,downcycling,0
C-EEU-SVK,aluminum,2060,incineration,0
C-EEU-SVK,aluminum,2060,landfilling,0.00129297301262711
C-EEU-SVK,aluminum,2060,recycling,0.9987070269873728
C-EEU-SVK,aluminum,2060,reuse,0
C-EEU-SVK,aluminum,2065,downcycling,0
C-EEU-SVK,aluminum,2065,incineration,0
C-EEU-SVK,aluminum,2065,landfilling,0.00129297301262711
C-EEU-SVK,aluminum,2065,recycling,0.9987070269873728
C-EEU-SVK,aluminum,2065,reuse,0
C-EEU-SVK,aluminum,2070,downcycling,0
C-EEU-SVK,aluminum,2070,incineration,0
C-EEU-SVK,aluminum,2070,landfilling,0.00129297301262711
C-EEU-SVK,aluminum,2070,recycling,0.9987070269873728
C-EEU-SVK,aluminum,2070,reuse,0
C-EEU-SVK,aluminum,2075,downcycling,0
C-EEU-SVK,aluminum,2075,incineration,0
C-EEU-SVK,aluminum,2075,landfilling,0.00129297301262711
C-EEU-SVK,aluminum,2075,recycling,0.9987070269873728
C-EEU-SVK,aluminum,2075,reuse,0
C-EEU-SVK,aluminum,2080,downcycling,0
C-EEU-SVK,aluminum,2080,incineration,0
C-EEU-SVK,aluminum,2080,landfilling,0.00129297301262711
C-EEU-SVK,aluminum,2080,recycling,0.9987070269873728
C-EEU-SVK,aluminum,2080,reuse,0
C-EEU-SVK,aluminum,2085,downcycling,0
C-EEU-SVK,aluminum,2085,incineration,0
C-EEU-SVK,aluminum,2085,landfilling,0.00129297301262711
C-EEU-SVK,aluminum,2085,recycling,0.9987070269873728
C-EEU-SVK,aluminum,2085,reuse,0
C-EEU-SVK,aluminum,2090,downcycling,0
C-EEU-SVK,aluminum,2090,incineration,0
C-EEU-SVK,aluminum,2090,landfilling,0.00129297301262711
C-EEU-SVK,aluminum,2090,recycling,0.9987070269873728
C-EEU-SVK,aluminum,2090,reuse,0
C-EEU-SVK,aluminum,2095,downcycling,0
C-EEU-SVK,aluminum,2095,incineration,0
C-EEU-SVK,aluminum,2095,landfilling,0.00129297301262711
C-EEU-SVK,aluminum,2095,recycling,0.9987070269873728
C-EEU-SVK,aluminum,2095,reuse,0
C-EEU-SVK,aluminum,2100,downcycling,0
C-EEU-SVK,aluminum,2100,incineration,0
C-EEU-SVK,aluminum,2100,landfilling,0.00129297301262711
C-EEU-SVK,aluminum,2100,recycling,0.9987070269873728
C-EEU-SVK,aluminum,2100,reuse,0
C-EEU-SVK,brick,2015,downcycling,1.5389286905123393e-4
C-EEU-SVK,brick,2015,incineration,0
C-EEU-SVK,brick,2015,landfilling,0.06724290996522517
C-EEU-SVK,brick,2015,recycling,0.9326031971657236
C-EEU-SVK,brick,2015,reuse,0
C-EEU-SVK,brick,2020,downcycling,1.5389286905123393e-4
C-EEU-SVK,brick,2020,incineration,0
C-EEU-SVK,brick,2020,landfilling,0.06724290996522517
C-EEU-SVK,brick,2020,recycling,0.9326031971657236
C-EEU-SVK,brick,2020,reuse,0
C-EEU-SVK,brick,2025,downcycling,1.5389286905123393e-4
C-EEU-SVK,brick,2025,incineration,0
C-EEU-SVK,brick,2025,landfilling,0.06724290996522517
C-EEU-SVK,brick,2025,recycling,0.9326031971657236
C-EEU-SVK,brick,2025,reuse,0
C-EEU-SVK,brick,2030,downcycling,1.5389286905123393e-4
C-EEU-SVK,brick,2030,incineration,0
C-EEU-SVK,brick,2030,landfilling,0.06724290996522517
C-EEU-SVK,brick,2030,recycling,0.9326031971657236
C-EEU-SVK,brick,2030,reuse,0
C-EEU-SVK,brick,2035,downcycling,1.5389286905123393e-4
C-EEU-SVK,brick,2035,incineration,0
C-EEU-SVK,brick,2035,landfilling,0.06724290996522517
C-EEU-SVK,brick,2035,recycling,0.9326031971657236
C-EEU-SVK,brick,2035,reuse,0
C-EEU-SVK,brick,2040,downcycling,1.5389286905123393e-4
C-EEU-SVK,brick,2040,incineration,0
C-EEU-SVK,brick,2040,landfilling,0.06724290996522517
C-EEU-SVK,brick,2040,recycling,0.9326031971657236
C-EEU-SVK,brick,2040,reuse,0
C-EEU-SVK,brick,2045,downcycling,1.5389286905123393e-4
C-EEU-SVK,brick,2045,incineration,0
C-EEU-SVK,brick,2045,landfilling,0.06724290996522517
C-EEU-SVK,brick,2045,recycling,0.9326031971657236
C-EEU-SVK,brick,2045,reuse,0
C-EEU-SVK,brick,2050,downcycling,1.5389286905123393e-4
C-EEU-SVK,brick,2050,incineration,0
C-EEU-SVK,brick,2050,landfilling,0.06724290996522517
C-EEU-SVK,brick,2050,recycling,0.9326031971657236
C-EEU-SVK,brick,2050,reuse,0
C-EEU-SVK,brick,2055,downcycling,1.5389286905123393e-4
C-EEU-SVK,brick,2055,incineration,0
C-EEU-SVK,brick,2055,landfilling,0.06724290996522517
C-EEU-SVK,brick,2055,recycling,0.9326031971657236
C-EEU-SVK,brick,2055,reuse,0
C-EEU-SVK,brick,2060,downcycling,1.5389286905123393e-4
C-EEU-SVK,brick,2060,incineration,0
C-EEU-SVK,brick,2060,landfilling,0.06724290996522517
C-EEU-SVK,brick,2060,recycling,0.9326031971657236
C-EEU-SVK,brick,2060,reuse,0
C-EEU-SVK,brick,2065,downcycling,1.5389286905123393e-4
C-EEU-SVK,brick,2065,incineration,0
C-EEU-SVK,brick,2065,landfilling,0.06724290996522517
C-EEU-SVK,brick,2065,recycling,0.9326031971657236
C-EEU-SVK,brick,2065,reuse,0
C-EEU-SVK,brick,2070,downcycling,1.5389286905123393e-4
C-EEU-SVK,brick,2070,incineration,0
C-EEU-SVK,brick,2070,landfilling,0.06724290996522517
C-EEU-SVK,brick,2070,recycling,0.9326031971657236
C-EEU-SVK,brick,2070,reuse,0
C-EEU-SVK,brick,2075,downcycling,1.5389286905123393e-4
C-EEU-SVK,brick,2075,incineration,0
C-EEU-SVK,brick,2075,landfilling,0.06724290996522517
C-EEU-SVK,brick,2075,recycling,0.9326031971657236
C-EEU-SVK,brick,2075,reuse,0
C-EEU-SVK,brick,2080,downcycling,1.5389286905123393e-4
C-EEU-SVK,brick,2080,incineration,0
C-EEU-SVK,brick,2080,landfilling,0.06724290996522517
C-EEU-SVK,brick,2080,recycling,0.9326031971657236
C-EEU-SVK,brick,2080,reuse,0
C-EEU-SVK,brick,2085,downcycling,1.5389286905123393e-4
C-EEU-SVK,brick,2085,incineration,0
C-EEU-SVK,brick,2085,landfilling,0.06724290996522517
C-EEU-SVK,brick,2085,recycling,0.9326031971657236
C-EEU-SVK,brick,2085,reuse,0
C-EEU-SVK,brick,2090,downcycling,1.5389286905123393e-4
C-EEU-SVK,brick,2090,incineration,0
C-EEU-SVK,brick,2090,landfilling,0.06724290996522517
C-EEU-SVK,brick,2090,recycling,0.9326031971657236
C-EEU-SVK,brick,2090,reuse,0
C-EEU-SVK,brick,2095,downcycling,1.5389286905123393e-4
C-EEU-SVK,brick,2095,incineration,0
C-EEU-SVK,brick,2095,landfilling,0.06724290996522517
C-EEU-SVK,brick,2095,recycling,0.9326031971657236
C-EEU-SVK,brick,2095,reuse,0
C-EEU-SVK,brick,2100,downcycling,1.5389286905123393e-4
C-EEU-SVK,brick,2100,incineration,0
C-EEU-SVK,brick,2100,landfilling,0.06724290996522517
C-EEU-SVK,brick,2100,recycling,0.9326031971657236
C-EEU-SVK,brick,2100,reuse,0
C-EEU-SVK,concrete,2015,downcycling,1.5389286905123393e-4
C-EEU-SVK,concrete,2015,incineration,0
C-EEU-SVK,concrete,2015,landfilling,0.06724290996522517
C-EEU-SVK,concrete,2015,recycling,0.9326031971657236
C-EEU-SVK,concrete,2015,reuse,0
C-EEU-SVK,concrete,2020,downcycling,1.5389286905123393e-4
C-EEU-SVK,concrete,2020,incineration,0
C-EEU-SVK,concrete,2020,landfilling,0.06724290996522517
C-EEU-SVK,concrete,2020,recycling,0.9326031971657236
C-EEU-SVK,concrete,2020,reuse,0
C-EEU-SVK,concrete,2025,downcycling,1.5389286905123393e-4
C-EEU-SVK,concrete,2025,incineration,0
C-EEU-SVK,concrete,2025,landfilling,0.06724290996522517
C-EEU-SVK,concrete,2025,recycling,0.9326031971657236
C-EEU-SVK,concrete,2025,reuse,0
C-EEU-SVK,concrete,2030,downcycling,1.5389286905123393e-4
C-EEU-SVK,concrete,2030,incineration,0
C-EEU-SVK,concrete,2030,landfilling,0.06724290996522517
C-EEU-SVK,concrete,2030,recycling,0.9326031971657236
C-EEU-SVK,concrete,2030,reuse,0
C-EEU-SVK,concrete,2035,downcycling,1.5389286905123393e-4
C-EEU-SVK,concrete,2035,incineration,0
C-EEU-SVK,concrete,2035,landfilling,0.06724290996522517
C-EEU-SVK,concrete,2035,recycling,0.9326031971657236
C-EEU-SVK,concrete,2035,reuse,0
C-EEU-SVK,concrete,2040,downcycling,1.5389286905123393e-4
C-EEU-SVK,concrete,2040,incineration,0
C-EEU-SVK,concrete,2040,landfilling,0.06724290996522517
C-EEU-SVK,concrete,2040,recycling,0.9326031971657236
C-EEU-SVK,concrete,2040,reuse,0
C-EEU-SVK,concrete,2045,downcycling,1.5389286905123393e-4
C-EEU-SVK,concrete,2045,incineration,0
C-EEU-SVK,concrete,2045,landfilling,0.06724290996522517
C-EEU-SVK,concrete,2045,recycling,0.9326031971657236
C-EEU-SVK,concrete,2045,reuse,0
C-EEU-SVK,concrete,2050,downcycling,1.5389286905123393e-4
C-EEU-SVK,concrete,2050,incineration,0
C-EEU-SVK,concrete,2050,landfilling,0.06724290996522517
C-EEU-SVK,concrete,2050,recycling,0.9326031971657236
C-EEU-SVK,concrete,2050,reuse,0
C-EEU-SVK,concrete,2055,downcycling,1.5389286905123393e-4
C-EEU-SVK,concrete,2055,incineration,0
C-EEU-SVK,concrete,2055,landfilling,0.06724290996522517
C-EEU-SVK,concrete,2055,recycling,0.9326031971657236
C-EEU-SVK,concrete,2055,reuse,0
C-EEU-SVK,concrete,2060,downcycling,1.5389286905123393e-4
C-EEU-SVK,concrete,2060,incineration,0
C-EEU-SVK,concrete,2060,landfilling,0.06724290996522517
C-EEU-SVK,concrete,2060,recycling,0.9326031971657236
C-EEU-SVK,concrete,2060,reuse,0
C-EEU-SVK,concrete,2065,downcycling,1.5389286905123393e-4
C-EEU-SVK,concrete,2065,incineration,0
C-EEU-SVK,concrete,2065,landfilling,0.06724290996522517
C-EEU-SVK,concrete,2065,recycling,0.9326031971657236
C-EEU-SVK,concrete,2065,reuse,0
C-EEU-SVK,concrete,2070,downcycling,1.5389286905123393e-4
C-EEU-SVK,concrete,2070,incineration,0
C-EEU-SVK,concrete,2070,landfilling,0.06724290996522517
C-EEU-SVK,concrete,2070,recycling,0.9326031971657236
C-EEU-SVK,concrete,2070,reuse,0
C-EEU-SVK,concrete,2075,downcycling,1.5389286905123393e-4
C-EEU-SVK,concrete,2075,incineration,0
C-EEU-SVK,concrete,2075,landfilling,0.06724290996522517
C-EEU-SVK,concrete,2075,recycling,0.9326031971657236
C-EEU-SVK,concrete,2075,reuse,0
C-EEU-SVK,concrete,2080,downcycling,1.5389286905123393e-4
C-EEU-SVK,concrete,2080,incineration,0
C-EEU-SVK,concrete,2080,landfilling,0.06724290996522517
C-EEU-SVK,concrete,2080,recycling,0.9326031971657236
C-EEU-SVK,concrete,2080,reuse,0
C-EEU-SVK,concrete,2085,downcycling,1.5389286905123393e-4
C-EEU-SVK,concrete,2085,incineration,0
C-EEU-SVK,concrete,2085,landfilling,0.06724290996522517
C-EEU-SVK,concrete,2085,recycling,0.9326031971657236
C-EEU-SVK,concrete,2085,reuse,0
C-EEU-SVK,concrete,2090,downcycling,1.5389286905123393e-4
C-EEU-SVK,concrete,2090,incineration,0
C-EEU-SVK,concrete,2090,landfilling,0.06724290996522517
C-EEU-SVK,concrete,2090,recycling,0.9326031971657236
C-EEU-SVK,concrete,2090,reuse,0
C-EEU-SVK,concrete,2095,downcycling,1.5389286905123393e-4
C-EEU-SVK,concrete,2095,incineration,0
C-EEU-SVK,concrete,2095,landfilling,0.06724290996522517
C-EEU-SVK,concrete,2095,recycling,0.9326031971657236
C-EEU-SVK,concrete,2095,reuse,0
C-EEU-SVK,concrete,2100,downcycling,1.5389286905123393e-4
C-EEU-SVK,concrete,2100,incineration,0
C-EEU-SVK,concrete,2100,landfilling,0.06724290996522517
C-EEU-SVK,concrete,2100,recycling,0.9326031971657236
C-EEU-SVK,concrete,2100,reuse,0
C-EEU-SVK,copper,2015,downcycling,0
C-EEU-SVK,copper,2015,incineration,0
C-EEU-SVK,copper,2015,landfilling,0.00129297301262711
C-EEU-SVK,copper,2015,recycling,0.9987070269873728
C-EEU-SVK,copper,2015,reuse,0
C-EEU-SVK,copper,2020,downcycling,0
C-EEU-SVK,copper,2020,incineration,0
C-EEU-SVK,copper,2020,landfilling,0.00129297301262711
C-EEU-SVK,copper,2020,recycling,0.9987070269873728
C-EEU-SVK,copper,2020,reuse,0
C-EEU-SVK,copper,2025,downcycling,0
C-EEU-SVK,copper,2025,incineration,0
C-EEU-SVK,copper,2025,landfilling,0.00129297301262711
C-EEU-SVK,copper,2025,recycling,0.9987070269873728
C-EEU-SVK,copper,2025,reuse,0
C-EEU-SVK,copper,2030,downcycling,0
C-EEU-SVK,copper,2030,incineration,0
C-EEU-SVK,copper,2030,landfilling,0.00129297301262711
C-EEU-SVK,copper,2030,recycling,0.9987070269873728
C-EEU-SVK,copper,2030,reuse,0
C-EEU-SVK,copper,2035,downcycling,0
C-EEU-SVK,copper,2035,incineration,0
C-EEU-SVK,copper,2035,landfilling,0.00129297301262711
C-EEU-SVK,copper,2035,recycling,0.9987070269873728
C-EEU-SVK,copper,2035,reuse,0
C-EEU-SVK,copper,2040,downcycling,0
C-EEU-SVK,copper,2040,incineration,0
C-EEU-SVK,copper,2040,landfilling,0.00129297301262711
C-EEU-SVK,copper,2040,recycling,0.9987070269873728
C-EEU-SVK,copper,2040,reuse,0
C-EEU-SVK,copper,2045,downcycling,0
C-EEU-SVK,copper,2045,incineration,0
C-EEU-SVK,copper,2045,landfilling,0.00129297301262711
C-EEU-SVK,copper,2045,recycling,0.9987070269873728
C-EEU-SVK,copper,2045,reuse,0
C-EEU-SVK,copper,2050,downcycling,0
C-EEU-SVK,copper,2050,incineration,0
C-EEU-SVK,copper,2050,landfilling,0.00129297301262711
C-EEU-SVK,copper,2050,recycling,0.9987070269873728
C-EEU-SVK,copper,2050,reuse,0
C-EEU-SVK,copper,2055,downcycling,0
C-EEU-SVK,copper,2055,incineration,0
C-EEU-SVK,copper,2055,landfilling,0.00129297301262711
C-EEU-SVK,copper,2055,recycling,0.9987070269873728
C-EEU-SVK,copper,2055,reuse,0
C-EEU-SVK,copper,2060,downcycling,0
C-EEU-SVK,copper,2060,incineration,0
C-EEU-SVK,copper,2060,landfilling,0.00129297301262711
C-EEU-SVK,copper,2060,recycling,0.9987070269873728
C-EEU-SVK,copper,2060,reuse,0
C-EEU-SVK,copper,2065,downcycling,0
C-EEU-SVK,copper,2065,incineration,0
C-EEU-SVK,copper,2065,landfilling,0.00129297301262711
C-EEU-SVK,copper,2065,recycling,0.9987070269873728
C-EEU-SVK,copper,2065,reuse,0
C-EEU-SVK,copper,2070,downcycling,0
C-EEU-SVK,copper,2070,incineration,0
C-EEU-SVK,copper,2070,landfilling,0.00129297301262711
C-EEU-SVK,copper,2070,recycling,0.9987070269873728
C-EEU-SVK,copper,2070,reuse,0
C-EEU-SVK,copper,2075,downcycling,0
C-EEU-SVK,copper,2075,incineration,0
C-EEU-SVK,copper,2075,landfilling,0.00129297301262711
C-EEU-SVK,copper,2075,recycling,0.9987070269873728
C-EEU-SVK,copper,2075,reuse,0
C-EEU-SVK,copper,2080,downcycling,0
C-EEU-SVK,copper,2080,incineration,0
C-EEU-SVK,copper,2080,landfilling,0.00129297301262711
C-EEU-SVK,copper,2080,recycling,0.9987070269873728
C-EEU-SVK,copper,2080,reuse,0
C-EEU-SVK,copper,2085,downcycling,0
C-EEU-SVK,copper,2085,incineration,0
C-EEU-SVK,copper,2085,landfilling,0.00129297301262711
C-EEU-SVK,copper,2085,recycling,0.9987070269873728
C-EEU-SVK,copper,2085,reuse,0
C-EEU-SVK,copper,2090,downcycling,0
C-EEU-SVK,copper,2090,incineration,0
C-EEU-SVK,copper,2090,landfilling,0.00129297301262711
C-EEU-SVK,copper,2090,recycling,0.9987070269873728
C-EEU-SVK,copper,2090,reuse,0
C-EEU-SVK,copper,2095,downcycling,0
C-EEU-SVK,copper,2095,incineration,0
C-EEU-SVK,copper,2095,landfilling,0.00129297301262711
C-EEU-SVK,copper,2095,recycling,0.9987070269873728
C-EEU-SVK,copper,2095,reuse,0
C-EEU-SVK,copper,2100,downcycling,0
C-EEU-SVK,copper,2100,incineration,0
C-EEU-SVK,copper,2100,landfilling,0.00129297301262711
C-EEU-SVK,copper,2100,recycling,0.9987070269873728
C-EEU-SVK,copper,2100,reuse,0
C-EEU-SVK,glass,2015,downcycling,0.24
C-EEU-SVK,glass,2015,incineration,0
C-EEU-SVK,glass,2015,landfilling,0.7
C-EEU-SVK,glass,2015,recycling,0.06
C-EEU-SVK,glass,2015,reuse,0
C-EEU-SVK,glass,2020,downcycling,0.24
C-EEU-SVK,glass,2020,incineration,0
C-EEU-SVK,glass,2020,landfilling,0.7
C-EEU-SVK,glass,2020,recycling,0.06
C-EEU-SVK,glass,2020,reuse,0
C-EEU-SVK,glass,2025,downcycling,0.24
C-EEU-SVK,glass,2025,incineration,0
C-EEU-SVK,glass,2025,landfilling,0.7
C-EEU-SVK,glass,2025,recycling,0.06
C-EEU-SVK,glass,2025,reuse,0
C-EEU-SVK,glass,2030,downcycling,0.24
C-EEU-SVK,glass,2030,incineration,0
C-EEU-SVK,glass,2030,landfilling,0.7
C-EEU-SVK,glass,2030,recycling,0.06
C-EEU-SVK,glass,2030,reuse,0
C-EEU-SVK,glass,2035,downcycling,0.24
C-EEU-SVK,glass,2035,incineration,0
C-EEU-SVK,glass,2035,landfilling,0.7
C-EEU-SVK,glass,2035,recycling,0.06
C-EEU-SVK,glass,2035,reuse,0
C-EEU-SVK,glass,2040,downcycling,0.24
C-EEU-SVK,glass,2040,incineration,0
C-EEU-SVK,glass,2040,landfilling,0.7
C-EEU-SVK,glass,2040,recycling,0.06
C-EEU-SVK,glass,2040,reuse,0
C-EEU-SVK,glass,2045,downcycling,0.24
C-EEU-SVK,glass,2045,incineration,0
C-EEU-SVK,glass,2045,landfilling,0.7
C-EEU-SVK,glass,2045,recycling,0.06
C-EEU-SVK,glass,2045,reuse,0
C-EEU-SVK,glass,2050,downcycling,0.24
C-EEU-SVK,glass,2050,incineration,0
C-EEU-SVK,glass,2050,landfilling,0.7
C-EEU-SVK,glass,2050,recycling,0.06
C-EEU-SVK,glass,2050,reuse,0
C-EEU-SVK,glass,2055,downcycling,0.24
C-EEU-SVK,glass,2055,incineration,0
C-EEU-SVK,glass,2055,landfilling,0.7
C-EEU-SVK,glass,2055,recycling,0.06
C-EEU-SVK,glass,2055,reuse,0
C-EEU-SVK,glass,2060,downcycling,0.24
C-EEU-SVK,glass,2060,incineration,0
C-EEU-SVK,glass,2060,landfilling,0.7
C-EEU-SVK,glass,2060,recycling,0.06
C-EEU-SVK,glass,2060,reuse,0
C-EEU-SVK,glass,2065,downcycling,0.24
C-EEU-SVK,glass,2065,incineration,0
C-EEU-SVK,glass,2065,landfilling,0.7
C-EEU-SVK,glass,2065,recycling,0.06
C-EEU-SVK,glass,2065,reuse,0
C-EEU-SVK,glass,2070,downcycling,0.24
C-EEU-SVK,glass,2070,incineration,0
C-EEU-SVK,glass,2070,landfilling,0.7
C-EEU-SVK,glass,2070,recycling,0.06
C-EEU-SVK,glass,2070,reuse,0
C-EEU-SVK,glass,2075,downcycling,0.24
C-EEU-SVK,glass,2075,incineration,0
C-EEU-SVK,glass,2075,landfilling,0.7
C-EEU-SVK,glass,2075,recycling,0.06
C-EEU-SVK,glass,2075,reuse,0
C-EEU-SVK,glass,2080,downcycling,0.24
C-EEU-SVK,glass,2080,incineration,0
C-EEU-SVK,glass,2080,landfilling,0.7
C-EEU-SVK,glass,2080,recycling,0.06
C-EEU-SVK,glass,2080,reuse,0
C-EEU-SVK,glass,2085,downcycling,0.24
C-EEU-SVK,glass,2085,incineration,0
C-EEU-SVK,glass,2085,landfilling,0.7
C-EEU-SVK,glass,2085,recycling,0.06
C-EEU-SVK,glass,2085,reuse,0
C-EEU-SVK,glass,2090,downcycling,0.24
C-EEU-SVK,glass,2090,incineration,0
C-EEU-SVK,glass,2090,landfilling,0.7
C-EEU-SVK,glass,2090,recycling,0.06
C-EEU-SVK,glass,2090,reuse,0
C-EEU-SVK,glass,2095,downcycling,0.24
C-EEU-SVK,glass,2095,incineration,0
C-EEU-SVK,glass,2095,landfilling,0.7
C-EEU-SVK,glass,2095,recycling,0.06
C-EEU-SVK,glass,2095,reuse,0
C-EEU-SVK,glass,2100,downcycling,0.24
C-EEU-SVK,glass,2100,incineration,0
C-EEU-SVK,glass,2100,landfilling,0.7
C-EEU-SVK,glass,2100,recycling,0.06
C-EEU-SVK,glass,2100,reuse,0
C-EEU-SVK,steel,2015,downcycling,0
C-EEU-SVK,steel,2015,incineration,0
C-EEU-SVK,steel,2015,landfilling,1.1122538795003372e-4
C-EEU-SVK,steel,2015,recycling,0.99988877461205
C-EEU-SVK,steel,2015,reuse,0
C-EEU-SVK,steel,2020,downcycling,0
C-EEU-SVK,steel,2020,incineration,0
C-EEU-SVK,steel,2020,landfilling,1.1122538795003372e-4
C-EEU-SVK,steel,2020,recycling,0.99988877461205
C-EEU-SVK,steel,2020,reuse,0
C-EEU-SVK,steel,2025,downcycling,0
C-EEU-SVK,steel,2025,incineration,0
C-EEU-SVK,steel,2025,landfilling,1.1122538795003372e-4
C-EEU-SVK,steel,2025,recycling,0.99988877461205
C-EEU-SVK,steel,2025,reuse,0
C-EEU-SVK,steel,2030,downcycling,0
C-EEU-SVK,steel,2030,incineration,0
C-EEU-SVK,steel,2030,landfilling,1.1122538795003372e-4
C-EEU-SVK,steel,2030,recycling,0.99988877461205
C-EEU-SVK,steel,2030,reuse,0
C-EEU-SVK,steel,2035,downcycling,0
C-EEU-SVK,steel,2035,incineration,0
C-EEU-SVK,steel,2035,landfilling,1.1122538795003372e-4
C-EEU-SVK,steel,2035,recycling,0.99988877461205
C-EEU-SVK,steel,2035,reuse,0
C-EEU-SVK,steel,2040,downcycling,0
C-EEU-SVK,steel,2040,incineration,0
C-EEU-SVK,steel,2040,landfilling,1.1122538795003372e-4
C-EEU-SVK,steel,2040,recycling,0.99988877461205
C-EEU-SVK,steel,2040,reuse,0
C-EEU-SVK,steel,2045,downcycling,0
C-EEU-SVK,steel,2045,incineration,0
C-EEU-SVK,steel,2045,landfilling,1.1122538795003372e-4
C-EEU-SVK,steel,2045,recycling,0.99988877461205
C-EEU-SVK,steel,2045,reuse,0
C-EEU-SVK,steel,2050,downcycling,0
C-EEU-SVK,steel,2050,incineration,0
C-EEU-SVK,steel,2050,landfilling,1.1122538795003372e-4
C-EEU-SVK,steel,2050,recycling,0.99988877461205
C-EEU-SVK,steel,2050,reuse,0
C-EEU-SVK,steel,2055,downcycling,0
C-EEU-SVK,steel,2055,incineration,0
C-EEU-SVK,steel,2055,landfilling,1.1122538795003372e-4
C-EEU-SVK,steel,2055,recycling,0.99988877461205
C-EEU-SVK,steel,2055,reuse,0
C-EEU-SVK,steel,2060,downcycling,0
C-EEU-SVK,steel,2060,incineration,0
C-EEU-SVK,steel,2060,landfilling,1.1122538795003372e-4
C-EEU-SVK,steel,2060,recycling,0.99988877461205
C-EEU-SVK,steel,2060,reuse,0
C-EEU-SVK,steel,2065,downcycling,0
C-EEU-SVK,steel,2065,incineration,0
C-EEU-SVK,steel,2065,landfilling,1.1122538795003372e-4
C-EEU-SVK,steel,2065,recycling,0.99988877461205
C-EEU-SVK,steel,2065,reuse,0
C-EEU-SVK,steel,2070,downcycling,0
C-EEU-SVK,steel,2070,incineration,0
C-EEU-SVK,steel,2070,landfilling,1.1122538795003372e-4
C-EEU-SVK,steel,2070,recycling,0.99988877461205
C-EEU-SVK,steel,2070,reuse,0
C-EEU-SVK,steel,2075,downcycling,0
C-EEU-SVK,steel,2075,incineration,0
C-EEU-SVK,steel,2075,landfilling,1.1122538795003372e-4
C-EEU-SVK,steel,2075,recycling,0.99988877461205
C-EEU-SVK,steel,2075,reuse,0
C-EEU-SVK,steel,2080,downcycling,0
C-EEU-SVK,steel,2080,incineration,0
C-EEU-SVK,steel,2080,landfilling,1.1122538795003372e-4
C-EEU-SVK,steel,2080,recycling,0.99988877461205
C-EEU-SVK,steel,2080,reuse,0
C-EEU-SVK,steel,2085,downcycling,0
C-EEU-SVK,steel,2085,incineration,0
C-EEU-SVK,steel,2085,landfilling,1.1122538795003372e-4
C-EEU-SVK,steel,2085,recycling,0.99988877461205
C-EEU-SVK,steel,2085,reuse,0
C-EEU-SVK,steel,2090,downcycling,0
C-EEU-SVK,steel,2090,incineration,0
C-EEU-SVK,steel,2090,landfilling,1.1122538795003372e-4
C-EEU-SVK,steel,2090,recycling,0.99988877461205
C-EEU-SVK,steel,2090,reuse,0
C-EEU-SVK,steel,2095,downcycling,0
C-EEU-SVK,steel,2095,incineration,0
C-EEU-SVK,steel,2095,landfilling,1.1122538795003372e-4
C-EEU-SVK,steel,2095,recycling,0.99988877461205
C-EEU-SVK,steel,2095,reuse,0
C-EEU-SVK,steel,2100,downcycling,0
C-EEU-SVK,steel,2100,incineration,0
C-EEU-SVK,steel,2100,landfilling,1.1122538795003372e-4
C-EEU-SVK,steel,2100,recycling,0.99988877461205
C-EEU-SVK,steel,2100,reuse,0
C-EEU-SVK,wood,2015,downcycling,0
C-EEU-SVK,wood,2015,incineration,0.64
C-EEU-SVK,wood,2015,landfilling,0.06
C-EEU-SVK,wood,2015,recycling,0.3
C-EEU-SVK,wood,2015,reuse,0
C-EEU-SVK,wood,2020,downcycling,0
C-EEU-SVK,wood,2020,incineration,0.64
C-EEU-SVK,wood,2020,landfilling,0.06
C-EEU-SVK,wood,2020,recycling,0.3
C-EEU-SVK,wood,2020,reuse,0
C-EEU-SVK,wood,2025,downcycling,0
C-EEU-SVK,wood,2025,incineration,0.64
C-EEU-SVK,wood,2025,landfilling,0.06
C-EEU-SVK,wood,2025,recycling,0.3
C-EEU-SVK,wood,2025,reuse,0
C-EEU-SVK,wood,2030,downcycling,0
C-EEU-SVK,wood,2030,incineration,0.64
C-EEU-SVK,wood,2030,landfilling,0.06
C-EEU-SVK,wood,2030,recycling,0.3
C-EEU-SVK,wood,2030,reuse,0
C-EEU-SVK,wood,2035,downcycling,0
C-EEU-SVK,wood,2035,incineration,0.64
C-EEU-SVK,wood,2035,landfilling,0.06
C-EEU-SVK,wood,2035,recycling,0.3
C-EEU-SVK,wood,2035,reuse,0
C-EEU-SVK,wood,2040,downcycling,0
C-EEU-SVK,wood,2040,incineration,0.64
C-EEU-SVK,wood,2040,landfilling,0.06
C-EEU-SVK,wood,2040,recycling,0.3
C-EEU-SVK,wood,2040,reuse,0
C-EEU-SVK,wood,2045,downcycling,0
C-EEU-SVK,wood,2045,incineration,0.64
C-EEU-SVK,wood,2045,landfilling,0.06
C-EEU-SVK,wood,2045,recycling,0.3
C-EEU-SVK,wood,2045,reuse,0
C-EEU-SVK,wood,2050,downcycling,0
C-EEU-SVK,wood,2050,incineration,0.64
C-EEU-SVK,wood,2050,landfilling,0.06
C-EEU-SVK,wood,2050,recycling,0.3
C-EEU-SVK,wood,2050,reuse,0
C-EEU-SVK,wood,2055,downcycling,0
C-EEU-SVK,wood,2055,incineration,0.64
C-EEU-SVK,wood,2055,landfilling,0.06
C-EEU-SVK,wood,2055,recycling,0.3
C-EEU-SVK,wood,2055,reuse,0
C-EEU-SVK,wood,2060,downcycling,0
C-EEU-SVK,wood,2060,incineration,0.64
C-EEU-SVK,wood,2060,landfilling,0.06
C-EEU-SVK,wood,2060,recycling,0.3
C-EEU-SVK,wood,2060,reuse,0
C-EEU-SVK,wood,2065,downcycling,0
C-EEU-SVK,wood,2065,incineration,0.64
C-EEU-SVK,wood,2065,landfilling,0.06
C-EEU-SVK,wood,2065,recycling,0.3
C-EEU-SVK,wood,2065,reuse,0
C-EEU-SVK,wood,2070,downcycling,0
C-EEU-SVK,wood,2070,incineration,0.64
C-EEU-SVK,wood,2070,landfilling,0.06
C-EEU-SVK,wood,2070,recycling,0.3
C-EEU-SVK,wood,2070,reuse,0
C-EEU-SVK,wood,2075,downcycling,0
C-EEU-SVK,wood,2075,incineration,0.64
C-EEU-SVK,wood,2075,landfilling,0.06
C-EEU-SVK,wood,2075,recycling,0.3
C-EEU-SVK,wood,2075,reuse,0
C-EEU-SVK,wood,2080,downcycling,0
C-EEU-SVK,wood,2080,incineration,0.64
C-EEU-SVK,wood,2080,landfilling,0.06
C-EEU-SVK,wood,2080,recycling,0.3
C-EEU-SVK,wood,2080,reuse,0
C-EEU-SVK,wood,2085,downcycling,0
C-EEU-SVK,wood,2085,incineration,0.64
C-EEU-SVK,wood,2085,landfilling,0.06
C-EEU-SVK,wood,2085,recycling,0.3
C-EEU-SVK,wood,2085,reuse,0
C-EEU-SVK,wood,2090,downcycling,0
C-EEU-SVK,wood,2090,incineration,0.64
C-EEU-SVK,wood,2090,landfilling,0.06
C-EEU-SVK,wood,2090,recycling,0.3
C-EEU-SVK,wood,2090,reuse,0
C-EEU-SVK,wood,2095,downcycling,0
C-EEU-SVK,wood,2095,incineration,0.64
C-EEU-SVK,wood,2095,landfilling,0.06
C-EEU-SVK,wood,2095,recycling,0.3
C-EEU-SVK,wood,2095,reuse,0
C-EEU-SVK,wood,2100,downcycling,0
C-EEU-SVK,wood,2100,incineration,0.64
C-EEU-SVK,wood,2100,landfilling,0.06
C-EEU-SVK,wood,2100,recycling,0.3
C-EEU-SVK,wood,2100,reuse,0
C-EEU-SVN,aluminum,2015,downcycling,0
C-EEU-SVN,aluminum,2015,incineration,0
C-EEU-SVN,aluminum,2015,landfilling,0
C-EEU-SVN,aluminum,2015,recycling,1
C-EEU-SVN,aluminum,2015,reuse,0
C-EEU-SVN,aluminum,2020,downcycling,0
C-EEU-SVN,aluminum,2020,incineration,0
C-EEU-SVN,aluminum,2020,landfilling,0
C-EEU-SVN,aluminum,2020,recycling,1
C-EEU-SVN,aluminum,2020,reuse,0
C-EEU-SVN,aluminum,2025,downcycling,0
C-EEU-SVN,aluminum,2025,incineration,0
C-EEU-SVN,aluminum,2025,landfilling,0
C-EEU-SVN,aluminum,2025,recycling,1
C-EEU-SVN,aluminum,2025,reuse,0
C-EEU-SVN,aluminum,2030,downcycling,0
C-EEU-SVN,aluminum,2030,incineration,0
C-EEU-SVN,aluminum,2030,landfilling,0
C-EEU-SVN,aluminum,2030,recycling,1
C-EEU-SVN,aluminum,2030,reuse,0
C-EEU-SVN,aluminum,2035,downcycling,0
C-EEU-SVN,aluminum,2035,incineration,0
C-EEU-SVN,aluminum,2035,landfilling,0
C-EEU-SVN,aluminum,2035,recycling,1
C-EEU-SVN,aluminum,2035,reuse,0
C-EEU-SVN,aluminum,2040,downcycling,0
C-EEU-SVN,aluminum,2040,incineration,0
C-EEU-SVN,aluminum,2040,landfilling,0
C-EEU-SVN,aluminum,2040,recycling,1
C-EEU-SVN,aluminum,2040,reuse,0
C-EEU-SVN,aluminum,2045,downcycling,0
C-EEU-SVN,aluminum,2045,incineration,0
C-EEU-SVN,aluminum,2045,landfilling,0
C-EEU-SVN,aluminum,2045,recycling,1
C-EEU-SVN,aluminum,2045,reuse,0
C-EEU-SVN,aluminum,2050,downcycling,0
C-EEU-SVN,aluminum,2050,incineration,0
C-EEU-SVN,aluminum,2050,landfilling,0
C-EEU-SVN,aluminum,2050,recycling,1
C-EEU-SVN,aluminum,2050,reuse,0
C-EEU-SVN,aluminum,2055,downcycling,0
C-EEU-SVN,aluminum,2055,incineration,0
C-EEU-SVN,aluminum,2055,landfilling,0
C-EEU-SVN,aluminum,2055,recycling,1
C-EEU-SVN,aluminum,2055,reuse,0
C-EEU-SVN,aluminum,2060,downcycling,0
C-EEU-SVN,aluminum,2060,incineration,0
C-EEU-SVN,aluminum,2060,landfilling,0
C-EEU-SVN,aluminum,2060,recycling,1
C-EEU-SVN,aluminum,2060,reuse,0
C-EEU-SVN,aluminum,2065,downcycling,0
C-EEU-SVN,aluminum,2065,incineration,0
C-EEU-SVN,aluminum,2065,landfilling,0
C-EEU-SVN,aluminum,2065,recycling,1
C-EEU-SVN,aluminum,2065,reuse,0
C-EEU-SVN,aluminum,2070,downcycling,0
C-EEU-SVN,aluminum,2070,incineration,0
C-EEU-SVN,aluminum,2070,landfilling,0
C-EEU-SVN,aluminum,2070,recycling,1
C-EEU-SVN,aluminum,2070,reuse,0
C-EEU-SVN,aluminum,2075,downcycling,0
C-EEU-SVN,aluminum,2075,incineration,0
C-EEU-SVN,aluminum,2075,landfilling,0
C-EEU-SVN,aluminum,2075,recycling,1
C-EEU-SVN,aluminum,2075,reuse,0
C-EEU-SVN,aluminum,2080,downcycling,0
C-EEU-SVN,aluminum,2080,incineration,0
C-EEU-SVN,aluminum,2080,landfilling,0
C-EEU-SVN,aluminum,2080,recycling,1
C-EEU-SVN,aluminum,2080,reuse,0
C-EEU-SVN,aluminum,2085,downcycling,0
C-EEU-SVN,aluminum,2085,incineration,0
C-EEU-SVN,aluminum,2085,landfilling,0
C-EEU-SVN,aluminum,2085,recycling,1
C-EEU-SVN,aluminum,2085,reuse,0
C-EEU-SVN,aluminum,2090,downcycling,0
C-EEU-SVN,aluminum,2090,incineration,0
C-EEU-SVN,aluminum,2090,landfilling,0
C-EEU-SVN,aluminum,2090,recycling,1
C-EEU-SVN,aluminum,2090,reuse,0
C-EEU-SVN,aluminum,2095,downcycling,0
C-EEU-SVN,aluminum,2095,incineration,0
C-EEU-SVN,aluminum,2095,landfilling,0
C-EEU-SVN,aluminum,2095,recycling,1
C-EEU-SVN,aluminum,2095,reuse,0
C-EEU-SVN,aluminum,2100,downcycling,0
C-EEU-SVN,aluminum,2100,incineration,0
C-EEU-SVN,aluminum,2100,landfilling,0
C-EEU-SVN,aluminum,2100,recycling,1
C-EEU-SVN,aluminum,2100,reuse,0
C-EEU-SVN,brick,2015,downcycling,0.2632266216264034
C-EEU-SVN,brick,2015,incineration,0
C-EEU-SVN,brick,2015,landfilling,0.03037973809558743
C-EEU-SVN,brick,2015,recycling,0.7063936402780091
C-EEU-SVN,brick,2015,reuse,0
C-EEU-SVN,brick,2020,downcycling,0.2632266216264034
C-EEU-SVN,brick,2020,incineration,0
C-EEU-SVN,brick,2020,landfilling,0.03037973809558743
C-EEU-SVN,brick,2020,recycling,0.7063936402780091
C-EEU-SVN,brick,2020,reuse,0
C-EEU-SVN,brick,2025,downcycling,0.2632266216264034
C-EEU-SVN,brick,2025,incineration,0
C-EEU-SVN,brick,2025,landfilling,0.03037973809558743
C-EEU-SVN,brick,2025,recycling,0.7063936402780091
C-EEU-SVN,brick,2025,reuse,0
C-EEU-SVN,brick,2030,downcycling,0.2632266216264034
C-EEU-SVN,brick,2030,incineration,0
C-EEU-SVN,brick,2030,landfilling,0.03037973809558743
C-EEU-SVN,brick,2030,recycling,0.7063936402780091
C-EEU-SVN,brick,2030,reuse,0
C-EEU-SVN,brick,2035,downcycling,0.2632266216264034
C-EEU-SVN,brick,2035,incineration,0
C-EEU-SVN,brick,2035,landfilling,0.03037973809558743
C-EEU-SVN,brick,2035,recycling,0.7063936402780091
C-EEU-SVN,brick,2035,reuse,0
C-EEU-SVN,brick,2040,downcycling,0.2632266216264034
C-EEU-SVN,brick,2040,incineration,0
C-EEU-SVN,brick,2040,landfilling,0.03037973809558743
C-EEU-SVN,brick,2040,recycling,0.7063936402780091
C-EEU-SVN,brick,2040,reuse,0
C-EEU-SVN,brick,2045,downcycling,0.2632266216264034
C-EEU-SVN,brick,2045,incineration,0
C-EEU-SVN,brick,2045,landfilling,0.03037973809558743
C-EEU-SVN,brick,2045,recycling,0.7063936402780091
C-EEU-SVN,brick,2045,reuse,0
C-EEU-SVN,brick,2050,downcycling,0.2632266216264034
C-EEU-SVN,brick,2050,incineration,0
C-EEU-SVN,brick,2050,landfilling,0.03037973809558743
C-EEU-SVN,brick,2050,recycling,0.7063936402780091
C-EEU-SVN,brick,2050,reuse,0
C-EEU-SVN,brick,2055,downcycling,0.2632266216264034
C-EEU-SVN,brick,2055,incineration,0
C-EEU-SVN,brick,2055,landfilling,0.03037973809558743
C-EEU-SVN,brick,2055,recycling,0.7063936402780091
C-EEU-SVN,brick,2055,reuse,0
C-EEU-SVN,brick,2060,downcycling,0.2632266216264034
C-EEU-SVN,brick,2060,incineration,0
C-EEU-SVN,brick,2060,landfilling,0.03037973809558743
C-EEU-SVN,brick,2060,recycling,0.7063936402780091
C-EEU-SVN,brick,2060,reuse,0
C-EEU-SVN,brick,2065,downcycling,0.2632266216264034
C-EEU-SVN,brick,2065,incineration,0
C-EEU-SVN,brick,2065,landfilling,0.03037973809558743
C-EEU-SVN,brick,2065,recycling,0.7063936402780091
C-EEU-SVN,brick,2065,reuse,0
C-EEU-SVN,brick,2070,downcycling,0.2632266216264034
C-EEU-SVN,brick,2070,incineration,0
C-EEU-SVN,brick,2070,landfilling,0.03037973809558743
C-EEU-SVN,brick,2070,recycling,0.7063936402780091
C-EEU-SVN,brick,2070,reuse,0
C-EEU-SVN,brick,2075,downcycling,0.2632266216264034
C-EEU-SVN,brick,2075,incineration,0
C-EEU-SVN,brick,2075,landfilling,0.03037973809558743
C-EEU-SVN,brick,2075,recycling,0.7063936402780091
C-EEU-SVN,brick,2075,reuse,0
C-EEU-SVN,brick,2080,downcycling,0.2632266216264034
C-EEU-SVN,brick,2080,incineration,0
C-EEU-SVN,brick,2080,landfilling,0.03037973809558743
C-EEU-SVN,brick,2080,recycling,0.7063936402780091
C-EEU-SVN,brick,2080,reuse,0
C-EEU-SVN,brick,2085,downcycling,0.2632266216264034
C-EEU-SVN,brick,2085,incineration,0
C-EEU-SVN,brick,2085,landfilling,0.03037973809558743
C-EEU-SVN,brick,2085,recycling,0.7063936402780091
C-EEU-SVN,brick,2085,reuse,0
C-EEU-SVN,brick,2090,downcycling,0.2632266216264034
C-EEU-SVN,brick,2090,incineration,0
C-EEU-SVN,brick,2090,landfilling,0.03037973809558743
C-EEU-SVN,brick,2090,recycling,0.7063936402780091
C-EEU-SVN,brick,2090,reuse,0
C-EEU-SVN,brick,2095,downcycling,0.2632266216264034
C-EEU-SVN,brick,2095,incineration,0
C-EEU-SVN,brick,2095,landfilling,0.03037973809558743
C-EEU-SVN,brick,2095,recycling,0.7063936402780091
C-EEU-SVN,brick,2095,reuse,0
C-EEU-SVN,brick,2100,downcycling,0.2632266216264034
C-EEU-SVN,brick,2100,incineration,0
C-EEU-SVN,brick,2100,landfilling,0.03037973809558743
C-EEU-SVN,brick,2100,recycling,0.7063936402780091
C-EEU-SVN,brick,2100,reuse,0
C-EEU-SVN,concrete,2015,downcycling,0.2632266216264034
C-EEU-SVN,concrete,2015,incineration,0
C-EEU-SVN,concrete,2015,landfilling,0.03037973809558743
C-EEU-SVN,concrete,2015,recycling,0.7063936402780091
C-EEU-SVN,concrete,2015,reuse,0
C-EEU-SVN,concrete,2020,downcycling,0.2632266216264034
C-EEU-SVN,concrete,2020,incineration,0
C-EEU-SVN,concrete,2020,landfilling,0.03037973809558743
C-EEU-SVN,concrete,2020,recycling,0.7063936402780091
C-EEU-SVN,concrete,2020,reuse,0
C-EEU-SVN,concrete,2025,downcycling,0.2632266216264034
C-EEU-SVN,concrete,2025,incineration,0
C-EEU-SVN,concrete,2025,landfilling,0.03037973809558743
C-EEU-SVN,concrete,2025,recycling,0.7063936402780091
C-EEU-SVN,concrete,2025,reuse,0
C-EEU-SVN,concrete,2030,downcycling,0.2632266216264034
C-EEU-SVN,concrete,2030,incineration,0
C-EEU-SVN,concrete,2030,landfilling,0.03037973809558743
C-EEU-SVN,concrete,2030,recycling,0.7063936402780091
C-EEU-SVN,concrete,2030,reuse,0
C-EEU-SVN,concrete,2035,downcycling,0.2632266216264034
C-EEU-SVN,concrete,2035,incineration,0
C-EEU-SVN,concrete,2035,landfilling,0.03037973809558743
C-EEU-SVN,concrete,2035,recycling,0.7063936402780091
C-EEU-SVN,concrete,2035,reuse,0
C-EEU-SVN,concrete,2040,downcycling,0.2632266216264034
C-EEU-SVN,concrete,2040,incineration,0
C-EEU-SVN,concrete,2040,landfilling,0.03037973809558743
C-EEU-SVN,concrete,2040,recycling,0.7063936402780091
C-EEU-SVN,concrete,2040,reuse,0
C-EEU-SVN,concrete,2045,downcycling,0.2632266216264034
C-EEU-SVN,concrete,2045,incineration,0
C-EEU-SVN,concrete,2045,landfilling,0.03037973809558743
C-EEU-SVN,concrete,2045,recycling,0.7063936402780091
C-EEU-SVN,concrete,2045,reuse,0
C-EEU-SVN,concrete,2050,downcycling,0.2632266216264034
C-EEU-SVN,concrete,2050,incineration,0
C-EEU-SVN,concrete,2050,landfilling,0.03037973809558743
C-EEU-SVN,concrete,2050,recycling,0.7063936402780091
C-EEU-SVN,concrete,2050,reuse,0
C-EEU-SVN,concrete,2055,downcycling,0.2632266216264034
C-EEU-SVN,concrete,2055,incineration,0
C-EEU-SVN,concrete,2055,landfilling,0.03037973809558743
C-EEU-SVN,concrete,2055,recycling,0.7063936402780091
C-EEU-SVN,concrete,2055,reuse,0
C-EEU-SVN,concrete,2060,downcycling,0.2632266216264034
C-EEU-SVN,concrete,2060,incineration,0
C-EEU-SVN,concrete,2060,landfilling,0.03037973809558743
C-EEU-SVN,concrete,2060,recycling,0.7063936402780091
C-EEU-SVN,concrete,2060,reuse,0
C-EEU-SVN,concrete,2065,downcycling,0.2632266216264034
C-EEU-SVN,concrete,2065,incineration,0
C-EEU-SVN,concrete,2065,landfilling,0.03037973809558743
C-EEU-SVN,concrete,2065,recycling,0.7063936402780091
C-EEU-SVN,concrete,2065,reuse,0
C-EEU-SVN,concrete,2070,downcycling,0.2632266216264034
C-EEU-SVN,concrete,2070,incineration,0
C-EEU-SVN,concrete,2070,landfilling,0.03037973809558743
C-EEU-SVN,concrete,2070,recycling,0.7063936402780091
C-EEU-SVN,concrete,2070,reuse,0
C-EEU-SVN,concrete,2075,downcycling,0.2632266216264034
C-EEU-SVN,concrete,2075,incineration,0
C-EEU-SVN,concrete,2075,landfilling,0.03037973809558743
C-EEU-SVN,concrete,2075,recycling,0.7063936402780091
C-EEU-SVN,concrete,2075,reuse,0
C-EEU-SVN,concrete,2080,downcycling,0.2632266216264034
C-EEU-SVN,concrete,2080,incineration,0
C-EEU-SVN,concrete,2080,landfilling,0.03037973809558743
C-EEU-SVN,concrete,2080,recycling,0.7063936402780091
C-EEU-SVN,concrete,2080,reuse,0
C-EEU-SVN,concrete,2085,downcycling,0.2632266216264034
C-EEU-SVN,concrete,2085,incineration,0
C-EEU-SVN,concrete,2085,landfilling,0.03037973809558743
C-EEU-SVN,concrete,2085,recycling,0.7063936402780091
C-EEU-SVN,concrete,2085,reuse,0
C-EEU-SVN,concrete,2090,downcycling,0.2632266216264034
C-EEU-SVN,concrete,2090,incineration,0
C-EEU-SVN,concrete,2090,landfilling,0.03037973809558743
C-EEU-SVN,concrete,2090,recycling,0.7063936402780091
C-EEU-SVN,concrete,2090,reuse,0
C-EEU-SVN,concrete,2095,downcycling,0.2632266216264034
C-EEU-SVN,concrete,2095,incineration,0
C-EEU-SVN,concrete,2095,landfilling,0.03037973809558743
C-EEU-SVN,concrete,2095,recycling,0.7063936402780091
C-EEU-SVN,concrete,2095,reuse,0
C-EEU-SVN,concrete,2100,downcycling,0.2632266216264034
C-EEU-SVN,concrete,2100,incineration,0
C-EEU-SVN,concrete,2100,landfilling,0.03037973809558743
C-EEU-SVN,concrete,2100,recycling,0.7063936402780091
C-EEU-SVN,concrete,2100,reuse,0
C-EEU-SVN,copper,2015,downcycling,0
C-EEU-SVN,copper,2015,incineration,0
C-EEU-SVN,copper,2015,landfilling,0
C-EEU-SVN,copper,2015,recycling,1
C-EEU-SVN,copper,2015,reuse,0
C-EEU-SVN,copper,2020,downcycling,0
C-EEU-SVN,copper,2020,incineration,0
C-EEU-SVN,copper,2020,landfilling,0
C-EEU-SVN,copper,2020,recycling,1
C-EEU-SVN,copper,2020,reuse,0
C-EEU-SVN,copper,2025,downcycling,0
C-EEU-SVN,copper,2025,incineration,0
C-EEU-SVN,copper,2025,landfilling,0
C-EEU-SVN,copper,2025,recycling,1
C-EEU-SVN,copper,2025,reuse,0
C-EEU-SVN,copper,2030,downcycling,0
C-EEU-SVN,copper,2030,incineration,0
C-EEU-SVN,copper,2030,landfilling,0
C-EEU-SVN,copper,2030,recycling,1
C-EEU-SVN,copper,2030,reuse,0
C-EEU-SVN,copper,2035,downcycling,0
C-EEU-SVN,copper,2035,incineration,0
C-EEU-SVN,copper,2035,landfilling,0
C-EEU-SVN,copper,2035,recycling,1
C-EEU-SVN,copper,2035,reuse,0
C-EEU-SVN,copper,2040,downcycling,0
C-EEU-SVN,copper,2040,incineration,0
C-EEU-SVN,copper,2040,landfilling,0
C-EEU-SVN,copper,2040,recycling,1
C-EEU-SVN,copper,2040,reuse,0
C-EEU-SVN,copper,2045,downcycling,0
C-EEU-SVN,copper,2045,incineration,0
C-EEU-SVN,copper,2045,landfilling,0
C-EEU-SVN,copper,2045,recycling,1
C-EEU-SVN,copper,2045,reuse,0
C-EEU-SVN,copper,2050,downcycling,0
C-EEU-SVN,copper,2050,incineration,0
C-EEU-SVN,copper,2050,landfilling,0
C-EEU-SVN,copper,2050,recycling,1
C-EEU-SVN,copper,2050,reuse,0
C-EEU-SVN,copper,2055,downcycling,0
C-EEU-SVN,copper,2055,incineration,0
C-EEU-SVN,copper,2055,landfilling,0
C-EEU-SVN,copper,2055,recycling,1
C-EEU-SVN,copper,2055,reuse,0
C-EEU-SVN,copper,2060,downcycling,0
C-EEU-SVN,copper,2060,incineration,0
C-EEU-SVN,copper,2060,landfilling,0
C-EEU-SVN,copper,2060,recycling,1
C-EEU-SVN,copper,2060,reuse,0
C-EEU-SVN,copper,2065,downcycling,0
C-EEU-SVN,copper,2065,incineration,0
C-EEU-SVN,copper,2065,landfilling,0
C-EEU-SVN,copper,2065,recycling,1
C-EEU-SVN,copper,2065,reuse,0
C-EEU-SVN,copper,2070,downcycling,0
C-EEU-SVN,copper,2070,incineration,0
C-EEU-SVN,copper,2070,landfilling,0
C-EEU-SVN,copper,2070,recycling,1
C-EEU-SVN,copper,2070,reuse,0
C-EEU-SVN,copper,2075,downcycling,0
C-EEU-SVN,copper,2075,incineration,0
C-EEU-SVN,copper,2075,landfilling,0
C-EEU-SVN,copper,2075,recycling,1
C-EEU-SVN,copper,2075,reuse,0
C-EEU-SVN,copper,2080,downcycling,0
C-EEU-SVN,copper,2080,incineration,0
C-EEU-SVN,copper,2080,landfilling,0
C-EEU-SVN,copper,2080,recycling,1
C-EEU-SVN,copper,2080,reuse,0
C-EEU-SVN,copper,2085,downcycling,0
C-EEU-SVN,copper,2085,incineration,0
C-EEU-SVN,copper,2085,landfilling,0
C-EEU-SVN,copper,2085,recycling,1
C-EEU-SVN,copper,2085,reuse,0
C-EEU-SVN,copper,2090,downcycling,0
C-EEU-SVN,copper,2090,incineration,0
C-EEU-SVN,copper,2090,landfilling,0
C-EEU-SVN,copper,2090,recycling,1
C-EEU-SVN,copper,2090,reuse,0
C-EEU-SVN,copper,2095,downcycling,0
C-EEU-SVN,copper,2095,incineration,0
C-EEU-SVN,copper,2095,landfilling,0
C-EEU-SVN,copper,2095,recycling,1
C-EEU-SVN,copper,2095,reuse,0
C-EEU-SVN,copper,2100,downcycling,0
C-EEU-SVN,copper,2100,incineration,0
C-EEU-SVN,copper,2100,landfilling,0
C-EEU-SVN,copper,2100,recycling,1
C-EEU-SVN,copper,2100,reuse,0
C-EEU-SVN,glass,2015,downcycling,0.24
C-EEU-SVN,glass,2015,incineration,0
C-EEU-SVN,glass,2015,landfilling,0.7
C-EEU-SVN,glass,2015,recycling,0.06
C-EEU-SVN,glass,2015,reuse,0
C-EEU-SVN,glass,2020,downcycling,0.24
C-EEU-SVN,glass,2020,incineration,0
C-EEU-SVN,glass,2020,landfilling,0.7
C-EEU-SVN,glass,2020,recycling,0.06
C-EEU-SVN,glass,2020,reuse,0
C-EEU-SVN,glass,2025,downcycling,0.24
C-EEU-SVN,glass,2025,incineration,0
C-EEU-SVN,glass,2025,landfilling,0.7
C-EEU-SVN,glass,2025,recycling,0.06
C-EEU-SVN,glass,2025,reuse,0
C-EEU-SVN,glass,2030,downcycling,0.24
C-EEU-SVN,glass,2030,incineration,0
C-EEU-SVN,glass,2030,landfilling,0.7
C-EEU-SVN,glass,2030,recycling,0.06
C-EEU-SVN,glass,2030,reuse,0
C-EEU-SVN,glass,2035,downcycling,0.24
C-EEU-SVN,glass,2035,incineration,0
C-EEU-SVN,glass,2035,landfilling,0.7
C-EEU-SVN,glass,2035,recycling,0.06
C-EEU-SVN,glass,2035,reuse,0
C-EEU-SVN,glass,2040,downcycling,0.24
C-EEU-SVN,glass,2040,incineration,0
C-EEU-SVN,glass,2040,landfilling,0.7
C-EEU-SVN,glass,2040,recycling,0.06
C-EEU-SVN,glass,2040,reuse,0
C-EEU-SVN,glass,2045,downcycling,0.24
C-EEU-SVN,glass,2045,incineration,0
C-EEU-SVN,glass,2045,landfilling,0.7
C-EEU-SVN,glass,2045,recycling,0.06
C-EEU-SVN,glass,2045,reuse,0
C-EEU-SVN,glass,2050,downcycling,0.24
C-EEU-SVN,glass,2050,incineration,0
C-EEU-SVN,glass,2050,landfilling,0.7
C-EEU-SVN,glass,2050,recycling,0.06
C-EEU-SVN,glass,2050,reuse,0
C-EEU-SVN,glass,2055,downcycling,0.24
C-EEU-SVN,glass,2055,incineration,0
C-EEU-SVN,glass,2055,landfilling,0.7
C-EEU-SVN,glass,2055,recycling,0.06
C-EEU-SVN,glass,2055,reuse,0
C-EEU-SVN,glass,2060,downcycling,0.24
C-EEU-SVN,glass,2060,incineration,0
C-EEU-SVN,glass,2060,landfilling,0.7
C-EEU-SVN,glass,2060,recycling,0.06
C-EEU-SVN,glass,2060,reuse,0
C-EEU-SVN,glass,2065,downcycling,0.24
C-EEU-SVN,glass,2065,incineration,0
C-EEU-SVN,glass,2065,landfilling,0.7
C-EEU-SVN,glass,2065,recycling,0.06
C-EEU-SVN,glass,2065,reuse,0
C-EEU-SVN,glass,2070,downcycling,0.24
C-EEU-SVN,glass,2070,incineration,0
C-EEU-SVN,glass,2070,landfilling,0.7
C-EEU-SVN,glass,2070,recycling,0.06
C-EEU-SVN,glass,2070,reuse,0
C-EEU-SVN,glass,2075,downcycling,0.24
C-EEU-SVN,glass,2075,incineration,0
C-EEU-SVN,glass,2075,landfilling,0.7
C-EEU-SVN,glass,2075,recycling,0.06
C-EEU-SVN,glass,2075,reuse,0
C-EEU-SVN,glass,2080,downcycling,0.24
C-EEU-SVN,glass,2080,incineration,0
C-EEU-SVN,glass,2080,landfilling,0.7
C-EEU-SVN,glass,2080,recycling,0.06
C-EEU-SVN,glass,2080,reuse,0
C-EEU-SVN,glass,2085,downcycling,0.24
C-EEU-SVN,glass,2085,incineration,0
C-EEU-SVN,glass,2085,landfilling,0.7
C-EEU-SVN,glass,2085,recycling,0.06
C-EEU-SVN,glass,2085,reuse,0
C-EEU-SVN,glass,2090,downcycling,0.24
C-EEU-SVN,glass,2090,incineration,0
C-EEU-SVN,glass,2090,landfilling,0.7
C-EEU-SVN,glass,2090,recycling,0.06
C-EEU-SVN,glass,2090,reuse,0
C-EEU-SVN,glass,2095,downcycling,0.24
C-EEU-SVN,glass,2095,incineration,0
C-EEU-SVN,glass,2095,landfilling,0.7
C-EEU-SVN,glass,2095,recycling,0.06
C-EEU-SVN,glass,2095,reuse,0
C-EEU-SVN,glass,2100,downcycling,0.24
C-EEU-SVN,glass,2100,incineration,0
C-EEU-SVN,glass,2100,landfilling,0.7
C-EEU-SVN,glass,2100,recycling,0.06
C-EEU-SVN,glass,2100,reuse,0
C-EEU-SVN,steel,2015,downcycling,0
C-EEU-SVN,steel,2015,incineration,0
C-EEU-SVN,steel,2015,landfilling,4.33824301158031e-4
C-EEU-SVN,steel,2015,recycling,0.999566175698842
C-EEU-SVN,steel,2015,reuse,0
C-EEU-SVN,steel,2020,downcycling,0
C-EEU-SVN,steel,2020,incineration,0
C-EEU-SVN,steel,2020,landfilling,4.33824301158031e-4
C-EEU-SVN,steel,2020,recycling,0.999566175698842
C-EEU-SVN,steel,2020,reuse,0
C-EEU-SVN,steel,2025,downcycling,0
C-EEU-SVN,steel,2025,incineration,0
C-EEU-SVN,steel,2025,landfilling,4.33824301158031e-4
C-EEU-SVN,steel,2025,recycling,0.999566175698842
C-EEU-SVN,steel,2025,reuse,0
C-EEU-SVN,steel,2030,downcycling,0
C-EEU-SVN,steel,2030,incineration,0
C-EEU-SVN,steel,2030,landfilling,4.33824301158031e-4
C-EEU-SVN,steel,2030,recycling,0.999566175698842
C-EEU-SVN,steel,2030,reuse,0
C-EEU-SVN,steel,2035,downcycling,0
C-EEU-SVN,steel,2035,incineration,0
C-EEU-SVN,steel,2035,landfilling,4.33824301158031e-4
C-EEU-SVN,steel,2035,recycling,0.999566175698842
C-EEU-SVN,steel,2035,reuse,0
C-EEU-SVN,steel,2040,downcycling,0
C-EEU-SVN,steel,2040,incineration,0
C-EEU-SVN,steel,2040,landfilling,4.33824301158031e-4
C-EEU-SVN,steel,2040,recycling,0.999566175698842
C-EEU-SVN,steel,2040,reuse,0
C-EEU-SVN,steel,2045,downcycling,0
C-EEU-SVN,steel,2045,incineration,0
C-EEU-SVN,steel,2045,landfilling,4.33824301158031e-4
C-EEU-SVN,steel,2045,recycling,0.999566175698842
C-EEU-SVN,steel,2045,reuse,0
C-EEU-SVN,steel,2050,downcycling,0
C-EEU-SVN,steel,2050,incineration,0
C-EEU-SVN,steel,2050,landfilling,4.33824301158031e-4
C-EEU-SVN,steel,2050,recycling,0.999566175698842
C-EEU-SVN,steel,2050,reuse,0
C-EEU-SVN,steel,2055,downcycling,0
C-EEU-SVN,steel,2055,incineration,0
C-EEU-SVN,steel,2055,landfilling,4.33824301158031e-4
C-EEU-SVN,steel,2055,recycling,0.999566175698842
C-EEU-SVN,steel,2055,reuse,0
C-EEU-SVN,steel,2060,downcycling,0
C-EEU-SVN,steel,2060,incineration,0
C-EEU-SVN,steel,2060,landfilling,4.33824301158031e-4
C-EEU-SVN,steel,2060,recycling,0.999566175698842
C-EEU-SVN,steel,2060,reuse,0
C-EEU-SVN,steel,2065,downcycling,0
C-EEU-SVN,steel,2065,incineration,0
C-EEU-SVN,steel,2065,landfilling,4.33824301158031e-4
C-EEU-SVN,steel,2065,recycling,0.999566175698842
C-EEU-SVN,steel,2065,reuse,0
C-EEU-SVN,steel,2070,downcycling,0
C-EEU-SVN,steel,2070,incineration,0
C-EEU-SVN,steel,2070,landfilling,4.33824301158031e-4
C-EEU-SVN,steel,2070,recycling,0.999566175698842
C-EEU-SVN,steel,2070,reuse,0
C-EEU-SVN,steel,2075,downcycling,0
C-EEU-SVN,steel,2075,incineration,0
C-EEU-SVN,steel,2075,landfilling,4.33824301158031e-4
C-EEU-SVN,steel,2075,recycling,0.999566175698842
C-EEU-SVN,steel,2075,reuse,0
C-EEU-SVN,steel,2080,downcycling,0
C-EEU-SVN,steel,2080,incineration,0
C-EEU-SVN,steel,2080,landfilling,4.33824301158031e-4
C-EEU-SVN,steel,2080,recycling,0.999566175698842
C-EEU-SVN,steel,2080,reuse,0
C-EEU-SVN,steel,2085,downcycling,0
C-EEU-SVN,steel,2085,incineration,0
C-EEU-SVN,steel,2085,landfilling,4.33824301158031e-4
C-EEU-SVN,steel,2085,recycling,0.999566175698842
C-EEU-SVN,steel,2085,reuse,0
C-EEU-SVN,steel,2090,downcycling,0
C-EEU-SVN,steel,2090,incineration,0
C-EEU-SVN,steel,2090,landfilling,4.33824301158031e-4
C-EEU-SVN,steel,2090,recycling,0.999566175698842
C-EEU-SVN,steel,2090,reuse,0
C-EEU-SVN,steel,2095,downcycling,0
C-EEU-SVN,steel,2095,incineration,0
C-EEU-SVN,steel,2095,landfilling,4.33824301158031e-4
C-EEU-SVN,steel,2095,recycling,0.999566175698842
C-EEU-SVN,steel,2095,reuse,0
C-EEU-SVN,steel,2100,downcycling,0
C-EEU-SVN,steel,2100,incineration,0
C-EEU-SVN,steel,2100,landfilling,4.33824301158031e-4
C-EEU-SVN,steel,2100,recycling,0.999566175698842
C-EEU-SVN,steel,2100,reuse,0
C-EEU-SVN,wood,2015,downcycling,0
C-EEU-SVN,wood,2015,incineration,0.64
C-EEU-SVN,wood,2015,landfilling,0.06
C-EEU-SVN,wood,2015,recycling,0.3
C-EEU-SVN,wood,2015,reuse,0
C-EEU-SVN,wood,2020,downcycling,0
C-EEU-SVN,wood,2020,incineration,0.64
C-EEU-SVN,wood,2020,landfilling,0.06
C-EEU-SVN,wood,2020,recycling,0.3
C-EEU-SVN,wood,2020,reuse,0
C-EEU-SVN,wood,2025,downcycling,0
C-EEU-SVN,wood,2025,incineration,0.64
C-EEU-SVN,wood,2025,landfilling,0.06
C-EEU-SVN,wood,2025,recycling,0.3
C-EEU-SVN,wood,2025,reuse,0
C-EEU-SVN,wood,2030,downcycling,0
C-EEU-SVN,wood,2030,incineration,0.64
C-EEU-SVN,wood,2030,landfilling,0.06
C-EEU-SVN,wood,2030,recycling,0.3
C-EEU-SVN,wood,2030,reuse,0
C-EEU-SVN,wood,2035,downcycling,0
C-EEU-SVN,wood,2035,incineration,0.64
C-EEU-SVN,wood,2035,landfilling,0.06
C-EEU-SVN,wood,2035,recycling,0.3
C-EEU-SVN,wood,2035,reuse,0
C-EEU-SVN,wood,2040,downcycling,0
C-EEU-SVN,wood,2040,incineration,0.64
C-EEU-SVN,wood,2040,landfilling,0.06
C-EEU-SVN,wood,2040,recycling,0.3
C-EEU-SVN,wood,2040,reuse,0
C-EEU-SVN,wood,2045,downcycling,0
C-EEU-SVN,wood,2045,incineration,0.64
C-EEU-SVN,wood,2045,landfilling,0.06
C-EEU-SVN,wood,2045,recycling,0.3
C-EEU-SVN,wood,2045,reuse,0
C-EEU-SVN,wood,2050,downcycling,0
C-EEU-SVN,wood,2050,incineration,0.64
C-EEU-SVN,wood,2050,landfilling,0.06
C-EEU-SVN,wood,2050,recycling,0.3
C-EEU-SVN,wood,2050,reuse,0
C-EEU-SVN,wood,2055,downcycling,0
C-EEU-SVN,wood,2055,incineration,0.64
C-EEU-SVN,wood,2055,landfilling,0.06
C-EEU-SVN,wood,2055,recycling,0.3
C-EEU-SVN,wood,2055,reuse,0
C-EEU-SVN,wood,2060,downcycling,0
C-EEU-SVN,wood,2060,incineration,0.64
C-EEU-SVN,wood,2060,landfilling,0.06
C-EEU-SVN,wood,2060,recycling,0.3
C-EEU-SVN,wood,2060,reuse,0
C-EEU-SVN,wood,2065,downcycling,0
C-EEU-SVN,wood,2065,incineration,0.64
C-EEU-SVN,wood,2065,landfilling,0.06
C-EEU-SVN,wood,2065,recycling,0.3
C-EEU-SVN,wood,2065,reuse,0
C-EEU-SVN,wood,2070,downcycling,0
C-EEU-SVN,wood,2070,incineration,0.64
C-EEU-SVN,wood,2070,landfilling,0.06
C-EEU-SVN,wood,2070,recycling,0.3
C-EEU-SVN,wood,2070,reuse,0
C-EEU-SVN,wood,2075,downcycling,0
C-EEU-SVN,wood,2075,incineration,0.64
C-EEU-SVN,wood,2075,landfilling,0.06
C-EEU-SVN,wood,2075,recycling,0.3
C-EEU-SVN,wood,2075,reuse,0
C-EEU-SVN,wood,2080,downcycling,0
C-EEU-SVN,wood,2080,incineration,0.64
C-EEU-SVN,wood,2080,landfilling,0.06
C-EEU-SVN,wood,2080,recycling,0.3
C-EEU-SVN,wood,2080,reuse,0
C-EEU-SVN,wood,2085,downcycling,0
C-EEU-SVN,wood,2085,incineration,0.64
C-EEU-SVN,wood,2085,landfilling,0.06
C-EEU-SVN,wood,2085,recycling,0.3
C-EEU-SVN,wood,2085,reuse,0
C-EEU-SVN,wood,2090,downcycling,0
C-EEU-SVN,wood,2090,incineration,0.64
C-EEU-SVN,wood,2090,landfilling,0.06
C-EEU-SVN,wood,2090,recycling,0.3
C-EEU-SVN,wood,2090,reuse,0
C-EEU-SVN,wood,2095,downcycling,0
C-EEU-SVN,wood,2095,incineration,0.64
C-EEU-SVN,wood,2095,landfilling,0.06
C-EEU-SVN,wood,2095,recycling,0.3
C-EEU-SVN,wood,2095,reuse,0
C-EEU-SVN,wood,2100,downcycling,0
C-EEU-SVN,wood,2100,incineration,0.64
C-EEU-SVN,wood,2100,landfilling,0.06
C-EEU-SVN,wood,2100,recycling,0.3
C-EEU-SVN,wood,2100,reuse,0
C-WEU-AUT,aluminum,2015,downcycling,0
C-WEU-AUT,aluminum,2015,incineration,0
C-WEU-AUT,aluminum,2015,landfilling,0
C-WEU-AUT,aluminum,2015,recycling,1
C-WEU-AUT,aluminum,2015,reuse,0
C-WEU-AUT,aluminum,2020,downcycling,0
C-WEU-AUT,aluminum,2020,incineration,0
C-WEU-AUT,aluminum,2020,landfilling,0
C-WEU-AUT,aluminum,2020,recycling,1
C-WEU-AUT,aluminum,2020,reuse,0
C-WEU-AUT,aluminum,2025,downcycling,0
C-WEU-AUT,aluminum,2025,incineration,0
C-WEU-AUT,aluminum,2025,landfilling,0
C-WEU-AUT,aluminum,2025,recycling,1
C-WEU-AUT,aluminum,2025,reuse,0
C-WEU-AUT,aluminum,2030,downcycling,0
C-WEU-AUT,aluminum,2030,incineration,0
C-WEU-AUT,aluminum,2030,landfilling,0
C-WEU-AUT,aluminum,2030,recycling,1
C-WEU-AUT,aluminum,2030,reuse,0
C-WEU-AUT,aluminum,2035,downcycling,0
C-WEU-AUT,aluminum,2035,incineration,0
C-WEU-AUT,aluminum,2035,landfilling,0
C-WEU-AUT,aluminum,2035,recycling,1
C-WEU-AUT,aluminum,2035,reuse,0
C-WEU-AUT,aluminum,2040,downcycling,0
C-WEU-AUT,aluminum,2040,incineration,0
C-WEU-AUT,aluminum,2040,landfilling,0
C-WEU-AUT,aluminum,2040,recycling,1
C-WEU-AUT,aluminum,2040,reuse,0
C-WEU-AUT,aluminum,2045,downcycling,0
C-WEU-AUT,aluminum,2045,incineration,0
C-WEU-AUT,aluminum,2045,landfilling,0
C-WEU-AUT,aluminum,2045,recycling,1
C-WEU-AUT,aluminum,2045,reuse,0
C-WEU-AUT,aluminum,2050,downcycling,0
C-WEU-AUT,aluminum,2050,incineration,0
C-WEU-AUT,aluminum,2050,landfilling,0
C-WEU-AUT,aluminum,2050,recycling,1
C-WEU-AUT,aluminum,2050,reuse,0
C-WEU-AUT,aluminum,2055,downcycling,0
C-WEU-AUT,aluminum,2055,incineration,0
C-WEU-AUT,aluminum,2055,landfilling,0
C-WEU-AUT,aluminum,2055,recycling,1
C-WEU-AUT,aluminum,2055,reuse,0
C-WEU-AUT,aluminum,2060,downcycling,0
C-WEU-AUT,aluminum,2060,incineration,0
C-WEU-AUT,aluminum,2060,landfilling,0
C-WEU-AUT,aluminum,2060,recycling,1
C-WEU-AUT,aluminum,2060,reuse,0
C-WEU-AUT,aluminum,2065,downcycling,0
C-WEU-AUT,aluminum,2065,incineration,0
C-WEU-AUT,aluminum,2065,landfilling,0
C-WEU-AUT,aluminum,2065,recycling,1
C-WEU-AUT,aluminum,2065,reuse,0
C-WEU-AUT,aluminum,2070,downcycling,0
C-WEU-AUT,aluminum,2070,incineration,0
C-WEU-AUT,aluminum,2070,landfilling,0
C-WEU-AUT,aluminum,2070,recycling,1
C-WEU-AUT,aluminum,2070,reuse,0
C-WEU-AUT,aluminum,2075,downcycling,0
C-WEU-AUT,aluminum,2075,incineration,0
C-WEU-AUT,aluminum,2075,landfilling,0
C-WEU-AUT,aluminum,2075,recycling,1
C-WEU-AUT,aluminum,2075,reuse,0
C-WEU-AUT,aluminum,2080,downcycling,0
C-WEU-AUT,aluminum,2080,incineration,0
C-WEU-AUT,aluminum,2080,landfilling,0
C-WEU-AUT,aluminum,2080,recycling,1
C-WEU-AUT,aluminum,2080,reuse,0
C-WEU-AUT,aluminum,2085,downcycling,0
C-WEU-AUT,aluminum,2085,incineration,0
C-WEU-AUT,aluminum,2085,landfilling,0
C-WEU-AUT,aluminum,2085,recycling,1
C-WEU-AUT,aluminum,2085,reuse,0
C-WEU-AUT,aluminum,2090,downcycling,0
C-WEU-AUT,aluminum,2090,incineration,0
C-WEU-AUT,aluminum,2090,landfilling,0
C-WEU-AUT,aluminum,2090,recycling,1
C-WEU-AUT,aluminum,2090,reuse,0
C-WEU-AUT,aluminum,2095,downcycling,0
C-WEU-AUT,aluminum,2095,incineration,0
C-WEU-AUT,aluminum,2095,landfilling,0
C-WEU-AUT,aluminum,2095,recycling,1
C-WEU-AUT,aluminum,2095,reuse,0
C-WEU-AUT,aluminum,2100,downcycling,0
C-WEU-AUT,aluminum,2100,incineration,0
C-WEU-AUT,aluminum,2100,landfilling,0
C-WEU-AUT,aluminum,2100,recycling,1
C-WEU-AUT,aluminum,2100,reuse,0
C-WEU-AUT,brick,2015,downcycling,0.21155337385457257
C-WEU-AUT,brick,2015,incineration,0
C-WEU-AUT,brick,2015,landfilling,0.09676440705435016
C-WEU-AUT,brick,2015,recycling,0.6916822190910773
C-WEU-AUT,brick,2015,reuse,0
C-WEU-AUT,brick,2020,downcycling,0.21155337385457257
C-WEU-AUT,brick,2020,incineration,0
C-WEU-AUT,brick,2020,landfilling,0.09676440705435016
C-WEU-AUT,brick,2020,recycling,0.6916822190910773
C-WEU-AUT,brick,2020,reuse,0
C-WEU-AUT,brick,2025,downcycling,0.21155337385457257
C-WEU-AUT,brick,2025,incineration,0
C-WEU-AUT,brick,2025,landfilling,0.09676440705435016
C-WEU-AUT,brick,2025,recycling,0.6916822190910773
C-WEU-AUT,brick,2025,reuse,0
C-WEU-AUT,brick,2030,downcycling,0.21155337385457257
C-WEU-AUT,brick,2030,incineration,0
C-WEU-AUT,brick,2030,landfilling,0.09676440705435016
C-WEU-AUT,brick,2030,recycling,0.6916822190910773
C-WEU-AUT,brick,2030,reuse,0
C-WEU-AUT,brick,2035,downcycling,0.21155337385457257
C-WEU-AUT,brick,2035,incineration,0
C-WEU-AUT,brick,2035,landfilling,0.09676440705435016
C-WEU-AUT,brick,2035,recycling,0.6916822190910773
C-WEU-AUT,brick,2035,reuse,0
C-WEU-AUT,brick,2040,downcycling,0.21155337385457257
C-WEU-AUT,brick,2040,incineration,0
C-WEU-AUT,brick,2040,landfilling,0.09676440705435016
C-WEU-AUT,brick,2040,recycling,0.6916822190910773
C-WEU-AUT,brick,2040,reuse,0
C-WEU-AUT,brick,2045,downcycling,0.21155337385457257
C-WEU-AUT,brick,2045,incineration,0
C-WEU-AUT,brick,2045,landfilling,0.09676440705435016
C-WEU-AUT,brick,2045,recycling,0.6916822190910773
C-WEU-AUT,brick,2045,reuse,0
C-WEU-AUT,brick,2050,downcycling,0.21155337385457257
C-WEU-AUT,brick,2050,incineration,0
C-WEU-AUT,brick,2050,landfilling,0.09676440705435016
C-WEU-AUT,brick,2050,recycling,0.6916822190910773
C-WEU-AUT,brick,2050,reuse,0
C-WEU-AUT,brick,2055,downcycling,0.21155337385457257
C-WEU-AUT,brick,2055,incineration,0
C-WEU-AUT,brick,2055,landfilling,0.09676440705435016
C-WEU-AUT,brick,2055,recycling,0.6916822190910773
C-WEU-AUT,brick,2055,reuse,0
C-WEU-AUT,brick,2060,downcycling,0.21155337385457257
C-WEU-AUT,brick,2060,incineration,0
C-WEU-AUT,brick,2060,landfilling,0.09676440705435016
C-WEU-AUT,brick,2060,recycling,0.6916822190910773
C-WEU-AUT,brick,2060,reuse,0
C-WEU-AUT,brick,2065,downcycling,0.21155337385457257
C-WEU-AUT,brick,2065,incineration,0
C-WEU-AUT,brick,2065,landfilling,0.09676440705435016
C-WEU-AUT,brick,2065,recycling,0.6916822190910773
C-WEU-AUT,brick,2065,reuse,0
C-WEU-AUT,brick,2070,downcycling,0.21155337385457257
C-WEU-AUT,brick,2070,incineration,0
C-WEU-AUT,brick,2070,landfilling,0.09676440705435016
C-WEU-AUT,brick,2070,recycling,0.6916822190910773
C-WEU-AUT,brick,2070,reuse,0
C-WEU-AUT,brick,2075,downcycling,0.21155337385457257
C-WEU-AUT,brick,2075,incineration,0
C-WEU-AUT,brick,2075,landfilling,0.09676440705435016
C-WEU-AUT,brick,2075,recycling,0.6916822190910773
C-WEU-AUT,brick,2075,reuse,0
C-WEU-AUT,brick,2080,downcycling,0.21155337385457257
C-WEU-AUT,brick,2080,incineration,0
C-WEU-AUT,brick,2080,landfilling,0.09676440705435016
C-WEU-AUT,brick,2080,recycling,0.6916822190910773
C-WEU-AUT,brick,2080,reuse,0
C-WEU-AUT,brick,2085,downcycling,0.21155337385457257
C-WEU-AUT,brick,2085,incineration,0
C-WEU-AUT,brick,2085,landfilling,0.09676440705435016
C-WEU-AUT,brick,2085,recycling,0.6916822190910773
C-WEU-AUT,brick,2085,reuse,0
C-WEU-AUT,brick,2090,downcycling,0.21155337385457257
C-WEU-AUT,brick,2090,incineration,0
C-WEU-AUT,brick,2090,landfilling,0.09676440705435016
C-WEU-AUT,brick,2090,recycling,0.6916822190910773
C-WEU-AUT,brick,2090,reuse,0
C-WEU-AUT,brick,2095,downcycling,0.21155337385457257
C-WEU-AUT,brick,2095,incineration,0
C-WEU-AUT,brick,2095,landfilling,0.09676440705435016
C-WEU-AUT,brick,2095,recycling,0.6916822190910773
C-WEU-AUT,brick,2095,reuse,0
C-WEU-AUT,brick,2100,downcycling,0.21155337385457257
C-WEU-AUT,brick,2100,incineration,0
C-WEU-AUT,brick,2100,landfilling,0.09676440705435016
C-WEU-AUT,brick,2100,recycling,0.6916822190910773
C-WEU-AUT,brick,2100,reuse,0
C-WEU-AUT,concrete,2015,downcycling,0.21155337385457257
C-WEU-AUT,concrete,2015,incineration,0
C-WEU-AUT,concrete,2015,landfilling,0.09676440705435016
C-WEU-AUT,concrete,2015,recycling,0.6916822190910773
C-WEU-AUT,concrete,2015,reuse,0
C-WEU-AUT,concrete,2020,downcycling,0.21155337385457257
C-WEU-AUT,concrete,2020,incineration,0
C-WEU-AUT,concrete,2020,landfilling,0.09676440705435016
C-WEU-AUT,concrete,2020,recycling,0.6916822190910773
C-WEU-AUT,concrete,2020,reuse,0
C-WEU-AUT,concrete,2025,downcycling,0.21155337385457257
C-WEU-AUT,concrete,2025,incineration,0
C-WEU-AUT,concrete,2025,landfilling,0.09676440705435016
C-WEU-AUT,concrete,2025,recycling,0.6916822190910773
C-WEU-AUT,concrete,2025,reuse,0
C-WEU-AUT,concrete,2030,downcycling,0.21155337385457257
C-WEU-AUT,concrete,2030,incineration,0
C-WEU-AUT,concrete,2030,landfilling,0.09676440705435016
C-WEU-AUT,concrete,2030,recycling,0.6916822190910773
C-WEU-AUT,concrete,2030,reuse,0
C-WEU-AUT,concrete,2035,downcycling,0.21155337385457257
C-WEU-AUT,concrete,2035,incineration,0
C-WEU-AUT,concrete,2035,landfilling,0.09676440705435016
C-WEU-AUT,concrete,2035,recycling,0.6916822190910773
C-WEU-AUT,concrete,2035,reuse,0
C-WEU-AUT,concrete,2040,downcycling,0.21155337385457257
C-WEU-AUT,concrete,2040,incineration,0
C-WEU-AUT,concrete,2040,landfilling,0.09676440705435016
C-WEU-AUT,concrete,2040,recycling,0.6916822190910773
C-WEU-AUT,concrete,2040,reuse,0
C-WEU-AUT,concrete,2045,downcycling,0.21155337385457257
C-WEU-AUT,concrete,2045,incineration,0
C-WEU-AUT,concrete,2045,landfilling,0.09676440705435016
C-WEU-AUT,concrete,2045,recycling,0.6916822190910773
C-WEU-AUT,concrete,2045,reuse,0
C-WEU-AUT,concrete,2050,downcycling,0.21155337385457257
C-WEU-AUT,concrete,2050,incineration,0
C-WEU-AUT,concrete,2050,landfilling,0.09676440705435016
C-WEU-AUT,concrete,2050,recycling,0.6916822190910773
C-WEU-AUT,concrete,2050,reuse,0
C-WEU-AUT,concrete,2055,downcycling,0.21155337385457257
C-WEU-AUT,concrete,2055,incineration,0
C-WEU-AUT,concrete,2055,landfilling,0.09676440705435016
C-WEU-AUT,concrete,2055,recycling,0.6916822190910773
C-WEU-AUT,concrete,2055,reuse,0
C-WEU-AUT,concrete,2060,downcycling,0.21155337385457257
C-WEU-AUT,concrete,2060,incineration,0
C-WEU-AUT,concrete,2060,landfilling,0.09676440705435016
C-WEU-AUT,concrete,2060,recycling,0.6916822190910773
C-WEU-AUT,concrete,2060,reuse,0
C-WEU-AUT,concrete,2065,downcycling,0.21155337385457257
C-WEU-AUT,concrete,2065,incineration,0
C-WEU-AUT,concrete,2065,landfilling,0.09676440705435016
C-WEU-AUT,concrete,2065,recycling,0.6916822190910773
C-WEU-AUT,concrete,2065,reuse,0
C-WEU-AUT,concrete,2070,downcycling,0.21155337385457257
C-WEU-AUT,concrete,2070,incineration,0
C-WEU-AUT,concrete,2070,landfilling,0.09676440705435016
C-WEU-AUT,concrete,2070,recycling,0.6916822190910773
C-WEU-AUT,concrete,2070,reuse,0
C-WEU-AUT,concrete,2075,downcycling,0.21155337385457257
C-WEU-AUT,concrete,2075,incineration,0
C-WEU-AUT,concrete,2075,landfilling,0.09676440705435016
C-WEU-AUT,concrete,2075,recycling,0.6916822190910773
C-WEU-AUT,concrete,2075,reuse,0
C-WEU-AUT,concrete,2080,downcycling,0.21155337385457257
C-WEU-AUT,concrete,2080,incineration,0
C-WEU-AUT,concrete,2080,landfilling,0.09676440705435016
C-WEU-AUT,concrete,2080,recycling,0.6916822190910773
C-WEU-AUT,concrete,2080,reuse,0
C-WEU-AUT,concrete,2085,downcycling,0.21155337385457257
C-WEU-AUT,concrete,2085,incineration,0
C-WEU-AUT,concrete,2085,landfilling,0.09676440705435016
C-WEU-AUT,concrete,2085,recycling,0.6916822190910773
C-WEU-AUT,concrete,2085,reuse,0
C-WEU-AUT,concrete,2090,downcycling,0.21155337385457257
C-WEU-AUT,concrete,2090,incineration,0
C-WEU-AUT,concrete,2090,landfilling,0.09676440705435016
C-WEU-AUT,concrete,2090,recycling,0.6916822190910773
C-WEU-AUT,concrete,2090,reuse,0
C-WEU-AUT,concrete,2095,downcycling,0.21155337385457257
C-WEU-AUT,concrete,2095,incineration,0
C-WEU-AUT,concrete,2095,landfilling,0.09676440705435016
C-WEU-AUT,concrete,2095,recycling,0.6916822190910773
C-WEU-AUT,concrete,2095,reuse,0
C-WEU-AUT,concrete,2100,downcycling,0.21155337385457257
C-WEU-AUT,concrete,2100,incineration,0
C-WEU-AUT,concrete,2100,landfilling,0.09676440705435016
C-WEU-AUT,concrete,2100,recycling,0.6916822190910773
C-WEU-AUT,concrete,2100,reuse,0
C-WEU-AUT,copper,2015,downcycling,0
C-WEU-AUT,copper,2015,incineration,0
C-WEU-AUT,copper,2015,landfilling,0
C-WEU-AUT,copper,2015,recycling,1
C-WEU-AUT,copper,2015,reuse,0
C-WEU-AUT,copper,2020,downcycling,0
C-WEU-AUT,copper,2020,incineration,0
C-WEU-AUT,copper,2020,landfilling,0
C-WEU-AUT,copper,2020,recycling,1
C-WEU-AUT,copper,2020,reuse,0
C-WEU-AUT,copper,2025,downcycling,0
C-WEU-AUT,copper,2025,incineration,0
C-WEU-AUT,copper,2025,landfilling,0
C-WEU-AUT,copper,2025,recycling,1
C-WEU-AUT,copper,2025,reuse,0
C-WEU-AUT,copper,2030,downcycling,0
C-WEU-AUT,copper,2030,incineration,0
C-WEU-AUT,copper,2030,landfilling,0
C-WEU-AUT,copper,2030,recycling,1
C-WEU-AUT,copper,2030,reuse,0
C-WEU-AUT,copper,2035,downcycling,0
C-WEU-AUT,copper,2035,incineration,0
C-WEU-AUT,copper,2035,landfilling,0
C-WEU-AUT,copper,2035,recycling,1
C-WEU-AUT,copper,2035,reuse,0
C-WEU-AUT,copper,2040,downcycling,0
C-WEU-AUT,copper,2040,incineration,0
C-WEU-AUT,copper,2040,landfilling,0
C-WEU-AUT,copper,2040,recycling,1
C-WEU-AUT,copper,2040,reuse,0
C-WEU-AUT,copper,2045,downcycling,0
C-WEU-AUT,copper,2045,incineration,0
C-WEU-AUT,copper,2045,landfilling,0
C-WEU-AUT,copper,2045,recycling,1
C-WEU-AUT,copper,2045,reuse,0
C-WEU-AUT,copper,2050,downcycling,0
C-WEU-AUT,copper,2050,incineration,0
C-WEU-AUT,copper,2050,landfilling,0
C-WEU-AUT,copper,2050,recycling,1
C-WEU-AUT,copper,2050,reuse,0
C-WEU-AUT,copper,2055,downcycling,0
C-WEU-AUT,copper,2055,incineration,0
C-WEU-AUT,copper,2055,landfilling,0
C-WEU-AUT,copper,2055,recycling,1
C-WEU-AUT,copper,2055,reuse,0
C-WEU-AUT,copper,2060,downcycling,0
C-WEU-AUT,copper,2060,incineration,0
C-WEU-AUT,copper,2060,landfilling,0
C-WEU-AUT,copper,2060,recycling,1
C-WEU-AUT,copper,2060,reuse,0
C-WEU-AUT,copper,2065,downcycling,0
C-WEU-AUT,copper,2065,incineration,0
C-WEU-AUT,copper,2065,landfilling,0
C-WEU-AUT,copper,2065,recycling,1
C-WEU-AUT,copper,2065,reuse,0
C-WEU-AUT,copper,2070,downcycling,0
C-WEU-AUT,copper,2070,incineration,0
C-WEU-AUT,copper,2070,landfilling,0
C-WEU-AUT,copper,2070,recycling,1
C-WEU-AUT,copper,2070,reuse,0
C-WEU-AUT,copper,2075,downcycling,0
C-WEU-AUT,copper,2075,incineration,0
C-WEU-AUT,copper,2075,landfilling,0
C-WEU-AUT,copper,2075,recycling,1
C-WEU-AUT,copper,2075,reuse,0
C-WEU-AUT,copper,2080,downcycling,0
C-WEU-AUT,copper,2080,incineration,0
C-WEU-AUT,copper,2080,landfilling,0
C-WEU-AUT,copper,2080,recycling,1
C-WEU-AUT,copper,2080,reuse,0
C-WEU-AUT,copper,2085,downcycling,0
C-WEU-AUT,copper,2085,incineration,0
C-WEU-AUT,copper,2085,landfilling,0
C-WEU-AUT,copper,2085,recycling,1
C-WEU-AUT,copper,2085,reuse,0
C-WEU-AUT,copper,2090,downcycling,0
C-WEU-AUT,copper,2090,incineration,0
C-WEU-AUT,copper,2090,landfilling,0
C-WEU-AUT,copper,2090,recycling,1
C-WEU-AUT,copper,2090,reuse,0
C-WEU-AUT,copper,2095,downcycling,0
C-WEU-AUT,copper,2095,incineration,0
C-WEU-AUT,copper,2095,landfilling,0
C-WEU-AUT,copper,2095,recycling,1
C-WEU-AUT,copper,2095,reuse,0
C-WEU-AUT,copper,2100,downcycling,0
C-WEU-AUT,copper,2100,incineration,0
C-WEU-AUT,copper,2100,landfilling,0
C-WEU-AUT,copper,2100,recycling,1
C-WEU-AUT,copper,2100,reuse,0
C-WEU-AUT,glass,2015,downcycling,0.24
C-WEU-AUT,glass,2015,incineration,0
C-WEU-AUT,glass,2015,landfilling,0.7
C-WEU-AUT,glass,2015,recycling,0.06
C-WEU-AUT,glass,2015,reuse,0
C-WEU-AUT,glass,2020,downcycling,0.24
C-WEU-AUT,glass,2020,incineration,0
C-WEU-AUT,glass,2020,landfilling,0.7
C-WEU-AUT,glass,2020,recycling,0.06
C-WEU-AUT,glass,2020,reuse,0
C-WEU-AUT,glass,2025,downcycling,0.24
C-WEU-AUT,glass,2025,incineration,0
C-WEU-AUT,glass,2025,landfilling,0.7
C-WEU-AUT,glass,2025,recycling,0.06
C-WEU-AUT,glass,2025,reuse,0
C-WEU-AUT,glass,2030,downcycling,0.24
C-WEU-AUT,glass,2030,incineration,0
C-WEU-AUT,glass,2030,landfilling,0.7
C-WEU-AUT,glass,2030,recycling,0.06
C-WEU-AUT,glass,2030,reuse,0
C-WEU-AUT,glass,2035,downcycling,0.24
C-WEU-AUT,glass,2035,incineration,0
C-WEU-AUT,glass,2035,landfilling,0.7
C-WEU-AUT,glass,2035,recycling,0.06
C-WEU-AUT,glass,2035,reuse,0
C-WEU-AUT,glass,2040,downcycling,0.24
C-WEU-AUT,glass,2040,incineration,0
C-WEU-AUT,glass,2040,landfilling,0.7
C-WEU-AUT,glass,2040,recycling,0.06
C-WEU-AUT,glass,2040,reuse,0
C-WEU-AUT,glass,2045,downcycling,0.24
C-WEU-AUT,glass,2045,incineration,0
C-WEU-AUT,glass,2045,landfilling,0.7
C-WEU-AUT,glass,2045,recycling,0.06
C-WEU-AUT,glass,2045,reuse,0
C-WEU-AUT,glass,2050,downcycling,0.24
C-WEU-AUT,glass,2050,incineration,0
C-WEU-AUT,glass,2050,landfilling,0.7
C-WEU-AUT,glass,2050,recycling,0.06
C-WEU-AUT,glass,2050,reuse,0
C-WEU-AUT,glass,2055,downcycling,0.24
C-WEU-AUT,glass,2055,incineration,0
C-WEU-AUT,glass,2055,landfilling,0.7
C-WEU-AUT,glass,2055,recycling,0.06
C-WEU-AUT,glass,2055,reuse,0
C-WEU-AUT,glass,2060,downcycling,0.24
C-WEU-AUT,glass,2060,incineration,0
C-WEU-AUT,glass,2060,landfilling,0.7
C-WEU-AUT,glass,2060,recycling,0.06
C-WEU-AUT,glass,2060,reuse,0
C-WEU-AUT,glass,2065,downcycling,0.24
C-WEU-AUT,glass,2065,incineration,0
C-WEU-AUT,glass,2065,landfilling,0.7
C-WEU-AUT,glass,2065,recycling,0.06
C-WEU-AUT,glass,2065,reuse,0
C-WEU-AUT,glass,2070,downcycling,0.24
C-WEU-AUT,glass,2070,incineration,0
C-WEU-AUT,glass,2070,landfilling,0.7
C-WEU-AUT,glass,2070,recycling,0.06
C-WEU-AUT,glass,2070,reuse,0
C-WEU-AUT,glass,2075,downcycling,0.24
C-WEU-AUT,glass,2075,incineration,0
C-WEU-AUT,glass,2075,landfilling,0.7
C-WEU-AUT,glass,2075,recycling,0.06
C-WEU-AUT,glass,2075,reuse,0
C-WEU-AUT,glass,2080,downcycling,0.24
C-WEU-AUT,glass,2080,incineration,0
C-WEU-AUT,glass,2080,landfilling,0.7
C-WEU-AUT,glass,2080,recycling,0.06
C-WEU-AUT,glass,2080,reuse,0
C-WEU-AUT,glass,2085,downcycling,0.24
C-WEU-AUT,glass,2085,incineration,0
C-WEU-AUT,glass,2085,landfilling,0.7
C-WEU-AUT,glass,2085,recycling,0.06
C-WEU-AUT,glass,2085,reuse,0
C-WEU-AUT,glass,2090,downcycling,0.24
C-WEU-AUT,glass,2090,incineration,0
C-WEU-AUT,glass,2090,landfilling,0.7
C-WEU-AUT,glass,2090,recycling,0.06
C-WEU-AUT,glass,2090,reuse,0
C-WEU-AUT,glass,2095,downcycling,0.24
C-WEU-AUT,glass,2095,incineration,0
C-WEU-AUT,glass,2095,landfilling,0.7
C-WEU-AUT,glass,2095,recycling,0.06
C-WEU-AUT,glass,2095,reuse,0
C-WEU-AUT,glass,2100,downcycling,0.24
C-WEU-AUT,glass,2100,incineration,0
C-WEU-AUT,glass,2100,landfilling,0.7
C-WEU-AUT,glass,2100,recycling,0.06
C-WEU-AUT,glass,2100,reuse,0
C-WEU-AUT,steel,2015,downcycling,0
C-WEU-AUT,steel,2015,incineration,0
C-WEU-AUT,steel,2015,landfilling,0.0012489367625468
C-WEU-AUT,steel,2015,recycling,0.9987510632374532
C-WEU-AUT,steel,2015,reuse,0
C-WEU-AUT,steel,2020,downcycling,0
C-WEU-AUT,steel,2020,incineration,0
C-WEU-AUT,steel,2020,landfilling,0.0012489367625468
C-WEU-AUT,steel,2020,recycling,0.9987510632374532
C-WEU-AUT,steel,2020,reuse,0
C-WEU-AUT,steel,2025,downcycling,0
C-WEU-AUT,steel,2025,incineration,0
C-WEU-AUT,steel,2025,landfilling,0.0012489367625468
C-WEU-AUT,steel,2025,recycling,0.9987510632374532
C-WEU-AUT,steel,2025,reuse,0
C-WEU-AUT,steel,2030,downcycling,0
C-WEU-AUT,steel,2030,incineration,0
C-WEU-AUT,steel,2030,landfilling,0.0012489367625468
C-WEU-AUT,steel,2030,recycling,0.9987510632374532
C-WEU-AUT,steel,2030,reuse,0
C-WEU-AUT,steel,2035,downcycling,0
C-WEU-AUT,steel,2035,incineration,0
C-WEU-AUT,steel,2035,landfilling,0.0012489367625468
C-WEU-AUT,steel,2035,recycling,0.9987510632374532
C-WEU-AUT,steel,2035,reuse,0
C-WEU-AUT,steel,2040,downcycling,0
C-WEU-AUT,steel,2040,incineration,0
C-WEU-AUT,steel,2040,landfilling,0.0012489367625468
C-WEU-AUT,steel,2040,recycling,0.9987510632374532
C-WEU-AUT,steel,2040,reuse,0
C-WEU-AUT,steel,2045,downcycling,0
C-WEU-AUT,steel,2045,incineration,0
C-WEU-AUT,steel,2045,landfilling,0.0012489367625468
C-WEU-AUT,steel,2045,recycling,0.9987510632374532
C-WEU-AUT,steel,2045,reuse,0
C-WEU-AUT,steel,2050,downcycling,0
C-WEU-AUT,steel,2050,incineration,0
C-WEU-AUT,steel,2050,landfilling,0.0012489367625468
C-WEU-AUT,steel,2050,recycling,0.9987510632374532
C-WEU-AUT,steel,2050,reuse,0
C-WEU-AUT,steel,2055,downcycling,0
C-WEU-AUT,steel,2055,incineration,0
C-WEU-AUT,steel,2055,landfilling,0.0012489367625468
C-WEU-AUT,steel,2055,recycling,0.9987510632374532
C-WEU-AUT,steel,2055,reuse,0
C-WEU-AUT,steel,2060,downcycling,0
C-WEU-AUT,steel,2060,incineration,0
C-WEU-AUT,steel,2060,landfilling,0.0012489367625468
C-WEU-AUT,steel,2060,recycling,0.9987510632374532
C-WEU-AUT,steel,2060,reuse,0
C-WEU-AUT,steel,2065,downcycling,0
C-WEU-AUT,steel,2065,incineration,0
C-WEU-AUT,steel,2065,landfilling,0.0012489367625468
C-WEU-AUT,steel,2065,recycling,0.9987510632374532
C-WEU-AUT,steel,2065,reuse,0
C-WEU-AUT,steel,2070,downcycling,0
C-WEU-AUT,steel,2070,incineration,0
C-WEU-AUT,steel,2070,landfilling,0.0012489367625468
C-WEU-AUT,steel,2070,recycling,0.9987510632374532
C-WEU-AUT,steel,2070,reuse,0
C-WEU-AUT,steel,2075,downcycling,0
C-WEU-AUT,steel,2075,incineration,0
C-WEU-AUT,steel,2075,landfilling,0.0012489367625468
C-WEU-AUT,steel,2075,recycling,0.9987510632374532
C-WEU-AUT,steel,2075,reuse,0
C-WEU-AUT,steel,2080,downcycling,0
C-WEU-AUT,steel,2080,incineration,0
C-WEU-AUT,steel,2080,landfilling,0.0012489367625468
C-WEU-AUT,steel,2080,recycling,0.9987510632374532
C-WEU-AUT,steel,2080,reuse,0
C-WEU-AUT,steel,2085,downcycling,0
C-WEU-AUT,steel,2085,incineration,0
C-WEU-AUT,steel,2085,landfilling,0.0012489367625468
C-WEU-AUT,steel,2085,recycling,0.9987510632374532
C-WEU-AUT,steel,2085,reuse,0
C-WEU-AUT,steel,2090,downcycling,0
C-WEU-AUT,steel,2090,incineration,0
C-WEU-AUT,steel,2090,landfilling,0.0012489367625468
C-WEU-AUT,steel,2090,recycling,0.9987510632374532
C-WEU-AUT,steel,2090,reuse,0
C-WEU-AUT,steel,2095,downcycling,0
C-WEU-AUT,steel,2095,incineration,0
C-WEU-AUT,steel,2095,landfilling,0.0012489367625468
C-WEU-AUT,steel,2095,recycling,0.9987510632374532
C-WEU-AUT,steel,2095,reuse,0
C-WEU-AUT,steel,2100,downcycling,0
C-WEU-AUT,steel,2100,incineration,0
C-WEU-AUT,steel,2100,landfilling,0.0012489367625468
C-WEU-AUT,steel,2100,recycling,0.9987510632374532
C-WEU-AUT,steel,2100,reuse,0
C-WEU-AUT,wood,2015,downcycling,0
C-WEU-AUT,wood,2015,incineration,0.64
C-WEU-AUT,wood,2015,landfilling,0.06
C-WEU-AUT,wood,2015,recycling,0.3
C-WEU-AUT,wood,2015,reuse,0
C-WEU-AUT,wood,2020,downcycling,0
C-WEU-AUT,wood,2020,incineration,0.64
C-WEU-AUT,wood,2020,landfilling,0.06
C-WEU-AUT,wood,2020,recycling,0.3
C-WEU-AUT,wood,2020,reuse,0
C-WEU-AUT,wood,2025,downcycling,0
C-WEU-AUT,wood,2025,incineration,0.64
C-WEU-AUT,wood,2025,landfilling,0.06
C-WEU-AUT,wood,2025,recycling,0.3
C-WEU-AUT,wood,2025,reuse,0
C-WEU-AUT,wood,2030,downcycling,0
C-WEU-AUT,wood,2030,incineration,0.64
C-WEU-AUT,wood,2030,landfilling,0.06
C-WEU-AUT,wood,2030,recycling,0.3
C-WEU-AUT,wood,2030,reuse,0
C-WEU-AUT,wood,2035,downcycling,0
C-WEU-AUT,wood,2035,incineration,0.64
C-WEU-AUT,wood,2035,landfilling,0.06
C-WEU-AUT,wood,2035,recycling,0.3
C-WEU-AUT,wood,2035,reuse,0
C-WEU-AUT,wood,2040,downcycling,0
C-WEU-AUT,wood,2040,incineration,0.64
C-WEU-AUT,wood,2040,landfilling,0.06
C-WEU-AUT,wood,2040,recycling,0.3
C-WEU-AUT,wood,2040,reuse,0
C-WEU-AUT,wood,2045,downcycling,0
C-WEU-AUT,wood,2045,incineration,0.64
C-WEU-AUT,wood,2045,landfilling,0.06
C-WEU-AUT,wood,2045,recycling,0.3
C-WEU-AUT,wood,2045,reuse,0
C-WEU-AUT,wood,2050,downcycling,0
C-WEU-AUT,wood,2050,incineration,0.64
C-WEU-AUT,wood,2050,landfilling,0.06
C-WEU-AUT,wood,2050,recycling,0.3
C-WEU-AUT,wood,2050,reuse,0
C-WEU-AUT,wood,2055,downcycling,0
C-WEU-AUT,wood,2055,incineration,0.64
C-WEU-AUT,wood,2055,landfilling,0.06
C-WEU-AUT,wood,2055,recycling,0.3
C-WEU-AUT,wood,2055,reuse,0
C-WEU-AUT,wood,2060,downcycling,0
C-WEU-AUT,wood,2060,incineration,0.64
C-WEU-AUT,wood,2060,landfilling,0.06
C-WEU-AUT,wood,2060,recycling,0.3
C-WEU-AUT,wood,2060,reuse,0
C-WEU-AUT,wood,2065,downcycling,0
C-WEU-AUT,wood,2065,incineration,0.64
C-WEU-AUT,wood,2065,landfilling,0.06
C-WEU-AUT,wood,2065,recycling,0.3
C-WEU-AUT,wood,2065,reuse,0
C-WEU-AUT,wood,2070,downcycling,0
C-WEU-AUT,wood,2070,incineration,0.64
C-WEU-AUT,wood,2070,landfilling,0.06
C-WEU-AUT,wood,2070,recycling,0.3
C-WEU-AUT,wood,2070,reuse,0
C-WEU-AUT,wood,2075,downcycling,0
C-WEU-AUT,wood,2075,incineration,0.64
C-WEU-AUT,wood,2075,landfilling,0.06
C-WEU-AUT,wood,2075,recycling,0.3
C-WEU-AUT,wood,2075,reuse,0
C-WEU-AUT,wood,2080,downcycling,0
C-WEU-AUT,wood,2080,incineration,0.64
C-WEU-AUT,wood,2080,landfilling,0.06
C-WEU-AUT,wood,2080,recycling,0.3
C-WEU-AUT,wood,2080,reuse,0
C-WEU-AUT,wood,2085,downcycling,0
C-WEU-AUT,wood,2085,incineration,0.64
C-WEU-AUT,wood,2085,landfilling,0.06
C-WEU-AUT,wood,2085,recycling,0.3
C-WEU-AUT,wood,2085,reuse,0
C-WEU-AUT,wood,2090,downcycling,0
C-WEU-AUT,wood,2090,incineration,0.64
C-WEU-AUT,wood,2090,landfilling,0.06
C-WEU-AUT,wood,2090,recycling,0.3
C-WEU-AUT,wood,2090,reuse,0
C-WEU-AUT,wood,2095,downcycling,0
C-WEU-AUT,wood,2095,incineration,0.64
C-WEU-AUT,wood,2095,landfilling,0.06
C-WEU-AUT,wood,2095,recycling,0.3
C-WEU-AUT,wood,2095,reuse,0
C-WEU-AUT,wood,2100,downcycling,0
C-WEU-AUT,wood,2100,incineration,0.64
C-WEU-AUT,wood,2100,landfilling,0.06
C-WEU-AUT,wood,2100,recycling,0.3
C-WEU-AUT,wood,2100,reuse,0
C-WEU-BEL,aluminum,2015,downcycling,0
C-WEU-BEL,aluminum,2015,incineration,0
C-WEU-BEL,aluminum,2015,landfilling,6.020906913227917e-4
C-WEU-BEL,aluminum,2015,recycling,0.9993979093086772
C-WEU-BEL,aluminum,2015,reuse,0
C-WEU-BEL,aluminum,2020,downcycling,0
C-WEU-BEL,aluminum,2020,incineration,0
C-WEU-BEL,aluminum,2020,landfilling,6.020906913227917e-4
C-WEU-BEL,aluminum,2020,recycling,0.9993979093086772
C-WEU-BEL,aluminum,2020,reuse,0
C-WEU-BEL,aluminum,2025,downcycling,0
C-WEU-BEL,aluminum,2025,incineration,0
C-WEU-BEL,aluminum,2025,landfilling,6.020906913227917e-4
C-WEU-BEL,aluminum,2025,recycling,0.9993979093086772
C-WEU-BEL,aluminum,2025,reuse,0
C-WEU-BEL,aluminum,2030,downcycling,0
C-WEU-BEL,aluminum,2030,incineration,0
C-WEU-BEL,aluminum,2030,landfilling,6.020906913227917e-4
C-WEU-BEL,aluminum,2030,recycling,0.9993979093086772
C-WEU-BEL,aluminum,2030,reuse,0
C-WEU-BEL,aluminum,2035,downcycling,0
C-WEU-BEL,aluminum,2035,incineration,0
C-WEU-BEL,aluminum,2035,landfilling,6.020906913227917e-4
C-WEU-BEL,aluminum,2035,recycling,0.9993979093086772
C-WEU-BEL,aluminum,2035,reuse,0
C-WEU-BEL,aluminum,2040,downcycling,0
C-WEU-BEL,aluminum,2040,incineration,0
C-WEU-BEL,aluminum,2040,landfilling,6.020906913227917e-4
C-WEU-BEL,aluminum,2040,recycling,0.9993979093086772
C-WEU-BEL,aluminum,2040,reuse,0
C-WEU-BEL,aluminum,2045,downcycling,0
C-WEU-BEL,aluminum,2045,incineration,0
C-WEU-BEL,aluminum,2045,landfilling,6.020906913227917e-4
C-WEU-BEL,aluminum,2045,recycling,0.9993979093086772
C-WEU-BEL,aluminum,2045,reuse,0
C-WEU-BEL,aluminum,2050,downcycling,0
C-WEU-BEL,aluminum,2050,incineration,0
C-WEU-BEL,aluminum,2050,landfilling,6.020906913227917e-4
C-WEU-BEL,aluminum,2050,recycling,0.9993979093086772
C-WEU-BEL,aluminum,2050,reuse,0
C-WEU-BEL,aluminum,2055,downcycling,0
C-WEU-BEL,aluminum,2055,incineration,0
C-WEU-BEL,aluminum,2055,landfilling,6.020906913227917e-4
C-WEU-BEL,aluminum,2055,recycling,0.9993979093086772
C-WEU-BEL,aluminum,2055,reuse,0
C-WEU-BEL,aluminum,2060,downcycling,0
C-WEU-BEL,aluminum,2060,incineration,0
C-WEU-BEL,aluminum,2060,landfilling,6.020906913227917e-4
C-WEU-BEL,aluminum,2060,recycling,0.9993979093086772
C-WEU-BEL,aluminum,2060,reuse,0
C-WEU-BEL,aluminum,2065,downcycling,0
C-WEU-BEL,aluminum,2065,incineration,0
C-WEU-BEL,aluminum,2065,landfilling,6.020906913227917e-4
C-WEU-BEL,aluminum,2065,recycling,0.9993979093086772
C-WEU-BEL,aluminum,2065,reuse,0
C-WEU-BEL,aluminum,2070,downcycling,0
C-WEU-BEL,aluminum,2070,incineration,0
C-WEU-BEL,aluminum,2070,landfilling,6.020906913227917e-4
C-WEU-BEL,aluminum,2070,recycling,0.9993979093086772
C-WEU-BEL,aluminum,2070,reuse,0
C-WEU-BEL,aluminum,2075,downcycling,0
C-WEU-BEL,aluminum,2075,incineration,0
C-WEU-BEL,aluminum,2075,landfilling,6.020906913227917e-4
C-WEU-BEL,aluminum,2075,recycling,0.9993979093086772
C-WEU-BEL,aluminum,2075,reuse,0
C-WEU-BEL,aluminum,2080,downcycling,0
C-WEU-BEL,aluminum,2080,incineration,0
C-WEU-BEL,aluminum,2080,landfilling,6.020906913227917e-4
C-WEU-BEL,aluminum,2080,recycling,0.9993979093086772
C-WEU-BEL,aluminum,2080,reuse,0
C-WEU-BEL,aluminum,2085,downcycling,0
C-WEU-BEL,aluminum,2085,incineration,0
C-WEU-BEL,aluminum,2085,landfilling,6.020906913227917e-4
C-WEU-BEL,aluminum,2085,recycling,0.9993979093086772
C-WEU-BEL,aluminum,2085,reuse,0
C-WEU-BEL,aluminum,2090,downcycling,0
C-WEU-BEL,aluminum,2090,incineration,0
C-WEU-BEL,aluminum,2090,landfilling,6.020906913227917e-4
C-WEU-BEL,aluminum,2090,recycling,0.9993979093086772
C-WEU-BEL,aluminum,2090,reuse,0
C-WEU-BEL,aluminum,2095,downcycling,0
C-WEU-BEL,aluminum,2095,incineration,0
C-WEU-BEL,aluminum,2095,landfilling,6.020906913227917e-4
C-WEU-BEL,aluminum,2095,recycling,0.9993979093086772
C-WEU-BEL,aluminum,2095,reuse,0
C-WEU-BEL,aluminum,2100,downcycling,0
C-WEU-BEL,aluminum,2100,incineration,0
C-WEU-BEL,aluminum,2100,landfilling,6.020906913227917e-4
C-WEU-BEL,aluminum,2100,recycling,0.9993979093086772
C-WEU-BEL,aluminum,2100,reuse,0
C-WEU-BEL,brick,2015,downcycling,0
C-WEU-BEL,brick,2015,incineration,0
C-WEU-BEL,brick,2015,landfilling,0.00703939863181352
C-WEU-BEL,brick,2015,recycling,0.9929606013681864
C-WEU-BEL,brick,2015,reuse,0
C-WEU-BEL,brick,2020,downcycling,0
C-WEU-BEL,brick,2020,incineration,0
C-WEU-BEL,brick,2020,landfilling,0.00703939863181352
C-WEU-BEL,brick,2020,recycling,0.9929606013681864
C-WEU-BEL,brick,2020,reuse,0
C-WEU-BEL,brick,2025,downcycling,0
C-WEU-BEL,brick,2025,incineration,0
C-WEU-BEL,brick,2025,landfilling,0.00703939863181352
C-WEU-BEL,brick,2025,recycling,0.9929606013681864
C-WEU-BEL,brick,2025,reuse,0
C-WEU-BEL,brick,2030,downcycling,0
C-WEU-BEL,brick,2030,incineration,0
C-WEU-BEL,brick,2030,landfilling,0.00703939863181352
C-WEU-BEL,brick,2030,recycling,0.9929606013681864
C-WEU-BEL,brick,2030,reuse,0
C-WEU-BEL,brick,2035,downcycling,0
C-WEU-BEL,brick,2035,incineration,0
C-WEU-BEL,brick,2035,landfilling,0.00703939863181352
C-WEU-BEL,brick,2035,recycling,0.9929606013681864
C-WEU-BEL,brick,2035,reuse,0
C-WEU-BEL,brick,2040,downcycling,0
C-WEU-BEL,brick,2040,incineration,0
C-WEU-BEL,brick,2040,landfilling,0.00703939863181352
C-WEU-BEL,brick,2040,recycling,0.9929606013681864
C-WEU-BEL,brick,2040,reuse,0
C-WEU-BEL,brick,2045,downcycling,0
C-WEU-BEL,brick,2045,incineration,0
C-WEU-BEL,brick,2045,landfilling,0.00703939863181352
C-WEU-BEL,brick,2045,recycling,0.9929606013681864
C-WEU-BEL,brick,2045,reuse,0
C-WEU-BEL,brick,2050,downcycling,0
C-WEU-BEL,brick,2050,incineration,0
C-WEU-BEL,brick,2050,landfilling,0.00703939863181352
C-WEU-BEL,brick,2050,recycling,0.9929606013681864
C-WEU-BEL,brick,2050,reuse,0
C-WEU-BEL,brick,2055,downcycling,0
C-WEU-BEL,brick,2055,incineration,0
C-WEU-BEL,brick,2055,landfilling,0.00703939863181352
C-WEU-BEL,brick,2055,recycling,0.9929606013681864
C-WEU-BEL,brick,2055,reuse,0
C-WEU-BEL,brick,2060,downcycling,0
C-WEU-BEL,brick,2060,incineration,0
C-WEU-BEL,brick,2060,landfilling,0.00703939863181352
C-WEU-BEL,brick,2060,recycling,0.9929606013681864
C-WEU-BEL,brick,2060,reuse,0
C-WEU-BEL,brick,2065,downcycling,0
C-WEU-BEL,brick,2065,incineration,0
C-WEU-BEL,brick,2065,landfilling,0.00703939863181352
C-WEU-BEL,brick,2065,recycling,0.9929606013681864
C-WEU-BEL,brick,2065,reuse,0
C-WEU-BEL,brick,2070,downcycling,0
C-WEU-BEL,brick,2070,incineration,0
C-WEU-BEL,brick,2070,landfilling,0.00703939863181352
C-WEU-BEL,brick,2070,recycling,0.9929606013681864
C-WEU-BEL,brick,2070,reuse,0
C-WEU-BEL,brick,2075,downcycling,0
C-WEU-BEL,brick,2075,incineration,0
C-WEU-BEL,brick,2075,landfilling,0.00703939863181352
C-WEU-BEL,brick,2075,recycling,0.9929606013681864
C-WEU-BEL,brick,2075,reuse,0
C-WEU-BEL,brick,2080,downcycling,0
C-WEU-BEL,brick,2080,incineration,0
C-WEU-BEL,brick,2080,landfilling,0.00703939863181352
C-WEU-BEL,brick,2080,recycling,0.9929606013681864
C-WEU-BEL,brick,2080,reuse,0
C-WEU-BEL,brick,2085,downcycling,0
C-WEU-BEL,brick,2085,incineration,0
C-WEU-BEL,brick,2085,landfilling,0.00703939863181352
C-WEU-BEL,brick,2085,recycling,0.9929606013681864
C-WEU-BEL,brick,2085,reuse,0
C-WEU-BEL,brick,2090,downcycling,0
C-WEU-BEL,brick,2090,incineration,0
C-WEU-BEL,brick,2090,landfilling,0.00703939863181352
C-WEU-BEL,brick,2090,recycling,0.9929606013681864
C-WEU-BEL,brick,2090,reuse,0
C-WEU-BEL,brick,2095,downcycling,0
C-WEU-BEL,brick,2095,incineration,0
C-WEU-BEL,brick,2095,landfilling,0.00703939863181352
C-WEU-BEL,brick,2095,recycling,0.9929606013681864
C-WEU-BEL,brick,2095,reuse,0
C-WEU-BEL,brick,2100,downcycling,0
C-WEU-BEL,brick,2100,incineration,0
C-WEU-BEL,brick,2100,landfilling,0.00703939863181352
C-WEU-BEL,brick,2100,recycling,0.9929606013681864
C-WEU-BEL,brick,2100,reuse,0
C-WEU-BEL,concrete,2015,downcycling,0
C-WEU-BEL,concrete,2015,incineration,0
C-WEU-BEL,concrete,2015,landfilling,0.00703939863181352
C-WEU-BEL,concrete,2015,recycling,0.9929606013681864
C-WEU-BEL,concrete,2015,reuse,0
C-WEU-BEL,concrete,2020,downcycling,0
C-WEU-BEL,concrete,2020,incineration,0
C-WEU-BEL,concrete,2020,landfilling,0.00703939863181352
C-WEU-BEL,concrete,2020,recycling,0.9929606013681864
C-WEU-BEL,concrete,2020,reuse,0
C-WEU-BEL,concrete,2025,downcycling,0
C-WEU-BEL,concrete,2025,incineration,0
C-WEU-BEL,concrete,2025,landfilling,0.00703939863181352
C-WEU-BEL,concrete,2025,recycling,0.9929606013681864
C-WEU-BEL,concrete,2025,reuse,0
C-WEU-BEL,concrete,2030,downcycling,0
C-WEU-BEL,concrete,2030,incineration,0
C-WEU-BEL,concrete,2030,landfilling,0.00703939863181352
C-WEU-BEL,concrete,2030,recycling,0.9929606013681864
C-WEU-BEL,concrete,2030,reuse,0
C-WEU-BEL,concrete,2035,downcycling,0
C-WEU-BEL,concrete,2035,incineration,0
C-WEU-BEL,concrete,2035,landfilling,0.00703939863181352
C-WEU-BEL,concrete,2035,recycling,0.9929606013681864
C-WEU-BEL,concrete,2035,reuse,0
C-WEU-BEL,concrete,2040,downcycling,0
C-WEU-BEL,concrete,2040,incineration,0
C-WEU-BEL,concrete,2040,landfilling,0.00703939863181352
C-WEU-BEL,concrete,2040,recycling,0.9929606013681864
C-WEU-BEL,concrete,2040,reuse,0
C-WEU-BEL,concrete,2045,downcycling,0
C-WEU-BEL,concrete,2045,incineration,0
C-WEU-BEL,concrete,2045,landfilling,0.00703939863181352
C-WEU-BEL,concrete,2045,recycling,0.9929606013681864
C-WEU-BEL,concrete,2045,reuse,0
C-WEU-BEL,concrete,2050,downcycling,0
C-WEU-BEL,concrete,2050,incineration,0
C-WEU-BEL,concrete,2050,landfilling,0.00703939863181352
C-WEU-BEL,concrete,2050,recycling,0.9929606013681864
C-WEU-BEL,concrete,2050,reuse,0
C-WEU-BEL,concrete,2055,downcycling,0
C-WEU-BEL,concrete,2055,incineration,0
C-WEU-BEL,concrete,2055,landfilling,0.00703939863181352
C-WEU-BEL,concrete,2055,recycling,0.9929606013681864
C-WEU-BEL,concrete,2055,reuse,0
C-WEU-BEL,concrete,2060,downcycling,0
C-WEU-BEL,concrete,2060,incineration,0
C-WEU-BEL,concrete,2060,landfilling,0.00703939863181352
C-WEU-BEL,concrete,2060,recycling,0.9929606013681864
C-WEU-BEL,concrete,2060,reuse,0
C-WEU-BEL,concrete,2065,downcycling,0
C-WEU-BEL,concrete,2065,incineration,0
C-WEU-BEL,concrete,2065,landfilling,0.00703939863181352
C-WEU-BEL,concrete,2065,recycling,0.9929606013681864
C-WEU-BEL,concrete,2065,reuse,0
C-WEU-BEL,concrete,2070,downcycling,0
C-WEU-BEL,concrete,2070,incineration,0
C-WEU-BEL,concrete,2070,landfilling,0.00703939863181352
C-WEU-BEL,concrete,2070,recycling,0.9929606013681864
C-WEU-BEL,concrete,2070,reuse,0
C-WEU-BEL,concrete,2075,downcycling,0
C-WEU-BEL,concrete,2075,incineration,0
C-WEU-BEL,concrete,2075,landfilling,0.00703939863181352
C-WEU-BEL,concrete,2075,recycling,0.9929606013681864
C-WEU-BEL,concrete,2075,reuse,0
C-WEU-BEL,concrete,2080,downcycling,0
C-WEU-BEL,concrete,2080,incineration,0
C-WEU-BEL,concrete,2080,landfilling,0.00703939863181352
C-WEU-BEL,concrete,2080,recycling,0.9929606013681864
C-WEU-BEL,concrete,2080,reuse,0
C-WEU-BEL,concrete,2085,downcycling,0
C-WEU-BEL,concrete,2085,incineration,0
C-WEU-BEL,concrete,2085,landfilling,0.00703939863181352
C-WEU-BEL,concrete,2085,recycling,0.9929606013681864
C-WEU-BEL,concrete,2085,reuse,0
C-WEU-BEL,concrete,2090,downcycling,0
C-WEU-BEL,concrete,2090,incineration,0
C-WEU-BEL,concrete,2090,landfilling,0.00703939863181352
C-WEU-BEL,concrete,2090,recycling,0.9929606013681864
C-WEU-BEL,concrete,2090,reuse,0
C-WEU-BEL,concrete,2095,downcycling,0
C-WEU-BEL,concrete,2095,incineration,0
C-WEU-BEL,concrete,2095,landfilling,0.00703939863181352
C-WEU-BEL,concrete,2095,recycling,0.9929606013681864
C-WEU-BEL,concrete,2095,reuse,0
C-WEU-BEL,concrete,2100,downcycling,0
C-WEU-BEL,concrete,2100,incineration,0
C-WEU-BEL,concrete,2100,landfilling,0.00703939863181352
C-WEU-BEL,concrete,2100,recycling,0.9929606013681864
C-WEU-BEL,concrete,2100,reuse,0
C-WEU-BEL,copper,2015,downcycling,0
C-WEU-BEL,copper,2015,incineration,0
C-WEU-BEL,copper,2015,landfilling,6.020906913227917e-4
C-WEU-BEL,copper,2015,recycling,0.9993979093086772
C-WEU-BEL,copper,2015,reuse,0
C-WEU-BEL,copper,2020,downcycling,0
C-WEU-BEL,copper,2020,incineration,0
C-WEU-BEL,copper,2020,landfilling,6.020906913227917e-4
C-WEU-BEL,copper,2020,recycling,0.9993979093086772
C-WEU-BEL,copper,2020,reuse,0
C-WEU-BEL,copper,2025,downcycling,0
C-WEU-BEL,copper,2025,incineration,0
C-WEU-BEL,copper,2025,landfilling,6.020906913227917e-4
C-WEU-BEL,copper,2025,recycling,0.9993979093086772
C-WEU-BEL,copper,2025,reuse,0
C-WEU-BEL,copper,2030,downcycling,0
C-WEU-BEL,copper,2030,incineration,0
C-WEU-BEL,copper,2030,landfilling,6.020906913227917e-4
C-WEU-BEL,copper,2030,recycling,0.9993979093086772
C-WEU-BEL,copper,2030,reuse,0
C-WEU-BEL,copper,2035,downcycling,0
C-WEU-BEL,copper,2035,incineration,0
C-WEU-BEL,copper,2035,landfilling,6.020906913227917e-4
C-WEU-BEL,copper,2035,recycling,0.9993979093086772
C-WEU-BEL,copper,2035,reuse,0
C-WEU-BEL,copper,2040,downcycling,0
C-WEU-BEL,copper,2040,incineration,0
C-WEU-BEL,copper,2040,landfilling,6.020906913227917e-4
C-WEU-BEL,copper,2040,recycling,0.9993979093086772
C-WEU-BEL,copper,2040,reuse,0
C-WEU-BEL,copper,2045,downcycling,0
C-WEU-BEL,copper,2045,incineration,0
C-WEU-BEL,copper,2045,landfilling,6.020906913227917e-4
C-WEU-BEL,copper,2045,recycling,0.9993979093086772
C-WEU-BEL,copper,2045,reuse,0
C-WEU-BEL,copper,2050,downcycling,0
C-WEU-BEL,copper,2050,incineration,0
C-WEU-BEL,copper,2050,landfilling,6.020906913227917e-4
C-WEU-BEL,copper,2050,recycling,0.9993979093086772
C-WEU-BEL,copper,2050,reuse,0
C-WEU-BEL,copper,2055,downcycling,0
C-WEU-BEL,copper,2055,incineration,0
C-WEU-BEL,copper,2055,landfilling,6.020906913227917e-4
C-WEU-BEL,copper,2055,recycling,0.9993979093086772
C-WEU-BEL,copper,2055,reuse,0
C-WEU-BEL,copper,2060,downcycling,0
C-WEU-BEL,copper,2060,incineration,0
C-WEU-BEL,copper,2060,landfilling,6.020906913227917e-4
C-WEU-BEL,copper,2060,recycling,0.9993979093086772
C-WEU-BEL,copper,2060,reuse,0
C-WEU-BEL,copper,2065,downcycling,0
C-WEU-BEL,copper,2065,incineration,0
C-WEU-BEL,copper,2065,landfilling,6.020906913227917e-4
C-WEU-BEL,copper,2065,recycling,0.9993979093086772
C-WEU-BEL,copper,2065,reuse,0
C-WEU-BEL,copper,2070,downcycling,0
C-WEU-BEL,copper,2070,incineration,0
C-WEU-BEL,copper,2070,landfilling,6.020906913227917e-4
C-WEU-BEL,copper,2070,recycling,0.9993979093086772
C-WEU-BEL,copper,2070,reuse,0
C-WEU-BEL,copper,2075,downcycling,0
C-WEU-BEL,copper,2075,incineration,0
C-WEU-BEL,copper,2075,landfilling,6.020906913227917e-4
C-WEU-BEL,copper,2075,recycling,0.9993979093086772
C-WEU-BEL,copper,2075,reuse,0
C-WEU-BEL,copper,2080,downcycling,0
C-WEU-BEL,copper,2080,incineration,0
C-WEU-BEL,copper,2080,landfilling,6.020906913227917e-4
C-WEU-BEL,copper,2080,recycling,0.9993979093086772
C-WEU-BEL,copper,2080,reuse,0
C-WEU-BEL,copper,2085,downcycling,0
C-WEU-BEL,copper,2085,incineration,0
C-WEU-BEL,copper,2085,landfilling,6.020906913227917e-4
C-WEU-BEL,copper,2085,recycling,0.9993979093086772
C-WEU-BEL,copper,2085,reuse,0
C-WEU-BEL,copper,2090,downcycling,0
C-WEU-BEL,copper,2090,incineration,0
C-WEU-BEL,copper,2090,landfilling,6.020906913227917e-4
C-WEU-BEL,copper,2090,recycling,0.9993979093086772
C-WEU-BEL,copper,2090,reuse,0
C-WEU-BEL,copper,2095,downcycling,0
C-WEU-BEL,copper,2095,incineration,0
C-WEU-BEL,copper,2095,landfilling,6.020906913227917e-4
C-WEU-BEL,copper,2095,recycling,0.9993979093086772
C-WEU-BEL,copper,2095,reuse,0
C-WEU-BEL,copper,2100,downcycling,0
C-WEU-BEL,copper,2100,incineration,0
C-WEU-BEL,copper,2100,landfilling,6.020906913227917e-4
C-WEU-BEL,copper,2100,recycling,0.9993979093086772
C-WEU-BEL,copper,2100,reuse,0
C-WEU-BEL,glass,2015,downcycling,0.24
C-WEU-BEL,glass,2015,incineration,0
C-WEU-BEL,glass,2015,landfilling,0.7
C-WEU-BEL,glass,2015,recycling,0.06
C-WEU-BEL,glass,2015,reuse,0
C-WEU-BEL,glass,2020,downcycling,0.24
C-WEU-BEL,glass,2020,incineration,0
C-WEU-BEL,glass,2020,landfilling,0.7
C-WEU-BEL,glass,2020,recycling,0.06
C-WEU-BEL,glass,2020,reuse,0
C-WEU-BEL,glass,2025,downcycling,0.24
C-WEU-BEL,glass,2025,incineration,0
C-WEU-BEL,glass,2025,landfilling,0.7
C-WEU-BEL,glass,2025,recycling,0.06
C-WEU-BEL,glass,2025,reuse,0
C-WEU-BEL,glass,2030,downcycling,0.24
C-WEU-BEL,glass,2030,incineration,0
C-WEU-BEL,glass,2030,landfilling,0.7
C-WEU-BEL,glass,2030,recycling,0.06
C-WEU-BEL,glass,2030,reuse,0
C-WEU-BEL,glass,2035,downcycling,0.24
C-WEU-BEL,glass,2035,incineration,0
C-WEU-BEL,glass,2035,landfilling,0.7
C-WEU-BEL,glass,2035,recycling,0.06
C-WEU-BEL,glass,2035,reuse,0
C-WEU-BEL,glass,2040,downcycling,0.24
C-WEU-BEL,glass,2040,incineration,0
C-WEU-BEL,glass,2040,landfilling,0.7
C-WEU-BEL,glass,2040,recycling,0.06
C-WEU-BEL,glass,2040,reuse,0
C-WEU-BEL,glass,2045,downcycling,0.24
C-WEU-BEL,glass,2045,incineration,0
C-WEU-BEL,glass,2045,landfilling,0.7
C-WEU-BEL,glass,2045,recycling,0.06
C-WEU-BEL,glass,2045,reuse,0
C-WEU-BEL,glass,2050,downcycling,0.24
C-WEU-BEL,glass,2050,incineration,0
C-WEU-BEL,glass,2050,landfilling,0.7
C-WEU-BEL,glass,2050,recycling,0.06
C-WEU-BEL,glass,2050,reuse,0
C-WEU-BEL,glass,2055,downcycling,0.24
C-WEU-BEL,glass,2055,incineration,0
C-WEU-BEL,glass,2055,landfilling,0.7
C-WEU-BEL,glass,2055,recycling,0.06
C-WEU-BEL,glass,2055,reuse,0
C-WEU-BEL,glass,2060,downcycling,0.24
C-WEU-BEL,glass,2060,incineration,0
C-WEU-BEL,glass,2060,landfilling,0.7
C-WEU-BEL,glass,2060,recycling,0.06
C-WEU-BEL,glass,2060,reuse,0
C-WEU-BEL,glass,2065,downcycling,0.24
C-WEU-BEL,glass,2065,incineration,0
C-WEU-BEL,glass,2065,landfilling,0.7
C-WEU-BEL,glass,2065,recycling,0.06
C-WEU-BEL,glass,2065,reuse,0
C-WEU-BEL,glass,2070,downcycling,0.24
C-WEU-BEL,glass,2070,incineration,0
C-WEU-BEL,glass,2070,landfilling,0.7
C-WEU-BEL,glass,2070,recycling,0.06
C-WEU-BEL,glass,2070,reuse,0
C-WEU-BEL,glass,2075,downcycling,0.24
C-WEU-BEL,glass,2075,incineration,0
C-WEU-BEL,glass,2075,landfilling,0.7
C-WEU-BEL,glass,2075,recycling,0.06
C-WEU-BEL,glass,2075,reuse,0
C-WEU-BEL,glass,2080,downcycling,0.24
C-WEU-BEL,glass,2080,incineration,0
C-WEU-BEL,glass,2080,landfilling,0.7
C-WEU-BEL,glass,2080,recycling,0.06
C-WEU-BEL,glass,2080,reuse,0
C-WEU-BEL,glass,2085,downcycling,0.24
C-WEU-BEL,glass,2085,incineration,0
C-WEU-BEL,glass,2085,landfilling,0.7
C-WEU-BEL,glass,2085,recycling,0.06
C-WEU-BEL,glass,2085,reuse,0
C-WEU-BEL,glass,2090,downcycling,0.24
C-WEU-BEL,glass,2090,incineration,0
C-WEU-BEL,glass,2090,landfilling,0.7
C-WEU-BEL,glass,2090,recycling,0.06
C-WEU-BEL,glass,2090,reuse,0
C-WEU-BEL,glass,2095,downcycling,0.24
C-WEU-BEL,glass,2095,incineration,0
C-WEU-BEL,glass,2095,landfilling,0.7
C-WEU-BEL,glass,2095,recycling,0.06
C-WEU-BEL,glass,2095,reuse,0
C-WEU-BEL,glass,2100,downcycling,0.24
C-WEU-BEL,glass,2100,incineration,0
C-WEU-BEL,glass,2100,landfilling,0.7
C-WEU-BEL,glass,2100,recycling,0.06
C-WEU-BEL,glass,2100,reuse,0
C-WEU-BEL,steel,2015,downcycling,0
C-WEU-BEL,steel,2015,incineration,0
C-WEU-BEL,steel,2015,landfilling,7.369276521052048e-4
C-WEU-BEL,steel,2015,recycling,0.9992630723478948
C-WEU-BEL,steel,2015,reuse,0
C-WEU-BEL,steel,2020,downcycling,0
C-WEU-BEL,steel,2020,incineration,0
C-WEU-BEL,steel,2020,landfilling,7.369276521052048e-4
C-WEU-BEL,steel,2020,recycling,0.9992630723478948
C-WEU-BEL,steel,2020,reuse,0
C-WEU-BEL,steel,2025,downcycling,0
C-WEU-BEL,steel,2025,incineration,0
C-WEU-BEL,steel,2025,landfilling,7.369276521052048e-4
C-WEU-BEL,steel,2025,recycling,0.9992630723478948
C-WEU-BEL,steel,2025,reuse,0
C-WEU-BEL,steel,2030,downcycling,0
C-WEU-BEL,steel,2030,incineration,0
C-WEU-BEL,steel,2030,landfilling,7.369276521052048e-4
C-WEU-BEL,steel,2030,recycling,0.9992630723478948
C-WEU-BEL,steel,2030,reuse,0
C-WEU-BEL,steel,2035,downcycling,0
C-WEU-BEL,steel,2035,incineration,0
C-WEU-BEL,steel,2035,landfilling,7.369276521052048e-4
C-WEU-BEL,steel,2035,recycling,0.9992630723478948
C-WEU-BEL,steel,2035,reuse,0
C-WEU-BEL,steel,2040,downcycling,0
C-WEU-BEL,steel,2040,incineration,0
C-WEU-BEL,steel,2040,landfilling,7.369276521052048e-4
C-WEU-BEL,steel,2040,recycling,0.9992630723478948
C-WEU-BEL,steel,2040,reuse,0
C-WEU-BEL,steel,2045,downcycling,0
C-WEU-BEL,steel,2045,incineration,0
C-WEU-BEL,steel,2045,landfilling,7.369276521052048e-4
C-WEU-BEL,steel,2045,recycling,0.9992630723478948
C-WEU-BEL,steel,2045,reuse,0
C-WEU-BEL,steel,2050,downcycling,0
C-WEU-BEL,steel,2050,incineration,0
C-WEU-BEL,steel,2050,landfilling,7.369276521052048e-4
C-WEU-BEL,steel,2050,recycling,0.9992630723478948
C-WEU-BEL,steel,2050,reuse,0
C-WEU-BEL,steel,2055,downcycling,0
C-WEU-BEL,steel,2055,incineration,0
C-WEU-BEL,steel,2055,landfilling,7.369276521052048e-4
C-WEU-BEL,steel,2055,recycling,0.9992630723478948
C-WEU-BEL,steel,2055,reuse,0
C-WEU-BEL,steel,2060,downcycling,0
C-WEU-BEL,steel,2060,incineration,0
C-WEU-BEL,steel,2060,landfilling,7.369276521052048e-4
C-WEU-BEL,steel,2060,recycling,0.9992630723478948
C-WEU-BEL,steel,2060,reuse,0
C-WEU-BEL,steel,2065,downcycling,0
C-WEU-BEL,steel,2065,incineration,0
C-WEU-BEL,steel,2065,landfilling,7.369276521052048e-4
C-WEU-BEL,steel,2065,recycling,0.9992630723478948
C-WEU-BEL,steel,2065,reuse,0
C-WEU-BEL,steel,2070,downcycling,0
C-WEU-BEL,steel,2070,incineration,0
C-WEU-BEL,steel,2070,landfilling,7.369276521052048e-4
C-WEU-BEL,steel,2070,recycling,0.9992630723478948
C-WEU-BEL,steel,2070,reuse,0
C-WEU-BEL,steel,2075,downcycling,0
C-WEU-BEL,steel,2075,incineration,0
C-WEU-BEL,steel,2075,landfilling,7.369276521052048e-4
C-WEU-BEL,steel,2075,recycling,0.9992630723478948
C-WEU-BEL,steel,2075,reuse,0
C-WEU-BEL,steel,2080,downcycling,0
C-WEU-BEL,steel,2080,incineration,0
C-WEU-BEL,steel,2080,landfilling,7.369276521052048e-4
C-WEU-BEL,steel,2080,recycling,0.9992630723478948
C-WEU-BEL,steel,2080,reuse,0
C-WEU-BEL,steel,2085,downcycling,0
C-WEU-BEL,steel,2085,incineration,0
C-WEU-BEL,steel,2085,landfilling,7.369276521052048e-4
C-WEU-BEL,steel,2085,recycling,0.9992630723478948
C-WEU-BEL,steel,2085,reuse,0
C-WEU-BEL,steel,2090,downcycling,0
C-WEU-BEL,steel,2090,incineration,0
C-WEU-BEL,steel,2090,landfilling,7.369276521052048e-4
C-WEU-BEL,steel,2090,recycling,0.9992630723478948
C-WEU-BEL,steel,2090,reuse,0
C-WEU-BEL,steel,2095,downcycling,0
C-WEU-BEL,steel,2095,incineration,0
C-WEU-BEL,steel,2095,landfilling,7.369276521052048e-4
C-WEU-BEL,steel,2095,recycling,0.9992630723478948
C-WEU-BEL,steel,2095,reuse,0
C-WEU-BEL,steel,2100,downcycling,0
C-WEU-BEL,steel,2100,incineration,0
C-WEU-BEL,steel,2100,landfilling,7.369276521052048e-4
C-WEU-BEL,steel,2100,recycling,0.9992630723478948
C-WEU-BEL,steel,2100,reuse,0
C-WEU-BEL,wood,2015,downcycling,0
C-WEU-BEL,wood,2015,incineration,0.64
C-WEU-BEL,wood,2015,landfilling,0.06
C-WEU-BEL,wood,2015,recycling,0.3
C-WEU-BEL,wood,2015,reuse,0
C-WEU-BEL,wood,2020,downcycling,0
C-WEU-BEL,wood,2020,incineration,0.64
C-WEU-BEL,wood,2020,landfilling,0.06
C-WEU-BEL,wood,2020,recycling,0.3
C-WEU-BEL,wood,2020,reuse,0
C-WEU-BEL,wood,2025,downcycling,0
C-WEU-BEL,wood,2025,incineration,0.64
C-WEU-BEL,wood,2025,landfilling,0.06
C-WEU-BEL,wood,2025,recycling,0.3
C-WEU-BEL,wood,2025,reuse,0
C-WEU-BEL,wood,2030,downcycling,0
C-WEU-BEL,wood,2030,incineration,0.64
C-WEU-BEL,wood,2030,landfilling,0.06
C-WEU-BEL,wood,2030,recycling,0.3
C-WEU-BEL,wood,2030,reuse,0
C-WEU-BEL,wood,2035,downcycling,0
C-WEU-BEL,wood,2035,incineration,0.64
C-WEU-BEL,wood,2035,landfilling,0.06
C-WEU-BEL,wood,2035,recycling,0.3
C-WEU-BEL,wood,2035,reuse,0
C-WEU-BEL,wood,2040,downcycling,0
C-WEU-BEL,wood,2040,incineration,0.64
C-WEU-BEL,wood,2040,landfilling,0.06
C-WEU-BEL,wood,2040,recycling,0.3
C-WEU-BEL,wood,2040,reuse,0
C-WEU-BEL,wood,2045,downcycling,0
C-WEU-BEL,wood,2045,incineration,0.64
C-WEU-BEL,wood,2045,landfilling,0.06
C-WEU-BEL,wood,2045,recycling,0.3
C-WEU-BEL,wood,2045,reuse,0
C-WEU-BEL,wood,2050,downcycling,0
C-WEU-BEL,wood,2050,incineration,0.64
C-WEU-BEL,wood,2050,landfilling,0.06
C-WEU-BEL,wood,2050,recycling,0.3
C-WEU-BEL,wood,2050,reuse,0
C-WEU-BEL,wood,2055,downcycling,0
C-WEU-BEL,wood,2055,incineration,0.64
C-WEU-BEL,wood,2055,landfilling,0.06
C-WEU-BEL,wood,2055,recycling,0.3
C-WEU-BEL,wood,2055,reuse,0
C-WEU-BEL,wood,2060,downcycling,0
C-WEU-BEL,wood,2060,incineration,0.64
C-WEU-BEL,wood,2060,landfilling,0.06
C-WEU-BEL,wood,2060,recycling,0.3
C-WEU-BEL,wood,2060,reuse,0
C-WEU-BEL,wood,2065,downcycling,0
C-WEU-BEL,wood,2065,incineration,0.64
C-WEU-BEL,wood,2065,landfilling,0.06
C-WEU-BEL,wood,2065,recycling,0.3
C-WEU-BEL,wood,2065,reuse,0
C-WEU-BEL,wood,2070,downcycling,0
C-WEU-BEL,wood,2070,incineration,0.64
C-WEU-BEL,wood,2070,landfilling,0.06
C-WEU-BEL,wood,2070,recycling,0.3
C-WEU-BEL,wood,2070,reuse,0
C-WEU-BEL,wood,2075,downcycling,0
C-WEU-BEL,wood,2075,incineration,0.64
C-WEU-BEL,wood,2075,landfilling,0.06
C-WEU-BEL,wood,2075,recycling,0.3
C-WEU-BEL,wood,2075,reuse,0
C-WEU-BEL,wood,2080,downcycling,0
C-WEU-BEL,wood,2080,incineration,0.64
C-WEU-BEL,wood,2080,landfilling,0.06
C-WEU-BEL,wood,2080,recycling,0.3
C-WEU-BEL,wood,2080,reuse,0
C-WEU-BEL,wood,2085,downcycling,0
C-WEU-BEL,wood,2085,incineration,0.64
C-WEU-BEL,wood,2085,landfilling,0.06
C-WEU-BEL,wood,2085,recycling,0.3
C-WEU-BEL,wood,2085,reuse,0
C-WEU-BEL,wood,2090,downcycling,0
C-WEU-BEL,wood,2090,incineration,0.64
C-WEU-BEL,wood,2090,landfilling,0.06
C-WEU-BEL,wood,2090,recycling,0.3
C-WEU-BEL,wood,2090,reuse,0
C-WEU-BEL,wood,2095,downcycling,0
C-WEU-BEL,wood,2095,incineration,0.64
C-WEU-BEL,wood,2095,landfilling,0.06
C-WEU-BEL,wood,2095,recycling,0.3
C-WEU-BEL,wood,2095,reuse,0
C-WEU-BEL,wood,2100,downcycling,0
C-WEU-BEL,wood,2100,incineration,0.64
C-WEU-BEL,wood,2100,landfilling,0.06
C-WEU-BEL,wood,2100,recycling,0.3
C-WEU-BEL,wood,2100,reuse,0
C-WEU-CYP,aluminum,2015,downcycling,0
C-WEU-CYP,aluminum,2015,incineration,4.4345923965620346e-5
C-WEU-CYP,aluminum,2015,landfilling,0.00200464066190462
C-WEU-CYP,aluminum,2015,recycling,0.9979510134141296
C-WEU-CYP,aluminum,2015,reuse,0
C-WEU-CYP,aluminum,2020,downcycling,0
C-WEU-CYP,aluminum,2020,incineration,4.4345923965620346e-5
C-WEU-CYP,aluminum,2020,landfilling,0.00200464066190462
C-WEU-CYP,aluminum,2020,recycling,0.9979510134141296
C-WEU-CYP,aluminum,2020,reuse,0
C-WEU-CYP,aluminum,2025,downcycling,0
C-WEU-CYP,aluminum,2025,incineration,4.4345923965620346e-5
C-WEU-CYP,aluminum,2025,landfilling,0.00200464066190462
C-WEU-CYP,aluminum,2025,recycling,0.9979510134141296
C-WEU-CYP,aluminum,2025,reuse,0
C-WEU-CYP,aluminum,2030,downcycling,0
C-WEU-CYP,aluminum,2030,incineration,4.4345923965620346e-5
C-WEU-CYP,aluminum,2030,landfilling,0.00200464066190462
C-WEU-CYP,aluminum,2030,recycling,0.9979510134141296
C-WEU-CYP,aluminum,2030,reuse,0
C-WEU-CYP,aluminum,2035,downcycling,0
C-WEU-CYP,aluminum,2035,incineration,4.4345923965620346e-5
C-WEU-CYP,aluminum,2035,landfilling,0.00200464066190462
C-WEU-CYP,aluminum,2035,recycling,0.9979510134141296
C-WEU-CYP,aluminum,2035,reuse,0
C-WEU-CYP,aluminum,2040,downcycling,0
C-WEU-CYP,aluminum,2040,incineration,4.4345923965620346e-5
C-WEU-CYP,aluminum,2040,landfilling,0.00200464066190462
C-WEU-CYP,aluminum,2040,recycling,0.9979510134141296
C-WEU-CYP,aluminum,2040,reuse,0
C-WEU-CYP,aluminum,2045,downcycling,0
C-WEU-CYP,aluminum,2045,incineration,4.4345923965620346e-5
C-WEU-CYP,aluminum,2045,landfilling,0.00200464066190462
C-WEU-CYP,aluminum,2045,recycling,0.9979510134141296
C-WEU-CYP,aluminum,2045,reuse,0
C-WEU-CYP,aluminum,2050,downcycling,0
C-WEU-CYP,aluminum,2050,incineration,4.4345923965620346e-5
C-WEU-CYP,aluminum,2050,landfilling,0.00200464066190462
C-WEU-CYP,aluminum,2050,recycling,0.9979510134141296
C-WEU-CYP,aluminum,2050,reuse,0
C-WEU-CYP,aluminum,2055,downcycling,0
C-WEU-CYP,aluminum,2055,incineration,4.4345923965620346e-5
C-WEU-CYP,aluminum,2055,landfilling,0.00200464066190462
C-WEU-CYP,aluminum,2055,recycling,0.9979510134141296
C-WEU-CYP,aluminum,2055,reuse,0
C-WEU-CYP,aluminum,2060,downcycling,0
C-WEU-CYP,aluminum,2060,incineration,4.4345923965620346e-5
C-WEU-CYP,aluminum,2060,landfilling,0.00200464066190462
C-WEU-CYP,aluminum,2060,recycling,0.9979510134141296
C-WEU-CYP,aluminum,2060,reuse,0
C-WEU-CYP,aluminum,2065,downcycling,0
C-WEU-CYP,aluminum,2065,incineration,4.4345923965620346e-5
C-WEU-CYP,aluminum,2065,landfilling,0.00200464066190462
C-WEU-CYP,aluminum,2065,recycling,0.9979510134141296
C-WEU-CYP,aluminum,2065,reuse,0
C-WEU-CYP,aluminum,2070,downcycling,0
C-WEU-CYP,aluminum,2070,incineration,4.4345923965620346e-5
C-WEU-CYP,aluminum,2070,landfilling,0.00200464066190462
C-WEU-CYP,aluminum,2070,recycling,0.9979510134141296
C-WEU-CYP,aluminum,2070,reuse,0
C-WEU-CYP,aluminum,2075,downcycling,0
C-WEU-CYP,aluminum,2075,incineration,4.4345923965620346e-5
C-WEU-CYP,aluminum,2075,landfilling,0.00200464066190462
C-WEU-CYP,aluminum,2075,recycling,0.9979510134141296
C-WEU-CYP,aluminum,2075,reuse,0
C-WEU-CYP,aluminum,2080,downcycling,0
C-WEU-CYP,aluminum,2080,incineration,4.4345923965620346e-5
C-WEU-CYP,aluminum,2080,landfilling,0.00200464066190462
C-WEU-CYP,aluminum,2080,recycling,0.9979510134141296
C-WEU-CYP,aluminum,2080,reuse,0
C-WEU-CYP,aluminum,2085,downcycling,0
C-WEU-CYP,aluminum,2085,incineration,4.4345923965620346e-5
C-WEU-CYP,aluminum,2085,landfilling,0.00200464066190462
C-WEU-CYP,aluminum,2085,recycling,0.9979510134141296
C-WEU-CYP,aluminum,2085,reuse,0
C-WEU-CYP,aluminum,2090,downcycling,0
C-WEU-CYP,aluminum,2090,incineration,4.4345923965620346e-5
C-WEU-CYP,aluminum,2090,landfilling,0.00200464066190462
C-WEU-CYP,aluminum,2090,recycling,0.9979510134141296
C-WEU-CYP,aluminum,2090,reuse,0
C-WEU-CYP,aluminum,2095,downcycling,0
C-WEU-CYP,aluminum,2095,incineration,4.4345923965620346e-5
C-WEU-CYP,aluminum,2095,landfilling,0.00200464066190462
C-WEU-CYP,aluminum,2095,recycling,0.9979510134141296
C-WEU-CYP,aluminum,2095,reuse,0
C-WEU-CYP,aluminum,2100,downcycling,0
C-WEU-CYP,aluminum,2100,incineration,4.4345923965620346e-5
C-WEU-CYP,aluminum,2100,landfilling,0.00200464066190462
C-WEU-CYP,aluminum,2100,recycling,0.9979510134141296
C-WEU-CYP,aluminum,2100,reuse,0
C-WEU-CYP,brick,2015,downcycling,0
C-WEU-CYP,brick,2015,incineration,0
C-WEU-CYP,brick,2015,landfilling,0.07738706197341813
C-WEU-CYP,brick,2015,recycling,0.9226129380265818
C-WEU-CYP,brick,2015,reuse,0
C-WEU-CYP,brick,2020,downcycling,0
C-WEU-CYP,brick,2020,incineration,0
C-WEU-CYP,brick,2020,landfilling,0.07738706197341813
C-WEU-CYP,brick,2020,recycling,0.9226129380265818
C-WEU-CYP,brick,2020,reuse,0
C-WEU-CYP,brick,2025,downcycling,0
C-WEU-CYP,brick,2025,incineration,0
C-WEU-CYP,brick,2025,landfilling,0.07738706197341813
C-WEU-CYP,brick,2025,recycling,0.9226129380265818
C-WEU-CYP,brick,2025,reuse,0
C-WEU-CYP,brick,2030,downcycling,0
C-WEU-CYP,brick,2030,incineration,0
C-WEU-CYP,brick,2030,landfilling,0.07738706197341813
C-WEU-CYP,brick,2030,recycling,0.9226129380265818
C-WEU-CYP,brick,2030,reuse,0
C-WEU-CYP,brick,2035,downcycling,0
C-WEU-CYP,brick,2035,incineration,0
C-WEU-CYP,brick,2035,landfilling,0.07738706197341813
C-WEU-CYP,brick,2035,recycling,0.9226129380265818
C-WEU-CYP,brick,2035,reuse,0
C-WEU-CYP,brick,2040,downcycling,0
C-WEU-CYP,brick,2040,incineration,0
C-WEU-CYP,brick,2040,landfilling,0.07738706197341813
C-WEU-CYP,brick,2040,recycling,0.9226129380265818
C-WEU-CYP,brick,2040,reuse,0
C-WEU-CYP,brick,2045,downcycling,0
C-WEU-CYP,brick,2045,incineration,0
C-WEU-CYP,brick,2045,landfilling,0.07738706197341813
C-WEU-CYP,brick,2045,recycling,0.9226129380265818
C-WEU-CYP,brick,2045,reuse,0
C-WEU-CYP,brick,2050,downcycling,0
C-WEU-CYP,brick,2050,incineration,0
C-WEU-CYP,brick,2050,landfilling,0.07738706197341813
C-WEU-CYP,brick,2050,recycling,0.9226129380265818
C-WEU-CYP,brick,2050,reuse,0
C-WEU-CYP,brick,2055,downcycling,0
C-WEU-CYP,brick,2055,incineration,0
C-WEU-CYP,brick,2055,landfilling,0.07738706197341813
C-WEU-CYP,brick,2055,recycling,0.9226129380265818
C-WEU-CYP,brick,2055,reuse,0
C-WEU-CYP,brick,2060,downcycling,0
C-WEU-CYP,brick,2060,incineration,0
C-WEU-CYP,brick,2060,landfilling,0.07738706197341813
C-WEU-CYP,brick,2060,recycling,0.9226129380265818
C-WEU-CYP,brick,2060,reuse,0
C-WEU-CYP,brick,2065,downcycling,0
C-WEU-CYP,brick,2065,incineration,0
C-WEU-CYP,brick,2065,landfilling,0.07738706197341813
C-WEU-CYP,brick,2065,recycling,0.9226129380265818
C-WEU-CYP,brick,2065,reuse,0
C-WEU-CYP,brick,2070,downcycling,0
C-WEU-CYP,brick,2070,incineration,0
C-WEU-CYP,brick,2070,landfilling,0.07738706197341813
C-WEU-CYP,brick,2070,recycling,0.9226129380265818
C-WEU-CYP,brick,2070,reuse,0
C-WEU-CYP,brick,2075,downcycling,0
C-WEU-CYP,brick,2075,incineration,0
C-WEU-CYP,brick,2075,landfilling,0.07738706197341813
C-WEU-CYP,brick,2075,recycling,0.9226129380265818
C-WEU-CYP,brick,2075,reuse,0
C-WEU-CYP,brick,2080,downcycling,0
C-WEU-CYP,brick,2080,incineration,0
C-WEU-CYP,brick,2080,landfilling,0.07738706197341813
C-WEU-CYP,brick,2080,recycling,0.9226129380265818
C-WEU-CYP,brick,2080,reuse,0
C-WEU-CYP,brick,2085,downcycling,0
C-WEU-CYP,brick,2085,incineration,0
C-WEU-CYP,brick,2085,landfilling,0.07738706197341813
C-WEU-CYP,brick,2085,recycling,0.9226129380265818
C-WEU-CYP,brick,2085,reuse,0
C-WEU-CYP,brick,2090,downcycling,0
C-WEU-CYP,brick,2090,incineration,0
C-WEU-CYP,brick,2090,landfilling,0.07738706197341813
C-WEU-CYP,brick,2090,recycling,0.9226129380265818
C-WEU-CYP,brick,2090,reuse,0
C-WEU-CYP,brick,2095,downcycling,0
C-WEU-CYP,brick,2095,incineration,0
C-WEU-CYP,brick,2095,landfilling,0.07738706197341813
C-WEU-CYP,brick,2095,recycling,0.9226129380265818
C-WEU-CYP,brick,2095,reuse,0
C-WEU-CYP,brick,2100,downcycling,0
C-WEU-CYP,brick,2100,incineration,0
C-WEU-CYP,brick,2100,landfilling,0.07738706197341813
C-WEU-CYP,brick,2100,recycling,0.9226129380265818
C-WEU-CYP,brick,2100,reuse,0
C-WEU-CYP,concrete,2015,downcycling,0
C-WEU-CYP,concrete,2015,incineration,0
C-WEU-CYP,concrete,2015,landfilling,0.07738706197341813
C-WEU-CYP,concrete,2015,recycling,0.9226129380265818
C-WEU-CYP,concrete,2015,reuse,0
C-WEU-CYP,concrete,2020,downcycling,0
C-WEU-CYP,concrete,2020,incineration,0
C-WEU-CYP,concrete,2020,landfilling,0.07738706197341813
C-WEU-CYP,concrete,2020,recycling,0.9226129380265818
C-WEU-CYP,concrete,2020,reuse,0
C-WEU-CYP,concrete,2025,downcycling,0
C-WEU-CYP,concrete,2025,incineration,0
C-WEU-CYP,concrete,2025,landfilling,0.07738706197341813
C-WEU-CYP,concrete,2025,recycling,0.9226129380265818
C-WEU-CYP,concrete,2025,reuse,0
C-WEU-CYP,concrete,2030,downcycling,0
C-WEU-CYP,concrete,2030,incineration,0
C-WEU-CYP,concrete,2030,landfilling,0.07738706197341813
C-WEU-CYP,concrete,2030,recycling,0.9226129380265818
C-WEU-CYP,concrete,2030,reuse,0
C-WEU-CYP,concrete,2035,downcycling,0
C-WEU-CYP,concrete,2035,incineration,0
C-WEU-CYP,concrete,2035,landfilling,0.07738706197341813
C-WEU-CYP,concrete,2035,recycling,0.9226129380265818
C-WEU-CYP,concrete,2035,reuse,0
C-WEU-CYP,concrete,2040,downcycling,0
C-WEU-CYP,concrete,2040,incineration,0
C-WEU-CYP,concrete,2040,landfilling,0.07738706197341813
C-WEU-CYP,concrete,2040,recycling,0.9226129380265818
C-WEU-CYP,concrete,2040,reuse,0
C-WEU-CYP,concrete,2045,downcycling,0
C-WEU-CYP,concrete,2045,incineration,0
C-WEU-CYP,concrete,2045,landfilling,0.07738706197341813
C-WEU-CYP,concrete,2045,recycling,0.9226129380265818
C-WEU-CYP,concrete,2045,reuse,0
C-WEU-CYP,concrete,2050,downcycling,0
C-WEU-CYP,concrete,2050,incineration,0
C-WEU-CYP,concrete,2050,landfilling,0.07738706197341813
C-WEU-CYP,concrete,2050,recycling,0.9226129380265818
C-WEU-CYP,concrete,2050,reuse,0
C-WEU-CYP,concrete,2055,downcycling,0
C-WEU-CYP,concrete,2055,incineration,0
C-WEU-CYP,concrete,2055,landfilling,0.07738706197341813
C-WEU-CYP,concrete,2055,recycling,0.9226129380265818
C-WEU-CYP,concrete,2055,reuse,0
C-WEU-CYP,concrete,2060,downcycling,0
C-WEU-CYP,concrete,2060,incineration,0
C-WEU-CYP,concrete,2060,landfilling,0.07738706197341813
C-WEU-CYP,concrete,2060,recycling,0.9226129380265818
C-WEU-CYP,concrete,2060,reuse,0
C-WEU-CYP,concrete,2065,downcycling,0
C-WEU-CYP,concrete,2065,incineration,0
C-WEU-CYP,concrete,2065,landfilling,0.07738706197341813
C-WEU-CYP,concrete,2065,recycling,0.9226129380265818
C-WEU-CYP,concrete,2065,reuse,0
C-WEU-CYP,concrete,2070,downcycling,0
C-WEU-CYP,concrete,2070,incineration,0
C-WEU-CYP,concrete,2070,landfilling,0.07738706197341813
C-WEU-CYP,concrete,2070,recycling,0.9226129380265818
C-WEU-CYP,concrete,2070,reuse,0
C-WEU-CYP,concrete,2075,downcycling,0
C-WEU-CYP,concrete,2075,incineration,0
C-WEU-CYP,concrete,2075,landfilling,0.07738706197341813
C-WEU-CYP,concrete,2075,recycling,0.9226129380265818
C-WEU-CYP,concrete,2075,reuse,0
C-WEU-CYP,concrete,2080,downcycling,0
C-WEU-CYP,concrete,2080,incineration,0
C-WEU-CYP,concrete,2080,landfilling,0.07738706197341813
C-WEU-CYP,concrete,2080,recycling,0.9226129380265818
C-WEU-CYP,concrete,2080,reuse,0
C-WEU-CYP,concrete,2085,downcycling,0
C-WEU-CYP,concrete,2085,incineration,0
C-WEU-CYP,concrete,2085,landfilling,0.07738706197341813
C-WEU-CYP,concrete,2085,recycling,0.9226129380265818
C-WEU-CYP,concrete,2085,reuse,0
C-WEU-CYP,concrete,2090,downcycling,0
C-WEU-CYP,concrete,2090,incineration,0
C-WEU-CYP,concrete,2090,landfilling,0.07738706197341813
C-WEU-CYP,concrete,2090,recycling,0.9226129380265818
C-WEU-CYP,concrete,2090,reuse,0
C-WEU-CYP,concrete,2095,downcycling,0
C-WEU-CYP,concrete,2095,incineration,0
C-WEU-CYP,concrete,2095,landfilling,0.07738706197341813
C-WEU-CYP,concrete,2095,recycling,0.9226129380265818
C-WEU-CYP,concrete,2095,reuse,0
C-WEU-CYP,concrete,2100,downcycling,0
C-WEU-CYP,concrete,2100,incineration,0
C-WEU-CYP,concrete,2100,landfilling,0.07738706197341813
C-WEU-CYP,concrete,2100,recycling,0.9226129380265818
C-WEU-CYP,concrete,2100,reuse,0
C-WEU-CYP,copper,2015,downcycling,0
C-WEU-CYP,copper,2015,incineration,4.4345923965620346e-5
C-WEU-CYP,copper,2015,landfilling,0.00200464066190462
C-WEU-CYP,copper,2015,recycling,0.9979510134141296
C-WEU-CYP,copper,2015,reuse,0
C-WEU-CYP,copper,2020,downcycling,0
C-WEU-CYP,copper,2020,incineration,4.4345923965620346e-5
C-WEU-CYP,copper,2020,landfilling,0.00200464066190462
C-WEU-CYP,copper,2020,recycling,0.9979510134141296
C-WEU-CYP,copper,2020,reuse,0
C-WEU-CYP,copper,2025,downcycling,0
C-WEU-CYP,copper,2025,incineration,4.4345923965620346e-5
C-WEU-CYP,copper,2025,landfilling,0.00200464066190462
C-WEU-CYP,copper,2025,recycling,0.9979510134141296
C-WEU-CYP,copper,2025,reuse,0
C-WEU-CYP,copper,2030,downcycling,0
C-WEU-CYP,copper,2030,incineration,4.4345923965620346e-5
C-WEU-CYP,copper,2030,landfilling,0.00200464066190462
C-WEU-CYP,copper,2030,recycling,0.9979510134141296
C-WEU-CYP,copper,2030,reuse,0
C-WEU-CYP,copper,2035,downcycling,0
C-WEU-CYP,copper,2035,incineration,4.4345923965620346e-5
C-WEU-CYP,copper,2035,landfilling,0.00200464066190462
C-WEU-CYP,copper,2035,recycling,0.9979510134141296
C-WEU-CYP,copper,2035,reuse,0
C-WEU-CYP,copper,2040,downcycling,0
C-WEU-CYP,copper,2040,incineration,4.4345923965620346e-5
C-WEU-CYP,copper,2040,landfilling,0.00200464066190462
C-WEU-CYP,copper,2040,recycling,0.9979510134141296
C-WEU-CYP,copper,2040,reuse,0
C-WEU-CYP,copper,2045,downcycling,0
C-WEU-CYP,copper,2045,incineration,4.4345923965620346e-5
C-WEU-CYP,copper,2045,landfilling,0.00200464066190462
C-WEU-CYP,copper,2045,recycling,0.9979510134141296
C-WEU-CYP,copper,2045,reuse,0
C-WEU-CYP,copper,2050,downcycling,0
C-WEU-CYP,copper,2050,incineration,4.4345923965620346e-5
C-WEU-CYP,copper,2050,landfilling,0.00200464066190462
C-WEU-CYP,copper,2050,recycling,0.9979510134141296
C-WEU-CYP,copper,2050,reuse,0
C-WEU-CYP,copper,2055,downcycling,0
C-WEU-CYP,copper,2055,incineration,4.4345923965620346e-5
C-WEU-CYP,copper,2055,landfilling,0.00200464066190462
C-WEU-CYP,copper,2055,recycling,0.9979510134141296
C-WEU-CYP,copper,2055,reuse,0
C-WEU-CYP,copper,2060,downcycling,0
C-WEU-CYP,copper,2060,incineration,4.4345923965620346e-5
C-WEU-CYP,copper,2060,landfilling,0.00200464066190462
C-WEU-CYP,copper,2060,recycling,0.9979510134141296
C-WEU-CYP,copper,2060,reuse,0
C-WEU-CYP,copper,2065,downcycling,0
C-WEU-CYP,copper,2065,incineration,4.4345923965620346e-5
C-WEU-CYP,copper,2065,landfilling,0.00200464066190462
C-WEU-CYP,copper,2065,recycling,0.9979510134141296
C-WEU-CYP,copper,2065,reuse,0
C-WEU-CYP,copper,2070,downcycling,0
C-WEU-CYP,copper,2070,incineration,4.4345923965620346e-5
C-WEU-CYP,copper,2070,landfilling,0.00200464066190462
C-WEU-CYP,copper,2070,recycling,0.9979510134141296
C-WEU-CYP,copper,2070,reuse,0
C-WEU-CYP,copper,2075,downcycling,0
C-WEU-CYP,copper,2075,incineration,4.4345923965620346e-5
C-WEU-CYP,copper,2075,landfilling,0.00200464066190462
C-WEU-CYP,copper,2075,recycling,0.9979510134141296
C-WEU-CYP,copper,2075,reuse,0
C-WEU-CYP,copper,2080,downcycling,0
C-WEU-CYP,copper,2080,incineration,4.4345923965620346e-5
C-WEU-CYP,copper,2080,landfilling,0.00200464066190462
C-WEU-CYP,copper,2080,recycling,0.9979510134141296
C-WEU-CYP,copper,2080,reuse,0
C-WEU-CYP,copper,2085,downcycling,0
C-WEU-CYP,copper,2085,incineration,4.4345923965620346e-5
C-WEU-CYP,copper,2085,landfilling,0.00200464066190462
C-WEU-CYP,copper,2085,recycling,0.9979510134141296
C-WEU-CYP,copper,2085,reuse,0
C-WEU-CYP,copper,2090,downcycling,0
C-WEU-CYP,copper,2090,incineration,4.4345923965620346e-5
C-WEU-CYP,copper,2090,landfilling,0.00200464066190462
C-WEU-CYP,copper,2090,recycling,0.9979510134141296
C-WEU-CYP,copper,2090,reuse,0
C-WEU-CYP,copper,2095,downcycling,0
C-WEU-CYP,copper,2095,incineration,4.4345923965620346e-5
C-WEU-CYP,copper,2095,landfilling,0.00200464066190462
C-WEU-CYP,copper,2095,recycling,0.9979510134141296
C-WEU-CYP,copper,2095,reuse,0
C-WEU-CYP,copper,2100,downcycling,0
C-WEU-CYP,copper,2100,incineration,4.4345923965620346e-5
C-WEU-CYP,copper,2100,landfilling,0.00200464066190462
C-WEU-CYP,copper,2100,recycling,0.9979510134141296
C-WEU-CYP,copper,2100,reuse,0
C-WEU-CYP,glass,2015,downcycling,0.24
C-WEU-CYP,glass,2015,incineration,0
C-WEU-CYP,glass,2015,landfilling,0.7
C-WEU-CYP,glass,2015,recycling,0.06
C-WEU-CYP,glass,2015,reuse,0
C-WEU-CYP,glass,2020,downcycling,0.24
C-WEU-CYP,glass,2020,incineration,0
C-WEU-CYP,glass,2020,landfilling,0.7
C-WEU-CYP,glass,2020,recycling,0.06
C-WEU-CYP,glass,2020,reuse,0
C-WEU-CYP,glass,2025,downcycling,0.24
C-WEU-CYP,glass,2025,incineration,0
C-WEU-CYP,glass,2025,landfilling,0.7
C-WEU-CYP,glass,2025,recycling,0.06
C-WEU-CYP,glass,2025,reuse,0
C-WEU-CYP,glass,2030,downcycling,0.24
C-WEU-CYP,glass,2030,incineration,0
C-WEU-CYP,glass,2030,landfilling,0.7
C-WEU-CYP,glass,2030,recycling,0.06
C-WEU-CYP,glass,2030,reuse,0
C-WEU-CYP,glass,2035,downcycling,0.24
C-WEU-CYP,glass,2035,incineration,0
C-WEU-CYP,glass,2035,landfilling,0.7
C-WEU-CYP,glass,2035,recycling,0.06
C-WEU-CYP,glass,2035,reuse,0
C-WEU-CYP,glass,2040,downcycling,0.24
C-WEU-CYP,glass,2040,incineration,0
C-WEU-CYP,glass,2040,landfilling,0.7
C-WEU-CYP,glass,2040,recycling,0.06
C-WEU-CYP,glass,2040,reuse,0
C-WEU-CYP,glass,2045,downcycling,0.24
C-WEU-CYP,glass,2045,incineration,0
C-WEU-CYP,glass,2045,landfilling,0.7
C-WEU-CYP,glass,2045,recycling,0.06
C-WEU-CYP,glass,2045,reuse,0
C-WEU-CYP,glass,2050,downcycling,0.24
C-WEU-CYP,glass,2050,incineration,0
C-WEU-CYP,glass,2050,landfilling,0.7
C-WEU-CYP,glass,2050,recycling,0.06
C-WEU-CYP,glass,2050,reuse,0
C-WEU-CYP,glass,2055,downcycling,0.24
C-WEU-CYP,glass,2055,incineration,0
C-WEU-CYP,glass,2055,landfilling,0.7
C-WEU-CYP,glass,2055,recycling,0.06
C-WEU-CYP,glass,2055,reuse,0
C-WEU-CYP,glass,2060,downcycling,0.24
C-WEU-CYP,glass,2060,incineration,0
C-WEU-CYP,glass,2060,landfilling,0.7
C-WEU-CYP,glass,2060,recycling,0.06
C-WEU-CYP,glass,2060,reuse,0
C-WEU-CYP,glass,2065,downcycling,0.24
C-WEU-CYP,glass,2065,incineration,0
C-WEU-CYP,glass,2065,landfilling,0.7
C-WEU-CYP,glass,2065,recycling,0.06
C-WEU-CYP,glass,2065,reuse,0
C-WEU-CYP,glass,2070,downcycling,0.24
C-WEU-CYP,glass,2070,incineration,0
C-WEU-CYP,glass,2070,landfilling,0.7
C-WEU-CYP,glass,2070,recycling,0.06
C-WEU-CYP,glass,2070,reuse,0
C-WEU-CYP,glass,2075,downcycling,0.24
C-WEU-CYP,glass,2075,incineration,0
C-WEU-CYP,glass,2075,landfilling,0.7
C-WEU-CYP,glass,2075,recycling,0.06
C-WEU-CYP,glass,2075,reuse,0
C-WEU-CYP,glass,2080,downcycling,0.24
C-WEU-CYP,glass,2080,incineration,0
C-WEU-CYP,glass,2080,landfilling,0.7
C-WEU-CYP,glass,2080,recycling,0.06
C-WEU-CYP,glass,2080,reuse,0
C-WEU-CYP,glass,2085,downcycling,0.24
C-WEU-CYP,glass,2085,incineration,0
C-WEU-CYP,glass,2085,landfilling,0.7
C-WEU-CYP,glass,2085,recycling,0.06
C-WEU-CYP,glass,2085,reuse,0
C-WEU-CYP,glass,2090,downcycling,0.24
C-WEU-CYP,glass,2090,incineration,0
C-WEU-CYP,glass,2090,landfilling,0.7
C-WEU-CYP,glass,2090,recycling,0.06
C-WEU-CYP,glass,2090,reuse,0
C-WEU-CYP,glass,2095,downcycling,0.24
C-WEU-CYP,glass,2095,incineration,0
C-WEU-CYP,glass,2095,landfilling,0.7
C-WEU-CYP,glass,2095,recycling,0.06
C-WEU-CYP,glass,2095,reuse,0
C-WEU-CYP,glass,2100,downcycling,0.24
C-WEU-CYP,glass,2100,incineration,0
C-WEU-CYP,glass,2100,landfilling,0.7
C-WEU-CYP,glass,2100,recycling,0.06
C-WEU-CYP,glass,2100,reuse,0
C-WEU-CYP,steel,2015,downcycling,2.137372713868574e-7
C-WEU-CYP,steel,2015,incineration,0.00251187927466041
C-WEU-CYP,steel,2015,landfilling,9.988136998518198e-4
C-WEU-CYP,steel,2015,recycling,0.9964890932882164
C-WEU-CYP,steel,2015,reuse,0
C-WEU-CYP,steel,2020,downcycling,2.137372713868574e-7
C-WEU-CYP,steel,2020,incineration,0.00251187927466041
C-WEU-CYP,steel,2020,landfilling,9.988136998518198e-4
C-WEU-CYP,steel,2020,recycling,0.9964890932882164
C-WEU-CYP,steel,2020,reuse,0
C-WEU-CYP,steel,2025,downcycling,2.137372713868574e-7
C-WEU-CYP,steel,2025,incineration,0.00251187927466041
C-WEU-CYP,steel,2025,landfilling,9.988136998518198e-4
C-WEU-CYP,steel,2025,recycling,0.9964890932882164
C-WEU-CYP,steel,2025,reuse,0
C-WEU-CYP,steel,2030,downcycling,2.137372713868574e-7
C-WEU-CYP,steel,2030,incineration,0.00251187927466041
C-WEU-CYP,steel,2030,landfilling,9.988136998518198e-4
C-WEU-CYP,steel,2030,recycling,0.9964890932882164
C-WEU-CYP,steel,2030,reuse,0
C-WEU-CYP,steel,2035,downcycling,2.137372713868574e-7
C-WEU-CYP,steel,2035,incineration,0.00251187927466041
C-WEU-CYP,steel,2035,landfilling,9.988136998518198e-4
C-WEU-CYP,steel,2035,recycling,0.9964890932882164
C-WEU-CYP,steel,2035,reuse,0
C-WEU-CYP,steel,2040,downcycling,2.137372713868574e-7
C-WEU-CYP,steel,2040,incineration,0.00251187927466041
C-WEU-CYP,steel,2040,landfilling,9.988136998518198e-4
C-WEU-CYP,steel,2040,recycling,0.9964890932882164
C-WEU-CYP,steel,2040,reuse,0
C-WEU-CYP,steel,2045,downcycling,2.137372713868574e-7
C-WEU-CYP,steel,2045,incineration,0.00251187927466041
C-WEU-CYP,steel,2045,landfilling,9.988136998518198e-4
C-WEU-CYP,steel,2045,recycling,0.9964890932882164
C-WEU-CYP,steel,2045,reuse,0
C-WEU-CYP,steel,2050,downcycling,2.137372713868574e-7
C-WEU-CYP,steel,2050,incineration,0.00251187927466041
C-WEU-CYP,steel,2050,landfilling,9.988136998518198e-4
C-WEU-CYP,steel,2050,recycling,0.9964890932882164
C-WEU-CYP,steel,2050,reuse,0
C-WEU-CYP,steel,2055,downcycling,2.137372713868574e-7
C-WEU-CYP,steel,2055,incineration,0.00251187927466041
C-WEU-CYP,steel,2055,landfilling,9.988136998518198e-4
C-WEU-CYP,steel,2055,recycling,0.9964890932882164
C-WEU-CYP,steel,2055,reuse,0
C-WEU-CYP,steel,2060,downcycling,2.137372713868574e-7
C-WEU-CYP,steel,2060,incineration,0.00251187927466041
C-WEU-CYP,steel,2060,landfilling,9.988136998518198e-4
C-WEU-CYP,steel,2060,recycling,0.9964890932882164
C-WEU-CYP,steel,2060,reuse,0
C-WEU-CYP,steel,2065,downcycling,2.137372713868574e-7
C-WEU-CYP,steel,2065,incineration,0.00251187927466041
C-WEU-CYP,steel,2065,landfilling,9.988136998518198e-4
C-WEU-CYP,steel,2065,recycling,0.9964890932882164
C-WEU-CYP,steel,2065,reuse,0
C-WEU-CYP,steel,2070,downcycling,2.137372713868574e-7
C-WEU-CYP,steel,2070,incineration,0.00251187927466041
C-WEU-CYP,steel,2070,landfilling,9.988136998518198e-4
C-WEU-CYP,steel,2070,recycling,0.9964890932882164
C-WEU-CYP,steel,2070,reuse,0
C-WEU-CYP,steel,2075,downcycling,2.137372713868574e-7
C-WEU-CYP,steel,2075,incineration,0.00251187927466041
C-WEU-CYP,steel,2075,landfilling,9.988136998518198e-4
C-WEU-CYP,steel,2075,recycling,0.9964890932882164
C-WEU-CYP,steel,2075,reuse,0
C-WEU-CYP,steel,2080,downcycling,2.137372713868574e-7
C-WEU-CYP,steel,2080,incineration,0.00251187927466041
C-WEU-CYP,steel,2080,landfilling,9.988136998518198e-4
C-WEU-CYP,steel,2080,recycling,0.9964890932882164
C-WEU-CYP,steel,2080,reuse,0
C-WEU-CYP,steel,2085,downcycling,2.137372713868574e-7
C-WEU-CYP,steel,2085,incineration,0.00251187927466041
C-WEU-CYP,steel,2085,landfilling,9.988136998518198e-4
C-WEU-CYP,steel,2085,recycling,0.9964890932882164
C-WEU-CYP,steel,2085,reuse,0
C-WEU-CYP,steel,2090,downcycling,2.137372713868574e-7
C-WEU-CYP,steel,2090,incineration,0.00251187927466041
C-WEU-CYP,steel,2090,landfilling,9.988136998518198e-4
C-WEU-CYP,steel,2090,recycling,0.9964890932882164
C-WEU-CYP,steel,2090,reuse,0
C-WEU-CYP,steel,2095,downcycling,2.137372713868574e-7
C-WEU-CYP,steel,2095,incineration,0.00251187927466041
C-WEU-CYP,steel,2095,landfilling,9.988136998518198e-4
C-WEU-CYP,steel,2095,recycling,0.9964890932882164
C-WEU-CYP,steel,2095,reuse,0
C-WEU-CYP,steel,2100,downcycling,2.137372713868574e-7
C-WEU-CYP,steel,2100,incineration,0.00251187927466041
C-WEU-CYP,steel,2100,landfilling,9.988136998518198e-4
C-WEU-CYP,steel,2100,recycling,0.9964890932882164
C-WEU-CYP,steel,2100,reuse,0
C-WEU-CYP,wood,2015,downcycling,0
C-WEU-CYP,wood,2015,incineration,0.64
C-WEU-CYP,wood,2015,landfilling,0.06
C-WEU-CYP,wood,2015,recycling,0.3
C-WEU-CYP,wood,2015,reuse,0
C-WEU-CYP,wood,2020,downcycling,0
C-WEU-CYP,wood,2020,incineration,0.64
C-WEU-CYP,wood,2020,landfilling,0.06
C-WEU-CYP,wood,2020,recycling,0.3
C-WEU-CYP,wood,2020,reuse,0
C-WEU-CYP,wood,2025,downcycling,0
C-WEU-CYP,wood,2025,incineration,0.64
C-WEU-CYP,wood,2025,landfilling,0.06
C-WEU-CYP,wood,2025,recycling,0.3
C-WEU-CYP,wood,2025,reuse,0
C-WEU-CYP,wood,2030,downcycling,0
C-WEU-CYP,wood,2030,incineration,0.64
C-WEU-CYP,wood,2030,landfilling,0.06
C-WEU-CYP,wood,2030,recycling,0.3
C-WEU-CYP,wood,2030,reuse,0
C-WEU-CYP,wood,2035,downcycling,0
C-WEU-CYP,wood,2035,incineration,0.64
C-WEU-CYP,wood,2035,landfilling,0.06
C-WEU-CYP,wood,2035,recycling,0.3
C-WEU-CYP,wood,2035,reuse,0
C-WEU-CYP,wood,2040,downcycling,0
C-WEU-CYP,wood,2040,incineration,0.64
C-WEU-CYP,wood,2040,landfilling,0.06
C-WEU-CYP,wood,2040,recycling,0.3
C-WEU-CYP,wood,2040,reuse,0
C-WEU-CYP,wood,2045,downcycling,0
C-WEU-CYP,wood,2045,incineration,0.64
C-WEU-CYP,wood,2045,landfilling,0.06
C-WEU-CYP,wood,2045,recycling,0.3
C-WEU-CYP,wood,2045,reuse,0
C-WEU-CYP,wood,2050,downcycling,0
C-WEU-CYP,wood,2050,incineration,0.64
C-WEU-CYP,wood,2050,landfilling,0.06
C-WEU-CYP,wood,2050,recycling,0.3
C-WEU-CYP,wood,2050,reuse,0
C-WEU-CYP,wood,2055,downcycling,0
C-WEU-CYP,wood,2055,incineration,0.64
C-WEU-CYP,wood,2055,landfilling,0.06
C-WEU-CYP,wood,2055,recycling,0.3
C-WEU-CYP,wood,2055,reuse,0
C-WEU-CYP,wood,2060,downcycling,0
C-WEU-CYP,wood,2060,incineration,0.64
C-WEU-CYP,wood,2060,landfilling,0.06
C-WEU-CYP,wood,2060,recycling,0.3
C-WEU-CYP,wood,2060,reuse,0
C-WEU-CYP,wood,2065,downcycling,0
C-WEU-CYP,wood,2065,incineration,0.64
C-WEU-CYP,wood,2065,landfilling,0.06
C-WEU-CYP,wood,2065,recycling,0.3
C-WEU-CYP,wood,2065,reuse,0
C-WEU-CYP,wood,2070,downcycling,0
C-WEU-CYP,wood,2070,incineration,0.64
C-WEU-CYP,wood,2070,landfilling,0.06
C-WEU-CYP,wood,2070,recycling,0.3
C-WEU-CYP,wood,2070,reuse,0
C-WEU-CYP,wood,2075,downcycling,0
C-WEU-CYP,wood,2075,incineration,0.64
C-WEU-CYP,wood,2075,landfilling,0.06
C-WEU-CYP,wood,2075,recycling,0.3
C-WEU-CYP,wood,2075,reuse,0
C-WEU-CYP,wood,2080,downcycling,0
C-WEU-CYP,wood,2080,incineration,0.64
C-WEU-CYP,wood,2080,landfilling,0.06
C-WEU-CYP,wood,2080,recycling,0.3
C-WEU-CYP,wood,2080,reuse,0
C-WEU-CYP,wood,2085,downcycling,0
C-WEU-CYP,wood,2085,incineration,0.64
C-WEU-CYP,wood,2085,landfilling,0.06
C-WEU-CYP,wood,2085,recycling,0.3
C-WEU-CYP,wood,2085,reuse,0
C-WEU-CYP,wood,2090,downcycling,0
C-WEU-CYP,wood,2090,incineration,0.64
C-WEU-CYP,wood,2090,landfilling,0.06
C-WEU-CYP,wood,2090,recycling,0.3
C-WEU-CYP,wood,2090,reuse,0
C-WEU-CYP,wood,2095,downcycling,0
C-WEU-CYP,wood,2095,incineration,0.64
C-WEU-CYP,wood,2095,landfilling,0.06
C-WEU-CYP,wood,2095,recycling,0.3
C-WEU-CYP,wood,2095,reuse,0
C-WEU-CYP,wood,2100,downcycling,0
C-WEU-CYP,wood,2100,incineration,0.64
C-WEU-CYP,wood,2100,landfilling,0.06
C-WEU-CYP,wood,2100,recycling,0.3
C-WEU-CYP,wood,2100,reuse,0
C-WEU-DEU,aluminum,2015,downcycling,0
C-WEU-DEU,aluminum,2015,incineration,9.21227282340592e-5
C-WEU-DEU,aluminum,2015,landfilling,4.826711958178876e-4
C-WEU-DEU,aluminum,2015,recycling,0.999425206075948
C-WEU-DEU,aluminum,2015,reuse,0
C-WEU-DEU,aluminum,2020,downcycling,0
C-WEU-DEU,aluminum,2020,incineration,9.21227282340592e-5
C-WEU-DEU,aluminum,2020,landfilling,4.826711958178876e-4
C-WEU-DEU,aluminum,2020,recycling,0.999425206075948
C-WEU-DEU,aluminum,2020,reuse,0
C-WEU-DEU,aluminum,2025,downcycling,0
C-WEU-DEU,aluminum,2025,incineration,9.21227282340592e-5
C-WEU-DEU,aluminum,2025,landfilling,4.826711958178876e-4
C-WEU-DEU,aluminum,2025,recycling,0.999425206075948
C-WEU-DEU,aluminum,2025,reuse,0
C-WEU-DEU,aluminum,2030,downcycling,0
C-WEU-DEU,aluminum,2030,incineration,9.21227282340592e-5
C-WEU-DEU,aluminum,2030,landfilling,4.826711958178876e-4
C-WEU-DEU,aluminum,2030,recycling,0.999425206075948
C-WEU-DEU,aluminum,2030,reuse,0
C-WEU-DEU,aluminum,2035,downcycling,0
C-WEU-DEU,aluminum,2035,incineration,9.21227282340592e-5
C-WEU-DEU,aluminum,2035,landfilling,4.826711958178876e-4
C-WEU-DEU,aluminum,2035,recycling,0.999425206075948
C-WEU-DEU,aluminum,2035,reuse,0
C-WEU-DEU,aluminum,2040,downcycling,0
C-WEU-DEU,aluminum,2040,incineration,9.21227282340592e-5
C-WEU-DEU,aluminum,2040,landfilling,4.826711958178876e-4
C-WEU-DEU,aluminum,2040,recycling,0.999425206075948
C-WEU-DEU,aluminum,2040,reuse,0
C-WEU-DEU,aluminum,2045,downcycling,0
C-WEU-DEU,aluminum,2045,incineration,9.21227282340592e-5
C-WEU-DEU,aluminum,2045,landfilling,4.826711958178876e-4
C-WEU-DEU,aluminum,2045,recycling,0.999425206075948
C-WEU-DEU,aluminum,2045,reuse,0
C-WEU-DEU,aluminum,2050,downcycling,0
C-WEU-DEU,aluminum,2050,incineration,9.21227282340592e-5
C-WEU-DEU,aluminum,2050,landfilling,4.826711958178876e-4
C-WEU-DEU,aluminum,2050,recycling,0.999425206075948
C-WEU-DEU,aluminum,2050,reuse,0
C-WEU-DEU,aluminum,2055,downcycling,0
C-WEU-DEU,aluminum,2055,incineration,9.21227282340592e-5
C-WEU-DEU,aluminum,2055,landfilling,4.826711958178876e-4
C-WEU-DEU,aluminum,2055,recycling,0.999425206075948
C-WEU-DEU,aluminum,2055,reuse,0
C-WEU-DEU,aluminum,2060,downcycling,0
C-WEU-DEU,aluminum,2060,incineration,9.21227282340592e-5
C-WEU-DEU,aluminum,2060,landfilling,4.826711958178876e-4
C-WEU-DEU,aluminum,2060,recycling,0.999425206075948
C-WEU-DEU,aluminum,2060,reuse,0
C-WEU-DEU,aluminum,2065,downcycling,0
C-WEU-DEU,aluminum,2065,incineration,9.21227282340592e-5
C-WEU-DEU,aluminum,2065,landfilling,4.826711958178876e-4
C-WEU-DEU,aluminum,2065,recycling,0.999425206075948
C-WEU-DEU,aluminum,2065,reuse,0
C-WEU-DEU,aluminum,2070,downcycling,0
C-WEU-DEU,aluminum,2070,incineration,9.21227282340592e-5
C-WEU-DEU,aluminum,2070,landfilling,4.826711958178876e-4
C-WEU-DEU,aluminum,2070,recycling,0.999425206075948
C-WEU-DEU,aluminum,2070,reuse,0
C-WEU-DEU,aluminum,2075,downcycling,0
C-WEU-DEU,aluminum,2075,incineration,9.21227282340592e-5
C-WEU-DEU,aluminum,2075,landfilling,4.826711958178876e-4
C-WEU-DEU,aluminum,2075,recycling,0.999425206075948
C-WEU-DEU,aluminum,2075,reuse,0
C-WEU-DEU,aluminum,2080,downcycling,0
C-WEU-DEU,aluminum,2080,incineration,9.21227282340592e-5
C-WEU-DEU,aluminum,2080,landfilling,4.826711958178876e-4
C-WEU-DEU,aluminum,2080,recycling,0.999425206075948
C-WEU-DEU,aluminum,2080,reuse,0
C-WEU-DEU,aluminum,2085,downcycling,0
C-WEU-DEU,aluminum,2085,incineration,9.21227282340592e-5
C-WEU-DEU,aluminum,2085,landfilling,4.826711958178876e-4
C-WEU-DEU,aluminum,2085,recycling,0.999425206075948
C-WEU-DEU,aluminum,2085,reuse,0
C-WEU-DEU,aluminum,2090,downcycling,0
C-WEU-DEU,aluminum,2090,incineration,9.21227282340592e-5
C-WEU-DEU,aluminum,2090,landfilling,4.826711958178876e-4
C-WEU-DEU,aluminum,2090,recycling,0.999425206075948
C-WEU-DEU,aluminum,2090,reuse,0
C-WEU-DEU,aluminum,2095,downcycling,0
C-WEU-DEU,aluminum,2095,incineration,9.21227282340592e-5
C-WEU-DEU,aluminum,2095,landfilling,4.826711958178876e-4
C-WEU-DEU,aluminum,2095,recycling,0.999425206075948
C-WEU-DEU,aluminum,2095,reuse,0
C-WEU-DEU,aluminum,2100,downcycling,0
C-WEU-DEU,aluminum,2100,incineration,9.21227282340592e-5
C-WEU-DEU,aluminum,2100,landfilling,4.826711958178876e-4
C-WEU-DEU,aluminum,2100,recycling,0.999425206075948
C-WEU-DEU,aluminum,2100,reuse,0
C-WEU-DEU,brick,2015,downcycling,0.05843675610786603
C-WEU-DEU,brick,2015,incineration,0
C-WEU-DEU,brick,2015,landfilling,0.06765241246322909
C-WEU-DEU,brick,2015,recycling,0.8739108314289048
C-WEU-DEU,brick,2015,reuse,0
C-WEU-DEU,brick,2020,downcycling,0.05843675610786603
C-WEU-DEU,brick,2020,incineration,0
C-WEU-DEU,brick,2020,landfilling,0.06765241246322909
C-WEU-DEU,brick,2020,recycling,0.8739108314289048
C-WEU-DEU,brick,2020,reuse,0
C-WEU-DEU,brick,2025,downcycling,0.05843675610786603
C-WEU-DEU,brick,2025,incineration,0
C-WEU-DEU,brick,2025,landfilling,0.06765241246322909
C-WEU-DEU,brick,2025,recycling,0.8739108314289048
C-WEU-DEU,brick,2025,reuse,0
C-WEU-DEU,brick,2030,downcycling,0.05843675610786603
C-WEU-DEU,brick,2030,incineration,0
C-WEU-DEU,brick,2030,landfilling,0.06765241246322909
C-WEU-DEU,brick,2030,recycling,0.8739108314289048
C-WEU-DEU,brick,2030,reuse,0
C-WEU-DEU,brick,2035,downcycling,0.05843675610786603
C-WEU-DEU,brick,2035,incineration,0
C-WEU-DEU,brick,2035,landfilling,0.06765241246322909
C-WEU-DEU,brick,2035,recycling,0.8739108314289048
C-WEU-DEU,brick,2035,reuse,0
C-WEU-DEU,brick,2040,downcycling,0.05843675610786603
C-WEU-DEU,brick,2040,incineration,0
C-WEU-DEU,brick,2040,landfilling,0.06765241246322909
C-WEU-DEU,brick,2040,recycling,0.8739108314289048
C-WEU-DEU,brick,2040,reuse,0
C-WEU-DEU,brick,2045,downcycling,0.05843675610786603
C-WEU-DEU,brick,2045,incineration,0
C-WEU-DEU,brick,2045,landfilling,0.06765241246322909
C-WEU-DEU,brick,2045,recycling,0.8739108314289048
C-WEU-DEU,brick,2045,reuse,0
C-WEU-DEU,brick,2050,downcycling,0.05843675610786603
C-WEU-DEU,brick,2050,incineration,0
C-WEU-DEU,brick,2050,landfilling,0.06765241246322909
C-WEU-DEU,brick,2050,recycling,0.8739108314289048
C-WEU-DEU,brick,2050,reuse,0
C-WEU-DEU,brick,2055,downcycling,0.05843675610786603
C-WEU-DEU,brick,2055,incineration,0
C-WEU-DEU,brick,2055,landfilling,0.06765241246322909
C-WEU-DEU,brick,2055,recycling,0.8739108314289048
C-WEU-DEU,brick,2055,reuse,0
C-WEU-DEU,brick,2060,downcycling,0.05843675610786603
C-WEU-DEU,brick,2060,incineration,0
C-WEU-DEU,brick,2060,landfilling,0.06765241246322909
C-WEU-DEU,brick,2060,recycling,0.8739108314289048
C-WEU-DEU,brick,2060,reuse,0
C-WEU-DEU,brick,2065,downcycling,0.05843675610786603
C-WEU-DEU,brick,2065,incineration,0
C-WEU-DEU,brick,2065,landfilling,0.06765241246322909
C-WEU-DEU,brick,2065,recycling,0.8739108314289048
C-WEU-DEU,brick,2065,reuse,0
C-WEU-DEU,brick,2070,downcycling,0.05843675610786603
C-WEU-DEU,brick,2070,incineration,0
C-WEU-DEU,brick,2070,landfilling,0.06765241246322909
C-WEU-DEU,brick,2070,recycling,0.8739108314289048
C-WEU-DEU,brick,2070,reuse,0
C-WEU-DEU,brick,2075,downcycling,0.05843675610786603
C-WEU-DEU,brick,2075,incineration,0
C-WEU-DEU,brick,2075,landfilling,0.06765241246322909
C-WEU-DEU,brick,2075,recycling,0.8739108314289048
C-WEU-DEU,brick,2075,reuse,0
C-WEU-DEU,brick,2080,downcycling,0.05843675610786603
C-WEU-DEU,brick,2080,incineration,0
C-WEU-DEU,brick,2080,landfilling,0.06765241246322909
C-WEU-DEU,brick,2080,recycling,0.8739108314289048
C-WEU-DEU,brick,2080,reuse,0
C-WEU-DEU,brick,2085,downcycling,0.05843675610786603
C-WEU-DEU,brick,2085,incineration,0
C-WEU-DEU,brick,2085,landfilling,0.06765241246322909
C-WEU-DEU,brick,2085,recycling,0.8739108314289048
C-WEU-DEU,brick,2085,reuse,0
C-WEU-DEU,brick,2090,downcycling,0.05843675610786603
C-WEU-DEU,brick,2090,incineration,0
C-WEU-DEU,brick,2090,landfilling,0.06765241246322909
C-WEU-DEU,brick,2090,recycling,0.8739108314289048
C-WEU-DEU,brick,2090,reuse,0
C-WEU-DEU,brick,2095,downcycling,0.05843675610786603
C-WEU-DEU,brick,2095,incineration,0
C-WEU-DEU,brick,2095,landfilling,0.06765241246322909
C-WEU-DEU,brick,2095,recycling,0.8739108314289048
C-WEU-DEU,brick,2095,reuse,0
C-WEU-DEU,brick,2100,downcycling,0.05843675610786603
C-WEU-DEU,brick,2100,incineration,0
C-WEU-DEU,brick,2100,landfilling,0.06765241246322909
C-WEU-DEU,brick,2100,recycling,0.8739108314289048
C-WEU-DEU,brick,2100,reuse,0
C-WEU-DEU,concrete,2015,downcycling,0.05843675610786603
C-WEU-DEU,concrete,2015,incineration,0
C-WEU-DEU,concrete,2015,landfilling,0.06765241246322909
C-WEU-DEU,concrete,2015,recycling,0.8739108314289048
C-WEU-DEU,concrete,2015,reuse,0
C-WEU-DEU,concrete,2020,downcycling,0.05843675610786603
C-WEU-DEU,concrete,2020,incineration,0
C-WEU-DEU,concrete,2020,landfilling,0.06765241246322909
C-WEU-DEU,concrete,2020,recycling,0.8739108314289048
C-WEU-DEU,concrete,2020,reuse,0
C-WEU-DEU,concrete,2025,downcycling,0.05843675610786603
C-WEU-DEU,concrete,2025,incineration,0
C-WEU-DEU,concrete,2025,landfilling,0.06765241246322909
C-WEU-DEU,concrete,2025,recycling,0.8739108314289048
C-WEU-DEU,concrete,2025,reuse,0
C-WEU-DEU,concrete,2030,downcycling,0.05843675610786603
C-WEU-DEU,concrete,2030,incineration,0
C-WEU-DEU,concrete,2030,landfilling,0.06765241246322909
C-WEU-DEU,concrete,2030,recycling,0.8739108314289048
C-WEU-DEU,concrete,2030,reuse,0
C-WEU-DEU,concrete,2035,downcycling,0.05843675610786603
C-WEU-DEU,concrete,2035,incineration,0
C-WEU-DEU,concrete,2035,landfilling,0.06765241246322909
C-WEU-DEU,concrete,2035,recycling,0.8739108314289048
C-WEU-DEU,concrete,2035,reuse,0
C-WEU-DEU,concrete,2040,downcycling,0.05843675610786603
C-WEU-DEU,concrete,2040,incineration,0
C-WEU-DEU,concrete,2040,landfilling,0.06765241246322909
C-WEU-DEU,concrete,2040,recycling,0.8739108314289048
C-WEU-DEU,concrete,2040,reuse,0
C-WEU-DEU,concrete,2045,downcycling,0.05843675610786603
C-WEU-DEU,concrete,2045,incineration,0
C-WEU-DEU,concrete,2045,landfilling,0.06765241246322909
C-WEU-DEU,concrete,2045,recycling,0.8739108314289048
C-WEU-DEU,concrete,2045,reuse,0
C-WEU-DEU,concrete,2050,downcycling,0.05843675610786603
C-WEU-DEU,concrete,2050,incineration,0
C-WEU-DEU,concrete,2050,landfilling,0.06765241246322909
C-WEU-DEU,concrete,2050,recycling,0.8739108314289048
C-WEU-DEU,concrete,2050,reuse,0
C-WEU-DEU,concrete,2055,downcycling,0.05843675610786603
C-WEU-DEU,concrete,2055,incineration,0
C-WEU-DEU,concrete,2055,landfilling,0.06765241246322909
C-WEU-DEU,concrete,2055,recycling,0.8739108314289048
C-WEU-DEU,concrete,2055,reuse,0
C-WEU-DEU,concrete,2060,downcycling,0.05843675610786603
C-WEU-DEU,concrete,2060,incineration,0
C-WEU-DEU,concrete,2060,landfilling,0.06765241246322909
C-WEU-DEU,concrete,2060,recycling,0.8739108314289048
C-WEU-DEU,concrete,2060,reuse,0
C-WEU-DEU,concrete,2065,downcycling,0.05843675610786603
C-WEU-DEU,concrete,2065,incineration,0
C-WEU-DEU,concrete,2065,landfilling,0.06765241246322909
C-WEU-DEU,concrete,2065,recycling,0.8739108314289048
C-WEU-DEU,concrete,2065,reuse,0
C-WEU-DEU,concrete,2070,downcycling,0.05843675610786603
C-WEU-DEU,concrete,2070,incineration,0
C-WEU-DEU,concrete,2070,landfilling,0.06765241246322909
C-WEU-DEU,concrete,2070,recycling,0.8739108314289048
C-WEU-DEU,concrete,2070,reuse,0
C-WEU-DEU,concrete,2075,downcycling,0.05843675610786603
C-WEU-DEU,concrete,2075,incineration,0
C-WEU-DEU,concrete,2075,landfilling,0.06765241246322909
C-WEU-DEU,concrete,2075,recycling,0.8739108314289048
C-WEU-DEU,concrete,2075,reuse,0
C-WEU-DEU,concrete,2080,downcycling,0.05843675610786603
C-WEU-DEU,concrete,2080,incineration,0
C-WEU-DEU,concrete,2080,landfilling,0.06765241246322909
C-WEU-DEU,concrete,2080,recycling,0.8739108314289048
C-WEU-DEU,concrete,2080,reuse,0
C-WEU-DEU,concrete,2085,downcycling,0.05843675610786603
C-WEU-DEU,concrete,2085,incineration,0
C-WEU-DEU,concrete,2085,landfilling,0.06765241246322909
C-WEU-DEU,concrete,2085,recycling,0.8739108314289048
C-WEU-DEU,concrete,2085,reuse,0
C-WEU-DEU,concrete,2090,downcycling,0.05843675610786603
C-WEU-DEU,concrete,2090,incineration,0
C-WEU-DEU,concrete,2090,landfilling,0.06765241246322909
C-WEU-DEU,concrete,2090,recycling,0.8739108314289048
C-WEU-DEU,concrete,2090,reuse,0
C-WEU-DEU,concrete,2095,downcycling,0.05843675610786603
C-WEU-DEU,concrete,2095,incineration,0
C-WEU-DEU,concrete,2095,landfilling,0.06765241246322909
C-WEU-DEU,concrete,2095,recycling,0.8739108314289048
C-WEU-DEU,concrete,2095,reuse,0
C-WEU-DEU,concrete,2100,downcycling,0.05843675610786603
C-WEU-DEU,concrete,2100,incineration,0
C-WEU-DEU,concrete,2100,landfilling,0.06765241246322909
C-WEU-DEU,concrete,2100,recycling,0.8739108314289048
C-WEU-DEU,concrete,2100,reuse,0
C-WEU-DEU,copper,2015,downcycling,0
C-WEU-DEU,copper,2015,incineration,9.21227282340592e-5
C-WEU-DEU,copper,2015,landfilling,4.826711958178876e-4
C-WEU-DEU,copper,2015,recycling,0.999425206075948
C-WEU-DEU,copper,2015,reuse,0
C-WEU-DEU,copper,2020,downcycling,0
C-WEU-DEU,copper,2020,incineration,9.21227282340592e-5
C-WEU-DEU,copper,2020,landfilling,4.826711958178876e-4
C-WEU-DEU,copper,2020,recycling,0.999425206075948
C-WEU-DEU,copper,2020,reuse,0
C-WEU-DEU,copper,2025,downcycling,0
C-WEU-DEU,copper,2025,incineration,9.21227282340592e-5
C-WEU-DEU,copper,2025,landfilling,4.826711958178876e-4
C-WEU-DEU,copper,2025,recycling,0.999425206075948
C-WEU-DEU,copper,2025,reuse,0
C-WEU-DEU,copper,2030,downcycling,0
C-WEU-DEU,copper,2030,incineration,9.21227282340592e-5
C-WEU-DEU,copper,2030,landfilling,4.826711958178876e-4
C-WEU-DEU,copper,2030,recycling,0.999425206075948
C-WEU-DEU,copper,2030,reuse,0
C-WEU-DEU,copper,2035,downcycling,0
C-WEU-DEU,copper,2035,incineration,9.21227282340592e-5
C-WEU-DEU,copper,2035,landfilling,4.826711958178876e-4
C-WEU-DEU,copper,2035,recycling,0.999425206075948
C-WEU-DEU,copper,2035,reuse,0
C-WEU-DEU,copper,2040,downcycling,0
C-WEU-DEU,copper,2040,incineration,9.21227282340592e-5
C-WEU-DEU,copper,2040,landfilling,4.826711958178876e-4
C-WEU-DEU,copper,2040,recycling,0.999425206075948
C-WEU-DEU,copper,2040,reuse,0
C-WEU-DEU,copper,2045,downcycling,0
C-WEU-DEU,copper,2045,incineration,9.21227282340592e-5
C-WEU-DEU,copper,2045,landfilling,4.826711958178876e-4
C-WEU-DEU,copper,2045,recycling,0.999425206075948
C-WEU-DEU,copper,2045,reuse,0
C-WEU-DEU,copper,2050,downcycling,0
C-WEU-DEU,copper,2050,incineration,9.21227282340592e-5
C-WEU-DEU,copper,2050,landfilling,4.826711958178876e-4
C-WEU-DEU,copper,2050,recycling,0.999425206075948
C-WEU-DEU,copper,2050,reuse,0
C-WEU-DEU,copper,2055,downcycling,0
C-WEU-DEU,copper,2055,incineration,9.21227282340592e-5
C-WEU-DEU,copper,2055,landfilling,4.826711958178876e-4
C-WEU-DEU,copper,2055,recycling,0.999425206075948
C-WEU-DEU,copper,2055,reuse,0
C-WEU-DEU,copper,2060,downcycling,0
C-WEU-DEU,copper,2060,incineration,9.21227282340592e-5
C-WEU-DEU,copper,2060,landfilling,4.826711958178876e-4
C-WEU-DEU,copper,2060,recycling,0.999425206075948
C-WEU-DEU,copper,2060,reuse,0
C-WEU-DEU,copper,2065,downcycling,0
C-WEU-DEU,copper,2065,incineration,9.21227282340592e-5
C-WEU-DEU,copper,2065,landfilling,4.826711958178876e-4
C-WEU-DEU,copper,2065,recycling,0.999425206075948
C-WEU-DEU,copper,2065,reuse,0
C-WEU-DEU,copper,2070,downcycling,0
C-WEU-DEU,copper,2070,incineration,9.21227282340592e-5
C-WEU-DEU,copper,2070,landfilling,4.826711958178876e-4
C-WEU-DEU,copper,2070,recycling,0.999425206075948
C-WEU-DEU,copper,2070,reuse,0
C-WEU-DEU,copper,2075,downcycling,0
C-WEU-DEU,copper,2075,incineration,9.21227282340592e-5
C-WEU-DEU,copper,2075,landfilling,4.826711958178876e-4
C-WEU-DEU,copper,2075,recycling,0.999425206075948
C-WEU-DEU,copper,2075,reuse,0
C-WEU-DEU,copper,2080,downcycling,0
C-WEU-DEU,copper,2080,incineration,9.21227282340592e-5
C-WEU-DEU,copper,2080,landfilling,4.826711958178876e-4
C-WEU-DEU,copper,2080,recycling,0.999425206075948
C-WEU-DEU,copper,2080,reuse,0
C-WEU-DEU,copper,2085,downcycling,0
C-WEU-DEU,copper,2085,incineration,9.21227282340592e-5
C-WEU-DEU,copper,2085,landfilling,4.826711958178876e-4
C-WEU-DEU,copper,2085,recycling,0.999425206075948
C-WEU-DEU,copper,2085,reuse,0
C-WEU-DEU,copper,2090,downcycling,0
C-WEU-DEU,copper,2090,incineration,9.21227282340592e-5
C-WEU-DEU,copper,2090,landfilling,4.826711958178876e-4
C-WEU-DEU,copper,2090,recycling,0.999425206075948
C-WEU-DEU,copper,2090,reuse,0
C-WEU-DEU,copper,2095,downcycling,0
C-WEU-DEU,copper,2095,incineration,9.21227282340592e-5
C-WEU-DEU,copper,2095,landfilling,4.826711958178876e-4
C-WEU-DEU,copper,2095,recycling,0.999425206075948
C-WEU-DEU,copper,2095,reuse,0
C-WEU-DEU,copper,2100,downcycling,0
C-WEU-DEU,copper,2100,incineration,9.21227282340592e-5
C-WEU-DEU,copper,2100,landfilling,4.826711958178876e-4
C-WEU-DEU,copper,2100,recycling,0.999425206075948
C-WEU-DEU,copper,2100,reuse,0
C-WEU-DEU,glass,2015,downcycling,0.24
C-WEU-DEU,glass,2015,incineration,0
C-WEU-DEU,glass,2015,landfilling,0.7
C-WEU-DEU,glass,2015,recycling,0.06
C-WEU-DEU,glass,2015,reuse,0
C-WEU-DEU,glass,2020,downcycling,0.24
C-WEU-DEU,glass,2020,incineration,0
C-WEU-DEU,glass,2020,landfilling,0.7
C-WEU-DEU,glass,2020,recycling,0.06
C-WEU-DEU,glass,2020,reuse,0
C-WEU-DEU,glass,2025,downcycling,0.24
C-WEU-DEU,glass,2025,incineration,0
C-WEU-DEU,glass,2025,landfilling,0.7
C-WEU-DEU,glass,2025,recycling,0.06
C-WEU-DEU,glass,2025,reuse,0
C-WEU-DEU,glass,2030,downcycling,0.24
C-WEU-DEU,glass,2030,incineration,0
C-WEU-DEU,glass,2030,landfilling,0.7
C-WEU-DEU,glass,2030,recycling,0.06
C-WEU-DEU,glass,2030,reuse,0
C-WEU-DEU,glass,2035,downcycling,0.24
C-WEU-DEU,glass,2035,incineration,0
C-WEU-DEU,glass,2035,landfilling,0.7
C-WEU-DEU,glass,2035,recycling,0.06
C-WEU-DEU,glass,2035,reuse,0
C-WEU-DEU,glass,2040,downcycling,0.24
C-WEU-DEU,glass,2040,incineration,0
C-WEU-DEU,glass,2040,landfilling,0.7
C-WEU-DEU,glass,2040,recycling,0.06
C-WEU-DEU,glass,2040,reuse,0
C-WEU-DEU,glass,2045,downcycling,0.24
C-WEU-DEU,glass,2045,incineration,0
C-WEU-DEU,glass,2045,landfilling,0.7
C-WEU-DEU,glass,2045,recycling,0.06
C-WEU-DEU,glass,2045,reuse,0
C-WEU-DEU,glass,2050,downcycling,0.24
C-WEU-DEU,glass,2050,incineration,0
C-WEU-DEU,glass,2050,landfilling,0.7
C-WEU-DEU,glass,2050,recycling,0.06
C-WEU-DEU,glass,2050,reuse,0
C-WEU-DEU,glass,2055,downcycling,0.24
C-WEU-DEU,glass,2055,incineration,0
C-WEU-DEU,glass,2055,landfilling,0.7
C-WEU-DEU,glass,2055,recycling,0.06
C-WEU-DEU,glass,2055,reuse,0
C-WEU-DEU,glass,2060,downcycling,0.24
C-WEU-DEU,glass,2060,incineration,0
C-WEU-DEU,glass,2060,landfilling,0.7
C-WEU-DEU,glass,2060,recycling,0.06
C-WEU-DEU,glass,2060,reuse,0
C-WEU-DEU,glass,2065,downcycling,0.24
C-WEU-DEU,glass,2065,incineration,0
C-WEU-DEU,glass,2065,landfilling,0.7
C-WEU-DEU,glass,2065,recycling,0.06
C-WEU-DEU,glass,2065,reuse,0
C-WEU-DEU,glass,2070,downcycling,0.24
C-WEU-DEU,glass,2070,incineration,0
C-WEU-DEU,glass,2070,landfilling,0.7
C-WEU-DEU,glass,2070,recycling,0.06
C-WEU-DEU,glass,2070,reuse,0
C-WEU-DEU,glass,2075,downcycling,0.24
C-WEU-DEU,glass,2075,incineration,0
C-WEU-DEU,glass,2075,landfilling,0.7
C-WEU-DEU,glass,2075,recycling,0.06
C-WEU-DEU,glass,2075,reuse,0
C-WEU-DEU,glass,2080,downcycling,0.24
C-WEU-DEU,glass,2080,incineration,0
C-WEU-DEU,glass,2080,landfilling,0.7
C-WEU-DEU,glass,2080,recycling,0.06
C-WEU-DEU,glass,2080,reuse,0
C-WEU-DEU,glass,2085,downcycling,0.24
C-WEU-DEU,glass,2085,incineration,0
C-WEU-DEU,glass,2085,landfilling,0.7
C-WEU-DEU,glass,2085,recycling,0.06
C-WEU-DEU,glass,2085,reuse,0
C-WEU-DEU,glass,2090,downcycling,0.24
C-WEU-DEU,glass,2090,incineration,0
C-WEU-DEU,glass,2090,landfilling,0.7
C-WEU-DEU,glass,2090,recycling,0.06
C-WEU-DEU,glass,2090,reuse,0
C-WEU-DEU,glass,2095,downcycling,0.24
C-WEU-DEU,glass,2095,incineration,0
C-WEU-DEU,glass,2095,landfilling,0.7
C-WEU-DEU,glass,2095,recycling,0.06
C-WEU-DEU,glass,2095,reuse,0
C-WEU-DEU,glass,2100,downcycling,0.24
C-WEU-DEU,glass,2100,incineration,0
C-WEU-DEU,glass,2100,landfilling,0.7
C-WEU-DEU,glass,2100,recycling,0.06
C-WEU-DEU,glass,2100,reuse,0
C-WEU-DEU,steel,2015,downcycling,0
C-WEU-DEU,steel,2015,incineration,0.01384019927451968
C-WEU-DEU,steel,2015,landfilling,0.00375172308541123
C-WEU-DEU,steel,2015,recycling,0.9824080776400692
C-WEU-DEU,steel,2015,reuse,0
C-WEU-DEU,steel,2020,downcycling,0
C-WEU-DEU,steel,2020,incineration,0.01384019927451968
C-WEU-DEU,steel,2020,landfilling,0.00375172308541123
C-WEU-DEU,steel,2020,recycling,0.9824080776400692
C-WEU-DEU,steel,2020,reuse,0
C-WEU-DEU,steel,2025,downcycling,0
C-WEU-DEU,steel,2025,incineration,0.01384019927451968
C-WEU-DEU,steel,2025,landfilling,0.00375172308541123
C-WEU-DEU,steel,2025,recycling,0.9824080776400692
C-WEU-DEU,steel,2025,reuse,0
C-WEU-DEU,steel,2030,downcycling,0
C-WEU-DEU,steel,2030,incineration,0.01384019927451968
C-WEU-DEU,steel,2030,landfilling,0.00375172308541123
C-WEU-DEU,steel,2030,recycling,0.9824080776400692
C-WEU-DEU,steel,2030,reuse,0
C-WEU-DEU,steel,2035,downcycling,0
C-WEU-DEU,steel,2035,incineration,0.01384019927451968
C-WEU-DEU,steel,2035,landfilling,0.00375172308541123
C-WEU-DEU,steel,2035,recycling,0.9824080776400692
C-WEU-DEU,steel,2035,reuse,0
C-WEU-DEU,steel,2040,downcycling,0
C-WEU-DEU,steel,2040,incineration,0.01384019927451968
C-WEU-DEU,steel,2040,landfilling,0.00375172308541123
C-WEU-DEU,steel,2040,recycling,0.9824080776400692
C-WEU-DEU,steel,2040,reuse,0
C-WEU-DEU,steel,2045,downcycling,0
C-WEU-DEU,steel,2045,incineration,0.01384019927451968
C-WEU-DEU,steel,2045,landfilling,0.00375172308541123
C-WEU-DEU,steel,2045,recycling,0.9824080776400692
C-WEU-DEU,steel,2045,reuse,0
C-WEU-DEU,steel,2050,downcycling,0
C-WEU-DEU,steel,2050,incineration,0.01384019927451968
C-WEU-DEU,steel,2050,landfilling,0.00375172308541123
C-WEU-DEU,steel,2050,recycling,0.9824080776400692
C-WEU-DEU,steel,2050,reuse,0
C-WEU-DEU,steel,2055,downcycling,0
C-WEU-DEU,steel,2055,incineration,0.01384019927451968
C-WEU-DEU,steel,2055,landfilling,0.00375172308541123
C-WEU-DEU,steel,2055,recycling,0.9824080776400692
C-WEU-DEU,steel,2055,reuse,0
C-WEU-DEU,steel,2060,downcycling,0
C-WEU-DEU,steel,2060,incineration,0.01384019927451968
C-WEU-DEU,steel,2060,landfilling,0.00375172308541123
C-WEU-DEU,steel,2060,recycling,0.9824080776400692
C-WEU-DEU,steel,2060,reuse,0
C-WEU-DEU,steel,2065,downcycling,0
C-WEU-DEU,steel,2065,incineration,0.01384019927451968
C-WEU-DEU,steel,2065,landfilling,0.00375172308541123
C-WEU-DEU,steel,2065,recycling,0.9824080776400692
C-WEU-DEU,steel,2065,reuse,0
C-WEU-DEU,steel,2070,downcycling,0
C-WEU-DEU,steel,2070,incineration,0.01384019927451968
C-WEU-DEU,steel,2070,landfilling,0.00375172308541123
C-WEU-DEU,steel,2070,recycling,0.9824080776400692
C-WEU-DEU,steel,2070,reuse,0
C-WEU-DEU,steel,2075,downcycling,0
C-WEU-DEU,steel,2075,incineration,0.01384019927451968
C-WEU-DEU,steel,2075,landfilling,0.00375172308541123
C-WEU-DEU,steel,2075,recycling,0.9824080776400692
C-WEU-DEU,steel,2075,reuse,0
C-WEU-DEU,steel,2080,downcycling,0
C-WEU-DEU,steel,2080,incineration,0.01384019927451968
C-WEU-DEU,steel,2080,landfilling,0.00375172308541123
C-WEU-DEU,steel,2080,recycling,0.9824080776400692
C-WEU-DEU,steel,2080,reuse,0
C-WEU-DEU,steel,2085,downcycling,0
C-WEU-DEU,steel,2085,incineration,0.01384019927451968
C-WEU-DEU,steel,2085,landfilling,0.00375172308541123
C-WEU-DEU,steel,2085,recycling,0.9824080776400692
C-WEU-DEU,steel,2085,reuse,0
C-WEU-DEU,steel,2090,downcycling,0
C-WEU-DEU,steel,2090,incineration,0.01384019927451968
C-WEU-DEU,steel,2090,landfilling,0.00375172308541123
C-WEU-DEU,steel,2090,recycling,0.9824080776400692
C-WEU-DEU,steel,2090,reuse,0
C-WEU-DEU,steel,2095,downcycling,0
C-WEU-DEU,steel,2095,incineration,0.01384019927451968
C-WEU-DEU,steel,2095,landfilling,0.00375172308541123
C-WEU-DEU,steel,2095,recycling,0.9824080776400692
C-WEU-DEU,steel,2095,reuse,0
C-WEU-DEU,steel,2100,downcycling,0
C-WEU-DEU,steel,2100,incineration,0.01384019927451968
C-WEU-DEU,steel,2100,landfilling,0.00375172308541123
C-WEU-DEU,steel,2100,recycling,0.9824080776400692
C-WEU-DEU,steel,2100,reuse,0
C-WEU-DEU,wood,2015,downcycling,0
C-WEU-DEU,wood,2015,incineration,0.64
C-WEU-DEU,wood,2015,landfilling,0.06
C-WEU-DEU,wood,2015,recycling,0.3
C-WEU-DEU,wood,2015,reuse,0
C-WEU-DEU,wood,2020,downcycling,0
C-WEU-DEU,wood,2020,incineration,0.64
C-WEU-DEU,wood,2020,landfilling,0.06
C-WEU-DEU,wood,2020,recycling,0.3
C-WEU-DEU,wood,2020,reuse,0
C-WEU-DEU,wood,2025,downcycling,0
C-WEU-DEU,wood,2025,incineration,0.64
C-WEU-DEU,wood,2025,landfilling,0.06
C-WEU-DEU,wood,2025,recycling,0.3
C-WEU-DEU,wood,2025,reuse,0
C-WEU-DEU,wood,2030,downcycling,0
C-WEU-DEU,wood,2030,incineration,0.64
C-WEU-DEU,wood,2030,landfilling,0.06
C-WEU-DEU,wood,2030,recycling,0.3
C-WEU-DEU,wood,2030,reuse,0
C-WEU-DEU,wood,2035,downcycling,0
C-WEU-DEU,wood,2035,incineration,0.64
C-WEU-DEU,wood,2035,landfilling,0.06
C-WEU-DEU,wood,2035,recycling,0.3
C-WEU-DEU,wood,2035,reuse,0
C-WEU-DEU,wood,2040,downcycling,0
C-WEU-DEU,wood,2040,incineration,0.64
C-WEU-DEU,wood,2040,landfilling,0.06
C-WEU-DEU,wood,2040,recycling,0.3
C-WEU-DEU,wood,2040,reuse,0
C-WEU-DEU,wood,2045,downcycling,0
C-WEU-DEU,wood,2045,incineration,0.64
C-WEU-DEU,wood,2045,landfilling,0.06
C-WEU-DEU,wood,2045,recycling,0.3
C-WEU-DEU,wood,2045,reuse,0
C-WEU-DEU,wood,2050,downcycling,0
C-WEU-DEU,wood,2050,incineration,0.64
C-WEU-DEU,wood,2050,landfilling,0.06
C-WEU-DEU,wood,2050,recycling,0.3
C-WEU-DEU,wood,2050,reuse,0
C-WEU-DEU,wood,2055,downcycling,0
C-WEU-DEU,wood,2055,incineration,0.64
C-WEU-DEU,wood,2055,landfilling,0.06
C-WEU-DEU,wood,2055,recycling,0.3
C-WEU-DEU,wood,2055,reuse,0
C-WEU-DEU,wood,2060,downcycling,0
C-WEU-DEU,wood,2060,incineration,0.64
C-WEU-DEU,wood,2060,landfilling,0.06
C-WEU-DEU,wood,2060,recycling,0.3
C-WEU-DEU,wood,2060,reuse,0
C-WEU-DEU,wood,2065,downcycling,0
C-WEU-DEU,wood,2065,incineration,0.64
C-WEU-DEU,wood,2065,landfilling,0.06
C-WEU-DEU,wood,2065,recycling,0.3
C-WEU-DEU,wood,2065,reuse,0
C-WEU-DEU,wood,2070,downcycling,0
C-WEU-DEU,wood,2070,incineration,0.64
C-WEU-DEU,wood,2070,landfilling,0.06
C-WEU-DEU,wood,2070,recycling,0.3
C-WEU-DEU,wood,2070,reuse,0
C-WEU-DEU,wood,2075,downcycling,0
C-WEU-DEU,wood,2075,incineration,0.64
C-WEU-DEU,wood,2075,landfilling,0.06
C-WEU-DEU,wood,2075,recycling,0.3
C-WEU-DEU,wood,2075,reuse,0
C-WEU-DEU,wood,2080,downcycling,0
C-WEU-DEU,wood,2080,incineration,0.64
C-WEU-DEU,wood,2080,landfilling,0.06
C-WEU-DEU,wood,2080,recycling,0.3
C-WEU-DEU,wood,2080,reuse,0
C-WEU-DEU,wood,2085,downcycling,0
C-WEU-DEU,wood,2085,incineration,0.64
C-WEU-DEU,wood,2085,landfilling,0.06
C-WEU-DEU,wood,2085,recycling,0.3
C-WEU-DEU,wood,2085,reuse,0
C-WEU-DEU,wood,2090,downcycling,0
C-WEU-DEU,wood,2090,incineration,0.64
C-WEU-DEU,wood,2090,landfilling,0.06
C-WEU-DEU,wood,2090,recycling,0.3
C-WEU-DEU,wood,2090,reuse,0
C-WEU-DEU,wood,2095,downcycling,0
C-WEU-DEU,wood,2095,incineration,0.64
C-WEU-DEU,wood,2095,landfilling,0.06
C-WEU-DEU,wood,2095,recycling,0.3
C-WEU-DEU,wood,2095,reuse,0
C-WEU-DEU,wood,2100,downcycling,0
C-WEU-DEU,wood,2100,incineration,0.64
C-WEU-DEU,wood,2100,landfilling,0.06
C-WEU-DEU,wood,2100,recycling,0.3
C-WEU-DEU,wood,2100,reuse,0
C-WEU-DNK,aluminum,2015,downcycling,0
C-WEU-DNK,aluminum,2015,incineration,4.4345923965620346e-5
C-WEU-DNK,aluminum,2015,landfilling,0.00200464066190462
C-WEU-DNK,aluminum,2015,recycling,0.9979510134141296
C-WEU-DNK,aluminum,2015,reuse,0
C-WEU-DNK,aluminum,2020,downcycling,0
C-WEU-DNK,aluminum,2020,incineration,4.4345923965620346e-5
C-WEU-DNK,aluminum,2020,landfilling,0.00200464066190462
C-WEU-DNK,aluminum,2020,recycling,0.9979510134141296
C-WEU-DNK,aluminum,2020,reuse,0
C-WEU-DNK,aluminum,2025,downcycling,0
C-WEU-DNK,aluminum,2025,incineration,4.4345923965620346e-5
C-WEU-DNK,aluminum,2025,landfilling,0.00200464066190462
C-WEU-DNK,aluminum,2025,recycling,0.9979510134141296
C-WEU-DNK,aluminum,2025,reuse,0
C-WEU-DNK,aluminum,2030,downcycling,0
C-WEU-DNK,aluminum,2030,incineration,4.4345923965620346e-5
C-WEU-DNK,aluminum,2030,landfilling,0.00200464066190462
C-WEU-DNK,aluminum,2030,recycling,0.9979510134141296
C-WEU-DNK,aluminum,2030,reuse,0
C-WEU-DNK,aluminum,2035,downcycling,0
C-WEU-DNK,aluminum,2035,incineration,4.4345923965620346e-5
C-WEU-DNK,aluminum,2035,landfilling,0.00200464066190462
C-WEU-DNK,aluminum,2035,recycling,0.9979510134141296
C-WEU-DNK,aluminum,2035,reuse,0
C-WEU-DNK,aluminum,2040,downcycling,0
C-WEU-DNK,aluminum,2040,incineration,4.4345923965620346e-5
C-WEU-DNK,aluminum,2040,landfilling,0.00200464066190462
C-WEU-DNK,aluminum,2040,recycling,0.9979510134141296
C-WEU-DNK,aluminum,2040,reuse,0
C-WEU-DNK,aluminum,2045,downcycling,0
C-WEU-DNK,aluminum,2045,incineration,4.4345923965620346e-5
C-WEU-DNK,aluminum,2045,landfilling,0.00200464066190462
C-WEU-DNK,aluminum,2045,recycling,0.9979510134141296
C-WEU-DNK,aluminum,2045,reuse,0
C-WEU-DNK,aluminum,2050,downcycling,0
C-WEU-DNK,aluminum,2050,incineration,4.4345923965620346e-5
C-WEU-DNK,aluminum,2050,landfilling,0.00200464066190462
C-WEU-DNK,aluminum,2050,recycling,0.9979510134141296
C-WEU-DNK,aluminum,2050,reuse,0
C-WEU-DNK,aluminum,2055,downcycling,0
C-WEU-DNK,aluminum,2055,incineration,4.4345923965620346e-5
C-WEU-DNK,aluminum,2055,landfilling,0.00200464066190462
C-WEU-DNK,aluminum,2055,recycling,0.9979510134141296
C-WEU-DNK,aluminum,2055,reuse,0
C-WEU-DNK,aluminum,2060,downcycling,0
C-WEU-DNK,aluminum,2060,incineration,4.4345923965620346e-5
C-WEU-DNK,aluminum,2060,landfilling,0.00200464066190462
C-WEU-DNK,aluminum,2060,recycling,0.9979510134141296
C-WEU-DNK,aluminum,2060,reuse,0
C-WEU-DNK,aluminum,2065,downcycling,0
C-WEU-DNK,aluminum,2065,incineration,4.4345923965620346e-5
C-WEU-DNK,aluminum,2065,landfilling,0.00200464066190462
C-WEU-DNK,aluminum,2065,recycling,0.9979510134141296
C-WEU-DNK,aluminum,2065,reuse,0
C-WEU-DNK,aluminum,2070,downcycling,0
C-WEU-DNK,aluminum,2070,incineration,4.4345923965620346e-5
C-WEU-DNK,aluminum,2070,landfilling,0.00200464066190462
C-WEU-DNK,aluminum,2070,recycling,0.9979510134141296
C-WEU-DNK,aluminum,2070,reuse,0
C-WEU-DNK,aluminum,2075,downcycling,0
C-WEU-DNK,aluminum,2075,incineration,4.4345923965620346e-5
C-WEU-DNK,aluminum,2075,landfilling,0.00200464066190462
C-WEU-DNK,aluminum,2075,recycling,0.9979510134141296
C-WEU-DNK,aluminum,2075,reuse,0
C-WEU-DNK,aluminum,2080,downcycling,0
C-WEU-DNK,aluminum,2080,incineration,4.4345923965620346e-5
C-WEU-DNK,aluminum,2080,landfilling,0.00200464066190462
C-WEU-DNK,aluminum,2080,recycling,0.9979510134141296
C-WEU-DNK,aluminum,2080,reuse,0
C-WEU-DNK,aluminum,2085,downcycling,0
C-WEU-DNK,aluminum,2085,incineration,4.4345923965620346e-5
C-WEU-DNK,aluminum,2085,landfilling,0.00200464066190462
C-WEU-DNK,aluminum,2085,recycling,0.9979510134141296
C-WEU-DNK,aluminum,2085,reuse,0
C-WEU-DNK,aluminum,2090,downcycling,0
C-WEU-DNK,aluminum,2090,incineration,4.4345923965620346e-5
C-WEU-DNK,aluminum,2090,landfilling,0.00200464066190462
C-WEU-DNK,aluminum,2090,recycling,0.9979510134141296
C-WEU-DNK,aluminum,2090,reuse,0
C-WEU-DNK,aluminum,2095,downcycling,0
C-WEU-DNK,aluminum,2095,incineration,4.4345923965620346e-5
C-WEU-DNK,aluminum,2095,landfilling,0.00200464066190462
C-WEU-DNK,aluminum,2095,recycling,0.9979510134141296
C-WEU-DNK,aluminum,2095,reuse,0
C-WEU-DNK,aluminum,2100,downcycling,0
C-WEU-DNK,aluminum,2100,incineration,4.4345923965620346e-5
C-WEU-DNK,aluminum,2100,landfilling,0.00200464066190462
C-WEU-DNK,aluminum,2100,recycling,0.9979510134141296
C-WEU-DNK,aluminum,2100,reuse,0
C-WEU-DNK,brick,2015,downcycling,0.6403647556706606
C-WEU-DNK,brick,2015,incineration,0
C-WEU-DNK,brick,2015,landfilling,0.00721562681663536
C-WEU-DNK,brick,2015,recycling,0.352419617512704
C-WEU-DNK,brick,2015,reuse,0
C-WEU-DNK,brick,2020,downcycling,0.6403647556706606
C-WEU-DNK,brick,2020,incineration,0
C-WEU-DNK,brick,2020,landfilling,0.00721562681663536
C-WEU-DNK,brick,2020,recycling,0.352419617512704
C-WEU-DNK,brick,2020,reuse,0
C-WEU-DNK,brick,2025,downcycling,0.6403647556706606
C-WEU-DNK,brick,2025,incineration,0
C-WEU-DNK,brick,2025,landfilling,0.00721562681663536
C-WEU-DNK,brick,2025,recycling,0.352419617512704
C-WEU-DNK,brick,2025,reuse,0
C-WEU-DNK,brick,2030,downcycling,0.6403647556706606
C-WEU-DNK,brick,2030,incineration,0
C-WEU-DNK,brick,2030,landfilling,0.00721562681663536
C-WEU-DNK,brick,2030,recycling,0.352419617512704
C-WEU-DNK,brick,2030,reuse,0
C-WEU-DNK,brick,2035,downcycling,0.6403647556706606
C-WEU-DNK,brick,2035,incineration,0
C-WEU-DNK,brick,2035,landfilling,0.00721562681663536
C-WEU-DNK,brick,2035,recycling,0.352419617512704
C-WEU-DNK,brick,2035,reuse,0
C-WEU-DNK,brick,2040,downcycling,0.6403647556706606
C-WEU-DNK,brick,2040,incineration,0
C-WEU-DNK,brick,2040,landfilling,0.00721562681663536
C-WEU-DNK,brick,2040,recycling,0.352419617512704
C-WEU-DNK,brick,2040,reuse,0
C-WEU-DNK,brick,2045,downcycling,0.6403647556706606
C-WEU-DNK,brick,2045,incineration,0
C-WEU-DNK,brick,2045,landfilling,0.00721562681663536
C-WEU-DNK,brick,2045,recycling,0.352419617512704
C-WEU-DNK,brick,2045,reuse,0
C-WEU-DNK,brick,2050,downcycling,0.6403647556706606
C-WEU-DNK,brick,2050,incineration,0
C-WEU-DNK,brick,2050,landfilling,0.00721562681663536
C-WEU-DNK,brick,2050,recycling,0.352419617512704
C-WEU-DNK,brick,2050,reuse,0
C-WEU-DNK,brick,2055,downcycling,0.6403647556706606
C-WEU-DNK,brick,2055,incineration,0
C-WEU-DNK,brick,2055,landfilling,0.00721562681663536
C-WEU-DNK,brick,2055,recycling,0.352419617512704
C-WEU-DNK,brick,2055,reuse,0
C-WEU-DNK,brick,2060,downcycling,0.6403647556706606
C-WEU-DNK,brick,2060,incineration,0
C-WEU-DNK,brick,2060,landfilling,0.00721562681663536
C-WEU-DNK,brick,2060,recycling,0.352419617512704
C-WEU-DNK,brick,2060,reuse,0
C-WEU-DNK,brick,2065,downcycling,0.6403647556706606
C-WEU-DNK,brick,2065,incineration,0
C-WEU-DNK,brick,2065,landfilling,0.00721562681663536
C-WEU-DNK,brick,2065,recycling,0.352419617512704
C-WEU-DNK,brick,2065,reuse,0
C-WEU-DNK,brick,2070,downcycling,0.6403647556706606
C-WEU-DNK,brick,2070,incineration,0
C-WEU-DNK,brick,2070,landfilling,0.00721562681663536
C-WEU-DNK,brick,2070,recycling,0.352419617512704
C-WEU-DNK,brick,2070,reuse,0
C-WEU-DNK,brick,2075,downcycling,0.6403647556706606
C-WEU-DNK,brick,2075,incineration,0
C-WEU-DNK,brick,2075,landfilling,0.00721562681663536
C-WEU-DNK,brick,2075,recycling,0.352419617512704
C-WEU-DNK,brick,2075,reuse,0
C-WEU-DNK,brick,2080,downcycling,0.6403647556706606
C-WEU-DNK,brick,2080,incineration,0
C-WEU-DNK,brick,2080,landfilling,0.00721562681663536
C-WEU-DNK,brick,2080,recycling,0.352419617512704
C-WEU-DNK,brick,2080,reuse,0
C-WEU-DNK,brick,2085,downcycling,0.6403647556706606
C-WEU-DNK,brick,2085,incineration,0
C-WEU-DNK,brick,2085,landfilling,0.00721562681663536
C-WEU-DNK,brick,2085,recycling,0.352419617512704
C-WEU-DNK,brick,2085,reuse,0
C-WEU-DNK,brick,2090,downcycling,0.6403647556706606
C-WEU-DNK,brick,2090,incineration,0
C-WEU-DNK,brick,2090,landfilling,0.00721562681663536
C-WEU-DNK,brick,2090,recycling,0.352419617512704
C-WEU-DNK,brick,2090,reuse,0
C-WEU-DNK,brick,2095,downcycling,0.6403647556706606
C-WEU-DNK,brick,2095,incineration,0
C-WEU-DNK,brick,2095,landfilling,0.00721562681663536
C-WEU-DNK,brick,2095,recycling,0.352419617512704
C-WEU-DNK,brick,2095,reuse,0
C-WEU-DNK,brick,2100,downcycling,0.6403647556706606
C-WEU-DNK,brick,2100,incineration,0
C-WEU-DNK,brick,2100,landfilling,0.00721562681663536
C-WEU-DNK,brick,2100,recycling,0.352419617512704
C-WEU-DNK,brick,2100,reuse,0
C-WEU-DNK,concrete,2015,downcycling,0.6403647556706606
C-WEU-DNK,concrete,2015,incineration,0
C-WEU-DNK,concrete,2015,landfilling,0.00721562681663536
C-WEU-DNK,concrete,2015,recycling,0.352419617512704
C-WEU-DNK,concrete,2015,reuse,0
C-WEU-DNK,concrete,2020,downcycling,0.6403647556706606
C-WEU-DNK,concrete,2020,incineration,0
C-WEU-DNK,concrete,2020,landfilling,0.00721562681663536
C-WEU-DNK,concrete,2020,recycling,0.352419617512704
C-WEU-DNK,concrete,2020,reuse,0
C-WEU-DNK,concrete,2025,downcycling,0.6403647556706606
C-WEU-DNK,concrete,2025,incineration,0
C-WEU-DNK,concrete,2025,landfilling,0.00721562681663536
C-WEU-DNK,concrete,2025,recycling,0.352419617512704
C-WEU-DNK,concrete,2025,reuse,0
C-WEU-DNK,concrete,2030,downcycling,0.6403647556706606
C-WEU-DNK,concrete,2030,incineration,0
C-WEU-DNK,concrete,2030,landfilling,0.00721562681663536
C-WEU-DNK,concrete,2030,recycling,0.352419617512704
C-WEU-DNK,concrete,2030,reuse,0
C-WEU-DNK,concrete,2035,downcycling,0.6403647556706606
C-WEU-DNK,concrete,2035,incineration,0
C-WEU-DNK,concrete,2035,landfilling,0.00721562681663536
C-WEU-DNK,concrete,2035,recycling,0.352419617512704
C-WEU-DNK,concrete,2035,reuse,0
C-WEU-DNK,concrete,2040,downcycling,0.6403647556706606
C-WEU-DNK,concrete,2040,incineration,0
C-WEU-DNK,concrete,2040,landfilling,0.00721562681663536
C-WEU-DNK,concrete,2040,recycling,0.352419617512704
C-WEU-DNK,concrete,2040,reuse,0
C-WEU-DNK,concrete,2045,downcycling,0.6403647556706606
C-WEU-DNK,concrete,2045,incineration,0
C-WEU-DNK,concrete,2045,landfilling,0.00721562681663536
C-WEU-DNK,concrete,2045,recycling,0.352419617512704
C-WEU-DNK,concrete,2045,reuse,0
C-WEU-DNK,concrete,2050,downcycling,0.6403647556706606
C-WEU-DNK,concrete,2050,incineration,0
C-WEU-DNK,concrete,2050,landfilling,0.00721562681663536
C-WEU-DNK,concrete,2050,recycling,0.352419617512704
C-WEU-DNK,concrete,2050,reuse,0
C-WEU-DNK,concrete,2055,downcycling,0.6403647556706606
C-WEU-DNK,concrete,2055,incineration,0
C-WEU-DNK,concrete,2055,landfilling,0.00721562681663536
C-WEU-DNK,concrete,2055,recycling,0.352419617512704
C-WEU-DNK,concrete,2055,reuse,0
C-WEU-DNK,concrete,2060,downcycling,0.6403647556706606
C-WEU-DNK,concrete,2060,incineration,0
C-WEU-DNK,concrete,2060,landfilling,0.00721562681663536
C-WEU-DNK,concrete,2060,recycling,0.352419617512704
C-WEU-DNK,concrete,2060,reuse,0
C-WEU-DNK,concrete,2065,downcycling,0.6403647556706606
C-WEU-DNK,concrete,2065,incineration,0
C-WEU-DNK,concrete,2065,landfilling,0.00721562681663536
C-WEU-DNK,concrete,2065,recycling,0.352419617512704
C-WEU-DNK,concrete,2065,reuse,0
C-WEU-DNK,concrete,2070,downcycling,0.6403647556706606
C-WEU-DNK,concrete,2070,incineration,0
C-WEU-DNK,concrete,2070,landfilling,0.00721562681663536
C-WEU-DNK,concrete,2070,recycling,0.352419617512704
C-WEU-DNK,concrete,2070,reuse,0
C-WEU-DNK,concrete,2075,downcycling,0.6403647556706606
C-WEU-DNK,concrete,2075,incineration,0
C-WEU-DNK,concrete,2075,landfilling,0.00721562681663536
C-WEU-DNK,concrete,2075,recycling,0.352419617512704
C-WEU-DNK,concrete,2075,reuse,0
C-WEU-DNK,concrete,2080,downcycling,0.6403647556706606
C-WEU-DNK,concrete,2080,incineration,0
C-WEU-DNK,concrete,2080,landfilling,0.00721562681663536
C-WEU-DNK,concrete,2080,recycling,0.352419617512704
C-WEU-DNK,concrete,2080,reuse,0
C-WEU-DNK,concrete,2085,downcycling,0.6403647556706606
C-WEU-DNK,concrete,2085,incineration,0
C-WEU-DNK,concrete,2085,landfilling,0.00721562681663536
C-WEU-DNK,concrete,2085,recycling,0.352419617512704
C-WEU-DNK,concrete,2085,reuse,0
C-WEU-DNK,concrete,2090,downcycling,0.6403647556706606
C-WEU-DNK,concrete,2090,incineration,0
C-WEU-DNK,concrete,2090,landfilling,0.00721562681663536
C-WEU-DNK,concrete,2090,recycling,0.352419617512704
C-WEU-DNK,concrete,2090,reuse,0
C-WEU-DNK,concrete,2095,downcycling,0.6403647556706606
C-WEU-DNK,concrete,2095,incineration,0
C-WEU-DNK,concrete,2095,landfilling,0.00721562681663536
C-WEU-DNK,concrete,2095,recycling,0.352419617512704
C-WEU-DNK,concrete,2095,reuse,0
C-WEU-DNK,concrete,2100,downcycling,0.6403647556706606
C-WEU-DNK,concrete,2100,incineration,0
C-WEU-DNK,concrete,2100,landfilling,0.00721562681663536
C-WEU-DNK,concrete,2100,recycling,0.352419617512704
C-WEU-DNK,concrete,2100,reuse,0
C-WEU-DNK,copper,2015,downcycling,0
C-WEU-DNK,copper,2015,incineration,4.4345923965620346e-5
C-WEU-DNK,copper,2015,landfilling,0.00200464066190462
C-WEU-DNK,copper,2015,recycling,0.9979510134141296
C-WEU-DNK,copper,2015,reuse,0
C-WEU-DNK,copper,2020,downcycling,0
C-WEU-DNK,copper,2020,incineration,4.4345923965620346e-5
C-WEU-DNK,copper,2020,landfilling,0.00200464066190462
C-WEU-DNK,copper,2020,recycling,0.9979510134141296
C-WEU-DNK,copper,2020,reuse,0
C-WEU-DNK,copper,2025,downcycling,0
C-WEU-DNK,copper,2025,incineration,4.4345923965620346e-5
C-WEU-DNK,copper,2025,landfilling,0.00200464066190462
C-WEU-DNK,copper,2025,recycling,0.9979510134141296
C-WEU-DNK,copper,2025,reuse,0
C-WEU-DNK,copper,2030,downcycling,0
C-WEU-DNK,copper,2030,incineration,4.4345923965620346e-5
C-WEU-DNK,copper,2030,landfilling,0.00200464066190462
C-WEU-DNK,copper,2030,recycling,0.9979510134141296
C-WEU-DNK,copper,2030,reuse,0
C-WEU-DNK,copper,2035,downcycling,0
C-WEU-DNK,copper,2035,incineration,4.4345923965620346e-5
C-WEU-DNK,copper,2035,landfilling,0.00200464066190462
C-WEU-DNK,copper,2035,recycling,0.9979510134141296
C-WEU-DNK,copper,2035,reuse,0
C-WEU-DNK,copper,2040,downcycling,0
C-WEU-DNK,copper,2040,incineration,4.4345923965620346e-5
C-WEU-DNK,copper,2040,landfilling,0.00200464066190462
C-WEU-DNK,copper,2040,recycling,0.9979510134141296
C-WEU-DNK,copper,2040,reuse,0
C-WEU-DNK,copper,2045,downcycling,0
C-WEU-DNK,copper,2045,incineration,4.4345923965620346e-5
C-WEU-DNK,copper,2045,landfilling,0.00200464066190462
C-WEU-DNK,copper,2045,recycling,0.9979510134141296
C-WEU-DNK,copper,2045,reuse,0
C-WEU-DNK,copper,2050,downcycling,0
C-WEU-DNK,copper,2050,incineration,4.4345923965620346e-5
C-WEU-DNK,copper,2050,landfilling,0.00200464066190462
C-WEU-DNK,copper,2050,recycling,0.9979510134141296
C-WEU-DNK,copper,2050,reuse,0
C-WEU-DNK,copper,2055,downcycling,0
C-WEU-DNK,copper,2055,incineration,4.4345923965620346e-5
C-WEU-DNK,copper,2055,landfilling,0.00200464066190462
C-WEU-DNK,copper,2055,recycling,0.9979510134141296
C-WEU-DNK,copper,2055,reuse,0
C-WEU-DNK,copper,2060,downcycling,0
C-WEU-DNK,copper,2060,incineration,4.4345923965620346e-5
C-WEU-DNK,copper,2060,landfilling,0.00200464066190462
C-WEU-DNK,copper,2060,recycling,0.9979510134141296
C-WEU-DNK,copper,2060,reuse,0
C-WEU-DNK,copper,2065,downcycling,0
C-WEU-DNK,copper,2065,incineration,4.4345923965620346e-5
C-WEU-DNK,copper,2065,landfilling,0.00200464066190462
C-WEU-DNK,copper,2065,recycling,0.9979510134141296
C-WEU-DNK,copper,2065,reuse,0
C-WEU-DNK,copper,2070,downcycling,0
C-WEU-DNK,copper,2070,incineration,4.4345923965620346e-5
C-WEU-DNK,copper,2070,landfilling,0.00200464066190462
C-WEU-DNK,copper,2070,recycling,0.9979510134141296
C-WEU-DNK,copper,2070,reuse,0
C-WEU-DNK,copper,2075,downcycling,0
C-WEU-DNK,copper,2075,incineration,4.4345923965620346e-5
C-WEU-DNK,copper,2075,landfilling,0.00200464066190462
C-WEU-DNK,copper,2075,recycling,0.9979510134141296
C-WEU-DNK,copper,2075,reuse,0
C-WEU-DNK,copper,2080,downcycling,0
C-WEU-DNK,copper,2080,incineration,4.4345923965620346e-5
C-WEU-DNK,copper,2080,landfilling,0.00200464066190462
C-WEU-DNK,copper,2080,recycling,0.9979510134141296
C-WEU-DNK,copper,2080,reuse,0
C-WEU-DNK,copper,2085,downcycling,0
C-WEU-DNK,copper,2085,incineration,4.4345923965620346e-5
C-WEU-DNK,copper,2085,landfilling,0.00200464066190462
C-WEU-DNK,copper,2085,recycling,0.9979510134141296
C-WEU-DNK,copper,2085,reuse,0
C-WEU-DNK,copper,2090,downcycling,0
C-WEU-DNK,copper,2090,incineration,4.4345923965620346e-5
C-WEU-DNK,copper,2090,landfilling,0.00200464066190462
C-WEU-DNK,copper,2090,recycling,0.9979510134141296
C-WEU-DNK,copper,2090,reuse,0
C-WEU-DNK,copper,2095,downcycling,0
C-WEU-DNK,copper,2095,incineration,4.4345923965620346e-5
C-WEU-DNK,copper,2095,landfilling,0.00200464066190462
C-WEU-DNK,copper,2095,recycling,0.9979510134141296
C-WEU-DNK,copper,2095,reuse,0
C-WEU-DNK,copper,2100,downcycling,0
C-WEU-DNK,copper,2100,incineration,4.4345923965620346e-5
C-WEU-DNK,copper,2100,landfilling,0.00200464066190462
C-WEU-DNK,copper,2100,recycling,0.9979510134141296
C-WEU-DNK,copper,2100,reuse,0
C-WEU-DNK,glass,2015,downcycling,0.24
C-WEU-DNK,glass,2015,incineration,0
C-WEU-DNK,glass,2015,landfilling,0.7
C-WEU-DNK,glass,2015,recycling,0.06
C-WEU-DNK,glass,2015,reuse,0
C-WEU-DNK,glass,2020,downcycling,0.24
C-WEU-DNK,glass,2020,incineration,0
C-WEU-DNK,glass,2020,landfilling,0.7
C-WEU-DNK,glass,2020,recycling,0.06
C-WEU-DNK,glass,2020,reuse,0
C-WEU-DNK,glass,2025,downcycling,0.24
C-WEU-DNK,glass,2025,incineration,0
C-WEU-DNK,glass,2025,landfilling,0.7
C-WEU-DNK,glass,2025,recycling,0.06
C-WEU-DNK,glass,2025,reuse,0
C-WEU-DNK,glass,2030,downcycling,0.24
C-WEU-DNK,glass,2030,incineration,0
C-WEU-DNK,glass,2030,landfilling,0.7
C-WEU-DNK,glass,2030,recycling,0.06
C-WEU-DNK,glass,2030,reuse,0
C-WEU-DNK,glass,2035,downcycling,0.24
C-WEU-DNK,glass,2035,incineration,0
C-WEU-DNK,glass,2035,landfilling,0.7
C-WEU-DNK,glass,2035,recycling,0.06
C-WEU-DNK,glass,2035,reuse,0
C-WEU-DNK,glass,2040,downcycling,0.24
C-WEU-DNK,glass,2040,incineration,0
C-WEU-DNK,glass,2040,landfilling,0.7
C-WEU-DNK,glass,2040,recycling,0.06
C-WEU-DNK,glass,2040,reuse,0
C-WEU-DNK,glass,2045,downcycling,0.24
C-WEU-DNK,glass,2045,incineration,0
C-WEU-DNK,glass,2045,landfilling,0.7
C-WEU-DNK,glass,2045,recycling,0.06
C-WEU-DNK,glass,2045,reuse,0
C-WEU-DNK,glass,2050,downcycling,0.24
C-WEU-DNK,glass,2050,incineration,0
C-WEU-DNK,glass,2050,landfilling,0.7
C-WEU-DNK,glass,2050,recycling,0.06
C-WEU-DNK,glass,2050,reuse,0
C-WEU-DNK,glass,2055,downcycling,0.24
C-WEU-DNK,glass,2055,incineration,0
C-WEU-DNK,glass,2055,landfilling,0.7
C-WEU-DNK,glass,2055,recycling,0.06
C-WEU-DNK,glass,2055,reuse,0
C-WEU-DNK,glass,2060,downcycling,0.24
C-WEU-DNK,glass,2060,incineration,0
C-WEU-DNK,glass,2060,landfilling,0.7
C-WEU-DNK,glass,2060,recycling,0.06
C-WEU-DNK,glass,2060,reuse,0
C-WEU-DNK,glass,2065,downcycling,0.24
C-WEU-DNK,glass,2065,incineration,0
C-WEU-DNK,glass,2065,landfilling,0.7
C-WEU-DNK,glass,2065,recycling,0.06
C-WEU-DNK,glass,2065,reuse,0
C-WEU-DNK,glass,2070,downcycling,0.24
C-WEU-DNK,glass,2070,incineration,0
C-WEU-DNK,glass,2070,landfilling,0.7
C-WEU-DNK,glass,2070,recycling,0.06
C-WEU-DNK,glass,2070,reuse,0
C-WEU-DNK,glass,2075,downcycling,0.24
C-WEU-DNK,glass,2075,incineration,0
C-WEU-DNK,glass,2075,landfilling,0.7
C-WEU-DNK,glass,2075,recycling,0.06
C-WEU-DNK,glass,2075,reuse,0
C-WEU-DNK,glass,2080,downcycling,0.24
C-WEU-DNK,glass,2080,incineration,0
C-WEU-DNK,glass,2080,landfilling,0.7
C-WEU-DNK,glass,2080,recycling,0.06
C-WEU-DNK,glass,2080,reuse,0
C-WEU-DNK,glass,2085,downcycling,0.24
C-WEU-DNK,glass,2085,incineration,0
C-WEU-DNK,glass,2085,landfilling,0.7
C-WEU-DNK,glass,2085,recycling,0.06
C-WEU-DNK,glass,2085,reuse,0
C-WEU-DNK,glass,2090,downcycling,0.24
C-WEU-DNK,glass,2090,incineration,0
C-WEU-DNK,glass,2090,landfilling,0.7
C-WEU-DNK,glass,2090,recycling,0.06
C-WEU-DNK,glass,2090,reuse,0
C-WEU-DNK,glass,2095,downcycling,0.24
C-WEU-DNK,glass,2095,incineration,0
C-WEU-DNK,glass,2095,landfilling,0.7
C-WEU-DNK,glass,2095,recycling,0.06
C-WEU-DNK,glass,2095,reuse,0
C-WEU-DNK,glass,2100,downcycling,0.24
C-WEU-DNK,glass,2100,incineration,0
C-WEU-DNK,glass,2100,landfilling,0.7
C-WEU-DNK,glass,2100,recycling,0.06
C-WEU-DNK,glass,2100,reuse,0
C-WEU-DNK,steel,2015,downcycling,2.137372713868574e-7
C-WEU-DNK,steel,2015,incineration,0.00251187927466041
C-WEU-DNK,steel,2015,landfilling,9.988136998518198e-4
C-WEU-DNK,steel,2015,recycling,0.9964890932882164
C-WEU-DNK,steel,2015,reuse,0
C-WEU-DNK,steel,2020,downcycling,2.137372713868574e-7
C-WEU-DNK,steel,2020,incineration,0.00251187927466041
C-WEU-DNK,steel,2020,landfilling,9.988136998518198e-4
C-WEU-DNK,steel,2020,recycling,0.9964890932882164
C-WEU-DNK,steel,2020,reuse,0
C-WEU-DNK,steel,2025,downcycling,2.137372713868574e-7
C-WEU-DNK,steel,2025,incineration,0.00251187927466041
C-WEU-DNK,steel,2025,landfilling,9.988136998518198e-4
C-WEU-DNK,steel,2025,recycling,0.9964890932882164
C-WEU-DNK,steel,2025,reuse,0
C-WEU-DNK,steel,2030,downcycling,2.137372713868574e-7
C-WEU-DNK,steel,2030,incineration,0.00251187927466041
C-WEU-DNK,steel,2030,landfilling,9.988136998518198e-4
C-WEU-DNK,steel,2030,recycling,0.9964890932882164
C-WEU-DNK,steel,2030,reuse,0
C-WEU-DNK,steel,2035,downcycling,2.137372713868574e-7
C-WEU-DNK,steel,2035,incineration,0.00251187927466041
C-WEU-DNK,steel,2035,landfilling,9.988136998518198e-4
C-WEU-DNK,steel,2035,recycling,0.9964890932882164
C-WEU-DNK,steel,2035,reuse,0
C-WEU-DNK,steel,2040,downcycling,2.137372713868574e-7
C-WEU-DNK,steel,2040,incineration,0.00251187927466041
C-WEU-DNK,steel,2040,landfilling,9.988136998518198e-4
C-WEU-DNK,steel,2040,recycling,0.9964890932882164
C-WEU-DNK,steel,2040,reuse,0
C-WEU-DNK,steel,2045,downcycling,2.137372713868574e-7
C-WEU-DNK,steel,2045,incineration,0.00251187927466041
C-WEU-DNK,steel,2045,landfilling,9.988136998518198e-4
C-WEU-DNK,steel,2045,recycling,0.9964890932882164
C-WEU-DNK,steel,2045,reuse,0
C-WEU-DNK,steel,2050,downcycling,2.137372713868574e-7
C-WEU-DNK,steel,2050,incineration,0.00251187927466041
C-WEU-DNK,steel,2050,landfilling,9.988136998518198e-4
C-WEU-DNK,steel,2050,recycling,0.9964890932882164
C-WEU-DNK,steel,2050,reuse,0
C-WEU-DNK,steel,2055,downcycling,2.137372713868574e-7
C-WEU-DNK,steel,2055,incineration,0.00251187927466041
C-WEU-DNK,steel,2055,landfilling,9.988136998518198e-4
C-WEU-DNK,steel,2055,recycling,0.9964890932882164
C-WEU-DNK,steel,2055,reuse,0
C-WEU-DNK,steel,2060,downcycling,2.137372713868574e-7
C-WEU-DNK,steel,2060,incineration,0.00251187927466041
C-WEU-DNK,steel,2060,landfilling,9.988136998518198e-4
C-WEU-DNK,steel,2060,recycling,0.9964890932882164
C-WEU-DNK,steel,2060,reuse,0
C-WEU-DNK,steel,2065,downcycling,2.137372713868574e-7
C-WEU-DNK,steel,2065,incineration,0.00251187927466041
C-WEU-DNK,steel,2065,landfilling,9.988136998518198e-4
C-WEU-DNK,steel,2065,recycling,0.9964890932882164
C-WEU-DNK,steel,2065,reuse,0
C-WEU-DNK,steel,2070,downcycling,2.137372713868574e-7
C-WEU-DNK,steel,2070,incineration,0.00251187927466041
C-WEU-DNK,steel,2070,landfilling,9.988136998518198e-4
C-WEU-DNK,steel,2070,recycling,0.9964890932882164
C-WEU-DNK,steel,2070,reuse,0
C-WEU-DNK,steel,2075,downcycling,2.137372713868574e-7
C-WEU-DNK,steel,2075,incineration,0.00251187927466041
C-WEU-DNK,steel,2075,landfilling,9.988136998518198e-4
C-WEU-DNK,steel,2075,recycling,0.9964890932882164
C-WEU-DNK,steel,2075,reuse,0
C-WEU-DNK,steel,2080,downcycling,2.137372713868574e-7
C-WEU-DNK,steel,2080,incineration,0.00251187927466041
C-WEU-DNK,steel,2080,landfilling,9.988136998518198e-4
C-WEU-DNK,steel,2080,recycling,0.9964890932882164
C-WEU-DNK,steel,2080,reuse,0
C-WEU-DNK,steel,2085,downcycling,2.137372713868574e-7
C-WEU-DNK,steel,2085,incineration,0.00251187927466041
C-WEU-DNK,steel,2085,landfilling,9.988136998518198e-4
C-WEU-DNK,steel,2085,recycling,0.9964890932882164
C-WEU-DNK,steel,2085,reuse,0
C-WEU-DNK,steel,2090,downcycling,2.137372713868574e-7
C-WEU-DNK,steel,2090,incineration,0.00251187927466041
C-WEU-DNK,steel,2090,landfilling,9.988136998518198e-4
C-WEU-DNK,steel,2090,recycling,0.9964890932882164
C-WEU-DNK,steel,2090,reuse,0
C-WEU-DNK,steel,2095,downcycling,2.137372713868574e-7
C-WEU-DNK,steel,2095,incineration,0.00251187927466041
C-WEU-DNK,steel,2095,landfilling,9.988136998518198e-4
C-WEU-DNK,steel,2095,recycling,0.9964890932882164
C-WEU-DNK,steel,2095,reuse,0
C-WEU-DNK,steel,2100,downcycling,2.137372713868574e-7
C-WEU-DNK,steel,2100,incineration,0.00251187927466041
C-WEU-DNK,steel,2100,landfilling,9.988136998518198e-4
C-WEU-DNK,steel,2100,recycling,0.9964890932882164
C-WEU-DNK,steel,2100,reuse,0
C-WEU-DNK,wood,2015,downcycling,0
C-WEU-DNK,wood,2015,incineration,0.64
C-WEU-DNK,wood,2015,landfilling,0.06
C-WEU-DNK,wood,2015,recycling,0.3
C-WEU-DNK,wood,2015,reuse,0
C-WEU-DNK,wood,2020,downcycling,0
C-WEU-DNK,wood,2020,incineration,0.64
C-WEU-DNK,wood,2020,landfilling,0.06
C-WEU-DNK,wood,2020,recycling,0.3
C-WEU-DNK,wood,2020,reuse,0
C-WEU-DNK,wood,2025,downcycling,0
C-WEU-DNK,wood,2025,incineration,0.64
C-WEU-DNK,wood,2025,landfilling,0.06
C-WEU-DNK,wood,2025,recycling,0.3
C-WEU-DNK,wood,2025,reuse,0
C-WEU-DNK,wood,2030,downcycling,0
C-WEU-DNK,wood,2030,incineration,0.64
C-WEU-DNK,wood,2030,landfilling,0.06
C-WEU-DNK,wood,2030,recycling,0.3
C-WEU-DNK,wood,2030,reuse,0
C-WEU-DNK,wood,2035,downcycling,0
C-WEU-DNK,wood,2035,incineration,0.64
C-WEU-DNK,wood,2035,landfilling,0.06
C-WEU-DNK,wood,2035,recycling,0.3
C-WEU-DNK,wood,2035,reuse,0
C-WEU-DNK,wood,2040,downcycling,0
C-WEU-DNK,wood,2040,incineration,0.64
C-WEU-DNK,wood,2040,landfilling,0.06
C-WEU-DNK,wood,2040,recycling,0.3
C-WEU-DNK,wood,2040,reuse,0
C-WEU-DNK,wood,2045,downcycling,0
C-WEU-DNK,wood,2045,incineration,0.64
C-WEU-DNK,wood,2045,landfilling,0.06
C-WEU-DNK,wood,2045,recycling,0.3
C-WEU-DNK,wood,2045,reuse,0
C-WEU-DNK,wood,2050,downcycling,0
C-WEU-DNK,wood,2050,incineration,0.64
C-WEU-DNK,wood,2050,landfilling,0.06
C-WEU-DNK,wood,2050,recycling,0.3
C-WEU-DNK,wood,2050,reuse,0
C-WEU-DNK,wood,2055,downcycling,0
C-WEU-DNK,wood,2055,incineration,0.64
C-WEU-DNK,wood,2055,landfilling,0.06
C-WEU-DNK,wood,2055,recycling,0.3
C-WEU-DNK,wood,2055,reuse,0
C-WEU-DNK,wood,2060,downcycling,0
C-WEU-DNK,wood,2060,incineration,0.64
C-WEU-DNK,wood,2060,landfilling,0.06
C-WEU-DNK,wood,2060,recycling,0.3
C-WEU-DNK,wood,2060,reuse,0
C-WEU-DNK,wood,2065,downcycling,0
C-WEU-DNK,wood,2065,incineration,0.64
C-WEU-DNK,wood,2065,landfilling,0.06
C-WEU-DNK,wood,2065,recycling,0.3
C-WEU-DNK,wood,2065,reuse,0
C-WEU-DNK,wood,2070,downcycling,0
C-WEU-DNK,wood,2070,incineration,0.64
C-WEU-DNK,wood,2070,landfilling,0.06
C-WEU-DNK,wood,2070,recycling,0.3
C-WEU-DNK,wood,2070,reuse,0
C-WEU-DNK,wood,2075,downcycling,0
C-WEU-DNK,wood,2075,incineration,0.64
C-WEU-DNK,wood,2075,landfilling,0.06
C-WEU-DNK,wood,2075,recycling,0.3
C-WEU-DNK,wood,2075,reuse,0
C-WEU-DNK,wood,2080,downcycling,0
C-WEU-DNK,wood,2080,incineration,0.64
C-WEU-DNK,wood,2080,landfilling,0.06
C-WEU-DNK,wood,2080,recycling,0.3
C-WEU-DNK,wood,2080,reuse,0
C-WEU-DNK,wood,2085,downcycling,0
C-WEU-DNK,wood,2085,incineration,0.64
C-WEU-DNK,wood,2085,landfilling,0.06
C-WEU-DNK,wood,2085,recycling,0.3
C-WEU-DNK,wood,2085,reuse,0
C-WEU-DNK,wood,2090,downcycling,0
C-WEU-DNK,wood,2090,incineration,0.64
C-WEU-DNK,wood,2090,landfilling,0.06
C-WEU-DNK,wood,2090,recycling,0.3
C-WEU-DNK,wood,2090,reuse,0
C-WEU-DNK,wood,2095,downcycling,0
C-WEU-DNK,wood,2095,incineration,0.64
C-WEU-DNK,wood,2095,landfilling,0.06
C-WEU-DNK,wood,2095,recycling,0.3
C-WEU-DNK,wood,2095,reuse,0
C-WEU-DNK,wood,2100,downcycling,0
C-WEU-DNK,wood,2100,incineration,0.64
C-WEU-DNK,wood,2100,landfilling,0.06
C-WEU-DNK,wood,2100,recycling,0.3
C-WEU-DNK,wood,2100,reuse,0
C-WEU-ESP,aluminum,2015,downcycling,0
C-WEU-ESP,aluminum,2015,incineration,0
C-WEU-ESP,aluminum,2015,landfilling,0.0185891300588476
C-WEU-ESP,aluminum,2015,recycling,0.9814108699411525
C-WEU-ESP,aluminum,2015,reuse,0
C-WEU-ESP,aluminum,2020,downcycling,0
C-WEU-ESP,aluminum,2020,incineration,0
C-WEU-ESP,aluminum,2020,landfilling,0.0185891300588476
C-WEU-ESP,aluminum,2020,recycling,0.9814108699411525
C-WEU-ESP,aluminum,2020,reuse,0
C-WEU-ESP,aluminum,2025,downcycling,0
C-WEU-ESP,aluminum,2025,incineration,0
C-WEU-ESP,aluminum,2025,landfilling,0.0185891300588476
C-WEU-ESP,aluminum,2025,recycling,0.9814108699411525
C-WEU-ESP,aluminum,2025,reuse,0
C-WEU-ESP,aluminum,2030,downcycling,0
C-WEU-ESP,aluminum,2030,incineration,0
C-WEU-ESP,aluminum,2030,landfilling,0.0185891300588476
C-WEU-ESP,aluminum,2030,recycling,0.9814108699411525
C-WEU-ESP,aluminum,2030,reuse,0
C-WEU-ESP,aluminum,2035,downcycling,0
C-WEU-ESP,aluminum,2035,incineration,0
C-WEU-ESP,aluminum,2035,landfilling,0.0185891300588476
C-WEU-ESP,aluminum,2035,recycling,0.9814108699411525
C-WEU-ESP,aluminum,2035,reuse,0
C-WEU-ESP,aluminum,2040,downcycling,0
C-WEU-ESP,aluminum,2040,incineration,0
C-WEU-ESP,aluminum,2040,landfilling,0.0185891300588476
C-WEU-ESP,aluminum,2040,recycling,0.9814108699411525
C-WEU-ESP,aluminum,2040,reuse,0
C-WEU-ESP,aluminum,2045,downcycling,0
C-WEU-ESP,aluminum,2045,incineration,0
C-WEU-ESP,aluminum,2045,landfilling,0.0185891300588476
C-WEU-ESP,aluminum,2045,recycling,0.9814108699411525
C-WEU-ESP,aluminum,2045,reuse,0
C-WEU-ESP,aluminum,2050,downcycling,0
C-WEU-ESP,aluminum,2050,incineration,0
C-WEU-ESP,aluminum,2050,landfilling,0.0185891300588476
C-WEU-ESP,aluminum,2050,recycling,0.9814108699411525
C-WEU-ESP,aluminum,2050,reuse,0
C-WEU-ESP,aluminum,2055,downcycling,0
C-WEU-ESP,aluminum,2055,incineration,0
C-WEU-ESP,aluminum,2055,landfilling,0.0185891300588476
C-WEU-ESP,aluminum,2055,recycling,0.9814108699411525
C-WEU-ESP,aluminum,2055,reuse,0
C-WEU-ESP,aluminum,2060,downcycling,0
C-WEU-ESP,aluminum,2060,incineration,0
C-WEU-ESP,aluminum,2060,landfilling,0.0185891300588476
C-WEU-ESP,aluminum,2060,recycling,0.9814108699411525
C-WEU-ESP,aluminum,2060,reuse,0
C-WEU-ESP,aluminum,2065,downcycling,0
C-WEU-ESP,aluminum,2065,incineration,0
C-WEU-ESP,aluminum,2065,landfilling,0.0185891300588476
C-WEU-ESP,aluminum,2065,recycling,0.9814108699411525
C-WEU-ESP,aluminum,2065,reuse,0
C-WEU-ESP,aluminum,2070,downcycling,0
C-WEU-ESP,aluminum,2070,incineration,0
C-WEU-ESP,aluminum,2070,landfilling,0.0185891300588476
C-WEU-ESP,aluminum,2070,recycling,0.9814108699411525
C-WEU-ESP,aluminum,2070,reuse,0
C-WEU-ESP,aluminum,2075,downcycling,0
C-WEU-ESP,aluminum,2075,incineration,0
C-WEU-ESP,aluminum,2075,landfilling,0.0185891300588476
C-WEU-ESP,aluminum,2075,recycling,0.9814108699411525
C-WEU-ESP,aluminum,2075,reuse,0
C-WEU-ESP,aluminum,2080,downcycling,0
C-WEU-ESP,aluminum,2080,incineration,0
C-WEU-ESP,aluminum,2080,landfilling,0.0185891300588476
C-WEU-ESP,aluminum,2080,recycling,0.9814108699411525
C-WEU-ESP,aluminum,2080,reuse,0
C-WEU-ESP,aluminum,2085,downcycling,0
C-WEU-ESP,aluminum,2085,incineration,0
C-WEU-ESP,aluminum,2085,landfilling,0.0185891300588476
C-WEU-ESP,aluminum,2085,recycling,0.9814108699411525
C-WEU-ESP,aluminum,2085,reuse,0
C-WEU-ESP,aluminum,2090,downcycling,0
C-WEU-ESP,aluminum,2090,incineration,0
C-WEU-ESP,aluminum,2090,landfilling,0.0185891300588476
C-WEU-ESP,aluminum,2090,recycling,0.9814108699411525
C-WEU-ESP,aluminum,2090,reuse,0
C-WEU-ESP,aluminum,2095,downcycling,0
C-WEU-ESP,aluminum,2095,incineration,0
C-WEU-ESP,aluminum,2095,landfilling,0.0185891300588476
C-WEU-ESP,aluminum,2095,recycling,0.9814108699411525
C-WEU-ESP,aluminum,2095,reuse,0
C-WEU-ESP,aluminum,2100,downcycling,0
C-WEU-ESP,aluminum,2100,incineration,0
C-WEU-ESP,aluminum,2100,landfilling,0.0185891300588476
C-WEU-ESP,aluminum,2100,recycling,0.9814108699411525
C-WEU-ESP,aluminum,2100,reuse,0
C-WEU-ESP,brick,2015,downcycling,0.04007719489118303
C-WEU-ESP,brick,2015,incineration,0
C-WEU-ESP,brick,2015,landfilling,0.2518349967771469
C-WEU-ESP,brick,2015,recycling,0.7080878083316701
C-WEU-ESP,brick,2015,reuse,0
C-WEU-ESP,brick,2020,downcycling,0.04007719489118303
C-WEU-ESP,brick,2020,incineration,0
C-WEU-ESP,brick,2020,landfilling,0.2518349967771469
C-WEU-ESP,brick,2020,recycling,0.7080878083316701
C-WEU-ESP,brick,2020,reuse,0
C-WEU-ESP,brick,2025,downcycling,0.04007719489118303
C-WEU-ESP,brick,2025,incineration,0
C-WEU-ESP,brick,2025,landfilling,0.2518349967771469
C-WEU-ESP,brick,2025,recycling,0.7080878083316701
C-WEU-ESP,brick,2025,reuse,0
C-WEU-ESP,brick,2030,downcycling,0.04007719489118303
C-WEU-ESP,brick,2030,incineration,0
C-WEU-ESP,brick,2030,landfilling,0.2518349967771469
C-WEU-ESP,brick,2030,recycling,0.7080878083316701
C-WEU-ESP,brick,2030,reuse,0
C-WEU-ESP,brick,2035,downcycling,0.04007719489118303
C-WEU-ESP,brick,2035,incineration,0
C-WEU-ESP,brick,2035,landfilling,0.2518349967771469
C-WEU-ESP,brick,2035,recycling,0.7080878083316701
C-WEU-ESP,brick,2035,reuse,0
C-WEU-ESP,brick,2040,downcycling,0.04007719489118303
C-WEU-ESP,brick,2040,incineration,0
C-WEU-ESP,brick,2040,landfilling,0.2518349967771469
C-WEU-ESP,brick,2040,recycling,0.7080878083316701
C-WEU-ESP,brick,2040,reuse,0
C-WEU-ESP,brick,2045,downcycling,0.04007719489118303
C-WEU-ESP,brick,2045,incineration,0
C-WEU-ESP,brick,2045,landfilling,0.2518349967771469
C-WEU-ESP,brick,2045,recycling,0.7080878083316701
C-WEU-ESP,brick,2045,reuse,0
C-WEU-ESP,brick,2050,downcycling,0.04007719489118303
C-WEU-ESP,brick,2050,incineration,0
C-WEU-ESP,brick,2050,landfilling,0.2518349967771469
C-WEU-ESP,brick,2050,recycling,0.7080878083316701
C-WEU-ESP,brick,2050,reuse,0
C-WEU-ESP,brick,2055,downcycling,0.04007719489118303
C-WEU-ESP,brick,2055,incineration,0
C-WEU-ESP,brick,2055,landfilling,0.2518349967771469
C-WEU-ESP,brick,2055,recycling,0.7080878083316701
C-WEU-ESP,brick,2055,reuse,0
C-WEU-ESP,brick,2060,downcycling,0.04007719489118303
C-WEU-ESP,brick,2060,incineration,0
C-WEU-ESP,brick,2060,landfilling,0.2518349967771469
C-WEU-ESP,brick,2060,recycling,0.7080878083316701
C-WEU-ESP,brick,2060,reuse,0
C-WEU-ESP,brick,2065,downcycling,0.04007719489118303
C-WEU-ESP,brick,2065,incineration,0
C-WEU-ESP,brick,2065,landfilling,0.2518349967771469
C-WEU-ESP,brick,2065,recycling,0.7080878083316701
C-WEU-ESP,brick,2065,reuse,0
C-WEU-ESP,brick,2070,downcycling,0.04007719489118303
C-WEU-ESP,brick,2070,incineration,0
C-WEU-ESP,brick,2070,landfilling,0.2518349967771469
C-WEU-ESP,brick,2070,recycling,0.7080878083316701
C-WEU-ESP,brick,2070,reuse,0
C-WEU-ESP,brick,2075,downcycling,0.04007719489118303
C-WEU-ESP,brick,2075,incineration,0
C-WEU-ESP,brick,2075,landfilling,0.2518349967771469
C-WEU-ESP,brick,2075,recycling,0.7080878083316701
C-WEU-ESP,brick,2075,reuse,0
C-WEU-ESP,brick,2080,downcycling,0.04007719489118303
C-WEU-ESP,brick,2080,incineration,0
C-WEU-ESP,brick,2080,landfilling,0.2518349967771469
C-WEU-ESP,brick,2080,recycling,0.7080878083316701
C-WEU-ESP,brick,2080,reuse,0
C-WEU-ESP,brick,2085,downcycling,0.04007719489118303
C-WEU-ESP,brick,2085,incineration,0
C-WEU-ESP,brick,2085,landfilling,0.2518349967771469
C-WEU-ESP,brick,2085,recycling,0.7080878083316701
C-WEU-ESP,brick,2085,reuse,0
C-WEU-ESP,brick,2090,downcycling,0.04007719489118303
C-WEU-ESP,brick,2090,incineration,0
C-WEU-ESP,brick,2090,landfilling,0.2518349967771469
C-WEU-ESP,brick,2090,recycling,0.7080878083316701
C-WEU-ESP,brick,2090,reuse,0
C-WEU-ESP,brick,2095,downcycling,0.04007719489118303
C-WEU-ESP,brick,2095,incineration,0
C-WEU-ESP,brick,2095,landfilling,0.2518349967771469
C-WEU-ESP,brick,2095,recycling,0.7080878083316701
C-WEU-ESP,brick,2095,reuse,0
C-WEU-ESP,brick,2100,downcycling,0.04007719489118303
C-WEU-ESP,brick,2100,incineration,0
C-WEU-ESP,brick,2100,landfilling,0.2518349967771469
C-WEU-ESP,brick,2100,recycling,0.7080878083316701
C-WEU-ESP,brick,2100,reuse,0
C-WEU-ESP,concrete,2015,downcycling,0.04007719489118303
C-WEU-ESP,concrete,2015,incineration,0
C-WEU-ESP,concrete,2015,landfilling,0.2518349967771469
C-WEU-ESP,concrete,2015,recycling,0.7080878083316701
C-WEU-ESP,concrete,2015,reuse,0
C-WEU-ESP,concrete,2020,downcycling,0.04007719489118303
C-WEU-ESP,concrete,2020,incineration,0
C-WEU-ESP,concrete,2020,landfilling,0.2518349967771469
C-WEU-ESP,concrete,2020,recycling,0.7080878083316701
C-WEU-ESP,concrete,2020,reuse,0
C-WEU-ESP,concrete,2025,downcycling,0.04007719489118303
C-WEU-ESP,concrete,2025,incineration,0
C-WEU-ESP,concrete,2025,landfilling,0.2518349967771469
C-WEU-ESP,concrete,2025,recycling,0.7080878083316701
C-WEU-ESP,concrete,2025,reuse,0
C-WEU-ESP,concrete,2030,downcycling,0.04007719489118303
C-WEU-ESP,concrete,2030,incineration,0
C-WEU-ESP,concrete,2030,landfilling,0.2518349967771469
C-WEU-ESP,concrete,2030,recycling,0.7080878083316701
C-WEU-ESP,concrete,2030,reuse,0
C-WEU-ESP,concrete,2035,downcycling,0.04007719489118303
C-WEU-ESP,concrete,2035,incineration,0
C-WEU-ESP,concrete,2035,landfilling,0.2518349967771469
C-WEU-ESP,concrete,2035,recycling,0.7080878083316701
C-WEU-ESP,concrete,2035,reuse,0
C-WEU-ESP,concrete,2040,downcycling,0.04007719489118303
C-WEU-ESP,concrete,2040,incineration,0
C-WEU-ESP,concrete,2040,landfilling,0.2518349967771469
C-WEU-ESP,concrete,2040,recycling,0.7080878083316701
C-WEU-ESP,concrete,2040,reuse,0
C-WEU-ESP,concrete,2045,downcycling,0.04007719489118303
C-WEU-ESP,concrete,2045,incineration,0
C-WEU-ESP,concrete,2045,landfilling,0.2518349967771469
C-WEU-ESP,concrete,2045,recycling,0.7080878083316701
C-WEU-ESP,concrete,2045,reuse,0
C-WEU-ESP,concrete,2050,downcycling,0.04007719489118303
C-WEU-ESP,concrete,2050,incineration,0
C-WEU-ESP,concrete,2050,landfilling,0.2518349967771469
C-WEU-ESP,concrete,2050,recycling,0.7080878083316701
C-WEU-ESP,concrete,2050,reuse,0
C-WEU-ESP,concrete,2055,downcycling,0.04007719489118303
C-WEU-ESP,concrete,2055,incineration,0
C-WEU-ESP,concrete,2055,landfilling,0.2518349967771469
C-WEU-ESP,concrete,2055,recycling,0.7080878083316701
C-WEU-ESP,concrete,2055,reuse,0
C-WEU-ESP,concrete,2060,downcycling,0.04007719489118303
C-WEU-ESP,concrete,2060,incineration,0
C-WEU-ESP,concrete,2060,landfilling,0.2518349967771469
C-WEU-ESP,concrete,2060,recycling,0.7080878083316701
C-WEU-ESP,concrete,2060,reuse,0
C-WEU-ESP,concrete,2065,downcycling,0.04007719489118303
C-WEU-ESP,concrete,2065,incineration,0
C-WEU-ESP,concrete,2065,landfilling,0.2518349967771469
C-WEU-ESP,concrete,2065,recycling,0.7080878083316701
C-WEU-ESP,concrete,2065,reuse,0
C-WEU-ESP,concrete,2070,downcycling,0.04007719489118303
C-WEU-ESP,concrete,2070,incineration,0
C-WEU-ESP,concrete,2070,landfilling,0.2518349967771469
C-WEU-ESP,concrete,2070,recycling,0.7080878083316701
C-WEU-ESP,concrete,2070,reuse,0
C-WEU-ESP,concrete,2075,downcycling,0.04007719489118303
C-WEU-ESP,concrete,2075,incineration,0
C-WEU-ESP,concrete,2075,landfilling,0.2518349967771469
C-WEU-ESP,concrete,2075,recycling,0.7080878083316701
C-WEU-ESP,concrete,2075,reuse,0
C-WEU-ESP,concrete,2080,downcycling,0.04007719489118303
C-WEU-ESP,concrete,2080,incineration,0
C-WEU-ESP,concrete,2080,landfilling,0.2518349967771469
C-WEU-ESP,concrete,2080,recycling,0.7080878083316701
C-WEU-ESP,concrete,2080,reuse,0
C-WEU-ESP,concrete,2085,downcycling,0.04007719489118303
C-WEU-ESP,concrete,2085,incineration,0
C-WEU-ESP,concrete,2085,landfilling,0.2518349967771469
C-WEU-ESP,concrete,2085,recycling,0.7080878083316701
C-WEU-ESP,concrete,2085,reuse,0
C-WEU-ESP,concrete,2090,downcycling,0.04007719489118303
C-WEU-ESP,concrete,2090,incineration,0
C-WEU-ESP,concrete,2090,landfilling,0.2518349967771469
C-WEU-ESP,concrete,2090,recycling,0.7080878083316701
C-WEU-ESP,concrete,2090,reuse,0
C-WEU-ESP,concrete,2095,downcycling,0.04007719489118303
C-WEU-ESP,concrete,2095,incineration,0
C-WEU-ESP,concrete,2095,landfilling,0.2518349967771469
C-WEU-ESP,concrete,2095,recycling,0.7080878083316701
C-WEU-ESP,concrete,2095,reuse,0
C-WEU-ESP,concrete,2100,downcycling,0.04007719489118303
C-WEU-ESP,concrete,2100,incineration,0
C-WEU-ESP,concrete,2100,landfilling,0.2518349967771469
C-WEU-ESP,concrete,2100,recycling,0.7080878083316701
C-WEU-ESP,concrete,2100,reuse,0
C-WEU-ESP,copper,2015,downcycling,0
C-WEU-ESP,copper,2015,incineration,0
C-WEU-ESP,copper,2015,landfilling,0.0185891300588476
C-WEU-ESP,copper,2015,recycling,0.9814108699411525
C-WEU-ESP,copper,2015,reuse,0
C-WEU-ESP,copper,2020,downcycling,0
C-WEU-ESP,copper,2020,incineration,0
C-WEU-ESP,copper,2020,landfilling,0.0185891300588476
C-WEU-ESP,copper,2020,recycling,0.9814108699411525
C-WEU-ESP,copper,2020,reuse,0
C-WEU-ESP,copper,2025,downcycling,0
C-WEU-ESP,copper,2025,incineration,0
C-WEU-ESP,copper,2025,landfilling,0.0185891300588476
C-WEU-ESP,copper,2025,recycling,0.9814108699411525
C-WEU-ESP,copper,2025,reuse,0
C-WEU-ESP,copper,2030,downcycling,0
C-WEU-ESP,copper,2030,incineration,0
C-WEU-ESP,copper,2030,landfilling,0.0185891300588476
C-WEU-ESP,copper,2030,recycling,0.9814108699411525
C-WEU-ESP,copper,2030,reuse,0
C-WEU-ESP,copper,2035,downcycling,0
C-WEU-ESP,copper,2035,incineration,0
C-WEU-ESP,copper,2035,landfilling,0.0185891300588476
C-WEU-ESP,copper,2035,recycling,0.9814108699411525
C-WEU-ESP,copper,2035,reuse,0
C-WEU-ESP,copper,2040,downcycling,0
C-WEU-ESP,copper,2040,incineration,0
C-WEU-ESP,copper,2040,landfilling,0.0185891300588476
C-WEU-ESP,copper,2040,recycling,0.9814108699411525
C-WEU-ESP,copper,2040,reuse,0
C-WEU-ESP,copper,2045,downcycling,0
C-WEU-ESP,copper,2045,incineration,0
C-WEU-ESP,copper,2045,landfilling,0.0185891300588476
C-WEU-ESP,copper,2045,recycling,0.9814108699411525
C-WEU-ESP,copper,2045,reuse,0
C-WEU-ESP,copper,2050,downcycling,0
C-WEU-ESP,copper,2050,incineration,0
C-WEU-ESP,copper,2050,landfilling,0.0185891300588476
C-WEU-ESP,copper,2050,recycling,0.9814108699411525
C-WEU-ESP,copper,2050,reuse,0
C-WEU-ESP,copper,2055,downcycling,0
C-WEU-ESP,copper,2055,incineration,0
C-WEU-ESP,copper,2055,landfilling,0.0185891300588476
C-WEU-ESP,copper,2055,recycling,0.9814108699411525
C-WEU-ESP,copper,2055,reuse,0
C-WEU-ESP,copper,2060,downcycling,0
C-WEU-ESP,copper,2060,incineration,0
C-WEU-ESP,copper,2060,landfilling,0.0185891300588476
C-WEU-ESP,copper,2060,recycling,0.9814108699411525
C-WEU-ESP,copper,2060,reuse,0
C-WEU-ESP,copper,2065,downcycling,0
C-WEU-ESP,copper,2065,incineration,0
C-WEU-ESP,copper,2065,landfilling,0.0185891300588476
C-WEU-ESP,copper,2065,recycling,0.9814108699411525
C-WEU-ESP,copper,2065,reuse,0
C-WEU-ESP,copper,2070,downcycling,0
C-WEU-ESP,copper,2070,incineration,0
C-WEU-ESP,copper,2070,landfilling,0.0185891300588476
C-WEU-ESP,copper,2070,recycling,0.9814108699411525
C-WEU-ESP,copper,2070,reuse,0
C-WEU-ESP,copper,2075,downcycling,0
C-WEU-ESP,copper,2075,incineration,0
C-WEU-ESP,copper,2075,landfilling,0.0185891300588476
C-WEU-ESP,copper,2075,recycling,0.9814108699411525
C-WEU-ESP,copper,2075,reuse,0
C-WEU-ESP,copper,2080,downcycling,0
C-WEU-ESP,copper,2080,incineration,0
C-WEU-ESP,copper,2080,landfilling,0.0185891300588476
C-WEU-ESP,copper,2080,recycling,0.9814108699411525
C-WEU-ESP,copper,2080,reuse,0
C-WEU-ESP,copper,2085,downcycling,0
C-WEU-ESP,copper,2085,incineration,0
C-WEU-ESP,copper,2085,landfilling,0.0185891300588476
C-WEU-ESP,copper,2085,recycling,0.9814108699411525
C-WEU-ESP,copper,2085,reuse,0
C-WEU-ESP,copper,2090,downcycling,0
C-WEU-ESP,copper,2090,incineration,0
C-WEU-ESP,copper,2090,landfilling,0.0185891300588476
C-WEU-ESP,copper,2090,recycling,0.9814108699411525
C-WEU-ESP,copper,2090,reuse,0
C-WEU-ESP,copper,2095,downcycling,0
C-WEU-ESP,copper,2095,incineration,0
C-WEU-ESP,copper,2095,landfilling,0.0185891300588476
C-WEU-ESP,copper,2095,recycling,0.9814108699411525
C-WEU-ESP,copper,2095,reuse,0
C-WEU-ESP,copper,2100,downcycling,0
C-WEU-ESP,copper,2100,incineration,0
C-WEU-ESP,copper,2100,landfilling,0.0185891300588476
C-WEU-ESP,copper,2100,recycling,0.9814108699411525
C-WEU-ESP,copper,2100,reuse,0
C-WEU-ESP,glass,2015,downcycling,0.24
C-WEU-ESP,glass,2015,incineration,0
C-WEU-ESP,glass,2015,landfilling,0.7
C-WEU-ESP,glass,2015,recycling,0.06
C-WEU-ESP,glass,2015,reuse,0
C-WEU-ESP,glass,2020,downcycling,0.24
C-WEU-ESP,glass,2020,incineration,0
C-WEU-ESP,glass,2020,landfilling,0.7
C-WEU-ESP,glass,2020,recycling,0.06
C-WEU-ESP,glass,2020,reuse,0
C-WEU-ESP,glass,2025,downcycling,0.24
C-WEU-ESP,glass,2025,incineration,0
C-WEU-ESP,glass,2025,landfilling,0.7
C-WEU-ESP,glass,2025,recycling,0.06
C-WEU-ESP,glass,2025,reuse,0
C-WEU-ESP,glass,2030,downcycling,0.24
C-WEU-ESP,glass,2030,incineration,0
C-WEU-ESP,glass,2030,landfilling,0.7
C-WEU-ESP,glass,2030,recycling,0.06
C-WEU-ESP,glass,2030,reuse,0
C-WEU-ESP,glass,2035,downcycling,0.24
C-WEU-ESP,glass,2035,incineration,0
C-WEU-ESP,glass,2035,landfilling,0.7
C-WEU-ESP,glass,2035,recycling,0.06
C-WEU-ESP,glass,2035,reuse,0
C-WEU-ESP,glass,2040,downcycling,0.24
C-WEU-ESP,glass,2040,incineration,0
C-WEU-ESP,glass,2040,landfilling,0.7
C-WEU-ESP,glass,2040,recycling,0.06
C-WEU-ESP,glass,2040,reuse,0
C-WEU-ESP,glass,2045,downcycling,0.24
C-WEU-ESP,glass,2045,incineration,0
C-WEU-ESP,glass,2045,landfilling,0.7
C-WEU-ESP,glass,2045,recycling,0.06
C-WEU-ESP,glass,2045,reuse,0
C-WEU-ESP,glass,2050,downcycling,0.24
C-WEU-ESP,glass,2050,incineration,0
C-WEU-ESP,glass,2050,landfilling,0.7
C-WEU-ESP,glass,2050,recycling,0.06
C-WEU-ESP,glass,2050,reuse,0
C-WEU-ESP,glass,2055,downcycling,0.24
C-WEU-ESP,glass,2055,incineration,0
C-WEU-ESP,glass,2055,landfilling,0.7
C-WEU-ESP,glass,2055,recycling,0.06
C-WEU-ESP,glass,2055,reuse,0
C-WEU-ESP,glass,2060,downcycling,0.24
C-WEU-ESP,glass,2060,incineration,0
C-WEU-ESP,glass,2060,landfilling,0.7
C-WEU-ESP,glass,2060,recycling,0.06
C-WEU-ESP,glass,2060,reuse,0
C-WEU-ESP,glass,2065,downcycling,0.24
C-WEU-ESP,glass,2065,incineration,0
C-WEU-ESP,glass,2065,landfilling,0.7
C-WEU-ESP,glass,2065,recycling,0.06
C-WEU-ESP,glass,2065,reuse,0
C-WEU-ESP,glass,2070,downcycling,0.24
C-WEU-ESP,glass,2070,incineration,0
C-WEU-ESP,glass,2070,landfilling,0.7
C-WEU-ESP,glass,2070,recycling,0.06
C-WEU-ESP,glass,2070,reuse,0
C-WEU-ESP,glass,2075,downcycling,0.24
C-WEU-ESP,glass,2075,incineration,0
C-WEU-ESP,glass,2075,landfilling,0.7
C-WEU-ESP,glass,2075,recycling,0.06
C-WEU-ESP,glass,2075,reuse,0
C-WEU-ESP,glass,2080,downcycling,0.24
C-WEU-ESP,glass,2080,incineration,0
C-WEU-ESP,glass,2080,landfilling,0.7
C-WEU-ESP,glass,2080,recycling,0.06
C-WEU-ESP,glass,2080,reuse,0
C-WEU-ESP,glass,2085,downcycling,0.24
C-WEU-ESP,glass,2085,incineration,0
C-WEU-ESP,glass,2085,landfilling,0.7
C-WEU-ESP,glass,2085,recycling,0.06
C-WEU-ESP,glass,2085,reuse,0
C-WEU-ESP,glass,2090,downcycling,0.24
C-WEU-ESP,glass,2090,incineration,0
C-WEU-ESP,glass,2090,landfilling,0.7
C-WEU-ESP,glass,2090,recycling,0.06
C-WEU-ESP,glass,2090,reuse,0
C-WEU-ESP,glass,2095,downcycling,0.24
C-WEU-ESP,glass,2095,incineration,0
C-WEU-ESP,glass,2095,landfilling,0.7
C-WEU-ESP,glass,2095,recycling,0.06
C-WEU-ESP,glass,2095,reuse,0
C-WEU-ESP,glass,2100,downcycling,0.24
C-WEU-ESP,glass,2100,incineration,0
C-WEU-ESP,glass,2100,landfilling,0.7
C-WEU-ESP,glass,2100,recycling,0.06
C-WEU-ESP,glass,2100,reuse,0
C-WEU-ESP,steel,2015,downcycling,0
C-WEU-ESP,steel,2015,incineration,0
C-WEU-ESP,steel,2015,landfilling,1.336945836932677e-4
C-WEU-ESP,steel,2015,recycling,0.9998663054163068
C-WEU-ESP,steel,2015,reuse,0
C-WEU-ESP,steel,2020,downcycling,0
C-WEU-ESP,steel,2020,incineration,0
C-WEU-ESP,steel,2020,landfilling,1.336945836932677e-4
C-WEU-ESP,steel,2020,recycling,0.9998663054163068
C-WEU-ESP,steel,2020,reuse,0
C-WEU-ESP,steel,2025,downcycling,0
C-WEU-ESP,steel,2025,incineration,0
C-WEU-ESP,steel,2025,landfilling,1.336945836932677e-4
C-WEU-ESP,steel,2025,recycling,0.9998663054163068
C-WEU-ESP,steel,2025,reuse,0
C-WEU-ESP,steel,2030,downcycling,0
C-WEU-ESP,steel,2030,incineration,0
C-WEU-ESP,steel,2030,landfilling,1.336945836932677e-4
C-WEU-ESP,steel,2030,recycling,0.9998663054163068
C-WEU-ESP,steel,2030,reuse,0
C-WEU-ESP,steel,2035,downcycling,0
C-WEU-ESP,steel,2035,incineration,0
C-WEU-ESP,steel,2035,landfilling,1.336945836932677e-4
C-WEU-ESP,steel,2035,recycling,0.9998663054163068
C-WEU-ESP,steel,2035,reuse,0
C-WEU-ESP,steel,2040,downcycling,0
C-WEU-ESP,steel,2040,incineration,0
C-WEU-ESP,steel,2040,landfilling,1.336945836932677e-4
C-WEU-ESP,steel,2040,recycling,0.9998663054163068
C-WEU-ESP,steel,2040,reuse,0
C-WEU-ESP,steel,2045,downcycling,0
C-WEU-ESP,steel,2045,incineration,0
C-WEU-ESP,steel,2045,landfilling,1.336945836932677e-4
C-WEU-ESP,steel,2045,recycling,0.9998663054163068
C-WEU-ESP,steel,2045,reuse,0
C-WEU-ESP,steel,2050,downcycling,0
C-WEU-ESP,steel,2050,incineration,0
C-WEU-ESP,steel,2050,landfilling,1.336945836932677e-4
C-WEU-ESP,steel,2050,recycling,0.9998663054163068
C-WEU-ESP,steel,2050,reuse,0
C-WEU-ESP,steel,2055,downcycling,0
C-WEU-ESP,steel,2055,incineration,0
C-WEU-ESP,steel,2055,landfilling,1.336945836932677e-4
C-WEU-ESP,steel,2055,recycling,0.9998663054163068
C-WEU-ESP,steel,2055,reuse,0
C-WEU-ESP,steel,2060,downcycling,0
C-WEU-ESP,steel,2060,incineration,0
C-WEU-ESP,steel,2060,landfilling,1.336945836932677e-4
C-WEU-ESP,steel,2060,recycling,0.9998663054163068
C-WEU-ESP,steel,2060,reuse,0
C-WEU-ESP,steel,2065,downcycling,0
C-WEU-ESP,steel,2065,incineration,0
C-WEU-ESP,steel,2065,landfilling,1.336945836932677e-4
C-WEU-ESP,steel,2065,recycling,0.9998663054163068
C-WEU-ESP,steel,2065,reuse,0
C-WEU-ESP,steel,2070,downcycling,0
C-WEU-ESP,steel,2070,incineration,0
C-WEU-ESP,steel,2070,landfilling,1.336945836932677e-4
C-WEU-ESP,steel,2070,recycling,0.9998663054163068
C-WEU-ESP,steel,2070,reuse,0
C-WEU-ESP,steel,2075,downcycling,0
C-WEU-ESP,steel,2075,incineration,0
C-WEU-ESP,steel,2075,landfilling,1.336945836932677e-4
C-WEU-ESP,steel,2075,recycling,0.9998663054163068
C-WEU-ESP,steel,2075,reuse,0
C-WEU-ESP,steel,2080,downcycling,0
C-WEU-ESP,steel,2080,incineration,0
C-WEU-ESP,steel,2080,landfilling,1.336945836932677e-4
C-WEU-ESP,steel,2080,recycling,0.9998663054163068
C-WEU-ESP,steel,2080,reuse,0
C-WEU-ESP,steel,2085,downcycling,0
C-WEU-ESP,steel,2085,incineration,0
C-WEU-ESP,steel,2085,landfilling,1.336945836932677e-4
C-WEU-ESP,steel,2085,recycling,0.9998663054163068
C-WEU-ESP,steel,2085,reuse,0
C-WEU-ESP,steel,2090,downcycling,0
C-WEU-ESP,steel,2090,incineration,0
C-WEU-ESP,steel,2090,landfilling,1.336945836932677e-4
C-WEU-ESP,steel,2090,recycling,0.9998663054163068
C-WEU-ESP,steel,2090,reuse,0
C-WEU-ESP,steel,2095,downcycling,0
C-WEU-ESP,steel,2095,incineration,0
C-WEU-ESP,steel,2095,landfilling,1.336945836932677e-4
C-WEU-ESP,steel,2095,recycling,0.9998663054163068
C-WEU-ESP,steel,2095,reuse,0
C-WEU-ESP,steel,2100,downcycling,0
C-WEU-ESP,steel,2100,incineration,0
C-WEU-ESP,steel,2100,landfilling,1.336945836932677e-4
C-WEU-ESP,steel,2100,recycling,0.9998663054163068
C-WEU-ESP,steel,2100,reuse,0
C-WEU-ESP,wood,2015,downcycling,0
C-WEU-ESP,wood,2015,incineration,0.64
C-WEU-ESP,wood,2015,landfilling,0.06
C-WEU-ESP,wood,2015,recycling,0.3
C-WEU-ESP,wood,2015,reuse,0
C-WEU-ESP,wood,2020,downcycling,0
C-WEU-ESP,wood,2020,incineration,0.64
C-WEU-ESP,wood,2020,landfilling,0.06
C-WEU-ESP,wood,2020,recycling,0.3
C-WEU-ESP,wood,2020,reuse,0
C-WEU-ESP,wood,2025,downcycling,0
C-WEU-ESP,wood,2025,incineration,0.64
C-WEU-ESP,wood,2025,landfilling,0.06
C-WEU-ESP,wood,2025,recycling,0.3
C-WEU-ESP,wood,2025,reuse,0
C-WEU-ESP,wood,2030,downcycling,0
C-WEU-ESP,wood,2030,incineration,0.64
C-WEU-ESP,wood,2030,landfilling,0.06
C-WEU-ESP,wood,2030,recycling,0.3
C-WEU-ESP,wood,2030,reuse,0
C-WEU-ESP,wood,2035,downcycling,0
C-WEU-ESP,wood,2035,incineration,0.64
C-WEU-ESP,wood,2035,landfilling,0.06
C-WEU-ESP,wood,2035,recycling,0.3
C-WEU-ESP,wood,2035,reuse,0
C-WEU-ESP,wood,2040,downcycling,0
C-WEU-ESP,wood,2040,incineration,0.64
C-WEU-ESP,wood,2040,landfilling,0.06
C-WEU-ESP,wood,2040,recycling,0.3
C-WEU-ESP,wood,2040,reuse,0
C-WEU-ESP,wood,2045,downcycling,0
C-WEU-ESP,wood,2045,incineration,0.64
C-WEU-ESP,wood,2045,landfilling,0.06
C-WEU-ESP,wood,2045,recycling,0.3
C-WEU-ESP,wood,2045,reuse,0
C-WEU-ESP,wood,2050,downcycling,0
C-WEU-ESP,wood,2050,incineration,0.64
C-WEU-ESP,wood,2050,landfilling,0.06
C-WEU-ESP,wood,2050,recycling,0.3
C-WEU-ESP,wood,2050,reuse,0
C-WEU-ESP,wood,2055,downcycling,0
C-WEU-ESP,wood,2055,incineration,0.64
C-WEU-ESP,wood,2055,landfilling,0.06
C-WEU-ESP,wood,2055,recycling,0.3
C-WEU-ESP,wood,2055,reuse,0
C-WEU-ESP,wood,2060,downcycling,0
C-WEU-ESP,wood,2060,incineration,0.64
C-WEU-ESP,wood,2060,landfilling,0.06
C-WEU-ESP,wood,2060,recycling,0.3
C-WEU-ESP,wood,2060,reuse,0
C-WEU-ESP,wood,2065,downcycling,0
C-WEU-ESP,wood,2065,incineration,0.64
C-WEU-ESP,wood,2065,landfilling,0.06
C-WEU-ESP,wood,2065,recycling,0.3
C-WEU-ESP,wood,2065,reuse,0
C-WEU-ESP,wood,2070,downcycling,0
C-WEU-ESP,wood,2070,incineration,0.64
C-WEU-ESP,wood,2070,landfilling,0.06
C-WEU-ESP,wood,2070,recycling,0.3
C-WEU-ESP,wood,2070,reuse,0
C-WEU-ESP,wood,2075,downcycling,0
C-WEU-ESP,wood,2075,incineration,0.64
C-WEU-ESP,wood,2075,landfilling,0.06
C-WEU-ESP,wood,2075,recycling,0.3
C-WEU-ESP,wood,2075,reuse,0
C-WEU-ESP,wood,2080,downcycling,0
C-WEU-ESP,wood,2080,incineration,0.64
C-WEU-ESP,wood,2080,landfilling,0.06
C-WEU-ESP,wood,2080,recycling,0.3
C-WEU-ESP,wood,2080,reuse,0
C-WEU-ESP,wood,2085,downcycling,0
C-WEU-ESP,wood,2085,incineration,0.64
C-WEU-ESP,wood,2085,landfilling,0.06
C-WEU-ESP,wood,2085,recycling,0.3
C-WEU-ESP,wood,2085,reuse,0
C-WEU-ESP,wood,2090,downcycling,0
C-WEU-ESP,wood,2090,incineration,0.64
C-WEU-ESP,wood,2090,landfilling,0.06
C-WEU-ESP,wood,2090,recycling,0.3
C-WEU-ESP,wood,2090,reuse,0
C-WEU-ESP,wood,2095,downcycling,0
C-WEU-ESP,wood,2095,incineration,0.64
C-WEU-ESP,wood,2095,landfilling,0.06
C-WEU-ESP,wood,2095,recycling,0.3
C-WEU-ESP,wood,2095,reuse,0
C-WEU-ESP,wood,2100,downcycling,0
C-WEU-ESP,wood,2100,incineration,0.64
C-WEU-ESP,wood,2100,landfilling,0.06
C-WEU-ESP,wood,2100,recycling,0.3
C-WEU-ESP,wood,2100,reuse,0
C-WEU-FIN,aluminum,2015,downcycling,0
C-WEU-FIN,aluminum,2015,incineration,9.51482458050106e-4
C-WEU-FIN,aluminum,2015,landfilling,0.00110468726061749
C-WEU-FIN,aluminum,2015,recycling,0.9979438302813324
C-WEU-FIN,aluminum,2015,reuse,0
C-WEU-FIN,aluminum,2020,downcycling,0
C-WEU-FIN,aluminum,2020,incineration,9.51482458050106e-4
C-WEU-FIN,aluminum,2020,landfilling,0.00110468726061749
C-WEU-FIN,aluminum,2020,recycling,0.9979438302813324
C-WEU-FIN,aluminum,2020,reuse,0
C-WEU-FIN,aluminum,2025,downcycling,0
C-WEU-FIN,aluminum,2025,incineration,9.51482458050106e-4
C-WEU-FIN,aluminum,2025,landfilling,0.00110468726061749
C-WEU-FIN,aluminum,2025,recycling,0.9979438302813324
C-WEU-FIN,aluminum,2025,reuse,0
C-WEU-FIN,aluminum,2030,downcycling,0
C-WEU-FIN,aluminum,2030,incineration,9.51482458050106e-4
C-WEU-FIN,aluminum,2030,landfilling,0.00110468726061749
C-WEU-FIN,aluminum,2030,recycling,0.9979438302813324
C-WEU-FIN,aluminum,2030,reuse,0
C-WEU-FIN,aluminum,2035,downcycling,0
C-WEU-FIN,aluminum,2035,incineration,9.51482458050106e-4
C-WEU-FIN,aluminum,2035,landfilling,0.00110468726061749
C-WEU-FIN,aluminum,2035,recycling,0.9979438302813324
C-WEU-FIN,aluminum,2035,reuse,0
C-WEU-FIN,aluminum,2040,downcycling,0
C-WEU-FIN,aluminum,2040,incineration,9.51482458050106e-4
C-WEU-FIN,aluminum,2040,landfilling,0.00110468726061749
C-WEU-FIN,aluminum,2040,recycling,0.9979438302813324
C-WEU-FIN,aluminum,2040,reuse,0
C-WEU-FIN,aluminum,2045,downcycling,0
C-WEU-FIN,aluminum,2045,incineration,9.51482458050106e-4
C-WEU-FIN,aluminum,2045,landfilling,0.00110468726061749
C-WEU-FIN,aluminum,2045,recycling,0.9979438302813324
C-WEU-FIN,aluminum,2045,reuse,0
C-WEU-FIN,aluminum,2050,downcycling,0
C-WEU-FIN,aluminum,2050,incineration,9.51482458050106e-4
C-WEU-FIN,aluminum,2050,landfilling,0.00110468726061749
C-WEU-FIN,aluminum,2050,recycling,0.9979438302813324
C-WEU-FIN,aluminum,2050,reuse,0
C-WEU-FIN,aluminum,2055,downcycling,0
C-WEU-FIN,aluminum,2055,incineration,9.51482458050106e-4
C-WEU-FIN,aluminum,2055,landfilling,0.00110468726061749
C-WEU-FIN,aluminum,2055,recycling,0.9979438302813324
C-WEU-FIN,aluminum,2055,reuse,0
C-WEU-FIN,aluminum,2060,downcycling,0
C-WEU-FIN,aluminum,2060,incineration,9.51482458050106e-4
C-WEU-FIN,aluminum,2060,landfilling,0.00110468726061749
C-WEU-FIN,aluminum,2060,recycling,0.9979438302813324
C-WEU-FIN,aluminum,2060,reuse,0
C-WEU-FIN,aluminum,2065,downcycling,0
C-WEU-FIN,aluminum,2065,incineration,9.51482458050106e-4
C-WEU-FIN,aluminum,2065,landfilling,0.00110468726061749
C-WEU-FIN,aluminum,2065,recycling,0.9979438302813324
C-WEU-FIN,aluminum,2065,reuse,0
C-WEU-FIN,aluminum,2070,downcycling,0
C-WEU-FIN,aluminum,2070,incineration,9.51482458050106e-4
C-WEU-FIN,aluminum,2070,landfilling,0.00110468726061749
C-WEU-FIN,aluminum,2070,recycling,0.9979438302813324
C-WEU-FIN,aluminum,2070,reuse,0
C-WEU-FIN,aluminum,2075,downcycling,0
C-WEU-FIN,aluminum,2075,incineration,9.51482458050106e-4
C-WEU-FIN,aluminum,2075,landfilling,0.00110468726061749
C-WEU-FIN,aluminum,2075,recycling,0.9979438302813324
C-WEU-FIN,aluminum,2075,reuse,0
C-WEU-FIN,aluminum,2080,downcycling,0
C-WEU-FIN,aluminum,2080,incineration,9.51482458050106e-4
C-WEU-FIN,aluminum,2080,landfilling,0.00110468726061749
C-WEU-FIN,aluminum,2080,recycling,0.9979438302813324
C-WEU-FIN,aluminum,2080,reuse,0
C-WEU-FIN,aluminum,2085,downcycling,0
C-WEU-FIN,aluminum,2085,incineration,9.51482458050106e-4
C-WEU-FIN,aluminum,2085,landfilling,0.00110468726061749
C-WEU-FIN,aluminum,2085,recycling,0.9979438302813324
C-WEU-FIN,aluminum,2085,reuse,0
C-WEU-FIN,aluminum,2090,downcycling,0
C-WEU-FIN,aluminum,2090,incineration,9.51482458050106e-4
C-WEU-FIN,aluminum,2090,landfilling,0.00110468726061749
C-WEU-FIN,aluminum,2090,recycling,0.9979438302813324
C-WEU-FIN,aluminum,2090,reuse,0
C-WEU-FIN,aluminum,2095,downcycling,0
C-WEU-FIN,aluminum,2095,incineration,9.51482458050106e-4
C-WEU-FIN,aluminum,2095,landfilling,0.00110468726061749
C-WEU-FIN,aluminum,2095,recycling,0.9979438302813324
C-WEU-FIN,aluminum,2095,reuse,0
C-WEU-FIN,aluminum,2100,downcycling,0
C-WEU-FIN,aluminum,2100,incineration,9.51482458050106e-4
C-WEU-FIN,aluminum,2100,landfilling,0.00110468726061749
C-WEU-FIN,aluminum,2100,recycling,0.9979438302813324
C-WEU-FIN,aluminum,2100,reuse,0
C-WEU-FIN,brick,2015,downcycling,0.09609054966002148
C-WEU-FIN,brick,2015,incineration,0
C-WEU-FIN,brick,2015,landfilling,0.10459034975183117
C-WEU-FIN,brick,2015,recycling,0.7993191005881474
C-WEU-FIN,brick,2015,reuse,0
C-WEU-FIN,brick,2020,downcycling,0.09609054966002148
C-WEU-FIN,brick,2020,incineration,0
C-WEU-FIN,brick,2020,landfilling,0.10459034975183117
C-WEU-FIN,brick,2020,recycling,0.7993191005881474
C-WEU-FIN,brick,2020,reuse,0
C-WEU-FIN,brick,2025,downcycling,0.09609054966002148
C-WEU-FIN,brick,2025,incineration,0
C-WEU-FIN,brick,2025,landfilling,0.10459034975183117
C-WEU-FIN,brick,2025,recycling,0.7993191005881474
C-WEU-FIN,brick,2025,reuse,0
C-WEU-FIN,brick,2030,downcycling,0.09609054966002148
C-WEU-FIN,brick,2030,incineration,0
C-WEU-FIN,brick,2030,landfilling,0.10459034975183117
C-WEU-FIN,brick,2030,recycling,0.7993191005881474
C-WEU-FIN,brick,2030,reuse,0
C-WEU-FIN,brick,2035,downcycling,0.09609054966002148
C-WEU-FIN,brick,2035,incineration,0
C-WEU-FIN,brick,2035,landfilling,0.10459034975183117
C-WEU-FIN,brick,2035,recycling,0.7993191005881474
C-WEU-FIN,brick,2035,reuse,0
C-WEU-FIN,brick,2040,downcycling,0.09609054966002148
C-WEU-FIN,brick,2040,incineration,0
C-WEU-FIN,brick,2040,landfilling,0.10459034975183117
C-WEU-FIN,brick,2040,recycling,0.7993191005881474
C-WEU-FIN,brick,2040,reuse,0
C-WEU-FIN,brick,2045,downcycling,0.09609054966002148
C-WEU-FIN,brick,2045,incineration,0
C-WEU-FIN,brick,2045,landfilling,0.10459034975183117
C-WEU-FIN,brick,2045,recycling,0.7993191005881474
C-WEU-FIN,brick,2045,reuse,0
C-WEU-FIN,brick,2050,downcycling,0.09609054966002148
C-WEU-FIN,brick,2050,incineration,0
C-WEU-FIN,brick,2050,landfilling,0.10459034975183117
C-WEU-FIN,brick,2050,recycling,0.7993191005881474
C-WEU-FIN,brick,2050,reuse,0
C-WEU-FIN,brick,2055,downcycling,0.09609054966002148
C-WEU-FIN,brick,2055,incineration,0
C-WEU-FIN,brick,2055,landfilling,0.10459034975183117
C-WEU-FIN,brick,2055,recycling,0.7993191005881474
C-WEU-FIN,brick,2055,reuse,0
C-WEU-FIN,brick,2060,downcycling,0.09609054966002148
C-WEU-FIN,brick,2060,incineration,0
C-WEU-FIN,brick,2060,landfilling,0.10459034975183117
C-WEU-FIN,brick,2060,recycling,0.7993191005881474
C-WEU-FIN,brick,2060,reuse,0
C-WEU-FIN,brick,2065,downcycling,0.09609054966002148
C-WEU-FIN,brick,2065,incineration,0
C-WEU-FIN,brick,2065,landfilling,0.10459034975183117
C-WEU-FIN,brick,2065,recycling,0.7993191005881474
C-WEU-FIN,brick,2065,reuse,0
C-WEU-FIN,brick,2070,downcycling,0.09609054966002148
C-WEU-FIN,brick,2070,incineration,0
C-WEU-FIN,brick,2070,landfilling,0.10459034975183117
C-WEU-FIN,brick,2070,recycling,0.7993191005881474
C-WEU-FIN,brick,2070,reuse,0
C-WEU-FIN,brick,2075,downcycling,0.09609054966002148
C-WEU-FIN,brick,2075,incineration,0
C-WEU-FIN,brick,2075,landfilling,0.10459034975183117
C-WEU-FIN,brick,2075,recycling,0.7993191005881474
C-WEU-FIN,brick,2075,reuse,0
C-WEU-FIN,brick,2080,downcycling,0.09609054966002148
C-WEU-FIN,brick,2080,incineration,0
C-WEU-FIN,brick,2080,landfilling,0.10459034975183117
C-WEU-FIN,brick,2080,recycling,0.7993191005881474
C-WEU-FIN,brick,2080,reuse,0
C-WEU-FIN,brick,2085,downcycling,0.09609054966002148
C-WEU-FIN,brick,2085,incineration,0
C-WEU-FIN,brick,2085,landfilling,0.10459034975183117
C-WEU-FIN,brick,2085,recycling,0.7993191005881474
C-WEU-FIN,brick,2085,reuse,0
C-WEU-FIN,brick,2090,downcycling,0.09609054966002148
C-WEU-FIN,brick,2090,incineration,0
C-WEU-FIN,brick,2090,landfilling,0.10459034975183117
C-WEU-FIN,brick,2090,recycling,0.7993191005881474
C-WEU-FIN,brick,2090,reuse,0
C-WEU-FIN,brick,2095,downcycling,0.09609054966002148
C-WEU-FIN,brick,2095,incineration,0
C-WEU-FIN,brick,2095,landfilling,0.10459034975183117
C-WEU-FIN,brick,2095,recycling,0.7993191005881474
C-WEU-FIN,brick,2095,reuse,0
C-WEU-FIN,brick,2100,downcycling,0.09609054966002148
C-WEU-FIN,brick,2100,incineration,0
C-WEU-FIN,brick,2100,landfilling,0.10459034975183117
C-WEU-FIN,brick,2100,recycling,0.7993191005881474
C-WEU-FIN,brick,2100,reuse,0
C-WEU-FIN,concrete,2015,downcycling,0.09609054966002148
C-WEU-FIN,concrete,2015,incineration,0
C-WEU-FIN,concrete,2015,landfilling,0.10459034975183117
C-WEU-FIN,concrete,2015,recycling,0.7993191005881474
C-WEU-FIN,concrete,2015,reuse,0
C-WEU-FIN,concrete,2020,downcycling,0.09609054966002148
C-WEU-FIN,concrete,2020,incineration,0
C-WEU-FIN,concrete,2020,landfilling,0.10459034975183117
C-WEU-FIN,concrete,2020,recycling,0.7993191005881474
C-WEU-FIN,concrete,2020,reuse,0
C-WEU-FIN,concrete,2025,downcycling,0.09609054966002148
C-WEU-FIN,concrete,2025,incineration,0
C-WEU-FIN,concrete,2025,landfilling,0.10459034975183117
C-WEU-FIN,concrete,2025,recycling,0.7993191005881474
C-WEU-FIN,concrete,2025,reuse,0
C-WEU-FIN,concrete,2030,downcycling,0.09609054966002148
C-WEU-FIN,concrete,2030,incineration,0
C-WEU-FIN,concrete,2030,landfilling,0.10459034975183117
C-WEU-FIN,concrete,2030,recycling,0.7993191005881474
C-WEU-FIN,concrete,2030,reuse,0
C-WEU-FIN,concrete,2035,downcycling,0.09609054966002148
C-WEU-FIN,concrete,2035,incineration,0
C-WEU-FIN,concrete,2035,landfilling,0.10459034975183117
C-WEU-FIN,concrete,2035,recycling,0.7993191005881474
C-WEU-FIN,concrete,2035,reuse,0
C-WEU-FIN,concrete,2040,downcycling,0.09609054966002148
C-WEU-FIN,concrete,2040,incineration,0
C-WEU-FIN,concrete,2040,landfilling,0.10459034975183117
C-WEU-FIN,concrete,2040,recycling,0.7993191005881474
C-WEU-FIN,concrete,2040,reuse,0
C-WEU-FIN,concrete,2045,downcycling,0.09609054966002148
C-WEU-FIN,concrete,2045,incineration,0
C-WEU-FIN,concrete,2045,landfilling,0.10459034975183117
C-WEU-FIN,concrete,2045,recycling,0.7993191005881474
C-WEU-FIN,concrete,2045,reuse,0
C-WEU-FIN,concrete,2050,downcycling,0.09609054966002148
C-WEU-FIN,concrete,2050,incineration,0
C-WEU-FIN,concrete,2050,landfilling,0.10459034975183117
C-WEU-FIN,concrete,2050,recycling,0.7993191005881474
C-WEU-FIN,concrete,2050,reuse,0
C-WEU-FIN,concrete,2055,downcycling,0.09609054966002148
C-WEU-FIN,concrete,2055,incineration,0
C-WEU-FIN,concrete,2055,landfilling,0.10459034975183117
C-WEU-FIN,concrete,2055,recycling,0.7993191005881474
C-WEU-FIN,concrete,2055,reuse,0
C-WEU-FIN,concrete,2060,downcycling,0.09609054966002148
C-WEU-FIN,concrete,2060,incineration,0
C-WEU-FIN,concrete,2060,landfilling,0.10459034975183117
C-WEU-FIN,concrete,2060,recycling,0.7993191005881474
C-WEU-FIN,concrete,2060,reuse,0
C-WEU-FIN,concrete,2065,downcycling,0.09609054966002148
C-WEU-FIN,concrete,2065,incineration,0
C-WEU-FIN,concrete,2065,landfilling,0.10459034975183117
C-WEU-FIN,concrete,2065,recycling,0.7993191005881474
C-WEU-FIN,concrete,2065,reuse,0
C-WEU-FIN,concrete,2070,downcycling,0.09609054966002148
C-WEU-FIN,concrete,2070,incineration,0
C-WEU-FIN,concrete,2070,landfilling,0.10459034975183117
C-WEU-FIN,concrete,2070,recycling,0.7993191005881474
C-WEU-FIN,concrete,2070,reuse,0
C-WEU-FIN,concrete,2075,downcycling,0.09609054966002148
C-WEU-FIN,concrete,2075,incineration,0
C-WEU-FIN,concrete,2075,landfilling,0.10459034975183117
C-WEU-FIN,concrete,2075,recycling,0.7993191005881474
C-WEU-FIN,concrete,2075,reuse,0
C-WEU-FIN,concrete,2080,downcycling,0.09609054966002148
C-WEU-FIN,concrete,2080,incineration,0
C-WEU-FIN,concrete,2080,landfilling,0.10459034975183117
C-WEU-FIN,concrete,2080,recycling,0.7993191005881474
C-WEU-FIN,concrete,2080,reuse,0
C-WEU-FIN,concrete,2085,downcycling,0.09609054966002148
C-WEU-FIN,concrete,2085,incineration,0
C-WEU-FIN,concrete,2085,landfilling,0.10459034975183117
C-WEU-FIN,concrete,2085,recycling,0.7993191005881474
C-WEU-FIN,concrete,2085,reuse,0
C-WEU-FIN,concrete,2090,downcycling,0.09609054966002148
C-WEU-FIN,concrete,2090,incineration,0
C-WEU-FIN,concrete,2090,landfilling,0.10459034975183117
C-WEU-FIN,concrete,2090,recycling,0.7993191005881474
C-WEU-FIN,concrete,2090,reuse,0
C-WEU-FIN,concrete,2095,downcycling,0.09609054966002148
C-WEU-FIN,concrete,2095,incineration,0
C-WEU-FIN,concrete,2095,landfilling,0.10459034975183117
C-WEU-FIN,concrete,2095,recycling,0.7993191005881474
C-WEU-FIN,concrete,2095,reuse,0
C-WEU-FIN,concrete,2100,downcycling,0.09609054966002148
C-WEU-FIN,concrete,2100,incineration,0
C-WEU-FIN,concrete,2100,landfilling,0.10459034975183117
C-WEU-FIN,concrete,2100,recycling,0.7993191005881474
C-WEU-FIN,concrete,2100,reuse,0
C-WEU-FIN,copper,2015,downcycling,0
C-WEU-FIN,copper,2015,incineration,9.51482458050106e-4
C-WEU-FIN,copper,2015,landfilling,0.00110468726061749
C-WEU-FIN,copper,2015,recycling,0.9979438302813324
C-WEU-FIN,copper,2015,reuse,0
C-WEU-FIN,copper,2020,downcycling,0
C-WEU-FIN,copper,2020,incineration,9.51482458050106e-4
C-WEU-FIN,copper,2020,landfilling,0.00110468726061749
C-WEU-FIN,copper,2020,recycling,0.9979438302813324
C-WEU-FIN,copper,2020,reuse,0
C-WEU-FIN,copper,2025,downcycling,0
C-WEU-FIN,copper,2025,incineration,9.51482458050106e-4
C-WEU-FIN,copper,2025,landfilling,0.00110468726061749
C-WEU-FIN,copper,2025,recycling,0.9979438302813324
C-WEU-FIN,copper,2025,reuse,0
C-WEU-FIN,copper,2030,downcycling,0
C-WEU-FIN,copper,2030,incineration,9.51482458050106e-4
C-WEU-FIN,copper,2030,landfilling,0.00110468726061749
C-WEU-FIN,copper,2030,recycling,0.9979438302813324
C-WEU-FIN,copper,2030,reuse,0
C-WEU-FIN,copper,2035,downcycling,0
C-WEU-FIN,copper,2035,incineration,9.51482458050106e-4
C-WEU-FIN,copper,2035,landfilling,0.00110468726061749
C-WEU-FIN,copper,2035,recycling,0.9979438302813324
C-WEU-FIN,copper,2035,reuse,0
C-WEU-FIN,copper,2040,downcycling,0
C-WEU-FIN,copper,2040,incineration,9.51482458050106e-4
C-WEU-FIN,copper,2040,landfilling,0.00110468726061749
C-WEU-FIN,copper,2040,recycling,0.9979438302813324
C-WEU-FIN,copper,2040,reuse,0
C-WEU-FIN,copper,2045,downcycling,0
C-WEU-FIN,copper,2045,incineration,9.51482458050106e-4
C-WEU-FIN,copper,2045,landfilling,0.00110468726061749
C-WEU-FIN,copper,2045,recycling,0.9979438302813324
C-WEU-FIN,copper,2045,reuse,0
C-WEU-FIN,copper,2050,downcycling,0
C-WEU-FIN,copper,2050,incineration,9.51482458050106e-4
C-WEU-FIN,copper,2050,landfilling,0.00110468726061749
C-WEU-FIN,copper,2050,recycling,0.9979438302813324
C-WEU-FIN,copper,2050,reuse,0
C-WEU-FIN,copper,2055,downcycling,0
C-WEU-FIN,copper,2055,incineration,9.51482458050106e-4
C-WEU-FIN,copper,2055,landfilling,0.00110468726061749
C-WEU-FIN,copper,2055,recycling,0.9979438302813324
C-WEU-FIN,copper,2055,reuse,0
C-WEU-FIN,copper,2060,downcycling,0
C-WEU-FIN,copper,2060,incineration,9.51482458050106e-4
C-WEU-FIN,copper,2060,landfilling,0.00110468726061749
C-WEU-FIN,copper,2060,recycling,0.9979438302813324
C-WEU-FIN,copper,2060,reuse,0
C-WEU-FIN,copper,2065,downcycling,0
C-WEU-FIN,copper,2065,incineration,9.51482458050106e-4
C-WEU-FIN,copper,2065,landfilling,0.00110468726061749
C-WEU-FIN,copper,2065,recycling,0.9979438302813324
C-WEU-FIN,copper,2065,reuse,0
C-WEU-FIN,copper,2070,downcycling,0
C-WEU-FIN,copper,2070,incineration,9.51482458050106e-4
C-WEU-FIN,copper,2070,landfilling,0.00110468726061749
C-WEU-FIN,copper,2070,recycling,0.9979438302813324
C-WEU-FIN,copper,2070,reuse,0
C-WEU-FIN,copper,2075,downcycling,0
C-WEU-FIN,copper,2075,incineration,9.51482458050106e-4
C-WEU-FIN,copper,2075,landfilling,0.00110468726061749
C-WEU-FIN,copper,2075,recycling,0.9979438302813324
C-WEU-FIN,copper,2075,reuse,0
C-WEU-FIN,copper,2080,downcycling,0
C-WEU-FIN,copper,2080,incineration,9.51482458050106e-4
C-WEU-FIN,copper,2080,landfilling,0.00110468726061749
C-WEU-FIN,copper,2080,recycling,0.9979438302813324
C-WEU-FIN,copper,2080,reuse,0
C-WEU-FIN,copper,2085,downcycling,0
C-WEU-FIN,copper,2085,incineration,9.51482458050106e-4
C-WEU-FIN,copper,2085,landfilling,0.00110468726061749
C-WEU-FIN,copper,2085,recycling,0.9979438302813324
C-WEU-FIN,copper,2085,reuse,0
C-WEU-FIN,copper,2090,downcycling,0
C-WEU-FIN,copper,2090,incineration,9.51482458050106e-4
C-WEU-FIN,copper,2090,landfilling,0.00110468726061749
C-WEU-FIN,copper,2090,recycling,0.9979438302813324
C-WEU-FIN,copper,2090,reuse,0
C-WEU-FIN,copper,2095,downcycling,0
C-WEU-FIN,copper,2095,incineration,9.51482458050106e-4
C-WEU-FIN,copper,2095,landfilling,0.00110468726061749
C-WEU-FIN,copper,2095,recycling,0.9979438302813324
C-WEU-FIN,copper,2095,reuse,0
C-WEU-FIN,copper,2100,downcycling,0
C-WEU-FIN,copper,2100,incineration,9.51482458050106e-4
C-WEU-FIN,copper,2100,landfilling,0.00110468726061749
C-WEU-FIN,copper,2100,recycling,0.9979438302813324
C-WEU-FIN,copper,2100,reuse,0
C-WEU-FIN,glass,2015,downcycling,0.24
C-WEU-FIN,glass,2015,incineration,0
C-WEU-FIN,glass,2015,landfilling,0.7
C-WEU-FIN,glass,2015,recycling,0.06
C-WEU-FIN,glass,2015,reuse,0
C-WEU-FIN,glass,2020,downcycling,0.24
C-WEU-FIN,glass,2020,incineration,0
C-WEU-FIN,glass,2020,landfilling,0.7
C-WEU-FIN,glass,2020,recycling,0.06
C-WEU-FIN,glass,2020,reuse,0
C-WEU-FIN,glass,2025,downcycling,0.24
C-WEU-FIN,glass,2025,incineration,0
C-WEU-FIN,glass,2025,landfilling,0.7
C-WEU-FIN,glass,2025,recycling,0.06
C-WEU-FIN,glass,2025,reuse,0
C-WEU-FIN,glass,2030,downcycling,0.24
C-WEU-FIN,glass,2030,incineration,0
C-WEU-FIN,glass,2030,landfilling,0.7
C-WEU-FIN,glass,2030,recycling,0.06
C-WEU-FIN,glass,2030,reuse,0
C-WEU-FIN,glass,2035,downcycling,0.24
C-WEU-FIN,glass,2035,incineration,0
C-WEU-FIN,glass,2035,landfilling,0.7
C-WEU-FIN,glass,2035,recycling,0.06
C-WEU-FIN,glass,2035,reuse,0
C-WEU-FIN,glass,2040,downcycling,0.24
C-WEU-FIN,glass,2040,incineration,0
C-WEU-FIN,glass,2040,landfilling,0.7
C-WEU-FIN,glass,2040,recycling,0.06
C-WEU-FIN,glass,2040,reuse,0
C-WEU-FIN,glass,2045,downcycling,0.24
C-WEU-FIN,glass,2045,incineration,0
C-WEU-FIN,glass,2045,landfilling,0.7
C-WEU-FIN,glass,2045,recycling,0.06
C-WEU-FIN,glass,2045,reuse,0
C-WEU-FIN,glass,2050,downcycling,0.24
C-WEU-FIN,glass,2050,incineration,0
C-WEU-FIN,glass,2050,landfilling,0.7
C-WEU-FIN,glass,2050,recycling,0.06
C-WEU-FIN,glass,2050,reuse,0
C-WEU-FIN,glass,2055,downcycling,0.24
C-WEU-FIN,glass,2055,incineration,0
C-WEU-FIN,glass,2055,landfilling,0.7
C-WEU-FIN,glass,2055,recycling,0.06
C-WEU-FIN,glass,2055,reuse,0
C-WEU-FIN,glass,2060,downcycling,0.24
C-WEU-FIN,glass,2060,incineration,0
C-WEU-FIN,glass,2060,landfilling,0.7
C-WEU-FIN,glass,2060,recycling,0.06
C-WEU-FIN,glass,2060,reuse,0
C-WEU-FIN,glass,2065,downcycling,0.24
C-WEU-FIN,glass,2065,incineration,0
C-WEU-FIN,glass,2065,landfilling,0.7
C-WEU-FIN,glass,2065,recycling,0.06
C-WEU-FIN,glass,2065,reuse,0
C-WEU-FIN,glass,2070,downcycling,0.24
C-WEU-FIN,glass,2070,incineration,0
C-WEU-FIN,glass,2070,landfilling,0.7
C-WEU-FIN,glass,2070,recycling,0.06
C-WEU-FIN,glass,2070,reuse,0
C-WEU-FIN,glass,2075,downcycling,0.24
C-WEU-FIN,glass,2075,incineration,0
C-WEU-FIN,glass,2075,landfilling,0.7
C-WEU-FIN,glass,2075,recycling,0.06
C-WEU-FIN,glass,2075,reuse,0
C-WEU-FIN,glass,2080,downcycling,0.24
C-WEU-FIN,glass,2080,incineration,0
C-WEU-FIN,glass,2080,landfilling,0.7
C-WEU-FIN,glass,2080,recycling,0.06
C-WEU-FIN,glass,2080,reuse,0
C-WEU-FIN,glass,2085,downcycling,0.24
C-WEU-FIN,glass,2085,incineration,0
C-WEU-FIN,glass,2085,landfilling,0.7
C-WEU-FIN,glass,2085,recycling,0.06
C-WEU-FIN,glass,2085,reuse,0
C-WEU-FIN,glass,2090,downcycling,0.24
C-WEU-FIN,glass,2090,incineration,0
C-WEU-FIN,glass,2090,landfilling,0.7
C-WEU-FIN,glass,2090,recycling,0.06
C-WEU-FIN,glass,2090,reuse,0
C-WEU-FIN,glass,2095,downcycling,0.24
C-WEU-FIN,glass,2095,incineration,0
C-WEU-FIN,glass,2095,landfilling,0.7
C-WEU-FIN,glass,2095,recycling,0.06
C-WEU-FIN,glass,2095,reuse,0
C-WEU-FIN,glass,2100,downcycling,0.24
C-WEU-FIN,glass,2100,incineration,0
C-WEU-FIN,glass,2100,landfilling,0.7
C-WEU-FIN,glass,2100,recycling,0.06
C-WEU-FIN,glass,2100,reuse,0
C-WEU-FIN,steel,2015,downcycling,0
C-WEU-FIN,steel,2015,incineration,1.2838752872076567e-4
C-WEU-FIN,steel,2015,landfilling,9.700391058902296e-5
C-WEU-FIN,steel,2015,recycling,0.9997746085606902
C-WEU-FIN,steel,2015,reuse,0
C-WEU-FIN,steel,2020,downcycling,0
C-WEU-FIN,steel,2020,incineration,1.2838752872076567e-4
C-WEU-FIN,steel,2020,landfilling,9.700391058902296e-5
C-WEU-FIN,steel,2020,recycling,0.9997746085606902
C-WEU-FIN,steel,2020,reuse,0
C-WEU-FIN,steel,2025,downcycling,0
C-WEU-FIN,steel,2025,incineration,1.2838752872076567e-4
C-WEU-FIN,steel,2025,landfilling,9.700391058902296e-5
C-WEU-FIN,steel,2025,recycling,0.9997746085606902
C-WEU-FIN,steel,2025,reuse,0
C-WEU-FIN,steel,2030,downcycling,0
C-WEU-FIN,steel,2030,incineration,1.2838752872076567e-4
C-WEU-FIN,steel,2030,landfilling,9.700391058902296e-5
C-WEU-FIN,steel,2030,recycling,0.9997746085606902
C-WEU-FIN,steel,2030,reuse,0
C-WEU-FIN,steel,2035,downcycling,0
C-WEU-FIN,steel,2035,incineration,1.2838752872076567e-4
C-WEU-FIN,steel,2035,landfilling,9.700391058902296e-5
C-WEU-FIN,steel,2035,recycling,0.9997746085606902
C-WEU-FIN,steel,2035,reuse,0
C-WEU-FIN,steel,2040,downcycling,0
C-WEU-FIN,steel,2040,incineration,1.2838752872076567e-4
C-WEU-FIN,steel,2040,landfilling,9.700391058902296e-5
C-WEU-FIN,steel,2040,recycling,0.9997746085606902
C-WEU-FIN,steel,2040,reuse,0
C-WEU-FIN,steel,2045,downcycling,0
C-WEU-FIN,steel,2045,incineration,1.2838752872076567e-4
C-WEU-FIN,steel,2045,landfilling,9.700391058902296e-5
C-WEU-FIN,steel,2045,recycling,0.9997746085606902
C-WEU-FIN,steel,2045,reuse,0
C-WEU-FIN,steel,2050,downcycling,0
C-WEU-FIN,steel,2050,incineration,1.2838752872076567e-4
C-WEU-FIN,steel,2050,landfilling,9.700391058902296e-5
C-WEU-FIN,steel,2050,recycling,0.9997746085606902
C-WEU-FIN,steel,2050,reuse,0
C-WEU-FIN,steel,2055,downcycling,0
C-WEU-FIN,steel,2055,incineration,1.2838752872076567e-4
C-WEU-FIN,steel,2055,landfilling,9.700391058902296e-5
C-WEU-FIN,steel,2055,recycling,0.9997746085606902
C-WEU-FIN,steel,2055,reuse,0
C-WEU-FIN,steel,2060,downcycling,0
C-WEU-FIN,steel,2060,incineration,1.2838752872076567e-4
C-WEU-FIN,steel,2060,landfilling,9.700391058902296e-5
C-WEU-FIN,steel,2060,recycling,0.9997746085606902
C-WEU-FIN,steel,2060,reuse,0
C-WEU-FIN,steel,2065,downcycling,0
C-WEU-FIN,steel,2065,incineration,1.2838752872076567e-4
C-WEU-FIN,steel,2065,landfilling,9.700391058902296e-5
C-WEU-FIN,steel,2065,recycling,0.9997746085606902
C-WEU-FIN,steel,2065,reuse,0
C-WEU-FIN,steel,2070,downcycling,0
C-WEU-FIN,steel,2070,incineration,1.2838752872076567e-4
C-WEU-FIN,steel,2070,landfilling,9.700391058902296e-5
C-WEU-FIN,steel,2070,recycling,0.9997746085606902
C-WEU-FIN,steel,2070,reuse,0
C-WEU-FIN,steel,2075,downcycling,0
C-WEU-FIN,steel,2075,incineration,1.2838752872076567e-4
C-WEU-FIN,steel,2075,landfilling,9.700391058902296e-5
C-WEU-FIN,steel,2075,recycling,0.9997746085606902
C-WEU-FIN,steel,2075,reuse,0
C-WEU-FIN,steel,2080,downcycling,0
C-WEU-FIN,steel,2080,incineration,1.2838752872076567e-4
C-WEU-FIN,steel,2080,landfilling,9.700391058902296e-5
C-WEU-FIN,steel,2080,recycling,0.9997746085606902
C-WEU-FIN,steel,2080,reuse,0
C-WEU-FIN,steel,2085,downcycling,0
C-WEU-FIN,steel,2085,incineration,1.2838752872076567e-4
C-WEU-FIN,steel,2085,landfilling,9.700391058902296e-5
C-WEU-FIN,steel,2085,recycling,0.9997746085606902
C-WEU-FIN,steel,2085,reuse,0
C-WEU-FIN,steel,2090,downcycling,0
C-WEU-FIN,steel,2090,incineration,1.2838752872076567e-4
C-WEU-FIN,steel,2090,landfilling,9.700391058902296e-5
C-WEU-FIN,steel,2090,recycling,0.9997746085606902
C-WEU-FIN,steel,2090,reuse,0
C-WEU-FIN,steel,2095,downcycling,0
C-WEU-FIN,steel,2095,incineration,1.2838752872076567e-4
C-WEU-FIN,steel,2095,landfilling,9.700391058902296e-5
C-WEU-FIN,steel,2095,recycling,0.9997746085606902
C-WEU-FIN,steel,2095,reuse,0
C-WEU-FIN,steel,2100,downcycling,0
C-WEU-FIN,steel,2100,incineration,1.2838752872076567e-4
C-WEU-FIN,steel,2100,landfilling,9.700391058902296e-5
C-WEU-FIN,steel,2100,recycling,0.9997746085606902
C-WEU-FIN,steel,2100,reuse,0
C-WEU-FIN,wood,2015,downcycling,0
C-WEU-FIN,wood,2015,incineration,0.64
C-WEU-FIN,wood,2015,landfilling,0.06
C-WEU-FIN,wood,2015,recycling,0.3
C-WEU-FIN,wood,2015,reuse,0
C-WEU-FIN,wood,2020,downcycling,0
C-WEU-FIN,wood,2020,incineration,0.64
C-WEU-FIN,wood,2020,landfilling,0.06
C-WEU-FIN,wood,2020,recycling,0.3
C-WEU-FIN,wood,2020,reuse,0
C-WEU-FIN,wood,2025,downcycling,0
C-WEU-FIN,wood,2025,incineration,0.64
C-WEU-FIN,wood,2025,landfilling,0.06
C-WEU-FIN,wood,2025,recycling,0.3
C-WEU-FIN,wood,2025,reuse,0
C-WEU-FIN,wood,2030,downcycling,0
C-WEU-FIN,wood,2030,incineration,0.64
C-WEU-FIN,wood,2030,landfilling,0.06
C-WEU-FIN,wood,2030,recycling,0.3
C-WEU-FIN,wood,2030,reuse,0
C-WEU-FIN,wood,2035,downcycling,0
C-WEU-FIN,wood,2035,incineration,0.64
C-WEU-FIN,wood,2035,landfilling,0.06
C-WEU-FIN,wood,2035,recycling,0.3
C-WEU-FIN,wood,2035,reuse,0
C-WEU-FIN,wood,2040,downcycling,0
C-WEU-FIN,wood,2040,incineration,0.64
C-WEU-FIN,wood,2040,landfilling,0.06
C-WEU-FIN,wood,2040,recycling,0.3
C-WEU-FIN,wood,2040,reuse,0
C-WEU-FIN,wood,2045,downcycling,0
C-WEU-FIN,wood,2045,incineration,0.64
C-WEU-FIN,wood,2045,landfilling,0.06
C-WEU-FIN,wood,2045,recycling,0.3
C-WEU-FIN,wood,2045,reuse,0
C-WEU-FIN,wood,2050,downcycling,0
C-WEU-FIN,wood,2050,incineration,0.64
C-WEU-FIN,wood,2050,landfilling,0.06
C-WEU-FIN,wood,2050,recycling,0.3
C-WEU-FIN,wood,2050,reuse,0
C-WEU-FIN,wood,2055,downcycling,0
C-WEU-FIN,wood,2055,incineration,0.64
C-WEU-FIN,wood,2055,landfilling,0.06
C-WEU-FIN,wood,2055,recycling,0.3
C-WEU-FIN,wood,2055,reuse,0
C-WEU-FIN,wood,2060,downcycling,0
C-WEU-FIN,wood,2060,incineration,0.64
C-WEU-FIN,wood,2060,landfilling,0.06
C-WEU-FIN,wood,2060,recycling,0.3
C-WEU-FIN,wood,2060,reuse,0
C-WEU-FIN,wood,2065,downcycling,0
C-WEU-FIN,wood,2065,incineration,0.64
C-WEU-FIN,wood,2065,landfilling,0.06
C-WEU-FIN,wood,2065,recycling,0.3
C-WEU-FIN,wood,2065,reuse,0
C-WEU-FIN,wood,2070,downcycling,0
C-WEU-FIN,wood,2070,incineration,0.64
C-WEU-FIN,wood,2070,landfilling,0.06
C-WEU-FIN,wood,2070,recycling,0.3
C-WEU-FIN,wood,2070,reuse,0
C-WEU-FIN,wood,2075,downcycling,0
C-WEU-FIN,wood,2075,incineration,0.64
C-WEU-FIN,wood,2075,landfilling,0.06
C-WEU-FIN,wood,2075,recycling,0.3
C-WEU-FIN,wood,2075,reuse,0
C-WEU-FIN,wood,2080,downcycling,0
C-WEU-FIN,wood,2080,incineration,0.64
C-WEU-FIN,wood,2080,landfilling,0.06
C-WEU-FIN,wood,2080,recycling,0.3
C-WEU-FIN,wood,2080,reuse,0
C-WEU-FIN,wood,2085,downcycling,0
C-WEU-FIN,wood,2085,incineration,0.64
C-WEU-FIN,wood,2085,landfilling,0.06
C-WEU-FIN,wood,2085,recycling,0.3
C-WEU-FIN,wood,2085,reuse,0
C-WEU-FIN,wood,2090,downcycling,0
C-WEU-FIN,wood,2090,incineration,0.64
C-WEU-FIN,wood,2090,landfilling,0.06
C-WEU-FIN,wood,2090,recycling,0.3
C-WEU-FIN,wood,2090,reuse,0
C-WEU-FIN,wood,2095,downcycling,0
C-WEU-FIN,wood,2095,incineration,0.64
C-WEU-FIN,wood,2095,landfilling,0.06
C-WEU-FIN,wood,2095,recycling,0.3
C-WEU-FIN,wood,2095,reuse,0
C-WEU-FIN,wood,2100,downcycling,0
C-WEU-FIN,wood,2100,incineration,0.64
C-WEU-FIN,wood,2100,landfilling,0.06
C-WEU-FIN,wood,2100,recycling,0.3
C-WEU-FIN,wood,2100,reuse,0
C-WEU-FRA,aluminum,2015,downcycling,0
C-WEU-FRA,aluminum,2015,incineration,0
C-WEU-FRA,aluminum,2015,landfilling,4.272655865622815e-4
C-WEU-FRA,aluminum,2015,recycling,0.9995727344134376
C-WEU-FRA,aluminum,2015,reuse,0
C-WEU-FRA,aluminum,2020,downcycling,0
C-WEU-FRA,aluminum,2020,incineration,0
C-WEU-FRA,aluminum,2020,landfilling,4.272655865622815e-4
C-WEU-FRA,aluminum,2020,recycling,0.9995727344134376
C-WEU-FRA,aluminum,2020,reuse,0
C-WEU-FRA,aluminum,2025,downcycling,0
C-WEU-FRA,aluminum,2025,incineration,0
C-WEU-FRA,aluminum,2025,landfilling,4.272655865622815e-4
C-WEU-FRA,aluminum,2025,recycling,0.9995727344134376
C-WEU-FRA,aluminum,2025,reuse,0
C-WEU-FRA,aluminum,2030,downcycling,0
C-WEU-FRA,aluminum,2030,incineration,0
C-WEU-FRA,aluminum,2030,landfilling,4.272655865622815e-4
C-WEU-FRA,aluminum,2030,recycling,0.9995727344134376
C-WEU-FRA,aluminum,2030,reuse,0
C-WEU-FRA,aluminum,2035,downcycling,0
C-WEU-FRA,aluminum,2035,incineration,0
C-WEU-FRA,aluminum,2035,landfilling,4.272655865622815e-4
C-WEU-FRA,aluminum,2035,recycling,0.9995727344134376
C-WEU-FRA,aluminum,2035,reuse,0
C-WEU-FRA,aluminum,2040,downcycling,0
C-WEU-FRA,aluminum,2040,incineration,0
C-WEU-FRA,aluminum,2040,landfilling,4.272655865622815e-4
C-WEU-FRA,aluminum,2040,recycling,0.9995727344134376
C-WEU-FRA,aluminum,2040,reuse,0
C-WEU-FRA,aluminum,2045,downcycling,0
C-WEU-FRA,aluminum,2045,incineration,0
C-WEU-FRA,aluminum,2045,landfilling,4.272655865622815e-4
C-WEU-FRA,aluminum,2045,recycling,0.9995727344134376
C-WEU-FRA,aluminum,2045,reuse,0
C-WEU-FRA,aluminum,2050,downcycling,0
C-WEU-FRA,aluminum,2050,incineration,0
C-WEU-FRA,aluminum,2050,landfilling,4.272655865622815e-4
C-WEU-FRA,aluminum,2050,recycling,0.9995727344134376
C-WEU-FRA,aluminum,2050,reuse,0
C-WEU-FRA,aluminum,2055,downcycling,0
C-WEU-FRA,aluminum,2055,incineration,0
C-WEU-FRA,aluminum,2055,landfilling,4.272655865622815e-4
C-WEU-FRA,aluminum,2055,recycling,0.9995727344134376
C-WEU-FRA,aluminum,2055,reuse,0
C-WEU-FRA,aluminum,2060,downcycling,0
C-WEU-FRA,aluminum,2060,incineration,0
C-WEU-FRA,aluminum,2060,landfilling,4.272655865622815e-4
C-WEU-FRA,aluminum,2060,recycling,0.9995727344134376
C-WEU-FRA,aluminum,2060,reuse,0
C-WEU-FRA,aluminum,2065,downcycling,0
C-WEU-FRA,aluminum,2065,incineration,0
C-WEU-FRA,aluminum,2065,landfilling,4.272655865622815e-4
C-WEU-FRA,aluminum,2065,recycling,0.9995727344134376
C-WEU-FRA,aluminum,2065,reuse,0
C-WEU-FRA,aluminum,2070,downcycling,0
C-WEU-FRA,aluminum,2070,incineration,0
C-WEU-FRA,aluminum,2070,landfilling,4.272655865622815e-4
C-WEU-FRA,aluminum,2070,recycling,0.9995727344134376
C-WEU-FRA,aluminum,2070,reuse,0
C-WEU-FRA,aluminum,2075,downcycling,0
C-WEU-FRA,aluminum,2075,incineration,0
C-WEU-FRA,aluminum,2075,landfilling,4.272655865622815e-4
C-WEU-FRA,aluminum,2075,recycling,0.9995727344134376
C-WEU-FRA,aluminum,2075,reuse,0
C-WEU-FRA,aluminum,2080,downcycling,0
C-WEU-FRA,aluminum,2080,incineration,0
C-WEU-FRA,aluminum,2080,landfilling,4.272655865622815e-4
C-WEU-FRA,aluminum,2080,recycling,0.9995727344134376
C-WEU-FRA,aluminum,2080,reuse,0
C-WEU-FRA,aluminum,2085,downcycling,0
C-WEU-FRA,aluminum,2085,incineration,0
C-WEU-FRA,aluminum,2085,landfilling,4.272655865622815e-4
C-WEU-FRA,aluminum,2085,recycling,0.9995727344134376
C-WEU-FRA,aluminum,2085,reuse,0
C-WEU-FRA,aluminum,2090,downcycling,0
C-WEU-FRA,aluminum,2090,incineration,0
C-WEU-FRA,aluminum,2090,landfilling,4.272655865622815e-4
C-WEU-FRA,aluminum,2090,recycling,0.9995727344134376
C-WEU-FRA,aluminum,2090,reuse,0
C-WEU-FRA,aluminum,2095,downcycling,0
C-WEU-FRA,aluminum,2095,incineration,0
C-WEU-FRA,aluminum,2095,landfilling,4.272655865622815e-4
C-WEU-FRA,aluminum,2095,recycling,0.9995727344134376
C-WEU-FRA,aluminum,2095,reuse,0
C-WEU-FRA,aluminum,2100,downcycling,0
C-WEU-FRA,aluminum,2100,incineration,0
C-WEU-FRA,aluminum,2100,landfilling,4.272655865622815e-4
C-WEU-FRA,aluminum,2100,recycling,0.9995727344134376
C-WEU-FRA,aluminum,2100,reuse,0
C-WEU-FRA,brick,2015,downcycling,0.16132306879596306
C-WEU-FRA,brick,2015,incineration,0
C-WEU-FRA,brick,2015,landfilling,0.1870243670117168
C-WEU-FRA,brick,2015,recycling,0.6516525641923201
C-WEU-FRA,brick,2015,reuse,0
C-WEU-FRA,brick,2020,downcycling,0.16132306879596306
C-WEU-FRA,brick,2020,incineration,0
C-WEU-FRA,brick,2020,landfilling,0.1870243670117168
C-WEU-FRA,brick,2020,recycling,0.6516525641923201
C-WEU-FRA,brick,2020,reuse,0
C-WEU-FRA,brick,2025,downcycling,0.16132306879596306
C-WEU-FRA,brick,2025,incineration,0
C-WEU-FRA,brick,2025,landfilling,0.1870243670117168
C-WEU-FRA,brick,2025,recycling,0.6516525641923201
C-WEU-FRA,brick,2025,reuse,0
C-WEU-FRA,brick,2030,downcycling,0.16132306879596306
C-WEU-FRA,brick,2030,incineration,0
C-WEU-FRA,brick,2030,landfilling,0.1870243670117168
C-WEU-FRA,brick,2030,recycling,0.6516525641923201
C-WEU-FRA,brick,2030,reuse,0
C-WEU-FRA,brick,2035,downcycling,0.16132306879596306
C-WEU-FRA,brick,2035,incineration,0
C-WEU-FRA,brick,2035,landfilling,0.1870243670117168
C-WEU-FRA,brick,2035,recycling,0.6516525641923201
C-WEU-FRA,brick,2035,reuse,0
C-WEU-FRA,brick,2040,downcycling,0.16132306879596306
C-WEU-FRA,brick,2040,incineration,0
C-WEU-FRA,brick,2040,landfilling,0.1870243670117168
C-WEU-FRA,brick,2040,recycling,0.6516525641923201
C-WEU-FRA,brick,2040,reuse,0
C-WEU-FRA,brick,2045,downcycling,0.16132306879596306
C-WEU-FRA,brick,2045,incineration,0
C-WEU-FRA,brick,2045,landfilling,0.1870243670117168
C-WEU-FRA,brick,2045,recycling,0.6516525641923201
C-WEU-FRA,brick,2045,reuse,0
C-WEU-FRA,brick,2050,downcycling,0.16132306879596306
C-WEU-FRA,brick,2050,incineration,0
C-WEU-FRA,brick,2050,landfilling,0.1870243670117168
C-WEU-FRA,brick,2050,recycling,0.6516525641923201
C-WEU-FRA,brick,2050,reuse,0
C-WEU-FRA,brick,2055,downcycling,0.16132306879596306
C-WEU-FRA,brick,2055,incineration,0
C-WEU-FRA,brick,2055,landfilling,0.1870243670117168
C-WEU-FRA,brick,2055,recycling,0.6516525641923201
C-WEU-FRA,brick,2055,reuse,0
C-WEU-FRA,brick,2060,downcycling,0.16132306879596306
C-WEU-FRA,brick,2060,incineration,0
C-WEU-FRA,brick,2060,landfilling,0.1870243670117168
C-WEU-FRA,brick,2060,recycling,0.6516525641923201
C-WEU-FRA,brick,2060,reuse,0
C-WEU-FRA,brick,2065,downcycling,0.16132306879596306
C-WEU-FRA,brick,2065,incineration,0
C-WEU-FRA,brick,2065,landfilling,0.1870243670117168
C-WEU-FRA,brick,2065,recycling,0.6516525641923201
C-WEU-FRA,brick,2065,reuse,0
C-WEU-FRA,brick,2070,downcycling,0.16132306879596306
C-WEU-FRA,brick,2070,incineration,0
C-WEU-FRA,brick,2070,landfilling,0.1870243670117168
C-WEU-FRA,brick,2070,recycling,0.6516525641923201
C-WEU-FRA,brick,2070,reuse,0
C-WEU-FRA,brick,2075,downcycling,0.16132306879596306
C-WEU-FRA,brick,2075,incineration,0
C-WEU-FRA,brick,2075,landfilling,0.1870243670117168
C-WEU-FRA,brick,2075,recycling,0.6516525641923201
C-WEU-FRA,brick,2075,reuse,0
C-WEU-FRA,brick,2080,downcycling,0.16132306879596306
C-WEU-FRA,brick,2080,incineration,0
C-WEU-FRA,brick,2080,landfilling,0.1870243670117168
C-WEU-FRA,brick,2080,recycling,0.6516525641923201
C-WEU-FRA,brick,2080,reuse,0
C-WEU-FRA,brick,2085,downcycling,0.16132306879596306
C-WEU-FRA,brick,2085,incineration,0
C-WEU-FRA,brick,2085,landfilling,0.1870243670117168
C-WEU-FRA,brick,2085,recycling,0.6516525641923201
C-WEU-FRA,brick,2085,reuse,0
C-WEU-FRA,brick,2090,downcycling,0.16132306879596306
C-WEU-FRA,brick,2090,incineration,0
C-WEU-FRA,brick,2090,landfilling,0.1870243670117168
C-WEU-FRA,brick,2090,recycling,0.6516525641923201
C-WEU-FRA,brick,2090,reuse,0
C-WEU-FRA,brick,2095,downcycling,0.16132306879596306
C-WEU-FRA,brick,2095,incineration,0
C-WEU-FRA,brick,2095,landfilling,0.1870243670117168
C-WEU-FRA,brick,2095,recycling,0.6516525641923201
C-WEU-FRA,brick,2095,reuse,0
C-WEU-FRA,brick,2100,downcycling,0.16132306879596306
C-WEU-FRA,brick,2100,incineration,0
C-WEU-FRA,brick,2100,landfilling,0.1870243670117168
C-WEU-FRA,brick,2100,recycling,0.6516525641923201
C-WEU-FRA,brick,2100,reuse,0
C-WEU-FRA,concrete,2015,downcycling,0.16132306879596306
C-WEU-FRA,concrete,2015,incineration,0
C-WEU-FRA,concrete,2015,landfilling,0.1870243670117168
C-WEU-FRA,concrete,2015,recycling,0.6516525641923201
C-WEU-FRA,concrete,2015,reuse,0
C-WEU-FRA,concrete,2020,downcycling,0.16132306879596306
C-WEU-FRA,concrete,2020,incineration,0
C-WEU-FRA,concrete,2020,landfilling,0.1870243670117168
C-WEU-FRA,concrete,2020,recycling,0.6516525641923201
C-WEU-FRA,concrete,2020,reuse,0
C-WEU-FRA,concrete,2025,downcycling,0.16132306879596306
C-WEU-FRA,concrete,2025,incineration,0
C-WEU-FRA,concrete,2025,landfilling,0.1870243670117168
C-WEU-FRA,concrete,2025,recycling,0.6516525641923201
C-WEU-FRA,concrete,2025,reuse,0
C-WEU-FRA,concrete,2030,downcycling,0.16132306879596306
C-WEU-FRA,concrete,2030,incineration,0
C-WEU-FRA,concrete,2030,landfilling,0.1870243670117168
C-WEU-FRA,concrete,2030,recycling,0.6516525641923201
C-WEU-FRA,concrete,2030,reuse,0
C-WEU-FRA,concrete,2035,downcycling,0.16132306879596306
C-WEU-FRA,concrete,2035,incineration,0
C-WEU-FRA,concrete,2035,landfilling,0.1870243670117168
C-WEU-FRA,concrete,2035,recycling,0.6516525641923201
C-WEU-FRA,concrete,2035,reuse,0
C-WEU-FRA,concrete,2040,downcycling,0.16132306879596306
C-WEU-FRA,concrete,2040,incineration,0
C-WEU-FRA,concrete,2040,landfilling,0.1870243670117168
C-WEU-FRA,concrete,2040,recycling,0.6516525641923201
C-WEU-FRA,concrete,2040,reuse,0
C-WEU-FRA,concrete,2045,downcycling,0.16132306879596306
C-WEU-FRA,concrete,2045,incineration,0
C-WEU-FRA,concrete,2045,landfilling,0.1870243670117168
C-WEU-FRA,concrete,2045,recycling,0.6516525641923201
C-WEU-FRA,concrete,2045,reuse,0
C-WEU-FRA,concrete,2050,downcycling,0.16132306879596306
C-WEU-FRA,concrete,2050,incineration,0
C-WEU-FRA,concrete,2050,landfilling,0.1870243670117168
C-WEU-FRA,concrete,2050,recycling,0.6516525641923201
C-WEU-FRA,concrete,2050,reuse,0
C-WEU-FRA,concrete,2055,downcycling,0.16132306879596306
C-WEU-FRA,concrete,2055,incineration,0
C-WEU-FRA,concrete,2055,landfilling,0.1870243670117168
C-WEU-FRA,concrete,2055,recycling,0.6516525641923201
C-WEU-FRA,concrete,2055,reuse,0
C-WEU-FRA,concrete,2060,downcycling,0.16132306879596306
C-WEU-FRA,concrete,2060,incineration,0
C-WEU-FRA,concrete,2060,landfilling,0.1870243670117168
C-WEU-FRA,concrete,2060,recycling,0.6516525641923201
C-WEU-FRA,concrete,2060,reuse,0
C-WEU-FRA,concrete,2065,downcycling,0.16132306879596306
C-WEU-FRA,concrete,2065,incineration,0
C-WEU-FRA,concrete,2065,landfilling,0.1870243670117168
C-WEU-FRA,concrete,2065,recycling,0.6516525641923201
C-WEU-FRA,concrete,2065,reuse,0
C-WEU-FRA,concrete,2070,downcycling,0.16132306879596306
C-WEU-FRA,concrete,2070,incineration,0
C-WEU-FRA,concrete,2070,landfilling,0.1870243670117168
C-WEU-FRA,concrete,2070,recycling,0.6516525641923201
C-WEU-FRA,concrete,2070,reuse,0
C-WEU-FRA,concrete,2075,downcycling,0.16132306879596306
C-WEU-FRA,concrete,2075,incineration,0
C-WEU-FRA,concrete,2075,landfilling,0.1870243670117168
C-WEU-FRA,concrete,2075,recycling,0.6516525641923201
C-WEU-FRA,concrete,2075,reuse,0
C-WEU-FRA,concrete,2080,downcycling,0.16132306879596306
C-WEU-FRA,concrete,2080,incineration,0
C-WEU-FRA,concrete,2080,landfilling,0.1870243670117168
C-WEU-FRA,concrete,2080,recycling,0.6516525641923201
C-WEU-FRA,concrete,2080,reuse,0
C-WEU-FRA,concrete,2085,downcycling,0.16132306879596306
C-WEU-FRA,concrete,2085,incineration,0
C-WEU-FRA,concrete,2085,landfilling,0.1870243670117168
C-WEU-FRA,concrete,2085,recycling,0.6516525641923201
C-WEU-FRA,concrete,2085,reuse,0
C-WEU-FRA,concrete,2090,downcycling,0.16132306879596306
C-WEU-FRA,concrete,2090,incineration,0
C-WEU-FRA,concrete,2090,landfilling,0.1870243670117168
C-WEU-FRA,concrete,2090,recycling,0.6516525641923201
C-WEU-FRA,concrete,2090,reuse,0
C-WEU-FRA,concrete,2095,downcycling,0.16132306879596306
C-WEU-FRA,concrete,2095,incineration,0
C-WEU-FRA,concrete,2095,landfilling,0.1870243670117168
C-WEU-FRA,concrete,2095,recycling,0.6516525641923201
C-WEU-FRA,concrete,2095,reuse,0
C-WEU-FRA,concrete,2100,downcycling,0.16132306879596306
C-WEU-FRA,concrete,2100,incineration,0
C-WEU-FRA,concrete,2100,landfilling,0.1870243670117168
C-WEU-FRA,concrete,2100,recycling,0.6516525641923201
C-WEU-FRA,concrete,2100,reuse,0
C-WEU-FRA,copper,2015,downcycling,0
C-WEU-FRA,copper,2015,incineration,0
C-WEU-FRA,copper,2015,landfilling,4.272655865622815e-4
C-WEU-FRA,copper,2015,recycling,0.9995727344134376
C-WEU-FRA,copper,2015,reuse,0
C-WEU-FRA,copper,2020,downcycling,0
C-WEU-FRA,copper,2020,incineration,0
C-WEU-FRA,copper,2020,landfilling,4.272655865622815e-4
C-WEU-FRA,copper,2020,recycling,0.9995727344134376
C-WEU-FRA,copper,2020,reuse,0
C-WEU-FRA,copper,2025,downcycling,0
C-WEU-FRA,copper,2025,incineration,0
C-WEU-FRA,copper,2025,landfilling,4.272655865622815e-4
C-WEU-FRA,copper,2025,recycling,0.9995727344134376
C-WEU-FRA,copper,2025,reuse,0
C-WEU-FRA,copper,2030,downcycling,0
C-WEU-FRA,copper,2030,incineration,0
C-WEU-FRA,copper,2030,landfilling,4.272655865622815e-4
C-WEU-FRA,copper,2030,recycling,0.9995727344134376
C-WEU-FRA,copper,2030,reuse,0
C-WEU-FRA,copper,2035,downcycling,0
C-WEU-FRA,copper,2035,incineration,0
C-WEU-FRA,copper,2035,landfilling,4.272655865622815e-4
C-WEU-FRA,copper,2035,recycling,0.9995727344134376
C-WEU-FRA,copper,2035,reuse,0
C-WEU-FRA,copper,2040,downcycling,0
C-WEU-FRA,copper,2040,incineration,0
C-WEU-FRA,copper,2040,landfilling,4.272655865622815e-4
C-WEU-FRA,copper,2040,recycling,0.9995727344134376
C-WEU-FRA,copper,2040,reuse,0
C-WEU-FRA,copper,2045,downcycling,0
C-WEU-FRA,copper,2045,incineration,0
C-WEU-FRA,copper,2045,landfilling,4.272655865622815e-4
C-WEU-FRA,copper,2045,recycling,0.9995727344134376
C-WEU-FRA,copper,2045,reuse,0
C-WEU-FRA,copper,2050,downcycling,0
C-WEU-FRA,copper,2050,incineration,0
C-WEU-FRA,copper,2050,landfilling,4.272655865622815e-4
C-WEU-FRA,copper,2050,recycling,0.9995727344134376
C-WEU-FRA,copper,2050,reuse,0
C-WEU-FRA,copper,2055,downcycling,0
C-WEU-FRA,copper,2055,incineration,0
C-WEU-FRA,copper,2055,landfilling,4.272655865622815e-4
C-WEU-FRA,copper,2055,recycling,0.9995727344134376
C-WEU-FRA,copper,2055,reuse,0
C-WEU-FRA,copper,2060,downcycling,0
C-WEU-FRA,copper,2060,incineration,0
C-WEU-FRA,copper,2060,landfilling,4.272655865622815e-4
C-WEU-FRA,copper,2060,recycling,0.9995727344134376
C-WEU-FRA,copper,2060,reuse,0
C-WEU-FRA,copper,2065,downcycling,0
C-WEU-FRA,copper,2065,incineration,0
C-WEU-FRA,copper,2065,landfilling,4.272655865622815e-4
C-WEU-FRA,copper,2065,recycling,0.9995727344134376
C-WEU-FRA,copper,2065,reuse,0
C-WEU-FRA,copper,2070,downcycling,0
C-WEU-FRA,copper,2070,incineration,0
C-WEU-FRA,copper,2070,landfilling,4.272655865622815e-4
C-WEU-FRA,copper,2070,recycling,0.9995727344134376
C-WEU-FRA,copper,2070,reuse,0
C-WEU-FRA,copper,2075,downcycling,0
C-WEU-FRA,copper,2075,incineration,0
C-WEU-FRA,copper,2075,landfilling,4.272655865622815e-4
C-WEU-FRA,copper,2075,recycling,0.9995727344134376
C-WEU-FRA,copper,2075,reuse,0
C-WEU-FRA,copper,2080,downcycling,0
C-WEU-FRA,copper,2080,incineration,0
C-WEU-FRA,copper,2080,landfilling,4.272655865622815e-4
C-WEU-FRA,copper,2080,recycling,0.9995727344134376
C-WEU-FRA,copper,2080,reuse,0
C-WEU-FRA,copper,2085,downcycling,0
C-WEU-FRA,copper,2085,incineration,0
C-WEU-FRA,copper,2085,landfilling,4.272655865622815e-4
C-WEU-FRA,copper,2085,recycling,0.9995727344134376
C-WEU-FRA,copper,2085,reuse,0
C-WEU-FRA,copper,2090,downcycling,0
C-WEU-FRA,copper,2090,incineration,0
C-WEU-FRA,copper,2090,landfilling,4.272655865622815e-4
C-WEU-FRA,copper,2090,recycling,0.9995727344134376
C-WEU-FRA,copper,2090,reuse,0
C-WEU-FRA,copper,2095,downcycling,0
C-WEU-FRA,copper,2095,incineration,0
C-WEU-FRA,copper,2095,landfilling,4.272655865622815e-4
C-WEU-FRA,copper,2095,recycling,0.9995727344134376
C-WEU-FRA,copper,2095,reuse,0
C-WEU-FRA,copper,2100,downcycling,0
C-WEU-FRA,copper,2100,incineration,0
C-WEU-FRA,copper,2100,landfilling,4.272655865622815e-4
C-WEU-FRA,copper,2100,recycling,0.9995727344134376
C-WEU-FRA,copper,2100,reuse,0
C-WEU-FRA,glass,2015,downcycling,0.24
C-WEU-FRA,glass,2015,incineration,0
C-WEU-FRA,glass,2015,landfilling,0.7
C-WEU-FRA,glass,2015,recycling,0.06
C-WEU-FRA,glass,2015,reuse,0
C-WEU-FRA,glass,2020,downcycling,0.24
C-WEU-FRA,glass,2020,incineration,0
C-WEU-FRA,glass,2020,landfilling,0.7
C-WEU-FRA,glass,2020,recycling,0.06
C-WEU-FRA,glass,2020,reuse,0
C-WEU-FRA,glass,2025,downcycling,0.24
C-WEU-FRA,glass,2025,incineration,0
C-WEU-FRA,glass,2025,landfilling,0.7
C-WEU-FRA,glass,2025,recycling,0.06
C-WEU-FRA,glass,2025,reuse,0
C-WEU-FRA,glass,2030,downcycling,0.24
C-WEU-FRA,glass,2030,incineration,0
C-WEU-FRA,glass,2030,landfilling,0.7
C-WEU-FRA,glass,2030,recycling,0.06
C-WEU-FRA,glass,2030,reuse,0
C-WEU-FRA,glass,2035,downcycling,0.24
C-WEU-FRA,glass,2035,incineration,0
C-WEU-FRA,glass,2035,landfilling,0.7
C-WEU-FRA,glass,2035,recycling,0.06
C-WEU-FRA,glass,2035,reuse,0
C-WEU-FRA,glass,2040,downcycling,0.24
C-WEU-FRA,glass,2040,incineration,0
C-WEU-FRA,glass,2040,landfilling,0.7
C-WEU-FRA,glass,2040,recycling,0.06
C-WEU-FRA,glass,2040,reuse,0
C-WEU-FRA,glass,2045,downcycling,0.24
C-WEU-FRA,glass,2045,incineration,0
C-WEU-FRA,glass,2045,landfilling,0.7
C-WEU-FRA,glass,2045,recycling,0.06
C-WEU-FRA,glass,2045,reuse,0
C-WEU-FRA,glass,2050,downcycling,0.24
C-WEU-FRA,glass,2050,incineration,0
C-WEU-FRA,glass,2050,landfilling,0.7
C-WEU-FRA,glass,2050,recycling,0.06
C-WEU-FRA,glass,2050,reuse,0
C-WEU-FRA,glass,2055,downcycling,0.24
C-WEU-FRA,glass,2055,incineration,0
C-WEU-FRA,glass,2055,landfilling,0.7
C-WEU-FRA,glass,2055,recycling,0.06
C-WEU-FRA,glass,2055,reuse,0
C-WEU-FRA,glass,2060,downcycling,0.24
C-WEU-FRA,glass,2060,incineration,0
C-WEU-FRA,glass,2060,landfilling,0.7
C-WEU-FRA,glass,2060,recycling,0.06
C-WEU-FRA,glass,2060,reuse,0
C-WEU-FRA,glass,2065,downcycling,0.24
C-WEU-FRA,glass,2065,incineration,0
C-WEU-FRA,glass,2065,landfilling,0.7
C-WEU-FRA,glass,2065,recycling,0.06
C-WEU-FRA,glass,2065,reuse,0
C-WEU-FRA,glass,2070,downcycling,0.24
C-WEU-FRA,glass,2070,incineration,0
C-WEU-FRA,glass,2070,landfilling,0.7
C-WEU-FRA,glass,2070,recycling,0.06
C-WEU-FRA,glass,2070,reuse,0
C-WEU-FRA,glass,2075,downcycling,0.24
C-WEU-FRA,glass,2075,incineration,0
C-WEU-FRA,glass,2075,landfilling,0.7
C-WEU-FRA,glass,2075,recycling,0.06
C-WEU-FRA,glass,2075,reuse,0
C-WEU-FRA,glass,2080,downcycling,0.24
C-WEU-FRA,glass,2080,incineration,0
C-WEU-FRA,glass,2080,landfilling,0.7
C-WEU-FRA,glass,2080,recycling,0.06
C-WEU-FRA,glass,2080,reuse,0
C-WEU-FRA,glass,2085,downcycling,0.24
C-WEU-FRA,glass,2085,incineration,0
C-WEU-FRA,glass,2085,landfilling,0.7
C-WEU-FRA,glass,2085,recycling,0.06
C-WEU-FRA,glass,2085,reuse,0
C-WEU-FRA,glass,2090,downcycling,0.24
C-WEU-FRA,glass,2090,incineration,0
C-WEU-FRA,glass,2090,landfilling,0.7
C-WEU-FRA,glass,2090,recycling,0.06
C-WEU-FRA,glass,2090,reuse,0
C-WEU-FRA,glass,2095,downcycling,0.24
C-WEU-FRA,glass,2095,incineration,0
C-WEU-FRA,glass,2095,landfilling,0.7
C-WEU-FRA,glass,2095,recycling,0.06
C-WEU-FRA,glass,2095,reuse,0
C-WEU-FRA,glass,2100,downcycling,0.24
C-WEU-FRA,glass,2100,incineration,0
C-WEU-FRA,glass,2100,landfilling,0.7
C-WEU-FRA,glass,2100,recycling,0.06
C-WEU-FRA,glass,2100,reuse,0
C-WEU-FRA,steel,2015,downcycling,0
C-WEU-FRA,steel,2015,incineration,0
C-WEU-FRA,steel,2015,landfilling,0
C-WEU-FRA,steel,2015,recycling,1
C-WEU-FRA,steel,2015,reuse,0
C-WEU-FRA,steel,2020,downcycling,0
C-WEU-FRA,steel,2020,incineration,0
C-WEU-FRA,steel,2020,landfilling,0
C-WEU-FRA,steel,2020,recycling,1
C-WEU-FRA,steel,2020,reuse,0
C-WEU-FRA,steel,2025,downcycling,0
C-WEU-FRA,steel,2025,incineration,0
C-WEU-FRA,steel,2025,landfilling,0
C-WEU-FRA,steel,2025,recycling,1
C-WEU-FRA,steel,2025,reuse,0
C-WEU-FRA,steel,2030,downcycling,0
C-WEU-FRA,steel,2030,incineration,0
C-WEU-FRA,steel,2030,landfilling,0
C-WEU-FRA,steel,2030,recycling,1
C-WEU-FRA,steel,2030,reuse,0
C-WEU-FRA,steel,2035,downcycling,0
C-WEU-FRA,steel,2035,incineration,0
C-WEU-FRA,steel,2035,landfilling,0
C-WEU-FRA,steel,2035,recycling,1
C-WEU-FRA,steel,2035,reuse,0
C-WEU-FRA,steel,2040,downcycling,0
C-WEU-FRA,steel,2040,incineration,0
C-WEU-FRA,steel,2040,landfilling,0
C-WEU-FRA,steel,2040,recycling,1
C-WEU-FRA,steel,2040,reuse,0
C-WEU-FRA,steel,2045,downcycling,0
C-WEU-FRA,steel,2045,incineration,0
C-WEU-FRA,steel,2045,landfilling,0
C-WEU-FRA,steel,2045,recycling,1
C-WEU-FRA,steel,2045,reuse,0
C-WEU-FRA,steel,2050,downcycling,0
C-WEU-FRA,steel,2050,incineration,0
C-WEU-FRA,steel,2050,landfilling,0
C-WEU-FRA,steel,2050,recycling,1
C-WEU-FRA,steel,2050,reuse,0
C-WEU-FRA,steel,2055,downcycling,0
C-WEU-FRA,steel,2055,incineration,0
C-WEU-FRA,steel,2055,landfilling,0
C-WEU-FRA,steel,2055,recycling,1
C-WEU-FRA,steel,2055,reuse,0
C-WEU-FRA,steel,2060,downcycling,0
C-WEU-FRA,steel,2060,incineration,0
C-WEU-FRA,steel,2060,landfilling,0
C-WEU-FRA,steel,2060,recycling,1
C-WEU-FRA,steel,2060,reuse,0
C-WEU-FRA,steel,2065,downcycling,0
C-WEU-FRA,steel,2065,incineration,0
C-WEU-FRA,steel,2065,landfilling,0
C-WEU-FRA,steel,2065,recycling,1
C-WEU-FRA,steel,2065,reuse,0
C-WEU-FRA,steel,2070,downcycling,0
C-WEU-FRA,steel,2070,incineration,0
C-WEU-FRA,steel,2070,landfilling,0
C-WEU-FRA,steel,2070,recycling,1
C-WEU-FRA,steel,2070,reuse,0
C-WEU-FRA,steel,2075,downcycling,0
C-WEU-FRA,steel,2075,incineration,0
C-WEU-FRA,steel,2075,landfilling,0
C-WEU-FRA,steel,2075,recycling,1
C-WEU-FRA,steel,2075,reuse,0
C-WEU-FRA,steel,2080,downcycling,0
C-WEU-FRA,steel,2080,incineration,0
C-WEU-FRA,steel,2080,landfilling,0
C-WEU-FRA,steel,2080,recycling,1
C-WEU-FRA,steel,2080,reuse,0
C-WEU-FRA,steel,2085,downcycling,0
C-WEU-FRA,steel,2085,incineration,0
C-WEU-FRA,steel,2085,landfilling,0
C-WEU-FRA,steel,2085,recycling,1
C-WEU-FRA,steel,2085,reuse,0
C-WEU-FRA,steel,2090,downcycling,0
C-WEU-FRA,steel,2090,incineration,0
C-WEU-FRA,steel,2090,landfilling,0
C-WEU-FRA,steel,2090,recycling,1
C-WEU-FRA,steel,2090,reuse,0
C-WEU-FRA,steel,2095,downcycling,0
C-WEU-FRA,steel,2095,incineration,0
C-WEU-FRA,steel,2095,landfilling,0
C-WEU-FRA,steel,2095,recycling,1
C-WEU-FRA,steel,2095,reuse,0
C-WEU-FRA,steel,2100,downcycling,0
C-WEU-FRA,steel,2100,incineration,0
C-WEU-FRA,steel,2100,landfilling,0
C-WEU-FRA,steel,2100,recycling,1
C-WEU-FRA,steel,2100,reuse,0
C-WEU-FRA,wood,2015,downcycling,0
C-WEU-FRA,wood,2015,incineration,0.64
C-WEU-FRA,wood,2015,landfilling,0.06
C-WEU-FRA,wood,2015,recycling,0.3
C-WEU-FRA,wood,2015,reuse,0
C-WEU-FRA,wood,2020,downcycling,0
C-WEU-FRA,wood,2020,incineration,0.64
C-WEU-FRA,wood,2020,landfilling,0.06
C-WEU-FRA,wood,2020,recycling,0.3
C-WEU-FRA,wood,2020,reuse,0
C-WEU-FRA,wood,2025,downcycling,0
C-WEU-FRA,wood,2025,incineration,0.64
C-WEU-FRA,wood,2025,landfilling,0.06
C-WEU-FRA,wood,2025,recycling,0.3
C-WEU-FRA,wood,2025,reuse,0
C-WEU-FRA,wood,2030,downcycling,0
C-WEU-FRA,wood,2030,incineration,0.64
C-WEU-FRA,wood,2030,landfilling,0.06
C-WEU-FRA,wood,2030,recycling,0.3
C-WEU-FRA,wood,2030,reuse,0
C-WEU-FRA,wood,2035,downcycling,0
C-WEU-FRA,wood,2035,incineration,0.64
C-WEU-FRA,wood,2035,landfilling,0.06
C-WEU-FRA,wood,2035,recycling,0.3
C-WEU-FRA,wood,2035,reuse,0
C-WEU-FRA,wood,2040,downcycling,0
C-WEU-FRA,wood,2040,incineration,0.64
C-WEU-FRA,wood,2040,landfilling,0.06
C-WEU-FRA,wood,2040,recycling,0.3
C-WEU-FRA,wood,2040,reuse,0
C-WEU-FRA,wood,2045,downcycling,0
C-WEU-FRA,wood,2045,incineration,0.64
C-WEU-FRA,wood,2045,landfilling,0.06
C-WEU-FRA,wood,2045,recycling,0.3
C-WEU-FRA,wood,2045,reuse,0
C-WEU-FRA,wood,2050,downcycling,0
C-WEU-FRA,wood,2050,incineration,0.64
C-WEU-FRA,wood,2050,landfilling,0.06
C-WEU-FRA,wood,2050,recycling,0.3
C-WEU-FRA,wood,2050,reuse,0
C-WEU-FRA,wood,2055,downcycling,0
C-WEU-FRA,wood,2055,incineration,0.64
C-WEU-FRA,wood,2055,landfilling,0.06
C-WEU-FRA,wood,2055,recycling,0.3
C-WEU-FRA,wood,2055,reuse,0
C-WEU-FRA,wood,2060,downcycling,0
C-WEU-FRA,wood,2060,incineration,0.64
C-WEU-FRA,wood,2060,landfilling,0.06
C-WEU-FRA,wood,2060,recycling,0.3
C-WEU-FRA,wood,2060,reuse,0
C-WEU-FRA,wood,2065,downcycling,0
C-WEU-FRA,wood,2065,incineration,0.64
C-WEU-FRA,wood,2065,landfilling,0.06
C-WEU-FRA,wood,2065,recycling,0.3
C-WEU-FRA,wood,2065,reuse,0
C-WEU-FRA,wood,2070,downcycling,0
C-WEU-FRA,wood,2070,incineration,0.64
C-WEU-FRA,wood,2070,landfilling,0.06
C-WEU-FRA,wood,2070,recycling,0.3
C-WEU-FRA,wood,2070,reuse,0
C-WEU-FRA,wood,2075,downcycling,0
C-WEU-FRA,wood,2075,incineration,0.64
C-WEU-FRA,wood,2075,landfilling,0.06
C-WEU-FRA,wood,2075,recycling,0.3
C-WEU-FRA,wood,2075,reuse,0
C-WEU-FRA,wood,2080,downcycling,0
C-WEU-FRA,wood,2080,incineration,0.64
C-WEU-FRA,wood,2080,landfilling,0.06
C-WEU-FRA,wood,2080,recycling,0.3
C-WEU-FRA,wood,2080,reuse,0
C-WEU-FRA,wood,2085,downcycling,0
C-WEU-FRA,wood,2085,incineration,0.64
C-WEU-FRA,wood,2085,landfilling,0.06
C-WEU-FRA,wood,2085,recycling,0.3
C-WEU-FRA,wood,2085,reuse,0
C-WEU-FRA,wood,2090,downcycling,0
C-WEU-FRA,wood,2090,incineration,0.64
C-WEU-FRA,wood,2090,landfilling,0.06
C-WEU-FRA,wood,2090,recycling,0.3
C-WEU-FRA,wood,2090,reuse,0
C-WEU-FRA,wood,2095,downcycling,0
C-WEU-FRA,wood,2095,incineration,0.64
C-WEU-FRA,wood,2095,landfilling,0.06
C-WEU-FRA,wood,2095,recycling,0.3
C-WEU-FRA,wood,2095,reuse,0
C-WEU-FRA,wood,2100,downcycling,0
C-WEU-FRA,wood,2100,incineration,0.64
C-WEU-FRA,wood,2100,landfilling,0.06
C-WEU-FRA,wood,2100,recycling,0.3
C-WEU-FRA,wood,2100,reuse,0
C-WEU-GRC,aluminum,2015,downcycling,0
C-WEU-GRC,aluminum,2015,incineration,0
C-WEU-GRC,aluminum,2015,landfilling,0
C-WEU-GRC,aluminum,2015,recycling,1
C-WEU-GRC,aluminum,2015,reuse,0
C-WEU-GRC,aluminum,2020,downcycling,0
C-WEU-GRC,aluminum,2020,incineration,0
C-WEU-GRC,aluminum,2020,landfilling,0
C-WEU-GRC,aluminum,2020,recycling,1
C-WEU-GRC,aluminum,2020,reuse,0
C-WEU-GRC,aluminum,2025,downcycling,0
C-WEU-GRC,aluminum,2025,incineration,0
C-WEU-GRC,aluminum,2025,landfilling,0
C-WEU-GRC,aluminum,2025,recycling,1
C-WEU-GRC,aluminum,2025,reuse,0
C-WEU-GRC,aluminum,2030,downcycling,0
C-WEU-GRC,aluminum,2030,incineration,0
C-WEU-GRC,aluminum,2030,landfilling,0
C-WEU-GRC,aluminum,2030,recycling,1
C-WEU-GRC,aluminum,2030,reuse,0
C-WEU-GRC,aluminum,2035,downcycling,0
C-WEU-GRC,aluminum,2035,incineration,0
C-WEU-GRC,aluminum,2035,landfilling,0
C-WEU-GRC,aluminum,2035,recycling,1
C-WEU-GRC,aluminum,2035,reuse,0
C-WEU-GRC,aluminum,2040,downcycling,0
C-WEU-GRC,aluminum,2040,incineration,0
C-WEU-GRC,aluminum,2040,landfilling,0
C-WEU-GRC,aluminum,2040,recycling,1
C-WEU-GRC,aluminum,2040,reuse,0
C-WEU-GRC,aluminum,2045,downcycling,0
C-WEU-GRC,aluminum,2045,incineration,0
C-WEU-GRC,aluminum,2045,landfilling,0
C-WEU-GRC,aluminum,2045,recycling,1
C-WEU-GRC,aluminum,2045,reuse,0
C-WEU-GRC,aluminum,2050,downcycling,0
C-WEU-GRC,aluminum,2050,incineration,0
C-WEU-GRC,aluminum,2050,landfilling,0
C-WEU-GRC,aluminum,2050,recycling,1
C-WEU-GRC,aluminum,2050,reuse,0
C-WEU-GRC,aluminum,2055,downcycling,0
C-WEU-GRC,aluminum,2055,incineration,0
C-WEU-GRC,aluminum,2055,landfilling,0
C-WEU-GRC,aluminum,2055,recycling,1
C-WEU-GRC,aluminum,2055,reuse,0
C-WEU-GRC,aluminum,2060,downcycling,0
C-WEU-GRC,aluminum,2060,incineration,0
C-WEU-GRC,aluminum,2060,landfilling,0
C-WEU-GRC,aluminum,2060,recycling,1
C-WEU-GRC,aluminum,2060,reuse,0
C-WEU-GRC,aluminum,2065,downcycling,0
C-WEU-GRC,aluminum,2065,incineration,0
C-WEU-GRC,aluminum,2065,landfilling,0
C-WEU-GRC,aluminum,2065,recycling,1
C-WEU-GRC,aluminum,2065,reuse,0
C-WEU-GRC,aluminum,2070,downcycling,0
C-WEU-GRC,aluminum,2070,incineration,0
C-WEU-GRC,aluminum,2070,landfilling,0
C-WEU-GRC,aluminum,2070,recycling,1
C-WEU-GRC,aluminum,2070,reuse,0
C-WEU-GRC,aluminum,2075,downcycling,0
C-WEU-GRC,aluminum,2075,incineration,0
C-WEU-GRC,aluminum,2075,landfilling,0
C-WEU-GRC,aluminum,2075,recycling,1
C-WEU-GRC,aluminum,2075,reuse,0
C-WEU-GRC,aluminum,2080,downcycling,0
C-WEU-GRC,aluminum,2080,incineration,0
C-WEU-GRC,aluminum,2080,landfilling,0
C-WEU-GRC,aluminum,2080,recycling,1
C-WEU-GRC,aluminum,2080,reuse,0
C-WEU-GRC,aluminum,2085,downcycling,0
C-WEU-GRC,aluminum,2085,incineration,0
C-WEU-GRC,aluminum,2085,landfilling,0
C-WEU-GRC,aluminum,2085,recycling,1
C-WEU-GRC,aluminum,2085,reuse,0
C-WEU-GRC,aluminum,2090,downcycling,0
C-WEU-GRC,aluminum,2090,incineration,0
C-WEU-GRC,aluminum,2090,landfilling,0
C-WEU-GRC,aluminum,2090,recycling,1
C-WEU-GRC,aluminum,2090,reuse,0
C-WEU-GRC,aluminum,2095,downcycling,0
C-WEU-GRC,aluminum,2095,incineration,0
C-WEU-GRC,aluminum,2095,landfilling,0
C-WEU-GRC,aluminum,2095,recycling,1
C-WEU-GRC,aluminum,2095,reuse,0
C-WEU-GRC,aluminum,2100,downcycling,0
C-WEU-GRC,aluminum,2100,incineration,0
C-WEU-GRC,aluminum,2100,landfilling,0
C-WEU-GRC,aluminum,2100,recycling,1
C-WEU-GRC,aluminum,2100,reuse,0
C-WEU-GRC,brick,2015,downcycling,0
C-WEU-GRC,brick,2015,incineration,0
C-WEU-GRC,brick,2015,landfilling,0.00352672164703178
C-WEU-GRC,brick,2015,recycling,0.9964732783529682
C-WEU-GRC,brick,2015,reuse,0
C-WEU-GRC,brick,2020,downcycling,0
C-WEU-GRC,brick,2020,incineration,0
C-WEU-GRC,brick,2020,landfilling,0.00352672164703178
C-WEU-GRC,brick,2020,recycling,0.9964732783529682
C-WEU-GRC,brick,2020,reuse,0
C-WEU-GRC,brick,2025,downcycling,0
C-WEU-GRC,brick,2025,incineration,0
C-WEU-GRC,brick,2025,landfilling,0.00352672164703178
C-WEU-GRC,brick,2025,recycling,0.9964732783529682
C-WEU-GRC,brick,2025,reuse,0
C-WEU-GRC,brick,2030,downcycling,0
C-WEU-GRC,brick,2030,incineration,0
C-WEU-GRC,brick,2030,landfilling,0.00352672164703178
C-WEU-GRC,brick,2030,recycling,0.9964732783529682
C-WEU-GRC,brick,2030,reuse,0
C-WEU-GRC,brick,2035,downcycling,0
C-WEU-GRC,brick,2035,incineration,0
C-WEU-GRC,brick,2035,landfilling,0.00352672164703178
C-WEU-GRC,brick,2035,recycling,0.9964732783529682
C-WEU-GRC,brick,2035,reuse,0
C-WEU-GRC,brick,2040,downcycling,0
C-WEU-GRC,brick,2040,incineration,0
C-WEU-GRC,brick,2040,landfilling,0.00352672164703178
C-WEU-GRC,brick,2040,recycling,0.9964732783529682
C-WEU-GRC,brick,2040,reuse,0
C-WEU-GRC,brick,2045,downcycling,0
C-WEU-GRC,brick,2045,incineration,0
C-WEU-GRC,brick,2045,landfilling,0.00352672164703178
C-WEU-GRC,brick,2045,recycling,0.9964732783529682
C-WEU-GRC,brick,2045,reuse,0
C-WEU-GRC,brick,2050,downcycling,0
C-WEU-GRC,brick,2050,incineration,0
C-WEU-GRC,brick,2050,landfilling,0.00352672164703178
C-WEU-GRC,brick,2050,recycling,0.9964732783529682
C-WEU-GRC,brick,2050,reuse,0
C-WEU-GRC,brick,2055,downcycling,0
C-WEU-GRC,brick,2055,incineration,0
C-WEU-GRC,brick,2055,landfilling,0.00352672164703178
C-WEU-GRC,brick,2055,recycling,0.9964732783529682
C-WEU-GRC,brick,2055,reuse,0
C-WEU-GRC,brick,2060,downcycling,0
C-WEU-GRC,brick,2060,incineration,0
C-WEU-GRC,brick,2060,landfilling,0.00352672164703178
C-WEU-GRC,brick,2060,recycling,0.9964732783529682
C-WEU-GRC,brick,2060,reuse,0
C-WEU-GRC,brick,2065,downcycling,0
C-WEU-GRC,brick,2065,incineration,0
C-WEU-GRC,brick,2065,landfilling,0.00352672164703178
C-WEU-GRC,brick,2065,recycling,0.9964732783529682
C-WEU-GRC,brick,2065,reuse,0
C-WEU-GRC,brick,2070,downcycling,0
C-WEU-GRC,brick,2070,incineration,0
C-WEU-GRC,brick,2070,landfilling,0.00352672164703178
C-WEU-GRC,brick,2070,recycling,0.9964732783529682
C-WEU-GRC,brick,2070,reuse,0
C-WEU-GRC,brick,2075,downcycling,0
C-WEU-GRC,brick,2075,incineration,0
C-WEU-GRC,brick,2075,landfilling,0.00352672164703178
C-WEU-GRC,brick,2075,recycling,0.9964732783529682
C-WEU-GRC,brick,2075,reuse,0
C-WEU-GRC,brick,2080,downcycling,0
C-WEU-GRC,brick,2080,incineration,0
C-WEU-GRC,brick,2080,landfilling,0.00352672164703178
C-WEU-GRC,brick,2080,recycling,0.9964732783529682
C-WEU-GRC,brick,2080,reuse,0
C-WEU-GRC,brick,2085,downcycling,0
C-WEU-GRC,brick,2085,incineration,0
C-WEU-GRC,brick,2085,landfilling,0.00352672164703178
C-WEU-GRC,brick,2085,recycling,0.9964732783529682
C-WEU-GRC,brick,2085,reuse,0
C-WEU-GRC,brick,2090,downcycling,0
C-WEU-GRC,brick,2090,incineration,0
C-WEU-GRC,brick,2090,landfilling,0.00352672164703178
C-WEU-GRC,brick,2090,recycling,0.9964732783529682
C-WEU-GRC,brick,2090,reuse,0
C-WEU-GRC,brick,2095,downcycling,0
C-WEU-GRC,brick,2095,incineration,0
C-WEU-GRC,brick,2095,landfilling,0.00352672164703178
C-WEU-GRC,brick,2095,recycling,0.9964732783529682
C-WEU-GRC,brick,2095,reuse,0
C-WEU-GRC,brick,2100,downcycling,0
C-WEU-GRC,brick,2100,incineration,0
C-WEU-GRC,brick,2100,landfilling,0.00352672164703178
C-WEU-GRC,brick,2100,recycling,0.9964732783529682
C-WEU-GRC,brick,2100,reuse,0
C-WEU-GRC,concrete,2015,downcycling,0
C-WEU-GRC,concrete,2015,incineration,0
C-WEU-GRC,concrete,2015,landfilling,0.00352672164703178
C-WEU-GRC,concrete,2015,recycling,0.9964732783529682
C-WEU-GRC,concrete,2015,reuse,0
C-WEU-GRC,concrete,2020,downcycling,0
C-WEU-GRC,concrete,2020,incineration,0
C-WEU-GRC,concrete,2020,landfilling,0.00352672164703178
C-WEU-GRC,concrete,2020,recycling,0.9964732783529682
C-WEU-GRC,concrete,2020,reuse,0
C-WEU-GRC,concrete,2025,downcycling,0
C-WEU-GRC,concrete,2025,incineration,0
C-WEU-GRC,concrete,2025,landfilling,0.00352672164703178
C-WEU-GRC,concrete,2025,recycling,0.9964732783529682
C-WEU-GRC,concrete,2025,reuse,0
C-WEU-GRC,concrete,2030,downcycling,0
C-WEU-GRC,concrete,2030,incineration,0
C-WEU-GRC,concrete,2030,landfilling,0.00352672164703178
C-WEU-GRC,concrete,2030,recycling,0.9964732783529682
C-WEU-GRC,concrete,2030,reuse,0
C-WEU-GRC,concrete,2035,downcycling,0
C-WEU-GRC,concrete,2035,incineration,0
C-WEU-GRC,concrete,2035,landfilling,0.00352672164703178
C-WEU-GRC,concrete,2035,recycling,0.9964732783529682
C-WEU-GRC,concrete,2035,reuse,0
C-WEU-GRC,concrete,2040,downcycling,0
C-WEU-GRC,concrete,2040,incineration,0
C-WEU-GRC,concrete,2040,landfilling,0.00352672164703178
C-WEU-GRC,concrete,2040,recycling,0.9964732783529682
C-WEU-GRC,concrete,2040,reuse,0
C-WEU-GRC,concrete,2045,downcycling,0
C-WEU-GRC,concrete,2045,incineration,0
C-WEU-GRC,concrete,2045,landfilling,0.00352672164703178
C-WEU-GRC,concrete,2045,recycling,0.9964732783529682
C-WEU-GRC,concrete,2045,reuse,0
C-WEU-GRC,concrete,2050,downcycling,0
C-WEU-GRC,concrete,2050,incineration,0
C-WEU-GRC,concrete,2050,landfilling,0.00352672164703178
C-WEU-GRC,concrete,2050,recycling,0.9964732783529682
C-WEU-GRC,concrete,2050,reuse,0
C-WEU-GRC,concrete,2055,downcycling,0
C-WEU-GRC,concrete,2055,incineration,0
C-WEU-GRC,concrete,2055,landfilling,0.00352672164703178
C-WEU-GRC,concrete,2055,recycling,0.9964732783529682
C-WEU-GRC,concrete,2055,reuse,0
C-WEU-GRC,concrete,2060,downcycling,0
C-WEU-GRC,concrete,2060,incineration,0
C-WEU-GRC,concrete,2060,landfilling,0.00352672164703178
C-WEU-GRC,concrete,2060,recycling,0.9964732783529682
C-WEU-GRC,concrete,2060,reuse,0
C-WEU-GRC,concrete,2065,downcycling,0
C-WEU-GRC,concrete,2065,incineration,0
C-WEU-GRC,concrete,2065,landfilling,0.00352672164703178
C-WEU-GRC,concrete,2065,recycling,0.9964732783529682
C-WEU-GRC,concrete,2065,reuse,0
C-WEU-GRC,concrete,2070,downcycling,0
C-WEU-GRC,concrete,2070,incineration,0
C-WEU-GRC,concrete,2070,landfilling,0.00352672164703178
C-WEU-GRC,concrete,2070,recycling,0.9964732783529682
C-WEU-GRC,concrete,2070,reuse,0
C-WEU-GRC,concrete,2075,downcycling,0
C-WEU-GRC,concrete,2075,incineration,0
C-WEU-GRC,concrete,2075,landfilling,0.00352672164703178
C-WEU-GRC,concrete,2075,recycling,0.9964732783529682
C-WEU-GRC,concrete,2075,reuse,0
C-WEU-GRC,concrete,2080,downcycling,0
C-WEU-GRC,concrete,2080,incineration,0
C-WEU-GRC,concrete,2080,landfilling,0.00352672164703178
C-WEU-GRC,concrete,2080,recycling,0.9964732783529682
C-WEU-GRC,concrete,2080,reuse,0
C-WEU-GRC,concrete,2085,downcycling,0
C-WEU-GRC,concrete,2085,incineration,0
C-WEU-GRC,concrete,2085,landfilling,0.00352672164703178
C-WEU-GRC,concrete,2085,recycling,0.9964732783529682
C-WEU-GRC,concrete,2085,reuse,0
C-WEU-GRC,concrete,2090,downcycling,0
C-WEU-GRC,concrete,2090,incineration,0
C-WEU-GRC,concrete,2090,landfilling,0.00352672164703178
C-WEU-GRC,concrete,2090,recycling,0.9964732783529682
C-WEU-GRC,concrete,2090,reuse,0
C-WEU-GRC,concrete,2095,downcycling,0
C-WEU-GRC,concrete,2095,incineration,0
C-WEU-GRC,concrete,2095,landfilling,0.00352672164703178
C-WEU-GRC,concrete,2095,recycling,0.9964732783529682
C-WEU-GRC,concrete,2095,reuse,0
C-WEU-GRC,concrete,2100,downcycling,0
C-WEU-GRC,concrete,2100,incineration,0
C-WEU-GRC,concrete,2100,landfilling,0.00352672164703178
C-WEU-GRC,concrete,2100,recycling,0.9964732783529682
C-WEU-GRC,concrete,2100,reuse,0
C-WEU-GRC,copper,2015,downcycling,0
C-WEU-GRC,copper,2015,incineration,0
C-WEU-GRC,copper,2015,landfilling,0
C-WEU-GRC,copper,2015,recycling,1
C-WEU-GRC,copper,2015,reuse,0
C-WEU-GRC,copper,2020,downcycling,0
C-WEU-GRC,copper,2020,incineration,0
C-WEU-GRC,copper,2020,landfilling,0
C-WEU-GRC,copper,2020,recycling,1
C-WEU-GRC,copper,2020,reuse,0
C-WEU-GRC,copper,2025,downcycling,0
C-WEU-GRC,copper,2025,incineration,0
C-WEU-GRC,copper,2025,landfilling,0
C-WEU-GRC,copper,2025,recycling,1
C-WEU-GRC,copper,2025,reuse,0
C-WEU-GRC,copper,2030,downcycling,0
C-WEU-GRC,copper,2030,incineration,0
C-WEU-GRC,copper,2030,landfilling,0
C-WEU-GRC,copper,2030,recycling,1
C-WEU-GRC,copper,2030,reuse,0
C-WEU-GRC,copper,2035,downcycling,0
C-WEU-GRC,copper,2035,incineration,0
C-WEU-GRC,copper,2035,landfilling,0
C-WEU-GRC,copper,2035,recycling,1
C-WEU-GRC,copper,2035,reuse,0
C-WEU-GRC,copper,2040,downcycling,0
C-WEU-GRC,copper,2040,incineration,0
C-WEU-GRC,copper,2040,landfilling,0
C-WEU-GRC,copper,2040,recycling,1
C-WEU-GRC,copper,2040,reuse,0
C-WEU-GRC,copper,2045,downcycling,0
C-WEU-GRC,copper,2045,incineration,0
C-WEU-GRC,copper,2045,landfilling,0
C-WEU-GRC,copper,2045,recycling,1
C-WEU-GRC,copper,2045,reuse,0
C-WEU-GRC,copper,2050,downcycling,0
C-WEU-GRC,copper,2050,incineration,0
C-WEU-GRC,copper,2050,landfilling,0
C-WEU-GRC,copper,2050,recycling,1
C-WEU-GRC,copper,2050,reuse,0
C-WEU-GRC,copper,2055,downcycling,0
C-WEU-GRC,copper,2055,incineration,0
C-WEU-GRC,copper,2055,landfilling,0
C-WEU-GRC,copper,2055,recycling,1
C-WEU-GRC,copper,2055,reuse,0
C-WEU-GRC,copper,2060,downcycling,0
C-WEU-GRC,copper,2060,incineration,0
C-WEU-GRC,copper,2060,landfilling,0
C-WEU-GRC,copper,2060,recycling,1
C-WEU-GRC,copper,2060,reuse,0
C-WEU-GRC,copper,2065,downcycling,0
C-WEU-GRC,copper,2065,incineration,0
C-WEU-GRC,copper,2065,landfilling,0
C-WEU-GRC,copper,2065,recycling,1
C-WEU-GRC,copper,2065,reuse,0
C-WEU-GRC,copper,2070,downcycling,0
C-WEU-GRC,copper,2070,incineration,0
C-WEU-GRC,copper,2070,landfilling,0
C-WEU-GRC,copper,2070,recycling,1
C-WEU-GRC,copper,2070,reuse,0
C-WEU-GRC,copper,2075,downcycling,0
C-WEU-GRC,copper,2075,incineration,0
C-WEU-GRC,copper,2075,landfilling,0
C-WEU-GRC,copper,2075,recycling,1
C-WEU-GRC,copper,2075,reuse,0
C-WEU-GRC,copper,2080,downcycling,0
C-WEU-GRC,copper,2080,incineration,0
C-WEU-GRC,copper,2080,landfilling,0
C-WEU-GRC,copper,2080,recycling,1
C-WEU-GRC,copper,2080,reuse,0
C-WEU-GRC,copper,2085,downcycling,0
C-WEU-GRC,copper,2085,incineration,0
C-WEU-GRC,copper,2085,landfilling,0
C-WEU-GRC,copper,2085,recycling,1
C-WEU-GRC,copper,2085,reuse,0
C-WEU-GRC,copper,2090,downcycling,0
C-WEU-GRC,copper,2090,incineration,0
C-WEU-GRC,copper,2090,landfilling,0
C-WEU-GRC,copper,2090,recycling,1
C-WEU-GRC,copper,2090,reuse,0
C-WEU-GRC,copper,2095,downcycling,0
C-WEU-GRC,copper,2095,incineration,0
C-WEU-GRC,copper,2095,landfilling,0
C-WEU-GRC,copper,2095,recycling,1
C-WEU-GRC,copper,2095,reuse,0
C-WEU-GRC,copper,2100,downcycling,0
C-WEU-GRC,copper,2100,incineration,0
C-WEU-GRC,copper,2100,landfilling,0
C-WEU-GRC,copper,2100,recycling,1
C-WEU-GRC,copper,2100,reuse,0
C-WEU-GRC,glass,2015,downcycling,0.24
C-WEU-GRC,glass,2015,incineration,0
C-WEU-GRC,glass,2015,landfilling,0.7
C-WEU-GRC,glass,2015,recycling,0.06
C-WEU-GRC,glass,2015,reuse,0
C-WEU-GRC,glass,2020,downcycling,0.24
C-WEU-GRC,glass,2020,incineration,0
C-WEU-GRC,glass,2020,landfilling,0.7
C-WEU-GRC,glass,2020,recycling,0.06
C-WEU-GRC,glass,2020,reuse,0
C-WEU-GRC,glass,2025,downcycling,0.24
C-WEU-GRC,glass,2025,incineration,0
C-WEU-GRC,glass,2025,landfilling,0.7
C-WEU-GRC,glass,2025,recycling,0.06
C-WEU-GRC,glass,2025,reuse,0
C-WEU-GRC,glass,2030,downcycling,0.24
C-WEU-GRC,glass,2030,incineration,0
C-WEU-GRC,glass,2030,landfilling,0.7
C-WEU-GRC,glass,2030,recycling,0.06
C-WEU-GRC,glass,2030,reuse,0
C-WEU-GRC,glass,2035,downcycling,0.24
C-WEU-GRC,glass,2035,incineration,0
C-WEU-GRC,glass,2035,landfilling,0.7
C-WEU-GRC,glass,2035,recycling,0.06
C-WEU-GRC,glass,2035,reuse,0
C-WEU-GRC,glass,2040,downcycling,0.24
C-WEU-GRC,glass,2040,incineration,0
C-WEU-GRC,glass,2040,landfilling,0.7
C-WEU-GRC,glass,2040,recycling,0.06
C-WEU-GRC,glass,2040,reuse,0
C-WEU-GRC,glass,2045,downcycling,0.24
C-WEU-GRC,glass,2045,incineration,0
C-WEU-GRC,glass,2045,landfilling,0.7
C-WEU-GRC,glass,2045,recycling,0.06
C-WEU-GRC,glass,2045,reuse,0
C-WEU-GRC,glass,2050,downcycling,0.24
C-WEU-GRC,glass,2050,incineration,0
C-WEU-GRC,glass,2050,landfilling,0.7
C-WEU-GRC,glass,2050,recycling,0.06
C-WEU-GRC,glass,2050,reuse,0
C-WEU-GRC,glass,2055,downcycling,0.24
C-WEU-GRC,glass,2055,incineration,0
C-WEU-GRC,glass,2055,landfilling,0.7
C-WEU-GRC,glass,2055,recycling,0.06
C-WEU-GRC,glass,2055,reuse,0
C-WEU-GRC,glass,2060,downcycling,0.24
C-WEU-GRC,glass,2060,incineration,0
C-WEU-GRC,glass,2060,landfilling,0.7
C-WEU-GRC,glass,2060,recycling,0.06
C-WEU-GRC,glass,2060,reuse,0
C-WEU-GRC,glass,2065,downcycling,0.24
C-WEU-GRC,glass,2065,incineration,0
C-WEU-GRC,glass,2065,landfilling,0.7
C-WEU-GRC,glass,2065,recycling,0.06
C-WEU-GRC,glass,2065,reuse,0
C-WEU-GRC,glass,2070,downcycling,0.24
C-WEU-GRC,glass,2070,incineration,0
C-WEU-GRC,glass,2070,landfilling,0.7
C-WEU-GRC,glass,2070,recycling,0.06
C-WEU-GRC,glass,2070,reuse,0
C-WEU-GRC,glass,2075,downcycling,0.24
C-WEU-GRC,glass,2075,incineration,0
C-WEU-GRC,glass,2075,landfilling,0.7
C-WEU-GRC,glass,2075,recycling,0.06
C-WEU-GRC,glass,2075,reuse,0
C-WEU-GRC,glass,2080,downcycling,0.24
C-WEU-GRC,glass,2080,incineration,0
C-WEU-GRC,glass,2080,landfilling,0.7
C-WEU-GRC,glass,2080,recycling,0.06
C-WEU-GRC,glass,2080,reuse,0
C-WEU-GRC,glass,2085,downcycling,0.24
C-WEU-GRC,glass,2085,incineration,0
C-WEU-GRC,glass,2085,landfilling,0.7
C-WEU-GRC,glass,2085,recycling,0.06
C-WEU-GRC,glass,2085,reuse,0
C-WEU-GRC,glass,2090,downcycling,0.24
C-WEU-GRC,glass,2090,incineration,0
C-WEU-GRC,glass,2090,landfilling,0.7
C-WEU-GRC,glass,2090,recycling,0.06
C-WEU-GRC,glass,2090,reuse,0
C-WEU-GRC,glass,2095,downcycling,0.24
C-WEU-GRC,glass,2095,incineration,0
C-WEU-GRC,glass,2095,landfilling,0.7
C-WEU-GRC,glass,2095,recycling,0.06
C-WEU-GRC,glass,2095,reuse,0
C-WEU-GRC,glass,2100,downcycling,0.24
C-WEU-GRC,glass,2100,incineration,0
C-WEU-GRC,glass,2100,landfilling,0.7
C-WEU-GRC,glass,2100,recycling,0.06
C-WEU-GRC,glass,2100,reuse,0
C-WEU-GRC,steel,2015,downcycling,0
C-WEU-GRC,steel,2015,incineration,0
C-WEU-GRC,steel,2015,landfilling,0
C-WEU-GRC,steel,2015,recycling,1
C-WEU-GRC,steel,2015,reuse,0
C-WEU-GRC,steel,2020,downcycling,0
C-WEU-GRC,steel,2020,incineration,0
C-WEU-GRC,steel,2020,landfilling,0
C-WEU-GRC,steel,2020,recycling,1
C-WEU-GRC,steel,2020,reuse,0
C-WEU-GRC,steel,2025,downcycling,0
C-WEU-GRC,steel,2025,incineration,0
C-WEU-GRC,steel,2025,landfilling,0
C-WEU-GRC,steel,2025,recycling,1
C-WEU-GRC,steel,2025,reuse,0
C-WEU-GRC,steel,2030,downcycling,0
C-WEU-GRC,steel,2030,incineration,0
C-WEU-GRC,steel,2030,landfilling,0
C-WEU-GRC,steel,2030,recycling,1
C-WEU-GRC,steel,2030,reuse,0
C-WEU-GRC,steel,2035,downcycling,0
C-WEU-GRC,steel,2035,incineration,0
C-WEU-GRC,steel,2035,landfilling,0
C-WEU-GRC,steel,2035,recycling,1
C-WEU-GRC,steel,2035,reuse,0
C-WEU-GRC,steel,2040,downcycling,0
C-WEU-GRC,steel,2040,incineration,0
C-WEU-GRC,steel,2040,landfilling,0
C-WEU-GRC,steel,2040,recycling,1
C-WEU-GRC,steel,2040,reuse,0
C-WEU-GRC,steel,2045,downcycling,0
C-WEU-GRC,steel,2045,incineration,0
C-WEU-GRC,steel,2045,landfilling,0
C-WEU-GRC,steel,2045,recycling,1
C-WEU-GRC,steel,2045,reuse,0
C-WEU-GRC,steel,2050,downcycling,0
C-WEU-GRC,steel,2050,incineration,0
C-WEU-GRC,steel,2050,landfilling,0
C-WEU-GRC,steel,2050,recycling,1
C-WEU-GRC,steel,2050,reuse,0
C-WEU-GRC,steel,2055,downcycling,0
C-WEU-GRC,steel,2055,incineration,0
C-WEU-GRC,steel,2055,landfilling,0
C-WEU-GRC,steel,2055,recycling,1
C-WEU-GRC,steel,2055,reuse,0
C-WEU-GRC,steel,2060,downcycling,0
C-WEU-GRC,steel,2060,incineration,0
C-WEU-GRC,steel,2060,landfilling,0
C-WEU-GRC,steel,2060,recycling,1
C-WEU-GRC,steel,2060,reuse,0
C-WEU-GRC,steel,2065,downcycling,0
C-WEU-GRC,steel,2065,incineration,0
C-WEU-GRC,steel,2065,landfilling,0
C-WEU-GRC,steel,2065,recycling,1
C-WEU-GRC,steel,2065,reuse,0
C-WEU-GRC,steel,2070,downcycling,0
C-WEU-GRC,steel,2070,incineration,0
C-WEU-GRC,steel,2070,landfilling,0
C-WEU-GRC,steel,2070,recycling,1
C-WEU-GRC,steel,2070,reuse,0
C-WEU-GRC,steel,2075,downcycling,0
C-WEU-GRC,steel,2075,incineration,0
C-WEU-GRC,steel,2075,landfilling,0
C-WEU-GRC,steel,2075,recycling,1
C-WEU-GRC,steel,2075,reuse,0
C-WEU-GRC,steel,2080,downcycling,0
C-WEU-GRC,steel,2080,incineration,0
C-WEU-GRC,steel,2080,landfilling,0
C-WEU-GRC,steel,2080,recycling,1
C-WEU-GRC,steel,2080,reuse,0
C-WEU-GRC,steel,2085,downcycling,0
C-WEU-GRC,steel,2085,incineration,0
C-WEU-GRC,steel,2085,landfilling,0
C-WEU-GRC,steel,2085,recycling,1
C-WEU-GRC,steel,2085,reuse,0
C-WEU-GRC,steel,2090,downcycling,0
C-WEU-GRC,steel,2090,incineration,0
C-WEU-GRC,steel,2090,landfilling,0
C-WEU-GRC,steel,2090,recycling,1
C-WEU-GRC,steel,2090,reuse,0
C-WEU-GRC,steel,2095,downcycling,0
C-WEU-GRC,steel,2095,incineration,0
C-WEU-GRC,steel,2095,landfilling,0
C-WEU-GRC,steel,2095,recycling,1
C-WEU-GRC,steel,2095,reuse,0
C-WEU-GRC,steel,2100,downcycling,0
C-WEU-GRC,steel,2100,incineration,0
C-WEU-GRC,steel,2100,landfilling,0
C-WEU-GRC,steel,2100,recycling,1
C-WEU-GRC,steel,2100,reuse,0
C-WEU-GRC,wood,2015,downcycling,0
C-WEU-GRC,wood,2015,incineration,0.64
C-WEU-GRC,wood,2015,landfilling,0.06
C-WEU-GRC,wood,2015,recycling,0.3
C-WEU-GRC,wood,2015,reuse,0
C-WEU-GRC,wood,2020,downcycling,0
C-WEU-GRC,wood,2020,incineration,0.64
C-WEU-GRC,wood,2020,landfilling,0.06
C-WEU-GRC,wood,2020,recycling,0.3
C-WEU-GRC,wood,2020,reuse,0
C-WEU-GRC,wood,2025,downcycling,0
C-WEU-GRC,wood,2025,incineration,0.64
C-WEU-GRC,wood,2025,landfilling,0.06
C-WEU-GRC,wood,2025,recycling,0.3
C-WEU-GRC,wood,2025,reuse,0
C-WEU-GRC,wood,2030,downcycling,0
C-WEU-GRC,wood,2030,incineration,0.64
C-WEU-GRC,wood,2030,landfilling,0.06
C-WEU-GRC,wood,2030,recycling,0.3
C-WEU-GRC,wood,2030,reuse,0
C-WEU-GRC,wood,2035,downcycling,0
C-WEU-GRC,wood,2035,incineration,0.64
C-WEU-GRC,wood,2035,landfilling,0.06
C-WEU-GRC,wood,2035,recycling,0.3
C-WEU-GRC,wood,2035,reuse,0
C-WEU-GRC,wood,2040,downcycling,0
C-WEU-GRC,wood,2040,incineration,0.64
C-WEU-GRC,wood,2040,landfilling,0.06
C-WEU-GRC,wood,2040,recycling,0.3
C-WEU-GRC,wood,2040,reuse,0
C-WEU-GRC,wood,2045,downcycling,0
C-WEU-GRC,wood,2045,incineration,0.64
C-WEU-GRC,wood,2045,landfilling,0.06
C-WEU-GRC,wood,2045,recycling,0.3
C-WEU-GRC,wood,2045,reuse,0
C-WEU-GRC,wood,2050,downcycling,0
C-WEU-GRC,wood,2050,incineration,0.64
C-WEU-GRC,wood,2050,landfilling,0.06
C-WEU-GRC,wood,2050,recycling,0.3
C-WEU-GRC,wood,2050,reuse,0
C-WEU-GRC,wood,2055,downcycling,0
C-WEU-GRC,wood,2055,incineration,0.64
C-WEU-GRC,wood,2055,landfilling,0.06
C-WEU-GRC,wood,2055,recycling,0.3
C-WEU-GRC,wood,2055,reuse,0
C-WEU-GRC,wood,2060,downcycling,0
C-WEU-GRC,wood,2060,incineration,0.64
C-WEU-GRC,wood,2060,landfilling,0.06
C-WEU-GRC,wood,2060,recycling,0.3
C-WEU-GRC,wood,2060,reuse,0
C-WEU-GRC,wood,2065,downcycling,0
C-WEU-GRC,wood,2065,incineration,0.64
C-WEU-GRC,wood,2065,landfilling,0.06
C-WEU-GRC,wood,2065,recycling,0.3
C-WEU-GRC,wood,2065,reuse,0
C-WEU-GRC,wood,2070,downcycling,0
C-WEU-GRC,wood,2070,incineration,0.64
C-WEU-GRC,wood,2070,landfilling,0.06
C-WEU-GRC,wood,2070,recycling,0.3
C-WEU-GRC,wood,2070,reuse,0
C-WEU-GRC,wood,2075,downcycling,0
C-WEU-GRC,wood,2075,incineration,0.64
C-WEU-GRC,wood,2075,landfilling,0.06
C-WEU-GRC,wood,2075,recycling,0.3
C-WEU-GRC,wood,2075,reuse,0
C-WEU-GRC,wood,2080,downcycling,0
C-WEU-GRC,wood,2080,incineration,0.64
C-WEU-GRC,wood,2080,landfilling,0.06
C-WEU-GRC,wood,2080,recycling,0.3
C-WEU-GRC,wood,2080,reuse,0
C-WEU-GRC,wood,2085,downcycling,0
C-WEU-GRC,wood,2085,incineration,0.64
C-WEU-GRC,wood,2085,landfilling,0.06
C-WEU-GRC,wood,2085,recycling,0.3
C-WEU-GRC,wood,2085,reuse,0
C-WEU-GRC,wood,2090,downcycling,0
C-WEU-GRC,wood,2090,incineration,0.64
C-WEU-GRC,wood,2090,landfilling,0.06
C-WEU-GRC,wood,2090,recycling,0.3
C-WEU-GRC,wood,2090,reuse,0
C-WEU-GRC,wood,2095,downcycling,0
C-WEU-GRC,wood,2095,incineration,0.64
C-WEU-GRC,wood,2095,landfilling,0.06
C-WEU-GRC,wood,2095,recycling,0.3
C-WEU-GRC,wood,2095,reuse,0
C-WEU-GRC,wood,2100,downcycling,0
C-WEU-GRC,wood,2100,incineration,0.64
C-WEU-GRC,wood,2100,landfilling,0.06
C-WEU-GRC,wood,2100,recycling,0.3
C-WEU-GRC,wood,2100,reuse,0
C-WEU-IRL,aluminum,2015,downcycling,0
C-WEU-IRL,aluminum,2015,incineration,0
C-WEU-IRL,aluminum,2015,landfilling,0
C-WEU-IRL,aluminum,2015,recycling,1
C-WEU-IRL,aluminum,2015,reuse,0
C-WEU-IRL,aluminum,2020,downcycling,0
C-WEU-IRL,aluminum,2020,incineration,0
C-WEU-IRL,aluminum,2020,landfilling,0
C-WEU-IRL,aluminum,2020,recycling,1
C-WEU-IRL,aluminum,2020,reuse,0
C-WEU-IRL,aluminum,2025,downcycling,0
C-WEU-IRL,aluminum,2025,incineration,0
C-WEU-IRL,aluminum,2025,landfilling,0
C-WEU-IRL,aluminum,2025,recycling,1
C-WEU-IRL,aluminum,2025,reuse,0
C-WEU-IRL,aluminum,2030,downcycling,0
C-WEU-IRL,aluminum,2030,incineration,0
C-WEU-IRL,aluminum,2030,landfilling,0
C-WEU-IRL,aluminum,2030,recycling,1
C-WEU-IRL,aluminum,2030,reuse,0
C-WEU-IRL,aluminum,2035,downcycling,0
C-WEU-IRL,aluminum,2035,incineration,0
C-WEU-IRL,aluminum,2035,landfilling,0
C-WEU-IRL,aluminum,2035,recycling,1
C-WEU-IRL,aluminum,2035,reuse,0
C-WEU-IRL,aluminum,2040,downcycling,0
C-WEU-IRL,aluminum,2040,incineration,0
C-WEU-IRL,aluminum,2040,landfilling,0
C-WEU-IRL,aluminum,2040,recycling,1
C-WEU-IRL,aluminum,2040,reuse,0
C-WEU-IRL,aluminum,2045,downcycling,0
C-WEU-IRL,aluminum,2045,incineration,0
C-WEU-IRL,aluminum,2045,landfilling,0
C-WEU-IRL,aluminum,2045,recycling,1
C-WEU-IRL,aluminum,2045,reuse,0
C-WEU-IRL,aluminum,2050,downcycling,0
C-WEU-IRL,aluminum,2050,incineration,0
C-WEU-IRL,aluminum,2050,landfilling,0
C-WEU-IRL,aluminum,2050,recycling,1
C-WEU-IRL,aluminum,2050,reuse,0
C-WEU-IRL,aluminum,2055,downcycling,0
C-WEU-IRL,aluminum,2055,incineration,0
C-WEU-IRL,aluminum,2055,landfilling,0
C-WEU-IRL,aluminum,2055,recycling,1
C-WEU-IRL,aluminum,2055,reuse,0
C-WEU-IRL,aluminum,2060,downcycling,0
C-WEU-IRL,aluminum,2060,incineration,0
C-WEU-IRL,aluminum,2060,landfilling,0
C-WEU-IRL,aluminum,2060,recycling,1
C-WEU-IRL,aluminum,2060,reuse,0
C-WEU-IRL,aluminum,2065,downcycling,0
C-WEU-IRL,aluminum,2065,incineration,0
C-WEU-IRL,aluminum,2065,landfilling,0
C-WEU-IRL,aluminum,2065,recycling,1
C-WEU-IRL,aluminum,2065,reuse,0
C-WEU-IRL,aluminum,2070,downcycling,0
C-WEU-IRL,aluminum,2070,incineration,0
C-WEU-IRL,aluminum,2070,landfilling,0
C-WEU-IRL,aluminum,2070,recycling,1
C-WEU-IRL,aluminum,2070,reuse,0
C-WEU-IRL,aluminum,2075,downcycling,0
C-WEU-IRL,aluminum,2075,incineration,0
C-WEU-IRL,aluminum,2075,landfilling,0
C-WEU-IRL,aluminum,2075,recycling,1
C-WEU-IRL,aluminum,2075,reuse,0
C-WEU-IRL,aluminum,2080,downcycling,0
C-WEU-IRL,aluminum,2080,incineration,0
C-WEU-IRL,aluminum,2080,landfilling,0
C-WEU-IRL,aluminum,2080,recycling,1
C-WEU-IRL,aluminum,2080,reuse,0
C-WEU-IRL,aluminum,2085,downcycling,0
C-WEU-IRL,aluminum,2085,incineration,0
C-WEU-IRL,aluminum,2085,landfilling,0
C-WEU-IRL,aluminum,2085,recycling,1
C-WEU-IRL,aluminum,2085,reuse,0
C-WEU-IRL,aluminum,2090,downcycling,0
C-WEU-IRL,aluminum,2090,incineration,0
C-WEU-IRL,aluminum,2090,landfilling,0
C-WEU-IRL,aluminum,2090,recycling,1
C-WEU-IRL,aluminum,2090,reuse,0
C-WEU-IRL,aluminum,2095,downcycling,0
C-WEU-IRL,aluminum,2095,incineration,0
C-WEU-IRL,aluminum,2095,landfilling,0
C-WEU-IRL,aluminum,2095,recycling,1
C-WEU-IRL,aluminum,2095,reuse,0
C-WEU-IRL,aluminum,2100,downcycling,0
C-WEU-IRL,aluminum,2100,incineration,0
C-WEU-IRL,aluminum,2100,landfilling,0
C-WEU-IRL,aluminum,2100,recycling,1
C-WEU-IRL,aluminum,2100,reuse,0
C-WEU-IRL,brick,2015,downcycling,0.5025462901114168
C-WEU-IRL,brick,2015,incineration,0
C-WEU-IRL,brick,2015,landfilling,0.00338792850081492
C-WEU-IRL,brick,2015,recycling,0.4940657813877682
C-WEU-IRL,brick,2015,reuse,0
C-WEU-IRL,brick,2020,downcycling,0.5025462901114168
C-WEU-IRL,brick,2020,incineration,0
C-WEU-IRL,brick,2020,landfilling,0.00338792850081492
C-WEU-IRL,brick,2020,recycling,0.4940657813877682
C-WEU-IRL,brick,2020,reuse,0
C-WEU-IRL,brick,2025,downcycling,0.5025462901114168
C-WEU-IRL,brick,2025,incineration,0
C-WEU-IRL,brick,2025,landfilling,0.00338792850081492
C-WEU-IRL,brick,2025,recycling,0.4940657813877682
C-WEU-IRL,brick,2025,reuse,0
C-WEU-IRL,brick,2030,downcycling,0.5025462901114168
C-WEU-IRL,brick,2030,incineration,0
C-WEU-IRL,brick,2030,landfilling,0.00338792850081492
C-WEU-IRL,brick,2030,recycling,0.4940657813877682
C-WEU-IRL,brick,2030,reuse,0
C-WEU-IRL,brick,2035,downcycling,0.5025462901114168
C-WEU-IRL,brick,2035,incineration,0
C-WEU-IRL,brick,2035,landfilling,0.00338792850081492
C-WEU-IRL,brick,2035,recycling,0.4940657813877682
C-WEU-IRL,brick,2035,reuse,0
C-WEU-IRL,brick,2040,downcycling,0.5025462901114168
C-WEU-IRL,brick,2040,incineration,0
C-WEU-IRL,brick,2040,landfilling,0.00338792850081492
C-WEU-IRL,brick,2040,recycling,0.4940657813877682
C-WEU-IRL,brick,2040,reuse,0
C-WEU-IRL,brick,2045,downcycling,0.5025462901114168
C-WEU-IRL,brick,2045,incineration,0
C-WEU-IRL,brick,2045,landfilling,0.00338792850081492
C-WEU-IRL,brick,2045,recycling,0.4940657813877682
C-WEU-IRL,brick,2045,reuse,0
C-WEU-IRL,brick,2050,downcycling,0.5025462901114168
C-WEU-IRL,brick,2050,incineration,0
C-WEU-IRL,brick,2050,landfilling,0.00338792850081492
C-WEU-IRL,brick,2050,recycling,0.4940657813877682
C-WEU-IRL,brick,2050,reuse,0
C-WEU-IRL,brick,2055,downcycling,0.5025462901114168
C-WEU-IRL,brick,2055,incineration,0
C-WEU-IRL,brick,2055,landfilling,0.00338792850081492
C-WEU-IRL,brick,2055,recycling,0.4940657813877682
C-WEU-IRL,brick,2055,reuse,0
C-WEU-IRL,brick,2060,downcycling,0.5025462901114168
C-WEU-IRL,brick,2060,incineration,0
C-WEU-IRL,brick,2060,landfilling,0.00338792850081492
C-WEU-IRL,brick,2060,recycling,0.4940657813877682
C-WEU-IRL,brick,2060,reuse,0
C-WEU-IRL,brick,2065,downcycling,0.5025462901114168
C-WEU-IRL,brick,2065,incineration,0
C-WEU-IRL,brick,2065,landfilling,0.00338792850081492
C-WEU-IRL,brick,2065,recycling,0.4940657813877682
C-WEU-IRL,brick,2065,reuse,0
C-WEU-IRL,brick,2070,downcycling,0.5025462901114168
C-WEU-IRL,brick,2070,incineration,0
C-WEU-IRL,brick,2070,landfilling,0.00338792850081492
C-WEU-IRL,brick,2070,recycling,0.4940657813877682
C-WEU-IRL,brick,2070,reuse,0
C-WEU-IRL,brick,2075,downcycling,0.5025462901114168
C-WEU-IRL,brick,2075,incineration,0
C-WEU-IRL,brick,2075,landfilling,0.00338792850081492
C-WEU-IRL,brick,2075,recycling,0.4940657813877682
C-WEU-IRL,brick,2075,reuse,0
C-WEU-IRL,brick,2080,downcycling,0.5025462901114168
C-WEU-IRL,brick,2080,incineration,0
C-WEU-IRL,brick,2080,landfilling,0.00338792850081492
C-WEU-IRL,brick,2080,recycling,0.4940657813877682
C-WEU-IRL,brick,2080,reuse,0
C-WEU-IRL,brick,2085,downcycling,0.5025462901114168
C-WEU-IRL,brick,2085,incineration,0
C-WEU-IRL,brick,2085,landfilling,0.00338792850081492
C-WEU-IRL,brick,2085,recycling,0.4940657813877682
C-WEU-IRL,brick,2085,reuse,0
C-WEU-IRL,brick,2090,downcycling,0.5025462901114168
C-WEU-IRL,brick,2090,incineration,0
C-WEU-IRL,brick,2090,landfilling,0.00338792850081492
C-WEU-IRL,brick,2090,recycling,0.4940657813877682
C-WEU-IRL,brick,2090,reuse,0
C-WEU-IRL,brick,2095,downcycling,0.5025462901114168
C-WEU-IRL,brick,2095,incineration,0
C-WEU-IRL,brick,2095,landfilling,0.00338792850081492
C-WEU-IRL,brick,2095,recycling,0.4940657813877682
C-WEU-IRL,brick,2095,reuse,0
C-WEU-IRL,brick,2100,downcycling,0.5025462901114168
C-WEU-IRL,brick,2100,incineration,0
C-WEU-IRL,brick,2100,landfilling,0.00338792850081492
C-WEU-IRL,brick,2100,recycling,0.4940657813877682
C-WEU-IRL,brick,2100,reuse,0
C-WEU-IRL,concrete,2015,downcycling,0.5025462901114168
C-WEU-IRL,concrete,2015,incineration,0
C-WEU-IRL,concrete,2015,landfilling,0.00338792850081492
C-WEU-IRL,concrete,2015,recycling,0.4940657813877682
C-WEU-IRL,concrete,2015,reuse,0
C-WEU-IRL,concrete,2020,downcycling,0.5025462901114168
C-WEU-IRL,concrete,2020,incineration,0
C-WEU-IRL,concrete,2020,landfilling,0.00338792850081492
C-WEU-IRL,concrete,2020,recycling,0.4940657813877682
C-WEU-IRL,concrete,2020,reuse,0
C-WEU-IRL,concrete,2025,downcycling,0.5025462901114168
C-WEU-IRL,concrete,2025,incineration,0
C-WEU-IRL,concrete,2025,landfilling,0.00338792850081492
C-WEU-IRL,concrete,2025,recycling,0.4940657813877682
C-WEU-IRL,concrete,2025,reuse,0
C-WEU-IRL,concrete,2030,downcycling,0.5025462901114168
C-WEU-IRL,concrete,2030,incineration,0
C-WEU-IRL,concrete,2030,landfilling,0.00338792850081492
C-WEU-IRL,concrete,2030,recycling,0.4940657813877682
C-WEU-IRL,concrete,2030,reuse,0
C-WEU-IRL,concrete,2035,downcycling,0.5025462901114168
C-WEU-IRL,concrete,2035,incineration,0
C-WEU-IRL,concrete,2035,landfilling,0.00338792850081492
C-WEU-IRL,concrete,2035,recycling,0.4940657813877682
C-WEU-IRL,concrete,2035,reuse,0
C-WEU-IRL,concrete,2040,downcycling,0.5025462901114168
C-WEU-IRL,concrete,2040,incineration,0
C-WEU-IRL,concrete,2040,landfilling,0.00338792850081492
C-WEU-IRL,concrete,2040,recycling,0.4940657813877682
C-WEU-IRL,concrete,2040,reuse,0
C-WEU-IRL,concrete,2045,downcycling,0.5025462901114168
C-WEU-IRL,concrete,2045,incineration,0
C-WEU-IRL,concrete,2045,landfilling,0.00338792850081492
C-WEU-IRL,concrete,2045,recycling,0.4940657813877682
C-WEU-IRL,concrete,2045,reuse,0
C-WEU-IRL,concrete,2050,downcycling,0.5025462901114168
C-WEU-IRL,concrete,2050,incineration,0
C-WEU-IRL,concrete,2050,landfilling,0.00338792850081492
C-WEU-IRL,concrete,2050,recycling,0.4940657813877682
C-WEU-IRL,concrete,2050,reuse,0
C-WEU-IRL,concrete,2055,downcycling,0.5025462901114168
C-WEU-IRL,concrete,2055,incineration,0
C-WEU-IRL,concrete,2055,landfilling,0.00338792850081492
C-WEU-IRL,concrete,2055,recycling,0.4940657813877682
C-WEU-IRL,concrete,2055,reuse,0
C-WEU-IRL,concrete,2060,downcycling,0.5025462901114168
C-WEU-IRL,concrete,2060,incineration,0
C-WEU-IRL,concrete,2060,landfilling,0.00338792850081492
C-WEU-IRL,concrete,2060,recycling,0.4940657813877682
C-WEU-IRL,concrete,2060,reuse,0
C-WEU-IRL,concrete,2065,downcycling,0.5025462901114168
C-WEU-IRL,concrete,2065,incineration,0
C-WEU-IRL,concrete,2065,landfilling,0.00338792850081492
C-WEU-IRL,concrete,2065,recycling,0.4940657813877682
C-WEU-IRL,concrete,2065,reuse,0
C-WEU-IRL,concrete,2070,downcycling,0.5025462901114168
C-WEU-IRL,concrete,2070,incineration,0
C-WEU-IRL,concrete,2070,landfilling,0.00338792850081492
C-WEU-IRL,concrete,2070,recycling,0.4940657813877682
C-WEU-IRL,concrete,2070,reuse,0
C-WEU-IRL,concrete,2075,downcycling,0.5025462901114168
C-WEU-IRL,concrete,2075,incineration,0
C-WEU-IRL,concrete,2075,landfilling,0.00338792850081492
C-WEU-IRL,concrete,2075,recycling,0.4940657813877682
C-WEU-IRL,concrete,2075,reuse,0
C-WEU-IRL,concrete,2080,downcycling,0.5025462901114168
C-WEU-IRL,concrete,2080,incineration,0
C-WEU-IRL,concrete,2080,landfilling,0.00338792850081492
C-WEU-IRL,concrete,2080,recycling,0.4940657813877682
C-WEU-IRL,concrete,2080,reuse,0
C-WEU-IRL,concrete,2085,downcycling,0.5025462901114168
C-WEU-IRL,concrete,2085,incineration,0
C-WEU-IRL,concrete,2085,landfilling,0.00338792850081492
C-WEU-IRL,concrete,2085,recycling,0.4940657813877682
C-WEU-IRL,concrete,2085,reuse,0
C-WEU-IRL,concrete,2090,downcycling,0.5025462901114168
C-WEU-IRL,concrete,2090,incineration,0
C-WEU-IRL,concrete,2090,landfilling,0.00338792850081492
C-WEU-IRL,concrete,2090,recycling,0.4940657813877682
C-WEU-IRL,concrete,2090,reuse,0
C-WEU-IRL,concrete,2095,downcycling,0.5025462901114168
C-WEU-IRL,concrete,2095,incineration,0
C-WEU-IRL,concrete,2095,landfilling,0.00338792850081492
C-WEU-IRL,concrete,2095,recycling,0.4940657813877682
C-WEU-IRL,concrete,2095,reuse,0
C-WEU-IRL,concrete,2100,downcycling,0.5025462901114168
C-WEU-IRL,concrete,2100,incineration,0
C-WEU-IRL,concrete,2100,landfilling,0.00338792850081492
C-WEU-IRL,concrete,2100,recycling,0.4940657813877682
C-WEU-IRL,concrete,2100,reuse,0
C-WEU-IRL,copper,2015,downcycling,0
C-WEU-IRL,copper,2015,incineration,0
C-WEU-IRL,copper,2015,landfilling,0
C-WEU-IRL,copper,2015,recycling,1
C-WEU-IRL,copper,2015,reuse,0
C-WEU-IRL,copper,2020,downcycling,0
C-WEU-IRL,copper,2020,incineration,0
C-WEU-IRL,copper,2020,landfilling,0
C-WEU-IRL,copper,2020,recycling,1
C-WEU-IRL,copper,2020,reuse,0
C-WEU-IRL,copper,2025,downcycling,0
C-WEU-IRL,copper,2025,incineration,0
C-WEU-IRL,copper,2025,landfilling,0
C-WEU-IRL,copper,2025,recycling,1
C-WEU-IRL,copper,2025,reuse,0
C-WEU-IRL,copper,2030,downcycling,0
C-WEU-IRL,copper,2030,incineration,0
C-WEU-IRL,copper,2030,landfilling,0
C-WEU-IRL,copper,2030,recycling,1
C-WEU-IRL,copper,2030,reuse,0
C-WEU-IRL,copper,2035,downcycling,0
C-WEU-IRL,copper,2035,incineration,0
C-WEU-IRL,copper,2035,landfilling,0
C-WEU-IRL,copper,2035,recycling,1
C-WEU-IRL,copper,2035,reuse,0
C-WEU-IRL,copper,2040,downcycling,0
C-WEU-IRL,copper,2040,incineration,0
C-WEU-IRL,copper,2040,landfilling,0
C-WEU-IRL,copper,2040,recycling,1
C-WEU-IRL,copper,2040,reuse,0
C-WEU-IRL,copper,2045,downcycling,0
C-WEU-IRL,copper,2045,incineration,0
C-WEU-IRL,copper,2045,landfilling,0
C-WEU-IRL,copper,2045,recycling,1
C-WEU-IRL,copper,2045,reuse,0
C-WEU-IRL,copper,2050,downcycling,0
C-WEU-IRL,copper,2050,incineration,0
C-WEU-IRL,copper,2050,landfilling,0
C-WEU-IRL,copper,2050,recycling,1
C-WEU-IRL,copper,2050,reuse,0
C-WEU-IRL,copper,2055,downcycling,0
C-WEU-IRL,copper,2055,incineration,0
C-WEU-IRL,copper,2055,landfilling,0
C-WEU-IRL,copper,2055,recycling,1
C-WEU-IRL,copper,2055,reuse,0
C-WEU-IRL,copper,2060,downcycling,0
C-WEU-IRL,copper,2060,incineration,0
C-WEU-IRL,copper,2060,landfilling,0
C-WEU-IRL,copper,2060,recycling,1
C-WEU-IRL,copper,2060,reuse,0
C-WEU-IRL,copper,2065,downcycling,0
C-WEU-IRL,copper,2065,incineration,0
C-WEU-IRL,copper,2065,landfilling,0
C-WEU-IRL,copper,2065,recycling,1
C-WEU-IRL,copper,2065,reuse,0
C-WEU-IRL,copper,2070,downcycling,0
C-WEU-IRL,copper,2070,incineration,0
C-WEU-IRL,copper,2070,landfilling,0
C-WEU-IRL,copper,2070,recycling,1
C-WEU-IRL,copper,2070,reuse,0
C-WEU-IRL,copper,2075,downcycling,0
C-WEU-IRL,copper,2075,incineration,0
C-WEU-IRL,copper,2075,landfilling,0
C-WEU-IRL,copper,2075,recycling,1
C-WEU-IRL,copper,2075,reuse,0
C-WEU-IRL,copper,2080,downcycling,0
C-WEU-IRL,copper,2080,incineration,0
C-WEU-IRL,copper,2080,landfilling,0
C-WEU-IRL,copper,2080,recycling,1
C-WEU-IRL,copper,2080,reuse,0
C-WEU-IRL,copper,2085,downcycling,0
C-WEU-IRL,copper,2085,incineration,0
C-WEU-IRL,copper,2085,landfilling,0
C-WEU-IRL,copper,2085,recycling,1
C-WEU-IRL,copper,2085,reuse,0
C-WEU-IRL,copper,2090,downcycling,0
C-WEU-IRL,copper,2090,incineration,0
C-WEU-IRL,copper,2090,landfilling,0
C-WEU-IRL,copper,2090,recycling,1
C-WEU-IRL,copper,2090,reuse,0
C-WEU-IRL,copper,2095,downcycling,0
C-WEU-IRL,copper,2095,incineration,0
C-WEU-IRL,copper,2095,landfilling,0
C-WEU-IRL,copper,2095,recycling,1
C-WEU-IRL,copper,2095,reuse,0
C-WEU-IRL,copper,2100,downcycling,0
C-WEU-IRL,copper,2100,incineration,0
C-WEU-IRL,copper,2100,landfilling,0
C-WEU-IRL,copper,2100,recycling,1
C-WEU-IRL,copper,2100,reuse,0
C-WEU-IRL,glass,2015,downcycling,0.24
C-WEU-IRL,glass,2015,incineration,0
C-WEU-IRL,glass,2015,landfilling,0.7
C-WEU-IRL,glass,2015,recycling,0.06
C-WEU-IRL,glass,2015,reuse,0
C-WEU-IRL,glass,2020,downcycling,0.24
C-WEU-IRL,glass,2020,incineration,0
C-WEU-IRL,glass,2020,landfilling,0.7
C-WEU-IRL,glass,2020,recycling,0.06
C-WEU-IRL,glass,2020,reuse,0
C-WEU-IRL,glass,2025,downcycling,0.24
C-WEU-IRL,glass,2025,incineration,0
C-WEU-IRL,glass,2025,landfilling,0.7
C-WEU-IRL,glass,2025,recycling,0.06
C-WEU-IRL,glass,2025,reuse,0
C-WEU-IRL,glass,2030,downcycling,0.24
C-WEU-IRL,glass,2030,incineration,0
C-WEU-IRL,glass,2030,landfilling,0.7
C-WEU-IRL,glass,2030,recycling,0.06
C-WEU-IRL,glass,2030,reuse,0
C-WEU-IRL,glass,2035,downcycling,0.24
C-WEU-IRL,glass,2035,incineration,0
C-WEU-IRL,glass,2035,landfilling,0.7
C-WEU-IRL,glass,2035,recycling,0.06
C-WEU-IRL,glass,2035,reuse,0
C-WEU-IRL,glass,2040,downcycling,0.24
C-WEU-IRL,glass,2040,incineration,0
C-WEU-IRL,glass,2040,landfilling,0.7
C-WEU-IRL,glass,2040,recycling,0.06
C-WEU-IRL,glass,2040,reuse,0
C-WEU-IRL,glass,2045,downcycling,0.24
C-WEU-IRL,glass,2045,incineration,0
C-WEU-IRL,glass,2045,landfilling,0.7
C-WEU-IRL,glass,2045,recycling,0.06
C-WEU-IRL,glass,2045,reuse,0
C-WEU-IRL,glass,2050,downcycling,0.24
C-WEU-IRL,glass,2050,incineration,0
C-WEU-IRL,glass,2050,landfilling,0.7
C-WEU-IRL,glass,2050,recycling,0.06
C-WEU-IRL,glass,2050,reuse,0
C-WEU-IRL,glass,2055,downcycling,0.24
C-WEU-IRL,glass,2055,incineration,0
C-WEU-IRL,glass,2055,landfilling,0.7
C-WEU-IRL,glass,2055,recycling,0.06
C-WEU-IRL,glass,2055,reuse,0
C-WEU-IRL,glass,2060,downcycling,0.24
C-WEU-IRL,glass,2060,incineration,0
C-WEU-IRL,glass,2060,landfilling,0.7
C-WEU-IRL,glass,2060,recycling,0.06
C-WEU-IRL,glass,2060,reuse,0
C-WEU-IRL,glass,2065,downcycling,0.24
C-WEU-IRL,glass,2065,incineration,0
C-WEU-IRL,glass,2065,landfilling,0.7
C-WEU-IRL,glass,2065,recycling,0.06
C-WEU-IRL,glass,2065,reuse,0
C-WEU-IRL,glass,2070,downcycling,0.24
C-WEU-IRL,glass,2070,incineration,0
C-WEU-IRL,glass,2070,landfilling,0.7
C-WEU-IRL,glass,2070,recycling,0.06
C-WEU-IRL,glass,2070,reuse,0
C-WEU-IRL,glass,2075,downcycling,0.24
C-WEU-IRL,glass,2075,incineration,0
C-WEU-IRL,glass,2075,landfilling,0.7
C-WEU-IRL,glass,2075,recycling,0.06
C-WEU-IRL,glass,2075,reuse,0
C-WEU-IRL,glass,2080,downcycling,0.24
C-WEU-IRL,glass,2080,incineration,0
C-WEU-IRL,glass,2080,landfilling,0.7
C-WEU-IRL,glass,2080,recycling,0.06
C-WEU-IRL,glass,2080,reuse,0
C-WEU-IRL,glass,2085,downcycling,0.24
C-WEU-IRL,glass,2085,incineration,0
C-WEU-IRL,glass,2085,landfilling,0.7
C-WEU-IRL,glass,2085,recycling,0.06
C-WEU-IRL,glass,2085,reuse,0
C-WEU-IRL,glass,2090,downcycling,0.24
C-WEU-IRL,glass,2090,incineration,0
C-WEU-IRL,glass,2090,landfilling,0.7
C-WEU-IRL,glass,2090,recycling,0.06
C-WEU-IRL,glass,2090,reuse,0
C-WEU-IRL,glass,2095,downcycling,0.24
C-WEU-IRL,glass,2095,incineration,0
C-WEU-IRL,glass,2095,landfilling,0.7
C-WEU-IRL,glass,2095,recycling,0.06
C-WEU-IRL,glass,2095,reuse,0
C-WEU-IRL,glass,2100,downcycling,0.24
C-WEU-IRL,glass,2100,incineration,0
C-WEU-IRL,glass,2100,landfilling,0.7
C-WEU-IRL,glass,2100,recycling,0.06
C-WEU-IRL,glass,2100,reuse,0
C-WEU-IRL,steel,2015,downcycling,4.691331698475317e-5
C-WEU-IRL,steel,2015,incineration,0
C-WEU-IRL,steel,2015,landfilling,0
C-WEU-IRL,steel,2015,recycling,0.9999530866830152
C-WEU-IRL,steel,2015,reuse,0
C-WEU-IRL,steel,2020,downcycling,4.691331698475317e-5
C-WEU-IRL,steel,2020,incineration,0
C-WEU-IRL,steel,2020,landfilling,0
C-WEU-IRL,steel,2020,recycling,0.9999530866830152
C-WEU-IRL,steel,2020,reuse,0
C-WEU-IRL,steel,2025,downcycling,4.691331698475317e-5
C-WEU-IRL,steel,2025,incineration,0
C-WEU-IRL,steel,2025,landfilling,0
C-WEU-IRL,steel,2025,recycling,0.9999530866830152
C-WEU-IRL,steel,2025,reuse,0
C-WEU-IRL,steel,2030,downcycling,4.691331698475317e-5
C-WEU-IRL,steel,2030,incineration,0
C-WEU-IRL,steel,2030,landfilling,0
C-WEU-IRL,steel,2030,recycling,0.9999530866830152
C-WEU-IRL,steel,2030,reuse,0
C-WEU-IRL,steel,2035,downcycling,4.691331698475317e-5
C-WEU-IRL,steel,2035,incineration,0
C-WEU-IRL,steel,2035,landfilling,0
C-WEU-IRL,steel,2035,recycling,0.9999530866830152
C-WEU-IRL,steel,2035,reuse,0
C-WEU-IRL,steel,2040,downcycling,4.691331698475317e-5
C-WEU-IRL,steel,2040,incineration,0
C-WEU-IRL,steel,2040,landfilling,0
C-WEU-IRL,steel,2040,recycling,0.9999530866830152
C-WEU-IRL,steel,2040,reuse,0
C-WEU-IRL,steel,2045,downcycling,4.691331698475317e-5
C-WEU-IRL,steel,2045,incineration,0
C-WEU-IRL,steel,2045,landfilling,0
C-WEU-IRL,steel,2045,recycling,0.9999530866830152
C-WEU-IRL,steel,2045,reuse,0
C-WEU-IRL,steel,2050,downcycling,4.691331698475317e-5
C-WEU-IRL,steel,2050,incineration,0
C-WEU-IRL,steel,2050,landfilling,0
C-WEU-IRL,steel,2050,recycling,0.9999530866830152
C-WEU-IRL,steel,2050,reuse,0
C-WEU-IRL,steel,2055,downcycling,4.691331698475317e-5
C-WEU-IRL,steel,2055,incineration,0
C-WEU-IRL,steel,2055,landfilling,0
C-WEU-IRL,steel,2055,recycling,0.9999530866830152
C-WEU-IRL,steel,2055,reuse,0
C-WEU-IRL,steel,2060,downcycling,4.691331698475317e-5
C-WEU-IRL,steel,2060,incineration,0
C-WEU-IRL,steel,2060,landfilling,0
C-WEU-IRL,steel,2060,recycling,0.9999530866830152
C-WEU-IRL,steel,2060,reuse,0
C-WEU-IRL,steel,2065,downcycling,4.691331698475317e-5
C-WEU-IRL,steel,2065,incineration,0
C-WEU-IRL,steel,2065,landfilling,0
C-WEU-IRL,steel,2065,recycling,0.9999530866830152
C-WEU-IRL,steel,2065,reuse,0
C-WEU-IRL,steel,2070,downcycling,4.691331698475317e-5
C-WEU-IRL,steel,2070,incineration,0
C-WEU-IRL,steel,2070,landfilling,0
C-WEU-IRL,steel,2070,recycling,0.9999530866830152
C-WEU-IRL,steel,2070,reuse,0
C-WEU-IRL,steel,2075,downcycling,4.691331698475317e-5
C-WEU-IRL,steel,2075,incineration,0
C-WEU-IRL,steel,2075,landfilling,0
C-WEU-IRL,steel,2075,recycling,0.9999530866830152
C-WEU-IRL,steel,2075,reuse,0
C-WEU-IRL,steel,2080,downcycling,4.691331698475317e-5
C-WEU-IRL,steel,2080,incineration,0
C-WEU-IRL,steel,2080,landfilling,0
C-WEU-IRL,steel,2080,recycling,0.9999530866830152
C-WEU-IRL,steel,2080,reuse,0
C-WEU-IRL,steel,2085,downcycling,4.691331698475317e-5
C-WEU-IRL,steel,2085,incineration,0
C-WEU-IRL,steel,2085,landfilling,0
C-WEU-IRL,steel,2085,recycling,0.9999530866830152
C-WEU-IRL,steel,2085,reuse,0
C-WEU-IRL,steel,2090,downcycling,4.691331698475317e-5
C-WEU-IRL,steel,2090,incineration,0
C-WEU-IRL,steel,2090,landfilling,0
C-WEU-IRL,steel,2090,recycling,0.9999530866830152
C-WEU-IRL,steel,2090,reuse,0
C-WEU-IRL,steel,2095,downcycling,4.691331698475317e-5
C-WEU-IRL,steel,2095,incineration,0
C-WEU-IRL,steel,2095,landfilling,0
C-WEU-IRL,steel,2095,recycling,0.9999530866830152
C-WEU-IRL,steel,2095,reuse,0
C-WEU-IRL,steel,2100,downcycling,4.691331698475317e-5
C-WEU-IRL,steel,2100,incineration,0
C-WEU-IRL,steel,2100,landfilling,0
C-WEU-IRL,steel,2100,recycling,0.9999530866830152
C-WEU-IRL,steel,2100,reuse,0
C-WEU-IRL,wood,2015,downcycling,0
C-WEU-IRL,wood,2015,incineration,0.64
C-WEU-IRL,wood,2015,landfilling,0.06
C-WEU-IRL,wood,2015,recycling,0.3
C-WEU-IRL,wood,2015,reuse,0
C-WEU-IRL,wood,2020,downcycling,0
C-WEU-IRL,wood,2020,incineration,0.64
C-WEU-IRL,wood,2020,landfilling,0.06
C-WEU-IRL,wood,2020,recycling,0.3
C-WEU-IRL,wood,2020,reuse,0
C-WEU-IRL,wood,2025,downcycling,0
C-WEU-IRL,wood,2025,incineration,0.64
C-WEU-IRL,wood,2025,landfilling,0.06
C-WEU-IRL,wood,2025,recycling,0.3
C-WEU-IRL,wood,2025,reuse,0
C-WEU-IRL,wood,2030,downcycling,0
C-WEU-IRL,wood,2030,incineration,0.64
C-WEU-IRL,wood,2030,landfilling,0.06
C-WEU-IRL,wood,2030,recycling,0.3
C-WEU-IRL,wood,2030,reuse,0
C-WEU-IRL,wood,2035,downcycling,0
C-WEU-IRL,wood,2035,incineration,0.64
C-WEU-IRL,wood,2035,landfilling,0.06
C-WEU-IRL,wood,2035,recycling,0.3
C-WEU-IRL,wood,2035,reuse,0
C-WEU-IRL,wood,2040,downcycling,0
C-WEU-IRL,wood,2040,incineration,0.64
C-WEU-IRL,wood,2040,landfilling,0.06
C-WEU-IRL,wood,2040,recycling,0.3
C-WEU-IRL,wood,2040,reuse,0
C-WEU-IRL,wood,2045,downcycling,0
C-WEU-IRL,wood,2045,incineration,0.64
C-WEU-IRL,wood,2045,landfilling,0.06
C-WEU-IRL,wood,2045,recycling,0.3
C-WEU-IRL,wood,2045,reuse,0
C-WEU-IRL,wood,2050,downcycling,0
C-WEU-IRL,wood,2050,incineration,0.64
C-WEU-IRL,wood,2050,landfilling,0.06
C-WEU-IRL,wood,2050,recycling,0.3
C-WEU-IRL,wood,2050,reuse,0
C-WEU-IRL,wood,2055,downcycling,0
C-WEU-IRL,wood,2055,incineration,0.64
C-WEU-IRL,wood,2055,landfilling,0.06
C-WEU-IRL,wood,2055,recycling,0.3
C-WEU-IRL,wood,2055,reuse,0
C-WEU-IRL,wood,2060,downcycling,0
C-WEU-IRL,wood,2060,incineration,0.64
C-WEU-IRL,wood,2060,landfilling,0.06
C-WEU-IRL,wood,2060,recycling,0.3
C-WEU-IRL,wood,2060,reuse,0
C-WEU-IRL,wood,2065,downcycling,0
C-WEU-IRL,wood,2065,incineration,0.64
C-WEU-IRL,wood,2065,landfilling,0.06
C-WEU-IRL,wood,2065,recycling,0.3
C-WEU-IRL,wood,2065,reuse,0
C-WEU-IRL,wood,2070,downcycling,0
C-WEU-IRL,wood,2070,incineration,0.64
C-WEU-IRL,wood,2070,landfilling,0.06
C-WEU-IRL,wood,2070,recycling,0.3
C-WEU-IRL,wood,2070,reuse,0
C-WEU-IRL,wood,2075,downcycling,0
C-WEU-IRL,wood,2075,incineration,0.64
C-WEU-IRL,wood,2075,landfilling,0.06
C-WEU-IRL,wood,2075,recycling,0.3
C-WEU-IRL,wood,2075,reuse,0
C-WEU-IRL,wood,2080,downcycling,0
C-WEU-IRL,wood,2080,incineration,0.64
C-WEU-IRL,wood,2080,landfilling,0.06
C-WEU-IRL,wood,2080,recycling,0.3
C-WEU-IRL,wood,2080,reuse,0
C-WEU-IRL,wood,2085,downcycling,0
C-WEU-IRL,wood,2085,incineration,0.64
C-WEU-IRL,wood,2085,landfilling,0.06
C-WEU-IRL,wood,2085,recycling,0.3
C-WEU-IRL,wood,2085,reuse,0
C-WEU-IRL,wood,2090,downcycling,0
C-WEU-IRL,wood,2090,incineration,0.64
C-WEU-IRL,wood,2090,landfilling,0.06
C-WEU-IRL,wood,2090,recycling,0.3
C-WEU-IRL,wood,2090,reuse,0
C-WEU-IRL,wood,2095,downcycling,0
C-WEU-IRL,wood,2095,incineration,0.64
C-WEU-IRL,wood,2095,landfilling,0.06
C-WEU-IRL,wood,2095,recycling,0.3
C-WEU-IRL,wood,2095,reuse,0
C-WEU-IRL,wood,2100,downcycling,0
C-WEU-IRL,wood,2100,incineration,0.64
C-WEU-IRL,wood,2100,landfilling,0.06
C-WEU-IRL,wood,2100,recycling,0.3
C-WEU-IRL,wood,2100,reuse,0
C-WEU-ITA,aluminum,2015,downcycling,0
C-WEU-ITA,aluminum,2015,incineration,4.073041859669453e-6
C-WEU-ITA,aluminum,2015,landfilling,6.61869302196286e-6
C-WEU-ITA,aluminum,2015,recycling,0.9999893082651184
C-WEU-ITA,aluminum,2015,reuse,0
C-WEU-ITA,aluminum,2020,downcycling,0
C-WEU-ITA,aluminum,2020,incineration,4.073041859669453e-6
C-WEU-ITA,aluminum,2020,landfilling,6.61869302196286e-6
C-WEU-ITA,aluminum,2020,recycling,0.9999893082651184
C-WEU-ITA,aluminum,2020,reuse,0
C-WEU-ITA,aluminum,2025,downcycling,0
C-WEU-ITA,aluminum,2025,incineration,4.073041859669453e-6
C-WEU-ITA,aluminum,2025,landfilling,6.61869302196286e-6
C-WEU-ITA,aluminum,2025,recycling,0.9999893082651184
C-WEU-ITA,aluminum,2025,reuse,0
C-WEU-ITA,aluminum,2030,downcycling,0
C-WEU-ITA,aluminum,2030,incineration,4.073041859669453e-6
C-WEU-ITA,aluminum,2030,landfilling,6.61869302196286e-6
C-WEU-ITA,aluminum,2030,recycling,0.9999893082651184
C-WEU-ITA,aluminum,2030,reuse,0
C-WEU-ITA,aluminum,2035,downcycling,0
C-WEU-ITA,aluminum,2035,incineration,4.073041859669453e-6
C-WEU-ITA,aluminum,2035,landfilling,6.61869302196286e-6
C-WEU-ITA,aluminum,2035,recycling,0.9999893082651184
C-WEU-ITA,aluminum,2035,reuse,0
C-WEU-ITA,aluminum,2040,downcycling,0
C-WEU-ITA,aluminum,2040,incineration,4.073041859669453e-6
C-WEU-ITA,aluminum,2040,landfilling,6.61869302196286e-6
C-WEU-ITA,aluminum,2040,recycling,0.9999893082651184
C-WEU-ITA,aluminum,2040,reuse,0
C-WEU-ITA,aluminum,2045,downcycling,0
C-WEU-ITA,aluminum,2045,incineration,4.073041859669453e-6
C-WEU-ITA,aluminum,2045,landfilling,6.61869302196286e-6
C-WEU-ITA,aluminum,2045,recycling,0.9999893082651184
C-WEU-ITA,aluminum,2045,reuse,0
C-WEU-ITA,aluminum,2050,downcycling,0
C-WEU-ITA,aluminum,2050,incineration,4.073041859669453e-6
C-WEU-ITA,aluminum,2050,landfilling,6.61869302196286e-6
C-WEU-ITA,aluminum,2050,recycling,0.9999893082651184
C-WEU-ITA,aluminum,2050,reuse,0
C-WEU-ITA,aluminum,2055,downcycling,0
C-WEU-ITA,aluminum,2055,incineration,4.073041859669453e-6
C-WEU-ITA,aluminum,2055,landfilling,6.61869302196286e-6
C-WEU-ITA,aluminum,2055,recycling,0.9999893082651184
C-WEU-ITA,aluminum,2055,reuse,0
C-WEU-ITA,aluminum,2060,downcycling,0
C-WEU-ITA,aluminum,2060,incineration,4.073041859669453e-6
C-WEU-ITA,aluminum,2060,landfilling,6.61869302196286e-6
C-WEU-ITA,aluminum,2060,recycling,0.9999893082651184
C-WEU-ITA,aluminum,2060,reuse,0
C-WEU-ITA,aluminum,2065,downcycling,0
C-WEU-ITA,aluminum,2065,incineration,4.073041859669453e-6
C-WEU-ITA,aluminum,2065,landfilling,6.61869302196286e-6
C-WEU-ITA,aluminum,2065,recycling,0.9999893082651184
C-WEU-ITA,aluminum,2065,reuse,0
C-WEU-ITA,aluminum,2070,downcycling,0
C-WEU-ITA,aluminum,2070,incineration,4.073041859669453e-6
C-WEU-ITA,aluminum,2070,landfilling,6.61869302196286e-6
C-WEU-ITA,aluminum,2070,recycling,0.9999893082651184
C-WEU-ITA,aluminum,2070,reuse,0
C-WEU-ITA,aluminum,2075,downcycling,0
C-WEU-ITA,aluminum,2075,incineration,4.073041859669453e-6
C-WEU-ITA,aluminum,2075,landfilling,6.61869302196286e-6
C-WEU-ITA,aluminum,2075,recycling,0.9999893082651184
C-WEU-ITA,aluminum,2075,reuse,0
C-WEU-ITA,aluminum,2080,downcycling,0
C-WEU-ITA,aluminum,2080,incineration,4.073041859669453e-6
C-WEU-ITA,aluminum,2080,landfilling,6.61869302196286e-6
C-WEU-ITA,aluminum,2080,recycling,0.9999893082651184
C-WEU-ITA,aluminum,2080,reuse,0
C-WEU-ITA,aluminum,2085,downcycling,0
C-WEU-ITA,aluminum,2085,incineration,4.073041859669453e-6
C-WEU-ITA,aluminum,2085,landfilling,6.61869302196286e-6
C-WEU-ITA,aluminum,2085,recycling,0.9999893082651184
C-WEU-ITA,aluminum,2085,reuse,0
C-WEU-ITA,aluminum,2090,downcycling,0
C-WEU-ITA,aluminum,2090,incineration,4.073041859669453e-6
C-WEU-ITA,aluminum,2090,landfilling,6.61869302196286e-6
C-WEU-ITA,aluminum,2090,recycling,0.9999893082651184
C-WEU-ITA,aluminum,2090,reuse,0
C-WEU-ITA,aluminum,2095,downcycling,0
C-WEU-ITA,aluminum,2095,incineration,4.073041859669453e-6
C-WEU-ITA,aluminum,2095,landfilling,6.61869302196286e-6
C-WEU-ITA,aluminum,2095,recycling,0.9999893082651184
C-WEU-ITA,aluminum,2095,reuse,0
C-WEU-ITA,aluminum,2100,downcycling,0
C-WEU-ITA,aluminum,2100,incineration,4.073041859669453e-6
C-WEU-ITA,aluminum,2100,landfilling,6.61869302196286e-6
C-WEU-ITA,aluminum,2100,recycling,0.9999893082651184
C-WEU-ITA,aluminum,2100,reuse,0
C-WEU-ITA,brick,2015,downcycling,0.00809436572256606
C-WEU-ITA,brick,2015,incineration,0
C-WEU-ITA,brick,2015,landfilling,0.01383025529749385
C-WEU-ITA,brick,2015,recycling,0.97807537897994
C-WEU-ITA,brick,2015,reuse,0
C-WEU-ITA,brick,2020,downcycling,0.00809436572256606
C-WEU-ITA,brick,2020,incineration,0
C-WEU-ITA,brick,2020,landfilling,0.01383025529749385
C-WEU-ITA,brick,2020,recycling,0.97807537897994
C-WEU-ITA,brick,2020,reuse,0
C-WEU-ITA,brick,2025,downcycling,0.00809436572256606
C-WEU-ITA,brick,2025,incineration,0
C-WEU-ITA,brick,2025,landfilling,0.01383025529749385
C-WEU-ITA,brick,2025,recycling,0.97807537897994
C-WEU-ITA,brick,2025,reuse,0
C-WEU-ITA,brick,2030,downcycling,0.00809436572256606
C-WEU-ITA,brick,2030,incineration,0
C-WEU-ITA,brick,2030,landfilling,0.01383025529749385
C-WEU-ITA,brick,2030,recycling,0.97807537897994
C-WEU-ITA,brick,2030,reuse,0
C-WEU-ITA,brick,2035,downcycling,0.00809436572256606
C-WEU-ITA,brick,2035,incineration,0
C-WEU-ITA,brick,2035,landfilling,0.01383025529749385
C-WEU-ITA,brick,2035,recycling,0.97807537897994
C-WEU-ITA,brick,2035,reuse,0
C-WEU-ITA,brick,2040,downcycling,0.00809436572256606
C-WEU-ITA,brick,2040,incineration,0
C-WEU-ITA,brick,2040,landfilling,0.01383025529749385
C-WEU-ITA,brick,2040,recycling,0.97807537897994
C-WEU-ITA,brick,2040,reuse,0
C-WEU-ITA,brick,2045,downcycling,0.00809436572256606
C-WEU-ITA,brick,2045,incineration,0
C-WEU-ITA,brick,2045,landfilling,0.01383025529749385
C-WEU-ITA,brick,2045,recycling,0.97807537897994
C-WEU-ITA,brick,2045,reuse,0
C-WEU-ITA,brick,2050,downcycling,0.00809436572256606
C-WEU-ITA,brick,2050,incineration,0
C-WEU-ITA,brick,2050,landfilling,0.01383025529749385
C-WEU-ITA,brick,2050,recycling,0.97807537897994
C-WEU-ITA,brick,2050,reuse,0
C-WEU-ITA,brick,2055,downcycling,0.00809436572256606
C-WEU-ITA,brick,2055,incineration,0
C-WEU-ITA,brick,2055,landfilling,0.01383025529749385
C-WEU-ITA,brick,2055,recycling,0.97807537897994
C-WEU-ITA,brick,2055,reuse,0
C-WEU-ITA,brick,2060,downcycling,0.00809436572256606
C-WEU-ITA,brick,2060,incineration,0
C-WEU-ITA,brick,2060,landfilling,0.01383025529749385
C-WEU-ITA,brick,2060,recycling,0.97807537897994
C-WEU-ITA,brick,2060,reuse,0
C-WEU-ITA,brick,2065,downcycling,0.00809436572256606
C-WEU-ITA,brick,2065,incineration,0
C-WEU-ITA,brick,2065,landfilling,0.01383025529749385
C-WEU-ITA,brick,2065,recycling,0.97807537897994
C-WEU-ITA,brick,2065,reuse,0
C-WEU-ITA,brick,2070,downcycling,0.00809436572256606
C-WEU-ITA,brick,2070,incineration,0
C-WEU-ITA,brick,2070,landfilling,0.01383025529749385
C-WEU-ITA,brick,2070,recycling,0.97807537897994
C-WEU-ITA,brick,2070,reuse,0
C-WEU-ITA,brick,2075,downcycling,0.00809436572256606
C-WEU-ITA,brick,2075,incineration,0
C-WEU-ITA,brick,2075,landfilling,0.01383025529749385
C-WEU-ITA,brick,2075,recycling,0.97807537897994
C-WEU-ITA,brick,2075,reuse,0
C-WEU-ITA,brick,2080,downcycling,0.00809436572256606
C-WEU-ITA,brick,2080,incineration,0
C-WEU-ITA,brick,2080,landfilling,0.01383025529749385
C-WEU-ITA,brick,2080,recycling,0.97807537897994
C-WEU-ITA,brick,2080,reuse,0
C-WEU-ITA,brick,2085,downcycling,0.00809436572256606
C-WEU-ITA,brick,2085,incineration,0
C-WEU-ITA,brick,2085,landfilling,0.01383025529749385
C-WEU-ITA,brick,2085,recycling,0.97807537897994
C-WEU-ITA,brick,2085,reuse,0
C-WEU-ITA,brick,2090,downcycling,0.00809436572256606
C-WEU-ITA,brick,2090,incineration,0
C-WEU-ITA,brick,2090,landfilling,0.01383025529749385
C-WEU-ITA,brick,2090,recycling,0.97807537897994
C-WEU-ITA,brick,2090,reuse,0
C-WEU-ITA,brick,2095,downcycling,0.00809436572256606
C-WEU-ITA,brick,2095,incineration,0
C-WEU-ITA,brick,2095,landfilling,0.01383025529749385
C-WEU-ITA,brick,2095,recycling,0.97807537897994
C-WEU-ITA,brick,2095,reuse,0
C-WEU-ITA,brick,2100,downcycling,0.00809436572256606
C-WEU-ITA,brick,2100,incineration,0
C-WEU-ITA,brick,2100,landfilling,0.01383025529749385
C-WEU-ITA,brick,2100,recycling,0.97807537897994
C-WEU-ITA,brick,2100,reuse,0
C-WEU-ITA,concrete,2015,downcycling,0.00809436572256606
C-WEU-ITA,concrete,2015,incineration,0
C-WEU-ITA,concrete,2015,landfilling,0.01383025529749385
C-WEU-ITA,concrete,2015,recycling,0.97807537897994
C-WEU-ITA,concrete,2015,reuse,0
C-WEU-ITA,concrete,2020,downcycling,0.00809436572256606
C-WEU-ITA,concrete,2020,incineration,0
C-WEU-ITA,concrete,2020,landfilling,0.01383025529749385
C-WEU-ITA,concrete,2020,recycling,0.97807537897994
C-WEU-ITA,concrete,2020,reuse,0
C-WEU-ITA,concrete,2025,downcycling,0.00809436572256606
C-WEU-ITA,concrete,2025,incineration,0
C-WEU-ITA,concrete,2025,landfilling,0.01383025529749385
C-WEU-ITA,concrete,2025,recycling,0.97807537897994
C-WEU-ITA,concrete,2025,reuse,0
C-WEU-ITA,concrete,2030,downcycling,0.00809436572256606
C-WEU-ITA,concrete,2030,incineration,0
C-WEU-ITA,concrete,2030,landfilling,0.01383025529749385
C-WEU-ITA,concrete,2030,recycling,0.97807537897994
C-WEU-ITA,concrete,2030,reuse,0
C-WEU-ITA,concrete,2035,downcycling,0.00809436572256606
C-WEU-ITA,concrete,2035,incineration,0
C-WEU-ITA,concrete,2035,landfilling,0.01383025529749385
C-WEU-ITA,concrete,2035,recycling,0.97807537897994
C-WEU-ITA,concrete,2035,reuse,0
C-WEU-ITA,concrete,2040,downcycling,0.00809436572256606
C-WEU-ITA,concrete,2040,incineration,0
C-WEU-ITA,concrete,2040,landfilling,0.01383025529749385
C-WEU-ITA,concrete,2040,recycling,0.97807537897994
C-WEU-ITA,concrete,2040,reuse,0
C-WEU-ITA,concrete,2045,downcycling,0.00809436572256606
C-WEU-ITA,concrete,2045,incineration,0
C-WEU-ITA,concrete,2045,landfilling,0.01383025529749385
C-WEU-ITA,concrete,2045,recycling,0.97807537897994
C-WEU-ITA,concrete,2045,reuse,0
C-WEU-ITA,concrete,2050,downcycling,0.00809436572256606
C-WEU-ITA,concrete,2050,incineration,0
C-WEU-ITA,concrete,2050,landfilling,0.01383025529749385
C-WEU-ITA,concrete,2050,recycling,0.97807537897994
C-WEU-ITA,concrete,2050,reuse,0
C-WEU-ITA,concrete,2055,downcycling,0.00809436572256606
C-WEU-ITA,concrete,2055,incineration,0
C-WEU-ITA,concrete,2055,landfilling,0.01383025529749385
C-WEU-ITA,concrete,2055,recycling,0.97807537897994
C-WEU-ITA,concrete,2055,reuse,0
C-WEU-ITA,concrete,2060,downcycling,0.00809436572256606
C-WEU-ITA,concrete,2060,incineration,0
C-WEU-ITA,concrete,2060,landfilling,0.01383025529749385
C-WEU-ITA,concrete,2060,recycling,0.97807537897994
C-WEU-ITA,concrete,2060,reuse,0
C-WEU-ITA,concrete,2065,downcycling,0.00809436572256606
C-WEU-ITA,concrete,2065,incineration,0
C-WEU-ITA,concrete,2065,landfilling,0.01383025529749385
C-WEU-ITA,concrete,2065,recycling,0.97807537897994
C-WEU-ITA,concrete,2065,reuse,0
C-WEU-ITA,concrete,2070,downcycling,0.00809436572256606
C-WEU-ITA,concrete,2070,incineration,0
C-WEU-ITA,concrete,2070,landfilling,0.01383025529749385
C-WEU-ITA,concrete,2070,recycling,0.97807537897994
C-WEU-ITA,concrete,2070,reuse,0
C-WEU-ITA,concrete,2075,downcycling,0.00809436572256606
C-WEU-ITA,concrete,2075,incineration,0
C-WEU-ITA,concrete,2075,landfilling,0.01383025529749385
C-WEU-ITA,concrete,2075,recycling,0.97807537897994
C-WEU-ITA,concrete,2075,reuse,0
C-WEU-ITA,concrete,2080,downcycling,0.00809436572256606
C-WEU-ITA,concrete,2080,incineration,0
C-WEU-ITA,concrete,2080,landfilling,0.01383025529749385
C-WEU-ITA,concrete,2080,recycling,0.97807537897994
C-WEU-ITA,concrete,2080,reuse,0
C-WEU-ITA,concrete,2085,downcycling,0.00809436572256606
C-WEU-ITA,concrete,2085,incineration,0
C-WEU-ITA,concrete,2085,landfilling,0.01383025529749385
C-WEU-ITA,concrete,2085,recycling,0.97807537897994
C-WEU-ITA,concrete,2085,reuse,0
C-WEU-ITA,concrete,2090,downcycling,0.00809436572256606
C-WEU-ITA,concrete,2090,incineration,0
C-WEU-ITA,concrete,2090,landfilling,0.01383025529749385
C-WEU-ITA,concrete,2090,recycling,0.97807537897994
C-WEU-ITA,concrete,2090,reuse,0
C-WEU-ITA,concrete,2095,downcycling,0.00809436572256606
C-WEU-ITA,concrete,2095,incineration,0
C-WEU-ITA,concrete,2095,landfilling,0.01383025529749385
C-WEU-ITA,concrete,2095,recycling,0.97807537897994
C-WEU-ITA,concrete,2095,reuse,0
C-WEU-ITA,concrete,2100,downcycling,0.00809436572256606
C-WEU-ITA,concrete,2100,incineration,0
C-WEU-ITA,concrete,2100,landfilling,0.01383025529749385
C-WEU-ITA,concrete,2100,recycling,0.97807537897994
C-WEU-ITA,concrete,2100,reuse,0
C-WEU-ITA,copper,2015,downcycling,0
C-WEU-ITA,copper,2015,incineration,4.073041859669453e-6
C-WEU-ITA,copper,2015,landfilling,6.61869302196286e-6
C-WEU-ITA,copper,2015,recycling,0.9999893082651184
C-WEU-ITA,copper,2015,reuse,0
C-WEU-ITA,copper,2020,downcycling,0
C-WEU-ITA,copper,2020,incineration,4.073041859669453e-6
C-WEU-ITA,copper,2020,landfilling,6.61869302196286e-6
C-WEU-ITA,copper,2020,recycling,0.9999893082651184
C-WEU-ITA,copper,2020,reuse,0
C-WEU-ITA,copper,2025,downcycling,0
C-WEU-ITA,copper,2025,incineration,4.073041859669453e-6
C-WEU-ITA,copper,2025,landfilling,6.61869302196286e-6
C-WEU-ITA,copper,2025,recycling,0.9999893082651184
C-WEU-ITA,copper,2025,reuse,0
C-WEU-ITA,copper,2030,downcycling,0
C-WEU-ITA,copper,2030,incineration,4.073041859669453e-6
C-WEU-ITA,copper,2030,landfilling,6.61869302196286e-6
C-WEU-ITA,copper,2030,recycling,0.9999893082651184
C-WEU-ITA,copper,2030,reuse,0
C-WEU-ITA,copper,2035,downcycling,0
C-WEU-ITA,copper,2035,incineration,4.073041859669453e-6
C-WEU-ITA,copper,2035,landfilling,6.61869302196286e-6
C-WEU-ITA,copper,2035,recycling,0.9999893082651184
C-WEU-ITA,copper,2035,reuse,0
C-WEU-ITA,copper,2040,downcycling,0
C-WEU-ITA,copper,2040,incineration,4.073041859669453e-6
C-WEU-ITA,copper,2040,landfilling,6.61869302196286e-6
C-WEU-ITA,copper,2040,recycling,0.9999893082651184
C-WEU-ITA,copper,2040,reuse,0
C-WEU-ITA,copper,2045,downcycling,0
C-WEU-ITA,copper,2045,incineration,4.073041859669453e-6
C-WEU-ITA,copper,2045,landfilling,6.61869302196286e-6
C-WEU-ITA,copper,2045,recycling,0.9999893082651184
C-WEU-ITA,copper,2045,reuse,0
C-WEU-ITA,copper,2050,downcycling,0
C-WEU-ITA,copper,2050,incineration,4.073041859669453e-6
C-WEU-ITA,copper,2050,landfilling,6.61869302196286e-6
C-WEU-ITA,copper,2050,recycling,0.9999893082651184
C-WEU-ITA,copper,2050,reuse,0
C-WEU-ITA,copper,2055,downcycling,0
C-WEU-ITA,copper,2055,incineration,4.073041859669453e-6
C-WEU-ITA,copper,2055,landfilling,6.61869302196286e-6
C-WEU-ITA,copper,2055,recycling,0.9999893082651184
C-WEU-ITA,copper,2055,reuse,0
C-WEU-ITA,copper,2060,downcycling,0
C-WEU-ITA,copper,2060,incineration,4.073041859669453e-6
C-WEU-ITA,copper,2060,landfilling,6.61869302196286e-6
C-WEU-ITA,copper,2060,recycling,0.9999893082651184
C-WEU-ITA,copper,2060,reuse,0
C-WEU-ITA,copper,2065,downcycling,0
C-WEU-ITA,copper,2065,incineration,4.073041859669453e-6
C-WEU-ITA,copper,2065,landfilling,6.61869302196286e-6
C-WEU-ITA,copper,2065,recycling,0.9999893082651184
C-WEU-ITA,copper,2065,reuse,0
C-WEU-ITA,copper,2070,downcycling,0
C-WEU-ITA,copper,2070,incineration,4.073041859669453e-6
C-WEU-ITA,copper,2070,landfilling,6.61869302196286e-6
C-WEU-ITA,copper,2070,recycling,0.9999893082651184
C-WEU-ITA,copper,2070,reuse,0
C-WEU-ITA,copper,2075,downcycling,0
C-WEU-ITA,copper,2075,incineration,4.073041859669453e-6
C-WEU-ITA,copper,2075,landfilling,6.61869302196286e-6
C-WEU-ITA,copper,2075,recycling,0.9999893082651184
C-WEU-ITA,copper,2075,reuse,0
C-WEU-ITA,copper,2080,downcycling,0
C-WEU-ITA,copper,2080,incineration,4.073041859669453e-6
C-WEU-ITA,copper,2080,landfilling,6.61869302196286e-6
C-WEU-ITA,copper,2080,recycling,0.9999893082651184
C-WEU-ITA,copper,2080,reuse,0
C-WEU-ITA,copper,2085,downcycling,0
C-WEU-ITA,copper,2085,incineration,4.073041859669453e-6
C-WEU-ITA,copper,2085,landfilling,6.61869302196286e-6
C-WEU-ITA,copper,2085,recycling,0.9999893082651184
C-WEU-ITA,copper,2085,reuse,0
C-WEU-ITA,copper,2090,downcycling,0
C-WEU-ITA,copper,2090,incineration,4.073041859669453e-6
C-WEU-ITA,copper,2090,landfilling,6.61869302196286e-6
C-WEU-ITA,copper,2090,recycling,0.9999893082651184
C-WEU-ITA,copper,2090,reuse,0
C-WEU-ITA,copper,2095,downcycling,0
C-WEU-ITA,copper,2095,incineration,4.073041859669453e-6
C-WEU-ITA,copper,2095,landfilling,6.61869302196286e-6
C-WEU-ITA,copper,2095,recycling,0.9999893082651184
C-WEU-ITA,copper,2095,reuse,0
C-WEU-ITA,copper,2100,downcycling,0
C-WEU-ITA,copper,2100,incineration,4.073041859669453e-6
C-WEU-ITA,copper,2100,landfilling,6.61869302196286e-6
C-WEU-ITA,copper,2100,recycling,0.9999893082651184
C-WEU-ITA,copper,2100,reuse,0
C-WEU-ITA,glass,2015,downcycling,0.24
C-WEU-ITA,glass,2015,incineration,0
C-WEU-ITA,glass,2015,landfilling,0.7
C-WEU-ITA,glass,2015,recycling,0.06
C-WEU-ITA,glass,2015,reuse,0
C-WEU-ITA,glass,2020,downcycling,0.24
C-WEU-ITA,glass,2020,incineration,0
C-WEU-ITA,glass,2020,landfilling,0.7
C-WEU-ITA,glass,2020,recycling,0.06
C-WEU-ITA,glass,2020,reuse,0
C-WEU-ITA,glass,2025,downcycling,0.24
C-WEU-ITA,glass,2025,incineration,0
C-WEU-ITA,glass,2025,landfilling,0.7
C-WEU-ITA,glass,2025,recycling,0.06
C-WEU-ITA,glass,2025,reuse,0
C-WEU-ITA,glass,2030,downcycling,0.24
C-WEU-ITA,glass,2030,incineration,0
C-WEU-ITA,glass,2030,landfilling,0.7
C-WEU-ITA,glass,2030,recycling,0.06
C-WEU-ITA,glass,2030,reuse,0
C-WEU-ITA,glass,2035,downcycling,0.24
C-WEU-ITA,glass,2035,incineration,0
C-WEU-ITA,glass,2035,landfilling,0.7
C-WEU-ITA,glass,2035,recycling,0.06
C-WEU-ITA,glass,2035,reuse,0
C-WEU-ITA,glass,2040,downcycling,0.24
C-WEU-ITA,glass,2040,incineration,0
C-WEU-ITA,glass,2040,landfilling,0.7
C-WEU-ITA,glass,2040,recycling,0.06
C-WEU-ITA,glass,2040,reuse,0
C-WEU-ITA,glass,2045,downcycling,0.24
C-WEU-ITA,glass,2045,incineration,0
C-WEU-ITA,glass,2045,landfilling,0.7
C-WEU-ITA,glass,2045,recycling,0.06
C-WEU-ITA,glass,2045,reuse,0
C-WEU-ITA,glass,2050,downcycling,0.24
C-WEU-ITA,glass,2050,incineration,0
C-WEU-ITA,glass,2050,landfilling,0.7
C-WEU-ITA,glass,2050,recycling,0.06
C-WEU-ITA,glass,2050,reuse,0
C-WEU-ITA,glass,2055,downcycling,0.24
C-WEU-ITA,glass,2055,incineration,0
C-WEU-ITA,glass,2055,landfilling,0.7
C-WEU-ITA,glass,2055,recycling,0.06
C-WEU-ITA,glass,2055,reuse,0
C-WEU-ITA,glass,2060,downcycling,0.24
C-WEU-ITA,glass,2060,incineration,0
C-WEU-ITA,glass,2060,landfilling,0.7
C-WEU-ITA,glass,2060,recycling,0.06
C-WEU-ITA,glass,2060,reuse,0
C-WEU-ITA,glass,2065,downcycling,0.24
C-WEU-ITA,glass,2065,incineration,0
C-WEU-ITA,glass,2065,landfilling,0.7
C-WEU-ITA,glass,2065,recycling,0.06
C-WEU-ITA,glass,2065,reuse,0
C-WEU-ITA,glass,2070,downcycling,0.24
C-WEU-ITA,glass,2070,incineration,0
C-WEU-ITA,glass,2070,landfilling,0.7
C-WEU-ITA,glass,2070,recycling,0.06
C-WEU-ITA,glass,2070,reuse,0
C-WEU-ITA,glass,2075,downcycling,0.24
C-WEU-ITA,glass,2075,incineration,0
C-WEU-ITA,glass,2075,landfilling,0.7
C-WEU-ITA,glass,2075,recycling,0.06
C-WEU-ITA,glass,2075,reuse,0
C-WEU-ITA,glass,2080,downcycling,0.24
C-WEU-ITA,glass,2080,incineration,0
C-WEU-ITA,glass,2080,landfilling,0.7
C-WEU-ITA,glass,2080,recycling,0.06
C-WEU-ITA,glass,2080,reuse,0
C-WEU-ITA,glass,2085,downcycling,0.24
C-WEU-ITA,glass,2085,incineration,0
C-WEU-ITA,glass,2085,landfilling,0.7
C-WEU-ITA,glass,2085,recycling,0.06
C-WEU-ITA,glass,2085,reuse,0
C-WEU-ITA,glass,2090,downcycling,0.24
C-WEU-ITA,glass,2090,incineration,0
C-WEU-ITA,glass,2090,landfilling,0.7
C-WEU-ITA,glass,2090,recycling,0.06
C-WEU-ITA,glass,2090,reuse,0
C-WEU-ITA,glass,2095,downcycling,0.24
C-WEU-ITA,glass,2095,incineration,0
C-WEU-ITA,glass,2095,landfilling,0.7
C-WEU-ITA,glass,2095,recycling,0.06
C-WEU-ITA,glass,2095,reuse,0
C-WEU-ITA,glass,2100,downcycling,0.24
C-WEU-ITA,glass,2100,incineration,0
C-WEU-ITA,glass,2100,landfilling,0.7
C-WEU-ITA,glass,2100,recycling,0.06
C-WEU-ITA,glass,2100,reuse,0
C-WEU-ITA,steel,2015,downcycling,0
C-WEU-ITA,steel,2015,incineration,7.150999066079523e-8
C-WEU-ITA,steel,2015,landfilling,4.147579458326123e-4
C-WEU-ITA,steel,2015,recycling,0.9995851705441768
C-WEU-ITA,steel,2015,reuse,0
C-WEU-ITA,steel,2020,downcycling,0
C-WEU-ITA,steel,2020,incineration,7.150999066079523e-8
C-WEU-ITA,steel,2020,landfilling,4.147579458326123e-4
C-WEU-ITA,steel,2020,recycling,0.9995851705441768
C-WEU-ITA,steel,2020,reuse,0
C-WEU-ITA,steel,2025,downcycling,0
C-WEU-ITA,steel,2025,incineration,7.150999066079523e-8
C-WEU-ITA,steel,2025,landfilling,4.147579458326123e-4
C-WEU-ITA,steel,2025,recycling,0.9995851705441768
C-WEU-ITA,steel,2025,reuse,0
C-WEU-ITA,steel,2030,downcycling,0
C-WEU-ITA,steel,2030,incineration,7.150999066079523e-8
C-WEU-ITA,steel,2030,landfilling,4.147579458326123e-4
C-WEU-ITA,steel,2030,recycling,0.9995851705441768
C-WEU-ITA,steel,2030,reuse,0
C-WEU-ITA,steel,2035,downcycling,0
C-WEU-ITA,steel,2035,incineration,7.150999066079523e-8
C-WEU-ITA,steel,2035,landfilling,4.147579458326123e-4
C-WEU-ITA,steel,2035,recycling,0.9995851705441768
C-WEU-ITA,steel,2035,reuse,0
C-WEU-ITA,steel,2040,downcycling,0
C-WEU-ITA,steel,2040,incineration,7.150999066079523e-8
C-WEU-ITA,steel,2040,landfilling,4.147579458326123e-4
C-WEU-ITA,steel,2040,recycling,0.9995851705441768
C-WEU-ITA,steel,2040,reuse,0
C-WEU-ITA,steel,2045,downcycling,0
C-WEU-ITA,steel,2045,incineration,7.150999066079523e-8
C-WEU-ITA,steel,2045,landfilling,4.147579458326123e-4
C-WEU-ITA,steel,2045,recycling,0.9995851705441768
C-WEU-ITA,steel,2045,reuse,0
C-WEU-ITA,steel,2050,downcycling,0
C-WEU-ITA,steel,2050,incineration,7.150999066079523e-8
C-WEU-ITA,steel,2050,landfilling,4.147579458326123e-4
C-WEU-ITA,steel,2050,recycling,0.9995851705441768
C-WEU-ITA,steel,2050,reuse,0
C-WEU-ITA,steel,2055,downcycling,0
C-WEU-ITA,steel,2055,incineration,7.150999066079523e-8
C-WEU-ITA,steel,2055,landfilling,4.147579458326123e-4
C-WEU-ITA,steel,2055,recycling,0.9995851705441768
C-WEU-ITA,steel,2055,reuse,0
C-WEU-ITA,steel,2060,downcycling,0
C-WEU-ITA,steel,2060,incineration,7.150999066079523e-8
C-WEU-ITA,steel,2060,landfilling,4.147579458326123e-4
C-WEU-ITA,steel,2060,recycling,0.9995851705441768
C-WEU-ITA,steel,2060,reuse,0
C-WEU-ITA,steel,2065,downcycling,0
C-WEU-ITA,steel,2065,incineration,7.150999066079523e-8
C-WEU-ITA,steel,2065,landfilling,4.147579458326123e-4
C-WEU-ITA,steel,2065,recycling,0.9995851705441768
C-WEU-ITA,steel,2065,reuse,0
C-WEU-ITA,steel,2070,downcycling,0
C-WEU-ITA,steel,2070,incineration,7.150999066079523e-8
C-WEU-ITA,steel,2070,landfilling,4.147579458326123e-4
C-WEU-ITA,steel,2070,recycling,0.9995851705441768
C-WEU-ITA,steel,2070,reuse,0
C-WEU-ITA,steel,2075,downcycling,0
C-WEU-ITA,steel,2075,incineration,7.150999066079523e-8
C-WEU-ITA,steel,2075,landfilling,4.147579458326123e-4
C-WEU-ITA,steel,2075,recycling,0.9995851705441768
C-WEU-ITA,steel,2075,reuse,0
C-WEU-ITA,steel,2080,downcycling,0
C-WEU-ITA,steel,2080,incineration,7.150999066079523e-8
C-WEU-ITA,steel,2080,landfilling,4.147579458326123e-4
C-WEU-ITA,steel,2080,recycling,0.9995851705441768
C-WEU-ITA,steel,2080,reuse,0
C-WEU-ITA,steel,2085,downcycling,0
C-WEU-ITA,steel,2085,incineration,7.150999066079523e-8
C-WEU-ITA,steel,2085,landfilling,4.147579458326123e-4
C-WEU-ITA,steel,2085,recycling,0.9995851705441768
C-WEU-ITA,steel,2085,reuse,0
C-WEU-ITA,steel,2090,downcycling,0
C-WEU-ITA,steel,2090,incineration,7.150999066079523e-8
C-WEU-ITA,steel,2090,landfilling,4.147579458326123e-4
C-WEU-ITA,steel,2090,recycling,0.9995851705441768
C-WEU-ITA,steel,2090,reuse,0
C-WEU-ITA,steel,2095,downcycling,0
C-WEU-ITA,steel,2095,incineration,7.150999066079523e-8
C-WEU-ITA,steel,2095,landfilling,4.147579458326123e-4
C-WEU-ITA,steel,2095,recycling,0.9995851705441768
C-WEU-ITA,steel,2095,reuse,0
C-WEU-ITA,steel,2100,downcycling,0
C-WEU-ITA,steel,2100,incineration,7.150999066079523e-8
C-WEU-ITA,steel,2100,landfilling,4.147579458326123e-4
C-WEU-ITA,steel,2100,recycling,0.9995851705441768
C-WEU-ITA,steel,2100,reuse,0
C-WEU-ITA,wood,2015,downcycling,0
C-WEU-ITA,wood,2015,incineration,0.64
C-WEU-ITA,wood,2015,landfilling,0.06
C-WEU-ITA,wood,2015,recycling,0.3
C-WEU-ITA,wood,2015,reuse,0
C-WEU-ITA,wood,2020,downcycling,0
C-WEU-ITA,wood,2020,incineration,0.64
C-WEU-ITA,wood,2020,landfilling,0.06
C-WEU-ITA,wood,2020,recycling,0.3
C-WEU-ITA,wood,2020,reuse,0
C-WEU-ITA,wood,2025,downcycling,0
C-WEU-ITA,wood,2025,incineration,0.64
C-WEU-ITA,wood,2025,landfilling,0.06
C-WEU-ITA,wood,2025,recycling,0.3
C-WEU-ITA,wood,2025,reuse,0
C-WEU-ITA,wood,2030,downcycling,0
C-WEU-ITA,wood,2030,incineration,0.64
C-WEU-ITA,wood,2030,landfilling,0.06
C-WEU-ITA,wood,2030,recycling,0.3
C-WEU-ITA,wood,2030,reuse,0
C-WEU-ITA,wood,2035,downcycling,0
C-WEU-ITA,wood,2035,incineration,0.64
C-WEU-ITA,wood,2035,landfilling,0.06
C-WEU-ITA,wood,2035,recycling,0.3
C-WEU-ITA,wood,2035,reuse,0
C-WEU-ITA,wood,2040,downcycling,0
C-WEU-ITA,wood,2040,incineration,0.64
C-WEU-ITA,wood,2040,landfilling,0.06
C-WEU-ITA,wood,2040,recycling,0.3
C-WEU-ITA,wood,2040,reuse,0
C-WEU-ITA,wood,2045,downcycling,0
C-WEU-ITA,wood,2045,incineration,0.64
C-WEU-ITA,wood,2045,landfilling,0.06
C-WEU-ITA,wood,2045,recycling,0.3
C-WEU-ITA,wood,2045,reuse,0
C-WEU-ITA,wood,2050,downcycling,0
C-WEU-ITA,wood,2050,incineration,0.64
C-WEU-ITA,wood,2050,landfilling,0.06
C-WEU-ITA,wood,2050,recycling,0.3
C-WEU-ITA,wood,2050,reuse,0
C-WEU-ITA,wood,2055,downcycling,0
C-WEU-ITA,wood,2055,incineration,0.64
C-WEU-ITA,wood,2055,landfilling,0.06
C-WEU-ITA,wood,2055,recycling,0.3
C-WEU-ITA,wood,2055,reuse,0
C-WEU-ITA,wood,2060,downcycling,0
C-WEU-ITA,wood,2060,incineration,0.64
C-WEU-ITA,wood,2060,landfilling,0.06
C-WEU-ITA,wood,2060,recycling,0.3
C-WEU-ITA,wood,2060,reuse,0
C-WEU-ITA,wood,2065,downcycling,0
C-WEU-ITA,wood,2065,incineration,0.64
C-WEU-ITA,wood,2065,landfilling,0.06
C-WEU-ITA,wood,2065,recycling,0.3
C-WEU-ITA,wood,2065,reuse,0
C-WEU-ITA,wood,2070,downcycling,0
C-WEU-ITA,wood,2070,incineration,0.64
C-WEU-ITA,wood,2070,landfilling,0.06
C-WEU-ITA,wood,2070,recycling,0.3
C-WEU-ITA,wood,2070,reuse,0
C-WEU-ITA,wood,2075,downcycling,0
C-WEU-ITA,wood,2075,incineration,0.64
C-WEU-ITA,wood,2075,landfilling,0.06
C-WEU-ITA,wood,2075,recycling,0.3
C-WEU-ITA,wood,2075,reuse,0
C-WEU-ITA,wood,2080,downcycling,0
C-WEU-ITA,wood,2080,incineration,0.64
C-WEU-ITA,wood,2080,landfilling,0.06
C-WEU-ITA,wood,2080,recycling,0.3
C-WEU-ITA,wood,2080,reuse,0
C-WEU-ITA,wood,2085,downcycling,0
C-WEU-ITA,wood,2085,incineration,0.64
C-WEU-ITA,wood,2085,landfilling,0.06
C-WEU-ITA,wood,2085,recycling,0.3
C-WEU-ITA,wood,2085,reuse,0
C-WEU-ITA,wood,2090,downcycling,0
C-WEU-ITA,wood,2090,incineration,0.64
C-WEU-ITA,wood,2090,landfilling,0.06
C-WEU-ITA,wood,2090,recycling,0.3
C-WEU-ITA,wood,2090,reuse,0
C-WEU-ITA,wood,2095,downcycling,0
C-WEU-ITA,wood,2095,incineration,0.64
C-WEU-ITA,wood,2095,landfilling,0.06
C-WEU-ITA,wood,2095,recycling,0.3
C-WEU-ITA,wood,2095,reuse,0
C-WEU-ITA,wood,2100,downcycling,0
C-WEU-ITA,wood,2100,incineration,0.64
C-WEU-ITA,wood,2100,landfilling,0.06
C-WEU-ITA,wood,2100,recycling,0.3
C-WEU-ITA,wood,2100,reuse,0
C-WEU-LUX,aluminum,2015,downcycling,0
C-WEU-LUX,aluminum,2015,incineration,0
C-WEU-LUX,aluminum,2015,landfilling,0
C-WEU-LUX,aluminum,2015,recycling,1
C-WEU-LUX,aluminum,2015,reuse,0
C-WEU-LUX,aluminum,2020,downcycling,0
C-WEU-LUX,aluminum,2020,incineration,0
C-WEU-LUX,aluminum,2020,landfilling,0
C-WEU-LUX,aluminum,2020,recycling,1
C-WEU-LUX,aluminum,2020,reuse,0
C-WEU-LUX,aluminum,2025,downcycling,0
C-WEU-LUX,aluminum,2025,incineration,0
C-WEU-LUX,aluminum,2025,landfilling,0
C-WEU-LUX,aluminum,2025,recycling,1
C-WEU-LUX,aluminum,2025,reuse,0
C-WEU-LUX,aluminum,2030,downcycling,0
C-WEU-LUX,aluminum,2030,incineration,0
C-WEU-LUX,aluminum,2030,landfilling,0
C-WEU-LUX,aluminum,2030,recycling,1
C-WEU-LUX,aluminum,2030,reuse,0
C-WEU-LUX,aluminum,2035,downcycling,0
C-WEU-LUX,aluminum,2035,incineration,0
C-WEU-LUX,aluminum,2035,landfilling,0
C-WEU-LUX,aluminum,2035,recycling,1
C-WEU-LUX,aluminum,2035,reuse,0
C-WEU-LUX,aluminum,2040,downcycling,0
C-WEU-LUX,aluminum,2040,incineration,0
C-WEU-LUX,aluminum,2040,landfilling,0
C-WEU-LUX,aluminum,2040,recycling,1
C-WEU-LUX,aluminum,2040,reuse,0
C-WEU-LUX,aluminum,2045,downcycling,0
C-WEU-LUX,aluminum,2045,incineration,0
C-WEU-LUX,aluminum,2045,landfilling,0
C-WEU-LUX,aluminum,2045,recycling,1
C-WEU-LUX,aluminum,2045,reuse,0
C-WEU-LUX,aluminum,2050,downcycling,0
C-WEU-LUX,aluminum,2050,incineration,0
C-WEU-LUX,aluminum,2050,landfilling,0
C-WEU-LUX,aluminum,2050,recycling,1
C-WEU-LUX,aluminum,2050,reuse,0
C-WEU-LUX,aluminum,2055,downcycling,0
C-WEU-LUX,aluminum,2055,incineration,0
C-WEU-LUX,aluminum,2055,landfilling,0
C-WEU-LUX,aluminum,2055,recycling,1
C-WEU-LUX,aluminum,2055,reuse,0
C-WEU-LUX,aluminum,2060,downcycling,0
C-WEU-LUX,aluminum,2060,incineration,0
C-WEU-LUX,aluminum,2060,landfilling,0
C-WEU-LUX,aluminum,2060,recycling,1
C-WEU-LUX,aluminum,2060,reuse,0
C-WEU-LUX,aluminum,2065,downcycling,0
C-WEU-LUX,aluminum,2065,incineration,0
C-WEU-LUX,aluminum,2065,landfilling,0
C-WEU-LUX,aluminum,2065,recycling,1
C-WEU-LUX,aluminum,2065,reuse,0
C-WEU-LUX,aluminum,2070,downcycling,0
C-WEU-LUX,aluminum,2070,incineration,0
C-WEU-LUX,aluminum,2070,landfilling,0
C-WEU-LUX,aluminum,2070,recycling,1
C-WEU-LUX,aluminum,2070,reuse,0
C-WEU-LUX,aluminum,2075,downcycling,0
C-WEU-LUX,aluminum,2075,incineration,0
C-WEU-LUX,aluminum,2075,landfilling,0
C-WEU-LUX,aluminum,2075,recycling,1
C-WEU-LUX,aluminum,2075,reuse,0
C-WEU-LUX,aluminum,2080,downcycling,0
C-WEU-LUX,aluminum,2080,incineration,0
C-WEU-LUX,aluminum,2080,landfilling,0
C-WEU-LUX,aluminum,2080,recycling,1
C-WEU-LUX,aluminum,2080,reuse,0
C-WEU-LUX,aluminum,2085,downcycling,0
C-WEU-LUX,aluminum,2085,incineration,0
C-WEU-LUX,aluminum,2085,landfilling,0
C-WEU-LUX,aluminum,2085,recycling,1
C-WEU-LUX,aluminum,2085,reuse,0
C-WEU-LUX,aluminum,2090,downcycling,0
C-WEU-LUX,aluminum,2090,incineration,0
C-WEU-LUX,aluminum,2090,landfilling,0
C-WEU-LUX,aluminum,2090,recycling,1
C-WEU-LUX,aluminum,2090,reuse,0
C-WEU-LUX,aluminum,2095,downcycling,0
C-WEU-LUX,aluminum,2095,incineration,0
C-WEU-LUX,aluminum,2095,landfilling,0
C-WEU-LUX,aluminum,2095,recycling,1
C-WEU-LUX,aluminum,2095,reuse,0
C-WEU-LUX,aluminum,2100,downcycling,0
C-WEU-LUX,aluminum,2100,incineration,0
C-WEU-LUX,aluminum,2100,landfilling,0
C-WEU-LUX,aluminum,2100,recycling,1
C-WEU-LUX,aluminum,2100,reuse,0
C-WEU-LUX,brick,2015,downcycling,0.05041692325007067
C-WEU-LUX,brick,2015,incineration,0
C-WEU-LUX,brick,2015,landfilling,0.00577003843947269
C-WEU-LUX,brick,2015,recycling,0.9438130383104564
C-WEU-LUX,brick,2015,reuse,0
C-WEU-LUX,brick,2020,downcycling,0.05041692325007067
C-WEU-LUX,brick,2020,incineration,0
C-WEU-LUX,brick,2020,landfilling,0.00577003843947269
C-WEU-LUX,brick,2020,recycling,0.9438130383104564
C-WEU-LUX,brick,2020,reuse,0
C-WEU-LUX,brick,2025,downcycling,0.05041692325007067
C-WEU-LUX,brick,2025,incineration,0
C-WEU-LUX,brick,2025,landfilling,0.00577003843947269
C-WEU-LUX,brick,2025,recycling,0.9438130383104564
C-WEU-LUX,brick,2025,reuse,0
C-WEU-LUX,brick,2030,downcycling,0.05041692325007067
C-WEU-LUX,brick,2030,incineration,0
C-WEU-LUX,brick,2030,landfilling,0.00577003843947269
C-WEU-LUX,brick,2030,recycling,0.9438130383104564
C-WEU-LUX,brick,2030,reuse,0
C-WEU-LUX,brick,2035,downcycling,0.05041692325007067
C-WEU-LUX,brick,2035,incineration,0
C-WEU-LUX,brick,2035,landfilling,0.00577003843947269
C-WEU-LUX,brick,2035,recycling,0.9438130383104564
C-WEU-LUX,brick,2035,reuse,0
C-WEU-LUX,brick,2040,downcycling,0.05041692325007067
C-WEU-LUX,brick,2040,incineration,0
C-WEU-LUX,brick,2040,landfilling,0.00577003843947269
C-WEU-LUX,brick,2040,recycling,0.9438130383104564
C-WEU-LUX,brick,2040,reuse,0
C-WEU-LUX,brick,2045,downcycling,0.05041692325007067
C-WEU-LUX,brick,2045,incineration,0
C-WEU-LUX,brick,2045,landfilling,0.00577003843947269
C-WEU-LUX,brick,2045,recycling,0.9438130383104564
C-WEU-LUX,brick,2045,reuse,0
C-WEU-LUX,brick,2050,downcycling,0.05041692325007067
C-WEU-LUX,brick,2050,incineration,0
C-WEU-LUX,brick,2050,landfilling,0.00577003843947269
C-WEU-LUX,brick,2050,recycling,0.9438130383104564
C-WEU-LUX,brick,2050,reuse,0
C-WEU-LUX,brick,2055,downcycling,0.05041692325007067
C-WEU-LUX,brick,2055,incineration,0
C-WEU-LUX,brick,2055,landfilling,0.00577003843947269
C-WEU-LUX,brick,2055,recycling,0.9438130383104564
C-WEU-LUX,brick,2055,reuse,0
C-WEU-LUX,brick,2060,downcycling,0.05041692325007067
C-WEU-LUX,brick,2060,incineration,0
C-WEU-LUX,brick,2060,landfilling,0.00577003843947269
C-WEU-LUX,brick,2060,recycling,0.9438130383104564
C-WEU-LUX,brick,2060,reuse,0
C-WEU-LUX,brick,2065,downcycling,0.05041692325007067
C-WEU-LUX,brick,2065,incineration,0
C-WEU-LUX,brick,2065,landfilling,0.00577003843947269
C-WEU-LUX,brick,2065,recycling,0.9438130383104564
C-WEU-LUX,brick,2065,reuse,0
C-WEU-LUX,brick,2070,downcycling,0.05041692325007067
C-WEU-LUX,brick,2070,incineration,0
C-WEU-LUX,brick,2070,landfilling,0.00577003843947269
C-WEU-LUX,brick,2070,recycling,0.9438130383104564
C-WEU-LUX,brick,2070,reuse,0
C-WEU-LUX,brick,2075,downcycling,0.05041692325007067
C-WEU-LUX,brick,2075,incineration,0
C-WEU-LUX,brick,2075,landfilling,0.00577003843947269
C-WEU-LUX,brick,2075,recycling,0.9438130383104564
C-WEU-LUX,brick,2075,reuse,0
C-WEU-LUX,brick,2080,downcycling,0.05041692325007067
C-WEU-LUX,brick,2080,incineration,0
C-WEU-LUX,brick,2080,landfilling,0.00577003843947269
C-WEU-LUX,brick,2080,recycling,0.9438130383104564
C-WEU-LUX,brick,2080,reuse,0
C-WEU-LUX,brick,2085,downcycling,0.05041692325007067
C-WEU-LUX,brick,2085,incineration,0
C-WEU-LUX,brick,2085,landfilling,0.00577003843947269
C-WEU-LUX,brick,2085,recycling,0.9438130383104564
C-WEU-LUX,brick,2085,reuse,0
C-WEU-LUX,brick,2090,downcycling,0.05041692325007067
C-WEU-LUX,brick,2090,incineration,0
C-WEU-LUX,brick,2090,landfilling,0.00577003843947269
C-WEU-LUX,brick,2090,recycling,0.9438130383104564
C-WEU-LUX,brick,2090,reuse,0
C-WEU-LUX,brick,2095,downcycling,0.05041692325007067
C-WEU-LUX,brick,2095,incineration,0
C-WEU-LUX,brick,2095,landfilling,0.00577003843947269
C-WEU-LUX,brick,2095,recycling,0.9438130383104564
C-WEU-LUX,brick,2095,reuse,0
C-WEU-LUX,brick,2100,downcycling,0.05041692325007067
C-WEU-LUX,brick,2100,incineration,0
C-WEU-LUX,brick,2100,landfilling,0.00577003843947269
C-WEU-LUX,brick,2100,recycling,0.9438130383104564
C-WEU-LUX,brick,2100,reuse,0
C-WEU-LUX,concrete,2015,downcycling,0.05041692325007067
C-WEU-LUX,concrete,2015,incineration,0
C-WEU-LUX,concrete,2015,landfilling,0.00577003843947269
C-WEU-LUX,concrete,2015,recycling,0.9438130383104564
C-WEU-LUX,concrete,2015,reuse,0
C-WEU-LUX,concrete,2020,downcycling,0.05041692325007067
C-WEU-LUX,concrete,2020,incineration,0
C-WEU-LUX,concrete,2020,landfilling,0.00577003843947269
C-WEU-LUX,concrete,2020,recycling,0.9438130383104564
C-WEU-LUX,concrete,2020,reuse,0
C-WEU-LUX,concrete,2025,downcycling,0.05041692325007067
C-WEU-LUX,concrete,2025,incineration,0
C-WEU-LUX,concrete,2025,landfilling,0.00577003843947269
C-WEU-LUX,concrete,2025,recycling,0.9438130383104564
C-WEU-LUX,concrete,2025,reuse,0
C-WEU-LUX,concrete,2030,downcycling,0.05041692325007067
C-WEU-LUX,concrete,2030,incineration,0
C-WEU-LUX,concrete,2030,landfilling,0.00577003843947269
C-WEU-LUX,concrete,2030,recycling,0.9438130383104564
C-WEU-LUX,concrete,2030,reuse,0
C-WEU-LUX,concrete,2035,downcycling,0.05041692325007067
C-WEU-LUX,concrete,2035,incineration,0
C-WEU-LUX,concrete,2035,landfilling,0.00577003843947269
C-WEU-LUX,concrete,2035,recycling,0.9438130383104564
C-WEU-LUX,concrete,2035,reuse,0
C-WEU-LUX,concrete,2040,downcycling,0.05041692325007067
C-WEU-LUX,concrete,2040,incineration,0
C-WEU-LUX,concrete,2040,landfilling,0.00577003843947269
C-WEU-LUX,concrete,2040,recycling,0.9438130383104564
C-WEU-LUX,concrete,2040,reuse,0
C-WEU-LUX,concrete,2045,downcycling,0.05041692325007067
C-WEU-LUX,concrete,2045,incineration,0
C-WEU-LUX,concrete,2045,landfilling,0.00577003843947269
C-WEU-LUX,concrete,2045,recycling,0.9438130383104564
C-WEU-LUX,concrete,2045,reuse,0
C-WEU-LUX,concrete,2050,downcycling,0.05041692325007067
C-WEU-LUX,concrete,2050,incineration,0
C-WEU-LUX,concrete,2050,landfilling,0.00577003843947269
C-WEU-LUX,concrete,2050,recycling,0.9438130383104564
C-WEU-LUX,concrete,2050,reuse,0
C-WEU-LUX,concrete,2055,downcycling,0.05041692325007067
C-WEU-LUX,concrete,2055,incineration,0
C-WEU-LUX,concrete,2055,landfilling,0.00577003843947269
C-WEU-LUX,concrete,2055,recycling,0.9438130383104564
C-WEU-LUX,concrete,2055,reuse,0
C-WEU-LUX,concrete,2060,downcycling,0.05041692325007067
C-WEU-LUX,concrete,2060,incineration,0
C-WEU-LUX,concrete,2060,landfilling,0.00577003843947269
C-WEU-LUX,concrete,2060,recycling,0.9438130383104564
C-WEU-LUX,concrete,2060,reuse,0
C-WEU-LUX,concrete,2065,downcycling,0.05041692325007067
C-WEU-LUX,concrete,2065,incineration,0
C-WEU-LUX,concrete,2065,landfilling,0.00577003843947269
C-WEU-LUX,concrete,2065,recycling,0.9438130383104564
C-WEU-LUX,concrete,2065,reuse,0
C-WEU-LUX,concrete,2070,downcycling,0.05041692325007067
C-WEU-LUX,concrete,2070,incineration,0
C-WEU-LUX,concrete,2070,landfilling,0.00577003843947269
C-WEU-LUX,concrete,2070,recycling,0.9438130383104564
C-WEU-LUX,concrete,2070,reuse,0
C-WEU-LUX,concrete,2075,downcycling,0.05041692325007067
C-WEU-LUX,concrete,2075,incineration,0
C-WEU-LUX,concrete,2075,landfilling,0.00577003843947269
C-WEU-LUX,concrete,2075,recycling,0.9438130383104564
C-WEU-LUX,concrete,2075,reuse,0
C-WEU-LUX,concrete,2080,downcycling,0.05041692325007067
C-WEU-LUX,concrete,2080,incineration,0
C-WEU-LUX,concrete,2080,landfilling,0.00577003843947269
C-WEU-LUX,concrete,2080,recycling,0.9438130383104564
C-WEU-LUX,concrete,2080,reuse,0
C-WEU-LUX,concrete,2085,downcycling,0.05041692325007067
C-WEU-LUX,concrete,2085,incineration,0
C-WEU-LUX,concrete,2085,landfilling,0.00577003843947269
C-WEU-LUX,concrete,2085,recycling,0.9438130383104564
C-WEU-LUX,concrete,2085,reuse,0
C-WEU-LUX,concrete,2090,downcycling,0.05041692325007067
C-WEU-LUX,concrete,2090,incineration,0
C-WEU-LUX,concrete,2090,landfilling,0.00577003843947269
C-WEU-LUX,concrete,2090,recycling,0.9438130383104564
C-WEU-LUX,concrete,2090,reuse,0
C-WEU-LUX,concrete,2095,downcycling,0.05041692325007067
C-WEU-LUX,concrete,2095,incineration,0
C-WEU-LUX,concrete,2095,landfilling,0.00577003843947269
C-WEU-LUX,concrete,2095,recycling,0.9438130383104564
C-WEU-LUX,concrete,2095,reuse,0
C-WEU-LUX,concrete,2100,downcycling,0.05041692325007067
C-WEU-LUX,concrete,2100,incineration,0
C-WEU-LUX,concrete,2100,landfilling,0.00577003843947269
C-WEU-LUX,concrete,2100,recycling,0.9438130383104564
C-WEU-LUX,concrete,2100,reuse,0
C-WEU-LUX,copper,2015,downcycling,0
C-WEU-LUX,copper,2015,incineration,0
C-WEU-LUX,copper,2015,landfilling,0
C-WEU-LUX,copper,2015,recycling,1
C-WEU-LUX,copper,2015,reuse,0
C-WEU-LUX,copper,2020,downcycling,0
C-WEU-LUX,copper,2020,incineration,0
C-WEU-LUX,copper,2020,landfilling,0
C-WEU-LUX,copper,2020,recycling,1
C-WEU-LUX,copper,2020,reuse,0
C-WEU-LUX,copper,2025,downcycling,0
C-WEU-LUX,copper,2025,incineration,0
C-WEU-LUX,copper,2025,landfilling,0
C-WEU-LUX,copper,2025,recycling,1
C-WEU-LUX,copper,2025,reuse,0
C-WEU-LUX,copper,2030,downcycling,0
C-WEU-LUX,copper,2030,incineration,0
C-WEU-LUX,copper,2030,landfilling,0
C-WEU-LUX,copper,2030,recycling,1
C-WEU-LUX,copper,2030,reuse,0
C-WEU-LUX,copper,2035,downcycling,0
C-WEU-LUX,copper,2035,incineration,0
C-WEU-LUX,copper,2035,landfilling,0
C-WEU-LUX,copper,2035,recycling,1
C-WEU-LUX,copper,2035,reuse,0
C-WEU-LUX,copper,2040,downcycling,0
C-WEU-LUX,copper,2040,incineration,0
C-WEU-LUX,copper,2040,landfilling,0
C-WEU-LUX,copper,2040,recycling,1
C-WEU-LUX,copper,2040,reuse,0
C-WEU-LUX,copper,2045,downcycling,0
C-WEU-LUX,copper,2045,incineration,0
C-WEU-LUX,copper,2045,landfilling,0
C-WEU-LUX,copper,2045,recycling,1
C-WEU-LUX,copper,2045,reuse,0
C-WEU-LUX,copper,2050,downcycling,0
C-WEU-LUX,copper,2050,incineration,0
C-WEU-LUX,copper,2050,landfilling,0
C-WEU-LUX,copper,2050,recycling,1
C-WEU-LUX,copper,2050,reuse,0
C-WEU-LUX,copper,2055,downcycling,0
C-WEU-LUX,copper,2055,incineration,0
C-WEU-LUX,copper,2055,landfilling,0
C-WEU-LUX,copper,2055,recycling,1
C-WEU-LUX,copper,2055,reuse,0
C-WEU-LUX,copper,2060,downcycling,0
C-WEU-LUX,copper,2060,incineration,0
C-WEU-LUX,copper,2060,landfilling,0
C-WEU-LUX,copper,2060,recycling,1
C-WEU-LUX,copper,2060,reuse,0
C-WEU-LUX,copper,2065,downcycling,0
C-WEU-LUX,copper,2065,incineration,0
C-WEU-LUX,copper,2065,landfilling,0
C-WEU-LUX,copper,2065,recycling,1
C-WEU-LUX,copper,2065,reuse,0
C-WEU-LUX,copper,2070,downcycling,0
C-WEU-LUX,copper,2070,incineration,0
C-WEU-LUX,copper,2070,landfilling,0
C-WEU-LUX,copper,2070,recycling,1
C-WEU-LUX,copper,2070,reuse,0
C-WEU-LUX,copper,2075,downcycling,0
C-WEU-LUX,copper,2075,incineration,0
C-WEU-LUX,copper,2075,landfilling,0
C-WEU-LUX,copper,2075,recycling,1
C-WEU-LUX,copper,2075,reuse,0
C-WEU-LUX,copper,2080,downcycling,0
C-WEU-LUX,copper,2080,incineration,0
C-WEU-LUX,copper,2080,landfilling,0
C-WEU-LUX,copper,2080,recycling,1
C-WEU-LUX,copper,2080,reuse,0
C-WEU-LUX,copper,2085,downcycling,0
C-WEU-LUX,copper,2085,incineration,0
C-WEU-LUX,copper,2085,landfilling,0
C-WEU-LUX,copper,2085,recycling,1
C-WEU-LUX,copper,2085,reuse,0
C-WEU-LUX,copper,2090,downcycling,0
C-WEU-LUX,copper,2090,incineration,0
C-WEU-LUX,copper,2090,landfilling,0
C-WEU-LUX,copper,2090,recycling,1
C-WEU-LUX,copper,2090,reuse,0
C-WEU-LUX,copper,2095,downcycling,0
C-WEU-LUX,copper,2095,incineration,0
C-WEU-LUX,copper,2095,landfilling,0
C-WEU-LUX,copper,2095,recycling,1
C-WEU-LUX,copper,2095,reuse,0
C-WEU-LUX,copper,2100,downcycling,0
C-WEU-LUX,copper,2100,incineration,0
C-WEU-LUX,copper,2100,landfilling,0
C-WEU-LUX,copper,2100,recycling,1
C-WEU-LUX,copper,2100,reuse,0
C-WEU-LUX,glass,2015,downcycling,0.24
C-WEU-LUX,glass,2015,incineration,0
C-WEU-LUX,glass,2015,landfilling,0.7
C-WEU-LUX,glass,2015,recycling,0.06
C-WEU-LUX,glass,2015,reuse,0
C-WEU-LUX,glass,2020,downcycling,0.24
C-WEU-LUX,glass,2020,incineration,0
C-WEU-LUX,glass,2020,landfilling,0.7
C-WEU-LUX,glass,2020,recycling,0.06
C-WEU-LUX,glass,2020,reuse,0
C-WEU-LUX,glass,2025,downcycling,0.24
C-WEU-LUX,glass,2025,incineration,0
C-WEU-LUX,glass,2025,landfilling,0.7
C-WEU-LUX,glass,2025,recycling,0.06
C-WEU-LUX,glass,2025,reuse,0
C-WEU-LUX,glass,2030,downcycling,0.24
C-WEU-LUX,glass,2030,incineration,0
C-WEU-LUX,glass,2030,landfilling,0.7
C-WEU-LUX,glass,2030,recycling,0.06
C-WEU-LUX,glass,2030,reuse,0
C-WEU-LUX,glass,2035,downcycling,0.24
C-WEU-LUX,glass,2035,incineration,0
C-WEU-LUX,glass,2035,landfilling,0.7
C-WEU-LUX,glass,2035,recycling,0.06
C-WEU-LUX,glass,2035,reuse,0
C-WEU-LUX,glass,2040,downcycling,0.24
C-WEU-LUX,glass,2040,incineration,0
C-WEU-LUX,glass,2040,landfilling,0.7
C-WEU-LUX,glass,2040,recycling,0.06
C-WEU-LUX,glass,2040,reuse,0
C-WEU-LUX,glass,2045,downcycling,0.24
C-WEU-LUX,glass,2045,incineration,0
C-WEU-LUX,glass,2045,landfilling,0.7
C-WEU-LUX,glass,2045,recycling,0.06
C-WEU-LUX,glass,2045,reuse,0
C-WEU-LUX,glass,2050,downcycling,0.24
C-WEU-LUX,glass,2050,incineration,0
C-WEU-LUX,glass,2050,landfilling,0.7
C-WEU-LUX,glass,2050,recycling,0.06
C-WEU-LUX,glass,2050,reuse,0
C-WEU-LUX,glass,2055,downcycling,0.24
C-WEU-LUX,glass,2055,incineration,0
C-WEU-LUX,glass,2055,landfilling,0.7
C-WEU-LUX,glass,2055,recycling,0.06
C-WEU-LUX,glass,2055,reuse,0
C-WEU-LUX,glass,2060,downcycling,0.24
C-WEU-LUX,glass,2060,incineration,0
C-WEU-LUX,glass,2060,landfilling,0.7
C-WEU-LUX,glass,2060,recycling,0.06
C-WEU-LUX,glass,2060,reuse,0
C-WEU-LUX,glass,2065,downcycling,0.24
C-WEU-LUX,glass,2065,incineration,0
C-WEU-LUX,glass,2065,landfilling,0.7
C-WEU-LUX,glass,2065,recycling,0.06
C-WEU-LUX,glass,2065,reuse,0
C-WEU-LUX,glass,2070,downcycling,0.24
C-WEU-LUX,glass,2070,incineration,0
C-WEU-LUX,glass,2070,landfilling,0.7
C-WEU-LUX,glass,2070,recycling,0.06
C-WEU-LUX,glass,2070,reuse,0
C-WEU-LUX,glass,2075,downcycling,0.24
C-WEU-LUX,glass,2075,incineration,0
C-WEU-LUX,glass,2075,landfilling,0.7
C-WEU-LUX,glass,2075,recycling,0.06
C-WEU-LUX,glass,2075,reuse,0
C-WEU-LUX,glass,2080,downcycling,0.24
C-WEU-LUX,glass,2080,incineration,0
C-WEU-LUX,glass,2080,landfilling,0.7
C-WEU-LUX,glass,2080,recycling,0.06
C-WEU-LUX,glass,2080,reuse,0
C-WEU-LUX,glass,2085,downcycling,0.24
C-WEU-LUX,glass,2085,incineration,0
C-WEU-LUX,glass,2085,landfilling,0.7
C-WEU-LUX,glass,2085,recycling,0.06
C-WEU-LUX,glass,2085,reuse,0
C-WEU-LUX,glass,2090,downcycling,0.24
C-WEU-LUX,glass,2090,incineration,0
C-WEU-LUX,glass,2090,landfilling,0.7
C-WEU-LUX,glass,2090,recycling,0.06
C-WEU-LUX,glass,2090,reuse,0
C-WEU-LUX,glass,2095,downcycling,0.24
C-WEU-LUX,glass,2095,incineration,0
C-WEU-LUX,glass,2095,landfilling,0.7
C-WEU-LUX,glass,2095,recycling,0.06
C-WEU-LUX,glass,2095,reuse,0
C-WEU-LUX,glass,2100,downcycling,0.24
C-WEU-LUX,glass,2100,incineration,0
C-WEU-LUX,glass,2100,landfilling,0.7
C-WEU-LUX,glass,2100,recycling,0.06
C-WEU-LUX,glass,2100,reuse,0
C-WEU-LUX,steel,2015,downcycling,0
C-WEU-LUX,steel,2015,incineration,0
C-WEU-LUX,steel,2015,landfilling,5.196454398565372e-4
C-WEU-LUX,steel,2015,recycling,0.9994803545601436
C-WEU-LUX,steel,2015,reuse,0
C-WEU-LUX,steel,2020,downcycling,0
C-WEU-LUX,steel,2020,incineration,0
C-WEU-LUX,steel,2020,landfilling,5.196454398565372e-4
C-WEU-LUX,steel,2020,recycling,0.9994803545601436
C-WEU-LUX,steel,2020,reuse,0
C-WEU-LUX,steel,2025,downcycling,0
C-WEU-LUX,steel,2025,incineration,0
C-WEU-LUX,steel,2025,landfilling,5.196454398565372e-4
C-WEU-LUX,steel,2025,recycling,0.9994803545601436
C-WEU-LUX,steel,2025,reuse,0
C-WEU-LUX,steel,2030,downcycling,0
C-WEU-LUX,steel,2030,incineration,0
C-WEU-LUX,steel,2030,landfilling,5.196454398565372e-4
C-WEU-LUX,steel,2030,recycling,0.9994803545601436
C-WEU-LUX,steel,2030,reuse,0
C-WEU-LUX,steel,2035,downcycling,0
C-WEU-LUX,steel,2035,incineration,0
C-WEU-LUX,steel,2035,landfilling,5.196454398565372e-4
C-WEU-LUX,steel,2035,recycling,0.9994803545601436
C-WEU-LUX,steel,2035,reuse,0
C-WEU-LUX,steel,2040,downcycling,0
C-WEU-LUX,steel,2040,incineration,0
C-WEU-LUX,steel,2040,landfilling,5.196454398565372e-4
C-WEU-LUX,steel,2040,recycling,0.9994803545601436
C-WEU-LUX,steel,2040,reuse,0
C-WEU-LUX,steel,2045,downcycling,0
C-WEU-LUX,steel,2045,incineration,0
C-WEU-LUX,steel,2045,landfilling,5.196454398565372e-4
C-WEU-LUX,steel,2045,recycling,0.9994803545601436
C-WEU-LUX,steel,2045,reuse,0
C-WEU-LUX,steel,2050,downcycling,0
C-WEU-LUX,steel,2050,incineration,0
C-WEU-LUX,steel,2050,landfilling,5.196454398565372e-4
C-WEU-LUX,steel,2050,recycling,0.9994803545601436
C-WEU-LUX,steel,2050,reuse,0
C-WEU-LUX,steel,2055,downcycling,0
C-WEU-LUX,steel,2055,incineration,0
C-WEU-LUX,steel,2055,landfilling,5.196454398565372e-4
C-WEU-LUX,steel,2055,recycling,0.9994803545601436
C-WEU-LUX,steel,2055,reuse,0
C-WEU-LUX,steel,2060,downcycling,0
C-WEU-LUX,steel,2060,incineration,0
C-WEU-LUX,steel,2060,landfilling,5.196454398565372e-4
C-WEU-LUX,steel,2060,recycling,0.9994803545601436
C-WEU-LUX,steel,2060,reuse,0
C-WEU-LUX,steel,2065,downcycling,0
C-WEU-LUX,steel,2065,incineration,0
C-WEU-LUX,steel,2065,landfilling,5.196454398565372e-4
C-WEU-LUX,steel,2065,recycling,0.9994803545601436
C-WEU-LUX,steel,2065,reuse,0
C-WEU-LUX,steel,2070,downcycling,0
C-WEU-LUX,steel,2070,incineration,0
C-WEU-LUX,steel,2070,landfilling,5.196454398565372e-4
C-WEU-LUX,steel,2070,recycling,0.9994803545601436
C-WEU-LUX,steel,2070,reuse,0
C-WEU-LUX,steel,2075,downcycling,0
C-WEU-LUX,steel,2075,incineration,0
C-WEU-LUX,steel,2075,landfilling,5.196454398565372e-4
C-WEU-LUX,steel,2075,recycling,0.9994803545601436
C-WEU-LUX,steel,2075,reuse,0
C-WEU-LUX,steel,2080,downcycling,0
C-WEU-LUX,steel,2080,incineration,0
C-WEU-LUX,steel,2080,landfilling,5.196454398565372e-4
C-WEU-LUX,steel,2080,recycling,0.9994803545601436
C-WEU-LUX,steel,2080,reuse,0
C-WEU-LUX,steel,2085,downcycling,0
C-WEU-LUX,steel,2085,incineration,0
C-WEU-LUX,steel,2085,landfilling,5.196454398565372e-4
C-WEU-LUX,steel,2085,recycling,0.9994803545601436
C-WEU-LUX,steel,2085,reuse,0
C-WEU-LUX,steel,2090,downcycling,0
C-WEU-LUX,steel,2090,incineration,0
C-WEU-LUX,steel,2090,landfilling,5.196454398565372e-4
C-WEU-LUX,steel,2090,recycling,0.9994803545601436
C-WEU-LUX,steel,2090,reuse,0
C-WEU-LUX,steel,2095,downcycling,0
C-WEU-LUX,steel,2095,incineration,0
C-WEU-LUX,steel,2095,landfilling,5.196454398565372e-4
C-WEU-LUX,steel,2095,recycling,0.9994803545601436
C-WEU-LUX,steel,2095,reuse,0
C-WEU-LUX,steel,2100,downcycling,0
C-WEU-LUX,steel,2100,incineration,0
C-WEU-LUX,steel,2100,landfilling,5.196454398565372e-4
C-WEU-LUX,steel,2100,recycling,0.9994803545601436
C-WEU-LUX,steel,2100,reuse,0
C-WEU-LUX,wood,2015,downcycling,0
C-WEU-LUX,wood,2015,incineration,0.64
C-WEU-LUX,wood,2015,landfilling,0.06
C-WEU-LUX,wood,2015,recycling,0.3
C-WEU-LUX,wood,2015,reuse,0
C-WEU-LUX,wood,2020,downcycling,0
C-WEU-LUX,wood,2020,incineration,0.64
C-WEU-LUX,wood,2020,landfilling,0.06
C-WEU-LUX,wood,2020,recycling,0.3
C-WEU-LUX,wood,2020,reuse,0
C-WEU-LUX,wood,2025,downcycling,0
C-WEU-LUX,wood,2025,incineration,0.64
C-WEU-LUX,wood,2025,landfilling,0.06
C-WEU-LUX,wood,2025,recycling,0.3
C-WEU-LUX,wood,2025,reuse,0
C-WEU-LUX,wood,2030,downcycling,0
C-WEU-LUX,wood,2030,incineration,0.64
C-WEU-LUX,wood,2030,landfilling,0.06
C-WEU-LUX,wood,2030,recycling,0.3
C-WEU-LUX,wood,2030,reuse,0
C-WEU-LUX,wood,2035,downcycling,0
C-WEU-LUX,wood,2035,incineration,0.64
C-WEU-LUX,wood,2035,landfilling,0.06
C-WEU-LUX,wood,2035,recycling,0.3
C-WEU-LUX,wood,2035,reuse,0
C-WEU-LUX,wood,2040,downcycling,0
C-WEU-LUX,wood,2040,incineration,0.64
C-WEU-LUX,wood,2040,landfilling,0.06
C-WEU-LUX,wood,2040,recycling,0.3
C-WEU-LUX,wood,2040,reuse,0
C-WEU-LUX,wood,2045,downcycling,0
C-WEU-LUX,wood,2045,incineration,0.64
C-WEU-LUX,wood,2045,landfilling,0.06
C-WEU-LUX,wood,2045,recycling,0.3
C-WEU-LUX,wood,2045,reuse,0
C-WEU-LUX,wood,2050,downcycling,0
C-WEU-LUX,wood,2050,incineration,0.64
C-WEU-LUX,wood,2050,landfilling,0.06
C-WEU-LUX,wood,2050,recycling,0.3
C-WEU-LUX,wood,2050,reuse,0
C-WEU-LUX,wood,2055,downcycling,0
C-WEU-LUX,wood,2055,incineration,0.64
C-WEU-LUX,wood,2055,landfilling,0.06
C-WEU-LUX,wood,2055,recycling,0.3
C-WEU-LUX,wood,2055,reuse,0
C-WEU-LUX,wood,2060,downcycling,0
C-WEU-LUX,wood,2060,incineration,0.64
C-WEU-LUX,wood,2060,landfilling,0.06
C-WEU-LUX,wood,2060,recycling,0.3
C-WEU-LUX,wood,2060,reuse,0
C-WEU-LUX,wood,2065,downcycling,0
C-WEU-LUX,wood,2065,incineration,0.64
C-WEU-LUX,wood,2065,landfilling,0.06
C-WEU-LUX,wood,2065,recycling,0.3
C-WEU-LUX,wood,2065,reuse,0
C-WEU-LUX,wood,2070,downcycling,0
C-WEU-LUX,wood,2070,incineration,0.64
C-WEU-LUX,wood,2070,landfilling,0.06
C-WEU-LUX,wood,2070,recycling,0.3
C-WEU-LUX,wood,2070,reuse,0
C-WEU-LUX,wood,2075,downcycling,0
C-WEU-LUX,wood,2075,incineration,0.64
C-WEU-LUX,wood,2075,landfilling,0.06
C-WEU-LUX,wood,2075,recycling,0.3
C-WEU-LUX,wood,2075,reuse,0
C-WEU-LUX,wood,2080,downcycling,0
C-WEU-LUX,wood,2080,incineration,0.64
C-WEU-LUX,wood,2080,landfilling,0.06
C-WEU-LUX,wood,2080,recycling,0.3
C-WEU-LUX,wood,2080,reuse,0
C-WEU-LUX,wood,2085,downcycling,0
C-WEU-LUX,wood,2085,incineration,0.64
C-WEU-LUX,wood,2085,landfilling,0.06
C-WEU-LUX,wood,2085,recycling,0.3
C-WEU-LUX,wood,2085,reuse,0
C-WEU-LUX,wood,2090,downcycling,0
C-WEU-LUX,wood,2090,incineration,0.64
C-WEU-LUX,wood,2090,landfilling,0.06
C-WEU-LUX,wood,2090,recycling,0.3
C-WEU-LUX,wood,2090,reuse,0
C-WEU-LUX,wood,2095,downcycling,0
C-WEU-LUX,wood,2095,incineration,0.64
C-WEU-LUX,wood,2095,landfilling,0.06
C-WEU-LUX,wood,2095,recycling,0.3
C-WEU-LUX,wood,2095,reuse,0
C-WEU-LUX,wood,2100,downcycling,0
C-WEU-LUX,wood,2100,incineration,0.64
C-WEU-LUX,wood,2100,landfilling,0.06
C-WEU-LUX,wood,2100,recycling,0.3
C-WEU-LUX,wood,2100,reuse,0
C-WEU-MLT,aluminum,2015,downcycling,0
C-WEU-MLT,aluminum,2015,incineration,4.4345923965620346e-5
C-WEU-MLT,aluminum,2015,landfilling,0.00200464066190462
C-WEU-MLT,aluminum,2015,recycling,0.9979510134141296
C-WEU-MLT,aluminum,2015,reuse,0
C-WEU-MLT,aluminum,2020,downcycling,0
C-WEU-MLT,aluminum,2020,incineration,4.4345923965620346e-5
C-WEU-MLT,aluminum,2020,landfilling,0.00200464066190462
C-WEU-MLT,aluminum,2020,recycling,0.9979510134141296
C-WEU-MLT,aluminum,2020,reuse,0
C-WEU-MLT,aluminum,2025,downcycling,0
C-WEU-MLT,aluminum,2025,incineration,4.4345923965620346e-5
C-WEU-MLT,aluminum,2025,landfilling,0.00200464066190462
C-WEU-MLT,aluminum,2025,recycling,0.9979510134141296
C-WEU-MLT,aluminum,2025,reuse,0
C-WEU-MLT,aluminum,2030,downcycling,0
C-WEU-MLT,aluminum,2030,incineration,4.4345923965620346e-5
C-WEU-MLT,aluminum,2030,landfilling,0.00200464066190462
C-WEU-MLT,aluminum,2030,recycling,0.9979510134141296
C-WEU-MLT,aluminum,2030,reuse,0
C-WEU-MLT,aluminum,2035,downcycling,0
C-WEU-MLT,aluminum,2035,incineration,4.4345923965620346e-5
C-WEU-MLT,aluminum,2035,landfilling,0.00200464066190462
C-WEU-MLT,aluminum,2035,recycling,0.9979510134141296
C-WEU-MLT,aluminum,2035,reuse,0
C-WEU-MLT,aluminum,2040,downcycling,0
C-WEU-MLT,aluminum,2040,incineration,4.4345923965620346e-5
C-WEU-MLT,aluminum,2040,landfilling,0.00200464066190462
C-WEU-MLT,aluminum,2040,recycling,0.9979510134141296
C-WEU-MLT,aluminum,2040,reuse,0
C-WEU-MLT,aluminum,2045,downcycling,0
C-WEU-MLT,aluminum,2045,incineration,4.4345923965620346e-5
C-WEU-MLT,aluminum,2045,landfilling,0.00200464066190462
C-WEU-MLT,aluminum,2045,recycling,0.9979510134141296
C-WEU-MLT,aluminum,2045,reuse,0
C-WEU-MLT,aluminum,2050,downcycling,0
C-WEU-MLT,aluminum,2050,incineration,4.4345923965620346e-5
C-WEU-MLT,aluminum,2050,landfilling,0.00200464066190462
C-WEU-MLT,aluminum,2050,recycling,0.9979510134141296
C-WEU-MLT,aluminum,2050,reuse,0
C-WEU-MLT,aluminum,2055,downcycling,0
C-WEU-MLT,aluminum,2055,incineration,4.4345923965620346e-5
C-WEU-MLT,aluminum,2055,landfilling,0.00200464066190462
C-WEU-MLT,aluminum,2055,recycling,0.9979510134141296
C-WEU-MLT,aluminum,2055,reuse,0
C-WEU-MLT,aluminum,2060,downcycling,0
C-WEU-MLT,aluminum,2060,incineration,4.4345923965620346e-5
C-WEU-MLT,aluminum,2060,landfilling,0.00200464066190462
C-WEU-MLT,aluminum,2060,recycling,0.9979510134141296
C-WEU-MLT,aluminum,2060,reuse,0
C-WEU-MLT,aluminum,2065,downcycling,0
C-WEU-MLT,aluminum,2065,incineration,4.4345923965620346e-5
C-WEU-MLT,aluminum,2065,landfilling,0.00200464066190462
C-WEU-MLT,aluminum,2065,recycling,0.9979510134141296
C-WEU-MLT,aluminum,2065,reuse,0
C-WEU-MLT,aluminum,2070,downcycling,0
C-WEU-MLT,aluminum,2070,incineration,4.4345923965620346e-5
C-WEU-MLT,aluminum,2070,landfilling,0.00200464066190462
C-WEU-MLT,aluminum,2070,recycling,0.9979510134141296
C-WEU-MLT,aluminum,2070,reuse,0
C-WEU-MLT,aluminum,2075,downcycling,0
C-WEU-MLT,aluminum,2075,incineration,4.4345923965620346e-5
C-WEU-MLT,aluminum,2075,landfilling,0.00200464066190462
C-WEU-MLT,aluminum,2075,recycling,0.9979510134141296
C-WEU-MLT,aluminum,2075,reuse,0
C-WEU-MLT,aluminum,2080,downcycling,0
C-WEU-MLT,aluminum,2080,incineration,4.4345923965620346e-5
C-WEU-MLT,aluminum,2080,landfilling,0.00200464066190462
C-WEU-MLT,aluminum,2080,recycling,0.9979510134141296
C-WEU-MLT,aluminum,2080,reuse,0
C-WEU-MLT,aluminum,2085,downcycling,0
C-WEU-MLT,aluminum,2085,incineration,4.4345923965620346e-5
C-WEU-MLT,aluminum,2085,landfilling,0.00200464066190462
C-WEU-MLT,aluminum,2085,recycling,0.9979510134141296
C-WEU-MLT,aluminum,2085,reuse,0
C-WEU-MLT,aluminum,2090,downcycling,0
C-WEU-MLT,aluminum,2090,incineration,4.4345923965620346e-5
C-WEU-MLT,aluminum,2090,landfilling,0.00200464066190462
C-WEU-MLT,aluminum,2090,recycling,0.9979510134141296
C-WEU-MLT,aluminum,2090,reuse,0
C-WEU-MLT,aluminum,2095,downcycling,0
C-WEU-MLT,aluminum,2095,incineration,4.4345923965620346e-5
C-WEU-MLT,aluminum,2095,landfilling,0.00200464066190462
C-WEU-MLT,aluminum,2095,recycling,0.9979510134141296
C-WEU-MLT,aluminum,2095,reuse,0
C-WEU-MLT,aluminum,2100,downcycling,0
C-WEU-MLT,aluminum,2100,incineration,4.4345923965620346e-5
C-WEU-MLT,aluminum,2100,landfilling,0.00200464066190462
C-WEU-MLT,aluminum,2100,recycling,0.9979510134141296
C-WEU-MLT,aluminum,2100,reuse,0
C-WEU-MLT,brick,2015,downcycling,0.32744253207962887
C-WEU-MLT,brick,2015,incineration,0
C-WEU-MLT,brick,2015,landfilling,1.9395180685503268e-6
C-WEU-MLT,brick,2015,recycling,0.6725555284023026
C-WEU-MLT,brick,2015,reuse,0
C-WEU-MLT,brick,2020,downcycling,0.32744253207962887
C-WEU-MLT,brick,2020,incineration,0
C-WEU-MLT,brick,2020,landfilling,1.9395180685503268e-6
C-WEU-MLT,brick,2020,recycling,0.6725555284023026
C-WEU-MLT,brick,2020,reuse,0
C-WEU-MLT,brick,2025,downcycling,0.32744253207962887
C-WEU-MLT,brick,2025,incineration,0
C-WEU-MLT,brick,2025,landfilling,1.9395180685503268e-6
C-WEU-MLT,brick,2025,recycling,0.6725555284023026
C-WEU-MLT,brick,2025,reuse,0
C-WEU-MLT,brick,2030,downcycling,0.32744253207962887
C-WEU-MLT,brick,2030,incineration,0
C-WEU-MLT,brick,2030,landfilling,1.9395180685503268e-6
C-WEU-MLT,brick,2030,recycling,0.6725555284023026
C-WEU-MLT,brick,2030,reuse,0
C-WEU-MLT,brick,2035,downcycling,0.32744253207962887
C-WEU-MLT,brick,2035,incineration,0
C-WEU-MLT,brick,2035,landfilling,1.9395180685503268e-6
C-WEU-MLT,brick,2035,recycling,0.6725555284023026
C-WEU-MLT,brick,2035,reuse,0
C-WEU-MLT,brick,2040,downcycling,0.32744253207962887
C-WEU-MLT,brick,2040,incineration,0
C-WEU-MLT,brick,2040,landfilling,1.9395180685503268e-6
C-WEU-MLT,brick,2040,recycling,0.6725555284023026
C-WEU-MLT,brick,2040,reuse,0
C-WEU-MLT,brick,2045,downcycling,0.32744253207962887
C-WEU-MLT,brick,2045,incineration,0
C-WEU-MLT,brick,2045,landfilling,1.9395180685503268e-6
C-WEU-MLT,brick,2045,recycling,0.6725555284023026
C-WEU-MLT,brick,2045,reuse,0
C-WEU-MLT,brick,2050,downcycling,0.32744253207962887
C-WEU-MLT,brick,2050,incineration,0
C-WEU-MLT,brick,2050,landfilling,1.9395180685503268e-6
C-WEU-MLT,brick,2050,recycling,0.6725555284023026
C-WEU-MLT,brick,2050,reuse,0
C-WEU-MLT,brick,2055,downcycling,0.32744253207962887
C-WEU-MLT,brick,2055,incineration,0
C-WEU-MLT,brick,2055,landfilling,1.9395180685503268e-6
C-WEU-MLT,brick,2055,recycling,0.6725555284023026
C-WEU-MLT,brick,2055,reuse,0
C-WEU-MLT,brick,2060,downcycling,0.32744253207962887
C-WEU-MLT,brick,2060,incineration,0
C-WEU-MLT,brick,2060,landfilling,1.9395180685503268e-6
C-WEU-MLT,brick,2060,recycling,0.6725555284023026
C-WEU-MLT,brick,2060,reuse,0
C-WEU-MLT,brick,2065,downcycling,0.32744253207962887
C-WEU-MLT,brick,2065,incineration,0
C-WEU-MLT,brick,2065,landfilling,1.9395180685503268e-6
C-WEU-MLT,brick,2065,recycling,0.6725555284023026
C-WEU-MLT,brick,2065,reuse,0
C-WEU-MLT,brick,2070,downcycling,0.32744253207962887
C-WEU-MLT,brick,2070,incineration,0
C-WEU-MLT,brick,2070,landfilling,1.9395180685503268e-6
C-WEU-MLT,brick,2070,recycling,0.6725555284023026
C-WEU-MLT,brick,2070,reuse,0
C-WEU-MLT,brick,2075,downcycling,0.32744253207962887
C-WEU-MLT,brick,2075,incineration,0
C-WEU-MLT,brick,2075,landfilling,1.9395180685503268e-6
C-WEU-MLT,brick,2075,recycling,0.6725555284023026
C-WEU-MLT,brick,2075,reuse,0
C-WEU-MLT,brick,2080,downcycling,0.32744253207962887
C-WEU-MLT,brick,2080,incineration,0
C-WEU-MLT,brick,2080,landfilling,1.9395180685503268e-6
C-WEU-MLT,brick,2080,recycling,0.6725555284023026
C-WEU-MLT,brick,2080,reuse,0
C-WEU-MLT,brick,2085,downcycling,0.32744253207962887
C-WEU-MLT,brick,2085,incineration,0
C-WEU-MLT,brick,2085,landfilling,1.9395180685503268e-6
C-WEU-MLT,brick,2085,recycling,0.6725555284023026
C-WEU-MLT,brick,2085,reuse,0
C-WEU-MLT,brick,2090,downcycling,0.32744253207962887
C-WEU-MLT,brick,2090,incineration,0
C-WEU-MLT,brick,2090,landfilling,1.9395180685503268e-6
C-WEU-MLT,brick,2090,recycling,0.6725555284023026
C-WEU-MLT,brick,2090,reuse,0
C-WEU-MLT,brick,2095,downcycling,0.32744253207962887
C-WEU-MLT,brick,2095,incineration,0
C-WEU-MLT,brick,2095,landfilling,1.9395180685503268e-6
C-WEU-MLT,brick,2095,recycling,0.6725555284023026
C-WEU-MLT,brick,2095,reuse,0
C-WEU-MLT,brick,2100,downcycling,0.32744253207962887
C-WEU-MLT,brick,2100,incineration,0
C-WEU-MLT,brick,2100,landfilling,1.9395180685503268e-6
C-WEU-MLT,brick,2100,recycling,0.6725555284023026
C-WEU-MLT,brick,2100,reuse,0
C-WEU-MLT,concrete,2015,downcycling,0.32744253207962887
C-WEU-MLT,concrete,2015,incineration,0
C-WEU-MLT,concrete,2015,landfilling,1.9395180685503268e-6
C-WEU-MLT,concrete,2015,recycling,0.6725555284023026
C-WEU-MLT,concrete,2015,reuse,0
C-WEU-MLT,concrete,2020,downcycling,0.32744253207962887
C-WEU-MLT,concrete,2020,incineration,0
C-WEU-MLT,concrete,2020,landfilling,1.9395180685503268e-6
C-WEU-MLT,concrete,2020,recycling,0.6725555284023026
C-WEU-MLT,concrete,2020,reuse,0
C-WEU-MLT,concrete,2025,downcycling,0.32744253207962887
C-WEU-MLT,concrete,2025,incineration,0
C-WEU-MLT,concrete,2025,landfilling,1.9395180685503268e-6
C-WEU-MLT,concrete,2025,recycling,0.6725555284023026
C-WEU-MLT,concrete,2025,reuse,0
C-WEU-MLT,concrete,2030,downcycling,0.32744253207962887
C-WEU-MLT,concrete,2030,incineration,0
C-WEU-MLT,concrete,2030,landfilling,1.9395180685503268e-6
C-WEU-MLT,concrete,2030,recycling,0.6725555284023026
C-WEU-MLT,concrete,2030,reuse,0
C-WEU-MLT,concrete,2035,downcycling,0.32744253207962887
C-WEU-MLT,concrete,2035,incineration,0
C-WEU-MLT,concrete,2035,landfilling,1.9395180685503268e-6
C-WEU-MLT,concrete,2035,recycling,0.6725555284023026
C-WEU-MLT,concrete,2035,reuse,0
C-WEU-MLT,concrete,2040,downcycling,0.32744253207962887
C-WEU-MLT,concrete,2040,incineration,0
C-WEU-MLT,concrete,2040,landfilling,1.9395180685503268e-6
C-WEU-MLT,concrete,2040,recycling,0.6725555284023026
C-WEU-MLT,concrete,2040,reuse,0
C-WEU-MLT,concrete,2045,downcycling,0.32744253207962887
C-WEU-MLT,concrete,2045,incineration,0
C-WEU-MLT,concrete,2045,landfilling,1.9395180685503268e-6
C-WEU-MLT,concrete,2045,recycling,0.6725555284023026
C-WEU-MLT,concrete,2045,reuse,0
C-WEU-MLT,concrete,2050,downcycling,0.32744253207962887
C-WEU-MLT,concrete,2050,incineration,0
C-WEU-MLT,concrete,2050,landfilling,1.9395180685503268e-6
C-WEU-MLT,concrete,2050,recycling,0.6725555284023026
C-WEU-MLT,concrete,2050,reuse,0
C-WEU-MLT,concrete,2055,downcycling,0.32744253207962887
C-WEU-MLT,concrete,2055,incineration,0
C-WEU-MLT,concrete,2055,landfilling,1.9395180685503268e-6
C-WEU-MLT,concrete,2055,recycling,0.6725555284023026
C-WEU-MLT,concrete,2055,reuse,0
C-WEU-MLT,concrete,2060,downcycling,0.32744253207962887
C-WEU-MLT,concrete,2060,incineration,0
C-WEU-MLT,concrete,2060,landfilling,1.9395180685503268e-6
C-WEU-MLT,concrete,2060,recycling,0.6725555284023026
C-WEU-MLT,concrete,2060,reuse,0
C-WEU-MLT,concrete,2065,downcycling,0.32744253207962887
C-WEU-MLT,concrete,2065,incineration,0
C-WEU-MLT,concrete,2065,landfilling,1.9395180685503268e-6
C-WEU-MLT,concrete,2065,recycling,0.6725555284023026
C-WEU-MLT,concrete,2065,reuse,0
C-WEU-MLT,concrete,2070,downcycling,0.32744253207962887
C-WEU-MLT,concrete,2070,incineration,0
C-WEU-MLT,concrete,2070,landfilling,1.9395180685503268e-6
C-WEU-MLT,concrete,2070,recycling,0.6725555284023026
C-WEU-MLT,concrete,2070,reuse,0
C-WEU-MLT,concrete,2075,downcycling,0.32744253207962887
C-WEU-MLT,concrete,2075,incineration,0
C-WEU-MLT,concrete,2075,landfilling,1.9395180685503268e-6
C-WEU-MLT,concrete,2075,recycling,0.6725555284023026
C-WEU-MLT,concrete,2075,reuse,0
C-WEU-MLT,concrete,2080,downcycling,0.32744253207962887
C-WEU-MLT,concrete,2080,incineration,0
C-WEU-MLT,concrete,2080,landfilling,1.9395180685503268e-6
C-WEU-MLT,concrete,2080,recycling,0.6725555284023026
C-WEU-MLT,concrete,2080,reuse,0
C-WEU-MLT,concrete,2085,downcycling,0.32744253207962887
C-WEU-MLT,concrete,2085,incineration,0
C-WEU-MLT,concrete,2085,landfilling,1.9395180685503268e-6
C-WEU-MLT,concrete,2085,recycling,0.6725555284023026
C-WEU-MLT,concrete,2085,reuse,0
C-WEU-MLT,concrete,2090,downcycling,0.32744253207962887
C-WEU-MLT,concrete,2090,incineration,0
C-WEU-MLT,concrete,2090,landfilling,1.9395180685503268e-6
C-WEU-MLT,concrete,2090,recycling,0.6725555284023026
C-WEU-MLT,concrete,2090,reuse,0
C-WEU-MLT,concrete,2095,downcycling,0.32744253207962887
C-WEU-MLT,concrete,2095,incineration,0
C-WEU-MLT,concrete,2095,landfilling,1.9395180685503268e-6
C-WEU-MLT,concrete,2095,recycling,0.6725555284023026
C-WEU-MLT,concrete,2095,reuse,0
C-WEU-MLT,concrete,2100,downcycling,0.32744253207962887
C-WEU-MLT,concrete,2100,incineration,0
C-WEU-MLT,concrete,2100,landfilling,1.9395180685503268e-6
C-WEU-MLT,concrete,2100,recycling,0.6725555284023026
C-WEU-MLT,concrete,2100,reuse,0
C-WEU-MLT,copper,2015,downcycling,0
C-WEU-MLT,copper,2015,incineration,4.4345923965620346e-5
C-WEU-MLT,copper,2015,landfilling,0.00200464066190462
C-WEU-MLT,copper,2015,recycling,0.9979510134141296
C-WEU-MLT,copper,2015,reuse,0
C-WEU-MLT,copper,2020,downcycling,0
C-WEU-MLT,copper,2020,incineration,4.4345923965620346e-5
C-WEU-MLT,copper,2020,landfilling,0.00200464066190462
C-WEU-MLT,copper,2020,recycling,0.9979510134141296
C-WEU-MLT,copper,2020,reuse,0
C-WEU-MLT,copper,2025,downcycling,0
C-WEU-MLT,copper,2025,incineration,4.4345923965620346e-5
C-WEU-MLT,copper,2025,landfilling,0.00200464066190462
C-WEU-MLT,copper,2025,recycling,0.9979510134141296
C-WEU-MLT,copper,2025,reuse,0
C-WEU-MLT,copper,2030,downcycling,0
C-WEU-MLT,copper,2030,incineration,4.4345923965620346e-5
C-WEU-MLT,copper,2030,landfilling,0.00200464066190462
C-WEU-MLT,copper,2030,recycling,0.9979510134141296
C-WEU-MLT,copper,2030,reuse,0
C-WEU-MLT,copper,2035,downcycling,0
C-WEU-MLT,copper,2035,incineration,4.4345923965620346e-5
C-WEU-MLT,copper,2035,landfilling,0.00200464066190462
C-WEU-MLT,copper,2035,recycling,0.9979510134141296
C-WEU-MLT,copper,2035,reuse,0
C-WEU-MLT,copper,2040,downcycling,0
C-WEU-MLT,copper,2040,incineration,4.4345923965620346e-5
C-WEU-MLT,copper,2040,landfilling,0.00200464066190462
C-WEU-MLT,copper,2040,recycling,0.9979510134141296
C-WEU-MLT,copper,2040,reuse,0
C-WEU-MLT,copper,2045,downcycling,0
C-WEU-MLT,copper,2045,incineration,4.4345923965620346e-5
C-WEU-MLT,copper,2045,landfilling,0.00200464066190462
C-WEU-MLT,copper,2045,recycling,0.9979510134141296
C-WEU-MLT,copper,2045,reuse,0
C-WEU-MLT,copper,2050,downcycling,0
C-WEU-MLT,copper,2050,incineration,4.4345923965620346e-5
C-WEU-MLT,copper,2050,landfilling,0.00200464066190462
C-WEU-MLT,copper,2050,recycling,0.9979510134141296
C-WEU-MLT,copper,2050,reuse,0
C-WEU-MLT,copper,2055,downcycling,0
C-WEU-MLT,copper,2055,incineration,4.4345923965620346e-5
C-WEU-MLT,copper,2055,landfilling,0.00200464066190462
C-WEU-MLT,copper,2055,recycling,0.9979510134141296
C-WEU-MLT,copper,2055,reuse,0
C-WEU-MLT,copper,2060,downcycling,0
C-WEU-MLT,copper,2060,incineration,4.4345923965620346e-5
C-WEU-MLT,copper,2060,landfilling,0.00200464066190462
C-WEU-MLT,copper,2060,recycling,0.9979510134141296
C-WEU-MLT,copper,2060,reuse,0
C-WEU-MLT,copper,2065,downcycling,0
C-WEU-MLT,copper,2065,incineration,4.4345923965620346e-5
C-WEU-MLT,copper,2065,landfilling,0.00200464066190462
C-WEU-MLT,copper,2065,recycling,0.9979510134141296
C-WEU-MLT,copper,2065,reuse,0
C-WEU-MLT,copper,2070,downcycling,0
C-WEU-MLT,copper,2070,incineration,4.4345923965620346e-5
C-WEU-MLT,copper,2070,landfilling,0.00200464066190462
C-WEU-MLT,copper,2070,recycling,0.9979510134141296
C-WEU-MLT,copper,2070,reuse,0
C-WEU-MLT,copper,2075,downcycling,0
C-WEU-MLT,copper,2075,incineration,4.4345923965620346e-5
C-WEU-MLT,copper,2075,landfilling,0.00200464066190462
C-WEU-MLT,copper,2075,recycling,0.9979510134141296
C-WEU-MLT,copper,2075,reuse,0
C-WEU-MLT,copper,2080,downcycling,0
C-WEU-MLT,copper,2080,incineration,4.4345923965620346e-5
C-WEU-MLT,copper,2080,landfilling,0.00200464066190462
C-WEU-MLT,copper,2080,recycling,0.9979510134141296
C-WEU-MLT,copper,2080,reuse,0
C-WEU-MLT,copper,2085,downcycling,0
C-WEU-MLT,copper,2085,incineration,4.4345923965620346e-5
C-WEU-MLT,copper,2085,landfilling,0.00200464066190462
C-WEU-MLT,copper,2085,recycling,0.9979510134141296
C-WEU-MLT,copper,2085,reuse,0
C-WEU-MLT,copper,2090,downcycling,0
C-WEU-MLT,copper,2090,incineration,4.4345923965620346e-5
C-WEU-MLT,copper,2090,landfilling,0.00200464066190462
C-WEU-MLT,copper,2090,recycling,0.9979510134141296
C-WEU-MLT,copper,2090,reuse,0
C-WEU-MLT,copper,2095,downcycling,0
C-WEU-MLT,copper,2095,incineration,4.4345923965620346e-5
C-WEU-MLT,copper,2095,landfilling,0.00200464066190462
C-WEU-MLT,copper,2095,recycling,0.9979510134141296
C-WEU-MLT,copper,2095,reuse,0
C-WEU-MLT,copper,2100,downcycling,0
C-WEU-MLT,copper,2100,incineration,4.4345923965620346e-5
C-WEU-MLT,copper,2100,landfilling,0.00200464066190462
C-WEU-MLT,copper,2100,recycling,0.9979510134141296
C-WEU-MLT,copper,2100,reuse,0
C-WEU-MLT,glass,2015,downcycling,0.24
C-WEU-MLT,glass,2015,incineration,0
C-WEU-MLT,glass,2015,landfilling,0.7
C-WEU-MLT,glass,2015,recycling,0.06
C-WEU-MLT,glass,2015,reuse,0
C-WEU-MLT,glass,2020,downcycling,0.24
C-WEU-MLT,glass,2020,incineration,0
C-WEU-MLT,glass,2020,landfilling,0.7
C-WEU-MLT,glass,2020,recycling,0.06
C-WEU-MLT,glass,2020,reuse,0
C-WEU-MLT,glass,2025,downcycling,0.24
C-WEU-MLT,glass,2025,incineration,0
C-WEU-MLT,glass,2025,landfilling,0.7
C-WEU-MLT,glass,2025,recycling,0.06
C-WEU-MLT,glass,2025,reuse,0
C-WEU-MLT,glass,2030,downcycling,0.24
C-WEU-MLT,glass,2030,incineration,0
C-WEU-MLT,glass,2030,landfilling,0.7
C-WEU-MLT,glass,2030,recycling,0.06
C-WEU-MLT,glass,2030,reuse,0
C-WEU-MLT,glass,2035,downcycling,0.24
C-WEU-MLT,glass,2035,incineration,0
C-WEU-MLT,glass,2035,landfilling,0.7
C-WEU-MLT,glass,2035,recycling,0.06
C-WEU-MLT,glass,2035,reuse,0
C-WEU-MLT,glass,2040,downcycling,0.24
C-WEU-MLT,glass,2040,incineration,0
C-WEU-MLT,glass,2040,landfilling,0.7
C-WEU-MLT,glass,2040,recycling,0.06
C-WEU-MLT,glass,2040,reuse,0
C-WEU-MLT,glass,2045,downcycling,0.24
C-WEU-MLT,glass,2045,incineration,0
C-WEU-MLT,glass,2045,landfilling,0.7
C-WEU-MLT,glass,2045,recycling,0.06
C-WEU-MLT,glass,2045,reuse,0
C-WEU-MLT,glass,2050,downcycling,0.24
C-WEU-MLT,glass,2050,incineration,0
C-WEU-MLT,glass,2050,landfilling,0.7
C-WEU-MLT,glass,2050,recycling,0.06
C-WEU-MLT,glass,2050,reuse,0
C-WEU-MLT,glass,2055,downcycling,0.24
C-WEU-MLT,glass,2055,incineration,0
C-WEU-MLT,glass,2055,landfilling,0.7
C-WEU-MLT,glass,2055,recycling,0.06
C-WEU-MLT,glass,2055,reuse,0
C-WEU-MLT,glass,2060,downcycling,0.24
C-WEU-MLT,glass,2060,incineration,0
C-WEU-MLT,glass,2060,landfilling,0.7
C-WEU-MLT,glass,2060,recycling,0.06
C-WEU-MLT,glass,2060,reuse,0
C-WEU-MLT,glass,2065,downcycling,0.24
C-WEU-MLT,glass,2065,incineration,0
C-WEU-MLT,glass,2065,landfilling,0.7
C-WEU-MLT,glass,2065,recycling,0.06
C-WEU-MLT,glass,2065,reuse,0
C-WEU-MLT,glass,2070,downcycling,0.24
C-WEU-MLT,glass,2070,incineration,0
C-WEU-MLT,glass,2070,landfilling,0.7
C-WEU-MLT,glass,2070,recycling,0.06
C-WEU-MLT,glass,2070,reuse,0
C-WEU-MLT,glass,2075,downcycling,0.24
C-WEU-MLT,glass,2075,incineration,0
C-WEU-MLT,glass,2075,landfilling,0.7
C-WEU-MLT,glass,2075,recycling,0.06
C-WEU-MLT,glass,2075,reuse,0
C-WEU-MLT,glass,2080,downcycling,0.24
C-WEU-MLT,glass,2080,incineration,0
C-WEU-MLT,glass,2080,landfilling,0.7
C-WEU-MLT,glass,2080,recycling,0.06
C-WEU-MLT,glass,2080,reuse,0
C-WEU-MLT,glass,2085,downcycling,0.24
C-WEU-MLT,glass,2085,incineration,0
C-WEU-MLT,glass,2085,landfilling,0.7
C-WEU-MLT,glass,2085,recycling,0.06
C-WEU-MLT,glass,2085,reuse,0
C-WEU-MLT,glass,2090,downcycling,0.24
C-WEU-MLT,glass,2090,incineration,0
C-WEU-MLT,glass,2090,landfilling,0.7
C-WEU-MLT,glass,2090,recycling,0.06
C-WEU-MLT,glass,2090,reuse,0
C-WEU-MLT,glass,2095,downcycling,0.24
C-WEU-MLT,glass,2095,incineration,0
C-WEU-MLT,glass,2095,landfilling,0.7
C-WEU-MLT,glass,2095,recycling,0.06
C-WEU-MLT,glass,2095,reuse,0
C-WEU-MLT,glass,2100,downcycling,0.24
C-WEU-MLT,glass,2100,incineration,0
C-WEU-MLT,glass,2100,landfilling,0.7
C-WEU-MLT,glass,2100,recycling,0.06
C-WEU-MLT,glass,2100,reuse,0
C-WEU-MLT,steel,2015,downcycling,2.137372713868574e-7
C-WEU-MLT,steel,2015,incineration,0.00251187927466041
C-WEU-MLT,steel,2015,landfilling,9.988136998518198e-4
C-WEU-MLT,steel,2015,recycling,0.9964890932882164
C-WEU-MLT,steel,2015,reuse,0
C-WEU-MLT,steel,2020,downcycling,2.137372713868574e-7
C-WEU-MLT,steel,2020,incineration,0.00251187927466041
C-WEU-MLT,steel,2020,landfilling,9.988136998518198e-4
C-WEU-MLT,steel,2020,recycling,0.9964890932882164
C-WEU-MLT,steel,2020,reuse,0
C-WEU-MLT,steel,2025,downcycling,2.137372713868574e-7
C-WEU-MLT,steel,2025,incineration,0.00251187927466041
C-WEU-MLT,steel,2025,landfilling,9.988136998518198e-4
C-WEU-MLT,steel,2025,recycling,0.9964890932882164
C-WEU-MLT,steel,2025,reuse,0
C-WEU-MLT,steel,2030,downcycling,2.137372713868574e-7
C-WEU-MLT,steel,2030,incineration,0.00251187927466041
C-WEU-MLT,steel,2030,landfilling,9.988136998518198e-4
C-WEU-MLT,steel,2030,recycling,0.9964890932882164
C-WEU-MLT,steel,2030,reuse,0
C-WEU-MLT,steel,2035,downcycling,2.137372713868574e-7
C-WEU-MLT,steel,2035,incineration,0.00251187927466041
C-WEU-MLT,steel,2035,landfilling,9.988136998518198e-4
C-WEU-MLT,steel,2035,recycling,0.9964890932882164
C-WEU-MLT,steel,2035,reuse,0
C-WEU-MLT,steel,2040,downcycling,2.137372713868574e-7
C-WEU-MLT,steel,2040,incineration,0.00251187927466041
C-WEU-MLT,steel,2040,landfilling,9.988136998518198e-4
C-WEU-MLT,steel,2040,recycling,0.9964890932882164
C-WEU-MLT,steel,2040,reuse,0
C-WEU-MLT,steel,2045,downcycling,2.137372713868574e-7
C-WEU-MLT,steel,2045,incineration,0.00251187927466041
C-WEU-MLT,steel,2045,landfilling,9.988136998518198e-4
C-WEU-MLT,steel,2045,recycling,0.9964890932882164
C-WEU-MLT,steel,2045,reuse,0
C-WEU-MLT,steel,2050,downcycling,2.137372713868574e-7
C-WEU-MLT,steel,2050,incineration,0.00251187927466041
C-WEU-MLT,steel,2050,landfilling,9.988136998518198e-4
C-WEU-MLT,steel,2050,recycling,0.9964890932882164
C-WEU-MLT,steel,2050,reuse,0
C-WEU-MLT,steel,2055,downcycling,2.137372713868574e-7
C-WEU-MLT,steel,2055,incineration,0.00251187927466041
C-WEU-MLT,steel,2055,landfilling,9.988136998518198e-4
C-WEU-MLT,steel,2055,recycling,0.9964890932882164
C-WEU-MLT,steel,2055,reuse,0
C-WEU-MLT,steel,2060,downcycling,2.137372713868574e-7
C-WEU-MLT,steel,2060,incineration,0.00251187927466041
C-WEU-MLT,steel,2060,landfilling,9.988136998518198e-4
C-WEU-MLT,steel,2060,recycling,0.9964890932882164
C-WEU-MLT,steel,2060,reuse,0
C-WEU-MLT,steel,2065,downcycling,2.137372713868574e-7
C-WEU-MLT,steel,2065,incineration,0.00251187927466041
C-WEU-MLT,steel,2065,landfilling,9.988136998518198e-4
C-WEU-MLT,steel,2065,recycling,0.9964890932882164
C-WEU-MLT,steel,2065,reuse,0
C-WEU-MLT,steel,2070,downcycling,2.137372713868574e-7
C-WEU-MLT,steel,2070,incineration,0.00251187927466041
C-WEU-MLT,steel,2070,landfilling,9.988136998518198e-4
C-WEU-MLT,steel,2070,recycling,0.9964890932882164
C-WEU-MLT,steel,2070,reuse,0
C-WEU-MLT,steel,2075,downcycling,2.137372713868574e-7
C-WEU-MLT,steel,2075,incineration,0.00251187927466041
C-WEU-MLT,steel,2075,landfilling,9.988136998518198e-4
C-WEU-MLT,steel,2075,recycling,0.9964890932882164
C-WEU-MLT,steel,2075,reuse,0
C-WEU-MLT,steel,2080,downcycling,2.137372713868574e-7
C-WEU-MLT,steel,2080,incineration,0.00251187927466041
C-WEU-MLT,steel,2080,landfilling,9.988136998518198e-4
C-WEU-MLT,steel,2080,recycling,0.9964890932882164
C-WEU-MLT,steel,2080,reuse,0
C-WEU-MLT,steel,2085,downcycling,2.137372713868574e-7
C-WEU-MLT,steel,2085,incineration,0.00251187927466041
C-WEU-MLT,steel,2085,landfilling,9.988136998518198e-4
C-WEU-MLT,steel,2085,recycling,0.9964890932882164
C-WEU-MLT,steel,2085,reuse,0
C-WEU-MLT,steel,2090,downcycling,2.137372713868574e-7
C-WEU-MLT,steel,2090,incineration,0.00251187927466041
C-WEU-MLT,steel,2090,landfilling,9.988136998518198e-4
C-WEU-MLT,steel,2090,recycling,0.9964890932882164
C-WEU-MLT,steel,2090,reuse,0
C-WEU-MLT,steel,2095,downcycling,2.137372713868574e-7
C-WEU-MLT,steel,2095,incineration,0.00251187927466041
C-WEU-MLT,steel,2095,landfilling,9.988136998518198e-4
C-WEU-MLT,steel,2095,recycling,0.9964890932882164
C-WEU-MLT,steel,2095,reuse,0
C-WEU-MLT,steel,2100,downcycling,2.137372713868574e-7
C-WEU-MLT,steel,2100,incineration,0.00251187927466041
C-WEU-MLT,steel,2100,landfilling,9.988136998518198e-4
C-WEU-MLT,steel,2100,recycling,0.9964890932882164
C-WEU-MLT,steel,2100,reuse,0
C-WEU-MLT,wood,2015,downcycling,0
C-WEU-MLT,wood,2015,incineration,0.64
C-WEU-MLT,wood,2015,landfilling,0.06
C-WEU-MLT,wood,2015,recycling,0.3
C-WEU-MLT,wood,2015,reuse,0
C-WEU-MLT,wood,2020,downcycling,0
C-WEU-MLT,wood,2020,incineration,0.64
C-WEU-MLT,wood,2020,landfilling,0.06
C-WEU-MLT,wood,2020,recycling,0.3
C-WEU-MLT,wood,2020,reuse,0
C-WEU-MLT,wood,2025,downcycling,0
C-WEU-MLT,wood,2025,incineration,0.64
C-WEU-MLT,wood,2025,landfilling,0.06
C-WEU-MLT,wood,2025,recycling,0.3
C-WEU-MLT,wood,2025,reuse,0
C-WEU-MLT,wood,2030,downcycling,0
C-WEU-MLT,wood,2030,incineration,0.64
C-WEU-MLT,wood,2030,landfilling,0.06
C-WEU-MLT,wood,2030,recycling,0.3
C-WEU-MLT,wood,2030,reuse,0
C-WEU-MLT,wood,2035,downcycling,0
C-WEU-MLT,wood,2035,incineration,0.64
C-WEU-MLT,wood,2035,landfilling,0.06
C-WEU-MLT,wood,2035,recycling,0.3
C-WEU-MLT,wood,2035,reuse,0
C-WEU-MLT,wood,2040,downcycling,0
C-WEU-MLT,wood,2040,incineration,0.64
C-WEU-MLT,wood,2040,landfilling,0.06
C-WEU-MLT,wood,2040,recycling,0.3
C-WEU-MLT,wood,2040,reuse,0
C-WEU-MLT,wood,2045,downcycling,0
C-WEU-MLT,wood,2045,incineration,0.64
C-WEU-MLT,wood,2045,landfilling,0.06
C-WEU-MLT,wood,2045,recycling,0.3
C-WEU-MLT,wood,2045,reuse,0
C-WEU-MLT,wood,2050,downcycling,0
C-WEU-MLT,wood,2050,incineration,0.64
C-WEU-MLT,wood,2050,landfilling,0.06
C-WEU-MLT,wood,2050,recycling,0.3
C-WEU-MLT,wood,2050,reuse,0
C-WEU-MLT,wood,2055,downcycling,0
C-WEU-MLT,wood,2055,incineration,0.64
C-WEU-MLT,wood,2055,landfilling,0.06
C-WEU-MLT,wood,2055,recycling,0.3
C-WEU-MLT,wood,2055,reuse,0
C-WEU-MLT,wood,2060,downcycling,0
C-WEU-MLT,wood,2060,incineration,0.64
C-WEU-MLT,wood,2060,landfilling,0.06
C-WEU-MLT,wood,2060,recycling,0.3
C-WEU-MLT,wood,2060,reuse,0
C-WEU-MLT,wood,2065,downcycling,0
C-WEU-MLT,wood,2065,incineration,0.64
C-WEU-MLT,wood,2065,landfilling,0.06
C-WEU-MLT,wood,2065,recycling,0.3
C-WEU-MLT,wood,2065,reuse,0
C-WEU-MLT,wood,2070,downcycling,0
C-WEU-MLT,wood,2070,incineration,0.64
C-WEU-MLT,wood,2070,landfilling,0.06
C-WEU-MLT,wood,2070,recycling,0.3
C-WEU-MLT,wood,2070,reuse,0
C-WEU-MLT,wood,2075,downcycling,0
C-WEU-MLT,wood,2075,incineration,0.64
C-WEU-MLT,wood,2075,landfilling,0.06
C-WEU-MLT,wood,2075,recycling,0.3
C-WEU-MLT,wood,2075,reuse,0
C-WEU-MLT,wood,2080,downcycling,0
C-WEU-MLT,wood,2080,incineration,0.64
C-WEU-MLT,wood,2080,landfilling,0.06
C-WEU-MLT,wood,2080,recycling,0.3
C-WEU-MLT,wood,2080,reuse,0
C-WEU-MLT,wood,2085,downcycling,0
C-WEU-MLT,wood,2085,incineration,0.64
C-WEU-MLT,wood,2085,landfilling,0.06
C-WEU-MLT,wood,2085,recycling,0.3
C-WEU-MLT,wood,2085,reuse,0
C-WEU-MLT,wood,2090,downcycling,0
C-WEU-MLT,wood,2090,incineration,0.64
C-WEU-MLT,wood,2090,landfilling,0.06
C-WEU-MLT,wood,2090,recycling,0.3
C-WEU-MLT,wood,2090,reuse,0
C-WEU-MLT,wood,2095,downcycling,0
C-WEU-MLT,wood,2095,incineration,0.64
C-WEU-MLT,wood,2095,landfilling,0.06
C-WEU-MLT,wood,2095,recycling,0.3
C-WEU-MLT,wood,2095,reuse,0
C-WEU-MLT,wood,2100,downcycling,0
C-WEU-MLT,wood,2100,incineration,0.64
C-WEU-MLT,wood,2100,landfilling,0.06
C-WEU-MLT,wood,2100,recycling,0.3
C-WEU-MLT,wood,2100,reuse,0
C-WEU-NLD,aluminum,2015,downcycling,0
C-WEU-NLD,aluminum,2015,incineration,1.2203626220362622e-4
C-WEU-NLD,aluminum,2015,landfilling,0.00350767085076708
C-WEU-NLD,aluminum,2015,recycling,0.9963702928870292
C-WEU-NLD,aluminum,2015,reuse,0
C-WEU-NLD,aluminum,2020,downcycling,0
C-WEU-NLD,aluminum,2020,incineration,1.2203626220362622e-4
C-WEU-NLD,aluminum,2020,landfilling,0.00350767085076708
C-WEU-NLD,aluminum,2020,recycling,0.9963702928870292
C-WEU-NLD,aluminum,2020,reuse,0
C-WEU-NLD,aluminum,2025,downcycling,0
C-WEU-NLD,aluminum,2025,incineration,1.2203626220362622e-4
C-WEU-NLD,aluminum,2025,landfilling,0.00350767085076708
C-WEU-NLD,aluminum,2025,recycling,0.9963702928870292
C-WEU-NLD,aluminum,2025,reuse,0
C-WEU-NLD,aluminum,2030,downcycling,0
C-WEU-NLD,aluminum,2030,incineration,1.2203626220362622e-4
C-WEU-NLD,aluminum,2030,landfilling,0.00350767085076708
C-WEU-NLD,aluminum,2030,recycling,0.9963702928870292
C-WEU-NLD,aluminum,2030,reuse,0
C-WEU-NLD,aluminum,2035,downcycling,0
C-WEU-NLD,aluminum,2035,incineration,1.2203626220362622e-4
C-WEU-NLD,aluminum,2035,landfilling,0.00350767085076708
C-WEU-NLD,aluminum,2035,recycling,0.9963702928870292
C-WEU-NLD,aluminum,2035,reuse,0
C-WEU-NLD,aluminum,2040,downcycling,0
C-WEU-NLD,aluminum,2040,incineration,1.2203626220362622e-4
C-WEU-NLD,aluminum,2040,landfilling,0.00350767085076708
C-WEU-NLD,aluminum,2040,recycling,0.9963702928870292
C-WEU-NLD,aluminum,2040,reuse,0
C-WEU-NLD,aluminum,2045,downcycling,0
C-WEU-NLD,aluminum,2045,incineration,1.2203626220362622e-4
C-WEU-NLD,aluminum,2045,landfilling,0.00350767085076708
C-WEU-NLD,aluminum,2045,recycling,0.9963702928870292
C-WEU-NLD,aluminum,2045,reuse,0
C-WEU-NLD,aluminum,2050,downcycling,0
C-WEU-NLD,aluminum,2050,incineration,1.2203626220362622e-4
C-WEU-NLD,aluminum,2050,landfilling,0.00350767085076708
C-WEU-NLD,aluminum,2050,recycling,0.9963702928870292
C-WEU-NLD,aluminum,2050,reuse,0
C-WEU-NLD,aluminum,2055,downcycling,0
C-WEU-NLD,aluminum,2055,incineration,1.2203626220362622e-4
C-WEU-NLD,aluminum,2055,landfilling,0.00350767085076708
C-WEU-NLD,aluminum,2055,recycling,0.9963702928870292
C-WEU-NLD,aluminum,2055,reuse,0
C-WEU-NLD,aluminum,2060,downcycling,0
C-WEU-NLD,aluminum,2060,incineration,1.2203626220362622e-4
C-WEU-NLD,aluminum,2060,landfilling,0.00350767085076708
C-WEU-NLD,aluminum,2060,recycling,0.9963702928870292
C-WEU-NLD,aluminum,2060,reuse,0
C-WEU-NLD,aluminum,2065,downcycling,0
C-WEU-NLD,aluminum,2065,incineration,1.2203626220362622e-4
C-WEU-NLD,aluminum,2065,landfilling,0.00350767085076708
C-WEU-NLD,aluminum,2065,recycling,0.9963702928870292
C-WEU-NLD,aluminum,2065,reuse,0
C-WEU-NLD,aluminum,2070,downcycling,0
C-WEU-NLD,aluminum,2070,incineration,1.2203626220362622e-4
C-WEU-NLD,aluminum,2070,landfilling,0.00350767085076708
C-WEU-NLD,aluminum,2070,recycling,0.9963702928870292
C-WEU-NLD,aluminum,2070,reuse,0
C-WEU-NLD,aluminum,2075,downcycling,0
C-WEU-NLD,aluminum,2075,incineration,1.2203626220362622e-4
C-WEU-NLD,aluminum,2075,landfilling,0.00350767085076708
C-WEU-NLD,aluminum,2075,recycling,0.9963702928870292
C-WEU-NLD,aluminum,2075,reuse,0
C-WEU-NLD,aluminum,2080,downcycling,0
C-WEU-NLD,aluminum,2080,incineration,1.2203626220362622e-4
C-WEU-NLD,aluminum,2080,landfilling,0.00350767085076708
C-WEU-NLD,aluminum,2080,recycling,0.9963702928870292
C-WEU-NLD,aluminum,2080,reuse,0
C-WEU-NLD,aluminum,2085,downcycling,0
C-WEU-NLD,aluminum,2085,incineration,1.2203626220362622e-4
C-WEU-NLD,aluminum,2085,landfilling,0.00350767085076708
C-WEU-NLD,aluminum,2085,recycling,0.9963702928870292
C-WEU-NLD,aluminum,2085,reuse,0
C-WEU-NLD,aluminum,2090,downcycling,0
C-WEU-NLD,aluminum,2090,incineration,1.2203626220362622e-4
C-WEU-NLD,aluminum,2090,landfilling,0.00350767085076708
C-WEU-NLD,aluminum,2090,recycling,0.9963702928870292
C-WEU-NLD,aluminum,2090,reuse,0
C-WEU-NLD,aluminum,2095,downcycling,0
C-WEU-NLD,aluminum,2095,incineration,1.2203626220362622e-4
C-WEU-NLD,aluminum,2095,landfilling,0.00350767085076708
C-WEU-NLD,aluminum,2095,recycling,0.9963702928870292
C-WEU-NLD,aluminum,2095,reuse,0
C-WEU-NLD,aluminum,2100,downcycling,0
C-WEU-NLD,aluminum,2100,incineration,1.2203626220362622e-4
C-WEU-NLD,aluminum,2100,landfilling,0.00350767085076708
C-WEU-NLD,aluminum,2100,recycling,0.9963702928870292
C-WEU-NLD,aluminum,2100,reuse,0
C-WEU-NLD,brick,2015,downcycling,0
C-WEU-NLD,brick,2015,incineration,0
C-WEU-NLD,brick,2015,landfilling,0.00603653669595847
C-WEU-NLD,brick,2015,recycling,0.9939634633040416
C-WEU-NLD,brick,2015,reuse,0
C-WEU-NLD,brick,2020,downcycling,0
C-WEU-NLD,brick,2020,incineration,0
C-WEU-NLD,brick,2020,landfilling,0.00603653669595847
C-WEU-NLD,brick,2020,recycling,0.9939634633040416
C-WEU-NLD,brick,2020,reuse,0
C-WEU-NLD,brick,2025,downcycling,0
C-WEU-NLD,brick,2025,incineration,0
C-WEU-NLD,brick,2025,landfilling,0.00603653669595847
C-WEU-NLD,brick,2025,recycling,0.9939634633040416
C-WEU-NLD,brick,2025,reuse,0
C-WEU-NLD,brick,2030,downcycling,0
C-WEU-NLD,brick,2030,incineration,0
C-WEU-NLD,brick,2030,landfilling,0.00603653669595847
C-WEU-NLD,brick,2030,recycling,0.9939634633040416
C-WEU-NLD,brick,2030,reuse,0
C-WEU-NLD,brick,2035,downcycling,0
C-WEU-NLD,brick,2035,incineration,0
C-WEU-NLD,brick,2035,landfilling,0.00603653669595847
C-WEU-NLD,brick,2035,recycling,0.9939634633040416
C-WEU-NLD,brick,2035,reuse,0
C-WEU-NLD,brick,2040,downcycling,0
C-WEU-NLD,brick,2040,incineration,0
C-WEU-NLD,brick,2040,landfilling,0.00603653669595847
C-WEU-NLD,brick,2040,recycling,0.9939634633040416
C-WEU-NLD,brick,2040,reuse,0
C-WEU-NLD,brick,2045,downcycling,0
C-WEU-NLD,brick,2045,incineration,0
C-WEU-NLD,brick,2045,landfilling,0.00603653669595847
C-WEU-NLD,brick,2045,recycling,0.9939634633040416
C-WEU-NLD,brick,2045,reuse,0
C-WEU-NLD,brick,2050,downcycling,0
C-WEU-NLD,brick,2050,incineration,0
C-WEU-NLD,brick,2050,landfilling,0.00603653669595847
C-WEU-NLD,brick,2050,recycling,0.9939634633040416
C-WEU-NLD,brick,2050,reuse,0
C-WEU-NLD,brick,2055,downcycling,0
C-WEU-NLD,brick,2055,incineration,0
C-WEU-NLD,brick,2055,landfilling,0.00603653669595847
C-WEU-NLD,brick,2055,recycling,0.9939634633040416
C-WEU-NLD,brick,2055,reuse,0
C-WEU-NLD,brick,2060,downcycling,0
C-WEU-NLD,brick,2060,incineration,0
C-WEU-NLD,brick,2060,landfilling,0.00603653669595847
C-WEU-NLD,brick,2060,recycling,0.9939634633040416
C-WEU-NLD,brick,2060,reuse,0
C-WEU-NLD,brick,2065,downcycling,0
C-WEU-NLD,brick,2065,incineration,0
C-WEU-NLD,brick,2065,landfilling,0.00603653669595847
C-WEU-NLD,brick,2065,recycling,0.9939634633040416
C-WEU-NLD,brick,2065,reuse,0
C-WEU-NLD,brick,2070,downcycling,0
C-WEU-NLD,brick,2070,incineration,0
C-WEU-NLD,brick,2070,landfilling,0.00603653669595847
C-WEU-NLD,brick,2070,recycling,0.9939634633040416
C-WEU-NLD,brick,2070,reuse,0
C-WEU-NLD,brick,2075,downcycling,0
C-WEU-NLD,brick,2075,incineration,0
C-WEU-NLD,brick,2075,landfilling,0.00603653669595847
C-WEU-NLD,brick,2075,recycling,0.9939634633040416
C-WEU-NLD,brick,2075,reuse,0
C-WEU-NLD,brick,2080,downcycling,0
C-WEU-NLD,brick,2080,incineration,0
C-WEU-NLD,brick,2080,landfilling,0.00603653669595847
C-WEU-NLD,brick,2080,recycling,0.9939634633040416
C-WEU-NLD,brick,2080,reuse,0
C-WEU-NLD,brick,2085,downcycling,0
C-WEU-NLD,brick,2085,incineration,0
C-WEU-NLD,brick,2085,landfilling,0.00603653669595847
C-WEU-NLD,brick,2085,recycling,0.9939634633040416
C-WEU-NLD,brick,2085,reuse,0
C-WEU-NLD,brick,2090,downcycling,0
C-WEU-NLD,brick,2090,incineration,0
C-WEU-NLD,brick,2090,landfilling,0.00603653669595847
C-WEU-NLD,brick,2090,recycling,0.9939634633040416
C-WEU-NLD,brick,2090,reuse,0
C-WEU-NLD,brick,2095,downcycling,0
C-WEU-NLD,brick,2095,incineration,0
C-WEU-NLD,brick,2095,landfilling,0.00603653669595847
C-WEU-NLD,brick,2095,recycling,0.9939634633040416
C-WEU-NLD,brick,2095,reuse,0
C-WEU-NLD,brick,2100,downcycling,0
C-WEU-NLD,brick,2100,incineration,0
C-WEU-NLD,brick,2100,landfilling,0.00603653669595847
C-WEU-NLD,brick,2100,recycling,0.9939634633040416
C-WEU-NLD,brick,2100,reuse,0
C-WEU-NLD,concrete,2015,downcycling,0
C-WEU-NLD,concrete,2015,incineration,0
C-WEU-NLD,concrete,2015,landfilling,0.00603653669595847
C-WEU-NLD,concrete,2015,recycling,0.9939634633040416
C-WEU-NLD,concrete,2015,reuse,0
C-WEU-NLD,concrete,2020,downcycling,0
C-WEU-NLD,concrete,2020,incineration,0
C-WEU-NLD,concrete,2020,landfilling,0.00603653669595847
C-WEU-NLD,concrete,2020,recycling,0.9939634633040416
C-WEU-NLD,concrete,2020,reuse,0
C-WEU-NLD,concrete,2025,downcycling,0
C-WEU-NLD,concrete,2025,incineration,0
C-WEU-NLD,concrete,2025,landfilling,0.00603653669595847
C-WEU-NLD,concrete,2025,recycling,0.9939634633040416
C-WEU-NLD,concrete,2025,reuse,0
C-WEU-NLD,concrete,2030,downcycling,0
C-WEU-NLD,concrete,2030,incineration,0
C-WEU-NLD,concrete,2030,landfilling,0.00603653669595847
C-WEU-NLD,concrete,2030,recycling,0.9939634633040416
C-WEU-NLD,concrete,2030,reuse,0
C-WEU-NLD,concrete,2035,downcycling,0
C-WEU-NLD,concrete,2035,incineration,0
C-WEU-NLD,concrete,2035,landfilling,0.00603653669595847
C-WEU-NLD,concrete,2035,recycling,0.9939634633040416
C-WEU-NLD,concrete,2035,reuse,0
C-WEU-NLD,concrete,2040,downcycling,0
C-WEU-NLD,concrete,2040,incineration,0
C-WEU-NLD,concrete,2040,landfilling,0.00603653669595847
C-WEU-NLD,concrete,2040,recycling,0.9939634633040416
C-WEU-NLD,concrete,2040,reuse,0
C-WEU-NLD,concrete,2045,downcycling,0
C-WEU-NLD,concrete,2045,incineration,0
C-WEU-NLD,concrete,2045,landfilling,0.00603653669595847
C-WEU-NLD,concrete,2045,recycling,0.9939634633040416
C-WEU-NLD,concrete,2045,reuse,0
C-WEU-NLD,concrete,2050,downcycling,0
C-WEU-NLD,concrete,2050,incineration,0
C-WEU-NLD,concrete,2050,landfilling,0.00603653669595847
C-WEU-NLD,concrete,2050,recycling,0.9939634633040416
C-WEU-NLD,concrete,2050,reuse,0
C-WEU-NLD,concrete,2055,downcycling,0
C-WEU-NLD,concrete,2055,incineration,0
C-WEU-NLD,concrete,2055,landfilling,0.00603653669595847
C-WEU-NLD,concrete,2055,recycling,0.9939634633040416
C-WEU-NLD,concrete,2055,reuse,0
C-WEU-NLD,concrete,2060,downcycling,0
C-WEU-NLD,concrete,2060,incineration,0
C-WEU-NLD,concrete,2060,landfilling,0.00603653669595847
C-WEU-NLD,concrete,2060,recycling,0.9939634633040416
C-WEU-NLD,concrete,2060,reuse,0
C-WEU-NLD,concrete,2065,downcycling,0
C-WEU-NLD,concrete,2065,incineration,0
C-WEU-NLD,concrete,2065,landfilling,0.00603653669595847
C-WEU-NLD,concrete,2065,recycling,0.9939634633040416
C-WEU-NLD,concrete,2065,reuse,0
C-WEU-NLD,concrete,2070,downcycling,0
C-WEU-NLD,concrete,2070,incineration,0
C-WEU-NLD,concrete,2070,landfilling,0.00603653669595847
C-WEU-NLD,concrete,2070,recycling,0.9939634633040416
C-WEU-NLD,concrete,2070,reuse,0
C-WEU-NLD,concrete,2075,downcycling,0
C-WEU-NLD,concrete,2075,incineration,0
C-WEU-NLD,concrete,2075,landfilling,0.00603653669595847
C-WEU-NLD,concrete,2075,recycling,0.9939634633040416
C-WEU-NLD,concrete,2075,reuse,0
C-WEU-NLD,concrete,2080,downcycling,0
C-WEU-NLD,concrete,2080,incineration,0
C-WEU-NLD,concrete,2080,landfilling,0.00603653669595847
C-WEU-NLD,concrete,2080,recycling,0.9939634633040416
C-WEU-NLD,concrete,2080,reuse,0
C-WEU-NLD,concrete,2085,downcycling,0
C-WEU-NLD,concrete,2085,incineration,0
C-WEU-NLD,concrete,2085,landfilling,0.00603653669595847
C-WEU-NLD,concrete,2085,recycling,0.9939634633040416
C-WEU-NLD,concrete,2085,reuse,0
C-WEU-NLD,concrete,2090,downcycling,0
C-WEU-NLD,concrete,2090,incineration,0
C-WEU-NLD,concrete,2090,landfilling,0.00603653669595847
C-WEU-NLD,concrete,2090,recycling,0.9939634633040416
C-WEU-NLD,concrete,2090,reuse,0
C-WEU-NLD,concrete,2095,downcycling,0
C-WEU-NLD,concrete,2095,incineration,0
C-WEU-NLD,concrete,2095,landfilling,0.00603653669595847
C-WEU-NLD,concrete,2095,recycling,0.9939634633040416
C-WEU-NLD,concrete,2095,reuse,0
C-WEU-NLD,concrete,2100,downcycling,0
C-WEU-NLD,concrete,2100,incineration,0
C-WEU-NLD,concrete,2100,landfilling,0.00603653669595847
C-WEU-NLD,concrete,2100,recycling,0.9939634633040416
C-WEU-NLD,concrete,2100,reuse,0
C-WEU-NLD,copper,2015,downcycling,0
C-WEU-NLD,copper,2015,incineration,1.2203626220362622e-4
C-WEU-NLD,copper,2015,landfilling,0.00350767085076708
C-WEU-NLD,copper,2015,recycling,0.9963702928870292
C-WEU-NLD,copper,2015,reuse,0
C-WEU-NLD,copper,2020,downcycling,0
C-WEU-NLD,copper,2020,incineration,1.2203626220362622e-4
C-WEU-NLD,copper,2020,landfilling,0.00350767085076708
C-WEU-NLD,copper,2020,recycling,0.9963702928870292
C-WEU-NLD,copper,2020,reuse,0
C-WEU-NLD,copper,2025,downcycling,0
C-WEU-NLD,copper,2025,incineration,1.2203626220362622e-4
C-WEU-NLD,copper,2025,landfilling,0.00350767085076708
C-WEU-NLD,copper,2025,recycling,0.9963702928870292
C-WEU-NLD,copper,2025,reuse,0
C-WEU-NLD,copper,2030,downcycling,0
C-WEU-NLD,copper,2030,incineration,1.2203626220362622e-4
C-WEU-NLD,copper,2030,landfilling,0.00350767085076708
C-WEU-NLD,copper,2030,recycling,0.9963702928870292
C-WEU-NLD,copper,2030,reuse,0
C-WEU-NLD,copper,2035,downcycling,0
C-WEU-NLD,copper,2035,incineration,1.2203626220362622e-4
C-WEU-NLD,copper,2035,landfilling,0.00350767085076708
C-WEU-NLD,copper,2035,recycling,0.9963702928870292
C-WEU-NLD,copper,2035,reuse,0
C-WEU-NLD,copper,2040,downcycling,0
C-WEU-NLD,copper,2040,incineration,1.2203626220362622e-4
C-WEU-NLD,copper,2040,landfilling,0.00350767085076708
C-WEU-NLD,copper,2040,recycling,0.9963702928870292
C-WEU-NLD,copper,2040,reuse,0
C-WEU-NLD,copper,2045,downcycling,0
C-WEU-NLD,copper,2045,incineration,1.2203626220362622e-4
C-WEU-NLD,copper,2045,landfilling,0.00350767085076708
C-WEU-NLD,copper,2045,recycling,0.9963702928870292
C-WEU-NLD,copper,2045,reuse,0
C-WEU-NLD,copper,2050,downcycling,0
C-WEU-NLD,copper,2050,incineration,1.2203626220362622e-4
C-WEU-NLD,copper,2050,landfilling,0.00350767085076708
C-WEU-NLD,copper,2050,recycling,0.9963702928870292
C-WEU-NLD,copper,2050,reuse,0
C-WEU-NLD,copper,2055,downcycling,0
C-WEU-NLD,copper,2055,incineration,1.2203626220362622e-4
C-WEU-NLD,copper,2055,landfilling,0.00350767085076708
C-WEU-NLD,copper,2055,recycling,0.9963702928870292
C-WEU-NLD,copper,2055,reuse,0
C-WEU-NLD,copper,2060,downcycling,0
C-WEU-NLD,copper,2060,incineration,1.2203626220362622e-4
C-WEU-NLD,copper,2060,landfilling,0.00350767085076708
C-WEU-NLD,copper,2060,recycling,0.9963702928870292
C-WEU-NLD,copper,2060,reuse,0
C-WEU-NLD,copper,2065,downcycling,0
C-WEU-NLD,copper,2065,incineration,1.2203626220362622e-4
C-WEU-NLD,copper,2065,landfilling,0.00350767085076708
C-WEU-NLD,copper,2065,recycling,0.9963702928870292
C-WEU-NLD,copper,2065,reuse,0
C-WEU-NLD,copper,2070,downcycling,0
C-WEU-NLD,copper,2070,incineration,1.2203626220362622e-4
C-WEU-NLD,copper,2070,landfilling,0.00350767085076708
C-WEU-NLD,copper,2070,recycling,0.9963702928870292
C-WEU-NLD,copper,2070,reuse,0
C-WEU-NLD,copper,2075,downcycling,0
C-WEU-NLD,copper,2075,incineration,1.2203626220362622e-4
C-WEU-NLD,copper,2075,landfilling,0.00350767085076708
C-WEU-NLD,copper,2075,recycling,0.9963702928870292
C-WEU-NLD,copper,2075,reuse,0
C-WEU-NLD,copper,2080,downcycling,0
C-WEU-NLD,copper,2080,incineration,1.2203626220362622e-4
C-WEU-NLD,copper,2080,landfilling,0.00350767085076708
C-WEU-NLD,copper,2080,recycling,0.9963702928870292
C-WEU-NLD,copper,2080,reuse,0
C-WEU-NLD,copper,2085,downcycling,0
C-WEU-NLD,copper,2085,incineration,1.2203626220362622e-4
C-WEU-NLD,copper,2085,landfilling,0.00350767085076708
C-WEU-NLD,copper,2085,recycling,0.9963702928870292
C-WEU-NLD,copper,2085,reuse,0
C-WEU-NLD,copper,2090,downcycling,0
C-WEU-NLD,copper,2090,incineration,1.2203626220362622e-4
C-WEU-NLD,copper,2090,landfilling,0.00350767085076708
C-WEU-NLD,copper,2090,recycling,0.9963702928870292
C-WEU-NLD,copper,2090,reuse,0
C-WEU-NLD,copper,2095,downcycling,0
C-WEU-NLD,copper,2095,incineration,1.2203626220362622e-4
C-WEU-NLD,copper,2095,landfilling,0.00350767085076708
C-WEU-NLD,copper,2095,recycling,0.9963702928870292
C-WEU-NLD,copper,2095,reuse,0
C-WEU-NLD,copper,2100,downcycling,0
C-WEU-NLD,copper,2100,incineration,1.2203626220362622e-4
C-WEU-NLD,copper,2100,landfilling,0.00350767085076708
C-WEU-NLD,copper,2100,recycling,0.9963702928870292
C-WEU-NLD,copper,2100,reuse,0
C-WEU-NLD,glass,2015,downcycling,0.24
C-WEU-NLD,glass,2015,incineration,0
C-WEU-NLD,glass,2015,landfilling,0.7
C-WEU-NLD,glass,2015,recycling,0.06
C-WEU-NLD,glass,2015,reuse,0
C-WEU-NLD,glass,2020,downcycling,0.24
C-WEU-NLD,glass,2020,incineration,0
C-WEU-NLD,glass,2020,landfilling,0.7
C-WEU-NLD,glass,2020,recycling,0.06
C-WEU-NLD,glass,2020,reuse,0
C-WEU-NLD,glass,2025,downcycling,0.24
C-WEU-NLD,glass,2025,incineration,0
C-WEU-NLD,glass,2025,landfilling,0.7
C-WEU-NLD,glass,2025,recycling,0.06
C-WEU-NLD,glass,2025,reuse,0
C-WEU-NLD,glass,2030,downcycling,0.24
C-WEU-NLD,glass,2030,incineration,0
C-WEU-NLD,glass,2030,landfilling,0.7
C-WEU-NLD,glass,2030,recycling,0.06
C-WEU-NLD,glass,2030,reuse,0
C-WEU-NLD,glass,2035,downcycling,0.24
C-WEU-NLD,glass,2035,incineration,0
C-WEU-NLD,glass,2035,landfilling,0.7
C-WEU-NLD,glass,2035,recycling,0.06
C-WEU-NLD,glass,2035,reuse,0
C-WEU-NLD,glass,2040,downcycling,0.24
C-WEU-NLD,glass,2040,incineration,0
C-WEU-NLD,glass,2040,landfilling,0.7
C-WEU-NLD,glass,2040,recycling,0.06
C-WEU-NLD,glass,2040,reuse,0
C-WEU-NLD,glass,2045,downcycling,0.24
C-WEU-NLD,glass,2045,incineration,0
C-WEU-NLD,glass,2045,landfilling,0.7
C-WEU-NLD,glass,2045,recycling,0.06
C-WEU-NLD,glass,2045,reuse,0
C-WEU-NLD,glass,2050,downcycling,0.24
C-WEU-NLD,glass,2050,incineration,0
C-WEU-NLD,glass,2050,landfilling,0.7
C-WEU-NLD,glass,2050,recycling,0.06
C-WEU-NLD,glass,2050,reuse,0
C-WEU-NLD,glass,2055,downcycling,0.24
C-WEU-NLD,glass,2055,incineration,0
C-WEU-NLD,glass,2055,landfilling,0.7
C-WEU-NLD,glass,2055,recycling,0.06
C-WEU-NLD,glass,2055,reuse,0
C-WEU-NLD,glass,2060,downcycling,0.24
C-WEU-NLD,glass,2060,incineration,0
C-WEU-NLD,glass,2060,landfilling,0.7
C-WEU-NLD,glass,2060,recycling,0.06
C-WEU-NLD,glass,2060,reuse,0
C-WEU-NLD,glass,2065,downcycling,0.24
C-WEU-NLD,glass,2065,incineration,0
C-WEU-NLD,glass,2065,landfilling,0.7
C-WEU-NLD,glass,2065,recycling,0.06
C-WEU-NLD,glass,2065,reuse,0
C-WEU-NLD,glass,2070,downcycling,0.24
C-WEU-NLD,glass,2070,incineration,0
C-WEU-NLD,glass,2070,landfilling,0.7
C-WEU-NLD,glass,2070,recycling,0.06
C-WEU-NLD,glass,2070,reuse,0
C-WEU-NLD,glass,2075,downcycling,0.24
C-WEU-NLD,glass,2075,incineration,0
C-WEU-NLD,glass,2075,landfilling,0.7
C-WEU-NLD,glass,2075,recycling,0.06
C-WEU-NLD,glass,2075,reuse,0
C-WEU-NLD,glass,2080,downcycling,0.24
C-WEU-NLD,glass,2080,incineration,0
C-WEU-NLD,glass,2080,landfilling,0.7
C-WEU-NLD,glass,2080,recycling,0.06
C-WEU-NLD,glass,2080,reuse,0
C-WEU-NLD,glass,2085,downcycling,0.24
C-WEU-NLD,glass,2085,incineration,0
C-WEU-NLD,glass,2085,landfilling,0.7
C-WEU-NLD,glass,2085,recycling,0.06
C-WEU-NLD,glass,2085,reuse,0
C-WEU-NLD,glass,2090,downcycling,0.24
C-WEU-NLD,glass,2090,incineration,0
C-WEU-NLD,glass,2090,landfilling,0.7
C-WEU-NLD,glass,2090,recycling,0.06
C-WEU-NLD,glass,2090,reuse,0
C-WEU-NLD,glass,2095,downcycling,0.24
C-WEU-NLD,glass,2095,incineration,0
C-WEU-NLD,glass,2095,landfilling,0.7
C-WEU-NLD,glass,2095,recycling,0.06
C-WEU-NLD,glass,2095,reuse,0
C-WEU-NLD,glass,2100,downcycling,0.24
C-WEU-NLD,glass,2100,incineration,0
C-WEU-NLD,glass,2100,landfilling,0.7
C-WEU-NLD,glass,2100,recycling,0.06
C-WEU-NLD,glass,2100,reuse,0
C-WEU-NLD,steel,2015,downcycling,0
C-WEU-NLD,steel,2015,incineration,0
C-WEU-NLD,steel,2015,landfilling,9.605757632908452e-4
C-WEU-NLD,steel,2015,recycling,0.9990394242367092
C-WEU-NLD,steel,2015,reuse,0
C-WEU-NLD,steel,2020,downcycling,0
C-WEU-NLD,steel,2020,incineration,0
C-WEU-NLD,steel,2020,landfilling,9.605757632908452e-4
C-WEU-NLD,steel,2020,recycling,0.9990394242367092
C-WEU-NLD,steel,2020,reuse,0
C-WEU-NLD,steel,2025,downcycling,0
C-WEU-NLD,steel,2025,incineration,0
C-WEU-NLD,steel,2025,landfilling,9.605757632908452e-4
C-WEU-NLD,steel,2025,recycling,0.9990394242367092
C-WEU-NLD,steel,2025,reuse,0
C-WEU-NLD,steel,2030,downcycling,0
C-WEU-NLD,steel,2030,incineration,0
C-WEU-NLD,steel,2030,landfilling,9.605757632908452e-4
C-WEU-NLD,steel,2030,recycling,0.9990394242367092
C-WEU-NLD,steel,2030,reuse,0
C-WEU-NLD,steel,2035,downcycling,0
C-WEU-NLD,steel,2035,incineration,0
C-WEU-NLD,steel,2035,landfilling,9.605757632908452e-4
C-WEU-NLD,steel,2035,recycling,0.9990394242367092
C-WEU-NLD,steel,2035,reuse,0
C-WEU-NLD,steel,2040,downcycling,0
C-WEU-NLD,steel,2040,incineration,0
C-WEU-NLD,steel,2040,landfilling,9.605757632908452e-4
C-WEU-NLD,steel,2040,recycling,0.9990394242367092
C-WEU-NLD,steel,2040,reuse,0
C-WEU-NLD,steel,2045,downcycling,0
C-WEU-NLD,steel,2045,incineration,0
C-WEU-NLD,steel,2045,landfilling,9.605757632908452e-4
C-WEU-NLD,steel,2045,recycling,0.9990394242367092
C-WEU-NLD,steel,2045,reuse,0
C-WEU-NLD,steel,2050,downcycling,0
C-WEU-NLD,steel,2050,incineration,0
C-WEU-NLD,steel,2050,landfilling,9.605757632908452e-4
C-WEU-NLD,steel,2050,recycling,0.9990394242367092
C-WEU-NLD,steel,2050,reuse,0
C-WEU-NLD,steel,2055,downcycling,0
C-WEU-NLD,steel,2055,incineration,0
C-WEU-NLD,steel,2055,landfilling,9.605757632908452e-4
C-WEU-NLD,steel,2055,recycling,0.9990394242367092
C-WEU-NLD,steel,2055,reuse,0
C-WEU-NLD,steel,2060,downcycling,0
C-WEU-NLD,steel,2060,incineration,0
C-WEU-NLD,steel,2060,landfilling,9.605757632908452e-4
C-WEU-NLD,steel,2060,recycling,0.9990394242367092
C-WEU-NLD,steel,2060,reuse,0
C-WEU-NLD,steel,2065,downcycling,0
C-WEU-NLD,steel,2065,incineration,0
C-WEU-NLD,steel,2065,landfilling,9.605757632908452e-4
C-WEU-NLD,steel,2065,recycling,0.9990394242367092
C-WEU-NLD,steel,2065,reuse,0
C-WEU-NLD,steel,2070,downcycling,0
C-WEU-NLD,steel,2070,incineration,0
C-WEU-NLD,steel,2070,landfilling,9.605757632908452e-4
C-WEU-NLD,steel,2070,recycling,0.9990394242367092
C-WEU-NLD,steel,2070,reuse,0
C-WEU-NLD,steel,2075,downcycling,0
C-WEU-NLD,steel,2075,incineration,0
C-WEU-NLD,steel,2075,landfilling,9.605757632908452e-4
C-WEU-NLD,steel,2075,recycling,0.9990394242367092
C-WEU-NLD,steel,2075,reuse,0
C-WEU-NLD,steel,2080,downcycling,0
C-WEU-NLD,steel,2080,incineration,0
C-WEU-NLD,steel,2080,landfilling,9.605757632908452e-4
C-WEU-NLD,steel,2080,recycling,0.9990394242367092
C-WEU-NLD,steel,2080,reuse,0
C-WEU-NLD,steel,2085,downcycling,0
C-WEU-NLD,steel,2085,incineration,0
C-WEU-NLD,steel,2085,landfilling,9.605757632908452e-4
C-WEU-NLD,steel,2085,recycling,0.9990394242367092
C-WEU-NLD,steel,2085,reuse,0
C-WEU-NLD,steel,2090,downcycling,0
C-WEU-NLD,steel,2090,incineration,0
C-WEU-NLD,steel,2090,landfilling,9.605757632908452e-4
C-WEU-NLD,steel,2090,recycling,0.9990394242367092
C-WEU-NLD,steel,2090,reuse,0
C-WEU-NLD,steel,2095,downcycling,0
C-WEU-NLD,steel,2095,incineration,0
C-WEU-NLD,steel,2095,landfilling,9.605757632908452e-4
C-WEU-NLD,steel,2095,recycling,0.9990394242367092
C-WEU-NLD,steel,2095,reuse,0
C-WEU-NLD,steel,2100,downcycling,0
C-WEU-NLD,steel,2100,incineration,0
C-WEU-NLD,steel,2100,landfilling,9.605757632908452e-4
C-WEU-NLD,steel,2100,recycling,0.9990394242367092
C-WEU-NLD,steel,2100,reuse,0
C-WEU-NLD,wood,2015,downcycling,0
C-WEU-NLD,wood,2015,incineration,0.64
C-WEU-NLD,wood,2015,landfilling,0.06
C-WEU-NLD,wood,2015,recycling,0.3
C-WEU-NLD,wood,2015,reuse,0
C-WEU-NLD,wood,2020,downcycling,0
C-WEU-NLD,wood,2020,incineration,0.64
C-WEU-NLD,wood,2020,landfilling,0.06
C-WEU-NLD,wood,2020,recycling,0.3
C-WEU-NLD,wood,2020,reuse,0
C-WEU-NLD,wood,2025,downcycling,0
C-WEU-NLD,wood,2025,incineration,0.64
C-WEU-NLD,wood,2025,landfilling,0.06
C-WEU-NLD,wood,2025,recycling,0.3
C-WEU-NLD,wood,2025,reuse,0
C-WEU-NLD,wood,2030,downcycling,0
C-WEU-NLD,wood,2030,incineration,0.64
C-WEU-NLD,wood,2030,landfilling,0.06
C-WEU-NLD,wood,2030,recycling,0.3
C-WEU-NLD,wood,2030,reuse,0
C-WEU-NLD,wood,2035,downcycling,0
C-WEU-NLD,wood,2035,incineration,0.64
C-WEU-NLD,wood,2035,landfilling,0.06
C-WEU-NLD,wood,2035,recycling,0.3
C-WEU-NLD,wood,2035,reuse,0
C-WEU-NLD,wood,2040,downcycling,0
C-WEU-NLD,wood,2040,incineration,0.64
C-WEU-NLD,wood,2040,landfilling,0.06
C-WEU-NLD,wood,2040,recycling,0.3
C-WEU-NLD,wood,2040,reuse,0
C-WEU-NLD,wood,2045,downcycling,0
C-WEU-NLD,wood,2045,incineration,0.64
C-WEU-NLD,wood,2045,landfilling,0.06
C-WEU-NLD,wood,2045,recycling,0.3
C-WEU-NLD,wood,2045,reuse,0
C-WEU-NLD,wood,2050,downcycling,0
C-WEU-NLD,wood,2050,incineration,0.64
C-WEU-NLD,wood,2050,landfilling,0.06
C-WEU-NLD,wood,2050,recycling,0.3
C-WEU-NLD,wood,2050,reuse,0
C-WEU-NLD,wood,2055,downcycling,0
C-WEU-NLD,wood,2055,incineration,0.64
C-WEU-NLD,wood,2055,landfilling,0.06
C-WEU-NLD,wood,2055,recycling,0.3
C-WEU-NLD,wood,2055,reuse,0
C-WEU-NLD,wood,2060,downcycling,0
C-WEU-NLD,wood,2060,incineration,0.64
C-WEU-NLD,wood,2060,landfilling,0.06
C-WEU-NLD,wood,2060,recycling,0.3
C-WEU-NLD,wood,2060,reuse,0
C-WEU-NLD,wood,2065,downcycling,0
C-WEU-NLD,wood,2065,incineration,0.64
C-WEU-NLD,wood,2065,landfilling,0.06
C-WEU-NLD,wood,2065,recycling,0.3
C-WEU-NLD,wood,2065,reuse,0
C-WEU-NLD,wood,2070,downcycling,0
C-WEU-NLD,wood,2070,incineration,0.64
C-WEU-NLD,wood,2070,landfilling,0.06
C-WEU-NLD,wood,2070,recycling,0.3
C-WEU-NLD,wood,2070,reuse,0
C-WEU-NLD,wood,2075,downcycling,0
C-WEU-NLD,wood,2075,incineration,0.64
C-WEU-NLD,wood,2075,landfilling,0.06
C-WEU-NLD,wood,2075,recycling,0.3
C-WEU-NLD,wood,2075,reuse,0
C-WEU-NLD,wood,2080,downcycling,0
C-WEU-NLD,wood,2080,incineration,0.64
C-WEU-NLD,wood,2080,landfilling,0.06
C-WEU-NLD,wood,2080,recycling,0.3
C-WEU-NLD,wood,2080,reuse,0
C-WEU-NLD,wood,2085,downcycling,0
C-WEU-NLD,wood,2085,incineration,0.64
C-WEU-NLD,wood,2085,landfilling,0.06
C-WEU-NLD,wood,2085,recycling,0.3
C-WEU-NLD,wood,2085,reuse,0
C-WEU-NLD,wood,2090,downcycling,0
C-WEU-NLD,wood,2090,incineration,0.64
C-WEU-NLD,wood,2090,landfilling,0.06
C-WEU-NLD,wood,2090,recycling,0.3
C-WEU-NLD,wood,2090,reuse,0
C-WEU-NLD,wood,2095,downcycling,0
C-WEU-NLD,wood,2095,incineration,0.64
C-WEU-NLD,wood,2095,landfilling,0.06
C-WEU-NLD,wood,2095,recycling,0.3
C-WEU-NLD,wood,2095,reuse,0
C-WEU-NLD,wood,2100,downcycling,0
C-WEU-NLD,wood,2100,incineration,0.64
C-WEU-NLD,wood,2100,landfilling,0.06
C-WEU-NLD,wood,2100,recycling,0.3
C-WEU-NLD,wood,2100,reuse,0
C-WEU-PRT,aluminum,2015,downcycling,0
C-WEU-PRT,aluminum,2015,incineration,0
C-WEU-PRT,aluminum,2015,landfilling,0.00776449793788401
C-WEU-PRT,aluminum,2015,recycling,0.992235502062116
C-WEU-PRT,aluminum,2015,reuse,0
C-WEU-PRT,aluminum,2020,downcycling,0
C-WEU-PRT,aluminum,2020,incineration,0
C-WEU-PRT,aluminum,2020,landfilling,0.00776449793788401
C-WEU-PRT,aluminum,2020,recycling,0.992235502062116
C-WEU-PRT,aluminum,2020,reuse,0
C-WEU-PRT,aluminum,2025,downcycling,0
C-WEU-PRT,aluminum,2025,incineration,0
C-WEU-PRT,aluminum,2025,landfilling,0.00776449793788401
C-WEU-PRT,aluminum,2025,recycling,0.992235502062116
C-WEU-PRT,aluminum,2025,reuse,0
C-WEU-PRT,aluminum,2030,downcycling,0
C-WEU-PRT,aluminum,2030,incineration,0
C-WEU-PRT,aluminum,2030,landfilling,0.00776449793788401
C-WEU-PRT,aluminum,2030,recycling,0.992235502062116
C-WEU-PRT,aluminum,2030,reuse,0
C-WEU-PRT,aluminum,2035,downcycling,0
C-WEU-PRT,aluminum,2035,incineration,0
C-WEU-PRT,aluminum,2035,landfilling,0.00776449793788401
C-WEU-PRT,aluminum,2035,recycling,0.992235502062116
C-WEU-PRT,aluminum,2035,reuse,0
C-WEU-PRT,aluminum,2040,downcycling,0
C-WEU-PRT,aluminum,2040,incineration,0
C-WEU-PRT,aluminum,2040,landfilling,0.00776449793788401
C-WEU-PRT,aluminum,2040,recycling,0.992235502062116
C-WEU-PRT,aluminum,2040,reuse,0
C-WEU-PRT,aluminum,2045,downcycling,0
C-WEU-PRT,aluminum,2045,incineration,0
C-WEU-PRT,aluminum,2045,landfilling,0.00776449793788401
C-WEU-PRT,aluminum,2045,recycling,0.992235502062116
C-WEU-PRT,aluminum,2045,reuse,0
C-WEU-PRT,aluminum,2050,downcycling,0
C-WEU-PRT,aluminum,2050,incineration,0
C-WEU-PRT,aluminum,2050,landfilling,0.00776449793788401
C-WEU-PRT,aluminum,2050,recycling,0.992235502062116
C-WEU-PRT,aluminum,2050,reuse,0
C-WEU-PRT,aluminum,2055,downcycling,0
C-WEU-PRT,aluminum,2055,incineration,0
C-WEU-PRT,aluminum,2055,landfilling,0.00776449793788401
C-WEU-PRT,aluminum,2055,recycling,0.992235502062116
C-WEU-PRT,aluminum,2055,reuse,0
C-WEU-PRT,aluminum,2060,downcycling,0
C-WEU-PRT,aluminum,2060,incineration,0
C-WEU-PRT,aluminum,2060,landfilling,0.00776449793788401
C-WEU-PRT,aluminum,2060,recycling,0.992235502062116
C-WEU-PRT,aluminum,2060,reuse,0
C-WEU-PRT,aluminum,2065,downcycling,0
C-WEU-PRT,aluminum,2065,incineration,0
C-WEU-PRT,aluminum,2065,landfilling,0.00776449793788401
C-WEU-PRT,aluminum,2065,recycling,0.992235502062116
C-WEU-PRT,aluminum,2065,reuse,0
C-WEU-PRT,aluminum,2070,downcycling,0
C-WEU-PRT,aluminum,2070,incineration,0
C-WEU-PRT,aluminum,2070,landfilling,0.00776449793788401
C-WEU-PRT,aluminum,2070,recycling,0.992235502062116
C-WEU-PRT,aluminum,2070,reuse,0
C-WEU-PRT,aluminum,2075,downcycling,0
C-WEU-PRT,aluminum,2075,incineration,0
C-WEU-PRT,aluminum,2075,landfilling,0.00776449793788401
C-WEU-PRT,aluminum,2075,recycling,0.992235502062116
C-WEU-PRT,aluminum,2075,reuse,0
C-WEU-PRT,aluminum,2080,downcycling,0
C-WEU-PRT,aluminum,2080,incineration,0
C-WEU-PRT,aluminum,2080,landfilling,0.00776449793788401
C-WEU-PRT,aluminum,2080,recycling,0.992235502062116
C-WEU-PRT,aluminum,2080,reuse,0
C-WEU-PRT,aluminum,2085,downcycling,0
C-WEU-PRT,aluminum,2085,incineration,0
C-WEU-PRT,aluminum,2085,landfilling,0.00776449793788401
C-WEU-PRT,aluminum,2085,recycling,0.992235502062116
C-WEU-PRT,aluminum,2085,reuse,0
C-WEU-PRT,aluminum,2090,downcycling,0
C-WEU-PRT,aluminum,2090,incineration,0
C-WEU-PRT,aluminum,2090,landfilling,0.00776449793788401
C-WEU-PRT,aluminum,2090,recycling,0.992235502062116
C-WEU-PRT,aluminum,2090,reuse,0
C-WEU-PRT,aluminum,2095,downcycling,0
C-WEU-PRT,aluminum,2095,incineration,0
C-WEU-PRT,aluminum,2095,landfilling,0.00776449793788401
C-WEU-PRT,aluminum,2095,recycling,0.992235502062116
C-WEU-PRT,aluminum,2095,reuse,0
C-WEU-PRT,aluminum,2100,downcycling,0
C-WEU-PRT,aluminum,2100,incineration,0
C-WEU-PRT,aluminum,2100,landfilling,0.00776449793788401
C-WEU-PRT,aluminum,2100,recycling,0.992235502062116
C-WEU-PRT,aluminum,2100,reuse,0
C-WEU-PRT,brick,2015,downcycling,0.5459724553823876
C-WEU-PRT,brick,2015,incineration,0
C-WEU-PRT,brick,2015,landfilling,0.02843060733847189
C-WEU-PRT,brick,2015,recycling,0.4255969372791405
C-WEU-PRT,brick,2015,reuse,0
C-WEU-PRT,brick,2020,downcycling,0.5459724553823876
C-WEU-PRT,brick,2020,incineration,0
C-WEU-PRT,brick,2020,landfilling,0.02843060733847189
C-WEU-PRT,brick,2020,recycling,0.4255969372791405
C-WEU-PRT,brick,2020,reuse,0
C-WEU-PRT,brick,2025,downcycling,0.5459724553823876
C-WEU-PRT,brick,2025,incineration,0
C-WEU-PRT,brick,2025,landfilling,0.02843060733847189
C-WEU-PRT,brick,2025,recycling,0.4255969372791405
C-WEU-PRT,brick,2025,reuse,0
C-WEU-PRT,brick,2030,downcycling,0.5459724553823876
C-WEU-PRT,brick,2030,incineration,0
C-WEU-PRT,brick,2030,landfilling,0.02843060733847189
C-WEU-PRT,brick,2030,recycling,0.4255969372791405
C-WEU-PRT,brick,2030,reuse,0
C-WEU-PRT,brick,2035,downcycling,0.5459724553823876
C-WEU-PRT,brick,2035,incineration,0
C-WEU-PRT,brick,2035,landfilling,0.02843060733847189
C-WEU-PRT,brick,2035,recycling,0.4255969372791405
C-WEU-PRT,brick,2035,reuse,0
C-WEU-PRT,brick,2040,downcycling,0.5459724553823876
C-WEU-PRT,brick,2040,incineration,0
C-WEU-PRT,brick,2040,landfilling,0.02843060733847189
C-WEU-PRT,brick,2040,recycling,0.4255969372791405
C-WEU-PRT,brick,2040,reuse,0
C-WEU-PRT,brick,2045,downcycling,0.5459724553823876
C-WEU-PRT,brick,2045,incineration,0
C-WEU-PRT,brick,2045,landfilling,0.02843060733847189
C-WEU-PRT,brick,2045,recycling,0.4255969372791405
C-WEU-PRT,brick,2045,reuse,0
C-WEU-PRT,brick,2050,downcycling,0.5459724553823876
C-WEU-PRT,brick,2050,incineration,0
C-WEU-PRT,brick,2050,landfilling,0.02843060733847189
C-WEU-PRT,brick,2050,recycling,0.4255969372791405
C-WEU-PRT,brick,2050,reuse,0
C-WEU-PRT,brick,2055,downcycling,0.5459724553823876
C-WEU-PRT,brick,2055,incineration,0
C-WEU-PRT,brick,2055,landfilling,0.02843060733847189
C-WEU-PRT,brick,2055,recycling,0.4255969372791405
C-WEU-PRT,brick,2055,reuse,0
C-WEU-PRT,brick,2060,downcycling,0.5459724553823876
C-WEU-PRT,brick,2060,incineration,0
C-WEU-PRT,brick,2060,landfilling,0.02843060733847189
C-WEU-PRT,brick,2060,recycling,0.4255969372791405
C-WEU-PRT,brick,2060,reuse,0
C-WEU-PRT,brick,2065,downcycling,0.5459724553823876
C-WEU-PRT,brick,2065,incineration,0
C-WEU-PRT,brick,2065,landfilling,0.02843060733847189
C-WEU-PRT,brick,2065,recycling,0.4255969372791405
C-WEU-PRT,brick,2065,reuse,0
C-WEU-PRT,brick,2070,downcycling,0.5459724553823876
C-WEU-PRT,brick,2070,incineration,0
C-WEU-PRT,brick,2070,landfilling,0.02843060733847189
C-WEU-PRT,brick,2070,recycling,0.4255969372791405
C-WEU-PRT,brick,2070,reuse,0
C-WEU-PRT,brick,2075,downcycling,0.5459724553823876
C-WEU-PRT,brick,2075,incineration,0
C-WEU-PRT,brick,2075,landfilling,0.02843060733847189
C-WEU-PRT,brick,2075,recycling,0.4255969372791405
C-WEU-PRT,brick,2075,reuse,0
C-WEU-PRT,brick,2080,downcycling,0.5459724553823876
C-WEU-PRT,brick,2080,incineration,0
C-WEU-PRT,brick,2080,landfilling,0.02843060733847189
C-WEU-PRT,brick,2080,recycling,0.4255969372791405
C-WEU-PRT,brick,2080,reuse,0
C-WEU-PRT,brick,2085,downcycling,0.5459724553823876
C-WEU-PRT,brick,2085,incineration,0
C-WEU-PRT,brick,2085,landfilling,0.02843060733847189
C-WEU-PRT,brick,2085,recycling,0.4255969372791405
C-WEU-PRT,brick,2085,reuse,0
C-WEU-PRT,brick,2090,downcycling,0.5459724553823876
C-WEU-PRT,brick,2090,incineration,0
C-WEU-PRT,brick,2090,landfilling,0.02843060733847189
C-WEU-PRT,brick,2090,recycling,0.4255969372791405
C-WEU-PRT,brick,2090,reuse,0
C-WEU-PRT,brick,2095,downcycling,0.5459724553823876
C-WEU-PRT,brick,2095,incineration,0
C-WEU-PRT,brick,2095,landfilling,0.02843060733847189
C-WEU-PRT,brick,2095,recycling,0.4255969372791405
C-WEU-PRT,brick,2095,reuse,0
C-WEU-PRT,brick,2100,downcycling,0.5459724553823876
C-WEU-PRT,brick,2100,incineration,0
C-WEU-PRT,brick,2100,landfilling,0.02843060733847189
C-WEU-PRT,brick,2100,recycling,0.4255969372791405
C-WEU-PRT,brick,2100,reuse,0
C-WEU-PRT,concrete,2015,downcycling,0.5459724553823876
C-WEU-PRT,concrete,2015,incineration,0
C-WEU-PRT,concrete,2015,landfilling,0.02843060733847189
C-WEU-PRT,concrete,2015,recycling,0.4255969372791405
C-WEU-PRT,concrete,2015,reuse,0
C-WEU-PRT,concrete,2020,downcycling,0.5459724553823876
C-WEU-PRT,concrete,2020,incineration,0
C-WEU-PRT,concrete,2020,landfilling,0.02843060733847189
C-WEU-PRT,concrete,2020,recycling,0.4255969372791405
C-WEU-PRT,concrete,2020,reuse,0
C-WEU-PRT,concrete,2025,downcycling,0.5459724553823876
C-WEU-PRT,concrete,2025,incineration,0
C-WEU-PRT,concrete,2025,landfilling,0.02843060733847189
C-WEU-PRT,concrete,2025,recycling,0.4255969372791405
C-WEU-PRT,concrete,2025,reuse,0
C-WEU-PRT,concrete,2030,downcycling,0.5459724553823876
C-WEU-PRT,concrete,2030,incineration,0
C-WEU-PRT,concrete,2030,landfilling,0.02843060733847189
C-WEU-PRT,concrete,2030,recycling,0.4255969372791405
C-WEU-PRT,concrete,2030,reuse,0
C-WEU-PRT,concrete,2035,downcycling,0.5459724553823876
C-WEU-PRT,concrete,2035,incineration,0
C-WEU-PRT,concrete,2035,landfilling,0.02843060733847189
C-WEU-PRT,concrete,2035,recycling,0.4255969372791405
C-WEU-PRT,concrete,2035,reuse,0
C-WEU-PRT,concrete,2040,downcycling,0.5459724553823876
C-WEU-PRT,concrete,2040,incineration,0
C-WEU-PRT,concrete,2040,landfilling,0.02843060733847189
C-WEU-PRT,concrete,2040,recycling,0.4255969372791405
C-WEU-PRT,concrete,2040,reuse,0
C-WEU-PRT,concrete,2045,downcycling,0.5459724553823876
C-WEU-PRT,concrete,2045,incineration,0
C-WEU-PRT,concrete,2045,landfilling,0.02843060733847189
C-WEU-PRT,concrete,2045,recycling,0.4255969372791405
C-WEU-PRT,concrete,2045,reuse,0
C-WEU-PRT,concrete,2050,downcycling,0.5459724553823876
C-WEU-PRT,concrete,2050,incineration,0
C-WEU-PRT,concrete,2050,landfilling,0.02843060733847189
C-WEU-PRT,concrete,2050,recycling,0.4255969372791405
C-WEU-PRT,concrete,2050,reuse,0
C-WEU-PRT,concrete,2055,downcycling,0.5459724553823876
C-WEU-PRT,concrete,2055,incineration,0
C-WEU-PRT,concrete,2055,landfilling,0.02843060733847189
C-WEU-PRT,concrete,2055,recycling,0.4255969372791405
C-WEU-PRT,concrete,2055,reuse,0
C-WEU-PRT,concrete,2060,downcycling,0.5459724553823876
C-WEU-PRT,concrete,2060,incineration,0
C-WEU-PRT,concrete,2060,landfilling,0.02843060733847189
C-WEU-PRT,concrete,2060,recycling,0.4255969372791405
C-WEU-PRT,concrete,2060,reuse,0
C-WEU-PRT,concrete,2065,downcycling,0.5459724553823876
C-WEU-PRT,concrete,2065,incineration,0
C-WEU-PRT,concrete,2065,landfilling,0.02843060733847189
C-WEU-PRT,concrete,2065,recycling,0.4255969372791405
C-WEU-PRT,concrete,2065,reuse,0
C-WEU-PRT,concrete,2070,downcycling,0.5459724553823876
C-WEU-PRT,concrete,2070,incineration,0
C-WEU-PRT,concrete,2070,landfilling,0.02843060733847189
C-WEU-PRT,concrete,2070,recycling,0.4255969372791405
C-WEU-PRT,concrete,2070,reuse,0
C-WEU-PRT,concrete,2075,downcycling,0.5459724553823876
C-WEU-PRT,concrete,2075,incineration,0
C-WEU-PRT,concrete,2075,landfilling,0.02843060733847189
C-WEU-PRT,concrete,2075,recycling,0.4255969372791405
C-WEU-PRT,concrete,2075,reuse,0
C-WEU-PRT,concrete,2080,downcycling,0.5459724553823876
C-WEU-PRT,concrete,2080,incineration,0
C-WEU-PRT,concrete,2080,landfilling,0.02843060733847189
C-WEU-PRT,concrete,2080,recycling,0.4255969372791405
C-WEU-PRT,concrete,2080,reuse,0
C-WEU-PRT,concrete,2085,downcycling,0.5459724553823876
C-WEU-PRT,concrete,2085,incineration,0
C-WEU-PRT,concrete,2085,landfilling,0.02843060733847189
C-WEU-PRT,concrete,2085,recycling,0.4255969372791405
C-WEU-PRT,concrete,2085,reuse,0
C-WEU-PRT,concrete,2090,downcycling,0.5459724553823876
C-WEU-PRT,concrete,2090,incineration,0
C-WEU-PRT,concrete,2090,landfilling,0.02843060733847189
C-WEU-PRT,concrete,2090,recycling,0.4255969372791405
C-WEU-PRT,concrete,2090,reuse,0
C-WEU-PRT,concrete,2095,downcycling,0.5459724553823876
C-WEU-PRT,concrete,2095,incineration,0
C-WEU-PRT,concrete,2095,landfilling,0.02843060733847189
C-WEU-PRT,concrete,2095,recycling,0.4255969372791405
C-WEU-PRT,concrete,2095,reuse,0
C-WEU-PRT,concrete,2100,downcycling,0.5459724553823876
C-WEU-PRT,concrete,2100,incineration,0
C-WEU-PRT,concrete,2100,landfilling,0.02843060733847189
C-WEU-PRT,concrete,2100,recycling,0.4255969372791405
C-WEU-PRT,concrete,2100,reuse,0
C-WEU-PRT,copper,2015,downcycling,0
C-WEU-PRT,copper,2015,incineration,0
C-WEU-PRT,copper,2015,landfilling,0.00776449793788401
C-WEU-PRT,copper,2015,recycling,0.992235502062116
C-WEU-PRT,copper,2015,reuse,0
C-WEU-PRT,copper,2020,downcycling,0
C-WEU-PRT,copper,2020,incineration,0
C-WEU-PRT,copper,2020,landfilling,0.00776449793788401
C-WEU-PRT,copper,2020,recycling,0.992235502062116
C-WEU-PRT,copper,2020,reuse,0
C-WEU-PRT,copper,2025,downcycling,0
C-WEU-PRT,copper,2025,incineration,0
C-WEU-PRT,copper,2025,landfilling,0.00776449793788401
C-WEU-PRT,copper,2025,recycling,0.992235502062116
C-WEU-PRT,copper,2025,reuse,0
C-WEU-PRT,copper,2030,downcycling,0
C-WEU-PRT,copper,2030,incineration,0
C-WEU-PRT,copper,2030,landfilling,0.00776449793788401
C-WEU-PRT,copper,2030,recycling,0.992235502062116
C-WEU-PRT,copper,2030,reuse,0
C-WEU-PRT,copper,2035,downcycling,0
C-WEU-PRT,copper,2035,incineration,0
C-WEU-PRT,copper,2035,landfilling,0.00776449793788401
C-WEU-PRT,copper,2035,recycling,0.992235502062116
C-WEU-PRT,copper,2035,reuse,0
C-WEU-PRT,copper,2040,downcycling,0
C-WEU-PRT,copper,2040,incineration,0
C-WEU-PRT,copper,2040,landfilling,0.00776449793788401
C-WEU-PRT,copper,2040,recycling,0.992235502062116
C-WEU-PRT,copper,2040,reuse,0
C-WEU-PRT,copper,2045,downcycling,0
C-WEU-PRT,copper,2045,incineration,0
C-WEU-PRT,copper,2045,landfilling,0.00776449793788401
C-WEU-PRT,copper,2045,recycling,0.992235502062116
C-WEU-PRT,copper,2045,reuse,0
C-WEU-PRT,copper,2050,downcycling,0
C-WEU-PRT,copper,2050,incineration,0
C-WEU-PRT,copper,2050,landfilling,0.00776449793788401
C-WEU-PRT,copper,2050,recycling,0.992235502062116
C-WEU-PRT,copper,2050,reuse,0
C-WEU-PRT,copper,2055,downcycling,0
C-WEU-PRT,copper,2055,incineration,0
C-WEU-PRT,copper,2055,landfilling,0.00776449793788401
C-WEU-PRT,copper,2055,recycling,0.992235502062116
C-WEU-PRT,copper,2055,reuse,0
C-WEU-PRT,copper,2060,downcycling,0
C-WEU-PRT,copper,2060,incineration,0
C-WEU-PRT,copper,2060,landfilling,0.00776449793788401
C-WEU-PRT,copper,2060,recycling,0.992235502062116
C-WEU-PRT,copper,2060,reuse,0
C-WEU-PRT,copper,2065,downcycling,0
C-WEU-PRT,copper,2065,incineration,0
C-WEU-PRT,copper,2065,landfilling,0.00776449793788401
C-WEU-PRT,copper,2065,recycling,0.992235502062116
C-WEU-PRT,copper,2065,reuse,0
C-WEU-PRT,copper,2070,downcycling,0
C-WEU-PRT,copper,2070,incineration,0
C-WEU-PRT,copper,2070,landfilling,0.00776449793788401
C-WEU-PRT,copper,2070,recycling,0.992235502062116
C-WEU-PRT,copper,2070,reuse,0
C-WEU-PRT,copper,2075,downcycling,0
C-WEU-PRT,copper,2075,incineration,0
C-WEU-PRT,copper,2075,landfilling,0.00776449793788401
C-WEU-PRT,copper,2075,recycling,0.992235502062116
C-WEU-PRT,copper,2075,reuse,0
C-WEU-PRT,copper,2080,downcycling,0
C-WEU-PRT,copper,2080,incineration,0
C-WEU-PRT,copper,2080,landfilling,0.00776449793788401
C-WEU-PRT,copper,2080,recycling,0.992235502062116
C-WEU-PRT,copper,2080,reuse,0
C-WEU-PRT,copper,2085,downcycling,0
C-WEU-PRT,copper,2085,incineration,0
C-WEU-PRT,copper,2085,landfilling,0.00776449793788401
C-WEU-PRT,copper,2085,recycling,0.992235502062116
C-WEU-PRT,copper,2085,reuse,0
C-WEU-PRT,copper,2090,downcycling,0
C-WEU-PRT,copper,2090,incineration,0
C-WEU-PRT,copper,2090,landfilling,0.00776449793788401
C-WEU-PRT,copper,2090,recycling,0.992235502062116
C-WEU-PRT,copper,2090,reuse,0
C-WEU-PRT,copper,2095,downcycling,0
C-WEU-PRT,copper,2095,incineration,0
C-WEU-PRT,copper,2095,landfilling,0.00776449793788401
C-WEU-PRT,copper,2095,recycling,0.992235502062116
C-WEU-PRT,copper,2095,reuse,0
C-WEU-PRT,copper,2100,downcycling,0
C-WEU-PRT,copper,2100,incineration,0
C-WEU-PRT,copper,2100,landfilling,0.00776449793788401
C-WEU-PRT,copper,2100,recycling,0.992235502062116
C-WEU-PRT,copper,2100,reuse,0
C-WEU-PRT,glass,2015,downcycling,0.24
C-WEU-PRT,glass,2015,incineration,0
C-WEU-PRT,glass,2015,landfilling,0.7
C-WEU-PRT,glass,2015,recycling,0.06
C-WEU-PRT,glass,2015,reuse,0
C-WEU-PRT,glass,2020,downcycling,0.24
C-WEU-PRT,glass,2020,incineration,0
C-WEU-PRT,glass,2020,landfilling,0.7
C-WEU-PRT,glass,2020,recycling,0.06
C-WEU-PRT,glass,2020,reuse,0
C-WEU-PRT,glass,2025,downcycling,0.24
C-WEU-PRT,glass,2025,incineration,0
C-WEU-PRT,glass,2025,landfilling,0.7
C-WEU-PRT,glass,2025,recycling,0.06
C-WEU-PRT,glass,2025,reuse,0
C-WEU-PRT,glass,2030,downcycling,0.24
C-WEU-PRT,glass,2030,incineration,0
C-WEU-PRT,glass,2030,landfilling,0.7
C-WEU-PRT,glass,2030,recycling,0.06
C-WEU-PRT,glass,2030,reuse,0
C-WEU-PRT,glass,2035,downcycling,0.24
C-WEU-PRT,glass,2035,incineration,0
C-WEU-PRT,glass,2035,landfilling,0.7
C-WEU-PRT,glass,2035,recycling,0.06
C-WEU-PRT,glass,2035,reuse,0
C-WEU-PRT,glass,2040,downcycling,0.24
C-WEU-PRT,glass,2040,incineration,0
C-WEU-PRT,glass,2040,landfilling,0.7
C-WEU-PRT,glass,2040,recycling,0.06
C-WEU-PRT,glass,2040,reuse,0
C-WEU-PRT,glass,2045,downcycling,0.24
C-WEU-PRT,glass,2045,incineration,0
C-WEU-PRT,glass,2045,landfilling,0.7
C-WEU-PRT,glass,2045,recycling,0.06
C-WEU-PRT,glass,2045,reuse,0
C-WEU-PRT,glass,2050,downcycling,0.24
C-WEU-PRT,glass,2050,incineration,0
C-WEU-PRT,glass,2050,landfilling,0.7
C-WEU-PRT,glass,2050,recycling,0.06
C-WEU-PRT,glass,2050,reuse,0
C-WEU-PRT,glass,2055,downcycling,0.24
C-WEU-PRT,glass,2055,incineration,0
C-WEU-PRT,glass,2055,landfilling,0.7
C-WEU-PRT,glass,2055,recycling,0.06
C-WEU-PRT,glass,2055,reuse,0
C-WEU-PRT,glass,2060,downcycling,0.24
C-WEU-PRT,glass,2060,incineration,0
C-WEU-PRT,glass,2060,landfilling,0.7
C-WEU-PRT,glass,2060,recycling,0.06
C-WEU-PRT,glass,2060,reuse,0
C-WEU-PRT,glass,2065,downcycling,0.24
C-WEU-PRT,glass,2065,incineration,0
C-WEU-PRT,glass,2065,landfilling,0.7
C-WEU-PRT,glass,2065,recycling,0.06
C-WEU-PRT,glass,2065,reuse,0
C-WEU-PRT,glass,2070,downcycling,0.24
C-WEU-PRT,glass,2070,incineration,0
C-WEU-PRT,glass,2070,landfilling,0.7
C-WEU-PRT,glass,2070,recycling,0.06
C-WEU-PRT,glass,2070,reuse,0
C-WEU-PRT,glass,2075,downcycling,0.24
C-WEU-PRT,glass,2075,incineration,0
C-WEU-PRT,glass,2075,landfilling,0.7
C-WEU-PRT,glass,2075,recycling,0.06
C-WEU-PRT,glass,2075,reuse,0
C-WEU-PRT,glass,2080,downcycling,0.24
C-WEU-PRT,glass,2080,incineration,0
C-WEU-PRT,glass,2080,landfilling,0.7
C-WEU-PRT,glass,2080,recycling,0.06
C-WEU-PRT,glass,2080,reuse,0
C-WEU-PRT,glass,2085,downcycling,0.24
C-WEU-PRT,glass,2085,incineration,0
C-WEU-PRT,glass,2085,landfilling,0.7
C-WEU-PRT,glass,2085,recycling,0.06
C-WEU-PRT,glass,2085,reuse,0
C-WEU-PRT,glass,2090,downcycling,0.24
C-WEU-PRT,glass,2090,incineration,0
C-WEU-PRT,glass,2090,landfilling,0.7
C-WEU-PRT,glass,2090,recycling,0.06
C-WEU-PRT,glass,2090,reuse,0
C-WEU-PRT,glass,2095,downcycling,0.24
C-WEU-PRT,glass,2095,incineration,0
C-WEU-PRT,glass,2095,landfilling,0.7
C-WEU-PRT,glass,2095,recycling,0.06
C-WEU-PRT,glass,2095,reuse,0
C-WEU-PRT,glass,2100,downcycling,0.24
C-WEU-PRT,glass,2100,incineration,0
C-WEU-PRT,glass,2100,landfilling,0.7
C-WEU-PRT,glass,2100,recycling,0.06
C-WEU-PRT,glass,2100,reuse,0
C-WEU-PRT,steel,2015,downcycling,0
C-WEU-PRT,steel,2015,incineration,0
C-WEU-PRT,steel,2015,landfilling,1.5923472385138355e-4
C-WEU-PRT,steel,2015,recycling,0.9998407652761486
C-WEU-PRT,steel,2015,reuse,0
C-WEU-PRT,steel,2020,downcycling,0
C-WEU-PRT,steel,2020,incineration,0
C-WEU-PRT,steel,2020,landfilling,1.5923472385138355e-4
C-WEU-PRT,steel,2020,recycling,0.9998407652761486
C-WEU-PRT,steel,2020,reuse,0
C-WEU-PRT,steel,2025,downcycling,0
C-WEU-PRT,steel,2025,incineration,0
C-WEU-PRT,steel,2025,landfilling,1.5923472385138355e-4
C-WEU-PRT,steel,2025,recycling,0.9998407652761486
C-WEU-PRT,steel,2025,reuse,0
C-WEU-PRT,steel,2030,downcycling,0
C-WEU-PRT,steel,2030,incineration,0
C-WEU-PRT,steel,2030,landfilling,1.5923472385138355e-4
C-WEU-PRT,steel,2030,recycling,0.9998407652761486
C-WEU-PRT,steel,2030,reuse,0
C-WEU-PRT,steel,2035,downcycling,0
C-WEU-PRT,steel,2035,incineration,0
C-WEU-PRT,steel,2035,landfilling,1.5923472385138355e-4
C-WEU-PRT,steel,2035,recycling,0.9998407652761486
C-WEU-PRT,steel,2035,reuse,0
C-WEU-PRT,steel,2040,downcycling,0
C-WEU-PRT,steel,2040,incineration,0
C-WEU-PRT,steel,2040,landfilling,1.5923472385138355e-4
C-WEU-PRT,steel,2040,recycling,0.9998407652761486
C-WEU-PRT,steel,2040,reuse,0
C-WEU-PRT,steel,2045,downcycling,0
C-WEU-PRT,steel,2045,incineration,0
C-WEU-PRT,steel,2045,landfilling,1.5923472385138355e-4
C-WEU-PRT,steel,2045,recycling,0.9998407652761486
C-WEU-PRT,steel,2045,reuse,0
C-WEU-PRT,steel,2050,downcycling,0
C-WEU-PRT,steel,2050,incineration,0
C-WEU-PRT,steel,2050,landfilling,1.5923472385138355e-4
C-WEU-PRT,steel,2050,recycling,0.9998407652761486
C-WEU-PRT,steel,2050,reuse,0
C-WEU-PRT,steel,2055,downcycling,0
C-WEU-PRT,steel,2055,incineration,0
C-WEU-PRT,steel,2055,landfilling,1.5923472385138355e-4
C-WEU-PRT,steel,2055,recycling,0.9998407652761486
C-WEU-PRT,steel,2055,reuse,0
C-WEU-PRT,steel,2060,downcycling,0
C-WEU-PRT,steel,2060,incineration,0
C-WEU-PRT,steel,2060,landfilling,1.5923472385138355e-4
C-WEU-PRT,steel,2060,recycling,0.9998407652761486
C-WEU-PRT,steel,2060,reuse,0
C-WEU-PRT,steel,2065,downcycling,0
C-WEU-PRT,steel,2065,incineration,0
C-WEU-PRT,steel,2065,landfilling,1.5923472385138355e-4
C-WEU-PRT,steel,2065,recycling,0.9998407652761486
C-WEU-PRT,steel,2065,reuse,0
C-WEU-PRT,steel,2070,downcycling,0
C-WEU-PRT,steel,2070,incineration,0
C-WEU-PRT,steel,2070,landfilling,1.5923472385138355e-4
C-WEU-PRT,steel,2070,recycling,0.9998407652761486
C-WEU-PRT,steel,2070,reuse,0
C-WEU-PRT,steel,2075,downcycling,0
C-WEU-PRT,steel,2075,incineration,0
C-WEU-PRT,steel,2075,landfilling,1.5923472385138355e-4
C-WEU-PRT,steel,2075,recycling,0.9998407652761486
C-WEU-PRT,steel,2075,reuse,0
C-WEU-PRT,steel,2080,downcycling,0
C-WEU-PRT,steel,2080,incineration,0
C-WEU-PRT,steel,2080,landfilling,1.5923472385138355e-4
C-WEU-PRT,steel,2080,recycling,0.9998407652761486
C-WEU-PRT,steel,2080,reuse,0
C-WEU-PRT,steel,2085,downcycling,0
C-WEU-PRT,steel,2085,incineration,0
C-WEU-PRT,steel,2085,landfilling,1.5923472385138355e-4
C-WEU-PRT,steel,2085,recycling,0.9998407652761486
C-WEU-PRT,steel,2085,reuse,0
C-WEU-PRT,steel,2090,downcycling,0
C-WEU-PRT,steel,2090,incineration,0
C-WEU-PRT,steel,2090,landfilling,1.5923472385138355e-4
C-WEU-PRT,steel,2090,recycling,0.9998407652761486
C-WEU-PRT,steel,2090,reuse,0
C-WEU-PRT,steel,2095,downcycling,0
C-WEU-PRT,steel,2095,incineration,0
C-WEU-PRT,steel,2095,landfilling,1.5923472385138355e-4
C-WEU-PRT,steel,2095,recycling,0.9998407652761486
C-WEU-PRT,steel,2095,reuse,0
C-WEU-PRT,steel,2100,downcycling,0
C-WEU-PRT,steel,2100,incineration,0
C-WEU-PRT,steel,2100,landfilling,1.5923472385138355e-4
C-WEU-PRT,steel,2100,recycling,0.9998407652761486
C-WEU-PRT,steel,2100,reuse,0
C-WEU-PRT,wood,2015,downcycling,0
C-WEU-PRT,wood,2015,incineration,0.64
C-WEU-PRT,wood,2015,landfilling,0.06
C-WEU-PRT,wood,2015,recycling,0.3
C-WEU-PRT,wood,2015,reuse,0
C-WEU-PRT,wood,2020,downcycling,0
C-WEU-PRT,wood,2020,incineration,0.64
C-WEU-PRT,wood,2020,landfilling,0.06
C-WEU-PRT,wood,2020,recycling,0.3
C-WEU-PRT,wood,2020,reuse,0
C-WEU-PRT,wood,2025,downcycling,0
C-WEU-PRT,wood,2025,incineration,0.64
C-WEU-PRT,wood,2025,landfilling,0.06
C-WEU-PRT,wood,2025,recycling,0.3
C-WEU-PRT,wood,2025,reuse,0
C-WEU-PRT,wood,2030,downcycling,0
C-WEU-PRT,wood,2030,incineration,0.64
C-WEU-PRT,wood,2030,landfilling,0.06
C-WEU-PRT,wood,2030,recycling,0.3
C-WEU-PRT,wood,2030,reuse,0
C-WEU-PRT,wood,2035,downcycling,0
C-WEU-PRT,wood,2035,incineration,0.64
C-WEU-PRT,wood,2035,landfilling,0.06
C-WEU-PRT,wood,2035,recycling,0.3
C-WEU-PRT,wood,2035,reuse,0
C-WEU-PRT,wood,2040,downcycling,0
C-WEU-PRT,wood,2040,incineration,0.64
C-WEU-PRT,wood,2040,landfilling,0.06
C-WEU-PRT,wood,2040,recycling,0.3
C-WEU-PRT,wood,2040,reuse,0
C-WEU-PRT,wood,2045,downcycling,0
C-WEU-PRT,wood,2045,incineration,0.64
C-WEU-PRT,wood,2045,landfilling,0.06
C-WEU-PRT,wood,2045,recycling,0.3
C-WEU-PRT,wood,2045,reuse,0
C-WEU-PRT,wood,2050,downcycling,0
C-WEU-PRT,wood,2050,incineration,0.64
C-WEU-PRT,wood,2050,landfilling,0.06
C-WEU-PRT,wood,2050,recycling,0.3
C-WEU-PRT,wood,2050,reuse,0
C-WEU-PRT,wood,2055,downcycling,0
C-WEU-PRT,wood,2055,incineration,0.64
C-WEU-PRT,wood,2055,landfilling,0.06
C-WEU-PRT,wood,2055,recycling,0.3
C-WEU-PRT,wood,2055,reuse,0
C-WEU-PRT,wood,2060,downcycling,0
C-WEU-PRT,wood,2060,incineration,0.64
C-WEU-PRT,wood,2060,landfilling,0.06
C-WEU-PRT,wood,2060,recycling,0.3
C-WEU-PRT,wood,2060,reuse,0
C-WEU-PRT,wood,2065,downcycling,0
C-WEU-PRT,wood,2065,incineration,0.64
C-WEU-PRT,wood,2065,landfilling,0.06
C-WEU-PRT,wood,2065,recycling,0.3
C-WEU-PRT,wood,2065,reuse,0
C-WEU-PRT,wood,2070,downcycling,0
C-WEU-PRT,wood,2070,incineration,0.64
C-WEU-PRT,wood,2070,landfilling,0.06
C-WEU-PRT,wood,2070,recycling,0.3
C-WEU-PRT,wood,2070,reuse,0
C-WEU-PRT,wood,2075,downcycling,0
C-WEU-PRT,wood,2075,incineration,0.64
C-WEU-PRT,wood,2075,landfilling,0.06
C-WEU-PRT,wood,2075,recycling,0.3
C-WEU-PRT,wood,2075,reuse,0
C-WEU-PRT,wood,2080,downcycling,0
C-WEU-PRT,wood,2080,incineration,0.64
C-WEU-PRT,wood,2080,landfilling,0.06
C-WEU-PRT,wood,2080,recycling,0.3
C-WEU-PRT,wood,2080,reuse,0
C-WEU-PRT,wood,2085,downcycling,0
C-WEU-PRT,wood,2085,incineration,0.64
C-WEU-PRT,wood,2085,landfilling,0.06
C-WEU-PRT,wood,2085,recycling,0.3
C-WEU-PRT,wood,2085,reuse,0
C-WEU-PRT,wood,2090,downcycling,0
C-WEU-PRT,wood,2090,incineration,0.64
C-WEU-PRT,wood,2090,landfilling,0.06
C-WEU-PRT,wood,2090,recycling,0.3
C-WEU-PRT,wood,2090,reuse,0
C-WEU-PRT,wood,2095,downcycling,0
C-WEU-PRT,wood,2095,incineration,0.64
C-WEU-PRT,wood,2095,landfilling,0.06
C-WEU-PRT,wood,2095,recycling,0.3
C-WEU-PRT,wood,2095,reuse,0
C-WEU-PRT,wood,2100,downcycling,0
C-WEU-PRT,wood,2100,incineration,0.64
C-WEU-PRT,wood,2100,landfilling,0.06
C-WEU-PRT,wood,2100,recycling,0.3
C-WEU-PRT,wood,2100,reuse,0
C-WEU-SWE,aluminum,2015,downcycling,0
C-WEU-SWE,aluminum,2015,incineration,0
C-WEU-SWE,aluminum,2015,landfilling,0
C-WEU-SWE,aluminum,2015,recycling,1
C-WEU-SWE,aluminum,2015,reuse,0
C-WEU-SWE,aluminum,2020,downcycling,0
C-WEU-SWE,aluminum,2020,incineration,0
C-WEU-SWE,aluminum,2020,landfilling,0
C-WEU-SWE,aluminum,2020,recycling,1
C-WEU-SWE,aluminum,2020,reuse,0
C-WEU-SWE,aluminum,2025,downcycling,0
C-WEU-SWE,aluminum,2025,incineration,0
C-WEU-SWE,aluminum,2025,landfilling,0
C-WEU-SWE,aluminum,2025,recycling,1
C-WEU-SWE,aluminum,2025,reuse,0
C-WEU-SWE,aluminum,2030,downcycling,0
C-WEU-SWE,aluminum,2030,incineration,0
C-WEU-SWE,aluminum,2030,landfilling,0
C-WEU-SWE,aluminum,2030,recycling,1
C-WEU-SWE,aluminum,2030,reuse,0
C-WEU-SWE,aluminum,2035,downcycling,0
C-WEU-SWE,aluminum,2035,incineration,0
C-WEU-SWE,aluminum,2035,landfilling,0
C-WEU-SWE,aluminum,2035,recycling,1
C-WEU-SWE,aluminum,2035,reuse,0
C-WEU-SWE,aluminum,2040,downcycling,0
C-WEU-SWE,aluminum,2040,incineration,0
C-WEU-SWE,aluminum,2040,landfilling,0
C-WEU-SWE,aluminum,2040,recycling,1
C-WEU-SWE,aluminum,2040,reuse,0
C-WEU-SWE,aluminum,2045,downcycling,0
C-WEU-SWE,aluminum,2045,incineration,0
C-WEU-SWE,aluminum,2045,landfilling,0
C-WEU-SWE,aluminum,2045,recycling,1
C-WEU-SWE,aluminum,2045,reuse,0
C-WEU-SWE,aluminum,2050,downcycling,0
C-WEU-SWE,aluminum,2050,incineration,0
C-WEU-SWE,aluminum,2050,landfilling,0
C-WEU-SWE,aluminum,2050,recycling,1
C-WEU-SWE,aluminum,2050,reuse,0
C-WEU-SWE,aluminum,2055,downcycling,0
C-WEU-SWE,aluminum,2055,incineration,0
C-WEU-SWE,aluminum,2055,landfilling,0
C-WEU-SWE,aluminum,2055,recycling,1
C-WEU-SWE,aluminum,2055,reuse,0
C-WEU-SWE,aluminum,2060,downcycling,0
C-WEU-SWE,aluminum,2060,incineration,0
C-WEU-SWE,aluminum,2060,landfilling,0
C-WEU-SWE,aluminum,2060,recycling,1
C-WEU-SWE,aluminum,2060,reuse,0
C-WEU-SWE,aluminum,2065,downcycling,0
C-WEU-SWE,aluminum,2065,incineration,0
C-WEU-SWE,aluminum,2065,landfilling,0
C-WEU-SWE,aluminum,2065,recycling,1
C-WEU-SWE,aluminum,2065,reuse,0
C-WEU-SWE,aluminum,2070,downcycling,0
C-WEU-SWE,aluminum,2070,incineration,0
C-WEU-SWE,aluminum,2070,landfilling,0
C-WEU-SWE,aluminum,2070,recycling,1
C-WEU-SWE,aluminum,2070,reuse,0
C-WEU-SWE,aluminum,2075,downcycling,0
C-WEU-SWE,aluminum,2075,incineration,0
C-WEU-SWE,aluminum,2075,landfilling,0
C-WEU-SWE,aluminum,2075,recycling,1
C-WEU-SWE,aluminum,2075,reuse,0
C-WEU-SWE,aluminum,2080,downcycling,0
C-WEU-SWE,aluminum,2080,incineration,0
C-WEU-SWE,aluminum,2080,landfilling,0
C-WEU-SWE,aluminum,2080,recycling,1
C-WEU-SWE,aluminum,2080,reuse,0
C-WEU-SWE,aluminum,2085,downcycling,0
C-WEU-SWE,aluminum,2085,incineration,0
C-WEU-SWE,aluminum,2085,landfilling,0
C-WEU-SWE,aluminum,2085,recycling,1
C-WEU-SWE,aluminum,2085,reuse,0
C-WEU-SWE,aluminum,2090,downcycling,0
C-WEU-SWE,aluminum,2090,incineration,0
C-WEU-SWE,aluminum,2090,landfilling,0
C-WEU-SWE,aluminum,2090,recycling,1
C-WEU-SWE,aluminum,2090,reuse,0
C-WEU-SWE,aluminum,2095,downcycling,0
C-WEU-SWE,aluminum,2095,incineration,0
C-WEU-SWE,aluminum,2095,landfilling,0
C-WEU-SWE,aluminum,2095,recycling,1
C-WEU-SWE,aluminum,2095,reuse,0
C-WEU-SWE,aluminum,2100,downcycling,0
C-WEU-SWE,aluminum,2100,incineration,0
C-WEU-SWE,aluminum,2100,landfilling,0
C-WEU-SWE,aluminum,2100,recycling,1
C-WEU-SWE,aluminum,2100,reuse,0
C-WEU-SWE,brick,2015,downcycling,0.22446640438648124
C-WEU-SWE,brick,2015,incineration,0
C-WEU-SWE,brick,2015,landfilling,0.224481577272029
C-WEU-SWE,brick,2015,recycling,0.5510520183414899
C-WEU-SWE,brick,2015,reuse,0
C-WEU-SWE,brick,2020,downcycling,0.22446640438648124
C-WEU-SWE,brick,2020,incineration,0
C-WEU-SWE,brick,2020,landfilling,0.224481577272029
C-WEU-SWE,brick,2020,recycling,0.5510520183414899
C-WEU-SWE,brick,2020,reuse,0
C-WEU-SWE,brick,2025,downcycling,0.22446640438648124
C-WEU-SWE,brick,2025,incineration,0
C-WEU-SWE,brick,2025,landfilling,0.224481577272029
C-WEU-SWE,brick,2025,recycling,0.5510520183414899
C-WEU-SWE,brick,2025,reuse,0
C-WEU-SWE,brick,2030,downcycling,0.22446640438648124
C-WEU-SWE,brick,2030,incineration,0
C-WEU-SWE,brick,2030,landfilling,0.224481577272029
C-WEU-SWE,brick,2030,recycling,0.5510520183414899
C-WEU-SWE,brick,2030,reuse,0
C-WEU-SWE,brick,2035,downcycling,0.22446640438648124
C-WEU-SWE,brick,2035,incineration,0
C-WEU-SWE,brick,2035,landfilling,0.224481577272029
C-WEU-SWE,brick,2035,recycling,0.5510520183414899
C-WEU-SWE,brick,2035,reuse,0
C-WEU-SWE,brick,2040,downcycling,0.22446640438648124
C-WEU-SWE,brick,2040,incineration,0
C-WEU-SWE,brick,2040,landfilling,0.224481577272029
C-WEU-SWE,brick,2040,recycling,0.5510520183414899
C-WEU-SWE,brick,2040,reuse,0
C-WEU-SWE,brick,2045,downcycling,0.22446640438648124
C-WEU-SWE,brick,2045,incineration,0
C-WEU-SWE,brick,2045,landfilling,0.224481577272029
C-WEU-SWE,brick,2045,recycling,0.5510520183414899
C-WEU-SWE,brick,2045,reuse,0
C-WEU-SWE,brick,2050,downcycling,0.22446640438648124
C-WEU-SWE,brick,2050,incineration,0
C-WEU-SWE,brick,2050,landfilling,0.224481577272029
C-WEU-SWE,brick,2050,recycling,0.5510520183414899
C-WEU-SWE,brick,2050,reuse,0
C-WEU-SWE,brick,2055,downcycling,0.22446640438648124
C-WEU-SWE,brick,2055,incineration,0
C-WEU-SWE,brick,2055,landfilling,0.224481577272029
C-WEU-SWE,brick,2055,recycling,0.5510520183414899
C-WEU-SWE,brick,2055,reuse,0
C-WEU-SWE,brick,2060,downcycling,0.22446640438648124
C-WEU-SWE,brick,2060,incineration,0
C-WEU-SWE,brick,2060,landfilling,0.224481577272029
C-WEU-SWE,brick,2060,recycling,0.5510520183414899
C-WEU-SWE,brick,2060,reuse,0
C-WEU-SWE,brick,2065,downcycling,0.22446640438648124
C-WEU-SWE,brick,2065,incineration,0
C-WEU-SWE,brick,2065,landfilling,0.224481577272029
C-WEU-SWE,brick,2065,recycling,0.5510520183414899
C-WEU-SWE,brick,2065,reuse,0
C-WEU-SWE,brick,2070,downcycling,0.22446640438648124
C-WEU-SWE,brick,2070,incineration,0
C-WEU-SWE,brick,2070,landfilling,0.224481577272029
C-WEU-SWE,brick,2070,recycling,0.5510520183414899
C-WEU-SWE,brick,2070,reuse,0
C-WEU-SWE,brick,2075,downcycling,0.22446640438648124
C-WEU-SWE,brick,2075,incineration,0
C-WEU-SWE,brick,2075,landfilling,0.224481577272029
C-WEU-SWE,brick,2075,recycling,0.5510520183414899
C-WEU-SWE,brick,2075,reuse,0
C-WEU-SWE,brick,2080,downcycling,0.22446640438648124
C-WEU-SWE,brick,2080,incineration,0
C-WEU-SWE,brick,2080,landfilling,0.224481577272029
C-WEU-SWE,brick,2080,recycling,0.5510520183414899
C-WEU-SWE,brick,2080,reuse,0
C-WEU-SWE,brick,2085,downcycling,0.22446640438648124
C-WEU-SWE,brick,2085,incineration,0
C-WEU-SWE,brick,2085,landfilling,0.224481577272029
C-WEU-SWE,brick,2085,recycling,0.5510520183414899
C-WEU-SWE,brick,2085,reuse,0
C-WEU-SWE,brick,2090,downcycling,0.22446640438648124
C-WEU-SWE,brick,2090,incineration,0
C-WEU-SWE,brick,2090,landfilling,0.224481577272029
C-WEU-SWE,brick,2090,recycling,0.5510520183414899
C-WEU-SWE,brick,2090,reuse,0
C-WEU-SWE,brick,2095,downcycling,0.22446640438648124
C-WEU-SWE,brick,2095,incineration,0
C-WEU-SWE,brick,2095,landfilling,0.224481577272029
C-WEU-SWE,brick,2095,recycling,0.5510520183414899
C-WEU-SWE,brick,2095,reuse,0
C-WEU-SWE,brick,2100,downcycling,0.22446640438648124
C-WEU-SWE,brick,2100,incineration,0
C-WEU-SWE,brick,2100,landfilling,0.224481577272029
C-WEU-SWE,brick,2100,recycling,0.5510520183414899
C-WEU-SWE,brick,2100,reuse,0
C-WEU-SWE,concrete,2015,downcycling,0.22446640438648124
C-WEU-SWE,concrete,2015,incineration,0
C-WEU-SWE,concrete,2015,landfilling,0.224481577272029
C-WEU-SWE,concrete,2015,recycling,0.5510520183414899
C-WEU-SWE,concrete,2015,reuse,0
C-WEU-SWE,concrete,2020,downcycling,0.22446640438648124
C-WEU-SWE,concrete,2020,incineration,0
C-WEU-SWE,concrete,2020,landfilling,0.224481577272029
C-WEU-SWE,concrete,2020,recycling,0.5510520183414899
C-WEU-SWE,concrete,2020,reuse,0
C-WEU-SWE,concrete,2025,downcycling,0.22446640438648124
C-WEU-SWE,concrete,2025,incineration,0
C-WEU-SWE,concrete,2025,landfilling,0.224481577272029
C-WEU-SWE,concrete,2025,recycling,0.5510520183414899
C-WEU-SWE,concrete,2025,reuse,0
C-WEU-SWE,concrete,2030,downcycling,0.22446640438648124
C-WEU-SWE,concrete,2030,incineration,0
C-WEU-SWE,concrete,2030,landfilling,0.224481577272029
C-WEU-SWE,concrete,2030,recycling,0.5510520183414899
C-WEU-SWE,concrete,2030,reuse,0
C-WEU-SWE,concrete,2035,downcycling,0.22446640438648124
C-WEU-SWE,concrete,2035,incineration,0
C-WEU-SWE,concrete,2035,landfilling,0.224481577272029
C-WEU-SWE,concrete,2035,recycling,0.5510520183414899
C-WEU-SWE,concrete,2035,reuse,0
C-WEU-SWE,concrete,2040,downcycling,0.22446640438648124
C-WEU-SWE,concrete,2040,incineration,0
C-WEU-SWE,concrete,2040,landfilling,0.224481577272029
C-WEU-SWE,concrete,2040,recycling,0.5510520183414899
C-WEU-SWE,concrete,2040,reuse,0
C-WEU-SWE,concrete,2045,downcycling,0.22446640438648124
C-WEU-SWE,concrete,2045,incineration,0
C-WEU-SWE,concrete,2045,landfilling,0.224481577272029
C-WEU-SWE,concrete,2045,recycling,0.5510520183414899
C-WEU-SWE,concrete,2045,reuse,0
C-WEU-SWE,concrete,2050,downcycling,0.22446640438648124
C-WEU-SWE,concrete,2050,incineration,0
C-WEU-SWE,concrete,2050,landfilling,0.224481577272029
C-WEU-SWE,concrete,2050,recycling,0.5510520183414899
C-WEU-SWE,concrete,2050,reuse,0
C-WEU-SWE,concrete,2055,downcycling,0.22446640438648124
C-WEU-SWE,concrete,2055,incineration,0
C-WEU-SWE,concrete,2055,landfilling,0.224481577272029
C-WEU-SWE,concrete,2055,recycling,0.5510520183414899
C-WEU-SWE,concrete,2055,reuse,0
C-WEU-SWE,concrete,2060,downcycling,0.22446640438648124
C-WEU-SWE,concrete,2060,incineration,0
C-WEU-SWE,concrete,2060,landfilling,0.224481577272029
C-WEU-SWE,concrete,2060,recycling,0.5510520183414899
C-WEU-SWE,concrete,2060,reuse,0
C-WEU-SWE,concrete,2065,downcycling,0.22446640438648124
C-WEU-SWE,concrete,2065,incineration,0
C-WEU-SWE,concrete,2065,landfilling,0.224481577272029
C-WEU-SWE,concrete,2065,recycling,0.5510520183414899
C-WEU-SWE,concrete,2065,reuse,0
C-WEU-SWE,concrete,2070,downcycling,0.22446640438648124
C-WEU-SWE,concrete,2070,incineration,0
C-WEU-SWE,concrete,2070,landfilling,0.224481577272029
C-WEU-SWE,concrete,2070,recycling,0.5510520183414899
C-WEU-SWE,concrete,2070,reuse,0
C-WEU-SWE,concrete,2075,downcycling,0.22446640438648124
C-WEU-SWE,concrete,2075,incineration,0
C-WEU-SWE,concrete,2075,landfilling,0.224481577272029
C-WEU-SWE,concrete,2075,recycling,0.5510520183414899
C-WEU-SWE,concrete,2075,reuse,0
C-WEU-SWE,concrete,2080,downcycling,0.22446640438648124
C-WEU-SWE,concrete,2080,incineration,0
C-WEU-SWE,concrete,2080,landfilling,0.224481577272029
C-WEU-SWE,concrete,2080,recycling,0.5510520183414899
C-WEU-SWE,concrete,2080,reuse,0
C-WEU-SWE,concrete,2085,downcycling,0.22446640438648124
C-WEU-SWE,concrete,2085,incineration,0
C-WEU-SWE,concrete,2085,landfilling,0.224481577272029
C-WEU-SWE,concrete,2085,recycling,0.5510520183414899
C-WEU-SWE,concrete,2085,reuse,0
C-WEU-SWE,concrete,2090,downcycling,0.22446640438648124
C-WEU-SWE,concrete,2090,incineration,0
C-WEU-SWE,concrete,2090,landfilling,0.224481577272029
C-WEU-SWE,concrete,2090,recycling,0.5510520183414899
C-WEU-SWE,concrete,2090,reuse,0
C-WEU-SWE,concrete,2095,downcycling,0.22446640438648124
C-WEU-SWE,concrete,2095,incineration,0
C-WEU-SWE,concrete,2095,landfilling,0.224481577272029
C-WEU-SWE,concrete,2095,recycling,0.5510520183414899
C-WEU-SWE,concrete,2095,reuse,0
C-WEU-SWE,concrete,2100,downcycling,0.22446640438648124
C-WEU-SWE,concrete,2100,incineration,0
C-WEU-SWE,concrete,2100,landfilling,0.224481577272029
C-WEU-SWE,concrete,2100,recycling,0.5510520183414899
C-WEU-SWE,concrete,2100,reuse,0
C-WEU-SWE,copper,2015,downcycling,0
C-WEU-SWE,copper,2015,incineration,0
C-WEU-SWE,copper,2015,landfilling,0
C-WEU-SWE,copper,2015,recycling,1
C-WEU-SWE,copper,2015,reuse,0
C-WEU-SWE,copper,2020,downcycling,0
C-WEU-SWE,copper,2020,incineration,0
C-WEU-SWE,copper,2020,landfilling,0
C-WEU-SWE,copper,2020,recycling,1
C-WEU-SWE,copper,2020,reuse,0
C-WEU-SWE,copper,2025,downcycling,0
C-WEU-SWE,copper,2025,incineration,0
C-WEU-SWE,copper,2025,landfilling,0
C-WEU-SWE,copper,2025,recycling,1
C-WEU-SWE,copper,2025,reuse,0
C-WEU-SWE,copper,2030,downcycling,0
C-WEU-SWE,copper,2030,incineration,0
C-WEU-SWE,copper,2030,landfilling,0
C-WEU-SWE,copper,2030,recycling,1
C-WEU-SWE,copper,2030,reuse,0
C-WEU-SWE,copper,2035,downcycling,0
C-WEU-SWE,copper,2035,incineration,0
C-WEU-SWE,copper,2035,landfilling,0
C-WEU-SWE,copper,2035,recycling,1
C-WEU-SWE,copper,2035,reuse,0
C-WEU-SWE,copper,2040,downcycling,0
C-WEU-SWE,copper,2040,incineration,0
C-WEU-SWE,copper,2040,landfilling,0
C-WEU-SWE,copper,2040,recycling,1
C-WEU-SWE,copper,2040,reuse,0
C-WEU-SWE,copper,2045,downcycling,0
C-WEU-SWE,copper,2045,incineration,0
C-WEU-SWE,copper,2045,landfilling,0
C-WEU-SWE,copper,2045,recycling,1
C-WEU-SWE,copper,2045,reuse,0
C-WEU-SWE,copper,2050,downcycling,0
C-WEU-SWE,copper,2050,incineration,0
C-WEU-SWE,copper,2050,landfilling,0
C-WEU-SWE,copper,2050,recycling,1
C-WEU-SWE,copper,2050,reuse,0
C-WEU-SWE,copper,2055,downcycling,0
C-WEU-SWE,copper,2055,incineration,0
C-WEU-SWE,copper,2055,landfilling,0
C-WEU-SWE,copper,2055,recycling,1
C-WEU-SWE,copper,2055,reuse,0
C-WEU-SWE,copper,2060,downcycling,0
C-WEU-SWE,copper,2060,incineration,0
C-WEU-SWE,copper,2060,landfilling,0
C-WEU-SWE,copper,2060,recycling,1
C-WEU-SWE,copper,2060,reuse,0
C-WEU-SWE,copper,2065,downcycling,0
C-WEU-SWE,copper,2065,incineration,0
C-WEU-SWE,copper,2065,landfilling,0
C-WEU-SWE,copper,2065,recycling,1
C-WEU-SWE,copper,2065,reuse,0
C-WEU-SWE,copper,2070,downcycling,0
C-WEU-SWE,copper,2070,incineration,0
C-WEU-SWE,copper,2070,landfilling,0
C-WEU-SWE,copper,2070,recycling,1
C-WEU-SWE,copper,2070,reuse,0
C-WEU-SWE,copper,2075,downcycling,0
C-WEU-SWE,copper,2075,incineration,0
C-WEU-SWE,copper,2075,landfilling,0
C-WEU-SWE,copper,2075,recycling,1
C-WEU-SWE,copper,2075,reuse,0
C-WEU-SWE,copper,2080,downcycling,0
C-WEU-SWE,copper,2080,incineration,0
C-WEU-SWE,copper,2080,landfilling,0
C-WEU-SWE,copper,2080,recycling,1
C-WEU-SWE,copper,2080,reuse,0
C-WEU-SWE,copper,2085,downcycling,0
C-WEU-SWE,copper,2085,incineration,0
C-WEU-SWE,copper,2085,landfilling,0
C-WEU-SWE,copper,2085,recycling,1
C-WEU-SWE,copper,2085,reuse,0
C-WEU-SWE,copper,2090,downcycling,0
C-WEU-SWE,copper,2090,incineration,0
C-WEU-SWE,copper,2090,landfilling,0
C-WEU-SWE,copper,2090,recycling,1
C-WEU-SWE,copper,2090,reuse,0
C-WEU-SWE,copper,2095,downcycling,0
C-WEU-SWE,copper,2095,incineration,0
C-WEU-SWE,copper,2095,landfilling,0
C-WEU-SWE,copper,2095,recycling,1
C-WEU-SWE,copper,2095,reuse,0
C-WEU-SWE,copper,2100,downcycling,0
C-WEU-SWE,copper,2100,incineration,0
C-WEU-SWE,copper,2100,landfilling,0
C-WEU-SWE,copper,2100,recycling,1
C-WEU-SWE,copper,2100,reuse,0
C-WEU-SWE,glass,2015,downcycling,0.24
C-WEU-SWE,glass,2015,incineration,0
C-WEU-SWE,glass,2015,landfilling,0.7
C-WEU-SWE,glass,2015,recycling,0.06
C-WEU-SWE,glass,2015,reuse,0
C-WEU-SWE,glass,2020,downcycling,0.24
C-WEU-SWE,glass,2020,incineration,0
C-WEU-SWE,glass,2020,landfilling,0.7
C-WEU-SWE,glass,2020,recycling,0.06
C-WEU-SWE,glass,2020,reuse,0
C-WEU-SWE,glass,2025,downcycling,0.24
C-WEU-SWE,glass,2025,incineration,0
C-WEU-SWE,glass,2025,landfilling,0.7
C-WEU-SWE,glass,2025,recycling,0.06
C-WEU-SWE,glass,2025,reuse,0
C-WEU-SWE,glass,2030,downcycling,0.24
C-WEU-SWE,glass,2030,incineration,0
C-WEU-SWE,glass,2030,landfilling,0.7
C-WEU-SWE,glass,2030,recycling,0.06
C-WEU-SWE,glass,2030,reuse,0
C-WEU-SWE,glass,2035,downcycling,0.24
C-WEU-SWE,glass,2035,incineration,0
C-WEU-SWE,glass,2035,landfilling,0.7
C-WEU-SWE,glass,2035,recycling,0.06
C-WEU-SWE,glass,2035,reuse,0
C-WEU-SWE,glass,2040,downcycling,0.24
C-WEU-SWE,glass,2040,incineration,0
C-WEU-SWE,glass,2040,landfilling,0.7
C-WEU-SWE,glass,2040,recycling,0.06
C-WEU-SWE,glass,2040,reuse,0
C-WEU-SWE,glass,2045,downcycling,0.24
C-WEU-SWE,glass,2045,incineration,0
C-WEU-SWE,glass,2045,landfilling,0.7
C-WEU-SWE,glass,2045,recycling,0.06
C-WEU-SWE,glass,2045,reuse,0
C-WEU-SWE,glass,2050,downcycling,0.24
C-WEU-SWE,glass,2050,incineration,0
C-WEU-SWE,glass,2050,landfilling,0.7
C-WEU-SWE,glass,2050,recycling,0.06
C-WEU-SWE,glass,2050,reuse,0
C-WEU-SWE,glass,2055,downcycling,0.24
C-WEU-SWE,glass,2055,incineration,0
C-WEU-SWE,glass,2055,landfilling,0.7
C-WEU-SWE,glass,2055,recycling,0.06
C-WEU-SWE,glass,2055,reuse,0
C-WEU-SWE,glass,2060,downcycling,0.24
C-WEU-SWE,glass,2060,incineration,0
C-WEU-SWE,glass,2060,landfilling,0.7
C-WEU-SWE,glass,2060,recycling,0.06
C-WEU-SWE,glass,2060,reuse,0
C-WEU-SWE,glass,2065,downcycling,0.24
C-WEU-SWE,glass,2065,incineration,0
C-WEU-SWE,glass,2065,landfilling,0.7
C-WEU-SWE,glass,2065,recycling,0.06
C-WEU-SWE,glass,2065,reuse,0
C-WEU-SWE,glass,2070,downcycling,0.24
C-WEU-SWE,glass,2070,incineration,0
C-WEU-SWE,glass,2070,landfilling,0.7
C-WEU-SWE,glass,2070,recycling,0.06
C-WEU-SWE,glass,2070,reuse,0
C-WEU-SWE,glass,2075,downcycling,0.24
C-WEU-SWE,glass,2075,incineration,0
C-WEU-SWE,glass,2075,landfilling,0.7
C-WEU-SWE,glass,2075,recycling,0.06
C-WEU-SWE,glass,2075,reuse,0
C-WEU-SWE,glass,2080,downcycling,0.24
C-WEU-SWE,glass,2080,incineration,0
C-WEU-SWE,glass,2080,landfilling,0.7
C-WEU-SWE,glass,2080,recycling,0.06
C-WEU-SWE,glass,2080,reuse,0
C-WEU-SWE,glass,2085,downcycling,0.24
C-WEU-SWE,glass,2085,incineration,0
C-WEU-SWE,glass,2085,landfilling,0.7
C-WEU-SWE,glass,2085,recycling,0.06
C-WEU-SWE,glass,2085,reuse,0
C-WEU-SWE,glass,2090,downcycling,0.24
C-WEU-SWE,glass,2090,incineration,0
C-WEU-SWE,glass,2090,landfilling,0.7
C-WEU-SWE,glass,2090,recycling,0.06
C-WEU-SWE,glass,2090,reuse,0
C-WEU-SWE,glass,2095,downcycling,0.24
C-WEU-SWE,glass,2095,incineration,0
C-WEU-SWE,glass,2095,landfilling,0.7
C-WEU-SWE,glass,2095,recycling,0.06
C-WEU-SWE,glass,2095,reuse,0
C-WEU-SWE,glass,2100,downcycling,0.24
C-WEU-SWE,glass,2100,incineration,0
C-WEU-SWE,glass,2100,landfilling,0.7
C-WEU-SWE,glass,2100,recycling,0.06
C-WEU-SWE,glass,2100,reuse,0
C-WEU-SWE,steel,2015,downcycling,0
C-WEU-SWE,steel,2015,incineration,0
C-WEU-SWE,steel,2015,landfilling,0.00124895030154973
C-WEU-SWE,steel,2015,recycling,0.9987510496984504
C-WEU-SWE,steel,2015,reuse,0
C-WEU-SWE,steel,2020,downcycling,0
C-WEU-SWE,steel,2020,incineration,0
C-WEU-SWE,steel,2020,landfilling,0.00124895030154973
C-WEU-SWE,steel,2020,recycling,0.9987510496984504
C-WEU-SWE,steel,2020,reuse,0
C-WEU-SWE,steel,2025,downcycling,0
C-WEU-SWE,steel,2025,incineration,0
C-WEU-SWE,steel,2025,landfilling,0.00124895030154973
C-WEU-SWE,steel,2025,recycling,0.9987510496984504
C-WEU-SWE,steel,2025,reuse,0
C-WEU-SWE,steel,2030,downcycling,0
C-WEU-SWE,steel,2030,incineration,0
C-WEU-SWE,steel,2030,landfilling,0.00124895030154973
C-WEU-SWE,steel,2030,recycling,0.9987510496984504
C-WEU-SWE,steel,2030,reuse,0
C-WEU-SWE,steel,2035,downcycling,0
C-WEU-SWE,steel,2035,incineration,0
C-WEU-SWE,steel,2035,landfilling,0.00124895030154973
C-WEU-SWE,steel,2035,recycling,0.9987510496984504
C-WEU-SWE,steel,2035,reuse,0
C-WEU-SWE,steel,2040,downcycling,0
C-WEU-SWE,steel,2040,incineration,0
C-WEU-SWE,steel,2040,landfilling,0.00124895030154973
C-WEU-SWE,steel,2040,recycling,0.9987510496984504
C-WEU-SWE,steel,2040,reuse,0
C-WEU-SWE,steel,2045,downcycling,0
C-WEU-SWE,steel,2045,incineration,0
C-WEU-SWE,steel,2045,landfilling,0.00124895030154973
C-WEU-SWE,steel,2045,recycling,0.9987510496984504
C-WEU-SWE,steel,2045,reuse,0
C-WEU-SWE,steel,2050,downcycling,0
C-WEU-SWE,steel,2050,incineration,0
C-WEU-SWE,steel,2050,landfilling,0.00124895030154973
C-WEU-SWE,steel,2050,recycling,0.9987510496984504
C-WEU-SWE,steel,2050,reuse,0
C-WEU-SWE,steel,2055,downcycling,0
C-WEU-SWE,steel,2055,incineration,0
C-WEU-SWE,steel,2055,landfilling,0.00124895030154973
C-WEU-SWE,steel,2055,recycling,0.9987510496984504
C-WEU-SWE,steel,2055,reuse,0
C-WEU-SWE,steel,2060,downcycling,0
C-WEU-SWE,steel,2060,incineration,0
C-WEU-SWE,steel,2060,landfilling,0.00124895030154973
C-WEU-SWE,steel,2060,recycling,0.9987510496984504
C-WEU-SWE,steel,2060,reuse,0
C-WEU-SWE,steel,2065,downcycling,0
C-WEU-SWE,steel,2065,incineration,0
C-WEU-SWE,steel,2065,landfilling,0.00124895030154973
C-WEU-SWE,steel,2065,recycling,0.9987510496984504
C-WEU-SWE,steel,2065,reuse,0
C-WEU-SWE,steel,2070,downcycling,0
C-WEU-SWE,steel,2070,incineration,0
C-WEU-SWE,steel,2070,landfilling,0.00124895030154973
C-WEU-SWE,steel,2070,recycling,0.9987510496984504
C-WEU-SWE,steel,2070,reuse,0
C-WEU-SWE,steel,2075,downcycling,0
C-WEU-SWE,steel,2075,incineration,0
C-WEU-SWE,steel,2075,landfilling,0.00124895030154973
C-WEU-SWE,steel,2075,recycling,0.9987510496984504
C-WEU-SWE,steel,2075,reuse,0
C-WEU-SWE,steel,2080,downcycling,0
C-WEU-SWE,steel,2080,incineration,0
C-WEU-SWE,steel,2080,landfilling,0.00124895030154973
C-WEU-SWE,steel,2080,recycling,0.9987510496984504
C-WEU-SWE,steel,2080,reuse,0
C-WEU-SWE,steel,2085,downcycling,0
C-WEU-SWE,steel,2085,incineration,0
C-WEU-SWE,steel,2085,landfilling,0.00124895030154973
C-WEU-SWE,steel,2085,recycling,0.9987510496984504
C-WEU-SWE,steel,2085,reuse,0
C-WEU-SWE,steel,2090,downcycling,0
C-WEU-SWE,steel,2090,incineration,0
C-WEU-SWE,steel,2090,landfilling,0.00124895030154973
C-WEU-SWE,steel,2090,recycling,0.9987510496984504
C-WEU-SWE,steel,2090,reuse,0
C-WEU-SWE,steel,2095,downcycling,0
C-WEU-SWE,steel,2095,incineration,0
C-WEU-SWE,steel,2095,landfilling,0.00124895030154973
C-WEU-SWE,steel,2095,recycling,0.9987510496984504
C-WEU-SWE,steel,2095,reuse,0
C-WEU-SWE,steel,2100,downcycling,0
C-WEU-SWE,steel,2100,incineration,0
C-WEU-SWE,steel,2100,landfilling,0.00124895030154973
C-WEU-SWE,steel,2100,recycling,0.9987510496984504
C-WEU-SWE,steel,2100,reuse,0
C-WEU-SWE,wood,2015,downcycling,0
C-WEU-SWE,wood,2015,incineration,0.64
C-WEU-SWE,wood,2015,landfilling,0.06
C-WEU-SWE,wood,2015,recycling,0.3
C-WEU-SWE,wood,2015,reuse,0
C-WEU-SWE,wood,2020,downcycling,0
C-WEU-SWE,wood,2020,incineration,0.64
C-WEU-SWE,wood,2020,landfilling,0.06
C-WEU-SWE,wood,2020,recycling,0.3
C-WEU-SWE,wood,2020,reuse,0
C-WEU-SWE,wood,2025,downcycling,0
C-WEU-SWE,wood,2025,incineration,0.64
C-WEU-SWE,wood,2025,landfilling,0.06
C-WEU-SWE,wood,2025,recycling,0.3
C-WEU-SWE,wood,2025,reuse,0
C-WEU-SWE,wood,2030,downcycling,0
C-WEU-SWE,wood,2030,incineration,0.64
C-WEU-SWE,wood,2030,landfilling,0.06
C-WEU-SWE,wood,2030,recycling,0.3
C-WEU-SWE,wood,2030,reuse,0
C-WEU-SWE,wood,2035,downcycling,0
C-WEU-SWE,wood,2035,incineration,0.64
C-WEU-SWE,wood,2035,landfilling,0.06
C-WEU-SWE,wood,2035,recycling,0.3
C-WEU-SWE,wood,2035,reuse,0
C-WEU-SWE,wood,2040,downcycling,0
C-WEU-SWE,wood,2040,incineration,0.64
C-WEU-SWE,wood,2040,landfilling,0.06
C-WEU-SWE,wood,2040,recycling,0.3
C-WEU-SWE,wood,2040,reuse,0
C-WEU-SWE,wood,2045,downcycling,0
C-WEU-SWE,wood,2045,incineration,0.64
C-WEU-SWE,wood,2045,landfilling,0.06
C-WEU-SWE,wood,2045,recycling,0.3
C-WEU-SWE,wood,2045,reuse,0
C-WEU-SWE,wood,2050,downcycling,0
C-WEU-SWE,wood,2050,incineration,0.64
C-WEU-SWE,wood,2050,landfilling,0.06
C-WEU-SWE,wood,2050,recycling,0.3
C-WEU-SWE,wood,2050,reuse,0
C-WEU-SWE,wood,2055,downcycling,0
C-WEU-SWE,wood,2055,incineration,0.64
C-WEU-SWE,wood,2055,landfilling,0.06
C-WEU-SWE,wood,2055,recycling,0.3
C-WEU-SWE,wood,2055,reuse,0
C-WEU-SWE,wood,2060,downcycling,0
C-WEU-SWE,wood,2060,incineration,0.64
C-WEU-SWE,wood,2060,landfilling,0.06
C-WEU-SWE,wood,2060,recycling,0.3
C-WEU-SWE,wood,2060,reuse,0
C-WEU-SWE,wood,2065,downcycling,0
C-WEU-SWE,wood,2065,incineration,0.64
C-WEU-SWE,wood,2065,landfilling,0.06
C-WEU-SWE,wood,2065,recycling,0.3
C-WEU-SWE,wood,2065,reuse,0
C-WEU-SWE,wood,2070,downcycling,0
C-WEU-SWE,wood,2070,incineration,0.64
C-WEU-SWE,wood,2070,landfilling,0.06
C-WEU-SWE,wood,2070,recycling,0.3
C-WEU-SWE,wood,2070,reuse,0
C-WEU-SWE,wood,2075,downcycling,0
C-WEU-SWE,wood,2075,incineration,0.64
C-WEU-SWE,wood,2075,landfilling,0.06
C-WEU-SWE,wood,2075,recycling,0.3
C-WEU-SWE,wood,2075,reuse,0
C-WEU-SWE,wood,2080,downcycling,0
C-WEU-SWE,wood,2080,incineration,0.64
C-WEU-SWE,wood,2080,landfilling,0.06
C-WEU-SWE,wood,2080,recycling,0.3
C-WEU-SWE,wood,2080,reuse,0
C-WEU-SWE,wood,2085,downcycling,0
C-WEU-SWE,wood,2085,incineration,0.64
C-WEU-SWE,wood,2085,landfilling,0.06
C-WEU-SWE,wood,2085,recycling,0.3
C-WEU-SWE,wood,2085,reuse,0
C-WEU-SWE,wood,2090,downcycling,0
C-WEU-SWE,wood,2090,incineration,0.64
C-WEU-SWE,wood,2090,landfilling,0.06
C-WEU-SWE,wood,2090,recycling,0.3
C-WEU-SWE,wood,2090,reuse,0
C-WEU-SWE,wood,2095,downcycling,0
C-WEU-SWE,wood,2095,incineration,0.64
C-WEU-SWE,wood,2095,landfilling,0.06
C-WEU-SWE,wood,2095,recycling,0.3
C-WEU-SWE,wood,2095,reuse,0
C-WEU-SWE,wood,2100,downcycling,0
C-WEU-SWE,wood,2100,incineration,0.64
C-WEU-SWE,wood,2100,landfilling,0.06
C-WEU-SWE,wood,2100,recycling,0.3
C-WEU-SWE,wood,2100,reuse,0
